Gene Name,Score
ZFR,0.98968375
RPS23,0.9893634
YWHAZ,0.98870647
RPS29,0.9880711
RPS17,0.98767465
UBC,0.9865949
RPS19,0.9864948
YWHAQ,0.986008
RPL23,0.98583084
VMP1,0.98539335
PRKCA,0.9853839
TNS3,0.9845508
SREBF2,0.9845503
UBE2H,0.9844097
SERBP1,0.98397994
GAPDH,0.9824394
SMARCC1,0.9823539
RPL37,0.9819848
SPTAN1,0.9811695
PFN1,0.9811056
PTPRJ,0.98079944
ZCCHC7,0.98000014
RPL11,0.9794214
UBA52,0.978787
WDR70,0.97877216
TPX2,0.9780797
RPL6,0.97705096
USP22,0.9765227
UBE2D3,0.97617346
RPL19,0.9761686
PTK2,0.9758531
RPL32,0.97539014
SLC25A3,0.97539014
PTMA,0.9745077
SLC7A5,0.974183
ZNF207,0.9720489
TMBIM6,0.9715977
SLCO3A1,0.96943307
TRPS1,0.9691644
USP34,0.9685688
SSBP3,0.96822083
SEMA3C,0.96783274
UBE2K,0.9674251
USP48,0.9674077
RPLP2,0.9671864
TRIM28,0.96696156
RPS11,0.9665227
TNRC6A,0.9657372
RPS5,0.9640036
RAN,0.9639233
SSH2,0.96287537
UBAP2L,0.96174467
RTN3,0.960972
VAV3,0.9601343
UBAC2,0.9590661
UST,0.95884305
UBR4,0.95853984
WDR1,0.95777136
TNPO1,0.957582
WASF2,0.95584714
USP9X,0.9557322
VDAC1,0.9555042
RPSA,0.95499694
TRA2B,0.95475006
SAE1,0.9529389
NFIA,0.9518765
SBF2,0.9514298
RPS12,0.9512745
TOMM20,0.95013046
WAC,0.9496652
RPS15A,0.94873667
PPP3CA,0.94800615
XPO6,0.94750684
SPTBN1,0.94705343
HNRNPC,0.94683397
MYO10,0.94616306
SRPK2,0.9452464
YWHAG,0.9441325
RPS27,0.9438971
RERE,0.94352794
TULP4,0.94332576
SRSF11,0.94317
PSAP,0.9431693
SRP9,0.94265354
RPS16,0.9420649
TRAP1,0.941765
PPP6R3,0.9417076
PALLD,0.94158053
UCK2,0.9413085
VIM,0.94094414
RPL7A,0.94064796
HSPA8,0.9399537
UBE2R2,0.9396574
TUBA1C,0.9382904
RPS27A,0.9380108
ZNF131,0.936979
VCL,0.93670005
UBE3C,0.93632835
RBFOX2,0.9360252
SLC2A1,0.9358471
SRSF1,0.93468136
VCP,0.9345316
TPM1,0.93356687
RPL23A,0.93292385
USP10,0.9315547
PDE7B,0.9313929
SGMS1,0.93109
TRAPPC9,0.9293776
SIK3,0.92920166
HNRNPA1,0.92797357
UBE4B,0.9274499
STT3B,0.9266963
PTMS,0.92641336
SNRPB,0.9262984
TPD52,0.9262633
EEF1A1,0.9261341
RCC2,0.92610925
RPS18,0.9259105
ZNF638,0.92585343
RTN4,0.92537475
TBC1D5,0.9246276
NCL,0.92328936
PDE1A,0.9222361
SLC39A1,0.9218314
RBM39,0.92167383
NAP1L1,0.92141116
TUBA1A,0.9206533
YEATS2,0.9197677
UBE2E1,0.918362
SH3RF1,0.9183013
SLC25A5,0.91745335
PLEC,0.91730225
TARDBP,0.91686124
SPIDR,0.9145603
SLC7A11,0.9137973
TANC1,0.912609
WDR33,0.9116595
PARD3,0.9114989
VGLL4,0.9110461
TBL1X,0.9101397
TRIP12,0.9098537
SPATA5,0.9090498
SSBP2,0.90875596
RPL28,0.90852594
RNF220,0.90723944
RPL10A,0.90658975
TMPO,0.9063158
TUBB4B,0.9058069
SEC11A,0.90555775
PTBP1,0.9050512
NIPSNAP1,0.9032549
SRSF4,0.9032477
POLA1,0.9031544
UBE2G1,0.90232015
PIP5K1A,0.90223604
TBCD,0.90118116
SERPINH1,0.8997429
MDK,0.8994087
UQCRC2,0.8988942
SCMH1,0.89862674
RDX,0.89839745
TFDP1,0.89713347
YWHAB,0.89654034
SF3B3,0.8964914
TBC1D4,0.8959268
SH3PXD2A,0.8951459
TRERF1,0.8949939
UGP2,0.8949081
SPIN1,0.89488137
ZFAND6,0.89477795
STRN3,0.89361393
SLC3A2,0.8920974
STK24,0.89143336
RPL26,0.8912066
FTL,0.89054376
WDR6,0.88965267
SYNCRIP,0.8895522
SUPT3H,0.8894501
SF1,0.8893217
SNX5,0.8887014
PAICS,0.88803506
SRSF10,0.8877063
STIP1,0.8875549
RPL29,0.8864994
UTRN,0.88558865
USP25,0.88546604
SPTSSA,0.88494456
UQCRH,0.884579
USP32,0.8836884
SNRNP200,0.8836864
EEF2,0.88217866
RPL35A,0.8818199
UBE2Z,0.88173205
RPS6KA2,0.88147277
RHOBTB3,0.88091934
RSRC1,0.8802925
TRAF4,0.879282
RBBP4,0.87866753
TMOD3,0.87846684
RALY,0.87797
ZNF462,0.877815
SURF4,0.8771434
VAPB,0.8771146
SRPK1,0.8770447
XPO5,0.8756584
TNRC6B,0.8755557
UQCC1,0.8746142
ZNF544,0.8738988
TAOK1,0.87343276
RPN2,0.8714415
VPS53,0.8702015
TCERG1,0.8700293
SMAD6,0.8700079
ST3GAL3,0.86980635
RBMX,0.8696149
WLS,0.869403
SMG6,0.86872804
NR3C1,0.86870784
ROCK2,0.8683882
VAT1,0.86809707
VASP,0.8672619
SKP1,0.86613184
XPOT,0.86544555
YBX3,0.8654453
YTHDF2,0.8651127
TRMT11,0.8646914
TGFBI,0.86468494
TRPC4AP,0.8635518
RPL27,0.8630887
SCARB1,0.86281115
RASAL2,0.861501
PRDX1,0.86134446
PKP4,0.86118984
TRAK1,0.8607588
UBE2G2,0.8604101
WDR82,0.86036944
STK39,0.8592957
WBP11,0.8587941
UBXN7,0.8585433
SH3D19,0.8580521
EEF1G,0.85762054
SUPT16H,0.85753876
XPO7,0.85753685
PSPC1,0.8568529
MBNL1,0.856845
VAPA,0.8558266
PUM2,0.85558176
PDE3B,0.8551033
TNPO3,0.85400385
PHF20,0.8539813
TPST1,0.853773
VDAC2,0.8535093
RAP1B,0.8534545
SUMF1,0.8534389
STAU1,0.85338855
RSF1,0.85322386
POM121,0.85236543
SSU72,0.8522505
RBM4,0.8520533
SHISA5,0.8520464
RPS20,0.85171443
RPL12,0.85074353
RPL38,0.85067177
SRGN,0.8506438
SMC4,0.8502676
SYNGR2,0.8496619
VPS51,0.84940314
YWHAH,0.84940237
TAF1D,0.84904903
TRIM44,0.8483447
THOC2,0.84833914
USP24,0.8482175
SNRNP70,0.84716326
NIPBL,0.84702116
RAD23B,0.8467404
U2SURP,0.84650236
UVRAG,0.84643334
KANSL1,0.8463206
MATR3,0.8462612
UIMC1,0.8462466
HNRNPH1,0.8445206
SLC2A3,0.8443375
GALNT2,0.8437067
RPL34,0.8427876
SLC1A5,0.8426045
TLN2,0.84152555
USP47,0.8410906
SH3PXD2B,0.84081215
SRGAP1,0.84041816
WSB1,0.8403397
TMED10,0.8394569
UBE3A,0.8380091
TNFAIP8,0.8378606
UQCRC1,0.8377187
TRIM37,0.8375642
MEIS1,0.83708507
WDR43,0.83700657
HSPD1,0.8368626
TYW1,0.83679086
UBA2,0.83621067
OBSCN,0.83546245
PTPRF,0.8352677
XRN2,0.8351985
SLC25A13,0.83519197
RPRD2,0.83436656
RAI1,0.83381027
RBM14,0.8337511
SRSF5,0.8336654
RAPGEF1,0.83167726
SRCAP,0.83045906
SRSF9,0.83004487
SREBF1,0.8294063
TCP1,0.82931995
ZNF721,0.82920355
ST6GAL1,0.829003
SLMAP,0.8288844
PSMB7,0.8285972
ZMYND8,0.8278183
XPO4,0.8274099
RAB31,0.82734203
VKORC1L1,0.8272518
STRAP,0.8271838
UBAP1,0.8271772
RPL24,0.82707375
RCC1,0.8270553
UBQLN1,0.8266538
NR6A1,0.8262013
SERP1,0.82529235
MYL6,0.8251659
TUFM,0.8248729
XPR1,0.8246031
SNRPD2,0.8242624
HNRNPU,0.8236669
RCOR1,0.82338727
RABGAP1,0.8220729
TRPM7,0.8218274
PTGES3,0.8217571
SUPT6H,0.8213326
RAPGEF6,0.820997
YME1L1,0.82068586
RPS3A,0.8206007
MRPS27,0.8205483
VRK1,0.82018983
SLC44A2,0.82015914
WDFY3,0.81981355
TXNIP,0.8194125
WDR26,0.8187024
SHMT2,0.81862026
TSEN2,0.8178852
SLC16A3,0.8178149
NHS,0.8173299
SMG7,0.8168573
SDCCAG8,0.81667304
PTBP2,0.81654835
RAB10,0.81650233
SEPHS1,0.8164057
SIN3A,0.81639856
TIA1,0.81616664
RNF216,0.81607527
PRKCE,0.8160608
UHRF2,0.81553215
USO1,0.81538284
OXCT1,0.81529516
TRAPPC12,0.8152937
PRDX6,0.815043
RPRD1A,0.8142131
SRRM1,0.81343234
TUBB2A,0.812921
OAZ1,0.81286323
WDR59,0.81268835
TMED9,0.812643
SENP6,0.8115712
TLN1,0.81136715
SLC7A6,0.8110074
NASP,0.8109737
PDLIM1,0.8108146
PHC1,0.8107314
RFC3,0.8106793
YKT6,0.8104906
UBE2E3,0.80990666
UBE2I,0.8098917
MAT2A,0.8098433
PDS5A,0.8096787
RPL31,0.8094768
SCFD2,0.8083736
TIAM2,0.8076553
HUWE1,0.80719197
SH3KBP1,0.80697584
TTLL12,0.80687124
STX16,0.8065277
WIPF2,0.8064116
TXN,0.8062406
SPAG9,0.80559754
ZNF451,0.80542624
PIP4K2A,0.8053033
SEC24C,0.80497557
STK3,0.80476886
TMED3,0.8047058
SSR3,0.80467993
RPA1,0.80451804
TMED2,0.8044119
TNKS,0.8043157
FTH1,0.80379325
TRIT1,0.8037181
RNGTT,0.8036701
TOB2,0.8035985
ST13,0.8033734
S100A11,0.8033698
HDLBP,0.80319726
UGGT1,0.8030283
USP15,0.80294675
PDE8A,0.8027026
RNPS1,0.80196524
ZRANB3,0.8019419
WNT5A,0.8018633
TJP1,0.80071056
SUN1,0.8001398
GSE1,0.79938465
STC2,0.7986459
RRM1,0.79851216
POGZ,0.79806226
PPP6R2,0.7977075
SPARC,0.7976261
KRT7,0.7971944
TRA2A,0.7971146
RAB3GAP2,0.79655766
SCARA3,0.79650384
ST3GAL1,0.7961369
NUFIP2,0.7960444
MACF1,0.7956515
STARD13,0.7955901
URM1,0.79534537
TIPIN,0.7945166
USP3,0.7944105
TOR1AIP2,0.79377514
THY1,0.7934805
SIL1,0.7930126
RAB5B,0.7928563
ZNF496,0.7925816
ST3GAL2,0.7923371
SOX4,0.7922881
TPGS2,0.7922208
SWAP70,0.79219306
PPIB,0.79195416
ZC3HAV1,0.79147625
SYMPK,0.7913683
TTYH3,0.7908007
SMG5,0.79079556
TUBGCP3,0.79076576
TNFRSF10B,0.79044497
RSL24D1,0.7900858
USF2,0.7898165
RAD18,0.78978515
SNX3,0.7894629
SMURF1,0.7888991
USP7,0.7886608
SF3A1,0.7885264
VAC14,0.78828996
KHDRBS1,0.7878819
UBE2L6,0.7878463
TALDO1,0.78769314
UQCRB,0.7873619
RAB1B,0.7871513
RIF1,0.7871343
MIF,0.78687
PGD,0.7868406
PHF21A,0.78681827
ZNF680,0.7863228
SRSF7,0.7862922
TXLNA,0.7861545
ZBTB7B,0.7860251
PAWR,0.7860121
TACC1,0.7859952
USP14,0.7858937
PSMD1,0.7856097
TNPO2,0.7854861
PDLIM5,0.78508335
RFX3,0.7846944
KPNB1,0.7840956
WDR5,0.7840392
RPS13,0.783787
TES,0.7828864
SUPT5H,0.78271043
TXN2,0.78243476
PHB2,0.7821407
SF3A3,0.7821397
SEC14L1,0.78198564
SUMO3,0.7819165
UBXN4,0.78152895
SSR1,0.7815106
SLC9A3R1,0.7812609
STK4,0.7810526
RPRD1B,0.78099954
WDTC1,0.78076816
MPRIP,0.780755
RYK,0.7803055
SAP18,0.7802878
SP1,0.7802575
SHC1,0.7801978
UBE2O,0.7801215
TIAL1,0.77906483
SNCA,0.7789372
TOP2B,0.7787271
ILF3,0.7785586
TTF2,0.7783261
THOP1,0.77806586
ZNF714,0.7780002
SEC61A1,0.77757454
PABPN1,0.7775552
TFCP2,0.7773894
MYCBP2,0.7769989
STRN4,0.7768396
TTI1,0.7767919
HNRNPD,0.7766503
SRSF6,0.7764646
TNIK,0.7764388
SARNP,0.7763962
JMJD1C,0.7761315
LDHB,0.7758726
IPO5,0.77586365
NEK6,0.775721
SDC2,0.77546066
NUP155,0.7744428
TUBB6,0.7741534
NUP210,0.7740562
SMPD4,0.77377003
PPFIA1,0.7729766
UBA6,0.77291715
MAP1B,0.772533
SNX13,0.7725085
SSH1,0.77243465
ZC3H13,0.7723135
UBE2V2,0.7717671
YTHDC1,0.7711028
WASF1,0.77105504
NUP160,0.77091604
NRIP1,0.7707107
SRGAP2,0.77064997
OLA1,0.77041644
WWC1,0.7703588
ZFYVE9,0.7702803
TEAD4,0.7701633
UBXN1,0.7698285
MBD5,0.76950794
TAF4,0.76933575
TSPAN14,0.76858705
MKLN1,0.76834893
ZFC3H1,0.7681472
POU2F1,0.7681073
SREK1,0.7679696
LAPTM5,0.76781386
ZNF124,0.7675545
RPS7,0.76752067
RANGAP1,0.76701957
SP3,0.7668831
STON2,0.7662163
NCAPD2,0.76615214
ZNF664,0.7659941
ZMAT2,0.7659747
POLR2A,0.7652699
PLEKHA2,0.76499254
SPG11,0.76457185
WDR41,0.7644302
ITGB1,0.7642736
WDFY2,0.76423705
UNK,0.7638659
UBN1,0.76354223
TOMM7,0.76352805
PSMD11,0.7635179
SRRT,0.76341283
ZNRF2,0.76337755
HNRNPK,0.7632836
STK25,0.7631993
NAP1L4,0.7631238
UCHL5,0.76289296
UNC13B,0.7627522
PPP1CC,0.7625887
TTBK2,0.762515
ST3GAL4,0.7620916
TACC3,0.7619495
PPP2R5C,0.76188827
SNRPD3,0.7617555
SKAP2,0.76170236
TAF3,0.76169187
PRKAA1,0.76095027
NPLOC4,0.7607579
VPS25,0.7605413
SKA2,0.7599379
ROR1,0.75982213
SPAG5,0.75964504
MKNK2,0.75963706
SETX,0.7595534
PAPOLA,0.7592372
SMARCA5,0.75922924
PKN2,0.7591565
TNKS2,0.7591432
TFDP2,0.7589185
PFKP,0.758758
TECR,0.7583906
OGT,0.7581772
SH3BP4,0.7581593
SEC16A,0.7581124
SH3GLB2,0.7580082
TAX1BP1,0.75756526
PARVB,0.7575018
TNKS1BP1,0.7573521
TMEM258,0.75708455
PPP2R5E,0.7569704
UCP2,0.75646055
UQCRFS1,0.75602114
SKIL,0.7559116
PCBD2,0.75587994
RBM5,0.7557866
SYNJ2,0.75541526
PRDX5,0.7550825
S100PBP,0.75502175
PAFAH1B1,0.75487345
RACGAP1,0.75485253
SCLT1,0.754582
ZFYVE16,0.75438684
PHC3,0.75412667
SNX8,0.7536584
ZNF587,0.75348777
THAP4,0.75328916
PDXK,0.7532564
PLCB4,0.75309396
HNRNPF,0.75246453
TPCN1,0.7523296
HMGB1,0.75215983
RFX7,0.75206536
NUP205,0.7519322
ZNF586,0.75183296
WASL,0.75182784
PXN,0.75173485
PLAGL1,0.7516908
RASSF8,0.75116116
SEC24D,0.75098985
MRFAP1,0.75059247
OGDH,0.7505686
PRMT1,0.750556
USP4,0.75050706
HNRNPUL1,0.75040084
RSL1D1,0.75039774
TICRR,0.7501272
PRPF40A,0.7499914
VAMP8,0.74999106
MTHFD1L,0.74944097
SYNE2,0.7492021
WBP1,0.7491184
UBFD1,0.74849117
WEE1,0.74840885
RUVBL1,0.74692655
USP39,0.74669224
STIM1,0.7464047
SOS1,0.74561745
YTHDF1,0.7451672
MAD1L1,0.7450942
STOM,0.7450257
PNISR,0.744954
SPPL3,0.7446809
WIPI2,0.7444639
UBR1,0.74427694
SNTB2,0.74386734
TRAFD1,0.7438477
ZMIZ2,0.7438232
EIF4G3,0.7437651
TBC1D14,0.74352354
PDE8B,0.74323845
ZNF592,0.74310553
EIF4B,0.7426972
SRD5A1,0.7423368
PARD3B,0.74225366
RPS21,0.7422299
SAFB,0.7422156
SMCHD1,0.742136
SFSWAP,0.74208915
TMEM50A,0.74177986
PSME3,0.74174595
VPS39,0.7410287
RAB1A,0.7404809
KDM2A,0.73980033
MGST1,0.73955005
USP11,0.73943394
TRIP6,0.7389692
NOLC1,0.7388791
IMPDH2,0.73873353
PPP1R12A,0.7387314
TIMP2,0.7386477
ZYX,0.7385759
NCK1,0.7385608
ZNF195,0.7383984
WDR4,0.7381891
RPL18A,0.7380761
ZDHHC17,0.738054
WDR11,0.7378237
OAZ2,0.73762906
TUBA4A,0.7374502
USP12,0.7374412
WDR77,0.7371381
ZKSCAN1,0.7369169
GPI,0.73690397
SPIRE1,0.73688364
TRIM56,0.73682904
UPF3A,0.73678255
NSUN2,0.73675424
PNN,0.7366345
PKD1,0.736595
SMAP1,0.7365664
WBP2,0.7361985
ZBTB8OS,0.73618454
STOML2,0.7358583
ZNF254,0.7358102
NLK,0.73515517
WDHD1,0.7349339
UCKL1,0.734636
SQLE,0.73451847
PTPN12,0.73451614
PLD1,0.7339103
TGOLN2,0.73384756
WWP2,0.73376024
HNRNPA0,0.7336395
SLC4A2,0.7335054
UBE2W,0.7334899
ZNF90,0.7334464
TDP1,0.73336047
TTC37,0.7333575
VPS41,0.73335564
PMEPA1,0.7333311
SLC39A7,0.7332696
SLC25A24,0.7330232
LRP8,0.73279834
SOD1,0.73238784
SUPT4H1,0.73234445
STT3A,0.7321911
TEAD2,0.7321534
SEMA3A,0.73186094
LPCAT1,0.73176545
STAG3,0.73165023
TAF7,0.73144656
PABPC4,0.7312624
PBX3,0.7309851
RRP7A,0.7309269
USP28,0.7307897
PSMD3,0.7299101
ZNF589,0.7297439
VPS8,0.7296813
PSME4,0.729445
SMURF2,0.72911733
LMNB2,0.72901493
PFN2,0.7288788
SSR4,0.72886103
FOXN3,0.7286603
USP5,0.72862464
SMARCAD1,0.7283148
MFGE8,0.72824574
NUDCD3,0.7282456
ZMAT3,0.7282139
MCU,0.7277271
PEX14,0.72754484
SRP14,0.72749335
STX5,0.7270918
PNRC2,0.7268653
SMC5,0.72677535
OPA1,0.72675794
VTI1B,0.7266576
RABGEF1,0.7266336
PSMD4,0.72649723
RRP1B,0.72623533
UBQLN4,0.72618705
PMF1,0.72617084
NUP153,0.72609013
PRC1,0.72591376
RAB6A,0.7255918
QPRT,0.72511554
PRDX2,0.7246176
PSMA1,0.7241674
SORT1,0.7238535
LMNB1,0.72371703
PACSIN2,0.7236824
MYH10,0.72365856
LRRC8D,0.7235225
SLAMF1,0.7234219
SEC13,0.7230489
PRPSAP2,0.722867
ZNF326,0.72276694
NAA25,0.7226169
UTP6,0.7225539
PRKCSH,0.7222314
NUP62,0.7221506
UBE2M,0.7215584
KRT18,0.72123927
SNRPA,0.72090834
NSMCE2,0.7208835
YIPF4,0.7208386
SSBP1,0.72077405
STX6,0.72075963
LAMA5,0.7206641
SPTLC1,0.72055966
PFKFB3,0.7204561
TSR1,0.71998626
TUBGCP2,0.71998227
SMS,0.71964395
RTCB,0.71937853
SEC63,0.7192968
NNT,0.71912163
SART3,0.7190586
PPP2CA,0.7189837
ZKSCAN8,0.7185503
UBE2C,0.71835804
GTF2IRD1,0.7177309
ZNF678,0.71768725
SPSB1,0.71757174
EFNA5,0.7174779
TTC7B,0.7173815
YAF2,0.71701586
ZNF445,0.7169806
WRNIP1,0.71689934
TRIP10,0.7167002
PFDN5,0.71626824
VPS36,0.7162472
SERGEF,0.71617794
HSPG2,0.71608555
PTPRM,0.71579343
TRIM25,0.7153495
ZNF83,0.7153284
HLA-E,0.7153066
RBM28,0.7152916
TOP3A,0.71525955
PDXDC1,0.715233
PSMB5,0.71515816
MCM7,0.7149659
PSMB1,0.71471983
ZC3H15,0.7146543
GLS,0.7146416
TBC1D16,0.7146308
NDUFA10,0.7146202
ZNF431,0.7144725
SNW1,0.71446514
KIF13A,0.71441656
ITPR1,0.7141409
USP6NL,0.7140954
ZDHHC7,0.7140188
SCNN1A,0.7139156
NUP188,0.71388084
SCAI,0.71374625
PSAT1,0.71356094
TXNDC12,0.71354336
STK35,0.7134039
TSPAN33,0.71326584
IPO7,0.7129465
NUDT21,0.7128451
RSU1,0.71259296
XRN1,0.7125162
SACM1L,0.71249413
ZNF519,0.7120476
RBM25,0.7119681
SLC25A12,0.7119232
TAF6,0.7119065
USP33,0.71179664
STK38,0.71155
POLR2J3,0.71139985
RBM8A,0.71094203
TCF7L1,0.71088475
SUMF2,0.71087384
NACC1,0.7106145
UBE2S,0.7103796
RAB2A,0.7103365
SNRNP40,0.7102767
RUVBL2,0.7100093
NOMO1,0.7099136
TBC1D1,0.70981234
GDI2,0.70977366
PCCA,0.70959777
PDE7A,0.7095329
WDR37,0.7092549
PA2G4,0.7091022
LSS,0.7088315
RBBP7,0.7076671
RIMKLB,0.7076289
HNRNPL,0.70761096
SNAP23,0.70742446
SPTBN2,0.7073427
NCAPG2,0.7071501
VCAN,0.70703524
PCNT,0.70701647
RANBP3,0.70659894
PHF12,0.70659214
SLC11A2,0.7065517
SUGT1,0.70635086
SCP2,0.7059326
RALGAPB,0.7057974
NEK7,0.7057716
VTA1,0.7053555
PPARGC1B,0.70520866
ZNHIT6,0.7048721
TXLNG,0.70474035
SCAP,0.7046452
ZNF219,0.7044859
KMT2E,0.7043789
SPG21,0.70402485
MTA3,0.7037444
MYL12A,0.7037241
EXOC4,0.70343345
PCDH7,0.7033186
RBPJ,0.7029879
SPDL1,0.70292896
PDIA4,0.7025527
RPS6KA1,0.70246357
KDM5B,0.7024141
UNG,0.70234764
POLDIP3,0.70227253
TIMM23,0.702198
PLOD1,0.7021458
HNRNPH3,0.7020814
ZMYND11,0.70178574
PUF60,0.7017207
PRR5L,0.7017205
PAN3,0.70168805
UHMK1,0.70134366
LGR4,0.7010468
ZFYVE26,0.700956
ZNF266,0.7006151
RNF217,0.7005583
STX18,0.70016074
UBE2J2,0.7001091
SLC44A1,0.7000845
ZNF76,0.6998743
ZWINT,0.6998688
PDCD6IP,0.69936615
TXNL1,0.69928694
FADS2,0.69924206
PDGFC,0.6991767
SNRPC,0.69910014
OPHN1,0.69891846
PLOD2,0.69880414
RAP1A,0.6987801
RNF24,0.6986036
TRAPPC10,0.698538
UBXN6,0.69841313
TRAM1,0.6981611
ZNF770,0.6981122
NCKAP1,0.69786674
TEX10,0.69783354
MCM3,0.6977279
WDR75,0.6976702
TMEM97,0.69761664
TRAPPC8,0.6974807
RPUSD4,0.69721806
RC3H1,0.6970541
UNC119B,0.6970481
TBCB,0.69685465
SLC25A17,0.69683635
RNF111,0.69678676
UQCC2,0.6967658
TAOK3,0.69657177
SEC23A,0.69656414
GATAD2B,0.69642025
UNC45A,0.6961118
MARK3,0.6958834
SRP68,0.69541293
SNRPD1,0.6954096
SF3B5,0.6951527
LAMC1,0.69514436
PHKB,0.6950998
UBE2J1,0.69488966
RHOG,0.69487524
SPAG16,0.694716
TOMM34,0.6944682
RFC1,0.6943069
SAP30BP,0.6941995
MELK,0.69411975
HMGB2,0.69407034
PFKL,0.6940293
HNRNPM,0.69397634
SMU1,0.6939293
SPCS3,0.6938869
HIPK2,0.6938156
IQGAP2,0.69361067
PSMA4,0.693586
RPS6KA5,0.69349885
SCO1,0.6933828
PHB,0.6933317
PRPF6,0.69297826
TAOK2,0.69296896
SNX17,0.6927531
RBM15B,0.69249475
LUC7L3,0.6922992
UBE2Q1,0.6922678
TADA3,0.69224954
TAMM41,0.69224864
MYOF,0.69209856
NDC1,0.69208896
ZNF282,0.6920445
TGIF2,0.69203347
THRA,0.69189435
TRIM22,0.69188786
TUBG1,0.6916489
NAA50,0.69156796
VPS37A,0.69152373
TSG101,0.69139665
NBAS,0.6913945
ZP3,0.6913196
ZNF107,0.69121164
STEAP3,0.6909125
ZRANB1,0.6908359
SRF,0.69070774
KIF1B,0.6904021
NRF1,0.6903708
TIMM13,0.6903013
ZNF621,0.69003826
PIK3C2A,0.68967474
TADA2A,0.68964726
GRB10,0.68952173
TIMELESS,0.6895057
SMUG1,0.6894407
SNX6,0.68938196
ZER1,0.68910927
SERPING1,0.6889261
VPS35,0.68886286
PLXNB2,0.6887892
HSPA4,0.688614
SLC25A26,0.68841046
UTP18,0.6883148
PCID2,0.68814164
HSPA9,0.68768203
POLD2,0.6876701
SCFD1,0.6874577
PPP4R1,0.687147
VEGFB,0.687135
NMT1,0.6870547
RUFY1,0.68686247
OXSR1,0.68667877
ZNF33A,0.6866145
TTC27,0.6865387
PTPRA,0.6864937
NUDC,0.6863961
WARS2,0.6863613
GULP1,0.6861528
TMED4,0.68610954
MCPH1,0.68600285
ZNF692,0.6857981
SEC23IP,0.6857612
WDR62,0.68565583
SYNRG,0.6856504
MAST2,0.68564665
PLK1,0.6855092
USP49,0.68531746
UROS,0.68497217
RAB11A,0.6846826
RNF5,0.68465185
RAB11FIP3,0.6845126
GLUL,0.6844559
UXS1,0.6844203
SORL1,0.68427575
MDN1,0.684214
PPA1,0.6841511
ZNF622,0.6840391
NAA15,0.6837332
NFE2L1,0.6835288
PTDSS1,0.68346536
PPP1R14B,0.683432
PELP1,0.68332624
ZFYVE27,0.6832043
MAN2A1,0.6831384
OTUB1,0.68269
USP42,0.6826732
TSC22D3,0.68255633
SAFB2,0.6824772
HNRNPAB,0.6821261
SEMA7A,0.6819923
SNF8,0.68198985
THADA,0.6818714
SOCS5,0.6818129
RAD23A,0.68159294
PARK7,0.6814716
RTF1,0.68132377
RNF38,0.68125176
MED15,0.68119067
DST,0.68114
EIF4A1,0.68109405
UBAC1,0.681055
PTPN4,0.68097156
REV1,0.68096876
SUCLG1,0.6807639
MTHFD1,0.68064517
SCAMP2,0.680566
MPP6,0.6802308
STK38L,0.68011767
RNF169,0.6800459
NUBPL,0.6799151
ENAH,0.6798531
ZDHHC21,0.679574
STX8,0.67943966
TUBB3,0.6794116
PPRC1,0.67937547
ZNHIT3,0.67933124
TM2D1,0.67910373
RAPH1,0.6788698
SPTLC2,0.6786655
RAB3GAP1,0.67862916
SPAG7,0.678539
KPNA6,0.67838085
SV2A,0.67825615
MLEC,0.6778254
HNRNPA3,0.677728
RMND5A,0.6774048
TERF1,0.6773829
LYRM4,0.6772593
PPP1CA,0.6772269
USP19,0.6770476
SHPRH,0.6769387
MNAT1,0.67674714
RB1CC1,0.6766851
TROAP,0.676435
HMGN2,0.67633456
PPIG,0.6762812
SCAMP1,0.6762528
TRIOBP,0.67609537
LSM12,0.6760747
TAPBP,0.6760691
G3BP1,0.6759954
PTCD3,0.67591995
PRPF19,0.67570126
ZNF687,0.6755321
TNK2,0.67543143
PLD3,0.6748263
MARK2,0.6747136
SH3BP2,0.6746424
SMC6,0.6746129
ZNF398,0.6745849
HERC4,0.6744279
PPP3CB,0.6743368
TYW3,0.67424554
PGM1,0.6742233
RASA3,0.6740537
WDR18,0.67400366
RPL7L1,0.6740019
MYBL2,0.67397815
STARD4,0.67379224
MAGI3,0.6735271
SUMO1,0.6734109
PDIA3,0.6733356
HM13,0.67331034
URB2,0.67309827
PRKACB,0.67308027
UBE3D,0.6729317
STRADA,0.67281675
ZNF623,0.67246944
NUTF2,0.6724389
TP53BP2,0.67239
PEA15,0.6723085
ZMPSTE24,0.67227775
SNRPA1,0.6721891
LSM4,0.6720978
SUGP1,0.6720828
RBM17,0.67180943
UBE3B,0.6717979
LRRFIP1,0.671788
ZNF562,0.6716716
NUMB,0.67154205
PRKAR2A,0.6715082
FXR1,0.67150366
IPO9,0.6713594
PSEN1,0.6713038
TIMM17A,0.67127824
TRAPPC3,0.6711125
GOLPH3,0.6710779
ME1,0.67105824
LAMB1,0.6710138
TSN,0.6708629
PRPF3,0.67050666
NEDD4L,0.67023444
RHOBTB1,0.6702131
ULK1,0.6702054
MAMLD1,0.6702013
FLNB,0.67019707
ZNF267,0.670135
ZNF318,0.6694148
UFC1,0.66939807
TRIM14,0.6693878
PPP5C,0.6692796
GOLGA4,0.6692707
HLA-DRB1,0.669249
MED13,0.6692332
HNRNPDL,0.66913104
PJA2,0.6691271
TSPAN5,0.66902995
TAF4B,0.6688503
RNF130,0.6687461
SEMA3F,0.6687037
OS9,0.6684013
TOMM40,0.6679324
EHMT1,0.66782814
PLCL1,0.6678185
TK1,0.66775966
NUDT3,0.6677394
UQCR10,0.6675484
RCL1,0.6675326
USP37,0.6675151
TAB1,0.6674803
MINK1,0.6672119
MTR,0.66711795
MTDH,0.6671155
TDRD3,0.66705644
LPGAT1,0.66703486
RPS6KB1,0.6670313
ZWILCH,0.6670137
NR2C2,0.6670127
TBK1,0.6669381
UTP20,0.66686183
HLA-DPA1,0.66684604
UQCR11,0.6667278
TANK,0.6666514
PSMD2,0.6665682
SHMT1,0.6663091
ZFP36,0.66611737
TGIF1,0.66597015
KHSRP,0.66590106
WSB2,0.66573805
FKBP8,0.6656289
SPCS2,0.6655822
ZNF91,0.6655604
ZC3HC1,0.6655348
ZNF26,0.6653604
TTC21B,0.6652524
PHYKPL,0.6651392
SIN3B,0.6650268
EIF4G2,0.6649666
RAB8A,0.66495776
RBX1,0.6647623
UNC13D,0.66467935
UFM1,0.6646671
TIMMDC1,0.66465765
TBC1D10B,0.6646416
MAML3,0.66463214
POFUT1,0.6643179
ZNF286A,0.66416955
STUB1,0.66404486
ZNF710,0.6638875
SARS2,0.66371185
MEIS2,0.6635128
RPAP2,0.66347224
PLEKHM2,0.6633735
PPM1B,0.66332453
POLR2B,0.6633212
MED27,0.6631558
MAPK6,0.6630226
UNC5C,0.66295326
ZNF791,0.662949
SATB2,0.66286474
SLC35B2,0.66278535
MCC,0.6627772
ZNF700,0.6625523
SEPHS2,0.6623844
SLC12A8,0.6622603
RPE,0.6620439
SHROOM3,0.6620353
MTA1,0.66187745
RGS10,0.66186446
TOX4,0.66178685
YIPF6,0.6616138
RAB5A,0.66148627
SPOPL,0.6614676
PUS1,0.66111636
VPS54,0.6609475
RARS2,0.6608632
TRNAU1AP,0.6608608
YEATS4,0.66083795
IVNS1ABP,0.6606453
TEAD3,0.66053116
PARN,0.66045004
XRCC4,0.6599797
SRI,0.65995574
TRAF3IP2,0.6597934
MICU1,0.6597028
PSMD7,0.6596505
TAF12,0.65943474
TRMU,0.65941995
PANK2,0.65931505
LGMN,0.65924364
PSMA5,0.6590465
PPP1R10,0.65901464
SERINC3,0.6589411
NDE1,0.6589134
NDUFS6,0.6587416
TRAPPC6A,0.6587212
SRM,0.65861243
RNF114,0.65847373
SOAT1,0.65842706
TRIM26,0.6583253
XYLT2,0.65822834
NUSAP1,0.65815043
VPS26A,0.6581256
P4HA1,0.65807605
RIC8B,0.6580291
PGRMC1,0.65801024
TNIP2,0.6579837
ZNF12,0.65792096
UGCG,0.657839
TRPC1,0.65776455
RLIM,0.6576888
SEC22C,0.6576444
SNRPB2,0.6575985
SERINC5,0.6575812
EIF5A,0.65756863
MBTD1,0.6574473
GJA1,0.6574457
SENP5,0.6573076
PPM1A,0.65723425
WDR36,0.6572276
PLCL2,0.6572234
MRPL3,0.6571807
STAMBP,0.6570746
TUBGCP4,0.6570592
PRMT7,0.6570337
SOS2,0.65686315
SCAF1,0.65674007
PYGL,0.65672517
SP100,0.6566548
MDH1,0.6566426
SBF1,0.6565968
RAB5C,0.65644723
VMA21,0.65639794
SIK2,0.65608966
VPS52,0.6558794
RBM19,0.65579796
TAF2,0.6557182
GSPT1,0.655398
THOC5,0.6553274
STARD3NL,0.65523356
WDR3,0.65519947
WDR91,0.6551354
TARS2,0.6551057
KCMF1,0.65481436
S100A6,0.6543903
PPP6R1,0.65376306
MCM5,0.6536487
POLA2,0.6536101
GANAB,0.6535591
MYL12B,0.6533823
SNAPC4,0.65326005
MYO9B,0.65316707
SSB,0.65316385
ILF2,0.6531434
ZNF33B,0.65305585
RANBP9,0.65286386
MORF4L1,0.652328
USP46,0.6522363
TNFRSF21,0.6522149
RNMT,0.6521134
ZNF81,0.6517341
KDM4B,0.65170556
ZNHIT1,0.65169495
OTUD7B,0.65137655
RABGGTB,0.651145
NDUFA4,0.65103525
PUS7,0.6509784
RGL1,0.65089005
SLC7A8,0.65070206
TGS1,0.65068644
SENP3,0.6506799
NOC2L,0.6505643
SEC24B,0.65055305
PFAS,0.65040606
SNAP47,0.65030754
VPS4B,0.6500421
MPDZ,0.64991957
HLA-DPB1,0.6498556
THEM4,0.6497608
NFATC3,0.64975095
ZCCHC4,0.64973897
PAPSS1,0.6496158
TATDN2,0.6495862
MIER1,0.64946896
PDLIM7,0.64936054
VPS26B,0.64918923
UMPS,0.6491747
UVSSA,0.64883876
RGS5,0.64872575
MRPL37,0.6480723
ZNF84,0.64791083
SDAD1,0.64782816
RXRB,0.6476736
PDPR,0.6475707
POLR1A,0.64751637
RNF11,0.6474234
RAB12,0.6473912
SNX4,0.64735866
NOP56,0.6472203
VPS4A,0.64708817
SLC19A1,0.6470315
USP45,0.64697677
HK1,0.6467417
ZNFX1,0.6465658
PES1,0.64644283
PRKAR1B,0.6464072
SWI5,0.6463847
SLBP,0.6463472
SMARCC2,0.6463329
INTS3,0.6462723
MZT2B,0.64622283
SOCS7,0.64616585
STX7,0.6459246
PGS1,0.64589345
TRIM11,0.6456807
ZBTB17,0.6455773
SART1,0.64556426
SEMA4B,0.64529806
SRPRB,0.6452915
NAT10,0.64517945
RAB30,0.6450969
SASS6,0.645076
SEC61B,0.6450022
RAB14,0.6448694
OSBP2,0.6448383
TINF2,0.6446773
PIGL,0.64448404
NPTN,0.64432186
TMEM147,0.6442032
PTK2B,0.64418036
SCLY,0.6441514
IGF2R,0.64407974
SF3B4,0.6438114
ZNF7,0.6435959
TPCN2,0.6435936
RAB11FIP1,0.64358795
NCOA6,0.6435731
GMDS,0.64345944
GLI3,0.6433717
TOB1,0.64334905
MCM2,0.64330554
SEMA6A,0.64319515
SCD5,0.6428104
GRB2,0.64275134
MCM4,0.6425791
SCRIB,0.6425682
STIM2,0.6424869
MAP4K5,0.6424584
POLD3,0.64244896
OTUD5,0.6424247
TRAF3IP1,0.6422289
TRIM69,0.6420165
WDR46,0.6419536
SNX2,0.6419303
SLC30A6,0.6419228
YIPF2,0.641841
HSPA5,0.64141876
RALGPS2,0.6413051
NPRL3,0.6412797
SLC25A25,0.6411998
NOP58,0.6411019
FARS2,0.640973
TMEM11,0.6409442
SYNE1,0.6409336
STRIP1,0.6407559
SNRPE,0.64074963
SEC24A,0.64073074
SSX2IP,0.6407109
HYOU1,0.6406231
SENP1,0.6406216
TTC5,0.6405446
SLC5A6,0.64047134
TCIRG1,0.6402129
REEP3,0.6400917
ZNF3,0.6400605
ZNF248,0.6399001
SLC15A4,0.6398877
XAB2,0.63982403
VRK3,0.6398237
MEF2A,0.639653
TMED5,0.639512
UBE2Q2,0.63945854
NDUFS1,0.6394497
TRIM41,0.6394493
GPR176,0.6392217
MRPS21,0.6391308
SORBS3,0.6391214
PDSS2,0.6390403
GBE1,0.6389531
PDHX,0.6388931
HMGCS1,0.63875926
INCENP,0.6387419
LMO4,0.6387374
MAP3K2,0.6386363
NFX1,0.6385771
PITPNA,0.6385384
PRMT3,0.63841534
PSME1,0.6384043
MAPKAPK2,0.63821197
IP6K1,0.63812804
PSMC3,0.63809943
PYCR1,0.6380939
TBC1D2,0.6378192
TNFRSF1A,0.63781023
PPP1R18,0.6377779
FBL,0.63772297
ORC2,0.6376891
METAP1,0.6376531
TIMM44,0.637625
FBXW11,0.6373092
HECTD1,0.63713825
PSMC5,0.6370448
ITPR2,0.63675314
RFX2,0.63644624
TMC6,0.6363217
ST6GALNAC4,0.63631064
STXBP4,0.63615793
MEMO1,0.6361548
NPC2,0.63609815
SYT7,0.6360234
SDCBP,0.63579035
SMARCAL1,0.6357292
ITCH,0.63568985
ROCK1,0.63554454
DDX17,0.63545364
PDCD6,0.635436
NME4,0.63512033
SGPL1,0.63503677
RANBP10,0.6349104
TBC1D15,0.63475215
TRIM2,0.6347153
STARD10,0.6347111
PELI2,0.6347002
QSOX1,0.63466054
SNAPC3,0.63450724
PPP3R1,0.63438565
MMS22L,0.63429046
SPNS1,0.6342113
NFATC2IP,0.63418
KDELR1,0.63412434
NUP50,0.6341182
SAMD8,0.6340928
VPS11,0.6339532
YARS2,0.6338225
PFKFB4,0.6337958
ZNF337,0.6335881
PPP2R5A,0.63350743
UNC119,0.6334227
RBBP8,0.6332844
MED14,0.6332756
GNAI2,0.63312703
WDR19,0.63308966
PSMB8,0.6330805
PWP1,0.63286346
PIR,0.6324765
UBE2B,0.63245183
KDELR2,0.63241786
PIKFYVE,0.6320058
SKA3,0.6318569
PSMB3,0.63178307
HDAC8,0.63176113
ZNF317,0.6317107
PKN1,0.6317003
RPL36AL,0.6316866
SPHK2,0.63167816
PPM1L,0.63166595
SYVN1,0.63163835
PERP,0.6315609
TSPYL2,0.63153344
PDCD4,0.63140947
RRP36,0.6311139
RAB4A,0.63109905
RNF34,0.63106126
SEC23B,0.630989
RBP1,0.63071555
XYLB,0.6306914
TCEA2,0.6306232
MBD2,0.63057905
POLR3E,0.63054687
SAT1,0.63052994
VPS37C,0.6304246
TMEM63A,0.63041353
RNF40,0.63040245
LSP1,0.63010633
ZNF605,0.63005805
TARBP2,0.6300217
ZNF41,0.6300154
SOCS6,0.6300104
POLK,0.6296744
RANBP1,0.62962043
TWF2,0.629598
TRIM38,0.6295861
TMEM132A,0.6295812
RFX5,0.6295494
SLAIN2,0.6295006
TYSND1,0.6294799
PPIF,0.6294293
EIF3H,0.62941504
NDST1,0.629304
SGPP1,0.6290412
TNFRSF1B,0.6289994
OXNAD1,0.6289324
SECISBP2,0.6288522
TMEM214,0.62879556
SMAD7,0.6287458
ZNF160,0.62872493
OSBPL1A,0.62869436
KIF4A,0.62866044
YOD1,0.62843996
TBPL1,0.6284331
STXBP3,0.6283739
ZNF197,0.628227
ZNF274,0.62816197
NLRC5,0.6281363
SMCR8,0.62811613
NHP2,0.6280475
RBBP6,0.62803096
PGAP1,0.6280155
TERF2,0.62798506
PFKM,0.627974
EIF3L,0.62793374
IFI44L,0.6278429
LONP1,0.62761366
FRAS1,0.6274999
TSNAX,0.6274584
SFI1,0.6274306
PRPS1,0.62732595
SH2B1,0.62719125
VCPIP1,0.6271497
UBXN2A,0.62699765
DIAPH3,0.6269542
PRMT5,0.6268867
TERF2IP,0.62682724
PEX19,0.62677217
PRDX3,0.62675077
PLEKHG3,0.6265871
TBC1D13,0.6265569
SEC62,0.626309
NDEL1,0.6261453
UQCRQ,0.6260442
ZNF264,0.62601703
PI4KA,0.6256927
NDUFV1,0.62565565
RRP8,0.6255176
RFFL,0.62544984
NFYC,0.6251433
KRT19,0.6250837
PSMD8,0.6250198
MDC1,0.6249804
TBC1D7,0.62488115
ZNF768,0.62485796
ZBTB33,0.62459695
FDPS,0.62438375
MGAT5,0.62435734
MTMR12,0.624319
RNF41,0.6237538
RCOR3,0.6236648
TAF5L,0.6235895
SMYD4,0.62351024
SIAH1,0.6231415
SERPINB6,0.62311983
PTTG1,0.62311065
MAP3K4,0.6230412
MRPL51,0.6229702
PIGU,0.6228669
NES,0.6227039
LMO7,0.62253165
STARD8,0.622523
EIF4G1,0.6224573
ZDHHC9,0.6224481
SLAMF7,0.6223841
RALGAPA2,0.62233317
NUS1,0.62216896
UNC93B1,0.6220732
NUDT5,0.62206954
YIF1A,0.6220465
RHOQ,0.6219888
WDR35,0.62191725
SGSM3,0.621638
POLR3H,0.62155783
DAB2,0.6214145
SIKE1,0.62137264
MAU2,0.6212945
ORC5,0.62125707
SIPA1,0.6210849
TRUB2,0.620991
SEH1L,0.6209378
RRAGA,0.6209038
PKP2,0.6208679
REPS1,0.6208313
ZNF100,0.62069094
PNPT1,0.6206808
PSMB4,0.62067634
ZNF841,0.6206265
KANK1,0.6205556
ZYG11B,0.6205346
TFB1M,0.6204463
PSMD12,0.62033916
SLC9A1,0.6201443
PCGF3,0.62012535
PDHA1,0.6201181
RUSC2,0.62008935
HSD17B4,0.61998284
TOLLIP,0.61997265
TOP3B,0.6199139
SCYL1,0.61987
PAIP2,0.6197727
PIP5K1C,0.61971146
NDUFAF2,0.6196654
TCF7,0.6196612
SERPINB9,0.6196439
PLA2G4A,0.6195438
PPL,0.6194984
UAP1,0.6194783
THUMPD1,0.619462
TMED7,0.6194065
UBE4A,0.61934197
EEF1D,0.61932737
VAMP2,0.6192772
MSL2,0.6192728
TCTN3,0.6191551
RBM42,0.61914897
HLA-F,0.6191383
PRPF4B,0.6190986
MAPK14,0.6190968
FOXK2,0.6189658
NCOA7,0.61892694
METAP2,0.6188588
TRAPPC11,0.6185823
RASSF1,0.6185636
RAP2A,0.6185533
STX17,0.6185013
ZKSCAN5,0.61842173
SUPT20H,0.6183575
ZNF783,0.6183212
MBD3,0.6183093
KNTC1,0.6182645
PIGK,0.6182555
PDCD10,0.61823195
STX2,0.61821336
ZNF708,0.61819446
TTK,0.61808723
KIF11,0.6180162
KIF22,0.61796886
RARG,0.61794627
TXNRD2,0.6176756
FADS1,0.617523
TUBGCP6,0.6175011
LARS2,0.61746186
NDUFAF6,0.61746055
UBE2F,0.61731577
PHC2,0.6172759
RNASEH1,0.61684465
MAPRE1,0.6168415
RAB11B,0.61683637
SPINT1,0.616826
RER1,0.6166503
ZNF566,0.616647
TRAF6,0.6166251
RBBP5,0.6166084
PREPL,0.6165221
PBX2,0.61634314
SSBP4,0.61632526
FAM13A,0.61621547
G3BP2,0.61612815
FSCN1,0.616102
USP20,0.61597216
ZNF526,0.6159549
ZNF430,0.6159488
PLXNB1,0.61592174
ODC1,0.6157751
NLN,0.6156125
IFI30,0.61560416
PLAA,0.6154747
PSMA7,0.61545867
MRPS16,0.615432
HK2,0.61533976
PEF1,0.6152952
PARVA,0.61526006
STARD3,0.6152468
PAK4,0.6151633
PRR12,0.6151188
ZNF500,0.6150848
SLC12A2,0.61500686
PMPCB,0.61480314
SEMA4C,0.6147895
SMC2,0.61475646
TFB2M,0.6146796
SLC35E3,0.6145039
UBA5,0.6144291
ITPR3,0.6143217
PDHB,0.6142812
TDP2,0.61413604
ERGIC1,0.6140501
PRCP,0.6140169
LARP4,0.61381596
RPA2,0.6136761
PFDN2,0.6136293
HADHA,0.6136112
IP6K2,0.61357665
SEC22A,0.6135102
KLHDC3,0.6134089
UGDH,0.613399
LDLR,0.61302346
RNF7,0.61295897
NUP133,0.6126464
UROD,0.6125851
PRPF38A,0.61253875
GALNT1,0.61253524
NCBP2,0.6123886
GIGYF2,0.61236596
WDR55,0.6121469
FKBP4,0.61208946
RAD54B,0.61199015
PANK3,0.61185825
RRN3,0.61184067
TNFRSF12A,0.61181325
PPP2R5D,0.6117416
PPIL4,0.6116839
RPL22L1,0.6116567
ZNF561,0.6116166
EEF1B2,0.6114004
PSMF1,0.6112908
NPNT,0.61122495
SRP19,0.6111841
EDIL3,0.61117494
VPS37B,0.6109478
STK36,0.6108894
TUBD1,0.6106005
NCAPG,0.6105436
ZFP90,0.6104572
NEK9,0.610378
SPAST,0.6102914
VAMP3,0.6102033
TFAP4,0.61002177
SAMM50,0.60999006
MID1,0.60996383
KIF1C,0.60982525
TRIAP1,0.60974383
MCMBP,0.6096843
ZNF43,0.6095433
RBCK1,0.60936135
PRKX,0.6093343
PTPN9,0.6092401
FAU,0.6090956
VGLL3,0.60905814
PSMC1,0.6090535
RHOT2,0.6089721
SYF2,0.608958
DPYSL3,0.6087518
RAD51AP1,0.6087183
UBL4A,0.60865116
LSM2,0.6085984
NVL,0.6085938
GPD2,0.6085723
USP16,0.6085114
PKD2,0.60842794
TBL3,0.60832506
UBA3,0.6081972
UBIAD1,0.6081567
PTGES2,0.60813075
ZNF320,0.6081274
SKAP1,0.6080335
UBL7,0.6080202
TBP,0.60801965
VIPAS39,0.60797924
NEK1,0.6078054
MAML1,0.6076779
PLA2R1,0.60760415
FER,0.60750777
PSMB6,0.6074712
UBQLN2,0.60738677
JUP,0.60738206
NINL,0.607356
ZNF738,0.60734665
TOPORS,0.60731846
LCLAT1,0.6072875
PPARD,0.6072818
RPS26,0.6072481
PPP4C,0.6070463
SLC25A38,0.60704005
SUN2,0.60694784
GTF3C1,0.6068766
SKIV2L,0.60684884
THAP11,0.6067396
PPIP5K2,0.6066175
PRKRA,0.60655147
IGFBP4,0.6065338
MTF2,0.606496
WDR45,0.6063356
TBC1D20,0.60620254
TBC1D32,0.60618573
ZNF808,0.6061663
GABARAP,0.6061465
TBCEL,0.6060747
WASF3,0.6060034
HMGN1,0.6059344
TIPRL,0.60592556
POLR2L,0.60578936
NUCB1,0.60574514
RHOBTB2,0.6057392
RRM2B,0.6056792
VANGL2,0.6055962
TAF1B,0.60558385
PPAT,0.6054653
TNFRSF11B,0.6054237
TPD52L1,0.60540825
MTX2,0.60536903
RASA2,0.6053262
GOLIM4,0.6051934
HNRNPH2,0.60514444
LBR,0.6049736
IL32,0.6047798
TTF1,0.6046741
RORA,0.6046662
SPRED2,0.6046339
MEX3C,0.60461074
KPNA2,0.6043168
MYO9A,0.60429734
ZNF189,0.6042191
HTT,0.6042187
POLE3,0.604138
MRC2,0.6040897
PIF1,0.6040474
RHOT1,0.603985
RHNO1,0.6039539
NOL10,0.6039067
USP21,0.6038895
PATL1,0.60388297
PSMC2,0.6038446
RAB18,0.60372686
MADD,0.60366046
NPHP4,0.60364157
RNF168,0.60352165
HEG1,0.6033902
LPXN,0.6033895
RRP1,0.60334367
KIF2C,0.6033161
NDUFB5,0.60328186
PTGFRN,0.6032373
MSL1,0.6032182
SMDT1,0.60319555
TRMT1,0.60316193
GATAD2A,0.6031277
LRRC41,0.60309744
RCOR2,0.60304064
MAPKAPK5,0.603028
TBC1D24,0.60275704
FNIP1,0.6026796
ZNF300,0.60265493
PIH1D1,0.60255724
EXOC6B,0.6023971
MXRA8,0.60229164
PYCR2,0.60225374
PCCB,0.6021927
SRA1,0.6021735
TBC1D17,0.6020802
RFC4,0.6019532
ZNF670,0.6018199
SUV39H2,0.60178775
NBEAL2,0.6017487
SPN,0.6016255
GOT2,0.60150373
SENP2,0.6014938
TUBGCP5,0.60147005
EIF3D,0.6014683
NUP88,0.6014109
TRIM13,0.60118455
MRPS6,0.60104036
SEC61A2,0.6010223
TRAIP,0.6009872
PPIL1,0.6007961
ME3,0.6006306
SYDE2,0.6006036
RUFY3,0.600562
POLL,0.6004021
RCN1,0.60017926
RPL17,0.6001597
RFC2,0.60002047
LIMA1,0.5999887
PREB,0.5999359
OSMR,0.5998892
EIF4H,0.5996282
TMEM126B,0.5996259
LAMP1,0.5994837
TPK1,0.5993839
POLR2G,0.59938204
TAF11,0.5991932
IMMT,0.5991737
SUPT7L,0.5991184
TRAPPC4,0.5991043
KCNAB2,0.59909254
MRPL11,0.5990606
SLK,0.59904176
TAB3,0.5990233
SPPL2A,0.59898573
MTA2,0.5988103
HINT1,0.5986425
GLO1,0.59861726
MAGT1,0.5986148
RND3,0.5985613
TRAPPC5,0.5984612
PGAP2,0.5983653
LTBP1,0.59830177
PHF8,0.598251
MYBBP1A,0.5982079
RRAGD,0.5981445
FARP1,0.59809947
ZNF529,0.5980816
POLR3A,0.59803617
PSMD9,0.59801674
ZNF227,0.59800905
ZNF44,0.59795904
SORD,0.5979035
NELFB,0.59775794
TCEA3,0.59771234
GLG1,0.5976446
RAB11FIP4,0.59762084
ZNF766,0.5976044
PURB,0.597566
TXNDC16,0.59744245
PPP1R12C,0.5974063
TOR1A,0.5974038
ZNF143,0.5973286
MOB1A,0.5973151
RHBDD1,0.59726924
PPP1R16B,0.59726316
MOCOS,0.59709376
NUP107,0.59709287
ZNF780B,0.5969188
UBE2D1,0.5967327
PYGB,0.5966842
HSPA1A,0.59664935
REEP5,0.59658724
PLSCR1,0.5965585
ZNF649,0.59642655
MED24,0.5963664
PAXIP1,0.5962879
UCK1,0.5962668
HERC2,0.59613943
RNF138,0.5961373
KPNA4,0.5960434
LYPLA2,0.5959651
NCAPD3,0.59592587
MMS19,0.5959209
MTUS1,0.59585476
NRBP1,0.59580547
ERP29,0.59571105
TAF8,0.5956684
RGS12,0.59566253
INTS10,0.5956011
COL5A1,0.59549075
ZW10,0.595461
SPSB3,0.59537697
ZDHHC8,0.5953648
MRPL45,0.5953275
PREX1,0.5952902
NARS2,0.5952268
MRPS5,0.59521323
MPP5,0.5951277
SEL1L,0.59505594
PMPCA,0.5950022
THOC1,0.5949682
MTMR2,0.594948
PRKAG1,0.59492517
NEDD8,0.5949079
ELOVL5,0.5948337
HSPB1,0.59481007
UTP14C,0.594808
KDM4A,0.59474677
TM7SF2,0.59473354
RNPC3,0.5947123
SYNJ1,0.59470206
ENSA,0.59464926
REXO4,0.5946199
ZNF133,0.5945701
PTDSS2,0.5944923
TEX264,0.5944142
TRIM32,0.59423393
PGM3,0.5940528
NR2F6,0.59390676
PRKRIP1,0.5939038
ZNF101,0.59389424
THOC6,0.59388256
QRSL1,0.5937008
HS2ST1,0.5935811
MFN2,0.5935727
SLC27A5,0.5935667
HCFC1,0.59354085
KIF21A,0.5933968
ORC4,0.5933243
ETF1,0.5932932
TAF9,0.5932294
NFIX,0.5931011
SPRY4,0.59305584
ZNF423,0.5930312
PTPN23,0.59276915
IPO11,0.5927446
ZNF335,0.5926549
UBE2T,0.59254724
ZNF607,0.59250426
PLEKHA8,0.5925026
TIMM17B,0.59241664
OSBP,0.59233433
RAB9A,0.59232134
PIK3R4,0.5923194
POLR2H,0.5923009
SDC1,0.59210306
PCGF5,0.59204704
SH3GLB1,0.5918603
MED28,0.5918599
MBOAT7,0.59182626
HMGCR,0.59176993
GGA2,0.5917254
TICAM1,0.59172285
SAV1,0.59163094
TFAM,0.5915451
PNP,0.5914237
TRIM62,0.5913445
KIFC3,0.59129363
ZNF250,0.59127015
ZNF814,0.5912609
INO80,0.59122324
GOLGA3,0.5911567
OSBPL5,0.59114563
NDUFV2,0.59102184
RAB2B,0.5909521
PTP4A3,0.59085625
SLC6A9,0.59084463
SLC26A6,0.59082615
VLDLR,0.590777
PLCE1,0.5906836
DIAPH2,0.5906593
NSFL1C,0.59062177
SH2B2,0.59058195
PSMB9,0.59054303
NPAS2,0.59047496
RAD1,0.5904476
IQCB1,0.5904016
RNF2,0.5903842
PRPF40B,0.5903522
YIPF1,0.59035003
ZNF212,0.5902412
NEIL3,0.5900313
KDM3B,0.58998996
RAP2B,0.58974105
STX4,0.5897378
MIDN,0.58973444
TAGLN,0.58968973
ZSCAN32,0.58955014
SLC35B1,0.58949584
VPS28,0.5894506
PEX5,0.58942765
EIF3B,0.58933306
TRO,0.58921444
WDR48,0.5891791
SURF6,0.589105
PPP2R1B,0.58889365
ZNF235,0.58881223
NSA2,0.5886114
TELO2,0.58859444
MYO1C,0.5885403
KPNA3,0.58851683
PI4KB,0.5885166
SMAD1,0.58843225
IREB2,0.588412
HERC1,0.58832383
RASSF2,0.58813745
ZNF440,0.5880983
IARS2,0.58807045
ZNF510,0.5880168
RRS1,0.5880152
UNC5B,0.5877586
TCTN1,0.58775723
TADA1,0.5877196
RUSC1,0.58767456
FMNL2,0.58743817
ZNF45,0.58742625
ZNF677,0.5873977
TAF1C,0.5873202
MAEA,0.5872207
HSD17B12,0.58715767
LIMD1,0.5870814
RBL2,0.58703345
ZSWIM7,0.5870306
ZNF460,0.5869757
LMAN2,0.5869742
RAB27A,0.5869393
ULK2,0.5869016
REXO1,0.5868756
RPAP1,0.58667666
NAA38,0.58665794
RNF123,0.58665
RIC8A,0.5865879
UPRT,0.5865819
ZFPM1,0.5865531
IQGAP3,0.58654153
KHNYN,0.5863576
VPS18,0.586121
NELFCD,0.586038
ZNF480,0.58597374
NAA35,0.5858211
RAB21,0.5857984
NAB1,0.58578396
PANK1,0.5857225
ZNF557,0.5856343
EIF1,0.5856043
ZNF224,0.58559793
ISYNA1,0.58555746
ZNF548,0.58548677
LIMS1,0.5854022
POP7,0.5853892
MAP3K11,0.5853824
SIRT1,0.585358
POLR3D,0.58528674
RPIA,0.5851384
RAB34,0.5850943
RBM34,0.5850573
UCHL3,0.58496064
KCTD3,0.58493507
NRP2,0.58483714
RELA,0.5848026
WRAP53,0.58479166
ZNF394,0.58477527
MKRN1,0.5846684
TIAM1,0.58461446
RAB8B,0.58460534
RHOB,0.5844742
YIPF5,0.58441967
GRSF1,0.58432895
PIGT,0.5842566
RFC5,0.5842351
RNF185,0.5841594
SMYD5,0.58415514
MRPL10,0.58414626
TJP2,0.58407944
TNFRSF10A,0.5840607
SAR1B,0.5840122
FKBP1A,0.5840117
MCM3AP,0.58396494
IMPA2,0.5839642
MGRN1,0.58394027
ORC3,0.58390003
TWF1,0.58388084
PRKAB2,0.58381444
MSH5,0.58381426
SNAPC5,0.5836979
PDE4A,0.58362955
ZNF10,0.5835158
ZNF485,0.58349943
ZNF473,0.5834825
PIGG,0.58338624
IRAK1,0.5833798
PLXNA2,0.58328664
EIF4EBP2,0.58327806
DENND1A,0.58327734
RAD9A,0.5832359
NMD3,0.5832161
MAF1,0.5831768
POLR2C,0.58299387
FBN1,0.5829718
NAPA,0.58294564
GOLGB1,0.58292544
PEX2,0.58289254
GART,0.58287334
MAP4K3,0.5828316
HSF1,0.5827766
RCHY1,0.5825818
TMEM70,0.5825453
MYADM,0.58241147
SLC25A28,0.5823857
PRKCH,0.5822718
TOM1,0.58213115
MLXIP,0.5820877
PISD,0.5820811
RALBP1,0.5820725
POLR1E,0.5820344
MDFIC,0.5819945
ZNF385A,0.58196646
LAMTOR4,0.5818709
INPP5B,0.58168167
LUC7L,0.5816794
UFSP2,0.5815479
HSPH1,0.5814575
NOP9,0.5813523
MAPK9,0.5813041
PHF2,0.5812483
POMP,0.5812458
SPIRE2,0.5811122
UPF3B,0.581008
MAGED2,0.5810042
PQBP1,0.5808908
OSTC,0.5806202
PACS2,0.5806184
INTS7,0.5806071
NBR1,0.58053035
ITGA6,0.58045983
TMED1,0.5803498
MZT2A,0.5803338
MRPS18B,0.58029735
UBLCP1,0.5801002
POLR2D,0.580059
ORC1,0.5800325
TP53INP1,0.58001
RPP30,0.5798425
IPPK,0.5797503
WDR61,0.57973903
MFF,0.5797218
EIF2S3,0.5796708
NDUFS8,0.57957464
HPS1,0.5795166
MX1,0.57945603
ITPK1,0.57942516
PURA,0.5794118
SLC25A22,0.5793085
PEX6,0.57928586
TAZ,0.57926935
GUK1,0.5792617
MYL6B,0.5790823
DISP1,0.5788456
PPP1R7,0.57873505
PEX26,0.5786804
PHLDA1,0.5786748
NCK2,0.5785379
LSM14B,0.57846045
TDRD7,0.57845646
FARSB,0.57844645
UTP14A,0.5783899
CFL1,0.5783546
DLG1,0.5782856
HOXA1,0.5782741
ZIK1,0.57816935
HGS,0.578073
PPP2CB,0.57803774
RMI1,0.57802653
KIF2A,0.5780049
PPIH,0.577996
KIF18B,0.5779946
TBCC,0.57799375
MLST8,0.57795036
MCCC2,0.5777823
TRMT10C,0.5777219
MAN1A2,0.5776405
SGMS2,0.5775057
SHARPIN,0.57741153
MID1IP1,0.5773303
LAS1L,0.5773134
LIN7C,0.5772759
FAM13B,0.5772536
TRMT61B,0.5772506
PPP1R8,0.57723784
ACO2,0.57723534
ACACA,0.57722366
PAIP1,0.577212
ORMDL3,0.5771879
ACAP2,0.5771775
SDF2,0.5771556
PTPMT1,0.57712495
ITGB3BP,0.57695574
FUBP3,0.57692134
TMOD1,0.5768974
MAN2B1,0.57673824
ERGIC3,0.57672113
ACTA2,0.57667965
RNF8,0.57662994
PODXL2,0.5765047
PPP1R15B,0.5764972
AHI1,0.5764666
ESYT2,0.57641685
ARL4A,0.57630104
AAK1,0.5762673
PYGO2,0.5762408
AAMP,0.57623935
CTHRC1,0.5761991
PRDX4,0.5760965
GNAI1,0.5760842
ABCC1,0.5760713
BMI1,0.5760286
RAB6B,0.575995
PHKA2,0.57599264
ADCY6,0.57596445
ABCD3,0.57592064
AK9,0.5759199
ADAM9,0.57591665
ACADVL,0.57589066
LDB1,0.5758843
RPAP3,0.57587475
ALDH4A1,0.57581186
HLA-DMA,0.5757936
ACTN4,0.5757751
MAP3K3,0.5757659
PGAM5,0.575702
CDKN3,0.5756971
PIAS4,0.5756611
PLEKHA7,0.57555974
TIFA,0.5755371
PAAF1,0.5755126
TRIP4,0.57533115
ARSB,0.5753265
AQP3,0.57532066
NSUN4,0.57530963
AGL,0.5752663
SIVA1,0.5752312
AAAS,0.57510376
MS4A4A,0.57508683
AACS,0.57505226
AASDH,0.5750159
ANAPC1,0.57500416
AATF,0.5749724
ABCA1,0.5749694
AASS,0.5749669
ABCC3,0.57496345
NUBP2,0.57495254
GTF3C5,0.5749443
ODF2,0.57493514
AARS2,0.57491314
RNF20,0.5748959
ABCG1,0.5748676
ABCB6,0.5748456
ABCA2,0.57483983
PPP3CC,0.5748327
ABCF2,0.5748139
A1BG,0.5747724
ABCA7,0.5747698
ABI3,0.57475305
RNF19B,0.5747264
ABCB4,0.57464546
ZNF420,0.5746325
CAPN5,0.57460916
ACER3,0.574564
ADAM23,0.574556
SATB1,0.5745303
ABLIM2,0.57452065
LSR,0.57449645
ABCE1,0.57449275
ABI2,0.57448065
ADORA2B,0.57446545
ZNF593,0.57445854
ORAI2,0.57439274
ACAA2,0.5743891
PLXNA3,0.57434225
ABCD4,0.5743153
ACAP1,0.5742916
ACP2,0.5742776
ACO1,0.57426906
ABCF3,0.57425547
DIDO1,0.57423973
ATP6V1C2,0.5742245
CCNYL1,0.5742178
ACADM,0.57421744
C1GALT1C1,0.5741781
ABLIM3,0.57415587
AASDHPPT,0.57408696
NKIRAS2,0.57407534
ARL16,0.57403374
ACOX1,0.57401484
AGPAT4,0.5740054
ACOT4,0.5739852
NCAPH2,0.57394373
NDUFB9,0.57392794
ALG11,0.57390803
MAP2,0.5738828
ABHD12,0.5738459
ABI3BP,0.57383436
PDRG1,0.57382363
COMMD8,0.57381237
ACLY,0.57375836
EPB41L2,0.5737534
PLCB3,0.57375
MBOAT2,0.573711
SLC12A9,0.57365805
TECPR1,0.5736384
CAB39L,0.57355785
PITPNM1,0.5735558
ACADS,0.5735156
ACOT8,0.5735152
ME2,0.5735132
QDPR,0.573505
MRPL34,0.5734774
ACSL5,0.57347685
ACVRL1,0.57343286
TRAPPC2L,0.5733989
ACIN1,0.5733725
SPATA13,0.57335603
BNIP1,0.5733373
SNRNP48,0.57333386
NDUFS2,0.57330155
ANPEP,0.5732707
PSMB10,0.5732416
ALDH9A1,0.5732382
PPIL2,0.5731781
ACBD3,0.5731737
ACAD9,0.57312065
ADAM12,0.57311517
AGAP2,0.5731051
AOC3,0.573035
ADAM10,0.5730166
HDAC3,0.5730068
TRAPPC6B,0.57299554
GTF2F2,0.5729137
CELF1,0.5729121
ACSL1,0.57290155
ADAM15,0.57290107
MAP2K5,0.5728985
NOP10,0.5728535
UFL1,0.57285124
INTS8,0.572845
TRMT5,0.5728086
MAVS,0.5727374
PPP1R15A,0.5727279
C15orf48,0.5727245
NDUFA1,0.5726678
ABCF1,0.5726404
ACOT13,0.57262754
CHST1,0.57262677
ACVR2B,0.57262284
ADAT2,0.57261306
ANTXR2,0.5726036
SHCBP1,0.5725807
AGRN,0.5725682
ACAD8,0.572561
ADIPOR2,0.5725594
ALDH1A1,0.57254755
ADD1,0.5725304
ADPRM,0.5724978
ABR,0.5724597
INO80E,0.57242894
AGK,0.57241327
ACAT1,0.57239026
RNF31,0.5723728
ACOX3,0.57236195
ALG10,0.5723257
ZNF691,0.5723161
ACAA1,0.57230544
ACYP1,0.572249
P2RY6,0.5722329
ACOT2,0.5722297
ACSS2,0.5722233
AHCYL2,0.5722019
GCNT4,0.5721832
ALDH16A1,0.572154
CDK20,0.57215357
ABTB1,0.57213855
AGPAT5,0.5721034
ALKBH5,0.5721028
CXCL14,0.57208675
ADAMTS10,0.572066
MOV10,0.57206076
AP4S1,0.5720537
STX12,0.57205135
GTPBP1,0.57204646
POLH,0.5720386
ASB13,0.5720081
ADCY7,0.57198787
GLB1,0.57193387
ACTR8,0.5719278
PRPSAP1,0.57191896
ABCD1,0.57191664
ACD,0.5718881
ACER2,0.5718743
ADRA2A,0.571843
UAP1L1,0.57176924
LMAN1,0.5717392
ADH5,0.57172143
AGPAT2,0.57171
KXD1,0.57169867
ANO2,0.5716952
ATG2A,0.5716817
RRP15,0.5716643
AADAT,0.5716609
CD96,0.5716485
ADSL,0.5716144
POLR2F,0.57159346
FPR1,0.57156974
MMP11,0.5715644
IZUMO4,0.57152444
CXCL1,0.5715167
AGER,0.5715143
LRCH1,0.5715097
ACSL4,0.5715074
ACE,0.571495
AMFR,0.5714907
ACOX2,0.57146364
ALG3,0.5714192
ALG5,0.5713907
ALKBH1,0.5713606
TST,0.57135755
NRP1,0.5713431
ABCB10,0.5712919
SLC1A1,0.571289
PPIE,0.57128865
APBB3,0.57128114
B3GNT4,0.5712762
AK1,0.57127416
ANAPC13,0.57126063
TGFBRAP1,0.5712491
ALDH3A2,0.5712461
FDXACB1,0.57122785
C18orf32,0.57122046
ALDH5A1,0.5712104
ACP5,0.57118773
AKR1B10,0.5711723
BLNK,0.571163
ARL4D,0.57112706
BATF3,0.5710827
ACAT2,0.57105887
COL6A1,0.57105607
AKTIP,0.5710504
MAGEH1,0.57104737
LTBP4,0.5710434
ANO9,0.5709774
ACTR3B,0.5709714
ACTR10,0.57096606
UBOX5,0.57096356
AFG3L2,0.5709607
AKAP10,0.57094884
CD5,0.5709336
NET1,0.57091624
ARSK,0.57090956
APPBP2,0.5708728
RHBDF2,0.57086337
ACTR2,0.5708538
TRIM21,0.57084763
ZNF155,0.57084477
PPP1R9B,0.57081753
ALAD,0.5708096
ARHGAP33,0.5707956
RRP12,0.5707881
C12orf66,0.57078785
ADAM19,0.5707787
BDKRB1,0.5707498
ACSS1,0.5707486
ADAMTS13,0.5707249
DUOX1,0.57068497
ACSM3,0.5706553
ARHGAP27,0.5706331
CD38,0.5706248
ARHGEF4,0.5705632
DCHS1,0.5705415
ALKBH8,0.5705362
AZI2,0.5705338
ATP8B2,0.5705131
ARL14EP,0.5704984
BAMBI,0.57049733
ANKRA2,0.5704805
APRT,0.57048035
ACOT11,0.5704666
APBB1IP,0.57042307
AKR1B1,0.57040435
ANO7,0.5703942
BGN,0.57038593
AIFM1,0.5703697
RTKN,0.57032895
ATP2A1,0.57031953
C2,0.57030505
SCCPDH,0.570299
AP1S2,0.57028496
CLEC2B,0.57027763
ARSA,0.5702767
IL12RB1,0.57023275
KIF20B,0.5702217
ZNF564,0.5702119
RPGRIP1L,0.5701886
ZNF251,0.5701685
ADRM1,0.57016224
ACTL6A,0.57011884
AIMP2,0.5701084
APOC1,0.5700891
OBSL1,0.5700185
ADAM22,0.5700098
NR2F2,0.5699585
ACTR1B,0.5699572
AKAP5,0.5699563
HIPK3,0.56994355
ADM,0.5699404
ALKBH3,0.5699255
ARHGAP31,0.5699232
PSMD5,0.5699218
CXCL10,0.569888
ADAM28,0.56986755
AIMP1,0.5698652
SIRT2,0.5698397
RCSD1,0.56983733
ANAPC15,0.56983614
NAA40,0.56981844
GAB3,0.569802
CARD9,0.56977326
ACTR6,0.56972176
RABEPK,0.5697027
ADD3,0.5696997
ACTN1,0.5696944
RGMB,0.5696914
BLOC1S4,0.56963646
MIA3,0.5696338
CMTM1,0.56962246
ALDH1B1,0.5696211
ACOT1,0.5696041
SLU7,0.5695906
MGLL,0.5695869
ACP1,0.5695751
MRPL20,0.5695681
PELI1,0.5695405
ATF7,0.5695012
ECE2,0.5694841
AKR1C1,0.569482
DYNC1H1,0.5694374
ADAMTS14,0.5694174
CACNA2D2,0.5694003
ADAMTS2,0.5693908
ARL8B,0.56935036
CYP7B1,0.569338
ADAMTS9,0.5693376
PGGT1B,0.5693042
ARHGAP12,0.5692761
ZFP14,0.56925344
HMG20A,0.56921834
SERPINE2,0.56918925
LTF,0.5691813
BATF2,0.56914073
ALS2,0.5691085
ZNF182,0.56909543
PTRH2,0.5690914
CASP10,0.5690906
ASB7,0.5690895
ACTR1A,0.569087
ZNF180,0.5690778
C1orf162,0.56904596
RAP2C,0.5690228
RIPK3,0.569022
C3,0.5690174
HEY2,0.5690067
RING1,0.5689985
HOPX,0.5689722
INVS,0.56897086
ANKRD44,0.56894624
MIS18BP1,0.56889373
ARHGEF6,0.5688892
MOB1B,0.5688864
ADI1,0.56887853
MYH3,0.56887305
YRDC,0.56884724
RNASET2,0.568823
PEMT,0.5688195
CX3CL1,0.5688063
AGA,0.5687906
GPER1,0.5687849
MMP28,0.5687812
ZNF780A,0.5687279
WTIP,0.5687277
AMPD2,0.56871843
AIF1,0.5687147
CAMK1,0.5686977
ADAR,0.56869006
ELOVL6,0.56868917
NAA60,0.56868386
TSSC4,0.568677
DOK2,0.5686655
ST3GAL6,0.56865406
MFSD10,0.5686308
ARHGAP19,0.56862754
ALKBH6,0.5686262
GORASP2,0.56862265
AMOTL2,0.5685977
APH1B,0.5685643
ITGB3,0.56855416
EXOC3L1,0.5685502
ANGPT2,0.5685452
IL1R2,0.5685424
COL6A3,0.56850713
ACOT7,0.5685062
CBX8,0.5684967
LILRB2,0.56849515
POLR1B,0.56849295
MRTO4,0.56846523
ALYREF,0.5684351
CYP27A1,0.5684099
ARHGAP10,0.5683878
FBXW8,0.56838226
ARFGAP2,0.56836015
SMNDC1,0.56834507
NCBP1,0.56830996
AP4E1,0.568309
ATP7B,0.5683
GBP5,0.56827587
RGS4,0.5682693
BAG3,0.5681818
INHBB,0.5681588
CDK3,0.568136
ACACB,0.568131
CCR10,0.5680871
LRIG1,0.5680588
BBS5,0.5680577
ADAMTS1,0.5680377
LRIG2,0.56802976
ASAP3,0.5679993
ADA,0.5679847
ADCY3,0.5679673
ASB2,0.5679283
AMOTL1,0.5679167
ADAMTS12,0.5678991
ARL6,0.5678984
LYPLA1,0.5678908
ATP6V0A1,0.5678684
C6orf120,0.5678668
PHAX,0.5678622
GGT5,0.5678572
TXNRD3,0.5678333
ALG12,0.5678264
DDX39B,0.567826
TBC1D23,0.5678241
SLA,0.56782246
PLS1,0.567781
APOBR,0.56776756
CD2,0.56776494
NDUFAB1,0.56775695
DLL1,0.5677229
ANGEL2,0.5677198
APLF,0.56771576
ACTR3,0.56770885
ARAP2,0.56770396
DUSP8,0.56768036
NLGN2,0.5676799
ANO6,0.56766254
FOXP3,0.56765735
AGFG1,0.56763566
CACNA2D4,0.567629
ADCY5,0.5676097
GBF1,0.5675706
ADAMTSL4,0.5675565
COQ10A,0.56754816
ARCN1,0.5675404
APOOL,0.5675304
ALG8,0.56752473
GNL3,0.5675227
HSPB8,0.56750697
ADAMTS4,0.5674947
VPS33A,0.56747645
ANXA1,0.5674592
CHKB,0.56743217
SRR,0.56740224
ACSF3,0.5673791
KLC1,0.5673469
AKAP8,0.5673412
CD163,0.56733924
BTN3A1,0.56733215
ADAM17,0.5673219
ACADSB,0.5672459
RIOK3,0.56720686
CD1D,0.5671973
PRKCD,0.5671887
BBS2,0.56717134
RPS27L,0.5671709
NUP43,0.5671641
DENND5B,0.56716394
PPP1R11,0.5671633
CMPK2,0.5671618
PER3,0.5671607
DCN,0.56714386
HOMER1,0.56712633
FUT2,0.5671262
ARHGAP4,0.567099
AP5S1,0.56709886
GLDN,0.5670594
NDUFB10,0.5670544
CAPN7,0.5670425
ARHGAP39,0.56703025
ITGB5,0.567001
AP5M1,0.56699455
GIPR,0.5669814
ADCY4,0.5669093
ATP6V0B,0.5669044
AKAP9,0.5668843
FBXO6,0.5668548
HSBP1,0.5668494
B3GALT4,0.5668363
FOLR2,0.56681246
CHCHD5,0.5667896
PPCS,0.56678224
APPL2,0.566774
ANGPTL4,0.56677306
CLDN11,0.566756
RRP9,0.5667514
ALG13,0.56672174
ARNT2,0.5667144
ARHGEF15,0.5667044
ASL,0.5666935
AP5B1,0.566688
ARSD,0.5666639
PARP4,0.56666064
POLRMT,0.5666487
API5,0.566613
BRF2,0.5665958
AP1M1,0.5665851
CDK5,0.5665636
HIVEP3,0.5665574
AMPD3,0.56655157
ANAPC2,0.56650424
ZDHHC2,0.5664867
APIP,0.5664658
ATP2A3,0.5664605
PCK2,0.56643724
ALAS1,0.56643057
CD248,0.56642914
TSNARE1,0.56642026
BIN3,0.5664101
TSEN34,0.5664094
ARPC1A,0.5664041
AKR1C2,0.5663649
MRPS2,0.56635207
ALG9,0.5663491
ANKZF1,0.5663445
ARHGEF26,0.5663434
CFB,0.5663349
ATP13A2,0.56632733
ARHGAP9,0.5663211
CD34,0.566304
QTRT1,0.56630063
AHNAK,0.5662987
AIFM2,0.5662827
MVD,0.5662587
CASP1,0.5662513
ATP6V1E2,0.5662083
HLA-DRB5,0.5662007
ARRB2,0.56617576
AMOT,0.5661407
ARNTL2,0.5661339
BCL7B,0.56611335
ATG2B,0.56610876
HK3,0.56610596
ADAMTS7,0.5661022
CARD6,0.566099
MRPL28,0.5660884
AP1G2,0.5660809
CBX6,0.5660641
AMPH,0.5660558
AMY2B,0.56600726
HLCS,0.5659978
ARF6,0.56598365
CYSLTR1,0.56594294
AUH,0.5658942
ATP6V1A,0.5658826
COL8A2,0.56585664
AMDHD2,0.5658462
LYPD6,0.5657875
AK2,0.5657798
CD6,0.56574523
CCNDBP1,0.565724
CHST7,0.56572056
ASAH2,0.5657194
JDP2,0.5657131
ACTG2,0.56567335
DMTN,0.5656317
AP3D1,0.56562895
APOL1,0.56560564
CLEC7A,0.56558734
MAP2K7,0.56558377
POLG2,0.56557494
ALPK1,0.56555265
ARHGEF40,0.56554806
SUPV3L1,0.56553775
BDKRB2,0.56550664
APBB2,0.5655034
ALOX5,0.5655023
RBM22,0.56548804
PSMG3,0.56548756
NMRAL1,0.56548375
BAG2,0.56547236
C5AR1,0.56545657
AKR1A1,0.5654366
ARL3,0.56541455
ANAPC4,0.5653951
ZNF79,0.56538737
ZNF211,0.56537026
ADCY1,0.5653544
DYNC2LI1,0.56535304
ATP6V0E2,0.5653357
AGPAT3,0.56532717
PCGF2,0.56527734
TMEM179B,0.56527555
ARHGAP25,0.565269
BBS12,0.5652607
DGKD,0.565251
KIF23,0.5652465
NADSYN1,0.5652463
C7orf26,0.5652409
ATP8B1,0.5652369
ARL2BP,0.5652036
ADIPOR1,0.5652019
AFTPH,0.56520087
C1R,0.56519765
B9D1,0.56518996
CIDEB,0.565183
ARHGEF2,0.5651806
PKN3,0.56517965
LTN1,0.56517357
ATG4B,0.56513137
LRPAP1,0.5651236
ALMS1,0.5650535
EVI5,0.56505114
C2orf49,0.56503403
ARHGEF18,0.56503373
AK4,0.5650078
ARHGAP11B,0.5649995
STAP2,0.5649813
RCCD1,0.56496185
PIK3R6,0.5649617
BIN2,0.5649315
CMC4,0.56491864
AP4M1,0.56491536
CHRNB1,0.564912
KCNMA1,0.56490165
ALG6,0.5648954
BFSP1,0.5648714
PLCD3,0.56483424
ECM1,0.56480235
LRP10,0.56480086
MAN1B1,0.56478006
BPGM,0.5647388
COL5A3,0.56471217
NAA16,0.5646751
ARHGEF9,0.5646403
IGSF6,0.564637
ARHGEF25,0.5646078
SEMA4A,0.5646033
ATP6V1G1,0.5645831
LAMA3,0.5645499
ALPL,0.5645452
ADAMTS5,0.5645412
FGD5,0.5645214
AP3M1,0.56452
ANLN,0.5645081
TDG,0.56450236
DIAPH1,0.56450206
ARNTL,0.56447375
ARRDC3,0.56445944
NDUFS4,0.56441945
ALG1,0.5644005
ATP8B4,0.5643983
AMT,0.56438136
CHI3L1,0.5643558
AKAP1,0.56434363
DDIT4,0.5643404
ALDH1A3,0.5643099
ATP1A3,0.56430817
APOO,0.5642952
KPNA1,0.5642902
PRKD2,0.5642799
AP2A1,0.5642682
ARL8A,0.5642652
RAMP3,0.56425464
RGS1,0.56425357
CSTA,0.56423795
CLUAP1,0.5642211
ITFG2,0.5642179
OLR1,0.5642008
ARHGAP6,0.5641908
ARL4C,0.564188
AHCTF1,0.56417084
NME2,0.5641344
ARFGAP3,0.56413376
SNAP29,0.56412554
FCER1G,0.5641114
AP2A2,0.5641074
RAB13,0.56410533
ALCAM,0.5640912
AP5Z1,0.5640838
ATG4C,0.5640613
AGPAT1,0.5640487
GFI1,0.56404793
C5,0.56399655
PPIL6,0.5639734
BUD31,0.5639655
ALDH18A1,0.5639622
ASPHD1,0.5639191
BAG5,0.56388026
CLIC3,0.56382686
JUND,0.563819
B3GNTL1,0.5638173
MAOB,0.56381387
BBS10,0.56379503
ZNF202,0.56379163
ATP1B1,0.5637766
CATSPER2,0.5637754
AHRR,0.5637619
ATOX1,0.563758
CHRD,0.5637579
CISH,0.563731
BCAT2,0.5637306
AMBRA1,0.5637126
AHCYL1,0.56370276
AKAP13,0.5636984
CLDN23,0.56369543
TRUB1,0.5636833
PSMC6,0.56366503
GNAI3,0.56365806
CALML4,0.5636367
POLR3B,0.563603
GSDMB,0.5635776
CLN3,0.5635775
ARL13B,0.56351304
BTN3A2,0.56350183
ARHGEF11,0.56346166
PPCDC,0.5634568
CCDC40,0.56344986
ZNF552,0.56344116
CXCL16,0.5634312
ANXA5,0.5634257
ARHGEF37,0.5634026
AQP1,0.56339276
ADPGK,0.5633856
ATG3,0.56335634
GNLY,0.56333977
CCDC174,0.56333673
REC8,0.56332874
BEST1,0.5633193
AGTRAP,0.5633026
PGP,0.5632699
POSTN,0.5632268
CETP,0.56321234
BHLHE41,0.56319344
MSMO1,0.56318295
ALDOC,0.5631811
MTMR3,0.5631628
ASAH1,0.5630922
B3GNT5,0.5630901
COL24A1,0.56308424
CTSO,0.56307495
COL17A1,0.5630564
ASB1,0.5630507
AP3S1,0.5629673
AKR7A2,0.56296325
B3GNT7,0.56292456
TM2D2,0.562924
CMKLR1,0.56292254
MRPL49,0.56291515
BET1,0.5628823
MS4A6A,0.56288004
ARHGAP32,0.5628636
CD68,0.56285864
PGF,0.5628421
COQ3,0.5628373
ZNF585B,0.56280035
TRIM35,0.56278145
ARHGEF19,0.562776
GLUD1,0.5627755
CCDC22,0.56276315
CD247,0.56275976
GNL2,0.56272703
PHF5A,0.56272674
NGLY1,0.5627179
ARG2,0.562684
PLIN2,0.5626432
ANO1,0.56263316
BLCAP,0.5626285
PNPLA2,0.5625905
NCAPH,0.5625902
AP4B1,0.56258965
GTF2H5,0.56258225
KIF14,0.5625757
ASRGL1,0.56257373
CEACAM1,0.56254244
KIAA2013,0.5625186
COL11A2,0.56250477
CTBS,0.56248623
OCRL,0.5624826
ARMC8,0.5624778
ALS2CL,0.5624698
THAP7,0.5624571
AGO4,0.56242746
ATL1,0.5624268
NDUFA13,0.5624206
ARHGAP44,0.56240726
CNGA1,0.56240356
ASGR1,0.5624018
RELT,0.56240046
AQR,0.56239015
F13A1,0.56235963
PHACTR1,0.5623146
AKT1S1,0.56231105
ATP6V1D,0.56228924
RTCA,0.56228596
ANKRD28,0.5622797
ANK3,0.56224954
ALG14,0.5622339
DUSP19,0.562213
MORC2,0.56220883
CDH6,0.56220603
AGMAT,0.56220555
IL18R1,0.5621446
PPP1R13L,0.5620967
ARHGAP18,0.56205714
ATP11B,0.562057
TP73,0.56205684
RGL2,0.5620375
BOC,0.56203413
ARFGEF1,0.56202173
ASIC1,0.56201285
LIN7A,0.5619866
ASCC2,0.5619775
IL17RE,0.56197655
CTSF,0.56196165
APBA3,0.5619608
DENND2D,0.56195766
CTSL,0.561948
CCDC59,0.5619357
AP1G1,0.56191933
PLTP,0.56191087
C9orf72,0.5618938
CHMP4A,0.56189334
BLVRB,0.56189287
ADK,0.56184864
ATG16L1,0.5618252
ZFP30,0.5618023
ANP32B,0.56179374
FERMT2,0.56178886
CPLX1,0.5617698
BMP8B,0.5617641
CD4,0.56176335
MIEF1,0.56175655
APOBEC3G,0.5617521
ASB8,0.56174034
PSMG2,0.56173915
BIRC2,0.56172585
APLP2,0.5616269
NFAM1,0.56160516
S100A9,0.56159234
SNRNP35,0.56158173
AHSA1,0.56154925
COL8A1,0.56154424
ITGAM,0.5615255
ALDH3B1,0.56151235
GON4L,0.561481
ASAP2,0.561455
ANXA2,0.5614501
CGRRF1,0.5614494
PRPF39,0.5614373
ASS1,0.5614371
FOXP4,0.5614277
CNN1,0.56142664
AP2S1,0.56142056
ATF6B,0.5613975
ATF6,0.5613794
ATG4A,0.5613681
ARHGEF1,0.5613595
APAF1,0.5613579
FBXL22,0.56134385
HOXA7,0.5613359
CCDC115,0.56130123
LRP1,0.5612657
PMVK,0.56124794
BMP4,0.5612396
LPIN1,0.56123793
BAK1,0.5612082
ARSJ,0.5611081
CES4A,0.5611079
ATG9A,0.5611071
SNIP1,0.5611068
GSR,0.5611004
GTPBP2,0.56107247
B9D2,0.56107086
CFD,0.56106293
TFIP11,0.56105685
HJURP,0.5610046
ZNF74,0.56099
TRPC4,0.56098604
BTC,0.56098014
GLRX2,0.56098
MRPL30,0.5609252
CD69,0.5608809
CCDC106,0.56087416
BIN1,0.5608611
COMMD3,0.56085694
PMP22,0.56085414
ANAPC16,0.56084156
CACNB3,0.5608333
DPP4,0.5607296
ATRN,0.5607006
HIPK1,0.5606719
APPL1,0.5606545
ZNF92,0.5606343
NIPA2,0.560606
ATP1B2,0.56060386
TMEM107,0.56060326
NDUFB4,0.5605991
ANKLE2,0.560598
BRIX1,0.5605976
B4GALT7,0.56059283
MCM6,0.56055546
TCN2,0.5605143
FNBP1L,0.5605105
CDK11A,0.5604987
SIAH2,0.5604783
SNRPG,0.5604526
CHRNA10,0.5604493
MED22,0.5604457
MEGF8,0.5604294
BMP2,0.5604284
ANTXR1,0.560425
HES4,0.5604206
HBS1L,0.5604092
BNIP3L,0.5603661
EIF5,0.56034803
ATG16L2,0.56033826
UPP1,0.5603294
C2CD2,0.5602612
APTX,0.56021965
TSEN54,0.5602122
TADA2B,0.56020147
CBR3,0.5602008
IGBP1,0.5601957
POFUT2,0.5601885
LOXL2,0.56016487
TNFRSF10D,0.5601522
CA2,0.5601323
CASP6,0.56011164
CACNA1H,0.56008404
DENND1C,0.5600753
ARSG,0.5600587
AREL1,0.5600429
CBLL1,0.5600318
LRRC47,0.560022
AMMECR1,0.5600108
COL15A1,0.56000113
ATG12,0.55999434
C17orf75,0.55995715
PLXNA1,0.5599476
SNRNP27,0.5599161
ETS2,0.559909
CSPG4,0.55990195
CC2D2A,0.5598943
BECN1,0.5598006
ATP6V1C1,0.5597847
TSFM,0.5597241
ATXN3,0.5597221
ARHGAP11A,0.5597125
ARPC1B,0.5597092
NT5C3B,0.559693
BTD,0.5596916
DCLRE1B,0.55967367
REXO2,0.5596558
ARFGAP1,0.5596543
BOLA1,0.5596498
ADNP,0.5596454
BRPF3,0.5596385
SDS,0.5596329
PRR5,0.5596236
TOMM40L,0.5596182
ISG20L2,0.5595916
CDH5,0.55958956
ZNF772,0.55958956
BCL7C,0.5595878
SLC35A2,0.5595799
NTPCR,0.5595287
CABLES2,0.559528
CHST14,0.5594957
BAHD1,0.5594896
POP1,0.55948746
BBS7,0.5594823
ARF3,0.5594456
ASB6,0.5594352
RBM7,0.55943024
APOBEC3F,0.55941266
PRPS2,0.5593928
APBB1,0.5593918
APOE,0.5593567
MFAP3,0.55934
CDS1,0.5593155
MYLIP,0.55930984
AGO3,0.5592944
BEND3,0.55929357
CHCHD3,0.5592759
CCDC80,0.55926496
CACNA1C,0.5592641
ZNF585A,0.55925685
BTBD1,0.5592409
NOL9,0.5592257
EPHX2,0.5591882
CCDC86,0.55918705
CD200,0.5591715
RAB36,0.5591523
ATPAF2,0.5591359
MPDU1,0.559128
CRAT,0.5590988
CALCRL,0.55908513
CAPN10,0.55907977
MLX,0.5590715
F11R,0.55904067
KCNAB3,0.5590257
MRPS12,0.5590114
ARHGAP30,0.55900264
ATP8A1,0.5589469
ANP32A,0.5589395
C17orf49,0.55893534
IL4I1,0.5589247
HDAC5,0.5589168
MPZ,0.55880857
RNF14,0.5587839
B4GALT3,0.5587748
CEP76,0.558759
CLEC3B,0.55871266
ASF1B,0.5587003
ZNF558,0.5586628
B4GALT4,0.55861104
CCP110,0.5585232
ZNF813,0.5585046
ZNF234,0.558496
DET1,0.5584952
AGPS,0.55846226
ARAP1,0.5584307
TRIM23,0.5584227
ANXA6,0.55841744
ZNF302,0.5583929
ARAP3,0.5583868
GYPC,0.5583637
CELSR3,0.558287
CHMP4C,0.55823666
CMTM7,0.5582
EVI2B,0.55810195
VAMP1,0.55809873
CD86,0.5580782
CYP2J2,0.5580158
DES,0.5580127
DISP2,0.5580116
AP1S3,0.5579853
ALDH7A1,0.55794704
AP3M2,0.5579149
SPTLC3,0.5578841
POLR2I,0.5578795
BMP2K,0.557873
AFMID,0.5578715
UBA7,0.5578647
CNTNAP1,0.5578598
LGALS3BP,0.5578407
B3GALNT1,0.5578379
CLN8,0.5578145
MRPS30,0.55780977
CREB3,0.55779797
FAM20A,0.5577943
ATP7A,0.5577842
ARL6IP5,0.5577756
IMP3,0.55773574
B3GAT3,0.55768955
AVL9,0.55768746
SLC35D1,0.55768704
CEP135,0.55767155
GADD45G,0.55763817
BTF3L4,0.55756474
ATAD5,0.55751616
F5,0.5574882
ASNS,0.557479
FCGR3A,0.55747277
CEBPG,0.5574431
FLII,0.55744135
BLOC1S5,0.55741006
AP3B1,0.5573791
ANKFY1,0.55735075
PNKP,0.55732
ATG14,0.5573151
INMT,0.5572788
BOLA3,0.5572753
C1D,0.55725527
SORBS1,0.5572439
BAIAP2,0.55722225
B3GNT8,0.5572173
FOXK1,0.5572112
RAC3,0.5571995
B4GALT2,0.557197
DNAJB6,0.557123
PDSS1,0.5571168
SNTA1,0.55707425
ZNF32,0.5570631
CCNK,0.55703557
BUD13,0.55702865
ELOVL7,0.55700064
MTMR14,0.55698866
TFAP2C,0.5569722
GGT1,0.5569413
BYSL,0.5569353
ANXA7,0.5569138
ZNF304,0.55691314
ARFGEF2,0.55690175
ARL2,0.5568967
BCKDK,0.5568712
BCKDHB,0.55686074
KIDINS220,0.5568255
CDC14B,0.55681914
LONP2,0.5568091
PLEKHG5,0.55678576
ANAPC7,0.55676883
MAPRE2,0.556761
KMO,0.5567167
C12orf65,0.55670464
TEP1,0.5567028
HEYL,0.55669624
ANKRD27,0.5566848
COQ9,0.5566756
EIF4E3,0.5566212
TAF13,0.5565847
CD109,0.5565677
CYP3A5,0.55656034
CPT1B,0.55654883
BLOC1S6,0.5565067
FBLN1,0.5564908
ATN1,0.5564787
ARL1,0.55647
BLVRA,0.5564498
GTF3C3,0.5564476
GTPBP4,0.5564437
GPS1,0.5564403
DOCK5,0.55643415
CCNE2,0.5564323
CMYA5,0.5564164
CCDC136,0.55640817
PVR,0.55640256
CHCHD10,0.556383
COG1,0.55636567
IFT80,0.5563581
FBXL8,0.55635595
NPM3,0.55634856
CETN2,0.5563386
BAZ1B,0.5562872
DNAH5,0.5562812
BANP,0.5562724
CBR4,0.55617636
CDC6,0.55616444
DYNLT3,0.5561464
DNAH1,0.55611867
FOSB,0.55609524
C2CD3,0.5560137
NUP54,0.5560052
ATAD3A,0.55597633
MIS18A,0.5559366
NFATC4,0.55592704
CTBP2,0.55592597
PFDN6,0.5559215
ATP6V0A2,0.55590266
AUP1,0.5558998
CUBN,0.55589885
BLOC1S2,0.5558699
PLK4,0.5558571
CYTH4,0.5558336
BRPF1,0.5558301
RALB,0.5558263
PLRG1,0.55581295
CACNB1,0.5557973
DHDH,0.555791
ARFIP2,0.5557893
CDC16,0.55577195
MFHAS1,0.5557662
MCMDC2,0.55574274
APBA1,0.55573076
MFSD12,0.55571324
PTPRU,0.5557005
MAD2L1,0.55563456
AP3S2,0.5556234
NIF3L1,0.55562186
COL16A1,0.5555776
CHTF18,0.55553424
RMDN3,0.55553174
AAR2,0.5555279
PCBP4,0.555527
ARHGAP24,0.5555063
APOBEC3C,0.55550444
CDC37L1,0.5554502
AP2M1,0.5554372
AHCY,0.5554292
ATP6V1E1,0.5553715
MRPL48,0.5553649
ATP6V0C,0.5553627
ITSN2,0.5553587
CLDN1,0.5553523
ZNF765,0.5553502
CCNG2,0.5553388
SERPINF1,0.5552951
TACO1,0.55528814
ARHGAP17,0.5552801
NOP14,0.55527544
CLIP3,0.55527025
PPWD1,0.5552384
PIK3AP1,0.5552169
BCKDHA,0.55520654
ASPM,0.5551398
LIN54,0.55509096
TAF6L,0.55507916
CBY1,0.55507493
ATP6V1H,0.5550208
DXO,0.55499
LAMC3,0.55497974
KATNAL1,0.55497265
EPHB3,0.55497247
CGNL1,0.55493635
JUNB,0.55488944
CD320,0.55476975
PABPC1L,0.5547492
FBP1,0.5547428
CREB3L4,0.55468893
COA1,0.55465704
EFNB1,0.5546171
ATG4D,0.5545891
RBPMS2,0.5545822
WDR81,0.5545631
STAM2,0.554544
MRPS35,0.55447316
DHX15,0.5544562
ST14,0.55442023
CYP2U1,0.55439615
ARPC5,0.5543954
HERC6,0.5543631
PRMT6,0.55433714
BTN2A1,0.55433
ASCC1,0.5542863
GAPVD1,0.5542816
ZNF776,0.55426854
SEZ6L2,0.5542653
STRIP2,0.5542415
MRPL17,0.5542383
ANAPC5,0.5541997
PIGB,0.5541942
MBD1,0.5541728
ZNF18,0.55414855
BCAS2,0.554135
CACYBP,0.55411243
HSPB2,0.5541052
ZNF830,0.55410415
PIK3R5,0.55408627
DHRS1,0.55407846
PLXND1,0.55407304
MAP2K3,0.55405676
MRPS9,0.55399257
GALNT11,0.55397826
KIF18A,0.55396825
CENPB,0.5539474
P4HA3,0.55391955
CD180,0.5539068
BANF1,0.55387783
PIGQ,0.553813
CTU1,0.55380905
EIF3M,0.55378026
SDC3,0.5537247
EPHB6,0.5537109
CBX7,0.55369025
HIF1AN,0.5536534
OTUD3,0.55364877
CEL,0.55363786
LIN7B,0.553601
PARP14,0.5535416
PIAS3,0.5535188
BID,0.55348164
EFNA3,0.55344903
BNIP3,0.5534465
MRPS11,0.55342287
CTC1,0.5534074
DIMT1,0.5533994
CARD10,0.553378
ZNF516,0.55337685
HEATR1,0.5533729
ARF5,0.5533562
DNMBP,0.5533518
CASP4,0.55334944
CACNB2,0.5533413
ARF1,0.5533304
NEO1,0.553308
DCLRE1A,0.5532795
NDUFV3,0.5532325
PNPLA6,0.55322087
COLEC12,0.5532122
GNPTAB,0.5532025
CLCF1,0.5531305
CD27,0.55312485
CEP97,0.5531099
FBXL17,0.55309945
COL9A3,0.5530876
ATG13,0.5530842
CETN3,0.55305684
NDUFAF7,0.5530318
BPNT1,0.55302835
CENPQ,0.5530164
ATF2,0.55301124
CORIN,0.5529483
DHX58,0.5529446
ALG2,0.55286944
DDHD2,0.5527937
MRPL38,0.5527864
ZNF468,0.552764
CALCOCO1,0.55275774
OPN3,0.5527562
TMC8,0.5527445
IRF3,0.5527322
BICD2,0.5526538
CCL4,0.5526449
FXYD6,0.5526334
COA5,0.552625
DAPP1,0.55257523
ARRB1,0.552567
EFCAB7,0.5525247
BHLHE40,0.5525189
RANBP6,0.5524661
NLRC4,0.5524469
SPATA2,0.5524168
MANF,0.55236
SEMA6B,0.55235827
CNOT1,0.5523344
EIF3K,0.5523333
CEP70,0.55229986
ARHGDIB,0.5522875
DUSP10,0.5522747
BRCC3,0.55227035
CCL5,0.55222625
ERH,0.55220294
AURKAIP1,0.5521783
ATPAF1,0.5521741
CRY1,0.5521738
KIF3B,0.55213094
TOR4A,0.55211705
GALNT7,0.5521076
CLIC2,0.55206954
CAMK2G,0.55206233
CEP250,0.552059
IMP4,0.5520456
STXBP2,0.5520053
CASP7,0.55198145
VASN,0.5519668
CCDC68,0.5519662
BLOC1S1,0.5519408
ST8SIA4,0.5519376
NLE1,0.55185306
BCS1L,0.5518253
CIB1,0.5518222
COX17,0.5518187
TRIM46,0.55181783
CHPF,0.5517479
ZNF273,0.5517255
CITED2,0.55172
BSCL2,0.55171144
ZNF426,0.5516963
KIF20A,0.5516718
DPM3,0.5516294
COLQ,0.5516103
CASP2,0.5515749
AP2B1,0.5515736
CTSK,0.55156505
SNX33,0.5515621
TXNL4B,0.5515587
BACE2,0.55154353
FPR3,0.5515341
MARK4,0.5515293
ANP32E,0.5514844
TREX1,0.551467
PRDM4,0.55146646
LIG3,0.55146533
SKA1,0.55146307
CENPC,0.5514333
CRY2,0.551407
ARF4,0.5514064
DERL3,0.5513993
BLZF1,0.55139047
CAMLG,0.551377
MGAT4B,0.55136317
DOLPP1,0.5513602
CASZ1,0.5513433
GPNMB,0.55133796
GPR68,0.5513124
CCZ1,0.5513027
FZD1,0.5512855
FGD4,0.55126333
TNFSF13B,0.5512556
CHRAC1,0.5512238
DDX58,0.5511092
ATP2B4,0.5511087
CENPL,0.55109346
DGKQ,0.5510814
ELF2,0.5510393
CCNH,0.5510171
ATAD2,0.5510148
CHST12,0.5509526
BMP1,0.55093676
CARF,0.5509158
SURF1,0.5509137
DOLK,0.55087787
BRAP,0.5508752
CRELD2,0.5508497
MICA,0.5508425
NDUFS3,0.55082303
WBP4,0.55080634
B3GALNT2,0.5507964
COMMD5,0.5507913
BCAR1,0.5507856
ZNF34,0.5507848
ATF4,0.55073595
MRPS26,0.55067253
PPP2R3A,0.55066615
CLDN15,0.5506639
MEPCE,0.55060935
CUL7,0.55058944
ATF7IP,0.5505424
INTS1,0.5505237
CEP41,0.55049086
MFAP1,0.5504569
MAN1A1,0.5504342
FGR,0.5504187
MTMR9,0.55040634
NUP37,0.5504033
NOP2,0.5502624
MSRB3,0.55025315
CDK7,0.55024964
ORC6,0.550236
CCNT1,0.5502195
IL15,0.55019695
ARHGEF3,0.55018675
EVL,0.5501703
MMADHC,0.5501606
CYP2D6,0.55015916
COPS5,0.5501552
MAP4K1,0.5501479
ARHGDIA,0.55013674
LEMD2,0.5501307
CYB5R1,0.5500967
MTMR1,0.55009013
COL1A2,0.550072
TP53RK,0.5500569
NEU3,0.5500014
MRPS7,0.5499776
LIG1,0.5499647
DCK,0.5499334
CYP2R1,0.54992193
FGD3,0.54989886
CAMK1D,0.5498951
CBR1,0.5498585
EXOSC4,0.54981357
REEP4,0.5498031
CHUK,0.549787
EAF2,0.549726
PHKA1,0.5497081
LIMK1,0.5497044
USP35,0.54963785
DCTN3,0.54960406
CFL2,0.54959106
MAFG,0.54959047
CEBPB,0.5495904
PACSIN3,0.5495825
BAG4,0.5495816
LSG1,0.54957396
LAP3,0.54957104
LNPEP,0.54952776
ENPP2,0.5494931
C1GALT1,0.5494894
DDX20,0.5494848
RAVER1,0.5494337
CDIPT,0.5494092
C17orf80,0.5494081
GBP3,0.5493839
POLR3C,0.5493529
ARIH1,0.54934245
PAF1,0.54934067
ATP2B1,0.54932886
HSPA12B,0.54929084
CBX4,0.54923844
IDE,0.54918814
RNH1,0.54917914
ZNF136,0.549177
BCCIP,0.54916066
COA6,0.549155
ZNF527,0.5491407
NR1H2,0.5491377
BCAP31,0.5491293
HYI,0.54911405
LGALS9,0.54904073
CES2,0.54895544
RGP1,0.54895496
ECE1,0.5489471
DDB1,0.5489189
PITX1,0.5488724
SIRT3,0.5488701
ZNF573,0.5488571
DCAF8,0.54882234
MIF4GD,0.5488106
CDKN2AIP,0.54880434
CIR1,0.5487929
BMF,0.5487809
TRMT6,0.54876524
CAMKK1,0.54872197
BTBD2,0.5487161
CTIF,0.5486828
CAT,0.5486735
GRHPR,0.5486238
ANO10,0.5485972
ITGA8,0.5485655
DEPTOR,0.54855853
NT5C3A,0.5485362
CREM,0.54848933
ARHGAP21,0.54845756
LMAN2L,0.5484462
EEFSEC,0.5484287
NOL7,0.5484235
CEP78,0.5484
EXOSC10,0.54839087
NAGLU,0.5483605
CD2BP2,0.54827636
TSPAN12,0.5482481
BUB1,0.54822296
COTL1,0.5482139
COPZ2,0.5482064
SETMAR,0.54820293
SLA2,0.548192
CRMP1,0.5481657
CYB5R2,0.5481486
ALDOA,0.54814124
UTP23,0.5481352
PDE6D,0.5481279
CDH23,0.54810274
DENND2A,0.5480989
SPSB2,0.5480919
LMTK2,0.54805785
BTAF1,0.54804575
COL9A2,0.5480263
ZNF611,0.5480199
TMEM186,0.5479819
FAM120B,0.5479761
CDK5RAP2,0.5479618
RIN3,0.5479215
RPP25L,0.5479163
BRD2,0.5478765
DDX60,0.54787225
ARPP19,0.5478694
DCUN1D3,0.54785746
ELMO3,0.5478065
CHMP6,0.5478052
SYNGR1,0.547787
MRPS31,0.54774976
CDC23,0.5477299
WDR83,0.5477258
IRF2BP2,0.5477244
PIGS,0.5477037
CABYR,0.5476977
ATP11A,0.54769635
NAA10,0.5476876
COQ6,0.54767334
ATXN7L1,0.5476566
ARIH2,0.5476475
RIOK1,0.54762334
GDI1,0.5476172
DSTN,0.547583
ZNF550,0.54758096
ZNF701,0.5475105
LIN37,0.5474683
BTRC,0.54746336
DALRD3,0.547459
SIRT6,0.5474386
PLP2,0.54740924
PGM2L1,0.54738593
DYRK1B,0.547372
B3GNT2,0.54732805
ATXN2L,0.5473049
BZW1,0.547293
HOXB3,0.5472754
CLPP,0.5472524
SUOX,0.5472325
POLR2K,0.54721946
DPCD,0.547211
BOP1,0.5471963
IVD,0.54719
CHAF1B,0.54718786
CROT,0.5471778
BFAR,0.54716825
NDRG3,0.5471674
CCNB1,0.54716676
AZIN1,0.5471657
BATF,0.54716295
ATG10,0.54713064
GTF3C2,0.54706454
COL6A2,0.5470632
F8,0.5470444
NPHP1,0.5470361
CCDC97,0.54703563
ZNF711,0.54702306
DECR1,0.5470206
CDCA2,0.5470043
COQ10B,0.54699665
CCNL1,0.5469837
ARPC2,0.5469574
BRD8,0.5469385
CADM1,0.5469357
ATP1B3,0.54686564
CYP39A1,0.54684854
EIF3I,0.54684216
MED4,0.54683936
CDON,0.54683864
CDCA8,0.5468174
NELFA,0.5468091
CKAP2L,0.546796
BAIAP2L1,0.5467957
CDKN2AIPNL,0.54678833
ZNF674,0.546705
ZNF57,0.5466761
CLDN7,0.54667574
NLRP1,0.5466564
GCAT,0.5466298
GALNT14,0.5466031
DPH3,0.5465462
TIMM21,0.5465301
TAF5,0.546499
DHX9,0.5464737
CD300A,0.54646
IFI16,0.5464383
CHCHD1,0.5464354
KLHL12,0.54643524
CKS2,0.54643077
EHD3,0.54642016
DNM1,0.54641914
BAZ2A,0.54639024
MSL3,0.54634553
CALCOCO2,0.5463197
CDC40,0.5463056
ZNF823,0.5462985
IQSEC1,0.54625887
SRD5A3,0.54625785
TRIM6,0.54623926
CDC5L,0.546217
PEX1,0.54618686
FAM114A2,0.5461609
MOGS,0.5461465
CSF2RB,0.5461423
BIRC5,0.5461242
CHMP5,0.5460868
GNGT2,0.54601413
FAM83D,0.5459995
DYNC1I2,0.5459974
CENPN,0.5459892
CDC34,0.5459886
DCAF6,0.54598004
CTH,0.54597336
CDK11B,0.54597
CKAP2,0.54594964
WNT5B,0.5458702
POLI,0.5458622
ARPC4,0.5458613
CCNF,0.5458339
CREB5,0.545821
KCTD1,0.5458145
E2F8,0.5458121
DDX19A,0.5458103
CDH24,0.545807
GTF2A1,0.5457141
CABLES1,0.5457058
INSIG1,0.5456896
CCS,0.5456423
ULK3,0.54563886
COG2,0.54562205
BRF1,0.545605
PDK3,0.5455805
SARM1,0.5455719
CMTR1,0.54556584
TAF1A,0.5455538
LINGO1,0.5455167
MPP2,0.54551595
MAPK8IP3,0.5454552
HOXB2,0.54543275
GDF15,0.54538
GCA,0.5453706
NCLN,0.54533875
EIF2AK1,0.5453001
CWF19L1,0.545284
EVI2A,0.5452815
COMMD6,0.5452698
FCGR2A,0.54526675
CCR7,0.5452616
CDK16,0.54524434
RPL7,0.5452045
LEMD3,0.5450419
COQ7,0.54498214
GIPC1,0.5449819
RAB11FIP5,0.54497737
C11orf49,0.54494655
CDCA7,0.5449261
COPS7A,0.54490966
NOP16,0.54486805
ZNF493,0.5448632
MED25,0.5448474
BMS1,0.5448388
APP,0.5448333
ETV7,0.54483086
MCRS1,0.544814
BDP1,0.5448132
BBS9,0.5447963
DNASE2,0.54479194
ZNF778,0.5447834
COPS4,0.54478115
DSCC1,0.5447447
CAPN2,0.5447023
ZNF140,0.5447022
CUL9,0.5446944
CAPG,0.54466546
CDCP1,0.5446619
BCAS3,0.5446497
BRWD3,0.54460025
CARS2,0.5445911
C1QBP,0.5445886
EHBP1,0.5445817
NOL6,0.54457635
LPL,0.5445703
CKLF,0.54455566
DERL2,0.544538
DLG5,0.54447925
CDR2L,0.54447854
HADH,0.54444873
CSTF2,0.54443496
GNA14,0.5444169
DHCR24,0.54441565
CHML,0.5443875
MAOA,0.54436696
NUBP1,0.5443427
NAE1,0.5443418
FBXW4,0.5442735
PAM16,0.5442674
PSMD10,0.5442615
CHN2,0.5442484
CDK9,0.5442185
RTN4IP1,0.5441982
COX15,0.544189
CELSR1,0.5441688
NR4A1,0.5441454
DNAH17,0.54413915
BRD1,0.54413545
BRK1,0.54412925
MTSS1,0.54412013
CNOT7,0.544118
MTMR4,0.54407835
NFKB1,0.54407084
ZNF253,0.54404324
CLK4,0.54399055
CIB2,0.5439888
FST,0.543983
CMAS,0.54396963
NOB1,0.5439583
DBP,0.5439005
DCAF17,0.5438836
CLHC1,0.54388285
FAF2,0.5438524
CDC7,0.5438284
DNTTIP1,0.54380304
PPM1K,0.54378957
MRPS18A,0.5437867
ZNF354B,0.5437044
CHFR,0.5437041
FEM1B,0.54368955
TMEM216,0.5436888
CAMK4,0.54368794
C3orf38,0.5436845
C2CD5,0.54368275
MPG,0.5436536
CEP120,0.54365087
GNL3L,0.54360425
CHID1,0.54352933
MZT1,0.5434958
ZFPM2,0.5434688
MANBA,0.5434388
ZNF620,0.5434362
GBA2,0.5434266
GINS3,0.5434083
MCTS1,0.54340345
MED16,0.5433915
COIL,0.5433776
EAPP,0.54335266
DDX28,0.5432139
CDK2,0.54307336
CNNM4,0.54304636
CDK5RAP3,0.5430236
FBXO15,0.5429634
GNG5,0.5429207
ASH1L,0.54291266
EPC1,0.5429037
FUT1,0.54290307
NRBF2,0.54289335
CWC22,0.5428611
LIN52,0.54285
CLCN6,0.5427762
TUBG2,0.54273117
RCE1,0.5427218
CCM2,0.5427044
NOL11,0.54270416
NFYB,0.5426945
BMPR2,0.54267025
CPT1C,0.5426684
CD83,0.5426319
KIFC1,0.5425941
CALM1,0.54257566
GTF2F1,0.54256094
CKAP5,0.5425393
CENPH,0.54251873
LPIN2,0.54249156
COASY,0.54249066
DCAF10,0.54248494
CDC25A,0.5424826
NUDT16,0.54247254
POMT1,0.5424705
GLIPR1,0.5424178
FAAH,0.5423894
LRSAM1,0.54238576
GAK,0.5422851
ASAP1,0.54228413
DOCK8,0.54227066
ITGA11,0.54222506
PSME2,0.54220796
HS3ST1,0.54215616
SPARCL1,0.5421461
FBLN5,0.5421234
GDPD1,0.5420975
CD40,0.54208136
NUAK1,0.54201263
MAP2K6,0.5420026
HMMR,0.5419954
COX7B,0.5419674
ITM2B,0.54194236
BUB3,0.54193467
CTSA,0.5418804
CS,0.5418731
SHF,0.5418579
CNIH3,0.54182315
SIRT5,0.54175913
ARHGAP29,0.5417426
DUSP6,0.5417157
CNIH1,0.54169846
CTNS,0.5416685
BAG6,0.5416352
TRIM36,0.5416095
IPO13,0.5415772
GPR89A,0.54152673
NUB1,0.54151845
FCGRT,0.541517
DFFB,0.5415111
MBTPS1,0.5413931
HLTF,0.54137707
HAUS6,0.54137367
CD52,0.54136634
TBKBP1,0.5413201
COG3,0.5413146
PDK4,0.54129094
CHMP2A,0.54128414
SCNM1,0.54127795
PDPN,0.54123443
DNAJB11,0.54122764
TGFB1I1,0.5412116
CCNB2,0.54117036
CCNA2,0.5411638
RCAN3,0.5411134
XYLT1,0.54110086
SSH3,0.5410607
KCNH2,0.5410541
CAP2,0.5410183
CCNL2,0.5409486
RGS16,0.5409415
LIPG,0.54087424
DYNC1LI2,0.54086083
SMARCD3,0.54085475
DNAJA4,0.54084295
CHST15,0.5408429
HEXA,0.54084045
CD99L2,0.5407983
EID3,0.54078674
NANS,0.5407625
CAPZA2,0.5407326
RAI2,0.5407227
IFT140,0.5407203
FBXL20,0.5407189
BIRC6,0.5407154
CDC42EP4,0.54070294
MYO6,0.54069144
NEMF,0.5406409
CSTB,0.5406239
CCR1,0.5406087
DLC1,0.54056096
COX11,0.54049295
GNB2,0.5404604
PRKAG2,0.54045105
NXF1,0.54039454
CLK1,0.5403853
COG8,0.54034853
ERMAP,0.5403269
EXOSC8,0.5403185
GOLM1,0.5403001
HLA-DOA,0.5402732
CLCN7,0.540209
SPDYA,0.5402021
PAFAH1B3,0.5402017
DONSON,0.5401849
CNOT11,0.540148
MRPS28,0.5401397
CPSF3,0.5401335
MRPS34,0.54012245
CDT1,0.5401166
DPM1,0.54010856
RAB3IP,0.54010767
CTDSP2,0.54008675
LMCD1,0.5400684
CAMKK2,0.5400654
BCAT1,0.540052
GRK4,0.5400225
ENPP1,0.5399949
COL5A2,0.53998476
PIP4K2C,0.5399818
NUDT19,0.53998
COMMD2,0.53991544
CEP55,0.5398841
CPNE3,0.5398739
IL17RA,0.5398694
KANSL2,0.5398379
CCDC12,0.53983545
EXOSC2,0.53980684
EPN2,0.53979003
CDR2,0.5397846
DYSF,0.53977126
DHRS11,0.53974456
GPX3,0.539715
GPR183,0.539713
BRWD1,0.5396278
COPA,0.53962517
DNAAF2,0.53956586
ATP2A2,0.53952664
ZNF486,0.53951734
FDXR,0.5395097
DNAJC5,0.53950125
KLHL5,0.5394765
PARP12,0.53943
DIS3L,0.5394085
NDUFB1,0.5393865
CDYL,0.5393849
COG6,0.5392974
DACT1,0.5392851
CDS2,0.53928065
ICMT,0.5392782
CAB39,0.5392704
LCMT1,0.5392458
DGAT1,0.53921247
GBP4,0.53918844
DHRS4,0.53915787
CCNY,0.53912234
CENPI,0.53909916
NKD1,0.5390854
RIPK1,0.5390754
PI4K2A,0.5390274
VARS2,0.53901356
RNF128,0.538976
MRPL21,0.5389398
LPCAT3,0.53891224
GLRX5,0.5389067
LY96,0.5388763
CAPNS1,0.53886545
LGI4,0.5387566
CENPM,0.5387474
LTBP3,0.53874093
ZNF19,0.538735
CD53,0.5387328
KATNBL1,0.5387167
IK,0.5387108
GNL1,0.5387026
NR2C1,0.53868675
DHPS,0.53866255
RNF181,0.5386292
CSGALNACT1,0.5386276
MRPL2,0.5386232
CBX2,0.53859395
GFPT1,0.5385558
EEF2K,0.5385444
SNTB1,0.5385443
ZNF200,0.53853714
EME1,0.5385299
MT2A,0.53852147
CHMP3,0.53851867
COPS3,0.5384906
PEX7,0.5384899
DCAF4,0.5384812
DUT,0.5384646
RHBDF1,0.5384157
PNKD,0.53839856
NDUFA11,0.5383376
TIMM8A,0.538337
CDC20,0.53833526
NDUFA6,0.53831977
RCAN1,0.53829443
PRPF4,0.5382541
B4GALT1,0.53823495
DUSP1,0.53821605
SGSH,0.53818417
PAGR1,0.53817844
CCDC88C,0.5380808
CENPO,0.5380736
POLR3G,0.53806704
PI4K2B,0.538054
CDKL5,0.53803706
REPS2,0.53801805
CD63,0.53794444
CEP290,0.5379201
EDNRA,0.5379132
CRTC2,0.5379036
CNOT6L,0.5378824
CALM2,0.53781056
CERS5,0.53780043
HYLS1,0.5377842
SLC44A3,0.5377713
COPS8,0.5377701
GALNT10,0.53776824
CDC25C,0.53772306
CEPT1,0.5377198
RNF135,0.53767794
DENND2C,0.5376563
CORO1C,0.5376202
LMF1,0.5375942
NAPB,0.53758836
GNG12,0.5375705
LRRC6,0.5375664
WHAMM,0.53754973
CPD,0.5375405
NOSIP,0.5375166
CDCA3,0.53751314
EIF5B,0.5374997
EI24,0.53749645
GK5,0.5374897
COPS2,0.53747845
METTL3,0.53747386
ATXN10,0.5374483
GADD45A,0.537438
CBX3,0.53743756
FBXO4,0.53742445
PKP3,0.5373986
GID8,0.53738153
ZNF135,0.5373539
CSTF2T,0.53730315
GDE1,0.5372947
COL18A1,0.53726363
COG7,0.5372449
SLC1A3,0.53722715
DHRS3,0.5371961
DMWD,0.5371441
CD47,0.5371435
EAF1,0.53712636
FPGT,0.53707284
CXXC1,0.5370116
ASPH,0.53697217
CD9,0.53695345
CLASP1,0.5369329
SLC9A3R2,0.5367818
CTDP1,0.5367809
CRLS1,0.53672296
HDAC11,0.53670067
BICD1,0.5366889
RAB25,0.5366865
SVIP,0.53668195
CAP1,0.53666645
CREBRF,0.5366261
CHSY3,0.5366003
NMT2,0.5365288
MIEN1,0.5365282
CDCA5,0.53649455
ERCC6L,0.53648704
CENPJ,0.5364588
COX20,0.5364423
IPO8,0.5364317
KIF3C,0.5364086
KIAA1549L,0.53638333
FPGS,0.5363784
ATXN1,0.5363675
CREG1,0.536362
FHL1,0.5363184
CDC25B,0.53630686
UTP3,0.5362435
IL7,0.5362237
PPARA,0.53619254
NCKAP1L,0.53617114
SELPLG,0.5361701
GCSH,0.53614545
PSENEN,0.53614026
PPP1R13B,0.53610903
KCNK5,0.53609025
GRIN2D,0.5360795
GLYCTK,0.53606874
FASTKD2,0.53598684
CCT7,0.53596675
OAT,0.5359285
DMAP1,0.53591937
MSX2,0.53591233
FKBPL,0.5358881
LRP12,0.53583944
LYZ,0.5358117
CHPF2,0.5357801
KBTBD8,0.53576994
DPH2,0.5357473
CPOX,0.5357355
RHOU,0.5356999
DNAJB9,0.5356461
MRPL1,0.5356261
MGST3,0.53561634
CD48,0.53558916
MZF1,0.5355765
EMC3,0.5355686
CHERP,0.5354766
RWDD3,0.5354679
CWC15,0.5354661
ECD,0.53545403
CPNE1,0.5354459
MRPS24,0.5354427
PIGC,0.53543216
STX1A,0.53540695
NECAP2,0.53540176
PICK1,0.53537846
FBXO9,0.5353492
CENPT,0.5353464
FAM126A,0.53534317
LAT2,0.535341
NCEH1,0.5353377
CABIN1,0.535323
DUSP7,0.53525144
NDUFA4L2,0.53523475
FBXO45,0.53520656
NME7,0.53519726
COL12A1,0.5351875
HES1,0.53516424
GGA1,0.5351214
CENPP,0.5350835
CSTF1,0.53507
CHMP2B,0.5350442
CYTH2,0.53503233
DDX51,0.5350187
DPH1,0.5350094
DAPK2,0.5349657
TESK1,0.5349005
CAPN1,0.5348633
COL4A5,0.53485495
DNAJC1,0.5348368
FRK,0.5348337
DRG2,0.5347502
RP2,0.5347376
E4F1,0.53470534
METTL14,0.53469586
SPR,0.5346953
DBR1,0.534687
CALU,0.5346433
TPMT,0.5345736
FUT8,0.5345398
FLOT2,0.53449255
CPT1A,0.5344626
CLSPN,0.534459
PANX1,0.53444016
BTF3,0.5344394
FBXO21,0.5344262
CDK19,0.5344099
GNPTG,0.5343948
PDK2,0.53436613
DCLRE1C,0.53435886
ECHS1,0.53434825
ZNF333,0.5342513
ELK1,0.5342241
MED21,0.53422374
MPHOSPH6,0.5342135
CDK17,0.534182
RAB24,0.534166
ESPL1,0.53416455
NAF1,0.5341626
ORMDL1,0.5341321
MTX1,0.534087
HPRT1,0.5340731
COX18,0.5340671
DTX3,0.53406143
EOGT,0.5340406
NAPEPLD,0.5339899
CHP1,0.53397125
DCP1B,0.5339398
FLOT1,0.5339393
EHHADH,0.5339333
PLOD3,0.5339312
CNTLN,0.533905
CTBP1,0.53390026
DEPDC5,0.53389496
FXR2,0.5338812
CNOT8,0.533875
CCAR1,0.5338398
MRPL9,0.5338147
CMTM6,0.5337899
DYRK2,0.5337378
INO80D,0.5336996
OMA1,0.5336896
LCAT,0.53367215
DSEL,0.53362024
CALD1,0.533602
NEK2,0.53360146
HSD17B7,0.533593
EIF3J,0.5335812
CDK13,0.5335756
PDCL,0.5335609
CCDC93,0.5335602
CHMP1B,0.53354836
FYCO1,0.5335409
LRG1,0.53353596
SDHAF1,0.53353083
COPZ1,0.5335228
EIF2B4,0.53347534
RRAGB,0.5334664
CERK,0.5334496
FOS,0.5334108
CCNT2,0.53339595
ETFDH,0.53339386
NDUFS7,0.53336674
CEBPZ,0.5333283
LRRC4B,0.53331053
LAMA4,0.5332902
FLNC,0.5332592
RAB20,0.53325707
CASK,0.53322935
CIAO1,0.533165
CDC37,0.5331513
CXADR,0.5330937
GORAB,0.53305703
VCPKMT,0.53305054
GLS2,0.5330271
CRYZ,0.532995
HOXD3,0.53298825
MRPL50,0.5329653
ZNF283,0.5329653
LIN9,0.5329502
DMPK,0.5329471
DDA1,0.5329367
LRFN1,0.53291845
NADK2,0.53290546
GTF3C4,0.53290373
NELFE,0.53288525
NHEJ1,0.53286827
DCXR,0.5328679
EPHB2,0.53285927
NRCAM,0.5328455
CEP170,0.5328196
DNAJC11,0.532815
CHAF1A,0.532769
CPT2,0.53264976
METTL21A,0.5326444
PCYT1A,0.53260744
CTTN,0.5326068
CD2AP,0.53260183
GNPAT,0.532585
FJX1,0.53256285
HARBI1,0.53255147
BPTF,0.5325201
PITRM1,0.5324814
SLC27A4,0.5324785
MLYCD,0.5324752
DDX46,0.5324441
CAND1,0.53239673
KHK,0.53237504
SHB,0.532375
PDE1B,0.53237015
ZNF615,0.53235435
CLK3,0.5323282
CD81,0.5323251
COL27A1,0.5322922
DTL,0.53225523
CERS4,0.53225434
NSUN6,0.5322515
ZNF222,0.5322499
SYTL4,0.532247
IRF6,0.5321833
CRADD,0.53216684
PRICKLE1,0.5321601
FBXO25,0.53214866
CEP164,0.5321484
GNAL,0.53212243
CMSS1,0.5321114
L3HYPDH,0.5320816
GCLC,0.5320779
DHX16,0.5320417
NEU1,0.53201896
EPHA4,0.5319975
CANX,0.5319806
RASSF5,0.5319651
FNTA,0.5319585
INTS4,0.5319456
CYP2S1,0.53187823
MYSM1,0.5318718
CEP57,0.53187066
METTL4,0.53183585
COL4A1,0.5318295
LRR1,0.5317808
GPSM3,0.5317768
CAPN15,0.5317553
CRK,0.5317317
IGFBP7,0.5317038
COPE,0.53169835
KIF26A,0.5316908
CERS2,0.5316852
PTPN21,0.5316606
ZNF14,0.53165877
CTNNBIP1,0.5316419
PYGM,0.5316371
TMEM67,0.5316288
HAAO,0.5316063
CBFA2T2,0.5315979
COX6A1,0.5315476
FBXO30,0.53154224
MAP1S,0.53152424
GEMIN2,0.5314673
DTX4,0.5314403
EGLN1,0.5314302
DSC2,0.53141654
DDX18,0.5314036
COG5,0.53139997
DNAJC13,0.5313814
KCNJ15,0.5313513
CIAPIN1,0.531338
NDC80,0.5313031
PECR,0.5312853
RCAN2,0.5312549
F12,0.5312503
METTL7A,0.5312232
CDC42BPA,0.53120583
CAMK2D,0.53116834
CBX5,0.53116035
FUNDC1,0.5311335
PDCD7,0.5311162
CAPRIN1,0.5311137
HMGXB4,0.53111076
DDX27,0.53107464
CMPK1,0.5310681
CLOCK,0.5310672
FBXW5,0.5310586
FARSA,0.53105855
PEX3,0.5310564
ITGAX,0.5310432
EYA2,0.53104246
TPRKB,0.5310314
DCAF13,0.5310166
DCAF15,0.53100973
NPDC1,0.53089947
BSG,0.5308723
DNAJB4,0.5308678
EIF6,0.53085184
GUSB,0.5308392
CHD1L,0.53083014
CLPX,0.5308249
COG4,0.5308011
GPC4,0.5307978
DPY30,0.5307922
MED17,0.53075093
POLE2,0.5307509
PRKAR2B,0.53074044
EVPL,0.5307092
CCT2,0.53068304
MRPL53,0.53067774
IWS1,0.5306466
CEP350,0.5306418
CD55,0.5306327
EXOC7,0.53061044
MRPL44,0.53058463
DOCK6,0.5305839
EFNA1,0.5305641
HMGCL,0.5305309
DDX21,0.5305308
TMEM115,0.53051984
DOCK4,0.53044707
MAT2B,0.5304446
ERI2,0.53037137
CCT8,0.5303671
NAMPT,0.5303646
DHX32,0.5303639
GRN,0.5303539
DDX52,0.5303483
FRZB,0.53033143
SAT2,0.530276
CCT6A,0.5302702
EIF4EBP1,0.5302695
KIF15,0.53022736
CHCHD6,0.5302252
PGM2,0.5302214
MRPS15,0.5301778
FZD5,0.5301736
PDLIM4,0.5301509
DR1,0.53011453
PIGW,0.5300941
COPG1,0.5300832
HTATSF1,0.53008246
KANK2,0.53002995
EBAG9,0.5300115
DAP3,0.5300086
CMTM4,0.5299994
IPO4,0.5299797
BACH1,0.5299773
HMG20B,0.5299747
CYFIP2,0.529966
CHCHD2,0.5299457
MXD1,0.529928
CCNG1,0.5299156
EMC4,0.5298306
CORO1B,0.52982104
EMC1,0.5298088
DOK1,0.5297731
TOR1B,0.52976143
GALNT3,0.52972984
NOL8,0.5297244
DDX56,0.529702
RNF103,0.5296749
BTBD3,0.5296745
STAC3,0.52965534
SLC30A1,0.529646
PCYT2,0.5296344
ICAM3,0.5295987
CDK14,0.5295371
EFTUD2,0.5294954
TBC1D10A,0.52948564
FAM160A2,0.529465
ZNF175,0.52943474
ENGASE,0.52943003
TUBA8,0.52942216
KDM8,0.5294017
CUL1,0.52937335
FAM110B,0.5293562
LILRB3,0.52934325
DDX19B,0.52934134
CSNK1E,0.52932364
DDX39A,0.5293236
DISC1,0.52929854
FBXO27,0.5292766
L3MBTL2,0.5292716
CYB5R4,0.52924705
E2F2,0.529212
FHOD1,0.52916104
HAT1,0.5291497
LDHD,0.5291127
CHSY1,0.5291022
COQ5,0.5290733
CSTF3,0.5290684
DCTPP1,0.52904475
NUDT9,0.5290381
GNB4,0.52901447
DIS3L2,0.5290011
CAPZB,0.528981
CACNA2D1,0.52897835
CENPK,0.5289723
DAAM1,0.5289716
PPFIBP2,0.5289332
CPSF4,0.5288921
GMEB1,0.52889085
KLHL20,0.52887946
CCDC91,0.528876
IFNGR2,0.52886564
MASTL,0.5288639
NT5C,0.5288528
MAP1A,0.5287747
CYB5B,0.52876294
FMO4,0.5287438
TP53I3,0.52874005
FGD2,0.5287235
CSNK1A1,0.52872306
CDK1,0.5287029
RGS19,0.5287007
SGCB,0.52866066
CLEC2D,0.5286427
DDX24,0.5286268
LAT,0.52861035
DAPK3,0.52860963
FKRP,0.5286073
CNOT10,0.5286017
CDK2AP1,0.5285898
CCT4,0.5285823
TBXAS1,0.52855974
DENR,0.5285154
HNRNPUL2,0.52851295
CNOT4,0.52851105
DHX8,0.5284558
ZNF569,0.52843666
MFN1,0.52841127
TRADD,0.52840954
GIT1,0.5284085
EVC2,0.5283964
NCF4,0.5283865
COPS6,0.5283759
ENC1,0.5283713
DPH6,0.52834606
ESF1,0.5282897
KIF3A,0.5282716
PEX10,0.5282662
CEP72,0.5282589
EIF2B2,0.5282473
ITGA7,0.5282447
CDC27,0.5282089
HERC5,0.52819973
BRD9,0.52819467
DDX50,0.5281793
FAM168B,0.5281542
DERL1,0.52813613
DDOST,0.5280908
EBP,0.52808136
FAM3C,0.5280627
TIMP3,0.5280617
SLC22A4,0.5280574
CD46,0.528049
DNM3,0.5280433
CNNM3,0.5280412
STRADB,0.52802795
DHDDS,0.5280228
PHKG2,0.52799815
MYO5B,0.5279685
CLNS1A,0.5279319
ETHE1,0.5279235
CNN2,0.5279001
DHX35,0.5278788
PEX11B,0.52785707
NGFR,0.52785546
CHD9,0.52781314
TRIM3,0.5278075
MRPL47,0.52780205
EIF1B,0.527789
LEPROT,0.5277731
NFKBIZ,0.5277702
STX10,0.5277392
PRICKLE3,0.5277387
CNPY3,0.52770615
GALK2,0.5277057
RDH10,0.52764857
HPS3,0.52763706
CTSB,0.527612
GALM,0.52760726
KCNIP4,0.52756476
ERLEC1,0.5275552
CHD7,0.52755296
ZNF141,0.5275335
DCTN4,0.5275264
GRK6,0.527493
DVL1,0.5274781
SULF1,0.52745074
MOK,0.5274496
PARP9,0.5274448
PCDH1,0.527438
EBNA1BP2,0.52740645
DHODH,0.52740157
CLTA,0.52738386
MED6,0.52737075
ENTPD4,0.5273674
CIT,0.5273464
SMG8,0.52734345
ESRP1,0.5273202
NFYA,0.5272911
DCPS,0.5272413
CPSF2,0.52723426
RNASE1,0.52722883
CAST,0.52722704
GET4,0.5271954
ZNF225,0.5271948
CPSF7,0.5271873
GSK3A,0.52718174
LRRC8E,0.52715045
IDH3B,0.52714604
DYNLL1,0.5270886
EXOC8,0.52707255
FZD3,0.527043
EIF2AK4,0.52701014
GEMIN6,0.5269841
MRPL16,0.52698165
MRPS22,0.5269687
COPB1,0.52695
CCT5,0.5269499
DBNL,0.52693546
CLIC4,0.52692086
IDUA,0.5269139
COPS7B,0.5269098
KLHL22,0.526889
DGKI,0.5268527
COQ4,0.52684414
CLIP2,0.5268407
LTBR,0.5268282
CENPE,0.52682424
EIF2B5,0.52681774
DCTN2,0.5268081
POMGNT2,0.5267945
TM6SF1,0.5267851
DAPK1,0.52678335
COL7A1,0.52672905
GPT2,0.5267088
ETFA,0.5266994
CSNK1G2,0.5266874
COX5A,0.5266856
KDM6B,0.5266486
NDUFB8,0.5266005
GPAM,0.52656734
CPEB2,0.5265329
KCNJ2,0.5265098
PGAP3,0.5265095
GNPDA1,0.52650553
CYBA,0.52649707
CHM,0.52645516
CNNM2,0.5264401
SLC25A14,0.5264195
GABPA,0.5264042
DERA,0.5264
GPX7,0.5263964
SNX18,0.52638495
DCAF7,0.5263847
GTF2E2,0.5263658
DOCK11,0.5263642
EPC2,0.5263539
CSPP1,0.52635235
TRPV2,0.52634525
GPC1,0.5263016
KCTD6,0.52629673
REEP2,0.5262767
DDX54,0.5262712
RECK,0.5262576
CLDN12,0.52625066
CHKA,0.526244
HADHB,0.526233
G6PC3,0.5262287
RPL21,0.5262044
GLE1,0.52620286
EIF2D,0.5261932
CTPS1,0.5261744
DTX3L,0.5261449
COL4A6,0.5261378
PELI3,0.52612585
GIMAP4,0.5261172
DCP1A,0.5260991
FCHO1,0.52606964
ZNF112,0.5260424
MECR,0.5260385
DHCR7,0.52600926
CHD1,0.52595633
CDC42BPB,0.5259436
ING4,0.5259208
DLG4,0.52588755
MICAL2,0.52584857
PAN2,0.52582824
INPP5F,0.525799
COX10,0.5257962
LSM10,0.525782
MAN2B2,0.52576905
JMJD4,0.5257685
CWC27,0.525766
CYSTM1,0.52573866
DHX38,0.5257014
CEP192,0.5256817
EGR3,0.52566326
IRF7,0.5256151
PDCD5,0.52559066
DOCK2,0.52555525
CUL4B,0.5255546
DGKH,0.52553296
CLDN4,0.52552176
DUSP14,0.5255165
CPSF1,0.5255011
HLX,0.52549964
HAGH,0.52549744
INTS9,0.5254885
SEMA5A,0.5254734
FBF1,0.5254734
GALNT6,0.52546054
FERMT3,0.52545315
KAT5,0.52544606
FNTB,0.52544385
CEP152,0.52541035
DNAJA1,0.5253827
LHX6,0.5253658
EHD1,0.5253576
DPP7,0.52533644
ZNF614,0.5253364
CERS6,0.52532643
DNAJA2,0.52530307
DENND3,0.5252802
CRTAP,0.525278
DLAT,0.5252777
DGKZ,0.5252693
INPP5A,0.5252692
CTPS2,0.5252627
MRPL19,0.52522236
FARP2,0.5252136
GLA,0.525212
DCAF12,0.5252115
SMAD9,0.52521014
PLEKHG2,0.5252046
CWF19L2,0.52519864
CORO1A,0.52518064
OIP5,0.5251636
IL16,0.52515393
EPB41L4B,0.52513963
ERN1,0.52512544
DCTD,0.5251021
CLIC1,0.5251015
TEFM,0.5251011
NDRG2,0.525077
PAFAH2,0.5250754
RFXAP,0.52506
PRPF31,0.5250565
COMMD1,0.5250534
MALSU1,0.52504516
PPM1F,0.52504146
CFLAR,0.5249948
PSD,0.52499306
GTF2H3,0.5249876
PDP1,0.5249582
CUL5,0.5249533
CTSH,0.52493626
THAP1,0.5249109
CSE1L,0.5248981
MPI,0.5248852
KIF9,0.52485305
GUF1,0.5248508
CHTOP,0.5248265
EIF2S2,0.52482504
CYB5A,0.52480316
HPS4,0.52477556
EMC8,0.52476335
PNO1,0.52475125
COBLL1,0.5247476
CSGALNACT2,0.5247319
CKAP4,0.5247123
SNAPC1,0.52471054
GADD45GIP1,0.52470756
EPB41L1,0.52468723
ERAL1,0.5246824
DBF4,0.5246699
DNAJC9,0.52465546
EMC9,0.5246441
LPCAT4,0.5246322
LIPT1,0.5246276
GCH1,0.5246252
GABBR1,0.5246065
MYLK,0.5245925
CRABP2,0.524579
CLPB,0.52457595
MFSD2A,0.5245311
LGALS8,0.52452326
ETNK2,0.5245219
ERCC8,0.5244593
FBXL14,0.5244555
CBX1,0.5244517
NLRX1,0.52444977
CYCS,0.5244393
EIF4E2,0.524427
EIF4A3,0.5244168
FOSL1,0.5243975
IBA57,0.52439487
FBXO22,0.52438897
POLB,0.5243888
KBTBD6,0.5243349
HUS1,0.5243346
CPEB4,0.5243306
DDX42,0.5243197
MVP,0.52427095
MCCC1,0.5242319
ITGBL1,0.5242003
GNE,0.5241922
HSD17B8,0.52417815
DCAF11,0.5241741
PTPRN2,0.5241699
CHD3,0.52416956
CHMP4B,0.5241668
DDX55,0.5241664
CAPZA1,0.5241339
TGM2,0.52410805
ITGB4,0.5240752
DMD,0.5240336
KLHL9,0.52402604
HSD17B1,0.5240145
CNDP2,0.5239895
PPID,0.5239649
GALNT12,0.5239635
PPP2R3C,0.52395177
DDRGK1,0.52392447
PLA2G12A,0.5239159
DIABLO,0.5239087
GPR153,0.52390575
RAB40B,0.52390456
COX7A2L,0.52389455
DDX11,0.52389234
EXOSC5,0.52388895
FN1,0.52388376
COPB2,0.5238775
COX6B1,0.5238532
DAZAP2,0.5238518
EIF2A,0.5238415
DLGAP4,0.52383965
DNTTIP2,0.5238311
CYC1,0.5238188
ZNF347,0.52380615
GPR160,0.52376914
GHDC,0.52373254
FZD6,0.5237227
IER3,0.5237192
CCT3,0.52368677
MED23,0.5236524
DUS2,0.52363706
DNAJB14,0.52363056
DNAJA3,0.52360135
DDX23,0.5235963
ENO3,0.52359366
NECAB3,0.52358145
ZNF517,0.52357495
NAA20,0.5235491
DBI,0.5235487
TRIM68,0.5235421
JMY,0.5235231
GBP2,0.52348655
DNAJC24,0.52346313
MSRB2,0.52343863
ZNF383,0.5234219
OPRL1,0.5234095
LFNG,0.52336043
GTF2E1,0.5233237
ENTPD5,0.5233104
FBXL18,0.523298
PINK1,0.5232681
DLST,0.52326393
HMBS,0.5232257
DBT,0.52321845
ING3,0.52320915
ECH1,0.52318376
DENND4A,0.52317417
PRPF18,0.5231516
ELMO1,0.52314985
CSNK1G3,0.52313447
DUS1L,0.523134
FEZ1,0.5231324
FBXL12,0.52307606
SNAPC2,0.5230652
RABEP2,0.52306324
IFT52,0.52303314
EGLN2,0.5230094
MSR1,0.52300423
ELOVL1,0.5229794
MOB2,0.5229726
GMPPA,0.52296555
SYT11,0.5229512
MAP4K2,0.5229473
FADD,0.522945
ECI2,0.5229416
EARS2,0.5229394
SPON2,0.52290803
DOK4,0.522906
NSUN5,0.52289736
IMPDH1,0.5228973
CTTNBP2NL,0.52288705
TBC1D25,0.5228795
EGLN3,0.5228775
FHL2,0.5228676
OAS2,0.5228567
ITGA9,0.5228489
CHORDC1,0.5228075
ELF1,0.52280605
ILK,0.5227956
FBXW9,0.5227691
EPS8L2,0.5227621
ZNF490,0.5227562
MRPS10,0.5227499
ERGIC2,0.5227286
CTSD,0.52271324
E2F7,0.5227047
CLINT1,0.52269423
DEPDC1B,0.52268475
FKBP5,0.5226777
MBP,0.5226773
EMD,0.52266294
ZNF530,0.52264595
GINS4,0.5226203
WDR31,0.52261335
DCUN1D2,0.5225997
MFAP2,0.5225953
FUCA2,0.5225909
FMN1,0.52258813
SGPP2,0.52258575
DBF4B,0.5225857
FIS1,0.5225517
DSG2,0.52253306
GPSM2,0.5225277
TLR4,0.5225062
GCDH,0.5224886
FIBP,0.5224546
CPEB3,0.52242845
RBMX2,0.5224139
TCTN2,0.5224031
FRMD6,0.5223834
DHX37,0.5223691
CSAD,0.52236253
GKAP1,0.5223558
CPE,0.52234995
GTPBP10,0.5223494
DNAJC3,0.52232397
ESD,0.5223018
NSDHL,0.5222974
LAMA2,0.5222943
DCAF16,0.52228826
DEPDC1,0.52227354
MINPP1,0.5222671
MAGOHB,0.5222
CPSF6,0.5221823
PEX13,0.52218086
GSTM3,0.52217937
KCNC3,0.52215874
MTHFS,0.52214843
DOCK10,0.5221381
FGD1,0.5221106
ZFP1,0.5221
CNOT6,0.52209973
ENTPD6,0.522088
FAM111A,0.5220344
CFDP1,0.52203417
GALNS,0.52201337
LMOD1,0.52201086
DOCK7,0.5220025
NFKBIL1,0.52196205
MRI1,0.5219482
PPT2,0.5219298
GRWD1,0.5218977
POGLUT1,0.5218902
DDHD1,0.52187353
IFNLR1,0.5218666
PBDC1,0.52186346
LSM5,0.5218571
GFER,0.5218438
RNASEL,0.5218217
IFIH1,0.5217978
F3,0.52178454
TPRN,0.5217684
CYTH3,0.5217581
EEF1E1,0.5217494
ERLIN2,0.52173156
RDH5,0.5217254
GGPS1,0.5216824
HSF2,0.5216809
IMPA1,0.52167684
CSK,0.5216756
OCLN,0.521665
EHD2,0.5216575
DPYSL2,0.52164537
ENO2,0.52163494
HACE1,0.52163464
DMXL2,0.5216255
EXOC6,0.52161235
GCC2,0.5215777
FAM131B,0.52157354
HBP1,0.52156705
FAM91A1,0.5215467
HPSE,0.5215374
EDEM3,0.52153206
FZD2,0.52152306
GMIP,0.52151495
MAP3K5,0.52150345
TBC1D10C,0.52148414
COL4A2,0.5214825
HPS6,0.5214817
TFAP2E,0.52147335
GGCT,0.5214568
HSPBP1,0.5214372
HOXB6,0.5214343
DGKA,0.5214302
GALNT18,0.5214277
LMBR1L,0.5214006
GNAO1,0.5213987
RASL10A,0.5213974
CSNK1G1,0.521379
DVL2,0.5213721
DUSP12,0.5213691
GCFC2,0.5213529
ERCC6,0.521351
MRPL18,0.5213447
PALMD,0.52132416
MRPL39,0.52132094
CNOT2,0.52131903
S1PR1,0.5212977
NFIL3,0.5212815
LRRC40,0.5212785
CTDSP1,0.5212079
GALE,0.5212053
HSPA14,0.5211918
ITGA3,0.52118134
HVCN1,0.52117616
ENG,0.5211542
MAP3K9,0.521145
KCNMB3,0.5211173
EIF2AK3,0.5210522
DENND4C,0.5210471
PADI2,0.52104664
GLMN,0.52104235
FBXO7,0.5210199
DRG1,0.5210145
ELAC2,0.52100015
CTNNBL1,0.5209856
ZKSCAN3,0.5209806
METTL22,0.5209775
CTSZ,0.5209668
GOSR1,0.52095187
IFT46,0.52092844
DAB2IP,0.52088606
E2F6,0.52085245
LIPA,0.52084917
DDX1,0.5208308
EMC10,0.52080816
INPP1,0.5208065
DYNLT1,0.52080065
ITGB2,0.5207921
NME3,0.5207834
PLEKHA3,0.5207574
GK,0.5207219
FABP5,0.5206649
JOSD2,0.52066404
NDUFA8,0.5206532
DLG3,0.5206497
EPB41L5,0.52061504
EHMT2,0.5205629
IFIT5,0.52055746
DNAJC8,0.5205202
GAR1,0.52049726
GBA,0.5204465
ZNF419,0.5204441
SLC25A20,0.5204063
FBXO8,0.52038336
NMB,0.52038085
PLD6,0.52037805
CYTH1,0.5203656
GPAA1,0.5203633
SECTM1,0.52035356
DGKE,0.5203418
CYB5R3,0.5203192
IFT57,0.5203174
IL2RB,0.5203139
FCHO2,0.5202732
MRPL27,0.5202481
HENMT1,0.52023405
PBK,0.5202316
FUZ,0.5202252
LEPR,0.52020776
IFT122,0.52017826
DHTKD1,0.52017325
GGH,0.52016115
ZNF324B,0.5201537
E2F5,0.5201387
ITGA2B,0.5201366
NR1D2,0.5201328
MOCS3,0.5201277
CXXC5,0.52012175
DYNC1LI1,0.52011025
RHPN2,0.5201078
DGUOK,0.5200996
FZD8,0.5200589
LSM7,0.52004075
MRPL55,0.5200391
EFEMP1,0.5200109
DCTN5,0.5199969
MTF1,0.51999354
CLASP2,0.5199678
GANC,0.5199606
DPH7,0.5199523
MAGOH,0.5199473
GALC,0.5199421
DCAF5,0.5199281
GALK1,0.5199213
DHX36,0.5199135
FEM1A,0.51990837
FAM110A,0.5199015
DVL3,0.5198916
DLD,0.51989096
JAG1,0.51987576
EME2,0.51985127
EIF4ENIF1,0.5198418
FNIP2,0.51983833
IL11RA,0.5198197
PTGER2,0.51981163
EFNA4,0.51980615
KCNJ14,0.51980466
DCUN1D5,0.5197873
IRF9,0.5197863
PLB1,0.51976043
HEXIM2,0.51975715
FBXO10,0.519731
DDX31,0.5197186
NANP,0.519717
DENND1B,0.5197163
LRWD1,0.51969945
IDH3A,0.5196548
EFNB3,0.5196396
MGAT4A,0.5196249
FAM98B,0.519572
CYFIP1,0.51955575
FECH,0.519545
EIF2S1,0.51953113
TLR7,0.5195244
MAPK7,0.5195154
PDGFD,0.5195051
TNFSF10,0.5194788
ZKSCAN7,0.5194504
EYA3,0.5194366
ESRP2,0.5194267
E2F4,0.51941645
RABL2A,0.5194028
MPHOSPH10,0.51940113
NUDT14,0.51939875
GUCY1A2,0.5193852
PHLDA3,0.5193762
PCDHGA6,0.5193722
GFM1,0.51935905
EXOC3,0.5193211
IFIT1,0.51930046
D2HGDH,0.51928204
KLHL42,0.5192747
GATC,0.51921296
MR1,0.5192112
MTRF1L,0.5192075
IL4R,0.51918626
LDB2,0.51918346
DUSP16,0.5191724
GARNL3,0.51913804
GSDMD,0.51912826
CTDSPL,0.5191202
HSD11B2,0.5191087
MYO1F,0.51910055
DENND6A,0.5190973
GTPBP3,0.5190847
DNAJC2,0.51907647
PTAFR,0.5190746
FMR1,0.5190742
GPR161,0.5190642
LIF,0.51904994
INPP5E,0.5190471
HAUS3,0.51903254
NDUFA3,0.5190244
DCUN1D4,0.5190188
ELP6,0.5189768
MAFK,0.5189606
MRPS17,0.518952
HNRNPLL,0.51894116
NPC1,0.51892626
FBXO2,0.518832
DNAJC15,0.5188034
KRT17,0.5187993
HOXB4,0.51878285
CENPF,0.51877916
FBXL19,0.5187785
HCAR2,0.5187335
HLA-DMB,0.51873255
SURF2,0.5187309
GPKOW,0.51871127
DENND4B,0.51869786
KRT10,0.51868594
KCNIP2,0.5186817
MRPL13,0.5186588
PKIA,0.5186189
ZNF641,0.51861084
KDM1B,0.5186
PCDHB10,0.5185741
STK11IP,0.51854527
EMC7,0.5185379
HEXIM1,0.5185312
NDOR1,0.51850504
G6PD,0.51849705
NR1H3,0.5184925
RGS17,0.5184834
FLRT2,0.5184733
IFT27,0.51845413
RPP38,0.51844734
SLC27A2,0.51843125
RBM45,0.51841575
ZNF439,0.51841563
MRPL22,0.5183858
HS6ST1,0.518383
GSTM2,0.51838106
TAF9B,0.5183524
GPSM1,0.51833516
GSPT2,0.51831627
MUS81,0.5183154
DNAL1,0.5182748
HECA,0.5182704
ERI1,0.51825184
ITGB7,0.51822376
MYLK4,0.51819295
ELMO2,0.5181735
FBXO38,0.5181587
SH2D2A,0.5181485
NMNAT2,0.518117
ZNF71,0.518099
MICU2,0.5180988
GNA15,0.5180911
CUL2,0.5180785
GRAP2,0.5180762
GJC1,0.51802856
GIT2,0.5180098
EPHA1,0.51800394
DKC1,0.51799124
EDC3,0.5179715
SPATA2L,0.5179682
NSMCE1,0.5179594
SLC2A8,0.51795805
KREMEN1,0.51791996
DNAJB12,0.51791954
NCALD,0.51791805
NDUFAF4,0.51791227
DCP2,0.5179057
GBP1,0.5179047
PAPSS2,0.51789
ESYT1,0.51787937
HDAC10,0.51785284
ZNF846,0.5178414
DNA2,0.517828
JAM2,0.5178085
DPH5,0.51779014
FBXL5,0.5177785
DNAJC10,0.5177752
ELP5,0.51775
MCM10,0.5177462
HDAC9,0.51773095
GYS1,0.51772195
ITGA2,0.5177189
VAMP4,0.5176854
ITGAL,0.5176324
LNX2,0.51763
DZIP1,0.5176237
FTSJ3,0.51761866
INO80C,0.5176138
EXO1,0.5175828
DSN1,0.51757336
GINS1,0.51756805
GSTK1,0.5175599
EPB41L3,0.51755613
ELAVL1,0.51754993
GPN1,0.5175372
GLRX,0.51752263
EXOC1,0.5175188
FMNL1,0.5175055
DHX33,0.51750314
KRT80,0.5175001
FDX1,0.5174939
CLSTN1,0.51748824
ESRRA,0.51748437
KCTD15,0.5174807
GRPEL1,0.51745343
GYG1,0.5174435
RUNDC3A,0.5174428
IDH3G,0.5174399
IL17RC,0.51743126
PUS3,0.5174297
FOXRED1,0.5174175
THBS2,0.5174003
ZNF543,0.51740026
GNG11,0.51739675
IL2RG,0.5173759
SLC39A4,0.5173484
FUCA1,0.5173237
SYP,0.5173231
MSRA,0.5173167
EIF2B3,0.51730895
GMPPB,0.5172991
SPRY1,0.51729035
NDUFB6,0.5172832
SYCE2,0.5172694
DLGAP5,0.5172591
PRRT2,0.5172457
FGF11,0.5172456
PDZD11,0.5172326
MATK,0.51719964
LARP7,0.51717323
EEA1,0.51715344
PDE12,0.51714605
FBXO17,0.51710993
GEMIN4,0.51710355
HOOK2,0.517089
EXOC5,0.5170837
ZNF69,0.5170482
DTNBP1,0.5170232
IPP,0.5170198
FAIM,0.5170124
USP43,0.5169864
GPANK1,0.5169717
PHKG1,0.5169691
IL2RA,0.5169453
IBTK,0.51693827
EMC2,0.5169317
NAGA,0.51693153
LRP2BP,0.51692206
GSTM4,0.5169134
FAM8A1,0.51688415
EVC,0.5168383
MAN1C1,0.5168326
GCC1,0.5168038
MMAB,0.51678455
LEO1,0.51674145
FAM98A,0.51673234
GEMIN8,0.5167199
LDLRAP1,0.51670074
NLRP3,0.5166979
HHAT,0.51667154
LAMB3,0.51665056
GSTZ1,0.51664376
ZNF684,0.51662266
ISG15,0.5166203
DPF2,0.51661897
LOXL1,0.5165877
HDAC6,0.5165818
SLC22A17,0.51657194
KATNA1,0.5165653
RAB3D,0.5165389
ORAI3,0.51649225
KRBA1,0.51647836
FAH,0.5164277
GEMIN7,0.5164176
NIP7,0.5164111
HELZ2,0.5163915
FAHD2A,0.5163824
SYDE1,0.51638186
OPTN,0.5163686
NID1,0.516363
NUFIP1,0.5163434
FGFRL1,0.5163417
MPHOSPH8,0.5163366
IFT88,0.5163213
PPP1R3B,0.51630527
MAPRE3,0.5162798
PTPN22,0.51627666
ECHDC1,0.51626736
LIMS2,0.516265
ICAM1,0.51622754
PAK6,0.5162262
RAB38,0.51619244
MRPL24,0.5161582
ZNF416,0.51612335
TRIM45,0.5160891
OAS3,0.51608807
IRF2BPL,0.51607865
ZNF555,0.51606506
LMBRD1,0.51604253
FBLIM1,0.51602894
EXOSC9,0.51602274
MED20,0.5159973
CSNK1D,0.51599383
TMEM17,0.5159818
MTMR6,0.51597655
FBXL4,0.51597345
GDF11,0.51596546
HEPH,0.5159627
RAB3IL1,0.51594234
LY86,0.515938
FBXO32,0.51592356
INPP5K,0.5159149
NDUFA12,0.51590264
HACL1,0.51587707
GPR180,0.51585907
ZNF671,0.51582175
KLHL2,0.515812
PRKAB1,0.51580805
MAN2C1,0.5157864
HPDL,0.51577955
FKBP3,0.515771
GRAP,0.5157362
OSTM1,0.5157145
RAB32,0.5156812
POLM,0.51567096
KLHDC2,0.5156662
PCDHB15,0.5156521
ETFB,0.515637
LYPD3,0.5156188
NEB,0.5156172
PNPLA4,0.51561004
SPRY2,0.5155541
ZKSCAN4,0.5155535
GPCPD1,0.5155344
HSPA1B,0.51552826
MPC1,0.51551425
NR5A2,0.5155126
ETV3,0.5155034
FCF1,0.51549
RBBP9,0.515483
DYNC2H1,0.5154786
IDS,0.5154651
FOSL2,0.51539904
TTC12,0.5153857
SYTL2,0.51537734
ITGA4,0.51536566
GRHL1,0.5153349
EIF2AK2,0.5153334
F2RL1,0.51532805
FBXL2,0.51530814
KIAA0513,0.5152806
ICAM2,0.5152292
KLHL25,0.51522374
HCFC2,0.515194
MAN2A2,0.5151912
LAMTOR3,0.51515704
HNMT,0.5151298
ZNF506,0.5151189
NFRKB,0.5151095
FKBP2,0.5150993
RASAL3,0.51509553
GGCX,0.5150695
MAP1LC3B,0.51503617
HSD11B1L,0.51503146
MCF2L,0.5149931
GPR132,0.51499224
GLCE,0.5149812
PIGO,0.51497
HSD17B10,0.51494
PIGP,0.51493376
EHD4,0.5149196
PCGF1,0.5148825
PARVG,0.5148718
HCK,0.5148464
RPL36A,0.5148341
GDPD5,0.51482505
LNX1,0.51481974
NOC3L,0.51472986
WNT9A,0.5147289
SEMA5B,0.51471746
KIFAP3,0.5146932
NIPSNAP3A,0.51467913
LSM11,0.5146787
PSMC3IP,0.5146777
IRAK4,0.51466095
GPN3,0.51465946
LSAMP,0.51460904
OXSM,0.5145972
PIGV,0.5145721
HAUS1,0.5145667
GABPB1,0.51455015
PSMA2,0.5145486
OXTR,0.5145474
ORMDL2,0.5145035
FUT4,0.5144942
TBC1D8B,0.5144812
RNF144A,0.51447
PORCN,0.5144551
LCMT2,0.51443154
PDLIM2,0.5144214
FOXRED2,0.514418
TRIM39,0.51440036
FBXO5,0.51439583
EPHA2,0.5143722
DSP,0.5143597
GOLGA2,0.5143578
ING2,0.51435745
SPICE1,0.51434374
TBX19,0.51432014
LRFN4,0.5143127
N6AMT1,0.51429886
NCF2,0.5142988
LLGL2,0.5142969
PEX16,0.51427114
IL15RA,0.51426864
EPN1,0.5142671
TNFRSF10C,0.5142494
RORC,0.51418394
GTF2B,0.5141827
KIF17,0.5141766
DTNB,0.5141696
EXOC2,0.5141587
IL10RA,0.5141279
PER2,0.5141007
GGT7,0.514091
EXOSC1,0.51406944
ITGA1,0.5140436
FZD7,0.5140364
MTO1,0.5140271
KCNAB1,0.5139995
HELB,0.5139963
LOXL3,0.51396567
GRPEL2,0.5139629
KCND1,0.5139618
IKBKG,0.5139506
LRFN3,0.5139468
F2R,0.5139284
MED8,0.5138988
IL1RAP,0.5138836
RASGRF2,0.51386595
FBXL7,0.5138332
WNT2B,0.51382077
HERC3,0.51381236
KRIT1,0.5137983
PTGIR,0.51379484
GTF2A2,0.51378655
TXK,0.5137851
GTF2H1,0.5137285
HIP1R,0.5137079
MVB12B,0.5136895
HGSNAT,0.5136781
MKKS,0.5136714
MOCS1,0.51366913
EXOSC7,0.51366746
NINJ1,0.51361775
RSAD2,0.5136069
GPD1L,0.51359826
LCP2,0.5135961
MRPL46,0.51359594
TNFSF12,0.51358116
NTAN1,0.5135638
EIF3G,0.5135484
MED11,0.5135448
HAVCR2,0.513541
GNS,0.5135173
NRN1,0.5135142
TNXB,0.5135098
TLR6,0.5134987
MATN3,0.51348966
PLD2,0.5134835
KRT5,0.5134661
HCCS,0.5134318
NFS1,0.513422
FRS3,0.513392
LIPE,0.5133918
IRF5,0.51335484
NFATC1,0.5133368
HECTD3,0.5133203
HSPA4L,0.51330906
PIGM,0.5132967
LSM3,0.5132704
HELQ,0.5132634
ZNF549,0.51324064
FEZ2,0.5132347
KRTCAP2,0.5132317
RINL,0.513231
MTFMT,0.51322526
PTCD1,0.51321995
MRPS23,0.5132006
GATM,0.5131665
FLAD1,0.51313347
EMB,0.5131
RASSF6,0.5130998
GABPB2,0.51306105
KRR1,0.5130422
HAUS2,0.5129919
KHDRBS3,0.5129881
ZFP69B,0.5129701
LRP3,0.51296204
GAN,0.5129547
GPN2,0.5129464
FBXO41,0.5129048
SERPINB8,0.51289266
MANEA,0.5128315
INTS5,0.5128313
GDAP1,0.51279277
PPFIA4,0.51278746
POMK,0.512766
EXTL3,0.5127544
GPX8,0.51274914
PPP2R5B,0.5127415
GMNN,0.5127207
DNM1L,0.5127188
FMNL3,0.5127171
NMI,0.51270074
PAIP2B,0.5126992
IFT81,0.51266825
HECTD2,0.5126596
MOCS2,0.51263404
SLC30A4,0.51262176
IRAK3,0.51261616
HAUS8,0.5126141
FANCB,0.5126062
GNPDA2,0.5125644
ZNF350,0.51255137
NNMT,0.512546
TTC26,0.51252145
RPL26L1,0.51250994
NOC4L,0.512488
MBIP,0.5124479
PPP1R3D,0.51242226
SCNN1D,0.5124169
MYH14,0.5124105
GIMAP8,0.5123864
FAM220A,0.51238203
ENOPH1,0.5123787
POLR3GL,0.5123758
MED26,0.5123358
IFIT3,0.51232886
PLK3,0.5123215
MAPK12,0.51231456
SCN1B,0.51228577
FYTTD1,0.51228535
GPATCH1,0.5122677
IFNAR2,0.51224816
EXPH5,0.5122172
MYL5,0.5122118
RASGRP2,0.51219654
KIF13B,0.5121873
PDXP,0.5121806
LAG3,0.5121449
PTGER4,0.51214015
DFFA,0.5121388
NSMAF,0.51212287
PHF11,0.5121015
RNF152,0.5120997
TDRKH,0.512092
ZNF470,0.51208264
KDELR3,0.51206124
NR2C2AP,0.51202315
NPR1,0.5120077
NPL,0.5120072
OPLAH,0.5119704
MRPS36,0.51196975
IL6R,0.5119473
IL20RB,0.5119151
GAS2L1,0.51189375
PIWIL4,0.511893
HAUS4,0.51188624
GAA,0.5118745
PLCD1,0.5118601
ISY1,0.51184314
IL17RB,0.511843
MBOAT1,0.51180786
TLR3,0.51176894
PLXNB3,0.511759
FAN1,0.5117375
HOXA10,0.5117299
RPF1,0.51172215
FBXL3,0.5116433
ITGAE,0.5116028
HPS5,0.51154613
MEAF6,0.51153314
ZNF354C,0.5115098
KLHL21,0.5114793
MED7,0.5114572
MSX1,0.5114228
ST8SIA1,0.5114188
PIP5KL1,0.5113683
INTS2,0.51136523
PTGS1,0.51135725
SHC2,0.5113527
SMPD2,0.511329
KRI1,0.51131415
IFT20,0.5112916
MCEE,0.51128733
PTPN7,0.51128316
GTF2H4,0.5112578
SH2D3A,0.51125264
ZNF600,0.5112473
PCDHB3,0.5112308
NLGN3,0.51122445
ZNF836,0.51121783
PRICKLE2,0.5112108
HSPA1L,0.51120657
NFU1,0.51117593
RAB33B,0.511156
H6PD,0.5111316
LPIN3,0.51111794
OASL,0.511093
NDN,0.5110913
L3MBTL1,0.5110867
NOL12,0.5110859
LXN,0.51108146
GMPR,0.5110737
SWSAP1,0.51105976
PLAT,0.5110519
IFI44,0.51102847
MRPL35,0.51102126
ZNF567,0.5109433
KCNS3,0.51091444
RAP1GAP,0.5108874
PLEKHG4,0.51086605
FKBP15,0.5108445
KTI12,0.51083666
SLC44A4,0.5108326
KPNA5,0.51081973
HEXB,0.5108178
MYCBP,0.51080084
MED29,0.5107852
SERPINF2,0.5107574
NAT1,0.5107546
ZNF626,0.51074946
ZNF354A,0.51074684
GOT1,0.51074636
IFT172,0.5107044
RAB37,0.5107023
LYAR,0.51070124
SLC35A1,0.51066184
MUC3A,0.51059973
SYNE3,0.5105921
KIF21B,0.5105819
RHOJ,0.5105622
LONRF1,0.51050025
ZNF709,0.51048875
KCNC4,0.5104444
NIT2,0.51040477
ZNF528,0.51040065
TGFB3,0.5103523
HOXB7,0.51031953
SEC31B,0.51031816
MRPL54,0.5103159
GEMIN5,0.51030207
MRPL40,0.51029885
IQCE,0.5102841
ZNF184,0.5102286
INO80B,0.51018435
RGS14,0.5101811
MAP3K8,0.5101737
MICALL1,0.5101653
SCUBE2,0.5101125
HARS2,0.5100787
ROBO3,0.5100706
ZNF443,0.51005965
JAG2,0.51005495
KAT2A,0.5100298
NUDT12,0.51002616
IL10RB,0.5100122
LPAR2,0.50999045
NABP1,0.5099417
GNB5,0.5099075
MBTPS2,0.50988656
SNAI1,0.5098496
ZNF442,0.50983137
PIGF,0.5098161
IL13RA1,0.5098022
SENP8,0.5097962
HYPK,0.50976914
LAMP2,0.50975156
KCNQ1,0.5097356
MAPK13,0.5096845
MMP17,0.50967944
NRL,0.5096762
NEDD1,0.5096601
MGAT2,0.5096528
MON1B,0.5096324
MOAP1,0.50961965
HAUS5,0.50957227
ITPKC,0.5095705
IKZF4,0.50953805
LRRC49,0.5095315
HEBP1,0.50951844
HSPA6,0.5095157
HMOX2,0.5095115
ZNF418,0.5095013
KCNN4,0.50948536
KATNB1,0.50948364
LLGL1,0.50945497
ZNF699,0.50941545
HIGD1A,0.5094133
LAMB2,0.5094122
ITGA5,0.50941104
RNF25,0.5093868
SLC27A1,0.5093551
ZNF132,0.50934845
MAP3K10,0.5093003
IRAK2,0.5092679
ZNF433,0.5092304
ID2,0.5092158
HSPA13,0.50920725
PAQR5,0.509146
NAA30,0.50908875
PCDHB5,0.5090625
HMOX1,0.5090394
ISCA2,0.50903565
RHPN1,0.50901836
S1PR4,0.50899744
FIG4,0.50899506
KBTBD7,0.5089763
MGAT3,0.50895005
POP5,0.50894713
UBE2D4,0.50893897
MON1A,0.50889194
RABL2B,0.50887966
NOMO3,0.50886923
MAD2L1BP,0.5088301
NEIL1,0.5087938
PARD6B,0.50877446
MIEF2,0.5087071
ZNF415,0.5086976
MTMR10,0.508686
SYTL1,0.5086693
THSD1,0.5086651
IPMK,0.50865465
GAS8,0.50864303
RAG1,0.50860304
INTS12,0.50856054
ZNF467,0.5085308
IGFBP6,0.5085113
SDSL,0.5084667
RND1,0.50845814
PDE5A,0.50843984
KLC4,0.5084298
KCNG1,0.50837815
FNDC5,0.5083755
NAGPA,0.5083541
MUL1,0.50829804
LAMC2,0.50824136
MIS12,0.5082287
KIF26B,0.50821584
POLR3F,0.50819856
MAP9,0.508189
PDE4C,0.5081807
GSTA4,0.50817746
NOL3,0.50814116
RNF125,0.5081047
NTN1,0.50807834
SEC11C,0.5079526
MYO15A,0.50791776
KIF7,0.50791055
SRPX2,0.5079039
LRP4,0.5078682
MLPH,0.50783795
SPTBN4,0.50781834
TRPV4,0.50780994
NDUFA5,0.5077751
RASD2,0.5077191
TGM1,0.50770587
PFKFB2,0.5076971
INTU,0.5076744
TMOD2,0.50766927
RENBP,0.50765115
ZNF256,0.50763834
ZNF546,0.5076189
HSCB,0.50756365
OSGEP,0.5075441
ITGB6,0.50750625
FZD4,0.50747615
OAS1,0.50746065
RAB42,0.50745463
IL18BP,0.5074105
MARS2,0.50739217
PDP2,0.50736856
PARD6G,0.50736725
NAIF1,0.50734866
TBX2,0.507335
PLCB2,0.5073047
MMP15,0.507278
ZNF17,0.50723654
PPOX,0.5072277
KPTN,0.5072263
SPI1,0.50722504
ZNF774,0.5071999
LPCAT2,0.50717694
MTIF3,0.50716263
PLXNC1,0.507146
WDR5B,0.5071362
NME6,0.50711834
SEMA4G,0.50710076
KLC2,0.5070857
PCSK5,0.5070768
POMGNT1,0.5070728
NPRL2,0.5070592
PTS,0.50702894
NAGK,0.5069887
MCAT,0.50697243
HRH1,0.50697213
SIGIRR,0.5068961
NAPG,0.50689083
KCNMB4,0.5068717
RAPGEF5,0.50684273
PILRA,0.50681406
RNF139,0.50680393
TNFRSF25,0.5067942
ITGB1BP1,0.50677943
GOLGA1,0.5067707
MRM1,0.5067301
SLC7A7,0.50672805
PLEKHG6,0.50670093
MCUR1,0.50669295
ZNF793,0.506683
JMJD6,0.50662184
ZNF429,0.5065772
ZNF764,0.5065662
PEX12,0.50656456
ITPA,0.5065568
MLF1,0.5064204
MMAA,0.50639695
TRPM2,0.50637835
MMACHC,0.50637627
PTH1R,0.5063379
PLA2G15,0.5063359
PEX11A,0.506308
NMRK1,0.5063026
TMEM176A,0.5062356
MED19,0.50623304
PLCH2,0.5062225
NUDT16L1,0.50621164
STX11,0.5062052
VPS37D,0.5061784
USHBP1,0.5061661
PIPOX,0.5061589
NSMCE4A,0.50614786
NEIL2,0.5061359
MPP7,0.5061241
RABIF,0.5061193
MRPS14,0.506086
MTIF2,0.50608426
HOMER3,0.5060835
ZNF461,0.506055
MCM8,0.5059292
KIF5C,0.50589335
RPP40,0.505828
P2RY11,0.50582534
TMEM187,0.50582445
POLE4,0.5058146
RABGGTA,0.50577694
SLC4A11,0.5057486
KRBOX4,0.50574785
IFI35,0.5057193
NOM1,0.505715
MAK16,0.50570214
MTM1,0.5056012
IFT74,0.50559825
SEPSECS,0.5055836
SEMA6C,0.5055787
KLHL11,0.5055722
PANX2,0.50555307
LZTS3,0.5055449
PAQR3,0.5054767
MED9,0.5054364
NFASC,0.50542474
PRNP,0.505418
SGIP1,0.50540507
S100A3,0.50537384
LAMTOR5,0.5053587
TCEAL1,0.5053431
RGCC,0.50534064
NHLRC3,0.5053143
KLHL3,0.50526583
MCM9,0.5052284
PDCL3,0.5051962
MLKL,0.5051811
SCIN,0.5051633
RELL2,0.50513357
PAQR8,0.50512207
MRPL41,0.50510055
PCYOX1L,0.5050845
MIB2,0.50502664
MRGBP,0.50495654
MAPK8IP1,0.5048744
U2AF1L4,0.5048692
MRPL33,0.5048691
NT5E,0.50486624
ZNF2,0.5048648
RFK,0.50483775
NDUFA9,0.5048314
IRF2BP1,0.50482523
PCOLCE,0.5047637
IL17RD,0.5047604
MRAS,0.5047481
PTN,0.5047211
NOMO2,0.5046281
ZNF577,0.50462383
NFKBIB,0.5045705
SHPK,0.5045047
HOXA5,0.5045011
ZNF790,0.504483
KALRN,0.5044474
SPAG4,0.50444335
SARDH,0.504439
MYO7A,0.50443107
HOMER2,0.5044126
KCNN3,0.50433666
SAP30,0.5043292
LZTFL1,0.50429094
TRPC6,0.5042843
RMDN2,0.50427794
PKP1,0.504266
NID2,0.5042455
RPGR,0.5042382
NTN4,0.5042274
HSPB11,0.50422186
RTN4R,0.50420487
ZNF773,0.50419205
SMOX,0.50419
RIN1,0.5040546
PRX,0.50402194
MPND,0.5040065
ZNF221,0.50399727
RAB4B,0.50395733
RNF6,0.5039168
ZNF284,0.50390667
PJA1,0.5038828
TTC30A,0.5038579
RGS2,0.5038305
NEDD9,0.5037403
PEX11G,0.50366807
PBLD,0.5036427
NR1D1,0.50354284
NDUFAF5,0.5035087
SMPDL3A,0.5034649
PSTK,0.5034455
MTMR7,0.5034088
PANK4,0.503372
PMM1,0.5033386
SLC40A1,0.5032975
MOSPD2,0.50326395
PARS2,0.5031798
PYGO1,0.50317335
LTB4R,0.50306123
RETSAT,0.50305855
RPP21,0.5030556
RIN2,0.5029926
MPP1,0.50297505
SFN,0.5028932
MX2,0.5028623
SEMA4F,0.502842
NTM,0.5027643
SLC18A2,0.5027432
MAFF,0.5027083
PTPRE,0.5026672
NXT2,0.5026391
NGDN,0.5025947
NDUFAF3,0.5025946
NDST2,0.5025646
RILP,0.5025151
RARB,0.5025114
PYCARD,0.5024541
MARVELD3,0.50243217
RNF113A,0.50230837
RIPK2,0.5023059
LIG4,0.5022893
OSGEPL1,0.5020496
RASGRP3,0.501985
NEK8,0.5019204
NDUFAF1,0.50189334
PLCD4,0.50182176
RAPGEF4,0.5016981
PSEN2,0.5016447
ZFP82,0.5015149
PCDH18,0.5014324
MAPK11,0.501307
HTRA2,0.50124913
SMPD1,0.5010867
INIP,0.501058
PAK1IP1,0.50087404
NKIRAS1,0.5008183
NR4A2,0.5003929
PPFIA3,0.5003858
LMF2,0.5001957
PCSK6,0.5001482
SGK3,0.4997124
NPHP3,0.499298
KIF27,0.4985093
RBAK,0.49753824
PNPLA7,0.4969166
