Gene Name,Score
TUBB,0.9998919
TUBA1B,0.9994629
TPT1,0.99933904
RPS3,0.99882907
PDE4D,0.99859446
PDE10A,0.99853957
RPLP0,0.99726725
PDE3A,0.9969915
RPL13,0.9969221
SMYD3,0.99490756
RPL41,0.9941193
TEAD1,0.9939247
TKT,0.99366575
RPS2,0.9927434
PKM,0.9926005
XRCC5,0.99259984
RPL27A,0.992257
RPS6,0.992007
TMSB4X,0.99182326
RPL3,0.98868877
SRRM2,0.98737365
TXNRD1,0.98551524
RPL13A,0.9854571
UBE2E2,0.9798834
RPS8,0.9785775
RPS9,0.97835827
RPL15,0.97777665
PDE4B,0.97695947
ZMIZ1,0.97488326
TPI1,0.97420335
RPS4X,0.9716626
WNK1,0.9708707
ZFR,0.97058916
SCD,0.9682883
PGAM1,0.9674124
RPL8,0.96663773
RPS23,0.9665917
UBC,0.9650523
RPS29,0.9637872
VMP1,0.9614375
RPS17,0.9606598
RPS19,0.96013683
UBE2H,0.95827585
SREBF2,0.95770586
TNS3,0.9572544
SERBP1,0.9560217
ZCCHC7,0.95310384
SMARCC1,0.95140433
WDR70,0.95082563
UBA52,0.9507875
SPTAN1,0.9500588
RPL37,0.94867754
UBE2D3,0.94632876
TPX2,0.9461278
RPL11,0.94425666
PTPRJ,0.94351053
ZNF207,0.9422834
UBA1,0.9421846
SLC25A3,0.94180626
RPL6,0.9409382
PFN1,0.94052356
RPL19,0.93852997
RPL32,0.9379466
TMBIM6,0.9373369
SLC7A5,0.9365386
UBE2K,0.9364411
USP34,0.9357226
TRPS1,0.93385786
PTK2,0.9338252
USP48,0.9331666
PTPN14,0.9316576
GAPDH,0.9290072
SSBP3,0.928509
UBAP2L,0.9266793
TNRC6A,0.925472
RPLP2,0.92514837
SLCO3A1,0.9250916
SEMA3C,0.923937
RPS5,0.92368865
WDR1,0.922941
RPS11,0.9227221
WASF2,0.9217755
VDAC1,0.92170095
UBR4,0.9215101
UST,0.9215076
SSH2,0.920613
TNPO1,0.91920924
UBAC2,0.91764486
USP9X,0.91740125
RTN3,0.91462696
RAN,0.9141359
TRA2B,0.9138691
TOMM20,0.9117855
WAC,0.91153365
XPO6,0.9096607
RPSA,0.909228
PRKDC,0.90655696
RPTOR,0.90571547
SAE1,0.90525794
RPS15,0.9050167
RPS12,0.90461403
TULP4,0.902544
VCP,0.9006507
UBE2R2,0.9006372
SMG1,0.9004283
SBF2,0.9000464
ZNF131,0.89951605
SPTBN1,0.89928615
VCL,0.89915246
TRAP1,0.8987636
TUBA1C,0.89855564
RPS15A,0.89775014
SRPK2,0.8976444
SRSF11,0.8951993
UCK2,0.8951221
SRP9,0.8940095
RPS27,0.8931737
TPM1,0.89093477
RPS16,0.89026433
PPP3CA,0.88903767
NFIA,0.8885633
USP10,0.8877803
RPL7A,0.8864274
SLC2A1,0.8856507
RPS27A,0.884949
PSAP,0.88477796
ZNF638,0.884646
UBE4B,0.88262135
TRAPPC9,0.8825882
PPP6R3,0.8824457
ZFP36L1,0.8823876
TUBA1A,0.8820629
YEATS2,0.8806771
STT3B,0.87874085
MYO10,0.876548
UBE2E1,0.87648165
PALLD,0.87641865
RBFOX2,0.87623817
SNRPB,0.87613434
SGMS1,0.8760489
SIK3,0.87517405
TBC1D5,0.8745189
RPS18,0.8743242
TOP2A,0.874028
WDR33,0.8740094
RPL23A,0.8733923
VGLL4,0.87330693
RTN4,0.8702543
TARDBP,0.8679941
SLC25A5,0.86725587
HNRNPC,0.8672486
RCC2,0.86715066
SLC39A1,0.8668796
TANC1,0.86572397
TUBB4B,0.8653802
TMPO,0.86493015
TBL1X,0.86363333
PDE7B,0.8630896
PTMS,0.86222434
SPIDR,0.8618875
YWHAB,0.8612748
TRIP12,0.86122835
UBE2G1,0.8606994
UQCRC2,0.86037004
ZFAND6,0.8602633
HSPA8,0.85998124
SLC7A11,0.8586043
SH3RF1,0.85837877
PUM1,0.85787874
ROBO1,0.85462594
RBM39,0.85453373
SEC11A,0.85372293
SSBP2,0.8531792
TRERF1,0.8530816
TBCD,0.8522332
SRSF4,0.85201985
NAP1L1,0.8519742
U2AF2,0.8516405
WDR6,0.851413
UGP2,0.8499743
SERPINH1,0.84979314
TBC1D4,0.8493871
RPL28,0.8487172
PLEC,0.8486755
PDE1A,0.84858876
NCL,0.84764326
UTRN,0.84730786
SPATA5,0.847277
UQCRH,0.84660316
RPL10A,0.8458601
RNF220,0.844005
TFDP1,0.8439009
STRN3,0.84299034
SYNCRIP,0.8428433
STIP1,0.8411313
USP32,0.84098077
UBE2Z,0.8404324
SPIN1,0.84001386
TRAF2,0.8393124
SCMH1,0.83926255
USP25,0.83882236
STK24,0.8387858
PTBP1,0.83860594
PARD3,0.83731556
ZNF544,0.8371841
SF3B3,0.8371231
SUPT3H,0.8367916
TRAF4,0.83656037
ZNF462,0.83634627
SRSF10,0.83622336
VAPB,0.8360227
SPTSSA,0.8338312
XPO5,0.8336007
POLA1,0.8331334
SNX5,0.83293265
TMOD3,0.83258504
SURF4,0.8323723
SH3PXD2A,0.8321645
SRPK1,0.832042
YTHDF2,0.83139926
PIP5K1A,0.8309592
RPL26,0.83076876
RDX,0.83059645
SF1,0.8291753
VAT1,0.8288068
UQCC1,0.8283147
VPS53,0.82818836
WDR82,0.82716656
RICTOR,0.826401
NIPSNAP1,0.8262416
XPOT,0.82619566
VASP,0.82619345
WLS,0.8260328
SNRNP200,0.8241254
RPL29,0.82300234
VAPA,0.8225378
TNRC6B,0.8223183
YBX3,0.8221245
SETD2,0.82166284
RSRC1,0.8210271
RPS6KA2,0.8202144
RPL35A,0.819671
TRPC4AP,0.81813276
MDK,0.81812507
TAOK1,0.8176418
TRAK1,0.8170226
VPS51,0.8169578
VDAC2,0.81656355
XPO7,0.8162632
TGFBI,0.8162484
TCERG1,0.81621474
UBE2G2,0.8158721
RALY,0.8151423
ST3GAL3,0.8146663
USP24,0.8141348
SMAD6,0.81390643
TRMT11,0.81371915
SUPT16H,0.8136396
WBP11,0.81348985
UVRAG,0.81346214
RHOBTB3,0.8131164
UBXN7,0.8122308
PAICS,0.81140035
RBBP4,0.8100903
RPN2,0.8091571
SYNGR2,0.80881804
STK39,0.80787027
TNPO3,0.80761963
SMG6,0.8073179
SKP1,0.8068252
TPST1,0.8064057
SRGN,0.8062184
TRRAP,0.8061451
SUMF1,0.8054191
USP47,0.8050572
STAU1,0.80499357
SSU72,0.8040975
SCARB1,0.80370057
YWHAH,0.8032456
TAF1D,0.8019916
ROCK2,0.80188155
RBMX,0.8017148
WSB1,0.8017073
U2SURP,0.8014452
UIMC1,0.8004056
SH3D19,0.7995992
SNRNP70,0.7990836
SLC2A3,0.7989497
THOC2,0.7988255
NONO,0.7983997
SHISA5,0.79829085
TRIM44,0.797714
TMED10,0.79764974
UQCRC1,0.79632074
RPL38,0.7953154
RPS20,0.79522264
RPL27,0.79519
WDR43,0.7950107
XRN2,0.79480803
NR3C1,0.7944798
XPO4,0.79441804
SMC4,0.7943988
TYW1,0.7943679
STAT1,0.79384035
TLN2,0.79375654
ZMYND8,0.7921031
PKP4,0.791883
SEC31A,0.7917847
FTL,0.7916779
UBE3A,0.79145813
RPL12,0.79119915
PSPC1,0.7906421
TNFAIP8,0.79032755
RASAL2,0.789958
UBA2,0.78982264
SLC1A5,0.789502
PRDX1,0.7885408
TRIM37,0.7875718
UBQLN1,0.78678745
SLC25A13,0.7862797
EEF2,0.78624564
PUM2,0.7855305
ZNF721,0.78551185
SRSF5,0.784987
XPR1,0.78482187
RAD23B,0.7845228
RAP1B,0.7844737
ST6GAL1,0.7840159
VKORC1L1,0.78391695
RPL34,0.7833617
VRK1,0.7830392
UBAP1,0.7829352
SH3PXD2B,0.7828288
WDR26,0.7827946
SRGAP1,0.78237456
TLE3,0.7823217
RBM4,0.78205705
SRCAP,0.78186285
TXNIP,0.7813208
PHF20,0.7801109
YME1L1,0.77969754
RPRD2,0.7788439
TSEN2,0.77876455
YKT6,0.778513
STRAP,0.7784793
TUFM,0.7778281
TRPM7,0.7778011
PDE3B,0.77718675
UHRF2,0.77712065
UBE2I,0.776846
WDFY3,0.77679086
USO1,0.7760956
SRSF9,0.7755817
POM121,0.7750637
RXRA,0.7735473
TMED9,0.77330583
SNRPD2,0.77302974
TUBB2A,0.7728521
SERP1,0.7728504
TRAPPC12,0.7727853
SUPT6H,0.772341
TIA1,0.77229136
SMG7,0.77154875
PTPRF,0.77111256
UBE2E3,0.7698611
TLN1,0.7697249
SLC44A2,0.7687563
SLMAP,0.76864725
WDR59,0.7680946
SLC16A3,0.7676186
TIAM2,0.76734936
PRPF8,0.7671772
MBNL1,0.767169
RAPGEF1,0.7669669
STX16,0.76583564
WIPF2,0.76577276
SIN3A,0.7650945
TTLL12,0.7650141
RPL24,0.7647286
RCC1,0.76471615
RPS3A,0.7646737
ZNF451,0.76460147
RAI1,0.7645148
RCOR1,0.7642285
NIPBL,0.7635239
SHMT2,0.7632946
SEPHS1,0.76266617
SRRM1,0.7625196
TOB2,0.7616857
UGGT1,0.7614937
EEF1G,0.76058644
PSMB7,0.760544
USP15,0.76050305
STK3,0.76038224
RABGAP1,0.76024574
SSR3,0.760243
TNKS,0.76015514
RPRD1A,0.75969046
SH3KBP1,0.759581
MATR3,0.7595253
RAPGEF6,0.7590324
ZRANB3,0.7586787
TMED3,0.75809747
RAB31,0.7579924
SDCCAG8,0.75781286
TMED2,0.75757885
ZC3HAV1,0.75741756
ZNF680,0.7568788
SLC7A6,0.75639606
TRAF3,0.7560161
TRIT1,0.7559157
STC2,0.75579035
SENP6,0.7555265
THY1,0.75539577
PTGES3,0.7552978
USP3,0.7549713
RRM1,0.7545957
TJP1,0.7543727
KANSL1,0.75417906
USF2,0.753996
PTBP2,0.7536364
OBSCN,0.75315666
ST13,0.7529347
RPL31,0.75256795
URM1,0.75242466
RNF216,0.75240636
TMEM30A,0.75225705
S100A11,0.75208306
WDTC1,0.75204474
ZNF496,0.75180477
TUBGCP3,0.7512615
UBE2L6,0.7510402
TRA2A,0.75090426
UQCRB,0.750769
TIPIN,0.75076026
ST3GAL2,0.75045574
ST3GAL1,0.75014716
SRSF7,0.7500654
SCFD2,0.75002277
USP14,0.74995506
RNPS1,0.7497516
SUN1,0.74959046
HNRNPH1,0.74899477
TTYH3,0.7487992
TXLNA,0.74876624
TOR1AIP2,0.74864
XBP1,0.7483507
STARD13,0.7478803
RNGTT,0.7475317
SYMPK,0.7472071
SMG5,0.74713624
MYL6,0.7470306
VAC14,0.7468039
SNX3,0.7467486
TPGS2,0.7466477
SEC24C,0.74662954
USP7,0.7461955
TP53BP1,0.7460258
TNFRSF10B,0.74554557
TES,0.7455165
RAB10,0.7454117
PRDX6,0.74535877
SESN3,0.7453321
NR6A1,0.7452821
ZBTB7B,0.7449743
UBE2O,0.7442517
TXN2,0.74421525
WDR5,0.7439478
UBXN4,0.7435147
HSPD1,0.7434724
TNPO2,0.74293244
SCARA3,0.7427676
GALNT2,0.74262136
ZNF714,0.74151015
RPA1,0.74144125
SUPT5H,0.7413259
MRPS27,0.74050003
TNIK,0.7404871
HNRNPU,0.7404677
SF3A1,0.7397044
TUBB6,0.7395974
OXCT1,0.7389544
OAZ1,0.73806894
RSL24D1,0.7377588
SSR1,0.73770773
NHS,0.73755985
ZFYVE9,0.73728645
SF3A3,0.7371924
PDLIM1,0.73714393
UBXN1,0.7367124
SIL1,0.7358928
SUMO3,0.7353339
SHC1,0.73531866
ZC3H13,0.73479015
YTHDC1,0.73471105
PIP4K2A,0.73441535
PHC1,0.73410857
THOP1,0.7340411
PDS5A,0.7337377
TTI1,0.73358005
UBE2V2,0.73312426
POGZ,0.7329931
TOP2B,0.732746
TACC1,0.73265755
SEC61A1,0.7324617
WASF1,0.7323569
STRN4,0.73227257
TTF2,0.73194206
WWP1,0.73163307
PDE8A,0.7316072
RAB3GAP2,0.7314561
ZMAT2,0.731357
SEC14L1,0.7311631
SP1,0.73069215
SAP18,0.7304498
UBN1,0.73033327
RPS13,0.73027
ZFC3H1,0.7301657
ZNRF2,0.73006934
PPP6R2,0.7299254
SNCA,0.72972286
SDC2,0.72963
STK4,0.7295623
RFX3,0.7290421
TSPAN14,0.7288791
SLC9A3R1,0.7288549
ZNF124,0.7288273
WWC1,0.7286104
RAD18,0.72859013
TTL,0.72813606
REV3L,0.7279145
TIAL1,0.72768646
UBA6,0.7276126
NASP,0.72759
TOMM7,0.72682387
TAF4,0.72677743
UNK,0.72664714
UNC13B,0.7266069
MAT2A,0.726435
RAB5B,0.7260564
TEAD4,0.7260425
UQCRFS1,0.7257278
SSH1,0.7257152
RAB1B,0.72563124
STON2,0.7255473
SNX13,0.72543186
RIF1,0.72512376
RYK,0.72505516
SARNP,0.7250504
SMPD4,0.72503835
ZNF664,0.72434145
WDR41,0.72393906
WDFY2,0.7227555
TTBK2,0.7223339
PPIB,0.722027
SRRT,0.7215919
VPS25,0.721531
SRGAP2,0.7212824
ZNF587,0.7210808
TFDP2,0.7210581
SNRPD3,0.72090846
TAF3,0.720418
SREK1,0.7202417
SPG11,0.7199917
UCP2,0.7199098
TECR,0.7199085
RPS7,0.7198134
TACC3,0.7190519
PHF21A,0.7189142
STK25,0.71864414
TMEM258,0.7186259
SRP72,0.71846014
SP3,0.718146
PGD,0.71806294
HUWE1,0.7180228
VAMP8,0.71801734
PAWR,0.7180118
ZFYVE16,0.71777636
PSMB2,0.717551
TAX1BP1,0.71742374
KRT7,0.71722937
WASL,0.716563
SKAP2,0.71640146
RPRD1B,0.7162197
UCHL5,0.71598774
PSMD1,0.7159103
SPAG5,0.7157947
SMARCA5,0.7157514
NUFIP2,0.71573627
TPCN1,0.7155803
ZMIZ2,0.71542054
UBFD1,0.7151287
ST3GAL4,0.7151159
USP39,0.7146566
MACF1,0.714582
WIPI2,0.71423894
SKA2,0.7138394
ZNF586,0.7133227
RANGAP1,0.71254337
YTHDF1,0.7124596
USP11,0.71244895
THAP4,0.71221375
WEE1,0.71205825
TNKS2,0.71132797
VPS39,0.7112412
HDAC4,0.7111315
SF3B2,0.71092415
ZNF592,0.7106943
MIF,0.7101633
HDLBP,0.71012336
SNX8,0.71009237
FTH1,0.710092
SOS1,0.7098373
TNKS1BP1,0.7090471
SETX,0.7090217
SH3GLB2,0.7090214
SH3BP4,0.70877457
SYNE2,0.7086915
PDLIM5,0.70863247
SEC16A,0.70812243
RSL1D1,0.70808005
PPFIA1,0.7078417
WBP1,0.7077952
TMEM50A,0.70739627
NUMA1,0.7072912
KHDRBS1,0.70700246
TICRR,0.7069787
ZYX,0.7069271
GSE1,0.7068637
POLR2A,0.7068285
S100PBP,0.7067224
ZDHHC17,0.70636106
PC,0.70620304
UBR1,0.7061447
WDHD1,0.7061218
ZNF90,0.7060828
RASSF8,0.70591056
ZNF195,0.7058629
PABPN1,0.70565563
PLEKHA2,0.70556414
PHB2,0.70552933
WDR77,0.70549834
SYNJ2,0.70549536
USP12,0.7047944
WBP2,0.7042891
TBC1D14,0.7041452
NEK6,0.70395267
SPPL3,0.7039004
KPNB1,0.7038757
ROR1,0.7036301
STIM1,0.7030859
STOM,0.7028568
PPP2R5C,0.7025441
UPF3A,0.7022903
UCKL1,0.70219034
RFX7,0.70210403
TLE4,0.7020431
ZNF254,0.7020263
PSMD11,0.70187914
PRKAA1,0.70166785
SFSWAP,0.70145565
TRAFD1,0.7013795
ZKSCAN1,0.701178
NUP210,0.70088446
SCLT1,0.7007028
POU2F1,0.7006377
UBE2W,0.7006079
USP28,0.700465
TET2,0.700454
WDR11,0.70041096
WDR4,0.7003138
VPS41,0.70024765
RBM5,0.7002355
SEC24D,0.700088
NUP155,0.69978243
WWP2,0.69949126
SMCHD1,0.6993015
MPRIP,0.6992123
SNTB2,0.69915277
TRIM56,0.6990127
ZBTB8OS,0.6986957
TUBA4A,0.69856673
SZT2,0.6985505
RUVBL1,0.6985
STOML2,0.6983157
TDP1,0.69779193
USP5,0.69764477
OLA1,0.6973326
STT3A,0.6972993
SRD5A1,0.69704956
PKN2,0.6966865
NUP160,0.6966816
ILF3,0.696416
PHC3,0.69638556
PFKP,0.69630855
PPP2R5E,0.69630593
ZMAT3,0.69593984
SHOC2,0.6955637
TRIP13,0.6953062
MYCBP2,0.69517577
TAF7,0.6949182
TGOLN2,0.69482577
STAG3,0.69453824
TIMP2,0.69421834
PPP1CC,0.69421524
TYK2,0.6941741
ZNF589,0.69393986
SPIRE1,0.6938515
PARVB,0.69383186
SAFB,0.6938191
PRMT1,0.6935739
UTP6,0.6931715
VPS8,0.6926249
NRIP1,0.6925357
TTC37,0.6925209
SMAP1,0.69237834
PLCB4,0.69236076
IPO5,0.6923067
SUPT4H1,0.69224983
SLC4A2,0.6920976
ZNF326,0.6917837
SOD1,0.6913073
PRDX5,0.6910936
PXN,0.69093955
NCAPD2,0.6908496
MAP1B,0.6907273
PAPOLA,0.6906371
NPLOC4,0.690598
PPP4R2,0.69057053
PAFAH1B1,0.69056624
SQLE,0.69055045
RACGAP1,0.6903544
JMJD1C,0.6902601
VTI1B,0.6900827
PRPF40A,0.689946
STX5,0.6893106
RPS21,0.6892442
YIPF4,0.68921125
SLC25A24,0.68907577
PLAGL1,0.68894476
TEAD2,0.68892723
HNRNPD,0.68888444
LAPTM5,0.6885644
SMARCAD1,0.6884266
SSR4,0.68797964
SRP14,0.6876888
MBD5,0.6873403
ZNF519,0.6871097
TXNDC12,0.6871079
UBTF,0.6868996
ZKSCAN8,0.68681204
PDXK,0.68679327
ZNF83,0.6866114
RAB1A,0.68660253
UBQLN4,0.6865858
OGT,0.6865631
USP6NL,0.6865204
TUBGCP2,0.6865191
TRIP10,0.68651253
SLC39A7,0.6863094
ZNF445,0.68622196
PCBD2,0.68598837
WRNIP1,0.68576837
NAP1L4,0.68506646
SLAMF1,0.6849342
ZNF678,0.684886
UBE2M,0.6848259
ZC3H15,0.68455166
MKNK2,0.68451095
STX6,0.68438226
MKLN1,0.6840455
VPS36,0.68387187
TTC7B,0.6836957
TAP1,0.6836774
ZNF431,0.6836649
NUP205,0.6829105
RPL18A,0.68254155
SNRPA,0.68253344
TBC1D16,0.6825038
SMC5,0.68245125
ITGB1,0.6820786
SMURF2,0.6819235
YAF2,0.6817286
SMARCA2,0.68161
HNRNPK,0.6812672
PNISR,0.68092364
PTPN12,0.6807707
SEC13,0.68065363
PSME3,0.6806462
SPSB1,0.6804703
HLA-B,0.6803911
SSBP1,0.6802191
TSR1,0.6799128
MAPKAP1,0.6797693
PMEPA1,0.6797404
RAB6A,0.6797285
VCAN,0.6792444
ZDHHC7,0.6791961
TCF7L1,0.67907643
SMS,0.6789566
OGDH,0.6787552
PKD1,0.6786111
STK35,0.67856324
UNG,0.6784989
PDE8B,0.67832255
SORT1,0.6781478
SEMA3A,0.6780522
USP33,0.6779035
PSMD4,0.67787635
PARD3B,0.67778695
RRP7A,0.6775931
PPP1R12A,0.67715055
PSMD3,0.6771092
UBE2S,0.67699486
RRP1B,0.67667574
TOP3A,0.6766259
RTCB,0.676393
XRN1,0.6763181
SPTLC1,0.6761818
RABGEF1,0.67608833
SNRNP40,0.67598796
MRFAP1,0.67590034
PNN,0.6757287
UPF1,0.6753907
PLD1,0.67536247
UBE2J2,0.6751435
SNW1,0.67501724
MTHFD1L,0.6750067
VTA1,0.6747426
WDR37,0.67472166
SUMF2,0.6746327
SEC63,0.6744629
UHMK1,0.6744046
OAZ2,0.67424995
ZWINT,0.67333686
ZNF219,0.6730534
TSPAN33,0.67304295
SPOP,0.6727635
XRCC2,0.6727441
SERGEF,0.67228556
PRC1,0.6722537
STK38,0.6720955
NLK,0.6720051
TRIM25,0.67194736
PSMA1,0.6718354
HNRNPF,0.6717261
ZNF76,0.6712606
QPRT,0.6709972
PIK3R3,0.670889
TXLNG,0.670869
TXNL1,0.6706777
WDR75,0.6706408
PABPC4,0.67063564
NOLC1,0.670585
SCNN1A,0.6705311
PEX14,0.67031527
HNRNPUL1,0.6702106
ZFYVE26,0.6701793
RSU1,0.66982627
PSME4,0.6697272
SPTBN2,0.66971546
PRDX2,0.66951126
MAD1L1,0.6694048
PNRC2,0.669212
UBE2J1,0.6689356
TRAM1,0.668894
ZNF770,0.66879475
PRKCSH,0.66878396
PRPSAP2,0.66866124
LARP4B,0.66860634
HMGB1,0.6683051
TAF6,0.66822344
PPP2R2A,0.667843
RIMKLB,0.6678371
UNC119B,0.6676968
PBX3,0.6675827
SCAI,0.6675196
PMF1,0.6672383
NCK1,0.6669446
SCP2,0.66693974
SLC25A12,0.66682917
RBM28,0.66647935
RAC2,0.6663567
TRAPPC8,0.6663194
SUGT1,0.66629785
TMEM97,0.66622686
PPP2CA,0.6661414
SPDL1,0.6659427
ZMYND11,0.6658182
TOMM34,0.66575176
UNC45A,0.66575116
RUVBL2,0.66569376
IMPDH2,0.6655196
ZNF266,0.6653383
PSMB5,0.6653185
STK40,0.66486853
STX18,0.6648536
OPA1,0.6647595
RAP1GDS1,0.6646906
NSUN2,0.66467994
PTPRM,0.66463476
PFN2,0.6646233
MGST1,0.66454303
TRAPPC10,0.6645334
ZNF282,0.66414815
UBXN6,0.6641388
HLA-C,0.6639629
SLC11A2,0.66359645
TEX10,0.663528
PACSIN2,0.6634489
TIMM23,0.6630364
TRAF5,0.66272926
SPG21,0.6626584
PDS5B,0.66263294
NUDCD3,0.66239494
NUP153,0.6622049
TUBB3,0.6621399
USP49,0.6621351
MAP4K4,0.66210604
SNAP23,0.66204274
TGIF2,0.6617663
TUBG1,0.6617486
SACM1L,0.66174793
SNRPC,0.6615164
SCAP,0.66143495
GNB1,0.6613167
NUP62,0.6611785
ZNF107,0.66103786
TRIM22,0.6609758
VPS37A,0.660894
UBE2Q1,0.66062915
SLC44A1,0.660601
RPS6KA1,0.6603324
MFGE8,0.6602102
PDXDC1,0.6601682
ZRANB1,0.6600939
PFKFB3,0.65988916
UQCC2,0.6598646
SLC25A17,0.6595641
SRP68,0.65945804
SNX17,0.6592766
LRP8,0.659202
ZNF621,0.6589773
WDR62,0.6589339
TSG101,0.65892035
RBM8A,0.65879416
ZER1,0.65873367
ZFYVE27,0.6587004
TADA3,0.65865546
PSMB1,0.65856117
RANBP3,0.6584326
PHF12,0.6582851
RBM25,0.6581254
PSAT1,0.6580786
ZP3,0.65787125
HNRNPA0,0.6578508
VPS35,0.65775764
RALGAPB,0.65774083
TAOK2,0.65773606
LPCAT1,0.6575671
RAB2A,0.6575347
SNRPD1,0.6573181
TIMM13,0.6569709
RBBP7,0.6568805
PFDN5,0.6566504
ZNF692,0.6566466
SF3B5,0.65648156
POLR2J3,0.65637267
SEC23A,0.6563383
EIF4B,0.65625155
MCU,0.65608364
SLC25A26,0.65606135
RNF111,0.6560352
UROS,0.6559993
JARID2,0.65581864
NUDT21,0.65570176
NUP188,0.6553543
WARS2,0.6552223
TTC27,0.6551194
SMU1,0.6551094
LMNB2,0.6550825
GPI,0.6549787
TAOK3,0.6547987
ZNF622,0.6545172
STEAP3,0.6544849
UTP18,0.65440255
RPS6KA5,0.65434253
USP42,0.65430415
FSTL1,0.6542612
SPAG16,0.65401375
EIF4G3,0.6539033
ZNF33A,0.65384513
SPCS3,0.6536355
SYNRG,0.6536004
TSC22D3,0.6534621
TBCB,0.6533087
PCDH7,0.6532928
LMNB1,0.6530149
TERF1,0.6527378
NNT,0.65267605
RPUSD4,0.6526581
KRT18,0.6525389
UXS1,0.6524166
MYH10,0.6520682
ZNF687,0.6519418
RNF24,0.65177584
SMUG1,0.6516308
PRR5L,0.65153265
PTPN13,0.6514543
PUF60,0.6514149
PDE7A,0.6513828
TADA2A,0.65121835
THADA,0.6510163
PLOD2,0.6509279
UBAC1,0.6505869
TMED4,0.6504618
TYRO3,0.65044075
PPARGC1B,0.65042245
TAMM41,0.6503787
SPAG7,0.65013695
ZNHIT3,0.6498086
POLDIP3,0.6496817
UBE3B,0.64957434
SRF,0.64933395
NDUFA10,0.64918184
TIMELESS,0.64916563
RNF217,0.6490041
STX8,0.64895123
SAP30BP,0.64886314
SCO1,0.64884126
NAA25,0.6488164
ZDHHC21,0.6487054
ZNF562,0.6485101
SMC3,0.64845216
VEGFB,0.64831746
TRIOBP,0.64820546
PLOD1,0.6479638
SNX6,0.6479014
PCNT,0.6477793
FOXN3,0.6475989
UQCR11,0.6474342
NOMO1,0.6473943
ZNF398,0.64735794
RBPJ,0.647274
LRRC8D,0.64726985
GTF2IRD1,0.6468473
NEK7,0.6467937
WDR18,0.64673406
SORL1,0.64668983
NSMCE2,0.6466262
UBE2A,0.6466165
LAMA5,0.6465935
USP19,0.646568
RUFY1,0.6464249
RC3H1,0.6462769
NACC1,0.6461463
PAN3,0.6459286
SUCLG1,0.6457093
TNK2,0.64556515
MCM7,0.6454558
TROAP,0.6453581
PDGFC,0.6451969
SEC23IP,0.6451824
PDIA4,0.64492023
SNF8,0.6449178
UFC1,0.6447017
PIK3C2A,0.64458936
RFC1,0.64455456
SMARCA1,0.6445108
ZNF318,0.6443814
RBM15B,0.64417887
SCAMP2,0.64409536
HLA-E,0.6438863
PCCA,0.64388376
USP1,0.6438137
SAFB2,0.64360994
OPHN1,0.6432971
HSPG2,0.64327204
PDCD6IP,0.6432697
PTPN1,0.6432671
RAB11FIP3,0.6432506
SOCS5,0.6429361
SCFD1,0.64292943
TAPBP,0.6429269
SERPING1,0.6428513
TYW3,0.64275897
PHKB,0.6427356
TM2D1,0.6427103
KIF13A,0.64259607
TSN,0.6419096
ZNF26,0.6417374
TP53BP2,0.6416578
RTF1,0.64139855
PTPRA,0.6411107
PPP1CB,0.64110094
ZNF623,0.6410788
RYBP,0.64094967
ZMPSTE24,0.64075285
SUMO1,0.64065313
TTC21B,0.64056927
MYL12A,0.6405203
ULK1,0.6404782
NCAPG2,0.6404641
STK38L,0.64032274
URB2,0.64010286
TRAPPC3,0.6400793
PPP4R1,0.64003223
SHPRH,0.63982195
STARD4,0.6397374
SCAMP1,0.6397103
TIMM17A,0.6394539
ITPR1,0.63933694
SH3BP2,0.6392709
TSPAN5,0.639083
NCKAP1,0.63906896
ZFP36L2,0.63879424
PTPRS,0.63879067
RHOG,0.6387397
SEMA7A,0.6386406
PFKL,0.63848007
IPO7,0.63832134
POLQ,0.6381661
USP37,0.6381612
EFNA5,0.63805866
MTHFD2,0.6380171
PHB,0.6379657
ZWILCH,0.63788754
GLS,0.6377533
UQCR10,0.6376451
PSMA4,0.6376053
PLXNB2,0.6374777
RNF38,0.6374415
POLD2,0.637436
ZNF710,0.6373972
TANK,0.637374
RNF5,0.637223
PRPF6,0.63719755
PPRC1,0.6370065
GSK3B,0.6366926
SPTLC2,0.636582
RASA3,0.6363933
UNC13D,0.6361891
LSS,0.6361158
NCOA2,0.6360943
SV2A,0.6360208
SMC6,0.63590425
GDI2,0.63584524
ZNF267,0.6358064
PLD3,0.63569653
NAA50,0.63558114
ZNF700,0.63539594
RMND5A,0.63532126
MTA3,0.6352998
TAB1,0.6350697
KMT2E,0.6349785
FAF1,0.6348834
PTPN2,0.6346535
STRADA,0.6343692
RHEB,0.6343429
RAPH1,0.6342475
STUB1,0.6342147
MCM3,0.6342128
RAD23A,0.6341879
TRIM14,0.63416225
ZFP36,0.6340329
NRF1,0.63403183
UTP20,0.63387996
TK1,0.63380706
RNF169,0.6337595
UFM1,0.6337322
UBE3D,0.63358647
RPL7L1,0.63353634
HNRNPL,0.63343406
TAF4B,0.63311654
SNRPA1,0.63284695
RB1CC1,0.6327215
ZC3HC1,0.6327132
TDRD3,0.6327012
SARS2,0.63262963
TGIF1,0.6325423
PTPN4,0.63253766
PPA1,0.63253367
TBK1,0.6324919
OXSR1,0.6324175
SEMA3F,0.63192403
ZNF91,0.6319233
MELK,0.6319006
PPIG,0.63182455
PTDSS1,0.6318036
WSB2,0.63154924
PCID2,0.63153446
HNRNPH3,0.63146514
SHROOM3,0.63135993
VPS54,0.63135445
SUGP1,0.6313134
UNC5C,0.6312573
XRCC4,0.6312499
MARK3,0.631206
YIPF6,0.63108325
TEAD3,0.63105965
MYOF,0.630798
ZNF286A,0.63079244
ZNF791,0.63067955
SETD1A,0.6305448
PPP1CA,0.63042367
PPP1R14B,0.63029075
SPOPL,0.6302275
TRAF3IP2,0.63022214
LGR4,0.63009715
NUDC,0.63005084
EXOC4,0.62981206
TBC1D10B,0.62970394
VPS26A,0.62969583
SHMT1,0.6294509
RBM17,0.62938434
REV1,0.62908065
SEPHS2,0.62885445
TUBGCP4,0.6287317
LAMC1,0.6286381
TRIM26,0.6284534
NUP93,0.6283901
TRAPPC6A,0.62828964
VMA21,0.6282632
SPCS2,0.6282409
TRPC1,0.6282381
PPP3CB,0.62807626
OTUB1,0.62781215
PRPF19,0.62766486
SLC35B2,0.6276616
NDC1,0.6275381
TOMM40,0.6274919
RAB3GAP1,0.62735635
RCL1,0.6272883
NFE2L1,0.6272755
TRMU,0.6271785
HNRNPM,0.6267658
NMT1,0.62670237
TIMMDC1,0.62669975
ZNF12,0.62668484
NBAS,0.6266759
UGCG,0.6266067
XYLT2,0.62659967
SEC22C,0.6265083
SRI,0.6264747
RHOBTB1,0.6262839
TAF12,0.62623966
NAA15,0.62610203
TOX4,0.6260614
VPS52,0.62567264
PGM1,0.62542033
RPS6KB1,0.6252607
STARD3NL,0.6252359
TNIP2,0.62519795
SOAT1,0.62519
PTCD3,0.62500924
RNF130,0.6250033
SENP5,0.6249761
MCPH1,0.62497526
SERINC5,0.62496036
MAST2,0.6248928
TRNAU1AP,0.6246821
PLCL1,0.624591
SIN3B,0.62458116
SLC7A8,0.62441194
PRKACB,0.6242904
ZNF33B,0.62428766
NUBPL,0.62428343
SOS2,0.6242817
STAMBP,0.62411886
WDR3,0.6238732
FADS2,0.62385505
WDR91,0.6237954
LUC7L3,0.62376606
TARS2,0.62367827
KIF1B,0.6235856
PHYKPL,0.6235238
GATAD2B,0.62346965
NR2C2,0.62339574
PEA15,0.6229852
SSB,0.62288475
PRKAR2A,0.62286514
TONSL,0.6228336
ZNHIT1,0.62281203
TRIP11,0.62273633
SRM,0.622701
HSPA9,0.62269616
PSEN1,0.622538
PRPF3,0.62245435
MED15,0.6224535
HDAC2,0.62223995
PDIA3,0.6222358
GRB10,0.62217504
TGS1,0.62215036
NUTF2,0.62199086
ZNF81,0.6218828
PSMD2,0.62187
TAF2,0.6218513
PPP5C,0.62184626
WDR36,0.6218391
VPS26B,0.62183726
RPE,0.6218116
RBX1,0.6217094
SCAF1,0.62165815
SERINC3,0.6216259
NEDD4L,0.621402
SIK2,0.6212963
HMGB2,0.62110096
SP100,0.6209472
JAZF1,0.6209198
PIK3C2B,0.6207796
HIPK2,0.620721
TNFRSF21,0.62070924
SNAPC4,0.6206475
SATB2,0.6206012
STRIP1,0.62032706
RNF114,0.6203072
RIC8B,0.6198384
MLEC,0.619793
THOC5,0.6195952
MDN1,0.6195349
RPAP2,0.6194171
RGS10,0.6194022
VPS4A,0.61933213
PSMA5,0.6192635
VPS4B,0.61914754
IQGAP2,0.6190839
PJA2,0.61903775
SBF1,0.6190158
USP46,0.6189939
PPM1B,0.6188998
SNRPB2,0.61882424
ZNF84,0.61875546
MTHFD1,0.6186819
NUDT3,0.61853933
PHLPP1,0.61821264
PLEKHM2,0.61807626
MPP6,0.6179344
SNAP47,0.617808
SLC12A8,0.61775136
MAN2A1,0.61764044
RBM19,0.6176151
UVSSA,0.6175697
NUMB,0.6174643
STX7,0.61729765
POFUT1,0.61675256
SRPRB,0.6166982
HNRNPAB,0.6166659
S100A6,0.61641556
RAB5A,0.61639035
TATDN2,0.6162951
UMPS,0.61624616
RXRB,0.6162337
RLIM,0.61605215
TMED5,0.61588746
RARS2,0.6157052
GULP1,0.61556363
MYBL2,0.6154884
ZBTB17,0.6153277
SEMA4B,0.61526304
TPCN2,0.6152566
IQGAP1,0.615065
GLUL,0.61499166
RNMT,0.6148448
SEMA6A,0.6147726
PPM1A,0.61459756
PRKAR1B,0.6145827
ZCCHC4,0.6144707
SEC61B,0.6144317
TMEM147,0.61440897
KPNA6,0.6143933
ZNFX1,0.61432004
POLR2B,0.6142742
PSMD7,0.6141833
YIPF2,0.61410147
LYRM4,0.61407965
SNX4,0.61405706
LSM12,0.6139153
ACAP2,0.6137774
ACACA,0.6135666
ACO2,0.61351454
XAB2,0.61338437
OS9,0.6133246
ACTG1,0.6132358
SENP3,0.6132252
ACADVL,0.6129372
SF3B4,0.6129344
PARN,0.61289704
ACTA2,0.61287344
RAB5C,0.6128377
STIM2,0.6127687
CTHRC1,0.61272836
ARL4A,0.6126967
PUS1,0.6125357
SNRPE,0.6124916
AAK1,0.61246514
LSM4,0.61246413
ZNF7,0.61244786
MED13,0.6124104
PRMT7,0.6124103
AAMP,0.6124046
ARSB,0.6123102
VPS11,0.61230886
ADCY6,0.6122407
TRIM11,0.6122309
ABCD3,0.61220896
SEC24B,0.6121474
AGL,0.61210483
ABCC1,0.61208725
RABGGTB,0.6119397
YPEL5,0.61187774
AQP3,0.6118735
AK9,0.61186206
ALDH4A1,0.61178255
MARK2,0.61177343
TRAF3IP1,0.61164993
SOCS7,0.61150503
HMGN2,0.6114584
TINF2,0.61145604
ANAPC1,0.6113832
NUSAP1,0.611374
SLC5A6,0.6112941
TRIM69,0.61116284
THEM4,0.61110693
MS4A4A,0.61098564
ADORA2B,0.6109685
C1GALT1C1,0.61094606
USP45,0.61093456
EIF4A1,0.61093277
SLC19A1,0.6109301
AAAS,0.61092883
AACS,0.61080885
ATP6V1C2,0.61079246
CCNYL1,0.6107813
MAGED1,0.6107534
ACAA2,0.61074275
AASDH,0.61073613
AATF,0.61065537
ABCA1,0.61065066
AASS,0.61064523
ABCC3,0.61064297
ME1,0.61061573
SWI5,0.6105969
AGPAT4,0.6105848
AARS2,0.6105416
COMMD8,0.61053646
PLCL2,0.61053437
PFAS,0.6105315
CAPN5,0.61047685
ADAM23,0.61046
ABCG1,0.61045784
HNRNPA3,0.6104391
ABCB6,0.61041826
ABCA2,0.61040825
ABCF2,0.61037755
BNIP1,0.6103606
ABCA7,0.61031693
A1BG,0.6103157
SMARCC2,0.6103063
ABI3,0.61030245
SCD5,0.61030143
ACLY,0.6102818
ZNF3,0.6102165
ARL16,0.6102047
TRIM41,0.6101852
ABCB4,0.6101595
OTUD7B,0.61009574
ACER3,0.61007184
ABLIM2,0.61002785
ABCE1,0.6099993
ABI2,0.6099906
CAB39L,0.60998493
TOB1,0.6099498
SLC30A6,0.609877
ABCD4,0.60985893
ACAP1,0.6098456
ACP2,0.6098371
ACO1,0.60983
TGFBR1,0.60982645
ABCF3,0.6098163
ACADM,0.6097917
VRK3,0.60979015
ALDH9A1,0.60976577
ACOT8,0.60976326
SASS6,0.60974646
ABLIM3,0.60973805
LRRFIP1,0.6097029
RNF11,0.60968393
AASDHPPT,0.60967594
SEC24A,0.60962427
ACOX1,0.60962284
ACOT4,0.60959804
PANK2,0.60957575
POLA2,0.6095703
ALG11,0.6095509
ACIN1,0.6094842
ABHD12,0.60947835
ABI3BP,0.60947126
SLBP,0.60946906
SLC15A4,0.60943615
ADIPOR2,0.609407
MAMLD1,0.6093833
ADAM10,0.60932827
PPP6R1,0.60924906
ADAM15,0.6092485
ACADS,0.609213
ACSL5,0.6091785
ACVRL1,0.6091429
SDAD1,0.6090976
CHST1,0.60909414
ALDH3A2,0.60909235
SNX2,0.6090643
ANPEP,0.6090187
ACBD3,0.6089675
ACAD9,0.608926
P2RY6,0.6089235
SART1,0.6089179
TCIRG1,0.60891604
AOC3,0.60885084
TMEM11,0.6088448
ENAH,0.608835
ALKBH5,0.60882527
RANBP9,0.6088237
ACSL1,0.6087666
ACVR2B,0.60875344
ACYP1,0.60868895
CXCL14,0.60867995
PGRMC1,0.6086578
C15orf48,0.60864764
MTA1,0.608642
ADCY7,0.60861045
AP4S1,0.6085978
RGS5,0.60859036
ABCF1,0.60858583
ACOT13,0.6085766
ADAT2,0.6085666
ADAM12,0.608565
ANTXR2,0.60855436
ACAD8,0.60851926
CDK20,0.6085023
ADPRM,0.60847247
ABR,0.60843796
AGK,0.6084038
ACAT1,0.608379
ASB13,0.60835946
ACOX3,0.6083547
ALG10,0.6083286
ACAA1,0.60830444
MTR,0.6082837
ACOT2,0.6082416
PAPSS1,0.60823834
ACSS2,0.6082356
C18orf32,0.6082314
ALG5,0.60820377
ZNF248,0.6082008
ADD1,0.60819626
AIP,0.6081823
ALDH16A1,0.60817665
ABTB1,0.6081629
PUS7,0.60814375
ACTR10,0.6081355
GCNT4,0.6081305
ADAMTS10,0.6080991
AGGF1,0.6080243
RAB12,0.60801727
ACSL4,0.60801464
ABCD1,0.60797304
ARL4D,0.607955
ACD,0.6079493
COL6A1,0.6079395
ACER2,0.6079366
ADRA2A,0.6079095
AKAP10,0.60787964
WDR46,0.6078639
DST,0.60785335
AGPAT2,0.607787
ANO2,0.60776955
AGO2,0.6077648
AADAT,0.6077479
ATG2A,0.60774773
ALKBH1,0.6077127
CD96,0.607708
SYT7,0.6076728
RGL1,0.6076536
AGER,0.6076042
ACE,0.60758734
AMFR,0.6075872
CD36,0.6075649
ACOX2,0.60755825
FPR1,0.60752326
ALG3,0.6075115
TIMM44,0.6074655
ARSK,0.60742736
HNRNPDL,0.6073923
PYGL,0.6073892
ABCB10,0.6073821
ATF7,0.607359
AK1,0.6073583
APBB3,0.60735625
ADH5,0.60735047
IZUMO4,0.60734355
B3GNT4,0.607341
AHCYL2,0.6073398
ANAPC13,0.6073371
AJUBA,0.60731375
ADSL,0.60729283
ALDH5A1,0.6072781
ACP5,0.6072598
AKR1B10,0.6072375
SCRIB,0.6072365
BLNK,0.60719305
ANO9,0.60717964
MINK1,0.60716444
MAGI3,0.6071398
HM13,0.6071337
ACAT2,0.607118
NDE1,0.6071027
BATF3,0.60709894
FDXACB1,0.60707086
ARL14EP,0.6070611
APBB1IP,0.60690147
ALKBH8,0.6069014
AP1S2,0.60688996
YARS2,0.60687375
APPBP2,0.60686547
CD5,0.6068641
AGPAT5,0.60685694
ALAD,0.6068241
LPGAT1,0.6068164
UBE2Q2,0.60681564
ADAM19,0.60680276
ARHGEF28,0.60679
ARHGEF4,0.6067855
EPOR,0.6067823
ARHGAP33,0.6067739
ACSS1,0.60677004
ADAMTS13,0.6067349
AIFM1,0.60672563
ARHGAP12,0.6067124
TTC5,0.6067122
C12orf66,0.60669667
BDKRB1,0.6066612
ACTR2,0.60665745
ACSM3,0.6066538
MAGEH1,0.60661817
CCT6B,0.60659325
ARHGAP27,0.60655886
HERC4,0.6064938
ADAR,0.60648525
AKR1B1,0.6064603
C2,0.6064516
TBC1D2,0.60645133
SSX2IP,0.6064471
CD38,0.60643226
ACOT11,0.60639423
DUOX1,0.6063797
ANKRA2,0.60636944
BAMBI,0.6063135
UNC119,0.6062912
P4HA1,0.60625494
DCHS1,0.6062253
APRT,0.6062191
ACTR8,0.6061883
IL12RB1,0.60617715
ANO7,0.6061723
BGN,0.6061439
ATP8B2,0.6061328
ATP2A1,0.6060759
ARSA,0.6060295
G3BP1,0.60599995
ACTL6A,0.60596204
ADRM1,0.6059299
CLEC2B,0.60592926
ADD3,0.6058681
ADAM22,0.6058628
ADI1,0.60585093
ACTR1B,0.60581434
MAPK6,0.60581267
ADM,0.6058032
ALKBH3,0.60579693
APOC1,0.605781
ASAP3,0.60577327
AKAP5,0.60562426
TNFRSF1A,0.605605
ANO6,0.60558426
AZI2,0.6055148
IPO9,0.6054842
CXCL10,0.6053886
BLOC1S4,0.60537624
CMPK2,0.605361
ST6GALNAC4,0.6053487
CARD9,0.6053218
ASXL2,0.6052978
ACTR3B,0.60519683
AMPD2,0.60518706
ACOT1,0.6051813
CASP10,0.6051529
ASB7,0.60514987
ACTN1,0.6051441
STARD10,0.6051422
ACP1,0.60514194
AP1M1,0.60514015
ARAP2,0.60510314
ARL6,0.60509664
GAB3,0.6050948
CMTM1,0.60508484
ALG12,0.60503453
ARFGAP2,0.6050114
AKR1C1,0.6050008
AFG3L2,0.60498625
ALS2,0.6049519
ATP6V0A1,0.6049499
ARL8B,0.60493356
ADAMTS14,0.604928
BAG3,0.60491514
TMC6,0.6049083
ADAMTS2,0.60489404
C6orf120,0.6048872
SCLY,0.60484636
CACNA2D2,0.6048276
ADAMTS9,0.6048242
ACOT7,0.6048068
ECE2,0.60478115
PRMT3,0.60478085
ADAMTSL4,0.6047374
ACTR1A,0.6047243
GLDN,0.6046628
CYP7B1,0.6046497
PDPR,0.6046396
ALYREF,0.6045769
HLA-DRB1,0.6045551
APOOL,0.60455114
FOXP3,0.60455066
DOK2,0.6045345
AMOTL2,0.6045215
VPS37C,0.6045165
BATF2,0.6044792
COQ10A,0.60447127
SORBS3,0.6044397
CHKB,0.6044395
FBXO6,0.604361
AIMP1,0.6043333
C1orf162,0.6043175
ARHGAP10,0.604311
ANAPC15,0.6042871
C3,0.60427654
ACTR6,0.60426223
BIN3,0.60420245
APLF,0.6041998
SEC23B,0.60418695
POLR1A,0.6041563
ARHGEF6,0.6041532
ARHGAP31,0.6041307
AFF4,0.6041294
ALG8,0.60412747
BBS2,0.6040839
CD1D,0.6040764
AGA,0.604069
BTN3A1,0.60406035
ALDH1B1,0.60403377
SENP1,0.6040262
APH1B,0.60401833
LTF,0.6039922
NDUFS6,0.60396963
AIF1,0.60395426
ARHGEF26,0.60394526
ACTB,0.6039419
CX3CL1,0.6039295
SYNE1,0.6039276
HEY2,0.6039071
CHCHD5,0.6038687
RPS6KB2,0.60383844
HOPX,0.6038337
ALKBH6,0.60381824
CAMK1,0.60381407
ANXA1,0.6038096
ARHGAP19,0.60378855
CCR10,0.60373706
DUSP8,0.6037154
ANGPT2,0.6036946
GPER1,0.6036594
KHSRP,0.6036192
ARNTL2,0.6036131
CAPN7,0.60359216
SAMD8,0.60358435
LAMB1,0.6035602
TRIM2,0.60355794
COL6A3,0.60350704
MEIS2,0.6034999
ARHGAP4,0.6034971
MYH3,0.6034854
EXOC3L1,0.60347927
ATP6V0B,0.6034739
ZNF317,0.60344845
RIPK3,0.6034439
BCL7B,0.6034007
ALAS1,0.60339916
ATRIP,0.60339254
SLC25A25,0.6033815
MMP28,0.6033814
AP5M1,0.6033697
ALG13,0.603366
CYP27A1,0.60336035
AP4E1,0.60334384
MDH1,0.60332745
C5AR1,0.6033267
AMPD3,0.60332274
AMOT,0.60332143
BDKRB2,0.6033212
ARHGEF15,0.60331243
ATP7B,0.60328823
B9D1,0.60328746
APIP,0.6032696
IL1R2,0.6032191
ARHGAP26,0.60321474
DMTN,0.603203
ITGB3,0.6031971
ARSD,0.6031668
HLA-DPA1,0.60316104
ATG2B,0.603154
ACACB,0.6031469
ANKRD44,0.60311544
ARHGAP11B,0.6031115
REEP3,0.6030879
UBE2B,0.60308504
LILRB2,0.60305357
GBP5,0.6030346
SDCBP,0.6030182
ADAMTS1,0.6029946
CDK3,0.6029865
ASL,0.6029659
BBS5,0.60292816
ARPC1A,0.60292673
ADA,0.60291976
AK2,0.60291845
ANGEL2,0.6029072
ARCN1,0.60289985
ANKZF1,0.60289115
ADCY3,0.6028848
APPL2,0.6028645
ADAMTS12,0.60278994
ALG9,0.6027768
ASB2,0.60276127
ACTR3,0.6027436
ARNT2,0.6027168
INHBB,0.6027139
AMOTL1,0.6027106
CD6,0.60266125
FXR1,0.6026551
RAB30,0.6026416
AUH,0.6025928
COL8A2,0.6025928
ALPK1,0.60255826
APOBR,0.602531
AGO1,0.6025214
AKR1C2,0.6025189
ADCY5,0.60251546
GGT5,0.602477
CD2,0.6024395
PGS1,0.6023939
BPGM,0.602375
AMDHD2,0.6023632
DLL1,0.6023449
ADAM17,0.602299
ATP13A2,0.60228467
API5,0.6022535
CACNA2D4,0.60224366
CIDEB,0.60223883
RGS4,0.602194
MAML3,0.60217863
ADAMTS4,0.6021421
APOO,0.60212725
HK3,0.60208046
ARL3,0.602071
ARL2BP,0.60206604
MBTD1,0.60203665
MRPL3,0.60201836
ACSF3,0.6019638
AKAP8,0.60188454
ATG4B,0.60184187
STXBP4,0.60183394
CD163,0.6017784
APBB2,0.60176706
ACADSB,0.6017531
C7orf26,0.6016828
ARHGEF18,0.60167414
DYNC2LI1,0.6016682
MIER1,0.6016515
ANAPC2,0.60165036
CCNDBP1,0.6016439
PIGL,0.6016099
ARL4C,0.60158014
MED27,0.60157084
TARBP2,0.60154384
AP5S1,0.601483
TSPYL2,0.60146236
DCN,0.6014357
FUT2,0.6014164
MICU1,0.6013851
SNAPC3,0.60138345
ARRDC3,0.60137796
GOLGA4,0.6013662
SLA,0.60133386
FGD5,0.6013312
CHI3L1,0.6012961
CBX6,0.6012943
ARFGAP3,0.6012474
ARHGAP9,0.6012457
ADCY4,0.60122144
IGSF6,0.6012114
ATG3,0.6012
GIPR,0.60119444
IVNS1ABP,0.60114014
PPIL6,0.6011391
CHRNB1,0.6011128
AK4,0.6011072
ARF6,0.60107994
ARHGAP39,0.6010778
ALG6,0.6010557
SOCS6,0.601055
B3GALT4,0.6010319
ALMS1,0.6010286
WDR19,0.6010254
ARNTL,0.60101086
CCDC174,0.60100526
B3GNT7,0.6010009
DUSP19,0.60099983
ANGPTL4,0.6009857
ARHGEF25,0.6009815
AHNAK,0.60097575
BFSP1,0.60096663
FOLR2,0.60094
BAG5,0.6009335
CALML4,0.60091364
ATP8B4,0.6009012
SPRED1,0.6008972
AIFM2,0.6008752
TRIM38,0.60086834
PDPK1,0.600867
AP5B1,0.60084605
CLDN11,0.60084325
ALDH1A3,0.6008416
COL17A1,0.6008214
C2orf49,0.60080814
PGF,0.60079885
AP3D1,0.6007811
AP3M1,0.60077703
ALG1,0.60077286
LGMN,0.60076183
ARHGAP35,0.6007188
SGPL1,0.60071295
ZNF337,0.60066324
AP1G2,0.60061634
ANAPC4,0.60058856
CDK5,0.60056245
AMY2B,0.60054904
AKR1A1,0.60053843
ARRB2,0.600516
ATP6V1A,0.60049987
ATP6V1G1,0.6004995
ALDH18A1,0.6004912
CATSPER2,0.6004893
FLNB,0.6004852
SAT1,0.6004558
ATP2A3,0.6004533
ARHGEF37,0.6004309
ARHGEF9,0.60042477
AP2A2,0.6003965
ATP6AP1,0.600371
POLD3,0.6003702
CD248,0.6003606
EIF4G2,0.6003335
NFATC3,0.600323
ADAMTS7,0.6003213
ATOX1,0.60030645
ALPL,0.60028946
ACTG2,0.6002892
CFB,0.60019666
CD34,0.6001651
ATG4C,0.6001481
BBS10,0.60012525
BTN3A2,0.6001226
ARL8A,0.6001148
AKAP1,0.60011303
ASGR1,0.60010135
CASP1,0.60009485
PES1,0.6000877
ATP1A3,0.60008633
MYO9B,0.6000863
ARMC8,0.60007197
ATP6V1E2,0.60006016
BUD31,0.6000515
ARHGAP6,0.60000956
ATP8B1,0.5999913
CLUAP1,0.59998083
ARHGEF40,0.5999605
AFTPH,0.59996027
AMPH,0.5998704
CARD6,0.5998592
ARL13B,0.5998462
TYSND1,0.5998438
AP3S1,0.5998353
B3GNTL1,0.5998297
FKBP8,0.59981894
ADCY1,0.59977585
ATP6V0E2,0.59977525
ASPHD1,0.59976673
AGPAT3,0.5997569
CCDC40,0.59973913
ATP1B1,0.59972817
ARHGAP25,0.5997207
EHMT1,0.5996926
CCDC22,0.5996912
XYLB,0.5996838
CGRRF1,0.5996836
C1R,0.5996752
AGPAT1,0.5996698
AKR7A2,0.5996606
PSMC3,0.59965914
ADIPOR1,0.5996486
ARG2,0.5996226
CTSL,0.5995904
CYSLTR1,0.5995693
NOC2L,0.59956497
APLP2,0.5995498
MZT2B,0.599501
ANXA5,0.5994941
ASAH1,0.5994849
BIN2,0.59942025
LIN7A,0.5994192
AHRR,0.5994117
DENND2D,0.5994036
ANLN,0.5993983
GTF2H5,0.5993827
COL11A2,0.59935325
BCAT2,0.5993384
ITGAM,0.5993358
NFAM1,0.59930724
RRP36,0.5992993
ASAH2,0.59929913
ZNF41,0.5992903
APOBEC3B,0.59927344
CD69,0.59925914
RANBP10,0.5992572
CHST7,0.5992303
AMBRA1,0.59919935
CLN3,0.5991932
C9orf72,0.5991691
ANP32B,0.5991587
CDH6,0.59915346
APOL1,0.5991504
ARHGEF11,0.59914714
AP2A1,0.59911954
ANKLE2,0.5991153
RBBP6,0.5991061
CD247,0.5990833
BET1,0.59907013
ALG14,0.59905845
NDUFA4,0.5990265
NOP56,0.5990237
CLEC7A,0.59902316
ALOX5,0.5990126
COQ3,0.5989326
AQR,0.5989245
BAG2,0.5989066
RALGPS2,0.5988994
BMP8B,0.59889823
ASIC1,0.5988955
ALCAM,0.5988564
CFD,0.598853
ADAMTS5,0.5988423
AP5Z1,0.5987814
ANK3,0.5987622
BLCAP,0.5987268
CTBS,0.5987032
ATL1,0.5986775
SPHK2,0.5986722
ZNF264,0.5986716
B3GNT5,0.5986454
ASRGL1,0.5986172
ASB8,0.59861434
BIN1,0.5986125
BBS12,0.5985882
CHMP4A,0.59858173
ALDH3B1,0.59852767
AP1G1,0.5985254
MCM5,0.5985097
ATG4A,0.59850913
RAB11FIP1,0.5985063
ARHGEF19,0.59842193
HOXA7,0.5984053
RAB14,0.5983906
SYVN1,0.5983567
ANKRD28,0.59834415
BMP4,0.5983325
B4GALT7,0.59832513
ASCC2,0.5982886
CCDC106,0.59823734
QSOX1,0.5982317
ZNF160,0.5981506
AP2S1,0.59813577
AP4M1,0.59812546
ATG9A,0.5980968
CTSF,0.59809375
ARHGAP32,0.598076
ALDOC,0.5980378
PDHX,0.59799576
COL24A1,0.5979325
ECM1,0.5978855
ZNF197,0.59788084
TERF2IP,0.5978764
ARSJ,0.5978708
AGO4,0.5978679
ADPGK,0.5978414
CBR3,0.59783286
ARHGAP44,0.5978294
CSPG4,0.597787
ASB1,0.59778255
AHCTF1,0.59774435
COL5A3,0.5977427
ATP11B,0.5977292
ANTXR1,0.59766746
ASAP2,0.5976457
BAK1,0.5976278
SMARCAL1,0.5976105
ARFGAP1,0.5975954
PHF19,0.5975892
TMEM214,0.5975691
APBA3,0.5975676
TMEM132A,0.59753096
ATG16L1,0.5975181
TCEA2,0.5975009
ATPAF2,0.59747434
APOBEC3G,0.59746933
ATG16L2,0.5974667
SPNS1,0.5974626
APH1A,0.59744436
ATRN,0.5974378
ASS1,0.59743434
PDSS2,0.5974102
BRPF3,0.597369
AKT1S1,0.5973678
GJA1,0.5973573
AMT,0.5973404
BMP2,0.59733623
APAF1,0.5972894
CHMP4C,0.5972847
TWF2,0.597269
APTX,0.59726584
F13A1,0.5972448
ATF6B,0.5972131
BRIX1,0.59720296
PDLIM7,0.5971906
CCDC115,0.59715194
CCDC59,0.5971472
BAHD1,0.5971236
TSNAX,0.5971146
AGTRAP,0.597114
CSTA,0.5970514
ZNF605,0.5970346
MYL12B,0.59703165
ATXN3,0.5970254
ZYG11B,0.59702325
ATF6,0.59699166
CES4A,0.59695053
APPL1,0.5969239
ANO1,0.5969216
BLVRB,0.5969064
CACNA1H,0.5969024
OTUD5,0.5969012
EPHX2,0.59689736
CD68,0.59688276
RFX2,0.5968816
BBS7,0.5968791
FCER1G,0.5968754
DENND1C,0.5968714
CASP6,0.59686893
CRAT,0.59686273
ARHGAP18,0.59685916
UQCRQ,0.5968546
AVL9,0.59684026
ARAP1,0.5968366
CNN1,0.5967951
ATP6V1D,0.5967908
ZNF768,0.59676427
CTSO,0.5967585
B9D2,0.5967438
C5,0.5967218
APOE,0.596715
BECN1,0.59664035
ARFGEF1,0.5966304
RFX5,0.59662026
GLRX2,0.5966173
ATG14,0.59659076
HES4,0.5965787
ARHGAP11A,0.59657705
AP4B1,0.596557
ANXA2,0.596533
CELSR3,0.59652585
CEP76,0.59651875
ARF3,0.59651804
SLAIN2,0.5964829
ANAPC16,0.5964775
AMMECR1,0.59647083
C17orf49,0.596467
C2CD2,0.5964639
CLIC3,0.59645444
ZNF274,0.5964362
COL15A1,0.59641147
ARAP3,0.5964075
ANKFY1,0.5964063
SKA3,0.59637487
PYCR1,0.59636575
AHSA1,0.59635866
CHRD,0.5963585
CISH,0.5963203
CEBPG,0.59631836
MAOB,0.59631026
BTD,0.5962892
CCDC86,0.59628105
CLDN23,0.5962694
MPZ,0.59626144
CEP135,0.5962548
SDS,0.5962544
RAMP3,0.5962529
AREL1,0.59621626
SFI1,0.5962088
ARSG,0.5961931
CCDC80,0.5961851
NME4,0.5961844
CDK11A,0.59617954
BBC3,0.5961604
CA2,0.5961397
B3GALNT1,0.5961364
CDS1,0.5961161
GSDMB,0.5960942
MRPL37,0.5960581
KCMF1,0.5960493
MORF4L1,0.59604913
BUD13,0.5960131
CACNA1C,0.59600836
YIF1A,0.5959882
CREB3,0.5959775
BAIAP2,0.59595823
CAPN10,0.5959216
KCNAB3,0.59591097
NPTN,0.5959101
CXCL16,0.59588087
ATP1B2,0.59588075
ATG12,0.595864
BEST1,0.59586287
CMTM7,0.5958612
COMMD3,0.5958544
C17orf75,0.59585345
CACNB3,0.59585035
SH2B1,0.5958415
ARFRP1,0.595823
PSMC5,0.5958182
ANXA6,0.5958168
BNIP3L,0.59580207
ANP32A,0.59579206
DCLRE1B,0.59577763
PSME1,0.5957545
GNLY,0.59574205
BOLA1,0.5957384
RBBP8,0.5957181
BHLHE41,0.5957036
AP1S3,0.5956931
BCL2L2,0.5956904
ATP8A1,0.5956694
CETP,0.5956617
ARPC1B,0.59565175
C12orf65,0.59564
CD200,0.5956209
CNGA1,0.59561336
KDM4B,0.595612
CHST14,0.595612
CBR4,0.59558105
PPP3R1,0.5955699
BCL7C,0.595558
BTBD1,0.59555703
SMAD7,0.5955544
SMYD4,0.59549886
ASB6,0.5954663
ARHGAP24,0.5954057
CCP110,0.5953776
CDH5,0.59536344
ATN1,0.59535754
ATP6V1C1,0.5953496
CC2D2A,0.5953338
AGO3,0.59532964
VCPIP1,0.59530294
BEND3,0.5952869
CMKLR1,0.59527105
TERF2,0.5952576
AFMID,0.5952245
NOP58,0.5951944
ADK,0.5951614
CLN8,0.5951587
MGA,0.59515405
CCNG2,0.595147
ADNP,0.5951451
FCGR3A,0.5951231
DET1,0.595119
RPL36AL,0.59511817
ASF1B,0.59500456
TMEM63A,0.59499913
PITPNA,0.59499764
HEYL,0.5949891
POSTN,0.5949876
YOD1,0.59497744
PELI2,0.59497017
ARHGAP17,0.59495354
BTF3L4,0.5949298
FAM20A,0.5949195
EVI2B,0.5948974
APBB1,0.5948973
ALS2CL,0.5948696
CCNE2,0.5948514
MS4A6A,0.59484583
F5,0.59484375
B3GAT3,0.5948275
CEACAM1,0.5948143
B4GALT3,0.59480816
AHCY,0.5947905
MEF2D,0.5947743
ARL2,0.5947262
ALDH7A1,0.59464353
AP3B1,0.5946313
CDC14B,0.5946215
SECISBP2,0.5946005
BMP2K,0.5945687
AGMAT,0.594552
COQ9,0.5945359
CLEC3B,0.5945124
CABLES2,0.59449494
ARHGAP30,0.59446734
CD86,0.5944433
BYSL,0.5943954
MPDZ,0.59438545
COL16A1,0.5943707
ATAD5,0.5943676
ATIC,0.59435695
PWP1,0.5943341
CNTNAP1,0.59430206
ATP7A,0.5942773
GGT1,0.5942326
GADD45G,0.59423125
CACYBP,0.5941295
BOLA3,0.5941063
C2CD3,0.5940756
UNC93B1,0.59406906
APBA1,0.59406424
STAT2,0.5940524
AGPS,0.59405106
IL18R1,0.5940354
CPT1B,0.5940241
BLOC1S6,0.59402025
SGPP1,0.5940168
PPP1R18,0.5940096
B4GALT4,0.59399337
ELOVL7,0.59396416
BLOC1S5,0.5939595
B4GALT2,0.59393066
ATG5,0.59390014
ASNS,0.593871
CD4,0.59382164
FBXL8,0.5938043
IL17RE,0.5937985
TBPL1,0.5937856
OSBP2,0.5937711
CPLX1,0.5937648
ANAPC7,0.593756
ANKRD27,0.59374106
ARFGEF2,0.59373075
CD109,0.5937243
AP2M1,0.5937214
BLVRA,0.59370637
NDUFS1,0.59368664
CMYA5,0.59368235
EPHB3,0.5936686
FOSB,0.5936542
ARID4A,0.59357196
POLR3E,0.59355783
STXBP3,0.59355104
CCDC136,0.59352094
ASPM,0.59351385
CHCHD10,0.5934851
SIPA1,0.59345955
CDC16,0.5934164
BAZ1B,0.59340703
DNAH1,0.5934065
ATP6V1H,0.5933989
CUBN,0.59332794
CBY1,0.59329504
RCOR3,0.5932695
BCKDK,0.59326464
CLIP3,0.5932274
RNF40,0.5932202
DYNLT3,0.5931741
ARL6IP5,0.59315264
ATP6V1E1,0.5931359
UBXN2A,0.5931282
PDK1,0.59311545
PSMB3,0.5930885
ANXA7,0.593072
FBXL22,0.5930655
CETN2,0.59306073
CD320,0.5930497
DNAH5,0.593048
MCMDC2,0.5930423
C1D,0.5930239
ARPC5,0.5930007
FBP1,0.5929924
CHTF18,0.5929809
CEP70,0.5929622
ATAD3A,0.59288543
ARFIP2,0.59286976
BTC,0.5928167
CYP2U1,0.5927755
AUP1,0.5927566
CACNB1,0.5927328
CREB3L4,0.59271777
TBC1D13,0.5926915
COG1,0.592691
RBP1,0.59267324
BLOC1S2,0.5926515
BRPF1,0.59255946
KMO,0.5925194
ATP6V0A2,0.5924643
SMCR8,0.592423
EIF5A,0.59240025
INMT,0.5923811
CCNK,0.5923553
DPP4,0.59231544
S100A9,0.5923002
EFNB1,0.59220773
APOBEC3C,0.592174
GSPT1,0.5921447
CARD10,0.59214115
UBE2F,0.59211326
BSCL2,0.5920931
CACNB2,0.5920895
CDC37L1,0.59207386
ANAPC5,0.5920665
CHRNA10,0.59205437
BTN2A1,0.59200215
CHEK1,0.5919984
BANF1,0.59199524
CTU1,0.5919826
CAMK2G,0.5919462
BCAS2,0.59189355
AP2B1,0.59188026
ATF2,0.59186184
APOBEC3F,0.5918573
BHLHE40,0.59181327
ASCC1,0.5917713
ARF5,0.5917709
ATP6V0C,0.5917302
BICD2,0.59170365
SIAH1,0.59169865
CENPA,0.5916656
DIMT1,0.5916467
ATG13,0.59164333
CGNL1,0.5916025
DOLPP1,0.5915764
EPHB6,0.5915236
CLDN1,0.5914919
CRY1,0.59142643
ORC2,0.5914248
ILF2,0.5913868
DHRS1,0.5913857
RUSC2,0.59133327
DXO,0.59132314
CCZ1,0.59131414
HSPB2,0.5912536
ATG4D,0.5912486
ZBTB33,0.591241
ATM,0.59123343
CORIN,0.591225
PSMB8,0.59120345
ARL1,0.59110314
CENPB,0.59107155
ATPAF1,0.591023
NAT10,0.59100556
NCOA6,0.5910032
RNF34,0.59100235
CLCF1,0.5909904
BCKDHA,0.5909676
TRUB2,0.59095037
RAB4A,0.59092844
COA5,0.59091616
CETN3,0.590916
P4HA3,0.5908717
CTC1,0.5908578
BLOC1S1,0.5908375
CENPL,0.5908356
DCLRE1A,0.5908229
LIN7B,0.5908083
SLAMF7,0.5907893
MCM2,0.590788
DHX58,0.5907757
RANBP1,0.5906955
BNIP3,0.5906687
B3GALNT2,0.5906312
ZNF841,0.5906273
CCNT1,0.5906119
BID,0.5905035
HERC6,0.5905031
CENPQ,0.5905012
ARHGDIB,0.590499
CASP4,0.59047
ARF1,0.59046113
ATP6V1B2,0.5904536
AURKAIP1,0.590452
CEP250,0.5904466
TMED7,0.5904214
EFNA3,0.5903844
DERL3,0.5903836
CALCOCO1,0.5903802
NFATC2IP,0.5903751
CITED2,0.59036565
CALCRL,0.5903625
EFCAB7,0.5903456
NLRC4,0.5903356
RRP8,0.5903143
PPM1L,0.5903133
SUPT20H,0.5903102
CENPC,0.5903082
CD180,0.59029824
PPP2R5A,0.59026396
AP3M2,0.5902022
CASP2,0.5901059
COX17,0.5900828
HLA-DPB1,0.59005857
THUMPD1,0.59004116
SERPINB6,0.59002584
BRCC3,0.59002197
PFKFB4,0.59000665
CRY2,0.5899692
ATF4,0.58995533
CASP7,0.5899285
VAMP2,0.5898956
DUSP10,0.5898886
CHST12,0.58984685
COL9A3,0.5898411
FPR3,0.58983415
CMTR2,0.5898238
BPNT1,0.58978504
CRELD2,0.5897588
ARHGDIA,0.58973914
BCAR1,0.58973837
PKN1,0.5897353
GPR68,0.5897306
SPINT1,0.5897134
WDR35,0.58970934
GANAB,0.58969426
NPRL3,0.5896729
TAF5L,0.58966726
COMMD5,0.5896581
CIB1,0.5896426
CEP97,0.58964014
CLIC2,0.5896019
PPIF,0.5895722
STARD8,0.5895182
TFB1M,0.5895105
ARHGEF3,0.5895051
COLQ,0.58949894
POLK,0.5894931
PIK3C3,0.5894463
CEBPB,0.5894452
DDX58,0.5894191
CAMLG,0.5893769
ATAD2,0.5893763
BACE2,0.5893684
CCNH,0.5893462
CLDN15,0.5893451
CD27,0.5893319
AP3S2,0.5893254
CCL4,0.5892294
CHRAC1,0.58922786
ATF7IP,0.589148
CASZ1,0.5891332
ATP2B4,0.58913016
ARRB1,0.58912903
BCCIP,0.589122
DPM3,0.5891146
RAB36,0.5890759
RALGAPA2,0.58907074
C1GALT1,0.5890293
FGD3,0.5890172
BMP1,0.58900374
CCL5,0.5890032
CHUK,0.5889946
BABAM1,0.5889868
CHPF,0.58898604
COLEC12,0.588969
BRAP,0.5889561
CTSK,0.58895105
DAPP1,0.588947
NFX1,0.58893037
DDX20,0.5889122
CYP2J2,0.588909
BAG4,0.58890665
IGF2R,0.5888926
DES,0.588891
DISP2,0.5888855
PRDX3,0.5888634
TUBGCP6,0.58882153
DGKQ,0.58881617
ZKSCAN5,0.588809
RNF41,0.58877164
ARIH1,0.58872473
CCDC68,0.5887189
SGSM3,0.58861244
DOLK,0.5885965
SLC9A1,0.5885628
BLZF1,0.5885582
CDK7,0.58853936
GPNMB,0.5885354
CDKN2AIP,0.5885092
ENPP2,0.588506
ZDHHC9,0.58849424
BTBD2,0.5884594
FZD1,0.5884411
BCS1L,0.58840895
BCAP31,0.5883888
PIKFYVE,0.58828807
CES2,0.5882715
RHOQ,0.5882561
B3GNT8,0.5882528
SEH1L,0.5882508
TCTN3,0.5882503
COL1A2,0.5882425
ARID4B,0.58823925
CARF,0.58821243
FLT4,0.5882122
C17orf80,0.5881501
ARPC2,0.588074
BMF,0.58805597
ARHGAP21,0.58802927
METAP1,0.58802736
ARIH2,0.5880022
CABYR,0.5879985
GBP3,0.5879275
DCTN3,0.58790517
SLC35E3,0.5878442
ATP11A,0.5878151
ARF4,0.58781433
BRD8,0.58780646
CDH23,0.58779764
PGAP1,0.58779705
HK1,0.58778304
ANP32E,0.5877679
CDIPT,0.5877496
CEP78,0.5876758
HYI,0.5876376
BZW1,0.5876236
CEP41,0.5875776
CYB5R1,0.5875682
ZNF100,0.587556
CYP2D6,0.58755255
UBE4A,0.58751035
ATXN7L1,0.5874865
CYP3A5,0.58748347
PFKM,0.5874784
EIF4E3,0.58747256
CYP2R1,0.5874316
NUP50,0.5874233
COA6,0.5874028
CLPP,0.58738786
BFAR,0.58737874
CBR1,0.58736306
BRD2,0.5873336
UAP1,0.5873095
MAP4K5,0.5872833
CADM1,0.58728033
CRMP1,0.5872588
BTRC,0.58721757
EXOSC4,0.5872149
DCK,0.5872084
MEMO1,0.58719903
CBX4,0.5871892
CIR1,0.5871507
INCENP,0.5870448
MRPS21,0.587009
HYOU1,0.5870003
BRF1,0.5869793
CAT,0.58697313
MED14,0.5869714
BUB1,0.58692884
CDKN2AIPNL,0.58687353
NLRC5,0.586869
DALRD3,0.5868622
CDH24,0.586852
PRPS1,0.58684343
ALDOA,0.5868425
BTAF1,0.5868106
CYTH4,0.5867902
DEPTOR,0.58676416
CFL2,0.5867308
DHDH,0.5867274
AAR2,0.5867178
SLA2,0.5866927
STX2,0.58667344
PDCD11,0.5866717
CYB5R2,0.5866559
TOP3B,0.5866446
ATP2B1,0.586628
CCNF,0.58662426
SEMA4C,0.5865814
CAMKK1,0.58657134
DENND2A,0.58656067
CD2BP2,0.5865554
PI4KA,0.58652997
ELMO3,0.58651996
CDCA2,0.58648944
COQ6,0.5864832
SERPINB9,0.58647656
EAF2,0.58647054
RFFL,0.58638316
AZIN1,0.5863618
CDC23,0.5863379
CDK16,0.5863267
CREM,0.5863063
TFB2M,0.5862662
PERP,0.5862485
COL6A2,0.5862128
DYNC1I2,0.5862112
BOP1,0.5861995
MCM4,0.58618355
CWF19L1,0.5861596
HSPA12B,0.5861584
COPZ2,0.5861524
CDCA8,0.58611673
SESN2,0.5861073
TOLLIP,0.58609897
ZNF500,0.5860333
E2F8,0.5859911
DPCD,0.58589035
ATXN2L,0.58588004
RNASEH1,0.58581
CDC40,0.58580154
CDC7,0.5857088
CCDC97,0.5856867
CABLES1,0.585678
PDCD6,0.5855929
STX17,0.58557487
CYP39A1,0.5855744
B3GNT2,0.585567
BATF,0.58555603
CKAP2,0.58554554
ARPP19,0.58553636
APP,0.5855261
DDX60,0.5855048
CHAF1B,0.5854875
DECR1,0.58543205
REPS1,0.585428
CKS2,0.5854274
NPC2,0.58536595
CHMP5,0.58535844
GMDS,0.5853576
USP20,0.58534867
CCS,0.5853243
COPS4,0.5852879
DYRK1B,0.58526427
DDX19A,0.58526146
ITGA8,0.58525217
ZNF430,0.58524245
CHCHD1,0.5852409
ATP1B3,0.58523065
PRPF4B,0.5852166
BCAS3,0.5852118
PDCD4,0.5851833
ZNF566,0.58516306
BBS9,0.5851299
COQ10B,0.5851208
CD300A,0.5850892
COMMD6,0.5850397
CDK11B,0.5850039
PSMD12,0.5849461
COL9A2,0.5849458
TDP2,0.5849348
MEF2A,0.58492726
CARS2,0.58489555
COG2,0.58489054
COPS7A,0.58488166
LIN37,0.5848753
TRAPPC11,0.58482116
ATG10,0.58475363
SIKE1,0.58470154
ARHGEF12,0.58468705
RRAGA,0.58468276
C2CD5,0.5846768
CREB5,0.58465564
ZNF708,0.5846335
DCAF17,0.58461785
CEL,0.58460295
BCL2L11,0.5845814
CLCN6,0.584549
CENPN,0.58453536
DPH3,0.58453345
ARPC4,0.5845212
F8,0.58450425
PEX19,0.58448225
BMS1,0.5844542
NPHP1,0.5844481
CCR7,0.5844154
CDR2L,0.5843967
CLDN7,0.5843916
PNPT1,0.58433515
BRK1,0.5843189
SSBP4,0.58426106
CNOT7,0.5842609
BMPR2,0.58425146
ZNF526,0.5842488
FAM114A2,0.58423966
UBA5,0.5842384
CALCOCO2,0.584207
DCUN1D3,0.5842051
CDC34,0.5841992
GCAT,0.58415294
GALNT14,0.58408004
NDST1,0.58407736
GNGT2,0.58407575
CHFR,0.58402264
CTH,0.5840119
DNTTIP1,0.5839851
C1QBP,0.5839635
TCF7,0.58394027
CMTR1,0.58393425
ALG2,0.5839179
CUL9,0.58391666
CAPN2,0.5839121
CHML,0.583892
CNTRL,0.5838766
BRWD3,0.58386654
EHD3,0.5838122
ANO10,0.583806
DERL2,0.5838036
CDCA7,0.5837964
DSCC1,0.5837757
CKAP2L,0.5837703
TTK,0.5837376
BDP1,0.58371794
RBM42,0.5837178
FCGR2A,0.58359814
GDF15,0.5835825
ZNF783,0.58358216
CNNM4,0.5835255
POLR3H,0.58351916
MTSS1,0.58351725
CSF2RB,0.58351487
DNASE2,0.5835007
CD58,0.58346385
CHMP6,0.5834137
PSMD8,0.5833891
DNAH17,0.5833824
CDK2,0.583307
CHN2,0.58329743
CLK4,0.5832597
CNIH3,0.5832435
GINS3,0.5832057
BIRC6,0.5831697
ASH1L,0.58316356
HMGCS1,0.5831448
DFFB,0.58310854
CMAS,0.5831074
ZNF561,0.5830954
EAPP,0.58306235
CSTF2,0.58305204
CELSR1,0.58304626
COQ7,0.5830324
C3orf38,0.58302295
BRD1,0.5830155
SMC2,0.58300996
CDK9,0.58298725
CAD,0.5829834
RARG,0.5829801
CKLF,0.5829459
CALM1,0.582917
DDX28,0.58287245
COX15,0.5827544
CENPH,0.5827192
ARID5B,0.5826991
CHID1,0.58269286
CCM2,0.5825964
ITCH,0.5825925
OSBPL1A,0.5825728
GNA14,0.5825409
BAZ2A,0.5825176
STARD3,0.58250815
CNIH1,0.5824948
COX7B,0.58248365
BAG6,0.5824819
CWC22,0.58246595
MAPKAPK2,0.582453
CIB2,0.5824409
PKP2,0.5824206
CCNL2,0.58239305
RAD52,0.58238137
UBA3,0.58235854
COASY,0.5823399
MAOA,0.58230644
CLHC1,0.58227384
LSP1,0.58225423
CAMK4,0.5821938
COIL,0.58215624
CTSA,0.5821168
SLC12A2,0.58209515
GRB2,0.58207107
CDCP1,0.5820591
CAP2,0.5820204
FBLN5,0.5820135
CD52,0.5819979
KDELR1,0.58199394
TXNRD2,0.5819585
CD99L2,0.5819403
CCNA2,0.5819308
PLEKHG3,0.58190763
PRCP,0.58187777
CDK5RAP3,0.5818504
PSMB4,0.58181727
PRR12,0.5817891
SCYL1,0.58178484
FBXO15,0.5817677
CPT1C,0.5817612
CD83,0.581709
FST,0.5816747
DCAF10,0.58167464
TNFRSF12A,0.5816619
FUT1,0.58160186
CTNS,0.58160174
DBP,0.58154356
DOCK8,0.5815285
DUSP6,0.5815224
OXNAD1,0.5815028
CD40,0.5814894
DLC1,0.5813868
CHST15,0.5812356
GLIPR1,0.58121085
RAP2A,0.58118933
DNAJA4,0.58110756
BUB3,0.58105016
ATXN1,0.58104926
CLCN7,0.5810167
CCDC12,0.58099735
DNAJB11,0.5809822
COMMD2,0.58098066
CBX2,0.58096343
FCGRT,0.5809572
HECTD1,0.58094823
GDPD1,0.5809431
ETV7,0.58090734
DIS3L,0.5808966
IL17RA,0.5808866
NHP2,0.580855
FBL,0.58084244
WDR55,0.58083886
NDEL1,0.58083695
EXOSC8,0.5807754
CARM1,0.5807744
BCAT1,0.58077425
CENPI,0.580747
DGAT1,0.58074474
CPD,0.58074427
EID3,0.5807164
COG8,0.580696
COG3,0.5806876
CEP120,0.5806749
CPSF3,0.58060277
MDC1,0.5805488
LMCD1,0.5805375
MAP3K2,0.58052516
PDHA1,0.58052015
PHC2,0.5805046
CDCA5,0.5805041
GPR176,0.5804994
CLK1,0.5804935
ITPR2,0.58042866
UROD,0.58040565
DHRS11,0.58038574
RER1,0.5803595
SEC22A,0.58034515
DNAAF2,0.58032596
CHMP2A,0.58032525
MBD2,0.58030087
DONSON,0.5802645
CAPZA2,0.5802447
COL5A2,0.5802113
VPS37B,0.5801906
CDS2,0.58015925
CDC42EP4,0.5801572
ATP2A2,0.5801446
IP6K1,0.5800836
COG6,0.5800162
DYSF,0.58001494
PPIL4,0.5799998
CAMKK2,0.5799757
FAAH,0.57997185
DHRS3,0.57994366
DPM1,0.5799118
DCAF4,0.57990986
CCDC88C,0.57990766
FDXR,0.57990664
PAIP2,0.5798927
GRK4,0.57988507
CSTB,0.57984954
CPNE3,0.5798481
CAB39,0.57981855
SRP19,0.5798066
COPS8,0.579788
CHMP3,0.579736
ASAP1,0.5797255
CEP55,0.5797022
CBX3,0.579646
ATRX,0.5796421
KDELR2,0.57961994
CDC20,0.57959735
EME1,0.57953805
NES,0.57953113
RRN3,0.5795179
RBBP5,0.5795042
CD63,0.5794853
DUT,0.57944804
CDR2,0.5794301
DACT1,0.57938004
ERMAP,0.5793644
CENPO,0.5793486
GBE1,0.579342
ASPH,0.5793106
CEPT1,0.57929164
DAPK2,0.5792892
GADD45A,0.5792661
COG7,0.57923955
CD53,0.5791968
SAMM50,0.57919
GPX3,0.5791871
CRTC2,0.57917875
FARS2,0.5791412
RPA2,0.5791287
UBIAD1,0.5791268
HS3ST1,0.5790589
CNOT11,0.579033
EAF1,0.5790313
CERS5,0.5790169
CDKL5,0.5789845
DDX17,0.5789784
CNOT6L,0.5789718
DENND2C,0.57895505
COX11,0.5789536
CEP290,0.5789358
LIPG,0.5789307
DUSP1,0.5789206
ZFP90,0.57891846
PREPL,0.5788673
RAD54L,0.5788608
PPL,0.57882833
DHRS4,0.57880574
TBP,0.5787642
GPR183,0.57872504
CDCA3,0.57872117
DHPS,0.5786789
BICD1,0.5786649
ENPP1,0.5786545
COPS2,0.5786513
PIP5K1C,0.57862103
RAI2,0.5785956
FBXW11,0.57854056
KRT19,0.57849914
SPARCL1,0.578493
LY96,0.5784831
STK36,0.5784272
ATXN2,0.5784179
CREBRF,0.5783987
TRIAP1,0.5783827
PIGK,0.5783546
BRWD1,0.57834935
CAPNS1,0.5783028
CSTF2T,0.5782915
MTMR12,0.57827175
EDNRA,0.57821727
HYLS1,0.5782049
CALD1,0.57818836
CYTH2,0.57814384
ITPKB,0.5781238
CENPT,0.5781113
VGLL3,0.5779846
KCNH2,0.5779837
CD9,0.5779724
TOPORS,0.57796013
CALM2,0.57794505
CREG1,0.5779434
LMF1,0.5779074
FBXO4,0.5779032
LONP1,0.57787764
ARHGAP29,0.57786965
DDX51,0.57786226
SYF2,0.57783955
CENPM,0.5778267
CDT1,0.5777961
FPGT,0.5777883
RUNX2,0.57776845
HFE,0.5777211
VIPAS39,0.5776943
CENPJ,0.5776515
TBL3,0.5776284
UGDH,0.57758987
HDAC11,0.57754415
B4GALT1,0.57754153
DRG2,0.57752913
RAD51AP1,0.5775283
CIAO1,0.5775173
COL18A1,0.5774682
CTDP1,0.5774637
CDC25B,0.5774419
WASF3,0.57743055
ECD,0.5774139
DMWD,0.5773749
GLYCTK,0.5773435
USP16,0.5772969
FHL1,0.57727206
THAP11,0.5772708
NDUFV1,0.5772557
RNF128,0.57725567
CD47,0.57721287
NUS1,0.5771945
FRK,0.57719284
PRKX,0.5771802
PEF1,0.57717615
PDCD10,0.57716584
CHMP2B,0.57714117
ATXN10,0.57713944
GBP4,0.57707256
CD48,0.5770655
E4F1,0.57706237
NCOA7,0.57705677
ERCC6L,0.57702404
NFYC,0.5770052
KIF4A,0.57699513
ZNF738,0.5769885
UBQLN2,0.5769881
PSMA7,0.57695735
ORC5,0.5769452
TUBD1,0.5768924
COX18,0.57688004
DPH1,0.57685184
VANGL2,0.5768388
CDK19,0.57683855
NLN,0.57674026
EMC3,0.57673573
NKD1,0.57668924
CHERP,0.5766882
MRPL51,0.57668424
SHQ1,0.5766755
UBL4A,0.5766362
PLA2G4A,0.5766308
DMAP1,0.57661325
KBTBD8,0.57655495
NDUFAF6,0.57653856
CRLS1,0.57653505
CAPN15,0.57652575
CNOT8,0.5765219
DPH2,0.57649416
SPAST,0.5764775
CHAF1A,0.57640964
PPP2R5D,0.57640725
ZNF43,0.57635546
ZNF320,0.5763498
PLAA,0.57634735
RAB11B,0.5763371
HDAC8,0.57627475
LGI4,0.57625216
CXXC1,0.576226
TIPRL,0.5762219
DNAJB9,0.5761015
FBXO45,0.5760925
MAP3K4,0.576071
CERK,0.576044
CWC15,0.57599896
DUSP7,0.5759987
DDA1,0.57599074
COX20,0.5759808
PCGF3,0.5759445
CAPN1,0.5759242
FLNC,0.57591414
EIF2B4,0.57588375
CSTF1,0.5758778
FKBPL,0.5758518
MGAT5,0.5757932
GRIN2D,0.5757807
DCLRE1C,0.57577145
KIAA1549L,0.5757566
DMPK,0.5757563
CHP1,0.575754
TNFRSF11B,0.57557863
CCDC93,0.57557464
BSG,0.5755714
TFAP4,0.5755338
CYP2S1,0.5755173
CHPF2,0.5755084
RNF7,0.575491
CAP1,0.57546437
CAND1,0.5754136
COG4,0.5753777
DYRK2,0.5753704
NDUFAF2,0.57536626
CXADR,0.57535
GCSH,0.5753499
CEBPZ,0.575317
PAK4,0.5752577
DTX3,0.5752255
DCP1B,0.57516617
CDK17,0.5751529
CRYZ,0.5750873
COX6A1,0.57508296
NDUFA4L2,0.57507634
CLSPN,0.57506126
CEP164,0.5750555
SKAP1,0.5750382
SKIV2L,0.5750111
CCAR1,0.57498306
DSC2,0.5749636
RHOBTB2,0.5749448
CAMK2D,0.5749391
BRD9,0.5749197
HES1,0.5748713
DCXR,0.5748469
NUDT5,0.57482433
PRPF38A,0.57481456
CPOX,0.5747928
EHHADH,0.57478243
IFI44L,0.5747714
EOGT,0.57471883
SPRED2,0.5747175
ZNF189,0.5746765
LRFN1,0.5746288
METAP2,0.5746196
USP21,0.5745637
DBR1,0.5745514
CHMP1B,0.5745106
HOXD3,0.5744977
VAMP3,0.5744876
LRRC4B,0.57445484
PDHB,0.5744136
SUPT7L,0.57436055
COL4A1,0.574335
CLPX,0.5743113
RASA2,0.5743065
LYZ,0.57429826
CDC37,0.5742765
CPT1A,0.57426363
FBXO25,0.5742285
MBD3,0.57422394
DCAF15,0.57422286
PMPCB,0.574216
COPE,0.5741916
IL7,0.574185
LRRC6,0.57418257
WDR45,0.57417816
DSEL,0.5741763
PPP4C,0.5741689
DCAF13,0.57411706
PARVA,0.57407457
RHNO1,0.57400876
CD2AP,0.57400507
UBL7,0.57394236
CMTM6,0.57394075
HARBI1,0.5739001
RPL22L1,0.5738963
PYGM,0.5738747
MSL2,0.5738398
CCNT2,0.5738205
CERS4,0.5738203
ETFDH,0.57381374
EIF3H,0.5738013
CLOCK,0.5737811
TRMT1,0.5737254
GORAB,0.5736963
CLK3,0.5736668
DHX16,0.57366264
CHN1,0.5735716
DDX52,0.5735585
DPY30,0.5735311
LRG1,0.5734588
CMPK1,0.5734525
EVPL,0.5734449
GLS2,0.57334083
FJX1,0.5733187
RAD54B,0.573298
FZD5,0.57328236
SLC25A38,0.57326126
DDX39A,0.57322264
RBCK1,0.573196
CYFIP2,0.5731801
PPIP5K2,0.57315576
PLA2R1,0.57312226
CALU,0.57310957
COL7A1,0.5731031
RPS26,0.57309616
EIF3L,0.5730934
CPT2,0.57308966
GEMIN2,0.5730062
PFDN2,0.57300425
NVL,0.57294756
EFNA1,0.57294625
CERS2,0.57292587
ZNF670,0.572921
CASK,0.57291025
EPHA4,0.5728822
TPD52L1,0.5728788
RHOT1,0.5728459
CBFA2T2,0.5728428
CRADD,0.5728239
DOCK6,0.57278484
BTF3,0.5727841
TTF1,0.5726484
TAF1B,0.57264584
CDK13,0.57263595
CEP350,0.57261693
CCT6A,0.5726104
MAU2,0.5726079
IRF6,0.57260704
CIAPIN1,0.5726039
LCAT,0.5726
ODC1,0.5725992
CEP57,0.5725926
CTNNBIP1,0.5725911
FBXO27,0.5725531
TBC1D17,0.57253337
RORA,0.5725107
CLEC2D,0.5724924
DEPDC5,0.57239205
TUBGCP5,0.5723911
TRIM13,0.57239103
CORO1B,0.57235444
TBC1D32,0.5723208
COL27A1,0.5722668
TBC1D24,0.5721999
CEP72,0.5721961
GALNT3,0.57218355
HAAO,0.5721473
ENGASE,0.57204646
RRM2B,0.5720164
F12,0.57198876
ERI2,0.5719696
CHCHD6,0.5719233
EMC4,0.57190686
KHK,0.5718828
COPG1,0.5718414
SRA1,0.571793
DDX27,0.5717516
MAPK14,0.5717464
PSMF1,0.5717434
CLDN12,0.5717153
RRP1,0.57170224
LMO7,0.5716674
NUP133,0.57161254
FRZB,0.57159424
FRAS1,0.57152534
DHX8,0.5715133
DDX19B,0.5715031
SPN,0.5714917
COQ5,0.57146406
E2F2,0.5714605
PDLIM4,0.57144403
SORD,0.57143664
CTR9,0.5713944
RCN1,0.5713757
PPARD,0.57133704
ZNF300,0.5713236
BACH1,0.57123005
DTX4,0.5712228
RECQL,0.571218
DAAM1,0.57118905
CDC42BPA,0.57115656
FUNDC1,0.57115364
LDLR,0.571146
DHODH,0.5711458
EBAG9,0.57111454
TBCEL,0.57110554
EYA2,0.5711026
SMDT1,0.5710177
GALM,0.5709815
POLR2L,0.5709684
TBC1D20,0.5709331
FKRP,0.5709178
ENC1,0.5708887
HSD17B4,0.5707851
PRKRA,0.5707813
NCBP2,0.57075727
CYB5R4,0.57075214
DDX18,0.5707521
DENR,0.57073194
PIF1,0.57072854
PKD2,0.5707141
PTPN9,0.5706795
RNF168,0.570672
SUN2,0.57064426
DISC1,0.57064104
CLIP2,0.5706078
CAST,0.57059216
MRPS16,0.5705762
EBF1,0.5705291
DAPK3,0.57050467
HERC5,0.57047176
FMO4,0.57046646
EIF2B2,0.57046044
CCR1,0.57045805
FAM160A2,0.570416
ITGAX,0.57039374
KDM8,0.57034
DPH6,0.57033
SENP2,0.57032126
CNNM3,0.5702998
DDX56,0.570286
LARP4,0.5702456
FZD3,0.5702407
DDX50,0.5702336
TRAPPC5,0.57021844
EVC2,0.57019025
GEMIN6,0.5701553
PTGES2,0.57013667
EBNA1BP2,0.5700651
DOK1,0.570063
ESF1,0.5700428
KCTD6,0.5700046
KCNJ15,0.56997854
DCTPP1,0.5699593
TAF11,0.56994814
COX10,0.56991684
ERLEC1,0.5698849
FGD2,0.56977254
EIF1B,0.5697172
CHCHD2,0.56971556
CDC27,0.56967545
UBE2D1,0.5696607
LARS2,0.56964827
CMTM4,0.5696467
LSM2,0.5696152
EXOC8,0.5696032
IP6K2,0.5695958
CHSY1,0.5695764
LILRB3,0.5695756
FHOD1,0.5695739
DDX11,0.56956285
RHOT2,0.5695619
RND3,0.56956077
IFI30,0.569537
PLCG1,0.5695275
EBP,0.56952214
PDE1B,0.5694976
KANK1,0.56940585
CNPY3,0.5694026
CCT8,0.5693871
KLHDC3,0.56929934
CHM,0.5692683
EIF4G1,0.5692356
DOCK2,0.56921136
CNOT6,0.5692027
CPEB2,0.5691991
CPSF2,0.5691724
SYDE2,0.56915027
DHX35,0.5690757
ETHE1,0.56906766
ITPR3,0.5690262
PANK3,0.568878
ZNF44,0.56885403
KIF11,0.5688383
NCF4,0.56882983
PSMC1,0.56879807
LDHD,0.56877816
RCOR2,0.5687604
MAP1A,0.56874543
GPAM,0.56873786
DCAF12,0.5687253
FAM13A,0.56872225
MIB1,0.5687221
POLE3,0.5687091
DUS1L,0.56870687
HLA-F,0.56870043
DERL1,0.56869596
GABPA,0.5686726
DPP7,0.5686702
KCNJ2,0.568665
CCT2,0.56865096
GIMAP4,0.5686387
MSH3,0.5686221
EGR3,0.5685769
CD46,0.5685685
DCTN4,0.5685263
DIAPH3,0.56847787
KCNIP4,0.5684201
DOCK11,0.5684062
ZNF808,0.56837976
KIF22,0.5683522
CNOT10,0.56832594
COQ4,0.5683159
EPB41L4B,0.56828606
DTX3L,0.5682723
DHX38,0.5682701
ERN1,0.5682684
STAC3,0.5682297
CWF19L2,0.56820977
SETD7,0.5681948
CCNG1,0.5681911
GLA,0.56819004
CD81,0.5681456
FBF1,0.5681445
ETNK2,0.5680739
SUV39H2,0.5680725
GCH1,0.56802624
MTF2,0.56800145
DLAT,0.5680009
DAPK1,0.56799364
PYCR2,0.5679929
LAT,0.56799024
CPSF4,0.5679404
KNTC1,0.56793815
CSNK1G2,0.5679082
DLG4,0.5678469
CLDN4,0.56783545
IDUA,0.56782955
RUFY3,0.5678216
DCP1A,0.5677882
JMJD4,0.5677355
FCHO1,0.56771076
CYBA,0.5677034
TRAPPC4,0.5676896
ZNF766,0.5676829
NPHP4,0.5676714
BTBD3,0.56762713
DBNL,0.5676267
TAB3,0.567615
NGFR,0.5675917
RFC4,0.56759053
COPS6,0.567587
GALNT6,0.56747246
CPSF7,0.56747234
COPB2,0.56747013
HAGH,0.567425
PSMB6,0.56740457
DGKZ,0.5673754
DNAJA2,0.56737196
SEC61A2,0.56737083
CCDC91,0.56732404
DVL1,0.56729555
NPNT,0.5672599
NEK9,0.56725246
HLX,0.5672404
DHX32,0.5671948
HMBS,0.567104
KIF9,0.5670482
CPEB4,0.56703836
MAN2B2,0.5670313
DCTN2,0.5670128
DDX54,0.5670044
PPAT,0.56700194
CUL5,0.5669236
TRAIP,0.566887
LRRC8E,0.5668651
MID1,0.5668642
COBLL1,0.5668494
COL4A6,0.566833
EPC2,0.56682175
PIH1D1,0.5668186
GET4,0.566815
CD55,0.56676733
DERA,0.5667254
CUL4B,0.5667049
COX5A,0.566685
PSMC2,0.5666576
FNTB,0.5666352
DMD,0.56662256
GPX7,0.5666192
GHDC,0.56661326
COPS7B,0.56660277
FOXK2,0.5665967
TPK1,0.56658244
CNOT4,0.56655735
TXNDC16,0.56652945
CENPE,0.5665219
ZNF649,0.5665098
IBA57,0.56647474
MFSD2A,0.5664179
CSGALNACT2,0.566395
GALNT12,0.56632066
ITGB4,0.5663168
FADD,0.56621355
ITGBL1,0.56619877
CEP152,0.5661679
NCAPG,0.56612164
NOL10,0.5661083
CDK2AP1,0.5660875
FBXL14,0.5660542
FBXL12,0.56604713
UTP14C,0.5660446
PATL1,0.5660437
TM6SF1,0.5660431
CENPK,0.5660374
KBTBD6,0.56601995
RNASE1,0.56595
FEZ1,0.5659385
CTSB,0.56592464
EARS2,0.5659018
GALNT1,0.56590116
MEX3C,0.5658299
TM7SF2,0.5657881
GALE,0.56576526
CHMP4B,0.56573844
DAB2,0.5657261
ING3,0.5657093
FSCN1,0.5657078
NEK1,0.5656436
ZNF607,0.565634
ZNF133,0.5656135
CHD3,0.5656044
GPR160,0.565603
MSL1,0.56558365
ZNF780B,0.56555355
PREB,0.5655266
DHDDS,0.5655174
CDC42,0.5655039
GSTM3,0.5654847
RRAGD,0.5654815
G3BP2,0.56543076
SLK,0.56537443
GBP2,0.56536
SDC1,0.5653497
FBXW9,0.5653264
TOR1A,0.56529087
STAT5A,0.5652825
HADHA,0.5652809
LHX6,0.56527823
CHD9,0.5652731
GKAP1,0.5652428
TMEM126B,0.5652364
DGKA,0.5652249
CLPB,0.5652196
RNF138,0.5651692
LAMA2,0.56515414
POLR2G,0.565151
DCAF11,0.56512773
NUCB1,0.5651143
CKAP4,0.56511104
EDEM3,0.56510574
FMN1,0.5650983
HSD17B8,0.56507
HSD17B1,0.5650644
FAM111A,0.565007
LIPT1,0.5649997
RTEL1,0.56498486
DNAJB14,0.5649818
ITGA7,0.56490546
HUS1,0.5648922
ZNF143,0.5648539
ENTPD6,0.5648388
UCK1,0.564825
DENND4A,0.5648092
DAZAP2,0.56476957
SPPL2A,0.56475794
GALNT18,0.56471425
MAML1,0.5646814
MYLK,0.5646682
CNDP2,0.5646457
CACNA2D1,0.5645453
PHF8,0.56452906
THOC6,0.56452286
EXOSC5,0.5645119
EPB41L5,0.56450903
F3,0.5644858
FADS1,0.5644827
PTGFRN,0.56447214
DOCK7,0.5644595
BPTF,0.56440896
ZNF227,0.5644004
CNN2,0.5643942
IER3,0.56439334
CIT,0.56437117
PPIL1,0.56433177
ZNF529,0.56432194
PGM3,0.5642803
CPSF1,0.56419927
ITGA9,0.5641847
CAPZB,0.56418043
FGD1,0.5641552
KCNMB3,0.5640959
E2F4,0.5640719
GNAO1,0.5640257
LBR,0.56398994
EMC8,0.56396765
CSAD,0.5639661
PSD,0.5639548
ECI2,0.5639197
PCCB,0.56386334
GGPS1,0.56386214
GCC2,0.5638576
GCFC2,0.56382304
CLTA,0.5638225
MTX2,0.5638143
DCPS,0.5637626
ZW10,0.56374806
KPNA2,0.56374615
PGAP2,0.56373453
DGKI,0.5636545
SPSB3,0.56365067
ZDHHC8,0.5636385
CLINT1,0.56360465
TRIM62,0.5636031
DUSP4,0.56354207
KIF1C,0.56353164
CEP192,0.5635227
POLL,0.5635216
RFC2,0.563504
RPL17,0.5634629
LFNG,0.56343573
DGUOK,0.5633888
MCMBP,0.56336665
HPSE,0.56336397
IGFBP4,0.5633483
CHKA,0.56334716
CTSD,0.5633425
CYB5A,0.5633212
EMC9,0.563313
CCT4,0.56328773
LRP5,0.5632199
HK2,0.5632183
COMMD1,0.56317097
HMGN1,0.5631693
DEPDC1B,0.56314105
GIGYF2,0.56314087
PTDSS2,0.563122
GNE,0.5631178
DDX41,0.56307864
ECSIT,0.5630125
THOC1,0.5630103
CLASP2,0.56300294
DDHD1,0.56300163
CHTOP,0.5629882
EEF1B2,0.5629877
INPP1,0.5629852
NUP88,0.562952
MSR1,0.5629359
REXO4,0.5629346
REEP5,0.5629103
FABP5,0.56288964
CANX,0.5628638
IL2RB,0.5628203
DNAJC3,0.5628104
GTF2E1,0.5628055
CYSTM1,0.5627935
KCNC3,0.56279033
IFT57,0.5627587
DMXL2,0.56271166
IFIT5,0.5627092
EFNA4,0.56264997
GALK1,0.5626259
TCEA3,0.56261766
FAM131B,0.5625836
CYCS,0.5625789
CHD1,0.5625697
EME2,0.5625659
ERCC6,0.5625447
NCAPD3,0.5625265
PYGB,0.56251657
ITGA2B,0.5625056
CTPS2,0.5624877
GK,0.5624478
FNIP2,0.5624414
REXO1,0.56243277
DDRGK1,0.5623996
PSMD9,0.5623941
RNPC3,0.56238955
CHD7,0.56238467
DYNLT1,0.5623722
DNAJA3,0.56237185
FBXO8,0.5623197
OPRL1,0.56231683
SYNJ1,0.562303
CAPZA1,0.5622829
CTDSP1,0.56227916
DOK4,0.56227565
DUS2,0.56227213
TELO2,0.562233
DVL3,0.5622234
LCLAT1,0.5621618
GBA,0.5621591
IL11RA,0.5621518
KIF2C,0.56212974
OSMR,0.56211257
PLD6,0.56210345
FKBP4,0.5620937
DBF4,0.5620909
DNTTIP2,0.5620888
NUP107,0.5620602
DCP2,0.5620409
PLSCR1,0.5620326
MOCOS,0.5620001
CTSH,0.56199485
NBEAL2,0.5619875
RAB11FIP4,0.56197435
POLR3A,0.56195635
GALC,0.56194884
LYPLA2,0.5618979
TEX264,0.561886
DHX37,0.5618844
HENMT1,0.56185734
EXOSC6,0.5618207
RAB9A,0.5617957
CTPS1,0.5617739
ZNF423,0.56176
MOCS3,0.5617552
DPH7,0.5617415
ELMO1,0.5617227
E2F6,0.5617113
JOSD2,0.56168866
CUL2,0.56167513
ZNF814,0.56162995
GATC,0.5616166
TAF9,0.5615986
LRRC41,0.5615544
CDC42BPB,0.56151366
KCNJ14,0.56151336
MGAT4A,0.5614449
CBX1,0.5613798
HEG1,0.5613796
UBE2T,0.5613628
TLR4,0.56135327
DENND1B,0.5613495
JAG1,0.561332
PPP1R12C,0.5613213
ZNF335,0.5613077
ZNF101,0.5612305
CNNM2,0.5612281
TAF8,0.5612089
DUSP14,0.5611967
PRPF40B,0.5611666
CLNS1A,0.56116265
CCNY,0.5611464
UNC5B,0.56114197
MRPS6,0.56114167
HAUS3,0.5610854
DCTD,0.56107557
FBXO17,0.56104463
MRPL11,0.5610025
SECTM1,0.5609992
COPB1,0.56097156
MYO9A,0.56092936
RDH5,0.56091785
NUDT14,0.5608608
RNASEL,0.56082207
DNAJB12,0.5608175
ZNF440,0.5608085
FUZ,0.56080675
MXRA8,0.5607865
WDR31,0.5607549
TICAM1,0.56067497
SAV1,0.5606577
EFNB3,0.56065595
SLC6A9,0.56065494
NARS2,0.56064624
EPHA1,0.5606056
RHBDD1,0.560542
PLB1,0.5605197
DGKE,0.56048346
CPE,0.5604749
GPKOW,0.5604621
RAB27A,0.5604356
IFIT1,0.5604105
CHORDC1,0.5604029
GPD2,0.5603489
MAPKAPK5,0.5603315
PMPCA,0.56032705
EMC7,0.5603206
GSPT2,0.5602798
GUCY1A2,0.56027436
RNF123,0.5602642
EDIL3,0.5602564
VLDLR,0.56024843
SH3GLB1,0.5602324
MYBBP1A,0.56019974
IL32,0.56016344
ZSCAN32,0.5600832
STX4,0.5600757
FAU,0.56007427
LIMA1,0.5600571
NMB,0.56002694
ENO3,0.5599821
HSD11B2,0.5599786
MTRF1L,0.5599748
DBT,0.5599731
MAPK7,0.5599674
LRRK2,0.5599674
FZD8,0.55990916
GALNS,0.5599079
KCTD15,0.559825
RASL10A,0.5597737
MYO1F,0.5597678
MRC2,0.5597451
LPXN,0.55972147
DDX1,0.55970436
PCDHGA6,0.5597009
MADD,0.5596911
PEX5,0.55969095
JAM2,0.5596577
KRT17,0.5596237
DENND6A,0.5595918
CTNNA1,0.55954206
CTTNBP2NL,0.55953133
ELMO2,0.55950236
PCDHB10,0.5594794
LIF,0.55946946
TAGLN,0.55946475
FUCA2,0.559459
NELFB,0.55943274
ME3,0.55940074
NANP,0.5593986
HECA,0.55938977
ORC4,0.55934507
HCAR2,0.5593305
TRO,0.5592812
ZNF212,0.5592302
HTT,0.5592212
GABARAP,0.5592208
NSFL1C,0.559201
QRSL1,0.5591585
HNRNPH2,0.55915403
HOOK2,0.5591505
DYNC1LI1,0.5591319
GRAP2,0.55908096
MATK,0.5590675
CYFIP1,0.5590244
COX6B1,0.559023
SEL1L,0.5590214
PLEKHA8,0.55899763
CCT3,0.558995
VPS28,0.55896425
FER,0.5589595
TFAM,0.5589478
SMAD1,0.5589327
COX7A2L,0.55891925
CTNNBL1,0.55889016
GBP1,0.5588649
DNAJC9,0.558852
ZNF250,0.5588425
ITGAL,0.5588208
DSN1,0.5588063
CCT7,0.55878156
NRBP1,0.5587296
DPYSL3,0.55872333
CFDP1,0.55871665
DNAJC2,0.55867654
SAR1B,0.5586659
TAF1C,0.55866486
TIMM17B,0.5586401
SLC35B1,0.55862904
DNAL1,0.5586073
OSBPL5,0.5585928
GOT2,0.558583
PPP1R16B,0.55855155
RAP2B,0.55850935
PRKRIP1,0.5584948
RGS12,0.55847216
PRKAG1,0.55843455
CORO1A,0.5584195
TRIB3,0.55839366
SURF6,0.55836385
GTF3C1,0.55834675
KCNIP2,0.55832964
GOLIM4,0.5582861
PURB,0.55827206
DNAJC15,0.55826604
KRBA1,0.5582342
PTGER2,0.5581958
COL5A1,0.5581889
CSNK1G1,0.55817455
RNF185,0.5581706
POLR2H,0.5581489
NDUFB5,0.55810976
DCAF16,0.5580527
EIF2AK3,0.55802035
YIPF1,0.5579209
GPN1,0.55791885
LTBP1,0.5578779
MOB1A,0.5578486
KREMEN1,0.5578457
KDM4A,0.5578178
FAIM,0.5578154
DBI,0.55778825
FRMD6,0.5577706
DRG1,0.5577609
EGR2,0.5576917
DVL2,0.5576522
GIT2,0.55764204
FNIP1,0.55763805
PNP,0.5576366
INTS6,0.5576365
GRHL1,0.55761117
CLSTN1,0.5575991
NDUFV2,0.5575685
MTMR2,0.5575386
PREX1,0.55753005
MED24,0.55748737
IMMT,0.55743706
RAD1,0.55743587
MYLK4,0.557418
KPNA4,0.55741215
IPP,0.5573967
IL2RA,0.55732507
NFIX,0.55732244
MAGT1,0.55729693
EIF3D,0.55724865
NR2F6,0.5572452
SLC27A5,0.5572412
GEMIN7,0.5572205
CERS6,0.55721873
IFT88,0.55717903
SPRY4,0.5571508
MTUS1,0.557144
WDR48,0.55713755
RNF2,0.5570989
GMIP,0.5570429
FAM91A1,0.55695015
EXOC6B,0.5569397
EXOC1,0.55689496
HHAT,0.55689067
MED28,0.5568359
IL17RC,0.5568162
PTPN23,0.55681527
CYB5R3,0.556802
DENND4C,0.55679613
MTA2,0.5567954
CAPRIN1,0.5567733
SLC26A6,0.55675685
CSK,0.5567273
CTDNEP1,0.5566921
HEXIM2,0.5566779
RBM34,0.55664086
DCUN1D2,0.55657357
NSA2,0.5565728
FBXO32,0.5565339
LIMS2,0.5565132
MFN2,0.5564724
CYC1,0.55645454
LAMB3,0.556433
TADA1,0.5564113
FOXF1,0.55639654
NEIL3,0.5563824
DOCK10,0.5563551
CENPF,0.5563105
EIF4H,0.5562686
GNG11,0.5562395
PPP2R1B,0.55623364
FAHD2A,0.55621487
PHKG1,0.5561712
HCFC2,0.55616266
DCAF5,0.55615294
EPB41L3,0.55612373
RPAP1,0.5561203
ZNF235,0.5560846
DSG2,0.55604285
CCT5,0.55601263
KCNAB2,0.5559856
THBS2,0.55597645
SYP,0.55596024
CLIP1,0.55595773
ZFPM1,0.55594033
FOXRED2,0.5559337
ZNF510,0.5558974
GATAD2A,0.5558495
PIK3R4,0.555844
KDM3B,0.5558398
PAXIP1,0.5558383
RAB32,0.5557595
DEPDC1,0.555669
SYCE2,0.55566263
VPS18,0.555609
PSMB9,0.55559856
CRTAP,0.55548483
CLIC1,0.5554738
SH2B2,0.5554576
LTB,0.555412
GMPPB,0.5554065
KIF17,0.55539435
ICAM2,0.5553849
HSPA1B,0.5553813
RAB2B,0.55536264
DTNB,0.5552932
CPEB3,0.55529255
HNMT,0.55527264
TJP2,0.5552415
GPD1L,0.5552273
MRPS5,0.5552208
DUSP16,0.5551996
RUNDC3A,0.55519164
HCFC1,0.55517703
NEB,0.55517656
RUSC1,0.5551576
MIDN,0.5551354
PCDHB15,0.5551297
LRP2BP,0.5551054
ZNF45,0.55510396
LAMP1,0.55510086
MPP5,0.55497944
NLRP3,0.55493027
ING2,0.55484277
INTS10,0.5548123
DKC1,0.5547632
ZSWIM7,0.5547631
KCNAB1,0.554756
DHTKD1,0.5547532
DIABLO,0.5547504
DNAJC10,0.55473095
HDAC10,0.5547173
RAB3IL1,0.554693
NADK,0.55465245
ZNF548,0.55464673
FUT4,0.5545177
DHX33,0.55451673
EHMT2,0.5544911
FAH,0.55445755
NR5A2,0.55442894
GSTM4,0.5544253
PCGF5,0.5544112
PIGT,0.55437917
RBL2,0.55437773
IL15RA,0.5543533
GTF2I,0.554347
MMS19,0.5543304
NEDD8,0.5543057
PLXNA2,0.554299
MRPL45,0.55429155
ULK2,0.55426997
ZNF480,0.55425245
RIC8A,0.5542463
LYPD3,0.55423594
KIAA0513,0.5541971
IDS,0.55409044
FAM110A,0.55408424
YIPF5,0.55404764
DPF2,0.5540304
UCHL3,0.5540298
CBX5,0.5540233
FUCA1,0.5539804
GPX8,0.55395204
PCGF1,0.5539504
POLR2C,0.5539435
RELA,0.553929
ENOPH1,0.55392236
PTPN22,0.55390537
CNOT2,0.5538823
NIPSNAP3A,0.5538752
UPRT,0.55384415
ZNF10,0.5538351
N6AMT1,0.55382234
F2R,0.5538103
RAB34,0.55379224
TMEM17,0.55378705
HINT1,0.55378443
PI4KB,0.55377626
FDX1,0.5537355
FBXL7,0.5537291
MBOAT7,0.55372447
TCTN1,0.553692
GPR161,0.5536753
DLGAP5,0.5536612
CPNE1,0.55366105
GTF2A2,0.55364513
LNX1,0.5536216
RRS1,0.5536176
GOLGA3,0.55360156
MVB12B,0.55360025
PANK1,0.5535794
COG5,0.55357337
HSD17B12,0.5535637
GRPEL2,0.55355656
FARP1,0.5535289
SMYD5,0.5535029
GGT7,0.55347645
ZNF460,0.5534058
KRT5,0.5533652
GLG1,0.5533421
EXOC2,0.5533138
OXTR,0.5532991
ENSA,0.55328864
MAEA,0.5532481
DDX31,0.5531706
POLR3D,0.5531684
NRP2,0.553164
RALBP1,0.55314124
TMEM70,0.5531402
IREB2,0.5531378
DDX55,0.5531347
DCUN1D4,0.5531342
DENND4B,0.5531311
EIF4ENIF1,0.55308324
KIF21A,0.55305725
LRFN3,0.5530109
HELQ,0.5530007
ERP29,0.55297214
IRAK1,0.5529718
EEF1E1,0.5528891
IQCB1,0.55288005
KPNA3,0.552862
IFNAR1,0.552859
SH2B3,0.55279154
NAA35,0.5527781
SPIRE2,0.55269146
CSNK1E,0.55267847
ZNF394,0.55265677
DZIP1,0.55264527
RASSF2,0.5525959
HERC2,0.55256796
FZD7,0.5525612
MYO1C,0.552554
FRS3,0.5525517
ETF1,0.55253476
FECH,0.5524739
NAA38,0.55244905
PLCE1,0.5524408
OSBP,0.5524295
HSD11B1L,0.55239445
LRP3,0.55237323
CENPP,0.5523641
HS2ST1,0.55234605
RAB21,0.55233014
MKRN1,0.5522917
DFFA,0.55228823
PTGIR,0.5522838
CYTH1,0.55223405
MAP4K3,0.55221605
PTPRO,0.5521991
GATM,0.552194
FBXL3,0.5521736
EPS8L2,0.55217177
DCTN5,0.552166
IRAK3,0.5521471
IPO11,0.5521462
NFKBIA,0.55214334
HERC3,0.55211574
GYG1,0.55211157
NOC4L,0.55210507
PIGP,0.55204105
KIF13B,0.55202764
EHD2,0.55201334
ZNF385A,0.55201083
EDC3,0.55198693
CXXC5,0.55198216
CEP170,0.5519796
FAM220A,0.551972
PIGG,0.5519511
RPIA,0.5519382
NPAS2,0.55191153
KCND1,0.5519009
ZNF677,0.5518909
NELFCD,0.5518756
DCUN1D5,0.55186176
RHOB,0.55185294
NOP9,0.5518335
ELOVL5,0.5518252
NMI,0.5518232
GMPPA,0.5518087
ESRP2,0.55177474
MSH5,0.551722
C11orf49,0.55171305
INO80,0.5516476
LMAN2,0.55163836
MYL5,0.55162853
ZNF224,0.5515938
PCSK7,0.5515747
GNA15,0.55157375
ZNF473,0.55155987
EZH1,0.55154914
CUL1,0.5515134
ENG,0.5514928
ZNF557,0.55149084
GAN,0.5514764
ICAM1,0.55143845
EIF2B1,0.55140305
TWF1,0.5513988
CLIC4,0.5513859
MOCS1,0.55138
FGFRL1,0.55133563
CYB5B,0.5513302
EIF3B,0.5512692
DTNBP1,0.5512333
HAVCR2,0.5512293
FBLIM1,0.5512242
CRABP2,0.5510193
LIPE,0.5509962
KIFC3,0.55097437
HMGCR,0.5509136
PRKAB2,0.55080384
RORC,0.55075
WRAP53,0.55071104
PDE4A,0.5506989
DIAPH2,0.5506828
GLCE,0.5506746
DDX23,0.5506577
UPF3B,0.5506554
DNA2,0.55063725
MATN3,0.55062973
UFSP2,0.5506176
IARS2,0.55058986
NAPA,0.55058014
POMP,0.5505479
PDXP,0.55054235
GGA2,0.5505346
MAGI2,0.5505291
FMNL2,0.55049706
MED11,0.55048
TOM1,0.5504609
NPL,0.5504563
DHX36,0.550444
HSPA4L,0.5504352
F2RL1,0.55038124
NRN1,0.5503798
TIAM1,0.55037355
PPP1R3D,0.55035096
HPS5,0.55034053
NAB1,0.5503328
POP7,0.55031496
NOTCH3,0.5503135
IFNGR1,0.5502877
SLC25A22,0.55026907
WDR61,0.5502275
UBLCP1,0.5501064
CDK5RAP2,0.55009335
MGRN1,0.5500746
HERC1,0.5500715
SNAPC5,0.5500691
KHNYN,0.55005896
GTPBP3,0.54994434
PRKCH,0.549933
CDYL,0.54988873
LIMD1,0.5498677
ISYNA1,0.5498668
PEX26,0.5498498
RFC5,0.5498261
DPH5,0.54978585
SCN1B,0.54976666
DLD,0.5497508
RNF152,0.54974043
ISY1,0.549733
COL12A1,0.54965794
HSPA1L,0.5496479
KDELR3,0.5496314
COL4A2,0.5496238
TNFRSF10C,0.54961914
CSNK1G3,0.5495421
COPZ1,0.54953694
PISD,0.54948115
POLR1E,0.54947156
HCK,0.5494697
TXK,0.54946893
LAG3,0.5494621
MAGED2,0.5493977
EVC,0.549394
ORC3,0.5493889
SCNN1D,0.5493863
CSDE1,0.5493704
KHDRBS3,0.5493282
PEX6,0.54929703
NOL12,0.54929554
PLCD1,0.5492904
CSTF3,0.549277
CSNK1A1,0.5491989
ZNF485,0.5491894
GEMIN5,0.5491864
TLR3,0.5491789
KCNC4,0.5491576
EGLN3,0.54911464
TMED1,0.5490857
PURA,0.5490793
OPLAH,0.5490513
DUSP2,0.5490402
MRPS18B,0.5490173
MAP3K11,0.54901147
CWC27,0.5489841
MAF1,0.54898405
HOXB7,0.5489641
LRFN4,0.5489571
LOXL3,0.5489021
TP53INP1,0.5488995
FCF1,0.5488924
NCSTN,0.5488569
GRSF1,0.5488506
PEX2,0.54883766
MANEA,0.5488275
EIF1,0.5488205
SHARPIN,0.5488124
PLK3,0.5488071
HIP1R,0.54879844
CTDSPL,0.54876816
EXPH5,0.54872066
MYADM,0.5486994
PPP1R7,0.5486377
DBF4B,0.54862815
STAT4,0.54861355
PHF2,0.54861337
RAB8B,0.5485918
MLXIP,0.5485638
KCTD3,0.5485636
LAMTOR4,0.5485571
GANC,0.5485063
DLG3,0.5484796
SLX4,0.54847026
HARS2,0.5484566
FMNL1,0.54845566
RASGRP2,0.54845476
CSNK1D,0.5484458
LPIN3,0.54843754
PIAS4,0.5484306
TNFSF12,0.5483885
SHC2,0.54837185
GABPB2,0.5483555
DNM1L,0.54833364
DISP1,0.54831576
RSAD2,0.5482645
FYTTD1,0.5482503
MAN1C1,0.5482438
GIMAP8,0.5482435
ITGA6,0.5482311
DENND3,0.54822105
FIBP,0.54820615
MCCC2,0.5481661
GOLGB1,0.5481464
D2HGDH,0.54811597
ECHDC1,0.54803574
MRPL10,0.5479698
FAN1,0.5479484
EIF2B5,0.54793656
NLGN3,0.54793483
OSTC,0.54791456
NMD3,0.54790306
GPATCH1,0.5478987
LIMS1,0.54788995
SLC12A9,0.54788744
EIF4A3,0.5478797
HPS1,0.54786557
MX1,0.547851
GAS8,0.547839
CHCHD3,0.54783064
FBXO5,0.54779094
DNAJC24,0.5477868
ZIK1,0.54776585
GOSR1,0.54775
H6PD,0.5477086
RAD9A,0.54770046
HOXA10,0.5476922
SLC25A28,0.54768056
RCHY1,0.5476757
DLGAP4,0.54766643
TNFRSF10A,0.5476561
FEZ2,0.5476287
MCM3AP,0.5475795
ORC1,0.54754823
KBTBD7,0.5475261
MGAT2,0.5475255
FBXL4,0.54748344
ESYT1,0.54746526
IQGAP3,0.54744786
CPSF6,0.547406
CSPP1,0.54740113
EFEMP1,0.5473965
FAM98A,0.5473678
EIF4EBP2,0.54735327
IL17RB,0.5473528
DHCR7,0.5472965
RNF31,0.5472582
PASK,0.5472383
LUC7L,0.5472334
IL10RB,0.54722184
MAP3K3,0.5472182
MZT2A,0.54721487
COL4A5,0.5471804
MLST8,0.5471601
MMP17,0.5471597
GCC1,0.5471402
COA1,0.5471093
TRMT10C,0.5471086
CFL1,0.54709315
PODXL2,0.5470668
ECH1,0.54702216
ITGA5,0.546959
FKBP1A,0.546903
OASL,0.5468978
DCAF6,0.54688406
PTGS1,0.5468771
PLXNB3,0.5468753
GPSM1,0.54686546
GART,0.54686236
CNTLN,0.5468303
CLASP1,0.54680854
PHLDA1,0.5468015
ORMDL3,0.5467981
IFNAR2,0.5467677
ERAL1,0.5467351
EMD,0.5467213
MFF,0.5467047
CSE1L,0.5466959
INPP5B,0.54669523
CELF1,0.5466614
PAAF1,0.5466591
EXOSC7,0.5466425
SESN1,0.54663557
MID1IP1,0.5466069
IMPA2,0.5465904
GABPB1,0.54658747
DENND1A,0.54658306
PHKA2,0.54656416
FBXO2,0.54656005
PLAT,0.5464943
COPA,0.5464881
PPIH,0.5464528
PQBP1,0.5464508
TECPR1,0.54644203
PPP1R8,0.5464283
TDRD7,0.5464006
NBR1,0.54639745
CORO1C,0.5463965
GAS2L1,0.54638755
ESRRA,0.54637194
TBCC,0.54635954
LAS1L,0.5463582
ETFB,0.54635566
CKAP5,0.5463213
ERGIC3,0.54629105
MDFIC,0.5462745
DNAJA1,0.5462604
MIEF2,0.5462484
CHSY3,0.54621434
FGF11,0.5461809
PIP5KL1,0.5461537
CMSS1,0.5461482
FKBP2,0.54613084
ZNF418,0.5460912
EIF2B3,0.5460328
CYTH3,0.54602855
DAB2IP,0.5460253
RMI1,0.54599035
ELP5,0.545963
EXO1,0.5459356
TMOD1,0.54589796
EEA1,0.54589385
ITPK1,0.54588664
HSF1,0.5458728
HSPH1,0.5458325
NCK2,0.54580873
CS,0.54579335
PYGO2,0.5457705
DCAF7,0.5457572
POLR2D,0.5457462
LDLRAP1,0.5457451
RASD2,0.5456396
PGAM5,0.5456379
CTBP1,0.5455771
PAIP1,0.5455503
KTI12,0.5455492
NHLRC3,0.54546213
RPP30,0.54545254
PACS2,0.54540336
RNF125,0.5453717
ORAI2,0.5453218
DR1,0.5453024
HSPA13,0.5452998
MAN2B1,0.5452985
CTDSP2,0.54523826
FAM13B,0.5452366
COTL1,0.54520094
LIN7C,0.5451631
ELAC2,0.54515326
LSM14B,0.54507387
PCDHB3,0.54504853
HGS,0.54502296
PPP1R15B,0.54501724
SWSAP1,0.5449854
CSGALNACT1,0.5449833
FBN1,0.5449785
PPP2CB,0.544931
ITGB3BP,0.544911
CNOT1,0.5448984
KIF2A,0.5448951
GUK1,0.54489386
EMB,0.54487854
ZNF354C,0.5448484
MYL6B,0.54482794
MAN1A2,0.5448177
IL4R,0.54478025
MGAT3,0.54477817
MAPK9,0.5447643
NDUFS8,0.5447606
PTPMT1,0.5447508
FAM98B,0.54473215
LDB1,0.5447305
COL8A1,0.54472834
MON1A,0.544682
ZNF593,0.5446739
ROBO3,0.5446622
GPN3,0.5446252
EMC2,0.54462343
ZNF836,0.5446232
FBXW8,0.5445853
EIF2AK2,0.54451394
GEMIN8,0.5444849
GTPBP1,0.54447377
FANCB,0.54447347
HAUS2,0.54445803
CUL3,0.54445636
DDX24,0.54444027
HLA-DMA,0.54441285
DAP3,0.5444043
ELOVL1,0.5443921
LCMT2,0.54437727
DNAJB4,0.5443597
ZNF420,0.5443444
NDUFB9,0.54431814
SDSL,0.5443003
FUBP3,0.54427505
PLEKHA7,0.5442747
ZNF691,0.54422605
RNF8,0.5441767
RHOJ,0.5441384
UTP14A,0.5441204
SDF2,0.54407746
EIF2S3,0.5440589
DLG1,0.5440392
DDIT4,0.54402655
RNF20,0.54401714
DDOST,0.54400283
GMPR,0.5439951
RND1,0.5439926
NTN1,0.5439897
PAQR5,0.54395926
MRPL34,0.54394895
LRRC49,0.54389495
EIF2A,0.54389423
NUBP2,0.5438795
JDP2,0.5438489
FIG4,0.5438423
NKIRAS2,0.5438225
EPB41L2,0.5437996
RRP12,0.54379725
FAM8A1,0.5437405
LAMB2,0.5437278
NRL,0.5437047
ESYT2,0.54359907
IFT46,0.543528
MOV10,0.54352456
GNAI1,0.5435155
PDRG1,0.5434955
MMP11,0.54345167
ERGIC2,0.5434445
PRDX4,0.5434157
SLC44A4,0.54340315
HSD17B10,0.5433711
POLR2F,0.54334027
UFL1,0.54332507
NOL3,0.54328704
ETFA,0.5432568
MAP9,0.54324883
IPPK,0.543226
GTF3C5,0.5431946
PRPSAP1,0.54315275
TRAPPC2L,0.5431344
SHCBP1,0.5431161
NSUN4,0.5431029
MRM1,0.54310215
ELL2,0.54307115
RASGEF1A,0.5430285
EIF6,0.54302275
RGMB,0.5429881
LRCH1,0.5429851
HSPA6,0.542984
NCAPH2,0.54297185
DDX42,0.54297066
GFER,0.5429432
NR2F2,0.5428802
NRP1,0.5428665
OBSL1,0.54286337
PPIL2,0.5428545
SGMS2,0.5428539
SPATA13,0.5428307
SIVA1,0.54281443
FARSA,0.5428
FARSB,0.5427735
GPANK1,0.54274905
FLAD1,0.5427267
POLH,0.5427256
KIF18B,0.5427133
KLHL11,0.5426849
MAP2,0.5426839
ITGB6,0.5426742
GORASP2,0.54265666
GTF2H4,0.5426525
GRAP,0.5426363
ENTPD4,0.54262245
TRMT61B,0.54261816
NAA40,0.54254806
TRIM21,0.5425323
RAB6B,0.54252523
EPN1,0.5425137
ITGB1BP1,0.54247665
DSP,0.5424451
ODF2,0.54244137
MARS2,0.5424258
HSPB8,0.5424055
MYO15A,0.5424046
DPYSL2,0.542392
HYPK,0.5423306
KPNA5,0.5423249
EXTL3,0.5422924
GSTA4,0.5422907
TIFA,0.5422609
INO80E,0.5422591
IL10RA,0.54225826
IRAK4,0.54223704
ZNF467,0.54223686
DNAJC1,0.5422349
DDX39B,0.5422094
NOP10,0.5421557
FBXO41,0.54212326
RNF19B,0.542112
UAP1L1,0.54208297
NDUFA1,0.54204464
PDE4C,0.5420058
MAP2K5,0.54200155
GDPD5,0.54195136
FBXO10,0.54193914
HDAC3,0.5419172
QDPR,0.5419154
HEXB,0.541887
DIS3L2,0.5418688
DDX21,0.5418581
EHD1,0.5418543
TRAPPC6B,0.5418405
DNAJC11,0.5418259
LSR,0.54181844
FERMT3,0.5418117
MCUR1,0.5417874
FEM1A,0.5417755
EXOSC9,0.5417613
RPAP3,0.54175705
LRP6,0.5417525
ITGA1,0.54173195
PGGT1B,0.54171216
EFTUD2,0.5416987
MTMR10,0.54169255
FAT4,0.54167575
EIF2AK4,0.54166156
GLB1,0.5416605
DIDO1,0.54165035
KLHL3,0.5415984
TRMT5,0.5415952
MAVS,0.54156977
PSMB10,0.5414965
TRIP4,0.54145145
KDM2B,0.5414478
FNDC5,0.54143286
DCAF8,0.5414287
DAZAP1,0.54141736
PPP1R9B,0.5414172
PLXNA3,0.54140323
MRTO4,0.5413938
HIPK3,0.54139066
TNFSF13,0.54138625
MOB1B,0.54131603
NDUFS2,0.5412868
ELOVL6,0.54126847
MFSD10,0.541251
DENND5B,0.5412504
IKZF4,0.5412304
EXOC6,0.5412279
DYNLL1,0.5412279
EIF4E2,0.5412035
MIA3,0.54119825
ING1,0.54117036
PELI1,0.5411606
LTBP4,0.5411581
HOXA3,0.541157
PLK2,0.5411159
ME2,0.5410994
IMPA1,0.54109675
DYNC2H1,0.5410681
MRPL20,0.5410619
DYNC1H1,0.5410305
STX12,0.5410285
LSM11,0.541011
PPP3CC,0.54100037
GAA,0.5409818
IL17RD,0.54095685
IRAK2,0.54091
MBOAT2,0.5408807
GEMIN4,0.54081446
DHX15,0.54080766
MLF1,0.54080003
EXOSC1,0.5407843
DGKH,0.54078394
DNAJB6,0.5407839
EPAS1,0.5407761
KIF7,0.54075944
PLS1,0.54075444
GLRX,0.5407142
EGLN2,0.54068744
KIF21B,0.5406518
PPIE,0.5406414
MRPL28,0.54061335
DNAJC5,0.54058564
NPRL2,0.54057586
KXD1,0.5405389
LRP4,0.5405369
GNPDA2,0.5405131
ERCC8,0.54049623
EP400,0.5404767
ERRFI1,0.540476
FANCM,0.5404484
KIF20B,0.54044163
PARP4,0.540425
IL13RA1,0.540425
PLXNC1,0.54040486
DDB1,0.54039586
SNRNP48,0.54038525
NCBP1,0.54032916
PITPNM1,0.5402744
DDX46,0.54027027
NLGN2,0.54022706
NCAPH,0.5401866
PILRA,0.54017496
FPGS,0.5401704
LPCAT2,0.54016614
TST,0.54014796
NDUFB10,0.5401176
LTN1,0.5401128
MGLL,0.54010683
INPP5E,0.54010206
DOT1L,0.5401002
DIAPH1,0.5400885
TBC1D23,0.54006016
PLCB3,0.5400589
ITGA2,0.54004073
DLST,0.54002094
LRIG1,0.54000145
RHBDF2,0.5399965
HJURP,0.53999186
HEBP1,0.53998303
ELP6,0.5399707
SUPV3L1,0.5399589
PPP1R15A,0.5399478
EXOC7,0.53985184
ENO2,0.5398474
INO80C,0.53983545
GTF2F2,0.53981006
GDF11,0.5397968
IL1RAP,0.5397489
GID4,0.53974295
KRBOX4,0.53974277
MRPL49,0.5397421
NAA60,0.5397086
HELB,0.5396994
FOSL2,0.53964573
E2F7,0.5396403
HOMER1,0.5396367
HELZ2,0.53962594
LMAN1,0.53961486
NT5E,0.5396057
DDX10,0.5396019
GGH,0.5395817
EMC10,0.5395686
IFT74,0.5395256
LAMA3,0.5395138
ZNF155,0.53948057
MCAT,0.53946716
RRP15,0.5394472
HDAC6,0.5394394
PEMT,0.53942174
MYO7A,0.53941846
SLC1A1,0.5394121
HSBP1,0.5393845
FBXL5,0.5393756
SEMA4A,0.5393686
G6PD,0.53936636
CTIF,0.53936285
PLCD3,0.5393528
LYPLA1,0.53934926
PTRH2,0.53931904
PPCS,0.5393124
EIF2S1,0.5392651
ZNF251,0.53924996
KCNN4,0.53924507
RPGRIP1L,0.5392255
PLCH2,0.5392162
NMRAL1,0.539208
ZNF180,0.5392077
HLA-DRB5,0.539192
HSPA14,0.539189
PHF5A,0.5391826
DNMBP,0.53916925
KCNQ1,0.53916156
GNL3,0.53914243
PANX2,0.5391381
HLCS,0.5391337
MTMR3,0.5391328
NUP43,0.53913254
KPTN,0.5391258
FBXO7,0.53910005
MVD,0.5390682
FKBP3,0.53899986
GNB5,0.53899246
NR4A3,0.5389383
ZNF182,0.538927
SLU7,0.5389092
EXOC3,0.5389041
RAG1,0.5388938
GSTK1,0.5388873
HMG20A,0.53888154
KCNN3,0.5388802
KLC1,0.53887856
RIOK3,0.53886265
FBXL2,0.53883314
RPS27L,0.5388297
RNASET2,0.53881854
ITGB5,0.53881794
IKBKG,0.5388092
EPB41L1,0.538797
EIF3J,0.53875417
LRP10,0.5387459
IGBP1,0.5387348
EIF2D,0.5387238
DGKD,0.53867465
FIS1,0.53864014
GADD45B,0.5386401
PCGF2,0.5386161
FBXW5,0.5386064
MIS18BP1,0.5385968
GBF1,0.5385199
TNFRSF25,0.53848183
DHCR24,0.53847784
ERLIN2,0.5384075
UBOX5,0.538379
RABEPK,0.53836733
NDUFAF3,0.5383599
GLUD1,0.5383579
POLR1B,0.5383456
RCSD1,0.5383135
GPN2,0.5383014
DLG5,0.5382998
KIF26B,0.53829646
FNBP1L,0.5382815
YRDC,0.53825074
DOCK4,0.53824365
PSMD5,0.5382394
IL18BP,0.53821707
LRIG2,0.5382088
RBM22,0.53815424
PKP1,0.53812516
DYNC1LI2,0.53810555
PRKD2,0.5380902
MMAA,0.53808624
KPNA1,0.538036
DTL,0.5380138
INPP5K,0.5379994
NDUFAB1,0.5379866
LRPAP1,0.53797376
EIF2AK1,0.53796613
PSMG3,0.53796524
FBXO38,0.53793126
LSM5,0.5379252
DNAJC13,0.53789264
USHBP1,0.5378784
INVS,0.5378718
FANCI,0.5378644
SMNDC1,0.5378398
ITPKC,0.5378292
KCNMA1,0.53782445
TGFBRAP1,0.53780365
SRPX2,0.5378014
DNM1,0.53780115
EIF2S2,0.5377981
MAN1B1,0.53779477
EGLN1,0.5377853
HIVEP3,0.5377687
PIK3CD,0.53776807
FCHO2,0.5377663
PHAX,0.5377587
NDUFAF5,0.537752
LZTFL1,0.5377411
EIF5,0.53772795
FANCL,0.5377115
EPHB4,0.5377077
EHBP1,0.5376975
PCK2,0.53769207
GTF2H1,0.5376816
FERMT2,0.5376783
EIF3K,0.53767776
GGCX,0.53764963
GNAI3,0.53763473
EEF2K,0.537633
SIRT2,0.53763175
ELF2,0.5376272
RPGR,0.5376073
FBXO31,0.5376005
EIF3M,0.5375973
EIF3G,0.5375969
PER3,0.53759587
RRP9,0.5375945
EIF5B,0.53757554
IRS1,0.53753114
GCDH,0.53751117
RPS6KA4,0.5375022
ESD,0.5374441
EVL,0.5374266
RTKN,0.53741944
GSTM2,0.53741103
NME2,0.5373994
PIK3R6,0.5373978
RELL2,0.537382
SCCPDH,0.537381
GON4L,0.53737634
MAD2L2,0.5373752
ISCA2,0.5373519
HOXA5,0.53734463
EXOC5,0.5373362
HLA-DMB,0.5373321
RENBP,0.5373174
IL6R,0.5373068
TSSC4,0.53725845
FOXP4,0.5372554
DNM3,0.5372457
GFPT1,0.5372188
ZFP14,0.537214
ST3GAL6,0.5372113
FMNL3,0.5372001
EI24,0.5371937
EEFSEC,0.53718543
PGP,0.5371478
MAP2K7,0.53710586
EIF4EBP1,0.537098
MBTPS2,0.53709364
SERPINE2,0.53708583
HOMER2,0.53704005
MYLIP,0.53703904
PEX11A,0.53703433
HOMER3,0.5370339
PAQR3,0.53702974
GTPBP2,0.53702635
MCM6,0.5370129
FLII,0.5369983
GDAP1,0.5369947
KIAA2013,0.5369888
NID2,0.5369597
HACL1,0.53695625
ZNF780A,0.5369475
PYGO1,0.5368981
MRPS36,0.5368343
PSMG2,0.5368061
GPAA1,0.5367943
PAG1,0.5367812
NXT2,0.536779
FBXW2,0.5367638
FRS2,0.53675723
RAB13,0.5367311
NIPA2,0.536712
PRKCD,0.5367105
PIAS3,0.53668
HOXB4,0.5366747
REC8,0.53663975
HRH1,0.53661734
MIEF1,0.53661025
ZNF564,0.5366092
MPDU1,0.53659725
MTMR7,0.5365939
MRPS2,0.5365556
LATS2,0.536552
IFT140,0.536454
GNL2,0.5364536
PPCDC,0.536432
KALRN,0.53642166
ELF1,0.53641653
FKBP15,0.53640425
SRR,0.5363826
RMDN2,0.5363777
KLC2,0.536375
DOCK5,0.5363736
LRRC47,0.53634197
TXNRD3,0.5363411
MUC3A,0.53629714
LPIN1,0.5362697
GOLGA2,0.53626716
RGS1,0.53625906
MEGF8,0.5362579
NADSYN1,0.5362536
TAP2,0.53625315
NDUFS4,0.5362081
HAUS4,0.5361978
RNASEH2B,0.5361829
TSEN34,0.5361697
LAMC2,0.5361286
TSNARE1,0.5361182
GNS,0.5361161
NEIL1,0.5361089
PPP1R11,0.53610736
HIF1AN,0.5360785
HIGD1A,0.5360741
FXR2,0.5360422
LOXL2,0.53603745
RTCA,0.53603375
ZDHHC2,0.5359378
ECE1,0.5359356
SNAP29,0.5359344
QTRT1,0.5359341
FOXRED1,0.5359142
HIPK1,0.5359137
NDUFA13,0.53590995
MST1,0.5358971
MOSPD2,0.53589255
KIF27,0.5358883
FBLN1,0.535861
ITPA,0.5358525
MRPL30,0.5358518
FAM110B,0.53585166
LIG4,0.53584456
F11R,0.53581434
DHX9,0.53578746
ERI1,0.5357833
PANK4,0.5357732
IFIT3,0.53575
RASSF6,0.5357382
FAM3C,0.53573054
FBXL19,0.53572285
IMP3,0.535702
ZNF79,0.53568286
SCIN,0.535674
ESRP1,0.5356721
DNAJC8,0.53560835
OCRL,0.5356063
PLIN2,0.53555316
NEIL2,0.5355495
PDSS1,0.5355164
GYPC,0.5355042
GPCPD1,0.53547484
KAT2A,0.5354664
POLRMT,0.53545594
GTPBP4,0.53544754
FMR1,0.53544074
LARP7,0.53543216
FZD4,0.5353939
TMEM179B,0.53537625
HBS1L,0.5353581
LONRF1,0.53532755
MRPS12,0.5352998
LYPD6,0.53526795
FOXK1,0.5352568
IL4I1,0.53518146
MSMO1,0.535166
MORC2,0.5351419
FARP2,0.5351376
RBM7,0.53510875
HTRA2,0.53508806
GARNL3,0.53508025
EPC1,0.53506255
STAP2,0.5350386
HAUS5,0.5349717
KIDINS220,0.5349608
ITGB2,0.5349513
VPS33A,0.5349384
RGS2,0.5349185
MAP3K6,0.5348993
PPP2R5B,0.5348897
KLC4,0.5348871
PHACTR1,0.5348853
PIGA,0.5348841
POLR3B,0.53488356
RETSAT,0.5348785
FBXO9,0.5348654
PKN3,0.5348645
ELP2,0.53485453
FBXL18,0.53484315
KIF23,0.5348245
HSCB,0.5348203
PNPLA2,0.5347797
ZNF211,0.53475255
LRP1,0.5347401
GTPBP10,0.53472203
GPR153,0.5346999
FBXO22,0.53469795
GINS1,0.53469
FBXO21,0.5346889
PLTP,0.5346502
RAPGEF5,0.5346202
RAP2C,0.53459316
HCCS,0.53458375
GNPAT,0.534547
ERH,0.5345341
MAD2L1,0.5344991
TCEAL1,0.53449607
KATNA1,0.5344777
GAPVD1,0.5344669
ITFG2,0.53445864
IFI44,0.53442395
RELT,0.5343979
NAIF1,0.53438675
EXOSC10,0.53437567
INO80B,0.5343475
NUDT12,0.5343285
GDI1,0.5343195
GSR,0.5343177
IFI35,0.534298
SNIP1,0.53422725
GTF3C3,0.5342255
MIS18A,0.53420734
INTU,0.5341903
NAA16,0.53415465
MAPRE2,0.5341217
GALNT7,0.5341193
MRPL38,0.5340952
POLG2,0.5340934
TOMM40L,0.5340885
GNG5,0.5340731
TRUB1,0.5340477
NOMO2,0.5340295
PTPN7,0.5339886
EMC1,0.53398556
ITGB7,0.53397775
MFAP3,0.5339746
MPP1,0.53396416
MYCBP,0.5339585
NGLY1,0.53395265
JMJD6,0.53393984
NCOA1,0.53392845
WTIP,0.533927
GAR1,0.53391665
HERPUD1,0.5339159
TDG,0.5339148
HAT1,0.53391004
ISG20L2,0.53389484
FXYD6,0.533875
TRPM2,0.5338414
ERF,0.53381836
HEATR1,0.53381294
ZNF552,0.53377455
PSMC6,0.5337729
EHD4,0.5337482
NPM3,0.53374016
MTMR14,0.53373796
HAUS8,0.5337379
MSX1,0.5337224
LCP2,0.53371984
LONP2,0.53371406
POFUT2,0.533707
MAD2L1BP,0.5336845
RCCD1,0.5336574
ITSN2,0.5336565
NTPCR,0.5336443
GPC4,0.5336406
LYAR,0.53357804
NR1D1,0.53356975
SHPK,0.5335681
HAUS1,0.5335352
IFT80,0.5335335
KIF3B,0.5335257
GPS1,0.53352565
IPMK,0.53350973
NOP14,0.5334943
MLX,0.53345853
MAFF,0.533458
PRX,0.5334573
NAGK,0.53344846
MLKL,0.53343713
DSTN,0.5334155
EPN2,0.5334067
EPHB2,0.5333952
PFDN6,0.53336614
ITGA4,0.5333589
G6PC3,0.5333523
GTF3C2,0.5333384
KMT2B,0.53331923
PCYOX1L,0.53331447
UPP1,0.5332731
NAGPA,0.5332448
PRPF39,0.5332447
FAM120B,0.53322554
GAB1,0.5332237
SMOX,0.53321546
MRPS30,0.53316444
LGALS3BP,0.53315824
GALNT11,0.5331572
NMRK1,0.5331404
MED22,0.53313607
HDAC5,0.5331276
NT5C3B,0.5331213
NFATC1,0.5330985
NDUFB4,0.53309625
RGL2,0.5330558
EXOSC2,0.5330434
GRPEL1,0.5329938
LSAMP,0.5329905
MAFG,0.53298974
FGD4,0.5329691
GEN1,0.53295994
FBXW4,0.532959
GPSM3,0.5329199
TFIP11,0.53291774
ZNF773,0.53289664
POP1,0.53289497
FN1,0.53288543
GGCT,0.532875
MFSD12,0.5327887
IMP4,0.53275967
IGFBP6,0.53274447
MAPK8IP1,0.5327396
FYCO1,0.5327265
FAM168B,0.53271997
IL2RG,0.532694
MAP3K10,0.5326852
PSTK,0.53267986
MARVELD3,0.5326781
MAPK11,0.5326609
NUF2,0.5326485
MCEE,0.53262746
INSIG1,0.53257304
IFT27,0.53251505
MRPS17,0.53251266
NFKBIB,0.53248936
NIF3L1,0.53244823
FASTKD2,0.53243697
HSPB11,0.5324312
TM2D2,0.5324268
SNRNP35,0.53241694
NPHP3,0.5324059
HEPH,0.53238666
GDE1,0.5323785
KCNMB4,0.5323744
FAM126A,0.53236574
NFATC4,0.53234166
GTSE1,0.5323398
TCN2,0.5323318
PLEKHG5,0.53232694
TMEM176A,0.5323131
NUP54,0.5322869
ITGAE,0.5322765
FBXL17,0.53227407
PLXNA1,0.53227234
PYCARD,0.5322658
NGDN,0.53226143
TMEM107,0.53224534
PLRG1,0.5322449
TRIM35,0.5322356
MAP2K3,0.5322029
RALB,0.53218585
GBA2,0.532178
HGSNAT,0.5321683
FZD6,0.5321624
KLHL9,0.53215444
LGALS9,0.5320942
LAMP2,0.5320804
PNKP,0.5320439
HECTD3,0.5320072
LXN,0.531986
PRR5,0.5319468
FEM1B,0.53192914
SPAG4,0.53190225
GIT1,0.53189903
PMVK,0.53187996
IFT172,0.5318743
GYS1,0.53183985
PIK3R5,0.53183955
MAN1A1,0.53180057
PNPLA6,0.5317923
THAP7,0.531789
HPS6,0.53178686
SLC35A2,0.5317358
PHLPP2,0.5317262
MSL3,0.5316995
GNB2,0.531693
MARK4,0.53166795
IRF2BP1,0.53163505
PPOX,0.5316334
NR4A2,0.5316254
GK5,0.5315813
HMMR,0.53155917
FKBP5,0.53155744
PARP14,0.5315453
MTMR1,0.5315306
LRWD1,0.5315288
MTIF2,0.53151095
SNRPG,0.531507
IRF3,0.5315048
GSTZ1,0.5315011
MANF,0.5315003
PAK1IP1,0.5314884
HS6ST1,0.5314854
GTF2B,0.531473
GOT1,0.5314728
HMOX2,0.5314476
MGAT4B,0.53144443
LIN54,0.5314324
NEO1,0.5314299
HPRT1,0.53142726
NDUFV3,0.5314272
GOLGA1,0.5314122
GNPTAB,0.5314056
SPTLC3,0.53139645
FZR1,0.53139496
INPP5D,0.53139424
GINS4,0.53137
GTF2A1,0.53136295
KIF18A,0.53135693
IDH3A,0.53135
IL21R,0.5313467
HDAC9,0.53133166
GID8,0.5313082
ZNF302,0.53126544
MRPS11,0.5312358
MRPL48,0.53123206
GCLC,0.53122926
NDUFAF7,0.5311945
POLR2I,0.5311671
PIK3AP1,0.5311603
LAMC3,0.53113675
TSFM,0.5311178
GTF2F1,0.531116
MRPS9,0.5311065
PLCD4,0.53110373
RMDN3,0.5310646
NOL9,0.53103787
ZNF92,0.53102124
GSDMD,0.5310153
TSEN54,0.5309879
KATNAL1,0.53096956
PAF1,0.53095764
PTPRU,0.5309355
MRPL17,0.53093183
TADA2B,0.5309249
FAF2,0.53088844
IRF2BP2,0.53088194
GRHPR,0.5308789
TRPC4,0.5308712
GJC1,0.5308481
FUT8,0.5308378
NDUFA5,0.5308322
KRI1,0.530831
LIG1,0.5308291
LEMD2,0.53082323
GNL1,0.5308104
REXO2,0.53076506
IDH3B,0.5307416
MRPS26,0.5307375
GAK,0.5307344
IDE,0.5307316
IFT52,0.530731
GFM1,0.53072214
IRF1,0.5307217
RILP,0.5307023
IQCE,0.5306961
IQSEC1,0.53068095
KIF20A,0.5306443
LIG3,0.5306255
SFN,0.5306187
GCA,0.5306171
GRWD1,0.5306151
SMPDL3A,0.53059775
MOB2,0.53058654
MRPL46,0.53058463
LIMK1,0.53057617
GTF2E2,0.5305557
LNPEP,0.5305262
KRIT1,0.530526
MOCS2,0.53052145
GIPC1,0.5305058
HADH,0.5304787
IL20RB,0.53047556
ZNF221,0.5304677
MAP4K1,0.53042483
FURIN,0.5304122
STRIP2,0.5304098
LY86,0.53039724
IFT81,0.53039217
HEXA,0.5303862
IRF2BPL,0.5303633
MEPCE,0.5303615
GPT2,0.5303596
INTS12,0.53033876
TGM1,0.5303262
GMEB1,0.53031564
MX2,0.5303028
ZNF74,0.5302637
RAC3,0.53026366
NCALD,0.53024065
LSG1,0.5302374
MRPS7,0.53022105
GADD45GIP1,0.5302129
SETD6,0.53020984
HSPBP1,0.53019357
OTUD3,0.53017753
RRAGC,0.5301671
MRPL24,0.53016675
RAD50,0.5301571
SDHAF1,0.5301561
HVCN1,0.53014994
PIPOX,0.53014684
LEMD3,0.5301312
SNRNP27,0.5301167
HADHB,0.53011394
TNFRSF10D,0.53008926
LAP3,0.5300837
KCNS3,0.53006756
ZNF284,0.53005403
PDP2,0.53005254
LPAR2,0.5300507
NEU3,0.530005
OSGEP,0.5300044
GPR89A,0.53000283
MED8,0.5299957
TMC8,0.5299759
TACO1,0.5299579
GLRX5,0.52992004
HAUS6,0.5298998
HBP1,0.52989924
PRDM4,0.5298991
IL15,0.5298948
GNAL,0.5298939
MRPL33,0.5298899
JAG2,0.5298895
INIP,0.52987766
KCTD1,0.5298622
SERPINF1,0.52986217
LMTK2,0.52985996
SEMA4G,0.52984846
SIAH2,0.52984524
PLCG2,0.52983075
RNF113A,0.52979356
PRPS2,0.5297921
LDB2,0.5297859
KRT10,0.5297727
NAGLU,0.5297428
TEP1,0.529701
MMADHC,0.5296778
SEMA6B,0.5296616
SORBS1,0.52963775
HPDL,0.52963305
PCBP4,0.5296274
ZNF709,0.52961504
FNTA,0.5295938
LPIN2,0.5295669
LMAN2L,0.52955705
IFT20,0.52955407
PMP22,0.5295462
MUL1,0.5295455
RASAL3,0.52954394
GNPTG,0.5295265
S100A3,0.52950984
KDM6B,0.5295048
PEX16,0.529476
MAPK3,0.52946573
HACE1,0.52945757
NLE1,0.5294463
PVR,0.52944064
PABPC1L,0.52943915
NAT1,0.52940935
NAE1,0.52939254
L3MBTL2,0.52938867
NOL7,0.52938414
RNF14,0.5293705
IRF8,0.5293313
MICA,0.5293148
NCF2,0.5292979
LEO1,0.5292956
NME6,0.5292893
MRPL41,0.52928644
NDUFA6,0.5292824
FBXL20,0.5292735
FLOT1,0.5292618
EYA3,0.5292577
RAB4B,0.5292359
LINGO1,0.52919906
UBA7,0.5291704
GRK6,0.52915204
GPR180,0.5290988
MFAP1,0.52906924
GNL3L,0.52906775
IRF5,0.5290598
MRPS35,0.5290492
KIFC1,0.529046
SNTA1,0.52904505
MSRB3,0.5290393
MIF4GD,0.52900296
IRF7,0.52898216
OXSM,0.5289664
OPN3,0.52894014
MXD1,0.52893084
RTN4R,0.5289211
TRIM23,0.5289136
MTM1,0.52888155
ZNF32,0.52886784
MED19,0.528866
HMGCL,0.5288548
KLHDC2,0.52881414
FTSJ3,0.5288099
PEX11G,0.5287986
FLRT2,0.52879107
GOLM1,0.5287707
VAMP1,0.5287697
RAVER1,0.5287686
HMOX1,0.5287651
ZNF18,0.528741
INO80D,0.52874017
PLK4,0.52873796
MTMR9,0.52873486
GUF1,0.5287311
KLHL12,0.52872723
NDUFS3,0.52872205
NLRP1,0.52871454
TOR4A,0.5286677
KLHL42,0.52866524
GTF3C4,0.52865213
SLC18A2,0.5286455
MOGS,0.5286264
PIGB,0.5285577
NEK8,0.5285344
L3MBTL1,0.5285232
HPS3,0.5285206
NR1H2,0.5285097
SDC3,0.52850175
PPWD1,0.5284933
PIGQ,0.52848876
ZFP30,0.52848476
MRPS18A,0.5284828
NUP37,0.5284646
GNPDA1,0.5284621
HDAC7,0.5284523
MT2A,0.5284514
FLOT2,0.52842575
PRMT6,0.52840817
IFNLR1,0.5283889
P2RY11,0.52836305
IPO13,0.5283474
LSM10,0.52831
ZNF585B,0.5282906
LOXL1,0.5282824
ZNF765,0.52825284
TRIM46,0.5282085
STAM2,0.5282069
GNG12,0.52818674
WDR81,0.52817
HOXB2,0.5281603
LSM3,0.52815986
RANBP6,0.5281565
MED25,0.5281141
NDRG3,0.52811205
IVD,0.52810377
MIB2,0.52809715
NOP2,0.5280895
WBP4,0.5280724
SOCS3,0.5280162
GUSB,0.52795434
MAN2A2,0.5279524
ORC6,0.5279426
SAP30,0.5279282
RAPGEF4,0.5279089
IMPDH1,0.5279088
MED26,0.5279079
MCM9,0.52789056
MALSU1,0.52786034
LGALS8,0.5278517
HLTF,0.52783823
GABBR1,0.52782243
NRBF2,0.5277967
SURF1,0.5277602
MPP2,0.5277479
PAQR8,0.52773523
HOXB3,0.5277261
GALK2,0.527709
HLA-DOA,0.5277002
KATNBL1,0.52767795
PLCB2,0.52765596
RNH1,0.5276128
IFI16,0.52761215
RABIF,0.5276053
SLC35D1,0.5275892
GGA1,0.5275805
PEX1,0.52756965
KANSL2,0.52756566
MKNK1,0.5275542
INSR,0.527536
HNRNPUL2,0.52751005
TFAP2C,0.5275044
RPP21,0.52748764
MRPS31,0.5274627
GPSM2,0.52743214
GTF2H3,0.5274243
NDUFAF1,0.527414
TAF6L,0.5273945
STXBP2,0.5273854
MRPS14,0.5273848
SEZ6L2,0.527321
PPFIA3,0.5273196
FBXO30,0.52730435
RAD51D,0.5273014
KIF5C,0.52728945
ZNF304,0.5272876
MPND,0.5272876
ITM2B,0.52727467
TREX1,0.5272333
PLXND1,0.5272268
NOB1,0.5272175
MRPL2,0.5272134
PGM2L1,0.5271822
MBIP,0.5271815
PTH1R,0.52717406
NELFA,0.5271545
KAT5,0.5271451
USP35,0.52709496
MED7,0.52709246
MBD6,0.5270652
MRPS28,0.5270637
PDK3,0.5270553
NOM1,0.5270544
GLMN,0.5270172
VPS37D,0.52701473
IBTK,0.5270108
HMGXB4,0.52700883
KIF26A,0.5269892
PARP2,0.52698535
MCRS1,0.52698195
TNFSF13B,0.5269715
NUB1,0.526932
SNX33,0.5269182
RPP25L,0.52690923
NFKB1,0.52689284
RBPMS2,0.52686024
MRPL53,0.52685803
HECTD2,0.52684414
MED23,0.5268326
RGP1,0.52682716
SKA1,0.5268139
KCNK5,0.5267889
MAK16,0.5267877
MYO6,0.52677804
KRR1,0.5267753
TRPC6,0.5267714
MED4,0.5267704
LIN9,0.52675456
LRP12,0.52674216
IK,0.52673626
MRPL9,0.52673453
MGST3,0.5267336
LTB4R,0.52672374
ZNF234,0.52670866
MPC1,0.52670443
HTATSF1,0.5267
MPG,0.52668995
HMG20B,0.5266819
IFIH1,0.52667475
PCDHB5,0.5266615
KCNG1,0.5266471
KLHL2,0.5266444
NT5C3A,0.526643
MTMR4,0.5266309
PDE6D,0.52662396
PARS2,0.5266038
MRPL1,0.52655584
NAA10,0.5265529
MCM8,0.52654636
SPSB2,0.52654505
MRPL21,0.526527
ST14,0.5265238
TXNL4B,0.5265186
MLYCD,0.52651495
ITGA11,0.5265103
MKKS,0.5265018
PRNP,0.52649844
NDUFS7,0.5264774
PEX7,0.5264749
MUS81,0.5264536
SMPD1,0.5264502
MAN2C1,0.52643704
PHKA1,0.526436
KIF3C,0.52643436
ST8SIA4,0.5264255
HSD17B7,0.5264219
HSF2,0.52640903
MMAB,0.5264003
NDUFB1,0.5263974
LTBP3,0.52639425
MED21,0.5263894
MANBA,0.52637476
NUBP1,0.5263673
MON1B,0.52636254
NOL6,0.5263148
POLR2K,0.52630657
ICAM3,0.52629584
NR4A1,0.52629477
PNPLA7,0.52626264
LRSAM1,0.52625924
GRN,0.5262567
OAS1,0.5262403
ZNF202,0.52622074
NOD1,0.5262166
ICMT,0.5261987
PLP2,0.52619565
NIT2,0.5261607
NFASC,0.5261585
MRPL13,0.5261409
PHF1,0.5261306
IPO8,0.52612615
NDUFA11,0.5261234
PRKD1,0.5261014
INPP4B,0.52608246
RPL7,0.5260814
LZTS3,0.5260739
SIRT3,0.5260727
INTS9,0.52606106
LAMTOR3,0.52597415
GLE1,0.5259618
TRIM6,0.52596146
POLR3C,0.52594894
MCM10,0.5259342
KLHL20,0.5259274
MED16,0.5259116
PAFAH1B3,0.5259064
MRPS15,0.5259062
LCMT1,0.5259029
HIRA,0.5258887
RFK,0.52588767
GNB4,0.52586246
OSGEPL1,0.5258614
NFYB,0.5258224
ZNF34,0.5258131
NAF1,0.5257981
NUAK1,0.5257935
IFNGR2,0.52576005
PITX1,0.52573436
MMACHC,0.52573
REEP4,0.52572083
MZT1,0.52570266
HEXIM1,0.525688
MAP1LC3B,0.525675
KLHL5,0.52566665
MAPK8IP3,0.5256519
KATNB1,0.5256501
PIGS,0.52561814
METTL4,0.5256175
TRMT6,0.5256093
HOXB6,0.5256023
KRTCAP2,0.5255973
PACSIN3,0.525596
IPO4,0.52559304
METTL22,0.52556366
MAP2K6,0.52551806
LIN52,0.52549005
IFT122,0.52547115
RIPK2,0.52546614
RP2,0.5254636
MBTPS1,0.52545625
KLHL25,0.52545553
TAF5,0.52545553
PSME2,0.5254344
MAFK,0.52541006
PMM1,0.5254049
PARP3,0.5253838
MAP4K2,0.52535033
POU2F2,0.525344
LAT2,0.52531654
HNRNPLL,0.5253105
NKIRAS1,0.5252743
PARP12,0.5252681
RPP40,0.52525663
PCYT2,0.5252552
PAGR1,0.52525115
MTX1,0.5252164
PLA2G15,0.52519125
RIN3,0.52518964
MAGOH,0.5251834
GPC1,0.52517563
U2AF1L4,0.5251526
NR2C1,0.5251402
KANK2,0.52513456
NINJ1,0.5251239
MRPS10,0.52511925
ZNF823,0.5250898
NANS,0.52508163
PEX3,0.5250696
MRPS24,0.5250642
NABP1,0.52500385
PARP9,0.52499133
INPP4A,0.52498806
NDN,0.5249794
MPHOSPH10,0.5249752
NCLN,0.5249654
PPP2R3A,0.52496505
PRICKLE2,0.524964
NTN4,0.524961
LEPROT,0.52495456
LLGL2,0.524944
NOP16,0.52492094
PCDH1,0.5249086
POLB,0.5248981
KDM1B,0.5248975
NCEH1,0.52486444
NDUFB8,0.524853
NELFE,0.52485234
NUDT16,0.52484876
NAPB,0.52484286
ZNF577,0.52482253
PTN,0.52481073
RBAK,0.5247923
PKP3,0.52478963
RTN4IP1,0.5247773
SUOX,0.5247558
PGM2,0.52475125
PRICKLE3,0.5247488
NOSIP,0.5247438
NDST2,0.52471715
ZNF184,0.5247011
ZNF136,0.5246916
MINPP1,0.5246899
MRPL55,0.52468663
PPM1F,0.5246763
MYO5B,0.5246617
KIF3A,0.52464473
MRPL16,0.52464163
MTIF3,0.5246404
PCSK6,0.5246139
METTL14,0.52460533
SARDH,0.52459437
NSMCE4A,0.52459055
OMA1,0.5245867
RGS14,0.52457464
MMP15,0.5245561
MBOAT1,0.5245402
METTL3,0.5245207
RIOK1,0.52451855
PDCD7,0.5245082
MRPS23,0.5245032
LMBRD1,0.52447784
IL16,0.52447253
LPL,0.5244584
LSM7,0.5244583
KIF15,0.5244391
LAMA4,0.52443326
PDP1,0.52441764
SLC40A1,0.5244062
MRGBP,0.5243978
MRPL50,0.5243952
HPS4,0.524375
PJA1,0.52433884
ING4,0.52433854
MTHFS,0.5243355
PCOLCE,0.52433395
LTBR,0.5243155
SHF,0.5243128
PPARA,0.5242956
KLHL21,0.52429014
PPFIBP2,0.52428514
MECR,0.5242793
ULK3,0.524269
LPCAT3,0.52425545
NNMT,0.52425176
PHF11,0.52424634
WDR83,0.52424127
ZNF256,0.5242353
JMY,0.5242309
TIMM21,0.5242211
MYSM1,0.52416366
LMF2,0.52415794
TTC30A,0.5241476
PSEN2,0.5241435
NDUFB6,0.52413297
KIFAP3,0.5241301
SPRTN,0.52409583
NMT2,0.52408713
NME7,0.5240715
MAP1S,0.52404386
RAB33B,0.5240416
IWS1,0.52402115
POLM,0.52401984
PDE5A,0.5239981
MRPL18,0.5239907
NT5C,0.52398056
NTAN1,0.52396977
MRPS22,0.5239626
NXF1,0.5239469
MED6,0.5239455
MYH14,0.5239363
ZNF140,0.523917
NID1,0.5239026
LLGL1,0.52389944
NFU1,0.5238836
NR1H3,0.52387446
SPATA2,0.52386254
MLPH,0.5238574
STX11,0.52383757
MBD4,0.5238125
ZFP82,0.52380735
RFXAP,0.52378
MBP,0.52377677
NHEJ1,0.5237704
KLHL22,0.52375954
L3HYPDH,0.52374744
PARD6G,0.52371156
PTPRE,0.5236718
ZNF813,0.5236522
MAPRE3,0.523618
NOL11,0.5236138
MAPK13,0.5236123
PPM1K,0.52360505
ORMDL1,0.52360374
MVP,0.52358824
MAPK12,0.5235712
IRF9,0.5235561
MRPS34,0.5235541
RRAGB,0.5235538
THSD1,0.5235395
POLI,0.52352965
MEAF6,0.523503
ZNF426,0.52349836
LIPA,0.5234592
INPP5A,0.5234511
ZNF493,0.5234499
NDRG2,0.5234483
NEMF,0.52342254
SH2D2A,0.5234187
LMBR1L,0.5234055
NOMO3,0.5234016
MED20,0.5233961
NTM,0.5233915
POLR3F,0.5233761
IDH3G,0.5233689
MLH3,0.52336806
METTL21A,0.52336097
PEX11B,0.5233578
MED9,0.52334625
MED17,0.52330285
RAB11FIP5,0.5232872
MCCC1,0.52328634
ZNF516,0.5232719
MPP7,0.5232705
MTF1,0.52326494
PDE12,0.5232631
MTO1,0.52325815
PEX12,0.52321994
MRPL47,0.5232031
ZNF620,0.52319604
TP53RK,0.5231881
POLR3G,0.5231666
MSX2,0.5231202
MIS12,0.5231183
IGFBP7,0.52311784
TAF13,0.5230844
PDK2,0.5230755
POLR3GL,0.52307415
PIGO,0.5230633
PECR,0.5230606
PDCL3,0.5230341
PRKAR2B,0.52300704
METTL7A,0.5229925
ORAI3,0.52297056
PREX2,0.52294385
PPP2R3C,0.5229425
MPHOSPH8,0.5229412
MPHOSPH6,0.5229407
NEK2,0.52293235
SMARCD3,0.522923
MTFMT,0.5228955
NAGA,0.5228955
MRPL40,0.52287227
PCYT1A,0.52286136
SYNGR1,0.5228212
NFKBIZ,0.52279615
PANX1,0.5227853
PI4K2A,0.5227696
MRPL22,0.52276933
PSENEN,0.5227666
MAT2B,0.5227197
NR2C2AP,0.52270436
ISG15,0.52267814
PLOD3,0.52267575
MRPL35,0.5226674
SARM1,0.5226631
PGAP3,0.5226538
PAM16,0.5226351
MRPL39,0.5226006
PHLDA3,0.522592
INPP5F,0.52258587
MAGOHB,0.52256274
OSTM1,0.5225522
PAPSS2,0.52254313
MAP3K5,0.52250975
MSRB2,0.52250856
MZF1,0.5225055
MED29,0.5224817
SELPLG,0.52247745
RHBDF1,0.5224669
ZNF558,0.52245194
KRT80,0.52244824
PICK1,0.52243936
PAIP2B,0.52242893
ZNF701,0.52239555
RWDD3,0.52238786
NMNAT2,0.52236795
PDGFD,0.5223457
TMEM186,0.52234185
NAPG,0.52233624
ZNF674,0.5223014
TAF1A,0.5222864
RNF139,0.52228194
LNX2,0.52228034
SEMA6C,0.5222719
PDK4,0.52222806
LRR1,0.52222013
NUDT19,0.52217525
SPRY1,0.52213925
SETMAR,0.52213186
MRPL27,0.5221283
MOK,0.5220822
NFYA,0.5220404
PARVG,0.52202255
NDUFA12,0.5220141
NFIL3,0.52201396
NAA20,0.5219956
NSDHL,0.5219924
MR1,0.5219852
OPTN,0.52198124
RARB,0.5219746
NDC80,0.52197325
SCNM1,0.5219626
RPL26L1,0.52195877
LPCAT4,0.52193856
ZNF433,0.5219267
MASTL,0.52192354
MRPL54,0.52192205
RGS19,0.5219115
PLEKHG4,0.52190983
PSMC3IP,0.52189916
MFAP2,0.52189595
NPR1,0.52188474
RASSF5,0.5218644
RAB25,0.5218601
NAPEPLD,0.52185917
LEPR,0.52183586
LRRC40,0.5218106
SVIP,0.5218026
RCAN2,0.52179897
PFKFB2,0.5217945
PDCD5,0.5217902
SEPSECS,0.52178663
NOC3L,0.521766
PPP1R13B,0.5217604
NDUFA3,0.5217555
MSRA,0.5217543
SGIP1,0.5217401
NLRX1,0.5217392
NME3,0.52173626
PI4K2B,0.521723
NEDD1,0.5217085
TSPAN12,0.5217078
RNF181,0.52166
NR1D2,0.5216523
NUDT9,0.52163786
TOR1B,0.52161676
POMT1,0.5216139
PTGER4,0.5215929
RAB24,0.5215638
ORMDL2,0.52156126
STX1A,0.52155936
RIN1,0.5215485
RCE1,0.52153814
PALMD,0.5215362
POMGNT1,0.52151453
NECAB3,0.52151114
RNF135,0.52150977
VASN,0.52149445
RECK,0.52146125
NCKAP1L,0.5214595
ZNF57,0.52145237
PDCL,0.5214442
NDOR1,0.5214241
RAP1GAP,0.5213552
PINK1,0.52134514
NADK2,0.52134115
RCAN3,0.5213309
MOAP1,0.52132404
PNKD,0.52128327
PTPRN2,0.52127916
SGK3,0.52127063
MRPL19,0.52122736
PTPN21,0.5212232
PARD6B,0.5212182
NECAP2,0.5212156
PEX13,0.52120805
PLEKHA3,0.52118486
PDPN,0.52118176
NSUN6,0.5211731
RIPK1,0.521172
TESK1,0.5211714
WNT5B,0.52113855
RIN2,0.5210503
PBDC1,0.5209812
MRI1,0.5209592
RBBP9,0.5209384
LMOD1,0.5209316
OAT,0.52092737
RGS16,0.52091473
PIGV,0.5209074
PIP4K2C,0.5208562
OIP5,0.52085406
PBLD,0.5208516
MTMR6,0.5208335
PLEKHG6,0.5207701
SIGIRR,0.5207634
PIWIL4,0.52075964
NAA30,0.5207536
NSUN5,0.5206893
NOL8,0.5206843
RAB20,0.5206759
RAB3IP,0.5206683
ZNF585A,0.52066565
PCSK5,0.52063185
NUFIP1,0.52062637
NDUFA9,0.52061796
NAMPT,0.52061677
NRCAM,0.5205969
ZNF790,0.5205911
NDUFAF4,0.5205313
PELI3,0.52050364
RASGRP3,0.520502
POLE2,0.52049017
NPDC1,0.52048075
RHPN1,0.52047217
PIGW,0.5204666
SEMA4F,0.5204527
TPMT,0.52041227
PRPF4,0.52038074
MFN1,0.5203726
PPT2,0.5203548
MICALL1,0.52031356
MYBL1,0.52030903
THAP1,0.5203041
OAS2,0.520301
REEP2,0.5202909
VARS2,0.5202809
MAP3K9,0.52027524
SSH3,0.52025795
SGSH,0.5202488
RCAN1,0.52024406
NFKBIL1,0.52021974
NSMCE1,0.5202058
PNPLA4,0.5201549
PRKAG2,0.52014846
PUS3,0.5201316
NEU1,0.5201233
NFS1,0.5201181
SEC11C,0.52010655
SRD5A3,0.5200825
MPI,0.52006584
NUDT16L1,0.5200545
POLE4,0.520032
SLC4A11,0.5200239
PTS,0.5200162
MICAL2,0.5200108
POMGNT2,0.5199959
RGCC,0.5199848
NPC1,0.51998425
TIMM8A,0.5199696
RNF6,0.519942
PTCD1,0.5199209
ZNF778,0.51988095
PLEKHG2,0.51981413
SLC44A3,0.5198052
TMEM67,0.5197988
PAK6,0.5197185
ZNF550,0.5197081
PAN2,0.5197038
MRPL44,0.51966524
RABEP2,0.5196561
RNF103,0.5196494
SPR,0.5196474
TMOD2,0.51963884
ZNF415,0.519585
ZNF273,0.51957285
REPS2,0.51955354
RAB38,0.5195532
MICU2,0.51953095
LATS1,0.5194795
POP5,0.51945984
NSMAF,0.5194166
RBM45,0.5193945
TGM2,0.5193783
ZNF429,0.51927936
PRPF18,0.519276
PITRM1,0.5192736
ZNF711,0.5192673
TMEM115,0.5192369
PCDH18,0.5192172
PHKG2,0.51921034
UTP23,0.5191704
ZNF2,0.5191286
PNO1,0.51911855
ZNF776,0.5190913
PIGC,0.51883847
SHB,0.5187915
ZNF283,0.5187368
SLC7A7,0.5187362
SLC22A4,0.5187163
ZNF383,0.51870894
SPDYA,0.51862866
RGS17,0.5186116
SLC25A20,0.5186033
TPRKB,0.5185882
PTAFR,0.5185835
SLC30A1,0.5185477
SIRT5,0.51852465
TBX19,0.5184797
RIOK2,0.51846963
ZNF611,0.5184503
SLC9A3R2,0.51842755
OCLN,0.51839864
PRICKLE1,0.5183825
SLIT3,0.51837957
RAD51C,0.51832604
PEX10,0.5182855
ZNF17,0.5182671
PIGF,0.5182642
STK11IP,0.51823443
RHOU,0.5182316
PRRT2,0.51815647
RBMX2,0.5181563
ZNF772,0.5180945
RAB40B,0.51807564
SEMA5B,0.51794404
SYTL2,0.51786846
PRKAB1,0.5178065
OAS3,0.5178044
ZFPM2,0.5178022
SLC27A2,0.517643
NIP7,0.5176394
PLA2G12A,0.5175981
ZNF764,0.5175494
SGCB,0.5175274
SENP8,0.51750195
SLC1A3,0.5175019
SNX18,0.517496
PER2,0.51749
PAFAH2,0.51748693
ZNF354B,0.5174469
S1PR1,0.5173898
ZNF442,0.5172919
ZNF71,0.51718277
TEK,0.51715946
SYDE1,0.51705384
PORCN,0.51704973
ZNF461,0.5170122
SLC25A14,0.51701176
SCUBE2,0.5168525
RNF25,0.516808
NDUFA8,0.51674753
RAB37,0.5167378
ZNF354A,0.5167014
SYTL1,0.51662594
TMEM216,0.51658803
TEFM,0.51658773
ZNF573,0.5165512
TBKBP1,0.51651543
ZNF614,0.51649404
ZNF443,0.5164659
TRADD,0.51639247
TBC1D25,0.51636916
SNAPC2,0.51634914
ZNF132,0.51633453
ZNF253,0.51629263
TGFB1I1,0.51629096
ST8SIA1,0.5162611
PKIA,0.5162173
TUBG2,0.5161971
SEMA5A,0.5161748
TTC12,0.51617
SLC27A4,0.5161338
SYNE3,0.51609385
RAB42,0.51600826
PDLIM2,0.5158003
RASGRF2,0.5157871
SNTB1,0.5157371
PPFIA4,0.51569116
RHPN2,0.51565135
SNAPC1,0.5156171
POGLUT1,0.5155895
PRPF31,0.51554084
ZNF546,0.5155041
RABL2B,0.515478
UBE2D4,0.51542926
RABL2A,0.5154049
ZNF468,0.5153621
RAB3D,0.5153414
ZKSCAN3,0.5152926
PSMA2,0.5152772
TRPV4,0.515263
TNXB,0.51525635
TRIM36,0.51517886
TMEM187,0.515176
SLC27A1,0.51517475
S1PR4,0.5151257
SPTBN4,0.5150909
SEC31B,0.51508796
PPID,0.51507056
SULF1,0.51503253
ZNF200,0.51502717
TIMP3,0.5149892
PPP1R3B,0.5149375
RPL36A,0.514884
RPF1,0.5148434
SYT11,0.5148362
NFRKB,0.51466495
SLC35A1,0.5146198
PIGM,0.51459813
PDZD11,0.5145081
PLD2,0.51449496
TBXAS1,0.5143139
STX10,0.5143124
TTC26,0.51428175
RINL,0.5142182
ZNF793,0.51420915
ZNF527,0.51419157
ZNF774,0.51404893
TBC1D8B,0.51399803
SLC39A4,0.5139209
XYLT1,0.51389605
ZNF135,0.5138719
ZNF555,0.51386875
SMPD2,0.51376027
SYTL4,0.5136363
WDR5B,0.5136198
RABGGTA,0.5135311
SH2D3A,0.51346856
TBC1D10A,0.5134598
ZNF486,0.51334405
SLC22A17,0.51330173
VAMP4,0.51329243
SERPINF2,0.5132911
RPL21,0.5132744
POMK,0.5132018
WNT2B,0.5131508
TDRKH,0.51311606
WHAMM,0.51299727
TLR7,0.512982
RPP38,0.5128959
RDH10,0.51285857
ZNF600,0.51267904
TGFB3,0.5126571
ZNF626,0.51241726
SLC30A4,0.51229346
VCPKMT,0.51228815
SPON2,0.5122269
ZNF830,0.51220196
SAT2,0.51214975
TRIM39,0.51195705
STRADB,0.5118749
ZNF699,0.51175237
ZNF141,0.51174587
TBC1D10C,0.51170456
SPATA2L,0.5116496
ZNF684,0.5116475
SERPINB8,0.51159465
USP43,0.5115106
TRIM45,0.5113784
TLR6,0.51137453
TFAP2E,0.5113727
ZNF641,0.5113392
ZNF530,0.5113159
ZNF416,0.5112023
ZNF528,0.5111032
SPICE1,0.5110706
RNF144A,0.51102674
ZKSCAN4,0.51097095
ZNF175,0.5108419
ZNF350,0.5107122
SURF2,0.51051354
TPRN,0.51047206
WNT9A,0.51044166
TRIM3,0.51019025
TNFSF10,0.5101784
ZNF324B,0.51017433
ZKSCAN7,0.5100429
ZNF549,0.509975
TAF9B,0.5099035
ZNF112,0.5096773
SMAD9,0.5096678
ZNF222,0.50964224
SMG8,0.50960225
ZNF567,0.5095607
ZFP69B,0.50952077
UTP3,0.5093762
ZNF439,0.50930643
TCTN2,0.50928646
ZNF333,0.50905025
ZNF846,0.5090125
SLC2A8,0.50889283
TRPV2,0.50875914
SGPP2,0.508755
ZNF470,0.50869566
ZNF517,0.5085909
ZNF506,0.5084793
ZFP1,0.50846064
ZNF419,0.50841707
TRIM68,0.5083049
ZNF347,0.50815505
ZNF69,0.5080771
ZNF671,0.5079697
TP53I3,0.5078988
ZNF490,0.50780815
ZNF543,0.50770617
ZNF14,0.507679
ZNF225,0.50763994
TUBA8,0.5071593
ZNF569,0.5068948
ZNF615,0.5068235
ZNF19,0.5067709
