Gene Name,Score
TUBB,0.99995744
TUBA1B,0.9997608
TPT1,0.99971086
RPS3,0.99955314
PDE4D,0.99953306
PDE10A,0.999509
RPLP0,0.9989104
RPL13,0.9988859
PDE3A,0.998857
SMYD3,0.99767214
RPL41,0.99747
TEAD1,0.9970092
PKM,0.9968996
RPS2,0.9967519
TKT,0.996723
RPL27A,0.99663574
RPS6,0.99625456
TMSB4X,0.9959643
XRCC5,0.99577016
RPL3,0.99469155
RPL13A,0.9932634
SRRM2,0.99323905
TXNRD1,0.99173284
RPL15,0.9892224
RPS8,0.98870814
PDE4B,0.9886235
UBE2E2,0.98834884
RPS9,0.988336
TPI1,0.98511076
ZMIZ1,0.9845457
RPS4X,0.98438525
PGAM1,0.9836046
WNK1,0.9819448
SCD,0.98190767
RPL8,0.9817863
ZFR,0.9812967
RPS23,0.9810642
RPS29,0.97959167
UBC,0.97797114
RPS17,0.9774769
RPS19,0.97683984
VMP1,0.9754706
SREBF2,0.9742017
UBE2H,0.97381794
TNS3,0.9735343
SERBP1,0.9731886
SMARCC1,0.97025317
SPTAN1,0.96934175
RPL37,0.9692653
ZCCHC7,0.968939
UBA52,0.96864265
PFN1,0.9675538
RPL11,0.96754307
WDR70,0.9675195
PTPRJ,0.9666511
TPX2,0.9653736
UBE2D3,0.9646833
RPL6,0.96370345
RPL19,0.96266246
SLC25A3,0.9626103
RPL32,0.96235776
UBA1,0.9616539
GAPDH,0.9615999
PTK2,0.9612561
SLC7A5,0.96111953
ZNF207,0.96095264
TMBIM6,0.95925236
PTPN14,0.95807624
UBE2K,0.9566888
USP34,0.9563329
TRPS1,0.95576465
USP48,0.9546472
SSBP3,0.95356363
RPLP2,0.9526969
SLCO3A1,0.9526714
SEMA3C,0.9522467
TNRC6A,0.9505577
RPS11,0.95029163
UBAP2L,0.9498227
RPS5,0.94962204
SSH2,0.94781864
UST,0.9458963
UBR4,0.9458351
WDR1,0.94550985
RAN,0.94533193
WASF2,0.94476295
VDAC1,0.9445627
TNPO1,0.9436095
RTN3,0.94321746
UBAC2,0.9428673
USP9X,0.9423077
PRKDC,0.9400066
TRA2B,0.93984497
TOMM20,0.9378302
RPSA,0.937707
RPTOR,0.9371403
RPS15,0.9363312
WAC,0.9363031
SAE1,0.9357276
RPS12,0.9352861
XPO6,0.9346216
SMG1,0.9329503
SBF2,0.9320946
SPTBN1,0.9312758
TULP4,0.9312011
RPS15A,0.93019176
SRPK2,0.9297735
NFIA,0.92905
UBE2R2,0.92786926
RPS27,0.9272659
TRAP1,0.92708373
PPP3CA,0.9268014
SRP9,0.9266205
VCP,0.9266181
SRSF11,0.9260439
TUBA1C,0.92577446
VCL,0.92566174
ZNF131,0.9254063
UCK2,0.9242141
RPS16,0.9241325
PSAP,0.9226878
RPL7A,0.9213848
TPM1,0.9199999
PPP6R3,0.91997087
RPS27A,0.9199182
PALLD,0.91888946
MYO10,0.9187689
SLC2A1,0.91875905
USP10,0.917388
ZNF638,0.91423726
RBFOX2,0.9138407
UBE4B,0.91372204
TRAPPC9,0.9131689
RPL23A,0.91251105
TUBA1A,0.9122315
STT3B,0.9122248
SGMS1,0.91131526
ZFP36L1,0.9107064
SIK3,0.91045576
SNRPB,0.91024476
YEATS2,0.9097312
RPS18,0.90925586
HNRNPC,0.9090115
UBE2E1,0.90800875
RCC2,0.9078918
TBC1D5,0.9074043
RTN4,0.9073042
PDE7B,0.9072618
TOP2A,0.9058826
PTMS,0.9047657
VGLL4,0.904363
WDR33,0.90434074
HSPA8,0.9036751
SLC39A1,0.9026229
TARDBP,0.901092
SLC25A5,0.90107346
TANC1,0.90033484
NAP1L1,0.89917666
PUM1,0.89845216
TBL1X,0.8982831
TMPO,0.8982696
SH3RF1,0.897478
TUBB4B,0.8972725
SPIDR,0.8971921
ROBO1,0.8968812
SLC7A11,0.8956257
RBM39,0.89554477
TRIP12,0.894944
PDE1A,0.8948404
UBE2G1,0.8948174
YWHAB,0.89459944
NCL,0.894439
UQCRC2,0.8930904
PLEC,0.89288586
ZFAND6,0.8916908
SSBP2,0.89025503
SEC11A,0.88957286
TRERF1,0.8880876
RPL28,0.8877646
RPL10A,0.8875115
SRSF4,0.88674045
TBCD,0.886569
SPATA5,0.8856012
U2AF2,0.8853975
TBC1D4,0.88534194
SERPINH1,0.8850952
PARD3,0.8850644
RNF220,0.88479865
UGP2,0.8846234
UTRN,0.8842338
WDR6,0.8838907
PTBP1,0.8827593
UQCRH,0.8819426
TFDP1,0.88060325
SYNCRIP,0.8804769
STRN3,0.88011116
SCMH1,0.87783676
SPIN1,0.87779796
SF3B3,0.8774374
STIP1,0.87735283
UBE2Z,0.8763021
USP32,0.8762764
POLA1,0.8759624
STK24,0.8751258
PIP5K1A,0.8748112
ZNF544,0.874723
NIPSNAP1,0.8746696
TRAF2,0.87451494
SUPT3H,0.8744194
RPL26,0.8743447
USP25,0.87363803
RDX,0.87361807
TRAF4,0.8730789
SRSF10,0.8728824
VAPB,0.8726355
SH3PXD2A,0.87255305
ZNF462,0.87228256
SPTSSA,0.8713457
XPO5,0.8703672
TMOD3,0.8698937
SNX5,0.86988825
SRPK1,0.8693364
MDK,0.8690466
RICTOR,0.8687433
YTHDF2,0.868585
SURF4,0.8682872
VAT1,0.86753464
RPL29,0.8674545
SF1,0.86733437
WDR82,0.8670162
VPS53,0.8666444
UQCC1,0.86531126
VASP,0.86479586
SNRNP200,0.86418974
XPOT,0.8635821
SETD2,0.86335164
WLS,0.8632289
TNRC6B,0.8626948
RSRC1,0.8616181
VAPA,0.8613389
RPL35A,0.8605495
RPS6KA2,0.86036175
YBX3,0.8598069
PAICS,0.85849756
TAOK1,0.85740465
RALY,0.85713315
RHOBTB3,0.85656977
VDAC2,0.8564928
TRAK1,0.85637367
TGFBI,0.8562834
UBE2G2,0.85614794
VPS51,0.8560915
TRPC4AP,0.85589665
TCERG1,0.8552079
ST3GAL3,0.85519147
SMAD6,0.8551156
RBBP4,0.8550214
UVRAG,0.8547335
USP24,0.8546933
XPO7,0.85399497
TRMT11,0.85356724
SUPT16H,0.85257965
WBP11,0.851826
UBXN7,0.8516557
RPN2,0.8504461
SYNGR2,0.84989274
SMG6,0.84940284
STK39,0.84888554
SUMF1,0.84847635
SRGN,0.8471909
TPST1,0.84712726
NONO,0.8467628
ROCK2,0.84651595
TNPO3,0.8462401
SKP1,0.8457681
RBMX,0.8456046
SCARB1,0.8455531
TRRAP,0.8451498
SSU72,0.84448195
STAU1,0.8442255
USP47,0.8441047
NR3C1,0.8438112
U2SURP,0.8430985
YWHAH,0.8424338
TAF1D,0.8420193
RPL27,0.84196603
FTL,0.8419435
SH3D19,0.8414687
WSB1,0.8409572
UIMC1,0.84086794
EEF2,0.840618
TMED10,0.83995247
SNRNP70,0.8391865
THOC2,0.839075
SLC2A3,0.8386946
PKP4,0.83862597
TRIM44,0.838458
RPS20,0.83843
SHISA5,0.83734906
UQCRC1,0.8372431
WDR43,0.8372229
RPL38,0.83689904
XPO4,0.8367251
RASAL2,0.8361932
PSPC1,0.8361192
PRDX1,0.83597124
XRN2,0.8356797
ZMYND8,0.83566356
SMC4,0.8354908
TLN2,0.8354147
RPL12,0.8345853
TYW1,0.83449554
STAT1,0.8333508
PUM2,0.8324764
UBE3A,0.8322551
TNFAIP8,0.8318801
SEC31A,0.8318083
UBA2,0.8309806
TRIM37,0.830417
RAD23B,0.83018947
WDR26,0.82993454
UBQLN1,0.829276
SLC1A5,0.8288395
RAP1B,0.8286949
VRK1,0.8284233
SLC25A13,0.82781273
RBM4,0.82716125
VKORC1L1,0.82677156
XPR1,0.82670295
SH3PXD2B,0.8262004
YME1L1,0.826191
RPL34,0.82616454
PHF20,0.8259989
ZNF721,0.8256908
ST6GAL1,0.8252776
PDE3B,0.82458395
SRSF5,0.8245672
TLE3,0.8244047
TSEN2,0.82423353
TXNIP,0.82417
SRGAP1,0.82408285
UBAP1,0.82396543
WDFY3,0.8239238
YKT6,0.8237236
UBE2I,0.8225393
SRCAP,0.82211936
TRPM7,0.8208781
RPRD2,0.8207008
STRAP,0.82003033
UHRF2,0.8198333
POM121,0.81916577
TIA1,0.8189732
TUFM,0.8187895
TMED9,0.81831485
MBNL1,0.81822926
PTPRF,0.8178086
SUPT6H,0.81774145
USO1,0.81703544
SRSF9,0.8167857
RXRA,0.81505656
TUBB2A,0.81463575
NIPBL,0.8143869
TIAM2,0.814365
TRAPPC12,0.8139039
SMG7,0.81370234
SLMAP,0.81366074
SNRPD2,0.8135621
PRPF8,0.8134502
EEF1G,0.81303316
UBE2E3,0.8127799
SERP1,0.8125767
WIPF2,0.8116161
TTLL12,0.810581
RAPGEF1,0.81020254
TLN1,0.8100565
WDR59,0.80982906
SLC44A2,0.8095638
RAI1,0.80917263
MATR3,0.80894077
STX16,0.80876607
RCC1,0.8081843
SIN3A,0.80763406
RCOR1,0.8074535
ZRANB3,0.8069636
SLC16A3,0.8069303
ZNF451,0.8068213
RPS3A,0.80680466
USP15,0.80657375
ZC3HAV1,0.80636
RPL24,0.8061148
RABGAP1,0.80603486
UGGT1,0.8059958
TNKS,0.8058876
RAB31,0.8053185
SEPHS1,0.80477506
WDTC1,0.80446553
OBSCN,0.8044602
SRRM1,0.8044233
PSMB7,0.8043003
TOB2,0.8040972
TRAF3,0.8037855
STK3,0.8036462
SH3KBP1,0.80354655
USP3,0.80337405
SHMT2,0.8031602
SDCCAG8,0.8025993
USF2,0.80259
ZNF680,0.80218834
RAPGEF6,0.80218273
SSR3,0.80218047
PTGES3,0.8020738
KANSL1,0.8017068
TMED2,0.8016951
SENP6,0.8009362
TJP1,0.8008397
STC2,0.8007644
THY1,0.8005296
TMEM30A,0.800491
ZNF496,0.8002421
TRA2A,0.8000693
RRM1,0.79975766
RPRD1A,0.79946715
UQCRB,0.79921526
TRIT1,0.7991178
TUBGCP3,0.79859865
SLC7A6,0.7984008
TMED3,0.79829633
UBE2L6,0.7982906
MYL6,0.7980065
PTBP2,0.7975848
USP14,0.7971536
SRSF7,0.7965184
RNF216,0.79649156
TXLNA,0.79606146
ST3GAL1,0.79585713
XBP1,0.7956183
ST13,0.79558814
TIPIN,0.7952053
RPL31,0.7950142
TOR1AIP2,0.79475313
URM1,0.79452163
UBE2O,0.7944806
SUN1,0.7942471
RNPS1,0.7938972
TTYH3,0.7934271
S100A11,0.7933251
ST3GAL2,0.7932001
NR6A1,0.79282045
SCFD2,0.7925483
SNX3,0.7925454
RNGTT,0.7923123
STARD13,0.79151976
UBXN4,0.7915162
SYMPK,0.79076564
PRDX6,0.79061943
TXN2,0.79058266
ZNF714,0.7905166
HNRNPH1,0.79027647
ZBTB7B,0.7901043
ZFYVE9,0.7898073
TNPO2,0.789729
TP53BP1,0.7896102
TNFRSF10B,0.7895016
SMG5,0.7894603
TES,0.78903955
VAC14,0.7890209
RAB10,0.78891563
WDR5,0.7886675
TPGS2,0.7886509
TNIK,0.7882913
HSPD1,0.78801066
OAZ1,0.78764534
SCARA3,0.7873407
USP7,0.78733915
OXCT1,0.7873377
SEC24C,0.7863958
MRPS27,0.78592074
SESN3,0.78588104
SUPT5H,0.78548217
TUBB6,0.78541917
RPA1,0.785355
UBXN1,0.78486323
PHC1,0.78413844
HNRNPU,0.78379875
GALNT2,0.7835595
NHS,0.78326285
SF3A1,0.782259
PDLIM1,0.78201634
SSR1,0.78178704
ZC3H13,0.78176737
SIL1,0.78169554
PDS5A,0.7810814
UBE2V2,0.7806923
STRN4,0.7805062
WASF1,0.78032076
SF3A3,0.7799385
YTHDC1,0.77970684
TTI1,0.77926874
UBN1,0.7788221
PDE8A,0.77825123
RSL24D1,0.7773026
PIP4K2A,0.77719456
WWP1,0.7770132
ZNRF2,0.7768147
SUMO3,0.77677995
TTF2,0.77656734
ZNF124,0.776531
SHC1,0.7763486
ZMAT2,0.7761907
THOP1,0.7760814
SNCA,0.77599883
POGZ,0.7759882
ZFC3H1,0.7758621
NASP,0.77584445
SEC61A1,0.77574205
UBA6,0.7754568
UQCRFS1,0.77543724
UNC13B,0.77515817
UNK,0.7746743
TAF4,0.7746668
RAB3GAP2,0.7743299
STON2,0.7741193
TACC1,0.7740302
SP1,0.77401304
TOP2B,0.77397776
WWC1,0.7733607
PPP6R2,0.7732559
RFX3,0.7726955
TTL,0.77263933
TSPAN14,0.7722778
SNX13,0.7722638
TOMM7,0.7721836
STK4,0.7720117
REV3L,0.77190983
SSH1,0.7716486
SEC14L1,0.77159315
TTBK2,0.77150184
SAP18,0.77133733
RIF1,0.7711457
WDR41,0.77098906
RAD18,0.7708906
RPS13,0.77070105
ZNF587,0.77057207
TIAL1,0.77022356
TECR,0.77011156
WDFY2,0.77003986
SDC2,0.7699657
MAT2A,0.7697024
ZNF664,0.7696055
RYK,0.7687675
TEAD4,0.76875365
SLC9A3R1,0.7685037
RAB1B,0.76820093
UCP2,0.7679463
SRRT,0.7677751
TFDP2,0.7669653
SARNP,0.76681894
SRGAP2,0.7666303
SNRPD3,0.7662956
RAB5B,0.7660136
WEE1,0.7658658
TAF3,0.76576895
VAMP8,0.7657405
UBFD1,0.765548
VPS25,0.7654868
SREK1,0.76526093
USP11,0.7648644
SMPD4,0.7647996
ZMIZ2,0.7647427
ZFYVE16,0.76465243
TAX1BP1,0.7644476
WASL,0.7644099
SPG11,0.7643671
PPIB,0.76424176
PAWR,0.76407826
TMEM258,0.7639349
TPCN1,0.76374936
NUFIP2,0.763369
UCHL5,0.76333433
WIPI2,0.7632973
TACC3,0.7623947
PGD,0.7620767
ZNF586,0.7618884
VPS39,0.761876
STK25,0.76169986
RPS7,0.7613921
SRP72,0.76139027
ST3GAL4,0.7609606
SP3,0.76073605
KRT7,0.76059365
YTHDF1,0.76024574
HUWE1,0.76020503
SPAG5,0.75965506
USP39,0.75938565
PHF21A,0.7592781
SKA2,0.7586266
PSMD1,0.75851065
PSMB2,0.75839055
MACF1,0.7582403
SMARCA5,0.75792843
ZNF592,0.7576841
TMEM50A,0.7576353
THAP4,0.7576081
SOS1,0.75741583
MIF,0.75733435
ZNF90,0.75726455
RPRD1B,0.757202
SKAP2,0.7569368
ZDHHC17,0.756798
SYNE2,0.7565837
SNX8,0.75610095
WDHD1,0.7557239
TNKS2,0.7557178
ZYX,0.7556228
USP12,0.75514174
TNKS1BP1,0.7543266
RANGAP1,0.75411606
PC,0.7540658
TICRR,0.7533175
ZNF195,0.7532355
WBP1,0.7530361
UBR1,0.752821
SF3B2,0.75245047
SETX,0.75230086
PPFIA1,0.7520159
PDLIM5,0.7519635
UPF3A,0.75145173
ZKSCAN1,0.751403
FTH1,0.75130975
WBP2,0.7511568
WDR77,0.75114524
HDAC4,0.7509903
TET2,0.7509404
WWP2,0.75089335
SEC16A,0.7506967
RASSF8,0.75058466
STIM1,0.7504194
NUMA1,0.75041217
PHB2,0.75037354
SH3BP4,0.75032246
SYNJ2,0.7501943
TBC1D14,0.75019056
UBE2W,0.7499952
TLE4,0.7493764
ZNF254,0.74927336
NEK6,0.74915093
HDLBP,0.74884236
UCKL1,0.7488079
GSE1,0.7486657
VPS41,0.7484278
STOM,0.74801975
TDP1,0.7479776
KHDRBS1,0.7478059
TRIM56,0.74775136
ROR1,0.74774975
USP28,0.7477412
SH3GLB2,0.7475811
S100PBP,0.74755263
POLR2A,0.74754995
NUP155,0.7475424
PLEKHA2,0.7474724
PABPN1,0.7474101
RSL1D1,0.74716145
TRAFD1,0.7470899
SPPL3,0.7470579
WDR11,0.7469052
MPRIP,0.7462086
KPNB1,0.7457198
PPP2R5C,0.7456287
TGOLN2,0.7455777
UTP6,0.74551475
STOML2,0.74529034
SNTB2,0.7452303
STT3A,0.74519384
NUP210,0.7451816
ZMAT3,0.74518055
WDR4,0.74516046
RFX7,0.7451203
ZBTB8OS,0.74510586
PRKAA1,0.74470174
SMCHD1,0.7444111
RUVBL1,0.7443234
SHOC2,0.7442272
USP5,0.74399054
YIPF4,0.74350387
TUBA4A,0.7432174
PSMD11,0.7429545
SFSWAP,0.74276894
ZNF326,0.74274164
TYK2,0.7426533
POU2F1,0.7421478
SZT2,0.74188215
SCLT1,0.7415368
SRD5A1,0.74150443
RBM5,0.7414331
ZKSCAN8,0.74128914
MYCBP2,0.74125004
SUPT4H1,0.74076045
SPIRE1,0.7403806
ZNF519,0.7402082
OLA1,0.7400257
TAF7,0.7399757
SEC24D,0.73990816
ZNF83,0.73966146
TIMP2,0.73912174
NRIP1,0.7388186
PKN2,0.73869437
TRIP13,0.738658
NUP160,0.7384614
SMAP1,0.7382669
STX5,0.73820597
VPS8,0.73818547
SQLE,0.7379695
PHC3,0.73790145
SLC4A2,0.737796
TXNDC12,0.73778224
ZNF445,0.73741156
ZNF678,0.7373252
ZNF589,0.7370321
VTI1B,0.73700804
SMARCAD1,0.73678935
ILF3,0.7367215
PPP2R5E,0.7366282
ZNF431,0.73653394
PRMT1,0.73602694
NCAPD2,0.7358505
STAG3,0.73583615
PXN,0.7355526
TTC37,0.73536235
PFKP,0.73532575
UBTF,0.7351592
PARVB,0.73507446
TEAD2,0.7348275
VPS36,0.73456496
SOD1,0.73422277
PPP1CC,0.73413485
PAFAH1B1,0.7340558
TUBGCP2,0.7340038
VCAN,0.73399043
SRP14,0.7339498
TTC7B,0.73344886
PRDX5,0.73342246
TRIP10,0.7333859
YAF2,0.73323494
PLCB4,0.73297673
SSR4,0.7327012
TBC1D16,0.7324432
RACGAP1,0.732387
WRNIP1,0.7323539
ZC3H15,0.73225886
UBQLN4,0.73221856
USP6NL,0.73216134
SAFB,0.7321304
MBD5,0.7319161
SLC25A24,0.731875
UBE2M,0.7315694
NPLOC4,0.73152316
SLAMF1,0.7314434
PRPF40A,0.7312277
PAPOLA,0.7309547
SMC5,0.73095036
STX6,0.7308049
JMJD1C,0.7305298
PLAGL1,0.7301964
MAP1B,0.72981554
IPO5,0.7297868
USP33,0.72969735
NAP1L4,0.72966737
OGT,0.7294746
TAP1,0.7289991
PPP4R2,0.72890633
MKNK2,0.72872865
LAPTM5,0.72833
SPSB1,0.72807235
SLC39A7,0.72767764
UNG,0.7275958
PDXK,0.72660464
SNRPA,0.7265628
RPS21,0.7263159
ZWINT,0.7259675
PCBD2,0.7258269
TSR1,0.72568464
UBE2S,0.7256716
TXLNG,0.7256674
MKLN1,0.7256172
VTA1,0.72550607
UBE2J2,0.7254666
HNRNPD,0.7252993
ZNF219,0.7250736
XRCC2,0.72501016
SMS,0.7249447
STK35,0.7247169
SEC13,0.724575
UHMK1,0.7245615
RAB1A,0.72431463
NUP205,0.723646
XRN1,0.72351825
TCF7L1,0.7231326
SSBP1,0.7231287
ZDHHC7,0.7231053
SORT1,0.7229647
ZNF76,0.72252065
UPF1,0.72245574
MAPKAP1,0.72235614
WDR37,0.72218734
SMURF2,0.7221148
OGDH,0.7219539
SNRNP40,0.72190505
SUMF2,0.72169495
RPL18A,0.721654
TOP3A,0.7214236
TRAM1,0.7213835
PNISR,0.7212024
SMARCA2,0.72063255
RAB6A,0.7204834
SPOP,0.7199296
PARD3B,0.7195469
WDR75,0.7194228
SNW1,0.71935046
HLA-B,0.7191688
STK38,0.7191461
RABGEF1,0.719146
RTCB,0.719127
PSMD4,0.71894336
SPTLC1,0.7184987
PSME3,0.7180907
ZNF266,0.7179393
PTPN12,0.71774226
PKD1,0.71773326
SEMA3A,0.71757
ZFYVE26,0.7174903
MRFAP1,0.71739334
PSMD3,0.7171634
ZMYND11,0.7169307
TXNL1,0.7168577
MTHFD1L,0.716838
ITGB1,0.71673834
PMEPA1,0.7165051
TSPAN33,0.71616393
PLD1,0.716148
TOMM34,0.7161276
OAZ2,0.71609807
RRP1B,0.71608394
HNRNPK,0.7159478
TRAF5,0.71588933
PDE8B,0.71578133
SPTBN2,0.7153356
UBE2J1,0.7152059
PPP1R12A,0.71518344
UNC119B,0.7151629
PNN,0.71514654
TRIM25,0.7150789
ZNF770,0.71452147
SPDL1,0.7140737
RRP7A,0.71401143
ZNF282,0.7136794
SEC63,0.71363753
QPRT,0.71293443
TAF6,0.71293324
TUBG1,0.7126844
TRAPPC8,0.7125983
TMEM97,0.7125815
STX18,0.7123996
PIK3R3,0.71233964
ZER1,0.7122476
UBE2Q1,0.7120667
NLK,0.71200895
VPS35,0.7118113
TEX10,0.7117501
ZFYVE27,0.7116114
SCNN1A,0.7115591
WDR62,0.7112837
UBXN6,0.7111907
SERGEF,0.71117103
PABPC4,0.7110019
TUBB3,0.7109232
PSMA1,0.71089375
ZP3,0.7106177
USP49,0.7104613
PSME4,0.7103409
TSG101,0.71025246
TRAPPC10,0.71020186
UNC45A,0.7101665
PRC1,0.7100919
ZNF621,0.70972127
TGIF2,0.7096104
RIMKLB,0.70906323
SUGT1,0.708999
PEX14,0.7087046
SLC25A12,0.7086431
ZRANB1,0.7085101
USP42,0.70844877
TRIM22,0.7084453
PNRC2,0.70826375
RUVBL2,0.7081998
ZNF622,0.7079953
SCP2,0.7079228
SCAI,0.7077389
VPS37A,0.70773256
WARS2,0.70765245
SLC11A2,0.707637
ZNF107,0.70744985
RSU1,0.7071819
ZNF692,0.7071357
PRKCSH,0.70711744
PRPSAP2,0.70709866
TTC27,0.70677644
RBM28,0.7067527
STK40,0.70667684
ZDHHC21,0.7065517
SNX17,0.70631546
TIMM23,0.7061329
NOLC1,0.7060806
HNRNPF,0.7060205
PBX3,0.70588166
UROS,0.70578134
ZNF687,0.7055647
TIMM13,0.70547444
PPP2R2A,0.7052822
SLC44A1,0.7052607
RAC2,0.7052269
PSMB5,0.704822
PRDX2,0.70468336
PPP2CA,0.704487
PMF1,0.7043663
NCK1,0.7043299
UQCC2,0.7041791
MGST1,0.70403636
SPG21,0.70389426
UTP18,0.70357865
MAD1L1,0.7034804
UXS1,0.70345473
PTPRM,0.7034034
SLC25A17,0.70321506
PFN2,0.7031333
ZNHIT3,0.70307904
STEAP3,0.7028774
OPA1,0.70255786
LARP4B,0.7020469
PACSIN2,0.7019233
PHF12,0.70174557
RPS6KA5,0.7015237
NSUN2,0.70139736
NUDCD3,0.70134133
RAP1GDS1,0.7013186
ZNF33A,0.7011623
SLC25A26,0.7011393
HNRNPUL1,0.70094043
HMGB1,0.70088696
SCAP,0.7008776
SNAP23,0.7007473
TADA3,0.70073384
THADA,0.70047307
RNF111,0.70044535
UQCR11,0.7003741
SF3B5,0.7003701
SNRPC,0.70023423
RBM8A,0.70003563
STX8,0.6999418
NUP153,0.69991004
SRP68,0.6998504
TAOK2,0.6997603
ZNF318,0.6996581
PDXDC1,0.6994364
SYNRG,0.6992911
PDS5B,0.6992843
TERF1,0.69915974
SMU1,0.6990665
NUP62,0.69881094
PSAT1,0.6987254
ZNF562,0.6985898
RBBP7,0.69854087
SEC23A,0.6985199
RBM25,0.6984556
MFGE8,0.69838417
SACM1L,0.69822675
TSC22D3,0.6979528
MAP4K4,0.6974196
SPAG7,0.6971851
IMPDH2,0.69704497
RPS6KA1,0.69695365
VEGFB,0.69691634
UBE2A,0.69685626
TRIOBP,0.69677645
PSMB1,0.6965761
SNRPD1,0.69656134
TBCB,0.6965159
TMED4,0.6964712
ZNF26,0.6963732
UBE3B,0.69627535
ZNF398,0.69624066
HLA-C,0.6958695
SPAG16,0.69585216
UBAC1,0.6957723
SPCS3,0.6957188
TYRO3,0.6955632
RPUSD4,0.69541
RALGAPB,0.69521976
LRP8,0.69513273
TAOK3,0.69503945
SMARCA1,0.6948892
RANBP3,0.6948341
SMUG1,0.694784
PFKFB3,0.69419163
WDR18,0.69418156
URB2,0.69400936
PCDH7,0.6933455
POLR2J3,0.6927762
UFC1,0.6924812
USP1,0.6923238
ZWILCH,0.69226146
TP53BP2,0.6922085
RAB2A,0.6921494
TAMM41,0.69208354
GNB1,0.69197
TROAP,0.691804
TADA2A,0.69173515
ZNF267,0.6913428
RNF24,0.69133747
PFDN5,0.69130176
SRF,0.6910503
USP19,0.6910313
SUCLG1,0.69094175
ZFP36L2,0.69078755
TNK2,0.69078517
SNX6,0.6905246
ZMPSTE24,0.69051826
SMC3,0.6904913
PLOD2,0.6904505
SNF8,0.69023657
TTC21B,0.6901507
NUP188,0.6901298
UTP20,0.69005346
TIMELESS,0.6899896
RNF217,0.68994606
TSPAN5,0.68981206
ULK1,0.6897145
SEC23IP,0.68959737
SCO1,0.6890014
TM2D1,0.6889949
JARID2,0.6888761
NAA25,0.6887193
MCU,0.6885294
MYH10,0.68836623
SHPRH,0.68834704
SUMO1,0.68808097
NUDT21,0.6880431
TYW3,0.6880255
NEK7,0.6879271
PTPN13,0.6879228
TSN,0.6879164
LPCAT1,0.6878591
KRT18,0.68777305
PRR5L,0.687681
PUF60,0.6876613
ZNF700,0.6876303
HNRNPA0,0.6876224
LMNB2,0.68741065
UNC5C,0.6871943
ZNF623,0.6871739
SOCS5,0.68711996
ZNF710,0.6871174
TRAPPC3,0.68705434
UQCR10,0.6869781
NNT,0.6866203
STARD4,0.68661547
SAP30BP,0.6866038
SAFB2,0.6865168
POLDIP3,0.68644315
SCAMP2,0.6863626
EIF4B,0.6860666
NDUFA10,0.6860201
UNC13D,0.68597573
TRIM14,0.68595177
PDE7A,0.68591917
ZNF791,0.6858699
RBPJ,0.6858309
NOMO1,0.6857938
PPARGC1B,0.68531185
LMNB1,0.685134
ZNF91,0.684993
RUFY1,0.6847927
LAMA5,0.6847462
USP37,0.68444085
NSMCE2,0.68434894
EIF4G3,0.6841901
GPI,0.6841543
PCNT,0.6837614
SCFD1,0.6834238
SORL1,0.6834198
ZFP36,0.6831668
RYBP,0.6830442
ZNF12,0.68300956
RC3H1,0.68276495
LRRC8D,0.6826435
TANK,0.68242085
SH3BP2,0.6820104
RBM15B,0.68192244
TAB1,0.6819151
PAN3,0.68179256
TIMM17A,0.68176144
PPP4R1,0.68146825
PHKB,0.68143654
SCAMP1,0.68140966
RAB11FIP3,0.6812276
PIK3C2A,0.6811015
STK38L,0.6810078
TAPBP,0.6810036
PCCA,0.6809127
PDCD6IP,0.68080795
SERPING1,0.68063307
NACC1,0.68052465
UFM1,0.6804681
SARS2,0.6802434
RFC1,0.6802341
TRAPPC6A,0.6801519
YIPF6,0.6801424
RNF38,0.6799297
PLOD1,0.67979985
PDGFC,0.67979693
RTF1,0.67978066
RMND5A,0.6796919
TEAD3,0.6795842
TK1,0.6795288
STUB1,0.6794414
ZC3HC1,0.67915106
OPHN1,0.678852
TUBGCP4,0.67878544
MCM7,0.67873037
PTPN1,0.67856306
ZNF33B,0.6784815
PTPRA,0.6783516
XYLT2,0.67827344
XRCC4,0.6781554
FOXN3,0.67802167
FSTL1,0.6778856
TDRD3,0.6777553
PDIA4,0.6776093
TRPC1,0.6775456
PPP1CB,0.6774827
TAF4B,0.67737055
SMC6,0.6772678
RHOG,0.67722297
TRIM26,0.6771653
SHROOM3,0.6770719
ZNHIT1,0.67693317
RASA3,0.6768417
ZNF81,0.67674387
TBK1,0.6766008
SPOPL,0.67658496
VPS26A,0.676417
SV2A,0.67638785
RHEB,0.6761918
SEPHS2,0.67618155
ZNF286A,0.6760229
SEMA7A,0.675778
TAF12,0.6757696
SPCS2,0.6757189
WSB2,0.6755709
SNRPA1,0.67535305
TRAF3IP2,0.6753301
RNF5,0.67532086
RAPH1,0.6752734
UBE3D,0.6752159
SPTLC2,0.6751432
TGIF1,0.67504853
GTF2IRD1,0.67483556
VMA21,0.6747866
UGCG,0.6747165
SLC7A8,0.67455596
TBC1D10B,0.6743848
RB1CC1,0.6743344
VPS54,0.6742037
MYL12A,0.6739172
PLXNB2,0.6738468
POLQ,0.67368424
TNIP2,0.673453
KIF13A,0.67333156
SEMA3F,0.67332256
STARD3NL,0.672663
HSPG2,0.672501
ITPR1,0.67242056
NCOA2,0.6724128
STRADA,0.672365
TRIP11,0.672321
TRIM41,0.6721323
PSMA4,0.6721045
SUGP1,0.67204285
WDR91,0.6720044
PHB,0.67170066
USP46,0.6716241
RNF169,0.6715945
NCAPG2,0.67129743
PFKL,0.6711668
PRPF6,0.6711421
NCKAP1,0.67109644
SEC22C,0.6710322
SETD1A,0.67102605
TMEM147,0.67101014
VPS26B,0.670961
PPRC1,0.67088574
TGS1,0.6707481
SHMT1,0.6706471
PTPRS,0.67052424
ZCCHC4,0.67050254
RCL1,0.6704516
ZBTB17,0.67040753
SSB,0.67035514
PTDSS1,0.67015445
VPS4B,0.67011744
RPL7L1,0.669773
TRMU,0.669553
SRI,0.6693354
PLD3,0.66925836
ZNF84,0.66921276
SOAT1,0.6691953
STAMBP,0.66917634
RAD23A,0.6688596
PTPN2,0.66883224
SLC35B2,0.6688245
SERINC5,0.66880673
PTPN4,0.66875994
TONSL,0.66875815
SOS2,0.6687213
POLD2,0.6687007
VPS52,0.6686443
TARS2,0.6685328
SENP5,0.6677226
PPA1,0.66747135
UMPS,0.66731805
PPP3CB,0.6670664
WDR3,0.66706324
KMT2E,0.666955
TNFRSF21,0.6667377
MTHFD2,0.66671383
UVSSA,0.66671264
ZNF3,0.6666421
WDR36,0.6665608
TAF2,0.6664006
MCM3,0.6662344
TOX4,0.6660706
NRF1,0.6660394
SIK2,0.6659405
RBM17,0.6657612
HLA-E,0.66559774
TIMMDC1,0.6654821
PPP1CA,0.6653135
IPO7,0.6652327
RPS6KB1,0.6650398
SNAPC4,0.6649319
OXSR1,0.66491205
TATDN2,0.6648031
YPEL5,0.6647244
PPIG,0.6645566
RNF130,0.6644509
VRK3,0.66439205
NAA50,0.6642916
SRPRB,0.66428536
MYOF,0.66405517
PCID2,0.66399336
MTA3,0.6639854
LSS,0.6638332
SRM,0.6638223
SERINC3,0.66350126
TOMM40,0.6633702
MELK,0.6633677
GSK3B,0.6633661
GLS,0.66310066
ZNF7,0.6630191
VPS4A,0.66281605
PTCD3,0.6626402
PPP1R14B,0.6622698
TMED5,0.6620354
RNF114,0.66202295
YIPF2,0.6619845
SIN3B,0.66197187
TINF2,0.6618593
SCAF1,0.66180044
MARK3,0.66170794
TRNAU1AP,0.66158843
SNX4,0.66136736
THOC5,0.6613186
SEMA4B,0.6612147
RPE,0.66105354
PHYKPL,0.66093236
NUDC,0.660798
RHOBTB1,0.66074103
RIC8B,0.6604262
ZNF317,0.660397
XAB2,0.66017866
OTUB1,0.6601704
NFE2L1,0.6599344
SBF1,0.6598596
NUBPL,0.65973717
NDC1,0.65971524
PRKACB,0.6595754
EFNA5,0.6594129
PSEN1,0.6593296
RAB3GAP1,0.6591837
TOB1,0.65915793
REV1,0.6589233
SNAP47,0.6588842
SLC5A6,0.65886897
STRIP1,0.6586873
USP45,0.65856993
FAF1,0.658519
ZNFX1,0.65848315
PRPF19,0.6584589
NBAS,0.6583863
HNRNPL,0.6583752
RPAP2,0.6583493
NAA15,0.6581419
SEMA6A,0.65810984
TRIM69,0.65808606
SOCS7,0.6580824
PRPF3,0.65802014
TPCN2,0.65790445
NUP93,0.6578988
VPS11,0.65789765
S100A6,0.65788966
SATB2,0.65775526
STX7,0.6576221
PRKAR2A,0.65738374
PGM1,0.65735835
MAST2,0.65734124
LGR4,0.6572648
TRAF3IP1,0.65714353
SEC61B,0.65684015
TRIM38,0.6568387
GDI2,0.6568177
RXRB,0.65679413
RAB5A,0.65671515
ZNF768,0.65663713
PLCL1,0.6565856
TIMM44,0.6564593
STIM2,0.6564563
SP100,0.6563866
NMT1,0.6562923
PSMA5,0.6562913
NR2C2,0.65621215
NUTF2,0.6562069
THEM4,0.6561883
SYT7,0.65608376
ZNF197,0.65594715
RBX1,0.6559176
PPM1B,0.6555285
ZNF264,0.65551776
MCPH1,0.65536124
MED15,0.6550555
ZNF248,0.6550226
PPP5C,0.65496635
SWI5,0.6548949
NEDD4L,0.6548073
SNRPE,0.6546147
PSMD2,0.6544976
TTC5,0.65448666
PJA2,0.65446216
PEA15,0.6543622
LAMC1,0.65426636
PDIA3,0.65419257
RGS10,0.6541206
SEC24A,0.65405875
RARS2,0.6537383
SF3B4,0.6537357
SLC12A8,0.6537303
RNMT,0.6537192
KIF1B,0.6535687
XYLB,0.6535334
SNRPB2,0.65346885
SENP3,0.6534339
ZNF605,0.6534061
TRIM11,0.6533469
YIF1A,0.653311
HNRNPH3,0.65312225
UBE2Q2,0.6530708
RBM19,0.6527457
SEC23B,0.65268147
PIK3C2B,0.6526585
PHLPP1,0.6525116
SNX2,0.65248543
WDR46,0.652428
SCD5,0.6523237
UBE2B,0.6521954
WDR19,0.65219235
SSX2IP,0.6521211
SLC19A1,0.6520089
TNFRSF1A,0.65190744
EXOC4,0.6517959
TBC1D2,0.65154916
RLIM,0.6514598
POFUT1,0.65139574
NUDT3,0.6513769
ZNF337,0.6511959
UNC119,0.6511684
TGFBR1,0.6511599
HNRNPM,0.65113235
LUC7L3,0.6509035
YARS2,0.65075535
SLC15A4,0.6506448
SASS6,0.6506186
RABGGTB,0.6505571
SART1,0.6500327
TRIM2,0.65003127
ZNF41,0.6498487
PLEKHM2,0.64979947
SLBP,0.64948875
TSNAX,0.64948297
TMEM11,0.64932334
MLEC,0.6490806
SLC30A6,0.6490714
MPP6,0.6488587
STARD10,0.648763
TCIRG1,0.6486899
RANBP9,0.64864314
PRMT7,0.6486342
TSPYL2,0.6485105
HSPA9,0.6481089
NUSAP1,0.6480141
VPS37C,0.6480129
RAB12,0.6479818
PRKAR1B,0.647799
MDN1,0.64769614
GATAD2B,0.6475284
SMARCC2,0.6473566
RGL1,0.64703566
UNC93B1,0.6469561
TMC6,0.6468886
MTHFD1,0.64677846
ZNF160,0.6467101
NUMB,0.64670324
SEC24B,0.64668065
RGS5,0.6466771
PFAS,0.64639676
PARN,0.6461658
SPRED1,0.646032
PLCL2,0.64578694
SDAD1,0.6457737
ZNF841,0.6456386
PRMT3,0.6455526
RAB5C,0.6454539
POLR2B,0.6450696
ZBTB33,0.644964
JAZF1,0.6449123
PPM1A,0.6448975
IQGAP2,0.6448183
TARBP2,0.64481825
OS9,0.6446117
TMEM214,0.6444455
TWF2,0.6442905
SCLY,0.6442317
TCEA2,0.64411336
ST6GALNAC4,0.64410925
PSMD7,0.6440811
UBE4A,0.64389795
ZYG11B,0.6437457
STXBP4,0.6436525
FADS2,0.643358
SYVN1,0.6433485
MED13,0.6432939
SDCBP,0.64312226
PGRMC1,0.64291024
ZNF274,0.642906
UBXN2A,0.6427253
SNAPC3,0.64262843
PUS1,0.64261895
RBBP6,0.6425351
VAMP2,0.642517
SOCS6,0.6425026
MAN2A1,0.6424675
ZKSCAN5,0.64231974
RNF11,0.6420569
PAPSS1,0.6420393
SAT1,0.6418865
YOD1,0.64182204
HIPK2,0.6417553
LYRM4,0.64159876
SLC25A25,0.64152116
OTUD7B,0.6413658
MYBL2,0.64135945
GRB10,0.64131343
HDAC2,0.641238
SORBS3,0.64117944
PANK2,0.64117175
SAMD8,0.6410513
KPNA6,0.6409673
REEP3,0.6409159
ZNF561,0.6409001
RRP36,0.6408056
HMGB2,0.64080244
ZNF566,0.6406965
UQCRQ,0.6405845
PYGL,0.64044863
RANBP10,0.6403723
TRUB2,0.63999
SCRIB,0.6398237
TERF2,0.63961184
RPS6KB2,0.63955384
POLA2,0.6395126
SENP1,0.63932145
VCPIP1,0.6393085
SYNE1,0.639271
POLD3,0.6392469
STX2,0.6390435
PUS7,0.63879
TFB2M,0.6386012
TYSND1,0.6385905
SFI1,0.63844645
SMYD4,0.63840044
TERF2IP,0.63839495
ZNF500,0.63832974
LSM4,0.63822603
PPP6R1,0.63815147
SPHK2,0.6377265
SLAIN2,0.63771725
MTA1,0.63769776
ZNF738,0.6376812
RALGPS2,0.63756984
PDPK1,0.63755023
ZNF100,0.6374701
LSM12,0.63733935
SLAMF7,0.6372591
WDR35,0.637215
POLR1A,0.63714105
SIAH1,0.6369883
QSOX1,0.6366985
RFX2,0.63666403
TFB1M,0.63660717
ZNF423,0.636556
SGSM3,0.6365144
SGPL1,0.6364919
TRAPPC11,0.6364474
PSMC3,0.6364465
MARK2,0.63638324
ZNF708,0.6362901
IQGAP1,0.6361476
ZDHHC9,0.6360641
SMARCAL1,0.6360041
SKA3,0.63587356
RAB30,0.6358031
P4HA1,0.6357351
SIPA1,0.63572705
UBA3,0.6356708
MTR,0.6354509
WASF3,0.635348
STARD8,0.6349667
STXBP3,0.63494
ZNF783,0.63485193
RFX5,0.6346615
MINK1,0.6346303
MEIS2,0.6346118
ME1,0.63459843
SPNS1,0.6345078
SMAD7,0.63449615
TMEM132A,0.6343503
ZNF526,0.63432795
PPP3R1,0.63423085
GULP1,0.63419044
SGPP1,0.6340523
NDE1,0.63403565
STAT2,0.6339288
MAGED1,0.63384205
HNRNPAB,0.6338135
RBBP8,0.6337045
VPS37B,0.6336365
SH2B1,0.6336294
PGS1,0.6335123
LRRFIP1,0.6335099
TAF5L,0.6334958
USP20,0.6334581
TOLLIP,0.6334454
SECISBP2,0.6333152
UBE2F,0.632937
UAP1,0.6326695
RNF40,0.63260454
PIGL,0.63259
TUBGCP6,0.6324517
PDHX,0.6324459
MAMLD1,0.6323065
ZFP90,0.63202983
RHOQ,0.6319424
TBC1D13,0.6318431
PDPR,0.6318279
THUMPD1,0.631635
MAPK6,0.6314856
MIER1,0.6314526
RALGAPA2,0.63123983
ZNF189,0.63116306
UBIAD1,0.63113695
TOP3B,0.63099426
RPL36AL,0.63092715
TBP,0.63073325
PYCR1,0.6306792
MAGI3,0.63067824
RCOR3,0.6305572
ZNF677,0.63022125
LPGAT1,0.63018364
TRIAP1,0.63007754
SERPINB9,0.6299904
TNFRSF11B,0.6299453
SMC2,0.62988544
USP16,0.6298736
TMED7,0.6298713
NFATC3,0.62981415
TBPL1,0.62977284
RUSC2,0.6297687
SRP19,0.6297334
YIPF1,0.6297004
ZNF430,0.62964267
VIPAS39,0.6295283
TCTN3,0.6294747
GLUL,0.62937164
SLC35E3,0.62932247
WDR55,0.6292526
MYO9B,0.62920755
PDSS2,0.62919235
RAB11FIP1,0.62912935
USP21,0.6291011
NPTN,0.62907666
PHF19,0.62895405
SUPT20H,0.62894493
UBL4A,0.6285748
TMEM63A,0.62853026
SEH1L,0.6284622
STX17,0.62845254
ZNF320,0.6284071
POLR3E,0.62833625
VANGL2,0.6283155
TOPORS,0.62831014
PES1,0.6281616
IPO9,0.6280257
SPINT1,0.62801415
ZNF649,0.62793106
NOP56,0.627898
RRP8,0.62787044
SMCR8,0.6278619
SLC9A1,0.627795
PWP1,0.6277328
DST,0.6276877
PSMC5,0.627663
MDH1,0.6275183
SLC12A2,0.6275104
NDUFS1,0.6275031
NOP58,0.627361
ZNF607,0.6273581
TXNDC16,0.62726593
MZT2B,0.6272017
NME4,0.62681884
NDUFS6,0.626817
SERPINB6,0.62679994
THAP11,0.6266976
RNF34,0.6266577
HMGN2,0.62665564
SEMA4C,0.62645346
HNRNPA3,0.6262941
PSMB8,0.62626714
MED27,0.6261713
SSBP4,0.626116
RBP1,0.62599176
ZNF43,0.6259754
RNASEH1,0.62584966
NOC2L,0.6256921
PPM1L,0.62566775
RNF41,0.62553185
PITPNA,0.62546676
RAB14,0.6254651
PSMB3,0.6251629
TCF7,0.6251486
SIKE1,0.62511945
UGDH,0.62507224
VLDLR,0.62491924
HM13,0.6247893
TDP2,0.6247846
UBQLN2,0.62471414
PELI2,0.6246084
LAMB1,0.62459415
MAML3,0.6244738
SUPT7L,0.62442946
RAB4A,0.6243637
SYF2,0.62429065
MRPL3,0.62428135
NDUFA4,0.6241013
HERC4,0.6238615
TNFRSF12A,0.62386143
UROD,0.62384295
TRMT1,0.62383676
TRIM13,0.6237873
RANBP1,0.6235966
MGA,0.62352985
SESN2,0.6235205
UBA5,0.62348974
KHSRP,0.6233571
MBTD1,0.62325823
TXNRD2,0.62310505
TTK,0.623056
RFFL,0.62291205
ZNF814,0.622904
REPS1,0.6228586
VGLL3,0.62276864
OTUD5,0.6222117
PPP2R5A,0.62205195
UTP14C,0.62198085
ZNF780B,0.6218765
ZNF557,0.62173676
WDR45,0.62173104
HLA-DRB1,0.62168324
PSME1,0.6215731
PDK1,0.6215584
TAF1B,0.62138593
ZNF485,0.62126464
MORF4L1,0.62124276
HNRNPDL,0.62116003
PDLIM7,0.6210875
ZNF300,0.62094045
EIF4A1,0.62057567
PPIL4,0.6205522
TIPRL,0.6203952
UBE2D1,0.62033886
NLRC5,0.6202944
ZNF440,0.6202725
RRAGA,0.6202618
ZNF133,0.620157
ORC2,0.6201499
ZNF766,0.62006176
IVNS1ABP,0.6200458
STARD3,0.61981636
PSMD12,0.6197758
PPP1R18,0.61962074
STK36,0.6195108
TBC1D24,0.6193313
PIK3C3,0.6192237
LGMN,0.6186912
ZNF44,0.61861485
ENAH,0.61857724
NCOA6,0.6185206
ZNF670,0.6181331
PKN1,0.61809963
NFATC2IP,0.61805433
G3BP1,0.6179505
RARG,0.6179023
NPRL3,0.61789584
MCM5,0.6176991
PNPT1,0.6176836
ZNF529,0.6176358
HLA-DPA1,0.61757714
POLK,0.61747944
SCYL1,0.6173907
RPA2,0.6173646
MICU1,0.6172818
PIKFYVE,0.617222
RBM42,0.6171868
OSBP2,0.61714596
MRPL37,0.6170951
RAD52,0.61703026
PGAP1,0.617028
SRA1,0.616985
PDCD11,0.61697865
ZNF548,0.6168998
RHOBTB2,0.6168722
MYL12B,0.6168621
SEC22A,0.6166829
PPIF,0.6166759
KDM4B,0.6165482
FLNB,0.6164875
PI4KA,0.61647785
NFX1,0.61615485
PRDX3,0.6160343
TBL3,0.61596596
TBC1D17,0.61593425
RRN3,0.61587894
TUBD1,0.6157727
TRIM62,0.615736
SLC25A38,0.6156834
ZNF250,0.6156545
PSMD8,0.61560404
TTF1,0.6155978
TFAP4,0.61539924
TM7SF2,0.6153141
ZNF227,0.61520326
MEMO1,0.61513716
KCMF1,0.615088
PERP,0.61507654
UCHL3,0.6149684
TOR1A,0.61490643
PRPS1,0.6148633
PFKFB4,0.614643
PRPF4B,0.6146263
METAP1,0.6146064
SAMM50,0.61452955
PRR12,0.61452
RER1,0.6145086
POLR3H,0.61446035
YIPF5,0.6144589
SPAST,0.6143575
SPN,0.61432254
SKIV2L,0.61421657
ZNF808,0.614205
ZNF473,0.6141836
MED14,0.61410147
GOLGA4,0.6140418
FXR1,0.6138815
RRP1,0.61388046
VAMP3,0.61387634
SYDE2,0.6138103
SYNJ1,0.6135585
MRPS21,0.6133909
ZW10,0.6133646
SHQ1,0.613357
WDR48,0.6133081
EHMT1,0.6133016
FKBP8,0.6131607
PDCD4,0.61310524
MEF2D,0.6130575
SKAP1,0.612943
TPD52L1,0.6127115
PRKX,0.61239505
ZNF143,0.61231196
RAP2A,0.6122964
TBC1D32,0.61225283
RAD54L,0.61218446
ZNF235,0.6121681
MCM2,0.61200505
PREPL,0.6119524
PDCD6,0.6119127
UNC5B,0.611852
PSMB4,0.61182517
RUNX2,0.61180407
RHOT1,0.61179394
PDCD10,0.61178225
TAF11,0.6116546
ZNF212,0.6115754
UTP14A,0.6115697
TUBGCP5,0.6115596
PHC2,0.6115055
ZNF45,0.61145896
TRAPPC5,0.61133724
TAB3,0.6112842
MPDZ,0.61124873
RCN1,0.6112406
MAP4K5,0.6108482
MEF2A,0.6107792
SORD,0.61076057
PEX19,0.6106659
TBC1D20,0.61057955
EIF4G2,0.6105163
RBBP5,0.6104514
UCK1,0.6104504
TRAPPC4,0.61043733
NUP50,0.6103654
PFKM,0.610249
UBLCP1,0.610169
TJP2,0.61007625
PAIP2,0.6100076
TBCEL,0.60996747
NPC2,0.6099264
OSBPL1A,0.60991186
ZDHHC8,0.6097915
TELO2,0.60968965
UBE2T,0.60950834
VPS28,0.6094952
NAT10,0.6094818
TRO,0.60946137
RNF7,0.60930705
OXNAD1,0.60928917
PSMA7,0.60920525
ZSWIM7,0.6091655
PRCP,0.6091382
TPK1,0.6090433
TAGLN,0.60900915
RAD51AP1,0.6089475
RASA2,0.60886604
SPRED2,0.6088602
NDST1,0.60867923
UBL7,0.6086664
ZNF10,0.6085435
ZFPM1,0.608287
TEX264,0.60826117
SPSB3,0.6082544
TMEM126B,0.60819596
PKP2,0.608172
RNF168,0.6081168
ILF2,0.6080706
UFSP2,0.6080587
PLEKHG3,0.6080559
IGF2R,0.60790074
PDHA1,0.6078761
TWF1,0.6078586
ULK2,0.6077016
TICAM1,0.6075098
ZNF385A,0.6071558
TRAIP,0.6071139
NES,0.6068823
SUV39H2,0.6066156
ZNF510,0.60629386
SDC1,0.6062116
SETD7,0.60619044
RND3,0.6061777
RAP2B,0.6060773
TRMT10C,0.60589814
THOC1,0.6058733
NDEL1,0.6058263
PPARD,0.60561675
PPL,0.6055954
UPF3B,0.6054838
GSPT1,0.60545343
GJA1,0.60525805
PPP2R5D,0.6052391
NHP2,0.60523516
ZNF101,0.6051066
PTGES2,0.60500896
RRM2B,0.6049262
LSP1,0.60482305
PPP4C,0.604771
ZNF394,0.6047301
SMDT1,0.60470885
RAD54B,0.60468006
PAK4,0.60460085
UBOX5,0.604504
PPIP5K2,0.60445774
RUFY3,0.604448
MCM4,0.60436046
NDUFAF6,0.60431373
NLN,0.6042779
WDR61,0.6042395
SENP2,0.604154
ZIK1,0.60407895
RPS26,0.60397214
STAT5A,0.6039625
VPS18,0.6039236
RAB11B,0.6037804
RORA,0.60359645
TADA1,0.60349053
ORC5,0.60334843
NVL,0.60334
TCTN1,0.60331774
PIP5K1C,0.6032475
WRAP53,0.60322434
RCOR2,0.60318625
ZNF691,0.6031188
RHNO1,0.6031104
RECQL,0.6030976
ITCH,0.6030498
REXO1,0.6027108
ZFP14,0.60265094
MTMR12,0.60258245
TAF1C,0.60251784
PRPF38A,0.6025063
TRIB3,0.6025048
UAP1L1,0.60250115
PEF1,0.6024734
TAF8,0.6023829
ZSCAN32,0.6023074
NCOA7,0.60199344
SPIRE2,0.60195416
MGAT5,0.60190636
PIGK,0.60189444
SPPL2A,0.60183835
NUS1,0.60176915
PLA2R1,0.60169077
SH3GLB1,0.6013348
EIF5A,0.60125595
PIF1,0.6011805
INCENP,0.6010774
MAP3K2,0.60096616
RTEL1,0.6009266
TFAM,0.60084635
MDC1,0.60084355
PYCR2,0.600802
PTPN9,0.6007463
RFC2,0.60072803
PARVA,0.60072803
VPS33A,0.60066664
REXO4,0.60053957
SLK,0.6005201
ZNF202,0.600471
HLA-DPB1,0.60045654
SUN2,0.6004506
WTIP,0.6004232
TMEM70,0.60035527
KRT19,0.60031146
SLX4,0.6001839
SEC61A2,0.600142
ZNF593,0.60009396
TRMT61B,0.6000629
SLC35B1,0.60006016
PDHB,0.6000501
ZNF224,0.5999808
PMPCB,0.5998327
PKD2,0.59968066
ZNF420,0.59962726
STX4,0.59958297
MBD2,0.59944654
SMYD5,0.59942526
UPRT,0.5993486
POLE3,0.5993323
PLA2G4A,0.59932536
TCEA3,0.5993172
ZNF772,0.5992785
TOM1,0.5992175
ZNF335,0.59912753
RNF138,0.5990706
NUP133,0.5988455
THOC6,0.5987689
RHBDD1,0.59863496
ZNF564,0.5986281
POLR2L,0.5985706
NFYC,0.59853625
GANAB,0.59833163
ZNF480,0.5983152
MAPKAPK2,0.5982414
TECPR1,0.59821033
PCGF3,0.5981539
ZNF460,0.59815276
RBCK1,0.5980189
TP53INP1,0.59801817
SH2B3,0.5977837
TRIM21,0.5975718
PRKRA,0.5975695
PLCG1,0.59749824
PLAA,0.59746873
RPL22L1,0.5973567
TAF9,0.59721315
SAV1,0.59713644
KDELR1,0.597036
ZNF155,0.5969801
PPAT,0.59691674
HK1,0.5968496
MBD3,0.5967532
RHOT2,0.596562
NPHP4,0.5965226
RUSC1,0.59633684
RNF123,0.59624237
NCBP2,0.5962297
PFDN2,0.59622467
MSL2,0.596134
PANK3,0.59606844
SLC6A9,0.5960306
SURF6,0.5959798
PSMF1,0.59550405
SPRY4,0.59539336
KDELR2,0.59536576
SNAPC5,0.5953578
MAP3K4,0.59531665
MRPL51,0.5952945
SLC26A6,0.59517914
TDRD7,0.5950703
SMAD1,0.59496367
NUDT5,0.5949274
ZNF585A,0.59487706
PTGFRN,0.59484535
NDUFV1,0.5947425
METAP2,0.59473497
KIF4A,0.59466326
TBCC,0.5942822
RAD1,0.5942808
PYGB,0.5942461
LDLR,0.594246
SHARPIN,0.5942082
TIMM17B,0.59416723
ODC1,0.5940223
RPIA,0.59400415
MRPS16,0.59399533
HYOU1,0.5939675
TXNRD3,0.5939576
PATL1,0.5939435
PGM3,0.59371704
NDUFAF2,0.5934464
RAB11FIP4,0.59340686
PSMB6,0.59337884
LONP1,0.59332174
RRAGD,0.5932554
OSMR,0.5931968
MAU2,0.5931387
PGAP2,0.5931014
GMDS,0.59306586
ZNF780A,0.59306467
RNF185,0.59301543
NPNT,0.5929935
QRSL1,0.5929424
IP6K1,0.59292156
YRDC,0.59272486
RPAP1,0.59268844
PREB,0.5926644
NOL10,0.59264517
MSH3,0.592399
SH2B2,0.5923774
UFL1,0.5921659
MIB1,0.5921514
TNFRSF10A,0.5921028
SAR1B,0.5919921
PMPCA,0.5919736
MAPK14,0.59193426
RFC4,0.5917799
RHOB,0.5916947
REEP5,0.59168476
MEX3C,0.5916446
ZDHHC2,0.59163415
SEL1L,0.5915378
HMGCS1,0.59132534
PSMC2,0.5912774
SLC27A5,0.5911626
RIC8A,0.5911373
ORC4,0.59110826
PURB,0.59093195
RBM34,0.5908732
TRMT5,0.5903394
TIAM1,0.59025407
TRIP4,0.58997905
RNPC3,0.5899215
SLU7,0.58985245
PLEKHA8,0.58962184
RAB9A,0.5895605
PIH1D1,0.589554
TRAPPC6B,0.5895283
RPL17,0.58951616
ZNF585B,0.5894575
ZNF180,0.5894572
OSBPL5,0.5894368
RGS12,0.5892761
LSM2,0.5891826
ZNF552,0.58911264
TSSC4,0.5890798
PPIL1,0.58892447
ZNF813,0.58875024
ZNF182,0.58874875
GBE1,0.5887462
PSMC1,0.5886487
ZFP30,0.58847034
DDX17,0.5884449
ZNF830,0.5884265
PRPF40B,0.5883342
ZNF468,0.5883213
RAB2B,0.588205
ZNF558,0.5881019
NCAPG,0.5880036
GRB2,0.5879781
NEK1,0.5878011
NEK9,0.5877034
PLSCR1,0.5876973
GPR176,0.5876933
ITPR2,0.58769286
PTPN23,0.5876832
SLC25A22,0.58760756
HECTD1,0.5875604
TDG,0.58743805
RRS1,0.5872825
FARS2,0.58728176
TMOD1,0.5870147
RAB21,0.586957
SIVA1,0.58689666
ZNF211,0.5867933
ZNF74,0.5867447
SIRT2,0.58669364
MTX2,0.58664316
POLR3A,0.58641577
TRAPPC2L,0.5863438
ZNF776,0.58629936
STAP2,0.58628786
NUCB1,0.5862691
MID1,0.58622533
ZNF79,0.58621347
PLCE1,0.5861868
MSL1,0.5861725
PIGT,0.5860684
NCAPD3,0.58605015
PHF8,0.58591515
ZNF251,0.5858931
TSEN34,0.58587444
KLHDC3,0.58583117
RNF2,0.5858131
POLR2G,0.5858125
PIK3R4,0.5857748
SESN1,0.58576584
MOCOS,0.5856951
LARS2,0.585588
TMED1,0.58558035
TIFA,0.58553106
PTDSS2,0.5855025
POLL,0.58548254
ZNF92,0.5853205
SPATA13,0.58516586
MAML1,0.5850213
TM2D2,0.584971
TADA2B,0.5848659
RPP30,0.5847139
RAB8B,0.5846747
RNF8,0.58461547
SLC25A28,0.58452034
RCHY1,0.5845145
TST,0.5844655
SEMA4A,0.5844362
TAF13,0.584281
POLR2C,0.584245
PCCB,0.5842235
MTF2,0.5840808
POLR2H,0.58388424
RAB27A,0.5837392
TSNARE1,0.5837227
NUP107,0.5836996
TRUB1,0.5836388
KPNA2,0.5836257
NSA2,0.58358544
VAMP1,0.5834824
KIF11,0.583377
MRPL11,0.58334035
ZNF234,0.5832467
KANK1,0.58316183
TAF6L,0.58311564
PPP1R12C,0.5830127
RASSF2,0.5830099
TRIM23,0.582972
PRKAB2,0.5827722
RAB34,0.58273256
NBEAL2,0.5827072
SUPV3L1,0.5827017
ZNF304,0.58265024
NOTCH3,0.5825287
TMEM179B,0.5824918
HDAC8,0.58245444
PSMD9,0.5824308
RBL2,0.58238125
TOMM40L,0.58231515
LARP4,0.5821471
RNASEH2B,0.5819622
RALBP1,0.5819009
NRBP1,0.5818973
TFAP2C,0.58186233
FBXW11,0.5818151
RAB6B,0.58180326
SLC1A1,0.58162576
PNP,0.5816137
RELA,0.581603
ZNF573,0.5815767
PSMB9,0.581514
KNTC1,0.5815058
PPP2R1B,0.5815003
IFI30,0.581465
MYBBP1A,0.58134615
TACO1,0.5813076
ZNF527,0.5812764
RTKN,0.58119285
LMO7,0.58118165
LYPLA2,0.5811623
THAP7,0.5811357
IFI44L,0.581041
PODXL2,0.58101326
VASN,0.58094454
ME3,0.58093166
RAD9A,0.5808742
STX12,0.58081585
FBL,0.5807539
NUP88,0.58074594
RPS6KA4,0.5806806
PRKRIP1,0.5806523
RFC5,0.5804074
ZNF516,0.580399
PIGG,0.5803711
PPIH,0.58031833
MRPS6,0.58019197
TBC1D23,0.58009845
SNRNP35,0.5800175
TFIP11,0.57998055
MYO9A,0.5796488
PCSK7,0.5795942
PCGF5,0.5794144
ZNF34,0.5793795
POP7,0.57926565
PRKAG1,0.57925385
LRP5,0.5792473
ZNF273,0.5791732
PEX26,0.57901216
MXRA8,0.578985
TAP2,0.5789345
KIF1C,0.5788744
SLC12A9,0.5787795
SEZ6L2,0.578671
ITPR3,0.5786204
NELFCD,0.57861686
PREX1,0.5786103
NR2F6,0.5784824
EBF1,0.5784067
ZNF32,0.5782524
MRPL45,0.5781871
RHBDF2,0.5781174
TCN2,0.57804215
MCMBP,0.5779916
PLXNA2,0.5779487
TEP1,0.5779
WDR81,0.5778936
PPP1R8,0.5778773
POLR3D,0.5778298
MTUS1,0.57780373
UBA7,0.5777483
RNF20,0.5777393
SPATA2,0.5776002
NADK,0.5775999
LBR,0.5775803
PYGO2,0.57754296
RRP12,0.57747686
SGMS2,0.5774745
MRC2,0.57740974
PEX5,0.5772416
LTBP1,0.5772212
NSFL1C,0.57719177
NARS2,0.577085
RRP9,0.5770829
NELFB,0.5769497
TGFBRAP1,0.5768991
ST14,0.5765532
NEIL3,0.5765276
PURA,0.57648087
IP6K2,0.5764775
PRKCH,0.5763855
PRDX4,0.57630897
EIF3L,0.57628727
HSD17B4,0.5762641
PQBP1,0.5762408
IGFBP4,0.57621133
RIOK3,0.576079
TSFM,0.5760621
PPP2CB,0.5760117
PPP1R7,0.57595545
RGL2,0.5758896
ZNF765,0.5758802
SIAH2,0.575769
FRAS1,0.5757214
NPAS2,0.57567364
HLA-F,0.5756708
SLC35D1,0.5756692
RPAP3,0.57557434
PDE4A,0.57549465
NDUFV2,0.5753573
SNIP1,0.5753039
TRPC4,0.57527035
SDF2,0.57525384
WBP4,0.5752225
SPTLC3,0.5750871
MED28,0.57492673
RPGRIP1L,0.57491606
MADD,0.5748665
KIF22,0.5747922
RTCA,0.574783
TRIM35,0.57472247
RAC3,0.5746742
PAXIP1,0.57459784
LCLAT1,0.5745873
PPP1R16B,0.57448953
PISD,0.5744853
NFIX,0.5744551
KDM3B,0.5744393
MAPKAPK5,0.57440716
SNRNP48,0.5743866
NRP2,0.5743562
PAIP1,0.57420415
PEX2,0.57415396
PI4KB,0.5741031
ST3GAL6,0.57409185
SNRNP27,0.57400304
MIDN,0.5739748
POLR2D,0.5739209
ZNF302,0.5738446
RRAGC,0.5737566
ZNF19,0.57367086
PIAS4,0.5735922
SORBS1,0.57358736
TNFRSF10D,0.5735263
PLS1,0.573411
PHF2,0.57329285
POLR1E,0.5732431
RNASET2,0.5731694
PTRH2,0.5730487
LRRC41,0.57300496
DIAPH3,0.5730042
RNF31,0.57289374
PASK,0.5728924
MSH5,0.5728622
ZNF426,0.5728388
PGAM5,0.57283753
SHCBP1,0.57278365
SOCS3,0.57277566
SETMAR,0.5727577
PANK1,0.5727558
TSPAN12,0.5727413
ZNF711,0.57264453
ZNF611,0.5723572
TRIM46,0.5720461
RGMB,0.572044
SMNDC1,0.5719039
RAP2C,0.5719016
ZNF550,0.5718938
PTPMT1,0.57170105
NAA35,0.571698
NAPA,0.5715714
PSMD5,0.57142967
MPP5,0.57137626
RGS1,0.57137316
MTMR2,0.57125866
HMGN1,0.57125044
SCCPDH,0.57124597
ORMDL3,0.5712023
SRD5A3,0.57114923
SRR,0.5711307
TMEM107,0.5711204
LAMP1,0.5710638
ZNF253,0.5710389
UTP23,0.5710028
KCNAB2,0.5709735
SERPINE2,0.5708242
POMP,0.57080305
ZNF18,0.57051265
PACS2,0.5703774
SNRPG,0.5700717
TNFSF13B,0.5700616
TRIM36,0.5700504
NOP9,0.57003105
TP53RK,0.570014
SNAP29,0.5700124
TOR4A,0.5697973
MBOAT7,0.5695293
EIF4G1,0.56950915
RBPMS2,0.56941414
LIMA1,0.56938696
MMS19,0.5693064
PHLDA1,0.5690986
MRPS5,0.568899
TAF1A,0.5688661
TMEM186,0.56884855
RBM22,0.5688205
STRIP2,0.5688134
NCK2,0.56870884
PPP1R15B,0.5686954
DAB2,0.5686813
ZNF486,0.5686622
NOP10,0.5686441
ZNF140,0.56864256
MOB1A,0.5686007
MAP4K3,0.56859154
TMC8,0.56854814
TXNL4B,0.56854504
HADHA,0.56848365
GALNT1,0.5684526
MID1IP1,0.5684362
NAB1,0.5684143
ZNF674,0.5683966
ZFPM2,0.56836635
OSBP,0.5683542
FAM13A,0.5683489
NDUFB5,0.56832415
NAA38,0.56831294
USP35,0.56823444
PHKA2,0.5682286
LPXN,0.56815225
ZNF493,0.56812465
SPSB2,0.5680941
PPCDC,0.56798005
MFN2,0.5678038
FOXK2,0.567758
PLEKHA7,0.56774324
PPIL2,0.56773055
ZNF701,0.5677218
TMEM216,0.56766546
ZNF135,0.5676561
EIF3H,0.56753296
ZNF620,0.56750894
KIF2C,0.5674783
PEX6,0.5674495
ZNF778,0.56737435
RPS27L,0.56735486
RNF14,0.56728417
NEDD8,0.56726795
XYLT1,0.5671559
TUBG2,0.5671336
TRMT6,0.5669541
PER3,0.56694305
EEF1B2,0.56687665
WDR83,0.56681234
ZNF354B,0.5666433
RABEPK,0.56661946
PITPNM1,0.56659883
MED24,0.5665978
NCSTN,0.566549
PPP3CC,0.56652397
PPP2R3A,0.56644696
SKA1,0.56642413
MYO1C,0.5663951
STAM2,0.5663217
KDM4A,0.5663101
SNX33,0.56630474
OBSL1,0.5662592
PLCB3,0.56622726
WNT5B,0.566227
PGGT1B,0.5660829
UTP3,0.5660499
LIMD1,0.56600213
MAGT1,0.56599593
POLR2F,0.5658272
POLG2,0.56582385
PHAX,0.5657116
RCSD1,0.5655613
SIRT3,0.5654583
RNF19B,0.56538254
PRKCD,0.5652268
IMMT,0.56521094
MTA2,0.5651984
ZNF136,0.5651887
INTS6,0.5651862
PSMB10,0.5651385
PSMC6,0.565105
POLRMT,0.5651028
SNTA1,0.5651014
ZNF823,0.5650792
RRP15,0.56507015
ZNF222,0.5647993
PPP1R15A,0.5647986
UPP1,0.5647732
RMDN3,0.5646666
NMD3,0.56450766
NFKBIA,0.5643641
ORC3,0.56433874
MRPS18B,0.56429535
SUOX,0.5640879
HEG1,0.5640695
SLC44A3,0.56402266
RMI1,0.5639924
TRIM6,0.5639908
TGFB1I1,0.56391233
MGRN1,0.56391186
SIRT5,0.56382376
FADS1,0.56369245
SERPINF1,0.56362426
STXBP2,0.5636007
ORC1,0.5635921
G3BP2,0.5635908
SURF1,0.5635244
PEMT,0.56346965
PCGF2,0.5633615
IL32,0.5633279
NKIRAS2,0.5632799
INTS10,0.56323653
GOLIM4,0.5630432
PRPSAP1,0.56291515
TUBA8,0.5628596
RCCD1,0.5627973
RPP25L,0.5627449
POFUT2,0.5627248
PRMT6,0.56271505
HSD17B12,0.5626931
TSEN54,0.56266207
GPD2,0.56260055
PNPLA2,0.5625872
PLXNA1,0.56257063
TBKBP1,0.56243515
SNTB1,0.5623164
PPWD1,0.5623103
PKN3,0.5622879
ZNF333,0.5622558
KPNA4,0.5621648
MLXIP,0.5620951
ZNF200,0.56208587
PRR5,0.56197315
TAF5,0.56184953
MRPL10,0.56184316
PLXNA3,0.561793
QDPR,0.5617787
MYADM,0.56171286
PELI1,0.5616971
INO80,0.5616861
IRAK1,0.5616861
SETD6,0.56160265
PPIE,0.5615486
OSTC,0.5614616
GLG1,0.5614072
FSCN1,0.5614045
MKRN1,0.5613959
QTRT1,0.5613684
PPP1R9B,0.5612671
PAAF1,0.5612284
ZNF569,0.56121033
SEMA6B,0.5611887
NRP1,0.5611091
ZNF615,0.561007
ZNF14,0.560869
PMVK,0.56086767
GTF3C1,0.5608343
PRPS2,0.5608068
MAEA,0.5607513
MCCC2,0.5607334
GIGYF2,0.5606205
PDRG1,0.56060976
LMAN2,0.56056434
ITGA6,0.56031734
MX1,0.56028736
WHAMM,0.56023055
COL5A1,0.5602229
SYNGR1,0.5600774
NSUN4,0.55996126
SARM1,0.559783
EDIL3,0.5596756
PLEKHG5,0.55965436
HK2,0.5596247
POLR2I,0.55961114
MLST8,0.5595393
POP1,0.5595265
KIF21A,0.55950844
RELT,0.55950594
ZNF57,0.55945927
HNRNPH2,0.5592991
CTNNA1,0.5591835
SDC3,0.559166
ODF2,0.55909836
HCFC1,0.55900896
RANBP6,0.5589922
FER,0.55896086
NLGN2,0.5589375
SLC1A3,0.55877095
NAA40,0.5587285
NUP43,0.55871046
ST8SIA4,0.5586885
TESK1,0.55863816
NDUFA1,0.5585125
RAD51D,0.55834407
MYL6B,0.558269
HTT,0.5581222
MAN1A2,0.5581002
PLTP,0.5580723
SPRTN,0.55805796
NBR1,0.5580019
MRTO4,0.5578701
REXO2,0.5578489
PIK3R6,0.5578401
MAPK9,0.5578391
TP53I3,0.5578261
NME2,0.5577611
PSMG3,0.5576106
ZNF225,0.5575772
SVIP,0.55753446
EXOC6B,0.5575221
RAB13,0.557383
GTF2I,0.5572778
TIMM21,0.55722696
PHKA1,0.5571619
PLK4,0.5571541
RIOK1,0.55712104
IPO11,0.5571045
PHLPP2,0.5570608
POLR1B,0.55695343
MFSD10,0.55694985
ZNF141,0.5569397
ORAI2,0.5569357
KPNA3,0.5569222
TREX1,0.55683327
PMP22,0.5566795
POLH,0.55667156
MRPL34,0.55646604
KCTD3,0.5564564
REC8,0.55641794
FAU,0.55639327
MZT2A,0.5563649
HS2ST1,0.5563466
RWDD3,0.5563387
KIFC3,0.55628985
DPYSL3,0.55623674
MCM3AP,0.5561911
PDSS1,0.55616844
LIMS1,0.5560786
MSMO1,0.55601585
HINT1,0.5559507
LRCH1,0.5558364
PLRG1,0.55581206
MAGI2,0.555778
ACTA2,0.5557056
AAMP,0.5556729
AAK1,0.55567086
ABHD12,0.5556679
ABCC1,0.5556675
ABI3BP,0.5556671
ABCB4,0.55566555
ACER3,0.5556635
ABLIM2,0.55566347
AASDHPPT,0.555663
ABCE1,0.55566275
ABI2,0.55566144
ACOT4,0.5556596
AK9,0.5556585
ACOX1,0.55565786
ABCF3,0.5556574
ABLIM3,0.5556565
A1BG,0.5556563
ABCD4,0.55565596
ACADM,0.5556551
ALDH4A1,0.5556547
ABCA7,0.55565464
ABI3,0.5556537
ACAP1,0.55565363
ACO1,0.5556531
ACP2,0.55565214
ABCF2,0.55564725
ABCA2,0.55564666
ABCB6,0.55564594
ACO2,0.5556449
ABCG1,0.55564445
AARS2,0.5556438
ALG11,0.5556421
AASS,0.55563915
ABCA1,0.55563873
AATF,0.5556386
ABCC3,0.5556383
AASDH,0.5556357
AACS,0.55563235
AAAS,0.55562955
ARL4A,0.55562526
IQCB1,0.5556179
ADCY6,0.5556167
CTHRC1,0.5556155
POLR3B,0.5556154
ABCD3,0.5556146
ACADS,0.5556123
RIOK2,0.5556086
ACSL5,0.55559826
ACVRL1,0.5555822
KIF18B,0.55557495
PRPF39,0.555571
NR2F2,0.5555625
ACAP2,0.5555609
PIGB,0.5555481
KHNYN,0.55554634
GOT2,0.5555455
ACBD3,0.5555174
ANPEP,0.5555135
CAPN5,0.5555087
ACAD9,0.55550337
PSMG2,0.55550313
MS4A4A,0.5554941
AOC3,0.5554429
ACSL1,0.5554408
AGL,0.555418
AQP3,0.5554028
NDUFA13,0.5553947
ABCF1,0.55535585
HERC2,0.5553516
ARSB,0.5553485
ACOT13,0.5553458
ACACA,0.5553342
ADAT2,0.55533105
MFAP3,0.5553291
ACAD8,0.555315
ADORA2B,0.55531037
FKBP4,0.5553085
ANTXR2,0.5553012
ATP6V1C2,0.55529684
ACADVL,0.55527854
ADPRM,0.5552716
C15orf48,0.55527115
ABR,0.5552682
COMMD8,0.55525106
ACAT1,0.5552324
PHF5A,0.5552278
AGK,0.55522615
ACOX3,0.5552143
ACAA1,0.5551892
ARL16,0.55518544
SPDYA,0.55517626
ALG10,0.5551692
ADAM10,0.5551664
ACLY,0.5551652
ACIN1,0.5551637
ACOT2,0.55514425
ACSS2,0.5551383
ADAM15,0.55513704
ACVR2B,0.55511886
ITPK1,0.5551123
ABTB1,0.5551013
ALDH16A1,0.55508107
ACYP1,0.5550777
CXCL14,0.55505985
ADAMTS10,0.5550498
C1GALT1C1,0.55502254
CHST1,0.55502135
LSR,0.5550166
GATAD2A,0.55500865
AGGF1,0.55499566
ABCD1,0.5549857
ACD,0.5549642
ACER2,0.5549566
ADRA2A,0.5549242
MAGED2,0.55490726
ACOT8,0.554907
SLC27A4,0.5548719
AADAT,0.55485356
AGPAT2,0.5548509
ADAM23,0.55483705
ANO2,0.55482614
ACAA2,0.5548198
MRPS2,0.55480415
AIP,0.5547873
ATG2A,0.55478656
ANAPC1,0.5547738
BNIP1,0.55476964
CCNYL1,0.5547694
ACE,0.55476063
AGER,0.5547559
PPP1R11,0.55475366
ACOX2,0.55474335
ALDH9A1,0.55472815
MAP2K5,0.5547195
GCNT4,0.55470806
ARL4D,0.5547013
ALG3,0.5546989
CD96,0.55469877
ACSL4,0.55469453
PRDM4,0.5546739
ABCB10,0.55466735
CDK20,0.5546556
AK1,0.55463326
CD36,0.5546231
ANAPC13,0.5546138
APBB3,0.5546131
POMT1,0.55461293
IREB2,0.5546118
HMGCR,0.5546107
ACP5,0.554608
ALDH5A1,0.5545957
ADCY7,0.5545949
AKR1B10,0.5545799
B3GNT4,0.5545716
RAB11FIP5,0.5545496
NDUFS8,0.55454665
ACAT2,0.55454665
P2RY6,0.55453575
BLNK,0.55449635
CAB39L,0.5544855
BATF3,0.5544643
AGPAT4,0.5544245
ALAD,0.55439454
ADAM19,0.5543931
TPRKB,0.55439293
ACSS1,0.55438054
FPR1,0.5543677
ADAMTS13,0.5543613
ARHGAP33,0.5543517
PSENEN,0.5543386
ACSM3,0.5543281
CD5,0.5543137
COL6A1,0.5542919
MFF,0.55428886
C12orf66,0.5542745
ARSK,0.5542729
BDKRB1,0.5542727
ARHGAP27,0.5542641
ASB13,0.5542325
ISYNA1,0.5542325
ACOT11,0.55422175
CCT6B,0.5542045
FDXACB1,0.55420005
C18orf32,0.55419326
ANKRA2,0.5541914
IZUMO4,0.5541814
ACTR10,0.55413973
BAMBI,0.5541384
CD38,0.55413413
RTN4IP1,0.5541317
AMFR,0.5540976
ADD1,0.55409455
SMG8,0.5540751
APBB1IP,0.5540596
BGN,0.5540592
ARHGEF4,0.55405897
ATP2A1,0.5540434
ARSA,0.5540287
AP4S1,0.55402464
ADRM1,0.55402106
ADIPOR2,0.55398077
ATF7,0.55397326
DUOX1,0.5539689
AJUBA,0.5539427
DCHS1,0.5539317
APOC1,0.55393124
AKAP5,0.5538776
CLEC2B,0.5538666
RCAN3,0.55384463
MAGEH1,0.5538403
LIN7C,0.5538275
FNIP1,0.55382365
PIGQ,0.5538227
ALKBH1,0.55377567
ARL14EP,0.55375916
RGP1,0.55373126
ACOT1,0.55368364
ACP1,0.5536636
CARD9,0.5536398
LTBP4,0.5536043
AKR1C1,0.55358124
CXCL10,0.553567
ADI1,0.5535658
ADAMTS14,0.55355805
APRT,0.5535428
ANO7,0.5535426
ADAMTS2,0.55354017
ADAMTS9,0.5535062
ZNF175,0.55349934
ALDH3A2,0.5534955
ANO9,0.5534854
ACTL6A,0.5534671
CMTM1,0.55346704
AKAP10,0.5534595
IL12RB1,0.5534591
ALG5,0.5534503
ARHGEF28,0.5534342
ADAM22,0.5534164
CACNA2D2,0.5534164
C2,0.55340976
ACTR1B,0.55339336
SMARCD3,0.5533933
ADM,0.5533862
ALKBH3,0.55337995
EPOR,0.55337113
GAB3,0.5533557
ARHGAP12,0.5533385
ALKBH5,0.5533193
PIAS3,0.55330205
ALKBH8,0.5532993
BATF2,0.5532908
ECE2,0.55325973
ADSL,0.55325484
CYP7B1,0.55324036
NCAPH2,0.5532331
AKR1B1,0.55321103
DOK2,0.5532
C1orf162,0.5531989
KIF2A,0.55319375
ACOT7,0.55318934
C3,0.5531793
ARHGEF6,0.55317014
CHKB,0.55316514
AGA,0.55315983
NCBP1,0.5531593
TMEM67,0.55314624
PPCS,0.55314016
TBC1D10A,0.55312914
AP1S2,0.5531157
AIF1,0.5531075
ARL6,0.55308944
GLDN,0.55307305
AZI2,0.55306447
ADH5,0.5530608
MIA3,0.55304307
ADAM12,0.5530407
ALKBH6,0.5530405
ARAP2,0.55303234
ARHGAP19,0.5530141
ASB7,0.553006
NCAPH,0.5530047
CASP10,0.552995
FOXP3,0.5529944
ANGPT2,0.5529856
CAMK1,0.55298144
ZNF283,0.55297685
CX3CL1,0.55294067
BTN3A1,0.5529315
FBXO6,0.55292785
CMPK2,0.552913
COQ10A,0.55290264
ARSD,0.552896
HEY2,0.5528799
ALYREF,0.552876
LTF,0.55286884
HOPX,0.55284804
AP4E1,0.5528349
BAG3,0.5528236
AMPD2,0.55279833
ATP7B,0.5527951
COL6A3,0.55279446
GPER1,0.552785
ACACB,0.5527739
VCPKMT,0.5527615
ADD3,0.5527583
ANXA1,0.5527578
EXOC3L1,0.5527319
AIFM1,0.55272686
ADAMTSL4,0.5527214
CYP27A1,0.55271465
ADAMTS1,0.55271083
ADA,0.5526826
CHCHD5,0.55267894
SGPP2,0.552671
ALG8,0.55264366
BBS5,0.55264306
MYH3,0.55264044
ADAMTS12,0.5526325
ACTR8,0.5526291
MMP28,0.55262536
CDK3,0.5526233
AMPD3,0.55262095
IL1R2,0.5526168
AGPAT5,0.55261195
ITGB3,0.5526062
ASB2,0.5525969
ALS2,0.5525964
ASAP3,0.5525864
ATP8B2,0.552579
NDUFS4,0.55257875
OCRL,0.55256367
GBP5,0.5525564
C6orf120,0.55255175
LILRB2,0.55254674
APH1B,0.5525347
APOBR,0.5525227
APOOL,0.5525132
DMTN,0.5525126
ARHGEF15,0.55250907
ZNF490,0.5524965
CCR10,0.5524694
REEP4,0.5524575
ALG12,0.5524515
RIPK3,0.55244684
BBS2,0.5524448
BLOC1S4,0.55244315
CD2,0.55243105
AGO2,0.55243075
INHBB,0.55243
PIK3CD,0.5524262
GOLGA3,0.5524258
ALG9,0.5524106
AMOT,0.5524033
MBOAT2,0.55240047
ADAMTS4,0.55239385
AFF4,0.5523834
BDKRB2,0.55238307
AFG3L2,0.5523778
CACNA2D4,0.55237395
COL8A2,0.5523597
AMDHD2,0.55235815
APLF,0.5523472
GGT5,0.5523386
ACSF3,0.5523323
HERC1,0.55233175
DLL1,0.5523279
ACTR3B,0.5523095
CD1D,0.5523059
ATP6V0B,0.5523025
AKAP8,0.5522933
ACADSB,0.5522588
ARHGAP11B,0.552223
DUSP8,0.55222243
APPBP2,0.5522096
BCL7B,0.55218726
CD163,0.55218637
BIN3,0.55217564
AIMP1,0.55216813
SCNM1,0.5521675
INPP5B,0.55216604
AHCYL2,0.5521554
ULK3,0.55214447
AP5S1,0.5521374
ARFGAP2,0.5521266
SLC9A3R2,0.5521206
NIPA2,0.55211115
RGS4,0.5520833
LUC7L,0.5520777
PCK2,0.55205715
PVR,0.55204993
RAVER1,0.5520459
ADCY4,0.55204374
ANAPC15,0.5520422
ACTG1,0.5520409
DCN,0.5520116
APIP,0.5520021
ACTR6,0.55200094
CD6,0.5519823
ANGPTL4,0.5519469
ALPK1,0.5519467
ARHGEF25,0.55194443
B3GALT4,0.5519433
PI4K2B,0.55193883
ARNTL,0.5519355
FUT2,0.55193526
ATRIP,0.55189866
AP5B1,0.55188936
ARHGAP4,0.5518635
NAA60,0.5518587
GIPR,0.5518462
ARL4C,0.55183434
CIDEB,0.5518284
CLDN11,0.55182505
ACTR1A,0.5518197
API5,0.5518034
ANAPC2,0.55179
RALB,0.55178267
TIMM8A,0.55177474
ARL2BP,0.55176073
FOLR2,0.55176026
FARP1,0.5517571
C5AR1,0.55175275
ALAS1,0.5517427
NDUFAB1,0.55173993
BPGM,0.5517343
ATP13A2,0.5517321
CDK5,0.55172956
SLA,0.5517276
ATP2A3,0.5517247
AUH,0.55172426
STRADB,0.55171317
BAG5,0.5517097
IGSF6,0.55167353
CD248,0.551659
ADAM17,0.5516511
CHI3L1,0.5516417
CCNDBP1,0.5516164
REPS2,0.5516135
ATP6V0A1,0.55160975
MAP2,0.5516067
B9D1,0.5516036
ATP8B4,0.5515867
CFB,0.5515859
CD34,0.5515839
ALG1,0.5515806
NDUFB4,0.5515743
ATP6V1E2,0.5515722
ADCY5,0.5515672
CAPN7,0.5515648
CASP1,0.5515643
APOO,0.551558
ARCN1,0.5515507
C7orf26,0.55154985
AMOTL2,0.55154705
AKR1C2,0.5515429
ARHGEF26,0.55152977
ARPC1A,0.5515269
AMPH,0.55150855
ANGEL2,0.55150336
AP5M1,0.5514834
LAMTOR4,0.5514819
C9orf72,0.5514787
CARD6,0.5514745
PIGS,0.5514732
BFSP1,0.5514655
FGD5,0.5514647
APPL2,0.5514622
CHRNB1,0.5514468
ARNT2,0.5514457
NDUFB9,0.55143046
ARHGAP31,0.55143005
MAF1,0.55142796
COL17A1,0.55141723
ALDH1B1,0.55141
ATP1A3,0.55140465
ATP8B1,0.5514027
PNKP,0.5513917
DYNC2LI1,0.55138725
AP1M1,0.55138254
ARL13B,0.5513775
NUBP2,0.55137646
CCDC40,0.5513745
ARHGAP6,0.55135775
ASL,0.5513559
BMP8B,0.5513435
CYSLTR1,0.55131745
MOB1B,0.5513135
HK3,0.55130035
ARNTL2,0.55129915
ASPHD1,0.5512924
AMOTL1,0.55129194
ASAH2,0.5512892
ADAMTS7,0.5512876
APOBEC3B,0.5512832
ACTN1,0.5512748
ARL3,0.5512635
APOL1,0.55123585
ARG2,0.5512305
CD247,0.55122656
CHST7,0.5512144
SLC35A2,0.55121154
CATSPER2,0.5511848
ANKZF1,0.5511841
ALOX5,0.5511815
ARHGAP9,0.5511789
ARHGEF40,0.55117214
BBS10,0.5511424
CLEC7A,0.5511352
BAG2,0.5511348
ARHGEF37,0.5511307
MCM6,0.5511259
CGRRF1,0.55110925
ATOX1,0.5511059
PPIL6,0.5510888
ATP6V0E2,0.5510794
AP3M1,0.5510794
ADCY1,0.55107796
B3GNT7,0.5510691
AGPAT3,0.55106866
GTF2H5,0.5510639
ARHGAP25,0.5510478
LAS1L,0.5510426
PRKD2,0.55103356
C1R,0.5510214
ADIPOR1,0.5510161
BBS12,0.5510135
CTBS,0.55101204
MIS18BP1,0.55097306
CCDC174,0.5509714
ALMS1,0.5509557
ARFGAP3,0.5509492
DUSP19,0.5509487
ARHGAP10,0.5509368
COL11A2,0.55093455
ASB8,0.5509293
C2orf49,0.55091816
ADAMTS5,0.5509138
ATG4C,0.5509117
BIN2,0.5508965
CLUAP1,0.55089414
GABARAP,0.55087817
ATL1,0.55085534
CD69,0.5508541
ASXL2,0.5508537
AP4M1,0.5508496
ARL8A,0.5508307
ADCY3,0.55082154
ARHGEF19,0.5508214
LRPAP1,0.5508207
BMP4,0.5508157
PGF,0.55080676
DENND2D,0.55080265
COQ3,0.5508001
OPN3,0.5507974
SAT2,0.55077004
NOL9,0.55076516
ALG6,0.550759
ADAR,0.55074143
NAA16,0.5507388
CHMP4A,0.55070525
ATP6V1A,0.55070287
AIFM2,0.55070084
ACTR2,0.55069774
ALDH1A3,0.55068773
LIN7A,0.55068564
ATG2B,0.5506758
CFD,0.55066895
COL5A3,0.55065715
ECM1,0.5506569
ITGAM,0.55064505
MRPL49,0.550633
AP1G2,0.5506328
ARHGAP26,0.55062634
RBM7,0.55060065
AMY2B,0.5505934
MAN2B1,0.5505844
ALG13,0.5505678
AMT,0.55055875
MAP3K3,0.5505587
CBR3,0.550557
CCDC22,0.55055326
ALG14,0.5505063
ARHGEF9,0.5504935
PDK4,0.5504884
APBA3,0.55048335
AP2A1,0.55047977
RIPK1,0.55046886
ANO6,0.55046254
PACSIN3,0.5504558
ARHGAP39,0.55044085
ACTG2,0.55043995
ALDH18A1,0.5504386
CASP6,0.5504072
CSTA,0.5503981
CACNA1H,0.5503978
NFAM1,0.55039304
PGP,0.55038923
APOBEC3G,0.5503887
MAP3K11,0.5503687
ASIC1,0.5503544
HES4,0.5503439
F13A1,0.55034226
BUD31,0.55033946
C5,0.55032235
ACTR3,0.5503122
AKR7A2,0.55031157
B4GALT7,0.55027467
FCER1G,0.5502632
B9D2,0.5502403
ASRGL1,0.55023867
PRKD1,0.5502266
AFTPH,0.55022335
PELI3,0.55020833
ATG4A,0.5502071
B3GNT5,0.5502033
CLIC3,0.55020314
ANKRD44,0.5501974
SLC25A14,0.5501899
COL15A1,0.5501889
ASGR1,0.55018854
ASS1,0.5501864
ARL8B,0.550181
CHRD,0.55017
AGTRAP,0.5501592
GLRX2,0.55015814
CALML4,0.5501562
CISH,0.55015355
ATP6V1G1,0.55014706
AP5Z1,0.55014485
TRPV2,0.5501435
RHBDF1,0.5501429
CLDN23,0.55013275
SGCB,0.5501157
CD68,0.5501008
MRPL28,0.5500967
PNKD,0.5500924
CDH6,0.5500857
PLCD3,0.5500802
LRIG2,0.55007744
B3GNTL1,0.550059
CTSL,0.5500437
ALPL,0.55003047
CLN3,0.5500284
BCAT2,0.55001014
ARRDC3,0.55000246
RCE1,0.5499874
CTSO,0.5499851
ATG3,0.54998046
ATP6AP1,0.5499773
HOXA7,0.5499729
ARF6,0.5499724
NDUFAF7,0.54996854
MAOB,0.5499652
CXCL16,0.5499638
BEST1,0.54995346
MOV10,0.5499533
CBX6,0.54994327
GSDMB,0.5499409
MIEF1,0.54993373
AP4B1,0.54992497
ARRB2,0.54992414
BET1,0.5499121
BHLHE41,0.5498831
ZNF517,0.54988104
CETP,0.5498756
CCDC115,0.5498749
RAMP3,0.5498676
BBS7,0.54985946
APAF1,0.5498585
SDS,0.5498428
MGLL,0.5498313
MPZ,0.54982847
GNLY,0.5498183
ATG4B,0.5497976
ARMC8,0.54979557
CCDC106,0.54976594
DCLRE1B,0.54976475
CNN1,0.5497624
DENND1C,0.5497617
ASB1,0.5497333
CCDC59,0.549733
C17orf49,0.5497207
CMKLR1,0.54971045
CREB3,0.5497045
FCGR3A,0.5496877
ARHGEF18,0.54968315
BOLA1,0.54967165
ATF6B,0.54966474
MAN1B1,0.5496508
AGPAT1,0.5496315
APBB2,0.54962957
BAK1,0.54961187
PCBP4,0.5495826
TEFM,0.54957825
FAM20A,0.549574
MVD,0.5495681
MRPS12,0.549566
BTD,0.5495631
ARSG,0.54956055
BMP2,0.5495563
BECN1,0.5495512
CDK11A,0.5495259
MMP11,0.5495157
CEACAM1,0.549511
ALS2CL,0.54950476
KXD1,0.5495011
CRAT,0.549492
AKT1S1,0.5494911
ANK3,0.5494682
CHST14,0.54945135
F5,0.5494512
EIF4H,0.54943013
POSTN,0.5494138
AP3S1,0.54940736
MS4A6A,0.54940253
EVI2B,0.5493862
MDFIC,0.549386
BLVRB,0.5493839
ASCC2,0.5493699
CSPG4,0.549366
AGMAT,0.5493653
KCNAB3,0.54936194
CCDC80,0.54935795
AGO1,0.5493532
CEP76,0.5493438
BCL7C,0.54933536
NGLY1,0.54932976
C17orf75,0.5493191
ARHGAP18,0.5493159
AP3D1,0.54931355
ATG9A,0.5492982
BRIX1,0.5492891
AQR,0.5492825
EPHX2,0.5492811
CES4A,0.5492734
ASAH1,0.54925156
SGSH,0.54918575
COL24A1,0.5491691
ATG16L2,0.5491528
IL18R1,0.54914755
ATP1B2,0.5491461
ATP6V1D,0.5491435
TPMT,0.54914117
CDH5,0.54914075
RGS16,0.5491338
ANAPC4,0.5491216
ADPGK,0.5491196
PAM16,0.54910594
CD4,0.54908365
CPLX1,0.54907286
PTPRU,0.549068
ANO1,0.54905814
IL17RE,0.549058
ASB6,0.5490375
COMMD3,0.54901856
B3GALNT1,0.5490162
CTSF,0.5490038
ATP1B1,0.54899734
ARHGAP32,0.5489876
MORC2,0.54897815
ARHGAP11A,0.54894674
NDUFS2,0.54894626
CCDC86,0.5489296
POLI,0.5489247
CEBPG,0.5489061
MCMDC2,0.5489021
CNGA1,0.5488998
CPT1B,0.54889584
BTN3A2,0.54888016
RHOU,0.548878
AK4,0.5488675
HEYL,0.5488552
ATPAF2,0.54883945
FBXL8,0.54883945
CD86,0.5488336
ALCAM,0.5488332
CA2,0.5488195
CLEC3B,0.548808
AHRR,0.54879963
BLCAP,0.5487967
IARS2,0.5487951
AP2A2,0.5487942
TBXAS1,0.54878783
FBXL22,0.5487836
CMTM7,0.5487739
CDS1,0.54876256
PARP4,0.54875016
NTPCR,0.548738
EFNB1,0.54873186
CAPN10,0.5487306
ZNF112,0.5487255
ELOVL7,0.54871273
BRPF3,0.5486691
BTC,0.54865247
DET1,0.5486506
AKAP1,0.548645
KMO,0.5486411
C2CD2,0.54863536
RDH10,0.54862446
CLIP3,0.5485977
CABLES2,0.5485856
PFDN6,0.54857415
NOP2,0.5485627
ZNF419,0.5485525
ANKLE2,0.54851234
ANKRD28,0.54848856
AHSA1,0.54848534
ANLN,0.54848415
ATP11B,0.54848236
SSH3,0.5484794
DPP4,0.54847604
ANXA5,0.5484751
AKR1A1,0.5484676
ARSJ,0.54846495
AK2,0.5484613
TRADD,0.54845786
AP2S1,0.5484468
ALDH3B1,0.5484417
CLDN1,0.54843324
COL16A1,0.5483975
BBC3,0.548385
CACNA1C,0.54838115
NMRAL1,0.5483667
AP1G1,0.5483562
CHRNA10,0.5483478
ATG14,0.5483415
ATG16L1,0.54832804
ARHGAP44,0.54831916
ERP29,0.5483175
S100A9,0.5483166
DNAH5,0.54829824
CD200,0.5482878
ATP6V1C1,0.54827434
B3GAT3,0.54827183
VARS2,0.5482711
ARAP3,0.54827106
ARHGAP30,0.54827017
CC2D2A,0.54826325
ARFRP1,0.54826075
FBP1,0.548246
BLOC1S5,0.5482378
ACTB,0.5482192
HSPB2,0.54821444
ASAP2,0.54821384
MTMR3,0.54820615
STX10,0.5481972
COG1,0.5481919
ARHGAP35,0.5481562
APH1A,0.5481368
CACNB3,0.54810065
APBB1,0.5480837
ATXN3,0.5480796
DUSP10,0.5480775
ATRN,0.5480666
IQGAP3,0.5480207
GGT1,0.5480165
CD180,0.54801464
B4GALT3,0.5479787
FOSB,0.5479763
LSM14B,0.5479624
CHMP4C,0.5479585
AGO4,0.54795814
DHX58,0.54794025
ATG12,0.5479307
NOL11,0.547927
C1D,0.5479228
EPHB6,0.54791665
ENSA,0.5479125
CENPB,0.547912
EPHB3,0.5479118
TRIM3,0.5478778
CETN2,0.5478586
CEP135,0.54783624
DCLRE1A,0.5478336
BIN1,0.5478232
FMNL2,0.5478077
BAHD1,0.5478065
PRICKLE1,0.5477718
C12orf65,0.54776716
ARFGEF1,0.54776466
LIN7B,0.5477628
GPNMB,0.5477585
BYSL,0.547758
BCKDK,0.54774606
BNIP3L,0.547715
CCNE2,0.54770947
ALDOC,0.5477028
GADD45G,0.5476903
LDB1,0.5476878
ARHGEF11,0.5476604
NDUFB10,0.54765004
AREL1,0.5476405
CCP110,0.5476241
ARPC1B,0.54761493
CENPQ,0.5476122
BLVRA,0.54760915
MRPS26,0.5476017
GRSF1,0.5476014
EFNA3,0.5475954
SYTL4,0.5475911
ATF6,0.547576
CALCRL,0.54757553
ANAPC16,0.5475622
NADSYN1,0.5475528
PIK3AP1,0.5475417
DHRS1,0.5475235
ELOVL5,0.5475223
APOBEC3F,0.54752
CUBN,0.5475083
DISP1,0.5475053
CMYA5,0.547505
CCL4,0.5475003
DYNLT3,0.54749495
CDC14B,0.5474916
BAIAP2,0.5474714
AMMECR1,0.54747105
CCDC68,0.54746073
LTN1,0.54745865
ZNF347,0.5474537
CORIN,0.5474358
MRPS9,0.54743356
CLN8,0.54741496
CYP2U1,0.5474126
INMT,0.54741025
DNAH1,0.5474004
POLR3C,0.54739976
ARID4A,0.54739374
FZD1,0.54737437
ATP6V1E1,0.5473638
FPR3,0.54735863
BCAS2,0.54734504
DIAPH2,0.54733574
CCDC136,0.5473312
CCL5,0.5473273
CASP4,0.5473217
BUD13,0.54732096
BRPF1,0.54731405
OTUD3,0.5472581
HERC6,0.54725593
DIMT1,0.5472498
CTSK,0.54724544
ATAD3A,0.54722816
CDC37L1,0.5472262
NLRC4,0.54722536
BLOC1S2,0.547219
ARFGAP1,0.547202
BTF3L4,0.5471997
P4HA3,0.5471949
CLIC2,0.5471908
RAB36,0.5471826
BMP2K,0.54717255
SMAD9,0.5471385
ARL2,0.5471256
CEP97,0.54711807
COQ9,0.5470974
APLP2,0.5470825
APTX,0.54706776
BTBD1,0.5470528
CDC16,0.54700214
NLE1,0.5469887
AP3M2,0.5469883
DXO,0.54698384
APOE,0.5469782
CHTF18,0.5469727
ARL6IP5,0.54696244
ANKRD27,0.5469617
LRP10,0.5469567
CBR4,0.54695237
BTN2A1,0.54694015
ATG5,0.54693145
LYPD6,0.5469312
B4GALT2,0.54692954
CYP2J2,0.5469226
DES,0.5469215
DISP2,0.54692113
BOLA3,0.546913
DAPP1,0.5469012
DOLPP1,0.54686624
CNTNAP1,0.5468646
TMEM115,0.54685026
APPL1,0.54684335
CHCHD10,0.54683894
COLEC12,0.54683787
BEND3,0.5468251
APBA1,0.54680216
ADNP,0.5467973
RNH1,0.54678094
DDX58,0.5467621
ZFP1,0.5467524
CBY1,0.54672545
ARL1,0.5467229
EFCAB7,0.5467216
CYB5R1,0.5467183
ITGA8,0.54670674
GPR68,0.5466755
DPM3,0.5466664
B4GALT4,0.54664683
CD109,0.5466246
ATG4D,0.5466177
CYP2D6,0.5465802
DCK,0.5465726
BLOC1S6,0.5465651
AFMID,0.54655594
FBN1,0.5465459
CMTR2,0.54654366
ATP8A1,0.5465392
CASP7,0.5465322
CHPF,0.54653054
B3GNT8,0.54652834
CD27,0.5465235
ATP7A,0.5465164
ASNS,0.5465102
CTU1,0.5464804
DEPTOR,0.5464669
SPON2,0.5464645
CREB3L4,0.5464452
AGPS,0.54643804
HSPA12B,0.5464378
CLDN15,0.54643476
CD320,0.54643273
AHCTF1,0.5464283
RCAN1,0.54642403
HYI,0.54641557
ANP32B,0.5464125
LRIG1,0.5464004
CETN3,0.5463945
EAF2,0.54639
BCL2L2,0.5463894
KLC1,0.5463779
CCNK,0.5463718
BSCL2,0.5463657
ASF1B,0.5463351
EIF3D,0.546335
AP3B1,0.54632896
ENPP2,0.54631746
AMBRA1,0.54630965
BLZF1,0.54630625
KIF20B,0.5463003
APOBEC3C,0.5462882
COX17,0.54628307
BID,0.5462815
CELSR3,0.546251
MED4,0.54625005
TFAP2E,0.54623675
CRELD2,0.5462337
ANXA2,0.54623044
EIF4E3,0.54621994
COA5,0.546218
SLA2,0.5462061
ATAD5,0.54620034
PLP2,0.54619807
CYP3A5,0.5461945
AVL9,0.54615057
GBP3,0.5461452
RNF181,0.5461411
NUP37,0.5460937
RIN3,0.5460774
RNF135,0.54607683
GOLGB1,0.54606134
CRY1,0.5460586
EXOSC4,0.5460332
NIF3L1,0.54603046
ARAP1,0.54602516
CACYBP,0.5460238
PIP4K2C,0.5459948
ITGB3BP,0.5459681
PDE6D,0.54595715
CSF2RB,0.54593396
COL9A3,0.54593116
NPHP1,0.54591453
FLT4,0.5459105
DENND2A,0.5458947
CCNG2,0.54588497
FGD3,0.5458757
GCAT,0.54587233
AHNAK,0.5458624
EHD3,0.5458618
CYTH4,0.5458411
ADK,0.5458332
AUP1,0.54582083
DHDH,0.54581934
COLQ,0.5458059
CYB5R2,0.54578626
ETV7,0.5457862
CLCF1,0.5457857
LMAN1,0.54577905
CTC1,0.5457786
LRP6,0.54576534
CRY2,0.54576486
RAD50,0.5457644
DERL3,0.545758
AGO3,0.54575217
AAR2,0.5457131
RPL21,0.5457088
ZNF671,0.54568547
NELFA,0.5456784
BCKDHA,0.54564226
ANKFY1,0.5456297
LIN37,0.54562956
COMMD5,0.54562926
ELMO3,0.5456215
ARF3,0.5455615
CENPC,0.5455615
CFL2,0.54551274
PIK3R5,0.54549617
ALDH7A1,0.54548496
ME2,0.5454846
MRPL30,0.5454658
CIB1,0.54545754
MAVS,0.5454449
CACNB2,0.5454347
ATM,0.5453461
TBC1D10C,0.54534143
BICD2,0.5453284
DGKQ,0.54532444
ATP6V1H,0.54531884
CEBPB,0.54531515
GNA14,0.5453052
CYP39A1,0.5453027
BRCC3,0.54530215
CARD10,0.54530203
ARHGAP24,0.5452992
ATP6V0A2,0.54528034
C17orf80,0.5452725
ANTXR1,0.54527134
ARFGEF2,0.5452651
FST,0.5452416
CASZ1,0.54523116
CACNB1,0.54523015
SELPLG,0.5452247
DDX20,0.54521674
CEP41,0.545215
NCOA1,0.5451965
CITED2,0.5451914
DALRD3,0.54518443
CYP2R1,0.5451638
AP1S3,0.5451597
CREM,0.5451547
BPNT1,0.5451519
ANP32A,0.5451505
NLRP1,0.54514587
FCGR2A,0.5451342
C2CD3,0.5450976
ANXA6,0.5450942
CEP70,0.5450461
BRAP,0.5450332
SPR,0.54502064
ATN1,0.5450168
NOP14,0.54500663
ANAPC7,0.54498017
BLOC1S1,0.5449623
ANXA7,0.54495287
CDKN2AIP,0.5449408
COPZ2,0.5449309
DYRK1B,0.5449273
KCNH2,0.54491454
CHEK1,0.54489034
CHCHD1,0.5448876
COA6,0.5448756
CES2,0.54486644
PITX1,0.5448562
CEP78,0.5448522
PABPC1L,0.5448437
CGNL1,0.54483765
GDF15,0.544831
CEP250,0.5447938
AP3S2,0.54478973
KIAA2013,0.5447768
CEL,0.54474896
DBP,0.54474896
HS3ST1,0.5447242
CCZ1,0.54469615
MED22,0.54469025
MAOA,0.54469
CSDE1,0.54468244
ATP6V0C,0.5446772
BHLHE40,0.54466945
COL9A2,0.54466194
RNF128,0.5446427
MTSS1,0.54463565
DSCC1,0.54463226
GNGT2,0.54462886
GGA2,0.5446153
COQ7,0.5445811
ATP6V1B2,0.5445752
ALG2,0.5445419
COL1A2,0.54454166
FAAH,0.5445407
CFL1,0.5445194
LRRC6,0.5445089
CHUK,0.5445079
ASCC1,0.54448134
MAP2K7,0.54446703
COX15,0.5444574
CAMK2G,0.54445666
E2F8,0.54445213
PPM1K,0.5444406
ATG13,0.5444395
KDM2B,0.5444328
ASPM,0.54443103
COQ6,0.5444085
DNTTIP1,0.5443973
CARF,0.544381
ATF2,0.544372
RAB24,0.54436886
CALCOCO1,0.5443643
SNAPC1,0.5443611
ATPAF1,0.544355
CENPA,0.54435104
CENPL,0.5443497
GLIPR1,0.5443249
DPCD,0.54429805
CAMLG,0.5442798
SPARCL1,0.54427266
NCLN,0.5442697
BCS1L,0.5442687
PDPN,0.54426795
BNIP3,0.54426676
BANF1,0.5442505
FBXO15,0.5442498
BMP1,0.5442429
RNF103,0.54420954
ARFIP2,0.5442088
PLCG2,0.5441906
CLDN7,0.5441824
COQ10B,0.5441809
RAI2,0.5441698
CDC23,0.54415613
CHRAC1,0.5441541
DDX60,0.5441459
ATIC,0.54413956
S1PR1,0.5441307
INO80E,0.5441244
CHST12,0.54412425
LIPG,0.54412234
RRAGB,0.5441098
NKD1,0.5440831
PRKAG2,0.5440801
CWF19L1,0.5440616
ANAPC5,0.5440599
GALNT14,0.54405594
ARRB1,0.5440533
HPS1,0.54404044
ZNF324B,0.54402554
DCTN3,0.5440181
FAM114A2,0.5440139
NUP54,0.5440066
CASP2,0.543984
PLA2G12A,0.54395676
CBX4,0.54392356
COPS4,0.5439095
COL6A2,0.5438942
DOLK,0.54388523
CDH23,0.5438748
PAF1,0.5438688
CRMP1,0.54384995
CABYR,0.5438284
AHCY,0.5437781
AP2M1,0.5437545
CIR1,0.54374135
DCUN1D3,0.5437334
NFATC4,0.5436757
GBP4,0.54365486
LGI4,0.54362214
ARF5,0.543614
ATAD2,0.5435845
IMPA2,0.5435779
MRPS35,0.5435774
PARP12,0.5435602
SNAPC2,0.5435549
LMF1,0.5435385
HSF1,0.5435086
B3GALNT2,0.5435059
CKLF,0.5434915
CCNT1,0.54345995
ARHGEF3,0.54345274
LRP1,0.5434513
PEX10,0.5434506
CDH24,0.54343265
FUT1,0.5434224
CDK7,0.543415
CAMKK1,0.54341394
PDE1B,0.5434096
SLC2A8,0.54338783
DDX19A,0.5433728
CLK4,0.5433713
CKS2,0.5433525
BAG4,0.5433065
RPL7,0.5433009
BACE2,0.5432982
DECR1,0.54329324
BAZ1B,0.54329187
AURKAIP1,0.54328614
F8,0.5432691
TIMP3,0.5432229
RAB3IP,0.5431989
CCDC97,0.5431844
CHAF1B,0.5431835
IL7,0.543177
CLPP,0.54316556
C1GALT1,0.5431591
STAC3,0.5431509
DNAH17,0.543145
CAT,0.5431439
LYZ,0.54314077
NUF2,0.5431267
CDC7,0.54308873
COMMD6,0.54308295
LAT,0.543082
DERL2,0.54307866
FBLN5,0.54307556
GRK4,0.5430732
CCS,0.5430556
PEX1,0.54303616
MEGF8,0.5430359
CDKN2AIPNL,0.5430083
TAF9B,0.5430034
DYNC1I2,0.54298896
BCCIP,0.54298365
CREB5,0.5429822
BATF,0.5429741
BRF1,0.5429605
ARHGAP17,0.54292506
B3GNT2,0.5429211
POLR2K,0.5429211
PARP14,0.54290324
NDUFV3,0.5428883
ARF1,0.54288554
BCAP31,0.54288447
CCR7,0.54287905
EAPP,0.5428713
DCAF17,0.5428712
CDCA2,0.5428586
GDPD1,0.5428431
GORASP2,0.54283816
EID3,0.54283166
MEPCE,0.5427904
PDK3,0.54278123
MRPS30,0.54278
ARPC5,0.54276085
TCTN2,0.5427595
DPH3,0.5427387
GCSH,0.54273146
ITPKB,0.54273
HSPB8,0.542727
CD2BP2,0.5427136
DNASE2,0.54270685
BOP1,0.5427045
CDR2L,0.5426792
HDAC3,0.5426769
GPR183,0.5426479
CALCOCO2,0.5426433
ITGAX,0.54263747
COG2,0.54263693
CDK9,0.54262817
FBXO4,0.5426277
KHK,0.542621
ATP2B4,0.5426195
CCNH,0.5426037
CHMP5,0.54260314
EDNRA,0.54260147
DLC1,0.5425976
RCAN2,0.5425893
NGFR,0.5425693
ZNF69,0.542562
CTH,0.5425452
GPX3,0.5425441
GRIN2D,0.54254293
CNTRL,0.5425404
ARHGDIB,0.542538
TNFSF10,0.54252714
CTNS,0.54252243
MRPL20,0.54251075
CDC40,0.5425096
LRG1,0.5424911
CBR1,0.54247326
ARF4,0.5424659
ANP32E,0.5424642
ERMAP,0.5424463
ZNF614,0.54242456
CHML,0.54242283
MTMR14,0.5424172
CUL9,0.54238623
PEX7,0.54238284
HYLS1,0.5423496
ZNF543,0.542334
ATF4,0.54233253
BCAR1,0.5423199
HFE,0.5423124
PRPF4,0.5423029
GTF2F2,0.54229075
PLXND1,0.5422723
BABAM1,0.54226655
CPT1C,0.5422605
CSTF2,0.54226017
PDK2,0.5422527
DYSF,0.54223084
BTAF1,0.5422202
DUSP6,0.5422137
HLA-DRB5,0.54219306
LMCD1,0.542189
TOR1B,0.54218584
CENPN,0.542185
CDIPT,0.5421441
SLC30A1,0.5421414
HES1,0.5421225
DUSP1,0.5421043
RAB25,0.5420982
KCNJ15,0.54209197
PANX1,0.54208654
LPIN1,0.5420465
FUNDC1,0.54199827
BTRC,0.54196084
CDC34,0.5419604
DDX28,0.5419587
PNPLA6,0.54194677
RNASE1,0.5419225
LCAT,0.5418897
CNNM4,0.54187894
MAPRE2,0.5418383
NT5C3B,0.54183364
ARPP19,0.5418318
ARHGDIA,0.54182607
CDK11B,0.5418246
BFAR,0.54181653
CD58,0.54180914
ZNF846,0.5418049
CNOT7,0.5417971
GINS3,0.54177946
MAP1A,0.5417694
ZNF530,0.5417654
LY96,0.541764
KBTBD8,0.5417282
CCNF,0.54171574
AP2B1,0.5417122
BTBD2,0.54169494
INVS,0.54169494
BRWD3,0.5416756
IL17RA,0.54167336
NAA10,0.5416578
CIB2,0.54164106
CKAP2L,0.5416384
MBTPS1,0.5416352
NOP16,0.54162395
DFFB,0.5416213
CNIH3,0.54160136
ZNF641,0.54159594
CWC22,0.54156446
F12,0.54155463
COASY,0.5415495
FKBPL,0.541547
BMF,0.54154193
POLR3G,0.54152626
HSBP1,0.54151624
CABLES1,0.54151016
DONSON,0.5415095
CHMP6,0.54150224
EXOSC8,0.5414926
CMTR1,0.5414837
COG8,0.5414816
ATF7IP,0.5414716
CD300A,0.5414702
C3orf38,0.5414668
TM6SF1,0.541462
CHFR,0.5414596
OAT,0.541451
COMMD2,0.54144555
CHST15,0.5414265
POMGNT2,0.54142535
CKAP2,0.5414147
IRF6,0.5414031
BRD8,0.541396
DNAJA4,0.541393
PSD,0.5413718
ATXN7L1,0.54137146
KPNA1,0.54135615
SULF1,0.541342
HDAC11,0.54132724
NDUFA4L2,0.5412972
GLS2,0.54128486
COG6,0.5412816
CELF1,0.5412805
NT5C3A,0.541271
LRRC4B,0.5412641
GEMIN2,0.5412596
CD40,0.5412548
HARBI1,0.5412536
LHX6,0.5412172
ITGB5,0.5412147
DIS3L,0.5412039
DMAP1,0.54119736
COX7B,0.54117405
BUB1,0.5411629
FCGRT,0.54115164
CDK16,0.5411448
C2CD5,0.5411405
MSRB3,0.541137
DENND1A,0.5410998
CENPH,0.54109305
DOCK8,0.54109204
LATS2,0.5410844
LDHD,0.5410816
KIAA1549L,0.5410795
PHF1,0.5410702
SERPINB8,0.54106987
DNAJB11,0.5410554
CCR1,0.5410402
CDCA8,0.54102004
CADM1,0.54101104
DHRS11,0.54100335
BRD2,0.5410023
TRIM68,0.5409787
CLCN7,0.5409781
WNT9A,0.54093605
CMAS,0.54093575
COIL,0.5409353
LRRC8E,0.5409339
ERCC6L,0.5409263
RDH5,0.54086083
TPRN,0.5408553
FJX1,0.5408403
MRPL48,0.5408282
IRF3,0.5408279
LGALS3BP,0.5408226
CLCN6,0.54082197
FPGT,0.5408167
ARIH1,0.5408095
CTSA,0.54079
ANO10,0.54078805
PI4K2A,0.54074097
NOL7,0.5407347
CAMK4,0.5407267
PGM2L1,0.54071337
NUAK1,0.54071045
HSPH1,0.54070663
CLHC1,0.54070514
TLR4,0.54070383
CDCA7,0.5406874
WDR31,0.5406736
HAAO,0.5406696
CHN2,0.5406675
CEP290,0.5406481
DMWD,0.5406476
HOMER1,0.54064685
SNX18,0.54063314
COL5A2,0.5406304
NXF1,0.5406294
BCL2L11,0.5406249
MSR1,0.5406207
DNAAF2,0.5406185
PITRM1,0.5406137
DACT1,0.54060787
ARIH2,0.5405955
LRFN1,0.54055387
ETF1,0.5405516
ARID4B,0.5405479
RASL10A,0.54050803
GTF3C5,0.5404899
FHL1,0.5404891
ATP1B3,0.54048866
OPRL1,0.5404882
CAD,0.5404765
COPS7A,0.5404721
DUSP7,0.5404413
KDM8,0.5404407
FHOD1,0.54044044
EME1,0.54043496
BZW1,0.5404302
GUK1,0.54042035
ORC6,0.5404191
CD83,0.54041904
ARHGAP21,0.54040784
CRLS1,0.5404041
LONP2,0.5403944
MAD2L2,0.54039055
EIF2S3,0.5403846
NOL6,0.54038316
DCAF4,0.54037464
KMT2B,0.5403744
SLC22A4,0.54036623
NPM3,0.5403654
KIF23,0.54035944
COG3,0.54035693
DCAF10,0.54035306
DPH1,0.54034877
CSTF2T,0.5403437
NCKAP1L,0.54033566
PICK1,0.54033536
DGAT1,0.5403198
GADD45A,0.5403189
MAD2L1,0.5402943
BMPR2,0.54026
CDK2,0.5402502
ATP11A,0.5402419
NR4A1,0.5402338
HOXD3,0.54022664
CDC42EP4,0.5402192
HOXB3,0.5402071
MPDU1,0.54019815
EPB41L2,0.5401939
ATXN2L,0.5401768
EPHA4,0.5401718
DDX51,0.5401679
CAPN2,0.5401498
BDP1,0.5401072
DPM1,0.5401023
AZIN1,0.5400496
CREG1,0.54004806
EAF1,0.5400288
CCDC12,0.54002535
CBX2,0.5400208
LYPLA1,0.53999954
FRZB,0.539991
ZNF439,0.53998953
CCNA2,0.53998905
CPD,0.53998494
MYLIP,0.5399446
ARPC2,0.53991985
CYTH2,0.53991705
SLIT3,0.539913
CDCP1,0.5399038
MPP2,0.53989995
CAP2,0.53988206
LIPT1,0.5398738
BCAS3,0.5398713
FLNC,0.5398705
COX11,0.5398472
FZD5,0.53982437
DENND2C,0.5398042
ATG10,0.5397985
EHHADH,0.5397956
DNAJB9,0.5397956
PYGM,0.5397944
PHKG2,0.53978276
GPX7,0.5397807
FKBP1A,0.53976834
CRTC2,0.5397606
MGAT4B,0.5397582
ZKSCAN7,0.53974247
CNIH1,0.53971344
CNOT11,0.53971225
CAPZA2,0.53968674
CD99L2,0.539685
ENPP1,0.5396708
CHMP3,0.5396302
C1QBP,0.5395967
CELSR1,0.53958416
EMC3,0.5395665
E4F1,0.5395586
ARHGEF12,0.53955364
CEPT1,0.53955054
COPS2,0.53954774
COG7,0.539544
LOXL2,0.5395427
SLC27A2,0.53954166
EXOC8,0.5395181
EOGT,0.53951776
GLYCTK,0.5395175
KCNIP4,0.53950334
DDA1,0.5395015
CENPI,0.53949827
MFSD12,0.53949386
DLG1,0.5394923
CPNE3,0.53948504
SPATA2L,0.5394737
PAFAH2,0.53947306
SURF2,0.5394684
EVPL,0.5394597
CDCA5,0.53945285
FAM13B,0.5394457
IER3,0.53944397
GART,0.5394358
PDLIM4,0.5394122
FBXO27,0.5394055
CCDC88C,0.5393937
CYP2S1,0.5393932
LILRB3,0.53939134
BMS1,0.53938997
PPP1R13B,0.53938407
ATP2B1,0.53938246
BRD1,0.53937644
CPSF3,0.5393695
FDXR,0.53936905
CARS2,0.53934467
DHRS3,0.5393267
FRK,0.5393191
DCLRE1C,0.5393003
GALNT3,0.5392995
COPS8,0.5392991
CCM2,0.53929466
DRG2,0.5392932
GORAB,0.5392867
BRK1,0.5392842
SLC22A17,0.5392747
NEO1,0.5392721
FBXO45,0.5392598
LFNG,0.53923804
DMPK,0.53920203
PTGER2,0.53918815
NCF4,0.5391881
MYLK,0.5391866
CENPT,0.5391822
NDRG3,0.539155
BIRC6,0.5391392
MAFG,0.5391389
DAPK2,0.53913796
DSC2,0.53913254
EIF4EBP2,0.5391315
ARPC4,0.5391304
CHID1,0.539121
CDS2,0.5391082
CCNL2,0.5391065
MRPS11,0.5391001
NOB1,0.53909117
RAB20,0.5390716
CREBRF,0.53905183
MSL3,0.53904915
STX1A,0.53904694
DHPS,0.53904384
ETFDH,0.53903455
DBR1,0.5390189
ITGA9,0.5389928
LAMA3,0.5389886
CDK5RAP3,0.5389666
CDT1,0.53896487
MIF4GD,0.5389469
CDCA3,0.5389351
HIPK3,0.53893393
CNOT6L,0.5389152
FBXO25,0.5389056
IDUA,0.5388962
POGLUT1,0.53888667
ZNF416,0.53887177
HUS1,0.5388707
RNASEL,0.5388654
SPICE1,0.53884864
TRIM45,0.5388262
NR1H2,0.53882074
ERI2,0.5388202
BBS9,0.53881854
PKP3,0.5388182
EIF2B4,0.5388179
HSD17B1,0.5388078
KIDINS220,0.53877574
PSME2,0.538775
KCNJ2,0.5387735
MRPL44,0.53875923
CEP120,0.5387564
MOGS,0.538747
DSEL,0.5387409
LRRC47,0.5387343
ITGBL1,0.53872323
DPH2,0.5387175
PLIN2,0.5387142
ZFP69B,0.53871286
ZNF470,0.5387035
DCXR,0.5386959
SECTM1,0.5386806
MYO6,0.5386625
CAMKK2,0.53865904
GIMAP4,0.53864
JMJD4,0.5386392
CARM1,0.5386356
CHPF2,0.5386354
COX18,0.5386352
NUDT16,0.5386161
ALDOA,0.53859
CLK1,0.53858197
CEP55,0.53855103
CSTB,0.5385292
BUB3,0.53852904
CERS5,0.538492
GEMIN6,0.5384856
DTX3L,0.538484
CD52,0.5384834
COG4,0.5384762
CD63,0.5384711
EGR3,0.53845555
CHMP2A,0.5384164
ECD,0.5383836
DUT,0.5383647
DYRK2,0.5383569
PIGC,0.53832823
MFSD2A,0.5383227
IPPK,0.53832173
IRS1,0.5382977
ZNF506,0.5382814
HERC5,0.53828025
EMC4,0.5382783
RUNDC3A,0.53827196
CBX3,0.53824854
DOCK6,0.53823966
HLX,0.53823006
PIGW,0.5382299
CHMP2B,0.5382257
CDR2,0.53821176
MYLK4,0.5382088
DHRS4,0.53820664
LEMD2,0.53820467
CXADR,0.5381764
KCNC3,0.5381745
ERLEC1,0.53814054
CLPX,0.5381219
CD9,0.5381105
CHMP1B,0.5381009
TBC1D25,0.538093
GNAI1,0.5380834
MAN2B2,0.5380749
E2F2,0.5380664
CENPO,0.5380605
BCAT1,0.53805083
CDKL5,0.53804046
NFYB,0.53803825
CIAO1,0.5380168
GALE,0.53800046
SHF,0.5380001
CALM1,0.5379928
CENPJ,0.53798556
CDC25B,0.5379809
CD53,0.5379757
NR2C1,0.53795916
CHAF1A,0.53794104
ITGB4,0.5379274
ATXN1,0.53791916
ENC1,0.53789824
CEP164,0.53785145
NANP,0.5378451
CXXC1,0.5378437
CDC20,0.5378334
BAZ2A,0.53782284
ERN1,0.5378074
NECAP2,0.53779817
GTPBP1,0.53777784
COX20,0.5377731
NMB,0.5377594
GALM,0.5377592
GPR160,0.53774536
EVC2,0.5377376
PDCL,0.5377062
EIF3B,0.53770375
BAG6,0.537696
PHACTR1,0.5376948
KIF9,0.5376454
MTRF1L,0.53764313
CTDP1,0.53762823
DHX16,0.53762317
PCDHB10,0.5376092
HDAC5,0.5375944
LRP2BP,0.53757954
LAMA2,0.53756785
SLC30A4,0.5375655
ZKSCAN4,0.53756547
CCDC93,0.5375427
FBXW8,0.5375401
NUBP1,0.5375312
FCHO1,0.53752327
KBTBD6,0.5375091
DTX3,0.5375013
OMA1,0.5374919
GHDC,0.53748506
SHB,0.5374733
PLB1,0.5374578
CWC15,0.53744787
NLRP3,0.5374359
DDX52,0.53737426
MIS18A,0.5373647
CHP1,0.53736246
LIF,0.5373592
CSTF1,0.53735894
ZNF350,0.5373456
HENMT1,0.53732383
DIDO1,0.5373182
FZD3,0.5373176
THAP1,0.53729993
ZKSCAN3,0.5372956
PRPF31,0.5372752
TLR7,0.53726614
TGFB3,0.53726363
POU2F2,0.53725564
FARSB,0.5372151
CNOT8,0.5372088
PCDHGA6,0.5371994
F3,0.53719354
COL18A1,0.5371877
FKRP,0.53713036
DCAF13,0.5371283
PRPF18,0.5371231
GGPS1,0.53712
DPY30,0.5371169
TMEM17,0.5371167
COX6A1,0.537108
MRPS31,0.53708524
ATP2A2,0.53708476
CYFIP2,0.53707874
BRWD1,0.53707135
NOD1,0.5370652
CENPM,0.5370484
CLSPN,0.53704715
HJURP,0.53704077
CERK,0.53703684
APP,0.537019
ISG20L2,0.53701484
ZNF383,0.5370136
CAB39,0.5370076
GKAP1,0.5370033
MCRS1,0.53699636
PTPN22,0.5369958
FUBP3,0.53697485
KREMEN1,0.53697395
DDX11,0.5369572
DHODH,0.5369319
FBXL14,0.53693116
GALNT12,0.5369271
KATNAL1,0.5369234
CAPN15,0.536923
CLOCK,0.5369228
HLA-DMA,0.5368958
ARID5B,0.53689516
HSD11B2,0.5368916
EIF1B,0.53688747
NEMF,0.53687614
FBXL12,0.5368743
DOCK2,0.5368627
KCTD6,0.53685945
MTMR1,0.53685814
FBF1,0.5368404
GSTM3,0.53683877
CAPN1,0.5368353
MLH3,0.5368316
FNTB,0.5368315
CPT2,0.5367717
ENTPD6,0.5367663
ASH1L,0.53675973
CDK19,0.5367409
MANF,0.5367354
KCNJ14,0.53673446
DPP7,0.5367285
FBXW9,0.536679
TGM2,0.5366651
COL4A1,0.53666043
IBA57,0.5366372
ING3,0.536637
DDX39A,0.5366137
MOCS3,0.5366116
ENGASE,0.53660667
CLDN12,0.5365947
NRCAM,0.5365944
MGAT4A,0.53658503
GBP1,0.53656805
NEB,0.53656644
SYCE2,0.5365582
MYO1F,0.53655005
HMBS,0.53654563
NHEJ1,0.53653514
EBAG9,0.53651845
EFNA1,0.53651345
CD47,0.5365073
JDP2,0.53650373
CEBPZ,0.5365001
ESYT2,0.53649294
SEMA5A,0.53648895
ARHGAP29,0.5364718
DUS1L,0.5364448
PPID,0.53643835
EIF2B2,0.5364353
DCAF15,0.5364299
NRBF2,0.53642964
ETNK2,0.5364158
ITGA2B,0.5364094
CPOX,0.5364092
CCNT2,0.53638864
CRYZ,0.5363666
EIF1,0.5363662
MZT1,0.53635603
GRAP2,0.536301
CNNM3,0.53628826
DISC1,0.53628135
COPE,0.5362798
RAB32,0.53627956
FGD2,0.5362777
RECK,0.5362643
DEPDC5,0.53625625
EDEM3,0.53625596
METTL3,0.5362463
ESF1,0.5362399
HSD11B1L,0.53623927
GCH1,0.536237
ATRX,0.5362321
GLA,0.53622997
CHERP,0.5362263
EYA2,0.5362236
MMADHC,0.5362215
CERS4,0.53622
CRADD,0.536211
MYBL1,0.5362079
PTPRO,0.53620005
GK,0.53619665
EPB41L4B,0.536184
CYB5R4,0.53615505
KLHL12,0.53615
ZNF549,0.53614825
SYP,0.53614676
PDP1,0.53612345
USP43,0.5361039
ETHE1,0.5360935
INPP1,0.5360794
KRT17,0.5360486
THBS2,0.53603536
CMTM6,0.53603417
CLIP2,0.5360311
EBP,0.53602695
PTPN21,0.5360233
CORO1B,0.53600335
RAB40B,0.5359805
FAM111A,0.5359783
IFIT1,0.5359673
MLX,0.5359561
CPT1A,0.53593636
FMO4,0.53590924
EBNA1BP2,0.53588253
CD48,0.53587115
ING2,0.5358548
IGBP1,0.5358462
MED25,0.5358364
PHKG1,0.53582066
RBM45,0.5358036
RGS19,0.53580165
JAM2,0.53580105
HPSE,0.5358001
COL7A1,0.5358
NLRX1,0.5357992
DDX19B,0.53578585
DCP1B,0.53578526
LMAN2L,0.53577787
BICD1,0.5357754
HCAR2,0.53575397
MRPL38,0.53574944
PCYT1A,0.53574944
DDX27,0.5357458
PAFAH1B3,0.53574276
NDUFAF4,0.53573716
DAAM1,0.5357347
CALM2,0.53573364
DDX56,0.53571635
DCAF12,0.5357136
NR5A2,0.5356907
CLEC2D,0.53568566
GNAO1,0.53566843
DHX8,0.53566355
DOK1,0.5356628
HOOK2,0.53566134
LRFN3,0.535659
TNFRSF10C,0.53565747
NUDT14,0.5356419
GPAM,0.5356317
LNPEP,0.5356245
DHX35,0.53561074
HGS,0.53561056
IFT57,0.5356031
PRKAR2B,0.5355938
NME7,0.5355824
DPH6,0.53556055
GABPA,0.5355593
RBMX2,0.53552294
JAG1,0.5355202
KCNMB3,0.5355191
PDZD11,0.535518
FAM160A2,0.53550607
CEP350,0.5354873
COQ5,0.53548104
IFT80,0.53547186
PLEKHA3,0.53547174
LYPD3,0.53546906
DDX50,0.5354611
RORC,0.5354596
CAND1,0.53541374
HAGH,0.53539646
KCND1,0.5353777
IL2RA,0.5353737
COL27A1,0.5353708
CHN1,0.5353677
CDC37,0.53536284
IFIT5,0.5353559
GALNT6,0.5353036
DENR,0.5352834
CPEB2,0.53527576
CTNNBIP1,0.53525287
KCNIP2,0.5352501
FMN1,0.53524095
PTGER4,0.53523725
EGR2,0.53522176
PPFIA4,0.53521675
DYNC1H1,0.5352083
IL2RB,0.53520525
DTX4,0.5351971
METTL14,0.5351968
FNIP2,0.5351873
DGKD,0.53516215
CWF19L2,0.5351553
MED11,0.5351449
SYDE1,0.53514314
HAUS3,0.5351402
DLG4,0.53513473
COX10,0.53513163
DOCK11,0.53513014
GBP2,0.5351261
EME2,0.5351191
CALD1,0.53511703
CCAR1,0.5351169
LRRK2,0.53511435
MATK,0.53511167
GALC,0.5350893
CLK3,0.53506416
RAB3IL1,0.5350374
MFAP1,0.5350365
CAMK2D,0.5350348
CDK17,0.5350234
DHX38,0.535007
GALNT18,0.5350052
CMPK1,0.5350012
TXK,0.5349926
NSUN6,0.53498584
IL11RA,0.53498006
NEU1,0.5349763
CD2AP,0.53496695
EFNA4,0.534959
ITGA7,0.5349418
LAMB3,0.5349337
KRT5,0.53492695
FEZ1,0.53491735
MKNK1,0.53491485
ITFG2,0.5349059
COPG1,0.5348896
GLB1,0.53488123
OCLN,0.53487813
ITGAL,0.5348614
IL17RC,0.5348515
CTR9,0.5348426
NANS,0.53480244
KCNMA1,0.53479594
MOCS1,0.53478545
CERS2,0.5347854
KRBA1,0.53477097
STAT4,0.53476375
GCFC2,0.5347623
FABP5,0.5347568
PAN2,0.53473943
CAST,0.5347314
LIN54,0.534717
CUL4B,0.5347169
PLXNB3,0.534713
NAPEPLD,0.5347099
NDUFB1,0.534704
DGKA,0.5346774
MARK4,0.5346692
DCTPP1,0.5346677
HSPA1B,0.5346654
CNPY3,0.5346604
KIF18A,0.534651
POLE2,0.5346473
SYT11,0.53462684
NRN1,0.5346265
GSPT2,0.5346255
DAPK3,0.53461546
MRPL2,0.5346144
EPB41L5,0.53460985
FADD,0.5346067
DDIT4,0.53459185
ZNF684,0.5345814
ATXN2,0.53457505
RNF144A,0.5345486
RP2,0.5345337
LAMC3,0.53451574
NEK2,0.5345081
GNL3,0.53449434
NUDT19,0.53449273
GRHL1,0.53449136
CUL5,0.53446984
KCTD15,0.5344551
WNT2B,0.53441775
SCNN1D,0.534415
HSPA1L,0.5343774
MAPK7,0.5343659
SMPD2,0.5343541
RHOJ,0.53433764
B4GALT1,0.5343365
BSG,0.53433585
DMD,0.5343343
SERPINF2,0.5343333
GBA,0.53432775
PPARA,0.53431374
RABEP2,0.534313
PCDHB15,0.5343121
TTC26,0.53430533
TLR3,0.5343024
CEP57,0.53429425
CSAD,0.5342784
SLC44A4,0.53425676
FERMT2,0.5342309
NIPSNAP3A,0.53422797
PLD6,0.53422356
SLC39A4,0.53420234
N6AMT1,0.5341956
MAP2K3,0.53414917
SCN1B,0.53413963
LMTK2,0.5341244
DGKZ,0.53412247
PCGF1,0.53411275
CBFA2T2,0.53410524
GATC,0.534089
CIAPIN1,0.53408206
PGAP3,0.5340716
RPL36A,0.534057
GALK1,0.534001
CAPNS1,0.5339946
CLDN4,0.5339899
LIG3,0.5339797
SWSAP1,0.53397375
E2F4,0.5339359
OXTR,0.53393316
BRD9,0.53391117
STK11IP,0.53390974
MAPK3,0.53390586
ASAP1,0.5338997
TTC12,0.5338981
FBXO17,0.53389776
GIMAP8,0.5338947
DCP1A,0.53389275
MSX2,0.5338824
PORCN,0.53386563
MAN1A1,0.5338627
PEX11B,0.5338581
DNAJB14,0.5338442
CHCHD6,0.53382504
CNOT6,0.5338226
PLCD1,0.5338101
EARS2,0.5338034
FBXO8,0.5338005
CPSF2,0.53377753
ATXN10,0.5337539
DLAT,0.53375137
JOSD2,0.53373003
DDX18,0.53371847
DOCK7,0.533712
NAGLU,0.53369874
PLOD3,0.53369164
PCDHB3,0.53368205
FGD1,0.53366756
DNAJB12,0.5336647
TLR6,0.53365004
MANEA,0.53364927
TNFSF12,0.533637
MRPS18A,0.5336352
ZNF354C,0.5336327
PDXP,0.53362757
ASPH,0.53360766
OASL,0.5335986
MICAL2,0.5335751
GNAI3,0.53355783
KTI12,0.5335553
CHM,0.5335515
HECA,0.5335444
SYTL2,0.53354317
COBLL1,0.5335427
GPKOW,0.5335423
DAPK1,0.5335394
NPL,0.53352654
CYBA,0.53352606
LIMS2,0.5335132
EXOSC5,0.53350466
NUDT9,0.5334945
CCT6A,0.5334734
DDX41,0.5334561
OPLAH,0.5334334
NFKB1,0.53341556
MTMR9,0.53341556
RASD2,0.53341424
HSD17B8,0.5334138
COPB2,0.5333969
IPP,0.5333675
PIWIL4,0.5333674
CSGALNACT2,0.53336143
ZNF71,0.5333549
FAM131B,0.5333531
EPC2,0.5333522
RNF152,0.53332895
DBNL,0.53332835
MYL5,0.5333243
GUCY1A2,0.53331774
PTGIR,0.53331727
S1PR4,0.5333149
PTAFR,0.5333056
COL8A1,0.5333001
CASK,0.5332989
EPHA1,0.53329515
TRIM39,0.53327596
MZF1,0.5332753
MATN3,0.53325206
DNAJA2,0.5332432
E2F6,0.5332225
NMI,0.5332156
ERCC6,0.5332054
DERA,0.5331957
HCFC2,0.53319395
EMC7,0.5331843
IL17RB,0.5331816
GBF1,0.5331685
HSPA6,0.53314424
MANBA,0.53313357
ZNF528,0.5331168
GON4L,0.5330762
PIGP,0.53307545
FUZ,0.53306794
ITSN2,0.5330506
DCTN2,0.5330349
NOL8,0.53302896
SHC2,0.5330182
HNMT,0.5330081
CEP72,0.53300107
ELMO2,0.53298634
GCC2,0.5329859
ECI2,0.53298503
PAGR1,0.5329828
DCTN4,0.5329808
DERL1,0.53297997
GEMIN7,0.53295326
IFNGR1,0.5329522
GPX8,0.5329293
ZNF567,0.5329274
HMG20A,0.5329115
RAG1,0.5329097
GET4,0.5328984
EFNB3,0.5328942
PIP5KL1,0.53289145
MRPL50,0.532865
COQ4,0.53286487
CEP152,0.53285706
FBXO32,0.53284216
CMTM4,0.5328236
SLC35A1,0.5328175
PPP1R3D,0.5327925
CPEB4,0.53276265
LRSAM1,0.5327524
CSNK1G2,0.53274894
CUL2,0.53272736
KIF20A,0.53272223
CALU,0.532721
PEX3,0.5326925
COPS7B,0.5326911
DEPDC1B,0.5326897
GNG11,0.5326826
PTGS1,0.53265125
CDC27,0.53264445
PLK3,0.53263277
EMC9,0.5326114
GNE,0.53260946
RAD51C,0.5326061
LNX1,0.53260326
FZD8,0.532595
FAIM,0.53259087
LRP3,0.5325904
HBS1L,0.5325664
ICAM2,0.53251934
DVL1,0.5325187
DDX39B,0.5325078
CHSY1,0.5325055
TBC1D8B,0.53249896
HAVCR2,0.5324985
KDELR3,0.5324947
DGUOK,0.532494
DENND1B,0.53248996
PRRT2,0.5324667
ZNF836,0.5324585
COL4A6,0.5324235
BACH1,0.53241163
HIPK1,0.5323958
RASSF5,0.5323949
DENND4A,0.53238255
ZNF699,0.53238225
EXOSC6,0.53237313
FAM220A,0.5323681
CNDP2,0.5323249
ORMDL1,0.5323223
MRPS7,0.53231907
DPH7,0.53231794
IVD,0.5323048
ISY1,0.5323014
COX5A,0.53229433
METTL7A,0.53229135
NIP7,0.53228736
MVB12B,0.5322579
KIAA0513,0.5322393
PER2,0.53222424
MYO15A,0.53221756
KCNAB1,0.5322122
ELOVL6,0.5322082
PLAT,0.53220594
IMP3,0.5322018
DMXL2,0.53218484
ECSIT,0.53218436
IFT88,0.5321692
FRS3,0.532152
DAZAP2,0.5321388
DENND5B,0.53212374
ZNF555,0.5321017
DDX54,0.53210145
DNTTIP2,0.53207344
DNAL1,0.5320682
RNF125,0.532064
SH2D3A,0.5320579
DDHD1,0.5320464
MPG,0.53204143
CHCHD2,0.532026
DCP2,0.5319815
NFIL3,0.5319699
CPSF7,0.53196484
EMC8,0.5319347
IDE,0.5319182
DGKE,0.5319042
IL15RA,0.5318825
RASGEF1A,0.5318533
IRAK3,0.5318498
MAPK8IP3,0.53183305
PDE4C,0.53183174
DHX37,0.53182167
CKAP4,0.53181505
VAMP4,0.53181
FOXRED2,0.53180915
CYB5A,0.53180104
NRL,0.53179765
ZNF132,0.5317945
ELL2,0.531789
NOSIP,0.5317878
CPSF4,0.5317681
IFI16,0.53176326
CNOT10,0.5317443
MRPL9,0.5317299
GTF2E1,0.53172535
DIAPH1,0.53170484
NHLRC3,0.5317045
SYTL1,0.53170353
ZNF467,0.53168756
MIEF2,0.53168666
IL15,0.53166854
GPD1L,0.5316495
DCAF11,0.5316405
CLPB,0.53163797
CHCHD3,0.5316239
ROBO3,0.53161377
TNFSF13,0.53157055
LSG1,0.53156304
NOC4L,0.5315439
LAG3,0.53153574
PGM2,0.53153557
MAP9,0.53152627
KIF17,0.5315262
DVL3,0.53151196
ELMO1,0.5315071
DOK4,0.5315021
CHMP4B,0.5315014
DSN1,0.5314978
CAP1,0.53149176
NEU3,0.53147876
CDK13,0.5314765
MRPS24,0.53146255
MRPL21,0.53145784
PSMA2,0.5314425
NOL12,0.53143024
MOK,0.5314285
ZNF709,0.5314259
ZNF442,0.5313948
SDSL,0.5313887
MAP4K1,0.5313769
DHX32,0.5313729
DNAJC3,0.53136563
DHDDS,0.53135467
DUS2,0.53135383
OAS3,0.5313145
SRPX2,0.53131276
MPHOSPH6,0.5313097
VPS37D,0.5313023
GPN1,0.53127885
EP400,0.53126633
LPL,0.53122324
MYSM1,0.53121775
NLGN3,0.53119576
PEX12,0.53118914
KBTBD7,0.5311788
MFN1,0.53114706
CDC42BPA,0.53113866
F2R,0.5311339
HELQ,0.53111345
FUT4,0.5311104
PEX11A,0.5311057
PLCH2,0.5311002
DENND6A,0.53109473
CTSD,0.5310846
LIPE,0.53106534
HEXIM2,0.5310191
HLCS,0.53101593
RPP38,0.53101546
PLEKHG2,0.5310127
MGAT2,0.53101194
CENPE,0.53100383
LIN52,0.53100246
HHAT,0.5309825
DYNLT1,0.53097767
FAH,0.5309538
ZNF418,0.5309505
ITGA5,0.53094417
PALMD,0.53094107
LTB,0.53093827
PIGV,0.53092265
CPSF1,0.5309123
GMPPB,0.5309106
NT5E,0.5309049
CLINT1,0.5309028
CTSB,0.5309024
RENBP,0.5308868
ERGIC3,0.5308843
GTPBP4,0.53088367
MRPL1,0.5308823
BTF3,0.53086835
PDCD5,0.5308427
NPRL2,0.53083414
MMAA,0.5308314
HIVEP3,0.5308312
TMEM176A,0.5308236
HERC3,0.5308107
RSAD2,0.5308003
HSPA13,0.5307896
RASGRF2,0.5307544
MMP17,0.53071433
CD46,0.5307058
PPP2R3C,0.530699
FOXF1,0.53069013
GGT7,0.5306581
MICA,0.5306381
SARDH,0.5306277
PLK2,0.53062713
THSD1,0.5306269
CCT8,0.5306255
FAHD2A,0.53060806
MTMR4,0.53059113
COPS6,0.5305777
DYNC1LI1,0.53057563
DBF4,0.53055507
STX11,0.5305427
MON1A,0.53053606
DGKI,0.530505
PKIA,0.53049374
GSR,0.530459
CYFIP1,0.53045505
FBXL7,0.53043795
NTN1,0.5304234
GLUD1,0.53042245
DCTD,0.5304202
METTL21A,0.5304074
NAPB,0.5303951
IPO13,0.5303766
CTDSP1,0.53037196
NDC80,0.53036195
MRM1,0.53036094
USHBP1,0.5303569
TNFRSF25,0.53034395
DNAJC2,0.53033715
SGIP1,0.53033555
GRPEL2,0.5303308
PECR,0.53031874
DDRGK1,0.53031415
FUCA1,0.5303039
ITGB6,0.53030014
GPATCH1,0.53029865
PANX2,0.5302648
MRPS28,0.5302417
SLC18A2,0.5302349
EXOC1,0.53023267
SEMA6C,0.5302325
NDUFA6,0.53022987
CLASP2,0.5302253
LAT2,0.53022325
GATM,0.5302212
HOXA10,0.5301911
GPS1,0.5301675
ZNF600,0.5301613
CYCS,0.5301445
COMMD1,0.5301425
EPB41L3,0.53013253
NDUFA11,0.5301269
TNXB,0.5301225
ZNF17,0.53010637
LIMK1,0.5301063
PDGFD,0.53009814
CHD3,0.5300976
MRPL53,0.5300975
SLC40A1,0.5300663
PILRA,0.53004307
SPRY1,0.53003234
NAE1,0.5300284
SLC4A11,0.53001255
GTF2A2,0.5300069
IK,0.52998656
PIGM,0.52997375
IL10RB,0.5299632
WDR5B,0.52995706
FBXL3,0.5299205
TDRKH,0.52988315
NCEH1,0.52987653
TRPM2,0.52986455
DUSP4,0.5298601
CPE,0.5298352
ZNF626,0.5298349
RPP21,0.52981454
RGCC,0.529813
NOL3,0.5298044
CCNG1,0.52979374
GAPVD1,0.52974576
GALNS,0.52972764
PUS3,0.529724
HDAC10,0.5297216
HSD17B7,0.52971226
RND1,0.5297055
CD81,0.5296861
MRPS34,0.52968544
CCT2,0.5296797
LGALS9,0.52966774
PLXNC1,0.52966577
KLHL5,0.5296585
LAP3,0.52965534
NAMPT,0.52965313
FUCA2,0.5296329
LPIN3,0.5295947
PPP1R3B,0.52959025
FRMD6,0.5295653
RASGRP2,0.5295597
MECR,0.5295499
GIT2,0.5295491
NMT2,0.5295323
CYSTM1,0.529521
KIF3B,0.52952087
GMPR,0.5295004
GAS2L1,0.5294972
MGAT3,0.52946806
SHPK,0.529464
DBT,0.5294175
LIG1,0.5293939
NUB1,0.529361
EIF2AK3,0.5293457
PTPRN2,0.5293428
IMP4,0.52933586
CENPK,0.5293187
GAS8,0.5293159
RGS17,0.52930325
SMOX,0.5292976
KLHL11,0.52929604
FRS2,0.52929294
DNAJC15,0.52929103
INPP5D,0.5292591
F2RL1,0.5292588
CDK2AP1,0.5292568
CHTOP,0.5292427
CCDC91,0.52923644
ITM2B,0.5292305
ENOPH1,0.5292255
GSTM4,0.52920777
FDX1,0.5292049
NXT2,0.52920294
HOXB7,0.52919954
ZNF433,0.5291823
POLB,0.5291738
RPP40,0.5291472
SPTBN4,0.52912104
FNBP1L,0.5291055
TCEAL1,0.52909845
GNA15,0.52909416
HEATR1,0.5290907
RHPN2,0.52908313
SPAG4,0.52906924
MST1,0.52905387
SCIN,0.52905345
PAK6,0.52904373
IRF2BP2,0.52902406
DNAJA3,0.52899945
NDST2,0.52899903
PNPLA4,0.5289937
DNAJC9,0.5289858
KCNC4,0.52897316
ZNF415,0.5289225
CEP192,0.5289037
CTPS2,0.5288832
TRPV4,0.52887225
SYNE3,0.5288698
PBDC1,0.5288694
GMIP,0.52885354
FAM91A1,0.5288443
NT5C,0.528838
DUSP14,0.52883685
MAP3K6,0.528834
SMPDL3A,0.5288119
MPP1,0.5288096
MRPL47,0.5288045
KIF13B,0.52877146
DCPS,0.52875936
LPIN2,0.52875024
IDS,0.52872396
LAMA4,0.5287017
ZNF773,0.5286969
RILP,0.528693
RAB33B,0.5286875
PEX11G,0.52868414
NPDC1,0.5286496
CNOT4,0.5286406
NUFIP1,0.5286294
PKP1,0.5286286
NFYA,0.52862465
PARP3,0.5285899
HPS5,0.52858484
NFRKB,0.52855897
LRR1,0.52855617
S100A3,0.52852124
FGFRL1,0.5285209
SH2D2A,0.528499
COA1,0.5284403
IL17RD,0.52843857
CNOT1,0.5283784
NELFE,0.5283557
TTC30A,0.5283546
HSPA4L,0.52834517
PAQR5,0.52833515
CTSH,0.5283177
SLC25A20,0.52831054
GTPBP2,0.5283069
FZD7,0.528281
RMDN2,0.5282652
NR4A3,0.5282633
IFNAR1,0.52825826
BTBD3,0.52825236
MTMR6,0.52821183
IFNAR2,0.52821016
ZNF793,0.5282027
DOCK5,0.52818936
TEK,0.5281599
GYPC,0.5281364
FAM110A,0.52811724
SEC31B,0.5281149
RPGR,0.5281138
CHKA,0.5281113
HOXB2,0.52810764
ZNF221,0.5280966
DUSP16,0.52806896
CHD9,0.5280506
MLF1,0.528037
RAB3D,0.5280261
CSK,0.52801704
CTPS1,0.52795607
ENO3,0.52795523
ESRP2,0.52791816
DCAF16,0.52790666
KLHL3,0.5279033
MAN1C1,0.52790236
MTMR7,0.527893
PLEKHG6,0.5278879
CHORDC1,0.52788556
PAG1,0.5278589
ZNF546,0.52784663
CLTA,0.52782315
MED21,0.527818
IL4I1,0.5277932
LEMD3,0.52779025
ZNF461,0.52778864
KANSL2,0.5277871
MAP2K6,0.5277648
NID2,0.52775115
MRPL39,0.5277482
FOXK1,0.52773124
RELL2,0.52772576
ZNF764,0.5277161
NDUFAF3,0.5277137
MAPK11,0.5276958
LZTFL1,0.5276929
KCNN3,0.5276829
KIF27,0.5276793
ST8SIA1,0.527679
RTN4R,0.5276713
CNNM2,0.5276587
PRX,0.5276536
MASTL,0.5276438
LTBP3,0.5276354
SEMA5B,0.5276321
ZNF443,0.5275946
GCC1,0.52759355
ORAI3,0.5275895
REEP2,0.52758545
CDC42,0.5275844
FYTTD1,0.527583
CSNK1G1,0.527563
MRPL17,0.52755475
PYGO1,0.52754855
RFXAP,0.5275472
DNAJC10,0.5275415
U2AF1L4,0.52753305
FBLIM1,0.5275273
GSTA4,0.5275229
DOCK10,0.52751327
DCAF5,0.5275107
ICAM1,0.52751034
MAP1S,0.52750945
MARS2,0.5275057
HIP1R,0.52750236
CTIF,0.52749926
KHDRBS3,0.52749795
GTF2H4,0.5274951
SFN,0.52749455
GAN,0.5274921
CTNNBL1,0.52748215
GYG1,0.5274773
LOXL3,0.52746826
KLHL20,0.52746516
RPF1,0.5274346
NDUFAF5,0.52742803
MYO7A,0.5274152
HARS2,0.5274056
DVL2,0.5273911
SDHAF1,0.52737653
FECH,0.5273672
F11R,0.5273598
ZNF429,0.52730155
C11orf49,0.52726364
DEPDC1,0.52726287
IFT74,0.52724516
POMK,0.5272447
ZNF790,0.5272255
FANCL,0.52721274
CNN2,0.5272092
CAPZA1,0.52720803
GEMIN5,0.5271599
LPCAT3,0.5271446
DHX15,0.52712905
ICMT,0.5271279
PIGF,0.5271235
NPHP3,0.52712345
GTSE1,0.5271189
PEX13,0.5271127
MED16,0.52708226
PYCARD,0.52705866
DTNB,0.5270333
DDX1,0.52700454
NADK2,0.527
RGS2,0.52699035
EZH1,0.52695686
HIF1AN,0.5269284
LIG4,0.52690065
MRPS10,0.52689946
COPB1,0.5268956
PPFIBP2,0.52688974
FAN1,0.5268867
CIT,0.5268826
MCUR1,0.5268776
HOXA5,0.5268088
EIF4ENIF1,0.5268022
PIGA,0.52679706
PSMC3IP,0.52678686
DBI,0.52678233
PSTK,0.5267498
TMEM187,0.52673304
GNL2,0.52669865
LPCAT2,0.5266827
MTMR10,0.5266788
EHBP1,0.5266772
MSRB2,0.52667093
CHD1,0.5266665
IKZF4,0.52666605
PDLIM2,0.5266655
GLCE,0.5266497
SLC27A1,0.5266483
NAGA,0.5266366
DCAF6,0.52662414
FKBP2,0.52661306
RNF113A,0.5266033
LINGO1,0.5265996
GTF3C3,0.52659327
COX6B1,0.52659005
H6PD,0.52655435
MAGOHB,0.52655274
LRRC49,0.5265312
LMOD1,0.5265219
ITGA11,0.5265211
MAP3K9,0.52651626
HCK,0.5264836
HTRA2,0.5264736
PPT2,0.5264674
DHTKD1,0.52646565
ENG,0.52645767
MARVELD3,0.52643925
CTTNBP2NL,0.5264255
LCMT2,0.5264222
DDB1,0.5264189
NAF1,0.52641666
EXPH5,0.52639735
GPR161,0.52639604
ITGB1BP1,0.5263959
DPF2,0.5263726
CD55,0.5263634
DLGAP5,0.5263421
GABPB2,0.52633834
HOMER3,0.5263287
KCTD1,0.52632695
DDX31,0.526323
PLCD4,0.5263148
KIF3C,0.52629435
NAA20,0.5262894
SENP8,0.526272
DRG1,0.52625495
LAMB2,0.5262089
MAFF,0.5262051
SLC7A7,0.52620304
SCUBE2,0.5261966
DENND4B,0.52619076
CLSTN1,0.52618706
CACNA2D1,0.5261852
RINL,0.5261738
EEF1E1,0.5261645
FOXP4,0.52616215
NEIL2,0.5261541
RIN1,0.5261468
TRPC6,0.5261412
ING1,0.52612793
GMPPA,0.5261171
NFKBIL1,0.52611125
MTHFS,0.5261109
MLYCD,0.52608895
NR1D1,0.5260861
RAB42,0.5260836
PDCD7,0.52607983
MTX1,0.5260707
PRKAB1,0.52605975
GANC,0.5260536
MGST3,0.5260504
KIF21B,0.52604043
EXOC2,0.5260069
ZNF354A,0.5259695
CTDNEP1,0.5259652
NFKBIZ,0.525963
HYPK,0.52595675
BPTF,0.52595234
TBX19,0.52594966
RGS14,0.52591985
EMB,0.52590656
DKC1,0.5259035
GTPBP3,0.52588755
LATS1,0.52588004
DHCR24,0.5258749
FMNL1,0.52586514
DZIP1,0.5258623
KRBOX4,0.5258542
CFDP1,0.5258472
UBE2D4,0.5258271
PLD2,0.52577204
CS,0.5257476
IL18BP,0.52574646
NDUFS3,0.52574307
LRP4,0.52573687
CYB5R3,0.52571267
RAPGEF4,0.5257034
DENND4C,0.52569854
IRF8,0.52569836
ZNF2,0.525692
CHD7,0.52567166
PMM1,0.52563494
ISCA2,0.525627
GRAP,0.5256212
NDUFAF1,0.52561945
RAB4B,0.5255787
MT2A,0.52557033
FEZ2,0.525559
OIP5,0.5255437
DCUN1D4,0.5255423
EIF2B1,0.5255385
KPTN,0.5255233
CBX1,0.52550066
PRICKLE3,0.525486
MRPL27,0.5254813
NME3,0.52545494
SGK3,0.52543354
COX7A2L,0.5254263
FBXO5,0.5254243
FGF11,0.5254156
PPM1F,0.5254153
GPN3,0.5254145
MRPL54,0.5254065
ZNF774,0.52539355
PANK4,0.5253926
ZNF284,0.52538204
CPEB3,0.5253709
LRFN4,0.52536106
ETFB,0.52530414
NR4A2,0.5253041
EDC3,0.52529794
LRP12,0.52528596
MLKL,0.5252548
DCUN1D2,0.52524453
FIBP,0.5252221
EHMT2,0.525217
MRPL16,0.52521336
RABL2A,0.5251992
DFFA,0.5251981
IL10RA,0.5251938
FNDC5,0.52516437
HSCB,0.5251633
FIG4,0.5251392
IL21R,0.5251122
PNO1,0.5251022
ZNF256,0.52509516
GALNT7,0.52509016
IRAK4,0.5250384
MOSPD2,0.5250273
HEBP1,0.52502525
KIF5C,0.525014
OAS2,0.5250131
IL4R,0.52501166
CANX,0.52500767
PINK1,0.52499413
HLTF,0.52498424
LXN,0.52496624
GNPDA2,0.5249246
IFIH1,0.5249172
PBLD,0.5248989
MAPK8IP1,0.524891
MED17,0.5248684
RPL26L1,0.524856
DIABLO,0.5248508
EMC2,0.52484083
PAK1IP1,0.5248324
CCT4,0.5248282
IQSEC1,0.5248246
KIFC1,0.5248205
PLEKHG4,0.5248188
GABPB1,0.52481586
PCDH18,0.5248129
DNAJB6,0.52478683
FAM8A1,0.52478456
KPNA5,0.5247837
MRPL18,0.5247792
DCUN1D5,0.5247788
PARP9,0.5247774
EVC,0.52477664
DTNBP1,0.5247759
RASSF6,0.52475166
DNA2,0.5247454
DHX33,0.52472484
MLPH,0.5247221
NECAB3,0.52471966
SMPD1,0.5247143
HDAC7,0.52471256
ZNF577,0.52470833
NDRG2,0.5247062
NDUFA3,0.5247022
NOMO2,0.5246974
FXYD6,0.524693
MICU2,0.5246876
PNPLA7,0.52463794
ICAM3,0.52463263
GPANK1,0.5246226
RNF25,0.52462244
MPI,0.52461547
PAQR3,0.5246114
CAPZB,0.52459973
RIPK2,0.52457994
KIF26A,0.5245699
NR1D2,0.52456915
DNMBP,0.5245465
KIF7,0.524535
CDC42BPB,0.5245335
HOXA3,0.5245275
PTPN7,0.52451307
HOMER2,0.52450997
INO80B,0.5245098
NAIF1,0.52449805
HELB,0.52449673
MFAP2,0.5244948
NR2C2AP,0.5244902
LPCAT4,0.5244833
MRPS36,0.5244803
MCAT,0.5244664
IRF9,0.52446127
PTH1R,0.5244592
IFI35,0.52444136
IRAK2,0.5244329
RASGRP3,0.524424
CYC1,0.5244228
DCAF8,0.52440435
CLNS1A,0.5243737
MBD4,0.5243628
LDLRAP1,0.5243444
NDUFB8,0.5243396
INO80D,0.5243366
NDUFA8,0.5243269
LMBR1L,0.5243178
TGM1,0.5243167
OXSM,0.5243105
MRPL22,0.5243005
LAMC2,0.52428526
CDK5RAP2,0.52425796
MX2,0.5242572
GEMIN8,0.5242533
MAPK13,0.5242453
ITGA4,0.52423996
CERS6,0.5242282
RABGGTA,0.5242269
NTN4,0.52421635
PCSK6,0.52421135
PCYT2,0.5242026
HRH1,0.52419305
ITGA1,0.5241597
RAB38,0.5241554
IPO4,0.5241501
CENPF,0.52411896
SEMA4G,0.52408624
GPSM1,0.5240685
KLC4,0.52404785
PCYOX1L,0.5240474
ELP5,0.5240387
RETSAT,0.524034
DHX9,0.52402544
NEK8,0.52402437
COTL1,0.52401567
ESYT1,0.5239345
IGFBP6,0.5239282
GALNT11,0.52392185
PFKFB2,0.5239107
MUC3A,0.52390426
MRI1,0.52387583
FBXO2,0.5238566
DSG2,0.52383804
SEC11C,0.52379453
IL13RA1,0.5237882
PTCD1,0.52377415
ITPKC,0.52376807
MED19,0.5237597
GCA,0.5237263
MUL1,0.5237236
DHX36,0.5237088
RABIF,0.5236832
PCDH1,0.5236821
MYO5B,0.52366525
NKIRAS1,0.5236468
PDE12,0.5236368
NEIL1,0.5236252
POLR3F,0.5236173
PTN,0.52361214
LCP2,0.52359456
MRPL40,0.5235864
CLASP1,0.52357876
EHD2,0.5235764
CCT3,0.5235709
NSUN5,0.5235694
RBAK,0.5235611
TMOD2,0.5235308
HMMR,0.5235252
NSMCE1,0.5235248
NMRK1,0.52352196
RAPGEF5,0.5235085
GOSR1,0.5235057
NPC1,0.52347267
FBLN1,0.5234706
HELZ2,0.52346194
MOAP1,0.52345884
EIF5,0.52345794
PARVG,0.5234076
KIFAP3,0.5233925
HSD17B10,0.5233911
FANCB,0.52338994
OSTM1,0.5233798
GAA,0.5233648
HSPB11,0.5233636
MAT2B,0.5233475
DDX55,0.5233431
CORO1A,0.52333635
DNM1L,0.52333313
PCSK5,0.5233291
PLA2G15,0.5233205
MED6,0.5233195
IPO8,0.5233144
DLD,0.5232759
POMGNT1,0.5232693
HSF2,0.52326703
EXOSC1,0.52326405
PIPOX,0.52325845
EPS8L2,0.5232526
JMJD6,0.5232468
INPP5K,0.5232461
NDN,0.52323896
MRPS15,0.5232279
IL16,0.523216
HIRA,0.5231876
MRPS14,0.5231851
CXXC5,0.52318233
IWS1,0.5231709
METTL4,0.52316636
GLRX,0.5231626
DNAJC24,0.5231596
CCNY,0.52314806
NAA30,0.5231127
SEPSECS,0.523092
KALRN,0.52309084
INPP4B,0.52308106
IFIT3,0.5230761
KIF26B,0.5230722
IFNGR2,0.5230643
KAT2A,0.52306235
LSM11,0.523062
PAIP2B,0.52306116
OSGEPL1,0.5230598
MRPS22,0.52305627
ELF2,0.5230536
NDUFA12,0.5230529
MXD1,0.523037
GOLM1,0.52302986
PRICKLE2,0.52302533
IRF2BP1,0.52297854
SEMA4F,0.52296764
FAM98A,0.52292544
NCF2,0.52290505
MED20,0.52289265
GNPTAB,0.5228899
INTU,0.5228876
LEPROT,0.5228834
LTB4R,0.5228719
IFT46,0.522871
PSEN2,0.52286875
RABL2B,0.5228605
GTF3C4,0.52285314
MCCC1,0.5228521
RBBP9,0.52283573
MOCS2,0.5228317
KLHL25,0.52280986
PARS2,0.52277106
FANCI,0.5227621
MAP4K2,0.5227488
MPND,0.5227475
LYAR,0.52273625
KIF3A,0.5227293
NFASC,0.5227272
NSDHL,0.5227157
ERH,0.5227151
GRHPR,0.5227009
CMSS1,0.52269083
MEAF6,0.5226834
GFER,0.52268124
DDX23,0.522678
KATNA1,0.5226756
NMNAT2,0.52267313
INTS12,0.522636
CLIP1,0.52262694
FBXL4,0.5226259
CNOT2,0.5226111
NPR1,0.52260995
KCNQ1,0.52260846
PHF11,0.5225994
P2RY11,0.52257377
GDPD5,0.52257276
IDH3G,0.52257204
FGD4,0.5225597
MAGOH,0.52255255
CYTH1,0.52253586
KCNN4,0.52252877
KANK2,0.52252203
MTFMT,0.5225216
ECE1,0.52251834
IL6R,0.5225112
NGDN,0.52250767
MCM8,0.52250654
POLM,0.5224847
ESRRA,0.5224816
EFEMP1,0.52247185
NOC3L,0.52246296
KATNBL1,0.5224446
FAM120B,0.52242756
MRPL41,0.52241415
IFI44,0.5224093
LONRF1,0.52240074
LIPA,0.5223964
LZTS3,0.52239615
MED7,0.52238595
ORMDL2,0.52238274
PARD6B,0.52238256
NFKBIB,0.5223796
ZFP82,0.52236766
MED8,0.52235186
RHPN1,0.5223501
NDUFB6,0.5223471
CTDSPL,0.5223438
ITPA,0.5223422
PPP2R5B,0.5223414
HAUS2,0.5223159
EXOSC7,0.5222976
DCTN5,0.52229613
FBXO41,0.52228737
RFK,0.5222738
CKAP5,0.52227116
CCT5,0.5222682
EMD,0.52226573
RASAL3,0.5222514
GPR89A,0.5222327
NAT1,0.5222191
NDUFA9,0.5222177
MED23,0.5222033
HEXB,0.52220154
NFATC1,0.52219886
PDCL3,0.52219206
ITGA2,0.52217793
KIF15,0.52216655
PAPSS2,0.5221528
HIGD1A,0.5221503
IFT20,0.5221389
GSTM2,0.5221178
FBXL17,0.5221151
ING4,0.5221074
ERAL1,0.522092
MBTPS2,0.52208215
DLG5,0.522039
KLC2,0.52203834
PTS,0.52203536
PAQR8,0.5220277
KRT80,0.52201915
LY86,0.5220159
CRTAP,0.522013
PPFIA3,0.5219756
EIF2B3,0.52194613
MRPS17,0.52193856
LSAMP,0.52193373
MSX1,0.52193236
MED9,0.52192366
MRPL19,0.5219097
LPAR2,0.5219047
FANCM,0.52190197
MIB2,0.52189726
MAD2L1BP,0.5218873
KCNMB4,0.52187717
PJA1,0.5218734
GIPC1,0.5218714
CTDSP2,0.5218674
NAPG,0.5218639
DPH5,0.5218626
MR1,0.5218436
MINPP1,0.521842
PDE5A,0.5218311
EGLN3,0.5218218
KCNK5,0.52181834
NAGPA,0.52181184
FLII,0.5218089
DSTN,0.5217954
FAM98B,0.5217933
NME6,0.5217823
PREX2,0.5217808
MRGBP,0.52177924
MIS12,0.521777
LCMT1,0.5217753
OPTN,0.5217693
MAP1LC3B,0.52175957
ECHDC1,0.52175033
NUDT12,0.521748
MTIF3,0.52174723
ITGB7,0.52174044
IL1RAP,0.52172935
EEA1,0.5217164
CENPP,0.5217042
ITGAE,0.52168655
FLAD1,0.5216849
EIF4A3,0.5216677
FOSL2,0.5216667
GNB5,0.52166545
ZNF184,0.5216629
GUSB,0.52164924
MCM9,0.52164876
GID4,0.5216458
HLA-DOA,0.52164394
POLR3GL,0.52164245
MAN2A2,0.5216417
MPHOSPH8,0.5216316
INO80C,0.5216275
COL4A2,0.5216251
KRR1,0.5216018
MYCBP,0.52157485
GNL3L,0.5215738
GTF2H1,0.52157295
MED26,0.5215695
KLHDC2,0.52156395
MRPL55,0.5215637
COL12A1,0.5215614
HSPA14,0.52155656
FZD4,0.5215248
ERGIC2,0.5215082
HCCS,0.5214803
HMGXB4,0.5214762
HAUS1,0.52147573
HPS4,0.52147436
PIGO,0.5214602
GGCX,0.5214588
EPN2,0.521456
NDUFA5,0.52143806
IFT27,0.5214205
CHSY3,0.52141804
EEFSEC,0.52141404
GEMIN4,0.52139
EIF2B5,0.52138484
POLE4,0.52138025
HAUS4,0.52137935
FEM1A,0.5213761
FKBP3,0.5213688
LSM10,0.5213623
DNAJC5,0.5213315
ECH1,0.5213227
INIP,0.5213151
GTF2A1,0.5212999
CSNK1G3,0.52129954
HLA-DMB,0.52129406
FCF1,0.5212872
GDAP1,0.52127784
HAUS6,0.52127534
PARP2,0.521273
HMOX1,0.5212648
NAGK,0.5212593
RNF139,0.52125484
NSMAF,0.52124995
FKBP15,0.5212424
LARP7,0.5212419
NABP1,0.5212414
MAK16,0.52123946
CSGALNACT1,0.5212392
RAB37,0.52123433
FAF2,0.5212205
EXOSC9,0.5212005
CBX5,0.5211825
MAP3K10,0.5211797
NDOR1,0.52117866
CSNK1D,0.52117836
LSM7,0.5211554
MRPL35,0.5211467
MOB2,0.5211158
MON1B,0.5211123
POP5,0.52110577
PARD6G,0.5210959
PPOX,0.52108717
IMPA1,0.5210805
CLIC1,0.5210781
LTBR,0.5210675
GAK,0.5210599
COL4A5,0.5210575
RNF6,0.5210367
CYTH3,0.5210345
IGFBP7,0.52103055
HNRNPUL2,0.52100104
CPNE1,0.5209865
LRRC40,0.52098155
D2HGDH,0.5209642
KLHL22,0.52095014
L3HYPDH,0.5209305
RIN2,0.52092904
PTPRE,0.5209289
NID1,0.52092564
MTIF2,0.52092004
CCT7,0.5209178
INSIG1,0.5209132
MICALL1,0.52090466
CEP170,0.5209044
PDP2,0.5208719
PRNP,0.5208611
DBF4B,0.5208437
NSMCE4A,0.520839
GNG12,0.5208374
MAPRE3,0.5208225
HOXB4,0.52081984
FAT4,0.5208176
GOLGA2,0.5208143
CAPRIN1,0.52081174
COPA,0.52078766
IFNLR1,0.5207765
GID8,0.5207643
FBXO10,0.52074206
GOLGA1,0.5207357
GTF3C2,0.52073455
ERRFI1,0.52073187
CTBP1,0.5207289
SIGIRR,0.52071804
PHLDA3,0.52071726
NIT2,0.520711
LMBRD1,0.52069545
JMY,0.5206948
GRN,0.52068233
MTO1,0.5206719
CORO1C,0.5206487
NTM,0.5206443
KLHL42,0.520631
MRPS23,0.5206293
NFU1,0.520629
DLG3,0.52062035
LSM5,0.5206116
EXTL3,0.5206084
HTATSF1,0.5205925
CRABP2,0.52058995
LRWD1,0.5205884
DYNC1LI2,0.5205597
DLGAP4,0.5205124
GSTZ1,0.52051073
CPSF6,0.5204941
GLRX5,0.5204919
CLIC4,0.5204764
GGA1,0.5204629
GPN2,0.5204573
NUDT16L1,0.52041835
INPP5E,0.52041614
FBXL20,0.52041066
MVP,0.5204082
CYB5B,0.5204068
INPP5A,0.52039814
FLOT2,0.52039725
NTAN1,0.52037567
MCEE,0.5203679
KRIT1,0.5203587
GNS,0.5203578
CSTF3,0.52034926
HAUS8,0.5203492
GADD45B,0.5203445
CWC27,0.5203282
MED29,0.52032024
NINJ1,0.5203109
LIN9,0.52030176
LNX2,0.52029854
CDYL,0.5202899
MRPL33,0.52028614
GAB1,0.5202827
KCNG1,0.5202742
ELAC2,0.52027076
MSRA,0.52027065
IRF2BPL,0.520265
HEXA,0.5202571
HMG20B,0.5202564
GLE1,0.52025473
JAG2,0.52024454
GRPEL1,0.5202382
IPMK,0.52022284
MPHOSPH10,0.52021813
EIF2AK2,0.52021176
FBXO30,0.520211
FEM1B,0.5202025
DENND3,0.5201996
HAUS5,0.5201894
HEXIM1,0.5201813
EPN1,0.52018094
ELOVL1,0.520179
HACL1,0.5201779
MTM1,0.5201738
IFT172,0.5201691
FZR1,0.52016824
PCDHB5,0.5201483
LMF2,0.5201417
EXO1,0.52014095
GTF2B,0.5201369
CSNK1A1,0.5201298
GPC1,0.5201289
COG5,0.5201182
LGALS8,0.5201041
NR1H3,0.52010226
METTL22,0.5200886
IKBKG,0.52008593
NDUFS7,0.5200834
HS6ST1,0.52008027
INSR,0.52007645
MRPL46,0.520072
NFS1,0.52006555
FMNL3,0.52006507
ERCC8,0.5200547
NNMT,0.5200471
GNB2,0.52004504
MALSU1,0.5200297
GNPTG,0.5200271
MBIP,0.5200243
MBP,0.5200222
OAS1,0.51999104
DNM1,0.51997507
EXOSC2,0.5199678
EXOSC10,0.51996017
PCOLCE,0.5199595
LAMP2,0.5199448
MUS81,0.5199413
MKKS,0.51993364
MAP3K5,0.5199312
NCALD,0.51991415
LAMTOR3,0.5199067
KRTCAP2,0.51990396
FBXW2,0.51988864
HADH,0.51987034
HPRT1,0.5198667
LEPR,0.51986146
HECTD3,0.5198601
MMP15,0.51985925
SAP30,0.51984596
CSPP1,0.5198329
EIF2AK1,0.51983285
RAP1GAP,0.5198304
PLCB2,0.5198278
GGH,0.51982
GABBR1,0.5198193
EIF3M,0.51981014
CSNK1E,0.51979643
HNRNPLL,0.5197949
GK5,0.51977515
RARB,0.5197668
GBA2,0.5197609
CUL1,0.5197542
INTS9,0.5197482
FBXW4,0.51974523
KDM1B,0.519745
MPP7,0.5197211
CSE1L,0.5197178
FBXL2,0.51971704
EIF2A,0.51970303
ISG15,0.51970065
GSDMD,0.5196983
IL2RG,0.5196912
MBD6,0.51967955
HPDL,0.5196006
EXOC6,0.5195992
DUSP2,0.51958954
MYH14,0.5195846
KCNS3,0.5195813
MCM10,0.5195788
DDX42,0.519576
DSP,0.5195628
GPR153,0.5195598
KAT5,0.5195581
KRI1,0.5195459
OSGEP,0.51954263
DAB2IP,0.5195183
NEDD1,0.5195171
GSTK1,0.5195151
FCHO2,0.5195057
HMGCL,0.5194993
GCDH,0.51949716
GDI1,0.5194808
FBXL5,0.51946396
LSM3,0.5194548
PEX16,0.5194356
KDM6B,0.51943487
GOT1,0.5194297
HPS3,0.5194277
IMPDH1,0.519421
EPC1,0.51942074
MAFK,0.519419
GTF2H3,0.5194164
EVL,0.5194114
INPP5F,0.51941127
GDF11,0.5194
IFT81,0.51939434
KRT10,0.5193799
LDB2,0.51936835
GAR1,0.5193394
CUL3,0.5193381
DHCR7,0.5193028
LLGL1,0.5192975
GNB4,0.51929134
GTF2F1,0.519266
FBXO31,0.5192618
ITGB2,0.5192574
KATNB1,0.5192571
IFT122,0.5192549
IFT52,0.5192407
DYNC2H1,0.5192337
HPS6,0.5192092
GNL1,0.51919854
LOXL1,0.5191927
FBXO38,0.5191756
IL20RB,0.519153
FNTA,0.51914
HMOX2,0.5191055
HSPBP1,0.519077
NOMO3,0.5190763
G6PD,0.5190747
EPAS1,0.5190721
MMACHC,0.5190716
EIF3G,0.5190398
GPSM2,0.51901263
GMEB1,0.5190025
GRK6,0.5189987
FTSJ3,0.51899844
DNAJA1,0.5189872
MPC1,0.5189871
KLHL2,0.51898044
HGSNAT,0.5189775
HOXB6,0.5189752
L3MBTL2,0.5189388
GPAA1,0.5189279
EIF2AK4,0.5189182
EIF3K,0.5188875
FOXRED1,0.51888096
MTF1,0.518879
COPZ1,0.5188683
DNAJC11,0.5188595
MRPL24,0.51885307
GPSM3,0.5188335
IRF5,0.5188242
FBXO7,0.51882094
HECTD2,0.51881635
LEO1,0.51881623
DR1,0.5188126
CNTLN,0.51880676
FMR1,0.5188061
MAPK12,0.5188058
EXOC7,0.51880276
MRPL13,0.5187883
INPP4A,0.5187839
ESD,0.51877934
GINS4,0.5187788
DDX24,0.5187655
HERPUD1,0.5187483
EXOC3,0.5187463
GUF1,0.51874596
GNAL,0.5187374
GPCPD1,0.5187305
GPR180,0.51872355
HADHB,0.5187211
GNPDA1,0.5187019
EPHB4,0.5186852
GPT2,0.5186769
DPYSL2,0.5186764
ELP2,0.5186717
FERMT3,0.51864266
HDAC9,0.518636
DCAF7,0.51861644
FLOT1,0.5186145
NOM1,0.5186102
DDOST,0.5186047
ENO2,0.5185826
EFTUD2,0.51856244
GNG5,0.51855785
EHD1,0.51854664
IBTK,0.51853615
DAP3,0.5185269
DNAJC13,0.5184956
FIS1,0.5184916
DLST,0.5184878
MMAB,0.51846707
L3MBTL1,0.5184641
FURIN,0.5184473
GCLC,0.5184055
GARNL3,0.51838857
EIF4E2,0.5183864
ENTPD4,0.5183813
HVCN1,0.51837367
GYS1,0.5183618
EIF2S1,0.5183603
IRF7,0.5183551
FAM126A,0.5183226
FAM3C,0.5183182
E2F7,0.5183154
HEPH,0.5182824
MBOAT1,0.51827365
EIF6,0.51827323
EIF5B,0.5182441
DDX46,0.5182416
DGKH,0.5182354
ELP6,0.5182349
IRF1,0.5182197
ERF,0.5182179
EGLN2,0.51820683
EIF2D,0.5181898
ETFA,0.51813734
KLHL9,0.5181322
FYCO1,0.51812226
GADD45GIP1,0.518116
EIF3J,0.51810837
FUT8,0.51809764
FASTKD2,0.51809627
DNAJB4,0.5180921
EXOC5,0.5180873
GRWD1,0.5180656
GFPT1,0.5180631
ERI1,0.5180585
IQCE,0.5180476
GTF2E2,0.51804584
DTL,0.51804054
DAZAP1,0.5180252
HDAC6,0.5180247
LLGL2,0.51801944
FBXO21,0.5180162
GTPBP10,0.51799923
GALK2,0.51797503
EHD4,0.51797473
EPHB2,0.517957
DDX10,0.5179564
GGCT,0.5179563
MAN2C1,0.5179339
EMC1,0.51793134
GEN1,0.5179169
FPGS,0.5179145
HAT1,0.5179085
IDH3A,0.5178796
GNPAT,0.51785886
IDH3B,0.5178418
EYA3,0.5177813
DNAJC1,0.5177667
FARSA,0.51773965
EI24,0.5177273
FAM168B,0.5177163
FZD6,0.5177094
ERLIN2,0.51770896
EPB41L1,0.51770186
DNM3,0.51765746
FBXO9,0.51765245
GJC1,0.5176214
GDE1,0.51761395
DDX21,0.5175955
ESRP1,0.51758856
FBXL19,0.5175828
EEF2K,0.51757586
DOT1L,0.5175287
EIF2S2,0.5175093
GIT1,0.5174982
ELF1,0.51749384
DIS3L2,0.5174815
HBP1,0.517479
GFM1,0.5174673
KLHL21,0.51738256
EMC10,0.5173644
DOCK4,0.5173547
FAM110B,0.5173438
EGLN1,0.51730895
GINS1,0.5172866
FBXW5,0.51728076
HACE1,0.5172734
FBXO22,0.5172714
DYNLL1,0.51725584
FXR2,0.51725566
DNAJC8,0.5171822
FKBP5,0.51717895
EIF4EBP1,0.5171676
FLRT2,0.517149
GPC4,0.51713187
FN1,0.5171191
G6PC3,0.51707333
IFT140,0.5170429
FBXL18,0.51686376
FARP2,0.5168118
GLMN,0.51661336
