Gene Name,Score
CCDC40,0.73033404
LIN7A,0.72315973
B4GALT7,0.7102535
ADI1,0.7060286
DUSP10,0.6985404
DUSP19,0.695491
ALG14,0.6858195
ASRGL1,0.6822011
ARHGAP39,0.6807347
ARFGAP3,0.6806636
ARHGAP30,0.6801792
BBC3,0.6797256
ARHGAP9,0.67893505
BAG3,0.67801535
ATL1,0.67692816
ADD3,0.6747713
AP1G2,0.6739954
ADCY7,0.67357165
CAB39L,0.6731805
AP3S2,0.67298365
CDK11A,0.67224735
GNA15,0.6718667
ARL2BP,0.6714856
BBS2,0.66997826
DCK,0.66992295
CCDC22,0.6684029
F13A1,0.6678471
BLOC1S2,0.66507035
HERC6,0.66366756
ATP6AP1,0.663547
AMY2B,0.6634963
ARL6,0.66323984
ARID3A,0.6610084
IGSF6,0.66073215
ALDH1A3,0.65966016
ARRDC3,0.65930897
RENBP,0.6592286
ATP6V1G1,0.6590263
CDH6,0.6587389
CKLF,0.65738827
ANAPC5,0.6566614
FGD3,0.6564129
ADCY5,0.656296
COL9A2,0.6558848
ARHGAP44,0.6550607
NKD1,0.6541518
ANKRD27,0.6537178
CDS1,0.65331876
ARNT2,0.6526647
BOC,0.65244895
AKAP1,0.6523478
CBFB,0.6522585
AMFR,0.6521805
COG6,0.6515022
CENPB,0.6512783
HSD17B1,0.65118265
ADAM10,0.6508373
ANKZF1,0.65079427
CEBPG,0.6506711
GGPS1,0.65061843
ADAM15,0.6504453
CCDC106,0.6504395
CARF,0.6498779
LILRB3,0.64980114
C2CD2,0.64940745
AGPS,0.64862174
DEPTOR,0.6484291
ADNP,0.6480715
CHST1,0.6478045
CACNB3,0.64766705
AFF4,0.64598453
ANP32E,0.6459711
AP1S2,0.6456527
HAVCR2,0.6454689
CEP97,0.6454039
CHST12,0.6453568
CC2D2A,0.6449368
CEP135,0.644707
AREL1,0.64449835
AK2,0.64411193
CTNS,0.643829
CD27,0.64361197
AP1G1,0.6434826
CAND1,0.6433048
ATXN3,0.643259
ATF4,0.6431356
AGO3,0.6431295
CELSR1,0.64294666
EPHA4,0.64291763
ATOX1,0.6428841
GRAP2,0.6423844
HS3ST1,0.64238286
AZI2,0.6422357
NFAM1,0.642207
ATG4D,0.6415428
CDK11B,0.64138883
IFIT1,0.64045316
AMOTL1,0.64038444
LIPE,0.64019525
HCAR2,0.64017516
DPM1,0.64013624
CATSPER2,0.6401224
ATAD3A,0.64008194
ARFGAP1,0.64000624
CASP4,0.6399606
ANTXR1,0.63995606
CCDC136,0.6398034
GBP3,0.63916063
ANGEL2,0.63903147
CTSL,0.6389451
DBR1,0.63871264
CDC37L1,0.63869935
ASCC2,0.63847315
ANO10,0.6381839
DERL3,0.6381515
BZW1,0.6380683
ARMC8,0.63794804
B3GNT5,0.63781667
COL27A1,0.63781154
CGNL1,0.6377269
ADD1,0.63756216
CENPC,0.63754714
KIAA0513,0.637519
AHSA1,0.63734066
EGR3,0.63723516
ANO9,0.6369683
AMMECR1,0.63676775
ARHGEF3,0.6367409
ARF5,0.6366129
ARAP3,0.6364956
CEP41,0.6364805
AFG3L2,0.6364576
DDX60,0.6363816
COQ7,0.636231
BAZ2A,0.6362301
GPATCH1,0.63611907
CCDC115,0.63574123
ATP6V0A1,0.63534486
ADAMTS7,0.6353339
ATF7IP,0.63532126
ARF4,0.63531137
BCAS2,0.63512903
CDC40,0.6350748
CA2,0.6349454
GIMAP4,0.6349029
APPL2,0.63481116
ERCC6L,0.634719
CCDC80,0.634109
CENPA,0.63401634
ACLY,0.6339173
COLEC12,0.63388777
MED11,0.63384414
EPOR,0.6338323
ERCC8,0.6336172
CCM2,0.63318026
IFNGR1,0.6331768
EXOSC1,0.63304347
CDH23,0.63285094
HELZ2,0.632827
ATP6V1E1,0.6327683
CHMP5,0.632682
BICD2,0.6326797
CBX1,0.6326357
CDR2,0.63251454
AP3D1,0.6324024
CLIP3,0.6322588
EIF2B5,0.6322521
DEPDC1,0.6322133
ADCY1,0.63211966
ADIPOR1,0.63211673
AGPAT3,0.63203514
MSR1,0.6320057
CPEB4,0.63185006
C7orf26,0.6317501
AIFM2,0.631672
ARHGAP25,0.631563
CD53,0.63147134
ARHGEF40,0.6314339
ARHGDIB,0.6313894
CALML4,0.63131934
CABLES2,0.6313015
COQ10A,0.6312823
ATP6V0E2,0.6311986
FUCA1,0.63118607
BIN2,0.6310719
ALG5,0.6309319
CCZ1,0.6308443
COG8,0.63079005
DRG2,0.6307481
C1R,0.63069516
AHNAK,0.6306467
CHMP2A,0.6304831
ARF3,0.6304362
BSCL2,0.6303011
ATF2,0.6302677
HAUS8,0.6301664
ACTR6,0.62991697
BCKDHA,0.62979835
BARD1,0.62978506
DHRS11,0.62971115
CASP2,0.6295782
BCL7C,0.62950766
CENPM,0.6292552
GCAT,0.6291759
CLOCK,0.628987
ARHGAP29,0.62893605
C17orf49,0.6289292
EMD,0.6289103
F3,0.6288681
BDP1,0.62875444
CCNY,0.62868285
DUSP12,0.6286518
FAM131B,0.6285079
CPEB3,0.6284129
DEPDC5,0.6283678
ANP32A,0.6283192
CMYA5,0.6282524
ATXN1,0.62807286
CIB1,0.6280387
COQ5,0.62803245
ASIC1,0.62801975
CLCN7,0.62791777
CD48,0.62760943
AKAP9,0.6275882
CHD1,0.6274045
CPSF2,0.6272936
DUS2,0.6272416
AGPAT5,0.62720954
ATP6V1B2,0.627203
ALG6,0.62717915
EXO1,0.6270538
CHD1L,0.6269716
CLN8,0.6269135
ASB1,0.626836
AIMP1,0.6268266
ALDH7A1,0.6268065
CHST15,0.62664956
FAHD2A,0.6266453
DSEL,0.626554
DIS3L,0.6265393
ASL,0.6264056
CORO1B,0.6263873
GTF2B,0.6263555
ARRB2,0.62632453
COL7A1,0.62627435
BCAS3,0.6262719
COQ4,0.6262293
CTSA,0.6262119
CENPL,0.62618864
ALKBH5,0.62617713
EMB,0.626075
CTR9,0.62595546
ATG10,0.62588733
CAMKK1,0.6258684
COL4A1,0.6257953
BLVRA,0.62578857
DCXR,0.6257663
IFIT5,0.62575895
CARM1,0.62567514
CCNT2,0.62554973
FST,0.6255326
GUCY1A2,0.6254815
EIF3M,0.6254697
CABIN1,0.62545764
AP3S1,0.62540644
CDCA8,0.6253164
DNM3,0.6252641
CHORDC1,0.62522715
CWC22,0.6251753
DXO,0.6250557
AGPAT4,0.624961
EMC3,0.6248512
CHPF2,0.6248315
EMC1,0.6247771
PCDHGA6,0.6247016
CD55,0.62467355
CXXC1,0.62464887
FHOD1,0.6246253
B3GNT2,0.6246252
EIF4ENIF1,0.6246231
APPL1,0.6246143
FIG4,0.6244022
APPBP2,0.6244012
ARPC2,0.6243872
BLOC1S5,0.6243777
ANXA6,0.6243658
CPOX,0.624278
BICD1,0.6241833
EXOC7,0.6241167
COX11,0.624022
CENPK,0.6240143
ARAP1,0.6239989
CALCOCO1,0.6239405
CALCOCO2,0.6238863
CNN1,0.6238439
CD83,0.62378734
EBAG9,0.62375546
DNTTIP1,0.6237317
ANAPC7,0.6236604
C17orf75,0.6236593
CENPN,0.6235751
ACTR3B,0.6235311
KATNA1,0.62352043
CD109,0.62351227
CCNT1,0.62350917
COL24A1,0.6234932
BPTF,0.62347525
CYFIP2,0.62343276
ATG13,0.62340945
CDK2,0.6233862
B4GALT1,0.6233712
BCAT2,0.62336606
CDC42BPA,0.62335026
AHCYL2,0.6233083
ARHGAP31,0.62330574
ASAH1,0.62326646
ACTN1,0.6232182
FDX1,0.6231698
EGLN1,0.6231368
AGO2,0.6231008
CSGALNACT1,0.6230992
BFAR,0.6230791
AP2A1,0.62306815
CTSZ,0.62306195
AKAP10,0.62303793
EGLN2,0.62303424
APTX,0.6229697
ACTR3,0.62295115
MTRF1L,0.6229193
GEMIN4,0.62281084
ANKRD44,0.6227387
ATP2B1,0.6225874
FAM20A,0.6225811
CDK13,0.6225585
ADAM17,0.6225565
COMMD3,0.622475
CAMK2G,0.6224429
CEP350,0.62239
ANAPC15,0.6223681
CPSF6,0.62235206
CORO1A,0.6223369
FEM1B,0.6223153
CCNG1,0.6223032
FMNL1,0.62223583
CTNNBIP1,0.622199
COMMD6,0.6221375
NLRC4,0.6219812
HOXA3,0.621972
BTF3L4,0.62196946
ARFGEF1,0.62192076
CNOT8,0.621914
INMT,0.62189263
GNPDA1,0.62188095
JAG2,0.6218672
ARID4B,0.6218369
DOK4,0.62181616
CCDC91,0.62177384
CTNNBL1,0.6216784
ATRX,0.621678
MARS2,0.6216284
BRCC3,0.62158436
AP2B1,0.62136906
ELF1,0.6213466
DOK1,0.62131184
DAPP1,0.6213056
DHX35,0.6212716
CNNM4,0.6212553
ASXL2,0.6212412
CSGALNACT2,0.6211744
AP2S1,0.62111586
GANC,0.6211034
ATP1B3,0.62110275
CRTC2,0.6210553
CYB5R2,0.6210522
CDK2AP1,0.6210325
ARF6,0.62100196
ATRN,0.62097615
CAPN10,0.62096184
CHD7,0.6209261
DDA1,0.62090695
DHX8,0.620842
CBX6,0.62082916
APP,0.6207906
DCUN1D3,0.62077296
ATXN7L1,0.62075734
CHMP4B,0.62072814
ENTPD6,0.62068707
DLST,0.62066835
HSF2,0.6206657
COPS2,0.6206453
FBLN1,0.62063766
GADD45A,0.62062097
FKBP3,0.62061024
ARRB1,0.6205967
DBF4B,0.62058806
ATP1B2,0.62057126
CXXC5,0.6205519
BAIAP2L1,0.6205446
ARHGAP10,0.62053627
ATAD5,0.6204599
CNNM2,0.6203705
CKAP4,0.62036437
F2RL1,0.6203161
BACE2,0.6202751
IFI35,0.6202626
ETV3,0.62025565
ELP5,0.6201984
HCFC2,0.6201884
ATP6V1A,0.62016284
GUK1,0.6201266
LRP2BP,0.62008846
GPC4,0.62008315
FIBP,0.6200807
CTDSP1,0.62007326
DCUN1D4,0.62004304
CSNK1G3,0.62003917
CTTN,0.62001425
FYCO1,0.62001383
APOOL,0.61998576
AP3B1,0.6198972
CD2BP2,0.6198966
CNTLN,0.619886
FBXO9,0.6198073
GPKOW,0.61977506
CPT1B,0.6197411
CDK14,0.61973494
BCL7B,0.619716
ELP6,0.6197094
CYSTM1,0.6197085
COG3,0.61968195
DCLRE1B,0.6196782
DCP1B,0.61966443
ACTR8,0.6196566
APBB2,0.619634
CYTH1,0.61961913
ATXN2,0.6195912
ADK,0.61956614
DUSP7,0.61955804
DNAJB12,0.6195269
DCTD,0.6195139
CTPS1,0.61950326
DDX24,0.6194935
CCT4,0.61948276
DIABLO,0.6193423
ATP6V1H,0.61929625
C3orf38,0.6192956
CCDC88C,0.6192925
FKBP2,0.6192821
IPO4,0.6192663
FBXO30,0.6192534
CAMK1D,0.619202
CSTB,0.61914814
AHI1,0.6191332
ANXA2,0.61905867
CEP170,0.6190097
ARHGAP35,0.61900455
IMPDH1,0.6189876
CES2,0.6189342
DKC1,0.6189304
ARFRP1,0.6189231
EFNA4,0.61890054
LAMB3,0.6188375
CTC1,0.6187877
GABBR1,0.6187855
DNAJB4,0.61869526
ATP2A2,0.6186217
CAPG,0.6186178
DENND4A,0.618553
IDS,0.61854863
COX20,0.61848307
GNAI1,0.6184794
ARSK,0.61847407
ATAD2,0.61846775
CREBRF,0.6184557
FABP5,0.6184225
ACTN4,0.6183786
CAPRIN1,0.6183757
CENPH,0.61836725
FCHO2,0.6183501
CNOT2,0.6182709
HENMT1,0.6182672
AJUBA,0.6182629
C2CD3,0.61825734
BRD9,0.6182407
GNL2,0.61823845
CFD,0.61823547
CLCN6,0.6181992
DTNBP1,0.6181952
AGO4,0.61818916
GATAD2A,0.618149
AKAP13,0.6181025
CENPI,0.61809313
E2F4,0.61805177
INSR,0.6179922
ETF1,0.6179359
GTF2A1,0.61788917
DOCK10,0.61783254
FAM110B,0.61779416
HINT1,0.6177835
ARL14EP,0.61776763
DDX27,0.6177623
CACNA2D1,0.6177271
EEF2K,0.61772126
CENPQ,0.6177209
AP4B1,0.61770827
BRD2,0.6176992
BRD8,0.6176936
ARL16,0.61768407
CDC16,0.61767024
CD58,0.61766785
DBI,0.61766386
HBP1,0.6176111
GEMIN8,0.6176104
BCCIP,0.6175942
EIF4E2,0.6175787
FAM126A,0.61754555
ANXA7,0.61748666
CELSR3,0.6174722
MAP3K11,0.6174657
CDON,0.6173866
C11orf49,0.61736214
EIF4EBP1,0.6173568
FAM83D,0.61729264
CSK,0.61728716
BIRC6,0.6172737
CDC23,0.6172667
CDC6,0.61720145
GPR132,0.6172005
CALM2,0.6171588
CADM1,0.61715305
FASTKD2,0.61709416
DNAJB11,0.61708236
LDB2,0.61704713
EIF4H,0.6170447
ATXN2L,0.617043
ALDH1B1,0.6169724
ITGAE,0.6169606
CEP57,0.6169044
BMPR2,0.6169037
CAPZB,0.6168865
AP1M1,0.6168546
DLG5,0.61680895
ALKBH1,0.61678255
CLDN4,0.6167785
GCA,0.6167648
KDM6B,0.6167647
CDK8,0.6167237
ALDOC,0.6167193
DNAJA2,0.61669403
EIF3K,0.6166481
ARHGEF9,0.6166421
ECE1,0.61662817
EPN1,0.61662567
CRTAP,0.6165779
GOLGA3,0.61654603
BCAR1,0.6165316
COPG1,0.6165249
FBXL5,0.61651105
BRD1,0.6164534
ETFB,0.6164526
DBT,0.61639816
EMC9,0.6163813
CHD9,0.6163543
DOCK2,0.6163497
CTDP1,0.6163399
CTBP2,0.6163359
EXOSC5,0.6163267
CD68,0.61631536
DCP1A,0.61630094
AKR1A1,0.6162746
ARHGEF19,0.61627173
ETS2,0.61625195
ERH,0.6162185
DHCR7,0.616214
ELL2,0.6161467
FYTTD1,0.6161298
COPB1,0.61611664
CTNNA1,0.6161132
FBXW4,0.61608815
ARHGAP21,0.6160833
EDEM3,0.616069
CDC34,0.6160686
GGH,0.61604595
ALDOA,0.6160435
CCL5,0.61600614
DNAJB6,0.6159789
CDK19,0.6159606
DAB2IP,0.61592525
CKS2,0.6159238
CIAPIN1,0.61586297
COL4A5,0.61582047
GPAA1,0.6157879
DYNLT3,0.61577755
INPP1,0.6156583
FBLIM1,0.6156161
CABLES1,0.6155994
CCL4,0.61558115
AVL9,0.61557746
ACTG2,0.61557204
IFT140,0.6155693
GGA2,0.61541647
EHD4,0.6154146
INPP4A,0.6154034
CSTF3,0.6153737
HDAC5,0.6153694
COTL1,0.6153684
ANAPC4,0.615348
D2HGDH,0.6153268
ADAM12,0.61532176
ATP6V0C,0.61531675
CHSY3,0.6152567
B3GNTL1,0.61523646
EIF1B,0.6152285
HOMER3,0.6152238
CLIP1,0.61519897
GGA1,0.6151758
KDELR3,0.61517054
ARF1,0.6151138
DLGAP4,0.61506563
CNN2,0.6150371
EIF4A3,0.615026
ARHGAP32,0.61501086
DGKD,0.6149945
BCL2L1,0.61498636
GET4,0.61496913
ANLN,0.6149382
BEND3,0.6148898
GPX8,0.6148778
ADCY3,0.61487705
CLNS1A,0.6148696
CLDN12,0.6148501
BBS10,0.6147809
HNRNPUL2,0.6147572
ARHGEF11,0.6147496
AK4,0.6147402
FOXF1,0.6147238
AAAS,0.6147201
COX7B,0.61469764
ARSG,0.6146964
DSCC1,0.61468524
GABPB1,0.6145869
CRKL,0.6145795
CES4A,0.6145724
CBFA2T2,0.6145705
CNTNAP1,0.6145684
FBL,0.6145639
EPN2,0.61456096
GCC1,0.61454934
CCNH,0.6145422
CDT1,0.6145394
BCKDHB,0.6145369
CHSY1,0.6145337
B4GALT4,0.6144762
LRRC8E,0.6144681
CHCHD2,0.61446714
ESYT2,0.6144642
CCT6A,0.614449
FERMT3,0.61444837
CCNL1,0.61441296
CAP2,0.6143851
NR1D1,0.6143502
EMC10,0.61426175
FYN,0.61426103
BCS1L,0.6142484
DGAT1,0.61424285
HPRT1,0.61421114
CRABP2,0.61418915
AHCTF1,0.61417454
CAB39,0.6141606
BCL2L11,0.61415553
ATIC,0.614152
EMC2,0.6140996
EEFSEC,0.6140735
DIS3L2,0.61407065
CDCA5,0.61406636
CD81,0.61405545
CBX7,0.61404
DDX55,0.61402017
ACADVL,0.61398965
DEPDC1B,0.6139771
ANP32B,0.6139756
DPH7,0.6139633
AP5Z1,0.61394745
ACTR10,0.6139052
DMAP1,0.61389756
CHAF1A,0.6138887
NFYA,0.6138762
ATP11A,0.61386114
BPGM,0.61383873
CALD1,0.6138265
CHID1,0.61381716
DSG2,0.6137708
ADIPOR2,0.6137525
DAZAP1,0.6137518
ERCC6,0.61373746
CARS2,0.61373
CMTM6,0.61369103
EME2,0.61366993
COG5,0.6136572
BAZ1B,0.6136508
ARFIP2,0.6136493
DDIT4,0.6136381
CAMK4,0.61360484
C2CD5,0.61358947
INPP5D,0.6135276
CSNK1D,0.6135196
EIF4E,0.61351645
EXOSC10,0.6134955
DENR,0.6134811
MASTL,0.6134758
BRAP,0.61347115
ATXN10,0.61344546
BCL2L2,0.613399
ATM,0.61337924
IP6K1,0.6133708
EYA2,0.6133519
ASB6,0.6133084
DAPK2,0.6132756
BTBD3,0.6132733
ASCC1,0.61327004
DCAF16,0.61325604
ARL1,0.6132173
MIS18A,0.6132093
DENND3,0.6131775
ITGA2B,0.61317515
DDX46,0.6131712
AP2M1,0.6131621
CNOT4,0.6130785
DAPK3,0.61307716
BANF1,0.6130425
CD9,0.61301637
GNPAT,0.6129966
IFI44L,0.6129392
GLE1,0.61291593
DUSP16,0.6129082
EXOSC2,0.61287564
FNTA,0.612871
CENPJ,0.6128642
CSNK1G1,0.6128417
HGS,0.6128405
CSPP1,0.6128387
CPSF4,0.6128358
CTSD,0.6128353
HDAC3,0.6128324
EMC7,0.6128186
GMNN,0.6127289
DDOST,0.61272883
DTL,0.6127057
GMPPA,0.61267763
FN1,0.612654
FBXL20,0.6126419
BMF,0.6126408
EIF6,0.612635
BLVRB,0.61260015
AKR7A2,0.6125586
KIFC3,0.612558
CKAP2L,0.612538
CD2AP,0.61251986
AAK1,0.61251694
IRF8,0.6125095
ELOVL1,0.6124987
CLK3,0.6124855
CDK5RAP2,0.61248237
EIF4EBP2,0.61242884
CLDN7,0.6124278
CCAR1,0.61241996
CASK,0.61240834
AUH,0.61240745
CHTOP,0.61240727
FNDC5,0.61237985
CENPP,0.6123667
DAB2,0.61236125
CREM,0.6123398
HSPB2,0.6123325
FBXO10,0.61231834
CBX5,0.6123152
COMMD1,0.612308
HLA-DMA,0.6123027
ASH1L,0.6122935
GCLC,0.61229324
ACAP2,0.6122805
EIF2B2,0.6122801
DPYSL2,0.61226606
DSTN,0.612264
HIGD1A,0.61223555
DNAH17,0.61219656
COL8A1,0.61218864
CNOT7,0.61216736
FARSB,0.61215085
CAP1,0.6121463
GEN1,0.61214614
DNAL1,0.6121351
FAM98B,0.6121315
BLZF1,0.61212325
COIL,0.6121116
CANX,0.61209875
FAM114A2,0.61209345
FPGS,0.612075
ARL4C,0.61205405
AGO1,0.6120233
CKAP5,0.61201984
DHDDS,0.6120193
DCLRE1C,0.6120043
CSNK1A1,0.61191785
DHTKD1,0.61191624
FLII,0.6118891
CSNK1E,0.6118773
ARHGAP17,0.6118714
HAAO,0.6118699
CDC42EP4,0.61182517
GABARAP,0.6118132
CHRAC1,0.61181206
ASPH,0.6118048
ETHE1,0.61178315
EIF1,0.61177886
ERGIC1,0.6117418
MAP2K3,0.6117216
DDX21,0.6117166
DDX19B,0.61170185
COPA,0.61168903
MGST3,0.61167395
DNAJC24,0.61165744
IFNLR1,0.61159205
GSTZ1,0.6115855
CHMP3,0.61154413
CD52,0.6115276
CAPZA2,0.6115029
FZD6,0.61148393
FKBP4,0.6114818
CNPY3,0.61147183
COPZ1,0.6114552
AACS,0.61145455
DLAT,0.61145365
ARHGEF12,0.6114169
DMXL2,0.6114142
ANO6,0.61139363
FEM1A,0.6113923
CHAF1B,0.6113835
ILF2,0.6113736
CTSH,0.6113719
GLO1,0.611292
CHML,0.611189
CBR1,0.6111573
ARHGAP24,0.6111506
C1D,0.6111489
CCNA2,0.61112696
HPS1,0.611123
DHX32,0.611122
FGD4,0.6111098
CCT7,0.6110964
HMGCL,0.6110533
DUSP2,0.6110388
ANXA5,0.6110337
MAP1A,0.6110073
FCGR3A,0.6110008
CAPN15,0.610965
CCP110,0.6109637
CERK,0.6109559
CCNL2,0.6109553
CALU,0.61093277
DDX17,0.610931
ESRRA,0.61090744
AZIN1,0.61090136
CHKA,0.61089987
EEA1,0.61085653
DACT1,0.61085624
LSR,0.6108245
ARNTL2,0.6107811
MRPS28,0.61077416
IL7,0.6107583
CYCS,0.61074394
CREG1,0.610708
AAMP,0.6106958
EDC3,0.610655
DPF2,0.61065066
DHCR24,0.6106038
DBP,0.6105972
COA1,0.6105603
EIF4B,0.6105534
CASP7,0.6105444
FBXO7,0.61053044
BPNT1,0.61047286
GADD45B,0.6104575
CDKN2AIPNL,0.61044973
CCNG2,0.610426
FAM168B,0.6104131
IDH3G,0.61041266
DGKI,0.6103917
COX6B1,0.6103776
DVL2,0.6103647
HOXB2,0.61035615
FKBPL,0.6103502
GOT2,0.6103496
GBP2,0.6103315
ALDH3A2,0.61032605
DHRS4,0.6103174
AGRN,0.6103149
CENPO,0.6102702
ARL3,0.61025685
ARPC5,0.61023325
GDPD5,0.6102298
CFLAR,0.6102
EIF4A1,0.6101932
LMTK2,0.6101918
HERC4,0.6101561
CTDNEP1,0.61015475
GFM1,0.6101458
CD69,0.6101418
DENND1A,0.61012757
ARFGEF2,0.6101055
PCDHB10,0.6100779
EPHB2,0.61007285
CD63,0.6100695
ARIH1,0.6100646
LMF1,0.6100315
DIAPH3,0.6099663
HIVEP3,0.609963
IGFBP6,0.6099571
EIF3G,0.6099208
E2F3,0.6099207
GPX7,0.6099065
BCL2,0.6098943
GNA12,0.6098833
ARPC1B,0.6098534
ATP8A1,0.6098468
CHMP1B,0.60983604
FZR1,0.6098302
CRYZ,0.60982233
CDC42,0.60981077
ARHGDIA,0.6098097
ADORA2B,0.6097973
CMTR1,0.6097939
B4GALT2,0.6097921
GNA13,0.6097702
DLD,0.6097593
DGUOK,0.6097429
INTS2,0.6097169
CEBPZ,0.60971636
GBA2,0.6097143
CMAS,0.60970926
CELF1,0.60970587
CUL3,0.60967237
DCAF8,0.6096667
CDK6,0.6096469
CREB3L4,0.6096278
CGRRF1,0.6096257
LOXL1,0.6096244
APIP,0.60961366
EVC2,0.60959935
ASAP1,0.60958385
LTB4R,0.60957485
DMD,0.60957086
GRB2,0.6095352
DOCK5,0.60952985
CAPN1,0.60949856
EIF2S3,0.609498
HVCN1,0.6094911
EXOC3,0.60948783
GSTA4,0.6094504
CTSK,0.60940695
HMGCR,0.6093839
IQGAP1,0.6093691
BRWD3,0.6093625
CCT3,0.60935634
CUL4A,0.60934883
CSNK1G2,0.60934436
C18orf32,0.60930973
AASDH,0.6093082
CCT2,0.609305
INPP5A,0.6092996
ASAP2,0.6092746
DIDO1,0.6092326
CDKL5,0.60923
EVC,0.6092249
DCPS,0.6092044
ERAL1,0.60920316
BIRC5,0.6091976
OPTN,0.6091776
GTF2H1,0.6091736
EPB41L1,0.6091708
DYNC1LI1,0.6091701
KCNG1,0.60916704
CBX4,0.6091623
IFT88,0.6091579
IBA57,0.6091553
FANCI,0.60913765
ERLEC1,0.60907096
CYB5R3,0.60901517
ASPSCR1,0.60901034
GRN,0.60900134
EPAS1,0.60896134
DNAJC5,0.6089565
GHDC,0.60894716
EMC8,0.60892755
BNIP3L,0.6089234
EFEMP1,0.6089205
CWC27,0.6089059
CMTM4,0.60888386
AFTPH,0.6088808
FBXW11,0.6088712
DDX31,0.60885197
CEP55,0.6088291
EBF1,0.6088219
AHCYL1,0.608818
CAPNS1,0.6088089
HTT,0.60878
HAT1,0.608766
CHCHD3,0.6087472
ISG15,0.6087251
EZH2,0.60871774
CEP152,0.6087125
COL18A1,0.6086949
CERS2,0.60869217
GPSM3,0.6086836
CDK17,0.60867095
DDX41,0.60863996
COPS3,0.6086264
BTAF1,0.6086231
DCUN1D5,0.6085986
MED22,0.608598
DST,0.6085976
ISG20L2,0.6085882
EIF3H,0.6085768
FHL2,0.6085491
GLG1,0.6085385
ITPR2,0.60853434
IRS1,0.60852027
GDI2,0.60850024
HOXA1,0.6084711
MAN1C1,0.6084643
CAMKK2,0.6084558
DAP3,0.6084539
DCTN5,0.60845244
IRF9,0.6084174
GTSE1,0.6084103
DENND5B,0.60840625
ENSA,0.6083987
DDX18,0.6083983
BUB3,0.60838693
CYB5A,0.6083837
HERC2,0.6083717
ENG,0.60837024
DNAJC8,0.60836744
LATS2,0.6083594
GPR153,0.6083563
GJC1,0.6083543
LARP4,0.6083518
HLA-DOA,0.6083454
FBXL4,0.6083272
CTPS2,0.6083199
DENND2A,0.60829395
FZD3,0.60829324
FOXK2,0.6082889
CEP192,0.60827917
CEP164,0.60827726
KPNA1,0.608261
CD47,0.608237
DNMBP,0.60821265
EXOC8,0.6082071
EIF2S1,0.6081666
AMBRA1,0.6081633
GCDH,0.60816216
CCDC59,0.6081366
CBX3,0.60811937
ACTR2,0.6081109
DGKH,0.6080902
ATP8B4,0.60808635
HSD17B4,0.6080813
ADPGK,0.6080767
CLSPN,0.60807127
ARL4A,0.60803133
ELOVL6,0.6080302
CEP78,0.60802656
BTBD2,0.60797995
BRWD1,0.6079787
ITPA,0.60796714
BUB1,0.6079606
IPO11,0.6079536
CS,0.60794127
ARHGEF28,0.6079401
EP400,0.60793155
CDK5RAP3,0.60792947
HOXA5,0.6079187
DCAF7,0.6079166
FRZB,0.6078997
DLGAP5,0.60789233
GTPBP4,0.6078694
DNTTIP2,0.60786426
COL12A1,0.60786057
BRIX1,0.607819
DCAF10,0.6078152
ATRIP,0.60781264
HAUS6,0.60779405
ATG2B,0.6077902
EFNA5,0.6077817
CDCA3,0.60777926
GOLIM4,0.6077271
EDIL3,0.60770094
FAM13A,0.6076884
BOP1,0.60768247
CACNB1,0.6076814
LMNB2,0.60767
ENAH,0.6076373
LEO1,0.6076242
ARPC4,0.6076104
AHRR,0.607606
CLIC4,0.6076051
IL10RA,0.60756654
DNAJC13,0.607515
DYNC1LI2,0.6075096
ELF2,0.6074838
HPDL,0.60748214
ANK3,0.60747695
KATNAL1,0.60746694
DOT1L,0.6074566
DHX38,0.6074516
CIAO1,0.6074378
CSF1,0.6074274
LRPAP1,0.6073981
GPT2,0.60739714
GTPBP2,0.6073903
EIF5,0.60735124
KIF9,0.60734975
DDRGK1,0.607345
BTF3,0.6073438
HADHA,0.60731864
DDX19A,0.6073135
CERS6,0.60731226
CAPZA1,0.6072828
FSTL1,0.60728
BHLHE40,0.60727596
EIF2AK1,0.60727185
GPSM2,0.60726625
CHM,0.60724616
BIN1,0.6072445
ATG4C,0.6072291
GPS1,0.6072175
FLAD1,0.6072061
FAU,0.607186
AURKAIP1,0.6071763
ATP1B1,0.6071683
FAM13B,0.607162
LSM5,0.6071544
KAT5,0.60715157
CAPN7,0.6071449
ACTG1,0.6071339
CDC25A,0.60712683
AMPD2,0.60710675
DLG1,0.6070872
E2F8,0.6070753
MTX1,0.6070503
COPS7B,0.6070473
CHPF,0.6070201
C1QBP,0.6070133
FBXO22,0.6070088
CEP72,0.607006
ERI2,0.6069676
CENPE,0.60696244
CD320,0.6069287
CYP2S1,0.60691196
DDX56,0.6069001
HMG20A,0.60689974
CXADR,0.60689557
IFIH1,0.60686845
JUND,0.6068634
DAAM1,0.6068497
AATF,0.6068494
LAMA2,0.6068076
FBXO38,0.6068006
ANKRD28,0.6067958
GALNT11,0.6067824
F11R,0.6067732
FBXO41,0.6067668
CLTA,0.6067525
GLUL,0.60674685
CPSF7,0.6067193
CDCP1,0.60671633
HSPB8,0.60668874
CYB5B,0.60668314
CNOT6,0.6066788
ABCA1,0.6066784
CTDSP2,0.6066715
COL4A2,0.60665035
GOLPH3,0.60664487
EPHA2,0.6066417
ACO2,0.606618
EIF2AK4,0.6066175
DDX58,0.606617
CSDE1,0.60659
AASS,0.6065699
GNL1,0.6065616
FBXO5,0.6065597
EZH1,0.60655934
MEPCE,0.60654175
DBNL,0.60653347
ATN1,0.6064947
CHUK,0.6064905
AGPAT1,0.60646385
HK1,0.6064637
CCT5,0.6064519
CSE1L,0.60643905
ESPL1,0.6064294
GPCPD1,0.6064128
CLIC1,0.6063978
ALPK1,0.6063778
CDYL,0.6063518
FCF1,0.6063155
CLEC2D,0.6062914
LNPEP,0.6062881
CDK16,0.60628206
ABCC3,0.60626686
EIF3I,0.60625213
GLRX,0.60622317
ESRP2,0.606217
INTS9,0.6062148
CDC27,0.6062002
DNAJC11,0.6061903
BYSL,0.6061857
HLCS,0.60615987
CAMK2D,0.60614544
ABCC1,0.6061345
AQR,0.6061082
CMTM7,0.60610706
HMGXB4,0.60605687
HMGN2,0.60603684
EXOC1,0.60603184
GSR,0.6060227
BAHD1,0.60602117
FOXN3,0.6060116
GRPEL1,0.606009
CHD3,0.6060024
FGD2,0.6059866
GNB5,0.6059784
CSAD,0.60596704
CMPK1,0.60595745
E2F7,0.605954
FDPS,0.60595256
GTF3C5,0.6059395
MAVS,0.60593045
GALNT2,0.60589886
CETN3,0.6058936
EXOSC9,0.6058647
DNM1,0.6058434
FMR1,0.60583824
DUS1L,0.60580224
EHBP1,0.6057491
EBP,0.6057459
EGLN3,0.60573196
BCAT1,0.6057283
GIPC1,0.605728
MTHFS,0.605718
AGFG1,0.6057009
DAZAP2,0.60568964
ATG12,0.60568553
EIF4G3,0.60568136
ERP29,0.605674
HEG1,0.605664
ARPC1A,0.6056555
HSD17B10,0.6056533
EPHB4,0.6056466
CLIP2,0.6056295
HNRNPAB,0.60562724
MAEA,0.60562426
DPH5,0.6055918
METTL3,0.60556513
BRPF3,0.60555935
EVL,0.6055516
FADS2,0.6055482
CCNB1,0.6055455
HDAC1,0.60553837
FSCN1,0.6055352
LMAN2,0.60553426
KCTD3,0.6055191
FARS2,0.60547787
GDE1,0.60547423
ATP2B4,0.60544395
LGI4,0.60541856
DLG4,0.6054087
GPD2,0.6053971
ENTPD5,0.60537505
ENC1,0.6053627
CLEC3B,0.6053566
GLRX5,0.6053301
HOXB3,0.6053254
ATG4B,0.6053162
GSE1,0.6053081
GRSF1,0.60530186
HDAC8,0.6053013
GALNT10,0.60529804
GANAB,0.6052953
ITGA6,0.60529333
DZIP1,0.605266
ALMS1,0.60524625
INO80E,0.6052321
FKBP5,0.60520416
FXR2,0.60519576
CRLS1,0.6051845
ICMT,0.60518175
EVPL,0.6051596
EIF3D,0.60514957
HDLBP,0.6051201
BRPF1,0.6051191
ACTB,0.60510784
EFCAB7,0.6051029
DOCK7,0.6050989
CLPP,0.60509163
HNRNPF,0.60508555
BBS9,0.6050788
GALNT1,0.60507566
ALDH18A1,0.60507363
B9D2,0.6050584
ITGAL,0.6050387
DGKZ,0.6050161
ECI2,0.6049938
EXOC6B,0.6049557
DDX10,0.6049529
COX5A,0.60494834
HMGB2,0.6049437
APBB1,0.6049371
EEF1D,0.6049369
CUL9,0.60493326
DIAPH2,0.60493046
EIF4G1,0.60491765
CRK,0.6049066
DERL1,0.60490257
GSK3B,0.6048954
GLB1,0.6048944
ING4,0.6048878
AMOTL2,0.60487133
DDX42,0.6048675
CORO1C,0.60482174
CDCA2,0.6047993
BMS1,0.60478497
KDM5B,0.60478175
EHD1,0.6047799
ASF1B,0.60477495
GTF3C2,0.6047582
GIT2,0.6047571
ARID4A,0.6047533
FGF11,0.60475093
FADS1,0.6047399
EPHA1,0.60473585
HTATSF1,0.60473484
DCTN4,0.6047283
CPNE3,0.6047183
FRAS1,0.60471714
GPD1L,0.6046933
BAG6,0.60465384
LIMK1,0.6046526
INTU,0.6046521
COPE,0.6046503
EIF2AK2,0.6046372
DDX23,0.604612
LRIG1,0.60461074
ANAPC1,0.6046054
BACH1,0.60459346
GGCT,0.6045837
HELB,0.6045775
DHODH,0.60454965
CCT8,0.6045494
CDH24,0.6045368
BET1,0.60451776
EEF1G,0.604516
C5AR1,0.604516
BRK1,0.6045037
GLUD1,0.6045019
BTD,0.60450065
ANKFY1,0.60448825
CLK4,0.6044832
INVS,0.60446894
CTBP1,0.6044503
ARFGAP2,0.6044495
COPS7A,0.60444385
KCNN4,0.6044411
CBY1,0.6044288
MAP3K3,0.6044228
NIT2,0.60442066
CDK4,0.60438555
ELOVL5,0.6043746
G6PD,0.6043706
GPR176,0.6043459
CYTH3,0.60433507
EHHADH,0.60433024
CPE,0.6043278
IVD,0.60431206
MMS19,0.6043023
CHCHD6,0.60430205
CALM1,0.6042955
HNRNPH2,0.60428774
BMP2K,0.60428166
MXD1,0.60428107
LAMP1,0.6042784
KIF18B,0.6042659
DLG3,0.6042546
KDM2A,0.6042472
HSPA14,0.6042334
FAM8A1,0.6042297
DNAJA1,0.60421985
GPR161,0.60419756
LSM4,0.60419077
IFIT3,0.6041689
CNDP2,0.6041639
CCR7,0.60416234
CCNF,0.60416
HDAC7,0.60415775
CYC1,0.6041483
FAM3C,0.6041479
CWC15,0.60414165
DCAF6,0.6041309
KIF26A,0.6041283
GMDS,0.60412246
MYLIP,0.6041214
IFI30,0.60411924
FTL,0.6041006
IPO7,0.6040998
NMB,0.60409796
CDS2,0.6040945
CCDC174,0.60407424
FXYD6,0.60406584
KIF18A,0.6040633
HPSE,0.60405064
GATAD2B,0.6040386
CFL1,0.6040359
ANKLE2,0.6040276
FBXL18,0.60401684
LSM12,0.60400784
MAOA,0.60400534
EI24,0.6040039
CNOT1,0.6039953
ITGBL1,0.6039686
CSF2RB,0.60395914
CFDP1,0.60390234
GTF2F2,0.6038872
HNRNPUL1,0.603876
DOCK8,0.6038663
HSD17B12,0.6038526
DCAF5,0.60382617
FGD1,0.6038237
ACACA,0.6038059
BTN3A2,0.60379297
BID,0.6037785
CHMP4C,0.60375863
ITPR1,0.6037544
DUSP14,0.6037409
IL4I1,0.6037244
EPC1,0.60371095
COQ9,0.6037042
ATP7A,0.6037015
MAPK9,0.60369563
CHERP,0.6036933
HSPD1,0.603691
MICU1,0.60368806
GALNS,0.6036869
KLHL12,0.60366255
G3BP1,0.6036592
ATP6V1C1,0.60365516
ATP11B,0.6036497
INTS7,0.60364604
LIN52,0.6036249
CDR2L,0.6036166
GALNT6,0.6036075
ATP8B2,0.6035859
FNIP2,0.6035842
GAB2,0.6035697
APH1A,0.6035568
FURIN,0.60355264
GOLGB1,0.60355
EXTL3,0.6035374
IRF6,0.6035329
DCTPP1,0.6035254
ANXA1,0.60352397
GNL3L,0.60349566
CIR1,0.60349375
BLCAP,0.60349154
INTS8,0.60348254
FLNB,0.6034664
AARS2,0.60345906
ATP6V1C2,0.60345906
GID8,0.60345095
IQGAP2,0.6034429
GLI3,0.6034311
DDX39A,0.6034144
GRWD1,0.60340834
GRB10,0.6033953
ENO3,0.60338736
CUL1,0.6033824
LAP3,0.60337585
HLA-DRB5,0.6033746
GNB1,0.60337245
CD46,0.6033578
IRF2,0.6033267
GPI,0.6033235
FBXO21,0.6032916
ERI1,0.6032804
DYNC1H1,0.60327893
CTDSPL,0.6032777
CD1D,0.6032708
CNOT6L,0.60326624
CENPF,0.6032541
FER,0.60324544
JARID2,0.6032417
GNG5,0.60323036
DIS3,0.603202
MRPS23,0.60320026
E4F1,0.60319674
DDX39B,0.6031928
CDCA7,0.6031902
DR1,0.60319006
CAST,0.60318774
EIF3J,0.60317636
ARL6IP5,0.6031641
EXOC4,0.6031591
CCNB2,0.6031355
CLHC1,0.60312414
KIAA2013,0.60309505
FRS2,0.6030737
HNRNPL,0.60306644
CLASP1,0.60305685
INTS10,0.6030511
FAM110A,0.603043
DAPK1,0.60303557
CTIF,0.60303175
GNAI2,0.6030227
DIAPH1,0.60301787
BOLA3,0.6029933
EHMT1,0.6029607
IPO5,0.6029416
HNRNPH1,0.6029376
IRF5,0.60292137
N6AMT1,0.6029179
COX15,0.6029047
FMNL2,0.6029009
GYPC,0.6028935
LTBP3,0.60288584
GNAO1,0.6028823
GTF2H5,0.6028719
IQGAP3,0.6028701
KDM2B,0.6028637
CTHRC1,0.602845
MPDZ,0.60284173
DTX4,0.60284173
IPO13,0.60283977
ARID5B,0.60283273
DCAF15,0.60280555
LRWD1,0.60279554
CPT1C,0.60279554
ELAVL1,0.60277617
ASPM,0.60277146
FTH1,0.6027701
DOCK4,0.60276926
HSPG2,0.60275525
HEXA,0.6027288
ARHGEF18,0.60272634
GPANK1,0.60271037
HOOK2,0.60271037
APAF1,0.60269284
GIGYF2,0.6026662
HMMR,0.6026645
MRPS2,0.6026493
KXD1,0.6026471
BMP2,0.6026458
CNIH3,0.60264504
FBXW5,0.60264045
AHCY,0.60262483
DYRK2,0.6026101
MAF1,0.6026078
FUBP3,0.60260403
CMC4,0.6026009
EIF5A,0.60259604
DBF4,0.6025728
G3BP2,0.60257065
HYPK,0.60256225
HSF1,0.60254705
DERA,0.6025295
FXR1,0.6025209
EIF2S2,0.6025189
DPH3,0.60249
FAM91A1,0.6024761
MAGI2,0.6024536
COBLL1,0.6024373
LGALS9,0.602416
C17orf80,0.6024026
KLHL2,0.60240006
GFPT1,0.6023944
ILF3,0.60238504
GTF3C1,0.602382
EOGT,0.6023782
LARP7,0.6023766
ARCN1,0.6023706
ATF6,0.60235786
MAGED1,0.60232943
COL5A1,0.60232764
FKBP8,0.60232747
LRRC47,0.60230833
EXOC5,0.60230315
CIT,0.60229635
HNRNPA1,0.6022779
HJURP,0.6022696
ICAM3,0.6022582
CCNK,0.60224974
HSD17B7,0.60224277
CMSS1,0.60224265
FLOT2,0.6022334
DIMT1,0.60222983
KHNYN,0.6022197
ERGIC2,0.6022127
HS2ST1,0.6022024
HDAC2,0.6022022
LCP2,0.60218984
DHX36,0.60217655
HSPA5,0.6021671
LIPG,0.6021547
HK2,0.6021538
GTF2I,0.60213643
GBE1,0.60211104
IL32,0.6021064
EIF3L,0.60209954
EEF2,0.6020727
DNAJC15,0.6020535
HBS1L,0.6020139
CEP70,0.6020016
HNRNPDL,0.60197026
GOLGA4,0.60196
LAMC2,0.60195535
DDHD1,0.6019522
LRP8,0.60194933
HSBP1,0.6019169
KCNK5,0.601908
LPGAT1,0.6018874
ACTA2,0.6018851
KPNB1,0.6018617
CD300A,0.60183686
KDELR1,0.60183233
ARHGEF1,0.60182184
CPNE1,0.60181934
ARPP19,0.6018111
CPD,0.6018095
BSG,0.601774
FARP2,0.60176426
HERC1,0.60176075
EIF2B3,0.6017577
ERGIC3,0.6017422
NR2F6,0.6017114
KANK1,0.60171133
GLRX2,0.6017002
HNRNPA0,0.60167605
KATNBL1,0.6016637
BATF,0.60164666
HCFC1,0.60164404
GEMIN7,0.60160536
IRF3,0.60160476
KIFC1,0.6015862
EVI5,0.6015617
KHDRBS1,0.6015559
EPS8L2,0.6015458
GDF11,0.6015439
LSM7,0.6015184
EIF2B1,0.6015177
MLX,0.60151106
EEF1A1,0.60150075
MRPS31,0.6014954
HSPA12B,0.6014612
FAF1,0.60144275
GTF3C4,0.60143495
EHD2,0.60141605
DDX52,0.6014068
IFNAR1,0.6013814
DHX15,0.60136867
GTF3C3,0.60135365
DDX54,0.6013436
FKBP1A,0.6012966
GBA,0.60129297
APOBEC3C,0.60129243
HSPB1,0.6012864
INTS3,0.60127133
KAT6A,0.60126966
ETFDH,0.60125643
BTBD1,0.60124373
INTS12,0.6012345
ITGA1,0.60120547
ASS1,0.6011849
IFNGR2,0.6011786
COX7A2L,0.6011565
CTTNBP2NL,0.601144
MYH14,0.6011349
COG4,0.60113263
MZT2A,0.60112756
IP6K2,0.60111475
HNRNPM,0.60110354
GALK1,0.60109526
IPO9,0.60107917
ADAM9,0.60105723
MUC3A,0.6010517
GULP1,0.60104436
COL6A2,0.60099715
MAPKAPK2,0.6009944
ASGR1,0.6009798
COPB2,0.6009651
FOXRED2,0.6009547
CPSF3,0.6009377
GINS4,0.60093457
GTPBP1,0.6009285
EAF1,0.6009241
EIF3B,0.60092103
KRBA1,0.6009152
ELAC2,0.6009091
ITGA2,0.6008921
CDIPT,0.6008838
IMMT,0.60087967
FBXO31,0.6008792
HNRNPD,0.60086614
DPYSL3,0.60086
C2orf49,0.60085934
HMGB1,0.60085744
MXRA8,0.6008544
CD86,0.60085356
HNRNPK,0.60085064
API5,0.60084885
FBF1,0.6008379
CDK1,0.60083145
CSTF1,0.6008001
DMWD,0.6007963
BRF1,0.60078627
FAH,0.60078496
MYLK4,0.60076743
GNPDA2,0.60076237
JMJD1C,0.6007589
CYFIP1,0.6007528
GNB4,0.60074323
GOSR1,0.6007403
IFI16,0.6007294
CAD,0.6007256
EEF1B2,0.6006988
DSN1,0.60069686
FOSL2,0.6006914
FAF2,0.60067475
FTSJ3,0.6006548
LYPLA1,0.60064435
KDM4A,0.60064375
ARIH2,0.6006404
LAMA4,0.6006352
AK9,0.6006321
HNRNPC,0.6006182
KLHL20,0.60057217
DISP1,0.60055673
BUD13,0.6005485
HDAC10,0.60054827
GOLM1,0.6005344
HNMT,0.6005251
GARNL3,0.6005227
KANSL1,0.6005092
BECN1,0.600497
FARSA,0.60049224
GGCX,0.6004896
AKR1B1,0.6004726
DCTN2,0.6004694
EIF5B,0.6004633
CACNB2,0.6004631
HSPA8,0.6004554
ARL8A,0.60044634
APLP2,0.6004419
HSPB11,0.6004381
ITM2B,0.6004217
MKNK1,0.60041434
MLF1,0.600414
CERS4,0.60040474
DDB1,0.6003777
IGBP1,0.6003741
LPXN,0.60036397
DHX9,0.6003608
ARHGAP6,0.60035473
GDPD1,0.6003459
ARNTL,0.60033196
HLA-E,0.60032755
HACE1,0.6003273
ABCG1,0.60032547
BABAM1,0.6003221
EEF1E1,0.60031503
FBXL17,0.6003006
ESRP1,0.6002978
CERS5,0.6002942
ARL8B,0.60027134
DGKA,0.6002544
IL13RA1,0.6002492
COL4A6,0.6002338
ERF,0.6002245
MBP,0.6002199
CLPX,0.6002152
FRMD6,0.60020494
FOXRED1,0.60020065
HNRNPA3,0.6001922
CHRNB1,0.60019135
MAGI3,0.6001716
CLSTN1,0.600157
FBXO27,0.600134
HOXB4,0.60011744
DHX37,0.6001144
CETN2,0.60010904
GK5,0.6000864
KLHL25,0.6000797
HMGCS1,0.6000756
ATP1A3,0.6000482
CRADD,0.6000314
ADCY6,0.60001975
EIF4G2,0.6000144
FARP1,0.59999955
LYPLA2,0.5999874
FERMT2,0.5999859
GNAI3,0.59998333
HCK,0.59993863
MAML3,0.59992456
HSPH1,0.59992117
KIF5C,0.5999029
DENND4C,0.599899
ERMAP,0.5998697
CNOT10,0.5998473
HAUS4,0.5998405
DDX28,0.5998368
KIF2C,0.5998257
FAM220A,0.599811
HLA-DMB,0.5998001
GART,0.5997928
ATP13A2,0.5997893
CDC42BPB,0.5997717
MAN2A1,0.5997582
IK,0.59975153
FAN1,0.5997503
COL9A3,0.5997494
LRRC41,0.59971625
LDHB,0.59970874
DNAJC1,0.5997065
CBLB,0.59967655
CCDC86,0.5996709
ARAP2,0.5996685
CYBA,0.5996643
KCND1,0.5996321
FANCM,0.5996312
GBF1,0.5996245
EIF2D,0.5996047
AP2A2,0.59959495
LONP1,0.59956545
LAT2,0.5995614
FBXO17,0.59955615
KIF11,0.59954876
ABCD3,0.59954154
FOSB,0.5995374
GRK6,0.59953666
HIPK3,0.59953433
IFT122,0.5995226
LSM14B,0.5995179
GPC1,0.5995165
CLINT1,0.5994926
AXL,0.59947175
MCM10,0.59945834
CTH,0.59945786
AQP3,0.5994554
ASAP3,0.5994446
DPH1,0.59943265
GSPT1,0.5994032
HUWE1,0.5993971
MAML1,0.599367
GLMN,0.599362
HOXB7,0.5993573
MBD4,0.5993558
HEXB,0.5993422
ABCB6,0.59933215
ATPAF2,0.5993273
GTF2E2,0.5992788
GAK,0.5992733
ITPKC,0.59926766
AIMP2,0.59925437
AMOT,0.5992417
DVL3,0.599236
MRPS12,0.5992311
KANK2,0.5992288
EAF2,0.5992062
METAP1,0.59920496
HPS3,0.59919834
IL21R,0.59919083
EFNA3,0.5991804
BNIP3,0.5991796
IDE,0.59916437
COA6,0.59915316
GALNT7,0.59914654
LRRFIP1,0.5991434
CHTF18,0.5991278
ABCA2,0.59911746
LEMD2,0.5991153
COMMD8,0.5991139
PIK3R6,0.599109
FGFRL1,0.5990994
IMPA1,0.5990953
CLDN1,0.5990847
AP1S3,0.59907204
KPNA2,0.5990701
AFF1,0.59906
BLOC1S6,0.5990421
ECH1,0.59903526
ADAR,0.5990135
HSPA6,0.598995
CLPB,0.5989939
GMEB1,0.5989887
CNIH1,0.5989859
LPIN2,0.5989829
FAAH,0.5989826
HELQ,0.5989757
BMI1,0.59894824
ICAM2,0.5989465
LPL,0.59893703
HEXIM2,0.5989096
LAMB1,0.59889585
KCTD1,0.59889317
FMNL3,0.59887856
ESYT1,0.59887564
IQSEC1,0.59886545
INCENP,0.5988581
IQCB1,0.59884727
METTL21A,0.59884244
HLA-DPB1,0.59883255
HLA-C,0.5988133
IL15,0.59881216
GAPVD1,0.598803
HNRNPLL,0.5987987
GSTK1,0.5987824
ITSN2,0.59877855
LCMT1,0.59877825
AUP1,0.59876835
CHN1,0.5987646
CREB3,0.598763
ITPK1,0.5987466
GPR183,0.59872997
ARHGAP26,0.5987294
CLK1,0.5987228
HS6ST1,0.5987126
FUCA2,0.5987069
CPEB2,0.5986964
ETFA,0.5986872
IL16,0.598686
HSPA9,0.59866923
ALKBH8,0.5986514
DNAJC3,0.5986366
CDC25B,0.59862727
FBN1,0.59861565
CEBPB,0.5986086
FBXW9,0.5986045
COX10,0.59859985
CABYR,0.5985742
HECTD1,0.59857094
COL5A2,0.59856653
MCL1,0.59855753
IWS1,0.59855515
FOXP4,0.5985483
GJA1,0.59853524
INO80,0.5985198
HLA-B,0.5985051
PHAX,0.59847003
HEBP1,0.5984395
MFAP2,0.5984351
MGAT3,0.5984294
LYPD6,0.59842664
EPCAM,0.5984245
GAPDH,0.5984203
MYO9A,0.59841734
NAGLU,0.5984143
IFNAR2,0.59840816
CDC37,0.5984034
IGF2R,0.5984029
ITGA3,0.59839916
IL20RB,0.59839624
GNA14,0.5983716
COMMD5,0.59835887
FNIP1,0.59835535
GNG12,0.598353
NEU3,0.59832036
ME2,0.59831274
MED26,0.59830993
GALNT12,0.59829485
HLA-DRB1,0.5982801
MRPS11,0.5982635
BLOC1S4,0.5982572
HIPK2,0.5982464
HLA-F,0.59822375
IREB2,0.5982142
CDK9,0.5982083
GYG1,0.5981963
HLA-DPA1,0.5981834
MAPKAPK5,0.598178
LGMN,0.59814686
EPB41L4B,0.5981422
LINGO1,0.5981294
EXPH5,0.598128
CKAP2,0.5981149
BMP1,0.59811133
EYA3,0.5980999
BTRC,0.59809
HLX,0.59808975
MCM4,0.59807384
ITGB1,0.5980642
MBOAT1,0.59806097
DVL1,0.5980264
COL1A2,0.59802467
MVD,0.59802085
IGFBP4,0.59801424
INSIG1,0.59797835
JAZF1,0.59797525
IMPA2,0.5979712
CDC20,0.5979599
LRRC8D,0.5979476
CD99L2,0.59794587
MRC2,0.5979427
MYO1C,0.59793705
ALYREF,0.5979332
LLGL2,0.5979317
IRF2BP2,0.59792525
ARHGAP18,0.5979089
IL2RG,0.59790707
MRPS35,0.5979034
MAP4K1,0.5978952
FBXL12,0.5978947
MTMR9,0.59789366
KIF22,0.5978881
JMY,0.59788567
FIS1,0.5978779
MMP11,0.5978693
GORASP2,0.59785783
LRFN4,0.5978547
JUP,0.5978215
KLC1,0.59781635
ALDH4A1,0.5978063
ABCF2,0.5977955
RSAD2,0.59778714
KIF3B,0.5977754
MRAS,0.59777504
MYL6,0.5977739
NLE1,0.59777075
CHP1,0.5977544
HMGA1,0.5977455
HSPBP1,0.59774506
KRT18,0.5977428
GATA6,0.59774107
ISYNA1,0.5977024
ARSJ,0.5977009
CHMP4A,0.5976917
ATG5,0.5976836
GTF2IRD1,0.59767765
CD200,0.59764117
LDB1,0.5976277
DCAF13,0.5976127
KIF1B,0.5976045
LUC7L,0.59759134
EPB41L3,0.59758997
CDC25C,0.597573
GYS1,0.5975681
KPTN,0.5975578
ITPR3,0.5975341
GABPB2,0.5975334
HIRA,0.59753203
MAGED2,0.59749913
IL4R,0.5974987
CSTF2,0.59748274
FBXL19,0.597464
IFT81,0.5974566
DRG1,0.5974468
LDLRAP1,0.5974354
HNRNPH3,0.5974313
MATN3,0.59742594
DNAJB9,0.59740126
ISY1,0.5973482
HLTF,0.5973478
NUDT9,0.5973436
EFTUD2,0.5973381
MAP2K7,0.59733796
PLCH2,0.5973325
CCDC12,0.59733164
ASNS,0.5973155
FBXW2,0.5973125
HMGN1,0.59730494
GLS,0.597301
HDAC4,0.5972777
HEATR1,0.5972483
LAMTOR4,0.5972237
MTMR3,0.5972123
CACNA1H,0.5971959
LPCAT3,0.59719473
FANCL,0.59717786
HADHB,0.5971762
CHST14,0.5971583
GNPTAB,0.5971461
LDLR,0.5971353
MCMBP,0.59713125
CNOT11,0.597102
ARL2,0.59709644
EIF2AK3,0.5970881
NDUFS3,0.5970707
MBOAT2,0.5970678
MAP3K8,0.5970633
NRF1,0.5970454
ING3,0.5970428
MGST1,0.59700876
GCFC2,0.59699667
FUT8,0.5969802
LIMA1,0.5969762
ITGA7,0.59692097
FAM120B,0.5969192
EMC4,0.5969189
MTDH,0.596914
GOLGA2,0.59687775
DHX16,0.59687144
CACYBP,0.59686786
KNTC1,0.5968531
KRIT1,0.5968415
IFT46,0.5968287
MRPL2,0.5968067
MED9,0.596795
ARHGAP11A,0.5967919
MYO6,0.59677505
DYNLT1,0.59675723
ASPHD1,0.59674823
IFI44,0.596745
ELP2,0.59674025
DENND4B,0.59671485
NANS,0.59671223
INPP4B,0.5967064
MOV10,0.5967004
CD40,0.596669
MRPL51,0.59666735
GEMIN6,0.5966614
DHX33,0.59666115
FBXO2,0.5966588
NFYB,0.59662837
GSTM4,0.59658957
KIF3A,0.5965697
AAR2,0.59652275
EXOSC6,0.5964952
MAPKAP1,0.59646106
A1BG,0.59645104
CAPN2,0.59645045
MTA2,0.59644884
KDM4B,0.59644884
DHRS1,0.5964482
CNNM3,0.5964463
CCS,0.5964136
IRF1,0.59640956
DOCK6,0.59639126
ERRFI1,0.59638685
LAS1L,0.5963764
MAMLD1,0.5963748
DYNC2H1,0.59637165
CDK7,0.5963253
MAP3K6,0.5963179
INPP5B,0.59628147
RPP25L,0.5962773
CHCHD1,0.5962428
MAPK11,0.59623224
FBXW8,0.59622943
KIF1C,0.59621096
DPH6,0.59618413
MAPK8IP1,0.5961797
MRPL53,0.5961786
NDUFA1,0.59616643
ABCA7,0.59616405
MAGT1,0.5961575
COQ6,0.59615684
GPR180,0.59615135
GOT1,0.5961292
LRIG2,0.59610844
DCAF4,0.59610003
KPNA5,0.5960919
LPIN1,0.59609
METAP2,0.5960869
CRMP1,0.5960752
LTB,0.59607446
CEP250,0.59606373
MKKS,0.59605646
C1GALT1,0.59605306
IBTK,0.5960526
DENND2C,0.59603614
AP3M2,0.5960009
KIF21A,0.59599835
NDUFA6,0.5959787
DSP,0.5959727
MGAT5,0.59596753
CDC14B,0.5959484
LYAR,0.59594333
LPAR2,0.5959081
IFT27,0.59590364
KIF15,0.5959011
NUS1,0.5958996
GPSM1,0.5958648
KRT7,0.5958579
EPB41L2,0.5958338
MNAT1,0.5958331
INTS6,0.5958155
HOXB6,0.5958094
ATF7,0.59580773
DDX11,0.59580535
LPCAT1,0.5958044
HMG20B,0.5957951
FOXK1,0.5957921
NDUFAF1,0.59576124
GFER,0.595745
MTIF2,0.59573704
PUS3,0.5957217
JDP2,0.5957198
DNAJC9,0.5957168
KCNMA1,0.59569734
ARHGEF26,0.5955524
FMN1,0.5955445
NUP37,0.5955435
CLASP2,0.59553856
JUNB,0.5955167
FCGR2A,0.5955129
MYO9B,0.5955065
LRP10,0.5955032
ITGA11,0.59547544
GAR1,0.5954391
ELMO3,0.595417
LSAMP,0.59539837
GAN,0.59536487
ITFG2,0.59535617
DENND6A,0.595344
ARG2,0.5953311
GLA,0.5953308
CPSF1,0.5952938
MECOM,0.5952927
LGALS3BP,0.59529173
FKRP,0.595291
LPIN3,0.59528786
GINS3,0.5952858
KLHL9,0.595273
FBP1,0.59526026
MLYCD,0.59524953
GDI1,0.59524834
HSD17B8,0.59524226
IL18BP,0.59523875
MRPL50,0.59523004
CWF19L2,0.5952219
LMO4,0.59522116
ABI3,0.59521896
MAN2A2,0.59521055
NEDD8,0.595194
FAT4,0.595168
DYNLL1,0.59516716
INPPL1,0.5951589
METTL4,0.59515595
DPY30,0.595139
HERC3,0.5951326
B3GALNT2,0.5951245
COPS6,0.5950898
MRPL45,0.59508777
DDX1,0.5950785
MAP2K5,0.59507465
MACF1,0.5950691
ODF2,0.5950667
ESD,0.5950571
MANF,0.59503776
LARP4B,0.595015
ECD,0.5950142
NR2F2,0.5950132
MKLN1,0.5950065
ENO2,0.5949937
IFT52,0.59499204
LGALS8,0.59498596
ARL13B,0.59495723
INPP5K,0.59495634
KRT80,0.5949446
DMPK,0.5949315
ING1,0.5949192
IMPDH2,0.5949152
FLOT1,0.5948938
CASZ1,0.59488887
MAD1L1,0.5948886
MRPS24,0.5948687
IFT74,0.594867
IPO8,0.5948655
KPNA6,0.5948455
DDX20,0.59480894
AMPD3,0.5948009
LTBP4,0.59479934
ARHGAP12,0.59479654
BCAP31,0.59479535
HECTD3,0.5947691
MED29,0.59472
HEPH,0.594699
KANSL2,0.5946907
ARHGEF37,0.5946283
B3GAT3,0.59460425
CBLL1,0.5945901
ARHGAP4,0.59457904
MRI1,0.59456986
FBXO25,0.5945519
MARK3,0.5945442
ECSIT,0.5945332
KCMF1,0.59452397
DCP2,0.59452194
FNBP1L,0.59450746
LAMC3,0.5944933
AFMID,0.5944706
LGR4,0.5944613
AGMAT,0.5944597
HNRNPU,0.5944379
LEF1,0.59443337
HSPA1A,0.594433
AGTRAP,0.5944324
NES,0.59443116
PTPN22,0.59443104
CPT2,0.5944278
CMTR2,0.59442455
HIPK1,0.59441745
ITCH,0.59441245
FNTB,0.5944012
MRPL33,0.5943993
NAA25,0.5943822
LARS2,0.5943786
MRPL17,0.59437746
EFNA1,0.5943744
MAP3K2,0.5943225
EIF2A,0.5943148
L3MBTL1,0.5943057
GIT1,0.59430134
LTN1,0.5942951
KDELR2,0.5942872
ATG14,0.59427965
PAK4,0.5942757
KMT2E,0.594267
GRPEL2,0.5942524
MX2,0.59425104
DCAF11,0.59424937
KCNS3,0.5942184
FJX1,0.5941914
EARS2,0.59413654
HMOX1,0.5941355
IVNS1ABP,0.5941252
HDAC6,0.59411323
MSMO1,0.5940944
MOCOS,0.59409046
CCDC68,0.5940492
MAST2,0.5940461
NDUFB4,0.5940441
ADAMTS5,0.59402734
F2R,0.5940244
NECAB3,0.59400886
MED19,0.5940018
ECHDC1,0.59397256
HGSNAT,0.5939714
CDC5L,0.5939665
MAP4K4,0.59395105
LRP1,0.59394675
LAMB2,0.5939414
HERPUD1,0.59393793
ALDH9A1,0.5939364
GCC2,0.59392774
ENOPH1,0.5938977
FLRT2,0.59388626
HSPA4,0.5938862
BCKDK,0.59388137
FZD1,0.5938665
DCAF12,0.59383774
ITGB2,0.59382707
IFT80,0.5938173
P2RY6,0.5938154
MAN1A1,0.59381264
MDK,0.5938098
AMDHD2,0.5938058
DNAJC2,0.5937972
DNM1L,0.59379256
LAPTM5,0.5937816
CYP2R1,0.59377384
EBNA1BP2,0.59377146
LSS,0.59376067
NEIL2,0.593733
CENPT,0.59373194
GCH1,0.59372115
LBR,0.5937144
HM13,0.59370023
CITED2,0.5936907
MDC1,0.59368855
ATP8B1,0.5936494
MAP4K5,0.59362304
FOS,0.59360003
ATG9A,0.5935779
NOL6,0.5935313
BAG5,0.5934543
GMIP,0.5934114
IMP4,0.5934076
ME1,0.5933947
MRPL28,0.5933857
MEF2A,0.5933749
CDKN3,0.5933722
LSM11,0.5933501
HOXA7,0.59334403
CCDC93,0.5933389
MFAP3,0.5933096
CWF19L1,0.5932952
MRPS6,0.5932812
COL16A1,0.5932731
HIF1AN,0.5932622
IARS2,0.59325755
NUFIP1,0.5932445
L3MBTL2,0.5932413
PDLIM7,0.59321356
LRSAM1,0.5932105
GTF2E1,0.5931965
OSBP,0.59319246
IFT20,0.59318966
DNA2,0.59318584
AKT1S1,0.5931171
NR1D2,0.5931041
BOLA1,0.59309125
NAA35,0.5930816
NSMCE2,0.59306294
LRR1,0.5930568
EPC2,0.5930536
MYH10,0.5930498
KIF20B,0.59304225
LAMC1,0.59300977
NMT1,0.5929874
MAP1LC3B,0.59298694
MSL2,0.5929865
ATG4A,0.59297585
DNAJA3,0.59296894
KLHL5,0.59296006
ORC6,0.592942
KIF13B,0.59292877
NSUN4,0.59291613
NCSTN,0.59291494
COG1,0.5929078
ARSB,0.59288484
FZD2,0.59287524
LRP6,0.59287053
KCNMB4,0.5928642
COL15A1,0.59283674
LXN,0.59283394
ALAS1,0.59282595
INPP5E,0.59282035
NCAPD2,0.592803
ME3,0.59277844
GRHPR,0.5927287
LMO7,0.5927213
ETNK2,0.5926941
GUSB,0.592693
NUMB,0.5926874
CYP2D6,0.5926858
FZD4,0.59268564
E2F5,0.59267104
MCM3AP,0.59266484
AMT,0.59265035
MIF,0.59264904
HADH,0.59262925
FBXL14,0.59260684
HMOX2,0.5926029
HAGH,0.5925876
NCK1,0.5925841
ACTR1A,0.5925674
FANCB,0.5925541
KIF20A,0.5925484
GPNMB,0.5925479
LMNB1,0.59254783
MYO15A,0.59254616
PAG1,0.59251416
ARHGEF2,0.5925067
HYOU1,0.5924837
NOP16,0.5924668
IPMK,0.5924545
CRELD2,0.5924502
ITGB5,0.5924385
KIF13A,0.5924158
MBOAT7,0.59241563
KIF3C,0.5923917
NR2C2AP,0.5923686
GNAL,0.5923641
ARHGEF25,0.59236246
MRPS27,0.59234387
HAUS1,0.59230936
BTC,0.59230095
IL1RAP,0.5922976
MRGBP,0.59229636
MBNL1,0.59229475
PPIE,0.5922665
COG7,0.5922628
MOK,0.5922375
KLHDC3,0.59223026
MED25,0.59220713
DNAJB14,0.59219486
EXOSC7,0.59218395
CTSB,0.5921812
NAA16,0.59217525
ILK,0.59217
MTIF3,0.5921664
LYRM4,0.59214324
KPNA3,0.5921397
ALG2,0.59210765
IRF2BP1,0.5920988
MTMR7,0.5920809
MDH1,0.5920787
MBTPS1,0.5920783
CEP120,0.5920663
MBTD1,0.59204865
FEZ2,0.5920314
ALS2CL,0.59202874
OPRL1,0.59202415
EXOC2,0.59201455
MIF4GD,0.59198236
BLOC1S1,0.5919823
MFAP1,0.5919718
GGT7,0.5919193
MEIS2,0.59189
LOXL3,0.5918804
COASY,0.59186333
AQP1,0.59184474
GTF2H3,0.591844
ATP6V1D,0.59183663
MAD2L2,0.59182876
NUDC,0.59181404
CYB5R4,0.59180677
DCTN3,0.59174836
FBXO8,0.5917473
MAP4K3,0.59174377
NPC1,0.5917378
KPNA4,0.5917334
FBXL2,0.5917291
KRI1,0.5917273
GUF1,0.5917062
PAFAH1B3,0.59167874
SCIN,0.5916571
MCM5,0.5916507
APOE,0.59161806
KIF4A,0.5916081
MTMR12,0.59159976
G6PC3,0.5915568
INPP5F,0.59155333
KCNAB2,0.5915515
BTN2A1,0.59154886
GSK3A,0.5915414
MPRIP,0.59154093
MGAT2,0.5915165
EXOC6,0.59150875
DFFA,0.59147644
FKBP15,0.59147125
NDUFS6,0.59141517
PANK1,0.5913728
NAPA,0.5913514
FAM98A,0.59134614
GLCE,0.5913384
NAF1,0.5913265
NCAPG2,0.59132457
DUSP4,0.59132355
LSG1,0.5913131
PFDN5,0.5912945
NOSIP,0.5912813
NDUFS7,0.59127986
ABCB4,0.5912719
MTHFD1,0.5912719
LUC7L3,0.5912713
MAPRE3,0.5912592
MAD2L1,0.59125787
ALS2,0.5912389
NFATC4,0.5912367
ALOX5,0.59122133
PFDN6,0.59115076
COPS5,0.59114194
CHEK1,0.5911358
APOBEC3F,0.591135
MAPK14,0.5911245
GEMIN5,0.59111565
ORC2,0.5911109
MFGE8,0.5911041
MEGF8,0.5910897
MRPS21,0.59108835
MBTPS2,0.59108806
ATF6B,0.5910785
MTHFD2,0.59104717
NHP2,0.5910396
MCM7,0.59102625
MRPL11,0.59101665
NAGK,0.5910044
KIF23,0.59099966
MADD,0.5909934
POLRMT,0.590965
GTF2F1,0.5909618
CROT,0.59095836
OSTM1,0.5909139
MFHAS1,0.5908945
MAT2A,0.59088683
NADSYN1,0.5908747
AP4M1,0.5908723
INO80B,0.5908477
MATR3,0.5908274
CTSO,0.59082705
GRAP,0.5907926
AMPH,0.59077394
FCHO1,0.5907384
MRPS15,0.5907359
FBXL3,0.5907217
MPP5,0.5907084
HMBS,0.5907063
ERLIN2,0.59068614
APOBEC3B,0.5906804
NMRK1,0.59066474
NCOA1,0.59066474
RASGRF2,0.5906458
FBXO6,0.5906439
CSTF2T,0.5906224
IMP3,0.59060186
NUBP1,0.59059924
MAPK6,0.590578
MAPK7,0.59057754
MED28,0.5905622
MPHOSPH10,0.590545
MYL6B,0.5905402
GNS,0.5905353
BEST1,0.59052145
APOL1,0.59049773
NR3C1,0.59049386
MBD5,0.59046364
PACS2,0.59045225
BIN3,0.5904252
MAN2B1,0.5904194
NUDT16,0.59039986
ADCY4,0.5903919
HOMER1,0.59036934
FBXO45,0.5903454
METTL22,0.5903178
OS9,0.5903142
KDM3B,0.59030104
LFNG,0.59029615
MTMR14,0.5902935
MRPL48,0.5902913
LAMA5,0.5902879
NEIL1,0.59028286
NCOA2,0.590263
MFN1,0.5902533
MEX3C,0.59020835
MPDU1,0.5902033
KMO,0.5902031
MED6,0.5901923
ACADSB,0.59018165
MRPS26,0.5901671
KHSRP,0.5901548
MEF2D,0.5901285
LIPA,0.5901212
B3GNT8,0.59011847
DNASE2,0.59009576
EFNB3,0.59009564
ATP6V0A2,0.5900594
ARAF,0.59005594
MED14,0.5900547
ADH5,0.59004205
NNT,0.59003806
FUZ,0.5900255
NAA38,0.59002346
ERN1,0.5899864
DNAJC10,0.5899852
HES4,0.58998233
ORAI2,0.5899724
NECAP2,0.5899575
MCCC2,0.5899523
INTS5,0.58994097
MRPL55,0.58993745
ESF1,0.5899366
MAPK12,0.5899235
LTBP1,0.5899179
NKIRAS2,0.5899156
MSL3,0.58989924
CHN2,0.5898951
EXOSC4,0.5898782
ENTPD4,0.5898668
KIDINS220,0.5898362
ACSF3,0.5898165
ADAMTS4,0.58980834
GTPBP10,0.5897948
CFL2,0.5897724
CHFR,0.58976877
NASP,0.58974797
MRPL27,0.589734
NEK9,0.5897228
MRPL19,0.58970094
BIRC2,0.58967584
LSP1,0.5896619
MCM2,0.5896549
NT5C3A,0.58965164
MCPH1,0.5896511
HECTD2,0.5896169
DTX3,0.5896146
BAG4,0.5895934
GPR89A,0.58956635
DYSF,0.589554
MRPS10,0.58955365
MCTS1,0.58954895
NCOA6,0.58954257
KALRN,0.5895169
IKBKG,0.589511
IPPK,0.58945656
CPT1A,0.5894477
LEPROT,0.58943605
ANGPTL4,0.5894338
EID3,0.58942723
COX6A1,0.58940446
IRF2BPL,0.58940434
GSTM3,0.58938915
ASAH2,0.58938885
LEMD3,0.58936375
AGL,0.58934766
DENND1B,0.5893159
MED16,0.5892842
KLHDC2,0.5892607
MED21,0.5892541
CDH5,0.5892347
NDOR1,0.5892086
NUDT5,0.58920705
DECR1,0.58919704
BANP,0.589196
NDUFAB1,0.58917844
MARK2,0.5891732
MIS12,0.5891571
OTUB1,0.58914876
AP5B1,0.58911824
NUP88,0.5891124
MDN1,0.58910626
MCC,0.5891026
MCAT,0.5890826
MKNK2,0.58908194
CMPK2,0.58908105
KLHL3,0.5890805
ADAMTS12,0.58907896
ACACB,0.5890785
CCNDBP1,0.5890586
MRPL37,0.5890468
CYTH4,0.5890423
GNPTG,0.58900845
PSMB6,0.5890024
NUBP2,0.58899516
GNB2,0.5889829
MRPL44,0.5889676
GALK2,0.5889585
KIF2A,0.58895034
COX17,0.5889452
NELFE,0.5889437
KLHL11,0.58892363
ACAA2,0.58892214
AKAP8,0.588915
POLR2K,0.5889095
MRPL35,0.588901
MBD3,0.58889425
PPP1R15B,0.5888535
CDC7,0.5888367
IDH3B,0.5888249
ADA,0.58882093
GSDMD,0.58881384
ACOT7,0.58881265
MDFIC,0.5888115
NELFCD,0.58880526
ECHS1,0.588795
NCAPH2,0.58878756
BHLHE41,0.5887824
NDUFS8,0.58877945
BBS12,0.58876914
AP5S1,0.5887455
DONSON,0.58874136
ELMO1,0.5887286
NDEL1,0.58870673
DDX51,0.5887014
LTBR,0.588677
DPH2,0.5886763
CD4,0.588655
ADAMTS1,0.58865345
MLKL,0.58864295
MLEC,0.5886313
CAMLG,0.588601
CIB2,0.5885591
HECA,0.5885527
BAG2,0.58854544
COL8A2,0.5885274
CUL4B,0.58852166
ATP2A3,0.5885133
IFT172,0.5885094
MOB1A,0.58847594
MYO10,0.5884613
GMPR,0.5884609
ANAPC2,0.5884533
GON4L,0.5884325
KLHL21,0.5884146
RAB18,0.58839214
KRT10,0.5883835
NIPSNAP1,0.5883551
INIP,0.5883411
GADD45GIP1,0.5883267
C5,0.58828586
MFN2,0.5882848
NME2,0.5882708
NAA40,0.5882201
MANBA,0.5881933
NBAS,0.5881919
KDM1B,0.5881812
MPHOSPH6,0.5881335
NUDT12,0.5881267
CHCHD5,0.58812386
ATP6V1E2,0.5881153
LIN7B,0.5881116
ATPAF1,0.588106
GLYCTK,0.58809966
CHI3L1,0.5880987
MED15,0.588088
CEACAM1,0.58808714
MED24,0.5880811
MEAF6,0.58807105
CTBS,0.5880604
NME4,0.5880532
MINK1,0.5880344
MIEF1,0.5880082
MMS22L,0.5879428
IL2RB,0.58794165
LIG1,0.58792317
PDK3,0.5879224
LRP5,0.587911
PELP1,0.5879027
MYCBP2,0.5879014
MPZ,0.58789676
FBXO4,0.5878902
ITGB3BP,0.58786803
MCU,0.5878634
NUDT21,0.5878618
NDUFV2,0.5878481
APOBR,0.58784735
MEIS1,0.5878343
OAS1,0.58782536
IDUA,0.5878223
NAB1,0.5878213
LMAN1,0.5878188
B3GALT4,0.58780926
RPL26L1,0.58776844
MYBL2,0.5877673
C12orf65,0.5877487
MAGOH,0.58773774
ACER3,0.58772314
ATG16L1,0.5877117
OSBP2,0.5877054
ALG8,0.58769
E2F6,0.5876862
MZT2B,0.58768576
IGFBP7,0.5876844
INTS4,0.58767486
MRPL30,0.5876421
MORC2,0.5875825
CETP,0.58753675
PCCB,0.587439
MTX2,0.58742166
ALG13,0.5874169
KIF17,0.58738834
MGRN1,0.58737475
NUP50,0.58735967
AGA,0.5873389
OSBPL1A,0.58733773
LCLAT1,0.58731556
FEZ1,0.5873087
NSUN2,0.58730364
MCRS1,0.5872973
NFIX,0.5872771
ALCAM,0.58727527
NAP1L4,0.58727324
EHMT2,0.5872628
COMMD2,0.5872181
LIG4,0.5872105
CALCRL,0.5871946
GNL3,0.5871903
CARD6,0.58717924
DUT,0.58717513
OXNAD1,0.58715653
CYTH2,0.587154
MAP1S,0.5871362
CLIC3,0.58713526
HAUS2,0.5871345
KCTD6,0.58712655
AP4E1,0.5871101
AIF1,0.587069
MSL1,0.587045
PLCD3,0.58704364
NUTF2,0.58704025
FZD5,0.58703285
POLR3GL,0.58701617
MLST8,0.5870076
MRPS34,0.587
MKRN1,0.5869961
CLDN23,0.58698964
MAGOHB,0.5869882
MIEN1,0.5869708
NLRP1,0.586956
CHCHD10,0.58695287
LMAN2L,0.58694136
GDF15,0.5869011
ABLIM2,0.58689904
MTM1,0.58688056
CASP1,0.58687854
NDUFAF6,0.58686656
MLXIP,0.586856
CISH,0.5868543
DHPS,0.5868275
ANGPT2,0.58682483
KIFAP3,0.5867986
MAP4K2,0.5867949
HOXA10,0.5867924
GINS1,0.58678657
CHRNA10,0.5867498
LSM2,0.58674496
DDX50,0.5867414
MOB1B,0.5867145
ITGB1BP1,0.5867057
NPR1,0.58668613
PAXIP1,0.5866803
ALKBH6,0.5866741
NDRG2,0.5866715
NDUFV1,0.5866486
GAA,0.58663964
NGLY1,0.5866183
NHS,0.58660954
ADAMTS9,0.58659774
NDUFA10,0.5865973
NCAPG,0.5865941
MBIP,0.586579
MRPS9,0.58657604
MGLL,0.5865681
KIF7,0.58656144
ICAM1,0.5865491
APBA1,0.5865455
KIAA1549L,0.5865348
CACNA1C,0.58652616
MAFK,0.5865168
MMADHC,0.5865151
KCNJ14,0.5865085
ANO1,0.58648854
MAPK8IP3,0.58647
MAN2C1,0.58644974
MRPL34,0.5864383
GPN3,0.58643687
DTNB,0.5864324
ABCE1,0.5864296
NOL9,0.58639395
MFSD10,0.5863832
IRAK1,0.58636457
NMNAT2,0.5863529
ELK1,0.5863496
ACOT1,0.5863468
MAN1B1,0.5863422
PSMC1,0.5863386
MGA,0.58632165
ASB2,0.5863167
ADAMTS14,0.5863138
NUDT19,0.5862896
ADAMTS2,0.58626026
MRPS22,0.5862572
NDUFS1,0.58624655
DNAJA4,0.586235
PEX1,0.5862312
NVL,0.58622015
LIN7C,0.5862198
ARHGAP19,0.5861902
GEMIN2,0.58618844
HYLS1,0.5861765
MTHFD1L,0.58616865
ACP1,0.5861632
NOP9,0.5861555
MCM9,0.5861478
GSPT2,0.5861365
CPLX1,0.5861342
CLDN15,0.5861145
MZT1,0.5861137
PIK3CD,0.5861122
MYL12B,0.5861
MSRB3,0.5860999
NRP2,0.5860855
PDE12,0.5860377
GTF2A2,0.5860245
MTR,0.5860198
MPC1,0.5860146
MRTO4,0.5860099
GNE,0.5860052
CUL5,0.5859939
PDPR,0.58598125
KATNB1,0.58597046
HAUS5,0.5859687
ABI2,0.58595437
MED27,0.5859535
CD248,0.58594656
PAGR1,0.5859438
CMKLR1,0.5859438
NUDCD3,0.58593035
ITGB7,0.58590025
LIG3,0.5858917
ATP7B,0.5858873
IQCE,0.5858403
ATP6V0B,0.5858364
FZD7,0.58583415
DUSP1,0.5858331
AKR1C1,0.58583283
OMA1,0.5858184
ANAPC16,0.5858065
NMD3,0.5857933
NDUFA3,0.5857903
MAP3K4,0.5857842
CEPT1,0.58577114
DCUN1D2,0.5857685
ARHGEF6,0.5857639
LRCH1,0.5857301
NME6,0.5857248
GIMAP8,0.58571863
NFKB1,0.58571833
PRPF38A,0.5857067
L3HYPDH,0.5857003
MED7,0.58568245
CDK5,0.58568
IL2RA,0.5856762
BBS5,0.5856739
PCYT1A,0.58565325
CHRD,0.58564466
PHF1,0.58564204
PDS5B,0.58560264
CD34,0.5855845
NACC1,0.5855835
MTA3,0.5855794
DENND1C,0.58557695
GPAM,0.5855692
NEO1,0.58555996
PTPRO,0.5855267
PTGFRN,0.58552104
MBD1,0.5854995
METTL14,0.5854889
MYCBP,0.58545923
PYGL,0.58545893
MZF1,0.5853997
MAP1B,0.58539695
ADAM28,0.58539444
LIMS1,0.585393
ACYP1,0.58538526
INO80D,0.5853597
GABPA,0.5853388
PERP,0.58532387
NR2C1,0.5853114
LIN9,0.5852944
KLC4,0.5852825
KRR1,0.58525354
GAB1,0.58524764
CACNA2D4,0.58524114
HPS6,0.585221
NDC1,0.5852001
CHST7,0.5851929
ARHGEF15,0.5851735
MAN1A2,0.585148
GPN1,0.5851384
PLP2,0.58512855
NOP10,0.5851214
CSTA,0.5851095
CYP3A5,0.5851075
DES,0.5850879
IL11RA,0.58508766
CLEC7A,0.5850629
CYP2J2,0.5850474
COL5A3,0.58499825
CNTRL,0.5849959
KRT19,0.584976
H6PD,0.5849478
CD163,0.5849364
COPZ2,0.58493334
ACOT8,0.5849271
MRPL10,0.58490825
MBD2,0.58489114
PABPC4,0.5848797
PLK3,0.58485115
CFB,0.58484674
PDE7A,0.58484006
NFYC,0.58483905
HPS5,0.58483696
GATM,0.58481693
MON1B,0.5848062
NEDD4L,0.5847983
NT5C3B,0.58479077
ORC3,0.58473635
AKAP5,0.5847267
CUL2,0.5847245
COPS8,0.5847239
LOXL2,0.58471596
QDPR,0.58470297
OAZ2,0.5846986
NDE1,0.58469284
PDSS2,0.5846912
OCRL,0.58468926
GAS2L1,0.5846865
PARK7,0.5846744
LRP12,0.5846607
IL6R,0.5846584
PCNT,0.5846443
MSH3,0.5846442
ORAI3,0.58464175
PRPSAP2,0.5846329
NUFIP2,0.58462185
NBR1,0.5846132
LZTS3,0.5845917
LEPR,0.58459073
PEX2,0.584585
ADRM1,0.5845537
ADAM23,0.58453596
DYNC1I2,0.58451986
MCM3,0.5845173
PACSIN3,0.5844979
PCDHB3,0.5844834
KIF14,0.5844815
MRPL49,0.5844523
LPCAT4,0.58444506
MRFAP1,0.58442026
NSMCE4A,0.5844121
LSM3,0.5843949
PHACTR1,0.5843918
APLF,0.5843907
AIP,0.58438426
ACOT11,0.5843624
BTN3A1,0.5843623
MTUS1,0.584361
PRPF4B,0.58434397
SDS,0.5843301
PITPNA,0.5842988
OSTC,0.58429754
CEP290,0.5842966
CD2,0.5842909
MAFG,0.5842888
MCUR1,0.5842859
DGKE,0.5842814
PTPRS,0.58426285
LAMTOR3,0.58426124
IRAK4,0.58424866
CXCL16,0.5842389
MYADM,0.5842218
ACSL4,0.5842025
HCCS,0.58418703
OPHN1,0.5841753
NFATC3,0.58416975
MRPS16,0.58416945
AKR1C2,0.58414906
IL17RD,0.58408844
NIPA2,0.5840584
NUP160,0.58404535
ACSM3,0.5840392
BATF2,0.5840322
NAA60,0.58402586
PHYKPL,0.5840067
MX1,0.58400273
GPN2,0.58398485
HDAC9,0.58397627
POLH,0.5839653
DFFB,0.58395845
PANK2,0.5839447
GATC,0.5839079
NDUFS4,0.5838364
NOMO2,0.5837895
LRRC4B,0.58378786
COG2,0.5837847
MAPRE1,0.5837832
ENPP1,0.5837522
NSUN5,0.58375156
APOC1,0.58370525
MGAT4B,0.5837034
ACSS1,0.5837033
LIN54,0.58366877
CBX8,0.58365524
NDUFB5,0.58361536
NAA15,0.58360016
NOLC1,0.5835991
ADAM19,0.58359116
NHEJ1,0.58356565
MED13,0.58356136
ADAMTS13,0.583554
NONO,0.5835531
OTUD5,0.58354676
DCAF17,0.58354133
PPIL6,0.58353764
LIMD1,0.58352447
FAM111A,0.583517
NPHP1,0.583491
MR1,0.5834692
PRPF18,0.5834639
PNO1,0.58343124
CAMK1,0.5833935
C3,0.5833639
NAGPA,0.58335066
NAT10,0.58334905
NUP205,0.5833454
MIA3,0.58332235
PFKFB4,0.5833206
LONP2,0.58331925
MRPS5,0.5833176
OPA1,0.5833169
ACAT2,0.5833067
PARD3B,0.5833028
METTL7A,0.5832912
POLR2L,0.5832766
PLCB3,0.58325016
NAA50,0.5832499
PPA1,0.58322793
POP1,0.58322215
FUT4,0.5831979
NAP1L1,0.58318293
FPGT,0.5831778
EPHB6,0.58317024
PRMT7,0.5831681
ABCB10,0.5831605
CLDN11,0.58314455
HPS4,0.58312136
ANKRA2,0.5831072
C1orf162,0.58310586
CDK3,0.58309835
NAA10,0.5830914
PLCB2,0.58308905
IRS2,0.58306503
CCNYL1,0.58305377
IRF7,0.58305156
MAT2B,0.58302605
ACP5,0.5830255
MRPL20,0.5829954
MYL12A,0.58293176
AIFM1,0.58292454
PEX10,0.5828997
ABCD4,0.58288836
CUL7,0.58286023
NOD1,0.58284897
POLD3,0.58280593
NPNT,0.5827986
POM121,0.5827973
ALAD,0.5827943
NFE2L1,0.58279264
PAIP2,0.58277535
ARSA,0.58276415
PHB2,0.5827576
DOCK11,0.58271164
AADAT,0.5827086
HSD11B1L,0.58270395
MAFF,0.5826919
SMOX,0.5826624
NCKAP1L,0.58266157
CCDC97,0.5826071
HYI,0.5826037
NUP188,0.5825891
OAZ1,0.5825855
MRPL46,0.5825728
ACE,0.5825563
PHF5A,0.5825554
MAU2,0.582547
MICU2,0.5825315
NUP210,0.58250815
CACNA2D2,0.58247554
ACOX2,0.5824664
NOC2L,0.58244216
MTF2,0.5824218
AKTIP,0.5824191
OXCT1,0.58235306
POLR2D,0.58234805
ARHGAP27,0.58234495
MORF4L1,0.58234465
NR6A1,0.58234316
GRK4,0.5823413
B9D1,0.58233005
CRY2,0.5823105
IKZF4,0.5822989
NFRKB,0.5822954
PREX1,0.5822629
NOM1,0.58225507
NCKAP1,0.582234
NUDT16L1,0.58222175
DISP2,0.5822212
MRPS18A,0.58220685
ATP2A1,0.5821995
GALNT18,0.5821737
PSME4,0.5821664
AKR1B10,0.5821476
PNN,0.5821449
MTA1,0.58212984
RABEP2,0.58212924
ABCD1,0.582115
ATG16L2,0.5821056
PCBP4,0.58210087
NFU1,0.58209443
NDUFA11,0.5820913
AK1,0.58208466
LLGL1,0.58206683
ACAP1,0.58204234
ABCF3,0.5820394
IDH3A,0.58203846
RIPK1,0.5819881
ALDH5A1,0.5819575
NOP56,0.5819504
HACL1,0.5819103
FBXO32,0.5819089
PRMT6,0.5819071
ACER2,0.5819059
LYZ,0.5818958
ACD,0.5818668
NTAN1,0.5818653
CYSLTR1,0.58185935
NRBF2,0.58184975
ARHGAP33,0.581837
GBP4,0.5818357
AGER,0.5817926
APBB1IP,0.5817718
IL17RC,0.5817492
BAK1,0.581734
NIPBL,0.5817326
NSDHL,0.5816806
KRBOX4,0.5816705
MFSD12,0.5816634
REV1,0.581658
ABTB1,0.5816131
MRPS30,0.58159477
EAPP,0.5815853
ACO1,0.5815509
ANAPC13,0.5815506
NKIRAS1,0.581539
PLK2,0.58152753
ALG3,0.58150774
CAT,0.5815076
KCNJ2,0.58150214
ADSL,0.58146983
ACP2,0.5814601
PANK3,0.5814591
GMPPB,0.5814584
PTGES2,0.581447
LY86,0.58144605
NEU1,0.5814424
NDUFAF2,0.5814061
MALSU1,0.5813658
MT2A,0.5813541
BAMBI,0.58135265
ADRA2A,0.5813488
CARD9,0.5813436
MRPS7,0.58130926
AGPAT2,0.58130056
PDHB,0.581298
ACAA1,0.581295
NCL,0.5812851
ACADM,0.58128345
PCBD2,0.5812771
BGN,0.58127695
ACOT2,0.58126444
PCGF3,0.58124703
ARL4D,0.5812264
PAQR5,0.5812219
PAFAH1B1,0.58119625
PWP1,0.58117723
NUB1,0.5811687
LRRC49,0.5811618
AASDHPPT,0.5811265
HIP1R,0.5811234
KHDRBS3,0.5810791
ABLIM3,0.58107656
CREB5,0.58106464
ACSS2,0.5810526
ABR,0.5810459
ACAT1,0.58103746
ADAMTS10,0.5810373
PRDX6,0.5810344
MPG,0.5810294
NDUFB10,0.58102673
APBB3,0.58102226
MRPL3,0.5809992
PCCA,0.58095574
B3GALNT1,0.5809317
MRPL16,0.580927
AGGF1,0.58091885
NEK7,0.58091575
CNGA1,0.58089733
ACOX3,0.58089536
MELK,0.5808946
PHB,0.58088064
NEK6,0.5808773
CYP39A1,0.5808762
CCR10,0.5808641
PELI3,0.5808461
ABCF1,0.58083946
NUMA1,0.58083266
PTCD1,0.58082217
OBSCN,0.58080673
PCDH1,0.5808056
ACAD8,0.58079
MTMR2,0.58075505
PHKA2,0.58074427
PGRMC1,0.5807357
PALLD,0.58072954
NDUFB1,0.5807003
CAPN5,0.5806749
MOB2,0.5806501
NAE1,0.58064777
POFUT1,0.580609
NR5A2,0.58060414
BDKRB1,0.5805951
NFIA,0.5805924
PSMF1,0.5805906
NOL11,0.5805863
MSRB2,0.5805774
ANO2,0.5805649
DCN,0.5805483
PCID2,0.5805345
PABPN1,0.5805299
OIP5,0.5805274
PLCL2,0.58052677
HAUS3,0.5805266
COL6A3,0.5805132
NPHP3,0.58051294
ACOT13,0.5805107
NFKBIZ,0.58050036
MPI,0.5804905
NUP93,0.58048594
OXSR1,0.58048016
KLHL42,0.5804772
NDUFS2,0.5804459
CHMP2B,0.5804169
PNPLA6,0.58041453
IRAK2,0.5804036
MAP3K5,0.58039623
NCK2,0.58038265
MLH3,0.5803714
COLQ,0.5803622
NDUFA4,0.5803165
RBCK1,0.5803017
PGAM1,0.58028966
PAICS,0.5802834
PKP3,0.58025414
MUS81,0.5802434
FHL1,0.5802153
ABHD12,0.5802022
ODC1,0.5802017
ALDH16A1,0.58019817
ITPKB,0.5801975
ACAD9,0.580195
ARSD,0.58019066
PIK3R3,0.58018696
PUF60,0.5801848
GPR68,0.5801762
PC,0.58016205
AGK,0.5801478
ABI3BP,0.5801386
PIK3C2A,0.5801308
LSM10,0.58011514
NEK1,0.580108
PLCL1,0.5800947
POLA2,0.58007824
ADPRM,0.5800704
ACSL1,0.580059
CXCL14,0.5800576
ACBD3,0.58005494
NDUFB8,0.5800441
CEL,0.58003837
GTPBP3,0.58001226
ADAT2,0.5799893
PPP1CC,0.5799728
CUBN,0.5799443
ACADS,0.57994217
PNPLA4,0.57993627
NFX1,0.57993233
PDXDC1,0.5799287
PFDN2,0.5799246
ECM1,0.5799202
ACOX1,0.57991064
PTPN9,0.579905
PGM2,0.5799041
ACOT4,0.5798881
AP4S1,0.5798876
BATF3,0.5798802
MAP3K7,0.57987183
GAS8,0.5798625
C12orf66,0.579861
POLR2B,0.5798392
BUD31,0.5798267
MICA,0.57981926
MTMR1,0.5797849
MAP2K6,0.5797514
NPC2,0.5797467
PRICKLE3,0.5797439
DERL2,0.579717
ACVR2B,0.5797157
KCNJ15,0.57971036
ALG10,0.57970405
BNIP1,0.5796695
B3GNT4,0.5796546
ACSL5,0.5796441
KMT2B,0.5796269
HEXIM1,0.57961804
MED20,0.5795946
LNX2,0.57958704
NAPG,0.57956886
POLDIP3,0.57956827
DISC1,0.5795681
NLN,0.5795665
RNF135,0.5795653
C9orf72,0.5795237
FMO4,0.57952005
EIF4E3,0.5795027
MIDN,0.57949567
MAPRE2,0.5794891
NUP107,0.5794838
ACVRL1,0.57946914
PREB,0.57945496
PFKM,0.5794548
PTRH2,0.5794468
MOCS2,0.5794245
PGAP3,0.5794177
NUP153,0.5794071
ARHGEF4,0.57939494
ALDH1A1,0.57939404
NPLOC4,0.57937825
NDUFA12,0.5793768
BLNK,0.5793613
RAB11A,0.57933366
LRRC40,0.57931966
POLL,0.57931954
POLR3G,0.57929105
ITGA5,0.5792851
PPM1D,0.57924944
DLL1,0.57924813
CYP27A1,0.57924527
NPM3,0.57918274
MRPL22,0.57917625
CX3CL1,0.5791749
PNISR,0.57917345
PLEKHA7,0.5791729
ATG2A,0.5791641
AGAP2,0.5791575
APH1B,0.5791376
PGP,0.57912624
DPP4,0.5791163
PDRG1,0.5791109
LMBR1L,0.5791045
CMTM1,0.579069
PAQR8,0.5790499
NCOA7,0.57902586
CDK20,0.5790101
MERTK,0.5790089
FCGRT,0.57900524
LMOD1,0.57900083
PPP1R10,0.57898897
CD38,0.57896113
KCNH2,0.5789362
FBXL22,0.57893306
HOMER2,0.57890797
CCT6B,0.57889503
IPP,0.5788655
PIH1D1,0.5788316
MIB1,0.57879144
PARP2,0.5787862
PRPF40B,0.5787685
PDIA3,0.57874507
ANTXR2,0.5786901
CBX2,0.5786897
DHDH,0.5786448
RPL22L1,0.57863665
MEMO1,0.57863307
NFIL3,0.57860166
PRKRA,0.57859826
PPIL1,0.5785759
ORMDL1,0.5785702
IL17RB,0.5785671
NLRX1,0.57856345
PDE8B,0.57851857
NDUFB9,0.5785033
PRDX2,0.5785026
NCBP2,0.5784597
NUSAP1,0.5784402
PIF1,0.57842016
PARP3,0.5783983
MRPS18B,0.57839113
PHLDA1,0.57833266
PDE1A,0.5783304
NOP58,0.5783149
SCCPDH,0.57830656
PKN2,0.578272
DNAH1,0.5782508
PKN3,0.5782499
MAP2,0.57824355
NRIP1,0.57823384
CD180,0.5782295
GSTM2,0.5782135
ALDH3B1,0.5781862
CD5,0.5781819
POLR3B,0.57816374
MIER1,0.57815725
PPP1CB,0.57815725
HSPA1B,0.57814693
FRS3,0.57812804
PLXNB1,0.57812047
PLA2G4A,0.57810956
RPIA,0.57809275
CLEC2B,0.57808846
PLK1,0.57807225
PDCD4,0.5780617
PKP1,0.5780462
NR1H2,0.5780449
P4HA1,0.57803756
PCDH7,0.5780326
COL6A1,0.57798696
KRTCAP2,0.5779755
CLCF1,0.5779659
PDLIM5,0.57795024
PDCD11,0.57791895
PARP4,0.5779082
RANBP3,0.5779073
DHX58,0.5778679
POLR1B,0.57784545
PHLPP1,0.57782423
AOC3,0.57780993
LONRF1,0.5777981
NFKBIA,0.57777655
MID1IP1,0.5777761
ALG11,0.5777709
PSMD8,0.5777659
PMF1,0.57775915
PSMD9,0.5777322
MATK,0.5777252
ANPEP,0.5777148
PARD6B,0.57771456
ENGASE,0.57769215
OLA1,0.57769156
PEX11B,0.5776874
NPAS2,0.5776837
PA2G4,0.5776496
NUAK1,0.5776407
SF1,0.577608
PHC1,0.5776017
PCYT2,0.5775954
MFF,0.57759047
PSMD3,0.5775822
OSBPL5,0.57758105
PIGT,0.5775611
CYP7B1,0.5775359
MAPK3,0.5775309
E2F2,0.57749283
FCER1G,0.5774643
MYO7A,0.5774632
ISCA2,0.57745546
RAD54L,0.5774552
PARD6G,0.5774488
MRPL41,0.57740116
PDS5A,0.57739776
PPP1R7,0.5773903
MAN2B2,0.5773879
COX18,0.5773858
PGD,0.57737064
PPP2CA,0.5773663
FBXO15,0.5773501
DHRS3,0.5773215
DTX3L,0.5773028
MPP6,0.5772922
NDRG3,0.5772849
NDST1,0.5772721
PAWR,0.57721835
PACSIN2,0.577217
ACIN1,0.5771746
PPRC1,0.57716084
PAK1IP1,0.57715696
POGZ,0.5771282
RNF19B,0.577127
HRH1,0.5771211
NFATC2IP,0.5771209
TBC1D10C,0.57708764
MTMR6,0.57708
PGGT1B,0.57706213
HES1,0.57703507
NRBP1,0.5770206
NARS2,0.5770185
NDUFA8,0.5770042
CXCL10,0.5769953
PIK3C2B,0.57698673
EGR2,0.5769845
PICK1,0.5769657
CRY1,0.57696533
CD36,0.57696193
GK,0.5769536
ID2,0.57691175
PKD1,0.5769083
ASB13,0.5769026
KIF21B,0.57686865
NUDT3,0.5768606
RRN3,0.57682776
CARD10,0.57681865
GDAP1,0.57679933
MYSM1,0.5767932
PIGF,0.5767918
NBEAL2,0.5767897
PHF21A,0.5767822
PIGK,0.57677823
KIF26B,0.5767618
PSMA1,0.5767322
PDE4B,0.5767174
PSMB7,0.5766871
RNF11,0.5766572
PSMC5,0.57664335
PIK3R5,0.5766328
PPP2R2A,0.5766308
POLK,0.5766227
ACTL6A,0.5766119
APRT,0.5766059
NELFB,0.5766048
ANO7,0.57659996
MS4A4A,0.5765779
RACGAP1,0.5765671
EDNRA,0.57653785
PRR5,0.57651055
RPAP3,0.5765018
DUSP6,0.5764948
PPARD,0.5764875
PNP,0.5764478
MCM8,0.5764444
PTPN2,0.57643175
PEX16,0.57642245
RAB3GAP1,0.5764121
CD96,0.5764089
PARN,0.57640374
ALG12,0.57640225
PARD3,0.57638234
CD247,0.57637984
PAF1,0.5763779
ADAM22,0.5763774
KCNC4,0.5763587
GNLY,0.57635134
PPP4R2,0.57634383
ACTR1B,0.576341
NSMCE1,0.5763334
PDGFC,0.5763264
LATS1,0.57631457
NUCB1,0.57627743
MIS18BP1,0.57623804
PNPT1,0.5762135
NTN1,0.5762133
MMAB,0.5762047
ADM,0.5761881
ORMDL3,0.57617486
MYO5B,0.576134
PLOD2,0.5761251
MON1A,0.57612294
PRKAR1B,0.57611597
KLC2,0.57610685
PABPC1L,0.57610524
OAS3,0.5761018
RFX7,0.5760915
MYL5,0.57607925
GKAP1,0.5760491
OCLN,0.5760357
MYLK,0.5760217
SHMT1,0.576009
NCBP1,0.57598525
OXSM,0.57595855
ALKBH3,0.57595605
PEX14,0.5759556
PLEKHM2,0.57594365
PEX13,0.575919
HHAT,0.57590604
PRKAA1,0.57587934
GSDMB,0.5758724
HSD11B2,0.57587117
SHF,0.57585746
RRM2B,0.57584363
PDP2,0.5758373
ARHGAP11B,0.575813
PI4KA,0.57579106
SCO1,0.5757732
LYPD3,0.5757616
NUF2,0.5757364
RBL2,0.5757307
COPS4,0.5757211
DOLK,0.5756941
PNRC2,0.5756906
PIR,0.5756718
NADK2,0.57567173
PSMB4,0.57566977
HSPA4L,0.5756565
RRAGB,0.5756479
KDM8,0.5756385
RAB3GAP2,0.57563233
FOLR2,0.5755843
MICAL2,0.5755812
MAK16,0.5755743
PFN1,0.5755591
POLR2A,0.57555073
ORC5,0.5755505
PAIP1,0.575539
PPFIA1,0.57553464
POLR3A,0.5755343
MCCC1,0.57552916
PIP5K1A,0.57552046
MAD2L1BP,0.57548225
NUP62,0.57547635
LAMA3,0.57547283
FECH,0.5754705
NOMO1,0.57546675
NDUFAF5,0.5754657
IL17RA,0.57546014
RAD52,0.5754557
RAP1B,0.5754485
MRPL21,0.5754297
RANBP1,0.57541794
STX11,0.5754105
ITGB4,0.5753533
IL10RB,0.5753376
KCNQ1,0.5753373
GOLGA1,0.5753347
CRAT,0.5753324
MPP2,0.5753313
NID1,0.57532823
NLRC5,0.5753022
POLR3D,0.57530135
RAB14,0.57529414
PAPOLA,0.57528406
INTS1,0.57527465
PJA2,0.5752609
PRPF40A,0.5752367
PTBP2,0.5752231
SORL1,0.5751997
NSA2,0.5751994
PVR,0.57518584
PSAT1,0.57518214
PDE3B,0.57517785
NCAPH,0.57516736
POLA1,0.575158
DCHS1,0.575142
PRDX1,0.5751382
EXOSC8,0.5751376
PLEKHG2,0.57511747
PPP1R11,0.5751114
PLXNA1,0.5751048
NUP155,0.5751035
FGD5,0.57509625
PSMG3,0.57508564
GALC,0.5750701
JMJD6,0.57504976
PHKG2,0.5750474
NINL,0.5750466
PDE7B,0.5750425
CSPG4,0.5750188
RBM8A,0.575007
PHC3,0.5750068
C15orf48,0.5750034
PLD1,0.57499814
IRAK3,0.57498384
PTP4A3,0.57496184
KCNIP4,0.57495546
PLXNA2,0.57495254
PDK2,0.5749379
ECE2,0.57492787
PES1,0.574907
PARVB,0.5749034
NEIL3,0.57487357
PTPN13,0.5748648
SDF2,0.5748633
PPP1R18,0.57485896
DGKQ,0.5748547
MYBBP1A,0.57484955
POLI,0.57483774
AP5M1,0.57483244
NEDD9,0.5748188
PPP2R1A,0.57480013
PPP6R2,0.57479626
ORC4,0.5747944
FLNC,0.5747755
PIGM,0.5747754
HTRA2,0.57476074
NDUFA13,0.5747492
SIKE1,0.57474023
PUM1,0.57473814
OGDH,0.57472664
MED23,0.5747247
NR2C2,0.57472306
PARP14,0.5746981
ASB7,0.57468915
CEP76,0.57462037
PPIF,0.57461876
GLS2,0.57460374
PIP4K2A,0.5745921
NPRL3,0.5745803
RHNO1,0.5745788
HSCB,0.5745734
PTDSS1,0.5745673
EXOC3L1,0.5745603
NDUFA5,0.5745556
SETD6,0.5745536
RAD18,0.5745402
PLOD1,0.57452726
STX7,0.5744794
RMI1,0.5744626
LMF2,0.57446045
NOL10,0.57444865
PKIA,0.57443494
RBM14,0.574432
PCYOX1L,0.5744283
PEX19,0.5744063
PAN3,0.5743662
FBXL7,0.5743294
MRPL38,0.57431924
MED4,0.5743175
PSMD12,0.5743101
PDE4D,0.57430786
PTDSS2,0.57430404
EME1,0.574303
PPFIBP2,0.5742677
LNX1,0.57425624
NUBPL,0.57425547
PURB,0.57425344
PKP4,0.5742497
RNF8,0.5742245
CHKB,0.5742046
FUT2,0.5742041
PSMA7,0.5742015
NCF2,0.5741956
RNF41,0.5741823
OPLAH,0.5741657
MTFMT,0.57416487
PLRG1,0.5741629
MSX1,0.5741374
PSMD7,0.5741323
NAPB,0.5740842
PEMT,0.57407266
PRKCA,0.5740372
DSC2,0.5740215
CASP10,0.5740121
EIF2B4,0.57399887
PLAGL1,0.57398564
COQ3,0.57397425
MECR,0.5739729
PPP2R1B,0.5739686
F5,0.57396793
PCK2,0.5739588
PDE6D,0.57394737
PPIB,0.57392824
PPM1A,0.57389665
NELFA,0.57389665
SCNM1,0.5738931
PIWIL4,0.57389146
ATG3,0.5738778
ALG1,0.5738756
GIPR,0.5738752
NDN,0.57386076
PIK3C3,0.5738572
NEK8,0.5738336
MED17,0.57381564
RAD51D,0.573802
PGM1,0.57379806
PLXNB2,0.5737948
POLR1E,0.57378244
HSPA1L,0.573778
STRIP2,0.57377243
PDCD6IP,0.57376814
SGSH,0.57375133
PFKL,0.5737392
PEF1,0.57373446
PDCL,0.5737108
PLOD3,0.5736751
SDC3,0.57367194
SLC25A22,0.5736579
RAB40B,0.57363975
PLCB4,0.57363737
PDLIM1,0.5736081
PRPF8,0.5735549
RAP2A,0.5735519
MRPL39,0.5735423
MINPP1,0.5735221
PRKCE,0.57351893
PPL,0.573503
NR4A1,0.5734954
PIGU,0.573456
RAB5C,0.57345533
PKM,0.5734458
NFATC1,0.5734214
NRP1,0.5734192
IL17RE,0.5734168
MID1,0.5733985
PPP2R5B,0.573374
PHF19,0.5733647
PEX6,0.573361
RHBDF1,0.57335126
PPP1R12A,0.5733427
RFC5,0.573324
LRG1,0.57330084
PHF20,0.57329977
DYRK1B,0.5732942
MSH5,0.57329005
CXCL1,0.5732674
PI4KB,0.5732635
PLAA,0.57323515
NMRAL1,0.5732194
RCCD1,0.57319343
RAB38,0.57318825
NOP2,0.57317126
FGR,0.57316345
RNF34,0.57316095
DUOX1,0.5730952
PIGS,0.5730534
MSRA,0.57305115
BAIAP2,0.57304424
PTPN14,0.57304037
PDE10A,0.57303745
PELI1,0.573027
PFKFB3,0.5730238
LAMP2,0.57298374
PUM2,0.5729761
NOMO3,0.57297564
KCNMB3,0.57297075
PPM1K,0.5729694
PPP4C,0.5729691
GBP5,0.572954
GGT5,0.57294995
NADK,0.57294524
PDE3A,0.5729405
PRKAR2A,0.5729398
POLR2H,0.5729318
NOB1,0.5728883
PLCG2,0.57287794
FRK,0.5728779
POU2F1,0.57286716
PDHA1,0.5728562
PDXK,0.57283914
PPP1R15A,0.57283366
RMDN2,0.572832
PRR5L,0.572813
SLC35A2,0.5727752
POFUT2,0.5727521
NOTCH3,0.5727517
PSMD11,0.5727455
MYOF,0.5727221
SRF,0.5726523
RNF216,0.572631
SCMH1,0.57262737
ELOVL7,0.5726104
RFXAP,0.57259333
RHOBTB1,0.5725603
INO80C,0.572533
NEMF,0.57253206
EPHB3,0.57252806
PUS1,0.57251364
RASSF2,0.5724815
RCSD1,0.57247967
CDKN2AIP,0.5724665
NGFR,0.5724412
MCF2L,0.57242376
PRKAG2,0.57241213
PLEKHG5,0.57240975
NAGA,0.5723873
IL18R1,0.5723539
NUP54,0.57233816
KREMEN1,0.57231617
PSMC2,0.5723159
MVP,0.5723093
PRKCH,0.57228386
FAM160A2,0.57226396
PRDX4,0.5722365
PDCD6,0.57222235
PRKCI,0.5722117
ALG9,0.5721989
PMPCB,0.57218677
POLR2G,0.572153
PLEKHA2,0.5721515
RRP9,0.5721424
CBR4,0.57213557
SCP2,0.57206005
NUP133,0.57205945
RAP1GAP,0.5720413
C1GALT1C1,0.57203794
NLK,0.5720094
RPE,0.5719907
NME3,0.57199025
PPP1R13L,0.5719895
PEX5,0.57198423
FAIM,0.57196325
NDUFV3,0.57195526
PLXND1,0.57194847
PRR12,0.5719385
RABGAP1,0.57191205
SASS6,0.57189107
MPHOSPH8,0.571878
OGT,0.57186556
RAB24,0.5718637
PAM16,0.57185453
PTPRA,0.57184
MBD6,0.57183284
NCEH1,0.5717984
POLR2C,0.5717873
DMTN,0.5717737
APBA3,0.57176316
PCSK7,0.57176226
PDPN,0.57175535
PELI2,0.57174695
NCAPD3,0.57174104
LPCAT2,0.5717182
RBM4,0.5717108
OTUD7B,0.57169783
MOAP1,0.5716385
PAK6,0.5716258
NAPEPLD,0.57161415
RPS13,0.57161075
PSME2,0.5715769
PEX26,0.5715552
LMBRD1,0.57152003
NPHP4,0.57150984
APOBEC3G,0.57150334
NDUFAF7,0.5714966
KBTBD6,0.5714826
PPP2R5A,0.5714755
POMP,0.5714525
MARVELD3,0.57142866
RAI1,0.57142264
PGAP1,0.57140255
PTPN1,0.57138085
PPP3CC,0.5713634
NFASC,0.57136303
NET1,0.57136303
SELPLG,0.5713411
CLIC2,0.57130826
RFC2,0.5712949
PARS2,0.5712909
PGM2L1,0.5712724
STAG3,0.5712444
REV3L,0.57121736
NSMAF,0.5711607
MPP7,0.57116
MRPL47,0.57115734
FZD8,0.5711553
PKN1,0.5711382
RIT1,0.5711125
NME7,0.57110614
PDPK1,0.5710738
PLA2G15,0.5710685
MTMR4,0.5710653
KTI12,0.57105386
NABP1,0.57103485
POLE3,0.570994
PPP4R1,0.570985
SDCCAG8,0.57097733
RAB11FIP3,0.57096374
GALM,0.57095796
RAB4A,0.5709412
PDIA4,0.5709022
PTPN12,0.5708803
PFKP,0.5708613
RHOJ,0.57085925
RCC1,0.57085854
PPIP5K2,0.5708517
PSEN1,0.57084846
NR1H3,0.5708351
NPTN,0.57079667
PUS7,0.570787
PATL1,0.5707731
F12,0.5707727
PGS1,0.570766
NOP14,0.5707462
KCTD15,0.570725
RRP7A,0.57071924
PMEPA1,0.570717
PEA15,0.5707132
PHKB,0.5706982
NFKBIB,0.57069796
BRF2,0.5706352
PPP1R16B,0.570613
NMT2,0.57060057
GPER1,0.5705936
PITRM1,0.57058704
GAB3,0.57058656
PRKAB1,0.5705839
CCNE2,0.5705675
RPL17,0.57056135
POLQ,0.5705607
NRCAM,0.57054925
POLG2,0.5705145
PSMB3,0.57049656
RBFOX2,0.57049114
OTUD3,0.5704802
PECR,0.5704581
PHC2,0.57044125
BDKRB2,0.57041144
MRPL24,0.5704046
RBM25,0.5704004
PRKCSH,0.5703511
RAB1B,0.57031834
RAD51C,0.57031554
PLCG1,0.5703009
PSME3,0.5702939
PBK,0.5702722
RBM22,0.57026434
DNAAF2,0.5702478
RAB6B,0.5702457
IL12RB1,0.57024395
PSMB1,0.5702355
BBS7,0.5702256
PIKFYVE,0.57021177
RUFY1,0.5701723
NMI,0.5701501
RRAGA,0.5701473
PPP5C,0.57014084
RECK,0.57011074
EPHX2,0.5701026
PLEC,0.5700947
PMVK,0.5700681
SERBP1,0.5700118
RALGPS2,0.5700042
RDX,0.5699888
PIP5K1C,0.5699767
PRKDC,0.5699674
RAD23A,0.56995773
PIGL,0.56991184
SF3B5,0.56990445
CLUAP1,0.5698999
PTPRM,0.56987697
PARVA,0.56985235
SF3A1,0.56979305
RASAL2,0.56974447
POLR2J3,0.5697265
MCM6,0.56971896
U2AF1L4,0.5697155
PHF8,0.56969154
ELMO2,0.5696327
RPL10A,0.56961316
RGS10,0.56960076
PFN2,0.5695873
ADAMTSL4,0.5695642
RAPGEF1,0.5695627
PRC1,0.56952584
PSMC3,0.5695105
MMP17,0.56948787
PPCDC,0.56947136
RASSF1,0.5694692
PSMD2,0.569431
PTPN23,0.56941986
HK3,0.56940484
RNF123,0.56937516
SLC1A3,0.56937253
MED8,0.5693688
NUDT14,0.56936693
ORC1,0.56932706
DNAH5,0.5693212
PAPSS1,0.5693059
NT5C,0.56923705
PSAP,0.5692324
MOSPD2,0.56922525
PSMB10,0.56920785
LCMT2,0.56915545
RAB30,0.5691307
B4GALT3,0.5691136
PINK1,0.5691007
SMNDC1,0.56909555
PXN,0.569087
MSX2,0.569074
RABIF,0.56906885
PSMD1,0.56906515
SERPINE2,0.5690561
PIK3AP1,0.5690474
NAA20,0.5690415
PPP6R3,0.56900424
KLHL22,0.56898713
NOL12,0.5689842
SYF2,0.5689762
MRPL18,0.5689641
POLD2,0.5689492
RFC4,0.5689152
JOSD2,0.5689135
HEY2,0.5689117
PFKFB2,0.56888205
PPP1CA,0.5688707
RAB5B,0.56886894
PTK2,0.5688678
PPP1R13B,0.5688393
PLS1,0.56882274
NOC3L,0.5688206
DPP7,0.5688175
RABEPK,0.56881434
QRSL1,0.56880873
NLGN2,0.56880516
PYCR1,0.56877023
PJA1,0.5687274
KIF27,0.5686905
RARB,0.5686612
PGAP2,0.5686303
PIGG,0.568626
ROBO1,0.56861913
PANX1,0.5686136
PIGQ,0.5686086
RAB1A,0.56858855
S100PBP,0.5685869
SH2B2,0.5685722
PBX3,0.5685712
MOCS1,0.5685638
RFX3,0.56856275
RGS5,0.56844574
FDXACB1,0.5684377
PASK,0.56843454
RBBP7,0.56839484
RER1,0.5683936
PIGB,0.5683935
SLC7A6,0.5683857
RERE,0.56836915
GTF2H4,0.56835675
GNG11,0.56835604
HOPX,0.56835157
SMARCD3,0.5683389
PDE4A,0.5683219
COQ10B,0.56832016
PPM1F,0.56831884
NRL,0.5683142
RLIM,0.56831366
SEMA3C,0.56829435
PPP1R14B,0.5682829
PTPRJ,0.5682738
RALGAPB,0.56827295
RAP1GDS1,0.5682629
P2RY11,0.5682507
PPP2R5C,0.5682471
PKD2,0.56824625
RBM5,0.5682184
PDCD7,0.568154
EPB41L5,0.5681368
TBCC,0.5681279
PYGM,0.5680956
RPN2,0.5680551
HARS2,0.5680404
LZTFL1,0.5680369
SPAG16,0.5680273
POLR3E,0.56800145
SEL1L,0.56794214
TAOK3,0.56793815
RGL1,0.567932
PAFAH2,0.567929
HERC5,0.56789494
PSMB5,0.56785786
SORT1,0.56785774
SENP3,0.56783897
SUMO3,0.5678226
INHBB,0.567812
SCARA3,0.5677418
PPM1L,0.56773055
PDE8A,0.5677215
RHPN1,0.56771284
RBM39,0.5677097
QSOX1,0.56769294
PPP2CB,0.56768614
RAPH1,0.5676686
PYGB,0.56762534
PSME1,0.5676253
PARVG,0.56762516
PAQR3,0.56759906
PLXNA3,0.5675849
PTGIR,0.5675833
APOO,0.56757796
NCF4,0.5675767
RCC2,0.5675675
SEC11C,0.567567
PAAF1,0.56754065
NCLN,0.5675389
RALBP1,0.56751937
RAB11B,0.56751674
PRPS1,0.56746423
PLEKHA8,0.5673916
IL1R2,0.56738603
PLEKHG6,0.5673808
NNMT,0.5673551
RPP40,0.56734526
PLIN2,0.56733924
RNF114,0.5673347
CIDEB,0.5673333
RAD51AP1,0.56732416
PCGF5,0.5672933
RAN,0.56728417
MARK4,0.5672805
RHOT2,0.5672518
PQBP1,0.5672503
PDK4,0.56722665
RBX1,0.5672104
EFNB1,0.56720716
ROR1,0.56719226
FADD,0.567182
SARDH,0.5671774
RNGTT,0.56717664
PAN2,0.5671713
RFC1,0.5671631
SHQ1,0.567155
PTMA,0.5671239
SLAMF1,0.5671004
PDCD10,0.56707746
NEK2,0.5670452
RAB8B,0.56703454
PHLPP2,0.5670261
GRHL1,0.56700826
PIP4K2C,0.5669686
SAT2,0.56694883
RMDN3,0.56694555
PANK4,0.5669434
NOL8,0.56694335
FBLN5,0.5669286
RPS21,0.56692785
PER2,0.5669123
RIF1,0.5669075
RPL7,0.56689835
CLN3,0.56689006
PGM3,0.5668686
RBBP4,0.56686693
MMACHC,0.56684333
DLC1,0.5668417
DET1,0.5668389
PPP3CA,0.56680685
SHCBP1,0.56678396
PAPSS2,0.5667773
PIGC,0.5667391
SPARC,0.56672496
PPP3CB,0.56672484
RPL18A,0.5667058
MMP15,0.5666919
NANP,0.5666565
PTN,0.56665593
FPR1,0.5666491
RTN3,0.56664085
SCNN1A,0.56661284
PRKAB2,0.5665973
POMGNT2,0.566547
MAOB,0.5665346
TAMM41,0.5664937
PLA2R1,0.5664745
SRGAP1,0.5664735
HSPA13,0.5664538
TERF2,0.5664524
PEX3,0.56644315
RAB34,0.5664429
DALRD3,0.5664408
RAB6A,0.56637686
SH3PXD2A,0.56637335
PSMB2,0.56632537
PPM1B,0.5663194
GCSH,0.5663127
RINL,0.5663086
ITGB3,0.566281
RAB3IP,0.566243
ITGA8,0.56623983
RHOBTB3,0.56622773
SEC16A,0.5662152
SERPING1,0.56618994
S100A6,0.5661869
MRPL9,0.56614816
COL11A2,0.56614584
ORMDL2,0.5661341
POLR1A,0.566127
PIAS3,0.5661186
RAB31,0.5660851
SBF1,0.5660691
SCFD1,0.5660658
GPR160,0.56606066
PIK3R4,0.56603676
PPP2R5E,0.5660184
RCOR2,0.56595343
RAD54B,0.5659413
RAB13,0.56593835
PSMD4,0.5659182
RPL19,0.5659095
RCOR1,0.5658983
NTPCR,0.56585896
NR4A2,0.565844
PDXP,0.5658317
RUVBL2,0.5658173
PARP12,0.5658073
MPND,0.56580204
PIGP,0.5657983
SF3B3,0.56575614
LIN37,0.5657495
PEX7,0.5657198
LRP4,0.5657184
NDUFAF3,0.5657077
ROCK2,0.5656975
SEC62,0.56567895
SMPD1,0.56566924
RASA3,0.5656613
SCAF1,0.5656474
PBDC1,0.56564534
SMC5,0.5656231
RAB37,0.56559825
OPN3,0.5655943
RUNDC3A,0.5655868
PDK1,0.5655685
SARNP,0.5655584
JAM2,0.5655472
NIF3L1,0.565505
DOK2,0.56548494
RPL13A,0.56547713
RPRD1A,0.5654473
OSMR,0.56543887
SETD2,0.56541884
PLCE1,0.5654036
PPP2R3C,0.5653607
PYGO2,0.5653473
NAMPT,0.56533647
SAP30BP,0.56531984
RAB10,0.5652956
SKA3,0.5652931
NSUN6,0.56528366
RBBP8,0.56526923
PGAM5,0.56526136
PSENEN,0.56520736
NPDC1,0.56513613
MRPS17,0.5651171
PCGF2,0.56511
RAB27A,0.565098
SETD1A,0.56504816
BMP4,0.5650459
GID4,0.5650252
PRPF19,0.5649939
SPPL3,0.5649607
NSFL1C,0.5649403
SART3,0.56493723
SLC11A2,0.5649222
SATB2,0.5649211
KIT,0.56491303
NUP43,0.5649078
SKA1,0.5649056
CD6,0.56490475
PTTG1,0.5648891
RBPJ,0.5648843
SH3BP4,0.56488276
RCL1,0.5648801
PBX2,0.56485134
PCSK5,0.5648319
RC3H1,0.56482494
NDC80,0.56480616
RRS1,0.5648022
SPPL2A,0.5647896
REEP5,0.56478846
PHF12,0.56474954
SCD5,0.5647379
SEC22C,0.56473327
RBM19,0.56471384
POLR3C,0.56470215
RTN4R,0.5646773
PRMT5,0.56462026
NFKBIL1,0.56462014
RPL8,0.5646065
SERPINB6,0.5645978
SNRPB,0.5645882
PRPF39,0.56456214
PTMS,0.56453836
PSPC1,0.5645355
OSGEPL1,0.56450045
PFAS,0.56449425
MLPH,0.56449103
THOC1,0.56448245
PLSCR1,0.56448007
RPS7,0.5644768
RPUSD4,0.5644766
GFI1,0.5644663
SCFD2,0.5644661
PLEKHG3,0.5644635
PTPRE,0.56446016
PSMB8,0.5644504
TIMELESS,0.56444484
STARD10,0.56443596
NEDD1,0.5644334
RAB2B,0.56436384
PRKAG1,0.5643581
GADD45G,0.5643552
DCLRE1A,0.5643538
RPTOR,0.56433284
MAP3K9,0.56431544
CYP2U1,0.5642988
NGDN,0.56423503
PRMT1,0.5641975
TMED3,0.56418324
GPX3,0.5641746
PLAT,0.56416905
PRKACB,0.56416845
KCNC3,0.5641653
SREBF1,0.5641471
TANK,0.56410927
RNF7,0.5641092
RBM28,0.5641071
RPS16,0.56408226
RAPGEF6,0.5640792
PPP2R5D,0.56406975
RABGGTB,0.56401974
RASSF8,0.5639775
PSMB9,0.5639723
STX12,0.5639636
HUS1,0.56395715
LIF,0.5639569
RPP38,0.5639437
PPARGC1B,0.5639323
PRCP,0.5639085
NDUFAF4,0.56387913
RPS20,0.56387144
SRPX2,0.5638592
SYNE1,0.5638494
RPS6KB1,0.56382763
GORAB,0.5638173
PURA,0.56380653
RBMX,0.56378543
PRKRIP1,0.56377417
SMARCAD1,0.56377095
SMAP1,0.56376934
SLCO3A1,0.5637679
PRKD1,0.5637636
PTGES3,0.5637626
PTCD3,0.5637576
IFT57,0.56374705
SMCR8,0.56374466
PRDX5,0.56374234
RCAN3,0.56371665
RBBP5,0.5636858
TST,0.56367815
SUPV3L1,0.56366915
RHBDD1,0.56366825
PPARA,0.56366706
MRPL1,0.5636641
RBM15B,0.56365937
PI4K2A,0.56365937
SPSB3,0.56365615
REXO4,0.56360483
PPP1R12C,0.5635972
RAB11FIP5,0.5635732
SHMT2,0.5635723
PIPOX,0.5635591
GCNT4,0.563545
RRP1B,0.5635156
OBSL1,0.56348574
PSMC3IP,0.56344706
F8,0.5634186
PRKD2,0.5633905
PMP22,0.5633887
PTPMT1,0.5633847
PPP6R1,0.56337726
DDHD2,0.56336844
PDP1,0.5633468
SPRTN,0.5633277
SLC25A25,0.5633134
RBPMS2,0.5633126
BFSP1,0.5632872
TIMM23,0.56325305
PRKAR2B,0.56324816
PITPNM1,0.5632434
PTAFR,0.5632314
SH3GLB1,0.56321913
RALB,0.5631881
OSGEP,0.5631849
MRPL13,0.56318015
SLC7A5,0.5631401
TDP2,0.563134
PISD,0.5631218
RPS5,0.56305295
POLR2I,0.5630514
SERPINH1,0.56305134
SMG6,0.5630285
RNF5,0.5630197
PRPF3,0.56301445
STAT5A,0.5630013
LAMTOR5,0.56299686
SEC31A,0.5629966
CTSF,0.5629905
SART1,0.5629659
RAB2A,0.56294835
CASP6,0.5629396
NLRP3,0.56292784
SREBF2,0.5628901
RIC8B,0.56287545
RUNX2,0.5628741
RRP8,0.5628741
RNF220,0.5628673
PPP3R1,0.5628669
IL15RA,0.5628609
PRPF6,0.5628396
RAB9A,0.56283003
RPSA,0.56277025
SNAPC3,0.562768
SACM1L,0.5627669
RCAN1,0.5627405
RPS18,0.56273365
RPS9,0.56272805
PSMC6,0.56268275
LILRB2,0.5626645
RPL12,0.562659
SPAG9,0.5626577
SRRM1,0.5626523
SNRPD2,0.5626427
MTF1,0.56263876
RAB21,0.5626112
RMND5A,0.56261116
RBP1,0.56260705
RPL7A,0.56260633
RHOG,0.5626031
SCLT1,0.5625872
RPL24,0.56257266
SRM,0.5625524
RYK,0.5625447
RBM34,0.56253153
SEC22A,0.562516
SGMS2,0.56251174
PRPS2,0.5625047
RAB5A,0.5625043
NOC4L,0.56248957
REEP4,0.5624863
NXT2,0.5624842
SP3,0.5624345
STK25,0.56243306
PER3,0.56242865
SEC24C,0.5624153
RPA1,0.5624056
SMC6,0.5623998
SEC14L1,0.5623948
SRP72,0.5623869
PHKA1,0.56237996
RRP15,0.5623719
RALY,0.56236476
POLM,0.5623611
PPCS,0.5623521
SENP6,0.56234866
PNKP,0.5623423
PKP2,0.5623178
SPTBN1,0.5622871
S100A11,0.5622638
PRPSAP1,0.56223124
PPP1R9B,0.5622294
SMG5,0.56222326
ST6GAL1,0.5622221
SEMA4A,0.56220585
MS4A6A,0.56218535
SEC24D,0.5621174
SHOC2,0.5621115
GBP1,0.5620897
SCYL1,0.56206685
RPS29,0.562034
SLC12A8,0.5620273
SCAP,0.5620189
RAB25,0.56192493
RANBP10,0.56189966
PTBP1,0.5618942
SAP30,0.5618739
PNKD,0.56186384
TMEM11,0.56185293
ALPL,0.56183124
RPL27A,0.5618236
SSBP2,0.5618212
DOLPP1,0.5618188
SLC26A6,0.5618146
SCAI,0.561808
RETSAT,0.5618047
SLC19A1,0.56178266
RABGEF1,0.5617797
PRNP,0.5617738
RYBP,0.56176466
RICTOR,0.56173944
OAT,0.5617309
SNX17,0.5617256
RNASEH2B,0.5617243
PYCR2,0.56171197
SHPRH,0.56170064
PMPCA,0.5616838
SESN3,0.56164604
SAFB,0.5616213
SH3BP2,0.5616205
PLD3,0.5616124
RASA2,0.56161195
ST8SIA1,0.56158286
PPIL4,0.5615696
SHISA5,0.5615119
TARS2,0.5615089
PLEKHG4,0.56150776
PITX1,0.5615012
TNIP2,0.5614386
RAB11FIP1,0.5614371
SPATA5,0.5614283
RPS11,0.56141454
RNF130,0.5614056
RPRD1B,0.5613617
RTN4,0.5613597
PRDX3,0.56134844
IKBKE,0.56132877
PSMA5,0.5613285
VAMP3,0.56131727
RPL23A,0.5612737
SAP18,0.5612401
RNF168,0.5612313
RTEL1,0.5611899
MIB2,0.56114584
SMC3,0.56111616
TM7SF2,0.56109774
SLC27A5,0.56109494
MRPL54,0.56107044
PDCD5,0.56106514
SNRNP70,0.5610616
SEC61A2,0.5610595
RIN3,0.5610453
GALNT14,0.5610371
NFS1,0.56100607
SFI1,0.56094843
RASAL3,0.5609141
RPL26,0.5609104
RORA,0.56090814
RPL3,0.5609012
RPP30,0.5608884
RGS12,0.5608534
RXRB,0.56084025
PRPF31,0.5608369
TNFAIP8,0.56083083
PEX12,0.5607951
SSX2IP,0.56078583
UBAC2,0.5607817
TMC6,0.5607726
RAB4B,0.56076944
SCD,0.5607692
PSMA4,0.56075907
SKP1,0.5607549
RPRD2,0.5607545
RBBP6,0.56075376
SLC1A1,0.5607258
OAS2,0.5606838
SAMM50,0.5606835
RPL32,0.5606802
PLK4,0.5606121
STARD13,0.5606112
SMYD3,0.5606064
CBR3,0.56060284
SLC25A17,0.5606002
SLBP,0.560597
SIN3B,0.56058264
SEMA3A,0.5605754
STXBP4,0.56054384
STXBP3,0.56053394
SF3B4,0.5605295
TPGS2,0.5605009
PLTP,0.5604725
TBC1D13,0.5604665
SUPT20H,0.5604621
RNF24,0.5604594
RNF138,0.56044364
SNRPA1,0.5604052
LTF,0.5603542
RPS17,0.56032676
MCEE,0.5602794
SH3PXD2B,0.5602647
PCOLCE,0.56026244
RPL11,0.56020766
KAT2A,0.56020695
RANGAP1,0.5602045
RANBP6,0.56020373
SERGEF,0.5601797
SLC3A2,0.56016505
RFC3,0.56016254
SUN2,0.56015354
NOL7,0.56013495
TNFRSF1A,0.56013197
PIGW,0.56006473
SDAD1,0.560041
RPL35A,0.5600302
SMURF2,0.5600293
ASB8,0.56002784
TCP1,0.5600139
RUVBL1,0.55999935
SPTAN1,0.55999744
RNF169,0.5599919
RPL13,0.5599825
SOX4,0.5599693
STAU1,0.55993986
STRN3,0.55991304
STAT1,0.55991125
SNRPD1,0.5598983
RTKN,0.5598792
STRADA,0.55987376
PRMT3,0.5598513
RPLP2,0.55984926
MAP3K10,0.55981386
RPL6,0.5598037
SLC25A5,0.55979645
RPA2,0.55979633
RAB11FIP4,0.5597947
PTPRF,0.55976427
RPL23,0.559761
RECQL,0.55975115
SIAH1,0.55973226
RRP36,0.5597159
SUGP1,0.5597159
SCARB1,0.5597008
SETDB1,0.55970037
TAF6,0.5596987
IER3,0.5596639
RPF1,0.55965686
SERINC3,0.5596558
RABL2A,0.55965286
PPIL2,0.55964655
ITGAM,0.5596389
RNPS1,0.5596322
RFX2,0.55961317
C6orf120,0.55958486
RNF217,0.55956984
RPL15,0.55953
RAD23B,0.55950195
TARDBP,0.5594926
SH3KBP1,0.5594769
RB1CC1,0.559475
STK38L,0.55946904
SKA2,0.5594556
MTO1,0.559453
SOD1,0.559452
RPS23,0.55942446
RAB8A,0.5593442
RPS4X,0.5593421
SH2D2A,0.55933726
SEC11A,0.5592892
SLC6A9,0.5592709
DENND2D,0.5592683
PBLD,0.55919015
SEMA3F,0.5591853
RPL36AL,0.5591707
RNF31,0.55916715
SPDL1,0.5591586
PRKCD,0.5591444
RGL2,0.55914176
SUPT5H,0.55910265
PRPF4,0.5590799
RGS14,0.5590679
PPP1R8,0.559049
GALE,0.5590388
SPRY4,0.55902344
RCOR3,0.5590193
SPTLC1,0.55899554
SMG1,0.55898637
THAP4,0.55897427
SNF8,0.5589682
SBF2,0.5589482
RPL29,0.5589389
PSMG2,0.55891466
RFFL,0.558906
PIAS4,0.55890256
RTCB,0.55889106
PTK2B,0.55889004
STX5,0.5588723
SMARCC1,0.558867
POMK,0.5588485
SARM1,0.55884254
PHF2,0.5588367
RPS8,0.55882066
RAD50,0.5587995
MICALL1,0.55878156
BMP8B,0.55877894
SGMS1,0.5587705
RNPC3,0.55876833
SPR,0.5587424
RPS15A,0.5587312
SURF6,0.5587279
PANX2,0.55863786
RALGAPA2,0.55863214
PHF11,0.55863214
RNF111,0.5586229
RNASET2,0.5586121
TACC1,0.55857986
SKIL,0.5585281
SUGT1,0.55851865
OLR1,0.5585081
STXBP2,0.55849826
SLMAP,0.55848604
SNRPC,0.5584848
RFX5,0.5584715
SAE1,0.5584632
RELL2,0.5584454
NTN4,0.5584125
SLC30A1,0.5583971
SH3RF1,0.55839074
TRIM35,0.5583847
RTF1,0.5583797
TNFRSF12A,0.55837464
PDHX,0.5583741
RNH1,0.5583661
SRPK2,0.5583278
SMURF1,0.55831677
SNW1,0.55830353
PPAT,0.5582921
SESN1,0.55828595
SMARCC2,0.5582692
PTPRU,0.55826443
RAD9A,0.5582474
RPL37,0.5582441
SP1,0.55819446
RING1,0.55816334
TMOD1,0.5581511
PSMD5,0.5581327
SMC4,0.5581254
FUT1,0.5581183
SSR4,0.5580828
SLC39A1,0.5580779
RUFY3,0.55806345
SRPRB,0.5580612
RARS2,0.5580578
RGCC,0.5580363
SRI,0.558032
SIK2,0.5580151
SLC4A2,0.5580096
SLAIN2,0.5579962
SPHK2,0.5579912
SLC35B1,0.5579538
TIMP2,0.55794924
SRRT,0.5579304
RPS2,0.557863
TBC1D5,0.5578486
RPS27L,0.5578349
TOB1,0.55783147
SNAP23,0.5578077
POLE2,0.55779177
MRPS36,0.5577757
SAR1B,0.55776125
QPRT,0.5577543
STRN4,0.5577412
SP100,0.557726
RHOQ,0.5576943
SRSF9,0.5576907
SCAMP1,0.55768305
SYNRG,0.5576751
SCRIB,0.55767465
EVI2B,0.55766934
RANBP9,0.5576498
RAB12,0.5576316
TRAIP,0.5576269
TBC1D32,0.55761874
PTPN4,0.557614
PPID,0.55760825
SNX5,0.55760753
IZUMO4,0.5576006
SFSWAP,0.5575919
RNF14,0.55756795
RAD1,0.5575538
TBC1D20,0.557549
ST6GALNAC4,0.5575451
TXNL1,0.55752665
RPS27,0.557499
PPP1R3B,0.5574855
SLC2A3,0.55747247
SSH1,0.5574378
RBM7,0.5574377
SLC25A26,0.55741364
RPL34,0.55741006
GLDN,0.55739427
RND3,0.55733705
NLGN3,0.557328
SNRNP35,0.5573005
MPP1,0.5572783
RPL38,0.5572597
SQSTM1,0.55725116
SLC25A20,0.5572473
SEPHS1,0.5572247
TAF9,0.55721915
RPLP0,0.5572129
SPCS2,0.5572098
SRSF4,0.55720246
MOGS,0.55719924
NID2,0.5571804
SEC63,0.5571442
RPAP2,0.55714124
SIN3A,0.5571382
SLC9A3R1,0.5571169
RPS6KA1,0.55710274
RND1,0.557087
PRICKLE2,0.5570317
SUPT3H,0.5570069
SETX,0.55698025
RPS6KA2,0.5569733
RPL41,0.5569623
SLC44A1,0.5569302
SMC2,0.55692923
TMEM67,0.55685025
REEP3,0.55684423
RRM1,0.5568418
DPCD,0.5568014
SSH2,0.5568009
SNX3,0.556794
SIK3,0.55678177
SSBP4,0.5567765
TBC1D10B,0.5567758
SCAMP2,0.5567547
RPL28,0.55675083
PCDH18,0.55673736
POP7,0.55672216
POLR2F,0.55670804
RGS16,0.55669373
RAC2,0.55668676
RHBDF2,0.5566365
PDGFD,0.55662876
SREK1,0.55661553
POLR3H,0.5565964
SNTB2,0.55659103
SRSF7,0.55658215
PYGO1,0.5565777
MMP28,0.55657125
TAF4,0.5565571
RPS12,0.5565389
TSC22D3,0.5565265
NXF1,0.55652434
TFDP1,0.556524
SDC2,0.5565197
THOP1,0.556505
SYVN1,0.55648935
B3GNT7,0.5564546
TATDN2,0.5564177
RPS6,0.5564123
SMAD6,0.55639845
RNF139,0.55638826
RPS26,0.5563839
TGFB3,0.5563818
TRAFD1,0.5563768
TRIM25,0.5563659
NIP7,0.5563338
TMEM63A,0.5563257
SEC61A1,0.5563172
SRP68,0.55630517
TAF4B,0.55630505
SH3D19,0.55629987
MST1,0.5562878
RAP1A,0.5562733
SLC1A5,0.55627066
STX6,0.55625886
SMDT1,0.5562298
UBE3D,0.5562267
ST13,0.5562255
SLC25A13,0.5562193
SRSF1,0.55621725
SORBS1,0.55618554
SRSF11,0.55614454
SRP14,0.55613965
RPS6KB2,0.55610263
POLE4,0.5560842
RPS3A,0.5560746
SEMA6A,0.5560483
REPS1,0.5560413
SF3B2,0.5560406
RAP2C,0.5560304
TARBP2,0.55602694
TK1,0.55602384
POLB,0.55599296
UBR4,0.5559914
RWDD3,0.55598783
AP3M1,0.5559558
SGPP1,0.55595446
SPARCL1,0.5559312
PILRA,0.5559289
RAB3D,0.5559167
TGFBR1,0.55587506
SGPL1,0.555866
TBK1,0.55583054
GALNT3,0.55581725
PLA2G12A,0.5558068
TRPC4,0.55578697
SEC61B,0.55578184
SMUG1,0.55575544
STRIP1,0.5557336
SLC9A1,0.55573285
RPAP1,0.5556477
SNRPA,0.55561167
SKIV2L,0.5556102
MAP9,0.5556079
SPTSSA,0.5555958
SPIN1,0.5555836
SMARCA2,0.5555168
STAP2,0.55550355
KBTBD8,0.5554797
RIMKLB,0.5554788
RSL24D1,0.55547047
RPL27,0.55545926
SNX13,0.55542064
SEC13,0.555416
STIM1,0.55541533
RSF1,0.55541015
STARD8,0.55539864
PDSS1,0.55538726
RBMX2,0.5553563
RSRC1,0.55533403
RGS1,0.55531055
TRIB3,0.5552507
TPCN1,0.5552494
PPIG,0.55524284
PTPN7,0.5552128
RIOK2,0.55520356
RPS6KA5,0.5552033
RPL31,0.55519855
TEAD4,0.5551703
RAB20,0.55516654
SLK,0.5551427
PLD2,0.5551316
TALDO1,0.55510426
SRGAP2,0.55506843
SZT2,0.55506164
TRAF3IP1,0.5550558
STX1A,0.5550409
RTN4IP1,0.5550311
RPS15,0.55500776
SPINT1,0.55499965
SLC25A3,0.5549789
PPT2,0.55497193
UBE4B,0.55496734
STK24,0.55495435
PPWD1,0.55489874
NINJ1,0.55487156
SV2A,0.554831
SF3A3,0.5548123
PNPLA2,0.55480075
ST3GAL3,0.5547992
RPS19,0.5547622
TLE3,0.5547477
RHOT1,0.5547071
SLC39A7,0.55470175
STAM2,0.5546711
SPSB1,0.5546655
SOS2,0.55460215
SORD,0.5545961
MUL1,0.5545859
SPOPL,0.55457944
TAX1BP1,0.55456245
POP5,0.55454654
ST8SIA4,0.5545195
SERINC5,0.554513
SPG11,0.5544867
TGIF1,0.55447316
C2,0.55447245
SPIRE1,0.55445576
GRIN2D,0.554444
TOMM20,0.55443805
ST3GAL2,0.5544334
RPL7L1,0.5544242
RIN1,0.5544191
SMARCA5,0.55440474
PARP9,0.5543462
RHOB,0.5543433
FDXR,0.5543136
TRIM44,0.5543092
PREPL,0.55430716
LCAT,0.5542666
UNC119,0.55424196
UNC5B,0.5542161
TXN,0.5542132
SENP2,0.554212
SAFB2,0.55416447
TNKS2,0.55414337
SENP8,0.55413586
UGCG,0.5541329
SPAG5,0.55413204
RNF20,0.5541314
PTPN21,0.5541149
JMJD4,0.55411214
RPS3,0.5540866
TFCP2,0.55407906
SH2B1,0.5540195
RNMT,0.55400854
SLC2A1,0.553987
SLC16A3,0.5539815
SRCAP,0.5539555
SH2B3,0.5539528
TRAP1,0.55394816
UBAP2L,0.5538968
RGMB,0.5538965
PDZD11,0.5538926
UCP2,0.55387706
QTRT1,0.5538495
MYBL1,0.55384535
SRPK1,0.55383176
SCLY,0.5538284
TUBD1,0.5537697
SNRPE,0.553769
MAPK13,0.5537535
THEM4,0.5537422
SLC7A11,0.5537382
SLC15A4,0.55373496
TSPAN33,0.5537275
SLC44A3,0.5536874
SSBP3,0.55367553
SWAP70,0.55365586
WDR36,0.5536349
NIPSNAP3A,0.55360353
TBC1D4,0.5535816
RHPN2,0.5535731
SERP1,0.5535682
SATB1,0.5535652
DYNC2LI1,0.55356467
SEPHS2,0.5535613
PRX,0.55354035
MAGEH1,0.5535358
RCN1,0.55350333
PRKX,0.55345714
RNF103,0.5534393
SMPD4,0.55342466
SLC44A2,0.55341786
STX17,0.55341315
STK36,0.55338025
SOS1,0.5533746
MYH3,0.55337393
TOX4,0.55334514
SEC24B,0.5533405
TIMM8A,0.5533122
RRAGD,0.55327183
SLC9A3R2,0.55325943
TMEM107,0.5532324
RHOBTB2,0.5532245
SSR1,0.55320424
THOC6,0.55320054
TCEA3,0.5531808
SPATA2L,0.55317974
PLEKHA3,0.553142
SUPT16H,0.55313194
SAV1,0.553123
SIGIRR,0.5531204
TRIM32,0.5531181
RHEB,0.5530989
TBCD,0.55299544
PTGER4,0.5529762
SYNJ2,0.5529761
SDC1,0.55292696
STK38,0.5529208
PRICKLE1,0.5529141
VTI1B,0.5528962
TAP1,0.5528864
SH3GLB2,0.55286485
PSMA2,0.5528565
TAOK1,0.55285233
TEAD1,0.5528449
RELT,0.5527814
TOR1B,0.5527661
POSTN,0.55274826
RPS27A,0.5527456
MANEA,0.55268824
PAIP2B,0.55268496
CYB5R1,0.5526662
TIMM17A,0.5526425
PIGO,0.55262613
SERPINF1,0.55256003
TRAK1,0.55253875
SKAP1,0.5525313
ST3GAL1,0.5525077
TNPO2,0.55249435
RIC8A,0.55245256
PSMD10,0.55244654
VPS37C,0.5524327
SLC25A12,0.5524309
SWI5,0.5524224
SMAD7,0.5524218
TIAL1,0.55241305
SUPT4H1,0.55240524
RP2,0.5523976
PALMD,0.5523752
TIMM13,0.55236274
TAF1D,0.55236036
MRPS14,0.5522864
THADA,0.55223644
TBC1D14,0.5522328
RNF40,0.55222344
EHD3,0.55221105
SKAP2,0.5522044
SRRM2,0.55219233
TOP3B,0.5521672
URM1,0.55214554
ING2,0.5521332
PRDM4,0.55213255
TCIRG1,0.55208313
PPOX,0.5520769
TACO1,0.55207664
RPL36A,0.55206794
REEP2,0.5520522
SRSF10,0.55198365
TSR1,0.55197674
NAA30,0.5519295
SOCS7,0.5519152
STARD3,0.5519147
SNRNP40,0.5519122
NOL3,0.5518983
SPTBN2,0.5518837
STK40,0.55183256
TADA1,0.551792
RAB42,0.55176836
TBCB,0.55169827
SLC30A6,0.55169636
RBM45,0.5516953
RBM17,0.551655
TMED4,0.5516113
SNX6,0.55160636
TBPL1,0.5515892
SLC25A24,0.5515696
SLC25A28,0.5515507
STX10,0.5515473
TUBGCP2,0.5515156
SLC35B2,0.5514998
SMARCAL1,0.5514979
EVI2A,0.55146885
TBC1D15,0.5514602
TBL1X,0.55144787
SYNCRIP,0.55142003
SMARCA1,0.5514008
TRMU,0.55137366
STUB1,0.5513611
SLC35E3,0.55135053
TMED7,0.55132854
THY1,0.551312
CTU1,0.55130655
TMBIM6,0.5513034
SORBS3,0.5512994
RCHY1,0.5512394
TCTN3,0.5512368
RARG,0.551189
SNRPD3,0.55115026
TAF1,0.5511381
STRAP,0.5511366
RGS17,0.55113345
STT3B,0.5511288
JAG1,0.551127
SNX2,0.55110836
TMEM147,0.55106676
STK3,0.5510605
TCF7L1,0.5510472
TEX10,0.55101275
MRPL40,0.5509822
PIGA,0.55096745
SMCHD1,0.55094963
RRP12,0.5509434
TIMM17B,0.55093604
TNFRSF10B,0.5509327
SHROOM3,0.5509187
SENP1,0.5509167
REXO1,0.5508566
SNRNP48,0.55085623
TRIP13,0.55085576
RNF185,0.550834
SPICE1,0.5507956
SEC24A,0.55079055
SPNS1,0.5507838
PCDHB5,0.5507558
TOMM7,0.55074656
SSBP1,0.55073375
TERF2IP,0.5507236
SLC7A8,0.5506602
TGFBI,0.55065966
SSB,0.5506569
RNF38,0.55063766
TBC1D1,0.55054367
RIOK3,0.5505388
TRAF5,0.5505339
SPIDR,0.55050063
STIP1,0.55048734
TFAM,0.5504793
SRP9,0.5504494
TLN1,0.55042684
SLC39A4,0.5503879
TADA2A,0.55037594
TIFA,0.55037093
TAF7,0.55036914
STIM2,0.55035293
TYW1,0.5503516
SMG7,0.5503374
SHB,0.55031776
KCNN3,0.55030984
TRAF3,0.5503068
TIMM44,0.5502189
PODXL2,0.55019677
MST1R,0.5501693
SOCS5,0.5501525
SYDE1,0.550118
TBCEL,0.5501162
POGLUT1,0.5500367
TPCN2,0.5500352
TLE4,0.5500303
SURF4,0.54992676
REC8,0.54983807
UBXN6,0.54981935
STK39,0.54979825
TYRO3,0.54975814
STK4,0.54975116
TOMM40,0.5497433
RRP1,0.5497418
SPN,0.5497414
SEH1L,0.5497409
SAMD8,0.5497293
SUPT6H,0.5497225
TRAPPC8,0.5497095
NAIF1,0.54970026
ROCK1,0.54967695
TMEM132A,0.5496438
UHRF2,0.5496083
SPTLC2,0.5496056
PHLDA3,0.5495939
TAF1B,0.549551
USP25,0.5495489
TAOK2,0.54949534
SQLE,0.5494441
TLN2,0.549438
RELA,0.5494266
TNFRSF1B,0.54941463
SRGN,0.54938895
SGSM3,0.5493736
STON2,0.54936653
TRAF2,0.5493622
SNRNP200,0.54933566
RBAK,0.5493353
TPD52,0.549268
NCALD,0.5491805
TAF3,0.5491569
SIRT1,0.5491507
UCHL5,0.54914534
SUMF1,0.54910207
SRD5A1,0.54909664
SEPSECS,0.5490916
UBE2C,0.549082
NHLRC3,0.5490457
TAPBP,0.5490249
SMAD9,0.5490247
TNKS1BP1,0.5490236
TRIT1,0.5490221
UBE2J2,0.5490132
TCERG1,0.54900795
RAB33B,0.5489897
TUBA4A,0.548967
TTC37,0.54894376
TXNL4B,0.548941
TRIM22,0.54893833
WDR6,0.54891944
TRPM2,0.54890794
SNAPC5,0.54890573
TESK1,0.54888934
TLR7,0.5488363
VPS52,0.5488129
ZNF664,0.54879886
TRAPPC9,0.5487966
WDR18,0.54876703
TXNRD2,0.54875433
TIAM2,0.54874676
TUBGCP5,0.54872525
RBBP9,0.5486879
SLX4,0.5486278
RXRA,0.5486235
SMAD1,0.54861677
SYNGR2,0.5485971
SOAT1,0.548584
SEC23IP,0.54857683
TIPIN,0.5485455
SLC27A1,0.5485133
TPI1,0.5485058
KCNAB1,0.5484987
SRSF5,0.54849666
TBKBP1,0.54849654
PPP2R3A,0.5484938
TFB2M,0.54848015
SLC35D1,0.5484691
TTF2,0.5484566
SMU1,0.5484437
SYNE3,0.5484254
SNRNP27,0.54841435
TEX264,0.54839724
TUBB3,0.5483891
TRAPPC10,0.5483495
SSU72,0.5483365
TRRAP,0.548291
TOP2B,0.5482882
TAF12,0.5482529
THOC2,0.5482521
UBE3C,0.54824555
UBE3A,0.54824036
TIA1,0.5482374
UBQLN4,0.5482302
SSH3,0.5482237
TANC1,0.54820204
TEAD3,0.54818076
TAF8,0.54809403
UBE2M,0.54807097
VPS8,0.5480539
STK35,0.5480353
SYTL4,0.5480342
TES,0.5480279
POMGNT1,0.5480084
MGAT4A,0.54800284
RPL21,0.5479915
UGP2,0.5479781
RNF125,0.5479323
STC2,0.54791886
SNRPB2,0.5479137
SSR3,0.5479128
CCR1,0.5478406
SNAP47,0.547836
TMED9,0.5477652
TROAP,0.54774725
TRIP10,0.5477469
TRIM28,0.547745
UBA2,0.5477138
TPX2,0.5477112
LRP3,0.5477008
RASSF5,0.5476766
STX2,0.5476377
TACC3,0.5476328
DPM3,0.5476003
TTBK2,0.5475934
TMEM258,0.547578
UBL7,0.5475611
SETD7,0.5475606
WDR33,0.547529
PYCARD,0.5475125
TIPRL,0.5475037
SPAG7,0.5474882
SNRPG,0.54745936
SIRT6,0.5474317
TMC8,0.5473865
TPM1,0.54736775
TRAPPC12,0.5473405
UAP1,0.54733187
PPIH,0.5473235
USP39,0.5473162
SIL1,0.5473103
TNPO3,0.5473039
SYMPK,0.54729855
RAC3,0.547277
MTMR10,0.5472664
RGS19,0.5472212
SRP19,0.5472174
TPST1,0.54718995
TRIO,0.5471801
RAG1,0.54717356
TRPS1,0.54713535
NDUFB6,0.5471328
RNASEH1,0.54711926
TRIM69,0.5471083
REPS2,0.5470459
TOP3A,0.5470218
TICRR,0.5470217
WASF2,0.54701674
TAF5,0.5470034
ZNF101,0.5470006
TFDP2,0.54698104
SEMA6B,0.54697984
TRIP12,0.54697967
OXTR,0.5469622
SNX4,0.54696006
UROD,0.5469504
TXNIP,0.5469154
VARS2,0.5468721
TRMT5,0.54686874
SIRT2,0.5468643
TRIAP1,0.5468468
STOML2,0.5468307
SEC23A,0.5468207
TDRKH,0.5468083
SEC23B,0.546807
SEMA7A,0.5467974
RAB36,0.54679245
STT3A,0.5467917
VPS37A,0.54678726
TGIF2,0.5467846
RPGRIP1L,0.54674876
SUV39H2,0.5467336
SNCA,0.54671395
ZNF251,0.54667985
TRNAU1AP,0.54662555
PI4K2B,0.54659253
SLC27A2,0.54657733
TTLL12,0.54657644
SPRED1,0.54657555
TICAM1,0.5465727
SPRED2,0.54657066
TADA2B,0.5465659
SUN1,0.54656035
XPOT,0.54654384
TNRC6A,0.5465168
ZNF451,0.54650503
TRA2B,0.5464993
TMED2,0.5464943
SUOX,0.54647255
SLAMF7,0.5464348
RUSC1,0.54642993
UQCRC1,0.54641867
TBC1D25,0.54638916
UVRAG,0.5463711
TRMT10C,0.5463242
TIAM1,0.5463202
RCE1,0.54631543
WDR5,0.54629725
WASF1,0.5462898
WASL,0.54627365
USP33,0.54623485
TOP2A,0.5462052
PDE4C,0.54617286
TSNAX,0.5461632
SPATA2,0.54615164
UBE2F,0.5461438
ZFC3H1,0.54613876
WDR3,0.5461215
SAT1,0.546092
SDCBP,0.54605806
VKORC1L1,0.5460502
TRIM37,0.5460373
SEMA4C,0.5460166
NR4A3,0.5460092
SPAST,0.54598856
SHC1,0.5459818
UCK2,0.54597324
USP15,0.5459532
STARD4,0.54594827
RNF2,0.54593885
TUBA1A,0.5459025
TTC7B,0.5458717
UBE2D1,0.5458713
VPS26A,0.5458672
TTI1,0.545835
TMPO,0.54583097
TRIM46,0.5458298
TRIM26,0.5458203
TEAD2,0.54579514
WBP1,0.545772
TRMT11,0.5457673
TRAPPC4,0.5457622
SYNE2,0.5457094
SIVA1,0.5457091
PDE5A,0.5456832
OASL,0.54567677
TRA2A,0.54564357
SPSB2,0.5456378
SNAPC4,0.54558337
TOR1A,0.54557693
TYW3,0.5455666
ST3GAL4,0.54555994
RSU1,0.5455552
SENP5,0.5455213
STOM,0.54550946
UBC,0.5455059
PMM1,0.5455043
PGF,0.54548985
RSL1D1,0.5454397
UBE2Q2,0.54542494
TRPM7,0.5453844
RPGR,0.5453782
UQCRH,0.54533184
SPIRE2,0.54531825
RASGRP3,0.54531425
SLC5A6,0.5453074
MOCS3,0.5452938
RBM42,0.5452696
TSG101,0.5452383
SLC22A4,0.54521716
UBE3B,0.5452038
TNS3,0.5451524
CHMP6,0.5451267
TOMM40L,0.5451233
SECISBP2,0.54512286
SPG21,0.5450866
TCF7,0.5450811
WDR11,0.54507864
WWP1,0.5450606
TTK,0.5450118
RAPGEF4,0.54499376
SPRY2,0.5449815
TMEM70,0.5449744
VPS11,0.5449717
WSB1,0.544956
SMS,0.54494596
RNF152,0.54494536
PDLIM2,0.5449398
NT5E,0.5449361
MYO1F,0.54489464
UBE2H,0.54489446
KRT5,0.54488146
TP53INP1,0.5448718
RTCA,0.5448671
UBE2G1,0.5448518
UBE2E2,0.5448473
VPS54,0.5448323
TGOLN2,0.54481685
TUFM,0.54481274
SEZ6L2,0.5448121
POMT1,0.5447789
TRMT61B,0.5447694
ZKSCAN1,0.544769
RCAN2,0.5447568
WDR75,0.54474974
UQCR10,0.54474866
VEGFB,0.54472095
STEAP3,0.5447013
SEMA4B,0.54469633
PCSK6,0.54469615
RNASEL,0.54468733
ZNF445,0.54468286
UBAP1,0.5446549
TTC5,0.54464215
PTPRN2,0.54461473
TBC1D16,0.5445316
TRADD,0.5445309
SERPINB9,0.5445297
USP1,0.5445
NOTCH4,0.5444788
VCPIP1,0.5444699
TRAF4,0.5444651
TKT,0.54446095
TXNRD1,0.5444538
ZFYVE26,0.54444456
SOCS6,0.5443987
UBE2E1,0.5443927
UBA1,0.5443751
TSEN54,0.54435325
UBXN7,0.5443298
TDRD7,0.54427403
REXO2,0.5442477
TAB1,0.54423934
UTP23,0.54423106
TUBGCP3,0.5442229
SLC40A1,0.5441823
ITGA4,0.5441102
TADA3,0.5441094
LRRK2,0.54409534
TNPO1,0.5440462
TUBGCP4,0.5440368
UBR1,0.54403526
TTL,0.5440213
RUSC2,0.544019
PLXNC1,0.5439979
TFB1M,0.5439823
USP46,0.5439753
TGFB1I1,0.54397154
RPS6KA4,0.5439447
UST,0.5439383
STAT2,0.54393035
SNAPC2,0.543917
TMOD3,0.5439149
UHMK1,0.54389775
SNX33,0.5438905
THSD1,0.5438764
TERF1,0.5438738
TUBB6,0.54379755
UBFD1,0.54378843
USP48,0.54374856
USP32,0.5437463
ZBTB8OS,0.5437435
PIGV,0.5437243
VPS51,0.5436942
SMPD2,0.5436815
UBE2L6,0.54360974
UTP14C,0.5435772
WSB2,0.5435639
UIMC1,0.543556
RNASE1,0.5434768
THAP11,0.54347676
TULP4,0.5434585
TRAF3IP2,0.5434583
PLCD4,0.543455
SESN2,0.5434328
UBE2E3,0.54341257
WIPF2,0.5433954
TP53BP1,0.5433946
RNF181,0.54339147
TUBGCP6,0.5433905
TNKS,0.54338557
PHKG1,0.54337883
RIOK1,0.5433478
TPD52L1,0.5433459
WBP2,0.54332185
TSEN2,0.543318
TOLLIP,0.54328907
STX18,0.5432801
UNC13B,0.54327565
TSPAN5,0.5432471
TJP1,0.5431851
USP14,0.54317623
SIRT5,0.5431597
UBA52,0.5431158
TUBA1B,0.54307634
SLC12A2,0.5430727
TRIP6,0.5430445
TAF1C,0.54303914
ZBTB7B,0.54303104
UBE2I,0.54302675
TDRD3,0.54299456
TMED10,0.54296595
YY1AP1,0.5429648
TBC1D17,0.54294854
SNAP29,0.54294777
TSNARE1,0.5429396
ZKSCAN5,0.5429095
UBA7,0.5428937
MFSD2A,0.5428857
VPS4A,0.542876
TCTN1,0.5428694
TTYH3,0.54285896
WBP4,0.5428414
TOMM34,0.5427941
VPS41,0.5427776
UBE2Z,0.5427619
YWHAH,0.5427339
VAV3,0.54272044
TIMP3,0.5427168
UGGT1,0.5426887
VAPA,0.54267627
TRAF6,0.54267275
UBE2S,0.5426673
UNK,0.5426299
SIAH2,0.54262424
UBE2W,0.54260933
PREX2,0.5425741
TBC1D8B,0.54254776
TMEM30A,0.54254454
UPP1,0.5425137
SNTB1,0.5425101
STX8,0.54250497
TLR4,0.54249936
U2SURP,0.5424882
U2AF2,0.54248387
TRIM21,0.5424105
ST14,0.54240054
UBE2A,0.5423613
RAMP3,0.54234576
UBQLN1,0.5423099
TBC1D24,0.5422929
TUBB4B,0.5422864
YAF2,0.54227996
SLC12A9,0.5422492
PPFIA4,0.542242
S1PR4,0.5422303
TFAP4,0.5421854
TOPORS,0.5421817
TPRKB,0.5421228
XAB2,0.5420813
STX16,0.54206383
KBTBD7,0.54205036
TFIP11,0.54203874
USP5,0.542012
UBXN1,0.5420086
MIEF2,0.54198337
TRIP11,0.5419621
USP7,0.5419567
TP53BP2,0.5419039
PEX11A,0.5418957
SRR,0.5418846
SNX8,0.5418603
USP10,0.5418447
TAF13,0.541842
TWF2,0.54181314
ZFAND6,0.5418117
TXNDC12,0.5418108
TXN2,0.54179424
UPRT,0.54178464
TUBB2A,0.5417774
UBE2R2,0.54176074
TSN,0.54174167
TAF11,0.5417211
SRSF6,0.54169065
RASGRP2,0.5416558
UTRN,0.5416446
STAMBP,0.541632
ZNF100,0.54157805
UBE2O,0.54155076
PLCD1,0.54154426
TPK1,0.5415178
UBA3,0.5415085
TSPAN14,0.541504
USP9X,0.5414665
SPTLC3,0.54144704
LHX6,0.541444
USP34,0.5413813
SNIP1,0.5413645
TRPC4AP,0.54134804
USP43,0.5413029
TMEM179B,0.5412977
WDR70,0.54126775
THUMPD1,0.54125947
ZC3HC1,0.541256
WDR37,0.54122955
TTC27,0.5412251
TRAPPC11,0.54122084
TRAPPC3,0.54119897
VAC14,0.54117215
RNF25,0.5411712
UTP18,0.54114807
TM2D1,0.5411399
UBE2D3,0.5411145
TGFBRAP1,0.5410859
UBL4A,0.5410226
ZBTB33,0.54099977
TDP1,0.54088295
SGCB,0.5408635
TGS1,0.5408577
SNX18,0.54085356
FPR3,0.54082024
UMPS,0.54079586
UPF1,0.54078346
KCNIP2,0.54071236
PTS,0.54066116
THOC5,0.54064834
SMYD4,0.5406319
ST3GAL6,0.5406253
USP28,0.5406072
STX4,0.54059565
RAPGEF5,0.54059094
TRIM13,0.5405721
VPS25,0.5405582
TOM1,0.5405498
SIPA1,0.54054934
RILP,0.5405038
WDR82,0.5405013
XPR1,0.54049605
ULK3,0.5404744
LMCD1,0.54045343
TIMM21,0.54044586
PDCL3,0.5403983
TAF5L,0.54039294
SUPT7L,0.5403471
ZNF460,0.5403313
ZCCHC7,0.5403169
ZNFX1,0.54030484
CORIN,0.54025
ITGAX,0.54024684
UBE2V2,0.54024446
UBAC1,0.54021835
USP3,0.54021376
KRT17,0.5401376
VAMP2,0.5401187
TMSB4X,0.5401158
WDR43,0.5401147
SYDE2,0.5401146
RAB3IL1,0.54006296
RAP2B,0.54000366
TUBB,0.539975
XPO7,0.5399364
WDR41,0.53986424
TNIK,0.53985906
VPS39,0.5398551
SYTL1,0.53985035
THRA,0.53984886
YTHDF2,0.5398416
ZFR,0.539841
PADI2,0.5398065
POU2F2,0.5398052
TONSL,0.5397706
TWF1,0.5397599
TUBA1C,0.5397384
UNC13D,0.5397023
XRCC5,0.5396648
YBX1,0.5396506
TRIM2,0.53964764
SGIP1,0.53964067
SNTA1,0.53961045
STARD3NL,0.53958786
SUMF2,0.5395824
TOR4A,0.53955215
WNT5A,0.53954303
RAVER1,0.5394836
VGLL3,0.53947383
WDR62,0.53944844
VPS18,0.53944707
SUMO1,0.5394081
SYTL2,0.5394077
STAT4,0.53939813
WLS,0.53939676
TPT1,0.53937477
SLC25A38,0.5393581
UBE2G2,0.53934664
ZNF33A,0.5393281
UBLCP1,0.5392857
ZFYVE16,0.5392762
SPOP,0.53925616
SPCS3,0.539207
TRAPPC6A,0.5391918
TNFRSF11B,0.539155
NRN1,0.5391251
PTH1R,0.53907484
TJP2,0.5390392
VCAN,0.53902847
WDR77,0.5389914
SLIT3,0.5389204
TET2,0.53891677
TECR,0.5388568
UQCRFS1,0.53884095
UBIAD1,0.53882825
WRNIP1,0.538808
TCEA2,0.53880334
TEP1,0.538723
TNRC6B,0.5387128
STK11IP,0.5387065
NTM,0.53870267
RFK,0.53869045
WDR1,0.53868794
ZNF430,0.53865844
TTC21B,0.5386423
YTHDC1,0.5386366
TMEM50A,0.53859854
USP45,0.5384629
UCHL1,0.5384611
TBC1D23,0.5384282
ZNF84,0.5383575
USP20,0.5383234
TSFM,0.53828305
WDFY3,0.53827876
ZNF160,0.5382736
ZNRF2,0.5382612
UBA6,0.53825414
USP42,0.53825027
TAF1A,0.5382404
NDUFA4L2,0.5382298
TOR1AIP2,0.5382293
YBX3,0.5382276
WBP11,0.53822446
TOB2,0.5382006
SPDYA,0.5381961
VIM,0.53818476
TRIM11,0.538133
USP12,0.538049
SRD5A3,0.53796256
TMEM97,0.53795624
RPP21,0.5379304
WDR55,0.53791493
USP16,0.53787076
VGLL4,0.537865
SARS2,0.5378198
UBE2Q1,0.53781885
SWSAP1,0.53781635
YIPF2,0.5377968
WDR26,0.53778225
TRUB1,0.5377348
UQCRC2,0.53769755
TAF9B,0.537695
TRIP4,0.53756475
USP37,0.5375318
ZNF217,0.53752625
KCNAB3,0.53750145
SHC2,0.53742045
PORCN,0.53740484
TAZ,0.5373845
UBQLN2,0.53737384
TBL3,0.537372
WAC,0.5373517
WDR59,0.5373451
UNG,0.53731275
TRUB2,0.5373099
SNAPC1,0.53724915
ZDHHC7,0.53712374
TRERF1,0.5370733
TIMMDC1,0.53706086
ZNF124,0.5369963
MCMDC2,0.53696096
PCGF1,0.5369372
TXLNG,0.53690255
UBE2K,0.536897
TREX1,0.53687245
TRAM1,0.5368548
YARS2,0.53685385
SEMA5B,0.5368505
TRIM56,0.53682905
ZNF592,0.53682005
TAB3,0.5368063
RIN2,0.53676224
TNFRSF21,0.53673047
UFM1,0.53669786
S100A9,0.53667617
SYT11,0.536651
ZNF638,0.5365504
USP11,0.53654695
TNFRSF10A,0.53643954
TAGLN,0.5364168
USP22,0.5363797
WDR35,0.5363638
ZDHHC17,0.5363417
ZMAT2,0.5363347
ZSCAN32,0.5362775
WNT5B,0.5362634
ZCCHC4,0.53622735
VCP,0.53621
YPEL5,0.53621
XPO6,0.5362074
ZNF76,0.5362057
XRCC4,0.53607893
ZNF680,0.53604203
SRA1,0.5360383
RORC,0.5360284
WDR91,0.5360247
SIRT3,0.53601664
WDHD1,0.5359383
UBA5,0.53592265
UQCR11,0.5359218
TBXAS1,0.53588045
TRIOBP,0.53583
UVSSA,0.53582275
POLR3F,0.5357787
VRK1,0.5357546
TTF1,0.53569055
ZNF131,0.53561836
ZNF385A,0.5355675
SUCLG1,0.53556734
FOSL1,0.53552586
TRIM62,0.5355184
THAP7,0.5355073
UPF3B,0.53549755
TYK2,0.5354651
VANGL2,0.5353993
USP19,0.5353886
ZNF207,0.5353564
VASP,0.53534955
UBE4A,0.5353486
UQCC1,0.53530395
FBXL8,0.53529185
TRAPPC2L,0.53523153
UGDH,0.5352241
TRPV2,0.53516954
UNC45A,0.53515095
ZNF133,0.5351402
TSSC4,0.5351242
WDR46,0.53510445
FLT4,0.53507614
PRRT2,0.5350555
SH2D3A,0.53502446
SULF1,0.5349729
SERPINF2,0.53495514
VPS35,0.53491664
TMEM126B,0.5349059
RRAGC,0.53489494
ZNF266,0.53482956
USP6NL,0.5348064
TLE1,0.53475153
YRDC,0.5347497
TXLNA,0.5347293
WWP2,0.53471917
UNC119B,0.53469515
VAPB,0.53467923
ZFP36L1,0.5346619
TGM2,0.53464377
VDAC2,0.5345486
XYLT2,0.53447753
VLDLR,0.534382
XRCC2,0.5343587
ZNF768,0.53434575
VPS28,0.5343148
TUBG1,0.5342908
PEX11G,0.534284
TTC26,0.5341965
ZYX,0.5341735
USP4,0.5341505
TRPC1,0.53414625
WNK1,0.5340711
LIMS2,0.534016
UXS1,0.5340058
YWHAG,0.5339464
ZNF589,0.5339084
YME1L1,0.53388816
SLU7,0.53388494
SMYD5,0.53386027
TPRN,0.5338166
XBP1,0.5337925
TMED5,0.53374416
UQCRB,0.53373665
SOCS3,0.53372693
TINF2,0.5337214
TRIM14,0.53369427
ZMIZ1,0.53369164
ZDHHC9,0.53366315
VPS36,0.5336005
ZRANB3,0.5335584
SURF2,0.5335574
TMEM115,0.53350675
THAP1,0.53350115
YKT6,0.5334801
UNC93B1,0.5334797
SLC35A1,0.53346705
ULK1,0.5334063
SCNN1D,0.5333312
TP53RK,0.53332657
TMED1,0.5333048
PSEN2,0.5332736
ZNF219,0.5332555
UBE2J1,0.53323364
ZNF304,0.5331979
TFAP2C,0.53319085
NAT1,0.53312856
RNF6,0.5330836
WDR48,0.5329541
ZC3HAV1,0.53292763
SPTBN4,0.5327806
SPATA13,0.5327181
RGS2,0.53270835
ZFP90,0.53269297
YWHAZ,0.5326257
VASN,0.5326203
ZMAT3,0.53260136
SETMAR,0.5324056
UBXN4,0.5324024
SLC2A8,0.5323387
ZNF300,0.5322781
TRIM36,0.5322577
UBE2T,0.5322131
UPF3A,0.5322047
TRIM41,0.5321902
TDG,0.53218997
ZNF770,0.53212124
WWC1,0.5320942
XPO5,0.5320607
TYSND1,0.532001
YWHAB,0.5319945
TMEM187,0.531936
TRMT6,0.5318955
SCUBE2,0.5318928
ZDHHC21,0.53179294
MRM1,0.5317629
HOXD3,0.5316698
ZNF605,0.5316365
WDR4,0.53161395
VPS53,0.5315699
XRN2,0.5315252
ZMYND11,0.53152084
YEATS4,0.5314813
WDR83,0.5314631
UQCC2,0.53145844
USF2,0.5313354
TNK2,0.5312671
TNFRSF10D,0.5312366
VMP1,0.5312101
TRIM6,0.53119147
USP49,0.531112
ZIK1,0.5310847
SLC27A4,0.53105193
SFN,0.53092766
VCL,0.53090334
ZNF254,0.5308607
RGP1,0.53085905
UTP6,0.53085005
ZNF462,0.5308233
VPS26B,0.53081214
TP73,0.53078556
SYT7,0.5306623
SYNJ1,0.5306006
RHOU,0.53054816
TBC1D2,0.53051305
RABL2B,0.53050023
COA5,0.5304828
USP47,0.53040075
VPS37D,0.5303162
USO1,0.53031355
TAF2,0.5302993
ZNF480,0.5302773
USP35,0.53019935
RNF144A,0.5301898
VAMP4,0.5301477
ZNF678,0.53014094
WDFY2,0.53004766
YWHAQ,0.52995825
ZNF496,0.52994424
VDAC1,0.52988505
RDH10,0.5298481
TRIM38,0.52983713
WIPI2,0.5297528
TRO,0.5296189
ZNF623,0.5295711
ZWINT,0.52953917
SDSL,0.5294915
NDUFA9,0.5294747
LDHD,0.5294353
TBC1D10A,0.52938247
USP24,0.5293505
STRADB,0.52929026
YIF1A,0.5291909
ZMPSTE24,0.5291623
NPL,0.5290663
SEMA5A,0.5290303
PLB1,0.5290151
SYNGR1,0.5289061
ZNF641,0.5288781
YIPF4,0.5288133
ZNF44,0.5286574
UBTF,0.5286543
VPS4B,0.52861214
YY1,0.52850354
ZC3H15,0.5284539
XPO4,0.52831364
MVB12B,0.5282957
RASL10A,0.52826566
ENPP2,0.52821887
TAP2,0.52815473
TXNDC16,0.52814496
TELO2,0.5281355
VMA21,0.52805287
VAT1,0.5280427
RGS4,0.52802205
UCHL3,0.5279354
PDLIM4,0.52791834
YTHDF1,0.5278949
TNFSF13B,0.5278575
UQCRQ,0.527795
WDR61,0.5277947
TBC1D7,0.5277859
ZNF112,0.52754754
XYLB,0.5275252
TRIM3,0.527519
HDAC11,0.52751327
PLXNB3,0.52750915
ZNF394,0.52740693
VPS37B,0.5273595
SEC31B,0.5273393
UFC1,0.5272598
ZNF200,0.5271732
VAV2,0.52703357
TCN2,0.52697605
VTA1,0.52696604
ZNF7,0.52690864
ZNF81,0.52690774
YEATS2,0.5268725
SEMA4F,0.5268133
ZNF335,0.5267658
LIPT1,0.5266656
UROS,0.52655566
ZNF622,0.52653813
SHARPIN,0.52651787
UBN1,0.5261293
ZNF212,0.52612627
VAMP8,0.5260532
RABGGTA,0.5259884
WDTC1,0.52592236
ZNF3,0.5258412
ZNF182,0.5258356
YAP1,0.5257158
ZNF79,0.52565783
ZNF195,0.5256334
TXNRD3,0.52547604
URB2,0.52544904
TNFSF10,0.52521193
ZMIZ2,0.525155
WDR19,0.52500033
ZNF41,0.52486527
SERPINB8,0.5248086
ITGA9,0.5248047
RIPK3,0.52474916
PCDHB15,0.5246713
UNC5C,0.5245324
WEE1,0.5244646
ZNF830,0.52442914
RIPK2,0.5243734
WDR45,0.5241912
ZNF620,0.52414626
PDE1B,0.5238864
SURF1,0.5238825
UFSP2,0.5238574
WDR81,0.52380896
ZNF526,0.52375877
XRN1,0.5237492
TRIM68,0.52371687
FUNDC1,0.5237145
YES1,0.52364856
ZNF692,0.52361786
UAP1L1,0.52359265
UCKL1,0.5235499
WTIP,0.5235348
ZNF326,0.52348435
UBOX5,0.5234261
UFL1,0.5234126
YIPF5,0.5234113
ZFP36L2,0.523299
TSPYL2,0.52327883
TBP,0.5231555
ZNF107,0.52300036
TRIM23,0.52284664
ZNF253,0.52274865
TM2D2,0.52274317
TBX19,0.52269876
ZNF202,0.5226461
LRFN3,0.5225161
PNPLA7,0.5224195
ZFYVE9,0.52235
VAMP1,0.52232033
TRAPPC5,0.5222649
ZDHHC8,0.5222623
SPI1,0.52220964
TSEN34,0.5221439
SLC22A17,0.5218132
ZNF670,0.5214864
SPON2,0.5214785
ZFP36,0.5213562
ZNF550,0.5212986
ZC3H13,0.521291
LAG3,0.5212403
TMEM214,0.521106
WARS2,0.5210727
ZNF143,0.5209912
SPAG4,0.5209519
ZNF721,0.520767
ZER1,0.5206699
PPFIA3,0.52055043
ZBTB17,0.5205315
ZFPM1,0.5205192
ZNF562,0.52045107
ZNF282,0.52042466
ZFPM2,0.52041537
ZNF398,0.520403
ZNF286A,0.5203636
WRAP53,0.5203412
ZNF711,0.5202964
TMEM216,0.52027935
TAF6L,0.5200297
ZNF43,0.52002114
ZNF274,0.51974624
ULK2,0.5196589
UBE2B,0.51940566
ZNF527,0.51938736
ZNF197,0.51928437
ZNF267,0.51924175
PSTK,0.5192029
ZNF383,0.51914924
TRMT1,0.51887125
LAT,0.5188114
WASF3,0.51879936
TECPR1,0.5187614
ZNF180,0.51875067
ZNF510,0.5186108
MTSS1,0.5185977
TM6SF1,0.51856655
VRK3,0.5185198
COL17A1,0.51830214
ZNF91,0.5182621
ZNF12,0.51823366
TUBA8,0.51821727
DUSP8,0.5181587
ZNF621,0.51807594
SPRY1,0.5178267
KHK,0.5178032
ZKSCAN7,0.5176196
YIPF1,0.5175237
ZNF140,0.5174411
ZNF227,0.5174216
ZKSCAN3,0.517363
HARBI1,0.51730084
ZNF248,0.5172548
UBXN2A,0.5172075
PIP5KL1,0.5171768
SLA,0.5171645
ZNF710,0.5171025
SLC30A4,0.5169924
ZNF32,0.5169634
ZFYVE27,0.51682955
ZMYND8,0.51672155
RASGEF1A,0.5167076
UTP14A,0.51669115
NDST2,0.51668936
ZKSCAN8,0.51664156
ZNF544,0.5164683
ZNF189,0.51642144
ZNF774,0.51642007
ZNF607,0.516315
LY96,0.5162652
UTP20,0.5162623
UCK1,0.5160925
SEMA6C,0.515986
ZNF90,0.51597804
ZNF485,0.51594865
ZNHIT3,0.5159461
ZNF586,0.51589715
SMPDL3A,0.51582325
ZNF431,0.5157427
TRAPPC6B,0.51566035
YOD1,0.51534295
ZNF26,0.5152668
ZNF528,0.51524335
SLC7A7,0.5152383
ZNF264,0.51519865
ITGB6,0.5148526
ZNF273,0.5148122
ZNF691,0.51480407
ZNHIT6,0.5147951
TCTN2,0.5146411
ZRANB1,0.5145789
PPP1R3D,0.51455384
SGK3,0.51443255
ZNF548,0.51439786
ZWILCH,0.5143807
ZNF18,0.5143192
ZNF440,0.51421934
UTP3,0.5141542
ZNF318,0.5141434
RAI2,0.51402056
WNT2B,0.513919
TTC12,0.51391554
ZP3,0.5138733
TMEM176A,0.5137676
ZNF546,0.5136293
ZNF155,0.51357067
FOXP3,0.51348984
ZNF337,0.51348126
ZNF780A,0.51342124
ZNF519,0.51335526
TLR6,0.51332504
ZW10,0.5132658
ZNF250,0.5132563
TNFSF12,0.51322234
ZNF783,0.513204
ZNF224,0.5131324
SLC4A11,0.51312876
ZYG11B,0.51310104
ZNF317,0.5130835
ZNF808,0.5129991
LRFN1,0.5129159
SMG8,0.51274395
ZNF33B,0.5125582
ZNF552,0.51247245
VIPAS39,0.51241356
VPS33A,0.5124047
ZNF486,0.5123957
ZNF714,0.5119946
ZNF577,0.51191795
ETV7,0.5117972
TSPAN12,0.51178366
THBS2,0.51170266
ZNF354A,0.5116967
NPRL2,0.51163137
ZNF500,0.51151115
TFAP2E,0.51133716
ZNF45,0.5112266
USP21,0.5112016
ZNF766,0.51118606
SLC25A14,0.5110356
RDH5,0.51101595
ZNF493,0.51085836
ZFP14,0.5106461
TNXB,0.5104422
ZNF569,0.5103044
SEMA4G,0.5102966
ZNF473,0.5102668
TMEM186,0.5102422
ZNF211,0.5102399
ZNF516,0.51011634
ZNF302,0.51007164
ZNF320,0.51001555
GNGT2,0.50947434
ZNF136,0.50921667
ZNF684,0.5092034
ZNF557,0.508913
ZNF517,0.5088725
MMAA,0.508771
ZNF791,0.5086567
ZNF587,0.5085902
ZNF593,0.508577
ZNF74,0.50847316
SYCE2,0.5084238
PSD,0.50838816
ZNHIT1,0.5083688
ZNF555,0.5083152
ZNF10,0.50827795
TEFM,0.50825363
ZNF423,0.5080189
ZNF687,0.5080157
TMOD2,0.50794196
ZNF585B,0.50779337
YIPF6,0.50749516
TUBG2,0.50746346
SHPK,0.50713587
ZNF283,0.5066093
S100A3,0.50635797
UBE2D4,0.50594515
ZNF34,0.5058634
ZNF614,0.5058428
SYP,0.5057465
ZNF778,0.5057406
SLC18A2,0.5057062
ZNF564,0.50542414
SGPP2,0.50521046
ZNF141,0.50519097
PTGER2,0.5050438
TRPV4,0.5050326
SVIP,0.50493133
ZNF708,0.50458115
ZNF561,0.504527
ZNF426,0.504408
ZNF671,0.5043301
ZNF235,0.50425804
TBX2,0.5041739
TNFRSF25,0.5041714
ZNF17,0.5036521
LRRC6,0.50362366
ZNF529,0.5035951
ZNF566,0.503518
GGT1,0.5032421
WHAMM,0.5032042
TRIM39,0.50308937
WDR31,0.5028643
S1PR1,0.5028612
ZNF19,0.50234044
TEK,0.5022053
ZNF585A,0.502082
PLD6,0.50207317
ZFP30,0.502044
SNAI1,0.5020198
TPMT,0.5017589
HFE,0.5017574
RNF113A,0.50098
TTC30A,0.50095534
ZNF780B,0.5008321
HEYL,0.50036824
ZNF701,0.50027406
ZNF234,0.5002222
ZNF530,0.5001569
TP53I3,0.5000594
ZNF92,0.5000474
ROBO3,0.49983472
ZFP82,0.49958402
ZNF433,0.49947026
GLIPR1,0.499359
ZFP1,0.49883235
ZNF700,0.4986607
WNT9A,0.4984656
ZNF333,0.4983975
RRAS,0.49806252
ZNF567,0.49798104
TRIM45,0.49793917
RAB32,0.49763456
VCPKMT,0.49744487
ZNF490,0.4973689
ZNF429,0.4969173
ZNF420,0.4968529
ZNF814,0.49669957
XYLT1,0.49652717
ZNF14,0.496506
ZNF443,0.49643055
ZNF175,0.49604276
ZNF674,0.49597022
ZNF184,0.4958527
ZNF83,0.49584672
ZNF611,0.4951374
ZNF823,0.49434158
ZNF354B,0.49432296
ZSWIM7,0.49431118
SECTM1,0.49426305
ZDHHC2,0.4939277
ZNF461,0.49391192
ZNF543,0.49359664
TRPC6,0.49357828
ZNF764,0.49328348
ZNF738,0.49323776
ZNF776,0.4926116
ZNF221,0.49258792
ZNF2,0.4925338
STAC3,0.49236664
ZNF846,0.4922779
ZNF677,0.492275
ZNF222,0.4921993
ZNF57,0.4919063
ZNF573,0.49185786
P4HA3,0.49180916
ZNF419,0.49178767
ZNF841,0.49167415
ZFP69B,0.49166298
NEB,0.49157953
RASD2,0.49109972
TNFSF13,0.4910784
ZNF350,0.49105683
ZNF558,0.4909143
ZNF506,0.49089494
TMEM17,0.48996875
ZNF415,0.48982948
ZNF615,0.48969314
ZNF772,0.48960552
SLC44A4,0.4896046
ZNF699,0.48949894
RASSF6,0.48899013
ZNF649,0.48850626
TGM1,0.48841256
ZNF416,0.48823035
ZNF468,0.48797327
TCEAL1,0.48796862
PTGS1,0.48754877
SCN1B,0.4872694
ZNF256,0.48718405
ZNF836,0.48688942
ZNF442,0.48671326
ZNF347,0.48668614
ZNF284,0.48629323
SLA2,0.48575702
ZNF600,0.48555925
ZNF135,0.4853805
ZNF71,0.4847736
ZNF225,0.48413807
WDR5B,0.4831584
ZNF790,0.4831015
TXK,0.48199123
ZNF324B,0.4813845
ZNF439,0.48098403
ZKSCAN4,0.48036113
ZNF813,0.47983676
ZNF765,0.47977906
ZNF549,0.47975752
RNF128,0.4792994
ZNF709,0.47928756
SDHAF1,0.47924834
ZNF626,0.47848263
ZNF354C,0.47806475
TLR3,0.4763616
ZNF132,0.47255966
ZNF470,0.47193676
ZNF467,0.47163162
ZNF418,0.47156683
ZNF793,0.47110575
TNFRSF10C,0.47058544
USHBP1,0.46992427
ZNF773,0.4692794
ZNF69,0.46869785
