Gene Name,Score
TUBB,0.79064745
TRIO,0.76748776
TUBA1B,0.74018794
TPT1,0.7330121
RPS3,0.7051124
PDE10A,0.6974128
PDE4D,0.6948313
RPLP0,0.6784215
PDE3A,0.67328584
RPL13,0.6708419
SMYD3,0.66138613
RPL41,0.65627223
RPS6,0.6535897
TEAD1,0.65353274
RPS2,0.65189064
RPL27A,0.65080917
PKM,0.65023965
TKT,0.6481518
TMSB4X,0.6423999
XRCC5,0.63728595
RPL3,0.6364971
SRRM2,0.6277382
RPL13A,0.6266284
YBX1,0.62266964
RPL15,0.61302704
RPS8,0.6125494
PDE4B,0.6097025
RPS9,0.60955787
TXNRD1,0.60855055
PGAM1,0.5978144
RPS4X,0.5964807
RPL8,0.59524536
UBE2E2,0.591226
SCD,0.5905816
GAPDH,0.5900329
TPI1,0.58799356
RPS23,0.58753926
RPS29,0.5865027
RPS17,0.5841365
RPL23,0.58393484
PFN1,0.58210856
SERBP1,0.5814475
PRKCA,0.5766134
RPS19,0.5753952
ZMIZ1,0.5742199
EEF1A1,0.57350546
SREBF2,0.57288593
PTK2,0.5702538
RPL11,0.56990767
PTMA,0.5697903
WNK1,0.5688363
RPL37,0.56826276
SMARCC1,0.5666191
HNRNPC,0.5658012
PTPRJ,0.5654505
PTPN14,0.56479603
RPL19,0.5645125
UBC,0.5634245
RPL32,0.5627808
TNS3,0.5606847
SPTAN1,0.5604067
RPL6,0.5603075
HSPA8,0.55980474
ZFR,0.5595695
HMGA1,0.55785966
SLC7A5,0.55664605
RPLP2,0.55658895
YWHAZ,0.5560301
HNRNPA1,0.555523
YWHAQ,0.55275077
UBE2H,0.5523266
RAN,0.5520386
VMP1,0.5519966
EEF1G,0.5514982
EEF2,0.550606
SEMA3C,0.5501968
RPS11,0.5500546
PSAP,0.54941136
TPX2,0.5491071
PRKDC,0.5489356
FTL,0.5487106
SLCO3A1,0.548008
MYO10,0.54789466
UBA52,0.5477777
SSBP3,0.5461014
WDR70,0.545924
PALLD,0.5456598
NCL,0.545198
RPS5,0.5447266
UBE2D3,0.54385537
NFIA,0.54338825
UBA1,0.5428958
NAP1L1,0.54287034
USP22,0.5423448
RTN3,0.5421142
ZCCHC7,0.5415186
SLC25A3,0.54061884
TMBIM6,0.5404687
VAV3,0.54044294
SMG1,0.5402608
PPP3CA,0.54019016
USP34,0.53842545
RPS27,0.5377806
PPP6R3,0.53765893
RPSA,0.53744096
RERE,0.536621
TRIM28,0.5363289
PARD3,0.5362357
ZNF207,0.5360483
SSH2,0.5357862
RPS16,0.5354667
UBE2K,0.53502345
SAE1,0.5349278
TRPS1,0.5346523
PLEC,0.5346066
RPL23A,0.53454554
ACTB,0.53448665
MECOM,0.534335
PDE7B,0.53417414
MDK,0.53385174
USP48,0.5337867
UBR4,0.5333559
UBAC2,0.53325313
RPS15,0.5331027
RPS15A,0.53302866
ACTG1,0.5327356
RPTOR,0.5326471
RBFOX2,0.53261244
TNRC6A,0.5326006
SBF2,0.5323258
PAICS,0.5322919
GALNT2,0.5322411
NIPSNAP1,0.5322259
BAZ1B,0.53190786
USP9X,0.53179246
ARHGAP17,0.5312165
RPL7A,0.5308936
PDE1A,0.53078216
WASF2,0.53048235
PTMS,0.5304364
HSPD1,0.5302309
WAC,0.5301947
SRPK2,0.5299548
ASPH,0.5299534
PUM1,0.52981
HNRNPH1,0.5298047
UBAP2L,0.5295799
RCC2,0.52949405
RPS12,0.5291619
TULP4,0.5287262
FTH1,0.52854806
UST,0.5284016
RBM39,0.52819514
GSE1,0.52767754
VDAC1,0.5276234
AHNAK,0.526987
SLC2A1,0.5267421
TNPO1,0.52628666
TRA2B,0.52604234
ANTXR1,0.5259612
RPS27A,0.5257611
UCK2,0.5257354
CANX,0.5256721
SRP9,0.52557504
ACTN4,0.5255051
WDR1,0.5254723
XPO6,0.5253846
CALD1,0.525323
RPS18,0.5252071
CAMK1D,0.52495086
PTBP1,0.5248491
TOMM20,0.52473223
BSG,0.52455103
SPTBN1,0.52434653
ASXL2,0.5243132
SH3RF1,0.52411604
ASH1L,0.5240751
KANSL1,0.5239872
APLP2,0.5239704
NONO,0.5239165
AP2B1,0.52386224
HDAC4,0.5233445
YWHAG,0.5233114
PIP5K1A,0.52306145
TRAPPC9,0.522902
APP,0.5226603
VIM,0.5226262
EIF4G3,0.5226239
ASAP1,0.5226107
SRSF11,0.52256906
HDLBP,0.52254766
AKAP13,0.52231807
TRAP1,0.521996
ALDOA,0.5219446
VCL,0.5219272
AMBRA1,0.5217406
MBNL1,0.52164155
ANO6,0.5215641
AHCY,0.5214903
ROBO1,0.5214855
CEP72,0.5214016
ADAR,0.5212383
ZNF131,0.52117
AGRN,0.52114487
POLA1,0.52100414
UBE2R2,0.52099246
YAP1,0.5209361
AVL9,0.5208646
AK2,0.5208632
UBE3C,0.52084976
SIK3,0.5208357
ATXN1,0.5206752
SGMS1,0.52046335
ARIH2,0.520412
ZNF638,0.5203559
SNRPB,0.5203494
BTN3A2,0.5202664
CCT3,0.52001953
ARHGAP35,0.5199784
AHI1,0.51997507
AGO1,0.51985794
ATRX,0.51983505
SLC39A1,0.51982945
ACTR2,0.51973045
ACADVL,0.519662
ACAP2,0.51963955
ANP32B,0.51956654
ACACA,0.5195606
ANXA6,0.5195558
ATF7IP,0.5194698
BIRC6,0.5194116
TBC1D5,0.51935935
CDC42BPA,0.51930994
MATR3,0.51924413
ANKFY1,0.519175
CD52,0.5191534
C2CD3,0.5190955
ATN1,0.51893646
BRD9,0.51892895
AP1S3,0.5189173
ANXA5,0.5189063
TUBA1C,0.51889616
APPBP2,0.5188596
ALKBH5,0.51882726
SRSF1,0.51881504
ARHGAP24,0.51881224
AFF1,0.51876277
EIF4B,0.51872617
RTN4,0.51870215
ACO2,0.5186754
RDX,0.5185657
CAB39L,0.5185441
BCAS3,0.51845944
AP1M1,0.5184518
ARSB,0.5183703
ATP8B2,0.5183687
HNRNPU,0.51835364
ADIPOR2,0.5183398
AHCYL2,0.5183056
AZIN1,0.51830333
ATXN10,0.5182994
CCNYL1,0.5182667
STT3B,0.51824456
ALG5,0.5182426
ATP2B1,0.5182012
HUWE1,0.5181823
ARID4B,0.5181621
ALDH3A2,0.5181613
C11orf49,0.51803637
TPD52,0.51803595
ATXN2,0.51803124
ARHGAP10,0.5180048
PDE3B,0.5179839
CCNT1,0.5179057
BCL2L1,0.5178962
PPP2R1A,0.51789135
AP3D1,0.517887
ARIH1,0.5178829
BICD1,0.5178791
ATIC,0.51787084
ARHGEF18,0.5178661
AGPAT5,0.51786476
ADH5,0.517833
ANAPC1,0.5178245
ARF3,0.51781994
CALM1,0.51778364
ACTN1,0.51773703
ANKRD44,0.5177262
ARHGAP21,0.51772076
APBB2,0.5176236
ATP11A,0.5176077
SPATA5,0.5176
ATG2B,0.5175852
ARHGEF11,0.5175833
ACTA2,0.5175758
ATXN7L1,0.5175703
AHCTF1,0.51756155
ARL8B,0.5174987
AMOTL2,0.51743656
APOE,0.5173628
CBX6,0.51731724
AGL,0.51730484
RPL28,0.5172721
ASPM,0.5172585
ARHGEF2,0.517237
ANKLE2,0.51723695
AP2A2,0.51723295
ASF1B,0.5172112
BNIP1,0.5171989
ANP32A,0.5171666
ANO9,0.51714814
COL7A1,0.5171281
NIPBL,0.51711947
ALDH1B1,0.5170933
APPL1,0.51708865
TOP2A,0.5170853
ARFGAP1,0.51708335
AKAP9,0.5170677
BCL2,0.5170304
ADCY3,0.5170045
ARRDC3,0.5170031
AQP3,0.5169924
ACAA2,0.5169823
BTBD2,0.5169354
ARL4A,0.51693505
CCZ1,0.5169324
ATG4B,0.5169226
BANP,0.5169098
CTHRC1,0.5168746
ARAP1,0.516865
AKAP1,0.51685196
CCNF,0.51682454
SQSTM1,0.5168174
CDKN3,0.51680106
APPL2,0.5167679
BMP2K,0.5167654
CALML4,0.5167412
CCNG2,0.5167339
BANF1,0.5167303
AGPAT4,0.51671
CELF1,0.51670563
AGO2,0.516689
ADSL,0.5166424
AHCYL1,0.51663786
CBR4,0.51663667
ABCD3,0.5166226
ADCY6,0.5166147
BAHD1,0.5165786
ARHGAP31,0.5165772
BMI1,0.5165603
CARM1,0.51655245
ADD1,0.51654917
AKAP10,0.51654774
CAMK2G,0.51646644
ATP6V0A1,0.5164238
ARF6,0.5164152
AP1S2,0.516391
ATG16L1,0.5163833
C1GALT1C1,0.5163785
ADAM23,0.5163508
CENPL,0.516345
B3GALNT2,0.5163448
TPM1,0.51634264
ARHGAP12,0.51633936
RPL10A,0.5163304
ADAM12,0.51631206
ATP1B1,0.51630586
AKR1B1,0.51628655
ALKBH1,0.51628244
CACNB1,0.5162645
ALDOC,0.51626307
AGO3,0.51626176
ASL,0.51620567
CAB39,0.5162016
ALDH9A1,0.51619804
ATP11B,0.51616144
AMFR,0.5161598
AIFM1,0.51615083
SLC7A11,0.51614124
ANKRD28,0.516136
MYL6,0.5161345
AQR,0.516125
AAK1,0.5161087
AAMP,0.5161068
ACTR3,0.51610345
APLF,0.51610273
BRD8,0.5160557
AGFG1,0.5160532
ACTR3B,0.5160222
CHCHD10,0.51600015
CELSR3,0.516
EPOR,0.5159894
ACOT8,0.51596886
NR3C1,0.51595616
BRF2,0.5159551
ARL16,0.51595056
BIN3,0.51592803
ARPC2,0.5159266
BIN1,0.5159241
CLCN6,0.51592356
ARFGAP2,0.51590675
ATG13,0.5159031
ARFGEF2,0.5158956
TUBA1A,0.5158953
ARHGAP26,0.51589066
UBE4B,0.51588017
CARS2,0.51585907
ABCC1,0.51584125
BUD13,0.5158347
ADORA2B,0.5158202
TFDP1,0.51581943
ADAM9,0.51581776
BMS1,0.51581186
ARPC5,0.515786
P2RY6,0.5157759
ATP6V1C2,0.5157696
ACLY,0.51575637
ACTR8,0.51574427
ARPC1A,0.51574266
ALKBH8,0.51573926
C1QBP,0.51572335
POM121,0.51570976
ATG3,0.5157097
CAP1,0.51569635
C18orf32,0.5156804
COMMD8,0.5156601
AIMP1,0.51565725
AK9,0.5156547
ALDH4A1,0.5156431
ATP2A2,0.5156299
CDK16,0.51561916
CASP2,0.51560825
ATG12,0.51560396
AP4S1,0.51559603
ACTR6,0.5155886
ANAPC15,0.5155768
ATG9A,0.5155745
AP5M1,0.5155723
ADD3,0.51557094
BRK1,0.5155145
CAPZB,0.5155036
ASAH1,0.5155012
CEP135,0.515495
BTBD3,0.5154942
ARHGEF28,0.51547736
C2orf49,0.51544535
DUSP8,0.5154416
APTX,0.51543283
ATP6V1G1,0.5153606
ANAPC7,0.5153602
ATF2,0.5153585
VCP,0.51533765
ARRB2,0.5152927
DST,0.5152871
ALS2,0.5152665
BMPR2,0.5152628
AMOTL1,0.5152517
ASCC2,0.515243
ATG4C,0.5152266
ALG13,0.5152191
BRD2,0.5152084
BTBD1,0.5152054
CHD9,0.51519763
CACYBP,0.5151741
BFAR,0.51515466
ATP8A1,0.5151491
SPIN1,0.5151442
ALAS1,0.5151364
ARHGDIB,0.5151332
AHRR,0.51511174
BAG3,0.5150981
ACTR10,0.51508856
AMPD2,0.5150879
AZI2,0.5150815
ATPAF1,0.5150762
CDC6,0.5150724
API5,0.5150508
CENPA,0.5150339
ANO7,0.51503146
APRT,0.5150308
ARHGDIA,0.51502156
AFG3L2,0.5150152
BARD1,0.5150135
CEP70,0.51501095
SF3B3,0.5150002
ACTL6A,0.5149971
COQ9,0.5149879
CIT,0.5149666
CCNH,0.5149658
APOOL,0.51495564
ADAM22,0.5149534
BET1,0.51493907
ACTR1B,0.5149317
ADM,0.5149205
ARF5,0.5149197
ATAD5,0.51491046
ALKBH3,0.514907
AFF4,0.5148914
BBS9,0.51487845
BCL7B,0.51487625
BLOC1S4,0.5148661
BUD31,0.514847
ATRIP,0.5148286
AP3B1,0.5148126
AREL1,0.5147937
CACNA2D1,0.51479137
B9D1,0.51479095
ASGR1,0.51473176
ASAP2,0.5147303
ASAP3,0.5147288
BABAM1,0.51472193
C2,0.51471543
IL12RB1,0.51471484
CAD,0.51468515
CDK19,0.51467776
CCNDBP1,0.5146571
CADM1,0.51465595
ANGEL2,0.5146498
ASB13,0.51464206
MS4A4A,0.51463574
CAPN5,0.51463276
APH1B,0.51461935
CTSL,0.51461816
KRT7,0.5146146
ATXN3,0.5146129
DDHD2,0.5146062
AP2S1,0.5146047
FOXP3,0.5145993
ASB7,0.51456875
ATPAF2,0.51456827
ATF6,0.5145616
AJUBA,0.514558
ANKZF1,0.514554
AP1G1,0.5145406
CASP10,0.5145344
ALCAM,0.51452696
CD109,0.5145208
AP2M1,0.51451665
PHF20,0.51451325
ALDH7A1,0.5145095
CAMK2D,0.5145016
AP1G2,0.5144884
ANXA2,0.51448005
AMY2B,0.5144742
APH1A,0.5144682
ARSJ,0.51445633
AGPAT1,0.51445055
SETD2,0.51442975
ACTG2,0.51440287
ATF7,0.5143954
ADCY7,0.5143839
ADAM10,0.5143637
ADAM15,0.51435465
RPL26,0.5143544
BAZ2A,0.514342
COL6A1,0.5143076
SRSF4,0.5143021
ARHGAP4,0.5142987
ALMS1,0.51428986
CCDC22,0.51428735
ARNTL2,0.51426876
APIP,0.5142555
CCDC106,0.5142489
AFTPH,0.5142447
AGO4,0.5142416
ARMC8,0.5142345
BCAR1,0.51423156
CLUAP1,0.51421505
CHCHD3,0.5142112
ATP6V1H,0.5141997
CACNB2,0.5141974
CHST1,0.51419413
CCT6A,0.51419014
BBS2,0.5141735
AKR1A1,0.5141719
ARPC1B,0.5141664
ARHGEF1,0.51415074
ALDH3B1,0.51414096
CEP250,0.51411766
ARL2BP,0.51411515
CTSF,0.51411074
HNRNPD,0.5141001
CFL1,0.5140818
ARHGEF3,0.5140814
ARID5B,0.51407635
AK4,0.5140661
BCCIP,0.51405996
ATP6AP1,0.51405823
ASPSCR1,0.51404274
AXL,0.514041
USP10,0.5140336
CNOT4,0.51401955
ASNS,0.5140192
BLCAP,0.5140182
CDK13,0.51398873
ARCN1,0.5139877
BOC,0.51398623
BICD2,0.513983
BAG6,0.5139635
CEP120,0.51394653
B3GNTL1,0.51394653
AUH,0.51391107
ACIN1,0.51390904
ADCY5,0.51388854
ANXA1,0.5138598
BCAP31,0.51385295
AP3M1,0.5138424
DYNC2LI1,0.5138194
ATP6V0B,0.51379097
AMMECR1,0.51377034
SCMH1,0.5137576
ATG5,0.5137563
RNF220,0.51375604
ARID3A,0.5137227
ARHGAP9,0.5137176
BTF3L4,0.5137083
CAPN7,0.5137052
CDC14B,0.5136983
MEIS1,0.5136927
ATP6V1A,0.5136797
ANK3,0.5136466
ALDH1A3,0.5136356
RPL29,0.5136234
BCAT1,0.51359457
C5AR1,0.5135914
AAAS,0.51354384
ARSK,0.5135227
CHEK1,0.5135108
BTRC,0.5135059
ALG8,0.51350576
ANAPC4,0.51348025
AACS,0.5134383
ARAP2,0.51343405
UBE2E1,0.51343083
AUP1,0.5134184
ALPK1,0.51341015
ARL3,0.51340973
CLN3,0.5133776
AASDH,0.513371
CMPK2,0.5133156
ALG6,0.5133112
AATF,0.51329476
CDK20,0.5132944
ABCA1,0.51328987
CHRNB1,0.51328754
AASS,0.5132855
ADI1,0.5132804
ABCC3,0.5132803
ATRN,0.5132788
ARFIP2,0.5132751
ARL14EP,0.51327044
FGD5,0.5132609
B4GALT1,0.5132279
BIRC5,0.5132258
OBSCN,0.5132115
AARS2,0.5131877
CAPNS1,0.5131711
ARFGEF1,0.51316243
TRIP12,0.51315904
ARHGEF26,0.5131544
COQ10A,0.513142
BAIAP2L1,0.5131394
CHN1,0.5131364
AP3S1,0.5131342
CDK4,0.5131301
BCL2L2,0.5131294
PHC1,0.51312345
ARHGAP44,0.51312035
ATF4,0.5131158
CHID1,0.51311207
ARHGEF19,0.51311034
CC2D2A,0.51310825
ABCG1,0.51310056
ATP13A2,0.51307595
ABCB6,0.5130647
ABCA2,0.5130561
ARL2,0.51305187
ATP2B4,0.5130513
DOK2,0.51303196
ARL6,0.51303095
ABCF2,0.5130225
FBXO6,0.51301676
CNTNAP1,0.51300555
BCAT2,0.51300037
ATOX1,0.51297
CLN8,0.51296836
A1BG,0.51296693
BZW1,0.5129667
ABCA7,0.5129651
ABI3,0.5129451
ARHGAP32,0.51293325
BUB1,0.5129314
ANLN,0.5129204
SPIDR,0.5129198
BRD1,0.5129198
CDCA7,0.51290363
ACVR2B,0.5128961
CBX3,0.51288813
CPD,0.51286244
CHKB,0.51286125
SLC25A5,0.51285565
BHLHE40,0.51284313
CBLL1,0.5128277
AMDHD2,0.5128179
BTF3,0.5128176
AKR7A2,0.5128146
ABCB4,0.51281273
AURKAIP1,0.51281136
ALYREF,0.5128018
BRPF3,0.5127825
MRPS27,0.5127659
ARHGEF15,0.5127582
AIFM2,0.51275367
CSNK1A1,0.512721
ACER3,0.51271987
ADAMTSL4,0.5127109
HLA-B,0.5127047
CLPP,0.51269996
BRF1,0.51269495
ACTR1A,0.51268643
ABLIM2,0.5126768
C2CD2,0.5126733
CHTF18,0.5126535
ARF1,0.51264983
ABCE1,0.51264924
AIMP2,0.5126392
ABI2,0.51263773
KCNAB3,0.51263034
CDCA8,0.5126275
CHCHD5,0.5126193
AP2A1,0.51261175
TANC1,0.51260465
BPGM,0.51259625
ATG16L2,0.5125909
CAND1,0.512584
CD55,0.51257163
B3GAT3,0.5125606
COPS3,0.51253945
ATP7A,0.5125165
ANAPC16,0.5125155
CCDC174,0.51251286
BOLA3,0.51251143
BCL2L11,0.51249903
ABCD4,0.51249796
CDON,0.51249516
BLOC1S6,0.51248527
BBC3,0.51248306
ARFGAP3,0.51247936
ACAP1,0.5124783
SSBP2,0.512478
BTN3A1,0.5124769
ADNP,0.51247674
ADAM17,0.5124762
FOXN3,0.51247066
CBR1,0.5124668
ACP2,0.5124667
CHMP4C,0.51246613
CCDC86,0.51246166
ACO1,0.51246077
BRIX1,0.5124606
ARNTL,0.5124574
ABCF3,0.51245266
C1GALT1,0.5124431
CCM2,0.51244307
BACE2,0.51243484
ARHGAP39,0.51243436
ACADM,0.5124237
AP5Z1,0.51242155
CDS1,0.5124215
ALDH18A1,0.5124211
CDC16,0.5124112
CITED2,0.5123824
ALG9,0.5123814
ATXN2L,0.5123781
ABLIM3,0.5123751
BBS10,0.5123681
B3GALNT1,0.5123606
ACYP1,0.51235604
AASDHPPT,0.5123212
WDR33,0.51231587
BNIP3L,0.512312
ATP8B4,0.51230264
B4GALT2,0.51229286
ATP1B3,0.5122807
ACOX1,0.51226604
ALG12,0.5122619
CNOT6,0.51225996
CKAP2,0.5122582
ACOT4,0.51224476
CXCL14,0.5122308
ASIC1,0.5122261
CMYA5,0.51220477
CBFB,0.51220304
ASB1,0.5121968
ARL4D,0.5121945
AMPD3,0.5121872
ALG11,0.51218545
CLCF1,0.5121657
HOXA7,0.5121567
DET1,0.5121518
ABHD12,0.51215
ABI3BP,0.5121423
DYNC1I2,0.5121324
ASRGL1,0.5121174
CCNE2,0.5121097
YEATS2,0.5121056
CEBPG,0.51210314
ARHGAP11A,0.5120856
CRY1,0.51207703
TARDBP,0.5120476
ATM,0.51203096
CES4A,0.5120236
CDK2,0.5120077
CATSPER2,0.51199067
ASPHD1,0.5119718
C6orf120,0.51196975
CCNA2,0.5119531
AIP,0.5119415
ARHGEF9,0.5119394
ACADS,0.5119378
ATAD2,0.5119164
ACSL5,0.5119063
CELSR1,0.5119061
CCNG1,0.511906
BAIAP2,0.5118933
CCDC80,0.5118777
ARHGEF12,0.51187736
ACVRL1,0.5118751
ADAMTS7,0.5118681
CSTB,0.51185733
CDKL5,0.5118571
ACSL4,0.5118571
ANAPC5,0.5118208
AMOT,0.51181865
CAPN15,0.51181203
CCNL1,0.51180696
ARHGEF40,0.5118061
CSPG4,0.5118022
CPSF3,0.51178735
ATP6V0C,0.51178265
BSCL2,0.51177883
ATAD3A,0.5117716
BMP1,0.5117579
GADD45G,0.5117544
ILF3,0.5117535
BCKDHA,0.5117512
ANPEP,0.51175076
ADCY1,0.51174456
CBY1,0.5117385
ATG14,0.5117326
AGPAT3,0.5117312
ACBD3,0.51172775
COL12A1,0.5117272
CCDC59,0.51171994
CDH6,0.51171404
CHRAC1,0.51171327
GNB1,0.51171124
ATP6V0E2,0.5117082
AGPS,0.51169723
ARHGAP25,0.5116912
ACAD9,0.51169014
CA2,0.51168275
ADIPOR1,0.5116809
DUSP19,0.5116803
BRWD3,0.5116715
AGAP2,0.51166743
DENND1C,0.511652
ASCC1,0.5116494
BTAF1,0.5116478
APBB1,0.51164186
CREB3L4,0.51163816
C2CD5,0.5116326
C1R,0.5116308
ARSD,0.51162636
ANKRD27,0.5116226
AOC3,0.5115963
ATP6V1B2,0.51158994
CHST12,0.5115784
FSTL1,0.5115739
CASK,0.51157004
CD320,0.5115631
BIRC2,0.51155645
BIN2,0.5115462
ARHGEF37,0.5115329
NASP,0.5115318
ACSL1,0.5115285
BLVRB,0.5115068
COL11A2,0.5114781
ARL13B,0.5114733
ANXA7,0.5114713
CARD10,0.5114645
CBX5,0.511456
CCNL2,0.51143044
CDC42,0.5114132
BAG4,0.5113868
CNOT8,0.51138455
ARHGEF4,0.5113784
C17orf75,0.51135415
GLDN,0.5113521
ABCF1,0.5113501
RPL35A,0.5113481
C15orf48,0.511342
ACOT13,0.51133746
CHM,0.51133573
EPHX2,0.5113313
PRDX1,0.51133007
CD200,0.5113297
ADAT2,0.5113224
CDC37L1,0.5113185
DERL3,0.51131034
ARHGAP11B,0.5113017
ANTXR2,0.51130134
DNAH1,0.5112944
ACAD8,0.5112916
CETN2,0.5112863
ALDH1A1,0.5112691
CNIH3,0.5112404
ADPRM,0.51123947
CDK5RAP3,0.5112382
ABR,0.5112206
APBB1IP,0.511209
DYNLT3,0.5111945
BDKRB2,0.5111867
COPS7A,0.5111838
ALPL,0.5111808
AGK,0.51117903
ACAT1,0.5111714
CALCOCO2,0.5111688
ATG10,0.5111685
CCS,0.51115656
ACOX3,0.51115024
APOBEC3C,0.5111369
BCKDHB,0.5111335
CIDEB,0.5111304
DDB1,0.51112443
TBC1D4,0.51111495
ACAA1,0.5111143
CHUK,0.51111317
ALG10,0.5111128
CD1D,0.51111037
CCDC136,0.51110333
CD86,0.51110137
CCDC115,0.51109385
CAMKK1,0.5110922
GFI1,0.51109207
BLOC1S5,0.5110826
COL8A2,0.5110749
CALM2,0.5110671
COL16A1,0.5110662
ACOT2,0.5110612
ACSS2,0.5110551
RPL27,0.5110522
DYNLT1,0.51103324
CDCA2,0.5110307
CD58,0.5110258
ATG4A,0.5110254
ABTB1,0.51100904
ALDH16A1,0.51100594
ARHGEF25,0.5110057
CEP76,0.51099044
BTD,0.5109879
ARPC4,0.51098055
MACF1,0.5109698
ADAMTS10,0.51095855
B4GALT4,0.51094365
DCLRE1B,0.5109423
AKR1C2,0.5109266
TMPO,0.5109194
BYSL,0.5109173
NR6A1,0.5109108
ZFP36L1,0.5109041
AGGF1,0.5109034
CDIPT,0.51089126
CNN1,0.51088995
ABCD1,0.5108769
CUL9,0.5108739
IGSF6,0.5108735
ATP8B1,0.51086223
EFNA5,0.51085716
ACD,0.5108558
SNRNP200,0.5108557
ACER2,0.51084673
CDH5,0.51084
COX7B,0.51083076
BOP1,0.51083046
CDK11B,0.5108303
CDC5L,0.5108257
ADRA2A,0.51082
ARAP3,0.51078624
ARNT2,0.51078564
CYP2U1,0.5107836
P4HA3,0.51077795
COX6A1,0.510772
ATP1A3,0.51075673
APOO,0.5107423
BBS7,0.51073855
AGPAT2,0.51073533
GCNT4,0.51073104
EVI2B,0.5107306
AADAT,0.5107215
ARHGAP6,0.51071906
CD46,0.51071507
ANO2,0.5107143
ATG2A,0.51067835
CBLB,0.51067466
RICTOR,0.51066023
CAPN2,0.5106601
CLASP2,0.5106552
CDH24,0.5106417
SNX5,0.5106324
AGER,0.51060593
ACE,0.51060456
CMC4,0.5106044
CD96,0.5106038
BMF,0.51057965
ACOX2,0.51057917
BTN2A1,0.5105687
GTF2H5,0.5105675
CBX4,0.5105632
ADK,0.510544
RBBP4,0.51054114
ALG3,0.5105268
CACNA1C,0.51051843
BAG5,0.51050454
CD36,0.5104954
CHFR,0.51049
CDK11A,0.51048833
CCT8,0.5104846
CKS2,0.51047957
CUBN,0.51046777
CXCL1,0.51046556
ABCB10,0.5104495
BCAS2,0.51044
CEP192,0.5104345
CKAP2L,0.51042145
CDC20,0.51042056
AK1,0.5104152
CHAF1A,0.51041245
DMTN,0.5104054
ALG14,0.5104052
APBB3,0.510402
CDH23,0.5103999
ANAPC13,0.51039433
BLVRA,0.5103865
ARHGAP30,0.5103838
FPR1,0.5103815
CTBP2,0.5103703
B3GNT4,0.51036394
ARSG,0.5103608
ACP5,0.510359
ALDH5A1,0.5103588
CLEC2D,0.5103493
COL24A1,0.51034576
B4GALT7,0.51033765
B3GNT7,0.51033247
AKR1B10,0.5103319
BAK1,0.51033014
NFAM1,0.51032937
ATP1B2,0.5103215
ROCK2,0.5103092
PUM2,0.5103089
CRMP1,0.51030755
VAV2,0.5102997
CHMP4A,0.5102903
APAF1,0.51027894
AFMID,0.5102781
ACAT2,0.5102623
C7orf26,0.5102623
ALG1,0.51026195
COX10,0.5102567
BLNK,0.5102558
COX17,0.5102492
AKTIP,0.5102351
CAPZA1,0.5102334
CDK6,0.51022106
CHI3L1,0.5102139
BATF3,0.5101985
CD99L2,0.5101883
BECN1,0.5101877
DOLPP1,0.510186
BEND3,0.51018316
C12orf65,0.51017916
OAZ1,0.5101787
COPS8,0.5101752
CRY2,0.51016074
CDCA5,0.5101579
RASAL2,0.5101472
COMMD5,0.5101467
DCTN3,0.5101281
IZUMO4,0.51012665
FDXACB1,0.5101166
CTBS,0.5101147
ADPGK,0.5100905
CAPN10,0.51008624
ST3GAL3,0.5100832
C9orf72,0.51007444
CAMLG,0.51007247
COA1,0.51006544
CMAS,0.510053
ALAD,0.51003075
ADAM19,0.5100256
CD5,0.51001066
ACSS1,0.5100042
CABLES1,0.51000166
CDK14,0.5099984
CD247,0.5099982
CNIH1,0.5099975
COL17A1,0.50999016
CRELD2,0.50998753
FAF1,0.50998163
ADAMTS13,0.5099741
ARHGAP33,0.50997293
CCDC91,0.5099724
CWF19L1,0.5099715
EFCAB7,0.5099705
COL9A3,0.5099511
CALU,0.5099507
ARG2,0.50994396
CEBPB,0.5099394
ARL4C,0.5099287
DCAF10,0.5099258
ACSM3,0.50991714
PGF,0.50991136
ARID4A,0.50989777
C12orf66,0.5098929
CLSTN1,0.5098884
CPSF7,0.50988406
CD81,0.5098823
ARF4,0.50987756
BDKRB1,0.5098724
CHD7,0.50987184
BNIP3,0.5098652
CENPO,0.5098511
AHSA1,0.50984865
ASS1,0.50984645
CREB3,0.50984377
CAPG,0.5098429
BUB3,0.5098387
COPA,0.50983036
ARHGAP27,0.5098218
DAPK2,0.5098126
CCT6B,0.50980866
BATF,0.50978565
CBX2,0.5097781
CERS5,0.50977564
CDC25A,0.5097682
CIR1,0.5097628
CCDC12,0.5097603
DUT,0.50975
ACOT11,0.5097412
SEC11A,0.5097258
BDP1,0.50972307
CETN3,0.50970817
E4F1,0.5097004
ANKRA2,0.50969803
ATF6B,0.5096937
BRAP,0.50969094
CD38,0.5096875
CFDP1,0.50967985
CCAR1,0.50967586
CERK,0.5096714
C17orf49,0.50966614
CNNM4,0.50966376
CACNB3,0.5096637
ACOT7,0.50965446
CIB2,0.50965416
UGP2,0.5096532
CENPC,0.50964844
COG5,0.5096483
CLINT1,0.5096482
DUOX1,0.5096473
DENND2D,0.5096455
MAGEH1,0.5096423
BAMBI,0.50962794
DHRS1,0.5096246
BMP8B,0.509618
CABYR,0.5096151
COMMD6,0.50960785
CPNE1,0.5095901
CASP7,0.50958955
ARL8A,0.50958633
SDS,0.5095813
ATP6V1E1,0.50957906
CDKN2AIP,0.50956774
COL1A2,0.5095552
DECR1,0.5095439
EPHB3,0.5095401
JMJD1C,0.5095373
CEP350,0.50953203
CDC40,0.5095276
CAPZA2,0.50951594
DCHS1,0.50951034
BGN,0.50950176
B9D2,0.5095009
CCNB1,0.5094987
RALY,0.5094941
CDC34,0.5094927
CALCOCO1,0.5094923
BID,0.50948554
ATP2A1,0.50946903
BFSP1,0.50946105
CNOT7,0.50946075
CMSS1,0.5094604
CDKN2AIPNL,0.5094526
CCDC40,0.5094519
ARSA,0.5094446
BLOC1S1,0.509439
CCT5,0.50943387
CGRRF1,0.5094245
CFD,0.50942063
ADRM1,0.5094191
CD300A,0.509413
DAB2,0.5093926
CTC1,0.50939214
EXOC4,0.5093796
CHML,0.5093653
CD6,0.5093612
CERS2,0.50934696
DDX17,0.5093438
CCDC88C,0.5093412
APBA3,0.5093337
SRSF10,0.509333
CDR2,0.50931
CLEC2B,0.5093076
BRPF1,0.5093001
APOC1,0.5092961
RAI1,0.50929475
GGT1,0.5092945
GLRX2,0.509293
COL5A1,0.50928205
TBCD,0.50928086
CREBRF,0.50927985
HES4,0.5092779
C17orf80,0.50927556
APOBEC3G,0.5092616
CDK7,0.5092612
COPS2,0.5092479
CDK17,0.50924575
CENPI,0.50923175
COL15A1,0.5092164
CIAO1,0.50921166
AKAP5,0.5092106
CGNL1,0.5092052
COMMD3,0.5091854
CD69,0.50917965
CCNK,0.5091672
ADAM28,0.50914896
FBXL8,0.5091375
CMTR1,0.5091225
CRTC2,0.50911397
B4GALT3,0.50910634
BRCC3,0.50910234
ASB6,0.5090999
CD48,0.5090972
EIF4A1,0.5090876
CCR10,0.50908494
COG1,0.50907236
BMP2,0.5090634
CBR3,0.50902647
CMTM7,0.509026
CHMP2B,0.5090227
FADS2,0.5090036
CRYZ,0.5090008
STRN3,0.50899786
GDI2,0.5089924
DRG2,0.50898296
ASB8,0.5089819
CLHC1,0.5089759
CAT,0.5089714
FLNB,0.5089523
COL6A2,0.5089187
BMP4,0.5089066
ACOT1,0.50890565
CXCL10,0.5089037
CARF,0.5088994
CARD9,0.5088992
CHST14,0.50888205
AKT1S1,0.5088811
CDS2,0.5088788
FOSB,0.5088762
ACP1,0.50887525
CTSA,0.5088734
CENPH,0.50887334
PPIL6,0.50885487
BCL7C,0.5088423
LDHB,0.50884163
ATP6V0A2,0.5088324
RPL12,0.50881875
EIF5A,0.50881416
DGKQ,0.50881
CEP78,0.508805
COLQ,0.5087961
DHRS3,0.5087826
KPNB1,0.5087725
GAB3,0.5087566
AKR1C1,0.5087554
CDC37,0.5087293
COPE,0.5087287
DDX20,0.5087164
ADAMTS14,0.5087114
ATL1,0.50870854
SH3PXD2A,0.50870633
CMTM1,0.5087053
CABIN1,0.5087047
CCNB2,0.5087026
ADAMTS2,0.5086841
EPHB6,0.5086688
DHRS4,0.5086663
CCP110,0.50865835
DOLK,0.5086331
ADAMTS9,0.5086296
RHOBTB3,0.5086272
CASP6,0.50862074
ARPP19,0.5086177
DALRD3,0.50860596
HK3,0.5086035
UBE2G1,0.508589
SF1,0.5085888
CHCHD6,0.50857127
CACNA2D2,0.5085622
ATG4D,0.50854087
ECE2,0.5085245
DDX19A,0.50851023
CNN2,0.50850195
CBFA2T2,0.5084963
CYP2R1,0.5084876
COA6,0.50848633
MAT2A,0.5084696
RPS6KA2,0.5084617
CCDC97,0.50844026
CBX7,0.50843906
CDC27,0.5084311
CYP7B1,0.50841993
DNAH5,0.50841695
CNOT6L,0.5084102
CTNNBIP1,0.50839
CTH,0.5083806
CLDN15,0.5083669
CLASP1,0.50836533
BATF2,0.508346
DCAF15,0.50832784
CDK1,0.5082674
COA5,0.50826186
C1orf162,0.5082394
CMTR2,0.50823385
CACNA1H,0.5082331
C3,0.5082127
CHERP,0.50821084
FGD3,0.5082099
DFFB,0.5082062
CAPN1,0.5081926
BCKDK,0.5081876
CHMP5,0.508185
CHN2,0.50817853
CLTA,0.5081524
ARHGEF6,0.50814503
CEP55,0.50811595
CDK9,0.50810915
CYTH2,0.5081068
ARHGAP18,0.5081032
COG3,0.5081012
AGA,0.5080992
CD83,0.50809777
CLIP2,0.50808805
CEP97,0.50808555
CD2BP2,0.5080782
TUBB4B,0.50807405
CENPJ,0.508056
B3GNT2,0.5080448
CCNY,0.50804216
ATP6V1C1,0.50803894
AIF1,0.5080246
LIN7A,0.50802237
CRTAP,0.5080185
ITGAM,0.50801754
USP32,0.50801295
CTU1,0.5080068
HEY2,0.5080065
LTF,0.50799555
BACH1,0.5079943
CDK8,0.5079845
DPCD,0.5079753
HOPX,0.50795454
CX3CL1,0.5079429
ECD,0.5079416
ALKBH6,0.50793356
CHMP2A,0.50792927
E2F8,0.50792927
CHD1,0.50792366
DIMT1,0.50791854
CAMK1,0.50791276
DCLRE1A,0.50791174
ARHGAP19,0.50791043
COPS5,0.50789165
CPT1B,0.50789046
TBL1X,0.5078878
CLNS1A,0.5078827
CD63,0.5078812
CD53,0.5078624
ANGPT2,0.50785357
CEP164,0.507838
DHPS,0.50783527
GPER1,0.50782686
COG7,0.5078144
COPS4,0.5077752
EXOSC8,0.5077735
COG2,0.50777346
CD27,0.50777024
COIL,0.50776136
GPI,0.5077607
CD9,0.5077375
BLOC1S2,0.50773305
SMG6,0.50772977
CDC23,0.5077283
CBX8,0.5077158
RAP1B,0.5077087
VGLL4,0.50770843
MIF,0.5076963
DNAH17,0.50768894
CDC7,0.50768375
CPNE3,0.5076809
COL6A3,0.5076799
APBA1,0.5076763
CENPN,0.50767195
B3GNT5,0.50766385
EXOC3L1,0.5076572
CAMKK2,0.507651
TAOK1,0.50764877
CHSY1,0.5076437
ELOVL7,0.50764066
CIB1,0.50763696
AP4E1,0.5076262
ANAPC2,0.507603
GADD45A,0.5075977
MYH3,0.5075906
DHRS11,0.507579
ATP7B,0.5075779
CYP27A1,0.50756705
CLSPN,0.50756216
ATP6V1D,0.50755847
CD2AP,0.5075571
MMP28,0.5075557
HEYL,0.5075503
IL1R2,0.5075303
COQ10B,0.5075132
ITGB3,0.50751233
ACACB,0.507511
CSTF2,0.5075108
CDC25C,0.5075104
MAD1L1,0.5075061
FAM20A,0.5074864
CENPB,0.5074517
DCUN1D3,0.50742495
ARFRP1,0.5074139
ADAMTS1,0.50741076
CENPP,0.5074102
HNRNPF,0.50740844
CHPF,0.5074031
CLK3,0.50740206
LILRB2,0.5073936
CCR7,0.50738776
ADA,0.5073627
GBP5,0.5073609
CDR2L,0.5073599
CDK3,0.50735885
BBS5,0.507338
CREB5,0.50731355
DNTTIP1,0.5073095
CEP41,0.5072833
CFL2,0.5072761
ADAMTS12,0.50727606
RIPK3,0.5072728
CNOT10,0.5072718
CUL7,0.5072552
COQ3,0.5072443
MPZ,0.5072425
ASB2,0.50723666
CAP2,0.50723416
DAPP1,0.50723314
F5,0.5072326
TRERF1,0.50721693
DDX54,0.5072057
CMPK1,0.50720465
GSK3B,0.5072011
COPB2,0.50719994
CHAF1B,0.50719947
COX5A,0.5071898
CAST,0.50718844
DIS3L,0.5071878
SERPINH1,0.5071868
CLK1,0.5071841
DIAPH3,0.5071787
BPNT1,0.50717396
ARRB1,0.50716734
CRABP2,0.5071673
NUFIP2,0.5071589
INHBB,0.5071584
DPM1,0.5071512
NHS,0.5071419
DERL2,0.5071393
CAPRIN1,0.50712705
CYP2S1,0.50711584
CASZ1,0.5071125
CEP170,0.50710005
CWC15,0.50709486
APOBR,0.5070932
ANP32E,0.5070895
DLC1,0.5070851
CWC22,0.50707024
CHP1,0.5070654
CRAT,0.50703883
COASY,0.5070382
DDX58,0.50703526
DPH6,0.50703377
CREM,0.50703347
TRRAP,0.50702775
CHTOP,0.5070061
CD2,0.5070015
PHB2,0.5070009
BOLA1,0.50698584
DHX58,0.506974
HNRNPK,0.50697124
CHMP3,0.50696915
DENND4A,0.5069619
GGT5,0.50693905
USP25,0.5069371
LAPTM5,0.5069105
CLIP3,0.5068972
CLK4,0.50688994
DDX39A,0.50687915
CACNA2D4,0.5068789
DLL1,0.5068732
ADAMTS4,0.5068487
CTDP1,0.50684816
DCAF17,0.5068455
UQCRC2,0.50683266
COL18A1,0.50682604
C1D,0.50682354
COBLL1,0.5068227
FCGR3A,0.5067936
CENPM,0.50679207
DNAJA2,0.5067813
CHD3,0.50677496
CASP4,0.50677496
CD68,0.5067729
CLCN7,0.50676167
DXO,0.5067513
CENPF,0.5067372
CPSF4,0.5067364
ACSF3,0.50673604
DCP1A,0.506722
AP4B1,0.5067182
SLC3A2,0.5067124
CEP57,0.5067048
GINS3,0.5067033
CTNS,0.5066804
AKAP8,0.5066725
DUSP6,0.50666946
HMGB1,0.5066686
FDXR,0.50666475
DNAJA4,0.50665855
CLEC3B,0.50664544
DDX52,0.5066439
COL4A5,0.50663716
CES2,0.50662524
DCAF11,0.5066127
SUPT3H,0.50661063
DCP1B,0.50660634
GATAD2B,0.50660187
ACADSB,0.5066004
CYB5R2,0.5065785
CMTM4,0.5065784
RGS4,0.5065755
BCS1L,0.5065672
CCDC93,0.5065667
CD163,0.5065601
CCT7,0.5065554
CORIN,0.5065544
RPS20,0.50655043
HYI,0.50653875
LIN7B,0.5065316
CTSK,0.5065089
EHMT1,0.5065017
FLT4,0.5064793
U2AF2,0.50645584
COL5A2,0.50643224
GBP3,0.50641716
GTF2IRD1,0.5064119
DNAJA3,0.5064061
AP5S1,0.50639755
UQCC1,0.5063852
COQ6,0.5063722
DOCK8,0.5063642
EME1,0.5063369
DUSP10,0.5063227
OXCT1,0.5063013
COX20,0.50629467
DHX32,0.50628436
DCN,0.5062809
CENPQ,0.50627244
ARL6IP5,0.50625366
CHST15,0.5062516
ADCY4,0.506235
CROT,0.50623316
COPG1,0.5062304
PKP4,0.5062168
CSTF1,0.50620025
CBX1,0.5062002
HNRNPUL1,0.506197
CENPE,0.5061969
CDC42EP4,0.50619364
EPC2,0.5061844
BRWD1,0.50617695
LMCD1,0.5061742
FUT2,0.5061736
DDIT4,0.50617254
FGR,0.50616914
HERC6,0.5061686
DGAT1,0.50616723
CENPT,0.50616574
DCTN4,0.5061521
CAMK4,0.5061452
CD47,0.50614107
COG8,0.50612706
DCTN2,0.50611424
DNAAF2,0.5060947
B3GALT4,0.50608295
CPEB2,0.50606966
ANGPTL4,0.50606763
CPT1C,0.50605506
SREBF1,0.5060525
CXXC1,0.5060485
CXADR,0.50604707
CEBPZ,0.5060207
GIPR,0.50601214
DCAF4,0.5059975
CSNK1G1,0.50599366
AP5B1,0.5059703
SLA,0.50596774
ZFAND6,0.50596344
CPSF2,0.5059602
CCT4,0.50595254
DAAM1,0.50593823
DNAJB11,0.50593114
ITGB1,0.50592244
YWHAB,0.5059201
TNRC6B,0.5059186
CLDN11,0.50591844
DDHD1,0.50590634
STK24,0.5059025
ADAMTS5,0.5059025
CSNK1G2,0.50588065
CHCHD1,0.50587624
LAMA5,0.5058661
MCMDC2,0.5058648
BLZF1,0.5058639
FAM114A2,0.5058526
CTPS1,0.50584906
F8,0.5058458
CLDN1,0.50584453
FOLR2,0.50584376
MPRIP,0.5058202
EAPP,0.50580984
CDCP1,0.5058084
CEPT1,0.5057991
LIN37,0.5057943
COL27A1,0.50579256
COX7A2L,0.5057848
CPEB4,0.505783
DNASE2,0.50578004
EFNB1,0.505762
CCDC68,0.5057565
CTNNA1,0.5057544
ENO3,0.50575227
EIF2B4,0.50574905
COL4A1,0.50574607
CLIC1,0.5057443
CLDN12,0.50574315
COL4A6,0.50574213
CDK5,0.50574166
PRPF8,0.5057361
EXOSC4,0.50572574
COPZ1,0.50570637
GLS,0.50570613
CCT2,0.50570405
BPTF,0.50569904
ATP2A3,0.5056979
DHX8,0.50569344
HLA-C,0.5056899
PTGES3,0.50568783
DUSP1,0.50566816
EIF4G2,0.5056672
FRK,0.50565106
CSDE1,0.5056395
DDX28,0.5056392
RBMX,0.50563276
DDA1,0.5056271
CNPY3,0.50562644
IPO5,0.505614
CD248,0.50561285
INMT,0.5056073
DSCC1,0.50559545
CDYL,0.5055848
CDC42BPB,0.50557977
FCGRT,0.50556934
CLDN7,0.5055393
CYB5R1,0.5055281
CSTF2T,0.50552803
RPN2,0.5055269
DPH2,0.5055265
DTX3,0.5055118
CTSH,0.50551134
WLS,0.50550574
CFLAR,0.5055048
CKLF,0.50549364
CFB,0.5054893
CD34,0.50548166
KMO,0.5054808
ANO1,0.5054744
CASP1,0.5054408
ATP6V1E2,0.5054322
CTR9,0.5054164
CDK5RAP2,0.5054124
EAF1,0.50541115
COL9A2,0.5053683
DDOST,0.5053549
CHCHD2,0.50534886
CLOCK,0.50534683
GNGT2,0.5053401
PTPRF,0.5053374
DMPK,0.50533545
YY1,0.5053332
PSPC1,0.50532764
COPZ2,0.5053272
AMPH,0.5053249
CCL4,0.505313
EAF2,0.5053086
CDK2AP1,0.5053064
CEP290,0.50530374
CRKL,0.5052928
GDPD1,0.505291
ARAF,0.5052894
CUL4A,0.50528777
CARD6,0.50528306
COMMD1,0.5052798
SURF4,0.50527054
CPSF1,0.5052608
NLRC4,0.5052525
SLA2,0.50525105
EBF1,0.5052462
CMTM6,0.5052347
DERL1,0.5052303
DGUOK,0.5052273
SUMF1,0.50522614
CNOT11,0.5052018
STIP1,0.50518906
CCL5,0.5051865
CIAPIN1,0.50517344
DPH1,0.50517297
GCAT,0.5051561
IL17RA,0.5051486
COG6,0.5051469
CDC25B,0.5051427
F13A1,0.5051051
CD180,0.50509936
MKLN1,0.50507677
DPM3,0.5050606
EFNA3,0.50503683
DOCK2,0.50502795
DDX27,0.50502723
DERA,0.5050219
CYSLTR1,0.5050095
DCK,0.5049715
DSG2,0.50496185
DDX60,0.50495666
CLDN4,0.5049378
ASAH2,0.50493693
APOBEC3B,0.5049311
DHX16,0.5049249
CORO1B,0.5049034
CERS6,0.504902
DYRK1B,0.5048905
CYP2D6,0.50488454
DCAF6,0.50486255
APOL1,0.50485057
DENND2C,0.50482666
CHST7,0.5048253
FBLN5,0.5048197
ENPP2,0.5048195
COX18,0.5048184
FBXO45,0.5047964
DACT1,0.5047889
FBXO4,0.5047882
ALOX5,0.5047717
DPY30,0.50475323
CYFIP2,0.5047458
CTPS2,0.5047399
EMC3,0.50472605
DOCK11,0.5047147
COPS6,0.5047012
EFNA1,0.5046997
CLEC7A,0.5046826
CPSF6,0.5046782
AGTRAP,0.50467587
BAG2,0.50466764
DSC2,0.5046631
CLPX,0.5046583
ITPKB,0.50464433
COLEC12,0.5046423
DENR,0.50462294
FZD1,0.504607
EARS2,0.5046058
GRK4,0.5045726
COMMD2,0.50457245
ELMO3,0.5045706
DOCK7,0.5045548
CABLES2,0.5045262
TMOD3,0.50452405
CNTRL,0.50450826
CLIP1,0.5044897
DDX51,0.50448316
DCAF12,0.5044828
FBP1,0.5044731
CSGALNACT1,0.50446385
DEPTOR,0.5044635
CSNK1D,0.50445664
BBS12,0.5044534
CPT1A,0.5044414
RSRC1,0.50443643
CSF1,0.50442433
DUSP14,0.5043945
MBD5,0.5043887
DCAF13,0.50438374
CTSO,0.5043799
DBF4,0.50437635
COQ7,0.5043649
CD40,0.5043585
EEF1D,0.5043469
EIF3L,0.50430775
COX15,0.5043021
JARID2,0.5042526
DNAJC3,0.5042147
DYRK2,0.5042131
AP4M1,0.50419414
COX11,0.50418955
FHL1,0.5041869
GPR68,0.5041805
HSPB2,0.504166
CCNT2,0.5041507
DCPS,0.50413483
EOGT,0.5041128
CYB5R3,0.5041117
DAZAP2,0.5041035
EVI2A,0.5040917
DRG1,0.5040829
RBM14,0.5040808
GNA14,0.50407845
DCLRE1C,0.504077
DYSF,0.5040731
HNRNPA0,0.50406426
DDX19B,0.50405955
ENGASE,0.50405335
CENPK,0.50405324
CREG1,0.5040531
DDX11,0.50405025
COQ4,0.5040462
FPR3,0.50404274
DCP2,0.5040341
MAP1B,0.5040304
DENND6A,0.5040155
CYTH1,0.5040013
CTTNBP2NL,0.5039972
DLAT,0.5039903
COPS7B,0.50398207
UBE2Z,0.50397474
RSF1,0.503965
TRPC4AP,0.5039619
CHPF2,0.5039226
GLYCTK,0.5038757
DMAP1,0.5038726
FBXO15,0.50385594
ARL1,0.5038549
DPH3,0.50384825
ECM1,0.5038327
CKAP5,0.503831
COL5A3,0.50382525
GALNT14,0.50378126
CLIC2,0.50377244
CNGA1,0.5037609
COG4,0.503749
UBE2G2,0.5037462
VAPB,0.5037458
WDR6,0.5037397
EBNA1BP2,0.50369805
AMT,0.5036954
CWF19L2,0.5036924
TRAF4,0.5036852
COQ5,0.5036539
CYBA,0.50360954
C3orf38,0.5035856
CDCA3,0.50357693
CTIF,0.50357467
CEP152,0.50356513
HNRNPL,0.5035382
CYSTM1,0.50353754
CLPB,0.50353366
EID3,0.5035178
CPE,0.50351053
CTSB,0.5035092
AP3S2,0.50350744
FBXO25,0.5034898
DVL1,0.50348705
CNDP2,0.50348526
E2F2,0.503475
DGKZ,0.5034656
ZNF462,0.5034607
DBI,0.50343984
RPL38,0.5034386
DONSON,0.50343245
DCTPP1,0.5034219
FZD3,0.50339395
RAD23B,0.50339204
EEF1B2,0.50337
CSTA,0.503358
CERS4,0.50335383
DCAF16,0.5033419
GOLPH3,0.5033413
TGFBI,0.5033366
E2F5,0.50333434
CYB5B,0.50332016
NPHP1,0.5033101
DENND2A,0.5032804
GPNMB,0.5032746
SCARB1,0.5032627
FAM160A2,0.5032333
GORAB,0.50322753
C5,0.50322247
CPOX,0.50321436
TRAF2,0.50318426
CTDSP1,0.5031822
CHSY3,0.50316787
FCER1G,0.50315607
DUSP7,0.5031534
DAPK1,0.503126
DCXR,0.50311226
CSF2RB,0.5031046
ENPP1,0.50310177
CNNM2,0.50307745
DMXL2,0.5030684
DHX38,0.50306827
RABGAP1,0.50306547
DVL3,0.5030135
CLIC3,0.5029975
CHRD,0.5029404
CHD1L,0.50294
DDX18,0.5029365
FUT1,0.5029292
DR1,0.50292516
CISH,0.5029117
FPGT,0.5028938
PPP6R2,0.5028868
OLR1,0.5028852
CDT1,0.502879
ENAH,0.5028789
CLDN23,0.5028752
E2F4,0.5028565
CTNNBL1,0.50283426
FZD5,0.5028291
CKAP4,0.50281894
NAP1L4,0.5028003
HDAC11,0.50279796
DOK4,0.5027959
HSPA12B,0.5027899
CSGALNACT2,0.5027583
TCERG1,0.5027552
DUSP4,0.50273657
CHORDC1,0.5027345
ECHS1,0.5027242
DFFA,0.50272274
MAOB,0.50271386
SMAD6,0.50270975
AQP1,0.5027051
DPYSL3,0.50270027
MKNK2,0.50268
RAPGEF1,0.5026763
DNAJC5,0.50266826
RAMP3,0.50265753
RPL24,0.5026484
CNNM3,0.5026418
DMWD,0.50262886
RAB10,0.50261843
GSDMB,0.50261813
DAPK3,0.50261045
OGDH,0.5026098
CXCL16,0.5025833
BEST1,0.50257456
DUS1L,0.5025741
KHDRBS1,0.50250375
ELK1,0.502503
DTX4,0.50250244
ANO10,0.5025003
CSTF3,0.5024973
ITPR1,0.50249237
GPR183,0.5024754
GALNT3,0.5024737
DCUN1D2,0.5024626
BHLHE41,0.5024509
ITGA8,0.5024324
VPS53,0.50243115
CETP,0.50241363
GNLY,0.5023967
DHX35,0.5023947
DHODH,0.502346
YBX3,0.50234187
MAPKAP1,0.5023385
CHMP4B,0.5023283
EDNRA,0.5023283
CYP39A1,0.50231725
MAOA,0.502313
FLNC,0.50227237
CHKA,0.5022384
UQCRH,0.5022228
SPTSSA,0.5022221
LARP4B,0.5022093
DDX50,0.5022009
PDLIM1,0.50219536
LMF1,0.50219506
DDX56,0.50218654
PYGM,0.502174
DENND3,0.5021669
CYB5R4,0.5021502
HYLS1,0.502149
HLA-E,0.5021359
FKRP,0.5021313
CMKLR1,0.5021212
PDLIM5,0.50211346
CUL1,0.5021071
CRADD,0.5020729
EPHA2,0.50206566
DISC1,0.50205874
DENND5B,0.5020512
ERMAP,0.5020507
XPO7,0.50204057
CNTLN,0.50203663
MRFAP1,0.5020286
KIAA1549L,0.50202256
KBTBD8,0.50201154
SRPK1,0.50198096
UTRN,0.5019681
GLUL,0.5019675
THOC2,0.5019352
GABPA,0.50193226
ESF1,0.50192696
MTHFD1L,0.5019234
DNAJB9,0.5019149
CLIC4,0.5019122
CPT2,0.50190514
POSTN,0.5018896
ECE1,0.50188905
CYC1,0.5018866
FADS1,0.5018833
FMO4,0.5018766
SNRNP70,0.50186354
ALS2CL,0.5018567
ECHDC1,0.50184184
FST,0.5018339
GPAM,0.5018151
GEMIN6,0.50181437
DGKI,0.50180167
CEACAM1,0.5018003
MS4A6A,0.50179887
SMC4,0.5017934
DHDDS,0.50178766
LIPG,0.5017751
CUL5,0.5017538
FCGR2A,0.5017333
DIS3L2,0.501728
DNAJC15,0.5017258
RAD18,0.5016368
AGMAT,0.5016356
KDM2A,0.50162405
TLN2,0.50159824
EHHADH,0.50159806
ARHGAP29,0.5015879
GET4,0.5015872
FRAS1,0.5015465
ETFDH,0.50153863
PTBP2,0.50153637
CYCS,0.5015229
TRMT11,0.5014929
CORO1A,0.50146365
TPST1,0.50145966
DIDO1,0.50145906
ETHE1,0.50144875
COL4A2,0.50138515
DAP3,0.5013418
SYNCRIP,0.5013316
SEC31A,0.50132483
GPX3,0.5013137
SH3PXD2B,0.5013018
FADD,0.5012991
FKBPL,0.50129056
IL18R1,0.50128466
DGKA,0.5012728
NUP210,0.50123304
ERI2,0.50122964
SSU72,0.5012285
DMD,0.5012128
EBP,0.5011958
MYCBP2,0.50119334
DTNB,0.5011771
DLG1,0.50115037
DDX42,0.5011412
IL17RE,0.5011317
XPO5,0.5011308
SKP1,0.50111663
VAT1,0.5011141
CD4,0.501114
HERC4,0.5011027
DBP,0.5010834
CPLX1,0.5010771
EVPL,0.5010622
MTSS1,0.50105315
VASP,0.5010472
CRLS1,0.5010132
DENND4C,0.5009898
PRDX6,0.50094575
GLIPR1,0.50092554
DCTN5,0.50089103
EIF2B2,0.50088155
EFTUD2,0.5008728
EDC3,0.50086254
CSNK1E,0.50086063
CRK,0.5008494
APOBEC3F,0.5008492
ENTPD5,0.50084764
DDX1,0.50084394
IQGAP2,0.5008264
KCTD6,0.50082344
HAGH,0.5008155
HFE,0.500802
FBXO27,0.5007969
RBM4,0.5007869
EBAG9,0.50077385
EIF2AK3,0.500768
EDIL3,0.5007579
GALNS,0.5007481
HDAC2,0.5007399
EXOC2,0.5007193
CUL2,0.50069207
PDS5A,0.5006847
EHD3,0.50066245
NUMA1,0.5006414
DPF2,0.50062865
FBXL22,0.5006162
RAB31,0.5005989
XPOT,0.5005981
DLG4,0.5005902
CHMP1B,0.50058305
JAZF1,0.50058305
GDF15,0.50056726
GCC2,0.500544
CPEB3,0.5005437
LRFN1,0.50053823
FAAH,0.5005076
DPH7,0.50048774
PSMB7,0.5004673
UBA2,0.50046164
CYFIP1,0.5004599
HOXD3,0.500456
EPB41L5,0.50044966
ECSIT,0.50044274
FBN1,0.5004343
GRIN2D,0.5004037
BTC,0.50037944
CSPP1,0.5003702
DBNL,0.5003305
EPHA4,0.50031346
COPB1,0.5003009
PRKCE,0.50029063
DEPDC5,0.50026983
ERCC6L,0.50025797
DVL2,0.50023687
FXR1,0.50022525
HS3ST1,0.500218
S100A9,0.5002031
CUL3,0.5001976
ZNF544,0.50019556
PDE8A,0.500193
RPA1,0.50015724
UBXN7,0.5001389
EIF4G1,0.50012076
RNF216,0.50006056
CTBP1,0.5000592
DPP4,0.5000431
DYNC1LI1,0.50001043
SRGAP1,0.49997282
ERLEC1,0.4999621
FBXL14,0.4999485
FOS,0.49992985
RCC1,0.49991667
CSE1L,0.49989668
RCOR1,0.49988344
DHX36,0.49983352
PAWR,0.49982578
CHRNA10,0.49982327
GALM,0.49981493
FEZ1,0.49980813
UIMC1,0.4997953
DOCK5,0.49976623
DBR1,0.49975646
DOK1,0.499753
DSEL,0.49974978
SRGN,0.49972954
DGKD,0.49972537
GALE,0.49971703
DIS3,0.49970502
PC,0.49969667
DDRGK1,0.4996937
CSK,0.4996928
EMC4,0.49968395
SLC25A13,0.49968067
DSN1,0.49967256
SHMT2,0.4996605
CTSD,0.49965948
AP3M2,0.49965894
DLGAP4,0.49963513
NEK6,0.49963215
HSPG2,0.49962085
ETV7,0.49960026
RPL34,0.49959275
LRRC4B,0.49957335
OAZ2,0.49955353
COL8A1,0.49953836
GANAB,0.49950635
RAI2,0.4995003
DCUN1D4,0.4994999
SDCCAG8,0.4994987
FKBP8,0.499489
GCH1,0.4994664
DCTD,0.4994656
DYNC1LI2,0.4994573
EXOC8,0.49945134
IPO7,0.49944648
DHX33,0.49942875
SUPT16H,0.49942863
NDUFA4L2,0.4994219
LPCAT1,0.49940246
ELOVL5,0.49939242
EYA2,0.49939224
CTTN,0.4993726
RPS3A,0.49936852
STAU1,0.49936733
GRB10,0.49933422
CXXC5,0.49933004
NCAPD2,0.4992866
DPP7,0.49926662
DDX31,0.49926388
DLGAP5,0.49926212
DEPDC1B,0.49923894
PPIB,0.4992219
HLA-DRB1,0.49921778
GALK1,0.49921364
CHMP6,0.4992059
DOCK6,0.4991901
ETNK2,0.4991788
G3BP1,0.49916846
DCAF5,0.49914363
EPB41L4B,0.49914292
SRSF9,0.49913567
TRAK1,0.4991182
EXOSC5,0.4991175
SERP1,0.49910313
YWHAH,0.49909517
DDX10,0.49909085
CUL4B,0.49906406
FUCA2,0.4990574
GTF2E1,0.499053
LY96,0.49904838
EIF3H,0.4990181
DNAJC2,0.498994
ENC1,0.49899262
EIF1,0.49898225
TCP1,0.49895406
PHF21A,0.49895233
HARBI1,0.49894604
DNM1,0.49894497
EHD2,0.4989169
DGKH,0.49890876
LMNB2,0.4988942
IRF6,0.49889344
PIP4K2A,0.4988792
HAUS3,0.49887875
NUP160,0.49887595
DAZAP1,0.4988735
EMC8,0.49887162
GMIP,0.49885547
DHX37,0.49885523
DNA2,0.49885362
DDX55,0.4988518
HLA-DPA1,0.49882606
GULP1,0.49882397
DNAJC1,0.49881396
SHISA5,0.49880838
EHMT2,0.49880677
DUS2,0.4987685
OGT,0.4987551
ECI2,0.49875402
EIF1B,0.4987487
DBT,0.498747
FAU,0.49873748
TLE3,0.4987198
CNOT1,0.49869272
PSMD1,0.49869165
DDX41,0.49868476
GCSH,0.49866083
GLA,0.49865443
EIF2S3,0.49864203
D2HGDH,0.4986144
HIPK2,0.49861422
KMT2E,0.49859822
PDLIM4,0.4985918
TNPO3,0.49858946
DNAJC11,0.49858057
DISP1,0.49857688
GBP4,0.49857065
S100A11,0.49856728
NUP155,0.49856278
HMBS,0.49855572
GEMIN2,0.49854982
DOCK10,0.49853832
SPAG9,0.49852866
CALCRL,0.4985175
SH3D19,0.49851632
FAM91A1,0.4985078
HAAO,0.49848017
DEPDC1,0.49847463
ITGB4,0.4984726
MAN2B2,0.49845695
RXRA,0.49841645
DNAJB14,0.49841407
LRG1,0.49840567
UVRAG,0.49839005
ZNF721,0.49837998
SLMAP,0.49836978
CYTH3,0.4983552
FGD1,0.4983501
DCAF7,0.49834007
HSD17B8,0.49831405
GALNT18,0.49831057
MAP4K4,0.4982947
DNAJC10,0.49827442
GCFC2,0.4982706
FRZB,0.49826202
NKD1,0.49823487
RNF128,0.49822256
ERN1,0.49821866
SLC16A3,0.49820012
DNTTIP2,0.49819964
GPR161,0.4981958
PABPN1,0.49818936
CYB5A,0.49816248
EXOSC6,0.49814728
FGD2,0.49814534
DOT1L,0.49814475
HES1,0.49812967
DENND1B,0.4981199
GNE,0.49806985
FNTB,0.49806583
COTL1,0.49806312
IPO9,0.49801934
FKBP4,0.4980155
CTDSP2,0.49801
RAPGEF6,0.49799386
JMJD4,0.49799258
FOXK2,0.4979691
NRIP1,0.49796164
ELMO1,0.49795702
EXOC1,0.4979177
DENND1A,0.49791434
GMDS,0.4979096
DCUN1D5,0.49790412
FHOD1,0.4978971
WBP11,0.49787942
DUSP16,0.49787486
FBXO17,0.4978743
SRRM1,0.4978719
RAB36,0.49785614
LSS,0.49785194
EMC9,0.49784178
DNAJA1,0.49783775
LRP8,0.49782848
SPARCL1,0.49782524
CNOT2,0.49781886
KBTBD6,0.4978111
GKAP1,0.49779522
STK39,0.49778995
GSR,0.49777183
FBXW9,0.49777016
TAF1D,0.49775788
PARD3B,0.4977554
DKC1,0.4977447
GBP2,0.49774364
RPRD1B,0.49773502
EXOSC7,0.49771655
WDR43,0.49771127
FBXO8,0.49767932
KCNIP4,0.49766362
CTDSPL,0.49765724
VDAC2,0.49763677
FMN1,0.49762204
DSP,0.49761838
GSPT1,0.49761793
DIAPH1,0.49760976
USP24,0.49755156
TRIM44,0.4975223
DDX23,0.49751145
IFNAR1,0.4975069
EIF2B1,0.49749598
IKBKE,0.49749303
GALNT6,0.4974913
GSTM3,0.49746835
PRDX5,0.49745956
KRT18,0.4974504
KCNH2,0.49744737
CSAD,0.49742872
EFEMP1,0.49742264
MFGE8,0.49741372
FCF1,0.49741137
UBE3A,0.4974095
CS,0.49740335
DHX9,0.49740294
LCAT,0.49740136
IL7,0.49739474
SLC1A5,0.497382
CYP2J2,0.4973738
DES,0.49736282
DISP2,0.49735987
DUSP12,0.4973453
GLS2,0.4973449
FBF1,0.49733034
GGA2,0.49732798
DZIP1,0.49732167
EVC2,0.497319
TYW1,0.49730793
HUS1,0.49730352
HERC5,0.4972802
FAM111A,0.49727395
DBF4B,0.4972676
SLC2A3,0.49725237
STARD13,0.49724448
PADI2,0.4971954
FAM131B,0.49718967
STAT1,0.49717176
FJX1,0.4971641
SRCAP,0.4971576
HMGB2,0.49715668
INO80,0.49715137
DNAJC9,0.49714807
GBA,0.49713475
DDX46,0.4971325
FBXL12,0.4971311
HNRNPH3,0.49713027
E2F6,0.4971251
CTSZ,0.49711484
LYZ,0.49711448
KIF9,0.497108
RPL31,0.4970868
EPB41L3,0.49706545
F12,0.49704036
VKORC1L1,0.49702647
EIF4H,0.49699244
EVC,0.49699083
POLR2A,0.4969849
DGKE,0.49697724
GPKOW,0.4969746
KDM8,0.4969431
KCTD3,0.49694237
ERGIC1,0.49693778
FARS2,0.4969332
DTX3L,0.49692106
SIN3A,0.49691683
ENG,0.4969044
EZH1,0.49688104
DENND4B,0.49687892
HNRNPA3,0.49686596
EDEM3,0.49682924
B3GNT8,0.49680805
ENTPD6,0.4967825
ERCC6,0.49676675
DLG3,0.4967613
DAB2IP,0.49675652
FRMD6,0.49673957
GUCY1A2,0.4967172
NCF4,0.49671414
DNMBP,0.49668387
CWC27,0.49666646
IDUA,0.49662182
COX6B1,0.49659365
GMPPA,0.4965933
DYNC2H1,0.49658313
CTDNEP1,0.49657843
GEMIN5,0.49657324
ESYT1,0.49656466
VAPA,0.4965387
SEPHS1,0.49650684
ELAVL1,0.49649578
IL2RB,0.4964935
FNIP2,0.49649027
GHDC,0.49647334
TUFM,0.49646533
DNAJC13,0.496443
FUZ,0.4964138
DHTKD1,0.496408
HPSE,0.49640328
LRRC8D,0.49640012
HSPA4,0.49639747
HHAT,0.49638978
OLA1,0.49638906
PGD,0.4963852
GIT2,0.49637485
EXPH5,0.49635765
ETFA,0.4963576
GLG1,0.4963403
DNAJB12,0.4963354
EPB41L1,0.49633038
LGI4,0.4963066
GLI3,0.49630484
EPN2,0.49629146
ESRRA,0.49628112
DNAL1,0.49627042
TLN1,0.4962568
DDX21,0.4962443
MGST1,0.49624026
EIF2A,0.4962338
SLC7A6,0.4962223
IBA57,0.4962072
LGR4,0.49620438
HM13,0.49619815
DDX39B,0.49619693
DTNBP1,0.4961947
TNFAIP8,0.49618378
WSB1,0.49617895
GJA1,0.49616593
GYG1,0.49616295
KCNJ2,0.49614796
SLC9A3R1,0.49611992
EIF4E,0.4961136
EXO1,0.49611193
GTPBP3,0.4961084
PSMD11,0.4960989
EXOC6B,0.49609423
MGAT4A,0.49609315
HLX,0.49608916
NOMO1,0.49608496
GOLGA4,0.49608484
FARP1,0.49608
GIMAP4,0.4960799
DHCR7,0.49606663
CYP3A5,0.49606487
DIAPH2,0.49605808
EIF4E3,0.49605316
EIF2AK2,0.49604434
LAMA2,0.49602312
F3,0.49599203
INPP1,0.49599192
DDX24,0.495981
ING3,0.4959695
PPP1CC,0.4959669
DUSP2,0.49596575
GK,0.49596515
GALNT12,0.49594
FBXL3,0.49593762
EIF4A3,0.49590054
EPHA1,0.4958969
FECH,0.49588576
FBXL4,0.49588424
EFNA4,0.49588242
GAB2,0.49587345
USP47,0.49586776
HEXIM2,0.49585587
GOSR1,0.49585447
IFT88,0.49584743
SRSF5,0.49584052
EGR3,0.49583805
FUNDC1,0.49581537
FUT4,0.4957982
EPB41L2,0.4957948
FAT4,0.4957826
EEF1E1,0.4957634
DLD,0.4957498
WDR59,0.49574834
PAPOLA,0.4957417
EGLN3,0.49573714
KHK,0.49572834
LUC7L3,0.49571064
FCHO1,0.49566823
FOSL1,0.4956604
USO1,0.49565536
UBAP1,0.49564978
GLCE,0.49564123
ITGBL1,0.4956266
KCNC3,0.49561745
XRN2,0.4956132
FBLN1,0.49561214
TRIM37,0.49560755
GTF2F2,0.4955979
GTF2A2,0.49558133
MFSD2A,0.49556693
EIF3B,0.49554238
GNAO1,0.49553144
HDAC10,0.49552992
KCNMB3,0.49552312
WDR82,0.49550462
FOXF1,0.49550435
HNRNPAB,0.49549118
FBXL2,0.49548134
CSNK1G3,0.49546215
ENOPH1,0.49545956
UBQLN1,0.49545756
EPN1,0.4954527
CYTH4,0.49543884
U2SURP,0.49543813
EME2,0.4954337
EIF4ENIF1,0.49542937
AAR2,0.4954173
GTF2I,0.49541262
DNAJC24,0.49541244
NAA25,0.49540284
DHDH,0.49538377
GPSM1,0.4953599
STK3,0.49535617
ENTPD4,0.49534956
HNRNPDL,0.49534324
KIF23,0.49534068
GATC,0.49532616
DNM3,0.4953065
NSMCE2,0.4952886
FABP5,0.4952844
IL11RA,0.4952831
EEA1,0.49528113
NBAS,0.4952714
SMG7,0.49526218
MCM3AP,0.49525496
ZMYND8,0.49525058
ELMO2,0.49524
HNRNPM,0.49523854
EXTL3,0.49522913
IFIT5,0.4952273
IKBKG,0.49522394
GANC,0.49521855
ETF1,0.49518433
KCNJ15,0.49518025
RAB5B,0.49517375
HCK,0.49516675
EVI5,0.49515727
KDM5B,0.49515343
GPN1,0.49514455
KCNJ14,0.49513543
LDHD,0.49513513
FMNL1,0.49513403
PCCA,0.4951296
EXOC6,0.49512175
JOSD2,0.49512103
IFT57,0.49511403
ERAL1,0.495111
KHSRP,0.49511075
ELAC2,0.495093
FOXRED2,0.49508223
HMGN2,0.49507323
GATAD2A,0.4950716
FOSL2,0.49506494
HOOK2,0.4950641
IQGAP3,0.495064
DNM1L,0.4950593
LRFN4,0.49504635
MYLK,0.4950435
GABPB1,0.4950422
FZD8,0.49503946
PPFIA1,0.49503788
GRPEL2,0.4950293
FBLIM1,0.49499294
FBXO2,0.49498093
FBXL17,0.49497554
PLD6,0.49494943
MCU,0.4949484
ITGAX,0.49493822
YY1AP1,0.49492386
KCTD15,0.49491784
ERGIC3,0.4948974
SRGAP2,0.49489355
FAM98B,0.49488607
FBXO32,0.4948541
HECA,0.4948409
GGPS1,0.494839
RNPS1,0.49483177
FARSB,0.49482715
DOCK4,0.49482447
ERP29,0.49481714
ETS2,0.49481636
LILRB3,0.49480733
EXOC3,0.49479103
POU2F1,0.49478275
SNRPD2,0.49477908
FYTTD1,0.49477592
CORO1C,0.49477574
ICAM1,0.49477166
LTB,0.49476254
FANCB,0.49474585
SYNGR2,0.49473518
FAIM,0.49473208
E2F3,0.49472135
HINT1,0.49471942
LAMC1,0.4947189
LAMB1,0.49470246
ELP6,0.49469614
MAPK9,0.49468717
MCM4,0.49468657
GPR160,0.49466896
GGT7,0.49465683
NSUN2,0.49465367
ITCH,0.4946524
FAM83D,0.4946252
HDAC6,0.49458975
GINS1,0.49458897
SLC44A2,0.49458688
ERGIC2,0.4945627
ELP5,0.4945608
GMPPB,0.49455965
EMC7,0.49455562
FBXL5,0.49455404
LRRC6,0.49455336
FUBP3,0.4945509
NPLOC4,0.49454695
DNAJC8,0.494546
PDXK,0.4945433
IMPDH2,0.4945418
HK2,0.49454087
HELQ,0.49452722
EPHB4,0.49452373
RPRD2,0.49452052
HENMT1,0.4945169
IDS,0.49451643
EEFSEC,0.49451277
FAN1,0.49451265
SUN1,0.494511
YTHDF2,0.4945105
NCK1,0.49451032
DNAJB6,0.494506
TMED10,0.49449936
MCL1,0.49449173
ESYT2,0.49447778
IQGAP1,0.49447253
SCFD2,0.49446833
RPRD1A,0.49446595
ITGA2B,0.49445406
FARP2,0.49445271
EEF2K,0.4944521
FDX1,0.4944513
MAPK7,0.49445027
FOXK1,0.49445003
SP3,0.4944476
FGFRL1,0.49442264
RIF1,0.4944111
HMGCR,0.49440825
FBXW11,0.49440727
FZD7,0.4944068
EFNB3,0.49440202
HSPA9,0.49434608
GSPT2,0.49434292
EIF3M,0.49432474
HNMT,0.49432468
LRRC8E,0.49431777
DYNLL1,0.49431565
DCAF8,0.49430844
NUDCD3,0.4943046
GABARAP,0.49430016
EIF2B5,0.49429587
RANGAP1,0.4942877
ETV3,0.49427128
DPYSL2,0.49424437
MEF2A,0.49423867
GRHL1,0.49423197
FMNL2,0.49423167
MOCS3,0.49422386
FIBP,0.49422148
GEMIN7,0.4942192
RNGTT,0.49421373
FBXO41,0.4941901
ICAM2,0.4941859
IPP,0.49418572
ZNF451,0.4941644
TRPM7,0.4941377
MCM7,0.49411383
IL17RC,0.49409357
INTS10,0.4940799
NACC1,0.49407
EIF2B3,0.4940675
FER,0.49406633
EHD1,0.4940612
KXD1,0.49405324
UQCRC1,0.4940458
SEC61A1,0.4940434
E2F7,0.4940428
KRBA1,0.49403787
GPX7,0.49403664
DPH5,0.49403566
ST6GAL1,0.49403125
DHX15,0.49402642
SPARC,0.49402234
EMC2,0.49401122
KPNA6,0.4939993
RAB3GAP2,0.4939877
FAHD2A,0.49397555
NLK,0.49396333
GUK1,0.4939623
ERLIN2,0.49396217
ENSA,0.49395287
DTL,0.49394768
EXOSC9,0.49394742
GNA13,0.49394718
HDAC8,0.49394077
GFPT1,0.4939346
FBXL18,0.49392927
GALC,0.49391994
EIF5B,0.49390623
MAP3K2,0.49390563
FAM110B,0.4938992
PAFAH1B1,0.4938896
KIF13A,0.49388075
PFKP,0.49387458
KCNIP2,0.49384806
MDN1,0.49384108
IER3,0.4938113
HSD17B10,0.49380806
GNG11,0.49380738
ITGA9,0.4938001
MVB12B,0.49379948
GPD1L,0.49379858
FAH,0.49379772
HS2ST1,0.49378702
LPIN3,0.4937866
HIP1R,0.49378598
STK4,0.4937855
FZD2,0.49377027
INVS,0.4937642
KIF13B,0.49375737
STRAP,0.49375448
NMT1,0.49375364
GAN,0.49375227
HLA-DPB1,0.49371284
NUDT14,0.4937092
FLOT2,0.49370658
FKBP1A,0.49370566
RFC3,0.49368834
ETFB,0.49368787
LIPT1,0.49368358
SCARA3,0.49368292
JAG1,0.49367067
LIMS1,0.493658
FUCA1,0.49365696
HMG20A,0.4936551
GARNL3,0.49365494
GABPB2,0.49365184
MARK3,0.49364853
LFNG,0.49363756
CEL,0.49363652
LMNB1,0.49362558
IP6K1,0.49362233
MEIS2,0.49361145
SMURF1,0.4936112
VPS51,0.4936092
ELF1,0.4936016
SENP6,0.49358934
FXR2,0.49357876
PRKCI,0.49357834
MED15,0.4935762
KIF17,0.4935719
PNN,0.493556
GDPD5,0.49354443
GFER,0.49354124
ENO2,0.49353752
NUP205,0.49353614
GCC1,0.49351424
IFIT1,0.49350733
INTS6,0.4935021
G6PD,0.49349698
GEMIN4,0.49348944
EIF3D,0.49348468
LRRK2,0.49348336
DLST,0.49346435
HSPA4L,0.4934554
MRC2,0.49345472
EP400,0.4934524
NEK7,0.49343917
MTA3,0.4934311
PDXDC1,0.4934303
ILF2,0.49342325
NUDT3,0.49341834
F11R,0.49341822
MED27,0.4934113
TP53BP1,0.4934105
HSF1,0.49341014
FLAD1,0.49339983
ESRP1,0.49339825
MYH10,0.49338472
TRAF3,0.49338153
MDFIC,0.4933773
EI24,0.4933724
DHCR24,0.49336663
EIF2S1,0.49336597
RFX3,0.49335188
NCKAP1,0.49334997
MAML3,0.49334294
ESRP2,0.4933398
NFX1,0.4933297
LOXL3,0.49331102
ELOVL1,0.49330765
GTF3C5,0.4932847
LAMP1,0.4932826
IPO11,0.49327245
KNTC1,0.49324384
GADD45B,0.49324164
FKBP3,0.49321982
KIF2A,0.4932195
INPP5E,0.4932036
GNA15,0.49319535
DIABLO,0.49319062
HSPA14,0.49318475
YME1L1,0.49318475
IPPK,0.49317604
MAP1A,0.49317536
FBXL7,0.49317378
QPRT,0.49315655
LIF,0.4931512
FBXL20,0.49314108
ALG2,0.4931343
MARK2,0.4931171
TACC1,0.49311483
GNB5,0.49310908
XPO4,0.49310446
IFT46,0.49310136
IL32,0.49309614
FAM13A,0.49309552
PXN,0.49309435
EIF2AK1,0.49302846
KDELR1,0.4930262
NUP153,0.49302474
FAM13B,0.4930176
MATK,0.49301502
H6PD,0.49301484
LDLRAP1,0.49298927
LYPLA1,0.4929749
GNAI1,0.49297336
ECH1,0.49296913
FBXO5,0.49295914
FAM168B,0.492954
FBXO31,0.4929444
IMPA1,0.4929438
HK1,0.49294043
F2R,0.49293777
HLA-F,0.49293083
HCFC2,0.4929247
MCF2L,0.49292377
KIAA0513,0.49292272
KCNC4,0.4929021
FERMT3,0.4928539
FBXW4,0.49284706
POGZ,0.49284494
SESN3,0.4928404
DYNC1H1,0.49283782
KCNN4,0.49282616
HSD11B2,0.4928202
DNAJB4,0.49281967
PCBD2,0.49281517
MAGI3,0.49280867
GOLGA2,0.49280804
PKD1,0.4927964
FOXP4,0.49279442
FEZ2,0.49279436
GAS8,0.49277607
GRAP2,0.49277145
FPGS,0.49276996
MCC,0.4927579
EIF3K,0.49275216
PABPC4,0.49274454
MYO1F,0.49272966
EIF3I,0.49272266
GPN2,0.49269927
GRSF1,0.49269152
JAM2,0.49268624
INPP5B,0.49268323
ITFG2,0.49266866
JUP,0.4926589
LIMS2,0.49265853
LMAN1,0.49265662
HIPK3,0.49265146
HMGN1,0.49265084
KIF18B,0.49264795
FAM110A,0.4926353
NOC4L,0.4926289
HOXB4,0.49262652
GPX8,0.4926184
EMD,0.4926165
MPP6,0.49261183
GTF3C1,0.49261132
KRT17,0.4926093
FBXO7,0.49260452
FGF11,0.4926028
NDUFB5,0.492602
TRIT1,0.49259806
LRP3,0.492594
MTHFD2,0.4925763
KPNA2,0.49256393
MTUS1,0.49255723
FBXO10,0.49255693
PAN3,0.49255183
SECTM1,0.49255097
PACSIN2,0.49254808
KLC1,0.4925466
GON4L,0.49254426
FLII,0.4925439
FGD4,0.49254102
LRRFIP1,0.49253744
KIF1B,0.4925272
XPR1,0.49250472
FANCM,0.4924941
IL4R,0.49249017
HSD17B1,0.4924789
EXOC5,0.4924784
MORF4L1,0.49247
EPS8L2,0.49246365
MELK,0.49246317
LDB1,0.49245885
ERH,0.49243382
DLG5,0.4924322
HERC2,0.49242827
EIF4EBP2,0.49242005
HSPA5,0.49241826
ITGAL,0.4924155
NCAPG2,0.4924035
PPP2R5E,0.4924022
GPD2,0.49240202
EGLN1,0.49239647
GATM,0.49239403
KAT6A,0.49238953
NDUFA10,0.49238664
EIF4E2,0.49238664
FBXW2,0.49237895
TRAPPC12,0.49235952
LSM12,0.4923482
NR2F6,0.49234787
INO80C,0.49234706
HSPH1,0.49233964
PPP2R5C,0.4923337
PELP1,0.4923307
NUP188,0.49232504
KIF21A,0.49230918
WDFY3,0.49230042
EIF6,0.49229765
GDF11,0.4922899
MAGED2,0.49228615
HGSNAT,0.49228567
HOMER1,0.49227852
FBXO9,0.49226707
SH3KBP1,0.49226314
KHDRBS3,0.49226078
FAM98A,0.49222726
GNAI3,0.4922265
EMB,0.49221677
GSTM4,0.4922152
GBF1,0.49220088
HDAC3,0.49219492
MCPH1,0.4921935
MCM3,0.49218833
GRB2,0.4921786
HERC3,0.49217576
ME1,0.49216235
GTF3C2,0.49215183
ITGB3BP,0.49215034
ELOVL6,0.49214825
HCAR2,0.49214005
KPNA5,0.49213648
THOP1,0.49212846
MLXIP,0.49212828
KIFC3,0.49212226
FBXO38,0.49211037
PARVB,0.49210662
MGAT5,0.49209872
OS9,0.49209133
ERCC8,0.4920875
MYOF,0.4920874
ST13,0.49208343
STX16,0.4920829
EIF2D,0.49206442
RAB32,0.49206132
FNIP1,0.49205986
GEMIN8,0.4920583
MYL12A,0.4920582
FMNL3,0.4920561
SKAP2,0.49205443
MTA1,0.49204722
MDH1,0.49201548
FCHO2,0.49201483
MGA,0.49200013
LCLAT1,0.49198812
FBL,0.4919782
GNL3L,0.49197316
FKBP2,0.49197224
IL2RA,0.49196458
NPAS2,0.49196157
EIF5,0.49196124
GPN3,0.49195984
LDLR,0.49195948
HPS5,0.49195546
RAB1B,0.49194783
MAVS,0.49194714
NMB,0.49194485
EMC10,0.4919432
NDST1,0.4919379
IL1RAP,0.49192828
SUPT6H,0.49192604
LIMD1,0.49192262
LGMN,0.49188104
KREMEN1,0.49187502
LSR,0.49185658
PBX3,0.49185243
NBEAL2,0.49184147
ITPK1,0.49182567
FARSA,0.49182302
MAN1C1,0.49181932
MAN2A1,0.49181896
G3BP2,0.49181026
INO80E,0.4918057
PPP1R12A,0.49179873
EIF2S2,0.49179405
INTS7,0.49179128
HEXB,0.4917831
POLR2B,0.4917808
RFX7,0.49178004
LSM14B,0.49177533
ERRFI1,0.49177003
PNISR,0.49173525
LYRM4,0.4917289
NCOA2,0.49172822
GSTK1,0.49172235
ITGA7,0.49170145
IFNAR2,0.4917013
EGR2,0.4916978
IL15RA,0.4916972
WIPF2,0.49168915
GNL2,0.49168578
ITGB1BP1,0.49168557
ESPL1,0.491676
MAPKAPK2,0.49166492
F2RL1,0.49165225
PCDHB15,0.49164936
KIF20B,0.4916481
RNASEL,0.49163795
GPAA1,0.4916299
FKBP5,0.49162287
GPR132,0.4916224
FZR1,0.49162033
PLOD1,0.49161968
EXOC7,0.49161962
GGCX,0.49161905
EIF4EBP1,0.49161744
PLB1,0.49160737
HTT,0.49160028
MINK1,0.491587
EIF2AK4,0.4915696
RPS13,0.49156293
GOLIM4,0.49155366
KIF14,0.49155274
RACGAP1,0.49155003
HSPA1B,0.49154887
NAA15,0.49154127
IFI30,0.49153942
KANK1,0.49153507
PLEKHA2,0.4915309
GAPVD1,0.49152514
PSME3,0.49152318
LAT,0.49151927
GBE1,0.49151742
KHNYN,0.49151674
ELF2,0.4915165
INTS3,0.4915134
LRRC49,0.4915119
MGRN1,0.49149635
LAMC3,0.49148265
HSPA1A,0.49147698
ME2,0.49147344
FBXL19,0.49144992
LAMB3,0.4914482
FAM120B,0.49139246
ELL2,0.49139133
TNKS,0.491376
PARN,0.4913757
NDUFS2,0.49137434
GNA12,0.49137422
ELP2,0.49137193
GAA,0.49137175
PRPF40A,0.49136657
KCNAB1,0.4913597
SYMPK,0.49135172
LRIG1,0.4913372
GART,0.4913306
MAGT1,0.4913242
NNT,0.4913241
GLO1,0.49131823
FEM1A,0.49131706
GLRX,0.4913059
ST3GAL1,0.4913002
NANP,0.4912974
ISYNA1,0.4912921
N6AMT1,0.49129105
NGFR,0.4912882
ITGB5,0.4912856
MAST2,0.49127898
MCMBP,0.49127126
FIS1,0.4912701
HLA-DRB5,0.49126434
NLGN3,0.49125692
MYL12B,0.49125168
SMG5,0.49124554
KCNQ1,0.4912448
MED13,0.49123007
NFATC2IP,0.4912297
NOLC1,0.49122748
FBXO22,0.49122638
NEK9,0.49122447
MAP4K5,0.4912235
FAM220A,0.49121103
NBR1,0.49120855
MAP3K4,0.491207
OXTR,0.49120694
GALK2,0.49120623
NUP62,0.49119052
LIPE,0.491186
HDAC7,0.49118555
FLRT2,0.4911715
TMED3,0.4911707
TFCP2,0.49116576
GPCPD1,0.49116075
MYO1C,0.49115908
HADHA,0.49115
LMO7,0.49113905
MAP2K5,0.49113873
SREK1,0.4911328
HDAC5,0.49112996
INPPL1,0.49112815
NIPSNAP3A,0.49112496
IMMT,0.4911214
LYPD6,0.49111444
EIF3J,0.49109635
PPP2R2A,0.49108812
PARK7,0.49108598
MTRF1L,0.49108517
GBP1,0.49108317
NCBP2,0.4910796
MYO9A,0.491077
LHX6,0.49107212
KRT5,0.4910703
SEC16A,0.49106655
FSCN1,0.49105924
IQCB1,0.49104172
KIF22,0.49104103
HAUS4,0.49104044
KIF1C,0.4910397
OSBP,0.49103832
IRAK3,0.4910278
ISG20L2,0.49102676
EXOSC2,0.49102488
GTF3C3,0.4910247
PCGF1,0.49102193
TJP1,0.4910166
HOXB7,0.49101418
MEF2D,0.49101177
IFT140,0.49100545
MOB1A,0.49100465
LARS2,0.49100447
MBD3,0.49100405
HACL1,0.49100137
KIF11,0.49099946
KCNAB2,0.49099723
NDUFAF2,0.49099028
HERC1,0.4909852
TM6SF1,0.4909791
ITGA2,0.49097767
PCDHGA6,0.49096796
REV3L,0.49096498
ERI1,0.4909628
GIGYF2,0.4909565
GPANK1,0.49094945
RNASE1,0.49094027
GALNT11,0.49092418
UGGT1,0.49091303
GTPBP10,0.49091017
FIG4,0.49090958
FRS3,0.49090406
FRS2,0.49090302
GNL1,0.49089482
MMP17,0.49088752
GPR176,0.49088696
MEMO1,0.49087304
LYPD3,0.49085936
LRRC47,0.4908519
FAM8A1,0.49084502
MAP3K11,0.49084207
MMS19,0.4908365
IRS1,0.49082386
MTA2,0.49082145
TXNIP,0.49082065
FNDC5,0.4908111
NOTCH4,0.49079418
PSMB2,0.49079114
MICU1,0.49078986
MAF1,0.4907788
HAUS2,0.4907699
WNT5A,0.4907614
GGH,0.49075845
FANCI,0.49075842
EVL,0.4907537
MNAT1,0.49075186
HADH,0.49074277
HNRNPH2,0.49073842
USP7,0.49073508
NEDD8,0.49073246
HIPK1,0.4907297
KATNAL1,0.49072912
GYS1,0.4907274
PHC3,0.49072635
PDE8B,0.49072608
VAC14,0.4907244
HCFC1,0.49072418
GGCT,0.49072212
PRPF6,0.49071363
GLB1,0.49069664
RAB3IL1,0.49069622
HEPH,0.49068204
MED24,0.49068034
GNS,0.49067515
MAP2,0.4906658
KDM4B,0.49066547
ST3GAL2,0.49065667
USP15,0.49065587
HS6ST1,0.49065024
SUMO3,0.4906452
MTX2,0.49063498
HECTD1,0.4906343
IFI44L,0.49063405
HSBP1,0.49063268
GAS2L1,0.49062145
LMAN2,0.49061495
EIF3G,0.49061397
IGF2R,0.49061346
FLOT1,0.49060676
IWS1,0.49059847
HAVCR2,0.49059606
LATS2,0.49059138
MRPL10,0.49058694
KCMF1,0.49058196
SH3GLB2,0.49058092
SP1,0.4905757
HMGCS1,0.49056852
PRMT1,0.49056813
HAUS8,0.49056453
PDE1B,0.4905594
PTGIR,0.49054724
NPC2,0.49053255
PTPN12,0.49052826
IMPA2,0.49051312
GCDH,0.49050933
MKRN1,0.4905019
EPCAM,0.49049705
KPNA3,0.49049267
DSTN,0.4904757
GOLGB1,0.49045587
EPAS1,0.4904538
GTPBP1,0.49045357
HGS,0.49044886
HLA-DMB,0.49044645
GIT1,0.4904426
IRAK4,0.49043489
FDPS,0.49043322
NEK1,0.490421
MYL5,0.49041137
GNAI2,0.49040574
MAN2B1,0.49039388
LAMB2,0.4903922
PPP4R2,0.49036688
EPHB2,0.49036407
MAMLD1,0.49035665
KIF7,0.49035627
SEC24C,0.49034578
INTS1,0.49034303
FHL2,0.49033567
HIVEP3,0.4903351
NDUFV1,0.4903335
ITGA11,0.4903307
FMR1,0.49031356
FBXO30,0.49030724
FNBP1L,0.49030656
HOXA3,0.4903033
IFNGR1,0.4903002
MAP3K7,0.49029532
IL6R,0.49029455
LTBP1,0.49028867
UBE2I,0.490283
LIN9,0.4902802
FN1,0.49027872
MPP5,0.49027127
GLUD1,0.49025655
PDE7A,0.49024457
GTF2H1,0.49022484
FERMT2,0.49021924
NCOA6,0.4902167
HSPB1,0.49021363
GRAP,0.4902088
LIN54,0.4902039
PLCB4,0.4902009
TIPIN,0.4901888
MGLL,0.49018332
GPT2,0.49017832
GOT2,0.49014947
PIGP,0.49014762
MEX3C,0.4901458
LTBP4,0.49013302
ISY1,0.49013284
GDAP1,0.49013102
HPRT1,0.49012655
FASTKD2,0.49012482
HEATR1,0.49012277
KCNMA1,0.4901183
HDAC1,0.4901183
FAM3C,0.49010587
NINL,0.4900663
NAA50,0.49005404
TSEN2,0.49003893
MED14,0.4900387
MADD,0.49002972
IPO8,0.4900276
KDELR3,0.490015
MBOAT7,0.49001494
GNB4,0.4900104
NPRL3,0.48999244
GRPEL1,0.4899849
RASGRP2,0.4899834
NUDT21,0.4899814
ZRANB3,0.48997813
MBOAT2,0.4899706
OPRL1,0.4899691
LBR,0.48996326
PRKAA1,0.48996222
POLDIP3,0.48995903
SYP,0.48995525
GNL3,0.4899514
LSM5,0.4899489
NMI,0.4899466
MSR1,0.4899458
GFM1,0.48994505
SIL1,0.48994163
GPS1,0.48993984
GJC1,0.4899394
MFHAS1,0.48993498
KDM4A,0.48993325
PFN2,0.4899225
MOB1B,0.48991036
GK5,0.48990613
LPL,0.48990202
KBTBD7,0.48990116
MFF,0.4899009
HSD17B12,0.48989195
MAN1A2,0.48987857
HLCS,0.4898772
MX1,0.4898745
GMNN,0.48986313
PNRC2,0.48985592
NHP2,0.48985243
FANCL,0.4898511
LPGAT1,0.4898499
PI4KB,0.48984963
KIAA2013,0.4898472
MAP2K3,0.48984447
GAB1,0.48983547
UBE2E3,0.48982817
PSMB1,0.4898249
NDUFS8,0.48982033
RND1,0.4898038
LAMP2,0.48980272
LSM11,0.48978978
PCDHB10,0.4897895
MTDH,0.48978674
LARP7,0.489785
HAUS5,0.48978418
GSTA4,0.48977897
HLA-DMA,0.48977754
EXOSC1,0.48977616
LONRF1,0.4897728
FBXW5,0.4897685
TUBB2A,0.48975283
FZD6,0.48973265
GOLGA3,0.48972276
ESD,0.48971087
HYOU1,0.4897047
PDCD6,0.48970333
GAK,0.48969886
PHKG1,0.4896984
RYK,0.48967233
NPNT,0.48966375
IL15,0.4896585
EPC1,0.48965782
STAC3,0.48964843
THBS2,0.48964077
GPATCH1,0.48962864
LIN7C,0.48962638
LRIG2,0.48962066
TOP2B,0.48961928
GNPTAB,0.48961928
LGALS3BP,0.48961473
HAT1,0.48961174
SF3B2,0.48960957
TIAM2,0.4895884
KIF26B,0.48958555
TTLL12,0.48958328
MBD2,0.48958075
NUMB,0.48957184
HYPK,0.48956963
HBS1L,0.48955104
NAA16,0.48954692
PLK1,0.48954487
GAR1,0.4895423
SSR3,0.48954123
LSP1,0.48953563
IL10RB,0.4895233
GNG12,0.4895178
HAUS1,0.48951608
NDEL1,0.48950523
FNTA,0.48950472
TIA1,0.4894962
RSAD2,0.4894949
MSH3,0.48949248
IARS2,0.48949173
LAG3,0.48949164
EMC1,0.48949033
MRPS6,0.48948205
GTF2E2,0.4894777
HSD17B4,0.48947597
FBXO21,0.48947358
SYCE2,0.48947245
GTSE1,0.4894704
PKN2,0.48946935
MTHFD1,0.4894673
UHRF2,0.4894671
LPXN,0.48946673
MRPS21,0.48946404
FAF2,0.48946157
MAP3K8,0.48944685
HEXA,0.4894465
PERP,0.48944205
INPP5F,0.48944044
LNX1,0.48943886
MLEC,0.4894373
ITGA1,0.48943588
NFYC,0.48942742
NDC1,0.48942629
INSIG1,0.4894221
IGFBP7,0.4894208
NUP88,0.4894192
ERF,0.4894187
PA2G4,0.48941848
NUCB1,0.48941794
PGM1,0.48941207
PPP1CB,0.48941082
GNB2,0.48940584
MYO9B,0.48939475
HEG1,0.4893877
PSME4,0.48937362
S100PBP,0.48936632
GSTM2,0.48933446
EHD4,0.4893254
ITGA5,0.48931095
TMED2,0.48930907
IL10RA,0.4893064
TPGS2,0.48930484
GATA6,0.4893001
MAPKAPK5,0.48929986
FKBP15,0.48928887
MCUR1,0.4892876
FOXRED1,0.48928195
GLMN,0.48927832
GALNT7,0.48927766
NEDD4L,0.4892774
MRPL20,0.48927367
LCMT1,0.4892722
IL2RG,0.48926073
PLD1,0.48925194
HOXA10,0.48924783
MYLK4,0.48924252
FUT8,0.4892419
IRAK2,0.4892381
GNPDA2,0.48922935
NOL12,0.489229
MRPL17,0.48922825
SF3A3,0.4892052
GID4,0.4892021
LPIN1,0.4892015
MMS22L,0.48919362
LIG1,0.48918352
FYCO1,0.4891683
MIS18BP1,0.48916674
MGAT2,0.48916036
NUBPL,0.4891591
SHC1,0.48915732
PRKCSH,0.48914227
FYN,0.48914102
SNCA,0.48913878
SRP72,0.4891336
GNAL,0.48912653
STK25,0.48912248
LRFN3,0.4891203
G6PC3,0.4891173
OXSR1,0.4891053
INTS8,0.4890982
GYPC,0.4890891
MCM2,0.4890869
KALRN,0.48907587
TEAD4,0.48906836
LRP10,0.48906356
MTMR2,0.4890435
EXOSC10,0.48904344
GPC4,0.48904076
KRT19,0.48903573
EGLN2,0.4890245
OPA1,0.48902103
MTMR12,0.4890193
INCENP,0.48901922
RAB1A,0.4890184
TACC3,0.48901606
PAIP2,0.48900917
HMG20B,0.48900488
KLHDC3,0.4890033
GNPTG,0.48900038
KDM2B,0.48899782
PPP2CA,0.48898956
ING1,0.48898625
ORC5,0.48898113
LCMT2,0.48897222
MICA,0.48896754
LONP1,0.48895997
TTYH3,0.48895445
IQCE,0.4889461
KIF20A,0.488939
PSMD4,0.48893017
INPP4A,0.48892903
HAUS6,0.4889261
GID8,0.48892137
MAPK8IP3,0.48892125
GTF2F1,0.48891875
PLIN2,0.48891613
IL4I1,0.48890257
SDC2,0.48890132
MIER1,0.48889
KCNK5,0.4888808
KATNBL1,0.48887476
NFE2L1,0.48887444
PEX14,0.4888709
NR2C2,0.48886806
GTF2A1,0.48886696
LARP4,0.48886508
IP6K2,0.48886052
PANK3,0.48885515
IMP3,0.48885494
GOT1,0.48884737
MATN3,0.48884732
NDUFS3,0.48884308
TNFSF12,0.48883796
NAB1,0.48883352
MAP2K7,0.48882115
GTPBP4,0.48881915
NDUFA4,0.48880878
GRHPR,0.48880646
MST1R,0.48880538
KIF3B,0.48880503
NCSTN,0.48880252
MIDN,0.48880228
HOXA1,0.48879775
ITPA,0.48879078
LUC7L,0.48877332
HELB,0.48876813
HLTF,0.48876426
IFT81,0.48875389
PSMD3,0.48875102
MAML1,0.48875025
PAXIP1,0.48873645
MAPRE1,0.48873314
JUNB,0.48873264
TES,0.48871526
GPR89A,0.48871192
NEB,0.48871174
FAM126A,0.48871124
PDIA4,0.4887095
NUDC,0.4886967
OPHN1,0.48869604
GCLC,0.4886921
LSM4,0.48868412
IVNS1ABP,0.48867553
HSPA13,0.48867086
FBXW8,0.48866487
INPP5K,0.48866424
GRN,0.48865378
PLCD1,0.48864707
RNF152,0.48864582
INTS2,0.4886391
TIAL1,0.48862863
GDI1,0.48862782
KPNA1,0.48862213
OXNAD1,0.48861793
PTPRS,0.48861393
RBM25,0.48861286
NR5A2,0.48860005
NUP93,0.4885971
PMEPA1,0.4885968
GADD45GIP1,0.4885938
MAP2K6,0.4885893
PSD,0.48858178
LIG3,0.4885759
EHBP1,0.48857227
TRA2A,0.48856327
MFSD12,0.48856282
EYA3,0.4885463
RPL18A,0.48854104
KRBOX4,0.48853835
LAMTOR4,0.4885361
LAP3,0.4885354
GTPBP2,0.4885321
LRP1,0.48852986
ORC1,0.48850656
MZT2A,0.48849535
POLR2J3,0.48848715
MTR,0.48848453
HEBP1,0.4884702
ID2,0.48844483
PFKFB3,0.48843333
IDE,0.4884307
IL13RA1,0.4884269
KIF2C,0.48840898
MAPK14,0.48839927
NFKBIA,0.48838693
NCAPG,0.48838624
PLK3,0.48836777
SH3BP4,0.4883664
GRWD1,0.48836246
ITSN2,0.48836157
NFIX,0.48835695
MAEA,0.48835474
NAA60,0.4883545
MIEF2,0.4883491
GORASP2,0.48834428
LRP6,0.48832732
LAS1L,0.48832324
IFIT3,0.48832005
STRN4,0.48831424
NUDT5,0.48831084
MRPS7,0.48830977
INTS4,0.48830652
KPTN,0.48830447
HPS1,0.4883014
HERPUD1,0.4883007
GIPC1,0.48829743
INPP4B,0.48829073
GINS4,0.4882765
MRPL48,0.48827457
HARS2,0.48827025
GALNT1,0.4882697
PHKB,0.48826912
IKZF4,0.48826644
METTL22,0.4882573
HJURP,0.4882539
TNFRSF10B,0.48824173
LRP5,0.48824063
HOXB3,0.4882382
MAGI2,0.4882356
NDUFB9,0.4882339
RRAS,0.48822
SCLT1,0.48821467
KDELR2,0.48821342
PPP5C,0.48820952
IBTK,0.48820296
MTMR9,0.48819292
ING2,0.48816183
KDM3B,0.48815167
MSH5,0.4881466
NAT10,0.48814648
L3MBTL2,0.4881434
INPP5D,0.48813757
IDH3B,0.48812798
MPDU1,0.48812723
JDP2,0.48812398
MAP3K10,0.48811013
KLC2,0.48810083
MYBBP1A,0.48808298
SMARCA2,0.4880669
HTATSF1,0.48804027
LAMA3,0.48803824
GNPAT,0.4880377
LMO4,0.48803574
MFN2,0.4880323
P4HA1,0.4880262
GPSM3,0.488022
EZH2,0.48802114
NFATC3,0.48801738
MAGED1,0.48801494
MRPL45,0.4880067
ITGB7,0.4879911
IDH3A,0.48798895
URM1,0.4879802
NEU3,0.48797947
ME3,0.48797855
NRF1,0.48797804
MVD,0.48797667
NDUFAF6,0.48797378
PLAGL1,0.4879667
KCND1,0.4879651
TLR4,0.48795897
TALDO1,0.48794904
LOXL2,0.48794195
MYL6B,0.48794127
HELZ2,0.48793432
IFT27,0.4879299
ITGB2,0.48792696
HOXB2,0.487914
SRSF7,0.4879055
HNRNPUL2,0.48790154
MIEF1,0.48789448
MED11,0.4878871
MLX,0.48787543
MAU2,0.48787156
GEN1,0.48786968
PHACTR1,0.4878585
ITPKC,0.48785204
PTGER2,0.48784336
KIF4A,0.48784047
LRCH1,0.48783502
NT5C3B,0.48783234
LRRC41,0.48782992
SEC14L1,0.48782912
MGAT3,0.48782346
MED22,0.48782277
IFT172,0.48781624
KANSL2,0.48780936
L3HYPDH,0.48780483
KLHL11,0.48780268
RBPJ,0.48779985
KRT10,0.48779967
GPSM2,0.48778963
HVCN1,0.4877835
PREX1,0.48777407
SWAP70,0.48777056
PFDN5,0.48776898
SHC2,0.48775816
PRKAR2A,0.4877564
INTS9,0.48775235
HMGXB4,0.4877507
MYBL2,0.4877315
MRPS16,0.48772728
KRIT1,0.48772463
GLRX5,0.48772305
GTF2H4,0.48771197
NADSYN1,0.4877067
FXYD6,0.4876923
HSPB11,0.48769104
SF3A1,0.48768738
IRAK1,0.48768464
LIMA1,0.48767126
PDHB,0.48767087
NMRAL1,0.48766917
RAB11A,0.487669
IFI16,0.48765793
PLCD3,0.4876423
MARS2,0.48763606
GCA,0.4876305
FURIN,0.48762947
PFKM,0.48762244
NDUFS6,0.48762062
ITGA6,0.48761088
GGA1,0.4876067
PIGU,0.4875951
PPP1R3D,0.487586
KPNA4,0.48758417
TOR1AIP2,0.4875721
LRWD1,0.48756763
IGFBP4,0.4875609
SCNN1D,0.4875592
IFT122,0.4875542
HCCS,0.48754242
NDUFB10,0.48754093
RSL24D1,0.48752236
IREB2,0.4875194
PCNT,0.48751602
ITPR2,0.48751566
PRR5L,0.48751193
FEM1B,0.48750064
MMP11,0.4874783
HLA-DOA,0.4874751
VRK1,0.48747396
PLAT,0.48746604
LMTK2,0.4874646
PUF60,0.48746422
THY1,0.4874617
METAP2,0.4874558
MON1A,0.48745528
PTGS1,0.48744977
ICMT,0.48744014
ZNF496,0.4874363
GMPR,0.48742297
NDUFS1,0.4874168
GBA2,0.4874075
MTMR3,0.4874026
PSMF1,0.48739716
KATNA1,0.48738277
TICRR,0.48734307
PAK4,0.4873413
MRPS30,0.48733723
REV1,0.4873335
MTMR14,0.48732898
KIF18A,0.48732173
MAD2L2,0.48731136
NES,0.48730054
KIF21B,0.48729682
SARNP,0.4872933
PDS5B,0.4872848
MAP4K3,0.48727983
NPTN,0.4872797
MPDZ,0.487275
NDUFAF3,0.48727462
LPCAT2,0.48726466
MRPS5,0.48725912
MARK4,0.4872558
SAP18,0.48725244
PCID2,0.48724762
KIF15,0.48724654
NRN1,0.4872461
HMGCL,0.48724332
MANEA,0.4872429
KLHL2,0.48723787
NOL3,0.4872359
RRM1,0.4872259
TMED9,0.48722494
LSAMP,0.48722318
PAQR3,0.487223
NAGK,0.48721823
FZD4,0.48721734
NAA38,0.48721355
LSG1,0.4872077
IL17RD,0.48720625
SYNJ2,0.48720133
SSR1,0.487198
MRPL24,0.487198
MRPS2,0.4871897
MLF1,0.48717976
HACE1,0.48716855
RSL1D1,0.48716784
IFT80,0.4871668
OSTC,0.4871664
LEO1,0.4871616
MID1,0.4871603
KLHL3,0.4871467
SMPD4,0.48713213
MGAT4B,0.4871281
PPIF,0.48712137
KAT2A,0.48711345
HPS3,0.48711318
INTS5,0.48710892
PCGF3,0.4871036
LIMK1,0.48710072
MXRA8,0.48709732
NCAPH2,0.4870924
MBTD1,0.487081
LINGO1,0.4870597
MAPK6,0.4870549
NOC2L,0.48705354
MSL2,0.48705277
TAF4,0.4870485
KIFC1,0.48704433
LRP4,0.4870277
PDCD6IP,0.4870268
NUP107,0.487026
HDAC9,0.48702335
SRD5A1,0.48701188
MBTPS2,0.48700583
IFT52,0.48699218
ITPR3,0.48696595
MCTS1,0.48696515
MIA3,0.48696142
GSK3A,0.48695782
NPL,0.48695034
NPM3,0.48694396
RANBP3,0.486942
KCTD1,0.48693734
GOLGA1,0.48693678
NDUFAB1,0.486934
INPP5A,0.48693305
MRPS35,0.48692626
MAP3K3,0.48692197
ZNF418,0.48690772
MOCS1,0.48689497
KLHL9,0.4868898
MFAP1,0.48688412
KDM6B,0.48686484
UBE2V2,0.48685652
IRF3,0.48685414
GNG5,0.48684478
IRF7,0.4868415
NELFB,0.486833
PIP5KL1,0.48683235
GTF2B,0.48682523
PSMC1,0.48682317
MAD2L1,0.48682204
GMEB1,0.48680633
LTBR,0.4868043
MAP4K1,0.48679698
MORC2,0.48678985
IFT74,0.48678136
L3MBTL1,0.48676008
NOD1,0.48675492
GPR153,0.48673177
LONP2,0.48672256
GTF3C4,0.48672014
PDCD11,0.48671782
IPMK,0.48671517
MSL1,0.48671505
PCCB,0.48671448
NTN1,0.48669717
WDR31,0.4866946
NUTF2,0.48669314
MRPL3,0.48668474
PRDX2,0.4866787
NHLRC3,0.486672
PPA1,0.48666853
LSM3,0.4866657
METAP1,0.4866643
GPR180,0.48666286
NGLY1,0.4866554
ISCA2,0.48664954
SNX3,0.48663425
HIRA,0.486625
MRPL49,0.48661906
RAC2,0.4866121
IMPDH1,0.48660934
IRF2BPL,0.48659435
TRIP13,0.4865782
PARP4,0.4865652
SLC25A24,0.4865527
PPP1R14B,0.48654872
RBM5,0.4865476
POFUT1,0.4865393
ORC3,0.48652592
PDXP,0.48651803
MEGF8,0.48651734
IL18BP,0.4865021
IL21R,0.48649815
PPP2R5B,0.48649713
ROR1,0.4864955
HPS6,0.48649523
OPLAH,0.48648235
HIF1AN,0.48648134
NOMO2,0.48648068
MCAT,0.4864748
HIGD1A,0.4864695
WWC1,0.48646125
ZBTB7B,0.48645538
RDH5,0.48644286
SCN1B,0.4864421
MTMR10,0.48643142
IFI44,0.48642594
HECTD3,0.48640835
LEMD2,0.48640224
JUND,0.48639864
KRI1,0.48639446
NMD3,0.48638746
MYADM,0.48638487
MOSPD2,0.4863842
MANBA,0.48638004
RAB2A,0.4863789
PEX16,0.48637474
HSPBP1,0.4863647
MAD2L1BP,0.48635995
LNPEP,0.48635465
NCOA7,0.48635194
MAN2C1,0.48635173
IQSEC1,0.48634934
PTPN22,0.48634195
SMURF2,0.48633063
KIDINS220,0.4863109
RC3H1,0.48630515
RPS21,0.48630187
GABBR1,0.48629573
NOP56,0.4862953
MRPS11,0.48628542
NUSAP1,0.4862748
TXK,0.48626894
PPP1R18,0.48626888
LTN1,0.48626837
KIT,0.48626456
PTGFRN,0.48626268
IVD,0.48625648
HSPA1L,0.48624662
MYCBP,0.4862465
MTF1,0.4862446
PNPLA6,0.4862286
HOXB6,0.486226
NUP133,0.4862212
POLR3B,0.48621836
NFATC4,0.48621562
PSMB6,0.4862138
ORAI2,0.48621038
LAMC2,0.48620886
NUBP2,0.4862026
MAP3K5,0.486196
HSPB8,0.48618895
MALSU1,0.4861844
KIF3C,0.4861819
LRP2BP,0.4861601
KLC4,0.4861551
IRF8,0.4861543
SKA2,0.48614758
JAG2,0.4861294
ZNF124,0.48612472
NOP58,0.48611644
NRBP1,0.48609942
PTPRO,0.48609197
HMMR,0.48608184
ITGA3,0.48607215
MLST8,0.48606873
NR2F2,0.48606285
NUDT12,0.48605448
PLXND1,0.4860352
PANK4,0.486035
NOL10,0.48603082
PARVA,0.48603064
GDE1,0.48602316
PHB,0.48601437
MCM5,0.48601058
MKNK1,0.48600805
PSMB5,0.4860031
PSMA1,0.48600137
PAQR5,0.4859932
MCEE,0.48599213
INTU,0.485983
MAN1A1,0.48598152
GRK6,0.4859394
PCDH7,0.48593187
PPL,0.4859206
PJA2,0.48591673
RASL10A,0.4859073
FTSJ3,0.48590583
NSUN4,0.48590547
LYAR,0.48589775
HPDL,0.4858959
NUP54,0.48589236
WDR26,0.4858891
RASSF6,0.48588824
ORC6,0.48586866
NCBP1,0.48585886
MEPCE,0.48585334
TXN,0.48585117
LZTFL1,0.48584625
MRPL38,0.48584267
HBP1,0.48583704
GUF1,0.48583162
IMP4,0.48581824
PHLPP1,0.4858045
NEIL1,0.48579624
MRPL46,0.4857954
ODC1,0.4857785
IGBP1,0.48577312
RHOG,0.48577133
KANK2,0.48575962
LIN52,0.4857531
MRPS17,0.48575017
RPL17,0.48574644
OSBPL1A,0.4857432
PPCS,0.48573172
NDUFS7,0.4857218
PPP1R12C,0.4857157
KMT2B,0.48568064
TTL,0.48567975
SCAI,0.4856779
MTMR4,0.4856741
TSPAN14,0.48566467
NLRP3,0.48563766
PDSS2,0.48561755
MCM6,0.4855982
HRH1,0.48559383
NLN,0.48559237
IFNGR2,0.4855911
POLQ,0.48557612
MRPS31,0.48555875
LDB2,0.48555475
RPS7,0.4855488
TOMM7,0.48553818
PITPNA,0.48553777
PSMD2,0.48552495
IL17RB,0.48551708
TFDP2,0.4855144
MRPL34,0.485505
PHF1,0.48549905
MANF,0.4854895
UNK,0.48547423
NFATC1,0.48546782
MRPL28,0.48546636
OSBP2,0.48545855
GOLM1,0.48545712
PLA2G4A,0.48545557
GIMAP8,0.4854532
RASSF8,0.48545122
HOMER2,0.48544943
LGALS8,0.4854423
MSX1,0.48544168
NPRL2,0.48542652
KTI12,0.48542207
NDUFB4,0.4854147
MRPL37,0.48541212
SMCHD1,0.48540714
PRPSAP2,0.48539758
NCALD,0.48539644
IRF2BP2,0.4853951
IL20RB,0.4853841
SNX13,0.4853789
MRPS18B,0.485377
STC2,0.48537275
UBA6,0.48536277
PLCL2,0.48535427
OTUD7B,0.48535275
PDLIM7,0.4853514
MPG,0.485345
PGRMC1,0.4853422
HSD11B1L,0.48532215
PTPRM,0.48532042
LPCAT3,0.48531902
TTF2,0.48531625
MBIP,0.48531193
PPP1R16B,0.4853107
MRPL11,0.48529637
MRM1,0.48528683
RPL7L1,0.48528042
PIP5K1C,0.4852721
MYLIP,0.48527077
PPIE,0.48525712
IRF5,0.48525488
SSH1,0.48524877
ITM2B,0.4852369
RAB3GAP1,0.4852244
MZT2B,0.48522428
ORC2,0.48521936
RBM15B,0.48520768
SATB2,0.48520565
NOL9,0.4852012
NET1,0.4851895
OTUD5,0.4851775
SZT2,0.48517704
PLK2,0.48517337
OASL,0.48516896
TNIK,0.48516548
PDCD4,0.48516032
GTF2H3,0.4851602
PFKL,0.48515886
SPG11,0.48515126
MRPL13,0.48513943
HADHB,0.485136
LPIN2,0.48513415
NAF1,0.48513225
MIB1,0.48513135
MIS18A,0.4851281
GPC1,0.48512456
LMAN2L,0.48511577
RRP7A,0.4851062
HMOX2,0.48509812
KLHL5,0.4850859
NKIRAS2,0.4850739
IFI35,0.48507237
NEO1,0.48505852
ODF2,0.4850517
NAGLU,0.48501927
PSMA4,0.4850077
KCNS3,0.48500648
PLCG2,0.48500624
MMADHC,0.48500043
NRP2,0.48499015
NARS2,0.4849873
RAPH1,0.48498663
INO80D,0.484982
MOB2,0.48498157
PPP1CA,0.4849754
RAB11B,0.48497182
MED16,0.48496577
PIK3C2B,0.4849518
MRPS34,0.48494613
LRPAP1,0.48494613
GALNT10,0.48494312
MXD1,0.48494154
LTBP3,0.4849348
ITGB6,0.48493335
MRPS36,0.4849222
ZNF680,0.48489434
NDRG3,0.48489186
SPPL3,0.48489052
LOXL1,0.484883
VPS25,0.484868
MAN1B1,0.48486462
MCRS1,0.4848631
WDR5,0.48485723
LGALS9,0.4848569
RHEB,0.4848528
SEC24D,0.48484623
SETX,0.4848228
SKIL,0.4848171
IPO13,0.48481676
LRP12,0.48480567
OTUD3,0.48479658
PIGL,0.48478124
STAT4,0.48477876
MED25,0.48477727
PCGF5,0.48477608
LEMD3,0.484775
INSR,0.48475468
RETSAT,0.48475334
NRL,0.4847438
GLE1,0.4847265
NR4A3,0.4847261
PDIA3,0.484718
MRPL33,0.4847088
PDK1,0.4847055
USP3,0.48469955
PANK2,0.48469576
NAE1,0.48468208
NIF3L1,0.4846749
PTPN13,0.48466292
MAPRE2,0.48465398
PYGL,0.48464164
NOP14,0.48462066
PPP1R11,0.48460358
NFKB1,0.48459926
NFYB,0.4845883
MSRB3,0.4845609
KAT5,0.48456046
SUPT5H,0.48452306
MSMO1,0.48451334
SRSF6,0.48448646
NADK2,0.48447874
NSFL1C,0.4844609
TOB2,0.4844557
HSCB,0.48444512
PIK3R5,0.48442772
IRF2BP1,0.48442587
HOXA5,0.48442236
ROBO3,0.48440936
PMPCB,0.48438364
NEIL3,0.4843788
JMJD6,0.48437378
IPO4,0.48437276
NAA10,0.4843684
WASF1,0.4843677
NDOR1,0.4843593
IRF1,0.48435912
KCNMB4,0.48435488
MPC1,0.4843279
YTHDC1,0.4843277
PKD2,0.48432234
SRRT,0.48431462
PUS1,0.48429212
NFKBIB,0.48428375
PIKFYVE,0.48428068
MYO7A,0.4842646
KLHL42,0.48426193
RBM28,0.4842433
PHF8,0.48423913
PATL1,0.4842369
MRAS,0.48423654
USP14,0.4842122
NVL,0.48419785
PAG1,0.48419607
LSM10,0.48419592
NT5C3A,0.48419568
SAFB,0.48418668
STON2,0.48418579
RPS6KB1,0.4841774
RASA3,0.484173
ZNF354C,0.48417294
PABPC1L,0.4841536
NDE1,0.48415205
ZNF664,0.484136
MRPL30,0.4841318
RAP1GDS1,0.48413035
NAIF1,0.48413002
MMAB,0.4841227
PCK2,0.48412165
PPARGC1B,0.48412102
NCAPD3,0.48411024
SOX4,0.48411024
ILK,0.4841078
MBP,0.48410755
TTC37,0.48410633
PLEKHG3,0.4841043
YKT6,0.4840965
ST3GAL4,0.4840931
TNPO2,0.4840917
KLHL12,0.48408023
QDPR,0.4840779
TAOK3,0.48406756
MOV10,0.4840628
MCCC2,0.48404655
MUC3A,0.48404577
SNTB2,0.48403716
KIF27,0.48403704
MTIF2,0.48403078
LIG4,0.48402554
NGDN,0.48402375
PPIP5K2,0.48402202
PEX19,0.484018
PPIG,0.48401433
NADK,0.484006
MAPK12,0.4839985
MED8,0.48398674
RNF24,0.48397443
PPP6R1,0.48397326
MRPL51,0.48396835
IFNLR1,0.4839613
PTDSS1,0.48395804
NOL6,0.4839487
SDSL,0.48393255
RFC5,0.48392725
MAP9,0.48392615
SMARCA5,0.48391956
PUS7,0.4839105
PRPF3,0.48389962
MRPS9,0.48389587
GUSB,0.48389208
KLHL22,0.48388895
SPIRE1,0.48388532
PLD3,0.48388472
PEA15,0.48388448
MED28,0.48388216
NID2,0.48388025
MRPS12,0.48387322
PCDHB3,0.4838729
ZNF836,0.4838717
PFDN2,0.48386395
PLOD2,0.48384425
ING4,0.4838396
NEIL2,0.4838385
RPGR,0.48383564
NR1H2,0.48383486
WDFY2,0.4838294
NUS1,0.48382187
OSBPL5,0.4838184
SFSWAP,0.4838179
MUS81,0.48381573
PARP14,0.48380116
MAPK3,0.48379663
IK,0.4837871
MOGS,0.48377967
NDUFA11,0.48377398
MIF4GD,0.48377264
PDPK1,0.48377013
RHOT2,0.4837675
RABGEF1,0.48375818
PSEN1,0.4837572
MAT2B,0.48375413
PSAT1,0.48375076
PRR12,0.48374858
MRPS22,0.48374686
SCYL1,0.4837338
MVP,0.48372766
NAGPA,0.48372176
LCP2,0.48372132
RNF217,0.48371863
NUDT19,0.48371676
MTX1,0.4837153
PRDX3,0.48371094
RUNDC3A,0.4836985
PANK1,0.4836975
METTL4,0.48368996
TUBGCP3,0.48368222
TXN2,0.48367813
STIM1,0.48367774
ITGA4,0.48367602
LRSAM1,0.4836633
RAPGEF5,0.48365766
CCR1,0.48365304
PACS2,0.48365036
ZFYVE16,0.48363447
MFSD10,0.48363128
KCNN3,0.4836284
HEXIM1,0.48362002
GSDMD,0.48360926
PLXNC1,0.48359895
MKKS,0.48359382
RGS12,0.48359236
INO80B,0.4835887
SCAP,0.48358026
RFC4,0.48357776
USF2,0.48357755
NAPB,0.48353407
LLGL2,0.48352
PLXNB2,0.48350865
PSMD8,0.48350865
NCK2,0.48348552
RNF38,0.48348373
UBR1,0.48346126
MAFK,0.48345903
PPP3CC,0.4834543
HOMER3,0.48344678
IRF2,0.4834431
PELI2,0.48342904
PDP2,0.4834271
PLXNA3,0.48341852
MYO15A,0.48341748
RRP1B,0.48341608
TMEM30A,0.4834023
RELL2,0.48338673
RGS2,0.48338255
NDUFA5,0.48337445
MTM1,0.4833738
POLK,0.48337322
HECTD2,0.48337233
NAA40,0.4833723
TXLNA,0.48337162
SLC25A12,0.48335886
LSM2,0.48334226
RAB6A,0.48334092
TEAD2,0.48333943
UBE2L6,0.48331976
OTUB1,0.48330238
NLRC5,0.48329705
PSMC3,0.48329148
LY86,0.4832908
NDUFV3,0.48328084
KDM1B,0.48325995
NUB1,0.4832593
MED21,0.4832536
KLHDC2,0.48324847
TNKS1BP1,0.48324192
PTPRA,0.48322788
NDUFA1,0.483221
RALGPS2,0.48322064
GNPDA1,0.48320684
MED17,0.483182
PMF1,0.48316276
PDHA1,0.48315924
RAB5A,0.48315787
PSMA5,0.48314244
ITGAE,0.48314148
PGS1,0.4831395
LEPR,0.48313805
PIK3C2A,0.48312736
PTCD3,0.483121
RORC,0.4831178
NAA35,0.48311502
HPS4,0.48311412
TLR3,0.4831135
NLE1,0.48310477
TNKS2,0.48309782
INTS12,0.48309508
PRKAG1,0.48309365
PBX2,0.48308986
PES1,0.48308936
IRS2,0.4830845
KIF26A,0.48307428
POLR1B,0.4830657
PPP2R5A,0.48306516
JMY,0.48305592
PSMB4,0.48304725
MRPS28,0.48304474
PRKACB,0.48304212
PPOX,0.48303667
HNRNPLL,0.48303467
PTPN1,0.48303333
PKP1,0.48303044
ZMAT2,0.48301864
TBC1D14,0.4830043
PTTG1,0.48298684
MT2A,0.4829806
SEMA3A,0.48297727
TTI1,0.48297098
LPAR2,0.48297042
PSMA7,0.48294234
NMT2,0.4829361
RAB14,0.48293132
RAD23A,0.48291376
KLHL21,0.48290026
PKN1,0.48289552
RASGEF1A,0.4828799
NUP50,0.48287672
MCM10,0.4828734
KIF3A,0.48287052
PIK3AP1,0.48286808
NMRK1,0.48286673
NEMF,0.48286438
PHLDA1,0.48285815
KRTCAP2,0.48284838
PPP1R15B,0.4828305
NDUFS4,0.48282182
POLD2,0.4828199
MLH3,0.48281902
NDUFV2,0.48281375
RBBP7,0.4828116
SYNE2,0.48279825
PPARD,0.48279715
KATNB1,0.48279348
RER1,0.48278624
SNRPD3,0.48278525
MDC1,0.48277736
MGST3,0.4827737
RB1CC1,0.48276797
PTPN7,0.4827674
MPHOSPH10,0.48276258
MRPS18A,0.4827568
HTRA2,0.48275635
PLXNB1,0.48275417
RPAP2,0.48274636
NOM1,0.48273778
MCCC1,0.48272702
ZC3H13,0.48272136
PIK3C3,0.48271957
SHOC2,0.48271674
MMAA,0.48270208
MBD1,0.48269153
PSMD9,0.48267978
LYPLA2,0.48266402
ORC4,0.48265457
LAMTOR5,0.48264536
NDUFA13,0.48264286
SLC12A8,0.48263818
PRKRIP1,0.48263738
ZNF587,0.48262504
RAP2A,0.48261303
PDRG1,0.48260677
PHF12,0.48259225
PDGFC,0.48257872
PTPN4,0.48257473
MOCS2,0.48257238
PSMB3,0.4825423
PLEKHM2,0.4825388
NR1H3,0.48253736
KLHL20,0.48253065
PILRA,0.48252398
SACM1L,0.48251832
PLXNB3,0.48251465
MZT1,0.48251253
PRKD2,0.48251027
RASAL3,0.48249522
PDE4A,0.4824839
PAK1IP1,0.4824742
MTF2,0.4824685
MLKL,0.4824678
NR4A1,0.48246092
PRPS1,0.48245615
SCRIB,0.4824505
NUBP1,0.4824354
ZNF714,0.48242098
IGFBP6,0.48241666
PSMB8,0.48241583
OCRL,0.48241025
MAPK8IP1,0.48240256
PPP2R5D,0.48238814
STOM,0.4823707
MRPL21,0.48236948
HSPA6,0.48235485
PRC1,0.48235235
NRP1,0.48234242
POLL,0.4823407
MPHOSPH6,0.48231956
PPRC1,0.4822956
PHF2,0.48228517
RABGGTB,0.48227435
PPP1R10,0.4822601
SRP14,0.48225984
MRPL19,0.48223993
WWP1,0.48222208
NTPCR,0.48222142
PTPN23,0.4822197
ZNRF2,0.48220998
UCHL5,0.48220834
RAD54B,0.4821968
SART3,0.48218155
MBD6,0.48217517
TRIP6,0.4821704
ICAM3,0.48217008
MED23,0.48216975
NUF2,0.48216954
LRRC40,0.48215523
PPM1B,0.48214626
PLEKHA8,0.48214337
INIP,0.48212495
NOP9,0.48212108
NDUFAF5,0.4821016
TPCN1,0.48209825
WDR41,0.48208386
PTPN9,0.48205987
POLR2K,0.48205414
SDHAF1,0.48204458
PHKA2,0.48203492
MMACHC,0.4820136
MTMR1,0.48201066
RAB5C,0.48199156
KRR1,0.48198187
LAMA4,0.48197958
PSME1,0.48197916
IL16,0.48197758
PCOLCE,0.4819775
PCDHB5,0.48197383
ISG15,0.48194247
LSM7,0.48192987
NME4,0.48192447
MOCOS,0.48192233
PDCD10,0.48192194
HMOX1,0.48191857
PRPF19,0.481918
RBM8A,0.4819109
NCAPH,0.4819087
OSGEP,0.48190698
NOSIP,0.48190632
PSMC5,0.4818952
PURB,0.48188668
NEDD9,0.4818856
POLD3,0.48188406
KCNG1,0.4818776
PIR,0.48187354
RAP1A,0.4818714
MED6,0.48186702
NAPA,0.4818614
PRPF38A,0.4818548
PPP1R9B,0.48185325
PYGO1,0.48185268
PMP22,0.48185056
PEX6,0.48183745
RNF125,0.48183253
SLC35A2,0.48182976
SNX8,0.48181072
POMP,0.48179856
SLC44A4,0.4817947
MBOAT1,0.48179236
PAGR1,0.4817909
MTMR7,0.48178437
SOS1,0.48177332
POLR1A,0.48176578
RBM19,0.48176545
RBM7,0.4817626
RAB11FIP1,0.481757
POLR3D,0.48174542
TADA2A,0.48174056
PPAT,0.4817387
PFDN6,0.48173413
PIK3CD,0.4817188
MAP4K2,0.48171556
TMEM17,0.48171002
PCBP4,0.48170248
IFT20,0.48170128
PGP,0.48169768
MAFG,0.48169103
PEX2,0.48168898
OSMR,0.4816713
MID1IP1,0.48167086
PFKFB4,0.4816662
LEF1,0.4816567
PYCR1,0.48164153
THAP4,0.4816403
RNF19B,0.4816401
RBCK1,0.48163766
LEPROT,0.48162985
MINPP1,0.48162296
PCYOX1L,0.4816109
MRPL2,0.48161045
MRPS15,0.48161033
RAB30,0.48160535
MPP2,0.4815964
NUP37,0.4815844
PIK3R6,0.4815687
PPP1R15A,0.48156637
RIT1,0.48155117
PLCB3,0.48154256
PI4KA,0.48154232
ZKSCAN1,0.48153505
KLHL25,0.4815233
UCKL1,0.48152304
PLCH2,0.48152277
METTL3,0.48151988
PAPSS1,0.48149613
PSMD12,0.4814872
PAFAH1B3,0.48146692
PIK3R3,0.48146614
RUVBL1,0.48145416
PPP3CB,0.4814499
PTK2B,0.4814493
SLC11A2,0.48143125
NLGN2,0.48141095
PTPRU,0.48140737
NPHP4,0.4814051
RHOJ,0.48140493
RAG1,0.48138636
MRPS23,0.48138255
UBE2W,0.48137388
PPM1D,0.48135886
RHOBTB1,0.4813551
NME6,0.4813424
PIK3R4,0.4813267
SPAG16,0.48131984
PARP2,0.48130813
SYNE1,0.48130527
MED4,0.4812973
LAMTOR3,0.48129457
PGAP1,0.48128396
PLAA,0.48128256
MAN2A2,0.48126993
GSTZ1,0.48121274
POLR3C,0.48121166
ZBTB8OS,0.4812093
PNPT1,0.48120642
TOP3A,0.4812018
PDK3,0.48119792
NOL7,0.48119572
NOP16,0.48118114
MRPL1,0.48118004
PISD,0.48117983
RCOR2,0.48117357
USP39,0.48117352
PIPOX,0.4811638
PEX5,0.48114505
PPM1L,0.48114356
ORMDL3,0.48114294
POLR3H,0.48113555
RAB8A,0.48113334
MCM9,0.48113313
NIT2,0.48112705
NR4A2,0.48112705
MAP1LC3B,0.48112607
PHF19,0.48110658
HSD17B7,0.48109195
NDUFB1,0.48108864
PIF1,0.48108408
MRPL16,0.48104593
ZNF586,0.48104373
PIGK,0.48104286
RPL22L1,0.48103556
PITPNM1,0.48102894
RAB4A,0.48102695
PCDH1,0.481022
RANBP1,0.48101625
HSF2,0.48101273
NUDT16,0.48100677
MAFF,0.4810039
POLH,0.48100027
NXT2,0.48098603
RENBP,0.48097208
NSUN5,0.48096326
PRKRA,0.4809518
UNC13B,0.4809386
NPDC1,0.4809321
PDE6D,0.48093054
RFFL,0.48093
MYO6,0.48092273
ZC3HAV1,0.48088732
WDR4,0.48088565
RMND5A,0.4808835
PKN3,0.48087177
LPCAT4,0.48086944
VPS41,0.48086858
RSU1,0.48085925
MLYCD,0.48084432
POLRMT,0.480839
MARVELD3,0.48083737
TTBK2,0.48082173
MON1B,0.48081908
POLR3A,0.48081195
PPP4C,0.48081142
SUN2,0.48081124
MST1,0.4808107
MBD4,0.48080927
PEMT,0.4808087
UBE2O,0.48079294
RTF1,0.48078838
RFC1,0.48078138
MRPL41,0.48078015
MED26,0.48077932
POLA2,0.48076782
NDUFAF7,0.4807623
PEX1,0.48075712
PNKP,0.48075452
NELFE,0.4807504
UQCRB,0.48074743
PDE4C,0.4807471
NDUFB8,0.48073018
PAIP1,0.4807201
PPP1R13L,0.48071283
SORT1,0.48070985
SEC63,0.4807013
SH3BP2,0.48069927
TAF3,0.48069438
TECR,0.4806889
NAT1,0.48068088
LMBRD1,0.4806703
IFIH1,0.4806535
RMI1,0.48065317
ZNF589,0.48065212
RFC2,0.48065123
PDPR,0.48064348
LRR1,0.48063305
PRPF4B,0.4806325
NCOA1,0.48062932
SIN3B,0.4806179
TRIM25,0.48061115
MAP3K6,0.48059568
LXN,0.48056868
PWP1,0.48056093
STT3A,0.48055294
MYO5B,0.480546
MFAP3,0.4805443
STK40,0.48051006
NOMO3,0.48050871
PAAF1,0.4805084
NANS,0.48048434
PIGA,0.48048133
SAP30BP,0.48047405
SPTLC1,0.48046705
OAS1,0.48045588
MRPS24,0.48045182
RBBP5,0.48045066
SLC4A2,0.48044994
MRPL55,0.4804439
PRMT7,0.4804298
TBC1D1,0.48041677
NRBF2,0.48040834
NCF2,0.48040769
MAP1S,0.4803995
PRNP,0.48038897
RANBP9,0.48038772
PVR,0.4803476
PPARA,0.48032966
NID1,0.48032746
STK38L,0.48032108
RNF111,0.48031917
PGM2L1,0.48031878
IDH3G,0.48029193
PLSCR1,0.48028997
MIEN1,0.48028776
WASL,0.4802873
MSL3,0.48027468
SPTBN2,0.4802594
PREPL,0.48025763
PHF5A,0.48025054
UBXN1,0.48024717
RHNO1,0.48023102
RAD50,0.4802193
SENP2,0.4802065
RHBDD1,0.4801878
UBN1,0.48018125
SSBP1,0.48018014
SHF,0.48017877
WBP1,0.48017785
THRA,0.48017582
MBTPS1,0.48016933
PEX11A,0.4801548
NNMT,0.48014933
LAT2,0.48014855
NCEH1,0.48014542
ZNF217,0.48014402
PLEKHA7,0.48014152
TDP1,0.48013732
MUL1,0.48010415
SLC39A7,0.48010007
NELFCD,0.4800992
PPP3R1,0.48009896
TOMM40,0.48009777
PMPCA,0.480081
PLA2R1,0.4800806
PDHX,0.48007786
PRX,0.48007292
TUBA4A,0.48007116
RBX1,0.48005292
MZF1,0.48004046
SMC3,0.4800393
SEC13,0.4800093
OXSM,0.48000446
RARG,0.48000053
VPS8,0.4799898
RGL1,0.4799826
SPAG5,0.47997957
UBL7,0.47997943
PPP2CB,0.47997233
MAGOH,0.47996795
MAPRE3,0.47996444
TIMP2,0.4799623
SHMT1,0.4799568
PRMT5,0.479954
POLE3,0.4799525
SAP30,0.47995082
PKP2,0.47994596
RBL2,0.47994152
PSME2,0.4799355
NINJ1,0.47993207
MX2,0.47992718
ZFC3H1,0.47992462
TSR1,0.4799179
PSMB10,0.47990677
PRPF39,0.47990474
PTGES2,0.4798788
PACSIN3,0.47987804
SERPING1,0.4798657
SMC5,0.4798653
MASTL,0.4798608
PLP2,0.47985423
MSRA,0.4798502
PDCD7,0.47984862
KRT80,0.47982594
PAF1,0.47978517
RNF169,0.47977078
WDHD1,0.47976822
LNX2,0.47975636
RAB11FIP3,0.47975543
PPP4R1,0.47974983
SCAMP1,0.47974685
PLCG1,0.47973764
PLTP,0.47973117
PLCL1,0.47973084
PITX1,0.47972786
PPFIBP2,0.47972602
PHC2,0.4797253
XBP1,0.4796891
TCEAL1,0.4796876
TLE4,0.4796682
PREB,0.4796658
USP12,0.47965902
RALGAPB,0.47965613
SNRPA,0.479641
NOP10,0.47963956
RFX2,0.4796369
TAX1BP1,0.47963643
SCNN1A,0.47961488
RLIM,0.47959524
PSMD7,0.47959054
PLCB2,0.47958213
RGS10,0.4795758
RIN3,0.47957343
PBK,0.47957012
RASSF1,0.47956705
PARS2,0.4795442
NDC80,0.4795359
PELI1,0.47953442
PPM1A,0.479534
ZNF254,0.47952083
ZNF431,0.4795126
STK38,0.47950593
USP4,0.4794817
NDUFA6,0.47947294
RFX5,0.4794699
PHLPP2,0.4794665
PTP4A3,0.47946453
UBXN4,0.4794573
POLR2L,0.47944936
MRI1,0.47944054
ZFYVE9,0.479439
PHYKPL,0.47942805
RABEPK,0.47942552
NOB1,0.4794199
MFAP2,0.47940195
TMEM258,0.47940108
NAMPT,0.47938415
SCFD1,0.47937977
REEP3,0.47935882
PIH1D1,0.47935644
METTL7A,0.4793511
NTAN1,0.479343
NSA2,0.47933248
SMS,0.4793212
UPF3A,0.47932088
RAB11FIP4,0.47932065
NDUFB6,0.47930768
RUNX2,0.47930554
RCL1,0.47929487
QSOX1,0.47929052
NSMCE4A,0.4792903
PHAX,0.47928855
POLR2D,0.47928303
MIB2,0.47928232
PTPN2,0.47927606
TRAFD1,0.47925812
TEX10,0.47925788
RP2,0.47925472
MSX2,0.4792533
MRTO4,0.47924984
RARS2,0.47923833
RAB13,0.47922525
UBQLN4,0.47921157
PPIL1,0.4792106
NOP2,0.47919607
POLR2G,0.47918922
PSTK,0.47918814
SMAP1,0.47918177
SYNRG,0.4791809
TUBB6,0.4791603
SMCR8,0.47912103
SMARCC2,0.47911626
PANX2,0.47911298
LLGL1,0.47910932
MAPK11,0.47909924
PIGB,0.47909427
REEP5,0.4790772
PRKCH,0.4790586
TRIM56,0.4790584
SLC19A1,0.4790535
PSMC2,0.47904742
SETDB1,0.47904727
NCLN,0.47904232
PRKAB2,0.47902766
ZNF678,0.47901136
TIMELESS,0.4790072
POLR2F,0.47899497
WEE1,0.47898933
PNP,0.4789851
STAG3,0.478979
MERTK,0.47897637
RUVBL2,0.4789692
KIF5C,0.47896728
MPHOSPH8,0.47894344
TTC7B,0.47892866
RRP15,0.47892112
RNF5,0.4789126
MRPL53,0.47891176
MRPS14,0.4789103
SERGEF,0.47890678
RCCD1,0.47888607
NAPEPLD,0.47887924
TAPBP,0.47885546
RIMKLB,0.47885486
RBM42,0.47885004
WWP2,0.47884884
MAK16,0.47884727
STXBP4,0.47883528
PQBP1,0.47883168
RUFY1,0.47882232
PAQR8,0.4788202
LIPA,0.4788134
RPS6KA1,0.4788119
NDRG2,0.47879308
MMP15,0.47877952
RALB,0.47876197
MCM8,0.47875547
SOCS5,0.47875243
IRF9,0.4787518
PPP2R1B,0.47875115
OPN3,0.4787499
USP33,0.47873646
PARP9,0.47872794
PKP3,0.47869313
NHEJ1,0.4786817
PCSK7,0.4786813
RNF34,0.4786803
NECAB3,0.4786756
PEF1,0.47866163
SCAMP2,0.47865763
PTDSS2,0.4786531
RGS5,0.47864878
NEDD1,0.47862503
PRMT3,0.47862026
PLOD3,0.47858855
PCYT2,0.47858685
SNRNP40,0.47857097
RIC8B,0.47856292
TROAP,0.4785622
LATS1,0.47853908
SMARCAD1,0.47853294
PASK,0.47853056
PFAS,0.47852117
SNX6,0.47851515
PSMD5,0.47851443
MPP1,0.47851264
NEK8,0.47850424
SLBP,0.4784969
PGM2,0.47848305
RPL36AL,0.4784755
TAOK2,0.47846222
TAF1,0.47846034
RNF2,0.4784549
MED29,0.47844753
VTI1B,0.47844595
PYGB,0.47843307
USP5,0.4784317
THEM4,0.4784262
ZDHHC7,0.47841746
NOL11,0.47840348
STX18,0.4783989
PEX26,0.47839803
MTHFS,0.4783975
LTB4R,0.47838047
NUP43,0.4783787
SPSB1,0.47837484
PLCE1,0.47837195
TM2D1,0.47836715
METTL14,0.47836256
POLR3E,0.47836053
WDR77,0.47835952
RYBP,0.4783546
MED7,0.47835198
TMEM11,0.4783491
P2RY11,0.47834346
RORA,0.47833833
RNH1,0.47833768
RNF7,0.4783326
TRAPPC10,0.47832546
MRPL47,0.47832254
POLR1E,0.4783173
RNF130,0.47831357
XRN1,0.47831282
PPM1K,0.478302
SNAP23,0.47829884
RBM17,0.47829312
STOML2,0.47828576
MPI,0.47828367
UCHL1,0.4782798
SFI1,0.47827616
MYH14,0.47826573
NR2C1,0.47826165
ZNF592,0.4782612
SUGT1,0.47825953
POP1,0.47825947
NPHP3,0.4782586
SUMF2,0.47820452
SMOX,0.47819403
PECR,0.4781837
NUAK1,0.47818226
MSRB2,0.4781737
RECQL,0.47816253
STX6,0.4781605
NRCAM,0.47814906
SDF2,0.47814706
SAFB2,0.47814518
PSMG3,0.47814357
SH2B1,0.47814313
MRPL50,0.47814018
MYSM1,0.47813407
NFS1,0.47812372
RABIF,0.47811872
POP7,0.47811243
WDTC1,0.4781115
TRMU,0.47809386
MR1,0.47808862
NR1D2,0.47808796
MFN1,0.47807762
KIFAP3,0.47806835
RPS26,0.47805724
METTL21A,0.47805724
NT5C,0.4780521
PRPF40B,0.47804567
RASD2,0.478036
PRICKLE3,0.47803426
SUGP1,0.4780298
SHROOM3,0.47802737
STXBP3,0.47801998
SP100,0.47801235
RFK,0.47800776
TAF7,0.47800434
NCKAP1L,0.47798958
TSPAN33,0.47798744
SNW1,0.47797978
MED19,0.47796854
RANBP10,0.4779605
NTM,0.47795513
RRAGD,0.47793716
RAB34,0.4779361
RBP1,0.4779266
NSDHL,0.4779228
PSMG2,0.47791567
NFASC,0.4779088
RAD9A,0.4779008
TGIF1,0.47788358
SEMA4G,0.47788283
TIMMDC1,0.47787836
STRADA,0.47786966
USP28,0.477858
TGOLN2,0.47785774
MRPL9,0.47785768
TAMM41,0.47785124
STEAP3,0.4778511
RPE,0.47784406
PEX3,0.47784272
SPTLC2,0.47783786
NDUFA12,0.4778308
NFKBIZ,0.4778308
UNC45A,0.47782516
PSMB9,0.47781482
RNF40,0.4778102
PER3,0.47780466
TBC1D15,0.47780046
ORMDL1,0.47779545
TDRD3,0.47779083
SRP68,0.47778904
POLM,0.4777738
SPDL1,0.47774556
POLR3G,0.47774163
SCLY,0.47773805
TGM1,0.47773522
TMEM63A,0.4777215
PPIL2,0.47772062
OSGEPL1,0.47771809
RAB12,0.47771204
USP6NL,0.47769615
RUSC2,0.47768694
TOX4,0.47768396
SKA3,0.477682
MPND,0.4776791
SDAD1,0.4776725
LZTS3,0.47765946
PEX7,0.47765917
NXF1,0.47765708
SASS6,0.47762814
POLR2H,0.47762087
RAB4B,0.4776162
NEK2,0.47761324
ZYX,0.47761
NLRP1,0.47760552
MRPS26,0.47759682
THADA,0.47758552
TXNRD2,0.47757822
PRPS2,0.4775607
SWSAP1,0.47755685
TRNAU1AP,0.47753575
SSR4,0.4775314
MTIF3,0.4775223
SF3B4,0.47752017
TNFSF13,0.47751972
PIGO,0.47751564
SIK2,0.47747907
RASSF5,0.47747803
RNF20,0.47746035
PRPSAP1,0.4774572
RRM2B,0.47745132
RPL7,0.477451
NMNAT2,0.4774508
NME7,0.47744828
SEC24B,0.47744823
ZDHHC17,0.47744754
RNF41,0.4774408
MTO1,0.47743937
PTPMT1,0.4774333
VAMP3,0.47743276
SEC23A,0.47742298
UBTF,0.4774184
MRPL18,0.47741437
POLG2,0.4774082
SRF,0.47739026
ZMIZ2,0.47738168
YAF2,0.47737917
NR1D1,0.47737753
PI4K2A,0.47736973
PARD6G,0.47736183
SLC25A26,0.4773609
SEC62,0.47736055
NABP1,0.4773568
SHCBP1,0.4773535
PLS1,0.47734985
OIP5,0.47734678
PDE12,0.47733897
PAPSS2,0.47733495
MED20,0.47733396
UBFD1,0.47733244
PHLDA3,0.4773318
RAB2B,0.4773078
PYCR2,0.47728932
SMUG1,0.47728917
SGPP1,0.47728488
OPTN,0.47727975
REXO2,0.477279
NKIRAS1,0.47727808
SEL1L,0.4772777
PLRG1,0.47727603
UQCC2,0.47726837
RNF11,0.47726595
RUFY3,0.47726527
SENP1,0.4772627
TK1,0.47725913
NFU1,0.47725794
TAF4B,0.47724804
RNPC3,0.4772444
RNF138,0.4772298
QTRT1,0.47722295
SOD1,0.47721374
UCP2,0.47720557
LMBR1L,0.47718978
SNRPC,0.47718567
SENP3,0.4771831
POLR2I,0.47718084
WIPI2,0.47716618
NOTCH3,0.47715628
PLXNA1,0.47715622
UBE3D,0.47715554
PLCD4,0.47713658
SLC25A25,0.47713196
NME2,0.47712767
MPP7,0.47711313
PINK1,0.47710505
REC8,0.47710136
MIS12,0.47710094
SRM,0.47710037
SCP2,0.47708976
SPPL2A,0.47708285
RAP1GAP,0.4770813
SCAF1,0.47707945
SHQ1,0.47707564
TET2,0.4770753
SPG21,0.4770568
RELA,0.4770484
SUPT4H1,0.4770459
RRN3,0.47704318
SBF1,0.477021
THOC5,0.47701302
MRPS10,0.47700864
NIPA2,0.4770048
TAF6,0.47700143
RAB9A,0.47697288
SEC22A,0.4769605
TMEM50A,0.47695184
PCGF2,0.4769412
SNRPA1,0.47691473
RTCB,0.476905
PJA1,0.4769045
NSMAF,0.476904
SEMA7A,0.47690243
PPP1R7,0.47690102
SERINC3,0.47689673
TBC1D10B,0.47687387
TADA3,0.47684616
ZNF621,0.47684595
SMC6,0.4768288
NAA20,0.47680545
PDPN,0.47680312
MRGBP,0.47680056
ZNF221,0.47679678
WBP2,0.47679228
UPF1,0.47678983
SIKE1,0.47678724
TUBGCP2,0.47677276
SCD5,0.47676936
RBBP8,0.4767548
SLC25A17,0.47673196
ZNF184,0.47672856
REEP4,0.47672448
REPS1,0.47672307
SNX17,0.47670743
SMNDC1,0.4766989
PPM1F,0.47667181
RILP,0.47667074
TMEM97,0.47664094
ZNF445,0.47662005
SMAD7,0.47661272
RAD51D,0.47661257
UNC119B,0.476608
MTFMT,0.47660682
SLC30A6,0.47659355
SGPL1,0.47658128
ZC3H15,0.47657922
RPS6KA5,0.4765705
MAP3K9,0.4765647
TBC1D13,0.4765638
RNF114,0.47655848
MOK,0.47655147
PIGQ,0.47654694
PNPLA2,0.47654465
LMF2,0.47653335
SCO1,0.47653073
SV2A,0.47652012
SIRT1,0.47651455
TTK,0.47651294
SHPK,0.4765111
STX1A,0.47650692
RPA2,0.47650677
PDCL,0.4764994
PPP1R13B,0.47648138
SECISBP2,0.47647297
PTPRE,0.47647038
ST6GALNAC4,0.4764682
TGIF2,0.4764575
ZNF33A,0.47644526
RNMT,0.47644496
NPC1,0.47642666
YTHDF1,0.4764194
RPUSD4,0.47640795
TIMM17B,0.47640505
PHF11,0.47640172
RAD52,0.47639915
VAMP8,0.47639748
RAB18,0.47639364
PARP3,0.47638327
SMU1,0.47638002
OAS2,0.47637838
RAPGEF4,0.47637448
PRKCD,0.4763651
TYK2,0.476362
SERPINB6,0.4763614
UBE2S,0.4763586
MAGOHB,0.4763418
ZRANB1,0.47633845
ZMAT3,0.47633845
SORL1,0.47632483
SEMA3F,0.47632435
S100A6,0.47631627
MRPL22,0.47629422
PIGS,0.47629
TMC6,0.47628665
RPS6KB2,0.47628108
PLXNA2,0.47627446
XRCC2,0.47627443
NECAP2,0.4762735
TRAPPC8,0.47626308
TCF7L1,0.47625837
RCSD1,0.4762495
WRNIP1,0.476241
PRKAR1B,0.4762317
SEH1L,0.47622964
RAB3IP,0.47622326
NFYA,0.47621265
NSUN6,0.4762121
WDR11,0.47620758
RELT,0.47620282
SLC15A4,0.47616908
RMDN2,0.47613797
ZNF195,0.47612542
PIGG,0.47611943
MEAF6,0.4761184
PRR5,0.47610423
RNF168,0.47607985
ZNF467,0.47607666
WDR36,0.47604716
PGAP2,0.47604522
UTP6,0.4760435
UBE2M,0.4760397
SPHK2,0.47603792
TGFBR1,0.4760329
POLI,0.47602156
NOL8,0.47600994
TUBD1,0.4760054
SQLE,0.47600406
NFKBIL1,0.47600108
PPFIA3,0.4759926
PSMC6,0.4759894
RTEL1,0.47598055
POU2F2,0.47597823
TIMM17A,0.47595167
LMOD1,0.4759493
ZMYND11,0.47593233
RRAGA,0.47592396
TYRO3,0.4759092
SHB,0.47588718
NOC3L,0.47588167
TIMM13,0.47586995
PGAM5,0.47586095
UBE2C,0.47584808
SLC35B2,0.4758361
SEC24A,0.47582418
UQCRFS1,0.47582293
SHPRH,0.4758116
ZNF90,0.4758076
PRCP,0.4758022
SOS2,0.47578532
MRPL27,0.47577748
STX5,0.47576177
RPAP3,0.47575203
RALGAPA2,0.4757461
SNAPC3,0.47573993
OBSL1,0.47572753
NDUFA3,0.47572675
TONSL,0.47572535
NDN,0.4757231
PIAS3,0.475715
USP19,0.4757111
STARD4,0.47570303
MICU2,0.4756997
PDSS1,0.47569892
SEMA6A,0.47569683
SNRPD1,0.47569513
TAP1,0.475692
USP11,0.475684
TFAP4,0.4756806
NEU1,0.47568047
USHBP1,0.47567466
TRIM11,0.47567162
PMVK,0.47567135
ZNF83,0.47566754
SPCS3,0.4756643
SAMD8,0.475663
TCEA3,0.47566155
VPS39,0.47565556
RALBP1,0.4756537
SGMS2,0.47564757
RASA2,0.4756356
POLB,0.47562924
PRKAG2,0.47562847
SWI5,0.47562373
POLR3GL,0.47562307
RIC8A,0.4756222
STUB1,0.47562027
RAD54L,0.4755919
PURA,0.4755843
TIMM23,0.47558168
SPAG4,0.47555977
VPS54,0.47553992
SSX2IP,0.47553384
ZNF326,0.47553247
PYCARD,0.4755302
USP45,0.47551966
PRICKLE2,0.4755048
MRPL35,0.4754718
SRI,0.47546554
UNG,0.47546482
TYW3,0.47546262
RASSF2,0.47544393
SETD1A,0.47543687
SMARCAL1,0.47543442
TAF2,0.47542852
SART1,0.47541627
PPT2,0.47541353
SNF8,0.47538552
RXRB,0.47538438
PRKX,0.4753525
RBM22,0.4753487
RPS27L,0.47534072
TNK2,0.4753389
NELFA,0.47533783
TRIM22,0.47532436
NUDT9,0.47532395
ZNF286A,0.475318
MRPL39,0.47531575
RBM34,0.47529235
SEC23IP,0.47528654
RNF139,0.4752838
TXNL1,0.47527492
TBCB,0.47526136
PLA2G15,0.4752539
SMPDL3A,0.4752369
UBXN6,0.47522688
TRIP10,0.47522596
RRP8,0.47522095
WDR3,0.47521853
TMED4,0.47521386
MYBL1,0.47519422
SLC44A1,0.47519135
SPOP,0.4751906
SEC61A2,0.47518596
PIAS4,0.47517726
SNRPB2,0.47517052
TAF9,0.4751686
UTP18,0.47516766
TNFRSF10C,0.47516507
SUV39H2,0.47515652
PSMD10,0.47514182
RRP36,0.4751403
SLAMF1,0.4751248
RAB25,0.47509488
MED9,0.47509328
ZNF770,0.47509086
SETD6,0.4750789
NAPG,0.47507712
POLR2C,0.47507164
TCF7,0.4750696
RBBP6,0.4750616
TBPL1,0.47504672
RTN4R,0.47504625
PSEN2,0.4750455
ZNFX1,0.47504115
SUCLG1,0.47503462
UBAC1,0.4750258
ORMDL2,0.47502494
TAB1,0.47501063
SEC22C,0.47500503
UBE2J1,0.47498536
WDR37,0.4749835
TANK,0.47497714
ROCK1,0.474966
SENP5,0.47495234
SOAT1,0.47494987
SERINC5,0.47494134
SPOPL,0.47493517
PYGO2,0.47493446
SNAP47,0.4749321
SERPINE2,0.4749297
PDE5A,0.474918
STAMBP,0.4749136
SCIN,0.47491243
SORBS3,0.4749069
SMARCA1,0.4749049
TNFRSF1A,0.47490168
OAT,0.47488737
TBK1,0.4748833
SPNS1,0.47487876
SLAIN2,0.47485393
SPRED1,0.47484693
ZNF266,0.47482908
SF3B5,0.47482854
MECR,0.47482738
RBAK,0.47482404
TMEM132A,0.47481936
PTPN21,0.47481704
ZNF107,0.47481394
TRAF3IP2,0.47480813
PRDX4,0.47479635
POLE2,0.4747791
NAGA,0.4747648
NSMCE1,0.4747615
WDR75,0.47475997
TRIOBP,0.47472355
RCN1,0.47470215
NDUFAF1,0.4746941
RBBP9,0.47468743
RAD1,0.47467282
SMPD1,0.474667
SPCS2,0.47466615
RUSC1,0.47465912
VTA1,0.4746464
PCYT1A,0.47463682
TERF2,0.47463125
SLC6A9,0.47461256
PGM3,0.4746111
SNX4,0.47459257
PARD6B,0.47458738
SAMM50,0.47458056
TPCN2,0.4745522
SIAH1,0.47454384
PNO1,0.47454372
PEX11B,0.4745217
TBC1D16,0.47449166
PEX13,0.47444987
REEP2,0.47444558
STK35,0.47443423
VMA21,0.4744075
TSN,0.4743907
VPS36,0.47434714
PTH1R,0.47433105
TRIM32,0.4743043
TAF8,0.47429988
PICK1,0.47427526
SNRPE,0.4742655
TARS2,0.47423795
ZFP82,0.47422898
PARVG,0.474227
VPS52,0.47420004
OMA1,0.47417822
PDCL3,0.4741691
RCOR3,0.47416207
PPP1R8,0.47415987
NT5E,0.4741446
SRPX2,0.47414362
TUBGCP6,0.47414201
S100A3,0.47412616
RAB6B,0.47409192
PIP4K2C,0.47408962
VEGFB,0.47407696
RING1,0.4740744
SNX2,0.47406903
STX7,0.47404274
PPP2R3C,0.47404063
SLC9A1,0.47403452
USP49,0.47402605
TRPC1,0.4740083
ZNF623,0.47399804
SCCPDH,0.47398084
WDR18,0.47397083
PPIL4,0.47395262
TRIM26,0.4739008
UAP1,0.47389486
SLC27A5,0.473892
PTN,0.4738791
PANX1,0.47386336
ZC3HC1,0.47385615
PCSK6,0.47383398
SESN2,0.473828
RFXAP,0.47381863
WDR46,0.47379753
SLC26A6,0.4737943
SUPT20H,0.47379136
ZKSCAN8,0.4737819
UGCG,0.47377452
PTRH2,0.4737666
RHOQ,0.47376072
SYVN1,0.47376007
MRPL44,0.4737592
TOMM34,0.47375652
TSC22D3,0.4737497
SEPHS2,0.4737401
TATDN2,0.47373876
SOCS7,0.4737253
QRSL1,0.4737179
PAM16,0.4737163
SUMO1,0.4737133
UHMK1,0.47370443
PRKD1,0.47370422
PPIH,0.47370335
PREX2,0.47370175
TRPC6,0.4736743
PGGT1B,0.47365847
PRMT6,0.47364226
SSB,0.47362322
STX17,0.47361717
YES1,0.47360343
UBE2A,0.47359836
TTC27,0.47359574
OSTM1,0.47358835
SPRED2,0.4735752
SNAPC4,0.47357345
RAB8B,0.47354883
TBC1D32,0.47354236
MOAP1,0.47354227
TBCEL,0.47353947
PLEKHG2,0.47353318
RAD51AP1,0.47353017
SPINT1,0.47352996
TSPYL2,0.47352546
TCTN3,0.47352365
RARB,0.47352034
PRPF4,0.47351062
RAB20,0.47350654
RNASET2,0.4734996
TXNDC12,0.47348368
SRPRB,0.47348085
PHKA1,0.47346306
ULK3,0.4734359
MLPH,0.4734329
REXO4,0.47340426
TRAF3IP1,0.47339565
PDCD5,0.47338277
RANBP6,0.4733821
NTN4,0.47338194
SAV1,0.47337243
RGP1,0.47335857
STAT2,0.47332296
MAPK13,0.47331023
NDUFA8,0.47329897
STK36,0.47329742
STARD3,0.47329736
TRIP11,0.4732954
NME3,0.47329384
SDCBP,0.47325417
TMED5,0.47324157
TERF1,0.47323933
ZNF219,0.47323793
SMYD4,0.47323322
TOB1,0.47322342
RPIA,0.47322074
PITRM1,0.47321984
PIGC,0.47319362
ZFYVE26,0.47316852
SH3GLB1,0.47316083
STX8,0.47315338
RGS1,0.47314772
PLK4,0.4731316
SPAG7,0.47308826
RGS19,0.47307694
RAB21,0.4730749
PALMD,0.47306162
TXLNG,0.47304216
TNFRSF25,0.47301334
TRPM2,0.4730092
MICALL1,0.4730063
RNF31,0.4730032
RGS14,0.47300237
RNF6,0.47298786
MRPL40,0.47298732
SPRY4,0.47295448
TEAD3,0.47295275
PAIP2B,0.4729252
USP1,0.47292355
ZNF460,0.47292268
RAP2C,0.47290748
RPGRIP1L,0.47290647
VPS37A,0.47290403
STRIP1,0.47289863
TAF5L,0.47289267
ZNF335,0.47289202
RHOT1,0.47288314
SLC12A9,0.47285157
PPWD1,0.4728513
RIN2,0.47284955
USP37,0.47283417
STIM2,0.47282463
TBX2,0.47280887
ZNF76,0.47280845
STARD10,0.4728038
TUBG1,0.47279164
PRKAR2B,0.47278893
PARP12,0.47277886
YIPF2,0.47277498
SLK,0.4727698
SLC18A2,0.47276694
ZNF282,0.47276586
TCIRG1,0.47276118
TUBGCP4,0.47272372
WDR62,0.47271758
SAT1,0.47271514
RNF181,0.47270817
SARS2,0.4726954
UFM1,0.47269392
SORD,0.47268188
SPAST,0.47267768
TMEM176A,0.4726609
YIPF4,0.4726519
TNIP2,0.4726468
POFUT2,0.4726233
MICAL2,0.4726165
PTPRN2,0.47257158
TRIM14,0.47254887
UBE2Q2,0.47254565
UBE2Q1,0.47254562
RRS1,0.47252804
RHPN1,0.47251192
SFN,0.47250882
TSPAN5,0.47248742
TNFRSF21,0.47247082
NFIL3,0.47246256
SSBP4,0.4724608
RAB27A,0.47244596
UFC1,0.47244343
UXS1,0.4724316
WSB2,0.4724306
TIAM1,0.47242895
RND3,0.47242433
TBL3,0.47239208
VCPIP1,0.4723839
VPS4A,0.4723826
SIRT6,0.4723768
TBC1D2,0.47237515
RAVER1,0.472365
TRAPPC3,0.472353
RRP1,0.47235036
TPD52L1,0.47233546
XRCC4,0.47232834
TBC1D20,0.47232664
POMGNT1,0.47230414
NR2C2AP,0.47229594
TOP3B,0.4722892
SH2D2A,0.47228196
RNF14,0.47226197
SEC61B,0.47225022
SMAD1,0.4722488
ZNHIT6,0.4722473
NPR1,0.4722326
PSMC3IP,0.47223186
POLR3F,0.47220263
SKIV2L,0.472192
ZMPSTE24,0.47214958
TNFRSF1B,0.47214645
SEC11C,0.47214347
TAF12,0.472123
STAT5A,0.4721187
RNF135,0.47211248
ORAI3,0.47211105
TNFRSF12A,0.47211057
ZNF519,0.47209102
RPAP1,0.4720904
SMDT1,0.47208676
ZNF160,0.47208402
PBDC1,0.47206882
SEMA4C,0.47206625
RAB33B,0.4720501
UNC13D,0.47203863
ZNF284,0.47202376
RGMB,0.47201663
SLC35E3,0.47200665
ZP3,0.47199327
UBA5,0.4719919
SNRNP48,0.47198924
ZNF710,0.47198138
PODXL2,0.47197458
TTC5,0.47197065
SKAP1,0.47196448
TFB1M,0.4719631
RCAN1,0.47196025
PDK4,0.4719494
TPK1,0.47194707
PIGT,0.47193643
SRR,0.47193608
MRPL54,0.47192556
PMM1,0.47192445
SIGIRR,0.47191483
PDGFD,0.47190905
TGS1,0.47190857
PEX11G,0.47188962
TYSND1,0.47188798
NDUFA9,0.47188655
RHOB,0.47187024
SETD7,0.47183493
TRAIP,0.47182035
UROS,0.4718133
STARD8,0.47178924
TRAM1,0.47176686
PGAP3,0.47172838
TTC21B,0.47172052
TSG101,0.47169134
UBE2J2,0.47165677
SOCS6,0.47164243
RNASEH1,0.4716401
SLC25A22,0.47161984
RCHY1,0.47161114
ZWINT,0.4715937
RPP30,0.47158623
ZFP36L2,0.47158554
RGS16,0.47157955
TINF2,0.47157818
PIGW,0.4715767
PLEKHG4,0.47152048
PDP1,0.47151542
RAB38,0.47150713
RABEP2,0.47149125
RNF123,0.47148508
RNF185,0.47144428
RHPN2,0.47143745
MTMR6,0.4713874
ZNF84,0.47136384
TP53BP2,0.47135878
TRAF5,0.4713574
TSEN54,0.47135538
ZNF274,0.47134385
TARBP2,0.47133982
SLC22A4,0.47132602
ULK1,0.47132465
TMEM126B,0.4713108
UNC119,0.47130442
WDR91,0.47127727
NAA30,0.47127402
SEMA4B,0.47127005
PAN2,0.4712682
TAB3,0.47125724
NUDT16L1,0.47124884
TIFA,0.47122586
VPS4B,0.4711926
PTCD1,0.47118244
SURF6,0.47116935
ST8SIA4,0.47116783
PFKFB2,0.4711619
VPS35,0.47112662
THUMPD1,0.47112566
POLE4,0.4711201
SERPINB9,0.47111723
ZFP36,0.47111395
PDK2,0.4711059
U2AF1L4,0.47109163
ZNF692,0.47106898
RCE1,0.47105703
THOC6,0.47102085
SSH3,0.47102016
TRAPPC4,0.47101757
PCSK5,0.4710001
TRIM2,0.47098917
UVSSA,0.4709786
POP5,0.47093105
SPN,0.47092956
SELPLG,0.47089055
TFAM,0.47087553
RECK,0.470873
VPS26A,0.4708418
SEPSECS,0.47083166
ZNF430,0.47081357
USP20,0.4707935
SLC25A28,0.4707858
TRAPPC6A,0.47074246
SESN1,0.47072107
TERF2IP,0.47071204
RPP40,0.47071108
USP42,0.47069487
ZNF577,0.4706851
NUFIP1,0.4706845
PLEKHG5,0.47068155
ZNF562,0.4706706
TDP2,0.47064665
SYT7,0.47060618
STARD3NL,0.47058564
RRAGB,0.47058344
SLC5A6,0.47054726
UQCR10,0.4705174
ZNF256,0.47049364
RTN4IP1,0.47045553
RPS6KA4,0.47044826
ZCCHC4,0.47044468
ZNF398,0.4704279
SPRY1,0.47039244
RIOK1,0.47037065
UROD,0.47035995
THOC1,0.47035977
TWF2,0.47035012
URB2,0.47033456
TNFRSF10A,0.47032762
RHBDF1,0.47030774
WDR35,0.47030488
RHOBTB2,0.47030014
YIPF6,0.47029734
SLC25A20,0.47029603
SLC25A38,0.4702667
SNTA1,0.47025585
SAR1B,0.4702356
TSNAX,0.4702312
SMC2,0.47021186
TMED7,0.4701484
ZBTB17,0.47014698
USP46,0.47013873
SLC35B1,0.47012106
ZDHHC9,0.4701093
SDC3,0.4700914
REXO1,0.47008255
UBE2F,0.47007197
SGSM3,0.47005537
TGFBRAP1,0.4700494
RAB24,0.4700046
ZNF101,0.46998215
UMPS,0.46997
STX12,0.46996945
UPRT,0.46996757
ZNF773,0.46993256
TIMM44,0.46991196
WDR19,0.4699097
UBE3B,0.46990243
RRP9,0.4698698
PAK6,0.4698369
ZNF248,0.46982086
TICAM1,0.46981928
RGS17,0.46978664
RRP12,0.46978033
NLRX1,0.46977958
TIPRL,0.46976492
TEX264,0.46975666
PNPLA4,0.46974054
VCAN,0.46972573
RABL2A,0.46972245
SH2B2,0.46970826
SEMA4F,0.46967143
SCNM1,0.4696468
RNF8,0.46963242
WARS2,0.4696298
SNAP29,0.46962947
PPCDC,0.4695692
SATB1,0.46951455
SLC7A8,0.46950257
ZNF91,0.46949857
TRUB2,0.46947366
STXBP2,0.46943668
VGLL3,0.46941724
ZNF81,0.46940798
PAFAH2,0.46938384
UGDH,0.46938035
SLAMF7,0.46934646
ZER1,0.46933475
TRIB3,0.46930325
PNPLA7,0.4692905
RAB11FIP5,0.46927154
ZNF808,0.46926966
ST3GAL6,0.46925914
PHKG2,0.46925893
YEATS4,0.46925086
TMOD2,0.46921873
OCLN,0.4691977
TCEA2,0.46919528
SIPA1,0.4691655
XYLT2,0.46915618
TTC30A,0.46913314
PRDM4,0.46913224
TOLLIP,0.46913067
ZNF622,0.46911383
TRIM69,0.4690992
XAB2,0.46906105
RCAN2,0.4690524
YARS2,0.46903136
TMED1,0.46902993
NDST2,0.4690264
PTS,0.46901232
ZNF300,0.4690117
PTAFR,0.46901128
ZNF791,0.46898484
SEMA6B,0.4689713
RPP21,0.46896747
UQCRQ,0.46893817
PCDH18,0.46892968
TMEM214,0.4689041
PEX12,0.46889597
RPL26L1,0.46886158
PRKAB1,0.46881315
ZYG11B,0.4688022
SGK3,0.46879205
SGSH,0.46875653
TOR1B,0.46874747
TLE1,0.46873006
UNC5C,0.46871617
SLC1A1,0.4687062
SERPINF1,0.4687022
VARS2,0.46868423
TAF11,0.46868178
TRAPPC5,0.4686699
UTP20,0.4686317
TMEM107,0.46861157
SLC30A1,0.4685972
ZSCAN32,0.46859413
SDC1,0.4685802
SEC23B,0.46854666
SNAPC5,0.468521
ZWILCH,0.46843904
SARDH,0.46843565
VPS37D,0.46842787
RTKN,0.468412
RAB3D,0.468398
PLD2,0.46835846
VPS37C,0.46831876
UBE2T,0.46831676
RCAN3,0.46831197
POMGNT2,0.468299
TMOD1,0.46828905
SMYD5,0.46824148
ZBTB33,0.46822545
TTF1,0.46822014
PUS3,0.46821985
PBLD,0.46820584
PIGF,0.46818513
ZFYVE27,0.46818173
TAZ,0.46817803
PI4K2B,0.46814427
RIPK2,0.4681349
TBX19,0.46813288
ZNF7,0.46812922
RAB40B,0.4681181
RAD51C,0.46811333
TREX1,0.4680852
SURF1,0.46808493
VPS26B,0.4680703
SPR,0.46800074
PDLIM2,0.46799353
UBXN2A,0.46797338
PIGV,0.46795678
RABL2B,0.46795005
SLC12A2,0.4679486
OAS3,0.46794015
RNF113A,0.46792173
UNC5B,0.4679123
TUBGCP5,0.46784398
TUBB3,0.46783328
TAF1B,0.46779048
UBE4A,0.46778223
ZNF337,0.46777868
STX4,0.46776888
ZNF383,0.46774134
NIP7,0.46773896
RHBDF2,0.46773875
ZNF687,0.4677328
RPP25L,0.4677325
TAP2,0.46772486
SH2B3,0.4677149
RIOK3,0.4677013
UPP1,0.4676313
RNF103,0.4676064
ZNF41,0.4675666
PLEKHA3,0.4675377
ZNF700,0.46750715
PKIA,0.4674922
NFRKB,0.46749213
PPID,0.46748412
SEMA6C,0.46747693
TFB2M,0.46747205
NDUFAF4,0.4674016
TBC1D17,0.46740156
SYF2,0.4673804
TIMM21,0.4673765
PNKD,0.4673367
ZNF100,0.4673059
SARM1,0.46726757
ULK2,0.46726644
WDR55,0.46726087
TAF1C,0.46725065
YOD1,0.4671843
TBC1D24,0.46713683
RIN1,0.46710187
ZNF12,0.46709433
ZNF480,0.46706048
STK11IP,0.46705404
RNF25,0.4670276
PRPF18,0.46696356
SPSB3,0.4669514
VPS11,0.46694925
TMEM147,0.46691844
TOM1,0.46688583
ZNF267,0.4668777
SRP19,0.46685544
SCUBE2,0.46684328
SEMA5A,0.46683
SYNGR1,0.46682784
PRRT2,0.46682578
PIWIL4,0.46681064
ZNF33B,0.46680805
PLEKHG6,0.4667852
SENP8,0.466767
PRPF31,0.46673512
PTGER4,0.46672392
WDR45,0.4667187
UBIAD1,0.4666884
SNRPG,0.4666833
RAB37,0.46667624
RMDN3,0.46665722
PEX10,0.4666524
RBMX2,0.4666143
TPMT,0.4666021
YPEL5,0.46659303
UBQLN2,0.46656406
XYLB,0.46656302
SEMA5B,0.46655247
RBM45,0.46654782
VRK3,0.46654776
SRA1,0.46652824
ZNF526,0.46652627
ZNF318,0.46650577
ST8SIA1,0.4665035
POMT1,0.46646115
ZDHHC8,0.46644777
PSENEN,0.46642324
THAP1,0.4663976
SNX18,0.46638036
SYDE2,0.46633264
STX2,0.46631885
TOR1A,0.46631205
SLC40A1,0.46628702
TOPORS,0.46626016
TMEM70,0.46625555
SMARCD3,0.46625
ZNF429,0.4662143
RIPK1,0.46621406
TIMM8A,0.46620798
ZNF71,0.4661647
UBE2B,0.4661468
STAM2,0.46614653
ZNF43,0.4661384
ZNF510,0.46611676
TRMT1,0.46610546
TST,0.4660891
ZNHIT3,0.46607178
PRICKLE1,0.46606413
TMEM115,0.466056
ZNF143,0.46605375
RHOU,0.46605247
ZNHIT1,0.46600676
TCTN1,0.46598077
ZNF227,0.4659512
THAP11,0.46589416
TBC1D25,0.46583906
STRIP2,0.46583512
UBE2D1,0.46582052
RTCA,0.4657983
TBCC,0.46578205
SLIT3,0.4657776
PPP1R3B,0.46575236
UCK1,0.46572804
RABGGTA,0.46566936
SKA1,0.46565452
TBC1D23,0.46565092
TGM2,0.4655966
TRAPPC11,0.46557674
UBL4A,0.4655266
RGCC,0.46548688
TM7SF2,0.4654409
RPF1,0.4654063
SEMA4A,0.46535817
SPIRE2,0.46533093
ZNF394,0.46531883
TRMT5,0.4653045
SYT11,0.4653028
ZNF605,0.46528703
SPRTN,0.46527812
ZNF708,0.4652701
POGLUT1,0.4652536
SULF1,0.46524605
SPATA13,0.46523178
PELI3,0.46523046
TRIAP1,0.465225
TRIM35,0.4652176
SIVA1,0.4652104
PIGM,0.4651932
VPS18,0.4651862
ZNF670,0.46516645
SLC7A7,0.4651273
SNIP1,0.46511027
RINL,0.46510214
TP53INP1,0.46501634
TRAPPC2L,0.46501312
WRAP53,0.4649754
WDR48,0.46495405
RASGRP3,0.46494028
SHARPIN,0.46492302
VAMP2,0.464907
REPS2,0.4648753
YIF1A,0.4648686
ZNF764,0.46486706
TADA1,0.46485543
ZNF44,0.4648406
TELO2,0.46482214
ZNF2,0.464817
TRIM13,0.46481654
TDRD7,0.46481544
UNC93B1,0.46481338
TRIM38,0.46480155
RIOK2,0.46477503
SLX4,0.46476287
TRPC4,0.46474004
SIAH2,0.4646731
VPS28,0.46466756
ZDHHC21,0.4646484
TRIP4,0.46464264
ZNF224,0.4646384
SLC27A1,0.46463126
ZNF354A,0.46460626
SGIP1,0.4645856
TEK,0.4645675
SNX33,0.46456605
RGL2,0.46456322
ZNF614,0.46454558
TNXB,0.46453777
ZNF783,0.4645263
SYTL2,0.4645239
PORCN,0.46450663
TIMP3,0.4644962
TBC1D7,0.46445298
SUPV3L1,0.46444845
ZW10,0.4644104
SNRNP27,0.46438295
PSMA2,0.4643721
ZNF3,0.4642347
TAF5,0.4642225
RPL36A,0.4641829
UQCR11,0.46416295
TBP,0.4641487
POMK,0.4641112
ZKSCAN3,0.46410382
TNFRSF11B,0.46409982
PER2,0.46409103
TMC8,0.4640813
TRO,0.4640763
TRIM6,0.46404776
SLC9A3R2,0.46389452
ZNF197,0.46388197
PDZD11,0.4637974
SORBS1,0.4637831
RAP2B,0.4637731
THSD1,0.46377182
VANGL2,0.46376678
ZKSCAN5,0.46373275
ZNF212,0.4636793
SUPT7L,0.46363333
ZNF529,0.46359384
PPP2R3A,0.46358907
ZNF500,0.46356156
STX11,0.46353707
ZNF251,0.46352026
RPP38,0.46351042
SPTLC3,0.46350172
RBPMS2,0.4634956
SYNE3,0.4634588
TMEM187,0.46341106
SIRT3,0.46340883
TNFSF13B,0.46337202
ZNF461,0.46336082
TJP2,0.46334472
SLC27A2,0.46334442
RASGRF2,0.46327442
RWDD3,0.46320447
SPRY2,0.4631894
ZNF250,0.4631807
PLA2G12A,0.46305612
UBA3,0.46303624
SVIP,0.46301615
TAGLN,0.46297792
SNAPC1,0.46295238
ZFP90,0.46293867
UBE2D4,0.46290955
VIPAS39,0.46277526
SEC31B,0.4626906
SPSB2,0.46265644
TTC12,0.46265236
ZNF823,0.462645
TMEM179B,0.4626166
VAMP4,0.46261588
ZNF57,0.4626073
ZFPM1,0.46260405
SLU7,0.46255648
RAB42,0.4625274
SOCS3,0.46251634
SYTL4,0.46246544
ZNF780B,0.462458
USP16,0.46244052
RNASEH2B,0.46243644
USP35,0.46238887
SNAPC2,0.46235794
ZNF385A,0.4623467
ZNF26,0.46232256
ZNF136,0.46228403
ZNF566,0.46227455
S1PR1,0.4622611
ZNF766,0.462141
SYDE1,0.46213704
TMEM67,0.4620052
TRIM39,0.46199808
TXNL4B,0.461965
TNFRSF10D,0.46196398
ZNF317,0.46196336
TRADD,0.4619479
SUOX,0.4618842
ZNF774,0.46181193
SLC1A3,0.46178237
S1PR4,0.46171296
RAC3,0.4617095
SNRNP35,0.46169773
TWF1,0.4616736
SLC25A14,0.46165386
SYTL1,0.46163613
ZNF133,0.4616349
PPFIA4,0.4616187
TRIM46,0.46157187
TSFM,0.461538
TRMT6,0.46153647
ZNF45,0.46147877
ZNF180,0.46147138
TOR4A,0.46147096
TDRKH,0.46146482
RPL21,0.461441
ZNF18,0.4614008
SLC35D1,0.46139845
USP43,0.46132144
SLC39A4,0.46127284
THAP7,0.46126974
TRIM41,0.46126416
SPDYA,0.4612623
ZNF189,0.46125174
TRIM62,0.46123382
SIRT2,0.4612084
STX10,0.46113956
USP21,0.46107173
TBC1D8B,0.4610698
ZNF320,0.4609264
ZNF555,0.46086589
TESK1,0.4608435
SLC4A11,0.46082845
TRAF6,0.46076453
TBXAS1,0.46076295
WASF3,0.46076292
SGCB,0.46075475
SYNJ1,0.4607222
RRAGC,0.46070793
ZSWIM7,0.46068603
ZNF841,0.46064815
TP53RK,0.4605359
SPTBN4,0.46052822
ZNF264,0.46050704
TECPR1,0.46049342
ZIK1,0.4604833
ZNF235,0.46046305
TRAPPC6B,0.46045804
TOMM40L,0.46043086
ZNF768,0.46038365
TFIP11,0.4603789
RDH10,0.4603717
UFL1,0.46036965
STAP2,0.46031922
VPS37B,0.4602933
TSSC4,0.4602325
YIPF5,0.46021745
WDR61,0.46019372
UTP14C,0.46017423
SAT2,0.46015778
ZNF530,0.4600649
ZNF620,0.46003532
TEFM,0.4599868
TSEN34,0.45996833
TPRKB,0.4599653
TCN2,0.4599261
TLR7,0.45988068
TPRN,0.4598168
ZNF17,0.45975786
ZNF302,0.45968693
ZNF182,0.45967475
SLC35A1,0.45962593
TRPV4,0.459493
WNT5B,0.45945615
UBLCP1,0.45943657
ZNF701,0.4594253
UBA7,0.45942038
TEP1,0.45939943
ZNF420,0.4593962
SLC27A4,0.4593374
SMPD2,0.4593163
ZNF211,0.4591685
SLC44A3,0.4591605
UFSP2,0.4590897
SLC22A17,0.45904085
TRMT61B,0.4589855
ZNF79,0.45897022
YRDC,0.45895576
TSNARE1,0.45893466
ZNF593,0.45890674
SPI1,0.4587048
TRIM3,0.45865583
ZNF546,0.4586071
TTC26,0.45855784
SNAI1,0.45851845
RNF144A,0.45851114
WDR81,0.45848805
TRMT10C,0.45848534
ZNF765,0.4584708
TDG,0.45844278
TXNDC16,0.45844084
WDR83,0.45838106
ZNF790,0.45831385
ZNF709,0.45819017
TMEM186,0.45819008
ST14,0.45812032
SPON2,0.4581055
SIRT5,0.45807347
ZNF684,0.4580053
TP73,0.45790994
ZNF155,0.45786086
ZNF433,0.45783263
ZNF600,0.45780274
TAF1A,0.45770746
VLDLR,0.45769846
ZKSCAN4,0.45763525
ZNF607,0.45762536
SH2D3A,0.4576195
WNT2B,0.45750523
ZNF780A,0.4574452
TRIM21,0.45739275
ZNF140,0.45729473
ZNF641,0.45727822
TBC1D10A,0.45725834
ZNF548,0.45718068
SPATA2L,0.4571593
ZNF283,0.45710042
WBP4,0.45704183
TFAP2E,0.4569987
ZNF473,0.4569675
UPF3B,0.4568225
ZNF674,0.45681614
ZNF10,0.4567496
SEZ6L2,0.45673287
ZNF649,0.4566212
ZNF567,0.45661643
UCHL3,0.45659322
ZNF626,0.4565831
ZNF561,0.45654395
ZNF112,0.4565206
TACO1,0.45646566
STRADB,0.45644668
SURF2,0.4564226
TCTN2,0.45639914
ZNF493,0.45636305
TLR6,0.45636126
TRIM68,0.4563559
TRIM23,0.45625135
ZNF415,0.45619646
TADA2B,0.45618188
TM2D2,0.45614338
SERPINF2,0.45613116
TNFSF10,0.45598722
ZNF440,0.45597652
ZNF552,0.4559423
ZNF324B,0.45593035
TBC1D10C,0.45583335
TBKBP1,0.45582342
ZNF814,0.45579895
ZNF175,0.4557461
TRUB1,0.45573607
ZKSCAN7,0.4557319
ZNF32,0.4556923
VCPKMT,0.45554155
TRPV2,0.45546398
SLC30A4,0.4554306
ZNF304,0.45542806
TGFB1I1,0.4553826
ZNF738,0.45533928
ZDHHC2,0.4553281
SNTB1,0.45527968
ZNF778,0.45525584
ZNF426,0.4552178
SRD5A3,0.45510864
SETMAR,0.45496637
ZNF550,0.45487583
ZNF443,0.45486915
SPICE1,0.45483765
ZNF200,0.45478997
SMAD9,0.4547734
WDR5B,0.4547713
ZNF442,0.45476598
ZNF141,0.4545917
SPATA2,0.45452452
ZNF354B,0.45446318
TFAP2C,0.4544273
UAP1L1,0.45434967
ZNF699,0.45428172
UTP23,0.4541363
TRIM45,0.45413032
ZNF234,0.45408675
ZNF34,0.45404506
ZNF419,0.45392558
ZNF691,0.45387098
ZNF564,0.45386294
TUBG2,0.45383352
TSPAN12,0.4538304
TGFB3,0.453786
TXNRD3,0.45367983
ZNF506,0.45331752
ZNF135,0.45316482
UTP14A,0.45306358
ZNF347,0.452814
SMG8,0.45279947
ZNF793,0.4527875
VAMP1,0.4527666
ZNF439,0.4527088
SLC2A8,0.4526366
ZFPM2,0.45256132
TMEM216,0.45246837
ZNF222,0.4523558
ZNF132,0.4523255
ZFP1,0.45231906
ZNF517,0.4523127
ZNF543,0.45228618
ZNF711,0.45224497
ZNF253,0.45219633
ZNF549,0.4520031
SERPINB8,0.45199594
ZNF528,0.45195526
WHAMM,0.4518536
TAF6L,0.45181614
YIPF1,0.4517292
ZNF585B,0.4516674
TP53I3,0.45161697
TAF9B,0.4515631
ZNF557,0.45142874
XYLT1,0.4513102
SGPP2,0.45127624
ZNF92,0.45109046
ZNF74,0.45105872
UBOX5,0.45065784
TAF13,0.45057553
ZNF273,0.45054328
ZNF846,0.4504573
ZNF516,0.45042622
ZFP30,0.45040792
ZNF350,0.45037773
WTIP,0.4503015
TRIM36,0.45004502
VPS33A,0.44974655
UTP3,0.4495016
ZNF485,0.44947964
ZNF486,0.44943038
ZFP14,0.44930062
ZNF333,0.44906044
VASN,0.44863966
ZNF225,0.44857198
ZFP69B,0.44701236
ZNF611,0.44688195
ZNF813,0.44666666
ZNF573,0.4466639
ZNF527,0.44666147
ZNF558,0.44643897
ZNF569,0.4459149
ZNF14,0.4459076
ZNF677,0.44545552
ZNF615,0.44533828
ZNF19,0.44515648
ZNF671,0.44507015
ZNF423,0.44486615
TUBA8,0.4445664
ZNF490,0.44385254
ZNF585A,0.44373247
ZNF202,0.44355166
ZNF470,0.4434797
ZNF776,0.44302073
WNT9A,0.4429424
ZNF416,0.4429227
ZNF468,0.44026136
ZNF69,0.4388903
ZNF830,0.43831208
ZNF772,0.43539757
