Gene Name,Score
CD69,0.989837
ARHGAP44,0.9894797
ANKLE2,0.9894655
CD99L2,0.9894358
ADCY5,0.9886919
BLZF1,0.9886764
LGI4,0.98859173
AMFR,0.9883365
ARHGAP39,0.9880013
C17orf75,0.9878221
COMMD6,0.98770356
CACNB1,0.9875695
CDC40,0.9873518
EXOC8,0.98734134
ADAM12,0.98672473
BECN1,0.9862298
C17orf80,0.9861937
IL17RB,0.9861665
HS3ST1,0.98613584
HCFC2,0.9858517
AKAP13,0.9856893
NKD1,0.98539287
CASZ1,0.98536205
C17orf49,0.9847925
DUSP10,0.9847244
ACACA,0.9844184
ADNP,0.98428786
IFIT1,0.9838305
ARHGAP11A,0.9838208
CAMKK1,0.9837202
MAOA,0.9837105
EPHB3,0.9836467
LMF1,0.983336
ADCY7,0.98330957
GLS2,0.9829851
CTSA,0.9819645
ARAP3,0.98195904
CES4A,0.98172516
ARHGEF9,0.9814462
CRELD2,0.9812887
F13A1,0.98085093
CDS1,0.98074347
DNAAF2,0.9805195
EME1,0.98008853
BBS10,0.9800029
ALDH9A1,0.9798282
C12orf65,0.97965634
CDC25C,0.9796316
CNNM4,0.9790335
B3GAT3,0.97877413
CACNB2,0.9786885
DCUN1D3,0.97836226
CCDC174,0.97746277
CHMP5,0.97741574
COLQ,0.97699636
ARL14EP,0.97693926
AP3S2,0.97685117
ITGBL1,0.9766956
FCGR2A,0.97590536
ZNF569,0.97551733
HELZ2,0.97542375
HSD17B1,0.9753871
CDC5L,0.9752094
FUCA1,0.97499925
ATP6V1E1,0.9745486
CD2BP2,0.9743979
IPO4,0.9740649
ALDOC,0.9740138
DERL3,0.97399074
ALMS1,0.97346175
DOLPP1,0.9734029
CD109,0.97320145
ATRN,0.9731348
ALAS1,0.97284704
COL24A1,0.9725696
HAVCR2,0.9721388
AK2,0.97183967
COASY,0.9717639
CPT1B,0.97159183
DUSP7,0.97125286
SMPDL3A,0.9711604
MTRF1L,0.97094256
JAM2,0.9705367
DMWD,0.97029066
ARPC1A,0.9702487
CENPC,0.9700345
C2CD5,0.9698805
MED8,0.969592
CASP2,0.9694065
PCDHGA6,0.9692941
CD68,0.9691048
CCM2,0.96907425
ETV3,0.96906215
ASPM,0.9690514
COPS5,0.96904165
ARFGEF1,0.96901345
HOOK2,0.9689571
CDH23,0.96870697
FGD3,0.9685513
AGRN,0.9684433
BMP2,0.96831155
ARHGAP30,0.9682626
BNIP3L,0.9681505
GBP3,0.9678533
AP4B1,0.96778136
CD83,0.96757406
ATAD3A,0.96721375
GCAT,0.96684253
SLC22A17,0.9666158
ALG6,0.966544
FZD8,0.9665091
DNAJB9,0.9663204
CMYA5,0.96618915
BRD8,0.9659363
BCAS2,0.96520597
NR1D1,0.96515113
NFAM1,0.9649729
CHRAC1,0.964792
COG8,0.9645636
DZIP1,0.9644533
EDNRA,0.96414
OPRL1,0.96368223
CDT1,0.9633977
HCAR2,0.9633464
DYNLT3,0.9632301
ALG9,0.96315145
DUSP1,0.9631283
KCNAB3,0.9631261
MED26,0.9628783
CHST1,0.96280414
ARL8B,0.9627348
ARFGAP3,0.96266866
CDK9,0.9619215
CHMP1B,0.9613088
ING3,0.96107614
COQ5,0.9607128
CCDC80,0.96028036
FBXO4,0.9602315
ELP5,0.9598568
GRAP2,0.9595507
COL6A2,0.95954204
CLPP,0.9595173
AHNAK,0.959421
ADD1,0.9594095
ADAM15,0.95906436
CCNE2,0.95903057
FOXRED1,0.9588189
GPX3,0.9584008
BRCC3,0.958312
COG6,0.95816696
RSAD2,0.95815647
BAZ2A,0.9578105
FBXW9,0.95763624
GAS2L1,0.957307
CYB5R2,0.9571022
SDS,0.95704854
CBX1,0.9564258
ATP1B3,0.95636094
COLEC12,0.9563122
ARFGAP1,0.9558369
CHST15,0.9555072
CAMK4,0.9554569
CREB3L4,0.9551368
AP5Z1,0.9550588
CEP192,0.9549236
E2F8,0.9548591
MIEF2,0.95473987
CCDC12,0.9544543
CCNYL1,0.9542778
PYGM,0.9542664
MGAT3,0.95419043
NOC4L,0.9541038
COQ4,0.95402366
DDA1,0.9538715
GNA15,0.95367074
HENMT1,0.953626
DUS1L,0.9534525
LIN7B,0.9534504
CHMP2A,0.9529027
COG3,0.9527003
COPS3,0.95237213
MLPH,0.9522304
ZNF830,0.9520587
CSNK1G1,0.9519356
MAVS,0.95165527
CRY1,0.9516364
DDX20,0.9515499
CDC37,0.9514641
ACYP1,0.95121086
ASAP2,0.95098615
C1D,0.9505959
GNA14,0.9503579
BTF3L4,0.9501789
CCT4,0.9499948
GGH,0.949302
C7orf26,0.9489963
CPD,0.9487246
CMTM4,0.94865584
CDC42EP4,0.948607
GPSM1,0.9479302
COPS4,0.9474513
CNN1,0.9472701
ANAPC7,0.94711524
FAM114A2,0.94704944
BPNT1,0.9468345
AGPAT1,0.9468147
CSPG4,0.9465012
CABLES1,0.9463813
DNAJC3,0.9462965
FCGR3A,0.94612324
MUC3A,0.9460395
FBXL4,0.9459133
ATP2B1,0.9458721
HEXIM2,0.9450937
ARHGAP11B,0.94508845
FAH,0.9447204
CHAF1A,0.9446874
BTRC,0.94452024
ADAM10,0.9441307
CTNS,0.94401544
C2,0.9437768
ATP6V1H,0.94299614
CETN3,0.94295216
CTU1,0.9428688
BRF1,0.94221234
EGLN3,0.9419512
BICD2,0.9417592
ATF6B,0.94162863
ACTR1A,0.94152653
DHRS11,0.94148314
GGPS1,0.9414092
CABYR,0.9413608
ID2,0.94126403
ATG4D,0.9410977
FBXO41,0.9410657
APBA3,0.94103974
MATN3,0.9410352
AP3B1,0.9409206
DNAJB11,0.94058657
APOBEC3G,0.9403666
HLX,0.9403
COPZ2,0.9402533
AGO4,0.94002926
GPX7,0.9398109
ARPC2,0.9397536
CAMK2D,0.9395314
FIBP,0.93899304
AMY2B,0.938916
FBXW4,0.9387483
COL9A2,0.9378382
NEIL1,0.93776834
GDI1,0.9376777
ADPGK,0.93744487
KLHL2,0.93739843
ANKRD27,0.93728155
CLDN4,0.93707067
DPY30,0.9369678
APIP,0.9368387
ERCC6,0.9364213
PNP,0.93628544
GPR132,0.9360395
CAPZA2,0.93593556
CTSZ,0.9358454
ANO9,0.935548
COPS2,0.93541867
PTGER4,0.935065
CELSR1,0.9350633
BLOC1S6,0.9349767
DNASE2,0.93489146
HOXA7,0.93486834
ATP6V1G1,0.9348403
EMC8,0.9345969
ASIC1,0.9345346
ARHGAP24,0.93449163
HSF2,0.9340503
FZD6,0.93393147
IFT27,0.9339221
CTSD,0.9336963
BHLHE40,0.93357635
C2CD2,0.93346506
LEO1,0.93335414
DCUN1D4,0.9332393
ISY1,0.93301475
AFMID,0.93291163
DNAH17,0.93265617
EFNB3,0.93254966
CDCP1,0.9325363
BATF,0.932334
DCP2,0.9320953
HECA,0.9320456
ANAPC15,0.9320263
CKS2,0.9317698
DPH5,0.93174
GEMIN2,0.9315773
DHPS,0.9313772
FEM1A,0.93117034
AKT1S1,0.9310738
DENND2A,0.9309934
DDX28,0.93082684
CGNL1,0.9305995
DPCD,0.9301957
CYP2S1,0.9301851
CD320,0.92999256
RTN4R,0.9297199
MRPS14,0.92951894
ATP8A1,0.9295055
DNAJC24,0.9292918
ETFA,0.92927974
CCNH,0.92919046
AP1G2,0.92913693
APTX,0.9290001
COA6,0.9288562
FPGT,0.92874706
DUSP12,0.9284711
CHD1,0.9284328
IRAK4,0.92838895
EMD,0.9282086
CAPG,0.9274714
NMB,0.92746586
FPR3,0.9271793
DACT1,0.9270981
IFIT3,0.9270939
GPN1,0.9267638
CORO1B,0.9266318
EIF4A3,0.9266104
APPBP2,0.92638093
DDX19B,0.9262741
CITED2,0.9261135
CDCA3,0.9258418
AP2S1,0.92583996
CHSY1,0.9258268
BACH1,0.92563295
GRHL1,0.92549497
PELI3,0.9254134
DAPK2,0.92531645
GCC2,0.9252894
AP1G1,0.92519957
EPHA2,0.92473316
HSPA13,0.92464644
BOC,0.92456746
EIF3K,0.9243314
SLC44A3,0.9241962
COX6B1,0.9239921
FBXO10,0.9239493
ARL2,0.9238844
TRPM2,0.923698
DTX4,0.92362255
DOK2,0.9234987
SIKE1,0.9234548
CYB5R3,0.9234031
GUCY1A2,0.92317206
ALDH7A1,0.92309934
KATNA1,0.9230979
KLHL25,0.9228087
DAPK1,0.9225977
IL2RA,0.9225849
KCNJ15,0.92225814
INTS12,0.922051
FBP1,0.9218773
COL4A1,0.92148554
FAM131B,0.92088133
ERI2,0.92073554
EBAG9,0.9204873
HAUS1,0.92046994
IL17RC,0.9203147
CYP2R1,0.9202897
ATP11B,0.91974026
DSEL,0.91953963
OPLAH,0.91941315
LIPE,0.9193516
ANXA6,0.91928035
SARDH,0.91899365
CLSPN,0.91880643
DCXR,0.9187389
AKAP1,0.9185063
TNFSF12,0.91834253
CENPI,0.9182573
COPE,0.9180556
DDX39A,0.9180429
GSTM3,0.91733694
SGSH,0.91727364
APOBEC3C,0.9170391
CAP2,0.91701376
IL7,0.9168004
CDC25A,0.91662645
GEMIN5,0.91653836
ZNF433,0.9163599
DCLRE1C,0.9163478
GNS,0.9159974
ARHGEF37,0.9158781
MFSD2A,0.9153252
ADK,0.91505605
FYTTD1,0.9147884
GEMIN8,0.9146387
C3orf38,0.91458905
FBLIM1,0.91458267
CDH6,0.9145356
HOXB2,0.9145148
CFLAR,0.91422844
CENPJ,0.9140678
ATG12,0.9139907
CNOT6L,0.91369694
KIAA0513,0.9135868
CDON,0.91346616
EPHA1,0.91338784
KCNMB4,0.9133093
TAF9B,0.913073
CSK,0.91284585
MTM1,0.9127648
LRRC4B,0.91259927
PTGIR,0.9124686
CDK11B,0.9123962
COX15,0.9122895
CHP1,0.91214234
DISC1,0.9121173
DDX50,0.91211176
DHCR7,0.91194063
DDX24,0.91183627
DMXL2,0.91159844
CCS,0.911573
FBXO38,0.911041
DGKI,0.9110316
CTSK,0.910972
EYA2,0.9109479
TBC1D32,0.91089857
DNM1L,0.91084903
LCMT1,0.91062635
ADIPOR2,0.91042
CD46,0.9104057
NIPSNAP3A,0.9102704
CPEB3,0.9101788
IGFBP6,0.91017854
BAG4,0.9101353
AP2A2,0.91011715
CSTB,0.91000235
ERLEC1,0.9098614
ACTR2,0.9098594
CCNL1,0.90901816
CUL9,0.90884674
NANP,0.9087599
CAMK2G,0.90859765
GEMIN4,0.9085281
EDEM3,0.9085184
FIG4,0.90823567
MRI1,0.9081917
KCNS3,0.9081434
IDS,0.9080716
CDC23,0.9079174
KXD1,0.90778106
APBA1,0.9075279
DHX8,0.9074639
IRF2BP1,0.9072923
HOXA5,0.9071521
ARHGEF18,0.90666443
CYB5A,0.9062169
HPRT1,0.9059303
EXOC1,0.9052486
DENR,0.9050464
EMC10,0.9049228
ARHGEF3,0.90489596
ALDH3B1,0.9048817
DLC1,0.9047784
AP1M1,0.90473324
B3GNT2,0.9047211
SPATA2L,0.90472025
IRF9,0.9044399
ESF1,0.90387255
MBIP,0.9037335
ANKRD44,0.90357554
SLC1A1,0.9035039
FAHD2A,0.9031112
FCF1,0.90309566
FCGRT,0.90296966
HACE1,0.9028927
ARFGAP2,0.90271634
CAB39,0.9025858
HERC3,0.90226763
NR2F2,0.90225697
JMY,0.9018398
MCAT,0.9017767
LCMT2,0.9016237
INPP1,0.9015723
MRPS31,0.90145415
GTF2A2,0.9009359
CNNM3,0.90084875
DMD,0.900509
CKAP2,0.9004012
CPOX,0.90035146
COMMD1,0.9002735
ZNF622,0.90025777
FBXW5,0.9002131
LSR,0.90018046
ESRRA,0.90009296
ECHDC1,0.9000391
PUS3,0.89993143
NID2,0.8998755
APPL1,0.899616
BEND3,0.8989835
BRWD3,0.89886934
L3MBTL1,0.8988042
COX20,0.8987749
BRD1,0.89866364
CSTF2T,0.89858747
LRRC8E,0.8985322
ZNF43,0.8983829
DEPDC1B,0.8980481
CDKN2AIPNL,0.8977327
CLCN7,0.89760715
FMNL1,0.8973881
CCDC93,0.897185
GABPA,0.8971144
ARHGAP21,0.8970858
FKBPL,0.897048
PTPN9,0.8969671
ETHE1,0.8968113
KIF26A,0.89674366
COX17,0.8966401
NDUFA8,0.8963973
MTX1,0.89634883
ATG2B,0.8963087
GLMN,0.89625865
CBFA2T2,0.8962124
CENPH,0.89605117
PLXNC1,0.8960379
CERS5,0.8959426
GPATCH1,0.89575124
DNAJC2,0.8955157
HLA-DRB5,0.8953555
CNOT8,0.89522576
EHD1,0.8950433
MPZ,0.894959
IKZF4,0.89483124
CCT5,0.89467245
ARSD,0.89465094
CBX3,0.89459103
LAMB2,0.8945451
ACTG2,0.89453316
DUSP16,0.89437824
ARF5,0.8942658
CTDSP1,0.894031
GABPB2,0.8939975
BRWD1,0.89387906
FXYD6,0.8934362
CCT8,0.89340466
DTL,0.8932639
MAPK8IP3,0.893104
KANSL2,0.8929713
MORC2,0.8928512
KDM2A,0.89280736
CPNE3,0.8925623
ELAVL1,0.89246815
MIS12,0.8923304
B3GALNT1,0.8922986
GNG5,0.89168966
IL10RB,0.8914932
CRY2,0.89126194
CKLF,0.8912399
FBXL19,0.8910164
ATXN3,0.89088863
EMC7,0.89084965
BZW1,0.89077574
COG4,0.8907287
BLOC1S1,0.89062166
IL6R,0.8903892
ARHGAP29,0.89020807
FOSL2,0.8899424
COL7A1,0.8898455
DGKA,0.8897947
COX7A2L,0.8894492
GIT2,0.8893187
FGD2,0.88924336
DLAT,0.8891019
LPXN,0.88905996
ATP6V0C,0.8886874
COQ10B,0.8886871
ELF1,0.88862485
DSC2,0.88854146
RILP,0.8884644
ALDOA,0.88844067
CNIH1,0.8883987
COG2,0.88836944
CCDC88C,0.8877331
DGUOK,0.8875782
CEP70,0.88746005
CYTH3,0.88727677
CD1D,0.88712275
CHD9,0.8869711
BTN3A2,0.8867989
CLDN15,0.88652855
ATF2,0.88650024
DHCR24,0.88596517
ZNF490,0.88584876
MAP3K8,0.8858142
DRG2,0.8855857
LRWD1,0.8855647
DYNLL1,0.8855601
GATM,0.8852067
GOT1,0.8849495
GDE1,0.88465
GLRX,0.88445777
AREL1,0.8842385
CAPZA1,0.8839262
AFTPH,0.8837972
CRTC2,0.8836071
MCM9,0.88355505
DDX19A,0.88333344
CMAS,0.8832914
CCT6A,0.8832176
CHCHD10,0.8831116
RPP40,0.8828261
IFT81,0.88260555
CAPN15,0.8825986
NR2F6,0.8822086
GKAP1,0.882192
CAND1,0.8820414
EAPP,0.8817249
EIF4EBP2,0.8815936
KIAA1549L,0.8815581
DAB2IP,0.88146734
ANLN,0.88141686
TBC1D15,0.8810189
BCAR1,0.881002
GCC1,0.88094974
FYCO1,0.88083893
MAD2L1BP,0.8806489
GPR176,0.8805417
ATF4,0.8804608
FBXO15,0.8803657
EFEMP1,0.8801646
DLGAP4,0.8801
GHDC,0.8798965
CORO1C,0.8798657
MARS2,0.87944084
GDI2,0.8794299
ATP6V1A,0.87941456
NUDT16L1,0.8793633
FKBP2,0.879047
DCAF17,0.87883276
PTPN22,0.87864256
DLST,0.8784454
ZNF585A,0.8782345
LEMD2,0.87821716
ORAI2,0.87812215
CPEB4,0.87801003
IFT74,0.87773424
ARPC5,0.8776527
CDS2,0.8775431
HUS1,0.8773954
FNDC5,0.8773471
APOE,0.8771562
GTF2B,0.8768213
JAG2,0.87680084
DEPDC1,0.87673074
TUBGCP4,0.8767154
EEF2K,0.87660277
DCTN5,0.87637305
EID3,0.87623566
EMC1,0.87608457
ARHGDIB,0.8759503
KCNN3,0.8759455
CALML4,0.8759119
WDR48,0.87568647
RASGRF2,0.8756151
ATF7IP,0.8754782
ORMDL2,0.87521505
CEP152,0.87501466
CLEC2D,0.8749935
EAF1,0.8749083
LIF,0.87476903
HLA-DMA,0.8746271
KDM4A,0.87417173
CLCN6,0.8741007
EHMT2,0.87407374
EME2,0.873605
CORO1A,0.8735856
CAMK1D,0.87343055
EIF4E2,0.873344
E4F1,0.87322
LCP2,0.8731373
FAM160A2,0.8731105
ADH5,0.8730399
ELMO1,0.87295675
HGS,0.87284577
CTDP1,0.8728397
CALCOCO2,0.8728283
BIRC6,0.8727797
ACER3,0.8727414
AHRR,0.87251526
HAUS8,0.8722227
COX11,0.8720342
HERC5,0.87200284
FBXO7,0.87167275
FBXL2,0.87138695
INPP5A,0.87134993
DTNBP1,0.8710333
GGA1,0.87066066
CHCHD6,0.87054044
ETS2,0.8705026
FBXL14,0.870385
EVL,0.87034935
ICAM2,0.870231
ASS1,0.8701599
CLPX,0.8700662
SHF,0.8699116
CELSR3,0.86971694
BAIAP2L1,0.86957824
DCAF5,0.8695581
BPTF,0.86946374
ANTXR1,0.86919355
EEFSEC,0.86894965
ODF2,0.86890805
ICAM1,0.86886066
DAPK3,0.868676
KLHDC2,0.868645
CDCA8,0.8685234
ARF1,0.86849624
CES2,0.8683397
BAG6,0.86828774
EIF2B5,0.8679259
DHX38,0.8678306
CDR2,0.8677598
HINT1,0.86763567
CCDC91,0.86760867
CSNK1G2,0.86753976
FMR1,0.8675377
HAUS3,0.86749786
CCNF,0.86736137
ARF6,0.867344
CERS4,0.86722255
FBXL3,0.8669452
DHRS3,0.86689407
OAS1,0.8665939
HERC4,0.86651635
EIF2AK4,0.86586076
CNTNAP1,0.865716
GNAO1,0.8656441
PIPOX,0.865616
ITPK1,0.8653541
EXO1,0.86503625
COL4A5,0.8650147
EIF4EBP1,0.86500704
FAM110B,0.8649859
CDCA5,0.8649647
GNPDA2,0.8648845
B4GALT2,0.86469644
BLVRA,0.86468214
EIF4H,0.864648
G6PC3,0.8642962
CDC25B,0.8642487
RELL2,0.8642195
ARL8A,0.8641302
BTN3A1,0.8638072
BCKDHB,0.8635771
DSCC1,0.8634388
GABARAP,0.8634173
IDH3G,0.86340624
SMC5,0.86332226
COIL,0.8628678
PTCD1,0.862546
LAMA2,0.8623458
GOLGA3,0.8622185
CUL7,0.8619967
CDC34,0.86198163
CACYBP,0.8619016
CLHC1,0.8618483
RNF139,0.8617863
DGAT1,0.86168945
GPR180,0.86165774
LPL,0.8615305
GSTA4,0.8612256
CXXC5,0.86105996
GPD1L,0.8610508
CCT3,0.861047
BCAT2,0.86081386
BID,0.8607343
LOXL3,0.8606382
ANP32B,0.86051977
EIF4ENIF1,0.86050254
CRLS1,0.8604816
DHTKD1,0.8603812
C9orf72,0.86036724
ELOVL1,0.86019677
DEPDC5,0.8601083
HDAC6,0.8598194
FBXL12,0.85972273
MRPL53,0.859628
IL4I1,0.8594642
MPDZ,0.8591807
AP2M1,0.8590027
GNL2,0.8589865
COX6A1,0.8588146
BFAR,0.85874426
MLX,0.8586521
METTL3,0.8586245
GPC4,0.8584486
GABPB1,0.8582172
EBP,0.85819936
CASK,0.8580859
MAF1,0.857965
NAA38,0.8578794
ATG10,0.85773116
CCDC86,0.8575536
ECHS1,0.85749924
FKBP5,0.8574724
EHD4,0.85718983
CNOT6,0.85713685
ARHGEF1,0.8568926
AP1S2,0.85673285
MBP,0.8565041
TFB1M,0.8564983
MTO1,0.85628366
EMC3,0.85618347
FDX1,0.85606587
PIGW,0.8558894
BMPR2,0.8557428
CHD7,0.8557116
GNPDA1,0.8556205
MAP1A,0.8556083
GTF3C2,0.85539955
EXOC7,0.8553119
ING2,0.8550697
ESYT2,0.8549602
DIMT1,0.85493094
FZD5,0.8547033
DOCK4,0.854624
UBXN6,0.8545526
CENPO,0.85448426
CBX6,0.8544404
RPP25L,0.8541972
CANX,0.85397655
CCDC115,0.8537733
MCCC2,0.85376465
DKC1,0.8537411
GUF1,0.85371894
ANP32E,0.8535584
G3BP2,0.85324
KATNAL1,0.85321796
GMIP,0.8531018
KCNK5,0.85298765
CDK5RAP2,0.85290545
IFI35,0.8528331
DNAJB14,0.85283154
MAN1C1,0.8526707
CHD3,0.8526138
SRM,0.85243237
CPSF2,0.8524094
KIF21B,0.8523259
PDP2,0.85197717
UHRF2,0.8514887
GCH1,0.85111076
CDC27,0.85091966
FBXO2,0.8507041
GLE1,0.8505987
ALS2,0.8504885
CHFR,0.8504359
EVI2B,0.8504148
WDR75,0.85032046
G6PD,0.85026586
HSD17B10,0.8502651
LGALS9,0.8499754
GTF2H1,0.8499574
INO80B,0.84993666
SEC61B,0.84987426
AHCYL1,0.84969
ETNK2,0.8495459
MLF1,0.8495419
FADS1,0.8494648
ALKBH5,0.8494596
GPCPD1,0.84931207
PPIL4,0.8492957
ACTN1,0.8491171
ARHGAP17,0.8490795
MFGE8,0.84895176
LSM5,0.8489365
HSPA14,0.848926
B4GALT1,0.8488523
UNC5B,0.8486705
COQ6,0.848605
GDF11,0.84856904
KCNC4,0.84842587
ATAD5,0.84841937
UBE2D1,0.84814787
DCAF16,0.84785825
PRPF18,0.84778774
EFCAB7,0.84776855
GTPBP2,0.8476504
DONSON,0.8476405
FTSJ3,0.8475706
NGLY1,0.8474992
FPGS,0.84741193
HDAC10,0.8473577
KCNIP2,0.8473124
GLUD1,0.8472958
FBF1,0.84716636
IGFBP4,0.8470184
CASP7,0.84682477
GNPTAB,0.8467687
AUP1,0.84672296
HJURP,0.8465994
ANO10,0.84656143
BRPF3,0.84622467
MAPK12,0.8461252
LFNG,0.846117
PCDHB10,0.8461125
GATC,0.84605443
DGKZ,0.8458627
MRAS,0.84561336
DENND6A,0.84507847
INTS9,0.84497625
AK4,0.84493625
MRPS28,0.84492433
EIF2S1,0.84491885
NSUN5,0.8447877
LAMP1,0.84462637
TADA2B,0.8445169
CTIF,0.8445135
MRM1,0.8444095
ME2,0.84436333
FNTB,0.84429383
GIMAP4,0.84427583
BTBD3,0.84399736
CEP55,0.8439469
SLC25A20,0.8439423
SNX17,0.84389347
ZC3H13,0.84383315
CASP10,0.8437638
CDKN2AIP,0.843716
CAST,0.8435464
CHPF2,0.8435199
GLO1,0.8435174
CDK1,0.84327114
KBTBD6,0.84306866
GOLM1,0.84302026
FKRP,0.8430018
EFNA4,0.84297466
ARHGEF26,0.8429326
GLA,0.84285253
ILF2,0.84274244
RRM2B,0.8427368
KIF2C,0.8427365
HSPB11,0.84271
ASB7,0.84269845
DNA2,0.84269387
DNAJB6,0.8426848
ATXN1,0.8426652
DERL1,0.8426235
BOP1,0.8426232
EPN1,0.84257776
DENND1B,0.84243315
TXLNG,0.8422158
DNAJB12,0.8420347
CHMP4C,0.84188277
GALNT18,0.84168506
NRP2,0.84165484
ATP6V1C1,0.84157574
BRIX1,0.8415428
GEMIN7,0.84132403
DOCK10,0.84110606
CD2AP,0.84106547
DLG5,0.84094137
CSPP1,0.8409009
EIF2AK2,0.8408532
MED9,0.84081393
IL15RA,0.84070414
CACNA1C,0.840702
CYFIP2,0.8406913
FN1,0.8402834
TARBP2,0.84025985
EIF3G,0.84006447
RANBP6,0.83991736
BOLA3,0.83982354
FASTKD2,0.83958167
RNF5,0.83954954
DENND2C,0.8394972
CXADR,0.8393256
CMSS1,0.8392835
ATP8B1,0.83925223
BCKDK,0.8392301
FBXO45,0.83918506
SNX18,0.83892924
NKIRAS1,0.83889735
PRPF38A,0.83870715
GBA2,0.8385768
ITGA2B,0.83830583
LY86,0.8382788
ASAH1,0.8382341
EIF3M,0.83821
KLC1,0.8382039
B4GALT7,0.83812183
KLHL5,0.8377125
ARHGEF11,0.8374868
ERI1,0.8374732
EGR3,0.8374444
SNRNP35,0.83737814
BMF,0.8372998
C11orf49,0.83724725
BRK1,0.837219
CDK11A,0.83721536
GNL1,0.8370848
DNAJA4,0.8367388
POLRMT,0.83667976
TRUB2,0.83654356
CLASP2,0.8365369
LDB1,0.83650845
IPO13,0.8364945
CYB5R4,0.83645296
KDM1B,0.8363752
ORC6,0.8363612
UCHL3,0.83623075
BRF2,0.8360645
EHHADH,0.8360418
AGPS,0.8358201
DCTPP1,0.83581674
CAPN2,0.835771
HCK,0.83575165
AKR1A1,0.83569986
MYL5,0.8355726
CD86,0.83554476
DUSP8,0.83541554
CCNB1,0.8349329
NDUFA5,0.8347936
CCDC136,0.83447796
CCNY,0.83428127
RPS13,0.8342745
CUL5,0.83424205
FJX1,0.834082
DDX52,0.8339317
MRPS24,0.8338822
WDR41,0.8337673
VRK3,0.8337643
EDIL3,0.8337398
DLG3,0.8337301
MIEF1,0.8334884
COL16A1,0.83341277
FBXO5,0.8333931
TMEM107,0.83339125
DDX46,0.8326926
OXSM,0.8324507
ATXN10,0.83244294
APP,0.8323983
GLB1,0.8323571
GAR1,0.83233255
CERK,0.83191705
DCP1B,0.8318887
CCNL2,0.8318079
DIS3L2,0.831546
CARS2,0.8312299
FBL,0.8312005
CYBA,0.83110565
DCAF8,0.8308275
FRAS1,0.83074313
HDAC8,0.83055806
COL27A1,0.8302368
ST8SIA1,0.830222
CABLES2,0.830196
KLHL12,0.830169
FOXRED2,0.830111
CIR1,0.83007306
DNAJC1,0.83004755
DVL2,0.82986665
NOP16,0.82972133
BBS9,0.8294497
EHD2,0.8291761
FAM83D,0.8290159
DENND4A,0.8287151
ITGAE,0.82861483
PLAGL1,0.82852596
KCNN4,0.8283407
PPP2R3C,0.82832956
CALM1,0.8282441
PITRM1,0.82808477
DOCK7,0.8280671
HOXB3,0.828054
ERLIN2,0.82800925
NFKBIB,0.8279771
TIAM2,0.82796615
HPSE,0.82795733
SKA1,0.82780576
NFYA,0.82771313
FZD7,0.8275533
EIF5B,0.8273997
DENND1C,0.82737774
DLD,0.8272843
SOCS7,0.82723534
AQR,0.82717156
CHD1L,0.8271692
C6orf120,0.8271364
GRB2,0.8271012
MRPL50,0.8270252
NOP9,0.8268186
NOMO2,0.8266883
RPAP1,0.82657987
MCCC1,0.8264561
KIF5C,0.82638055
HSD11B2,0.8262897
ATP1B1,0.8262077
DIS3L,0.8260898
HNRNPU,0.8260704
ANXA5,0.8259964
FNBP1L,0.8258439
DAPP1,0.82577825
PAIP2,0.8257429
ECE1,0.82573754
NOMO3,0.8257262
HSPA4L,0.82565874
TRMU,0.82561857
GALNS,0.82560766
CIB2,0.825592
COL12A1,0.8255896
CCNG1,0.8255758
CDK7,0.82554686
CLK4,0.8253448
CTDSP2,0.82514685
LAMTOR4,0.825037
BICD1,0.8244208
DDX1,0.82441586
LIN37,0.82435465
F3,0.82421774
DDHD1,0.8241786
ADM,0.8241729
SP100,0.82417125
ACTR1B,0.82404333
CRK,0.8239397
ZNF84,0.82388276
MBOAT1,0.8236025
BSG,0.823591
RANBP1,0.82356626
LRPAP1,0.8233004
CLIC1,0.8232741
IPO5,0.8231748
ALKBH3,0.82313627
ASRGL1,0.8230553
FMNL3,0.82304907
MAMLD1,0.82280934
RASGRP2,0.82277083
U2SURP,0.8227159
KANK2,0.8224884
EPB41L1,0.82239527
HECTD2,0.8223517
BRAP,0.8222197
DCAF13,0.822177
ZNF445,0.8221579
PLK3,0.8220094
YAF2,0.8220072
EEF1E1,0.8219455
BDP1,0.8219207
LRFN4,0.82189846
COL5A2,0.8217413
MYH14,0.8216381
USP20,0.82151616
IQCB1,0.8214548
SLC15A4,0.8213889
TRMT10C,0.821321
DAZAP2,0.82130104
GPT2,0.82117385
MAT2B,0.8209536
CENPM,0.8209191
STAP2,0.8207739
HMG20B,0.8204973
NADK2,0.82039344
CD48,0.8203458
ADAM22,0.82034063
MAN2A2,0.8203274
EXOC3,0.82028526
AMBRA1,0.82011247
GALK2,0.82007766
DMAP1,0.8199561
HIPK2,0.8198754
EPB41L5,0.8196452
DET1,0.81961876
HPDL,0.81948024
FOXP3,0.8194526
CDC16,0.8194188
CLTA,0.8193887
CXXC1,0.8193269
ATP6V1D,0.8192385
ST14,0.8191713
POLL,0.81908375
DCAF6,0.81906116
ANP32A,0.81901556
MYO9B,0.81896824
CDC20,0.8189601
PIK3R6,0.81895554
DBT,0.81894106
DNAJC10,0.81893635
MRPL44,0.8187967
F11R,0.81876993
INO80E,0.8187581
MOK,0.81857914
MRPL28,0.81841946
FAM168B,0.81841654
LIN52,0.8183461
GSPT2,0.8182499
YIPF1,0.8181636
GABBR1,0.81816196
G3BP1,0.8181339
NCKAP1L,0.8179149
DBF4B,0.8178906
CD81,0.8178705
LTB4R,0.8177879
NUDT3,0.8176159
DUSP19,0.8176014
FOXK1,0.8175792
E2F2,0.81732523
HMGCR,0.8172817
GRB10,0.81721604
KANK1,0.8171428
TNFRSF12A,0.8168198
HNRNPAB,0.81667215
HACL1,0.8163515
CPSF6,0.8163485
GANC,0.8160224
CYTH1,0.81601655
EXOSC5,0.8158554
MAPK9,0.815823
ADAMTS7,0.81569093
HMGCL,0.8156815
LUC7L,0.8155948
CEP164,0.8154487
TST,0.81543374
GRPEL1,0.81540567
MAGT1,0.8152699
IGSF6,0.8152511
CDK13,0.8152222
RAB11A,0.8151776
TGIF1,0.8151291
INPP5B,0.8151175
DLGAP5,0.81494635
CFL1,0.81481695
STXBP4,0.8147874
CENPN,0.8147581
IDE,0.81470656
MAGOH,0.81469625
NFU1,0.81463504
IL32,0.81458837
WDR77,0.8145445
VMA21,0.8145342
HEXB,0.814411
ATPAF1,0.8143231
CTC1,0.8142962
ITPA,0.8142485
DENND5B,0.81418276
FEM1B,0.8140865
MKLN1,0.81408453
ACTL6A,0.81407726
PPIL6,0.8139767
BTBD2,0.8138826
TSEN2,0.8137938
COPS6,0.8137821
AP5M1,0.81374055
LBR,0.8137048
TNFRSF25,0.8135286
IL15,0.81342584
RGL1,0.8133891
HLA-DRB1,0.81326663
HHAT,0.8131606
CHCHD3,0.8131046
FERMT3,0.81299645
AIFM2,0.81290454
MUS81,0.8128978
DDX21,0.81275755
PCGF1,0.81273025
CEP250,0.8124655
ACLY,0.81239104
MMADHC,0.8122998
TNIK,0.81202036
FBXO9,0.8118684
BRD2,0.81179374
ASCC2,0.8115247
NFKB1,0.81146777
CAPNS1,0.8114457
GBE1,0.811263
CHTF18,0.811239
EIF4B,0.81115735
STARD8,0.81108165
PWP1,0.8110018
MYO6,0.8109834
CLN8,0.81089735
FAM98B,0.81082994
SLC27A4,0.8107953
MTHFS,0.8107784
MCUR1,0.81074554
FBLN1,0.8107027
VPS4B,0.8105746
HNRNPH1,0.8105641
GTF3C5,0.81043696
DOCK2,0.8102582
MED19,0.81001616
BCAP31,0.8100125
DST,0.8097894
PRPSAP2,0.80971813
DDX55,0.8096967
ST6GAL1,0.80960906
VANGL2,0.8094222
ARPP19,0.80921936
NFKBIL1,0.80914474
CBX5,0.80907816
EXOC2,0.8089916
CNOT10,0.80897206
MEF2A,0.80886847
EFNA5,0.8088673
LZTFL1,0.8086816
TXNRD2,0.80860895
NEDD1,0.80859095
ERGIC2,0.80837166
MAGOHB,0.80826366
MRPS23,0.8079598
MAPK14,0.8078435
HMGN1,0.8078378
ICMT,0.8075337
EIF2S2,0.80752105
UIMC1,0.8074253
VASN,0.80735755
CRMP1,0.80726844
ENGASE,0.8072528
FLNB,0.80717087
HBP1,0.8071638
CHORDC1,0.80714345
MAGED2,0.80703956
CHML,0.80692595
MAN1A1,0.8067789
FOXK2,0.8065127
FUT4,0.80633944
EFTUD2,0.8062647
IK,0.8062312
GLRX5,0.80620235
MCM10,0.8060979
ARHGAP31,0.805965
LAMA5,0.8058906
DERL2,0.8058249
ENG,0.8057849
CDC14B,0.8057492
DFFA,0.8057098
MAP2K5,0.8056783
KIFC3,0.8056439
FAF2,0.80559003
COX18,0.8055898
RPS26,0.80546093
ETFB,0.80542564
PNPLA6,0.8052692
CEP72,0.80518
DDX18,0.80514467
ANXA2,0.80501986
PFDN2,0.80494016
DNAJC11,0.8049347
OAZ1,0.804929
SUMO3,0.8047621
GFM1,0.80475426
NCK2,0.80470973
MFAP2,0.80466896
RPS27L,0.804554
MAD2L1,0.8045469
ZNF189,0.8042863
DCAF7,0.8042107
DDB1,0.80417186
HLTF,0.804144
CDC42BPA,0.8039396
DENND4B,0.8038946
MPHOSPH8,0.80376625
ZNF780A,0.8037293
CALD1,0.80365354
FZD3,0.80355376
GTPBP4,0.8032832
DCTD,0.80325
CENPE,0.8031316
CEP350,0.8030817
MID1,0.8030661
MRGBP,0.8030626
FHL2,0.8030497
PHF2,0.80301195
DOK4,0.80285287
KPNA2,0.8025983
N6AMT1,0.8025951
GIT1,0.8025746
PARS2,0.8025547
ATG16L1,0.8025226
LOXL1,0.80250865
MED28,0.80249435
GALK1,0.80246985
MPG,0.802244
CELF1,0.8022299
DHX35,0.8022092
DPH2,0.80219334
CHST12,0.8021685
CSTF3,0.80213803
BANF1,0.80200243
PLA2G15,0.8019906
CEP170,0.8018363
APLF,0.8017317
DYNC1LI1,0.8016245
ARHGAP32,0.8015549
BAHD1,0.801417
PTRH2,0.8012456
TALDO1,0.8012101
USP5,0.80119914
DDRGK1,0.8011705
B4GALT4,0.80115944
RAB40B,0.80099374
OS9,0.8009776
ESPL1,0.80097044
SNAPC3,0.80088264
ANAPC4,0.8008756
TPD52L1,0.8008546
KALRN,0.8008177
EPB41L3,0.80077726
FGFRL1,0.80075365
CROT,0.8006689
GIPC1,0.8005303
ATP2B4,0.8005103
LILRB3,0.800331
INPP5F,0.80031973
CACNA2D1,0.80029494
EIF5A,0.80022645
GLUL,0.8001667
PCYOX1L,0.80001646
PPP1R3D,0.7999971
PCDHB3,0.7997452
RBCK1,0.7997439
EIF4G3,0.7995558
PSMD11,0.7995088
MAEA,0.79949343
INO80,0.79944146
GSR,0.7994075
PMPCB,0.79935235
PLIN2,0.79932874
RFXAP,0.7990881
ADAR,0.79908645
MCEE,0.7985624
PEX7,0.79852843
COPS7B,0.7984572
C1GALT1,0.79842603
GID8,0.7983452
NT5C3A,0.7981966
TBCC,0.7981815
ERH,0.79812974
CD52,0.7981196
NDUFAF3,0.79811734
RUVBL2,0.79804873
ACO2,0.7979463
SH2B1,0.7979347
HCFC1,0.79782856
TNIP2,0.7978071
TAX1BP1,0.7978
NAGK,0.79778516
ETV7,0.7977684
IKBKG,0.7977351
INIP,0.79772073
CERS2,0.79769456
MED27,0.79761744
GALNT11,0.7975271
PGRMC1,0.79741585
DGKH,0.7973739
KHSRP,0.79729116
CHSY3,0.79719615
IPO9,0.79710567
ORC2,0.7970304
SAR1B,0.7970302
DHX15,0.7969578
CTNNBIP1,0.7969199
ANAPC5,0.7969099
IRF6,0.7968695
NSMAF,0.79685295
PDIA3,0.7968039
CIT,0.7967469
STXBP2,0.7966636
IARS2,0.79650086
NEU1,0.79634356
MRPS7,0.79628843
MED14,0.7962337
MIF,0.79621106
MT2A,0.7961463
MAPK8IP1,0.79614055
UNK,0.7960474
MAP2K3,0.7960338
LMAN2,0.7959261
CAT,0.79584074
ARHGDIA,0.7958136
EMB,0.7957237
LONP1,0.7955299
RAB11B,0.79547524
RUSC1,0.7954228
MAN1A2,0.7953832
BTAF1,0.7953131
PSMD3,0.795254
HOXA10,0.7952496
ATXN2L,0.7951366
TK1,0.7950092
MRPL24,0.79489106
RAB2B,0.7948498
POMP,0.79478055
STX7,0.7946607
GTF3C3,0.7946375
PLCL2,0.79454213
CFD,0.7944577
TFDP2,0.79428846
ASCC1,0.79421645
MRPL27,0.7941794
COQ7,0.79406285
NUDT19,0.7940516
SEPHS1,0.79403055
VLDLR,0.79399914
FNTA,0.7939758
RPUSD4,0.79387337
DCAF11,0.7937753
PCBP4,0.79376006
PSMD12,0.7937497
DCP1A,0.7936771
EGLN2,0.7936614
IGFBP7,0.79357004
EXOSC7,0.7935115
TPCN1,0.79340017
GPI,0.7933609
PDCL,0.7932921
QSOX1,0.79323286
RARG,0.7931123
NOP10,0.79301786
NIPSNAP1,0.7930035
GDPD5,0.7929937
ERGIC1,0.7929887
LIG1,0.79297125
UBN1,0.79296404
SHMT1,0.7929483
IL16,0.792903
PLCH2,0.7928954
GATAD2A,0.79285926
CLK3,0.7927996
HDAC9,0.7925707
CPSF1,0.79253983
PPP1R15B,0.7925305
SP3,0.7925196
NAF1,0.79248947
PPP2CA,0.7924892
PAK4,0.7924777
COPS8,0.79242426
CRABP2,0.79239506
ANKRD28,0.79230464
EXTL3,0.7922638
COL4A2,0.79225
SSR1,0.7922294
KPNA6,0.7922208
SPAG5,0.7921629
MAP3K11,0.79211813
VAMP3,0.79204845
SQLE,0.7918712
IFI44,0.7917828
DOCK5,0.7917685
GUK1,0.79164505
CWC15,0.79161644
MAPRE1,0.791572
LSG1,0.7915596
CUL2,0.7914559
RHBDF1,0.79145545
DAAM1,0.7914358
MTMR4,0.79137266
WASF1,0.79136366
GMPPA,0.7913354
TRAF6,0.79124284
FAM98A,0.79123443
MIA3,0.79101753
UFM1,0.7910139
ARF4,0.79097205
DYNC1LI2,0.7909658
IQGAP3,0.79094464
MAML3,0.790907
RBM15B,0.79090524
AP2B1,0.7909027
CHTOP,0.7908686
OSBPL5,0.79083765
MVP,0.7908362
LDLR,0.7908359
PSMD9,0.7907621
THUMPD1,0.7906425
ASPH,0.7905344
CUL1,0.7903451
GPAM,0.7902513
UBA5,0.7902067
RPL17,0.7901711
PKP1,0.7901626
ILF3,0.7901447
GOLIM4,0.7901174
PDE7A,0.7901111
OGDH,0.7900705
PRCP,0.79004043
CYB5B,0.78983766
CPSF7,0.7897716
ZCCHC4,0.7896963
IBTK,0.7896608
STX1A,0.78965193
DPH7,0.78962827
LRP10,0.7895773
HEPH,0.7892589
SGPL1,0.78923476
DPYSL3,0.78921694
CLASP1,0.7891634
PPP1R12A,0.78914917
COPZ1,0.7890543
EXOSC1,0.7890323
CBX2,0.78899163
MRPL47,0.78889334
MPI,0.78886926
DDX17,0.7888656
NFATC2IP,0.7888486
BIRC2,0.78882724
LRP8,0.78867203
UBAC2,0.78862953
RCCD1,0.78854406
MCTS1,0.78850985
SART3,0.7884408
GSTK1,0.7883965
FAM8A1,0.78838587
DUT,0.7882796
TRAPPC6A,0.78821677
AP3D1,0.7881788
DNAJC13,0.7881784
VPS41,0.7881689
RNF20,0.7881631
CAPN10,0.7881575
TRIM13,0.7881541
PRPF19,0.78806514
KRT7,0.7879788
SLC25A26,0.78778505
DNAJC5,0.7877643
RAD18,0.7877321
EPHB2,0.78762054
CSE1L,0.78752726
VKORC1L1,0.7874516
PRKAR2A,0.7874187
KPNA1,0.78738815
GFER,0.78735626
HSPD1,0.7873235
ARHGAP9,0.78730965
CLIC4,0.7872612
SNRPC,0.7872539
NR1H3,0.78725076
KRT18,0.7872491
EEF1A1,0.7871233
PTN,0.78707844
TAOK3,0.7869179
COTL1,0.78687364
CHID1,0.78678703
HNRNPH2,0.7865931
USP4,0.78657144
STRN4,0.7865135
GAPVD1,0.78650874
PLEKHG6,0.7864381
HIPK1,0.7864034
LRRFIP1,0.7863988
ME1,0.78635496
KANSL1,0.7863129
PPP1R14B,0.78631246
KMT2E,0.7862065
POP1,0.7861568
WAC,0.7861492
PSME3,0.7861461
EMC4,0.78614116
SF1,0.78607786
PAQR8,0.78602695
CFDP1,0.78597486
IWS1,0.78596276
NDUFA4,0.78595984
SRSF10,0.78593546
DOK1,0.78592145
CCDC97,0.7859001
TARDBP,0.7858382
ISG15,0.78576463
NDUFA11,0.7857361
PCOLCE,0.78567755
ZSCAN32,0.7855215
CNNM2,0.78542405
PDSS2,0.7853099
PEMT,0.7851978
SSBP3,0.7851782
LAP3,0.78516567
MTA1,0.78514415
HNRNPK,0.7850873
TPD52,0.78507495
DDIT4,0.785006
USP6NL,0.7850006
TIA1,0.7849536
PRX,0.78489965
KCND1,0.7848964
GRHPR,0.7848835
PEX16,0.7844993
PCGF3,0.78448296
PI4KA,0.78428376
WNK1,0.7842029
ZNF100,0.78419995
SAT2,0.7841766
ATAD2,0.7840613
EGLN1,0.78401494
MRC2,0.78400373
UBE2T,0.7839777
GANAB,0.78389955
LPIN1,0.78388083
NOL9,0.78384405
HECTD3,0.78384143
CDH24,0.78383493
HERC2,0.78379714
GLG1,0.7837169
ITPR2,0.7837083
ETF1,0.78352046
FAM13B,0.78346807
SUPT4H1,0.7834207
SPIRE2,0.7833458
TEX10,0.78317803
DNAJA3,0.78315973
NDUFV3,0.78308105
LAMA4,0.78302574
BAZ1B,0.7829623
NEK9,0.78291136
TRIM25,0.78287923
RRN3,0.7828566
BCAS3,0.782755
PNPLA2,0.7827491
LIG3,0.7826583
FBXW11,0.7826126
ASB1,0.7825853
HSD17B4,0.7825852
KIF21A,0.782546
LIPA,0.7825027
MCM4,0.7824561
HOXB6,0.78245115
GSE1,0.78241
CAMLG,0.7824081
DDOST,0.7823925
SORT1,0.78235364
TM2D1,0.7822698
TATDN2,0.78215677
ASB6,0.78215545
SMCR8,0.78200513
MBOAT2,0.7819436
FERMT2,0.7819152
XPO4,0.7819003
ADAM17,0.7818772
GRPEL2,0.78184617
HSPA4,0.7818452
KCNJ14,0.7818413
IFNGR2,0.7817977
TPST1,0.7817893
GNAL,0.7817881
SWSAP1,0.7817246
GALNT10,0.7816
PSAP,0.7815805
MARVELD3,0.7815625
IFI30,0.7815399
UBE2E3,0.7815298
USP48,0.78150594
GCDH,0.7814423
UBE2I,0.7814349
PHKG2,0.78141624
STRN3,0.78120697
SMARCAD1,0.7810329
GAPDH,0.78102076
TGFBI,0.7809664
NOL6,0.78091955
CSNK1D,0.7808931
ZNF451,0.78087133
RCL1,0.7808484
EEF2,0.78082764
MGRN1,0.78078586
ST6GALNAC4,0.7807809
RPL18A,0.78076226
MCC,0.7807448
OAS2,0.78074473
APAF1,0.7807383
NCAPG2,0.78072083
SEC14L1,0.7806967
ITGB4,0.78065586
DR1,0.780612
KDM6B,0.78045803
EVI5,0.7804278
DBNL,0.7803589
LRRC41,0.78028804
UBR4,0.78025955
PHLDA1,0.7801481
ZNF416,0.7801336
MRPS12,0.78011054
MED24,0.7799781
DCPS,0.77997607
CNOT1,0.7799067
FGD1,0.77982503
UBE2D3,0.779813
MNAT1,0.7797236
HSPA8,0.77962935
GCFC2,0.77962667
DAB2,0.77961504
NAMPT,0.7796028
MED4,0.7795696
TBC1D5,0.77954507
MEPCE,0.7795402
THOP1,0.77949333
TMED5,0.77946323
PPP4C,0.77943367
GFPT1,0.7794334
DIAPH1,0.7793757
NSUN4,0.77936035
FLOT1,0.7793563
POLR2L,0.77932215
PEX10,0.77930486
CENPF,0.77925193
RBM14,0.7792483
RHNO1,0.77919126
ZNF81,0.77916855
EIF4A1,0.7791426
HLA-DPA1,0.77911234
CCR7,0.7791115
UBQLN1,0.77906877
PEF1,0.7790357
PABPC4,0.77894694
PLD1,0.7789418
TRIAP1,0.77893466
CCNA2,0.7789186
ERCC8,0.77890795
TUBD1,0.77885264
POLR3B,0.7788259
GPR89A,0.77878964
GYPC,0.77877676
MCM7,0.77875423
EIF1,0.7785305
PEX1,0.77851593
GSPT1,0.77828884
SGMS1,0.77819264
ALDH18A1,0.77817446
USP12,0.77814066
ARHGEF2,0.7781375
MRPL19,0.7781157
KATNBL1,0.77810264
EXOSC9,0.7780827
MAPKAPK2,0.7780625
TIMM23,0.77804595
HTT,0.7779655
PDRG1,0.7779511
SMYD4,0.7779202
TROAP,0.77789044
HSF1,0.77786875
E2F5,0.7777992
ATF6,0.7777909
FBXL5,0.7777566
FOXP4,0.77765703
POLR3D,0.77761376
KCTD3,0.7776107
WDR3,0.7774814
FAN1,0.77746445
USP7,0.7774242
NDOR1,0.7773824
GART,0.7773372
MORF4L1,0.7773217
ZNF33A,0.77729434
SPTLC1,0.7772044
POLD3,0.7770763
PPP1R9B,0.7770675
EMC9,0.7770434
MLXIP,0.7768865
STXBP3,0.77681905
ADCY1,0.77679324
SNAPC2,0.7767902
GNAI3,0.7767872
EIF2B3,0.77671856
TRAP1,0.77670497
CBLL1,0.7766297
SIN3A,0.77660906
XPO6,0.77659035
INTS2,0.77655756
NOL3,0.77652186
SPIN1,0.7764937
INTS10,0.7764513
ELF2,0.77642816
SKA2,0.7763865
RBBP5,0.776369
TNKS,0.7763677
TSNAX,0.77628773
EXOC6B,0.77626574
VMP1,0.77625793
SRP14,0.7762087
SLC7A11,0.7761202
KCNMA1,0.77603537
HAUS4,0.77595776
ITGA2,0.7759419
KIF22,0.77590996
TBCD,0.77589446
BIN2,0.77582055
HAGH,0.77576524
AGPAT3,0.7757566
PNKP,0.7757135
PHC1,0.7757042
HDAC3,0.7756958
ZNF300,0.77555895
TEAD4,0.7755168
HNRNPA0,0.77550554
UBE4B,0.7754638
PPRC1,0.7754436
NBR1,0.7754304
UNC119,0.7754292
RNF138,0.775395
SAP18,0.7753087
GNAI2,0.7752963
AGO3,0.7752745
NHS,0.77524954
SPTBN1,0.7752424
COL8A1,0.775224
FLII,0.7752111
CREBRF,0.77519524
HEBP1,0.77518445
CHM,0.7751437
SSH2,0.7750304
IPPK,0.77500606
PMP22,0.7749924
LPIN3,0.7749916
COA1,0.7749891
NOL11,0.77494764
MTMR3,0.77491325
ITGA1,0.7748611
HNRNPA1,0.7748456
SCARB1,0.7748449
FBXL20,0.77484417
PPWD1,0.77483165
FLOT2,0.77481145
EPB41L4B,0.77465993
CFL2,0.77465165
PPP6R1,0.774622
HRH1,0.77460957
MEIS1,0.77456176
SF3B4,0.7745261
DRG1,0.7745205
MED15,0.77447474
KPNA3,0.7742509
UROD,0.77424073
TBC1D24,0.77422744
EIF3L,0.77422094
NDUFAF5,0.7741885
RPS18,0.77415377
IP6K2,0.7741278
TICRR,0.77409726
ZDHHC7,0.77404714
SYNRG,0.77396804
SMDT1,0.7739314
UVRAG,0.7739157
SERPING1,0.7739137
ZFPM2,0.77389085
ITGB7,0.7738728
CAMKK2,0.7738677
ADIPOR1,0.77385396
CPNE1,0.77379715
INTS5,0.7737788
DCAF15,0.77370346
BTBD1,0.7736789
MICU2,0.77358985
MBD5,0.7735851
RPS16,0.77356374
CNOT2,0.77353424
HNRNPF,0.77347684
TDP2,0.77343583
POMGNT2,0.7734142
CHERP,0.7733736
MIER1,0.7733306
GRK6,0.77332747
ICAM3,0.773277
NUDC,0.77322525
SMAP1,0.7731872
NDUFS1,0.7731866
KIF23,0.77316225
WDFY3,0.773151
RAB5A,0.77314115
FTL,0.7731196
PTPN4,0.77306676
ACTR3,0.7730142
RNGTT,0.7729743
SNRNP40,0.7729442
RPL10A,0.77290946
SRF,0.77290744
PARP4,0.77290237
HAUS6,0.77286124
UBE2E2,0.77276015
PRKCE,0.7727546
NEU3,0.77271634
KIF3A,0.7727137
PDE7B,0.77270937
TRERF1,0.77269244
THRA,0.7726248
HNRNPD,0.77261084
TRIM44,0.77259314
VAPA,0.77258897
PRPF6,0.77254593
MDN1,0.77251416
RGS12,0.7725048
ITGA6,0.7724845
MRPS18A,0.7724498
CHMP4B,0.77240616
PPP3CC,0.77235407
CASP4,0.7723149
HAUS2,0.77228534
MAST2,0.77227044
HSPB1,0.7722637
ZNF251,0.7722478
EPN2,0.7722364
YTHDF1,0.7721615
FARSB,0.7721558
WIPF2,0.77212745
TANK,0.7721117
SHROOM3,0.772083
OSBP,0.77206
HNRNPA3,0.7720446
RAI1,0.77199733
GNL3L,0.77198094
DDX39B,0.771958
TRPS1,0.77194273
NUP62,0.77192014
NUP88,0.7718865
PUF60,0.7718732
DHX36,0.7718457
MELK,0.7717976
SPATA5,0.77178097
CTSB,0.77173185
ZNF44,0.77171135
LMOD1,0.7716773
NCLN,0.77167124
RPS5,0.77163273
MYO10,0.77161646
GMNN,0.77154213
PDE1A,0.77152914
SREBF2,0.7715275
NSMCE1,0.7714464
WDR43,0.77144194
GSK3A,0.77141416
RAP1B,0.7713349
UTP18,0.7713321
VPS52,0.7712435
FARS2,0.77122676
HNRNPC,0.7712259
TNFAIP8,0.77115667
LUC7L3,0.77112484
ABLIM2,0.7711006
ARHGAP25,0.77103275
DCTN4,0.7710237
POLR3C,0.7710031
WDR18,0.7709864
POM121,0.77084595
S1PR4,0.770697
YIPF4,0.7706874
DENND1A,0.77068096
RPS4X,0.7706434
MRPL49,0.7706039
TTI1,0.7705806
DDX27,0.7705244
CPSF4,0.7705209
PPP1CA,0.7704897
SP1,0.77046967
RFC5,0.77045894
LRIG1,0.7704548
MOB1A,0.77043474
SARNP,0.7704249
SH3BP2,0.7704065
FBXL17,0.7703777
CDIPT,0.77036405
TIPIN,0.770347
GORASP2,0.7703349
SMAD1,0.77027744
MTMR12,0.77026486
IPO8,0.77026445
UBE2Z,0.7702314
NBEAL2,0.770216
SUPT20H,0.7701694
INPP5E,0.770166
SMU1,0.77008647
FXR1,0.77007014
RPL32,0.7700151
NEDD8,0.7699837
VPS26A,0.76997864
DAP3,0.7699667
RALB,0.7699429
FGD4,0.7697892
SUMF1,0.7697728
HPS4,0.7697119
GOLPH3,0.7697035
PSMC1,0.76968545
USP10,0.76967245
RRAGA,0.76962644
ITPR1,0.7696188
TOMM20,0.7695779
GOT2,0.76956546
TULP4,0.76954424
RPL27A,0.76952106
GALC,0.76947945
PPA1,0.76932836
TFCP2,0.76927614
ITGB2,0.7692441
DIAPH3,0.76917416
POLDIP3,0.7690396
FUT8,0.76902974
ADSL,0.76902866
CD55,0.76899046
FBXO17,0.7689895
HECTD1,0.7689414
UBC,0.7689231
NUDCD3,0.768915
CAPZB,0.7688863
MRPL37,0.76887375
TMPO,0.7688618
USP24,0.7688134
TAF1D,0.7688129
PBX2,0.7687727
NCAPD2,0.76875705
CETN2,0.76871496
COL5A1,0.76870704
SERPINH1,0.7686875
FNIP1,0.76867867
MAGI3,0.7686624
TEAD2,0.768655
PRDX6,0.76864564
BCAT1,0.7685765
EXOC6,0.7685606
WASF2,0.7685325
ZFR,0.768507
MAD1L1,0.7684623
LEPR,0.7683418
USP9X,0.76832956
TOB1,0.7682641
ZNF207,0.7682359
HNRNPH3,0.76822525
TECR,0.7681965
MMP11,0.76803845
TXN2,0.76802826
ERGIC3,0.7679932
NSA2,0.76797473
WDR82,0.7679462
NCAPH2,0.7679439
HIPK3,0.7679118
C1R,0.76789993
COPA,0.7678684
S100A11,0.76780605
NECAP2,0.7677831
HCCS,0.7677583
VAV3,0.767756
REV1,0.76769185
NR4A1,0.76754594
POGZ,0.7675273
EIF3D,0.76748466
GAK,0.76746744
TUBA1A,0.76745427
PIP5K1A,0.7674047
PHF12,0.76732916
GNB4,0.7673098
SRRM2,0.76730514
GTF2IRD1,0.7672473
PPP1R12C,0.76723826
NACC1,0.7672208
CTBP2,0.7669878
SRRT,0.7669152
KIFC1,0.7668844
SLC11A2,0.7668798
POLR2K,0.76685256
SLC25A25,0.7668015
SACM1L,0.7667504
ZC3H15,0.76668715
TUBB4B,0.76664543
LRIG2,0.7666398
IL13RA1,0.766598
PAWR,0.7665547
ORAI3,0.7665228
NDUFA10,0.7664616
TRIM11,0.7664552
NR2C2AP,0.76643246
DYNC1H1,0.76639473
INCENP,0.76639444
TUBA4A,0.7663905
ENO3,0.76638705
UBE2G1,0.7663602
NME4,0.76634985
HTATSF1,0.76631206
REEP2,0.7662793
RABGAP1,0.7661031
RFX7,0.7660981
GRSF1,0.7660952
HIVEP3,0.76609266
OPA1,0.7660249
PHYKPL,0.76600486
ITGB5,0.7659924
ARNT2,0.76598513
GRN,0.7659699
GLS,0.7659427
SCD,0.76590437
DYNLT1,0.7658363
TXNDC16,0.7658276
TLN1,0.7657843
SDCCAG8,0.7657401
CDK2AP1,0.76572835
NSMCE2,0.7657119
ZNF430,0.76567096
PIGU,0.76563025
RPS6KB1,0.76561683
PARD3B,0.7655917
PSMD1,0.7655135
ERP29,0.76550573
PCBD2,0.7654889
PHF8,0.7654686
MTHFD1L,0.76544356
MRPL1,0.76534486
SF3B3,0.765342
INTS8,0.7652876
RPS29,0.7652198
UBE2C,0.7652043
KPNB1,0.7651835
SAT1,0.76517475
DGKD,0.7651647
SHMT2,0.7651426
SCMH1,0.76514024
NFX1,0.76511264
INVS,0.7650815
MAN2B1,0.76508075
RALY,0.7650501
SSH1,0.76503146
PLCD3,0.76501846
FMNL2,0.76501316
TRIO,0.76501125
PPM1K,0.7649829
PPIF,0.7649508
DCUN1D5,0.76493263
STAG3,0.76482123
RPL12,0.7647537
PTPRE,0.7647347
CD47,0.76472497
MRPS11,0.7647218
FXR2,0.76469237
NUP188,0.76467687
VASP,0.76465654
MAK16,0.76463574
CRYZ,0.76454854
DENND3,0.764538
HSPA5,0.7645372
GGA2,0.76453024
TPX2,0.7645282
DSG2,0.7645157
RTN3,0.76448774
ITGA11,0.7644262
PPIP5K2,0.7643591
POLR2B,0.76434296
VDAC1,0.76416284
UBXN1,0.76406896
PDE4B,0.76404715
SENP8,0.76404107
IRAK2,0.7640348
LPGAT1,0.7640329
PDE4D,0.7639577
GLI3,0.76383036
NCKAP1,0.76374525
GRK4,0.76361495
SRSF1,0.76360947
LGMN,0.76358986
TSG101,0.76357865
DNM3,0.76357216
DUSP14,0.7635606
RBFOX2,0.76351166
SEMA3A,0.76343167
TFDP1,0.763372
SPCS2,0.7633582
TRIM2,0.763357
PRKAG2,0.76328033
LYPD6,0.7632207
PTMS,0.7631486
SMURF1,0.76314706
AKR1B1,0.7631431
WDR59,0.76313573
TOMM7,0.7631179
SMARCC1,0.7631031
VCP,0.7631009
TNK2,0.7630569
VAMP4,0.76299715
EEF1D,0.76290154
NLK,0.76289827
PLK1,0.7628932
NNT,0.7628228
PSMA7,0.7627666
SLC25A5,0.76274526
PTPRM,0.7626941
TPCN2,0.7626904
PIGL,0.76268345
SBF1,0.7626787
CNTLN,0.7626554
CSGALNACT2,0.76260835
STIM1,0.7626069
SMURF2,0.76258534
TOP2B,0.7625551
NAA20,0.7625436
EEF1G,0.76247084
ST3GAL3,0.762464
GALNT2,0.7624287
TBC1D4,0.7624126
IRF2BP2,0.7624036
NUDT21,0.76238173
FARP1,0.76232576
NCL,0.76231444
OSBPL1A,0.7623094
PTMA,0.7622964
EIF5,0.76219606
GBF1,0.7621542
DHRS4,0.7621326
PRKAA1,0.76206696
PSMB7,0.7620273
ITFG2,0.76200855
XRN2,0.7619955
IPO11,0.76198727
TTLL12,0.76196456
DTNB,0.7619222
PLCB3,0.76192135
RPL3,0.7618548
GNB5,0.7618379
SLC4A2,0.7617455
RPN2,0.7617076
TUBB,0.76160467
SNRPD2,0.7615189
MEGF8,0.76148474
UBA52,0.7614845
YBX3,0.761482
STIP1,0.76147264
CSNK1E,0.76141405
RPS2,0.76129895
FADS2,0.7612874
PHB2,0.7612811
RER1,0.7612398
THY1,0.7612298
GDAP1,0.7612124
WDFY2,0.7611828
NCK1,0.7611211
ZNF768,0.7610443
CEP120,0.76092625
GULP1,0.7608943
HYOU1,0.7608596
PRMT5,0.760851
MYBBP1A,0.7608462
TUBA1C,0.76082426
ST3GAL1,0.76081795
UBAP2L,0.76081556
POLR2A,0.76079065
NET1,0.7607808
SLC26A6,0.7607674
YTHDC1,0.7607556
NEDD4L,0.7607357
OAS3,0.7607279
SAP30BP,0.76067764
DGKE,0.760671
OBSCN,0.7606647
RPS6KA2,0.7606179
INTS7,0.76060987
NPM3,0.7605826
PDE10A,0.7605318
MVD,0.7604431
MCPH1,0.7604327
IL2RG,0.76043004
SH3D19,0.7603968
FARSA,0.7603767
RPS8,0.7603065
HS6ST1,0.76025665
LIMS1,0.76023924
GUSB,0.7602187
IP6K1,0.7602086
TPI1,0.76016307
LINGO1,0.76015574
RPL11,0.7600995
COX10,0.76005787
HLA-F,0.7600522
EIF1B,0.75999504
KIF4A,0.7599887
TMBIM6,0.7599456
EIF2AK1,0.75990546
SENP6,0.75988007
NSMCE4A,0.7598404
RAB14,0.7598311
RPL27,0.7598301
TP53RK,0.75978667
PRDX1,0.75976795
STRIP2,0.7597496
RTN4,0.75971353
MFAP3,0.759707
PAICS,0.759636
ACTA2,0.7596187
TOMM40,0.759582
PSMC3IP,0.7595398
MKKS,0.7594558
AIFM1,0.7594231
SORD,0.7594204
HLA-DPB1,0.75941324
LTBP4,0.75941193
IRF2BPL,0.75932825
RPL13A,0.7593013
MAU2,0.7592863
DYRK2,0.7592645
NLE1,0.7592179
OGT,0.75920826
IL4R,0.7591527
NELFCD,0.7591526
IRF5,0.75910956
RAP1A,0.75909305
CTDSPL,0.7590589
PLEC,0.7590473
NASP,0.7590368
ITM2B,0.75899976
SIAH2,0.7589943
KREMEN1,0.7589894
ATP6V0E2,0.75894547
NFE2L1,0.7589253
EXOC4,0.7589109
PKM,0.7589
OTUD3,0.7588931
LIN54,0.75886273
RPL13,0.7588418
SREBF1,0.75884163
UQCC1,0.75883925
UBE2V2,0.75883126
WBP1,0.75882673
BUB3,0.7587983
MTDH,0.75878066
MGST3,0.7587675
RPS21,0.7587063
PSMB5,0.7586539
BLOC1S5,0.7585812
NHP2,0.75857943
RGS10,0.7585789
LYRM4,0.758558
KDELR1,0.75855035
LMNB2,0.75852937
PEX11B,0.75850123
CHCHD1,0.75848055
HMG20A,0.7584773
PSMA5,0.75843066
CDKL5,0.75842667
PHC3,0.75840545
PDE3A,0.7582978
METTL7A,0.758288
RGS19,0.75824416
KAT5,0.7582374
RPIA,0.75821394
TMEM63A,0.75817424
SERPINE2,0.75814724
TPT1,0.7581464
RPS27A,0.7581311
JMJD1C,0.758037
NLRP1,0.7580105
MARK3,0.75800705
SMCHD1,0.7579507
USP47,0.7579262
HBS1L,0.7578934
SKIL,0.75788605
KDM5B,0.7578662
MRPS27,0.7578437
BLOC1S4,0.75781494
RDX,0.75781274
SERBP1,0.75780267
ENAH,0.75778204
PHF21A,0.7577779
PKN3,0.7577607
LARS2,0.7577507
ZNF516,0.75761694
RNF14,0.7575586
RBM19,0.7575473
PABPC1L,0.757516
HUWE1,0.7575018
UBE2K,0.75747925
UBE3C,0.75746685
NUP107,0.7574147
GPD2,0.757405
RAB5C,0.7573612
DNAJB4,0.7573575
CLNS1A,0.75730085
RPLP0,0.7572465
DMPK,0.7572123
TXNDC12,0.7571524
RPL28,0.7571299
AHCTF1,0.7571193
SPTAN1,0.75711477
GMDS,0.757114
MAN2A1,0.75708747
MTA2,0.7570501
TUBA1B,0.7570356
RPL35A,0.75699484
PTPRJ,0.7569286
TCERG1,0.7569223
CS,0.75689083
RPS27,0.7568756
TNFRSF1A,0.7568611
TAF11,0.7568574
LMBR1L,0.75684196
FAM13A,0.75683856
XAB2,0.75679916
ATP11A,0.7567842
RAB33B,0.75676936
SDC2,0.7567626
SLMAP,0.7567334
MTUS1,0.7566676
YME1L1,0.75666714
ITCH,0.7566015
CD53,0.7565912
LGALS3BP,0.7565709
STK38L,0.7565601
SPAG9,0.75652
CTSH,0.7565175
RNF11,0.7565111
SIK3,0.75645506
STARD4,0.7564507
PTPN12,0.7564442
HLA-E,0.75643635
PRPS2,0.7564246
PTBP2,0.7564178
RAPGEF1,0.7564158
LPCAT1,0.7564115
METAP2,0.7564069
TOP3A,0.7563834
TXNRD1,0.75635344
IGF2R,0.75620246
ZFC3H1,0.756195
CCNB2,0.7561259
HARS2,0.75609076
PFKM,0.755971
ERMAP,0.755947
NIPBL,0.75594294
MAP2K7,0.7558593
SRGN,0.75584406
SCNM1,0.7558132
RRP1B,0.7557892
RPS3A,0.75578845
RMND5A,0.7556528
STT3A,0.7555637
FTH1,0.7555226
TSPAN14,0.7555011
RHOBTB3,0.7554814
ME3,0.75547266
ESRP1,0.75546986
PDXK,0.7554627
MCMBP,0.7553872
ZBTB7B,0.7553818
SH3KBP1,0.7553729
SCAI,0.7553403
FIS1,0.75528765
API5,0.7552734
UGP2,0.7552124
S100PBP,0.7551729
POLG2,0.75516564
UBE2W,0.7551546
RC3H1,0.75504667
TPGS2,0.7548889
MAP4K3,0.75482243
RPS3,0.7547573
UBE2G2,0.7547359
RPL34,0.7547079
SNCA,0.75469255
TPRKB,0.7546797
NOLC1,0.7546682
RPL23,0.7546329
RCC1,0.75458276
CSNK1A1,0.7545487
NDUFAF2,0.7545115
FRZB,0.7544934
RAB8B,0.75443363
BNIP3,0.75441426
CALU,0.75437707
DTX3,0.7543355
RPL19,0.7543088
NDUFS6,0.75430584
ALG13,0.75427246
PPP1R18,0.7542623
MSRB2,0.7542411
LMTK2,0.7542098
SLC25A22,0.7541815
MGAT5,0.7541443
USP32,0.7540857
SEMA3C,0.7540342
BIRC5,0.7539825
POLR3E,0.7539744
MDK,0.75390714
EEF1B2,0.75388145
LNPEP,0.7538263
RPS15A,0.7538146
HMGB1,0.7537503
RPS6,0.7537448
MTMR14,0.7537239
CCAR1,0.75364476
MLST8,0.75363386
RPA1,0.7536255
RPL8,0.7535518
UAP1,0.7535375
RTKN,0.75353014
NUSAP1,0.75352985
NAP1L4,0.7535155
NPDC1,0.75349915
RFX3,0.7534921
PMEPA1,0.7534868
TOR1AIP2,0.75340784
CWC27,0.7533951
LAPTM5,0.753391
EIF6,0.7533781
YBX1,0.7533507
TMOD3,0.7533321
FBXL18,0.7533261
NUMB,0.75322366
SLC39A7,0.75318545
KIF11,0.75305724
PIP5K1C,0.75305635
GOLGA4,0.7529233
SF3A1,0.7528414
NFATC3,0.7528324
IMP4,0.7527942
PRKD2,0.7527514
KHDRBS1,0.75273937
PRICKLE3,0.75271225
PLA2G4A,0.7526988
KLHL42,0.7526552
NOP14,0.75259745
CLIP2,0.75258166
MFHAS1,0.75256896
KDM3B,0.7525636
OAZ2,0.75255483
MBD1,0.7525083
PKD1,0.7524676
GINS4,0.7524398
RPL15,0.7523286
TKT,0.75232357
PPP1CC,0.7522846
CBX4,0.75226355
DNMBP,0.7521887
PARD3,0.75213295
ZNF678,0.752126
MICU1,0.7521229
PCCB,0.7521197
SEC11A,0.7521128
CDK19,0.75208575
SF3A3,0.75207925
PELP1,0.75205594
ARL6,0.75205266
IBA57,0.7520009
HNRNPUL1,0.751803
DIAPH2,0.75177175
ASAP1,0.75174755
SLC39A1,0.75173104
PI4KB,0.7515939
MPDU1,0.75155413
CALM2,0.7515385
MOCOS,0.7515168
UBQLN4,0.7514399
PIP4K2A,0.75141555
DENND4C,0.7513743
TAF4B,0.75131553
THOC1,0.7512757
NSDHL,0.7512412
MYLK,0.7512021
TRIT1,0.7511838
KIF1B,0.7511721
SRPK1,0.7511652
QPRT,0.7511643
LYPLA1,0.75113755
PERP,0.75108534
NFYC,0.7510659
NDEL1,0.7510574
SRSF4,0.7510138
CCT7,0.75086415
ECH1,0.7508428
KIF14,0.7507979
IL1RAP,0.7507765
MBTPS2,0.75073665
LAMB1,0.750727
NDUFB1,0.75072294
LDHB,0.75070477
RND3,0.75068694
PEX2,0.75047964
TNFRSF11B,0.75041187
PELI2,0.75027734
RPS23,0.7502144
VGLL3,0.75020015
SSU72,0.7501851
METTL22,0.75005305
MYCBP,0.7499845
RASSF1,0.74989045
WDR4,0.7498518
PDXDC1,0.7498315
PRKCA,0.7498095
NAA16,0.7497605
RPL29,0.7497015
IRF3,0.7496771
UTP6,0.7496545
TRAFD1,0.74964845
PPP3CB,0.74963933
DLG1,0.74961954
AVL9,0.74956816
HNRNPM,0.7495429
TEAD1,0.7494732
RASAL2,0.74946195
MOB1B,0.74944454
UHMK1,0.7494082
NUFIP2,0.749401
USP49,0.74935484
MPHOSPH6,0.7493175
RAB1A,0.74927866
RGS2,0.74920255
INTU,0.7491485
CPSF3,0.7491324
XPR1,0.7490678
IFI44L,0.7490448
CMTM6,0.7487568
MIS18A,0.7487008
CKAP2L,0.7486908
TACC1,0.74868083
PLOD2,0.7486644
LAMC2,0.7486569
NUP210,0.74863774
SERPINB6,0.7485989
TES,0.7485761
UBE2H,0.748499
VCAN,0.7484777
PDE3B,0.7484551
RRP12,0.74838144
MTMR6,0.7483721
ITGB3BP,0.7483364
PARN,0.7482955
TAOK1,0.7481466
SNX3,0.7481393
TXNL1,0.74813455
PRKCSH,0.7480604
POLR2J3,0.74805915
ATP8B2,0.7480162
RPS9,0.74797684
RSF1,0.7479753
MATR3,0.74796873
MID1IP1,0.74795216
NFIA,0.7478164
VGLL4,0.74780357
HNRNPL,0.7477628
RNF216,0.74771225
PPP1R11,0.7475865
TNS3,0.74741215
USP28,0.7474017
RAP2A,0.7473917
PAFAH1B1,0.747318
MBOAT7,0.7472923
TSN,0.7472025
PSMC3,0.7471328
GCLC,0.74700123
SH3GLB2,0.74699223
UBAP1,0.7469812
GPC1,0.7469554
LIMK1,0.7468866
PTBP1,0.74686575
DISP1,0.74683875
MPRIP,0.7468296
S100A6,0.7468144
LAMC1,0.7467394
MRPS2,0.746728
PDCD6IP,0.74670887
B3GNTL1,0.7466499
ZNF638,0.7465927
FARP2,0.7465151
TMEM97,0.7465135
FCHO2,0.74644035
KPNA4,0.7463266
OSTC,0.7463113
ANO6,0.7461787
PFN1,0.7461767
FBLN5,0.7461613
FOXN3,0.7461536
TEX264,0.7461536
IMPA2,0.7461472
ZMIZ1,0.746023
PITPNM1,0.7459431
DVL3,0.7459425
FBXO22,0.7458901
BMP2K,0.7458376
HLCS,0.74583083
PITPNA,0.74582744
ASB8,0.7458148
PSPC1,0.74580526
INTS3,0.74578625
ZNFX1,0.7457816
WDHD1,0.74572337
SLC25A24,0.74567026
NAP1L1,0.7455984
EIF2D,0.7455965
GNB2,0.74557704
SLC12A8,0.7455373
TACC3,0.74549687
PDCD6,0.745445
LSM12,0.7454322
EPC2,0.74532396
NAPB,0.7452216
KLHDC3,0.74521214
KIF9,0.74519867
PRMT3,0.74519175
THADA,0.74517065
PRPF40A,0.74511427
HPS6,0.74507356
SH3RF1,0.7450674
PACSIN3,0.74500376
CNN2,0.74499124
HNRNPDL,0.7449785
ATP6V0B,0.7449554
UBA2,0.7449481
NUAK1,0.7449233
SLC2A1,0.74491894
KCNMB3,0.74491733
HGSNAT,0.74489427
PTTG1,0.74485135
MZF1,0.74484116
ARIH1,0.7448107
NINL,0.74480265
RACGAP1,0.744736
MYL12B,0.74468285
GNG12,0.7446579
SDSL,0.74464226
WDR33,0.7445878
MTX2,0.7444559
MAFG,0.7444287
RHOG,0.744424
MAT2A,0.74440914
TAOK2,0.7443673
C2orf49,0.7443179
LMAN1,0.74427664
RBP1,0.74419504
NEK8,0.7441863
PGAM1,0.74417025
SWAP70,0.7441152
MAPRE3,0.7440887
VPS54,0.7440466
COPG1,0.7440354
RHOBTB1,0.7440149
ORMDL3,0.744014
LSM3,0.7439972
CNOT11,0.7439608
SLAMF1,0.7439552
POLA1,0.7438719
TLN2,0.74386907
MBNL1,0.7438629
MACF1,0.74384344
RPL7A,0.7438324
KIF20B,0.7438117
RPS19,0.743707
DDX51,0.74370307
ATG9A,0.7436219
ARNTL,0.74361223
HNMT,0.7435404
GOLGA2,0.7435305
BMP1,0.7435159
PUM2,0.74349624
CDYL,0.7433824
ARAP2,0.7433643
RNF168,0.7433163
CDK2,0.7432985
COBLL1,0.7432019
SRSF9,0.74314666
PSMB1,0.7431322
PNN,0.743055
MEMO1,0.7430475
LRRC49,0.74296135
PDS5A,0.7429157
NDE1,0.74291444
WLS,0.74291146
RFC4,0.7428692
H6PD,0.74284965
MIS18BP1,0.7427952
RBBP4,0.74276125
GARNL3,0.7427551
DSP,0.7427535
PPP2R5B,0.74270576
USO1,0.7426962
TICAM1,0.7426138
SRP9,0.74255776
DHX33,0.7424573
TERF2,0.7424132
TRIM41,0.7423292
CTBP1,0.7423079
LSM14B,0.74229485
ZNF496,0.7422731
HSPA9,0.7422194
MTF2,0.74221176
PIK3R4,0.74218935
KIF18B,0.7421494
L3HYPDH,0.74210817
NOMO1,0.7420734
PTDSS1,0.7420383
EIF3J,0.7419752
DDX23,0.7419573
KIF2A,0.74195224
PRR5,0.74194896
MON1A,0.7419001
AP3M1,0.7418892
SENP1,0.74175084
VPS36,0.74174213
GET4,0.7417107
VPS25,0.74165094
SRD5A1,0.74161446
NPAS2,0.74159384
SF3B5,0.74158186
SRPK2,0.7415667
RNF169,0.74155354
MMS19,0.74154544
ZNF124,0.741504
UQCC2,0.741485
CLINT1,0.7414414
HMGN2,0.74142593
SRSF5,0.7414048
BTF3,0.74137557
IFIT5,0.7413583
DIDO1,0.74129
PRDX5,0.7412696
EIF4G1,0.7412016
PARK7,0.74108547
NUDT5,0.7410726
ACTR10,0.7410596
STARD10,0.7409547
ERN1,0.7409283
RNF2,0.74091285
PDE5A,0.7408965
MED29,0.74089277
GTF2F2,0.7408567
GON4L,0.7408514
PPP6R3,0.74083644
PSMA1,0.7408219
NR6A1,0.7408026
RAB11FIP4,0.7407894
NDUFB5,0.74068934
GINS1,0.74061316
ASAP3,0.7405029
ITGAL,0.74047846
SUMF2,0.7404628
EPB41L2,0.7403416
PRR12,0.74033874
PRPF4B,0.7402264
FSCN1,0.74022543
MYL6B,0.7401183
DNAJA1,0.7401125
NUDT16,0.7400783
C1QBP,0.74007523
NAE1,0.7400451
RSL1D1,0.7400284
THOC2,0.7400146
CBR1,0.74001324
SSX2IP,0.739981
SMC6,0.73995924
PHKB,0.73994637
STX6,0.7398825
ZNF398,0.73987657
ATXN7L1,0.7398424
GPN2,0.73980206
CHCHD2,0.73976237
SIVA1,0.7397569
EVC,0.73960286
SLC9A3R1,0.73954153
POLR2D,0.73944044
IFT57,0.7394249
REEP3,0.73934627
TNPO3,0.7393063
NRIP1,0.7393036
TRA2B,0.7391009
MYO1C,0.73908365
PPL,0.73884755
RCOR3,0.738845
MAP3K2,0.73879266
TAMM41,0.7387738
NSUN2,0.73870164
MED22,0.7385641
DECR1,0.73852915
NVL,0.738497
RNPS1,0.7383947
WDR91,0.73838204
IL10RA,0.7383224
SCAP,0.73830867
ANXA7,0.7383047
DUSP6,0.7382914
RPLP2,0.738284
PEX14,0.73828095
NID1,0.7382505
MCM3AP,0.7382246
ZNF19,0.73820716
ELOVL6,0.73816186
PDZD11,0.73810756
CCNG2,0.73803794
MTHFD1,0.73802257
GBA,0.73801917
SPHK2,0.73793036
TYW3,0.73792875
RGP1,0.7378885
MRPL17,0.737868
LONP2,0.73786414
TBC1D10B,0.73771274
SLCO3A1,0.7376477
RAB3GAP2,0.7375469
NDUFA13,0.7375165
NUTF2,0.737442
ING4,0.7373826
POU2F1,0.73737526
LMCD1,0.73733175
CMTR1,0.7373254
CPT1C,0.73725885
ARNTL2,0.73720306
RBM39,0.73717964
PTPN7,0.737081
LAMP2,0.7369732
GPAA1,0.73695004
REXO1,0.7368993
DNAH5,0.7368786
PAGR1,0.7368495
FABP5,0.7368334
SUPT16H,0.736783
KRT5,0.73667496
IMP3,0.7366439
MAP1B,0.73659855
FUBP3,0.73647296
IFI16,0.73643327
FKBP8,0.73638207
RIF1,0.7363217
RHOU,0.7362901
HOXB4,0.7362462
NDUFAF6,0.73613805
GATAD2B,0.7361379
MRPL3,0.73613507
MYO9A,0.736105
CHAF1B,0.73589975
FER,0.7358737
APBB1,0.7358704
FKBP3,0.73579645
PSME4,0.7357766
RAD9A,0.7356954
CENPP,0.73568124
LMNB1,0.73566496
ZMAT2,0.73555595
ARSJ,0.7355145
MAP1S,0.73549736
MRPL11,0.7354875
ATP7A,0.73544353
PANK2,0.7354388
SRP68,0.73535115
FAM220A,0.7353471
NAGLU,0.7353388
IVNS1ABP,0.7353236
NADSYN1,0.73526144
PDLIM5,0.7350585
NRF1,0.73503995
IPO7,0.7350071
PODXL2,0.73494977
ZNF385A,0.7349259
RERE,0.73474675
PAN3,0.73474044
PLOD1,0.73473907
GTF2E2,0.7347313
TRMT11,0.7346162
MED13,0.73455787
WSB1,0.73451966
DHX9,0.7345009
CDK17,0.7344949
OTUD5,0.7344446
PCID2,0.7343576
LMO7,0.73425543
CLSTN1,0.7342508
NMRAL1,0.73417056
YWHAZ,0.7341547
CEP57,0.7341117
TUBB6,0.73401767
UBA6,0.7338732
PCK2,0.7337851
TNRC6B,0.7335168
RB1CC1,0.733282
HDAC5,0.73315984
EPS8L2,0.7331225
PCDH7,0.73301476
RPRD1B,0.73296124
OLA1,0.732956
WWP2,0.73289514
ELOVL5,0.7328708
PIGP,0.7327294
SUN1,0.7327278
MED21,0.73261833
ITGB1,0.73261327
EDC3,0.7325699
SPTLC2,0.7325169
CHKB,0.73249704
GTPBP3,0.73246527
RPL22L1,0.73231715
TRIM37,0.73230106
RPL41,0.73213357
GTF2F1,0.7321305
LIPG,0.7321034
RRAGD,0.7319993
PRKRA,0.73189014
MRFAP1,0.7318901
ZNF101,0.7318717
OXNAD1,0.7318505
UMPS,0.7317914
KDM4B,0.7317377
TRAPPC5,0.7317038
UNC45A,0.73165506
MBD2,0.73163664
MLEC,0.73123163
PLA2R1,0.731187
MYCBP2,0.73116076
XPOT,0.73112243
CAP1,0.73102677
STX10,0.73099524
GTF3C1,0.7309683
PALLD,0.73091733
RINL,0.73084664
GALNT6,0.73078245
KRT10,0.7307358
SOCS5,0.73072207
PPARD,0.730643
DVL1,0.7306368
TNRC6A,0.7305864
SENP3,0.7305484
ORC1,0.7305428
SCFD1,0.73053956
UCK2,0.73043084
RBM7,0.7303045
HYI,0.73026943
SREK1,0.7302605
PEX3,0.7301762
POLI,0.73012936
PFDN5,0.73009974
TIMELESS,0.7300864
MYOF,0.72998405
VCL,0.72998285
ATPAF2,0.72996163
CRTAP,0.7299435
RPS17,0.7298376
PPARGC1B,0.72969836
KHNYN,0.7296513
USP25,0.7296081
RFX5,0.72953176
SCNN1A,0.72944236
SMARCD3,0.72942466
NUP153,0.7293957
SCAF1,0.7293458
PYGL,0.7290496
SCAMP2,0.72895396
MAP1LC3B,0.72884893
VIM,0.72882336
NMT1,0.72877824
PHAX,0.7285499
USP22,0.7285205
LTBR,0.72847646
MDH1,0.72832954
COPB1,0.72829086
MYL6,0.7282627
SUPT3H,0.7282019
HTRA2,0.72808826
LRG1,0.72808474
ESRP2,0.7279921
DPH3,0.7278772
METTL21A,0.72767466
ZNF131,0.7276274
STX12,0.7275836
SRSF11,0.7275803
APOOL,0.7275388
DNAJC15,0.72747856
PLOD3,0.727449
RPL26,0.7274131
KLHL21,0.7272983
PSMA4,0.7272203
ENTPD4,0.7269549
PIGB,0.7269193
ZNF133,0.7268988
GJA1,0.7268965
ZNRF2,0.7268739
PSMF1,0.72685117
PIGK,0.7268063
SPTBN2,0.7267899
CDK14,0.7267498
NBAS,0.72666717
MARK4,0.7266071
SLC12A9,0.7265808
SOS1,0.72656024
CIAO1,0.72654617
NAA35,0.7265061
DBR1,0.72639585
RAB20,0.72639346
AP3S1,0.7263467
MTA3,0.72634155
SENP5,0.7263382
MINK1,0.7261981
RAD23A,0.7261814
KRT19,0.7261244
CTNNBL1,0.7259674
NFYB,0.7258772
IFT140,0.7257625
UTRN,0.72571665
OPHN1,0.7256997
NUBP2,0.7256875
LAS1L,0.72565913
VDAC2,0.7256476
KRIT1,0.7256401
NRBP1,0.72560364
NPNT,0.72559345
TMEM126B,0.7255102
NR1D2,0.72545075
PVR,0.72534937
TRAPPC12,0.7252303
SMS,0.72518206
MSL2,0.7251638
DDX54,0.72515064
PLCE1,0.7250338
RECK,0.7245733
SATB2,0.7245224
EXOSC8,0.72430015
GADD45GIP1,0.7241785
TUBGCP5,0.7240621
SEC11C,0.7240499
SEC13,0.7239977
PYGO2,0.72399735
KLC4,0.72398615
TAF4,0.7239797
VTI1B,0.7239704
RBMX,0.7239701
COX5A,0.72396487
USP46,0.7239171
KIF18A,0.723889
DHX37,0.7238425
USP43,0.723841
DDX42,0.7237708
YIF1A,0.72359216
TGFB1I1,0.7235844
NOM1,0.7235795
ARHGAP10,0.72349167
KIF20A,0.72341543
JUP,0.72328156
VAPB,0.7232459
PLEKHA7,0.7232021
ZNF333,0.7231793
ROCK2,0.72316325
PAFAH1B3,0.72295487
MRPS15,0.7228797
FBXW8,0.7228312
PRPF31,0.72272813
PTK2,0.72270024
CTH,0.7226672
MKNK2,0.7226615
IREB2,0.72263676
NMNAT2,0.722621
MCRS1,0.72261196
TRAPPC9,0.72253686
EXOSC10,0.72238475
GALNT1,0.72232866
EHBP1,0.7223144
NTN1,0.7222875
NEK7,0.7222319
NDUFA3,0.7222176
EIF4G2,0.72218025
ARIH2,0.7221555
MRPL2,0.7221337
NOL8,0.7221091
B3GALNT2,0.7220987
TMEM258,0.72203386
SUGP1,0.7220201
RCC2,0.72201663
LRCH1,0.7219241
PHB,0.72191894
VAT1,0.7217891
PTPRU,0.7217163
NUFIP1,0.7215661
PPARA,0.7215126
TMED7,0.7214947
SENP2,0.7214889
POLR2G,0.7214545
SNRPB,0.7213576
WNT5A,0.72130847
IDH3A,0.72126484
ENSA,0.7211924
MMS22L,0.72112703
LPAR2,0.72107875
CTTN,0.7210132
TNPO2,0.7209006
IVD,0.72089076
RMI1,0.72088146
WDR5,0.7207414
WTIP,0.72068363
PTGFRN,0.720471
UBE2R2,0.7204698
NDUFB10,0.72044826
TOMM34,0.72044134
NR3C1,0.72035646
HMGB2,0.7203168
CSAD,0.72025275
SPICE1,0.72024626
SNRPA,0.72022724
UGDH,0.7201973
PXN,0.71978766
FAM126A,0.719674
GGCX,0.7196675
MOSPD2,0.7194967
SFI1,0.71943337
PGS1,0.7193465
KAT2A,0.71929157
RAB37,0.71925104
KATNB1,0.71922356
ZNF664,0.71905404
PTDSS2,0.71886235
NDUFV1,0.71884906
F2RL1,0.7188081
ASH1L,0.71864355
RAB18,0.71860915
ISG20L2,0.718367
SSB,0.718364
TRAPPC10,0.7182707
TWF1,0.71812785
SEC16A,0.71810544
HK2,0.71806407
NSFL1C,0.7179476
PTPRF,0.71792966
UPF3A,0.7178282
NCEH1,0.7177714
MRPL30,0.7177394
GNAI1,0.7177084
DDX56,0.7176897
HVCN1,0.7176812
ZNF79,0.7176776
PANK4,0.7176319
TMOD1,0.71762747
TBC1D14,0.71762383
CNOT4,0.71756864
PRDX3,0.7175633
MPP6,0.7175631
MARK2,0.7175498
MRPL45,0.71742845
PHF20,0.7173381
RNF34,0.71733665
PPP3CA,0.71721005
PLEKHA2,0.71717465
ITSN2,0.7171551
RAPGEF5,0.71711737
PDPR,0.7168371
RBM34,0.7166509
KIAA2013,0.71664625
MTMR9,0.71660507
LPCAT4,0.7164673
CD300A,0.7163494
KIF1C,0.7162556
TDG,0.71611875
SNRNP200,0.715869
COMMD5,0.7158081
RNF114,0.7157594
HPS1,0.71567005
IRF7,0.715513
ATP1B2,0.71547025
EYA3,0.7154221
UBL4A,0.7153733
THOC5,0.71532583
ARHGAP18,0.71528614
STUB1,0.7152674
EI24,0.7152431
AHCY,0.71515137
SFSWAP,0.71511996
EIF2S3,0.71502143
MBTD1,0.71489704
KCNQ1,0.7147699
RABEP2,0.7147211
KPTN,0.71463144
UGCG,0.71462107
MRPL16,0.7144936
ELMO2,0.7144881
TXNIP,0.71447855
CTPS1,0.7143912
SRGAP2,0.71435475
MRPS30,0.7143274
YTHDF2,0.71432
ARHGEF40,0.7140846
HDLBP,0.71407396
LGR4,0.71391803
PDLIM7,0.7138903
SNRPD1,0.7138827
PTK2B,0.7138789
DNAJA2,0.71385384
WASL,0.7137691
DHDDS,0.71374345
GMEB1,0.7135166
NDUFA12,0.713438
UBE2O,0.7134374
MCU,0.7133068
LRRC8D,0.71321654
GADD45G,0.71315217
IFNAR2,0.71298015
TAF7,0.7128458
MTMR2,0.71271336
AZIN1,0.7126128
PLP2,0.71250504
REXO4,0.7124629
CDC7,0.7124626
SLC44A2,0.71233493
TSPAN33,0.7123069
GPR161,0.71228176
NEDD9,0.71211535
RNF220,0.71207327
ITGA3,0.7120535
LONRF1,0.71193093
CDCA7,0.71187294
SRPRB,0.71175945
STX2,0.7116543
SLC1A3,0.71165127
SRSF7,0.71164256
HS2ST1,0.71148664
NAPA,0.711479
RAB1B,0.7109187
NDUFA1,0.7105425
TTC37,0.710336
YRDC,0.71033245
KNTC1,0.71032846
FAM120B,0.7102812
POGLUT1,0.7100012
ANO7,0.70998466
RAB30,0.7099462
NUDT12,0.7098179
RBX1,0.70957077
ATN1,0.70951545
LRP1,0.7095143
MYBL2,0.70932865
PNRC2,0.709271
HSPG2,0.7090624
PQBP1,0.7090442
BAIAP2,0.70893186
LIMD1,0.7087576
MASTL,0.7086086
MAPKAPK5,0.7086007
SEZ6L2,0.70855355
MKRN1,0.7083884
PGM1,0.7083123
RORA,0.70828027
YWHAG,0.7082537
L3MBTL2,0.7081059
RBBP8,0.7080376
INO80C,0.70781475
CKAP4,0.70779794
RGS1,0.70775497
LPCAT3,0.70769733
WDR61,0.70765465
LAT2,0.707507
PRPF39,0.7074896
CHMP4A,0.7073795
OSTM1,0.7072113
RRP9,0.7072106
EHMT1,0.7069247
PIGF,0.70689034
TMED3,0.7067013
MECR,0.7066959
GNL3,0.70658034
MED20,0.7064932
GTF2A1,0.7064443
RAB27A,0.706301
FBXO8,0.70603985
NUP50,0.7059756
RIMKLB,0.70597345
TTBK2,0.70593363
TUBGCP6,0.7058949
LPIN2,0.7058718
FAM3C,0.70555556
DNAJC8,0.7055484
TYW1,0.70551413
NEK1,0.7052682
GSTM2,0.7052422
HEXA,0.7051901
CDK16,0.70512456
KCMF1,0.70504344
LSP1,0.7047423
PSMD4,0.70469135
LLGL1,0.7045569
PYCR2,0.7045516
CAPN7,0.70429265
USP19,0.70421964
CABIN1,0.70408475
SUGT1,0.7040398
RHOBTB2,0.7039426
ENTPD6,0.7039218
APBB2,0.7039042
TADA2A,0.70388705
GSTM4,0.70386034
PILRA,0.7038301
NAGPA,0.703679
FUCA2,0.7034988
RPAP3,0.7032611
RYK,0.7029885
TBX19,0.70294696
RTF1,0.7028187
TRIM3,0.70277053
PLD3,0.70259494
RABEPK,0.7023323
FBXO30,0.7021818
CWC22,0.7020786
TIMMDC1,0.702054
CLIC2,0.7018698
CNDP2,0.7018163
CCT2,0.7017337
PDHB,0.7017292
UQCRC1,0.7014891
RALGAPA2,0.70141894
SMG6,0.7011786
MRPS16,0.70088017
METTL4,0.7008762
IQGAP2,0.7007491
SEC24D,0.7006292
LTBP1,0.70059896
DYNC2H1,0.70043933
SWI5,0.70043373
MPHOSPH10,0.7000069
SCFD2,0.6999641
SLC16A3,0.6999228
MSL3,0.69985443
SECISBP2,0.69975764
NOP58,0.6996726
PARVB,0.6995132
PREX1,0.6993494
GNG11,0.6992503
ITGB1BP1,0.6991355
ALG8,0.6990448
PTAFR,0.69898385
TMEM11,0.6988843
MRPL34,0.69885
NUBP1,0.6988485
MADD,0.6987872
LIG4,0.6987412
USP35,0.69840664
GGCT,0.6982988
TTF2,0.6982981
ORC5,0.6979572
SKIV2L,0.6977961
HIGD1A,0.6977942
NELFE,0.6977804
MATK,0.69773674
HMGXB4,0.6976526
KIF27,0.69757724
NDUFB8,0.69726694
COL4A6,0.69709754
OAT,0.6970033
C2CD3,0.6967668
MYH10,0.69675237
MAP4K2,0.69672275
FDXR,0.6966854
GTPBP1,0.69667023
NUCB1,0.69659084
SRSF6,0.6965505
RAB6B,0.6963902
NPLOC4,0.6962866
CHUK,0.6961742
PPP2R5D,0.6961726
MXRA8,0.69602567
NPC1,0.69596153
LEMD3,0.6959422
PREB,0.69582444
NDUFB4,0.69579786
LSAMP,0.69574785
ISCA2,0.69556963
TBC1D17,0.6955645
GPSM2,0.69550997
PLEKHM2,0.6953312
SGSM3,0.69531393
MPND,0.6952634
ORC3,0.695249
FEZ1,0.6952328
UQCRH,0.6951132
DERA,0.6950056
RALBP1,0.69499946
TRIM26,0.6949034
YIPF2,0.6947349
LYPD3,0.69458956
SMC4,0.694551
ZNF473,0.6945465
PRKAG1,0.69451994
MTR,0.69437885
REEP5,0.69434273
MX2,0.6943096
IFT46,0.69428307
MRPL54,0.6940609
SPIRE1,0.69395435
NUP205,0.69393754
KIDINS220,0.6938283
RFC2,0.6936104
PPIL1,0.6935061
B4GALT3,0.6933914
LSS,0.69320065
RRP7A,0.693145
SMARCC2,0.69303405
PSMB6,0.69270784
RAB4A,0.6926524
PCYT2,0.6925984
RPP30,0.6924849
DNM1,0.6923027
SOAT1,0.6921628
PRPS1,0.6921241
SLC1A5,0.6918158
UBE4A,0.6915271
NUP155,0.6914826
PUS7,0.6914633
HSD17B7,0.6914019
GTF2H3,0.6912815
CEPT1,0.6911723
CENPK,0.6909844
TTC5,0.6909182
PAXIP1,0.6905814
ESYT1,0.6904603
TSEN54,0.6904101
BMS1,0.6902123
ST13,0.6900912
MAN2C1,0.6899342
SASS6,0.6898223
MCM5,0.6898073
MRPL20,0.68979037
MCM3,0.6895777
RHBDD1,0.6895735
PBX3,0.68923736
DBF4,0.6892142
CD9,0.6892131
MZT2B,0.6890159
FKBP1A,0.68896633
SKA3,0.6889105
ZKSCAN7,0.688799
PPIB,0.6887573
NDC1,0.68872935
RPS6KA5,0.6886981
GAA,0.6886619
SNX5,0.6886532
POFUT1,0.6883238
SLC7A5,0.6880877
MRPS9,0.68780977
PRDX2,0.6877364
PTPRA,0.68767977
TERF1,0.6876742
CKAP5,0.68758136
MLYCD,0.68755394
INO80D,0.6875054
LGALS8,0.6874138
SEPHS2,0.6874076
RALGAPB,0.6873462
LSM4,0.6873241
NAPEPLD,0.687307
WRNIP1,0.6872478
SKP1,0.68720615
MFN2,0.6872043
GNPAT,0.68710744
MGLL,0.6867392
ST3GAL2,0.6866506
NDUFV2,0.68658096
MS4A4A,0.68652165
IQCE,0.6863762
DNTTIP2,0.6862906
OSBP2,0.6862487
RHOQ,0.6859493
UBE2L6,0.6859152
MAP4K1,0.6855988
SAFB2,0.68541706
RHPN2,0.68541354
GK,0.6853763
NRBF2,0.6853645
RNMT,0.6852194
SMUG1,0.6851797
TAF5,0.68507034
MXD1,0.68503165
HOMER2,0.68502355
SUV39H2,0.6847581
ZNF708,0.68472964
TRPC4AP,0.68460816
STX8,0.68407875
HADHA,0.68401253
CBR4,0.6838223
ODC1,0.6837199
KIF26B,0.6835015
NOSIP,0.6834439
MPP5,0.6832369
PEX19,0.6830749
PISD,0.682846
USF2,0.68277425
PSMG2,0.68277204
GALNT3,0.68271035
KCNAB2,0.6826732
MDC1,0.68241006
RANBP9,0.68228096
RPL38,0.6821968
HSD17B12,0.6820944
ARF3,0.68201315
DOCK11,0.68189025
RBBP9,0.68186724
MYO15A,0.6815033
RAB9A,0.6814979
PPP1R16B,0.6814297
RPS7,0.6813581
ELK1,0.68132573
HLA-DMB,0.6811349
PICK1,0.68104476
EMC2,0.6809061
HSCB,0.6808889
MAP3K5,0.68085986
STT3B,0.68071383
TAF1A,0.6806891
TLR7,0.68061155
POMGNT1,0.6805552
USP3,0.6804717
TNPO1,0.6804153
PEA15,0.6804088
SH2B2,0.680379
NIPA2,0.6803725
POLR3G,0.68033963
ARSB,0.68025005
RPL21,0.68024325
DTX3L,0.67999274
POLA2,0.6799093
DDX58,0.679885
SEMA4A,0.6797595
PCCA,0.6797335
PNPLA4,0.6796724
ENTPD5,0.6795702
D2HGDH,0.67954195
STARD3,0.67932117
SLK,0.67921686
NHEJ1,0.6792053
KDELR3,0.6791709
HERC1,0.67910457
FECH,0.679024
SYNE1,0.6788637
NPC2,0.678769
SMPD4,0.678718
URM1,0.6785507
MAML1,0.67848766
ARPC1B,0.6783579
TAPBP,0.6783508
PARD6G,0.6782397
SSBP4,0.67811674
SUPT5H,0.6778328
NAA40,0.6778165
SEC24C,0.67777044
XRCC5,0.677424
MYO5B,0.6772886
MZT1,0.67724663
UBE3A,0.67706496
PLAA,0.676941
NOC2L,0.67658114
SNRPA1,0.6765664
MFAP1,0.6763433
GPANK1,0.6762275
FAM20A,0.6761722
ATOX1,0.6761599
FKBP4,0.67610383
MPC1,0.6760514
CCNT1,0.675902
CAPRIN1,0.67588305
TEP1,0.6756133
IMMT,0.6755418
PJA2,0.67547905
TDRD7,0.6754307
HK1,0.6752932
PPP4R1,0.6751997
FGF11,0.6751135
PLCL1,0.67479837
IPMK,0.67477137
HEG1,0.6745797
RAB11FIP5,0.67453855
RAB5B,0.6745172
NT5E,0.6745122
CIB1,0.67446405
NPHP3,0.67434585
MAP3K4,0.674158
GPR153,0.67414045
GPSM3,0.67401725
INSIG1,0.6739026
HEXIM1,0.6738182
GDF15,0.6736631
FAU,0.6735371
KIF13A,0.6734104
GOLGB1,0.6733339
LEPROT,0.67328733
KTI12,0.67306226
GTF3C4,0.67297834
TIMM17B,0.67286897
LAMC3,0.6728685
PGM2,0.67273587
SKAP2,0.6727276
ALPL,0.6726433
NRL,0.67262167
AHCYL2,0.6723649
IFT122,0.6723113
PHKA1,0.67226815
NPRL3,0.67220956
POP7,0.67211
KLHL22,0.67203265
PNISR,0.67191607
PHKA2,0.67187876
NME6,0.6717831
CHN2,0.67173165
PRPF40B,0.6716983
STX5,0.6716045
NCBP2,0.67152995
ZNF680,0.67141664
MRPL38,0.67135614
TNFRSF1B,0.67134506
AP1S3,0.6711251
IFT88,0.67107344
PPIG,0.6710004
TIMP2,0.67083794
E2F6,0.67082226
TRIP6,0.67035335
PAPSS2,0.67027724
MTMR1,0.67022204
ARSG,0.6700949
ZKSCAN8,0.6699328
CUL4B,0.6697124
HMMR,0.66969055
RPL7,0.66958165
PANK1,0.66957355
TARS2,0.66952246
RPL31,0.6694899
NAA60,0.6694858
MRPL40,0.66941273
GADD45A,0.6693902
DLG4,0.6692588
UBR1,0.6692548
IMPDH1,0.66910464
PEX13,0.66909856
MCF2L,0.66905123
KLC2,0.6689397
ZNF462,0.6689316
MRPL41,0.6689195
PITX1,0.6687091
PA2G4,0.66851723
UCP2,0.6684921
RIOK3,0.6684515
POLR3GL,0.6683665
JMJD6,0.6683352
PSAT1,0.6683326
HLA-DOA,0.6683103
IGBP1,0.6682179
RARS2,0.6682105
SNIP1,0.66812915
SRGAP1,0.6679562
TGOLN2,0.6679518
OXCT1,0.66788983
RUVBL1,0.6677078
MRPL48,0.6676579
TRPV2,0.66764843
TAB3,0.66764086
IMPDH2,0.6676332
ENPP1,0.66762906
CSGALNACT1,0.6675487
QDPR,0.66725653
TBC1D10C,0.6671692
RAB38,0.66715497
PDE12,0.6671279
RBM28,0.6670502
ZNF774,0.6666052
MPP7,0.66614944
MRPS22,0.66603476
WHAMM,0.666002
CEP290,0.6659212
NUS1,0.66586816
NMD3,0.66583383
PACSIN2,0.665825
PSMA2,0.6657616
MOV10,0.6657459
RHOT2,0.6656557
MSMO1,0.66563785
NFRKB,0.6654406
SPARC,0.66534775
BUD13,0.6652606
F2R,0.66524935
MDFIC,0.6651781
SSBP2,0.66497916
RAB31,0.66496044
TGFB3,0.66491896
PDGFC,0.66470546
AMDHD2,0.6644048
BNIP1,0.66436917
NSUN6,0.6643656
TTC27,0.664282
MEX3C,0.66408366
ASGR1,0.6639627
STX18,0.66394955
CD40,0.66394335
DCAF4,0.66378725
TRIM28,0.6636288
ABCE1,0.6635786
KDELR2,0.6634264
EIF3H,0.6633339
FBXO21,0.663328
UBE3D,0.66329026
TMED2,0.663108
USP42,0.6630783
ZNF202,0.6630197
KHDRBS3,0.66298705
PLEKHG2,0.66294605
NUP160,0.66292
ARRB2,0.66282445
MPP2,0.66270244
PPP2CB,0.66265416
PGD,0.66261154
APRT,0.662599
WDR6,0.6625496
NAT10,0.6624817
DHRS1,0.6624368
PTGES3,0.6622504
FZD4,0.66220224
TBC1D13,0.66204834
IFT52,0.66203123
FMN1,0.6618865
STAU1,0.66186565
SIRT1,0.66185725
RBM8A,0.661799
DDHD2,0.6617868
PAK1IP1,0.6617201
NDUFS3,0.6613186
TAF12,0.6612584
P2RY11,0.6612024
HMOX1,0.66117233
TP53BP2,0.6610853
RFC1,0.6608187
PPOX,0.6607719
TESK1,0.6606229
ZNF12,0.6606056
RPL37,0.6604718
FKBP15,0.66038084
VPS26B,0.66030514
RAB8A,0.6602365
SYMPK,0.6601606
TMEM67,0.66007555
SPINT1,0.6599842
MED23,0.65994686
TUBGCP2,0.65978944
KCTD1,0.6597764
RHOJ,0.6597309
PLXNA2,0.6595944
RIPK1,0.6593358
CAPN1,0.65932965
GLYCTK,0.6591542
MRPL10,0.65912235
SMAD6,0.659103
MANF,0.6588772
STK24,0.6585611
NUDT9,0.65847856
LRSAM1,0.6583863
ZFYVE27,0.6582351
ERAL1,0.658158
WDR70,0.658152
ECD,0.65811545
ARL4C,0.65809715
PKN1,0.6580585
CTTNBP2NL,0.6579567
MRPL33,0.6578504
PYGB,0.6578237
CHKA,0.6577853
PAPOLA,0.65760905
ELP6,0.6573978
SNTB2,0.65733206
NFIL3,0.6571247
FBXO25,0.6568676
MBD3,0.6568301
HMBS,0.6567012
BRD9,0.65667796
TRIM35,0.656666
OPTN,0.6566614
PFN2,0.6565328
MCM8,0.65641695
RAN,0.6563506
SNAP29,0.656182
STX17,0.6560119
UQCR10,0.655856
BUB1,0.65581006
CARF,0.65579116
PLXND1,0.65565205
PABPN1,0.65544593
ENO2,0.6554025
HSPA1A,0.6553255
NCAPD3,0.65490973
RPRD1A,0.6548921
GALNT7,0.654535
TSR1,0.6544887
CLEC3B,0.6542298
ECI2,0.65383106
SEC23B,0.6537904
VRK1,0.6534827
RPAP2,0.6533411
FHL1,0.65331167
MRPS5,0.6529425
TRIM38,0.6528978
TRAM1,0.6528499
RANBP3,0.6527337
KIF13B,0.6526636
PDP1,0.6523022
ZYX,0.6522376
NFS1,0.65208966
PRMT7,0.6520178
MRPL51,0.6516488
SLC35A2,0.6516182
SARM1,0.65153015
TBC1D16,0.65142137
PSMC5,0.6509345
PCYT1A,0.65068024
PDK4,0.65043753
ATG13,0.6504352
MYL12A,0.6504275
TMC6,0.65034294
HSBP1,0.65002906
TRIP10,0.64979815
SYNJ2,0.64956665
PLRG1,0.64932275
PPM1A,0.6491129
GOLGA1,0.6487926
SLC7A6,0.6486025
UBE2Q2,0.64858645
PIAS4,0.64848727
PKN2,0.6484735
STARD13,0.648364
TTC21B,0.6482464
XYLT2,0.64811575
ZNHIT6,0.64811486
RPS11,0.6480224
MFSD12,0.6479649
MSRB3,0.64791197
LMO4,0.6478847
MRTO4,0.647759
DIABLO,0.64770496
POLR2C,0.6475291
RPL24,0.64739084
STC2,0.6472818
RANBP10,0.64723516
PACS2,0.64688253
TNKS1BP1,0.6468811
HADHB,0.6468204
GLCE,0.6467404
SCO1,0.6466956
PIK3C2A,0.64645916
TNFSF10,0.6464203
SRI,0.6463966
IFNLR1,0.6462848
MFF,0.64617234
NEIL3,0.64612687
PIGQ,0.64611775
SLC35B1,0.646038
APLP2,0.64591265
PSEN1,0.6458442
DNAL1,0.6458215
CDCA2,0.64568526
CDC42BPB,0.64558387
MGAT4B,0.6454838
TRAPPC11,0.64533037
TUBB2A,0.6452375
STRADA,0.6451631
NR1H2,0.6451021
TP53INP1,0.6450439
RBMX2,0.6449677
MAN1B1,0.6447873
SIN3B,0.6446424
YWHAQ,0.6446002
CD200,0.6445824
MAP3K3,0.644531
PSMD10,0.6443772
RCOR1,0.6443754
IFIH1,0.64433634
SV2A,0.6442529
TCP1,0.64422655
TRIM69,0.64413136
POLD2,0.64404047
PAPSS1,0.64372635
RALGPS2,0.64354247
BAG5,0.6432913
PNO1,0.64328414
MSL1,0.6432669
ASNS,0.64323616
HSPA1B,0.6430367
OIP5,0.64298517
SNW1,0.6429312
PPP1R15A,0.64291435
POLR2H,0.642881
MMP15,0.6426511
RNF24,0.64258444
SEC31B,0.6423836
TPK1,0.64221567
HM13,0.64218456
SH3PXD2B,0.64213943
RDH10,0.6420846
ROR1,0.6420833
P4HA1,0.64197624
GYG1,0.64190537
PCNT,0.64168596
SPPL3,0.64159054
ZNF593,0.64129233
MYADM,0.64127713
HAT1,0.641241
PKIA,0.64117235
DOCK6,0.64116704
PLXNB2,0.6410423
RPS12,0.6408523
CSNK1G3,0.6401818
ARAP1,0.6400929
CENPL,0.6399301
SDCBP,0.63978845
NDUFS2,0.6397099
ITPR3,0.6395288
BCCIP,0.63944674
SEC22C,0.6391922
SH3GLB1,0.63907194
SPIDR,0.63904077
SPTLC3,0.6389204
RAB11FIP1,0.63886994
MSX1,0.63884586
IQSEC1,0.63842016
DBI,0.63779354
VPS33A,0.637757
UBXN7,0.6376307
RNPC3,0.6375772
PPP1R10,0.6375234
TFB2M,0.6374015
LTN1,0.6373959
CALCOCO1,0.6372924
PRKAB1,0.63706124
GNPTG,0.63693726
HMGCS1,0.63691854
HNRNPUL2,0.63666815
FLRT2,0.6366313
SATB1,0.63648057
KIF7,0.63644636
LTBP3,0.6363555
STEAP3,0.6362371
PFKP,0.6361055
TIMM21,0.63602805
SEC22A,0.6358361
AIMP2,0.63582486
UNC119B,0.6355842
SPTSSA,0.6355688
NDRG3,0.6354607
SCP2,0.63535863
RAPGEF6,0.6351331
NAB1,0.6350006
XPO5,0.63460225
ATL1,0.6343955
RGL2,0.6342672
THOC6,0.6342425
RING1,0.63421506
FCHO1,0.6341618
MCM2,0.6337518
PSMC6,0.63374186
STK25,0.63359714
METAP1,0.63359386
PPP2R1B,0.6335099
YWHAB,0.6333336
ZNF714,0.6331023
SAFB,0.63308966
PAIP1,0.63296694
KCTD15,0.63289815
NLN,0.6328755
REPS1,0.6328336
POLR2I,0.63274103
SEC61A1,0.63271606
RAB10,0.63262135
MED6,0.63244903
NDRG2,0.63239485
KDM8,0.6322295
LRRC47,0.63217247
LARP4,0.6321454
NIF3L1,0.6320705
NXF1,0.6320038
PSMB4,0.631926
GGT7,0.631829
SNF8,0.63175654
OXTR,0.63174623
GORAB,0.63165665
PIGT,0.631628
YKT6,0.6315885
YEATS2,0.63149834
FDPS,0.6314381
SLC39A4,0.6314091
KLHL20,0.63120675
PRPF4,0.63108295
PARVA,0.63100445
IMPA1,0.6309689
CD63,0.63081414
SLAIN2,0.6307238
OCLN,0.6306306
ZBTB8OS,0.6305593
GOSR1,0.63053066
PAFAH2,0.630413
BACE2,0.63040817
NAA15,0.6303168
COG5,0.6301904
SNAP23,0.63015676
PLXNA1,0.6299668
MOCS2,0.6299054
NEK6,0.6297612
ACTR8,0.6296904
TBK1,0.6295896
RPGRIP1L,0.6294847
MALSU1,0.6294168
CD27,0.62931406
FLNC,0.629114
SAMM50,0.6284783
NR4A2,0.62838894
PCDH1,0.62837255
NMT2,0.62791973
RRAGB,0.6278698
EVI2A,0.62771046
PDE8B,0.62768567
PELI1,0.6273014
PTP4A3,0.6270935
EIF2AK3,0.6269787
RTCA,0.6268531
ANK3,0.6267751
PYCR1,0.62675947
LAMB3,0.6264953
KLHL3,0.6264748
PIGC,0.6263248
LIN9,0.62611586
DDX11,0.62610924
PDLIM1,0.6260929
MTIF3,0.6260162
BIN1,0.6259395
MEIS2,0.62582767
LIN7C,0.6257458
TBC1D2,0.6256866
PTGES2,0.6256019
TRAF4,0.62535083
RGS5,0.62531286
DCK,0.62518865
CHMP2B,0.6251548
ZNF587,0.62502795
LXN,0.62500584
PLCB4,0.6247347
ADI1,0.62446463
PUS1,0.6237852
RABGEF1,0.6236648
SLAMF7,0.6233827
MRPS34,0.6231301
SPSB3,0.6231147
TNKS2,0.62292266
RRM1,0.6227897
DHX32,0.62267303
MRPL18,0.62265664
TOR4A,0.6226102
RXRB,0.6224475
SNRPE,0.6224161
NOL10,0.6223829
NCOA6,0.62236553
ANAPC1,0.6222177
NGDN,0.62196577
USP15,0.6215754
CADM1,0.6215626
TTK,0.62142825
MAP3K10,0.6213038
ATG4B,0.6212696
GPS1,0.62125146
E2F7,0.62114096
SMC2,0.62112534
SMG5,0.621065
STX16,0.62106234
PURB,0.6207882
TRIM14,0.62045854
TPM1,0.6203861
RPL23A,0.62004894
MGST1,0.62003744
HSD17B8,0.61995184
ARPC4,0.61987865
ALKBH8,0.61978567
MED25,0.6197277
PPAT,0.61951786
SUN2,0.61949646
NFIX,0.6194135
CENPT,0.6191136
NAGA,0.6189926
TRIM21,0.6189203
RUFY1,0.6188554
NCAPG,0.61860764
TACO1,0.6184824
PAK6,0.6184268
NUBPL,0.61833316
NDUFS4,0.61794806
MBTPS1,0.61783904
SHISA5,0.61738896
INTS4,0.6172261
PDE4A,0.6171976
CBY1,0.6171761
PSME2,0.6170868
LDB2,0.6170715
USP37,0.6170592
AMMECR1,0.6170243
KIF3C,0.616995
WSB2,0.6169754
NDUFAF1,0.61697423
IFT80,0.6168681
THAP11,0.6168681
NUP43,0.6167529
EARS2,0.6163061
FANCB,0.61614174
PANX1,0.6158589
RNASET2,0.61583084
LYPLA2,0.6158264
MRPL21,0.615733
BLCAP,0.6154373
WDR26,0.61532944
CACNB3,0.61519045
UBE2Q1,0.6148244
SERPINF1,0.6147609
RUFY3,0.6144054
MAP4K5,0.6143761
ZBTB33,0.6143234
ACOT7,0.61425
TRAIP,0.61424035
SYDE2,0.6138621
LSM2,0.6138021
ELAC2,0.6137307
TMED10,0.6134005
MAP9,0.61327255
CERS6,0.6132135
RNF144A,0.6130049
RAB3IP,0.612992
CSTF1,0.6127894
NLGN2,0.6126283
ZNF710,0.61250985
SBF2,0.61231905
ZWINT,0.61216146
JDP2,0.61202276
PANK3,0.6120186
RSU1,0.6119534
GSTZ1,0.61144507
TGM2,0.61140513
PPFIBP2,0.6113374
TM7SF2,0.61130816
DOCK8,0.61109406
DDX31,0.6110511
RPS6KA1,0.611003
SPATA2,0.6107841
HOXA1,0.61068356
NUP133,0.6106017
ATG4A,0.6105308
STOM,0.61052424
NME2,0.61033607
TOMM40L,0.6102882
PPP6R2,0.6098135
CNIH3,0.6097083
WDR1,0.609472
LYAR,0.6092467
PPP2R5C,0.6091679
CCDC59,0.6091506
VAMP8,0.60911214
PPP2R5E,0.6091082
SYNGR2,0.609018
CYP2U1,0.6089975
SCAMP1,0.60897803
PES1,0.60890573
RPSA,0.6088305
RHOB,0.60836214
PTPMT1,0.6083381
TCIRG1,0.6081409
FAM110A,0.608109
PPP1R13L,0.607612
UST,0.60749096
TRAPPC8,0.6072844
HOXD3,0.6068513
JUNB,0.60667974
TSPYL2,0.6065506
MED16,0.606351
TIAL1,0.60630447
CCNT2,0.6062908
ZDHHC9,0.6062583
TUBGCP3,0.6061857
PRR5L,0.6061563
RBPMS2,0.60580087
UQCRC2,0.6057955
PFKFB3,0.6057284
KHK,0.6052798
TSPAN5,0.6050959
HAUS5,0.60499686
SOX4,0.6047876
FBXO32,0.6044545
EEA1,0.6040706
SCCPDH,0.6037835
PRKAB2,0.60377944
PDLIM4,0.60364676
ZNF76,0.6035715
PANX2,0.6035517
EIF3B,0.6032819
SLC35B2,0.6027118
ISYNA1,0.6024395
SNRNP70,0.60218126
KPNA5,0.6021279
TRAF3IP2,0.60196877
GBP2,0.6018366
RAD54B,0.6016786
CDR2L,0.6015678
MRPL39,0.6014645
NDUFB9,0.6014378
SLC6A9,0.6014298
SLC19A1,0.6013023
NANS,0.60122573
IL2RB,0.60108495
UQCRB,0.60071534
SSR4,0.60065687
PIGS,0.6003047
NCOA7,0.60024315
CLDN7,0.6001593
SDF2,0.6000746
PLS1,0.60007185
KIF3B,0.599638
XPO7,0.5994841
PFKFB4,0.5994338
NRP1,0.59928536
LAMA3,0.5991651
RNF152,0.5990718
PTCD3,0.5990691
TMEM147,0.5989146
NME3,0.5987743
RAPH1,0.59874195
SETX,0.5984942
PDPN,0.5983343
ACOT8,0.59822947
ZNF318,0.59772646
NECAB3,0.5975898
HYLS1,0.59758353
DHX58,0.59729755
SERGEF,0.5970886
PKP3,0.59662795
PRNP,0.59655386
NPTN,0.5964883
IL17RD,0.59643924
SNX2,0.59631
MICA,0.5961397
EXPH5,0.5961339
COQ10A,0.5959556
USP11,0.5957295
NR2C1,0.5956725
RNF111,0.5953235
GBP1,0.59467256
PCGF5,0.59417546
RNF40,0.5939599
MANBA,0.5939056
ZNF431,0.59381974
LRP12,0.5936139
CARD10,0.59346724
RAB2A,0.5931286
PSMG3,0.5929781
FNIP2,0.5929473
TOLLIP,0.5927605
PRKX,0.592741
GMPPB,0.5925422
ZNF219,0.5924464
ANKFY1,0.5919304
PDCD7,0.5918679
NOC3L,0.59160554
TRAF3IP1,0.59135365
DCTN3,0.5910383
MAPK11,0.59086835
TRPC1,0.590654
SYVN1,0.59042853
ZNF808,0.59030646
MTF1,0.59000146
PAM16,0.5898836
PRMT1,0.58971524
SRCAP,0.5895418
OPN3,0.5894152
TCF7L1,0.588833
RNF19B,0.58880574
CENPB,0.58875847
IFT20,0.58869666
KIF17,0.5886866
TUBG1,0.58822715
PKP4,0.58803743
ASB13,0.5880177
ZNF700,0.5879715
PSMB8,0.58780885
RTCB,0.5877679
VPS39,0.5875054
SCLY,0.5870064
SNRNP27,0.5869725
CLPB,0.58686656
SLC35E3,0.58676547
HPS3,0.58675057
POFUT2,0.58665276
LCLAT1,0.5859097
PRMT6,0.58585334
RNH1,0.58583766
HADH,0.58569413
RWDD3,0.585416
TRNAU1AP,0.5853747
COPS7A,0.5853052
UXS1,0.5852808
HSPB8,0.58525735
SOD1,0.58505416
GINS3,0.58470654
MRPL35,0.5846726
NCBP1,0.58452696
PSMD7,0.5844687
RPA2,0.58408254
UBE2E1,0.5837732
MGAT4A,0.583526
PMF1,0.58343214
SMG7,0.5833049
UNC5C,0.58328146
TMEM115,0.5831102
PSMB3,0.58308214
FLAD1,0.58300465
NKIRAS2,0.5828495
BCKDHA,0.5828424
FRK,0.582766
ZNF780B,0.58231705
PRPSAP1,0.5822541
TMC8,0.5820711
SNAPC5,0.58195186
PHF5A,0.5816208
SLC3A2,0.5814631
SLC25A38,0.5813639
SSR3,0.58121043
WDR19,0.5809804
LPCAT2,0.5807834
PIK3AP1,0.5807505
PSMD2,0.58074653
ZFP14,0.5804173
UCHL5,0.58035153
CRADD,0.58026624
CHI3L1,0.5796782
TIPRL,0.5796625
EFNA1,0.57964295
LIN7A,0.5795871
TBCB,0.5795859
E2F4,0.57926273
COL18A1,0.5790614
LCAT,0.5787476
TRIP12,0.5787052
ITGAX,0.5785575
SH3PXD2A,0.57827044
GAS8,0.57803756
WWC1,0.5778449
PLEKHA8,0.5776757
SYNE2,0.5775628
SNX13,0.57744896
PDCD10,0.5773531
ZKSCAN1,0.5773467
TSFM,0.57724935
SCYL1,0.577171
PFDN6,0.5771399
NABP1,0.57677525
SMPD2,0.57640266
FBN1,0.5762166
RNF8,0.57620317
MAP2,0.57602733
SEH1L,0.5758467
NDUFAB1,0.5757923
SH3BP4,0.5755684
PDK3,0.5755591
ZNF529,0.5755467
TRA2A,0.57527035
SPAG16,0.57472795
ORC4,0.5747234
DENND2D,0.57470053
RPRD2,0.5743036
HEATR1,0.5741928
CTSL,0.5740761
MTMR7,0.57384586
MX1,0.57346225
MIDN,0.57336456
STRAP,0.57330364
SCLT1,0.57327396
URB2,0.5730647
RCOR2,0.572994
SHC1,0.5726369
PER2,0.57252747
PDHA1,0.5723315
USP34,0.57194006
MZT2A,0.5716979
ENC1,0.57145953
SIK2,0.5708569
TAF3,0.5708411
PRKCH,0.5707464
NDN,0.57073545
CLDN12,0.5707313
RNF135,0.5705527
FOS,0.57034975
IRAK3,0.5702552
ZFYVE16,0.5701863
TAB1,0.5701749
NUB1,0.5701722
TBC1D1,0.570008
RCN1,0.57000643
KCNG1,0.56981534
ANXA1,0.5692716
TGIF2,0.56901336
OBSL1,0.5688185
CC2D2A,0.56871563
SIAH1,0.56859976
FBXO27,0.5681515
CCP110,0.56763536
KRTCAP2,0.5674608
SPN,0.5673849
NDUFS8,0.5673035
TCTN1,0.5672412
TMEM179B,0.5671701
TMEM216,0.5668881
SRRM1,0.56685984
PPM1B,0.56678563
ANGEL2,0.5666053
NES,0.5665896
PTPN23,0.5664885
SLC44A1,0.56647956
NEIL2,0.5664551
COPB2,0.5662908
SEC62,0.565764
PEX26,0.5657409
TMED9,0.56565505
DNAJC9,0.56558824
ARHGAP12,0.5650995
VAC14,0.56505764
ST3GAL4,0.56493866
DPH1,0.56477726
HIP1R,0.5644713
OTUD7B,0.5640482
UQCRFS1,0.5639111
MSRA,0.56372476
MAPRE2,0.56363934
RLIM,0.5635599
HOMER3,0.5633749
NINJ1,0.56303847
COL1A2,0.56300265
CDC6,0.5622199
NGFR,0.562098
ZNF264,0.561983
SNRPG,0.5618967
SLC25A12,0.5614131
RABGGTB,0.56134176
ZCCHC7,0.56108
WDTC1,0.56093603
ARL1,0.5607189
PIR,0.5606426
PSMB10,0.5606139
UQCRQ,0.5605785
MSX2,0.5600616
PLXNA3,0.55989665
PLEKHG3,0.5596291
TBL1X,0.5595393
SLC9A1,0.5590342
RNASEH1,0.5589488
TOR1A,0.55894697
IDH3B,0.5588454
RAP2C,0.55872834
MRPS35,0.5587192
PPP3R1,0.5585296
NAA25,0.5585115
UBE2F,0.5583516
WBP11,0.5582122
MFN1,0.5581893
PKD2,0.5573854
ZNF71,0.55733186
STOML2,0.5568693
JUND,0.55686885
GAN,0.5568355
UBFD1,0.5568293
MFSD10,0.5565089
OXSR1,0.5561157
PIK3R5,0.55589163
SUCLG1,0.5558343
ROCK1,0.55574673
RSL24D1,0.55557257
ZC3HAV1,0.5554781
NELFB,0.5553088
ZFP36,0.55508107
ZNF770,0.5549634
AURKAIP1,0.5549321
STAMBP,0.5548733
CYCS,0.5546985
MRPS10,0.5546007
STAM2,0.5545257
ZNF772,0.5543775
MR1,0.5543198
SNAPC4,0.5542958
RRP1,0.55304456
PARVG,0.5528965
RBM4,0.55281955
TRAK1,0.5528168
RPS20,0.55237323
RHBDF2,0.5523551
CAPN5,0.55224854
PDE8A,0.5518926
SEC23IP,0.55180913
RASA3,0.55173284
ITPKC,0.55164564
PLAT,0.55138516
IDUA,0.5512614
AUH,0.5512532
RPE,0.55078614
HYPK,0.5504117
KBTBD7,0.5490472
NOP56,0.54902786
RIC8B,0.54884124
TRIM46,0.5486665
POLR3A,0.548539
STK39,0.54836583
NFASC,0.548319
RAB34,0.5482276
PGM2L1,0.5481874
ZNF267,0.5481817
ZFYVE26,0.5479713
MAP2K6,0.5479515
GRWD1,0.5478651
ENOPH1,0.547835
TCEA2,0.54763836
MAPK6,0.5470651
PLEKHG5,0.5469655
RAD23B,0.54695827
UAP1L1,0.5468366
LIMA1,0.54620516
ARRB1,0.5459059
NMRK1,0.54579955
CREB5,0.5457378
RNF7,0.5454975
DSTN,0.54542077
NEMF,0.5448778
ITGA7,0.544758
TRPM7,0.5447179
SPG21,0.5444119
NEO1,0.5440815
OTUB1,0.5438283
MINPP1,0.54381365
IL11RA,0.54353726
UBE3B,0.5433568
PRKAR1B,0.54323125
SEC24B,0.5431077
UNC13B,0.5429493
SIL1,0.54283774
PDCD5,0.54263216
CDK5RAP3,0.5424727
MRPL55,0.54239947
TANC1,0.5423835
RBL2,0.54226106
LOXL2,0.54220456
UBE2S,0.5422031
SPDL1,0.54196393
SLBP,0.5418617
MRPS21,0.5414016
TUFM,0.54110813
PSME1,0.5408731
TAF1C,0.5407033
TRMT1,0.54041404
DPM1,0.54027283
HOMER1,0.54020333
BANP,0.53989196
SPG11,0.53986615
PBK,0.53979176
TP73,0.5397316
GCSH,0.53941935
WDR37,0.5392974
COX7B,0.5392873
CEBPG,0.5392568
THAP4,0.53921616
RMDN3,0.5388537
NUP54,0.53878605
PIF1,0.53855467
POLH,0.5384881
TRO,0.538414
LRP4,0.5383649
LNX2,0.5380978
TNFRSF21,0.537144
TTC7B,0.53690565
MRPS6,0.53690237
HSPBP1,0.5368486
RBM5,0.53649914
RAB12,0.53634095
CORIN,0.5361701
SNX33,0.5361452
LRR1,0.53593105
MAPK7,0.53589976
PPM1L,0.5356661
DPF2,0.53549695
EXOSC2,0.535337
RCAN3,0.5351892
DCTN2,0.535097
RNF103,0.53473574
AMOT,0.5347108
WDR83,0.5345972
SEMA3F,0.53455025
TCEA3,0.53448224
ITGA4,0.5344144
RBM22,0.53434104
WDR11,0.53429025
ZNF266,0.5341994
SLC25A17,0.53416497
RPL6,0.5340213
MEAF6,0.53401315
EIF2A,0.5333526
TAF6,0.5333033
LMBRD1,0.53305906
SPRY4,0.5325758
POLR2F,0.5325628
EXOC5,0.5321238
NTPCR,0.5314608
SPNS1,0.5312618
PIGO,0.5311488
ARG2,0.5305112
PSENEN,0.5305061
USP45,0.53021663
KRI1,0.53018546
RFFL,0.5301703
PRKRIP1,0.5301423
SEC61A2,0.5296787
PLSCR1,0.52964616
POLE2,0.52960503
UBA3,0.52953273
SH2D3A,0.5294583
ALYREF,0.5293341
MIF4GD,0.52926105
SAE1,0.52869284
SNX4,0.5286517
TMSB4X,0.52832836
BCS1L,0.52792245
SURF4,0.52785677
MOCS3,0.527807
NTM,0.5276972
CIAPIN1,0.5276458
SAMD8,0.5275019
KIF15,0.5274944
TBCEL,0.5273498
STK38,0.52731293
ITGA5,0.5272882
SH2D2A,0.5264869
TCTN3,0.5262545
PINK1,0.52615917
NOP2,0.52569586
PLCD4,0.52567625
GIGYF2,0.52551407
PGAP2,0.52528524
RAD1,0.5249556
RAMP3,0.52480423
TBPL1,0.52473223
PIH1D1,0.5238966
RAB3GAP1,0.52387553
TBC1D23,0.5238035
SHARPIN,0.5236394
RPL7L1,0.5236307
TBL3,0.5234616
LLGL2,0.52345014
UBL7,0.52336967
PLEKHG4,0.52273893
SYT7,0.5225861
CTPS2,0.5224122
VPS37B,0.5219838
SPCS3,0.52148265
PDGFD,0.5210551
PRKCD,0.5208828
AKAP10,0.52076405
SNRNP48,0.52046835
EPC1,0.5204266
TXN,0.5203513
NDUFA9,0.5201144
ATP6V1C2,0.52008766
RGS4,0.5200844
STRADB,0.51989925
LZTS3,0.51979756
NLRC5,0.5196127
MIEN1,0.5195453
COQ3,0.51939785
FGR,0.5193223
PGP,0.5189344
AP4S1,0.5184754
VTA1,0.51801056
PEX5,0.5177239
SGMS2,0.51750946
COMMD8,0.516677
QTRT1,0.5157716
LRRC40,0.5157137
NAA50,0.51561165
NDUFS7,0.51557755
RETSAT,0.51545405
SDAD1,0.5153105
USP14,0.5150832
PSMC2,0.5150779
NDUFB6,0.51495385
USP33,0.51494807
ALDH3A2,0.5148734
SCARA3,0.5143352
GTPBP10,0.5141996
TGS1,0.51375735
KRBOX4,0.51364034
PLCB2,0.5135118
SART1,0.5134407
POLR1A,0.51310223
TAF8,0.5129321
NFKBIZ,0.5128749
ZNF528,0.51242757
POLR1E,0.51221365
NAPG,0.5121995
MMAB,0.5121309
NMI,0.51198435
PMPCA,0.5115967
NT5C3B,0.5112396
ZNF589,0.5111619
TRPC4,0.5111339
WDR36,0.5111203
TAF9,0.51099014
UBE2M,0.51092184
ZKSCAN5,0.5106991
PBDC1,0.5105393
SUMO1,0.5103877
FAIM,0.51024157
AMPD2,0.510225
CEBPZ,0.5097161
CYC1,0.5093419
ENPP2,0.50929934
RND1,0.50836056
QRSL1,0.5082263
HAAO,0.5081787
RAB25,0.5080829
SUPT6H,0.5080145
PURA,0.5078818
BET1,0.50715613
SKAP1,0.5071244
NAA10,0.50697047
TRIM22,0.50696397
SPR,0.5065308
SIRT2,0.50636613
TSC22D3,0.5062787
THAP7,0.506276
YOD1,0.50600517
PARP14,0.5055435
MED17,0.5054513
CHCHD5,0.5051221
TRAPPC3,0.50507444
CYP2D6,0.5049908
CCDC68,0.5049908
SEC63,0.50469905
PAF1,0.50423026
LRFN3,0.5037934
PIGG,0.5037402
UNC13D,0.503402
PIKFYVE,0.5033286
ANKZF1,0.5024368
PER3,0.50220793
AP2A1,0.50170976
F8,0.5015794
ARHGAP4,0.5015648
PCGF2,0.50145054
METTL14,0.50113225
SYNE3,0.5009798
SDC1,0.5005431
POLE3,0.5002645
DYRK1B,0.5001059
MRPL13,0.5000038
PCDH18,0.4998179
ZNF335,0.4997773
F12,0.49974203
RGMB,0.49953017
NNMT,0.49939656
WNT5B,0.49906167
SLC30A1,0.49900064
UBA7,0.49868912
RNF123,0.49841136
MSH5,0.49821362
IRAK1,0.4976185
HMOX2,0.49749154
PMVK,0.4974557
NRCAM,0.49729142
MMAA,0.49690318
NDST1,0.49669215
PDE6D,0.49661982
SERINC3,0.4961982
POLM,0.496019
PALMD,0.49569952
RSRC1,0.49451485
PPP1R13B,0.49419546
ZNF566,0.4937812
NDUFAF7,0.49372518
TOM1,0.4937125
NDUFA6,0.49370793
SYNCRIP,0.4933588
SURF2,0.49302655
SYF2,0.49297428
ZNF670,0.4929123
POLK,0.49276415
RRP36,0.49245584
VPS53,0.4921406
TBC1D25,0.49202782
TTYH3,0.49201247
CNPY3,0.4918287
DCAF10,0.49149156
RAC3,0.49134538
GNE,0.49122396
RAB21,0.49096107
RGS17,0.49095526
RBPJ,0.49068463
SCD5,0.49066126
SPOPL,0.4902481
NCAPH,0.4902146
CREM,0.49019527
SRR,0.4901001
VAMP2,0.4900751
SNRPB2,0.48991048
RIN3,0.48983216
RBM25,0.48973784
PGAM5,0.48940933
ALPK1,0.48929965
NDUFAF4,0.48880446
RASSF2,0.48857522
NEK2,0.48841625
APOO,0.48822582
MCM6,0.48822552
GCA,0.48769888
PSMD8,0.48756576
ANAPC16,0.48735943
PLD6,0.4867865
RRP15,0.48668355
SERPINB9,0.4860671
SMARCAL1,0.4860419
PGM3,0.48591387
CD247,0.4852571
OSGEP,0.48519173
GPR160,0.48461926
SNX6,0.48430422
UVSSA,0.484079
RASA2,0.48400068
VPS37A,0.483822
CENPQ,0.48376992
VIPAS39,0.48314115
TNFSF13B,0.4829806
IL18BP,0.4824748
PDHX,0.48232335
LDHD,0.4822331
SEMA5A,0.48213172
SLC25A3,0.4819591
ATP2A2,0.4819561
UPF3B,0.4818544
RAP1GAP,0.48176518
SMYD5,0.4816109
FEZ2,0.48138437
MTFMT,0.4807925
GEMIN6,0.48051083
ZNF7,0.48046657
ZNF519,0.4804465
PPP5C,0.48037225
PTGER2,0.48026654
OMA1,0.48020408
PATL1,0.48015404
UBXN4,0.4796084
KLHL11,0.4791134
CCDC40,0.47890604
TECPR1,0.4787967
RPL36AL,0.47830042
RAB24,0.4779852
GK5,0.4778433
SHB,0.4777849
SCNN1D,0.47759637
MRPS18B,0.47755408
SEMA4F,0.47749862
GRAP,0.4773533
RABIF,0.47720462
TADA3,0.4766777
WARS2,0.47658515
MYLIP,0.47648132
DNTTIP1,0.47587493
LDLRAP1,0.47546813
MYH3,0.47545686
SPSB2,0.47543067
MOB2,0.4753111
PFKL,0.47505447
ZMIZ2,0.4744859
SMNDC1,0.47440416
RASSF8,0.47430342
B9D1,0.47419763
SGPP1,0.47364473
PHLDA3,0.47333482
ALG14,0.47292668
AGFG1,0.47267178
SEL1L,0.472331
MIB2,0.47230086
POMK,0.47178048
UBLCP1,0.47146383
HEYL,0.4711235
MON1B,0.4710403
PIGM,0.47099504
NUDT14,0.4709377
ARSK,0.47055402
RIC8A,0.4705426
PAIP2B,0.47040632
CYSTM1,0.46997845
SCRIB,0.46950403
SYNJ1,0.46935904
NRN1,0.46934375
SERP1,0.46927407
OCRL,0.46906838
YIPF6,0.46899313
SEC23A,0.46855712
STON2,0.46854633
TRIOBP,0.4684874
TFIP11,0.46753916
GJC1,0.4675282
TIAM1,0.4671921
PPP1R7,0.46636447
SPATA13,0.46555296
NOL7,0.46544856
PPIE,0.46491456
HNRNPLL,0.46485218
WDR62,0.4645647
NUP37,0.46413752
ADAM23,0.46408
TMEM132A,0.46403
PRKACB,0.46376586
ATG16L2,0.46374658
TBXAS1,0.46373695
TRIM62,0.46345618
ZMYND11,0.46341047
SEMA7A,0.46330827
NELFA,0.46307054
MRPS36,0.46279642
RIN1,0.4625012
RPP38,0.4624089
OSGEPL1,0.4607411
PGAP1,0.46030533
FMO4,0.4596956
S100A9,0.45954823
WDR45,0.45910415
TM2D2,0.45905182
LHX6,0.4586816
TYSND1,0.45831007
HOXB7,0.45788795
SPI1,0.4572183
UCKL1,0.457012
ZNF415,0.4564305
KRT80,0.456415
SARS2,0.45632714
PREPL,0.45573613
UBQLN2,0.45533487
PHC2,0.4546648
SLC22A4,0.45433015
SNRPD3,0.4539435
PEX6,0.4528817
RNF130,0.45263937
ZNF460,0.45213816
MMACHC,0.4520868
KLHL9,0.45177904
TDP1,0.45055538
VPS8,0.45045832
TAF1B,0.44995818
PPCS,0.44974008
RANGAP1,0.44965288
SLC9A3R2,0.44962284
RELA,0.44906914
RHPN1,0.44900647
STK4,0.448393
ASF1B,0.4482126
VPS37C,0.44802544
ZNF182,0.44792277
PLTP,0.44745514
LSM7,0.44739538
GPN3,0.44734356
VPS4A,0.4470901
SMAD7,0.44689828
BMP4,0.4465711
ITGAM,0.44640604
WDR46,0.44609398
CYTH2,0.4460639
GALE,0.44604692
PPP2R5A,0.4459439
UQCR11,0.44575542
PPP1R8,0.44566387
SEMA6B,0.44522023
YARS2,0.44424072
COL15A1,0.4442375
XRCC4,0.44329622
ZNF605,0.44324937
CUBN,0.44319743
SAV1,0.4428175
LAMTOR3,0.44276604
PAQR3,0.44257736
ARL13B,0.44239867
RNF41,0.44234174
PPID,0.44215214
SNAP47,0.4412921
TERF2IP,0.44127646
MRPL22,0.44123724
ZFAND6,0.44111434
KCNIP4,0.44106257
TADA1,0.44098568
CHMP3,0.4408977
UBXN2A,0.44010407
MMP28,0.43998155
SLC27A5,0.43970424
TWF2,0.43966967
SNX8,0.43954337
PHF11,0.43944243
PGAP3,0.43935493
SHCBP1,0.4391524
UROS,0.43890864
BAK1,0.43889698
SSBP1,0.43885276
GLIPR1,0.4385505
BYSL,0.43831503
ASPHD1,0.43829322
RFC3,0.4382054
COL6A1,0.4380031
YWHAH,0.43784374
PLXNB1,0.4377105
SHPRH,0.43721735
TXNRD3,0.43678972
TJP1,0.43675238
SIPA1,0.43655878
CASP6,0.43652663
EAF2,0.4365209
ATF7,0.43608475
SOS2,0.4358242
UBAC1,0.43580946
ARHGAP6,0.4355831
PDIA4,0.43541574
RAB13,0.43500948
TOP3B,0.4345222
RBM45,0.43433982
MRPS26,0.43409005
ZC3HC1,0.43399152
PCDHB5,0.43357694
ZNF212,0.43309054
RUSC2,0.43274483
DHODH,0.43254882
TRPV4,0.43249816
KRR1,0.43230274
AMOTL2,0.43227768
TMED4,0.43227017
ILK,0.43191278
RAB11FIP3,0.43145424
RCHY1,0.43057072
TMEM214,0.43028212
ZDHHC17,0.43012723
CPEB2,0.42996374
SUOX,0.42974246
ZDHHC21,0.42972648
WEE1,0.42955497
DPM3,0.42953584
MAFK,0.42902642
ZNF426,0.4287417
INTS1,0.4282245
TBKBP1,0.4282023
ZNF195,0.42754573
NDUFA4L2,0.4275045
PIP4K2C,0.42740422
DPYSL2,0.42715272
TXLNA,0.42665312
TIMM13,0.42659724
POLR1B,0.4264927
STK35,0.42631608
B3GNT5,0.42560732
ZNF286A,0.42555362
WNT2B,0.4254145
TDRD3,0.42461723
ULK1,0.4239374
HIF1AN,0.423816
GFI1,0.42370352
LTF,0.42362398
INMT,0.42300606
SLC5A6,0.42294106
ZNF480,0.42282054
VARS2,0.422784
SEMA4C,0.422782
CMPK1,0.4225636
POSTN,0.42231965
TBC1D20,0.42229918
LAG3,0.42140672
SOCS6,0.4213754
PPFIA1,0.42122304
UTP20,0.42075923
SORL1,0.4206736
HSPA1L,0.42046836
PRPF3,0.42038694
ZNF302,0.4201607
TOPORS,0.41972798
NTAN1,0.41964936
RABGGTA,0.41879258
TIMM17A,0.41857204
LAMTOR5,0.41848743
PRC1,0.41841903
SIRT3,0.41815048
MANEA,0.41803774
KCNC3,0.4177805
PGGT1B,0.41762018
SEPSECS,0.41742343
MED7,0.41682756
PPIL2,0.41669038
FZD1,0.41665706
STRIP1,0.41634992
SLC12A2,0.41580138
VPS11,0.41553319
KIFAP3,0.4151811
NLGN3,0.41499406
TMEM70,0.41480827
CBR3,0.41444275
VPS18,0.41395387
SLC27A1,0.41354093
NME7,0.4135313
GTF2E1,0.41339234
TOX4,0.41326725
SLC7A8,0.41315272
RP2,0.41285753
RNF217,0.41262946
SIGIRR,0.41219953
RCSD1,0.41162938
TAF2,0.41123503
PTPRN2,0.41104814
MMP17,0.41102847
ZNF692,0.41081816
SLC25A13,0.410626
POLR3H,0.4104505
NPRL2,0.4102524
PRICKLE1,0.40935287
DPH6,0.40921324
POLE4,0.4090521
WBP4,0.40886828
ARFGEF2,0.4088584
VPS51,0.40880698
SRP19,0.4087768
ZFPM1,0.40871757
PLA2G12A,0.40865865
TNFRSF10A,0.40855777
STK3,0.40811405
ZNF32,0.40773112
PRKAR2B,0.4076715
DNAH1,0.40735322
VPS28,0.4072705
PKP2,0.40698045
PIAS3,0.4069523
ARL16,0.406724
KCNH2,0.40654615
PNKD,0.4059578
UNC93B1,0.40592638
HSPH1,0.4057211
SMAD9,0.4054177
TFAP2C,0.40536633
GYS1,0.4051417
RELT,0.40444708
EHD3,0.40398562
PDLIM2,0.4038592
DCUN1D2,0.40362912
PARD6B,0.4035779
TEAD3,0.40314415
DSN1,0.40239856
CYB5R1,0.40221596
ABI2,0.40188444
PLK4,0.40160438
BLVRB,0.4015858
IL12RB1,0.40157762
DCAF12,0.4013643
GALM,0.40107727
ATP1A3,0.40077695
ZNF326,0.4006619
LILRB2,0.40001908
MOAP1,0.3996988
SPAST,0.39883897
MYO7A,0.3987413
SPPL2A,0.3986837
TRIM56,0.3985437
TOR1B,0.3985221
TRIM32,0.39841852
RBBP7,0.39839825
ZNF107,0.3982754
RNF31,0.39769387
MTIF2,0.39694753
PPP1R3B,0.3967534
PDSS1,0.39654315
CPE,0.39642715
FZD2,0.39635703
ZNF791,0.39619124
RPL36A,0.3961767
SERINC5,0.39614454
RAB6A,0.39609304
MOGS,0.39594686
ZRANB3,0.39579675
RASSF5,0.39572856
DALRD3,0.39514062
ZIK1,0.3948442
BTN2A1,0.3945365
CD6,0.39423722
PSMB9,0.39390394
RAD51AP1,0.3937596
ADAMTS5,0.39360467
SLC2A3,0.39324906
RBAK,0.39302433
SPSB1,0.3923696
CPT1A,0.39227426
TOB2,0.39175797
TAGLN,0.39142737
RAB4B,0.39140505
CD180,0.39121896
ITGB3,0.39099702
RCE1,0.39092922
ARL3,0.39084253
TINF2,0.39083868
TTF1,0.3903923
FADD,0.3903413
GTF2H5,0.3898439
ATP6V0A2,0.389712
PDE4C,0.38945982
ARCN1,0.38941687
SNTA1,0.38900933
RHOT1,0.38865837
BDKRB2,0.38838392
NT5C,0.38832596
FDXACB1,0.38830417
OLR1,0.3882464
PDCD4,0.38792592
MICAL2,0.3877213
GDPD1,0.38745427
COL11A2,0.38745075
BFSP1,0.38639495
SLC30A6,0.38537732
PPCDC,0.38526544
NOL12,0.38476944
ACSL4,0.3842216
NARS2,0.3841378
NAA30,0.3836723
NOB1,0.38288328
CLN3,0.3827091
ZNF423,0.38262975
TUBB3,0.38222966
IL1R2,0.38220316
CTSO,0.38162357
SPON2,0.38130286
HOPX,0.38116363
FRS3,0.38112268
ZNF18,0.38070986
ETFDH,0.38023216
AGTRAP,0.38016796
RPF1,0.38016185
SUPT7L,0.37998748
PNPT1,0.37983155
INHBB,0.37966555
PPM1F,0.37963006
ZNF180,0.37962225
HEY2,0.3792955
LMAN2L,0.37905928
DXO,0.3787431
ORMDL1,0.3782537
UTP23,0.37767783
PI4K2A,0.37743244
CDH5,0.37714922
NDC80,0.3771268
RAB36,0.3769347
FUZ,0.37657672
IFT172,0.37645528
GAB3,0.3764291
HSD11B1L,0.3754335
SSH3,0.37536106
EVPL,0.375146
PDK2,0.3751322
ESD,0.3749636
CACNA1H,0.37484092
F5,0.3746368
CYFIP1,0.37433282
NPHP4,0.3742978
GPER1,0.3742503
B9D2,0.37393278
TIMM44,0.3737245
FPR1,0.37326804
PFKFB2,0.37323603
FUT1,0.37303147
PIP5KL1,0.37174872
ZNF143,0.37166342
RBM17,0.37144643
NIP7,0.37118286
LARP7,0.3710499
PECR,0.37052652
RRP8,0.3704945
PJA1,0.3704076
SORBS3,0.37027574
DUOX1,0.36954963
MVB12B,0.3692702
PEX11A,0.36886978
PPFIA4,0.36838573
CXCL1,0.36827555
TCF7,0.36806178
ST3GAL6,0.36796317
STARD3NL,0.3676724
DOLK,0.36750135
FRMD6,0.36737227
ZNF561,0.36737227
TIFA,0.36730072
RABL2B,0.36704418
GBP5,0.3667303
ZNF197,0.3663625
RNF38,0.36587825
OSMR,0.36555028
HSPA12B,0.36529672
RAB3D,0.36522815
MRPL9,0.36473832
TAZ,0.36461315
LYZ,0.364248
TBC1D7,0.3638609
ARL6IP5,0.36384302
GGT5,0.3634141
ADAMTSL4,0.36336538
DCHS1,0.36332628
TFAP4,0.36332434
APBB1IP,0.363016
PEX12,0.3629217
BUD31,0.3627574
EIF2B4,0.36254805
HPS5,0.36243454
ANAPC2,0.36240447
ECE2,0.36210465
VEGFB,0.36207134
NPL,0.36198354
SELPLG,0.36168632
PSMD5,0.36153236
EXOC3L1,0.36090857
PCSK5,0.36034513
AKR1C2,0.36033013
STIM2,0.36030427
SLC25A28,0.35987008
CD96,0.3595634
WASF3,0.35925138
MRPL46,0.35842636
DBP,0.3581137
BOLA1,0.3581092
FAM111A,0.3579277
CXCL10,0.35739836
SMG8,0.35737374
GIPR,0.35726243
UBIAD1,0.35723945
TCN2,0.35696673
MS4A6A,0.35675102
EFNA3,0.35668933
TRAPPC2L,0.35634047
TGFBRAP1,0.35629016
CWF19L1,0.35590807
GSDMD,0.3558501
AADAT,0.35535264
ABCB10,0.35535264
ABCD1,0.35535264
ABTB1,0.35535264
ACACB,0.35535264
ACADSB,0.35535264
ACAT2,0.35535264
ACD,0.35535264
ACE,0.35535264
ACER2,0.35535264
ACOT1,0.35535264
ACOT11,0.35535264
ACOT2,0.35535264
ACOX2,0.35535264
ACP1,0.35535264
ACP5,0.35535264
ACSF3,0.35535264
ACSM3,0.35535264
ACSS1,0.35535264
ACSS2,0.35535264
AP3M2,0.35535264
ADA,0.35535264
ADAM19,0.35535264
ADAM28,0.35535264
ADAMTS1,0.35535264
ADAMTS10,0.35535264
ARHGEF4,0.35535264
ADAMTS12,0.35535264
ADAMTS13,0.35535264
ADAMTS14,0.35535264
ADAMTS2,0.35535264
ADAMTS4,0.35535264
ADAMTS9,0.35535264
ADCY4,0.35535264
ADRA2A,0.35535264
ADRM1,0.35535264
AGA,0.35535264
AGER,0.35535264
AGMAT,0.35535264
AGPAT2,0.35535264
AIF1,0.35535264
AK1,0.35535264
AKAP5,0.35535264
AKAP8,0.35535264
AKR1B10,0.35535264
AKR1C1,0.35535264
AKTIP,0.35535264
ALAD,0.35535264
ANO1,0.35535264
ALDH16A1,0.35535264
ALDH5A1,0.35535264
ALG3,0.35535264
ALKBH6,0.35535264
ALOX5,0.35535264
ALS2CL,0.35535264
AMPH,0.35535264
AMT,0.35535264
ANAPC13,0.35535264
ANGPT2,0.35535264
ANGPTL4,0.35535264
ANKRA2,0.35535264
ANO2,0.35535264
AP4E1,0.35535264
AP4M1,0.35535264
AP5B1,0.35535264
AP5S1,0.35535264
APBB3,0.35535264
APOBEC3F,0.35535264
APOBR,0.35535264
APOC1,0.35535264
APOL1,0.35535264
AQP1,0.35535264
ARHGAP19,0.35535264
ARHGAP27,0.35535264
ARHGAP33,0.35535264
HK3,0.35535264
ARHGEF6,0.35535264
ARSA,0.35535264
ASAH2,0.35535264
ASB2,0.35535264
ATG2A,0.35535264
ATP2A1,0.35535264
ATP2A3,0.35535264
ATP6V1E2,0.35535264
ATP7B,0.35535264
B3GALT4,0.35535264
B3GNT4,0.35535264
B3GNT8,0.35535264
BAG2,0.35535264
BAMBI,0.35535264
CCR10,0.35535264
BATF2,0.35535264
BATF3,0.35535264
BBS12,0.35535264
BBS5,0.35535264
BDKRB1,0.35535264
BEST1,0.35535264
BGN,0.35535264
BHLHE41,0.35535264
BLNK,0.35535264
BTC,0.35535264
C12orf66,0.35535264
C1orf162,0.35535264
C3,0.35535264
C5,0.35535264
CACNA2D2,0.35535264
CACNA2D4,0.35535264
CALCRL,0.35535264
CAMK1,0.35535264
CNGA1,0.35535264
CARD6,0.35535264
CARD9,0.35535264
CASP1,0.35535264
CBX8,0.35535264
CD163,0.35535264
CD2,0.35535264
CD248,0.35535264
CD34,0.35535264
CD38,0.35535264
CD4,0.35535264
CD5,0.35535264
CDK3,0.35535264
CDK5,0.35535264
CEACAM1,0.35535264
CETP,0.35535264
CFB,0.35535264
CHRD,0.35535264
CHRNA10,0.35535264
CHST7,0.35535264
CISH,0.35535264
CLDN11,0.35535264
CLDN23,0.35535264
CLEC2B,0.35535264
CLEC7A,0.35535264
CLIC3,0.35535264
CMKLR1,0.35535264
CMTM1,0.35535264
COL5A3,0.35535264
COL6A3,0.35535264
CPLX1,0.35535264
CSTA,0.35535264
CX3CL1,0.35535264
CXCL16,0.35535264
CYP27A1,0.35535264
CYP2J2,0.35535264
CYP3A5,0.35535264
CYP7B1,0.35535264
CYSLTR1,0.35535264
CYTH4,0.35535264
DCN,0.35535264
DES,0.35535264
DHDH,0.35535264
DISP2,0.35535264
DLL1,0.35535264
DPP4,0.35535264
ECM1,0.35535264
EIF4E3,0.35535264
FBXL22,0.35535264
FCER1G,0.35535264
FOLR2,0.35535264
FUT2,0.35535264
GNLY,0.35535264
GSDMB,0.35535264
IL17RE,0.35535264
IL18R1,0.35535264
MAOB,0.35535264
GLDN,0.35531828
ACAA1,0.35528028
JOSD2,0.35383952
SETMAR,0.35322726
AAR2,0.35302243
NR2C2,0.35294032
DHX16,0.35284817
DFFB,0.35278037
GALNT12,0.35245314
RAP2B,0.35219383
EXOSC4,0.352043
XYLB,0.35196343
PRDX4,0.3517196
EFNB1,0.35150796
SURF6,0.3503308
NFATC4,0.35007134
GPX8,0.34942305
ACOX3,0.34904653
COL8A2,0.3489569
SDC3,0.34844527
ALG10,0.3484132
ACAT1,0.3481508
PAN2,0.34810773
UPP1,0.3479671
TRIM23,0.34779316
SEMA6A,0.3476298
DCLRE1A,0.34761888
TTC26,0.34739575
FOSL1,0.3470477
ZNF317,0.3464662
LSM11,0.3462419
UBE2J2,0.3460896
SGIP1,0.34593695
CSTF2,0.3455995
PPP2R3A,0.34551385
MAP3K9,0.34531656
SLU7,0.34524465
CDK20,0.34520945
WNT9A,0.34506345
REPS2,0.34452558
SEC24A,0.34451023
HARBI1,0.34412003
ABR,0.3436882
AGK,0.3435563
EPHB6,0.34352493
WBP2,0.3433832
RFK,0.34332892
SCUBE2,0.34330234
CCL5,0.3429509
ZFP90,0.34293538
SEMA4B,0.34292585
TRIM68,0.34285855
WDR81,0.342783
VPS35,0.3423659
BPGM,0.34232748
RASAL3,0.3422067
RNF25,0.34158486
MYSM1,0.3414809
PARP9,0.34060848
CTBS,0.3405229
REEP4,0.34034896
CCDC106,0.34025007
THEM4,0.3402043
IL20RB,0.33942088
PPIH,0.33934745
RFX2,0.33886236
PFAS,0.3386988
ZFYVE9,0.33859274
ZNF562,0.33832592
GPNMB,0.33805817
RABL2A,0.33797812
FBXL8,0.3379363
CWF19L2,0.33777052
NPR1,0.3374234
ADPRM,0.33741903
TRIP4,0.3373897
FUNDC1,0.33710688
DYNC1I2,0.33699605
MGAT2,0.33675036
ARRDC3,0.33637097
PLXNB3,0.3362368
NXT2,0.3357061
NIT2,0.3356079
PBLD,0.33524475
ACAD8,0.33522308
SPAG7,0.33522046
SYTL4,0.3351174
RBBP6,0.3350508
RPL26L1,0.3350101
SIRT6,0.33454254
ZNF253,0.3342866
PLD2,0.33417943
MUL1,0.33417672
UNG,0.33327302
COL17A1,0.33307952
FAM91A1,0.33257124
ALDH1A1,0.33221504
RGS14,0.33208764
TREX1,0.33165988
SNAPC1,0.33158347
STK36,0.33068222
ZNF33B,0.3306519
COG7,0.3303947
ACOT13,0.33030525
ABCF1,0.33025828
RRS1,0.3302412
ADAT2,0.3301293
PPT2,0.32974118
UBE2J1,0.32955503
ITGB6,0.32922265
JMJD4,0.32847884
MRPS17,0.32758915
PAQR5,0.3275312
ZNF10,0.32743588
ANTXR2,0.32694197
ZNF493,0.32680282
CSF2RB,0.32673755
TRUB1,0.32640776
LIMS2,0.32559118
SLC35D1,0.32496738
RNF185,0.32426116
NFATC1,0.3240836
POLB,0.32401583
PAAF1,0.32354596
UFL1,0.3233848
GLRX2,0.32325178
TAF5L,0.3231447
FBXL7,0.32297266
KCNAB1,0.32272717
NPHP1,0.3226416
ZNF337,0.322586
TMEM50A,0.32253793
DYSF,0.3224951
YIPF5,0.3222522
PIGV,0.3220226
TIMM8A,0.3218859
SYNGR1,0.3218402
EIF3I,0.3218174
RIOK1,0.32124588
MAGEH1,0.32096896
SORBS1,0.320841
NLRX1,0.3208339
SGCB,0.32066557
NLRC4,0.3200973
COA5,0.3200874
GMPR,0.32004517
ZNF282,0.3200407
TJP2,0.3197612
HELQ,0.3196182
HSPB2,0.31940442
RPGR,0.3192649
TIMP3,0.3191959
PARP12,0.31866208
MCMDC2,0.31818768
ARFIP2,0.31791428
COG1,0.31697387
RNF181,0.3153426
RARB,0.31515056
WIPI2,0.3145249
RUNDC3A,0.31451055
SUPV3L1,0.31395632
CREG1,0.3138528
RCAN1,0.31358406
LSM10,0.31355903
CHMP6,0.3127662
CEL,0.31267804
SLC27A2,0.31225494
SPRY1,0.3122391
TSSC4,0.3121027
PRDM4,0.31188527
TRAPPC6B,0.31157157
ARHGEF25,0.31141257
C15orf48,0.3112272
MSR1,0.3110297
PRICKLE2,0.31049138
ACSL1,0.31033546
EPHX2,0.31023926
NHLRC3,0.31010336
LY96,0.30998498
UBOX5,0.3098531
NAIF1,0.3090983
TPRN,0.30869818
TFAM,0.3082042
TAF13,0.30810565
ZNF550,0.30762002
ST8SIA4,0.30750072
TELO2,0.30736965
PTPN21,0.30728936
UPRT,0.30728072
RIN2,0.30727217
CPT2,0.30681533
NTN4,0.30572504
CIDEB,0.30556554
TP53I3,0.30532858
NCF4,0.30501682
RBM42,0.30480832
GBP4,0.3045167
CCL4,0.30403817
IPP,0.30332178
GALNT14,0.30317155
POLR3F,0.3026179
REXO2,0.30256113
HES4,0.30210876
NCF2,0.3015044
ZNF641,0.30140308
EIF2B2,0.3012992
KCTD6,0.3011519
SRA1,0.30111808
ZNF224,0.3006212
MYO1F,0.3004184
SHC2,0.29998922
RAVER1,0.29994905
CEBPB,0.298026
AOC3,0.2978102
STX11,0.29746428
PSEN2,0.2968739
DUS2,0.29684344
HES1,0.29619268
HDAC11,0.2960962
SPRED2,0.2960761
ZNF254,0.29563537
ZBTB17,0.29427052
TSNARE1,0.29399464
SIRT5,0.2929655
YEATS4,0.2926479
TNXB,0.29211724
ZNF248,0.29211563
RMDN2,0.29187924
UCK1,0.2916862
SYT11,0.29146272
RNF6,0.29131138
RAB42,0.29051605
CDC37L1,0.29040927
CLK1,0.28978613
ALG2,0.28965116
TNFRSF10B,0.2894765
SLC2A8,0.28925443
TXNL4B,0.28917181
KRT17,0.28849792
TRAPPC4,0.28752333
EPHA4,0.2873397
ZMAT3,0.28715488
NAT1,0.28665522
PLEKHA3,0.28647792
CLDN1,0.28614876
PIWIL4,0.28612635
ACVR2B,0.28607693
SRD5A3,0.28605372
TRADD,0.28572226
EBNA1BP2,0.28570223
MTMR10,0.28521362
CXCL14,0.28322586
RIPK2,0.28317052
NR5A2,0.28294507
PHACTR1,0.28292182
TNFRSF10D,0.2824419
UGGT1,0.28206035
AGAP2,0.28142107
LRRC6,0.28119043
RGS16,0.28056303
IER3,0.2804164
RNF125,0.27991775
SULF1,0.2798485
ITGA8,0.27979013
MICALL1,0.2791277
ZNF620,0.27895555
CCZ1,0.27854666
PRRT2,0.27843276
REC8,0.27730513
AKAP9,0.27586588
PMM1,0.27570683
TCTN2,0.2748886
ACAD9,0.2748056
JAG1,0.27471235
NLRP3,0.27467182
TDRKH,0.27422488
PEX11G,0.2739404
ERCC6L,0.27388847
WRAP53,0.27349418
ZNF250,0.27274463
SGK3,0.27245912
UBE2B,0.2723333
CRAT,0.27216327
EVC2,0.27204844
ZNF592,0.27172208
TMEM187,0.2711464
MPP1,0.271059
VAMP1,0.27086398
PDE1B,0.2694596
DYNC2LI1,0.26944932
IZUMO4,0.26803523
ZNF394,0.26769325
ZNF274,0.2674479
RTN4IP1,0.2670345
ACBD3,0.2662963
ARL4D,0.26595378
TLR6,0.2659415
ZNF500,0.26589894
ZNF304,0.26557195
TUBA8,0.26518455
PI4K2B,0.26458502
PHKG1,0.26415142
LRP2BP,0.26390713
ARMC8,0.26369196
UTP14A,0.26367858
GGT1,0.26355907
PCSK6,0.26350647
PDXP,0.2624875
LMF2,0.26148582
LRP3,0.2605781
ZNF691,0.2605268
SPTBN4,0.25946963
TRMT6,0.2588824
FBXO6,0.25850943
XRN1,0.25781295
SNTB1,0.25765166
ZRANB1,0.25763455
U2AF1L4,0.257527
ZNF783,0.25702327
ZNF155,0.25655973
ZNF671,0.25600204
PADI2,0.25552005
MAPK13,0.25452363
ZNF517,0.25432622
LNX1,0.2542225
MLKL,0.2534657
ZNF41,0.25254235
CATSPER2,0.2524739
ANPEP,0.25184077
CLCF1,0.25154933
INPP5K,0.25078523
ARHGEF15,0.25073013
SURF1,0.2506098
NEB,0.25050154
MAFF,0.25032607
TMEM186,0.24986945
DDX60,0.2497755
ALG1,0.24750057
TBC1D8B,0.24669138
ATG3,0.24615212
PPFIA3,0.24604052
RAB32,0.24557896
ZNHIT1,0.24520287
ZNF557,0.2438487
GTF2H4,0.24376549
POMT1,0.24362095
NCALD,0.24353597
PGF,0.24318576
B3GNT7,0.24318576
PNPLA7,0.2431013
TRIM36,0.24299993
TRIM6,0.24234614
HSPA6,0.24230935
TAF6L,0.24206619
GPR183,0.24039972
KRBA1,0.23887154
UFC1,0.2388468
PTS,0.23878182
KBTBD8,0.23735763
PDCL3,0.2372867
SPDYA,0.23670816
PYGO1,0.23654616
ZNF26,0.23634364
SPRY2,0.23631015
PSTK,0.23575285
BRPF1,0.2354217
SFN,0.23438832
ZDHHC8,0.23422863
KMO,0.23398773
TSEN34,0.23356527
ZNF200,0.23277588
SYTL1,0.23217985
AIMP1,0.23117815
GCNT4,0.23099685
COQ9,0.22923547
ACTR3B,0.2277072
ZNF34,0.2276857
SEMA6C,0.2270476
PLCD1,0.22631109
IL17RA,0.22627136
USP21,0.2260569
UTP3,0.22570491
ZNF234,0.22555102
ZER1,0.22524014
TRMT5,0.22455154
CCNK,0.22427078
USP16,0.22402503
ACVRL1,0.2230742
SMPD1,0.22251493
LRFN1,0.2205248
RASGRP3,0.22016613
LIPT1,0.22013558
PTH1R,0.21965039
ZNF552,0.21904485
UFSP2,0.21863316
ZMPSTE24,0.21717885
TBC1D10A,0.21699157
ZNF621,0.2162646
ALG12,0.21588716
STK11IP,0.21581264
ACSL5,0.21566983
TSPAN12,0.21523225
TRMT61B,0.21514542
SYCE2,0.21410345
GRIN2D,0.21355775
SLC44A4,0.21258385
ZFP69B,0.2105966
PORCN,0.21055338
SYTL2,0.2104568
ACADS,0.20939203
STX4,0.2089422
SEMA5B,0.20881589
SLC30A4,0.20875235
ZNF74,0.20836756
GNGT2,0.20771258
ZNF141,0.20614246
SVIP,0.20220298
VCPKMT,0.20195834
S1PR1,0.20183662
NDST2,0.20178899
VCPIP1,0.20047958
ZNF543,0.19940332
SLC7A7,0.19933136
ALDH1B1,0.19878802
HELB,0.19866084
PYCARD,0.19817361
ZNF485,0.19650196
SERPINF2,0.19616145
SGPP2,0.19535127
ZNF711,0.19481206
TMED1,0.19428681
POP5,0.19378495
UBE2D4,0.19262783
DPP7,0.19238298
COMMD2,0.19213626
TBP,0.19124916
LAT,0.1905401
ELOVL7,0.18847191
ZNF227,0.18686649
RAPGEF4,0.18592449
FGD5,0.18562736
GPKOW,0.18483166
RCAN2,0.18411322
TBX2,0.18108961
ZNF140,0.17887102
TEFM,0.17669168
GIMAP8,0.17590433
MAN2B2,0.17399606
ITGA9,0.17391829
SERPINB8,0.17286983
SLC25A14,0.17145345
OASL,0.17123643
C1GALT1C1,0.17121737
CLUAP1,0.17078388
ZNF45,0.17073533
ACIN1,0.17073506
RGCC,0.16923678
ZNF90,0.1690335
ZNF283,0.16886544
SYP,0.1673872
ULK2,0.16687015
PCDHB15,0.16246015
PSD,0.16242774
COMMD3,0.16238892
RASD2,0.16237031
MOCS1,0.16223575
ZDHHC2,0.16124718
BBS7,0.16118851
ABI3BP,0.15958275
ZMYND8,0.15887463
ABHD12,0.15816464
ZNF684,0.15290533
ZNF3,0.15255739
VPS37D,0.15218285
ZNF442,0.15174952
SHPK,0.15006404
USP39,0.14714454
ALG11,0.14492847
RAI2,0.14033912
ACOT4,0.13844055
SLA,0.13661042
AGL,0.13621002
ZFP1,0.13617058
SMOX,0.13513608
ZFP30,0.13496189
ACOX1,0.13429128
RNF113A,0.13232726
SPAG4,0.13224007
WDR55,0.131086
SNAI1,0.12799184
TFAP2E,0.1272705
AASDHPPT,0.12668443
RORC,0.12593925
SLC35A1,0.12405102
AMOTL1,0.12360327
ZNF383,0.122751474
SCIN,0.121347964
SLC18A2,0.12124444
ZNF14,0.11845575
ABLIM3,0.11785363
PLB1,0.11695247
RAB3IL1,0.115864724
ZNF354B,0.11557504
DMTN,0.11538188
SYDE1,0.114228025
ZNF419,0.114227004
ZNF211,0.11091597
ACADM,0.11073109
ZNF764,0.10736813
ABCF3,0.107234046
ABCD4,0.107113756
ZNF567,0.10588732
ACO1,0.10545909
SLC4A11,0.105278246
SPARCL1,0.10517891
ACP2,0.104473226
CTSF,0.1036783
ZNF136,0.103676714
ACAP1,0.10350382
TGM1,0.10339998
SCN1B,0.10282578
RIPK3,0.10116831
WDR35,0.09987389
ZNF468,0.09944782
TM6SF1,0.09936726
COL9A3,0.098833434
RDH5,0.093248636
ZNF577,0.09302723
APPL2,0.09228253
TMOD2,0.09118951
ZNF687,0.08902604
ELMO3,0.088747494
CAB39L,0.08423723
ZNF2,0.08237429
TRIM45,0.08194629
P4HA3,0.080490045
SAP30,0.07837312
RNASEL,0.07765896
ATP13A2,0.07732293
PTGS1,0.07134379
SMARCA5,0.06965105
TLR3,0.068710096
ZNF225,0.06696504
TTC30A,0.063637964
UTP14C,0.06359805
ZNF558,0.06274609
ZNF546,0.060007565
ZWILCH,0.05855114
TUBG2,0.057227872
TTC12,0.056657128
TRIM39,0.053888466
WDR5B,0.053394146
SLC40A1,0.052703656
ZNF273,0.05245795
ULK3,0.05241655
ZNF443,0.052165426
RPP21,0.051305562
ZNF790,0.048724588
ALCAM,0.04562621
ZNF814,0.043511417
SEMA4G,0.04325997
ZNF91,0.042667765
ZNF470,0.041945305
ZNF586,0.040902648
ZNF778,0.040631153
ZNF846,0.04060096
ZNF585B,0.036922187
RNASE1,0.035211734
RAG1,0.03490278
TMEM17,0.031291828
ZNF709,0.03094912
S100A3,0.030775407
THAP1,0.030205613
ZNF160,0.029734008
ZNF836,0.029447004
SRPX2,0.029123615
SECTM1,0.02809737
ZNF510,0.02638969
ZNF461,0.024548555
ZNF429,0.022285605
ZNF222,0.020963868
RASSF6,0.02027621
ZNF607,0.02017551
ZNF548,0.020156495
THBS2,0.019921614
ZNF721,0.019703014
ZNF439,0.01909281
ZNF486,0.017660432
ZNF320,0.017108034
AMPD3,0.015834939
ZNF132,0.015501334
TMEM176A,0.015271294
ZNF92,0.013546823
ZNF766,0.012580677
ZFP82,0.012327133
ZNF440,0.012185119
ZNF467,0.011889591
RNF128,0.011554615
ZNF506,0.0113655925
TNFRSF10C,0.011168047
ROBO3,0.01082462
ZNF614,0.010673473
ZNF677,0.010070992
ZNF17,0.008795003
ZNF544,0.0087711625
SLA2,0.00812688
TCEAL1,0.00696776
BMP8B,0.0067081475
ZNF184,0.006668072
ZNF564,0.006586838
ZNF284,0.006398647
TPMT,0.006163405
TXK,0.0056463373
ZNF530,0.0054470063
ZNF626,0.005412914
ZP3,0.004713609
ZNF738,0.0042621326
ZNF611,0.004065328
RASL10A,0.0040417076
ZNF823,0.0039598867
ZNF776,0.0037557993
XYLT1,0.0036145293
USHBP1,0.0035160428
ZNF354A,0.003280528
CDKN3,0.002765813
ZNHIT3,0.0027503816
STAC3,0.0027368874
ZNF235,0.0026097316
ZNF112,0.0023339922
ZNF841,0.0021478145
ZNF527,0.0020605794
ZNF573,0.0018669013
WDR31,0.0015119389
TRPC6,0.0013207021
ZNF83,0.001311463
ZNF420,0.0012286508
ZKSCAN3,0.0010298098
SDHAF1,0.0009885555
ZNF699,0.00085711177
ZNF324B,0.0007982582
ZNF649,0.0007668513
ZNF347,0.00071456
ZKSCAN4,0.0006575057
ZNF350,0.00063407107
ZNF555,0.00061855454
ZNF623,0.0005054708
TLR4,0.00047176876
THSD1,0.00041953012
ZNF615,0.00033844117
ZNF135,0.0003040197
ZNF813,0.00027830518
ZNF526,0.00027528463
ZNF69,0.00019677446
ZNF793,0.00018367298
ZNF418,0.00017255972
ZNF549,0.00013067594
ZNF175,0.00012280239
ZNF256,7.27518e-05
ZNF600,5.0745806e-05
ZW10,3.4814064e-05
ZNF674,2.883401e-05
ZNF221,2.1456628e-05
ZNF701,2.0147978e-05
ZNF765,1.8236167e-05
ZYG11B,1.5962021e-05
ZSWIM7,9.89053e-06
ZNF354C,5.5214373e-06
ZNF57,5.2366e-06
ZNF773,3.524962e-06
