Gene Name,Score
RPL41,0.9827377
SMYD3,0.98188156
PKM,0.9809894
TEAD1,0.97912276
RPS2,0.9785525
RPL27A,0.9779508
TKT,0.97738975
RPS6,0.97633135
TMSB4X,0.9742268
XRCC5,0.97157896
RPL3,0.9703298
RPL13A,0.9658834
YBX1,0.9632323
SRRM2,0.9614475
TXNRD1,0.9585656
RPL15,0.9529738
PDE4B,0.94912857
RPS8,0.94762397
RPS9,0.94541514
UBE2E2,0.9390335
PGAM1,0.9388611
TPI1,0.93353766
RPS4X,0.9334473
RPL8,0.9319006
RPS23,0.9277043
ZMIZ1,0.9275781
RPS29,0.9267133
SCD,0.92347693
RPS19,0.9178909
WNK1,0.9173165
RPS17,0.9157624
RPL23,0.91435575
YWHAZ,0.91384745
ZFR,0.9129641
UBC,0.91219133
SREBF2,0.9096476
PRKCA,0.90859276
SERBP1,0.90733194
GAPDH,0.90337825
RPL11,0.90035594
PFN1,0.89996964
TNS3,0.89957744
YWHAQ,0.89738417
PTPRJ,0.89624923
RPL37,0.8950776
VMP1,0.8949604
SPTAN1,0.89470375
SMARCC1,0.89441794
UBE2H,0.8931262
UBA52,0.88867277
RPL19,0.8883283
RPL32,0.88572645
PTK2,0.88542736
PTMA,0.8850425
RPL6,0.8840853
SLC7A5,0.88099766
ZCCHC7,0.8789943
PTPN14,0.87870175
TPX2,0.87868804
SLC25A3,0.87690276
WDR70,0.87671185
UBE2D3,0.87386775
USP22,0.8701717
TMBIM6,0.8693163
RPLP2,0.86716366
UBA1,0.8635201
SEMA3C,0.86258763
SLCO3A1,0.86103183
ZNF207,0.8609031
RPS5,0.85884464
RAN,0.8570549
RPS11,0.85544497
TRPS1,0.85463166
SSBP3,0.8530146
UBE2K,0.8519481
USP34,0.8518474
TNRC6A,0.85052973
TRIM28,0.849951
SSH2,0.84849745
PRKDC,0.84811133
USP48,0.8451235
UBR4,0.8426051
RTN3,0.841163
NFIA,0.8406157
UBAP2L,0.8401577
RPTOR,0.83759433
RPSA,0.8365838
UST,0.8362777
RPS15,0.8342895
SAE1,0.8333314
RPS12,0.8331642
WDR1,0.8325059
UBAC2,0.8320061
SMG1,0.83162904
WASF2,0.8316054
TNPO1,0.8309225
VAV3,0.83065885
USP9X,0.83038545
RPS27,0.828441
EEF1A1,0.82761943
VDAC1,0.8265921
RPS15A,0.826108
PALLD,0.8249692
MYO10,0.82490987
SPTBN1,0.8247092
TRA2B,0.82439125
PPP3CA,0.8242638
PSAP,0.8239238
HMGA1,0.82352626
HNRNPC,0.8225874
TOMM20,0.82151437
SBF2,0.8211475
SRPK2,0.8202694
PPP6R3,0.82025915
RERE,0.818097
WAC,0.81808794
RPS16,0.81743765
SRP9,0.81613296
RPL7A,0.81541073
TULP4,0.8142453
HSPA8,0.8141651
RBFOX2,0.81043214
YWHAG,0.81000876
TRAP1,0.80885583
RPL23A,0.80878973
RPS27A,0.8087674
RCC2,0.8085134
VIM,0.80729645
UBE2R2,0.8070988
SRSF11,0.8067953
SQSTM1,0.80621684
NAP1L1,0.806201
XPO6,0.8055063
UCK2,0.8048622
SLC2A1,0.80133945
PDE7B,0.80129874
NCL,0.8009753
TUBA1C,0.79986507
PTMS,0.7994759
VCP,0.7991994
HNRNPA1,0.7974706
SNRPB,0.7966093
RPS18,0.7965353
VCL,0.7965275
UBE3C,0.7963056
TPM1,0.795162
YAP1,0.7935305
SGMS1,0.7931104
PUM1,0.7917
SRSF1,0.7914866
SIK3,0.7912984
ZNF131,0.79122
UBE4B,0.79030275
STT3B,0.7889345
RTN4,0.7883492
PLEC,0.7872189
USP10,0.78669065
TUBA1A,0.78552645
SLC39A1,0.78377336
PARD3,0.7833969
ZNF638,0.78315294
PDE1A,0.78310806
TRAPPC9,0.7823538
RBM39,0.7817028
ROBO1,0.7810935
SLC25A5,0.7808077
TBC1D5,0.7806481
UBE2E1,0.7802025
SH3RF1,0.7787439
VAV2,0.778129
TOP2A,0.7779099
TPD52,0.7763109
PTBP1,0.77541137
EEF2,0.77417004
TARDBP,0.77373075
ZFP36L1,0.7722766
SLC7A11,0.7722046
TANC1,0.77195555
RPL10A,0.7716057
SPIDR,0.7711433
SEC11A,0.77040315
TBL1X,0.7703104
TMPO,0.7693943
RPL28,0.76831716
WDR33,0.76784176
MECOM,0.7677387
TUBB4B,0.7676509
YEATS2,0.7671202
MDK,0.765332
SSBP2,0.7652862
NIPSNAP1,0.7650036
PIP5K1A,0.7649203
VGLL4,0.7642972
TRIP12,0.7636043
RNF220,0.7629747
TBCD,0.7619906
POLA1,0.76075375
FTL,0.76075196
RPL26,0.7599536
UBE2G1,0.7595889
SERPINH1,0.75906396
SRSF4,0.7584751
UQCRC2,0.757478
RDX,0.7570765
SPATA5,0.75652516
PAICS,0.7563718
SLC3A2,0.75558335
SF3B3,0.7554479
TBC1D4,0.7551017
ZFAND6,0.7550265
TFDP1,0.75407624
UGP2,0.75356424
U2AF2,0.7525854
EEF1G,0.751706
RPL29,0.75095177
SCMH1,0.7482431
STRN3,0.74739456
SYNCRIP,0.7470634
TRERF1,0.7469287
NR3C1,0.74662304
YWHAB,0.74656504
WDR6,0.7462665
SURF4,0.74625754
STIP1,0.74552715
PPP2R1A,0.74512607
NONO,0.7446837
TRAF2,0.7436208
SH3PXD2A,0.7432055
STK24,0.7430396
RICTOR,0.74302816
SNX5,0.74235
SPIN1,0.7417396
RALY,0.74124557
SPTSSA,0.7407918
USP25,0.73991406
SRSF10,0.7389466
RPL35A,0.7386469
TMOD3,0.73814815
SF1,0.738125
SUPT3H,0.7377435
SETD2,0.73669404
RBBP4,0.7366881
SNRNP200,0.7359902
UQCRH,0.7356448
SRPK1,0.7355291
RPS6KA2,0.7348714
UTRN,0.73319757
TRAF4,0.7320236
UBE2Z,0.7314772
USP32,0.73126024
SMAD6,0.73077744
RPN2,0.73071223
RHOBTB3,0.7287623
TNRC6B,0.7278401
YY1,0.7268746
RSRC1,0.72616684
ROCK2,0.726011
VAPB,0.72558933
PKP4,0.7248732
PSPC1,0.72459555
RBMX,0.72372836
XPO5,0.7236151
SMG6,0.72289175
RPL27,0.72277623
PHF20,0.72265905
PRDX1,0.72193193
ST3GAL3,0.7217653
TCERG1,0.7216142
XPOT,0.72119975
UQCC1,0.7208399
MBNL1,0.71999395
TRAK1,0.7198721
RASAL2,0.7195785
VAT1,0.7192667
SCARB1,0.71906364
SKP1,0.71879315
TAOK1,0.7186923
PDE3B,0.7180384
VPS53,0.71801746
YTHDF2,0.71778446
ZNF544,0.7177261
PUM2,0.7174358
ZNF462,0.7173355
RPL12,0.7171416
RPL38,0.7162755
WLS,0.716269
YBX3,0.71550393
MATR3,0.7153803
RPS20,0.715165
SRGN,0.71483487
TRPC4AP,0.71478087
SUPT16H,0.714473
NIPBL,0.71411383
TRRAP,0.71374756
UBE2G2,0.7129982
SLC2A3,0.7125335
SEC31A,0.7125245
TGFBI,0.71204376
RAD23B,0.711093
TRMT11,0.7109097
VASP,0.7109039
RAP1B,0.7106318
VPS51,0.71029556
SNRNP70,0.70996493
SH3D19,0.70948994
KANSL1,0.709209
VAPA,0.70918185
RBM4,0.709057
POM121,0.7088232
SHISA5,0.70870894
XPO7,0.7082182
RPL34,0.70794886
WDR82,0.70755166
SMC4,0.7067821
TAF1D,0.7065373
HNRNPU,0.70647156
STAU1,0.7060397
SSU72,0.7053713
UVRAG,0.7051221
GALNT2,0.70485514
VDAC2,0.7045402
WBP11,0.70417535
TNPO3,0.7037604
SYNGR2,0.7034466
MEIS1,0.7028689
TRIM44,0.7028193
STAT1,0.70202696
MYL6,0.70142984
PRPF8,0.7012768
STK39,0.70108116
HNRNPH1,0.70102906
SRSF5,0.70096415
PTPRF,0.7006182
UBXN7,0.700557
YWHAH,0.7003885
USP24,0.7000217
SRGAP1,0.6995409
RSF1,0.69922185
SUMF1,0.6990213
SLC25A13,0.69880414
OBSCN,0.69843704
RBM14,0.69826293
TPST1,0.6981637
TCP1,0.69702536
TLN2,0.6969661
THOC2,0.6969241
SLC1A5,0.6962087
WDR43,0.6961285
USP47,0.6960321
HSPD1,0.6959699
RPRD2,0.69514215
UBA2,0.6949303
OAZ1,0.6947211
PTGES3,0.694148
SH3PXD2B,0.6932218
WSB1,0.69300765
TYW1,0.69293576
TMED10,0.6921789
SRCAP,0.69165456
RXRA,0.6912783
RAI1,0.6911778
UIMC1,0.6905257
RPL24,0.69019955
UQCRC1,0.689976
TNFAIP8,0.68987304
SLC16A3,0.6890668
SRSF9,0.688747
RAPGEF1,0.6886049
U2SURP,0.6885505
RCC1,0.687888
MRPS27,0.6878524
NR6A1,0.68777406
RAB31,0.687547
SREBF1,0.6870511
TLE3,0.68644136
UBAP1,0.68566906
NHS,0.68518806
PSMB7,0.68509066
NASP,0.6844845
XRN2,0.6844576
YY1AP1,0.6843963
ZNF721,0.6842418
PRDX6,0.6841494
PHC1,0.68412006
UBE3A,0.6838877
RABGAP1,0.6838018
SERP1,0.6837733
SLMAP,0.6836903
STRAP,0.68335485
RAPGEF6,0.68282473
ST6GAL1,0.68263143
SMG7,0.68251634
XPR1,0.6823472
OXCT1,0.6820908
TUFM,0.6820287
RAB10,0.6818497
RCOR1,0.681745
PTBP2,0.68139833
TRIM37,0.68057245
SIN3A,0.6805386
PRKCE,0.67998123
RPS3A,0.67982024
FTH1,0.67978275
SNRPD2,0.6796906
RPL31,0.67946196
XPO4,0.6786387
RPRD1A,0.6784371
ZMYND8,0.67794913
SHMT2,0.67749494
SLC44A2,0.6770699
RNPS1,0.6766746
TRPM7,0.67664087
VKORC1L1,0.67657727
SDCCAG8,0.6764065
HDAC4,0.6763119
KRT7,0.67602134
RFC3,0.67597246
UBQLN1,0.67590904
PDLIM1,0.67572135
GSE1,0.6755218
RNF216,0.6748422
MACF1,0.67457473
TRAPPC12,0.6744667
SLC7A6,0.6744084
HUWE1,0.6743906
SRRM1,0.67376536
TXNIP,0.6736382
TUBB2A,0.67327106
PDE8A,0.6730233
STK3,0.67278194
USO1,0.67253363
HDLBP,0.67239434
MAT2A,0.672356
SUPT6H,0.67233133
PDS5A,0.6719862
RPA1,0.67195493
VRK1,0.67151314
PIP4K2A,0.67018235
PPP6R2,0.67002004
MIF,0.6700108
UBE2I,0.669773
SPAG9,0.66938186
SEPHS1,0.66935736
STX16,0.66851556
NUFIP2,0.66789293
YME1L1,0.6677631
WDR26,0.6676916
TMED9,0.6675644
TLN1,0.66672325
TMED3,0.6666218
S100A11,0.6663794
KPNB1,0.66582763
TIA1,0.6655372
WDR59,0.6654836
UHRF2,0.6652347
TSEN2,0.6650083
SH3KBP1,0.66492045
ST13,0.6647167
SSR3,0.66403466
RAB3GAP2,0.66365194
RAB1B,0.6636265
SCFD2,0.6635395
WDFY3,0.6628571
NEK6,0.6628151
SENP6,0.6627968
TMED2,0.6626511
TOB2,0.6626193
YKT6,0.6626106
UBE2E3,0.6624058
PGD,0.6621185
THY1,0.660899
ZNF451,0.6608176
WIPF2,0.66078013
RNGTT,0.6607044
TIAM2,0.66065544
TTLL12,0.6606098
SMG5,0.6604332
SPARC,0.6603517
TXN,0.6603393
ILF3,0.66008025
PAWR,0.6600515
TNKS,0.66002184
POGZ,0.65974164
SUN1,0.65970755
SCARA3,0.659609
SESN3,0.6593107
STARD13,0.65922934
TJP1,0.6591652
TRAF3,0.65914357
RAD18,0.65803194
MPRIP,0.65786195
SEC24C,0.65781766
PPIB,0.65767086
ST3GAL2,0.6575877
TRIT1,0.6573196
SRSF7,0.6566076
RRM1,0.6564477
SMURF1,0.6561482
KHDRBS1,0.6560525
ST3GAL1,0.6560218
PHB2,0.65583694
TPGS2,0.6554163
PC,0.65529895
WNT5A,0.65506864
RAB5B,0.65492046
TIPIN,0.65484715
TACC1,0.6545346
UGGT1,0.6544362
SIL1,0.65430343
USP15,0.6538551
TTYH3,0.6536041
ZRANB3,0.65358174
VAC14,0.65329117
PSMD1,0.65261555
PHF21A,0.65257627
URM1,0.6524857
REV3L,0.65235627
TNFRSF10B,0.65210444
PDLIM5,0.6518813
STK4,0.65163064
STC2,0.6516234
SOX4,0.651475
RFX3,0.6513644
TP53BP1,0.6512498
SYMPK,0.6512496
LDHB,0.6511434
HNRNPD,0.6511197
TRA2A,0.650519
JMJD1C,0.6504829
RSL24D1,0.6504447
USP7,0.65031576
NUP155,0.6503019
SWAP70,0.65011495
SHC1,0.6500675
NUP210,0.6500184
HLA-B,0.6499315
NUMA1,0.6499221
TOP2B,0.6498299
PABPN1,0.6497834
TALDO1,0.6497112
OLA1,0.6496967
SF3A3,0.6493244
TES,0.64914906
SNX3,0.6491363
TOR1AIP2,0.6489127
RPRD1B,0.6482252
RIF1,0.64821213
NCAPD2,0.64801186
PPFIA1,0.6478325
RYK,0.64755136
SLC9A3R1,0.647293
RPS13,0.64713
PSMB2,0.64711803
UQCRB,0.64705795
IPO5,0.646789
SEC14L1,0.6467719
MAP1B,0.6464568
RANGAP1,0.6463943
POLR2A,0.646256
TNPO2,0.64607054
TUBGCP3,0.6459564
SUPT5H,0.6458553
LAPTM5,0.64583725
ZNF680,0.6455444
NAP1L4,0.6452939
SEC61A1,0.64516586
TXLNA,0.6451341
UBE2L6,0.6450566
MYCBP2,0.64484715
USP3,0.6445593
MBD5,0.64453304
MKNK2,0.6445094
NRIP1,0.6443256
PPP1CC,0.64412475
OGDH,0.6439642
PFKP,0.64383584
SARNP,0.6435273
TMEM30A,0.64343673
SP1,0.6431653
SSR1,0.642879
TFCP2,0.64265174
TXN2,0.6425849
NPLOC4,0.6425493
SAP18,0.64249414
SUMO3,0.64239836
WDR5,0.6423017
PRKCI,0.6422903
PLEKHA2,0.6421593
PARVB,0.6421481
ITGB1,0.6421038
PSMD11,0.6419671
ZC3HAV1,0.6418046
HNRNPK,0.6416597
TIAL1,0.6416321
USP14,0.6415316
TNIK,0.641407
SMPD4,0.641376
SF3A1,0.6411458
USF2,0.6410008
SKAP2,0.6409409
THOP1,0.64080244
SRGAP2,0.6407951
SNCA,0.64030933
PRDX5,0.6402534
STRN4,0.63988936
PPP2R5C,0.6398485
TOMM7,0.63917696
SDC2,0.6388379
NUP160,0.63794315
ZNF496,0.6379084
PCBD2,0.6378728
SREK1,0.63781655
SEC16A,0.6377629
TSPAN14,0.6377003
RSL1D1,0.6375721
YTHDC1,0.6374451
UBE2O,0.6373154
XBP1,0.63712674
SSH1,0.6370064
MKLN1,0.6367924
ZBTB7B,0.6367761
STON2,0.6367606
TEAD4,0.6366393
MAD1L1,0.63663787
POU2F1,0.6365394
SRSF6,0.636515
SRP72,0.6362662
SP3,0.63588613
WWC1,0.63570046
PAFAH1B1,0.63567716
PAPOLA,0.63551146
UBXN4,0.6353809
UBE2V2,0.63525033
OAZ2,0.6346783
SH3GLB2,0.634652
OGT,0.6342971
TAF4,0.63424397
PARD3B,0.6342102
TUBB6,0.63403773
S100PBP,0.63399935
MAPKAP1,0.63399464
MRFAP1,0.6339156
TTF2,0.6335567
HNRNPF,0.6335523
PXN,0.6333334
RPS7,0.63325983
PKD1,0.6331113
SF3B2,0.63295555
MTHFD1L,0.6328675
TFDP2,0.6328478
ZNF714,0.6325345
SNX13,0.6324649
ZMAT2,0.63241166
UCHL1,0.6323789
PKN2,0.6320502
ZNF664,0.63197255
RFX7,0.63195914
TTI1,0.6318154
GNB1,0.63175344
ZNRF2,0.6317348
SH3BP4,0.631332
HLA-C,0.63131225
NUP205,0.6313086
WASF1,0.6311105
EIF4B,0.63098854
SMARCA5,0.63078105
PRKAA1,0.6306288
TTL,0.63048935
LARP4B,0.63048375
HNRNPUL1,0.6303127
EIF4G3,0.6302528
RACGAP1,0.6302373
WWP1,0.6301828
SNRPD3,0.63010985
PRMT1,0.6300343
HMGB1,0.6298649
UBA6,0.6296122
ZFC3H1,0.6296054
TACC3,0.6293799
WDTC1,0.6293558
SETX,0.6292735
PDXK,0.629086
SCLT1,0.62902886
PHC3,0.6288939
STK25,0.6288183
PPP2R5E,0.6286997
SRRT,0.62868303
PNISR,0.6286426
ZNF124,0.62847984
ZFYVE9,0.6278714
ST3GAL4,0.627826
UBXN1,0.6275818
RBM5,0.62754655
PLCB4,0.6275313
HNRNPA0,0.6274484
USP39,0.6271967
VPS25,0.6271817
ZC3H13,0.6271426
PPP4R2,0.62699753
SPG11,0.62668544
UNC13B,0.6263151
RASSF8,0.62620836
SFSWAP,0.6261411
NOLC1,0.6259477
SOS1,0.62592316
SKIL,0.62579966
MFGE8,0.6257167
TAF3,0.62569386
JARID2,0.6256724
TMEM258,0.62551415
FSTL1,0.6254956
GPI,0.6252796
ROR1,0.6252211
SKA2,0.6252169
KDM2A,0.6249387
UNK,0.624771
PLAGL1,0.62472117
GTF2IRD1,0.6246481
SEC24D,0.62444836
SPPL3,0.6242645
SMCHD1,0.6241449
TNKS2,0.62373674
PDE8B,0.6236548
ZNF586,0.62355316
UCHL5,0.6235086
SYNE2,0.62350637
TECR,0.62305146
SNX8,0.6230499
RAB1A,0.62241787
RPS21,0.6223865
ZNF587,0.62237996
LPCAT1,0.6223053
PPP1R12A,0.62216765
SYNJ2,0.62215036
TICRR,0.62214625
ZFYVE16,0.62203467
PSME3,0.6219253
FOXN3,0.621808
WDFY2,0.6217685
SPAG5,0.62173444
UQCRFS1,0.62164676
ZMIZ2,0.6215372
USP4,0.6214838
MGST1,0.6213571
RPL18A,0.6210808
TPCN1,0.6209766
WDR41,0.6209343
SAFB,0.62062114
NLK,0.6205944
SZT2,0.6205641
PMEPA1,0.62049943
PRPF40A,0.6204646
PBX3,0.62043905
IMPDH2,0.6203741
PSMD3,0.62032866
PTPN12,0.62017155
UBN1,0.6201572
PABPC4,0.6201095
PACSIN2,0.6199188
WBP1,0.61973506
UBFD1,0.6196741
STAG3,0.6195119
TBC1D14,0.6193878
PDXDC1,0.61936355
TAX1BP1,0.6193608
TTBK2,0.6192595
UCP2,0.6191875
STIM1,0.61906433
NSUN2,0.6189928
MAP4K4,0.6188792
RUVBL1,0.6188064
VAMP8,0.6187953
SRD5A1,0.6187013
STOM,0.6185797
NUDCD3,0.61845875
UCKL1,0.6184127
KRT18,0.6183976
PRDX2,0.6181034
LAMA5,0.61785
PRKCSH,0.61778307
TNKS1BP1,0.61754376
EFNA5,0.61753535
QPRT,0.61746067
UBR1,0.6170238
TRIP6,0.6167698
PPP2R2A,0.61647314
LRP8,0.61645794
PNN,0.6162676
WIPI2,0.61621445
THAP4,0.6158467
HLA-E,0.61565554
NCK1,0.6154945
RAB6A,0.6154645
PNRC2,0.61485255
SNTB2,0.6144467
SPIRE1,0.61441267
NAA25,0.6143476
FAF1,0.614284
PEX14,0.614226
WASL,0.6142199
ZNF195,0.6139296
PDS5B,0.61370975
UPF3A,0.61315453
ZNF254,0.6130209
NUP153,0.6128651
SMARCA2,0.61273044
LMNB2,0.61269474
ZNF592,0.61261284
MCU,0.6125941
ZNF589,0.61254823
PLD1,0.61241734
NUP62,0.6122794
RAC2,0.612067
GLS,0.6117882
GDI2,0.6117042
TAF7,0.6115864
SHOC2,0.61158514
OPA1,0.6115411
TIMP2,0.611439
USP5,0.6114084
WEE1,0.6113069
TRIP13,0.611272
WDR4,0.611251
PSMA1,0.61122656
SMURF2,0.61112195
EXOC4,0.61110854
SLC25A24,0.6111061
WDR77,0.61103386
WBP2,0.61103195
RRP7A,0.61095643
MYH10,0.6107637
HSPG2,0.6107077
LMNB1,0.61049247
STOML2,0.6104142
ZNF217,0.6102486
NSMCE2,0.6099824
PSMD4,0.6099249
NEK7,0.60963917
PRC1,0.6095054
SOD1,0.60939246
PPP2CA,0.6093912
USP28,0.6092802
STT3A,0.6092362
PFN2,0.6092142
WDHD1,0.6091967
PFKFB3,0.6090237
ZBTB8OS,0.60884583
PSME4,0.60866207
TET2,0.60861355
TRAFD1,0.6085861
KIF13A,0.6085679
VPS8,0.60855967
VPS41,0.6082444
TEAD2,0.6081817
ITPR1,0.6078726
LRRC8D,0.6078129
YTHDF1,0.6077887
PMF1,0.6074351
TUBA4A,0.6073894
USP12,0.60732794
SNRPA,0.60726845
TDP1,0.6072605
TTC37,0.6072243
NDUFA10,0.60719854
VPS39,0.60714895
SLC4A2,0.6068499
GSK3B,0.606681
SEC63,0.60665303
NUP188,0.60664433
ZYX,0.60661817
MCM7,0.6065072
RABGEF1,0.60644853
NOMO1,0.60642344
TMEM50A,0.6063967
TRIM56,0.6063395
ZNF90,0.6062668
NUDT21,0.60625726
SMAP1,0.60614884
PLOD1,0.60610825
PTPRM,0.60603446
PSMB5,0.6055305
TLE4,0.60535026
WDR11,0.6052626
RRP1B,0.6051608
SSR4,0.60514426
RAB2A,0.60509056
POLR2J3,0.6050525
ZDHHC17,0.60503894
PFDN5,0.60495424
RANBP3,0.6046507
PCNT,0.60461724
PA2G4,0.60456306
NNT,0.60440075
PDE7A,0.6043695
KMT2E,0.60413647
ZKSCAN1,0.6039941
MYL12A,0.60381943
SEMA3A,0.60375416
MTA3,0.6037396
SERGEF,0.603734
PRPSAP2,0.603673
SPTLC1,0.60364664
SLC39A7,0.6035927
MCM3,0.60345495
WWP2,0.6033715
SRP14,0.60314137
USP11,0.6030229
SSBP1,0.60301363
USP6NL,0.60296243
PSMB1,0.6028578
STX6,0.602827
RIMKLB,0.6027509
GATAD2B,0.6025158
PIK3R3,0.60226643
SCAI,0.6018473
RSU1,0.60182124
SLC25A12,0.6016857
PDIA4,0.60149854
SPSB1,0.60145456
PAN3,0.60141504
PCCA,0.6014033
LSS,0.60139114
ZMAT3,0.6011861
FADS2,0.6011407
NACC1,0.60109633
RBM28,0.60094476
IPO7,0.60076404
UBQLN4,0.6006817
PIK3C2A,0.6006537
GRB10,0.6005337
RBPJ,0.6005327
UBE2W,0.6005068
HNRNPL,0.6003395
POLDIP3,0.6002936
SCNN1A,0.5999898
RBM25,0.59982705
TCF7L1,0.5997614
VTI1B,0.5997106
TYK2,0.5993688
ZNF83,0.59925205
SART3,0.5991975
SPTBN2,0.5990724
SMS,0.5990175
SEC13,0.5989948
RAP1GDS1,0.59896696
STX5,0.5989594
PTPN13,0.598863
DST,0.5988013
SNW1,0.598778
RALGAPB,0.5987469
TAP1,0.59838915
NCAPG2,0.5983455
HNRNPH3,0.5981874
TRIM25,0.5980147
SQLE,0.5979683
TBC1D16,0.5978158
SMARCAD1,0.5977498
TOP3A,0.5977427
NCKAP1,0.59773195
PUF60,0.5976784
MTHFD2,0.59765816
HNRNPM,0.59758157
MARK3,0.5974473
LGR4,0.5974408
TGOLN2,0.59719414
PRR5L,0.597121
PHKB,0.5970398
SCAP,0.5970298
SUPT4H1,0.5969853
RTCB,0.5968568
PPARGC1B,0.59667885
TRIP10,0.5965728
MYOF,0.596312
SORT1,0.59630513
PCDH7,0.59623605
KDM5B,0.59618807
OPHN1,0.5961317
PSAT1,0.596098
SNRNP40,0.5960178
UBTF,0.595869
NAA50,0.5958282
NBAS,0.59576046
PTPRS,0.5957134
MELK,0.59561074
NCOA2,0.5954933
OXSR1,0.5954554
LAMC1,0.5954167
RPS6KA1,0.5954037
YIPF4,0.59537536
SPOP,0.59527034
RBBP7,0.5951915
ZNF519,0.5950793
JAZF1,0.5950519
EIF4A1,0.5947449
STK35,0.59457546
ZNF326,0.59457535
SMC5,0.59457415
TSR1,0.59435046
UPF1,0.5942949
SNAP23,0.5942503
TSPAN33,0.59422046
SACM1L,0.59416324
STK38,0.59407073
TBC1D1,0.5939681
PPP1CB,0.59390426
RNF24,0.59379876
ZC3H15,0.593764
UBE2J1,0.59372526
TTC7B,0.5937086
HDAC2,0.5936492
TXNDC12,0.59364253
SCP2,0.593443
SLC11A2,0.5934196
RAP1A,0.593326
WRNIP1,0.59302306
TUBGCP2,0.5929863
UBE2M,0.59285766
PRPF6,0.5927384
RBM8A,0.5925334
UTP6,0.5924038
NUDC,0.5920734
UNG,0.5920638
PCID2,0.5920369
SUMF2,0.5919604
SNRPC,0.5919387
SLAMF1,0.59186625
PHB,0.5918381
RC3H1,0.5917092
PTPN1,0.591545
PDCD6IP,0.59153706
PLD3,0.5915196
RAB11FIP3,0.59150875
PFKL,0.59143543
MAST2,0.59141517
STK40,0.59118026
LUC7L3,0.59111243
HSPA4,0.5910862
ZDHHC7,0.59104437
POLD2,0.59099495
UBE2J2,0.5909592
UBE2C,0.5908521
NRF1,0.5906492
HSPA9,0.59050196
PPA1,0.5903731
KIF1B,0.59033453
NUP93,0.59028506
ZNF431,0.5902551
PDGFC,0.59019923
TADA3,0.5901076
NAA15,0.58998847
PLOD2,0.5899283
SUGT1,0.5898959
HIPK2,0.589647
SPAG16,0.589562
RFC1,0.5890699
TRAPPC8,0.5889595
NDC1,0.58890086
GLUL,0.5888867
SRP68,0.58886755
SNRPD1,0.58879864
NMT1,0.5887871
PELP1,0.58854395
RBM15B,0.58842766
PPRC1,0.5884119
UBE2S,0.58839613
TIMM23,0.58838797
MED15,0.58825135
OTUB1,0.5881866
SPG21,0.5881454
PHF12,0.5881233
RUVBL2,0.58803767
UNC119B,0.58767164
ENAH,0.5876589
POLQ,0.58763397
SORL1,0.5875773
WDR37,0.58757025
RNF217,0.5875239
TXNL1,0.58739895
ZNF445,0.5871639
MDN1,0.58716327
HNRNPAB,0.587106
NFE2L1,0.58709073
EIF4G2,0.5870825
EHMT1,0.58678925
RAB11A,0.58672714
USP33,0.58667326
STX18,0.58651215
TAOK2,0.5864455
UHMK1,0.5861837
RAD23A,0.58618367
TAF1,0.58612764
TAOK3,0.5861119
SMC3,0.5859411
TAF6,0.5859174
IQGAP2,0.585859
PPP1R14B,0.5858254
VPS36,0.5857923
SEC23A,0.585735
ZNF770,0.5857083
MCPH1,0.5856226
MTHFD1,0.58558387
RASA3,0.58556163
SLC25A17,0.5855433
NEDD4L,0.58521545
UNC45A,0.58509505
ZNF678,0.58507717
ZNHIT6,0.58505994
HMGB2,0.5849961
GULP1,0.5849231
XRN1,0.5848776
WDR75,0.584675
SETDB1,0.5845556
ZFYVE26,0.58448565
REV1,0.58431584
THRA,0.5842075
PARK7,0.58410764
RNF111,0.58407354
PSMA4,0.5840181
VPS37A,0.5839705
HERC4,0.5839269
ZMYND11,0.5838596
MARK2,0.58380395
RPL7L1,0.58380216
RHOG,0.5837005
PTPN4,0.5836926
PEA15,0.5831924
YAF2,0.58310854
PTPRA,0.58308977
MPP6,0.58303916
RAB3GAP1,0.5830347
NUMB,0.5830081
KPNA6,0.58297235
PPIG,0.58286804
ZKSCAN8,0.58279705
ZWINT,0.58261466
LSM12,0.5825447
PLK1,0.58254135
PPP1CA,0.58253306
IQGAP1,0.5825239
MCC,0.5824349
LYRM4,0.5823976
FLNB,0.5823846
SCFD1,0.58217126
TUBB3,0.58210796
YES1,0.58201575
RHEB,0.58198696
TRAPPC10,0.58197725
MAMLD1,0.58187354
RUFY1,0.5818311
TMEM97,0.58177805
MNAT1,0.5817383
TEX10,0.58173805
ZNF282,0.5817113
MYBL2,0.5816835
DDX17,0.58165824
UBAC1,0.5816562
SAP30BP,0.5816471
XRCC2,0.58157694
HNRNPDL,0.581504
ZNF76,0.581425
TAPBP,0.58133
HMGN2,0.5811866
LRRFIP1,0.58117574
PGM1,0.5811297
MLEC,0.5810805
PLXNB2,0.581038
RNF38,0.5809289
SERPING1,0.5807918
HM13,0.5807625
TADA2A,0.58063924
NR2C2,0.5805276
USP49,0.5805093
TRAM1,0.5804349
SPDL1,0.5802974
MED13,0.58022714
SF3B5,0.580218
UQCC2,0.5800554
TIMELESS,0.58004516
MAN2A1,0.57998765
PPP5C,0.57990944
SPCS3,0.57982254
PTPN2,0.57976866
NUDT3,0.5797684
SLC44A1,0.5796081
HNRNPA3,0.5796056
STK38L,0.57940733
TSC22D3,0.5792782
ME1,0.57917583
SLC25A26,0.5790453
PTDSS1,0.5790113
TRIM22,0.5788519
NUBPL,0.578835
SCO1,0.57882625
RHOBTB1,0.5786827
GOLPH3,0.5786239
TNK2,0.57857406
TAMM41,0.57856005
SRF,0.5783349
PARN,0.5780837
FXR1,0.5780097
RTF1,0.5780047
EIF5A,0.5780039
SMU1,0.57786775
PRPF19,0.5778364
ZRANB1,0.5778053
HLA-DRB1,0.57778376
VTA1,0.577771
POLR2B,0.5775656
MTA1,0.5774638
SYNRG,0.57742536
FKBP8,0.5774229
SH3BP2,0.5773617
PRKAR2A,0.57735825
RBX1,0.5772607
TGIF2,0.577169
G3BP1,0.5771346
TERF1,0.57706404
IPO9,0.57683414
WDR62,0.5768108
LSM4,0.5766341
UBXN6,0.576587
RNF5,0.5765535
PHLPP1,0.57655305
ZNF33A,0.5764738
MTR,0.5763064
MAGI3,0.5762259
STRADA,0.57619244
PSMA5,0.5761871
TBCB,0.5761688
RNF169,0.57611305
RYBP,0.57586884
MINK1,0.5758555
RPUSD4,0.5758478
MICU1,0.57579464
SMUG1,0.5757431
PLCL1,0.5757
HLA-DPA1,0.575695
MTDH,0.57561886
PSMD2,0.57560974
VCAN,0.57543975
STEAP3,0.5752207
PDIA3,0.5752065
ZNF692,0.57518697
SNX6,0.575171
PPP4R1,0.5751568
RB1CC1,0.57508385
GJA1,0.5750274
MAML3,0.5749866
ZNF219,0.57471716
TMED4,0.57465416
SOCS5,0.57462
SEC23IP,0.57454115
ZNF107,0.5744838
NDUFS6,0.5744611
SNX17,0.5744357
THADA,0.57437456
MAPK6,0.57436603
TRAF5,0.57417315
NUTF2,0.57409286
PHYKPL,0.5740401
KHSRP,0.5739632
TOMM40,0.57382977
RPS6KA5,0.5738028
PRKAR1B,0.57375866
ZNF562,0.5737158
SAFB2,0.57370305
TOMM34,0.57360846
MCL1,0.57355356
LPGAT1,0.5734824
MAGED1,0.57342875
SEMA7A,0.5729921
LAMB1,0.5729705
PRKACB,0.57280564
RBM17,0.572781
ZER1,0.57268804
MDH1,0.5726625
PIK3C2B,0.57256037
POFUT1,0.5724353
ZNF621,0.57241005
PSMD7,0.5722121
SPTLC2,0.57209015
TROAP,0.5719369
MED27,0.57168317
ZNF398,0.571566
GOLGA4,0.5714718
TTC27,0.57128024
OS9,0.57094175
USP19,0.5709166
MEIS2,0.5708297
LGMN,0.57074034
TM2D1,0.5707403
PRPF3,0.570715
MRPL3,0.57064897
VPS35,0.57055384
SIN3B,0.57054996
TSG101,0.5703756
SHMT1,0.5703303
COL5A1,0.5703141
UTP18,0.57015824
TXLNG,0.57004267
IVNS1ABP,0.57001257
SCAMP1,0.5700086
UBE3B,0.56991756
OTUD7B,0.56983423
TYRO3,0.5698222
UBE2Q1,0.56976736
TYW3,0.56975764
EIF3L,0.56967324
SCAMP2,0.56966347
TRIOBP,0.5696175
PPM1A,0.569541
TIMM17A,0.56939507
SPAG7,0.5693817
GSPT1,0.5693579
PLEKHM2,0.56931174
TUBG1,0.56930983
GMDS,0.5691882
GANAB,0.5690201
NDE1,0.5689258
TIMM13,0.56890625
SATB2,0.5688547
P4HA1,0.56885153
KCMF1,0.5687413
RPS6KB1,0.56867105
SMC6,0.5686269
ZFYVE27,0.5685699
ZNF266,0.56853855
RMND5A,0.56844276
EEF1D,0.5682707
MIER1,0.56823915
RAPH1,0.56813896
MGA,0.5680501
PUS1,0.5680319
PGRMC1,0.568014
STX8,0.5679942
KDM4B,0.56794316
NFATC3,0.56792766
ZP3,0.5679167
STARD4,0.5678796
TANK,0.5678272
NDUFA4,0.56782573
UQCR11,0.567814
SUCLG1,0.5677835
PSEN1,0.56766593
PJA2,0.56760037
SMARCA1,0.56748307
MYL12B,0.5674757
PDPR,0.56745577
ACTG1,0.56743765
SV2A,0.5674136
UFC1,0.5673982
TTC21B,0.5673889
TSN,0.5672303
ZNF623,0.56708753
UROS,0.56696963
PPP3CB,0.5669572
SHPRH,0.56692034
PAPSS1,0.5666964
EEF1B2,0.5666716
SOS2,0.56660485
ACACA,0.566552
PTCD3,0.5664505
NOC2L,0.5663609
ACTN4,0.56635934
RBM19,0.566304
HLA-DPB1,0.566243
SNF8,0.5661507
AHI1,0.56612545
ACAP2,0.56606835
PPP1R10,0.56603277
PPP6R1,0.56602836
MBTD1,0.565817
RNF130,0.5658042
SENP5,0.5657899
ACO2,0.5657879
ACADVL,0.565786
MORF4L1,0.56572264
SNRPA1,0.56572074
MCM5,0.56569207
ACTA2,0.56563836
MYO9B,0.56562674
NCOA6,0.5655801
EBF1,0.565568
SUGP1,0.56540555
POLA2,0.5653628
PUS7,0.5652424
AAK1,0.5652242
SCRIB,0.56521976
MRPL37,0.5652196
AAMP,0.5652046
ACAA2,0.56517303
ABCC1,0.56516504
ARL4A,0.5651543
CTHRC1,0.5651378
AK9,0.5651151
ARSB,0.56510925
ADAM9,0.56510895
BMI1,0.56508213
WDR18,0.56507796
ALDH4A1,0.5650763
ADCY6,0.56506306
ABCD3,0.5650465
USP1,0.56504333
RAB5C,0.5650247
CDKN3,0.56500405
NUSAP1,0.5649899
MS4A4A,0.56494313
AGL,0.5648844
SIK2,0.5648698
RIC8B,0.5648592
CCNYL1,0.5648367
USP37,0.5648033
USP42,0.56477076
ANAPC1,0.5647387
AQP3,0.56471324
SP100,0.56465757
CAPN5,0.56465137
ADAM23,0.56464964
RGS10,0.56461835
ADORA2B,0.564582
CAB39L,0.56456375
ACLY,0.5645531
ARL16,0.56453514
ACOT8,0.56451714
SUMO1,0.5645125
ATP6V1C2,0.56450635
AAAS,0.5644512
AACS,0.56444037
COMMD8,0.56443393
AASDH,0.5644339
AATF,0.56442773
ABCA1,0.56442726
AASS,0.5644271
ABCC3,0.5644256
AARS2,0.56442
C1GALT1C1,0.5644176
ABCG1,0.5644077
BNIP1,0.56440353
ABCB6,0.5644031
ABCA2,0.56440204
ABCF2,0.56439525
MPDZ,0.5643944
A1BG,0.5643901
ABCA7,0.56438655
HK1,0.56438357
ABI3,0.5643806
ABCB4,0.56435055
ACIN1,0.56433815
ALDH9A1,0.5643367
ACER3,0.5643272
ABLIM2,0.5643234
ABCE1,0.5643204
ABI2,0.56431776
ABCD4,0.56429577
ACAP1,0.5642878
ABCF3,0.5642823
ACP2,0.5642819
ACO1,0.56428176
RABGGTB,0.56428033
ACADM,0.5642726
ALKBH5,0.5642723
ABLIM3,0.56425816
AASDHPPT,0.5642471
ACOX1,0.56422555
ACOT4,0.56422055
ABHD12,0.56420094
ABI3BP,0.5641993
ALG11,0.56418854
P2RY6,0.56417066
ALDH3A2,0.5641568
ADIPOR2,0.56414133
AGPAT4,0.5641218
ACADS,0.56410235
ACSL5,0.56408745
ACVRL1,0.5640735
CXCL14,0.56406397
ACVR2B,0.5640529
ACYP1,0.5640513
STUB1,0.56404877
ACBD3,0.5640148
ACAD9,0.5640066
SCAF1,0.5640059
ANPEP,0.5639907
AGAP2,0.5639853
ADAM12,0.56398183
ADAM10,0.5639759
ACSL1,0.5639601
ADAM15,0.56394726
AOC3,0.5639464
TGIF1,0.5639462
CDK20,0.56392634
ABCF1,0.563908
CHST1,0.5639062
ACOT13,0.5638961
PPM1B,0.5638838
ADAT2,0.5638816
ACAD8,0.5638812
ABR,0.56385165
ANTXR2,0.56385106
ALDH1A1,0.5638475
ADPRM,0.5638451
PDLIM7,0.56383777
AP4S1,0.56383663
C15orf48,0.563823
ACAT1,0.56382
AGK,0.56381255
ADCY7,0.5638099
FBL,0.56380767
ACOX3,0.5638052
SEC24B,0.5638023
ACAA1,0.5637872
AIP,0.56378394
ALG10,0.5637653
ACOT2,0.56375116
ASB13,0.5637502
ACSS2,0.56374514
C18orf32,0.56372577
ABTB1,0.56371987
ALDH16A1,0.5636975
PGS1,0.56368953
ACSL4,0.563686
ADAMTS10,0.5636824
AGO2,0.56367296
SLC12A8,0.5636685
AJUBA,0.56365454
AGGF1,0.56364036
ABCD1,0.5636353
ACD,0.5636161
ACER2,0.56360865
ARL4D,0.56359565
ARSK,0.5635922
ADRA2A,0.5635806
ZNF687,0.563565
ALKBH1,0.563555
ACTB,0.5635492
AADAT,0.5635263
AGPAT2,0.56351864
ANO2,0.5634924
ADD1,0.5634912
ACTR10,0.56348336
ATG2A,0.56344813
ACE,0.56344026
AGRN,0.5634368
GCNT4,0.5634347
AGER,0.5634313
COL6A1,0.563425
ACOX2,0.56342304
ALG5,0.563421
MCM2,0.56340474
ACTR2,0.5634002
CD96,0.56338334
ALG3,0.5633782
ABCB10,0.56335634
CD36,0.563325
AMFR,0.5633245
AK1,0.5633226
ANAPC13,0.56330484
AKAP10,0.5633046
ACP5,0.5633033
APBB3,0.5633024
ALDH5A1,0.56328994
CXCL1,0.5632847
AKR1B10,0.5632775
B3GNT4,0.56326336
MEF2D,0.5632557
RCL1,0.56325305
ACAT2,0.5632503
OTUD5,0.56324595
PANK2,0.56322426
AKTIP,0.5632195
UBE3D,0.5632063
BLNK,0.5631975
ARHGAP12,0.5631972
ADAR,0.56319594
ADH5,0.56318563
FPR1,0.5631666
APBB1IP,0.56316227
BATF3,0.5631621
ATF7,0.5631404
ARHGEF4,0.56313133
NOP56,0.5631275
AP1S2,0.56311727
NAT10,0.5631139
OSBP2,0.5630958
ADAM19,0.56309193
APPBP2,0.5630891
ALAD,0.5630876
EPOR,0.56308573
ALKBH8,0.5630857
TRNAU1AP,0.5630836
ACSS1,0.5630804
AFF1,0.5630732
ADAMTS13,0.5630588
ANO9,0.5630567
SEMA3F,0.56305283
ARHGAP33,0.56303954
ACSM3,0.563026
CD5,0.56301725
AHCYL2,0.5629894
FDXACB1,0.56297415
C12orf66,0.56296104
BDKRB1,0.56295687
ADSL,0.562952
ARHGAP27,0.56294334
IZUMO4,0.562939
ATP8B2,0.5629161
ACOT11,0.5629153
ASAP3,0.56291515
ASXL2,0.5629064
CCT6B,0.5628975
ANKRA2,0.56287515
RLIM,0.56284523
MZT2B,0.56283915
AGPAT5,0.56282926
CD38,0.56282455
BAMBI,0.5628091
AIFM1,0.5627788
ARL14EP,0.5627612
DIAPH3,0.5627544
AP1M1,0.5627405
C2,0.5627296
ACTR8,0.5627292
BGN,0.56272835
ATP2A1,0.5627149
ADRM1,0.5627049
ARSA,0.56270313
DUOX1,0.5626986
ILF2,0.5626645
DCHS1,0.5626567
ADI1,0.5626506
ALG12,0.5626418
IGF2R,0.56263995
APOC1,0.5626125
CMPK2,0.5625876
SETD1A,0.56258595
AKR1B1,0.56257707
AZI2,0.56257117
ANO6,0.56256634
AKAP5,0.5625649
CLEC2B,0.56255966
ADAM28,0.5625299
MAGEH1,0.56250024
GLDN,0.5624954
ARL8B,0.5624933
IL12RB1,0.5624901
APRT,0.5624718
ANO7,0.5624604
ARHGEF28,0.5624407
ACTL6A,0.56243503
ADAM22,0.56241065
BLOC1S4,0.562399
ACTR1B,0.5623955
ADM,0.56239074
ALKBH3,0.5623856
ARAP2,0.56238097
ACOT1,0.56237906
ACP1,0.5623593
ADAMTSL4,0.5623329
ARL6,0.56230175
CARD9,0.56230134
ACTR1A,0.56230044
AIMP2,0.5622798
ACTN1,0.562275
AKR1C1,0.5622646
RPE,0.56225926
CXCL10,0.5622457
C6orf120,0.5622451
ADAMTS14,0.5622436
ACOT7,0.5622405
AMPD2,0.5622339
ADAMTS2,0.56222564
ADAMTS9,0.5621894
CTNNA1,0.5621661
ASB7,0.5621624
ALYREF,0.5621478
CASP10,0.5621423
CMTM1,0.5621177
SHROOM3,0.5621093
ALS2,0.56207573
CACNA2D2,0.56206644
CHKB,0.5620526
RPAP2,0.5620286
ADD3,0.5620259
DOK2,0.56202406
BAG3,0.5620173
ARHGEF26,0.56201357
ATP6V0A1,0.5620044
ARHGAP11B,0.561997
GAB3,0.5619733
FOXP3,0.56196666
DMTN,0.5619624
ARHGEF2,0.56196165
APLF,0.56195164
BATF2,0.56193525
BDKRB2,0.56192183
ECE2,0.56189543
COQ10A,0.56189454
SEMA6A,0.56188506
CYP7B1,0.5618702
C1orf162,0.56184316
ARNTL2,0.56183946
AGA,0.56183904
ARFGAP2,0.5618383
ARHGEF6,0.56183153
C3,0.5618245
BBS2,0.5618089
AFG3L2,0.56178766
AIF1,0.56178635
AGO1,0.5617846
ALG8,0.5617797
BIN3,0.5617635
AMOTL2,0.5617593
CD1D,0.56175894
ARHGAP10,0.5617563
CHCHD5,0.5617498
ACTR3B,0.5617402
APOOL,0.5617241
ALKBH6,0.5617177
APLP2,0.5617135
CAPN7,0.5616993
VEGFB,0.561688
AFF4,0.5616827
ARHGAP19,0.5616827
TRAPPC3,0.5616797
ANGPT2,0.5616611
FBXO6,0.56164575
AIMP1,0.5616417
C5AR1,0.5616278
CAMK1,0.5616237
AK2,0.5616123
ARSD,0.5616084
CCR10,0.561595
WARS2,0.56158155
B9D1,0.5615756
TOX4,0.5615693
ALG13,0.5615661
ANXA1,0.5615519
DUSP8,0.5615467
CX3CL1,0.56153816
ACTR6,0.5615366
AGFG1,0.5615135
AP4E1,0.5615064
ANAPC15,0.5614876
CBX8,0.5614854
AMOT,0.5614804
APH1B,0.561476
CD6,0.5614753
TIMMDC1,0.56146926
ACACB,0.56146866
BTN3A1,0.5614485
ATP7B,0.56144106
ARHGAP31,0.5614383
TSPAN5,0.56142926
ARHGAP4,0.5614092
COL6A3,0.561399
ADAMTS1,0.5613953
AKAP9,0.56139493
ARHGEF15,0.5613866
ATRIP,0.5613814
ARPC1A,0.5613754
ATP6V0B,0.5613749
ADA,0.5613662
HEY2,0.5613517
ANKZF1,0.56134546
AP5M1,0.56133926
APIP,0.5613378
ALDH1B1,0.56133515
COL8A2,0.56131375
ADAMTS12,0.56130856
HOPX,0.561305
APOO,0.56129855
CYP27A1,0.5612957
BBS5,0.56127524
GLI3,0.56127346
AKR1C2,0.5612592
ARHGAP26,0.56125647
ZNF622,0.56125575
GPER1,0.56125283
LTF,0.5612456
EXOC3L1,0.56123424
CDK3,0.56123334
ASB2,0.56123257
RAB8A,0.5612243
VPS26A,0.56122065
AHNAK,0.56122047
ARCN1,0.5612127
ANKRD44,0.56120783
AMPD3,0.5612029
FARS2,0.5611821
BPGM,0.56117684
APBB2,0.5611754
ALG9,0.56116426
ATG2B,0.5611588
APOBR,0.5611584
BCL7B,0.5611298
ZNF710,0.5611151
ALAS1,0.5611043
ASL,0.56110233
CIDEB,0.561099
BRF2,0.5610854
PSME1,0.5610525
CHI3L1,0.5610434
ADAMTS4,0.56103367
ADCY3,0.56102866
CD2,0.56101537
IL1R2,0.5609973
GBP5,0.5609936
DUSP19,0.56098735
ARRDC3,0.5609738
ACSF3,0.5609675
ITGB3,0.5609655
AMBRA1,0.5609597
CACNA2D4,0.5609567
FGD5,0.5609225
AKAP8,0.56090915
CBX6,0.5609084
ANAPC2,0.5609002
AKAP13,0.56088984
ACADSB,0.5608847
MMP28,0.56088334
ARNT2,0.5608776
MYH3,0.5608707
ARHGEF18,0.5608687
C7orf26,0.5608639
LILRB2,0.5608469
ALG1,0.56084085
ATG3,0.5608204
DLL1,0.56082016
B3GNT7,0.5608195
DYNC2LI1,0.5608113
ALPK1,0.56081116
ATP13A2,0.5608061
BIN1,0.56080484
APPL2,0.5608024
AUH,0.56080186
NME4,0.56077975
ADCY5,0.5607634
INHBB,0.56076163
ARL4C,0.560749
CD163,0.560734
GGT5,0.5607264
NFX1,0.5607181
IGSF6,0.56071556
ARL3,0.56071043
AP5S1,0.5607063
ADAM17,0.5607026
HK3,0.56069875
XRCC4,0.5606797
GFI1,0.56066865
DAB2,0.56066585
ZNF26,0.5606639
ANGEL2,0.56066126
ARFGAP3,0.5606378
CCDC174,0.5606377
ACTR3,0.5606216
ADCY4,0.5606205
VPS54,0.5606106
API5,0.5605796
AMDHD2,0.5605786
ARL2BP,0.56057644
AMOTL1,0.5605759
TDRD3,0.5605463
AXL,0.560531
MEMO1,0.5605228
ATG4B,0.56052244
TEAD3,0.5605201
RIPK3,0.5605159
CCNDBP1,0.5605155
EIF4G1,0.5605042
CMC4,0.5604983
ALPL,0.56049794
ANGPTL4,0.5604884
ARHGAP35,0.56047636
DCN,0.56046045
B3GALT4,0.56045455
PGF,0.56043375
COL17A1,0.56042033
BAG5,0.5604166
AP5B1,0.5604146
AP3M1,0.56040174
CATSPER2,0.5603855
RNF114,0.5603798
ARHGEF25,0.56037426
PPIL6,0.5603732
ANP32B,0.5603667
ATP6AP1,0.560332
ALDH1A3,0.5603151
PRMT7,0.5603129
CALML4,0.5603101
SEC22C,0.5603034
AK4,0.5603033
ARMC8,0.56029373
CHRNB1,0.5602936
AHCTF1,0.56028116
ALG6,0.5602802
AP2A2,0.56027937
BFSP1,0.56027377
CLDN11,0.56026155
AHCYL1,0.5602601
UBE2A,0.56025666
FUT2,0.56025624
ASGR1,0.5602433
AHRR,0.56023866
ANXA5,0.5602376
LIN7A,0.5602121
AP3D1,0.5602034
ATP2A3,0.56019396
ARNTL,0.5601797
ATP6V1G1,0.5601789
ATP6V1A,0.5601765
SBF1,0.5601758
ZMPSTE24,0.5601697
CGRRF1,0.5601678
CDK5,0.56016034
ARHGAP9,0.5601556
ATP1A3,0.5601547
ANTXR1,0.5601516
ZNHIT3,0.56014913
ALMS1,0.56013954
ALDH18A1,0.56013876
ARHGAP6,0.56013817
GIPR,0.5601246
ALDH3B1,0.56011903
ARHGEF37,0.5601152
AKAP1,0.5601082
CTSL,0.5600989
ARHGAP39,0.5600892
AKR1A1,0.5600883
AP3S1,0.56008506
ITGAM,0.5600835
CD248,0.56008184
EIF3H,0.56007177
UXS1,0.56004196
ANLN,0.5600414
FOLR2,0.56004107
DENND2D,0.56002474
CD69,0.56001323
ATP1B1,0.56001186
BOC,0.5600096
ATP6V1E2,0.5600086
ATP8B4,0.56000674
CD34,0.5599907
PIGL,0.5599886
CFB,0.55997956
CASP1,0.55997545
AMPH,0.55997235
ALCAM,0.55995315
ASAH1,0.5599449
RNF11,0.5599397
ARAF,0.5599352
ZNF318,0.5599285
CCDC40,0.5599101
ARG2,0.5599061
SERINC5,0.5599041
ANAPC4,0.5598905
CLUAP1,0.5598866
ARHGEF9,0.5598851
THOC5,0.559883
CARD6,0.5598678
RGS4,0.559866
ARRB2,0.55986595
ATOX1,0.5598648
C2orf49,0.55986416
ARL8A,0.5598634
ARF6,0.5598624
BBS10,0.55986065
CCDC22,0.55985206
CTSF,0.55984706
ANKRD28,0.5598465
BCAT2,0.559844
ATP8B1,0.5598375
BUD31,0.5598338
BTN3A2,0.5597911
ARL13B,0.5597867
AKR7A2,0.5597765
ATG4C,0.5597718
CDH6,0.55975497
AP1G2,0.5597507
AMY2B,0.55973876
ALG14,0.55973125
GBE1,0.5597265
SLC35B2,0.55972373
ARHGEF11,0.55972326
ASB8,0.5597132
CFD,0.55970687
ANKLE2,0.55970216
B3GNTL1,0.55969614
APOBEC3B,0.55969
ACTG2,0.5596843
ASAH2,0.55967987
NFAM1,0.55966884
TAB1,0.5596638
AFTPH,0.5596601
ARHGEF40,0.5596489
AIFM2,0.55964065
RAB5A,0.55963635
ADAMTS7,0.55963606
APOL1,0.5596334
ADCY1,0.5596259
AGPAT3,0.5596213
CYSLTR1,0.5596057
ATP6V0E2,0.55960494
ARHGAP25,0.5595984
ARFGAP1,0.5595968
GTF2H5,0.5595966
ADIPOR1,0.5595944
ALOX5,0.5595901
ADAMTS5,0.5595883
COQ3,0.55957365
ASPHD1,0.5595728
C1R,0.5595626
AGPAT1,0.55956024
B3GNT5,0.55955637
SLC30A6,0.55955404
RNMT,0.559551
STRIP1,0.5595424
CD247,0.55952805
CHST7,0.55952674
BET1,0.5595252
BMP8B,0.559508
BIN2,0.55950236
B4GALT7,0.5594915
HOXA7,0.5594878
BAG2,0.5594798
C12orf65,0.5594723
ASRGL1,0.55945444
ATG4A,0.55944777
ASIC1,0.5594397
CLEC7A,0.5594272
ATL1,0.55942047
BLCAP,0.5594027
ANK3,0.55940247
ITCH,0.55937916
SLA,0.5593627
ARSJ,0.5593572
BMP4,0.55935705
CRAT,0.55935264
CLN3,0.55934703
COL11A2,0.5593468
HYOU1,0.55934674
BBS12,0.5593266
ARAP3,0.5593185
AQR,0.5593154
C9orf72,0.55929893
SOAT1,0.559293
INCENP,0.55929005
BRPF3,0.5592707
MCM4,0.5592669
ASAP2,0.5592628
TAF12,0.55925494
ATRN,0.5592482
APTX,0.559242
ATG9A,0.55923516
CHMP4C,0.55921465
ANKFY1,0.559211
BUD13,0.5591958
CTBS,0.55919534
ATP11B,0.55917716
UNC13D,0.55917096
BAHD1,0.5591622
CCDC106,0.55916077
ATG16L1,0.55916
AP4M1,0.5591589
ATG16L2,0.5591561
ARHGAP44,0.55915356
ASCC2,0.55914617
CSPG4,0.55913526
CBR3,0.55911976
ATG14,0.5591068
TK1,0.5591017
AP2A1,0.5590992
COL24A1,0.5590963
AP2S1,0.55908465
PLCL2,0.55906105
BRIX1,0.5590545
FBXW11,0.55901605
NPTN,0.5590089
ARHGAP17,0.55900264
FDPS,0.5589909
ATP8A1,0.5589894
CHMP4A,0.5589826
AP5Z1,0.55897164
TBK1,0.5589707
BAIAP2,0.55896646
ALDOC,0.55896175
ARHGEF19,0.55895877
EPHX2,0.55894226
ARID3A,0.55893946
PDPK1,0.55891645
APOE,0.55891347
INTS3,0.5589115
NFATC2IP,0.5589011
CEP76,0.55886054
F13A1,0.55883807
ARHGEF1,0.5588349
AFMID,0.55883026
ATXN3,0.55882764
ARHGAP32,0.5588257
CEBPG,0.5588175
WSB2,0.5588092
COL5A3,0.5587992
AMT,0.55879754
APH1A,0.55878484
AGO4,0.5587705
BBS7,0.55875075
BAK1,0.5587488
ATN1,0.55873954
AP1S3,0.55873626
ADPGK,0.5587351
CES4A,0.5587343
SRM,0.55872947
ECM1,0.5587269
AGTRAP,0.55872005
BMP2,0.5587134
ATF6,0.5587129
ANAPC16,0.55870306
ATPAF2,0.55868995
APBA3,0.5586855
AVL9,0.5586832
TRAF3IP2,0.55868095
POLR1A,0.55866754
ANXA6,0.5586624
APOBEC3G,0.5586593
AP1G1,0.55865604
CCNG2,0.55864805
BANP,0.55864227
TBC1D10B,0.55862665
ANXA2,0.5586135
ASS1,0.5585954
APAF1,0.5585871
CBR4,0.5585731
AHCY,0.55857307
ATF6B,0.55855095
AKT1S1,0.55854475
ARF3,0.5585367
ATP6V1D,0.5585289
BIRC2,0.5585229
CACNA1H,0.55851686
ARAP1,0.55851096
ARFGEF1,0.5584906
ASB1,0.5584868
NDST1,0.55847967
CEP135,0.558439
ARHGAP24,0.5584377
CSTA,0.55843616
ANO1,0.55842435
C5,0.5584157
CTSO,0.558415
CCNE2,0.5584128
PTK2B,0.55841243
GRB2,0.558403
C17orf49,0.5583837
FAM13A,0.5583776
ARHGAP11A,0.5583739
BCL2L2,0.55836904
MEF2A,0.5583568
MPZ,0.55835587
CMTM7,0.5583495
AREL1,0.55834943
CCDC115,0.55833036
AMMECR1,0.5583104
HEYL,0.5583066
CNN1,0.558303
B3GALNT1,0.55829626
CBLL1,0.5582923
B9D2,0.55828726
CASP6,0.55826306
BECN1,0.5582597
CCDC59,0.5582573
CELSR3,0.55824584
SRI,0.5582413
GLRX2,0.55823594
CCDC86,0.5582275
APPL1,0.55822384
CLIC3,0.55820924
HDAC8,0.55818236
ARSG,0.5581782
HES4,0.55817795
CHRD,0.55817515
ARHGAP18,0.55817205
CDC6,0.5581565
FCER1G,0.55815244
CISH,0.55815095
MAPKAPK2,0.55814874
ASPSCR1,0.55814636
ANP32A,0.5581379
ZFP36L2,0.5581362
TRMU,0.5581257
COL15A1,0.5581246
CREB3,0.55812407
CLDN23,0.5581219
CD68,0.5581126
CCDC80,0.5581114
RARS2,0.5581066
AQP1,0.5580947
C2CD2,0.5580827
MAP4K5,0.5580761
BAZ1B,0.5580429
ATG12,0.5580383
AP4B1,0.55803794
CA2,0.5580231
CACNB3,0.55802184
DENND1C,0.55801505
CDK11A,0.5579917
BBC3,0.557988
CDS1,0.5579845
CEP70,0.5579836
AGO3,0.5579789
BEST1,0.55797535
SDS,0.55794823
BTBD1,0.55792767
BOLA1,0.5579027
BLVRB,0.55789816
BHLHE41,0.5578867
CXCL16,0.55786675
BMP2K,0.55785054
C2CD3,0.5578449
APBA1,0.55783373
CETP,0.55781674
CAPN10,0.5578002
CNGA1,0.5577741
ADK,0.5577675
BLOC1S6,0.5577555
CLN8,0.55774504
BTF3L4,0.55773985
FCGR3A,0.55772954
CACNA1C,0.55772734
DET1,0.5577265
KCNAB3,0.5577231
CCP110,0.5577228
BTD,0.55771834
GGT1,0.5576919
B4GALT3,0.5576909
C17orf75,0.5576886
GSDMB,0.5576823
AP3B1,0.55767936
SNAPC4,0.5576769
BEND3,0.55767167
BNIP3L,0.55766493
ARFRP1,0.5576572
ATAD5,0.5576561
ATP6V1C1,0.55763406
CHST14,0.55762345
MMS22L,0.55761045
CMKLR1,0.55758303
MAOB,0.5575775
ASF1B,0.55756354
ASPM,0.5575573
ATP1B2,0.5575561
ARPC1B,0.55755395
OLR1,0.5575455
ANAPC7,0.5575425
CNTNAP1,0.55754083
COQ9,0.55754006
GNLY,0.5575387
F5,0.5575177
CC2D2A,0.55751127
CACYBP,0.5575093
ARFIP2,0.55750316
COMMD3,0.5574955
CDH5,0.557492
CACNB1,0.5574836
ALS2CL,0.5574771
EPHB3,0.557459
AHSA1,0.55744565
RAB14,0.5574411
APBB1,0.55743176
DCLRE1B,0.55743027
UQCR10,0.5574216
BCL7C,0.5574126
PDSS2,0.55741227
PELI2,0.5574003
CABLES2,0.5573852
ARL2,0.55738
ATG5,0.5573788
CEACAM1,0.55736023
ASB6,0.5573423
SERINC3,0.55733156
EVI2B,0.557319
AGMAT,0.5573138
ASNS,0.55730504
B3GAT3,0.55728966
ULK1,0.5572798
GNAI2,0.5572652
SMARCC2,0.5572634
PES1,0.55725616
PDCD6,0.5572519
B4GALT2,0.55724716
ATIC,0.55724305
RAMP3,0.5572428
B4GALT4,0.55723035
TAF4B,0.5572201
CHCHD10,0.5571796
ARFGEF2,0.55717224
HMGCS1,0.5571631
LMO4,0.5571599
CDC14B,0.5571302
FAM20A,0.55712694
ARHGAP30,0.5571121
FRAS1,0.55710775
CD200,0.55710214
PYGL,0.55709577
AP2M1,0.55708444
CD109,0.5570761
BOLA3,0.557072
DISP1,0.55706376
STAMBP,0.55705893
ADNP,0.55705065
CAMK2G,0.5570186
ATP6V1E1,0.5570002
DDHD2,0.55699027
CLEC3B,0.55698955
GADD45G,0.5569861
CLIP3,0.5569726
CD86,0.5569692
ELOVL7,0.5569663
TP53BP2,0.556961
AUP1,0.55695295
CMYA5,0.5569447
CDC16,0.5569319
BYSL,0.55692554
BCL2,0.5569174
UFM1,0.55690354
ALDH7A1,0.55689967
ATP7A,0.5568984
ANKRD27,0.5568947
KDELR1,0.55688685
ZNF700,0.5568853
HSPA5,0.5568812
MS4A6A,0.55686724
BLOC1S5,0.55686074
BSCL2,0.5568492
ATP6V1H,0.55684364
CD4,0.5568369
CYP2U1,0.556831
CCZ1,0.5568212
COL16A1,0.5568181
CPLX1,0.55674493
POSTN,0.55673623
CUBN,0.5567324
BLVRA,0.55671084
ARL6IP5,0.5567074
CARD10,0.55670714
IL18R1,0.5566731
DNAH1,0.55667263
ATF2,0.5566693
ARID4A,0.55663717
AP2B1,0.55662364
AGPS,0.55661625
CCDC136,0.5566153
DYNLT3,0.55657965
RAB30,0.55657697
CTU1,0.55656826
TRPC1,0.5565682
IL17RE,0.5565668
CREB3L4,0.5565584
HECTD1,0.5565582
CACNB2,0.55652076
BCKDHB,0.55651194
BLOC1S2,0.5565059
CHEK1,0.5565053
C1D,0.5564651
TRIM14,0.5564649
ARPC5,0.5564535
ATP6V0A2,0.55644304
BHLHE40,0.5564268
YIPF6,0.5564165
BRPF1,0.55636775
CENPA,0.55636317
FBP1,0.55634934
BTC,0.55633277
IP6K1,0.55633134
CPT1B,0.55632305
PFKM,0.55631715
FBXL22,0.55628896
DNAH5,0.5562612
CHTF18,0.556244
FOSB,0.5562433
KMO,0.55624
FBXL8,0.5562258
CBY1,0.55621576
MCMDC2,0.55621505
CCNK,0.5562118
BANF1,0.5562047
TAF2,0.55616784
BLOC1S1,0.55612814
BCKDK,0.5561166
ANXA7,0.5560772
EFNB1,0.5560708
B3GALNT2,0.55605936
CORIN,0.5560064
SNRPB2,0.5559695
APOBEC3F,0.5559647
DOLPP1,0.55596113
DPP4,0.55595225
ARF5,0.5559457
ASCC1,0.5559243
CD320,0.5558955
COG1,0.55588037
CHRNA10,0.55587137
VPS4A,0.5558643
METAP1,0.5558507
COA5,0.5558427
APOBEC3C,0.5558262
MBD2,0.55580807
INMT,0.5558027
ARHGDIB,0.55580026
TPCN2,0.55574983
ANAPC5,0.5557393
ATAD3A,0.5557386
BICD2,0.555728
CETN2,0.5557208
STARD3NL,0.5556825
ARF1,0.55567807
CCNT1,0.55567217
ATG4D,0.55565053
DXO,0.5556103
BNIP3,0.5555684
ATP6V1B2,0.5555641
ATPAF1,0.55555475
C1GALT1,0.55555373
BTN2A1,0.5555107
BCAR1,0.5555098
BCCIP,0.5554939
KRT19,0.55548245
MED14,0.5554668
CLCF1,0.55544573
PRDX3,0.555424
CENPL,0.55541176
ATG13,0.5553963
S100A9,0.5553952
GPR176,0.55535734
ARL1,0.55535173
ATF7IP,0.5553131
ARHGDIA,0.5553023
BTBD2,0.5552872
LIN7B,0.55528367
CASP2,0.5552707
CENPC,0.55526763
SARS2,0.55525106
CRY1,0.5552425
CDC37L1,0.5552421
CEP250,0.5552203
NPC2,0.55521524
PRMT3,0.5552041
AP3M2,0.55518734
CHST12,0.5551797
CDK7,0.5551693
ATP6V0C,0.5551632
EFCAB7,0.55515873
CETN3,0.5551567
CTC1,0.5551531
ITPR2,0.55513936
NPRL3,0.5551327
URB2,0.5551272
CRELD2,0.55511236
ZWILCH,0.5551096
HSPB2,0.55510193
RANBP9,0.55509114
CLIC2,0.5550806
EPHB6,0.5550738
COL9A3,0.5550558
CAMLG,0.55504316
CALCRL,0.5549984
BCAS2,0.5549936
CENPB,0.5549893
NDUFS1,0.55498266
DIMT1,0.55495834
CASZ1,0.55494887
CDKN2AIP,0.55494636
COX17,0.5549436
BID,0.55492157
PDK1,0.5549053
CGNL1,0.55489767
DERL3,0.55489117
CEBPB,0.5548905
ATP2B4,0.55488265
CITED2,0.55487055
ATM,0.55486655
PFAS,0.55486655
ARID4B,0.554866
ATXN7L1,0.5548371
CENPQ,0.5548144
CES2,0.55481315
ZNF286A,0.5547871
ARIH1,0.55477756
LSP1,0.55477554
RANBP10,0.55475825
ENPP2,0.55475646
HERC6,0.5547466
FPR3,0.5547387
ATF4,0.5547322
AP3S2,0.5547247
BRD8,0.55471605
UGCG,0.55466866
ARHGEF3,0.55466413
BRCC3,0.5546452
DDX20,0.5546392
BCAP31,0.5546234
CIB1,0.554621
LMO7,0.55459285
CBX7,0.55458826
SPOPL,0.5545852
BAIAP2L1,0.554579
BCKDHA,0.5545773
P4HA3,0.5545754
CCNH,0.5545635
ZC3HC1,0.5545579
CLDN1,0.554546
WDR3,0.5545445
ARHGAP21,0.55454063
PRPF4B,0.5545334
BABAM1,0.5545254
CD180,0.5545253
CRY2,0.5545132
DHX58,0.5545072
NLRC4,0.5545063
PHF19,0.55450284
EDIL3,0.5545021
ARIH2,0.5544984
BFAR,0.55448514
BPNT1,0.55447704
CLDN15,0.55444753
PPP1R18,0.5544423
ARF4,0.55443263
ALDOA,0.5544193
STX7,0.5544133
ANP32E,0.5544105
CMTR2,0.5544074
PITPNA,0.5543914
DHRS1,0.5543905
ATP11A,0.5543816
CHUK,0.55437744
COLQ,0.5543764
CDK16,0.5543597
AURKAIP1,0.5543505
NUP50,0.554349
BMP1,0.55434287
FGD3,0.55433047
BTRC,0.55429226
ATAD2,0.5542775
MAP3K2,0.5542757
CUL7,0.55426264
CASP4,0.55426085
RXRB,0.5542502
COMMD5,0.5542462
BAG4,0.5542431
DGKQ,0.5542429
CASP7,0.5542413
DCLRE1A,0.5542336
GPR68,0.55423284
EFNA3,0.5542259
CABYR,0.55421555
DPM3,0.5541973
C17orf80,0.5541272
SAMD8,0.554112
ARRB1,0.5541105
BCS1L,0.55408365
CYP2J2,0.5540773
RAB36,0.5540606
DES,0.5540602
SNAP47,0.5540596
DISP2,0.5540542
CALCOCO1,0.55405277
ZDHHC21,0.5540494
DUSP10,0.55402565
RFX5,0.55395925
GALNT1,0.55391794
BRF1,0.5538878
NOP58,0.5538628
CDKN2AIPNL,0.5538229
CSDE1,0.5538032
CDH23,0.55380124
CEP41,0.55379087
ARPC2,0.5537757
CDIPT,0.55377334
CFL1,0.5537701
CCL4,0.5537563
REEP3,0.5537149
BLZF1,0.5537114
CARF,0.55369407
DDX58,0.5536837
CCL5,0.5536825
BRD2,0.5536585
CCNF,0.55363894
CLPP,0.5536366
B3GNT8,0.55361664
COLEC12,0.5536136
GPNMB,0.5536049
FLT4,0.5535999
ATP2B1,0.55359006
CAT,0.55358154
ORC2,0.5535609
GBP3,0.5535461
COPS5,0.55354345
CEP97,0.5535396
PYCR1,0.5535246
CHPF,0.55352104
CHRAC1,0.5535171
IFI44L,0.5535125
CDC7,0.55350894
CCDC68,0.5534989
CDH24,0.5534927
CBR1,0.55347675
CADM1,0.55345845
CIR1,0.553452
BACE2,0.5534519
AZIN1,0.55344826
POLK,0.5534423
TONSL,0.5534415
FZD1,0.55342877
DOLK,0.5534037
APP,0.5533929
CTSK,0.55338264
COL1A2,0.55337733
KDELR2,0.5533539
BCAS3,0.5533169
BMF,0.55328053
FGR,0.5532681
BRAP,0.5532622
CD27,0.5532613
ZNF91,0.55325973
RBBP6,0.55325365
CBFB,0.5532392
YEATS4,0.5532236
CD2BP2,0.5532099
PDHX,0.55320454
BIRC5,0.5531816
CCNL1,0.5531731
BUB1,0.5531634
TGS1,0.5531593
CWF19L1,0.55315363
CYP2D6,0.5531158
CARS2,0.5530705
DCTN3,0.55305576
PPIF,0.5530409
FOXK2,0.5530261
CDON,0.55302155
CYP3A5,0.5530138
EIF4E3,0.55300057
DAPP1,0.553
PFKFB4,0.5529043
BTAF1,0.55287904
PEX19,0.5528783
COPZ2,0.5528673
CBX4,0.55283755
DALRD3,0.5528285
VPS52,0.55282724
ATXN1,0.5528181
LONP1,0.55278623
COA6,0.55277085
CABLES1,0.5527696
BZW1,0.55273795
COQ6,0.5527241
CEP78,0.5527212
CAMKK1,0.5527071
CDCA2,0.55268216
SLA2,0.55265844
DEPTOR,0.5526456
EXOSC4,0.55263966
CYB5R1,0.55261606
CDCA8,0.5526039
CDC5L,0.55258954
BIRC6,0.5525665
RGS5,0.55255556
CYP2R1,0.55252177
AAR2,0.5525131
CYTH4,0.5525019
CAPN2,0.55249256
ARHGEF12,0.55247885
CFL2,0.55247194
DHDH,0.5524542
COPS4,0.5524502
CKAP2,0.55244195
COL6A2,0.5524397
CRMP1,0.552433
BBS9,0.5524278
E2F8,0.5523959
HYI,0.55239105
BOP1,0.55239075
DYNC1I2,0.55238277
ASH1L,0.5523775
CDC40,0.55236125
ELMO3,0.5523523
ATXN2L,0.5523204
CDR2L,0.55231744
COG2,0.5523155
CCDC97,0.552312
CBX2,0.55230165
BMPR2,0.5522956
DCK,0.5522847
CHMP5,0.5522584
DPYSL3,0.55225664
C1QBP,0.5522563
BRK1,0.5522148
BMS1,0.55219793
BCL2L11,0.5521923
CD300A,0.5521764
DPCD,0.5521763
CLCN6,0.5521629
HSPA12B,0.5521333
ARPP19,0.5521266
C2CD5,0.5520941
CREM,0.55205977
ARPC4,0.55202854
COMMD6,0.5519996
DPH3,0.55199397
CDK2,0.55197805
DDX60,0.5519585
CHCHD1,0.5519559
CDK11B,0.5519423
GALNT14,0.5519251
TRAF3IP1,0.55188996
ERGIC1,0.5518693
CYB5R2,0.5518617
CKS2,0.55184263
POLD3,0.5518196
DENND2A,0.5517625
EAF2,0.5517546
CCS,0.55173975
CNTRL,0.55171525
B3GNT2,0.5517064
RAB11FIP1,0.55168897
CDC23,0.5516879
ATG10,0.5516846
CAD,0.55165833
CROT,0.5516221
CYP39A1,0.55161685
CCNA2,0.5516054
CHAF1B,0.5515989
CDCA5,0.55159825
PIKFYVE,0.5515626
BATF,0.5515611
CDCA7,0.551517
CHFR,0.55149627
ATP1B3,0.5514863
CCNB1,0.55148184
WDR36,0.5514811
NDUFV1,0.55146813
DDX19A,0.5514316
BRD1,0.5514127
DCAF17,0.5514076
COQ10B,0.551375
CREB5,0.5513743
OXNAD1,0.5513634
CD52,0.55134153
PSMC5,0.5513354
CCR7,0.55132645
SEC24A,0.5513066
EHD3,0.5513057
COPS7A,0.55129087
ITGA8,0.55128765
CARM1,0.5512665
HSD17B4,0.55124485
CPD,0.5512415
BARD1,0.5512406
PIR,0.5511975
NPHP1,0.5511905
ASPH,0.5511734
BAZ2A,0.55116713
CDC25A,0.5511525
UTP20,0.5511493
CAPG,0.55112517
BRWD3,0.55111974
CLDN7,0.5511096
NHP2,0.55110925
EVI2A,0.5511089
FAM114A2,0.55110794
DECR1,0.55110013
CALM1,0.55108917
PRPS1,0.5510849
DERL2,0.5510224
MRPS21,0.5510155
CNIH3,0.5509986
CELSR1,0.550997
CMTR1,0.5509716
ARID5B,0.5509626
IP6K2,0.55095947
DDX28,0.55095565
LARP4,0.5509266
CTH,0.55091965
MAP3K4,0.5509004
ANO10,0.55089873
BCL2L1,0.5508685
CD58,0.55083185
TUBGCP4,0.5508305
CEL,0.5508049
SLC19A1,0.5507882
BDP1,0.5507852
SF3B4,0.55077165
CAP2,0.5507621
TARS2,0.55076015
F8,0.55075365
CHMP6,0.55075306
CNIH1,0.5506926
CLK4,0.55068856
PKN1,0.5506748
LIN37,0.55066884
CMAS,0.55066717
CD99L2,0.55066407
DNTTIP1,0.55065036
DYRK1B,0.55063874
DNASE2,0.5506345
COL9A2,0.55063295
NDUFAF2,0.5506118
CENPN,0.5506061
CELF1,0.5505794
SSB,0.55056685
CHID1,0.55053943
G3BP2,0.550524
BAG6,0.5505199
CDC34,0.5505197
TRIM26,0.55051786
PGAP1,0.5505151
EXOC6B,0.5505032
CNOT7,0.5504928
CDCP1,0.55048144
MBD3,0.5504738
CALCOCO2,0.5504733
GDF15,0.550467
TRIM11,0.550444
BCAT1,0.5504305
FADS1,0.55040354
MTSS1,0.5503969
COPS3,0.55039024
CCNB2,0.55036974
CNNM4,0.5503249
CUL9,0.5503108
ALG2,0.5503011
GINS3,0.5502875
FCGR2A,0.5502767
CBX3,0.55021363
GNGT2,0.5502116
COASY,0.5501962
MAOA,0.55018073
CSTF2,0.5501713
CDK5RAP3,0.5501616
C3orf38,0.5501494
GCAT,0.5501403
SASS6,0.55011743
CHN2,0.550095
CHML,0.5500907
COX7B,0.55008054
DGAT1,0.5500512
KIF4A,0.55004317
BUB3,0.5500303
RALGPS2,0.5500301
CLHC1,0.5500155
CCNL2,0.55001324
CAB39,0.54996806
UNC5C,0.5499662
DNAH17,0.54995656
RGL1,0.5499346
CKAP2L,0.54991907
CEP120,0.5499155
MDC1,0.5499111
CTSA,0.54988015
NDEL1,0.5498638
CCDC88C,0.54984945
ASAP1,0.54983944
CENPI,0.54982525
CAPN15,0.5498238
CENPH,0.54981285
CSF2RB,0.54979086
DSCC1,0.5497798
DFFB,0.5497514
SCLY,0.5497156
CAMK4,0.5497129
SEMA4B,0.5496918
MTMR12,0.5496805
TNFRSF21,0.5496711
GLIPR1,0.5496294
CIB2,0.5496278
CCDC12,0.5496148
FST,0.5495935
COX15,0.54958904
CDC25C,0.54958045
MGAT5,0.5495623
CDS2,0.5495614
RAB12,0.5495553
CDK9,0.5495551
ZNF791,0.549538
DNAJB11,0.5495366
PPP2R5A,0.5495081
EAPP,0.5495023
PDCD4,0.54950064
CWC22,0.54949176
ATP2A2,0.5494842
COIL,0.5494841
COQ7,0.5494691
SLC25A25,0.54946125
PSMC3,0.54939055
ZFP36,0.54938734
ATRX,0.54937774
BRD9,0.54937685
COPS8,0.54936737
SART1,0.5492965
DHRS3,0.5492591
KNTC1,0.54925877
SDAD1,0.5492216
ROCK1,0.54920393
DCAF4,0.5491977
CTNS,0.54918
GNA14,0.5491457
CCM2,0.5491332
FBLN5,0.5491305
DCAF10,0.5491235
VMA21,0.54912
CD83,0.5491127
CPSF3,0.54909056
FUT1,0.54908687
FMNL2,0.54906934
CALD1,0.5490654
ETV7,0.5490627
PRMT5,0.54902613
PIK3C3,0.5490242
FBXO15,0.5489733
EIF4H,0.54894936
CDC25B,0.5489428
CKLF,0.5489187
CAPZA2,0.5488823
RPS6KB2,0.5488612
FSCN1,0.5488122
CDK4,0.54877996
CENPO,0.54877716
DCUN1D3,0.5487771
CD63,0.54877573
BICD1,0.54876906
IL17RA,0.5487621
ATXN2,0.5487603
DLC1,0.54872876
CEP55,0.5487253
DUSP6,0.54872096
CD40,0.54871875
DAPK2,0.5487176
SLBP,0.5487103
ELOVL5,0.548692
CAMKK2,0.54867935
LMCD1,0.5486565
BSG,0.5486519
CLK1,0.5486397
SEPHS2,0.54861325
EXOSC8,0.5486071
SCD5,0.5485711
DOCK8,0.5485691
COMMD2,0.54855686
OSBPL1A,0.54855627
SNX4,0.5485282
FAAH,0.5485209
CIAO1,0.5484691
EME1,0.548465
DYSF,0.5484635
KIF11,0.5484615
POLR3E,0.54841226
GIGYF2,0.5483343
PSMB3,0.5483222
DUT,0.5483049
DACT1,0.54830146
PI4KA,0.5482719
CLCN7,0.54826236
SENP3,0.54824334
S100A6,0.54822385
CHMP2A,0.5482114
NFYC,0.54818916
CSTB,0.5481758
CHST15,0.54811984
COG6,0.54807985
CPT1C,0.5480614
PDCD11,0.5480303
COL5A2,0.5479804
DNAJA4,0.5479712
PAIP2,0.5479545
DPM1,0.5479431
CDR2,0.5478258
FCGRT,0.54781854
DIS3L,0.54780143
CDC42EP4,0.54779524
CERS5,0.54779375
CD53,0.54778737
DONSON,0.54778105
CHMP3,0.5477518
CDC20,0.54774266
CNOT6L,0.547725
CDK19,0.5477071
HLA-F,0.54770166
BRWD1,0.54769504
CDT1,0.5476783
COG7,0.5476702
DIAPH2,0.54765743
CEPT1,0.5476553
FDXR,0.54763544
DBP,0.5476263
EID3,0.54760325
B4GALT1,0.5475966
COG8,0.54759234
COG3,0.5475911
GPD2,0.5475875
STIM2,0.54756904
TRAPPC6A,0.5475657
CHAF1A,0.54755574
ATXN10,0.5475555
CDCA3,0.54753894
CDKL5,0.5475291
CYTH2,0.5475177
NCOA7,0.5475118
CENPT,0.5474892
CREBRF,0.5474622
ARHGAP29,0.5474389
PBX2,0.54741687
DHRS11,0.54740274
PIGU,0.5473973
FAU,0.54739624
CAPNS1,0.5473894
SDCBP,0.5473656
DHPS,0.5473065
CHMP2B,0.54730284
CAMK2D,0.5472992
ITPR3,0.547297
KLHDC3,0.547252
CAP1,0.5472494
COL18A1,0.54724413
LARS2,0.5472002
HS3ST1,0.5471936
SNX2,0.5471933
EAF1,0.54712945
DUSP1,0.5471215
CEP290,0.5471004
CPNE3,0.5470999
GRK4,0.5470874
CALM2,0.5470522
DNAAF2,0.54704255
HYLS1,0.5470265
NUDT5,0.5470074
HMGN1,0.5469906
PIP5K1C,0.54698706
KCNH2,0.54696435
SGPL1,0.546947
CENPJ,0.5469459
DENND2C,0.5469082
CD9,0.54690003
KANK1,0.54689616
NLRC5,0.5468505
ERMAP,0.54682946
GADD45A,0.54677516
SENP1,0.5467505
DRG2,0.5467309
COPS2,0.5467274
CAND1,0.54671216
CERK,0.5466976
MAU2,0.5466959
RAI2,0.5466912
GPX3,0.546681
CREG1,0.5466768
CABIN1,0.5466515
TCIRG1,0.5466351
CAPN1,0.5466228
COX18,0.54659826
CNOT11,0.546585
LDLR,0.5465458
MAPK14,0.54651827
EDNRA,0.54650325
ECD,0.5465032
RNF128,0.5464865
CRTC2,0.5464702
PERP,0.5464625
TRIP11,0.5464552
GDPD1,0.5464529
SPARCL1,0.54643273
CNOT8,0.54641354
RFX2,0.5464072
MAPRE1,0.546395
WDR91,0.5463639
VPS26B,0.54636097
IFI30,0.54633754
METAP2,0.5463113
ITPKB,0.54628664
HEG1,0.54627585
ENPP1,0.5462729
HDAC11,0.5462446
CCT6A,0.5461977
LMF1,0.546151
FKBP4,0.5461249
COPE,0.54611546
ZNF267,0.54610306
TGFBR1,0.5460935
COL8A1,0.54609
CALU,0.546085
LIPG,0.5460844
ECHS1,0.5460756
CENPM,0.5460375
E4F1,0.5460291
FER,0.545992
DHRS4,0.5459808
PRCP,0.5459723
CSTF2T,0.5459657
TMEM132A,0.5459607
BACH1,0.5459593
FBXO4,0.54593986
CD48,0.54590464
CCAR1,0.5459012
HFE,0.54589385
COG4,0.5458547
MSL2,0.54584163
COX6A1,0.5457894
COL7A1,0.5457648
FRK,0.54576397
MRPL51,0.54576063
HADHA,0.54573053
SEC61B,0.5456924
PSMD12,0.54567504
PPM1L,0.5456745
EZH2,0.5456658
ENSA,0.54563236
CYP2S1,0.54561496
CHN1,0.5456074
CEP164,0.54557127
NLN,0.5455577
FPGT,0.54551643
DCAF15,0.54549664
DMPK,0.54549074
CHMP1B,0.54547274
CDK17,0.5454701
NKD1,0.54546094
XYLT2,0.5454018
EIF2B4,0.54539657
KIF22,0.54536885
DDX51,0.54536825
ZNF33B,0.5453611
CHP1,0.5453605
CSTF1,0.54532
CD47,0.5453147
KBTBD8,0.545311
DDA1,0.54528
LY96,0.54525214
TNIP2,0.54525125
NUS1,0.5452309
RPL36AL,0.5452221
CEBPZ,0.54521406
GBP4,0.5452109
SPCS2,0.5451849
DUSP7,0.5451841
DMWD,0.5451699
CDC42,0.5451279
TMED5,0.54510975
SFI1,0.5450859
CHERP,0.5450758
DPH2,0.545045
ERCC6L,0.5450434
CCDC93,0.54500234
FARP1,0.5449809
CRYZ,0.5449721
CPT1A,0.5449306
UVSSA,0.544921
EIF3D,0.544863
CLSPN,0.5448435
FBXO45,0.54483813
PKP2,0.54483116
CDC37,0.5448298
PSMB8,0.54482955
CWC15,0.5448245
CTDP1,0.54481
DSC2,0.5447879
SLC15A4,0.54477906
CLEC2D,0.54476815
SYNE1,0.54472184
GRIN2D,0.544702
FHL1,0.5446935
ST6GALNAC4,0.5446861
SEC62,0.5446861
GTF2I,0.54468524
COX11,0.5446824
TNFRSF1A,0.54466933
CBLB,0.5446554
CEP72,0.5446543
CSF1,0.544649
CEP350,0.544636
GCSH,0.5446185
CAST,0.54457456
FKBPL,0.544558
LGI4,0.5445538
CLPX,0.5445043
GLYCTK,0.54445064
DPH1,0.54444766
SNRPE,0.544443
CRLS1,0.54442614
DENND1A,0.5444229
PPP3R1,0.5443897
TMEM11,0.54438585
CXXC1,0.54437447
GPR183,0.5443478
DDX39A,0.544347
BTF3,0.5442714
DMAP1,0.5442463
BTBD3,0.54421324
GABARAP,0.54420567
MTF2,0.5442024
ZNF84,0.54419976
TMEM63A,0.54416674
YARS2,0.5441357
FLNC,0.54411924
CNOT6,0.5441168
FNIP1,0.54409707
COX20,0.5440104
CDC42BPA,0.5439819
CERS4,0.54392946
KIAA1549L,0.543914
COX10,0.5439036
CLK3,0.5438926
LRRC6,0.54389155
GATAD2A,0.5438899
GEMIN2,0.5438835
CXADR,0.5438457
CLDN12,0.5438388
CDK13,0.5438331
PPL,0.54383045
DDIT4,0.54382545
DNAJB9,0.54377246
CERS2,0.5437573
USP45,0.5437362
SORBS3,0.5437277
IL7,0.5436693
CBFA2T2,0.54363006
ELK1,0.54362786
CASK,0.54362345
CDK8,0.5436219
HES1,0.5436062
RBBP8,0.5435995
LRFN1,0.5435441
DCLRE1C,0.5435258
EFNA1,0.5435038
RAB4A,0.5434463
CPT2,0.5434441
CCT2,0.5434303
CD2AP,0.54342693
ERP29,0.54342574
NDUFA4L2,0.5434028
DDX52,0.5433913
COL4A1,0.5433711
DYRK2,0.5433686
CANX,0.54336065
CCDC91,0.5433538
CHCHD6,0.5433459
CLOCK,0.54333663
EMC3,0.54333466
CCNT2,0.5433189
CHCHD3,0.54325277
HK2,0.54321676
CAMK1D,0.5432155
LRP5,0.54321474
TATDN2,0.5431721
HARBI1,0.54312533
EPB41L2,0.54311436
DPY30,0.5431036
LYZ,0.5430724
CMPK1,0.54305905
PLAA,0.5430584
COQ5,0.5430546
RCOR3,0.54304785
RRP36,0.5430477
WDR46,0.5430285
ZNHIT1,0.5429934
SECISBP2,0.5429387
CPSF7,0.54290706
CCT8,0.5428888
CHPF2,0.5428669
DTX3,0.54284054
CNOT4,0.54282594
ZNFX1,0.54282254
CPOX,0.54281867
KHK,0.54277134
EOGT,0.54274786
GNA12,0.54271954
ZNF12,0.542666
LRG1,0.5426302
CAPZA1,0.54262716
FZD5,0.5426188
CLIP2,0.5426052
DHODH,0.54259044
DCP1B,0.5425624
LCLAT1,0.5425471
NVL,0.5425102
DHX16,0.5424883
PLA2G4A,0.5424842
CHD1L,0.5424806
VPS4B,0.54245096
FBXO25,0.5424279
CYFIP2,0.5424101
CIAPIN1,0.542404
HTT,0.54235417
LIMA1,0.5423528
MID1,0.5423353
HOXD3,0.5423111
DCAF13,0.5422858
CD55,0.54228264
CMTM6,0.54226905
NES,0.54224753
NDUFAF6,0.542244
CHM,0.5422428
DBR1,0.5422396
CDC27,0.5422382
CTNNBIP1,0.5422333
LCAT,0.54222274
CLASP2,0.54221517
YIPF2,0.542173
DPH6,0.542146
LBR,0.5421324
DDX11,0.5421318
SMAD7,0.54208857
CIT,0.5420584
PCGF3,0.54202867
GTF3C1,0.542028
DCXR,0.5420212
VPS11,0.5420075
DUS1L,0.5419724
SOCS6,0.5419691
DLG1,0.54196584
NEK9,0.5419518
C11orf49,0.5419485
RAB11B,0.5419153
COPG1,0.54189366
CRADD,0.54188675
DSEL,0.5418764
PYGM,0.5418679
EPHA4,0.5418435
RBBP5,0.5418339
CD46,0.54183245
KPNA2,0.5418311
PARVA,0.54182684
GORAB,0.54180527
GALNT3,0.54179347
FUNDC1,0.54178405
EVPL,0.54178005
COL27A1,0.54175085
LRRC4B,0.5417503
STXBP4,0.5417402
DOCK2,0.5417363
GOLGA3,0.54171544
TMC6,0.54171014
SLC7A8,0.54169106
MRPS16,0.5416818
CMTM4,0.54167473
EIF2S3,0.54166126
CPEB2,0.54165703
CDK1,0.5416373
EHHADH,0.5416199
PDHA1,0.5416159
IRF6,0.54161525
RUSC2,0.541609
DAAM1,0.54160655
FBXO27,0.54156005
TBC1D2,0.541558
DOCK6,0.5415508
COPB2,0.5415455
ETFDH,0.54150194
SRPRB,0.54148763
CORO1B,0.54148203
MSH3,0.54145706
DIDO1,0.54143816
UNC119,0.5414343
SSX2IP,0.5414205
NUP88,0.5414188
E2F2,0.54141766
CEP57,0.5414041
XAB2,0.5413775
LRRC41,0.5413746
QSOX1,0.5413707
PTTG1,0.5413425
SH2B1,0.5413267
GLS2,0.5413112
DTX4,0.5413043
RER1,0.541302
F12,0.54129106
RBP1,0.5412806
DHX8,0.5412371
KIF2C,0.5412318
LSM2,0.54119956
ODC1,0.5411861
CCNG1,0.54117125
FJX1,0.5411616
CHD3,0.5411504
CHSY1,0.5411259
FOS,0.54112446
PDE1B,0.54111546
CLINT1,0.5410962
GOLIM4,0.5410561
CNOT1,0.54105455
RANBP1,0.5410173
CHD9,0.5410072
DDX50,0.54098874
CWF19L2,0.54096353
TBC1D15,0.5409259
CNOT10,0.54092526
CTBP2,0.54091626
DEPDC5,0.5408921
ITGAX,0.5408893
DDX19B,0.5408684
CFDP1,0.5408598
STARD10,0.5408567
STAC3,0.5408227
CRKL,0.54078895
PMPCB,0.5407877
UMPS,0.54078263
DDX18,0.5407799
GEMIN6,0.5407703
DENR,0.5407655
MIB1,0.5407614
CS,0.5407428
SUPT20H,0.5407409
CCT3,0.54073083
KIF1C,0.5406765
ERI2,0.54062444
ENGASE,0.5406242
HAAO,0.54061496
CLDN4,0.5406021
CNNM3,0.5406006
SPRED1,0.5405824
CHCHD2,0.5405794
CNPY3,0.54056877
CCT4,0.5405543
DDX1,0.54054654
HSPA1A,0.5405429
CDK14,0.5405019
DCAF12,0.5404927
ESF1,0.5404718
TBPL1,0.54046875
ZNF248,0.5404567
DLAT,0.54039645
EBNA1BP2,0.5403885
CDC42BPB,0.5403662
DDX54,0.54030967
SPNS1,0.5403058
PWP1,0.54028183
CTR9,0.54027224
CCNY,0.5402497
ORC5,0.54024285
RNF40,0.5402374
DCAF6,0.5402193
PLXNB1,0.540214
EMC4,0.5402117
COL4A6,0.5402063
CYBA,0.54018694
COPS6,0.5401738
MCMBP,0.54016864
STAT2,0.54016113
GLO1,0.5401122
CENPE,0.5401033
PLEKHG3,0.5400952
GALE,0.5400591
SLC5A6,0.54005116
UBE2Q2,0.540046
DISC1,0.5400393
ZNF7,0.54002553
PDLIM4,0.540023
UBE2B,0.5400198
KIF21A,0.5400132
SAT1,0.5400032
COBLL1,0.5399889
DDX39B,0.53996474
PDHB,0.5399611
CDK2AP1,0.53996
CPEB4,0.53994983
SLAIN2,0.53993475
TTC5,0.53993016
CACNA2D1,0.5398922
CD81,0.5398885
SWI5,0.53988016
INTS6,0.5398695
KCNJ15,0.53985393
SMCR8,0.5398449
GOT2,0.5398286
GALM,0.5398254
DCTN4,0.5398216
SKA3,0.53976154
DNAJA2,0.53975403
COQ4,0.5397516
DAPK1,0.5397444
EXOC8,0.5397376
JUP,0.53971374
CAPZB,0.5396967
DHX38,0.5396952
FAM160A2,0.5396811
RAD52,0.53967667
DAPK3,0.53965074
ERLEC1,0.53964347
CYB5R4,0.53963786
HNRNPH2,0.5396279
SNAPC3,0.5396238
CEP152,0.5396138
EIF2B2,0.53959787
KDM8,0.53958607
NUCB1,0.5395835
DGKZ,0.5395326
FRZB,0.5395192
FMO4,0.5395143
DGKD,0.5395026
NCAPG,0.53949106
DDX27,0.5394903
MED24,0.5394793
DCTPP1,0.5394417
DHX15,0.5394258
CEP192,0.53941983
SOCS7,0.5394165
RFFL,0.539379
DOCK11,0.53936106
USP46,0.5393545
CPSF4,0.5393533
CCR1,0.53933847
PSMF1,0.5392759
FZD3,0.53926504
PIGK,0.5392632
CLSTN1,0.5392519
CSNK1G2,0.5391839
SEC23B,0.53917307
DHX35,0.53916484
CTIF,0.5390766
RAD54L,0.53907114
CLPB,0.53905755
LAT,0.53905225
EPC2,0.53900737
CLTA,0.53898364
CTSB,0.5389686
KPNA4,0.53895915
NINL,0.5389479
DDX56,0.53893733
CHMP4B,0.5389335
GABPA,0.53890795
FHOD1,0.538906
VPS37C,0.5389018
SEH1L,0.53887826
FKRP,0.5388633
DCAF11,0.5388623
LDHD,0.53884
RNF34,0.53883487
EBAG9,0.538834
CBX1,0.5388276
HERC1,0.53882354
NGFR,0.53882045
MFN2,0.53881925
NCF4,0.53870535
NUP107,0.5387041
DERL1,0.5386998
TYSND1,0.5386592
SYT7,0.538608
PSMB4,0.53858656
EBP,0.53856075
DYNLT1,0.5385601
HERC5,0.5385601
HINT1,0.5385376
CKAP4,0.5385349
IMMT,0.53851855
DERA,0.53851676
TARBP2,0.5385041
COX5A,0.53850114
EYA2,0.5384987
CNN2,0.5384727
CUL4A,0.53844583
NUP133,0.53841126
EIF1,0.53840905
ITGB4,0.53840137
DCTN2,0.5383965
BPTF,0.53839076
CHKA,0.53838784
UBE2F,0.53835315
DPP7,0.5383182
NPNT,0.53831035
DCP2,0.53827316
CCT5,0.53824925
CPSF2,0.5382455
TRIM69,0.53819144
FADD,0.53816265
JMJD4,0.5381578
MAP1A,0.538133
DENND5B,0.53812873
MYO9A,0.5381245
EARS2,0.5381
CFLAR,0.5380941
DAZAP2,0.53806293
CDK6,0.53804684
CCT7,0.53804296
DGKA,0.5380324
SGPP1,0.53803194
ZNF81,0.5380291
COA1,0.53802264
EVI5,0.5380169
IKBKE,0.53801525
DCP1A,0.5379799
CENPK,0.53796124
IL32,0.53794736
LILRB3,0.5379263
RAP2A,0.53792316
RNF41,0.53790647
CTSD,0.5379043
CUL5,0.5378916
KCTD6,0.5378863
ETF1,0.53788346
LPXN,0.5378525
SPHK2,0.5378523
NCBP2,0.5378348
CNDP2,0.5377996
KCNIP4,0.53777796
PREPL,0.5377577
E2F4,0.5377258
HERC2,0.5377246
MRPS6,0.5377233
COPS7B,0.5377159
CSGALNACT2,0.53767455
CHD1,0.53767437
PHC2,0.5376522
THEM4,0.5376139
EIF3B,0.53758246
CTPS1,0.5375798
CENPF,0.53757775
DLG4,0.5375553
ETHE1,0.53753585
HDAC1,0.53753203
CLASP1,0.5375174
GLG1,0.5375131
SLC9A1,0.5374745
FCHO1,0.5374612
PFDN2,0.53745705
TERF2IP,0.5374435
DHCR24,0.53740305
RALGAPA2,0.53737307
NDUFB5,0.5373598
FBXW8,0.5373448
DHX32,0.5373401
DVL3,0.5373123
REPS1,0.53730977
MFSD2A,0.53730184
ENC1,0.5372918
TIMM44,0.5372806
EIF4EBP2,0.5372505
EPB41L4B,0.537238
DOCK7,0.5372323
IQCB1,0.537219
ZYG11B,0.53720987
CUL4B,0.53716975
ENTPD5,0.5371562
GPAM,0.5371448
DENND4A,0.5371401
ERN1,0.5371152
DDB1,0.5371012
SERPINB6,0.5370963
DOK1,0.53709537
HAGH,0.5370581
SMARCAL1,0.53704804
ETNK2,0.536962
PSMD8,0.5369391
CMSS1,0.5369379
SAMM50,0.53692216
RNASE1,0.53688586
IDUA,0.5368828
DMD,0.5368807
NCAPD3,0.53687894
NOL10,0.53683484
DNAJC3,0.5368275
DIAPH1,0.53682363
CPE,0.5368172
EPB41L5,0.5367907
DGUOK,0.53679
FGD2,0.53674155
FBF1,0.5367277
MTA2,0.53670853
CDK5RAP2,0.53670466
TOB1,0.536672
NBEAL2,0.53665763
PEF1,0.5366482
CHTOP,0.5366036
NEK1,0.5365937
SPINT1,0.53657037
MEX3C,0.53656185
MAN2B2,0.5365231
SMYD4,0.53652275
CHD7,0.5365223
IER3,0.5365097
PCCB,0.5364952
DTX3L,0.5364507
TM6SF1,0.5364458
EVC2,0.5364358
FBXL14,0.5364306
CERS6,0.5364005
DVL1,0.53638715
PAK4,0.53635544
RASSF1,0.53634137
MRC2,0.53632474
DHDDS,0.53632116
RBM42,0.5362928
FEZ1,0.53628373
DNAJA3,0.53622746
GPR160,0.5362237
GIMAP4,0.5362214
SLC35E3,0.53620416
SIPA1,0.53618747
NARS2,0.53617513
IPO11,0.5361682
CBX5,0.5361106
HUS1,0.53610307
GET4,0.53610146
CAPRIN1,0.5360923
COMMD1,0.53609025
EHBP1,0.536088
PNPT1,0.5360794
CUL2,0.53606457
PSD,0.53605705
KBTBD6,0.5360542
DBNL,0.53603876
CPSF1,0.53603333
LRRC8E,0.5360316
IARS2,0.53602135
HCFC1,0.53600967
FKBP1A,0.53600883
FNTB,0.53600115
GCH1,0.53599507
HMBS,0.5359848
GLA,0.5359824
MSL1,0.535975
LHX6,0.5359706
COPB1,0.53595144
CTSH,0.5359416
ESYT2,0.53593016
MAGT1,0.53592485
YPEL5,0.5359232
DYNC1H1,0.53586644
CLIC1,0.5358294
CENPP,0.5358067
TMEM147,0.5357664
GRSF1,0.53574705
KDM4A,0.5357297
E2F5,0.5356193
ZCCHC4,0.5355835
CTPS2,0.5355804
ZNF3,0.53557724
FOSL1,0.5355586
DCPS,0.5355533
KDM3B,0.5355533
TINF2,0.5355509
PSMA7,0.535537
IRAK1,0.535523
RPA2,0.5354849
DDHD1,0.5354786
PIF1,0.53546816
GPX7,0.53542894
RARG,0.53542763
COX7A2L,0.5354118
RASA2,0.5353926
EIF1B,0.5353648
MADD,0.5353427
LIPT1,0.53533924
NSFL1C,0.5353232
MAPKAPK5,0.5352951
DGKI,0.53529495
MAML1,0.53528976
FBXL12,0.5352088
GALNT12,0.53520155
KCNJ2,0.53513867
DNAJB14,0.5351023
DENND6A,0.53508806
CLNS1A,0.53508264
DCAF8,0.535066
FAM13B,0.535034
DUSP4,0.5350026
LYPLA2,0.53498715
GSTM3,0.53498155
DEPDC1B,0.53489757
MYLK,0.5348673
MYO1C,0.53486174
GNE,0.5348614
PLCG1,0.5348352
TRIM2,0.53482264
PPIP5K2,0.53479433
CHORDC1,0.53476876
RAD51AP1,0.53475314
GOLGB1,0.5347479
CNNM2,0.5347412
CORO1A,0.53474057
PLA2R1,0.5347045
PRR12,0.53469706
HLX,0.53469276
CTDSP1,0.5346866
INO80,0.5346806
STXBP3,0.5346804
MOB1A,0.5346766
DOCK5,0.5346614
GALNT18,0.53464824
GGA2,0.5346426
MTMR2,0.5346425
EDEM3,0.53463906
TSPYL2,0.5345701
ECI2,0.5345622
LAMP1,0.5345364
TAF5L,0.5345267
FMN1,0.5345138
EGR3,0.5345088
E2F3,0.5345045
IBA57,0.5344541
FBN1,0.5344537
GKAP1,0.53442764
SESN2,0.53442097
FAM111A,0.53438026
CTTNBP2NL,0.5343269
GCC2,0.5343028
IREB2,0.5342822
IGFBP4,0.53427106
COL4A5,0.53425807
GHDC,0.5342383
CEP170,0.5342337
DDX41,0.53420734
STARD3,0.5341577
PIH1D1,0.53415143
CYSTM1,0.5341491
RBCK1,0.5341233
TMED7,0.5340891
DDRGK1,0.53408575
ECSIT,0.5340808
GALNT6,0.5340611
PATL1,0.53405505
GK,0.53404474
ZNF160,0.5340355
RPL22L1,0.5340337
MGAT4A,0.53402936
CYFIP1,0.5340182
COL12A1,0.53396887
HAUS3,0.53392535
DPH7,0.5338869
HSPB1,0.5338807
MSR1,0.53382874
FBXW9,0.53382605
POLR3H,0.5338183
ENTPD6,0.5338089
ITGBL1,0.5337979
NDUFV2,0.5337787
ITGA9,0.53376997
CKAP5,0.533765
KIF9,0.533726
ERGIC3,0.5336863
DSN1,0.5336799
FARSB,0.5336769
TBC1D13,0.5336688
CTDNEP1,0.5335871
TMEM214,0.53357995
TUBGCP6,0.5335493
STX17,0.53353864
DENND3,0.5335329
PSMC1,0.53352565
FZD2,0.53351414
FUBP3,0.5334926
MYBBP1A,0.533485
POLR2G,0.533464
DMXL2,0.5334535
DOK4,0.53343356
LFNG,0.533433
NPHP4,0.5334191
POLR2L,0.533418
EXOSC5,0.53341424
ITGA7,0.53341293
F3,0.53340745
COTL1,0.53340584
CYB5A,0.533398
PPP4C,0.5333881
DBF4,0.5333692
UQCRQ,0.53336644
COX6B1,0.53335345
ING3,0.5333332
RNASEH1,0.53330684
DENND4C,0.53326744
CYB5R3,0.5332674
CHSY3,0.53326327
TCTN3,0.5332201
RHOQ,0.5332132
RHOT2,0.53320026
GART,0.533197
CORO1C,0.5331907
PSMB6,0.53317046
MTX2,0.5331654
CTDSP2,0.53312093
DRG1,0.5331188
CTNNBL1,0.533108
PHF8,0.53309435
DUS2,0.5330885
EME2,0.5330849
ZBTB17,0.53308374
MMS19,0.53307605
LAMA2,0.53307265
VRK3,0.53306997
LTBP1,0.53306377
RRP8,0.53305995
EMC8,0.53304815
MOCOS,0.5330403
KCNC3,0.53300494
HPSE,0.5330015
LIMS1,0.53294444
COG5,0.53292674
GNAO1,0.53291583
GTF2E1,0.5329063
DVL2,0.5328652
DUSP14,0.5328456
EXOSC6,0.53283334
VCPIP1,0.5328288
TLR4,0.5328248
FBXO8,0.5328074
GCFC2,0.53278893
CSNK1G1,0.5327868
MTUS1,0.53278065
SEMA4C,0.53276765
CYC1,0.532765
DIS3,0.53275603
OPRL1,0.5327357
FGD1,0.53272957
KPNA3,0.5327109
HMGCR,0.5326988
RDH5,0.5326767
CPSF6,0.53266174
MED28,0.5326334
MPP5,0.53262675
PPP2R5D,0.5325846
ERCC6,0.53256565
CSAD,0.53254044
COL4A2,0.53252995
CYCS,0.53251374
GALK1,0.5325119
CPNE1,0.5324987
ELOVL6,0.5324907
SYVN1,0.53248984
DNAJB6,0.5324674
FBXO17,0.53244716
RHNO1,0.5324287
ENO3,0.5324276
RUNX2,0.5324152
GBP2,0.53240293
FNIP2,0.5323859
EFNA4,0.532364
DCTD,0.5323595
TWF2,0.5323259
KCNAB2,0.53228986
IQGAP3,0.53227234
CSNK1D,0.5322337
WDR31,0.5322159
PDCD10,0.5322156
ELMO1,0.532209
DHX37,0.5321449
INTS10,0.5321447
KCNJ14,0.5321408
KIFC3,0.53212506
DBT,0.5320816
GTPBP1,0.5320598
MXRA8,0.53204584
NR2F6,0.5320377
CNOT2,0.5320245
CSGALNACT1,0.5320232
MAEA,0.5319794
YOD1,0.5319786
IL2RB,0.5319697
DCUN1D2,0.5319528
CTBP1,0.5319516
CTSZ,0.531951
GLB1,0.53194034
KCNMB3,0.5319167
RNF7,0.5319007
PANK3,0.5318596
INTS7,0.5318321
CYTH3,0.53182805
PPIL4,0.53180784
CLIP1,0.5317831
UBA5,0.531773
IFT57,0.5317402
MDFIC,0.5317334
SEC22A,0.5317301
ZNF274,0.5317105
NELFB,0.53170455
PADI2,0.5317023
ME3,0.5316951
POLL,0.5316608
DNAJC9,0.5316451
DNAJC2,0.5316369
EPHA2,0.5316267
HSF1,0.5316145
DGKE,0.53161407
CSNK1E,0.53158
RORA,0.5315143
LIF,0.5315023
CDYL,0.53146756
THUMPD1,0.5314376
UAP1,0.53142774
HSD17B1,0.5314272
IMPA2,0.53140736
STARD8,0.5313974
HSD17B12,0.53139615
E2F6,0.53135794
COPA,0.53135246
FUCA2,0.53128946
SECTM1,0.5312892
NEDD8,0.5312885
GALC,0.5312855
TCEA2,0.53128517
RASL10A,0.5312475
DENND1B,0.5312436
DTNB,0.5312386
GATC,0.53122854
RRAGA,0.53121895
ZNF337,0.53121257
GALNS,0.5311925
DNTTIP2,0.5311707
HSD17B8,0.5311175
OSBPL5,0.531078
MAP3K3,0.5310425
MOCS3,0.5310314
RAB18,0.5310073
NFKBIA,0.53099847
ZNF317,0.53096765
RRN3,0.5309559
DCAF5,0.5309518
CLIC4,0.5309479
HS2ST1,0.530945
DHX9,0.53091824
NFIX,0.53091717
HENMT1,0.53090763
ITGA2B,0.53090733
ELL2,0.53089786
DLG5,0.53089136
DHX33,0.5308725
MTRF1L,0.53087074
DCAF16,0.53085935
CSNK1A1,0.5308298
DNMBP,0.53082484
TTK,0.53080404
DNAJC15,0.5307728
TERF2,0.53076506
FERMT2,0.53076035
NANP,0.53076017
CRTAP,0.5307446
INPP1,0.5307263
DSG2,0.53069955
CRABP2,0.5306972
MAP4K3,0.53069556
REEP5,0.53066254
MYO1F,0.5306496
TRIM41,0.5306318
RAD54B,0.5306317
DBI,0.53060603
LIMD1,0.53058547
PRPF38A,0.53058064
HJURP,0.53055465
PLB1,0.5305447
CPEB3,0.53054094
GBA,0.5305266
PRKAG1,0.5304967
IFIT5,0.5304692
PLD6,0.53042495
EMC9,0.53041285
F11R,0.53041273
ZNF41,0.53035194
GUK1,0.5303486
GGPS1,0.5303483
MRPS5,0.5303378
CUL1,0.5303262
GSPT2,0.53027636
SHQ1,0.5302661
GBF1,0.53026044
LUC7L,0.5302242
TDP2,0.5301876
DKC1,0.53017706
GIT2,0.5301758
ORC4,0.53015286
MKRN1,0.5301173
DOCK10,0.5301
SIAH1,0.53006315
GNAI1,0.53006214
DYNC1LI1,0.53002626
EP400,0.52994716
EIF2AK3,0.5299424
MAGI2,0.5298906
FABP5,0.52988493
KRT17,0.52988195
DUSP12,0.5298716
KCNIP2,0.52987105
JOSD2,0.5298541
PSMD9,0.5298327
MIDN,0.52982545
RNASEL,0.5298063
EPHA1,0.52978003
SCYL1,0.52975315
DNAJB12,0.5297442
HIPK3,0.5297299
FAM131B,0.52971447
PPARD,0.5296824
DNAJC5,0.52967894
CSNK1G3,0.5296674
NRBP1,0.52966
XYLB,0.52963936
RCOR2,0.529625
FRMD6,0.5295933
WDR19,0.5295904
ITGB3BP,0.52958673
EXOC2,0.52953076
EXOC1,0.5295035
GNL3,0.5295023
EFNB3,0.5294572
NUDT14,0.52945083
HOOK2,0.5294476
CSK,0.5294407
GTF3C5,0.52941173
DHTKD1,0.52940655
JAG1,0.529401
MAP3K11,0.5293943
DNAL1,0.5293928
GMIP,0.52933407
ELMO2,0.5293151
PTPN9,0.5292891
NMB,0.5292829
PRKX,0.52924865
DDX31,0.5291963
COPZ1,0.52917916
EMC7,0.52916527
KDM2B,0.52916217
CRK,0.52915764
IL11RA,0.5291457
HOXA1,0.52910036
PI4KB,0.52908725
CYTH1,0.52905726
PTDSS2,0.529045
DDX42,0.52904284
ZNF841,0.5290414
KCTD3,0.52902335
PAXIP1,0.5290061
PTGES2,0.5290031
JAM2,0.52895916
KREMEN1,0.52895695
CSTF3,0.528938
TCF7,0.5289186
GUCY1A2,0.52891463
FANCL,0.5289108
DUSP16,0.52889127
PTGER2,0.52888566
SSBP4,0.52888453
DBF4B,0.5288812
TRUB2,0.5288768
PPP1R16B,0.52882516
KRBA1,0.5288194
PPAT,0.528812
KCTD15,0.5287919
DIABLO,0.52876496
MRPL11,0.52875876
PYCR2,0.52875334
HSD11B2,0.5287465
IPPK,0.52873766
PRKRIP1,0.52872926
FUZ,0.5287246
GON4L,0.5286656
DPH5,0.5286555
UNC93B1,0.52861476
TNFRSF1B,0.52860886
PEX5,0.52857924
RPS26,0.5285718
LAMTOR4,0.5284866
SUN2,0.52848566
POLR3A,0.52847975
RAB27A,0.52845925
MSH5,0.5284527
ELF2,0.5284465
LRRK2,0.5284102
GPKOW,0.52836514
GRAP2,0.5283571
DFFA,0.52833533
MGRN1,0.5283203
EEFSEC,0.5282968
PCDHB10,0.52827495
TFB1M,0.5282664
SPAST,0.5281607
SPRED2,0.52812815
PKD2,0.5281104
CNTLN,0.5281063
SLAMF7,0.528103
PPP1R12C,0.528068
D2HGDH,0.5280483
SERPINB9,0.52803695
GPN1,0.5280336
DDX24,0.52802515
GBP1,0.52802175
EHMT2,0.5280131
MYLK4,0.5280018
KAT6A,0.527997
CUL3,0.52798384
SYCE2,0.5279663
ECE1,0.5279655
FOXK1,0.52796304
KHNYN,0.52794945
SIKE1,0.5279325
PSMC2,0.5278995
EPN2,0.52789915
GLUD1,0.5278752
DNAJC10,0.5278716
ZNF430,0.52787113
HECA,0.52783245
SENP2,0.5278254
RCN1,0.52782464
RPL17,0.52779716
MOV10,0.527794
MAF1,0.5277412
GRHL1,0.52773875
MATK,0.527723
PREX1,0.52772284
FAIM,0.5277172
MLXIP,0.5277082
PCDHGA6,0.5276975
HHAT,0.5276756
GORASP2,0.52764696
MCCC2,0.5276232
DOT1L,0.5276166
ZDHHC9,0.52758414
DHX36,0.5275801
GEMIN7,0.5275684
PRPF40B,0.52753687
HSPH1,0.52752566
TBL3,0.5274964
RTEL1,0.52748865
DDOST,0.52748454
FAM91A1,0.52748066
FZD8,0.52747864
CSE1L,0.5274742
HGS,0.5274692
RNPC3,0.5274637
GPR161,0.52745104
ENOPH1,0.52740103
IL17RC,0.527397
DZIP1,0.5273969
LAMA3,0.5273479
EIF2AK1,0.5273253
RAB32,0.5272773
RAB9A,0.52724695
MFF,0.5272247
IFIT1,0.5271886
CTDSPL,0.5271859
EPS8L2,0.52716815
PRKRA,0.527157
TOP3B,0.5271401
TLE1,0.5271184
FNBP1L,0.5271032
ITGAL,0.52709186
NEIL3,0.5270453
RRM2B,0.52701145
PHKG1,0.5269941
CYB5B,0.52697617
LAMB3,0.5269583
POLE3,0.52693254
NBR1,0.52690285
DCTN5,0.5268918
FRS2,0.5268487
GTF2F2,0.526846
DYNC1LI2,0.52683794
TSNAX,0.5268201
DCUN1D5,0.5268176
WDR35,0.52679855
LRFN3,0.5267926
SORD,0.5267839
DUSP2,0.526705
ISYNA1,0.526686
HMG20A,0.5266382
INPP5B,0.5266116
DEPDC1,0.52658975
DPF2,0.5265717
CXXC5,0.5265585
HCAR2,0.5265341
FOXRED2,0.5265108
THBS2,0.5264751
EZH1,0.52647287
LIMS2,0.5264468
TRIM38,0.5264418
REXO1,0.5264254
UBXN2A,0.526398
TNFRSF12A,0.5263938
LRCH1,0.52636856
RHOBTB2,0.5263173
ZNF605,0.52630234
KIF2A,0.52624094
FUT4,0.526234
DCUN1D4,0.5262137
RUFY3,0.5261904
FBXL7,0.5261523
HSPA1B,0.5261514
NPAS2,0.526138
EPB41L3,0.526129
LMAN2,0.52612853
HPS1,0.52611065
CWC27,0.52609855
HNMT,0.52609634
DLGAP5,0.5260889
GNAI3,0.5260673
IFT88,0.52605534
PREB,0.52605253
UBA3,0.5260291
FAHD2A,0.52601534
MCF2L,0.5259977
OSBP,0.5259957
LMAN1,0.52597064
TUBD1,0.525966
EDC3,0.5259633
PCGF5,0.52592474
DNA2,0.5259154
DNAJC11,0.52591074
ING2,0.52591074
FOXF1,0.5259006
LAS1L,0.52586913
RHOT1,0.5258644
SETD7,0.52585125
ECHDC1,0.5258495
FBXO32,0.5258491
NADK,0.52583987
DENND4B,0.5257902
PGAP2,0.5257863
HLA-DMA,0.5257731
HCFC2,0.525755
MAPK7,0.52575344
ETV3,0.52572316
DNAJB4,0.52571034
NEB,0.5256999
ITPK1,0.5256759
LDB1,0.5256651
RNF138,0.52562374
SMC2,0.5256083
TFAP4,0.5255717
IPP,0.52555585
RFC4,0.5255128
RUNDC3A,0.5255006
DSP,0.5254506
DCAF7,0.5254254
EGR2,0.52539945
KIF17,0.52536863
RNF185,0.5253664
RECQL,0.5253386
DLGAP4,0.525335
KCNAB1,0.52531743
EIF5,0.52530295
ERH,0.525287
GAPVD1,0.52528125
DAZAP1,0.52526426
ETS2,0.5252465
OSTC,0.5252362
GPD1L,0.5252055
MRPL45,0.52518517
CTTN,0.5251822
NAB1,0.5251605
ICAM2,0.5251313
DDX10,0.52512777
EXO1,0.52510935
IL2RA,0.525109
FAM98A,0.5251037
HLCS,0.5251
NSA2,0.5250968
EFTUD2,0.52509564
DDX23,0.5250932
POLR2H,0.52508795
PCGF1,0.52502877
UBL7,0.52500606
DDX55,0.5249958
RND3,0.52498144
PLXNA2,0.52497596
ORC3,0.52496874
ECH1,0.5249552
ZNF264,0.5249293
GTF2A2,0.52490574
MBOAT7,0.5248746
SYP,0.524861
MCM3AP,0.5248575
GPX8,0.5248426
ZNF197,0.5248421
EHD2,0.5248267
HDAC3,0.5248141
PPM1D,0.5248082
RNF168,0.52477866
GYG1,0.52477294
DNAJC1,0.52476776
DNAJA1,0.5247674
DHCR7,0.5247554
JDP2,0.5247151
IDS,0.5247043
NAA38,0.5246949
KRT5,0.52466583
N6AMT1,0.5246585
LRP2BP,0.5246042
GALNT10,0.5246005
PCDHB15,0.5245951
DSTN,0.5245821
NIPSNAP3A,0.52454704
CSPP1,0.5245441
DDX46,0.5245317
MAN2B1,0.52450114
PLSCR1,0.5244781
FBXL3,0.5244731
EPC1,0.52447134
SMDT1,0.52447075
DNM1,0.52446264
EGLN3,0.52445847
TUBGCP5,0.5244548
IL15RA,0.52442855
DAP3,0.5244194
SKAP1,0.5243839
NLRP3,0.5243716
PGM3,0.5243266
ZNF768,0.5243192
PYGB,0.5242807
PAAF1,0.52426755
PDE4A,0.52425474
GMPPB,0.5242478
FANCI,0.5242276
VAMP2,0.5242147
EEF1E1,0.52415943
NOC4L,0.5241478
MYADM,0.52413654
MX1,0.5241333
FCF1,0.52412695
LTB,0.52411634
ZKSCAN5,0.5240291
GTPBP2,0.5240139
NRP2,0.5240125
PTGFRN,0.5239585
FAM110A,0.5239558
FZD7,0.52392614
HEXIM2,0.5239094
GNG11,0.52390724
MRPS18B,0.52390593
STK36,0.52389294
PURB,0.52388334
NAPA,0.5238484
DR1,0.5238461
GALNT7,0.5238107
RAB11FIP4,0.5237915
NR5A2,0.523781
HDAC10,0.5237369
NMI,0.5237101
HOMER1,0.5237092
LYPD3,0.52365375
OSMR,0.52364576
LSM14B,0.52363163
HSPB8,0.5236116
FECH,0.5236096
GGT7,0.52360946
PPIL1,0.52359277
ITGA6,0.52358073
INVS,0.52357304
DGKH,0.52354616
RFC2,0.52353567
FBXL4,0.523516
HPS5,0.5234771
FBLN1,0.5234628
EIF4ENIF1,0.52343446
KLC1,0.5233976
PTP4A3,0.5233964
RRAGD,0.523392
IFNAR1,0.5233719
SGSM3,0.5233245
SDC1,0.5233201
F2R,0.5233122
SIRT1,0.5233112
MAP2,0.52330536
WDR55,0.52328515
MRPL49,0.52327484
UROD,0.52324545
DTNBP1,0.523198
EIF3I,0.52319294
EXOSC7,0.5231887
LRP6,0.52318424
TXNRD2,0.52316856
LRP3,0.52315784
ZNF100,0.5231537
KIF13B,0.52314174
EEF2K,0.523126
NOP9,0.52311075
MVB12B,0.5231039
DLD,0.523082
FBXW2,0.52307385
DNM1L,0.5230378
GEMIN5,0.52303636
PTPN22,0.5230297
FAH,0.52302957
SLK,0.5230198
FXYD6,0.52301747
GRPEL2,0.5230038
NELFCD,0.522961
ETFA,0.52295434
DLG3,0.5229442
RAB3IL1,0.52291495
MAN1A2,0.52290773
THAP11,0.5228863
DIS3L2,0.52288586
TOLLIP,0.5228814
MAGED2,0.5228737
GLCE,0.52286154
EIF2B1,0.52284634
FOXP4,0.5228375
MAP2K5,0.5227885
SAR1B,0.52278113
GAN,0.5227703
OXTR,0.5227273
SEC61A2,0.5227248
HELQ,0.52272224
KPNA1,0.5227141
KIAA0513,0.52270997
GSTM4,0.52266574
ELAC2,0.5226656
PPP2R1B,0.52266246
DDX21,0.5226571
RBL2,0.52264327
RRP1,0.52262676
MAPK9,0.52262175
INPPL1,0.5226215
IGBP1,0.5225919
SKIV2L,0.5225796
MMP11,0.52256197
EIF2AK2,0.52254313
NOTCH4,0.5225386
MYL5,0.52253157
FLII,0.5224962
TMEM17,0.5224777
NUBP2,0.52245575
PDXP,0.52240026
DYNLL1,0.52239734
PANK1,0.52238894
FAM120B,0.5223434
NMD3,0.52233
ZNF670,0.5222973
DYNC2H1,0.5222812
RAB34,0.52227694
SLC12A2,0.5222725
FAM83D,0.52222484
NPL,0.52218646
PLEKHA8,0.5221793
EIF4E,0.52216345
ZNF526,0.5221515
GTPBP4,0.5221334
MAVS,0.5221022
HARS2,0.52209747
HAUS2,0.5220791
TBC1D7,0.52205807
DAB2IP,0.52202046
FRS3,0.5219943
TRAPPC11,0.52196336
IRAK3,0.5219482
FDX1,0.5219207
SUPT7L,0.5219003
DNAJC13,0.5218951
TPD52L1,0.52189356
GNL2,0.52188975
ZBTB33,0.5218733
ZNF708,0.5218098
STX2,0.52175474
RGS12,0.5217142
LIN7C,0.5217
KIF18B,0.52168405
ZNF561,0.52168393
LNX1,0.52166826
ORC1,0.5216441
TBC1D32,0.52163047
EVC,0.52160835
HBS1L,0.5215885
GSR,0.5215776
PMPCA,0.5215764
LRFN4,0.5215503
MAP3K7,0.5215442
ELAVL1,0.52154285
NCSTN,0.52153784
FGFRL1,0.52153075
FGD4,0.52151895
MLST8,0.52151006
ENG,0.5215089
HIPK1,0.52150387
THOC6,0.52150303
HIF1AN,0.5214824
VAMP3,0.5214755
RNF123,0.5214656
USP20,0.52146
ICAM1,0.5214518
FBLIM1,0.5214513
EHD1,0.52143383
FUCA1,0.5214077
HEATR1,0.52140176
IFNGR1,0.5213683
PTPN23,0.521361
MRPL34,0.52135783
HLA-DRB5,0.52134675
EFEMP1,0.52133125
HERC3,0.52127373
PIGP,0.5212544
GATM,0.5212316
ESRP2,0.5212124
HIVEP3,0.5211998
NAA35,0.5211777
KCND1,0.52116
SYDE2,0.52113307
MZT2A,0.5211284
RBM34,0.5211137
TTF1,0.52110547
PTPRO,0.5210623
MOCS1,0.5210564
TBC1D17,0.5210532
HSPA4L,0.5210513
EIF2B3,0.52100706
YIF1A,0.52097493
SRP19,0.52096885
MTMR3,0.52096117
POLR2C,0.5209392
ZNF500,0.52093315
FBXL17,0.52093095
FARSA,0.52091706
EXPH5,0.52088404
MST1R,0.5208834
PISD,0.5208669
HSPA1L,0.52084607
RELA,0.52081305
GAB2,0.52080506
ZNF783,0.52078664
POLR3D,0.52078617
NDUFB10,0.5207793
ITGB5,0.5207536
GTSE1,0.5207507
MGLL,0.5207476
FAM220A,0.52073205
GTF3C2,0.5207235
PARP4,0.52069277
MRPL10,0.5206612
KIF14,0.52064794
HSD11B1L,0.52064776
NDUFB9,0.5206297
E2F7,0.5206068
HCK,0.52057827
SLC6A9,0.5205476
GAS8,0.5205379
NAA40,0.52052724
VANGL2,0.52052444
PLCD1,0.52050954
VGLL3,0.5204815
UBE4A,0.5204766
SLC25A38,0.52042794
FAF2,0.52039844
TRAPPC5,0.52039135
EEA1,0.52038896
PPP1R15B,0.5203856
GNB2,0.52030534
ORMDL3,0.52029943
NDUFS8,0.52027524
RALBP1,0.52026415
PTGIR,0.52025497
SCN1B,0.52024263
UGDH,0.52018505
PSMB9,0.5201821
TBCEL,0.52015465
PEX26,0.5201194
FLAD1,0.52011085
GPR89A,0.5200455
TAF11,0.52001226
NCAPH2,0.52000725
GMPPA,0.5200068
PNP,0.51998115
ISY1,0.5199732
EPN1,0.5199636
GFPT1,0.5199547
RORC,0.5199512
GABPB2,0.5199484
MIA3,0.51993406
MYL6B,0.51993334
INTS8,0.5199216
RNF2,0.51991963
HOXB7,0.5199107
EVL,0.51990867
SMAD1,0.51990455
LPIN1,0.5198758
TIPRL,0.51987404
NCAPH,0.5198727
FAN1,0.519865
ELP2,0.5198507
ENTPD4,0.51978964
SCNN1D,0.5197675
KCNC4,0.5197351
NET1,0.5197261
DOCK4,0.51971954
DTL,0.5197182
SEL1L,0.5197162
GALNT11,0.5196767
EIF3M,0.5196714
ESYT1,0.5196624
ESRRA,0.51964927
KIF3B,0.51963854
GTPBP3,0.5196287
MID1IP1,0.51962596
MED11,0.51957476
NHLRC3,0.519539
SAV1,0.5195242
TPK1,0.51950216
FEZ2,0.51950073
EIF3K,0.51948667
DNAJC8,0.5194865
GTF3C3,0.5194616
MRTO4,0.51944625
KIF20B,0.51938266
ITFG2,0.5193693
ZNF335,0.5193434
KCNMA1,0.5193341
LYPLA1,0.5192979
MATN3,0.5192979
HSBP1,0.51928514
DPYSL2,0.5192581
PIGG,0.51924646
KDELR3,0.5192422
FAM168B,0.51922286
REXO4,0.51920986
GYPC,0.51920676
RAD1,0.5192056
MRPL20,0.5191731
KXD1,0.5191411
TELO2,0.51910543
EIF6,0.5190869
MBOAT2,0.5190456
WDR45,0.5190416
EIF2A,0.5190398
RNF152,0.51903355
VPS37B,0.51902306
SYF2,0.51899564
MYLIP,0.5189382
GDF11,0.51891416
FYTTD1,0.5189112
EPB41L1,0.51890576
NR2F2,0.5188779
SRA1,0.51887286
EIF4E2,0.5188444
FLOT2,0.518837
PIAS4,0.5188329
ODF2,0.51881593
EIF4A3,0.51875216
TLR3,0.51873326
IRS1,0.51873267
POLH,0.5187277
VIPAS39,0.5187148
TBC1D24,0.5187098
RIC8A,0.5187096
RMI1,0.5186831
GDI1,0.51866496
EPCAM,0.5186382
LRIG1,0.5185964
SUV39H2,0.5185903
ERAL1,0.51858264
TRAF6,0.51858133
RHBDD1,0.51854104
UBL4A,0.5185287
H6PD,0.5185167
GNA15,0.5185142
RRAS,0.518512
EMC10,0.5185044
SHC2,0.51848674
NCK2,0.5184791
OPLAH,0.51847523
KBTBD7,0.5184695
ESPL1,0.5184663
SURF6,0.5184369
ITGA5,0.5184306
F2RL1,0.5184293
NSUN4,0.5184107
LIPE,0.51840925
FBXO2,0.51834965
TOPORS,0.5183488
MGAT2,0.5183252
TAF9,0.51831496
PASK,0.51831335
TRIM13,0.5183112
EXOSC2,0.5182948
EMD,0.518282
LATS2,0.51827604
GTF3C4,0.5182704
MMP17,0.51816154
PIGT,0.5181225
GNPTAB,0.5181091
TBC1D20,0.518103
UBQLN2,0.51808536
ME2,0.51807255
ZNF320,0.51807207
FBXO5,0.5180402
NOTCH3,0.51801884
NRN1,0.5179926
NOL12,0.51799214
TXK,0.51797634
KHDRBS3,0.51795894
HMMR,0.5179336
FAM98B,0.51791865
SPN,0.5179174
LOXL3,0.5179145
EIF2B5,0.5179038
HIP1R,0.5179014
DNAJC24,0.51789796
HAVCR2,0.5178858
FMNL1,0.5178834
INO80E,0.51788116
PHLDA1,0.51787955
TRMT1,0.51787305
GPR132,0.5178597
GNG12,0.5178561
EXTL3,0.51783615
GNL3L,0.51780635
IQSEC1,0.5177977
GID8,0.51776594
UBIAD1,0.51774925
PIK3R4,0.5177334
MIS18BP1,0.51772046
MOB1B,0.51768786
MAN1B1,0.5176825
TFB2M,0.51767933
HAUS6,0.5176674
MRPL28,0.5176585
MVD,0.5176324
LTBP4,0.5176278
NLGN2,0.5176101
ZFP90,0.5176023
POMP,0.51760113
IMP3,0.5175909
PPP1R3D,0.5175875
FBXL20,0.5175784
LRIG2,0.51757085
LAG3,0.51755184
GOSR1,0.51753265
NDUFS2,0.51750326
OBSL1,0.51747954
PGAM5,0.5174535
KIF23,0.51743436
FXR2,0.5174114
ZNF566,0.51737416
FANCB,0.51736885
INTS1,0.5173685
GAK,0.51735795
LTN1,0.51734984
QRSL1,0.5173466
EIF2S2,0.5173452
NAA60,0.51734185
PRKCH,0.51729614
TRAIP,0.51728714
MANEA,0.517285
HERPUD1,0.517278
GTF2F1,0.5172712
NUP43,0.51726454
INSIG1,0.51726043
EXOC3,0.5172579
MIEF2,0.5172419
GPSM1,0.5172403
MPDU1,0.51723754
GRHPR,0.51723695
IL4I1,0.51723117
SPPL2A,0.51721495
NRP1,0.517211
PLIN2,0.5171777
EXOSC10,0.51717305
PLCD3,0.5171614
ZNF44,0.5171601
LOXL2,0.51715124
EXOC6,0.51713127
PEX6,0.51704973
PHF2,0.517007
THOC1,0.51698893
STX4,0.51698476
ELOVL1,0.5169535
IL10RB,0.5169488
ZNF738,0.51694524
PACS2,0.51694304
TRIAP1,0.5169099
RNF31,0.51690036
POLR2F,0.51689374
SLC12A9,0.5168864
GNA13,0.5168671
MAD2L2,0.5168656
EGLN2,0.51686317
FBXW5,0.5168621
LPIN3,0.51685476
SLC27A5,0.51682615
SH3GLB1,0.5168258
TAB3,0.5168257
PPIL2,0.5168074
PLAT,0.5167803
IFT140,0.51677674
NMRAL1,0.51676327
RFC5,0.516753
HEXB,0.51674825
FIBP,0.5167457
GOLM1,0.51673824
DNM3,0.51673204
PURA,0.51669776
ZNF43,0.5166807
NUF2,0.5166521
ETFB,0.51665086
TAF1B,0.51663655
FBXL18,0.5166364
ERLIN2,0.516636
PPP1R7,0.5166317
MFSD10,0.5166313
NLGN3,0.5166141
ISG20L2,0.5165482
HADH,0.5165203
GANC,0.516507
LRP10,0.51649845
LRP1,0.51649547
HDAC6,0.516493
LRRC47,0.51648813
GTF2A1,0.5164874
PRPSAP1,0.5164847
PCSK7,0.51647335
GABPB1,0.51646525
PRKAB2,0.5164554
MCM6,0.5164252
PLK3,0.5164176
HLTF,0.5163618
HOXA10,0.5163573
OASL,0.51635283
LSR,0.51633877
IDE,0.51632726
USP21,0.5163167
PHF5A,0.51629853
ORAI2,0.51629454
MRPL30,0.51629
PPP1R9B,0.5162804
PHKA2,0.5162804
RPAP1,0.5162637
JUNB,0.516262
DLST,0.51624644
EI24,0.51620394
MAN1C1,0.516202
STAT4,0.51617557
LONP2,0.51614904
MIEF1,0.5161139
ELP5,0.5161038
ZNF143,0.51609033
MON1A,0.5160614
GIMAP8,0.5160599
TMEM126B,0.51604116
IFNAR2,0.5160395
NDUFAB1,0.51600844
EIF3J,0.51600116
GNL1,0.51599383
NCBP1,0.5159728
RASGRP2,0.51596975
TRIM32,0.51587343
LPIN2,0.5158358
IL17RB,0.515779
FBXO31,0.5157755
TBP,0.51576954
FAT4,0.51576364
NCOA1,0.5157567
FBXO41,0.51564896
MRPL38,0.51564544
GPS1,0.51562804
UCK1,0.5156235
PCK2,0.51555115
GDE1,0.5155297
FBXO7,0.51552385
PYGO2,0.5155192
FBXW4,0.51551676
FBXO21,0.51550895
LGALS3BP,0.5154871
EXOSC9,0.515486
GNAL,0.5154761
EIF2AK4,0.5154451
KIAA2013,0.51544416
PLXNA3,0.51543474
EMB,0.5154286
NME2,0.51542306
PELI1,0.51538664
EXOC7,0.51538265
FIG4,0.51534873
TRAPPC4,0.515344
ZNF808,0.51532483
GPATCH1,0.5153187
FEM1B,0.5153103
ELP6,0.5153019
JUND,0.51526105
USP16,0.51522374
NIPA2,0.5151764
MAP2K7,0.51515806
KIDINS220,0.51510936
ZNF418,0.5150891
NTN1,0.51508623
RAB2B,0.5150852
TNFRSF10C,0.51507205
MEGF8,0.5150703
GCC1,0.51504415
PTGS1,0.5150186
EIF3G,0.51501006
PPP1R8,0.51498944
ZDHHC8,0.51495486
RNF125,0.51495117
LIG1,0.5149203
FZR1,0.5149086
PLEKHA7,0.51486135
IMP4,0.5148444
TNFSF12,0.5148255
MFHAS1,0.51479554
NDUFA1,0.51478076
LSG1,0.5147463
HDAC7,0.5147461
PRKD2,0.51474214
MFSD12,0.5147312
TAF1C,0.51464266
TOR1A,0.5146337
UBE2D1,0.51463014
FARP2,0.51462394
LEMD3,0.5145604
EXOC5,0.5145443
POLR1E,0.5145386
FGF11,0.5145303
TCEA3,0.51451594
PDRG1,0.5145122
EIF5B,0.51450276
FKBP2,0.51448876
PLXNB3,0.5144672
LDLRAP1,0.5144623
GNG5,0.5144452
PODXL2,0.51442844
LAMB2,0.5144184
PIP5KL1,0.5144106
TRIM62,0.5143842
TNFRSF11B,0.51432383
LIN54,0.51431453
LRRC49,0.51431394
FYN,0.5143113
PIAS3,0.5143094
POP7,0.51429695
FUT8,0.5142878
HSPA13,0.51428443
GAS2L1,0.51428235
KIFC1,0.514273
INO80D,0.5142659
FANCM,0.51425296
PPIH,0.5142108
LNPEP,0.5141234
SLC26A6,0.51411945
PPCS,0.51410836
ZNF766,0.51408744
FBXL19,0.51407677
FBXL2,0.51407295
PQBP1,0.51403177
ERF,0.5140119
GNPAT,0.51400983
EIF2S1,0.5139861
RASSF2,0.51398313
MRPL17,0.5139442
IL15,0.51394415
IFT80,0.5139021
GEMIN8,0.51390165
PGGT1B,0.5139013
NPM3,0.5138949
SLC35B1,0.51389486
STAT5A,0.51388335
ERGIC2,0.513831
MAP2K3,0.5138308
MAD2L1,0.51382
MLX,0.51381606
SH2B2,0.51381004
GGA1,0.5138019
RRP12,0.51378477
RAB21,0.51378256
FBXO10,0.51377046
MAPRE2,0.5137659
LYPD6,0.5137604
SYNJ1,0.5137473
RAP2B,0.5137455
PGP,0.5137383
RRS1,0.5137303
GGCT,0.5137178
IKBKG,0.51371586
LRPAP1,0.5136964
NOL3,0.5136911
POLR1B,0.5136887
PEX2,0.5136778
KMT2B,0.51364666
NDUFS4,0.513643
NADSYN1,0.51363707
NDUFV3,0.5136294
PTPMT1,0.51362365
EMC2,0.5136134
SMYD5,0.5135869
GAB1,0.5135745
WASF3,0.51357377
GIPC1,0.5135624
MARK4,0.5135344
FBXL5,0.5135033
FPGS,0.51350015
PSMB10,0.51348245
PCDHB3,0.51347977
SPSB3,0.51347613
GAA,0.5134661
FERMT3,0.5134495
MSL3,0.513438
PAIP1,0.5134167
MICA,0.51340586
INPP4B,0.5133989
KCNQ1,0.5133864
G6PD,0.5133801
GPN3,0.513354
ZSCAN32,0.5133192
PHACTR1,0.51331675
KLHL11,0.5133125
MRM1,0.5133115
TIMM17B,0.51330936
HEXA,0.5133031
INPP5E,0.5132812
FASTKD2,0.51327324
POLR2D,0.5132714
TFAM,0.5132513
EIF2D,0.5132427
FLOT1,0.51322794
NDUFS3,0.51321983
ZNF300,0.5132145
RSAD2,0.5131842
FIS1,0.5131657
TRO,0.5131529
SPIRE2,0.51314443
MTMR14,0.51313573
NKIRAS2,0.51311207
PSMG2,0.51310474
PPP2CB,0.5130923
ROBO3,0.51309174
PIK3CD,0.51308763
PLCE1,0.5130722
TAF8,0.5130709
ENO2,0.5130302
TAGLN,0.51302886
EPHB4,0.5130248
KTI12,0.5130201
FNDC5,0.51301813
ZNF101,0.5130152
RASD2,0.5130068
ITGB1BP1,0.51296276
LAMC3,0.5129608
MGAT3,0.51294076
NLRP1,0.51293224
ZNF354C,0.5129265
PCGF2,0.51290447
PPIE,0.512884
IRAK2,0.5128218
OCRL,0.51279795
FAM8A1,0.51278985
RUSC1,0.51278657
MAN1A1,0.5127765
NRL,0.51274943
SDSL,0.5127205
FAM110B,0.51271284
IL4R,0.512682
MARS2,0.5126343
ZNF836,0.51261824
FMNL3,0.5126011
ITSN2,0.51257527
RNF20,0.51253456
TADA1,0.512519
LGALS9,0.5125182
GATA6,0.51251596
HSD17B10,0.5124904
GBA2,0.5124626
ZNF189,0.51245075
IL13RA1,0.51237166
GNB5,0.51234776
SHCBP1,0.51233554
SHARPIN,0.512312
MAP2K6,0.51227105
ZNF649,0.512258
TEX264,0.512239
NEU3,0.5122339
KPNA5,0.51222855
GDPD5,0.51221454
ERRFI1,0.51221234
NOP14,0.5122069
ERI1,0.5121905
SDF2,0.51218534
PITPNM1,0.51217127
EPHB2,0.51216996
MED22,0.5121485
GSTA4,0.5121272
INO80C,0.51212716
MORC2,0.5121192
GEMIN4,0.51211166
RND1,0.5121059
NT5C3B,0.51210135
SPRY4,0.5120936
RHOB,0.5120744
ZW10,0.5120735
LEPROT,0.5120676
ZNF814,0.5120645
VPS28,0.51205593
GDAP1,0.5120534
EIF4EBP1,0.51204705
IL17RD,0.512042
MRPL48,0.51203996
FEM1A,0.5119517
KIF18A,0.51194835
IFT46,0.51194775
HACL1,0.51190674
RASGEF1A,0.511897
RGMB,0.51189154
GPN2,0.51187664
KIF20A,0.5118379
GMEB1,0.5118275
ITGB6,0.5118268
GSTK1,0.5118265
GTF2H4,0.51181436
RAD9A,0.51180714
GGH,0.5117937
TM7SF2,0.51178735
HLA-DOA,0.51177245
INPP5D,0.51177245
ZNF227,0.511768
MRPS11,0.51173973
LSM11,0.5117375
HYPK,0.51169026
ELF1,0.5116474
KCNN4,0.5116175
KCTD1,0.51161146
NOP10,0.51160634
MAFG,0.5115461
RAB8B,0.5115212
ZNF780B,0.5115107
MANF,0.51150733
SLC44A4,0.51150507
FOSL2,0.5115006
PLK2,0.51148295
RHOJ,0.51146644
HEBP1,0.51137567
PSMG3,0.51137173
NDUFAF3,0.5113663
FHL2,0.51136243
KLHL3,0.51133996
PRDX4,0.51132554
ITGA11,0.5113154
MRPS2,0.5113056
MRPS30,0.5113017
LIG3,0.5113016
LCMT2,0.5112862
GMPR,0.51125556
KRBOX4,0.5112516
GPSM3,0.5112366
RRP15,0.51121867
MRPS7,0.51115423
GNPTG,0.51111865
KATNAL1,0.5111015
ZNF529,0.5110915
MTMR1,0.51108503
QDPR,0.51106095
MCUR1,0.51103854
TIAM1,0.5110313
ZNF440,0.5110273
KIT,0.5110162
NAA16,0.5110062
HDAC5,0.5109941
RABEPK,0.51098686
TMED1,0.51096344
LEMD2,0.5109329
UNC5B,0.51091844
GFER,0.51087326
HSPA6,0.5108663
KIF15,0.51083595
VPS18,0.5108308
GK5,0.510809
NPRL2,0.5108009
UBE2T,0.51078534
KIF7,0.5107749
MAPK8IP3,0.5107561
EGLN1,0.5107534
HPRT1,0.510748
RPIA,0.5107439
FKBP15,0.510743
NGLY1,0.5107326
NEO1,0.5107204
ESRP1,0.5107187
LIMK1,0.5107143
GPCPD1,0.51070714
IRAK4,0.5107019
MAP9,0.51069176
ZNF133,0.5106901
PLCB3,0.5106696
NR4A3,0.5106562
GID4,0.5106514
MGAT4B,0.5106445
IL1RAP,0.51062155
FAM126A,0.51061386
PAQR5,0.51061046
NDUFA13,0.5105978
HIRA,0.51057357
GPANK1,0.5105695
MIS18A,0.5105518
ZNF480,0.51053923
EPAS1,0.5105311
GNB4,0.510492
MYO15A,0.51047915
NTPCR,0.51046693
FBXO9,0.5104659
ZNF510,0.5104518
KANSL2,0.510449
MAP3K8,0.51040095
RCHY1,0.5104009
IL10RA,0.51037204
LAP3,0.51036465
PPP3CC,0.5103584
NUP54,0.5103432
IDH3B,0.51033384
MTMR10,0.510314
EXOSC1,0.5102989
IFNGR2,0.51028585
INTS4,0.5102759
HAT1,0.51025337
MCAT,0.5102524
ZNF212,0.5102297
KLHL5,0.51022434
FBXO38,0.5102149
FKBP5,0.5102135
UTP14C,0.51020515
TAZ,0.51020247
IMPA1,0.5101888
FYCO1,0.510176
SWSAP1,0.5101341
L3HYPDH,0.510119
EMC1,0.51010764
FKBP3,0.51007265
TXNDC16,0.5100691
PDE4C,0.5100488
KIF26B,0.51001304
PPP1R13L,0.51001215
NDUFS7,0.50997597
PPP1R11,0.50993574
GRAP,0.5099326
SLC25A28,0.5099047
KANK2,0.50989765
ITGA1,0.50987107
GOLGA2,0.50982076
MLF1,0.5097628
ERCC8,0.50973165
ZNF607,0.50972
IKZF4,0.5097099
GALK2,0.50970846
FMR1,0.5096531
NEMF,0.5096332
HEPH,0.5096137
LIN52,0.5095893
PEMT,0.5095883
TMEM70,0.5095858
GYS1,0.509569
IL21R,0.5095648
KLC2,0.509538
SESN1,0.5095257
RBM7,0.5095143
RNF19B,0.5094997
NDUFAF5,0.5094934
FBXO22,0.5094919
RPS27L,0.5094636
IFT74,0.50944954
PLXNC1,0.5094467
RHBDF2,0.5094364
NFATC4,0.50939137
PPP1R15A,0.5093729
NOL9,0.5093722
REC8,0.5093529
RAB13,0.50935066
PILRA,0.5093475
ZFPM1,0.5093451
KLHL12,0.5093193
IGFBP7,0.5093167
HOMER2,0.50931156
KIF27,0.50928634
SH2B3,0.50926656
GADD45B,0.50924027
LPCAT2,0.5092103
GARNL3,0.50914085
IRF2BP2,0.5091394
FAM3C,0.509081
LRP4,0.50905186
ESD,0.5090488
HRH1,0.50904834
KATNBL1,0.50904584
GNPDA1,0.509026
TCTN1,0.50902385
PKP1,0.5089743
GMNN,0.5089709
QTRT1,0.5089661
RIOK3,0.50894755
GPSM2,0.50891507
FOXRED1,0.5089137
GLRX5,0.5088813
RCSD1,0.50883394
ITPA,0.5088175
PARP14,0.50879836
IRF3,0.5087937
FLRT2,0.50878024
GABBR1,0.50875485
MOGS,0.50875354
SUPV3L1,0.50873166
MED25,0.50871915
GNS,0.50867057
GCA,0.50867015
RBM22,0.5086535
LCMT1,0.50861615
GINS1,0.50860727
ZNF235,0.508599
GPAA1,0.50859076
GLRX,0.5085875
FCHO2,0.5085655
FZD4,0.5085584
GNPDA2,0.5085561
ZNF467,0.50855297
PHAX,0.5085486
G6PC3,0.50851905
TRIB3,0.5085144
ZNF460,0.50850654
MSMO1,0.50850433
GCLC,0.50848573
RNF8,0.5084835
GRN,0.5084833
IVD,0.5084306
HOXA3,0.50842625
ZSWIM7,0.50841486
PTRH2,0.5084145
FNTA,0.5083657
MAP4K1,0.5083643
PAQR3,0.50833696
HAUS5,0.508321
KCNN3,0.50831974
MYO7A,0.5083135
MMADHC,0.5082871
HECTD3,0.5082824
NAE1,0.50827694
GEN1,0.5082629
LTBP3,0.50824386
EHD4,0.50823486
SATB1,0.5082251
TNFSF13,0.5082149
PPCDC,0.5082144
RGS1,0.50821143
KIF21B,0.50820696
HAUS4,0.5082028
PSMD5,0.50819147
GTF2H1,0.5081754
GCDH,0.50815827
KPTN,0.50811565
SGMS2,0.50808954
ING1,0.50808567
NOB1,0.5080812
FURIN,0.50801194
ICMT,0.5079774
GSK3A,0.5079748
ILK,0.5079629
GSTM2,0.50792766
HADHB,0.50791043
ZNF224,0.5079008
LMTK2,0.50789857
NDRG3,0.5078944
RPP30,0.50785464
MSRB3,0.5078475
RPAP3,0.5078429
IWS1,0.5078352
PTPRU,0.50783217
SNAPC5,0.50782704
WDR48,0.50780416
ITGA3,0.50779724
INPP5F,0.50777173
GUSB,0.5077676
NDUFB4,0.50775504
LINGO1,0.50772774
PLCH2,0.5077246
METTL7A,0.5077095
KALRN,0.50764716
PANK4,0.50762975
ZNF250,0.50760156
MRPS18A,0.50756234
MTMR7,0.5075076
ITGA2,0.50749797
NAF1,0.50749683
HOXB2,0.5074953
NDUFA6,0.507451
ITM2B,0.5074486
GGCX,0.5074409
PIK3R6,0.50735855
RPGR,0.5073386
LSM5,0.5073216
PRPF39,0.5073202
MOSPD2,0.50731707
HSPA14,0.5073129
LZTFL1,0.50731003
TICAM1,0.50723034
FN1,0.50722855
SPATA13,0.5072229
GIT1,0.50722164
HELB,0.50718504
MBD1,0.5071234
IRF8,0.50711346
RETSAT,0.50710505
TMOD1,0.50707644
GPC4,0.5070686
MRAS,0.50704676
PANX2,0.5070359
GTPBP10,0.5070338
HACE1,0.50702196
MTMR4,0.5070199
LMAN2L,0.507019
ZNF10,0.507009
GADD45GIP1,0.50698555
TNFRSF10A,0.5069672
POLR3B,0.50693184
MAPK3,0.5069317
GLMN,0.5069067
MBTPS2,0.50689465
MT2A,0.5068734
PFDN6,0.5068674
MED16,0.50685996
LAMA4,0.5068479
NFKB1,0.50681823
HMG20B,0.50679445
ITPKC,0.50671965
HTATSF1,0.5067105
HELZ2,0.5067056
JMY,0.50665784
HBP1,0.5066369
FBXO30,0.50662
TRAPPC2L,0.50661874
PRKCD,0.5066104
WDR61,0.50660735
HLA-DMB,0.50658554
PIK3AP1,0.5065801
SNRNP48,0.5065536
GRWD1,0.5065437
MRPS9,0.50650615
HCCS,0.5065003
VLDLR,0.50648844
MMAA,0.5064802
RELL2,0.5064719
MAP3K5,0.50645566
ORC6,0.50643575
NIF3L1,0.50638294
ULK2,0.50637066
HOXB4,0.5063687
MTMR9,0.50635874
GTF2H3,0.506351
ZNF423,0.506341
MRPS35,0.50631815
RALB,0.506301
IL18BP,0.5062984
NCEH1,0.50629145
ID2,0.50629073
TOM1,0.50624996
RCCD1,0.50622666
TJP2,0.5062209
PYGO1,0.5062131
NT5E,0.5061978
PLCG2,0.50619733
GJC1,0.5061852
ZNF45,0.50617754
LIG4,0.50616914
IDH3A,0.50616574
ITGB2,0.5061339
TECPR1,0.5061334
IPO8,0.5061294
NCLN,0.5061267
MANBA,0.5061165
STX12,0.5060612
TRAPPC6B,0.5060563
HTRA2,0.50603604
TP53INP1,0.50602716
IFI16,0.50602174
YIPF5,0.50602174
SIVA1,0.50601524
ZNF394,0.5060034
NXT2,0.5060005
HOXB3,0.5059728
RTCA,0.5058991
LIN9,0.5058867
HDAC9,0.50586754
NME7,0.5057725
PAF1,0.50575995
PIK3R5,0.5057575
RAG1,0.5057529
ISCA2,0.50574756
EYA3,0.5056581
LONRF1,0.5056551
MKNK1,0.505655
NID2,0.5056077
LRP12,0.50557405
INPP5K,0.5055717
HOXA5,0.50551194
KAT5,0.5055
NAGLU,0.5054995
HPS6,0.50547534
GUF1,0.5054708
IL6R,0.505463
OTUD3,0.5053967
TBC1D23,0.5053835
UPF3B,0.50537175
RELT,0.50535536
NUB1,0.5053339
HIGD1A,0.5053005
HMOX2,0.5052847
PHLPP2,0.50526315
SERPINE2,0.50523096
RMDN2,0.5051198
MRPS34,0.505104
PDSS1,0.5051039
GTF2E2,0.5050994
LRSAM1,0.50503916
GOT1,0.50503826
MRPS26,0.50503576
MFAP1,0.50503445
PAG1,0.505022
RAD50,0.50501746
GRPEL1,0.50501394
PNPLA2,0.505001
UPRT,0.50499296
KDM6B,0.50496244
MFAP3,0.50494736
NOL7,0.50493646
IRF1,0.5049087
METTL4,0.50486815
GFM1,0.5048676
LAMP2,0.50479335
PKN3,0.50479156
MPG,0.5047868
GINS4,0.50478554
GPT2,0.5047724
POLRMT,0.5047689
NT5C3A,0.50474554
PLXND1,0.5047371
HOMER3,0.50470823
NDUFB1,0.5047043
MAP3K6,0.5046725
INTS5,0.50461423
GRK6,0.5046024
GPC1,0.5045606
HAUS1,0.5045569
MRPS15,0.5045257
NUAK1,0.50451493
PNPLA6,0.50449944
PMVK,0.50447655
PEX11A,0.50447595
WRAP53,0.5044668
LAMC2,0.5044602
LPL,0.50445133
GPR153,0.5044504
INTU,0.50444734
NELFA,0.5044426
IRF7,0.50439787
RMDN3,0.50439334
GSDMD,0.5043858
UPP1,0.5043776
POLR2I,0.50436753
USHBP1,0.50436157
FZD6,0.5043505
PLTP,0.50435036
MAP3K10,0.5043497
TIFA,0.5043328
MRPS31,0.50428015
NGDN,0.5042681
NEIL1,0.50425833
TRIP4,0.5042039
IPMK,0.5041824
SLC25A22,0.504148
IQCE,0.50414604
PLXNA1,0.50413746
IFIT3,0.5041353
PABPC1L,0.5040696
HGSNAT,0.50404555
KAT2A,0.5040442
PSMC6,0.5040019
PNKP,0.5040009
KLC4,0.50398934
HMGXB4,0.5039082
HS6ST1,0.5039033
L3MBTL2,0.50390327
UFL1,0.5038692
GOLGA1,0.50384784
GSTZ1,0.5038259
MRPS36,0.50382566
MED21,0.5038009
GAR1,0.5037388
POFUT2,0.50371695
MEPCE,0.50371194
HMGCL,0.5036996
SRPX2,0.5036866
INIP,0.503643
RENBP,0.5035949
MYO6,0.5035912
LARP7,0.5035523
MIF4GD,0.50353855
KCNK5,0.5035303
RAVER1,0.5034844
HSCB,0.5034433
TBX2,0.50344306
HAUS8,0.50343025
RNASEH2B,0.50342697
RASSF6,0.50342464
PLEKHG5,0.50341713
IFT52,0.5033676
KIF3A,0.5033674
HSPB11,0.5033605
KIF3C,0.5033538
NAGK,0.50334513
JAG2,0.50334203
NLE1,0.5033372
FTSJ3,0.5033032
ZIK1,0.5032745
PER3,0.50325376
KLHL9,0.50324154
IFT122,0.5032414
LSAMP,0.5032178
TNFRSF25,0.50321275
KRI1,0.50319135
NEIL2,0.50316006
IL2RG,0.50314754
PLRG1,0.50312895
MZF1,0.5031235
NUDT12,0.5030963
RGS2,0.50307876
ST3GAL6,0.5030775
HNRNPUL2,0.50307494
MRPL1,0.5030747
TWF1,0.5030558
IFI44,0.5030476
KCNMB4,0.50304234
MST1,0.5030392
NANS,0.50301963
MYCBP,0.5029806
LTBR,0.50297886
HPDL,0.50288874
HPS3,0.50286746
MAD2L1BP,0.5028617
GTF2B,0.5028363
KLHL2,0.502835
SNAP29,0.5028074
MAN2C1,0.5028002
NFKBIB,0.5027667
JMJD6,0.50276047
NAA10,0.50273937
TGFBRAP1,0.5027322
NOMO2,0.5027226
NAIF1,0.5027185
MPP1,0.5027136
HECTD2,0.50267476
MCTS1,0.50265884
MCEE,0.5026338
HSPBP1,0.50261277
NOP2,0.5026079
IFT172,0.5025998
TDRD7,0.5025947
MYSM1,0.5025845
SCIN,0.5025787
PDCD7,0.502563
IFI35,0.502559
NR1H2,0.502549
MAPK11,0.50250214
NAPB,0.5024809
POLG2,0.5024792
INTS2,0.5024525
RNASET2,0.502409
PDK3,0.5024078
MED23,0.50239956
MUC3A,0.5023975
INSR,0.5023732
SCCPDH,0.5023665
LAMTOR5,0.50235915
NDUFA11,0.50234616
MRPL24,0.50232935
HVCN1,0.5023111
MBP,0.502282
KCNS3,0.50227064
KATNA1,0.50225806
MVP,0.5022316
TCEAL1,0.502206
MED17,0.5021891
PPP2R5B,0.5021885
MRPL33,0.5021808
LCP2,0.5021797
PVR,0.50217915
KLHL21,0.50211394
MBTPS1,0.5021051
RPGRIP1L,0.502091
RNH1,0.5020784
INO80B,0.5020752
UBLCP1,0.50204307
IRF2,0.50204045
ZNF385A,0.5020136
RRP9,0.5020054
NR4A2,0.5019995
SLC1A1,0.5019483
IBTK,0.5019334
MTIF2,0.5019324
NPHP3,0.50192046
HEXIM1,0.5019173
SMNDC1,0.5019082
IL20RB,0.5018713
KRIT1,0.5018711
PRDM4,0.50185
PRX,0.50184715
IPO4,0.5018334
MSX1,0.50181973
NDC80,0.5017949
PIGA,0.50178766
NOD1,0.50174123
IMPDH1,0.5017394
LPCAT4,0.50169456
MRPL21,0.50167406
ZNF548,0.50166947
MAFF,0.50166655
PSTK,0.5016584
MRPS12,0.50161415
LRRC40,0.50160813
NFATC1,0.5015919
LLGL2,0.5015878
UFSP2,0.50157785
ZNF251,0.5015753
LSM3,0.50156945
ITGB7,0.501563
RAP2C,0.5015305
INPP5A,0.5015276
RAB6B,0.50147384
MPP2,0.5014732
LEO1,0.50146943
IFT81,0.5014672
LPCAT3,0.50146055
PCBP4,0.50143385
IFT27,0.5014241
MTX1,0.5014229
MAT2B,0.50141317
ZNF473,0.50140893
PIGS,0.5013982
SHPK,0.5013954
PPOX,0.50137395
KRT10,0.5013636
MRPL13,0.501362
LYAR,0.501347
MLKL,0.5013455
RAPGEF5,0.50131637
NMT2,0.50130284
KLHL22,0.50130016
GPR180,0.5012935
TRMT61B,0.50128084
NRBF2,0.5012549
IPO13,0.5012251
INTS9,0.50122195
NFYB,0.50122005
NAGPA,0.501204
NUP37,0.50118816
MRPS24,0.50115395
MLYCD,0.5011354
IRF5,0.5011137
MARVELD3,0.50102836
PARP12,0.50102735
NR4A1,0.50101274
SRR,0.50101244
PLCD4,0.50099623
PCYOX1L,0.5009915
TBCC,0.50096875
SMOX,0.50095797
MPI,0.500943
MED4,0.50093406
OSGEP,0.50090766
NMRK1,0.5009075
MAPK8IP1,0.5008999
PHF1,0.5008933
YIPF1,0.5008779
NCALD,0.5008265
IRF2BP1,0.5008242
MZT1,0.500804
MYBL1,0.5007868
TRMT10C,0.500739
ZNF485,0.50072616
PMP22,0.50071114
MRPL19,0.5007085
L3MBTL1,0.50067925
MRPL9,0.5006619
PAK1IP1,0.5006612
NR1D1,0.50065255
HOXB6,0.50061965
MRPL46,0.5006125
NPC1,0.5005411
MALSU1,0.50053406
NDUFAF7,0.50053257
ZNF773,0.50049734
OPN3,0.5004862
MRPL16,0.50047576
MRPS17,0.5004522
SNIP1,0.5004515
MCRS1,0.50043774
LEF1,0.5004038
ITGA4,0.5003948
IRF2BPL,0.5003889
MX2,0.50036716
MAFK,0.5002922
PTPN7,0.50021607
IRS2,0.5002096
ITGAE,0.50017565
SPAG4,0.5001322
MTM1,0.5001281
NOL6,0.50009584
PCYT1A,0.5000506
UCHL3,0.50003463
LRWD1,0.5000153
RING1,0.499999
KLHL42,0.49999535
LSM7,0.49995255
PYCARD,0.49992764
PEX16,0.4999208
LDB2,0.4999036
INPP4A,0.49988177
IGFBP6,0.49984115
PLK4,0.4997823
ORMDL1,0.4997118
NDUFA5,0.49969292
HMOX1,0.49968976
ISG15,0.49968204
POP1,0.49962524
NOSIP,0.499618
SLC35A2,0.49956134
MTF1,0.49955943
TMEM176A,0.49955124
IK,0.49953687
LAT2,0.49952397
NUBP1,0.49951726
GLE1,0.4994834
REXO2,0.49947643
MRPL41,0.4994345
INTS12,0.49940953
PDP2,0.4994093
MBOAT1,0.49940586
PITX1,0.49938765
MCCC1,0.49938694
PCYT2,0.49938658
PRKD1,0.4993778
PRR5,0.49937493
RGL2,0.49928245
PSMD10,0.4992677
MBIP,0.4992611
MECR,0.4992396
TST,0.49921155
PPFIA3,0.49919888
SAP30,0.49917173
TRPM2,0.49913925
NELFE,0.4990998
MED6,0.4990397
MUS81,0.49903235
PGM2L1,0.499021
POLR2K,0.4989981
SDC3,0.49899632
NXF1,0.49897647
NOM1,0.49897155
MOB2,0.49896848
SMPDL3A,0.49896574
ZNF691,0.4988821
NUDT19,0.49887222
KIF26A,0.4988594
RPS6KA4,0.4988521
MMAB,0.49881774
ZNF182,0.49881512
ZNF677,0.4987981
NADK2,0.49875844
MGST3,0.4987397
LOXL1,0.49873263
NEDD9,0.4987251
LSM10,0.49872166
MPC1,0.49868697
RTKN,0.4986829
ICAM3,0.49867487
MAP3K9,0.4986724
PIGQ,0.4986504
PLS1,0.4986175
RILP,0.49860683
OMA1,0.49860013
LGALS8,0.49856135
NPDC1,0.49854964
KRTCAP2,0.4984759
SNRPG,0.4984251
MPHOSPH6,0.49838027
HPS4,0.4983792
MKKS,0.4983763
IFT20,0.49835226
MRPS28,0.49834704
NR2C1,0.49833444
LXN,0.49832657
PIPOX,0.49832243
RPL7,0.49832153
NEK8,0.49829495
MOCS2,0.4982824
MED8,0.49826512
MAPK12,0.49825197
TSNARE1,0.49824867
NOP16,0.4982393
MCM9,0.49821824
LEPR,0.49819207
LPAR2,0.49817857
LMF2,0.49815208
MIEN1,0.49814948
PARP9,0.49813142
MRPL55,0.49811345
METTL22,0.49809092
LY86,0.49803224
NSMAF,0.497984
RGP1,0.49798256
MSX2,0.49796614
LAMTOR3,0.49796224
MRPL54,0.49795648
MINPP1,0.49792883
NDOR1,0.49792016
LIPA,0.4979036
MED26,0.4978921
ZNF284,0.4978546
KATNB1,0.49785382
IFNLR1,0.4978517
KRT80,0.4978107
ZNF180,0.49780938
PEX11G,0.49774843
MERTK,0.49772823
UAP1L1,0.49769682
MAK16,0.49768394
SFN,0.49766922
MON1B,0.4976653
MIB2,0.49766368
LLGL1,0.49764642
KCNG1,0.49764448
NME6,0.49762347
MBD6,0.49757087
KLHDC2,0.49756715
ZNF221,0.49753174
PAGR1,0.49752608
MED29,0.49751014
REEP4,0.49748358
PLCB2,0.4974778
NUDT16,0.49747697
NR1H3,0.4974584
PRPS2,0.49739608
MMACHC,0.49738896
TSEN54,0.497366
PACSIN3,0.4973396
MFAP2,0.49733546
MRPL2,0.4973262
RNF113A,0.49732256
MPP7,0.4973113
LATS1,0.4973013
SEMA4G,0.49729058
RIN3,0.4972814
MXD1,0.49726984
HNRNPLL,0.49725503
MRPL35,0.49724662
NOMO3,0.49724525
SDHAF1,0.49723417
TREX1,0.49721432
SIRT2,0.49715927
POU2F2,0.49714965
TGM1,0.4971304
NOC3L,0.4971149
SLX4,0.49710828
POLR3C,0.49709067
PRNP,0.4970683
NOL11,0.49705815
S100A3,0.49700072
NAA20,0.49698818
NTAN1,0.4969776
NINJ1,0.49697435
P2RY11,0.49693006
KDM1B,0.49689847
NSUN5,0.49687585
NCF2,0.49687344
MFN1,0.4968546
NECAB3,0.49682912
PHLDA3,0.49682683
RTN4R,0.49680805
NAPG,0.49680263
NDUFAF1,0.49678642
MCM10,0.4967121
MYO5B,0.4966994
PEX1,0.49668592
NEDD1,0.4966704
PAQR8,0.4966551
NAT1,0.4966297
RASSF5,0.4966296
MAP1S,0.49662805
NEK2,0.49661535
ZNF420,0.4966093
PPWD1,0.4965843
PCDHB5,0.49658254
MUL1,0.4965428
OAS1,0.49650505
MAGOH,0.49650294
PARP2,0.49647504
PAFAH1B3,0.49646544
KRR1,0.49645716
HSD17B7,0.49643955
TRMT5,0.4964392
MRPL18,0.49643508
MYH14,0.49642944
MTHFS,0.49638474
RAB4B,0.49637955
MPHOSPH10,0.4963406
ZNF593,0.4963308
ING4,0.49631065
MLH3,0.49630404
MPND,0.49630368
NECAP2,0.49629205
METTL21A,0.49628899
RAPGEF4,0.4962796
SLC18A2,0.4962796
NTM,0.49626374
NAPEPLD,0.49624872
LNX2,0.49622563
MAN2A2,0.49618378
RASAL3,0.4961597
NIT2,0.49614897
LTB4R,0.49611992
MSRB2,0.4960917
MICAL2,0.49609095
ZNF557,0.4960238
PNPLA7,0.49599472
MED19,0.4959892
PECR,0.49593526
PCDH1,0.49592453
PCOLCE,0.49587822
NRCAM,0.49586058
MRPS14,0.4958335
SETD6,0.4958287
MMP15,0.4958082
METTL14,0.49579668
MCM8,0.495788
OSGEPL1,0.4957879
ZNF709,0.49578133
NFKBIL1,0.49576813
NSMCE4A,0.49567205
TMEM179B,0.4956598
PARS2,0.49564973
RARB,0.49564365
SLU7,0.49561045
KIF5C,0.4956033
NKIRAS1,0.49559978
PPARA,0.49559772
PDE6D,0.49556234
PSME2,0.4955489
NSUN6,0.49554035
TSFM,0.49553576
METTL3,0.49552968
NDRG2,0.49552804
NNMT,0.49551383
TXNRD3,0.49550605
TSSC4,0.4955037
MED7,0.49549082
RPP21,0.495478
NOL8,0.49544773
MRPS22,0.49544457
TRIM21,0.4954326
MAP1LC3B,0.49539772
PCSK6,0.49539232
TRUB1,0.49537864
RFK,0.4953752
PDPN,0.49536595
ZNF92,0.49534196
MBD4,0.4953402
MSRA,0.4953402
IL16,0.49531925
UTP14A,0.49531445
MRPL22,0.495312
RAC3,0.4953088
MTFMT,0.49528837
HSF2,0.49525958
OXSM,0.49521002
NEU1,0.4951665
SMPD1,0.4951636
LMBRD1,0.49515575
PI4K2A,0.49514535
ZNF302,0.4951288
NFU1,0.4951161
UBOX5,0.4950852
ST8SIA4,0.49506733
RAD51D,0.4950563
PINK1,0.49504706
PLP2,0.49503905
MRPS23,0.49501482
KLHL25,0.49499536
NSDHL,0.494981
NAMPT,0.49497542
MPHOSPH8,0.49497357
POLR3G,0.49495617
PPM1K,0.4949232
MTO1,0.49490872
RBAK,0.49488485
NABP1,0.49479055
MED20,0.49476418
PTPRE,0.49474993
TCN2,0.49472886
RABIF,0.49472332
LZTS3,0.49469674
PJA1,0.49469462
PPT2,0.49466658
OPTN,0.49464253
RBBP9,0.49463114
MEAF6,0.49461973
MAP4K2,0.49461353
PAM16,0.49459878
NDUFB8,0.4945744
NFASC,0.49454477
MTIF3,0.49453107
KIFAP3,0.49452093
TRIM35,0.4944807
MRGBP,0.49447888
RIN2,0.49447075
PNO1,0.49446508
TSEN34,0.49440673
NDUFB6,0.49438733
PPM1F,0.4943844
NT5C,0.49438244
NDUFA3,0.49437428
MASTL,0.49432614
RNF14,0.49427798
NFKBIZ,0.49425566
PTH1R,0.4942241
KLHL20,0.4942092
MRPL47,0.49417117
RP2,0.49416703
MRI1,0.49414968
TFIP11,0.49414188
MIS12,0.4940995
NID1,0.494083
RIT1,0.49406847
NTN4,0.4940582
PIGB,0.49405318
MAPRE3,0.49405283
PPFIBP2,0.49401006
ZNF564,0.49400896
STAM2,0.49394706
RABGGTA,0.49393076
TNFRSF10D,0.49391112
RIPK2,0.49390563
OAT,0.49388865
ZFP82,0.49386826
TRPC6,0.49386004
ZNF211,0.49381503
PNKD,0.4938055
SNTA1,0.4937955
MED9,0.4937955
PEX3,0.4937812
IFIH1,0.49373773
OSTM1,0.49372536
RNF181,0.4936924
PMM1,0.49368846
TMEM107,0.49368757
PARD6G,0.49365765
RAP1GAP,0.49361467
SERPINF1,0.49360746
IDH3G,0.4935833
LRR1,0.49358281
MICALL1,0.49356872
TP73,0.49353194
POLM,0.49350616
PLOD3,0.4934775
MR1,0.49343917
NFYA,0.49341416
PRICKLE2,0.49336904
PRKAG2,0.4933672
NDST2,0.4933224
ZDHHC2,0.49330813
STAP2,0.49330187
TOR4A,0.49330094
MRPL53,0.49325058
LMOD1,0.49323967
RBPMS2,0.49321973
NFS1,0.49320608
PITRM1,0.49317536
PDCL3,0.49312577
PSEN2,0.49311072
PRPF4,0.49308857
PLA2G15,0.4930878
NDUFA12,0.49308074
MRPS10,0.49305817
ZNF780A,0.49304962
PTN,0.4930059
PRICKLE3,0.49300104
VPS37D,0.4929436
NHEJ1,0.49293107
IRF9,0.49291563
NDUFA8,0.4928772
REEP2,0.4928407
NUDT16L1,0.4928231
RNF6,0.49281535
PDE5A,0.4928124
PAPSS2,0.4928013
PREX2,0.49278906
ORMDL2,0.49278575
NCKAP1L,0.49276605
POMT1,0.49273208
RAB3IP,0.49271762
SHF,0.49270898
PPP1R13B,0.49270558
RANBP6,0.49268508
RAB25,0.49263486
RNF139,0.49262363
PDCL,0.492597
NDN,0.4925916
MICU2,0.49258476
NDUFA9,0.49249434
SIGIRR,0.4924763
RPP40,0.4923782
LMBR1L,0.49236917
SNRNP35,0.49236628
PEX7,0.49236524
PDE12,0.49236074
TTC30A,0.49234873
OIP5,0.49233082
VPS33A,0.49230352
POLB,0.4922974
SEMA4F,0.49226287
ZNF184,0.49221832
PIP4K2C,0.4922089
NMNAT2,0.49217355
TM2D2,0.49211708
PHKA1,0.49204785
THAP7,0.4920463
RCAN1,0.4920029
MAPK13,0.49200192
TAP2,0.4919992
PRMT6,0.49195552
NME3,0.49194172
PHF11,0.49192587
POLE4,0.4919244
SNRNP27,0.491916
MAGOHB,0.49190295
STX1A,0.4918914
POLE2,0.49188864
PGM2,0.49186423
MRPL39,0.49186337
PARD6B,0.49184948
PIGO,0.49184003
NAA30,0.49183246
POLR3GL,0.4917965
MLPH,0.4917891
RAB20,0.4917886
PCDH18,0.4917627
YRDC,0.49175945
ZFP14,0.4917506
MRPL40,0.4917311
SARDH,0.49172476
U2AF1L4,0.49172464
RHPN2,0.49170366
ZNF552,0.49168405
PIGC,0.49166954
SYNGR1,0.49166948
SIAH2,0.49164823
PBK,0.4916443
RHPN1,0.49157274
OAS2,0.4915664
PDLIM2,0.4915628
MOAP1,0.4915414
NR1D2,0.49152562
POLI,0.49145004
PAN2,0.49144676
SHB,0.49144325
SLC40A1,0.49144042
NUDT9,0.4914134
RAD51C,0.49139982
VAMP1,0.49137703
PFKFB2,0.49130446
PKP3,0.49129742
MRPL27,0.49128115
RTN4IP1,0.49127424
SORBS1,0.4912602
SGSH,0.4912597
MRPL44,0.4912351
VARS2,0.49120474
SGK3,0.4911754
PTS,0.4911179
SLC35D1,0.49110955
POLR3F,0.49103844
TRIM23,0.4910367
RIOK1,0.4910236
PEX13,0.4910013
TDG,0.49098775
PARVG,0.49094453
PAK6,0.49094355
MRPL50,0.49094054
PLEKHG4,0.49092975
POMGNT1,0.49085328
PPP2R3A,0.4908482
PAIP2B,0.4908357
NAGA,0.49080694
MOK,0.4908025
PDCD5,0.4907762
NPR1,0.49075714
PCSK5,0.49072486
RFXAP,0.49072447
PBLD,0.49070477
ZNF577,0.4906938
SEMA6B,0.49068508
NR2C2AP,0.4906646
TRPC4,0.49064633
ZNF765,0.49063694
STRIP2,0.4905744
ZNF155,0.4905497
ZNF79,0.49053508
POP5,0.49052584
PARP3,0.49051878
SOCS3,0.49049732
WBP4,0.49048454
SMARCD3,0.4904779
RGS14,0.49044153
ZNF256,0.4904374
SURF1,0.4904265
WTIP,0.4903875
ULK3,0.4902798
SEPSECS,0.49023476
NSMCE1,0.49022686
RAB11FIP5,0.49018744
PPP1R3B,0.49016806
RIPK1,0.49014682
SNX33,0.49014568
SPDYA,0.49011588
PEX12,0.49005678
RIN1,0.48996532
STX11,0.48995227
PALMD,0.48992229
RRAGC,0.48992068
STXBP2,0.48991558
RAB33B,0.48991427
TOMM40L,0.48991185
SEMA4A,0.48986232
ZNF18,0.48983613
RABL2A,0.48983473
PICK1,0.4898321
PTCD1,0.4898133
REPS2,0.48979196
PLA2G12A,0.48978412
SKA1,0.4897796
PPID,0.48975432
PI4K2B,0.48973992
THSD1,0.48971394
SEMA6C,0.489708
SPTLC3,0.48966604
RGS16,0.4896044
NIP7,0.48956648
PDGFD,0.48954636
PTPN21,0.4894754
PSMC3IP,0.4893814
PLEKHG2,0.48936233
TAF5,0.48935914
PLD2,0.48933172
PDK2,0.48928452
ZNF74,0.48927227
OAS3,0.48924097
RCE1,0.4892356
MTMR6,0.4891966
PANX1,0.48919192
RAB37,0.4891789
SH2D2A,0.48916498
ORAI3,0.48914477
RASGRP3,0.48912504
SNAPC1,0.4891155
SSH3,0.4891019
PBDC1,0.48903728
SGIP1,0.48901516
RNF135,0.48901212
UBA7,0.48894292
RABL2B,0.48892024
TMOD2,0.48886126
RGS19,0.488822
PIGF,0.4888211
SIRT6,0.48879203
TEP1,0.4887644
PRKAR2B,0.48875082
RPL36A,0.48872882
RPL26L1,0.4887213
NFIL3,0.48867372
PLEKHG6,0.48862565
RGCC,0.4886005
PKIA,0.488543
SARM1,0.48853835
PAFAH2,0.48852226
SEC11C,0.48850995
SLC7A7,0.488461
NFRKB,0.48845062
SLC30A1,0.48838088
RABEP2,0.48831517
ZFP30,0.48829743
PRRT2,0.48826674
ZNF774,0.4882084
RAB38,0.48817706
PTPRN2,0.488175
RAB24,0.48816943
SIRT3,0.48816347
OCLN,0.48801506
ZNF2,0.4879256
SUOX,0.48790205
PHKG2,0.48789585
PEX11B,0.48787552
TFAP2C,0.48786202
SEMA5A,0.48785487
TACO1,0.48780307
SPRY1,0.487801
RAB3D,0.48778725
PGAP3,0.48777175
PPP2R3C,0.4877321
PNPLA4,0.48768163
PIGM,0.48764098
NUFIP1,0.48762006
POMK,0.48760432
RGS17,0.487578
RECK,0.48754004
ZNF790,0.48751673
SLC22A4,0.4875135
RCAN3,0.4874927
PRKAB1,0.48746496
PDK4,0.48741993
RHOU,0.48740497
ZNF429,0.48736572
TMC8,0.48733553
POMGNT2,0.48729122
SLC9A3R2,0.4872872
PIGV,0.48728386
ZNF32,0.4870906
SEMA5B,0.48706955
ZNF354A,0.48702386
TIMP3,0.48701435
SYT11,0.48701334
TRIM46,0.48700717
SLC4A11,0.48695454
RNF25,0.48689598
TBX19,0.4868813
ZNF516,0.4868504
ZNF57,0.48681074
PRPF31,0.4868007
ZNF34,0.48672476
SULF1,0.48669654
SCUBE2,0.48663458
PIGW,0.48661792
TIMM21,0.48659593
RAB42,0.4865852
PTAFR,0.48657566
TNFSF13B,0.486571
PRICKLE1,0.48655653
ZNF140,0.48650047
RPF1,0.48647052
PDP1,0.48644942
TEK,0.48644477
ST14,0.48643667
TAF6L,0.48643175
ZNF778,0.48639098
RCAN2,0.4863887
SLC25A20,0.48638687
PUS3,0.48637223
TBKBP1,0.48633033
SENP8,0.48630604
NLRX1,0.4862951
STK11IP,0.48621044
SPRTN,0.48613164
WDR83,0.48610196
UBE2D4,0.4860938
RINL,0.48605013
ZNF283,0.48604
PIWIL4,0.4860129
TP53RK,0.4859953
SLC27A1,0.48599517
NDUFAF4,0.48599443
RHBDF1,0.48599234
RPP38,0.48598814
TADA2B,0.4859875
SYTL4,0.48595998
ZNF461,0.48590896
TMEM187,0.48589742
ZNF764,0.48584276
PTGER4,0.4858089
VAMP4,0.48570785
WDR81,0.48570314
RIOK2,0.48562282
VASN,0.48562193
ZNF567,0.48560536
ZNF493,0.48560506
ST8SIA1,0.4855981
ZNF433,0.48558313
TNXB,0.4855236
PLEKHA3,0.48549888
PDZD11,0.48549715
SEZ6L2,0.4854752
TRIM39,0.48545122
TPMT,0.4854213
USP43,0.48540774
PSMA2,0.48540556
SCNM1,0.4853787
ZNF426,0.48536962
ZNF585B,0.4853678
ZNF71,0.4853182
TPRN,0.48525596
POGLUT1,0.48520577
TRMT6,0.48515347
TBC1D8B,0.4851373
PER2,0.4851369
TIMM8A,0.48511901
TBXAS1,0.48509607
TXNL4B,0.48509055
ZNF17,0.48506626
SPI1,0.48505875
SETMAR,0.48501164
SPATA2,0.48497438
SLC1A3,0.48496884
TDRKH,0.48496488
SYTL1,0.48495987
SPSB2,0.48495534
ZNF611,0.48494822
ZNF136,0.48492214
SPTBN4,0.48483953
SEC31B,0.48483112
RAB40B,0.48481566
PORCN,0.48477316
SIRT5,0.48473755
SYNE3,0.48471245
RBMX2,0.48468107
TMEM67,0.48464763
ZNF793,0.48463088
ZNF415,0.48461646
ZNF383,0.4845655
TRPV4,0.48450786
RNF144A,0.48444802
ZNF202,0.48435274
SPR,0.48425624
TAF13,0.48424137
RASGRF2,0.48423207
TMEM186,0.48422045
ZNF546,0.48417306
ZNF600,0.48413604
USP35,0.48411572
PEX10,0.4841011
RBM45,0.48408738
SELPLG,0.48408654
SYTL2,0.4840661
RRAGB,0.48403236
TSPAN12,0.48402023
RPP25L,0.48396182
ZNF701,0.48396075
TBC1D25,0.48393467
ZNF813,0.4839316
SNAI1,0.48392928
PPFIA4,0.48391217
ZNF443,0.48391184
PRPF18,0.48372912
SLC35A1,0.48363468
ZNF674,0.48361692
ZNF555,0.48361385
TRIM6,0.48361132
SLC39A4,0.48354912
TLR6,0.48354894
RPL21,0.48353836
SLC2A8,0.48351365
SNX18,0.4835073
SLC27A2,0.48344544
RNF103,0.483415
SPRY2,0.48341402
ZNF304,0.4834091
ZNF442,0.48335552
TMEM115,0.4833491
TRIM36,0.4832802
ZNF234,0.48324755
ZNF273,0.48324057
TOR1B,0.4832398
S1PR4,0.4832071
SYDE1,0.48315737
THAP1,0.4831523
ZNF132,0.48313728
WNT5B,0.4831292
WHAMM,0.4831276
SH2D3A,0.483102
TMEM216,0.48304918
WDR5B,0.48296937
TGM2,0.48296815
SMPD2,0.48291653
RDH10,0.48290476
ZNF558,0.4828595
TUBG2,0.48283854
ZNF614,0.4828077
ZNF711,0.4827309
ZNF506,0.482688
ZNF530,0.4826879
TTC12,0.48268625
SLC27A4,0.48267075
TTC26,0.48262092
SLIT3,0.48259592
ZNF776,0.48259532
SNTB1,0.4825916
ZKSCAN3,0.4825564
SGCB,0.48252675
ZNF626,0.48244756
ZNF354B,0.48241875
TAF1A,0.48240823
XYLT1,0.48238668
SRD5A3,0.4823826
ZKSCAN4,0.4823649
ZNF699,0.48228362
ZNF684,0.48227757
TPRKB,0.48217902
VCPKMT,0.4821585
ZFPM2,0.48211032
ZNF528,0.48211
ZNF543,0.48209172
SVIP,0.48208863
ZNF253,0.48207742
SERPINF2,0.4820393
SMAD9,0.48201105
WNT2B,0.4819773
TCTN2,0.48197046
TRIM68,0.4819127
SURF2,0.48188877
TLR7,0.4816456
TRIM3,0.48161277
UTP23,0.4815692
ZNF550,0.48149678
SMG8,0.4814787
ZNF549,0.48140058
ZNF200,0.4813971
SAT2,0.48132792
ZKSCAN7,0.48123857
ZNF641,0.4811636
SPICE1,0.4811391
ZNF350,0.48101318
ZNF823,0.4807462
SLC30A4,0.48068258
SNAPC2,0.4806155
ZNF620,0.48053092
TRPV2,0.48043108
RWDD3,0.4804243
SPATA2L,0.48041055
TEFM,0.48035482
STRADB,0.48019132
ZNF573,0.48018202
ZNF175,0.48015788
TGFB3,0.48012382
TP53I3,0.48006788
TBC1D10A,0.48006755
ZNF112,0.4800643
ZNF419,0.4799659
SPON2,0.47993734
TNFSF10,0.4797358
ZNF439,0.47972688
STX10,0.47968662
TAF9B,0.47967285
TRIM45,0.4796615
SLC22A17,0.47964948
ZNF585A,0.4796491
ZFP1,0.47955835
PSENEN,0.47955668
SGPP2,0.4794851
TRADD,0.4793888
PELI3,0.4793669
SLC25A14,0.47929025
ZNF324B,0.47926107
ZNF772,0.47921386
ZNF333,0.4791071
TGFB1I1,0.47903335
TESK1,0.4790281
ZNF846,0.4790217
SERPINB8,0.47885063
TFAP2E,0.47875482
ZNF468,0.47872806
TBC1D10C,0.47868937
ZNF416,0.47859672
S1PR1,0.47857723
UTP3,0.47848928
ZFP69B,0.4784164
ZNF470,0.47832853
ZNF347,0.47820914
ZNF517,0.4780094
ZNF671,0.47794834
ZNF490,0.47788206
ZNF14,0.4778748
ZNF135,0.47766882
ZNF527,0.47762993
WNT9A,0.47758475
ZNF486,0.4769322
ZNF69,0.476904
ZNF141,0.47675088
SLC44A3,0.47658625
ZNF615,0.47629324
ZNF830,0.47617817
ZNF225,0.47603583
ZNF19,0.47501224
TUBA8,0.47383067
ZNF222,0.4735257
ZNF569,0.47266367
