Gene Name,Score
ABCF1,0.6935108
ACAD9,0.6932781
ABHD12,0.6932652
ACOT8,0.69315106
AASDHPPT,0.6930418
ABI3BP,0.6929689
ACADS,0.69294935
ACBD3,0.6927909
ACYP1,0.6926387
ACVR2B,0.6924945
ABR,0.69214195
ACAD8,0.69213927
ADAM17,0.69191426
AIFM1,0.6915756
ACTG2,0.69153357
ADIPOR1,0.6914952
ACSL1,0.69140184
ACOT13,0.6913286
ADCY1,0.6912964
AHSA1,0.69129074
ACAA1,0.69128746
ACSL5,0.69127727
ADCY5,0.69120395
AFTPH,0.6911901
ACAT1,0.6911077
ACSL4,0.6910634
AIFM2,0.69105333
ACIN1,0.69103557
AGPAT1,0.690924
ADNP,0.69087243
ACTN1,0.6908636
AGPAT3,0.69085974
ABLIM3,0.6907373
ACTR10,0.69067436
ABCF3,0.69066393
AIP,0.6906307
ACTL6A,0.6904731
ABTB1,0.69045687
ACTR1B,0.69038475
ABCD4,0.69032496
ACOT4,0.6901814
ADAM22,0.69017386
ADSL,0.6901397
ACLY,0.69012403
ABCD1,0.6900922
AGPS,0.6900912
AMY2B,0.6900864
ACVRL1,0.69006115
ACOX3,0.6899948
AP2S1,0.6899545
ADAM23,0.6899274
ADAM15,0.68986666
AP4S1,0.6898525
ACOX1,0.68982404
APH1A,0.68976957
AP1S2,0.68972546
AJUBA,0.68972486
ADM,0.6897173
AP1G2,0.6896804
ADCY7,0.68966794
ACOT2,0.68965393
ANP32A,0.6896463
ALMS1,0.68962747
ACADM,0.6895912
AFF4,0.6895276
ADAM10,0.689526
ARCN1,0.6895208
ALKBH8,0.6894646
ALDH1A3,0.6893874
ALDH7A1,0.6893377
ACTR2,0.68929696
AP5Z1,0.6892386
ALAS1,0.6892382
AKAP1,0.68917197
AP1G1,0.6891066
ARHGAP44,0.6890849
ALG6,0.6890794
ADD3,0.6890571
AADAT,0.68900186
AKR7A2,0.6889192
ALKBH5,0.6888867
ACSS2,0.6888403
AGO3,0.6888302
ACAA2,0.68870974
ACAP1,0.6886528
AREL1,0.6886222
ANXA5,0.68861496
APOE,0.6885431
APPBP2,0.6885401
ACTG1,0.68849385
ARFGAP1,0.6884858
AP1S3,0.68847823
ALKBH3,0.68843013
ANKZF1,0.688414
ADCY3,0.6884015
APTX,0.68838483
AP3S1,0.6883802
ARHGAP26,0.6883199
AMOT,0.688294
ATIC,0.6882904
ARHGAP39,0.68824756
ARHGAP25,0.68824756
ALDOA,0.68823564
ACO1,0.6882061
AP3B1,0.6881491
ARHGAP4,0.6881254
ARHGAP32,0.6881114
ATP6V0C,0.6881111
ACD,0.6880946
ABCE1,0.6880704
ACTR3,0.68806064
ADAT2,0.688044
ALS2,0.6880127
ANXA6,0.6880071
APIP,0.6879823
BBC3,0.68796843
ACER2,0.6879405
APOBEC3C,0.6879068
AGO4,0.68789953
C2,0.68785274
ANAPC5,0.68784016
ARFGEF2,0.68779826
ARF3,0.6877829
APAF1,0.68772036
ADD1,0.6876783
ALDH18A1,0.68767405
ADAR,0.6876665
ABI2,0.6876576
ARHGAP24,0.68765134
ANKLE2,0.6876298
ANK3,0.68760335
ANKRD27,0.68759406
ARHGAP30,0.6875935
AMFR,0.6875825
ADAMTS7,0.68754166
ACTR8,0.6875194
ARPC5,0.6875089
AURKAIP1,0.6874756
ALG8,0.68745005
ARAP1,0.6874421
ACP2,0.6873486
AHRR,0.6873463
AHCY,0.68731284
ANXA1,0.6873072
ADI1,0.68725723
ANO7,0.68725115
ACTR6,0.6872351
ANXA2,0.6871837
ASB1,0.6871102
AHNAK,0.68710375
ASB13,0.6871031
ARL16,0.68710274
ARHGAP10,0.6870881
ANP32B,0.687085
ANKRD28,0.68705666
ALDH3B1,0.6870429
ATP7A,0.6870316
AP1M1,0.68702877
AK2,0.6870287
AHCYL2,0.6870232
AMPD2,0.68702185
AGO1,0.6870138
ASAP3,0.6870136
ALDH3A2,0.6869998
AK4,0.6869955
BOLA3,0.6869743
ARRDC3,0.68690586
AKAP10,0.6867903
APP,0.6867893
ARFIP2,0.6867684
ARF5,0.68676424
ARHGEF40,0.6867236
ANGEL2,0.6866918
ATP6V0B,0.6866778
APBB1,0.6866706
ARFGEF1,0.68665427
ARID5B,0.6866498
ADPRM,0.6866481
ARL3,0.6866469
ARHGAP12,0.6866321
ARPC1A,0.686632
ARHGAP17,0.68662953
ASPM,0.68662405
ABLIM2,0.6866105
AP3M1,0.6865834
ARID4B,0.6865721
CCNYL1,0.68643993
BLVRB,0.6864176
ATG4B,0.6864037
ALDOC,0.6863927
ALDH9A1,0.68638647
ATG2B,0.68638325
ANTXR1,0.686378
ADPGK,0.68632525
ANAPC15,0.6862955
ADIPOR2,0.68625915
AUH,0.6862508
ADAMTS10,0.68624365
APLF,0.68620354
ANKFY1,0.6861997
ARHGAP35,0.6861918
AIMP1,0.68616146
ARL4D,0.6861602
ATP6V0E2,0.6861396
AP3D1,0.6861386
ACTB,0.68613136
ANO9,0.68610924
ASL,0.68610895
BACE2,0.6861044
APRT,0.6860734
ATM,0.6860284
ARHGEF18,0.6860069
ATP6V0A1,0.68597263
ARL2BP,0.6858869
ALDH1B1,0.68586725
ARHGEF3,0.6858584
AP5M1,0.68583006
AKR1A1,0.68580234
APPL1,0.6857876
ATP1B2,0.68578595
ATP6V1B2,0.6857372
BTN3A2,0.68571025
ALPK1,0.68568176
ALG13,0.68566525
AGK,0.68563455
AKT1S1,0.6855953
ABCB4,0.68558425
ARL2,0.6855546
BAZ2A,0.6855456
ATP1B1,0.68553007
ATP1B3,0.6855173
ARHGDIA,0.6855083
AMMECR1,0.68548906
ASCC2,0.6854324
ARHGAP6,0.6854295
ARHGAP21,0.68542916
ANAPC1,0.68542546
ANAPC7,0.68541765
ANAPC4,0.6854172
ARSJ,0.68540174
ARIH2,0.68539107
ATOX1,0.6853766
BIN2,0.6853655
APOOL,0.6853647
ASPHD1,0.6853557
ARL14EP,0.68534344
ATF2,0.68532485
ATP2B4,0.6853208
ATP2B1,0.6853072
BNIP3L,0.68530685
APBB2,0.68530077
BANF1,0.6852541
BBS9,0.6852409
ARIH1,0.6852297
ARF6,0.6852173
BUD31,0.6852109
ABCB10,0.68520766
ATG9A,0.68516654
ACACA,0.6851562
ASNS,0.68514895
ATF6,0.6851331
AP2B1,0.68511754
AUP1,0.6851155
ATXN2,0.68505454
BPNT1,0.68505335
ACE,0.685032
AMOTL1,0.68496853
BMF,0.68496436
AMDHD2,0.6849632
AGO2,0.68496
ARAP2,0.6849561
AMBRA1,0.6849402
ATG16L1,0.6849185
ANO6,0.6849149
AQR,0.68490696
ARHGAP9,0.6848338
ATP8A1,0.6848264
ADH5,0.6848165
AKR1B1,0.68481296
ASAP1,0.6848089
ALG14,0.68480235
ASH1L,0.68476415
ATP11B,0.6847462
ATXN7L1,0.6847147
BCAR1,0.6846986
ARHGEF11,0.68469256
ATAD5,0.6846759
BIRC6,0.68467575
ARPC2,0.6846464
ATP8B1,0.6846152
ARNTL2,0.6846022
BCL2L11,0.6845847
ARL8B,0.68457973
ALKBH1,0.68449306
ASAP2,0.6844489
BCAP31,0.6844304
ASGR1,0.6844068
ATP2A2,0.6843979
API5,0.6843947
ALYREF,0.684383
ACER3,0.6843529
BID,0.68432325
ARHGDIB,0.6843228
ATF4,0.68431455
ATPAF1,0.68430066
AZI2,0.68427104
ANKRD44,0.6842614
ARRB2,0.68426013
ATG13,0.6842471
BTBD2,0.6842463
CALM1,0.68424296
BLCAP,0.68423
BCKDK,0.68420285
CA2,0.68419176
BTRC,0.6841891
BLOC1S4,0.68418586
ATN1,0.68416375
BCCIP,0.6841485
ARMC8,0.6841405
ARPC4,0.6841271
CBX6,0.684115
ATG3,0.6840998
BZW1,0.6840933
BTN3A1,0.6840905
CARS2,0.6840759
ATP6AP1,0.6840698
ASPH,0.6840694
BCAS3,0.68406254
AP2A2,0.6840602
ARHGAP31,0.6840445
BRD8,0.6840374
ACOX2,0.684016
AZIN1,0.6839744
CD200,0.68395555
BTBD1,0.6838993
ATAD3A,0.6838793
ARSD,0.68386155
C1R,0.683847
AP2M1,0.68384594
AGPAT5,0.68384176
ASS1,0.6838292
ACOT7,0.6838204
AMOTL2,0.683816
BAG6,0.683816
C2CD2,0.6838113
ASAH1,0.6838074
AMPD3,0.6838048
BABAM1,0.6837523
BCKDHA,0.6837239
CAPNS1,0.68371975
ADK,0.6837104
ATP11A,0.6836889
CHST12,0.6836867
BAHD1,0.6836729
APLP2,0.68366534
BDP1,0.6836277
CAB39L,0.6836245
ATXN10,0.683619
CCNT1,0.6836023
ATAD2,0.68360204
B3GALNT2,0.6835979
ATP1A3,0.68359005
AP2A1,0.6835715
ATP6V1G1,0.6835526
ARID4A,0.6835436
ARHGEF9,0.6835389
APH1B,0.68352854
AGGF1,0.6834788
ANAPC16,0.6834185
ATXN1,0.6834115
ASB7,0.68338025
ARSK,0.68334746
CACYBP,0.6833369
CCDC59,0.6833047
A1BG,0.6833036
ATP8B4,0.68330294
ARPC1B,0.6832768
ATXN3,0.68324536
BAG3,0.68324226
CDK13,0.6832298
ATG16L2,0.6831591
C5AR1,0.683159
BATF,0.68315697
ADRA2A,0.6831398
ATF7IP,0.6831173
ATG4A,0.6830769
BAK1,0.6830659
ASB6,0.68306166
ALG12,0.68306154
ARHGAP11A,0.68305135
ASIC1,0.68303984
ATRN,0.6830292
BBS2,0.6829847
C1QBP,0.6829535
ASCC1,0.6829495
BTBD3,0.68293214
ALG1,0.68293
AP4B1,0.6828569
CARM1,0.6828516
ANLN,0.6828293
BMP2K,0.6828235
CLN3,0.68282276
BBS10,0.6828154
ARPP19,0.6827894
ALG5,0.6827686
BRD2,0.68275976
CARD10,0.6826989
BCL2L2,0.68269503
ARSG,0.6826914
CANX,0.6826328
CCNDBP1,0.682624
C2CD3,0.6826063
AHCTF1,0.6825896
ATP6V1A,0.6825842
ARF4,0.6825585
BOP1,0.68251425
B3GNTL1,0.68251234
BMPR2,0.6824965
BTF3L4,0.6824782
C2orf49,0.68247783
CEP135,0.6824776
BRAP,0.6824731
CDCA8,0.68246984
ALG9,0.68246394
CDH6,0.6824563
BAG4,0.68242687
ATG12,0.6824228
CAMK2D,0.68239635
CALM2,0.68239623
BPGM,0.682366
CENPA,0.6823407
ANXA7,0.682323
ABCA7,0.6823103
ATG10,0.682301
BUD13,0.68222314
CBR1,0.6820956
ATP13A2,0.6820847
ALCAM,0.68207306
CNN1,0.68199587
CD52,0.6819894
BET1,0.6819751
CALD1,0.68194914
CALML4,0.6819465
ATXN2L,0.6819434
CAB39,0.6819324
ACTR3B,0.6819246
CBR4,0.6819234
ATP6V1H,0.68190163
CCDC86,0.681863
CHN2,0.6818629
ATG5,0.68185383
BRD1,0.6818104
AVL9,0.6817859
CATSPER2,0.6817856
ALDH16A1,0.6817678
ALG10,0.6817675
ARHGEF12,0.6817656
CEP72,0.6817559
BLOC1S6,0.68173695
CABLES1,0.68167675
CDC20,0.6816678
CHRAC1,0.6816619
B4GALT1,0.6816154
CAND1,0.6816125
CACNA1C,0.68159187
ARHGEF19,0.6815846
ASF1B,0.6815804
CAP1,0.68156177
BRD9,0.6815558
ASRGL1,0.6815384
CD109,0.68153477
CBX3,0.68153363
CCNF,0.681493
BCAT2,0.6814893
CKAP2,0.68146145
ATRX,0.68144363
CAMK2G,0.6814385
BFAR,0.6814253
ARL4C,0.6814213
ABI3,0.6813852
B4GALT2,0.6813415
CAPN7,0.68132466
CCT5,0.6813196
ACP5,0.68129647
BRCC3,0.6812911
BICD1,0.681263
BMP1,0.6812611
BRIX1,0.6812334
BPTF,0.68122286
CCNG1,0.6812133
CD55,0.68121296
AGPAT2,0.6811851
ADAM12,0.6811621
CEP250,0.6811591
BRK1,0.68114775
CDK19,0.6810832
C17orf75,0.68106496
BTAF1,0.6810647
CAPZB,0.68106234
CHEK1,0.6810586
AGL,0.68104285
CCT7,0.68101543
ACTR1A,0.6809974
BUB3,0.6809926
BACH1,0.6809908
CCT2,0.680982
BTF3,0.6809528
CCNG2,0.6809483
ACADVL,0.6809349
CAMK4,0.68092465
ARFGAP2,0.6808706
ACAT2,0.6808635
ATG4D,0.6808565
CD99L2,0.6808471
C3orf38,0.6808378
CBFA2T2,0.68081415
CBY1,0.6808087
ALG11,0.6808046
B3GNT2,0.68077415
BHLHE40,0.6807741
CDCA2,0.6807681
CD46,0.68071187
CEP70,0.6806571
CALU,0.68062884
CES4A,0.6806269
CCM2,0.68062615
CLN8,0.68060637
ARF1,0.68059516
BLVRA,0.6805755
BMS1,0.68056494
C11orf49,0.68056005
B3GAT3,0.6805448
COG1,0.68051875
B9D1,0.6804886
CACNB3,0.68046784
BCAT1,0.6804652
CDK17,0.68046284
CD48,0.6804339
CADM1,0.68043154
CCZ1,0.6804237
CDC42BPB,0.68041015
CDR2,0.6804011
CCDC115,0.6803951
CELSR3,0.68037355
CACNA2D1,0.6803127
CCDC80,0.6802873
CLK3,0.68025047
CDCA7,0.6802354
CDH5,0.6802346
BICD2,0.6802302
C1GALT1,0.6802157
AFG3L2,0.68020606
AGER,0.6801794
CHCHD2,0.6801617
CDC42,0.680159
COPS7A,0.6801526
CASP2,0.68013066
BCL7C,0.68009174
CENPN,0.68005854
CLHC1,0.6800562
CD320,0.6800513
CHD7,0.6800273
ABCF2,0.6800154
ARHGEF25,0.6800125
ABCA2,0.6800099
CERS5,0.6799712
BAIAP2,0.6799701
CD2AP,0.67996716
CHRNB1,0.67996264
BSG,0.67994016
CELSR1,0.6799276
BYSL,0.6799257
CC2D2A,0.6798994
CENPP,0.67988807
CDC37,0.6798868
CCT6A,0.67986375
ASXL2,0.67980486
CNOT6L,0.6797824
CKAP2L,0.6797761
BIN1,0.6797721
CASK,0.679755
GADD45G,0.67971516
BECN1,0.6796941
ARHGEF4,0.6796879
CENPK,0.6796843
CAPZA2,0.6796746
CAD,0.67967445
C2CD5,0.6796512
CDK16,0.6796405
CHID1,0.67963576
CD40,0.67959905
DUT,0.67959756
CDC42BPA,0.67958915
ATPAF2,0.6795763
CDIPT,0.67953503
CAPRIN1,0.6795226
CHCHD6,0.67951345
ARG2,0.6794869
ABCB6,0.6794587
CCDC88C,0.67945576
CHERP,0.6794393
ANPEP,0.6794325
CCNY,0.67942405
CHD1,0.6794233
BRF1,0.67941433
ATP8B2,0.67941314
CDKL5,0.6794091
CDC16,0.6794068
APBA3,0.679405
CCNH,0.67938983
CASP10,0.6793699
C1GALT1C1,0.67936623
CCDC136,0.67936385
BAZ1B,0.679357
CALCOCO1,0.67933625
CDS1,0.6793339
CHD9,0.6793161
CDC37L1,0.6793022
CTSF,0.6792873
CIAPIN1,0.6792804
BLOC1S2,0.67927766
CDK2,0.6792536
CCNK,0.679239
CDC27,0.6792086
ATP6V1E1,0.679183
CHN1,0.6791709
AOC3,0.6791383
CARF,0.6791182
CDK11A,0.6790823
CLNS1A,0.67907995
ATF6B,0.6790504
CHMP2A,0.6790357
CAPN15,0.6789681
CDC34,0.67896354
ANTXR2,0.67895
CD47,0.6789324
FOXP3,0.6789208
ARSB,0.67891973
CDK5RAP2,0.6788984
CD81,0.6788781
COPE,0.67886174
BLZF1,0.6788252
CLTA,0.6788191
BTD,0.67881614
COX11,0.67880034
CGNL1,0.6787996
CCT8,0.6787967
CHCHD3,0.67876863
ANO10,0.6787374
CIB2,0.678735
CHKA,0.6786942
CD27,0.67868453
CCAR1,0.6786562
COL18A1,0.6786532
CELF1,0.67864496
BAG5,0.6786445
CACNB2,0.6786434
CPNE3,0.67863137
APPL2,0.67862827
CLIC1,0.6786244
CBX4,0.6786095
CHTF18,0.6785887
COL12A1,0.67858505
CEP55,0.678549
CREB3L4,0.6785488
ARFGAP3,0.6785305
CACNB1,0.67850053
BTN2A1,0.6784999
COA1,0.6784967
CBX5,0.6784909
BRWD3,0.67846733
ATG4C,0.67846
CDC40,0.6784467
CTDP1,0.6784316
CDCP1,0.6784276
BRWD1,0.6783948
CENPJ,0.6783764
CDS2,0.6783624
CLCN6,0.67835194
COX17,0.6783511
CRY1,0.6783401
ADORA2B,0.6783375
CEP57,0.67832214
COQ9,0.67830116
COPS6,0.67828244
CDK5RAP3,0.67827785
CFDP1,0.6782729
CDYL,0.6782568
COX7B,0.6782425
COX6A1,0.6782397
CCT3,0.6782214
CMTM4,0.6782206
CPNE1,0.67822057
CEP120,0.6781945
CFL1,0.6781891
CCNT2,0.6781582
CMTR1,0.6781309
DHX32,0.6780786
CD53,0.67802936
CDK20,0.6780253
CIT,0.67802334
CHD3,0.6780213
CNOT4,0.6780139
CAP2,0.6780012
DCTN3,0.67798847
CRY2,0.67797
COMMD1,0.6779127
CEP170,0.6779024
CHSY1,0.6778884
CHMP3,0.6778875
CCDC91,0.67788625
CHAF1B,0.6778815
CD68,0.6778627
ARRB1,0.677859
ABCD3,0.6778577
CENPE,0.6778406
CMPK1,0.6778299
AGPAT4,0.6777833
CHCHD10,0.6777789
CHUK,0.6777713
CAPZA1,0.67776644
BRPF3,0.6777652
BUB1,0.6777582
COG7,0.6777556
APOBEC3G,0.67771
CAT,0.6776636
ABCG1,0.6776358
CD86,0.67762434
CLK1,0.6776076
CEP350,0.67758816
CDC42EP4,0.6775812
CTNNBIP1,0.6775702
CENPO,0.67756075
CLSPN,0.67752343
DOLK,0.67751163
CAPN5,0.6775048
CIB1,0.67750436
COPZ1,0.6774931
CTSL,0.6774884
DNAAF2,0.67747873
CCT4,0.67747813
CD9,0.6774717
CWC15,0.6773987
CPSF4,0.67733306
CPSF7,0.67732525
DERL1,0.67732185
CMYA5,0.6773029
COG5,0.677301
CRMP1,0.6773009
CAPN1,0.6772995
CHML,0.6772946
ARL13B,0.6772923
ATF7,0.67729217
CHTOP,0.6772678
BCAS2,0.67726076
ARL8A,0.6772492
CAMKK2,0.67723817
CENPL,0.6772363
CNN2,0.67723465
CNOT11,0.6772147
CTSB,0.67721415
CD83,0.6771872
C1D,0.67717904
CENPM,0.6771419
CAMKK1,0.67713726
CMAS,0.6771209
CEBPZ,0.67711407
CALCOCO2,0.67708975
CNOT10,0.6770792
CD63,0.67707646
CNTNAP1,0.6770307
CIR1,0.67702657
C18orf32,0.6769859
CCDC97,0.6769791
ARHGEF15,0.6769637
COL4A6,0.6769093
CAPN2,0.6768917
CHM,0.6768757
CNOT8,0.67683613
CASP4,0.6767868
CHP1,0.67677397
CD300A,0.6767699
APBB1IP,0.6767606
CDCA5,0.6767408
CERS2,0.67673606
CDH23,0.6766297
DHRS4,0.6766081
ARNTL,0.67660314
DGKI,0.67657477
CHST1,0.67657375
C17orf80,0.6765735
CLINT1,0.6765488
AKR1C2,0.6765419
CLSTN1,0.67653716
DDX18,0.6765134
B4GALT4,0.6765116
AARS2,0.6764994
CHAF1A,0.6764916
CLCF1,0.6764765
COL27A1,0.6764708
CCDC106,0.67645687
CLPB,0.67645425
CITED2,0.6764428
CKAP4,0.67643344
CENPF,0.67641634
CNTLN,0.6764138
COMMD5,0.67639995
C12orf65,0.67639416
CLIC4,0.6763789
CNOT6,0.6763421
ARHGEF37,0.67633855
CERS6,0.6763238
DPM1,0.67630744
ATP6V0A2,0.67630386
BNIP3,0.67628783
CSTB,0.6762672
CETN2,0.6762568
AK1,0.67625195
CAMLG,0.6762397
CD58,0.67621595
DCAF6,0.6762089
CCS,0.6762025
CHSY3,0.6761799
CENPI,0.6761761
CLIP1,0.6761687
DBF4,0.6761671
CUL1,0.67616063
CDK2AP1,0.67615193
COL4A5,0.676134
CCDC93,0.67612964
CERK,0.6761295
CCDC12,0.6761292
CENPH,0.6761262
CDC23,0.6760562
CSGALNACT1,0.67604303
COPS2,0.67600816
CBX2,0.67599636
DCAF15,0.6759745
ACSS1,0.67594355
B3GALNT1,0.67592305
CEP152,0.67591906
BLOC1S5,0.67591447
COBLL1,0.6759002
CERS4,0.6758913
DYNC2LI1,0.67587936
FDXR,0.6758623
CLASP1,0.6758493
ARHGAP29,0.67583764
CSDE1,0.6758317
ACAP2,0.67580616
COPB2,0.6757941
AFMID,0.67578363
COX10,0.6757754
CXCL14,0.67576754
CPE,0.6757645
CABYR,0.6757599
COPS8,0.6757239
CMTM6,0.67572194
CMSS1,0.6757208
BRPF1,0.67571837
CBX1,0.6757175
COA5,0.6757136
CTPS1,0.67569876
ECD,0.6756926
COG3,0.675682
CASP7,0.6756582
CDR2L,0.67565745
CAST,0.6756462
DDX28,0.67564434
ACTA2,0.6756358
DHDDS,0.6756347
CHORDC1,0.6756128
CPD,0.6755958
CSNK1A1,0.6755809
CCNE2,0.67557395
CEP192,0.67553705
COMMD6,0.67552364
DDX39A,0.67551976
DECR1,0.675519
COL5A2,0.6755141
CHMP2B,0.67550623
COL5A1,0.67548543
ARFRP1,0.67548305
DVL1,0.6754655
COLQ,0.67541647
CNOT7,0.6753914
ALG3,0.6753914
ATP6V1C2,0.67537624
BLOC1S1,0.675368
ATL1,0.67535746
CYB5R3,0.67534924
CLDN12,0.67533785
DCTN4,0.6753123
CHFR,0.67523694
CCNL2,0.6752311
COPA,0.6751482
CYSTM1,0.6751297
CD2BP2,0.67512
DCTN2,0.67511666
CORO1A,0.6750904
COL8A1,0.6750758
CPEB2,0.6750623
CPEB4,0.6750327
CEP78,0.6750219
CEPT1,0.67500514
CPSF3,0.67499983
CNNM2,0.6749945
COQ4,0.67499036
DYNLT1,0.674959
CLIP2,0.67495793
CPSF6,0.6749552
CSTF2,0.6749527
DCP1B,0.6749252
CLASP2,0.6749021
DDIT4,0.6748661
CRABP2,0.67486465
ENGASE,0.67485374
ADAM19,0.67484987
ADCY6,0.67483866
ANO2,0.67483485
DYNLT3,0.67483294
DYRK2,0.674827
COTL1,0.6748188
ATRIP,0.6748063
CHMP4A,0.67480034
COL4A2,0.67476803
COPS7B,0.6747572
BIN3,0.67475444
DCPS,0.6747444
ACSM3,0.6747413
CTBP1,0.6747344
CHMP5,0.6747338
CKAP5,0.67472094
CDC25B,0.67471963
COA6,0.67471594
COPG1,0.67467487
CSNK1E,0.6746743
BEND3,0.6746716
CLEC2D,0.67464876
DAPK2,0.6746443
C6orf120,0.67456055
CLOCK,0.6745498
AKR1B10,0.6745386
CREBRF,0.6745268
COPB1,0.674525
COG2,0.6745226
DDX54,0.67450243
DERA,0.67448723
DENND1C,0.6744641
CAPN10,0.67443776
CXXC5,0.67442346
DNAJA4,0.6744188
CHMP4B,0.67441875
DDX56,0.67441237
COL1A2,0.67440826
CDKN2AIP,0.6743938
DBNL,0.67439044
DAZAP2,0.67438394
CUL3,0.67436445
CXXC1,0.6743622
DHODH,0.67431056
EPC2,0.6742965
CUBN,0.6742484
CTH,0.67421186
CENPT,0.674172
CTDSP2,0.674134
CNOT1,0.674128
DUSP14,0.6741151
CWF19L1,0.6740724
CNIH3,0.6740645
CPOX,0.67404944
DNAJA3,0.67404735
CPEB3,0.67404294
FRK,0.67403525
CTTNBP2NL,0.6740313
CHCHD5,0.67399824
DDX27,0.673979
BCL7B,0.6739627
CS,0.673961
CSTF3,0.6739484
COIL,0.6739473
ALDH5A1,0.6739301
CTNNBL1,0.67392623
COX7A2L,0.6739246
CSTF2T,0.6739131
DENND4C,0.67391133
CLDN4,0.6738912
CDK9,0.6738873
CIAO1,0.67386997
CTC1,0.6738526
DHPS,0.6738472
CEP97,0.67384374
DERL3,0.6738121
CRTAP,0.6737933
ADAMTSL4,0.6737863
CWF19L2,0.67378616
DIS3L,0.6737779
CTPS2,0.67373085
ADAMTS13,0.673686
COL4A1,0.67366606
CCP110,0.67361516
B9D2,0.6736126
DHRS3,0.67359716
F8,0.67358387
DPH6,0.6735832
CHPF2,0.6735435
CNIH1,0.6735358
ALDH4A1,0.67352116
CTSA,0.6735066
C17orf49,0.6734925
CTR9,0.6734894
CSNK1G1,0.6734778
DOCK8,0.67345643
CRELD2,0.6734422
DSG2,0.67344075
COQ6,0.6734283
CWC22,0.6734274
DGAT1,0.67342734
CSNK1G3,0.67342293
BSCL2,0.6734041
DNASE2,0.67339575
DDX50,0.67338365
CRADD,0.6733784
CYB5B,0.6733773
CCNA2,0.6733615
DCP1A,0.6733444
CHST14,0.6733411
FMO4,0.6733207
COL7A1,0.6733182
COX20,0.6733014
CRYZ,0.67328
DTX3,0.67327964
DBF4B,0.67327946
CREB5,0.67326814
ANP32E,0.6732642
DUSP8,0.6732448
DLAT,0.6732321
CENPC,0.6732255
DAB2,0.6732217
CDC14B,0.6731749
CTIF,0.6731473
DENND3,0.6731456
DRG1,0.67314553
CPT2,0.6731193
CTSH,0.6730842
CDH24,0.67307425
DPH2,0.6730701
DUSP4,0.6730598
CEP164,0.6730505
COL9A3,0.6730449
FCGRT,0.67304164
DAPP1,0.67301786
CCDC22,0.673014
DDX52,0.6730104
DNAJC5,0.67298007
CORO1C,0.6729702
CKS2,0.6729476
DFFB,0.6729324
ATG14,0.672928
CYTH3,0.6729165
COL11A2,0.6729164
CYC1,0.6729062
CPSF1,0.6728934
ACO2,0.6728645
DBI,0.6728608
DDX42,0.6728459
DPCD,0.6728446
CYBA,0.6728395
DDB1,0.6728297
CSTF1,0.6728137
CTU1,0.6728137
DGKQ,0.6728009
ACOT11,0.6727955
ABCC1,0.6727851
AASS,0.67278165
CSNK1D,0.67277
DNAJA1,0.672766
GDPD1,0.67270947
CYCS,0.6727
GET4,0.6726876
CETN3,0.67264843
EIF2B4,0.6726121
DCAF8,0.6726062
CWC27,0.6726017
DDX31,0.67258686
CKLF,0.67256176
CLK4,0.6725446
DNAJC1,0.67254317
CSPP1,0.6725386
DRG2,0.6725203
DISP1,0.6725023
CYP2R1,0.6724736
COASY,0.67246413
DCAF11,0.67246276
CNPY3,0.6724427
ABCA1,0.672439
EFTUD2,0.67243797
CPT1A,0.6724254
GGT1,0.6724013
CXADR,0.67239165
DAP3,0.67239016
DCAF7,0.67235625
ARNT2,0.6723521
COX5A,0.67235076
AATF,0.67234004
DR1,0.67233187
DYNC1I2,0.6723104
CDK11B,0.6722949
CYP2U1,0.6722825
DDX17,0.67225415
DENND4A,0.6722492
CNOT2,0.67221266
CNNM4,0.6722055
CTNNA1,0.67220277
ETFA,0.67219937
ABCC3,0.67219085
DAPK1,0.67216766
CYTH1,0.6721643
ANAPC13,0.6721355
DUSP2,0.6721277
AK9,0.6720677
CUL5,0.6720411
CDKN2AIPNL,0.6720223
DTX4,0.6720018
DNAH17,0.67199314
CORO1B,0.6719384
DAAM1,0.6719056
B4GALT7,0.6719019
DNMBP,0.6718869
DHX9,0.6718789
AP3S2,0.67186975
DENND5B,0.6718622
CEP41,0.6718271
CCR7,0.6718257
GMIP,0.6718236
CTSD,0.67181796
CSNK1G2,0.6717891
DCUN1D2,0.6717859
CPT1C,0.67177147
DNAJB11,0.6717693
CSE1L,0.67172545
DOCK2,0.6717151
KCTD6,0.6716987
CTDSPL,0.6716798
ARAP3,0.6716654
ARHGAP18,0.6716565
DSN1,0.67161274
ENO3,0.67160505
CPSF2,0.67160004
DCAF10,0.67158985
CLPP,0.67157316
DNAJC9,0.6715712
DENR,0.67156976
DOK1,0.67155814
D2HGDH,0.6714332
CSGALNACT2,0.6714287
CHPF,0.6714076
COG4,0.67137086
CREG1,0.6713606
DET1,0.67132384
COL8A2,0.67131937
BNIP1,0.6713177
CLCN7,0.6712701
DCP2,0.67125183
B4GALT3,0.67124385
DVL3,0.67123675
DDX39B,0.6712281
CTDSP1,0.67122275
COL16A1,0.6711826
CSPG4,0.67114455
CMTR2,0.6711444
DYRK1B,0.671138
DNAJA2,0.67113215
DIDO1,0.67109054
CFL2,0.67107725
DHCR7,0.67107713
HSD17B8,0.67107224
DDX24,0.67105466
DAPK3,0.67102736
DVL2,0.6709789
DMXL2,0.67095464
CNDP2,0.6709309
CUL9,0.67092496
DAZAP1,0.67091763
EGLN3,0.6709081
DCTPP1,0.67089003
DHX16,0.67087895
COLEC12,0.67085326
COX18,0.6708448
GMPPA,0.67084426
DALRD3,0.6708306
GADD45A,0.6708234
DGKZ,0.67080116
DNAJC11,0.67079735
CCDC174,0.6707534
DERL2,0.670746
DIAPH3,0.67072403
CENPB,0.67072314
FZD3,0.6707212
CHST15,0.6707188
CSK,0.67070115
CD247,0.6706927
COL9A2,0.6706797
CYB5R4,0.670657
DCTN5,0.67065537
EFNA1,0.67064935
DDX10,0.6706127
CYP2S1,0.6706116
DNM1,0.6705987
DNA2,0.67057234
DNAJC3,0.6705531
DDX21,0.6705525
DGUOK,0.6705137
BBS7,0.6704956
DNAJB6,0.67047715
DOCK10,0.6704671
BCS1L,0.67045295
DBT,0.6704481
EEFSEC,0.670448
DCTD,0.67043513
GALNS,0.6704096
DHX8,0.6703682
GPR161,0.67034
DHRS1,0.6703366
DPY30,0.67032385
DGKH,0.67031235
CEBPG,0.6702782
DYNLL1,0.6702658
EBF1,0.67026204
COL15A1,0.67022496
DIAPH2,0.6701714
DENND6A,0.67015636
EIF2AK1,0.67013276
P4HA3,0.6701232
DHCR24,0.6701214
CHKB,0.67011315
DDOST,0.67009526
DNAJB9,0.670066
CEP290,0.67005193
DST,0.67004544
CLPX,0.6700406
FUCA2,0.6700398
EARS2,0.6700178
GABPA,0.6700175
EXOSC8,0.6699971
DMD,0.6699708
DDX23,0.6699544
DCUN1D3,0.6699397
ALAD,0.6698711
COMMD2,0.669861
CRTC2,0.6698176
ECSIT,0.66980076
DNAJC13,0.66976285
DLG1,0.66975325
ARHGEF28,0.66974634
DIS3L2,0.66974264
DENND1A,0.66973054
DHX36,0.66971034
DDX19A,0.6696805
DYNC1LI2,0.6696487
ELOVL5,0.66964316
GALNT6,0.66960394
DGKD,0.6696029
EIF3H,0.66959816
COX6B1,0.66959745
HOXA7,0.66955864
DHX35,0.6695552
DNTTIP2,0.6695545
DDX55,0.66954726
FBXO25,0.66953576
AASDH,0.6695302
FAM160A2,0.6695146
CYB5A,0.6694914
DACT1,0.6694642
EFEMP1,0.66945785
DLG3,0.6694363
BFSP1,0.6694148
CDT1,0.6694137
DHX33,0.6694134
CCDC40,0.66940624
DOK4,0.6693977
EHD2,0.66939706
GTF2E1,0.66939014
DUSP16,0.66937697
CNNM3,0.66934985
DCAF13,0.66932
FGD2,0.66931194
FBXL4,0.66928273
CDCA3,0.6692645
EDIL3,0.6692613
DCAF17,0.6692586
ESF1,0.6692501
ECE1,0.66923404
CDK7,0.66923267
COL6A2,0.6691959
ATP6V1C1,0.66918707
DHX15,0.6691698
DCUN1D5,0.6691272
FGD5,0.6691161
DOCK5,0.6691059
DHTKD1,0.6690881
GIT2,0.6690846
DEPDC1B,0.6690674
DOCK7,0.66905695
ENPP1,0.66899765
DDX11,0.6689842
DOCK11,0.66896105
DDX46,0.6689274
EBAG9,0.66892046
EHHADH,0.66892034
DCAF12,0.6689101
CLDN15,0.6689039
DNAH5,0.6688986
DDA1,0.6688959
EBNA1BP2,0.66885453
DUSP6,0.6688527
FPGS,0.66881114
CEBPB,0.66879934
DDX1,0.6687784
GFPT1,0.6687609
EXOSC7,0.6687511
APBB3,0.6687485
DDHD1,0.6686997
IFNAR1,0.6686893
COMMD8,0.6686832
DUS1L,0.6686813
DNAJC15,0.6686789
EHBP1,0.668677
DNAH1,0.66866857
DDX60,0.66866505
CACNA1H,0.66863304
CYTH2,0.66861993
EXOC1,0.66857576
ELMO1,0.66854936
DKC1,0.6685472
DDX19B,0.66852224
EIF4E2,0.66851646
DCAF16,0.66851115
ERAL1,0.6684951
DTL,0.66845316
DCUN1D4,0.66842604
EEF1B2,0.66840684
EPB41L2,0.66839194
FCF1,0.66837454
ELP2,0.6683731
DPYSL3,0.6683495
ELAC2,0.66832995
DNAJB4,0.66831803
GCC2,0.6683041
BDKRB2,0.6682915
ASB8,0.66826564
DDRGK1,0.66826147
EIF2A,0.6682538
COL6A1,0.6682176
COQ10A,0.6681933
ENTPD4,0.6681878
DHX37,0.66818047
DGKA,0.6681531
COG8,0.6681456
FBXW2,0.6681392
ECHDC1,0.6681283
DSP,0.6680903
ARHGAP11B,0.66808176
DCAF5,0.66806483
DPF2,0.66804993
COG6,0.66804236
EMC9,0.6680253
DISC1,0.6680028
EIF4A3,0.66800225
DEPDC1,0.6679878
DTNB,0.6679863
DIAPH1,0.6679709
FMNL2,0.66796654
EHMT2,0.66796124
EHD1,0.6679569
DENND2C,0.66793096
EAPP,0.66792214
ETFDH,0.6679037
E2F7,0.6678952
DLC1,0.66785556
DZIP1,0.6678393
AAMP,0.66783315
EMC3,0.6678169
DOCK4,0.66779447
DOT1L,0.66776055
ARL6,0.6677481
EIF2AK3,0.66770124
EIF3M,0.6676867
HAGH,0.6676477
EXO1,0.6676272
EXOC6,0.6676268
EBP,0.66758305
EIF3L,0.6675669
EPOR,0.6675484
E4F1,0.667539
EPN2,0.66748506
EEF1G,0.66747665
ELF2,0.6674697
CCL5,0.66741246
EMC8,0.66739595
DYNC2H1,0.6673805
DLG5,0.66735786
EHMT1,0.6673556
CYFIP1,0.6672958
DHX38,0.6672719
EI24,0.6672302
COMMD3,0.66718245
FBXL18,0.6671789
ALPL,0.6671674
E2F8,0.6671515
ENSA,0.66714567
FAM114A2,0.6671427
AACS,0.6670867
DIABLO,0.66707283
DLGAP4,0.66705656
DNAJB14,0.66704464
EXOC2,0.6670131
CTNS,0.66700643
CD6,0.6669998
EIF4G1,0.6669876
DHRS11,0.66697884
FHL1,0.6669684
FAF1,0.6668745
EXOSC4,0.6668598
ECI2,0.66680825
FAM168B,0.66679907
DNAJC10,0.66679525
EIF2B2,0.666789
EIF4H,0.6667874
EPB41L1,0.6667149
DCXR,0.6666789
GYG1,0.6666671
AQP3,0.66666055
DEPDC5,0.66665596
FARSA,0.6666396
EIF3J,0.6666157
DSC2,0.66661054
ERGIC3,0.66658837
EEF2,0.6665782
FKRP,0.6665683
CTDNEP1,0.6665634
DFFA,0.66655254
DCAF4,0.6665465
DDX51,0.66652614
DSEL,0.6665068
DNAJC2,0.6665029
DCLRE1C,0.6665014
CCL4,0.66645324
CYFIP2,0.6664324
DIMT1,0.66642827
EVL,0.6663937
EEA1,0.6663783
COQ10B,0.66636896
EVI2B,0.66636264
ERLIN2,0.666361
GPAM,0.6663324
INPP5E,0.6662856
GABARAP,0.6662672
EIF5A,0.66626
EAF1,0.6662432
EME1,0.6661946
EPHX2,0.6661731
FBLN1,0.6661617
EIF4A1,0.6661377
GLYCTK,0.6661087
CLDN7,0.66610783
DENND4B,0.666092
EZH1,0.6660767
F11R,0.6660745
EIF2B1,0.66606736
EIF1,0.6660628
FAT4,0.6660283
EDC3,0.6660137
EFNA5,0.666011
GINS3,0.66599417
EIF6,0.665991
DNM3,0.66599023
ERH,0.6659672
DMWD,0.6659648
EIF2AK4,0.6659581
EP400,0.6659552
EIF3K,0.66590685
EIF2S3,0.66583896
AAK1,0.6658334
FBN1,0.66580343
EEF2K,0.6657891
EFCAB7,0.66577494
ENAH,0.66573167
EIF5B,0.665716
CLUAP1,0.66569555
ESRP1,0.6656883
FXR2,0.66568625
FAM3C,0.6656749
DMPK,0.6656655
ELP5,0.665654
FBXO45,0.6656536
KCNAB3,0.66561306
EXOSC5,0.6656048
GDF11,0.6656021
ESYT1,0.66559863
DLD,0.66558695
EIF2AK2,0.6655798
CREM,0.6655741
EIF4G3,0.66557217
DOLPP1,0.66557056
EXOC4,0.66556907
EIF2B5,0.6655632
EIF3B,0.66551006
DAB2IP,0.66550344
BMP4,0.6654631
ECH1,0.6654616
EEF1E1,0.66543216
FARP1,0.6654293
E2F2,0.6654162
GOSR1,0.665333
EXOC3,0.66532946
DNAJC8,0.66532594
FGD1,0.66531307
DYNC1H1,0.6653011
DYNC1LI1,0.66529495
EIF3D,0.6652865
E2F4,0.6652492
ELOVL6,0.66524875
GALNT18,0.66524357
FUBP3,0.6652426
CUL2,0.6652425
FIBP,0.66522634
FOXK1,0.6652255
FLNC,0.66521525
GTF3C2,0.6652106
FLNB,0.66520715
DLST,0.6652027
FARP2,0.6651849
FBXW4,0.66517615
DNAJC24,0.6651677
FBXO21,0.66515326
EGLN1,0.6651317
EXOC6B,0.6651308
EPC1,0.6651281
COPZ2,0.6651155
COPS4,0.66509837
DTNBP1,0.6650845
EIF5,0.6650542
DENND1B,0.6649887
EIF2B3,0.66498643
FANCL,0.66498476
DPH1,0.66498387
EMD,0.66497964
DYSF,0.664973
CEP76,0.664962
GORAB,0.664953
DOCK6,0.66490924
FBXW5,0.6648874
FBLN5,0.66484165
GTF2A2,0.6648164
ENG,0.66481405
CORIN,0.6647973
DUS2,0.66478753
ETF1,0.66477644
EIF4B,0.66477245
EIF2D,0.6647663
ESRRA,0.6647354
ERGIC2,0.6647281
EIF1B,0.66470975
DPYSL2,0.6646964
FADS1,0.6646839
EIF4G2,0.66467875
FADD,0.66466445
FECH,0.6646502
GBF1,0.66461724
FLAD1,0.6646138
CHMP1B,0.6645864
EOGT,0.6645282
DOK2,0.66452545
FLII,0.66449046
ELOVL1,0.6644904
FBLIM1,0.66447735
ERP29,0.66444314
FBXO9,0.6644379
GEMIN5,0.6643917
ESYT2,0.6643322
EMC10,0.66430783
GON4L,0.66429037
CHCHD1,0.66426563
HSPA14,0.6642648
CASZ1,0.66425973
EXOC7,0.6642586
DLG4,0.66425806
FAM91A1,0.6642548
GTPBP3,0.6642479
GGCT,0.6642322
EXTL3,0.66420674
DLGAP5,0.6641314
IBA57,0.664041
DDX41,0.6640341
FAM110B,0.6640318
LMCD1,0.66402245
EIF4EBP1,0.664003
GID8,0.66399276
DPH7,0.6639791
IL2RB,0.6639677
FRAS1,0.66394806
EPN1,0.6639454
HPRT1,0.6639289
FBXW8,0.6639198
HCK,0.6639048
DONSON,0.663877
IFT46,0.66385865
ELF1,0.6638472
FADS2,0.6638406
FAM98B,0.66381407
DDX20,0.6638085
GNE,0.6638061
HDAC6,0.6637494
DGKE,0.66373926
GLA,0.6637392
FERMT3,0.6636856
FBXO2,0.6636746
FARS2,0.6636583
EIF4EBP2,0.6636472
DCLRE1A,0.66360563
LRFN4,0.6635926
ERI2,0.6635728
GALNT3,0.66355973
EXOSC6,0.66355157
FKBP1A,0.6635421
GLUD1,0.6635243
EPB41L5,0.663516
HEPH,0.6635038
DDX58,0.6635015
ADRM1,0.66349447
DUSP1,0.66349316
FBXO7,0.6634879
LOXL3,0.6634835
FRMD6,0.66345227
FBXL17,0.6634489
BOLA1,0.6634138
FKBP4,0.6633933
DBR1,0.66336286
COQ5,0.6633411
FIS1,0.66333956
GPSM1,0.66331774
FAM98A,0.6633002
FANCI,0.6632865
EVC,0.6632459
DPH5,0.6632407
DMAP1,0.6632134
PYGM,0.6632076
EIF2S1,0.66318864
LIN37,0.66317755
EXOSC2,0.66313845
FBXL2,0.6631291
IFT140,0.66310686
FBXL8,0.66309917
GALK1,0.66306806
FBXL5,0.66294825
FLOT2,0.6629316
ELL2,0.66291684
FNBP1L,0.66291595
ESRP2,0.6629106
IKBKG,0.6628546
GUCY1A2,0.66283774
CRLS1,0.66283447
IL17RA,0.66280687
FTL,0.66279525
ERCC8,0.6627877
FOXN3,0.6627643
GNPAT,0.6626413
ETHE1,0.662616
FAU,0.66257495
HHAT,0.66255105
DCLRE1B,0.66254926
G6PD,0.6625186
HEXA,0.66251516
HADH,0.6625146
INSIG1,0.66251343
FKBP5,0.6624999
EXPH5,0.662428
GFER,0.66240364
CHMP4C,0.66240245
FAM13B,0.6623696
FAM13A,0.662369
ENO2,0.66236293
CUL4B,0.66234976
EYA2,0.66233397
HACL1,0.6623269
GCH1,0.6623218
FANCB,0.6622992
GNL1,0.66229874
GLCE,0.6622792
FSTL1,0.66227347
LTB,0.66227317
ATG2A,0.6622617
HEXIM2,0.66224813
CYB5R1,0.66223806
GCFC2,0.6622353
GEMIN4,0.6622275
FBXO8,0.6621559
FBL,0.6621554
ETNK2,0.662112
FOXK2,0.66209024
DSTN,0.6620719
COL24A1,0.66204435
CYB5R2,0.66200286
CTSK,0.6619892
FBXO31,0.6619825
EXOSC10,0.66194963
GNAI1,0.66190565
AAAS,0.66189134
FAM120B,0.6618491
GSR,0.6618417
DNAL1,0.6618262
FUZ,0.66182226
FER,0.66178846
DPP7,0.6617471
LSM5,0.66169745
GDPD5,0.6616741
HAUS2,0.66165483
GNB2,0.66164404
ANKRA2,0.6616336
GK5,0.6616277
CSAD,0.6615908
HYI,0.66157657
ERCC6,0.66154575
FBXO10,0.6615235
FAF2,0.6615206
GNAL,0.6615039
GATAD2A,0.6614803
ELP6,0.66147417
GATAD2B,0.66144174
GNL3L,0.66143864
GLS,0.66138613
GANAB,0.66138315
FARSB,0.6613295
HLA-DMB,0.66132456
GABPB2,0.6613052
EXOSC9,0.66130024
ENOPH1,0.661288
HEXB,0.66125923
GPN1,0.66125375
CABLES2,0.6612408
EPB41L4B,0.6612371
EPHB4,0.6612353
FASTKD2,0.66122365
GARNL3,0.6610929
IL1RAP,0.661045
KIAA1549L,0.66103846
DXO,0.66100746
G6PC3,0.66100574
FNIP1,0.6610047
COX15,0.66100216
GRB2,0.660996
FBXL20,0.6609909
IWS1,0.66097134
ARL6IP5,0.66094756
FXR1,0.6609435
FMNL1,0.66091377
FPGT,0.66089606
IDS,0.66089195
FBXO15,0.6608762
IPO8,0.6608592
EID3,0.6608424
IFT88,0.66080576
EPS8L2,0.6607897
GLB1,0.6607837
FGD3,0.6607493
ANAPC2,0.6607452
HAT1,0.6607145
GBE1,0.66067547
GAPVD1,0.66067463
IMPA1,0.66065454
GALM,0.6606512
HLCS,0.6606256
GAK,0.66062176
FTH1,0.66060793
JOSD2,0.6606021
FKBP8,0.66057575
E2F6,0.6605696
GTF3C4,0.660516
GALNT11,0.6604754
FBXL3,0.6604695
HMG20A,0.6604482
FEZ1,0.66042525
FGD4,0.6604001
DNAJB12,0.6603713
GRB10,0.6603615
FOXP4,0.66029793
GOLGA2,0.6602908
IDH3B,0.66022116
FBXO41,0.6602137
GAPDH,0.66020495
DNM1L,0.6601891
FOXF1,0.66017175
GNL2,0.6601574
GAB1,0.6601424
EMC1,0.6601419
DSCC1,0.6601195
EIF2S2,0.66011155
GTF2I,0.6600998
COQ7,0.6600713
IL32,0.66002226
GPR89A,0.66001964
FBXL19,0.66000634
GSTK1,0.6599917
EPHB6,0.6599641
FLRT2,0.65995204
GMDS,0.65991914
GTF2IRD1,0.65986824
HERPUD1,0.6598639
GRK4,0.6598461
GBA,0.65980864
FZD5,0.65980697
G3BP1,0.65979654
HDAC8,0.6597772
GNB5,0.65974617
KCNQ1,0.65974057
H6PD,0.65971875
GALNT2,0.6597156
CIDEB,0.65971476
ERI1,0.6597046
PLD6,0.65970385
GMEB1,0.65970284
EIF4ENIF1,0.6596839
ARHGAP33,0.65967435
GRWD1,0.659672
GPT2,0.65962577
GOLGA3,0.65961546
BMP8B,0.659608
GART,0.6595947
FRS2,0.6595816
ARL4A,0.6595746
HEATR1,0.65956646
GDI2,0.6595496
ELOVL7,0.65954065
ESD,0.6595381
HOXD3,0.65952665
GNAI3,0.6595175
FBXW11,0.6595129
CDC7,0.65949
GEN1,0.6594435
GIGYF2,0.65943146
NCF4,0.65936095
FBXO22,0.65935403
FOSL2,0.65934527
GANC,0.659342
HERC4,0.6593241
HPS5,0.65931475
EME2,0.6593016
GTF2F1,0.6592806
FBXW9,0.65927005
FN1,0.6592567
CNTRL,0.6592252
KATNBL1,0.6592241
FUT4,0.65921456
EPHA4,0.65920717
GNB1,0.6591831
FAN1,0.65915465
GTF2A1,0.65914816
GPCPD1,0.6591426
FBXO27,0.65910953
FLT4,0.6591069
FYCO1,0.6591068
GNG12,0.6590961
GSPT1,0.65908134
HS6ST1,0.6590718
GYS1,0.6590707
GPI,0.6590651
GADD45B,0.6590565
GSK3B,0.6590538
HNRNPH2,0.6590458
FEZ2,0.6590402
HJURP,0.65900296
GBP2,0.6589946
GGA2,0.6589743
DPM3,0.658965
ICAM1,0.6589494
GALNT7,0.65894306
GOLGA4,0.65892386
GSE1,0.6589113
GNB4,0.6588908
HAUS6,0.658883
ETFB,0.6588811
GADD45GIP1,0.65885323
APOO,0.65885043
HK2,0.6588461
CENPQ,0.6588446
FSCN1,0.65883803
GPSM3,0.6588324
GCLC,0.65883124
GTPBP10,0.6588294
GULP1,0.6588069
G3BP2,0.6587984
GALK2,0.6587975
LRRC49,0.65879107
INO80C,0.6587901
GPR183,0.65878934
ERLEC1,0.65878665
ACOT1,0.6587686
FCHO2,0.6587552
FUT8,0.6587486
EPHB2,0.65874016
HES4,0.6587029
GGH,0.6586963
ITGB2,0.65866756
LDLRAP1,0.65864736
IL4I1,0.65863514
CHI3L1,0.6586327
MDFIC,0.6586112
HMBS,0.6586093
IDH3A,0.6585698
ERF,0.6585556
IBTK,0.6585438
IL2RG,0.6585106
EPB41L3,0.6584906
CLEC3B,0.65847605
IQGAP3,0.65845525
HACE1,0.658451
HDAC10,0.6584158
HGSNAT,0.65840304
EXOC5,0.65838784
GINS1,0.65835524
GYPC,0.658343
LIN9,0.65834177
FLOT1,0.6583168
GLUL,0.6583034
FMNL3,0.65827364
HADHA,0.65827215
GTF2F2,0.65825063
DCK,0.65823907
HAUS3,0.65822
HDAC4,0.6582145
GTF2E2,0.6581951
FNTA,0.6581914
HMGN2,0.65818113
FANCM,0.65817904
EVPL,0.6581589
GPAA1,0.65814906
DUSP19,0.65814245
FAM111A,0.6581166
GPR176,0.65811163
GALNT1,0.65809536
EGLN2,0.65804523
HIPK2,0.65804154
GNPTG,0.6579846
INPP4A,0.6579765
METTL22,0.65797055
KBTBD6,0.65797055
HIPK3,0.6579482
GTF2H5,0.65790135
HMG20B,0.6578971
HOXB4,0.6578767
GDAP1,0.6578435
KDM6B,0.65782386
FKBP3,0.65781736
IDUA,0.6578024
CREB3,0.657802
ACP1,0.6577996
HM13,0.65778
FERMT2,0.65776795
ARHGAP27,0.65775734
GJA1,0.657746
CASP6,0.65772575
ARHGEF26,0.6577235
EXOC8,0.65770394
AKAP5,0.6576671
GGT7,0.6576307
GAN,0.65761673
FBXO17,0.6576095
HMMR,0.6575844
GCC1,0.65756553
CES2,0.6575606
IFNAR2,0.6575217
GPN2,0.6574833
GPANK1,0.65745634
KLHL2,0.6574563
IFT52,0.6574552
FYTTD1,0.65744793
HDAC2,0.6574444
GUK1,0.65743667
HNRNPL,0.65743387
HERC2,0.6574143
FMR1,0.6574127
FZR1,0.6574114
FAM126A,0.6573993
HSD17B10,0.65736467
GABPB1,0.6573629
FEM1A,0.657349
FNTB,0.6573453
EPAS1,0.65734076
HDLBP,0.65732455
HECA,0.6573166
ADAMTS5,0.6573077
IPPK,0.65721613
GPSM2,0.65717226
IL12RB1,0.65713346
GCDH,0.6571323
FBXO38,0.65712684
HIRA,0.65709513
FGFRL1,0.6570919
HPS6,0.6570767
KIF15,0.6570154
ATP6V1D,0.65701157
JAZF1,0.65699023
HTT,0.6569797
HLA-DPA1,0.65697026
GTPBP4,0.6569675
KPNA5,0.65694684
MAN2B2,0.65692747
GTF3C1,0.65688026
IRF7,0.65685624
EMC4,0.656845
GNL3,0.6567745
IQGAP2,0.6567415
INO80D,0.65673304
KIF3B,0.6567283
FOXRED2,0.6567123
HLX,0.6567063
GGA1,0.6566708
ITGA11,0.65666866
B3GNT5,0.65666676
HIPK1,0.6566246
GSTM4,0.65662044
DNTTIP1,0.6566185
HYLS1,0.65660983
GTF3C5,0.6565501
ITPKB,0.65654045
IMPA2,0.6565357
GPD2,0.6565159
GOLGB1,0.6564987
KRT10,0.65649736
FBF1,0.6564819
HAAO,0.65647876
C9orf72,0.65646815
GIT1,0.65645474
IFNGR2,0.6564542
GTPBP1,0.65643585
GNS,0.65642804
KRIT1,0.65642405
IFI44L,0.65642226
EMC2,0.6564035
LMO7,0.65637183
GRSF1,0.656366
GINS4,0.65634996
HNRNPA3,0.6562974
HNRNPAB,0.6562916
MAN2C1,0.656289
EPHB3,0.65628195
HNRNPUL2,0.65628034
GPKOW,0.65627587
HPSE,0.6562444
HNRNPDL,0.65624046
FBXO30,0.65623045
FZD7,0.65620035
FOXRED1,0.6561617
FEM1B,0.6561501
HELQ,0.6561471
HEG1,0.65612996
CHMP6,0.65606356
HSF1,0.65605134
IGSF6,0.65603215
GPC4,0.656016
GDI1,0.6560144
ENC1,0.65600985
GATC,0.65597326
GTSE1,0.65594584
EIF3G,0.6559323
HLA-F,0.65590864
ARL1,0.65590745
GLRX2,0.65589577
LAMP2,0.6558696
FOSB,0.65582013
HGS,0.65581465
GJC1,0.65576845
HPS3,0.655732
GNAO1,0.65572226
GRK6,0.655711
IP6K1,0.655699
HNRNPD,0.6556836
LARP7,0.6556759
NAF1,0.6556728
IQCE,0.6556261
FURIN,0.65562284
LSM11,0.65561295
GABBR1,0.65559757
FBXO4,0.6555486
IFT122,0.65554416
INTS6,0.65551484
GEMIN6,0.65551156
HLTF,0.6555043
ITPR2,0.6554703
GNG5,0.6554675
FABP5,0.6554447
IFT57,0.6554388
BMP2,0.65543765
INTS10,0.6554307
HSPH1,0.65541315
ERRFI1,0.65539557
HECTD1,0.65539217
ITGB1,0.6553469
EYA3,0.6553342
EPHA1,0.6553342
GMPPB,0.6553217
GAA,0.65529466
INVS,0.65529346
KCNN4,0.6552917
HMGB1,0.6552691
HIVEP3,0.65520006
KCTD15,0.65518993
GRN,0.6551555
HNRNPUL1,0.65513253
HSPA4L,0.655127
LSM3,0.65511477
HMGXB4,0.65510064
IRAK4,0.65505
HNRNPA0,0.65504134
GOLIM4,0.65501827
GBP3,0.65499085
IQCB1,0.65495354
HNRNPH1,0.65491986
KANSL2,0.6549177
KCNMA1,0.6549118
IRF1,0.6548948
GNGT2,0.654891
FAIM,0.65485954
GLMN,0.6548511
L3MBTL2,0.6548237
FGF11,0.6548182
MAP3K5,0.6547939
GLG1,0.6547919
HAUS5,0.6547719
FBXO5,0.65472525
HYOU1,0.6546792
GIPC1,0.65466607
GUF1,0.6546214
HSPBP1,0.6546004
HMGCS1,0.65456736
KRBA1,0.6545486
HSPD1,0.6544984
HERC1,0.6544962
GBA2,0.6544899
INPP1,0.65442437
KLHL42,0.6543724
HAUS4,0.65435493
ITFG2,0.6543463
IFIT5,0.6543353
HMGB2,0.65430707
HLA-DRB1,0.65427464
EVC2,0.6542598
KLC2,0.6542562
MAN1C1,0.6542383
LRRC4B,0.65423095
HTATSF1,0.6542264
FKBP15,0.6542213
IGFBP7,0.6542155
GSTM2,0.65418655
INPP5A,0.6541788
IFT81,0.65417755
IPO11,0.65417206
IDE,0.6541698
GEMIN7,0.65415454
KIF23,0.65415275
HMGN1,0.65415144
IQGAP1,0.6541359
HINT1,0.6541221
IPO7,0.6541179
HK1,0.6541167
CLIP3,0.6541075
MBIP,0.65410364
GLRX,0.6540856
CCDC68,0.65407956
KIFC1,0.65407926
EXOSC1,0.6540558
FZD6,0.65404946
B3GNT4,0.6540475
ILF3,0.6539988
HS2ST1,0.6539763
FAHD2A,0.6539534
HECTD3,0.653939
GGCX,0.6539371
FZD8,0.65393114
HYPK,0.6539169
DUSP7,0.6539027
CLDN1,0.65387034
P2RY6,0.6538677
FBXL14,0.65385467
KIF22,0.6537927
FMN1,0.6537831
L3HYPDH,0.6537456
ITPR1,0.6537277
GTF3C3,0.6537182
FRZB,0.65371674
KCNK5,0.6537127
PDLIM4,0.6537054
NDUFS3,0.6536928
LAMA3,0.65363574
LYPLA1,0.6536191
IPO9,0.6535464
KANK2,0.65353924
LAMB2,0.6535392
HNRNPC,0.6535184
LPXN,0.6535145
MCM3AP,0.6535128
HOMER1,0.65350544
KIF21A,0.6535018
IL4R,0.65348715
HLA-E,0.65345824
IQSEC1,0.6534537
HSD17B4,0.65342903
GRHPR,0.6534262
FAH,0.6534224
GPR153,0.6533927
GRPEL2,0.6533562
HLA-DPB1,0.6533552
CPT1B,0.6533423
GLDN,0.6533354
GOT2,0.6533302
LSAMP,0.65332174
NDOR1,0.6532872
LAMA2,0.65328544
GPS1,0.65325886
KLHL9,0.65324265
GID4,0.65321183
GTPBP2,0.65319955
NDUFS7,0.653164
GPN3,0.6531629
ERMAP,0.65313596
EDEM3,0.65313333
IRS1,0.6531214
HLA-B,0.65311533
ITGB1BP1,0.6531084
EMB,0.65309477
HNRNPK,0.65308166
GALC,0.65307933
KLC1,0.6530781
MALSU1,0.6530779
ADAMTS14,0.65306395
FXYD6,0.65305716
DUSP10,0.65303457
GNPTAB,0.65301883
MAD1L1,0.6530095
MVB12B,0.6529739
DMTN,0.6529702
GDE1,0.6529479
INPP4B,0.6529292
GOT1,0.65287715
HLA-C,0.65286547
KHSRP,0.65283203
INPP5F,0.6528103
IFIT3,0.6527939
KNTC1,0.65277076
ITGB3BP,0.6527288
LIMA1,0.6527243
PAQR3,0.652703
FNIP2,0.6526989
INTS9,0.6526923
EMC7,0.6526298
LPIN2,0.65261436
LARP4,0.652601
FIG4,0.6525863
JMJD4,0.65258545
GCA,0.6525457
MVP,0.65254253
HAUS1,0.6525253
LIG1,0.65250033
GCAT,0.6524871
ADAMTS2,0.6524852
IMMT,0.65248436
MAGI3,0.65246415
IFI30,0.6524121
IARS2,0.652412
KCNMB3,0.6524104
CTBS,0.65238196
MCUR1,0.6523815
IPO5,0.6523272
HBP1,0.65230715
IPP,0.6522924
HNRNPH3,0.65228456
HNRNPU,0.65227485
EFNA4,0.65226275
CFD,0.6522458
FKBPL,0.65224576
KIF13B,0.652239
KANK1,0.6522312
EHD4,0.65221316
GFM1,0.6522079
IMPDH1,0.6521922
HUWE1,0.6521857
L3MBTL1,0.652165
KRI1,0.6521432
CD180,0.65213805
KCTD3,0.6521345
GPD1L,0.6521249
LGR4,0.6521223
KCTD1,0.65210426
FBXL7,0.65210325
INO80,0.65208924
MED21,0.6520769
LIMS1,0.65206045
HAUS8,0.6520543
LCMT1,0.6520486
GTF2H1,0.6520474
HADHB,0.6520391
GLRX5,0.65202683
ICAM2,0.65202457
IMP3,0.65201694
MRPL17,0.652003
HNRNPF,0.6519735
ILF2,0.65197176
KIF9,0.6519643
MTA2,0.65194315
LRRC47,0.65191907
HDAC7,0.6519167
FAM131B,0.6518895
ERN1,0.6518749
HIF1AN,0.6518652
APOC1,0.6518637
GAR1,0.6518209
LSM12,0.651803
LRRFIP1,0.651797
LSS,0.65175456
IL6R,0.6517442
HSPG2,0.6517189
LAMB1,0.65166163
KLHL5,0.65163887
KIF17,0.6516236
MRPL24,0.6516169
HCCS,0.6516167
HSPA8,0.6515613
FBXO6,0.6515485
MAGT1,0.65153813
MAP3K2,0.6515186
LRFN1,0.65150756
KANSL1,0.6514874
KAT5,0.65148294
FUT1,0.651452
LAMC3,0.6514259
ADAMTS9,0.6514247
INSR,0.6513833
LSM10,0.6513766
HDAC3,0.65134317
ELMO2,0.6513345
GNA14,0.6513005
ITGA2,0.65129066
KIF2A,0.65127814
HLA-DMA,0.6512777
KDM2B,0.6512738
ITPA,0.6512576
KCNAB2,0.65125626
KHDRBS3,0.65124816
KDM4A,0.65123725
FTSJ3,0.65120876
ICMT,0.65118486
GRAP,0.65109736
IP6K2,0.6510894
LAP3,0.65108055
FAM8A1,0.65107805
HEBP1,0.65107137
JMJD1C,0.65103793
MYO1C,0.6510317
LCLAT1,0.6510246
MAPKAPK2,0.65100104
MAP3K3,0.650994
MTF1,0.650977
GRPEL1,0.6509717
GALNT14,0.65097094
HMGCR,0.65095085
HLA-DOA,0.6509488
GUSB,0.6509042
MAP3K10,0.6508706
MAFK,0.6508466
GK,0.65081674
LARP4B,0.65079707
KIF3C,0.6507923
IRAK2,0.65077573
IREB2,0.6507661
MPC1,0.6507265
LAMA5,0.650692
RSAD2,0.65068895
FBXL12,0.65067625
GSTM3,0.6506458
IFT172,0.6506281
GIMAP4,0.6506268
GALE,0.6505728
GTF2H3,0.6505344
PEX16,0.6505037
ITCH,0.6504852
COQ3,0.65045935
ERCC6L,0.6504456
LGALS8,0.6504373
HELZ2,0.65042245
IGF2R,0.6504124
HVCN1,0.650388
MCM4,0.65038687
JDP2,0.65037024
C7orf26,0.650353
INCENP,0.6503398
HERC5,0.65032715
MAPK12,0.6502945
LMAN1,0.6502797
LIN54,0.65027946
GOLM1,0.6502678
MICA,0.65026504
LARS2,0.65026236
MAPK9,0.65026015
KPNA3,0.6502572
LPCAT1,0.65023714
KCMF1,0.65022165
C15orf48,0.650209
GEMIN8,0.650193
IRF6,0.65018284
KCNC4,0.6501558
HDAC9,0.65010595
KIF20A,0.65009844
LTBR,0.6500894
MRPS7,0.65008557
GNPDA1,0.6500756
BATF3,0.65007037
HOXB2,0.6500675
IFNLR1,0.6500487
ITGB4,0.6500275
MAML3,0.65002364
EDNRA,0.6500129
NOMO2,0.6499817
FHOD1,0.64992905
MAP3K11,0.6499283
NFAM1,0.6499123
LGALS9,0.64988595
EFNB3,0.64987725
AKR1C1,0.6498592
HBS1L,0.64984167
LPL,0.64982635
HOOK2,0.6498228
INTU,0.6498147
JMY,0.649786
HPS1,0.6497316
ITPR3,0.6497285
IL13RA1,0.6497206
KPTN,0.6496989
IL11RA,0.64969766
FCHO1,0.6496934
KCNIP4,0.6496862
NDUFB5,0.64968055
INPP5B,0.6496725
MAPKAPK5,0.64966726
ITSN2,0.6496556
MRPL13,0.6496374
ME2,0.64961314
KIF26B,0.6495887
MYCBP,0.64958125
FDX1,0.64954495
HECTD2,0.64953107
LEPROT,0.64947575
NFKB1,0.6494709
MAGI2,0.64946836
HNRNPM,0.6494106
KIFC3,0.64938587
LGMN,0.6493786
LONRF1,0.6493522
HSD17B12,0.6493168
GKAP1,0.6492788
RND1,0.64926904
ENTPD6,0.64925
LEO1,0.6491962
MRPS23,0.6491863
JAG2,0.6491732
GPR180,0.6491554
LPIN1,0.6491491
KDELR1,0.6491237
HMGCL,0.64910734
FBXO32,0.6490892
MAP2K6,0.64905417
MAP1B,0.64904106
MOB1A,0.64902914
IFT27,0.6490149
MAMLD1,0.64898574
LIMK1,0.64897823
FNDC5,0.6489674
INPP5D,0.6489282
NUDT12,0.6489256
MRPL49,0.64891016
KIF11,0.64889205
LAPTM5,0.6488612
MAPK8IP3,0.648841
MRPS15,0.64883035
MEF2D,0.64881545
LRRC41,0.6488125
MAVS,0.64880997
IRAK1,0.6488056
GTF2B,0.64877844
MCAT,0.64869815
FJX1,0.648676
HSPB11,0.64863646
HCFC1,0.64862025
MPDU1,0.6486082
LYAR,0.64858925
ING1,0.64856017
MLXIP,0.6485446
KPNA1,0.6485255
CMTM7,0.6485015
KRR1,0.64849234
KRBOX4,0.6484898
ARSA,0.6484568
KATNAL1,0.64839995
MXD1,0.6483858
MED23,0.64836866
JARID2,0.6483444
NBR1,0.648336
HSBP1,0.64831966
ISG15,0.64831895
ISG20L2,0.64830357
KPNB1,0.6483025
IRF5,0.6482856
LPGAT1,0.6482835
CD1D,0.6482798
FAM110A,0.64827806
MARK4,0.64826816
HEYL,0.64825916
IPMK,0.6482244
LDB1,0.6481422
LATS2,0.648129
MBP,0.64811724
DPH3,0.6480801
GAS8,0.64807934
ITGAL,0.648035
IL15,0.6480119
KDELR2,0.64800274
MADD,0.6479765
NAE1,0.6479589
MICU1,0.64793605
ITPK1,0.6479313
HEXIM1,0.64792466
GHDC,0.64791805
IL21R,0.64788634
KLHDC3,0.64788437
KRT7,0.64787954
HIP1R,0.6478729
KIF1B,0.64786047
NEU3,0.6478585
KCNJ14,0.64783937
HERC6,0.6478337
HSPA9,0.64782447
MCM2,0.64780575
MCMBP,0.6477986
MAF1,0.64773166
ING3,0.6477154
MTMR3,0.64771396
INO80E,0.64771146
LSM14B,0.64770323
KIF2C,0.6476991
MUS81,0.6476765
NUDT14,0.6476713
JAG1,0.6476556
LAMTOR4,0.6476401
IPO13,0.64762825
ITGB5,0.647605
KIF1C,0.64759374
GPX8,0.6475748
LDB2,0.6475533
KHNYN,0.6475508
LRIG1,0.64752126
KIF20B,0.6475201
HIGD1A,0.64751244
MTX1,0.64749587
KIF7,0.6474735
HOXB6,0.6474687
LSM7,0.64746106
MYLIP,0.64740634
MYL12B,0.64738554
LEPR,0.6473833
MMS19,0.6473829
LMAN2,0.64737344
LIG3,0.64734954
LY96,0.6473294
HPDL,0.6473147
HNMT,0.6472297
MBD4,0.647227
NDUFB10,0.6472231
LMNB2,0.64718914
KPNA6,0.64716846
GORASP2,0.6471373
LLGL2,0.64713085
MFF,0.6470751
LCAT,0.64705646
MARK2,0.6470488
MKRN1,0.64703476
LNPEP,0.6470191
MEF2A,0.6470188
HRH1,0.64700735
MGAT4B,0.64700705
MATR3,0.64697933
BLNK,0.64696044
IGBP1,0.64695764
MAEA,0.64689326
KDM8,0.64688915
LINGO1,0.6468838
COL17A1,0.64686704
LGALS3BP,0.64685774
GRIN2D,0.6468296
LUC7L,0.6468207
CBR3,0.64676756
IFI16,0.64674854
KRT80,0.6467077
KDM4B,0.64668727
LMF1,0.64658743
MBD2,0.6465643
MRPL33,0.64654404
MAT2B,0.6465281
MRPL16,0.64651215
NOMO3,0.6464436
KMT2E,0.6464219
MMP17,0.6464159
CMPK2,0.6464029
MOB2,0.6463838
GOLGA1,0.6463696
PLIN2,0.646366
LMTK2,0.64635766
KRT18,0.64634854
DHX58,0.64633733
LSG1,0.6463351
GPC1,0.6463268
IPO4,0.6462952
LAMA4,0.6462821
MMAB,0.64627314
F2RL1,0.6462457
LRP12,0.64622873
MAP4K5,0.6462214
MBNL1,0.64614797
KALRN,0.64614725
FKBP2,0.64614654
KIF13A,0.6461256
MKNK1,0.64608574
MAN2A1,0.64607203
MKKS,0.6460708
KIDINS220,0.6460434
MPDZ,0.64603835
MPP5,0.6460361
NDUFS2,0.6460309
NAT10,0.64598393
MAP2K5,0.645982
IVNS1ABP,0.6459802
LOXL1,0.6459757
LRP5,0.6459378
NADK2,0.6459136
AGTRAP,0.6458985
MGLL,0.6458892
MED27,0.6458826
MGRN1,0.6458771
MFSD12,0.6458622
NSUN5,0.6458134
MTMR9,0.64580464
LIN52,0.64578426
MAPK14,0.6457414
MTA3,0.6457295
GALNT12,0.645718
F2R,0.6456996
ITGA1,0.6456929
GRHL1,0.64569026
MAN2B1,0.6456415
NDUFV1,0.6456378
LPIN3,0.64563394
MRC2,0.64561933
LAMP1,0.64561343
KLHL20,0.6455913
HSPB8,0.64551616
MAPKAP1,0.64550745
MGAT4A,0.64545965
MANBA,0.6454338
MRPL20,0.6454092
MFN2,0.6453973
NFATC1,0.64538103
MAT2A,0.6453614
MAP2,0.64535314
GGPS1,0.6453429
LAMC1,0.6453373
ITGB7,0.6453344
IRF2BP2,0.6453258
MYO1F,0.64530283
MCEE,0.64530116
MAP3K4,0.64528596
NOC4L,0.6452792
MRPL38,0.64527607
MEIS2,0.6452007
HMOX2,0.6452
NAGK,0.6451932
KLHL21,0.64519286
HERC3,0.64518774
ATP2A1,0.6451834
MAP1LC3B,0.6451676
HCFC2,0.64515316
RASGRP2,0.6451318
IL10RA,0.64511645
LBR,0.64511627
HDAC11,0.64510643
NAPB,0.64510536
NCALD,0.6450995
MKLN1,0.6450931
KPNA4,0.6450379
IMPDH2,0.64501697
ME1,0.6450085
MRPL46,0.64498925
MRPS6,0.64498323
GSPT2,0.6449764
MOCS3,0.6449622
ITPKC,0.64491946
NOD1,0.6449097
NCAPG2,0.6448548
GPX3,0.64483416
LOXL2,0.6448235
IGFBP4,0.6447765
IFIT1,0.6447103
LUC7L3,0.64470583
MED29,0.6446756
MACF1,0.6446493
FUCA1,0.64464587
KLHDC2,0.64463997
KDM1B,0.64463997
LEMD3,0.6446015
LRP3,0.6445605
IRF8,0.6445596
MTMR2,0.64455336
MAP4K1,0.6445271
ISYNA1,0.64452624
MTMR14,0.64450175
MTMR4,0.6444963
MED24,0.6444803
HARS2,0.64447737
IL17RC,0.64447415
MTHFD2,0.6444522
NEDD8,0.64443916
IRF2BPL,0.64441025
LCMT2,0.64440125
CSF2RB,0.6444008
METAP2,0.64435244
KLHL25,0.6443467
EAF2,0.6443391
MPHOSPH10,0.64432055
PPP2R5B,0.6443181
MTUS1,0.644304
LONP1,0.6442971
LEMD2,0.6442937
LRRC40,0.64419997
HDAC5,0.6441997
MGAT5,0.6441756
CGRRF1,0.644154
IFI35,0.6441499
MBD5,0.6440956
LRP8,0.6440652
MRPL48,0.64403814
FZD4,0.6440032
LRIG2,0.6439499
LDLR,0.6439229
MRPS22,0.64391035
HLA-DRB5,0.64388824
MPHOSPH6,0.64388025
KIAA2013,0.6438354
MDH1,0.6437984
NDST1,0.6437824
NASP,0.6437734
KCNG1,0.64375997
MTMR10,0.6437516
LPCAT4,0.64373606
MSX1,0.64370584
MX1,0.64367056
MFSD2A,0.6436689
MED6,0.64365137
MID1,0.6436484
HFE,0.6436479
MAGED1,0.6436308
HCAR2,0.6436251
NBAS,0.6436239
BDKRB1,0.64360666
LMNB1,0.64360446
LSP1,0.64355165
MRPL55,0.64354974
LAS1L,0.6435495
KXD1,0.64354354
MTM1,0.6435431
MCM7,0.6435323
F5,0.64350986
NEIL1,0.64346236
NEMF,0.6434534
MAP4K4,0.64344084
MPP6,0.6434226
NDUFA4L2,0.6433855
MORF4L1,0.643361
PLCD3,0.6433392
LRWD1,0.64333415
MCCC1,0.6433242
NCOA6,0.6433147
DTX3L,0.6432975
HOXB7,0.64328593
KIF18B,0.64328325
KPNA2,0.64327574
MYO9A,0.64326376
ITGA2B,0.6432636
ITM2B,0.6432366
GSDMD,0.6432303
KIF18A,0.6432181
LIMD1,0.643173
MRPS18A,0.643171
MAN1A2,0.6431614
MCM10,0.6431369
MBTD1,0.6431308
BAMBI,0.6431082
MAN1A1,0.6430526
LRRC8D,0.64305246
MRPL3,0.643049
MTR,0.64303935
KBTBD8,0.6430098
EFNA3,0.6430019
NT5C3B,0.64299345
HELB,0.64296186
GATM,0.6429184
FST,0.64289844
NMT1,0.64289826
MED13,0.642898
KHDRBS1,0.64287543
MAGED2,0.6428526
LRCH1,0.64284354
LYPD6,0.6428372
KCNAB1,0.64283633
ANO1,0.6428311
INPP5K,0.6427974
MGA,0.642793
MBTPS2,0.6427882
MCU,0.6427702
NFX1,0.64276224
NDC80,0.64275706
KLHL11,0.64272255
MAP4K3,0.6426948
CD69,0.6426511
KCNIP2,0.6426254
LAMC2,0.6425963
KIF4A,0.6425855
NME6,0.64254206
NPC1,0.6425075
MEMO1,0.6425027
HUS1,0.6424811
MOV10,0.6424674
HOXA3,0.6424132
ING4,0.6423865
IL15RA,0.6423748
KATNA1,0.64237034
ITGA7,0.6423535
MRPS5,0.6423282
DENND2A,0.64232177
LONP2,0.64228547
LTBP1,0.6422768
KCNS3,0.6422517
LYRM4,0.64217013
NPM3,0.642043
NSMAF,0.6420147
MON1B,0.6420145
MAOA,0.64201117
GTF2H4,0.64200217
KRTCAP2,0.64197576
MINK1,0.6419605
MBOAT1,0.6419529
NDUFS8,0.64194524
NAA60,0.6419401
KLHL22,0.6419217
NDUFAF2,0.64189386
METTL7A,0.6418929
MBOAT2,0.6418685
MDN1,0.6418678
MYH10,0.6418358
LSR,0.6418357
NDUFS6,0.6417321
PEX3,0.64172906
KIF3A,0.6417245
LRP1,0.64167976
MTHFD1,0.64163446
PNPLA6,0.6416213
NELFE,0.6416043
MTA1,0.6416042
LAMB3,0.6415673
HES1,0.64155114
MAD2L1,0.64153415
MAPRE3,0.64151645
LRP6,0.64149314
RETSAT,0.6414831
LTBP3,0.64144504
MYBL2,0.6414417
DENND2D,0.6414273
MKNK2,0.6414095
MELK,0.64140344
NR1H3,0.6413951
GNG11,0.6413946
GNA15,0.64138865
MED17,0.6413564
NAP1L4,0.6413473
PGM2,0.6413458
KCNJ2,0.64133817
F3,0.64133
LSM4,0.64128965
PANK4,0.64124507
B3GNT7,0.6412372
MMP11,0.64121926
MARK3,0.64120823
GNPDA2,0.64120215
AGA,0.64118916
MRPL19,0.64118594
MYSM1,0.6411764
MAP2K3,0.64117557
NMT2,0.641172
MINPP1,0.64116
NAB1,0.6411331
MPRIP,0.64111406
MRPL37,0.64110535
NAA20,0.64107835
NDRG3,0.6410534
MAU2,0.64105046
IRF2BP1,0.6410235
IL18BP,0.6410036
PCOLCE,0.64098567
LIN7C,0.64098406
MCM5,0.64096427
METTL4,0.6409474
NAA25,0.64092577
MEGF8,0.6408998
NFIX,0.64089316
DEPTOR,0.6408772
PDP2,0.6408431
NR2F2,0.64079934
METTL3,0.64077544
RAP1GAP,0.64077187
NID1,0.6407677
IMP4,0.6407579
CTHRC1,0.6407556
MAGOH,0.6407536
MGST1,0.64075065
NFKBIA,0.6407355
RASAL3,0.64071524
NFYB,0.640708
MRPS27,0.64070064
MARS2,0.64069325
LTBP4,0.6406732
KIF26A,0.64066434
NSUN2,0.64064986
NLGN3,0.6406429
MAPK7,0.64050245
ITGBL1,0.6404877
NSUN4,0.6404768
NUDT19,0.64046586
IVD,0.6404604
GSTA4,0.64045864
MYLK,0.6404363
ISCA2,0.64043576
MOSPD2,0.64040834
NDUFA12,0.6403867
HOMER2,0.6403629
LIF,0.6403337
NSMCE2,0.6403105
MSRB2,0.6403065
IL20RB,0.64028376
MTMR12,0.6402593
MTX2,0.6402467
NECAB3,0.64024043
MIEF1,0.6402248
OAS1,0.6402063
MIS18A,0.6401726
IFT80,0.6401427
NCL,0.64012355
NFYC,0.6401032
NIT2,0.6400545
MTHFS,0.6400464
MLX,0.6400442
NFKBIB,0.64004177
MAP1S,0.64003086
RP2,0.6400264
IL10RB,0.6400127
MPG,0.6399821
NEDD1,0.639975
KDM3B,0.63992584
NCKAP1,0.6399086
NEK9,0.6398861
MRPS17,0.6397938
ELMO3,0.63977253
MED22,0.6397719
MT2A,0.6397421
MBOAT7,0.6397408
MSL2,0.63972473
NUP88,0.63971627
HPS4,0.63971066
IRF9,0.6396969
ORC6,0.63967776
LRP10,0.63963217
OXNAD1,0.6395916
NGLY1,0.6395528
MED25,0.63954806
MCPH1,0.63953775
MSH3,0.63953763
MBD6,0.6395313
PARP4,0.63951045
ITGA6,0.63944435
IFNGR1,0.6394145
MFGE8,0.63940847
MAP4K2,0.6393841
MEX3C,0.6393822
KLHL12,0.6393799
KLHL3,0.63935727
IL16,0.63934976
HNRNPLL,0.6393368
PRNP,0.63933104
NUFIP2,0.6392527
NUCB1,0.6392486
MED8,0.63924015
MAST2,0.63922524
MIS18BP1,0.63921493
LTN1,0.63920146
NDUFB1,0.63919127
NAA50,0.63915825
LIN7B,0.63913155
HOXB3,0.6390913
CCR10,0.63907284
NOSIP,0.6390588
MTIF3,0.6390269
MBD3,0.6389949
NOM1,0.63898325
MED20,0.63897264
MAD2L2,0.6389628
IDH3G,0.63891184
MTHFD1L,0.6389096
HSF2,0.6388922
KLC4,0.63884616
MRPS34,0.6388391
KRT17,0.63883895
NFS1,0.6388242
NR2F6,0.63880914
MDK,0.63880706
NCOA7,0.63880014
LIMS2,0.63879573
ORC3,0.6387744
MRPL18,0.63876814
AIF1,0.6387462
MYL6B,0.6387413
NTAN1,0.6387405
MRPL2,0.63873625
KAT2A,0.63870597
NHS,0.6386682
MAPK6,0.63863015
KRT19,0.6386191
MCM3,0.6386187
KMT2B,0.6385646
MRI1,0.63854873
NDUFAB1,0.6385164
MYO10,0.63850695
MED16,0.63850576
MXRA8,0.63850474
NPC2,0.6384692
PDCD6,0.63842875
MSL3,0.6384277
BGN,0.63841957
NDUFA4,0.63838834
NME7,0.63837594
MED26,0.63835305
PANK1,0.63833284
NNT,0.63828444
KATNB1,0.6382743
LZTFL1,0.63825583
MED15,0.63821435
IFI44,0.6382067
PLAA,0.63819546
N6AMT1,0.63812864
C12orf66,0.63812476
NUDT5,0.6381175
LCP2,0.63810766
MZT2A,0.6380968
NUF2,0.63809484
PARP2,0.6380936
MVD,0.6380357
IER3,0.6379952
KCNC3,0.6379799
NRP1,0.63797516
PLXND1,0.63796765
LPCAT3,0.6379262
MIA3,0.6379187
PCCA,0.6378657
NUP54,0.63786525
MOGS,0.63786125
NCAPG,0.6378606
IL7,0.6378482
MZF1,0.6378287
MECR,0.63782376
MLEC,0.6378232
MGST3,0.6378015
NDUFA11,0.6377545
MRPS24,0.6377405
SDS,0.63772374
MCCC2,0.63772166
MOB1B,0.637686
NFATC2IP,0.63768137
NSMCE4A,0.6376626
MYBBP1A,0.6376538
MLYCD,0.637653
MYO6,0.63763744
NMRAL1,0.63763076
MASTL,0.6375946
LRRK2,0.63756675
MTFMT,0.6375637
LFNG,0.637536
NAA15,0.6375228
NDC1,0.63750714
KDELR3,0.63748986
MAD2L1BP,0.6374835
ICAM3,0.6374598
NAGLU,0.63745904
PI4KB,0.6374536
OPTN,0.63743126
MYL6,0.63741887
MSRB3,0.637415
LNX1,0.6373822
MEPCE,0.63733184
GLE1,0.63732433
OTUD3,0.6373034
PPCS,0.6372529
MIF,0.6372105
NEO1,0.63717747
MGAT2,0.6371666
NDUFB9,0.63714474
MCRS1,0.6371345
MRPL54,0.6371324
MYOF,0.6371186
NUBP2,0.63710284
SLA2,0.6370621
MMACHC,0.6370525
ITGA5,0.63703805
MANF,0.63697726
NCEH1,0.63694143
NOP14,0.636929
NUP93,0.6369075
POLB,0.63688266
NUB1,0.6368788
MAPK3,0.63686514
NUP107,0.6368429
NACC1,0.63683933
LATS1,0.6368308
MRPL22,0.6367809
MRPL28,0.6367767
LRSAM1,0.6367685
MFAP2,0.6367183
MRPS35,0.63667786
NOC3L,0.6366584
OSBP,0.63665676
MCM6,0.6366495
MYCBP2,0.6366251
OAZ2,0.63661426
NGDN,0.6366129
PHACTR1,0.6365686
KCNMB4,0.6365177
NEK1,0.63651663
NCAPD2,0.636509
NBEAL2,0.63647306
MYL5,0.6364578
NCK1,0.63644826
NRIP1,0.6364293
FZD1,0.6364187
NDUFA6,0.6364044
IK,0.6363911
NCOA1,0.6363902
DBP,0.6363678
MLST8,0.6363625
PLCG2,0.636355
LIPA,0.636325
NDUFAF3,0.63632244
PSMC1,0.636306
MFAP1,0.6362824
MRPS11,0.63627255
IFIH1,0.6362314
MORC2,0.6362276
IRF3,0.6362126
NEIL3,0.6361914
LLGL1,0.63618714
MRPL10,0.6361727
OSTC,0.6361232
NAA40,0.6361153
MRPL9,0.6361016
MZT1,0.6360947
NAA38,0.6360474
MPHOSPH8,0.63603795
ODC1,0.6360124
MRPS18B,0.6359962
NDRG2,0.6359827
GPATCH1,0.6359733
MRPS21,0.6359265
INTS12,0.6358999
NIPBL,0.6358732
IFT74,0.6358723
PCDHB5,0.63586915
NINJ1,0.6358352
LMAN2L,0.6357823
PCCB,0.6357601
NDUFB6,0.63571537
GSTZ1,0.6357036
ME3,0.63567275
NMI,0.635657
NPNT,0.6356234
NDUFAF6,0.63562214
LNX2,0.6356206
NFATC4,0.6356032
MRPS30,0.6355918
MTMR1,0.6355733
NDUFB8,0.6355703
PDLIM5,0.6355477
NCAPH,0.6355403
KIAA0513,0.6355138
PHB2,0.6355014
NEK6,0.63549834
ACACB,0.6354901
NOC2L,0.6354573
MAK16,0.63541734
MYO9B,0.6353896
NR6A1,0.6353135
NUBPL,0.63530123
NMRK1,0.63529617
MAFG,0.63528085
MSH5,0.6352777
MRFAP1,0.63526535
GPX7,0.6352236
NR4A1,0.635197
NNMT,0.63516414
MAN1B1,0.63515365
MPP7,0.63504416
MYADM,0.6350137
MIS12,0.6350126
IL17RD,0.63498545
NPAS2,0.6349531
NOL3,0.63493466
PMPCB,0.6349254
MAGOHB,0.63490754
NUMB,0.63490236
PHF1,0.6348735
HOXA10,0.63485736
MED14,0.634844
NFATC3,0.6348311
NEK7,0.6348039
NDUFA10,0.63476187
NT5C,0.6347584
PCYT2,0.63475287
MRPS2,0.63474345
KIFAP3,0.6347425
PAXIP1,0.6346997
APBA1,0.63469756
ODF2,0.63469356
MRPL1,0.63466734
ORAI2,0.634652
MSL1,0.63464266
MIB1,0.6346233
OSBP2,0.63462
NDUFV3,0.63458115
PFKM,0.63456607
ORC1,0.6345463
NPRL3,0.63453543
HSD17B1,0.63453484
OGT,0.63453025
ALKBH6,0.63450944
RAPGEF5,0.6344703
MOCS2,0.63446975
KMO,0.6344112
KIF21B,0.6344009
LPCAT2,0.63439995
METAP1,0.6343989
MIER1,0.63430446
NOB1,0.6342741
GAS2L1,0.6342148
IKZF4,0.6342096
POLR3C,0.6341881
OSTM1,0.63417333
LIPG,0.63415825
MRPS28,0.634072
NHP2,0.6340422
NPDC1,0.63402003
NT5C3A,0.63395554
OSGEPL1,0.63393337
NFYA,0.63392
MAPRE2,0.63391465
PRICKLE3,0.6339077
PPT2,0.63390595
PARN,0.63390106
NUDT21,0.63386905
NDUFB4,0.6338115
NDE1,0.63379854
NOL9,0.633781
NPLOC4,0.6337666
PPP2R2A,0.63375
LMBRD1,0.6336784
PDE3B,0.6336674
MEAF6,0.6336472
PPM1F,0.6336417
PCK2,0.6335829
MCM9,0.633567
MLF1,0.6335399
GEMIN2,0.6335083
NOL8,0.6335059
PCGF3,0.6334892
NFU1,0.6334742
FAM220A,0.6334719
MTF2,0.63342047
NCOA2,0.6334048
PARP9,0.6334043
LYPLA2,0.63340086
MRPS31,0.63339144
INIP,0.633381
NUDCD3,0.63336617
NUP50,0.6333511
PHKA2,0.63329786
NCBP2,0.6332767
PLOD3,0.63325906
ORC5,0.6331956
NUDT3,0.633181
MRPL21,0.6331666
MAP3K9,0.6331406
MPI,0.6330967
MBTPS1,0.6330632
HARBI1,0.63303906
OTUD5,0.63303745
OS9,0.63303065
HMOX1,0.6330251
PINK1,0.63300663
NDUFV2,0.6329464
NANS,0.63294303
PPOX,0.63293624
PREX1,0.6329069
PDLIM7,0.63289106
OXTR,0.63283587
HENMT1,0.6327474
NDEL1,0.6327407
OIP5,0.6327367
NDUFS4,0.63272953
NOL6,0.63272053
CD36,0.63271224
CYP2D6,0.63271147
PARD3B,0.63269943
MS4A4A,0.6326965
NLE1,0.6326887
NR3C1,0.63268226
NOL12,0.63266677
MMADHC,0.632663
NUDC,0.6326574
PHC1,0.6326535
NLN,0.6326511
MRPL47,0.63256776
MYO7A,0.6325525
MIDN,0.6325317
LAMTOR3,0.63252103
MICU2,0.632515
JMJD6,0.6324951
PCGF5,0.632483
PCBD2,0.63246876
NCSTN,0.6324559
NADSYN1,0.6324298
RALB,0.63241225
FAM20A,0.63240224
OCRL,0.63237077
NOMO1,0.6323641
MYL12A,0.63236094
PAIP2,0.63234484
POLK,0.6323189
NAPG,0.6322877
OSGEP,0.63227975
MTIF2,0.6322418
POLR3G,0.6322172
NMD3,0.6322133
GPR160,0.63220555
NUAK1,0.6321979
PDE7A,0.6321647
PERP,0.6321445
NMNAT2,0.6321438
MAML1,0.63211226
NRF1,0.6321071
CD96,0.6321036
NAP1L1,0.6320971
RFC4,0.6320696
PLCB2,0.6320406
MRPS14,0.6320189
PEX5,0.63198495
MATK,0.6319682
MRPL35,0.6319647
NCAPH2,0.6319335
PABPC1L,0.6319046
ANGPT2,0.6318979
NSFL1C,0.63182557
NIF3L1,0.6318129
PIP5K1C,0.6317856
NUMA1,0.6317573
NELFB,0.6317555
PARVA,0.6317166
RAD50,0.6317161
PRKRIP1,0.63168263
REV1,0.6316824
PARP14,0.63166445
PLA2G4A,0.6316633
MRPL51,0.6316212
PIGK,0.63154197
MRPS9,0.6315285
PTGIR,0.63152456
ITGAE,0.63150716
NDUFA5,0.63145787
POLR2B,0.6314539
NONO,0.63144183
PELI2,0.631434
PLOD1,0.6314263
PPP1R16B,0.6314263
MLH3,0.6314189
NR1D2,0.6314109
MRPL45,0.6314086
NUP210,0.6314013
NUDT9,0.6314008
OBSCN,0.63139343
NFE2L1,0.63136154
MYO5B,0.631334
PCID2,0.6312883
LAT2,0.6312804
NCAPD3,0.6312682
MFN1,0.63124365
PRKAG1,0.6312409
NUP188,0.63120526
RAB32,0.631185
NDUFA13,0.63108903
MRPL39,0.63108224
ADAMTS1,0.63106334
PPFIBP2,0.6310626
MRPS10,0.6310538
PARD3,0.6310532
NAA16,0.6310514
HOXA5,0.631035
PAGR1,0.6310033
MSRA,0.6310002
PAICS,0.63097656
NCF2,0.6309552
ITGAM,0.63091123
MED28,0.63089037
MRPL30,0.6308649
ISY1,0.6308261
NHEJ1,0.6308182
PSMF1,0.6308122
PTPRS,0.63078785
KIF27,0.63078237
MZT2B,0.63075733
ADA,0.630752
LY86,0.6307193
POLR1B,0.63062996
HSPA1B,0.6305354
NOP58,0.630502
PIKFYVE,0.63050085
PEX7,0.6304961
PPP1CC,0.63048226
NUP160,0.6304821
LSM2,0.6304472
GLS2,0.6304463
OXCT1,0.63039273
MAPK8IP1,0.6303444
PCNT,0.63030595
ARHGEF6,0.6302284
NTM,0.63022804
PCDH1,0.630176
NOL10,0.630162
OSBPL1A,0.6301598
NOP9,0.63015974
MIB2,0.63012016
NEDD4L,0.63011956
IRAK3,0.6300129
PFDN2,0.629994
TNFSF12,0.62997013
PAK1IP1,0.6299682
P4HA1,0.6299179
PDCD4,0.6299058
PRKD2,0.62989986
NKIRAS2,0.6298849
MDC1,0.6298812
NABP1,0.62986845
NSUN6,0.6298503
NCLN,0.62984186
NIPSNAP1,0.62983346
NSDHL,0.6297836
MRPL41,0.62975454
PFKFB4,0.62972933
MAP2K7,0.6297194
HSD11B2,0.62969536
PAFAH1B3,0.6296599
F13A1,0.6296416
HSD17B7,0.6295748
ZNF184,0.6295724
PRPS1,0.6295344
OGDH,0.6294906
MCM8,0.6294749
FRS3,0.62945634
LPAR2,0.62941474
NLK,0.62938285
PDXK,0.6293234
KBTBD7,0.6293108
RASSF5,0.6292311
MRPL34,0.62923026
NUS1,0.6292235
PDK3,0.6292195
JAM2,0.6292052
PABPC4,0.62920433
NIPSNAP3A,0.62917393
PTPRU,0.62912375
MED4,0.6291153
PPIF,0.62905884
NUP153,0.62901086
INMT,0.62899643
PALLD,0.6289957
KIF5C,0.62899345
NOP56,0.628977
PAK4,0.62892264
NRCAM,0.62887096
OXSR1,0.62886685
NFIA,0.6288556
GCSH,0.6288425
PAQR8,0.62883836
PPARA,0.6288319
OPHN1,0.6288207
PPIE,0.6288108
PHF5A,0.6288072
NOP16,0.62879306
NUP133,0.62876594
OTUB1,0.62876046
ORC2,0.6287603
ADAMTS12,0.6287487
PFKFB3,0.6287045
MRPL11,0.6286772
NUDT16,0.6285976
GRAP2,0.6285723
LRP4,0.62853247
LRR1,0.62847894
PES1,0.62845516
PGP,0.6284508
POM121,0.62844
PIGS,0.62842494
MRPS16,0.62840164
NRBP1,0.6283559
NUBP1,0.6283525
PPP1CB,0.6283321
PATL1,0.6283304
PUS1,0.6283021
NDUFS1,0.62829083
PDE8B,0.6282636
POLM,0.62825716
PABPN1,0.62824744
POLR3B,0.6282121
PECR,0.6282108
NCBP1,0.62820923
OXSM,0.6281748
MGAT3,0.62815136
PSMB6,0.62810373
PDE10A,0.6280978
IFT20,0.62808967
ARHGAP19,0.6280314
PNISR,0.62803
HSPA13,0.62802345
HAVCR2,0.62802184
STX1A,0.62800103
PEX13,0.6279424
NPTN,0.6277778
MOCOS,0.6277622
PITPNA,0.62768084
PDSS2,0.62766564
PC,0.6276366
SLC35A2,0.6276133
PARS2,0.6275551
LMOD1,0.6275495
POLDIP3,0.627538
CD5,0.6275232
NAPEPLD,0.62746423
PITX1,0.62746316
PPP1R9B,0.6274598
NOLC1,0.6274429
PPP2R3C,0.62740725
NAMPT,0.627383
PHF20,0.6273821
PRDX3,0.62735945
NRBF2,0.62735885
RAB14,0.6273578
SAP30,0.6273445
PDS5A,0.6272663
PDCD7,0.62725824
PPP5C,0.62724864
CCT6B,0.6272392
NLGN2,0.62715864
PDE6D,0.6270926
NES,0.6270656
LIG4,0.6269989
MIF4GD,0.6269652
PYGL,0.62692857
NARS2,0.6269084
RIN2,0.62687284
MLKL,0.6268305
NUP155,0.62681144
NDUFA3,0.62680775
PNN,0.6267454
PARD6B,0.6267406
RBBP9,0.62672234
MMP15,0.62670577
PIK3C2B,0.6266948
PLB1,0.6266846
PUS7,0.62667835
OLA1,0.6266381
RABIF,0.6266377
KRT5,0.6266178
PFDN5,0.62661195
PFN2,0.6266109
NFKBIZ,0.6265994
MYBL1,0.62657195
MAN2A2,0.626567
PDE4D,0.62656116
PEX19,0.6265511
PPP1R15B,0.6265492
NLRP1,0.62654155
SHF,0.62649673
NR4A3,0.6264814
MRTO4,0.6264784
OSBPL5,0.6264677
PCYT1A,0.62645453
NCK2,0.62642765
PAN3,0.6264199
PSME1,0.62639475
PFN1,0.6263851
PDXDC1,0.6263578
OAZ1,0.62629163
NRP2,0.62628156
PDE3A,0.62624586
PDHA1,0.6262293
PBX3,0.62617934
PACS2,0.62616086
NR1H2,0.62615794
MON1A,0.62614936
AP4E1,0.6261395
PLCB3,0.62613845
NTPCR,0.6261124
NUP37,0.6261033
NAGPA,0.6260772
POLH,0.6260742
MOAP1,0.6260449
NUP205,0.6260204
NR4A2,0.6259339
MOK,0.62583834
RGS2,0.62583077
PIK3R5,0.6258136
FAAH,0.6257892
LMBR1L,0.62578624
PGM1,0.62575966
MR1,0.62574375
POLR2F,0.6256814
LIPE,0.62564397
PEX1,0.6256395
PKP3,0.6256017
PSME2,0.62555563
MICAL2,0.6255262
PDHB,0.6254844
QDPR,0.6254486
OAS2,0.6254453
NAA10,0.6254279
PAPSS2,0.6254115
PRPF6,0.62536633
PDE4B,0.6253104
GMPR,0.6252746
PGS1,0.62524426
PLCD1,0.6251651
NR2C2,0.625138
NEK2,0.62508553
PLEKHG4,0.6250761
POFUT1,0.6250719
NFKBIL1,0.6250471
PANK2,0.62503445
MTO1,0.6250254
PGAM1,0.6250062
NOL11,0.6250011
CLIC2,0.6249903
NADK,0.6248989
MRGBP,0.6247991
RPGR,0.6247708
PRKAR2A,0.624759
CD38,0.62475234
MUC3A,0.6247177
EGR3,0.62471
MSMO1,0.62468326
PARD6G,0.6246821
LRRC8E,0.6246773
INO80B,0.6246673
PAF1,0.62464654
PRPF4B,0.6245973
MFSD10,0.62459546
LRG1,0.6245419
NVL,0.62451476
PDE12,0.6245143
NME4,0.6245008
ORMDL1,0.62447524
PDIA3,0.62446153
PDK1,0.62444973
SEC11C,0.6244205
PPP1R13B,0.624415
RAB3IL1,0.62432563
BATF2,0.62431526
PAAF1,0.6243018
PIK3AP1,0.6242968
PTPN7,0.6242213
PSMD9,0.6242029
PLXNA3,0.62419957
IGFBP6,0.6241989
MPP2,0.6241794
NECAP2,0.6241757
PEX6,0.6241496
MFAP3,0.624147
SDHAF1,0.624145
PCSK7,0.62412673
RMI1,0.6241051
PTGFRN,0.62410176
PACSIN3,0.6240766
RAB3GAP2,0.6240312
F12,0.6240166
NUTF2,0.62401056
PRPF39,0.6239716
PVR,0.6239539
NCKAP1L,0.6239386
PHKG2,0.6239005
PIP5K1A,0.6238907
PPP6R1,0.62385464
SHB,0.62383056
MED7,0.6238163
RARB,0.6237761
NHLRC3,0.6237648
PACSIN2,0.62371117
PDE1A,0.62368953
PPM1K,0.623632
PAFAH1B1,0.62356657
PSMC3IP,0.62354183
PDE4A,0.6235298
MUL1,0.62351626
NPHP1,0.6235155
NDUFA8,0.6234906
MID1IP1,0.6234659
PCDHB15,0.62346
RECK,0.6234538
PPP1R12A,0.6234421
RAB13,0.6233352
POU2F1,0.6233211
PPL,0.62328047
ORMDL3,0.6232721
PRDX6,0.62326527
PIAS3,0.6232505
LRPAP1,0.62320536
NTN1,0.6231707
PPA1,0.6231191
PANK3,0.6230921
PDE7B,0.6230495
PSMD11,0.6230377
PEA15,0.62302554
RFK,0.6230195
NAIF1,0.6229836
POMP,0.62289333
PFKP,0.6228863
PIPOX,0.6228824
PPP1R18,0.62287575
PSMG3,0.6228628
RNF139,0.6228216
RPL17,0.62281036
PSME4,0.6227783
PCBP4,0.6227274
ORMDL2,0.62269145
PPP6R2,0.6226869
PDCD6IP,0.6226437
METTL21A,0.6225561
PLCL2,0.62255585
PIH1D1,0.62252206
PDS5B,0.6224824
FCGR3A,0.62248087
PPP1R12C,0.6224626
RHPN1,0.6223945
SH2D2A,0.62239414
NID2,0.62233925
PDIA4,0.6223142
PAPOLA,0.62227553
METTL14,0.6222524
PISD,0.6222295
PDSS1,0.62222385
OTUD7B,0.6221847
MRPL53,0.6221749
RC3H1,0.6221575
RACGAP1,0.622086
PALMD,0.6220344
MRPS12,0.62203145
HTRA2,0.62202936
HSCB,0.6220089
LMF2,0.62199914
PCYOX1L,0.6219866
PPIP5K2,0.6219852
NEIL2,0.6219498
RNF6,0.621903
PKP2,0.6218953
NOP2,0.6218771
PMP22,0.6218332
KREMEN1,0.6218002
MED19,0.6217976
NSMCE1,0.62176836
PHKB,0.62175375
MARVELD3,0.6217479
RRAGB,0.62174726
PDRG1,0.621729
PPFIA1,0.6217244
REEP2,0.62171924
PPP1R11,0.62171096
PLEKHG3,0.6216966
PPP2R5A,0.6216913
PLEC,0.6216581
NUSAP1,0.6216346
RAB10,0.6216178
MRPL40,0.6216016
PHLDA1,0.6215879
NUP43,0.6215531
PKD1,0.6215339
PSMG2,0.62152535
PGD,0.62151647
ADAMTS4,0.6214761
NKIRAS1,0.6214561
ACSF3,0.6214488
CARD9,0.6214311
MYH14,0.62140304
PDLIM1,0.6213854
PRDX5,0.6213178
LILRB3,0.6213091
PPIB,0.62128925
PRR5L,0.6212713
PHLDA3,0.6212688
SCRIB,0.62120837
POLQ,0.62109476
HS3ST1,0.62104166
RBPJ,0.6210387
RNH1,0.6210248
NAA35,0.6210114
RAB3IP,0.6209892
PHF8,0.62096566
NPL,0.6209087
NFIL3,0.62090796
PIGO,0.6208839
NUP62,0.6208785
PI4K2A,0.6208237
PKM,0.6207828
PGRMC1,0.6207644
PKD2,0.62076056
PHB,0.62074023
NELFA,0.62071204
RIN3,0.6207058
PTCD1,0.62069947
LAG3,0.6206743
PLSCR1,0.6206334
PLEKHA7,0.6206183
PKN3,0.6205509
PELI1,0.62051547
PIP4K2A,0.6204941
RFC5,0.62044185
ACADSB,0.6204391
RAB4B,0.6204321
PEMT,0.6204167
POP1,0.6203494
NFASC,0.620313
RBCK1,0.620295
PAG1,0.6202795
REEP5,0.6202793
RAB2A,0.62027687
PAK6,0.6202441
PHF2,0.6201924
RNF19B,0.62017083
PIK3CD,0.62008923
PIK3C3,0.62008446
RAB38,0.6200577
PLK3,0.6199994
PKN2,0.61995775
PHF21A,0.61994934
PLA2G15,0.6199464
PDGFD,0.6199369
PHLPP1,0.61991566
POLA2,0.61991227
PPP6R3,0.6198947
NELFCD,0.6198836
PHF19,0.61985856
PSMA4,0.6198531
RAB3GAP1,0.6198519
POLR3A,0.61982304
POLR2K,0.61974734
POLE2,0.619744
PPP1R14B,0.61972666
PPP3CC,0.61971074
PNO1,0.6196918
MX2,0.619627
PEX14,0.6196104
PNRC2,0.6195932
PRICKLE2,0.61957955
PYGO1,0.61956924
PJA2,0.6195558
POLR3GL,0.61955017
RAB3D,0.619491
RHOT2,0.61941165
PMF1,0.61939603
SHCBP1,0.6193888
PLD1,0.61937875
PSMD1,0.6193654
PFDN6,0.6193475
KCNJ15,0.6193313
OPN3,0.61929125
PTPN9,0.6192885
NXF1,0.6192877
PKN1,0.61916417
CACNA2D2,0.6191311
NEU1,0.61903
PIGL,0.61902285
PPIL2,0.61901426
OPA1,0.6190118
PRKAG2,0.6189919
PICK1,0.6189832
MRPL50,0.6189613
POLR2G,0.6189432
RPRD1B,0.61891115
RPL22L1,0.6188982
IL2RA,0.6188775
PFKL,0.61883503
PDE8A,0.61882824
NOL7,0.6188014
PEX2,0.618735
NR2C1,0.6187253
PIK3R6,0.6187241
POLA1,0.6186887
PDPR,0.6186145
RABEPK,0.6185885
RAB11B,0.6185551
POLL,0.61853147
FCGR2A,0.6184692
PGM2L1,0.618432
PIGP,0.6184296
NAPA,0.6184051
PAWR,0.6184028
PSME3,0.6183878
NIPA2,0.6183666
PRKCH,0.6183106
PHC3,0.6182701
MRPS36,0.61822677
RBBP5,0.618221
PRDX1,0.61820626
PIK3R4,0.61818236
RBM39,0.61814314
POLR2L,0.6181298
PDCD11,0.6181169
PARVB,0.6180996
NAT1,0.618068
PDP1,0.61802673
RHOG,0.61795956
RASSF6,0.61788654
P2RY11,0.6178194
NDUFA1,0.6177287
PTK2,0.61765057
MED9,0.6176406
MICALL1,0.6176297
PLXNA2,0.6176293
PLEKHM2,0.61758286
SLC22A4,0.6175746
PKP4,0.61755985
PPARGC1B,0.6175223
NMB,0.61749876
POLR2A,0.6174813
RBM25,0.6174557
PTDSS2,0.6174402
CTSO,0.61736995
NAGA,0.61733544
PCGF1,0.6173169
PLCB4,0.61728686
PASK,0.6172301
ITGA4,0.6172096
SHC2,0.61720794
MRPL27,0.6171843
PSMC5,0.6171668
NEK8,0.61715674
PTPN12,0.61714995
PRPF19,0.6171383
PSMD8,0.6171146
RBM7,0.617061
RASAL2,0.6170492
PDCL,0.6170347
EGR2,0.6170033
EFNB1,0.6169908
PSMD2,0.6169223
SLC25A20,0.61687666
NSA2,0.6168657
RER1,0.6168558
PLAGL1,0.6168443
RFXAP,0.6168326
QPRT,0.6168105
PPP1CA,0.6167665
RPL7,0.6167562
PHF11,0.6167471
PSMD7,0.6167378
PRKD1,0.6167228
ORC4,0.61671954
POLR2J3,0.6167081
CYP39A1,0.61670405
PLA2R1,0.61659354
APOBR,0.61656874
RBAK,0.61656696
PSMC2,0.61653167
PIK3C2A,0.6165101
PLXNB2,0.61650604
RBM22,0.6164571
RAP1GDS1,0.6164135
PLRG1,0.6164075
PXN,0.6163825
PLEKHA2,0.6162735
PPP2R5E,0.6162367
PSMB3,0.61621547
PTPN1,0.61619186
PSEN1,0.6161652
HOMER3,0.61606354
PLP2,0.61606187
PPP1R15A,0.61600435
PLEKHA8,0.61600316
PPP2CA,0.6159807
PSMD12,0.61596143
PPM1A,0.61595285
RAB5C,0.6159313
POLD2,0.61592954
PRPF3,0.6159064
RAD23A,0.61586326
PUM2,0.6158503
PCDH7,0.6158302
PPP3CA,0.6158224
PSMA7,0.61582226
PRPSAP1,0.61580414
RPS27L,0.6157421
RAI1,0.61573565
POLI,0.61572516
C1orf162,0.6156989
PPIL1,0.61566246
PSAP,0.61565095
PTPMT1,0.6156363
LIN7A,0.61561954
RAB1A,0.6156153
AKAP8,0.6155419
RNF152,0.6155379
POLR3D,0.6154625
PIP4K2C,0.6154418
NPHP4,0.6154271
ATP7B,0.61542475
PRPF8,0.61535394
LYPD3,0.6153086
SGSH,0.6153019
NANP,0.61527395
PARP12,0.6151665
LTB4R,0.6150849
C3,0.61500543
PTPN13,0.6150017
SMNDC1,0.614976
PBDC1,0.6149588
PLEKHG2,0.6148596
PNP,0.6147952
PPP4R2,0.6147943
PRDX2,0.6147765
PI4KA,0.6147482
RAD18,0.61471826
PKP1,0.61471575
RAB20,0.6147108
PRPF40A,0.6146978
ZFP82,0.6146925
RHOBTB1,0.6146202
PRKDC,0.6145903
MAP3K6,0.61456794
MRPL44,0.61453104
RNPC3,0.6145083
PSMB4,0.6144963
PSMB1,0.6144935
PPARD,0.6144626
SMPD1,0.61443245
RRP15,0.61442703
OBSL1,0.6143841
PDGFC,0.6143798
RAP2A,0.61434525
RBM15B,0.6143362
RAB30,0.6143334
RRP7A,0.6143228
PAM16,0.6143048
SIGIRR,0.6142381
PUM1,0.61413443
LZTS3,0.61412865
PRKRA,0.61408675
PPP2R1B,0.61406875
PTPN14,0.61406535
PAPSS1,0.6139654
NDUFAF5,0.61394393
PMEPA1,0.61392534
MRPS26,0.61391747
RHNO1,0.6138945
PNKP,0.61385125
PAIP1,0.61380464
NDUFAF7,0.6137979
OMA1,0.6137766
PSMB10,0.61376387
PARP3,0.613676
RIF1,0.6136516
PTDSS1,0.61359596
ASB2,0.61359596
MIEF2,0.6135958
PPP1R7,0.6135921
PPP1R3B,0.61353135
LIPT1,0.6135294
PHYKPL,0.61350256
PLXNA1,0.6134847
MSX2,0.613469
PLCL1,0.6134443
PNPLA2,0.6134354
SUN2,0.6134061
REXO2,0.61337584
RBFOX2,0.61336654
PTPRE,0.61334556
PCGF2,0.6133106
RGS19,0.61311615
POMGNT1,0.6130967
PRCP,0.6130399
RAB31,0.6129725
POLE4,0.6129492
KCNN3,0.6128927
PPP2R5D,0.612889
PSMD5,0.61286604
NLRC5,0.6128592
PEX11B,0.61283624
GLIPR1,0.6128236
PNPT1,0.61274344
PPIG,0.61273605
PTMS,0.61272633
PDHX,0.6127034
PRKACB,0.6126873
RHPN2,0.6126334
PPP2R5C,0.6126207
GDF15,0.61256176
PRKCSH,0.612488
PTBP1,0.6124792
MATN3,0.6124782
FPR3,0.6124124
RAB5B,0.6124119
PUF60,0.6124082
PNKD,0.61239505
PTPRJ,0.61237216
NIP7,0.61232173
PYCR1,0.61232054
PSMB7,0.6123189
RABL2A,0.6123132
PTBP2,0.6122749
NFRKB,0.612272
POLR2D,0.612136
RNF217,0.612106
CRAT,0.61205596
PIGW,0.6119455
PITRM1,0.6119266
SERPING1,0.6119137
PGAP1,0.6118905
RAN,0.611795
RABEP2,0.6117913
PIGB,0.61176986
RBM19,0.6117583
PTPRM,0.6117544
RANBP3,0.6116396
RALGPS2,0.61162114
PQBP1,0.6115922
PHLPP2,0.61156964
RDX,0.6115123
NOP10,0.6115122
PAIP2B,0.6114817
PTPRA,0.6114586
POLR1A,0.61145514
RBL2,0.6114481
SMARCD3,0.6113998
RAD54B,0.6113983
PRKAR1B,0.61139506
PDCD5,0.611286
POLRMT,0.6112784
MAPK13,0.61126864
RCC2,0.6112369
PJA1,0.6112232
RGS12,0.61120075
PREB,0.6110945
ADCY4,0.6110439
RPL36A,0.6110349
PANX1,0.61103433
RELA,0.61102843
PPRC1,0.6109622
MTMR6,0.6109533
PTGES3,0.61088276
PITPNM1,0.61086565
NUDT16L1,0.61085486
PTPN4,0.61083454
OPLAH,0.610824
HK3,0.61078006
PAQR5,0.61063635
SCAI,0.61063397
PIAS4,0.61060274
POGZ,0.6105762
RAVER1,0.6105656
RAB11FIP1,0.610553
PRC1,0.6105322
SDF2,0.61044675
PLTP,0.61044025
SYP,0.61040634
PAN2,0.61039126
RANBP1,0.61037785
HSPA12B,0.6103676
POLR2I,0.6103061
PLK2,0.61027604
PRR12,0.6102215
RAB9A,0.61021966
SCYL1,0.6101442
RAC2,0.6101226
PLCG1,0.6101199
USP43,0.61011124
PPM1B,0.61009735
PRR5,0.61008954
SENP2,0.61006755
PARVG,0.6100601
PRPS2,0.6100485
RNF181,0.6100213
LXN,0.6099987
RPL18A,0.6099902
RNF2,0.6099728
RAB27A,0.6099664
SATB2,0.6099451
RAD51D,0.60994333
PTCD3,0.609943
PHAX,0.609892
PSMC6,0.6097776
PTPN23,0.6097507
PLD3,0.60973346
PPM1L,0.6096969
LDHD,0.60969526
PURA,0.6096572
PFKFB2,0.60965335
OSMR,0.6095997
PDPK1,0.60959524
ZNF577,0.6095745
RAB4A,0.6095658
NOTCH3,0.60955113
RGS17,0.6095433
PDPN,0.6095341
PRPF38A,0.6093835
RGP1,0.6093581
PRMT1,0.60933113
PWP1,0.60927397
CAMK1,0.6092341
PLAT,0.6092092
PKIA,0.60920256
PSAT1,0.6091958
PGAP3,0.6091878
MTMR7,0.60917443
RAD51C,0.60914916
ITGA9,0.60914314
ROBO1,0.6091346
RORA,0.6090842
PRPF4,0.6090487
PPAT,0.6089845
RALBP1,0.6089513
PER3,0.60893095
PSMD3,0.60892004
SPRY1,0.6088848
MPND,0.6088693
RNF24,0.6088656
RPL13,0.60881156
PSMB8,0.6087725
RBBP4,0.6087515
RCCD1,0.60871506
SLCO3A1,0.6087036
RASA3,0.60868984
TSEN54,0.6086715
BBS5,0.6086664
GPR68,0.6085553
RGS14,0.60845786
ZNF383,0.6084125
NME3,0.6083587
GPNMB,0.60830665
PLD2,0.608201
PPIL6,0.60818136
PRPF40B,0.60803646
PIF1,0.60802567
RPL13A,0.6080247
PMPCA,0.6079954
PRKAA1,0.60798895
PCSK6,0.6078951
PMVK,0.60784185
RTN4IP1,0.60778654
RAB1B,0.6077668
PTPN2,0.607728
RNF31,0.60770255
POLR3F,0.6077019
ULK3,0.6076207
RAPH1,0.60757464
POU2F2,0.60756445
RABGAP1,0.60751504
LRFN3,0.60750574
PIGC,0.6074781
RHEB,0.60743606
POP5,0.6073875
PRPSAP2,0.60737133
PIGQ,0.60731816
RALGAPB,0.607278
PHC2,0.6072733
MAFF,0.6072718
RAD54L,0.6071965
PGAM5,0.6071852
NPR1,0.60716
PSMC3,0.6071171
RABGGTB,0.60706615
PGGT1B,0.60704833
RNF11,0.60704213
TBX19,0.60697746
RAP1B,0.6069652
SLC12A8,0.6069625
RGS5,0.6069399
RUNX2,0.60693705
PSMA5,0.60686606
PDE5A,0.6068539
PIGM,0.6068382
RTF1,0.60683644
CLEC2B,0.60682756
POLR3H,0.606747
RAD9A,0.6066939
RPAP2,0.6066688
RPL24,0.6066361
RUFY1,0.60658073
RPS6KB1,0.60653794
PIGA,0.6064972
SLC30A1,0.6064856
POLD3,0.6064737
RRAGD,0.60642684
RNF216,0.60641974
AP5S1,0.60641533
PTN,0.60631233
RBX1,0.6062586
ROCK2,0.6061999
PSPC1,0.6061815
RLIM,0.6061227
POLG2,0.606065
RAB25,0.6060648
PREPL,0.6060429
POP7,0.6060374
PLCE1,0.60602075
ENPP2,0.60599864
TCEA3,0.6059888
PYGB,0.60590446
RABL2B,0.6058695
PSMB9,0.60585946
RPE,0.6058517
RBM4,0.605756
OAT,0.6057418
SEMA3A,0.60573024
PRKAR2B,0.6056728
PTPN21,0.60559934
SLC25A25,0.60558647
PURB,0.60556406
PTRH2,0.60546917
OCLN,0.6053963
PLOD2,0.60537237
POLR3E,0.6053315
PDCD10,0.60532963
RPAP3,0.6053291
PRMT7,0.60530525
RPL27,0.60525423
RAPGEF6,0.60524535
VARS2,0.60523623
SACM1L,0.60519695
RPL27A,0.60514116
TBC1D25,0.605138
REEP4,0.60505146
TAOK3,0.6050337
NLRC4,0.605
RNF20,0.6049751
REC8,0.60493785
SEMA3C,0.6048682
RCOR2,0.60470724
SIN3B,0.60467774
PDCL3,0.60467523
RRM2B,0.6046644
MTRF1L,0.6046474
RPL15,0.6045755
RBMX,0.6045488
THBS2,0.60454416
RGS1,0.60449123
SEMA4G,0.604482
PIK3R3,0.6044553
SCCPDH,0.604413
PPP1R8,0.6043582
PSMA1,0.6043542
REV3L,0.60431117
SAP30BP,0.60412294
UBL7,0.60409784
POLE3,0.6040616
RPL7A,0.6040598
SEL1L,0.6040022
RFC2,0.60396844
LGI4,0.60395426
SERPINE2,0.60393226
SEC24D,0.60392106
RAPGEF4,0.60386866
RAB21,0.60386044
POLR1E,0.6038499
POLR2H,0.60379905
SMARCA2,0.6037148
SCLT1,0.60365444
PTPRN2,0.60359
MPZ,0.60358846
RPA1,0.6035414
SGMS2,0.60349643
RINL,0.6034399
RASA2,0.6034026
LYZ,0.60331684
PIGF,0.6032956
RNF7,0.6032492
ANGPTL4,0.603207
PRDX4,0.60320544
RPL8,0.60313916
RAB11FIP3,0.6031241
RPL11,0.60312366
PTAFR,0.6030865
POMGNT2,0.6030523
SYNE1,0.60298526
RAD51AP1,0.6029755
PRMT3,0.6028942
NDUFA9,0.6028723
RPS6KA1,0.602793
SETD2,0.6027751
RGMB,0.602775
SELPLG,0.60272324
ORAI3,0.60271657
SHMT2,0.6026894
PRKAB2,0.602667
RAB34,0.602603
RBM34,0.60258996
RAPGEF1,0.60254747
TMEM67,0.60253096
RNF38,0.60241175
RELL2,0.60239893
RAD52,0.60237324
SLC12A9,0.6023416
PPP2CB,0.60233253
PIGG,0.6022962
PPWD1,0.6022732
PPP3R1,0.60226893
PYCR2,0.6021311
PHKG1,0.6020894
SLC9A3R1,0.6020412
RCC1,0.60203695
RCAN1,0.6019234
NME2,0.60183614
NAA30,0.60183
RIC8B,0.60176545
STX12,0.601758
PGF,0.6017337
RPL3,0.60173035
RNF169,0.60172236
PPP4C,0.60172
TOR1B,0.6016961
RB1CC1,0.60166526
SDCCAG8,0.6016474
RPF1,0.60161006
RPL36AL,0.601589
SH3RF1,0.6014463
RPRD1A,0.601388
SCLY,0.60136354
POFUT2,0.601231
PDLIM2,0.60121727
RPL23A,0.60121566
RPS27,0.60120285
PLK4,0.60119367
PCSK5,0.60107785
SHQ1,0.6010693
RFFL,0.60106486
RTEL1,0.6010478
SH3BP4,0.6008037
SHMT1,0.6007733
RFC1,0.6007526
OAS3,0.60075253
ITGAX,0.6007277
RPL35A,0.6007186
RPL26,0.6006648
SEC24B,0.60062915
RMDN3,0.60057265
GBP1,0.60054344
RGL1,0.60053605
SNRNP48,0.6004439
RGS10,0.6004314
RALY,0.60036737
RANBP9,0.60034114
PSMB2,0.60032725
RNF34,0.600249
SLBP,0.6002436
RFX7,0.6002071
SP100,0.6001995
RRP1B,0.60009784
RPN2,0.6000737
RPLP2,0.6000708
SDSL,0.60000795
PLS1,0.5999977
RICTOR,0.59996706
NR5A2,0.59995055
SLC7A6,0.59992987
AP5B1,0.59991527
QTRT1,0.59988594
RPAP1,0.59986866
RPS6KA2,0.5998301
RPGRIP1L,0.5997696
RNF103,0.59975153
SCFD2,0.5997251
RSU1,0.5997076
SMG1,0.59967124
RPS16,0.5996642
PLEKHA3,0.5996566
SAMM50,0.5996403
RNF135,0.5996231
RHOBTB3,0.5995881
RFX5,0.5994828
PGAP2,0.5994705
TAF9,0.5994635
SEC61A2,0.5994414
PTPRF,0.5994173
PAFAH2,0.5994173
SDAD1,0.59936273
RPL7L1,0.59934455
SCNN1D,0.59933203
RFX3,0.59932625
TMEM63A,0.5992934
RPL19,0.5992452
RPS26,0.59919405
RTCA,0.59918386
TIMM17B,0.59916884
PSMB5,0.5991675
SMARCC2,0.5991255
PEX26,0.59910744
RPL29,0.599059
RRS1,0.5990103
SEC22A,0.59896463
RELT,0.59895134
RBM42,0.59893167
RHBDF1,0.59890866
PIGV,0.5988755
UBE3D,0.5988627
SAFB,0.598746
RBM5,0.5987456
RBM8A,0.59870666
SEPSECS,0.59870315
RPS8,0.5986931
RANGAP1,0.598689
RPS6,0.59868807
CMTM1,0.5986714
SEC16A,0.5986701
RUFY3,0.5986437
SLC6A9,0.59856343
RECQL,0.5985515
ZNF614,0.59853363
SYCE2,0.5984478
SERBP1,0.5983969
RAB40B,0.5983428
RUSC2,0.5983317
TREX1,0.59832245
PYGO2,0.5982654
REEP3,0.5982556
ETV7,0.5982505
RPSA,0.59822965
S100PBP,0.59822553
RAI2,0.59822154
SCO1,0.598207
SMG6,0.598201
STRADA,0.5981925
TOMM40,0.5981734
SGPL1,0.59816855
RAB11FIP4,0.5981618
RNF138,0.59812045
SAV1,0.59804976
MRM1,0.5980212
RPL37,0.59800285
SF3B3,0.59799856
PPP4R1,0.59797037
PUS3,0.59796464
FBP1,0.59795696
RAB2B,0.59786415
SEC24C,0.59784466
RPL32,0.59778655
SASS6,0.59776807
SCFD1,0.5977485
RPLP0,0.5977396
RBBP7,0.59773165
RPS20,0.5977112
PIGT,0.5976893
RPS29,0.59767693
SCARA3,0.5976679
RCSD1,0.597629
PNPLA4,0.5975858
PEF1,0.59757096
RNF5,0.5975562
PRRT2,0.5975176
ROR1,0.5975164
RNF220,0.59750754
SCN1B,0.59743875
ING2,0.59741
PPP3CB,0.59738773
SESN1,0.59730726
RBM28,0.59727
RPS11,0.59725785
RAB6A,0.5972207
RYK,0.59717786
EHD3,0.5971681
RTN3,0.5971182
RNF130,0.5971149
ZNF418,0.597112
PSMD4,0.59706855
SF1,0.59703314
SH3PXD2A,0.59698486
RBP1,0.5969693
SMURF2,0.5969533
STXBP2,0.5969475
PHF12,0.5969204
SENP1,0.596913
SPPL2A,0.5969064
SENP3,0.59688324
SPRED2,0.5968801
SF3B2,0.5968106
SLC7A5,0.5968092
RRAGA,0.59680563
RPL34,0.5967005
HSPB2,0.5966584
KHK,0.5965881
RARG,0.5965422
SPATA5,0.59637195
RPS15A,0.59634995
PTS,0.5963325
SERPINB6,0.5963244
RPRD2,0.59631026
RPS21,0.59631
RPS23,0.59630483
RNGTT,0.59625995
TACC1,0.5962199
RPS3,0.59617907
RPL41,0.596179
NXT2,0.59615517
RNF8,0.5961539
SUGP1,0.5961056
RPP38,0.5961029
SDC3,0.5960832
RAB12,0.59603775
RPS17,0.5960209
RBM17,0.5959242
ST8SIA4,0.5958863
SEMA7A,0.5958425
RAB33B,0.5957471
RCOR1,0.59567326
PFAS,0.5956371
RPS4X,0.5956187
CACNA2D4,0.5956148
SCUBE2,0.59560734
RABGEF1,0.5955392
RPL12,0.5954204
PTGES2,0.59540755
TDRKH,0.595324
RGS16,0.5952797
SFI1,0.59527236
SPAG16,0.5952691
RNF185,0.5952612
PILRA,0.59523547
RHBDD1,0.5952351
PRMT6,0.59522057
SETD6,0.5952139
RNF41,0.59516925
RPS9,0.59516853
SETD7,0.59516805
SH3GLB2,0.5951225
SRF,0.59511495
RAD1,0.59507257
RPS2,0.5950204
PCDH18,0.59500265
SECTM1,0.59498113
SPRTN,0.59495026
GBP4,0.5949415
QSOX1,0.59493756
RAB8B,0.5949209
SBF2,0.5948659
SCNM1,0.5948487
SRP72,0.5948393
TBC1D32,0.5947882
SLC25A12,0.5947736
NUFIP1,0.59472835
SLC25A24,0.59470797
SNRPB2,0.59468836
PDXP,0.594662
SAR1B,0.5946174
NKD1,0.59456754
SNX5,0.59456146
STK4,0.5945286
SMPD4,0.594464
RNASET2,0.59442186
NLRX1,0.59438115
REPS1,0.5942776
PDK4,0.5942721
PGM3,0.59422964
TXNRD2,0.5942235
MAPK11,0.59414816
SNRPG,0.59412444
SCD,0.59411746
RPTOR,0.5941156
TIMM21,0.5940112
MCMDC2,0.5939973
RPS7,0.59389424
SNTA1,0.59382963
RFX2,0.5937848
PODXL2,0.59372514
SLC25A28,0.5937193
SORL1,0.5936575
SMCR8,0.5935977
SLIT3,0.59354025
SRGAP1,0.59348637
RTN4R,0.59348387
SH3BP2,0.5934648
RPS6KB2,0.5934164
SCARB1,0.59339225
ST8SIA1,0.5933432
SEMA4F,0.593321
RBMX2,0.59329295
RSL1D1,0.5932679
RRN3,0.5932327
ZNF354A,0.5932129
RPS5,0.59316504
MANEA,0.59314287
SURF6,0.59308547
AP3M2,0.5930301
PPCDC,0.5930232
RAB37,0.5929867
SMC3,0.5929749
RPL6,0.59297174
PPIH,0.592964
RCN1,0.5929079
RPS18,0.5928862
SEMA6B,0.59287184
PREX2,0.59282583
SNX6,0.59278756
SPRY4,0.5927431
FUNDC1,0.59273136
CDK3,0.5927028
RNPS1,0.5926939
SCMH1,0.5925954
SGMS1,0.59258807
SCAP,0.5925842
SRGAP2,0.5925406
PRX,0.5924579
AMPH,0.5923762
SF3B4,0.592375
RPS27A,0.5923703
SMYD3,0.59236795
SPTBN1,0.59236497
RANBP6,0.59236056
TIMP3,0.5923565
B3GALT4,0.5922918
RNF40,0.5922645
STK38L,0.59224606
SBF1,0.5922387
SERP1,0.59223354
SYNE3,0.59222484
RPA2,0.5922171
RPL31,0.59213364
RPS15,0.5921194
RCL1,0.59194094
RNASEL,0.5919389
RND3,0.5919293
PRKAB1,0.591909
SNRNP200,0.59190124
RARS2,0.59187293
RSL24D1,0.5918129
SEC31A,0.5917859
POLR2C,0.5916365
PSTK,0.5916353
TTK,0.5916097
CD2,0.59158176
SESN3,0.59150743
SEC63,0.5914791
SNAP23,0.5914691
STK11IP,0.591469
THOC6,0.5914599
SUPV3L1,0.5914507
S100A6,0.591422
NR2C2AP,0.59133506
RIOK1,0.59130526
SYNJ2,0.5912072
POMT1,0.5911819
SPTLC2,0.5911654
RPS13,0.5911629
RBBP8,0.59112644
NPRL2,0.5911157
ITGB6,0.5910741
SEC14L1,0.591065
PRKCD,0.590976
TOX4,0.590968
PLEKHG5,0.59090763
PHKA1,0.59084034
RYBP,0.59083426
RPL10A,0.59078896
TTC37,0.590751
TMEM132A,0.59072804
OASL,0.59069234
RPS19,0.59068215
SP3,0.5905734
RAB6B,0.5905592
TBC1D13,0.59053415
SH3PXD2B,0.59051013
SLC19A1,0.59050435
SGPP1,0.59045446
RPL28,0.5904499
SREK1,0.5904413
SARNP,0.59041864
SLC2A1,0.5903706
SPTAN1,0.5903529
SMAD7,0.5903135
SLC16A3,0.59031
STAM2,0.59029615
SMAD1,0.5902877
SRRM1,0.5902759
SLC26A6,0.5902397
SREBF2,0.5901852
SPINT1,0.5901845
SUMO3,0.5901618
SMC4,0.5900564
SLMAP,0.5900179
STRIP2,0.5899374
SAE1,0.5898895
RCOR3,0.5898823
RANBP10,0.589874
SRD5A1,0.5898435
SKP1,0.5897972
RAB11FIP5,0.58979046
SCP2,0.5897832
PRPF18,0.58975875
PIP5KL1,0.5897374
TOP2B,0.58972085
SNIP1,0.58971626
SKA1,0.5896907
TIFA,0.5896869
TBPL1,0.5896706
RAD23B,0.5896547
TRIM11,0.5896042
SLC25A22,0.5895566
RAB5A,0.5895344
TRNAU1AP,0.58952314
SERGEF,0.58951527
RAB24,0.5895139
SNX18,0.5895055
STK25,0.5894998
SAMD8,0.5894561
RPL38,0.58942574
TGFBRAP1,0.5894047
TIAM1,0.58939594
SERPINF1,0.589364
SORT1,0.5893524
VAMP3,0.5893456
SEPHS1,0.58932334
ST3GAL6,0.5893216
SNRPC,0.5893151
STK40,0.58925754
SNTB2,0.58924365
RABGGTA,0.5892433
RCHY1,0.589164
REXO4,0.5891258
SH2B1,0.58910835
SPNS1,0.5891012
ZNF764,0.58908576
PI4K2B,0.5889722
TAMM41,0.58895785
SSBP1,0.58895284
PDZD11,0.588904
RIMKLB,0.5888656
TBC1D23,0.5888299
NTN4,0.5888218
ZKSCAN3,0.58873314
RBM45,0.58871216
RTN4,0.5887014
ATP2A3,0.58865714
STXBP4,0.58864045
PCDHGA6,0.58863366
TBCEL,0.58860576
SIK3,0.5885987
SCAMP2,0.5885648
STARD13,0.5885367
SRSF9,0.5885285
TMEM115,0.5885158
SLC39A1,0.5884896
RNF114,0.58834153
TMOD1,0.58833504
SKAP2,0.588314
SLC44A2,0.5882866
TUBD1,0.58823764
RPS12,0.588214
SPHK2,0.58818495
RBBP6,0.5881663
SUV39H2,0.5881651
PSEN2,0.58814967
STARD3,0.58812577
RMND5A,0.58811224
THOC5,0.5880912
SMAD6,0.58804166
SYT11,0.58803916
HSPA1L,0.5880057
ZNF600,0.58796316
SNRPD1,0.5879324
SSBP2,0.5878809
UPP1,0.5878431
SORD,0.58777094
PRKX,0.5875486
PLXNC1,0.58752567
SNAPC1,0.5875211
UBA5,0.5874647
NDN,0.58744216
SCNN1A,0.5873425
RIC8A,0.5872901
SAFB2,0.58722746
CXCL10,0.5872153
PRDM4,0.5871722
ZNF460,0.587144
RASSF2,0.5871038
RNF168,0.58708364
SLC7A11,0.5869951
TGM2,0.5869792
ZNF836,0.58697313
QRSL1,0.5869609
RPS3A,0.5869392
SNRPD2,0.5868334
SNRPB,0.58678067
SMC6,0.586779
SEH1L,0.5867299
SLAIN2,0.58660537
SMOX,0.5865822
SLC25A13,0.58657384
SLC39A7,0.5865512
SLC27A5,0.58652425
SIL1,0.5865234
DCHS1,0.58643657
ZSCAN32,0.58642024
ITGA8,0.58640957
APOBEC3F,0.586396
RRP8,0.58637214
SECISBP2,0.5862976
ST3GAL3,0.58629024
TDRD3,0.58620805
SIKE1,0.58620036
STXBP3,0.58617145
SH3D19,0.5860931
USP35,0.58608896
SAP18,0.5860758
TNKS1BP1,0.58604753
SLC11A2,0.58601236
SMARCC1,0.58597606
CD163,0.58596385
SLC1A1,0.58590025
TAPBP,0.58587515
TMC6,0.5858101
TNKS2,0.58572775
RNF123,0.5856283
SESN2,0.5856277
SETX,0.58561754
RHOT1,0.58557725
SRR,0.5854354
SETD1A,0.58537966
SERINC3,0.5853466
SCAMP1,0.58527285
TRIM35,0.58525765
PRICKLE1,0.585209
TMEM11,0.5851805
PDK2,0.5851669
PLA2G12A,0.58512735
NPHP3,0.585117
RRP9,0.5851028
MTSS1,0.5850997
SCAF1,0.5850584
SMDT1,0.5850346
TPD52L1,0.58502597
SMUG1,0.5850063
TRIP13,0.58498853
ST6GALNAC4,0.5849881
S100A11,0.58496416
TRMU,0.5849489
SLC30A6,0.58493483
SIN3A,0.5849023
PPID,0.5848965
ALOX5,0.5848525
SPTLC1,0.58484024
SKAP1,0.5847745
RNF125,0.58476263
SP1,0.58471215
ZNF335,0.5846595
TRIM25,0.5845939
SENP6,0.58454216
SSH3,0.5845122
SPATA13,0.58451056
COL6A3,0.584502
SLK,0.5844867
ATP6V1E2,0.5843743
RRP12,0.5843653
SPG21,0.58435285
TADA2A,0.58430344
POMK,0.5842421
RXRA,0.58422875
MOCS1,0.5842022
TMOD2,0.5841734
APOBEC3B,0.5841046
SDCBP,0.5840548
RASGEF1A,0.58399546
TBCB,0.5839782
NR1D1,0.58395237
SNAPC3,0.58394384
SYTL4,0.58390766
ST3GAL4,0.5837752
STAU1,0.58369666
RPP30,0.5836592
RUVBL1,0.5836381
SPDYA,0.58361715
TAF8,0.58358026
PLCD4,0.58353895
TUBGCP6,0.58347464
SH2B2,0.583458
SRI,0.5834377
TERF2,0.58340937
SNAP47,0.58340126
STAT5A,0.5833559
TBC1D10B,0.58335096
UCK2,0.5832889
THOP1,0.58328843
SOAT1,0.58320004
SHISA5,0.5830723
SRP9,0.5830271
TMED3,0.5830157
SOCS5,0.5828898
RASSF8,0.5828544
APOL1,0.5827332
SFSWAP,0.5827307
STAT1,0.5827241
TIAL1,0.5826927
ZNF101,0.5826328
SEC11A,0.58262414
TRIM46,0.58253986
STK36,0.5825042
RPUSD4,0.58241856
SMARCAL1,0.5823696
RNF25,0.5823366
SKA2,0.5822826
SRP68,0.5822418
SMC5,0.58219516
SPTSSA,0.58218765
RENBP,0.582184
RNF111,0.5821639
TFDP1,0.5821239
TLE3,0.5820903
TBC1D8B,0.58204406
TIMELESS,0.58204144
SSH2,0.58203197
SEMA3F,0.58195543
TRRAP,0.5819058
SLC1A5,0.58183753
SRPK2,0.58183706
STAG3,0.5818283
THEM4,0.5817073
CYP7B1,0.5816783
SLC1A3,0.5815757
TYRO3,0.58156186
SNAPC2,0.5815163
RSRC1,0.58148813
WDR36,0.5814831
SZT2,0.58147657
TICRR,0.5814285
ST13,0.58131856
TGIF1,0.58131325
SEC61A1,0.5812907
TAOK1,0.5812445
RHOB,0.5812339
SV2A,0.5811083
TP53BP1,0.5810813
REXO1,0.58104795
SPIN1,0.58100355
SNW1,0.58099
TRAPPC5,0.5809832
PPFIA3,0.5809602
RRP1,0.5808793
SMG5,0.58084327
TRIT1,0.5808198
SSBP3,0.5808055
TAOK2,0.58078414
SNAP29,0.5806874
STOM,0.58063674
SCD5,0.58062035
RUVBL2,0.5806
RIPK1,0.5805822
TIMM23,0.580557
TRIM39,0.5804946
TBL3,0.58044815
SARM1,0.580379
TFAM,0.58031845
TAF4B,0.5802916
ASAH2,0.5802704
SYNGR1,0.58017653
SPPL3,0.58017427
SRM,0.58012426
WDR3,0.5801174
SUPT20H,0.57999253
TBK1,0.5799863
SPIRE1,0.57994634
SRSF5,0.57993555
SEMA5A,0.57993186
RHOQ,0.5798169
SH3GLB1,0.57980865
RHOU,0.579766
SEC13,0.5797062
ZNF429,0.5796797
RXRB,0.5796402
SMCHD1,0.5796295
RUSC1,0.5796227
RALGAPA2,0.5796202
RNF144A,0.5796141
SF3A3,0.57959455
SEC23A,0.57959056
SEMA6A,0.5795384
RPIA,0.57953614
SDC2,0.57952404
SMAP1,0.5794994
SRRM2,0.5793855
TERF2IP,0.57926065
SULF1,0.5792454
STRN3,0.57917845
VPS8,0.5791075
RIOK3,0.5790413
PTPN22,0.5790133
CX3CL1,0.5789874
ZNF774,0.57890683
SLC27A2,0.5788777
THOC1,0.5788286
CNGA1,0.57880753
SMS,0.5787564
PPP1R3D,0.5787147
TACC3,0.5787102
SENP5,0.5786895
SMARCA5,0.57868314
TK1,0.57866544
SIAH2,0.57862055
SUGT1,0.57861143
SYTL2,0.5785963
SEC31B,0.57858485
SORBS3,0.578558
MLPH,0.5785512
SENP8,0.57852143
PRPF31,0.578475
SRSF4,0.5782875
NRL,0.5782816
SLC27A1,0.5782343
TIMMDC1,0.57822555
SNRPA1,0.5782167
SUN1,0.5782162
ZNF251,0.5782046
TSR1,0.5781581
SLC35E3,0.5781536
TPCN2,0.57806104
SOCS3,0.5780561
TM2D1,0.5779331
SDC1,0.5778214
TNFRSF10D,0.5778187
SPTBN2,0.5776791
POGLUT1,0.5776778
TBC1D5,0.5776731
SNX4,0.5775767
TCERG1,0.5774466
SLC25A17,0.57741314
SRCAP,0.5773882
RBPMS2,0.5772779
TMEM187,0.57727325
SNRNP70,0.57726943
SIK2,0.5771689
SNCA,0.5770915
TAB3,0.57707965
RPP25L,0.5770751
TRAIP,0.57702
UBAP1,0.57699746
TPK1,0.5769248
PPIL4,0.5769193
SPG11,0.5768753
TSFM,0.576869
SURF4,0.57685643
NDUFAF1,0.5768246
SGK3,0.57677835
THADA,0.5766192
TGFBR1,0.5766071
ZNF140,0.5765218
SPR,0.57652086
SPSB1,0.5765085
ZNF221,0.57648396
SNRPA,0.5764723
TPMT,0.5764195
TROAP,0.57630295
RGL2,0.5762378
NEB,0.57619494
RIOK2,0.5761916
TEAD4,0.57618684
ZNF664,0.57611567
SLC9A1,0.57606137
SOS2,0.57604
SF3A1,0.5760264
TAF1D,0.5760035
TRIM6,0.575971
VAMP4,0.57593495
STT3B,0.57593435
SSX2IP,0.57590973
TPGS2,0.57590944
S1PR4,0.5758995
TOR4A,0.57587534
PTGS1,0.57583314
SOD1,0.57580554
TNFRSF10A,0.5758043
TTC12,0.575785
TFAP4,0.5757534
SRSF11,0.5757414
SERINC5,0.5756581
STRIP1,0.5756474
SLC35B2,0.5755897
TAF1C,0.57557195
STX17,0.5755529
TNS3,0.57552063
RPS6KA4,0.5755148
SMU1,0.5754349
UBAC2,0.5754143
STK3,0.5753949
SEC24A,0.5753386
TNFAIP8,0.5752784
RCAN3,0.5752726
SLC9A3R2,0.57513124
ZNF623,0.5751309
TANK,0.5751183
RNMT,0.5750811
SUMF1,0.57505846
TEAD2,0.5750167
NDUFAF4,0.5749941
SSR3,0.57499236
TADA3,0.5749909
SHPRH,0.5749048
UQCC2,0.5748909
RNASEH2B,0.5748336
UBA2,0.5748295
CASP1,0.57476294
TARS2,0.57474494
STK38,0.5747365
TCTN3,0.5747002
SHC1,0.5746725
SRSF10,0.57463247
TUBA4A,0.5745928
TRAPPC12,0.57458544
SNX2,0.5745818
RTCB,0.57453036
TNXB,0.57452255
SEC22C,0.5744766
SLC25A38,0.5744443
CYP27A1,0.57443064
SLC25A5,0.57442576
AP4M1,0.57438964
SHOC2,0.5743586
TRMT11,0.5743143
TEAD1,0.5742912
RCE1,0.574272
MAP1A,0.5742157
SERPINH1,0.57421386
TTL,0.5742108
PEX10,0.5741863
SSR1,0.574154
TNRC6A,0.5741374
UBAC1,0.57408744
SRP14,0.5740681
TUFM,0.5739027
RPL21,0.57378906
CD248,0.57374346
TAF6,0.5737226
RAP2C,0.57369024
SLC2A3,0.5736582
SPCS3,0.5736177
TLR7,0.573606
TIPRL,0.573576
USP7,0.5735586
UCHL5,0.57354546
TSPAN33,0.5734879
SKA3,0.57344294
ZNF71,0.57340175
STK24,0.57340014
USP45,0.5733927
REPS2,0.57326835
TAF11,0.57322127
SNX13,0.5730854
TNFRSF1A,0.57307154
TRAK1,0.5730481
TRIM44,0.57304287
ZNF302,0.57303894
TMED4,0.57302207
TBC1D20,0.57300717
TNFRSF10B,0.57298553
SMYD4,0.5729837
CARD6,0.5729685
SIRT3,0.5729128
TRIP12,0.57286274
ZNF555,0.5728569
TNFRSF12A,0.5728056
VPS18,0.5728022
SMG7,0.5727455
SNF8,0.57272625
TTF2,0.57266337
TMC8,0.57262397
ZNF530,0.5725844
TNRC6B,0.57253426
CDK5,0.5725319
BAG2,0.5724997
TFDP2,0.57245994
SEMA4C,0.5724452
TMEM70,0.5724441
TDP2,0.5723989
SPIDR,0.57238275
UBQLN4,0.5723566
TMED7,0.57234037
SIVA1,0.57229775
ZNF451,0.5722435
SART1,0.57218385
PIWIL4,0.5721703
ST3GAL1,0.5721623
TMEM126B,0.5720459
STX7,0.5720055
SSH1,0.5720014
SPRED1,0.5719859
TIMM17A,0.5719476
TRAPPC9,0.5719326
CD34,0.5718943
RRP36,0.57186425
SLC25A3,0.5718479
SPAST,0.571833
TRIB3,0.5718058
SH3KBP1,0.57177174
STEAP3,0.5717304
SPN,0.5717241
SNX8,0.5717082
SURF1,0.5716688
TIMP2,0.5715703
TRPC4,0.5715145
TAF5,0.57143307
TRADD,0.5714168
SNRNP40,0.57136273
TBCD,0.5713512
SLC35B1,0.57125455
TPRN,0.5712272
TARDBP,0.57116985
STAMBP,0.57115495
USP25,0.5711466
MMAA,0.5711348
STRN4,0.57110494
UGP2,0.5711046
ZNF430,0.57106614
VGLL3,0.57106173
UAP1,0.57102686
UBE4B,0.57102317
SSR4,0.57098675
RCAN2,0.5708172
RNF14,0.57081175
WDR83,0.5707195
ST3GAL2,0.57059795
ZDHHC8,0.57049334
TAF2,0.5704899
TGIF2,0.5704861
SUPT16H,0.57042503
STX6,0.5703287
YTHDC1,0.5702226
SNX33,0.57007205
TES,0.5700491
SUOX,0.5699646
TRAF3,0.56993914
RRAGC,0.5699227
STIM2,0.5699141
SLC25A26,0.5698922
MAP9,0.56989205
DUOX1,0.5698621
WDR43,0.5698393
SWI5,0.56982154
PTH1R,0.5698108
TPX2,0.56975466
STIM1,0.5697273
STAT2,0.5697216
ZFYVE16,0.56970733
TLN1,0.56968445
TGFBI,0.5695949
TLE4,0.5695821
TIMM8A,0.5695606
VPS25,0.5695585
TRAPPC2L,0.56951076
STUB1,0.5694954
TMED2,0.56942636
SHROOM3,0.5694089
TYW3,0.5693569
ZNF286A,0.5692984
AMT,0.5692551
TPI1,0.5692548
THOC2,0.5691695
TULP4,0.5690926
SEC23IP,0.56909114
BBS12,0.56908095
U2AF1L4,0.5690362
CLDN11,0.5689678
VPS54,0.5689676
TOP3A,0.56895566
MED11,0.56891257
SPIRE2,0.5688308
RWDD3,0.56876683
MYO15A,0.5687195
STT3A,0.5686823
SRPK1,0.5684992
ZNF480,0.56847817
TMOD3,0.56833273
UNC45A,0.5683288
PORCN,0.56828904
ZNF589,0.5682363
STIP1,0.5682207
STRAP,0.56821215
SNX17,0.5681984
ZNF567,0.5681662
NRN1,0.5681114
SOCS6,0.568053
TCIRG1,0.5680069
SEMA5B,0.5679997
TTI1,0.56797916
SYNRG,0.5679707
TNK2,0.5679192
SLAMF1,0.56786144
PSENEN,0.56785
SNRPD3,0.5678121
SSBP4,0.5677335
TRAPPC10,0.567624
TCF7,0.56761366
SLC4A2,0.56760204
PLCH2,0.5676004
RPL26L1,0.56758505
SPOPL,0.5675287
XRN1,0.5674966
RNASEH1,0.56746316
TBC1D2,0.5674206
SKIV2L,0.56739575
TAF3,0.56734395
SPDL1,0.56721085
SIAH1,0.56715554
VAC14,0.56711584
SRGN,0.5670848
CFB,0.56705564
UBE3A,0.56705254
USP19,0.5670236
TATDN2,0.5670232
TNKS,0.56701344
TBC1D4,0.5669896
KCND1,0.5669613
ZNF620,0.5669561
ZNF136,0.5669463
ZNFX1,0.56693286
TANC1,0.5668959
TUBGCP5,0.5668331
SUPT3H,0.56668854
TIPIN,0.56657964
TAP2,0.5664728
SUCLG1,0.5664505
TOM1,0.5664233
SNRPE,0.5664119
TOP2A,0.5663443
TNPO3,0.5663192
ZNF2,0.5661212
TTF1,0.5661052
UQCC1,0.56602585
TLN2,0.56592965
ZNF283,0.5658189
TSPAN14,0.5658171
TSN,0.5658111
TRIP10,0.5657988
VCPIP1,0.5657907
SOS1,0.56576425
SNAPC5,0.56573737
USP15,0.5656714
SNX3,0.5656618
RASGRP3,0.56566083
STX10,0.5655924
TBC1D14,0.56548876
TOR1AIP2,0.56544507
UBR4,0.5654331
SAT2,0.5654325
TMBIM6,0.56541723
STON2,0.5653781
ZYG11B,0.56536275
TXNRD1,0.5653597
TRAPPC8,0.56531596
SQLE,0.5652384
TBC1D24,0.56521165
ZNF124,0.5652113
ZNF721,0.5651423
TMSB4X,0.56508636
SLC44A1,0.56504446
TBL1X,0.56503487
TAF1B,0.56501234
TOR1A,0.5650066
TUBGCP2,0.56499696
SRPRB,0.5649868
ST6GAL1,0.5649743
USP20,0.56496364
WLS,0.56495553
TRPC6,0.564834
RPS6KA5,0.56483376
SF3B5,0.5648237
USO1,0.56482327
TMEM107,0.56479114
ZNF641,0.56476307
RHBDF2,0.5647178
TRAF3IP2,0.5647029
TAX1BP1,0.5646995
VKORC1L1,0.56469095
TRPC4AP,0.56466585
SPOP,0.5645543
TOMM7,0.5645409
TRPS1,0.5643824
WSB2,0.56436723
UQCRQ,0.56430316
URM1,0.5642941
TRPM7,0.56417376
TKT,0.5641619
SMARCAD1,0.5641374
STARD10,0.5640812
ZNF670,0.56403387
ECE2,0.5639329
THAP4,0.5639084
WASL,0.5637412
TRAP1,0.56372803
SUPT6H,0.5636718
TRAF3IP1,0.5636563
THUMPD1,0.5636021
SEC61B,0.563575
UBE2F,0.56353337
SPAG5,0.56353086
PSMA2,0.5634444
TFB1M,0.5634327
TRIM37,0.56337667
UBR1,0.56332153
ZFPM1,0.5631457
SLC15A4,0.56294143
ZNF254,0.56291884
STK35,0.5629172
WDR59,0.56287843
TMPO,0.56284213
UIMC1,0.56281555
PTPRO,0.5627429
TPST1,0.5627114
TMED1,0.56264913
PPP2R3A,0.56261486
TRUB1,0.56260127
TAF5L,0.5625102
ZBTB7B,0.56250674
WBP1,0.56245136
TAP1,0.56235003
TCTN1,0.56215936
TAF4,0.56214935
TRAFD1,0.5621235
SSU72,0.5620966
ZNF200,0.562024
YBX3,0.56191534
SUMO1,0.561867
WDR4,0.5618564
UROD,0.561838
ZC3HC1,0.56182146
ZNF182,0.5617793
TGM1,0.5617289
TRIM3,0.56169575
TEX264,0.5616849
TRAF2,0.56165165
MYLK4,0.56163275
MST1,0.56159854
UNC119B,0.5615901
TEAD3,0.56145567
ZNF394,0.5614483
TUBA1B,0.5613348
SUPT5H,0.5611801
UBE2G2,0.5611539
TONSL,0.56115377
TRIP4,0.5611518
TRA2A,0.5611449
TMED5,0.5611226
STX16,0.5611161
TPCN1,0.5610996
TP53RK,0.56107485
TBXAS1,0.56092256
KCNH2,0.5609151
TAB1,0.5608756
OPRL1,0.5608347
ZNF79,0.56079215
VPS52,0.56079125
SORBS1,0.5607498
USP9X,0.560745
RGCC,0.5606542
UBE2E3,0.5606452
UBQLN2,0.56059915
ZBTB8OS,0.5605973
VPS4A,0.5604925
STARD4,0.5604368
SYMPK,0.5604314
WDR5,0.56040174
TXK,0.5603616
TSC22D3,0.5603298
SHARPIN,0.5602905
ZNF33A,0.56027055
PYCARD,0.560262
TMEM179B,0.5602487
WDR75,0.56018907
TOP3B,0.560151
TYW1,0.560133
UBA6,0.56011665
UPRT,0.56009173
WDR48,0.5600747
DLL1,0.56004125
DCN,0.5599942
VMA21,0.5599617
ZNF300,0.5598848
TBCC,0.559811
TAF7,0.5597895
UBAP2L,0.55971617
WWC1,0.55967915
TUBB4B,0.55967164
PMM1,0.55962306
ZNF112,0.5595931
RNF128,0.55959153
SUPT7L,0.55956143
VPS37C,0.5595403
WDR35,0.55950135
SPTLC3,0.5594877
SYF2,0.5594731
UFL1,0.55942833
PER2,0.55933124
STK39,0.55932754
TUBB,0.55931
ZNF701,0.55922025
UBE2Q2,0.5591692
UST,0.55916446
TRIM2,0.5591383
SIPA1,0.5591118
TJP1,0.5590374
UBE2M,0.55901164
STX18,0.5589977
UGGT1,0.558997
XPO7,0.5589575
SNAPC4,0.55892634
SAT1,0.5588464
UBE2D1,0.5586741
TRA2B,0.55865484
RAB42,0.55856526
ZNF552,0.55855834
ZNF18,0.55844265
TTYH3,0.5584204
TRIM26,0.5583964
UNC5B,0.5583473
ZDHHC7,0.55828303
YWHAH,0.55826217
WRNIP1,0.5581788
TDP1,0.5581691
VTI1B,0.55815053
TRIM23,0.55812263
UNK,0.5580598
ZNF638,0.55805755
ZKSCAN1,0.5580501
ZNF684,0.5580144
UBE2E2,0.55797094
TOPORS,0.5578878
SYNCRIP,0.5578276
TUBB2A,0.55778295
SOCS7,0.55776274
SRRT,0.5576879
USP48,0.55768776
CHST7,0.557657
TTC7B,0.5576491
WDR77,0.5574679
RHOBTB2,0.55746317
ZNF248,0.55743366
WWP1,0.5574249
RAP2B,0.5574206
WDR6,0.55740005
SRA1,0.5573724
UBE2G1,0.5573274
ZNF253,0.55727595
UBA1,0.5572294
SMARCA1,0.55714613
UGCG,0.5570892
U2AF2,0.5570638
RDH10,0.557023
KTI12,0.55698395
TOB1,0.5569742
UBC,0.556899
UCKL1,0.55681574
HSPA6,0.5567987
UBXN7,0.5567913
SPSB2,0.5567636
SLC7A7,0.5567488
TCEAL1,0.5566571
TRIM22,0.55650806
UCK1,0.55645734
WAC,0.5564529
ZNF426,0.55640256
ZNF770,0.55638766
UBE2R2,0.5563744
VAMP1,0.55623126
TRIP11,0.55617917
PTGER4,0.55616724
TRPC1,0.556037
TMEM97,0.55600053
SARDH,0.5559981
TPT1,0.5558929
ZNF493,0.5558458
RIN1,0.55574954
RTKN,0.5557209
TXNIP,0.5557156
RRM1,0.5556987
VPS28,0.5556657
STC2,0.5556238
STOML2,0.5555908
WBP11,0.555535
TIMM13,0.55548805
WDR33,0.5554822
UBE2T,0.55528903
PBLD,0.555279
UBQLN1,0.5552748
TELO2,0.5552166
STX4,0.5552023
SMPDL3A,0.55503726
CLEC7A,0.55500925
UBA52,0.55500716
ZNF100,0.5549923
WDFY2,0.55498177
UBA7,0.5549474
UBXN6,0.5549204
WIPF2,0.5549078
SPCS2,0.5548978
TP53INP1,0.5548528
USP33,0.55480915
ZNF160,0.5547913
SUMF2,0.5547624
TRIM56,0.5547429
SEMA4B,0.5547178
ZNF143,0.5547149
TPM1,0.554535
TYSND1,0.55449855
XPR1,0.5544911
UBE2J1,0.5544553
TICAM1,0.554439
SYNE2,0.5544242
STX5,0.55440587
TEX10,0.5543897
UNC119,0.5543745
SMYD5,0.5543597
ZNF274,0.5542974
ZDHHC9,0.55423605
VPS41,0.5541462
ZNF586,0.5540755
RAC3,0.55405223
TRAPPC4,0.55400425
PCDHB10,0.5540007
SRSF7,0.5539559
WNT5B,0.55385184
UTP18,0.5537504
UBE2S,0.5537376
UBA3,0.55372965
VPS37A,0.55353403
USP37,0.5534911
USP28,0.55337054
WDR41,0.55325496
TNPO2,0.55319977
ZNF107,0.5531901
WDR55,0.55313486
ZFC3H1,0.55311304
XPOT,0.5530537
YARS2,0.5530178
SYDE2,0.55296624
SERPINB9,0.55292356
ZMAT2,0.55276513
TSEN2,0.5526455
TSNARE1,0.55262256
TMED10,0.55257094
UBE2E1,0.55256206
THY1,0.55255646
TIA1,0.5524663
XRCC4,0.5524327
WDR70,0.5523862
WDR46,0.5521821
ZNF211,0.5520591
TXNL1,0.55204326
TUBGCP4,0.5520155
ZNF808,0.55196863
TCF7L1,0.55193347
UHRF2,0.55186766
ZC3H13,0.551817
U2SURP,0.55181473
UBE2D3,0.55179715
UBE2L6,0.55177075
UBE2V2,0.5516613
USP6NL,0.5516246
WSB1,0.5516083
TST,0.55155337
VCL,0.5514316
TUBA1A,0.5513242
TOMM34,0.55118173
TWF2,0.55104595
UFM1,0.5510195
TRAPPC6B,0.55095315
TRUB2,0.5509371
USP47,0.55082136
STARD3NL,0.5507659
MPP1,0.5507397
WDR11,0.5507233
TNPO1,0.55064476
STARD8,0.55061626
TNIP2,0.55048287
ZRANB3,0.5503781
ZNF461,0.5503612
VPS53,0.55032575
VPS26A,0.5502201
WNK1,0.5501645
UBE2H,0.55010265
SPSB3,0.5500621
TESK1,0.5500398
SLC5A6,0.5500388
SMC2,0.55002666
ZNF224,0.54996246
WASF2,0.5499362
WASF1,0.549902
TADA1,0.5498864
C5,0.54988265
TRERF1,0.5497281
ZNF7,0.5496522
YRDC,0.5496502
SLAMF7,0.5496164
ZNF180,0.5495124
ZRANB1,0.5495034
ZFYVE26,0.5494702
ZNF510,0.54946
SH2B3,0.5493538
TRMT6,0.5493503
USP3,0.54929644
WNT2B,0.5492924
PELI3,0.54916656
TRAF4,0.5491469
RPP40,0.54909456
CYSLTR1,0.5490673
TDRD7,0.5489173
TMEM258,0.5486924
USP49,0.54856753
PNPLA7,0.5485648
TOMM20,0.5484666
XPO5,0.5484501
ZNF207,0.54832757
TTBK2,0.54831624
UPF1,0.5482823
TUBG2,0.54828054
USP1,0.54826283
SLC12A2,0.5482447
SEC23B,0.54818493
ZNF57,0.548138
YIPF2,0.5480883
UBE2Z,0.5480252
SYNGR2,0.5479252
USP39,0.5477466
USP10,0.54772526
TRIOBP,0.54769796
YEATS2,0.5476557
ZNF41,0.54762274
TBKBP1,0.54760724
USP32,0.5475738
EXOC3L1,0.5475643
ZNF84,0.54754835
TOMM40L,0.5475324
WDR19,0.5474813
UBE2A,0.54740304
IL17RB,0.54735947
TGS1,0.5473458
TEK,0.5473393
STAT4,0.5473324
TTC21B,0.54728997
TUBB6,0.5472556
WDR37,0.5472457
ALS2CL,0.54712135
PEX12,0.5470911
UBE2W,0.5470647
SYVN1,0.5470464
TOB2,0.5470401
USP12,0.5470236
USP5,0.54695076
ZNF592,0.54687506
SUPT4H1,0.54680616
YIPF6,0.5467889
SSB,0.5467717
UQCRC1,0.5467385
TNIK,0.5467278
TRMT61B,0.54669714
TTLL12,0.5466915
ZNF133,0.5466494
XRN2,0.5466369
XPO4,0.54652727
TERF1,0.54649496
AGMAT,0.54648507
TARBP2,0.5464759
ZNF44,0.54642546
TFIP11,0.54641104
XRCC2,0.5463543
TUBGCP3,0.54633856
UTP23,0.54632556
UPF3A,0.54628974
USP34,0.5462828
ZNRF2,0.5461599
TINF2,0.5461397
TIAM2,0.546062
WDR18,0.54604226
SRP19,0.5460388
UNG,0.5459792
UGDH,0.54595685
ZNF462,0.54594225
ZNF10,0.545911
TSPAN5,0.5458409
SURF2,0.5457245
XAB2,0.5456894
ZNF506,0.5456615
TRIM62,0.5456133
NGFR,0.5455977
ULK2,0.54558384
BEST1,0.54558194
VPS11,0.54551524
UBXN1,0.54550415
ZNF621,0.54549235
TXN2,0.5454207
TUBA1C,0.5453903
SNRNP35,0.54538137
UBE3B,0.54536605
ZKSCAN7,0.54526037
WDHD1,0.5452443
TRMT1,0.5452387
ZNF266,0.5451196
TTC27,0.5451038
TCTN2,0.54498965
UCP2,0.5449528
ZMPSTE24,0.544885
TJP2,0.5448697
XRCC5,0.54464245
WBP2,0.5446043
UPF3B,0.54449165
ZNF711,0.54445887
ZCCHC7,0.54434717
ZFAND6,0.5443267
TECR,0.5442478
SEPHS2,0.54409075
BHLHE41,0.5440795
ZNF778,0.5440463
THAP1,0.5440038
WDR45,0.5438445
PLEKHG6,0.54380906
TEP1,0.543666
UVRAG,0.54350585
SNRNP27,0.5434881
TM2D2,0.54347116
ZNF431,0.5434289
TMEM30A,0.543269
ZNF235,0.54326797
COL5A3,0.54318535
SH2D3A,0.5431704
UNC13B,0.54313916
UVSSA,0.54310536
TRIM69,0.5430821
UNC13D,0.5430316
XPO6,0.5430169
TFB2M,0.54284537
ZNF282,0.5428004
UBIAD1,0.54273754
RASGRF2,0.5426118
ZC3H15,0.54254043
TXLNA,0.5425194
ZMIZ1,0.54246753
VEGFB,0.5423828
SLU7,0.54222393
ZNF337,0.54215485
SGSM3,0.5421377
USP14,0.5420971
RIPK2,0.5419864
TGOLN2,0.5419724
SPAG7,0.541964
THAP7,0.5419579
UBE2D4,0.54187876
TAF12,0.54177743
LHX6,0.54175735
UBE2K,0.5417244
UBXN4,0.54166645
ZMYND11,0.5416611
ZFP36L1,0.54165846
TPRKB,0.54161006
VAPB,0.5414886
ZNF131,0.5413436
ZNF320,0.5412607
SVIP,0.54122776
SLC35D1,0.5411679
TCEA2,0.54111654
TMEM214,0.5410743
ZMYND8,0.5409836
UHMK1,0.5408822
UQCR10,0.5408815
TRAPPC3,0.5407978
YAF2,0.54074955
ZNF529,0.54073167
TNFSF13B,0.54050076
TMED9,0.54046136
UBL4A,0.54044735
ZNF212,0.5403327
TNFRSF21,0.54030365
ULK1,0.5403019
SMAD9,0.54026455
SGCB,0.5402575
ZNF496,0.5402564
SMPD2,0.5402015
UQCRC2,0.5401449
TBC1D17,0.5400207
TTC5,0.53995943
ZNF562,0.5398917
ZMAT3,0.53987044
ZNF354C,0.53982294
WIPI2,0.53975326
VDAC2,0.5397396
ZW10,0.53970194
VGLL4,0.53964496
LRP2BP,0.53960735
ZFP36L2,0.5395874
ZNF766,0.5394742
TAGLN,0.5392851
SEMA4A,0.5392829
HSD11B1L,0.53927916
WBP4,0.5392326
SPARCL1,0.53921604
ZNF250,0.5390972
PANX2,0.5390842
ZNF516,0.5390587
SLC27A4,0.5389991
GIMAP8,0.53892547
WDR62,0.5388779
TRIM13,0.5386327
ZNF195,0.53863204
ZNF398,0.5385815
TMEM216,0.5385502
TRPV2,0.53850675
SPTBN4,0.5383112
WHAMM,0.53830606
VMP1,0.5381584
VPS51,0.53803426
ZNF678,0.5379836
ZNF33B,0.5379295
TET2,0.53788114
WDFY3,0.5377768
STX2,0.5377377
TXNL4B,0.5377202
CHRD,0.5376418
YTHDF1,0.5376175
UBXN2A,0.53758556
XYLB,0.53752387
UQCRH,0.53739977
TECPR1,0.53737605
TRAM1,0.5373294
VAMP2,0.5373106
ZNF32,0.5372006
TSPYL2,0.53705555
CLIC3,0.5370463
WDR61,0.53702784
ZNF823,0.5370227
SPICE1,0.5370084
UTRN,0.53685725
ZNF783,0.53682363
CISH,0.5367843
TSNAX,0.53655916
WDR1,0.5364799
NDST2,0.5363825
WDR81,0.5362562
ZWILCH,0.5361215
ZNF333,0.5360955
SYT7,0.5360015
CLDN23,0.53596455
TRIM14,0.53585964
TNFRSF11B,0.535386
CSTA,0.535239
SLC39A4,0.53523177
ZFPM2,0.53522813
ZNF445,0.53519046
ZNF385A,0.5351247
ZNF710,0.5349859
VDAC1,0.5349574
UFC1,0.53494674
ZNF780A,0.5348194
ZKSCAN4,0.53456855
ZYX,0.53452307
TMEM50A,0.5343175
TBC1D16,0.53407973
TNFRSF25,0.53407115
LRRC6,0.53407097
VASN,0.53400356
TM7SF2,0.5338995
YME1L1,0.5338908
ZNF92,0.5338377
VCP,0.53381836
UROS,0.53381085
SARS2,0.5338049
CETP,0.5337626
ZNF680,0.5337007
TRAPPC6A,0.5336622
YOD1,0.53364545
SETMAR,0.5335871
TADA2B,0.53352517
ZNF674,0.53347033
SLC18A2,0.5330724
VAPA,0.5330691
VPS36,0.53305954
VASP,0.5330471
STX8,0.53299636
WWP2,0.5329612
ZNF354B,0.5329479
SLC35A1,0.5328209
ZIK1,0.5327357
UBE2J2,0.5326355
TAF1A,0.53251725
UXS1,0.532404
ZNF234,0.5323989
ZNF587,0.53212386
UBN1,0.5319907
UBE2Q1,0.5319656
ZNF76,0.5319279
TAF9B,0.5318656
UBE2I,0.5317665
WDR91,0.53146327
GAB3,0.53128046
STAP2,0.53124756
VTA1,0.53109896
SPAG4,0.5310928
TRO,0.5308398
VRK1,0.5307746
ZNF227,0.53063756
ZNF546,0.53053814
TRMT5,0.53047454
YIPF5,0.53041816
TRMT10C,0.5302177
FDXACB1,0.5301277
VPS4B,0.530123
TLR6,0.5300887
TUBG1,0.5300141
GBP5,0.5299259
ZDHHC17,0.5298745
TIMM44,0.5297609
TDG,0.52974796
ROBO3,0.52973604
UMPS,0.52972966
ZFR,0.52959645
USP24,0.5295286
ZNF91,0.5294891
UBFD1,0.52948606
RAG1,0.5294742
FUT2,0.5294722
FOLR2,0.5293876
TSSC4,0.5293822
SIRT2,0.5289136
UBE4A,0.5288979
TOLLIP,0.52887845
ST14,0.52886546
CEACAM1,0.52876085
ECM1,0.5287106
TP53BP2,0.52863747
ZNF708,0.5285901
ZNF714,0.528536
ZNF326,0.52829653
CMKLR1,0.5279305
RMDN2,0.52782106
ZP3,0.5276633
ZNF626,0.52744853
SHPK,0.52722716
GGT5,0.5271354
TSG101,0.5270925
VCPKMT,0.5270544
ZMIZ2,0.5268098
UQCRFS1,0.52666223
ZNF765,0.52659196
ZNF175,0.5265397
CXCL16,0.5264761
ZNF526,0.52645874
VPS26B,0.5263396
MSR1,0.5263058
TYK2,0.52606255
ZNF593,0.52587414
VAT1,0.5258341
ZER1,0.5256959
ZNF440,0.5256761
TRPM2,0.52564335
ZCCHC4,0.52561134
YKT6,0.52558094
ZNF3,0.5255157
WEE1,0.5254894
ZNF528,0.5254229
USP42,0.5254223
YTHDF2,0.52529144
TUBB3,0.52524185
WDR26,0.5251012
TEFM,0.52506715
ZNF43,0.5249995
ZNF45,0.5249952
ZNF791,0.5249267
TBC1D10C,0.52492124
UBTF,0.5248705
UQCRB,0.5248292
ZNF814,0.5245895
YWHAB,0.5244906
THAP11,0.5244628
STRADB,0.52445835
USP11,0.52442443
TBC1D10A,0.5243509
ZNF550,0.52426517
ZBTB17,0.5242155
UBE2B,0.52403164
VRK3,0.524016
USF2,0.5239519
CD4,0.52382696
ZNF691,0.52371246
WDR82,0.52369875
ZKSCAN5,0.52366066
GIPR,0.52358973
ZFP90,0.52350545
ZFP36,0.5234726
ZNF544,0.5232529
USP16,0.5231853
TTC30A,0.52258146
VIPAS39,0.5225564
ZNF219,0.52254
TNFSF10,0.5224927
UNC93B1,0.5224776
VAMP8,0.52193195
GPER1,0.5218116
SYNJ1,0.5217095
URB2,0.52163595
UBE2O,0.5214497
ZNF692,0.52135974
BTC,0.52133656
XBP1,0.52121353
ZNF519,0.52116024
TXNDC12,0.5211334
ZWINT,0.5210805
ZFP1,0.5209411
YPEL5,0.5208819
TRAF5,0.520731
UTP6,0.52067226
XYLT2,0.5204904
SLC25A14,0.52041006
ZNF74,0.5203788
SIRT5,0.520378
ZNF284,0.52023005
TRIAP1,0.5201693
VPS37B,0.5201281
PPFIA4,0.52004427
SCIN,0.5198407
VANGL2,0.51980895
ZNF83,0.51973975
UFSP2,0.5190316
ZSWIM7,0.5189634
USP46,0.5187219
ZNF700,0.5187082
WRAP53,0.51863235
USP21,0.5184799
TMEM147,0.5183428
VPS39,0.5183393
TRIM21,0.518311
UBLCP1,0.51819134
ZNF420,0.5181756
ZNF500,0.5181011
ZFYVE27,0.518005
SMG8,0.51797223
VPS35,0.5178186
ZC3HAV1,0.51761466
TRIM36,0.5175708
ZNF304,0.51754165
TRAPPC11,0.51695836
SLX4,0.51694375
ZNF81,0.5166902
ZBTB33,0.5166487
TWF1,0.5164811
SLC7A8,0.51647514
SLC44A4,0.51624066
ZNF622,0.5159588
SYDE1,0.5157379
ZNF256,0.5156088
ZNF611,0.51557195
SYTL1,0.5154723
CPLX1,0.51533395
RILP,0.51513153
SLC2A8,0.5150475
SPATA2,0.5149983
SNTB1,0.51480293
ZNF841,0.51468265
ZNF543,0.5145806
FPR1,0.51434267
TMEM186,0.51397204
FCER1G,0.51391494
WARS2,0.513263
UNC5C,0.51302314
YIF1A,0.51299983
ZNF155,0.5127811
VPS33A,0.5127168
ZNF90,0.51200825
TSEN34,0.51162815
TSPAN12,0.51161736
HEY2,0.5112769
TTC26,0.51089704
ZNF564,0.5108197
UTP20,0.51048094
ZNF548,0.5100119
TXLNG,0.5099244
SLC44A3,0.5097995
ZNF776,0.5097296
XYLT1,0.5090822
CHRNA10,0.5090326
YIPF4,0.5087636
TCN2,0.50863266
SFN,0.50843835
ZNHIT1,0.50818604
ZNF264,0.5079241
ZNF517,0.5076001
S1PR1,0.507368
SEZ6L2,0.50712514
ZFYVE9,0.5067503
PEX11A,0.50669116
HOPX,0.50643617
TP53I3,0.50611746
ZNF780B,0.5061095
ZDHHC2,0.50608057
S100A3,0.50601333
TXNDC16,0.5057509
TGFB1I1,0.50551116
UTP3,0.50537294
ZNF566,0.5053105
ZNF317,0.50529104
ZKSCAN8,0.50524527
CALCRL,0.5046962
ZFP30,0.50458235
ZFP14,0.504429
SPON2,0.5036222
ZNF419,0.5033131
TXNRD3,0.50326014
SEMA6C,0.502776
SLC22A17,0.50224304
ZNF318,0.5021577
PEX11G,0.50203407
PTGER2,0.5018746
TM6SF1,0.5016717
GNLY,0.5014917
ZNF141,0.5012254
ZNF273,0.5011888
TRIM38,0.50117624
GSDMB,0.50108504
UBOX5,0.50012726
DPP4,0.49996316
ZNF793,0.49979386
INHBB,0.49971917
ZNF687,0.49962977
IL1R2,0.49950933
ZNF605,0.4992901
ZNF607,0.49926805
ZNF768,0.49919003
ZNF324B,0.49906442
ZNF473,0.49815202
ZDHHC21,0.49810204
ZNF34,0.49786383
UQCR11,0.49764827
NT5E,0.4973672
ZNF347,0.49707907
SRD5A3,0.49692118
ZNF350,0.49649438
FBXL22,0.49648097
ZNF12,0.496243
UTP14C,0.49582034
WASF3,0.4956851
SPATA2L,0.49554357
B3GNT8,0.49459568
RNF113A,0.49450192
ZNF549,0.49394253
ZNF813,0.493914
SLC30A4,0.49388576
ZNF846,0.49301723
ZNF649,0.49256566
ZNHIT3,0.4925099
ZNF561,0.49221665
SGPP2,0.4922111
AAR2,0.49213314
ZNF189,0.4920322
ZNF699,0.49156386
TAF6L,0.49147147
ITGB3,0.49136496
ZNF26,0.49101004
TLR3,0.49086753
PCDHB3,0.489539
ZNF573,0.48898044
ZNF197,0.48886007
ZNF267,0.48868573
WDTC1,0.48832238
TBP,0.48773035
ZNF738,0.48734868
RASD2,0.48666468
CYP2J2,0.48644805
TAF13,0.48639983
IL18R1,0.4862499
IL17RE,0.48552322
VLDLR,0.48551878
TFAP2E,0.4850739
DES,0.4846272
PDE4C,0.4844334
DISP2,0.4839478
VCAN,0.4818869
TFAP2C,0.48167783
GCNT4,0.48118174
ZNF485,0.48032823
UAP1L1,0.47992742
UCHL3,0.47942343
MAOB,0.4789408
CYP3A5,0.47862503
ZNF527,0.47848967
UTP14A,0.47811642
ZNF443,0.47642374
ZNF202,0.475598
CYTH4,0.47503093
ALG2,0.47448283
EIF4E3,0.47369334
LILRB2,0.47350833
TRIM68,0.47329113
DHDH,0.47326687
TRIM41,0.47231463
ZNF135,0.47037956
RPP21,0.4703726
TACO1,0.46990326
CEL,0.46953604
MS4A6A,0.46804592
YIPF1,0.46747777
ZNF585B,0.46701232
ZNF486,0.4657722
TRPV4,0.46509573
LAT,0.46108937
ZNF416,0.45925003
ZNF423,0.45902085
SERPINF2,0.45828456
ZNF490,0.45741078
USHBP1,0.45702133
ZNF14,0.45621312
TNFSF13,0.4558623
NLRP3,0.4541734
RUNDC3A,0.45320785
ZNF558,0.45297706
SGIP1,0.45270905
LTF,0.45196384
RHOJ,0.4489435
WTIP,0.44785658
ZNF773,0.4447737
ZNF557,0.44333193
ZNF439,0.44285682
RORC,0.44009745
RNASE1,0.4390734
RAB36,0.4378189
ZNF467,0.43759242
PSD,0.43757352
POSTN,0.43669036
MMP28,0.4315256
SLC4A11,0.43113256
CCR1,0.43009552
ZNF17,0.42480758
ZNF19,0.42411265
ZNF433,0.42387927
ZNF585A,0.42321283
ZNF677,0.42015526
ZNF468,0.4162216
ZNF222,0.41615352
SWSAP1,0.41534337
WDR5B,0.41455364
TRIM45,0.41419804
S100A9,0.41322646
IZUMO4,0.4122725
ZNF671,0.41219336
ZNF415,0.41056564
SLC40A1,0.40836963
MYH3,0.40758285
RAMP3,0.40420544
SERPINB8,0.40118015
SRPX2,0.3967525
VPS37D,0.39572212
ZNF830,0.38781407
ZNF225,0.3855207
PLXNB3,0.38494784
ZNF470,0.37579936
ZNF615,0.37523398
MAGEH1,0.37452295
ZNF772,0.37177238
TGFB3,0.3698347
TLR4,0.36908045
PDE1B,0.36801323
TMEM176A,0.3672208
ZNF709,0.36270455
ZFP69B,0.36060095
ZNF569,0.3582348
TMEM17,0.35748118
STX11,0.35724244
ZNF790,0.34448597
RDH5,0.34265006
WDR31,0.34252572
WNT9A,0.3253527
TUBA8,0.31900272
THSD1,0.27600226
STAC3,0.269955
RASL10A,0.2589481
ZNF442,0.23747864
ZNF69,0.23565547
ZNF132,0.21041153
RGS4,0.2022498
RIPK3,0.16085799
SLA,0.14436758
TNFRSF10C,0.109324135
