Gene Name,Score
PKM,0.9873756
RPL41,0.98727894
SMYD3,0.98591506
RPL27A,0.98429453
RPS2,0.98341656
RPS6,0.9812936
TEAD1,0.98042184
TKT,0.97736657
RPL3,0.97621524
TMSB4X,0.9748429
RPL13A,0.9725582
XRCC5,0.96632874
SRRM2,0.9602739
PDE4B,0.9601035
RPL15,0.9597741
YBX1,0.95519525
RPS8,0.95098025
PGAM1,0.95058787
TXNRD1,0.9494287
RPS9,0.947197
GAPDH,0.94295144
RPS4X,0.9329926
RPL8,0.9323608
UBE2E2,0.9266131
SCD,0.92266804
RPS23,0.92173463
RPS29,0.92152613
TPI1,0.92092365
RPL23,0.9151732
PRKCA,0.91476566
PFN1,0.9144831
RPS17,0.91249603
RPS19,0.9074034
ZMIZ1,0.906335
SERBP1,0.8988826
SREBF2,0.8949537
WNK1,0.8938236
PTPRJ,0.892776
RPL11,0.8924549
RPL37,0.887515
PTK2,0.88654816
PTMA,0.8837522
UBC,0.88332367
SMARCC1,0.88118327
YWHAZ,0.88090473
ZFR,0.88070506
RPL19,0.87784404
TNS3,0.8774268
PTPN14,0.8767432
SPTAN1,0.8766731
EEF1A1,0.8759456
RPL32,0.8735547
RPL6,0.86957896
SLC7A5,0.8652946
UBE2H,0.8635456
YWHAQ,0.86176133
HMGA1,0.8615859
VMP1,0.85822177
UBA52,0.85332733
HNRNPC,0.85308105
RPLP2,0.8505834
RAN,0.8497624
TPX2,0.84873635
SEMA3C,0.84767896
SLCO3A1,0.84641427
SLC25A3,0.8451673
HSPA8,0.8410924
NFIA,0.8405878
RPS11,0.8395016
MYO10,0.8388094
PRKDC,0.8364967
WDR70,0.83624876
ZCCHC7,0.8358555
HNRNPA1,0.83355933
TMBIM6,0.83310354
UBE2D3,0.8307569
USP22,0.8303802
RPS5,0.83007723
EEF2,0.82406837
UBA1,0.82325494
PALLD,0.82198954
SSBP3,0.82003325
RTN3,0.81736505
SSH2,0.81490844
PSAP,0.8138136
FTL,0.8134199
TNRC6A,0.812668
TRIM28,0.8126327
NCL,0.81211853
PPP3CA,0.8119233
ZNF207,0.81040746
TRPS1,0.81018406
RPSA,0.8076771
RPTOR,0.8076653
USP34,0.80574363
PPP6R3,0.80419457
SMG1,0.80415124
RPS15,0.8038342
EEF1G,0.8023108
SAE1,0.80169505
RPS27,0.8011821
UBE2K,0.80016226
NAP1L1,0.79971415
RPS15A,0.7986607
RERE,0.7982211
USP48,0.79787976
UBR4,0.7947858
RPS12,0.794478
PDE7B,0.791701
SBF2,0.789637
RBFOX2,0.7896049
VAV3,0.78910804
UBAP2L,0.7887413
UBAC2,0.7875351
RPL7A,0.7865385
RPL23A,0.786409
RPS16,0.78627354
SPTBN1,0.7851288
UST,0.7835055
RCC2,0.7827975
MECOM,0.78103876
USP9X,0.7799835
PTMS,0.7797762
PARD3,0.7782458
SRPK2,0.7754106
PDE1A,0.77529585
WASF2,0.7739907
PLEC,0.7732012
TNPO1,0.77291447
SRP9,0.77082366
RPS27A,0.770806
MDK,0.77041
TRA2B,0.7697116
WDR1,0.76851755
PUM1,0.7641735
WAC,0.7633774
RBM39,0.7629034
TULP4,0.76254076
VDAC1,0.7624621
TOMM20,0.7618359
NIPSNAP1,0.761504
SRSF11,0.7576281
SLC2A1,0.75657386
UCK2,0.755496
TRAP1,0.7537025
RPS18,0.7515404
PTBP1,0.75127006
SQSTM1,0.75025606
ROBO1,0.749588
SGMS1,0.74864304
SNRPB,0.74846053
PAICS,0.7464654
PIP5K1A,0.74595946
SIK3,0.7436784
RTN4,0.742345
GALNT2,0.7416768
UBE2R2,0.74081904
SH3RF1,0.7394413
XPO6,0.73851275
SLC39A1,0.738041
SRSF1,0.7379584
VIM,0.7373693
POLA1,0.7340639
YWHAG,0.7338954
STT3B,0.73362195
NONO,0.7301306
RPL10A,0.72975224
TUBA1C,0.72874206
TPM1,0.72781396
UBE3C,0.7278069
NR3C1,0.72690666
UBE4B,0.726501
RDX,0.72587854
TBC1D5,0.7255967
KANSL1,0.72535056
SLC25A5,0.7245217
MBNL1,0.72425634
TRAPPC9,0.72335666
HNRNPH1,0.7223266
RPL28,0.7217254
RNF220,0.72001797
VCL,0.71948266
RPL26,0.71778667
MATR3,0.71602416
FTH1,0.71558136
ZNF638,0.71482396
SLC7A11,0.7146277
HSPD1,0.7142435
YAP1,0.713957
ZNF131,0.71357816
VCP,0.71346396
SPATA5,0.7132026
USP10,0.7129679
SPIDR,0.7126274
HNRNPU,0.7122705
SSBP2,0.71226156
RPL29,0.7111698
SF3B3,0.71004784
PPP2R1A,0.710014
TUBA1A,0.7100004
TOP2A,0.7085191
TARDBP,0.7084911
SEC11A,0.7082345
UBE2E1,0.70673764
TANC1,0.7062132
GSE1,0.7053657
TPD52,0.7034336
HDAC4,0.7027084
NIPBL,0.700033
RICTOR,0.69970095
PDE3B,0.69968575
SCMH1,0.6980615
RBBP4,0.69763887
PHF20,0.6971206
VAV2,0.69709706
TRIP12,0.6970965
SH3PXD2A,0.6957275
SRSF4,0.6955078
TBL1X,0.6953557
HDLBP,0.69521105
TFDP1,0.69497615
SERPINH1,0.6943066
SETD2,0.6942649
RPL35A,0.6940868
TBCD,0.69283944
POM121,0.692682
PRDX1,0.69141567
RALY,0.6911595
SLC3A2,0.68770283
MEIS1,0.6876931
TMPO,0.68757176
HUWE1,0.68645686
PKP4,0.6854908
SF1,0.68517387
SNRNP200,0.6848191
RASAL2,0.684632
RHOBTB3,0.68405133
MYL6,0.68398374
RPL27,0.6831957
ZFP36L1,0.6829847
SPIN1,0.682154
RPN2,0.6818391
WDR33,0.68094975
PSPC1,0.68050164
ROCK2,0.6804852
RPS6KA2,0.6803086
RBMX,0.68028694
TUBB4B,0.68026125
OBSCN,0.680227
SNX5,0.67983204
TBC1D4,0.6797123
UBE2G1,0.67918825
PUM2,0.67706656
YEATS2,0.67670166
UGP2,0.67657846
STK24,0.6765597
STRN3,0.6754748
NASP,0.6753671
MRPS27,0.67263985
KRT7,0.670835
NR6A1,0.6695727
OAZ1,0.6685211
VGLL4,0.6682734
U2AF2,0.6681215
RAP1B,0.66808224
SMG6,0.6675738
SURF4,0.66709894
SRSF10,0.66635084
SMAD6,0.6653595
RPL12,0.6652929
MACF1,0.6651948
SUPT3H,0.665167
PRPF8,0.6651019
UQCRC2,0.66475683
SPTSSA,0.66466707
EIF4G3,0.6646616
HNRNPD,0.66463876
STIP1,0.6645341
RBM4,0.6634804
EIF4B,0.66322774
NHS,0.66233456
MAT2A,0.66200787
USP25,0.66189706
SYNCRIP,0.66178846
ILF3,0.6614625
RSRC1,0.66129494
PHC1,0.6603531
HLA-B,0.6594383
RPS20,0.65863127
SCARB1,0.65825063
ZFAND6,0.6573763
TMOD3,0.65670604
TRAF2,0.65655696
KPNB1,0.6564322
TNRC6B,0.65547615
TRERF1,0.6553969
RBM14,0.65491366
OXCT1,0.65454656
SKP1,0.6542059
RPL38,0.6537365
ST3GAL3,0.6534509
WDR6,0.65289736
JMJD1C,0.65250224
RAD23B,0.6519595
TAOK1,0.6519316
PTGES3,0.65033114
PTPRF,0.649297
LDHB,0.6490723
NUFIP2,0.64899594
RPL34,0.64898473
RAI1,0.64896345
SRPK1,0.6476673
IPO5,0.64762115
TRRAP,0.64760435
GNB1,0.64746016
MIF,0.6473887
TCERG1,0.6464976
HNRNPK,0.64569306
SEC31A,0.6456064
FOXN3,0.6453635
FSTL1,0.6451215
KHDRBS1,0.6443752
ITGB1,0.64422506
RAB10,0.6437652
EFNA5,0.6431059
USP32,0.64298564
TRAF4,0.64280176
MPRIP,0.642209
PRDX6,0.6416203
RSF1,0.64153796
PDLIM1,0.6407198
SH3D19,0.6406788
RAB31,0.64005226
GPI,0.639927
HMGB1,0.63856244
FAF1,0.63800514
HLA-C,0.63694125
RPL24,0.63681436
SHISA5,0.6366666
MAP1B,0.6362229
NEK6,0.6361325
UQCC1,0.63564664
RAPGEF1,0.6356087
PDS5A,0.63540465
SRGAP1,0.63535714
PSMB7,0.6350876
HNRNPUL1,0.6346276
SMC4,0.63407546
SREBF1,0.63358486
YWHAB,0.6335744
HNRNPF,0.6331913
MAD1L1,0.6330018
RCC1,0.63293046
LAPTM5,0.63292027
SNRNP70,0.6326611
GDI2,0.6325091
MBD5,0.63245726
SLC2A3,0.63203263
EXOC4,0.6317841
PHB2,0.6317796
GTF2IRD1,0.63150036
UQCRH,0.6308852
UBE2Z,0.63063467
PDE8A,0.6305992
PTBP2,0.6305118
HNRNPA0,0.63021016
SRGN,0.63011444
MKLN1,0.6298691
PIP4K2A,0.6295927
TRAK1,0.6287145
TRMT11,0.62795734
LARP4B,0.62788576
TRPC4AP,0.6277561
PRKCE,0.62767565
VAPB,0.6267171
GLS,0.6253834
XPO5,0.6248693
MYCBP2,0.6246654
PPP6R2,0.6245933
STAU1,0.62445384
WLS,0.6244436
XPOT,0.6241561
DST,0.6241141
TCP1,0.62408394
UTRN,0.6238756
TGFBI,0.6238605
RABGAP1,0.6238297
NAP1L4,0.6238119
MKNK2,0.6232717
PDLIM5,0.62303185
SH3PXD2B,0.62287736
PC,0.6228385
FADS2,0.6227632
RXRA,0.6226307
SUPT16H,0.62257546
MAPKAP1,0.622557
TAF1D,0.62252444
RAPGEF6,0.62183523
YY1,0.6217187
NCAPD2,0.62150866
YBX3,0.62138283
SSU72,0.6212769
UBE2G2,0.62120193
RPRD2,0.621032
SRSF5,0.6207587
SLC25A13,0.6207276
STAT1,0.6205644
SLC1A5,0.62032485
JARID2,0.62007135
RCOR1,0.61985445
GATAD2B,0.6197765
KDM2A,0.6197734
TRIM44,0.6187058
PGD,0.61847967
VPS53,0.61837745
GSK3B,0.61799085
RNF216,0.61797065
SLC16A3,0.6174584
PPIB,0.6173428
SRSF9,0.6172283
HLA-E,0.6170704
EIF4A1,0.61667603
NUP210,0.6166535
OGDH,0.6165215
TNPO3,0.61624855
RPA1,0.61624104
RPL31,0.61556953
OLA1,0.6150894
NUMA1,0.6150574
NRIP1,0.6148186
RAB3GAP2,0.6145937
SLMAP,0.6142523
STK39,0.6136938
NUP155,0.6131013
ZNF462,0.6129011
PABPN1,0.61284006
PAWR,0.61282057
SERP1,0.6125358
RPS3A,0.6124294
SHMT2,0.6123697
VAT1,0.61216265
LPCAT1,0.61205053
THOC2,0.6113032
XPO7,0.6108398
SDCCAG8,0.61081624
SUMF1,0.61050427
SRCAP,0.61039853
RPRD1A,0.60968816
TLN2,0.60907334
WBP11,0.60903305
LAMA5,0.60887
NPLOC4,0.60855484
RAB1B,0.60819817
PSMD1,0.6081977
MTHFD1L,0.6081221
PHF21A,0.6076519
YWHAH,0.6074366
MRFAP1,0.60736996
PPP1CC,0.6073183
EHMT1,0.60723823
NUP160,0.6069465
RAD18,0.60676783
UBA2,0.6066678
RAB5B,0.60597646
EIF4G2,0.6055695
UBXN7,0.6054784
GRB10,0.60539234
RNPS1,0.60510504
IMPDH2,0.60424465
TPST1,0.60403615
VASP,0.6039963
ENAH,0.6035545
SIN3A,0.60239494
FLNB,0.60228443
SLC7A6,0.6022348
TLE3,0.60215795
ZNF544,0.6020004
POGZ,0.60197806
HNRNPL,0.6016279
HSPG2,0.6014505
GLUL,0.6014312
TNFAIP8,0.6013512
MAP4K4,0.601343
RPRD1B,0.6012627
ITPR1,0.60077924
LMNB2,0.6003593
WDR43,0.5996343
OAZ2,0.59950733
SNRPD2,0.59926337
TUFM,0.59880584
TYW1,0.5982613
PPFIA1,0.5981126
KRT18,0.59794825
YTHDF2,0.5979153
MFGE8,0.59789175
HDAC2,0.59770507
OGT,0.59769416
RFC3,0.597634
PFKP,0.5975696
JAZF1,0.59714144
PCBD2,0.5970853
MGST1,0.5968132
DDX17,0.5964883
VPS51,0.5964413
EIF5A,0.5963132
IPO7,0.5960943
SLC44A2,0.5957898
SYNGR2,0.5957892
LRP8,0.59574234
SCFD2,0.595742
UIMC1,0.59529597
PAPOLA,0.5950544
PSMD11,0.5948075
STRAP,0.594317
PRDX5,0.59407276
HIPK2,0.5940576
HNRNPH3,0.59389144
SEPHS1,0.59364355
SRRM1,0.59360766
POLR2A,0.59353
VDAC2,0.593427
PARD3B,0.5930477
PARVB,0.59279865
TRIM37,0.5926337
GOLPH3,0.5925114
ZNF721,0.592172
SEC24C,0.5921172
UQCRC1,0.5921151
UBAP1,0.5918164
SPAG9,0.59160185
FXR1,0.59157556
UVRAG,0.59154356
UBE3A,0.5913638
KIF13A,0.59119475
NSUN2,0.5907227
POU2F1,0.59037024
ST6GAL1,0.590364
NUP205,0.5902342
SMG7,0.59023374
S100A11,0.5901814
VAPA,0.5901268
LSS,0.5900609
HERC4,0.5899253
NOLC1,0.58992267
LRRC8D,0.5897738
RIF1,0.5887385
SPARC,0.5881439
TMED10,0.5877791
WDR82,0.58772135
LMNB1,0.5874062
GULP1,0.5873778
HNRNPM,0.5872916
NAA25,0.58707356
MCU,0.5868771
FKBP8,0.5866332
U2SURP,0.5865168
NSMCE2,0.58615184
MYH10,0.586119
SCARA3,0.5860592
WSB1,0.5859567
RANGAP1,0.58588636
IQGAP2,0.5853866
LGR4,0.58529276
PAFAH1B1,0.58521867
PDXK,0.58517945
NCK1,0.585044
RNGTT,0.58488274
KMT2E,0.58421916
PLEKHA2,0.58400244
STK3,0.58386177
G3BP1,0.5838563
PKD1,0.58362734
HNRNPAB,0.58334017
SENP6,0.58301413
HMGB2,0.5829526
USP47,0.5826493
PNISR,0.58248276
PPP2R5C,0.5824388
TACC1,0.58200496
REV3L,0.5815643
PRKCI,0.5812272
TMED3,0.5808512
MTA3,0.58048004
HM13,0.58033574
SMURF1,0.5803338
USP24,0.5803091
MCM7,0.5799145
NUDCD3,0.57967806
PDE8B,0.57965285
RACGAP1,0.57959116
EIF3L,0.5795583
SLC9A3R1,0.57920605
ST13,0.57914
RFX3,0.57906514
HNRNPA3,0.57889175
PPP2R2A,0.57857203
SESN3,0.5784224
GANAB,0.5781892
EEF1D,0.57816446
SUPT6H,0.5780068
PXN,0.5778861
STK4,0.5778699
SIL1,0.5778262
SH3KBP1,0.57777876
EBF1,0.5777603
SUN1,0.57774615
VKORC1L1,0.5773365
HMGN2,0.577223
XRN2,0.5771942
TRPM7,0.57685053
PKN2,0.5766613
TLN1,0.57658356
NLK,0.57614857
GJA1,0.5760106
RPS13,0.5759978
PSMB2,0.5759915
UBQLN1,0.5759292
PACSIN2,0.575886
TRAPPC12,0.5756641
YY1AP1,0.5755978
DIAPH3,0.5752167
HLA-DRB1,0.57498044
MTHFD2,0.57497954
PSME3,0.57473993
EEF1B2,0.57452875
PBX3,0.57393956
RSL24D1,0.57373476
HNRNPDL,0.5733913
PPP1R12A,0.57318544
KDM5B,0.57309407
STARD13,0.5730264
TMED2,0.5730172
HLA-DPA1,0.57294947
RYK,0.57284075
XPR1,0.5728377
LAMC1,0.57277596
PABPC4,0.5726773
GOLGA4,0.5723384
IQGAP1,0.5723221
GSPT1,0.5723054
WDR59,0.57155293
DAB2,0.5714243
PPP2R5E,0.57125676
LUC7L3,0.5711223
TUBB2A,0.57073694
USO1,0.57057375
SMG5,0.57053083
MCM3,0.57044965
TPGS2,0.5703937
HSPA9,0.5702944
GMDS,0.57024145
ZMYND8,0.57022667
PDXDC1,0.57011205
TXNIP,0.5700503
HSPA4,0.5699759
NUP153,0.5698778
SSR3,0.56964856
NDUFA10,0.56957155
FBL,0.5689966
EIF3H,0.5689152
EIF4G1,0.568867
NNT,0.5687311
CTNNA1,0.5685224
TRIT1,0.5681846
SEC14L1,0.5679502
SARNP,0.5677885
PRKAA1,0.5677472
MARK3,0.5675041
NACC1,0.56730574
NCAPG2,0.56727344
STX16,0.56711805
NBAS,0.56697685
PLAGL1,0.5668516
TRAF3,0.5668153
PPP4R2,0.56662494
PCCA,0.5665882
MYL12A,0.56658024
PRMT1,0.5665425
PLCB4,0.56644654
COL5A1,0.56622076
NUDT21,0.56601113
TIPIN,0.5656937
PHC3,0.5656136
SKAP2,0.5656125
FRAS1,0.5653879
ZNF451,0.5653713
NOMO1,0.56536627
TMED9,0.5652879
IPO9,0.5651434
SEC16A,0.56495523
PLOD1,0.5648454
SOX4,0.5647386
URM1,0.56442875
TIA1,0.56431
VAC14,0.56400573
UGGT1,0.5639982
TALDO1,0.5639821
UHRF2,0.563943
TOB2,0.5637668
PFN2,0.56372964
SHC1,0.56347483
NUP62,0.56339526
UBE2E3,0.5633713
WNT5A,0.5631707
OPA1,0.56311524
SUMO3,0.56308186
PNN,0.56308144
ST3GAL2,0.5630564
SAP18,0.5629704
SF3A1,0.5628936
PRDX2,0.562839
TOP2B,0.5628103
SEC61A1,0.5625697
KIF1B,0.56247634
TNFRSF10B,0.56235486
TXN,0.5623051
FARS2,0.5622497
ST3GAL1,0.5620406
NEK7,0.5620203
RRM1,0.56197757
NUP188,0.5619372
FDPS,0.56184703
YME1L1,0.56184614
SMPD4,0.56159
TJP1,0.5615645
EDIL3,0.5615547
TNKS,0.5615095
PFKFB3,0.5614604
LAMB1,0.56134963
USP7,0.5612434
PRPF40A,0.56108963
DPYSL3,0.561049
SH3GLB2,0.561046
TIAL1,0.5608272
TTLL12,0.5603621
XPO4,0.56025827
GLI3,0.5602234
PTPN12,0.56014913
LRRFIP1,0.5601331
HLA-DPB1,0.5600919
MARK2,0.5599843
SCLT1,0.5597873
THY1,0.559729
PNRC2,0.55963916
RAB1A,0.55958045
MELK,0.55938977
UBE2I,0.55938977
PFDN5,0.5593223
VRK1,0.55925417
SP1,0.5592153
SF3A3,0.5591418
SRGAP2,0.5590993
PDE7A,0.55902916
FADS1,0.55889654
MDN1,0.5588673
RPS21,0.55875075
TSEN2,0.558741
PDS5B,0.5587222
LSM12,0.55863905
RFX7,0.558623
WIPF2,0.5586176
SP3,0.5585653
WDFY3,0.55856234
PRKCSH,0.55852026
MAGI3,0.5584733
KPNA6,0.5584727
MICU1,0.55841637
RPL18A,0.5583519
PSMD3,0.5582057
FBXW11,0.55818766
QPRT,0.55812263
SYMPK,0.5581049
USP15,0.55806
MCL1,0.55792284
FAM13A,0.5579004
MAN2A1,0.5578747
MYOF,0.55785084
RBM5,0.5576707
SWAP70,0.55743647
STC2,0.55739415
TTYH3,0.5573442
NMT1,0.5572705
MAMLD1,0.5571169
PCNT,0.5570884
NCKAP1,0.5569718
S100PBP,0.5568814
PEX14,0.5568593
TIAM2,0.5567393
SSR1,0.5566052
SNX3,0.55656445
THOP1,0.55640566
TP53BP1,0.5563978
SRSF7,0.55638504
RSL1D1,0.556214
SDC2,0.5561539
TFCP2,0.5558134
SH3BP4,0.5558075
KHSRP,0.5557486
SF3B2,0.5556139
NDC1,0.5554863
HK1,0.5554599
TRA2A,0.55543005
PMEPA1,0.5553263
MAST2,0.55508405
PA2G4,0.55476016
ROR1,0.5545145
PDIA4,0.5544406
LYRM4,0.5543248
WDR26,0.55424654
ZRANB3,0.55416507
TEAD4,0.55416036
CFL1,0.55414253
MAML3,0.55413854
SUPT5H,0.5540976
NAA50,0.55405873
TOR1AIP2,0.5540442
ERGIC1,0.5538204
MTHFD1,0.55381984
RPS7,0.5533882
SRP72,0.5531497
PAN3,0.5531402
NCOA2,0.5529949
SREK1,0.55293655
PLD1,0.5524817
PSME4,0.5522899
TNPO2,0.5520052
RRP7A,0.55194193
CSDE1,0.5518258
HDAC8,0.55177337
MED15,0.5517589
SNCA,0.5516853
SEC24D,0.55137753
NUP93,0.551328
MCPH1,0.5512542
GRB2,0.5511924
ME1,0.5510465
NUDC,0.5510412
TES,0.5509482
FOXK2,0.55093426
PMF1,0.55084616
GBE1,0.5508206
FAU,0.55071604
MPP6,0.5506978
EIF4H,0.55054957
NAA15,0.550545
YKT6,0.5500261
LGMN,0.5498202
STK25,0.54977375
UBE2L6,0.54969007
SSH1,0.54950964
SAFB,0.54904634
ELOVL5,0.54902065
OXSR1,0.5489532
STRN4,0.5489043
ILF2,0.5487539
DISP1,0.5485674
RAC2,0.5485376
SETX,0.5483233
CELF1,0.5480963
TTF2,0.5480656
POLR2J3,0.547981
GNAI2,0.54793876
PPP2CA,0.5477466
MED27,0.5475226
WDR5,0.54728836
PTPRS,0.5470996
EIF3D,0.54700476
PRC1,0.5469695
ZBTB7B,0.5468225
LPGAT1,0.54672563
KCMF1,0.5464405
SNX13,0.54640186
LSM4,0.54635257
PSMB1,0.5463289
SMARCA5,0.5462595
RBPJ,0.5461735
PARK7,0.5460985
IP6K1,0.54604334
TXN2,0.5460411
OPHN1,0.5458679
TXLNA,0.5457666
SPG11,0.5456248
PRPF6,0.5455514
MAGED1,0.5454967
NRF1,0.54548967
IVNS1ABP,0.54525006
MED13,0.5450563
HYOU1,0.5449595
PCID2,0.54486656
RAB2A,0.5448554
MLEC,0.54482144
ENSA,0.54475045
DIAPH2,0.5447432
FSCN1,0.5447347
MINK1,0.5446488
TAF4,0.5446184
GABARAP,0.54459417
ZNF496,0.54452866
SYNJ2,0.54450434
FKBP4,0.54446477
SKA2,0.54442984
GPR176,0.54432255
POLDIP3,0.5442529
HSPA5,0.54424447
NFE2L1,0.5441775
TACC3,0.5440404
MCC,0.54374135
MTDH,0.54367256
TNKS2,0.54359704
HMGCS1,0.54358876
MTR,0.5435572
TMEM30A,0.54348713
MYBL2,0.5434832
EXOC6B,0.54340297
HECTD1,0.5433895
INTS3,0.5432428
PFKL,0.5431226
ITPR2,0.54303604
PHB,0.543018
SMARCA2,0.54296565
G3BP2,0.5428721
PSMA1,0.542856
TUBGCP3,0.54269964
MYL12B,0.54261315
MEF2D,0.54250884
TSPAN14,0.54246974
IFI44L,0.5424123
SKIL,0.54231834
SRSF6,0.54221815
DENND1A,0.54216766
NUMB,0.5420732
TTI1,0.54205036
FMNL2,0.5419439
MNAT1,0.54187673
PELP1,0.5418101
OTUB1,0.54177743
USF2,0.54176253
ST3GAL4,0.541674
TOMM7,0.5416082
PPARGC1B,0.5415883
PRPSAP2,0.54154855
ZNF664,0.54121065
GIGYF2,0.54117
PPP1CB,0.5411378
TNKS1BP1,0.5410978
WWC1,0.540749
UBA6,0.5407471
USP3,0.5407174
UQCRB,0.54060185
PUF60,0.540507
PSMB5,0.54033667
NDUFS6,0.54031646
KDM4B,0.54029137
MCM4,0.5402522
DDIT4,0.5402396
PHKB,0.54018676
STON2,0.5401657
RASSF8,0.5400303
RBM25,0.539985
SNRPD3,0.53997344
MRPL3,0.53986734
SFSWAP,0.53976107
RANBP3,0.5397486
MTA1,0.539631
MAPK6,0.5396128
PSMD4,0.53956336
SEMA3A,0.5395555
EIF2S3,0.53952277
YTHDC1,0.53944695
USP14,0.53920305
SPAG5,0.53917074
VPS25,0.53916174
SRRT,0.5387995
PDCD6IP,0.53859377
ERP29,0.53856057
MEIS2,0.5385266
PTPRM,0.53852063
ACTG1,0.5384354
EIF1,0.53832537
PTPN13,0.53817624
MDH1,0.53809994
WASF1,0.53800684
COL8A1,0.5379798
ACTB,0.5378256
WWP1,0.53777075
SPPL3,0.5377034
PIK3C2A,0.53762716
ZNF124,0.5376079
FARP1,0.5376077
IGF2R,0.5374965
ACO2,0.5374339
PSAT1,0.5373913
GALNT1,0.53734916
TTL,0.5373141
UCHL5,0.53728557
ACAP2,0.53725046
ACADVL,0.5371985
ACACA,0.5371809
TAF3,0.53709704
CHCHD3,0.53708434
SMURF2,0.53706014
SRD5A1,0.5370191
AHI1,0.53700984
ACTA2,0.5370039
CTHRC1,0.5369975
ARL4A,0.5369175
MPDZ,0.5368218
RAP1GDS1,0.53679967
POLD2,0.5367543
AAK1,0.53673184
AGL,0.5367118
AAMP,0.53670716
PPA1,0.5367055
GATAD2A,0.5366764
BMI1,0.53661746
ADCY6,0.53658575
ABCD3,0.5365754
RAB6A,0.5365374
ZMAT2,0.5365352
RUVBL1,0.53653365
ARSB,0.53651565
SNX8,0.536491
ABCC1,0.5364756
ADAM9,0.53643996
ACTN4,0.53642297
CDKN3,0.5364022
AK9,0.53633416
ALDH4A1,0.5363126
TNIK,0.53631127
TMEM258,0.5363083
AQP3,0.53629184
C1GALT1C1,0.5362406
DLG1,0.536158
MBTD1,0.5361188
SMCHD1,0.53608704
ANAPC1,0.53605086
MS4A4A,0.53603727
FER,0.5359963
MAPKAPK2,0.5359821
INCENP,0.5359664
GPD2,0.5358968
ACAA2,0.53589606
LMO7,0.5358947
MORF4L1,0.53589386
AAAS,0.53586316
STAG3,0.5357865
CCNYL1,0.5357859
AACS,0.5357546
PRR5L,0.53570557
AASDH,0.53568983
RRP1B,0.53567445
AGPAT4,0.53562236
AATF,0.5356164
ABCA1,0.53561205
AASS,0.5356071
ABCC3,0.53560525
BNIP1,0.53557926
ADORA2B,0.53554404
CAPN5,0.5355357
AARS2,0.535512
NAT10,0.5355033
ATP6V1C2,0.53549147
CAB39L,0.5354752
HK2,0.53546435
ABCG1,0.5354381
COMMD8,0.53543633
REV1,0.5354153
ABCB6,0.5354034
ZNF680,0.535399
ABCA2,0.53539455
ITCH,0.53537714
ABCF2,0.53536826
TFDP2,0.5353605
ADAM23,0.5353485
UBE2V2,0.53534406
ALDH9A1,0.5353201
ABCA7,0.5353146
A1BG,0.53531253
ABI3,0.5353025
MCM5,0.535298
ACOT8,0.5352414
PPP1R14B,0.5352242
ARL16,0.53520745
ABCB4,0.53518194
PIK3R3,0.53514946
ACER3,0.535111
P2RY6,0.53509164
ADIPOR2,0.5350906
ABLIM2,0.5350695
ACLY,0.53506845
UBXN4,0.5350435
ABCE1,0.53504324
ABI2,0.5350358
MCM2,0.5350005
ACIN1,0.5349571
ABCD4,0.534927
ACAP1,0.53491944
PSMA4,0.5349159
ACP2,0.5349155
ACO1,0.53490955
ABCF3,0.53489745
ACADM,0.5348824
THAP4,0.53487897
ADAM12,0.53485733
ABLIM3,0.5348456
NEDD4L,0.5348398
TUBB6,0.53481025
AASDHPPT,0.534808
ACOX1,0.53478676
ACOT4,0.5347778
ALG11,0.53476214
ABHD12,0.5347045
ABI3BP,0.534699
ADAM10,0.534616
C18orf32,0.5346064
ADAM15,0.53459764
AMFR,0.534592
AGPAT5,0.5345911
CHST1,0.53458214
ACADS,0.5345685
AP4S1,0.53456
ACSL5,0.5345531
ACVRL1,0.5345383
ASB13,0.5345086
ALKBH5,0.5345005
AGRN,0.5344964
ANPEP,0.53447247
ACBD3,0.53443456
CDK20,0.53442836
ACAD9,0.5344081
AGAP2,0.5344016
DIDO1,0.5343743
XBP1,0.53437006
AOC3,0.5343643
AHCYL2,0.5343366
NCOA6,0.53433055
ACTR10,0.53432643
ACSL1,0.5342893
ACVR2B,0.53428245
COL6A1,0.53425443
ALDH3A2,0.534246
UBE2O,0.53421354
C15orf48,0.53418905
HLA-F,0.53418094
WDR41,0.53416026
ALG5,0.5341552
ADD1,0.5341539
AGO2,0.5341506
ABCF1,0.5341206
ACOT13,0.534114
ADAT2,0.5341069
GCNT4,0.5341033
ANTXR2,0.5341027
WDFY2,0.5340966
ACAD8,0.53407896
AJUBA,0.53407586
ALDH1A1,0.5340729
ADCY7,0.53407276
ADPRM,0.5340478
ABR,0.5340259
CXCL14,0.5340245
ARSK,0.53400767
ACYP1,0.534007
AGK,0.5340061
ACAT1,0.5339923
EIF3B,0.5339833
ACOX3,0.5339792
ALG10,0.53396565
WBP1,0.5339604
ACAA1,0.5339518
ACOT2,0.5339169
ACSS2,0.53391355
ADAR,0.5338921
ALDH16A1,0.5338801
ABTB1,0.53387254
EPOR,0.53385806
ACTR2,0.5338469
ADAMTS10,0.53383523
ALKBH8,0.53380686
AKAP10,0.53379905
AGGF1,0.53379095
ALKBH1,0.5337833
ABCD1,0.5337574
GNA12,0.53375673
ATF7,0.5337449
ACD,0.5337432
ACER2,0.53373563
ADRA2A,0.533721
ANO9,0.5337131
IZUMO4,0.5337025
AIP,0.5336923
ARL14EP,0.53367263
ACTR8,0.53365564
AGPAT2,0.53365237
FPR1,0.5336463
ADH5,0.5336431
ANO2,0.5336428
ZC3HAV1,0.5336346
ZNF714,0.5336318
ATG2A,0.5336307
AADAT,0.53362805
CD96,0.5336229
ACSL4,0.5336142
ARHGAP12,0.5335999
ADSL,0.5335922
STIM1,0.53357726
CXCL1,0.533565
AP1S2,0.5335642
AGER,0.53355205
ACE,0.5335447
CD36,0.5335414
ACOX2,0.5335293
SNTB2,0.5335271
ALG3,0.5335001
CMPK2,0.5334643
ARL4D,0.5334627
ABCB10,0.5334431
TICRR,0.5334284
AK1,0.533426
APBB3,0.5334241
B3GNT4,0.5334183
ANAPC13,0.5334161
MAGEH1,0.5334153
FDXACB1,0.5334095
ALDH5A1,0.53339094
ACP5,0.53338563
AKR1B10,0.5333722
BLNK,0.53335905
ACTR3B,0.53335416
FNIP1,0.5333539
ACAT2,0.5333192
BATF3,0.53331643
AKTIP,0.53330904
ADI1,0.5332681
ARHGEF28,0.5332649
CD5,0.5332293
RABGEF1,0.53322417
ACTR6,0.53322333
AFG3L2,0.53321105
APPBP2,0.5332059
IL12RB1,0.53320026
ADAMTSL4,0.5331875
ALAD,0.53318596
ADAM19,0.5331739
ARHGAP33,0.5331691
ARHGEF4,0.53315926
ACSS1,0.5331587
AKR1B1,0.5331573
C12orf66,0.53315204
POLR2B,0.53314614
ADAMTS13,0.5331449
BDKRB1,0.5331334
CCT6B,0.5331132
ACSM3,0.5331093
APRT,0.5330927
AIFM1,0.5330899
ARHGAP27,0.533081
ANO7,0.5330797
ANAPC15,0.5330749
ASAP3,0.533064
APBB1IP,0.5330545
ARL6,0.5330468
CD38,0.5330435
DUOX1,0.5330434
HSD17B4,0.53304255
ACTL6A,0.5330339
FOXP3,0.5330189
ADAM22,0.5330158
ACOT11,0.5330095
ACTR1A,0.5330034
ANKRA2,0.53300273
ACTR1B,0.5329997
ALKBH3,0.5329975
ADM,0.5329972
BAMBI,0.5329863
ALG12,0.532968
DCHS1,0.53296304
UNK,0.5329563
AIMP1,0.5329375
C2,0.5329208
DDX39B,0.53292006
ACTN1,0.5329147
BGN,0.5329141
APOOL,0.53291184
AIMP2,0.5329076
CASP10,0.5328909
ATP2A1,0.53288245
ASB7,0.5328723
AZI2,0.5328699
BLOC1S4,0.5328693
ARHGEF26,0.5328689
ATP8B2,0.53286135
ARSA,0.532861
AMPD2,0.53285015
ARAP2,0.5328501
ARL8B,0.5328435
DOK2,0.53283465
CLEC2B,0.532824
ADRM1,0.53282183
ADD3,0.5328214
RAB3GAP1,0.5327736
APOC1,0.53275585
ZFC3H1,0.5327496
NUBPL,0.5327393
AKAP5,0.5326894
APLF,0.5326834
ARHGAP10,0.53267556
ADAM28,0.53264457
ALYREF,0.53260934
ARHGAP31,0.5325977
BAG3,0.53259337
SZT2,0.5325844
CXCL10,0.5325699
GLDN,0.53256786
RBM8A,0.5325405
CARD9,0.5325335
GAB3,0.5325123
ALS2,0.53249556
ACOT1,0.53249294
SACM1L,0.5324805
ACP1,0.5324746
AFF1,0.53245705
CHKB,0.5324258
CMTM1,0.5324203
ALDH1B1,0.5324105
AKR1C1,0.5324065
AP1M1,0.5323999
DUSP8,0.53239274
BBS2,0.532386
ADAMTS14,0.53237563
ADAMTS2,0.5323601
RIPK3,0.5323542
STOM,0.5323501
ADAMTS9,0.53232867
AGFG1,0.5323222
ECE2,0.5323118
CACNA2D2,0.53230995
ZC3H13,0.53227174
COQ10A,0.5322618
ANKRD44,0.53224045
CYP7B1,0.532233
ARFGAP2,0.5322034
C6orf120,0.5322034
CHCHD5,0.53219676
LTF,0.5321897
ADCY3,0.532186
BATF2,0.532171
KDELR1,0.53217
ALG8,0.5321615
FBXO6,0.5321604
ARNTL2,0.53214765
AFF4,0.5321325
ARHGEF15,0.53213096
ATP6V0A1,0.5321225
CD1D,0.5321214
C1orf162,0.5321031
BDKRB2,0.53209865
APH1B,0.5320891
C3,0.5320861
ARHGAP11B,0.532076
ANO6,0.5320632
HEY2,0.5320424
MYH3,0.5320399
ARHGEF6,0.5320389
ACOT7,0.5320297
HOPX,0.5320215
AGA,0.5320055
RALGAPB,0.53200364
MMP28,0.53196794
AIF1,0.5319586
ASXL2,0.53195465
SLC39A7,0.5319372
AHNAK,0.5319273
CX3CL1,0.5319223
GPER1,0.53190464
MAP3K2,0.5319039
ALKBH6,0.531903
ALG9,0.53190064
ARSD,0.5318998
ANXA1,0.5318979
CAMK1,0.5318957
ARHGAP19,0.5318894
UCHL1,0.5318699
BIN3,0.531866
ANGPT2,0.53185374
APOO,0.5318472
DMTN,0.53181285
ITGB3,0.5317785
CBX8,0.53177285
IL1R2,0.53176796
EXOC3L1,0.53176546
ANGEL2,0.53175956
AMPD3,0.5317589
ATP6V0B,0.53175867
COL6A3,0.53175646
LILRB2,0.53175604
PDGFC,0.531755
AGO1,0.53173894
AMOTL2,0.5317361
ACTR3,0.53173226
BTN3A1,0.5317261
ARHGEF2,0.53171843
CAPN7,0.53171724
AP4E1,0.53171635
ANKZF1,0.53171134
NDUFA4,0.531707
CYP27A1,0.531691
RGS4,0.53169084
ATP7B,0.5316833
ADCY5,0.5316814
RAB11A,0.53166443
ACACB,0.5316551
AMOTL1,0.531643
CCR10,0.5316414
AP5M1,0.53162646
GBP5,0.53160226
ADAMTS1,0.5315927
CIDEB,0.53158677
ADA,0.5315647
CDK3,0.5315531
INHBB,0.53154194
BBS5,0.5315402
BCL7B,0.5315383
ADAMTS12,0.531514
ALAS1,0.5314998
ARHGAP26,0.5314917
ASB2,0.53148395
TBC1D14,0.53145677
BPGM,0.5314305
AK2,0.53141576
AKR1C2,0.5314113
ARCN1,0.53141034
APOBR,0.5314018
APIP,0.5313961
AMOT,0.5313941
SLA,0.53139114
HK3,0.5313852
BRF2,0.53137445
GGT5,0.53135806
ALG13,0.53133714
CD2,0.5313353
CD6,0.53132933
COL8A2,0.53132415
AKAP9,0.53130805
ADAM17,0.53130364
ATRIP,0.5312943
PGF,0.5312851
USP39,0.53128046
DLL1,0.53127974
CACNA2D4,0.5312668
ADAMTS4,0.5312633
ARHGAP4,0.5312616
B3GNT7,0.53124624
ARPC1A,0.531217
ATP13A2,0.53120476
ACSF3,0.5311953
C5AR1,0.53119195
PEA15,0.53118384
ARNT2,0.5311692
AKAP8,0.53115404
DYNC2LI1,0.5311518
B9D1,0.53114766
ACADSB,0.5311097
ATG2B,0.53110373
C7orf26,0.53108084
OS9,0.5310738
CD163,0.53107345
PPIL6,0.53107136
AMDHD2,0.53106695
ARHGAP9,0.53105205
ZNRF2,0.5310241
AUH,0.5310189
AP5S1,0.53097814
TIMP2,0.53097624
ASL,0.5309681
ALPK1,0.53096545
UCP2,0.5309628
IGSF6,0.530953
ARL2BP,0.53092754
TECR,0.53092206
DCN,0.5309057
FUT2,0.5308946
ADCY4,0.5308796
RHOG,0.5308785
CHRNB1,0.5308687
APBB2,0.5308646
GFI1,0.5308549
DUSP19,0.53082556
CBX6,0.53081703
AKR1A1,0.5308069
GIPR,0.5308022
APPL2,0.5308001
B3GALT4,0.5307771
ANGPTL4,0.53077215
ANXA5,0.53075916
ARL4C,0.53075075
AKAP1,0.53074324
ATP6V1A,0.53072685
ARHGAP39,0.5307248
MRPL37,0.5307244
AP5B1,0.53071034
ARL3,0.53070635
ALG1,0.53069204
FOLR2,0.53068906
CCDC174,0.5306798
ANAPC2,0.5306769
CLDN11,0.53067446
ARFGAP3,0.53066623
NUDT3,0.5306662
ARRB2,0.53060746
AP3D1,0.53058887
AIFM2,0.5305882
ARF6,0.53057235
ARRDC3,0.53057057
CDK5,0.5305614
AP3S1,0.5305523
AP1G2,0.5305495
ALPL,0.53054774
CHI3L1,0.5305449
ATP2A3,0.530535
CAMK1D,0.5305348
ATG4B,0.53053415
AMY2B,0.5305291
ARHGEF37,0.5305184
ADAMTS7,0.53050685
AK4,0.5305043
API5,0.5304849
CD248,0.53047943
BAG5,0.53047913
BFSP1,0.53044945
ACTG2,0.5304473
AHCYL1,0.53044254
SLC25A24,0.5304395
AP3M1,0.5304337
TRAFD1,0.53042746
ARHGAP35,0.53042495
AFTPH,0.53042305
ATG3,0.530418
ANAPC4,0.53041065
CFB,0.5304053
ARHGEF40,0.53040266
CD34,0.53039694
AMBRA1,0.53039646
ANP32B,0.53039014
CCNDBP1,0.530373
CASP1,0.5303708
ATP6V1E2,0.53036773
ATP6V0E2,0.5303364
ADCY1,0.5303268
COL17A1,0.53032523
AGPAT3,0.5303209
ARHGAP25,0.5303114
AMPH,0.5303058
C1R,0.5303021
SERGEF,0.53029644
ARHGEF18,0.53029037
ADIPOR1,0.5302837
ARAF,0.5302817
PTPN1,0.53027207
AXL,0.53027195
CARD6,0.5302712
SEC63,0.530254
BIN2,0.53023726
SYNE2,0.5302318
UNC13B,0.5302248
ARNTL,0.5302131
ALMS1,0.5302123
ANLN,0.53021026
AKAP13,0.5301984
MGA,0.5301974
ALG6,0.5301722
ARHGEF25,0.5301623
ALDH1A3,0.53014404
AGPAT1,0.5301182
ITGAM,0.5301075
CYSLTR1,0.53010213
PLK1,0.5301
CATSPER2,0.53008956
CMC4,0.530085
PCDH7,0.5300694
PARN,0.5300591
LIN7A,0.5300542
ASAH2,0.53004396
APOBEC3B,0.5300419
CTBP2,0.53001535
FGD5,0.5300127
APOL1,0.52998596
CHST7,0.5299708
TEAD2,0.5299632
HADHA,0.52994853
ALOX5,0.52993274
ETF1,0.5299113
RBBP7,0.52990884
ATP1A3,0.5298923
CLEC7A,0.5298758
ATP6V1G1,0.5298717
ARHGAP6,0.52986944
DENND2D,0.5298632
C2orf49,0.529863
BAG2,0.52985775
BIN1,0.5298492
EPB41L2,0.5298395
ALDH18A1,0.5298218
ATP1B1,0.529811
ARHGEF11,0.52980685
UBXN1,0.5298016
AHCTF1,0.5297581
AFMID,0.5297542
AHRR,0.5297482
ALDH3B1,0.5297362
BBS12,0.529713
BBS10,0.52966785
ARG2,0.52966785
ANTXR1,0.5296662
AP2A2,0.52966326
BTN3A2,0.5296493
CLN3,0.52964413
ASRGL1,0.5296313
RBM28,0.52963126
ARMC8,0.52961695
APLP2,0.5296106
CLUAP1,0.5295957
NFAM1,0.52958465
AP2A1,0.5295538
CFD,0.529546
ATP8B4,0.52954334
ASGR1,0.52954227
CHMP4C,0.5295356
AP4M1,0.52952796
GTF2H5,0.5295217
ATOX1,0.52952087
CGRRF1,0.5295193
ATP6AP1,0.529507
ASPHD1,0.52950364
ADAMTS5,0.5295036
BOC,0.52949506
FKBP1A,0.52948534
B3GNTL1,0.52948487
CALML4,0.52947766
ARL8A,0.52945703
CCDC40,0.52944565
ARL13B,0.5294392
TAX1BP1,0.5294373
ASAH1,0.5294292
CD69,0.52942693
BUD31,0.52941126
ARAP3,0.52940965
ATG4C,0.5294016
ARHGEF9,0.52937853
AP5Z1,0.5293671
AP2S1,0.5293637
ARFGAP1,0.5293125
ECM1,0.52930856
RC3H1,0.52930146
ALCAM,0.5292941
COL5A3,0.52928793
AKR7A2,0.52926517
ATP8B1,0.52924985
BCAT2,0.52922803
SPIRE1,0.52922314
ASB8,0.5292212
CTSL,0.5291984
TRIP13,0.529189
AMT,0.52917975
BLCAP,0.5291472
COQ3,0.5291471
B3GNT5,0.5291292
ATRN,0.5291243
ALG14,0.52911854
APBA1,0.5291001
SART3,0.52905893
ARHGAP44,0.52904767
CD247,0.529045
BET1,0.52903754
ASB1,0.5290345
ALDOC,0.5290225
ASIC1,0.5290025
ANKRD28,0.5289914
B4GALT7,0.52898383
ATL1,0.5289805
AP1G1,0.52897084
CSTA,0.5289631
ANXA2,0.5289175
ARID3A,0.5289021
EIF4EBP2,0.5288899
CRAT,0.52888525
CCDC22,0.5288776
ASAP2,0.5288755
C5,0.5288578
FCER1G,0.52882385
CTSF,0.5288081
BMP4,0.52880275
COL24A1,0.5287807
AQR,0.52873343
BMP8B,0.5287302
TRIP6,0.52872086
ADK,0.5287107
CLIC3,0.5287097
OLR1,0.528707
ANKLE2,0.5286937
ADPGK,0.5286888
RAMP3,0.5286746
CHRD,0.52866906
DENND5B,0.52866036
CISH,0.5286495
ATG4A,0.5286357
AGTRAP,0.52863485
ATP11B,0.5286312
CLDN23,0.5286246
CBR3,0.528618
CTBS,0.5286065
BIRC2,0.5286026
MAP4K5,0.5286014
TTBK2,0.52859956
CDH6,0.52859586
ATG16L2,0.52859527
ARAP1,0.52859104
COL11A2,0.5285902
ATG14,0.52857155
MEF2A,0.5285686
ASCC2,0.52856773
CHMP4A,0.5285629
EZH2,0.5285597
APTX,0.52855843
MAOB,0.5285199
AQP1,0.52851826
ARHGEF19,0.5285104
C11orf49,0.5284999
ARHGAP32,0.52848727
HOXA7,0.5284688
ANO1,0.52846014
CTSO,0.52845496
GSDMB,0.52844024
BEST1,0.5284283
CXCL16,0.5284252
ATP6V1D,0.52841973
BLVRB,0.5284137
APH1A,0.52840865
C9orf72,0.5284067
ANAPC16,0.5283913
ARHGEF1,0.52838117
CCDC59,0.52835876
ANK3,0.5283557
AKT1S1,0.5283536
BHLHE41,0.5283457
SHOC2,0.5283453
BAHD1,0.52834225
C12orf65,0.5283391
AGO4,0.52833664
F13A1,0.52831763
CETP,0.52831614
ARF3,0.5283109
COA1,0.5283036
ANP32A,0.5282951
GNLY,0.52828795
ATP8A1,0.5282768
CEP76,0.5281775
CNGA1,0.5281739
BMP2,0.52816683
CNN1,0.52815664
CSPG4,0.5281328
CMKLR1,0.52811515
KDELR2,0.5281113
ARSJ,0.5281096
ASS1,0.52806985
ANKFY1,0.52803826
ATG16L1,0.52801543
APBA3,0.5279952
GTF2I,0.52799255
POSTN,0.5279828
ATG9A,0.5279712
APOBEC3G,0.5279711
APPL1,0.5279704
ALS2CL,0.5279628
ANXA6,0.5279587
CD68,0.5279578
EPHX2,0.5279443
RFC1,0.52794087
ARHGAP18,0.52793205
ARFGEF1,0.52791023
CEACAM1,0.52790606
CMTM7,0.5279041
CELSR3,0.5278988
AHSA1,0.52787894
ARFRP1,0.52787143
CACNA1H,0.52784735
MS4A6A,0.52784026
BAK1,0.52783334
AP4B1,0.5278292
AGMAT,0.5278285
SCAI,0.5278174
APAF1,0.5278172
SLC25A12,0.5278112
BBC3,0.52780306
CBLL1,0.5277845
ATXN3,0.52776605
AREL1,0.52775055
APOE,0.5277269
MBD2,0.52770853
ATF6,0.5277009
BRIX1,0.5277003
GLRX2,0.5276924
CCDC115,0.5276663
CES4A,0.52765936
DGKD,0.5276478
ATF6B,0.5276468
SCNN1A,0.5276467
MPZ,0.52763176
HES4,0.5276296
B9D2,0.5276236
BRPF3,0.5276067
C2CD2,0.5276014
ATP1B2,0.5275989
CCDC106,0.5275964
AGO3,0.52758324
BCL2L2,0.5275824
BECN1,0.5275778
COL15A1,0.52752376
CCNG2,0.527513
IL18R1,0.5275003
SDS,0.5274894
HEYL,0.52748823
LMO4,0.527488
SSR4,0.5274821
CD4,0.5274807
CASP6,0.5274793
AP1S3,0.52745014
MYO9B,0.5274458
BAIAP2,0.5274423
CPLX1,0.52744186
BBS7,0.52744013
CDK11A,0.52741796
P4HA1,0.52740735
IL17RE,0.5274051
BNIP3L,0.5273793
ADNP,0.5273777
CEBPG,0.52736646
CA2,0.52735716
RBM15B,0.52734584
ALDH7A1,0.52731955
ARHGAP17,0.52731884
ARHGAP24,0.52729243
CACNB3,0.52728933
BTD,0.5272702
AMMECR1,0.5272669
C17orf75,0.52726465
NDE1,0.5272635
CCDC86,0.5272604
BOLA1,0.5272557
COMMD3,0.52724856
SCAP,0.5272124
C17orf49,0.52719736
ARPC1B,0.5271634
OSBP2,0.52714604
FBXL22,0.5271245
DENND1C,0.5271119
CD200,0.5271016
ATG12,0.5270857
BTC,0.5270709
BTBD1,0.52704823
PGM1,0.52703774
ATPAF2,0.52703553
BUD13,0.52700204
CCNE2,0.5269922
ARSG,0.5269819
ARHGAP11A,0.5269612
CCDC80,0.52695864
BEND3,0.5269392
AHCY,0.5269246
BCL7C,0.5269165
BLOC1S6,0.5269069
KCNAB3,0.5269058
GTF3C1,0.52689093
ZNF586,0.5268871
S100A9,0.52687806
C2CD3,0.5268751
GLO1,0.5268719
ANAPC7,0.5268538
POLQ,0.52684075
FCGR3A,0.5268375
ANXA7,0.5268282
DPP4,0.5268112
APBB1,0.5267941
CCP110,0.52678436
ASB6,0.5267774
ATAD5,0.52676743
ARHGAP30,0.52676517
PDLIM7,0.5267597
BANP,0.5267559
AGPS,0.52674824
CAPN10,0.526737
FAM20A,0.52673095
ARFIP2,0.5267168
CACNA1C,0.5267123
CHRNA10,0.52670366
NOC2L,0.526699
ATP6V1C1,0.5266864
RSU1,0.5266792
CNTNAP1,0.5266404
B3GALNT1,0.52657115
SOD1,0.5265682
ASPSCR1,0.5265623
CEP135,0.5265537
B4GALT3,0.5265365
CABLES2,0.52652276
CREB3,0.5265152
F5,0.526515
ATN1,0.52650416
ATP7A,0.52649057
ATIC,0.5264759
CDS1,0.526473
CC2D2A,0.5264205
PLD3,0.52641976
KNTC1,0.52641106
CBR4,0.5263729
CHST14,0.5263701
SNAP23,0.5263578
BOLA3,0.52635634
BCKDHB,0.5263498
ARFGEF2,0.52633107
ASNS,0.5263257
ASF1B,0.5263226
AP3B1,0.5262959
CNOT1,0.5262892
KIF22,0.5262891
LONP1,0.52627516
BMP2K,0.526273
AVL9,0.5262693
B4GALT4,0.5262465
COQ9,0.5262457
CDH5,0.5262444
SLC4A2,0.52622604
HTT,0.5262255
ESYT2,0.526224
BTF3L4,0.5262056
SOS1,0.52619946
RAD23A,0.5261966
IP6K2,0.52619416
HINT1,0.52616745
FBP1,0.5261568
APOBEC3F,0.5261518
EVI5,0.52614135
ATP6V1H,0.52613926
ZFYVE16,0.5261346
ANKRD27,0.52608633
NFATC3,0.5260537
DHX15,0.5260348
FOSB,0.5260341
ARID4A,0.52601963
CLN8,0.52601224
CLEC3B,0.52600646
CACYBP,0.52599394
EVI2B,0.5259878
ARL6IP5,0.5259667
UBR1,0.52595586
CCNK,0.52595246
ATG5,0.5259043
CALCRL,0.5259041
GGT1,0.5258923
ASPM,0.52589
DCLRE1B,0.5258849
SRP14,0.5258486
B3GAT3,0.5258478
ASCC1,0.5258261
B4GALT2,0.5258126
CDC14B,0.525778
ARL2,0.5257727
SPTLC1,0.52575976
CPT1B,0.52575094
CTU1,0.525745
UCKL1,0.5257286
BYSL,0.5257143
CDC6,0.52570385
ARPC5,0.5256941
TPCN1,0.5256848
PPP5C,0.5256723
CUL4A,0.52565837
CD86,0.5256415
ELOVL7,0.52558756
GADD45G,0.52558005
CMYA5,0.5255705
EPHB3,0.5255576
PDIA3,0.5255421
TTC37,0.5255382
CYP2U1,0.52553314
BLOC1S1,0.52552366
ZNF589,0.52549416
AP2M1,0.52548045
DET1,0.52547884
PRPF19,0.5254366
FBXL8,0.5254221
CD109,0.5254171
BAZ1B,0.52534956
BLVRA,0.52533674
RAB36,0.5253212
CBY1,0.5253194
KMO,0.5253157
APOBEC3C,0.5253143
ATP6V0A2,0.5253024
KRT19,0.5252926
INMT,0.52528006
NFX1,0.5252627
TLE4,0.52525514
BANF1,0.5252543
PPRC1,0.5252402
DNAH5,0.52523535
SMAP1,0.5252234
RNF24,0.52520615
DNAH1,0.52519566
AP3M2,0.525191
ATP6V1E1,0.525182
CHCHD10,0.52515244
C1D,0.52514774
CARD10,0.52514094
ANAPC5,0.52514
AUP1,0.5251307
STOML2,0.52512425
MCMDC2,0.5251091
BLOC1S5,0.52510875
CYP2J2,0.5250651
DES,0.5250531
DISP2,0.5250489
SORT1,0.5250446
CLIP3,0.5250438
BCL2,0.52500427
CENPA,0.5249922
CTIF,0.52498955
DDB1,0.5249874
DYNLT3,0.5249739
AP3S2,0.5249717
BLOC1S2,0.52493376
SEC13,0.5249309
CGNL1,0.52489
CCDC136,0.52487653
ATP6V0C,0.52487063
PHLPP1,0.52486295
CEP70,0.5248615
BCKDK,0.5248113
ARL1,0.52481085
CHTF18,0.52480733
DDHD2,0.524791
TUBA4A,0.52472335
ARF5,0.524717
CD320,0.52470076
RPS6KA1,0.5246954
ATF2,0.5246902
COL16A1,0.524686
HEG1,0.52468085
CUBN,0.52467835
B3GNT8,0.524668
USP4,0.5245639
CDC16,0.5245514
ERGIC3,0.52453387
BSCL2,0.5245265
ATAD3A,0.52449703
BHLHE40,0.5244844
BRPF1,0.5244768
TRIM25,0.5244444
CDK5RAP2,0.5244373
CHEK1,0.5244372
CTC1,0.5243271
CORIN,0.52430207
EFNB1,0.5242929
KANK1,0.524275
ATM,0.52427435
CREB3L4,0.52426773
BCKDHA,0.5242673
CACNB1,0.52421093
COG1,0.5242084
CAMK2G,0.5241921
HERC6,0.5241789
DXO,0.52414805
CYP3A5,0.5241429
CETN3,0.524139
EIF4E3,0.5241299
GPR68,0.5241212
CLDN1,0.52412057
HSPB2,0.5240774
BNIP3,0.524062
DIAPH1,0.5240554
ARHGDIB,0.5240506
CCZ1,0.5240419
BCAS2,0.5240365
COA5,0.52400166
CALCOCO1,0.52399963
UBN1,0.5239767
CETN2,0.52396953
AP2B1,0.52396446
CCNT1,0.5239637
BPNT1,0.52396035
ATG13,0.5239583
PTDSS1,0.52394545
EFNA3,0.5239098
NDUFV1,0.523895
BTN2A1,0.52389
ARF1,0.52388567
ARHGDIA,0.5238814
NLRC4,0.5238737
DOLPP1,0.52384925
APP,0.5238477
BID,0.5238361
RIMKLB,0.5238238
TAF7,0.5238177
CENPQ,0.5238067
RTCB,0.5237942
PPP1CA,0.523781
CACNB2,0.52378005
DIMT1,0.52376175
ATG4D,0.5237545
AURKAIP1,0.5237173
ATF4,0.5237102
BCAR1,0.52370054
CYTH4,0.52369374
CDC37L1,0.5236928
AAR2,0.5236911
DHDH,0.5236495
DHRS1,0.52356523
UBFD1,0.52355474
DCAF6,0.523552
CENPB,0.5235452
CHST12,0.52351594
FPR3,0.523511
ASPH,0.523505
LIN7B,0.5234915
CRY1,0.5234836
CIB1,0.5234662
CLIC2,0.52344817
LARP4,0.5234298
ANP32E,0.5234039
CBX7,0.5233652
CENPC,0.5233627
FARSB,0.5233506
BICD2,0.52334625
ALDOA,0.5233093
CASP4,0.52322215
EPHB6,0.52320904
CASP2,0.5231606
CEP250,0.52315605
ATP6V1B2,0.52314836
P4HA3,0.5231462
DYNC1H1,0.52314043
BRCC3,0.5231381
DCLRE1A,0.5231204
C1GALT1,0.5231121
CD27,0.5230972
CEP97,0.5230893
CCNH,0.5230755
ATF7IP,0.523043
RNF217,0.5230038
PRKAR2A,0.5230023
DERL3,0.5229899
PLXNB2,0.5229819
MEMO1,0.52294624
ARRB1,0.52294165
EFCAB7,0.52293444
ARHGEF3,0.5229328
IFI30,0.522915
B3GALNT2,0.5229105
VPS8,0.5229085
CD180,0.5229001
GOLIM4,0.52285695
ATPAF1,0.52283275
ZNF217,0.52282923
ARID4B,0.5228181
PDCD6,0.5228121
ATAD2,0.522781
NUTF2,0.52277637
BACE2,0.5227718
COL9A3,0.5227595
MIER1,0.52274925
CENPL,0.5227416
HNRNPH2,0.52273375
CHPF,0.5227097
CHRAC1,0.52270436
BCCIP,0.52267325
E2F3,0.5226711
BTBD2,0.52266985
PHF12,0.522664
ARF4,0.52265733
DPM3,0.52264357
CASZ1,0.52263564
BMP1,0.5226202
DHX58,0.52260286
DDX20,0.52259547
SNRPA,0.52259046
PTPN4,0.5225844
CDK7,0.52257454
COX17,0.5225666
CES2,0.52255505
GGA2,0.52252495
CMTR2,0.5225158
ASH1L,0.52250737
FGD3,0.5224943
GOT2,0.52249193
COMMD5,0.52249175
CCL4,0.52248824
DAPP1,0.5224783
COLQ,0.52247167
CASP7,0.5224535
CCL5,0.52244014
ARIH1,0.52240705
CEL,0.52237636
NR2C2,0.5223412
BAIAP2L1,0.5223246
BCS1L,0.5222732
CITED2,0.52227265
BAG4,0.5222687
ATP2B4,0.5222234
STK40,0.5222228
DDX58,0.5222223
CLCF1,0.52218986
CAMLG,0.5221731
COLEC12,0.5221598
CABYR,0.5221435
DOLK,0.52214026
FZD1,0.5220586
BLZF1,0.52204055
CLDN15,0.5220272
ALG2,0.5220188
SSBP1,0.52199346
FLT4,0.52198964
CRY2,0.5219828
BCAP31,0.5219617
ENPP2,0.5219471
CARF,0.5219298
NPC2,0.5219136
ATP2B1,0.5218697
ATP11A,0.52184373
NDST1,0.52183706
PPIG,0.5218022
BABAM1,0.52176607
RUVBL2,0.52174234
BRAP,0.5217215
CTSK,0.5216738
BRD8,0.5216637
CCDC68,0.521656
ITPR3,0.5216463
CEBPB,0.5216448
MMS22L,0.52163017
BMF,0.5216216
RAP1A,0.5216207
SMC5,0.5216119
DGKQ,0.5216016
CRELD2,0.52159995
POFUT1,0.5215771
ARPC2,0.52155346
SQLE,0.5215531
ATXN1,0.5215428
DNAJB6,0.5215293
ARHGAP21,0.521507
GPNMB,0.5214636
CDKN2AIP,0.5214595
CBFB,0.5214278
BTRC,0.5214255
DUSP10,0.52141315
CDK16,0.5213956
ATXN7L1,0.5213907
GBP3,0.52139026
ARIH2,0.52138895
KIF11,0.52138877
WDR11,0.5213827
ASAP1,0.52133816
CDIPT,0.5213136
CDC7,0.5212961
CYP2D6,0.52129436
VAMP8,0.5212902
CUL7,0.52126527
AZIN1,0.52125674
CBR1,0.5212501
BRD2,0.5212383
FGR,0.5212296
RNF5,0.5212259
GOLGA3,0.5212253
DCTN3,0.5212107
COPS5,0.521196
RAB11FIP3,0.5211771
CHUK,0.52116156
BUB1,0.52112275
WEE1,0.5210891
COA6,0.5210613
COL1A2,0.52101743
MAPRE1,0.5209809
COQ6,0.5209632
SERPING1,0.52094126
C17orf80,0.52092445
BZW1,0.5209199
CYB5R1,0.52091724
BFAR,0.52089566
CD2BP2,0.5208501
CDC23,0.52082086
CDON,0.52081895
ZNF587,0.52074265
FUBP3,0.52073675
CBX4,0.520723
EXOSC4,0.5207207
CRMP1,0.5207103
HERC2,0.52069134
PLOD2,0.52067643
COTL1,0.5206213
HMGN1,0.52059776
CDCA8,0.5205942
BTAF1,0.5205797
CEP41,0.520578
WDR4,0.52057356
CCNY,0.5205687
CDH23,0.52056825
EAF2,0.5205349
PTPRA,0.52052957
CEP78,0.5205277
CDKN2AIPNL,0.5205247
PSMD2,0.5204991
DCK,0.52046144
CADM1,0.5204477
BIRC5,0.52043414
SUPT4H1,0.52042806
SNW1,0.52039945
ZNF254,0.52037627
SCP2,0.5203754
CYP2R1,0.5203686
NOP56,0.52036166
CCNF,0.5203439
JUP,0.5203379
WASL,0.5203149
ATXN2L,0.52029055
CAT,0.5202758
UBQLN4,0.5202699
COL6A2,0.5202443
CYP39A1,0.52024263
PIK3C2B,0.52023095
BOP1,0.5202226
BAZ2A,0.52021974
KIF4A,0.520212
CREM,0.5202054
ELMO3,0.52020013
CDCA2,0.5201887
ZFYVE9,0.5201879
SAP30BP,0.5201862
DENND2A,0.52017915
CS,0.52016705
CABLES1,0.5201661
TSPAN33,0.5201644
ARID5B,0.5201432
PSMD7,0.52012604
BMS1,0.5200901
ZBTB8OS,0.520061
HSPA12B,0.5200479
BCAS3,0.52004665
CKAP2,0.52003306
UQCRFS1,0.5200275
CCNB1,0.5200078
ATG10,0.5199274
CAMKK1,0.5199155
B3GNT2,0.519898
CIR1,0.5198895
DOCK5,0.5198862
FBN1,0.51988345
CHAF1B,0.51988006
CCNL1,0.5198556
CLPP,0.5198545
BCL2L1,0.5198428
BBS9,0.51980424
CKAP5,0.51980203
TRIM56,0.51976144
ANO10,0.5197508
DCAF8,0.5197492
BRF1,0.519745
ARHGEF12,0.5197433
DNMBP,0.5197248
DEPTOR,0.5197189
MAP3K4,0.51970005
BRK1,0.5196813
MZT2B,0.5196786
CHMP5,0.51967174
SLC11A2,0.5196586
LARS2,0.51965815
ARPP19,0.5196153
DPH3,0.5195627
DDX60,0.5195343
DALRD3,0.5195334
STT3A,0.51952463
CDH24,0.5195003
BCL2L11,0.51949686
CFL2,0.5194871
COPZ2,0.51947993
CKAP2L,0.51947343
CCDC97,0.51947254
CANX,0.5194659
SLA2,0.5194567
ATP1B3,0.5194487
BATF,0.5194457
CDC5L,0.5193506
HYI,0.5193428
DECR1,0.5193393
COQ10B,0.51933044
LSP1,0.51931787
F8,0.51925766
COL9A2,0.5192565
SLAMF1,0.51925486
CROT,0.5192508
DCAF17,0.5192294
CDC40,0.5192051
COPS4,0.51915294
EVI2A,0.5191328
COPS7A,0.5191286
PUS1,0.5191111
OTUD5,0.51910263
C1QBP,0.5190998
ARPC4,0.51909006
ITGA8,0.51908624
CYB5R2,0.51906204
CALM1,0.5190564
CKS2,0.5190413
HSPA1A,0.51902705
STX5,0.5190176
CDR2L,0.5190021
CENPN,0.5190015
SMARCAD1,0.51899916
CD300A,0.51895326
DPCD,0.51894563
FBXW8,0.5189381
CNTRL,0.5189364
CARS2,0.51891124
CHID1,0.5188981
CWF19L1,0.5188872
CELSR1,0.5188644
COMMD6,0.51885897
IL32,0.5188311
CHMP6,0.5188148
CLASP1,0.5187735
ATXN2,0.51873016
CLCN6,0.5187164
CREB5,0.5186989
E2F8,0.5186761
CDK2,0.51866245
DYRK1B,0.51863265
BRD1,0.51862466
GALNT14,0.5186207
PANK2,0.5186154
CAPN2,0.51861167
CHCHD1,0.51859236
CAP1,0.51858616
BIRC6,0.5185675
CDK11B,0.5185458
SMS,0.5185375
MTSS1,0.5185296
F11R,0.51851124
CMTR1,0.5185069
C2CD5,0.51847994
NPRL3,0.51844084
SNRPC,0.51842463
HERC1,0.5183956
FCGR2A,0.5183956
BMPR2,0.51838183
CALCOCO2,0.5183581
TBC1D1,0.5183298
COG2,0.51831245
CTH,0.5183074
C3orf38,0.5183059
CDC34,0.51829916
SCO1,0.5182816
FAM13B,0.51825327
BRWD3,0.518234
DNASE2,0.518223
CCM2,0.51819116
BDP1,0.51816124
CD52,0.5181524
NPHP1,0.5181478
GNGT2,0.51813763
PRKACB,0.518128
CCR7,0.5180937
TAF6,0.5180843
PTPN2,0.5180555
DDX19A,0.5180534
YTHDF1,0.51804215
EHD3,0.5180008
DCUN1D3,0.5179958
GBF1,0.51798886
VTI1B,0.5179577
CMAS,0.5179482
DYNC1I2,0.5179468
METAP1,0.51790005
CHML,0.5178619
CDCP1,0.5178605
CDK9,0.5178377
CNOT7,0.51781875
CDK6,0.5178079
CAPG,0.5178055
CDC25A,0.51778746
CLDN7,0.5177649
CD58,0.5177577
ATXN10,0.5177554
TSR1,0.5177517
CDCA7,0.51773757
PDPR,0.5177332
CNNM4,0.5176996
CAD,0.5176918
PGRMC1,0.5176756
FAM114A2,0.51766634
CSF2RB,0.5176518
TAOK3,0.51764137
UPF3A,0.51761
BARD1,0.51760465
TMEM50A,0.51759017
GINS3,0.5175818
CHFR,0.5175807
B4GALT1,0.51757985
BAG6,0.51757467
CLK4,0.5175561
COX7B,0.51754576
BRD9,0.51752037
TDP1,0.51747435
CSTF2,0.5174494
EAPP,0.51743245
DDX28,0.5174234
CAP2,0.5174221
CUL9,0.51740015
CCS,0.51737964
CENPH,0.51737773
CNIH1,0.5173751
GDF15,0.51736933
ATP2A2,0.5173193
ELOVL6,0.51731426
CIB2,0.5173028
CCNB2,0.5172973
DSCC1,0.51728415
USP5,0.5172661
DHCR24,0.51725775
LIN37,0.51725495
LCLAT1,0.5172466
CHN2,0.517244
CAPNS1,0.51723284
CCT7,0.5172312
KLHDC3,0.5172298
GCAT,0.517228
DNTTIP1,0.5172043
CCNL2,0.5172041
DERL2,0.51719356
CAB39,0.5171778
CCNA2,0.51717055
COL12A1,0.5171496
GLB1,0.5171213
CARM1,0.51711094
TOP3A,0.5171024
COPA,0.51708883
BSG,0.5170809
SPG21,0.51708007
CDK5RAP3,0.5170713
NHP2,0.5170687
CLHC1,0.51706684
BUB3,0.51706624
CWC22,0.5170649
ATRX,0.5170641
CKLF,0.51701313
EP400,0.51700133
RBX1,0.51699114
COASY,0.516987
CAMK4,0.5169857
DFFB,0.5169638
BCAT1,0.5169598
PSME1,0.51695615
DNAH17,0.51695144
CALD1,0.5168914
MAOA,0.51686907
CPT1C,0.51683366
CEP120,0.51681286
CDCA5,0.51678044
CTSA,0.5167732
COQ7,0.51677173
RHOBTB1,0.51674306
CD40,0.51673317
PTCD3,0.5167049
DCAF10,0.51668954
CSTB,0.5166851
NDUFAF2,0.5166746
COIL,0.5166478
GLG1,0.5166447
TGOLN2,0.51664287
ZNF592,0.51662683
WIPI2,0.51661247
IARS2,0.5166015
ZKSCAN1,0.51658934
BICD1,0.51658416
ZNF195,0.5165534
WBP2,0.5165476
CTDSP2,0.5165416
RUFY1,0.516532
CBX2,0.51652086
CENPP,0.51648945
DGAT1,0.5164671
WDR77,0.5164512
CDYL,0.5164319
CD99L2,0.51642966
COX15,0.51642674
ZMIZ2,0.51641387
CLCN7,0.5164054
CBX3,0.51640105
CNIH3,0.5163974
MBD3,0.51638293
CORO1C,0.5163513
PLEKHM2,0.5163119
FUT1,0.5163105
SPSB1,0.5162466
DBP,0.5162322
USP28,0.51622766
GRSF1,0.5162205
DOCK8,0.516209
LIMA1,0.5162045
FBLN5,0.5161945
CHMP2A,0.51615065
CCDC12,0.51612705
UBE2M,0.51611876
CENPI,0.51611656
IL17RA,0.5161004
CD83,0.5160932
DNAJB11,0.5160912
KIF21A,0.51608455
RPL7L1,0.51607126
PPP4R1,0.5160514
PJA2,0.51604056
ARHGAP29,0.5160253
DNAJA4,0.5160136
DIS3L,0.5159993
SPTBN2,0.51598954
COG3,0.51597
MRPS21,0.5159512
CDC42,0.5159331
CPSF3,0.5159275
COMMD2,0.51592076
CTNS,0.51590735
CLK1,0.5158969
CHST15,0.5158698
PRPF3,0.5158654
SORL1,0.51582223
WDTC1,0.515821
CAPZA2,0.51580626
CPD,0.51577395
CHSY3,0.51573527
TAP1,0.51573473
CPNE3,0.51573116
COPS3,0.51572615
INTS6,0.515724
CDR2,0.5157231
PSEN1,0.5157019
GART,0.515672
SPAG16,0.51564795
CDC20,0.5156224
CCDC88C,0.51560855
DUSP6,0.5155938
GDPD1,0.51554704
STX6,0.51554394
DAPK2,0.5155344
CDK4,0.51553345
CDC25C,0.5155328
DHRS11,0.51551956
COG8,0.51548237
CEP55,0.5154784
NUP50,0.51547784
DPM1,0.5154767
KIF2C,0.51545924
FBXO15,0.51545036
FCGRT,0.51543844
FST,0.51540667
COX11,0.51539826
COL4A5,0.51537627
MGAT5,0.51536983
CALU,0.5153652
WWP2,0.51535064
ETV7,0.515348
NFATC2IP,0.515324
CDC42EP4,0.5153098
CALM2,0.5153095
CSGALNACT1,0.5153085
CDKL5,0.51530325
CHMP3,0.5152984
GLIPR1,0.5152941
EXOSC8,0.51529264
CD53,0.5152811
COPS8,0.5152803
CDC25B,0.51527464
ZYX,0.5152314
DLC1,0.5151416
CBX5,0.5151163
CAMKK2,0.51510286
RHEB,0.51508325
SNRPD1,0.5150773
STK38,0.51506
COG6,0.51505464
DNAAF2,0.5150286
GNA14,0.51500994
CDS2,0.51500773
CEP170,0.51500666
DHRS3,0.5149582
DUT,0.514946
CERS5,0.51492935
BRWD1,0.5149262
EID3,0.51492566
PES1,0.51491594
CRTC2,0.51488304
CENPO,0.51485807
DHPS,0.51485485
DONSON,0.5148518
COL5A2,0.514832
OTUD7B,0.51481915
COPS2,0.5148006
RPUSD4,0.51479644
DYSF,0.51476735
DHRS4,0.5147543
CD63,0.51471114
FDXR,0.51469225
CNOT11,0.51469165
BTF3,0.5146802
CDT1,0.5146608
PPP6R1,0.51462644
PLCL1,0.5146103
NDUFB5,0.51460963
GADD45A,0.5145973
DCAF4,0.5145845
CEPT1,0.51456344
CPNE1,0.51455265
RAB14,0.51454914
CREBRF,0.51451045
PYGL,0.5144895
COL18A1,0.5143891
RNF169,0.5143765
SPARCL1,0.514368
PPM1A,0.5143644
CAPN15,0.5143555
CDK19,0.51435333
FAAH,0.51430094
OXNAD1,0.5142621
ERMAP,0.51425236
COG7,0.5142504
SETDB1,0.5142131
LMCD1,0.5142129
MED14,0.51419896
NUDT5,0.51415753
ELL2,0.51414734
CTDP1,0.51411873
HSF1,0.5140629
TIMM23,0.5140593
CENPM,0.5140568
CD9,0.514018
DACT1,0.51401454
CIAO1,0.51400566
DENND2C,0.51400334
MRPL51,0.5140019
SCFD1,0.5140003
GPX3,0.5139849
DHX9,0.5139815
CNOT6L,0.5139761
CAND1,0.51397455
POLA2,0.5139728
LY96,0.51393765
PPP1R10,0.51391435
IPO11,0.51391137
CD48,0.5139075
CABIN1,0.51390374
LPXN,0.5138445
CENPT,0.5138317
SUGT1,0.5138281
GRK4,0.51382184
CDCA3,0.5137773
CENPJ,0.5137465
TAMM41,0.51374006
MCMBP,0.5136991
RBM17,0.51368403
CXXC1,0.51367205
EAF1,0.5136404
PSMA5,0.51361555
CAPRIN1,0.51358753
IMMT,0.5135608
CEP290,0.51355696
BACH1,0.513553
CWC15,0.51354057
RAI2,0.5135401
RAB5C,0.51347727
SEMA7A,0.5134582
SEC23A,0.5134388
MAU2,0.51342434
THRA,0.5133891
ECE1,0.5133701
ENPP1,0.5133596
CD47,0.5133585
CAPN1,0.51334023
MAPK14,0.5133385
BTBD3,0.5133177
HS3ST1,0.5132995
CCT5,0.51329064
CCT6A,0.5132728
CHERP,0.5132683
SRP68,0.5132627
CHMP2B,0.51324713
CCAR1,0.51324165
RASA3,0.5132416
CDK17,0.5132091
FRK,0.51319927
VPS41,0.51318645
EME1,0.5131789
CSTF2T,0.513173
DNAJC5,0.51316637
ECD,0.5131603
MTMR12,0.5131513
CDK13,0.51314694
CDC42BPA,0.5131428
ETS2,0.5131349
KCNH2,0.5130823
CNOT8,0.51307875
CEP72,0.51306736
IPPK,0.5130669
NFYC,0.51305836
PUS7,0.5130314
LRRC41,0.5130282
GOLGB1,0.5129797
NUSAP1,0.5129728
COX20,0.5129701
EEFSEC,0.51295745
HYLS1,0.51295245
TIMELESS,0.5129061
COX18,0.5128869
DRG2,0.512886
MDC1,0.5128812
GPR183,0.5128626
HDAC11,0.5128605
CREG1,0.5128512
CAMK2D,0.512841
GLYCTK,0.51284045
CRYZ,0.5128402
EDNRA,0.5128346
IQGAP3,0.5128098
CERK,0.51279
DDX51,0.5127745
CMSS1,0.512766
KIF1C,0.5127628
TCF7L1,0.51275986
PFKM,0.51274997
CSF1,0.5127417
UBE2W,0.51269186
CHP1,0.51266783
PPP1R18,0.51266074
CCT2,0.5126273
CHAF1A,0.5125895
SF3B5,0.5125705
CCR1,0.51256895
CD55,0.51255214
NDEL1,0.51253384
CHPF2,0.51252955
CSTF1,0.5125013
EMC3,0.51249295
GBP4,0.51249105
FHL1,0.5124724
CCT8,0.51247054
CYTH2,0.5124464
SPCS3,0.51240647
GUK1,0.51238024
CCDC93,0.51237035
ERCC6L,0.51235855
COPE,0.5123569
DPH2,0.5123565
CLK3,0.5123255
CAPZB,0.51231
HFE,0.51230514
FPGT,0.5123038
CHMP1B,0.51228464
ZDHHC7,0.51224846
RNF38,0.51222765
HMGCR,0.51219463
DMWD,0.51214343
CDC37,0.5121409
SLC44A1,0.51213837
COG4,0.51212865
DTX3,0.51212686
CEBPZ,0.5121256
DUSP1,0.5120924
PGS1,0.51207626
CHN1,0.5120633
RTF1,0.51203984
CLSPN,0.51201946
COG5,0.51201093
DYRK2,0.5120071
SMC3,0.51199937
ECHS1,0.5119818
DNAJB9,0.5119778
DCLRE1C,0.5119482
TBCB,0.5119467
MTA2,0.511946
FOXK1,0.511946
DCP1B,0.51194423
TET2,0.5119408
CNTLN,0.5119384
COX6A1,0.5118785
E4F1,0.5118719
CCT3,0.51185477
PAPSS1,0.51184344
CDK8,0.5118228
CPOX,0.51181024
TUBGCP2,0.5117913
KBTBD8,0.51177233
CD2AP,0.5117563
DCXR,0.5117492
CASK,0.51174194
COPZ1,0.5117265
DPH1,0.51169527
COL7A1,0.51168996
CIAPIN1,0.5116775
CUL3,0.511668
CTBP1,0.51165855
RNF111,0.51165825
EIF5,0.51165736
CCDC91,0.51164925
LMF1,0.51163685
CIT,0.51162744
CMPK1,0.5115777
IMPA2,0.511538
CCNT2,0.51152647
DBR1,0.5115188
GNL3,0.5115134
EHBP1,0.5115127
CXADR,0.51150393
DCAF13,0.51150334
NPTN,0.51150143
RNF128,0.5115014
CPT1A,0.51146483
MSL2,0.5114621
COL4A1,0.51145166
EIF2B4,0.5114466
SRF,0.51142716
SNX6,0.51142323
MED24,0.5114225
LIPG,0.51141673
STK35,0.51138675
CMTM6,0.5113667
CLIC1,0.511337
PFKFB4,0.511315
ORC2,0.5112968
DMAP1,0.51126
DCAF15,0.51124626
NKD1,0.5112035
CRLS1,0.5111937
CERS4,0.5111842
IQCB1,0.51117903
FBXO4,0.51117676
UBE2C,0.51117456
ELK1,0.51115084
PPP3CB,0.5111383
CNOT4,0.5110914
ITPKB,0.511087
CERS2,0.5110754
CTNNBIP1,0.51106745
CHD9,0.5110258
LBR,0.5110204
PEX19,0.5110047
GNAI1,0.51097286
FLNC,0.51095176
DDA1,0.5109464
CBFA2T2,0.5109389
FBXO25,0.5109123
RPS6KB1,0.51088
EHHADH,0.510867
USP12,0.5108571
CLOCK,0.5108476
STRADA,0.51083744
CEP164,0.51083475
EIF2AK1,0.51082087
CDK14,0.5108189
CEP350,0.5107827
CSNK1E,0.5107806
FKBPL,0.5107461
DMPK,0.51073164
CPT2,0.510731
ETFDH,0.5106904
CLPX,0.51067144
RAB8A,0.5106712
PHYKPL,0.5106689
TADA3,0.5106565
KPNA4,0.5106483
CLEC2D,0.5106385
CEP57,0.5106378
DUSP7,0.5106355
ELF2,0.51062155
CYP2S1,0.51061565
METAP2,0.51059526
OSBPL1A,0.51059145
DEPDC5,0.51058686
CCNG1,0.5105691
NME4,0.5105667
WDHD1,0.510557
KIAA1549L,0.5105538
COL27A1,0.51052606
RGS10,0.51049083
GCSH,0.5104897
DLG5,0.5104582
CSNK1A1,0.5104194
LGI4,0.5104155
DPY30,0.51040673
FBXO45,0.51037693
CCT4,0.5103423
CYFIP2,0.51033443
DDX52,0.51030874
HES1,0.51030385
COQ5,0.5102932
DDX27,0.51029074
DSC2,0.5102847
TAPBP,0.51027757
DHX16,0.51027566
CBLB,0.5102608
CORO1B,0.51022595
EFNA1,0.5102183
CD81,0.51021034
CTR9,0.51020503
GRIN2D,0.51020163
ZNF90,0.51019186
TOMM40,0.51018935
CDC27,0.51015705
EOGT,0.5101406
CHCHD6,0.51013374
RB1CC1,0.51013035
TRIP10,0.5100966
PPM1B,0.51008254
DDX39A,0.5100817
FLII,0.5100805
DSEL,0.51005286
CPSF7,0.5100243
CACNA2D1,0.5100078
NDUFA4L2,0.50996137
CSTF3,0.5099253
CNOT6,0.5099124
DDX19B,0.5099113
CRADD,0.50987923
FANCL,0.5098768
FOS,0.5098104
CNOT10,0.5097961
ERH,0.5097931
SLC12A8,0.50976574
MAGT1,0.50976497
LDLR,0.5097601
PHF19,0.5097442
HOXD3,0.50974137
CHCHD2,0.5097352
SNRNP40,0.5097163
CD46,0.50971407
CRK,0.5097068
CAST,0.5096945
CRABP2,0.5096833
RNF130,0.5096553
HCFC1,0.5096486
CAPZA1,0.5096464
TADA2A,0.509629
PLCL2,0.50962055
DOCK6,0.5096139
EYA2,0.50961083
CHSY1,0.5096106
RLIM,0.5096036
ENGASE,0.5095943
HS2ST1,0.509592
HSPH1,0.50956786
RAPH1,0.50955564
COPG1,0.50954986
PIGU,0.50954723
BPTF,0.50953054
CLDN12,0.5095259
PDK1,0.50951105
DDX18,0.5095086
STK38L,0.5095052
CDC42BPB,0.50948375
GLUD1,0.50948197
LRFN1,0.50947547
UQCC2,0.50947136
CYB5R4,0.5094711
DTX4,0.5094612
LRRC6,0.50943816
DENND3,0.50943774
CHD1L,0.50941306
SLC25A17,0.5094037
PRKAR1B,0.50938946
HDAC1,0.50938493
PYGM,0.5093791
LRRC4B,0.50935835
FANCI,0.50935763
VPS39,0.5093511
DDX56,0.50934774
DNM1,0.5093447
GORAB,0.50931925
STX18,0.5093155
SIN3B,0.50931185
CHM,0.50923806
KIFC3,0.509227
HMG20A,0.5092157
COX10,0.50921464
DDX50,0.50920755
PIGL,0.5092066
CDK1,0.50919574
FERMT2,0.5091727
TBC1D16,0.5091669
EBAG9,0.5091641
DDOST,0.50915736
HARBI1,0.5091573
LYZ,0.5091426
DYNC1LI2,0.50913525
CUL1,0.50912595
CHD3,0.50911963
DENR,0.50911343
DHX8,0.50911033
CTTN,0.50910676
DAAM1,0.50905746
NUS1,0.5090533
CMTM4,0.5090348
HSPB1,0.50897974
PDCD4,0.50895983
FMO4,0.508948
PITPNA,0.5089146
DHODH,0.5089012
TYRO3,0.50889844
DOK1,0.5088868
ZDHHC17,0.50887567
GTPBP1,0.5088718
FAM160A2,0.50886893
DPH6,0.5088525
EVPL,0.508851
DAPK3,0.50882494
GEMIN2,0.50880784
DISC1,0.5087833
GLS2,0.5087749
SMU1,0.5087708
DDX54,0.5087221
COPS6,0.50871533
CLIP2,0.5087107
EMC4,0.5086624
SV2A,0.5086096
DCTN4,0.50860375
GTF3C5,0.508593
DHX32,0.50858605
FBLN1,0.50856453
SPTLC2,0.5085364
CNPY3,0.5085283
FJX1,0.5085264
ZMAT3,0.5085108
KPNA2,0.50849104
MID1,0.5084682
CNN2,0.5084636
ENC1,0.50846285
GON4L,0.5084539
DCTPP1,0.508452
DERL1,0.50843143
CPSF2,0.508426
TAOK2,0.5084163
SUMF2,0.50840247
CPSF4,0.5083998
MDFIC,0.50838405
CDK2AP1,0.5083808
SPDL1,0.50834167
PCGF3,0.5083373
CLNS1A,0.50833046
GAB2,0.50831586
LRG1,0.5083152
SATB2,0.50830436
CPSF6,0.5082798
LAMP1,0.50827885
PKN1,0.50826514
IL7,0.5082519
GALM,0.5082021
HGS,0.5081825
RAB11FIP1,0.50814587
NUP88,0.5081333
COQ4,0.5081233
FZD5,0.5081118
NOP58,0.5081018
INTS10,0.508071
FBXO27,0.5080645
KCTD6,0.5080609
PRMT7,0.508055
FNBP1L,0.5080422
LRP5,0.50802904
ERI2,0.50800294
CHD7,0.5079954
CRKL,0.50799483
FGD2,0.50798357
FKRP,0.50797665
EPHA4,0.50794387
CFDP1,0.5079224
ESF1,0.5079048
CPEB2,0.5079009
XRN1,0.50787807
EBNA1BP2,0.50787365
CHD1,0.50785637
EIF1B,0.5078024
DCAF12,0.5077914
INO80,0.5077756
TTC7B,0.5077434
GALNT3,0.5077332
CENPE,0.5077317
DNAJC11,0.50772494
CENPK,0.50771946
F12,0.507719
CLDN4,0.5077172
PDLIM4,0.507711
DUS1L,0.5077
DHX38,0.50768983
PIKFYVE,0.5076869
COBLL1,0.50767875
EPC2,0.5076747
HIPK3,0.50764436
COPB2,0.507643
GABPA,0.50763774
SMUG1,0.5076251
TAF1,0.5076241
DLAT,0.5076034
HAAO,0.5075976
DNAJA2,0.5075961
SCAMP2,0.5075915
SUGP1,0.5075864
EVC2,0.50756663
PERP,0.5075662
DOT1L,0.5075651
DCTN2,0.5075602
FRS2,0.50753826
DAPK1,0.5075087
E2F2,0.50749046
CYBA,0.50747204
FZD3,0.50746745
CSNK1G2,0.50746375
WRNIP1,0.5074465
PTK2B,0.50744617
CWF19L2,0.5074413
DVL1,0.5074391
EBP,0.50743383
DGKZ,0.50742084
DAZAP1,0.507397
EEF2K,0.50739
DUSP2,0.5073759
PRDX3,0.50736743
DDX11,0.50734717
EIF3K,0.5073305
DERA,0.50731707
NDUFS1,0.50728923
EIF2B2,0.50728333
SAFB2,0.50726634
LCAT,0.50725526
HERC5,0.50723696
IREB2,0.5072104
RMND5A,0.5072085
CNNM3,0.50720394
PLA2G4A,0.5071909
EPN2,0.5071768
CPEB4,0.5071714
COPS7B,0.50715536
CLTA,0.5071439
MTF2,0.5071419
DCP1A,0.5071367
COX5A,0.5071119
NEK9,0.5071029
SEC23IP,0.5070681
CUL5,0.5070612
CEP152,0.5070332
TEX10,0.50703245
GPAM,0.50702256
DOCK2,0.5070149
DHX35,0.5070098
DBNL,0.50699645
ODC1,0.50698465
GTF2F2,0.5069748
CEP192,0.50697416
TYK2,0.5069702
NCOA7,0.5069444
LILRB3,0.5069333
MRC2,0.50693065
PPIF,0.5069145
CBX1,0.50691086
CLASP2,0.5069069
PDSS2,0.50690246
EIF3M,0.5068819
POLR1A,0.5068719
COL4A6,0.50686413
DPP7,0.5068525
GET4,0.5068518
CHKA,0.5068366
MFN2,0.5068049
PDPK1,0.5068024
MADD,0.5067997
DDX24,0.50679666
DLG4,0.5067945
MOB1A,0.5067533
DGKA,0.50674933
CYB5B,0.506739
LIMS1,0.5067169
ENTPD5,0.5067007
MYO9A,0.50668657
FUNDC1,0.5066783
IGFBP4,0.5066768
COPB1,0.50664955
PDCD11,0.50664216
RAB5A,0.50663453
SNRPA1,0.5066334
CSGALNACT2,0.5066172
ETNK2,0.5066162
DAP3,0.5066057
GLA,0.5065944
DCAF11,0.50657374
DDX42,0.506568
ETHE1,0.5065623
CHTOP,0.5065615
DCPS,0.5065457
ERLEC1,0.5064573
DHDDS,0.50644636
CTSB,0.506438
FRZB,0.50643504
CLPB,0.5064285
PIP5K1C,0.5064273
PELI2,0.50642395
KDM4A,0.5064176
MRPS16,0.5064128
SH3BP2,0.50639343
DMD,0.5063901
CKAP4,0.50635815
CTPS1,0.50635695
FAM83D,0.50634795
UBE2J1,0.5063355
IRF6,0.5063228
GALNT6,0.50630194
MAP3K11,0.5063009
EGR3,0.5062678
RNF11,0.5062676
KPNA3,0.5062426
EPB41L4B,0.5062354
RAB30,0.5062022
CHMP4B,0.50617963
DAZAP2,0.50614864
CLIC4,0.50612015
FBF1,0.50611585
MAPKAPK5,0.50610644
UBE2S,0.50610536
ITGA7,0.50608784
RYBP,0.50608516
CLINT1,0.5060794
DOCK11,0.50604624
WDR37,0.5060311
KHK,0.50602216
CNNM2,0.505984
DR1,0.5059652
CUL4B,0.50595284
CPSF1,0.50594527
CTSH,0.50594264
DNAJA3,0.5059205
CTPS2,0.50591934
COMMD1,0.5059041
GCH1,0.50588936
RPAP2,0.5058869
PDE1B,0.5058686
GEMIN6,0.50585294
INTS7,0.50584024
CFLAR,0.505828
RPS6KA5,0.5057786
CORO1A,0.5057753
DGKI,0.5057307
COX7A2L,0.5057117
EARS2,0.5057056
DUSP4,0.50568265
UBE3D,0.50567883
CYTH3,0.5056736
USP33,0.50565857
SHMT1,0.50563604
CNDP2,0.50562906
DENND4A,0.5056243
MSH3,0.50560045
KCNAB2,0.5055972
DNAJC1,0.5055942
DDHD1,0.50558674
CERS6,0.50557125
CRTAP,0.5055616
RBM19,0.5055473
DDX46,0.5055229
FADD,0.5054961
DGUOK,0.50548255
USP6NL,0.50548124
HLA-DMA,0.5054576
FBXW2,0.50543916
NCAPG,0.50538385
HLCS,0.5053749
EXOSC5,0.50536096
DYNLT1,0.50532967
KDM8,0.50532585
HSD17B8,0.50531894
CYCS,0.5052235
CYSTM1,0.5052081
KCTD3,0.50518
KCNJ2,0.5051732
HJURP,0.5051699
NEDD8,0.5051515
DHCR7,0.5051472
SETD1A,0.5051235
DUSP14,0.50511706
ENO3,0.50510216
NCF4,0.50510097
CENPF,0.5050772
FCHO1,0.50506777
ECI2,0.5050667
FBXL17,0.505018
EFTUD2,0.5050167
ITGB3BP,0.50500304
CHORDC1,0.5050017
RABGGTB,0.50499505
DTX3L,0.50498855
CLIP1,0.5049715
PRPS1,0.5049482
DBF4,0.50490767
ZNF770,0.5048874
GBP2,0.5048828
GIMAP4,0.504879
NES,0.5048719
PSMC5,0.5048593
GNAI3,0.5048578
ERN1,0.50485265
CTSD,0.50485146
MMS19,0.50476986
HAGH,0.504767
UBXN6,0.50476605
DCP2,0.50475585
SCRIB,0.5047509
STAC3,0.5047248
DNAJB4,0.50472164
DNAJC3,0.5047158
FGD1,0.50471145
GCC2,0.5047095
DMXL2,0.50469196
ECSIT,0.5046869
TMED4,0.50465137
DLGAP4,0.5046385
DNAJB14,0.50462276
DOCK7,0.5046194
DSG2,0.50461763
DDX41,0.5045994
CYB5A,0.50458956
SPOP,0.50457525
EMC9,0.50457376
GNE,0.50457054
RARS2,0.5045703
MAF1,0.5045572
TRAPPC10,0.50453275
EMC8,0.5045255
IBA57,0.50451195
EIF3I,0.5045047
E2F5,0.5044896
DVL3,0.5044845
ITGAX,0.504448
EPB41L5,0.50442696
HMBS,0.50442564
RPE,0.5044207
PLEKHG3,0.50439113
SNRPB2,0.5043827
DCTD,0.5043797
PPP2R5A,0.50437707
CSNK1G1,0.5043768
ZC3H15,0.50436664
DDX1,0.50436634
CSAD,0.50435853
NINL,0.5043538
MRPS6,0.5043505
SCAMP1,0.5043075
DBI,0.5042799
DOK4,0.50427985
KHNYN,0.5042728
MAP1A,0.50427145
CTDSP1,0.50425637
DCAF7,0.50423485
POLK,0.50422865
KCNIP4,0.50421995
CSE1L,0.50420403
KCNJ15,0.5041901
GNL2,0.5041598
EVL,0.50415564
DUS2,0.5041089
MYO1C,0.504097
GTF2E1,0.5040928
FHOD1,0.5040727
COL4A2,0.5040596
DDRGK1,0.50405
SMC6,0.5040372
DNTTIP2,0.50403327
LDHD,0.50401807
KIF9,0.5040168
DCUN1D2,0.50401443
USP11,0.50396794
GSR,0.5039288
JMJD4,0.5039271
EXOC8,0.5039193
CTTNBP2NL,0.50391334
ELMO1,0.5039022
TMEM97,0.503879
SOCS5,0.5038759
FEZ1,0.5038508
DHX37,0.5038062
HLX,0.50377697
NUCB1,0.50377226
CLSTN1,0.503769
E2F4,0.5037597
HIVEP3,0.5037424
GALNS,0.5037378
TRAPPC8,0.50372666
KCNMB3,0.50372607
DBT,0.5037105
PFAS,0.5037063
DEPDC1B,0.503658
PYCR1,0.5036103
ITGB4,0.5036078
GHDC,0.50359154
DPH7,0.5035711
GALNT18,0.5035598
PLD6,0.5035598
MAN2B2,0.50355136
FABP5,0.5035482
MAML1,0.5035247
FOXP4,0.50351685
ERCC6,0.50348276
IDUA,0.503461
GPR160,0.5034567
DRG1,0.5034502
CYB5R3,0.5034429
CSPP1,0.50343853
FUZ,0.50343025
DIS3L2,0.5033622
FMN1,0.5033592
GCFC2,0.50335044
SEC24B,0.5033306
SLC25A26,0.50331634
DSTN,0.50330824
DCAF16,0.50330764
CTNNBL1,0.5032829
COX6B1,0.50327426
PSMF1,0.5032658
DBF4B,0.50325876
NBEAL2,0.50325495
DENND6A,0.50324917
LSM2,0.5032338
EXOSC6,0.50322974
GTPBP2,0.5032225
CPE,0.5032222
FBXL12,0.5032084
UNC45A,0.50320274
SP100,0.5031933
CYC1,0.50317216
MFSD2A,0.5031717
GSTM3,0.5031599
FAM131B,0.5031557
FNTB,0.50314033
GALE,0.50312096
SRM,0.50309783
PADI2,0.5030821
MXRA8,0.5030589
FAM111A,0.5030329
FBXO8,0.50302804
E2F6,0.50300455
PIR,0.50300264
TRIM22,0.502997
EFNB3,0.50297254
IFT140,0.50296104
FARSA,0.5029601
TXNL1,0.5029598
GFPT1,0.5029545
FZD8,0.5029452
ITGBL1,0.5029384
MTMR2,0.50293267
CSK,0.5029269
NCBP2,0.5029216
MPP5,0.5029202
ING3,0.50291574
DUSP12,0.50290257
PGAP1,0.50289756
DENND1B,0.50289243
FUCA2,0.5028731
ZNF83,0.5028711
CTSZ,0.5028599
DGKE,0.50285554
GATC,0.5028413
DNAJC9,0.5028211
EI24,0.50282013
CUL2,0.50280577
IL11RA,0.5028027
EIF2AK3,0.50274354
PLAA,0.50272727
PPL,0.5027214
GALNT12,0.50271904
LAT,0.50269943
DDX21,0.50269616
TRNAU1AP,0.5026871
DNAJA1,0.50265497
GNAO1,0.50264835
DDX10,0.5026131
DVL2,0.5026123
FZD2,0.5026045
RGL1,0.502581
FBXW9,0.50258005
DIS3,0.5025778
PIK3C3,0.5025692
EDEM3,0.5025621
UBTF,0.5025603
JOSD2,0.50254893
ISYNA1,0.5025484
NEK1,0.50254685
CWC27,0.50253946
DCTN5,0.50251055
NPNT,0.50249773
NDUFAF6,0.50249517
DNAL1,0.5024817
NLN,0.5024623
SNX17,0.50245106
DYNC1LI1,0.50244415
ORC5,0.50244296
CSNK1G3,0.50242406
GUCY1A2,0.50240475
IL2RB,0.5024013
ENTPD6,0.50240016
EPHA1,0.50239754
FAM91A1,0.50238633
FRMD6,0.50238377
GBA,0.5023789
KBTBD6,0.50234556
GALK1,0.5023375
IFIT5,0.5023231
GMIP,0.50231385
LAMA2,0.5023121
CNOT2,0.5023094
LUC7L,0.50229734
DDX55,0.5022638
GKAP1,0.5022189
GTF3C2,0.5022083
ZMYND11,0.5021715
CSNK1D,0.50215775
GPX7,0.5021555
DSN1,0.5021377
UNC119B,0.502134
GALNT7,0.50212485
FXR2,0.50211996
TSC22D3,0.5020865
HEXIM2,0.5020848
VPS37A,0.50208193
PSMC1,0.5020748
LAMTOR4,0.5020267
EPC1,0.5019945
DEPDC1,0.5019502
RANBP9,0.50194275
TOX4,0.5019362
HPS1,0.50193554
DNAJC2,0.50192297
FBXL14,0.5019186
EIF4E,0.50191236
SNF8,0.50189745
GPKOW,0.5018886
DNAJB12,0.50188416
EFNA4,0.50188386
SEMA3F,0.50187844
CYFIP1,0.50187695
TGIF2,0.5018425
DNAJC15,0.50184
FBXO17,0.5017914
MRPS5,0.501791
CXXC5,0.5017905
GPN1,0.5017712
FXYD6,0.50176895
GALNT11,0.50176835
VEGFB,0.5017406
D2HGDH,0.5017251
EMC7,0.50171936
F3,0.50171643
DDX23,0.50169826
IFT57,0.50169396
DAB2IP,0.5016801
GGPS1,0.5016726
KAT6A,0.50165576
FOXF1,0.50165135
HSD17B1,0.5016483
RAB11B,0.5016406
DENND4C,0.50162613
GAPVD1,0.50161004
SERINC3,0.50160414
INPP1,0.50159544
MAEA,0.501567
CYTH1,0.50156
MAPK7,0.50153404
PKP2,0.5015016
NGFR,0.5014953
EME2,0.5014641
FNIP2,0.5014473
TM6SF1,0.50140953
FOSL1,0.5014067
DIABLO,0.5014042
LSM14B,0.50140256
EPCAM,0.50137603
INPP5B,0.50136685
ETFA,0.50135696
HDAC3,0.5013434
ELMO2,0.5013359
PI4KA,0.501332
DKC1,0.50131774
RPS6KB2,0.5013138
HPSE,0.5013038
DUSP16,0.5012732
CPEB3,0.50127053
UBAC1,0.5012702
DOCK10,0.5012459
EXOC1,0.50124174
MSL1,0.50121397
PSMB8,0.50120336
GALC,0.5011894
MCM3AP,0.5011856
ESPL1,0.5011819
DCUN1D4,0.50116336
EHD2,0.5011359
GMPPB,0.5011241
PFDN2,0.5011174
EHD1,0.50110763
EPB41L3,0.5010871
RCL1,0.50107527
EHMT2,0.50104153
EXOC7,0.5010306
PAIP2,0.500995
KCTD15,0.50099415
FAM120B,0.50099057
LMAN2,0.50098413
HECA,0.5009808
CTDNEP1,0.50094086
DTL,0.5009217
SMARCC2,0.5008934
DHX33,0.5008832
DPF2,0.5008821
EXOSC10,0.5008809
UPF1,0.5008711
HSD17B12,0.50083214
PARVA,0.5008235
FBXW4,0.5008163
FGD4,0.5008155
DYNLL1,0.5007855
POLD3,0.5007805
HDAC10,0.5007582
PSMB3,0.5007429
EPB41L1,0.5007418
SUCLG1,0.500736
EPS8L2,0.50071657
GIT2,0.50071496
EGLN3,0.5007137
TIMMDC1,0.50071096
FAM110A,0.500703
JAG1,0.50070137
LIPT1,0.5007012
PDHX,0.5006849
LRRK2,0.5006567
HUS1,0.50065607
STEAP3,0.5006286
EEF1E1,0.50061977
DOCK4,0.50061566
FAIM,0.5006138
PCCB,0.5006042
ITGA2B,0.5005932
DNAJC10,0.5005863
NFKBIA,0.5005795
DGKH,0.50057846
DCUN1D5,0.50057846
DTNB,0.50057346
LMAN1,0.50056577
NUDT14,0.5005478
PIGK,0.50052416
GMPPA,0.50052005
IKBKE,0.5004951
DHTKD1,0.5004877
HAUS3,0.5004735
SBF1,0.50046545
EIF3J,0.5004414
HHAT,0.5004383
LDB1,0.5004378
IFT88,0.5004037
EIF6,0.5003949
DENND4B,0.5003852
RNF114,0.5003784
RNMT,0.5003726
IPP,0.50037193
PDHA1,0.5003597
GSTM4,0.5003565
DLGAP5,0.5003332
MATK,0.5003145
DNM3,0.5003118
GPR161,0.5003059
NELFB,0.50027585
DCAF5,0.5002753
INVS,0.50026196
RNASE1,0.5002592
PBX2,0.5002524
DDX31,0.5002477
DLG3,0.5001988
FAHD2A,0.50019634
EIF2B1,0.50014937
GK,0.50013787
LTB,0.5001189
LTBP1,0.5001141
HOXA1,0.50011355
EIF2B5,0.50009656
DNAJC13,0.5000815
DTNBP1,0.50007915
FUCA1,0.5000675
IRAK1,0.50006205
FECH,0.5000504
ENG,0.5000472
EDC3,0.50003713
ITFG2,0.5000263
YIPF4,0.5000208
DZIP1,0.5000144
ITGAL,0.49997985
EPHA2,0.4999721
IFIT1,0.49996382
MAGED2,0.49995446
GNG11,0.49995208
ZNF431,0.49995124
ITGA9,0.49995095
EIF4ENIF1,0.4999442
GSPT2,0.49993205
SYNRG,0.4999287
DPH5,0.4999123
GNB2,0.49984044
HENMT1,0.49981564
MOCS3,0.49980196
DLD,0.49979523
GNA15,0.49977252
ELAC2,0.49976885
MYLK,0.49976343
FAF2,0.4997487
SCAF1,0.49974692
KCNJ14,0.49973038
FBXL7,0.4997159
PPP1R16B,0.49969947
NLRC5,0.49969345
ESRP2,0.49967393
FAH,0.49967
KDM2B,0.49964833
DHX36,0.4996205
FAM168B,0.499615
IFNAR1,0.49960625
SLC35B2,0.49957538
DFFA,0.4995721
EXOC2,0.4995715
USP19,0.49956277
LRRC8E,0.49955848
YAF2,0.49955747
GPD1L,0.49954873
EIF4A3,0.49953493
FDX1,0.49951363
GRHL1,0.49948162
MKRN1,0.49945897
PTTG1,0.49943066
FOXRED2,0.49942982
HCAR2,0.49941894
PAK4,0.4993987
PRPF4B,0.49939775
JAM2,0.49938706
GYG1,0.4993837
DPYSL2,0.4993767
KDM3B,0.49936756
OSBP,0.49935627
ZFYVE26,0.49935544
ECHDC1,0.49935412
IDS,0.49934983
NUP133,0.49934354
MGAT4A,0.49934003
MTX2,0.49933878
ETV3,0.49933782
FBXW5,0.49931246
MAP3K3,0.49931002
ME3,0.4993071
GDI1,0.49929136
EGR2,0.49926996
UNG,0.49926496
DNAJC24,0.4992629
NUP107,0.49920246
CTDSPL,0.49919865
PAXIP1,0.49919283
FBXO32,0.49917048
FCF1,0.49914554
LHX6,0.49914062
DNA2,0.49910977
PSD,0.49908364
ICAM1,0.49908158
HADH,0.49907538
RIC8B,0.4990631
GNL3L,0.49906304
EIF5B,0.49902943
HBS1L,0.49901894
FZR1,0.49899465
FASTKD2,0.49897712
GTF2F1,0.4989579
IER3,0.49895173
GEMIN7,0.49894947
HIPK1,0.49892905
EXO1,0.4989236
PLXNB1,0.4989224
VPS36,0.49891996
GRPEL2,0.49891785
PDHB,0.49891588
PMPCB,0.49890864
FUT4,0.49887344
HOOK2,0.49884218
FPGS,0.4987927
KRBA1,0.49879235
MTUS1,0.49879104
ICAM2,0.4987831
PANK3,0.498783
FLOT2,0.49878025
ZNHIT6,0.4987621
FZD7,0.4987579
GNPTAB,0.49874252
INSIG1,0.49873945
ZNF678,0.49871323
EXOSC2,0.49867865
TROAP,0.49867803
MIB1,0.4986349
EFEMP1,0.4986038
GTF3C3,0.49859846
GTPBP3,0.49856243
PCDHB10,0.49855602
HERC3,0.49855122
LIMD1,0.49854407
KRT17,0.49854288
PSMB6,0.4985296
GBP1,0.49852675
LAMA3,0.498484
EIF2A,0.4984835
GLCE,0.49847272
MYO1F,0.49844334
HCK,0.49843705
HCFC2,0.498436
MAN2B1,0.498427
NARS2,0.49841052
TIMM17A,0.49839857
HSD11B2,0.49838322
KCNC3,0.49836847
IL4I1,0.4983674
ENOPH1,0.49836266
ZNF326,0.49835533
GANC,0.4983546
WSB2,0.49833792
LIMS2,0.4983321
PSMB4,0.49833176
EZH1,0.4983227
FAM110B,0.49828264
EVC,0.49827328
NOTCH4,0.4982698
MFF,0.49825823
EIF2S2,0.49825588
KIF17,0.4982117
FIBP,0.4982102
PRMT5,0.49820745
F2R,0.49820167
GRAP2,0.49819398
ECH1,0.49818948
FBLIM1,0.49817178
LYPLA2,0.4981661
NR2F6,0.49815285
RALGPS2,0.49814758
LAS1L,0.49814215
KIF2A,0.4981367
MCF2L,0.49812564
FGFRL1,0.49812108
ITPK1,0.49812096
RNASEL,0.4981183
GTF2A2,0.49810132
PSMC3,0.49808854
ELP2,0.49807778
SLC19A1,0.49807766
TM2D1,0.49807563
FBXL4,0.49807394
TIMM13,0.4980513
ESYT1,0.49802557
ZNF33A,0.49802515
MEX3C,0.4980145
DSP,0.49800113
PCDHGA6,0.49797174
ELP5,0.49793586
KIF14,0.4979135
ENTPD4,0.49791038
SECTM1,0.49788818
FBXL20,0.49788108
MAGI2,0.49785447
IL2RA,0.4978537
UBE2J2,0.49785
MBOAT7,0.49784407
UTP18,0.4978324
HELQ,0.49782157
SERINC5,0.49781933
GGT7,0.497812
EMD,0.4978069
IL15RA,0.49779812
GOSR1,0.4977912
PLB1,0.49777323
PSMD8,0.4977594
GAN,0.4977358
MYBBP1A,0.49773425
EMC10,0.4977163
EGLN2,0.4977157
FBXO9,0.4977101
FMNL1,0.4977053
ERAL1,0.49768594
KIAA0513,0.497683
HERPUD1,0.49766168
GYPC,0.49765712
TGIF1,0.49764347
GATM,0.4976266
EIF4EBP1,0.49758863
ZRANB1,0.49756643
GPSM1,0.49756467
FYCO1,0.49755168
LRFN4,0.49754536
IL17RC,0.4975412
MAVS,0.49754053
KIF13B,0.4974967
HOMER1,0.49749345
KCNMA1,0.49745348
HNMT,0.49744463
KCNIP2,0.4974392
FLOT1,0.4974325
MVB12B,0.49742618
ESRRA,0.4974151
EIF2B3,0.49740818
MAPK9,0.49738753
ELOVL1,0.49736467
NDUFS8,0.4973384
OPRL1,0.49733546
PEF1,0.49731347
NFIX,0.49730298
KCNAB1,0.49729836
LYPLA1,0.49726847
MGRN1,0.49726754
FAM98A,0.49726212
EEA1,0.49725488
LFNG,0.49724483
MTRF1L,0.4972394
LOXL3,0.49722314
GPR132,0.49722227
MAN1C1,0.49720004
FBXO2,0.49719793
LAMB3,0.49718636
GTSE1,0.497181
NBR1,0.4971386
ELAVL1,0.49711755
TBC1D10B,0.4970964
XRCC2,0.49709386
EXOSC7,0.49709296
RGS5,0.49705747
EPHB2,0.49705073
DNM1L,0.49704584
KHDRBS3,0.49704343
PCDHB15,0.4970184
NMB,0.49700716
HIP1R,0.49698973
MSR1,0.49697053
FERMT3,0.4969498
EIF4E2,0.49692973
GPX8,0.49692613
SCLY,0.49691388
FGF11,0.49690494
NANP,0.4968852
LIF,0.4968703
HIF1AN,0.49686232
WDR75,0.49683926
RPL22L1,0.49683824
TLR4,0.49681595
FBXL3,0.49678352
GAK,0.4967825
WDR31,0.49677452
UTP6,0.4967571
MED28,0.49671945
E2F7,0.49671787
GORASP2,0.4967024
GTF2A1,0.4966959
UHMK1,0.49669516
MOV10,0.496693
FEM1B,0.496691
FBXL18,0.4966667
FBXO21,0.4966177
JDP2,0.49659795
ME2,0.4965835
HSPA4L,0.49658042
FEZ2,0.4965769
FBXO5,0.49657172
EXPH5,0.49655303
HEATR1,0.49655232
HLA-DRB5,0.49654916
MZT2A,0.49652234
HAUS6,0.4964927
THADA,0.49649107
GCC1,0.49646676
EIF2AK4,0.49646264
LDLRAP1,0.4964598
IRAK3,0.49639976
HSPA1B,0.4963732
FRS3,0.49637097
GRHPR,0.4963651
F2RL1,0.4963605
SENP3,0.4963403
MLXIP,0.4963294
EIF2D,0.49631602
IRS1,0.49629104
LIPE,0.4962816
HPS5,0.49628007
DLST,0.49627984
TNK2,0.49626485
EIF2AK2,0.49626246
KREMEN1,0.49625856
GEMIN5,0.49625558
PHKG1,0.49624088
GABPB2,0.49621746
PPM1L,0.49620044
GNG5,0.4961867
NDUFV2,0.49618414
RAB4A,0.4961789
ZNF282,0.4961765
NSFL1C,0.49616992
HDAC7,0.4961672
GBA2,0.49616253
LNX1,0.49616182
ERGIC2,0.49616113
GNL1,0.49615163
HDAC6,0.49613836
PCGF1,0.49611774
PRKAG1,0.4961055
PSMA7,0.49610507
TXNDC12,0.4960852
SYP,0.49608213
ELP6,0.49601057
FAM98B,0.4960041
EPN1,0.49597654
FAM220A,0.4959323
DYNC2H1,0.49591768
RXRB,0.4959128
RDH5,0.49591023
N6AMT1,0.4958914
IGBP1,0.49587053
MRPL11,0.49586222
RAB12,0.49585527
FYTTD1,0.49584702
RAB32,0.495836
INO80E,0.49581683
GTPBP4,0.4958145
MAP3K7,0.49580663
OXTR,0.49580395
GNPAT,0.49579105
GPR89A,0.4957629
ZNF445,0.4957601
SHPRH,0.49575865
SRI,0.49573386
ESRP1,0.49571234
POLL,0.49570528
NUBP2,0.49569887
MRPL10,0.4956919
TANK,0.49569044
HAUS2,0.49568436
ZNF107,0.49568382
IL4R,0.4956624
LRP3,0.495659
NOC4L,0.49564153
KCNC4,0.4956291
EMC2,0.4956153
NDUFS3,0.49560943
REEP3,0.49558473
RAB3IL1,0.4955653
GDE1,0.49555263
PRCP,0.49554783
THBS2,0.4955401
FARP2,0.4955332
PWP1,0.4955244
PIH1D1,0.49550006
PTGIR,0.4954995
SENP5,0.4954989
HARS2,0.49549386
POLR3E,0.495476
GEMIN8,0.49546728
RANBP1,0.495466
RBP1,0.49543464
OSTC,0.49542803
FAM126A,0.49542463
ETFB,0.49541205
FKBP2,0.49540064
JUNB,0.4953825
ELF1,0.4953484
KRT5,0.49533457
STARD4,0.495334
NIPSNAP3A,0.49531937
NVL,0.4953189
TYW3,0.4953134
NMI,0.495301
H6PD,0.4952956
KIF18B,0.495282
EGLN1,0.49528077
SIK2,0.49526134
NOL10,0.49523422
RPL36AL,0.49522966
RASL10A,0.49522942
GIPC1,0.4952287
MRPL45,0.49522415
SDAD1,0.495221
MYL5,0.4952107
MRPL17,0.49521023
HOXB7,0.49520445
RHOT2,0.49519143
GAS8,0.49518266
HPRT1,0.49517897
NRBP1,0.49515477
NOL12,0.49515423
KIF3B,0.49514803
EXOC6,0.4950913
EPAS1,0.4950889
EMB,0.49506155
RBCK1,0.49504432
HEXA,0.49503
FANCB,0.49502122
ORC3,0.49501914
IFT46,0.49501526
DNAJC8,0.49500242
ITGB5,0.49499705
FAN1,0.4949961
LYPD3,0.4949709
HSPB8,0.4949661
KIF23,0.49495476
SLC25A25,0.4949356
HSBP1,0.4949347
S100A6,0.4949258
PIGP,0.49489945
FUT8,0.4948933
ERLIN2,0.49487475
GNA13,0.49485824
IFNAR2,0.49481612
SLBP,0.49477768
EMC1,0.4947766
ITGA6,0.49477568
NDUFB9,0.49476185
GALNT10,0.49475133
SMARCA1,0.49474755
PPP1R3D,0.49473816
FBXO10,0.49473792
ENO2,0.49472666
MYL6B,0.49472123
RASGRP2,0.49471503
IQSEC1,0.49469078
RNF34,0.49468285
NEB,0.49467397
PTGER2,0.49466616
KPNA1,0.49462265
GNG12,0.49461553
SYNE1,0.494612
GABPB1,0.49460304
EXOSC9,0.49456665
TK1,0.49455482
SOS2,0.49454263
IMPA1,0.49454147
SYCE2,0.49452046
HAT1,0.49451452
LAG3,0.49451417
FYN,0.49450648
HAVCR2,0.494459
HSD17B10,0.49443617
NDUFS2,0.4944272
GFER,0.49440247
GID8,0.49436337
FAM8A1,0.49432698
RAP2A,0.49430734
IMP3,0.4942897
SART1,0.49427488
GLRX5,0.49427438
GPSM3,0.49426767
ERCC8,0.494251
FBXO41,0.4942424
PHF8,0.49419975
LIN7C,0.49419114
LRP6,0.49418405
THOC5,0.49417844
NAA38,0.49417204
FAT4,0.4941487
GPC4,0.49414387
LRFN3,0.49412698
FBXL19,0.49412215
GDPD5,0.4941208
ERF,0.49411988
INPPL1,0.494102
GPN3,0.49409235
PPP1R12C,0.4940824
INTS1,0.49407303
LCMT2,0.49406338
NCSTN,0.49405843
MIDN,0.4940566
FLAD1,0.4940342
MX1,0.4940277
TAF4B,0.4940047
IL10RB,0.49397516
MAP4K3,0.4939594
VTA1,0.49395037
GPS1,0.49392566
GPANK1,0.49391943
ISY1,0.4939154
HOXA10,0.49390996
IFNGR1,0.49389088
MYLK4,0.49389005
MRPL20,0.4938811
POLR2G,0.4938805
GIT1,0.49387935
FEM1A,0.49387237
NCAPD3,0.4938468
PSMD9,0.4938461
MYADM,0.49383038
EXOC5,0.49382958
EIF2S1,0.49380022
ZKSCAN8,0.4937784
KDELR3,0.4937702
PREX1,0.49376434
RFX5,0.49375942
INTS8,0.49374795
FBXO7,0.49371147
EXTL3,0.49370798
SLC30A6,0.49368113
SEC22C,0.49367282
GCLC,0.49366534
GGA1,0.4936566
TBK1,0.49363428
GGCT,0.49362153
FBXL5,0.49359897
KBTBD7,0.4935847
MMP11,0.4935804
GEMIN4,0.49356377
KIFC1,0.4935568
FNTA,0.49354532
FHL2,0.49354345
HLA-DOA,0.49353743
MST1R,0.49353626
MATN3,0.49353305
IL10RA,0.49352556
MOCOS,0.4935136
TSN,0.49349746
LPIN3,0.4934509
RBBP5,0.49344265
KXD1,0.49344254
EXOC3,0.4934221
USP1,0.4933825
ZNF623,0.49336463
POLR2L,0.4933267
SASS6,0.4933254
LRRC47,0.49332118
NAB1,0.49329558
SEC62,0.493274
FIG4,0.4932729
MLST8,0.49326172
LRP2BP,0.4932522
G6PC3,0.49324873
GPATCH1,0.49324697
KLC1,0.49324304
HSD11B1L,0.49323967
HLTF,0.49320325
NPL,0.49318904
IRAK4,0.4931618
EIF3G,0.4931507
MAP2,0.49314782
GDF11,0.49314177
NLGN3,0.49313435
G6PD,0.49312833
ISG20L2,0.49311256
LRRC49,0.49309367
HEXB,0.49307895
MGAT2,0.49307698
LAMB2,0.4930627
NCAPH2,0.4930424
GAS2L1,0.49303147
RUNDC3A,0.49301308
KIF20B,0.49298906
FKBP5,0.49298227
IDH3B,0.49298227
PI4KB,0.49295798
PSMC2,0.49292034
MLX,0.49291328
GRAP,0.49291298
MMP17,0.49290985
LIG1,0.4929074
KCND1,0.49288744
RANBP10,0.4928821
PLIN2,0.492878
RFX2,0.49286988
MOCS1,0.49286652
PHC2,0.49284035
GEN1,0.49282303
NDUFS7,0.49280953
PPP3R1,0.49279878
TOMM34,0.49277914
PLK3,0.49276802
PTPN22,0.4927672
PATL1,0.4927609
GK5,0.49275395
GNAL,0.49274284
HMMR,0.4927094
EXOSC1,0.4927087
NPAS2,0.49270308
HYPK,0.4926954
RNF152,0.4926667
MRPS18B,0.4926485
TDRD3,0.4926366
SNAPC4,0.49260464
ING2,0.49260443
INPP5D,0.4925852
ITGA1,0.4925525
GSTK1,0.4925519
NRN1,0.49253616
NLRP3,0.49253443
PRPF38A,0.49252933
ZNF519,0.49251384
HSPA1L,0.49251157
ERRFI1,0.4925048
LRCH1,0.49249434
STUB1,0.49248046
VPS54,0.49247584
RFFL,0.49243855
FKBP3,0.49242756
MCCC2,0.49242422
GGH,0.49241617
FAM3C,0.4923937
FANCM,0.4923745
MBOAT2,0.49232966
RRAS,0.49232677
SENP1,0.4923123
ITGA5,0.49229383
NR5A2,0.4922713
GLRX,0.492258
TRMU,0.49225014
INO80C,0.49221677
YES1,0.4922141
ZNF418,0.49220225
INPP5E,0.49220103
FBXL2,0.49219066
ITGB1BP1,0.4921587
MAN1A2,0.4921523
LSR,0.49215102
FIS1,0.49214467
GAA,0.49211615
NMD3,0.49211252
ZNF266,0.49209723
RSAD2,0.49207816
FNDC5,0.49204937
SPAG7,0.4920418
FBXO22,0.49203983
EPHB4,0.49202856
LSM11,0.49201992
PEX5,0.49201623
RER1,0.49201277
GID4,0.49200854
GMNN,0.4919876
MANEA,0.4919307
MAP3K8,0.49191138
ORC1,0.49189937
SCN1B,0.49188802
SORBS3,0.4918739
GIMAP8,0.4918725
PDXP,0.49187088
GTF2H4,0.49185264
SGPL1,0.49184862
FN1,0.4918342
SHC2,0.49181056
PHACTR1,0.49180922
GPT2,0.49179643
KPNA5,0.4917804
HSPA13,0.4917801
HBP1,0.4917748
TONSL,0.49177197
GOLM1,0.49176374
HOXA3,0.49175888
PLCD1,0.49175784
SOAT1,0.4917553
ZNF692,0.49175394
WDR18,0.49173006
TRAM1,0.4917297
MAP2K5,0.49172938
ZWINT,0.49172235
FOSL2,0.49170527
PREPL,0.49164212
GALK2,0.49162966
TMEM63A,0.49161732
PTPRO,0.49160177
IL17RB,0.49159807
MGAT3,0.49154887
ITGA2,0.49153793
MIEF2,0.49152026
PTPN9,0.49151972
LATS2,0.49151847
ESD,0.4915086
MARS2,0.49150026
FBXO38,0.49149302
LIN9,0.49147353
GCA,0.49144718
SCNN1D,0.49144578
IMP4,0.49144387
MAP2K3,0.49144292
LCMT1,0.49143022
KATNBL1,0.49142253
MRPL34,0.49139547
PSMD12,0.4913867
RBBP8,0.4913722
NEIL3,0.4913717
NAA35,0.49136978
GRWD1,0.49136853
PRKRIP1,0.49136817
EHD4,0.49136114
MED11,0.4913576
SEMA6A,0.49135092
GTPBP10,0.4913249
MAD2L2,0.49132225
IL1RAP,0.4913052
RNF41,0.4912866
LRIG1,0.49128357
MGLL,0.49125513
GTF2E2,0.4912318
GNB4,0.4912281
RPL17,0.49122074
HSPA14,0.49119392
GADD45B,0.4911631
FZD6,0.49115452
TAB1,0.49115413
TRIOBP,0.49112576
ODF2,0.49111962
GINS1,0.4911076
PAQR5,0.49108672
WDR36,0.49108657
GPN2,0.491065
GTF3C4,0.4910627
IRF1,0.49106073
MYLIP,0.491047
RORC,0.49103338
GGCX,0.49102125
GADD45GIP1,0.49101833
FCHO2,0.49101612
TXK,0.49100953
KIF7,0.49099717
GNPDA2,0.4909919
FBXO31,0.49097446
GNPTG,0.49093762
SUMO1,0.49091786
KCNN4,0.49090016
GATA6,0.49086875
STAMBP,0.49084732
IL13RA1,0.490842
GFM1,0.49083313
PLAT,0.49083197
FBXO30,0.4908238
ERI1,0.49081337
HMG20B,0.49080342
ORAI2,0.49080315
PRMT3,0.49080274
GNB5,0.4907761
SNAP47,0.49076
NTN1,0.4907592
PTGS1,0.4907318
TMEM17,0.49070978
IKZF4,0.49069375
FMNL3,0.49068388
OPLAH,0.4906836
KCNK5,0.49068353
TERF1,0.49068165
WDR3,0.4906569
MON1A,0.49064967
TUBG1,0.49064806
GSTA4,0.4906436
MTMR10,0.4906041
NHLRC3,0.4906007
KIF15,0.49058023
STAT4,0.49055004
MAP2K7,0.49053937
GMPR,0.4905216
ITSN2,0.49051642
MSH5,0.49048
PPP2R5D,0.4904599
GLMN,0.49045327
GRN,0.49045178
QSOX1,0.4904347
INTS4,0.49042994
GMEB1,0.4904182
PDCD10,0.49040318
OASL,0.4904023
IKBKG,0.4903937
KLHL9,0.4903896
ZNF76,0.49036366
HELZ2,0.49034613
IDH3A,0.49033958
GCDH,0.49033865
HACE1,0.49033454
IRAK2,0.49033132
IL21R,0.49032846
HEBP1,0.49028444
MICA,0.49027413
LIN54,0.49026564
L3MBTL2,0.49026245
GTF2H1,0.49026215
KCNQ1,0.49025625
GPAA1,0.49024308
POLR3A,0.49023506
L3HYPDH,0.4902182
POLR3H,0.49017146
MCAT,0.4901581
GNPDA1,0.49014935
GRK6,0.4901483
LPIN1,0.49014127
INPP5F,0.49011979
HMGCL,0.4901191
LIMK1,0.49011475
GNS,0.49011418
TTC27,0.49009854
SAMD8,0.4900856
ZNF621,0.4900702
RAD54B,0.49006566
PIP5KL1,0.49005198
KLHL3,0.4900472
LAMC3,0.49003413
RNF7,0.49003252
HADHB,0.49003
HDAC5,0.49001455
NEU3,0.49000528
SF3B4,0.49000087
HLA-DMB,0.48997664
IRF7,0.48997253
TEAD3,0.48996782
FOXRED1,0.48996687
TRAPPC3,0.48994505
GYS1,0.48994014
PIF1,0.489886
PPAT,0.48984915
FMR1,0.48983818
NDUFB10,0.48982581
LOXL2,0.48980772
SCD5,0.4897912
MFHAS1,0.4897853
RNF40,0.48974985
KIF26B,0.48973557
MIA3,0.4897168
UBE2Q1,0.48971623
FLRT2,0.4897138
INPP4B,0.48971292
ING1,0.48971155
HOXB4,0.48970675
GARNL3,0.48967153
SPNS1,0.4896384
PANK1,0.48962694
MRPL38,0.48961186
MCUR1,0.48958144
LRP4,0.4895787
ROBO3,0.48957843
LAP3,0.489545
TNFSF12,0.4895227
TRIM11,0.48947802
RND1,0.48947677
SHROOM3,0.4894441
HPS6,0.48942584
NAPA,0.48941806
LPCAT2,0.4894139
NOL3,0.48939568
NDUFAB1,0.48937157
HELB,0.48937112
VPS35,0.48936358
HACL1,0.48935422
GUF1,0.48934355
GPCPD1,0.4892865
IGFBP7,0.48928583
GTF2H3,0.48928493
GSK3A,0.48928368
MAP9,0.48928207
GJC1,0.48928127
MBTPS2,0.48927146
IL17RD,0.48926815
TAF2,0.48926517
GPR153,0.48923743
ZNF219,0.48923066
LYPD6,0.489221
IRF8,0.4892086
LINGO1,0.48920467
HVCN1,0.48920393
LSM5,0.48919937
FKBP15,0.48919326
MRPL28,0.48918757
ITGB2,0.48912024
HTATSF1,0.489114
PARP4,0.4890919
LRP10,0.48906654
TMEM11,0.48906606
GABBR1,0.4890383
MRM1,0.48903573
RAD54L,0.48903427
TRAF5,0.48903352
GSTM2,0.4890022
MPDU1,0.48899382
TBC1D15,0.48894647
STX7,0.48894566
SMCR8,0.48891562
KTI12,0.48891363
MED16,0.48890144
KIT,0.48890018
NPHP4,0.48888844
FURIN,0.4888824
IDE,0.48887226
PRKRA,0.48886988
TRAF3IP2,0.4888542
LGALS9,0.48884833
IL15,0.4888461
LTBP4,0.48884514
SKA3,0.4888447
RASSF1,0.4888366
LPIN2,0.48882407
MRPS7,0.48881522
GAR1,0.48881495
KCTD1,0.4888031
TLR3,0.48879832
ITGA3,0.48878995
HPS3,0.48878875
TCIRG1,0.48878428
KIF20A,0.48875389
KAT5,0.4887467
KRBOX4,0.48872656
ITGB6,0.48870063
NSUN4,0.48869613
HEPH,0.48869237
GDAP1,0.48867387
PTP4A3,0.48866874
FZD4,0.48865515
SDCBP,0.48864916
KIF21B,0.4886434
INPP5K,0.4886178
KDM6B,0.48859525
MVD,0.48857072
UFM1,0.48856908
PPIL1,0.4885667
IWS1,0.48853424
HOXB2,0.48852667
LEMD3,0.48852667
HIRA,0.48852596
GINS4,0.48850024
GPSM2,0.4884585
HAUS4,0.4884496
LSG1,0.48844504
PPP4C,0.48844153
PAAF1,0.48843214
MARK4,0.4884299
KPTN,0.4883991
LARP7,0.48838487
ITGA11,0.48838016
ZNF398,0.48837668
LGALS3BP,0.48837078
LRIG2,0.48836964
HAUS5,0.48834267
ITPA,0.48834154
PCGF5,0.4883364
MAP2K6,0.48830447
RBM42,0.48829505
HDAC9,0.48829424
INTS9,0.488294
KLHL11,0.48828742
PCDHB3,0.48828027
USP37,0.48827094
PKD2,0.48825422
IPO8,0.48823854
MTMR3,0.4882116
KLC2,0.48819733
TSG101,0.4881966
MIS18BP1,0.48818785
GOLGA2,0.48818478
PTGES2,0.48816887
PURB,0.48816854
ID2,0.48810855
ITPKC,0.48809907
MALSU1,0.4880967
PTDSS2,0.48809093
KATNAL1,0.48808992
HIGD1A,0.48807544
NRL,0.48806053
IFT52,0.48803708
IL6R,0.4880183
KALRN,0.4879781
MOB1B,0.48795068
NOP9,0.48788315
IRF2BP2,0.4878725
MRPL30,0.4878693
LTBR,0.4878685
TARS2,0.4878556
LDB2,0.48784217
KIAA2013,0.48783508
PLCG1,0.48783383
HMGXB4,0.48783353
SPOPL,0.4878283
TBPL1,0.487828
KIF18A,0.4878024
SDSL,0.48778078
RRP36,0.4877802
IFT80,0.48777896
HRH1,0.4877776
VPS4A,0.48774323
PTGFRN,0.4877218
POLE3,0.48770568
RAD52,0.48769793
TMEM132A,0.48769355
TPCN2,0.48768783
NADSYN1,0.48768413
MANF,0.48767087
GPC1,0.48766547
MRPS17,0.4876654
ITGB7,0.48765296
GRPEL1,0.48764026
LEPROT,0.4876013
MLF1,0.48757812
PLXNB3,0.4875767
LONP2,0.4875529
LIG3,0.48754713
LRP1,0.4874998
GUSB,0.48746616
IFT74,0.4874465
TNFRSF10C,0.48743725
MAP4K1,0.48743555
MAN1A1,0.48743233
USP49,0.4874317
RARG,0.48742616
NT5C3B,0.48740962
PNPT1,0.48740146
SNX2,0.4873899
ZNF354C,0.4873895
HCCS,0.48738804
MFSD12,0.48737693
SECISBP2,0.48736414
POLH,0.48735803
HNRNPUL2,0.48735628
IFIT3,0.4873413
RFC4,0.48733672
STRIP1,0.48732942
KCNN3,0.48732683
HOMER2,0.48732615
INPP5A,0.48731917
NADK,0.48730314
ZNF286A,0.4872797
TRIM14,0.4872762
MRPL49,0.48727494
TAF12,0.48727384
PREB,0.48727223
UNC13D,0.4872659
GSDMD,0.48724982
MTMR9,0.48724484
IMPDH1,0.48724338
IL2RG,0.48722288
LONRF1,0.48721412
MAN2C1,0.4872037
NAA60,0.48719913
IFT27,0.48718145
GSTZ1,0.48717728
HAUS8,0.4871698
LEO1,0.4871303
MEGF8,0.48711717
GAB1,0.4870863
MED22,0.4870638
PLK2,0.48706317
MAPK8IP3,0.4870614
SARS2,0.48706055
MAN1B1,0.487041
NDUFA1,0.4870291
LGALS8,0.48702633
PRKD2,0.48701254
REPS1,0.48700824
HAUS1,0.48693317
MYO7A,0.48691937
NET1,0.48691553
NR2F2,0.48691213
STX8,0.48690253
NPM3,0.4868885
RPS26,0.4868554
LTN1,0.48683628
RMI1,0.48680758
METTL4,0.48679844
SUN2,0.4867922
KANK2,0.4867695
IFT122,0.48675844
PLCD3,0.4867563
NMRAL1,0.48673484
HSPA6,0.4867333
PLSCR1,0.4867127
WDR46,0.48669687
KATNA1,0.48669383
HECTD3,0.48669168
PCK2,0.4866778
RBBP6,0.48665428
REEP5,0.48665023
KRT10,0.48664084
IL18BP,0.4866405
ST6GALNAC4,0.48663437
HSPBP1,0.4866216
MOB2,0.48661646
ZER1,0.4865923
LNPEP,0.48657605
SEC24A,0.48657107
KANSL2,0.48656544
PLA2R1,0.4865595
IBTK,0.48655596
NPRL2,0.48655573
PLXNC1,0.4865511
LRWD1,0.48653203
JUND,0.4865301
MRPS11,0.4864905
POLR2H,0.4864589
PPARD,0.48644513
MYO15A,0.48643902
FTSJ3,0.48643485
IVD,0.48643345
GLE1,0.48642612
UGCG,0.48640326
INSR,0.4863868
MTMR14,0.486374
PDRG1,0.4863613
ILK,0.4863477
KAT2A,0.48633355
SCYL1,0.48633108
NRP2,0.48632464
GOT1,0.48630068
HOXB6,0.4862874
EYA3,0.48626873
WDR62,0.48625585
NR4A3,0.48625198
IRF5,0.4862403
MAP3K5,0.4862384
INTS5,0.4862377
MT2A,0.48622712
RCOR2,0.48622695
IFNGR2,0.4862181
SMAD7,0.48621303
NDUFAF3,0.48618698
NDUFAF5,0.48618186
ICMT,0.4861816
MAD2L1,0.48617128
PPCS,0.48616996
LPL,0.48616534
OSBPL5,0.4861542
IPMK,0.48615268
ORC4,0.48614585
MRPL13,0.48613265
MFAP1,0.48612764
ZNF836,0.48611486
PPP2R5B,0.48610753
MVP,0.48608342
KLHL22,0.48605797
IFI16,0.4860331
ZP3,0.48602676
ZFP36L2,0.48602462
MIS18A,0.4859995
LRP12,0.48599574
LMTK2,0.48599273
MUC3A,0.48599055
PRR12,0.48598176
LRPAP1,0.48596424
POLR3D,0.4859549
HS6ST1,0.48592055
LTBP3,0.4859166
NELFCD,0.48591438
JMY,0.48590806
TSPAN5,0.4859044
HPDL,0.48589984
STXBP4,0.4858775
MRPL48,0.48585528
IRF2BPL,0.48584875
LSAMP,0.48584414
MSX1,0.48584363
NUDT12,0.48584142
MOSPD2,0.4858211
NKIRAS2,0.4857995
SGPP1,0.48579586
GPR180,0.48578593
ISCA2,0.48578224
MRAS,0.4857771
INO80D,0.48577616
INTS2,0.4857699
HGSNAT,0.48576277
PAQR3,0.48572192
ITM2B,0.48570663
GTF2B,0.48569223
IRF2,0.4856847
MRPS36,0.48568285
ZMPSTE24,0.485655
NCALD,0.48564464
KIF3C,0.4856416
SH2B1,0.48563266
KIDINS220,0.48563126
RASSF6,0.48561248
MAPRE2,0.48560017
RASD2,0.4855954
HMOX2,0.48559293
RORA,0.48558077
SNX4,0.4855791
PEX6,0.4855688
NAGLU,0.48555547
LLGL2,0.485547
PPIP5K2,0.4855396
PKP1,0.48553935
LSM10,0.48553222
RNF125,0.48552388
MAD2L1BP,0.48550573
HOXA5,0.48550552
RAD51AP1,0.48550326
VPS26A,0.4854924
MRPS15,0.48549107
PDE4A,0.48548186
NAA40,0.4854778
RHOJ,0.48547456
KLHL2,0.48545617
RAB11FIP4,0.48544937
IFNLR1,0.48544556
RAB18,0.48543307
NEIL1,0.48542646
INPP4A,0.4854241
PNP,0.48540074
MRPL24,0.485389
MORC2,0.48537174
KMT2B,0.48535416
ROCK1,0.485354
MAP3K10,0.48533905
NFATC1,0.48532107
NEO1,0.485309
MTF1,0.48530412
SMARCAL1,0.4852957
IFT81,0.48526987
MBP,0.48526752
MFSD10,0.4852667
PSMB9,0.48526326
RHNO1,0.48522565
RGS12,0.48522496
LIN52,0.48521945
PHLDA1,0.4852179
IFI44,0.48520982
IQCE,0.48516282
NAE1,0.4851621
RCOR3,0.4851575
LY86,0.4851102
KIF3A,0.48509347
IL20RB,0.48507994
LPCAT3,0.48507053
ITGAE,0.48506945
MTMR4,0.48506728
SLC44A4,0.48506615
MRPS34,0.48503625
SPHK2,0.4850288
PYCR2,0.48501858
MMADHC,0.48499447
TUBB3,0.48499382
IPO4,0.4849862
MMAB,0.4849862
MRPS30,0.48495406
MRPS35,0.48493695
MIEF1,0.4849347
NAGPA,0.48489317
MAFK,0.48488516
SFI1,0.48488212
KRIT1,0.48486698
MCEE,0.48485655
NCBP1,0.4848436
TRAF3IP1,0.4848249
ZC3HC1,0.48481917
UQCR10,0.48481753
NAGK,0.48481524
RRAGA,0.48479363
SEH1L,0.48477015
PEX16,0.48477003
MXD1,0.48476857
SLAIN2,0.48476276
LCP2,0.48474908
LOXL1,0.4847409
SERPINB6,0.4846935
MAT2B,0.484687
KCNS3,0.4846721
RPA2,0.48465818
NCK2,0.48465687
MCTS1,0.48465666
INTU,0.48465553
KLHL21,0.48462945
LZTFL1,0.48461902
ITGA4,0.48461813
MTMR7,0.48461276
LAMC2,0.48460755
LYAR,0.4845962
PLXNA3,0.48455206
KLC4,0.48454803
PGP,0.48454562
SSX2IP,0.4845291
MRTO4,0.48449004
PILRA,0.4844792
MPG,0.48447627
UFC1,0.4844676
RAB9A,0.48446554
KLHL12,0.484453
MYCBP,0.48444405
KLHL42,0.48443007
PPM1D,0.48442256
PANK4,0.48439717
RETSAT,0.4843908
JAG2,0.48436955
PYGO1,0.48436818
PACS2,0.48436734
LIG4,0.48435768
MUS81,0.48433772
TMC6,0.48433083
RELL2,0.4842961
STARD3NL,0.48428184
NGLY1,0.48426136
MRPL46,0.48425025
STAT2,0.48421788
KRI1,0.48421273
JMJD6,0.48420352
IRS2,0.48416936
RASGEF1A,0.4841682
PDE4C,0.484127
METTL22,0.48411942
NUB1,0.4840907
HOMER3,0.48405907
MRPL19,0.48402885
PPP1R11,0.48401722
IPO13,0.48401704
KLHL5,0.4840102
HSCB,0.48398656
MGST3,0.48396924
NID2,0.48395896
KIF27,0.4839555
RAB34,0.483921
HEXIM1,0.48391303
POMP,0.48388696
RMDN2,0.4838866
L3MBTL1,0.48386484
RPGR,0.48385915
MED8,0.48381695
SAMM50,0.48381633
POLR1B,0.48381114
GOLGA1,0.48378438
MED25,0.48378325
PPP2R1B,0.4837762
IFT172,0.48377544
PPOX,0.48375043
MRPS31,0.48374563
IFI35,0.4837284
LAMP2,0.48371446
MRPS2,0.48368964
LEMD2,0.48367903
PLCH2,0.48366916
PPIE,0.4836575
LSM3,0.48365104
KLHDC2,0.48363653
ING4,0.4836334
MPC1,0.48362845
MGAT4B,0.48362416
ZNF467,0.4836236
NAF1,0.4836179
HTRA2,0.48361295
PAG1,0.48361176
LSM7,0.48358634
NSA2,0.48356655
SPCS2,0.48355958
STIM2,0.48355952
TGFBR1,0.48354867
ICAM3,0.4835453
PEX2,0.48346984
NGDN,0.48346516
NUF2,0.48344645
MMAA,0.48342365
ORC6,0.4834226
HNRNPLL,0.4834188
ZNF562,0.48339462
SNAPC3,0.483372
MKKS,0.4833415
QDPR,0.48333725
PLCG2,0.483328
PCYT2,0.48331586
MRPS18A,0.4833035
KDM1B,0.48329502
KIF26A,0.48327553
MTMR1,0.4832457
NFATC4,0.48323578
NFKB1,0.48323557
PGAP2,0.48319837
RNPC3,0.48318848
NAIF1,0.4831759
NFKBIB,0.48316988
RBL2,0.48314583
KCNMB4,0.4831426
SIRT1,0.48313728
MTX1,0.48309892
MED23,0.4830824
LMAN2L,0.48306483
OSMR,0.48306403
LRSAM1,0.48306125
NUP43,0.48304525
IRF3,0.48301876
NAA16,0.48301554
HPS4,0.48301503
PTPN23,0.48300317
MANBA,0.4829756
IFT20,0.48297215
LRRC40,0.4829498
SEPHS2,0.48292488
MBIP,0.48290253
MAPK3,0.48290086
THEM4,0.48288718
MKNK1,0.4828745
NME2,0.48285472
MBOAT1,0.4828366
MRPS28,0.48282632
SWSAP1,0.48280048
MRPS22,0.48279387
MID1IP1,0.4827926
RASA2,0.4827926
MTIF2,0.48277223
OSGEP,0.48276836
RRAGD,0.48274773
SSB,0.48270363
STARD3,0.48270267
SLC15A4,0.48269236
MOGS,0.48269236
ISG15,0.4826855
SLC9A1,0.48267218
MOCS2,0.48266414
NEIL2,0.48266017
PDCD7,0.48263937
NDUFV3,0.4826207
SEC22A,0.4826067
NDUFA6,0.48259827
RECQL,0.4825977
MPHOSPH10,0.4825943
RAPGEF5,0.48256946
HSPB11,0.48254946
NCOA1,0.48254564
SWI5,0.4825391
INO80B,0.48252675
SDHAF1,0.48252338
NXT2,0.48251864
MCM10,0.4824869
LEPR,0.482477
IK,0.48243773
RFC5,0.4824374
MAPK12,0.48243728
SUPT20H,0.48242414
RGS2,0.48240212
NUP54,0.4823989
MSL3,0.48237103
RAB27A,0.48236296
PHF5A,0.48234436
NOMO2,0.4823301
RRP8,0.48230004
MRPL33,0.48229948
NTPCR,0.48228908
MLYCD,0.4822843
NOP14,0.4822773
HOXB3,0.48227233
OCRL,0.48226422
LPAR2,0.48226422
PHLDA3,0.48225963
LAMTOR3,0.48225746
NDUFA5,0.48225734
NCF2,0.4822469
PDP2,0.48222187
NDUFS4,0.4822192
PLXNA2,0.48221898
VPS52,0.48220482
MAP4K2,0.48220333
HECTD2,0.48219025
MINPP1,0.48217314
MCM6,0.48217234
SAP30,0.4821707
PANX2,0.48215777
MIF4GD,0.48213378
PHF1,0.48212296
KATNB1,0.48211232
MED17,0.48210984
ZNF91,0.4820996
PPP1R15B,0.48208928
TNFSF13,0.482084
INIP,0.48207587
NCAPH,0.4820736
NCEH1,0.48206896
LAMTOR5,0.48206347
SEC61B,0.48205924
PIK3CD,0.48205602
UROS,0.4820516
TNIP2,0.48204866
NDUFA11,0.48204273
HSF2,0.48202977
PRPF40B,0.4820297
NR1H3,0.48202777
TNFRSF21,0.48202485
HMOX1,0.48199764
IRF2BP1,0.4819713
MED6,0.4819706
KRTCAP2,0.48195
VCAN,0.48194602
MYO5B,0.4819371
NADK2,0.48193297
SEMA4B,0.481926
TNFRSF1A,0.48191667
NR1H2,0.48191562
RASAL3,0.48186895
USP45,0.4818645
PISD,0.48185328
PIGA,0.48183885
PLXND1,0.48183686
TTC21B,0.48183286
PNPLA6,0.48174253
NR1D1,0.48171255
PYGB,0.48170847
MAFG,0.481704
PCDH1,0.48168296
RAG1,0.4816829
PPP1R9B,0.4816694
RUNX2,0.48166516
MST1,0.48166478
RENBP,0.48166
TXLNG,0.48165557
XRCC4,0.48164263
MPI,0.48162782
PRKCH,0.48162052
LEF1,0.48161852
MCCC1,0.48161504
NAT1,0.48160625
IGFBP6,0.48157662
NOM1,0.48155123
PIK3R4,0.48152938
MED21,0.48152873
LPCAT4,0.4814986
KRR1,0.4814916
NANS,0.48147002
NDUFB8,0.4814484
NT5C3A,0.48144406
YIPF6,0.4814248
NOB1,0.48141798
RIT1,0.48141798
NDOR1,0.48136786
PTPN7,0.48135963
PARP14,0.4813487
NDRG3,0.48133698
NOD1,0.48132637
LAMA4,0.48129758
NDUFB4,0.48127127
PCYOX1L,0.4812512
MSRA,0.48121345
LAT2,0.4812082
NEMF,0.4812057
PLCB2,0.48119274
IL16,0.48118833
SAT1,0.48114777
PARP9,0.4811329
NUDT19,0.48112938
MED26,0.4811183
INTS12,0.48110968
LMBRD1,0.48108998
NDUFB1,0.48108897
NAPB,0.48108527
NMRK1,0.48104405
PIK3R5,0.4810306
PLEKHA8,0.4810305
RUSC2,0.4810233
LNX2,0.4810211
IFIH1,0.48101583
ZNF710,0.48097903
ORMDL3,0.4809781
RRN3,0.48097032
PCDHB5,0.48095438
STX17,0.48090783
PHF2,0.4809071
MAP1LC3B,0.4808948
RFC2,0.48088467
NMT2,0.48087507
MTM1,0.48085716
NRP1,0.4808505
MRPL55,0.48083958
MAN2A2,0.4808357
NTAN1,0.4808246
MRPL21,0.4808043
SPRED1,0.48080155
NOSIP,0.48078334
RBM7,0.4807743
UXS1,0.48077112
MYH14,0.48076186
OXSM,0.4807599
MLKL,0.48075983
PSMB10,0.48075327
NDUFA13,0.48074394
MBD1,0.48074102
MAFF,0.48068064
PIK3AP1,0.48067212
TTK,0.4806688
POLR2C,0.48064783
LXN,0.48064277
NIF3L1,0.48063162
MAGOH,0.48062545
METTL7A,0.48059577
MSRB3,0.4805931
KLHL25,0.48058075
NINJ1,0.48055387
RNF19B,0.48055276
ULK1,0.48052385
RRM2B,0.48052326
KCNG1,0.48051402
NFYB,0.48050624
TCEAL1,0.48049155
UBE3B,0.48045594
MRPL16,0.48044994
PASK,0.48044583
MZT1,0.48044488
NAA10,0.48042452
NR4A2,0.48042122
PFDN6,0.48038495
NUBP1,0.48036933
POLR1E,0.48035344
MRPS23,0.4803441
SHQ1,0.48034376
PRPSAP1,0.4803411
MX2,0.4803389
NOL7,0.48032856
PSTK,0.48031494
MAPK8IP1,0.48031476
PRX,0.4802953
MRPS12,0.48029447
MAP3K6,0.48026526
UBL7,0.48026305
PELI1,0.4802531
MRPS24,0.48023194
NIPA2,0.4802175
PABPC1L,0.48021704
PPIL2,0.48020402
PLEKHA7,0.48020232
LIPA,0.4801933
MBD6,0.48017284
MMACHC,0.48016152
MCRS1,0.48012447
MRPL1,0.48011336
RNASEH1,0.48011184
NPDC1,0.48010716
STXBP3,0.4800982
NSDHL,0.48009545
PRKX,0.4800656
MARVELD3,0.4800528
ZFP36,0.4800443
PITPNM1,0.48003727
MRPL41,0.48001316
WDR91,0.4800014
NIT2,0.47997952
NLGN2,0.47995603
NNMT,0.47994438
PHKA2,0.47994033
OAS1,0.47993916
KRT80,0.4799389
MON1B,0.47992802
NELFE,0.47988814
PEX11A,0.47988254
MSMO1,0.47987595
TBC1D13,0.4798485
NPHP3,0.47984752
NLRP1,0.47983697
TRPC1,0.47983566
PPP1R15A,0.4798318
TGS1,0.47981524
SENP2,0.47980326
NRBF2,0.47979462
MEPCE,0.4797912
PAK1IP1,0.47976345
MIEN1,0.47976243
NOL9,0.4797585
MASTL,0.4797518
SIKE1,0.47974923
MR1,0.47970822
RALGAPA2,0.47969738
REC8,0.4796389
NOP10,0.47962618
SEL1L,0.47960654
UBE2A,0.47960603
IDH3G,0.47959062
LLGL1,0.47957867
NPC1,0.47957143
MUL1,0.4795699
PIPOX,0.47956005
PBK,0.47955796
MRPS9,0.47954842
PLCB3,0.4795466
KLHL20,0.4795432
NOL6,0.4795308
MPP1,0.4795214
NSUN5,0.4795159
POLR2F,0.47951463
PTPRU,0.47950077
NEDD9,0.4794904
POLR3B,0.47948933
MZF1,0.479454
PQBP1,0.4794525
SNRPE,0.47944942
NDRG2,0.47942016
MAPRE3,0.47940382
MRPL2,0.47940195
MPP2,0.47938147
PMPCA,0.47937813
PIK3R6,0.4793726
MCM9,0.4793594
RNF138,0.47934663
MED7,0.47934365
MIB2,0.4793133
NID1,0.4792939
NDC80,0.47926697
MPHOSPH6,0.47926554
MAPK11,0.47924304
RELA,0.479242
ZNFX1,0.47923008
PAGR1,0.47922546
MFAP2,0.47919875
RALBP1,0.47919667
PPFIBP2,0.47916535
PRNP,0.479138
USP42,0.47911128
HSD17B7,0.47910842
NME6,0.4791006
PIGG,0.47908655
RUFY3,0.47908106
PPFIA3,0.47903073
MPHOSPH8,0.47901246
TCF7,0.47898844
TP53BP2,0.47898567
TGM1,0.4789794
RNF2,0.47896826
NDUFB6,0.47895765
NMNAT2,0.47894868
MRPL35,0.47894573
TTC5,0.4789441
PARP2,0.47894016
NOMO3,0.47892696
RTEL1,0.47892007
ORMDL1,0.47891998
OTUD3,0.47891435
OPTN,0.47889623
MMP15,0.47889224
MSX2,0.47887978
PIGO,0.47884426
RASSF2,0.4788402
TFAP4,0.47883248
NOTCH3,0.47878993
POLM,0.4787853
POLR2K,0.4787594
KIFAP3,0.47874328
MAP1S,0.47872072
NLE1,0.47869533
PPP1R13L,0.4786815
NFU1,0.478664
MED19,0.4786525
PSMG3,0.47864458
IRF9,0.47862628
USHBP1,0.4786034
ZNF284,0.4785959
PSMG2,0.47859377
PGM3,0.4785805
NT5E,0.47854856
PPP3CC,0.478536
PLCD4,0.47850227
MRPL53,0.47847322
NSMCE4A,0.47842467
PIAS3,0.47838193
RHBDD1,0.4783416
TATDN2,0.47831237
NEK8,0.47830966
TBX2,0.478278
MTO1,0.4782694
PNO1,0.4782501
PCBP4,0.47824034
PAFAH1B3,0.47823647
MYSM1,0.4782303
P2RY11,0.4782081
MED20,0.4781476
NSMAF,0.4781343
RRP15,0.47813424
MRPL9,0.47813365
SRPX2,0.47813272
URB2,0.47813147
RHOQ,0.47811761
LRR1,0.4781132
LMF2,0.47809604
RASSF5,0.47808546
NECAB3,0.47805995
TRIM26,0.47805816
RIC8A,0.47803402
MYO6,0.47801268
PIAS4,0.47800842
RCSD1,0.4779979
MED29,0.47792062
PPM1F,0.47791898
OBSL1,0.47791603
PEX26,0.47791412
SOCS6,0.47791103
PAF1,0.47789383
NME7,0.4778827
NAMPT,0.4778781
SEMA4G,0.4778671
SHPK,0.47785932
TAF5L,0.47785392
MRPS26,0.47784683
MAK16,0.47784668
NFKBIZ,0.47784624
NUDT16,0.477815
NOP16,0.47781086
PPIL4,0.47778815
MPP7,0.47778028
MBD4,0.47777483
SCIN,0.47773305
PRICKLE3,0.4776992
NABP1,0.47769028
MLH3,0.4776489
LTB4R,0.4776411
SLC35A2,0.47763848
MEAF6,0.47762668
METTL21A,0.4776259
PTPMT1,0.47762305
MRPL18,0.47759607
SPAST,0.47756833
METTL3,0.47756246
POLR2D,0.4775219
NEDD1,0.4774547
PRICKLE2,0.47745198
PNKP,0.47744644
TYSND1,0.47743568
SPINT1,0.47741958
NUAK1,0.4773922
RAB13,0.47737086
SESN2,0.47735938
MRPS10,0.4773538
TARBP2,0.4773481
PARP3,0.47731555
POP7,0.47730953
PPP1R7,0.47730377
MBTPS1,0.47729897
UBE2F,0.47726873
PAPSS2,0.4772657
PINK1,0.47725832
NAPG,0.4772475
PPP2CB,0.4772271
PCSK7,0.47721156
MERTK,0.47720027
NR4A1,0.4771894
NOC3L,0.47718072
NEK2,0.4771772
PRKAB2,0.47715455
NOP2,0.47714555
NUP37,0.47714528
PGM2L1,0.47713903
SMOX,0.47713348
SSBP4,0.47712925
PCOLCE,0.477126
PAQR8,0.47711694
RNH1,0.47711423
PSME2,0.4770931
LZTS3,0.47707
RNF168,0.47706923
UVSSA,0.47706804
NFS1,0.47705546
LMBR1L,0.47703344
POLR3GL,0.4770089
TNFRSF25,0.47699502
RAB2B,0.476991
SPAG4,0.47698548
ZNHIT3,0.4769832
MTFMT,0.4769822
PDE12,0.47697115
PYCARD,0.47696394
NAA20,0.47694695
MRI1,0.47693703
QTRT1,0.47692636
MRPS14,0.47692254
NT5C,0.4769095
MIS12,0.47680947
NECAP2,0.47679213
PJA1,0.476779
PARVG,0.4767763
NDN,0.4767752
PDK3,0.47677281
RBBP9,0.4767638
MCM8,0.47675452
PCGF2,0.47673586
NFKBIL1,0.47672352
PGAM5,0.47671485
NAPEPLD,0.47670612
RNF31,0.47670412
PHLPP2,0.47668418
RAP1GAP,0.4766696
MPND,0.476651
LATS1,0.47662815
NXF1,0.47662556
NR2C1,0.4765699
KIF5C,0.47652668
PLOD3,0.47651207
SLK,0.47649443
MAP3K9,0.4764818
PECR,0.47646388
NFYA,0.47640285
MTHFS,0.4763758
NR1D2,0.4763693
YIPF2,0.47634625
PPARA,0.47632316
NEU1,0.47631067
QRSL1,0.47627452
NTM,0.47623256
RABEPK,0.47622114
NCLN,0.47621968
RAD50,0.47618455
STARD10,0.47616088
NDUFA3,0.47615772
SHF,0.4761532
WARS2,0.47614595
METTL14,0.4761284
RIN3,0.47612476
YEATS4,0.4761093
MFAP3,0.47603777
SOCS7,0.47602868
SEC61A2,0.4760175
RNF185,0.47601563
RILP,0.47601297
PITX1,0.47600493
RHOT1,0.47599417
NDUFA12,0.47597736
MFN1,0.4759737
MTIF3,0.47597143
PCYT1A,0.47596258
MRPL47,0.4759455
PDPN,0.4759416
NDUFA8,0.4759347
MSRB2,0.47593212
PURA,0.47592714
MECR,0.4759209
SEMA4C,0.47590062
REEP2,0.47589734
NDUFAF7,0.4758942
PARD6G,0.47588146
MRPL50,0.47580513
TBC1D2,0.47579876
PTPRE,0.4757826
RP2,0.47574437
TRIM32,0.47573864
PAIP2B,0.4757332
TCTN3,0.4757219
NELFA,0.47571588
ORMDL2,0.47570366
ZNF622,0.47569644
RARB,0.47569185
MRPL54,0.47568852
PDE5A,0.4756704
SRPRB,0.47565448
UNC5C,0.4756535
RAB4B,0.4756515
RABIF,0.4756466
NOL8,0.47563744
SYVN1,0.47563013
MRPL27,0.4756246
NAGA,0.4756192
OIP5,0.47560728
ZNF773,0.47560695
MICALL1,0.47559515
UBE2Q2,0.47559267
STARD8,0.47558975
RCN1,0.47558716
MED4,0.47558635
RALB,0.47555956
ZNF184,0.4755568
PSMD10,0.47553658
NFASC,0.47551313
PLP2,0.47551212
OSGEPL1,0.47550145
SDF2,0.4754699
MRPL22,0.4754666
PLTP,0.4754546
NME3,0.475451
NPR1,0.4754496
MRGBP,0.47543955
NDUFAF1,0.4753776
SMPDL3A,0.47533438
PARS2,0.47531563
MAGOHB,0.4753047
TMEM176A,0.47529408
PRPF39,0.47527504
MRPL40,0.47526512
POU2F2,0.47524637
PAIP1,0.47522807
RHOBTB2,0.4752224
PHF11,0.47519943
ZNF791,0.47514516
PEX1,0.4751445
ZNF221,0.47508812
RPL7,0.47508693
OAS2,0.4750611
SPRED2,0.4750349
PGM2,0.47503203
PMVK,0.47503176
RCCD1,0.47499052
TRAPPC6A,0.4749464
TRPM2,0.4749331
TUBD1,0.4749265
NR2C2AP,0.47492233
MED9,0.47492093
RTN4R,0.47490725
SLC5A6,0.47490397
UQCR11,0.47490123
TUBGCP6,0.47490028
PYGO2,0.4748855
SLC35E3,0.47487348
PHAX,0.4748724
PTH1R,0.47486877
UAP1,0.4748563
PREX2,0.47483864
YARS2,0.47483775
RNF139,0.47483206
OMA1,0.47483167
ZWILCH,0.47482243
VMA21,0.47480065
PVR,0.47478366
ZNF700,0.47478256
ZNF687,0.4747812
PMP22,0.47474256
RFK,0.47473258
ZNF318,0.47471258
PDE6D,0.4746769
PIGS,0.47464794
S100A3,0.47464725
RNF20,0.47464576
PRKCD,0.47463888
PEX3,0.47458926
TBL3,0.47456723
PPT2,0.474532
NRCAM,0.47448403
SIGIRR,0.47447124
OSTM1,0.4744616
LMOD1,0.47444612
MICU2,0.47444206
RAPGEF4,0.47444022
MYBL1,0.47441474
NSMCE1,0.47440845
SLC6A9,0.47440708
PPM1K,0.47433752
SAR1B,0.4743327
PEMT,0.47431672
NUDT16L1,0.47431177
MAPK13,0.47430962
PDCL,0.4742936
MLPH,0.47426003
POLR2I,0.4742203
MOAP1,0.4742134
PI4K2A,0.47418407
RFXAP,0.4741744
SLC12A9,0.47416723
NKIRAS1,0.47412917
PSEN2,0.47409454
PARD6B,0.47406507
OPN3,0.47406238
UTP20,0.4740568
SIPA1,0.4740536
SFN,0.47401813
ZFYVE27,0.473998
NTN4,0.4739672
VCPIP1,0.47393823
ZNF248,0.4739137
NAA30,0.47389433
RNF6,0.47388285
TWF2,0.4738655
SMDT1,0.4738342
NCKAP1L,0.47381017
RELT,0.4738099
PEX11G,0.4737633
PRKAG2,0.47375622
PKP3,0.47373578
OAT,0.4737348
SLC26A6,0.4737063
SLC27A5,0.47366014
TUBGCP4,0.47365397
PDCL3,0.47365135
PARP12,0.47363594
ZNF84,0.47363135
PPP1R8,0.4736121
PRDX4,0.47359434
TIMM17B,0.47359136
POLB,0.47357103
NSUN6,0.47356376
TAF9,0.4735571
RBM34,0.47355637
NDUFA9,0.47354284
SPPL2A,0.47351736
TERF2,0.47351542
NHEJ1,0.47350976
PKN3,0.47342402
RAVER1,0.473399
MOK,0.47337756
UBA5,0.4733762
SMYD4,0.4733534
RAD9A,0.47334048
PLA2G15,0.47333556
SORD,0.47331858
TNFRSF1B,0.47329876
PIGT,0.4732326
ZNF335,0.47322673
POLR3C,0.47322372
REEP4,0.47321883
ORAI3,0.4732148
MRPL39,0.4731677
RAB3IP,0.4731526
SETD7,0.47314546
PACSIN3,0.4731397
PEX13,0.4730634
RGS14,0.4730618
TMED7,0.4730473
RPL26L1,0.4730317
PLCE1,0.47303063
POLRMT,0.4729757
PIGC,0.47293645
SMPD1,0.47292247
TDP2,0.4729164
PTPN21,0.47289655
PGGT1B,0.47288078
SHCBP1,0.47284678
SYT7,0.4728303
RPS27L,0.47281468
UNC119,0.472786
NUDT9,0.47278526
RBAK,0.47275212
RAD1,0.47272724
PTCD1,0.47272584
SHB,0.47272548
SIAH1,0.4726771
POLR3G,0.47267428
ZFP82,0.47261122
RHPN1,0.47258577
PDCD5,0.47258416
PLRG1,0.47258356
PRPF4,0.47256026
RAB33B,0.4724853
PTN,0.47245422
PBDC1,0.47245336
SAV1,0.47244316
REXO1,0.47243506
TBCEL,0.47242543
PSMD5,0.47242358
PCSK6,0.47239947
PLXNA1,0.47235653
RRP12,0.47232684
RIPK2,0.47229612
POLR3F,0.47227567
RABL2A,0.4722617
PMM1,0.47224867
TBC1D32,0.4722122
VPS26B,0.4721989
REXO4,0.47219747
UMPS,0.47217774
PTS,0.4721763
RNF113A,0.47214672
TSPYL2,0.4721424
NOL11,0.47214043
RGS1,0.4721279
POLE2,0.4721246
VAMP3,0.47211972
RAB25,0.47210684
PTPRN2,0.4721009
POLE4,0.4720889
RBM22,0.47205633
RIN2,0.47204277
PNPLA7,0.47203788
PPIH,0.47202802
RRP1,0.47202727
PCSK5,0.4720247
PRKAR2B,0.4720058
SERPINB9,0.47197106
SKAP1,0.47196236
UBE2B,0.47192386
TERF2IP,0.47188058
PFKFB2,0.47175533
STX1A,0.4717114
PNPLA2,0.4716833
ZNF26,0.47168043
PIGQ,0.4716801
PRKD1,0.47167534
TRPC6,0.47167173
PEX11B,0.47166222
PLEKHG2,0.47164086
TPD52L1,0.4716346
MTMR6,0.4716208
PLK4,0.4716184
TOB1,0.4715893
PIP4K2C,0.47158378
TRIP11,0.47155452
PLEKHG4,0.47154564
SEMA4F,0.47154462
RNF123,0.47150993
REXO2,0.4714963
ZDHHC9,0.4714884
TBC1D20,0.47148308
RHPN2,0.47147948
POP5,0.4714624
USP46,0.4714412
THOC6,0.47139347
SLC18A2,0.47135147
SURF6,0.4713511
PSMC3IP,0.47131523
SUV39H2,0.47130147
MICAL2,0.47130114
RGS19,0.47127238
NFIL3,0.471268
ZNF256,0.47125995
ZNF160,0.4712432
RAB20,0.4712348
ZNF709,0.47122777
PPP1R13B,0.47117794
TOP3B,0.47112253
NUFIP1,0.47111925
SEC23B,0.47109082
PDLIM2,0.47106707
RNF181,0.47105977
PRKAB1,0.47102386
PSMC6,0.47102147
RND3,0.47098243
MRPL44,0.4709724
TCEA2,0.47092637
POMGNT1,0.47089964
RAB37,0.47081813
SH2D2A,0.47080004
PGAP3,0.47069025
RAB21,0.470689
RAB38,0.4706608
TXNRD2,0.47063154
PPP2R3C,0.47058865
PANX1,0.47056547
TNFRSF12A,0.47053453
RPP21,0.4705198
TRIM69,0.4704912
SPRY1,0.4704214
VPS4B,0.47040656
SH3GLB1,0.4703921
RABGGTA,0.47036204
PAM16,0.4703368
RAD51C,0.47033298
RRS1,0.47030616
TINF2,0.4703018
TCEA3,0.4702902
SLC25A20,0.47028348
POLG2,0.47027302
PDGFD,0.4702357
PITRM1,0.47022474
SEPSECS,0.47021705
TMED5,0.47021493
PLD2,0.47018778
PICK1,0.4701731
U2AF1L4,0.47013682
PLEKHG5,0.47011507
PALMD,0.47000447
PNPLA4,0.46997446
TMEM214,0.46996602
THUMPD1,0.46996203
SKIV2L,0.4699583
SDC3,0.46994993
TPK1,0.4699215
RPAP3,0.46991497
UPP1,0.46989274
TMED1,0.46987474
RGS17,0.46984327
SMAD1,0.46983847
PER3,0.4698083
PAK6,0.46977648
TIAM1,0.4697674
NDST2,0.46975687
SH2B2,0.46972314
SDC1,0.46972278
SLC25A28,0.46971524
TMOD2,0.4697073
VPS37C,0.4696688
PRDM4,0.46963897
PUS3,0.469585
STK36,0.46956807
UROD,0.46952716
TTC30A,0.46951887
XAB2,0.4695094
TUBGCP5,0.46950623
RGP1,0.46950424
PAN2,0.46950382
PEX7,0.46949825
PIGV,0.46948507
TRIM2,0.4694711
PDSS1,0.46944565
UGDH,0.4694291
ZNF274,0.4694291
SEC11C,0.46940672
ZNF577,0.46939397
PODXL2,0.46934116
RGS16,0.46933603
SYDE2,0.46930033
PPCDC,0.4692969
NLRX1,0.46927223
PDK2,0.46925706
POFUT2,0.4692228
POLI,0.4692055
PIGB,0.4691924
RPP40,0.4691862
PRR5,0.4691401
SGMS2,0.46913162
XYLT2,0.46912694
RAB8B,0.46910584
TRAIP,0.46905655
SARDH,0.4690106
RABL2B,0.4690057
STAT5A,0.4689495
SERPINE2,0.4689452
SPRY4,0.46893653
POP1,0.46887207
RCE1,0.46886835
RMDN3,0.4688463
ZNF430,0.46882716
TBX19,0.4688215
RGMB,0.46877518
RAD51D,0.46877465
SETD6,0.468734
ZNF7,0.46871215
PRPS2,0.4686948
SMC2,0.46868336
SSH3,0.468682
PDP1,0.4686387
PBLD,0.4686348
RAB3D,0.4686281
RHBDF2,0.46861523
RNF135,0.46852133
TOLLIP,0.46844953
RIOK3,0.46843007
TFB1M,0.46840715
SEMA5B,0.4684041
PTRH2,0.46839747
UQCRQ,0.46835887
RAP2C,0.46830705
NDUFAF4,0.4682943
OAS3,0.46826082
VPS37D,0.46825582
TTF1,0.4682087
SLAMF7,0.46820188
PTAFR,0.4681517
SLC25A38,0.46813914
PKIA,0.46813157
PEX12,0.46812516
TIMM44,0.46812242
SCCPDH,0.4680424
RIN1,0.46803948
YOD1,0.4680379
RNF25,0.46796688
ZNF267,0.46792755
PCDH18,0.46792188
PIGW,0.46790937
PLEKHG6,0.46790248
OCLN,0.46787477
RABEP2,0.4677952
RECK,0.4677149
RAB24,0.46763402
PRRT2,0.46762124
RCAN1,0.4675772
PPP1R3B,0.4675677
PLS1,0.4675508
SLC7A7,0.46753436
SNRNP48,0.46752414
TFAM,0.4674563
VARS2,0.46744582
NFRKB,0.46735775
SGK3,0.46734732
RCHY1,0.4672841
SEMA6C,0.46725893
RCAN2,0.46723425
NIP7,0.4672083
RPAP1,0.46719658
RINL,0.46714154
PPID,0.46713388
PPWD1,0.4671074
SGSM3,0.46707672
PAFAH2,0.46697116
RNASET2,0.46691397
THAP1,0.46687528
ZNF33B,0.46685326
RHOB,0.46683392
WDR55,0.4667879
ZNF808,0.4667556
ZNF71,0.46670738
RPIA,0.466705
SEMA5A,0.46668345
POMK,0.46665257
PIGF,0.4666456
THSD1,0.4666213
ST8SIA4,0.46661976
THOC1,0.4666176
RING1,0.46659255
SLC40A1,0.46658954
SELPLG,0.4665267
WDR45,0.4665075
RPP30,0.4664898
ZNF354A,0.46648285
VPS11,0.4663871
ZYG11B,0.46636102
RASGRP3,0.4662957
PNKD,0.46629232
SENP8,0.46628448
STK11IP,0.4662265
TNFRSF10A,0.46621704
PDK4,0.46621063
ZNHIT1,0.46612233
ZDHHC21,0.4660776
STX11,0.4660579
SLC7A8,0.46603855
SCUBE2,0.466034
SGSH,0.46603274
STX4,0.46602848
RAB40B,0.46599308
TREX1,0.46597698
SLC22A4,0.46596906
ZNF337,0.46593294
SLC30A1,0.46591118
PIGM,0.4659002
SYT11,0.4658813
ULK3,0.46587363
WDR35,0.46587187
SMNDC1,0.4658402
RAB6B,0.46581355
ZNF2,0.46573094
THAP11,0.46571925
RNF14,0.46565133
RNF8,0.46555322
ZCCHC4,0.46550998
TRAPPC11,0.46542057
RGCC,0.46540785
RUSC1,0.4653867
ZNF143,0.46538386
ST3GAL6,0.46537894
STX12,0.46533215
RANBP6,0.4652901
PHKA1,0.46528623
ZNF429,0.46526608
TMEM126B,0.4652615
RPF1,0.46522424
SRR,0.46519876
PSMA2,0.46518496
RBMX2,0.46517614
SATB1,0.4651668
PRMT6,0.46515444
PHKG2,0.46511522
TAB3,0.46510842
TRUB2,0.4650716
RIOK1,0.46503034
TGFBRAP1,0.46502823
SIRT6,0.46502045
SLC12A2,0.46498787
SPR,0.4649774
SLC35B1,0.46496788
SPN,0.46493518
PLEKHA3,0.464918
PRPF31,0.46491405
PRPF18,0.46491396
YPEL5,0.46490082
UBXN2A,0.46484157
TAF8,0.4647782
PER2,0.46477434
RIPK1,0.4646375
UBL4A,0.46461794
ST8SIA1,0.46453592
TRAPPC5,0.4645303
SGIP1,0.46452582
ZNF774,0.46452275
SLC27A1,0.4645144
TBC1D17,0.46444115
SYNGR1,0.46440208
SNAP29,0.46438903
TAF11,0.46437576
TMEM147,0.46432906
PORCN,0.4642895
SRP19,0.46428478
SMYD5,0.46427757
TLE1,0.4642735
SESN1,0.46423954
POMGNT2,0.46423352
RPGRIP1L,0.46417296
RBM45,0.46416095
TIPRL,0.46410352
POMT1,0.46409357
ZNF670,0.46408918
RTCA,0.4640605
PDZD11,0.4640425
RRAGB,0.4640052
RAB11FIP5,0.46399355
ZNF383,0.4639767
SYNE3,0.46397167
TSEN54,0.46392453
TEK,0.4639057
RRP9,0.46385244
SERPINF1,0.4637707
SNRPG,0.46375796
PIWIL4,0.46371078
SLC4A11,0.4636972
TOR1B,0.46366498
PEX10,0.4635962
TNXB,0.46356174
TRAPPC4,0.46348533
SH2B3,0.46345612
RPP38,0.46332887
ZNF12,0.46331987
TGM2,0.4633054
SCNM1,0.4632573
UBE2D4,0.46320698
VAMP4,0.4631634
WDR19,0.463108
SULF1,0.46308175
TELO2,0.46306062
PPFIA4,0.46304977
RTN4IP1,0.4629863
RHBDF1,0.46298105
POGLUT1,0.4629473
RHOU,0.46293023
ZBTB33,0.4629302
PI4K2B,0.46288013
SYTL2,0.46285626
RCAN3,0.4628363
PTGER4,0.46281785
RPL36A,0.46278453
ZNF783,0.46277797
REPS2,0.4627441
ZNF526,0.4627219
ZNF41,0.46267658
SPRY2,0.46266043
UBA3,0.46265158
ZNF100,0.46264195
TBC1D24,0.4626275
SRA1,0.4626166
TPMT,0.462502
ZNF764,0.46249497
SNTA1,0.4624744
RAB42,0.46244055
TRO,0.46240127
RASGRF2,0.4623929
TAF1C,0.46238688
SUPV3L1,0.46234906
SLC39A4,0.46229085
SNX18,0.46221995
TRIP4,0.46214437
SYF2,0.46208674
VGLL3,0.4620561
SEC31B,0.4620521
SARM1,0.4620452
ZNF841,0.46203518
SEMA6B,0.46203226
TRPV4,0.46203196
SIVA1,0.46202686
TIFA,0.4620025
SNAPC1,0.46198526
TIMP3,0.46196195
ZKSCAN3,0.46194586
ZNF790,0.46189457
PRICKLE1,0.46189144
XYLB,0.46188542
ZNF43,0.46188208
SHARPIN,0.46184683
TBC1D25,0.4617877
SLC25A22,0.46176675
USP20,0.46175352
TAZ,0.46173796
SPSB3,0.46173534
SMARCD3,0.46168724
TAF1B,0.46166104
RNF103,0.4616462
UCK1,0.46161723
TMEM187,0.46158004
ZNF460,0.46155918
ZNF3,0.46155456
TMOD1,0.46155387
ZNF461,0.46154064
ZNF555,0.46153784
SYDE1,0.46149433
SLIT3,0.4614208
SNAPC5,0.46141756
ZNF708,0.46134
ZDHHC8,0.4613344
TDRKH,0.46130815
SPDYA,0.46130642
SUPT7L,0.46129394
UNC93B1,0.4612284
SURF1,0.46122417
TRIM39,0.46118715
RGL2,0.46117455
TRIB3,0.4611577
STXBP2,0.4610982
ZBTB17,0.46107724
TRAPPC2L,0.4610483
RPS6KA4,0.4610464
TTC12,0.46103746
ZNF614,0.4609999
SLC9A3R2,0.46095175
RBPMS2,0.46090505
ZNF443,0.46090266
RNASEH2B,0.4608466
ZNF605,0.460844
SLC27A2,0.46083626
SPTBN4,0.46082184
SYTL1,0.46080607
TADA1,0.46080554
ZNF17,0.46079627
PLA2G12A,0.46077394
RAP2B,0.46077216
TIMM8A,0.46074423
SPATA13,0.46070558
ZNF81,0.46066254
TOR1A,0.46061197
SLC1A1,0.46061137
TRIAP1,0.46055976
TMEM107,0.46053377
SYTL4,0.4604168
SNIP1,0.4603986
TOPORS,0.460384
ZNF101,0.4603512
SPIRE2,0.46032476
ZNF433,0.46029684
TSNAX,0.46026912
TEX264,0.4602224
ZNF480,0.4602053
TCTN1,0.46020362
TBC1D23,0.46015424
TIMM21,0.4601383
ZNF415,0.46012264
VAMP2,0.46003816
TBC1D8B,0.459996
UBQLN2,0.45998153
RAC3,0.45997053
SYNJ1,0.45987836
SNAI1,0.45984295
UPRT,0.45984292
TRIM13,0.45978338
PPP2R3A,0.45972934
STAM2,0.45971218
RTKN,0.45969227
SPI1,0.45964843
ZNF57,0.45955548
ZNF320,0.45951408
ZNF227,0.45946133
RIOK2,0.4594215
TPRN,0.45937458
SNRNP27,0.45935073
TICAM1,0.45933917
UBE4A,0.45931762
TRMT1,0.45926595
SLC35A1,0.4592394
SH2D3A,0.45914778
ZKSCAN5,0.45912758
TMEM115,0.45910588
ZNF251,0.4590328
TST,0.45898986
TRAPPC6B,0.45893076
TNFRSF10D,0.45889464
ZNF546,0.4588934
STX2,0.4588925
TAF5,0.45884922
S1PR4,0.45878157
ZNF600,0.45873982
RPP25L,0.4587081
VRK3,0.45868555
SIAH2,0.45846984
SPRTN,0.45840815
TRPC4,0.45834598
TRIM35,0.45831108
SLC35D1,0.45830446
TSFM,0.45829582
VANGL2,0.45828554
TTC26,0.4582756
ZSCAN32,0.4582507
USP43,0.4582315
TOM1,0.4582044
ZNF510,0.45810446
TBC1D7,0.45806897
TMEM70,0.45804375
S1PR1,0.45803407
ZNF224,0.45801005
UBE2T,0.45798865
ZNF793,0.45796806
ZFP90,0.45791614
ZNF626,0.45785305
STRIP2,0.45779774
SERPINF2,0.4577935
ZNF302,0.45774692
SKA1,0.45774144
RNF144A,0.45773345
TBXAS1,0.45772615
SORBS1,0.4577203
ZW10,0.4576699
SMPD2,0.45763457
ZNF44,0.45762306
VPS18,0.4576209
SNX33,0.45758736
SUOX,0.45752412
WRAP53,0.45752123
ZNF442,0.45751554
TLR7,0.4574953
TAGLN,0.4574903
TP53INP1,0.45742074
RPL21,0.45728913
VIPAS39,0.4572025
TAP2,0.4571576
ZNF684,0.45714673
TLR6,0.45712683
ZNF530,0.45712364
TRADD,0.4571161
ZNF300,0.4570385
PELI3,0.45701963
SNAPC2,0.45701075
VPS28,0.4569335
TM7SF2,0.4568445
SLC25A14,0.45684004
TRIM38,0.45682707
ZNF136,0.45676878
VPS37B,0.45670015
ULK2,0.45661467
TRIM6,0.45661423
PSENEN,0.4565986
SAT2,0.45658892
ZNF132,0.4565671
SGCB,0.4565441
ZNF197,0.45654172
SLC1A3,0.45653507
UBIAD1,0.4565198
ZNF317,0.45646158
TBCC,0.45641002
WDR5B,0.45637655
TFB2M,0.4563639
SIRT3,0.4563146
USP16,0.45626235
ZNF529,0.45621064
TXNL4B,0.45609584
WNT2B,0.45609128
TRIM68,0.45607722
ZNF766,0.45603636
ZFPM1,0.45597407
SPATA2L,0.45594597
TSNARE1,0.4559431
TBP,0.4559269
ZNF567,0.45592445
THAP7,0.4559218
SURF2,0.4559044
TMEM67,0.45584077
ZKSCAN4,0.45581105
SIRT2,0.4557633
TCN2,0.45571864
UNC5B,0.45565477
RDH10,0.45561677
STX10,0.45559508
ZNF394,0.45554748
SVIP,0.45551652
SNRNP35,0.45547917
UBE2D1,0.45546606
TNFSF13B,0.45545024
TEFM,0.45543134
ZNF250,0.45541596
ZNF699,0.45537946
ZNF500,0.45535856
TMEM179B,0.45529327
TRMT5,0.45525643
SOCS3,0.45522562
TCTN2,0.45501602
TMC8,0.45495582
TSSC4,0.454926
TRMT61B,0.45489284
ZNF235,0.45486373
ZKSCAN7,0.45475072
TOR4A,0.45471802
TDRD7,0.45469067
ZNF18,0.4546863
ZNF182,0.4545781
TSEN34,0.45454353
SPTLC3,0.4545308
ZNF180,0.45450628
ZSWIM7,0.454489
SLC22A17,0.4544415
ZNF212,0.45441392
WDR83,0.45441362
ZNF528,0.45435956
SLC30A4,0.45431733
TRIM45,0.4543014
ZNF566,0.45426902
TFIP11,0.45425928
WDR48,0.45424
SLU7,0.45422518
SPON2,0.45420158
ZNF283,0.45416346
SEMA4A,0.45411763
ZNF92,0.45409167
UFL1,0.4540899
TRMT6,0.4540783
TMEM186,0.45400476
ZNF768,0.45398906
TRIM41,0.45396712
TP53RK,0.45374554
RWDD3,0.45374075
SPICE1,0.4536975
TBKBP1,0.453673
ZIK1,0.45365554
TRIM3,0.45362017
ZNF780B,0.45360354
SMAD9,0.4535389
SLX4,0.4535381
ZNF549,0.45352966
TRIM62,0.4535266
TGFB3,0.45350927
SIRT5,0.45346573
ZNF738,0.45345846
TWF1,0.45345068
ZNF506,0.4533958
TBC1D10C,0.4533894
ZNF561,0.45335266
WDR61,0.45334986
TNFRSF11B,0.45329568
SLC2A8,0.45327148
ZNF641,0.4532581
ZNF45,0.4532316
TPRKB,0.45315355
SLC27A4,0.45314384
SPSB2,0.4530869
TRUB1,0.4530261
ZNF778,0.45296934
USP21,0.45293325
ZNF324B,0.45281842
STRADB,0.45279574
ZNF439,0.45277315
TNFSF10,0.45269814
TRIM46,0.4526599
TFAP2E,0.45263523
UBA7,0.4524837
VCPKMT,0.45243734
RRAGC,0.45240143
ZNF211,0.4523576
ZNF701,0.45227116
TM2D2,0.45219773
STAP2,0.4521675
ZNF823,0.45211068
SERPINB8,0.45206508
TEP1,0.4520559
ZNF350,0.4520321
ZNF264,0.45202133
ZNF112,0.45197928
ST14,0.4519434
WNT5B,0.45186353
UTP14C,0.4518203
TECPR1,0.45164946
VAMP1,0.4516361
TJP2,0.4515741
ZNF189,0.45155153
ZNF765,0.45147648
TXNDC16,0.45145193
WBP4,0.45139664
USP35,0.4513685
TRPV2,0.4512872
YIF1A,0.4512645
ZNF175,0.45118052
ZNF543,0.45108104
TESK1,0.45105845
TBC1D10A,0.45103127
ZNF493,0.4508354
ZNF133,0.45075655
ZNF385A,0.4506805
WASF3,0.45064622
ZNF79,0.45063528
ZNF674,0.4505415
ZNF347,0.45050237
TDG,0.45045736
YIPF5,0.45043007
SMG8,0.4503438
UFSP2,0.45023865
TAF9B,0.4502122
TACO1,0.45017076
SNTB1,0.45016158
ZNF32,0.4501523
TAF1A,0.45011
TRIM23,0.45008492
UPF3B,0.45006213
TFAP2C,0.44989848
ZNF426,0.4497867
ZNF440,0.44968832
TRAF6,0.44961244
TXNRD3,0.44949943
TP73,0.44948575
SETMAR,0.44935083
ZNF649,0.44928822
TOMM40L,0.44913512
TGFB1I1,0.44909048
TUBG2,0.44907916
ZNF846,0.44907558
SEZ6L2,0.4490675
WHAMM,0.44906092
WDR81,0.44900385
ZNF200,0.4489384
ZFP69B,0.44882408
SLC44A3,0.4487699
VLDLR,0.44872552
ZNF419,0.44868693
ZNF10,0.4486029
TSPAN12,0.4485206
ZNF354B,0.4484886
SPATA2,0.44847363
ZNF620,0.44845068
UBLCP1,0.44844905
ZNF416,0.448395
ZNF420,0.44839042
ZNF140,0.4483238
UAP1L1,0.44831958
YRDC,0.44826573
ZFP1,0.4482599
ZNF814,0.44823146
TMEM216,0.44794974
ZNF552,0.44792703
XYLT1,0.4479151
ZDHHC2,0.447759
SRD5A3,0.44754672
UTP23,0.4475236
WNT9A,0.4475089
TRMT10C,0.44748646
ZNF711,0.44746554
ZNF548,0.44732085
ZNF607,0.44731796
ZNF780A,0.44729862
ZNF74,0.44721377
ZNF593,0.44718498
SGPP2,0.44689715
ZNF473,0.44684666
ZNF470,0.4467927
ZNF517,0.44669074
TADA2B,0.44644552
ZNF550,0.4464292
ZFPM2,0.4463621
ZNF611,0.44632506
ZNF141,0.4461064
TRIM21,0.44602305
ZNF253,0.44560468
TAF13,0.4455745
ZNF516,0.44551423
ZNF564,0.4454098
ZNF155,0.4449935
ZNF304,0.444983
ZNF273,0.44483936
VASN,0.44483364
ZNF34,0.4448126
UCHL3,0.4446668
UBOX5,0.44462356
ZNF671,0.44459406
TRIM36,0.44457012
ZNF69,0.4445664
ZFP30,0.44453168
WTIP,0.44438925
ZNF135,0.44427487
TP53I3,0.44398883
TAF6L,0.4439457
ZNF691,0.44355792
ZNF333,0.44344977
ZNF585B,0.44328555
ZNF485,0.44296205
ZNF225,0.44293624
ZNF234,0.4427079
UTP14A,0.44228
ZNF490,0.44215328
ZNF14,0.44172734
UTP3,0.44153172
ZNF486,0.4410707
YIPF1,0.44069767
ZNF615,0.44069558
VPS33A,0.4405327
ZFP14,0.44028014
ZNF222,0.4401318
ZNF558,0.440026
ZNF557,0.43927094
ZNF776,0.43886226
ZNF813,0.4386584
TUBA8,0.43840307
ZNF569,0.438361
ZNF573,0.43702522
ZNF677,0.43640935
ZNF527,0.43635958
ZNF19,0.43446064
ZNF423,0.4342712
ZNF202,0.4340817
ZNF585A,0.4328382
ZNF468,0.43163705
ZNF830,0.43056867
ZNF772,0.42656487
