Gene Name,Score
AAAS,0.84477556
AAK1,0.8329335
AACS,0.8251655
AAMP,0.81896806
AASDH,0.81075054
AATF,0.79225886
ABCA1,0.7909379
AASS,0.7901973
ABCC3,0.7875641
ABCC1,0.7850146
ARL4A,0.7839293
AARS2,0.76573414
DCLRE1B,0.75216514
CLIP3,0.75200754
ABCG1,0.73817104
DUSP10,0.7322277
C18orf32,0.7314254
ABCB6,0.729945
ABCA2,0.7283441
CTHRC1,0.725922
AK9,0.7249575
ADAM9,0.71984035
ABCF2,0.7166819
AGPAT4,0.7158377
AQP3,0.7151345
ACAP2,0.71245015
ADCY6,0.7084215
AFG3L2,0.7078582
ACTN4,0.706691
A1BG,0.7066851
ABCD3,0.7064423
ABCA7,0.7034005
FUCA1,0.70087564
AP1M1,0.6952295
ACADVL,0.69492155
ABI3,0.69426453
AZI2,0.6935068
CKS2,0.690144
BMI1,0.6884113
KIAA0513,0.6878322
ALDH4A1,0.6870466
ASL,0.6845348
HSD17B1,0.68445224
ADAM12,0.6839619
MATN3,0.6822551
AHI1,0.6822305
ACTR6,0.6821012
CASP2,0.68185073
FAM131B,0.68178004
DHRS11,0.6789654
LIPE,0.67854595
CDKN2AIPNL,0.6782538
AFF4,0.67745763
ALG5,0.67613447
AHNAK,0.67612994
DUSP12,0.67593026
CHST1,0.6758203
ADAM15,0.675793
ADAM10,0.6757629
CAMK2G,0.67557186
LIPG,0.6754147
GNA15,0.67442495
ACACA,0.6733439
AK2,0.67319846
ARHGAP39,0.67296916
GGPS1,0.67277724
CACNB1,0.6724435
FDX1,0.672105
CELSR1,0.67117095
PELI3,0.66978705
AGO2,0.66972905
FBXL14,0.66944766
ALKBH1,0.6690735
CAMKK1,0.66809344
AGPAT5,0.66749096
EIF4ENIF1,0.6674876
EYA2,0.66718554
CDK11B,0.665892
LRRC8E,0.6658078
FBLIM1,0.66575557
ANAPC1,0.66553503
PTGER4,0.6653385
P2RY6,0.6652413
C7orf26,0.6650572
FBXO45,0.6646255
ABCB4,0.6635735
ACAA2,0.6633765
CCNG1,0.6624034
G6PD,0.6615143
CALML4,0.6614755
ARFGEF1,0.66130805
ANTXR1,0.66084117
F13A1,0.66068786
BAZ2A,0.6605009
INPP1,0.66038597
DCUN1D3,0.66031736
CPSF2,0.6602426
GPATCH1,0.6600117
ACO2,0.65986335
AGO4,0.6594935
CLCN6,0.65920264
CD1D,0.65903115
ATG5,0.6589205
ADCY7,0.65866715
CALCOCO2,0.65862256
DEPDC1,0.6582197
ATXN1,0.6581618
BCAR1,0.65812606
CCNH,0.6579008
E4F1,0.6578896
BRIX1,0.6577201
ATP2B1,0.6576417
ACTA2,0.6575703
CDT1,0.65742195
IGSF6,0.6573152
ALDH7A1,0.6570197
DDX19A,0.656632
ANKRD44,0.65634954
RASGRF2,0.6562181
CYFIP2,0.6559621
ARL6,0.65557426
CASZ1,0.65533304
CHPF2,0.6552297
CHD7,0.6549984
DHX35,0.6548813
MAOA,0.6547722
ASPSCR1,0.65464175
GFM1,0.65419185
ATRN,0.65418684
EPN1,0.6538797
ALDOC,0.6537908
BICD1,0.65368694
CHD1L,0.6531165
PIGP,0.6530718
MOK,0.6529864
B4GALT2,0.65296006
ARRB2,0.652851
CDR2,0.65255034
HAVCR2,0.65255016
B3GNTL1,0.6525134
ATF7IP,0.6524373
ARL8B,0.6524017
COQ7,0.6523383
EXO1,0.6522542
CES2,0.65209025
DGKH,0.65199894
ING3,0.65196335
GGA2,0.6517249
CCNYL1,0.651198
FZR1,0.65099865
APPL1,0.6508767
JAG2,0.65078187
DLG5,0.65066713
CAPN2,0.6501942
ATP8A1,0.64998305
ALKBH5,0.64990383
CUL9,0.64986175
IFT88,0.6498189
CD109,0.6497933
ITPKB,0.64977175
CITED2,0.649719
LFNG,0.64945817
FNTB,0.6494188
CYTH1,0.6492769
AKAP13,0.6492372
BTBD3,0.6491709
HPRT1,0.6491427
HSPB11,0.6491004
HOXA3,0.649094
CLEC2D,0.6490385
ARHGAP17,0.6489723
CHSY1,0.64860815
ARF4,0.6485511
NFU1,0.64842916
DEPDC5,0.64842206
HAUS6,0.6483682
LRWD1,0.6483041
BARD1,0.64814204
AP3D1,0.6481089
CMAS,0.6478961
C2CD3,0.6476001
C11orf49,0.6472371
RPP40,0.64704645
ANO6,0.6470309
CCDC91,0.64693993
DDX52,0.64679724
CDC42BPA,0.64669096
MEPCE,0.64663047
ATP6V0A1,0.646599
MIF,0.6465359
AP2M1,0.646517
CCNF,0.6463529
ADIPOR2,0.6462591
RPIA,0.64617485
CEP72,0.64612985
GTF3C5,0.6460946
ECE1,0.6458051
EGLN1,0.64574623
CDK8,0.6456165
GABPB1,0.6455508
CMSS1,0.64550805
B4GALT1,0.64548886
ANP32B,0.6454366
ARFGAP2,0.6453634
ARHGAP31,0.6453126
MLF1,0.6452588
CRTC2,0.64523685
CDC34,0.6451749
LMF1,0.6451347
COX20,0.6451336
EIF2S2,0.64504176
HSPA14,0.64500654
CCT6A,0.6449474
CSTF3,0.64487314
DGKZ,0.64482653
CTNNA1,0.644761
BDP1,0.64472276
FBXO9,0.644707
DOCK5,0.64452356
CENPM,0.6444475
BCAS3,0.6444318
MAST2,0.6443962
CCNY,0.64435345
BRD2,0.6443186
ADK,0.64429516
EPN2,0.64422905
SHF,0.644154
DCAF16,0.64414346
CANX,0.6440631
CYP2R1,0.64396405
GAPDH,0.6438966
LRIG1,0.64387834
BANF1,0.64386326
CAB39,0.6438576
DIS3L2,0.64383084
CLTA,0.64381796
ALS2,0.6438128
KPNA2,0.64380366
CTNNBL1,0.6437884
COL4A5,0.6437744
CALD1,0.6434313
CELF1,0.64341766
EIF4G3,0.6432957
PRPSAP2,0.6431915
NAGK,0.64319104
IL16,0.64317614
MYO6,0.6431698
HMGCR,0.6431667
ILF3,0.64314896
MED14,0.6431112
CHCHD6,0.64310807
BAZ1B,0.64304984
DST,0.6430235
BFAR,0.6430226
ATF6,0.6429399
INPP4A,0.6429297
DBF4B,0.6428487
CHD9,0.6428157
EEF2K,0.64280164
EAF1,0.6427317
FLNB,0.6427164
MAN1A2,0.64271545
CHSY3,0.6426887
CTR9,0.6425887
HDAC3,0.64255786
COPS2,0.6423988
ATG10,0.64231604
MAPKAP1,0.64226824
F2RL1,0.642247
HNRNPH3,0.64222676
CAMLG,0.6421998
ATP6V1A,0.6421867
FBXW11,0.64214474
EXOC3,0.6420849
AP2B1,0.6420134
GDF11,0.6419146
IPO9,0.6418674
FRS2,0.6418098
CEP170,0.6417719
BLOC1S4,0.6417499
HNRNPC,0.6417051
HCAR2,0.641609
CHCHD3,0.6415895
KRT7,0.64153296
MAN2A2,0.6414551
VANGL2,0.64142996
GTF2I,0.64142984
LCP2,0.641373
HLA-E,0.6412618
NDUFS1,0.64125186
LRRFIP1,0.64124686
ADPGK,0.6412269
ACTR1A,0.6412253
APBB2,0.6411883
GAR1,0.64115703
CAMK1D,0.6411139
COL7A1,0.6410692
HNRNPA0,0.6410232
IRF3,0.6409868
GSK3B,0.6409853
ACTB,0.64095616
MCM4,0.6408888
LAMA5,0.6408571
AGO1,0.6407771
EME1,0.6407373
HSPA8,0.6407316
PEX11B,0.64072746
ANLN,0.6405984
BAHD1,0.6405903
EHD2,0.6405748
FLOT2,0.6405738
EXOC6B,0.64056087
SSR1,0.64047015
FAM13A,0.6404629
FAM168B,0.64043474
DDX17,0.6404301
NUDT21,0.64041895
ATXN2,0.64040846
ARHGEF11,0.64040434
BRWD3,0.64040023
COPZ1,0.64039916
HMGN1,0.64038765
LDLR,0.64033055
HTT,0.640281
EEF1A1,0.64026
FOXK2,0.6402196
DCAF5,0.64021343
ZNF445,0.64019716
TRMT10C,0.64016926
EPOR,0.6401565
PPP1R12A,0.6401092
EMC3,0.64009553
PEX1,0.6400883
CHCHD10,0.6400682
CSTB,0.6400642
MFAP2,0.64003396
NAGLU,0.6400331
CERS2,0.6399922
ATAD5,0.63996714
CTBP2,0.63992274
INPP5F,0.6399113
ARF3,0.6398897
GPR161,0.6398427
FTL,0.63981736
CASK,0.6397822
KIF23,0.639709
AHRR,0.63963485
HNRNPA1,0.6396089
BNIP3L,0.639581
CHP1,0.6395806
LRFN4,0.63951814
KPNA6,0.63951105
SNX17,0.6395101
PPP2CA,0.6395027
NSMCE1,0.6394953
LRP8,0.6394473
OS9,0.63943803
DENND4A,0.6394345
EXTL3,0.63938415
ALDOA,0.63938314
WDR18,0.6393801
CNNM2,0.6393686
DOT1L,0.6393583
KIF22,0.63934284
MAP4K3,0.6392994
CDC25B,0.6392847
JARID2,0.6392825
GNL2,0.6392426
PRKAR2A,0.639235
ATP8B2,0.6392328
ARHGEF9,0.6391672
ATXN2L,0.63916457
PNN,0.6391478
LMOD1,0.639145
IFI44,0.6391134
CHM,0.63910466
MAGED2,0.6390293
YAF2,0.6389917
GSE1,0.63896304
BTBD2,0.63893604
DDX46,0.638929
MRPS28,0.6389243
KCTD3,0.6388816
EEF2,0.6388457
ARHGAP21,0.63884
MAGT1,0.63877916
ATXN10,0.6387733
FAM126A,0.63875955
APP,0.63874865
SCNM1,0.6387211
KDM6B,0.6386983
CSNK1D,0.63865405
EIF2AK1,0.63864
CHD3,0.63863844
COPG1,0.63862103
TAP1,0.6386039
KMT2E,0.6385974
LRP6,0.6385663
RRP1B,0.6385432
GFPT1,0.63852686
CBX5,0.6385164
IP6K2,0.6384985
MCM10,0.6384859
ETF1,0.63848394
FBLN1,0.6384653
FGFRL1,0.6384632
COX7A2L,0.6384587
HECA,0.63845646
POLD3,0.6384482
ARF1,0.63843876
CBX6,0.638435
B4GALT4,0.63839763
PRDX6,0.6383863
CD52,0.63837683
IL32,0.6383464
SNAPC3,0.63833225
ITPR1,0.6383203
CRTAP,0.6383111
MEIS1,0.63830304
SUMO3,0.6382667
DNAJC5,0.6382389
PAK4,0.6381883
CIT,0.6381461
HECTD1,0.63812166
GULP1,0.63811344
CAD,0.6381004
INO80,0.6380947
DDB1,0.63809097
RPL27A,0.6380867
EPB41L3,0.63808185
GANAB,0.63807446
FBXL20,0.6380744
IFI44L,0.6380694
MGRN1,0.6380658
ITGA2,0.63806194
RFX7,0.638035
NDEL1,0.63803154
NUP188,0.63800234
NHP2,0.6379841
SDCCAG8,0.6379808
GNAI3,0.63790756
PDE12,0.6378544
DDX21,0.63783234
CDKL5,0.6378224
ATG13,0.6378198
PPP1R15B,0.6378141
EVI5,0.63781023
MAP4K4,0.63779706
COPA,0.63779336
CALM1,0.6377109
MRPS11,0.6376905
HDAC7,0.637681
CACNB2,0.63767767
FSTL1,0.6376733
NOL6,0.637658
PAICS,0.6376395
DCP1A,0.63763934
VASN,0.6376213
PDE1A,0.63761264
DENND5B,0.63760877
RPS3A,0.63759965
GRHPR,0.6375927
PTMA,0.63757885
EIF3D,0.63757235
NCK1,0.6375317
INO80E,0.63752526
NRF1,0.63752264
PDE4D,0.6375015
LONP1,0.6374906
EXOC4,0.6374866
NOMO2,0.6374855
ZNF768,0.63745415
LNPEP,0.63744646
KANSL1,0.6374397
RRN3,0.63743174
ERH,0.6374238
PLOD3,0.6374146
GUK1,0.6373948
HSPD1,0.6373934
MYLK4,0.63739336
NEDD8,0.63733065
EEF1B2,0.63732946
NCAPG2,0.63731927
FURIN,0.637306
GLI3,0.63729924
SCAMP2,0.63729364
INPP5B,0.637271
CNN2,0.6372437
UBAC2,0.63724345
UBXN6,0.6371986
KIFC3,0.637195
ESRP1,0.6371834
TADA2B,0.6371693
FAM83D,0.6371507
FAN1,0.6371502
KHSRP,0.6371439
STRN4,0.63712597
RNF139,0.63711596
TRIP13,0.637103
MYL5,0.6370933
DCAF6,0.6370931
TPCN1,0.6370881
MAPKAPK2,0.63707185
FCHO2,0.6370686
CTNNBIP1,0.6370636
GNL3L,0.6370621
MCC,0.6370607
CEP350,0.6370592
OSBPL5,0.637053
ADORA2B,0.63704437
G6PC3,0.6370414
SLC15A4,0.6370332
DPH7,0.6370265
KRT18,0.6370225
ETHE1,0.6370194
BIN1,0.63701653
NUDCD3,0.637009
EIF6,0.6370021
PABPC4,0.6369983
CDK19,0.63699514
FLOT1,0.6369887
SH3KBP1,0.6369714
RPL11,0.63692355
LSM5,0.6369194
DIAPH3,0.6368888
NHS,0.6368606
PARD3B,0.63683206
DDIT4,0.63682765
FGD4,0.63682294
ATP11A,0.63681763
REV1,0.63680613
ARHGDIA,0.6367976
MAGI3,0.6367968
KDELR1,0.6367905
PSAP,0.6367639
ATP2B4,0.63674134
MBD5,0.63673705
PDE4B,0.6367204
RFC5,0.63667536
CNOT2,0.6366741
LAP3,0.6366704
CMC4,0.63665617
OSBP,0.6366544
EXOC2,0.63659465
HCFC1,0.6365768
PDSS2,0.63655
ARHGAP35,0.6365486
STRN3,0.63654125
PLD1,0.63653606
LMAN2,0.6364948
TMPO,0.63647866
TOMM7,0.63647556
INPP5E,0.6364741
SLC4A2,0.6364597
PPIP5K2,0.6364402
HLA-F,0.636431
MAPK9,0.6364142
FST,0.636389
TPRKB,0.6363774
PRKAA1,0.63637245
PIK3R6,0.63637215
CENPP,0.6363394
RHBDF1,0.6363228
TRIM25,0.63631916
PRPF6,0.63630813
CABIN1,0.6362664
UROD,0.6362392
BCL2L11,0.6362265
EPHB4,0.6362159
FOXN3,0.6362038
VPS41,0.63618124
GNB1,0.6361752
DDX27,0.63616586
TIA1,0.6361549
ANXA2,0.6361504
HERC6,0.6361381
GOLPH3,0.63612366
IL15,0.6361218
PSMC1,0.6360983
CLPX,0.6360855
MOB1A,0.6360436
BTAF1,0.6360303
MRPL27,0.6360137
RPS4X,0.63599765
STX1A,0.63599044
KPNB1,0.63596725
PIK3C2B,0.6359662
SPTBN1,0.6359567
MAEA,0.63595545
FUT8,0.6359281
KIF11,0.63589835
D2HGDH,0.6358671
PHLPP1,0.6358591
COL4A2,0.6358516
FAF1,0.635816
UNC45A,0.6357923
ATIC,0.63579136
CSPP1,0.6357844
MAK16,0.6357559
NCL,0.6357467
SART3,0.6357411
EEF1G,0.635729
IFI30,0.6357234
ZNF84,0.6357066
CS,0.6357025
DAB2,0.6356952
ESYT2,0.6356943
EIF1,0.6356825
MICU1,0.63565844
MTHFS,0.6356569
RPS5,0.635646
LSM12,0.63564163
PWP1,0.6356338
RPL27,0.63563246
PSMD11,0.63562465
PPP4C,0.63562334
SSBP3,0.6356207
LYPD6,0.635605
PACSIN3,0.6356018
SUPT4H1,0.635592
SMYD3,0.6355829
PUM1,0.63556725
TRMU,0.6355561
STX7,0.63550496
CTTN,0.6355009
MYCBP,0.6354987
IQGAP1,0.6354925
TBC1D5,0.6354775
SMG1,0.63547295
GID8,0.63542515
CAPZB,0.63541853
PDE7B,0.63541555
EIF3L,0.6353899
GMDS,0.63537663
SLMAP,0.6353693
MEF2A,0.6353435
ELOVL6,0.635325
DENND3,0.6352971
KIAA1549L,0.63529426
SNRNP40,0.635273
UBE2I,0.63526374
CDK2,0.6352548
CXADR,0.6352421
ARHGEF28,0.6352369
MKRN1,0.6352343
NCKAP1,0.6352339
GNL1,0.63523144
IPO11,0.63519716
ADD1,0.6351826
GLRX5,0.6351809
ORAI3,0.6351536
EIF5B,0.6351527
RPL10A,0.6351372
GNB4,0.63513654
LDHB,0.6351255
ELP2,0.63508797
PRDX1,0.63508373
RNF20,0.6350795
GORASP2,0.63505214
DUSP7,0.6350479
GIT1,0.6350456
PPP1R18,0.6350386
S100PBP,0.63503677
AKR1A1,0.6350246
PAWR,0.63502276
LYRM4,0.6349913
CALU,0.6349905
IQGAP3,0.6349832
WASF1,0.6349826
ST3GAL3,0.63494563
LRP10,0.63494396
TTLL12,0.63493925
HMG20A,0.6349345
FBXL18,0.6349267
FTH1,0.6349111
PLCL2,0.63491017
ZNF416,0.63490605
CDK13,0.6349027
NOL9,0.6348978
HMGCL,0.63488835
RABGAP1,0.6348871
IGF2R,0.6348791
PRPF8,0.63487244
RANBP1,0.634863
STXBP4,0.63485897
MRPS7,0.6348311
INPPL1,0.6348154
SF1,0.6347993
CENPO,0.6347978
SF3B4,0.63477224
SRP14,0.63476497
GPC1,0.63476276
MAN2B1,0.6347405
RPS29,0.63470554
RAD18,0.63468975
GOLGA2,0.63468796
CSNK1G2,0.6346868
ASH1L,0.63468367
ACTG1,0.63464326
ST6GALNAC4,0.63464314
RCL1,0.63463414
ADI1,0.6346333
UBE2G2,0.6346272
PHKG2,0.63462174
SPIN1,0.63461965
SZT2,0.63460034
PKM,0.6345881
NOL11,0.63458055
AVL9,0.63456607
MARK3,0.63456124
SRSF10,0.63456094
MCTS1,0.6345157
UNC119,0.6345023
RPS18,0.63449687
MED19,0.63449645
DNAJB4,0.6344963
FARSB,0.6344669
CNTLN,0.63446
MYO1C,0.63445896
LPIN1,0.63444865
ACLY,0.6344478
PPP1R14B,0.634426
USP48,0.63441485
SENP6,0.6344116
GRN,0.6344076
XAB2,0.63440126
FARS2,0.63437927
ARFGAP3,0.6343733
AHCYL1,0.6343709
PHLDA1,0.6343623
DGKD,0.63436115
LMTK2,0.63436013
VKORC1L1,0.6343581
BMP2K,0.6343487
NR1D2,0.6343485
TUBD1,0.6343311
RHNO1,0.6343185
LINGO1,0.6343018
NUP210,0.6342949
PCYOX1L,0.6342752
MELK,0.6342656
TAOK3,0.63426113
SP100,0.6342585
NUAK1,0.634253
FAM13B,0.63424635
CPSF3,0.63424623
HMGA1,0.6342297
ANAPC15,0.63421893
CLHC1,0.63420653
CAPN15,0.6341804
LILRB3,0.6341733
DIS3L,0.6341662
RALY,0.6341625
ARIH1,0.63415647
PDE3A,0.63412243
KIF20B,0.634119
RPL19,0.63410944
BRK1,0.6340888
PLCD3,0.6340817
TARDBP,0.6340809
MYL6,0.6340805
RMND5A,0.6340791
SPATA5,0.6340679
HACL1,0.63402754
SSH1,0.63402224
YAP1,0.63401484
MAD1L1,0.6340131
NCLN,0.634001
PSMD4,0.6339856
RBBP5,0.63398325
MCMBP,0.6339811
ATM,0.633975
FUBP3,0.63396657
NDOR1,0.63396525
EBF1,0.63395077
GAPVD1,0.6339492
ASCC1,0.6339061
DAP3,0.63389486
RPL13A,0.6338886
UNK,0.6338871
KPNA3,0.6338285
FKBP4,0.6338206
UBE2K,0.6338075
KATNBL1,0.63380045
MRPL49,0.6337972
U2AF2,0.63378114
WDR41,0.6337749
KDM5B,0.6337729
PIGL,0.6337683
ACTR2,0.6337601
PDE10A,0.6337573
TCERG1,0.6337557
FERMT2,0.63375384
RBM14,0.6337502
CACNA2D1,0.63374984
POLR2J3,0.63374865
DUSP19,0.63373965
INCENP,0.6337389
MAN2A1,0.6336987
RRP12,0.63369256
EPB41L2,0.63368976
ASPH,0.63367915
HMGB1,0.6336762
NFKBIL1,0.6336502
MCPH1,0.6336405
BBS9,0.6336404
CSGALNACT1,0.6336288
MYO9A,0.6336108
CSNK1A1,0.6336108
TRIM13,0.6335926
CCDC22,0.6335665
AHCTF1,0.63355863
NFE2L1,0.63355595
VLDLR,0.6335523
SHMT1,0.6335401
ATP6V0C,0.6335368
HDLBP,0.6335203
RBM19,0.6335099
DOK4,0.63350254
GSR,0.63350016
RPS2,0.63349646
WAC,0.63349193
RAI1,0.63348347
PHB2,0.63347304
BTBD1,0.63346773
SCAF1,0.6334667
RPS8,0.6334631
SLC7A11,0.6334628
HDAC4,0.6334364
RTKN,0.63342804
NUMB,0.63341105
ATG4C,0.6334021
TICRR,0.6333999
SMURF1,0.6333982
PTN,0.63337964
GNA13,0.6333651
CUL4A,0.6333622
CNOT1,0.633354
ENO3,0.6333469
NOP14,0.6333355
NPM3,0.6333247
CRABP2,0.6333215
SAP30BP,0.63331306
DYNC1H1,0.633305
RAP1B,0.63329643
TRIT1,0.633289
MS4A4A,0.63328743
HIPK3,0.6332674
APH1B,0.6332522
SMARCA2,0.6332418
FADS2,0.63323843
PI4KB,0.63320035
EZH1,0.6331769
COL9A2,0.63317627
TRERF1,0.63315445
ITCH,0.6331423
EVC,0.63313305
DDX1,0.63313115
CSDE1,0.6331308
IFT140,0.6331192
CLIC4,0.63309866
NUP88,0.6330978
JMJD1C,0.63308376
CLIP1,0.633076
DCPS,0.6330707
MDN1,0.63307065
ANXA5,0.6330571
RPL15,0.63305616
SRSF11,0.63303804
MORF4L1,0.63303524
SRF,0.6330265
DUSP14,0.6330258
NLE1,0.6330077
SIK3,0.6329912
PPP2R3C,0.63298506
RPLP0,0.6329833
MNAT1,0.63297397
IQGAP2,0.6329735
PTPN12,0.6329692
DNAJA3,0.63296497
TPX2,0.63295084
TTL,0.63294894
GNG12,0.6329469
SRSF9,0.6329468
MRC2,0.63294244
PPM1D,0.63293046
ENAH,0.63289833
PSMB5,0.6328889
UCK2,0.632882
RUVBL2,0.6328778
TANK,0.6328691
ZC3H15,0.63286775
SP3,0.6328605
FARSA,0.6328436
GALNT2,0.63283044
LYPLA1,0.6328244
COX5A,0.6328227
ARID4B,0.63282186
NBEAL2,0.6328145
IPPK,0.6327914
COA1,0.63278574
CEP120,0.63278073
THOC1,0.6327803
SEMA3C,0.6327612
TMEM30A,0.63275826
TOB1,0.6327536
SCARB1,0.63271046
THY1,0.63271046
GTF2IRD1,0.6327028
UIMC1,0.632677
INTS7,0.63267314
TRIO,0.632672
SIN3A,0.632672
RPS9,0.63263047
LIMS1,0.63262874
PEMT,0.6326259
RPL32,0.632619
HNRNPDL,0.6326103
DYNC1LI2,0.63260484
GOLGA4,0.6326027
POLR2L,0.63258785
TMBIM6,0.63256764
SERPINH1,0.6325661
GPR89A,0.6325613
COPB1,0.63255244
SEPHS1,0.6325515
TXLNG,0.6325447
ZCCHC4,0.632542
SSH2,0.632541
PRMT5,0.63253087
RPL34,0.6325295
VAMP3,0.63251394
FAM98B,0.6325135
TPD52L1,0.6325076
POLDIP3,0.63250214
MDK,0.6325014
TRIM44,0.63249
EEF1D,0.63248897
DIAPH1,0.63247114
HSPA5,0.63245374
CDCA7,0.632449
ATN1,0.6324468
ASAP1,0.6324428
TK1,0.63243896
PDXDC1,0.63243836
PFDN5,0.63243395
ERGIC3,0.63243276
SLC11A2,0.6324261
RPS27A,0.63242567
PAFAH1B1,0.632417
RPL13,0.6324129
SMARCC1,0.6324087
DTX3,0.6323984
NDUFAF6,0.6323966
NEU3,0.63239497
PPP6R1,0.6323776
TPI1,0.632377
PHC1,0.6323766
CPSF4,0.6323682
MGAT5,0.6323682
TBCD,0.6323669
TULP4,0.6323655
HEG1,0.6323575
USP9X,0.632317
TFCP2,0.6323118
HS6ST1,0.63229704
ACTR3,0.6322951
NR1H3,0.6322876
SNRPC,0.6322854
RMI1,0.6322633
MTDH,0.632259
NAP1L4,0.63225436
MTA2,0.63224477
WWP1,0.63224
LGMN,0.6322289
TOMM20,0.63222456
NUDT19,0.6322165
PISD,0.63220453
PPIF,0.63217604
MTUS1,0.63217163
CHTOP,0.6321643
TFDP1,0.63216025
TEAD2,0.63215536
MTMR12,0.63214946
MAGI2,0.63214606
MED15,0.6321424
ATG2B,0.63213515
SRD5A1,0.6321329
GATAD2B,0.63211226
IFNGR2,0.63210464
CD81,0.6320972
CDK6,0.6320909
CRYZ,0.63208485
ITGB5,0.63206553
NFATC3,0.63205874
RCC1,0.63205826
ARHGEF18,0.63205063
PRPF4B,0.632045
NOMO3,0.63202155
HNRNPUL1,0.6320182
IKBKG,0.63201535
WDR43,0.632015
RAB11B,0.632004
IWS1,0.631992
VAV3,0.63198656
RCC2,0.6319801
AMBRA1,0.63197285
PCCB,0.63196653
TBL3,0.63195616
KIF13B,0.6319516
MAML3,0.63195145
MDH1,0.6319495
NCAPD2,0.6319392
CNTNAP1,0.6319345
LPIN3,0.6319297
TAMM41,0.63192934
DAZAP1,0.6319227
TNFAIP8,0.6319133
VDAC1,0.63190603
EXOSC7,0.6319037
RNF11,0.631892
NCAPH2,0.63189024
RPS6KB1,0.63188535
OXNAD1,0.631874
TUBB,0.63186854
RTN3,0.631855
SERBP1,0.6318416
DDX39B,0.6318388
GTSE1,0.63182795
REEP3,0.63182616
TOP2B,0.63180715
S100A11,0.63180655
RPL23,0.6317977
IBTK,0.6317972
TRPS1,0.63179123
RAB2B,0.6317906
ASXL2,0.6317903
UBE2T,0.63178056
NVL,0.6317804
UBE4B,0.6317718
PSMA1,0.63177145
DNM3,0.63176936
ZNF780A,0.63175356
ZNF638,0.63174903
UBXN1,0.63174784
IRAK2,0.6317161
TNFRSF12A,0.6316795
DOCK7,0.63167924
PPP1CA,0.6316786
POLR2B,0.6316754
EPC2,0.6316638
DVL3,0.6316631
COL12A1,0.6316603
F3,0.6316438
ITGA3,0.6316379
RHOBTB3,0.6316274
SKA2,0.6316234
SRSF1,0.6316127
TAF1D,0.6316127
USP47,0.631583
EFTUD2,0.63157916
COL5A1,0.63157403
PLOD2,0.6315587
NFIA,0.6315435
LUC7L3,0.63152206
DLGAP4,0.63151497
UGP2,0.631503
LPGAT1,0.631495
DIAPH2,0.63146377
POM121,0.63145536
MSRB2,0.63145536
MRPL38,0.63144785
TACC1,0.6314433
PLK1,0.6314395
RPUSD4,0.63143295
HAGH,0.6314265
CCNL2,0.6314112
TPST1,0.6313901
THOC2,0.63137686
RNGTT,0.63137466
XPO4,0.6313529
ESPL1,0.63134754
SRRT,0.6313355
MTMR6,0.6313324
MRFAP1,0.63131064
NEDD4L,0.63130033
POGZ,0.6312905
TEX264,0.631283
MACF1,0.6312713
TRAP1,0.6312681
LRRC8D,0.6312573
OAZ2,0.6312519
PRPF40B,0.6312434
SLC25A26,0.63121426
RPL8,0.6311931
DNAJC1,0.631193
SLC25A25,0.63119054
PCGF3,0.63118947
MBNL1,0.6311869
RPS26,0.6311834
ZNF207,0.6311621
ADH5,0.6311467
TLN1,0.6311362
SEC14L1,0.6311301
ORC1,0.63112956
SMCR8,0.6311222
GAK,0.63109875
MRPS27,0.63109374
FOXP4,0.6310876
RBFOX2,0.6310806
TPT1,0.6310565
MPRIP,0.6310423
SYNRG,0.6310351
RUNX2,0.63103104
HDAC2,0.6310299
NDUFA4,0.63101953
ZNF131,0.63101494
AHCY,0.63101196
PRKCE,0.6310117
RBBP4,0.6309962
RPL18A,0.63099134
NR6A1,0.6309906
POLD2,0.63098645
CNOT4,0.6309825
IFNAR1,0.6309708
TEAD4,0.6309699
IL1RAP,0.63096946
POP1,0.63096863
MYBL2,0.6309652
DISP1,0.6309556
COX10,0.6309513
MTMR4,0.6309411
DNAJA2,0.63093925
OBSCN,0.63093615
TRAPPC10,0.6309171
SPAG5,0.63090855
SCAI,0.63090783
PHF2,0.6309034
INTS6,0.6309022
GART,0.6309017
DNAJC11,0.63090014
SEC13,0.63089365
GSPT1,0.6308833
QSOX1,0.6308807
ZNF79,0.63086575
SF3B3,0.63084954
PAQR8,0.63084304
CD48,0.6308225
ARHGAP26,0.6308183
SERPINE2,0.6308166
MARK2,0.63081217
DHX36,0.63080615
UBA52,0.63080513
UBE2G1,0.63079494
SCMH1,0.6307939
PLA2G15,0.6307923
FBXL2,0.63077825
TNFRSF1A,0.6307628
POLR2A,0.6307444
SPTAN1,0.6307407
TIMELESS,0.6307354
HSPA4,0.63073444
GPAA1,0.6307266
POLR3C,0.6307214
GBF1,0.6307195
UAP1,0.6307083
VMP1,0.63070494
PKD1,0.6307026
MATR3,0.63070136
PI4KA,0.6307007
NEK9,0.63069946
PTPRS,0.6306774
RPL17,0.6306773
EXOC6,0.6306727
RACGAP1,0.63066345
SPAG9,0.6306518
GTF3C4,0.6306516
UBE2E3,0.6306387
RAPGEF1,0.6306374
COTL1,0.630612
PDXK,0.6306038
NRIP1,0.6306003
PRICKLE3,0.6305797
RBBP8,0.63055956
PLEC,0.63054675
KIF2A,0.630532
MAP3K2,0.63053197
SUPT20H,0.63052964
YWHAG,0.6305293
TXNDC12,0.6305252
FARP1,0.63052005
FXR2,0.63051784
PRKAG2,0.63051516
SP1,0.63050526
WBP1,0.63050026
RC3H1,0.6304821
VPS52,0.63048035
TSPYL2,0.6304798
MTM1,0.6304792
PHF21A,0.6304778
YY1,0.6304577
DNAJA1,0.6304505
NAPB,0.6304492
SREBF2,0.6304411
LSM3,0.63042974
BRD1,0.63042825
PLCG1,0.63042694
RNF216,0.6304234
STXBP3,0.63041687
PHF8,0.6304145
STIM1,0.6304129
SEC11A,0.63040924
PDIA3,0.63040876
PITPNA,0.63040614
FCGRT,0.6304025
TGIF1,0.6304015
PDS5A,0.6303932
EIF4G1,0.63038343
LAMB1,0.6303829
TM2D1,0.6303703
SCD,0.63036823
PRKCI,0.6303497
AHCYL2,0.63034576
YBX3,0.6303369
SNRPD2,0.6303343
MAT2A,0.63032687
CUL1,0.63030547
ATP11B,0.6303016
CDK17,0.6303004
MECOM,0.6302797
ZNF430,0.63026243
CAST,0.63025415
UBE2C,0.63025
JAZF1,0.63024616
USP43,0.6302259
PARD3,0.63020724
SLCO3A1,0.6302039
FMNL2,0.63019884
TPD52,0.6301934
KDM4B,0.6301844
NDUFB5,0.6301814
NIPBL,0.6301799
SLC25A5,0.63016623
ORMDL3,0.63014203
MFHAS1,0.6301316
ELOVL5,0.6301192
PTBP2,0.6301099
WDR4,0.63010347
HLA-DPB1,0.63009393
SPTLC1,0.6300823
WDR33,0.63007605
METTL4,0.63006645
PRDX5,0.63005286
USP5,0.63004494
TUBA1B,0.6300323
HSPA9,0.63002443
CLASP1,0.630021
NDUFAF2,0.63001364
NCOA2,0.63000745
UBE2Z,0.6299994
SEC11C,0.62999654
CHID1,0.6299943
WDR82,0.6299939
RND3,0.62999344
PHC3,0.6299927
MSH3,0.6299864
RPS16,0.629977
SETDB1,0.6299768
TNFSF12,0.6299716
SNX3,0.62996644
PARN,0.6299558
OTUD5,0.62994325
MYCBP2,0.6299407
MIER1,0.62994033
HERC1,0.6299316
DCTN4,0.6299308
UBE3C,0.62992334
SMARCD3,0.62992305
CCT7,0.6299186
TRA2B,0.6299093
GAB2,0.62990326
SPIRE2,0.629896
LMNB1,0.62989074
HSPB1,0.6298903
TGFBI,0.62988913
POLR3B,0.62988615
ZBTB7B,0.6298848
ATP6V1G1,0.6298844
INTS3,0.62986094
EIF3J,0.62985986
UBQLN1,0.62985635
NFATC2IP,0.6298549
PALLD,0.62985456
RAD51D,0.6298544
UBE2V2,0.6298475
STT3A,0.6298464
HIPK1,0.6298461
TRIP11,0.6298328
REV3L,0.62982136
OSBPL1A,0.62981707
PRKCA,0.6298119
PUM2,0.62980556
RGS12,0.6297921
SLC9A3R1,0.6297904
RPA1,0.629784
XPO6,0.6297715
PTRH2,0.62976325
ZFR,0.62975645
HMGN2,0.6297518
TAOK1,0.62974703
STK38L,0.6297416
SHMT2,0.62973017
SH3RF1,0.6297212
SMAP1,0.62970996
TYK2,0.6297023
RPN2,0.6296964
ZFP36L1,0.629676
MCM3AP,0.62967205
TMEM63A,0.629669
NME6,0.62966824
RBCK1,0.62966317
ATRX,0.6296579
UVRAG,0.6296576
ZNRF2,0.6296503
IPO7,0.6296397
ZNF451,0.62963074
NPAS2,0.629629
TGFBR1,0.62962735
ZNF33A,0.62962633
POLR3D,0.62960845
RFX3,0.62960476
SRPK2,0.6295969
PPP4R2,0.6295885
ZNF678,0.62957764
NUFIP2,0.6295657
UBE2D3,0.6295494
UBAP2L,0.6295125
SKA1,0.6295007
MTHFD1L,0.62948954
DR1,0.6294805
TNRC6A,0.6294714
PGM1,0.6294606
PFKM,0.6294592
RPL3,0.6294533
FER,0.62945044
ARIH2,0.6294492
USP32,0.62944347
NUP153,0.629437
TLN2,0.6294295
ITGB1,0.6294269
USP24,0.6294239
NBAS,0.6294239
UPF1,0.6294186
CLK3,0.6294164
UGDH,0.6294144
PSMD1,0.62941056
MAP3K5,0.6293983
MCU,0.6293969
PGAM1,0.62938505
SETD2,0.6293765
YIPF4,0.6293745
SHROOM3,0.6293601
UBE2E2,0.62934303
RPS15A,0.6293366
UBE2R2,0.62933236
USP25,0.6293306
MAP1B,0.6293178
PTPN14,0.62931764
SGMS1,0.6293169
PFN1,0.6293068
ZNF44,0.6292914
TAF4,0.62928414
TAF4B,0.6292515
DENND6A,0.6292378
PIP5K1A,0.62922615
KIF3A,0.62921333
SCFD2,0.6292073
HYOU1,0.62919897
PKN3,0.6291836
RPL12,0.62918013
NBR1,0.62917495
TUBB4B,0.6291748
PTPRJ,0.62917125
SH3BP2,0.62916946
SKIL,0.62916726
BCAT1,0.6291629
RARG,0.6291609
TUBA1C,0.6291599
ZNF333,0.6291566
PRKDC,0.6291514
SDC2,0.6291481
WIPF2,0.629145
DPYSL3,0.62914497
SNCA,0.6291404
PNKP,0.62913436
GLS,0.62913424
RGS10,0.6291307
SEMA3A,0.62912285
NOMO1,0.6291211
SMDT1,0.6291192
FBXW8,0.62911576
PANK4,0.6291076
NSUN2,0.6290984
TMOD3,0.6290863
SF3B2,0.6290766
TRAPPC12,0.6290755
METTL22,0.62906724
RAB1A,0.6290622
SMURF2,0.6290616
PHKB,0.6290556
PREX1,0.62905025
REXO4,0.6290474
E2F7,0.6290439
PCBD2,0.6290423
SRSF4,0.6290391
RASAL2,0.62903893
PERP,0.6290335
SRRM2,0.62903166
WDR77,0.6290312
CDC42,0.62901336
PDHB,0.62901324
RNF138,0.6290088
WDFY3,0.6290088
SF3A1,0.62900275
PMEPA1,0.62899923
LAPTM5,0.6289965
USP7,0.62898934
UBQLN4,0.628968
MTA1,0.62894374
MECR,0.62892526
POLI,0.628918
PSMF1,0.62890804
SRGAP2,0.6288905
PPP6R3,0.62888753
ARHGAP10,0.62887967
TNPO3,0.6288586
YME1L1,0.6288348
RAB5C,0.62882245
WNK1,0.62882143
MBOAT7,0.62880915
CFDP1,0.62880814
RICTOR,0.6288028
RPS3,0.6288002
CPSF7,0.6287905
NDE1,0.62878746
TOP3A,0.6287802
MYLK,0.6287749
RBM39,0.6287643
SLC12A8,0.62875813
RPL41,0.62874275
RPS17,0.62874204
ZNFX1,0.62871194
MAPRE3,0.6286849
SCFD1,0.628682
PTPRM,0.62868124
TSPAN14,0.62867105
TXN2,0.6286649
MEMO1,0.6286621
XPR1,0.62864643
TOP2A,0.62864625
MED21,0.628636
PSMC3IP,0.6286315
UBC,0.6286305
RPS6,0.6286242
RCOR3,0.62861586
POLA1,0.6285956
ATP1B1,0.6285888
CAPNS1,0.6285777
TBC1D14,0.62857705
GON4L,0.62855506
TPCN2,0.6285448
PPL,0.628542
RAB8B,0.62853926
LPIN2,0.6285026
DDX23,0.6284986
NAP1L1,0.62848747
TBC1D4,0.6284834
PTGFRN,0.628483
CTSH,0.6284607
MEF2D,0.6284601
PIK3C3,0.6284597
SUMF1,0.62845784
RAB5A,0.62843883
OLA1,0.62843716
ITGA1,0.6284215
FBXW2,0.62841576
SPCS2,0.628412
RPL35A,0.6284084
RTN4,0.6283985
PCDH7,0.6283913
NNT,0.62836796
TPGS2,0.62836426
TRAF2,0.628361
RPTOR,0.6283607
ATL1,0.6283494
RAP1A,0.62833905
RPS23,0.62833595
MRPL3,0.6283343
PARP4,0.6283053
TES,0.6283013
OGT,0.6283012
MRPS18A,0.6282983
LAMC1,0.62829745
XBP1,0.62829715
SRGN,0.6282947
TXNRD1,0.6282891
KIF1B,0.6282786
SLC2A1,0.62826574
SREBF1,0.628264
PTBP1,0.62825936
CLINT1,0.62824726
WDHD1,0.6282366
RNPS1,0.62823504
POLR3E,0.62823415
SRP9,0.6282072
RER1,0.6282036
ZSCAN32,0.6282011
ZDHHC7,0.628196
SLC25A24,0.6281872
PRR12,0.62817025
CCNB1,0.6281696
RDX,0.6281675
YWHAZ,0.62816715
UBE2W,0.6281663
PRPF40A,0.62816113
YBX1,0.628136
USP12,0.62811875
EIF4A1,0.6281109
KPNA4,0.62810624
WDR70,0.6281016
OAS2,0.62809724
STX6,0.62809676
VAPB,0.62809426
SMYD4,0.62807244
PDE3B,0.62805617
NLK,0.62804776
NFYC,0.6280401
CLSTN1,0.62803376
RGP1,0.6280318
TKT,0.6280286
TUBA4A,0.6280185
UBA2,0.6280171
TATDN2,0.6280109
TRNAU1AP,0.62800515
PIGU,0.62799644
RUSC1,0.6279932
PPP3CB,0.6279698
VCP,0.62795734
JUP,0.62795347
XRN2,0.6279434
TEAD1,0.6279398
VPS25,0.62793815
PTK2,0.62792236
PPP3CA,0.6279153
YPEL5,0.6279151
PBX2,0.6279138
RFX5,0.62789243
TXNRD2,0.6278864
WSB1,0.62788224
NFX1,0.62788016
VAPA,0.62786496
SSU72,0.6278616
TROAP,0.6278598
RAB14,0.62785953
QPRT,0.6278543
TECR,0.627854
UPF3A,0.62784934
NUDT16,0.6278402
PCID2,0.627807
PABPC1L,0.6277981
AZIN1,0.6277784
MTHFD2,0.62777656
WDR59,0.6277694
PARS2,0.6277694
ARHGEF2,0.62776005
SUMF2,0.62774897
MED13,0.62774
PEX14,0.62773925
UBE2H,0.62773305
UBTF,0.6277231
WASF2,0.6277156
RBM15B,0.6276853
GTF2E2,0.6276759
POLQ,0.6276706
REXO1,0.6276467
NDUFS6,0.62764287
STARD4,0.6276336
CAP1,0.6276205
NUTF2,0.62761754
FYN,0.6276099
SUPT16H,0.6275988
USP4,0.6275926
SH2B1,0.62758553
ZNF710,0.62756413
PRPS2,0.6275426
TNS3,0.6275369
UQCC1,0.62753123
DLG1,0.6275043
PSMA5,0.62749857
VMA21,0.6274546
IL4I1,0.62745184
PTPRU,0.62744075
RPS6KA2,0.6274182
VRK3,0.62741417
DIDO1,0.62741214
ZNF124,0.62740225
LMO7,0.6273971
UTP6,0.6273718
ARID5B,0.6273119
PPP1CC,0.6272821
SRPK1,0.62727934
BTF3,0.62726575
ZMAT2,0.62726116
CKAP2L,0.62724155
SENP1,0.6272241
RPS19,0.62721944
PVR,0.6272147
PPP2R5B,0.6272093
EVL,0.6272071
UHMK1,0.6271965
ZNF496,0.62718886
MAFG,0.6271868
YTHDF1,0.62717235
PRCP,0.6271487
RHOBTB1,0.6271412
SRP68,0.6271352
SOS1,0.62713456
PSPC1,0.62711495
UBN1,0.62711495
TLE4,0.62711495
VASP,0.62710226
COPS8,0.6270901
NAA16,0.62708193
PARVB,0.6270376
SMC4,0.62703687
WDFY2,0.6269834
VIM,0.6269737
LSM14B,0.6269732
SPTBN2,0.6269659
NPNT,0.6269465
PLOD1,0.62694526
MYBBP1A,0.6269406
CPNE1,0.6269398
NET1,0.6269272
NEK7,0.62691194
HERPUD1,0.6269093
SLC39A7,0.62688434
NUP107,0.6268663
RENBP,0.62686235
IMP3,0.626841
POU2F1,0.6268237
GARNL3,0.6268208
BAG3,0.62680805
PITPNM1,0.62680626
SH3GLB2,0.62680054
ST3GAL1,0.6267936
KNTC1,0.62679017
ZNF300,0.6267871
RPLP2,0.6267817
USP10,0.62677324
RERE,0.626766
RABEPK,0.6267548
TIPIN,0.62674934
TACC3,0.6267135
PAN3,0.62669384
DNAJC15,0.6266899
TAF11,0.6266637
ENSA,0.62666297
CACYBP,0.62665933
LAMC3,0.62665826
TMEM258,0.62664694
PCOLCE,0.6266443
SATB2,0.6266317
VGLL3,0.6266147
PRMT3,0.6266028
SLC12A9,0.6265982
MCEE,0.62659
ZMIZ1,0.6265675
CBX2,0.626554
CTBP1,0.62653613
MYOF,0.626527
CCAR1,0.6265255
RASSF1,0.6265024
UBA6,0.6264281
FANCL,0.6264216
TMEM97,0.62641466
MZF1,0.62641084
ACTR8,0.6264093
ADAR,0.6264071
TUBA1A,0.6263754
MTX2,0.6263707
TMED5,0.62636423
PLCL1,0.6263537
CDIPT,0.6263337
PSMB2,0.62632906
RXRA,0.62628794
VCL,0.6262801
SMAD1,0.6262765
BMP1,0.62627035
SPTLC2,0.6262362
ARHGAP44,0.6261601
CPSF1,0.62613785
PELI2,0.62611234
PDLIM5,0.62610143
SWAP70,0.6260852
DHRS4,0.6260352
RBX1,0.625965
NAE1,0.6259293
MRPL16,0.6259066
ZNF81,0.62587565
TSN,0.62585205
APLP2,0.6258466
TAOK2,0.6258345
WLS,0.62580943
KBTBD6,0.62579536
ZNF101,0.6257807
GTF2F1,0.62575674
RYBP,0.6257541
TMEM126B,0.6257454
RPL26,0.62573355
TTC37,0.62572545
RAB38,0.62571293
RAPGEF5,0.62569827
PLD3,0.62568736
ARL2BP,0.6256791
STIP1,0.62559724
PRDX3,0.62554246
RNF169,0.62553924
NFAM1,0.62547266
CELSR3,0.6254446
EPS8L2,0.6254387
POP7,0.6254132
PLA2G4A,0.6253977
HGSNAT,0.62537766
RALBP1,0.62537616
PLEKHA2,0.62528694
MPP6,0.62525487
RSL1D1,0.6252474
RAP2A,0.6252391
RAB27A,0.6252307
TOR1AIP2,0.625221
MED24,0.6252174
SRSF5,0.6251983
SENP5,0.62518674
MED11,0.6251796
TNRC6B,0.62515885
LZTFL1,0.625142
NPLOC4,0.62512237
RFC4,0.6250956
GLYCTK,0.62507904
NMRAL1,0.6250667
ANKRD28,0.62504447
LGI4,0.6250422
THRA,0.6250141
WNT5A,0.6249969
MBD6,0.62499183
AP1S3,0.6249875
RHOG,0.62497026
DDX54,0.62496567
TUBGCP6,0.6248941
MYO10,0.6248732
DERA,0.62485486
PPP1R12C,0.6248525
TOMM40,0.62484306
ZNF664,0.62481534
RNF220,0.6247381
SLC44A2,0.6246773
CYB5B,0.6246544
ELL2,0.6246167
DNM1,0.6246082
PPM1K,0.6245059
HELZ2,0.6244863
VPS54,0.62445384
PLCE1,0.62437123
SENP2,0.6243342
PAXIP1,0.62432164
ORC5,0.6243176
CHN1,0.6243174
CDON,0.62430596
AFF1,0.6242833
STEAP3,0.62424767
MOB1B,0.62423486
EIF4A3,0.62421733
CHTF18,0.6242056
APLF,0.6241754
LAMP2,0.62417096
ADCY5,0.6241124
LPCAT3,0.62410176
RHOU,0.6240983
CACNB3,0.62403566
TRIM11,0.6239573
TYW3,0.62394977
INO80D,0.62394005
USP6NL,0.62393475
PPP1R16B,0.62392807
ZNF398,0.6239239
CCNG2,0.6238546
IPO13,0.6237373
GAB1,0.62361646
C1GALT1,0.6235922
FCGR3A,0.62347573
VAT1,0.6233943
DAZAP2,0.62334406
MTMR2,0.62322253
DYNLT1,0.62322235
RBM7,0.62320995
TRIM3,0.62309957
CTH,0.623064
ADCY3,0.6229054
GCAT,0.6228978
BNIP1,0.6228858
DOCK11,0.62283754
RNF168,0.62281734
TADA2A,0.62278634
RNF2,0.6226661
BMS1,0.62263924
SESN2,0.6226122
SLC16A3,0.62241936
HOXA7,0.62235266
TRAPPC5,0.62233704
PPARGC1B,0.6223296
PLK2,0.62228507
INSIG1,0.62203836
ENPP1,0.6220036
HS3ST1,0.62189525
NSUN6,0.62187976
PRPF39,0.6218643
ING1,0.62171715
VAV2,0.621618
PTPN7,0.62156594
BCL7C,0.62149197
USO1,0.62128437
CDH23,0.6212718
PPP2CB,0.6211858
NSFL1C,0.62111586
CDC20,0.6209498
ARSB,0.6209058
DERL3,0.62080723
ANAPC4,0.62075204
ZNF680,0.6206421
ADD3,0.62063205
PSMA4,0.62051165
ALDH9A1,0.6204879
GOT2,0.6204488
HERC5,0.62041366
IPO8,0.6201713
TIMMDC1,0.62016046
ACOT8,0.6201326
MRPL1,0.6200992
DET1,0.6200565
ZNF516,0.61993665
FYTTD1,0.6197259
CFL2,0.61958426
CAB39L,0.61939365
UQCC2,0.6193804
GHDC,0.6192968
HENMT1,0.6192413
DDHD2,0.6191924
CEBPG,0.61898214
ACTN1,0.6189545
APBA1,0.61878806
CLOCK,0.6185644
CBR1,0.6183619
CHST14,0.61831224
PLIN2,0.61827564
AGRN,0.61822635
PRR5,0.618075
CHRNB1,0.6178962
AP1G1,0.6175568
CEP97,0.61743927
IFNGR1,0.61722296
ZKSCAN8,0.6169129
CTDSP2,0.61633575
B4GALT7,0.6162908
ALG14,0.616287
BRD8,0.61626154
ASPM,0.61614174
CDH6,0.61567277
MAPK7,0.61553293
ARL16,0.6152913
AP2A2,0.61515725
NASP,0.615146
ATP6V1C2,0.6150842
AGO3,0.61506486
AMMECR1,0.6150439
COMMD8,0.61501694
HMGB2,0.6150135
EFCAB7,0.61435264
ALKBH8,0.6143366
CTC1,0.61421776
AKR1B1,0.6141916
ATAD3A,0.6137906
ATRIP,0.6137456
CEP78,0.6136994
BCL7B,0.613674
KIF9,0.613594
ARAP3,0.6134714
CD86,0.6134255
AMPD2,0.6133406
AP3S2,0.61331815
CEP192,0.61308295
ANKRD27,0.612887
CEP135,0.6128128
CREB3,0.61276805
ARF6,0.61264426
AP1S2,0.6126394
CLNS1A,0.6125347
KIF21A,0.61249673
CCDC88C,0.6124594
CHMP5,0.61244357
ARHGAP12,0.61240655
EIF2B5,0.6120695
ANP32A,0.61196595
ZNF587,0.6119208
AMFR,0.61186564
PTPRF,0.61172587
MARK4,0.6116278
BRF2,0.6115993
ELK1,0.6115804
DUSP6,0.6113888
C2orf49,0.6113267
KLC1,0.6111735
ALDH3A2,0.6111615
ALG13,0.6108059
ANXA6,0.61054957
CDK1,0.61045915
ARHGAP24,0.61012864
CES4A,0.6101126
COMMD3,0.6100789
ARL14EP,0.60989046
DDA1,0.60987765
GPR132,0.60961753
ZNF431,0.60906184
DCAF10,0.60892236
KCNIP2,0.6088433
ARPC5,0.6088041
CENPA,0.60876447
ARSG,0.608762
CTSA,0.6085562
DCTD,0.60849065
RPL29,0.60806996
CC2D2A,0.60794383
AHSA1,0.60793436
BET1,0.60785055
CYB5R2,0.6077562
CD2BP2,0.6077354
CAND1,0.6077195
ARFGAP1,0.60763353
CDC42EP4,0.60750407
AXL,0.6074636
CENPC,0.60742396
PPIL6,0.6073488
CEP70,0.6073314
HEXIM2,0.60731524
INTS12,0.60720384
BBC3,0.60712796
BTRC,0.607006
FBXO8,0.60699457
HTATSF1,0.60669094
CMTR1,0.6066783
HNRNPH1,0.6065656
SLC39A1,0.6064003
GEMIN8,0.6063588
ANO9,0.60625917
ARHGEF19,0.6062555
EZH2,0.60623825
TBX19,0.6061341
HPSE,0.60605365
C5AR1,0.6057593
CDS1,0.6055523
ANO10,0.605452
CA2,0.6054079
BMP2,0.60533065
DNAJB11,0.6052806
EIF5A,0.6052629
COL27A1,0.605207
CBFB,0.6051741
CHEK1,0.6050803
NEIL2,0.6050728
CBLB,0.6050141
RORA,0.604826
GTF3C1,0.6046801
ATG4B,0.60466605
AIMP1,0.60461766
BRCC3,0.60461175
HDAC10,0.60458326
FOSL2,0.6044109
ZNF780B,0.60436726
ANKFY1,0.6043648
CARM1,0.60435283
C1QBP,0.60427886
AP2S1,0.60416853
FMNL1,0.6041523
ANP32E,0.60413533
AREL1,0.6040444
NSUN5,0.6039562
CLPP,0.6038685
FOXF1,0.60372525
COQ5,0.60356045
GTPBP3,0.6035042
FNIP1,0.603495
COG6,0.6034632
AGPS,0.60313684
ALG6,0.60294646
ENG,0.6025144
SFI1,0.6019194
GORAB,0.6018469
C17orf49,0.60181123
PTPRO,0.6018014
MVD,0.6017899
C1D,0.60176295
CASP4,0.601572
KANK2,0.60136235
DNAJB6,0.6013533
RGS2,0.60134226
LARS2,0.6012643
AMY2B,0.60123736
CMPK2,0.6011948
GINS3,0.60114837
ATG12,0.6010367
KPNA5,0.60103434
BLOC1S2,0.60097885
APPL2,0.60091317
MRPL47,0.60090333
EXOC7,0.6008774
GALNT1,0.6008391
BSCL2,0.60070133
CCDC174,0.6006801
ATF4,0.6003147
SECISBP2,0.6002548
APPBP2,0.60024625
REEP5,0.60021245
COMMD6,0.5999907
ASAP2,0.59986603
DMXL2,0.59976643
PIGB,0.599693
ZNF43,0.5996777
FIBP,0.59963113
CGRRF1,0.5995726
GBP3,0.5995707
COG8,0.59954816
CD69,0.5994853
INVS,0.59942853
BPTF,0.59928656
AKR7A2,0.5992478
CNNM4,0.5992368
EMC1,0.59919196
ANAPC5,0.59905624
FBXL5,0.5990009
EXOC8,0.59894335
EVC2,0.59893167
ARPC2,0.5987669
ALDH1A3,0.5987358
GABARAP,0.5987257
CCDC115,0.5987062
ZNF71,0.5985174
KCNN4,0.5984314
ARHGEF3,0.59839344
ARPC4,0.59821403
CDC27,0.5981674
COQ4,0.59809643
AP1G2,0.59804124
AMOTL2,0.5979239
ARHGAP9,0.5978707
ARHGDIB,0.5977991
ATP6V1H,0.5977803
RPL7A,0.5977486
BCL2L1,0.5976712
DUS2,0.59766984
DDX19B,0.5975357
CNOT7,0.59748244
ANKZF1,0.59745276
MAP1LC3B,0.59744036
CRK,0.5974057
ARHGAP11A,0.5973787
EXOSC1,0.5973615
IPO4,0.59731334
HSF2,0.5972711
UQCRH,0.5972276
AKAP1,0.5968666
DHDDS,0.5966651
CDCP1,0.5966449
XPO7,0.59659433
ARNT2,0.5965382
ALAS1,0.59648246
CCNDBP1,0.596438
IL7,0.5964181
MXD1,0.59628975
CD55,0.5960697
PTPN22,0.5960031
ADNP,0.5959994
CTSK,0.5959671
CCT2,0.5959544
MBOAT1,0.59588116
CTSZ,0.59578824
LSG1,0.5955051
PTPN4,0.59547263
FNIP2,0.59515613
BICD2,0.59509236
DDHD1,0.59504664
C17orf80,0.5950177
CASP7,0.59500057
APOOL,0.5949657
ERAL1,0.5948991
ARNTL2,0.5948949
BTF3L4,0.59468704
KLHDC2,0.5945772
ECHDC1,0.5945569
EFNA1,0.5945376
METTL7A,0.5945087
DHX32,0.5944953
ATP8B1,0.5940932
CCM2,0.5940625
CEP41,0.5940098
COPS3,0.59397477
AFMID,0.59391326
ATXN3,0.5937883
CNDP2,0.59348893
GOSR1,0.59339213
DDOST,0.59334457
DMWD,0.59331876
ARPC1A,0.59323233
THOP1,0.5931375
COBLL1,0.5930253
COLEC12,0.5929012
CCZ1,0.592825
RCOR1,0.59271544
CAPN7,0.5925514
CORO1B,0.59250647
GLE1,0.5924734
CSNK1G1,0.59244835
CENPE,0.5923378
CBX7,0.5923285
ACTR3B,0.59218246
APTX,0.5921737
PARP2,0.59197026
BBS2,0.59158784
CDC23,0.5913853
CTDP1,0.591182
PPP1R9B,0.5911722
HAUS8,0.59116596
CTNS,0.59116024
HIVEP3,0.5910766
DCXR,0.59094065
USP28,0.5909162
ARF5,0.5908997
GRAP2,0.5908801
BIRC6,0.5908772
DSCC1,0.5908627
ASRGL1,0.5907706
ATXN7L1,0.59072864
CLN8,0.59057766
LAMB3,0.59051716
CDK11A,0.59048206
NKD1,0.5904668
PSMA7,0.590383
CBX1,0.5902973
CEP55,0.59016865
PDCD6,0.5901284
CENPN,0.59008026
CABLES2,0.5900722
ETV3,0.5899325
HNRNPF,0.58987063
FOSB,0.5898565
NACC1,0.58982176
ARMC8,0.58976346
ANKLE2,0.5897297
AKAP9,0.589714
CNN1,0.5896803
TBC1D15,0.5896221
UCHL3,0.58948016
ERLEC1,0.58946645
EGR3,0.5894301
AP3S1,0.5894036
CAPG,0.5892792
CMYA5,0.58922297
COL4A1,0.5892001
ARL2,0.58915323
AGPAT1,0.5890979
IFIT1,0.5890654
BOC,0.5890035
CENPL,0.58889717
TFB1M,0.58883667
EPHA2,0.5887959
PARK7,0.5886988
FHOD1,0.5885998
DTL,0.58842427
CHMP2A,0.588422
PHF12,0.58825934
ACTR10,0.58818775
CDC6,0.5880555
CHD1,0.5879319
SEC61A1,0.58791757
CYTH3,0.5877843
ARRDC3,0.5877274
IFIT5,0.58767617
MTRF1L,0.58766913
C17orf75,0.587643
CTPS1,0.5875832
CETN3,0.58747274
CWC27,0.58739305
MLX,0.5873521
DYNLT3,0.58729434
NUFIP1,0.5871178
CDK14,0.5868172
CWC22,0.5867235
ATP1B3,0.5867023
ARHGAP32,0.5865881
ARHGAP30,0.5865821
NOSIP,0.5865575
DCLRE1C,0.5865227
PRKCSH,0.58646935
EIF4EBP1,0.5863582
ARFGEF2,0.5862775
ARHGEF12,0.58627653
AIFM2,0.58616084
BBS10,0.5861292
EMC7,0.5860474
CGNL1,0.58601403
CCNL1,0.58597386
DEPTOR,0.58572024
FAAH,0.58569276
CLCN7,0.58567995
RGL1,0.58564824
ATF2,0.58558017
CCT4,0.5854794
BCKDHB,0.5854326
EIF4H,0.585355
DENR,0.58527666
CABLES1,0.58520716
ANAPC7,0.5851231
ATP6V1B2,0.5849249
FBXW9,0.58488333
HUWE1,0.5848798
CERS4,0.5847018
KIF26A,0.5846248
NR2F6,0.58459514
BPGM,0.58451355
CMTM7,0.5844041
BCAT2,0.58432317
BRD9,0.5842676
LTB,0.5842356
MED29,0.58408755
MINK1,0.5840374
ARID3A,0.58390534
EMC10,0.58381754
ASCC2,0.58375967
FIG4,0.58372825
TRUB2,0.58372086
CSPG4,0.5837111
CERS6,0.5837107
ANGEL2,0.58371043
CPT1B,0.5836996
CTSF,0.58354574
DDX10,0.5835195
IFT52,0.58345085
ATP2A2,0.58342665
ATP8B4,0.5832376
NKIRAS1,0.5831936
CD58,0.58315533
AQR,0.58313096
AP3B1,0.5831004
DHX8,0.5830995
E2F3,0.58289254
CIR1,0.5828611
UBR4,0.582793
GTF2B,0.58278614
BPNT1,0.5827853
KCTD1,0.58275265
CPEB3,0.58273405
ALDH1B1,0.5827268
CAPN10,0.58268374
AP4B1,0.58267957
CD68,0.58267486
MAF1,0.582596
EMD,0.5825552
MAVS,0.58233315
AKAP10,0.5823096
EIF4G2,0.58221376
CALM2,0.58219516
ORC6,0.58205575
CARF,0.5820071
BZW1,0.581995
CLDN7,0.58193976
CD83,0.5819194
BCL2L2,0.58184415
CHPF,0.5818426
CMTM4,0.5817754
GEMIN4,0.5817517
BTN3A2,0.5816787
DOCK4,0.58166385
ASIC1,0.5815071
FPGT,0.5814996
HCFC2,0.5813024
ZNF708,0.5812976
ASB1,0.58123547
UBA5,0.5809826
BEND3,0.58098114
UQCRC2,0.5807065
CD27,0.5805294
GCC1,0.580237
BSG,0.5801814
NGFR,0.58012515
ATAD2,0.5800838
BRF1,0.58008164
CKAP5,0.57997745
ADAMTS7,0.5798818
MAP2K7,0.57984096
CLDN15,0.5798152
AMOTL1,0.5797738
PRPF19,0.5797447
IRF6,0.57967615
L3MBTL1,0.5796672
COL18A1,0.5796563
EDC3,0.5796402
COASY,0.5796191
FGD5,0.57960916
EPHA4,0.57946116
FAM8A1,0.57942075
CKLF,0.5792959
DMTN,0.5791863
FZD5,0.57914984
ANK3,0.5791458
MAPK12,0.5791114
CD99L2,0.5790376
ARAP1,0.57902354
DNAJC13,0.57890075
ZNF622,0.57882667
DPH6,0.5788187
FBXW4,0.5786842
DHCR7,0.57859075
DUSP1,0.5785526
BIN2,0.57852054
ARHGAP25,0.5785082
C1R,0.5785054
ADIPOR1,0.5785008
ATP6V0E2,0.57849914
AGPAT3,0.57849455
ADCY1,0.57849085
ARHGEF40,0.57847124
HOOK2,0.578335
OPLAH,0.5783125
MED27,0.57816577
AGFG1,0.57785743
KIF18B,0.5778168
FBXO10,0.57775736
CTDSPL,0.5777494
MPDZ,0.5777252
CCNA2,0.5775499
DLG4,0.57743126
B3GNT2,0.5774193
DNAH17,0.57741773
EFNA5,0.5773033
FAM110B,0.57702845
HEATR1,0.57690996
DGKI,0.57683074
KATNA1,0.57680327
TALDO1,0.57675594
DCUN1D4,0.5767553
POLR3G,0.57672447
TUBGCP4,0.5767151
BHLHE40,0.57656395
CAPRIN1,0.5764679
DOCK2,0.5764595
CEBPB,0.57639784
DNAJB12,0.57633144
MED6,0.57620066
CYP2S1,0.5761683
DRG2,0.57614005
BUB1,0.57607263
CFD,0.57603395
GRB10,0.5760235
C3orf38,0.5758395
CDC37,0.57577115
BCL2,0.5756674
BANP,0.5756523
EGLN2,0.575624
ELP5,0.5753992
CHST15,0.5753968
PPA1,0.57535285
CIB1,0.57524365
DDX24,0.57509214
DDX42,0.57499677
DAPP1,0.5748867
AJUBA,0.5747009
GEMIN6,0.57458925
C2CD5,0.5745071
ENTPD6,0.5744599
FKBP2,0.57444704
PUF60,0.57443583
GOLGA3,0.57442117
ERI2,0.5743929
GEMIN2,0.57437956
CENPI,0.5743082
ELF1,0.57430255
NGLY1,0.5742418
FGD3,0.5742138
RNF144A,0.57411283
BYSL,0.5740924
CHST12,0.574056
PSME4,0.57402086
DSEL,0.57383454
COQ10A,0.57377887
EXOSC2,0.5736524
LIG3,0.5736351
ACTG2,0.57362914
GLO1,0.57361263
CSK,0.57358503
GBA,0.5735043
CDC25C,0.57344645
ARSK,0.5731795
GRB2,0.573161
CPOX,0.5731571
DZIP1,0.5730807
CTSL,0.5729645
FKBP3,0.57291895
GOT1,0.57286096
ATPAF1,0.57283556
EHHADH,0.57282364
COPS5,0.5726771
CPSF6,0.572642
ATP1B2,0.5726199
EIF4E,0.5724609
NUDT3,0.5724499
EOGT,0.57229626
CHAF1A,0.57228374
CREBRF,0.57202
ASF1B,0.5719574
GPKOW,0.5718499
AP5Z1,0.5717416
LRRC41,0.57166034
COQ9,0.57135034
APIP,0.5713322
EHD4,0.5711783
CCDC106,0.57115877
B3GNT5,0.5711184
CXXC1,0.57108
MAP2K3,0.57097286
GUCY1A2,0.5709441
COX7B,0.57084465
CSGALNACT2,0.5708407
CADM1,0.5708055
DMAP1,0.57075423
DOCK10,0.5707179
GNPDA1,0.5706179
RSAD2,0.5706136
FRAS1,0.5706069
GTF2F2,0.57055485
SACM1L,0.57054347
GPT2,0.57045585
CDC40,0.570435
LEO1,0.57016677
DEPDC1B,0.5700972
CPEB4,0.57006353
CCNE2,0.5697793
ATOX1,0.5697754
DGUOK,0.569571
LTBP4,0.5694877
COMMD1,0.56945586
COX11,0.5694281
LIN7B,0.56934935
MGA,0.5693443
BIN3,0.5693422
E2F4,0.569137
GABBR1,0.56903493
CTU1,0.5690322
ZNF700,0.56895226
COG5,0.5688992
FBXL4,0.5687847
CCDC136,0.5686928
NELFCD,0.56862575
BACH1,0.5685394
KXD1,0.5684979
SWSAP1,0.5684489
BLOC1S6,0.5683245
COL9A3,0.56827945
DCAF8,0.5682523
ELOVL1,0.56821686
EPB41L4B,0.56818736
DENND2A,0.56808364
DAPK2,0.5680128
CAMK2D,0.5679207
AFTPH,0.5676347
FCF1,0.5675876
DBI,0.5675754
GGCT,0.5675612
IRF9,0.56754893
OPA1,0.5675401
ARL3,0.5675214
ISY1,0.56736857
MARS2,0.567328
HNMT,0.5671
ELP6,0.5670613
CERS5,0.56700814
BOLA3,0.5669686
GGH,0.5668591
FNDC5,0.5666926
CCDC12,0.56658155
CDK2AP1,0.5665436
CTSB,0.5665388
BCAS2,0.56641793
ARFRP1,0.5663072
FABP5,0.56628674
FAHD2A,0.56611276
MBTPS1,0.56599295
COG3,0.56592655
ATP6AP1,0.5658682
LRRC4B,0.56583226
CCR1,0.56568396
CARS2,0.5655757
CFL1,0.56540626
CATSPER2,0.565325
DSG2,0.56530225
IP6K1,0.56529516
CENPH,0.5652788
EIF2AK4,0.56526595
GBA2,0.5652311
UBE2D1,0.56519115
COL8A1,0.56503385
TIAM2,0.5649006
ARPP19,0.56483305
MTIF2,0.56480545
DPM1,0.56479615
TNKS,0.5646846
ZNF385A,0.56466585
HINT1,0.5646464
INMT,0.5646414
HK2,0.56451565
CMTR2,0.56432766
C2CD2,0.5642482
GMNN,0.5642227
INPP5A,0.5641892
CEP250,0.5641482
IFI35,0.5641362
GSTM3,0.5641273
COPE,0.5640504
LBR,0.56387216
GALNS,0.56380796
NADK2,0.5638071
FMR1,0.5636638
THADA,0.56364745
MUC3A,0.5636445
ADAM17,0.56361216
MAP3K6,0.56357557
ESRRA,0.56355315
BCKDHA,0.5635384
GCA,0.563519
PCDHGA6,0.563501
GATAD2A,0.5634221
LRP12,0.56336987
ASAP3,0.5633533
ANXA7,0.563231
ALMS1,0.56320065
GATA6,0.56315804
MPP2,0.5631202
CLDN4,0.5629166
LRIG2,0.5628705
GET4,0.56282574
N6AMT1,0.5628113
ETS2,0.56280595
LSR,0.56266934
PIP4K2A,0.5626275
DLST,0.5626132
ZFP14,0.5625306
DCP1B,0.5625021
EBAG9,0.5624473
GIMAP4,0.56239724
CBFA2T2,0.56219053
TSEN2,0.5621882
CHORDC1,0.5621736
DACT1,0.5621705
DCK,0.5620424
CDC16,0.56197315
FBXO7,0.56186837
DCAF15,0.5617022
COA6,0.5615216
CUL7,0.5614023
HMGCS1,0.5613319
USP49,0.5611756
CDK4,0.5611188
DCAF11,0.5610566
HSD17B10,0.5610476
ILF2,0.56103563
FEZ1,0.5609557
FOXRED2,0.5609502
EMC8,0.56085783
NFKB1,0.56078905
FZD3,0.56062245
BCCIP,0.56051207
CNOT8,0.560275
DHCR24,0.56022793
BECN1,0.5601914
GPSM3,0.56014276
MAP3K7,0.56012434
COIL,0.56008893
TNK2,0.56005174
KDM2A,0.56004053
INTS9,0.56001663
DNAJC8,0.5599759
AK4,0.5599713
MFSD12,0.55991393
CAPZA2,0.55991215
GMIP,0.5598715
GK5,0.55984306
FBXO4,0.5597881
ATP6V1E1,0.5597436
GBE1,0.5596705
AIMP2,0.5596409
MLXIP,0.5596334
FAM91A1,0.55962026
BLCAP,0.5595452
HOXB2,0.55941236
CHRAC1,0.5592692
NLRP1,0.5592592
CXXC5,0.5591161
CSE1L,0.55902183
MYH14,0.5589938
BOP1,0.55895925
CAMK4,0.5589398
GNAI1,0.5589237
DVL2,0.55889136
NPHP1,0.5588476
TTI1,0.55868846
EIF3K,0.5585834
BMPR2,0.55857414
CTIF,0.55855477
DDX39A,0.5584906
GIT2,0.5584164
PDLIM7,0.558299
DUSP2,0.5582904
HCK,0.5582631
CD320,0.558241
HLA-DRB5,0.5581782
GRSF1,0.5581483
CCT3,0.5581096
BRWD1,0.55809337
YTHDC1,0.5580857
ITGB3BP,0.55795795
MYO9B,0.55795306
EIF1B,0.5579453
DDX31,0.55791867
SARNP,0.5579074
GPC4,0.55774695
NDUFAF5,0.5577177
COG4,0.5576768
CCDC80,0.5575761
EEFSEC,0.55741245
ELAVL1,0.5573176
ERCC8,0.5573087
ARFIP2,0.5572696
EIF4EBP2,0.55722713
CCT5,0.55721945
CORO1A,0.5571354
ARHGAP29,0.55690783
GANC,0.5567685
GSTA4,0.5567331
C12orf65,0.55667716
BNIP3,0.55663645
FBL,0.55659306
DHX58,0.5565918
HSPB2,0.5564894
ZNF251,0.5564709
GCH1,0.5564659
CNPY3,0.5563984
HDAC8,0.55637246
LTB4R,0.5563297
CDC5L,0.556258
KDELR3,0.55625373
CDR2L,0.5562367
KATNB1,0.55622286
ANXA1,0.55621904
MAN1C1,0.55613863
ITGA2B,0.55611014
CYB5R3,0.5560901
LATS2,0.55582803
FBXO38,0.55570596
SRM,0.5555917
FKBPL,0.55548555
CHMP4C,0.5554745
KLHDC3,0.55542254
HERC4,0.55541784
CAPZA1,0.5554177
IGFBP6,0.5554002
DIS3,0.5553721
GDI1,0.5552096
GJC1,0.5550559
CREB3L4,0.5549897
CENPJ,0.5549258
GGA1,0.55488056
DTNBP1,0.5548579
CHMP4B,0.5546051
DMD,0.55456823
RPS13,0.5545143
HSD17B12,0.55447507
ERCC6,0.554267
FASTKD2,0.55425704
DPY30,0.55422544
GRPEL1,0.55422115
CDC37L1,0.55418783
BLOC1S5,0.5541772
HVCN1,0.55416113
SESN3,0.5541609
ASAH1,0.55411875
ETFB,0.55406034
ME1,0.55404186
DYNC1LI1,0.5539867
ARL8A,0.5539847
CBX4,0.55397326
EXOSC10,0.55391675
CCNT1,0.5539119
DLD,0.5538635
KLHL25,0.5537602
LOXL1,0.5537514
CD2AP,0.5536878
KIAA2013,0.5535754
KLHL2,0.55351347
GEMIN7,0.5534892
ITPA,0.55345565
BUD13,0.55337524
MID1IP1,0.5533749
CNOT6,0.55332047
FYCO1,0.5532639
METTL3,0.5531123
CLK4,0.5531092
FAM20A,0.5530692
ISG15,0.55300653
DLAT,0.55296904
GNA14,0.5529107
APOBEC3C,0.5529042
PPIL4,0.5528715
AKT1S1,0.5527509
HBP1,0.55273104
MAP2K5,0.55254966
COX6B1,0.5525357
HGS,0.5524544
FZD4,0.55244684
FPGS,0.5524346
PIGK,0.5524344
HNRNPK,0.55239767
FBXO15,0.55234504
HK1,0.55233634
CTPS2,0.5523011
HPDL,0.5522922
ETNK2,0.55222243
EDIL3,0.552219
ARNTL,0.55221546
GPX8,0.552098
DKC1,0.55198294
CYBA,0.55197006
MTX1,0.5519353
LRG1,0.55193245
MAPRE1,0.55184764
ATP6V1C1,0.55172837
GADD45A,0.55167377
CDK5RAP2,0.5516149
CYB5A,0.5516047
AP2A1,0.5515684
IL2RA,0.55154014
NDUFAF1,0.55150837
EIF2B3,0.5514804
PUS3,0.55147994
GDF15,0.55140156
CLSPN,0.5513708
CABYR,0.5513356
KATNAL1,0.5512969
NIT2,0.5512647
GNB5,0.5512574
CEP57,0.5512408
BACE2,0.5512237
LEMD2,0.5511865
LAMA2,0.551168
EARS2,0.5511427
MBD4,0.55112773
CNIH3,0.55112433
EFNA4,0.551028
LIN7A,0.55099064
CHCHD1,0.5509695
CHUK,0.5509502
MAP3K3,0.55092466
CTDNEP1,0.55089986
ARL4C,0.5508332
CTDSP1,0.55080295
MAP3K11,0.5507724
CKAP2,0.5507431
CLASP2,0.5506484
GTF2A2,0.5506255
FZD6,0.5505796
LCMT1,0.55051714
CDCA5,0.5504741
DDX18,0.55037016
CAPN1,0.550353
DHX15,0.5503405
INSR,0.5502993
ITGBL1,0.5502394
PLAGL1,0.5502183
MARVELD3,0.5500169
HDAC5,0.5499755
CAP2,0.54997253
HELQ,0.5498923
AUH,0.54981184
EBP,0.5497828
CHFR,0.5497805
GPD2,0.5497681
NDUFB10,0.5497297
B3GAT3,0.549627
CMTM6,0.5495751
PHF1,0.5494525
FBXO5,0.54937834
MGAT3,0.54934114
COMMD5,0.54933685
PYGL,0.5493344
FADS1,0.54933065
CPE,0.54928195
GYG1,0.54919666
CD46,0.5491209
IMPDH1,0.54907155
FNTA,0.5489759
TNIK,0.54897094
DCP2,0.5488766
CMPK1,0.5488133
GDI2,0.54881316
EIF2AK2,0.54877955
BATF,0.5487683
HIPK2,0.5487036
HYLS1,0.54869395
NFRKB,0.5486827
FMN1,0.548578
GADD45B,0.5485256
RAB11A,0.5483948
RBBP9,0.5483794
DHX38,0.54830444
CDK16,0.54822934
MAMLD1,0.5482249
HSF1,0.54820424
DHX16,0.5482024
CALCOCO1,0.54817814
DNAJC3,0.548156
BRAP,0.5481547
FLII,0.5481455
HSPA1B,0.548085
API5,0.54805446
ICAM3,0.5479485
DAAM1,0.54781264
MRPL28,0.54775786
EYA3,0.54767317
DOK1,0.5476631
IRF2,0.5476083
IDH3G,0.5475645
LMAN1,0.54755586
NDRG3,0.5475306
CHML,0.5475049
CDK5RAP3,0.54743403
EXOSC5,0.54732424
MRPS31,0.54717344
GTF3C3,0.5471488
INTS2,0.5471181
CDC42BPB,0.54710096
FEM1B,0.54709584
ARHGAP4,0.5470898
SRSF7,0.5470609
KAT6A,0.5470605
CDK9,0.54702294
KDM4A,0.5469666
PPAT,0.54694706
BID,0.5469396
HOXB3,0.54691166
FANCI,0.54679984
HLA-DMA,0.54676235
EMC9,0.5467619
DBT,0.54675907
FRZB,0.546586
CDC25A,0.5464919
CPD,0.546489
CFLAR,0.5464455
CACNA1C,0.54643345
EMB,0.5464103
KAT5,0.54640156
FBXW5,0.54639256
GMPPA,0.5463533
CDC14B,0.54635316
FAM114A2,0.5462907
SGIP1,0.5462841
JUND,0.54628396
GTF3C2,0.5462534
FXYD6,0.5462503
EHD1,0.546235
FAH,0.5462328
DDX41,0.546203
SUN1,0.54613036
FAM220A,0.5461156
SMCHD1,0.5460216
DENND1A,0.54601586
CCDC86,0.5459696
CNNM3,0.5459169
CSF1,0.54575074
GDPD5,0.54572576
ZNF808,0.54566705
NMB,0.54565394
LRPAP1,0.54550385
DGKA,0.545465
ME3,0.54545456
CCP110,0.5454455
HNRNPUL2,0.54544395
CRKL,0.54543984
MCM2,0.5454373
CHAF1B,0.5454288
FBN1,0.545374
DDX20,0.54533535
BMF,0.5453342
GLA,0.5453263
INPP5D,0.5453163
BUB3,0.5452956
DRG1,0.54524255
EXOSC9,0.54513025
DNMBP,0.5451254
FLRT2,0.54510903
ATPAF2,0.5451014
FN1,0.54508555
MKLN1,0.54504424
GIPC1,0.54504395
CRY1,0.5449993
PHAX,0.54497886
FBXO41,0.5449587
ELAC2,0.54492575
DGKQ,0.54492193
SREK1,0.5448646
IRF5,0.5448644
GPN3,0.5448334
EIF2S1,0.5448155
SOCS7,0.5447969
PMP22,0.54476076
GALK1,0.54474777
EIF4B,0.5445125
GLRX,0.5443686
ATP7A,0.54433304
GLUL,0.54432505
EPB41L1,0.54429924
IL6R,0.5442717
OAS1,0.5442152
CEP164,0.5441544
CAMKK2,0.54414827
LPXN,0.54407215
CBLL1,0.5440616
MBP,0.5439754
PYGM,0.543945
HNRNPD,0.54387116
CNIH1,0.5438618
FKBP8,0.5438505
ERGIC1,0.5438358
DAB2IP,0.5438245
MIS12,0.54377764
DDX56,0.54366124
MPZ,0.54365057
MED26,0.5436198
DTX4,0.543617
NOP16,0.5435854
BAG6,0.54349446
CDS2,0.5433862
COLQ,0.5433705
BRPF3,0.5433475
HLA-DRB1,0.5432391
CDYL,0.5432357
DCTN3,0.54323244
BAK1,0.543227
IPO5,0.5432235
EXOC1,0.54314935
EPHA1,0.5429764
MPP5,0.54291266
EIF2S3,0.54291254
MAML1,0.54286397
CIB2,0.542799
FZD7,0.5427819
CD9,0.54277205
HLA-DOA,0.5427664
HSD11B2,0.54274535
KPNA1,0.542739
NR1D1,0.5427309
IRF8,0.54266787
FEM1A,0.5426544
FBF1,0.54264647
CRLS1,0.54262245
IBA57,0.54260904
HPS1,0.54257876
SGPL1,0.54257727
CERK,0.5425276
GALNT11,0.5424955
GABPB2,0.54244035
CROT,0.54239476
METTL21A,0.54234177
CHERP,0.5423249
HSPG2,0.5422782
FANCM,0.54226476
G3BP1,0.54223895
DUS1L,0.5422338
ATF7,0.5422283
NEIL1,0.5422194
KCNJ14,0.5420948
CEP152,0.5420681
ERP29,0.5420396
COL4A6,0.54193234
EIF3M,0.54191345
FKBP5,0.54182124
GPSM1,0.54181916
KCNS3,0.5417756
CHMP3,0.5417692
MED9,0.54170007
C9orf72,0.5416903
FTSJ3,0.54166245
BLVRB,0.541648
IL17RC,0.54163665
CETN2,0.54163396
MRGBP,0.5416213
FMNL3,0.5415865
GATM,0.5415748
RBMX,0.54155236
NFYA,0.5415333
CDCA8,0.5415332
MRPL53,0.5415286
IDE,0.54152197
IL10RA,0.5413912
IFIT3,0.5412994
HDAC6,0.5411774
HACE1,0.5411721
CCT8,0.54113185
ZC3H13,0.54104155
CD63,0.54094696
LRP5,0.54094595
PCDHB10,0.5409263
ING4,0.5409221
EP400,0.540921
EDEM3,0.540886
CD47,0.5408575
GNPTAB,0.54083484
HLA-B,0.54082036
HSPBP1,0.54078764
EIF3G,0.540753
ARSJ,0.54071826
IMPA1,0.5406984
ALPK1,0.5406512
DHX33,0.5406179
DDX55,0.54055864
GPR176,0.54054505
ITPR2,0.5404715
TUBB6,0.5404682
CKAP4,0.54034
GRK4,0.54033446
FBXO22,0.5402913
EIF4E2,0.54028964
CENPK,0.5402343
EFEMP1,0.54022276
FARP2,0.5402211
COG2,0.54020864
LIMK1,0.54013246
LAMA4,0.54011935
CCDC59,0.54011834
DNAH1,0.5400994
KRT80,0.5400919
GLUD1,0.5400315
LARP7,0.54003084
CD53,0.5399673
COL24A1,0.5399337
DOCK8,0.5398896
GDE1,0.5398678
CLIC1,0.5398344
HOXA10,0.53982484
FAU,0.5397123
GLMN,0.5396643
GPS1,0.539655
ELF2,0.5396519
GRPEL2,0.53956926
ARHGAP11B,0.5395538
DNAL1,0.5393959
AUP1,0.5393882
LOXL3,0.539371
CRELD2,0.5393031
FOXRED1,0.53929144
FBXO31,0.5392876
CTSD,0.5392563
CSNK1E,0.5392353
CCDC40,0.5392267
BIRC5,0.5392146
NELFE,0.5391989
CWC15,0.5391954
DERL1,0.5391609
ESF1,0.53915036
GSK3A,0.5391375
ERF,0.5391311
NDUFA8,0.53908134
ALDH3B1,0.53906226
MAP3K8,0.5390603
BCS1L,0.5390327
IVD,0.53902954
ARG2,0.53901416
ITGAE,0.53894806
DIMT1,0.5388693
JAM2,0.5388216
EIF3H,0.538804
MBD2,0.5387574
ARHGEF37,0.53874177
FBXO30,0.53873765
INTU,0.5386915
DBF4,0.53863037
DENND4C,0.53856593
CHMP1B,0.5385564
CCNT2,0.5385381
KCNJ15,0.5385029
CLDN12,0.5384395
LGALS9,0.53825015
PSMD3,0.5382016
F11R,0.5381787
KANK1,0.5381694
KIF17,0.5381668
WDR61,0.5381219
MAPK8IP1,0.538091
LMNB2,0.53808683
FHL2,0.53807247
ITGA6,0.53800046
DDX28,0.5379421
ASB6,0.53792584
OPTN,0.53791964
DHTKD1,0.5378686
SENP8,0.5378545
DYRK2,0.53784484
KLHL12,0.5378436
BTN3A1,0.53782976
CEBPZ,0.5378254
LCAT,0.53780603
HERC2,0.5376597
G3BP2,0.5376581
CIAO1,0.53765553
MRAS,0.537627
GNAI2,0.5375389
PTPN2,0.5375231
FERMT3,0.5374902
AMOT,0.53747845
MRPS24,0.5374772
HYI,0.5374609
IFI16,0.5374107
LAMP1,0.5374089
APBB1,0.537381
MFAP3,0.53738004
HAAO,0.5373656
PSMD12,0.53734523
PCNT,0.5373228
MRPS23,0.53730226
GPX3,0.53730136
MIS18A,0.5372635
NRL,0.5372256
NUDT9,0.53721684
ARPC1B,0.5371762
LAMC2,0.5371103
GPI,0.53700167
ITGAL,0.5368669
BLZF1,0.5368335
LAMB2,0.53680104
DAPK1,0.536668
COPS6,0.5366014
NINL,0.5365898
GKAP1,0.53656834
ASGR1,0.53655833
HNRNPM,0.536549
GLB1,0.53654003
GOLIM4,0.5365206
ALG8,0.5365163
NES,0.5364507
IQSEC1,0.5364003
EHMT2,0.5363701
PIK3CD,0.5362981
LDB1,0.53626925
DUSP4,0.53624827
BABAM1,0.53620994
LAT2,0.5361948
DPH3,0.536104
CYSTM1,0.53607076
BIRC2,0.5360622
MED28,0.53605586
DCTN5,0.53604627
MOV10,0.5360289
GJA1,0.536013
EIF3I,0.5359922
CARD10,0.53594756
DHPS,0.53594047
DPH5,0.53590196
GTF2A1,0.5358859
CIAPIN1,0.5358815
LPL,0.5358802
JMY,0.53586644
AURKAIP1,0.5358483
CSTF2T,0.5358392
INTS10,0.5358344
HAUS4,0.5358073
PARD6G,0.5357822
KIF5C,0.53577363
HLTF,0.5357701
GTF2H5,0.5357619
IFT74,0.53573304
MAPK8IP3,0.53566504
CNOT10,0.53566206
HNRNPU,0.53565377
GSTK1,0.5356319
COPB2,0.53561753
KIF2C,0.53561425
IRS1,0.5355889
CNOT6L,0.5355856
FOXK1,0.5355721
PIGS,0.5355507
IRAK4,0.53553504
AGL,0.5355286
MRI1,0.5355041
EEF1E1,0.53549564
ARHGEF1,0.5354722
E2F8,0.53545976
PIP5K1C,0.5354556
FBXL17,0.5353855
DUSP16,0.53536737
MASTL,0.5353657
EID3,0.53531617
DONSON,0.5352407
SNIP1,0.5352101
OPRL1,0.5352075
GYPC,0.53519225
HOXA1,0.5351837
ASNS,0.53515404
EPAS1,0.5351255
LIN52,0.5350782
NDUFB4,0.5350777
ARRB1,0.53507084
COPS7B,0.53507066
LARP4,0.5350353
GGT7,0.5350191
DYNC2H1,0.53501725
KCNMB4,0.5349438
MAPK11,0.53481835
CRY2,0.5347926
CREM,0.53475404
DDRGK1,0.53474563
HSD17B4,0.53473437
MKNK1,0.53472495
GTPBP4,0.5347212
IGFBP4,0.5347106
DENND4B,0.5347086
SH3D19,0.53469825
NEU1,0.5346725
CCNB2,0.53465396
PHF5A,0.5346522
NR2F2,0.5346242
HMG20B,0.53460616
ICAM2,0.534454
CACNA1H,0.5344147
ZNF566,0.53439456
DCUN1D5,0.53437424
MCL1,0.5343057
GOLGB1,0.5342966
IQCB1,0.5342718
RARB,0.53426903
BRPF1,0.53425795
KDM1B,0.5342379
HSBP1,0.5342285
HNRNPL,0.5341913
HLA-DMB,0.5341075
IFT122,0.53410083
KANSL2,0.5340743
NSMCE2,0.5340472
NPC2,0.5340182
EME2,0.5340072
IFNLR1,0.53394955
ESYT1,0.5339394
DCAF4,0.5339385
ITGA11,0.5338308
HSD17B8,0.5338307
GRAP,0.5338036
APAF1,0.53379136
CORO1C,0.53377527
LYPD3,0.53368527
HADHA,0.5335931
MOCS2,0.5335607
DSTN,0.53356034
CDH24,0.53350633
ITM2B,0.5334947
IFT172,0.5334574
CCS,0.5334441
ICMT,0.53341365
FBXO2,0.5333565
COX15,0.5333302
MTMR3,0.533326
HEPH,0.5332363
GPD1L,0.533227
RPL28,0.53309995
GTF2H1,0.5330922
MRPS14,0.5330816
DCAF7,0.53308123
EPC1,0.5330709
POLRMT,0.5330692
HNRNPH2,0.53305745
GSPT2,0.53303564
DENND1B,0.53296274
ZNF460,0.53294253
NAF1,0.5329098
INTS8,0.5328728
COPS7A,0.53280836
HNRNPAB,0.53280616
KLHL3,0.5327375
HBS1L,0.53272283
ORC2,0.53271645
GLG1,0.5326921
WHAMM,0.5326721
GPSM2,0.53266805
MRPL22,0.53264624
MCCC2,0.532613
BTD,0.53261095
NOL10,0.5326034
FRMD6,0.53258955
MEGF8,0.5325352
ECD,0.5324894
FLAD1,0.53243995
NR2C2AP,0.53243876
SLC40A1,0.53237253
HDAC1,0.5323389
CYFIP1,0.53233105
MIEF1,0.53231233
NUDC,0.5323069
NANP,0.5322969
CENPF,0.5322708
EGLN3,0.5322474
KIF15,0.53223044
COL6A2,0.5322293
DLG3,0.53218234
AMDHD2,0.53215766
DCTN2,0.53214544
CLIP2,0.53209406
HSD17B7,0.5320268
B3GALNT1,0.5319626
PDCD6IP,0.53189546
MIEF2,0.53187865
SORD,0.53185934
MCAT,0.5318489
DNASE2,0.53183246
TIMM23,0.5318204
PDE7A,0.5318182
LGALS3BP,0.53179294
DISC1,0.5317926
MBOAT2,0.53178823
MRPS2,0.53177035
EEA1,0.5317693
GOLM1,0.53169036
IL13RA1,0.531658
HLA-DPA1,0.53162575
HPS3,0.53160924
EHMT1,0.531607
MAPKAPK5,0.5315854
ERLIN2,0.53157175
CUL3,0.5315358
UBE3D,0.53153116
GCFC2,0.5315252
GINS1,0.53150934
PUS7,0.5314861
EDNRA,0.53145045
GUF1,0.53144497
DNAJC24,0.5314209
DOLPP1,0.5314037
ITFG2,0.53139055
ERMAP,0.5313743
EIF3B,0.53134996
POLR2G,0.53133696
IFT81,0.53131646
MBIP,0.5313056
MRPL50,0.5312926
HAUS1,0.53129256
MGAT2,0.5312666
SMC5,0.5312544
HNRNPA3,0.5312315
ITGB4,0.53110754
NUDT5,0.5310838
KCNJ2,0.53107166
ME2,0.5310659
RPS21,0.5310476
NDUFS3,0.53104484
FBXO21,0.5310257
DENND1C,0.53098756
ODF2,0.5309734
HLX,0.5309713
MRPS21,0.53094006
MRPL2,0.5309343
MBTPS2,0.5309291
OSTM1,0.530902
ETFA,0.5309013
KCND1,0.5308999
OAZ1,0.53089577
IFT27,0.53089124
CCR7,0.5308716
MGST3,0.53086424
NRP2,0.53082234
ATG14,0.5308115
EHBP1,0.5307956
ARAP2,0.5307175
SMC6,0.5306736
DNA2,0.5306557
DDX50,0.530618
HADHB,0.53061426
NTN1,0.5305999
LY86,0.5305826
GSTZ1,0.5305603
ARL6IP5,0.530546
COQ6,0.53053266
LIPA,0.530518
ILK,0.53048897
MKKS,0.53048897
CSTF1,0.53045636
GTPBP2,0.5304374
MPHOSPH6,0.530415
EIF2B1,0.53040487
EIF2D,0.530375
EI24,0.5303674
HNRNPLL,0.5303616
IK,0.53029954
KLHL5,0.53027683
ACER3,0.5302309
CHMP4A,0.5301954
IDS,0.5301655
RHOJ,0.53014845
KCNMA1,0.5301127
MRPS6,0.5300934
KCNG1,0.5300906
NOC4L,0.5300848
IRF2BPL,0.53005993
TBC1D24,0.53005785
MPHOSPH10,0.53002614
DMPK,0.5299934
DPF2,0.529973
HOXB7,0.5299722
PCBP4,0.5299541
MRPL34,0.5299541
NUDT12,0.5299477
NT5C3A,0.5299464
FAM3C,0.52994287
HSPA13,0.52993244
CYC1,0.5298947
KMT2B,0.52989274
ORAI2,0.5298835
KCNC4,0.52987117
PC,0.52986246
MED22,0.529851
MATK,0.5298215
ST6GAL1,0.5298211
CPNE3,0.5298209
FAF2,0.5298181
MMAB,0.5298038
NANS,0.5297684
BAIAP2,0.52976334
LDB2,0.52964795
PTMS,0.52961195
B3GALNT2,0.52960706
NR4A2,0.5295752
CLEC3B,0.5295592
TBC1D10C,0.5295584
HOMER3,0.52953416
ENO2,0.52950954
NIPSNAP1,0.52949685
KHDRBS1,0.5294753
DSN1,0.52944374
GIGYF2,0.5294313
CYB5R4,0.5294288
BAIAP2L1,0.5294013
HECTD3,0.52939945
FBXL3,0.5293808
HES1,0.5293604
NDUFV1,0.52935153
GPCPD1,0.5293434
CSNK1G3,0.5293428
MCM9,0.52932227
GNG5,0.52927953
UBE2A,0.52921814
NEDD9,0.5292127
DHX9,0.529205
NDUFA12,0.52917975
HEXB,0.529158
MMS19,0.5291336
MPDU1,0.5291093
MRPS12,0.52910197
ATG4A,0.5290995
HOXA5,0.52904207
PPP1R11,0.5289259
SYNE1,0.52892137
KALRN,0.528912
FGF11,0.52890325
FBXO17,0.5288866
ITPK1,0.5288154
DNAJB9,0.528803
HLCS,0.52880263
GAN,0.52877396
EMC2,0.5287715
ARHGEF26,0.5287605
LIN54,0.5287432
CENPB,0.5287336
LTBP3,0.5287231
CPT2,0.5287162
SNRNP200,0.52870905
MRPS22,0.528693
GPR180,0.52868545
NUDT16L1,0.5286678
DVL1,0.5286365
ERGIC2,0.5286324
MAP3K4,0.5286298
CUL5,0.52858764
MPI,0.52855134
GABPA,0.52853006
RPS27,0.52851886
GALNT6,0.5285066
FOS,0.52844626
KDM2B,0.5284042
IL4R,0.52840394
PFDN6,0.5283483
KCNIP4,0.5283376
NSUN4,0.52833503
MTMR9,0.52823234
FIS1,0.52822256
MAP1S,0.52819604
FXR1,0.5281955
CDK7,0.52818453
KIF18A,0.52817595
UMPS,0.5281723
HMOX1,0.52813745
HOXB6,0.528136
GNA12,0.52811205
GPR153,0.5281078
LTBP1,0.5280975
MORC2,0.5280453
GCLC,0.52804315
IL2RG,0.52804196
KCNK5,0.5280252
PIGW,0.5280072
DNTTIP2,0.5280062
MAN1A1,0.52800125
PSME3,0.5279997
POLL,0.527996
EXOSC6,0.5279881
MRPL51,0.5279639
MRPL46,0.52796036
FBXO6,0.52794665
CENPQ,0.5279334
CCDC93,0.5279297
MTMR7,0.52792954
SYDE2,0.5279158
EMC4,0.527912
IL18BP,0.5279012
LYAR,0.5278771
GTPBP1,0.5278585
FSCN1,0.52784246
TMEM115,0.527838
LSS,0.52778727
PCCA,0.52774566
IKZF4,0.5277389
LYPLA2,0.52773285
CPT1C,0.52772933
ATG4D,0.5277206
GLS2,0.5277048
FBXL19,0.5277011
SORT1,0.5277002
IL2RB,0.52769697
ENTPD5,0.5276953
HOXB4,0.5276792
EIF5,0.52767456
GCDH,0.5276506
FKRP,0.52763164
MZT2B,0.5275726
IGBP1,0.5275699
LIG1,0.527539
IARS2,0.5275236
CNOT11,0.5275204
DNAJC10,0.5275131
PRDX2,0.5275062
DENND2C,0.5274862
CD200,0.5274681
IREB2,0.5274526
PNP,0.52745074
MGST1,0.52743495
NFKBIB,0.52741194
E2F5,0.5274052
EPCAM,0.52737737
CDCA3,0.5273242
CDCA2,0.52727574
LRRC47,0.52726996
DPH1,0.5272621
INPP4B,0.5272213
NFATC4,0.5272206
DBR1,0.5272112
INTS4,0.5272106
RNPC3,0.52719957
MIEN1,0.52717507
MGLL,0.5271568
NUBP2,0.5271313
PEX10,0.5270859
NCKAP1L,0.5270718
GEMIN5,0.52705383
FAT4,0.5270414
MRPL24,0.52702475
ITGB2,0.52701545
GEN1,0.52701306
COL16A1,0.5269894
NAPA,0.52697885
GAA,0.5269685
DYNLL1,0.5269554
LSAMP,0.5269431
MYO15A,0.5269423
DLGAP5,0.52692986
ESRP2,0.52690077
PITRM1,0.52687556
RINL,0.52686983
GFER,0.5268472
GAS2L1,0.5268068
DCUN1D2,0.5268048
MXRA8,0.5267241
CRADD,0.5267023
OAS3,0.52670115
NMNAT2,0.52666944
GRK6,0.5266441
NDUFS7,0.5266275
GALNT7,0.5266089
RCCD1,0.5265742
LSM7,0.52655035
MCUR1,0.52651465
HMMR,0.52648044
NMT1,0.52647084
GBP2,0.5264599
HMGXB4,0.5264508
IFIH1,0.52643806
PNO1,0.52643406
HSPH1,0.52642655
MIDN,0.5264047
MAT2B,0.526368
EPHB3,0.5263334
RFFL,0.5263286
HYPK,0.52631485
PKP3,0.5262809
CSTF2,0.52624214
WDR75,0.5261901
FKBP1A,0.5261823
MAP1A,0.52617645
STRADA,0.5261497
ISYNA1,0.52614224
MLKL,0.5261133
GNAL,0.5260849
MED25,0.5260539
MYH10,0.52605355
POLR2K,0.5260483
MAD2L1BP,0.526025
ISG20L2,0.52601266
UBE2S,0.5259954
GPX7,0.5259913
GUSB,0.5259623
LPAR2,0.5259068
PLXNA1,0.5258923
MFGE8,0.52587515
ELMO1,0.5258641
MAU2,0.525824
DCAF12,0.52581185
CWF19L1,0.5258103
CBY1,0.52579975
HSPB8,0.5257873
NUDT14,0.5257749
LEF1,0.5257577
NOP10,0.52574205
MRPL45,0.5257415
FUCA2,0.5256895
NFYB,0.52566296
LIMD1,0.52566177
PPRC1,0.52564704
FDPS,0.525638
NCSTN,0.5256379
MST1,0.5256195
METAP1,0.5255946
APH1A,0.52553177
DDX11,0.52549696
GSTM4,0.5254754
FAM120B,0.5254743
ASS1,0.52546227
NOM1,0.52544665
GPANK1,0.5254047
DIABLO,0.5253824
PTGIR,0.52537805
METAP2,0.52536607
DPCD,0.5253654
IRF2BP2,0.5253388
HLA-C,0.525337
FNBP1L,0.52532965
LDLRAP1,0.5252953
NHEJ1,0.5252906
GNPAT,0.5252758
NECAP2,0.5252605
GNAO1,0.52524954
KRR1,0.5251899
DNM1L,0.5251881
GMEB1,0.52518785
LPCAT1,0.5251696
PTCD1,0.5251525
KIF3B,0.5251461
DNAJC2,0.5251139
BCAP31,0.52511257
HSPA1A,0.5251075
PLCH2,0.5251074
IVNS1ABP,0.52509767
FGD2,0.5250891
NECAB3,0.52506846
EPHX2,0.5250675
RPP25L,0.52498966
PAIP1,0.52498007
MMS22L,0.52496487
RGL2,0.524946
PKN2,0.5249318
MAP4K5,0.52491665
MMADHC,0.5248626
KLHL20,0.52485806
MRPS35,0.52484894
HAT1,0.5248395
MSL2,0.52479786
RAB40B,0.5247973
DFFA,0.524767
DAPK3,0.5247575
CLK1,0.5247486
EIF2AK3,0.52474666
CRMP1,0.5247202
MON1A,0.52471375
GRWD1,0.52469105
NDN,0.52466357
IDH3A,0.5246538
FLT4,0.5246266
PDE4C,0.52458066
PEX13,0.5245343
PLP2,0.52452064
NCOA6,0.524512
NOC2L,0.52450824
MTHFD1,0.52450055
SLX4,0.52447134
GNPDA2,0.5244671
LTBR,0.52441704
HSPA1L,0.52439016
KHDRBS3,0.5243802
KDM3B,0.5243686
ITPR3,0.5243677
HERC3,0.5243502
KIFC1,0.52433217
LSM4,0.524303
NOP9,0.5242966
IPMK,0.5242658
LONP2,0.52426285
TSG101,0.5242559
FAM160A2,0.5242387
NR3C1,0.524207
MAPK3,0.5241893
PAFAH1B3,0.52416235
IGFBP7,0.52411616
MAGOH,0.52411216
ELOVL7,0.52410066
MIF4GD,0.52404386
LAS1L,0.52402514
PABPN1,0.52400005
BLOC1S1,0.52399236
NPHP3,0.52396625
BCKDK,0.52394694
HM13,0.52393514
NMD3,0.5239307
CD300A,0.5239045
COL5A2,0.5238943
ECHS1,0.52387583
L3HYPDH,0.52386767
KIF1C,0.52385914
IMMT,0.5238582
PACS2,0.52385247
PLEKHG2,0.52383024
MSMO1,0.52382535
PLEKHM2,0.5238189
EPHB2,0.52380997
NADSYN1,0.5237771
NAA35,0.5237584
QDPR,0.5237459
MRPL17,0.5237291
FANCB,0.52372724
FBXL12,0.5237102
ITGAX,0.5237001
RHPN1,0.52369225
U2AF1L4,0.523691
IFT46,0.52368
PAGR1,0.523669
ATP6V0B,0.52365136
GMPPB,0.52364004
HS2ST1,0.5236125
MCM7,0.5236094
MX2,0.52359265
ATG16L2,0.5235914
KCNAB2,0.5235544
RALGAPB,0.5235395
MEIS2,0.52353764
GNS,0.52352417
MRPL37,0.5234928
NID1,0.5234675
LTN1,0.52345806
PDK3,0.52345747
PLAT,0.52344584
DYNC1I2,0.5234417
LLGL2,0.5234089
TST,0.5233742
NAA40,0.523372
DCTPP1,0.52333194
MRPL33,0.5233296
TSR1,0.5232881
MICU2,0.52328175
PAIP2,0.5232675
OXSM,0.5232623
POLR2I,0.52325827
SLC7A6,0.52323073
INTS5,0.52320117
NCF4,0.5231909
MAPK14,0.52319086
CYP2U1,0.523182
GALK2,0.5231569
UFM1,0.5231339
NME4,0.5231306
ATF6B,0.5230788
PDP2,0.5230647
USP37,0.5230546
FGD1,0.5229869
IL11RA,0.52295744
MKNK2,0.5229447
JDP2,0.5229414
GALNT10,0.52291965
PXN,0.52287686
KIF3C,0.5228765
LUC7L,0.5228634
ERRFI1,0.52286303
CCL4,0.5228339
NDUFA1,0.5228267
MIA3,0.5228194
MTMR14,0.5228163
CCL5,0.5228051
HJURP,0.5228009
EXPH5,0.5227844
MFAP1,0.5227632
MRPL10,0.5227035
SMU1,0.52269346
RFXAP,0.5226872
DERL2,0.5226315
ITGA7,0.52262545
LIN9,0.52258676
NAA25,0.5225843
KHNYN,0.5225746
MBD3,0.52255553
KTI12,0.52250797
MAGOHB,0.5224966
ATG9A,0.5224935
NLRC4,0.52248466
LARP4B,0.5224693
GPN1,0.5224419
MTIF3,0.5224362
NONO,0.52243423
NDUFB8,0.5224322
MRPL44,0.5224302
NAA38,0.5223742
COPS4,0.52230597
HADH,0.52229893
MCM5,0.5222948
SNRPD1,0.5222816
HIRA,0.5222738
MEX3C,0.52226365
LAMTOR4,0.522232
NAPG,0.52221173
KRBOX4,0.5222069
IMP4,0.5221971
EIF2A,0.5221947
CLPB,0.5221417
NOD1,0.5221263
MADD,0.52212405
MZT2A,0.5221238
NDUFA10,0.52205217
IMPDH2,0.5220514
BLVRA,0.52202773
DHRS1,0.52200186
MAGED1,0.5220002
CTTNBP2NL,0.5219753
IFT20,0.5219393
NUS1,0.52189064
HIGD1A,0.521888
PELP1,0.5218876
RRM2B,0.521883
IRF7,0.5218725
PSMD9,0.5218543
KRIT1,0.5218437
MRPL11,0.52183914
ATG16L1,0.52183896
PAK1IP1,0.5218283
NCBP2,0.5217715
ENGASE,0.5217354
ECI2,0.52172697
PRKRA,0.5217267
YIF1A,0.5217255
NAB1,0.5217029
KIF4A,0.52169526
GPN2,0.5216664
HECTD2,0.52164835
GADD45GIP1,0.52160805
PPP1R13L,0.52158123
DSC2,0.5215426
NCK2,0.5215224
PGRMC1,0.52152
MCRS1,0.5214962
ING2,0.52148294
CSAD,0.5214744
KHK,0.521469
RAB31,0.52146095
STX11,0.5214514
NT5E,0.52144444
JUNB,0.52144074
DNAJB14,0.5213964
MLST8,0.52133596
CHCHD2,0.52130926
DNAJA4,0.5213033
LRRC49,0.521302
GTF2H3,0.5212976
MMP11,0.52127755
MBD1,0.5212732
CD40,0.5212728
NR5A2,0.5212237
KCMF1,0.52122295
KREMEN1,0.52121055
NFIX,0.52120465
CNTRL,0.5211902
MAN1B1,0.5211373
MYL12B,0.52110934
PIK3R5,0.5211082
MT2A,0.52110034
GTF2E1,0.5210744
PLCB3,0.5210714
IRF2BP1,0.5210445
HHAT,0.521042
PHYKPL,0.5210318
L3MBTL2,0.52101666
IMPA2,0.52101123
NDUFS8,0.52098924
CUL2,0.5209697
SAP30,0.52092564
MPG,0.5209002
ALDH18A1,0.5208895
COX17,0.5208715
GDPD1,0.5208617
HAUS3,0.5208419
HEXA,0.52082103
PAG1,0.5208195
LEPROT,0.5207834
NDUFA6,0.5207535
RB1CC1,0.52073437
MTA3,0.52071756
PRMT7,0.5206764
LGR4,0.52067626
GYS1,0.5206728
FBXO25,0.52064174
ICAM1,0.52062666
PTAFR,0.5205956
OGDH,0.52057374
IL17RD,0.52055645
PDCD11,0.5205072
NDUFAB1,0.52049804
PANK1,0.52048475
ALG9,0.5204742
NCOA1,0.52046853
ESD,0.52044106
UHRF2,0.5204392
NDUFA11,0.5204172
TBC1D32,0.52040964
PTPN9,0.5203777
MRPL35,0.5203588
STARD13,0.52035004
NUSAP1,0.5203252
PEF1,0.5202968
MSL1,0.520284
RNF135,0.5202754
ID2,0.52026236
LSP1,0.52025694
COX18,0.5202461
NSA2,0.5202141
GLRX2,0.52021396
LIG4,0.52020216
PPP2R1A,0.5202011
DHODH,0.5201406
ENC1,0.52008796
PRPF18,0.52003986
B9D2,0.520018
GALNT18,0.5200081
COQ10B,0.5200042
CBX3,0.5199926
DPYSL2,0.51996404
GINS4,0.51990485
PRPF38A,0.51990384
NOLC1,0.51988184
LLGL1,0.5198673
HPS6,0.5198666
PDRG1,0.5198645
PREB,0.51982397
MR1,0.5198092
DUT,0.51979536
PKP1,0.5197848
LPCAT4,0.5197534
MDFIC,0.51974046
MRTO4,0.5197364
HEBP1,0.51972747
CLCF1,0.51970196
CHKA,0.51969236
PLXNC1,0.51963466
KRT10,0.5196088
CHCHD5,0.51958853
FJX1,0.51955736
RTN4R,0.5195491
PANK2,0.5195125
GCC2,0.51948905
MRPS10,0.5194827
FKBP15,0.51946574
DBNL,0.5194595
OSTC,0.5194285
GATC,0.51942706
POLR3GL,0.51939774
GGCX,0.51937914
MANBA,0.51936203
PDPR,0.51932424
PHB,0.51931965
STK40,0.51929563
PFDN2,0.5192891
PRMT6,0.5192653
RAB18,0.51923674
MLEC,0.51922244
SLC1A3,0.5192142
RFC2,0.5192045
RIT1,0.519187
PSMB4,0.5191689
DPH2,0.51915073
LMO4,0.5191348
HSPA6,0.5191038
PNPT1,0.51908326
MAP3K10,0.51905704
NUP50,0.5190543
GPAM,0.51904845
CREG1,0.5190128
HMBS,0.51899296
MYLIP,0.518928
NUCB1,0.5189258
PPP6R2,0.5188993
RFC1,0.5188777
PPARD,0.5188739
NSMCE4A,0.51885563
OPHN1,0.5188458
IFNAR2,0.5188071
PLEKHA7,0.5187873
MAD2L1,0.51877564
NOP58,0.51876146
MRPS9,0.5187343
HOMER1,0.5187236
POLR2D,0.5186827
MSL3,0.5186737
VGLL4,0.5186673
CYCS,0.51864815
NME2,0.51864535
ODC1,0.518611
PPP1CB,0.5186093
BTN2A1,0.5185919
MUS81,0.51856244
EXOC5,0.5185534
MFN2,0.5185529
MBTD1,0.51853985
NDUFA13,0.5185348
RASGRP2,0.5185341
NDC1,0.51852024
KRT19,0.5184618
KDELR2,0.51845545
MRPS34,0.51844615
PJA2,0.51843613
FHL1,0.51840574
ARL1,0.5184019
HAUS5,0.5184008
DDX58,0.5183915
GADD45G,0.51837194
PARVG,0.5183659
FUZ,0.5183539
ETFDH,0.518349
KIF14,0.5183243
NPC1,0.51829135
MOCOS,0.5182265
PIF1,0.5182207
KCTD6,0.5182026
LSM2,0.5181987
MRPL30,0.5181597
DSP,0.51814765
FAM110A,0.5181188
MAD2L2,0.5181175
PSMB6,0.51811653
NKIRAS2,0.51810235
GNB2,0.518102
DXO,0.51810116
NRBP1,0.51806134
KIDINS220,0.51803267
KCNAB3,0.51803076
HDAC9,0.51802284
NDUFA5,0.51800925
USP22,0.5179829
PTP4A3,0.5179635
SIRT1,0.517954
FUT4,0.51795363
OXTR,0.5179493
DHX37,0.5179109
TBCC,0.5178978
HSPA4L,0.51787114
SPIRE1,0.5178485
KPTN,0.5178466
PKIA,0.5178458
PCK2,0.5178274
FRK,0.5178204
FAM98A,0.51778466
TSPAN33,0.5177673
POLB,0.51772434
EXOSC8,0.5177204
COG7,0.51769066
PGAP3,0.5176635
NUMA1,0.5176315
MYL6B,0.5176235
NUP62,0.51757836
CDH5,0.51756984
NUP37,0.51754135
PTDSS2,0.517536
SGSH,0.51746976
LRSAM1,0.5174585
IDH3B,0.51744956
NRCAM,0.51742333
GTPBP10,0.51741827
LCLAT1,0.5173928
NUBP1,0.51737607
OXCT1,0.5173674
POFUT1,0.51734006
MPC1,0.5173337
CHN2,0.5173302
CENPT,0.5172959
RBMX2,0.51729125
HELB,0.51728386
MCCC1,0.51727563
INTS1,0.51726466
NFIL3,0.51720846
INIP,0.5171919
MRPL20,0.51718384
SPATA2L,0.5171513
NEK8,0.5171243
NAMPT,0.51708084
DTNB,0.5170807
PIP4K2C,0.517074
NR4A1,0.5170713
OSBP2,0.5170559
LGALS8,0.5170532
KLHL11,0.51701844
TRPM2,0.51699024
PARP3,0.5169764
PPIE,0.5169452
ENTPD4,0.51693857
CEP76,0.51693416
PCDH1,0.51692563
HEXIM1,0.51679456
OCLN,0.51678264
IL21R,0.516781
LRR1,0.5167781
SAT2,0.5167394
MAP4K1,0.51670617
NEK1,0.51670396
SNX5,0.5166936
CYP39A1,0.5166829
PTPRE,0.5166605
DECR1,0.5166536
CUBN,0.51663154
IFT80,0.51663136
SNRPB,0.5166264
GNL3,0.51660633
PSMB7,0.5165941
SCAMP1,0.5165787
RPL22L1,0.5165351
NDUFV2,0.5165072
BAG4,0.51650417
B9D1,0.5165003
LATS1,0.5164985
MRPL21,0.51649785
RABEP2,0.51649415
NIPSNAP3A,0.51646656
DBP,0.5164488
RELL2,0.5164077
PPP1R10,0.5163943
PSME2,0.5163672
SLC25A22,0.5163654
HTRA2,0.5163561
SH2B3,0.5163544
CCDC97,0.5163318
TERF2,0.51631606
DCAF13,0.5163085
DNTTIP1,0.5162854
DNAJC9,0.5162784
MDC1,0.5162751
RAB6A,0.5162401
PMPCB,0.5162117
SMOX,0.5161804
NEO1,0.5161791
SAP18,0.516163
DHRS3,0.5161589
KCNMB3,0.5161412
NAGPA,0.5160828
RPL26L1,0.5160756
MMP15,0.51606905
GNPTG,0.5160552
PAPSS2,0.5160353
SLC35A2,0.5160293
TFDP2,0.5160062
MRPL19,0.5160013
POLR3A,0.5159697
PURB,0.5159317
LIN37,0.51592255
MTSS1,0.51586586
RANBP3,0.5158639
CLN3,0.515858
SMG5,0.51582724
ITPKC,0.51582366
PSMC3,0.51580626
EVI2B,0.5157912
LAMA3,0.51575196
EBNA1BP2,0.51573926
MRPS17,0.5157011
MAN2C1,0.5156661
NEDD1,0.5156608
NSDHL,0.5156564
PDPN,0.51564974
NDST1,0.5156362
IL20RB,0.5156109
MMP17,0.5155957
PFKFB4,0.51558703
APOE,0.5155624
MLH3,0.51556176
COX6A1,0.5155546
RNF152,0.51552373
SRGAP1,0.5155004
FCHO1,0.51547796
FUT1,0.51542205
MTR,0.5154001
PCYT2,0.51539737
JMJD6,0.5153828
PRKAG1,0.5153798
ORC3,0.51536167
PEX7,0.5153372
RCOR2,0.5153092
SCNN1A,0.5152854
PNISR,0.5152729
MICA,0.5152573
MX1,0.51523846
PA2G4,0.51523834
MYADM,0.515228
SMNDC1,0.51520693
RTF1,0.5151814
PIPOX,0.5151568
MAPK6,0.515144
MIB1,0.5151259
RPAP3,0.5151254
NLN,0.51511556
UNC5B,0.5151127
DOCK6,0.5151115
SIKE1,0.5150899
SLC22A17,0.5150689
ITSN2,0.51506525
TGFB3,0.5150623
ISCA2,0.51505035
MVP,0.5150265
GLCE,0.5150188
NR2C1,0.51501495
SMG6,0.51497746
RIMKLB,0.51497495
ENOPH1,0.5149647
TAF8,0.51494604
P2RY11,0.51493746
CPEB2,0.5149301
F2R,0.51491654
LMBR1L,0.5148864
POMGNT2,0.51488465
RRP9,0.514867
KIF13A,0.51486325
RBM34,0.51482975
SFSWAP,0.51481915
LEPR,0.5147864
NUP93,0.5147421
MZT1,0.51473564
IRAK3,0.5147314
PPP4R1,0.51471585
STAG3,0.5147155
MOSPD2,0.5146802
SORL1,0.51467323
OTUD3,0.5146268
LRRC40,0.51461077
KRTCAP2,0.5145844
PHKA2,0.51458424
EVPL,0.51457226
MYO5B,0.5145624
H6PD,0.51454526
ERN1,0.51453936
LRP1,0.5145321
P4HA1,0.5145302
NPHP4,0.51452166
DNAAF2,0.5145012
NIPA2,0.5144962
E2F2,0.5144938
TIMM21,0.51449203
PLEKHA8,0.51444334
PFKP,0.51442736
RPP30,0.5144268
NCAPD3,0.51442534
ROCK2,0.51441604
MPND,0.5143766
PINK1,0.51434034
SENP3,0.51430917
NMRK1,0.514307
GPNMB,0.5143017
PHF19,0.5142887
MANF,0.5142572
MRPS16,0.5142422
PPP3CC,0.51423824
PDS5B,0.5142366
MFN1,0.5142313
MFSD10,0.5142243
TUBGCP2,0.51421916
PHF20,0.5142113
PNPLA6,0.51417345
LRP2BP,0.5141712
PFKFB3,0.5141618
RAD23A,0.51414573
ECH1,0.5141125
TMEM11,0.5141028
PLXNB2,0.51409495
NEK6,0.5140792
CSF2RB,0.51407725
NDRG2,0.51406753
HAUS2,0.51405346
POLE4,0.51403177
KIFAP3,0.5140257
POLK,0.514019
NELFB,0.5140142
RNF34,0.5139999
NOP2,0.5139974
MSR1,0.5139939
PACSIN2,0.51398456
OXSR1,0.513973
ZFC3H1,0.5139558
PIK3R3,0.5139498
SARDH,0.5139327
RRAGA,0.5139281
TXNL1,0.5139129
PGM2,0.51390886
CDC7,0.51388025
STARD10,0.5138799
NUP43,0.5138691
POP5,0.5138565
RSF1,0.513823
MIS18BP1,0.5138159
NT5C3B,0.5138149
LRCH1,0.5138136
SRSF6,0.5138068
KIF20A,0.51378965
MAP4K2,0.5137875
FECH,0.51378536
NUP160,0.51376116
MCM3,0.5137431
ST3GAL2,0.5137378
PDGFC,0.51373047
RAB3GAP2,0.5137288
SMARCAL1,0.5136911
PPIB,0.51367253
PTDSS1,0.513666
ITGB7,0.51364684
MRPS5,0.5136304
LIMA1,0.5136222
MEAF6,0.5136221
TRIM35,0.5136113
RCSD1,0.5136093
NEMF,0.51358026
STAP2,0.5135606
TOR1A,0.51354843
RBP1,0.51354504
RAB10,0.51354384
NUB1,0.5135359
KLHL9,0.5135279
RPRD1B,0.51352227
NUP205,0.513519
PGF,0.5134834
PIH1D1,0.5134804
ORMDL2,0.51344174
GAS8,0.51344156
ERI1,0.5134262
SLC1A1,0.5134086
POLR2C,0.51340055
RRP7A,0.5133796
SDF2,0.51337916
MGAT4B,0.513379
PSMB10,0.51337457
NAA50,0.5133049
OCRL,0.513291
RPS27L,0.51328313
KIF21B,0.5132645
DOLK,0.5132643
NPRL3,0.51326376
NDUFV3,0.51325923
ATP6V1D,0.51325893
PANK3,0.51325613
PLEKHG6,0.513235
PTPRA,0.51322186
XRCC2,0.513217
SKP1,0.5132062
PIGF,0.51320136
RAB6B,0.51319975
U2SURP,0.5131859
SLC19A1,0.51318467
FDXR,0.5131605
KCNQ1,0.51315707
NDUFB9,0.5131364
TRRAP,0.5131311
PLEKHG5,0.5130841
RAB13,0.51307523
PEX26,0.5130748
KDM8,0.5130666
RAD52,0.513053
RBM25,0.5130419
TRIM37,0.5130405
MLPH,0.51302904
STX10,0.51302266
NNMT,0.5130214
NTAN1,0.5130168
POLA2,0.51301306
LMAN2L,0.5130057
KRI1,0.512996
NDUFS2,0.5129848
SHOC2,0.5129741
KLHL21,0.51297396
INO80B,0.5129643
PLAA,0.5129545
SUGP1,0.5129543
PEX2,0.51293916
MRPL55,0.51292753
LEMD3,0.5129205
PPP2R5C,0.51290226
E2F6,0.51290035
NCAPG,0.5128984
PCSK7,0.5128614
ARHGAP6,0.5128552
ATP1A3,0.51285416
LAMTOR3,0.51285005
IL10RB,0.5128434
KLC4,0.5128421
MYL12A,0.51282614
IQCE,0.5128241
RBL2,0.51282126
MRPS18B,0.51282024
FAM111A,0.5128057
PSENEN,0.5127759
SCP2,0.512763
PCGF2,0.5127617
RUNDC3A,0.5127601
RALB,0.5127477
PPP1R7,0.5127231
SCO1,0.512723
SCAP,0.51271087
MRPS15,0.5127016
PRPF31,0.5126949
TP53BP1,0.51269484
RAB1B,0.51268065
GNE,0.5126715
GK,0.51266587
LZTS3,0.5126369
ATP13A2,0.512634
HUS1,0.51263225
SEC24D,0.5126246
DOK2,0.5126183
PER2,0.5126132
NRBF2,0.51258373
HPS4,0.5125339
IRF1,0.51250374
PTGES2,0.512499
SCCPDH,0.51246935
MRPS30,0.512455
SETD6,0.5124012
MRPS26,0.51239115
SLC7A5,0.51237315
OMA1,0.51235116
PPIL1,0.5123386
PLK3,0.51232016
B3GNT7,0.5122986
KIT,0.51229554
PRKAR1B,0.5122896
RAP1GAP,0.51228654
PTTG1,0.5122863
ORC4,0.5122796
RANBP10,0.512251
PKP4,0.5122443
SCYL1,0.5122366
PRPS1,0.5122355
RHBDF2,0.5122278
NR1H2,0.5122209
RIC8B,0.5122205
PGD,0.51221335
STK36,0.51216525
NEIL3,0.5121466
SELPLG,0.5121402
GPR183,0.51213825
NFASC,0.5121261
PSAT1,0.51212174
SOX4,0.51210684
NAA60,0.5120972
PLCB4,0.51209176
CEP290,0.51209104
ZNF433,0.5120805
NARS2,0.5120754
FRS3,0.5120716
HIF1AN,0.5120705
PDHA1,0.5120677
RHOT2,0.51206416
PIK3R4,0.5120451
PTGES3,0.5120247
NAGA,0.5120188
HES4,0.512012
SERPING1,0.51201135
TBCB,0.5120111
SRP72,0.51201004
ROBO1,0.51200867
PSMC5,0.5120032
PPFIA1,0.5120007
PPARA,0.51197726
NUBPL,0.5119698
PDE4A,0.5119406
PAQR5,0.51193124
PRKCH,0.51186067
NUP155,0.5118603
PLXND1,0.5118454
PCGF5,0.5118361
MED7,0.51183003
METTL14,0.5118183
FBLN5,0.5118147
PDE8B,0.51180387
GALE,0.5117938
MRPL48,0.51178676
MED16,0.5117835
RPP38,0.5117826
RBBP6,0.5117442
PCYT1A,0.51174414
FBXO27,0.5117432
RPF1,0.5117317
NAA20,0.5117282
RAB11FIP3,0.5117266
NOP56,0.51171666
MOB2,0.5117142
PYGB,0.5116967
PRKAR2B,0.5116706
RPL24,0.51165295
SDS,0.5115989
COL15A1,0.5115898
PAM16,0.51158434
MLYCD,0.51157016
LNX2,0.51156884
RNF5,0.51154923
PTPN13,0.51152796
RBM8A,0.5115098
PSMB3,0.5114849
TDP2,0.511477
PLXNA2,0.51147527
PSMC6,0.5114689
PSMB1,0.5114687
PIK3AP1,0.5114601
MAFF,0.5114479
SASS6,0.5114427
CWF19L2,0.511418
GALM,0.5113846
RPL38,0.5113619
RLIM,0.5113613
TIAL1,0.51135606
PELI1,0.5113557
PPP2R1B,0.5113527
MAFK,0.51134896
RAD54L,0.5113245
SLC27A4,0.51128805
FBXO32,0.51125944
OTUB1,0.5112577
PIKFYVE,0.5112489
KIF7,0.51123124
KLHL42,0.5112055
RPL37,0.5111929
PGGT1B,0.5111915
MCF2L,0.5111831
S100A6,0.51117456
RAPH1,0.51117414
MAPRE2,0.5111683
RALGPS2,0.5111544
SPRY4,0.5111343
PHACTR1,0.5111148
RAN,0.511103
RPS20,0.5110904
MRPL54,0.5110893
LIF,0.51108867
NAPEPLD,0.5110854
RAB4A,0.5110731
RAB5B,0.51107115
TRPC1,0.51106375
EFNB3,0.511063
MPHOSPH8,0.51106066
MSRB3,0.5110409
SNRNP35,0.51103336
PCDHB3,0.5110029
HCCS,0.5109983
PEX5,0.51098794
SSX2IP,0.5109869
PKN1,0.51094633
PEX3,0.5109372
MFF,0.51092494
RWDD3,0.51092136
TRAF3,0.5108947
MAP2,0.51089317
PEX19,0.51088405
NFATC1,0.5108641
PAPOLA,0.51084316
PHC2,0.510835
NMT2,0.51079994
SERPINB6,0.5107854
NCOA7,0.51076484
PIGC,0.5107616
RBPMS2,0.5107603
LOXL2,0.51075745
GSTM2,0.5107438
NFS1,0.51072234
PNPLA4,0.51072156
EVI2A,0.5107182
RAD51C,0.5106733
SH3GLB1,0.5106479
MSX1,0.5106264
PPP2R5D,0.5106093
PTK2B,0.5106072
MALSU1,0.51058006
YWHAB,0.5105795
PIWIL4,0.5105754
OIP5,0.510567
PDCD7,0.51056117
SMC3,0.5105428
RTEL1,0.51052845
PIR,0.51052564
NSMAF,0.5105165
MSX2,0.5104859
SLC9A3R2,0.51046705
RND1,0.5104498
RNF114,0.510424
GSDMD,0.5104222
PLCG2,0.510411
STUB1,0.51039976
NDUFA3,0.5103946
RNF19B,0.51038426
SYF2,0.51036376
ARID4A,0.5103578
OAT,0.51035506
ERCC6L,0.5103456
DGAT1,0.5103301
PITX1,0.5103238
INO80C,0.51030314
DDX51,0.5102643
SEPSECS,0.5102596
POLR1E,0.5102479
RHBDD1,0.51024354
PIK3C2A,0.510216
RPRD1A,0.5102078
LSM11,0.5102018
TRAPPC9,0.51020056
FMO4,0.5101804
RABGEF1,0.5101753
STARD8,0.5101727
HMOX2,0.51017106
NAA15,0.5101474
SBF1,0.51013446
CCDC68,0.51013434
LIN7C,0.51012075
NUF2,0.5100879
NDUFA4L2,0.5100366
SDAD1,0.51003224
PUS1,0.51002896
PGS1,0.509994
NAA10,0.5099764
SQSTM1,0.509975
RPSA,0.5099729
PGM2L1,0.50991166
PSMB9,0.5098716
RUFY1,0.50985396
RAB12,0.5098386
PNRC2,0.5098376
RAB25,0.5097866
RMDN3,0.50977707
PCDH18,0.5097761
POLG2,0.50975645
SPHK2,0.5097374
PDK2,0.5097273
PFN2,0.50971526
RBM22,0.5097128
TMC6,0.50970334
PYCR1,0.5096791
SPARC,0.50967765
PLS1,0.5096735
PDCL,0.5096604
MCM8,0.50965804
TEX10,0.50964147
SBF2,0.50963366
NAT10,0.50961626
KRBA1,0.50959426
IRAK1,0.50958586
MSRA,0.50955796
NOB1,0.50952935
SLAMF1,0.50952387
REEP4,0.50952333
NUP54,0.5095152
NLRX1,0.5095068
EGR2,0.5094955
NDUFS4,0.509475
SKA3,0.50946677
PBK,0.50946134
MAP9,0.50946105
RAB20,0.50944823
CYP2D6,0.5094463
LPCAT2,0.50944513
LXN,0.5094388
SLC26A6,0.50939745
SEC61A2,0.50938874
KRT5,0.50938725
IRS2,0.5093853
KCNN3,0.50934607
RXRB,0.50934047
PPP1R15A,0.509332
PSMD2,0.5093313
PTPN1,0.5093244
PGP,0.50931
LONRF1,0.50925714
MTMR1,0.50924116
TAPBP,0.5092336
PTPMT1,0.50923026
TBC1D16,0.50922894
SLC35B1,0.5091901
IKBKE,0.5091868
KLHL22,0.5091712
ITGB1BP1,0.50916415
RECQL,0.509159
ATP6V0A2,0.50915337
TNIP2,0.50913566
RNF123,0.50910664
LRP4,0.50907534
PSMG2,0.5090749
TNKS2,0.50906986
RAG1,0.50905883
RRP36,0.50903773
CBR4,0.509029
MTF2,0.50900686
NOTCH3,0.5089837
MAN2B2,0.5089785
RPS7,0.50897765
TESK1,0.5089758
NLGN2,0.5089432
STAU1,0.50892293
RIF1,0.5089163
PDZD11,0.5088872
RPL23A,0.5088801
RHPN2,0.5088713
FEZ2,0.508867
CYTH2,0.50882614
TARS2,0.5088237
PARP14,0.5088085
MTFMT,0.50880635
PYGO2,0.50880575
RUVBL1,0.50879186
ASPHD1,0.508776
PES1,0.5087613
PAPSS1,0.508744
RAB11FIP4,0.50874144
DGKE,0.5087407
PEX16,0.5087367
PLA2R1,0.50873023
TBC1D10B,0.50872904
TBKBP1,0.5086838
PBX3,0.5086774
SCD5,0.5086672
PGM3,0.5086396
TM7SF2,0.5086177
PRKAB2,0.5086124
RSU1,0.5086045
PMF1,0.50860345
PYCR2,0.5085957
NGDN,0.508585
NABP1,0.5085558
RPL6,0.5085486
SLC1A5,0.508532
FZD2,0.50850683
PATL1,0.5085051
NPDC1,0.5084832
GALNT12,0.50847346
SEC22A,0.5084049
SARM1,0.5083777
SH3PXD2A,0.50837225
TMEM107,0.5083514
RGS16,0.508312
PSMG3,0.5083089
POMP,0.50830674
SAMM50,0.5083035
NID2,0.50830317
MED8,0.5082983
TOX4,0.5082683
SMUG1,0.5082668
IL15RA,0.50824195
CUL4B,0.5082375
SUGT1,0.5082342
SCIN,0.5082307
IPP,0.50821525
IDUA,0.50821483
SPSB3,0.5082123
VTI1B,0.5081815
SPN,0.5081634
RPL31,0.50814146
SNRPA1,0.50814134
SV2A,0.50812536
RPAP1,0.5081183
PRKD1,0.50811565
PSME1,0.50810456
NLRC5,0.5081017
SEPHS2,0.50809747
TAX1BP1,0.50809443
SNRPA,0.5080941
NADK,0.5080837
KCTD15,0.5080641
RGS1,0.5080518
PRX,0.50803834
NDUFB1,0.50803053
PDCD10,0.5080294
TIMM17B,0.50802755
PRMT1,0.50802404
IFT57,0.5080068
PILRA,0.50799644
YWHAH,0.5079778
RAP1GDS1,0.5079516
PFKFB2,0.50793403
SUPT5H,0.5079234
PLRG1,0.5079225
PICK1,0.507913
UBE2Q2,0.50790703
PEA15,0.5079066
PRR5L,0.50789064
INPP5K,0.50788087
SEC16A,0.50787497
RAD9A,0.507857
TMED3,0.5078181
PDXP,0.50779915
SEL1L,0.5077761
MED17,0.5077743
ARHGAP18,0.50776505
SRRM1,0.50776213
SMC2,0.507745
SYNE3,0.5077368
TRPC4,0.5077326
WDR36,0.5077097
MSH5,0.50767887
TAF7,0.5076653
ZNF286A,0.5076633
RAB30,0.5076632
TPRN,0.5076549
SNRNP70,0.50765306
PRICKLE2,0.5076484
NUP133,0.5076411
STX5,0.5076404
SURF6,0.5076313
KIF26B,0.50762784
UTRN,0.50762707
RBM28,0.50760776
UBAP1,0.5076043
SLAIN2,0.507597
TMED9,0.5075924
TARBP2,0.5075833
NRN1,0.5075424
POLR2H,0.50753975
IL17RB,0.50752676
SCRIB,0.5075253
SMARCAD1,0.50750643
RPS11,0.50749326
TMOD1,0.5074689
NOL8,0.50745213
UGCG,0.50744015
ZKSCAN1,0.50743604
SUPT3H,0.5074209
SEC24C,0.5074
PLXNB1,0.5073973
SH3BP4,0.5073953
MERTK,0.50738436
RPAP2,0.5073784
PLCB2,0.5073545
THAP4,0.5073302
RPS12,0.50730836
RPL36AL,0.5072346
SF3B5,0.5072325
SART1,0.5072036
GOLGA1,0.50718534
GIMAP8,0.50717264
RIPK1,0.5071657
SLC39A4,0.50714165
RAD1,0.5071237
RGS19,0.5071135
RPS6KB2,0.5071085
RHOB,0.5071073
CAT,0.50710404
SPPL3,0.5070983
RECK,0.50708365
PDE8A,0.50708073
PPP1R13B,0.5070774
TDRKH,0.50707453
SH2D2A,0.5070741
PLSCR1,0.50706923
STRIP2,0.5070649
TCIRG1,0.5070535
SLC6A9,0.5070396
RAD54B,0.5070135
SPIDR,0.5070072
SRPX2,0.5069963
DCAF17,0.5069867
PAN2,0.506977
NCBP1,0.5069627
SMARCC2,0.50694865
SEC31A,0.5069475
NPTN,0.5069466
COPZ2,0.50693476
HOMER2,0.5069308
PIAS3,0.5069027
PSMD7,0.5068991
PLTP,0.50689644
RAB3GAP1,0.50689393
NME3,0.50687504
RAB3IP,0.5068675
RNF111,0.5068638
RCAN3,0.5068632
SCARA3,0.50686276
SHISA5,0.5068486
TRIP6,0.5068439
WASL,0.50684035
RBPJ,0.50683266
POLR3H,0.5068302
SEC22C,0.5068232
SLC27A5,0.5067758
RBM5,0.5067593
STARD3,0.506755
ARCN1,0.50675315
TCP1,0.5067487
PPID,0.5067473
PIGT,0.50674486
HIP1R,0.5067418
PSEN1,0.50672346
PSMD8,0.5067222
SPINT1,0.50672024
SNRPE,0.5067165
SPDL1,0.506698
PKD2,0.5066403
SNTB2,0.5066395
PDLIM1,0.5066225
ELMO3,0.5066207
CEPT1,0.50660956
PRKRIP1,0.5066038
STAT5A,0.50659734
RRAGD,0.5065943
PRKD2,0.50659394
ST13,0.50657725
SDC3,0.5065635
WDR5,0.5065555
PARVA,0.50655293
SMAD7,0.50655156
SCLT1,0.506542
NCEH1,0.50653696
PPM1L,0.5065289
DALRD3,0.5065271
SH2B2,0.50652593
EXOSC4,0.50652564
SPPL2A,0.50652504
SNAP23,0.50650483
RYK,0.5064989
PNPLA2,0.5064843
PEX12,0.50647336
NDUFAF3,0.50645465
SIAH1,0.50642926
RAB11FIP1,0.5064091
PPM1F,0.506405
SAE1,0.5063874
MED23,0.50635356
ZNF335,0.5063461
SERINC3,0.5063357
RABGGTB,0.50632966
XRCC5,0.5063241
OBSL1,0.5063114
STK25,0.5063113
RPGRIP1L,0.506301
FBXL7,0.5062914
VRK1,0.5062706
SOD1,0.5062426
PLEKHG3,0.50623834
POLH,0.5062177
SHPRH,0.50620013
RAB2A,0.5061554
ROR1,0.50612015
KIF27,0.50611657
PPP5C,0.50611085
MICAL2,0.5060939
SMPD2,0.5060878
MRPL39,0.5060864
SWI5,0.5060284
SERINC5,0.5060128
SPAG7,0.5059831
RTCB,0.50597566
PURA,0.5059537
ALYREF,0.50593174
POLE3,0.5059048
SLC44A3,0.5058881
PMPCA,0.5058866
NFKBIZ,0.5058801
PDCD4,0.5058746
RANBP6,0.5058742
EAPP,0.50587374
TTF2,0.50587225
RNF24,0.50586957
RAB34,0.5058632
UCHL1,0.50586295
SLC30A6,0.50585407
UBR1,0.5058522
ABLIM2,0.5058426
TNPO2,0.5057834
TLE3,0.50575924
TSNAX,0.5057573
URM1,0.5057133
PPM1A,0.50569606
TP53BP2,0.5056794
UTP14C,0.5056783
WBP4,0.50567573
NT5C,0.50567186
TXNL4B,0.5056503
MTF1,0.5056366
RBM4,0.5056281
RNF41,0.5056263
SSBP2,0.50559354
CDKN2AIP,0.50558907
TMEM67,0.5055824
RAD23B,0.50556386
USP34,0.5055429
TRAFD1,0.5055244
SGSM3,0.505523
NCAPH,0.50551903
KCNC3,0.5055003
FZD8,0.5054993
RPE,0.5054802
TERF1,0.50545967
OTUD7B,0.5054573
RTN4IP1,0.50544786
TIAM1,0.5054452
STT3B,0.5054435
NIF3L1,0.50544304
PECR,0.50542516
PDK1,0.5054251
SOAT1,0.5054189
POLM,0.5054166
RNF7,0.50541276
PSMB8,0.50538117
SLC35E3,0.50537485
STAT1,0.50537145
SURF4,0.50533044
COL1A2,0.5053165
RAB8A,0.5052649
PANX1,0.50524724
ZNF415,0.50524193
RGS5,0.50523806
TRIB3,0.5052187
POLE2,0.5052112
TBC1D13,0.50520164
GPR160,0.505194
RPL7,0.50519276
RAB37,0.50518936
RARS2,0.5051585
MID1,0.50515354
PAF1,0.5051504
TRIM32,0.5051438
CPT1A,0.5051398
ZNF641,0.5051194
TRAIP,0.5051175
RPA2,0.50511277
NRP1,0.5051096
SEMA6A,0.5050955
SETX,0.5050715
SMAD6,0.50505793
SESN1,0.5050436
TRIP10,0.505037
PAQR3,0.5050352
SMARCA1,0.5050205
MCM6,0.50501645
RRAGB,0.50501364
PEX11A,0.50493443
BAG5,0.5049335
RAPGEF6,0.5049314
RNF14,0.5049292
SNRNP27,0.5049288
SNF8,0.50490576
POLR1A,0.5048864
RRM1,0.5048817
PRKCD,0.50487167
PPFIBP2,0.5048648
TAF1A,0.50483084
CHMP2B,0.5047912
STXBP2,0.504768
MRPL13,0.50475913
PDIA4,0.5047418
SIK2,0.5047415
NDC80,0.50473154
MED20,0.50473064
PLEKHG4,0.50470394
RSRC1,0.50470144
SRPRB,0.5046966
RAB3D,0.5046945
ZNF528,0.50467885
SAT1,0.50466603
POMGNT1,0.504638
ST14,0.5046331
CORIN,0.5046299
NPR1,0.5046291
F8,0.50462866
RING1,0.5046262
PPCS,0.5046191
PMVK,0.504603
PPP1R8,0.50459737
NTN4,0.5045797
LRP3,0.5045707
PJA1,0.50453424
IER3,0.5045289
SUV39H2,0.50452274
TRIM22,0.5045205
PARD6B,0.50449866
PPIG,0.5044866
SF3A3,0.50447524
WDR11,0.5044711
SEMA3F,0.5044659
SNRPG,0.50444746
MED4,0.50444645
UQCRC1,0.50443393
XPOT,0.50442684
PPP2R2A,0.5044151
NELFA,0.5044034
SLC2A3,0.5044024
TMED10,0.5043912
SEC31B,0.5043895
SPON2,0.5043686
TMEM147,0.50436836
TRIM41,0.5043439
RBM42,0.50434214
XYLT2,0.5043125
POLR1B,0.504311
RASA3,0.5043032
EIF2B2,0.5042815
SHQ1,0.50428075
TOM1,0.5042676
PRKX,0.5042552
SLC3A2,0.5042541
SETD1A,0.50424707
RUFY3,0.504242
RRP15,0.50422806
VPS37D,0.5042088
SH3PXD2B,0.5042071
RNH1,0.504194
SETD7,0.5041884
NEK2,0.5041842
SSBP4,0.5041352
EIF2B4,0.5041254
PPCDC,0.5041056
ZKSCAN5,0.5040631
SKAP2,0.50405145
RIOK3,0.5040283
COG1,0.50398785
NOTCH4,0.5039799
SEMA4A,0.50397277
TRAF3IP1,0.5039688
TP73,0.5039687
SAV1,0.5039457
SKIV2L,0.5039187
RBBP7,0.5039044
SQLE,0.5038917
RNF130,0.5038786
RAB9A,0.5038624
DYSF,0.5038501
ZIK1,0.5038489
HSCB,0.50383705
SAFB,0.50383556
YIPF2,0.5038324
PGAP1,0.5038318
ZNF589,0.5038214
TXNIP,0.5037989
UCP2,0.5037925
RHOBTB2,0.50376695
TBC1D20,0.5037574
SYMPK,0.5037408
NME7,0.50374025
SLC44A1,0.5037262
SERGEF,0.5037252
SMS,0.5037228
PRNP,0.50370955
SPATA2,0.5037088
NR2C2,0.50370777
SLC22A4,0.5036992
SIN3B,0.50369555
POFUT2,0.5036682
PDK4,0.50365764
PIGM,0.50364405
TMED7,0.50363314
OPN3,0.50363183
SPAG16,0.50362915
SYVN1,0.5036232
NFKBIA,0.5036099
QRSL1,0.503607
SNAPC5,0.50360656
SAFB2,0.5035893
SLC25A20,0.50357383
THOC6,0.50355226
SNX6,0.503546
PHKA1,0.5035043
WRNIP1,0.5035
THUMPD1,0.5034932
SYCE2,0.50349146
USP15,0.50347334
UBE3A,0.50346136
UBFD1,0.5034537
SYDE1,0.5034424
SOCS5,0.5034283
TRAF5,0.5034122
ORMDL1,0.5033999
STK4,0.5033998
PPP1R3D,0.5033969
VPS26A,0.5033684
USP3,0.50336224
SPG11,0.5033508
TRIM21,0.5033499
TBCEL,0.5033408
TAF1,0.5033334
MRPL41,0.5033302
GALC,0.5033185
PPIL2,0.50330114
NIP7,0.50328505
PRPF4,0.50325143
TIMM17A,0.5032436
DCLRE1A,0.5032426
TIPRL,0.5032396
SEMA6B,0.5032132
LMCD1,0.5032122
TRIM28,0.50320154
TAF9B,0.50319874
CCNK,0.50319177
RAB24,0.5031904
SPTSSA,0.5031894
TBK1,0.50317913
TMED2,0.5031775
TBC1D17,0.50314146
NMI,0.50313675
NINJ1,0.50307775
GDAP1,0.5030748
PTPN23,0.5030536
USP46,0.5030437
SPNS1,0.5030422
PFKL,0.50302345
MINPP1,0.5030149
NOC3L,0.50299156
SKAP1,0.50297713
SIRT6,0.50296676
TGIF2,0.5029666
NLGN3,0.5029585
SSR3,0.5029198
PGAM5,0.50289893
RASSF8,0.5028972
MOAP1,0.50289494
SEC24A,0.50286156
NCF2,0.5028404
SEC61B,0.5028369
TTBK2,0.5028274
RPS6KA1,0.50279987
TRMT11,0.50279754
TBC1D8B,0.50279397
PSMD10,0.5027909
SMPD1,0.50278676
TSC22D3,0.5027554
PPWD1,0.5027441
RAC2,0.5027434
SPRY2,0.50274307
TRIM46,0.5026872
RPS6KA4,0.50268406
VPS11,0.50267965
RAP2C,0.50267756
STRAP,0.5026738
RIN3,0.5026549
RAB3IL1,0.50264144
EPB41L5,0.5026348
STX12,0.5026108
TRIAP1,0.50260425
RNF103,0.5025539
SPR,0.50255233
NDUFAF4,0.5025428
SNW1,0.5025395
ZNF304,0.50252795
PCSK5,0.50252014
TAB1,0.5025163
PIGQ,0.50251514
SAR1B,0.5024634
SYNCRIP,0.502462
ZDHHC9,0.5024587
DYNC2LI1,0.5024455
SEC62,0.50244224
KAT2A,0.5024416
ROBO3,0.5024405
ZNF100,0.5024308
PLXNA3,0.5024067
REPS1,0.5024065
RAB21,0.50239825
PRDX4,0.5023973
MUL1,0.5023823
PDPK1,0.50237274
MAP2K6,0.5023727
GMPR,0.5023625
RAB11FIP5,0.5023402
SUN2,0.5023329
TAF9,0.5023215
PDE6D,0.5023089
TRAK1,0.5022989
LMF2,0.50229746
FCGR2A,0.5022723
PPT2,0.50226355
RALGAPA2,0.5022605
TERF2IP,0.50226027
UBE2J2,0.5022282
SLC25A17,0.50221336
SIVA1,0.5022077
SLAMF7,0.5021906
MPP7,0.5021891
RGS17,0.5021769
POGLUT1,0.5021742
RRP8,0.5021686
PPP1R3B,0.5021622
TIFA,0.50211996
PTPN21,0.502108
VPS37C,0.5021046
RHOT1,0.50210285
WDR6,0.5020932
UBLCP1,0.5020925
HRH1,0.50207746
LRFN3,0.5020663
RAD50,0.5020605
VPS28,0.50204015
PIGG,0.5020295
SPOPL,0.50199944
RHEB,0.50199044
RIC8A,0.5019717
PTCD3,0.50196034
PLA2G12A,0.5019446
MAP3K9,0.5019315
KBTBD8,0.5018825
JOSD2,0.50187397
TMEM132A,0.50185466
SATB1,0.50185275
STK24,0.50184184
UBL7,0.5018407
ANAPC16,0.50182074
RNF181,0.5017957
ARL13B,0.5017901
PPP2R5E,0.5017881
VPS37A,0.5017822
TP53INP1,0.5017681
PPP3R1,0.50174564
STAT4,0.5017424
STAM2,0.5017339
TNKS1BP1,0.5017315
PSMC2,0.5016973
TAF6,0.50168663
PRPSAP1,0.5016794
WDR48,0.5016649
TCF7L1,0.50165725
RETSAT,0.501639
ZBTB8OS,0.5016286
RABGGTA,0.5016226
RSL24D1,0.501608
UBA7,0.50160724
SNX18,0.5016016
IL17RA,0.50158465
UBE2O,0.50157416
SMPD4,0.5015521
KLC2,0.5015517
STX17,0.50151455
PLCD4,0.5014873
SGMS2,0.50147814
TRIP12,0.50147015
RPRD2,0.5014701
TXN,0.50146276
UBE3B,0.50145
TRAPPC6A,0.50141895
VDAC2,0.5014159
PAK6,0.5014051
SEH1L,0.5014028
PODXL2,0.5013951
REEP2,0.5013711
GCSH,0.5013638
SRA1,0.5013621
WDR91,0.50134474
RGMB,0.5012897
TUBGCP5,0.5012847
ZFYVE26,0.5012621
TYW1,0.501254
STX2,0.5012349
SUPV3L1,0.5012183
COMMD2,0.5012155
PKP2,0.50121415
TNFRSF10B,0.501186
SEC24B,0.5011711
LNX1,0.5011561
TTC5,0.50114316
PPOX,0.50112486
PASK,0.5011239
SLC25A13,0.50112367
PRKAB1,0.5011232
SLC30A1,0.50107
PAFAH2,0.50106966
TIMM44,0.5010694
UBA3,0.501057
TTC7B,0.5010454
UBA1,0.5010385
TRIOBP,0.5010282
UBE2E1,0.50101525
ZNF133,0.501013
TIMP2,0.5009786
RAD51AP1,0.50097704
ZNF830,0.50097466
RPS6KA5,0.5009738
PIGA,0.50095147
TBPL1,0.5009444
TRAPPC8,0.50093406
UTP18,0.5009222
SRI,0.5009146
PI4K2A,0.5008485
SYNJ2,0.500839
RPL7L1,0.5008166
TICAM1,0.50080293
NOL7,0.50078166
TYRO3,0.5007752
VPS8,0.5007522
OASL,0.50074923
RNF8,0.5007386
GRHL1,0.5007047
ELMO2,0.50069493
ZNF200,0.50067204
UBXN7,0.50065637
TNFRSF1B,0.5006549
RUSC2,0.5006382
RASSF2,0.5006299
TXNDC16,0.50057966
TFB2M,0.5005589
UNC119B,0.5005462
PGAP2,0.5005352
PFAS,0.50052667
UBE2Q1,0.5005222
ZNF32,0.5005137
MON1B,0.5005016
TCEA3,0.5004826
NDUFAF7,0.5004668
YRDC,0.5004502
SYNGR2,0.50044394
STOML2,0.5004368
SSB,0.5004308
RMDN2,0.50040305
RPL21,0.50038314
PALMD,0.50037706
TMC8,0.50035083
SIGIRR,0.5003447
SAMD8,0.50029206
ZNF620,0.50025845
MICALL1,0.5002569
SNX33,0.5002308
SSR4,0.50022924
TCTN3,0.5002241
POLR2F,0.500217
ZBTB33,0.50021183
SNX13,0.5002064
TADA3,0.50020325
USP33,0.5001798
ST3GAL6,0.50017124
SPICE1,0.50015926
PDCD5,0.50014234
YY1AP1,0.5001323
RCAN2,0.5001218
RNASEH1,0.5001215
STRIP1,0.5000881
RNF185,0.5000871
ZNF76,0.50007534
TRPV2,0.50007385
RNMT,0.5000617
SLC9A1,0.50004286
RIOK2,0.5000397
SNAPC4,0.5000328
GID4,0.5000031
TOMM34,0.49999988
SRCAP,0.49997568
TRA2A,0.4999547
VEGFB,0.4999423
NTPCR,0.49994057
TGOLN2,0.4999292
SNAPC2,0.49991632
TANC1,0.49988547
TPM1,0.4998696
CREB5,0.49980524
TNPO1,0.49978462
RANBP9,0.4997817
SPTLC3,0.4997805
SNX4,0.49975657
TUBGCP3,0.49973503
RASSF5,0.49971917
SNAP47,0.4997181
TRAF4,0.4997111
STK3,0.49970597
SNRPD3,0.49969548
USP1,0.4996941
TLR7,0.49969047
ZMIZ2,0.4996725
RPS15,0.49967214
SIRT5,0.49967143
XRCC4,0.49966383
LRRK2,0.49963674
RFC3,0.4995549
SEC23IP,0.49955168
RCAN1,0.49954355
LMBRD1,0.499538
RIN1,0.49953616
KCNH2,0.49952123
RHOQ,0.4995166
UBE2F,0.49951208
FOXP3,0.49950814
TRPC4AP,0.49950024
MFSD2A,0.49949947
ECSIT,0.49949607
TOP3B,0.49948078
UCHL5,0.49946758
ZNF219,0.49943677
RAB33B,0.49943474
MRPL40,0.49940485
WDTC1,0.4993294
MTO1,0.49929956
RNF40,0.4992903
RCN1,0.49926153
TEAD3,0.4992381
SLC35B2,0.4991926
FADD,0.49918476
SLK,0.49916545
STC2,0.49916396
UPRT,0.49916217
TIMM13,0.49909672
YTHDF2,0.49908218
SLC25A3,0.49907747
UQCRFS1,0.499077
DLC1,0.49906036
SERP1,0.49905437
QTRT1,0.49903122
TFIP11,0.49901223
SDCBP,0.49899885
MPP1,0.49898413
SLBP,0.49898046
COL8A2,0.49897215
MMACHC,0.49894378
TRIM69,0.49888492
LSM10,0.4988735
VTA1,0.4988714
UST,0.49885774
TTK,0.49884734
MGAT4A,0.49881506
ZNF442,0.49881488
UNC13D,0.49878976
SMG7,0.49873322
TWF1,0.4987276
POMK,0.49867553
PRKACB,0.4986681
TRAPPC11,0.49866635
DFFB,0.49865994
SORBS1,0.49865022
TAF5,0.4986376
STK38,0.49863496
TRAF3IP2,0.49862406
SORBS3,0.4986042
TUBB2A,0.4985924
TSPAN5,0.4985898
PBDC1,0.49858394
MYBL1,0.49858215
RBAK,0.49855578
TIMP3,0.49854583
UBL4A,0.4985238
SOCS3,0.4985145
FGR,0.49850187
STX8,0.49849784
SUPT6H,0.49849024
TRIM26,0.49844238
WBP11,0.49841797
ST8SIA4,0.49841526
SERPINB9,0.49841395
ZYX,0.49841297
USP14,0.4984095
SYNE2,0.49840596
SURF2,0.49838874
RPL36A,0.4983861
RNASET2,0.49837652
SLC7A8,0.49837062
TOPORS,0.49836665
RNASEH2B,0.4983648
VPS39,0.4983546
SPRTN,0.49835226
TMED4,0.49830887
RRS1,0.49829993
STON2,0.49829826
TNFRSF11B,0.4982921
WBP2,0.49826807
ZNF790,0.4982632
PRC1,0.4982528
TTC21B,0.49825048
WWC1,0.49823606
NOL3,0.498236
CDKN3,0.49823338
RASAL3,0.49822
MRPL18,0.49820083
ABCE1,0.49818337
TJP1,0.4981793
PEX6,0.49816403
PPFIA4,0.49815285
UQCR10,0.49808356
SLC35D1,0.4980585
GNG11,0.49804896
UBE4A,0.49804053
TUBB3,0.49804005
ZCCHC7,0.49802312
THAP11,0.4980061
SYT11,0.49799296
PHLPP2,0.4979861
SLC25A12,0.49797618
TRAF6,0.49795076
RASA2,0.49793634
PER3,0.4979355
CHI3L1,0.49793056
PLK4,0.49792403
GPR68,0.4978971
TRAPPC2L,0.4978659
NLRP3,0.49784657
YKT6,0.49784184
TUFM,0.49781984
ZDHHC17,0.49781647
SIRT2,0.4978098
DNAH5,0.49780816
ZNF266,0.49780384
OSGEPL1,0.49776992
UBIAD1,0.49776366
BOLA1,0.49770755
GALNT3,0.49770686
YWHAQ,0.49770093
RTCA,0.49768546
UPP1,0.4976804
SEMA7A,0.4976635
VPS26B,0.49766067
WDR62,0.49765784
SNAPC1,0.49760446
SLC25A28,0.49760282
PDP1,0.4975967
RAB4B,0.49759266
SNX2,0.497527
PAIP2B,0.49751392
TP53RK,0.4975085
PREPL,0.49749315
VAC14,0.49747887
SRP19,0.49744418
ZNF217,0.49739993
SLC27A2,0.4973728
NOL12,0.4973675
TEP1,0.497363
ITGA5,0.49733347
TADA1,0.49733192
TRADD,0.49730822
PQBP1,0.49728423
SOS2,0.49724308
LAMTOR5,0.49723724
STK35,0.49723342
TPK1,0.49722904
WDR37,0.4972095
SPCS3,0.49720594
THEM4,0.4972036
VCAN,0.49720076
STK39,0.49717778
TBC1D1,0.49714807
PRPF3,0.49712545
RANGAP1,0.49712333
WDR26,0.49709326
SMAD9,0.49709314
TWF2,0.49708715
DTX3L,0.4970605
NXT2,0.4970512
UBQLN2,0.4970433
SPG21,0.49704227
ZFAND6,0.4969895
TDRD3,0.49695775
SEZ6L2,0.49694744
WDR3,0.49694473
ALCAM,0.4969365
TAF12,0.49688387
VPS4B,0.4968535
TDRD7,0.49684483
PDHX,0.49682525
USP42,0.49680182
OSGEP,0.49679852
SLC27A1,0.4967917
SHC1,0.49678892
VPS36,0.49678794
RABL2A,0.49678105
TMSB4X,0.4967784
SEC23B,0.49677745
ZC3HAV1,0.4967432
SEC63,0.49664098
MRPL9,0.49663404
XYLB,0.4966237
MOGS,0.49658424
SH2D3A,0.49658266
TRMT61B,0.49657112
RORC,0.49655667
STOM,0.4965456
WDR1,0.4964987
RRP1,0.49648955
TBL1X,0.49647558
SDC1,0.49647558
WSB2,0.49638596
RFX2,0.4963624
UNC13B,0.49633503
ZNF770,0.49629322
VPS4A,0.49629322
SIAH2,0.4962837
THOC5,0.49626
UTP14A,0.49625105
SSBP1,0.49621758
TOLLIP,0.49621126
FAIM,0.4961562
UBE2M,0.49609476
SNRPB2,0.49608752
SEMA4F,0.4960559
ARHGEF15,0.4960502
RELT,0.49603117
UBE2L6,0.49603003
PPP2R5A,0.49601337
STAMBP,0.49596763
RBM45,0.495956
PDE5A,0.49593818
ZDHHC21,0.4959315
ZWINT,0.49587816
TAF1C,0.49584416
TACO1,0.49582857
TUBG1,0.49582282
TAF1B,0.49579868
ASB13,0.495784
SCLY,0.4957586
USF2,0.49572974
SPI1,0.49571535
F12,0.49570882
SHCBP1,0.49565956
PARP12,0.495653
TTC27,0.49565148
TONSL,0.49562794
TRAM1,0.4955982
SIPA1,0.49558583
SYTL4,0.4955024
PHF11,0.4954983
SNAP29,0.49547935
NXF1,0.4954756
USP45,0.49546805
TRPM7,0.49546227
VPS51,0.49540257
RIOK1,0.49539953
ZC3HC1,0.49539128
PEX11G,0.49536523
PIGO,0.49535108
TFAP2C,0.495323
TMEM179B,0.49531955
SLC12A2,0.49531797
ZNF462,0.4953133
MOCS3,0.49529165
TGS1,0.4952865
ZFYVE16,0.49527973
USP11,0.49527457
SPRED1,0.49525812
TSEN54,0.49522573
UXS1,0.49521726
TMEM176A,0.4951992
UQCRB,0.49516323
SIL1,0.49515933
RAC3,0.49513373
TGFB1I1,0.49511608
SEMA4B,0.49502662
TRIM2,0.4950138
SHARPIN,0.49498957
TNFRSF21,0.4949725
SEC23A,0.49496982
PBLD,0.49494857
TRAPPC3,0.49491754
NAIF1,0.49490067
STIM2,0.4948919
REXO2,0.49487415
PDLIM2,0.49486658
SNX8,0.49485952
PHLDA3,0.49485454
WTIP,0.49485034
PREX2,0.4948452
TET2,0.49482155
CD247,0.4948158
VARS2,0.4947923
RELA,0.49469987
DUSP8,0.49468726
UGGT1,0.49465683
PAAF1,0.49464947
STARD3NL,0.49462673
VPS37B,0.49460772
PIAS4,0.49460688
ZNF7,0.49457377
ADAM23,0.49457237
PCSK6,0.49455842
PDCL3,0.4945508
TOMM40L,0.49450693
YARS2,0.49450162
PANX2,0.49449563
UFC1,0.49445355
VPS35,0.4944399
RNF217,0.49442765
PPM1B,0.49441916
XPO5,0.4944058
ITGA4,0.49435937
TCF7,0.49431282
REC8,0.49428618
STX16,0.49422544
WWP2,0.49420464
RCHY1,0.49419633
TBC1D25,0.4941569
TRO,0.4941313
RILP,0.49410668
PPIH,0.49410236
UQCRQ,0.4940312
CLIC2,0.49398732
UAP1L1,0.4939776
RAPGEF4,0.49397597
TTYH3,0.4939758
SNRNP48,0.49393564
ZNF394,0.4939342
MOCS1,0.49392098
PRICKLE1,0.4939044
TCTN1,0.49387506
LCMT2,0.49387476
SGPP1,0.49379486
ST3GAL4,0.4937004
TRIM38,0.49369088
PNKD,0.49368042
TMEM70,0.49363524
GALNT14,0.49360654
TJP2,0.49355745
RNF31,0.49353132
TCEA2,0.49350825
SOCS6,0.4934993
CAPN5,0.4934876
MYO1F,0.49346077
UVSSA,0.49344707
CHMP6,0.49343628
TMEM50A,0.49341398
ZNF12,0.49324456
MYO7A,0.49322078
YIPF1,0.49321637
ZRANB3,0.49316752
WARS2,0.4931629
MRPS36,0.49315813
GBP1,0.4931332
RGCC,0.4931223
SPSB1,0.49311128
MANEA,0.4930946
ZFP90,0.49306092
TBXAS1,0.4930387
SUCLG1,0.493036
YEATS2,0.493027
ROCK1,0.4930032
ZNF500,0.49300116
HPS5,0.4929577
UNC5C,0.4929444
SYNJ1,0.4929416
TRIP4,0.49294043
PRDM4,0.4928697
JAG1,0.49280757
PLEKHA3,0.49277195
TRUB1,0.49276912
PLD6,0.49273485
PSEN2,0.49270776
TAB3,0.49265546
UBAC1,0.49261934
TSFM,0.49254265
ABI2,0.49253583
PDGFD,0.49249244
UBXN4,0.4924896
FZD1,0.4924834
THAP7,0.49243867
SHB,0.492399
RNF38,0.49237058
HDAC11,0.49227592
ZNF774,0.49226782
FLNC,0.49214992
S1PR4,0.4920318
UNC93B1,0.4920185
SERPINF1,0.4919685
TYSND1,0.4919671
TAF5L,0.49192291
PSMA2,0.49192223
ZNF605,0.491922
TBC1D2,0.49190924
RABL2B,0.4918914
SNTA1,0.491857
ARHGEF25,0.49182716
USP16,0.4918202
WIPI2,0.49178046
SRR,0.49177504
NDUFB6,0.4917527
TXLNA,0.4917522
TAF3,0.4917379
RASGEF1A,0.49173364
STX18,0.4916964
ZFYVE27,0.49165052
USP19,0.49164936
TELO2,0.49164602
TOR4A,0.49162373
TSSC4,0.4916233
PDSS1,0.491618
PSD,0.4916028
SLC35A1,0.4915839
PMM1,0.49149877
TOB2,0.49134767
ZNHIT6,0.49133617
TRIM68,0.4913311
VAMP2,0.49132824
YEATS4,0.49132144
SLIT3,0.49130663
YES1,0.49129894
ZMAT3,0.49129048
PSMD5,0.49128324
ZKSCAN7,0.49127838
TRAPPC4,0.49127424
VPS18,0.49126256
TSNARE1,0.49125895
TFAM,0.49121276
SPOP,0.49121022
CHKB,0.49120542
SEMA5A,0.4910876
RFK,0.49106616
TRIM6,0.49104178
ZNF546,0.49103615
TRIM56,0.49095255
STRADB,0.49095172
MAPK13,0.49091005
UBOX5,0.49084145
SUMO1,0.4907554
TRIM14,0.4907523
ZNF267,0.49074587
AMPD3,0.49074107
BBS7,0.49073258
UPF3B,0.49071535
SLC25A38,0.49065885
OSMR,0.49060676
SMYD5,0.49056405
VCPIP1,0.49054626
SIRT3,0.49051008
AP5M1,0.49049062
TBC1D23,0.4904721
RABIF,0.4904638
ZNF791,0.49040115
SPSB2,0.49031928
SLC2A8,0.4902175
TXNRD3,0.4901688
ZNF592,0.4901609
WEE1,0.49014843
SPAST,0.49014363
PPP2R3A,0.49013686
RCE1,0.49013376
ZNF253,0.48989686
VPS53,0.48977947
PLD2,0.4897641
TBC1D10A,0.4897031
RIPK2,0.48968673
TRIM62,0.48966604
SLC5A6,0.48962203
SGCB,0.4896199
WDR19,0.48956922
HARS2,0.48941168
ZNF480,0.48930863
TAF13,0.48929587
TDG,0.48928738
TAGLN,0.48924315
FPR3,0.48920098
RGS14,0.48914126
DPP7,0.48906493
ULK1,0.4890266
SPRED2,0.48900026
SUOX,0.48895204
APOO,0.4889426
POMT1,0.48886314
KMO,0.48880422
TDP1,0.488768
ZNF182,0.48869482
JMJD4,0.4885744
TGFBRAP1,0.4885386
DYRK1B,0.4885331
ZNF670,0.48844197
TINF2,0.4884248
UBXN2A,0.4883537
WDR46,0.48832488
STX4,0.48831773
RNF6,0.4882824
TTF1,0.4882173
ZFP36,0.488195
TAF2,0.4881621
SARS2,0.4881207
TM2D2,0.48809788
KCNAB1,0.4880154
PTH1R,0.48796907
WDR45,0.48791197
VAMP1,0.48772934
TAZ,0.48770875
ZNF189,0.487622
ZMYND11,0.48761326
SYT7,0.4875851
TNFRSF10A,0.48756638
HSPA12B,0.48753676
ZNF493,0.48753458
RAP2B,0.48744762
RNF125,0.4874223
VPS33A,0.48739535
ZNF264,0.48728287
ZNF195,0.48726636
CRAT,0.48698562
AIFM1,0.48696262
EFNB1,0.48694515
TREX1,0.48692366
SUPT7L,0.48689076
PLB1,0.48686612
ZNF282,0.4868199
TFAP4,0.4867998
DDX60,0.48669744
COL6A1,0.48667243
ZBTB17,0.48666525
SLU7,0.48664567
TIMM8A,0.4866452
GBP4,0.48661003
SMG8,0.48656508
SNTB1,0.4865443
SPATA13,0.48653948
SERPINF2,0.48653337
GTF2H4,0.48651758
COQ3,0.48649883
EAF2,0.4864759
ZNF684,0.48644197
HSD11B1L,0.4864292
UTP23,0.48634118
ZFPM2,0.48626724
AP4S1,0.4861429
SCNN1D,0.48604545
SMPDL3A,0.48574972
ZNF423,0.48565814
ZNF197,0.48564038
ZNF326,0.485637
ZNF473,0.48561686
SERPINB8,0.48560214
FBP1,0.4855855
YIPF5,0.48548263
PI4K2B,0.48543477
ZNF519,0.48542696
WDR83,0.4853768
TMEM187,0.48505616
ZNF607,0.48494306
PYCARD,0.4848977
ZFPM1,0.48486087
ZNF585A,0.48469856
FOSL1,0.48466438
TRMT1,0.48460564
RPP21,0.48459303
SRD5A3,0.48455754
PARP9,0.4845374
WNT2B,0.48451978
RASGRP3,0.48448545
LAG3,0.48424947
ZNF254,0.48420626
PLCD1,0.48415986
VAMP8,0.4841061
WASF3,0.48404106
ADSL,0.48403203
TGM2,0.48400375
UROS,0.4838615
ZNF692,0.48382264
RRAS,0.48381585
ZNF561,0.48377472
NPL,0.48370326
ZFYVE9,0.48369342
ZNF34,0.48368037
NAA30,0.48364222
USP39,0.48353273
ZNF212,0.48352084
PCDHB5,0.48345926
IL12RB1,0.48343518
UTP20,0.4831936
CLUAP1,0.48315653
TAF6L,0.48306704
TMEM216,0.48305503
ZNF19,0.48305446
VIPAS39,0.48301354
PORCN,0.4829232
TAP2,0.48289785
TCN2,0.4828898
ZNF562,0.4828491
STAT2,0.4827926
MIB2,0.48262414
REPS2,0.48261777
ZNF33B,0.4826067
APOBEC3G,0.48256567
APBA3,0.48250684
ASB7,0.48248756
NHLRC3,0.4824808
CASP10,0.4824412
ALKBH3,0.48243478
ADM,0.48240566
ADAM22,0.48239857
ACTR1B,0.48239622
ACTL6A,0.48239022
ANO7,0.48233765
ZNF74,0.48233294
APRT,0.48231158
ST8SIA1,0.48220024
TRIM23,0.48218405
TLE1,0.48217162
SEMA4C,0.48209232
MTMR10,0.48207948
UBE2B,0.48207444
RDH10,0.48199084
NAT1,0.48190084
SLC30A4,0.48186663
PRRT2,0.48184288
PTPRN2,0.48176003
TMEM214,0.48166078
RAB42,0.4816015
NDUFA9,0.48146847
GFI1,0.48142454
COL11A2,0.48138714
TSEN34,0.481376
RBM17,0.48130897
PCGF1,0.4812782
ZNF274,0.48123023
ZNF485,0.48115814
MST1R,0.48103777
YOD1,0.48103204
PLXNB3,0.48096594
URB2,0.48092172
RRAGC,0.48088148
ITGA9,0.48080695
TECPR1,0.4808041
TNFRSF25,0.48078412
ZNF429,0.4805868
ZNF337,0.48057666
POU2F2,0.4804931
UFL1,0.48038676
SCUBE2,0.48037446
THAP1,0.48035926
YIPF6,0.4803279
ZNF691,0.48027968
HOXD3,0.48025316
SPDYA,0.4801757
SETMAR,0.48013502
EPHB6,0.4801148
ZNF517,0.48009303
ZNF836,0.4800171
USP21,0.4799834
BUD31,0.4796108
FUNDC1,0.47959787
LDHD,0.47956622
SURF1,0.47951493
ZNF143,0.47946858
ZMPSTE24,0.47945178
TBC1D7,0.47924834
NTM,0.4791867
UCKL1,0.47913688
CLDN1,0.47905695
THSD1,0.4789371
ZNF317,0.47887367
UQCR11,0.47887218
ZNF202,0.47871083
EFNA3,0.4786754
FBXL8,0.47866786
ZNF318,0.47859067
ARSD,0.47855163
DENND2D,0.47850728
SDSL,0.4784658
PTS,0.47839618
AP3M1,0.4783041
LIMS2,0.4780913
ZNF155,0.47798946
ZNF569,0.4778013
ZMYND8,0.47756886
PHKG1,0.4773119
CIDEB,0.47719884
SPAG4,0.4771028
ZNF107,0.47708833
TNFSF10,0.47702974
TBX2,0.4770103
STK11IP,0.4769921
F5,0.4769846
GRIN2D,0.4767802
TNFRSF10D,0.47671896
RNF25,0.47650763
UBE2J1,0.47645426
SFN,0.47631747
SYTL1,0.47622624
BDKRB2,0.47612637
TSPAN12,0.47610232
SGPP2,0.4760791
TRIM36,0.4759439
SPTBN4,0.47579455
NR4A3,0.4757589
B4GALT3,0.47574177
CYB5R1,0.47572666
BMP4,0.47552407
ZNF180,0.4755231
NDST2,0.47545907
ZNF10,0.47520065
UCK1,0.47518274
ZNF529,0.47517133
ZNF490,0.47492236
LYZ,0.4747285
UFSP2,0.4746161
ZNF714,0.4746026
MVB12B,0.47457325
ZNF593,0.47440663
TP53I3,0.47408608
ACYP1,0.4740578
COA5,0.47395658
ZNHIT1,0.47393042
ZNF621,0.47383493
MYSM1,0.47366527
ZNF426,0.47363585
RAVER1,0.47353703
ZNF18,0.47351298
PPFIA3,0.4734719
UTP3,0.473394
ALPL,0.47337326
POLR3F,0.47301772
ITGAM,0.47289294
ZNF3,0.4727846
PIGV,0.4725352
TRAPPC6B,0.47230753
ZNF224,0.47199067
RP2,0.47198147
WNT5B,0.47158167
GLDN,0.47149384
MRM1,0.47144967
PNPLA7,0.47136056
TOR1B,0.4712494
ZNF284,0.4711582
USP35,0.4710399
BFSP1,0.4709157
CASP6,0.4707564
KRT17,0.47046125
TBP,0.47043496
NPRL2,0.47038862
EHD3,0.4703457
TRPV4,0.47026205
SEMA6C,0.47023872
TRMT6,0.46972755
SGK3,0.46969914
PTGER2,0.46969542
WDR35,0.46966565
ABCD4,0.46953604
CD6,0.469296
TLR6,0.46888754
ZFP36L2,0.46882054
AKR1C2,0.46853712
ZNF783,0.4678448
UNG,0.46782932
ATG3,0.46752423
SLC18A2,0.46700266
CD180,0.46694472
TTC30A,0.4666806
ZNF248,0.466309
ASB8,0.46629387
SSH3,0.4662438
TUBA8,0.46605942
ITGB6,0.46590653
MAGEH1,0.4658458
ZER1,0.46578535
VAMP4,0.46566084
WRAP53,0.4656229
ZNF552,0.46554133
IZUMO4,0.46533504
ZNF141,0.46532825
ANO1,0.4653146
ZNF302,0.46492282
MYH3,0.46490565
MMP28,0.46487206
ALG1,0.4647998
LTF,0.46476877
CXCL14,0.46474358
RNASEL,0.46472108
ITGB3,0.46466106
LILRB2,0.46453837
HOPX,0.4645064
SLC7A7,0.46448183
IL1R2,0.4644575
MMAA,0.4644381
HEY2,0.4644174
GCNT4,0.46441483
INHBB,0.46437708
GPER1,0.46436042
GAB3,0.46434203
GBP5,0.46416607
ECE2,0.46415776
FDXACB1,0.46415365
DUOX1,0.46411788
S1PR1,0.4641151
FPR1,0.46410444
CLEC2B,0.4640923
PIP5KL1,0.46408144
EXOC3L1,0.4640799
GIPR,0.46407717
DCHS1,0.4640687
GGT5,0.46405414
CYP7B1,0.46402773
CXCL10,0.46402374
CDK20,0.46402177
CMTM1,0.4640013
FUT2,0.46398112
ZNF41,0.46395788
TMOD2,0.46395054
CX3CL1,0.46394643
CARD9,0.46394387
CAMK1,0.46394283
CCT6B,0.46393514
COL6A3,0.46392477
CDK3,0.46392292
CCR10,0.4638991
CD38,0.46388727
CYP27A1,0.4638868
CD5,0.4638865
CACNA2D2,0.46387747
BATF2,0.4638754
BGN,0.46386117
BBS5,0.46384114
C1orf162,0.46383944
C12orf66,0.4638352
CXCL1,0.46383408
APOC1,0.4638315
BAMBI,0.46382952
BDKRB1,0.4638188
ADAMTS2,0.4638038
ARHGAP27,0.46380344
AKAP5,0.4638032
BLNK,0.46380305
AKR1C1,0.46380228
ATP2A1,0.46379703
ADRM1,0.46378934
ARSA,0.4637845
C3,0.46377602
ARHGEF6,0.4637722
ARHGAP33,0.46376586
CBX8,0.4637588
ACP1,0.46375418
ACOT11,0.46374926
ANKRA2,0.46374914
ACOT7,0.46374637
CD36,0.46374136
BATF3,0.46373376
ACAP1,0.46373233
ADAMTS13,0.4637314
DLL1,0.4637312
ADAMTS9,0.46373057
AGA,0.46372822
ADAM19,0.46372393
B3GNT4,0.46372372
ASB2,0.46372253
CD96,0.46372208
APOBR,0.4637212
ACSM3,0.46371332
ALAD,0.46370873
ADAM28,0.46370658
ACOT1,0.46368402
ALKBH6,0.4636823
AIP,0.46367875
ADAMTS14,0.46367845
ACSS1,0.4636776
AKTIP,0.46367496
ANAPC2,0.46367398
ATP7B,0.46366736
APBB3,0.4636645
ADA,0.46365872
ABCF3,0.46364242
ANGPT2,0.4636385
ACP5,0.46363494
CTSO,0.4636326
AP4E1,0.46363246
CD2,0.46362633
ALDH5A1,0.46362513
AK1,0.4636247
ANAPC13,0.46362418
AKR1B10,0.46361834
ACAT2,0.46361342
ATG2A,0.46361065
ARHGAP19,0.46361053
ALG3,0.46360844
OLR1,0.4636047
ADAMTS12,0.46359137
ABCB10,0.46358767
CD163,0.4635851
ANO2,0.46357498
AIF1,0.46355888
CACNA2D4,0.4635554
ACOX2,0.46355426
ADAMTS1,0.46355203
AGER,0.46355018
FOLR2,0.46354875
ACE,0.46354198
AGPAT2,0.46354115
AKAP8,0.46350715
ULK2,0.46350378
CYSLTR1,0.46349373
ARHGEF4,0.46349198
ADRA2A,0.4634842
ACER2,0.46346802
AADAT,0.4634625
AGGF1,0.4634623
ACD,0.46345982
ADAMTS4,0.463459
ABCD1,0.4634507
ADAMTS10,0.4634355
ADAMTS5,0.46343413
APBB1IP,0.46342608
ALDH16A1,0.46341652
ABTB1,0.4633907
ACSS2,0.46338928
ACACB,0.46338558
TMED1,0.46337575
ALG10,0.4633733
ACADSB,0.463365
ACOT2,0.46336305
C15orf48,0.46336305
ACAA1,0.46335292
ACOX3,0.4633492
CASP1,0.46334073
AGK,0.4633347
ACAT1,0.46332774
ADPRM,0.46331248
ANTXR2,0.46330982
ABR,0.4633079
ALDH1A1,0.4633041
AP5B1,0.46327293
ACAD8,0.46326777
DCN,0.46326435
ADAT2,0.4632625
ANGPTL4,0.46325937
ACSF3,0.46325415
ACOT13,0.46324432
ABCF1,0.46324173
CDK5,0.4632196
ACSL4,0.463199
ACSL1,0.46317
AOC3,0.46315083
AGTRAP,0.46313378
AGAP2,0.46309635
ACVR2B,0.46309632
CARD6,0.46307698
ACAD9,0.46306682
ANPEP,0.46305296
B3GALT4,0.4630504
ACBD3,0.46304446
ADCY4,0.46303374
CFB,0.46301758
CD34,0.46301657
CLDN11,0.46299693
AMPH,0.46297154
ACVRL1,0.4629549
AP5S1,0.4629531
ACSL5,0.46293458
ARL4D,0.4629298
CD248,0.46292865
S100A9,0.46292436
HK3,0.46292314
ACADS,0.46290833
ATP2A3,0.46289918
APOBEC3F,0.46288794
ACO1,0.46286714
APOBEC3B,0.46285832
ACP2,0.46282762
COL5A3,0.46281037
RAMP3,0.46278656
ACIN1,0.46278238
ALG11,0.4627358
ZNF711,0.46272224
ATP6V1E2,0.4627212
BAG2,0.46270642
CHST7,0.4626519
CNGA1,0.46264648
ACADM,0.46257517
ARAF,0.46252558
CLEC7A,0.4625212
ASAH2,0.4624911
CLDN23,0.46246284
APOL1,0.46245378
ALOX5,0.46245056
AP3M2,0.46243098
ABI3BP,0.4623921
SULF1,0.46238682
ABHD12,0.4623525
RPGR,0.46233827
KBTBD7,0.46233347
AP4M1,0.4622663
CETP,0.46225163
MAOB,0.46224338
ECM1,0.4622219
ACOT4,0.46221083
CSTA,0.46220207
C5,0.46215802
ACOX1,0.46215272
ABLIM3,0.46210817
CLIC3,0.4619942
MS4A6A,0.46192616
BBS12,0.46191835
BHLHE41,0.46185338
AQP1,0.4618307
FCER1G,0.46182373
PDE1B,0.46182266
POSTN,0.46179512
AASDHPPT,0.46179256
GNLY,0.4617819
ADAMTSL4,0.46176064
CTBS,0.46168298
ITGA8,0.46167073
CXCL16,0.46162733
AGMAT,0.46157375
ALS2CL,0.46157375
AMT,0.46157375
BEST1,0.46157375
BTC,0.46157375
CD4,0.46157375
CEACAM1,0.46157375
CHRD,0.46157375
CHRNA10,0.46157375
CISH,0.46157375
CMKLR1,0.46157375
CPLX1,0.46157375
CYP2J2,0.46157375
DES,0.46157375
DISP2,0.46157375
DPP4,0.46157375
EIF4E3,0.46157375
FBXL22,0.46157375
GSDMB,0.46157375
IL17RE,0.46157375
IL18R1,0.46157375
RAB36,0.46157375
XRN1,0.46152347
DPM3,0.4613335
CYTH4,0.46069118
SHPK,0.4606228
RASL10A,0.4605815
LHX6,0.46034276
USP20,0.46033776
SPARCL1,0.46027705
LY96,0.46011713
CALCRL,0.45948574
RGS4,0.45902222
ZNF211,0.4589155
RDH5,0.45845455
TMEM186,0.4582234
C6orf120,0.45792964
B3GNT8,0.45789045
SYNGR1,0.45778176
ZNF160,0.45746586
DHDH,0.45738038
ENPP2,0.45723176
PSTK,0.4572297
CYP3A5,0.45697355
ALG12,0.45682698
CBR3,0.45636755
LIPT1,0.45601568
RASD2,0.45570973
ZNF250,0.45560578
SEMA4G,0.45557597
WDR81,0.4550576
RNASE1,0.4548889
ZNF558,0.454592
ZNF671,0.45456
SEMA5B,0.45432344
C1GALT1C1,0.45406768
SLC25A14,0.4535314
SYTL2,0.45336273
RIPK3,0.45292708
SLA,0.45257354
AAR2,0.45212686
ZRANB1,0.45174488
RAB32,0.45094243
LRFN1,0.45059392
ZNF440,0.44941723
HARBI1,0.44929138
CEL,0.44928432
WNT9A,0.4492726
TLR4,0.44848323
GLIPR1,0.44842646
LAT,0.44791195
PDLIM4,0.4472993
RNF113A,0.4469642
ZNF699,0.446704
TCTN2,0.4463487
ZNF577,0.44592503
SLC4A11,0.44493967
ZNF26,0.44460708
ZNF573,0.44395313
ZNF283,0.44368267
HEYL,0.44346115
ZNF709,0.44183916
COL17A1,0.44180974
RIN2,0.44153988
GNGT2,0.44150773
ETV7,0.4408532
RAI2,0.44002724
TEK,0.43992972
TTC26,0.4398387
SNAI1,0.43951592
ZFP1,0.43790632
ZNF772,0.43733042
ZNF136,0.4372007
TM6SF1,0.4371543
ALG2,0.4360253
PYGO1,0.43566388
HFE,0.4352716
ZNF550,0.43521708
ZNF721,0.4342847
NEB,0.43368188
LRRC6,0.4322996
S100A3,0.43219617
SLC44A4,0.43193957
ZNF2,0.43174377
ZFP30,0.43073565
MCMDC2,0.43029535
ZNF45,0.42906865
ZNF320,0.42876005
ZDHHC2,0.42804092
ZNF419,0.42672306
ZNF510,0.42598468
C2,0.42427257
NCALD,0.4237441
TNFSF13B,0.42352018
ZNF738,0.42213586
VCPKMT,0.42101473
ZNF91,0.41982538
ZNF548,0.41880128
TRMT5,0.41841403
ZNF132,0.41806808
SVIP,0.416368
TEFM,0.41620532
ZNF227,0.41609704
TMEM17,0.41589507
RASSF6,0.4154341
TNFSF13,0.41505307
ZP3,0.41468596
ZNF14,0.4145036
WDR31,0.41366082
ZNF543,0.41089174
ZNF586,0.4095237
ZNF564,0.40921786
TRIM45,0.40845233
SHC2,0.40794733
ZDHHC8,0.40777934
SYP,0.40734735
ZNF557,0.40734133
ZNF90,0.40667453
STAC3,0.40565234
TFAP2E,0.40262464
BMP8B,0.40262282
ZNF468,0.39848402
WDR55,0.3983202
TGM1,0.39654493
TNFRSF10C,0.39258233
ZNF567,0.39220217
ZNF823,0.38941932
TPMT,0.38929072
ZNF764,0.38707352
ZNF140,0.38551134
TXK,0.38364753
ZNF778,0.3819278
ZWILCH,0.3806607
UBE2D4,0.38035715
PADI2,0.38023633
ZNF677,0.37596858
ZNF687,0.37557745
ZNHIT3,0.36400223
ZNF461,0.36233565
ZFP69B,0.3608821
ZNF443,0.35972318
GGT1,0.3595155
TRIM39,0.35438868
SMARCA5,0.35204124
P4HA3,0.35076928
ZNF92,0.34747276
ZNF17,0.34497455
SPRY1,0.3428179
TUBG2,0.3423014
ZNF439,0.33987218
WDR5B,0.33927438
ZNF623,0.33586112
TCEAL1,0.3332143
ZNF614,0.32461318
ZNF350,0.32385308
TNXB,0.3187065
TTC12,0.31592983
ULK3,0.31222534
PCDHB15,0.30897984
ZNF814,0.30781335
THBS2,0.30775136
ZNF273,0.30353227
ZNF234,0.30343246
ZNF383,0.2989957
ZNF766,0.296653
SCN1B,0.28832132
ZNF222,0.28818396
ZNF841,0.2798084
ZNF354B,0.27472907
TRPC6,0.264969
ZNF235,0.26419252
ZNF527,0.26256356
ZNF354A,0.2576305
RNF128,0.2542738
PTGS1,0.24987212
ZNF347,0.2437559
ZNF69,0.24302225
ZNF611,0.24288897
ZNF544,0.23605019
ZNF83,0.23496664
ZNF470,0.23411901
ZNF225,0.22896992
ZNF649,0.2280576
ZNF526,0.22738576
TLR3,0.2190451
XYLT1,0.21801442
SECTM1,0.21701606
ZNF530,0.21632749
ZKSCAN3,0.21551758
ZNF846,0.21443321
ZNF813,0.21170942
ZNF793,0.20939909
ZFP82,0.20371099
ZNF112,0.20317757
ZKSCAN4,0.19493388
ZNF615,0.18831578
ZNF585B,0.1871038
ZNF467,0.18546005
ZNF486,0.17933708
ZNF776,0.1709238
ZNF555,0.17073317
USHBP1,0.16981663
ZNF773,0.16488601
SLA2,0.15859869
ZNF549,0.13731743
ZNF175,0.1323288
ZNF420,0.12945831
ZNF506,0.12752931
ZNF626,0.11992679
ZNF256,0.10348086
ZYG11B,0.10044244
ZNF600,0.0839561
ZNF324B,0.05661789
ZW10,0.04659546
ZNF184,0.04645328
SDHAF1,0.043864682
ZNF57,0.03806484
ZNF221,0.035729636
ZNF354C,0.03502166
ZNF674,0.033834644
ZSWIM7,0.033366956
ZNF765,0.03292716
ZNF135,0.027806211
ZNF701,0.025240848
ZNF418,0.019205289
