Gene Name,Score
AKAP8,0.628756
AKAP5,0.62875485
AKR1B10,0.6287385
AKR1C1,0.6287328
ARFGAP3,0.62872106
ARAP2,0.6287209
APBA3,0.62871814
ATG3,0.62871724
ARHGEF19,0.6287057
APOBEC3G,0.6286959
ARSK,0.6286936
C2CD2,0.62869185
ATRX,0.6286916
AKTIP,0.628691
B4GALT4,0.628688
ATG16L2,0.6286874
CARM1,0.62868553
BCCIP,0.62868524
ALAD,0.6286849
BATF,0.628684
CARD10,0.6286794
BCKDK,0.62867904
BRD1,0.62867874
ATG4A,0.62867737
BUB3,0.62867606
ATG5,0.62867403
ARHGEF37,0.62867236
CHST12,0.6286716
CACYBP,0.6286662
ALDH16A1,0.62866586
BMS1,0.6286653
BRD9,0.6286651
BAG3,0.6286648
AK1,0.62866473
CAB39,0.6286644
CDCA8,0.6286622
BBS2,0.62866116
AXL,0.62866044
CA2,0.62865853
BRWD1,0.6286581
BRIX1,0.62865466
ATXN3,0.6286535
ALDH1A1,0.62865293
CAMK2G,0.6286526
BID,0.6286522
CDIPT,0.6286516
ASS1,0.62865007
CC2D2A,0.6286497
BACH1,0.6286432
ARG2,0.6286383
CHEK1,0.628635
BTBD3,0.62863386
CD52,0.62863135
CEP250,0.6286311
CCNDBP1,0.6286311
CD109,0.62863094
BAG4,0.6286304
CBR1,0.6286289
ATL1,0.62862855
CACNB3,0.62862843
ARAP3,0.62862766
BCAT1,0.6286269
BTF3,0.628626
BUD13,0.6286244
C5AR1,0.6286243
CBX3,0.6286242
ASB6,0.628624
BRK1,0.62862396
CLN3,0.62862325
BUB1,0.6286197
BCAT2,0.6286197
CCDC59,0.62861675
CALM2,0.6286156
CCT2,0.6286151
CEP72,0.62861496
BICD1,0.6286148
BFAR,0.6286147
CNTNAP1,0.62861276
ATP1A3,0.6286123
BNIP3,0.62861085
C12orf65,0.6286094
ASIC1,0.62860554
ALDH5A1,0.6286048
CDCA7,0.6286027
CDH6,0.62860084
CDK17,0.6285979
CENPA,0.628593
CDC42,0.62859046
CBFB,0.6285898
CCT6A,0.62858945
C18orf32,0.628588
CEP135,0.62858635
ATG4D,0.6285846
CASP2,0.628584
CELSR3,0.62858087
CALD1,0.6285795
CEP120,0.6285788
BTAF1,0.6285732
BRF2,0.6285722
ARHGEF26,0.62856936
BAK1,0.62856704
BOC,0.6285642
CCNF,0.6285613
BMPR2,0.6285601
ATPAF2,0.62855977
BTF3L4,0.62855893
ATP6V1C1,0.6285576
BOP1,0.6285563
BBS10,0.6285532
CCT7,0.628553
ALG10,0.62855196
ARHGEF4,0.62855184
C1R,0.6285499
ARHGEF15,0.62854445
CCNY,0.6285435
ALG11,0.62854266
BSG,0.62854254
CDC42BPA,0.6285402
CDCP1,0.62853104
CABIN1,0.62852496
B3GALNT2,0.6285229
CTSF,0.6285223
CAMK2D,0.6285203
ARL4C,0.62851995
BTRC,0.6285185
ARPP19,0.6285146
CD55,0.6285134
DDHD2,0.62851155
CALCOCO1,0.6285073
CD200,0.62850565
ALG2,0.62850475
CDK19,0.62850386
CCNG1,0.6285027
ATAD2,0.62850094
ALG3,0.6284951
ARSG,0.62849337
CDK4,0.62848896
ARSD,0.6284873
CACNA1C,0.6284866
CHCHD10,0.6284865
CCZ1,0.62848616
CACNB1,0.6284853
BRAP,0.6284849
CKAP2L,0.6284805
CDK2,0.6284776
CCNH,0.62847596
BPTF,0.6284758
APOO,0.6284747
BMP1,0.62847334
CCDC86,0.6284732
BIN3,0.62846917
BDP1,0.6284691
CCT5,0.6284684
CAPZB,0.62846565
CELSR1,0.6284606
ARL6IP5,0.62846005
BPGM,0.62845117
CKAP2,0.628445
CBR4,0.6284448
CADM1,0.6284438
CHID1,0.62844336
CATSPER2,0.628442
CARS2,0.6284404
CAPN5,0.6284381
CDC37L1,0.6284346
C11orf49,0.6284345
AIF1,0.62843144
BIN2,0.6284313
CDR2,0.6284285
BHLHE40,0.6284272
CHMP4C,0.62842566
ARL1,0.6284247
ATF6B,0.62842184
BRD2,0.6284211
CASK,0.62842065
CHRAC1,0.628419
B9D1,0.62841785
BLOC1S1,0.62841487
CAMK1D,0.6284133
CAPZA1,0.62841296
C3orf38,0.6284123
ARHGAP6,0.6284115
CHD9,0.62841
CLK1,0.6284094
CAT,0.628409
CGNL1,0.6284042
CASP10,0.62840325
CACNA2D1,0.6284003
DUSP8,0.62839717
B3GNTL1,0.62839586
CDC25B,0.628394
CBFA2T2,0.62839216
CDK13,0.6283917
ATG14,0.6283901
ALKBH6,0.6283884
CAD,0.6283837
BICD2,0.62838066
DOLK,0.6283771
CNOT4,0.6283767
CCAR1,0.6283757
CCM2,0.6283694
ATG4C,0.62836796
CAND1,0.6283678
CCDC91,0.6283661
CBLB,0.6283575
BEND3,0.62835634
ARID3A,0.62835515
CD81,0.62835336
CLHC1,0.62835234
CHN2,0.62835103
CDC20,0.62834495
COMMD3,0.6283426
ASGR1,0.62834257
CABLES1,0.6283352
CAMK4,0.62833136
CNN1,0.62832314
CD48,0.6283225
DUT,0.6283189
ALOX5,0.6283072
CAPRIN1,0.62829703
ARNTL2,0.6282959
BLOC1S2,0.62829095
CHCHD2,0.62828916
ATAD3A,0.6282888
CALCOCO2,0.6282833
ARL2,0.62827283
BRCC3,0.6282655
CALU,0.62826294
CDKN3,0.62826264
B4GALT2,0.6282578
BIN1,0.6282573
BPNT1,0.62825716
CBY1,0.6282565
CAPN15,0.6282504
C17orf75,0.628244
C2CD3,0.6282378
ANO1,0.6282364
CCNT1,0.62822706
BMF,0.6282056
BRPF3,0.6282018
ATP8B1,0.6281962
CCDC115,0.6281927
B4GALT1,0.6281877
CAPG,0.6281857
CAPNS1,0.628182
BIRC6,0.62818086
APOOL,0.6281801
CHRNB1,0.62817913
ALS2CL,0.6281599
CDK5RAP2,0.62815887
CANX,0.6281576
ATP6V1H,0.62814015
ASRGL1,0.62813175
BMP2K,0.6281311
C1QBP,0.6281304
BABAM1,0.6281294
ATP6V1D,0.6281186
COL18A1,0.6281154
CDT1,0.62810713
CCNB1,0.62809366
BAIAP2,0.6280909
CETN2,0.6280891
COPS7A,0.6280868
CDH5,0.6280858
CCNG2,0.62808245
BARD1,0.6280804
CHTF18,0.6280756
C1GALT1,0.62804246
ATXN10,0.6280417
CDS1,0.6280417
CDK6,0.62804043
BAIAP2L1,0.62803996
CENPP,0.6280391
BAHD1,0.62803155
BCL2L11,0.628031
CD2AP,0.6280294
CARF,0.6280142
APBA1,0.6280141
CEP70,0.628011
BRWD3,0.62801075
CES4A,0.62799907
ATP6V1E1,0.62799114
CDC34,0.6279858
COQ9,0.6279847
CCDC106,0.6279796
BTN3A1,0.6279765
CD46,0.62796724
ARHGAP9,0.62796444
ATOX1,0.62796444
ATF2,0.62796384
CCP110,0.6279612
CD86,0.62795985
CLK3,0.62795526
CAPZA2,0.62795347
CAMKK2,0.6279525
B3GAT3,0.62795043
CALML4,0.6279491
BTBD2,0.62793326
ARL8A,0.62793314
ATP2A2,0.62793165
ATP8B4,0.6279305
CD320,0.6279304
BCS1L,0.62793034
CDK16,0.62792844
AGPAT2,0.62791944
BCL7B,0.6279165
COG1,0.6279141
CHKA,0.6279095
ASPHD1,0.6279075
CDK5RAP3,0.6279073
CDC37,0.62790704
CDK20,0.62790483
CHD7,0.62789685
CD99L2,0.6278935
CD300A,0.6278821
BCAS3,0.62788177
ATP6AP1,0.627858
GADD45G,0.62784445
BUD31,0.6278325
BAG6,0.6278286
ARMC8,0.62782645
CIB2,0.6278227
ATP13A2,0.6278088
CCDC88C,0.62780845
CAPN2,0.62780404
CLCF1,0.6277989
ATG10,0.62779754
CDKL5,0.627795
AVL9,0.6277927
ASCC2,0.6277851
BCKDHB,0.6277832
CAP1,0.6277818
CDK14,0.6277757
CSTB,0.6277626
CCT8,0.62775546
BZW1,0.6277543
ATP6V1B2,0.62774575
ASPSCR1,0.6277285
BCL7C,0.6277211
CBX5,0.6277204
CIT,0.6277204
ATG9A,0.6277145
CLN8,0.6277129
CACNB2,0.62771267
AGMAT,0.62771
ARHGEF9,0.62770885
CDON,0.62770826
ATXN7L1,0.62770706
CDC16,0.62769955
CHCHD3,0.627699
CLTA,0.6276916
CALM1,0.62768835
CCDC80,0.6276883
B4GALT3,0.6276788
AMPH,0.6276748
ATP1B2,0.6276654
ARID4A,0.62766516
C1D,0.627663
ALG1,0.6276629
CBX4,0.6276602
ARSJ,0.6276583
ARHGEF12,0.6276524
AGK,0.62763953
AMT,0.6276371
BIRC5,0.62763536
BRD8,0.62763435
BLVRA,0.6276303
CHCHD6,0.62762254
B3GNT2,0.627617
CHD3,0.6276024
AGGF1,0.62760216
CPSF7,0.6276006
FOXP3,0.62759817
BBS9,0.62759286
CD47,0.6275874
CDC42BPB,0.62758434
ATP6V0B,0.627582
CDCA2,0.6275787
ATP6V0E2,0.62757623
ATP6V0A2,0.62757516
BTN2A1,0.62757343
ATF7,0.62755996
ANAPC2,0.6275588
CD27,0.62755305
BCKDHA,0.6275426
AGER,0.6275252
CAPN1,0.62752366
ANAPC13,0.62752366
ARL4D,0.6275151
C1GALT1C1,0.62750494
BCL2L1,0.627493
ARRB1,0.62748766
AGAP2,0.62748677
CD68,0.6274859
ASAP2,0.6274798
ARHGEF3,0.62747246
CELF1,0.627467
CHMP6,0.6274669
ATG12,0.62746465
AUH,0.62746346
COX17,0.6274627
AKR1C2,0.6274568
CERS5,0.6274566
CMAS,0.6274559
CITED2,0.6274553
AGA,0.62744814
CTSL,0.6274324
CHD1,0.6274318
ATXN1,0.62743044
ATP2B4,0.6274229
BMI1,0.6274199
AUP1,0.62740254
AMDHD2,0.6273989
COIL,0.627397
CLCN6,0.6273932
CAMKK1,0.6273867
CENPJ,0.6273733
BRF1,0.62737244
ATP11A,0.62736624
COA1,0.62736267
CFDP1,0.6273619
CCT3,0.62736076
CENPO,0.6273575
CBLL1,0.6273555
CCT4,0.6273519
ATN1,0.62735045
CPSF4,0.62734437
CCNK,0.627334
BCAP31,0.62733394
ATP6V1A,0.6273306
DHX32,0.62732273
ATP1B3,0.6273027
CLINT1,0.6272994
ATG13,0.6272968
BET1,0.62728965
C2CD5,0.6272867
ASB7,0.62728184
ARHGEF25,0.627278
CENPL,0.6272764
CHN1,0.6272692
CAPN7,0.62726194
BLOC1S6,0.6272517
CIAPIN1,0.6272401
CEP350,0.62723887
ASNS,0.62722486
ATP6V1G1,0.62722033
AP3M2,0.6272195
ANGPT2,0.62721884
ATRIP,0.6272124
CEP55,0.62720966
CENPK,0.6272072
ATAD5,0.6272041
BTBD1,0.6271985
CHST1,0.6271938
CTHRC1,0.62718695
CDC27,0.62718403
ANGPTL4,0.62718046
ATF7IP,0.6271772
ADRM1,0.6271757
BYSL,0.6271702
ARL2BP,0.6271691
CHERP,0.627166
CFL1,0.6271657
CDK11A,0.62715805
ARPC2,0.627155
CAMLG,0.6271531
BCAR1,0.6271486
ASB13,0.6271394
ADRA2A,0.62713647
CMC4,0.6271357
ATXN2L,0.62713313
ATF4,0.6271279
ARL6,0.6271228
ANO10,0.6271222
AZIN1,0.62711775
CPNE1,0.62711746
ARF1,0.6271079
CUL4A,0.6270992
ADPRM,0.62709713
ATP7A,0.6270965
COPE,0.6270847
ATF6,0.6270779
CCNA2,0.62707335
ATM,0.62706935
ARFGAP2,0.62705934
EPC2,0.62705183
CNOT6L,0.62704784
CPNE3,0.6270399
ATXN2,0.62703025
CENPN,0.62702674
CERS6,0.6270266
CHMP2A,0.62702286
ASF1B,0.62701774
CTNNBIP1,0.6270166
APAF1,0.62699956
BACE2,0.62698925
ANKRA2,0.62698793
ARIH1,0.6269832
BOLA3,0.6269803
CDK7,0.62697935
BCL2,0.62697893
COMMD8,0.6269768
CTPS1,0.62697583
ASXL2,0.6269742
CDK1,0.62696934
ARHGAP21,0.6269665
ATP6V1C2,0.62696034
CHSY1,0.6269455
CMPK1,0.6269421
ARL14EP,0.6269301
APOBEC3C,0.6269207
ANXA1,0.6269198
ATPAF1,0.6269156
COL12A1,0.6269048
CAP2,0.6269012
ARHGEF28,0.6268946
CLIC1,0.6268836
COX11,0.6268817
BFSP1,0.62687296
BCL2L2,0.6268712
ARHGDIA,0.62686485
ARHGAP11A,0.62685806
CLNS1A,0.6268555
CDC6,0.6268506
CHM,0.6268457
CNOT11,0.626834
CDK8,0.6268281
AP4B1,0.6268276
BAZ1B,0.62682265
ARIH2,0.62681293
ARL3,0.62679976
CCDC136,0.6267933
BLCAP,0.62678653
BIRC2,0.6267824
CABLES2,0.62677807
BANF1,0.6267769
ANKRD27,0.6267751
COG5,0.6267637
CEP170,0.62674516
CMTR1,0.6267339
CD40,0.6267001
DCTN3,0.62669533
CHMP3,0.62669474
CBX2,0.626692
BLVRB,0.62669086
CCNT2,0.62668955
ASAP1,0.62668693
C2orf49,0.62668186
CEP57,0.62667954
CMTM4,0.62667537
DCAF10,0.6266741
ATRN,0.6266727
BECN1,0.6266678
ASCC1,0.6266665
CIR1,0.6266625
ANP32E,0.6266545
CNN2,0.62665284
DERL1,0.62665105
AMPD2,0.6266386
ANO2,0.6266379
COG7,0.62663186
COX6A1,0.6266288
COPS6,0.6266281
DCAF6,0.6266239
ARHGEF40,0.6266176
CCNB2,0.6266153
COX7B,0.62661433
ASPH,0.62660235
ARF4,0.6266007
BTD,0.6265962
CDC42EP4,0.6265941
CNIH1,0.6265885
CNOT6,0.626583
APLF,0.6265712
CRY1,0.62656564
CDS2,0.6265613
ARPC4,0.62654895
CDYL,0.62653875
ALG9,0.6265348
CDC25A,0.62653404
ARHGEF1,0.6265228
ARPC1A,0.62652
BLZF1,0.62651825
CHP1,0.62651676
CLSPN,0.62651306
CENPE,0.6265117
CASZ1,0.6265043
ARRB2,0.62649584
DNAAF2,0.6264902
ASB1,0.6264881
CIB1,0.6264812
BAG5,0.6264807
CCDC93,0.6264684
APBB1,0.6264501
CREB3L4,0.62644994
CAB39L,0.62643534
ARF5,0.626426
AMOT,0.626426
COPB1,0.626418
ASH1L,0.626418
ADCY4,0.626417
ASAH1,0.6264036
ARNTL,0.62640256
ALYREF,0.6263885
ARHGAP30,0.6263762
CD2BP2,0.62637395
CHUK,0.62635404
BNIP1,0.6263516
CRMP1,0.62635106
AP3S2,0.62635034
ARHGAP25,0.6263296
CENPM,0.62632674
ARHGEF2,0.62631136
CWC15,0.6263108
APH1B,0.6263083
ANPEP,0.62629724
ADAT2,0.6262947
APRT,0.6262733
COMMD1,0.62626576
CXCL14,0.6262645
ARHGDIB,0.62625384
COPZ1,0.62624544
CTDP1,0.6262395
BBC3,0.62622535
ARHGAP24,0.6262211
CRY2,0.6262077
ARHGAP18,0.62620515
CLIC4,0.62620306
BAZ2A,0.62620205
ANTXR2,0.6261954
CDC25C,0.62619287
ARPC1B,0.62618256
APPL2,0.62617314
BCAS2,0.62616706
BTN3A2,0.62616646
CD63,0.6261615
ARAP1,0.6261535
AP3B1,0.6261515
CD53,0.626149
CAST,0.62614834
ASPM,0.62614524
ATG16L1,0.62614495
APBB1IP,0.62613344
DHRS4,0.6261319
ADAMTS9,0.6261303
COPS8,0.62612635
ADI1,0.6261007
DDX18,0.62609655
BANP,0.6260836
AMPD3,0.6260834
ALG14,0.6260781
COL5A1,0.6260772
CNOT10,0.6260752
BLOC1S5,0.62606645
ATP2B1,0.6260269
CDK2AP1,0.62601984
ADAMTS4,0.62600625
API5,0.6259892
AP2M1,0.62598014
BNIP3L,0.6259782
CTSB,0.6259701
ADAMTS2,0.62596476
ATP1B1,0.62595034
CEBPZ,0.62594646
CHAF1B,0.6259461
ARID5B,0.6259339
CCS,0.625926
ADAMTS14,0.62592316
ARNT2,0.6259178
DDIT4,0.6259034
CHTOP,0.6259011
CIAO1,0.62588847
ADAMTS13,0.62588155
CPT1A,0.6258757
AOC3,0.62587506
ATP6V0A1,0.62585974
AP5Z1,0.62585616
CDCA3,0.6258476
AURKAIP1,0.6258402
ADAMTS12,0.62582916
CUBN,0.625821
ADAMTS5,0.6258156
ARFGEF2,0.62580824
CD58,0.6258011
ARRDC3,0.62578225
CPSF3,0.62577933
CERS2,0.62577665
ADAMTS10,0.6257738
CLIP1,0.6257667
COPS3,0.62576467
ARHGAP4,0.62576276
CBX6,0.62575185
CLEC2D,0.6257457
ANAPC5,0.62572986
CKAP4,0.6257217
ADAMTS1,0.62571675
C2,0.62571305
COL4A5,0.6257095
CSTF3,0.625708
ATP8A1,0.625707
CNOT8,0.6257045
CMYA5,0.62569875
ARHGAP12,0.62569296
CMSS1,0.6256832
COL4A6,0.6256684
BDKRB2,0.62566704
CS,0.62564564
CDC40,0.62563926
APLP2,0.6256366
CLASP1,0.6256351
ARHGAP29,0.62562954
ANO7,0.62561834
DPM1,0.6256061
ARID4B,0.62560415
ARFGAP1,0.62559474
CCNL2,0.6255891
ARHGEF11,0.6255806
B4GALT7,0.62557733
ARHGAP11B,0.62556994
ANKLE2,0.625562
AIMP2,0.6255564
CHML,0.625553
ADAM28,0.62554485
CCDC22,0.6255431
DNAJA3,0.625521
ANKZF1,0.6255148
COL7A1,0.6255129
DCUN1D3,0.62551177
ANAPC7,0.62550896
CSGALNACT1,0.62549406
APIP,0.6254783
AP3M1,0.6254738
COPS2,0.62546396
ASL,0.62545764
ARHGAP44,0.62542224
ALG6,0.62541986
AQP3,0.6254181
CERS4,0.6254181
APP,0.6254113
AP1M1,0.62539136
COPA,0.6253845
AP2B1,0.625376
DECR1,0.6253747
ADAM19,0.6253724
COPG1,0.6253721
CNNM2,0.6253616
CSDE1,0.6253522
ATG2B,0.6253483
COG3,0.6253479
DDX54,0.6253456
ASAP3,0.6253374
COL8A1,0.6253109
COA5,0.6253074
AKR7A2,0.625307
COTL1,0.62530535
CD9,0.625304
ATP11B,0.62530166
CLSTN1,0.6252939
CENPI,0.625293
AREL1,0.6252846
ARHGAP35,0.6252681
ADAMTSL4,0.6252654
CNTLN,0.6252651
CUL1,0.62525773
CHSY3,0.62525254
CD83,0.62524074
AQR,0.6252326
ANXA7,0.6252271
ATP6V0C,0.62519795
CLPB,0.6251891
ALDH18A1,0.62518775
ALPK1,0.625158
CEP192,0.62514263
DGKI,0.6251393
DYNC1I2,0.62513006
CDCA5,0.62512875
ANKFY1,0.625119
ALG8,0.62511396
CEPT1,0.6250968
ANKRD28,0.6250913
CBX1,0.6250868
DBF4,0.6250853
ADA,0.62508315
DERA,0.62508154
B3GALNT1,0.6250714
ANK3,0.6250669
ALG12,0.62505805
AKT1S1,0.62505376
CLASP2,0.6250535
CDH23,0.6250533
DCTN4,0.6250507
AP2S1,0.6250386
ARHGAP17,0.6250321
DCAF15,0.6250284
APTX,0.6250262
COL27A1,0.6250118
CERK,0.6249951
CSNK1A1,0.62499154
CENPF,0.6249761
CORO1C,0.6249699
ALKBH3,0.6249675
ACVRL1,0.62496686
CXXC1,0.6249626
CCDC12,0.6249458
CHAF1A,0.6249396
DEPDC5,0.6249254
CHMP1B,0.6249175
C17orf80,0.62491095
AP4E1,0.6249052
COX20,0.62490416
APBB2,0.6248905
COX10,0.6248905
DVL1,0.6248873
ALDH3B1,0.6248862
CCDC97,0.62487376
DUSP14,0.62486625
ARL13B,0.6248615
ANO9,0.6248563
AP4M1,0.624851
ALMS1,0.6248423
ATP8B2,0.62484103
APOE,0.6248409
CSTF2,0.6248384
CABYR,0.62483495
COX7A2L,0.62483066
ARHGAP32,0.6248297
CTU1,0.6248182
BBS7,0.62480766
CDK11B,0.6248064
CTC1,0.6247901
DYNLT1,0.6247848
AP2A2,0.6247822
AGTRAP,0.6247811
ARPC5,0.6247748
ARL4A,0.62476826
COL6A1,0.62476766
ASB8,0.624763
CASP4,0.6247524
CYB5R3,0.6247438
AP5B1,0.62474245
COPS5,0.62474
ARSB,0.62473977
C6orf120,0.6247168
DENND1C,0.6247146
ARF3,0.6247041
FRK,0.6246897
ARFRP1,0.624668
CHFR,0.62465274
APH1A,0.62464756
COBLL1,0.6246415
AP5S1,0.62463367
ARFIP2,0.6246332
ARHGEF18,0.62463254
BLOC1S4,0.6246033
DYNLT3,0.62459886
CEP78,0.6245854
DAPK2,0.62458056
CPD,0.6245646
CLEC3B,0.62456346
CDC5L,0.62454116
CCNL1,0.624537
DCP1B,0.62452954
ECD,0.62452644
AP1S3,0.6245238
AKAP9,0.6245207
CTSH,0.6245188
ALDH9A1,0.62450916
APPL1,0.62446207
COPB2,0.6244509
AJUBA,0.6244461
ADCY7,0.62442577
DHDDS,0.6244233
COMMD5,0.6244225
AP1S2,0.6244125
CEP152,0.624403
CCNE2,0.6243986
CKAP5,0.6243971
ATIC,0.6243858
CDC23,0.62437326
DDX28,0.62436277
ATG4B,0.62434924
DLAT,0.6243344
CHORDC1,0.62433124
DCTN2,0.62433064
CYSTM1,0.6243188
CEP164,0.6243147
DYNC2LI1,0.62431246
CKS2,0.6243018
AP1G1,0.624298
CUL9,0.6242828
CTBP1,0.6242783
ALDH1A3,0.6242759
ANXA2,0.62425274
ANAPC1,0.6242445
DET1,0.62424415
CHMP2B,0.62423295
CENPH,0.6242162
CMTM6,0.62420946
APBB3,0.62419736
ALG13,0.62418044
BRPF1,0.6241768
AP2A1,0.6241753
FDXR,0.6241631
ANAPC15,0.6241543
AMFR,0.6241376
ELK1,0.6241365
CPE,0.62412125
COMMD6,0.62411904
ANAPC16,0.6241107
AP5M1,0.62409455
FCGRT,0.6240893
COL4A2,0.6240561
ARHGAP26,0.6240556
DDX27,0.6240323
CRABP2,0.6240319
CNIH3,0.62402916
CTH,0.6240272
ANO6,0.6240269
AKR1B1,0.62401557
ARF6,0.6240014
AMOTL2,0.6239777
CASP7,0.62397677
CNOT7,0.6239762
CWF19L1,0.62397027
COL9A3,0.62396604
CRTAP,0.6239598
CSTF1,0.62395394
APPBP2,0.62394273
CORO1A,0.6239334
CYP2R1,0.62392503
DDX39A,0.6239174
CRK,0.6239086
ALAS1,0.6238902
COX5A,0.6238855
ANXA6,0.62387514
CHMP5,0.62385136
AKAP1,0.6238415
ALPL,0.6238375
DCPS,0.6238144
ALS2,0.62381166
ALDOA,0.6238039
ARCN1,0.6238019
CPOX,0.6237951
CPEB2,0.623791
CDH24,0.62378716
CLDN12,0.6237741
CDR2L,0.62376654
AK4,0.62375927
COL11A2,0.6237488
ANTXR1,0.62374866
CRYZ,0.6237477
COQ4,0.62373453
CLIP2,0.62372786
DHPS,0.6237277
AP3S1,0.623726
ACSS2,0.62372535
FGD5,0.6237222
CHPF2,0.6237087
DENND3,0.623708
CTBP2,0.623707
APOBEC3B,0.6237037
ANAPC4,0.62370116
CHMP4A,0.6236931
AP4S1,0.62368864
AGPAT3,0.6236886
ARL8B,0.6236792
APOBEC3F,0.6236763
AGPS,0.62367195
ACSS1,0.6236652
CAPN10,0.6236499
CSNK1E,0.6236465
COLQ,0.6236416
ARHGAP10,0.6236326
ARL16,0.62362343
ACSM3,0.6236051
ADM,0.62359995
ENGASE,0.6235954
CPSF2,0.6235729
ALDH7A1,0.62356555
CTPS2,0.623559
AP1G2,0.6235588
DCP1A,0.623554
ACSL5,0.6235448
CNOT1,0.62353873
CTTNBP2NL,0.6235288
CRELD2,0.62351966
ALKBH8,0.62351626
AP3D1,0.6235157
AZI2,0.6235128
AFMID,0.6235065
CREBRF,0.62349916
DNAJA4,0.6234977
GGT1,0.62349474
APOBR,0.6234835
COL16A1,0.6234786
AMMECR1,0.62347835
ALDH4A1,0.6234777
AIFM2,0.62347066
COL5A2,0.6234641
CFLAR,0.6234602
COL1A2,0.6234592
CTDSP2,0.6234507
AHRR,0.623443
ANP32B,0.6234309
APOC1,0.6234283
AGFG1,0.6234158
CCNYL1,0.6234066
CRADD,0.62340146
CTR9,0.62339973
CYC1,0.6233909
AMOTL1,0.6233845
CPSF6,0.6233837
DTX4,0.6233752
DAZAP2,0.62337464
ANGEL2,0.6233746
CYTH3,0.6233716
ACSL1,0.62336355
DDX31,0.62334955
C7orf26,0.62333953
AIP,0.6233248
APOL1,0.6233179
AMY2B,0.6233085
ARHGAP39,0.62330407
ACSF3,0.6233029
CEP97,0.6232828
DTX3,0.6232785
DDB1,0.6232728
ADIPOR1,0.62325644
ANLN,0.6232553
ACP5,0.6232422
CTNNBL1,0.6232258
AKAP13,0.62322545
DPH6,0.62320125
AGPAT1,0.6231922
ACP2,0.62318134
AHSA1,0.623179
ARFGEF1,0.62317884
DDX56,0.6231559
GINS3,0.6231447
DDX52,0.62313837
CHCHD5,0.62313175
ADAM22,0.6231283
CPEB4,0.6231208
ACP1,0.6231204
CHD1L,0.6231012
ADCY1,0.62310046
AMBRA1,0.62309295
ALDOC,0.62309223
CYBA,0.6230802
AK9,0.62306285
ACOX3,0.62305945
ADAMTS7,0.62301475
AHCTF1,0.62299925
ACOX2,0.6229984
ALKBH1,0.622989
DAP3,0.6229794
COPS7B,0.6229672
ALCAM,0.6229615
ANP32A,0.6229602
ALDH3A2,0.6229545
DHRS3,0.62293327
ACOX1,0.62292963
CLOCK,0.62292385
AGO3,0.62289786
CSNK1G2,0.6228937
AFF4,0.6228915
CDKN2AIPNL,0.62287635
ACSL4,0.6228762
AGO4,0.62286127
DHODH,0.62285453
ACTR10,0.622847
ACTR1B,0.62283146
CXXC5,0.6228308
CPT2,0.62282103
AQP1,0.6228193
CTSD,0.62281656
ANXA5,0.6228135
DGAT1,0.62281126
CLDN4,0.62280566
COL4A1,0.62279326
DNAJC1,0.62278384
CNPY3,0.6227583
AGL,0.62275505
ACTL6A,0.6227471
AHCY,0.622747
CUL3,0.6227319
ACOT4,0.62271965
DRG1,0.6226908
ALG5,0.6226887
ADD1,0.62267965
ADAM15,0.62267786
DSG2,0.6226586
ADSL,0.6226533
ARAF,0.62265253
ACOT2,0.62264943
ADAM10,0.62264407
CPEB3,0.62263846
COG2,0.6226344
CHMP4B,0.6226186
ADD3,0.6226112
CHKB,0.62260437
ACOT13,0.6225791
ACOT7,0.622579
AFTPH,0.6225787
DBNL,0.62257826
CHST14,0.622571
COA6,0.6225701
DYRK2,0.6225331
CYB5B,0.6225189
DENND4A,0.62251806
ACOT11,0.62250865
DOCK10,0.6225031
ADNP,0.6224947
CWF19L2,0.6224925
DNAJC5,0.6224881
DDX42,0.62248373
ADPGK,0.6224752
AHCYL1,0.6224729
CSNK1G3,0.6224682
DISP1,0.62246495
CFL2,0.62245136
COX6B1,0.62244546
AKAP10,0.6224441
CSNK1D,0.62243927
ACOT1,0.62243813
CPSF1,0.6224337
DENND4C,0.622403
CENPT,0.622389
CTNNA1,0.62238175
CDKN2AIP,0.6223738
CSNK1G1,0.62237155
DERL3,0.6223656
CNNM4,0.6223511
AK2,0.62234455
PADI2,0.62234455
CDK9,0.6223345
AGO1,0.6223342
CSPP1,0.6223258
DAB2,0.622318
ACO1,0.6222958
CSF1,0.6222955
DBF4B,0.6222812
ADIPOR2,0.6222792
AFF1,0.6222741
DPH2,0.62227297
DNAJA2,0.62227243
CDC14B,0.6222657
CSTF2T,0.6222634
DIS3L,0.6222536
CRTC2,0.6222486
EAF1,0.6222343
CENPC,0.6222233
CYTH1,0.6222225
ADCY5,0.6222223
DDX17,0.6222217
DAPP1,0.6222189
EFTUD2,0.6222041
ADORA2B,0.622198
CTIF,0.62219596
DGKQ,0.6221874
ALKBH5,0.6221794
ACVR2B,0.6221669
AKR1A1,0.62215483
DR1,0.62214375
ETFA,0.62214214
DBI,0.62209386
CWC27,0.62209076
AGRN,0.6220769
ACER3,0.62207216
DNASE2,0.62205905
ACTG2,0.6220442
ADAR,0.6220306
F8,0.6220287
DUSP4,0.6220166
AHNAK,0.62200326
ACER2,0.6219905
COQ6,0.62197816
ENO3,0.6219425
GMIP,0.6219221
DNAJC3,0.6219203
DAAM1,0.6219105
ACE,0.6219087
B9D2,0.62185985
ACD,0.6218268
CETN3,0.621807
FMO4,0.6217962
DNAH17,0.6217905
GDPD1,0.62178046
ARHGAP31,0.6217779
CWC22,0.6217761
CSE1L,0.62177485
CEP41,0.6217597
ACBD3,0.6217448
DPCD,0.6216729
ACAT2,0.6216627
KCTD6,0.6216585
CRKL,0.62160164
BSCL2,0.6215994
ALDH1B1,0.6215991
AIMP1,0.6215982
ACAT1,0.6215805
ANKRD44,0.6215778
DOCK8,0.6215397
DVL2,0.621533
DENND5B,0.621532
DCUN1D2,0.62153125
DCAF11,0.621523
ADCY3,0.62149966
CLCN7,0.62149787
DCAF7,0.62149745
ADAM17,0.6214933
CXADR,0.621443
AIFM1,0.6214279
ACAP1,0.6214157
DDX10,0.6214115
EIF2B4,0.6213838
C17orf49,0.621368
ACIN1,0.6213525
CKLF,0.62135077
DNAJA1,0.6213462
ADAM23,0.62134236
DDX39B,0.62133527
DDX50,0.62133425
CLPP,0.6213279
DRG2,0.6212892
DGKZ,0.6212861
ACTR3B,0.6212616
GET4,0.6212534
ACADSB,0.62125045
ADH5,0.62122107
CMTR2,0.6212209
EFNA1,0.6212104
CTSA,0.62120867
DCAF8,0.6212081
DHX9,0.6212065
AGPAT5,0.621205
CYCS,0.62120175
DENND2C,0.62118477
ACADS,0.62116766
DPY30,0.62115246
CREB5,0.6211459
D2HGDH,0.6211427
ARHGAP19,0.62110984
CLUAP1,0.62110674
DOCK2,0.62108576
ACADM,0.6210847
EXOSC8,0.6210708
P4HA3,0.62105995
CCDC174,0.6210476
DHRS1,0.6210334
FZD3,0.6210145
ACAD9,0.6210016
DFFB,0.6209875
ACTR3,0.62098444
DNAJC11,0.620971
DNAJB11,0.62094474
COASY,0.6209444
ACAD8,0.62091845
DDX19A,0.6208943
DHX36,0.62084925
DNAJC9,0.620838
ACACB,0.6208352
AGPAT4,0.6208307
EYA2,0.6208264
ACTR2,0.620823
CEBPG,0.6208021
ARHGAP27,0.62079734
CNOT2,0.6207909
DHX15,0.62079066
DVL3,0.62075293
ADCY6,0.62073547
DOCK11,0.62070173
ACYP1,0.62069654
DDOST,0.6206641
ACTR1A,0.6206422
DUSP2,0.62063867
ACTN1,0.62063235
GPR161,0.62062097
AHCYL2,0.6206067
ACLY,0.6206009
DDX1,0.62059635
DENR,0.6205903
DIDO1,0.62058955
ACAA1,0.6205845
CORO1B,0.62057847
DGKH,0.6205631
EHD2,0.62054574
EGLN3,0.6205331
CCR7,0.62051266
ABTB1,0.6205007
DMXL2,0.6204879
ARHGAP33,0.62048274
ADK,0.6204666
DNMBP,0.620444
CTTN,0.6204298
ESF1,0.6204236
FAM83D,0.6204187
DAPK3,0.6204133
AFG3L2,0.62040174
CBX7,0.6203997
DAPK1,0.62037915
ACTG1,0.6203619
EPOR,0.6203551
ABR,0.6203326
DALRD3,0.6203175
DNAJB4,0.6203007
ACTN4,0.62029135
DENND6A,0.6202675
CTDSPL,0.62025803
ABLIM3,0.6202484
IFNAR1,0.62024605
DDX23,0.62024504
B3GNT5,0.6202271
DHCR24,0.6202241
BOLA1,0.620223
DNM1,0.6202097
DCP2,0.62020016
ABLIM2,0.620164
HSD17B8,0.62014824
DOCK7,0.6201456
GMPPA,0.62014395
CUL5,0.620128
HOXA7,0.62010735
CSPG4,0.6201022
E2F5,0.6200831
DSN1,0.6200705
DLGAP4,0.6200697
DOK4,0.6200631
ADAM9,0.62005866
DYNC1LI2,0.62005717
DHX16,0.62004346
EBF1,0.6200308
GALNT6,0.62003
P2RY6,0.62002724
DGUOK,0.62001306
DAZAP1,0.61997986
AGO2,0.6199665
ACTR6,0.6199539
DDX21,0.6199483
DHX35,0.6199265
DNA2,0.6199123
DCTPP1,0.6199111
GABPA,0.61990106
DIS3L2,0.6198861
ACTB,0.61983186
ABI3BP,0.61982507
ACTR8,0.6198225
ACTA2,0.61981326
CNDP2,0.61978316
CSGALNACT2,0.61977786
EMC3,0.61974317
ABI3,0.6197399
EEFSEC,0.61971956
ENPP1,0.6196965
CLK4,0.61969274
DHCR7,0.6196886
DHX8,0.6196742
FAM160A2,0.6196716
DIABLO,0.6196584
COLEC12,0.6196559
DDX24,0.61965585
DIAPH3,0.61965543
ABI2,0.61965466
AHI1,0.6196517
DGKD,0.6196515
DDX46,0.6196306
ACOT8,0.6196204
CYP2U1,0.6196156
DHRS11,0.6195501
DOCK5,0.61953783
ECE1,0.619531
CHPF,0.61952513
COL24A1,0.61950547
COG4,0.61950403
CREG1,0.6194915
DCTD,0.6194772
DST,0.61947143
DOK1,0.61944413
GADD45A,0.6194412
ITGA7,0.6194297
EIF2AK1,0.6194295
EIF3H,0.61941576
DOK2,0.6194
ABHD12,0.61939776
DCTN5,0.6193776
COQ5,0.6193506
FBXO25,0.6193439
ADAM12,0.6193269
DNAJC15,0.61930984
DYRK1B,0.61926246
GALNS,0.61925983
ELAC2,0.61925966
DNAJB6,0.6192564
ACACA,0.619255
GNE,0.6192471
ABCG1,0.61922556
CSK,0.6192161
EBNA1BP2,0.61919576
ELOVL5,0.61919516
DBT,0.61915517
FMNL2,0.6191469
DIAPH2,0.6191393
ABCF3,0.6191372
EARS2,0.6191314
FUCA2,0.6191274
CLPX,0.6191131
EVI5,0.6190872
FRMD6,0.6190649
ABCF2,0.6190477
CPT1C,0.61904573
COX18,0.6190417
DHX33,0.6190302
ECHS1,0.61902124
CYFIP1,0.6189656
ABCF1,0.61895806
CYFIP2,0.6189187
DMD,0.6189081
DDX60,0.6188933
ACAA2,0.6188742
ACAP2,0.61887276
COL8A2,0.6188709
ABCE1,0.6188681
DLG5,0.6188262
EVI2B,0.61882
ECSIT,0.61880815
DNAJC13,0.6188073
DCLRE1B,0.61877966
ABCD4,0.61877793
EEF1B2,0.6187724
DTNB,0.6187681
DCAF12,0.61875385
CYP2S1,0.61875254
CEBPB,0.6187368
DLG1,0.61872804
EEF1D,0.6187021
CTDSP1,0.61870134
DDX11,0.6186805
DUSP6,0.61866313
EIF4E,0.6186582
DENND1A,0.61865276
DIMT1,0.61864746
EXOSC7,0.6186454
ABCD1,0.6185969
CHST15,0.61859214
EHBP1,0.6185861
ARHGEF6,0.6185744
E4F1,0.6185199
DCAF17,0.6185081
ABCC3,0.61850595
COL9A2,0.61850494
ESPL1,0.61848325
CYB5A,0.6184832
EDIL3,0.61847895
GYG1,0.6184774
ECHDC1,0.6184629
ACADVL,0.6184623
CENPB,0.61846095
DGKA,0.6184537
CYTH2,0.61842644
COMMD2,0.61841154
CCDC40,0.61838156
CD247,0.6183566
EFEMP1,0.6183495
E2F3,0.6183487
DYNLL1,0.6183468
ABCB6,0.61832315
ABCD3,0.61832106
GFPT1,0.618277
DERL2,0.6182769
DCAF16,0.618272
ERAL1,0.6182703
CYB5R4,0.6182672
EPB41L2,0.61824864
CEP290,0.6182326
ABCB4,0.6182313
DDHD1,0.6182297
ACO2,0.61822736
EFCAB7,0.61822367
DNAH1,0.6181914
EXOC2,0.6181828
ABCB10,0.618139
FGD2,0.6181062
COL15A1,0.61808825
DDX19B,0.6180871
HAGH,0.61808205
FBXW2,0.61805946
ABCA7,0.6180465
DHTKD1,0.6180373
RSAD2,0.61803657
CNNM3,0.61796784
DOT1L,0.61796206
EIF6,0.61795694
ABCA2,0.61795354
EIF2A,0.6179506
ABCC1,0.6179287
ELP2,0.61790526
DCAF13,0.61789644
ABCA1,0.61786014
DPYSL3,0.61784667
GIT2,0.6178414
EZH2,0.6178304
DCAF5,0.6177812
DNAJB9,0.6177794
FBXL4,0.61777896
AATF,0.61776626
EEF1A1,0.61775076
DCUN1D5,0.6177328
FPGS,0.6176905
DUS1L,0.6176744
AASS,0.6176719
DIAPH1,0.6176537
EPN2,0.61764216
COL6A2,0.6176277
ENSA,0.6176142
GTF2E1,0.6175923
AASDHPPT,0.6175771
EDC3,0.61753726
DUSP16,0.61752963
EEF1G,0.61752117
DACT1,0.6175032
EHD1,0.6174903
COG6,0.6174888
DNTTIP2,0.6174841
AASDH,0.6174815
CES2,0.6174794
DLG3,0.61746395
EXO1,0.6174547
DDX55,0.61743754
AARS2,0.6173853
EPHX2,0.61737144
FHL1,0.6173706
DSP,0.6173514
EIF3L,0.6173477
E2F7,0.61734694
GPAM,0.6173169
DNAH5,0.6173137
COQ10A,0.61730486
EHHADH,0.6173012
AAR2,0.6172883
FBXL18,0.61722565
CTDNEP1,0.61722195
DIS3,0.61720276
EXOC6,0.6171938
KCNAB3,0.61717725
DTL,0.61716926
EBP,0.61713475
FKRP,0.61713064
GCC2,0.61712873
BMP2,0.61711293
DEPDC1,0.6170999
EBAG9,0.61706144
EXOC1,0.6170308
ELAVL1,0.6170286
INPP5E,0.6170061
EIF4E2,0.6170003
AADAT,0.61698407
CTSO,0.6169672
AAMP,0.61695623
AAK1,0.6169306
FARSA,0.61692923
AACS,0.61687815
EIF4A3,0.61687386
DXO,0.6168541
FAM91A1,0.61685324
ERGIC3,0.616849
EMC9,0.61679596
ELMO1,0.61679447
DDA1,0.6167869
EIF4H,0.61678684
GAB2,0.61678356
EEF1E1,0.6167794
GLYCTK,0.6167749
AAAS,0.61676925
EIF4A1,0.6167571
EHMT2,0.61674964
ENTPD4,0.61673397
DPF2,0.6167217
EIF4G1,0.61671746
ECI2,0.61667717
EME1,0.61666775
EHMT1,0.61664623
DOCK4,0.61664027
ESRP1,0.61663544
EIF2B5,0.6166316
EIF2AK3,0.61661565
CD6,0.61660784
EEF2,0.6166032
COG8,0.6165528
A1BG,0.6165317
GOSR1,0.6165309
DEPDC1B,0.61652464
CACNA1H,0.61652434
FAM168B,0.6164957
DKC1,0.61647713
GORAB,0.61646026
EVL,0.6163943
EIF3J,0.6163895
FAF1,0.6163714
ELF2,0.61635303
LIN37,0.61631656
KIAA1549L,0.6163034
EIF2AK4,0.6162915
EIF5B,0.61627156
B3GNT7,0.6162601
EXOC3,0.616226
GABARAP,0.6162198
FBLN1,0.6161933
FCF1,0.61617434
EIF3M,0.61616254
DHX37,0.6161065
EEF2K,0.61609185
DISC1,0.6160723
IL12RB1,0.6160656
DDRGK1,0.6160571
DPH5,0.6160524
DHX38,0.6160219
DZIP1,0.61601
ECH1,0.6159776
ERLIN2,0.61596924
CLDN15,0.61596626
FBXO45,0.6159482
EPCAM,0.6159467
CROT,0.61590075
CEP76,0.61588013
ARSA,0.61587626
FBXO21,0.6158672
CREM,0.61585563
DYNC2H1,0.61585015
EMC8,0.6158383
DCUN1D4,0.61583817
EI24,0.61583537
DMPK,0.6157866
DNAJC2,0.6157758
FXR2,0.6157749
DDX51,0.6157706
EAPP,0.6157441
EPB41L1,0.6157349
EIF4G3,0.6157037
EEA1,0.6156777
CUL7,0.615671
EXOC7,0.61566937
EFNA5,0.6156388
CUL2,0.6156283
FGD3,0.615622
EOGT,0.6156105
E2F8,0.61559856
EIF5A,0.61559653
LSM5,0.61557245
EZH1,0.6155616
DPYSL2,0.6155566
ETFDH,0.6155217
CDC7,0.61551315
DPH7,0.61549073
F11R,0.61547923
EIF2B2,0.61542726
FBLIM1,0.61540484
ASAH2,0.6153973
EXOSC4,0.6153917
DLC1,0.615386
FAM114A2,0.61538017
E2F4,0.61536086
EXOC6B,0.61533403
FBN1,0.6153156
ESYT1,0.6152859
COPZ2,0.6152773
GTF2A2,0.6152297
GDF11,0.6152281
GLA,0.61519325
EIF1,0.61518687
DYSF,0.61518675
ERH,0.6151478
ERGIC2,0.6151444
CHCHD1,0.6151396
EGLN1,0.61512285
DDX41,0.6151216
EXOC4,0.61510587
EIF2B1,0.61509717
FLNC,0.61508435
EP400,0.6150819
EIF3K,0.61502135
ENAH,0.6150175
EPB41L5,0.61501676
ETHE1,0.6150149
DNM3,0.614996
DPH1,0.61499184
ASB2,0.61498564
DFFA,0.614982
MS4A4A,0.61497617
EIF2S3,0.6149676
HSPA14,0.61495423
EIF3D,0.614945
FLNB,0.614931
DNAJC10,0.61492217
CTSZ,0.61492115
CIDEB,0.6149096
FBXO9,0.6148939
FBXW5,0.6148586
EIF3I,0.61482775
FBXO10,0.61482656
GTPBP3,0.61480635
GBF1,0.6148043
DSC2,0.6147349
TNFSF12,0.61471885
E2F2,0.6146773
DCAF4,0.6146696
HAUS2,0.61464506
ELOVL6,0.6146355
FARP2,0.61463124
DCLRE1C,0.61461717
DLG4,0.6146064
IFT140,0.61457896
FUBP3,0.61457825
DNAJB14,0.6145598
EVC,0.61455375
FAM3C,0.6145469
CYB5R2,0.6145394
CTNS,0.6145394
FBXW4,0.61453825
BMP8B,0.6145041
FLAD1,0.61449635
ELP5,0.61445874
FBXW8,0.6144447
FOXK1,0.6144122
ETF1,0.6144086
FIBP,0.6143705
EIF3B,0.61436427
ENG,0.6143593
ESRRA,0.6143515
FANCL,0.6143485
FARP1,0.61434364
GTF3C2,0.61433876
EIF2AK2,0.61433667
FAT4,0.6143156
DSEL,0.61427313
ETS2,0.61424595
DCXR,0.614242
EMD,0.6142296
EXOSC5,0.61422247
CORIN,0.6141912
DNAJC8,0.6141648
HPRT1,0.6141629
CLDN7,0.61413974
CNTRL,0.61411685
BMP4,0.61411345
FLII,0.61404425
DOCK6,0.6140395
FADS1,0.61398137
FPGT,0.613976
EXTL3,0.61396044
GON4L,0.6139595
CCL4,0.61394656
CCL5,0.61393464
EPS8L2,0.613929
EXOSC2,0.61392814
DYNC1LI1,0.61390674
HEXIM2,0.6139013
FLOT2,0.6138205
DMWD,0.61379844
GID8,0.61378986
ERGIC1,0.6137716
DENND4B,0.6137663
FAM98B,0.61374104
GGCT,0.61373323
EXOSC6,0.61369175
DLD,0.6136867
DUS2,0.61367863
DYNC1H1,0.6136708
ERI2,0.61363846
IKBKG,0.61363655
PYGM,0.6136177
LTB,0.61359245
HCK,0.6135512
DNAJC24,0.61350006
FBXO8,0.613454
DUSP1,0.6134286
GALNT18,0.61342674
EIF4G2,0.6133746
EIF4B,0.61337113
FKBP4,0.61335266
ERP29,0.61329293
COPS4,0.6132875
G6PD,0.61327815
FGD1,0.6132603
ESYT2,0.6132584
IL2RB,0.61324805
EIF5,0.6132421
EPC1,0.61319536
FDPS,0.61316216
FAM110B,0.6131539
DLGAP5,0.6131394
DAB2IP,0.6131296
FKBP5,0.61309296
DDX20,0.6130507
COQ10B,0.61304986
LRFN4,0.6130425
GNA13,0.61303276
FADD,0.6130314
GALNT3,0.6129809
ELOVL1,0.6129501
DTNBP1,0.6129492
IWS1,0.6129406
GEMIN5,0.61293906
ELF1,0.61292297
EIF2D,0.6129022
LOXL3,0.61289155
IFT46,0.61286235
FBXL17,0.61283505
DOLPP1,0.61283284
EPN1,0.6128178
FECH,0.61281455
EIF4ENIF1,0.6127583
FRAS1,0.6127416
DLST,0.61273694
EMC10,0.6127273
FZD5,0.61270833
FOXF1,0.61269486
FTL,0.61268395
EPHA2,0.61267996
GOLPH3,0.6126556
FADS2,0.6126555
FOXK2,0.612654
EIF4EBP2,0.61263216
EIF2B3,0.6125944
FBXO2,0.61258626
LMCD1,0.6125815
HEPH,0.612572
EIF1B,0.6125695
EIF4EBP1,0.6125281
FSTL1,0.61251086
INSIG1,0.6124998
FBXO7,0.612498
FOSL2,0.6124946
GSR,0.6124878
GLUD1,0.61248314
ERCC6,0.6124559
FAM13B,0.61243063
HDAC6,0.6124194
DENND1B,0.6124142
GCFC2,0.6123641
FAU,0.6123553
ATG2A,0.61235434
EXPH5,0.6123461
FARS2,0.6123327
IBA57,0.61229676
FBLN5,0.61222804
GPSM1,0.6122171
GCH1,0.61220664
FOXN3,0.6121721
NCF4,0.61216146
HEXA,0.6121565
FKBP1A,0.61207896
HACL1,0.6120115
GUCY1A2,0.61200696
DUSP19,0.61198086
DONSON,0.6119376
FNBP1L,0.6119331
FIS1,0.6118314
ELL2,0.61183125
FERMT3,0.61183023
GSTM4,0.61182004
GALNT10,0.6117278
DUSP7,0.61172074
GK5,0.61169267
GNL1,0.61168957
IL17RA,0.6116817
FER,0.6116698
FBXL5,0.6116633
CUL4B,0.6116275
FANCI,0.6116211
FBXL2,0.6116064
GEMIN4,0.6115972
EIF2S1,0.61159337
FAM13A,0.61156666
DCLRE1A,0.61155087
FUZ,0.6115469
EMC4,0.6114427
IRF6,0.6113934
GATAD2B,0.6113621
HADH,0.6113371
DMAP1,0.61133564
ERCC8,0.6113346
GOLGA3,0.61122745
IL1RAP,0.6112064
G6PC3,0.61119443
FAM98A,0.61119235
FOXP4,0.6111748
HYI,0.61108977
GNPAT,0.61106145
ETNK2,0.6110415
GNL3L,0.61102355
IPO8,0.61100733
FBL,0.6110029
GNAI1,0.61098546
HHAT,0.61098045
GABPB2,0.6109701
HERC5,0.6109296
FMNL1,0.61092657
DSTN,0.6109205
FARSB,0.6109127
EPB41L3,0.6109081
CMTM7,0.61089915
ITPKB,0.6108938
GFER,0.6108773
GNB2,0.61087716
GALK1,0.61085886
GDPD5,0.6108527
HGSNAT,0.61082816
EXOSC10,0.6108215
RND1,0.6107989
GNA12,0.6107788
DNAL1,0.61074626
MAN2B2,0.6107431
ATP2A1,0.610742
DDX58,0.6107259
ENO2,0.6107146
FOS,0.61070347
METTL22,0.61069304
HPS5,0.61067075
ESRP2,0.61063474
FBXO31,0.61063385
GLCE,0.6106105
GARNL3,0.6106058
ATP2A3,0.610601
EGLN2,0.6105798
GLI3,0.61056924
HEATR1,0.61056584
FAM120B,0.61055446
IL32,0.61051494
CTSK,0.61049783
DGKE,0.6104966
ENTPD5,0.6104678
GLS,0.61046535
HMG20A,0.61046034
GGH,0.61040485
HLA-DMB,0.6103942
CRLS1,0.61038876
IMPA1,0.6103761
GRB2,0.61030525
GATAD2A,0.6102805
FGFRL1,0.61026883
GOLGA2,0.61025506
FAHD2A,0.61023897
HECA,0.6102294
HMBS,0.6102272
GMDS,0.61022156
GTF3C4,0.6101999
FBXL20,0.61019176
GAPDH,0.61018336
IGSF6,0.61012846
GNL2,0.610116
FBXL8,0.6100992
CREB3,0.6100979
FLT4,0.6100972
INTS4,0.610065
GTF2IRD1,0.6100521
GTF2I,0.6100393
GAK,0.61003363
EPHB4,0.6099982
IFT88,0.60993963
HLCS,0.609934
DBR1,0.60993266
EIF2S2,0.60992986
FBXL3,0.6099262
GANAB,0.6099208
FBXO41,0.6099181
IDH3B,0.609914
GPN1,0.6099047
GAB1,0.6098961
GNAI3,0.6098826
CYB5R1,0.6098822
ENOPH1,0.60984266
FASTKD2,0.6098277
EVI2A,0.6098032
FGD4,0.6098018
FANCB,0.60978967
GGA2,0.60975915
G3BP2,0.6097559
HJURP,0.6097495
GPSM3,0.6097273
GAPVD1,0.6097264
GABPB1,0.60969955
DPP7,0.60969496
GBA,0.60968876
GNAL,0.6096848
FNIP1,0.6096748
HAT1,0.6096589
HEXB,0.6096354
FAN1,0.60963005
IL2RG,0.609591
FAF2,0.6095905
KCNMB3,0.60956687
GALNT2,0.6095567
FLOT1,0.6095542
KCNQ1,0.6095252
FHL2,0.6095078
HS6ST1,0.60950357
ATP6V1E2,0.60946995
IDS,0.60946316
CD1D,0.6094586
GTF2F1,0.60944957
KBTBD6,0.6094377
GRB10,0.6093941
FBXL19,0.60936666
FEZ1,0.60936195
GPR89A,0.6093613
SDS,0.6093574
FTH1,0.6093559
GNB5,0.60935336
EXOSC9,0.60933465
GSTK1,0.6093221
GALNT11,0.6093116
FBXW9,0.6092746
GBE1,0.6092696
FLRT2,0.60925776
HMG20B,0.6092467
ELP6,0.6092436
HAUS6,0.60924226
EPB41L4B,0.6092342
FBXO6,0.6092234
KATNBL1,0.6091983
LRRC49,0.60919577
ZNF577,0.60919464
ATP7B,0.60918605
G3BP1,0.60916525
H6PD,0.6091603
GPR183,0.6091465
CSAD,0.6091296
FRS2,0.60911894
FXR1,0.60911334
MDFIC,0.60906565
GUK1,0.6090492
INPP1,0.6090285
FKBP8,0.6089883
GSE1,0.60896957
GNB4,0.6089645
FANCM,0.60896355
GSK3B,0.608961
EMC1,0.60894305
GART,0.6089354
GINS1,0.6089174
GDI2,0.6088928
HERPUD1,0.6088779
GRWD1,0.60886216
GLB1,0.6088616
KIF15,0.60886043
IL4I1,0.60885245
ERI1,0.6088409
HDAC8,0.6088382
GPT2,0.60882735
IBTK,0.6088199
GSPT1,0.60881776
IFT52,0.6088035
DUSP12,0.60870546
FYCO1,0.6086999
FYTTD1,0.608696
GEN1,0.608691
NFAM1,0.6086569
HEYL,0.6086392
GPAA1,0.608625
HDAC10,0.6085874
GTF2H5,0.6085367
PLD6,0.608536
HIPK3,0.6085325
FBXW11,0.6084997
JOSD2,0.6084909
GPI,0.608485
GADD45B,0.60844487
EPHB6,0.6084096
FCHO2,0.6084041
HERC4,0.60839653
GCC1,0.6083796
GULP1,0.6083651
FUT4,0.60835314
HES4,0.608352
HNRNPH2,0.60834676
IRF7,0.60833794
ENC1,0.60831076
EPHB2,0.60826814
GRK4,0.6082509
KPNA5,0.60824084
HPSE,0.6082361
FBXO15,0.60822546
GLO1,0.60820854
GYS1,0.6082071
GNG12,0.6082012
HOXB4,0.6081754
NDOR1,0.6081723
GLDN,0.60814816
LIN9,0.60814446
CENPQ,0.6081175
IQGAP3,0.6080983
GTPBP10,0.60803246
FNTB,0.6080113
KDM6B,0.6080095
HOXD3,0.607946
HAUS3,0.6079059
FUT8,0.6079035
INO80D,0.6078922
FCHO1,0.60785025
LAMP2,0.60783166
FN1,0.6078243
GALM,0.60778964
GOLGA4,0.60777974
INPP4A,0.6077769
GNB1,0.6077762
GANC,0.60776335
COX15,0.60773784
GLUL,0.6077369
DNM1L,0.6077358
GADD45GIP1,0.60773134
FZR1,0.6077217
E2F6,0.6077125
HSPA1A,0.60770273
GALK2,0.60768425
FSCN1,0.60764766
FAM110A,0.6076356
ITGB2,0.6076255
GDAP1,0.60762095
KIF14,0.607583
GMEB1,0.6075829
ELOVL7,0.60756195
EID3,0.60755897
KIF13B,0.60754544
ICAM1,0.60752094
DNAJB12,0.6075197
MAN2C1,0.607511
GPKOW,0.60750926
FBXO27,0.6074976
GCLC,0.60749483
EXOC8,0.60748225
HADHA,0.6074422
ESD,0.60743153
GIGYF2,0.6074056
GTF2F2,0.6073728
DPM3,0.6073448
FMNL3,0.607343
HMGN2,0.60732305
DSCC1,0.6072648
GJA1,0.60723853
GABBR1,0.60723054
GBP2,0.6072302
JAZF1,0.607219
GALNT1,0.60720205
GGT7,0.6071524
GNG5,0.6071345
GTF3C5,0.6071183
HSPA5,0.60711455
EPHA4,0.6071011
IDH3A,0.60708535
EME2,0.6070719
HDAC4,0.6070714
C9orf72,0.6070641
HERC2,0.60704094
FEZ2,0.60700685
IL13RA1,0.6069931
KCNN4,0.6069921
IFNGR2,0.6069576
GTF2E2,0.6069498
HDLBP,0.6069476
LDLRAP1,0.60691494
HELQ,0.60690135
B3GALT4,0.60689944
HNRNPL,0.60689664
GPCPD1,0.60688573
LSM3,0.6068838
KLHL2,0.60685337
KIF3B,0.6068519
GALNT7,0.6068428
ETFB,0.60682684
NAF1,0.60676605
FBXL14,0.60675865
HACE1,0.60675126
LMO7,0.60674685
COQ7,0.60674554
FYN,0.60673004
IDUA,0.60672504
HIPK2,0.6067016
GTF2A1,0.6067001
GFI1,0.606684
B3GNT4,0.60668164
EVPL,0.606663
HIRA,0.6066574
PDLIM4,0.60664755
KRIT1,0.6066466
FMR1,0.6066402
HNRNPDL,0.6066117
FKBP3,0.60661155
IFNAR2,0.60659015
FBXO22,0.6065806
GYPC,0.606571
HMMR,0.6065422
HK2,0.60654086
EXOC5,0.60653013
INO80C,0.60652536
IRAK2,0.60651696
COQ3,0.60651636
HNRNPUL2,0.60647714
KRT10,0.60647404
FERMT2,0.60646796
GPD2,0.60646605
B3GNT8,0.60646015
GPR176,0.6064491
HIPK1,0.6064031
GCAT,0.6063663
HAAO,0.60631865
ITGA11,0.60625696
FNTA,0.60623044
HLA-DPA1,0.6062268
GNPTG,0.6062244
ERF,0.6062206
IQSEC1,0.60622025
HLA-E,0.60621536
ITPR2,0.60621107
HPS6,0.6061989
GDI1,0.6061913
IPPK,0.6061906
HTT,0.60613203
HSF1,0.6060855
HDAC2,0.6060738
ERLEC1,0.6060693
HSD17B10,0.6060487
GPN2,0.60604733
HM13,0.6060417
NUDT14,0.6060098
GPANK1,0.60600215
GTPBP1,0.60595655
LYPLA1,0.6059524
MYCBP,0.6059362
GTSE1,0.60591924
GCDH,0.6059173
IQGAP2,0.6059127
ILK,0.60589105
DPH3,0.6058743
HYLS1,0.60586184
GGA1,0.60583067
GIT1,0.60582894
NOMO2,0.6058229
GBP3,0.6058168
FZD7,0.6058014
EPAS1,0.6057755
CASP6,0.6057725
IRAK4,0.60574776
HYOU1,0.60574186
HLX,0.6057386
MCM3AP,0.6057358
KRBA1,0.6057283
EPHB3,0.6057064
FEM1A,0.6056873
GPSM2,0.6056729
GJC1,0.6056563
GPN3,0.6056543
NDUFS7,0.6056345
FAM111A,0.6055542
GLRX2,0.6055284
IP6K1,0.60549206
KIF23,0.6054583
HMGA1,0.6054573
DNTTIP1,0.60543007
BAG2,0.60542274
FBXO17,0.60536605
FAM126A,0.6053533
CBR3,0.6053263
GNL3,0.60530585
HLA-F,0.6052977
GTF3C1,0.6052394
GAN,0.6052334
EMC2,0.60522574
MAP3K5,0.60522354
LPIN3,0.60521
KIFC1,0.60519385
GATC,0.60519207
HNRNPA3,0.605183
IMPA2,0.60514724
HK1,0.60513014
JUP,0.6051013
LPIN2,0.6050916
GTPBP4,0.6050913
INTS10,0.6050563
HECTD3,0.605033
LY96,0.6050244
IFI44L,0.605021
HNRNPA1,0.60501254
HMGN1,0.60499877
FMN1,0.6049939
ITGB1,0.6049373
GRSF1,0.6049267
MED21,0.60492116
LARP7,0.60491896
GMPPB,0.6048976
MBIP,0.6048793
HEG1,0.6048355
FABP5,0.60482645
IFT122,0.6048038
KLC2,0.6047998
HECTD1,0.6047862
GRN,0.604762
BAMBI,0.6047528
EFNB3,0.6047398
HLTF,0.60472643
FURIN,0.60469174
IPO9,0.60467356
HNRNPAB,0.60465723
CHI3L1,0.6046572
FOSB,0.6046451
CCDC68,0.6046344
HNRNPA0,0.60463375
DCK,0.6046195
GTPBP2,0.6046122
GNPDA1,0.6045907
HAUS4,0.6045118
FBXO4,0.60450405
NFKB1,0.60449904
FAM131B,0.60447747
IQGAP1,0.6044701
KANSL2,0.6044568
IQCB1,0.6044544
GOLGB1,0.60443974
GAA,0.6044369
FBXO38,0.60439426
HTATSF1,0.60438335
KRI1,0.6043766
IFT57,0.60435694
HNRNPD,0.6043462
INTS6,0.6043346
GATA6,0.60431826
BATF2,0.60430473
HMGB2,0.6042942
HNRNPUL1,0.6042797
HNRNPH1,0.60424215
EYA3,0.60423124
BATF3,0.60423
PLCB2,0.6042237
FOXRED2,0.6042198
EVC2,0.60421884
GNS,0.60421795
INTS7,0.604204
GPC4,0.60420084
IMPDH1,0.60418266
KLHL9,0.604175
HGS,0.6041702
ID2,0.60415244
KIF9,0.6041273
ITPR1,0.6041068
FEM1B,0.60407126
ITGA2,0.60404944
GOLIM4,0.6039958
KIF22,0.60398066
FBF1,0.60396945
HSPD1,0.60396624
MVP,0.60396427
GRK6,0.60395944
IPO11,0.60392874
IRF1,0.6039072
L3MBTL2,0.6039045
NDUFS3,0.6038897
PAQR3,0.6038569
FNIP2,0.6038334
GLG1,0.60382223
FBXO30,0.6038186
FOXRED1,0.60380495
GIPC1,0.6038026
HLA-DRB1,0.6037888
HMGB1,0.6037541
KLC1,0.6037501
HSPBP1,0.6037393
HIVEP3,0.60373396
INVS,0.60369855
HNRNPH3,0.6036784
HMGXB4,0.6036499
LAMC3,0.6036436
HYPK,0.6036415
GUF1,0.60363793
HPS3,0.6036372
HSPH1,0.60363555
BBS12,0.60363054
ITFG2,0.6036222
GINS4,0.6035965
LAMB2,0.6035956
ERRFI1,0.6035891
HLA-DPB1,0.6035812
ITGB3BP,0.60357624
GNAO1,0.6035561
ING3,0.6035522
IRS1,0.6035271
IQCE,0.6035212
PPIL6,0.60351574
KCNMA1,0.6034963
GEMIN7,0.6034897
HNRNPC,0.6034608
KHSRP,0.6034468
ILF3,0.6034461
KCTD3,0.60343194
LARP4,0.6034265
LRRC47,0.60342205
HIF1AN,0.6034212
GSPT2,0.60341966
INTS1,0.6034139
LRRC4B,0.6034095
BBS5,0.60340536
LSM11,0.6034005
INTS5,0.603391
HSPA4L,0.6033852
MCL1,0.603378
MAD1L1,0.6033691
HINT1,0.60336274
EIF3G,0.6033377
HAUS5,0.6033356
GTF3C3,0.6033332
KAT6A,0.6033248
GNGT2,0.6032993
KCTD15,0.60326815
HLA-C,0.6032645
INPP5A,0.6032388
HS2ST1,0.60323423
GLMN,0.60323024
GDE1,0.6032254
KANK2,0.6032194
CLIP3,0.6032192
GRHPR,0.6032143
KLHL42,0.6031948
ITGB1BP1,0.6031924
LSS,0.60314333
FDX1,0.6031148
MVB12B,0.6031132
HERC1,0.6030511
HAUS1,0.60303044
INPP5F,0.6030236
IFT81,0.60302
LPXN,0.60301673
KIF21A,0.60300714
PEX16,0.6029767
MYO1C,0.602963
LCMT1,0.6029465
GNAI2,0.60290205
HMGCS1,0.602881
NOMO3,0.6028747
KNTC1,0.60283554
LFNG,0.60280603
IPO7,0.6027798
KCTD1,0.60277814
L3HYPDH,0.6027341
IMMT,0.60273266
LAMA3,0.60271996
GBA2,0.60271364
FXYD6,0.60269856
GOT2,0.6026924
MAGI3,0.6026821
GSK3A,0.6026817
HBP1,0.6026756
GTF2H1,0.60265046
IMP3,0.60263056
GGCX,0.6026201
DUSP10,0.60261506
MCUR1,0.6025886
IDE,0.602579
EMC7,0.6025679
GFM1,0.60254896
MAP3K2,0.60253465
JAG2,0.60253364
IFI30,0.6025306
ILF2,0.6025183
LSAMP,0.602492
GID4,0.60241115
MAN1C1,0.6024035
MAP3K3,0.60239744
GSTM2,0.60239077
IARS2,0.6023648
GEMIN6,0.6023414
KCNK5,0.6023199
HNRNPK,0.6023009
MRPS7,0.6022948
LIG1,0.60229224
GCA,0.60228634
FGR,0.6022795
IFIT3,0.60227317
LSM12,0.602268
IGFBP7,0.6021808
HOMER1,0.60217464
MAGT1,0.6021513
CD180,0.6021328
FBXO5,0.60209966
EPHA1,0.60209656
MAP3K8,0.6020786
LIMA1,0.6020781
HDAC1,0.60207796
RASAL3,0.6020754
FZD6,0.60205543
LIPG,0.602053
HNRNPU,0.60205215
LCAT,0.6020491
MAP3K10,0.6020371
IFIT1,0.6020191
ISG15,0.60198414
KRR1,0.6019823
EXOSC1,0.60197383
IPO5,0.60197055
HLA-B,0.60196626
DMTN,0.60196024
MRPL24,0.60194534
KDM2A,0.6019255
NAE1,0.6019188
HAUS8,0.6019068
PLCD3,0.60188866
LSM10,0.6018572
KCNC4,0.60184956
INO80,0.60184574
ICAM2,0.60184145
MPC1,0.60183746
MAPRE1,0.6018338
CFD,0.6018217
HSD17B4,0.6018197
LAMA5,0.60179794
MCM4,0.6017759
LIMS1,0.60177064
IFIT5,0.60175776
MAPKAPK2,0.6017551
HERC6,0.6017247
MTF1,0.6017204
LRRFIP1,0.6017118
LNPEP,0.6017044
GAR1,0.6016837
INPP4B,0.60163915
LAMA2,0.60163134
LAP3,0.60161525
NOD1,0.6016036
LONRF1,0.6015871
HSPG2,0.60157126
FAIM,0.6015552
KCNIP4,0.60154444
INTS3,0.6015182
MRPL49,0.60149455
MTA2,0.6014505
MICU1,0.6014441
MICA,0.60141045
LGR4,0.601403
KIF2A,0.60138446
RASGRP2,0.60137314
GMNN,0.6013714
NSUN5,0.60135657
MFHAS1,0.601355
ERMAP,0.6013359
MAML3,0.6013186
ITGA3,0.6013061
MAPK12,0.60126984
FAH,0.6012696
INTS9,0.60125977
PANK4,0.60125303
HSPA8,0.6012245
HMGCR,0.60121614
GLRX,0.60120445
FGF11,0.6012029
INCENP,0.6011904
MAGI2,0.6011769
L3MBTL1,0.6011511
MRPS15,0.60114515
MAFK,0.6011431
HADHB,0.6011397
HNRNPF,0.6011117
LTBR,0.60110915
IL4R,0.60109943
INSR,0.601096
GPS1,0.60107857
GEMIN8,0.6010693
NUDT12,0.6010627
BDKRB1,0.601062
FKBPL,0.6010445
IPP,0.6010349
IRF5,0.60102266
KIFC3,0.6010226
GDF15,0.6010125
KANK1,0.60100543
LPCAT1,0.6010024
MRPL17,0.6009839
GOT1,0.60095
GPR153,0.60093457
KIF17,0.60092205
LRP3,0.6009217
FRZB,0.60091376
IL6R,0.60090464
HOOK2,0.60088885
HUWE1,0.60087043
HSPB11,0.60084623
MALSU1,0.60084623
MLXIP,0.6008369
HLA-DOA,0.6007935
KLHL5,0.60078895
KANSL1,0.60076517
IFT172,0.6007619
HELZ2,0.60075986
ING1,0.6007567
CMPK2,0.6007564
NEU3,0.60073733
GRPEL1,0.6007265
PLIN2,0.6007257
IL17RC,0.6007077
HOXB2,0.60069513
BEST1,0.60068136
MARK4,0.6006738
LSM7,0.6006705
MFSD2A,0.6006637
LEO1,0.60065526
LGMN,0.60063934
LAMB1,0.6006229
JMJD1C,0.6006051
HBS1L,0.6005996
CLDN1,0.6005881
FKBP15,0.60058266
RETSAT,0.6005647
KAT5,0.60053176
KIF3C,0.6005259
FIG4,0.600516
GALC,0.60051465
GTF2H3,0.60049665
IREB2,0.60049534
MAPK7,0.6004903
HES1,0.6004859
GLRX5,0.60047233
GNPTAB,0.60046613
MCAT,0.6004583
DENND2D,0.6004371
EDEM3,0.6004344
IP6K2,0.6004196
FBXL12,0.6004137
LRFN1,0.60039705
MRPL38,0.60039186
BGN,0.60037637
KCNAB2,0.60036224
LGALS9,0.6003603
ICMT,0.6003581
CPT1B,0.6003572
KPNA3,0.60034245
MRPL46,0.60033643
MAMLD1,0.6003273
GRPEL2,0.6002846
ITCH,0.60028225
HDAC7,0.60024977
HDAC3,0.60023785
ITGAL,0.60022813
BHLHE41,0.60022366
NDUFB5,0.60021824
MAPKAPK5,0.60020125
MAPK9,0.6001957
MRPS23,0.6001896
KCNIP2,0.6001819
LCLAT1,0.6001727
ITPA,0.60017115
FZD8,0.6001705
NOC4L,0.60015434
HSD17B12,0.600151
LPL,0.6001466
GNA14,0.60014564
LIMK1,0.6000723
LMAN2,0.60003775
NAPB,0.5999742
GUSB,0.59996945
KDM4A,0.5999637
EMB,0.5999514
PARP2,0.59994256
IGF2R,0.5999301
KIF11,0.5998907
LATS2,0.59987247
MUS81,0.5998477
MGAT4A,0.5998469
FHOD1,0.59984326
JDP2,0.5998428
LPIN1,0.59983075
JMJD4,0.59980196
KDM2B,0.59978837
LARS2,0.59975207
MRPL13,0.59972817
LIN54,0.5997085
PEX3,0.5997028
KHDRBS3,0.59968674
KDM4B,0.59967846
NEIL1,0.5996485
KPTN,0.59964114
MAP3K11,0.5996313
EFNA4,0.599621
LMAN1,0.599615
MRPL16,0.59961253
MCM2,0.5996075
LRRC41,0.5996033
HMGCL,0.599597
HLA-DMA,0.5995771
GALNT14,0.59955907
LARP4B,0.5995496
PPP2R5B,0.5995322
LEPROT,0.59951663
KPNA1,0.5995157
LDB1,0.5994961
MAP1B,0.599493
ETV3,0.59947985
MKRN1,0.5994738
HCCS,0.5994396
GRAP,0.59943897
NAGK,0.5994363
LYAR,0.5994137
KRT7,0.59937584
JMY,0.5993674
GPR132,0.59931976
GK,0.59931266
HMOX2,0.5992886
SYCE2,0.5992834
MED29,0.59927076
INPP5B,0.59926957
FTSJ3,0.59926736
LIG3,0.5992436
ITGB5,0.5992359
HSPB1,0.59922844
BLNK,0.5992282
INTU,0.59919816
MCMBP,0.5991964
FUT1,0.59918636
MED19,0.5991785
MAVS,0.59917223
MXD1,0.5991633
FBXL7,0.59915096
EHD4,0.59914905
GORASP2,0.59914756
INO80E,0.5991467
LAPTM5,0.59913456
MTX1,0.5991207
LGALS8,0.5991155
JARID2,0.59910804
CCR10,0.59910315
KCMF1,0.59910274
GPD1L,0.5990738
MBD4,0.59906965
SYP,0.59904355
MARK2,0.5990399
KIF2C,0.59901166
ME2,0.5989921
LRIG1,0.5989889
HNRNPM,0.5989887
PCOLCE,0.59898394
PI4KB,0.5989621
MOB1A,0.5989483
MAPK8IP3,0.5989317
SLA2,0.5989231
FUCA1,0.59889174
ITSN2,0.59887177
NOTCH4,0.59885645
MPDU1,0.5988405
ITPR3,0.5988326
CTBS,0.5988182
MYLIP,0.59880954
KPNB1,0.59880936
HSD17B1,0.59875995
KDELR1,0.59875464
MPDZ,0.5987248
RAPGEF5,0.5986662
GSTZ1,0.59865665
NME6,0.5986431
KIF1B,0.5986334
NADK2,0.5986317
NDC80,0.5985995
IL15,0.59857273
NBR1,0.5985608
ERN1,0.5985191
HDAC9,0.59850216
NDUFB10,0.5984998
PTGIR,0.5984936
MBP,0.59848565
LDHB,0.5984376
HCFC1,0.5984303
HCAR2,0.59842336
LSM14B,0.5984058
GALE,0.5984024
IPMK,0.5983952
MTMR3,0.5983949
INPPL1,0.59836155
GOLM1,0.5983587
NFATC1,0.5983579
MMS19,0.5983322
NPC1,0.5983152
LLGL2,0.5983122
MRPS6,0.5982765
MBD2,0.59826106
MYLK,0.59826094
GSTM3,0.59824455
IL11RA,0.5981915
IFNLR1,0.5981868
ELMO3,0.5981659
LMTK2,0.5981616
IRAK1,0.59813756
KRT80,0.5981372
HSPA4,0.5981133
MATR3,0.5981007
KIF20A,0.5980757
ORC6,0.5980738
KRT18,0.59806085
KCNJ14,0.5980494
NEDD8,0.5980361
MED23,0.5980126
FJX1,0.5979961
KIF20B,0.5979644
PRICKLE3,0.59796125
LMO4,0.5979242
MAP3K7,0.5979082
HOXA1,0.59789425
HPS1,0.5978886
HPDL,0.5978605
IFT27,0.5978539
HVCN1,0.5978284
MFSD12,0.59781206
IRF2,0.5978086
RARB,0.59780806
HEBP1,0.5978075
PGM2,0.5977999
RAP1GAP,0.5977907
MFF,0.5977566
MADD,0.59774923
MYL12B,0.59773517
USP43,0.59771496
MAEA,0.5977135
LPGAT1,0.59770894
MOV10,0.5976955
INPP5D,0.5976651
MAP2K6,0.5976545
FAM8A1,0.5976353
HNMT,0.5976241
LUC7L3,0.5976194
MGAT4B,0.5976135
CYP2D6,0.59760374
ITGB4,0.59759355
ISG20L2,0.5975867
KRBOX4,0.5975779
KATNAL1,0.5975697
HOXA3,0.5975622
MTMR9,0.5975607
MGLL,0.5975529
NAA20,0.5975008
GIMAP4,0.59748524
PRNP,0.59747404
MEF2D,0.59744555
MAN2B1,0.5974117
HSPA9,0.59739304
MED24,0.59738827
KLHDC3,0.5973591
KIDINS220,0.597356
ERCC6L,0.5973422
MPP5,0.5973286
MEF2A,0.5973253
MCTS1,0.59731096
MCF2L,0.59728914
IL18BP,0.5972838
MTMR2,0.597283
MAOA,0.5972774
KMT2E,0.59727585
RAB3IL1,0.59726727
LRWD1,0.59726053
LEPR,0.5972548
LDB2,0.5972521
LINGO1,0.59724176
HSBP1,0.5972384
MBNL1,0.5972232
METTL7A,0.59720564
PNPLA6,0.59719723
MGRN1,0.59717894
POLB,0.59715647
MTA3,0.5971535
COL17A1,0.59713054
MAP3K4,0.5971303
MCM10,0.5971084
MCCC1,0.59710675
FNDC5,0.59708863
NDUFV1,0.5970863
KIF26B,0.5970571
KPNA6,0.59704375
MRC2,0.597037
NLGN3,0.59701586
GAS8,0.5970111
MCEE,0.59698963
MAP2K5,0.5969773
GKAP1,0.59696347
MSRB2,0.59694374
MAF1,0.59689415
MAP1LC3B,0.59688276
NEMF,0.5968801
LMNB2,0.5968698
GGPS1,0.5968396
MTM1,0.5968191
ITPK1,0.5968173
HOXB6,0.596816
ELMO2,0.596803
RALB,0.5967742
NCAPG2,0.5967689
LRP12,0.596766
MKNK1,0.59674543
MAGED2,0.5967281
HECTD2,0.59672207
SH2D2A,0.5967202
LIF,0.59671485
LGALS3BP,0.59671
MAP4K5,0.5967067
NDUFS2,0.5967037
MEIS2,0.59670025
EDNRA,0.5966748
MAT2B,0.59667194
NCOA6,0.5966686
NDUFS6,0.59665775
NFX1,0.5966566
NDST1,0.59662205
GTF2B,0.59661514
REV1,0.59659106
RIT1,0.5965905
RRAGB,0.59657806
MMP17,0.5965765
KDELR2,0.5965114
F2RL1,0.59642273
IL7,0.5964175
MYL5,0.59641254
MTMR4,0.5964017
GPR180,0.59640026
IRF2BP2,0.5963987
NAB1,0.5963577
LUC7L,0.59635526
IPO13,0.596349
NAT10,0.59634316
LSG1,0.5963011
MMAB,0.5962973
MTMR14,0.5962919
MKLN1,0.5962867
KIF7,0.5962614
NOL3,0.59620774
KIF26A,0.5961934
FBXO32,0.5961688
MTMR10,0.5961542
MAP4K3,0.59614766
MED6,0.596138
MAPK14,0.59612805
NELFE,0.5961195
MBD6,0.5961001
KHNYN,0.5960948
KDM8,0.59609014
LAMC1,0.59608966
OAS1,0.59607095
MED27,0.596068
ITGBL1,0.5960485
MGAT5,0.5960481
LAMP1,0.59603924
LAS1L,0.5960377
KLHL25,0.5960083
KLHL20,0.5960007
LBR,0.5959955
MAN2A1,0.59598416
KIF1C,0.5959798
LAMTOR4,0.5959618
NT5C3B,0.595961
SEC11C,0.5959141
GHDC,0.5959047
MAPKAP1,0.5958827
STX1A,0.5958568
MECOM,0.5958353
ENTPD6,0.59580183
NMT1,0.59579957
KPNA4,0.59577656
NUDT19,0.59576505
LRP5,0.5957603
KCNG1,0.5957387
MYO9A,0.5956621
MANBA,0.59565574
INTS2,0.5956503
MRPS18A,0.595633
NR2F6,0.59561515
MPHOSPH6,0.59558475
LOXL1,0.5955726
KIF3A,0.5955628
MFN2,0.59555924
LIN52,0.5955539
IFI16,0.5955287
NUP88,0.59551555
ZNF184,0.5955031
HRH1,0.59550184
LAMA4,0.5954956
IFI35,0.5954828
MCC,0.5954719
KIAA2013,0.5954271
KALRN,0.5954168
KDM5B,0.5954088
NPM3,0.5954007
GPC1,0.5953907
NSMAF,0.59538734
MRPS22,0.5953871
NR2F2,0.5953747
MRPL33,0.59537405
IPO4,0.59537256
GPX8,0.59536666
KATNA1,0.5953557
MT2A,0.595354
PPCS,0.59533757
MECR,0.5953284
MMP11,0.59532285
PGF,0.59532064
OSGEPL1,0.5953182
SMPD1,0.5953122
MBD5,0.59531057
PSMC1,0.5953076
ITGA1,0.5953039
HIGD1A,0.59530246
KMO,0.59529346
POLR3C,0.59529203
MACF1,0.5952871
IL21R,0.595282
MGA,0.5952629
MX1,0.59526205
PANK1,0.5952577
NASP,0.5952568
MED13,0.5952493
LZTFL1,0.59523064
NDUFA12,0.5952232
JAG1,0.59521854
LRRC40,0.59520286
NID1,0.5952012
MDH1,0.5951982
ITGB7,0.595195
MTUS1,0.5951802
IL20RB,0.5951772
LDLR,0.5951677
NINL,0.59514534
LONP1,0.5951405
PEX7,0.59513867
HEXIM1,0.59513515
GRIN2D,0.59512675
ITPKC,0.5951239
ZNF836,0.5951083
MAT2A,0.59508866
KIAA0513,0.5950852
MAN1A1,0.5950827
NTAN1,0.5950824
IGBP1,0.59506804
NDUFAB1,0.5950677
RP2,0.59506583
LAMC2,0.59505355
NBAS,0.5950409
NR1H3,0.59503454
MAP4K1,0.5950272
ME1,0.5950163
EFNA3,0.59501374
HIP1R,0.5949904
PLAA,0.5949891
RFK,0.5949806
JUNB,0.59495175
MEPCE,0.59494823
MPP6,0.5949465
INPP5K,0.59494185
MRPL54,0.5949028
NAA60,0.5948951
KXD1,0.59487385
MBTPS2,0.5948531
BTC,0.5948058
MAGED1,0.5948032
MSL3,0.5948016
MYSM1,0.59479696
MORF4L1,0.594761
MEMO1,0.5947605
LMF1,0.5947579
NRP1,0.59474593
MRPL3,0.59471464
MSX1,0.5946942
MINK1,0.5946939
LRCH1,0.59467584
MTHFD2,0.59461236
NSUN2,0.59460545
NOC3L,0.5945991
NOB1,0.5945491
MTA1,0.59453684
MYO1F,0.5945297
KPNA2,0.5945211
MKKS,0.5945211
PLK3,0.5944942
NDUFA4L2,0.594488
LMNB1,0.59448045
IVNS1ABP,0.5944728
PDP2,0.594454
METAP2,0.59443575
LEMD2,0.5944322
MIEF1,0.59441537
RFC4,0.5944102
NFKBIA,0.59439814
NEDD1,0.59438974
MPRIP,0.5943889
MAP4K4,0.59438443
KLHL21,0.59438014
NOSIP,0.59433454
LSP1,0.5943304
ZFP82,0.59432083
KLHDC2,0.5943161
LRP8,0.5943116
LILRB3,0.5943021
HUS1,0.59427446
NUCB1,0.5942742
LPCAT4,0.5942529
HELB,0.59423965
MRPS24,0.5942231
SAP30,0.59420335
NDUFAF2,0.5941964
MRPL20,0.5941839
PIGS,0.5941822
ITGA2B,0.59418046
MPHOSPH10,0.5941626
SHF,0.59413254
MOB2,0.59412694
NAP1L4,0.5941057
NCOA1,0.594096
KIF18B,0.5940832
IRF2BPL,0.59406924
LCP2,0.5940528
NFS1,0.5940208
LGI4,0.59399843
MOCS3,0.59398633
OSTM1,0.59395784
KIF13A,0.5939532
NFKBIB,0.5939518
F5,0.5939473
MAN1A2,0.59393555
PPOX,0.5939304
HSPB8,0.59390485
LONP2,0.5939016
KCNC3,0.59390074
GOLGA1,0.5938941
GRHL1,0.59388065
HDAC5,0.5938586
NFU1,0.593858
MBTD1,0.593852
NMRAL1,0.5938494
PLXND1,0.5938424
HARS2,0.5938336
NCKAP1,0.59381986
MRPS5,0.59379864
NME7,0.5937942
MAP2,0.5937896
NSUN4,0.5937805
RBAK,0.5937787
OXNAD1,0.5937668
LIMD1,0.59375036
MYBL2,0.5937428
LRIG2,0.5937334
LIN7B,0.59369314
MBOAT1,0.5936366
MCM7,0.59363514
PAK1IP1,0.593614
MRPL19,0.5935949
NFIX,0.5935849
NUAK1,0.59357214
MTR,0.5935628
IRF8,0.5934892
MRPL48,0.59347534
PHF1,0.59343785
DHX58,0.59343076
HK3,0.59342784
PLEKHG4,0.5934276
PHACTR1,0.59342504
MID1,0.59341735
CD69,0.5934123
ZNF793,0.5934039
MRPL22,0.5933982
RIN2,0.59339666
PARN,0.59336996
OCRL,0.5933611
ITGAM,0.59335923
IMPDH2,0.5933422
RGS2,0.5933414
MKNK2,0.5933409
MAPRE3,0.5933236
NCALD,0.5933141
NEK9,0.59331197
LTBP4,0.593309
PHKG2,0.5933016
MTMR12,0.59329647
IL10RA,0.5932819
PPT2,0.5932677
IER3,0.5932587
NAA50,0.5932485
LRRC8E,0.59324306
NSMCE2,0.5932296
KBTBD8,0.5932263
NMT2,0.5932109
OXTR,0.5932088
KCNJ2,0.5932049
GNA15,0.59319603
HLA-DRB5,0.5931936
MELK,0.5931604
C12orf66,0.5931532
KHDRBS1,0.59313935
MCU,0.5931296
MEX3C,0.5931231
TMEM67,0.5931117
MBOAT2,0.59308714
METTL3,0.59308356
NAA25,0.5930784
MTIF3,0.5930773
C15orf48,0.5930741
PARP4,0.5930584
NDUFS8,0.59305614
MOSPD2,0.5930449
SMARCD3,0.5930409
KDM1B,0.59303075
MTHFD1,0.59302914
PLCG2,0.5930267
NUBP2,0.5930002
MAGOH,0.592997
MYO6,0.59299076
KLHL11,0.59298563
NDRG3,0.59296244
LRRC8D,0.592962
PPP2R3C,0.5929579
PELP1,0.5929157
HERC3,0.59289354
NIT2,0.5928881
MYBBP1A,0.5928867
MYH10,0.5928725
NCL,0.59283996
NGLY1,0.5928328
FKBP2,0.5928218
NOL6,0.5927941
PFKM,0.5927864
PTPRU,0.59277654
PCCA,0.59276325
NDUFAF3,0.5927627
MRPL37,0.59275824
PDCD6,0.5927495
IGFBP4,0.5927345
MCM5,0.5927108
MON1B,0.5927022
MRPS27,0.59270155
MRPL55,0.5927012
NPC2,0.5926857
NDUFB1,0.59268314
MAP2K3,0.5926443
NUFIP2,0.59264416
NUP107,0.59264
MARS2,0.59256905
SCNN1D,0.5925653
MTHFS,0.59255624
MTX2,0.5925432
MDN1,0.59252626
MYL6B,0.59250075
MRPL28,0.59249353
OAZ2,0.5924808
RAB32,0.5924808
LOXL2,0.59247786
LYPD6,0.5924677
PLOD3,0.592399
PIGU,0.5923978
PRKRIP1,0.5923978
NOM1,0.59238905
NBEAL2,0.59233284
INMT,0.5923231
LTBP1,0.5923088
LSR,0.59228605
NFYB,0.5922765
NDUFA4,0.59227586
MTHFD1L,0.5922734
PDLIM5,0.59226835
IFNGR1,0.5922613
NCOA7,0.5922536
HDAC11,0.59225047
C1orf162,0.5922488
NNT,0.5922313
NCAPG,0.5922243
FST,0.5920941
RAD50,0.5920794
ISYNA1,0.5920248
NFYC,0.5919915
NECAB3,0.59197503
HCFC2,0.59196025
IRF2BP1,0.5919594
ORC3,0.5919548
F2R,0.59194154
MED8,0.59193724
IRS2,0.59192604
NEK7,0.5919213
NGDN,0.5919125
PRPS1,0.5918909
IRF9,0.59186816
ITM2B,0.59186566
LRP10,0.59182423
MED25,0.59181416
GPX3,0.59179634
MTDH,0.5917708
MZF1,0.59176886
C3,0.5917454
MEGF8,0.5917428
MGST1,0.5917199
MFGE8,0.59170467
MYOF,0.59169394
GALNT12,0.59168965
OPTN,0.59166396
MZT1,0.591644
ORC1,0.5916405
MZT2A,0.5916342
ISCA2,0.59161294
LRP6,0.59161204
MYO10,0.5915945
MED17,0.5915922
C5,0.5915774
F13A1,0.5915739
POLR2B,0.59153634
NIPBL,0.5915191
METTL4,0.5915121
MMS22L,0.59150803
OGT,0.59150434
NMI,0.5915007
SCRIB,0.59149253
NEO1,0.5914708
NHS,0.591459
PIP5K1C,0.59145564
LEMD3,0.5914127
ZNF383,0.5913976
MED15,0.591364
NMB,0.5913571
MRI1,0.5913307
PHB2,0.59133047
MAP1S,0.59132236
IL16,0.5913172
CGRRF1,0.59131694
GSDMD,0.5913142
POLR1B,0.5913127
NDC1,0.59130913
PRKD2,0.59126455
PARS2,0.5912483
RBBP9,0.59122074
LCMT2,0.59121925
ING4,0.59121054
MRPL47,0.591207
MBOAT7,0.591174
PARD6B,0.59114176
NFATC2IP,0.59112525
MAD2L1,0.59110844
PLCD1,0.5911008
MNAT1,0.5910911
SGSH,0.5910846
PARD3B,0.5910821
MARK3,0.5910694
GNG11,0.5910625
LYRM4,0.591037
NPAS2,0.59103054
PCCB,0.5910219
LTBP3,0.59100544
MSH3,0.59097284
MAD2L2,0.5909719
MIA3,0.59097147
ZNF600,0.59096134
PSMF1,0.5909482
MED16,0.590925
NUP54,0.5909189
LRP1,0.59091735
CLIC2,0.5909084
RAB38,0.5908568
MED22,0.5908526
MCPH1,0.5908482
NUF2,0.5908365
HFE,0.5908244
NET1,0.5908209
NUDT5,0.59081715
LAMB3,0.59080786
PMPCB,0.5907896
NR6A1,0.5907775
KRTCAP2,0.5907645
RAB4B,0.5907644
NMRK1,0.59074706
MAP4K2,0.59071183
MLX,0.5906851
KCNAB1,0.59068483
PDE3B,0.5906796
MED26,0.59067935
KCNS3,0.59067875
PDLIM7,0.59066886
NUDT9,0.5906672
NCAPD2,0.5906613
N6AMT1,0.5906607
DENND2A,0.59065306
FZD4,0.59063315
PAQR8,0.59062594
IFI44,0.590599
MRPS18B,0.59059376
MMACHC,0.590585
NDUFAF6,0.59058094
MIEN1,0.5905767
MSL2,0.5905671
POLH,0.5905586
ODF2,0.59053314
PPM1F,0.59051245
POLK,0.59050333
NCAPH2,0.5905011
MAU2,0.5904913
MPG,0.5904847
EAF2,0.59045553
IMP4,0.59043616
HOXB7,0.5904314
NSFL1C,0.5904128
MRPL2,0.5904053
RAB14,0.5903698
NFATC3,0.59033936
MRPL18,0.5902997
CACNA2D2,0.59029293
OSBP,0.59027964
NSMCE4A,0.59027386
MYL6,0.5902204
CACNA2D4,0.5902067
PLK2,0.59020245
PHF5A,0.59019905
KIF18A,0.5901939
LAMTOR5,0.5901834
NLE1,0.5901789
ODC1,0.5901726
GATM,0.5901709
KIF4A,0.59014434
MCRS1,0.5901406
JMJD6,0.5901284
NOP14,0.59012485
OSBP2,0.5900869
NR4A1,0.5900854
ZNF140,0.59007955
PAIP2,0.5900736
MOGS,0.5900499
MEIS1,0.5900411
PARK7,0.59003824
NEDD9,0.59003204
PLOD1,0.5900317
MTFMT,0.5900172
POLR3G,0.5900135
MICU2,0.58997643
SLC35A2,0.5899578
OSTC,0.5899437
PVR,0.58994335
MIS18A,0.58990955
NOL9,0.5898977
OTUD3,0.58988696
NRIP1,0.5898787
RPGR,0.58985966
MASTL,0.5898539
KLHL22,0.58984816
ORC5,0.58982223
KDM3B,0.58982116
NDEL1,0.5898166
MRPS34,0.5898069
NPLOC4,0.58979964
TBC1D25,0.5897692
LSM4,0.589725
MOB1B,0.589724
RNASEL,0.5897158
RGS14,0.5896964
NCEH1,0.5896808
PEX5,0.589667
PIGK,0.58965296
SHC2,0.5896441
PHC1,0.58964115
NACC1,0.5896282
KMT2B,0.58962816
MINPP1,0.58960986
MAFG,0.5896093
MORC2,0.5896065
NAGLU,0.5895972
MRPL35,0.58957005
POP1,0.5895621
MLF1,0.5895545
NPNT,0.58955413
MAST2,0.58955085
OS9,0.58949554
MIF,0.58949435
MDK,0.58949184
KRT19,0.58949053
PHKA2,0.5894763
MED20,0.5894651
NAA40,0.58945936
CALCRL,0.58942896
PRDX3,0.5894258
NUP93,0.589416
MXRA8,0.5894124
OIP5,0.5894037
IL15RA,0.58936703
NEIL3,0.58934563
MIS18BP1,0.5893135
PELI2,0.58930445
MSL1,0.5892659
MBD3,0.589264
KLHL3,0.58923596
GTF2H4,0.5892347
PLCB3,0.5892318
PCYT2,0.5892317
KLHL12,0.58922714
LIN7C,0.58921874
MFAP2,0.58921856
MYO7A,0.58921117
RAD51C,0.5891968
MTMR1,0.58919454
MAPK6,0.58918166
MCM3,0.5891627
PCID2,0.5891553
NUDT3,0.5891438
PPP1R13L,0.5891386
NDUFV2,0.58912164
PINK1,0.5890719
PCGF3,0.5890576
NDRG2,0.5890515
PMP22,0.58904916
NDUFA10,0.5890483
NR1D2,0.5890459
NT5C,0.5890425
MRPS28,0.5890231
MLEC,0.589021
NDUFB9,0.5890206
NDUFA11,0.5890177
PAICS,0.589008
SMNDC1,0.58898073
MAD2L1BP,0.58896035
MCCC2,0.58896023
NUBPL,0.5889488
NFATC4,0.5889371
LIN7A,0.58891207
PPP1R9B,0.58890903
PSMD9,0.588901
MRFAP1,0.58889884
CSF2RB,0.58888096
RNF139,0.58886224
PABPC1L,0.58886224
PPP2R2A,0.5888605
MRPS11,0.5888234
CAMK1,0.58882254
PPIF,0.5888225
PRPF39,0.58880377
PDE7A,0.5888011
GPATCH1,0.58880055
PCK2,0.5887939
GSTA4,0.5887869
MLST8,0.58876663
LIMS2,0.58875
PPIP5K2,0.5887473
NAA38,0.58874315
NUDT21,0.5887047
ZNF101,0.588655
DTX3L,0.5886318
PPP1CB,0.5886168
INTS12,0.5886143
GPR160,0.5886111
MSH5,0.58860403
KDELR3,0.58854973
PREX1,0.58854026
NAA15,0.58853567
NR1D1,0.588522
MGAT2,0.5885206
PPP5C,0.5885195
REEP2,0.58851296
SLC25A20,0.5885079
PUS7,0.588507
MAK16,0.58849883
NFYA,0.58845884
PTPRS,0.58845615
MYCBP2,0.5884546
PARD6G,0.5884493
RAB13,0.5884478
PTPN7,0.588447
NUMB,0.5884423
PRKAG1,0.5884235
IVD,0.5884146
PPP1CC,0.5884078
NUDC,0.5884051
POLDIP3,0.58838606
RPL36A,0.58838165
MIB2,0.58831656
NR3C1,0.5883025
MRPS21,0.5882835
ITGA5,0.58826697
NEK6,0.5882571
KLC4,0.58825195
NDUFB4,0.5882417
LRRK2,0.5882361
IL10RB,0.58822
MON1A,0.5882035
PCBD2,0.5882004
NUP210,0.5881938
PERP,0.58815426
MIS12,0.58814985
RECK,0.58814925
NOMO1,0.5881417
PPARA,0.58812886
MSRB3,0.5881108
RASSF5,0.5881058
MGST3,0.5881041
KATNB1,0.5881032
MRPL39,0.58809084
RHPN1,0.5880884
IDH3G,0.58807296
MAPK3,0.58806086
PPP6R1,0.58804727
NOL12,0.58804315
HSF2,0.58804095
NCAPD3,0.58804095
RBBP5,0.5880387
F3,0.58802104
NLRP1,0.5879998
LPCAT3,0.5879895
NCK1,0.5879793
NOC2L,0.5879688
PPP1R16B,0.58796203
TOR1B,0.5879541
MRPL9,0.58791363
NEK1,0.58791155
PDCD4,0.58790755
LTN1,0.58789945
NLN,0.58789474
PPM1K,0.5878858
MYO9B,0.58787566
CRAT,0.58786523
MBD1,0.58786094
HPS4,0.58785325
MIB1,0.58784294
MPI,0.58781344
PDSS1,0.58780503
PRPF4B,0.5878022
RPS27L,0.58776295
MRPS30,0.5877345
NUMA1,0.5877312
MIER1,0.5877244
HOXB3,0.5877201
RFC5,0.5877175
RC3H1,0.58771014
RMI1,0.5877088
PAXIP1,0.5876719
MPHOSPH8,0.58765364
KRT17,0.58764434
NPRL3,0.5876275
NFE2L1,0.5876251
NOL8,0.5876087
UBL7,0.5875698
ORAI2,0.58755773
PCGF5,0.5875484
PARD3,0.5875405
HNRNPLL,0.58753127
OTUD5,0.58749765
NDUFA13,0.5874972
NUDCD3,0.58748
MRPL21,0.58746827
PTPN9,0.58745295
NR4A2,0.58743155
RIN3,0.58742774
PABPC4,0.58742344
MTIF2,0.58741695
MVD,0.5874063
NCBP2,0.58740234
NNMT,0.5873998
PITPNA,0.5873995
MRPS17,0.5873978
PTPN22,0.5873819
PNN,0.5873786
NCAPH,0.58736175
NDUFS4,0.58735585
ZSCAN32,0.5873482
OPLAH,0.58734316
QDPR,0.58733875
PITX1,0.58733124
NIPSNAP3A,0.5873312
MCM6,0.5873164
MRPL30,0.58731556
RRAGD,0.58730745
NOP9,0.5873026
TIMM21,0.5872892
NDUFA6,0.5872694
PUS1,0.58724415
NFKBIL1,0.5872304
PFKFB4,0.5872215
NUP50,0.5872194
MAGOHB,0.58721745
OAS2,0.5871916
PCYT1A,0.5871865
NOP58,0.5871843
NHEJ1,0.5871817
PLA2G4A,0.587176
ITGA6,0.5871586
NUB1,0.5871446
OXSR1,0.5871395
NUP188,0.58712006
LMAN2L,0.58711565
PALLD,0.5870493
POLR3B,0.5870456
ZNF764,0.5870396
NDE1,0.58702976
SYNE3,0.5870259
SIGIRR,0.58701336
MRPS2,0.58700997
MEAF6,0.58700573
PSMC3IP,0.5870057
PIK3C2B,0.5869865
FZD1,0.58696705
MRPS14,0.58692145
HOMER2,0.58689636
PFDN2,0.58688873
ITGAE,0.5868714
KAT2A,0.5868706
LLGL1,0.5868556
LIPE,0.5868505
NAP1L1,0.5867709
PARVA,0.5867511
MTF2,0.5867485
MRPL10,0.586747
PNO1,0.5867188
NUP160,0.5867135
LNX1,0.5866945
OXCT1,0.5866942
PRPF6,0.58669186
NAA16,0.586688
MED14,0.5866827
PRKAR2A,0.58667487
ORC2,0.5866592
PGP,0.5866224
MPP7,0.5866016
RENBP,0.58659774
PDXK,0.58659345
GLE1,0.58656067
NSUN6,0.5865461
TXNRD2,0.58654493
MED28,0.58654284
GNPDA2,0.5865237
MRPL41,0.5865035
MBTPS1,0.58646715
NDUFV3,0.5864042
SHCBP1,0.586397
PSME2,0.5863934
MOCS2,0.58636445
PIKFYVE,0.586358
PES1,0.5863365
PLA2G15,0.5863327
NPDC1,0.5863202
POLM,0.5863185
PNISR,0.5862986
CARD6,0.5862959
REEP5,0.5862831
DEPTOR,0.5862765
PARP9,0.58620846
CARD9,0.5862083
PDS5A,0.58619136
PAK4,0.5861844
INTS8,0.5861826
PPP6R2,0.58618176
NMD3,0.5861726
PCDHB5,0.58614963
PIGP,0.58614856
OPHN1,0.5861363
PARP14,0.58611804
NRF1,0.58611614
PDSS2,0.5861128
LATS1,0.586081
NT5C3A,0.5860783
PSME1,0.5860636
OSBPL1A,0.58605653
MYADM,0.58604157
NCOA2,0.58603454
OSBPL5,0.5860198
NINJ1,0.5860138
OBSCN,0.5859999
MRPS35,0.58599764
PDE10A,0.5859856
POLR2F,0.585966
MIDN,0.58594877
IFT80,0.5858798
ICAM3,0.5858752
NUP153,0.58585656
NOP56,0.5858348
TBX19,0.5858346
OGDH,0.5858302
POM121,0.5858031
NR4A3,0.58580226
MAPRE2,0.5857943
RABIF,0.58578396
PRICKLE2,0.58578265
PYGL,0.5857744
NLK,0.5857594
NDUFB8,0.5857438
MAPK8IP1,0.5857077
CASP1,0.5856825
PCSK7,0.58566856
MLYCD,0.5856361
RHNO1,0.58561695
RAB3GAP2,0.5856129
NDUFB6,0.58558804
PCYOX1L,0.58558565
NHP2,0.5855507
PAF1,0.5855398
MFAP1,0.5855302
IRF3,0.58551395
HENMT1,0.5855057
PDE3A,0.5855027
SCAI,0.58549297
MRPL1,0.5854921
PGM1,0.5854754
NANS,0.58543736
NONO,0.5854323
PSMG2,0.58542824
NPHP1,0.58542395
P4HA1,0.5853871
PFKFB3,0.5853762
MANF,0.5853703
MAN1B1,0.58536196
PC,0.5853511
PCDH1,0.5853398
PLCL2,0.5853168
THBS2,0.5852772
PEX13,0.58527
MRPL34,0.5852431
PPP1R12A,0.5852344
ME3,0.5852219
MYL12A,0.58517027
PFN1,0.5851682
NCLN,0.5851673
PDK3,0.58516026
PIAS3,0.585136
NHLRC3,0.5851331
RNF6,0.58510244
TIMM17B,0.58509725
NDUFA3,0.5850965
POLQ,0.5850731
NDUFA5,0.58505243
RNH1,0.58505124
PACS2,0.58504814
NMNAT2,0.58504575
RAB2A,0.58503616
PDE6D,0.58502305
PTGFRN,0.5850107
NOP16,0.58497643
PDE4D,0.58497375
RRAS,0.5849689
NRP2,0.5849555
PGS1,0.58493376
POMP,0.584867
PECR,0.5848316
NEDD4L,0.5848311
NADSYN1,0.5848184
LRSAM1,0.5848087
MMP15,0.5848002
MRTO4,0.5847971
GAS2L1,0.58479565
PRDX6,0.5847937
RAB11A,0.58478445
OXSM,0.5847786
KIF27,0.5847774
NTM,0.58477724
MATK,0.5847508
PDXDC1,0.5847409
PPP1R15B,0.5847365
NTN1,0.58470726
IK,0.5846868
METAP1,0.58466417
PPFIBP2,0.58465797
PHF20,0.5846534
NRBF2,0.5846445
PPP1R18,0.58463293
NUP133,0.5846078
RBPJ,0.58459824
NELFB,0.5845961
PDK1,0.5845937
PTCD1,0.58458215
PEX19,0.58454484
RPL17,0.5845357
NLRC4,0.58452916
PPIE,0.5845115
PPP1R13B,0.5845037
LIPA,0.5844733
OAZ1,0.5844635
POLE2,0.58445543
MCM9,0.5844471
PPP1R10,0.5844454
NKIRAS1,0.5844209
RBM19,0.5844177
MZT2B,0.58440185
NUS1,0.58436555
KIF5C,0.5843445
PDS5B,0.58432233
LPCAT2,0.5843213
KIF21B,0.5843202
MRPS9,0.5843126
PACSIN3,0.5842998
NVL,0.58429265
ULK3,0.5842886
IFIH1,0.5842792
TSEN54,0.58426416
NCBP1,0.5842526
NAPEPLD,0.58423454
RPL22L1,0.5841917
NKD1,0.5841902
RBCK1,0.5841688
PURA,0.5841384
PDIA3,0.5841202
NUDT16,0.5840967
LNX2,0.5840918
USP35,0.58407134
LYPLA2,0.58407044
PLK1,0.58405095
VARS2,0.5840431
PDE12,0.58403873
POFUT1,0.58400685
MRPS31,0.58400625
TRAPPC5,0.5840042
PSMB6,0.58395684
PABPN1,0.58394516
HSD11B2,0.5839369
IFT74,0.58393115
RAB3IP,0.5839257
NCF2,0.58392507
PFKP,0.583908
NUBP1,0.5838878
POLI,0.5838872
NABP1,0.58388305
MAP3K9,0.58387923
PAFAH1B3,0.5838647
NRCAM,0.5838448
RAB10,0.5838233
TMC8,0.58380854
NFIA,0.5838006
NARS2,0.58378106
S1PR4,0.5837575
MSRA,0.58372784
MOK,0.583724
MLKL,0.5837093
SPINT1,0.58370787
PRDX5,0.5837032
RUNX2,0.5836862
ISY1,0.5836679
RNPC3,0.58365655
SLC22A4,0.5836479
POU2F1,0.5836467
PTP4A3,0.5836445
MAML1,0.5836244
PSMG3,0.58361256
NAPG,0.58356494
OSGEP,0.5835518
POLR3D,0.5835213
SHB,0.58350646
OLA1,0.583489
ZNF461,0.58347774
RABEPK,0.58347565
POLR2L,0.5834692
PPP6R3,0.58346784
ORMDL3,0.5834675
MLH3,0.58346254
NR2C2,0.5834572
PKP3,0.5834563
PFN2,0.5834521
PCNT,0.58344686
NOL10,0.5834202
LAT2,0.5834137
PEX1,0.5833769
SATB2,0.5833588
NIPSNAP1,0.5833554
POLR2G,0.58334
JUND,0.58329207
PIP5K1A,0.5832694
POLE4,0.583266
PPA1,0.58325446
RNF31,0.58324414
PPL,0.5832158
PDE4B,0.5832127
POLA2,0.58320546
IL17RD,0.58319175
KIFAP3,0.5831855
PAK6,0.58318293
PDE8B,0.5831627
KCNMB4,0.5831586
PTN,0.58315694
SIRT1,0.5831503
CYP39A1,0.58314824
PATL1,0.5831422
MFN1,0.5831397
PPP1R12C,0.58312804
GPX7,0.58312756
RAB5C,0.5831099
SEPSECS,0.583108
RTF1,0.58308965
PLXNA2,0.58308953
PAPSS2,0.58308595
PAN3,0.5830811
CBX8,0.58303875
HOXA10,0.583027
PHLDA1,0.58300155
PLSCR1,0.5830004
RTCA,0.5829927
TAOK3,0.5829618
PRKCE,0.5829525
RPRD1B,0.58295214
NOL11,0.58295125
NID2,0.58294463
PAGR1,0.58293265
PBX2,0.5829118
PI4K2A,0.5828965
NDUFS1,0.5828944
RAD18,0.5828631
NES,0.5828519
PLEC,0.5828396
MAN2A2,0.5828333
TBC1D32,0.5828124
PPP1R11,0.5827941
PFDN5,0.5827851
WNT2B,0.5827777
PA2G4,0.5827764
SERPINF1,0.5827111
PIR,0.58269954
PGAM1,0.5826652
NSMCE1,0.58264744
MICAL2,0.5826452
PSMD11,0.5826376
PDHB,0.5826262
TRIM46,0.58258283
TREX1,0.5825824
PRKCA,0.5825572
PRR5L,0.5825421
ST3GAL6,0.5825283
TDRKH,0.58252823
NCSTN,0.5825163
PLB1,0.58250463
ZNF429,0.5825031
TTC37,0.5825025
NADK,0.5824927
PISD,0.58248997
PHF21A,0.5824872
RNF19B,0.5824788
NKIRAS2,0.5824539
NUP43,0.58238775
OTUB1,0.582381
PEMT,0.582359
PTK2,0.5823486
RER1,0.58234835
MOAP1,0.582286
NME4,0.58228016
NSDHL,0.5822482
RAB3D,0.5822365
MRPL45,0.5822085
PLXNA1,0.5821882
PDHA1,0.58216953
PUM2,0.5821531
PSME4,0.5821412
PPIL2,0.5821315
LMBRD1,0.5821134
NEU1,0.5821131
NRBP1,0.5820789
PACSIN2,0.5820418
PLXNA3,0.5820415
MED4,0.5820229
PHKB,0.582003
ORMDL1,0.5819849
NUP155,0.5819841
RBM39,0.5819652
TMEM115,0.5819644
NIF3L1,0.58196163
RRP7A,0.5819614
PRKD1,0.5819609
MRPL51,0.58195204
NDUFA8,0.58194983
PSMD1,0.58194894
MATN3,0.58192426
PIP4K2A,0.58190453
SMG1,0.5819019
MMADHC,0.5818764
SLC6A9,0.58184403
LSM2,0.58184224
SERPING1,0.58183575
RGP1,0.58182365
POLR3A,0.5818146
QPRT,0.58180344
PICK1,0.5817894
PDP1,0.58177793
PKD1,0.5817627
PEX6,0.58173627
SESN1,0.5817036
PIK3C3,0.5817028
NLGN2,0.58167326
PDE1A,0.581668
PRPF40A,0.5816441
RBM25,0.5816427
GEMIN2,0.58160067
STX12,0.581583
SELPLG,0.58156776
PNKD,0.58156055
UBA5,0.5815439
SP100,0.58153844
NUTF2,0.5815373
PANK2,0.5815218
LIG4,0.5815204
ZKSCAN3,0.58151084
NOLC1,0.5815061
PTPN12,0.58150464
PIGL,0.5814936
STXBP2,0.5814817
LRP4,0.5814754
MDC1,0.58145875
RBM15B,0.5814545
ZNF354A,0.58144516
INIP,0.5814445
PTPMT1,0.58138716
POLR2A,0.58138597
SEC24D,0.5813856
PPP2CA,0.58136576
RACGAP1,0.5813604
PPP1R14B,0.58135545
PKN3,0.58131695
MAP2K7,0.58131194
MFAP3,0.5812986
PKM,0.581284
PTMA,0.5812688
RBM22,0.5812485
SHMT2,0.58123267
RAD51D,0.5812099
RAI1,0.5811863
PXN,0.58118033
PPIB,0.5811416
NUP37,0.5811342
PPIL1,0.58109415
PPFIA1,0.5810893
RAP1GDS1,0.58108747
PBX3,0.58108443
ZNF251,0.58107847
NPTN,0.5810332
MYH14,0.5810192
RHOG,0.5810139
ZNF552,0.5810039
TMEM63A,0.58099025
PGM2L1,0.5809754
PHF8,0.580967
PRKCH,0.5809641
DBP,0.58095765
MID1IP1,0.5809503
RASAL2,0.5809468
PLD1,0.58093643
PAFAH1B1,0.58093375
RIF1,0.58092564
NUP205,0.58092344
IKBKE,0.58090615
KCNJ15,0.58089614
MGAT3,0.58084637
PDIA4,0.5808118
SEC62,0.5808113
PKP4,0.5807836
HAVCR2,0.5807826
MYBL1,0.58077455
PLEKHM2,0.5807463
PRPF8,0.5807324
PSMC5,0.5807312
NANP,0.5807204
MYO5B,0.5807195
RAD23A,0.5807118
PCBP4,0.58071136
PPP2R5A,0.5807053
MCM8,0.58069056
SAP30BP,0.580627
SLCO3A1,0.5806219
PDE4A,0.58061
IKZF4,0.5805995
ZNF555,0.5805946
RAB3GAP1,0.5805662
PIK3R6,0.580539
RNF152,0.5805302
NAGPA,0.58050257
SLC25A22,0.58049214
TRNAU1AP,0.580482
LAMTOR3,0.5804754
PIPOX,0.58043325
POLA1,0.58040124
PLEKHA2,0.58035356
SPRTN,0.58031994
TOP2B,0.58029544
PHF2,0.5802725
PKP2,0.5802683
MOCOS,0.58026546
RPF1,0.5802644
SLIT3,0.58025944
POLL,0.58025914
PDE7B,0.5802388
TXK,0.58023465
TRMU,0.5802216
PIK3AP1,0.58019155
PASK,0.5801697
MRPS10,0.5801676
NPL,0.5801149
HARBI1,0.580108
NTPCR,0.5800993
RPP38,0.5800989
SRF,0.580096
RHOT2,0.58008933
PLCL1,0.58008707
LMOD1,0.5800847
SSBP1,0.5800724
PNPLA2,0.5800467
NAMPT,0.5800363
MRGBP,0.58003616
PRDX1,0.5800282
TIFA,0.5800191
PUM1,0.58001906
RPS6KB1,0.5800165
PGD,0.5800043
RAB11B,0.5799634
SPARC,0.57996136
REXO2,0.5799524
NECAP2,0.57993484
PPP1R3B,0.57992566
OPN3,0.579923
PSMD2,0.5799174
RHOBTB1,0.57991254
TRIB3,0.57991034
TDRD3,0.5799022
PSMB4,0.57988316
PLA2R1,0.5798691
SYT11,0.5798538
PSMB3,0.579839
PYCR1,0.5798377
TNFRSF10D,0.57983553
SPPL2A,0.57983446
NEK2,0.5797989
SEMA6B,0.5797826
PDCD6IP,0.5797814
RAD54B,0.57975364
PRKAG2,0.57974136
PPM1D,0.5797407
PEA15,0.57974064
SACM1L,0.57971835
RFXAP,0.5797111
PIK3R5,0.5796863
PSME3,0.57967967
LPAR2,0.5796642
FAM220A,0.57966036
SAV1,0.5796402
PKD2,0.57963866
SF3B4,0.5796103
SERPINE2,0.5796071
ZYG11B,0.5795692
SLC12A9,0.5795676
RNF20,0.579563
PIK3R4,0.57955974
VAMP3,0.57954746
RBFOX2,0.57954377
NCK2,0.5795314
NOP2,0.5795297
PPP2R5E,0.57950115
MRPL11,0.5794574
TOMM40,0.57945216
PAWR,0.5794422
PTDSS2,0.5794376
GPR68,0.57943094
ST8SIA1,0.57942027
TGM2,0.5794138
RAB20,0.57939386
PRR12,0.5793804
PAG1,0.57937694
PRCP,0.5793731
MRPS16,0.57936215
NFKBIZ,0.5793589
SKA1,0.57934797
PRPF19,0.5793434
RAB27A,0.57932776
SCLT1,0.57932484
PBK,0.5793226
SENP2,0.5792932
MRPL40,0.579274
SH3RF1,0.5792615
RPL13,0.5792374
SRP72,0.5792064
STK36,0.57920206
PTPRO,0.57918906
PTPN1,0.5791791
PLEKHA8,0.57917315
SLC9A3R1,0.57916814
RGS19,0.57913303
PLCB4,0.57908183
NR1H2,0.57903576
SIAH2,0.57900065
RBL2,0.5789988
PTBP2,0.5789884
HMOX1,0.5789874
RERE,0.5789845
RCC2,0.5789827
PPP3CA,0.5789404
ZNF614,0.5789396
PRKRA,0.5789069
PPARGC1B,0.5789019
RAPGEF4,0.5788768
POLR2I,0.5788671
HS3ST1,0.5788523
PSMA4,0.5788399
RELA,0.57883775
CCR1,0.57883334
PDCD7,0.5788321
PHB,0.57883066
PAAF1,0.57881165
PPP4R2,0.5788057
PALMD,0.5787678
SLC25A28,0.57876456
SEC22A,0.57876176
PHLPP1,0.5787615
PRKAR1B,0.57874405
PDLIM1,0.57874125
SNTA1,0.57873577
SCYL1,0.5787325
SEMA7A,0.5787312
RRP15,0.57871443
PAPOLA,0.5787116
SUN2,0.57871145
RTN4IP1,0.57870877
RALBP1,0.57870734
SERPINB6,0.57868004
RAD52,0.5786787
PSAP,0.5786697
PSMB7,0.57866406
NUP62,0.5786629
ZNF335,0.578661
KBTBD7,0.57865924
PIH1D1,0.57864475
REEP4,0.578643
PARP12,0.5786413
SNX18,0.5786388
RCCD1,0.57863325
GLS2,0.5785977
POLRMT,0.57859653
PIK3C2A,0.5785901
PPP1R7,0.57855487
PIK3CD,0.57853276
POMGNT1,0.5785199
JAM2,0.57851917
TUBGCP6,0.57850987
UBE3D,0.57850844
PUF60,0.57850415
PTDSS1,0.5784948
PNRC2,0.578484
LY86,0.57846946
RRP1B,0.578462
PDPR,0.5784578
PHC3,0.57844543
NAA10,0.5784411
SLC25A25,0.5784341
PLRG1,0.5784336
ZNF286A,0.5784298
RPL18A,0.5784283
PAIP1,0.57842016
NEIL2,0.5784059
SCNM1,0.5784036
PARVB,0.5783966
PMEPA1,0.57839614
RASA3,0.57839227
POLD2,0.578381
PNPT1,0.57835907
SNRNP48,0.5783451
SAMM50,0.5783442
RRM2B,0.57833105
PTRH2,0.5783163
PKN1,0.5783107
PLEKHG3,0.57829887
PANK3,0.57827246
PYGO1,0.57827026
PRPF3,0.5782638
RAB1A,0.57825863
PHLDA3,0.57824934
MUC3A,0.57823396
MIF4GD,0.5782278
PREB,0.57822734
ZNF2,0.57822335
IRAK3,0.5782158
RBM14,0.5782062
PPM1A,0.5781892
RDX,0.5781817
PPP2R1A,0.5781671
RPAP3,0.57816416
NFASC,0.57812065
ZNF460,0.5781151
RANBP3,0.5781044
PLXNB2,0.5781029
ROCK2,0.5780831
SNRPB2,0.5780813
TLR7,0.57807827
RAVER1,0.5780726
HSPA13,0.5780524
LMF2,0.578049
TUBD1,0.5780396
RPS7,0.57803476
PILRA,0.5780201
RPL13A,0.5780194
RGS1,0.57801676
RNF217,0.5780133
CCT6B,0.5780118
TMEM132A,0.5780082
PDE8A,0.57799244
P2RY11,0.5779541
PRKCI,0.5779495
NCKAP1L,0.57794803
TRUB1,0.5779253
ZNF217,0.5779208
PRPS2,0.57791764
SART3,0.57790667
HSD17B7,0.5779066
RPRD1A,0.57789254
PMF1,0.5778884
PSMD8,0.5778768
RAN,0.5778759
SDAD1,0.5778684
PKN2,0.5778684
RBM34,0.57786363
CNGA1,0.57786137
PTPRJ,0.57785165
PIGW,0.5778454
PRDX2,0.5778359
PTBP1,0.57783383
RASSF1,0.5778321
SEC24B,0.5778303
PGRMC1,0.5778184
PDGFD,0.5777842
PTPN14,0.5777707
SLC12A8,0.577765
RELL2,0.5777503
RUSC2,0.5777471
FAM20A,0.5777361
RABL2A,0.5777121
OTUD7B,0.5777082
RINL,0.5776912
SMARCC2,0.57766926
GRAP2,0.5776642
SEMA3A,0.57765865
TERF2,0.57765114
SDF2,0.57764804
PLEKHA7,0.5776381
RAD54L,0.5776131
RAPH1,0.577567
PTPN23,0.5775514
POLR3GL,0.5775471
SCUBE2,0.57754654
RNF11,0.5775434
PEX14,0.5775338
NELFCD,0.5774834
RNF24,0.57747567
PQBP1,0.577475
MARVELD3,0.5774395
CD163,0.57737154
ST6GALNAC4,0.57736003
RPL26L1,0.5773598
ROBO1,0.5773523
PEX2,0.5773117
SMC3,0.5772939
PRKDC,0.57728183
SGPL1,0.57727426
PSMD5,0.5772707
PLAGL1,0.5772657
PPP1CA,0.57726216
MRAS,0.5772451
MED7,0.5772385
PTMS,0.57723254
PPARD,0.5772313
SERBP1,0.5772075
IL2RA,0.57720387
SETD7,0.57720196
RBM42,0.5771998
RAB31,0.577199
PSMD12,0.5771867
SH3GLB2,0.57718337
PRMT5,0.57717055
MSMO1,0.5771481
NUSAP1,0.57713675
TCEA3,0.5771276
SLC7A6,0.57712406
RSU1,0.57712275
RUFY1,0.57712
RALGAPB,0.5771182
PPP2R1B,0.5771173
RALGPS2,0.5771104
CD2,0.5770968
RPS27,0.577069
UBE2D1,0.57703644
PNP,0.5770299
POLR2J3,0.57702583
SF3B2,0.57702124
FCGR2A,0.57700884
RPL27,0.57700634
LRR1,0.5769744
RPL7,0.5769718
TRIM35,0.57697004
PKP1,0.5769649
STAG3,0.57696015
HOXA5,0.5769585
RAB30,0.5769458
SMOX,0.57694083
SLBP,0.5769175
RAP2A,0.5769118
RBM7,0.57689124
RPL23,0.5768852
SORD,0.57687485
PTGES3,0.576874
HSPA1B,0.5768622
RORA,0.57684964
VGLL3,0.57684886
CD248,0.5768218
TOX4,0.5768211
STRIP2,0.57681686
TRPM2,0.5767706
MX2,0.5767647
RIC8B,0.5767309
PITRM1,0.5766807
PSMC2,0.5766728
TADA2A,0.5766711
SATB1,0.57666487
SENP3,0.576634
TP53BP1,0.57662773
RPS6KA1,0.5766168
SLC7A5,0.5765759
THOP1,0.5765732
PPP3CC,0.5765463
PTPRM,0.5765289
METTL21A,0.57652885
MR1,0.57650983
SPRED2,0.57650036
ZNF79,0.5764992
PLEKHG2,0.5764754
RHBDF1,0.57646865
RTN4R,0.5764674
RPL24,0.5764521
PHYKPL,0.57643855
SDC3,0.57642746
SEC61A2,0.57640386
SHMT1,0.5764002
RPGRIP1L,0.57637143
SCCPDH,0.5763642
PAIP2B,0.57636106
ZNF426,0.57635164
SHQ1,0.576347
PAM16,0.57633966
PJA2,0.5763256
RPL15,0.57632035
RND3,0.576301
PTK2B,0.57629794
WDR75,0.57629603
ZNF302,0.57627493
REV3L,0.5762629
SPATA5,0.5762412
RLIM,0.5762371
SOCS3,0.5762338
PDRG1,0.5762314
PSMB1,0.5762246
OPA1,0.57620764
CD34,0.5761795
LYPD3,0.5761762
RANBP1,0.57615405
POP7,0.5761194
TMEM70,0.57611495
SUMO3,0.57610464
PSMC6,0.5761004
CD36,0.57608765
INO80B,0.5760546
PLCG1,0.5760433
SDCCAG8,0.57604134
NR5A2,0.57604
RNF138,0.5760166
PPP2R5D,0.5760056
LMBR1L,0.57600325
CD38,0.5759958
SYNJ2,0.5759915
SREBF1,0.5759797
PDCD11,0.5759592
PSEN1,0.5759591
ZNF284,0.57595813
SEMA3C,0.5759465
SPRY1,0.575917
SUGP1,0.57591575
SNAPC2,0.57591003
PSMD7,0.5759076
PCGF2,0.5759068
CD4,0.5759039
PRPSAP1,0.5758985
SLC30A1,0.57588845
PSMA5,0.5758826
PWP1,0.5758801
RPE,0.5758785
TUBA4A,0.57584125
RPL7A,0.57581764
RPL27A,0.57581013
PPIG,0.5758068
PRR5,0.5758046
POGZ,0.5757741
NSA2,0.57575446
PCDH7,0.5757244
SRGAP2,0.57572395
PI4KA,0.57569087
RAB37,0.575688
PHF19,0.57566303
RPSA,0.5756521
PIGM,0.57564837
PRKCSH,0.57563317
TERF2IP,0.57561755
NPR1,0.5756171
IFT20,0.5756117
TRIM11,0.57561004
RHEB,0.575601
POLR1A,0.57560056
TRIT1,0.57558537
SORT1,0.57557154
MST1R,0.5755682
SLC2A1,0.5755626
RPAP2,0.5755551
PEX11B,0.57552665
ZNF253,0.5754922
STK25,0.57547593
SNX5,0.57546616
ZNF283,0.5754497
NFIL3,0.57542807
TNFRSF25,0.57542735
TADA2B,0.5753757
TBC1D15,0.57537156
POP5,0.5753595
ORMDL2,0.57535356
CD5,0.575352
SMARCA2,0.5753515
PTPRE,0.5753406
ZNF451,0.5753353
RGMB,0.5753118
NELFA,0.5752962
PTPRA,0.57529074
SIN3B,0.57529014
PPP2R5C,0.5752801
UCK2,0.575278
PLXNB1,0.57525784
PSMB8,0.575254
RGS5,0.57524127
RAB4A,0.5752376
TFAM,0.57522243
ZNF221,0.57521105
RPL7L1,0.57520115
RPS6KA2,0.5751994
PDHX,0.57518095
PRPF38A,0.5751758
PGAP3,0.5751324
PSTK,0.5751059
RABGAP1,0.57510275
SRP68,0.575087
TAMM41,0.5750787
PTPN13,0.57507753
SRD5A1,0.57506776
RPL8,0.5750635
RPL36AL,0.5750558
PIGB,0.57505494
TRIP13,0.5750262
RRS1,0.57502145
PAN2,0.575007
STK40,0.5750048
SH3BP4,0.5749926
SAFB,0.5749737
PDCL,0.5749659
RPAP1,0.5749596
PRPF40B,0.57495815
RAB21,0.5749459
PANX1,0.5749327
STRADA,0.5749131
ZNF200,0.5748675
REC8,0.57486403
KRT5,0.5748623
MAP3K6,0.574805
RNF34,0.57478195
PSMC3,0.5747755
RPS8,0.5747698
PHF11,0.5747573
MPP2,0.57475644
RNF2,0.57475597
PLP2,0.5747472
SETD2,0.5747464
TPD52L1,0.57474077
NR2C1,0.57472765
RGS12,0.57470447
TDP2,0.5746799
RNF144A,0.57467824
PTPN4,0.57467574
MFSD10,0.57464814
SNX6,0.57462627
SFI1,0.5746092
PPRC1,0.57460916
RNF216,0.57460076
RPL11,0.57457197
KREMEN1,0.574537
RPL35A,0.57453096
SERP1,0.5745297
RNF8,0.5745114
PSMB10,0.5745109
PTCD3,0.5744942
ZFPM2,0.57449365
NFRKB,0.5744784
GCSH,0.57444894
RBBP4,0.57444125
PIP4K2C,0.5744361
RPS4X,0.57442415
LEF1,0.5744047
PSMD3,0.5743655
RASSF6,0.57435715
STXBP4,0.5743476
LRG1,0.57434434
MUL1,0.5743375
SPRY4,0.57432604
SLC19A1,0.574317
RAB1B,0.5743149
MTO1,0.5743097
TBC1D10B,0.5743012
SLC25A24,0.57427394
SRRM1,0.5742672
PNKP,0.57424057
RYK,0.5742362
TIPRL,0.5742327
RPS20,0.5742172
TBC1D13,0.5742118
PFKL,0.57420754
SORL1,0.5742037
SIVA1,0.5741885
PARP3,0.5741794
SEC24C,0.57417625
RNF185,0.5741758
SPAG16,0.5741602
PIGO,0.574153
ZNF124,0.57415247
MED9,0.5741432
ST3GAL3,0.57414275
SPTAN1,0.57414174
NIP7,0.5741369
SREBF2,0.57408583
SEC31A,0.5740772
STAU1,0.57407135
ZNF430,0.5740618
TACC3,0.5740594
SCFD2,0.57404757
THUMPD1,0.57403433
PRMT3,0.5740308
PBDC1,0.57401395
RPS6,0.5740136
RUFY3,0.57401145
UPP1,0.5739993
RPS16,0.57399553
RPL3,0.57397807
SREK1,0.57397336
TTK,0.5739602
PDGFC,0.57395774
NPHP4,0.5739362
PCDHB15,0.57392186
MICALL1,0.5739064
RRAGA,0.5739013
SNAPC3,0.5739011
MTMR6,0.57389104
TBC1D8B,0.57388365
CD96,0.57387644
PTTG1,0.5738681
SENP1,0.57386404
TIMM23,0.57386154
RNF181,0.57385755
RPA1,0.57384413
SDSL,0.5738306
NDUFAF5,0.5738189
PRKAA1,0.57381827
PLAT,0.57380813
SCARA3,0.5738008
SMG6,0.5737839
POLR3F,0.57377857
THOC5,0.5737757
PSMA7,0.57376915
SUV39H2,0.5737678
RAI2,0.5737648
RAD9A,0.57373804
SPAG9,0.5737285
RPS26,0.57372093
PELI1,0.57371897
SEC16A,0.57371247
RCOR2,0.5736874
RGS10,0.5736837
FRS3,0.57367504
STK38L,0.57365733
TICRR,0.5736464
TMED5,0.5736398
S100PBP,0.5736332
TTL,0.5736291
RABGGTB,0.5736262
ZNF620,0.57361096
TAF1,0.5735879
SNRPG,0.5735847
RBX1,0.573583
UNC45A,0.57356805
ZNF623,0.57355624
RPL41,0.57355154
TSPAN33,0.57355005
PAPSS1,0.57353675
RAC2,0.5735361
TIAM1,0.5734991
PAQR5,0.5734851
RPS9,0.5734814
PCGF1,0.5734786
RPS23,0.5734658
RHPN2,0.57346505
ZNF567,0.57342327
PFDN6,0.5734108
RNGTT,0.5734064
RRN3,0.573356
SCO1,0.5733513
RAB5B,0.5733504
PNPLA4,0.5733336
TMEM11,0.57330585
F12,0.5733054
POLR3E,0.57329315
NXF1,0.57328475
PLD2,0.5732811
RPS29,0.57326806
STARD13,0.5732542
MRPL50,0.5732448
YTHDC1,0.57323176
NUDT16L1,0.5732306
ZNF211,0.57320863
RFX3,0.5732039
MRPL27,0.57319665
PRMT1,0.5731889
PLCE1,0.5731864
NAIF1,0.5731815
RPLP2,0.5731769
SMURF2,0.5731658
ZNF234,0.57316065
RPN2,0.57315177
TCP1,0.5731249
SYTL4,0.5731226
PHAX,0.57311803
RAD51AP1,0.5731166
SH2B1,0.5731144
UTP23,0.57310945
GMPR,0.57304317
MRPL53,0.5730419
SLC16A3,0.5730395
RCAN1,0.5730239
TACC1,0.5730222
SYNE1,0.5730164
ORC4,0.5729991
SNAPC1,0.5729891
PPP4C,0.572975
STK4,0.5729701
ZNF774,0.57296395
RAP1B,0.5729569
PYCR2,0.57294244
SAMD8,0.57293594
THRA,0.57292026
MRPS26,0.57291406
POLR2D,0.5728895
PIGA,0.5728827
TMOD1,0.5728768
ZBTB7B,0.5728752
SNTB2,0.5728724
MRPS12,0.5728646
OBSL1,0.57286304
ZNF589,0.5728627
SRGAP1,0.5728626
PCSK6,0.5728599
SNIP1,0.57284904
STAT4,0.5728484
IGFBP6,0.57282877
PPWD1,0.57282233
PREPL,0.5728189
RTN3,0.5728055
ZNF182,0.57279205
TBL3,0.5727833
RNF103,0.57276857
SF1,0.57276535
SMDT1,0.57275736
PRDX4,0.5727522
SDHAF1,0.5727338
RPL32,0.5727295
PFKFB2,0.57272506
TNKS1BP1,0.57271314
MERTK,0.5726916
TBPL1,0.5726913
ZNF333,0.57268655
TMEM187,0.5726837
PRKAB2,0.57266265
SCLY,0.5726624
RNF7,0.5726552
RPL23A,0.57262796
SEC61A1,0.5726246
RSL1D1,0.57261896
ZNFX1,0.5726168
SNRNP200,0.57260966
SASS6,0.572601
RPL19,0.5725498
MRPS36,0.57254976
PPP1R15A,0.5725405
RAB8A,0.5725157
RGS16,0.57250273
TAF8,0.57249784
SCP2,0.5724875
PPM1L,0.57243675
HSPA12B,0.57243305
RMDN3,0.5724278
SF3B3,0.5724235
SNAP47,0.5724145
SH3PXD2A,0.5724099
ZNF416,0.5723596
RNF41,0.57234854
TPCN2,0.572346
SGMS2,0.57233185
SMC4,0.57231396
METTL14,0.5723028
UFL1,0.57230014
SEC14L1,0.5723
PIGQ,0.5722915
RPL26,0.5722844
SLC44A2,0.57227397
RPL29,0.572266
PIGC,0.5722585
RAB9A,0.57224536
POLR2K,0.5722371
WDR48,0.57221705
SMUG1,0.57221246
PGAP1,0.5721971
ZNF224,0.5721954
RNF38,0.5721941
PRPSAP2,0.5721803
PKIA,0.57217807
RPRD2,0.5721545
RPS3,0.572133
SRPRB,0.57211185
SETD6,0.57210684
RPLP0,0.57210374
RPL37,0.57209474
RNF169,0.5720881
MTMR7,0.5720774
NIPA2,0.5720745
NAA35,0.57207125
TAZ,0.57205087
TAF9,0.5720442
RAB11FIP1,0.57203895
LRPAP1,0.57200956
TFDP1,0.57200927
SESN3,0.5720078
PSPC1,0.5720049
RPS5,0.57200325
TAF11,0.5719553
NAPA,0.57194525
SPTBN1,0.5719122
RABEP2,0.57188267
SIRT6,0.5718794
POMGNT2,0.5718587
SRSF9,0.5718571
RPS11,0.5718508
MPZ,0.57183826
SUPV3L1,0.5718313
SMC6,0.5717757
TRMT61B,0.5717591
UBAP1,0.57173705
SCD,0.57173556
TMED3,0.5717315
SNRPD1,0.57172614
SP3,0.5717177
LTB4R,0.5717062
TM2D1,0.5717055
PHKG1,0.5716911
TMC6,0.57169074
RPL34,0.5716855
TADA3,0.5716772
PRKAR2B,0.57167673
VPS8,0.5716738
UBA2,0.5716555
TRIM32,0.5716519
PMVK,0.57159835
SNRPC,0.5715846
NOL7,0.57157195
TGFBRAP1,0.5715537
UBAC2,0.5715341
WDR19,0.5715011
SSBP3,0.5714927
MRPL44,0.57149
TRAIP,0.5714866
SMYD3,0.57146436
VAMP4,0.5714346
PPM1B,0.57142794
VAMP1,0.5714126
SGK3,0.5714104
PRKACB,0.57140094
SMPD4,0.5713982
POLG2,0.5713873
TNS3,0.5713558
RSL24D1,0.57135516
ZNF670,0.5713417
RAB12,0.5713376
WASL,0.57131386
RCC1,0.5713116
SEC63,0.57129294
TBCEL,0.571292
SBF2,0.57128745
TSR1,0.5712859
RFX5,0.5712593
RPS18,0.5712476
RSF1,0.57124096
SSX2IP,0.5712388
PRPF4,0.57123834
SH3PXD2B,0.5712379
ZFYVE16,0.5712148
RAD1,0.57121027
WDR77,0.5711677
FPR3,0.5711458
ZFPM1,0.5711378
RTEL1,0.57112277
TOR4A,0.5711116
ZNF300,0.5711092
SBF1,0.57110417
PSMB9,0.5710865
ZNF112,0.571075
PHLPP2,0.571075
SCAP,0.5710584
TAF1C,0.5710582
TROAP,0.57104427
SSR3,0.5710407
RPS17,0.5710343
TLE3,0.57103086
VPS25,0.57102036
SGMS1,0.57100594
RFX7,0.5710029
SMCR8,0.571002
SEL1L,0.5710004
SPN,0.57099885
RAPGEF6,0.5709733
SLC1A1,0.5709483
RPS2,0.5709323
POLR3H,0.57090366
TPK1,0.5709034
ZNF664,0.5709017
TNFRSF12A,0.57089627
SURF6,0.5708958
ZNF84,0.570894
SMURF1,0.57088935
PSAT1,0.5708864
NEK8,0.57088304
PTPN2,0.5708579
SPHK2,0.57084745
WSB2,0.57082915
STAT1,0.570822
TRIP6,0.57081467
ZKSCAN4,0.5708083
TGIF1,0.5708051
YARS2,0.57079667
TRIM25,0.570777
TRAPPC9,0.5707757
RBM4,0.570761
ZNF7,0.5707601
SPNS1,0.5707498
TRRAP,0.57074887
SEC31B,0.57074803
TBC1D1,0.5707378
SPATA13,0.57073
RICTOR,0.5707224
TTF2,0.57071924
ZNF418,0.5707147
PIF1,0.5707105
RABL2B,0.5707015
RNF5,0.5706909
RPS27A,0.5706858
PER3,0.5706403
PSMD10,0.5706386
RPTOR,0.5706368
PRDM4,0.5706364
ZDHHC8,0.57063484
SCAMP2,0.5706099
TGFBR1,0.5705874
SCFD1,0.5705771
TMEM126B,0.57055783
STT3B,0.570545
VCPIP1,0.57054216
UQCRQ,0.57053405
SEPHS1,0.5705298
RGS17,0.5705229
SSBP2,0.57051724
RPS6KB2,0.5705087
TOM1,0.5705021
PIAS4,0.57049984
RPS15A,0.57049245
PSMA1,0.57048726
TAF4B,0.5704788
FAAH,0.5704701
PLEKHA3,0.57044536
PUS3,0.57040113
ZKSCAN1,0.57039505
RRP12,0.5703805
PLD3,0.5703735
OMA1,0.5703558
TNKS2,0.5703521
ZNF33B,0.57033896
SLC26A6,0.5703259
TP53RK,0.57031196
RNF123,0.5703097
SUPT16H,0.5703088
LRFN3,0.57030827
SNRPB,0.57029754
RAB25,0.5702856
S100A6,0.57027924
ZNF44,0.5702774
SH3BP2,0.5702438
SUGT1,0.5702399
ZNF320,0.5702231
ST8SIA4,0.57021457
ZNF433,0.57020456
POLD3,0.5701986
VPS54,0.57018083
PLOD2,0.5701802
MIEF2,0.5701797
TRPC4,0.5701533
SKIL,0.5701436
TRIM3,0.57014173
EGR3,0.5701317
RAB11FIP3,0.57013124
PPP1R8,0.5701196
RASA2,0.5701043
PTS,0.5700896
HSCB,0.5700726
SECTM1,0.57006603
RBMX,0.5700635
RB1CC1,0.57006246
PDXP,0.57005006
TAOK1,0.57004154
WDR83,0.5700257
WLS,0.5700128
KIT,0.5700085
RGL1,0.57000136
PGM3,0.5699972
ORAI3,0.56998867
SMARCC1,0.56998277
UNC5B,0.5699592
THOC6,0.56995624
PJA1,0.5699332
ZNF133,0.5699242
RPP30,0.56992114
S100A11,0.56991404
TBC1D5,0.5698706
TAPBP,0.56985706
PDPK1,0.56983066
XRN1,0.5698292
TAOK2,0.5698117
PRC1,0.5698116
TRMT11,0.5697706
SURF2,0.5697591
SPTSSA,0.5697588
SECISBP2,0.56975794
UROD,0.5697469
TRAPPC10,0.569744
SLC7A11,0.56972057
POU2F2,0.5696866
SLC39A1,0.5696775
PYGB,0.5696735
VAV3,0.5696572
RNF130,0.56965363
RNF40,0.5696499
TBCC,0.56961185
TRIP12,0.5695954
SCARB1,0.5695875
PYGO2,0.5695712
TPGS2,0.5695558
PIWIL4,0.56953424
SMARCAL1,0.56952924
WDR36,0.5695209
SMAD6,0.5695171
RPS13,0.5695118
SAP18,0.5695012
RNASEH2B,0.56949747
SMG5,0.569492
PDPN,0.56946653
TGIF2,0.5694353
TMEM107,0.5694187
SMAD7,0.5694146
RAPGEF1,0.5694078
PITPNM1,0.56939554
RHOBTB3,0.56939125
TRAK1,0.5693898
SNRPD2,0.5693809
RPS19,0.5693708
WDR43,0.56935626
UGP2,0.5693512
TIMELESS,0.5693501
RAB34,0.5693422
TBC1D23,0.5693367
RRP9,0.56932944
CDK3,0.5693224
ZNF626,0.5693047
SAR1B,0.56930244
TIMP3,0.5692983
SRPK2,0.5692756
STRN3,0.56926996
RBMX2,0.5692653
USP25,0.56926244
SZT2,0.569253
VPS41,0.5692514
SLC25A12,0.5692474
SSH2,0.5692436
SIK3,0.5692425
TNFRSF1A,0.5692145
RANGAP1,0.5692077
PIK3R3,0.5692016
REEP3,0.5691987
STXBP3,0.5691729
RALY,0.56916165
RAB40B,0.569161
ROR1,0.5691504
USP7,0.569149
RPA2,0.56914556
CDK5,0.5691354
SERGEF,0.56913173
OSMR,0.5691281
SLAIN2,0.56911457
NLRC5,0.5690902
ZNF641,0.5690878
TLN1,0.56906873
SRI,0.5690579
ZNF33A,0.5690302
TRIM6,0.56901485
SENP8,0.5690015
QSOX1,0.5689989
SGPP1,0.56899816
UAP1,0.5689557
SMYD4,0.56894684
RPS21,0.56892824
ST3GAL4,0.5689036
UBE3B,0.56889546
TRAPPC2L,0.568894
VKORC1L1,0.56886375
STARD3,0.5688341
RPL12,0.5688306
LAG3,0.5688265
UBR4,0.568811
PMPCA,0.5687923
UBA7,0.5687898
SNRNP70,0.56876326
SCMH1,0.56874436
SIKE1,0.5687402
SMAD1,0.568737
ZNF100,0.5687267
THADA,0.5687099
RPL6,0.5686931
TES,0.5686804
UBQLN2,0.56864005
TNFRSF10B,0.5686331
PURB,0.5686157
RNPS1,0.56861305
USP45,0.56860656
PGAM5,0.56859344
RYBP,0.5685928
PTPRF,0.5685561
SRM,0.56855536
RFFL,0.5685369
SH2B2,0.5685354
SARNP,0.5685311
SPIN1,0.56852674
SYTL2,0.5685232
RBBP7,0.56851536
UNC119B,0.56851435
PRMT7,0.5685075
TBC1D20,0.5684856
SRRM2,0.56848395
TPRN,0.5684579
RPS12,0.5684468
PLTP,0.5684441
SETDB1,0.56844026
MSX2,0.5684251
TNRC6A,0.56837994
YRDC,0.5683684
USO1,0.5683632
SLC18A2,0.5683551
PIGF,0.5683534
PPP3CB,0.5683161
FCGR3A,0.56830186
RPP25L,0.5682831
TYW3,0.5682788
USP49,0.5682719
PARVG,0.5682684
VMA21,0.56826544
TRAF3,0.5682288
TARS2,0.56821287
RIMKLB,0.5682085
RBM5,0.568206
PPAT,0.56820333
ZNF510,0.5681871
STAT5A,0.56817746
PGGT1B,0.56817144
PSMD4,0.5681669
NDUFA1,0.5681401
SUMF1,0.5681072
WDR41,0.56810594
SPTLC1,0.5681054
RCOR1,0.5681012
RNF114,0.568101
TULP4,0.5680718
HTRA2,0.5680686
RUSC1,0.56803215
TIAL1,0.5680015
RAB6A,0.5679861
STOM,0.5679779
REXO4,0.56797725
NME2,0.5679752
ZNF180,0.5679661
RFC1,0.5679592
TLE4,0.56793064
UIMC1,0.56791973
ZNF678,0.56790394
SLC15A4,0.5679037
RNF220,0.5679016
TFB1M,0.5678934
WDR3,0.56788737
TCTN3,0.5678711
RECQL,0.5678658
SOCS5,0.5678638
PSMB2,0.5678625
RAB8B,0.56784075
SMS,0.56783414
RNASET2,0.56781614
VCL,0.56779474
ST13,0.5677938
ZNF480,0.5677899
TFDP2,0.56777275
PGAP2,0.56777173
ZNF248,0.5677684
RARG,0.5677673
VPS18,0.56774604
RFC2,0.5677426
FOSL1,0.56774145
TK1,0.56773543
RXRA,0.5677218
SCAMP1,0.567714
STAM2,0.56771153
ZNF529,0.56768674
UBAC1,0.56768066
PHC2,0.5676608
TOR1A,0.5676592
TANK,0.5676555
SUN1,0.56764835
TNFRSF11B,0.5676437
RPL31,0.5676394
UQCC2,0.567636
USP15,0.5676335
UBE3A,0.5676285
TUBGCP2,0.56762165
RBM28,0.5675943
SKAP2,0.5675699
THOC1,0.5675677
UNK,0.56756186
SAE1,0.5675594
SMC5,0.5675529
SRCAP,0.56754017
UBE2T,0.56752706
SPPL3,0.56752527
SCAF1,0.5675237
USP20,0.5675088
TUFM,0.5674863
ZWILCH,0.5674847
SAFB2,0.5674805
SNRPA1,0.5674771
UGGT1,0.5674753
UBE2G2,0.5674679
TOR1AIP2,0.5674465
SLC25A13,0.56744564
NAGA,0.56743926
UQCC1,0.567431
TNFRSF10A,0.5674112
NDUFAF7,0.56741
SPG21,0.56740475
SPTLC2,0.5673913
SRSF5,0.5673852
WAC,0.567347
TXNL1,0.56733704
PPP2CB,0.56732553
POLE3,0.5673135
PRPF18,0.5673044
EFNB1,0.5672994
UNC119,0.5672975
LZTS3,0.5672966
PLK4,0.5672965
STEAP3,0.5672938
UCK1,0.56729037
ZNF638,0.56728363
TPCN1,0.5672824
SLC1A5,0.56728
SNX4,0.5672765
WDR6,0.56724685
ZNF254,0.5672401
TOPORS,0.5672399
NUFIP1,0.5672317
ITGA4,0.56720924
RPL21,0.5671996
NOTCH3,0.56719744
RCN1,0.567193
OPRL1,0.5671332
TNFAIP8,0.5671251
PLA2G12A,0.56708634
UBQLN1,0.5670487
STT3A,0.5670311
WWC1,0.5670301
RIOK1,0.5670017
ZNF32,0.56699777
RNF111,0.5669977
YBX3,0.5669923
CEACAM1,0.56697875
PIGG,0.5669774
RPL10A,0.56695783
SURF4,0.56694317
SEMA4F,0.56694245
RABGEF1,0.56692487
SHISA5,0.56691825
ZBTB8OS,0.5669152
TNRC6B,0.5669097
RPIA,0.56690854
UBE2E3,0.5669069
TOP3A,0.56687206
QTRT1,0.56686765
SKIV2L,0.5668627
RRP8,0.56685144
WDR59,0.56682307
SLC3A2,0.5668197
STX17,0.5668028
SNW1,0.5667885
RBBP8,0.566768
RBM8A,0.5667653
TYRO3,0.56676304
TBC1D14,0.56676084
TMOD3,0.56674933
YAF2,0.56674707
ZNF10,0.5667336
SLC39A7,0.56673235
STRIP1,0.5667231
RHBDD1,0.5667178
UBXN6,0.56671274
RAB18,0.5667084
SRR,0.5666973
WDR5,0.566678
TNKS,0.56666845
ZNF770,0.5666627
YIPF6,0.5666084
CEL,0.5666024
SOS2,0.56659925
RASGEF1A,0.56659067
REPS1,0.566582
PDCD10,0.5665812
SPDYA,0.5665689
SRSF4,0.5665411
PPP3R1,0.56653327
TUBGCP4,0.5665308
ZNF721,0.5665039
SDC1,0.5664944
SOD1,0.5664886
TXNRD1,0.5664695
XRCC4,0.56645656
ZDHHC7,0.5664535
TRIP11,0.56644356
TEAD1,0.5663922
LIPT1,0.56639075
SPIRE1,0.56637007
PRX,0.5663553
ZNF546,0.56634754
RPS15,0.56634367
SOAT1,0.5663406
SNRPA,0.5662763
RTN4,0.56627464
STX10,0.56625646
TOP2A,0.5662209
RBP1,0.5662196
ZNF107,0.5661997
SNAP29,0.56619096
VPS28,0.5661793
TPI1,0.5661553
TAF1D,0.5661323
TAB3,0.56613064
PIGT,0.5661299
NOP10,0.56612194
ZNF207,0.5660899
TALDO1,0.5660674
YEATS2,0.5660559
RHOT1,0.56605464
TMEM179B,0.56605285
PIGV,0.56604576
SLC11A2,0.56604475
STIM1,0.5660274
VAV2,0.56601757
TLE1,0.5660126
STX7,0.56600976
SHOC2,0.56599474
PTAFR,0.5659777
SH3D19,0.5659486
SDCBP,0.56594247
TRAPPC8,0.56593287
PEX26,0.56593007
RPL38,0.5659203
OCLN,0.5659099
RPL28,0.56590337
POFUT2,0.5659
WDR33,0.5658991
RRP1,0.56587595
USP6NL,0.5658753
RIN1,0.5658633
ZNF506,0.56582326
TRPC4AP,0.5658175
SLC25A26,0.56581587
SYNRG,0.56580067
TIPIN,0.565798
UBE4B,0.5657648
TBCB,0.5657585
VPS4A,0.5657537
TMED7,0.56575036
SESN2,0.5657283
RCOR3,0.5657232
ZNF530,0.5657136
TNPO3,0.56571114
UBA3,0.56570727
RBM17,0.56570333
RAB6B,0.56570137
TRIO,0.5657007
TCERG1,0.5656977
RAB33B,0.5656911
WBP1,0.5656853
SENP5,0.5656825
SPOP,0.565674
TOMM34,0.56566364
TEAD4,0.5656496
SLC1A3,0.5656232
SPIDR,0.56561327
WDR4,0.5655968
SNCA,0.56557775
PTGER4,0.56555223
SYF2,0.5655422
TRAPPC12,0.56554186
WWP1,0.56554043
STAMBP,0.5655373
THOC2,0.5655217
SNAP23,0.5654959
NME3,0.5654834
RPP40,0.56547153
ST3GAL2,0.56545776
THAP4,0.5654542
NAT1,0.56544924
ZNF431,0.5654449
TTI1,0.5653799
SERINC3,0.56537604
TBC1D24,0.565363
SRP9,0.5653562
SNRNP40,0.56534564
SKP1,0.5653443
SCNN1A,0.5653296
PTPN21,0.56532633
ZMAT2,0.56531554
TAF5,0.56530076
STK3,0.56529796
SIN3A,0.56526035
SLC30A6,0.56525296
SLC27A1,0.5652525
SARDH,0.5652457
NXT2,0.56524
ITGAX,0.5652321
UCHL5,0.565165
SRPK1,0.5651519
SEMA6A,0.56514865
UBAP2L,0.56514245
STUB1,0.5651424
WSB1,0.565132
WDR35,0.5651315
SLC25A5,0.5651248
USP3,0.5651005
TBK1,0.56509256
SEC11A,0.56508774
WHAMM,0.56508267
PSMB5,0.5650549
SLC35E3,0.56503886
SLC25A17,0.5650285
ZNF711,0.56502414
TTC12,0.56500876
TRIM44,0.5650053
SERINC5,0.56500036
ZNF586,0.5649706
SLC27A5,0.56496453
UQCR10,0.5649541
RNF125,0.5649502
PRMT6,0.56494176
TATDN2,0.56493914
TXNIP,0.56492347
OAS3,0.56492186
UBE3C,0.5649139
STK11IP,0.56491
XAB2,0.5648878
SF3A3,0.56486964
SPIRE2,0.56481785
TEAD3,0.5648101
WDR70,0.56479836
UBE2W,0.56477666
TMED1,0.5647668
ZNF354C,0.56476593
PDLIM2,0.56476116
MCMDC2,0.5647602
SUPT20H,0.5647387
RCL1,0.56472665
YWHAH,0.5647104
TRADD,0.564698
VASN,0.5646966
TSFM,0.56469333
SENP6,0.56467223
ZNRF2,0.5646714
PDZD11,0.56466514
KCNN3,0.5646603
ZNF136,0.5646574
ZNF808,0.56461746
UFM1,0.56461453
ZNF18,0.5646112
TSPAN14,0.5646043
SDC2,0.5645826
TRPS1,0.56456727
XPO4,0.5645621
PPP4R1,0.56455094
TPX2,0.5645493
PPCDC,0.56454843
ZNF445,0.56451565
STARD10,0.5645106
RPS3A,0.56450707
SLMAP,0.5645033
TIMMDC1,0.5645032
ZNF592,0.56447047
ZC3HC1,0.56446964
LXN,0.5644654
ZNF564,0.56443954
SEC61B,0.56443197
SP1,0.5644131
TRIP10,0.56440264
UPRT,0.56440157
TBC1D4,0.5643972
PEF1,0.5643927
PFAS,0.5643844
URM1,0.5643573
TUBB4B,0.56434786
SMCHD1,0.564316
SIL1,0.5643132
SNF8,0.56431055
SRSF11,0.564304
RGL2,0.5642966
TAF1B,0.5642932
RFX2,0.56429285
TFB2M,0.56428975
UBR1,0.564286
WIPF2,0.56426096
TAP1,0.5642567
ZNF235,0.56423956
PLS1,0.5642236
OASL,0.5642208
RAB11FIP4,0.56421834
SRP14,0.56419474
MTRF1L,0.5641729
UBE2R2,0.5641531
WNK1,0.5641427
PPIH,0.5641374
SH3GLB1,0.5641342
TNK2,0.56413394
TOP3B,0.56411403
ZNF621,0.5640888
U2AF2,0.5640862
PDCD5,0.56408244
TLN2,0.56406593
USP19,0.5640552
SEMA4G,0.56403625
TOMM40L,0.5639728
VPS52,0.56394655
ZC3H13,0.56394345
TMED4,0.563934
SFSWAP,0.56393373
TUBB2A,0.56391317
RAB11FIP5,0.56391054
SRSF1,0.5639027
UST,0.5638954
TMOD2,0.5638865
SETD1A,0.56387556
RPUSD4,0.56386435
TSEN2,0.5638624
UBQLN4,0.5638137
ZNHIT6,0.563799
VPS11,0.5637964
TFCP2,0.5637956
VAC14,0.5637692
WASF2,0.5637613
ZKSCAN7,0.5637608
SV2A,0.5637598
SKA2,0.5637461
SSR1,0.56374484
UCKL1,0.5637261
PODXL2,0.5637232
USP48,0.5637067
RBBP6,0.56369567
ZNF765,0.56368923
EGR2,0.5636885
RCHY1,0.563676
SMARCA5,0.5636389
SOS1,0.563625
SMAP1,0.56362146
TUBA1A,0.56361055
RCSD1,0.5636005
STRN4,0.56359726
STX6,0.56359285
RBM45,0.56358904
TKT,0.56358606
UPF3B,0.563575
PCSK5,0.56356597
ZNF516,0.5635588
MAPK13,0.56353277
U2AF1L4,0.5635146
TPST1,0.5635137
TRIM2,0.56347436
SPG11,0.56346077
TBC1D2,0.5634509
TRAF2,0.56343967
ZRANB1,0.5634061
TANC1,0.5634025
SF3A1,0.56338996
TMED2,0.5633344
SH3KBP1,0.56331676
TMEM216,0.5633078
WDFY3,0.56329125
RANBP9,0.5632802
TARDBP,0.5632745
TRIM28,0.5632189
TRPC6,0.56321234
SOCS6,0.56321067
MAFF,0.56320953
RAD23B,0.563178
SEH1L,0.56317675
SIRT3,0.5631246
ZDHHC9,0.56311727
PAFAH2,0.5631134
TYW1,0.56310797
RUVBL1,0.5630833
SMARCAD1,0.5630828
ST3GAL1,0.5630756
SRGN,0.5630737
SHROOM3,0.5630426
YIF1A,0.5630347
YY1AP1,0.5630279
PCDH18,0.5630176
TMSB4X,0.563008
POLR2H,0.5630017
SPDL1,0.56297755
UBXN7,0.5629765
SKAP1,0.5629572
SLC25A38,0.5629496
USP47,0.5629425
POLR2C,0.5629416
TUBA1B,0.5629307
USP9X,0.562926
PRKAB1,0.5629223
TUBG2,0.56291604
PCDHGA6,0.56289095
ZNF41,0.5628628
USP22,0.56281024
ZNF517,0.5627969
UPF1,0.5627825
SLC35B2,0.5627457
SRSF10,0.5627291
TRIM13,0.562721
SLAMF1,0.5626965
UNG,0.56263274
USP28,0.56259465
VPS26A,0.5625929
TEAD2,0.56258047
ZNF493,0.56257087
UBC,0.5625359
SPTLC3,0.5625344
SYMPK,0.562529
ZNF684,0.56252223
ZFC3H1,0.56251985
TOB1,0.56251466
TSNARE1,0.5625134
WNT5A,0.5625023
SWSAP1,0.5624951
WRNIP1,0.56248957
OAT,0.5624842
RSRC1,0.5624762
SLC2A3,0.56247336
SEC13,0.56244624
ZNF266,0.5624434
SNRPE,0.5624414
TRIM26,0.56241214
SNX3,0.56241137
UBA1,0.5623898
ZNF701,0.56238574
VIM,0.5623791
RAB2B,0.56237715
RELT,0.5623564
ZNF143,0.56233996
ZC3H15,0.5623375
USP32,0.5623067
UCP2,0.5622914
LDHD,0.5622882
SEMA3F,0.5622746
RIPK1,0.56226695
TMPO,0.56224906
SEMA4C,0.5622413
SWI5,0.56223357
PHF12,0.5622282
ZMYND8,0.5622259
TGFBI,0.5622171
ZFYVE26,0.5622122
SLC4A2,0.5621934
SQSTM1,0.5621865
SETX,0.56218624
SCD5,0.56217456
RIOK3,0.5621724
TGM1,0.56211317
PRRT2,0.56211287
ZNF680,0.5621077
XPO7,0.56210715
TTC7B,0.5620855
TRAF3IP1,0.5620571
SLK,0.5620227
SORBS1,0.5620151
TSN,0.56200653
NR2C2AP,0.56199276
TRAFD1,0.5619567
TUBB,0.56192875
STIM2,0.5619279
HOMER3,0.5618901
USP12,0.5618791
CETP,0.5618687
TRAF3IP2,0.56185037
TPRKB,0.5618499
RNF135,0.5618439
PDCL3,0.5618122
SHC1,0.56178415
POMT1,0.5617768
CFB,0.56177336
ITGA9,0.5617532
TRAP1,0.56175286
ZNF780A,0.5617448
TAX1BP1,0.56172174
STRAP,0.56169385
WDFY2,0.5616417
UBE2Z,0.561637
MTSS1,0.561622
GLIPR1,0.56160194
TAP2,0.5615736
TBCD,0.5615286
SPOPL,0.5615113
PLEKHG5,0.5615001
PSENEN,0.5614667
THEM4,0.56146294
VPS53,0.5614627
UGDH,0.56144816
SNRPD3,0.56144494
RANBP6,0.5614445
SPCS3,0.5614422
WDR46,0.5614421
ZNF274,0.56144005
RMND5A,0.56143916
RNF168,0.56143194
XYLB,0.56143004
ZNF440,0.56140983
QRSL1,0.5613873
SURF1,0.5613866
UBE2E1,0.56137174
ZNF562,0.5613565
UBE2V2,0.5613371
SPI1,0.5612664
SPSB3,0.56125873
MYLK4,0.56124085
PTGES2,0.5612329
SPSB1,0.56120735
UBE2S,0.56120354
SSH1,0.56120324
STIP1,0.561152
SUPT7L,0.56112653
ZMPSTE24,0.5610916
TIMM13,0.56105363
SCN1B,0.56105214
SUPT3H,0.5610034
ZNF385A,0.561001
NDUFA9,0.5609846
POLR1E,0.56097794
YBX1,0.5609568
WNT5B,0.5609257
UBE2C,0.56091815
ZCCHC4,0.56091255
SSR4,0.56086755
UVRAG,0.560844
TMBIM6,0.56084263
TAF2,0.5608398
PDE5A,0.56082994
UBXN1,0.56081045
ZNF783,0.56080043
UBA52,0.5607972
ZNF250,0.5607965
SUOX,0.56077725
RIC8A,0.56077266
RWDD3,0.5607153
RXRB,0.56070346
SNX17,0.56066793
VPS37A,0.56066746
SSU72,0.56065804
TST,0.5606207
UBE2F,0.5605914
RAP1A,0.56056756
SIK2,0.56056195
NAA30,0.5605617
UBE2G1,0.5605614
ZNF587,0.56054676
RASSF8,0.5605448
VGLL4,0.560533
TRIM23,0.5605311
UBE2L6,0.5605169
PTPRN2,0.56050515
TRMT6,0.5604946
ZFAND6,0.5604937
TRIM37,0.5604758
ZNF766,0.5604688
TRPC1,0.56046134
TRA2A,0.56045747
TPT1,0.5604359
TRMT10C,0.56042963
UBA6,0.5604139
SEC24A,0.5604086
PIP5KL1,0.56040454
TMEM30A,0.5603971
TESK1,0.5603818
SPSB2,0.5603764
XRCC2,0.5603686
RANBP10,0.56036544
RRP36,0.5603643
UBE2M,0.5603499
RUVBL2,0.5603254
TRA2B,0.5603171
SLC7A7,0.560313
TCTN1,0.5602841
STK24,0.5602818
ZNF415,0.5602351
SLC9A3R2,0.5602188
WDHD1,0.5602175
TEP1,0.5602084
TSC22D3,0.56019264
TUBB6,0.56018394
TM6SF1,0.5601829
SPRY2,0.5601168
RPS6KA4,0.5601098
ZNF71,0.5600762
SMU1,0.56005853
TRPM7,0.56003946
RALGAPA2,0.56003225
TRAPPC6B,0.5600233
RABGGTA,0.56001455
SERPINH1,0.5599852
VPS37C,0.5599838
TAB1,0.55996436
PLCD4,0.5599484
RAB5A,0.559946
SLC9A1,0.5599436
PREX2,0.5599351
ZNF709,0.5599158
ZFP36L1,0.55991155
YWHAG,0.55989724
VTI1B,0.5598951
ZNF337,0.5598904
STK35,0.5598606
RRAGC,0.55983216
ZCCHC7,0.55981094
WBP2,0.5598087
SPR,0.5598026
SRSF6,0.5597947
SRA1,0.559793
FBP1,0.5597926
RFC3,0.55976146
SARM1,0.55976135
ZNF462,0.5597571
SEC23A,0.559757
SPICE1,0.55973935
TELO2,0.55973494
TIMP2,0.5597181
SMG7,0.5597168
U2SURP,0.559716
TEX264,0.55970806
RHOB,0.559701
SAT2,0.55966604
RTCB,0.5596347
STK38,0.55962485
USP33,0.5596035
TIA1,0.5595777
TAF7,0.5595742
LYZ,0.55956143
SPTBN2,0.55952775
USP37,0.55952096
ZNF496,0.5595191
TTC21B,0.5595113
TOMM7,0.55945385
XPR1,0.5594511
NPHP3,0.5594273
TTYH3,0.55940866
RGCC,0.55940545
XRN2,0.55939746
SPAG5,0.5593479
TXN,0.5593354
UBE2Q2,0.55926627
SLC25A3,0.55925983
SUMO1,0.55924606
YIPF2,0.55920947
ST6GAL1,0.5592092
SUCLG1,0.5592091
TAF3,0.5591763
TMEM97,0.5591084
RASGRF2,0.55909395
USP34,0.55908996
SULF1,0.55906856
STAT2,0.5590505
SHPRH,0.5589872
TUBGCP5,0.5589545
TP73,0.55895346
SNX8,0.5589514
RARS2,0.5589406
SUPT5H,0.5589184
TCIRG1,0.55891246
PLXNC1,0.55890673
SSBP4,0.5588994
ZNF714,0.55888873
UHRF2,0.5588854
ZMIZ1,0.5588358
WBP11,0.55882984
ZNF710,0.5588115
XPOT,0.55878747
PRKX,0.5587435
REXO1,0.558731
SLC27A2,0.55870795
UBE2E2,0.5586997
TPMT,0.55867165
ZNF326,0.5586514
XRCC5,0.5586494
ZNF519,0.5586462
MPND,0.5586049
WDR18,0.5585884
TIMM17A,0.5585668
RHOQ,0.5585284
SRRT,0.5585227
SKA3,0.55849475
ZNF83,0.55843437
TBL1X,0.55836457
TPM1,0.5583481
USP14,0.55831766
MRM1,0.5582963
TNFRSF1B,0.55829585
YKT6,0.55823356
ZNF160,0.5582311
SIPA1,0.5582288
ZNF394,0.5582167
TM2D2,0.5581984
TTF1,0.5581717
PPIL4,0.5581371
TMED10,0.5580915
WDR62,0.5580665
SYNGR2,0.55802494
ZRANB3,0.55801874
UHMK1,0.55789596
ZFYVE27,0.5578763
TP53INP1,0.55786675
PDK4,0.557814
ZNF814,0.5577846
USP42,0.5577258
ZNF131,0.557725
TIMM8A,0.5576876
VDAC2,0.55759853
SLC22A17,0.55757004
STARD3NL,0.55755883
ZFP1,0.5575545
TERF1,0.55754954
STON2,0.55753547
SLC35B1,0.5574615
KHK,0.5574508
ZNF700,0.55734205
UBN1,0.55733657
UGCG,0.55733484
SRSF7,0.55732507
TRIM39,0.55728585
PSEN2,0.55727696
TAF6,0.55726147
TUBA1C,0.5572418
ZNF622,0.5572011
RHOU,0.55718696
ZNF823,0.5571429
SUPT6H,0.5571399
WWP2,0.5571034
ZNF708,0.55707026
UQCRC1,0.557018
TFAP4,0.5570068
TRUB2,0.55697453
MOCS1,0.5569592
UBE2K,0.5568966
UROS,0.55688745
CHRD,0.55688405
CHRNA10,0.5567876
UBE2D3,0.55678594
ZNF304,0.5567707
TADA1,0.55675924
WDR11,0.55675757
SQLE,0.55673414
ZNF841,0.5565781
ULK1,0.5565773
SAT1,0.55654657
XPO6,0.5565377
YME1L1,0.55653083
TRIM22,0.5565178
STX16,0.5565101
XYLT2,0.5564512
PI4K2B,0.55640733
TAF4,0.55639577
UBE2H,0.5563829
TXN2,0.5563691
UTRN,0.556319
SSH3,0.55629086
WBP4,0.55625856
TICAM1,0.5562565
VCP,0.55624247
YWHAZ,0.55623204
TCF7,0.556223
TDP1,0.55621994
VPS4B,0.5561922
YWHAQ,0.5561461
TNIP2,0.55614513
ZNF791,0.5561249
RNF25,0.5560923
UQCRC2,0.5560784
SORBS3,0.55607724
VRK3,0.55606663
CHST7,0.5560159
YTHDF1,0.55600667
TRERF1,0.55597377
SHARPIN,0.55595213
TPD52,0.5559089
TARBP2,0.5558939
ZNF81,0.5558904
WDR61,0.5558904
UBXN2A,0.55588347
GPNMB,0.5558827
NLRX1,0.5558333
SEMA5A,0.5558182
SPARCL1,0.55576766
SART1,0.55573267
SNX2,0.5557157
ZNF649,0.5557016
SEMA5B,0.55569637
UTP18,0.5556737
TONSL,0.5556581
SNX13,0.55564964
SPAST,0.55558956
ZKSCAN5,0.55558604
TRIM69,0.5554948
TUBGCP3,0.55542856
PEX10,0.55537903
YAP1,0.5553557
TTLL12,0.555339
TCTN2,0.5553341
TRIOBP,0.55529726
SYNGR1,0.55528885
YY1,0.55528337
UBE2A,0.5552532
WIPI2,0.555202
VPS33A,0.5551766
XPO5,0.55516535
TAF5L,0.55512726
ULK2,0.55508775
ROCK1,0.5550585
UQCRH,0.55505645
SLC35A1,0.55504835
TOMM20,0.5550405
ZFR,0.55502987
THY1,0.55500937
WDR45,0.55497575
TRIM62,0.5549741
RBPMS2,0.5549506
SNAPC5,0.5548094
TNXB,0.55473596
TNIK,0.5547355
NPRL2,0.5547308
UBE2D4,0.55472314
ZNF45,0.5547059
ZNF548,0.5546845
CISH,0.5546626
SUMF2,0.5546226
VDAC1,0.55462056
TIAM2,0.55461246
TRPV2,0.5545797
WASF1,0.55452895
SMARCA1,0.5545276
TRIP4,0.55451185
UTP6,0.5545098
SPAG7,0.55449647
TMED9,0.55449635
TJP1,0.5544907
TRAPPC6A,0.55446935
TNPO1,0.55446684
PRKCD,0.55444765
ZNF212,0.5543643
ZWINT,0.55436355
TRIM56,0.5543441
UNC13D,0.55428636
TTBK2,0.55427396
TINF2,0.55425614
TP53I3,0.5541585
UBTF,0.5541523
TRAF4,0.5541394
USP1,0.55412436
SIAH1,0.554104
USF2,0.5540976
POMK,0.55397207
VMP1,0.5539668
SF3B5,0.5539587
UNC13B,0.5539474
SYDE2,0.5539456
STARD4,0.5539259
UFC1,0.5539187
STX18,0.55390555
FZD2,0.5539012
PRPF31,0.55388117
MAPK11,0.5538737
ZNF3,0.5538137
TWF2,0.5538019
YWHAB,0.55370796
TMEM258,0.5536975
PHKA1,0.5536536
TRMT1,0.5535402
UBIAD1,0.55353093
ZW10,0.55350286
POGLUT1,0.5535007
SOX4,0.5534446
TAF9B,0.55344087
UPF3A,0.553426
STC2,0.5534213
TRAM1,0.5533754
SYNCRIP,0.5533354
ZMAT3,0.55333
SEC22C,0.5533205
UBE2I,0.5533191
SOCS7,0.5532708
ZNF227,0.5532639
ZNF398,0.5532633
SPCS2,0.5532591
SLC44A1,0.5532267
ZNF691,0.55311286
CLDN11,0.55311126
RTKN,0.5530884
WDR82,0.55307573
TRIM21,0.5530754
USP4,0.55306196
UBXN4,0.55303156
XBP1,0.5530081
WDR55,0.5530055
TCF7L1,0.5529771
ING2,0.552968
TJP2,0.5529676
RNMT,0.5529128
ZFP14,0.5529071
UXS1,0.5528898
ZNF443,0.5528859
CLDN23,0.55281985
SNX33,0.5527955
USP39,0.5527559
TDRD7,0.5527528
PELI3,0.5527184
ZNF282,0.5527091
VAPB,0.5526981
TNPO2,0.55268425
RIOK2,0.55267644
VPS51,0.55265844
SPRED1,0.5526365
YES1,0.55259454
RAP2C,0.55258906
SH2B3,0.5525781
CLEC2B,0.5525283
PDK2,0.552523
ZER1,0.55251926
PRICKLE1,0.55249375
TXLNA,0.5524904
TSPYL2,0.5524079
TAF1A,0.55237967
ZNF354B,0.55237126
ZNF544,0.55236006
ZNF776,0.55234504
PYCARD,0.55233485
ZNF57,0.55232346
PPID,0.5522799
REPS2,0.5522758
WDR91,0.5522477
VPS36,0.5522427
USP10,0.55224067
CLEC7A,0.55223656
TBXAS1,0.55219907
STOML2,0.55218035
USP5,0.55214655
ZDHHC17,0.55210245
RCAN3,0.55197877
SUPT4H1,0.551918
UTP3,0.55190635
SMYD5,0.55188936
ZNF92,0.5518851
SEMA4A,0.5518719
VCPKMT,0.5518507
CLIC3,0.55184734
TM7SF2,0.55184454
WDR37,0.551841
YEATS4,0.5518012
TEK,0.5517608
UCHL1,0.55175865
SSB,0.5516974
VAPA,0.55168796
ZNF43,0.551671
SRP19,0.5516296
TBC1D17,0.55162287
TECPR1,0.55150586
ENPP2,0.5514593
WDR81,0.5514163
RASGRP3,0.551409
UBL4A,0.5513538
ZNF778,0.5513313
ZNF593,0.5512697
TSPAN5,0.55122125
NTN4,0.5512206
ZNF91,0.5511146
STX4,0.5510838
TECR,0.55107486
ZMYND11,0.5510689
VASP,0.55106425
UBE2J1,0.55101216
SWAP70,0.55097675
TRIM14,0.5509348
RASSF2,0.55090076
STK39,0.55088973
ZNF74,0.5508126
YIPF5,0.55078936
SEPHS2,0.5507781
ZNF195,0.5507139
HSPB2,0.5506796
NDUFAF1,0.55064243
ZNF550,0.5506258
TEX10,0.55059934
ZKSCAN8,0.5505913
SMAD9,0.5505688
TSNAX,0.5505496
RAB24,0.55050635
TTC27,0.55049694
RNASEH1,0.5504244
GBP1,0.55041915
VAMP8,0.5504167
TP53BP2,0.5504125
PPP1R3D,0.5503897
ZMIZ2,0.5503616
THAP7,0.5503225
PTH1R,0.5503015
ZYX,0.5502138
VAMP2,0.5501338
TCEA2,0.5501292
TGS1,0.55012524
ZP3,0.5500733
PPFIA3,0.550066
TBX2,0.55002606
NRL,0.55002445
ZNF768,0.55002207
NDN,0.5500142
USP24,0.54995525
ZNF692,0.5499196
TTC5,0.54989964
TBC1D10C,0.5497967
TYK2,0.5497715
WARS2,0.5497607
YPEL5,0.54974294
VEGFB,0.5497344
ZNF846,0.549711
ZNF76,0.54970825
MANEA,0.54954165
ZNF90,0.5495408
YTHDF2,0.54949903
RHBDF2,0.5494632
VPS35,0.5494306
VIPAS39,0.5492753
UQCRFS1,0.5492525
TYSND1,0.5492386
ZNF350,0.5491332
CMKLR1,0.5491128
ZNF566,0.5490761
RCE1,0.5490512
ZIK1,0.5490401
UBLCP1,0.5490076
ZC3HAV1,0.54900396
ZNF528,0.5489833
RAC3,0.5488637
STARD8,0.54880345
STAP2,0.54879224
TTC26,0.5487682
CMTM1,0.54871505
PTGS1,0.5486661
SMPDL3A,0.54861784
TRAPPC3,0.54856074
TMEM214,0.5485291
ZNF611,0.54851794
ZNF543,0.54851
SYT7,0.5484926
GBP4,0.5484854
PER2,0.5484462
ZFP90,0.54841363
TCEAL1,0.5483805
TXLNG,0.5482344
SYNE2,0.5481826
ZFP36L2,0.54814726
WDR1,0.5481278
SHPK,0.5480791
UBE2J2,0.5479977
TOB2,0.5479498
RDH10,0.54790795
SNRNP35,0.5478986
ZNF439,0.54785645
UBE2Q1,0.5477773
VRK1,0.54775983
ZNF317,0.5476061
ZNF780B,0.5475656
UBE4A,0.54755646
VTA1,0.5475075
TDG,0.5474802
TMEM50A,0.54738617
UVSSA,0.54737353
SLC12A2,0.547336
PLCH2,0.54729813
STX2,0.5472865
RNF14,0.54719096
SEMA4B,0.54702616
USP16,0.54701066
ZNF318,0.5468356
URB2,0.5468129
TFIP11,0.5468016
ZNF473,0.54676914
USP11,0.54673654
VPS37B,0.5467106
RPS6KA5,0.546699
SEC23IP,0.54663515
RRM1,0.5465742
RAB42,0.5464789
ZNF607,0.5463983
TBKBP1,0.5462681
UFSP2,0.5462662
ZNF527,0.54623777
SEC23B,0.5462066
ZBTB17,0.5462008
ETV7,0.5461957
UBFD1,0.54617894
RAP2B,0.5461536
TUBB3,0.54609907
ZNF500,0.54604495
TRAPPC4,0.5460133
WDR26,0.5459488
VAT1,0.5459236
TRAF5,0.5458728
VPS39,0.54585797
EHD3,0.5458237
ZNF813,0.5458164
ZNF34,0.545806
ZNF549,0.545549
SLC5A6,0.54548556
ZNF264,0.5454606
STX5,0.5454505
SLAMF7,0.5453287
ZNF573,0.5453207
TSSC4,0.5453103
SNAPC4,0.5452233
TIMM44,0.54514456
SYTL1,0.5450443
WEE1,0.5450339
YOD1,0.54497695
NRN1,0.54497397
TSG101,0.5449584
SMC2,0.5448671
PCDHB10,0.5447957
SLC7A8,0.5447541
ZNF219,0.5447439
TAGLN,0.54471755
TXNDC12,0.54467994
ITGA8,0.54463863
TET2,0.54461265
TNFSF10,0.5446062
UBE2B,0.54459286
SERPINB9,0.54457194
ZNF526,0.54450303
TACO1,0.5444782
TMEM147,0.5444736
RING1,0.54443085
UNC93B1,0.5444202
TRIAP1,0.5443769
ZNHIT1,0.54419184
SNRNP27,0.5441823
ITGB6,0.5441449
TNFRSF21,0.54409593
STX8,0.5439619
TRO,0.543901
PSMA2,0.5438984
SH2D3A,0.543865
TGOLN2,0.54382426
ZNF699,0.54374886
SLC39A4,0.5437163
ZNF155,0.5437137
SLC44A4,0.5435252
SGCB,0.5433312
ZNF347,0.5433183
ZFP36,0.54325783
SARS2,0.5431842
SYVN1,0.5431415
VPS26B,0.5431028
USP21,0.5429725
SLU7,0.542549
MLPH,0.5425362
COL5A3,0.542487
UTP20,0.54240984
TXNDC16,0.54222965
ZNF420,0.54222804
COL6A3,0.5421823
PORCN,0.5421696
ZDHHC2,0.54210144
TUBG1,0.54209465
UQCRB,0.54206395
UMPS,0.54204386
ZNF256,0.542018
ZNF561,0.54190403
ZNF687,0.54183424
MYO15A,0.5418131
ZNF485,0.5417679
TNFSF13B,0.5414673
ZNF419,0.54140794
SGSM3,0.54139775
SCIN,0.5412858
FUNDC1,0.5412798
UQCR11,0.54121226
RCAN2,0.5409974
THAP1,0.5409889
ST14,0.5409694
TAF12,0.54096687
TRIM36,0.54094833
ZDHHC21,0.54092735
SMPD2,0.5408208
SPAG4,0.5407942
TXNL4B,0.54072285
UTP14C,0.5406594
ZNF175,0.54053015
SYNJ1,0.5403574
TSEN34,0.5402024
HSPA1L,0.54012334
SLC35D1,0.5400893
ZNF674,0.5400858
SLC27A4,0.53992796
MAP1A,0.5399032
WASF3,0.5397813
TTC30A,0.5397328
ZFYVE9,0.53957057
ZFP30,0.5395134
YIPF4,0.5394237
ZNF141,0.53937113
SIRT2,0.5393289
TBC1D16,0.5392953
VANGL2,0.5390723
UNC5C,0.53887993
STRADB,0.53862417
RHOBTB2,0.538547
ZNF267,0.53850776
USP46,0.538439
PEX12,0.53822523
MAP9,0.537953
SFN,0.53788114
ZNF26,0.53759325
MED11,0.5375886
TWF1,0.5375392
THAP11,0.5374877
RNF128,0.53742635
PPP2R3A,0.53729725
UBE2O,0.5371872
TBC1D10A,0.5371804
ZBTB33,0.5371543
SPATA2,0.537125
NGFR,0.53706807
NEB,0.536923
UBOX5,0.5368576
ZNF605,0.53656316
TMEM186,0.5365198
MMAA,0.5364015
ZNF738,0.5362886
TLR6,0.53601736
ZNF423,0.5358384
ZNF273,0.5357459
CPLX1,0.53571177
SLC44A3,0.5355971
YIPF1,0.5354298
TGFB1I1,0.53538346
TRIM38,0.53538275
SVIP,0.535245
TRMT5,0.53513354
RMDN2,0.5350019
WDTC1,0.5347822
SRD5A3,0.53421617
NDUFAF4,0.5340126
ZNF12,0.5337486
ZNF558,0.53365004
RILP,0.5334116
KCND1,0.53318596
ZNHIT3,0.5329995
SNTB1,0.5326931
TRAPPC11,0.5326632
XYLT1,0.5326292
ZSWIM7,0.532582
VLDLR,0.5325816
PBLD,0.5325631
RIPK2,0.5324926
SETMAR,0.5323432
SYDE1,0.53232473
UTP14A,0.5320382
ZNF324B,0.5315255
MST1,0.5312674
TCN2,0.5310334
SLX4,0.530433
UCHL3,0.5304312
TRIM68,0.5304023
ZNF19,0.53024596
SPTBN4,0.5298154
PMM1,0.5297734
ZNF202,0.5296857
PTGER2,0.52958006
TOLLIP,0.5295128
CSTA,0.5293876
TXNRD3,0.5293136
RAG1,0.5291813
PNPLA7,0.5290981
KTI12,0.528934
ZNF189,0.5288845
PLEKHG6,0.5284909
S1PR1,0.5271013
TSPAN12,0.5265622
ZNF490,0.52619714
TEFM,0.52584904
ZNF17,0.525821
SPON2,0.5258206
ZNF486,0.5254897
WRAP53,0.5251753
ZNF197,0.5249284
SEMA6C,0.52484685
SLC2A8,0.52474135
PANX2,0.5242784
SPATA2L,0.52426636
TRIM41,0.5242351
SIRT5,0.52422595
ZNF671,0.52406317
MPP1,0.5240576
CX3CL1,0.5234896
ZNF467,0.52346975
CXCL1,0.52327365
CXCL10,0.52316564
CXCL16,0.52284133
ZNF773,0.5226299
UAP1L1,0.5223759
VCAN,0.52209026
SMG8,0.5220353
SLC30A4,0.5219941
SEZ6L2,0.52194154
TRAF6,0.5218012
VPS37D,0.521555
SGIP1,0.5214621
CYP27A1,0.52102315
WTIP,0.52094954
TAF6L,0.5208623
CYP2J2,0.52081
CYP3A5,0.520277
KCNH2,0.5201411
CYP7B1,0.5200637
CYSLTR1,0.5199574
ZNF585B,0.5198232
CYTH4,0.5194313
TBC1D7,0.5193282
ROBO3,0.51924163
ZNF585A,0.5181588
GIMAP8,0.5178697
IL17RB,0.5174072
DCHS1,0.5158224
ZNF557,0.5153913
DCN,0.5152985
PEX11A,0.51507324
MSR1,0.51498634
ZNF14,0.5147873
RHOJ,0.5140992
SGPP2,0.51230925
TBP,0.51224196
ZNF470,0.511758
SLC25A14,0.5115702
TFAP2C,0.5113545
RNASE1,0.5110913
HSPA6,0.50967187
PPFIA4,0.5094057
S100A3,0.5073319
LHX6,0.507134
DES,0.5068967
TFAP2E,0.5066338
ZNF135,0.5061985
LRP2BP,0.5058767
TLR3,0.50584126
TAF13,0.50579876
PCDHB3,0.5052671
DHDH,0.50512815
ZNF790,0.5049081
NDST2,0.5032923
SNAI1,0.5029822
DISP2,0.50189173
RORC,0.50185925
RNF113A,0.5018372
DLL1,0.50073963
TMEM17,0.50029916
TRPV4,0.4993876
ZNF468,0.49840537
HSD11B1L,0.4978351
RPP21,0.497444
ZNF677,0.49639872
WDR5B,0.49562895
ZFP69B,0.4954561
ZNF569,0.49539706
PDE4C,0.4942056
SERPINF2,0.49332958
PEX11G,0.49295178
ZNF222,0.49292538
DPP4,0.492697
ZNF830,0.49210852
SLC40A1,0.49108806
LRRC6,0.49047753
SRPX2,0.49031395
DUOX1,0.49029246
TNFSF13,0.4871809
ZNF772,0.4871104
LAT,0.48610878
ECE2,0.4849584
TGFB3,0.48495466
NLRP3,0.4847883
ECM1,0.48445356
TLR4,0.4824753
TRIM45,0.48057005
USHBP1,0.47779834
ZNF615,0.47747552
PSD,0.47674942
EIF4E3,0.47657898
ZNF225,0.47288483
SLC4A11,0.47150448
RASD2,0.47005674
RUNDC3A,0.46973673
NT5E,0.46952707
WDR31,0.4692192
SERPINB8,0.46439415
PLXNB3,0.46328077
EXOC3L1,0.4624693
TMEM176A,0.46203798
WNT9A,0.4554144
FBXL22,0.4538161
FCER1G,0.45106047
FDXACB1,0.45025232
STX11,0.446795
FOLR2,0.44494402
ZNF442,0.4435853
FPR1,0.44355786
FUT2,0.44192883
TUBA8,0.44176352
RDH5,0.44055784
GAB3,0.44010523
GBP5,0.43675077
PDE1B,0.43632272
GCNT4,0.43614578
THSD1,0.43599674
STAC3,0.43583432
GGT5,0.4343345
GIPR,0.43361157
GNLY,0.43003225
GPER1,0.4279777
GSDMB,0.42544448
RASL10A,0.42056248
HEY2,0.4186808
HOPX,0.41422155
ZNF69,0.41406545
IL17RE,0.40643096
IL18R1,0.40632412
IL1R2,0.4062708
INHBB,0.40467134
ITGB3,0.39967266
IZUMO4,0.39864185
ZNF132,0.39738777
LILRB2,0.38686645
LTF,0.38138813
MAGEH1,0.3797333
MAOB,0.3784962
TNFRSF10C,0.3715969
MMP28,0.36905187
MS4A6A,0.36527476
MYH3,0.36270368
OLR1,0.35261223
POSTN,0.34424168
RAB36,0.3405463
RAMP3,0.3399249
RGS4,0.33847526
RIPK3,0.3381269
S100A9,0.33631763
SLA,0.33488813
