Gene Name,Score
MRPS17,0.54971147
SRPX2,0.5493884
NKD1,0.54917353
UTP14C,0.54821986
SCIN,0.54753864
RENBP,0.54749346
TGFB3,0.5469568
VPS37D,0.54679376
TMEM176A,0.5467481
SFN,0.5465513
TRPV4,0.5464921
VCAN,0.54645985
TTC26,0.5463407
PMM1,0.54630727
LYZ,0.54629004
PJA1,0.54627806
THAP1,0.5460983
ZNF486,0.54609233
STX11,0.5459908
SEMA4A,0.54591733
SLC44A3,0.54587525
NLRC4,0.545784
NDUFAF4,0.5457746
ZNF830,0.5456719
ZNF569,0.54558855
TBC1D10C,0.5455778
NLRP3,0.5455733
PANX2,0.54546237
ZNF17,0.5454496
NLRX1,0.5454435
NRN1,0.54540306
ZNF671,0.5453894
SPATA2L,0.54533803
RGCC,0.5453104
MARS2,0.54516447
MAP1A,0.54508334
MAP9,0.5450786
DENND2A,0.5450754
SDC3,0.54495156
ZNF273,0.54490775
ZNF69,0.54487693
PDK4,0.5448291
SLC4A11,0.5448223
TM6SF1,0.54480577
PCDHB3,0.5447916
ZFP69B,0.54477656
SYF2,0.54476815
RASSF2,0.5447532
ZNF141,0.5447504
TAF13,0.5447226
SEMA4F,0.54471797
ZNF615,0.5446687
ZNF354A,0.5445917
TRIAP1,0.54455525
USP16,0.5445454
SEMA6C,0.54451185
TM7SF2,0.54450953
RILP,0.5444931
ZW10,0.544493
ZNF468,0.5444682
PNPLA7,0.5444582
SLC7A8,0.54437953
PPFIA4,0.5443693
UCHL3,0.5443385
MAFF,0.54432905
GRAP2,0.5443243
ZNHIT3,0.5443214
TSG101,0.5442867
ZNF774,0.5442549
ZNF543,0.54420626
PPP1R3D,0.5442022
ZNF557,0.54418206
SYDE1,0.544179
VAMP2,0.5441601
PNPLA4,0.54414696
LAG3,0.544137
UQCR11,0.544133
ZNF485,0.5441325
SLC27A2,0.54412293
PLXNB3,0.5441209
WNT9A,0.5440819
UBE2F,0.5440711
ZNF585B,0.5440701
RMDN2,0.5440493
IPP,0.544038
WBP4,0.5439908
GPX7,0.5439242
ZNF526,0.5439024
SORBS1,0.54389685
TCEAL1,0.54389143
SPTBN4,0.54388034
USP46,0.5438558
UTP23,0.5438472
ZNF419,0.5438032
SLC39A4,0.543795
PIGA,0.54374427
WTIP,0.5437371
TUBGCP5,0.5437355
TUBB3,0.5436986
SPATA2,0.54368633
SLC7A7,0.54368055
RNF34,0.5436759
YPEL5,0.54364955
SLC35D1,0.5436459
ZNF14,0.54363334
CDC23,0.5436274
UBE3B,0.5436271
ZNF26,0.5436267
C3orf38,0.54359865
ZNF19,0.54359597
PIGV,0.54357386
CD27,0.5435725
ZNF189,0.5435427
HSCB,0.5435381
TNIP2,0.54353034
SLAMF1,0.54351854
ZNF768,0.5435131
STX5,0.5435067
ZNF691,0.54350126
SERPINF2,0.54349357
VEGFB,0.54348606
STRIP2,0.5434752
TSEN34,0.5434726
SEZ6L2,0.54346937
TGFB1I1,0.5434638
HOXA5,0.5434636
ZNF34,0.54345864
PSMA2,0.5434584
SCCPDH,0.5434389
MRPL44,0.54342836
RAB4B,0.54342103
LXN,0.5434127
SUPT7L,0.5434125
RIPK1,0.54340494
THOC6,0.54340273
SPSB3,0.5434019
ZNF202,0.54340124
NAGLU,0.5433913
F12,0.5433748
GPATCH1,0.54337186
ZKSCAN5,0.54335296
ZNF687,0.54333514
TFAP2C,0.5433275
SPRTN,0.54332346
SYTL2,0.5433147
PHKG1,0.54330873
ZNF549,0.5433047
TRIB3,0.5432934
ZNF175,0.5432861
TRAPPC11,0.54328334
ZNF684,0.54328156
PGAP3,0.543277
ZNF256,0.54327476
ZNF132,0.5432631
UBE2J2,0.5432487
FBXL7,0.5432374
RAB24,0.5432349
ZC3HAV1,0.543209
TRIM41,0.5431889
SIRT5,0.5431802
TNFSF10,0.54317313
SETD6,0.5431664
YIPF1,0.5431653
CCR1,0.54316413
TACO1,0.5431614
TAF1A,0.543153
TTBK2,0.5431409
ZNF182,0.5431398
PLEKHG6,0.54313487
VPS18,0.543122
MOB2,0.5431198
TFIP11,0.5431196
SNRNP35,0.54311544
FGF11,0.5431136
WDR83,0.543112
TFB2M,0.5430998
MRPL54,0.54309046
SPDL1,0.543085
SLC35B1,0.5430752
ZNF197,0.54307514
ZNF607,0.54306257
ZDHHC21,0.54306096
VPS37A,0.54304135
UXS1,0.54303926
YEATS4,0.5430369
RIC8A,0.54303324
SEC22C,0.54302865
ZNF649,0.5430108
VPS11,0.54300904
SURF1,0.5430081
TBXAS1,0.54299164
UBE2M,0.5429903
TOLLIP,0.54297775
ZFP30,0.54297566
TAF9B,0.54296935
TTF1,0.5429644
UGCG,0.5429631
TIMM23,0.542962
TRPC4,0.5429619
TRAF6,0.5429539
SLX4,0.54294676
ITGBL1,0.5429323
SSR4,0.5429299
RCE1,0.5429298
TST,0.5429297
ZFYVE9,0.54292923
ZNF692,0.5429271
TAF6L,0.54291946
ZFP90,0.54291767
ZNF772,0.542913
ZNF43,0.54291284
PUS3,0.542911
VPS4A,0.5429076
ZFYVE26,0.54289424
TRAM1,0.54288673
WDR82,0.5428799
ZNF611,0.54287905
MRPL53,0.54287446
VAPA,0.54286987
ZNF765,0.54286516
VRK1,0.5428568
PSMD7,0.5428559
TBP,0.54285485
ZNF592,0.54284513
VPS51,0.54284406
ZNF84,0.5428422
TRIM69,0.542822
ZNF680,0.54281926
SHF,0.5428174
VPS36,0.54281616
TRAPPC3,0.54281276
PRKAB1,0.5428123
ZNF439,0.5428043
SQLE,0.5428033
USP11,0.54280245
TXNRD3,0.54280037
UBE2D1,0.5427988
TXNDC12,0.54279625
TRADD,0.5427943
ZNF766,0.54279333
NFKBIZ,0.5427922
ZNF548,0.5427906
STX4,0.54278445
ITGA4,0.54278326
TIAM2,0.5427805
ZNF420,0.54277325
UFSP2,0.54276776
RPS6KA5,0.5427599
PRKAR1B,0.54275924
YTHDF2,0.5427552
TRAPPC2L,0.5427346
SNTB1,0.54272455
TCEA2,0.5427217
ZNF605,0.5427156
KTI12,0.5427155
SPICE1,0.5427105
ZNF385A,0.54270947
NFATC1,0.5426992
TXNIP,0.5426968
TYK2,0.5426964
POLR3GL,0.5426945
STARD8,0.5426943
TSC22D3,0.5426891
TM2D2,0.5426864
ZBTB33,0.54268396
SPAG5,0.54267186
TXLNA,0.5426705
TEFM,0.54266465
ZNF622,0.5426583
ZNF780B,0.54265684
RCAN3,0.542652
PARVG,0.54264957
SELPLG,0.5426436
NAGA,0.54264027
MYO15A,0.54264
HIGD1A,0.5426382
UQCRFS1,0.542631
SLC26A6,0.54262954
ZNF81,0.54262024
ZNF76,0.5426178
UCP2,0.54261625
TRO,0.5426161
SOX4,0.54260486
ZCCHC4,0.54260266
USP39,0.5425964
SLC25A14,0.54259527
UTP6,0.5425886
SUPV3L1,0.5425881
VPS26A,0.54258317
MAGED2,0.54258096
ZDHHC17,0.5425777
ZNF3,0.54257125
URB2,0.5425683
SH2B2,0.54256696
TADA1,0.5425633
VAMP8,0.5425621
ZNF267,0.5425607
STK35,0.5425575
NDUFA3,0.54255635
SORBS3,0.54255444
UPF3B,0.5425319
TRIM68,0.5425302
SRF,0.5425281
YIPF4,0.54251826
SPR,0.542517
XRCC4,0.54251266
WWP1,0.54251164
NAGPA,0.5425086
ZIK1,0.542508
TRIM21,0.54250515
SPCS2,0.54250276
ZP3,0.54250216
WWP2,0.5425011
ZNFX1,0.54250014
TPRKB,0.5424994
UBE2J1,0.5424977
XAB2,0.5424933
RAB8B,0.5424918
TIMM44,0.5424882
TCTN1,0.5424834
STRADA,0.54248303
TNPO2,0.5424752
USP1,0.5424699
TANK,0.5424657
RAB34,0.5424621
VPS37C,0.5424614
KATNA1,0.5424608
MRPS26,0.5424608
RRP8,0.5424602
ZNF347,0.542458
NOL12,0.54245293
RAB18,0.5424522
UAP1L1,0.542452
TRUB2,0.5424456
SGCB,0.5424444
SMARCAD1,0.54243845
UBE2C,0.5424375
RABIF,0.5424296
PDXP,0.5424276
AFMID,0.5424245
TOR1A,0.5424242
TNPO3,0.54241997
RPP21,0.5424165
ZNF783,0.5424157
MGST3,0.54241544
WSB2,0.5424145
YIF1A,0.54241115
YKT6,0.5424109
ZKSCAN1,0.5424105
UHMK1,0.54240906
ZNF195,0.54240876
USP42,0.54240817
SPPL3,0.54240716
UBE2O,0.54240704
UBE2S,0.54240686
ZNF304,0.54240614
THY1,0.5424037
WRAP53,0.5423953
RGL1,0.5423907
WDR37,0.5423888
NAIF1,0.5423867
TRIM6,0.54238325
TUBA8,0.542383
ZNF45,0.5423794
MLYCD,0.5423774
SLC44A1,0.54237276
TMEM67,0.54237056
PAFAH2,0.54236966
UTP18,0.54236853
UBE2H,0.54236645
TBC1D13,0.5423656
SRSF7,0.5423629
SPHK2,0.5423625
RBBP7,0.5423622
TXN,0.54236186
STIM2,0.54236144
VPS39,0.5423614
PTPN21,0.5423613
UTRN,0.5423547
SF3B5,0.5423531
ZNF462,0.54235226
ZNF517,0.54235053
WDR91,0.5423462
PEX12,0.5423443
RTKN,0.54234254
PRMT6,0.54234093
OXSM,0.5423409
SNAPC5,0.5423403
ZNF480,0.542339
KCND1,0.5423368
ZNF41,0.54233384
POFUT2,0.54232943
USP28,0.5423288
PAG1,0.54232836
SUOX,0.5423252
SSH1,0.54232323
USP32,0.54232156
ZNF423,0.5423193
SNRNP27,0.54231876
TOM1,0.5423182
ZNF552,0.5423181
VPS8,0.54231715
ZMPSTE24,0.54231095
TUBB6,0.5423102
ZKSCAN4,0.54230225
XRCC2,0.5422969
SNRPC,0.5422953
PIK3R3,0.54229355
YWHAG,0.5422918
VPS35,0.5422909
POLR1E,0.5422894
ZNF91,0.5422866
SYNJ1,0.5422762
TMED9,0.54227585
UBXN2A,0.5422742
ZFR,0.542274
WBP2,0.542272
ZFP36,0.5422705
SEC61B,0.54227024
TFAP2E,0.5422698
SRD5A3,0.5422697
RING1,0.54226744
UBE3D,0.5422639
RRAGB,0.5422597
TOP3B,0.5422587
PSMC2,0.5422578
SUPT20H,0.5422541
NDST2,0.5422529
VPS4B,0.5422527
UGGT1,0.5422505
ZNF711,0.5422445
ZNF558,0.5422438
SLU7,0.5422432
UBE2L6,0.5422422
ZNF846,0.54223835
WSB1,0.5422376
SIAH1,0.5422375
OASL,0.54223686
TSPAN33,0.5422367
TRIM22,0.5422356
PRKX,0.5422353
ZNF320,0.5422334
WDR11,0.5422327
VGLL4,0.5422316
SIKE1,0.5422271
ZFC3H1,0.5422255
SOCS6,0.54222494
ZCCHC7,0.54222435
TBCC,0.5422222
SPRY2,0.54222107
PYGO1,0.5422207
UBFD1,0.54222
SEMA4B,0.5422186
ZNF207,0.5422169
SETD1A,0.542214
SPAST,0.54221183
SDC1,0.54221004
TMEM147,0.5422066
VLDLR,0.54220563
RPL26L1,0.54220337
KDELR3,0.54220253
FABP5,0.54220015
TARBP2,0.54219866
UBOX5,0.54219735
ZNF100,0.54219306
SLC35A1,0.54218954
PRPF18,0.5421876
ZNHIT6,0.54218566
FEM1B,0.5421847
WASL,0.54218084
STRADB,0.5421807
ZKSCAN8,0.54217863
ZKSCAN3,0.5421754
TMEM186,0.5421752
TXLNG,0.54217446
SNX3,0.5421712
NIPA2,0.5421689
ZNF131,0.54216856
SYT7,0.54216576
UQCRH,0.542165
SYNE2,0.54216397
ZNF135,0.54216397
ZNF445,0.5421638
ZER1,0.54216236
PCDHB10,0.5421617
TMED2,0.54216075
USP25,0.5421589
ZNF550,0.542157
ZNF264,0.54215556
WDR18,0.5421531
VAPB,0.5421398
WDTC1,0.54213816
TINF2,0.54213756
SSBP4,0.54213727
ZFYVE27,0.54213595
VPS26B,0.5421334
WDR5,0.54213077
ZWINT,0.54212886
TRIM32,0.5421288
RBM45,0.5421282
TRAPPC8,0.54212725
TP53BP2,0.54212683
UBXN7,0.54212266
WDR26,0.5421226
THAP7,0.5421217
UTP3,0.54211926
PRICKLE1,0.54211646
SKA3,0.5421153
UVSSA,0.54211503
SNF8,0.5421147
SMPDL3A,0.5421133
RPL36A,0.54211324
SYVN1,0.5421123
TRAF5,0.54211223
TTC21B,0.54211026
IBA57,0.5421086
NR2C2AP,0.5421086
SLC2A8,0.5421084
URM1,0.5421054
TIMP2,0.5421046
ZNF433,0.54210407
UNG,0.54210216
TPCN1,0.54210144
UQCRB,0.5420995
ZNF813,0.54209924
ORAI2,0.5420989
ULK1,0.54209393
RPP25L,0.54209054
STAP2,0.5420901
NKIRAS2,0.54208714
ZNF620,0.54207915
PEX2,0.54207814
RAD51AP1,0.54207057
TSPAN12,0.54206735
TOB2,0.5420651
ZKSCAN7,0.54206467
UNC93B1,0.5420639
UBAP2L,0.5420593
XYLT2,0.5420591
HRH1,0.542059
ZNF527,0.5420575
SERPINH1,0.54205716
PIGT,0.542054
TMC8,0.54205346
RRS1,0.54204994
SHMT1,0.5420493
SEMA3F,0.5420491
SNRPE,0.5420486
NUP37,0.5420468
UBLCP1,0.5420423
SERPINB6,0.5420396
RRP9,0.54203624
TBC1D16,0.54203427
ZNF282,0.5420332
ZNF678,0.54203176
IFI35,0.5420295
TUBA1C,0.5420268
ZNF219,0.5420234
ZNF544,0.5420227
ITGA2B,0.5420213
YWHAZ,0.54202044
MPP1,0.5420197
ZSWIM7,0.54201835
TRAF2,0.54201746
TBC1D20,0.5420171
ZNF92,0.54201573
SPSB2,0.542014
TEAD3,0.54201376
SRA1,0.5420128
RAB11FIP5,0.5420127
ZNF467,0.5420126
TBC1D17,0.5420122
MXD1,0.5420051
THAP4,0.5420019
ZNF700,0.5420009
KIT,0.54200083
SNX13,0.5419957
SLC1A3,0.5419922
USP20,0.54198915
TRMT10C,0.5419887
TPM1,0.54198825
BCAS2,0.5419835
TXN2,0.5419833
SUPT5H,0.54198223
TRIM28,0.5419811
ZMAT3,0.54197985
RALBP1,0.54197335
ZNRF2,0.54197216
TNFRSF1A,0.5419695
SYTL1,0.54196453
POLR2H,0.5419621
SSB,0.54196167
UQCRC1,0.54196
WASF3,0.54195935
WDR3,0.54195887
TP53I3,0.54195845
YBX3,0.5419552
PGM3,0.5419544
UBE2G1,0.54195076
ZNF440,0.54195064
SMAP1,0.54195046
SORT1,0.54194736
PHKG2,0.54194516
TAMM41,0.54194486
MOCOS,0.54194343
TXNL1,0.5419434
TBL1X,0.5419414
TGOLN2,0.541941
ZNF254,0.5419374
SEL1L,0.5419368
TSPAN5,0.5419366
NTPCR,0.5419333
SMG5,0.5419325
ZNF250,0.54193145
RAD54L,0.5419305
TTI1,0.5419302
XBP1,0.54193014
VASP,0.54192775
RNF14,0.54192626
PEX10,0.5419258
TAF12,0.5419248
SOD1,0.5419203
TUBG1,0.5419193
TXNDC16,0.5419193
NPRL2,0.54191905
MANF,0.54191786
RNF135,0.5419166
TNPO1,0.54191554
MAPK11,0.5419135
SYNCRIP,0.54190594
TRAFD1,0.5419059
UPF1,0.54190516
ZNF83,0.541903
RAB30,0.54190147
TPD52,0.54189646
PSENEN,0.5418957
TEX10,0.54189384
WASF1,0.5418928
TRAPPC6A,0.541889
YY1,0.5418856
UBIAD1,0.5418849
TADA2B,0.54188234
UBXN1,0.541881
IL17RD,0.5418802
KCNIP4,0.5418759
USP33,0.54187477
PSMD8,0.5418745
TTC27,0.54187334
RRM1,0.54186964
USP10,0.5418676
PDK2,0.5418672
ZNF562,0.5418662
TOMM20,0.54186535
TROAP,0.54186535
ZNF770,0.5418653
TRIM38,0.54186124
RHOJ,0.5418608
TUBA1A,0.5418573
WDR75,0.5418573
SUPT3H,0.5418563
ZYX,0.5418549
MATK,0.5418547
SSX2IP,0.54185444
YWHAB,0.54185426
RNF5,0.5418535
ZNF808,0.54185075
RIOK2,0.54184794
UROD,0.5418477
SHQ1,0.54184705
TAF6,0.5418452
ZNF430,0.5418433
HAAO,0.54184276
SLC5A6,0.5418423
GSDMD,0.5418423
ZNF326,0.54183674
UBA2,0.54183596
PLP2,0.5418354
TMED4,0.5418336
ZFP36L1,0.5418321
SLC12A2,0.5418292
DBP,0.5418267
NUBP1,0.5418264
TTC5,0.54182494
ZFAND6,0.5418242
TCIRG1,0.54182297
TUBA4A,0.54182273
PPP2R3A,0.54182124
TP53INP1,0.54181933
SMARCA5,0.5418192
RPE,0.5418186
RRM2B,0.5418186
UBL4A,0.54181707
HEBP1,0.5418157
ZNF586,0.5418146
STX7,0.5418144
YES1,0.5418136
RPUSD4,0.5418106
TOB1,0.5418101
TES,0.5418098
PANX1,0.54180825
ZNF677,0.54180735
WDHD1,0.54180694
TYW3,0.54180694
UHRF2,0.54180574
UTP20,0.5418027
PRMT7,0.54179776
MED22,0.5417957
SPCS3,0.5417947
ZNF324B,0.54179287
ZWILCH,0.5417928
USP49,0.54179245
SPSB1,0.541791
UBR1,0.54179054
TDG,0.5417865
XPOT,0.54178584
MLPH,0.54178447
STX10,0.54177994
VAC14,0.54177976
TIMM17A,0.54177773
SOS1,0.54177696
SNX17,0.5417769
SRPRB,0.54177564
UNC13B,0.5417749
ZNF133,0.54177463
ZFP14,0.54177445
ZNF335,0.5417743
TMEM107,0.54177356
MED19,0.5417729
TNFRSF11B,0.5417717
SEMA5B,0.5417699
TRIP12,0.54176944
STC2,0.5417687
TAF5,0.54176736
NCF2,0.5417663
SQSTM1,0.5417656
TWF1,0.54176515
SAT2,0.54176456
ZRANB3,0.5417644
KRT5,0.5417639
TLR6,0.54176337
WDR55,0.541759
WIPF2,0.54175717
UBE4B,0.5417516
ZNF12,0.5417511
ZFPM2,0.5417487
XPO6,0.54174787
USP15,0.5417475
ZNF426,0.54174674
YIPF2,0.5417443
TTL,0.54174316
TET2,0.54174304
SGSM3,0.5417422
TMEM70,0.54174167
SPTLC1,0.541741
WDR6,0.5417386
UQCRC2,0.54173815
TIA1,0.5417325
TNFRSF10B,0.5417298
SDHAF1,0.5417294
UCHL5,0.541727
TTF2,0.5417247
VCP,0.54172426
USP4,0.54172343
UBE2E1,0.5417225
TBC1D10A,0.5417211
SLC25A26,0.54171944
THOC1,0.5417191
SEC23IP,0.54171884
TRPM2,0.54171765
ZNF33B,0.5417173
USP12,0.5417163
UNC119,0.5417163
SORL1,0.54171586
UNC119B,0.5417151
WDR70,0.5417126
WDR36,0.54171103
UBQLN4,0.5417107
SWAP70,0.5417105
PRX,0.5417102
STK39,0.5417055
STX6,0.54170525
ERCC8,0.541704
TRIM36,0.5417033
SMPD1,0.5417009
TRPM7,0.54170066
USP34,0.5416989
TBCD,0.5416986
UCHL1,0.5416986
VDAC2,0.5416977
STX17,0.5416972
TGFBRAP1,0.54169697
OMA1,0.5416949
IGBP1,0.54169387
ZNF222,0.5416921
ZNF791,0.54169077
YY1AP1,0.5416892
SERGEF,0.5416884
TECPR1,0.5416878
UNK,0.5416874
WRNIP1,0.541686
VAMP1,0.541684
UVRAG,0.5416839
UBE2Z,0.5416824
ZBTB8OS,0.5416816
SH3BP2,0.5416808
UBE2I,0.54167885
YEATS2,0.5416778
VPS37B,0.5416765
TNFRSF1B,0.5416759
SARNP,0.5416754
TRIM37,0.5416752
TMOD2,0.54167217
UBE2Q1,0.5416718
UBE2R2,0.54167074
UBE2D3,0.5416691
UBE3A,0.5416684
SLC2A3,0.5416677
ZNF71,0.54166543
TRIM56,0.54166543
UBR4,0.54166526
TSNARE1,0.5416647
XPO7,0.5416635
SLC9A1,0.54166293
TMED3,0.5416617
SOCS7,0.54166126
TCF7,0.5416602
UBA3,0.5416591
UNC45A,0.5416584
WAC,0.5416584
SPAG16,0.54165787
PSMG3,0.54165757
ST8SIA4,0.5416568
MFSD10,0.5416565
TWF2,0.54165584
UBE2B,0.5416552
ZNF587,0.5416548
RAB6B,0.54165465
SPOP,0.54165375
UBE2E3,0.54165244
MRPS12,0.54164904
PEX6,0.54164875
NUS1,0.54164445
GANC,0.5416428
TNFAIP8,0.54164195
TJP2,0.5416412
STRIP1,0.5416407
SNAPC4,0.5416404
SVIP,0.5416324
TRIM13,0.5416322
PARP12,0.5416316
ZNF674,0.5416283
RPL22L1,0.541628
ZMAT2,0.5416272
VMP1,0.54162544
TBC1D7,0.5416244
TPCN2,0.54162395
XRCC5,0.5416219
TRIM26,0.54162127
TARS2,0.54161906
RASSF1,0.54161847
UBQLN2,0.5416155
TRAK1,0.54161525
TRMT61B,0.5416141
YWHAH,0.54161334
TRAF3IP1,0.5416125
TARDBP,0.54161066
PAK6,0.54160905
RHOBTB2,0.5416084
STX2,0.5416076
SESN1,0.5416038
SEMA6B,0.54160035
ZNF398,0.5415982
UBXN6,0.5415955
VRK3,0.5415951
NDRG2,0.5415943
TNIK,0.54159063
TTLL12,0.54159015
SLC25A17,0.54159015
UQCR10,0.5415873
GPX8,0.54158723
TSPAN14,0.5415859
TCF7L1,0.5415847
TRIM62,0.541581
RUVBL1,0.54157907
STARD3NL,0.54157805
TAGLN,0.54157764
OPTN,0.5415772
SEC24C,0.54157543
TYRO3,0.541574
ZNF510,0.5415726
TOR1B,0.5415723
TBPL1,0.54156935
USHBP1,0.5415692
XPR1,0.541569
SH3KBP1,0.5415666
MIB2,0.5415641
SAP18,0.54156375
RTCB,0.5415637
USP47,0.54156256
SNRPD3,0.5415625
SPAG4,0.5415609
TUFM,0.5415598
SUGT1,0.54155916
TRA2A,0.54155636
WDFY3,0.54155564
TUBGCP3,0.54155314
MTMR6,0.5415531
UTP14A,0.5415531
RNF185,0.54155284
PTS,0.5415524
GTF2H4,0.5415497
STOML2,0.5415495
TRIP6,0.54154897
SARS2,0.5415487
SDCBP,0.54154843
PSMA1,0.5415441
ZNF470,0.54154354
YAF2,0.5415426
RASSF8,0.54154205
GNPAT,0.5415378
VDAC1,0.5415374
VCPIP1,0.5415371
SCO1,0.5415353
ZNF623,0.54153347
ZNF107,0.5415334
RBPMS2,0.5415332
SWI5,0.5415324
SETX,0.5415302
TRAPPC6B,0.54152995
UBE2V2,0.5415287
UST,0.5415277
WBP1,0.5415267
PPFIBP2,0.5415246
TRIM44,0.5415242
UNC13D,0.54152215
ZNF443,0.54152006
TRIM2,0.54151815
ZNF451,0.5415154
TERF1,0.5415121
KRT17,0.5415114
SPNS1,0.5415086
USP48,0.54150593
THAP11,0.5415047
UGDH,0.5415028
SLAMF7,0.54150224
ZNF266,0.54150116
SCP2,0.5415008
XPO5,0.5415006
RRAGA,0.54150045
PLK3,0.5414988
YWHAQ,0.54149836
STRAP,0.54149765
RNMT,0.5414975
TIFA,0.54149735
STRN4,0.5414964
RUFY1,0.54149455
TTC7B,0.54149425
SOAT1,0.54149276
LRPAP1,0.5414925
WASF2,0.541489
WDR1,0.5414879
SMCHD1,0.5414874
SRSF6,0.5414865
ZNF708,0.54148644
SNRPB2,0.54148585
STK24,0.5414854
SAMM50,0.54148096
RNF41,0.54148
SLC35B2,0.54147875
ZNF561,0.5414768
ZNF585A,0.54147553
TSEN2,0.5414736
TICAM1,0.54147243
TTYH3,0.54147184
SNRPD1,0.5414696
TMOD1,0.5414669
ZNF394,0.5414666
RBM4,0.5414653
SLC25A22,0.54146403
TAF9,0.54146266
ZNF790,0.5414606
SLMAP,0.54145974
TTC37,0.54145974
TSPYL2,0.54145783
SNW1,0.54145765
SRRT,0.5414572
ZNF710,0.5414571
ZNF318,0.5414568
ZNF841,0.54145575
SF3A1,0.54145557
TBCB,0.54145485
YOD1,0.54144907
TATDN2,0.5414481
TOMM7,0.5414464
PCSK5,0.5414464
SV2A,0.54144603
SETMAR,0.54144436
TRIM35,0.5414436
UQCRQ,0.54144216
TERF2,0.54143995
STK11IP,0.5414396
RNF113A,0.54143894
ZNF664,0.54143876
TMBIM6,0.541438
SYMPK,0.5414375
TPMT,0.5414363
SLK,0.5414349
TIMM13,0.541433
ST3GAL2,0.54143286
SPTBN2,0.54142964
TMEM258,0.54142714
TOR4A,0.541427
TFDP1,0.5414267
USP22,0.5414267
SEC16A,0.5414243
DNAL1,0.5414225
ZNF593,0.5414219
WLS,0.5414207
PLRG1,0.54141974
UNC5C,0.54141766
RNF7,0.54141724
RPS21,0.54141545
UCKL1,0.541415
RHOBTB1,0.54141396
VIM,0.5414133
VAV3,0.54140997
SMC6,0.5414094
SLC25A5,0.5414077
QRSL1,0.54140604
ZNF714,0.5414057
NDUFAF7,0.5414057
SEC23B,0.5414033
TAF5L,0.5414028
WDR33,0.54140145
SYNGR2,0.5413989
SRR,0.54139686
SRP19,0.54139656
TRPS1,0.5413958
VTA1,0.5413955
POLR2L,0.54139477
VANGL2,0.5413946
USP9X,0.5413938
UBE2W,0.54139364
NSMCE4A,0.5413928
RPS7,0.5413895
PWP1,0.54138887
RUVBL2,0.54138404
TRAPPC12,0.5413824
ZMYND11,0.54138225
ITGA6,0.54138213
WNT5B,0.54138094
UBQLN1,0.54138017
PKP2,0.54137963
PBLD,0.54137915
MAP2K3,0.5413776
STARD10,0.54137737
SAR1B,0.5413761
WBP11,0.5413758
STX18,0.54137427
ZNF32,0.54137415
SPPL2A,0.54137284
STK25,0.54137087
UBE2K,0.5413706
ZNF721,0.54136956
STX16,0.5413663
SLC4A2,0.54136467
TCTN3,0.54136276
ZMIZ2,0.5413618
TERF2IP,0.5413601
PQBP1,0.5413598
TRAIP,0.54135764
USP37,0.5413572
WEE1,0.54135543
OTUB1,0.5413551
U2AF2,0.541355
GALM,0.5413545
SNRPA,0.541354
TOMM40L,0.54134965
PDCD5,0.5413486
RNF8,0.5413471
UBTF,0.54134303
TRMT5,0.54134184
MRPS28,0.5413406
POLE3,0.5413396
TMED7,0.5413385
UBE2G2,0.54133683
OSMR,0.54133683
SMC2,0.5413367
SCNM1,0.54133624
SERINC3,0.5413351
SUMF2,0.5413346
UMPS,0.5413342
SNX8,0.541334
SIK2,0.5413331
TPK1,0.5413329
SMAD9,0.5413308
EDEM3,0.5413297
TBC1D4,0.5413285
PLK4,0.54132825
SLC3A2,0.5413282
TRAP1,0.5413269
EMC2,0.54132646
VPS41,0.5413258
ZNF589,0.54132414
SKAP1,0.54132324
TIMM21,0.5413231
POLD3,0.54132193
SUPT6H,0.54132193
SMARCA1,0.54132086
WWC1,0.54132056
RBBP8,0.54132015
TDP1,0.5413198
TPX2,0.54131967
SLC25A25,0.5413191
ZC3H15,0.54131824
ZNF701,0.54131746
ZDHHC7,0.5413171
ZNF670,0.5413147
TNRC6A,0.54131204
PRPF40B,0.5413116
SGMS2,0.5413116
UBE2A,0.54131037
ZNF74,0.54131
ZNF212,0.54130894
UBE3C,0.54130757
PHAX,0.5413057
STON2,0.541305
ZBTB7B,0.54130477
ZNF112,0.54130244
NTAN1,0.54130226
PARP3,0.5413011
RFC3,0.5413005
TP53RK,0.5413004
WARS2,0.5413004
XPO4,0.5412989
UBA1,0.54129815
NOP2,0.54129815
WDR35,0.54129785
ZNF473,0.5412977
UCK2,0.5412976
ZNF160,0.541295
WNT5A,0.5412936
TYW1,0.5412936
TRIM46,0.54129124
PHLDA1,0.5412888
ZNF519,0.54128706
SMC3,0.5412867
TNFSF13B,0.54128414
PPM1D,0.5412831
SRM,0.5412807
SNRPG,0.5412786
MSR1,0.5412781
THOC2,0.541278
NR1D1,0.54127795
ZNF124,0.54127747
ZNF337,0.5412763
SNRPD2,0.54127586
TPST1,0.54127544
PLXNB1,0.5412745
VCPKMT,0.54127336
TRA2B,0.54127115
UBAC2,0.5412702
PRPSAP2,0.5412694
RAPGEF6,0.5412675
SNX4,0.54126626
SNX18,0.5412659
PTPN2,0.5412656
ZNF18,0.5412627
ZNF496,0.54126227
ST13,0.5412612
SNAP47,0.5412609
SPIDR,0.54126084
ZNF251,0.5412604
ZNF33A,0.54126006
SESN3,0.54126006
SRSF4,0.5412595
PHLPP1,0.54125583
TMEM30A,0.5412547
RPIA,0.5412539
VAT1,0.5412539
TBKBP1,0.54125375
TOR1AIP2,0.54125226
ZC3HC1,0.54125154
TAOK2,0.54125047
SKP1,0.5412489
EGR2,0.5412474
HELB,0.5412459
PDZD11,0.54124403
TOMM34,0.5412435
ZNF460,0.5412396
PFAS,0.541236
PLEKHG5,0.54123265
IFNLR1,0.54123217
ZMYND8,0.5412316
SRSF1,0.54123116
RNF114,0.54123014
PARP9,0.5412293
UBA7,0.54122746
CROT,0.5412264
TAPBP,0.54122585
TAX1BP1,0.54122406
PHF5A,0.5412224
PTGES2,0.5412203
SGPP1,0.5412193
REXO1,0.5412176
MDC1,0.5412174
TBC1D14,0.5412164
TPGS2,0.54121596
PRDX4,0.54121596
SZT2,0.5412159
SRP68,0.54121566
PLCL1,0.5412153
ZNF418,0.54121506
NXT2,0.5412141
RBM5,0.5412135
SF3A3,0.5412126
SLC12A9,0.5412107
TRIM25,0.5412098
ZNF300,0.5412095
HYPK,0.54120946
RARS2,0.5412088
THADA,0.541207
SACM1L,0.54120594
TDRD7,0.54120445
WDR61,0.54120284
PAXIP1,0.54120183
MTMR9,0.5412018
SNAPC3,0.541201
SF1,0.5412
ZNF283,0.5411987
SMG8,0.541198
ZMIZ1,0.54119736
YTHDF1,0.5411971
UGP2,0.5411955
SYNRG,0.5411954
TGFBI,0.5411939
SASS6,0.54119295
WDR46,0.5411929
TRIP13,0.5411912
USP14,0.5411878
SRPK1,0.54118776
TBK1,0.54118717
RFXAP,0.5411825
WNK1,0.54118156
YBX1,0.54117686
TIPIN,0.5411767
NDUFA6,0.54117626
NDUFA9,0.54117584
SUMO1,0.54117554
PMVK,0.5411754
RBM8A,0.54117376
UPF3A,0.5411728
TRIP4,0.54117197
MIS18A,0.5411707
RAB27A,0.5411684
SEC11A,0.5411673
SH3D19,0.5411663
USP5,0.5411646
SMU1,0.54116064
RCOR2,0.54115987
RAB3GAP1,0.5411586
HSPB8,0.5411574
ZNHIT1,0.54115707
WDR43,0.541157
SLC25A3,0.5411563
TRIM14,0.54115605
RBP1,0.54115504
PMF1,0.5411544
NOTCH3,0.5411534
TAB1,0.5411533
ZNF227,0.54115325
TRAPPC10,0.54115283
EMC9,0.54115134
TK1,0.54115117
SNRPA1,0.54115075
ZNF638,0.54115
VTI1B,0.54114956
TYSND1,0.54114854
STAG3,0.5411483
SUPT4H1,0.5411473
TJP1,0.5411457
RPN2,0.5411452
TEAD4,0.54114443
PSAT1,0.541143
RALGAPA2,0.5411426
INIP,0.54114074
TAF1B,0.5411383
SSU72,0.541137
SRP14,0.54113674
ST3GAL1,0.54113674
USP3,0.54113674
RABGGTA,0.5411356
RRN3,0.5411347
SART1,0.541134
RCAN2,0.54113245
PER2,0.5411323
ITGAE,0.5411291
TAF3,0.5411283
SCLY,0.54112804
OCRL,0.54112726
TAOK1,0.541127
USP24,0.54112655
GNG11,0.54112446
SLC9A3R2,0.5411243
WDR77,0.5411234
VPS25,0.5411223
PDCL,0.54112196
UBE4A,0.541121
TRAF4,0.54112005
RUFY3,0.54111946
TGFBR1,0.5411182
SRPK2,0.5411172
TCP1,0.54111403
TLN2,0.5411133
TRAF3,0.54111284
WIPI2,0.5411112
RAP2C,0.5411112
ZNF566,0.54110837
TBC1D1,0.5411078
PYGL,0.54110634
STAT2,0.54110426
TANC1,0.5411025
TIAL1,0.54109985
NELFA,0.54109937
PFDN6,0.5410978
SRGN,0.541097
SLC1A5,0.54109627
RXRB,0.5410951
WDFY2,0.54109484
SMUG1,0.5410941
S100PBP,0.54109246
SYDE2,0.54109085
TRMT6,0.5410884
VPS52,0.541087
PCDH7,0.5410869
SENP6,0.54108673
USF2,0.5410866
TAF1D,0.5410854
UBE2E2,0.54108495
RRP36,0.5410842
SUPT16H,0.54108244
TNFRSF21,0.5410817
PIH1D1,0.5410805
RGS10,0.5410788
SSBP1,0.54107827
UBA52,0.5410778
TMEM50A,0.5410767
ZNF738,0.5410766
SPTLC3,0.54107654
SENP5,0.5410763
SPIRE1,0.541076
ZNF776,0.5410751
ZNF431,0.5410743
ZNF350,0.5410726
RNF123,0.54107094
TFB1M,0.54107046
SERPINB9,0.54106927
TRPV2,0.541068
TMEM187,0.54105955
STAT4,0.5410571
SPTLC2,0.54105693
PIAS3,0.5410561
PTCD3,0.54105574
SNAI1,0.5410552
PLOD2,0.541055
STXBP3,0.5410549
POLR2D,0.5410519
PHKA1,0.54105043
RPS13,0.54104966
STK38,0.54104924
ZNF140,0.54104817
TMED1,0.5410468
YME1L1,0.54104596
TAF1C,0.5410458
ZNF90,0.5410446
RFX2,0.54104394
LCMT2,0.54104376
TECR,0.5410424
ZNF217,0.54104155
POGZ,0.5410402
TP53BP1,0.54104006
S100A6,0.54103976
TEAD1,0.5410387
UFC1,0.5410378
ZNF564,0.5410362
PRPF38A,0.54103404
SFSWAP,0.5410326
U2AF1L4,0.54102963
TXNL4B,0.54102904
TUBB4B,0.5410288
POMK,0.5410285
UFM1,0.5410247
YRDC,0.5410235
POMGNT2,0.54102314
SOS2,0.54102266
SCAF1,0.5410213
PLS1,0.54102063
SDCCAG8,0.5410191
ZBTB17,0.54101676
RBMX,0.54101634
RFX7,0.54101574
TRRAP,0.54101145
UIMC1,0.5410098
NELFCD,0.5410092
PNPLA2,0.54100853
STAU1,0.54100823
SRGAP1,0.54100734
SMG7,0.54100734
RNGTT,0.5410069
RGS14,0.5410055
RHOQ,0.5410053
TLR7,0.541005
UBE2D4,0.5410036
TLN1,0.5410032
TACC3,0.54100317
UAP1,0.5410026
YTHDC1,0.54100084
TNS3,0.54099816
WDR59,0.54099756
RHBDF2,0.5409959
RAB11FIP4,0.54099536
GNAO1,0.54099524
SHPRH,0.54099494
ZFYVE16,0.54099476
ZC3H13,0.5409947
SLC2A1,0.5409945
SKIL,0.54099363
SBF1,0.5409925
U2SURP,0.5409922
TRERF1,0.5409921
OSBPL1A,0.54099005
USP21,0.5409899
IFIH1,0.5409863
ORMDL1,0.540986
FUZ,0.54098564
PIK3C2A,0.5409854
ZNF506,0.5409851
SPARC,0.54098374
UBAP1,0.54098326
WHAMM,0.5409803
TRIOBP,0.5409801
TOP2A,0.54097944
SLC30A4,0.5409791
VAV2,0.54097867
NOP10,0.5409765
SH3BP4,0.5409757
RAP1B,0.5409745
SKA1,0.54097396
SNTB2,0.54097354
POMT1,0.540972
VPS33A,0.54096836
SH3PXD2A,0.54096705
TAF11,0.54096496
SPTSSA,0.54096365
IFT20,0.54096264
STRN3,0.54096013
YAP1,0.54095954
SH3PXD2B,0.5409578
SEH1L,0.5409572
NABP1,0.54095703
SMOX,0.5409555
TLE4,0.5409542
USP6NL,0.54095227
NPC1,0.5409503
SLC39A1,0.5409496
VASN,0.5409488
ZFP1,0.54094875
USP7,0.5409487
XYLB,0.54094833
NECAP2,0.5409466
SMARCA2,0.54094577
POLR1A,0.54094535
TNFRSF12A,0.5409443
SURF6,0.5409442
TAF4B,0.54094315
PIPOX,0.54094285
SPOPL,0.5409421
STIP1,0.54094166
TAOK3,0.540941
PNP,0.5409404
SRSF5,0.54093987
TSR1,0.5409398
HERC3,0.54093903
SPN,0.54093856
GSTZ1,0.5409382
SPTBN1,0.5409381
MRPS36,0.540938
LSM4,0.5409366
NAT1,0.5409362
VAMP3,0.54093474
RORC,0.54093313
RNASEH2B,0.54093194
TRIP10,0.5409307
UBXN4,0.54093033
CXXC5,0.5409297
FAM126A,0.5409295
TALDO1,0.5409264
LMF2,0.5409261
PFKFB4,0.5409245
TIMP3,0.54092425
SLC44A2,0.54092395
KCNG1,0.54092383
TPRN,0.54092133
QSOX1,0.54092085
NIT2,0.5409193
KLC4,0.5409189
SMARCC1,0.5409185
SEC24A,0.54091585
UQCC1,0.5409151
MRPS16,0.5409133
VKORC1L1,0.5409112
SEC23A,0.5409103
TGIF1,0.54091007
REXO4,0.54090905
SPAG7,0.5409089
TMPO,0.5409073
ZNF248,0.54090685
RNF169,0.5409059
SRD5A1,0.5408993
PTRH2,0.54089713
SNX2,0.5408963
SGPP2,0.5408955
STAT5A,0.540895
PICK1,0.5408946
ZDHHC2,0.54089427
RPAP3,0.5408928
TRMU,0.5408887
PHYKPL,0.5408887
PTPN9,0.5408883
SNAP23,0.5408878
SERINC5,0.5408874
UNC5B,0.54088736
SFI1,0.5408872
TMEM179B,0.5408866
SAE1,0.540886
SRI,0.54088527
PI4K2B,0.54088354
NAA20,0.54088336
YIPF6,0.5408819
ZNF44,0.5408813
TAF4,0.54088104
ST6GAL1,0.5408808
RAB2B,0.5408804
TMEM11,0.54087764
RNF130,0.5408762
PLD1,0.5408749
SRSF11,0.54087466
TULP4,0.54087263
SCAMP2,0.5408714
PRR5,0.54087085
RPL38,0.5408706
RCOR1,0.5408669
ME2,0.5408656
GPKOW,0.54086506
TGS1,0.54086393
SIN3A,0.54086316
TKT,0.54086155
TAF7,0.54086
TCEA3,0.5408599
ZDHHC8,0.5408598
THOP1,0.5408596
LRP1,0.5408583
PRDM4,0.5408577
PRC1,0.5408575
RAB33B,0.5408574
PHKA2,0.5408547
ZNF773,0.54085416
PURB,0.5408532
UQCC2,0.54085195
RPRD1A,0.5408507
NPR1,0.54085
YARS2,0.54084915
TMEM132A,0.540848
TRMT11,0.5408457
STAT1,0.5408444
RAB11FIP3,0.54084414
PTPN23,0.54084224
TRIO,0.5408415
SF3B4,0.54084015
PLCG2,0.5408389
TMOD3,0.5408372
FCHO2,0.5408362
SETDB1,0.5408351
RNF168,0.5408331
RALGAPB,0.5408324
SNRPB,0.54083204
UBC,0.540831
TLE3,0.5408305
ST3GAL6,0.5408304
SIRT2,0.54082894
ZRANB1,0.54082805
SPRED2,0.54082716
TMED10,0.5408271
SSH3,0.5408255
SSBP3,0.54082525
RORA,0.5408247
ZNF302,0.54082346
PARVB,0.5408232
INO80B,0.5408228
PGAP2,0.54082185
SMURF1,0.5408217
PDS5B,0.5408214
POLR2K,0.5408182
REC8,0.54081684
RSL24D1,0.54081607
SERPINE2,0.5408157
ROR1,0.5408127
SPG11,0.5408117
ZNF490,0.54081136
PSMB4,0.5408113
SIK3,0.540811
UPP1,0.54081035
WDR4,0.54080915
NDUFA1,0.5408085
MRPL51,0.54080737
STX8,0.5408069
RPS15A,0.5408066
SP1,0.54080445
SLC15A4,0.5408041
SEPHS2,0.5408037
CSAD,0.5408031
SRSF10,0.5408028
RAD23B,0.5408023
SIPA1,0.5408019
UBN1,0.5408
PLA2G12A,0.5407996
XRN2,0.5407995
SDF2,0.54079914
SUGP1,0.5407987
RANGAP1,0.54079825
TNFRSF10A,0.54079586
PDPK1,0.54079574
TNK2,0.5407954
TRAF3IP2,0.54079366
TACC1,0.5407931
PLEKHM2,0.5407921
SEC31A,0.54079
PRKCD,0.540788
PNPT1,0.54078764
MSMO1,0.5407873
LEPROT,0.54078555
TUBB2A,0.5407838
STK3,0.5407835
TRIT1,0.5407826
SSR1,0.54078245
SHC1,0.54078215
LHX6,0.5407815
RCOR3,0.54078126
KCNN3,0.54078084
TBC1D10B,0.5407803
SLC7A11,0.54077935
UCK1,0.5407793
RPRD2,0.5407785
VCL,0.54077786
ZNF567,0.5407777
PPIP5K2,0.5407773
CDC7,0.5407767
SLC25A13,0.54077196
SMC4,0.54077137
TMSB4X,0.540769
TEX264,0.54076874
PACS2,0.5407667
POLR2G,0.5407646
RAD52,0.5407643
RFC2,0.540764
ZNF136,0.5407625
ZNF7,0.54076165
WDR45,0.5407605
QDPR,0.540759
PSMB8,0.54075843
SCNN1A,0.5407564
ITPKC,0.54075474
SLC25A38,0.5407545
LIG4,0.5407537
RASD2,0.5407512
TSNAX,0.5407502
RNF216,0.54075015
IRF8,0.5407492
S100A11,0.54074734
RPL10A,0.540747
RAB5B,0.54074675
THUMPD1,0.5407447
PPP4R1,0.54074395
RAD18,0.54074323
TRUB1,0.5407414
PAK4,0.5407404
VPS54,0.54073966
SPRED1,0.54073966
SEC22A,0.5407384
PBDC1,0.5407381
UBA6,0.5407368
WDR41,0.54073673
SRRM2,0.540736
UBE2Q2,0.5407352
PLD6,0.5407345
CENPQ,0.54073393
SCMH1,0.5407338
PRKCH,0.5407337
SRP72,0.5407333
MRPL30,0.54073316
SEC14L1,0.5407282
LTN1,0.5407282
DOK1,0.5407276
TOPORS,0.5407268
RCSD1,0.5407229
SEMA3C,0.54072267
PRPF8,0.54072136
ZNF555,0.54071856
PPP2CA,0.5407185
RPS26,0.5407171
RNF217,0.5407169
ZYG11B,0.5407148
ITGB6,0.54071456
IFIT3,0.5407145
SHISA5,0.5407138
SPDYA,0.54071355
PPP4R2,0.5407133
RAB5A,0.5407053
PTDSS1,0.54070145
SNCA,0.5407014
ZNF221,0.5406992
ZNF286A,0.5406987
NAA30,0.5406973
TDP2,0.54069656
TLE1,0.540696
TUBGCP4,0.5406959
SNRNP70,0.5406955
SEC13,0.54069114
MRPS35,0.5406905
RPS6KB1,0.5406902
IL11RA,0.54068726
SSH2,0.5406847
ST3GAL4,0.5406839
INTS12,0.5406834
RBL2,0.5406807
SLBP,0.54068005
RPTOR,0.54067785
SURF4,0.5406772
TTC12,0.54067636
RPL18A,0.5406755
POLR2F,0.5406749
MCM8,0.5406714
RPL36AL,0.54067075
IVD,0.54067
IL10RA,0.54066724
RPS3A,0.54066664
TRPC4AP,0.54066664
TRIP11,0.54066426
SAFB,0.54066116
PANK1,0.5406609
WDR19,0.5406606
MRPS24,0.5406599
PEX1,0.5406596
TBCEL,0.5406593
PSEN2,0.54065865
RYBP,0.5406574
TMEM214,0.5406561
ITGB2,0.54065496
VIPAS39,0.54065484
SKA2,0.5406544
MED20,0.5406541
GPD1L,0.5406522
PRRT2,0.54065096
RMND5A,0.5406509
LAMTOR5,0.54064846
TUBD1,0.5406477
PSMB6,0.54064626
PLCB3,0.54064524
SDC2,0.5406421
RIMKLB,0.5406412
RGS5,0.54063994
SIGIRR,0.5406388
RAD23A,0.5406377
PKP4,0.5406372
RANBP6,0.54063576
NCAPH,0.54063565
STEAP3,0.5406348
MFAP1,0.5406334
SERPING1,0.54063165
SPAG9,0.5406277
PARP14,0.54062694
RPL6,0.54062545
RCAN1,0.5406251
RLIM,0.540623
SHOC2,0.5406221
ST14,0.54061985
TPD52L1,0.5406194
PRMT5,0.54061854
RPL34,0.54061776
ZNF415,0.5406143
PSPC1,0.54061115
TREX1,0.5406105
SRSF9,0.5406091
SMYD3,0.54060894
INTS8,0.54060864
SEC61A1,0.54060656
TUBB,0.5406064
FBF1,0.54060525
SGMS1,0.5406052
ST3GAL3,0.54060465
SSBP2,0.5406036
SMC5,0.54060316
PEX19,0.5406021
OCLN,0.54059887
TOX4,0.5405988
TSN,0.54059744
VPS53,0.54059726
RGS1,0.54059684
RAB6A,0.5405962
RWDD3,0.54059297
MED6,0.5405927
KLHL12,0.5405919
TAP1,0.5405913
DPP7,0.54058903
TXNRD1,0.5405878
SPTAN1,0.54058754
SLC25A20,0.540587
STIM1,0.54058546
TADA2A,0.54058474
KIFAP3,0.54058444
TNKS1BP1,0.5405835
RPS5,0.54058176
SLC1A1,0.54058075
ZDHHC9,0.54057896
TFCP2,0.5405778
RAB9A,0.54057735
SEMA4C,0.5405768
NME2,0.54057574
SPATA5,0.5405746
SMARCAL1,0.5405737
TAB3,0.54057324
PANK3,0.54057276
NR4A3,0.54057026
STX1A,0.54056984
PPP1R8,0.54056877
RUSC1,0.54056805
SMAD6,0.54056597
PRDX2,0.54056495
RPL28,0.54056317
TNKS,0.54056257
RPAP1,0.5405618
POGLUT1,0.5405605
RABGEF1,0.5405601
REV3L,0.5405567
PCBP4,0.5405556
RXRA,0.54055524
JUND,0.54055387
STARD3,0.540553
POLA1,0.5405493
RPS6KB2,0.5405484
TOP2B,0.5405474
PPCDC,0.5405462
STT3A,0.54054606
RACGAP1,0.5405454
POLA2,0.54054445
PAN2,0.54054326
EVI2A,0.5405387
PPRC1,0.54053676
PRPF31,0.54053605
TPI1,0.540536
FCGR2A,0.54053515
TADA3,0.5405312
ZNF143,0.54053116
TEK,0.5405308
STK36,0.54052997
ME3,0.54052943
PDGFD,0.54052705
PSMB3,0.5405266
SLC7A6,0.5405258
PGP,0.5405254
SNRNP48,0.5405252
REPS1,0.5405252
TAF1,0.5405251
TMEM63A,0.5405238
ZNF317,0.54052293
VGLL3,0.54052234
TPT1,0.54052126
MBTPS2,0.5405212
PCGF2,0.54052025
RPL31,0.5405196
MADD,0.5405186
RNF11,0.5405153
USP43,0.5405153
RPL7L1,0.54051256
LIN52,0.54050887
INTU,0.5405087
RHOT1,0.54050857
OPN3,0.54050714
PDCD10,0.5405055
EPHA1,0.5405054
SNRNP200,0.5405042
KIF5C,0.5405027
MED25,0.5405002
TMC6,0.5405002
RICTOR,0.5404982
SCARA3,0.54049766
ZSCAN32,0.5404973
PCYT2,0.5404973
PIGL,0.5404968
PISD,0.54049647
SCFD2,0.54049635
SAMD8,0.5404953
RNF19B,0.54049504
PYGO2,0.54049253
STUB1,0.54049236
RIOK1,0.54049164
POMP,0.54049075
SAP30BP,0.5404899
SNX5,0.54048985
PPP2R1B,0.5404898
PIGO,0.54048854
SREBF2,0.540488
LLGL2,0.5404878
WDR62,0.54048526
RNPS1,0.5404846
NFYA,0.54048395
STOM,0.54048365
PPM1B,0.5404834
STT3B,0.54048324
RABEP2,0.5404816
NRF1,0.5404793
SREK1,0.54047877
PRKD2,0.54047877
SPG21,0.54047734
TCERG1,0.5404765
RYK,0.5404765
ZNF493,0.5404736
SCD,0.5404711
MOCS3,0.5404711
SLC16A3,0.54047096
RASA2,0.5404709
PEA15,0.54046863
STK38L,0.5404686
RPSA,0.5404683
SLC39A7,0.54046535
ISG20L2,0.54046464
NPHP3,0.54046303
MYLIP,0.5404625
PSME4,0.5404621
RTCA,0.5404612
THEM4,0.5404609
PPP3R1,0.5404596
TOP3A,0.5404594
GNA15,0.54045814
TRIM23,0.5404543
RNF25,0.54045135
SEC63,0.5404494
TFDP2,0.5404484
MOCS1,0.5404465
MAPRE2,0.54044604
MTMR7,0.54044604
UBAC1,0.54044557
HMOX1,0.54044485
RNPC3,0.54044414
TBC1D5,0.5404441
PPP2R2A,0.54044396
SUMO3,0.5404433
RIF1,0.5404426
UBA5,0.5404424
PPP2R5A,0.5404397
PRKRA,0.5404383
PPP3CB,0.54043764
PASK,0.54043764
PAPOLA,0.54043764
INPP5K,0.5404363
RNF103,0.54043573
RAB1B,0.5404357
TUBA1B,0.5404344
RPS6KA1,0.5404322
SMURF2,0.54043126
SLC30A6,0.54043126
HSPB2,0.54043114
LSM5,0.5404308
SMDT1,0.54042995
ODF2,0.5404282
MERTK,0.5404267
PRKRIP1,0.5404261
RUNX2,0.5404258
PHF21A,0.5404257
NME4,0.54042494
RIOK3,0.54041964
RPS15,0.54041785
PKD1,0.5404167
STXBP4,0.5404165
SMAD1,0.54041564
RPS18,0.54041415
SMG6,0.5404134
MRPS9,0.54041296
PLK2,0.540412
ZNF79,0.54041165
RHOBTB3,0.54041076
RPS20,0.5404105
RNASET2,0.54041034
SH3GLB1,0.54040855
RNF181,0.5404082
SGIP1,0.5404075
SRGAP2,0.5404067
SERBP1,0.54040635
SCARB1,0.5404063
SRCAP,0.5404047
MED9,0.5404018
MRPL45,0.5403989
PDE5A,0.5403973
SUMF1,0.5403968
SSR3,0.5403967
PIK3C3,0.54039454
SPIN1,0.5403941
SLC25A28,0.5403937
SEC24D,0.5403915
MRPL48,0.5403884
USO1,0.54038763
RFX3,0.54038537
RCC1,0.5403838
LUC7L,0.54038256
LNPEP,0.54038215
ROCK1,0.5403821
HYLS1,0.5403821
TFAM,0.54038006
PVR,0.54038006
MON1B,0.5403797
STARD4,0.5403761
SNAPC1,0.5403747
SH2D3A,0.5403738
PSMD11,0.54037315
NDUFAB1,0.54037297
RBFOX2,0.54037267
LAMTOR3,0.54037184
RHBDD1,0.5403715
PNN,0.54037094
XRN1,0.5403701
POLD2,0.54037005
ZNF235,0.54036963
NT5E,0.54036963
SCD5,0.54036796
KDM6B,0.5403673
TEAD2,0.54036635
SLC6A9,0.5403638
PFKFB2,0.5403634
ICMT,0.5403631
PGAM5,0.54036236
PIK3R5,0.54036224
RAP1A,0.540361
MX2,0.5403607
PRKAA1,0.5403591
NNT,0.5403567
RNF111,0.5403529
NRBP1,0.5403517
RAB42,0.54035103
RBBP6,0.5403507
SMS,0.5403504
RPP38,0.54035026
RAD50,0.54034954
STK40,0.54034877
RALY,0.5403486
SLAIN2,0.54034835
RTN3,0.54034746
THOC5,0.5403463
TRAPPC9,0.54034466
WDR81,0.54034406
RPL7,0.5403421
RPL23A,0.540342
SLCO3A1,0.5403413
RAPGEF1,0.54034066
MR1,0.54033947
GDPD1,0.5403388
PTPRN2,0.54033756
RNF31,0.5403361
SMYD5,0.5403358
SKAP2,0.54033536
RBM22,0.540333
RDH10,0.5403311
SIRT3,0.54033077
RAB10,0.5403302
PPFIA1,0.54032934
PCID2,0.54032886
MRPS10,0.5403288
PDCD11,0.54032713
RALGPS2,0.540327
MSRB3,0.54032683
SP3,0.5403256
NDUFB1,0.54032195
RGS19,0.5403218
PDLIM2,0.54032147
RAVER1,0.54032
LDB2,0.5403189
PTPN13,0.5403189
IDH3G,0.5403184
THRA,0.5403171
NR4A2,0.54031503
RNF220,0.5403135
SIN3B,0.54031295
MLX,0.54031265
INPP5D,0.5403122
PIP4K2A,0.54031044
OXNAD1,0.5403079
PHC3,0.5403071
TMEM216,0.5403071
ROCK2,0.54030687
USP45,0.5403066
SF3B3,0.5403062
ZNF57,0.5403058
RTN4,0.5403056
RAP2A,0.5403
PEX14,0.5402997
PTPRM,0.540296
RPL7A,0.54029584
PYCR1,0.54029584
NR2C1,0.54029554
SEMA6A,0.5402953
PMPCA,0.54029465
YIPF5,0.54029447
PSMD10,0.5402932
S100A3,0.5402928
RPL32,0.5402896
PLEKHA2,0.540289
RBM14,0.54028857
PKN3,0.5402882
RCL1,0.5402876
RAB11A,0.5402874
PGGT1B,0.5402834
LCP2,0.5402807
HCFC2,0.5402803
SBF2,0.5402797
PDIA3,0.5402788
TELO2,0.5402788
RAD51C,0.5402785
LDLRAP1,0.5402761
OPA1,0.5402753
ZNF101,0.5402744
RNF40,0.540274
ZFPM1,0.5402734
TIMM8A,0.54027075
STXBP2,0.54026973
PPM1A,0.5402683
TSSC4,0.5402674
NUDC,0.5402672
TBC1D15,0.5402652
DSTN,0.54026514
HOXA1,0.5402641
RPL35A,0.5402621
HAVCR2,0.5402615
STK4,0.5402607
PSME1,0.5402604
KIF18A,0.5402596
RPL21,0.54025894
MIF4GD,0.54025817
PSMD3,0.5402574
POLL,0.5402573
TUBG2,0.54025435
OAT,0.54025394
NRBF2,0.54025275
MFN1,0.5402519
PFDN5,0.5402506
SH3GLB2,0.54025054
TGIF2,0.54025024
PPIL2,0.54024875
PPAT,0.54024786
NSUN4,0.5402466
PRCP,0.54024494
PDIA4,0.5402435
LAMC2,0.54024285
LIN7C,0.54024243
PLAGL1,0.5402419
POU2F2,0.54024124
SRRM1,0.540239
SART3,0.5402369
NLRC5,0.54023665
OPRL1,0.54023635
RFX5,0.5402336
RAB12,0.54023355
NUBP2,0.54023325
SP100,0.5402332
RASGRP3,0.5402315
SERP1,0.5402304
MRPL11,0.54022956
PSMB2,0.54022896
PSMB9,0.5402253
SKIV2L,0.54022384
SAV1,0.5402211
RMI1,0.5402205
RPF1,0.54021406
POLR3A,0.5402118
GMPR,0.54021156
PMEPA1,0.54021096
RBM19,0.54020536
ITGA7,0.5402053
RAD51D,0.54020447
ZNF253,0.54020315
MRPS31,0.5402026
RBBP4,0.5402024
SLC35E3,0.5401994
TBL3,0.5401975
PPP6R2,0.54019725
MBOAT2,0.54019713
STARD13,0.5401955
TTK,0.54019463
ZNF814,0.54019403
RPS27L,0.5401931
PTPN1,0.54019207
PTBP2,0.5401919
LYPLA2,0.5401897
PIGK,0.54018927
TNRC6B,0.54018915
RSRC1,0.540189
PPIE,0.5401888
LRIG1,0.54018867
SERPINB8,0.5401884
PLCB4,0.54018766
RABGGTB,0.54018366
ST6GALNAC4,0.5401821
XYLT1,0.5401821
RPL37,0.54017967
PREX2,0.54017943
RNF138,0.54017776
MAFK,0.54017776
FBXL8,0.5401764
SH2B1,0.54017556
LRIG2,0.54017544
IK,0.5401727
TIMM17B,0.54017204
TNFRSF10D,0.54017
RAB1A,0.5401682
FOSL1,0.5401656
RDX,0.54016554
PSMD12,0.540165
SUN1,0.54016286
TM2D1,0.5401624
NVL,0.5401617
MRTO4,0.5401608
PLCH2,0.5401584
PTPN4,0.54015785
ZNF10,0.5401577
PPP1R3B,0.5401574
PLEKHG3,0.540157
RPS12,0.54015684
ZNF234,0.54015553
NT5C3A,0.54015464
DBNL,0.5401538
PPIL4,0.5401536
TMEM97,0.54015267
SMYD4,0.5401522
NCAPG,0.5401514
PKN2,0.5401513
MRPL55,0.5401501
LSM10,0.54014975
PTMS,0.5401483
NDUFV2,0.54014814
ZFP36L2,0.54014605
SCLT1,0.54014534
PSMC6,0.54014415
MTMR1,0.54014367
PLEKHA7,0.54014254
RHNO1,0.540142
MICAL2,0.5401414
RAB40B,0.54014087
SPIRE2,0.54014045
ZNF621,0.5401379
RBM39,0.540137
IL21R,0.540137
RPL12,0.5401362
SEC62,0.5401357
SARM1,0.5401354
PTPN14,0.5401347
TMED5,0.540133
ZNF780A,0.54013294
RGL2,0.5401328
TDRD3,0.5401326
SEC61A2,0.54013133
UPRT,0.5401313
SH3RF1,0.5401306
MICU1,0.5401305
PDK3,0.5401302
SIL1,0.54012907
SOCS3,0.54012746
UBL7,0.54012424
NAA40,0.5401232
NCOA1,0.54012126
WNT2B,0.5401204
TNKS2,0.54011863
RNF38,0.54011446
PRPF3,0.54011285
RNF24,0.5401121
SAFB2,0.54011154
PATL1,0.54011124
POLDIP3,0.54011095
RPL26,0.54010725
RAB3GAP2,0.54010457
PRDX6,0.540103
RNF2,0.5400984
MAPK7,0.54009724
MMADHC,0.54009706
ZNF155,0.5400961
PTPMT1,0.54009545
SLC35A2,0.5400941
TBC1D8B,0.54009247
PEX11A,0.54009193
RPA2,0.54009134
SMARCD3,0.5400913
RIN1,0.5400908
RANBP1,0.5400899
PIGB,0.5400873
RAN,0.5400872
PRDX1,0.5400846
PNKP,0.5400843
MRPL18,0.5400841
NOSIP,0.54008305
SEMA3A,0.5400817
TESK1,0.54008096
PRKCI,0.5400797
RBM28,0.5400781
TCTN2,0.5400778
MNAT1,0.54007745
LEF1,0.540076
PECR,0.5400751
MPND,0.54007465
NAA35,0.5400738
MRAS,0.5400733
FRK,0.5400728
PSMB7,0.5400727
TUBGCP2,0.54007256
OSBP,0.54007226
TRMT1,0.54007167
TRNAU1AP,0.54006994
REEP5,0.54006946
MTRF1L,0.54006934
UROS,0.54006714
PDHX,0.5400662
ZNF529,0.5400653
ROBO1,0.54006404
TIPRL,0.540063
SMAD7,0.54006207
RERE,0.54006165
STAMBP,0.5400613
PIGM,0.54006076
RBM25,0.5400591
SENP3,0.5400575
PPP1R10,0.540057
RMDN3,0.540057
LSM11,0.54005516
FHOD1,0.54005426
LRP12,0.54005414
PGD,0.54005355
WDR5B,0.5400532
RRAGC,0.5400528
PER3,0.5400525
MRPL17,0.5400513
PGM2L1,0.54005116
RABL2A,0.54005057
HPDL,0.54005045
SYNJ2,0.54004973
EME2,0.5400493
RCN1,0.5400482
RPA1,0.54004735
PAPSS1,0.54004514
MANEA,0.54004097
NUP50,0.54004025
PHF12,0.54003847
ZNF2,0.5400361
GIMAP4,0.5400361
PRPF40A,0.5400322
SCN1B,0.54003215
JAG1,0.5400308
RPL8,0.54003036
RPS19,0.54003024
F2R,0.540029
LIPE,0.5400285
SIRT1,0.54002833
PNPLA6,0.54002607
RPS17,0.5400245
ORC4,0.5400244
RAP1GDS1,0.5400236
PRMT1,0.54002255
USP19,0.54002136
TBC1D24,0.54002124
PHF19,0.5400199
SLC11A2,0.54001796
RB1CC1,0.5400168
PCDHB5,0.5400136
GLRX5,0.5400132
LAS1L,0.5400126
PRKACB,0.54001194
PNKD,0.5400117
OLA1,0.54001147
MED26,0.5400111
RAC2,0.54001087
MAD2L2,0.5400081
PANK2,0.5400073
ELP5,0.54000545
SETD2,0.540005
TAF8,0.540005
DGKA,0.5400043
TICRR,0.54000324
KIF9,0.5400029
GCDH,0.54000235
TAZ,0.5400018
RABGAP1,0.54000103
PDCD4,0.54000074
FBXO25,0.53999954
RBM15B,0.5399979
RPS27,0.5399973
PTGES3,0.5399966
RAB2A,0.53999484
RSL1D1,0.5399946
IRF1,0.5399946
PLEC,0.5399944
PIWIL4,0.53999436
NUP160,0.5399924
MAP3K6,0.5399924
RABEPK,0.5399921
MRPL21,0.53999114
PLD3,0.53998727
NECAB3,0.5399871
LZTS3,0.53998655
TBC1D2,0.53998554
MTMR14,0.5399854
PPIL1,0.539985
PSMB1,0.53998494
RNASEH1,0.5399847
RRP1B,0.53998435
PNO1,0.53998417
PEX26,0.53998417
POLR2C,0.5399841
PTTG1,0.53998363
PNRC2,0.5399833
SHROOM3,0.5399831
NPC2,0.5399802
SMPD2,0.539978
LAMA2,0.5399778
ULK2,0.53997684
SMPD4,0.53997594
RRP1,0.5399757
NDEL1,0.5399749
NMNAT2,0.53997374
NDUFAF1,0.5399719
MTDH,0.53997105
NR1D2,0.5399704
SEPHS1,0.5399699
RANBP9,0.5399694
SYNE3,0.5399688
RPS27A,0.5399676
PLOD3,0.539967
PIGG,0.5399661
RPS4X,0.5399657
SRP9,0.5399648
PTP4A3,0.5399622
ORAI3,0.53996164
POLR2A,0.5399588
RAB4A,0.53995764
PCNT,0.5399557
EHD4,0.53995514
SATB2,0.53995466
NEK1,0.5399544
PTPRJ,0.53995246
NUF2,0.5399511
NAPA,0.53994966
PDGFC,0.53994715
PPP1R13B,0.5399471
PFKFB3,0.539945
POFUT1,0.53994185
PTCD1,0.5399394
PSEN1,0.5399393
SLC19A1,0.53993803
NANS,0.5399371
ZNF500,0.53993684
PPP2R5E,0.53993577
NEDD4L,0.5399331
TBC1D23,0.53993267
PSMA7,0.5399325
PIF1,0.5399313
PSME3,0.53993034
SENP1,0.539929
RPL27,0.5399287
PYGB,0.53992754
OPHN1,0.5399275
SREBF1,0.5399274
PHB,0.5399268
LGALS8,0.5399263
TNFSF13,0.539926
RPS11,0.53992486
OAS3,0.5399241
NDUFB4,0.539922
MPHOSPH10,0.53992003
MEPCE,0.5399194
GNL2,0.53991705
MRPL20,0.5399169
TIMMDC1,0.53991497
NSA2,0.5399138
LPCAT3,0.53991336
PEMT,0.5399128
PDE6D,0.53991246
SIRT6,0.5399119
PPOX,0.53991145
PPP6R3,0.5399089
KHDRBS3,0.5399056
NCOA2,0.5399052
ITGAL,0.539905
CSF2RB,0.53990483
MRPL28,0.5399028
PDE8A,0.5399028
IKZF4,0.5399018
PPP1R15A,0.53989756
STAM2,0.5398975
PSME2,0.53989697
MAN2A2,0.5398955
LY86,0.5398916
POLR3E,0.53989154
RAB14,0.5398896
LMTK2,0.5398877
RFC1,0.5398864
EIF1B,0.5398841
PGRMC1,0.53988314
NUDCD3,0.5398828
FAM220A,0.5398818
PYCARD,0.5398789
MAP3K3,0.53987634
LMAN2L,0.53987443
PIAS4,0.53987414
RPS6KA2,0.53987217
NFE2L1,0.53987026
PDLIM1,0.53986895
PUM2,0.5398676
PGAP1,0.5398668
PRKDC,0.5398646
PPA1,0.53986377
PSMG2,0.5398621
SLC27A1,0.5398551
RAB31,0.53985506
PPM1K,0.5398536
TRIM3,0.5398516
MFN2,0.539851
PCDH18,0.5398501
MEAF6,0.53984994
NAA25,0.5398491
PPP4C,0.5398489
RAPH1,0.5398482
THSD1,0.5398454
PUM1,0.53984255
ZNF442,0.53984135
P2RY11,0.53984094
LRP4,0.5398404
HERC1,0.5398396
NUP62,0.53983945
PRMT3,0.53983694
RHOB,0.53983647
QTRT1,0.5398354
RAD54B,0.53983504
TONSL,0.5398337
MAP2K7,0.5398306
DAPP1,0.53982925
PODXL2,0.5398289
SLC7A5,0.539828
MAGI3,0.53982747
HSD17B7,0.53982687
SYNE1,0.5398227
RRP15,0.53982157
FERMT3,0.53982
MYSM1,0.53981996
PLCE1,0.5398198
HSPA12B,0.5398193
PITPNM1,0.53981745
RPS23,0.53981686
MBOAT1,0.53981644
INTS7,0.53981596
USP35,0.5398156
SNIP1,0.53981316
PSMA5,0.539813
PDE4B,0.5398124
PCBD2,0.53980863
NES,0.53980774
RBX1,0.5398076
MAPK6,0.53980744
RAB21,0.5398067
PCSK7,0.5398038
PRICKLE3,0.5398036
RRP12,0.5398032
NDUFB9,0.5398025
SUCLG1,0.53979987
MYADM,0.5397998
COL9A2,0.53979665
PLEKHG2,0.5397959
MYCBP2,0.53979474
PCGF3,0.5397917
PUF60,0.53979164
PIR,0.53979045
MFAP3,0.53979003
NUTF2,0.53978795
PRKCE,0.5397869
SYTL4,0.539786
IRAK3,0.5397836
JDP2,0.53978354
PNISR,0.53978354
NAA16,0.53978324
NLGN3,0.53978246
VARS2,0.5397814
POLR2J3,0.5397811
HPS6,0.53978044
RANBP3,0.53977966
PDXDC1,0.5397791
PRKCA,0.5397788
TAP2,0.5397778
GLO1,0.5397768
NNMT,0.53977364
NFYC,0.5397734
RPL24,0.53977305
NLE1,0.539773
DYRK1B,0.5397674
NSMCE2,0.539767
PKN1,0.5397653
MRPS23,0.539765
GEN1,0.53976405
PSMD2,0.53976357
RPL11,0.53976345
VMA21,0.53976345
PTDSS2,0.53976303
DCLRE1A,0.53976274
PTPRA,0.5397615
NIP7,0.53975993
MRPS11,0.5397578
NSMAF,0.5397557
TIAM1,0.5397556
MTHFD1,0.53975517
KCNMB3,0.539754
TEP1,0.5397537
ZNF383,0.5397534
POLR3H,0.5397533
RBBP5,0.53975195
RCC2,0.5397517
SCAI,0.5397507
PLTP,0.5397497
ZNF225,0.5397487
PMPCB,0.539748
TDRKH,0.53974706
MTHFS,0.5397469
NOP56,0.5397464
OAS1,0.5397464
SEMA4G,0.5397464
RPS29,0.53974557
TLR3,0.53974557
PAFAH1B1,0.53974515
MASTL,0.53974414
SNRNP40,0.53974247
KLC2,0.5397385
RAB5C,0.5397367
PTBP1,0.5397358
NEIL2,0.53973466
NUP188,0.5397337
DEPDC1,0.5397307
PIK3CD,0.53973
NUDT21,0.5397296
PAAF1,0.5397292
DDX58,0.53972906
SLC12A8,0.5397287
PPCS,0.53972846
ENC1,0.53972566
PEX11B,0.53972447
LPGAT1,0.53972316
TRAPPC5,0.5397229
RELA,0.53972286
POU2F1,0.5397221
NR3C1,0.5397213
PACSIN2,0.5397207
RAP2B,0.53972
PRICKLE2,0.5397186
STX12,0.53971833
PAGR1,0.53971815
KRT80,0.5397179
PPP2R1A,0.53971744
PEX11G,0.5397163
PXN,0.5397161
PPM1L,0.5397158
NR6A1,0.5397151
PURA,0.53971505
RASAL2,0.5397121
POLI,0.5397117
LRRC8D,0.53971153
RAD9A,0.5397111
PALLD,0.5397081
SCFD1,0.53970784
NAA60,0.53970593
MYL12A,0.539704
PREB,0.5396998
SLC25A24,0.5396987
LRRC4B,0.53969854
RGS17,0.53969425
POLM,0.539693
MIEN1,0.5396924
PARVA,0.5396912
PDHA1,0.5396901
PFKL,0.53968835
GTF2H1,0.53968686
MRPS5,0.5396864
TP73,0.53968537
PCYT1A,0.53968394
PHC2,0.5396823
TIMELESS,0.53968126
GPR153,0.53968006
PCDH1,0.5396787
MRPS27,0.53967845
RECQL,0.539674
PIP5K1A,0.5396739
RSF1,0.5396736
FIG4,0.5396731
SCYL1,0.5396711
PYCR2,0.53967017
PIK3AP1,0.5396697
SGSH,0.5396689
RCCD1,0.53966856
PSMB10,0.53966844
PILRA,0.539667
RPL19,0.53966665
PPIH,0.53966665
KRI1,0.5396662
DAPK3,0.5396653
MTF2,0.5396651
PREPL,0.5396626
RPL41,0.5396624
RBCK1,0.539661
MRPL19,0.53965926
RIC8B,0.539658
SEC24B,0.53965753
RPL23,0.53965694
SENP8,0.53965694
TRAPPC4,0.53965586
RPLP0,0.5396519
PPP1R12A,0.53965104
TGM1,0.5396496
REV1,0.5396494
MMP11,0.53964806
COQ10A,0.53964657
PSMD9,0.53964645
SOCS5,0.5396459
MGST1,0.5396456
RPS9,0.5396448
DIABLO,0.53964406
NELFB,0.53964347
PPARD,0.5396422
GMPPB,0.5396411
HNRNPLL,0.53964037
RTF1,0.53963983
SECISBP2,0.5396394
PEX16,0.53963876
GPS1,0.5396382
DKC1,0.5396356
PDE4C,0.53963536
NOL8,0.5396331
PDE1A,0.539633
PAWR,0.5396306
SAT1,0.53963
MPP7,0.53962934
MYO7A,0.5396292
MOGS,0.5396264
JUNB,0.53962624
NDE1,0.5396261
RHOT2,0.5396261
KCNMA1,0.5396258
PHACTR1,0.5396245
NIPSNAP1,0.53962433
SMG1,0.53962326
MAST2,0.5396216
FAIM,0.53962106
PDRG1,0.5396205
SDAD1,0.53962004
NUP54,0.5396197
ZNF573,0.53961957
NOLC1,0.5396189
MCCC2,0.5396162
ITSN2,0.53961474
NUSAP1,0.5396147
SLC18A2,0.5396147
PLSCR1,0.5396142
POLK,0.5396139
PDE8B,0.53961307
PRR5L,0.53961307
PPP1CC,0.5396128
INSR,0.5396109
METTL21A,0.5396099
SYNGR1,0.53960896
NGLY1,0.5396086
MCM3,0.53960544
MYO1C,0.5396049
RND3,0.5396042
PRPSAP1,0.5396036
ZNF699,0.53960305
OXSR1,0.5396021
TRIM11,0.53960085
SPATA13,0.5395998
RAB3IP,0.5395987
RBM34,0.5395985
RASA3,0.53959846
RAB37,0.53959846
MRFAP1,0.53959644
RHEB,0.53959644
PTK2,0.5395945
MTA3,0.5395942
MAP4K5,0.539594
POM121,0.5395927
PHLPP2,0.5395913
RPS8,0.5395911
NUP133,0.53959084
NCOA6,0.53958976
PTPRE,0.53958803
PKD2,0.5395878
RPS2,0.5395866
DDX55,0.539586
NCK1,0.53958595
OBSL1,0.5395857
MZT1,0.53958464
EMD,0.539584
PTPRS,0.5395828
ZNF546,0.53958136
MAGI2,0.53958106
RC3H1,0.5395792
SPINT1,0.53957874
MED7,0.53957796
RRAGD,0.5395762
PC,0.53957117
RAB8A,0.5395702
KCMF1,0.53956884
TMEM115,0.5395678
NRIP1,0.5395677
PSMB5,0.5395665
POP7,0.5395664
PJA2,0.5395644
ZNF823,0.5395632
NPM3,0.53956085
MAP4K4,0.53956074
PLAA,0.5395604
ZNF354B,0.5395596
ZNF528,0.53955716
IPO13,0.5395569
RPL29,0.53955597
NEU3,0.53954774
SLC25A12,0.53954774
LNX1,0.5395467
PPID,0.53954667
NLRP1,0.5395465
SHB,0.539546
PFDN2,0.5395441
NMD3,0.5395425
PTPN12,0.53954166
PDE4A,0.5395413
PPIF,0.5395412
NCOA7,0.5395402
MBTD1,0.53954005
NTN4,0.539539
VAMP4,0.5395385
RPAP2,0.5395384
IMPDH2,0.5395382
PRKD1,0.5395382
WDR48,0.53953767
OSBPL5,0.53953743
MTMR10,0.53953177
PARD6B,0.5395303
PIK3R6,0.53953
MPC1,0.5395298
PSMC5,0.53952557
NFYB,0.5395245
SHARPIN,0.5395224
NEIL3,0.53952163
HJURP,0.5395213
HK2,0.5395207
PDSS1,0.53952
IRF3,0.53951854
L3MBTL2,0.53951836
PDPN,0.5395181
RCHY1,0.53951675
RBM17,0.53951466
KIF15,0.5395144
LRSAM1,0.5395132
SCAP,0.5395101
PPP2CB,0.5395098
IRS1,0.5395091
PRKAR2B,0.53950614
SLC30A1,0.5395061
NFIA,0.53950554
IMP4,0.53950447
NUP205,0.5395033
N6AMT1,0.5395025
PPP1R7,0.53950155
SETD7,0.53950083
FAM20A,0.53949946
MPP5,0.53949875
PPP5C,0.5394985
POLG2,0.5394985
PPP1R16B,0.5394977
POLR3F,0.53949624
PIKFYVE,0.5394943
DCTN3,0.53949076
MSL2,0.5394899
COX11,0.5394873
PLOD1,0.53948706
PORCN,0.539487
MEGF8,0.53948635
ZNF333,0.5394855
PCDHB15,0.5394854
MAPK8IP1,0.5394848
FAHD2A,0.5394847
MCAT,0.5394844
PIP4K2C,0.539483
KPNA3,0.5394829
NR1H2,0.53948015
PDPR,0.5394801
MECOM,0.53948
MAGOH,0.5394793
NAA10,0.5394784
PPIG,0.5394778
SAP30,0.53947616
MRPL2,0.5394755
PPP1CB,0.539475
SEMA7A,0.5394743
PTAFR,0.53947395
SHMT2,0.5394736
PUS7,0.53947234
HOXB3,0.53947175
RPL3,0.5394699
PIK3C2B,0.5394687
KIF3B,0.53946704
PGS1,0.5394664
JOSD2,0.53946406
RHOU,0.53946286
UBE2T,0.5394628
LNX2,0.53946215
GINS4,0.53946096
SPRY4,0.5394607
PPARGC1B,0.53945655
MSH3,0.53945607
PARK7,0.53945565
RPS16,0.5394519
SYT11,0.5394496
HMGCL,0.53944886
NOL6,0.5394466
SLA2,0.5394431
NME3,0.5394429
PDLIM7,0.5394425
PI4K2A,0.53944117
PRKCSH,0.53943706
MTR,0.5394332
NPLOC4,0.539433
MYO5B,0.5394307
ORC2,0.5394301
RAB3IL1,0.5394286
RGS12,0.53942776
NUAK1,0.5394275
NEK7,0.5394256
OIP5,0.53942555
OBSCN,0.53942543
OXCT1,0.53942156
GTSE1,0.53942114
NUP153,0.53942084
PCK2,0.5394208
ZNF516,0.5394196
PDE3B,0.5394195
EBAG9,0.53941756
NEK9,0.5394166
PLXNB2,0.53941655
PA2G4,0.5394165
MUL1,0.539416
PPIB,0.5394155
NAT10,0.53941435
ICAM1,0.5394142
NDUFS4,0.53941417
TFAP4,0.53941375
PABPC4,0.53941363
NONO,0.5394129
TRPC6,0.5394087
PCSK6,0.53940743
GPR180,0.53940725
PABPC1L,0.5394065
PTGFRN,0.5394061
MAP3K9,0.5394046
IVNS1ABP,0.5394036
PIGF,0.53940135
PLA2R1,0.53940105
KDM8,0.53940004
COMMD2,0.5393993
OTUD5,0.53939784
IFT80,0.5393925
PHF20,0.539392
NOL11,0.5393903
PEF1,0.5393894
PPP2R5C,0.53938866
IRF2BP2,0.5393885
MFGE8,0.53938705
MKNK1,0.53938645
PSMD4,0.53938645
PRKAR2A,0.53938544
SUN2,0.5393837
PLD2,0.5393837
MKKS,0.5393832
RRP7A,0.5393831
OSGEPL1,0.539383
SENP2,0.539382
MAPRE3,0.53938156
KALRN,0.5393781
NLGN2,0.5393759
METAP1,0.5393746
PSMD1,0.5393721
OS9,0.53937036
NUFIP1,0.53937006
POLQ,0.5393692
PLXNA1,0.5393682
PIGQ,0.5393672
LSM14B,0.53936714
PPP3CC,0.53936535
TRPC1,0.53936416
KIF13A,0.53936404
NDC1,0.5393634
PAN3,0.53936106
INPP5E,0.539361
MRPL37,0.53935987
RPGRIP1L,0.53935975
PAM16,0.5393584
MRPL16,0.5393576
MYH10,0.539357
OGT,0.5393552
RTN4IP1,0.5393548
MALSU1,0.539354
PPP1R18,0.5393538
SCAMP1,0.53935355
NDUFS2,0.5393521
NAA15,0.5393519
NUP93,0.5393503
PPP3CA,0.53934926
LAMTOR4,0.53934914
DNTTIP2,0.5393483
RBMX2,0.53934807
RASAL3,0.53934497
NUP107,0.53934485
PTN,0.53934467
RGS16,0.5393438
FBXO17,0.53934324
NHS,0.5393423
PELI1,0.5393421
RFFL,0.53934026
PDHB,0.53933847
NDUFS8,0.5393353
RAB11FIP1,0.5393298
RARG,0.53932863
RAD1,0.53932685
ZNF778,0.5393259
PELI3,0.539325
NOL10,0.539323
DNAJC24,0.53932184
PTPRF,0.539321
NSUN2,0.5393203
MYO9B,0.5393189
ZNF274,0.5393182
SESN2,0.5393158
HSBP1,0.5393143
NASP,0.5393141
POLR3D,0.5393138
PDE7A,0.5393111
GBP2,0.5393101
RPRD1B,0.539308
MAP3K11,0.53930676
KIF18B,0.53930134
PAF1,0.53930134
RNF20,0.5392961
LMNB1,0.53929347
PUS1,0.5392918
PFKP,0.5392912
HAUS8,0.53929055
KCNJ14,0.5392905
RAB20,0.5392892
NAA38,0.5392882
MRPS2,0.53928596
PPARA,0.53928566
COL1A2,0.53928375
MTMR12,0.53928316
MED17,0.5392828
FOXF1,0.53928274
PPP1R15B,0.5392795
SERPINF1,0.53927916
RPL27A,0.5392783
IL20RB,0.5392779
PDCL3,0.53927547
TBC1D25,0.53927314
MEF2A,0.539271
GLE1,0.539271
KANK2,0.53927
SNTA1,0.53926826
SLC27A4,0.5392682
LMNB2,0.53926736
PLXNA2,0.5392644
MPRIP,0.53926235
CEP97,0.53926086
MAD2L1,0.5392598
POLR2I,0.53925973
REEP4,0.53925955
MPG,0.5392589
MSL1,0.53925765
SLC27A5,0.53925586
MCM2,0.5392552
PABPN1,0.5392547
GLRX,0.5392516
ZNF429,0.53925157
PLXNA3,0.5392512
MCPH1,0.5392511
MRPL9,0.53925073
RGP1,0.5392496
VPS28,0.5392479
SIAH2,0.5392477
LMAN2,0.53924316
PRPS1,0.53924197
SNX6,0.5392407
RHOG,0.5392404
MBD1,0.53923595
MED13,0.5392352
MORC2,0.5392346
HACE1,0.5392337
NDUFS3,0.53923285
RPS6,0.5392325
MAP1B,0.5392311
MCU,0.5392258
PSAP,0.5392245
PSMA4,0.5392239
SMARCC2,0.5392234
MGAT2,0.5392214
NDUFS1,0.5392211
PPP1CA,0.5392197
NOP16,0.53921896
MTMR2,0.5392169
MXRA8,0.53921473
MDN1,0.5392145
KCNJ2,0.53921413
HADHA,0.5392139
PCGF5,0.5392137
PELI2,0.5392131
RPLP2,0.5392125
RFC5,0.5392104
ZNF200,0.5392088
RPL13A,0.53920835
MRPL50,0.5392057
LOXL2,0.5392032
POLH,0.5392007
KREMEN1,0.53919905
ORC5,0.5391979
HMOX2,0.5391969
PERP,0.5391968
MAPK13,0.53919405
RAB11B,0.53919363
PRPS2,0.5391934
ZNF600,0.5391931
MAGED1,0.53919154
NUMB,0.5391901
MOV10,0.5391896
PSMC3,0.53918856
GTPBP2,0.53918797
MAP2,0.53918684
NCSTN,0.5391862
CD40,0.5391858
FZD8,0.5391851
RTN4R,0.5391848
NADSYN1,0.5391844
EFNA3,0.5391841
KCNMB4,0.53918195
IFT27,0.53918165
P4HA3,0.53918165
POLR3B,0.5391816
PKIA,0.5391816
MID1IP1,0.5391795
MIB1,0.5391793
ZNF211,0.53917843
NEDD8,0.53917795
MSX1,0.53917557
HDAC10,0.53917086
RND1,0.53917044
PHKB,0.5391698
NDN,0.53916967
SF3B2,0.53916943
PDK1,0.53916866
UFL1,0.53916824
LYAR,0.5391681
RTEL1,0.53916544
EMC1,0.53916365
PPWD1,0.53916246
FTSJ3,0.5391624
HUS1,0.53916043
PBX3,0.5391597
MANBA,0.5391593
POLE2,0.53915876
MAN1B1,0.5391585
PKM,0.5391584
EIF2B5,0.539158
ING4,0.5391542
NUP155,0.53915346
LEMD2,0.5391527
NEO1,0.5391524
NDUFA4,0.539151
P4HA1,0.53915083
MAPKAPK5,0.53914875
FSCN1,0.5391486
PCCA,0.53914726
RASSF6,0.53914654
SORD,0.53914434
KPNA1,0.5391441
GTF2B,0.5391416
NEK2,0.53914016
MICALL1,0.5391398
HSD17B4,0.53913355
OGDH,0.5391333
MRPS18A,0.5391326
NT5C3B,0.5391298
HLA-DOA,0.5391288
IDS,0.5391243
REEP2,0.5391235
MFSD12,0.539121
LMBRD1,0.539119
OTUD7B,0.53911835
MTX1,0.539116
RHBDF1,0.53911513
LBR,0.5391149
PAFAH1B3,0.53911316
MEX3C,0.5391129
IREB2,0.5391109
NDUFAF6,0.5391106
RPS3,0.5391079
NOP58,0.5391069
NEK6,0.53910637
PAK1IP1,0.5391058
SGPL1,0.53910303
OAZ1,0.53910273
HLA-DMA,0.53910196
MAN2B1,0.5391002
KIF26A,0.5390993
SLC9A3R1,0.53909785
PFN2,0.5390967
TXNRD2,0.53909504
SIVA1,0.5390928
PGAM1,0.5390926
RELT,0.5390889
ITGB7,0.53908753
RPL15,0.53908306
NUBPL,0.5390828
NDUFA10,0.53908193
LRR1,0.53908175
MYO10,0.53908145
KPTN,0.53908145
RSU1,0.5390813
TAF2,0.5390813
NHP2,0.5390782
TGM2,0.53907806
MSL3,0.5390779
PDE7B,0.53907776
SLIT3,0.5390767
LIN37,0.5390753
ZNF354C,0.5390722
MTFMT,0.53907084
NUB1,0.53906983
PLCL2,0.53906655
ZNF284,0.5390647
NSDHL,0.53906435
MOK,0.5390641
LLGL1,0.53906345
MCM5,0.53906244
RANBP10,0.53906196
PSD,0.5390601
NAP1L1,0.5390596
PLK1,0.53905857
PTMA,0.5390572
PDXK,0.53905463
TRIM45,0.53905433
PAQR8,0.5390535
LRP10,0.53905207
FMNL1,0.5390499
MTX2,0.53904974
RPP30,0.53904885
FDPS,0.5390477
OSBP2,0.5390462
MFF,0.5390462
NIF3L1,0.53904474
NUDT5,0.53904265
SEMA5A,0.53904265
SNAP29,0.53904206
HUWE1,0.5390411
GTF2A1,0.5390406
NAPEPLD,0.5390391
HDAC1,0.53903866
NUP88,0.53903735
PHF8,0.53903276
PDE12,0.5390319
ITFG2,0.5390314
LTB4R,0.53902537
TUBGCP6,0.5390251
MYL6B,0.5390234
NUP210,0.5390225
METTL14,0.5390193
RAI1,0.53901845
ELOVL1,0.53901565
SLC22A17,0.5390154
LPIN1,0.5390139
METTL3,0.53901386
BLOC1S1,0.5390115
RAC3,0.5390114
GAS2L1,0.5390112
NAMPT,0.53900975
INCENP,0.5390087
MAP1LC3B,0.539006
MBD5,0.5390038
ITGA5,0.53900266
PRKAB2,0.53900146
FKBP2,0.53900087
HDAC3,0.5390004
PITPNA,0.5389997
MBTPS1,0.5389977
NOL7,0.5389968
PI4KA,0.538996
TOMM40,0.53899556
NCEH1,0.53899455
LATS2,0.538993
NOTCH4,0.5389917
GALNT7,0.5389882
PAPSS2,0.5389882
MLST8,0.53898746
PIK3R4,0.53898305
MSRA,0.53898025
NRP2,0.5389801
MTO1,0.53897816
SH2B3,0.5389779
LYPD6,0.5389777
C17orf75,0.5389756
KIF27,0.53897387
NAB1,0.5389722
ITPR3,0.53897154
NDUFAF2,0.53897035
MCMBP,0.53896785
LRP8,0.53896755
LSR,0.5389629
MDK,0.5389604
NIPSNAP3A,0.5389595
NKIRAS1,0.5389594
INTS4,0.53895813
MON1A,0.53895056
EIF3M,0.53894836
MTIF3,0.538945
FN1,0.5389448
GSTA4,0.5389433
NPHP4,0.5389432
MRPS30,0.5389428
ULK3,0.5389422
LYRM4,0.538941
MAML3,0.5389402
NOC2L,0.53893936
PDCD6IP,0.53893805
MTIF2,0.5389352
MAPK14,0.5389343
ERF,0.53893334
KIAA0513,0.5389287
FNTA,0.53892744
GRK6,0.5389267
GK,0.53892314
PTGIR,0.5389224
PHC1,0.53892136
LARS2,0.53891957
MLKL,0.5389185
PTPRU,0.53891796
DCTD,0.5389171
HECTD3,0.5389149
HS2ST1,0.5389146
SLC40A1,0.5389142
NBAS,0.5389132
ZNF180,0.5389107
RBPJ,0.5389101
PPP1R9B,0.53890705
TBC1D32,0.53890574
INTS5,0.53890544
IFIT5,0.5389042
PIP5K1C,0.5389041
HERC2,0.53890383
LPAR2,0.53890324
MBP,0.53890175
NUDT9,0.5389011
MUC3A,0.53890085
PARD3B,0.5389006
MT2A,0.5389004
LAMB1,0.53890026
LIMA1,0.5388998
GGCX,0.53889847
MYL6,0.53889763
NFIX,0.5388976
RIN3,0.53889704
LSM2,0.5388968
KIF11,0.53889626
CPT1B,0.5388932
INPPL1,0.53889245
DNAJC9,0.53889066
MRPL10,0.5388905
LYPD3,0.53889006
ORMDL3,0.538887
PKP3,0.53888625
LTBP4,0.5388859
NAPG,0.5388845
TMEM17,0.53888434
MED28,0.5388842
RBM7,0.5388837
IQGAP1,0.5388814
NIPBL,0.53888005
QPRT,0.53887916
PCYOX1L,0.5388786
CYCS,0.5388777
KRT19,0.5388755
RUSC2,0.53887445
GATC,0.53887314
ELMO1,0.53887135
PEX13,0.53887016
PRKAG2,0.5388699
PIP5KL1,0.5388685
GPC4,0.5388683
DCAF17,0.53886807
KDM3B,0.5388668
RINL,0.53886575
MRPS22,0.538865
MPP6,0.5388638
MRC2,0.5388633
KHNYN,0.53886265
MZT2A,0.53886235
GCA,0.5388613
PTK2B,0.53886026
GNG12,0.5388601
TSEN54,0.53885645
PRDX5,0.5388549
SEC11C,0.53885454
NSMCE1,0.5388543
PRR12,0.53885394
PRPF4B,0.53885347
ELL2,0.5388524
PES1,0.53885096
LPCAT1,0.53885007
CNOT2,0.53884935
GOLIM4,0.53884596
HIF1AN,0.5388444
GLMN,0.5388442
GPANK1,0.53884363
GRB2,0.5388415
ZNF614,0.5388406
MAP3K8,0.53883684
HTRA2,0.53883594
MMAA,0.53883463
ORC6,0.5388345
OSTM1,0.53883404
MRPL27,0.53883356
FGFRL1,0.5388335
KDM5B,0.538832
MAPK9,0.53883153
NME7,0.5388315
RBM42,0.53883135
PELP1,0.5388308
GOLM1,0.5388303
CHMP4B,0.5388293
MRPL41,0.53882855
PRPF39,0.5388283
ME1,0.5388282
HNRNPUL2,0.53882605
NR4A1,0.53882605
PDE4D,0.53882563
NPNT,0.53882533
NFKBIA,0.5388243
SPRY1,0.53882134
PDE3A,0.5388205
NPL,0.5388205
GPN1,0.5388202
PAICS,0.53881997
MORF4L1,0.53881997
MED15,0.53881955
NXF1,0.5388177
RGMB,0.53881747
IGF2R,0.5388174
ERCC6L,0.5388171
MAVS,0.53881705
MRPL40,0.53881484
INTS9,0.538813
MRPS18B,0.53881204
PARD3,0.5388118
PITX1,0.53881013
MTA2,0.53880894
POLR1B,0.538806
GPT2,0.5388055
MYBL2,0.5388039
SARDH,0.53880006
GCSH,0.53879964
PLEKHA3,0.5387985
ODC1,0.5387981
MEIS1,0.5387975
RASGRF2,0.5387975
MAP4K3,0.53879726
NCKAP1L,0.538797
LARP4,0.538796
MCM7,0.53879434
NOP9,0.5387916
SNX33,0.5387916
PDE10A,0.5387878
INPP5A,0.5387846
CREB5,0.5387826
LAMP1,0.53878134
GID8,0.5387812
MEIS2,0.53878075
LMO4,0.5387803
MOAP1,0.53877956
MAN1C1,0.53877926
GUCY1A2,0.53877896
FEM1A,0.53877884
TCN2,0.53877807
RPL13,0.53877795
BLVRB,0.5387777
KAT6A,0.5387735
FGD1,0.5387734
GRWD1,0.53877234
NCK2,0.5387714
NCKAP1,0.5387698
LPCAT2,0.53876936
MCL1,0.5387682
MRPS6,0.5387662
PACSIN3,0.53876615
LRP6,0.5387654
NGDN,0.53876424
LDLR,0.5387642
NUDT16L1,0.53876317
NDUFS6,0.53876185
ITPK1,0.53876007
POLR2B,0.53875905
NR2C2,0.538759
IMPA2,0.5387585
EXOSC10,0.53875804
FYN,0.5387542
EFNB3,0.53875154
MRPL35,0.53875047
FXR1,0.5387494
NCAPG2,0.53874487
INO80E,0.53874475
NDOR1,0.53874475
MKNK2,0.53874475
MAPKAP1,0.5387444
MLEC,0.5387443
KCNS3,0.5387433
GMEB1,0.5387425
NR2F2,0.5387417
EXOSC2,0.5387412
NLK,0.5387384
LGR4,0.53873664
KMT2E,0.5387358
PRPF19,0.53873533
NDUFAF5,0.5387343
IARS2,0.5387316
LARP4B,0.53872997
LAMA3,0.53872097
LAT2,0.53872013
NOP14,0.5387175
SATB1,0.5387168
DNAJB9,0.5387154
LIPA,0.5387152
MICU2,0.5387146
NCALD,0.5387143
PFN1,0.5387131
MAML1,0.5387118
NFATC3,0.5387104
KIFC1,0.5387081
PHF1,0.53870577
PLEKHG4,0.53870565
MED4,0.53870183
PRPF4,0.5387009
MAGOHB,0.53870064
MGAT4B,0.5386998
PAIP2B,0.53869975
PPP6R1,0.5386975
NET1,0.5386954
MAPKAPK2,0.5386945
EPC1,0.5386919
POMGNT1,0.5386903
GOLGB1,0.53868896
ITGA1,0.5386885
MOCS2,0.5386884
CSNK1G3,0.53868645
IL17RA,0.5386857
IPO11,0.53868484
PSMF1,0.5386834
MBD2,0.53868276
GALNT11,0.53868085
LRCH1,0.5386801
KCNK5,0.5386784
GART,0.5386782
MRPL3,0.5386771
PDLIM5,0.5386768
REXO2,0.5386747
EIF5,0.53867334
IMMT,0.53867286
IMP3,0.5386711
LRRC47,0.5386672
HVCN1,0.5386658
LAMC1,0.53866327
HOXB7,0.53866243
KDELR2,0.5386604
LINGO1,0.5386583
MLXIP,0.5386575
PIGW,0.5386571
IRF2,0.5386563
REEP3,0.5386549
TNXB,0.5386512
IL2RB,0.538648
MAK16,0.53864586
HSPA9,0.5386442
MARK3,0.53864396
S1PR1,0.5386415
CNTRL,0.53863984
MRPL34,0.53863966
IL13RA1,0.5386393
NUFIP2,0.53863806
MRPS34,0.53863543
RBBP9,0.5386338
GOT2,0.5386336
DDRGK1,0.5386331
NOL9,0.538633
MSH5,0.53863215
MAP2K6,0.53863204
FAM98A,0.53863066
PDCD6,0.5386293
MZF1,0.53862894
NPTN,0.5386288
GBP1,0.53862864
PAIP1,0.5386276
LGALS9,0.538625
NUMA1,0.53862244
KDM2B,0.53862184
MBD3,0.53862065
MPHOSPH8,0.538618
CCL5,0.53861606
KDM4B,0.5386156
MID1,0.5386139
RETSAT,0.53861356
SMCR8,0.5386124
KLHL11,0.538612
PPP1R13L,0.53860956
GPR68,0.5386088
NDRG3,0.5386078
PEX3,0.5386075
NCBP1,0.5386068
FHL2,0.53860617
KCTD3,0.5386058
ICAM3,0.53860563
RNH1,0.5386044
MRI1,0.5386044
NME6,0.53860384
MPDZ,0.53860325
NDUFAF3,0.5386007
PAQR5,0.53860015
FOXRED1,0.5385991
MPP2,0.53859717
TTC30A,0.5385939
HIRA,0.53859234
GNAI2,0.53859097
SCUBE2,0.5385889
GMNN,0.53858626
NOD1,0.5385859
NOL3,0.5385853
DGUOK,0.5385834
CLDN1,0.5385808
PSTK,0.53857946
KDM2A,0.5385762
ISYNA1,0.5385745
MIDN,0.53857374
MED23,0.5385733
MED14,0.5385722
RNF144A,0.5385698
GLB1,0.53856975
PLA2G4A,0.5385686
MAP4K2,0.5385679
LPCAT4,0.5385665
LCLAT1,0.53856605
PIGU,0.53856546
OSTC,0.5385647
ISCA2,0.5385624
PGM1,0.5385622
PREX1,0.53855866
PSMD5,0.53855807
DNAJB12,0.538558
HBP1,0.5385579
SNAPC2,0.53855646
NDC80,0.5385562
NAA50,0.5385557
RFC4,0.53855443
PDS5A,0.5385544
IRF2BP1,0.5385536
NCL,0.5385506
IRF2BPL,0.5385499
GABBR1,0.5385463
KRT18,0.53854585
DTNBP1,0.53854096
GAS8,0.53853977
PPM1F,0.5385394
NPRL3,0.53853744
PRPF6,0.53853154
GBA2,0.53853106
CCL4,0.53852916
NDUFA13,0.5385277
DCAF13,0.5385277
MSX2,0.5385265
TSFM,0.5385256
GOSR1,0.5385241
LRRC41,0.53852314
PHF11,0.5385227
EPHB2,0.53852123
ITM2B,0.5385212
NAP1L4,0.53851986
MLF1,0.5385182
GTPBP1,0.5385172
PEX5,0.5385162
FKRP,0.53851503
ORC3,0.5385145
IQGAP2,0.5385132
PHB2,0.53851056
MAEA,0.5385102
MKLN1,0.53850865
METAP2,0.53850603
KLHL5,0.5385006
ETV3,0.53849834
NOM1,0.53849727
IPO7,0.53849465
MST1R,0.5384933
LATS1,0.53849226
OSGEP,0.53849083
IGFBP4,0.5384873
LIMD1,0.5384856
MZT2B,0.538484
MYBBP1A,0.53848356
MYBL1,0.53848225
LSM7,0.5384818
FNDC5,0.53848
KCTD1,0.53847295
HOXB4,0.53847253
EIF2AK3,0.5384708
HSPB1,0.53846395
TRIM39,0.5384636
MBOAT7,0.53846276
ETFB,0.5384625
KPNB1,0.5384622
FARSB,0.53846204
PRKAG1,0.53846174
MAP4K1,0.5384609
MYO9A,0.53845763
ZNF641,0.5384567
NT5C,0.53845394
CPOX,0.53845376
KRIT1,0.5384516
NFKB1,0.5384513
IFI44,0.53844863
LAMC3,0.53844756
MIS12,0.5384454
HMGCR,0.5384451
MPI,0.53844446
LEMD3,0.5384407
TMEM126B,0.5384395
NRL,0.53843933
NFATC4,0.5384393
SUV39H2,0.5384379
RPS6KA4,0.53843665
PLCG1,0.5384362
METTL4,0.53843355
NRP1,0.5384312
PLCD1,0.53843087
PTPN7,0.53842556
MECR,0.5384248
BCL7C,0.5384245
IFNAR2,0.5384244
NCAPD2,0.5384234
PDP1,0.5384228
IPO5,0.5384179
NCAPH2,0.53841525
GID4,0.53841394
PHLDA3,0.5384133
GNPDA2,0.53841084
KLHL9,0.53840977
LONP1,0.53840965
NMT1,0.5384072
MINK1,0.5384063
SPON2,0.53840595
E2F7,0.5384054
MIA3,0.5384027
TBX19,0.5384018
GOLGA3,0.5383993
PI4KB,0.5383952
GDPD5,0.53839254
FXYD6,0.53839016
MAP3K7,0.53838944
RNF6,0.5383888
KLHDC3,0.53838646
ERGIC1,0.53838646
MAGT1,0.53838617
LRP5,0.53838617
ELP6,0.5383844
LSG1,0.53838265
PHF2,0.5383821
ASB1,0.5383819
KIF4A,0.53838134
MAD1L1,0.53837836
MSRB2,0.5383755
MELK,0.53837514
PINK1,0.53837514
MAMLD1,0.5383743
LAP3,0.5383708
PAIP2,0.5383686
NADK,0.5383649
PDSS2,0.53836423
ITCH,0.5383611
BIN2,0.5383609
ISY1,0.5383599
DAB2IP,0.53835946
IL1RAP,0.53835773
PIGC,0.5383565
PITRM1,0.53835523
SMNDC1,0.5383543
HPS1,0.5383539
HCCS,0.5383535
HTATSF1,0.5383473
NEB,0.5383471
KIDINS220,0.5383469
MPDU1,0.53834313
JMJD1C,0.5383404
HMGCS1,0.53833985
GOLGA4,0.5383394
FBP1,0.5383368
KPNA6,0.5383351
NDUFA12,0.5383338
ITPR2,0.5383328
GAN,0.53833276
NEU1,0.53832924
ADIPOR1,0.53832877
MGAT5,0.5383261
IRF9,0.538324
FAF2,0.5383188
MUS81,0.5383171
MAT2A,0.5383168
MTUS1,0.5383166
NFATC2IP,0.5383117
LRFN3,0.5383116
MMS19,0.5383109
HSD17B12,0.5383105
HSF2,0.5383079
PEX7,0.5383067
NRCAM,0.53830564
ARHGAP25,0.53830457
MBNL1,0.5383027
AGPAT3,0.5383014
IP6K1,0.5383013
C1R,0.5383006
NSFL1C,0.5382992
LRRC40,0.538299
S1PR4,0.5382969
ADCY1,0.5382969
COQ6,0.53829676
KRT10,0.53829587
FCF1,0.53829336
ELMO2,0.538291
LUC7L3,0.5382895
MRPL13,0.5382882
RAPGEF5,0.53828794
IFT140,0.5382858
NHLRC3,0.5382853
MRPL38,0.53828216
ATP6V0E2,0.5382807
EPAS1,0.5382799
LSP1,0.5382787
PLCD3,0.53827775
MARK2,0.5382771
MAN1A1,0.53827596
NID1,0.53827554
ORC1,0.5382731
ETF1,0.53826797
KANSL1,0.53826785
FLII,0.5382624
PPP2R5D,0.5382606
NSUN5,0.5382605
GTPBP4,0.5382568
KCNAB1,0.5382556
NCAPD3,0.538255
IFI16,0.5382546
FKBP15,0.53825295
NOB1,0.5382519
NR2F6,0.5382519
KDM4A,0.5382475
KHDRBS1,0.53824675
FDX1,0.5382418
GPC1,0.5382415
ARHGEF40,0.53823775
NDUFB8,0.538236
HEATR1,0.5382338
HOXD3,0.53823113
GRHPR,0.53822595
SHCBP1,0.53822577
SULF1,0.5382243
GPR176,0.53822285
HSPH1,0.5382222
FUBP3,0.5382218
NELFE,0.53821933
NARS2,0.5382188
MAU2,0.5382188
PPFIA3,0.53821725
HPS4,0.53821576
PLXNC1,0.5382149
HAGH,0.538214
HECTD2,0.53821164
NDUFV3,0.53821146
ZNF530,0.53820944
POLR3C,0.5382088
EIF6,0.5382077
LTBP1,0.5382064
KCNAB2,0.53820413
MCM9,0.538202
LSM12,0.5382
PARP4,0.53819615
KLHL25,0.5381954
KRT7,0.5381953
GTF3C1,0.53819156
MATR3,0.53819025
IFI30,0.53818935
PCCB,0.5381885
MIS18BP1,0.53818744
NOMO1,0.53818613
FAM13A,0.5381852
MYCBP,0.5381849
ITGB5,0.5381847
COG8,0.5381808
FBXO31,0.53817946
HNRNPAB,0.5381776
FBXO30,0.5381776
MRPL22,0.5381746
EIF3K,0.53817326
ADAMTS7,0.5381718
ESD,0.53817
IL18BP,0.53816354
HNRNPM,0.53816086
MTMR3,0.5381578
PTGER4,0.53815585
KATNB1,0.5381556
LIMK1,0.5381555
IFT57,0.53815323
NBR1,0.5381528
CHORDC1,0.53815186
HSF1,0.53815055
PLCB2,0.53814733
MAPRE1,0.538146
ZNF224,0.5381373
PARN,0.5381344
GTF3C4,0.53813124
HOXB2,0.5381304
MFSD2A,0.53812516
RAB38,0.5381245
COLEC12,0.53811854
ORMDL2,0.5381174
GYPC,0.53811455
DHDDS,0.53811425
EIF2AK4,0.5381141
NFKBIL1,0.5381128
EGLN1,0.53811264
HOXA3,0.5381035
MDH1,0.53810024
KIF7,0.5380998
RIPK2,0.53809786
SH2D2A,0.5380965
LYPLA1,0.53809434
MAT2B,0.5380902
REPS2,0.5380902
IL32,0.5380843
JAM2,0.53808063
RPL17,0.5380764
SPARCL1,0.53807616
MCM6,0.5380753
PDCD7,0.53807455
IFI44L,0.5380745
NDUFB5,0.5380689
LSM3,0.5380676
RECK,0.5380676
FKBP8,0.53806674
MAP3K2,0.538066
SURF2,0.5380659
NUP43,0.5380636
NFRKB,0.53806335
RASSF5,0.53805983
ITPA,0.53805745
FEZ2,0.5380551
HCFC1,0.53805345
NUDT3,0.5380531
MAN2A1,0.5380509
TNFRSF25,0.5380496
INPP5B,0.53804934
RAI2,0.5380482
PSMC3IP,0.5380478
MAP3K5,0.53804773
GPCPD1,0.5380475
KATNBL1,0.5380472
LGMN,0.5380457
IFT88,0.5380424
KIFC3,0.53804225
HDAC2,0.53804207
PLEKHA8,0.538042
FRZB,0.5380402
HNRNPA3,0.53804004
LMBR1L,0.5380388
FYCO1,0.5380374
MRPL47,0.5380345
RNF139,0.538031
ID2,0.53802925
ETFDH,0.53802866
PGM2,0.5380254
NLN,0.53802526
ESYT1,0.53802335
MOB1B,0.5380222
CRTC2,0.5380221
KIF23,0.5380211
NPAS2,0.53801894
ZNF709,0.5380185
MFAP2,0.53801817
MGA,0.53801644
MICA,0.5380154
MRPS21,0.5380146
HNRNPH2,0.5380107
MED27,0.5380091
MTHFD2,0.5380078
FGD4,0.5380077
MMS22L,0.5380077
NINJ1,0.5380056
IQCB1,0.5380039
LSS,0.5380026
TLR4,0.538002
PRDX3,0.53800184
MEF2D,0.5380007
PMP22,0.5379999
MCC,0.53799945
LRRFIP1,0.53799796
SYP,0.5379966
MTHFD1L,0.53799427
RHPN2,0.53799254
KAT5,0.5379923
MCRS1,0.5379918
GABPB1,0.5379916
LAMA4,0.5379915
GTF2E2,0.5379892
IMPA1,0.53798765
HNRNPF,0.53798366
KIF3A,0.5379823
HDAC5,0.53798
PSMC1,0.5379792
LDHB,0.5379749
IL16,0.5379724
GNG5,0.53796935
INTS3,0.5379659
NUDT16,0.53796566
HADHB,0.5379652
NCBP2,0.53796005
IFT122,0.5379592
ILF3,0.5379579
GUK1,0.5379578
FZD6,0.5379577
MTA1,0.5379549
EZH2,0.5379517
EIF2D,0.5379511
FBXO38,0.5379481
CWF19L2,0.53794414
NBEAL2,0.53794324
MX1,0.5379372
GIGYF2,0.5379352
FASTKD2,0.537935
GPN3,0.537934
HGS,0.5379327
FKBP3,0.53793037
PCGF1,0.5379291
FANCB,0.5379288
OAZ2,0.53792775
LONP2,0.53791875
DNAAF2,0.53791845
CCDC59,0.5379183
IL15,0.53791755
HSPA8,0.53791654
JAG2,0.53791517
NUCB1,0.5379148
POLR3G,0.5379142
GLI3,0.53791225
MAPK3,0.5379112
MATN3,0.5379108
NFASC,0.5379099
ILF2,0.5379097
PPP1R12C,0.537909
HNRNPK,0.5379086
MIF,0.53790647
NUDT12,0.53790605
MAP2K5,0.53790236
DNAJA4,0.53790116
JAZF1,0.5379008
DLD,0.53790075
HLCS,0.5378978
KIF22,0.5378959
EXOC7,0.53789437
PLXND1,0.5378937
LAPTM5,0.53789055
ITGB1,0.5378866
NDUFB10,0.53788614
HMGN2,0.53788495
IGFBP7,0.53787977
RAB3D,0.5378789
POLB,0.53787315
IQCE,0.5378729
GRB10,0.5378715
KLC1,0.5378686
HMGB1,0.5378664
CGNL1,0.5378659
METTL7A,0.537863
COL27A1,0.5378625
GGA2,0.5378624
CHPF2,0.53786224
NFX1,0.5378621
KIAA2013,0.5378603
EIF4E2,0.5378572
PLIN2,0.5378553
AIFM2,0.5378503
PPP1R14B,0.53784245
RARB,0.5378424
FANCL,0.53784215
PBX2,0.53783685
CA2,0.53783506
TBX2,0.5378339
DDX51,0.537833
HSD11B1L,0.537833
NEK8,0.53782743
NADK2,0.5378274
FYTTD1,0.5378241
FKBP4,0.537824
EIF3G,0.53782314
MACF1,0.53782165
GNB4,0.53781676
OAS2,0.5378115
BCKDHA,0.53781104
POP5,0.5378104
EIF4EBP2,0.53780925
PPL,0.53780794
HOXB6,0.5378078
CMTM6,0.53780615
INTS10,0.5377996
PBK,0.53779876
MRPL1,0.53779286
KIF3C,0.537791
BRAP,0.53778994
KIF2A,0.53778666
ERCC6,0.53778625
GEMIN8,0.5377836
GPSM2,0.53778225
EVPL,0.5377803
MAF1,0.5377796
KATNAL1,0.5377794
FBXO22,0.53777903
MKRN1,0.53777885
IFNGR1,0.5377777
GLS2,0.5377754
MFHAS1,0.53777516
HM13,0.5377748
HSPD1,0.5377727
DPH3,0.5377715
MED29,0.5377712
EIF3B,0.53776824
FBXW11,0.5377667
HDAC9,0.5377649
GUSB,0.53776395
DBT,0.5377626
EIF2S1,0.537762
NFIL3,0.5377602
HLA-C,0.53775686
MCM4,0.5377567
GK5,0.5377512
KIF1C,0.5377464
JARID2,0.53774595
HNRNPH1,0.53774357
KIF20A,0.53774154
HPS3,0.53774077
GDE1,0.5377382
KIF1B,0.5377372
FSTL1,0.53773713
LAMB3,0.53773504
HEPH,0.53773284
HPRT1,0.53773195
WDR31,0.5377319
NINL,0.537731
GALNT6,0.5377249
NACC1,0.5377236
MLH3,0.53772324
AP2A1,0.5377206
KCNN4,0.5377203
MEMO1,0.53772
FBXO41,0.53771883
NSUN6,0.53771734
EP400,0.5377173
KIF26B,0.5377171
HMGB2,0.5377167
HSPA6,0.5377167
LIMS1,0.5377152
FAM111A,0.53771394
MRPS14,0.537711
RALB,0.53771025
GSTM2,0.53770685
EZH1,0.53770596
IP6K2,0.53770554
LTBP3,0.5377049
FAM98B,0.5377028
HES1,0.53769946
KPNA4,0.537696
RAB13,0.53769255
PPP2R5B,0.5376913
MINPP1,0.5376904
FRS3,0.5376899
HAUS5,0.5376898
GSTK1,0.5376892
EIF4E,0.53768605
GGPS1,0.53768384
DUSP16,0.5376826
FAM3C,0.5376815
EXOC1,0.53767896
FBL,0.5376785
SLC22A4,0.53767776
HAUS4,0.5376763
LGALS3BP,0.5376741
MAFG,0.53767395
FAM13B,0.5376735
GLG1,0.5376724
GPSM1,0.53767174
ING2,0.5376689
HIVEP3,0.5376652
POLRMT,0.5376647
ANGEL2,0.5376589
FANCM,0.5376586
LPXN,0.537656
RAB25,0.537656
MRPS15,0.5376557
GSTM4,0.5376548
HEG1,0.53765386
GULP1,0.5376453
FMO4,0.53764516
DNAJB6,0.53764445
PRNP,0.5376413
MED16,0.53764087
MIER1,0.53764063
METTL22,0.5376397
GNA12,0.5376357
NAGK,0.53763515
DCP1B,0.5376349
HSPG2,0.53763473
LMOD1,0.53762627
LDB1,0.5376247
HYOU1,0.5376224
GORASP2,0.5376206
MGRN1,0.53761834
HSPA14,0.53761715
HS6ST1,0.5376084
FBXL12,0.5376048
PFKM,0.5375994
FERMT2,0.537598
FOXN3,0.53759736
GABARAP,0.5375966
IDH3B,0.53759617
ENSA,0.5375908
IFT74,0.53758776
MGLL,0.5375848
ITPR1,0.5375839
GCLC,0.5375836
HGSNAT,0.5375805
KCTD15,0.5375802
FIS1,0.5375795
LEPR,0.53757656
MAP1S,0.5375758
HLA-DPA1,0.5375757
GCAT,0.53757364
SPI1,0.5375729
CPT1C,0.53757125
ST8SIA1,0.5375696
HAT1,0.5375687
FBXO5,0.5375658
IFT46,0.5375656
KANK1,0.53756493
ESRP2,0.53756446
HNRNPDL,0.537563
KLHL20,0.5375582
LRFN4,0.53755796
FRS2,0.53755724
DHRS1,0.5375553
IRAK1,0.537551
DCUN1D3,0.5375505
GTF3C5,0.53754854
RIT1,0.5375484
IPPK,0.5375451
HMGXB4,0.5375385
NDUFV1,0.53753805
PTPN22,0.5375374
EIF2B1,0.5375366
PDLIM4,0.5375305
RGS2,0.5375303
NAF1,0.5375292
IDE,0.53752434
ITGA3,0.53752387
DUSP12,0.537522
GALNT10,0.5375207
GADD45GIP1,0.5375205
HECTD1,0.5375185
DUSP2,0.53751343
NMRAL1,0.53751326
RP2,0.5375044
CNDP2,0.5375035
CDR2L,0.53750104
ZNF626,0.53750056
HNRNPU,0.53749865
GRN,0.537496
CD63,0.53749526
MYL12B,0.53749347
GNAI1,0.53749305
HMG20A,0.5374919
HNRNPA1,0.5374873
IL2RG,0.5374854
ENAH,0.5374843
DLST,0.5374745
GRAP,0.5374721
L3MBTL1,0.5374709
NHEJ1,0.53746843
GEMIN4,0.5374667
GGA1,0.53746593
ERN1,0.5374658
GJA1,0.53746533
MAN2B2,0.53746337
RPP40,0.53746253
GAB2,0.5374615
MRPL39,0.5374611
INTS2,0.5374603
CHRAC1,0.53745925
HARBI1,0.53745896
BIRC2,0.53744954
ZNF764,0.53744817
DNAJC13,0.53744733
CALCOCO1,0.5374472
LRRC8E,0.53744555
MYOF,0.53744495
CCNT2,0.5374425
EXTL3,0.537442
IRF5,0.53743595
LONRF1,0.5374339
KDELR1,0.53742707
NDST1,0.53742456
LPL,0.53742445
SEPSECS,0.53742325
HIPK2,0.5374231
EID3,0.53741866
HSPA4L,0.5374181
HACL1,0.5374167
MAD2L1BP,0.53741664
PALMD,0.53741664
E2F4,0.5374164
MMACHC,0.53741586
HEXIM1,0.5374108
GFER,0.53740835
FBXL4,0.5374076
ILK,0.5374045
INTS6,0.53740335
FBXW5,0.5373996
RELL2,0.53739935
MCTS1,0.53739667
SCRIB,0.5373962
NDUFA8,0.53739506
HBS1L,0.5373944
EXOSC1,0.53739375
DDX50,0.5373921
KNTC1,0.5373887
EFNA1,0.5373887
HIP1R,0.5373864
DLG4,0.53738266
L3HYPDH,0.5373814
FANCI,0.5373783
GOLGA1,0.5373774
FGD2,0.5373768
GANAB,0.53737664
INPP4B,0.5373747
DTL,0.5373725
GNAL,0.5373713
HERPUD1,0.53736633
HLA-DRB5,0.5373662
FADS2,0.53736544
CREG1,0.53736305
ZFP82,0.53736216
RAP1GAP,0.5373615
HSPA5,0.53736144
PPT2,0.5373596
MRPL33,0.5373565
DDX19B,0.5373552
LRRK2,0.5373519
LMO7,0.5373492
HNRNPUL1,0.53734726
GRSF1,0.5373469
CBLL1,0.5373446
IGFBP6,0.5373424
FBXO9,0.53734225
PLA2G15,0.53734004
EFNA5,0.5373374
GATAD2B,0.53733724
FAM110B,0.5373342
MCM3AP,0.5373328
KPNA2,0.5373327
GIPC1,0.5373291
PARP2,0.53732777
HAUS6,0.5373268
JMJD6,0.53732425
ERP29,0.5373234
FKBP1A,0.53732157
GTPBP10,0.5373167
GALNT12,0.537315
HMMR,0.5373137
FBXO8,0.5373114
IPO9,0.537308
KIF21B,0.5373062
CIAPIN1,0.5373058
GPR183,0.5373028
JMY,0.537301
MPHOSPH6,0.5373008
MMAB,0.53729516
MOB1A,0.53729147
IL4I1,0.53728706
HOOK2,0.5372856
INVS,0.5372821
EIF4B,0.53728205
GAK,0.53728056
FBXO7,0.53727674
KIF21A,0.5372764
HOMER2,0.53727096
ZNF577,0.5372693
ELOVL6,0.537269
HLA-B,0.53726786
NCLN,0.5372651
PPP1R11,0.53726417
DCAF4,0.5372589
GNB2,0.53725517
GPSM3,0.53725165
GIT2,0.53725004
GALNT1,0.53724545
KIF20B,0.53724414
GCC2,0.5372436
INO80,0.5372362
HDLBP,0.5372354
EIF4G1,0.53723526
IQGAP3,0.537229
PIGS,0.537229
HDAC7,0.5372261
HNRNPL,0.5372249
HCAR2,0.53722334
EIF3D,0.53721833
HPSE,0.5372162
HOXA10,0.5372123
HNRNPA0,0.5372017
FNIP1,0.53719944
MMP17,0.5371986
DNAJB4,0.5371954
HLA-E,0.5371947
GBE1,0.5371936
MDFIC,0.5371903
NAE1,0.53718936
RER1,0.5371867
HNMT,0.5371846
NFS1,0.53718156
FBXO21,0.53718066
HTT,0.5371797
GADD45B,0.5371729
IMPDH1,0.5371722
CENPT,0.5371684
CTSF,0.5371669
FAN1,0.53716147
NMRK1,0.53716135
HLA-F,0.53716
POP1,0.53715754
POLE4,0.5371564
NR1H3,0.53714883
FBXL19,0.5371486
G3BP1,0.5371389
HNRNPH3,0.5371272
FURIN,0.5371236
KRTCAP2,0.537122
LAMB2,0.5371205
HEXA,0.53711796
GTF3C3,0.53711736
LOXL1,0.53711027
COX18,0.5371081
MVD,0.53710777
DCAF16,0.5371071
EIF3H,0.53710705
MARK4,0.53710324
CIAO1,0.537103
GALNS,0.53710085
RASL10A,0.5370928
HDAC8,0.53708744
ENTPD5,0.5370851
ERI1,0.5370757
MAPK12,0.53707427
NMI,0.53707314
PTH1R,0.537067
FAH,0.5370646
COMMD3,0.5370626
ETHE1,0.5370605
GGH,0.5370592
MCM10,0.5370538
DYRK2,0.537053
GNL3,0.5370504
RFK,0.5370488
GCC1,0.53704864
SHPK,0.5370484
NUDT14,0.5370449
F8,0.5370431
GALE,0.53704256
EVC,0.5370422
GSK3B,0.537032
NMT2,0.5370236
GMPPA,0.53702325
KLHL21,0.53702
KAT2A,0.5370185
GNB1,0.5370154
CYFIP1,0.53701395
GYS1,0.5370137
GNPTAB,0.53701353
CS,0.53701043
FLRT2,0.53700423
CYSTM1,0.53700143
GATAD2A,0.5370013
CSK,0.5369977
AIMP1,0.5369891
EFEMP1,0.5369888
CTR9,0.5369876
COPG1,0.5369853
ECI2,0.53698444
KDM1B,0.53698325
NDUFA11,0.5369825
GLUD1,0.5369824
GNGT2,0.5369761
PTGER2,0.53697324
MRPL46,0.53697276
GAPVD1,0.53697234
GLS,0.5369717
IFNGR2,0.53696835
MYO1F,0.5369658
ZNF793,0.5369645
GLUL,0.53696376
HPS5,0.5369613
FBLN1,0.53696036
FRMD6,0.5369575
GNS,0.5369574
IL17RB,0.53695655
EIF2A,0.5369542
CYB5A,0.5369542
IFT172,0.5369528
HNRNPC,0.5369498
GPD2,0.53694737
FUCA1,0.53694224
PLAT,0.5369396
LSAMP,0.53693783
SDSL,0.53692794
EEF2K,0.5369256
LPIN2,0.5369221
ITGB1BP1,0.5369183
NID2,0.5369142
F3,0.53691316
MBIP,0.536913
IL6R,0.5369115
EHBP1,0.53690726
EPB41L3,0.5369058
DGKE,0.5369019
RPGR,0.53690153
LAMA5,0.53690034
EPB41L1,0.5368996
FUT8,0.53689957
DNM1L,0.5368976
AP5Z1,0.5368945
DUS2,0.5368939
HNRNPD,0.5368906
ISG15,0.53688985
KLHL42,0.53688973
NOC3L,0.5368891
PTGS1,0.53688097
MAP3K4,0.5368763
MRPS7,0.536875
INO80C,0.5368707
GOLPH3,0.5368666
FKBP5,0.5368612
DCAF12,0.5368608
HERC4,0.53685904
LTBR,0.5368575
MYO6,0.5368567
OTUD3,0.53685534
GGCT,0.53684956
FER,0.53684914
RNF125,0.53684884
LIG1,0.53684574
ITGA11,0.536842
GNPTG,0.5368408
FOXK2,0.53683996
MRGBP,0.5368392
MBD4,0.5368384
HINT1,0.53683734
DEPDC5,0.5368334
FPGS,0.5368316
GTF2IRD1,0.5368289
CWC27,0.53682667
NFU1,0.5368251
GPI,0.53682345
MAN1A2,0.53682256
IQSEC1,0.5368222
KMT2B,0.53682184
GTF2F1,0.5368216
MTM1,0.53682095
NPDC1,0.5368199
HDAC4,0.5368191
HOMER1,0.5368066
KIF14,0.536806
EMB,0.5368014
GNAI3,0.5368012
HK1,0.53679967
DPYSL2,0.5367966
ITGA2,0.536794
CHMP3,0.5367922
CEP152,0.5367898
FUNDC1,0.5367886
HSPA4,0.5367868
HFE,0.53678125
KANSL2,0.5367798
NEMF,0.5367792
MAN2C1,0.53677785
MTMR4,0.5367723
IPO8,0.5367667
DRG1,0.5367634
SGK3,0.5367627
FBXL20,0.53675973
DHODH,0.5367582
KIF2C,0.5367538
SLC44A4,0.53674954
FLAD1,0.53674597
HIPK1,0.5367437
IDH3A,0.53673446
NR5A2,0.53672045
DCAF7,0.53671545
FBXW8,0.5367152
GSR,0.5367149
DDX27,0.5367109
KCNJ15,0.53670746
FARS2,0.53670466
PPP2R3C,0.53670454
FAT4,0.5367038
LFNG,0.5367031
APBA1,0.5366971
GALNT2,0.5366955
MIEF1,0.5366898
HSPA1A,0.5366893
INPP5F,0.5366862
HLA-DRB1,0.5366843
ESYT2,0.5366835
MTF1,0.5366829
ZNF184,0.53668267
RRAS,0.536682
GTF2I,0.5366793
LRWD1,0.5366755
CTDNEP1,0.53666323
LCMT1,0.53665847
HOMER3,0.53665787
HAUS1,0.53665775
IBTK,0.53665423
MBD6,0.53664553
MOSPD2,0.5366433
HMGN1,0.5366359
IRF7,0.53663254
HAUS2,0.5366316
GPR89A,0.53663135
GAA,0.53663015
LIMS2,0.5366291
FAM8A1,0.53662795
GTPBP3,0.5366276
EXOSC8,0.5366259
ETS2,0.5366241
GOT1,0.5366214
EIF4G2,0.53661853
G3BP2,0.5366111
GPN2,0.53661036
ECSIT,0.5366016
IRS2,0.53658813
FNBP1L,0.5365838
NAPB,0.5365828
FXR2,0.53657967
LMAN1,0.53657866
GTF2H3,0.536578
NDUFB6,0.53657424
EXOC6B,0.5365741
GSPT1,0.5365714
DGKH,0.5365599
NDUFA5,0.5365576
HSPB11,0.5365509
MED24,0.5365459
CYFIP2,0.53654134
LIN54,0.5365397
ITGB3BP,0.5365395
IER3,0.53653616
LIN9,0.53653395
HCK,0.53652674
FARP1,0.5365245
EHMT1,0.5365235
RBAK,0.5365212
HEXIM2,0.5365123
IFNAR1,0.53650457
COPS7A,0.5365018
FOSL2,0.53649986
GON4L,0.53649503
KRBA1,0.5364944
EXO1,0.5364937
HMGA1,0.5364931
EXOSC9,0.5364926
KHSRP,0.53649205
CLCN7,0.53649086
CENPN,0.5364893
GEMIN7,0.5364883
FZD3,0.53648674
DSN1,0.53648466
DNAJC8,0.53648436
HARS2,0.5364776
KXD1,0.53647524
CD2AP,0.5364723
SECTM1,0.5364718
CYTH3,0.53647107
EPCAM,0.536471
ETFA,0.53645605
HLTF,0.536449
JUP,0.5364447
GPR161,0.5364443
LRP2BP,0.5364437
EEF1E1,0.5364435
HADH,0.5364414
IFT81,0.53643864
CENPI,0.5364374
ERGIC2,0.5364345
EMC8,0.5364335
DZIP1,0.5364224
LIPT1,0.5364159
GUF1,0.53641075
CTNNBL1,0.5364095
GRPEL2,0.5364094
NEDD9,0.5364082
KRR1,0.5364077
D2HGDH,0.5364054
ERLEC1,0.5364018
EHD1,0.536396
MVP,0.53639543
EIF3J,0.53638446
ING1,0.536382
FAM168B,0.53638077
GTF2F2,0.53637695
NTM,0.53637606
DLG3,0.5363753
FLNB,0.5363683
PLB1,0.53635716
NOMO2,0.5363424
RABL2B,0.5363368
CTDP1,0.5363347
FAM131B,0.53632754
MAPK8IP3,0.53632647
GDF11,0.5363253
KCNC3,0.53631777
RIN2,0.5363147
FADS1,0.5363107
HEXB,0.5363065
DBF4B,0.5362929
NDUFS7,0.5362909
FAF1,0.5362907
FBXO2,0.5362837
FGR,0.5362834
GPX3,0.5362809
MED8,0.53627765
HAUS3,0.53627586
GDI2,0.5362745
ZNF836,0.536272
FIBP,0.53627175
ESPL1,0.5362713
DENND4B,0.53627104
COX15,0.5362609
MED21,0.53625876
DNAJC15,0.5362559
LIG3,0.5362529
ZNF461,0.536252
EIF4A1,0.5362497
DLG5,0.53624666
NEDD1,0.5362453
GATM,0.53624225
INO80D,0.53623813
KLHL2,0.5362372
DNM1,0.5362322
ERGIC3,0.5362287
BET1,0.53622794
CAP2,0.5362277
EIF5B,0.5362273
EPN1,0.53622437
GBF1,0.53622437
GCFC2,0.53622276
COX17,0.5362225
CTTN,0.5362221
B3GNT2,0.5362211
THBS2,0.5362202
FMNL3,0.53621674
SYCE2,0.5362148
GAB1,0.53621286
NUDT19,0.5362074
HSD11B2,0.53620565
ELF2,0.5362043
ERI2,0.53620404
KLHL22,0.5361967
INTS1,0.536194
KLHDC2,0.5361894
DIAPH2,0.53618157
FTH1,0.5361778
FDXR,0.5361742
BPNT1,0.5361701
CLPB,0.5361688
DLGAP5,0.53615695
EIF4A3,0.5361569
EXOC8,0.5361554
DHCR7,0.5361536
HLA-DPB1,0.53615147
DPH1,0.5361514
KLHL3,0.5361492
EIF1,0.53614825
ERH,0.53614503
DUS1L,0.5361437
ATP1B2,0.53613317
DYNC1H1,0.53613275
DAP3,0.53612965
ING3,0.5361212
MED11,0.53612006
GFM1,0.53610957
HIPK3,0.5361078
FUCA2,0.5361078
IFT52,0.5361053
DSP,0.53610337
ENTPD4,0.53610307
DSCC1,0.5360939
DCXR,0.53609335
GSE1,0.53608143
BPTF,0.5360768
EIF2S3,0.53607607
COX20,0.53606755
CXXC1,0.53606576
LY96,0.5360638
ELAC2,0.536061
CBX7,0.5360602
MST1,0.5360512
HELZ2,0.5360447
INSIG1,0.53604156
DNAJA1,0.5360406
ERRFI1,0.5360403
ARFIP2,0.53603834
EXOC5,0.53603715
DENND1A,0.53603274
DLAT,0.5360303
DOCK6,0.5360269
MYH14,0.53602636
FAM120B,0.53602487
SWSAP1,0.5360229
FZR1,0.5360211
IL17RC,0.5360199
HMG20B,0.5360153
FAM91A1,0.5360125
MRPL24,0.53600425
PLCD4,0.5360013
CTDSPL,0.536
E2F3,0.5359996
CTBP1,0.53599954
GMDS,0.5359961
EIF2AK2,0.53599
LRRC49,0.5359878
COTL1,0.53598124
EIF4G3,0.53597915
ALPK1,0.53597295
FBXW4,0.53596944
CCM2,0.53596926
GNPDA1,0.5359679
DSG2,0.53596365
EMC7,0.53596276
DPF2,0.5359622
FBXL17,0.5359589
EIF2B2,0.53595227
EVL,0.5359477
FNIP2,0.53594744
ITGB4,0.5359396
COPS7B,0.5359339
E2F2,0.5359327
CLSPN,0.53592986
HLA-DMB,0.53592783
CLNS1A,0.53592277
AFTPH,0.5359181
CASP4,0.5359122
HLX,0.5359078
DGKI,0.53590417
MCUR1,0.5358985
SCNN1D,0.5358951
DLG1,0.5358862
CUL3,0.53588146
FRAS1,0.5358806
EIF4EBP1,0.5358806
PKP1,0.53587174
GAR1,0.53587145
DHX37,0.5358687
IPMK,0.53586704
EXOC4,0.53586465
CSE1L,0.53586227
IRAK4,0.535861
DPH5,0.5358556
EEFSEC,0.53585523
DENND6A,0.5358547
RSAD2,0.5358526
GALC,0.53584903
ITGA9,0.53584886
ELF1,0.5358363
CTSZ,0.5358329
CERK,0.5358262
KBTBD7,0.5358255
DIS3L2,0.5358239
DDX23,0.53582096
HSPA13,0.53581786
DTX3L,0.5358145
JMJD4,0.5358136
DCTN4,0.53580344
DDX28,0.5358026
ENO2,0.5357981
FBXW2,0.53579545
EEF1D,0.5357924
CORO1A,0.53579175
DDX20,0.5357848
DCUN1D4,0.53578305
DGKD,0.53577936
CPT2,0.5357771
GABPB2,0.5357765
DFFB,0.5357738
NFKBIB,0.53576773
CWC15,0.5357647
FAU,0.5357629
MYL5,0.5357626
CMTR1,0.5357585
OPLAH,0.53575397
CTSH,0.53575075
FMNL2,0.5357487
FOXK1,0.5357476
CDS2,0.5357451
RASGRP2,0.5357446
DDX31,0.5357415
EIF4H,0.53573877
LZTFL1,0.53573734
EIF2S2,0.53573626
GOLGA2,0.53573596
CENPH,0.53573453
GNL1,0.53573287
DDX24,0.5357247
EPB41L4B,0.5357235
LAMP2,0.5357182
LDHD,0.53571546
GEMIN5,0.5357137
GDI1,0.5357133
DHX32,0.53569824
ESRRA,0.5356961
IL15RA,0.53569454
FBLN5,0.5356924
ROBO3,0.5356889
PDP2,0.535688
IKBKE,0.53568166
HENMT1,0.5356782
CLK1,0.53567356
HSPBP1,0.53566915
GSK3A,0.5356667
FARP2,0.53566486
GLCE,0.5356638
EBF1,0.5356622
GTF3C2,0.5356608
ESRP1,0.53565943
MVB12B,0.5356548
DNAJB14,0.5356537
LPIN3,0.53565323
SEC31B,0.5356458
CHAF1B,0.53564185
ICAM2,0.5356404
DERL1,0.5356403
CENPK,0.535637
DDX46,0.5356324
DHCR24,0.5356269
HELQ,0.5356191
IPO4,0.5356166
H6PD,0.5356159
GDAP1,0.53560907
KCTD6,0.53560376
PARD6G,0.53560185
DDX18,0.53559893
CDCA5,0.5355967
FZD2,0.5355906
CHST15,0.5355844
FUT4,0.5355761
RNASEL,0.5355711
ZNF416,0.5355676
FAM83D,0.5355633
ATP13A2,0.53556305
CRKL,0.5355597
EAF2,0.5355567
F2RL1,0.5355512
CEPT1,0.5355423
GIT1,0.5355377
CNTLN,0.5355323
EEA1,0.5355313
DHX38,0.53552765
EGLN2,0.5355218
CETN3,0.53552175
DCAF8,0.53552145
CPSF4,0.53551584
FTL,0.5355098
DTNB,0.53550696
ELAVL1,0.5355043
FADD,0.535503
EIF3I,0.53550166
ASB6,0.53550154
IWS1,0.5354921
GFPT1,0.5354887
CTPS2,0.53548217
MRPL49,0.53547937
GLRX2,0.5354772
EIF2B3,0.5354755
GNB5,0.53547484
EYA3,0.53547406
GNL3L,0.53547055
AHSA1,0.5354698
ELP2,0.5354685
CFD,0.5354666
DDX41,0.5354652
FZD4,0.5354595
ENO3,0.53545886
B9D2,0.5354583
DAPK2,0.5354546
LARP7,0.53545153
RUNDC3A,0.53543717
CPNE3,0.5354355
DNAJC2,0.5354323
DNM3,0.5354236
RHPN1,0.5354053
COX6A1,0.5354048
DCUN1D5,0.5354048
NEIL1,0.5353998
CABYR,0.5353976
HDAC6,0.53539306
EDIL3,0.53539234
CHCHD2,0.5353902
ENOPH1,0.53538793
MCCC1,0.53538775
FOXP4,0.5353858
CTSD,0.53538543
CSTF2,0.53538275
PCOLCE,0.5353728
ENPP1,0.53536284
GJC1,0.5353596
FBXL5,0.5353575
IKBKG,0.53535247
F11R,0.53535116
DAPK1,0.5353453
CSF1,0.5353384
GTF2A2,0.5353375
ENG,0.5353342
IL4R,0.5353292
FBXO10,0.5353283
FBXL3,0.535325
ECHS1,0.5353211
MCF2L,0.5353204
COG4,0.53531754
GRPEL1,0.5353172
COPS4,0.53531474
IL2RA,0.53531384
BLZF1,0.53531367
CD47,0.5353055
COA6,0.535305
GNA13,0.53529227
DENND5B,0.5352918
AP4B1,0.5352915
DDX21,0.5352856
PTPRO,0.5352846
CKAP5,0.5352821
ENGASE,0.5352819
FHL1,0.53527176
ERMAP,0.53526056
FMR1,0.5352558
KRBOX4,0.5352555
CYP39A1,0.53525376
EGLN3,0.5352528
DNMBP,0.5352464
DNAJC11,0.5352455
DIAPH3,0.535242
BATF,0.535232
DMXL2,0.53523177
EIF2B4,0.5352272
HMBS,0.5352213
DDHD1,0.53522027
NOMO3,0.5352194
CHD3,0.5352192
ELOVL5,0.5352121
CPSF6,0.5352086
IL10RB,0.5352046
DENR,0.5352044
HSD17B8,0.53520113
DMPK,0.53519833
RASGEF1A,0.5351965
CD68,0.5351925
ERLIN2,0.5351887
DPH7,0.5351882
HSPA1L,0.5351841
MAP3K10,0.53518057
DAZAP1,0.5351754
GPAM,0.5351753
COX6B1,0.53517413
DIDO1,0.53517336
FARSA,0.5351725
GAPDH,0.5351723
EXOSC7,0.5351708
COL9A3,0.5351707
CPSF2,0.53516763
FBN1,0.53516686
DMD,0.5351652
CEP290,0.5351577
EFNA4,0.5351575
FZD1,0.5351519
ACTR6,0.53514856
CORO1B,0.53514767
GALK2,0.53514713
CTBS,0.53514713
GADD45A,0.53513855
COMMD1,0.535138
CDC25C,0.53513455
DIS3L,0.53512794
PAQR3,0.5351269
ECH1,0.535126
EBNA1BP2,0.53512233
DCTPP1,0.5351189
FLOT2,0.5351153
LTB,0.5351136
GIMAP8,0.5351132
CBY1,0.535112
EVI5,0.5351077
NCF4,0.5351053
DVL3,0.53510344
FAM110A,0.5350983
CAMK4,0.535098
CRK,0.53508866
ACTR3B,0.5350883
ALG2,0.53507984
GARNL3,0.5350788
DAAM1,0.5350779
COG7,0.5350779
LEO1,0.53507507
DIAPH1,0.5350749
FJX1,0.53507155
DNASE2,0.535069
NGFR,0.53506696
CTU1,0.5350621
CENPE,0.5350536
KCNC4,0.53505135
EDC3,0.5350492
KIF17,0.5350467
CSTF1,0.53504604
DAB2,0.5350419
FCHO1,0.5350332
DHX9,0.5350325
INPP1,0.53503066
EPHA4,0.5350254
ERAL1,0.5350215
DCAF10,0.53502125
NANP,0.53501105
GINS1,0.53500944
EIF3L,0.53500813
FBXL18,0.53500265
COBLL1,0.5350004
GALNT18,0.53499955
COG6,0.53499657
DBR1,0.53499347
INPP4A,0.5349917
EBP,0.5349816
CUL4B,0.5349749
EXOSC5,0.534974
DCPS,0.534972
CPEB2,0.53497064
DAZAP2,0.5349681
CDK17,0.5349435
HECA,0.5349214
CNOT11,0.53491706
CEP41,0.53490454
CHD1,0.53490376
GALNT3,0.53490186
CLDN12,0.53489983
CHTOP,0.5348889
CTNNA1,0.5348833
DDX39B,0.5348831
KCNIP2,0.5348753
BCL7B,0.5348691
EI24,0.5348646
CHMP2A,0.534861
CSTF3,0.53485984
DCP2,0.5348473
CHERP,0.53484577
FECH,0.5348383
EIF2AK1,0.5348368
EXOC6,0.53483236
DOCK7,0.534831
CDK11A,0.5348264
FLNC,0.53482354
DOLPP1,0.5348218
GTF2E1,0.53481984
BID,0.53481734
GET4,0.5348172
CEBPZ,0.53481406
CYP2S1,0.5348128
CRADD,0.53481114
EIF5A,0.5348053
DST,0.53479713
MRM1,0.5347859
IRF6,0.5347696
CUL5,0.53476363
PARS2,0.5347626
CTDSP2,0.53476214
ATF6B,0.5347571
DUSP4,0.53475225
KBTBD8,0.53475225
TNFRSF10C,0.5347478
DNAJC1,0.5347434
MMP15,0.534725
CTSK,0.5347247
LRG1,0.5347238
CNN2,0.5347225
GCH1,0.5347204
BDP1,0.53471667
EHD2,0.5347142
EIF4ENIF1,0.53471065
COA1,0.53470755
CABIN1,0.5347059
MYLK,0.53470224
EPHB4,0.5346992
DUSP14,0.53469384
DENND2C,0.53469175
CYB5R2,0.5346866
CDK2AP1,0.53468376
DDX17,0.5346789
CSTF2T,0.53466547
HYI,0.5346643
GLA,0.5346639
EPB41L2,0.53466105
EPS8L2,0.534657
CYB5B,0.534656
EEF2,0.53465086
CNN1,0.534648
EMC10,0.5346435
CSNK1E,0.53464246
EMC4,0.53464097
AURKAIP1,0.5346355
BRPF1,0.5346351
DBI,0.5346206
GEMIN2,0.53461975
B3GALNT1,0.53461945
EXOSC4,0.5346147
CDYL,0.53461295
FBXL2,0.5346129
APAF1,0.53460306
DYNC2H1,0.5346007
MCEE,0.5346006
DENND1B,0.53459466
DYNC1LI1,0.53459334
APOBEC3C,0.5345826
ELOVL7,0.5345822
DEPDC1B,0.5345816
NDUFA4L2,0.53457814
OXTR,0.53457165
GORAB,0.5345703
DDX10,0.53456765
EEF1B2,0.5345665
COPB2,0.53456455
MYLK4,0.53456146
FBLIM1,0.53455865
DDX56,0.5345503
COPS8,0.5345448
CSGALNACT2,0.5345382
DERA,0.5345363
DYNLL1,0.5345284
CD320,0.5345167
GATA6,0.5345093
CKLF,0.5345036
EPHA2,0.53450006
COX7B,0.53449136
DONSON,0.53447133
CBX4,0.5344689
DPYSL3,0.53446704
DCAF5,0.5344657
DCTN2,0.5344632
ANAPC15,0.5344627
DVL2,0.53445965
CCT6A,0.53445923
CNOT7,0.53445405
DHX36,0.53444844
CLIP1,0.5344459
COQ4,0.5344443
DR1,0.5344382
DLGAP4,0.5344364
DPM3,0.5344333
TXK,0.53443015
CUL4A,0.53443
ATP1B3,0.53442985
COL4A5,0.53442717
CDCA2,0.53442526
BCKDHB,0.53442216
KCNQ1,0.53441805
DVL1,0.5344174
CENPP,0.5344147
BCS1L,0.5344143
CFDP1,0.53440934
HSPA1B,0.53440726
DNA2,0.5344069
DOCK5,0.53440624
CHMP1B,0.53440374
CAST,0.5344014
CUL1,0.53440124
ACTG2,0.53439623
CSNK1D,0.5343937
GRHL1,0.53439224
RAG1,0.5343854
FAM160A2,0.5343845
RAPGEF4,0.5343816
CALCOCO2,0.5343788
CD81,0.53436506
FLT4,0.53435916
HSD17B10,0.53435737
NMB,0.53435504
EEF1A1,0.5343511
CNNM4,0.5343485
ANO10,0.53434753
COPB1,0.5343468
G6PC3,0.53433746
CLSTN1,0.5343303
GSPT2,0.53432864
CHSY3,0.5343269
CCNB2,0.53432685
DCP1A,0.5343263
EEF1G,0.5343211
EXOC3,0.53431195
COPS6,0.5343034
LOXL3,0.53430086
DNAJC10,0.5342981
PANK4,0.53429186
CD58,0.5342868
FUT1,0.53428656
EXOSC6,0.53428537
KMO,0.534283
CDC25A,0.5342825
DOK4,0.53427833
DSEL,0.534277
DOLK,0.5342766
COG3,0.534259
DENND4A,0.534257
KIAA1549L,0.53425515
COPZ1,0.5342414
CCR7,0.534217
DHRS11,0.5342106
CD53,0.53421044
EDNRA,0.5342104
CDK8,0.53420174
FOS,0.5342011
GYG1,0.5341968
CUL2,0.5341953
CNOT1,0.5341938
DOCK4,0.5341934
DCAF6,0.5341925
GMIP,0.53418887
KBTBD6,0.53418505
DERL2,0.5341686
DFFA,0.5341366
GPAA1,0.5341298
LILRB3,0.53412646
DOT1L,0.5341262
BLOC1S6,0.5341258
CTSB,0.5341251
EPHB6,0.5341234
DDX42,0.53411394
EPN2,0.5341118
ATP8A1,0.5341098
ADNP,0.53410286
CSDE1,0.5341002
CAPZA2,0.534096
DOCK2,0.53408045
COL8A1,0.5340804
EFTUD2,0.5340796
DYNC1LI2,0.5340752
CFL1,0.5340577
GPNMB,0.53405213
DHRS4,0.5340402
CHPF,0.5340379
COIL,0.53403556
FBXO32,0.53403383
CSPP1,0.5340297
G6PD,0.5340293
APBB1,0.5340292
BRCC3,0.5340283
COL4A2,0.53400946
IRAK2,0.53400683
COQ10B,0.53399366
BMF,0.5339903
CMPK1,0.5339893
DDX11,0.5339891
CREBRF,0.53398824
EOGT,0.53398705
HHAT,0.5339809
CD200,0.5339779
CLIC4,0.5339737
CLASP1,0.53397244
CCDC12,0.5339625
EXPH5,0.533962
DSC2,0.5339607
GLYCTK,0.5339574
CSNK1G1,0.53395295
ECE1,0.5339507
DENND3,0.5339504
CDC34,0.53394735
CTDSP1,0.53394586
ENPP2,0.53393286
AKT1S1,0.5339306
EPHX2,0.5339252
DOCK8,0.53392315
NTN1,0.53392106
CKAP4,0.53391874
CENPF,0.53391814
CHAF1A,0.5339171
MGAT4A,0.53391564
CEL,0.53390944
APPL2,0.5339051
CLINT1,0.5339037
CMTR2,0.5339022
RNF152,0.53389806
GPR132,0.53389424
KIF13B,0.53388906
ATAD5,0.5338884
MCMDC2,0.5338846
BMP1,0.5338804
BYSL,0.533873
PDE1B,0.5338714
FBXO4,0.5338616
GGT7,0.5338601
CERS4,0.53385794
E2F5,0.533857
FLOT1,0.5338539
EVC2,0.53384835
CHD7,0.53384304
FST,0.53384084
CDC5L,0.53383476
DYNC2LI1,0.5338293
CORO1C,0.5338278
IDUA,0.53380454
CHN2,0.53380126
CALM2,0.53380114
FBXL14,0.5338
CRLS1,0.53379494
ANAPC7,0.53379476
DTX4,0.5337827
LIPG,0.53377646
DDIT4,0.53377134
DCLRE1C,0.533765
COQ5,0.53375417
PCDHGA6,0.53375065
ARHGEF1,0.53374845
GHDC,0.5337475
CCNB1,0.5337453
GKAP1,0.5337447
CPEB3,0.5337426
ASGR1,0.5337305
CACNA2D1,0.5337242
CLOCK,0.5337156
ELMO3,0.53370345
CEP57,0.53369737
BRD2,0.53368986
CTBP2,0.5336888
BTN2A1,0.53368634
COPA,0.5336784
CDON,0.5336728
COL6A2,0.53366876
DENND1C,0.5336656
CYP2U1,0.53366536
CYTH1,0.5336643
DCTN5,0.53365684
CHSY1,0.5336502
BRD9,0.5336437
ADAM17,0.533632
MARVELD3,0.53362966
DNAJB11,0.5336291
ATG4A,0.533623
CDKN2AIPNL,0.5336147
GABPA,0.53361005
ENTPD6,0.53360116
CLHC1,0.53359044
DCUN1D2,0.5335901
GALNT14,0.5335872
CTTNBP2NL,0.533586
CARD10,0.53357625
CCT4,0.53357136
CRABP2,0.53356487
CERS6,0.53354883
CYB5R4,0.5335205
CMSS1,0.53351706
CNTNAP1,0.5335138
DOCK10,0.533508
KCNH2,0.5335073
CDC42BPB,0.53350306
CPSF3,0.53350085
COMMD6,0.5334956
ECD,0.53349084
ALDH1B1,0.53349006
RNASE1,0.5334894
CSTB,0.53348476
DPH2,0.5334837
ATP6V1A,0.5334717
ADCY3,0.5334661
LRP3,0.5334608
CDK5RAP2,0.53346014
CRY2,0.53345776
FOXRED2,0.53345335
CLIC1,0.53344554
DBF4,0.53343636
CTSA,0.53343624
CD83,0.53343564
DCK,0.53343445
CBLB,0.533431
BBS7,0.53342354
CUBN,0.53342223
ADCY5,0.5334165
C1D,0.5334156
CTIF,0.5334147
DGAT1,0.5334103
DHX58,0.533408
DNAJC5,0.53340685
FZD7,0.5334058
GRIN2D,0.53340197
BAZ2A,0.5334003
CBX3,0.5333976
CYC1,0.53339666
ATG14,0.5333947
CCNL2,0.53339165
DECR1,0.5333896
DISP1,0.533388
CDK13,0.5333829
CKAP2L,0.5333823
DNAJA2,0.53337336
FAM114A2,0.53337175
CHCHD3,0.53335464
CMAS,0.53334063
ATM,0.5333383
CCNH,0.53333026
CLCF1,0.5333261
CHN1,0.533311
EHMT2,0.53330755
DYNLT1,0.5333066
COPS5,0.5333011
MIEF2,0.5332891
PADI2,0.53328496
ARID3A,0.5332755
CHCHD6,0.533274
CNNM3,0.5332645
KPNA5,0.533264
DDB1,0.53325063
ASCC1,0.5332481
ALMS1,0.5332442
CEP170,0.53324276
CLDN4,0.53322965
DHTKD1,0.53322023
CBX6,0.533213
CHKA,0.53320533
E2F8,0.5331978
BOP1,0.53318375
ARRB1,0.533179
CHID1,0.53317
CAPN1,0.5331622
RNF128,0.5331558
CEP350,0.53315294
CNNM2,0.53315145
GBP4,0.5331493
MGAT3,0.5331449
EGR3,0.5331348
DENND4C,0.5331332
BACE2,0.5331268
CTH,0.53312045
EHHADH,0.53311706
AGPS,0.533116
CYBA,0.53311485
CCT7,0.5331119
ARHGAP31,0.53311145
CDK16,0.5331063
CNOT10,0.5331035
CLDN15,0.5331
COX5A,0.533088
SHC2,0.5330873
COPZ2,0.53308624
BCKDK,0.5330809
CCT8,0.53307825
DHX33,0.53307664
CCNY,0.5330695
CLN3,0.53306174
CERS5,0.5330611
HERC6,0.5330564
AAR2,0.53305376
CIB2,0.533051
COL5A1,0.53305
ITPKB,0.5330496
CCDC97,0.5330452
CCAR1,0.5330424
DALRD3,0.53304195
GBA,0.5330329
EVI2B,0.53302693
COX7A2L,0.5330248
DDOST,0.5330242
CSGALNACT1,0.53302306
DHX8,0.53301907
CHD1L,0.5330172
DHX15,0.5330117
BZW1,0.53298783
CXADR,0.53298557
COMMD5,0.53298354
ETNK2,0.53297925
CPNE1,0.5329786
CMTM7,0.5329765
ARPC1B,0.53297377
ATP8B4,0.5329704
CMTM4,0.53296953
CBX2,0.5329536
CTC1,0.53294545
COL18A1,0.5329401
ARHGAP30,0.5329284
COL4A1,0.53292465
CLASP2,0.53292316
DHDH,0.5329181
CCNG1,0.5329132
DPM1,0.5329102
AMY2B,0.53291017
BOLA3,0.5329045
CLK4,0.5328904
AGPAT1,0.5328875
EIF4E3,0.5328847
CLPX,0.5328785
CRMP1,0.5328724
CDC20,0.5328717
GLIPR1,0.5328608
DPH6,0.53285986
CHMP4C,0.532846
CYB5R1,0.5328317
EAF1,0.5328283
B4GALT1,0.5328271
CHML,0.532821
ASS1,0.53282034
CD48,0.5328186
CDC42EP4,0.53281844
DUSP6,0.53281707
ARF4,0.53281224
ATG16L2,0.53280514
CEP78,0.532799
CCDC88C,0.5327959
DIS3,0.53279006
CPT1A,0.53278977
CENPA,0.5327882
BACH1,0.5327855
CRY1,0.53278375
CELF1,0.5327828
ARIH1,0.5327826
AZIN1,0.53278047
CHMP6,0.5327723
BAG3,0.5327682
CCT5,0.5327584
CYTH4,0.53275
DUSP7,0.532732
CLDN7,0.5327287
AUH,0.53272855
DYSF,0.53272384
PIGP,0.5327016
ATP6V1G1,0.53268665
CBR1,0.5326863
COL4A6,0.5326762
DUSP10,0.5326708
COPE,0.532668
CAPZB,0.53266644
FBXW9,0.5326631
C11orf49,0.5326523
DTX3,0.532649
COQ7,0.53264624
CHP1,0.5326452
CD69,0.532642
CHMP4A,0.53263986
COL12A1,0.53263074
GNA14,0.53262955
LIF,0.5326121
CDKL5,0.53261113
CFLAR,0.5326052
CD109,0.5325983
CHFR,0.53258616
RDH5,0.5325753
ANXA2,0.53257513
CELSR3,0.5325666
CPD,0.5325664
AP1G2,0.53256583
CUL9,0.5325609
EAPP,0.532559
AP3B1,0.5325582
E2F6,0.5325519
CRTAP,0.5325495
FEZ1,0.53254795
DNAJC3,0.53254735
CEBPB,0.5325291
LRFN1,0.53252596
CCS,0.5325251
GSTM3,0.532522
DMWD,0.53251326
CAPN15,0.53251296
CSNK1A1,0.53250325
BUB3,0.5324921
ANXA7,0.5324885
EPB41L5,0.53248686
CHMP2B,0.5324868
BRWD3,0.5324852
CDR2,0.5324823
ARPC4,0.5324755
EXOC2,0.5324741
CGRRF1,0.5324615
CDK6,0.53245336
BTD,0.53245026
CDCA8,0.5324488
GPR160,0.5324486
ARPP19,0.53244454
GALK1,0.5324379
DDX1,0.5324357
CBFA2T2,0.53243035
CLTA,0.5324289
CYP3A5,0.5324199
AGO3,0.53239936
ITGA8,0.5323945
EMC3,0.5323642
CTNNBIP1,0.5323541
COX10,0.5323513
CDK5RAP3,0.5323421
DNAJA3,0.5323284
DCAF11,0.5323173
NOC4L,0.5323139
BANF1,0.5323127
CFL2,0.5322966
ANXA5,0.53229094
CARM1,0.53228605
CLEC2D,0.5322767
CAND1,0.53225505
BAHD1,0.5322459
CDK19,0.5322432
CIB1,0.5322406
CPSF1,0.5322403
DISC1,0.53223264
CD99L2,0.53222555
AFG3L2,0.53221965
CHM,0.5322153
BECN1,0.5322152
CERS2,0.532211
DDX54,0.532206
COG5,0.5322031
ELK1,0.5321919
CPEB4,0.53217864
AGPAT5,0.5321704
COL5A2,0.5321662
CKAP2,0.5321656
CSNK1G2,0.53216344
DPY30,0.532163
CBFB,0.5321603
GBP3,0.5321558
ALDH7A1,0.5321355
CWC22,0.53212523
AMOTL1,0.53212404
LRRC6,0.5321226
CCDC93,0.53212255
CDC27,0.53212124
CDK9,0.53212
APPL1,0.5321192
BTBD3,0.5321076
ALDOC,0.53210574
ARHGAP32,0.53209907
ANP32A,0.5320943
FBXO27,0.5320925
RAB32,0.5320868
CAP1,0.5320842
CYP2D6,0.53207976
CD300A,0.5320747
DGKZ,0.53206456
E4F1,0.53204983
BCL2L1,0.532048
C12orf65,0.5320438
CDK14,0.5320409
CEP192,0.5320391
FCGRT,0.53203607
CDCA3,0.5320279
ARF6,0.53202116
EME1,0.53201777
CD180,0.5320176
CCT2,0.53201294
CREB3,0.53200656
CAD,0.53200567
CD55,0.53200465
ATF7IP,0.5319986
GNE,0.531985
CLK3,0.5319807
CDC25B,0.5319702
ARRB2,0.53196925
ALG5,0.531967
BUD31,0.5319609
CENPJ,0.5319479
B4GALT2,0.5319471
CLCN6,0.5319357
CASP2,0.53192866
CYP2R1,0.5319235
BUD13,0.5319212
ECHDC1,0.5319162
AKAP1,0.5319153
CDCP1,0.5319139
CAPRIN1,0.53191155
ATP6V0C,0.5319045
CDC37,0.5319032
CARF,0.5319027
CDC42,0.5319004
ARPC5,0.5319004
DISP2,0.5318838
DRG2,0.5318745
AHCYL2,0.5318733
CDK2,0.53186905
ATP2A2,0.53186905
BBS9,0.5318681
ALKBH8,0.5318552
HSD17B1,0.53184795
BNIP3L,0.531846
CDH24,0.5318315
DYNLT3,0.53181887
COQ9,0.53180885
CNIH1,0.53179765
DES,0.53179735
ESF1,0.53179634
CEP72,0.53179437
BLOC1S5,0.5317906
ASPSCR1,0.5317829
ATRN,0.5317764
EARS2,0.5317684
ATP1B1,0.5317438
DCAF15,0.5317279
AUP1,0.53172624
CNOT8,0.5317214
BCCIP,0.5317206
CD86,0.5317063
RAB36,0.53170305
CTPS1,0.5316935
BCAR1,0.5316862
KHK,0.5316809
AKR7A2,0.5316726
CNPY3,0.5316519
B3GNT8,0.5316504
PYGM,0.53164643
CETN2,0.5316379
CYTH2,0.53163546
ARFGEF1,0.5316291
CRYZ,0.5316275
CNOT6L,0.5316125
ACTR3,0.5316087
CAMK1D,0.53160506
CEP55,0.53159934
ATP6V1B2,0.5315986
BIN1,0.5315895
CUL7,0.531577
CYP2J2,0.5315641
EPC2,0.53153944
CAB39,0.53153837
CHRNB1,0.5315302
ATP7A,0.5315235
CWF19L1,0.5315231
BTRC,0.5315198
DDX39A,0.53148705
BBS10,0.53148675
BTBD2,0.5314851
AKAP10,0.5314795
ATP6V1H,0.5314767
GDF15,0.53147596
DIMT1,0.53147227
BAG6,0.5314628
FNTB,0.5314603
ATRX,0.5314601
ARF1,0.5314592
DDA1,0.53145134
IFIT1,0.5314434
ARHGAP24,0.5314425
CCDC68,0.5314403
ATG10,0.53143865
ATXN2L,0.5314361
CREB3L4,0.5314346
FMN1,0.53142935
CCDC174,0.53142095
CACYBP,0.53141624
CEP164,0.53140116
DOCK11,0.53137445
LIN7B,0.53135467
ANTXR1,0.53133625
C1QBP,0.53133523
CD9,0.53132993
ARHGAP29,0.53132075
CEP250,0.5313175
CDH5,0.5313157
ALDH3B1,0.5313089
CASK,0.53130436
CCNL1,0.5313024
CENPL,0.531302
BICD1,0.5312995
CAMK2D,0.53129756
ATPAF2,0.5312799
AMOTL2,0.53127545
CCDC86,0.5312742
DNAH1,0.5312721
ATG13,0.5312712
CPE,0.5312633
ARIH2,0.5312397
CNOT6,0.5311974
ATXN1,0.5311909
CAPG,0.53118587
CYB5R3,0.5311704
C2CD3,0.53115505
CBX1,0.5311393
CHD9,0.5311042
ASPH,0.53109604
ARHGAP10,0.5310853
DHPS,0.5310832
ATXN10,0.531082
BTF3,0.53107595
ANKRD44,0.5310706
ATRIP,0.53106976
BMS1,0.53106797
DNAH17,0.5310644
BHLHE40,0.5310501
BIN3,0.5310497
MTSS1,0.531049
ARHGAP9,0.53104407
AGO4,0.53103817
STAC3,0.53103447
BRK1,0.5310299
CDKN2AIP,0.53101987
DDHD2,0.5310124
ARHGAP44,0.5310103
CAPZA1,0.5310094
B4GALT4,0.5310062
CALCRL,0.5310037
ARHGAP21,0.53100127
CCT3,0.53099734
CLEC3B,0.53099644
ASPM,0.5309949
CALU,0.53099394
CMYA5,0.5309915
LMCD1,0.5309805
CAPNS1,0.5309721
FKBPL,0.530971
COL11A2,0.5309646
CD46,0.5309558
CBX5,0.5309509
APIP,0.53094655
ASRGL1,0.53093165
COLQ,0.5309176
ARFRP1,0.53091615
ATXN3,0.5308899
COG2,0.53088105
COG1,0.53087485
DHX16,0.53087354
ITGAX,0.5308724
ASNS,0.5308613
GEMIN6,0.5308438
ARF5,0.5308349
ARID4A,0.53083336
CAT,0.530832
CDK1,0.5308213
ASH1L,0.53081864
DDX52,0.5308185
ANXA6,0.5308173
C17orf49,0.5307992
BCAS3,0.5307908
FZD5,0.5307628
CANX,0.53074086
ARID4B,0.5307366
CNOT4,0.53073394
CCNK,0.53072655
EPHB3,0.53072524
DDX19A,0.5307199
DHRS3,0.53071374
EFNB1,0.5306822
BSCL2,0.5306798
AGO1,0.5306734
BCL2L11,0.53067136
CKS2,0.5306706
C1GALT1,0.5306682
AREL1,0.5306622
ANK3,0.5306594
CABLES1,0.5306483
AMPD3,0.53064793
EYA2,0.53063035
ARPC1A,0.530628
ATP2B4,0.5306251
BTBD1,0.5306191
ARL4C,0.5306153
CD52,0.5306088
GTF2H5,0.53059816
BAIAP2,0.53058463
CDIPT,0.530584
ATXN2,0.53057796
CIT,0.53057694
CDC42BPA,0.5305733
ANKRD27,0.5305697
BABAM1,0.5305527
ARFGAP1,0.530546
CTNS,0.5305295
CBR3,0.53051436
BUB1,0.5305031
COASY,0.5304965
FAAH,0.530479
ARL14EP,0.5304595
AQR,0.53044564
DACT1,0.530443
DMAP1,0.53041714
CIR1,0.53041476
S100A9,0.53041476
BRD1,0.53040874
ACTR8,0.5303924
HDAC11,0.53038335
CENPM,0.5303796
AHCYL1,0.5303568
DUSP1,0.53035146
ANAPC4,0.5303473
ATP11B,0.5303225
CDC14B,0.53031737
ARL2,0.53031343
GRK4,0.53030765
ARHGEF11,0.5303015
DUT,0.530293
ASAP2,0.530292
CADM1,0.5302786
ARHGAP11A,0.53027785
COA5,0.53027385
CLIP2,0.5302631
ARHGDIA,0.5302207
GGT1,0.53021675
ARHGAP11B,0.5302104
ARID5B,0.530199
BICD2,0.5301951
CHRNA10,0.5301868
FOSB,0.53018427
BRWD1,0.53017914
CALD1,0.5301783
CAMKK2,0.5301571
CES4A,0.5301552
B3GALNT2,0.5301511
CPSF7,0.53012335
ATG9A,0.5301156
HERC5,0.5301147
CDH23,0.5300954
DNTTIP1,0.53007966
CAMKK1,0.5300796
CCDC136,0.53007454
LAT,0.53007334
ANKLE2,0.53006077
CCNT1,0.5300562
AMMECR1,0.53005236
ATG12,0.53004575
COPS2,0.53004223
CEP120,0.53001964
CACNB2,0.53000563
CCNG2,0.5299884
CDCA7,0.52997756
BARD1,0.5299759
DPP4,0.5299745
BCL2,0.5299639
MAOA,0.5299599
ARPC2,0.5299561
BMP8B,0.52995515
CCP110,0.529954
AHNAK,0.5299402
CORIN,0.52994
DLC1,0.52993697
ALYREF,0.52991354
ARG2,0.5299097
ATP11A,0.5299072
ARL1,0.529905
APH1A,0.52989346
BCAP31,0.529886
ALDOA,0.52988344
CCNA2,0.52986634
ARHGAP35,0.5298629
DPCD,0.5298622
ATG5,0.52984506
COL7A1,0.529844
ARHGDIB,0.5298297
ATP2B1,0.5298048
ATG4B,0.5297992
BTC,0.5297986
CLPP,0.52979493
CD2BP2,0.52978516
ARHGAP6,0.52977115
CHTF18,0.5297653
CCDC91,0.52976525
AP3D1,0.52976
ATG4C,0.5297417
BBC3,0.5297414
ATP1A3,0.5297271
BIRC5,0.52972585
ATP6V1D,0.5297253
CHEK1,0.5297233
CARS2,0.5297224
CDK4,0.5297158
DERL3,0.52966976
IL7,0.5296577
LGI4,0.52962476
ALG9,0.5296132
BSG,0.5296074
ARF3,0.5296049
LCAT,0.5295938
CELSR1,0.5295912
DYNC1I2,0.52958864
CRELD2,0.529567
AP1S3,0.529562
HEYL,0.52954423
CHCHD10,0.5295214
AK2,0.5295123
BFAR,0.52950144
FBXL22,0.5294983
BOLA1,0.52949786
CDC16,0.5294913
CDC40,0.5294878
TNFSF12,0.52947044
COL16A1,0.52945983
ANP32E,0.5294559
ATIC,0.529455
BTN3A2,0.5294483
ATAD3A,0.5294315
BTAF1,0.5294202
CREM,0.5294179
AKAP13,0.5294156
FBXO6,0.52939916
BAG4,0.529397
ASAP1,0.52939093
CDC6,0.5293814
CDC37L1,0.52937335
CPLX1,0.52935946
ATPAF1,0.5293458
DHX35,0.5293363
CASP7,0.5293275
ALG6,0.52932423
CCNE2,0.52932
EPOR,0.5293195
DDX60,0.5292952
BNIP3,0.52928674
AK4,0.5292859
BIRC6,0.5292758
ARCN1,0.5292747
ARSJ,0.52925307
ARHGEF26,0.52924705
ADPGK,0.5292433
CD4,0.5292209
POSTN,0.52921945
ARNTL,0.52921367
ATAD2,0.52919465
ARHGEF3,0.5291917
BAZ1B,0.5291831
ATXN7L1,0.5291717
ASF1B,0.5291701
IL17RE,0.52916974
AKR1A1,0.52916354
IL18R1,0.52915627
ANAPC5,0.5291525
DOK2,0.52914834
AJUBA,0.52913755
BMPR2,0.5291349
DGKQ,0.5291319
CCNF,0.5291252
CAPN2,0.5291217
ARFGEF2,0.52911496
ARAP1,0.5291101
AP3S2,0.52909374
DET1,0.5290778
ADK,0.5290662
CALM1,0.52906495
ACTN1,0.5290616
AGMAT,0.52904546
B9D1,0.529039
DENND2D,0.52903163
FGD5,0.52902085
CENPB,0.5290168
ARL8A,0.5290047
LIN7A,0.52900004
ARL13B,0.52899647
CACNA1H,0.52897865
MS4A6A,0.5289784
ARHGEF15,0.52896506
FBXO15,0.5289639
CHCHD5,0.52895576
AP2B1,0.5289438
AP3S1,0.5289412
ALS2CL,0.5289342
API5,0.52893394
F5,0.5289317
ALDH3A2,0.52891773
ARHGEF12,0.52891314
C2orf49,0.52890426
CMPK2,0.5288879
ARHGEF18,0.5288827
ARSK,0.52887595
ALDH18A1,0.5288597
ALKBH1,0.5288545
ARAP3,0.52884024
COL17A1,0.5288345
CEACAM1,0.5288142
AGRN,0.5288139
B3GAT3,0.5288115
BCL2L2,0.5288059
FBXO45,0.528798
ANKFY1,0.52877825
ACTR10,0.52876514
EHD3,0.5287651
BRF1,0.52875984
CNIH3,0.5287583
CRAT,0.5287506
LMF1,0.52875054
AIMP2,0.5287495
CHST14,0.5287362
FOXP3,0.52872634
BLCAP,0.5287062
RAMP3,0.5286772
BANP,0.52866966
CEP76,0.5286669
CHI3L1,0.5286648
C17orf80,0.52863824
BCAT1,0.5286299
CACNB1,0.52862775
CDK7,0.5286184
APP,0.5286107
CMKLR1,0.5286056
ANLN,0.52859926
BRPF3,0.52859557
CHST12,0.52858895
CLIC2,0.5285655
ARHGEF28,0.5285644
BTN3A1,0.52854484
CLUAP1,0.528523
CCDC115,0.5285021
CCDC106,0.5284801
HS3ST1,0.52846813
AP2S1,0.528468
APOE,0.5284341
BEST1,0.5284252
BLOC1S2,0.52841794
APLP2,0.5284132
CDT1,0.52837265
CETP,0.52836025
AQP1,0.5283444
AVL9,0.5283407
BNIP1,0.52834016
GNLY,0.5283396
CXCL16,0.52832466
MAOB,0.5283187
BHLHE41,0.5283139
GSDMB,0.5282826
AHCY,0.52828085
ATF4,0.52827954
ANKZF1,0.52827156
ARL3,0.5282601
ALG8,0.528253
AMOT,0.52824986
CES2,0.52824813
OLR1,0.52824444
COPS3,0.5282346
ATP6V0A2,0.5282266
AMBRA1,0.5282155
ATP6V1C1,0.5282119
CHRD,0.5282022
CLN8,0.52820104
ARHGAP17,0.5281916
ARL6IP5,0.5281837
ASXL2,0.52818334
APOO,0.5281759
ATF2,0.52815706
CHKB,0.52815515
ARHGEF37,0.5281352
COL8A2,0.52812964
AP1G1,0.52812105
BLOC1S4,0.52809316
CHCHD1,0.528079
APPBP2,0.5280708
EFCAB7,0.5280563
CLIC3,0.52804255
AP3M1,0.5280275
COL24A1,0.52802634
BAIAP2L1,0.5280258
ATF6,0.5280115
AHCTF1,0.52799386
ATP8B2,0.52799207
CLDN23,0.5279718
ATG16L1,0.52796835
ANP32B,0.5279654
C5,0.5279451
FCGR3A,0.52788335
FCER1G,0.5278806
CISH,0.52788013
ARHGAP12,0.52781886
AP2A2,0.52781016
HOXA7,0.527806
C2CD2,0.52778184
CSTA,0.5277691
B4GALT3,0.52776605
FPR3,0.5277648
ATN1,0.5277633
ARAP2,0.5277441
AMT,0.5277414
CDK11B,0.5277202
AMPD2,0.5277111
ARHGEF19,0.52770597
ATG4D,0.5277006
ATP6V0B,0.5276871
KCNAB3,0.52768695
ANO6,0.52766466
NPHP1,0.5276368
CBR4,0.5276246
CASZ1,0.52760124
CEP70,0.52758455
CSPG4,0.5275535
ARHGAP39,0.52754545
ARHGAP26,0.5275379
ASAH1,0.52753127
COL5A3,0.52751666
CENPO,0.5274926
ARHGEF25,0.5274872
CCDC80,0.52746266
APTX,0.52743226
CCZ1,0.52741265
C2CD5,0.5274061
CCDC40,0.5274056
ITGAM,0.52738696
BCAT2,0.5273778
ECM1,0.5273719
COMMD8,0.52737117
ASCC2,0.52735275
CACNA1C,0.5273275
CITED2,0.52731496
ATG2B,0.5273087
APLF,0.527303
AP5M1,0.52730167
ATP6V1C2,0.5272795
ACADVL,0.52727586
AP4M1,0.52727526
CCNDBP1,0.527248
ANAPC16,0.5272398
BMP2K,0.5272358
ADORA2B,0.5272285
ARSG,0.5272251
COL15A1,0.527214
BRIX1,0.5272045
CASP6,0.5272028
DNAH5,0.5271898
CEP135,0.5271539
AMDHD2,0.5271518
ADIPOR2,0.52714014
HES4,0.527125
BBS12,0.5271091
ACTR2,0.527097
ATF7,0.527046
ARFGAP2,0.52702785
CEBPG,0.5270124
CDH6,0.52700007
BLVRA,0.5269683
ALOX5,0.52695346
CC2D2A,0.52693814
ARNTL2,0.5269134
CLEC7A,0.52689976
BAG2,0.5268803
BAK1,0.52687967
DEPTOR,0.52687114
ALPL,0.5268577
APOL1,0.5268532
ATP6V1E1,0.5268493
ATP8B1,0.52684677
APH1B,0.5268289
APOBEC3B,0.52681994
ASAH2,0.52680886
ARHGAP18,0.52679557
CHST7,0.52678865
CENPC,0.52677286
CAMLG,0.52676153
GADD45G,0.5267466
ASPHD1,0.52672774
CYSLTR1,0.52672076
SLA,0.526712
APOBEC3F,0.526706
AGPAT4,0.52668124
AP3M2,0.5266639
BBS2,0.5266597
ADD3,0.5266518
B4GALT7,0.5266074
CARD6,0.5266074
ASIC1,0.5266072
CHUK,0.52658623
APOBEC3G,0.5265822
AHI1,0.5265489
ARAF,0.526545
AGFG1,0.52653766
APBA3,0.526528
ANXA1,0.52652436
CALML4,0.5265023
GINS3,0.5265004
CASP1,0.5264993
AMPH,0.52649426
CAPN10,0.52648556
CD34,0.5264775
ALCAM,0.5264601
BTF3L4,0.52645755
C5AR1,0.52644354
CD248,0.5264379
ATP6V1E2,0.52642417
GFI1,0.5264225
CACNB3,0.52638423
CFB,0.52636737
BRD8,0.5263671
FPGT,0.52635735
CNGA1,0.5263446
ATP2A3,0.52633893
ASAP3,0.52632004
ADSL,0.5263146
ANO1,0.5263096
RGS4,0.5263068
MPZ,0.5262862
ARSD,0.52623385
GIPR,0.52623165
AP2M1,0.52622765
ALDH1A3,0.526219
FOLR2,0.52621204
CDK5,0.5262097
AFF1,0.5262093
ACOT8,0.5261848
CLDN11,0.5261555
AP5B1,0.52613044
CD247,0.5260939
B3GALT4,0.5260791
PGF,0.5260736
FUT2,0.5260589
ANGPTL4,0.5260532
DUSP19,0.5260298
ATP6AP1,0.52602446
DUSP8,0.52601856
DXO,0.5260102
AHRR,0.5259905
DCN,0.5259846
CAMK2G,0.52596587
CTSL,0.5259545
ARSB,0.52595234
ADCY4,0.52595174
B3GNT7,0.5259333
INMT,0.5259224
C9orf72,0.5259219
ETV7,0.52590436
ANO9,0.5259018
AP5S1,0.5258397
ARHGEF2,0.52583814
ARL8B,0.52580816
RIPK3,0.5258003
ARRDC3,0.5257957
CD163,0.525758
ASL,0.5257465
AKAP8,0.52573967
ACADSB,0.52571774
GGT5,0.52571106
SDS,0.52570045
INHBB,0.5256647
DLL1,0.52566373
ACSF3,0.5256531
COQ3,0.5256287
LILRB2,0.5255851
ADAMTS4,0.5255812
ARHGAP4,0.52557707
HK3,0.525568
CACNA2D4,0.5255679
BOC,0.52555585
MYH3,0.5255439
NFAM1,0.5255331
MMP28,0.52550894
ADAR,0.5255053
CD2,0.52547544
ITGB3,0.52547497
B3GNTL1,0.525457
IL1R2,0.5254524
GBP5,0.5254483
ASB8,0.52540725
AP4S1,0.5254018
BAG5,0.52539015
APOBR,0.5253729
FGD3,0.52533394
ASB2,0.52533287
CHMP5,0.5253297
ATP6V0A1,0.52532166
ADAMTS12,0.52528495
CIDEB,0.52527654
ALAS1,0.5252689
CDK3,0.5252627
CDS1,0.5252485
BBS5,0.5252435
CCNYL1,0.5252339
AIFM1,0.5252281
CCDC22,0.525213
ADA,0.5252116
EXOC3L1,0.52521086
LTF,0.52519745
CYP27A1,0.52519053
ADAMTS1,0.5251828
GPER1,0.5251823
CDKN3,0.5251822
BFSP1,0.52516264
ACACB,0.5251574
AFF4,0.52515644
HOPX,0.52515054
CAPN7,0.5251158
HEY2,0.52509606
COL6A3,0.5250857
GLDN,0.52508193
DCLRE1B,0.525081
AP4E1,0.5250675
BRF2,0.5250605
ATP7B,0.5250562
CTSO,0.5250424
CBX8,0.5249984
ALG1,0.52499586
PPIL6,0.52499443
AGO2,0.52497715
BMP2,0.52495766
ATG3,0.5249509
CX3CL1,0.5249273
ARHGAP19,0.5249166
CAMK1,0.52491045
C2,0.524896
BEND3,0.52489465
ANGPT2,0.5248821
ARFGAP3,0.5248755
ARL2BP,0.52487457
AGL,0.52485335
ALKBH6,0.524853
AXL,0.524849
APBB2,0.52482814
AIF1,0.5248089
CD6,0.52476865
AKAP9,0.5247616
AGTRAP,0.5247494
ARHGEF6,0.5247484
AGA,0.5247228
C6orf120,0.52471274
ALG13,0.5247081
AKR1C2,0.52470577
BDKRB2,0.524701
C3,0.52469265
C1orf162,0.52469105
ALG14,0.5246827
CYP7B1,0.5246478
AKR1B1,0.52464336
ALDH9A1,0.52462286
ECE2,0.52460545
BATF2,0.52459955
ADH5,0.52459717
ACTG1,0.5245911
ADAM12,0.5245591
AMFR,0.5245494
GAB3,0.52453834
COL6A1,0.5245332
ACTB,0.5245249
ASB7,0.5244985
CASP10,0.5244971
CACNA2D2,0.52449614
F13A1,0.5244443
CMTM1,0.52442235
ADAMTS9,0.5244183
ARMC8,0.52436584
ATL1,0.52436376
AKR1C1,0.52435225
ADAMTS2,0.52434635
C7orf26,0.52434456
ADAMTS14,0.5243354
CXCL10,0.5243211
ALKBH3,0.52429074
ADM,0.52428705
ACTR1B,0.52428156
CARD9,0.52427375
ATOX1,0.5242615
ADAM22,0.52426046
ADI1,0.52425253
ASB13,0.52422595
ACOT1,0.5242195
ACTL6A,0.52421767
ADAMTS5,0.52421623
AP1M1,0.5242152
ACP1,0.52421397
BMP4,0.52419734
ACLY,0.5241965
CD1D,0.52413446
ANO7,0.5241171
IL12RB1,0.52410966
CABLES2,0.5241055
APRT,0.5240887
ADAM28,0.5240832
B3GNT5,0.5240644
CLEC2B,0.52405065
AZI2,0.5240506
ARL6,0.5240443
MAGEH1,0.5240442
AKAP5,0.5240414
ALS2,0.52401614
APOC1,0.5239926
IGSF6,0.52396995
ANAPC2,0.5239432
DCHS1,0.5239384
ARSA,0.52391505
ADRM1,0.5238934
DUOX1,0.5238933
ATP2A1,0.5238913
BGN,0.52388006
ACAP2,0.5238089
CCR10,0.5237911
BAMBI,0.52379024
ANKRD28,0.5237863
CD38,0.5237667
P2RY6,0.5237347
ADAMTSL4,0.5237319
ARHGEF9,0.5237283
ANKRA2,0.5237202
CCT6B,0.5237064
ACOT11,0.5236683
ARHGAP27,0.5236412
BDKRB1,0.5236366
C12orf66,0.52363396
FDXACB1,0.5236261
IZUMO4,0.5236218
CD5,0.52357894
ACSM3,0.5235505
ARHGAP33,0.52352625
ADAMTS13,0.52352214
CAB39L,0.52349275
ACSS1,0.523488
ALAD,0.52348197
ADAM19,0.52347344
FPR1,0.52345115
DMTN,0.5234433
BATF3,0.52342755
APOOL,0.5234025
BLNK,0.5233976
CXCL1,0.523355
AKTIP,0.5233532
ACAT2,0.52332765
B3GNT4,0.52331877
AKR1B10,0.5233009
ALDH5A1,0.5232772
ALG12,0.52327096
BPGM,0.5232677
ANAPC13,0.5232674
CD36,0.52326155
APBB3,0.5232606
ACP5,0.52326006
AK1,0.5232275
ACTN4,0.52320564
ABCB10,0.5231933
CD96,0.52317667
ALG3,0.52315694
CLIP3,0.52312875
CATSPER2,0.52312154
ACTR1A,0.5231033
GCNT4,0.5231011
ACOX2,0.5230982
AGER,0.5230941
ACE,0.5230889
ATG2A,0.5230685
ARHGEF4,0.5230555
ANO2,0.523016
ACTA2,0.5229869
AGPAT2,0.5229852
ACACA,0.5229847
AADAT,0.522984
ARNT2,0.5229779
ACO2,0.5229619
ACOT7,0.5229383
ADRA2A,0.5229091
ACER2,0.52287096
ACD,0.5228617
ACAA2,0.52283597
ABCD1,0.5228358
AGGF1,0.5228263
ADAM23,0.52281845
ADAMTS10,0.5227683
ALDH16A1,0.522731
ABTB1,0.52271044
APBB1IP,0.5226991
CDK20,0.5226645
ACSS2,0.52265924
ACOT2,0.52265406
ARL16,0.52264905
AP1S2,0.52263004
ALG10,0.5226248
CMC4,0.5226104
ACAA1,0.5226059
ACOX3,0.52257866
AGK,0.5225633
ACAT1,0.5225533
ANAPC1,0.5225158
ABR,0.5225118
ADPRM,0.52250665
ALDH1A1,0.5224899
C1GALT1C1,0.52248967
ANTXR2,0.5224705
C15orf48,0.52246743
ACAD8,0.5224463
ADAT2,0.5224313
ACOT13,0.52240974
ABCF1,0.5223968
ALKBH5,0.5223687
C18orf32,0.5222982
ACSL4,0.522263
CHST1,0.5222589
ACSL1,0.5222408
ADD1,0.5222321
ACIN1,0.52220404
AOC3,0.5221994
AIP,0.52219194
ACVR2B,0.5221614
ADAM15,0.52213717
AGAP2,0.5221299
ACAD9,0.5221051
ADAM10,0.5221009
ACBD3,0.52207243
ANPEP,0.52206284
CXCL14,0.5220251
ACYP1,0.52200806
ACVRL1,0.521948
ACSL5,0.5219218
ARL4D,0.5219035
ADCY7,0.52190185
ACADS,0.52189595
ABI3BP,0.52174044
ABHD12,0.52173346
ALG11,0.52170235
ACOT4,0.521659
ACOX1,0.52164567
AASDHPPT,0.52160704
CAPN5,0.5216017
ABLIM3,0.5215687
ACADM,0.52153385
ABCF3,0.5215161
ACO1,0.52151036
ACP2,0.5215067
ACAP1,0.5214978
ABCD4,0.52148104
MS4A4A,0.5214583
AQP3,0.5214154
ABI2,0.521366
ABCE1,0.5213569
ABLIM2,0.52133405
ACER3,0.52129877
ABCB4,0.5212443
ABCD3,0.5212261
ALDH4A1,0.52121294
ABI3,0.52121174
ADCY6,0.5212104
A1BG,0.5212086
ABCA7,0.52120805
ADAM9,0.5212079
ABCF2,0.5212005
ABCA2,0.5211971
ABCB6,0.52119577
ABCG1,0.5211886
BMI1,0.52118546
AK9,0.5211817
CTHRC1,0.5211688
AARS2,0.5211668
ABCC1,0.5211651
ABCC3,0.52116334
AASS,0.5211623
ABCA1,0.5211623
AATF,0.52116185
ARL4A,0.521148
AASDH,0.521146
AAMP,0.5211386
AACS,0.52113336
AAK1,0.5211252
AAAS,0.5211056
