Gene Name,Score
TUBB,0.9999324
TUBA1B,0.9995807
TPT1,0.9994686
PDE4D,0.9993241
PDE10A,0.99928266
RPS3,0.9992587
PDE3A,0.99827147
RPL13,0.99822706
RPLP0,0.99807006
RPL41,0.99548846
SMYD3,0.99506396
PKM,0.9949858
RPL27A,0.9939687
RPS2,0.99379
TEAD1,0.9936761
TKT,0.9930307
RPS6,0.9928018
TMSB4X,0.99201113
XRCC5,0.9909458
RPL3,0.99027085
RPL13A,0.98793346
SRRM2,0.98545074
TXNRD1,0.9840671
RPL15,0.980925
PDE4B,0.9801134
RPS8,0.9778201
RPS9,0.97660905
UBE2E2,0.9761771
PGAM1,0.9732816
ZMIZ1,0.9710841
TPI1,0.9710291
RPS4X,0.96927017
RPL8,0.9668552
WNK1,0.96611905
ZFR,0.965243
RPS23,0.96424586
SCD,0.96388054
RPS29,0.9633703
GAPDH,0.96089065
UBC,0.95940626
RPS17,0.9580282
RPS19,0.9575476
VMP1,0.955045
SREBF2,0.9519463
TNS3,0.9515298
UBE2H,0.95069045
SERBP1,0.9500415
PFN1,0.9473198
ZCCHC7,0.94629693
UBA52,0.9459178
SMARCC1,0.9451247
SPTAN1,0.94481564
WDR70,0.9446545
RPL11,0.9445704
RPL37,0.9437742
PTPRJ,0.9408482
UBE2D3,0.93847317
TPX2,0.9374311
RPL19,0.9359269
RPL6,0.93590987
RPL32,0.93555856
PTK2,0.9346571
SLC7A5,0.9337796
UBA1,0.9336847
ZNF207,0.9334729
SLC25A3,0.93278235
TMBIM6,0.9302369
PTPN14,0.928875
UBE2K,0.92871004
USP34,0.9283662
TRPS1,0.92531675
USP48,0.9229015
SSBP3,0.9214747
RPLP2,0.9212428
SEMA3C,0.9196475
TNRC6A,0.919001
SLCO3A1,0.91808
UBAP2L,0.91571105
RPS11,0.915396
SSH2,0.915063
UBR4,0.914893
RPS5,0.9145639
UST,0.913094
WASF2,0.9128682
RAN,0.9114572
WDR1,0.9104697
VDAC1,0.9100496
USP9X,0.90777147
TNPO1,0.90772235
UBAC2,0.9066563
RTN3,0.9039587
PRKDC,0.9029234
WAC,0.9020314
TRA2B,0.9011739
TOMM20,0.9011504
RPTOR,0.89884967
SAE1,0.89762795
RPS15,0.8974328
RPSA,0.8966881
RPS12,0.896391
SMG1,0.8961038
TULP4,0.89543825
XPO6,0.89463997
NFIA,0.89323926
SRPK2,0.8923668
SPTBN1,0.89183193
SBF2,0.89069915
RPS15A,0.88883406
UBE2R2,0.8888207
VCP,0.8882477
RPS27,0.88802063
VCL,0.8873581
TRAP1,0.8872812
SRP9,0.88703835
HNRNPC,0.88694024
ZNF131,0.8858295
PPP3CA,0.88531375
TUBA1C,0.88514346
SRSF11,0.8848784
UCK2,0.88424635
RPS16,0.8827513
MYO10,0.8822341
PSAP,0.8821411
PALLD,0.88006675
RPL7A,0.87892795
TPM1,0.8787171
RPS27A,0.8781309
PPP6R3,0.8772729
HSPA8,0.8770431
ZNF638,0.87554735
USP10,0.87415296
SLC2A1,0.8738556
RPL23A,0.8719285
TUBA1A,0.8714835
TRAPPC9,0.87142104
STT3B,0.8712261
UBE4B,0.8701509
UBE2E1,0.86945647
RBFOX2,0.86851996
SNRPB,0.86749804
SIK3,0.866631
RCC2,0.8661092
SGMS1,0.865616
RPS18,0.86525166
YEATS2,0.86421514
TBC1D5,0.8638081
ZFP36L1,0.8632464
RTN4,0.8632178
PTMS,0.8618669
TOP2A,0.8614499
VGLL4,0.8614254
PDE7B,0.86085975
TANC1,0.8607297
WDR33,0.85933715
NAP1L1,0.8590584
NCL,0.8575276
SLC39A1,0.8564885
SLC25A5,0.8549849
TARDBP,0.85442716
SPIDR,0.85360014
TBL1X,0.8531994
TMPO,0.85293067
SH3RF1,0.85280865
PUM1,0.852388
ROBO1,0.8505967
UBE2G1,0.8505936
TUBB4B,0.84989214
SLC7A11,0.849251
TRIP12,0.8487142
PLEC,0.84731007
PDE1A,0.8471218
YWHAB,0.84679884
UQCRC2,0.84653497
ZFAND6,0.84524393
RBM39,0.8448908
RPL10A,0.8445936
SEC11A,0.8429974
EEF2,0.842513
SSBP2,0.8425014
TBC1D4,0.8415914
TBCD,0.84135616
RPL28,0.84129745
TRERF1,0.840068
U2AF2,0.8400063
PARD3,0.8399774
UGP2,0.83828866
SRSF4,0.8381952
PTBP1,0.83744156
SPATA5,0.83718115
RNF220,0.8367667
TFDP1,0.83603734
SERPINH1,0.835648
UTRN,0.835074
FTL,0.8344469
WDR6,0.83430606
SYNCRIP,0.8338977
STRN3,0.83140343
RPL26,0.8307469
SF3B3,0.8296089
SPIN1,0.8285978
TRAF2,0.8285929
USP32,0.82823604
STIP1,0.8278471
UQCRH,0.8275181
SCMH1,0.82700324
SUPT3H,0.82631886
TMOD3,0.8262849
NIPSNAP1,0.8254275
STK24,0.82516813
USP25,0.8246627
RPL29,0.8242392
RDX,0.82420415
PIP5K1A,0.8237143
MDK,0.82326746
VAPB,0.8226071
ZNF544,0.82253957
SURF4,0.822472
POLA1,0.82233393
SRSF10,0.8223177
SH3PXD2A,0.82151973
UBE2Z,0.8213028
TRAF4,0.8205373
SPTSSA,0.819997
SRPK1,0.81913984
RICTOR,0.81794417
TNRC6B,0.8178908
VAT1,0.8172255
SNX5,0.8169516
EEF1G,0.81694025
ZNF462,0.8166484
VPS53,0.8164513
YTHDF2,0.8160364
SNRNP200,0.81491566
XPO5,0.81488425
SETD2,0.81423205
UQCC1,0.8137551
SF1,0.81259054
XPOT,0.811719
RPL35A,0.81104314
PAICS,0.8106441
RSRC1,0.80937266
WDR82,0.80936635
WLS,0.80902827
SMAD6,0.8087381
RPS6KA2,0.8083593
RALY,0.8081453
UBE2G2,0.8080768
TAOK1,0.80778
ST3GAL3,0.80668145
YBX3,0.8052045
RBBP4,0.80501026
RHOBTB3,0.80490714
VASP,0.80487806
TCERG1,0.8048198
TRAK1,0.80379367
TRPC4AP,0.8030372
VAPA,0.8029652
UVRAG,0.8025714
TGFBI,0.80201966
RPN2,0.8011891
TRMT11,0.8007556
SMG6,0.8002169
VDAC2,0.79940176
NONO,0.79884964
ROCK2,0.79829586
USP24,0.7979502
VPS51,0.79788977
TRRAP,0.79735494
XPO7,0.7971678
RPL27,0.7970902
NR3C1,0.79698265
SRGN,0.79674214
SUPT16H,0.79665303
SCARB1,0.79467404
UBXN7,0.7939407
RBMX,0.7925012
RPS20,0.79186106
SYNGR2,0.7910483
SSU72,0.7907781
SNRNP70,0.79058325
TPST1,0.790452
SKP1,0.79040414
SUMF1,0.79030716
PSPC1,0.7900495
SH3D19,0.78999674
RPL38,0.7898131
WBP11,0.7895966
RPL12,0.7893661
TNPO3,0.7893318
YWHAH,0.78762394
TAF1D,0.78750265
STK39,0.7874747
SLC2A3,0.7872652
TRIM44,0.7863701
RASAL2,0.7862507
STAU1,0.78593045
PKP4,0.785874
TLN2,0.7858169
PRDX1,0.78575873
USP47,0.78538847
RAD23B,0.78528154
WSB1,0.7851741
WDR43,0.7851148
THOC2,0.7842648
PUM2,0.7841032
SEC31A,0.7835178
SMC4,0.78330094
SHISA5,0.7826693
U2SURP,0.7817568
UIMC1,0.7816606
TMED10,0.78044593
RAP1B,0.7800101
TYW1,0.7799373
RPL34,0.7792024
UBA2,0.77857935
XRN2,0.7781054
UQCRC1,0.7778873
XPO4,0.77781695
PHF20,0.7773246
ZNF721,0.7769536
RBM4,0.77662325
SLC25A13,0.7765265
STAT1,0.7764058
ZMYND8,0.775832
SRGAP1,0.77529776
PTPRF,0.7740403
PDE3B,0.77370167
SRSF5,0.7731724
TNFAIP8,0.77316225
SH3PXD2B,0.7731458
MBNL1,0.7716472
UBE3A,0.7706871
SLC1A5,0.77029324
TRIM37,0.76947445
YME1L1,0.7690242
SRCAP,0.7689819
XPR1,0.7687479
TLE3,0.7685055
UBQLN1,0.76825255
POM121,0.7675179
NIPBL,0.7674763
VKORC1L1,0.7668927
GALNT2,0.7661981
UBAP1,0.7661838
VRK1,0.76613575
RXRA,0.7659961
RPRD2,0.76579785
WDFY3,0.76560974
PRPF8,0.7655833
WDR26,0.7653419
SRSF9,0.7649133
MATR3,0.7640132
UBE2I,0.7629161
TUFM,0.76246876
TRPM7,0.7617802
ST6GAL1,0.76159465
STRAP,0.7615828
KANSL1,0.7612049
SMG7,0.76071346
TXNIP,0.75996006
RAI1,0.7599043
SLMAP,0.7598854
SLC16A3,0.75984675
RAPGEF1,0.7591292
RCC1,0.758561
USO1,0.7582797
PTGES3,0.7581809
YKT6,0.7581084
SERP1,0.75790364
TSEN2,0.75782645
RPL24,0.7576303
OBSCN,0.75714517
SUPT6H,0.75712186
RAB31,0.75681543
HNRNPH1,0.75554776
TIA1,0.7553954
RCOR1,0.75537217
SIN3A,0.75502384
TUBB2A,0.7546038
RABGAP1,0.75422376
UHRF2,0.7541626
TMED9,0.7538541
STK3,0.75384325
TRAPPC12,0.75351405
SNRPD2,0.7530889
MYL6,0.7528001
WIPF2,0.75276536
RPS3A,0.75268376
WDR59,0.75237066
PSMB7,0.752321
TIAM2,0.7520429
UBE2E3,0.7503349
HNRNPU,0.7500343
STX16,0.7498293
SDCCAG8,0.7496384
RAPGEF6,0.749433
ZRANB3,0.7493436
SLC44A2,0.7486966
SRRM1,0.74867535
HSPD1,0.74850535
OAZ1,0.74826276
PTBP2,0.748207
TLN1,0.7479739
ZNF451,0.74761605
SHMT2,0.74761486
RPL31,0.7474667
RNPS1,0.74715924
TTLL12,0.7468829
TRAF3,0.7465564
TNKS,0.7455984
UGGT1,0.7448578
SLC7A6,0.74440056
SEPHS1,0.74401456
RNF216,0.74376607
USP15,0.7436778
TJP1,0.74335146
ZNF680,0.7428655
PRDX6,0.74254835
NR6A1,0.74242014
RPRD1A,0.7422312
SH3KBP1,0.74209553
THY1,0.74204826
ZC3HAV1,0.74180967
SUN1,0.7415492
RAB10,0.74128234
TMED2,0.7407148
USP3,0.7405209
SENP6,0.74026537
PHC1,0.7397966
RPA1,0.7397171
S100A11,0.73950666
SSR3,0.7390498
OXCT1,0.7389788
TOB2,0.7389027
TMED3,0.7388149
WDTC1,0.7387517
TRIT1,0.738678
ST13,0.7386029
SRSF7,0.7383998
TRA2A,0.7382817
USF2,0.73749244
MRPS27,0.7374397
ZNF496,0.737089
STARD13,0.73695064
UQCRB,0.7367937
ST3GAL2,0.7356718
FTH1,0.7350767
TTYH3,0.7348615
PDLIM1,0.734707
ZNF714,0.7343557
SCFD2,0.73428804
NHS,0.7341273
RRM1,0.73407924
USP14,0.7339941
PDE8A,0.73384666
TUBGCP3,0.73380905
TMEM30A,0.73371434
SMG5,0.73364776
ST3GAL1,0.7336415
STC2,0.73351467
RNGTT,0.7334048
TIPIN,0.7331846
NASP,0.7326921
URM1,0.73267704
TOR1AIP2,0.73224264
SCARA3,0.7322268
UBE2L6,0.73222
TXLNA,0.7319327
VAC14,0.7317065
SYMPK,0.7316161
PDS5A,0.73144174
TP53BP1,0.7314252
UBE2O,0.7309271
PIP4K2A,0.7306018
PPP6R2,0.7296169
TNFRSF10B,0.7293953
XBP1,0.7292301
ZFYVE9,0.72921103
TNIK,0.7289517
USP7,0.7285611
ZBTB7B,0.72825956
TPGS2,0.7281205
TNPO2,0.7279236
SNX3,0.72791654
SIL1,0.72745883
TXN2,0.72744197
GSE1,0.7270944
TES,0.7268822
SESN3,0.72674584
WDR5,0.7262237
SEC24C,0.7256661
HDAC4,0.7250037
UBXN4,0.72444403
RAB1B,0.72275144
RAD18,0.7226735
TACC1,0.7226713
RAB3GAP2,0.72224367
UBE2V2,0.7221862
POGZ,0.7219388
TOP2B,0.7217546
SUPT5H,0.72146744
WWC1,0.72142035
HDLBP,0.7213686
STK4,0.72109616
STRN4,0.72063255
HUWE1,0.72036177
PAWR,0.72031116
YTHDC1,0.7202822
SHC1,0.72004056
NUFIP2,0.71985936
SF3A3,0.71982753
MACF1,0.7197582
MAT2A,0.719654
KRT7,0.7193814
ZNF587,0.7191775
SEC61A1,0.7191187
ZNRF2,0.71899617
RFX3,0.71867794
ZC3H13,0.71842664
SSR1,0.71842504
PGD,0.71841854
REV3L,0.71800256
TUBB6,0.71791995
WASF1,0.71772325
ZNF124,0.71743214
MIF,0.71728444
SRGAP2,0.71704143
PPIB,0.7169732
TAF4,0.7168997
SNCA,0.7164981
UBXN1,0.71640396
THOP1,0.7163259
STON2,0.716198
UBA6,0.7160749
RYK,0.71549463
TTF2,0.7153149
TSPAN14,0.71529126
TOMM7,0.71521825
SP1,0.71492934
RPS13,0.71491605
SF3A1,0.71491146
SLC9A3R1,0.7148041
RAB5B,0.7145987
RIF1,0.71432847
RSL24D1,0.7139574
TIAL1,0.7138804
ZFC3H1,0.713745
ZMAT2,0.71365654
ZNF586,0.71363914
WWP1,0.71358466
UBN1,0.7135467
UNC13B,0.7130619
SUMO3,0.7130361
PC,0.71294487
UNK,0.71260935
TTI1,0.7125238
WDR41,0.711707
PSMD1,0.71170163
TTL,0.7116381
SSH1,0.7115871
NEK6,0.7115156
WDFY2,0.7113008
SEC14L1,0.7112639
ZMIZ2,0.71086663
PHF21A,0.7108053
SREK1,0.70979214
TFDP2,0.7096449
PHB2,0.70921963
RANGAP1,0.70908177
SARNP,0.70904934
TEAD4,0.7089305
ZNF664,0.7089116
RPRD1B,0.7087641
TECR,0.7087377
SAP18,0.70865136
SNX13,0.7081525
SDC2,0.708135
UQCRFS1,0.7081151
SRRT,0.7078305
SKAP2,0.70742315
VPS25,0.707367
UBFD1,0.70736307
WEE1,0.7072637
PSMB2,0.7069461
SP3,0.7066728
KPNB1,0.70666355
TTBK2,0.7065255
MPRIP,0.7063777
PPFIA1,0.7055841
SMPD4,0.7055064
USP39,0.70540184
TPCN1,0.70501447
ZFYVE16,0.7047344
SRP72,0.7045891
PDLIM5,0.7045194
TACC3,0.704464
NUP155,0.7041881
SNRPD3,0.7037136
SEC16A,0.7035789
PABPN1,0.7035651
NUP210,0.7032856
POLR2A,0.70326555
SOS1,0.703238
NUMA1,0.70295066
VAMP8,0.7025996
UCHL5,0.7021573
SPG11,0.7020161
STK25,0.701963
WASL,0.7019558
ST3GAL4,0.7017836
SYNE2,0.70149434
WIPI2,0.70118546
ZNF90,0.70109403
TAF3,0.7009188
UCP2,0.700886
RSL1D1,0.7007891
TMEM258,0.70071876
OLA1,0.7006558
KHDRBS1,0.70047164
ILF3,0.70021594
TICRR,0.69985735
VPS39,0.69974416
TAX1BP1,0.69953597
PPP2R5C,0.6994096
RPS7,0.6992758
PLEKHA2,0.6992285
SF3B2,0.6985215
SMARCA5,0.69820863
ZNF592,0.69813
SH3GLB2,0.6978329
PSMD11,0.6977527
UCKL1,0.6977273
MYCBP2,0.69764316
WDHD1,0.6976205
NCAPD2,0.6975831
ZDHHC17,0.6975313
USP12,0.6973191
SKA2,0.6973059
ZNF195,0.6972436
UBR1,0.6968797
SMCHD1,0.6966981
TBC1D14,0.69666815
UPF3A,0.69659805
ZNF83,0.69646835
STIM1,0.69642574
VPS41,0.69617
S100PBP,0.69615537
ZNF254,0.69611317
WBP1,0.69579023
SETX,0.6956183
SNX8,0.69544405
SH3BP4,0.6953831
PRDX5,0.6953814
THAP4,0.6952564
WWP2,0.69524896
NRIP1,0.69523156
PARVB,0.6950702
ZYX,0.6948213
TNKS2,0.694776
PFKP,0.6947212
SPAG5,0.69424194
TET2,0.6941413
RFX7,0.69410187
PPP1CC,0.6940739
SPPL3,0.69406635
SYNJ2,0.6938064
ZKSCAN1,0.6937646
USP11,0.69354725
HNRNPD,0.69348943
YTHDF1,0.69307667
RASSF8,0.6927446
PXN,0.692663
POU2F1,0.69262475
TNKS1BP1,0.69256806
JMJD1C,0.6924553
PRKAA1,0.6923908
SFSWAP,0.69200253
NUP160,0.6918249
OGDH,0.6916949
NAP1L4,0.6916421
NPLOC4,0.6914663
ROR1,0.69145983
MBD5,0.691379
TMEM50A,0.69128054
WDR77,0.691195
MKNK2,0.6910255
UBE2W,0.6905058
YIPF4,0.6904327
HLA-B,0.6904153
WBP2,0.69019145
ZBTB8OS,0.6901293
STOM,0.6899566
WDR4,0.6897915
SCLT1,0.68978137
USP28,0.6897474
TDP1,0.689149
PAPOLA,0.68902755
USP5,0.68895346
SZT2,0.6888363
TRIM56,0.6886926
PAFAH1B1,0.68863887
RBM5,0.6884008
MAP1B,0.6883051
ZNF589,0.6881725
ZNF519,0.6879871
LAPTM5,0.68779206
SHOC2,0.6876985
PRMT1,0.68734777
SPIRE1,0.68731374
SNTB2,0.687231
IPO5,0.68721336
SRD5A1,0.68703383
OGT,0.68638587
PKN2,0.68600756
STT3A,0.68598676
TRAFD1,0.6858869
PCBD2,0.68581074
TLE4,0.68554497
ZMAT3,0.6855221
ZNF326,0.68518424
UTP6,0.6848079
MKLN1,0.6846534
PPP2R5E,0.68465203
RACGAP1,0.6844553
RUVBL1,0.68430996
ZNF431,0.68428814
STOML2,0.6841681
WDR11,0.6841528
TRIP13,0.68375057
VPS8,0.6835315
TYK2,0.683515
TAF7,0.6834988
SEC24D,0.68347675
PHC3,0.68333364
PKD1,0.68323565
TUBA4A,0.6831626
PARD3B,0.6828151
HNRNPK,0.6822105
STAG3,0.68209445
PLCB4,0.68198824
NUP205,0.6819619
TEAD2,0.6819344
SLC4A2,0.6819092
MRFAP1,0.6814918
OAZ2,0.6814713
TIMP2,0.6814329
TGOLN2,0.68123084
ITGB1,0.68118614
MAPKAP1,0.6809193
PPP4R2,0.6806841
USP6NL,0.6806213
UBTF,0.6804093
PDXK,0.6802418
PRPF40A,0.67954886
MTHFD1L,0.6795024
TXNDC12,0.67944884
ZKSCAN8,0.67932546
SAFB,0.6792569
PLAGL1,0.67895836
PNISR,0.6788222
TTC37,0.6787393
TTC7B,0.6782528
ZNF445,0.6782264
RPS21,0.67793304
ZC3H15,0.67766863
ZNF678,0.6776678
RPL18A,0.6773393
SLC25A24,0.6768358
SRP14,0.6768276
VTI1B,0.67647505
STX6,0.6761536
SUPT4H1,0.67609113
SMARCAD1,0.675775
RAB1A,0.6756327
TBC1D16,0.6753765
PSMD3,0.6753666
SMAP1,0.67491883
UBQLN4,0.67488396
PSME3,0.67486715
SNRPA,0.6746075
SOD1,0.6743856
STX5,0.67421496
EIF4B,0.6739887
QPRT,0.67387396
RAB6A,0.6738441
UPF1,0.6736453
MAD1L1,0.6735188
UNG,0.6734958
UBE2J2,0.6734511
EIF4G3,0.6731477
HNRNPF,0.6727191
PPP1R12A,0.67255336
YAF2,0.67241514
WRNIP1,0.6723834
SMURF2,0.67232245
SPSB1,0.67208326
PTPN12,0.6719622
TOP3A,0.67194295
NOLC1,0.6717522
PDE8B,0.67169577
ZWINT,0.67148006
USP33,0.6712886
SQLE,0.6712429
SSR4,0.67103815
SMARCA2,0.67080134
VPS36,0.6706083
PMEPA1,0.6705758
SMS,0.6703502
LARP4B,0.67023057
TRIP10,0.67021465
TSR1,0.6697135
HMGB1,0.6696909
NLK,0.6696577
PSMD4,0.6696473
SMC5,0.6692982
PABPC4,0.66917574
GNB1,0.66909295
SSBP1,0.66902804
TCF7L1,0.66901886
TAP1,0.6689868
ZDHHC7,0.668875
PRKCSH,0.66878754
HNRNPUL1,0.66863835
UHMK1,0.66859233
HLA-C,0.6685248
TUBGCP2,0.6684151
PBX3,0.6679246
XRCC2,0.6676439
PACSIN2,0.66760796
MFGE8,0.66753244
PNN,0.66748637
UBE2M,0.66732365
SNRNP40,0.6672255
ZMYND11,0.6668883
RABGEF1,0.6668435
SLC39A7,0.66673195
SUMF2,0.6666944
VCAN,0.66668254
SPOP,0.6664977
SPTBN2,0.6664954
PSMA1,0.6663504
UBE2S,0.6663345
WDR75,0.666178
PDXDC1,0.6661721
ZNF76,0.6660944
MGST1,0.66563797
PLD1,0.6656158
STK35,0.66560555
SEC13,0.66550004
UBE2J1,0.6654419
PRDX2,0.6652877
UNC119B,0.66502064
RAC2,0.66496634
SORT1,0.66492254
SPTLC1,0.6644378
PNRC2,0.664343
SNW1,0.6642147
NUDCD3,0.6641732
STK38,0.664127
WDR37,0.66407496
TXLNG,0.6638186
HNRNPA0,0.6637623
TRAM1,0.6637403
RRP1B,0.6636892
RRP7A,0.663649
TRIM25,0.6635739
PPP2R2A,0.66338295
XRN1,0.6633648
NSUN2,0.6633634
PEX14,0.66333675
TXNL1,0.66325694
ZNF282,0.66300946
FSTL1,0.6629778
SEC63,0.6629003
SLAMF1,0.6628863
JARID2,0.66284096
TRAPPC8,0.66250724
NCK1,0.6623174
PSME4,0.6617663
MAP4K4,0.66176444
SLC25A12,0.6614719
TSPAN33,0.6614588
WDR62,0.6611678
PPP2CA,0.66111356
PSMB5,0.66097426
SEMA3A,0.6609669
ZFYVE26,0.6609427
RTCB,0.6608012
SERGEF,0.66077965
ZNF219,0.6607575
GPI,0.660743
IMPDH2,0.6606764
OPA1,0.66063696
RIMKLB,0.66051114
TRAF5,0.6604943
FOXN3,0.6604879
PRC1,0.66026455
VTA1,0.66018534
USP49,0.6599771
ZNF770,0.6599751
NUP153,0.65980417
SCAI,0.6598037
STX18,0.65968466
NUP62,0.65957725
TUBB3,0.6592809
PDS5B,0.65915066
SCNN1A,0.65911365
PFN2,0.65874267
ZER1,0.658723
ZFYVE27,0.65860915
UNC45A,0.6583905
LRP8,0.658377
ZNF692,0.65834767
LPCAT1,0.6583342
SLC11A2,0.6582176
PTPRM,0.657751
TEX10,0.65764767
PRPSAP2,0.6575694
VPS37A,0.65741134
ZRANB1,0.65735644
KRT18,0.6572742
PIK3R3,0.6572326
VPS35,0.656998
LAMA5,0.65684664
RANBP3,0.6567568
SUGT1,0.6566656
RBM28,0.6565645
NAA25,0.6563504
GTF2IRD1,0.6561876
SCAP,0.6559642
TRAPPC10,0.65583766
PMF1,0.65560347
ZP3,0.6555678
ZNF621,0.65544784
STK40,0.655244
RSU1,0.6551632
TIMM23,0.6550294
PSMB1,0.6547894
ZNF266,0.6544652
TMEM97,0.6542345
TOMM34,0.6542204
NEK7,0.65415704
POLR2J3,0.6540889
SPDL1,0.6538693
MYH10,0.6538609
LMNB2,0.65379316
TADA3,0.6537638
SCP2,0.6535992
PFKFB3,0.6535554
NSMCE2,0.65322644
TAF6,0.6531659
ZNF562,0.6529931
RBM25,0.65280145
ZNF107,0.65256274
MCU,0.6525219
ZNF33A,0.6523569
EFNA5,0.65225506
TSG101,0.65219635
TGIF2,0.65218866
ZNF26,0.65213406
ZNF687,0.65207195
RAB2A,0.6519201
UQCR11,0.6517709
RBBP7,0.6514922
USP42,0.6514789
NOMO1,0.6514168
NUP188,0.651383
TTC27,0.6512837
PSAT1,0.6510866
RUVBL2,0.6510351
UBE2Q1,0.65095377
UBXN6,0.6505519
TERF1,0.65053326
SRP68,0.65044194
LMNB1,0.65016043
NDUFA10,0.6501438
RBPJ,0.6501164
TUBG1,0.6498908
NUDT21,0.64972556
SLC25A17,0.6495208
SPAG16,0.6494654
RBM8A,0.6494373
SNRPC,0.6494225
LRRC8D,0.6493944
SNAP23,0.64927596
TRIM22,0.64927447
UBAC1,0.64927304
RAP1GDS1,0.64926225
HLA-E,0.6492313
TAOK2,0.649203
PFDN5,0.6490677
SPG21,0.64894795
TSC22D3,0.64870703
RNF111,0.64868987
RALGAPB,0.64865774
WARS2,0.6484448
UQCC2,0.64843524
POLDIP3,0.64836836
ZNF318,0.648361
PLOD1,0.6483268
SYNRG,0.6480372
THADA,0.64782673
GDI2,0.64775026
STEAP3,0.64774257
RNF24,0.64766216
PCNT,0.6475849
SACM1L,0.6475709
PAN3,0.6475224
PTPN13,0.64750516
SLC25A26,0.6474932
PUF60,0.64733696
STX8,0.64728826
UROS,0.6472075
ZNF622,0.6471319
NNT,0.6470299
PDE7A,0.6469584
SMC3,0.6468747
ZNF398,0.6468593
SLC44A1,0.6468452
PHF12,0.6468421
RPS6KA1,0.6468287
FAF1,0.6467482
SNRPD1,0.64667755
ZDHHC21,0.64667135
UTP18,0.6466357
PIK3C2A,0.6464272
TAOK3,0.6463981
PCDH7,0.6461948
MCM7,0.6460559
PHKB,0.6458429
TNK2,0.6457414
KIF13A,0.6456855
PRR5L,0.645535
UBE3B,0.6455198
SEC23A,0.6453239
HSPG2,0.6450871
TADA2A,0.6449502
TRIOBP,0.64487803
MYL12A,0.64486474
SNX17,0.6447288
SF3B5,0.64465904
PCCA,0.6445898
TIMM13,0.6439503
PDIA4,0.64391273
ITPR1,0.6436801
GLS,0.6433746
SPCS3,0.6432185
PPARGC1B,0.6432148
ZNHIT3,0.64315563
TTC21B,0.64305496
NACC1,0.6429549
UFC1,0.64294314
TMED4,0.64281356
SMU1,0.64255923
UXS1,0.64236414
RAB11FIP3,0.6422323
TROAP,0.6421082
RPS6KA5,0.6419309
TIMELESS,0.6419245
PLOD2,0.6417651
SMARCA1,0.6417293
MCM3,0.6416153
ZWILCH,0.64161307
GSK3B,0.64141554
SMUG1,0.6411698
OPHN1,0.641097
ZNF700,0.64083713
RNF217,0.6407981
SPAG7,0.6405486
MTA3,0.64042115
KMT2E,0.64040357
UBE2A,0.6401687
EXOC4,0.64003915
TAMM41,0.6398419
PPP1CB,0.6397854
SORL1,0.63963914
TM2D1,0.6395735
ZNF710,0.63953304
USP19,0.639389
PDCD6IP,0.63918054
RBM15B,0.6391613
RC3H1,0.6390959
RASA3,0.639052
SRF,0.63904214
TBCB,0.6390223
SOCS5,0.63877994
WDR18,0.6386643
PRPF6,0.63858396
RPUSD4,0.63841486
SNX6,0.6382083
RFC1,0.6379546
PTPN1,0.63795346
NCOA2,0.6378175
STK38L,0.6377581
RNF38,0.6376944
LSS,0.63755584
URB2,0.63744456
ZNF623,0.63743585
TAPBP,0.63724387
SEC23IP,0.6371905
USP1,0.6371872
TYRO3,0.6370301
IPO7,0.6369375
TSN,0.63693726
PTPRS,0.6368934
PLD3,0.63687617
NCAPG2,0.63684475
SH3BP2,0.6367914
RHEB,0.6367831
PHB,0.6366842
RPL7L1,0.6366176
SCFD1,0.6365791
SAFB2,0.6365645
TYW3,0.636544
NCKAP1,0.63645494
OXSR1,0.63627136
ZMPSTE24,0.6361449
SAP30BP,0.6359452
MYOF,0.6358616
UTP20,0.63577217
SCO1,0.635737
STARD4,0.63565594
TP53BP2,0.63561463
SUCLG1,0.6356143
PDGFC,0.6355593
MTHFD2,0.63541
MARK3,0.63527286
RUFY1,0.6349364
ULK1,0.6348954
SUMO1,0.63484305
ZFP36L2,0.6348229
USP37,0.63477397
PPA1,0.6347323
RYBP,0.6345988
HNRNPL,0.6345609
PPRC1,0.63438237
NBAS,0.6342936
RHOG,0.6342024
TSPAN5,0.6341829
GATAD2B,0.6341331
XRCC4,0.63408864
ZNF91,0.6339884
POLQ,0.63387996
VEGFB,0.63386023
TANK,0.6338155
ZNF791,0.6337892
MELK,0.63376206
FADS2,0.63368195
UNC13D,0.63361424
PFKL,0.63359624
SHPRH,0.6335652
SERPING1,0.6334391
SNF8,0.63334817
RTF1,0.63294846
NAA50,0.6328606
TRAPPC3,0.63277954
TRIM14,0.63261014
PTPN4,0.63228345
UNC5C,0.6322638
PCID2,0.63216275
POLD2,0.6321609
RAD23A,0.6320874
TRPC1,0.6320573
LGR4,0.6320324
UQCR10,0.6319276
VPS26A,0.63179415
YIPF6,0.6317359
ZNF267,0.6316605
SCAMP1,0.6316599
HNRNPH3,0.6316352
HNRNPM,0.6316325
PTPRA,0.6314161
SCAMP2,0.6312705
NUDC,0.63112706
RB1CC1,0.6310844
TIMM17A,0.63107914
PPP4R1,0.630894
STUB1,0.6308218
NRF1,0.6307467
PSMA4,0.63071376
LAMC1,0.63055706
TAF12,0.62994206
RMND5A,0.6299001
STRADA,0.62986934
MAST2,0.6298667
SMC6,0.6296527
ZNF33B,0.62955713
GRB10,0.62947047
NAA15,0.6293812
UFM1,0.6293271
RNF5,0.6291033
PTDSS1,0.62905586
PLXNB2,0.6288145
SOS2,0.62877625
PPP1R14B,0.6287197
TEAD3,0.62864447
SNRPA1,0.6286019
NUP93,0.6285386
NDC1,0.6284998
OTUB1,0.6284152
TAB1,0.62824035
PPP1CA,0.6279787
SHMT1,0.627882
TUBGCP4,0.6278085
SPTLC2,0.62775624
SEMA7A,0.62773174
SHROOM3,0.62748986
NFE2L1,0.6274413
TOMM40,0.6274022
JAZF1,0.62711036
MED15,0.62689227
DST,0.6266548
RAB3GAP1,0.62663394
NMT1,0.626594
TDRD3,0.62657243
RNF169,0.62646276
SV2A,0.62644404
TGIF1,0.62634486
LUC7L3,0.6263059
PPIG,0.62625325
SARS2,0.62622863
ZNF12,0.6261765
KIF1B,0.6260644
TRAF3IP2,0.6260605
SENP5,0.62598574
EIF4A1,0.62588906
ZNF286A,0.6258115
RAPH1,0.6255955
TK1,0.62557596
PSMA5,0.6255042
HSPA9,0.62526584
UGCG,0.6252434
SUGP1,0.62510437
RPS6KB1,0.62506866
PTPN2,0.6250511
NEDD4L,0.6249103
MCPH1,0.6248683
SIK2,0.6248136
VPS54,0.62476784
TGS1,0.6247597
ZC3HC1,0.6247351
REV1,0.62459534
RBM17,0.6244826
UBE3D,0.6241066
HDAC2,0.6240854
STARD3NL,0.6240398
WSB2,0.6237347
ZNHIT1,0.62367016
MDN1,0.6235422
TRAPPC6A,0.62349594
TBC1D10B,0.6233383
RHOBTB1,0.62328357
SEMA3F,0.6230953
TRIM26,0.62309074
RBX1,0.62308514
TAF4B,0.6227281
ZFP36,0.62245995
SPOPL,0.6224554
NR2C2,0.6224446
HIPK2,0.6223931
PGM1,0.6223431
XYLT2,0.6223105
MTHFD1,0.62222666
RCL1,0.6221847
PPP5C,0.6221538
PRKAR2A,0.6221446
TBK1,0.62213343
VMA21,0.6220024
SEC22C,0.6218492
PEA15,0.6218316
GLUL,0.6218169
SIN3B,0.62180865
SERINC5,0.62172085
TRIP11,0.6212144
TRMU,0.62118393
SCAF1,0.6211672
PPP3CB,0.6211299
NUMB,0.6211017
NUBPL,0.62109154
SETD1A,0.62102354
NUDT3,0.6210105
TOX4,0.6208268
PHYKPL,0.62060696
PHLPP1,0.6205656
SLC35B2,0.6204229
STAMBP,0.6203924
MPP6,0.62033194
TRNAU1AP,0.6202221
IQGAP2,0.62016195
SEMA6A,0.61997235
PRPF19,0.6199392
VPS26B,0.6198576
PARN,0.6197882
SOAT1,0.61970395
VPS52,0.61957955
SRI,0.6192978
MLEC,0.6192531
SSB,0.6192468
TONSL,0.61917835
ZNF84,0.61916566
SRM,0.61890036
HMGB2,0.6188771
RIC8B,0.6188736
PSMD2,0.6188549
TIMMDC1,0.61876214
TAF2,0.6185595
MED13,0.61826205
RNF130,0.6182494
SEPHS2,0.618175
LYRM4,0.61815023
VPS4A,0.61814946
SATB2,0.6181216
SNAPC4,0.61806345
PLCL1,0.61799264
POLR2B,0.6179748
THOC5,0.61795247
HNRNPAB,0.61795
PRKAR1B,0.6179446
PTCD3,0.61768425
KPNA6,0.6176704
NUTF2,0.6175644
SBF1,0.6175467
MARK2,0.61749846
PRKACB,0.6173629
RNF114,0.6170291
VPS4B,0.6169971
WDR3,0.6169654
SP100,0.61685646
PDIA3,0.6167871
TNFRSF21,0.6165953
PRPF3,0.61634034
SERINC3,0.6162982
RPE,0.6162782
TPCN2,0.61621284
STRIP1,0.6160558
TARS2,0.61582357
MAN2A1,0.61573476
TMED5,0.61569935
ZNF81,0.61569715
PSEN1,0.6154659
MAMLD1,0.61540586
ZCCHC4,0.6152467
WDR36,0.6152428
POFUT1,0.6152131
MYBL2,0.6151411
GULP1,0.61502737
ZNF7,0.6149775
RPAP2,0.61484104
LRRFIP1,0.6148305
SLC12A8,0.6148098
RAB5A,0.6147825
IQGAP1,0.6147633
WDR91,0.6146482
ZNF3,0.614562
LSM12,0.6145006
TRAF3IP1,0.6144736
RNMT,0.61439824
UVSSA,0.6143134
RABGGTB,0.6142157
TRIM41,0.6141046
SPCS2,0.61408174
TNIP2,0.6139025
SEMA4B,0.61389863
MTA1,0.6138405
PIK3C2B,0.6137943
ENAH,0.6136528
TMEM147,0.61356795
RGS10,0.6133565
SNX4,0.61329526
SLC7A8,0.6132862
USP46,0.6132797
EHMT1,0.61327636
RBM19,0.6132176
ME1,0.61320335
UMPS,0.61288077
PSMD7,0.61288
HERC4,0.6125587
SLC30A6,0.6125202
PJA2,0.6124591
RXRB,0.61245394
SNAP47,0.61244786
PPM1B,0.6123116
OS9,0.612212
EIF4G2,0.6121648
LSM4,0.6121444
MTR,0.6120727
YIPF2,0.6119051
SEC24B,0.6117891
MINK1,0.61151606
RLIM,0.61143893
STX7,0.611365
PLEKHM2,0.6113538
PGRMC1,0.6113281
PAPSS1,0.6112935
HMGN2,0.6112021
HNRNPA3,0.6111197
YPEL5,0.61102366
SMARCC2,0.6109295
HM13,0.61073977
RAB5C,0.6106622
ZNF317,0.6106612
ZNF248,0.61038494
IPO9,0.61031795
OTUD7B,0.61028916
TATDN2,0.6102069
FLNB,0.61020255
HLA-DRB1,0.61013377
RARS2,0.6100815
SCRIB,0.6099882
USP45,0.60982585
SF3B4,0.60970986
NUSAP1,0.60957456
UBE2B,0.60950387
SEC24A,0.6094096
SLC19A1,0.60938174
HNRNPDL,0.6093221
PPM1A,0.6088859
TNFRSF1A,0.6088708
MAPK6,0.6088133
PRMT7,0.60880566
MAGI3,0.6087835
VPS11,0.6086655
ZBTB17,0.6085151
MAML3,0.60842425
SCD5,0.6083747
STIM2,0.6083431
SNRPB2,0.6082203
MEIS2,0.6081594
VRK3,0.6081381
FXR1,0.60807997
SRPRB,0.6080534
XAB2,0.6079914
NDUFS6,0.60775733
YARS2,0.6074896
TRIM11,0.60748804
ZNFX1,0.60736597
MICU1,0.6071299
PPP6R1,0.6071074
PUS1,0.6070963
MAGED1,0.6070874
RANBP9,0.6069161
SENP3,0.6065397
S100A6,0.60649824
P4HA1,0.60643053
LPGAT1,0.6063968
PDPK1,0.6063795
ZYG11B,0.6063555
SASS6,0.6062199
UNC119,0.6062194
SART1,0.60613465
MIER1,0.60607266
TIMM44,0.60604036
MDH1,0.6059604
HLA-DPA1,0.60588825
MED27,0.605846
FKBP8,0.60584074
LAMB1,0.6058157
PDPR,0.6056632
PRMT3,0.605492
PLCL2,0.60547656
SYT7,0.6054487
TGFBR1,0.60542655
G3BP1,0.6052724
PFAS,0.6052667
RANBP10,0.6052011
SNX2,0.60518193
KHSRP,0.60517704
SEC61B,0.6050606
PUS7,0.6048784
REEP3,0.60469925
SLC5A6,0.60462815
POLA2,0.6045369
MGA,0.604503
RAB12,0.60446656
NDE1,0.60441184
SEC23B,0.604323
RNF11,0.60415983
TTC5,0.6041567
UBE2Q2,0.6040951
RBBP6,0.6040542
SLC15A4,0.60404646
SLBP,0.6039239
PANK2,0.60391486
WDR46,0.60389787
TBC1D2,0.60389066
ZNF841,0.6038572
NFATC3,0.60382533
TCIRG1,0.6038242
RGL1,0.6037869
TRIM69,0.6036966
SAMD8,0.6036712
SNRPE,0.60365695
XYLB,0.60343814
RGS5,0.60331637
SSX2IP,0.6033087
MRPL3,0.60329473
TINF2,0.6032612
PGS1,0.60319364
TOB1,0.60306376
SOCS7,0.6030432
ZNF768,0.6030063
TMEM11,0.60294515
NDUFA4,0.60253805
SDAD1,0.60253394
SCLY,0.60242057
PIGL,0.6024065
RPS6KB2,0.6023918
POLR1A,0.6020988
MYO9B,0.60200053
ZNF337,0.60199285
NOP56,0.6018708
EIF5A,0.60181624
POLD3,0.60181355
ZNF264,0.60156494
VPS37C,0.60140365
LGMN,0.60114217
RFX5,0.60113364
SLC25A25,0.601127
PYGL,0.60108906
SFI1,0.60105944
NCOA6,0.60090774
SWI5,0.60082823
STXBP4,0.6007687
NOC2L,0.6007379
ZNF160,0.60051036
GJA1,0.60048085
ZNF197,0.60044956
IVNS1ABP,0.60043615
RAB30,0.6003802
SPRED1,0.60030454
SDCBP,0.6002915
ZNF605,0.6002172
MORF4L1,0.5999831
ZNF41,0.5997369
MZT2B,0.5995742
ST6GALNAC4,0.5994557
NME4,0.5994162
STARD10,0.5993923
RRP36,0.5992668
KCMF1,0.59923136
GOLGA4,0.5990624
SOCS6,0.5989341
RALGPS2,0.5988997
PSMC3,0.5987891
TMC6,0.59874636
KDM4B,0.59850276
NPTN,0.5984608
PYCR1,0.5984603
SGPL1,0.5983363
THEM4,0.59831643
TSPYL2,0.5982568
PSME1,0.5980662
UNC93B1,0.5979965
TRIM2,0.5979382
MYL12B,0.5978521
TRIM38,0.59783214
TARBP2,0.59777766
RFX2,0.59752935
SMYD4,0.5975172
PDLIM7,0.5974776
TMEM214,0.5973227
MBTD1,0.5972934
OSBP2,0.5972874
PDSS2,0.59715366
WDR19,0.5971252
PDHX,0.59691316
GSPT1,0.5967725
NFX1,0.5967601
TSNAX,0.5967503
DDX17,0.59666383
OTUD5,0.5965497
SAT1,0.59650904
SNAPC3,0.596492
MCM5,0.59641904
UBE2F,0.5960635
SORBS3,0.5960218
MRPL37,0.5959706
PHF19,0.5956884
SYNE1,0.59567
RAB14,0.59549314
MEMO1,0.59548646
NFATC2IP,0.5954104
PSMC5,0.5953238
ZNF274,0.59528273
PPP3R1,0.5952711
TMEM132A,0.595221
NDUFS1,0.5951418
MCM2,0.59510136
SENP1,0.59507185
RAB11FIP1,0.59497726
TWF2,0.59495026
SECISBP2,0.59489197
GANAB,0.59479845
PES1,0.5947615
RBBP8,0.5945792
PITPNA,0.59453243
NAT10,0.59429675
TRUB2,0.59427196
STAT2,0.594268
ZNF561,0.5942512
PELI2,0.5942395
HLA-DPB1,0.5941706
MEF2D,0.594152
SLAIN2,0.59403044
ZKSCAN5,0.5939799
POLR3E,0.5939374
MPDZ,0.5938733
RPL36AL,0.5938476
YOD1,0.59372175
UBA3,0.5937177
SMAD7,0.59364426
PDCD6,0.5934872
SKA3,0.59343994
TCEA2,0.59323865
YIF1A,0.59317654
ILF2,0.5931295
ACTG1,0.5930268
NOP58,0.59302515
TMEM63A,0.5930014
SH2B1,0.59291226
SIPA1,0.5929002
NPRL3,0.5927896
QSOX1,0.59271395
UBXN2A,0.5926462
PDK1,0.59264463
NDST1,0.59263396
MEF2A,0.5925073
RUSC2,0.59224176
PSMB8,0.5921904
TUBGCP6,0.59215784
PRDX3,0.59194595
IGF2R,0.5918787
SUPT20H,0.5918256
PRPF4B,0.5917901
PPP1R18,0.5917582
SPHK2,0.59175795
UQCRQ,0.59163874
RCOR3,0.59159094
WDR35,0.59140706
VAMP2,0.5913974
TFB1M,0.591376
TERF2IP,0.59114385
ACACA,0.5911384
UAP1,0.5911337
SLC35E3,0.5910948
ACO2,0.59103054
PSMB3,0.5910284
MAP4K5,0.5909565
RNF40,0.5908842
HK1,0.5907975
TAF5L,0.5907733
ACAP2,0.5907546
SYVN1,0.5907527
SPNS1,0.5907252
MCM4,0.5907099
SEH1L,0.5906523
VCPIP1,0.5906451
ORC2,0.5906398
UBE4A,0.5905781
ACADVL,0.5905755
MED14,0.5904169
RALGAPA2,0.59038866
GMDS,0.59037817
TYSND1,0.59037375
ZDHHC9,0.5903556
ACTA2,0.59024054
PPM1L,0.59022605
SPINT1,0.5902058
STARD8,0.5901135
PEX19,0.5900752
PPP2R5A,0.5900689
KRT19,0.5900535
ITCH,0.589941
SGPP1,0.5898461
CTHRC1,0.589844
PKN1,0.58981764
ARL4A,0.58980906
ZNF738,0.5897596
PPIF,0.589728
METAP1,0.5896806
ACTB,0.5896337
AGL,0.5894975
AAK1,0.5894808
NPC2,0.5894714
PIK3C3,0.58946884
NLRC5,0.5894669
AAMP,0.58945173
TERF2,0.58939415
ADCY6,0.5893496
ABCD3,0.58933
SMARCAL1,0.58923966
TBPL1,0.5891765
ARSB,0.5891469
ABCC1,0.5891407
THUMPD1,0.58913946
SLC9A1,0.58905077
PDCD11,0.5890048
ZNF500,0.58895916
AK9,0.5889395
PIKFYVE,0.58893734
STX2,0.5889032
ALDH4A1,0.58889675
SIAH1,0.58882785
ZNF100,0.5887981
POLK,0.588737
AQP3,0.5887054
ACAA2,0.5886355
PFKM,0.588591
PGAP1,0.58854574
ZNF708,0.5885393
C1GALT1C1,0.5884971
TRAPPC11,0.5883485
SMCR8,0.5882863
MS4A4A,0.5882758
CCNYL1,0.5882106
RAB4A,0.5881478
PRPS1,0.5881476
ANAPC1,0.5881199
RBP1,0.5880562
CAB39L,0.5880502
STXBP3,0.5880306
RNF41,0.5878876
ZNF783,0.5878299
CAPN5,0.58779204
ZBTB33,0.5877831
AAAS,0.5877782
AACS,0.58765507
RNF34,0.58758557
AASDH,0.5875828
INCENP,0.587541
AATF,0.5875002
ABCA1,0.58749527
AASS,0.5874901
ABCC3,0.5874869
BNIP1,0.5874435
PI4KA,0.5874062
AGPAT4,0.587387
AARS2,0.5873848
ADORA2B,0.58730674
ZNF430,0.5873056
ABCG1,0.587298
ACOT8,0.587284
ABCB6,0.58725834
ABCA2,0.58724844
ATP6V1C2,0.5872354
ABCF2,0.5872161
ARL16,0.587157
ABCA7,0.5871553
A1BG,0.5871528
ABI3,0.5871383
ADAM12,0.5871212
COMMD8,0.5870937
ALDH9A1,0.58707523
ADAM23,0.58706605
ABCB4,0.58700067
ACER3,0.5869131
TMED7,0.58688635
ACIN1,0.58686876
ABLIM2,0.58686376
RFFL,0.58686155
ACLY,0.58683884
ABCE1,0.5868321
ABI2,0.5868218
ADIPOR2,0.58681947
STX17,0.5867368
P2RY6,0.5866978
ABCD4,0.586671
ACAP1,0.5866558
ZNF566,0.58665514
ACP2,0.5866493
ACO1,0.5866391
ABCF3,0.58662087
ACADM,0.58659303
ABLIM3,0.58653873
PWP1,0.5865176
PSMD12,0.5865165
RANBP1,0.5864833
AASDHPPT,0.5864796
ALKBH5,0.586457
ACOX1,0.5864414
ACOT4,0.5864209
ALG11,0.5863927
TCTN3,0.58639145
RHOQ,0.5863427
PDCD4,0.5863424
ABHD12,0.5863139
ABI3BP,0.5863073
NUP50,0.5863042
SLAMF7,0.58628273
MBD2,0.5862822
MAPKAPK2,0.5862739
VPS37B,0.5861954
ACADS,0.5860669
ACSL5,0.58603376
ACVRL1,0.5859976
AGO2,0.5859973
C18orf32,0.5859584
PFKFB4,0.5859366
AMFR,0.5859229
MRPS21,0.585907
ANPEP,0.58585894
ADAM10,0.58582956
ADAM15,0.5858092
ACBD3,0.5857872
ADAR,0.5857533
CHST1,0.5857528
AP4S1,0.5857449
ACAD9,0.58573836
OXNAD1,0.58571035
ACVR2B,0.5856862
AOC3,0.585664
CDK20,0.5855905
REPS1,0.58557755
ALDH3A2,0.5855521
ACSL1,0.58554304
ALG5,0.58552873
ADD1,0.58546644
FBL,0.58546376
C15orf48,0.58538115
AGPAT5,0.58533376
THAP11,0.58531713
ASB13,0.58528614
ABCF1,0.5852843
ACOT13,0.5852728
ADAT2,0.5852589
ADCY7,0.5852563
ANTXR2,0.5852484
ACAD8,0.58520937
COL6A1,0.5851733
OSBPL1A,0.58517236
TBC1D13,0.5851647
ACYP1,0.5851594
ADPRM,0.58514965
ABR,0.5851115
CXCL14,0.58510864
ALKBH1,0.58507293
AGK,0.5850673
GCNT4,0.58506507
ACAT1,0.58504736
ACOX3,0.5850213
NHP2,0.58500034
ALG10,0.5849855
ACAA1,0.5849713
VANGL2,0.58495575
ACTR2,0.58494717
ACTR10,0.5849079
ACOT2,0.58489984
ACSS2,0.5848928
AJUBA,0.5848539
ARL8B,0.58482337
ALDH16A1,0.5848228
ABTB1,0.58480996
ADH5,0.5848013
PERP,0.5847786
SERPINB6,0.5847563
ARSK,0.5847411
ADAMTS10,0.58474004
ATP8B2,0.58473766
ASXL2,0.58472407
AGGF1,0.58466536
KDELR1,0.58465266
SEMA4C,0.58464074
PAIP2,0.58462167
ABCD1,0.5846167
AIP,0.5845981
ACD,0.58459276
ACER2,0.5845811
ADRA2A,0.58455384
AP1S2,0.5844784
AHCYL2,0.584475
ANO9,0.584475
EIF3L,0.58447033
NDEL1,0.584459
ACSL4,0.5844475
AGPAT2,0.5844444
ANO2,0.584428
ATG2A,0.58441615
AADAT,0.58440965
AZI2,0.5843968
CD96,0.58439636
MAP3K2,0.584388
FPR1,0.58438367
IZUMO4,0.58433914
SMC2,0.58431894
ZNF320,0.5843118
IP6K1,0.58428967
AGER,0.5842856
ARHGAP12,0.5842794
ACE,0.5842733
CD36,0.5842549
EPOR,0.5842479
ACOX2,0.5842466
AKAP10,0.58424586
ALG3,0.58419365
UBA5,0.584187
LSP1,0.584165
ATF7,0.5841567
ARL4D,0.5841375
ALKBH8,0.58413446
MBD3,0.58411235
ABCB10,0.5840885
AK1,0.5840641
APBB3,0.5840606
APPBP2,0.5840533
ANAPC13,0.584047
B3GNT4,0.5840427
FDXACB1,0.5840327
ALDH5A1,0.584005
ARHGEF28,0.58399945
ACP5,0.5839941
AKR1B10,0.58397347
ARL14EP,0.5839604
BLNK,0.58393645
ADSL,0.5839248
ACTR8,0.5839227
ACAT2,0.58388394
BATF3,0.5838666
MAGEH1,0.5837831
ARHGEF4,0.5837688
HYOU1,0.58372
CD5,0.58371735
ALAD,0.5836591
ADAM19,0.58364373
ARHGAP33,0.58362824
ACSS1,0.58362037
AP1M1,0.58361655
APLF,0.5835974
ADAMTS13,0.5835957
C12orf66,0.58358335
AKR1B1,0.5835694
BDKRB1,0.5835568
ACSM3,0.58353966
APBB1IP,0.58352864
CMPK2,0.583526
CCT6B,0.58351696
AIFM1,0.58351266
ACTR1A,0.58348453
ARHGAP27,0.5834829
IL12RB1,0.58345795
DUOX1,0.58345777
WDR55,0.58343
APRT,0.5834258
ANO6,0.58340687
CD38,0.583406
ANO7,0.58339757
TOP3B,0.583395
C2,0.5833841
ACOT11,0.5833731
ANKRA2,0.58335555
ACTL6A,0.58333147
BAMBI,0.58332086
ADI1,0.5833187
DCHS1,0.5833002
ADAM22,0.5832903
ACTR1B,0.5832638
ADM,0.5832571
ALKBH3,0.5832529
ADAMTSL4,0.58324105
ZFP90,0.5832115
BGN,0.58319813
ATP2A1,0.58314985
ARSA,0.5831155
ACTR3B,0.58306754
ADRM1,0.5830589
CLEC2B,0.5830406
ASAP3,0.5829672
PRCP,0.58295476
APOC1,0.5829431
FOXP3,0.58291364
ASB7,0.58288765
CASP10,0.58288634
ARL6,0.5828836
AMPD2,0.5828743
ALG12,0.5828481
AKAP5,0.58284116
ALS2,0.5828079
ACTN1,0.58280545
AFG3L2,0.58279455
MGAT5,0.58274907
DOK2,0.58274364
RAD52,0.5827361
ADD3,0.5827206
ACTR6,0.5827169
BLOC1S4,0.58270115
ARHGEF26,0.58269966
APOOL,0.5826796
CXCL10,0.5826385
RER1,0.58260274
RNASEH1,0.5826023
CARD9,0.58257663
MTMR12,0.582559
GAB3,0.58254683
ANAPC15,0.58254385
ACOT1,0.5825273
ARAP2,0.58252215
STARD3,0.5825167
ACP1,0.58249754
AFF4,0.582489
APH1B,0.5824807
UGDH,0.5824609
BAG3,0.5824439
ARHGAP10,0.5824103
AIMP1,0.5823975
CMTM1,0.58239573
AKR1C1,0.58238643
RRP8,0.58235127
SRP19,0.58234566
ADAMTS14,0.5823402
UBL4A,0.58231324
ADAMTS2,0.5823131
SESN2,0.5822825
ADAMTS9,0.5822613
ECE2,0.5822255
CACNA2D2,0.5822156
ARFGAP2,0.58220613
VIPAS39,0.5822034
BBS2,0.58215547
ALYREF,0.5821195
CYP7B1,0.58209354
GLDN,0.5820919
ALG8,0.5820786
AHNAK,0.5820736
C6orf120,0.5820538
RPA2,0.5820272
CHKB,0.5820108
BATF2,0.58199036
SERPINB9,0.58197
PIP5K1C,0.5819564
ZNF526,0.5819003
C1orf162,0.5818781
LTF,0.5818738
DUSP8,0.5818704
ARHGAP31,0.58185977
C3,0.58184934
AGO1,0.5818388
FARS2,0.5818256
RBBP5,0.5818023
CAPN7,0.5817873
ARHGEF6,0.58178115
ARHGAP26,0.58176684
ACOT7,0.58174944
BIN3,0.5817376
AMOTL2,0.58173734
AGA,0.58173287
HEY2,0.5817235
TNFRSF12A,0.58171326
CD1D,0.581689
HOPX,0.581682
ARNTL2,0.58168125
AIF1,0.58165586
ALDH1B1,0.5816549
COQ10A,0.58159226
CX3CL1,0.5815695
ALKBH6,0.58155936
HMGCS1,0.58155835
ARHGAP19,0.5815365
CAMK1,0.581536
ATP6V0A1,0.58152026
USP20,0.5815168
MYH3,0.5815063
GPER1,0.58150107
FBXO6,0.5814845
ANGPT2,0.5814776
ZNF649,0.5814393
MMP28,0.58142865
RIPK3,0.58142275
SGSM3,0.5814203
AP5M1,0.58137155
SSBP4,0.5813401
CCR10,0.5813331
CHCHD5,0.5813011
ANKRD44,0.5812978
AK2,0.58129406
COL6A3,0.5812879
EXOC3L1,0.5812723
ARHGEF15,0.5812718
ARHGAP11B,0.5812505
AP4E1,0.58124185
ALG13,0.58123523
ITGB3,0.58123285
IL1R2,0.5812255
ALG9,0.58121216
PPIL4,0.58121026
ATP7B,0.58119005
ADCY3,0.5811881
MDC1,0.5811753
CYP27A1,0.58117306
ANKZF1,0.5811691
ANXA1,0.58116424
LILRB2,0.58115697
GBE1,0.58113915
BDKRB2,0.5811321
BTN3A1,0.58112216
ARPC1A,0.5811197
ACACB,0.5811184
ALAS1,0.5811078
SAMM50,0.58110094
KDELR2,0.5810957
APBB2,0.581088
ARSD,0.58106625
ATRIP,0.58106107
ADAMTS1,0.5810199
DMTN,0.58099145
GBP5,0.5809797
ADA,0.5809722
RARG,0.58096474
CDK3,0.5809608
BBS5,0.58094627
ADAMTS12,0.5808836
ASB2,0.58084315
ATG2B,0.5808425
TCF7,0.58083326
INHBB,0.5808275
AKR1C2,0.58075935
RAB11B,0.5807302
TDP2,0.5807149
AMPD3,0.58069825
APOBR,0.5806981
BCL7B,0.5806819
CBX6,0.58065146
ARRDC3,0.5806048
CD2,0.58059186
APIP,0.58057594
ASL,0.5805637
GGT5,0.58053654
ATP6V0B,0.5805273
RGS4,0.58052385
NDUFAF2,0.5805068
ARHGAP4,0.58050203
RBM42,0.5804983
TTK,0.58048075
HK3,0.5804718
RAD54L,0.58046883
CACNA2D4,0.5804645
ATG3,0.5804532
ADAMTS4,0.5804469
DLL1,0.5804425
ARNT2,0.58042514
SUPT7L,0.5804053
AMOT,0.5804025
CIDEB,0.58036345
ACSF3,0.58033025
APOO,0.5803279
PSMB4,0.58031684
BPGM,0.5803092
ARL3,0.58030576
APLP2,0.58029795
GRB2,0.5802962
LONP1,0.58029586
AKAP8,0.58026177
AMBRA1,0.58024544
C5AR1,0.58023643
HDAC8,0.5802361
PPL,0.5802304
ACADSB,0.58018965
FGD5,0.58013296
CD163,0.58012503
MAP3K4,0.58011985
ARHGAP39,0.5801132
CD6,0.58009565
HECTD1,0.58007205
ADCY5,0.58006966
ACTR3,0.58003783
RAP2A,0.57999593
ARCN1,0.57998824
AUH,0.5799829
COL8A2,0.57997656
AP5S1,0.5799583
ATP13A2,0.57995063
APPL2,0.579936
PREPL,0.5798992
B9D1,0.5798977
SLA,0.579892
NCOA7,0.5798889
EBF1,0.57986295
PKP2,0.5798435
DCN,0.5798259
ANGEL2,0.57981676
NES,0.5798083
ADCY4,0.57978415
C7orf26,0.5797821
AMDHD2,0.57973784
NDUFV1,0.5797358
FUT2,0.5797224
ANLN,0.579714
TRIM13,0.57970667
AHCTF1,0.57969
API5,0.57968485
ALPL,0.57967347
B3GNT7,0.5796511
TOLLIP,0.57964104
B3GALT4,0.57960993
ANGPTL4,0.5795997
CHRNB1,0.5795849
ADAM17,0.5795688
GIPR,0.5795553
PSMD8,0.57952714
ARHGEF18,0.5795224
ANAPC2,0.57951194
AMOTL1,0.5794921
AP5B1,0.5794921
FBXW11,0.57947075
ALPK1,0.57945883
TOPORS,0.5794576
ARL2BP,0.57943726
CLDN11,0.5794244
IGSF6,0.57939816
ARFGAP3,0.5793919
ARHGAP9,0.57938516
CALML4,0.57938415
FOLR2,0.5793701
DYNC2LI1,0.5793504
CCNDBP1,0.57932174
ALG6,0.57932085
NUS1,0.57930773
ZNF423,0.57928216
AP3M1,0.5792679
AHRR,0.5792665
PGF,0.57923913
CDK5,0.5792299
ALG1,0.5792023
AKR1A1,0.57919645
ATP2A3,0.57919294
NVL,0.579172
ITPR2,0.57912683
ZNF670,0.57912284
ANAPC4,0.57910806
AP3D1,0.5791036
CD248,0.57909006
ATP6V1A,0.5790777
BIN1,0.5790777
PPIL6,0.5790721
TFB2M,0.5790695
ANXA5,0.5790485
NLN,0.57899666
ANP32B,0.5789912
BFSP1,0.5789902
ANTXR1,0.5789895
DUSP19,0.57898104
CFB,0.5789575
ARRB2,0.5789531
CD34,0.57894576
USP21,0.5789025
AKAP1,0.5789018
CASP1,0.57890064
ATP6V1E2,0.5788975
UBIAD1,0.5788942
CHI3L1,0.5788855
ARMC8,0.5788479
SIKE1,0.57883114
ARL4C,0.578823
ATG4B,0.57882166
ALDH1A3,0.5787938
AMPH,0.5787846
CCDC174,0.57875925
GPR176,0.5787493
AP2A2,0.5787319
CARD6,0.5787268
ATP6V1G1,0.57866263
ALMS1,0.5786496
WASF3,0.57863855
ARHGAP35,0.5786293
AK4,0.57861465
COL17A1,0.5785547
CLUAP1,0.578467
CATSPER2,0.5784655
ARHGEF37,0.5784563
CYSLTR1,0.5784518
ARHGEF25,0.578423
PNPT1,0.57842183
AIFM2,0.5784046
TRIAP1,0.5784044
ARNTL,0.5783868
BAG5,0.57838374
ASAH2,0.5783299
ARF6,0.57832867
APOBEC3B,0.57831967
AMY2B,0.5783057
AP1G2,0.5782975
LMO7,0.57828695
ALCAM,0.5782833
SEC22A,0.57827973
ACTG2,0.5782623
PLEKHG3,0.5782427
ATP1B1,0.57823807
APOL1,0.5782236
CHST7,0.5782193
AFTPH,0.5782001
AP3S1,0.57819295
PHC2,0.57819194
KIF4A,0.5781837
BTN3A2,0.57817215
ALOX5,0.5781289
ANKRD28,0.5781226
ATP8B1,0.5781183
ALDH3B1,0.57811683
C2orf49,0.57811517
ATP6AP1,0.578114
ADAMTS7,0.5780785
WDR45,0.57807237
CLEC7A,0.5780592
BAG2,0.5780173
MSL2,0.57801574
PRR12,0.5780101
ATG4C,0.57797885
ARHGEF9,0.5779664
ASGR1,0.57795876
UROD,0.5779573
ASAH1,0.57795566
ARHGEF40,0.5779383
ARHGEF11,0.5779371
ATOX1,0.5779144
ATP6V0E2,0.5778421
DENND2D,0.5778413
ADCY1,0.57783896
DIAPH3,0.5778298
AGPAT3,0.57782876
ARHGAP25,0.5778118
C1R,0.5777959
ZNF43,0.5777956
ADIPOR1,0.5777821
BBS12,0.57777286
ARL8A,0.5777368
FRAS1,0.57773274
ATP8B4,0.5777304
EIF4G1,0.5777253
BIN2,0.5777031
B3GNTL1,0.57769346
AGPAT1,0.57768047
BUD31,0.5776804
NFYC,0.5776533
BBS10,0.5776027
ATP1A3,0.57757276
ARHGAP17,0.57756466
ARL13B,0.57755226
LIN7A,0.57753855
ALDH18A1,0.5775368
CCDC40,0.5775105
CTSL,0.5775099
RRAGA,0.5774993
ARHGAP6,0.57749695
CTSF,0.57749295
BCAT2,0.5774743
ASPHD1,0.5774705
CCDC22,0.57746667
ITGAM,0.57746536
AP4M1,0.57745254
ZNF44,0.5774428
NUDT5,0.5774365
SLC12A2,0.577403
ARG2,0.57739943
AKR7A2,0.5773422
ASRGL1,0.57733434
ADAMTS5,0.5773249
APTX,0.5773153
IFI44L,0.57730615
SHQ1,0.57727176
ALG14,0.57725495
PDHA1,0.57724345
VGLL3,0.57720256
BLCAP,0.5771996
CGRRF1,0.5771993
PSMA7,0.5771539
ECM1,0.5771326
ASAP2,0.5771164
ASB8,0.57711315
ANKLE2,0.57710963
COL5A3,0.5770861
ARHGAP44,0.5770777
TBL3,0.5770579
EEF1B2,0.5770344
NFAM1,0.5770342
B3GNT5,0.57701695
ATL1,0.5770052
COQ3,0.5769592
ATRN,0.5769406
CDH6,0.57692635
TXNRD2,0.57690966
COL24A1,0.57690513
CD247,0.57687336
AMT,0.5768732
CD69,0.57686645
TRMT1,0.5768584
BET1,0.5768508
LDLR,0.57683426
GTF2H5,0.5768272
NDUFAF6,0.57682365
CTBS,0.57677996
RASA2,0.5767748
COL11A2,0.57677394
CFD,0.5767685
AP2S1,0.57673985
B4GALT7,0.5767057
CLN3,0.57667625
TBC1D24,0.57665396
BMP8B,0.5766441
AP5Z1,0.57663804
ADK,0.57661957
ASIC1,0.5765595
ARFGAP1,0.5765548
CSTA,0.5765525
POLR3H,0.5765511
HOXA7,0.57652223
C9orf72,0.5765091
AP2A1,0.57647204
ADPGK,0.5764492
ASCC2,0.57641405
ATP11B,0.5763841
C5,0.57636493
CBR3,0.57636046
FCER1G,0.57634157
BAHD1,0.57629853
UBQLN2,0.57628214
BMP4,0.57619536
RRN3,0.5761603
ANK3,0.5761575
ALDOC,0.57615334
STK36,0.57613736
TNFRSF11B,0.57613367
CLIC3,0.5761306
RUNX2,0.5761066
ATG9A,0.5760996
MRPS16,0.5760873
CHMP4C,0.57606965
ARSJ,0.57606274
CHRD,0.57606024
ATG16L1,0.5760507
ARHGEF19,0.5760422
CISH,0.5760277
ARAP3,0.5760272
CLDN23,0.57598674
RHOBTB2,0.5759838
MAU2,0.5759753
AQR,0.5759511
AGTRAP,0.57591975
AGO4,0.5759188
RAMP3,0.57587546
ATG4A,0.57586807
ZNF814,0.5758433
ARHGAP32,0.57584316
ANXA2,0.57583845
AKT1S1,0.57583034
F13A1,0.57583004
ATP6V1D,0.575827
BRIX1,0.5758172
MAOB,0.57580876
ATF6,0.57579935
ATG16L2,0.57578325
RNF7,0.5757665
ANO1,0.5757615
BRPF3,0.5757363
GSDMB,0.57572055
CRAT,0.5757173
CSPG4,0.57569623
ANAPC16,0.5756958
BAZ1B,0.5756702
CXCL16,0.57566524
MAPK14,0.57566077
BEST1,0.57564616
CTSO,0.5756435
SYDE2,0.575613
APBA3,0.57560647
APH1A,0.575597
EPHX2,0.57558256
CCDC106,0.5755554
AP1S3,0.57551533
BHLHE41,0.5755083
APOBEC3G,0.5755022
PDCD10,0.5754993
COL5A1,0.5754818
CETP,0.5754783
AFMID,0.57547474
GNLY,0.5754665
BMP2,0.57543033
APOE,0.57542706
ATF6B,0.57537127
EIF3H,0.5753688
BAK1,0.5753357
KLHDC3,0.57532966
SCYL1,0.5753135
AP1G1,0.5753106
ARFGEF1,0.5752926
PARVA,0.5752905
ARF3,0.57527304
ASB1,0.575236
CD68,0.5752316
CNGA1,0.5752248
TIPRL,0.57519335
KIF11,0.57517916
RCN1,0.57516086
RAD51AP1,0.5751521
CMKLR1,0.57514536
AVL9,0.5751343
CHMP4A,0.5751212
AP4B1,0.57512075
MRPL51,0.575106
ATXN3,0.575104
FAM13A,0.57503724
CES4A,0.5750367
CCNG2,0.57500696
ATG14,0.5749984
ANKFY1,0.57497597
PAK4,0.5749646
CEBPG,0.5749521
USP16,0.57492375
ARHGAP18,0.5749142
CEP76,0.57490104
ATP8A1,0.57489836
ASS1,0.57489294
AHCY,0.5748587
C12orf65,0.5748139
ALS2CL,0.57480156
ANP32A,0.5747944
CACNA1H,0.5747858
POSTN,0.57475924
CEACAM1,0.574758
ORC5,0.57473844
CNN1,0.5747292
PLA2G4A,0.5746943
ARFRP1,0.5746937
MS4A6A,0.5746791
PCGF3,0.5746678
LARP4,0.5746478
B9D2,0.57464767
ARAP1,0.57461464
CCDC115,0.5746132
GLRX2,0.57459736
BBS7,0.57457864
CCDC59,0.5745673
TFAP4,0.57456315
MPZ,0.5745451
AREL1,0.5745373
AGMAT,0.5745364
BUD13,0.5745362
CASP6,0.5745335
KNTC1,0.5745072
HSD17B4,0.5744854
TUBD1,0.57448083
ATN1,0.5744432
C2CD2,0.57442635
PSMF1,0.57442176
ATPAF2,0.5744198
APAF1,0.574413
METAP2,0.5744061
SORD,0.57439107
APPL1,0.57437027
SDS,0.5742704
TELO2,0.57426894
BAIAP2,0.574264
CMTM7,0.57425904
AMMECR1,0.57423764
CEP135,0.57422245
PIF1,0.574212
CACNB3,0.5741824
CELSR3,0.5741765
SPAST,0.5741707
ARHGAP11A,0.57413703
BTBD1,0.57413095
HEYL,0.5741288
IL18R1,0.57411975
PRKX,0.5741185
CBR4,0.57405925
HES4,0.57405543
COMMD3,0.5740491
APBA1,0.5740453
ANXA6,0.5740347
PDHB,0.5740077
CCDC80,0.57400054
CC2D2A,0.57395285
IL17RE,0.57393724
AGO3,0.57393634
CD4,0.573925
BTD,0.5739231
CDS1,0.5738935
DCLRE1B,0.5738927
CPLX1,0.5738794
BCL2L2,0.5738672
BECN1,0.57386696
BNIP3L,0.5738655
BBC3,0.57386017
BLVRB,0.57385445
COL15A1,0.5738333
ARHGAP24,0.57381177
ARSG,0.5738095
CDK11A,0.57379675
CCNE2,0.57377696
AHSA1,0.57377434
DENND1C,0.57373977
BMP2K,0.57372576
BEND3,0.57371897
C17orf49,0.5737186
CCDC86,0.5736593
RHOT1,0.57363594
ATG12,0.5735769
CA2,0.5735458
ZNF143,0.5735418
BOLA1,0.57353145
CREB3,0.5735279
KCNAB3,0.57352453
PEF1,0.57351667
PPP4C,0.57350224
B3GALNT1,0.5734702
C17orf75,0.5734602
RRP1,0.57341176
TAF1B,0.5733928
TXNDC16,0.5733702
TBC1D17,0.5733685
FBXL22,0.57332325
TUBGCP5,0.5733207
ZNF440,0.57329756
C2CD3,0.57328105
LARS2,0.5732614
NUP133,0.5732614
B4GALT3,0.5732208
BCL7C,0.5732079
DAB2,0.5732057
ATP6V1C1,0.5731902
TBP,0.5731458
BTC,0.573135
CHST14,0.5731144
ATP1B2,0.5731046
ZNF808,0.5730633
FCGR3A,0.57305336
DET1,0.573053
ZNF766,0.57304907
CNTNAP1,0.57299477
CDH5,0.57299244
ADNP,0.5729783
CCP110,0.5729201
SYF2,0.5729018
IP6K2,0.5728999
CACNA1C,0.57287735
CABLES2,0.57287246
CLN8,0.572868
PTGES2,0.5728464
F5,0.572837
B4GALT4,0.5728335
REXO1,0.57282114
CAPN10,0.5727912
COQ9,0.57278204
DPP4,0.5727628
ATG5,0.57273346
NCBP2,0.5727238
PMPCB,0.57269377
ZNF780B,0.5726848
ALDH7A1,0.57268417
S100A9,0.57266414
ATAD5,0.5726456
CHRNA10,0.57262546
EVI2B,0.57262474
FAM20A,0.57262456
BLOC1S6,0.5726044
BTF3L4,0.5725798
AP3B1,0.57253706
ATP7A,0.5725238
TTF1,0.5724977
ANAPC7,0.572496
KANK1,0.57248586
RORA,0.57244015
ASF1B,0.57242733
CD200,0.5724007
CDC14B,0.57238805
ODC1,0.572366
ATIC,0.5723601
NPNT,0.5723117
ARHGAP30,0.57230604
ARFIP2,0.5722674
ARPC1B,0.57226527
RCOR2,0.57225657
CACYBP,0.572251
APBB1,0.57224935
TPD52L1,0.5722364
MTF2,0.5722053
ARL2,0.572199
CHCHD10,0.57211286
GGT1,0.57209444
CACNB1,0.57208407
EPHB3,0.5720828
SRA1,0.5720809
ASPM,0.5720735
CLIP3,0.57205945
B3GAT3,0.5720124
ASB6,0.57200813
ANXA7,0.5719915
SKIV2L,0.57195914
TPK1,0.5719396
B4GALT2,0.5719099
ARFGEF2,0.57189643
PLCG1,0.57189083
PPIP5K2,0.57186955
AGPS,0.5718608
APOBEC3F,0.57186
SYNJ1,0.5718354
FBP1,0.571828
CD86,0.5718252
BLOC1S5,0.57181334
CLEC3B,0.5718087
ZNF607,0.5718026
AP2M1,0.57179695
ASNS,0.5717521
MID1,0.5717289
ARID4A,0.5717254
CEP70,0.5717113
NUP88,0.5717084
NCAPG,0.5717036
MSH3,0.571699
CTNNA1,0.5716679
TOR1A,0.5716266
PPARD,0.57161206
CMYA5,0.57157373
BOLA3,0.5715732
PPP2R5D,0.5715405
CALCRL,0.57151467
CD109,0.57146513
ARL6IP5,0.57144517
PLAA,0.5714439
ZNF189,0.57140356
SETD7,0.57139766
ATP6V1H,0.5713302
FOSB,0.5712934
COL16A1,0.5712777
CUBN,0.5712102
ELOVL7,0.5711942
CAMK2G,0.5711544
BYSL,0.5711448
PIGK,0.5711437
CDC16,0.57109725
TBC1D32,0.571095
RAD54B,0.57109463
POLR2L,0.57107437
CPT1B,0.5710389
SPRED2,0.5710137
ARPC5,0.57101256
ANKRD27,0.5709925
CCNK,0.57097846
KPNA2,0.5709655
MCMDC2,0.5709189
CYP2U1,0.570909
FBXL8,0.5709063
C1D,0.5708848
BLVRA,0.57087475
KMO,0.57085997
CCZ1,0.570854
ASCC1,0.5708404
GADD45G,0.57083416
NEK9,0.5708181
CCDC136,0.57081515
DNAH1,0.57079184
RUFY3,0.57075626
AP2B1,0.57072926
ITPR3,0.57072055
ATP6V0A2,0.57071364
RHOT2,0.57069635
RHNO1,0.57068425
BANF1,0.5706462
TRAPPC5,0.5706219
ZNF300,0.57061243
IFI30,0.5705751
CREB3L4,0.5705597
ATP6V1E1,0.5705545
RTEL1,0.5705358
CYP2J2,0.57052886
BRPF1,0.57052845
UBE2D1,0.57052654
DES,0.57050323
DISP2,0.5704931
AUP1,0.5704823
DYNLT3,0.5704443
SLC25A38,0.57042944
AP3M2,0.57040983
UBL7,0.57036316
RAB36,0.5703584
BLOC1S2,0.5703564
ZNF529,0.57032853
EFNB1,0.5703025
SDC1,0.5702995
GALNT1,0.5702573
CACNB2,0.57024896
DNAH5,0.5702459
CARD10,0.5702344
CHTF18,0.5701454
B3GNT8,0.5701333
INMT,0.57010716
VAMP3,0.5701028
LSM2,0.5700813
AP3S2,0.5700575
FOXK2,0.5700086
CTU1,0.5699827
TAF11,0.5699621
BCKDK,0.56992745
CHEK1,0.56989986
MIB1,0.56988645
HSPB2,0.5698599
RNF168,0.5698175
PFDN2,0.5697877
PYCR2,0.56977814
ATF2,0.5697749
BSCL2,0.569768
CENPA,0.5697179
ARHGDIB,0.5696696
CBY1,0.5695653
ANAPC5,0.5695528
RPL22L1,0.56953037
RPS26,0.5695293
RBCK1,0.5695249
CYP3A5,0.5695096
ATP6V0C,0.56949055
SKAP1,0.5694813
FADS1,0.569475
COG1,0.5694692
EIF4E3,0.5694557
PLA2R1,0.5694385
BHLHE40,0.569432
BLOC1S1,0.56937945
HLA-F,0.56937474
NOL10,0.56935763
PSMB6,0.5693209
ARF1,0.56932086
ZNF227,0.56930834
APOBEC3C,0.5692683
CD320,0.5692014
ARL1,0.56919587
PANK3,0.5691421
RND3,0.5691259
CETN2,0.5690712
AAR2,0.56906605
SENP2,0.56905544
CYTH4,0.56901103
DOLPP1,0.5689607
TRIM62,0.56895417
DHDH,0.56895244
ARF5,0.5689359
EPHB6,0.56891507
PTPN9,0.56891304
NUP107,0.56888306
UCK1,0.5688708
CORIN,0.56879246
ATAD3A,0.56874985
HERC6,0.5687381
BCAR1,0.5687305
DXO,0.5686964
TAB3,0.5686811
NPHP4,0.56867653
LIN7B,0.5686546
ATG4D,0.56860167
CGNL1,0.5685996
BNIP3,0.5685793
PRPF38A,0.5685588
EFCAB7,0.5685554
SUN2,0.56852657
COL9A3,0.568522
VLDLR,0.5684825
ANP32E,0.56844395
ARHGDIA,0.56840456
LRP5,0.56839526
DIMT1,0.5683725
CETN3,0.56836003
CLDN1,0.5683391
CTC1,0.5683237
ATF7IP,0.5682874
CDC37L1,0.5682843
RRM2B,0.56827587
CENPB,0.5682478
BTN2A1,0.56821054
GPR68,0.5682006
ENPP2,0.5681898
CLIC2,0.5681308
CLCF1,0.56812054
PATL1,0.5681126
ATF4,0.56810534
FPR3,0.56804955
CCNT1,0.56804186
CENPL,0.56796926
COA5,0.5679579
B3GALNT2,0.567949
CRY1,0.5679281
CASZ1,0.567877
FSCN1,0.5678346
CD180,0.5678283
ATP6V1B2,0.56780463
TMEM126B,0.5677687
ATM,0.56773573
CASP2,0.5677179
C1GALT1,0.5676978
CCNH,0.567667
TRO,0.5676324
CRELD2,0.5676315
BCAS2,0.5676226
ATPAF1,0.56761914
P4HA3,0.5676027
DHX58,0.56759226
CENPC,0.5675788
RNF138,0.5675554
CMTR2,0.56754607
BID,0.5675205
DHRS1,0.56750894
CEL,0.56749135
CHST12,0.5674888
ATG13,0.5674574
CEP250,0.5674382
CENPQ,0.56743526
ZNF235,0.56740206
EFNA3,0.5673838
BICD2,0.56736416
COX17,0.5673576
BTBD2,0.56735057
ARID4B,0.56734747
CDK7,0.56731933
REEP5,0.56728417
NEK1,0.5672825
SMDT1,0.5672726
NLRC4,0.5672511
CITED2,0.56723493
CIB1,0.56720316
TBCEL,0.56719685
LBR,0.5671858
DUSP10,0.56717974
BCCIP,0.56716704
LCLAT1,0.5671593
GPNMB,0.56715906
CEBPB,0.5671585
ALG2,0.56711423
ATP2B4,0.56710637
ALDOA,0.56709296
CALCOCO1,0.5670825
DERL3,0.56707966
BPNT1,0.5670764
NUCB1,0.56707555
DCLRE1A,0.5670682
FGD3,0.56706506
THOC1,0.5670043
MEX3C,0.56696343
NCAPD3,0.5669457
CES2,0.5669197
ARIH1,0.56691396
TBC1D20,0.5668108
NBEAL2,0.5668048
ZNF335,0.56678283
ORC4,0.5666967
ZNF250,0.56669253
EDIL3,0.56666565
CAMLG,0.56662744
DDX20,0.56662285
OSBPL5,0.56659967
ARF4,0.5665797
RFC2,0.5665334
AURKAIP1,0.56650287
ATXN7L1,0.566485
KIF22,0.5664681
ATP11A,0.5664616
BCKDHA,0.5664352
BRD8,0.5664303
BRCC3,0.5663816
ZNF133,0.56637
ZNF677,0.56635296
G3BP2,0.56634843
LIMA1,0.566345
ATAD2,0.5662921
PPAT,0.56629103
ARRB1,0.5662457
YIPF1,0.5662448
BCS1L,0.566182
DPM3,0.5661801
CCDC68,0.5661331
RNF185,0.5661201
FZD1,0.56609684
ZDHHC8,0.56609
ARPC2,0.56607366
POLE3,0.5660728
COLQ,0.5660188
DPYSL3,0.5660049
CLDN15,0.5659966
APP,0.5659717
ARHGEF3,0.5659253
CASP4,0.5659253
PIH1D1,0.5658968
ARHGAP21,0.5658892
HMGN1,0.565881
BAG4,0.5658755
CASP7,0.56583494
SPN,0.56581134
RECQL,0.56580347
COLEC12,0.5657933
GBP3,0.5657865
BUB1,0.5657822
SUV39H2,0.56575453
BMP1,0.5657449
CEP97,0.56569445
ZW10,0.5656855
BCAP31,0.5656792
KIF1C,0.5656626
GIGYF2,0.5656485
CCL4,0.56560683
MCMBP,0.5655808
COMMD5,0.56552184
CDKN2AIP,0.5655126
CCNF,0.56550926
CRY2,0.56549615
DGKQ,0.56541014
MSL1,0.56539947
PHF8,0.5653928
DOLK,0.565385
SLA2,0.5653808
UTP14C,0.5653702
CCL5,0.56536996
CYP2D6,0.5653691
CDK16,0.5653451
ASH1L,0.5653346
MYO9A,0.5653117
CEP41,0.56530976
DDX58,0.5653087
CHUK,0.5652972
BABAM1,0.5652267
CHPF,0.5652179
SLK,0.5651932
ARIH2,0.56517416
POLR2G,0.5651588
CTSK,0.56515574
GPD2,0.56513023
ATP2B1,0.56512326
BZW1,0.5651049
TAGLN,0.5650937
CDKN2AIPNL,0.5650785
ARHGEF12,0.56507844
CLPP,0.564985
PKD2,0.56498086
CARF,0.56489325
CHRAC1,0.56485355
BTRC,0.5648493
BACE2,0.56484365
SH3GLB1,0.5648138
FLT4,0.5647922
TRAIP,0.56477785
ATXN1,0.5647324
BRD2,0.56471914
ELMO3,0.56471866
CD27,0.5647065
VPS28,0.56470513
DAPP1,0.5646601
CDH24,0.564656
CABYR,0.56463224
CDIPT,0.56458807
ASPH,0.5645693
RNF123,0.5645673
DEPTOR,0.5645473
BMF,0.56454706
BLZF1,0.56454456
HSPA12B,0.56451446
CYP2R1,0.5644934
PCCB,0.5644928
BRF1,0.56448406
CADM1,0.5644502
EXOSC4,0.5643947
MRPS6,0.5643721
COL1A2,0.56434846
MAML1,0.56431955
CDH23,0.5642482
CDC7,0.5642167
CIR1,0.56420606
BFAR,0.5641976
SPIRE2,0.56418914
MRC2,0.5641576
WDR48,0.56415415
CD2BP2,0.5641488
HADHA,0.5640779
HYI,0.56406295
BRAP,0.5639693
FAU,0.56395495
CAT,0.5639285
C17orf80,0.56375927
ZNF485,0.56375015
ATXN2L,0.56372744
ARPC4,0.5636876
DENND2A,0.5636688
PURB,0.56365275
SPPL2A,0.56364834
CBR1,0.5636448
POLL,0.5636325
COQ6,0.56362766
ANO10,0.56360674
CWF19L1,0.56358576
CYP39A1,0.56357336
LRRC41,0.56355757
ITGA8,0.5635544
PRKRA,0.56354165
COA6,0.5635383
ZNF101,0.5633898
BBS9,0.5633425
RAP2B,0.56333834
RHBDD1,0.56333435
ZNF212,0.56333244
CAMKK1,0.5633136
DCTN3,0.56327933
CEP78,0.5632384
CYB5R1,0.5632322
COPZ2,0.5632251
DCK,0.5632053
PSMC1,0.5631969
DPH3,0.56314695
BCAS3,0.56313044
SLC6A9,0.5631279
EHD3,0.5630986
BTAF1,0.5630953
AZIN1,0.56306326
UNC5B,0.5630598
PYGB,0.5630063
EAF2,0.56299317
CDCA8,0.56296456
MOCOS,0.56294364
CABLES1,0.562908
CFL2,0.56289023
CREM,0.56288654
RAB11FIP4,0.5628757
NSFL1C,0.56283534
CHMP5,0.56277853
TFAM,0.5627519
YIPF5,0.5627102
BIRC6,0.5627014
CAPN2,0.5626934
BMS1,0.562662
CDK11B,0.56265247
NARS2,0.5626327
CRMP1,0.56262916
RAB9A,0.5626194
MTX2,0.56259495
CCNA2,0.5625933
SMYD5,0.56259274
CLCN6,0.5625925
ASAP1,0.56256235
DALRD3,0.5625331
CBX4,0.5625286
HEG1,0.5625247
E2F8,0.56251943
PGAP2,0.56248975
ZFPM1,0.5624347
REXO4,0.56242025
SAR1B,0.5623993
SAV1,0.5623735
PREB,0.562364
MED24,0.56236136
RPL17,0.5623554
KDM3B,0.56232834
CHCHD1,0.56231815
CDCA2,0.5623143
CHMP6,0.562312
MYBBP1A,0.5623026
CARS2,0.5622851
NPHP1,0.56223583
GALNT14,0.5622353
ZNF510,0.5622297
PSMC2,0.5621463
COPS4,0.5620937
CYB5R2,0.56207174
SEC61A2,0.56206954
MTSS1,0.5620584
DPCD,0.5619768
BRK1,0.5619609
GDF15,0.5619471
TADA1,0.5619043
CCDC97,0.56188744
TAF1C,0.5618679
CKAP2,0.5618545
PTDSS2,0.5618478
RNPC3,0.56184655
CDR2L,0.56182706
TRAPPC4,0.5618113
DYNC1I2,0.5618098
BCL2L11,0.56180423
PSMD9,0.5618041
ZNF45,0.5618006
BOP1,0.56178737
PGM3,0.561787
POLR3A,0.5617466
CKS2,0.56170785
CD300A,0.56168056
CDK2,0.561652
ARID5B,0.56162524
CHAF1B,0.5615481
DDX19A,0.5615201
COL6A2,0.5614945
CNTRL,0.56147027
COG2,0.5614665
MFN2,0.5614477
LAMP1,0.56144065
ATG10,0.5613989
C1QBP,0.5613959
CDC23,0.5613906
DDX60,0.56133497
PRPF40B,0.56130755
FCGR2A,0.5612103
LIN37,0.5612059
NR2F6,0.56117195
SPSB3,0.561168
UBE2T,0.56114954
ARPP19,0.5611427
NRBP1,0.56112355
CDC40,0.56111157
COQ10B,0.5610631
TEX264,0.56103474
DNTTIP1,0.5610207
ZSWIM7,0.5610205
CELSR1,0.56100667
PTGFRN,0.5609884
CUL9,0.5609225
THOC6,0.5609149
FAM114A2,0.56090903
TM7SF2,0.56090015
RRAGD,0.5608797
DCAF17,0.5608677
COPS7A,0.56085443
LYPLA2,0.5608507
B3GNT2,0.5608446
BATF,0.5608136
BRD1,0.5608048
CCR7,0.5607707
CAD,0.5606886
BMPR2,0.56067204
CDCA7,0.56062263
RBM34,0.56061596
CLDN7,0.5605914
CMAS,0.5605565
CNIH1,0.5605058
C2CD5,0.5605025
ZNF548,0.5604867
CARM1,0.56046927
FKBP4,0.5604642
ME3,0.56045794
ETV7,0.5604507
CHFR,0.5604289
BAZ2A,0.5604179
ZNF10,0.5603765
CREB5,0.5603409
EXOC6B,0.560339
COMMD6,0.5603273
CD52,0.560327
SMAD1,0.5603133
CNIH3,0.56030005
DYRK1B,0.560295
GINS3,0.56028914
ATP1B3,0.56028855
CTH,0.5602459
GTF3C1,0.5602435
DNASE2,0.56021875
GLIPR1,0.5601846
DECR1,0.56017965
CALM1,0.560177
GCAT,0.56014615
COL9A2,0.5601322
RIC8A,0.5600975
CDCA5,0.56008804
CMTR1,0.5600743
PPP1R12C,0.5600738
CNNM4,0.56007206
KIF2C,0.5600695
DERL2,0.5600594
F8,0.56004965
CBX2,0.5600189
CDCP1,0.5599937
MADD,0.55997545
MTUS1,0.55994946
PRKRIP1,0.55993927
SURF6,0.5599257
CHID1,0.5599012
MAOA,0.5598953
INTS6,0.55986434
TAF9,0.5598298
CCS,0.5598065
EIF4H,0.55979913
BDP1,0.5597882
CCNL2,0.559772
CSF2RB,0.5597504
CDC25B,0.5597383
CENPN,0.5597187
CD58,0.55970037
MED28,0.5596697
PLEKHA8,0.55964965
TAF8,0.5596222
PRKAG1,0.5596128
NELFB,0.55960983
RAD1,0.5596091
GNGT2,0.5595937
NDUFV2,0.55957794
CAP2,0.55957437
STX4,0.5595403
GOLIM4,0.5595375
DSCC1,0.559533
HK2,0.5595013
DISP1,0.5594923
RGS12,0.5594746
LTBP1,0.5594144
NDUFB5,0.5593912
MXRA8,0.55939066
DNAH17,0.5593749
OSMR,0.5593683
FER,0.55936575
BRWD3,0.55935746
CNOT7,0.5593459
GATAD2A,0.5593367
CPD,0.55933493
CLK4,0.5593091
FST,0.55930054
DCUN1D3,0.5592958
CFL1,0.55925685
CDC34,0.55914956
IMMT,0.55909085
DDX28,0.5590728
ZSCAN32,0.5589853
ZNF473,0.5589388
GABARAP,0.5588895
CALCOCO2,0.5587769
MPP5,0.55876344
C3orf38,0.5587442
MAPKAPK5,0.55872643
PPIL1,0.5587047
CSTF2,0.55868787
RBL2,0.55867666
RAB27A,0.5586672
CDK5RAP3,0.55862725
PTPN23,0.5586233
GNA14,0.5586133
COX7B,0.5585843
COQ7,0.5585807
CLHC1,0.5585634
EAPP,0.558542
BAG6,0.5585262
DGAT1,0.5585017
CTSA,0.558501
RFC4,0.5584751
CD99L2,0.5584717
ZNF557,0.55846506
DCAF10,0.5584403
KIF21A,0.55838525
RAB34,0.55837876
CDT1,0.55833834
PMPCA,0.5583046
SPARCL1,0.55830175
COASY,0.5582942
GTF2I,0.5582333
MTA2,0.5582332
PAXIP1,0.558208
ARHGAP29,0.558187
HS3ST1,0.55818206
TCTN1,0.55817324
BCAT1,0.5581652
CSDE1,0.5581632
IL17RA,0.5581554
POLR2C,0.5581256
RUSC1,0.5581254
MYO1C,0.55810994
CKAP2L,0.55809486
POLR2H,0.5580638
SLC35B1,0.55806226
VPS18,0.5580139
MRPL11,0.55798966
CEP120,0.5579158
DBP,0.5579113
EIF3D,0.5579108
CAB39,0.5579038
CDK9,0.55787253
SHARPIN,0.557869
COX15,0.55785626
PI4KB,0.55784553
FAAH,0.5578445
BUB3,0.55780584
CAPN15,0.5578029
FUT1,0.5577268
KPNA4,0.5577213
CWC22,0.5577002
PLSCR1,0.5576949
DNAJB11,0.5576906
HINT1,0.5576694
CALD1,0.557665
DFFB,0.5576558
COIL,0.5576351
HTT,0.55761844
UPF3B,0.55760777
DUSP6,0.557606
CHML,0.5575654
CENPH,0.5575514
ULK2,0.55753875
KCNH2,0.5575349
SLC26A6,0.5575264
FBLN5,0.5574889
MRPL45,0.557464
BRD9,0.5573895
CDS2,0.55738264
CHN2,0.5573803
CCDC88C,0.5573705
PREX1,0.55729395
FBXO15,0.5572879
MMS19,0.55720407
TIMM17B,0.557199
MIDN,0.5571454
CAMK4,0.55713975
IGFBP4,0.55713254
CIB2,0.55708134
ATXN2,0.5570683
PCGF5,0.5570484
CPSF3,0.5570435
DCAF4,0.55703896
CTNS,0.5570089
CBX3,0.55698603
WDR61,0.55697244
MTMR2,0.5569704
DLC1,0.55692357
STAT5A,0.5569155
ENSA,0.5568818
ELOVL5,0.556854
RNF128,0.55684996
CCR1,0.5568422
LPXN,0.55678076
NFIX,0.55672866
SEL1L,0.5567185
QRSL1,0.55670583
FNIP1,0.5566869
CCDC12,0.5566586
CLK1,0.5566035
EID3,0.55660206
NPAS2,0.556577
LMCD1,0.55657536
CD83,0.55655587
EXOSC8,0.5565498
CENPI,0.5565449
CCM2,0.55652136
ATRX,0.5565195
TJP2,0.5565172
DAPK2,0.55651236
ATP2A2,0.55650485
NEDD8,0.5564576
CLCN7,0.5564172
CKLF,0.5564154
DHRS3,0.556401
UCHL3,0.55639464
BSG,0.5563676
EME1,0.55631953
COPS8,0.5562695
RAI2,0.5562454
CENPO,0.5562361
TIAM1,0.55619544
MSH5,0.5561782
DYSF,0.556116
COMMD2,0.5561129
B4GALT1,0.55610496
HYLS1,0.55608606
DHRS11,0.5560502
CD63,0.5560479
KCNAB2,0.5560287
FCGRT,0.5560219
CEP55,0.5560172
TWF1,0.5559974
MRPS5,0.5559858
UBLCP1,0.5559824
PLXNA2,0.5559694
LMF1,0.55592626
ZNF224,0.555917
COG6,0.5559087
CAP1,0.5558835
DONSON,0.5558665
FMNL2,0.55586076
CPT1C,0.5558429
MAGT1,0.55583745
CSTB,0.5558164
GLG1,0.5557602
RPIA,0.5557512
ZIK1,0.55568933
ERP29,0.5556486
GRK4,0.5556372
NSA2,0.555598
DIS3L,0.5555836
BRWD1,0.55556476
PPP1R16B,0.55554277
CHST15,0.5555342
NADK,0.5555234
LIPG,0.5554043
DOCK8,0.5553939
DUSP1,0.55536807
GOT2,0.55534494
CAMKK2,0.5553446
PPP2R1B,0.5553151
RPAP1,0.5552988
TCEA3,0.55528075
BICD1,0.55527484
SLC27A5,0.5552332
LIMD1,0.5551828
RALBP1,0.5551364
ITPKB,0.5551316
ERMAP,0.5551296
MOB1A,0.5550976
DACT1,0.5550937
PDE4A,0.5550869
HERC2,0.5550785
CYTH2,0.5550582
CD40,0.5550553
HNRNPH2,0.5550351
CERS5,0.55500895
FBXO4,0.55498344
CHMP2A,0.55498123
CDCA3,0.5549522
LRRC6,0.5549506
INO80,0.5549471
EAF1,0.55489355
UFSP2,0.5548719
ATXN10,0.55486405
COL5A2,0.5548075
COG8,0.55480605
NELFCD,0.55478084
FARP1,0.5547768
PEX5,0.55474347
GPX3,0.554726
CHMP1B,0.5546422
HDAC11,0.5545753
DNAJA4,0.55455273
NKD1,0.5545314
CAPZA2,0.55450535
CAPNS1,0.5544994
COG7,0.5544807
CDR2,0.55444735
NEIL3,0.5544341
POLR3D,0.55442995
ZNF460,0.5544233
GDPD1,0.5543731
EDNRA,0.55436444
NFKBIA,0.55435807
DIAPH2,0.5543069
TRMT61B,0.5542937
DUT,0.5542898
PEX26,0.5542882
ZNF480,0.55425036
ZNF394,0.5541953
CDK19,0.5541614
CREBRF,0.55415195
CIAO1,0.554147
HERC1,0.55413616
COL18A1,0.5541356
CDKL5,0.55412644
CD53,0.55412406
COG3,0.554113
SH2B3,0.5541056
RELA,0.5540724
UTP14A,0.55406964
CDC42EP4,0.55403906
DENND2C,0.5539769
CELF1,0.55390805
TMEM70,0.5538222
CEPT1,0.5537902
MAP4K3,0.5537677
DNAAF2,0.55376536
GBP4,0.55376184
E4F1,0.55374384
CNOT6L,0.5537132
ZNF385A,0.55371284
FDXR,0.5537041
CALU,0.55369836
PSMB9,0.5536889
SH2B2,0.5536497
RNF2,0.5536234
CENPT,0.5535485
SLC12A9,0.55351347
GADD45A,0.5535003
GOLGA3,0.5534805
CDC20,0.5534673
DHPS,0.55343735
CAND1,0.55343395
KBTBD8,0.55340457
PIGG,0.55338883
CALM2,0.55337405
DRG2,0.55334175
CHMP3,0.55334145
DPM1,0.55332613
RHOB,0.55332184
SPRY4,0.55330384
KDM4A,0.5532929
ENPP1,0.55323297
CRTC2,0.5532097
HFE,0.55317515
CEP290,0.5531719
LY96,0.5531235
IPO11,0.5531127
LIMS1,0.5530982
WRAP53,0.5530982
TRMT10C,0.5530714
PIK3R4,0.5530714
CHAF1A,0.5530553
COPS2,0.5529968
TECPR1,0.5529693
TICAM1,0.55293125
CD9,0.55292857
NRP2,0.5529224
NOTCH3,0.5529062
LGI4,0.55285627
TNFRSF10A,0.5528402
GCSH,0.5528391
IL32,0.5528048
RFC5,0.5527347
PRKAB2,0.5526941
CPNE3,0.55269283
NAPA,0.5526867
CHMP2B,0.55265045
DUSP7,0.55263156
COX18,0.55256265
COL7A1,0.5525426
OSBP,0.5525322
TRIB3,0.55252683
CREG1,0.5524301
FPGT,0.5524054
HCFC1,0.5522651
IRAK1,0.5522165
IQCB1,0.5522021
TRAPPC6B,0.5521761
DHRS4,0.5521514
MGRN1,0.5521113
ERCC6L,0.5520387
CCT6A,0.55203116
IL7,0.5519773
ECD,0.55192167
PISD,0.5519082
GRIN2D,0.55188096
CNOT11,0.5518425
LYZ,0.55182314
CENPM,0.55181414
FBXO45,0.55179906
CENPJ,0.5517621
FRK,0.5517481
CAMK2D,0.5517379
COX11,0.5517257
CPT1A,0.5517205
UBOX5,0.5516698
CYP2S1,0.5516678
PIGT,0.5516631
FKBPL,0.55166215
GPR183,0.5516182
DDX51,0.5515828
RAB2B,0.55157596
TOM1,0.5515276
CAPN1,0.5515172
CSTF2T,0.55150867
PNP,0.5514617
CERK,0.55144566
NAB1,0.55140203
DMWD,0.55138505
RRP12,0.55135775
TRIP4,0.551349
ZNF691,0.551347
RAB21,0.55129504
IARS2,0.5512795
CD48,0.55125993
KIAA1549L,0.55125743
GLYCTK,0.5512251
CEP164,0.5512206
PDE1B,0.55120575
CCAR1,0.5511993
CNOT8,0.5511499
KHK,0.55113846
HES1,0.5511323
KIFC3,0.5511161
CD47,0.5509918
CEP72,0.55091256
BACH1,0.55089974
DMPK,0.55080736
COG4,0.5507592
UAP1L1,0.55074537
COX6A1,0.55074006
EIF2B4,0.55073535
CDK17,0.55067635
FHL1,0.5506427
CRYZ,0.55063164
CEBPZ,0.5505931
EMC3,0.5505907
CDC42,0.55057853
PYGO2,0.5505472
CRLS1,0.5505434
STAC3,0.55051094
ORC3,0.5505016
DMAP1,0.5504576
DDA1,0.5504529
SUPV3L1,0.5503808
CSTF1,0.5503699
COPE,0.55035853
HMGCR,0.5503109
TP53INP1,0.5503086
UFL1,0.5502787
GEMIN2,0.55019504
PPP1R15B,0.55018777
RRS1,0.5501862
FLNC,0.5501832
EIF2S3,0.55016994
CHERP,0.55013424
DCAF15,0.5501309
BTF3,0.5500947
MBOAT7,0.55008936
DSC2,0.55008405
COL8A1,0.55008376
NAA38,0.5500812
DENND1A,0.5499973
SPATA13,0.5499635
ZFP14,0.54993916
PASK,0.54992807
DPH1,0.5498487
PANK1,0.5498089
ZNF564,0.5497555
COQ5,0.54974085
DPH2,0.54972255
CHN1,0.54971945
NOP9,0.54971397
CDC42BPA,0.54971385
DDIT4,0.5497065
CCDC93,0.54970264
LRG1,0.54967177
ORMDL3,0.54965496
OSTC,0.54965115
HARBI1,0.5496316
INTS10,0.5495877
NAA35,0.5495778
COX20,0.5495476
CXXC1,0.5495344
FZD5,0.5495228
PLCE1,0.54951286
PODXL2,0.54948217
FUNDC1,0.54943615
MAEA,0.54943514
SNAPC5,0.5494323
VPS33A,0.5493888
SIVA1,0.5493648
CLEC2D,0.549362
CTDP1,0.54934
LRFN1,0.5493333
CLSPN,0.5493117
CHP1,0.54928213
MCCC2,0.54922116
NDUFA4L2,0.5492059
MKRN1,0.5492042
CXADR,0.54919964
PAAF1,0.5491565
DNAJB9,0.5491298
RNF20,0.5491185
PPP1R8,0.5490498
PPIH,0.54901874
TMED1,0.5490154
PRKCH,0.5490001
CCT2,0.5489083
CLPX,0.54879034
LCAT,0.5487815
NMD3,0.5487559
PGAM5,0.5487347
IRF6,0.54864615
CERS4,0.5485991
CANX,0.54859155
EFNA1,0.5485745
CWC15,0.54856414
SLC25A28,0.54855466
CEP350,0.54853284
EOGT,0.5485089
CDC37,0.5484777
DCLRE1C,0.54846525
MLXIP,0.54838556
NCSTN,0.5483635
RNF31,0.5483513
LRRC4B,0.54832953
EIF1,0.5483221
KPNA3,0.548307
DYRK2,0.54829156
CAST,0.54826254
UPRT,0.5482451
CD2AP,0.548243
FJX1,0.54823244
PYGM,0.5482135
MRPS18B,0.54821324
HSD17B12,0.5482099
CDK13,0.54817176
MYADM,0.548149
PIAS4,0.5481113
PURA,0.5481078
RASSF2,0.5480923
EPHA4,0.5480778
CLK3,0.5480757
RHBDF2,0.5480246
RAB8B,0.5480186
ITGAX,0.54793745
HOXD3,0.5479175
F12,0.547915
DDX52,0.5478868
CASK,0.5478452
ZNF251,0.5478069
EVPL,0.5477967
IREB2,0.54777515
CNOT6,0.54774886
COL4A1,0.5477283
KCTD3,0.5476763
PHLDA1,0.5476524
CMPK1,0.5476086
WTIP,0.547605
LRCH1,0.5475877
CLOCK,0.547546
PACS2,0.54754597
DPY30,0.5475435
ORC1,0.54744583
EIF3B,0.5474408
GRSF1,0.547425
PPIL2,0.54741436
DCP1B,0.5474142
CBFA2T2,0.5473721
STX12,0.5473574
BTBD3,0.54735065
POP7,0.54734176
NBR1,0.5473377
CCNY,0.5473365
PCSK7,0.5473316
PQBP1,0.5473285
NGFR,0.54731846
HS2ST1,0.547311
RNASEH2B,0.547297
DSEL,0.54729575
CPT2,0.5472952
FBXO27,0.54727626
CIAPIN1,0.54726726
PPP1R7,0.5472281
ZNF92,0.54721445
DCXR,0.54719687
CHPF2,0.5471899
DBR1,0.5471845
GLS2,0.54715866
RIOK3,0.54712284
FBXO25,0.5470938
KCNJ15,0.5470708
DTX3,0.5470537
ODF2,0.5470406
CCDC91,0.54701257
CPOX,0.54701114
SESN1,0.5470066
CCT8,0.54697967
EIF4EBP2,0.54697174
MID1IP1,0.54695535
CERS2,0.5469526
PHF2,0.5469358
CYFIP2,0.5469211
FKBP1A,0.54690784
CHCHD6,0.5468878
CLDN12,0.54683465
CTNNBIP1,0.5468146
CCNT2,0.5467836
MX1,0.54677045
ZNF420,0.5467511
RPP30,0.5467464
GOLGB1,0.546733
TRAPPC2L,0.5466882
PPP2CB,0.5466636
TDRD7,0.54665095
DDX39A,0.54664737
NCK2,0.5466314
RMI1,0.54661894
DHX16,0.54659164
ZNF593,0.5465793
LAT,0.54655117
GALNT3,0.5465437
ZNF202,0.546537
KHNYN,0.5465304
CNOT4,0.5464258
LUC7L,0.5463432
DCAF13,0.54633784
GGA2,0.54632753
ETF1,0.5462742
MAP3K11,0.54622155
RCHY1,0.5461971
SLX4,0.54617244
GORAB,0.5461493
GEMIN6,0.54612356
DLG1,0.5460949
CPSF7,0.5460721
MAPK9,0.5460498
OBSL1,0.546047
EHHADH,0.5460385
EPB41L2,0.546023
CD55,0.546011
TXNRD3,0.545993
HAAO,0.545993
COX10,0.5459678
RNF8,0.5459488
E2F2,0.54593754
DOCK6,0.5458831
RAD9A,0.5458827
ETFDH,0.5458636
CRADD,0.5458371
SDF2,0.545825
IQGAP3,0.5457829
LMAN2,0.5457402
MYL6B,0.5457295
COPG1,0.5457048
MRPL10,0.54567164
KDM8,0.5456658
MDFIC,0.54560846
CHCHD3,0.5455484
DHODH,0.5455398
DEPDC5,0.54553336
EXOC8,0.54552644
TMOD1,0.54549706
MOV10,0.5454765
LDHD,0.5454537
CDC27,0.54543656
EMC4,0.54542834
PDLIM4,0.54537946
MRPL34,0.54532725
MAN1A2,0.5453264
CMTM6,0.54531693
TRIM21,0.5452553
TBCC,0.54524165
POMP,0.54520845
C11orf49,0.54519045
ZNF182,0.5451663
NUBP2,0.54515404
POLR2D,0.5451269
MFF,0.54512334
COL27A1,0.5450346
DDX11,0.5450334
CAPZA1,0.54498553
ERI2,0.54494554
CORO1B,0.54491484
DOCK2,0.54489934
MAP3K3,0.5448434
MAP1A,0.5448365
DHX8,0.5448242
MAF1,0.5447962
ZNF772,0.5447887
DUS1L,0.54477125
DIDO1,0.54474515
FRZB,0.5447166
CD46,0.5447131
ITGA6,0.54470885
NUP43,0.5446948
HERC5,0.54468745
CEP57,0.5446769
PSD,0.544651
DDX19B,0.5446304
LILRB3,0.5446167
CLIP2,0.5446049
PEX2,0.5445957
CIT,0.5445853
MAGI2,0.54455495
DTX4,0.5445264
IMPA2,0.54450774
HSF1,0.5445063
TM6SF1,0.5445013
PPP1R9B,0.54449207
ISYNA1,0.5444909
NCF4,0.5444708
PTPMT1,0.54443437
POLR2F,0.54438734
PAIP1,0.5443856
RTCA,0.5443828
DPH6,0.54438144
MRTO4,0.5443343
ZNF180,0.54431766
LAMTOR4,0.5443053
DAAM1,0.54429597
PRDX4,0.54429406
CHM,0.5442204
NCAPH2,0.54419976
DENR,0.5441874
MLST8,0.5441686
DDX18,0.54415077
ZNF780A,0.54411316
FHOD1,0.5439359
POLH,0.54390764
PLXNA3,0.5438772
GALE,0.5438746
RNASE1,0.5438585
CHSY1,0.54385084
CMTM4,0.54382545
CCNG1,0.54381293
ERLEC1,0.54379356
SHCBP1,0.54378784
LMAN1,0.54378605
POLR1E,0.5436643
DDX50,0.5436504
ITPK1,0.5436293
FZD3,0.54358655
ZDHHC2,0.54356766
RGS1,0.54355896
TIFA,0.54351795
EYA2,0.54348564
CNOT10,0.54346865
ENGASE,0.54346603
MCM3AP,0.5434634
KIF18B,0.54345363
CHD9,0.543449
CPEB2,0.54344636
CHCHD2,0.54342175
MZT2A,0.5434009
PRPSAP1,0.5433884
GALM,0.5433774
KDM2B,0.54323846
NAA40,0.5431734
CNPY3,0.5431378
ZNF552,0.5431198
ITGB4,0.5431155
LRRC8E,0.5431105
TSNARE1,0.5430815
PITPNM1,0.5430792
CNOT1,0.5430711
DDX54,0.5429999
LHX6,0.5429664
ZNF155,0.5429595
GART,0.54295623
PLEKHA7,0.5429281
DAPK3,0.54291445
CLASP2,0.54290146
DDX39B,0.54289085
ESYT2,0.54288995
JMJD4,0.54285496
DISC1,0.54285175
NDUFS8,0.54281884
COPB2,0.5428034
KCNIP4,0.54277974
MAP2K5,0.5427734
PHKA2,0.5427499
FARSB,0.5427262
LAS1L,0.54272556
KCTD6,0.5427055
ESF1,0.5427041
DLAT,0.54268074
CNNM3,0.54266846
NME2,0.5426659
EBNA1BP2,0.54261774
GPR160,0.542608
INPP5B,0.54260075
NLGN2,0.542595
CHD3,0.5425885
ZNF211,0.5425636
FBN1,0.542561
CWF19L2,0.54255784
TRUB1,0.54255766
PEX6,0.54253745
CYBA,0.54252696
MAGED2,0.54250103
COQ4,0.54248893
CD81,0.54248387
MIA3,0.5424782
COPS6,0.5424761
CYB5R4,0.5424418
PSMB10,0.5424361
CTR9,0.5424151
PPCDC,0.5424106
FCHO1,0.54240024
NSUN4,0.5423988
DDX27,0.54239035
CCT4,0.5423733
DYNC1H1,0.54236746
DCTN4,0.5423656
ITGB3BP,0.5423301
EIF2B2,0.5423245
IER3,0.5422739
FMO4,0.5422074
DCAF12,0.54219866
LIPT1,0.5421906
DAPK1,0.54216784
CLDN4,0.5421556
FKRP,0.54213
MFSD2A,0.542105
PCGF2,0.54203033
CAPZB,0.54197943
FBXW8,0.5419435
YRDC,0.54191506
RRP15,0.54190326
CDK2AP1,0.5418532
ERN1,0.54185206
ZFP30,0.5418333
DCTPP1,0.54180056
FAM13B,0.54179925
TBC1D23,0.54177785
RABEPK,0.5417688
KIF2A,0.54175687
DHX38,0.5417284
TRMT5,0.5416999
RPAP3,0.541687
CPSF2,0.5416832
TSSC4,0.54167503
ENC1,0.5416595
MAN2B1,0.54163396
ZNF813,0.54159284
DHX35,0.54158103
VAMP1,0.5415668
SGMS2,0.54156363
ZNF74,0.5415556
GABPA,0.5415448
RBM22,0.54153925
NDUFB9,0.5415186
DCAF6,0.5415055
RGMB,0.54150254
EBAG9,0.5414997
LSM14B,0.5414718
IDUA,0.5414531
EPC2,0.541453
CCT7,0.5414243
FAM160A2,0.541424
MRPL49,0.5414144
DGKD,0.5413254
GUK1,0.5413097
DERL1,0.54125476
GLB1,0.54124266
CENPE,0.541225
SLC25A22,0.5411667
CSNK1G2,0.541161
CCT3,0.54115945
EVC2,0.5411367
CPEB4,0.54111904
CS,0.54111505
MBOAT2,0.54111356
SNRNP48,0.5411133
ETHE1,0.54110605
GTF3C5,0.5411034
PELI1,0.54110265
NRP1,0.5410392
PTRH2,0.5410376
PGGT1B,0.5410348
CPSF4,0.5410015
IPPK,0.5409836
GPX7,0.5409774
SIRT2,0.54096127
LIN7C,0.5409472
COBLL1,0.540925
BPTF,0.54092395
DOCK11,0.54090387
MMP11,0.54088587
DNAJA2,0.5408313
POLR1B,0.5408294
DGKZ,0.54081523
RDH5,0.5407767
EBP,0.5407732
SLU7,0.54076576
DDX56,0.5407626
TM2D2,0.54070824
CHMP4B,0.54070735
CNN2,0.54070574
HUS1,0.5407033
MAP2,0.5406878
MYLK,0.5406764
CLINT1,0.54064935
PPIE,0.540623
CFDP1,0.54058
OPRL1,0.5405757
LDB1,0.5405579
MAN2B2,0.5405033
GIMAP4,0.540491
CDC42BPB,0.5404808
DPP7,0.5404771
CACNA2D1,0.5404422
PSMD5,0.5403929
WDR31,0.540379
KCNJ2,0.5403435
MSR1,0.5403271
EPB41L4B,0.5402966
TSEN34,0.5402699
MGLL,0.5402407
NOP10,0.54023033
EGR3,0.5402216
DLG4,0.5402024
COL4A6,0.5402009
FGD2,0.5401988
FBF1,0.540181
TST,0.5401704
DTX3L,0.5401551
ZNF558,0.5401514
PLCB3,0.5401283
NR2F2,0.54011
FBXL14,0.54010224
CEP152,0.5400933
DCP1A,0.5400916
RPS27L,0.54004633
NDUFAB1,0.540045
TLR4,0.54003614
KBTBD6,0.5400343
FUBP3,0.540031
STAP2,0.5400213
DGKA,0.53997827
ZNF776,0.53988886
DHX32,0.53987956
SNIP1,0.5398366
DOK1,0.53980255
CCT5,0.53979295
GNL3,0.5397517
PARP4,0.5397212
ZNF585B,0.53970027
MAN1B1,0.53969103
RMDN3,0.53966284
HAGH,0.5396572
GPAM,0.53964615
EIF1B,0.5396378
ITGA7,0.5396356
FNTB,0.53963053
GLA,0.53962386
FADD,0.53957963
TDG,0.53956014
HSPH1,0.53954095
GCH1,0.5395316
DDX1,0.539511
CTIF,0.5395099
SERPINE2,0.5394969
ZNF468,0.5394884
LFNG,0.5394701
ETNK2,0.5394699
PCK2,0.53946835
SLC1A1,0.5394634
QTRT1,0.53944707
MAVS,0.5394307
ZNF79,0.539394
RASL10A,0.53937376
MFSD10,0.5393493
CHKA,0.53934556
CEP192,0.5393324
PHF5A,0.5393211
TGFBRAP1,0.53929573
PPP3CC,0.5392926
GTPBP1,0.53927183
CTSB,0.5392578
NKIRAS2,0.53925574
MIS18BP1,0.53925335
ERGIC3,0.5392511
HLX,0.53923875
CLPB,0.5392289
CUL5,0.53921556
ZNF585A,0.53919756
GTF2F2,0.5391704
CENPK,0.53910816
GBF1,0.539101
LSR,0.53909487
PRKD2,0.53909403
HMBS,0.53907955
FEZ1,0.5390699
CKAP4,0.5390453
DHX15,0.53904516
LRP6,0.53896993
UPP1,0.53896445
FBXL12,0.5389569
RGL2,0.5389154
DCAF11,0.53890103
DCTN2,0.5388841
FERMT2,0.5388779
KXD1,0.5388526
COX5A,0.53883845
DMD,0.5388304
ORAI2,0.5388197
NDUFA1,0.53881705
TMEM179B,0.53878564
DERA,0.53877705
CDK5RAP2,0.5387521
CHD1,0.5387391
NCAPH,0.53872967
RCSD1,0.5387133
ST3GAL6,0.53871083
COPS7B,0.5386724
RTKN,0.5386584
PDRG1,0.53862476
GET4,0.5385601
MTMR3,0.53852916
DAZAP2,0.53852874
NAA60,0.538518
QDPR,0.538512
CUL4B,0.53850925
EARS2,0.53850615
KLC1,0.5385038
DENND4A,0.5384847
DBNL,0.53847027
PSMG2,0.5384697
DYNLT1,0.5384102
CBX1,0.5384014
COPB1,0.53839177
ITGA9,0.53839034
DOCK7,0.5383859
EPB41L5,0.5383732
CSGALNACT2,0.5383688
CBX5,0.5383685
COA1,0.5383652
CLTA,0.53835654
LTBP4,0.5382688
RAB6B,0.538238
CAPRIN1,0.5382253
E2F4,0.53816515
ELOVL6,0.53815544
PLCD3,0.53814197
CTPS1,0.53813446
GORASP2,0.5381011
PHAX,0.53807646
CLASP1,0.5380371
DHDDS,0.5380281
GHDC,0.5380251
DVL1,0.53800505
HDAC3,0.53796923
IBA57,0.5379407
CNDP2,0.5379219
GALNT12,0.537919
DVL3,0.53791153
CLSTN1,0.53790367
DDB1,0.5378674
MIEF1,0.5378651
DENND5B,0.53783643
RNF19B,0.53779995
NCBP1,0.537778
MOB1B,0.5377728
TRIM23,0.53776497
GSTM3,0.5377559
TSFM,0.5376999
MVD,0.53769743
KIF9,0.5376434
ITGBL1,0.5376424
GALNT6,0.53758645
NDUFB10,0.53758264
ZNF516,0.53757036
FAM111A,0.5375522
DNAJA3,0.53752315
RRP9,0.5375013
DCP2,0.5374997
TAF6L,0.5374926
HPS1,0.5374163
RPS6KA4,0.5373699
TFIP11,0.53731936
TFAP2C,0.5373168
NDUFS4,0.53728694
DIAPH1,0.5372808
MRPL28,0.53727674
CTSD,0.53727245
HJURP,0.5372423
RCCD1,0.5372405
VASN,0.5372308
NIPA2,0.53721625
MGAT4A,0.5371092
HLA-DMA,0.5371053
TADA2B,0.5370823
GKAP1,0.5370803
TCN2,0.5370605
DGUOK,0.5370308
PPP1R15A,0.53701574
PPCS,0.53700894
HIPK3,0.5369836
NMRAL1,0.53698105
HGS,0.5369634
ZNF830,0.5369461
RNASEL,0.536944
LAMA3,0.53693336
NDUFS2,0.5369279
ING3,0.5369273
HLA-DRB5,0.53691936
ZNF302,0.5369109
GNAI1,0.5369043
HSPB8,0.5368646
EDEM3,0.5368592
THAP7,0.53685
TAF13,0.53682035
FMN1,0.53678906
HSD17B1,0.5367585
CLIC1,0.536714
KCNC3,0.5367129
CENPP,0.53670275
PEMT,0.5366954
PPP1R11,0.5366836
CHD7,0.5366723
FBXW9,0.5366664
DCPS,0.53661305
CHTOP,0.53659785
CENPF,0.5365874
PSMG3,0.53656197
ZNF34,0.5365587
ZNF765,0.5365354
GNE,0.5365268
LAMA2,0.5365224
RAP2C,0.5365103
CLNS1A,0.53650784
LRIG2,0.53642374
SEMA4A,0.53641057
ZNF234,0.53640586
DNAJC3,0.536379
PRPF39,0.5363763
PSMC6,0.5363665
TNFRSF10D,0.53629786
PGP,0.5362928
ELL2,0.5362824
MCM6,0.5362355
GK,0.5362328
SNRNP35,0.5362135
ENTPD6,0.5361905
REC8,0.53617686
EP400,0.5361361
GALNT18,0.53611076
TOMM40L,0.5360586
F3,0.53600943
INVS,0.5359597
PLXNA1,0.5359257
OCRL,0.5359164
DGKI,0.53590167
HAUS3,0.53590083
CMSS1,0.53588784
F11R,0.535842
CTSH,0.53583264
KPNA1,0.5356961
GCC2,0.53569186
PRKCD,0.5356913
NAA16,0.5356895
LIF,0.5356583
CERS6,0.5356578
COMMD1,0.53565377
DNAJB14,0.53563464
RAB13,0.5355829
PIAS3,0.5355792
CUL2,0.5355582
KIF20B,0.5355546
RAC3,0.53553677
DDHD1,0.5355142
TACO1,0.53543735
DDX41,0.53541887
DHCR24,0.5353932
RNASET2,0.5353613
POLR2I,0.53534263
SNAP29,0.5353393
DCAF8,0.5353356
NANP,0.535315
MRPL30,0.5353053
DPH7,0.53530484
HOMER1,0.53528535
ZNF32,0.5352482
CPSF1,0.5352451
SECTM1,0.5352383
EXOSC5,0.53521454
COTL1,0.5352032
FNIP2,0.5351917
GNAO1,0.5351889
CEP170,0.53517437
DNAJB6,0.53514826
SCCPDH,0.5351263
MRPS2,0.5351177
ZNF304,0.53511703
PMVK,0.5350971
PTGER2,0.5350787
RPGRIP1L,0.53507847
PIK3CD,0.5350773
ECI2,0.53506017
GCFC2,0.5350452
LRIG1,0.53499585
MORC2,0.5349921
IGBP1,0.5349916
KCNJ14,0.5349881
POLRMT,0.5349794
ECSIT,0.53497326
HPSE,0.534949
CPE,0.5349283
SIAH2,0.5349239
ITGB5,0.53492
EME2,0.5348901
COX7A2L,0.5348225
TEP1,0.5348183
UBA7,0.5347804
CTDSP1,0.5347542
ZNF273,0.53472596
DEPDC1B,0.53471965
CNNM2,0.5346936
KCNMB3,0.5346893
CTPS2,0.5346621
NGLY1,0.5346244
ERCC6,0.534593
WBP4,0.5345825
CORO1C,0.5345708
SNRPG,0.53454036
PKN3,0.53453046
LPIN1,0.5345293
DMXL2,0.53452754
SRR,0.53451574
EHBP1,0.53451145
ZNF611,0.53450763
GBP2,0.5344932
DUSP4,0.5344885
NOL9,0.53443545
SMNDC1,0.53441644
PHLPP2,0.53439087
EMC8,0.53436446
TAP2,0.53436434
CYB5A,0.5343545
NDUFA13,0.534322
IFT57,0.53431636
ZNF573,0.5343
CKAP5,0.5342974
PNPLA2,0.5342714
HMG20A,0.534224
FGD1,0.53421116
COL12A1,0.53419936
LRPAP1,0.53418803
ME2,0.5341779
GATC,0.5341445
COL4A5,0.5341118
CSAD,0.53408796
CORO1A,0.5340715
DUS2,0.53406245
CHORDC1,0.5340284
COX6B1,0.53400964
MTRF1L,0.5339859
RBM7,0.5339853
PTPRU,0.53398395
LYPD6,0.5339679
RELT,0.5339346
FBXO8,0.5339345
POFUT2,0.53389454
DENND6A,0.53384036
CTDSP2,0.5338199
MSMO1,0.5337949
TRIM35,0.5337899
SPATA2,0.53378665
LRP10,0.5337784
TNFRSF10C,0.5337659
GNAI3,0.5337481
HSBP1,0.5337296
DDRGK1,0.5337201
PLB1,0.5336879
EXOSC6,0.5336752
NADSYN1,0.53366977
MOCS3,0.5336658
HENMT1,0.5336599
LRP1,0.5336419
IL2RB,0.5336268
POLG2,0.53362393
INPP1,0.53361934
GLUD1,0.53361034
SLC35D1,0.53359675
GALK1,0.5335965
MAP2K7,0.5335799
FBXO17,0.5335723
GALC,0.5335616
ZNF527,0.5335328
GGPS1,0.53350616
POLR3B,0.53349406
PLEKHG5,0.5334613
RUNDC3A,0.5334511
SEZ6L2,0.5334344
CPNE1,0.5334303
GON4L,0.5334171
NUF2,0.5334109
NMB,0.5333952
SNRNP27,0.5333661
PIK3R6,0.5333447
MYO1F,0.5332957
DOK4,0.5332743
INO80E,0.53321564
MED22,0.5331703
CYFIP1,0.5331645
WDR81,0.5331291
NTPCR,0.5330997
DENND3,0.5330804
CYSTM1,0.533078
PER3,0.53307486
ITGA2B,0.5330744
TRPC4,0.5330607
CHSY3,0.5330299
CTNNBL1,0.5330291
EFNA4,0.53302807
DSN1,0.5330152
NLRP1,0.5330042
MYLIP,0.53299224
DUSP14,0.5329739
CTDNEP1,0.5329337
TMEM17,0.5329313
ELMO1,0.5329295
PLD6,0.5329137
PLS1,0.5329105
IFIT5,0.5329013
FABP5,0.53289837
CYCS,0.532897
HSD17B8,0.53289324
SPTLC3,0.53285825
KRT17,0.5328371
EIF5,0.5328319
SORBS1,0.53282744
ZNF426,0.532817
DOCK5,0.53278714
MRPL20,0.53273135
MYLK4,0.532711
DNMBP,0.53269947
JDP2,0.5326991
GTF2E1,0.5326458
ST14,0.5326288
NCOA1,0.53258926
IRS1,0.5325654
LYPLA1,0.53255916
PCDHB10,0.53255457
SOCS3,0.5325481
TOR4A,0.5325419
MAD2L2,0.5325329
COG5,0.5325159
RAVER1,0.5325125
KCNIP2,0.5325067
CSNK1E,0.53238577
DCTD,0.5323625
CPSF6,0.5323296
LATS2,0.532315
PLIN2,0.53227985
FRS2,0.5322735
CTTNBP2NL,0.5322429
EFNB3,0.5322129
COL4A2,0.5322051
DHX37,0.53219336
TMEM107,0.532167
E2F6,0.53214264
NDUFB4,0.5320963
CDYL,0.5320858
GSPT2,0.53207463
FANCL,0.5320581
DVL2,0.53204674
LONP2,0.5320439
HBS1L,0.53202426
LGALS3BP,0.53201586
LTN1,0.5319806
SYCE2,0.5319575
GTPBP2,0.5319107
ZNF711,0.5318771
PLTP,0.5318683
ITFG2,0.53182495
ENO3,0.53182477
ZNF709,0.53178686
FNBP1L,0.53177506
CTBP1,0.53175235
NOP14,0.5317286
KREMEN1,0.53172725
DBT,0.53171986
CYTH3,0.5317058
RRAGC,0.5316842
FOXK1,0.5316812
CYB5R3,0.5316788
KIF23,0.5316552
GALNS,0.53165096
NUDT14,0.5315728
EMC9,0.5315438
JAG1,0.5315035
PMP22,0.5314988
RALB,0.5314837
IL11RA,0.53146243
DCUN1D2,0.5314488
DBF4,0.53144747
TSPAN12,0.53140867
RBPMS2,0.5313744
HLCS,0.53136283
PCDHGA6,0.5313497
JAM2,0.53134125
KIAA2013,0.5313004
SDC3,0.5312796
HOOK2,0.5312663
NDUFV3,0.5312565
ZNF18,0.5312317
DNAJC9,0.531231
DGKE,0.531225
DENND1B,0.53121024
MEGF8,0.5311871
EPHA1,0.53117514
CNOT2,0.53115904
DNAJB12,0.5311166
CYC1,0.531115
HIVEP3,0.5310941
PVR,0.53108907
CSGALNACT1,0.53108126
PRDM4,0.53104097
NLRP3,0.53101385
DNTTIP2,0.53097314
HSD11B2,0.5309296
DRG1,0.53091496
LRP2BP,0.530844
CSNK1G1,0.53084296
ING2,0.5308209
JOSD2,0.53080225
DENND4C,0.5307926
KCNMA1,0.53078794
GBA,0.53078556
LRRC47,0.5307787
PNKP,0.5307725
DTNB,0.5307635
COPA,0.53073734
MTMR14,0.5307257
LOXL2,0.5307178
KRBA1,0.53071326
PIGS,0.5306799
NT5C3B,0.53067106
ZNF140,0.5306568
DHX9,0.5306558
CUL1,0.53062314
FAM131B,0.5306206
TRIM46,0.5305828
GBP1,0.530581
FANCI,0.5305764
ZNF253,0.53057396
MPDU1,0.53054494
GAPVD1,0.53054446
DNAJC2,0.5305189
MLX,0.5304743
ELF2,0.5303821
TSEN54,0.530373
PLK4,0.5303584
SRD5A3,0.5303432
MAPRE2,0.5303337
MRPL38,0.53032637
CRABP2,0.5303078
PHKG1,0.5302996
DCAF5,0.5302867
LRFN3,0.5302349
HIPK1,0.5302341
CLIP1,0.5302265
NUP54,0.53018963
RAB32,0.5301851
PTPN22,0.5301347
SETMAR,0.530125
CSTF3,0.5301203
CLIC4,0.5300949
MRPS30,0.53006023
TREX1,0.53006023
MFSD12,0.5300532
TRIM36,0.5300455
GRAP2,0.53004074
FXYD6,0.53003705
FLII,0.53001505
STAM2,0.53000176
FUCA2,0.53000075
IFIT1,0.52997875
NPM3,0.5299535
DBI,0.5299221
EMC7,0.5298757
PHACTR1,0.52983934
KMT2B,0.5297979
PFDN6,0.5297887
MRPL48,0.5297793
THBS2,0.52977234
ZNF493,0.52976865
PDSS1,0.5297303
FRMD6,0.52972585
CSNK1D,0.5297185
LRRK2,0.5297081
DNAJC15,0.5296996
TP53RK,0.5296938
NFATC4,0.52968967
ERH,0.5296844
LAMB3,0.5296753
ISG20L2,0.529674
KCTD15,0.5296641
IL17RC,0.52965754
ITGAL,0.5296274
MRPS11,0.5296229
PIK3AP1,0.5295844
PLRG1,0.5295159
RNF14,0.5295124
GUCY1A2,0.52951205
MATK,0.5294996
GPN1,0.52949685
FUZ,0.5294699
ELMO2,0.52946854
SYP,0.52945256
CRTAP,0.52944726
DIABLO,0.5294268
DNAL1,0.5294098
NR5A2,0.52940756
GALNT7,0.5293847
ZNF550,0.5293355
DHX33,0.529292
TMEM186,0.52929157
UTP23,0.5292621
DOCK10,0.52923924
PRR5,0.5292354
STRIP2,0.5291259
PPP2R3A,0.52906334
ZFPM2,0.52905256
IMP3,0.5290486
GMIP,0.5290125
MAD2L1,0.52901155
EEFSEC,0.52900916
WDR83,0.5290087
PLCG2,0.52899444
GRHL1,0.52898175
TNFSF13B,0.5289751
MRPS9,0.5289329
GPKOW,0.5289306
CSNK1A1,0.52891546
MFAP3,0.5288944
CSNK1G3,0.5288855
TMC8,0.52884763
GTPBP4,0.5288214
FAM91A1,0.52881604
TXNL4B,0.52881074
NEO1,0.5288054
SKA1,0.5287816
SETD6,0.52875906
ZNF778,0.5287561
HCAR2,0.52874863
REXO2,0.52874076
NEB,0.5287406
PARP14,0.5287138
PLXND1,0.52869225
GNL2,0.5286796
HECA,0.52865875
DNAJC5,0.5286401
EXOC2,0.52863204
DKC1,0.52861625
SNX33,0.52861196
PPWD1,0.5286102
ZNF701,0.5285711
RORC,0.52856416
SNTA1,0.5285581
RASD2,0.5285466
DDX42,0.5284904
PTPRO,0.5284648
CSK,0.52845854
MANF,0.5284486
DCAF16,0.52844715
TMEM216,0.5284443
TRMT6,0.52843815
DYNC1LI1,0.52843684
EXOC1,0.52842546
GIT2,0.5284239
SERPINF1,0.52842146
XYLT1,0.528415
MAPK7,0.52840954
NCLN,0.5283925
TLR3,0.52838236
FZD8,0.5283646
POP1,0.52835363
ZNF19,0.528351
ZNF674,0.5283417
NOP2,0.5282576
PRPS2,0.5282399
EPS8L2,0.5282268
MRPS26,0.5282216
FBLN1,0.5282039
EIF2AK3,0.5281717
SWSAP1,0.52816504
ZNF486,0.5281629
DBF4B,0.528118
MRPS35,0.52811354
MAP2K3,0.5281014
RNH1,0.52802396
GSR,0.52799386
SPSB2,0.52799326
SUOX,0.52794623
COPZ1,0.5279169
ORC6,0.52783734
KIF3B,0.52781594
GEMIN7,0.527783
HSPA1B,0.5277647
MSL3,0.5277493
CNTLN,0.52767336
DPH5,0.52766746
ZNF354B,0.5276545
RAD50,0.5276531
DLG5,0.52764434
HIF1AN,0.5276387
EGR2,0.52763146
ST8SIA4,0.52761585
PIGQ,0.52760714
PDXP,0.52758205
OTUD3,0.5275803
TUBG2,0.5275575
DDX31,0.52754235
NELFA,0.52753955
DSG2,0.52753097
SURF1,0.5275242
RGP1,0.52750915
ECE1,0.5275091
CPEB3,0.527484
TAF1A,0.52747905
REEP4,0.527455
HEATR1,0.5274509
NLE1,0.5274079
FOXP4,0.52739686
USP35,0.5273848
FAIM,0.5273553
RNF125,0.527355
CUL3,0.5273494
LNPEP,0.52730453
DHTKD1,0.5272845
DDX24,0.5272779
D2HGDH,0.5272511
NIF3L1,0.5272433
SIRT3,0.5272412
PIK3R5,0.5272392
HSD11B1L,0.5272292
PABPC1L,0.5272271
LIN54,0.5271679
TBKBP1,0.52712387
LAMC3,0.52709484
WHAMM,0.5270932
CYTH1,0.5270878
SPDYA,0.52707946
WNT5B,0.52707446
MGAT4B,0.5270683
DSTN,0.52706784
IL2RA,0.5270631
SLC35A2,0.5270569
ZNF620,0.5270131
NT5E,0.52698606
GTSE1,0.52698237
PRKD1,0.5269778
FOXF1,0.52696675
FAM110A,0.52696097
FBXL7,0.5269499
GYPC,0.52691734
PCBP4,0.5269035
MTMR1,0.52689815
LIMS2,0.5268876
NOB1,0.52688277
KRT5,0.5268501
HDAC5,0.5268286
SYNGR1,0.52682346
PAF1,0.5268221
RAB3IL1,0.52680653
N6AMT1,0.52679574
DDOST,0.5267799
SIRT5,0.5267783
DUSP2,0.52676743
FAHD2A,0.526723
KATNAL1,0.52671313
ZNF136,0.5267033
UTP3,0.52665854
HHAT,0.526655
MOGS,0.526637
PCGF1,0.5266304
DEPDC1,0.526627
ENOPH1,0.52660096
EIF2AK1,0.52659845
MARK4,0.526555
TAF5,0.52653307
KIDINS220,0.5265188
IFT88,0.5265147
GTF3C3,0.5264438
IPP,0.5264342
DPF2,0.52642596
LSG1,0.5264157
MRPS12,0.52640885
NT5C3A,0.526384
IMP4,0.52629673
MAN1A1,0.52628803
NEU3,0.52628684
LIG1,0.52626914
DUSP16,0.5262559
HNMT,0.5262446
NUAK1,0.5262376
ZNF57,0.5262216
IL4I1,0.52620983
HSPA1L,0.5261956
LEMD2,0.52617425
EPB41L3,0.5261683
EIF3K,0.52615803
LYPD3,0.5261571
KCNAB1,0.5261461
NAA10,0.5261179
GPR161,0.5261131
NMI,0.5261063
EHMT2,0.5260943
MMADHC,0.5260941
IFT80,0.52608055
ZNF135,0.52607244
DFFA,0.5260511
RAD51D,0.52604663
ZNF615,0.5260367
NPL,0.5260235
GPD1L,0.52602315
MAFG,0.52597284
FOXRED2,0.52597225
PRMT6,0.5259645
GALNT11,0.5259541
MSRB3,0.52594
IRF3,0.5259361
SNTB1,0.52593285
DLGAP4,0.5259258
SCNN1D,0.52590996
PCDHB15,0.52587986
HCFC2,0.52586657
STXBP2,0.52585536
TRIM6,0.525842
MOCS1,0.52582145
KLHL12,0.5258182
FAF2,0.5257993
CXXC5,0.5257965
MIS18A,0.5257949
POMT1,0.5257928
NIPSNAP3A,0.5257738
LIG3,0.52572495
DHX36,0.52571666
SCN1B,0.5256846
OPLAH,0.52567416
GPX8,0.52567375
CSE1L,0.5256499
MRPS7,0.52563804
KCND1,0.5256165
FBXO32,0.5256055
CYB5B,0.5256031
SEMA6B,0.52559584
DENND4B,0.5255862
KIF18A,0.52558184
ZNF200,0.5255762
DCUN1D4,0.52556014
DNAJC10,0.5255549
ICAM2,0.52547336
EIF3M,0.525472
DZIP1,0.52544916
HEXIM2,0.52544075
KIF17,0.5254147
EPC1,0.5254085
OPN3,0.5254068
GSTM4,0.5254028
PNPLA6,0.5253959
ZNF823,0.5253958
GPS1,0.52538794
MYL5,0.5253645
HOXB3,0.52536213
DOT1L,0.52535796
PHF1,0.5253449
ZNF467,0.525338
MICA,0.52530444
PLCD1,0.5252936
PLXNB3,0.525284
IL15,0.5252514
NDRG3,0.525233
DCTN5,0.5252108
EZH1,0.52516955
NOL7,0.5251614
FBXL17,0.5251525
LRP3,0.5251268
RANBP6,0.5251206
ZNF14,0.525109
NHLRC3,0.5250968
PACSIN3,0.5250921
FAM120B,0.5250629
MED25,0.52505887
DLGAP5,0.52503985
FGD4,0.52502525
RASGEF1A,0.5250008
TNFSF13,0.5249754
NEMF,0.5249742
IDE,0.52495545
OXTR,0.524931
ITSN2,0.5249292
ZNF333,0.5249228
RPP25L,0.52491707
GYG1,0.5248983
MED11,0.5248774
MRPL17,0.5248714
IFNGR1,0.524863
TUBA8,0.5248507
LTB,0.5248315
KIF20A,0.524818
GNPTAB,0.52480257
GNG11,0.524772
TXK,0.52476954
NDUFAF7,0.52475935
DCUN1D5,0.5247359
INPP5D,0.5247309
GTF3C2,0.52472794
TGFB1I1,0.52472746
LIMK1,0.5247079
EIF4ENIF1,0.52469444
EGLN3,0.5246755
NDUFS3,0.5246471
PIGP,0.52456295
TNFRSF25,0.5245431
EPN2,0.52452683
CTDSPL,0.52451265
IL15RA,0.5245017
GMPPB,0.52449995
LNX1,0.524484
FUT4,0.5244781
STAT4,0.5244753
RIOK1,0.524415
ZNF416,0.5244119
LEMD3,0.5243473
DNAJC11,0.5243358
DDX23,0.52433276
DNAJB4,0.5242431
PITX1,0.5242264
FAM98A,0.52419853
NUP37,0.5241892
DDX55,0.52416945
ZNF132,0.5241397
TP53I3,0.52413404
EHD2,0.524134
MVB12B,0.5241305
OASL,0.5241176
ZNF790,0.52409625
CWC27,0.5240697
MEPCE,0.52404755
ZNF569,0.5240427
DNA2,0.52402836
SARM1,0.52398145
EDC3,0.52397925
ECHDC1,0.5239685
RHOJ,0.5239577
MRPS31,0.52395207
SHC2,0.5239342
SPRTN,0.5239272
FZD7,0.5239178
HDAC7,0.5239163
DYNC1LI2,0.52391094
NOC4L,0.5239057
IQSEC1,0.52386725
RIN3,0.5238613
F2R,0.5238467
DHCR7,0.52384585
KIF13B,0.5238452
FBXW2,0.5238428
MAPK8IP3,0.52383417
KIAA0513,0.52383345
GNB2,0.5238035
IFNAR1,0.5237985
IDS,0.5237865
LGALS9,0.52378327
GTF2A2,0.5237803
EEF1E1,0.5237775
EEF2K,0.5237525
SMARCD3,0.5237432
LPIN2,0.5237043
SRPX2,0.5236939
PNKD,0.523682
HLTF,0.52365714
EXO1,0.5236555
DNM1,0.523629
ZNF283,0.5236271
EVL,0.5236121
HPS5,0.5236039
PIGB,0.52360237
FAH,0.5235635
TIMM21,0.52353543
PDK3,0.52353024
MED4,0.52352124
FBXL4,0.5235182
PHKA1,0.5235027
DSP,0.52349347
VARS2,0.5234638
NRN1,0.5234419
PTGIR,0.52342594
FBXL3,0.5234067
GDI1,0.5234016
FRS3,0.52338904
MATN3,0.5233766
RNF113A,0.5233661
HELQ,0.523351
PARP12,0.523338
DAP3,0.52332276
USHBP1,0.5233117
FUCA1,0.52330834
REPS2,0.5232773
PDE4C,0.52326226
HDAC10,0.5232622
GGT7,0.52325004
SMG8,0.5232468
ZNF433,0.5232374
RNF152,0.52323157
NR1H2,0.52321434
GOLM1,0.5232039
SLC44A4,0.5232026
KIFC1,0.52320117
MFAP1,0.52319974
ZNF836,0.52317214
ZNF773,0.52317137
MIF4GD,0.52315444
MBTPS1,0.5231532
GIMAP8,0.5231506
GRHPR,0.5231368
IRAK3,0.5231313
DAZAP1,0.52311337
POLR3C,0.5230877
EXOSC7,0.52307713
ESRP2,0.52306056
RAB11FIP5,0.523044
DCAF7,0.523019
ECH1,0.52301145
MRPS18A,0.522932
RIPK1,0.52292234
FECH,0.5229137
SVIP,0.52289873
HARS2,0.5228973
RTN4IP1,0.52289045
GPR89A,0.52288085
ICAM1,0.522873
PPP1R3D,0.52284145
DTNBP1,0.52283907
IVD,0.52282333
POLR2K,0.52280724
ZNF69,0.5227978
EIF2B1,0.5227779
MANEA,0.5227711
GTF2A1,0.52277
EXOSC10,0.52276295
ZNF354C,0.52274334
ZNF225,0.52273417
SLC44A3,0.522723
HADH,0.52271026
FCF1,0.52270275
ZNF222,0.5227006
ISY1,0.52268624
NOL11,0.5226779
TPRKB,0.522665
FAM220A,0.52265906
PCDHB3,0.52265817
FDX1,0.52265114
LRFN4,0.52265
HERC3,0.52260745
PAM16,0.52260435
LMTK2,0.52260405
SGPP2,0.52258927
SDSL,0.5225776
DNAJA1,0.5225761
DDX46,0.52257013
CSPP1,0.5225443
NME7,0.5225442
PLAT,0.5225302
ELAC2,0.5225286
KDELR3,0.52248484
GTF2F1,0.52248204
ZNF415,0.52248144
DLD,0.5224573
EFTUD2,0.5224565
HSPA6,0.5224387
HMMR,0.5224168
RCE1,0.52241397
VCPKMT,0.52241385
SLC9A3R2,0.5224137
SLC1A3,0.5223893
GRPEL2,0.52236485
MED16,0.522356
LAP3,0.52235115
FGFRL1,0.52232623
SLC27A4,0.52229387
PDPN,0.52229077
ULK3,0.5222847
DR1,0.5222566
GATM,0.5222503
IL17RB,0.52223456
ITGA5,0.52219063
RIOK2,0.5221551
PI4K2B,0.52211475
MTMR9,0.52211267
NAGLU,0.5220911
TESK1,0.5220911
MAPK3,0.522077
GMPPA,0.5220697
ZNF490,0.5220591
INSIG1,0.52201146
NOL12,0.5220098
PGM2L1,0.52197975
GEMIN5,0.52195615
MAP2K6,0.5219468
ZNF442,0.5219464
ZNF671,0.52191544
MYO6,0.5218948
PDE6D,0.52189153
GNL3L,0.52188194
HCK,0.52187806
DDX10,0.5218713
GAN,0.52185166
PLP2,0.52184856
LMAN2L,0.5218445
MAP4K1,0.52183336
ZNF141,0.52183056
ENG,0.5218289
RCAN3,0.5218118
HAUS6,0.52180886
MKNK1,0.5217775
TIMM8A,0.5217661
LIN52,0.52175736
ZNF443,0.5217476
FEM1B,0.5217376
TMEM67,0.5217288
SLC2A8,0.521701
NOL6,0.5216821
MIEF2,0.5216672
RPL7,0.52162576
KBTBD7,0.5216228
MON1A,0.5215831
NOD1,0.5215752
NRL,0.52157426
WNT9A,0.5215714
MMP17,0.5215669
TNFSF12,0.5215466
ZNF175,0.5215312
ZNF470,0.5215268
THSD1,0.5215243
MGAT2,0.5215191
PLK3,0.5215013
FBLIM1,0.5214788
NDUFB1,0.5214788
DAB2IP,0.52144235
SGSH,0.52144146
GNA15,0.52142733
NTN1,0.52139986
HAVCR2,0.52139145
NFKB1,0.5213853
RNF181,0.5213802
MPP2,0.5213635
HOXB7,0.52134675
GAS8,0.52129066
GAK,0.521283
METTL7A,0.521265
IRF2BP2,0.52125496
PIP5KL1,0.5212326
KCNC4,0.52122575
KTI12,0.5212253
DNAJC1,0.52120066
LIPE,0.52119833
ZNF517,0.5211886
PPM1K,0.5211805
IL21R,0.5211723
EVC,0.5211625
EMD,0.5211456
NAE1,0.5211448
RGS16,0.5211428
SMAD9,0.5211299
PEX1,0.5211195
SCIN,0.5211036
NR4A1,0.52109313
FEZ2,0.5210722
EIF2AK2,0.5210663
GIPC1,0.5210658
TBC1D10A,0.5210624
PANX2,0.5210589
DLG3,0.5210587
FLOT2,0.5210559
GLCE,0.5210436
NXF1,0.52102363
FZR1,0.52098894
EXPH5,0.5209868
MTMR4,0.52096826
PTGS1,0.520963
ETFA,0.5209608
POLI,0.52095205
ZNF793,0.52094823
NANS,0.5209469
DYNC2H1,0.52093095
LEPROT,0.5209219
MANBA,0.5209151
GTF3C4,0.52090687
LTBP3,0.52089626
HAUS2,0.52088517
NOP16,0.5208593
ZNF419,0.5208167
ROBO3,0.5208005
SCNM1,0.5207962
TBXAS1,0.5207945
SYTL4,0.52079177
LAG3,0.52077746
PILRA,0.52077556
KCTD1,0.5207564
NR2C1,0.5207555
ZFP69B,0.520754
STRADB,0.52071583
PRKAG2,0.52071124
HSPA4L,0.5207036
GTPBP3,0.5207025
RCAN1,0.52069783
RWDD3,0.52069247
SSH3,0.5206856
DNM1L,0.52067447
EIF2B5,0.5206629
MRM1,0.52065724
GNG12,0.5206416
ZNF543,0.5206381
F2RL1,0.52062756
MYO15A,0.5206157
PDK4,0.5206126
ERAL1,0.52060723
MRPS34,0.520605
NFYB,0.520602
KLHL11,0.5206016
IFI16,0.5205551
TRPV2,0.52053237
SGCB,0.52053046
MPG,0.52051884
NUBP1,0.52051866
HLA-DOA,0.52050906
FAN1,0.5205079
EFEMP1,0.5205024
FARSA,0.5204873
RHOU,0.52045244
ZNF418,0.52043253
EEA1,0.52042645
ITM2B,0.52041936
DGKH,0.5203503
RASGRP2,0.52034366
LRSAM1,0.5203381
GBA2,0.5203043
FBXW4,0.5203041
HERPUD1,0.52030057
TRIM3,0.52028877
ZNF347,0.520254
TPMT,0.52024
DIS3L2,0.5202347
EXOSC2,0.52023435
EIF2B3,0.5202183
HOXB2,0.520204
STX11,0.5201907
NRBF2,0.52017343
RDH10,0.52012587
GNG5,0.5200971
PLK2,0.52009225
LINGO1,0.5200654
EIF4A3,0.5200448
SNAPC1,0.5200398
PLA2G12A,0.520039
DDX21,0.5200316
NLGN3,0.5200287
MCRS1,0.52002156
PSME2,0.52001685
GID8,0.52000666
PLCH2,0.5200041
ZFP1,0.52000266
POU2F2,0.52000016
FLAD1,0.5199997
KANSL2,0.519997
HOXA10,0.519965
EHD1,0.51996213
RMDN2,0.5199552
NDUFA6,0.519948
MAP9,0.5199409
GFPT1,0.5199228
LPIN3,0.51991254
FBXL20,0.51990104
ITGA11,0.5198966
KIF15,0.51988685
IL10RB,0.51985484
TRPM2,0.51985145
GPATCH1,0.51984113
VPS37D,0.5198341
FIBP,0.5198172
NCEH1,0.5197909
MZT1,0.5197882
IFT140,0.51977396
TRIM68,0.51976424
OMA1,0.5197371
TMEM176A,0.5197296
KLHL5,0.5197167
ESYT1,0.5197008
GCA,0.51969177
DYNLL1,0.51966673
SLC40A1,0.5196612
PIP4K2C,0.51965976
MZF1,0.519656
PEX11A,0.51964813
RSAD2,0.51961523
RAB25,0.51959693
NUB1,0.5195968
ZNF350,0.51959014
EPN1,0.51958925
LOXL3,0.5195879
MYBL1,0.51954806
NUDT16,0.51953864
RHBDF1,0.51951754
IRF8,0.5194739
KHDRBS3,0.5194517
ZNF506,0.5194432
LPL,0.5194319
PCYT1A,0.51942897
RNF135,0.51942605
DPYSL2,0.5194259
GDE1,0.51940966
MT2A,0.5193988
ZNF439,0.5193689
RAB3IP,0.51936865
GANC,0.51936567
OAT,0.51934963
ZNF112,0.5193221
FBXO2,0.5192985
H6PD,0.519292
RIPK2,0.51927686
FYTTD1,0.51927155
SERPINB8,0.51924866
PRICKLE1,0.5192029
INPP4B,0.51919496
HSPA13,0.51919425
RPP21,0.51917523
TPRN,0.51917183
DNAJC13,0.51917005
TCTN2,0.5191688
HIP1R,0.51915157
RAG1,0.5191498
HEXA,0.51913345
GABPB2,0.5191105
TEFM,0.51908606
MAN1C1,0.519067
ZNF549,0.519054
KIF27,0.5190366
TGFB3,0.51899135
TAF9B,0.5189653
NOL3,0.51896465
PNPLA7,0.51896393
ITGB6,0.51896113
PKP1,0.51894444
ORMDL1,0.5189396
GGA1,0.5189394
FASTKD2,0.5189334
DTL,0.51892716
IFNAR2,0.518921
PSENEN,0.518906
WDR5B,0.5189046
FAM168B,0.51889676
RPL21,0.51889306
MGAT3,0.5188524
NPRL2,0.5188461
MSX2,0.51884264
PRPF4,0.51882976
GNL1,0.51882803
ICMT,0.51882184
SHF,0.5188162
NDUFAF5,0.51881367
GOSR1,0.5188133
FMNL1,0.51880825
SAT2,0.5187931
TFAP2E,0.5187773
ESRRA,0.5187766
SHPK,0.51869535
PLXNC1,0.51869506
NXT2,0.51864964
DNAJC24,0.5186266
SPON2,0.5185792
GLRX5,0.51857686
ZNF324B,0.518574
FXR2,0.5185572
NR4A3,0.51852137
ZNF846,0.5185145
SLC25A14,0.5185115
NUDT19,0.5184908
GAS2L1,0.5184898
PITRM1,0.5184727
ZNF17,0.51847017
MRPL1,0.5184693
NDUFS7,0.5184542
HIRA,0.51845145
SLC4A11,0.51844555
E2F7,0.5184388
EPB41L1,0.51843673
GPSM1,0.51841104
NECAP2,0.5184011
ZNF528,0.5183895
TIMP3,0.51837504
EIF6,0.51835907
NDUFAF3,0.5183375
TMEM115,0.51832557
PI4K2A,0.51831675
SFN,0.51830745
ZNF577,0.51829576
TBC1D10C,0.51829463
EIF2A,0.5182928
MAP3K6,0.51827747
MRPS24,0.518275
RND1,0.51826847
RAB24,0.5182616
PEX7,0.51826084
ELP5,0.5182306
FBXO5,0.51821464
EI24,0.5181605
PPARA,0.5181539
DOCK4,0.51814413
ELOVL1,0.5181426
MRPL21,0.5181404
GDF11,0.51813585
PDK2,0.5181206
FAM98B,0.5181104
TNFSF10,0.5180831
SELPLG,0.5180795
INO80D,0.51807815
MARS2,0.51805496
NEK2,0.51804763
MPP1,0.5180046
GMPR,0.517996
TRIM45,0.5179718
EGLN2,0.5179693
PAFAH1B3,0.5179591
POLR3G,0.5179305
MTMR7,0.5179133
GEMIN8,0.5178787
ETFB,0.51785696
PYCARD,0.5178033
MMAA,0.51780206
NDUFA11,0.51777905
MYSM1,0.51776636
IPO13,0.51775974
EMC10,0.51775974
PAGR1,0.5177524
IL17RD,0.51774585
SPR,0.5177391
GCC1,0.51773405
MRPS28,0.5177274
FLOT1,0.5177136
STX10,0.51767385
EIF4E2,0.5176657
ELP2,0.5176563
FIG4,0.51765406
METTL14,0.51765305
RPGR,0.5176506
PDCL,0.5176423
ZNF567,0.5176175
RENBP,0.51760656
SPICE1,0.5176049
GABPB1,0.5176001
FGF11,0.51759934
PEX11G,0.5175865
EXTL3,0.5175861
SURF2,0.5175728
PANX1,0.5175727
KATNBL1,0.51753277
LAMA4,0.5175249
ZNF530,0.5175154
KLHL3,0.5175119
LDLRAP1,0.51750886
LCMT1,0.5175079
PELI3,0.5174965
NDC80,0.5174939
KCNN3,0.5174891
ZNF699,0.51748025
LPCAT3,0.5174796
ZKSCAN4,0.517479
SGIP1,0.5174737
MLF1,0.5174651
PAQR5,0.5174529
RNF144A,0.517421
LRRC49,0.51741946
TRADD,0.5174186
MCUR1,0.5174185
L3HYPDH,0.5174064
MRPL2,0.51740617
RELL2,0.5173864
EIF3J,0.5173823
SERPINF2,0.5173821
ENTPD4,0.51738006
PYGO1,0.5173752
EIF2S2,0.5173602
FBXW5,0.5173203
SLC30A1,0.5173067
MYO7A,0.51730055
RCAN2,0.5172989
ZKSCAN7,0.51729816
FKBP2,0.5172808
FBXO10,0.5172652
SULF1,0.51726353
FUT8,0.5172537
STX1A,0.5172529
EIF3G,0.51724523
IL4R,0.51723766
EXOC7,0.51723385
FBXO21,0.5172314
LAMB2,0.51722926
NOSIP,0.5172246
PLCD4,0.517214
GTF2H4,0.5172016
ZNF546,0.5171939
FANCB,0.51719177
NAF1,0.51717466
PPP1R13B,0.5171644
SPATA2L,0.5171582
DNAJC8,0.5171562
RAB20,0.51715505
NPHP3,0.51713854
PKP3,0.51713073
IRAK2,0.5170837
ZNF641,0.5170778
DNM3,0.5170776
ITGB1BP1,0.5170748
HEXB,0.5170683
EMB,0.5170618
ZNF284,0.51705873
METTL4,0.51705307
NEU1,0.5169993
MAPK11,0.51699793
TLR6,0.5169882
NMT2,0.51698244
PEX10,0.5169814
USP43,0.5169748
RASGRP3,0.5169699
METTL3,0.51696944
MLH3,0.51696295
SLC30A4,0.51695395
PPID,0.51693684
SDHAF1,0.51691675
KIF3C,0.5169092
ZNF626,0.5169016
SLC18A2,0.5168808
IK,0.5168482
ZNF600,0.5168479
HPRT1,0.5168406
RPL36A,0.5168105
FAM126A,0.51680964
TRPV4,0.5167806
GNPAT,0.5167726
IFNGR2,0.5167662
KRBOX4,0.51675993
EIF2AK4,0.5167525
MTMR10,0.5167231
LCMT2,0.51671296
NAPB,0.5167099
PICK1,0.5166821
EMC2,0.5166676
POMGNT2,0.5166615
SPAG4,0.51664436
GNAL,0.51663834
HYPK,0.5166339
KANK2,0.51662356
SMOX,0.51661336
LAT2,0.51660687
PDCD7,0.5165905
GUSB,0.51656777
FANCM,0.5165666
ZNF461,0.51656586
NID2,0.516552
RETSAT,0.51653266
SHB,0.5165018
NPDC1,0.5164888
GPN3,0.51648146
SMPDL3A,0.5164784
NCKAP1L,0.516477
PIGC,0.5164666
SEMA5A,0.5164619
EXOC6,0.51646125
NAPEPLD,0.51644623
MICAL2,0.51644164
LRP12,0.51643336
RASSF5,0.5164287
RABGGTA,0.5163998
IWS1,0.516387
GPSM3,0.5163804
NRCAM,0.51637983
IGFBP7,0.51637757
NHEJ1,0.5163667
GSTA4,0.51632595
MRPL44,0.51632464
SH2D3A,0.516314
FAM8A1,0.51626444
IFT46,0.5162386
INPP5F,0.51623464
FBXL18,0.5162297
SLC22A17,0.5161939
PAFAH2,0.51618195
TRIM39,0.51615477
PLOD3,0.51614124
HTRA2,0.5161117
TCEAL1,0.5160804
FBXO31,0.5160779
LZTFL1,0.5160724
KPNA5,0.51607066
SGK3,0.5160664
PSTK,0.5160524
ZNF684,0.5160518
TTC26,0.5160445
IFT74,0.5160208
MRPL9,0.5160084
SYT11,0.51600647
GDPD5,0.5159907
SLC39A4,0.5159843
FBXO7,0.5159795
RNF103,0.5159767
MLYCD,0.5159741
EXOC3,0.51597303
PPFIA4,0.5159705
GRN,0.51596016
SNAPC2,0.51595664
LPCAT2,0.51595634
LIG4,0.5159554
GNPTG,0.5159509
RRAGB,0.5159315
HDAC6,0.5159195
FEM1A,0.5159174
TLR7,0.5159171
PANK4,0.5159149
KIF7,0.5159107
NSUN6,0.5159051
RILP,0.51590186
ZNF2,0.5158907
MGST3,0.5158792
HOXA5,0.5158786
FNDC5,0.5158335
ZNF614,0.5158298
MECR,0.5158169
PTPN21,0.5158158
DLST,0.5158129
KCNK5,0.5157779
MCAT,0.5157614
INPP5E,0.5157609
PHKG2,0.51575536
S1PR1,0.5157426
IL13RA1,0.5157371
ZNF774,0.5157265
POGLUT1,0.51572585
RP2,0.5157186
WNT2B,0.5157181
MRPL53,0.51571655
IKZF4,0.5157136
FERMT3,0.5156958
ERLIN2,0.5156864
HEBP1,0.5156855
PDZD11,0.5156759
TOR1B,0.51566875
MRPS15,0.5156613
PIGA,0.515652
LRP4,0.51564056
EPHB2,0.5156325
ELP6,0.5156243
RGS19,0.5156176
EPAS1,0.51561105
ICAM3,0.51559937
ERGIC2,0.5155923
NDST2,0.5155866
IPO4,0.51557845
PAN2,0.5155756
HOMER2,0.51556844
SLC35A1,0.51555765
EXOSC9,0.51555383
IRAK4,0.51555085
SPTBN4,0.5155439
NOL8,0.5155438
S1PR4,0.5155199
TDRKH,0.51551634
FYCO1,0.51551193
PRKAR2B,0.51550025
RGS2,0.5154941
POLE2,0.51549315
ZNF555,0.51549184
TMEM187,0.51548064
PAG1,0.5154788
IPO8,0.5154722
FAT4,0.5154709
GRAP,0.5154697
MTX1,0.51546556
MST1,0.5154619
RAD51C,0.5154609
FBXO41,0.5154558
PRX,0.515453
ERF,0.5154504
EIF2D,0.5154394
NPC1,0.5154381
MPI,0.51543605
MED21,0.515409
VAMP4,0.5154034
FBXL19,0.51539433
NR4A2,0.5153896
MRPL54,0.51538205
PRPF31,0.51537585
HSD17B10,0.51536757
SNX18,0.51536644
MAP3K5,0.5153645
NR1D1,0.515364
GEMIN4,0.5153606
MPHOSPH6,0.5153491
HRH1,0.5153456
SARDH,0.5153165
KALRN,0.5153089
NDUFAF1,0.5152966
G6PD,0.51529604
SLC27A2,0.5152938
GAA,0.5152824
EIF5B,0.5152713
METTL21A,0.51526815
EIF2S1,0.5152533
GGH,0.5152523
SMPD2,0.5152509
NELFE,0.5152432
ING1,0.5152191
RAB42,0.51521546
PIGW,0.5152003
MOSPD2,0.5151946
TTC30A,0.515185
GNB4,0.5151764
GK5,0.515172
GPANK1,0.5151716
EXOC5,0.5151548
PAQR3,0.5151538
ZNF221,0.51515025
MFN1,0.5151491
FNTA,0.515144
GFER,0.51513964
HSD17B7,0.5151387
SLC22A4,0.5151378
HOMER3,0.51512426
MRPL50,0.51511765
S100A3,0.5151129
PECR,0.5151116
NFKBIL1,0.5151007
RPP40,0.5150954
RHPN2,0.51507765
ENO2,0.5150769
THAP1,0.51507246
RTN4R,0.5150548
GGCT,0.51505184
SEMA6C,0.5150451
KCNN4,0.51501894
INIP,0.5150169
KCNQ1,0.51500714
FBXL5,0.5150053
GNPDA1,0.5150044
IL10RA,0.51499957
ERRFI1,0.51498675
SYDE1,0.5149852
ZKSCAN3,0.51495296
FPGS,0.51494396
HTATSF1,0.514942
KIF21B,0.5149417
PBLD,0.51494056
RARB,0.51493764
LIN9,0.5148954
KPTN,0.51487
LSM11,0.5148623
GMEB1,0.51486117
PDLIM2,0.5148606
MAP3K9,0.5148587
PCYT2,0.514846
KIF3A,0.5148459
MAFF,0.51484406
ZNF71,0.51483625
GCLC,0.51481485
ITGA1,0.51480186
GID4,0.5148002
RPP38,0.5147484
KIF26B,0.51474726
RBAK,0.51473445
HOXA3,0.5147344
PLEKHG6,0.51473343
PMM1,0.5147291
PPFIA3,0.5147274
SYTL1,0.51472384
PEX3,0.51471114
OAS3,0.5147108
SYNE3,0.51470965
KLC2,0.51470906
JMY,0.51468366
ZNF429,0.51466626
MASTL,0.514653
RIN1,0.51465225
TBC1D25,0.5146472
PPP1R3B,0.5146198
FBXO9,0.514618
UBE2D4,0.5146066
IL18BP,0.5145827
NAA20,0.5145518
LPCAT4,0.5145381
TBC1D8B,0.51453626
TEK,0.51452845
MX2,0.5145283
NGDN,0.5145281
RASGRF2,0.5145009
SAP30,0.51449484
GNPDA2,0.51449215
FIS1,0.5144805
MED17,0.5144779
ZNF764,0.51447326
IDH3B,0.5144728
POMK,0.51446545
PSMA2,0.51446193
U2AF1L4,0.51445454
MAT2B,0.5144479
NUDT9,0.5144415
EXOSC1,0.5144348
PARP9,0.51443046
RPF1,0.5144191
GNB5,0.51441896
FMNL3,0.5144185
ZNF383,0.5144114
GSTK1,0.51440364
PRRT2,0.514397
HMGCL,0.51438606
INO80C,0.5143699
IL1RAP,0.5143684
RAB40B,0.5143559
MFAP2,0.5143552
MARVELD3,0.5143424
FAM110B,0.51431227
MRPL16,0.5143095
NLRX1,0.51430404
PIGM,0.5143036
FBXL2,0.51430106
RINL,0.51428056
SLIT3,0.5142735
GDAP1,0.5142729
GAB1,0.51426375
RAPGEF4,0.51426375
IMPA1,0.51425797
SEPSECS,0.51425046
HMG20B,0.5142443
TTC12,0.51423395
ITPA,0.5142221
PCYOX1L,0.51421314
RGCC,0.5142047
IKBKG,0.51420444
RECK,0.5142001
SMPD1,0.5141799
MRPL19,0.51417154
HACL1,0.51416755
NEK8,0.51413774
PKIA,0.51413566
MAP1S,0.5141213
FBXO30,0.5141124
RBMX2,0.5141048
FARP2,0.5141026
OCLN,0.5140945
NIP7,0.5140754
NEIL2,0.51407397
PORCN,0.514072
RAB37,0.5140688
EMC1,0.51406384
PLD2,0.51405734
FKBP15,0.5140561
PDCD5,0.5140464
RAPGEF5,0.5140307
PGAP3,0.5140187
NAMPT,0.5140155
FZD4,0.51401275
ERCC8,0.51400197
EPHB4,0.51397115
PAK1IP1,0.5139657
GPN2,0.5139583
ERI1,0.5139568
KAT5,0.51395077
PNO1,0.5139476
REEP2,0.5139314
SEMA4F,0.51392615
NFYA,0.5139236
NDUFAF4,0.5139229
KIF26A,0.5139196
STK11IP,0.5139162
FBXO38,0.51391196
PRPF18,0.5139082
NSMAF,0.5139027
RNF6,0.5138928
PPT2,0.51387995
NADK2,0.51387817
GALK2,0.5138678
GTF2H1,0.51385957
NFRKB,0.5138501
MBTPS2,0.51385003
NT5C,0.5138464
PER2,0.51383096
LATS1,0.5138278
TGM2,0.51382333
PGM2,0.5138003
RBBP9,0.5137562
TNXB,0.5137556
RABEP2,0.51375353
SYTL2,0.5137412
PREX2,0.51373243
ITPKC,0.5137299
GLRX,0.5137294
ESD,0.5137285
ISCA2,0.51372826
NKIRAS1,0.5137248
FOXRED1,0.51372206
PINK1,0.51371783
KRT80,0.51370484
GPC1,0.5137013
ZNF354A,0.5136935
HMGXB4,0.5136792
POLE4,0.51367104
PAK6,0.51366913
PPFIBP2,0.51366496
PEX11B,0.51365
PTN,0.51364595
LRRC40,0.51364416
PTAFR,0.5136314
EIF4EBP1,0.5136313
MOK,0.51361686
NDRG2,0.5136078
MSRB2,0.51358515
HIGD1A,0.51357144
PCDH18,0.5135672
IFI35,0.51356405
NTN4,0.5135556
NEIL1,0.5135479
NFKBIB,0.5135471
FKBP3,0.51354706
LSM5,0.5135369
HELB,0.51353633
RAB3D,0.5135317
SEC31B,0.5135303
HAT1,0.5135298
GABBR1,0.51352686
RABL2B,0.5135109
NUDT16L1,0.5135101
NOMO2,0.5134815
RNF25,0.51347464
MXD1,0.5134587
LTBR,0.51345354
IRF1,0.513453
HSCB,0.51345205
LRR1,0.5134498
PTS,0.51344746
RBM45,0.51344687
PARS2,0.51344645
SLC7A7,0.51344585
GPCPD1,0.51344454
MYO5B,0.51343465
HAUS4,0.5134314
PLEKHG2,0.5134294
ZNF256,0.51341534
MUC3A,0.5134115
MLKL,0.5134035
EHD4,0.51339054
SEMA5B,0.5133802
HELZ2,0.5133765
ELF1,0.51337314
MRPS36,0.51336575
NDUFB8,0.5133567
SLC27A1,0.5133555
PTH1R,0.5133553
NDUFA9,0.51334643
HNRNPUL2,0.5133393
TGM1,0.51333696
MED9,0.5133331
HBP1,0.51333266
PHLDA3,0.51332945
LAMC2,0.5133273
SEC11C,0.5133259
FOSL2,0.5133132
PCDH1,0.51328826
HADHB,0.51327604
GADD45B,0.51327187
LMF2,0.5132646
NSDHL,0.51325506
MRPL47,0.5132422
JMJD6,0.51323986
MED23,0.51323336
PJA1,0.51323277
RABL2A,0.51322836
NTM,0.5132282
KLHL20,0.51321274
SIGIRR,0.51320684
KLHL22,0.5132034
PTPRN2,0.5132
LTB4R,0.5131884
NFKBIZ,0.51318794
NME3,0.51318645
NDUFA3,0.51318103
LMOD1,0.5131742
HSPB11,0.5131681
INTU,0.5131668
PBDC1,0.5131515
MBP,0.5131509
ITGA2,0.513146
TRPC6,0.51314354
GPSM2,0.5131425
PTGER4,0.5131176
NAIF1,0.5130929
GRK6,0.5130765
MCCC1,0.5130639
PDCL3,0.5130552
LIPA,0.51305497
FCHO2,0.513048
GTF2H3,0.5130475
GRWD1,0.5130417
NAA30,0.5130385
RNF139,0.5130354
NAGK,0.5130222
GOLGA2,0.5130048
NFIL3,0.5130033
PSEN2,0.512999
PCSK5,0.5129949
PEX12,0.5129885
GEN1,0.5129838
POP5,0.51298255
PNPLA4,0.5129765
LCP2,0.51297575
PLEKHA3,0.5129715
PAQR8,0.5129504
P2RY11,0.51294625
LSM7,0.5129383
FMR1,0.5129346
MRPS22,0.5129306
TMOD2,0.51292515
MED6,0.5129175
INPP5A,0.51291317
RIN2,0.512906
PRICKLE3,0.5129005
SLC25A20,0.51290023
HCCS,0.51289994
ING4,0.5128853
MICALL1,0.5128712
SCUBE2,0.5128577
PCSK6,0.51285696
PTPRE,0.5128565
PDE5A,0.5128442
MTMR6,0.5128414
MRPL27,0.5128386
GPAA1,0.51283306
PRKAB1,0.5128263
NAPG,0.5128248
PPM1F,0.5128145
RAB4B,0.5128056
MVP,0.51280516
MRPL18,0.5127932
MTIF2,0.5127906
NECAB3,0.51278234
FURIN,0.5127792
NSUN5,0.5127761
GNS,0.51277536
OPTN,0.512775
NDUFA8,0.5127653
MTHFS,0.512764
NOMO3,0.5127632
RASSF6,0.5127479
MRPS10,0.51274645
ESRP1,0.51274586
GSTM2,0.51274496
PDP1,0.5127417
HSPA14,0.5127405
PUS3,0.5127399
MAPK8IP1,0.51272947
GGCX,0.512724
OIP5,0.51272196
TBX19,0.5127195
NDOR1,0.51271755
OAS2,0.51271546
PALMD,0.5127148
RGS17,0.512714
SENP8,0.51270586
NOC3L,0.51270527
HAUS5,0.51269674
KAT2A,0.5126807
NUFIP1,0.5126673
NR2C2AP,0.5126628
IL6R,0.51266026
RFXAP,0.5126457
LLGL2,0.51264
MICU2,0.51263136
GCDH,0.5126306
PTCD1,0.512628
PPOX,0.5126254
FKBP5,0.5126145
PIGV,0.5125987
KCNMB4,0.5125927
KLHL21,0.5125905
MR1,0.5125796
ST8SIA1,0.512578
LNX2,0.5125673
PEX13,0.5125605
ORAI3,0.5125593
GADD45GIP1,0.5125583
ZFP82,0.51254624
HECTD3,0.512539
RFK,0.512535
MLPH,0.51252025
RAB38,0.51251596
ITGB2,0.512501
KLC4,0.51250017
GPC4,0.51249206
MAGOHB,0.5124916
NSMCE4A,0.5124694
IFI44,0.51246464
MPP7,0.51245654
PARVG,0.5124545
HLA-DMB,0.5124514
NUDT12,0.51244897
GIT1,0.5124382
PARD6B,0.5124363
GLE1,0.5124313
MAGOH,0.51242965
RPL26L1,0.51241416
HEPH,0.5124062
MRGBP,0.51240087
PIPOX,0.51239127
PIGF,0.512385
MRPL39,0.51238203
MAD2L1BP,0.5123718
PFKFB2,0.5123672
NAGPA,0.5123646
HMOX2,0.5123606
PDGFD,0.51235765
PPP2R3C,0.5123541
INPP5K,0.5123519
SEMA4G,0.5123384
IFIT3,0.5123347
MRPL35,0.5123342
G6PC3,0.51232374
JAG2,0.51232076
HSF2,0.5123187
GUF1,0.51231843
PIWIL4,0.5123081
EGLN1,0.5123014
OAS1,0.51229507
MRPL41,0.5122796
RABIF,0.51227933
MMP15,0.5122744
NFASC,0.51227343
ISG15,0.51226074
PAIP2B,0.5122394
LSM10,0.51223505
MOAP1,0.51222974
ITGA4,0.51221573
PCOLCE,0.5122102
NMRK1,0.5122037
POMGNT1,0.51220286
MAPK12,0.5122002
LONRF1,0.5121912
IL16,0.51218975
RAP1GAP,0.51218337
PIGO,0.51217866
GTF2E2,0.5121737
LAMTOR3,0.5121493
IPMK,0.5121491
NAGA,0.51213783
GPT2,0.51213354
IRF2BP1,0.5121216
MAK16,0.51211417
INO80B,0.5121064
POLR3GL,0.5120992
KDM6B,0.5120809
MBOAT1,0.51207733
MEAF6,0.51207703
MPND,0.51206565
GSTZ1,0.51206475
IRF7,0.5120556
NOM1,0.51204705
NR1D2,0.5120446
NFU1,0.51204383
MED20,0.5120363
GYS1,0.51203156
IRF9,0.51203144
HPS4,0.51203126
NMNAT2,0.51202726
MED19,0.51201653
IGFBP6,0.5120093
NPR1,0.51200265
NFS1,0.5119993
LZTS3,0.5119915
FLRT2,0.51199096
NSMCE1,0.5119873
MKKS,0.5119861
MAPK13,0.5119749
IFT122,0.5119719
PARP3,0.51196706
MAP4K2,0.5119618
MRPL22,0.5119589
OSGEPL1,0.5119557
MAP3K10,0.5119479
MRI1,0.5119444
PARD6G,0.5119338
POLB,0.511933
MUS81,0.51193124
MON1B,0.5119191
MYCBP,0.5119187
INTS9,0.5119121
RHPN1,0.5119107
MCM9,0.5119052
MSX1,0.5119046
MPHOSPH8,0.51190007
NR1H3,0.51189655
FAM3C,0.511892
OSGEP,0.5118806
INPP4A,0.51187867
IDH3A,0.5118783
OSTM1,0.51187456
NAT1,0.51187116
SPRY1,0.5118695
IFIH1,0.5118446
GLMN,0.5118361
PLA2G15,0.5118294
PRNP,0.5118229
MRPL33,0.5118153
LMBR1L,0.5118123
MIS12,0.5117879
MSRA,0.51178676
L3MBTL2,0.5117857
PLCB2,0.511778
MTFMT,0.5117757
MAPRE3,0.51177347
FBXO22,0.5117699
GARNL3,0.5117657
MRPL40,0.5117632
NDN,0.5117621
NEDD1,0.5117513
NME6,0.5117481
GTPBP10,0.5117474
MRPL55,0.51173335
PPP2R5B,0.5117253
HOXB4,0.51172113
PARP2,0.51171166
MYH14,0.51169825
MED7,0.51169825
LEPR,0.51169604
KIFAP3,0.51169235
PSMC3IP,0.511685
MINPP1,0.5116774
LDB2,0.5116702
MED29,0.51166856
POLR3F,0.51166344
MTIF3,0.51164573
MTO1,0.5116385
LARP7,0.5116126
LXN,0.511608
GSDMD,0.5115989
IFNLR1,0.5115844
HEXIM1,0.5115772
MIB2,0.5115672
SH2D2A,0.51156265
HPS6,0.5115568
MAFK,0.5115559
NINJ1,0.51155114
LLGL1,0.51155096
PDE12,0.5115489
NIT2,0.5115452
MMACHC,0.51154417
IBTK,0.5115355
INSR,0.5115255
MALSU1,0.51151574
L3MBTL1,0.51151055
LY86,0.511494
NTAN1,0.5114934
LYAR,0.51149327
HPS3,0.5114827
RAB33B,0.5114711
ITGAE,0.51146865
PTPN7,0.51146525
MRPL13,0.5114628
LGALS8,0.51146126
LMBRD1,0.5114423
MBD6,0.5114243
MBD4,0.5114209
MCEE,0.5114126
GOT1,0.51141256
HAUS8,0.51141113
IRF5,0.51141006
MMAB,0.5114056
NFATC1,0.5114048
HACE1,0.51139766
LAMP2,0.5113863
IFT20,0.511382
PDP2,0.5113677
GINS1,0.51136726
KCNS3,0.5113663
FN1,0.511356
MTM1,0.5113555
PLEKHG4,0.51135296
KATNB1,0.5113443
GOLGA1,0.51133466
KATNA1,0.5113304
ORMDL2,0.5113132
RGS14,0.5112851
MRPS23,0.5112847
NCF2,0.5112786
NNMT,0.51127225
NABP1,0.5112705
LSAMP,0.511268
KRTCAP2,0.5112675
NDUFA5,0.5112413
MUL1,0.5112303
MRPS17,0.51117563
POLM,0.5111709
MTF1,0.51115036
NDUFB6,0.51114404
IDH3G,0.5111358
HOXB6,0.5111358
KCNG1,0.5111285
HDAC9,0.5111224
HNRNPLL,0.51111704
MAP1LC3B,0.5111055
KIF5C,0.51110446
PAPSS2,0.51109856
GPR153,0.51108366
IFT172,0.5110815
KLHL2,0.5110755
MAN2C1,0.51107156
GTF2B,0.51104486
MRPS14,0.5110405
KRI1,0.5110307
MCM8,0.51101166
FTSJ3,0.51101065
KDM1B,0.5110099
NDUFA12,0.5109981
PRICKLE2,0.5109956
KLHL9,0.5109879
IMPDH1,0.51098126
HVCN1,0.5109771
GAR1,0.5109576
HGSNAT,0.5109504
FZD6,0.5109504
LSM3,0.5109424
PCDHB5,0.5109419
HAUS1,0.51093477
MAN2A2,0.5109297
IL20RB,0.5109013
LPAR2,0.5108989
KLHL42,0.51088655
HMOX1,0.51088387
IQCE,0.5108719
HECTD2,0.5108666
ITGB7,0.51086044
KRR1,0.51083034
INTS12,0.51082534
MED26,0.5108159
MPC1,0.51080877
GFM1,0.5107907
MPHOSPH10,0.5107779
OXSM,0.5107766
MOB2,0.5107703
NID1,0.5107658
MOCS2,0.5107584
HPDL,0.5107532
GJC1,0.510753
MCM10,0.5107509
PHF11,0.51073724
GPR180,0.5107226
KLHL25,0.5106637
GRPEL1,0.51061594
ZNF184,0.5105979
MED8,0.51055735
METTL22,0.51055014
LOXL1,0.5105388
IFT52,0.5105358
IFT81,0.51052547
KRT10,0.51049775
LEO1,0.51048565
MRPL46,0.5104555
IFT27,0.5104456
RASAL3,0.51044184
HS6ST1,0.51044065
NCALD,0.5104122
KLHDC2,0.5103942
MBIP,0.5103842
GINS4,0.5102535
HSPBP1,0.5101559
LRWD1,0.5101347
KRIT1,0.51012707
IRF2BPL,0.51009995
PEX16,0.5100672
MRPL24,0.51003784
IL2RG,0.5099067
EYA3,0.5098896
