Gene Name,Score
LIN7A,0.6235199
CCDC40,0.6181195
B4GALT7,0.6088218
DUSP19,0.6010481
ADI1,0.5994623
FGD3,0.59942895
ALG14,0.59734684
ARHGAP30,0.5942261
BLOC1S2,0.5937012
ATL1,0.5934178
ARHGAP39,0.59239286
ARFGAP3,0.5923815
ASRGL1,0.5921021
F13A1,0.5901545
DUSP10,0.5898013
ARAP3,0.58956146
AP3S2,0.5895331
BBS2,0.589444
ALG2,0.58876437
ALDH1A3,0.5885672
CCR1,0.5885152
ARL6,0.5885128
DDX60,0.5882945
DCK,0.5881683
ATG4D,0.58752877
CENPB,0.5874747
BBC3,0.58744985
CAB39L,0.5869871
CEL,0.5869451
ERCC6L,0.58680874
ARL2BP,0.58675146
ARNT2,0.58669364
CDK11A,0.58669335
ARHGAP9,0.5866872
AAR2,0.58662647
IGSF6,0.58592063
HERC6,0.58585125
CDS1,0.58572423
IFIT1,0.5854067
ARID3A,0.5852175
AP1G2,0.58513516
DEPTOR,0.58489853
HS3ST1,0.5848455
ATP6AP1,0.5847735
BAG3,0.58475286
MSR1,0.5847452
CHST12,0.58472073
ADCY7,0.5838837
ARRDC3,0.5838125
NFAM1,0.58367187
CYTH4,0.58351165
DBR1,0.58339584
DHDH,0.58335906
BOC,0.58332276
ADD3,0.5832288
CALCRL,0.583155
CC2D2A,0.58314717
DES,0.58311284
C2CD2,0.58303803
CEBPG,0.58280855
B3GNT5,0.58256227
CARF,0.58227044
BTC,0.5822565
CEP135,0.5821476
EPHA4,0.5821074
CCDC22,0.58208466
DISP2,0.5817981
CHRNA10,0.5817686
AMY2B,0.5816878
ATP6V1G1,0.58168274
CDH6,0.5816383
INMT,0.5815735
DGAT1,0.58150023
DXO,0.5814312
EGR3,0.581324
LRP2BP,0.5813088
CATSPER2,0.58125085
CKLF,0.58115864
CYP3A5,0.58114713
AGMAT,0.58093023
CHMP5,0.5809116
ATP6V1E1,0.5808914
GBP3,0.5808878
ANP32E,0.5808422
ALS2CL,0.5808086
B3GNT8,0.5807023
HSD17B1,0.580644
COG6,0.5805128
ANAPC5,0.5804943
DNTTIP1,0.5804484
AMFR,0.5801903
AP1S2,0.580154
ANKRD27,0.58003414
CTSL,0.5799817
CYP2J2,0.57995236
CD53,0.5797631
C7orf26,0.5796097
CBFB,0.5795985
EIF4E3,0.5794524
ADCY5,0.5793866
CD4,0.57938427
ARHGAP44,0.5793446
ADNP,0.57929736
ELMO3,0.5792843
ARHGAP29,0.57922703
CABLES2,0.5791452
CPLX1,0.5791078
ARMC8,0.5789928
ATOX1,0.5789337
CASP4,0.578922
AQP1,0.57892036
ANKZF1,0.5788236
AGPS,0.5788053
BEST1,0.5787214
CDC40,0.5786836
ATF4,0.57865334
DPP4,0.5786525
BHLHE41,0.57863355
CCDC106,0.5785491
CEACAM1,0.5785401
IDS,0.5784484
CCDC80,0.57842934
CTNS,0.5784158
COL24A1,0.57841134
CCDC136,0.5783185
AMT,0.5782115
AP4M1,0.57810926
CMKLR1,0.57809174
CENPA,0.57792836
ASCC2,0.57778686
AP1G1,0.57775813
CLIC3,0.5776491
CLDN23,0.5776423
C5,0.57759285
CENPC,0.5775805
ANO10,0.57757175
CISH,0.5775587
ARFGAP1,0.5775463
CNN1,0.5775092
AKAP1,0.57749534
BLVRA,0.57746094
CACNB3,0.57741016
CPEB4,0.5773908
CETP,0.5773523
BZW1,0.57728934
DRG2,0.5771726
BAIAP2L1,0.577153
CAND1,0.57712615
DPM1,0.57697964
FBXL22,0.5769375
ALOX5,0.5769217
DYSF,0.57690877
CGNL1,0.57684475
AP3M2,0.5768411
CHRD,0.57681787
APOL1,0.576786
CDK11B,0.5767652
GIMAP4,0.57673436
LILRB3,0.5766422
CBX1,0.57663375
CDCA8,0.5765884
ITGA7,0.57658315
ADAM15,0.5765194
CELSR1,0.5764478
NLRC4,0.57642853
APOBEC3B,0.57639456
ADAM10,0.5763864
AMPH,0.5763302
CHST1,0.5762857
BBS12,0.5762519
CD27,0.5762377
CSTA,0.5762226
GNA15,0.5762161
APOBEC3F,0.57614994
CXCL16,0.57613343
COL9A2,0.5761082
BAG2,0.5761064
GUCY1A2,0.5760846
MGAT3,0.5760109
ARAF,0.5759505
ASAH2,0.5758679
SHC2,0.57585806
AFF4,0.5757935
CARM1,0.57575023
AREL1,0.5757325
GADD45A,0.5757213
EIF2B2,0.5756822
GGPS1,0.57559943
CHD1L,0.5755418
CEP41,0.5755414
ATXN3,0.57553357
FGD1,0.5754956
BSCL2,0.57549286
CHMP4C,0.5754276
AHSA1,0.5752828
EMB,0.5752757
ATP6V1E2,0.5752429
HSPA6,0.57520413
ATF7IP,0.5752007
DERL3,0.5751642
BIN2,0.5751447
CENPL,0.5751325
COL5A3,0.5751243
CLDN12,0.5750944
CDC37L1,0.57509375
ADIPOR1,0.57509094
ARHGDIB,0.5750499
CARD6,0.575044
ADCY4,0.57503724
C3orf38,0.57502615
CHMP1B,0.575003
CMYA5,0.5749835
CEP97,0.57494694
ATP2A3,0.574944
CENPM,0.57493013
AZI2,0.57490385
ATXN1,0.57488674
AP3S1,0.5748863
ARFRP1,0.57487047
AGPAT3,0.5748621
DNM3,0.5748461
ADCY1,0.5748456
CLEC7A,0.57482153
ARHGAP25,0.57480544
AP5B1,0.574743
CPEB3,0.5747234
EIF3M,0.57470983
CHST7,0.57469374
CASP1,0.5746801
C1R,0.5746478
AGO3,0.57459193
ATP6V0E2,0.5745823
MED11,0.5745485
ANGPTL4,0.5745238
FAM114A2,0.57452285
NOL12,0.5745068
COLEC12,0.57449836
CHST15,0.57448494
COL27A1,0.5744185
ECM1,0.57439214
CTDSP1,0.57438517
ATF2,0.57438
CCZ1,0.57433367
DSEL,0.574322
ARHGEF40,0.57427967
CCNT1,0.5742742
ARHGEF3,0.5742678
ATP6V1B2,0.5742554
HCAR2,0.57425183
AMOTL1,0.5742327
ARF4,0.5742052
CKAP4,0.5742007
CIB1,0.5741752
COQ5,0.57415044
CENPK,0.574139
CCDC115,0.5741209
GNPDA1,0.5740758
ACADSB,0.57407445
CD1D,0.57406896
AP5S1,0.5740586
CD34,0.5740362
ARL1,0.57403195
AFMID,0.5740059
FCER1G,0.5739884
EXOSC1,0.57396346
FHOD1,0.5739561
C12orf65,0.57393605
ACSF3,0.5739309
ADAMTS7,0.57390654
AKAP8,0.57387936
COL7A1,0.5738749
BARD1,0.57386386
HOMER3,0.5738233
GSTZ1,0.5738216
GPR68,0.57380986
ARF5,0.57378936
EMD,0.5737888
ANTXR1,0.5737731
CD248,0.5737673
CFB,0.57376456
CDK5,0.5737438
CD55,0.5737388
GET4,0.57372135
DIABLO,0.5737125
B3GALT4,0.5737107
AK2,0.5736851
ASAH1,0.573643
CLCN7,0.57363415
CD48,0.5735961
IL7,0.5735786
GTF2H1,0.57356715
CCNT2,0.5735591
EIF2B5,0.5735552
EFNA4,0.57354707
EGLN2,0.57353735
ASIC1,0.5735345
IFT88,0.5735236
DIS3L,0.57351875
GRAP2,0.5734959
HSPA1L,0.57349485
LIPE,0.5734943
ADAMTS4,0.57346505
CSNK1G3,0.5734428
CYSLTR1,0.5734421
CSGALNACT1,0.5734293
COQ4,0.5734243
CDK2,0.5733984
PCDHGA6,0.57339716
DBF4B,0.5733595
DHTKD1,0.57331467
BLOC1S5,0.57331103
APTX,0.57330793
ADD1,0.57330173
EMC3,0.5733005
GNLY,0.57329583
CORO1A,0.57328457
COL4A1,0.57328266
COMMD3,0.573258
NKD1,0.5732568
CNGA1,0.5732344
CTNNBL1,0.57320994
DAPK3,0.57319593
CLN8,0.57318467
CTSD,0.5731625
IL18R1,0.5731602
CSGALNACT2,0.5731589
E2F8,0.57315445
CENPN,0.57310194
EXO1,0.5730795
CPT1B,0.57307374
CDT1,0.5730708
CPSF6,0.57306826
ATAD3A,0.5730609
CHMP2A,0.5730479
CENPQ,0.57304686
GCAT,0.5730464
CHD1,0.5730415
DOCK2,0.5730168
ADAMTS12,0.5729972
CABIN1,0.5729888
COG3,0.57298666
BLZF1,0.5729798
AIFM2,0.5729533
CDCA3,0.5729517
CCNY,0.57294947
CWC22,0.5729349
CDC16,0.57292044
CLDN11,0.5729185
BAZ2A,0.5729118
ANGEL2,0.57290846
BEND3,0.572906
DEPDC1,0.57290125
ADAMTS1,0.5728996
LDB2,0.57286924
CEP350,0.57286566
AKAP9,0.57283956
DNAJB4,0.57283425
CNOT8,0.5728252
CREG1,0.5728102
CDH23,0.5728022
APOBR,0.57279366
BDP1,0.57278293
ACACB,0.57275677
ATXN2L,0.5727466
AMMECR1,0.5727359
B3GNT2,0.572719
JAG2,0.572709
CREBRF,0.57269335
GOLGA3,0.57267493
ADA,0.5726575
APBA1,0.57265747
AP3D1,0.5726467
ARF3,0.57261586
F2RL1,0.5725789
CDC7,0.572578
CCL5,0.57255626
EYA2,0.5725486
FAHD2A,0.5725337
DPH3,0.5725296
IL17RE,0.57252634
CORO1B,0.5725212
ATXN7L1,0.5725198
LMF1,0.572516
ADAM17,0.5725128
AP4B1,0.572506
RENBP,0.572489
IFNGR1,0.5724695
BICD2,0.57245547
C17orf49,0.5724405
DEPDC5,0.57243186
CALCOCO1,0.57242906
HELZ2,0.5724236
CDR2,0.57242054
CCP110,0.5724192
DUS2,0.5724183
CLOCK,0.57240945
CDC23,0.5724057
ANO9,0.5724051
FYCO1,0.5723864
CTPS1,0.5723847
NMI,0.5723763
CACNA2D4,0.57237244
CAMK2G,0.5723656
ARRB1,0.5723476
CD163,0.572338
CNNM2,0.57233584
CDC42BPA,0.57231605
CTNNBIP1,0.572301
DOK4,0.57227975
GSDMB,0.57227445
CCDC88C,0.57226866
GPATCH1,0.5722659
NDUFA6,0.5722597
ENTPD6,0.5722393
RSAD2,0.57222223
CALML4,0.5722137
CHCHD2,0.5722111
CHMP4B,0.5722103
EME2,0.5722078
BTF3L4,0.57220733
LARP7,0.57220715
ERCC8,0.5721961
CHORDC1,0.57219285
CXXC1,0.572188
CPSF2,0.57218456
FIG4,0.57217574
CYSTM1,0.57216334
ADK,0.57215285
ANXA7,0.57215095
ASB2,0.57213616
ALG6,0.57211965
CNTLN,0.57210714
CRAT,0.5720916
CSTB,0.5720819
EGLN3,0.5720666
FABP5,0.57205784
BCAS2,0.57205236
CPSF7,0.57203513
CLK4,0.57203066
CAPG,0.5720247
ARPC2,0.5720231
CD2BP2,0.57200617
HEXB,0.5719818
AP4E1,0.57196397
COPB1,0.5719507
CYTH1,0.571934
ALKBH5,0.5719282
GATAD2A,0.5719269
SDS,0.5719131
CCDC91,0.57189935
HSPA12B,0.57188857
HAVCR2,0.57188725
ATP6V0A1,0.57187164
CDK14,0.5718652
CSNK1D,0.5718643
CCL4,0.5718218
CNOT2,0.5718198
CPOX,0.571819
ERMAP,0.571819
FAM20A,0.57181823
GTF2A1,0.57180315
GPAA1,0.5717975
CHKA,0.5717809
NFYA,0.5717495
EIF3G,0.57174855
HBP1,0.57174504
DPYSL2,0.5717302
IMPDH1,0.5717296
C1D,0.5717215
BRCC3,0.5717206
BMP2,0.57171685
CABLES1,0.5717007
CLDN4,0.57169825
BBS5,0.5716943
CDK2AP1,0.57169205
CA2,0.5716875
DKC1,0.57168263
AGTRAP,0.57168245
DUS1L,0.57168007
CD63,0.571673
COX11,0.57167053
BCS1L,0.57167023
CLIP3,0.5716657
DHX35,0.57166195
COL8A1,0.5716311
CCT4,0.5716298
EPN2,0.5716243
CASP2,0.5715952
DDX24,0.5715933
EMC1,0.57158846
FGF11,0.57157487
CES2,0.5715722
FJX1,0.57156694
ARID4B,0.571554
ANP32A,0.57155186
INPP4A,0.57155126
DCUN1D3,0.5715509
EEA1,0.5715421
DENND3,0.57153875
ACTG2,0.57152927
CREB3L4,0.5715247
CD83,0.57152176
CEP170,0.57152015
OPTN,0.5715129
CTSZ,0.5715123
HINT1,0.5714929
EPOR,0.5714911
CHPF2,0.57148784
CAPN10,0.57148486
AP2S1,0.57147866
CD2,0.57147855
CDC25B,0.57147145
ATP1B2,0.57147115
IFI44L,0.5714696
GUK1,0.57146144
ASB1,0.57146126
GPCPD1,0.57145005
ANGPT2,0.5714498
CAPN15,0.5714472
ARSG,0.5714469
ALKBH6,0.57144344
AIF1,0.5714406
DHODH,0.57143766
HPS5,0.57143676
DDA1,0.5714333
HCFC2,0.57143205
EIF4ENIF1,0.5714223
AGA,0.5714172
ATP7B,0.5714094
DBT,0.571406
DHX8,0.57140476
CLCN6,0.5713901
FKBPL,0.5713893
DVL2,0.57138896
NMB,0.5713855
GGH,0.5713836
CD68,0.57137585
BCKDHA,0.5713649
CTSO,0.57136226
CCT2,0.5713612
EXOC7,0.57135844
CPT2,0.5713565
BCCIP,0.57135487
CD40,0.5713531
DCTD,0.5713505
DAPP1,0.57134795
CTSA,0.57134795
DLST,0.5713324
DOCK10,0.5713222
APOOL,0.571321
FBXO10,0.5713207
CDCA5,0.5713155
ECI2,0.5713119
DLG5,0.5713028
CRABP2,0.57129604
F3,0.5712821
GEN1,0.57127905
HSPB2,0.57127196
BRD9,0.57126576
COQ10A,0.5712604
CTTN,0.5712578
CLK3,0.5712557
GALNT10,0.57125336
FMNL1,0.57124543
COX6B1,0.571242
DLGAP4,0.5712376
ACTR6,0.5712344
HAUS8,0.5712321
ARAP1,0.57123166
COTL1,0.57122785
EEF2K,0.5712196
ERH,0.5712117
ELF1,0.5712113
FEM1A,0.57120794
BCAT2,0.5712066
ARHGAP19,0.5712066
CCT6A,0.571203
MASTL,0.57120186
ASCC1,0.57119644
GGA1,0.57119054
FOSB,0.57118875
GYG1,0.5711809
CHSY3,0.5711748
ARHGEF9,0.57117397
CSNK1E,0.5711577
FBXO30,0.571155
DOCK6,0.57115275
CTBP2,0.57115185
CCNG2,0.5711518
CHRAC1,0.5711472
CCNA2,0.5711401
CDK13,0.571137
FAM83D,0.57113415
ITGAE,0.5711311
MYH14,0.5711294
CTDNEP1,0.5711195
ESPL1,0.5711128
CLDN7,0.5711089
CAMK1D,0.57110375
CCNK,0.5710887
MAN1C1,0.57108575
ELL2,0.5710779
FAM126A,0.5710769
D2HGDH,0.5710646
DCN,0.5710473
GCLC,0.57103366
EFNA3,0.5710299
GNAI1,0.5710198
CIAPIN1,0.5710117
AFG3L2,0.5710079
EIF4EBP1,0.57100433
HLX,0.571002
FLAD1,0.57099664
EEFSEC,0.57098436
CRLS1,0.5709837
CSK,0.57098365
EMC10,0.5709832
EXOC5,0.5709766
FBXL4,0.5709754
ATG14,0.57097495
HES1,0.57097334
DGKD,0.570972
CENPO,0.5709703
BICD1,0.57096744
CSTF3,0.5709664
EIF4E2,0.5709533
IPO4,0.57094747
ARRB2,0.5709405
KIF13B,0.570934
CADM1,0.57092845
AFTPH,0.57091856
CAMKK1,0.57091606
GTF2B,0.57090825
BPTF,0.5709025
BLVRB,0.57089925
FBP1,0.5708971
CENPI,0.5708904
CNTRL,0.5708791
CYFIP2,0.5708741
DUSP16,0.5708622
BFAR,0.57085913
CENPJ,0.57085544
CBX6,0.57085484
FEM1B,0.57085454
CTC1,0.57085365
CDC42,0.5708492
CCM2,0.57084274
CXXC5,0.5708317
CTNNA1,0.5708302
GPR161,0.57082546
DOK1,0.5708134
DIMT1,0.57081246
DBP,0.57081187
EXOSC5,0.57081085
HSF2,0.5708027
DCUN1D4,0.5708017
DNAJB11,0.5707969
B4GALT1,0.5707781
CRTAP,0.57077664
COQ7,0.57077086
CEBPZ,0.57076985
GABBR1,0.57076603
DNAJA2,0.5707647
COPG1,0.57074875
AIMP1,0.5707408
CD9,0.57074004
CBX3,0.5707384
ATP1B3,0.57073694
MAOA,0.5707313
DSN1,0.570724
MARS2,0.57072014
DTNBP1,0.57071877
IFI35,0.5707133
GNAO1,0.57071155
EMC9,0.57071066
AKR1A1,0.57069963
FEZ2,0.570694
GPSM3,0.5706926
LGI4,0.57069117
EPHB3,0.570664
CDK3,0.57065856
CHMP6,0.570658
LTBP3,0.57064277
DCAF8,0.57063615
EXOC3,0.5706336
CYB5R3,0.570631
AP5Z1,0.5706279
ARHGEF6,0.57062036
DUSP2,0.570618
CAPRIN1,0.57061404
LARP4,0.57061243
ATG10,0.57061005
IP6K1,0.5706045
HPDL,0.5705993
HENMT1,0.5705964
C17orf75,0.5705939
ALDH7A1,0.5705932
CAP2,0.5705922
ENTPD5,0.570589
INTS2,0.5705875
DDIT4,0.57058555
C2CD3,0.5705764
EIF1,0.5705675
GALNT6,0.57055914
ANAPC15,0.5705584
EVC2,0.5705548
ENC1,0.57055336
DAB2IP,0.5705522
GEMIN2,0.5705517
C2CD5,0.5705438
ARL6IP5,0.5705377
ADAMTS9,0.5705372
BMPR2,0.57053345
ADAMTS5,0.5705305
DCAF17,0.57052827
EAF1,0.570526
DPH5,0.5705193
ANAPC7,0.57051706
HAT1,0.57050806
CHTOP,0.5705049
ASXL2,0.57050383
FBF1,0.570498
ARL4C,0.57049304
DHCR7,0.5704832
CNN2,0.5704754
CBX8,0.57047075
CNOT4,0.57046866
CELSR3,0.57046765
CAPZB,0.570466
BPNT1,0.5704554
BCL7C,0.5704541
DENND4A,0.57045037
GEMIN4,0.5704463
ANO1,0.57043743
DCXR,0.5704352
FBXL5,0.57042944
IFT140,0.5704252
ATRX,0.5704238
BCL2L2,0.57042146
CFD,0.570419
MTRF1L,0.5704173
DNAJB12,0.5704103
EGLN1,0.57040536
COX7B,0.57040024
ATXN2,0.57039917
CEP57,0.570399
AP3B1,0.57038456
APP,0.5703844
ANLN,0.5703826
KCND1,0.57037604
CCDC59,0.57036716
FBL,0.5703652
ACTN1,0.57036364
ADAMTS14,0.5703601
ANXA6,0.57035774
COG8,0.57035553
MAP3K11,0.5703527
ADAMTS2,0.5703486
CHD7,0.5703462
CES4A,0.57034606
EIF4H,0.570346
CYP2D6,0.57034194
BTD,0.57032746
EPN1,0.5703273
CMTR1,0.5703252
CHD9,0.5703144
LPAR2,0.57031125
DACT1,0.57031107
CNNM4,0.5703105
FCHO2,0.5703079
ESYT2,0.57030475
BCAR1,0.57030255
ETF1,0.5702987
COL4A5,0.5702912
AHNAK,0.5702893
EBAG9,0.5702883
KATNA1,0.57028484
DNAJC5,0.5702746
CEP70,0.57026356
CHAF1A,0.5702584
FST,0.5702537
FAM110A,0.570252
BCL2L11,0.57024413
CLNS1A,0.57024175
COMMD6,0.57022166
ERCC6,0.5702215
ATP6V0C,0.57022
EHBP1,0.57021785
EVPL,0.5702174
GPR132,0.5702049
ACLY,0.5702032
ETS2,0.57020146
DCUN1D5,0.5701991
HEXA,0.5701834
DYNLT3,0.5701751
FBXO27,0.57015854
CEP164,0.5701532
EPHB2,0.5701407
INSR,0.57014054
CAMK1,0.57013863
CNOT6,0.57013255
ETV3,0.5701311
DNAJB6,0.5701271
ARF1,0.5701103
CD2AP,0.57009715
FIBP,0.57009643
MAP1A,0.5700914
BMF,0.57008827
CNTNAP1,0.5700844
CNOT6L,0.5700732
DHDDS,0.57007235
EZH2,0.5700674
FBLN1,0.57006586
COL4A2,0.57006353
CAPZA1,0.57006013
ACOT1,0.5700485
GPX8,0.5700462
EHD4,0.57004315
CIAO1,0.57004243
ELP6,0.57004124
LAMB3,0.5700411
GABARAP,0.57004005
ACP1,0.5700396
AP2A1,0.5700359
GNL2,0.5700331
DENND2A,0.57003057
COG4,0.57002896
CLIC1,0.57002455
DIDO1,0.5700245
ECE1,0.5700214
CS,0.57001925
ELOVL6,0.5700191
BIRC6,0.5700095
DENR,0.5700088
IFIT5,0.5700064
EXOSC9,0.5700039
ELP5,0.56999356
CLIP1,0.5699893
COPS2,0.5699867
DAZAP1,0.5699849
DDX17,0.56997865
CLIC4,0.56997806
BRPF3,0.5699778
BRD8,0.56997544
CDK5RAP2,0.5699744
DNAH17,0.5699728
CCNL2,0.56996953
EIF2AK1,0.5699692
CBX7,0.5699669
ACTR3B,0.56996125
DCP1A,0.56995887
ARHGEF12,0.5699587
GANC,0.5699545
DDX46,0.56994736
EIF4A1,0.5699387
CACNA2D1,0.56993836
CALM2,0.5699364
AKR1C1,0.5699343
CPSF4,0.56993055
MYLIP,0.569929
CDON,0.56992626
AK4,0.5699244
AJUBA,0.5699206
CTDP1,0.56992024
CYP2U1,0.5699198
CD109,0.5699193
DLL1,0.5699163
DLGAP5,0.56990373
ATRN,0.569901
DERL1,0.56989825
HERC4,0.5698851
EIF6,0.56988466
HTT,0.5698756
FOXF1,0.56987333
COG5,0.56987315
EVL,0.5698633
DNAJC24,0.5698591
CALU,0.56985617
EIF2S3,0.5698543
NR1D1,0.56985056
CORO1C,0.56984967
DDX27,0.5698469
KCTD6,0.5698469
ERI1,0.56984466
ESRP2,0.5698445
ANXA2,0.5698382
CEP152,0.5698374
C11orf49,0.56981754
LRRC4B,0.56981623
CDC6,0.5698129
FCF1,0.56980616
FOLR2,0.5698012
DIS3L2,0.56979823
CDH24,0.56979275
GCC2,0.56978774
COPS7A,0.56978714
DHRS4,0.5697868
DGKA,0.56978434
BACE2,0.56978184
ATP6V1H,0.56978095
CPT1A,0.5697786
CDCP1,0.56977564
CCNG1,0.5697722
DMD,0.5697701
GLUD1,0.5697639
BRD1,0.56975925
ATAD2,0.5697584
BCAS3,0.5697575
CAPN1,0.56975704
BCKDHB,0.5697532
CARS2,0.56975204
COL18A1,0.5697509
CLIP2,0.56974894
MAOB,0.56974876
GPD1L,0.56974846
BATF2,0.56974816
BIRC5,0.56974363
DZIP1,0.5697366
ARSK,0.5697365
DNAL1,0.5697342
FASTKD2,0.5697236
COPA,0.569721
DSTN,0.5697195
ITGAL,0.5697175
DAPK2,0.56971353
CD47,0.5697132
C3,0.56970155
CENPH,0.5697007
GMPPA,0.56969786
FAM13A,0.5696936
CFDP1,0.5696922
DPF2,0.5696881
COPS3,0.56968516
CNIH3,0.5696848
F11R,0.5696822
EIF3K,0.56968004
HCK,0.56967723
CLEC3B,0.5696722
BID,0.56967026
DDOST,0.56966347
ARL16,0.5696613
BCL2,0.56965894
EXOSC10,0.5696496
CBFA2T2,0.5696488
HK3,0.56964844
EFNB3,0.56964636
EPS8L2,0.56963444
GLO1,0.5696299
APPL2,0.56962556
DHCR24,0.569621
EVC,0.5696165
BPGM,0.56961393
C1orf162,0.569612
CCT3,0.56961197
KIFC3,0.569611
GOLPH3,0.569609
GEMIN8,0.56960744
EPB41L1,0.56960183
ANAPC4,0.56959975
DLD,0.5695988
HMGXB4,0.56959873
HDAC5,0.569593
APPL1,0.569587
APBB1,0.56958604
EDEM3,0.5695853
CYCS,0.5695838
KDM6B,0.5695794
CAMK4,0.5695793
GDI2,0.56957805
CDC34,0.5695756
IRF5,0.56957257
FKBP3,0.5695705
DAB2,0.5695696
LIMA1,0.5695636
EIF4EBP2,0.569563
CREM,0.5695577
COMMD1,0.5695493
MAP4K1,0.5695406
FBXO9,0.5695347
COQ6,0.569534
DPH7,0.5695327
KRBA1,0.56952703
CDK19,0.5695252
COQ9,0.56951576
CPE,0.5695125
BCL2L1,0.5695073
COIL,0.5695052
APBB2,0.56950414
ANKRD28,0.5695031
ETFB,0.5694954
CRKL,0.5694904
DIAPH3,0.5694834
GDPD1,0.56947666
CTR9,0.5694759
HGS,0.56947505
KPTN,0.56947243
CNOT7,0.56946987
DCP1B,0.569467
ASL,0.56946546
EEF1G,0.56946105
ISG15,0.5694604
ATP2B1,0.5694572
CDKN2AIPNL,0.5694551
DEPDC1B,0.56945395
GNA12,0.5694528
FLII,0.5694466
FBXL20,0.5694434
DMXL2,0.5694404
CDK8,0.5694401
CYC1,0.5694398
CSNK1G1,0.56943464
AP2B1,0.56943214
DDX55,0.569432
GNA13,0.5694309
BUB1,0.56942946
GBA2,0.5694292
EID3,0.56942385
CYB5A,0.56942064
GPC4,0.5694195
ADAM28,0.5694109
CDK6,0.56939894
GNPAT,0.56939703
CCNB1,0.5693957
B3GNTL1,0.5693922
CERS6,0.56938577
FUCA1,0.56937844
FAM168B,0.569373
CCT7,0.5693725
MRPS15,0.56936574
CRADD,0.56936467
CDS2,0.56936264
COL12A1,0.5693617
COX20,0.5693613
CENPF,0.56935924
MOV10,0.5693585
GATC,0.56935394
ERGIC1,0.5693535
NPHP1,0.5693503
DDX56,0.56934905
HPS1,0.56934845
AGPAT1,0.56934714
CRELD2,0.569343
CIR1,0.5693393
CKAP5,0.56933236
CSPP1,0.5693299
ATM,0.569325
ATP2A2,0.56932294
FGD2,0.5693177
BHLHE40,0.56931645
CHSY1,0.5693162
HPRT1,0.5693143
CAPN7,0.5693079
E2F3,0.5693057
HLA-DMA,0.5693038
EXOSC2,0.56930333
COL6A3,0.56930315
CBX5,0.56930125
DLAT,0.56929684
BOLA3,0.5692944
ARPC4,0.569289
ALDOA,0.5692886
HMGCR,0.56928414
DTL,0.56928134
ADCY3,0.5692766
CSF1,0.5692764
FPGS,0.5692744
EIF4B,0.56927246
AGO2,0.5692666
CMC4,0.56926596
CSTF1,0.56926477
DDX21,0.56926256
DST,0.5692625
COPE,0.56925344
CYTH3,0.56925255
EVI5,0.56925035
DSCC1,0.56924963
AGPAT5,0.5692457
MRPS17,0.56923825
FKBP2,0.5692349
HOXB7,0.5692332
CYP39A1,0.56922543
GNPDA2,0.5692241
KCNMB3,0.5692199
CHCHD3,0.56921893
DDX18,0.5692151
ITPA,0.5692135
BBS10,0.5692034
FARSB,0.569194
ANAPC2,0.56919223
BNIP3L,0.56919193
DNAJC8,0.5691818
DBI,0.5691815
FN1,0.5691779
CD320,0.56917757
DDRGK1,0.5691762
DBNL,0.5691749
CIT,0.5691733
EIF3I,0.5691714
LSM5,0.56917095
DSG2,0.5691645
DHRS11,0.5691605
CUL4A,0.5691473
ATP6V1A,0.56914234
IQCE,0.569139
CHERP,0.56913805
DMAP1,0.5691323
FUT2,0.5691305
GIPR,0.5691232
DDX19B,0.5691217
AP2M1,0.56911975
AKAP5,0.5691189
CCNL1,0.569118
COPZ1,0.56911165
DDX1,0.569108
AHCTF1,0.5691066
KIAA0513,0.5690983
ATG13,0.5690976
DCTN5,0.5690956
ARFIP2,0.56909454
DHX38,0.56909436
GRN,0.5690911
E2F4,0.5690829
CTDSP2,0.5690789
ARF6,0.56907713
ATP8A1,0.569074
CBLL1,0.56907266
GMPR,0.56906617
CNPY3,0.5690658
CANX,0.5690655
EBF1,0.56906307
GPX7,0.5690621
ECD,0.56906044
GLRX,0.56905544
PLCH2,0.56904846
LYZ,0.56904674
FAM110B,0.5690426
DDX28,0.5690417
MED19,0.56904024
ARID4A,0.56903875
EXTL3,0.5690363
CAP1,0.56903595
HMMR,0.5690329
DNAJA1,0.5690327
BOLA1,0.56903183
BACH1,0.5690271
EIF3H,0.56902474
MYLK4,0.56902397
CSDE1,0.56902343
CELF1,0.5690128
GYS1,0.5690127
DFFB,0.5690036
ARHGAP31,0.569002
CUL3,0.5690018
ASAP2,0.5690015
FADS1,0.5689994
CYP27A1,0.5689978
CAB39,0.5689971
GOLIM4,0.56899536
CCT5,0.5689943
HOXA3,0.5689915
CDC42EP4,0.5689907
CWC27,0.5689903
CACNA2D2,0.56899
CHMP3,0.5689889
FXYD6,0.568986
EFNA5,0.5689855
GMNN,0.5689816
DDX42,0.5689785
CDR2L,0.56897426
CFLAR,0.56897223
ACTR8,0.5689709
ELF2,0.5689699
HAUS2,0.5689659
CBR1,0.56896293
CLK1,0.56895936
COL1A2,0.56895673
GDPD5,0.5689549
IGFBP6,0.5689489
EDIL3,0.5689481
BLOC1S1,0.568948
CHUK,0.56893563
EPHA1,0.56893146
ATAD5,0.56893086
ELOVL1,0.5689296
DMPK,0.5689245
FNTA,0.56892055
KIFC1,0.5689155
CSAD,0.56891507
BNIP3,0.56891465
GRB2,0.5689127
EFEMP1,0.56891245
FBLIM1,0.56891197
ACTR3,0.56891066
FKBP4,0.5689093
COMMD2,0.5689057
AP1M1,0.568903
FMNL2,0.56890106
ATP11A,0.56889695
FDPS,0.5688903
ENSA,0.5688806
GLYCTK,0.5688758
ADRM1,0.5688737
EIF2AK2,0.5688735
GRPEL1,0.56887144
DOCK8,0.5688693
KLHL2,0.5688659
B4GALT4,0.5688649
DGKZ,0.5688583
DENND1A,0.56885636
GSTM4,0.56885415
ITPR2,0.5688497
FZD3,0.56884587
CLEC2D,0.56884396
HSPB8,0.5688397
LGALS9,0.5688359
DLG1,0.5688336
ATIC,0.5688307
DDX54,0.5688267
CSF2RB,0.5688264
IGBP1,0.5688247
MMS19,0.5688214
CNOT1,0.5688207
BRD2,0.56881905
DOCK5,0.5688181
CABYR,0.56881285
GATAD2B,0.5688121
IL13RA1,0.56881
LUC7L,0.5688078
GRWD1,0.5688037
DDX31,0.5687993
GDF15,0.5687989
CDK16,0.5687954
GALNT11,0.56879336
EIF3D,0.5687836
CCNH,0.5687802
EMC2,0.5687791
ETFA,0.5687788
FAM98A,0.5687704
KCNJ2,0.568767
BRWD1,0.5687579
CRTC2,0.5687464
CEP55,0.56874543
ARHGAP18,0.56874406
DNTTIP2,0.56874365
FANCI,0.5687422
GGA2,0.56874156
ENAH,0.568736
DDX10,0.5687347
CD69,0.56873244
HYPK,0.56873035
BRPF1,0.56871504
ATP6V1C1,0.5687149
FGD4,0.56871194
DOLK,0.56870973
KANK1,0.5686988
HSD17B4,0.56869775
KLHL20,0.5686948
ATP6V1D,0.56869125
GOT2,0.5686894
ARHGAP32,0.5686871
EIF4A3,0.56868327
FARSA,0.5686832
HMGN2,0.56867456
CCT8,0.56867325
PCYT1A,0.5686696
GHDC,0.5686679
APPBP2,0.5686641
DTX4,0.5686628
ITGA2B,0.5686586
CSNK1A1,0.5686534
FAM3C,0.5686533
CDC25C,0.56865114
EIF4E,0.56864816
FDX1,0.5686478
EP400,0.56864166
ALDH1B1,0.5686407
GNL3L,0.56863713
CSNK1G2,0.5686369
CHPF,0.56863683
IFNGR2,0.56863433
EEF2,0.5686331
IFNAR1,0.56863254
CKAP2L,0.56863034
GLUL,0.5686216
CEP72,0.56861734
CERS4,0.5686126
GPSM2,0.56860995
KLHL12,0.5686082
GIPC1,0.5686078
CAMKK2,0.5686041
DDX41,0.56860036
CENPP,0.5685992
CTBP1,0.5685988
ERP29,0.568598
CTPS2,0.5685952
GLA,0.5685945
ARHGAP10,0.56859374
IQGAP1,0.56859237
BTBD3,0.5685909
DNAJC11,0.5685902
MKKS,0.5685864
DDX23,0.56858194
HAUS6,0.56858164
HIGD1A,0.56858
DGUOK,0.56857914
FAU,0.568579
OPRL1,0.56857616
DAPK1,0.5685748
CDC42BPB,0.5685713
EIF4G1,0.5685707
CX3CL1,0.5685703
EPC1,0.5685697
ARNTL2,0.5685693
ECSIT,0.56856513
DISP1,0.5685632
DCAF7,0.56856173
IBA57,0.56856155
EIF5,0.5685542
BLOC1S6,0.5685538
FSTL1,0.5685501
MIS18A,0.5685438
FRMD6,0.5685409
APOC1,0.56853884
HEBP1,0.56853867
EMC8,0.5685382
GIT2,0.56853294
ERAL1,0.5685281
CALD1,0.5685207
FERMT3,0.5685123
CLDN1,0.56851137
FBXW11,0.56851125
CENPE,0.5685072
CHCHD1,0.5685049
HEG1,0.56850487
FBXL12,0.5685046
LMTK2,0.5685031
CMPK1,0.5685016
PCDHB10,0.5685016
DDX19A,0.56850076
BUB3,0.5684911
MZT2A,0.5684857
DYNC1LI2,0.5684804
COL5A1,0.5684743
GCDH,0.5684735
EEF1A1,0.56847286
FBXO22,0.56846565
INPP5D,0.5684639
KPNA1,0.5684609
HDAC8,0.56845856
DNAJC13,0.56845814
LCP2,0.5684496
IDH3B,0.5684451
FBXW4,0.56844336
CAST,0.5684431
DCTN4,0.5684397
LDLRAP1,0.56843287
HERC2,0.5684317
EDC3,0.56842935
CDC27,0.5684281
BBS9,0.568428
ARHGAP21,0.5684235
EPHA2,0.56842244
HNRNPUL2,0.5684211
LOXL1,0.56842005
HDAC1,0.56841975
CTTNBP2NL,0.5684181
CASK,0.5684136
KAT5,0.5684115
FRAS1,0.56841004
DYRK2,0.5684094
ENOPH1,0.5684076
CHD3,0.56840706
DGKI,0.56840706
FHL2,0.568405
IQSEC1,0.5684048
EEF1B2,0.56840044
DNMBP,0.56839556
IFNLR1,0.5683907
MICU1,0.5683902
E2F7,0.56838876
HNRNPAB,0.56838506
MMP11,0.56838405
KCNG1,0.56838155
GPKOW,0.56837225
FBXL7,0.5683713
IPO11,0.56836957
GPD2,0.5683651
ASPH,0.5683637
ITGBL1,0.5683618
CETN3,0.56835604
GALNT1,0.5683544
ACOT11,0.5683518
EIF1B,0.5683512
GCA,0.56835115
HNRNPDL,0.5683509
FERMT2,0.56834984
EAF2,0.56834733
HK1,0.5683452
CBY1,0.56833863
GFM1,0.5683349
GALNS,0.5683344
GTF3C2,0.5683298
FADS2,0.5683269
DDX39B,0.56832397
DAZAP2,0.5683234
DGKH,0.56832135
INSIG1,0.5683179
GINS3,0.5683174
FAM13B,0.56831515
FKBP5,0.5683125
DAP3,0.5683112
CRK,0.568311
FAM8A1,0.56831
GBP2,0.5683083
GTPBP2,0.56830025
HLCS,0.56829983
PPIL6,0.56829983
COA1,0.56829387
CD52,0.5682915
CRYZ,0.5682901
HMG20A,0.5682897
FBXO21,0.56828564
GSE1,0.5682846
CTDSPL,0.56828135
ASH1L,0.5682797
LRRC41,0.56827784
AHCYL1,0.5682776
FBXL18,0.5682761
LSM12,0.56827545
CTSH,0.56827307
HIVEP3,0.56827265
KATNBL1,0.56826717
CPT1C,0.5682661
AHCYL2,0.5682653
FRS2,0.56826377
CD58,0.5682608
LSAMP,0.5682546
ADPGK,0.56825364
FBXW5,0.568252
FTL,0.56824666
DVL3,0.56824297
CMAS,0.56824034
IRF1,0.56823975
ECH1,0.56823874
FSCN1,0.5682309
B9D2,0.5682229
DOT1L,0.56822217
COL5A2,0.5682203
CMTM6,0.56821966
FAM98B,0.56821936
KIF3A,0.5682111
DDX11,0.56821036
DERA,0.5682103
ITGA6,0.568209
HLTF,0.5682087
HLA-DMB,0.56820834
ARHGEF11,0.568208
ANP32B,0.5682074
CCDC174,0.56820446
ELAVL1,0.56820345
FURIN,0.5681975
ARHGAP35,0.5681948
ITGB2,0.56819147
CFL1,0.56818813
CMTM4,0.5681871
GCC1,0.56818664
EEF1D,0.5681807
CDCA2,0.5681804
ORAI2,0.5681786
ARHGDIA,0.5681759
ARHGEF26,0.5681741
GMDS,0.5681709
GALNT2,0.56816846
GAK,0.56816655
CHAF1B,0.5681653
GTPBP4,0.5681638
ILF2,0.56816065
HOXA1,0.5681602
FOXK2,0.56815743
GNG5,0.56815535
EPHB4,0.5681466
JARID2,0.5681454
EIF2AK4,0.5681364
MBP,0.56813425
GNB5,0.5681342
HSF1,0.56813204
ARID5B,0.5681315
MAP3K6,0.5681254
GPT2,0.5681221
FAF2,0.56812143
MAEA,0.568121
DCAF6,0.56811893
CDK17,0.5681187
ETFDH,0.56811625
CDKL5,0.56811553
HBS1L,0.5681136
DCAF12,0.56811196
E4F1,0.5681097
EHD1,0.568106
FOXN3,0.56809026
FAM131B,0.56808686
EPAS1,0.56808513
APOBEC3C,0.5680815
MS4A6A,0.56808144
DUSP12,0.56807834
BANF1,0.56807536
EFNA1,0.56807524
GDE1,0.5680736
MGST3,0.5680725
IQCB1,0.5680688
DOCK7,0.56806767
CERS2,0.5680671
BTF3,0.5680651
ATXN10,0.5680609
DCLRE1C,0.5680597
HADHA,0.5680584
FAAH,0.5680584
DCPS,0.56805825
MED29,0.5680547
GIGYF2,0.56805253
EI24,0.5680508
CDK5RAP3,0.5680473
AURKAIP1,0.56804293
FZD6,0.56804115
DCTN3,0.5680411
GGCT,0.5680379
ALDOC,0.5680348
DHX32,0.5680328
GLG1,0.5680306
CYBA,0.5680294
BIN1,0.56802714
HNRNPUL1,0.5680262
EFCAB7,0.56802493
DYNC2H1,0.56802315
GANAB,0.5680205
AGO4,0.56801856
DCAF16,0.5680182
CEP192,0.56801677
GMIP,0.56801504
DDX39A,0.5680141
FZD5,0.5680105
EXOC4,0.56801033
CARD9,0.5680028
FUCA2,0.5679982
LIMK1,0.56799686
DNAAF2,0.5679945
DCAF13,0.56799203
CHID1,0.5679913
AUH,0.5679825
MBOAT1,0.567982
DCAF5,0.5679808
HPS6,0.5679794
CKS2,0.56797916
ACSM3,0.56797856
FBXO7,0.5679754
CCAR1,0.56797314
HOXA5,0.5679713
EXOSC6,0.56796885
IMMT,0.5679685
COPS7B,0.56796193
DIAPH2,0.5679598
BAG6,0.5679535
CERK,0.56794995
DDX58,0.5679458
ALYREF,0.56794095
COPB2,0.56794024
HNRNPM,0.56794006
CUL1,0.56793445
ARSA,0.5679326
LAMA2,0.56793237
KDM2B,0.56793004
ANKRA2,0.5679248
FNDC5,0.5679233
LPIN2,0.5679178
CLASP1,0.5679161
DCAF15,0.56791323
EIF2B3,0.5679093
ARHGEF1,0.5679063
GID8,0.5679049
DYNC1H1,0.56790394
FYN,0.56790334
DLG3,0.56790113
LRSAM1,0.56789356
CENPT,0.5678896
DNAJB9,0.56788665
FBXO41,0.5678856
CDCA7,0.56787944
EIF3L,0.5678791
DENND5B,0.5678781
GTF3C4,0.56787205
MBTPS1,0.56787086
CD300A,0.5678705
ANKRD44,0.5678683
INPP5E,0.5678678
FBXO38,0.5678671
HDAC3,0.56786686
GNAI3,0.5678662
NEDD8,0.5678626
EIF3J,0.56786144
MRPL53,0.56785905
CPD,0.5678503
DNAJC2,0.5678488
DYNC1LI1,0.5678475
MOB2,0.56784725
DHX15,0.56784075
HSPA14,0.5678369
LSM14B,0.5678342
GRB10,0.5678184
FMR1,0.5678111
HJURP,0.56780946
ARL3,0.5678027
ACSS1,0.567802
CPEB2,0.5677795
FCHO1,0.5677786
GTPBP1,0.56777704
CHM,0.5677745
ARFGEF2,0.5677728
ADAMTS13,0.5677712
AKAP13,0.56776786
CDYL,0.5677651
NUDT12,0.5677642
CCDC68,0.56776386
CCNB2,0.5677607
IRF8,0.5677601
EXOC1,0.56775934
DHX9,0.5677558
ITGA3,0.56775504
DPYSL3,0.56775266
LGMN,0.5677494
FXR1,0.56774867
ARPC5,0.56774557
HDLBP,0.5677453
CHML,0.56774133
IFT46,0.56774104
CSE1L,0.56773967
CALCOCO2,0.5677381
CWC15,0.56773376
EIF4G2,0.56773317
MAF1,0.5677327
CYFIP1,0.56773245
GSTK1,0.56773186
GTSE1,0.56772953
DSP,0.5677274
HK2,0.56772524
LTB,0.5677218
CLPP,0.567721
CASP7,0.5677204
EHMT1,0.567719
GPSM1,0.5677173
AKT1S1,0.56771654
ATP2A1,0.5677144
ADAM19,0.5677124
CLINT1,0.56770796
GLB1,0.56770647
FTH1,0.56770355
ITGA1,0.56770045
ATP6V0A2,0.56769985
BTAF1,0.5676966
DENND4C,0.56769377
MCM4,0.5676929
DENND2C,0.56769174
FZR1,0.5676914
HLA-DOA,0.56768787
HNRNPA3,0.567687
HAUS4,0.5676857
FKBP1A,0.56768525
FOS,0.56768215
DIAPH1,0.56767714
JUND,0.5676771
GGT5,0.56767696
ERF,0.5676748
G6PD,0.56767327
CMSS1,0.56767166
DCAF10,0.5676709
HSD17B12,0.56766695
CHRNB1,0.56766385
GLE1,0.5676631
INVS,0.567663
CDC25A,0.56766176
HNRNPH2,0.5676611
MAGI3,0.5676597
CAPNS1,0.5676594
GAPVD1,0.5676578
FXR2,0.56765616
IL4I1,0.56765497
HLA-E,0.56765354
GNB1,0.5676461
GALM,0.56764406
MRPS2,0.5676432
ALG5,0.5676413
GFPT1,0.5676408
AVL9,0.5676354
METAP2,0.5676341
FUBP3,0.56763226
CD81,0.5676319
ARFGEF1,0.5676307
EXOC8,0.5676258
GPS1,0.5676255
CDK7,0.56762064
GRSF1,0.5676181
CYB5R4,0.56761277
CGRRF1,0.567612
KLHL21,0.56760985
GGCX,0.5676065
ACTR10,0.5676056
ELMO1,0.5676053
HSPH1,0.5675984
CNIH1,0.5675937
GADD45B,0.5675923
CTIF,0.56759226
LSM7,0.5675922
HNRNPA0,0.56758994
ECHS1,0.567589
ESRRA,0.5675875
HDAC2,0.56758165
C1GALT1,0.5675751
EIF4G3,0.5675726
EXOC3L1,0.5675679
LMNB2,0.5675636
HOXB6,0.56756145
CBX4,0.5675586
GNL1,0.56755847
FBXO5,0.56755847
GOSR1,0.56755704
FBXW8,0.5675557
SAP30,0.5675524
HMGCL,0.56755173
LATS2,0.5675512
INTU,0.5675501
EXOC6B,0.567546
CDIPT,0.56754494
DUSP14,0.56754494
AKR7A2,0.5675435
BRK1,0.5675412
LOXL3,0.5675409
ELOVL5,0.5675402
GAN,0.56753665
GPR153,0.5675354
IRF2,0.5675341
HDAC7,0.5675325
GTF3C5,0.56752896
FBXO31,0.56752616
CDK4,0.56752014
DOCK4,0.56751895
ARHGEF37,0.56751776
MAP2K3,0.5675155
GSK3B,0.5675141
GAB2,0.56751215
DNAJA4,0.56750983
MAGED2,0.56750953
CLTA,0.5675093
FAM120B,0.5675085
LCMT2,0.56750685
IQGAP3,0.5675066
KCNJ15,0.56750613
CLSTN1,0.56750435
GTF2F2,0.567504
CMTM1,0.56750244
FAF1,0.5675013
MLX,0.5674962
IRS1,0.56749606
GJC1,0.5674959
IFI30,0.5674939
EIF2S2,0.5674899
HERC1,0.5674898
AMBRA1,0.56748843
CERS5,0.5674826
IQGAP2,0.56748205
FKBP8,0.56748205
EIF5A,0.5674801
AHCY,0.5674775
FANCL,0.56747514
MON1B,0.5674717
LPGAT1,0.5674694
BLCAP,0.5674673
HEXIM2,0.5674671
IRF9,0.56746215
AZIN1,0.56745857
IL11RA,0.5674541
GPR183,0.5674537
DDX52,0.5674458
CLSPN,0.5674413
LNPEP,0.5674363
BIRC2,0.56743413
HNRNPA1,0.5674325
FYTTD1,0.56743246
FARP1,0.567431
HMBS,0.5674307
GNA14,0.56743014
JMY,0.56742996
COX7A2L,0.5674293
FZD1,0.5674285
MED22,0.56742764
IFT122,0.5674201
HAAO,0.5674188
KRT80,0.56741756
APH1A,0.5674144
DNM1,0.5674096
ELAC2,0.567409
CROT,0.5674089
COPS6,0.56740886
ITM2B,0.5674085
CYP7B1,0.5674077
ALAD,0.5674054
GTF2E1,0.56740445
CYB5R2,0.56740284
LRPAP1,0.5674012
GSTM3,0.56739515
FOXRED1,0.56739485
KPNA5,0.5673941
ISG20L2,0.56739396
GPI,0.5673933
DCAF4,0.5673922
INIP,0.5673918
HERC3,0.5673857
EZH1,0.56738394
ARL14EP,0.5673824
HLA-C,0.5673794
GNAI2,0.5673786
HNRNPH1,0.5673752
HADHB,0.5673741
DNAJC9,0.56736284
FER,0.56736135
FGFRL1,0.56735384
LTB4R,0.5673487
CCNF,0.5673437
HIPK3,0.56734335
IMPA2,0.5673423
BRAP,0.5673387
ITPR1,0.5673374
HSPA1A,0.56733614
ARHGAP27,0.56733406
HPS3,0.567334
G3BP2,0.5673315
CWF19L2,0.56732225
GOLM1,0.5673092
GOLGB1,0.5673086
AMOT,0.56730694
GTF2I,0.56730634
ALDH18A1,0.5673039
GPR176,0.56730187
BMP1,0.56730145
HSPA9,0.5672982
GRK4,0.5672977
LRG1,0.56729597
MAPK9,0.567292
ACAT2,0.5672862
ARL8A,0.5672856
CYB5B,0.5672855
MAP3K3,0.56727886
BAHD1,0.5672775
CHN1,0.567275
HLA-DPB1,0.56727433
BGN,0.56727237
CLIC2,0.56727153
DHX33,0.567257
BTBD2,0.567253
LLGL2,0.5672515
C1QBP,0.56725097
COBLL1,0.5672475
HSD17B10,0.5672474
CD46,0.5672459
GBE1,0.56724256
CPNE1,0.5672369
HOXB2,0.56723547
ARIH1,0.56723195
HSPBP1,0.56723154
MRPS10,0.5672309
NDUFS7,0.5672308
HECTD3,0.5672303
INPP1,0.56722856
OSGEP,0.5672277
GSPT1,0.56722647
ILK,0.5672257
ETHE1,0.56722564
CNDP2,0.56722456
MAVS,0.5672243
HNRNPL,0.5672242
LSR,0.5672235
PPIE,0.56721336
FARS2,0.56720924
NUP37,0.56720513
IL20RB,0.5672027
GSR,0.5671981
INTS7,0.5671964
GBF1,0.56719613
ALPL,0.5671929
KIF18B,0.5671875
HOXB4,0.56717825
EIF2B1,0.567178
IMPA1,0.56717557
DNAJC3,0.5671749
FNIP2,0.5671709
CAPZA2,0.5671706
GABPB1,0.56716996
LEO1,0.56716627
ARL13B,0.5671588
FLNB,0.5671578
AIMP2,0.56715494
DUSP7,0.5671515
ASAP1,0.56715
FAH,0.5671443
CBLB,0.5671433
HNRNPF,0.5671428
MKNK1,0.5671428
GK5,0.5671424
HVCN1,0.5671385
GDF11,0.5671384
KPNB1,0.5671371
COASY,0.5671352
ARHGEF19,0.5671345
HTATSF1,0.56713206
CLPX,0.5671293
PKP1,0.567127
EPB41L4B,0.56712633
LSM11,0.5671254
LMAN2,0.56712127
ASPM,0.56712085
IPO7,0.5671201
GALNT12,0.56711614
ACTB,0.567114
FMN1,0.5671131
BAMBI,0.5671129
MXD1,0.5671112
FBXL17,0.5671101
GART,0.56710684
FUZ,0.56710225
ATP1B1,0.56710213
IFIT3,0.5671017
MSMO1,0.567101
FRZB,0.56710035
HSPG2,0.5670986
DDB1,0.56709754
KIF3B,0.5670973
FARP2,0.5670943
FBXO25,0.5670938
ATN1,0.5670917
ANXA1,0.5670905
EPCAM,0.56708586
KDELR1,0.5670811
ITGA11,0.5670726
HELB,0.5670633
IFIH1,0.5670527
CHMP4A,0.5670519
GNE,0.5670494
GOLGA4,0.56704813
CSTF2,0.567048
FMNL3,0.56704706
CHCHD6,0.56704634
GMEB1,0.5670423
DBF4,0.56703943
EPC2,0.567037
ATP7A,0.5670368
KIF11,0.56703436
JUP,0.56703275
NEU3,0.56702906
ICAM1,0.56702894
NPC1,0.5670275
HNRNPC,0.5670274
FBXL19,0.56702673
GID4,0.56702673
EEF1E1,0.5670251
CDK1,0.567025
ESD,0.5670144
FLOT2,0.5670128
ARHGAP33,0.5670128
ERLEC1,0.5670126
BAG5,0.56701237
EARS2,0.5670097
KHNYN,0.5670037
ESRP1,0.5670029
ACP5,0.5670022
CNOT11,0.56699926
GAPDH,0.5669936
DHX37,0.5669911
ESYT1,0.56699014
CALM1,0.56698996
DYNLT1,0.5669874
ENG,0.5669809
GLI3,0.56698024
KDM2A,0.5669795
IARS2,0.56697005
EIF2S1,0.5669699
ENO3,0.5669635
IL2RB,0.5669587
GTF3C3,0.5669581
ABCB10,0.5669484
AKTIP,0.566945
METAP1,0.5669439
HSPA5,0.56694144
CYP2S1,0.5669412
EXPH5,0.5669402
GSDMD,0.5669385
CLHC1,0.5669373
IREB2,0.5669357
DVL1,0.56693375
FIS1,0.5669335
DPY30,0.5669321
BAZ1B,0.56693053
GBP5,0.56692654
CCR10,0.56692266
GRK6,0.5669161
ENTPD4,0.5669148
IPO5,0.5669131
HSPD1,0.5669131
DCTPP1,0.5669108
HSPB1,0.5669016
MANF,0.5668995
HACE1,0.56689787
FCGR2A,0.56689733
FNIP1,0.5668949
NR2F6,0.5668913
IP6K2,0.5668909
ANXA5,0.5668908
COX18,0.56688267
IL2RG,0.5668792
CAMK2D,0.56687355
CXADR,0.56687266
HLA-DPA1,0.56687266
GLRX5,0.5668644
GLRX2,0.566861
KCTD3,0.56685996
HMGB2,0.5668567
INPP5A,0.5668561
HEPH,0.56685305
ARPC1B,0.56685007
BATF,0.56684375
ATP2B4,0.5668377
FZD2,0.5668318
GEMIN6,0.56683064
NMT1,0.5668285
EIF2D,0.566827
MVD,0.5668148
LAP3,0.5668092
DDX20,0.5668079
DCP2,0.5668074
EMC7,0.5668059
CLPB,0.5668035
ELK1,0.5668019
ARPP19,0.56680185
COMMD5,0.56680053
ILF3,0.5667979
DIS3,0.5667945
NMRK1,0.5667922
HMGA1,0.5667885
F2R,0.5667847
KHDRBS1,0.56678396
BYSL,0.5667839
MRPL2,0.5667816
HLA-DRB1,0.5667813
GLS,0.5667812
BRIX1,0.5667806
CCDC12,0.5667802
DGKE,0.56677914
KIF17,0.5667787
GYPC,0.5667762
MPDZ,0.56676924
HAGH,0.5667676
FBXW2,0.5667662
AGO1,0.56676465
LRFN4,0.5667595
LYAR,0.56675273
ICAM2,0.5667478
GTF2IRD1,0.5667406
IL10RA,0.5667404
COX5A,0.5667402
AKR1B10,0.5667391
ARHGAP17,0.5667385
PCDH1,0.5667376
ITPKC,0.56673616
GTF2F1,0.5667354
MRPL35,0.566735
LPCAT1,0.5667289
ASB6,0.5667288
MED24,0.5667273
CKAP2,0.56672657
CTSK,0.56672096
LSM4,0.56671834
FCGR3A,0.5667141
MAPKAPK2,0.56670994
DHPS,0.56670845
LAMB1,0.56670815
EHD2,0.56670797
FBXO2,0.5667026
KCNK5,0.56670225
LCMT1,0.5667001
LAMP1,0.5666991
KANK2,0.5666985
ACOT7,0.5666964
AMPD2,0.5666941
KIF22,0.5666901
GULP1,0.5666887
LAMC2,0.566685
ARHGAP24,0.5666814
FHL1,0.5666718
GTF3C1,0.56667095
KIF18A,0.566667
MRPL33,0.56666154
DLG4,0.56665975
LDHB,0.56665957
GJA1,0.5666518
ANK3,0.5666512
COX10,0.56664646
ICMT,0.566645
N6AMT1,0.5666368
LAMA4,0.5666356
POLR2K,0.5666319
KIF21A,0.56662947
HDAC4,0.5666281
AK1,0.5666255
HS2ST1,0.56662405
ALDH5A1,0.56662315
MAD2L2,0.566618
KAT6A,0.56661785
MCL1,0.56661516
EIF3B,0.56661505
ADAM12,0.566614
GALK1,0.5666125
GFER,0.5666118
CLASP2,0.5666115
ACTR2,0.5666076
LRRC47,0.56660557
PSMC1,0.5666055
HNRNPD,0.56659985
DTNB,0.5665978
HNRNPK,0.56659603
FAM91A1,0.566595
LAMB2,0.566594
FKBP15,0.5665909
DENND6A,0.5665908
DMWD,0.5665896
B4GALT2,0.5665835
DNAJC15,0.5665767
CARD10,0.5665762
HLA-DRB5,0.5665726
DUT,0.5665718
KANSL1,0.5665717
GPANK1,0.56657124
HSPA8,0.5665694
COL6A2,0.5665684
CEP78,0.56656456
MTX1,0.56655633
ICAM3,0.56655157
RHOJ,0.56654924
FOXK1,0.56654865
DAAM1,0.5665466
ING1,0.5665465
LAMTOR3,0.56654614
ITPR3,0.5665461
KIF9,0.56654537
CPNE3,0.5665403
JUNB,0.56653863
G3BP1,0.56653845
KATNAL1,0.5665376
ME2,0.5665354
BDKRB1,0.5665341
GATA6,0.5665322
COL4A6,0.566532
JMJD1C,0.56652516
HRH1,0.56652313
FUT1,0.5665226
MAN2A1,0.5665211
MRPS28,0.5665191
FTSJ3,0.5665181
MRPL17,0.5665174
GALNT7,0.5665167
MTHFS,0.5665158
IL21R,0.56651366
COA6,0.56651264
DONSON,0.5665121
MAGED1,0.5665118
GNG12,0.56651014
HMGCS1,0.56650645
IL1RAP,0.5664959
GABPA,0.56649196
ACOX2,0.5664896
GTF2E2,0.5664882
LAS1L,0.5664863
CXCL10,0.5664854
ERGIC3,0.5664773
HDAC6,0.5664772
FANCM,0.56647664
IL4R,0.56647426
FEZ1,0.56646633
INO80E,0.5664643
DR1,0.5664643
DYNLL1,0.56646395
LRRFIP1,0.56646085
NAGLU,0.56645894
HCFC1,0.56645864
INTS4,0.5664574
ACE,0.5664535
P2RY6,0.5664522
MCAT,0.5664496
IDH3A,0.56644917
DENND4B,0.5664414
BUD13,0.5664402
BCAT1,0.56643665
EPB41L3,0.5664313
BRF1,0.5664296
LYPLA1,0.5664295
HMGB1,0.56642884
ANAPC13,0.56642723
CLN3,0.5664251
MRPS35,0.56642413
HOXB3,0.5664163
CREB5,0.5664156
ITGB1,0.5664117
LONP1,0.56641084
EPB41L2,0.56641036
NME6,0.56640965
CCR7,0.56640726
JDP2,0.566407
METTL4,0.5664063
HNRNPH3,0.56640065
DNAJC1,0.56639725
ATF6B,0.5663951
GAB1,0.56639254
ELP2,0.5663922
CASZ1,0.5663895
KIF1C,0.56638646
DPH6,0.5663859
MRPS23,0.5663857
MRPS26,0.5663797
MAGI2,0.5663793
FNBP1L,0.56637895
GINS4,0.56637806
KDM5B,0.56636864
F8,0.5663662
IDH3G,0.5663654
HIRA,0.5663625
LSG1,0.56636167
NIT2,0.5663586
MATK,0.5663586
CLEC2B,0.5663577
EFTUD2,0.5663548
ADAR,0.5663517
LRP8,0.56634575
INPPL1,0.5663446
LEPROT,0.5663373
IVD,0.5663369
FBXO45,0.5663326
FAM111A,0.5663311
IMP4,0.5663307
LEMD2,0.5663281
AKAP10,0.5663208
CUL2,0.5663151
GMPPB,0.56631416
LYPLA2,0.56631076
MOCS2,0.56630945
MEPCE,0.56630826
HLA-F,0.56630796
DDX51,0.5662992
FLT4,0.56629866
KIF2C,0.566297
IL32,0.5662954
HMOX2,0.5662938
IFI44,0.5662936
MYO6,0.56629324
ASAP3,0.56629163
LARP4B,0.566289
INTS8,0.5662866
FANCB,0.56628543
FBN1,0.56628454
GPR160,0.5662731
ASGR1,0.56627214
ADAMTSL4,0.56627053
C17orf80,0.5662676
C12orf66,0.5662643
ECE2,0.5662604
COPZ2,0.56625754
ACTN4,0.566256
HECTD1,0.5662543
B4GALT3,0.566254
INTS3,0.566252
APBB3,0.5662516
AADAT,0.56625
IGF2R,0.5662451
DDHD1,0.5662441
IL2RA,0.5662437
MAPK8IP3,0.5662403
HIPK2,0.56623954
DFFA,0.56623685
MXRA8,0.5662352
FOXP4,0.5662349
DCTN2,0.5662348
KRIT1,0.5662336
GTPBP10,0.5662321
ARAP2,0.5662309
MRPL51,0.5662306
KRT7,0.5662292
FAN1,0.5662271
GPN1,0.5662251
GARNL3,0.56622463
SLC40A1,0.5662191
ITFG2,0.5662165
EXOSC7,0.5662148
AGER,0.5662114
HUWE1,0.56621003
DRG1,0.56620365
COX6A1,0.5662034
CNOT10,0.5662012
BOP1,0.5661978
CD38,0.5661977
LRRC8E,0.5661913
ATG4A,0.56619054
GDI1,0.56618816
IRF3,0.5661863
BMS1,0.5661859
IDE,0.56618303
ING3,0.5661779
METTL3,0.56617725
DHX36,0.5661744
ALG3,0.56617385
GSTA4,0.5661723
GLMN,0.566171
NUS1,0.5661685
KRT18,0.5661682
KIF20A,0.56616354
MARK2,0.5661625
CDC20,0.5661607
GEMIN5,0.566159
IFT74,0.5661554
INCENP,0.5661477
AUP1,0.5661472
AHRR,0.5661421
MCM2,0.56614166
MTHFD2,0.5661395
KDM4A,0.5661388
MED25,0.5661374
KIF15,0.56613666
DPP7,0.56613594
ORC6,0.5661342
APIP,0.56612986
ALMS1,0.56612927
NR2F2,0.56612164
ANKFY1,0.5661197
GNL3,0.56611705
HYLS1,0.56611526
CTSB,0.5661136
ESF1,0.5661121
ARPC1A,0.56611174
EHHADH,0.56611115
MAML1,0.56610084
IGFBP4,0.5660984
BSG,0.5660971
KIF26A,0.5660941
KCMF1,0.5660877
EIF5B,0.5660864
HS6ST1,0.5660854
KDM4B,0.56608474
HSCB,0.5660834
MLYCD,0.5660818
EXOC2,0.56608164
APOO,0.56607753
MAN1B1,0.5660738
KIAA2013,0.5660721
IPMK,0.56606984
CCNYL1,0.5660572
MALSU1,0.56605685
LRP6,0.5660521
COL9A3,0.5660517
KDELR3,0.56605136
ITPK1,0.56605
INTS9,0.56604683
NTN1,0.5660393
NAGPA,0.56603676
LYPD6,0.5660328
HEATR1,0.56602746
MAGT1,0.56602347
CUL4B,0.5660232
CTU1,0.56602293
ASNS,0.5660229
HNRNPU,0.5660221
ERLIN2,0.56601846
ATP11B,0.56601775
LY86,0.56601775
KBTBD6,0.56601584
DECR1,0.5660058
GEMIN7,0.56600565
IBTK,0.56600064
LPXN,0.56600064
CMTM7,0.5659997
CUL9,0.5659983
KNTC1,0.5659968
MYL6,0.5659939
EXOSC4,0.5659907
BATF3,0.56598413
GNAL,0.5659833
FZD7,0.56598127
MCM3AP,0.5659787
CD200,0.5659747
CCT6B,0.56597406
ALKBH1,0.56597257
ACTR1A,0.5659722
ITSN2,0.5659712
HLA-B,0.5659697
MEGF8,0.56596905
COLQ,0.5659651
NCAPD2,0.56596506
AP2A2,0.5659635
GABPB2,0.56596255
NDRG2,0.5659612
HMOX1,0.5659598
MAP3K8,0.56595963
CDH5,0.5659573
LRIG1,0.565956
MYO9A,0.5659557
BMP2K,0.56595486
NUDT9,0.56595457
IWS1,0.5659533
MRPS31,0.56595296
HSD17B8,0.56595266
MUC3A,0.5659486
ERN1,0.56594723
IPO13,0.5659462
MTA2,0.5659439
BABAM1,0.565942
EOGT,0.5659415
KLHL9,0.5659336
ARL2,0.5659324
ARG2,0.5659313
CUL7,0.56592625
CACNB1,0.5659261
PYGM,0.5659205
MAML3,0.56591994
PFDN6,0.56591713
GNB4,0.5659156
COG1,0.5659152
NCOA1,0.5659147
ME3,0.56591433
NUBP2,0.5659131
NANS,0.565909
HNRNPLL,0.565908
B3GNT7,0.5659014
MIF,0.56590015
MDFIC,0.56589943
FZD8,0.5658993
MYO15A,0.565892
COG7,0.565887
JAZF1,0.5658862
CHP1,0.565883
HSBP1,0.5658805
EBNA1BP2,0.5658803
IPO9,0.56587595
FBXO17,0.5658747
ARHGAP6,0.5658698
LAMA3,0.5658686
CEPT1,0.56586826
E2F5,0.56586456
NCSTN,0.56586367
LAT2,0.5658566
DDX50,0.56585485
KCNMA1,0.56585413
IPPK,0.5658534
ETNK2,0.56584936
INTS5,0.56584424
IFT80,0.5658432
NDUFS3,0.565839
NCAPG2,0.56583494
GUSB,0.5658333
AGRN,0.56582594
EIF2AK3,0.56582546
GUF1,0.56582266
IRF6,0.56582093
HIF1AN,0.56581944
CACYBP,0.565819
C5AR1,0.56581676
KIF26B,0.5658138
HM13,0.5658113
MAD1L1,0.56580716
ARHGEF4,0.5658056
EIF2A,0.5658011
ISYNA1,0.5657959
IL16,0.5657909
AGPAT2,0.5657898
ODF2,0.5657896
AKR1C2,0.5657869
PANK1,0.5657854
CNNM3,0.56577456
MIEF1,0.56577384
NOMO2,0.5657732
APAF1,0.5657728
HMGN1,0.56577
ERI2,0.5657646
KLHL3,0.56576335
KCNN4,0.5657575
DNASE2,0.5657573
L3HYPDH,0.5657561
IRAK2,0.5657521
ACER2,0.5657472
KPNA2,0.565747
LRRC8D,0.56574476
MRPL37,0.5657399
IFI16,0.5657355
MYL12B,0.56573373
PAQR5,0.5657333
BCL7B,0.56573194
HOMER1,0.5657302
ATP13A2,0.56572795
NFATC4,0.5657277
LIPG,0.56572676
MTDH,0.56572676
ERGIC2,0.5657245
FDXR,0.5657204
MED26,0.5657164
MOB1A,0.56571573
FBXW9,0.5657148
FLRT2,0.5657104
ABCD1,0.5657024
INTS10,0.5657024
CAPN2,0.56570226
PPFIBP2,0.5657019
KANSL2,0.5657015
MGRN1,0.5657014
OLR1,0.56570137
GNB2,0.5656973
HIPK1,0.56569237
IL15,0.5656922
DNM1L,0.5656899
PHAX,0.5656891
ACD,0.565684
IMPDH2,0.56567687
LPIN1,0.56567216
INPP5K,0.5656618
GORASP2,0.5656615
NLE1,0.5656612
ATF6,0.5656606
L3MBTL2,0.5656581
NME2,0.5656574
LDLR,0.5656572
CDK9,0.56565154
HOMER2,0.5656436
ID2,0.5656388
MED7,0.5656385
ST8SIA1,0.5656356
SMOX,0.5656347
NHLRC3,0.5656346
GSK3A,0.5656343
GRPEL2,0.56563246
MFN2,0.56563175
FUT8,0.5656303
MAMLD1,0.56562966
FOXRED2,0.5656275
MARK3,0.56562513
CEP250,0.5656224
B3GNT4,0.5656184
MRPS11,0.56561625
BLNK,0.56561273
LAMTOR4,0.5656096
METTL7A,0.5656082
ECHDC1,0.5656021
KIF1B,0.56559765
GBA,0.56559676
ANAPC16,0.5655951
AQR,0.5655945
HECTD2,0.56559336
MADD,0.56559306
PARD6B,0.5655919
LIN52,0.5655901
MYO1C,0.5655866
HSD17B7,0.5655774
ATP1A3,0.5655693
DNAJC10,0.5655658
CDC37,0.5655617
FRK,0.5655613
GTF2H5,0.56555974
LGALS8,0.56555486
ADRA2A,0.5655516
NRF1,0.56554925
HMG20B,0.56554174
MAN1A1,0.5655387
KMT2E,0.5655349
MRPS7,0.5655313
GOLGA2,0.56552917
HERPUD1,0.5655285
MMADHC,0.56552523
ANO2,0.56552386
ING4,0.5655238
CD5,0.56552196
MAPRE2,0.56552154
MTMR3,0.56551844
ANKLE2,0.56551504
PEX5,0.565513
KLC1,0.5655097
MOCOS,0.56550914
GPAM,0.5655069
MFAP2,0.56550115
ASS1,0.56549984
KRT10,0.565499
CACNB2,0.56549823
EHMT2,0.56549823
ARSJ,0.5654957
HSPA13,0.5654931
ANO6,0.565493
NDUFV1,0.56549114
LMO4,0.5654891
MYO9B,0.56548417
NAP1L4,0.56548315
DNAJB14,0.565482
MPZ,0.56548196
KREMEN1,0.5654779
ALCAM,0.5654769
CUL5,0.56547666
FBLN5,0.5654716
LOXL2,0.5654665
MAP3K2,0.5654638
LTBP4,0.5654544
FNTB,0.5654531
CCDC97,0.5654495
LUC7L3,0.56544787
KALRN,0.5654443
MDC1,0.5654393
POLRMT,0.56543374
ITGB3BP,0.56543314
HOXA7,0.5654292
CHN2,0.56542784
MCMBP,0.56542426
HADH,0.5654195
FAT4,0.5654195
KDELR2,0.5654191
KXD1,0.56541634
IRF2BP2,0.56540996
NUDT5,0.56540966
MPI,0.5654054
ERRFI1,0.565402
GPER1,0.5654011
ARCN1,0.56539696
NUDT14,0.56539154
KIF13A,0.56539
PCCB,0.56538147
ACTG1,0.56537837
SELPLG,0.56537837
MBTPS2,0.5653761
EAPP,0.56537575
KTI12,0.5653721
MNAT1,0.5653707
APLP2,0.5653678
KCNS3,0.56536686
METTL22,0.56536657
NAT10,0.56536454
LIN7C,0.56535935
KLHL25,0.56535566
IL18BP,0.5653536
MFHAS1,0.5653529
INPP4B,0.56535125
GCFC2,0.56534714
MKLN1,0.56534684
PCYT2,0.565345
HDAC10,0.56534135
COG2,0.5653388
RAB36,0.56533676
NAB1,0.56533563
NAPG,0.5653353
MTMR9,0.5653313
KMO,0.5653311
ASPHD1,0.56532574
NKIRAS2,0.5653254
GTF2H3,0.5653193
MAP4K4,0.56531376
ITPKB,0.56531346
INO80,0.565312
BET1,0.56530845
MAPKAPK5,0.5653035
IFT52,0.5652944
KPNA4,0.5652862
MATR3,0.5652847
HYOU1,0.56528455
GAA,0.5652835
MAT2A,0.56528157
NR1H2,0.5652757
MRC2,0.56526816
DUSP4,0.56526774
LGALS3BP,0.565266
MTMR7,0.5652654
AGGF1,0.5652627
CAD,0.565255
LIN9,0.5652538
CTH,0.56524456
ITGB5,0.56524366
ATG12,0.565239
MAFF,0.5652376
CRMP1,0.5652361
IPP,0.56522983
MGAT2,0.56522965
MBNL1,0.5652292
PTPRO,0.5652281
MAP4K5,0.56522393
IK,0.56522197
PELP1,0.5652213
GTF2H4,0.5652213
DCAF11,0.5652205
BRWD3,0.56521773
ABTB1,0.56521624
NAPA,0.5652158
ALG12,0.5652065
CD99L2,0.56520617
ADAMTS10,0.56520355
COL15A1,0.5651934
IRAK1,0.5651924
DNAJA3,0.56518745
MAP2K5,0.5651866
IFT27,0.5651858
MCC,0.5651853
GPC1,0.56518495
NCK1,0.56518257
LRP1,0.5651822
INHBB,0.565181
NDUFS8,0.56518096
BCAP31,0.56517845
NLRP1,0.5651767
LMO7,0.5651767
LINGO1,0.56517524
MAP1LC3B,0.5651745
CMPK2,0.56517076
MLST8,0.56515974
DTX3L,0.56515926
EYA3,0.56515455
BDKRB2,0.56515396
LSS,0.56515074
METTL14,0.5651497
CWF19L1,0.56514645
EBP,0.5651395
IFT20,0.56513494
GOT1,0.565134
NCOA6,0.56513184
ARIH2,0.56512934
AHI1,0.56512874
LAPTM5,0.5651278
MIF4GD,0.5651261
NDUFA1,0.56512356
MRPS24,0.5651208
KIF7,0.5651206
PAK1IP1,0.56511545
C18orf32,0.56511515
INTS6,0.56511486
LXN,0.56511486
LZTS3,0.56511384
LYRM4,0.56511337
HPSE,0.56511265
IVNS1ABP,0.56510997
NT5C3B,0.5651046
HACL1,0.56510437
LPL,0.5651028
ITCH,0.5651002
GAR1,0.5650979
MTIF2,0.5650969
BTRC,0.5650959
ATG2B,0.5650942
LAMC1,0.5650898
LTN1,0.5650891
EPHB6,0.56508774
LARS2,0.56508684
LDB1,0.5650795
NDUFAF1,0.5650748
FPGT,0.5650737
HDAC9,0.56507045
ME1,0.56507015
MPDU1,0.56507015
MSL1,0.56506824
PLCD3,0.5650655
FMO4,0.5650649
POLE4,0.5650635
LTBR,0.5650625
COX15,0.5650618
NEO1,0.56505346
CEBPB,0.56505084
CEP290,0.5650457
LBR,0.565042
MRPL55,0.5650416
KLHDC3,0.56503856
KHDRBS3,0.56503683
ATG2A,0.5650363
MRPL48,0.565034
LRIG2,0.5650339
AGPAT4,0.5650319
NAA38,0.5650314
MACF1,0.5650306
H6PD,0.56503016
EMC4,0.5650283
MAP2K6,0.5650177
CEP76,0.56501585
ALKBH8,0.5650119
NSMCE2,0.56500876
CCDC93,0.5650064
OSTM1,0.56500494
LGR4,0.5650012
MDN1,0.56499606
FAM220A,0.56499493
DCHS1,0.5649935
NELFE,0.56498873
COX17,0.56498545
ACOT2,0.5649816
LIPA,0.5649808
PEX16,0.5649796
RPP25L,0.56497824
BANP,0.5649779
IMP3,0.5649769
MATN3,0.56497455
GADD45GIP1,0.56497395
CBX2,0.564971
PIK3R6,0.5649709
ATG5,0.5649694
NUP88,0.5649689
MAP9,0.5649665
MFGE8,0.56495994
NDUFB1,0.5649586
ACSS2,0.5649528
OSBP2,0.5649478
LEPR,0.5649472
BAG4,0.5649468
C2orf49,0.564944
LRP10,0.5649422
HSPA4,0.5649382
IGFBP7,0.56493783
MAN2C1,0.5649371
CHST14,0.5649368
KLHL5,0.5649324
ALDH3B1,0.5649222
DHRS1,0.5649181
LAMC3,0.56491715
CAT,0.56491244
KCNN3,0.5649096
MPP5,0.56490725
MRI1,0.5649023
MRPL44,0.564899
METTL21A,0.56489736
LEMD3,0.56489706
IRF2BP1,0.5648965
FLOT1,0.5648914
KIF3C,0.5648908
NFYB,0.56489044
GNS,0.5648873
PIGS,0.56488496
ACAA1,0.5648844
CD180,0.56488305
MAN2B1,0.5648817
NBAS,0.56487775
GSPT2,0.56487507
PDLIM7,0.5648734
MAST2,0.5648717
NAA25,0.56487125
GRHPR,0.56487066
DHX16,0.5648678
DNA2,0.5648676
KCTD1,0.5648673
PAQR3,0.5648671
INPP5B,0.5648634
AP1S3,0.5648634
KRTCAP2,0.5648632
MECOM,0.5648622
MBOAT2,0.5648606
MBD5,0.5648581
CSTF2T,0.5648571
MRPL28,0.56485707
KATNB1,0.5648566
ATG9A,0.5648431
CMTR2,0.56484306
MTMR14,0.56484246
CPSF3,0.5648414
MAPRE3,0.5648325
RECK,0.5648324
BCKDK,0.56483185
NOM1,0.5648316
PSMB6,0.56483144
ALDH3A2,0.56482196
CHTF18,0.56481755
GON4L,0.5648171
MRPS27,0.5648076
NDUFAB1,0.5648021
PFDN5,0.5647942
PEX1,0.56479394
DCUN1D2,0.5647935
PADI2,0.5647933
MRPS5,0.5647932
MEF2A,0.56479216
GPR89A,0.5647909
NDUFB5,0.5647905
FOSL2,0.5647898
AGFG1,0.56478876
OSTC,0.56478584
MAP4K3,0.564784
ORAI3,0.5647828
MTA3,0.5647824
CACNA1H,0.56477916
ALDH16A1,0.5647781
MPC1,0.5647752
DENND1B,0.5647744
MYH10,0.5647733
NAGK,0.56476676
NCF2,0.56475896
KIF4A,0.56475717
MRPS6,0.56475466
NDUFS6,0.56475437
CHI3L1,0.5647533
INPP5F,0.5647509
NAE1,0.56475013
MUS81,0.56474894
NR3C1,0.5647489
NNT,0.5647468
BTBD1,0.5647461
OIP5,0.56474596
NECAB3,0.56474257
ADIPOR2,0.56473035
MAFK,0.5647301
LMAN1,0.56473
NDUFB9,0.5647269
MRPL11,0.5647258
HCCS,0.5647244
LPCAT3,0.5647196
MTMR2,0.5647178
CHEK1,0.5647162
NUMB,0.56471586
APBB1IP,0.5647123
COPS8,0.56470954
ACOX3,0.56470597
MKRN1,0.5647053
MDH1,0.5647043
KDM3B,0.5647003
IL1R2,0.5646962
PIK3R5,0.5646942
FKRP,0.56469387
ACAT1,0.56469303
ORC3,0.5646923
ASPSCR1,0.564692
NPM3,0.5646904
IL17RA,0.5646892
NGFR,0.5646862
MAPK7,0.5646835
MRPL30,0.5646791
LSM10,0.56467676
FLNC,0.5646767
PUS3,0.56467247
MTMR12,0.56466943
IFNAR2,0.564667
MBD3,0.56466645
LMNB1,0.564664
LIG1,0.56466204
MEAF6,0.5646549
NLRX1,0.56465393
ENO2,0.56465286
HEY2,0.5646464
MPRIP,0.56464595
EXOC6,0.56464547
EDNRA,0.56464547
OSBP,0.56464136
GNPTAB,0.56463796
MGAT5,0.5646377
NDUFB4,0.5646326
ATG3,0.5646326
IKZF4,0.5646309
FBXO8,0.5646307
MBD2,0.56462973
NUDC,0.5646252
LRRC49,0.56462
ARL8B,0.56461674
BECN1,0.5646136
MGAT4B,0.5646114
APOBEC3G,0.5646087
ARHGEF25,0.5646043
NVL,0.56459904
EIF2B4,0.5645968
PIK3CD,0.5645935
GTPBP3,0.5645903
MGST1,0.5645852
PAF1,0.56457937
ARHGAP11B,0.56457514
MAPKAP1,0.56457484
MCM7,0.56457484
NDUFS4,0.5645731
MBTD1,0.56457126
ATG4C,0.5645679
DCLRE1B,0.5645654
ABR,0.56456226
OXSM,0.5645573
L3MBTL1,0.5645566
ARSD,0.56455594
KHSRP,0.56454843
MRPL38,0.56454635
PDP2,0.5645453
MED28,0.5645444
NMNAT2,0.56453186
MED23,0.56453055
POSTN,0.56452906
MAD2L1,0.564527
G6PC3,0.5645158
HSPB11,0.5645146
MYL6B,0.56451386
MRPL19,0.56451106
MBD4,0.56451106
B3GALNT2,0.5645104
GSTM2,0.56450814
ENGASE,0.56450784
NOL9,0.56450725
ARHGEF18,0.56450677
MRAS,0.5645066
MBOAT7,0.56449586
MRPL49,0.56449556
GAS8,0.5644927
IFT81,0.56448686
NCAPG,0.56448376
CDC14B,0.5644811
MDK,0.56447744
MFAP3,0.5644774
MKNK2,0.56447315
LYPD3,0.56447273
JAG1,0.5644725
HOPX,0.5644723
KCNMB4,0.56446993
COQ3,0.56446385
MPHOSPH10,0.5644611
MTF2,0.56444925
INO80D,0.5644428
NFATC1,0.56444
HELQ,0.56443673
MTIF3,0.5644351
POLH,0.56443495
MYCBP,0.56443447
PDS5B,0.56443316
NDUFV2,0.5644318
KPNA3,0.5644312
LSM2,0.5644265
LSM3,0.56442535
MMS22L,0.5644243
CCDC86,0.56442183
ALG10,0.56440246
CBR3,0.56439704
AGK,0.56438917
IPO8,0.56438833
MFN1,0.5643879
NR2C1,0.5643865
FZD4,0.5643849
CD36,0.5643843
CAMLG,0.56438226
CDC5L,0.564381
NUP50,0.5643805
PIGM,0.56437683
HSPA1B,0.5643718
ARHGAP26,0.5643713
PARP4,0.56436795
IL17RD,0.564366
ALG8,0.5643537
MLF1,0.5643533
CPSF1,0.5643468
MCU,0.56434256
MSL2,0.5643392
KRR1,0.56433815
PAGR1,0.5643283
ACAD8,0.5643233
OXNAD1,0.5643191
MCCC2,0.5643161
DSC2,0.56431323
MYO5B,0.5643125
NAF1,0.56430924
NPHP3,0.56430894
HGSNAT,0.56430876
NOSIP,0.56430626
MGA,0.56430477
MSX1,0.56430256
MSRB3,0.5642948
MED21,0.5642931
DPH2,0.56428933
RNF11,0.5642851
BLOC1S4,0.564279
GDAP1,0.5642771
GCH1,0.56427705
MAP2K7,0.564275
KLHL42,0.5642727
INTS12,0.5642723
CDK20,0.56426984
MRPL20,0.56426984
NHEJ1,0.56426847
MEIS1,0.5642673
ITGAX,0.56426716
MCM5,0.56426674
LIMS1,0.5642666
APBA3,0.5642649
FADD,0.564261
MEIS2,0.5642599
POLR3G,0.56425524
GAB3,0.56425345
KIF2A,0.5642505
PIGF,0.5642493
ADPRM,0.56424636
HTRA2,0.5642446
PAIP2,0.56424177
NME4,0.56424063
NTAN1,0.56423473
NOP9,0.5642286
LAMA5,0.5642238
MFAP1,0.56422126
IDUA,0.56422085
DPH1,0.56421596
GNPTG,0.5642136
ABCF1,0.5642116
LIG4,0.56420916
NAA50,0.5642064
ISY1,0.5642063
NPR1,0.5642043
ITGB3,0.5641993
IRAK4,0.56419665
INO80B,0.56419384
NDC1,0.56419194
BFSP1,0.5641915
MAPRE1,0.5641902
GLCE,0.56419003
MIEN1,0.5641894
ITGB7,0.5641824
PSMF1,0.5641812
PIAS3,0.56417406
KIF23,0.5641721
ATG4B,0.56416297
ACOT13,0.5641543
PDK3,0.56415415
MEX3C,0.5641528
NFKBIZ,0.5641515
CRY1,0.5641482
OAS1,0.5641465
F12,0.56414306
NELFB,0.5641415
MAPK14,0.56414133
MCUR1,0.5641282
PPP1R15B,0.5641269
PAXIP1,0.5641245
MSL3,0.56412303
GALNT18,0.56412154
MEF2D,0.5641154
DNAH1,0.56411237
KCNAB2,0.56410766
MTR,0.5641033
MRPL34,0.56410074
MOCS1,0.5641002
FCGRT,0.56409705
PKP3,0.56409204
MRPS34,0.5640913
DUSP1,0.5640862
MAPK8IP1,0.564084
KRI1,0.5640784
PACS2,0.56407577
NOP16,0.56407017
DUOX1,0.56406826
LRP12,0.5640646
MLEC,0.5640595
LCLAT1,0.56405383
GALK2,0.56405306
ATG16L2,0.56405085
PHACTR1,0.56404763
LSP1,0.5640451
EPB41L5,0.5640443
ADAT2,0.564044
AXL,0.56404084
GPR180,0.5640398
CITED2,0.56403905
MAP3K7,0.5640387
LTBP1,0.56403446
PLD6,0.56403244
MTHFD1,0.56402916
MORF4L1,0.5640244
INO80C,0.56401396
NASP,0.56401205
MAPK12,0.5640093
CACNA1C,0.56400645
CD96,0.5640062
GTF2A2,0.5640056
MRPS12,0.56400424
PJA1,0.5640034
NDUFA10,0.564
EVI2A,0.5639998
B3GAT3,0.56399685
ITGB1BP1,0.56399655
BTN3A2,0.5639963
ALDH1A1,0.5639889
ENPP1,0.56398416
MED27,0.56398165
NSUN4,0.56398016
MRPL45,0.5639786
MRPS18A,0.56397694
LRWD1,0.5639761
NOP2,0.5639745
MFF,0.563974
MRPL22,0.56397057
KPNA6,0.56396735
ARHGEF15,0.5639624
KIF14,0.56396145
NOL6,0.5639587
NIPSNAP1,0.5639491
DYRK1B,0.563949
MFSD10,0.56394875
COL16A1,0.5639454
GRAP,0.5639449
MED15,0.5639445
MPHOSPH6,0.5639445
FBXL2,0.5639396
ITGA2,0.5639304
NRP2,0.5639295
NUBP1,0.5639259
CFL2,0.5639236
MRPS9,0.56392175
INTS1,0.563921
LIG3,0.56392026
DGKQ,0.56392026
MAP1B,0.5639185
KRT19,0.56391686
NFKBIA,0.56391555
OAZ2,0.56391174
ACSL4,0.56390977
CIB2,0.56390977
NDUFS2,0.5639091
NLGN3,0.5639053
ARNTL,0.5639
CIDEB,0.5638989
PPP1R13L,0.5638982
AFF1,0.56388634
GFI1,0.56388134
KLHDC2,0.563879
KIF5C,0.56387806
PLCB2,0.563878
JAM2,0.56387043
MCTS1,0.5638674
MGLL,0.5638646
PTPN22,0.56386405
IRF7,0.5638638
LRCH1,0.5638637
ASF1B,0.56385636
MYL12A,0.5638558
APOE,0.5638549
MAN2A2,0.5638522
LMF2,0.5638493
NUDT21,0.5638392
NOLC1,0.56383896
NUB1,0.5638389
NDUFB8,0.56383705
CSPG4,0.5638368
NDUFA3,0.5638313
ARHGEF2,0.56383073
MCM3,0.5638257
JOSD2,0.56381875
NT5C3A,0.5638146
MRPL54,0.5638137
NEIL2,0.5638105
LEF1,0.5638074
RABIF,0.563801
PRICKLE2,0.56379944
ALG1,0.563792
MLXIP,0.5637918
EME1,0.56378686
ARFGAP2,0.5637841
HAUS5,0.5637811
NNMT,0.563774
RARB,0.5637734
CD86,0.56377274
MAP3K5,0.563771
LIN7B,0.5637707
PHF5A,0.5637688
FBXL3,0.5637668
OMA1,0.5637665
ATP8B4,0.5637639
NAA35,0.5637526
POLR3GL,0.5637502
NOD1,0.56374824
MYO10,0.56374544
NOP10,0.5637454
PCK2,0.5637445
NOC3L,0.5637429
PDSS2,0.56374174
PGM2,0.5637407
KIF27,0.5637389
NAA40,0.56372434
BAIAP2,0.5637236
RMDN2,0.56372184
KLC2,0.56372106
ATP6V0B,0.5637208
LRP5,0.5637112
IL6R,0.5637107
MRPS22,0.5637068
NCEH1,0.56370324
SHF,0.5637004
RABEP2,0.5636974
ANTXR2,0.56369597
NDUFAF5,0.5636954
NCL,0.5636937
PDE12,0.56369346
ALG13,0.56369203
PRPF38A,0.56369203
PDPR,0.56368876
MT2A,0.5636831
MED13,0.56368196
OSBPL1A,0.56368
MIS12,0.56367576
DTX3,0.563675
MAGOH,0.5636723
GRHL1,0.5636685
LRRC40,0.5636677
ORMDL1,0.5636669
GIT1,0.56366485
MED20,0.5636646
AIP,0.56365734
KCNJ14,0.5636567
NRBP1,0.56365556
NPNT,0.56365395
PYGO1,0.5636501
HARS2,0.56364775
CYTH2,0.5636434
MED6,0.56363755
E2F6,0.56363726
NCAPH2,0.5636354
PREB,0.56363493
LIN54,0.5636349
FAIM,0.56363267
CTBS,0.5636241
MOCS3,0.5636203
MAP4K2,0.5636192
NR1D2,0.5636187
CCS,0.5636185
ANAPC1,0.5636184
ASB7,0.5636147
NDOR1,0.56361365
ATPAF2,0.5636088
PRPF4B,0.5636073
OTUB1,0.5636067
POLR1B,0.56360525
PANK4,0.5636018
LPCAT4,0.56360114
PAK4,0.5635952
IRF2BPL,0.56359327
PAICS,0.563592
AP5M1,0.5635915
PCBD2,0.56358904
MIEF2,0.5635874
MYBL2,0.56358474
RPL22L1,0.56358296
NADSYN1,0.5635731
NUF2,0.56357306
NFE2L1,0.56357
NSUN2,0.56356794
NSMCE4A,0.5635673
CTSF,0.5635615
PREX1,0.56355566
F5,0.56355226
OGDH,0.5635514
PFDN2,0.56354773
MTA1,0.5635443
ELOVL7,0.56353956
MCM10,0.56353575
NAA15,0.5635317
CCNDBP1,0.56353056
HSPA4L,0.5635305
PPP1CC,0.5635302
MARVELD3,0.56353
LATS1,0.56352526
LONP2,0.56352484
ACSL1,0.5635248
NBEAL2,0.56352437
MTMR10,0.56351656
KIT,0.563515
ALAS1,0.56351364
MAN2B2,0.5635131
PGGT1B,0.5635122
MRTO4,0.5635011
ACADVL,0.56349653
NFYC,0.5634956
E2F2,0.5634937
NEIL1,0.5634867
FBXO15,0.563486
ARHGAP4,0.56348574
PAG1,0.5634834
RASAL3,0.56348026
FRS3,0.56347716
MRGBP,0.56347454
MIB1,0.5634733
MRFAP1,0.5634557
DYNC1I2,0.5634553
NBR1,0.56345475
RAB18,0.56345445
NES,0.56345224
JMJD4,0.56345224
NELFCD,0.56345046
NEMF,0.563449
PANK3,0.5634433
KIDINS220,0.5634419
MERTK,0.5634346
MAPK6,0.5634338
NRBF2,0.5634326
CRY2,0.56343126
CLDN15,0.56343037
SCNN1D,0.56342995
NDST1,0.56342715
MAFG,0.56342334
AMOTL2,0.5634161
OTUD5,0.5634141
MICA,0.56340724
JMJD6,0.5634068
PSMC2,0.5634053
HOOK2,0.56340325
MED9,0.5633972
MTMR1,0.56339616
EXOSC8,0.5633959
NDUFA4,0.56339544
PHB2,0.5633943
PSMD7,0.56339204
MAGOHB,0.56339014
DLC1,0.5633894
MAP3K4,0.56338894
OCRL,0.5633889
MAPK11,0.56338686
MANBA,0.5633847
MINK1,0.5633842
CASP10,0.56338096
DENND2D,0.56337607
MZF1,0.56337255
MCPH1,0.5633672
COPS4,0.5633618
CETN2,0.56336033
NFIX,0.5633593
OS9,0.56335855
LMAN2L,0.5633507
PPP2R5A,0.56334066
NEK9,0.5633365
BTN2A1,0.56333154
NIPA2,0.5633243
MED16,0.5633222
CORIN,0.5633211
CHMP2B,0.5633168
NFKBIB,0.56331295
NME7,0.5633129
RPGR,0.5633128
MRPS21,0.56330866
NHP2,0.5633081
NOTCH4,0.5633081
MFSD12,0.56330657
KIF20B,0.5633045
LONRF1,0.5633011
MELK,0.5632985
MAU2,0.56329703
LILRB2,0.5632939
HES4,0.56329066
PLP2,0.56328547
HEXIM1,0.5632836
KDM1B,0.5632832
KCNQ1,0.56327087
NCAPH,0.5632681
ACVR2B,0.5632678
DERL2,0.56326395
NGLY1,0.5632554
NMD3,0.56325537
NECAP2,0.56325424
IRS2,0.56324273
KCNIP4,0.5632425
MRPL16,0.56324065
PNP,0.5632401
CEP120,0.5632361
COA5,0.5632336
ALDH9A1,0.5632328
RMI1,0.5632296
NAP1L1,0.5632294
NCOA2,0.56322926
PPM1F,0.56322813
NDEL1,0.5632256
AMDHD2,0.5632251
NDUFAF6,0.56322145
NDUFAF2,0.56321615
MSRA,0.5632142
ATG16L1,0.5632141
PHLPP2,0.5632062
NR6A1,0.56320155
NSDHL,0.5632005
BUD31,0.5631995
EGR2,0.56319946
DISC1,0.56319934
NDUFV3,0.56319886
PPA1,0.56319755
NGDN,0.5631931
OPHN1,0.5631903
POLR2B,0.5631891
ARHGAP12,0.5631843
MTHFD1L,0.5631756
ALS2,0.56317556
MTMR6,0.5631741
MTFMT,0.56317407
ACIN1,0.563173
MX1,0.5631661
LAMTOR5,0.5631634
KIFAP3,0.56315875
MR1,0.56315786
ACAD9,0.56315583
ITGB4,0.56315494
GINS1,0.5631515
NOL10,0.56315047
GALNT14,0.5631447
PGP,0.5631444
MYSM1,0.5631443
NUP160,0.56313986
ACYP1,0.5631381
MBIP,0.5631364
PTGIR,0.56313634
NAA60,0.563131
PFKM,0.5631295
NAA20,0.5631272
ALG9,0.56312275
MTM1,0.5631227
MYCBP2,0.5631201
API5,0.5631189
NFU1,0.56311744
NOC2L,0.5631021
ORC2,0.5631015
MCRS1,0.5630992
PEX19,0.56309664
GPN2,0.5630939
MRPL10,0.56309325
NUDT16,0.56309247
NINL,0.5630923
ARHGAP11A,0.56309116
MED14,0.56308895
ATF7,0.563088
PTPRS,0.5630827
MTX2,0.5630773
RPL26L1,0.5630763
NUP54,0.5630758
AP4S1,0.56307536
LRFN1,0.5630691
NOL11,0.56306565
CHFR,0.56306034
NUDCD3,0.5630594
NHS,0.5630592
NPC2,0.56305385
BAK1,0.56305003
MAN1A2,0.56304663
ALPK1,0.5630421
MRPL3,0.56304204
GK,0.5630399
NONO,0.56303537
ACBD3,0.563031
ELMO2,0.5630262
HOXA10,0.5630223
RINL,0.5630142
LIN37,0.5630138
OXCT1,0.56301224
NDUFAF4,0.5630111
NUCB1,0.5630105
BTN3A1,0.5630102
COPS5,0.5630084
PCGF3,0.56300277
PPIF,0.56299525
NCKAP1,0.56299484
CYP2R1,0.56299394
KDM8,0.5629918
CXCL1,0.56298894
DHRS3,0.56298846
LLGL1,0.5629883
GALE,0.5629823
AMPD3,0.56297964
AGAP2,0.5629441
HIP1R,0.5629438
HAUS3,0.5629402
LPCAT2,0.56293607
NUP205,0.5629307
PICK1,0.56291956
LRR1,0.5629195
PPP1R16B,0.562915
PSME1,0.5629125
PTGFRN,0.56291145
NTPCR,0.56291115
MAT2B,0.5629049
PKD1,0.5629047
PIH1D1,0.5628985
KHK,0.56289816
NR2C2AP,0.56289464
PARK7,0.5628902
IRAK3,0.5628897
KRT5,0.5628849
NEDD4L,0.56288236
KLC4,0.56287813
NEK6,0.562878
PHLPP1,0.5628776
MRPL27,0.56287754
MYO7A,0.56287533
ST8SIA4,0.56286985
PLOD3,0.5628698
PTCD1,0.5628675
PRMT7,0.5628668
LNX2,0.56286657
PIWIL4,0.5628657
MZT2B,0.5628642
KLHL11,0.5628634
ITGA5,0.5628568
IKBKG,0.56285447
FECH,0.56285095
PLAA,0.5628492
PERP,0.56284887
POLDIP3,0.5628459
PNO1,0.5628363
NUP210,0.5628274
LIMD1,0.56282526
POP1,0.56282514
RIPK1,0.56282455
PEX2,0.56281626
SLC35A2,0.5628113
NFATC3,0.56279963
AOC3,0.56279254
NAA16,0.56279224
POM121,0.5627919
OAZ1,0.56279176
MMACHC,0.56279105
NFKB1,0.56278723
AIFM1,0.5627791
KIAA1549L,0.5627779
HECA,0.5627757
MRPS16,0.5627747
PFKFB4,0.5627721
NCALD,0.5627652
LHX6,0.56276137
NUDT16L1,0.5627594
AKR1B1,0.56275904
GPX3,0.5627578
SCIN,0.5627555
DYNC2LI1,0.56275535
PDRG1,0.56274384
POLR2C,0.56274253
FGD5,0.56273973
PALLD,0.5627385
KCTD15,0.5627375
NKIRAS1,0.5627347
MRPS18B,0.5627309
GKAP1,0.56273067
PHKA2,0.56272936
PCDHB3,0.56272787
C6orf120,0.5627236
HAUS1,0.56271935
HYI,0.5627162
OLA1,0.5627128
PSME4,0.5627089
PPP2R2A,0.56270516
NOB1,0.5627019
PHLDA1,0.5627013
NR4A2,0.5627009
IFT172,0.56269956
MED17,0.5626934
PDIA4,0.5626926
QDPR,0.56269234
MID1,0.5626904
POLR1E,0.5626873
MORC2,0.5626842
ATRIP,0.5626815
OPA1,0.5626813
FPR3,0.5626743
PANK2,0.5626699
MICU2,0.5626689
GPN3,0.56266606
MX2,0.562661
NDRG3,0.5626538
HERC5,0.5626458
MPG,0.5626446
GNG11,0.56264424
RAB11A,0.5626442
PPIL1,0.5626401
PGAM1,0.5626339
MIA3,0.56262815
PARP14,0.56261814
STRIP2,0.56261027
GCSH,0.56261
MRPL46,0.5625949
NUFIP2,0.56259036
PABPC4,0.5625833
PLCL2,0.5625805
PARD3B,0.56257707
MAPK3,0.5625708
PHC1,0.56257033
MAP2,0.56256706
MSH3,0.56256664
PDPN,0.5625658
MAK16,0.5625644
ATP8B2,0.5625637
NAA10,0.56256086
FBXO32,0.5625586
NUP93,0.56255835
HPS4,0.5625577
PRKAG1,0.5625574
DENND1C,0.56255543
ODC1,0.56255037
NACC1,0.5625489
PLXND1,0.5625484
PYGL,0.5625437
COQ10B,0.5625418
PARVG,0.5625358
PGD,0.56252575
PLEKHA7,0.5625207
PGAP3,0.56251603
HNMT,0.5625159
NDE1,0.5625121
NLN,0.56251186
ACVRL1,0.56250894
EPHX2,0.5625082
OBSCN,0.56249595
PDXDC1,0.5624959
ACACA,0.5624941
PNPLA6,0.5624909
NEIL3,0.56249076
PPP2R5B,0.5624885
MBD1,0.5624873
ACADS,0.5624856
PARP3,0.5624835
NCOA7,0.56248343
ACSL5,0.56248343
RAB40B,0.56247336
PDHB,0.5624731
PIGK,0.5624727
PRDX6,0.5624714
KBTBD8,0.5624685
GGT7,0.562465
FBXL14,0.5624632
MSRB2,0.56246287
LMOD1,0.562461
PHF1,0.56245977
OASL,0.56245106
PACSIN3,0.5624453
DUSP6,0.56243443
FAM160A2,0.562434
GPNMB,0.5624329
NEK7,0.562432
MMAB,0.56243014
KCNC4,0.5624292
PIPOX,0.562427
ATP8B1,0.56242156
PCNT,0.5624069
PDE7A,0.5624065
ORC1,0.56240183
NUP153,0.56239814
NAGA,0.5623973
COL8A2,0.5623942
DDHD2,0.562388
PINK1,0.56238127
PFKL,0.5623756
ARL4D,0.5623739
PWP1,0.56236947
MCM6,0.5623686
CREB3,0.5623652
MYADM,0.5623651
C15orf48,0.5623649
ANPEP,0.56236374
CCNE2,0.5623612
LPIN3,0.5623575
NFX1,0.5623547
HHAT,0.5623509
MTMR4,0.5623507
RRM2B,0.56234837
MPP6,0.5623481
PKN3,0.5623469
PARN,0.5623463
NOP56,0.5623423
MEMO1,0.5623406
PLEKHG2,0.56233704
NRIP1,0.56233686
POLA2,0.56233674
PAFAH1B1,0.5623358
ADORA2B,0.5623333
CXCL14,0.56232804
CASP6,0.56232464
NEU1,0.5623246
PIK3C2A,0.56232435
PNN,0.5623229
IFT57,0.5623226
MLKL,0.56231636
ASB8,0.5623122
ASB13,0.56230974
PCCA,0.5623067
PSMD11,0.5623031
CD6,0.5623019
PRDX3,0.5622925
MIS18BP1,0.56229144
PHKG2,0.56229115
MYL5,0.5622896
NPLOC4,0.5622894
PNISR,0.56227976
PCYOX1L,0.56227887
SHCBP1,0.56227744
MAP1S,0.56227714
NFATC2IP,0.56227237
MCCC1,0.5622722
KMT2B,0.562271
POFUT1,0.5622672
MPP7,0.5622671
PC,0.5622637
NDUFA5,0.56225955
CUBN,0.5622583
CLCF1,0.5622579
RPS13,0.5622543
MRPS30,0.5622492
CHCHD5,0.5622482
PITPNA,0.562245
NSUN5,0.5622447
DPM3,0.5622445
RPAP3,0.5622422
PTPN23,0.56223816
SDC3,0.5622355
ACTR1B,0.5622324
ADM,0.5622305
NUTF2,0.56222796
NOMO3,0.56222355
BMP4,0.5622213
PDCD6,0.5622212
RNF135,0.56221825
PAQR8,0.5622165
MOB1B,0.56221324
PA2G4,0.5622087
MOK,0.562205
NINJ1,0.56220454
MECR,0.562202
NDUFS1,0.5622005
MTUS1,0.5621962
PACSIN2,0.562196
ALKBH3,0.5621894
ATP6V1C2,0.5621876
PMPCB,0.5621874
PRR5,0.5621872
PIK3AP1,0.56218624
NIPBL,0.562182
PPP2R1B,0.562182
NEDD9,0.5621796
RND1,0.562179
ACAA2,0.56217223
PPP5C,0.56216997
PPP1CB,0.5621652
PAFAH1B3,0.5621532
KRBOX4,0.5621527
NAIF1,0.5621524
NET1,0.5621487
CDKN2AIP,0.5621482
NCBP1,0.5621477
NSA2,0.56213915
PKP2,0.5621382
NFIA,0.5621378
NUP155,0.5621346
NCBP2,0.56212115
MSH5,0.5621153
ACOT8,0.562113
NUSAP1,0.5621124
PLCL1,0.56211025
ADAM22,0.5621081
COMMD8,0.5621075
NDUFB10,0.5621021
PLIN2,0.56209373
PDLIM5,0.562092
NAT1,0.56208366
PAPOLA,0.5620718
POLL,0.5620675
LMBR1L,0.5620666
PSMD2,0.56206495
CD247,0.5620572
RPL7,0.5620557
C1GALT1C1,0.5620538
POMP,0.562047
KIF21B,0.5620439
NEK2,0.56204176
PABPC1L,0.56203985
PDCD7,0.56203693
MIDN,0.56201154
PCID2,0.56200725
NEK1,0.56200397
RNF8,0.5620015
MZT1,0.5619995
SPARCL1,0.56199574
PGM1,0.5619921
PGF,0.561987
PTP4A3,0.56198245
PDCL,0.56198066
KCNAB1,0.56198007
POLR3A,0.56197923
PEX13,0.561979
PRDX2,0.5619783
OXSR1,0.5619745
DOLPP1,0.56197315
ABI3BP,0.56197184
POLR2H,0.56197125
DMTN,0.56196815
MCF2L,0.5619681
PPP1R12A,0.56196666
ABHD12,0.5619642
PHYKPL,0.5619559
PCBP4,0.56195307
POLK,0.5619508
GLDN,0.5619383
PRICKLE3,0.56193733
PRKD2,0.5619349
PLCB3,0.56193066
PDIA3,0.5619294
PARVB,0.56192386
RFC4,0.5619223
MPP2,0.56192034
PDCD4,0.5619146
MRPL50,0.56191224
ORC5,0.5619122
PNPLA4,0.56191075
PSMD8,0.56190866
ACTL6A,0.5619065
NUP107,0.5618987
RAB9A,0.5618935
NEK8,0.56188583
PECR,0.56188506
GBP1,0.5618842
PGRMC1,0.5618808
PES1,0.5618798
PTPN21,0.56187874
ATPAF1,0.56187564
NDC80,0.56187093
MYBBP1A,0.5618685
PHF20,0.561865
PAWR,0.5618612
RHOT2,0.5618579
MAP3K9,0.5618515
NOL8,0.56185126
PLRG1,0.56184787
NUDT19,0.56184614
REV1,0.5618443
RBM7,0.5618374
ACAP2,0.5618363
NSMAF,0.5618351
POLR3B,0.5618347
NUMA1,0.5618347
OAS3,0.5618272
GOLGA1,0.561826
MCM8,0.5618214
RAB3GAP2,0.56181705
NUP62,0.56181335
PARD6G,0.5618079
IER3,0.5618058
NPHP4,0.5618053
POLR2L,0.5618045
PPFIA1,0.56180245
PIK3C3,0.56179243
RETSAT,0.56179076
PIGA,0.5617852
PKIA,0.561785
RFXAP,0.5617849
NAMPT,0.56177956
P4HA1,0.5617715
MICALL1,0.5617699
NCK2,0.5617595
ARHGEF28,0.56175876
NUAK1,0.56175834
PDE1A,0.56175536
NUP188,0.5617503
PAAF1,0.56174743
PLOD1,0.5617464
ITGA4,0.5617428
NDN,0.56173307
NARS2,0.5617318
MUL1,0.56173134
NIPSNAP3A,0.5617238
PDE3B,0.56171995
PTPN9,0.5617179
PSMG3,0.5617164
RAP1GAP,0.5617162
GALC,0.56171054
GATM,0.56171006
POLD3,0.5617096
NMRAL1,0.5617084
MRPL21,0.56170565
NDUFA12,0.56170464
SIGIRR,0.5617031
FUT4,0.56169844
PSME2,0.56169784
FBXO4,0.56169677
NAPEPLD,0.56168896
NDUFAF7,0.5616865
PDCD11,0.5616846
NCF4,0.5616833
MRPL18,0.5616832
NR2C2,0.5616831
PDLIM4,0.56168133
MAD2L1BP,0.5616798
FDXACB1,0.5616774
MARK4,0.56167537
OSBPL5,0.56167513
C2,0.561672
PRPSAP2,0.5616716
PDLIM1,0.5616679
RFX7,0.56166595
PRPS1,0.56166476
MCM9,0.5616547
GADD45G,0.56165004
PLA2G4A,0.5616497
PIKFYVE,0.56164265
PLK2,0.561638
PARP12,0.56163275
NPAS2,0.56163013
LNX1,0.5616249
MINPP1,0.5616226
PJA2,0.56162244
RAMP3,0.5616179
U2AF1L4,0.56161654
DOCK11,0.56161183
PMF1,0.5616101
RANBP3,0.5616039
HUS1,0.56160104
COL11A2,0.5615989
MRPL24,0.561593
LTF,0.56159145
MBD6,0.5615898
NFRKB,0.5615876
PQBP1,0.5615867
PEX10,0.56158423
NID1,0.56158173
PNRC2,0.561575
RAB3GAP1,0.56157315
ACOT4,0.5615678
MIB2,0.56156594
NCAPD3,0.5615619
PLXNA2,0.56155825
PSMC5,0.5615532
NUDT3,0.5615484
PTPRA,0.56154704
MVP,0.56154484
NOP58,0.56154263
PI4KB,0.56154203
RAD54L,0.56153995
PDE8B,0.5615363
NDUFAF3,0.5615314
OSGEPL1,0.56152815
PABPN1,0.5615267
NDUFA13,0.56152624
MYLK,0.5615198
MTSS1,0.56151885
PDS5A,0.56151414
NUFIP1,0.5615044
PLCG2,0.5615022
PEX11B,0.56149966
PTTG1,0.5614976
RAB24,0.5614965
ACOX1,0.56149364
AASDHPPT,0.5614931
BIN3,0.56149286
NOP14,0.56149256
PSMC3IP,0.5614838
PCDH7,0.56148255
MICAL2,0.56148094
PEA15,0.56147885
PIGU,0.56147087
POLR2A,0.56147045
PARVA,0.56147003
PCDHB5,0.5614666
PDE4B,0.561455
MRPL1,0.5614523
PRNP,0.561449
MRPL13,0.56144816
NADK2,0.5614402
MPHOSPH8,0.5614363
PI4KA,0.56143343
PARD3,0.5614288
RRP9,0.5614275
RAB3IL1,0.56141853
PSMB1,0.5614174
CHCHD10,0.5614072
PRKRA,0.56140053
EHD3,0.56139797
PPCDC,0.5613941
LAMP2,0.56139195
PLEKHM2,0.56138915
PHB,0.561383
PGM2L1,0.5613661
PPL,0.56135535
PFN1,0.56135404
PPP1R18,0.56135345
RHPN1,0.5613508
ANO7,0.56134397
DNAH5,0.5613357
RRAGB,0.5613322
NFKBIL1,0.56132025
NIF3L1,0.56131876
ITGAM,0.5613176
MYOF,0.5613173
ALG11,0.5613124
RFX5,0.5613035
PPCS,0.5613017
B9D1,0.5612974
MMP28,0.5612946
PDE10A,0.5612942
NABP1,0.56129086
PPP1R11,0.56128275
RAB25,0.56128275
PKM,0.5612813
PRPF40B,0.5612813
ORC4,0.56127596
MIER1,0.56127423
POLR2G,0.56126803
IL10RB,0.5612676
PDE4D,0.56126237
ABLIM3,0.56126076
NAPB,0.5612607
PARP2,0.5612582
PSMB4,0.56125253
PDCD5,0.5612438
PGAP1,0.5612384
RACGAP1,0.5612377
NOMO1,0.5612369
PLXNB1,0.5612362
PIGT,0.5612316
IL17RC,0.56122655
PDHA1,0.561218
NLGN2,0.56121707
MID1IP1,0.561216
PRKD1,0.56121594
RAD23A,0.56121314
S100A9,0.56121254
OBSL1,0.5612119
PRKAR1B,0.56120634
KLHL22,0.561201
PDXK,0.5612009
PLD3,0.5611957
DCLRE1A,0.5611945
APLF,0.5611923
RAB1B,0.5611914
PLXNA3,0.56119096
REEP5,0.56119055
LY96,0.5611893
MPND,0.5611854
RBM22,0.561185
APRT,0.5611817
RIT1,0.5611812
NXT2,0.5611736
HSD11B2,0.5611725
PEX14,0.5611708
POLM,0.56117046
PDE3A,0.56117034
RAB30,0.5611692
PKN2,0.5611674
PRKCH,0.5611653
PUS1,0.5611634
RFC5,0.5611586
NPRL3,0.56115395
PTPN12,0.56115186
OTUD7B,0.56115097
PELI1,0.56115
FBXO6,0.56114566
KAT2A,0.5611379
POLR2D,0.56113577
AGL,0.5611346
NCLN,0.5611319
ARSB,0.5611284
CHKB,0.5611283
PPP6R2,0.56112754
PLEC,0.5611258
OGT,0.56111264
PPRC1,0.56110805
RCCD1,0.5611044
POLR2F,0.56110257
ACADM,0.5611019
ABCF3,0.561096
MSX2,0.5610897
RAB4A,0.56108373
PANX1,0.5610826
PPP1R13B,0.5610742
PBK,0.56107336
RASGRF2,0.56106704
NUP133,0.56106514
RRS1,0.5610536
PDPK1,0.5610488
LRP4,0.5610471
RER1,0.56104606
NUBPL,0.56104606
MMP15,0.5610459
MED8,0.5610453
POLB,0.5610451
RAB4B,0.5610438
LIF,0.56104285
PDGFC,0.5610355
NDUFA8,0.56103045
PIK3R3,0.5610186
PKN1,0.5610182
PRKAR2A,0.56101364
NR4A1,0.56101304
PSMD3,0.56101155
ING2,0.56101084
LFNG,0.56100893
RAB5B,0.56100684
RHNO1,0.5610022
RAB14,0.5610021
LMBRD1,0.56099546
MRPL41,0.56099457
ABCD4,0.5609912
PMVK,0.56098825
PPP1R10,0.5609872
MGAT4A,0.5609845
PIR,0.5609825
PTPN2,0.5609805
RBL2,0.56097424
RAD51C,0.5609739
PPM1A,0.56096923
ACO1,0.56096613
MOGS,0.56096494
MFSD2A,0.56095576
PDE7B,0.56095445
PKP4,0.56095326
SCO1,0.5609522
ACAP1,0.56095165
PEF1,0.5609484
RANBP1,0.5609479
PIP5K1A,0.5609444
PUS7,0.5609349
PSMB3,0.5609347
PTDSS1,0.56093353
NME3,0.5609309
ADSL,0.56093067
GAS2L1,0.5609291
PRMT6,0.56092274
PPIB,0.5609211
RALGAPB,0.56091875
NR1H3,0.56091535
ACP2,0.5609138
NFIL3,0.56090784
ADAM23,0.5609075
ORMDL2,0.5609069
PEMT,0.56090456
PSMB7,0.5608969
SEL1L,0.5608928
ACO2,0.5608919
POLA1,0.56089187
PYCR1,0.56089085
PLEKHG5,0.5608892
NT5C,0.5608889
PDE4A,0.56087595
RMDN3,0.56087524
CBR4,0.5608698
PIF1,0.5608687
CAPN5,0.56086826
RPL17,0.5608629
PPP1R14B,0.5608585
PTPN13,0.5608582
NOTCH3,0.56085724
PAN3,0.5608559
MRPL9,0.56085384
B3GALNT1,0.5608532
NPTN,0.5608503
AAAS,0.5608479
NADK,0.5608474
APH1B,0.560845
PEX3,0.56084484
MRPL39,0.5608446
MPP1,0.560839
RAB3IP,0.5608379
PDE6D,0.56083286
MRPL47,0.56083137
PBDC1,0.56083006
PRDX1,0.56082255
PLK1,0.56082165
PRKRIP1,0.5608209
PPP2R1A,0.5608175
PRKAR2B,0.5608175
PNPT1,0.5608148
FOXP3,0.56081194
OAT,0.56080985
PSMD9,0.5607983
AAK1,0.5607963
PPM1D,0.56079066
RBM14,0.5607805
RAD52,0.5607804
PDCD6IP,0.56077754
PPP2CA,0.56077486
AACS,0.56077206
PCDHB15,0.5607674
PRR5L,0.5607623
PSMA7,0.5607607
PFKP,0.5607542
PLS1,0.56075406
RUNDC3A,0.560753
AAMP,0.5607477
RAB10,0.5607445
HSD11B1L,0.560742
RRP7A,0.5607405
RBCK1,0.56072676
PATL1,0.5607267
ISCA2,0.5607242
ADH5,0.560724
NELFA,0.5607213
PRPF8,0.5607196
PCSK5,0.5607173
MON1A,0.5607145
MTF1,0.5607068
MCEE,0.5607058
PTDSS2,0.560704
NRP1,0.56070226
RALB,0.56069124
POLI,0.5606884
NCKAP1L,0.5606881
AASDH,0.56068796
ACTA2,0.56068605
RIN2,0.5606792
NLRC5,0.5606787
PTMA,0.560677
STK11IP,0.56067634
MLH3,0.56067383
RAB1A,0.56067234
NDUFA11,0.56066835
PSME3,0.56066066
PIK3C2B,0.5606603
PDK1,0.56065804
PPM1K,0.5606522
PELI2,0.56065106
ABCE1,0.5606504
MYH3,0.56064856
ABI2,0.5606479
POLD2,0.5606475
PDK4,0.5606447
PHF8,0.5606432
POLR3D,0.560643
GBP4,0.56063867
PPP1R9B,0.56063515
PLCG1,0.56063235
PAPSS2,0.5606311
NMT2,0.56062776
PDK2,0.5606276
PIP5K1C,0.56062627
FPR1,0.56062424
RHPN2,0.56062365
OTUD3,0.5606229
RAB34,0.56061447
PLCB4,0.56061083
ORMDL3,0.56061035
REC8,0.56060773
PBX3,0.56060743
PFN2,0.56059563
AATF,0.56058836
PRPF19,0.56058633
RASGRP2,0.56058615
PTPRE,0.5605856
NEDD1,0.56058323
NRCAM,0.5605827
AASS,0.56057864
ABCA1,0.5605782
P2RY11,0.56057304
PSMD1,0.56057024
S100PBP,0.56057
PUM1,0.56056744
ABLIM2,0.56056154
RAB11B,0.5605584
PLK3,0.56055653
MRPL40,0.56055605
ABCC1,0.5605556
RAPGEF5,0.5605547
PUM2,0.56055397
PPP1R7,0.56055367
PFKFB2,0.5605483
PHF19,0.5605435
ABCC3,0.56054235
MYO1F,0.56054044
RPE,0.5605242
PVR,0.56051064
PLXNB2,0.56050974
PIGO,0.5605087
PDXP,0.5605083
PHC3,0.5605051
POGZ,0.56050396
POU2F1,0.5605012
PRKCA,0.56049913
RBM25,0.5604962
PSAP,0.56048244
RNF41,0.56048226
MTO1,0.5604805
PTRH2,0.56047475
ABCB4,0.56046396
PARP9,0.5604639
AARS2,0.5604594
ABCD3,0.5604584
OPN3,0.56045514
SCCPDH,0.560449
PSEN1,0.5604389
PRPF6,0.5604376
ACER3,0.56043535
PRPF40A,0.560425
ADAM9,0.5604204
PEX6,0.56041807
PSMG2,0.56040895
RAD18,0.5604076
RNF19B,0.56040525
PLEKHG4,0.56040525
PPP1R15A,0.56040066
PRCP,0.56039923
NLK,0.5603978
PRR12,0.5603971
PRPSAP1,0.56039315
IL15RA,0.5603912
RCOR2,0.5603909
PCGF1,0.5603908
PUF60,0.5603902
PAM16,0.56038874
ENPP2,0.56038374
RDX,0.56038266
RALGPS2,0.56038076
PTGES3,0.56037915
PAN2,0.5603789
PTBP2,0.5603766
STX11,0.56037515
PLEKHA8,0.56037414
PTN,0.56037265
RASSF2,0.5603725
PMEPA1,0.560366
PLXNA1,0.5603649
A1BG,0.5603644
FBXL8,0.5603612
PURB,0.56035376
ADCY6,0.5603488
PPARA,0.56034833
PTAFR,0.56034803
PHF21A,0.5603454
RHOBTB1,0.56032664
RAP1B,0.5603258
PLOD2,0.5603245
ARL4A,0.56032336
PEX26,0.5603159
ABCA7,0.5603139
RBPJ,0.56031173
PIP4K2A,0.5603116
RPIA,0.56030947
PPP1CA,0.56030875
PFKFB3,0.5602977
PLA2G15,0.5602975
GIMAP8,0.5602945
PCGF5,0.5602938
STX12,0.5602865
ABCA2,0.560285
DPCD,0.56028074
ABCG1,0.5602806
KCNAB3,0.5602805
RAB37,0.56027883
ABCB6,0.56027824
PURA,0.56027675
SLC30A1,0.5602743
RAB13,0.56027263
ABI3,0.56026536
PGAM5,0.5602642
PPP4C,0.5602586
CDKN3,0.5602531
RCSD1,0.56025267
PSMB10,0.5602515
RAD50,0.5602513
RNF31,0.5602398
ABCF2,0.56023717
RHOG,0.5602294
RCC2,0.5602252
RBM39,0.56022245
NOC4L,0.5602205
ALDH4A1,0.56021196
PAPSS1,0.56021166
BRF2,0.56020325
SMNDC1,0.5601986
PSMA1,0.56019765
RBBP9,0.5601973
MED4,0.56018597
AK9,0.5601797
TIMM8A,0.5601709
PISD,0.5601693
PRKCD,0.5601672
RBM8A,0.56016463
PGS1,0.5601619
PLAGL1,0.5601568
RBMX,0.5601532
STAG3,0.5601522
PSMD12,0.56014985
PAK6,0.5601486
CYB5R1,0.5601478
RAP2A,0.56014717
PTPN14,0.5601468
RFC1,0.56013906
PHKB,0.56013817
PCGF2,0.56012803
SDHAF1,0.5601185
PLEKHA2,0.56011426
SCRIB,0.5601102
RRN3,0.56010705
PSAT1,0.5601013
POFUT2,0.56008977
PLTP,0.5600844
SNAP29,0.56008387
RIC8A,0.5600792
PRKCSH,0.56007856
PPM1L,0.560078
PASK,0.5600773
GLS2,0.56007713
RGS17,0.5600711
NSFL1C,0.560071
PRC1,0.5600703
LAG3,0.56006694
PRPF3,0.5600622
PTMS,0.5600609
PLEKHG3,0.5600539
AP3M1,0.56005365
PLD1,0.56005335
PRKCI,0.5600532
PSMB9,0.5600489
SSH3,0.56004775
PPP6R3,0.5600477
PPIL2,0.56004477
POLR2I,0.5600428
PRKDC,0.56003714
RABEPK,0.560035
NPDC1,0.56002766
SEMA4F,0.5600245
AQP3,0.56002355
RFC2,0.5600226
PPAT,0.5600193
DET1,0.560015
SMPD1,0.56000507
RGS19,0.56000376
PAIP1,0.56000316
PGAP2,0.56000274
RAG1,0.5600004
MAPK13,0.55999595
PSMB5,0.5599913
PPP3CC,0.55998665
RBM4,0.559981
RNF216,0.5599809
RPS27L,0.55998087
MOSPD2,0.5599799
RBFOX2,0.5599736
PTGES2,0.55996317
NFASC,0.55996203
RIN3,0.5599588
PANX2,0.55995727
NXF1,0.55995655
POLE3,0.55995566
PRKCE,0.55995333
PPARD,0.55995274
PEX7,0.5599472
SDF2,0.55993587
PTK2,0.5599304
NOL7,0.55992615
POLR1A,0.55992603
RBP1,0.55992156
NTN4,0.5599133
PPP4R2,0.5599049
PTPN1,0.5599049
BMI1,0.5599042
MRPS14,0.5598958
PCSK7,0.55989444
NUP43,0.5598939
QRSL1,0.559891
POLQ,0.5598894
RASAL2,0.5598888
PBX2,0.5598885
SMARCC2,0.5598854
PPP3R1,0.559882
OPLAH,0.55987877
RORA,0.5598506
PRDX5,0.5598428
POU2F2,0.5598394
PPM1B,0.5598217
POMGNT2,0.5598136
MOAP1,0.5598108
PHC2,0.5598054
OCLN,0.5598042
SYNE1,0.5598035
RAD51AP1,0.55980283
PTPRU,0.55979973
PRMT5,0.559798
RNF130,0.559798
PTBP1,0.55979794
RAN,0.55979645
RGS10,0.5597829
NR5A2,0.55977887
RAB11FIP3,0.55977464
PLSCR1,0.55977446
PCOLCE,0.5597684
SMARCA2,0.5597634
RAD54B,0.5597629
NAA30,0.5597601
RPS21,0.5597598
PIGL,0.5597529
SCLT1,0.55975246
EFNB1,0.5597505
PPP2R5E,0.5597444
BNIP1,0.5597425
PRDX4,0.5597376
RNF34,0.5597313
MST1R,0.55972666
PRPF18,0.55972636
PCDH18,0.5597228
RANGAP1,0.5597223
PNKP,0.5597212
MVB12B,0.55971766
RBBP8,0.55971336
PHLDA3,0.55971164
C9orf72,0.55971146
IKBKE,0.5597113
MAP3K10,0.55971104
PDE8A,0.5597095
RAB20,0.5597095
IL12RB1,0.5597023
RAB27A,0.55969447
PSMA4,0.5596941
FUNDC1,0.55968755
RCAN1,0.5596739
PPIP5K2,0.5596722
RPL36A,0.5596698
SLC25A20,0.5596628
BBS7,0.559662
PRKACB,0.5596608
RBM15B,0.5596539
CTHRC1,0.5596508
RBBP4,0.55964786
DALRD3,0.5596417
MMP17,0.5596409
RUFY1,0.55963635
PSEN2,0.55963504
PITRM1,0.5596288
RAB21,0.55962443
RNF5,0.55961907
LRRK2,0.5596094
PRKAA1,0.559607
RP2,0.5596051
TAOK3,0.5596031
PRDM4,0.55960125
NFS1,0.5595975
MYBL1,0.5595927
SF1,0.55956465
SERPING1,0.559562
PPP4R1,0.5595618
PRKAB2,0.55956084
EVI2B,0.5595591
PLK4,0.5595584
KCNH2,0.5595579
MRPS36,0.559555
HOXD3,0.5595494
PTCD3,0.5595464
RNF139,0.55954516
RPRD1B,0.5595421
PLA2R1,0.559541
PPP2R5C,0.55953836
RABGGTB,0.5595373
PPP1R12C,0.5595366
RC3H1,0.55953354
RNF7,0.55953157
RPL19,0.55953
RAB5C,0.5595274
ZNF354C,0.55952424
SEC62,0.55951995
POLR2J3,0.5595159
TMED3,0.55950785
PIGB,0.5595069
RAB11FIP4,0.55950564
RPP38,0.5594929
RAPGEF6,0.5594913
PPFIA3,0.5594824
RAB31,0.5594794
SRF,0.5594788
RNPC3,0.559467
RRP1B,0.5594653
RPL24,0.55946183
SEC61A2,0.55946106
PPARGC1B,0.559455
RAC2,0.55945396
RPL18A,0.55945265
SDCCAG8,0.5594517
RRP15,0.5594483
NSUN6,0.5594442
SF3B5,0.55943894
ROCK2,0.55943716
RBBP5,0.5594344
SLC25A22,0.5594331
CLUAP1,0.5594303
COL6A1,0.5594295
RBBP7,0.5594206
RAB2A,0.55941415
PSMC3,0.55941075
RBX1,0.5594092
RPRD1A,0.55940634
RALBP1,0.5594057
PSMA5,0.55940205
RHBDF1,0.55938953
PTPN4,0.5593842
SH3BP4,0.5593732
PAFAH2,0.55937046
SLC1A3,0.55936676
PTPMT1,0.55936605
PXN,0.5593649
NSMCE1,0.55935854
SIN3B,0.5593544
SLC27A2,0.5593524
DHX58,0.5593504
PKD2,0.5593405
KCNC3,0.5593376
RAB38,0.5593176
PTPRJ,0.55931455
PGM3,0.5593108
RPL23A,0.5593072
SH2D2A,0.5593025
PIGQ,0.5593019
RPF1,0.55929834
MLPH,0.5592903
PPP2CB,0.5592876
PPP3CA,0.5592866
PSPC1,0.55927896
PRMT1,0.55927736
SATB1,0.5592702
RLIM,0.5592701
LCAT,0.5592696
SUMO3,0.55926675
PSMC6,0.5592627
PSMB8,0.55925745
RABGAP1,0.5592518
PITX1,0.5592505
SEC22A,0.55924976
RELL2,0.5592476
SHMT1,0.55923843
PIP4K2C,0.5592343
PITPNM1,0.55923057
SEMA3C,0.5592292
GALNT3,0.55922616
RPL8,0.5592203
PRKAG2,0.55921304
RBM19,0.5592098
RNF123,0.5592072
PHKG1,0.5592041
LZTFL1,0.5591996
SCNN1A,0.5591943
FGR,0.55918586
PIGG,0.55918545
PRKAB1,0.5591827
RAP1GDS1,0.5591759
RAB6A,0.5591668
IL17RB,0.55916554
STRADA,0.5591646
PSMB2,0.5591589
STX7,0.5591569
RPL10A,0.55914396
REPS2,0.5591255
PI4K2A,0.5591247
RNH1,0.55911386
RAPGEF1,0.5591105
PAIP2B,0.55910736
PTPRM,0.55910033
PRPF39,0.55909127
RBM17,0.55908555
GCNT4,0.55907637
RAI1,0.55906934
SPRY1,0.5590657
SAP30BP,0.55906326
PTK2B,0.5590625
RBM34,0.559051
PNPLA2,0.5590391
RNF152,0.5590275
KRT17,0.5590256
SETD6,0.5590219
PPIG,0.5590138
SLC9A3R2,0.5590098
TPRN,0.5590091
SEC11C,0.55900145
RPL27A,0.5589983
RIF1,0.55899763
SGSH,0.5589918
SORL1,0.55898505
RGS5,0.5589754
SIRT1,0.55897194
TMC6,0.5589698
SERBP1,0.5589552
RPL13A,0.55895483
TIMELESS,0.5589527
TAMM41,0.55895233
QPRT,0.5589507
RFX3,0.55894995
PBLD,0.55894095
RBM5,0.5589358
PTPN7,0.5589311
PLD2,0.55892897
PPT2,0.5589249
RTEL1,0.5589241
RRAGA,0.55892277
PRX,0.5589227
RBAK,0.55892223
PPP6R1,0.55891013
SCMH1,0.5589042
GORAB,0.55890256
RPS26,0.5588939
RPL13,0.5588898
PPOX,0.5588858
PDGFD,0.5588852
RERE,0.5588837
PDCD10,0.55888087
POLG2,0.55887747
KCNIP2,0.55886805
RPL15,0.55886436
RAD51D,0.55886286
RNF181,0.558862
SLCO3A1,0.5588603
RAB2B,0.55885947
PPP1R3B,0.5588578
KBTBD7,0.5588567
PYGB,0.5588524
RCC1,0.5588498
ROBO1,0.5588455
PIGV,0.5588388
SHMT2,0.5588346
SLC7A6,0.5588345
RPA1,0.55883265
RPL35A,0.55882937
POMK,0.55882925
FOSL1,0.5588292
NANP,0.5588289
RASA3,0.5588246
SIKE1,0.55882424
SARNP,0.55882
SGMS2,0.5588197
PMPCA,0.5588119
RBM28,0.5588028
HDAC11,0.5588018
RGS1,0.5588016
SCP2,0.5587919
RPL7L1,0.55879116
SMC3,0.5587875
PODXL2,0.558773
PPID,0.55877244
PARS2,0.5587706
THOC6,0.55876946
PHF11,0.55876744
SEC24D,0.5587664
REV3L,0.55876195
PIAS4,0.55876195
PDE5A,0.55876017
GNGT2,0.55875766
RAVER1,0.5587553
RNF114,0.5587545
RGL1,0.5587538
RPL36AL,0.55875313
PSMD4,0.5587525
IZUMO4,0.5587524
SCAF1,0.5587499
PPP2R5D,0.55874157
NIP7,0.55872804
OSMR,0.5587234
RASSF5,0.55871904
POLR3E,0.5587067
RAPH1,0.55870193
PNKD,0.55869555
SERPINB6,0.5586937
SF3B3,0.5586749
PHF2,0.55866957
RNASEH2B,0.55866677
PSMD10,0.55865896
SUN2,0.5586578
RASA2,0.5586552
SUPV3L1,0.5586433
SH3PXD2A,0.5586427
NR4A3,0.5586357
SNX2,0.55863494
RPS11,0.5586349
RAB8B,0.5586319
BMP8B,0.55862784
RABL2A,0.5586264
POLE2,0.5586261
NOL3,0.5586064
RHOBTB3,0.5586048
PPP3CB,0.55860394
TDP2,0.5586007
RNASET2,0.55859464
RPS6KB1,0.5585923
MAGEH1,0.5585781
NRL,0.55857635
RPS20,0.558576
RPL11,0.5585714
PFAS,0.5585705
RAB42,0.5585565
QTRT1,0.55855644
TAF9,0.55854666
RPL7A,0.5585449
PLA2G12A,0.55853426
SPAG16,0.5585331
MANEA,0.55853254
SCFD1,0.55851924
PMP22,0.5585167
RUVBL1,0.5585113
WBP4,0.558511
RPS15A,0.5585089
PCSK6,0.5585049
SMURF1,0.5585046
RPLP2,0.5585043
POLR3C,0.5584932
SLC11A2,0.5584886
RAB11FIP1,0.55848694
PYCR2,0.5584833
RBBP6,0.5584776
POMGNT1,0.55846983
RPL23,0.55845827
RAB6B,0.558458
PER2,0.55845195
SMARCD3,0.5584518
RPL12,0.55844665
STX1A,0.55844504
UBE3D,0.55844295
RHEB,0.55844086
RPS27,0.5584384
RPN2,0.5584245
RFX2,0.5584143
RPL3,0.5584138
SREBF1,0.5584115
RNF169,0.5584075
RNF125,0.55840176
NDUFA9,0.5583985
RECQL,0.5583976
RBPMS2,0.55838716
PIK3R4,0.5583871
RPL41,0.55838597
PYGO2,0.5583848
RGMB,0.5583754
MS4A4A,0.5583658
RABGEF1,0.5583633
PLEKHG6,0.5583595
SLC12A8,0.55835944
RGS12,0.55835813
SLC6A9,0.5583552
SATB2,0.558355
RPL32,0.5583543
RANBP10,0.55835015
NRN1,0.5583395
RUFY3,0.5583386
RCL1,0.5583363
SRGAP1,0.5583322
RPAP1,0.5583299
SLC25A25,0.5583243
SNRPG,0.55832416
SASS6,0.55831754
SLC26A6,0.55831665
SH3RF1,0.558313
STARD10,0.5583095
TBC1D10C,0.55830365
RPL27,0.5583032
PTPRF,0.5583019
DOK2,0.5582837
REEP2,0.5582781
RAB33B,0.5582772
RGS2,0.55827594
SHQ1,0.55827326
ITGA8,0.5582721
PTPRN2,0.5582618
PDHX,0.55825764
LRP3,0.55825627
SLC27A5,0.55825263
RPL31,0.55824924
TRIM32,0.5582471
RTF1,0.55824596
RPSA,0.55824226
RALY,0.5582392
PLAT,0.5582331
SRPX2,0.55823296
SRP72,0.5582317
P4HA3,0.5582229
REEP4,0.55822146
SURF6,0.5582132
PSMD5,0.55820656
RPL26,0.55820554
RELT,0.55818886
SACM1L,0.5581647
POP7,0.55815643
SKA1,0.5581558
SCYL1,0.55815476
QSOX1,0.5581485
SPINT1,0.55813956
RCAN2,0.55813265
SEC14L1,0.5581284
RGS16,0.55812657
RPTOR,0.5581247
RPS17,0.5581187
STK38L,0.55811125
RPL29,0.55810905
RARS2,0.55810297
SAMM50,0.5580989
SMG6,0.55807596
SENP2,0.55806816
SRRM1,0.55806637
SOD1,0.5580657
PHF12,0.5580615
SYP,0.5580526
RRAGD,0.5580521
RIOK3,0.5580492
SNRPC,0.55804867
RPAP2,0.55804294
PRPF4,0.55804205
RNF185,0.55804
RAD9A,0.5580379
REXO4,0.55803114
RPS6KA2,0.5580279
TCP1,0.55802315
SEC16A,0.5580018
SETD2,0.5579974
SP100,0.5579829
SMC4,0.5579806
SMCR8,0.557974
SLC39A1,0.55797267
RAI2,0.5579705
TST,0.5579539
SEC63,0.5579504
ITGA9,0.5579451
RPLP0,0.5579447
RANBP6,0.55794334
PRPF31,0.5579219
SARM1,0.5579155
RPL34,0.55791545
SERGEF,0.55791324
SPHK2,0.55790967
PRKX,0.55790555
SEC24C,0.55790484
SPRTN,0.5578979
RPS9,0.5578962
SEC22C,0.5578957
SGPL1,0.5578942
RING1,0.55788386
RPS29,0.5578783
SDAD1,0.55787385
TMEM11,0.55787367
PLB1,0.55787313
SEC31A,0.55787057
RPS18,0.5578683
RAP1A,0.5578652
SLMAP,0.5578651
MST1,0.55786246
TSFM,0.5578607
PRPS2,0.5578591
RMND5A,0.55785877
RUNX2,0.5578567
PDLIM2,0.5578476
SP1,0.5578453
RTN3,0.5578445
TUBGCP5,0.55783606
RAD23B,0.557833
SCARA3,0.55783063
PDP1,0.5578291
LMCD1,0.55781907
PMM1,0.557814
SPPL2A,0.5577964
RPS2,0.55779296
SUPT20H,0.5577688
PLCE1,0.5577639
VAMP3,0.55776006
RELA,0.5577566
STXBP3,0.5577561
RPS3A,0.5577559
SENP6,0.5577533
SYT11,0.55775213
PLCD1,0.5577433
COL17A1,0.5577385
SF3A1,0.55773705
RCOR1,0.55773157
SH3BP2,0.5577306
RASSF1,0.5577305
TERF2,0.55772644
SP3,0.55772424
RPS6KA1,0.5577205
RNF14,0.55771977
PREPL,0.5577167
SPARC,0.5577153
RICTOR,0.5577114
RIC8B,0.55771023
GRIN2D,0.5577081
SART3,0.557702
SCD5,0.5577016
SKP1,0.5576974
SH2B2,0.5576962
RPL37,0.55769324
ZNF383,0.55768836
SIN3A,0.5576873
SMG1,0.5576844
SCNM1,0.55767715
RNF220,0.55766964
PPP1R8,0.5576687
RPS5,0.55766755
SRGAP2,0.5576664
SRM,0.5576647
SCAP,0.55766237
SPTBN1,0.5576575
RFC3,0.5576559
SLC35B1,0.5576554
SKAP2,0.5576539
PIGW,0.557649
RPS4X,0.55764455
PDSS1,0.557642
PEX12,0.557637
NTM,0.55763626
OAS2,0.5576313
RXRB,0.55762863
RRP12,0.55762637
RNF217,0.55762273
RPS16,0.5576171
TAF5,0.55761296
SUGP1,0.5576111
PPP2R3C,0.5576011
SLC39A4,0.55760014
SAR1B,0.55759335
S100A11,0.5575929
ROR1,0.5575927
PLXNC1,0.5575861
TMEM63A,0.55758417
RPA2,0.5575803
SERINC3,0.5575715
RNF24,0.5575704
RAD1,0.55756736
RYK,0.55756545
PER3,0.55756265
RB1CC1,0.55755526
PELI3,0.55754226
SUGT1,0.55753994
SKIV2L,0.5575367
PNPLA7,0.5575347
RPUSD4,0.55752707
TBC1D25,0.55751586
TDRKH,0.55750686
RNF20,0.5575064
SCFD2,0.5575053
SHB,0.55750525
RAB12,0.5574966
SLC9A3R1,0.55749345
RPS6KB2,0.55748856
LIMS2,0.5574883
RCOR3,0.55748826
PIGC,0.55748236
SPAG9,0.55746955
SAV1,0.55746436
TCEA3,0.55746037
SBF1,0.55745524
SNRPD1,0.55745417
TFDP1,0.55744994
SNRPB,0.55744773
RPS3,0.5574338
SLC7A5,0.5574333
TMEM67,0.5574318
SPATA5,0.55742913
SMDT1,0.55742913
SAP18,0.5574208
SREBF2,0.55741924
SNW1,0.55740243
SNX17,0.55739456
PPFIA4,0.55738735
POLR3H,0.5573859
RNPS1,0.5573793
RBMX2,0.5573774
SPPL3,0.557368
SMYD3,0.55736434
SCAI,0.55735415
RND3,0.5573426
SORT1,0.5573425
STXBP2,0.55733806
SCARB1,0.5573344
SERPINE2,0.5573277
SETD1A,0.55732673
PRICKLE1,0.5573248
TRIM25,0.55731714
SEC61A1,0.55731654
SYNE3,0.55731565
SMURF2,0.5573111
SAFB,0.55729973
RPL6,0.5572974
PRMT3,0.5572848
SKAP1,0.55728275
SNAP23,0.55728227
RUVBL2,0.5572817
RCE1,0.55727684
STARD3,0.5572747
SDC1,0.5572702
RIMKLB,0.55726993
ST13,0.55726916
RAB8A,0.55726427
SMAD6,0.557264
SLC25A12,0.5572586
NDUFB6,0.5572488
LRFN3,0.55724525
RFFL,0.557245
RAB11FIP5,0.55724365
RNF103,0.557241
SRSF9,0.5572373
SMARCC1,0.557237
TBC1D13,0.557235
PHKA1,0.55723435
SEPSECS,0.5572309
PPIL4,0.5572227
RFK,0.55722207
RTN4,0.5572193
STAT2,0.55721885
PSENEN,0.55721766
RPS8,0.55721545
RTN4R,0.55720836
RIN1,0.55719787
RPRD2,0.55719733
USP43,0.5571971
SEC24B,0.5571952
TBC1D32,0.55719334
RANBP9,0.55719006
RGS14,0.55718756
TK1,0.557182
SLC2A3,0.55715567
RHOT1,0.557146
SEMA3F,0.55714214
SEMA3A,0.55714035
SLK,0.55713224
RASSF8,0.5571314
RNGTT,0.5571297
PREX2,0.5571281
RHBDF2,0.5571259
TNFRSF1A,0.55712503
SMAD7,0.55712414
SENP1,0.557113
RNF111,0.557107
SENP3,0.55710626
SLC3A2,0.5571034
SENP8,0.55709255
PILRA,0.5570904
SOS2,0.5570863
RAB3D,0.55708605
RNF38,0.5570782
RPS6,0.55707383
POP5,0.55707073
THOC1,0.5570651
SKA3,0.55706394
SNX5,0.55706346
THOP1,0.5570629
RCAN3,0.55706286
SESN3,0.5570542
TOR1B,0.55705297
RPS23,0.55705273
SCD,0.557048
SETX,0.5570408
RPL28,0.5570323
SLC2A1,0.5570263
VARS2,0.5570249
RGP1,0.5570107
SSBP2,0.55700755
SCAMP2,0.556998
STAU1,0.5569965
RASSF6,0.55699265
SPNS1,0.556989
RGCC,0.5569884
SCLY,0.55698663
NPL,0.5569863
STRN4,0.5569798
SMAP1,0.55696523
RPS12,0.5569646
POMT1,0.5569636
SLC16A3,0.556963
TROAP,0.5569579
PDZD11,0.5569518
SLC25A24,0.556947
TMOD1,0.556941
SSR4,0.5569397
OXTR,0.5569392
REXO1,0.55693847
RAB5A,0.55692565
SGPP1,0.556918
SMG5,0.5569177
SNRPB2,0.55691075
RHOQ,0.5569104
TBC1D24,0.556906
TAF6,0.5569056
RPL38,0.5569044
RORC,0.5569014
SPTLC1,0.55689913
TMED7,0.55688936
UBL7,0.55688816
TARS2,0.5568862
RCN1,0.5568824
TNKS2,0.55687606
SIK2,0.55686957
SAE1,0.55686915
SPRY4,0.55686104
SPTAN1,0.55685306
TMED1,0.556833
STARD13,0.5568329
RNF138,0.5568247
SETDB1,0.55681884
REEP3,0.55681866
SNRNP70,0.5568169
SF3B4,0.55680484
RGL2,0.55680263
TIMP3,0.55680263
STAT4,0.5567911
SEMA5A,0.55678797
SNIP1,0.5567802
SF3A3,0.556773
SNAPC3,0.55676913
SERPINH1,0.5567559
SYDE1,0.55675554
TMEM132A,0.55675393
LIPT1,0.55675006
SH3GLB1,0.5567404
SEPHS1,0.55673605
RPS15,0.5567358
PSMA2,0.55673486
ST6GAL1,0.5567348
SORBS3,0.5567347
TIMM23,0.55673283
TPGS2,0.5567309
RNF6,0.5567234
STAT5A,0.55672073
RPS7,0.55671096
SRP14,0.5567063
ST3GAL3,0.55670595
SSBP1,0.556703
SYTL2,0.5566964
PPP1R3D,0.55669504
RPP30,0.5566923
RBM42,0.55668813
SLC12A9,0.55667996
SMARCA5,0.5566792
SZT2,0.5566751
RARG,0.5566704
NDST2,0.5566701
STIM1,0.55666614
S100A6,0.55666614
SPR,0.5566656
SLC1A1,0.5566543
TRIM11,0.5566515
RRP8,0.5566434
SQLE,0.5566387
TAPBP,0.55663407
PDCL3,0.5566315
TOX4,0.5566287
SH3PXD2B,0.55662054
TANK,0.5566145
RHBDD1,0.5566139
SSR1,0.5566128
SLC39A7,0.55661094
SRPK2,0.55661035
SLBP,0.5566071
TIMP2,0.5566056
RYBP,0.5566053
STK38,0.55660427
SH2B1,0.5565949
LDHD,0.55659086
SLC25A5,0.55658954
SNX13,0.55657995
RNF2,0.55657697
SLC19A1,0.55657315
SEC11A,0.55657023
SBF2,0.55656683
RHOBTB2,0.55655736
SRD5A1,0.55655503
SGMS1,0.5565462
SEMA6A,0.5565461
SESN1,0.5565438
SLAMF1,0.5565418
TREX1,0.5565373
TGIF1,0.55653214
RNF40,0.5565269
RABGGTA,0.556524
RCHY1,0.55652267
PALMD,0.55651385
SKA2,0.5565104
STAT1,0.5565102
SAMD8,0.5565097
SLC25A13,0.5565095
SFSWAP,0.5565007
SMC6,0.5564958
SEMA6B,0.55649245
SF3B2,0.55649096
TEAD4,0.55648816
TSPAN33,0.556483
STK3,0.5564803
RGS4,0.5564759
TNFSF13,0.5564756
SNRNP200,0.5564684
TUBD1,0.5564621
TRIP13,0.5564601
SV2A,0.5564601
SDCBP,0.5564567
SHISA5,0.55645275
SPIRE1,0.5564483
SLC7A11,0.55644304
SNAP47,0.5564423
RNMT,0.55643797
SOX4,0.5564376
SHOC2,0.5564177
RPS19,0.5564163
TCERG1,0.55640984
SMCHD1,0.55640775
SSBP4,0.55640644
TRAIP,0.55640215
VPS37C,0.55639726
SRSF5,0.55639416
SPTLC2,0.55638915
SLC27A1,0.5563811
RNASEL,0.5563735
SERP1,0.5563725
RPS27A,0.5563713
STRIP1,0.5563662
SNRPD2,0.55636287
TBKBP1,0.55636245
SUPT5H,0.5563618
ULK3,0.5563536
SEH1L,0.5563502
TARDBP,0.5563495
VPS8,0.55634004
SRI,0.5563318
ST3GAL2,0.5563279
STK4,0.5563213
TBXAS1,0.55632055
RASGRP3,0.55631953
SLA2,0.5563137
PI4K2B,0.55631113
SMC5,0.5563096
SPRED2,0.5563068
RHOB,0.5563067
RIOK2,0.55630004
TRIM35,0.5562983
SERPINF1,0.5562868
RSF1,0.5562816
SLC30A6,0.5562753
REPS1,0.5562605
TERF2IP,0.5562552
PPWD1,0.556249
SREK1,0.5562443
RTN4IP1,0.55623883
TGM2,0.5562336
RAP2C,0.5562264
STX5,0.55622536
SLC44A2,0.55621177
PYCARD,0.55621016
PTS,0.55620676
TBC1D15,0.5562067
SNF8,0.5562027
RSL24D1,0.5562026
STXBP4,0.5562021
SNAPC5,0.5561906
TBC1D10B,0.5561857
TRNAU1AP,0.55617964
ZNF160,0.5561757
TRRAP,0.55617565
TOMM40L,0.5561677
UPP1,0.5561669
SCAMP1,0.5561574
SPTSSA,0.5561558
SSX2IP,0.5561491
SNRPA,0.55614716
TCTN3,0.55614537
UBAP1,0.55613685
SRCAP,0.5561351
SPATA2L,0.5561347
RNF168,0.5561333
POGLUT1,0.5561272
NID2,0.55612576
SH3D19,0.55612534
HARBI1,0.5561193
SNAPC1,0.5561092
RXRA,0.55610025
TADA2A,0.5560926
RNF25,0.5560916
STX6,0.5560841
TOMM40,0.5560775
NDUFA4L2,0.5560765
SUOX,0.5560701
TRAK1,0.5560687
TACC1,0.5560616
TRAFD1,0.55605805
SLC35D1,0.5560576
DUSP8,0.5560535
UBE2F,0.5560533
RIOK1,0.55604094
SART1,0.5560377
RTKN,0.5560361
STK40,0.55603427
TSC22D3,0.55602986
SH3GLB2,0.55602795
RUSC2,0.5560182
SURF4,0.556018
STK24,0.55599576
TYRO3,0.55599296
SRSF4,0.55599266
WDR36,0.5559873
TNFRSF10B,0.5559823
SSBP3,0.5559807
TFAP4,0.5559784
SEMA4G,0.55597746
TTC37,0.5559719
TGFBRAP1,0.5559698
SMARCAL1,0.55596447
SPDL1,0.5559625
SMPD4,0.55596125
SNTB2,0.55596024
STK25,0.5559555
ST6GALNAC4,0.5559551
TLE3,0.5559508
SEMA5B,0.5559496
SFI1,0.5559491
RRP1,0.5559467
SPSB3,0.55594176
TRIM44,0.5559405
TBK1,0.5559387
STAM2,0.55592954
TNFAIP8,0.5559254
RALGAPA2,0.5559251
SPTBN2,0.5559172
PLEKHA3,0.55591667
SNRPA1,0.555915
RRP36,0.5559063
SYNGR1,0.5559048
SOAT1,0.5558991
SNRNP27,0.55589664
SSH2,0.55589294
SPAST,0.5558898
WBP1,0.55588603
SNRNP48,0.5558852
RTCB,0.55588007
UBLCP1,0.5558755
SDSL,0.55586755
PPIH,0.5558641
SYF2,0.5558629
SRP9,0.5558623
TUBGCP6,0.5558567
ZNF71,0.5558514
SNX18,0.55584955
TIAL1,0.55584913
ZNF184,0.55584544
RSL1D1,0.5558367
RAC3,0.5558347
PPP2R3A,0.5558117
SEMA4C,0.5558101
RPS6KA5,0.55581
SEC24A,0.5558066
TPCN2,0.5557935
SH3KBP1,0.5557902
TBPL1,0.55579007
GGT1,0.5557855
SAFB2,0.5557823
ITGB6,0.5557795
MRM1,0.55577886
TBCB,0.55577606
SRR,0.55577374
TRAPPC8,0.55577356
SLC44A1,0.55577284
SKIL,0.55577
REXO2,0.55576766
RWDD3,0.55576646
ZNF354A,0.5557632
SLC25A28,0.5557614
SLC35A1,0.55575895
RTCA,0.55573994
UGCG,0.5557365
ZNF251,0.55573255
SLC22A4,0.55572385
TSEN54,0.55572337
ZBTB8OS,0.5557211
STRN3,0.5557179
SYNJ2,0.55571586
STX17,0.55571383
SEMA4A,0.5557124
TOP2B,0.5557108
STT3B,0.55570674
SMUG1,0.5557053
SLAIN2,0.5556919
SDC2,0.5556882
TCIRG1,0.5556846
TRIM6,0.5556731
SIK3,0.55567133
SLC25A17,0.5556662
TFIP11,0.5556613
SPG11,0.5556534
SIL1,0.5556431
SYNRG,0.55564284
TIFA,0.55563676
TBCD,0.5556364
SLC25A3,0.5556218
SPCS3,0.55561554
SLC35B2,0.55560845
SLC1A5,0.5556064
MCMDC2,0.55560046
SYTL4,0.5555886
SQSTM1,0.55558044
TAOK2,0.5555797
SRSF11,0.5555747
SLC4A2,0.55556864
SPATA2,0.55556726
PRRT2,0.55556214
TBCC,0.5555614
THAP1,0.5555556
SNRNP35,0.5555539
RBM45,0.5555502
TRAP1,0.5555476
SSB,0.55554414
TRMU,0.555542
UBAC2,0.55553746
SMARCAD1,0.5555318
SPN,0.5555302
TFCP2,0.55552924
SPRED1,0.55552876
THBS2,0.55552655
TCF7L1,0.55552465
TACC3,0.5555209
MMAA,0.5555203
ETV7,0.55551416
TARBP2,0.5555085
SMPD2,0.5555003
ZSCAN32,0.5554978
TNFRSF12A,0.5554929
SNRPD3,0.55549264
ROCK1,0.5554893
SPIDR,0.5554889
SPIN1,0.5554884
TMBIM6,0.55548304
TOR4A,0.5554704
SMAD1,0.5554523
TBC1D5,0.55544645
SORBS1,0.55543905
SERINC5,0.5554325
SULF1,0.55542433
SLC9A1,0.5554199
TESK1,0.5554125
SHPRH,0.5554121
ZNF664,0.5554086
NLRP3,0.55540615
TAOK1,0.555405
RSRC1,0.555404
SNX6,0.5553984
TBC1D1,0.55539644
SHC1,0.55539227
SRRT,0.55538404
ZNF112,0.55538404
UBA2,0.5553769
TLN2,0.5553759
RHOU,0.5553731
TM6SF1,0.5553696
SEC13,0.55536544
SORD,0.5553584
SSH1,0.55535805
SGK3,0.5553395
TPX2,0.5553292
STRAP,0.55532676
TERF1,0.5553202
SRSF1,0.5553156
TRPC4,0.5553099
ST3GAL6,0.55529577
SECISBP2,0.55529505
TACO1,0.5552945
RSU1,0.5552827
TEAD2,0.55528235
SPOPL,0.5552799
VAC14,0.55527663
UTP14C,0.5552752
RPGRIP1L,0.55527353
UBE4B,0.55526674
TGFBR1,0.55526674
TPI1,0.5552643
SNAPC4,0.5552615
SRP68,0.5552547
SYDE2,0.55525404
STX4,0.55525184
TGFBI,0.5552442
TBCEL,0.5552317
TOMM7,0.5552308
TRIM22,0.5552242
SUPT3H,0.555223
RPL21,0.55522007
STAP2,0.5552024
SIAH1,0.55520064
TRAF2,0.55519974
SEC23IP,0.5551978
TADA3,0.55519515
SUMF1,0.55519414
TEX10,0.5551894
SH2B3,0.55518574
USP25,0.5551795
SMU1,0.5551724
TRAF3IP1,0.5551652
PIGP,0.55515164
SPG21,0.55514914
TNKS1BP1,0.5551485
TAF1,0.5551392
TNXB,0.5551382
SYVN1,0.55513763
TIMM17A,0.55513066
RIPK3,0.55512327
TSR1,0.55511945
TRPM2,0.5551181
VPS18,0.5551086
SIRT6,0.5551051
TNRC6A,0.555102
TONSL,0.5551007
SPSB1,0.5550905
TIMM17B,0.55508935
SRRM2,0.555083
TTF2,0.5550824
SESN2,0.55508155
THOC2,0.5550758
RAPGEF4,0.5550733
THUMPD1,0.5550717
TUFM,0.5550681
TM7SF2,0.55506796
THEM4,0.55505854
SRSF10,0.5550495
TBC1D4,0.55504507
UCK2,0.55504304
SEC23A,0.5550365
SRSF7,0.5550149
SNCA,0.55501384
SPAG5,0.5550138
TTYH3,0.555009
SRGN,0.55500686
TRIT1,0.5550056
TOMM20,0.55500466
SNRPE,0.5550039
TAF3,0.5549968
SOCS6,0.5549962
SEMA7A,0.554989
THADA,0.55498815
TAF4B,0.55498415
SEMA4B,0.55498284
SLC35E3,0.554982
TRIP12,0.5549775
TMOD2,0.5549758
TMED2,0.5549699
STOM,0.5549682
STK35,0.5549676
RRM1,0.5549634
RILP,0.5549568
TMED4,0.5549549
ZNF451,0.5549408
UBE2M,0.5549315
STARD8,0.5549268
TAF1D,0.5549245
TP53INP1,0.55491066
SMG7,0.5549091
ST3GAL4,0.5548953
RAB32,0.5548913
SOCS5,0.55488807
WDR5,0.55488104
TBX19,0.5548803
USP19,0.5548795
SEC61B,0.5548774
WDR55,0.5548614
SSR3,0.55485106
URM1,0.5548504
TRAPPC12,0.55484337
TYW3,0.55484295
SURF1,0.55482364
PTGER2,0.5548204
TIAM1,0.5548183
TAF4,0.5548178
TFDP2,0.55481315
TIMMDC1,0.55480975
SRPRB,0.55480975
SWSAP1,0.5548058
UGP2,0.5548044
UBR4,0.5547999
SMC2,0.5547911
SLA,0.5547819
STX10,0.55477834
STUB1,0.5547746
ZNF589,0.55476964
RNASEH1,0.5547658
POLR3F,0.5547608
STK36,0.55476016
SNX3,0.5547554
TRAPPC2L,0.5547551
TAF7,0.554752
VAMP4,0.5547408
TBC1D23,0.5547342
ZNF774,0.5547336
TMEM115,0.5547332
TNIP2,0.5547245
TAF12,0.55471015
TPMT,0.55470854
TALDO1,0.55470014
SLC15A4,0.55469155
TNS3,0.5546842
TCF7,0.55468345
UCHL5,0.5546828
ZFP82,0.55466753
SWI5,0.5546564
TUBA4A,0.55465496
TUBGCP2,0.55465066
TOR1A,0.5546502
TRAPPC9,0.55463004
TTK,0.55462855
HEYL,0.5546283
ZNF620,0.5546194
SPRY2,0.55461806
SGCB,0.5546179
VTI1B,0.5546147
WNT5B,0.5546095
TRMT5,0.5546072
SUV39H2,0.55460095
ZNF200,0.5545956
TIPIN,0.55459356
TOP3B,0.55459076
SYNE2,0.5545856
ZKSCAN3,0.55457723
SLC25A26,0.55456936
UBR1,0.5545623
TJP1,0.55456173
TTI1,0.5545588
SOS1,0.554548
TEAD1,0.55454236
WASF1,0.5545405
SLC7A7,0.55453914
SPDYA,0.554538
SOCS3,0.5545254
TMEM258,0.5545233
WSB2,0.5545233
TPD52L1,0.5545131
UBQLN4,0.55451
TIPRL,0.5545096
PLCD4,0.55450785
TPK1,0.55450124
TXNL1,0.55448484
SRPK1,0.5544837
TXNRD2,0.5544833
ZNF614,0.5544797
UAP1,0.55447036
ZNF770,0.5544695
SSU72,0.55446094
UBE3A,0.5544505
TPM1,0.55445033
GLIPR1,0.5544494
TM2D1,0.5544477
WDR18,0.5544444
SAT1,0.55444384
USP5,0.554443
TAP1,0.55444
TMPO,0.55443734
TOP3A,0.5544363
TRIP10,0.5544352
TP53BP1,0.5544237
SENP5,0.5544159
THRA,0.55439746
SUPT16H,0.55439603
TSPAN14,0.55439407
SLIT3,0.55439186
THOC5,0.55438745
TRIP4,0.5543843
TMSB4X,0.55437976
SETD7,0.55437744
TXNIP,0.5543757
SYNCRIP,0.55436736
TNRC6B,0.554364
SIPA1,0.55436355
UBE2E3,0.55436015
SNX8,0.55435586
SMARCA1,0.5543496
UROD,0.55434924
TRIM28,0.5543425
TNPO2,0.554338
VPS54,0.5543363
TULP4,0.55433494
TLN1,0.55433327
TXNL4B,0.55432326
WDR3,0.5543217
SPIRE2,0.5543195
TRIP6,0.5543141
TICRR,0.5543091
TES,0.5543018
TBC1D14,0.5543006
TAF8,0.55429345
ZNF418,0.55429184
RPP21,0.554282
UQCC2,0.5542802
UBE2S,0.5542697
SNRNP40,0.55426735
THAP4,0.5542668
TMEM107,0.5542655
WDR43,0.55426437
STON2,0.55426353
RASGEF1A,0.5542597
TMOD3,0.55425185
YWHAH,0.5542375
TUBB2A,0.5542318
UBE2Q2,0.55422664
SLAMF7,0.5542252
RIPK2,0.5542226
USP33,0.554217
UBA5,0.5542167
THY1,0.5542166
TRA2B,0.5541943
UNC119,0.5541922
UBAC1,0.55419016
SWAP70,0.554188
SUN1,0.5541866
TATDN2,0.5541863
SYMPK,0.5541829
TBC1D17,0.5541796
RUSC1,0.55417794
SLC25A38,0.55417305
S100A3,0.55416965
UBA1,0.554163
VPS52,0.55415934
TUBB4B,0.5541582
SCUBE2,0.55415803
TBC1D20,0.5541537
SNX33,0.554153
SHROOM3,0.55414635
TRAF3,0.55414623
RAP2B,0.55413914
SNX4,0.5541388
STIM2,0.5541182
TANC1,0.55411595
UBA52,0.55411065
SMS,0.55410963
TXN,0.55410904
TEAD3,0.554107
TRAPPC10,0.55410093
TBL3,0.55409795
VCPIP1,0.5540972
UBE2G1,0.5540912
SECTM1,0.5540831
SRP19,0.55407673
TOLLIP,0.55406797
TCTN1,0.55406576
PEX11G,0.5540571
TOM1,0.55403966
TAX1BP1,0.55402505
SPTLC3,0.55402035
SNAPC2,0.55400956
TSNARE1,0.5540084
TRIO,0.5540032
TOP2A,0.55399257
STT3A,0.5539911
TNPO3,0.5539898
TTC5,0.5539877
WLS,0.5539847
TRIM39,0.5539608
PEX11A,0.55395687
TRMT11,0.5539432
TAZ,0.55394226
VEGFB,0.55392075
ZNF430,0.5539149
TKT,0.55391324
TRAF3IP2,0.5539042
USP1,0.5539037
TRIB3,0.5538968
VPS28,0.55389434
STK39,0.55387956
U2AF2,0.55387735
UTP18,0.55387634
STAMBP,0.55386496
SPICE1,0.55386275
PTH1R,0.5538569
SUPT7L,0.553854
UBE2I,0.55384856
VPS26A,0.5538471
USP28,0.5538459
YIPF2,0.55384
STOML2,0.55383223
USP39,0.5538277
ZDHHC8,0.5538222
TMEM179B,0.55380535
SPCS2,0.5537973
USP7,0.5537923
TCEAL1,0.5537905
TDRD3,0.55379033
TAF11,0.5537794
ZYG11B,0.55377746
SLC12A2,0.55377334
UNC5B,0.5537715
TYSND1,0.55377066
SFN,0.5537654
WDR59,0.5537641
STIP1,0.5537607
VPS25,0.553749
TRIM69,0.5537364
STX16,0.55372375
TTBK2,0.55372083
ST3GAL1,0.55371857
TBC1D8B,0.553716
SMAD9,0.55371445
ZNF526,0.5537096
TEX264,0.5537057
SERPINB9,0.5536938
TUBGCP3,0.55369025
UTP23,0.5536898
TRMT10C,0.5536841
ZNF555,0.5536833
PDE4C,0.5536798
ZNF221,0.5536785
USP37,0.55367225
UBE2E2,0.5536722
NPRL2,0.55366856
TDP1,0.5536579
TNFRSF1B,0.5536563
SAT2,0.55365336
TRPC1,0.55365205
UBE2L6,0.55365014
UBE2H,0.5536432
TNFRSF10D,0.5536427
UQCRC1,0.55364233
ZNF44,0.5536396
UBA3,0.55363905
TLR7,0.5536315
TRAPPC3,0.55363125
SUPT6H,0.55362874
ZNF394,0.55361825
SARDH,0.5536143
SMPDL3A,0.55360556
SPATA13,0.55360156
RDH10,0.55359936
RPP40,0.5535927
TMEM17,0.55359024
TLE1,0.5535842
UBAP2L,0.5535783
TBL1X,0.5535745
ZNF623,0.5535708
TRPM7,0.55356574
TUBB,0.55356157
ZNF460,0.55354434
UST,0.55354345
USP15,0.55353796
TNKS,0.5535361
TRIM26,0.5535343
RABL2B,0.5535339
HFE,0.5535334
TIMM21,0.553526
UBE2E1,0.5535062
TUBA1A,0.5535052
YARS2,0.55350345
TTF1,0.5534927
SGIP1,0.55348885
ZDHHC7,0.5534879
SEZ6L2,0.5534876
UBE2A,0.55348176
TGS1,0.55348146
TNK2,0.55346197
TPCN1,0.5534586
ZNF217,0.5534584
SUMF2,0.5534569
WNT5A,0.55345476
UBC,0.55345356
VPS4A,0.55345327
STEAP3,0.5534483
SUPT4H1,0.55344695
TTLL12,0.5534432
TPST1,0.5534364
SLC44A3,0.55343354
TRIM37,0.55343163
TAF1B,0.55343086
TAF5L,0.55342156
TSEN2,0.55341655
UNC13B,0.5534159
UBXN6,0.5534132
TGIF2,0.55341315
SMYD4,0.55341053
SOCS7,0.55338883
TRPC4AP,0.5533882
UBE2C,0.5533851
UHRF2,0.5533786
UBE2D3,0.5533778
UBE2J1,0.5533765
UBQLN2,0.5533764
SYNGR2,0.55336356
VPS41,0.5533608
TNFRSF10A,0.5533549
TRPS1,0.5533531
VAV3,0.5533527
TSPAN5,0.55335206
RNF144A,0.55334204
TELO2,0.55333394
TICAM1,0.5533319
VPS37A,0.5533276
TOB2,0.5533273
ZNF670,0.55332613
LRRC6,0.55332506
TNFSF12,0.5533249
SRSF6,0.5533145
ZNF274,0.5533
TUBA1B,0.55329436
WDR4,0.5532943
TNIK,0.553292
UBE2G2,0.55328846
SIRT5,0.5532821
ZNF283,0.5532717
STC2,0.5532672
UBE3C,0.55324167
ZC3HC1,0.5532311
RNASE1,0.5532226
TPT1,0.553216
SPSB2,0.5532132
ZW10,0.5532053
SMYD5,0.5532036
ZNF101,0.55319494
UFM1,0.553192
TXNRD1,0.55318767
TTC21B,0.55318666
ZNF641,0.55317676
SEC23B,0.5531758
TRPV2,0.5531735
WWC1,0.5531689
ZNF180,0.55316234
XPOT,0.5531605
USP35,0.55315435
TOR1AIP2,0.5531522
TRAF4,0.55314946
TLE4,0.5531405
YTHDC1,0.5531282
ZFYVE16,0.553128
SGSM3,0.5531267
ZIK1,0.5531224
WDR62,0.55311376
UVSSA,0.55310535
PORCN,0.55309695
TFB1M,0.5530939
SLC2A8,0.5530901
UNC45A,0.5530859
SUMO1,0.55308425
UNK,0.55308217
SRA1,0.55307513
TSN,0.5530751
WDR46,0.5530743
SEPHS2,0.5530706
ZNF335,0.5530543
SIVA1,0.55303603
SPTBN4,0.5530346
UBE2D1,0.5530316
SLU7,0.55302584
TIMM13,0.5530212
SYT7,0.55301857
USP10,0.5530064
TGOLN2,0.5530059
USP48,0.553005
ZBTB7B,0.55299675
XPO7,0.55299264
WASL,0.5529851
TEFM,0.552985
TRIM13,0.5529828
TAF1A,0.55298096
WDR83,0.5529741
TSNAX,0.55297357
USP9X,0.5529646
TRAPPC4,0.55295503
WDR37,0.55294997
SIRT2,0.5529495
STARD4,0.55294937
WDR77,0.55294895
UFL1,0.5529462
TRA2A,0.55294406
TPD52,0.5529438
YBX3,0.5529364
WDR11,0.55293405
SPAG7,0.55293393
TNPO1,0.55292994
TXN2,0.55292207
TBC1D16,0.5529207
RPS6KA4,0.5529132
USP3,0.5529115
WIPF2,0.55291086
STX18,0.5529107
XPR1,0.55289435
TP73,0.5528899
TTC26,0.5528842
ZNF33A,0.5528836
TRADD,0.5528755
TYW1,0.5528729
WBP2,0.552871
TPRKB,0.5528678
TNFRSF21,0.552841
TRIP11,0.5528404
TP53RK,0.5528384
SPOP,0.5528377
TOB1,0.5528324
TAB1,0.5528281
TADA1,0.55282694
ROBO3,0.55282575
UBA6,0.5528254
WWP1,0.552812
VAPB,0.552812
TMC8,0.5528105
ZKSCAN1,0.5528085
TCN2,0.5528015
SYCE2,0.5527812
UIMC1,0.55277973
UBXN7,0.55277634
ZNF721,0.5527604
ZNF461,0.55275893
NT5E,0.55275345
ZFC3H1,0.5527533
TTC12,0.55275106
USP45,0.5527425
STRADB,0.5527397
UCP2,0.5527385
UBE2Z,0.5527344
WDR6,0.55272114
UBE2T,0.55272084
ZMAT2,0.55271393
UBE2V2,0.5527136
TAB3,0.5527022
UGGT1,0.55269444
ZNF143,0.55269426
TGM1,0.5526929
ZNF567,0.55268675
TWF2,0.5526831
ZNF302,0.5526804
UQCRH,0.5526713
TRIM46,0.55266917
SUCLG1,0.55266374
USP6NL,0.55266124
UBE2O,0.55265933
VAPA,0.55263734
UQCC1,0.5526237
TFAM,0.55261904
STARD3NL,0.55261636
PTGER4,0.55261034
TMEM70,0.55261
WAC,0.5526044
TMEM187,0.5526019
ZMYND11,0.55259866
TUBB3,0.55259836
UNC119B,0.55259305
U2SURP,0.5525905
USP22,0.5525852
TMED10,0.55258363
ZNF79,0.5525633
TTC7B,0.5525627
ZNF586,0.5525587
VASN,0.55255145
UVRAG,0.5525421
ST14,0.5525383
WASF2,0.552536
ZFYVE26,0.55253285
ZNF530,0.5525308
TRIM36,0.5525286
USP20,0.5525251
TTL,0.552525
SLC27A4,0.552523
SNTA1,0.55251765
TOMM34,0.5525142
VKORC1L1,0.5525133
UBE2B,0.55249643
TNFSF13B,0.5524718
ZNF701,0.55246854
TAF1C,0.55246425
WDR48,0.55246323
UNC13D,0.5524603
SCN1B,0.55245763
THAP11,0.55243856
YBX1,0.5524354
ZNFX1,0.5524278
UQCR10,0.55242676
ZNF480,0.5524149
UBE2R2,0.55240476
TOPORS,0.5524036
YES1,0.5523848
TRERF1,0.5523846
RRAGC,0.5523807
TRAPPC5,0.5523807
TMEM97,0.5523799
TRAPPC11,0.5523673
UBE2W,0.55235374
WDR70,0.55235034
WBP11,0.55233604
XRCC4,0.55233383
UCHL1,0.5523303
TIA1,0.5523234
USP14,0.55232114
ZNF577,0.5523207
UPF1,0.5522967
USO1,0.5522828
WNK1,0.5522785
SLC5A6,0.55227304
VDAC2,0.552273
ZNF100,0.55226445
UCKL1,0.5522395
TFB2M,0.55223864
USP12,0.5522332
TP53BP2,0.552233
YY1AP1,0.55223095
TIAM2,0.552226
UPF3A,0.5522198
ZNF510,0.55221623
ZNF224,0.5522095
TSG101,0.5522045
TRUB1,0.5522028
ZNF254,0.5522007
ZNF248,0.5521856
UBE2J2,0.5521788
TRIM56,0.5521765
TMED9,0.5521746
USP46,0.5521713
ZNF76,0.55215675
TRMT6,0.5521545
VIM,0.5521468
WDR33,0.55214083
UBXN1,0.55214036
TMEM126B,0.5521398
SIRT3,0.55212665
ZNF527,0.5521246
TMEM147,0.5521016
ZNF41,0.5521013
STX2,0.5520975
TRIM23,0.55209345
WDR35,0.5520931
TAGLN,0.55207765
UNC93B1,0.5520753
UBL4A,0.552062
VPS35,0.5520447
ZNF140,0.55202925
UQCRC2,0.55202794
S1PR4,0.5520229
TXLNA,0.5520146
TUBB6,0.5520142
ZNF638,0.5520123
SH2D3A,0.5520037
WDR1,0.5520017
ZRANB3,0.551999
USP32,0.5519924
XAB2,0.5519863
WRNIP1,0.5519854
TMED5,0.5519777
PSTK,0.55197245
USP34,0.55195355
USP4,0.5519276
TIMM44,0.5519123
UBQLN1,0.551908
TRAF5,0.5519033
TRAPPC6A,0.55189306
TRO,0.55188376
ZNF212,0.5518721
VPS39,0.55187
TBC1D2,0.5518698
TAF9B,0.55185306
XRN2,0.5518455
ZRANB1,0.55184335
VANGL2,0.55182
TAF13,0.55181
SNTB1,0.5518089
UBA7,0.5517967
TRIM3,0.5517964
ZNF284,0.5517774
UQCRQ,0.5517755
ZNRF2,0.55172664
TRIM62,0.55172515
VPS51,0.5517208
UBFD1,0.55171037
TECR,0.55170965
ZNF286A,0.5517036
TRUB2,0.5516964
TRIAP1,0.5516713
ZNF711,0.5516663
UNG,0.55166566
TCEA2,0.55166465
WDFY2,0.5516308
TUBGCP4,0.55163044
ZFP36,0.5516289
UBE2Q1,0.55162644
USP47,0.5516195
UBE2K,0.5516177
TCTN2,0.5516089
VPS37D,0.55158156
YME1L1,0.5515796
ZDHHC9,0.5515793
THAP7,0.5515788
TAP2,0.5515705
TSSC4,0.551567
WDR75,0.55154586
VAT1,0.5515405
TWF1,0.55153716
ZNF107,0.55153555
ZCCHC7,0.55152434
ZFAND6,0.5515181
TLR4,0.5515177
VDAC1,0.55150497
RRAS,0.55150336
ZBTB33,0.5515019
TJP2,0.5514995
UQCR11,0.5514856
VAMP2,0.55148286
TRAM1,0.5514787
ZNF778,0.5514746
PIP5KL1,0.55146986
VPS11,0.55146354
ZNF445,0.5514564
STX8,0.5514439
TRIM14,0.5514435
XRCC2,0.5514412
TUBA1C,0.55144
SIAH2,0.5514315
TTC27,0.5514295
YPEL5,0.5514067
UBE3B,0.5514022
ZNF282,0.5514022
VPS53,0.5513895
ZMPSTE24,0.55138606
UPRT,0.55138576
ZNF124,0.5513852
ZNF600,0.5513772
WDR41,0.5513752
ZNF219,0.5513696
TRIM2,0.55136085
TMEM214,0.55135244
WIPI2,0.55134994
XPO5,0.55134326
XRN1,0.5513069
UBIAD1,0.55130017
SHARPIN,0.5512869
SLC22A17,0.5512844
XRCC5,0.5512652
ZFP36L2,0.5512641
SPAG4,0.5512593
UGDH,0.55125743
ZNF195,0.5512519
WSB1,0.55125
WDHD1,0.55124956
UTRN,0.5512353
PTGS1,0.5512329
PSD,0.5512207
SLC7A8,0.5512206
ZNF45,0.55121976
VMP1,0.5511939
VMA21,0.5511853
ZNF84,0.5511829
TDRD7,0.55118203
VAV2,0.55118096
TBC1D10A,0.55116856
TEP1,0.5511652
TAF2,0.55115706
UMPS,0.55115604
VGLL3,0.5511448
UQCRFS1,0.5511446
VASP,0.5511421
ZDHHC17,0.551138
YOD1,0.5511349
SETMAR,0.55113465
TSPYL2,0.5511332
ZNF207,0.5511331
USP16,0.55113214
TMEM50A,0.5511212
ZNF7,0.55112034
ZFP36L1,0.55111533
UHMK1,0.5511146
ZYX,0.5511143
TINF2,0.5511097
ZNF766,0.5511025
WWP2,0.55110234
ZMIZ1,0.5510999
TET2,0.5510959
TRPV4,0.5510956
SARS2,0.551093
VAMP1,0.5510873
ZNF710,0.5510803
SEC31B,0.55107284
ZNF398,0.55106807
XPO6,0.5510659
XPO4,0.55106366
TGFB1I1,0.551061
ZMAT3,0.5510602
TMEM30A,0.55104554
TXNDC12,0.5510384
VCP,0.5510254
YAP1,0.55102134
SLC25A14,0.55101675
PLXNB3,0.55101246
TUBG2,0.55100167
VAMP8,0.5509999
ZNF462,0.55099523
UXS1,0.550993
ZMIZ2,0.5509903
ULK2,0.55094117
SURF2,0.5509193
TRMT1,0.5509168
TRIOBP,0.5509144
ZNF131,0.55091345
YEATS4,0.5509131
TRIM21,0.5508926
VPS37B,0.5508897
UQCRB,0.5508806
ZNF808,0.55086696
USP49,0.5508445
VCL,0.55081785
ZNF684,0.5508078
ZNF57,0.5508075
UCK1,0.5508055
ULK1,0.5508032
WRAP53,0.55077815
SYNJ1,0.55076766
YTHDF1,0.55076617
SVIP,0.5507612
VRK1,0.5507499
USP24,0.55073225
ZNF182,0.5507319
ZNF528,0.5507317
TXNRD3,0.550718
SPI1,0.5507114
YWHAQ,0.5507031
WDR45,0.5506815
ZKSCAN5,0.5506553
WDR91,0.55063826
TM2D2,0.5506376
TMEM186,0.5506329
ZNF552,0.55063146
ZNF3,0.5506251
ZNF250,0.55062395
YWHAB,0.55061793
ZNF91,0.55060256
YWHAG,0.55059385
TRAPPC6B,0.5505891
WDR81,0.5505835
SLC18A2,0.5505718
ZNF300,0.55056584
YEATS2,0.5505541
YIPF5,0.5505522
ZFPM1,0.5505502
YWHAZ,0.5505042
YTHDF2,0.5505005
WDFY3,0.5504993
ZFR,0.5504818
TYK2,0.55047256
UFC1,0.5504687
UBE4A,0.55046177
UPF3B,0.5504554
ZFP90,0.550453
ZNF426,0.5504417
UBXN4,0.550437
TNFSF10,0.5504355
VTA1,0.5504309
ZNF253,0.5504015
USP11,0.5503985
TUBG1,0.5503978
ZNF592,0.55036664
TADA2B,0.5503623
SLX4,0.550334
ZNF443,0.55030525
TFAP2C,0.55029345
ZFPM2,0.55028427
TRPC6,0.5502696
TRMT61B,0.5502624
ZC3HAV1,0.55025744
ZNF74,0.5502483
YRDC,0.5502131
YKT6,0.5502043
USP42,0.55020314
LAT,0.55020195
ZNF175,0.5501986
WDR26,0.55017775
TLR6,0.55017346
ZCCHC4,0.5501571
ZNF136,0.55014986
UBN1,0.5501431
ZNF10,0.5500821
XYLB,0.5500545
TSEN34,0.5500459
VGLL4,0.55004096
VPS4B,0.5500344
SEMA6C,0.5500343
ZNF496,0.5500202
WDR31,0.5500146
ZNF440,0.5500085
ZNF133,0.5499842
ZNF764,0.54995596
ZNF256,0.5499433
TAF6L,0.54993594
TNFRSF25,0.5499322
ZC3H13,0.5499189
YY1,0.54991066
WEE1,0.54987556
ZNF202,0.54985243
UROS,0.54985064
URB2,0.54983217
VRK3,0.5497905
ZC3H15,0.5497781
ZWINT,0.54976976
ZNF266,0.54974186
ZNF304,0.5497363
ZNF621,0.5497273
TMEM176A,0.5497147
ZNF235,0.5497035
UBE2D4,0.5497026
SHPK,0.54968286
SMG8,0.54963106
YAF2,0.549631
ZNHIT6,0.54960155
USF2,0.5495942
VPS26B,0.54959404
ZNF493,0.54958075
SRD5A3,0.5495754
ZNF680,0.54953134
ZNF431,0.54946196
ZWILCH,0.54944366
ZNF564,0.54943115
ZNF83,0.5493532
ZNF587,0.5493462
ZNF678,0.5493269
ZNF516,0.549321
TEK,0.5493167
ZNF550,0.54931617
VPS36,0.5493156
UBTF,0.5492967
ZNF605,0.5492946
ZNF317,0.5492926
ZNF674,0.54927593
ZNHIT1,0.54926485
UFSP2,0.54925954
ZNF708,0.5492492
ZNF273,0.5492258
YIPF4,0.5492233
ZSWIM7,0.5491946
UBXN2A,0.5491837
WDTC1,0.54915816
ZER1,0.54915637
ZNF783,0.5491445
TECPR1,0.5491397
ZMYND8,0.54913396
SYTL1,0.5491325
ZNF81,0.54913175
UNC5C,0.5491237
ZNF90,0.5491182
ZNF2,0.5490819
VCAN,0.5490536
ZNF326,0.5490314
ZNF18,0.54902804
ZNF780A,0.5490006
WDR82,0.5489723
ZNF227,0.54893947
ZNF544,0.5489379
TGFB3,0.548928
VLDLR,0.5488795
RASD2,0.5488578
TNFRSF11B,0.54882556
ZNF92,0.5488245
ZNF337,0.54882133
SGPP2,0.5488169
ZNF692,0.54881567
S1PR1,0.548815
TRAF6,0.5488143
ZNF320,0.5487796
TSPAN12,0.548773
XYLT2,0.5487686
UTP6,0.5487477
ZNF429,0.54872227
TXLNG,0.5486904
ZNF622,0.5486779
ZKSCAN7,0.54865354
ZNHIT3,0.54865134
XBP1,0.5486474
ZDHHC21,0.5486413
ZNF500,0.5486146
ZP3,0.54859877
SERPINF2,0.5485891
ZNF562,0.54857945
UBOX5,0.54856515
ZNF32,0.54850554
ZNF385A,0.5484924
TXNDC16,0.548434
TBP,0.54839826
NEB,0.5483879
YIPF6,0.5483859
ZNF607,0.5483728
ZNF141,0.5483557
TDG,0.54834384
ZNF211,0.54834265
SPON2,0.54832464
ZNF519,0.54832387
TMEM216,0.5483124
WDR61,0.54825455
ZBTB17,0.54824543
ZNF593,0.5481616
TTC30A,0.54814214
ZNF420,0.54814136
WDR19,0.54812425
TFAP2E,0.54811627
ZFYVE9,0.5481033
ZNF691,0.5480465
ZNF517,0.54803944
USP21,0.548023
ZNF768,0.5479403
ZNF823,0.54792196
ZNF714,0.5478936
ZNF354B,0.5478923
VCPKMT,0.54787624
UCHL3,0.5477569
SLC30A4,0.5477447
VIPAS39,0.5477143
WARS2,0.54769856
UTP14A,0.5476888
UTP20,0.5476853
ZNF189,0.5476018
ZNF566,0.5475813
SNAI1,0.5474738
TRIM41,0.5474326
ZNF841,0.5473882
ZNF529,0.54733986
THSD1,0.5473183
WNT2B,0.5473089
ZNF611,0.5473054
ZNF765,0.54727554
ZNF155,0.5472585
TBC1D7,0.5472566
ZNF546,0.5471803
VPS33A,0.5471417
UAP1L1,0.5471392
ZNF33B,0.54712665
ZNF836,0.5470984
ZNF473,0.5470673
ZKSCAN8,0.54698765
ZNF814,0.5469854
RNF113A,0.546976
ZNF264,0.54697186
ZNF26,0.5469337
ZNF43,0.54691166
ZNF197,0.5468981
RDH5,0.5467942
ZFYVE27,0.5467904
ZNF585B,0.5467831
XYLT1,0.54674125
SERPINB8,0.5467322
ZNF791,0.5466845
ZFP14,0.5466838
TRIM38,0.546679
ZNF234,0.5466618
ZNF780B,0.5466539
ZNF12,0.5465101
ZNF485,0.5464442
ZNF506,0.5464169
TRIM68,0.54641104
ZKSCAN4,0.5464056
ZNF687,0.54624766
ZNF318,0.5462268
UTP3,0.54621506
ZNF548,0.54614556
WASF3,0.5461445
WHAMM,0.5460992
ZNF700,0.54608107
ZNF490,0.54604673
ZFP1,0.54594946
ZNF423,0.5459187
TXK,0.54585946
YIF1A,0.54582644
ZNF419,0.5457507
TP53I3,0.54568976
ZDHHC2,0.54567885
SLC4A11,0.545578
TBX2,0.5455324
ZNF561,0.5455075
ZNF267,0.54548466
ZNF347,0.54540896
ZNF846,0.54537284
ZNF486,0.5453668
PDE1B,0.54509604
ZNF573,0.5450575
YIPF1,0.544999
ZNF699,0.5449051
ZNF135,0.5448863
ZFP30,0.5447428
ZNF626,0.5446925
ZNF34,0.54460937
RASL10A,0.5446059
ZNF543,0.5444981
ZNF709,0.544292
ZNF333,0.54422575
ZNF324B,0.5442054
ZNF830,0.5438026
ZNF350,0.5436907
TRIM45,0.54367864
USHBP1,0.5435939
WTIP,0.5435689
ZNF671,0.5434714
ZNF557,0.5434586
ZNF776,0.5434358
RNF128,0.5434113
ZNF649,0.54309905
ZNF738,0.54301244
TUBA8,0.54262376
ZNF773,0.54242444
SLC44A4,0.5423679
STAC3,0.5422562
ZNF793,0.541544
ZNF439,0.5414169
TLR3,0.54139686
ZNF17,0.5408108
ZNF14,0.54068625
ZNF549,0.54049265
ZNF19,0.54026306
ZNF468,0.53946066
ZNF677,0.539444
ZNF558,0.53938425
ZNF585A,0.5393247
ZNF416,0.5391751
ZFP69B,0.5391533
ZNF615,0.5390847
ZNF433,0.5389495
ZNF813,0.53882855
WNT9A,0.5385836
ZNF569,0.5385238
ZNF790,0.5383239
ZNF222,0.53785294
ZNF442,0.53716666
ZNF225,0.5367874
ZNF772,0.53672016
WDR5B,0.5364545
ZNF467,0.5358549
ZNF470,0.5325835
ZNF415,0.5323971
TNFRSF10C,0.5312887
ZNF132,0.52668655
ZNF69,0.5262229
