Gene Name,Score
RPL27A,0.98806643
RPS2,0.9872699
RPS6,0.9856822
TEAD1,0.9856414
TKT,0.98335695
RPL3,0.98116916
TMSB4X,0.980293
RPL13A,0.97775674
XRCC5,0.97657883
SRRM2,0.9695124
PDE4B,0.9686556
YBX1,0.9681162
RPL15,0.96612465
TXNRD1,0.96289396
RPS8,0.9595856
PGAM1,0.957456
RPS9,0.9570774
UBE2E2,0.94824654
GAPDH,0.9481809
RPS4X,0.94563043
RPL8,0.9432925
TPI1,0.9380799
SCD,0.93665516
RPS23,0.9358744
RPS29,0.9348277
ZMIZ1,0.93099546
RPL23,0.9281775
RPS17,0.9271578
PRKCA,0.92708355
RPS19,0.9236544
PFN1,0.9229331
WNK1,0.9218988
ZFR,0.9145271
SREBF2,0.913031
SERBP1,0.91264015
YWHAZ,0.9119825
PTPRJ,0.90919614
UBC,0.9091079
RPL11,0.90694153
RPL37,0.905562
TNS3,0.90424114
SMARCC1,0.90140194
YWHAQ,0.90054166
PTK2,0.90026695
SPTAN1,0.8992316
PTMA,0.8977595
VMP1,0.897239
UBE2H,0.894496
RPL19,0.89353275
RPL32,0.89084023
PTPN14,0.89012116
RPL6,0.8881434
SLC7A5,0.8859781
UBA52,0.88312805
ZCCHC7,0.87871575
WDR70,0.87771857
TPX2,0.8775357
EEF1A1,0.8744814
SLC25A3,0.87250495
SLCO3A1,0.8702763
USP22,0.86953217
SEMA3C,0.8681156
UBE2D3,0.86802256
RPLP2,0.86792374
HMGA1,0.8652848
RAN,0.8651242
TMBIM6,0.8620967
UBA1,0.8611866
RPS11,0.8598166
HNRNPC,0.8595225
ZNF207,0.8582583
NFIA,0.8548053
SSBP3,0.8528933
RPS5,0.8526092
PRKDC,0.8525153
TRPS1,0.8513162
USP34,0.84910154
TRIM28,0.8486711
MYO10,0.84836626
HSPA8,0.8478991
TNRC6A,0.84779733
SSH2,0.8461064
UBE2K,0.84555054
USP48,0.84477377
RTN3,0.84241384
HNRNPA1,0.83937246
PALLD,0.8341318
RPTOR,0.8331645
VAV3,0.83170944
PPP3CA,0.8313306
UBR4,0.83108944
UBAP2L,0.8309002
RPSA,0.8304218
RPS15,0.82850635
SMG1,0.8280713
UBAC2,0.8271221
SAE1,0.8265246
PSAP,0.8261904
UST,0.8255616
EEF2,0.8244332
RPS12,0.82302636
WDR1,0.82221544
PPP6R3,0.8212598
USP9X,0.82082087
RPS15A,0.8207988
WASF2,0.8206749
SBF2,0.82018524
RPS27,0.8198717
TNPO1,0.81934917
VDAC1,0.81934696
RERE,0.8193337
NCL,0.8172299
FTL,0.8159464
TRA2B,0.815438
SPTBN1,0.81447864
WAC,0.8118319
RPS16,0.81023544
RPL7A,0.8101134
PDE7B,0.8080296
TOMM20,0.8076709
RBFOX2,0.8076176
NAP1L1,0.8075461
SRPK2,0.8067141
RPL23A,0.80529034
XPO6,0.8046086
SRP9,0.80306804
YWHAG,0.8012414
TULP4,0.80043626
EEF1G,0.7999809
RPS27A,0.799856
RCC2,0.7982607
SRSF11,0.7971707
PTMS,0.79642457
VIM,0.79636806
UCK2,0.7959237
TRAP1,0.7941082
UBE2R2,0.79355735
PDE1A,0.79159594
SLC2A1,0.79032665
VCL,0.7900531
TUBA1C,0.7895939
PARD3,0.7881413
ZNF131,0.78798085
MECOM,0.7867135
UBE3C,0.78649205
PLEC,0.7862333
SQSTM1,0.78567433
VCP,0.78551793
YAP1,0.7846548
RBM39,0.78305733
PUM1,0.78279597
SGMS1,0.7823131
SRSF1,0.7814879
TPM1,0.78120637
RPS18,0.77913016
SIK3,0.7785766
USP10,0.77815837
SNRPB,0.7779964
TRAPPC9,0.77584785
MDK,0.7757359
ROBO1,0.77537996
RTN4,0.77391666
STT3B,0.77384555
ZNF638,0.7729994
UBE4B,0.77174807
NIPSNAP1,0.7716083
TPD52,0.76973355
YEATS2,0.76918596
SLC39A1,0.76881963
TBC1D5,0.76820743
ZFP36L1,0.76813745
SH3RF1,0.7680939
PTBP1,0.76737267
TUBA1A,0.76483727
PIP5K1A,0.7620565
UBE2E1,0.761826
TOP2A,0.7617686
SLC25A5,0.75961816
TARDBP,0.7584767
VGLL4,0.7570025
VAV2,0.7566565
POLA1,0.7561522
SPIDR,0.755484
PAICS,0.7547577
RPL10A,0.7540432
WDR33,0.7537856
SLC7A11,0.7532756
RPL28,0.751796
TRIP12,0.75178516
TANC1,0.7513123
RNF220,0.7498978
SPATA5,0.7493904
TUBB4B,0.7493513
SSBP2,0.7490381
RDX,0.7487245
TBL1X,0.74743533
TMPO,0.74524134
GALNT2,0.7449837
YWHAB,0.7447002
SEC11A,0.7446936
UBE2G1,0.74032605
UQCRC2,0.74014944
SRSF4,0.7400076
RPL26,0.739068
NONO,0.7384585
SF3B3,0.7381914
TFDP1,0.7375503
ZFAND6,0.7368127
TBCD,0.73675203
SERPINH1,0.7365415
U2AF2,0.73540866
NR3C1,0.7350416
UGP2,0.73439807
TRERF1,0.73371214
SCMH1,0.7331701
TBC1D4,0.73310804
RPL29,0.7327635
WDR6,0.73239875
UTRN,0.7321625
YY1,0.73137397
ZNF544,0.73094815
SH3PXD2A,0.7309262
SPIN1,0.7308785
MBNL1,0.7305929
UQCRH,0.7304215
RICTOR,0.73026544
PPP2R1A,0.7295962
STRN3,0.72919303
SLC3A2,0.7286415
STK24,0.72812384
HNRNPH1,0.72767365
KANSL1,0.7274556
SYNCRIP,0.7263963
UBE2Z,0.72627443
SNX5,0.7260321
USP25,0.7253726
SUPT3H,0.72523004
ZNF462,0.7252167
USP32,0.7245185
SF1,0.7243583
STIP1,0.7243327
SETD2,0.72428197
SRSF10,0.72312707
SPTSSA,0.7225755
RBBP4,0.72227263
SNRNP200,0.7219212
RPL35A,0.7208411
TRAF4,0.7201724
XPO5,0.71992725
MATR3,0.71975845
VAPB,0.71944875
YTHDF2,0.7192324
TRAF2,0.7190259
WDR82,0.71847254
HSPD1,0.71835095
RPS6KA2,0.7179366
RALY,0.71787757
VASP,0.7177555
RHOBTB3,0.716492
UQCC1,0.7163371
TMOD3,0.71617544
VAT1,0.7155639
FTH1,0.7148531
VPS53,0.7143553
RSRC1,0.7142344
SRPK1,0.71390736
WLS,0.7138809
PDE3B,0.71349186
SURF4,0.7133664
TNRC6B,0.7130303
NIPBL,0.7123775
PRDX1,0.71229833
RPN2,0.7117057
TAOK1,0.7106606
HNRNPU,0.71064734
VDAC2,0.7105495
PHF20,0.7105163
YBX3,0.710411
VAPA,0.70932686
SMAD6,0.70844704
XPOT,0.70844007
PKP4,0.70815516
ROCK2,0.7078186
TCERG1,0.707806
RPL27,0.7074674
RBMX,0.7073506
RASAL2,0.7068884
ST3GAL3,0.7067347
SMG6,0.70647264
UBXN7,0.70624685
USP24,0.7059645
WBP11,0.70591927
TRMT11,0.7049303
XPO7,0.70489603
POM121,0.7048378
UBE2G2,0.70406073
SKP1,0.70340896
TRPC4AP,0.70335686
TGFBI,0.703261
HDAC4,0.70316947
TRAK1,0.7029443
GSE1,0.7027138
VPS51,0.70256793
UVRAG,0.7022091
TRRAP,0.7011287
SCARB1,0.70066345
SUPT16H,0.7003559
U2SURP,0.70001775
MEIS1,0.6998777
SYNGR2,0.69959766
TPST1,0.69955724
STK39,0.69935244
PSPC1,0.6991299
PUM2,0.69910496
WSB1,0.69788617
YWHAH,0.6971199
STAU1,0.6969477
UIMC1,0.69669306
HDLBP,0.6962552
XPO4,0.6958602
USP47,0.69564444
TNPO3,0.69553465
SH3D19,0.69547904
SUMF1,0.69494665
OBSCN,0.6945939
UQCRC1,0.69433594
XRN2,0.6939599
YY1AP1,0.6937627
RAP1B,0.6933292
ZMYND8,0.6930852
SSU72,0.6928811
SHISA5,0.6927496
RBM4,0.6927493
MYL6,0.6926882
THOC2,0.6921171
RSF1,0.6918749
SRGN,0.69186276
UBE3A,0.6913979
TMED10,0.69111705
RPS20,0.6909949
TAF1D,0.69052714
SMC4,0.6900062
TRIM44,0.68975216
YME1L1,0.6889317
RPL38,0.68849736
HUWE1,0.68841046
UBQLN1,0.6882026
TRIM37,0.6881946
RPL12,0.6880116
WDFY3,0.68647
PRPF8,0.6863621
TYW1,0.6863552
SLC1A5,0.68601316
SNRNP70,0.68599504
VKORC1L1,0.6856514
RAD23B,0.685642
STAT1,0.6856144
SEC31A,0.6851762
TLN2,0.684036
ZNF721,0.683925
NR6A1,0.68385184
TNFAIP8,0.683685
WDR43,0.6835175
WDR26,0.683263
SLC2A3,0.68297625
RPL34,0.68280286
VRK1,0.68249995
TXNIP,0.6823899
NASP,0.6821772
MRPS27,0.6817554
UBA2,0.68163866
ST6GAL1,0.68143016
XPR1,0.6808707
UBE2I,0.68045396
YKT6,0.6803088
TSEN2,0.6801467
SH3PXD2B,0.6797154
UHRF2,0.6791881
UBAP1,0.67899734
SRGAP1,0.67888075
OAZ1,0.67858183
SRSF5,0.67836607
RBM14,0.67810285
NHS,0.67737705
RPRD2,0.6770758
SRSF9,0.67694515
TIA1,0.6767464
TUFM,0.67673516
USO1,0.6766048
STRAP,0.6765677
TRPM7,0.67645043
UBE2E3,0.6764139
TMED9,0.67615753
TLE3,0.6760875
RAI1,0.6757937
SRCAP,0.6757824
WDR59,0.67548287
TUBB2A,0.6746563
PTPRF,0.6746248
TCP1,0.6744193
MAT2A,0.67427516
SUPT6H,0.6739488
PHC1,0.6737866
SLC25A13,0.6736988
WIPF2,0.67346704
RXRA,0.6732685
KRT7,0.6730593
SNRPD2,0.67252654
RAPGEF1,0.6722335
ZNF451,0.6721162
TLN1,0.6716684
TIAM2,0.6715688
RPL24,0.6714831
SREBF1,0.6711508
SLMAP,0.67108154
PSMB7,0.67102545
TRAPPC12,0.6708934
OXCT1,0.6708055
RAB31,0.6705588
SERP1,0.6704746
UGGT1,0.6704136
SLC44A2,0.6703056
USP15,0.6702529
TTLL12,0.67003983
RCC1,0.66989005
ZRANB3,0.6697801
TXN,0.669727
USP3,0.6692842
MACF1,0.6692443
ZNF680,0.66876143
ZC3HAV1,0.6684095
SHMT2,0.6676355
PTGES3,0.6674005
RPS3A,0.66691476
HNRNPD,0.6665256
RAB10,0.6665052
ZNF714,0.6660688
TNKS,0.6660127
ZNF496,0.6658976
RCOR1,0.6656861
TRIT1,0.6653992
PRDX6,0.6653473
TRAF3,0.6653438
SSR3,0.6651546
SEPHS1,0.6649064
TOB2,0.66483295
WNT5A,0.6647577
STX16,0.6647394
RAPGEF6,0.66472787
WDTC1,0.6646166
SLC16A3,0.66457283
RABGAP1,0.6645555
EIF4G3,0.6643882
SMG7,0.66375
USF2,0.66368896
TMED3,0.6636071
TMED2,0.6635221
RNF216,0.663052
ILF3,0.66303056
RPRD1A,0.66284865
SRRM1,0.6628221
NUFIP2,0.6626428
TRA2A,0.6625497
SH3KBP1,0.662475
KPNB1,0.66230595
PDLIM1,0.66211087
SDCCAG8,0.66209185
EIF4B,0.6620512
TMEM30A,0.6616774
URM1,0.6616295
TUBGCP3,0.6615104
SIN3A,0.66142213
PRKCE,0.66134727
PTBP2,0.66130584
PDS5A,0.6611565
UQCRB,0.66104156
USP14,0.66061723
TOR1AIP2,0.66054136
STC2,0.66050595
ZBTB7B,0.66047615
SENP6,0.6604425
SLC7A6,0.66020185
TJP1,0.6599203
UBE2L6,0.6592303
STK3,0.6589549
SEC24C,0.65881795
ZFYVE9,0.6586016
RRM1,0.65851057
TIPIN,0.65847355
RPL31,0.6582422
HLA-B,0.65798116
ST3GAL2,0.65748036
MIF,0.65727663
XBP1,0.657214
UBE2O,0.657017
TTYH3,0.6568385
SUN1,0.6567506
KHDRBS1,0.6566518
TXLNA,0.65660167
SPAG9,0.6565253
TPGS2,0.65647167
SYMPK,0.65643144
THY1,0.65636444
USP7,0.65629566
SPARC,0.6561609
SCFD2,0.6560985
WDR5,0.65593904
IPO5,0.65585804
ST13,0.6555949
TNFRSF10B,0.6555342
SRSF7,0.65538865
JMJD1C,0.65538543
S100A11,0.65522355
LDHB,0.6551325
TP53BP1,0.6551308
ST3GAL1,0.6551177
RFC3,0.655003
PIP4K2A,0.65476763
SNX3,0.65432155
TXN2,0.6542047
VAC14,0.65393054
SF3A1,0.65387803
TNPO2,0.6537092
SWAP70,0.65359724
SOX4,0.6534926
RPA1,0.6533895
RNGTT,0.653161
TNIK,0.6529505
STARD13,0.6528474
UBXN4,0.65279615
RSL24D1,0.6526919
TES,0.6525038
MPRIP,0.65241945
PDE8A,0.6521197
ZC3H13,0.652052
TALDO1,0.65182436
UBE2V2,0.6514066
SMG5,0.6513288
ZNRF2,0.6510606
SUPT5H,0.65058583
SESN3,0.65052956
ZNF587,0.6503907
YTHDC1,0.6503421
RNPS1,0.64997214
RAB3GAP2,0.6494782
HNRNPK,0.64940476
SSR1,0.6493853
ITGB1,0.64934295
TTF2,0.6492046
ZNF124,0.6491353
PPP6R2,0.6490959
UBA6,0.6489831
WWC1,0.6489442
ZFC3H1,0.64889616
SUMO3,0.64886546
SRSF6,0.64872956
THOP1,0.6483261
WWP1,0.6481241
POGZ,0.6479755
SCARA3,0.6477874
WASF1,0.64715904
TTI1,0.6470128
SEC61A1,0.64650786
TUBB6,0.64650023
WDR41,0.6462965
RAB5B,0.64618814
MAP1B,0.64617133
STRN4,0.6461157
SIL1,0.64569575
TOP2B,0.6456884
WDFY2,0.64561784
PHB2,0.6456125
SAP18,0.64546996
ZMAT2,0.6454605
SMURF1,0.6454292
ZNF586,0.64521533
SF3A3,0.64500165
TTL,0.6447671
PDLIM5,0.64460903
SEC14L1,0.64454937
TSPAN14,0.64445335
PPIB,0.6444517
UBN1,0.6444318
TFCP2,0.64437145
PGD,0.64427793
LAPTM5,0.64426285
UBXN1,0.64417547
GNB1,0.6440178
HMGB1,0.64383024
SHC1,0.64375544
UNK,0.6436945
SDC2,0.64349276
ZMIZ2,0.64347667
WEE1,0.64337385
FSTL1,0.64318883
TIAL1,0.6431434
MBD5,0.6431324
NEK6,0.6431254
UCHL1,0.64296436
RAD18,0.6428707
SLC9A3R1,0.6428164
RAB1B,0.64278483
TAF4,0.642539
SNCA,0.64245456
RPS13,0.6423462
FOXN3,0.6422889
SP1,0.64226234
UNC13B,0.6421288
TACC1,0.64146286
PC,0.6413962
PAWR,0.6411078
TPCN1,0.6411067
ZNF664,0.64102894
PHF21A,0.64095384
TECR,0.640902
SSH1,0.64086425
RIF1,0.6408137
UBFD1,0.6406638
STON2,0.64063585
SARNP,0.6405996
STK4,0.64050937
HNRNPUL1,0.6403586
PSMD1,0.6403491
MKLN1,0.64024043
VPS25,0.64015883
EFNA5,0.6401416
SRRT,0.6398618
MYCBP2,0.63977784
GPI,0.63977605
ZFYVE16,0.6397572
WASL,0.6396391
RFX3,0.6396323
NUMA1,0.6395048
TEAD4,0.6393098
SMPD4,0.6392542
TACC3,0.63909996
RYK,0.63908917
TTBK2,0.639065
RPRD1B,0.63888425
TFDP2,0.6388705
TOMM7,0.6388384
ZNF83,0.6386002
SNX13,0.63849294
STK25,0.6384313
HNRNPF,0.63840246
SPG11,0.6383605
PABPN1,0.638331
HLA-C,0.6379053
REV3L,0.63789177
RPS7,0.63767576
SRP72,0.637655
UCHL5,0.6376504
UQCRFS1,0.63733476
TAF3,0.63721627
MAPKAP1,0.6372155
SNRPD3,0.63685846
USP4,0.63677984
USP12,0.6363875
ST3GAL4,0.6362894
NCAPD2,0.63627
NAP1L4,0.63620436
SREK1,0.63591754
SRGAP2,0.6357195
ZNF90,0.6356967
NUP210,0.6355131
VAMP8,0.63539
MAD1L1,0.63536566
ZDHHC17,0.6353444
VPS41,0.6350571
USP39,0.63498783
OLA1,0.63472164
WIPI2,0.6347164
ZKSCAN1,0.6346291
TNKS2,0.63462883
NRIP1,0.6345505
MKNK2,0.6345392
SP3,0.63448864
FAF1,0.6344864
ZNF592,0.6343939
TAX1BP1,0.6341841
WWP2,0.63409513
UBR1,0.63377625
ZNF254,0.6336648
LARP4B,0.6335283
NUP155,0.6334644
SMARCA5,0.63343686
ZNF195,0.63342315
VPS39,0.6334147
TMEM258,0.633095
UCP2,0.63242596
SKA2,0.6323432
PSMB2,0.6322265
TICRR,0.63218737
HNRNPA0,0.6317617
TNKS1BP1,0.6317507
WDHD1,0.63174915
SYNE2,0.63172084
UPF3A,0.6316199
NUP160,0.6316125
WDR4,0.6316053
SF3B2,0.63158107
WBP1,0.63150156
THAP4,0.6313812
SOS1,0.6311929
PPFIA1,0.63080645
SPAG5,0.63079727
UBE2W,0.6307332
ZYX,0.6306826
SNX8,0.630503
POU2F1,0.6302638
ZBTB8OS,0.630164
UCKL1,0.63015145
TET2,0.6301331
TBC1D14,0.63004005
SKIL,0.62991256
WDR77,0.629761
YTHDF1,0.62975395
SKAP2,0.6297074
PRKCI,0.6296128
SYNJ2,0.6294829
TRIP6,0.62898266
NPLOC4,0.62894064
STIM1,0.6286692
YIPF4,0.6285163
PPP1CC,0.6284563
GDI2,0.62843585
SETX,0.6282849
SH3GLB2,0.62827563
SH3BP4,0.62812436
USP11,0.6279958
SPPL3,0.6276125
TMEM50A,0.6274742
KDM2A,0.6274671
ZNF589,0.6271284
EXOC4,0.626864
RANGAP1,0.62681514
ZNF431,0.62677974
WBP2,0.626537
SEC24D,0.6264761
ZNF326,0.6264165
ZNF519,0.6262857
ROR1,0.626224
TRIM56,0.6258067
PLEKHA2,0.6257217
ZMAT3,0.62565887
STOM,0.6256032
SNTB2,0.6256029
SEC16A,0.6256022
GTF2IRD1,0.6255994
TDP1,0.62529147
USP28,0.62525445
POLR2A,0.625245
S100PBP,0.6247099
UTP6,0.62459105
TRIP13,0.6244205
SHOC2,0.62422884
PFKP,0.624143
PRKAA1,0.6240953
USP5,0.6240729
SCLT1,0.62406516
PPP2R5E,0.6240393
SMCHD1,0.62394077
TLE4,0.6239243
OGT,0.6238914
PSMD11,0.6238399
DST,0.6238111
RASSF8,0.62374306
RSL1D1,0.6237321
PKN2,0.62368256
PPP2R5C,0.6236363
SZT2,0.6236041
TUBA4A,0.6234074
GLS,0.6234023
TRAFD1,0.62330294
STT3A,0.6232984
SPIRE1,0.62284786
VPS8,0.62282926
OGDH,0.622759
JARID2,0.62275606
MRFAP1,0.62269837
USP6NL,0.62263095
ZNF678,0.6226274
RUVBL1,0.6224876
PAPOLA,0.6224419
SRD5A1,0.62237966
ZKSCAN8,0.6223273
WDR11,0.6220825
TYK2,0.62206525
TTC37,0.6220147
SFSWAP,0.62198037
PCBD2,0.6219359
RBM5,0.6218876
FADS2,0.62185353
TGOLN2,0.62163013
PRDX5,0.6214066
TIMP2,0.62140197
ZNF445,0.62135607
PHC3,0.6213284
ZNF217,0.62128043
MTHFD1L,0.6212024
TAF7,0.62081116
RACGAP1,0.62056875
SLC4A2,0.6204712
PAFAH1B1,0.6203829
TTC7B,0.6202223
PLCB4,0.6201725
PARVB,0.6201221
PDXK,0.6200642
STOML2,0.6200322
LPCAT1,0.61974496
ZC3H15,0.6194875
STAG3,0.6194694
TEAD2,0.6193795
PRPF40A,0.6193712
RFX7,0.6193237
PLAGL1,0.6190737
PRMT1,0.61890393
IMPDH2,0.61876386
SAFB,0.61875284
SLC25A24,0.61866844
NUP205,0.61842924
UBTF,0.61833507
PPP4R2,0.6182115
ZNHIT6,0.61810577
PXN,0.61806834
YAF2,0.61794794
HLA-E,0.6178676
RPS21,0.61785376
GSK3B,0.61729074
VTI1B,0.6171668
MGST1,0.6165628
SUPT4H1,0.61651635
MAP4K4,0.6164109
TXNDC12,0.61625046
ZWINT,0.61595887
VPS36,0.6156607
UBQLN4,0.6155719
PNISR,0.61552405
TOP3A,0.61532027
STX6,0.6152775
GATAD2B,0.615214
SMAP1,0.61504287
SOD1,0.6150077
SQLE,0.6148312
SLC39A7,0.61478084
USP33,0.61461264
SSBP1,0.61457086
WRNIP1,0.6145279
TSR1,0.61446124
PSME3,0.61444974
LMNB2,0.6143461
UPF1,0.6142821
SMARCAD1,0.6142548
SRP14,0.6141384
ZDHHC7,0.6141117
EIF4A1,0.6141025
SNRPA,0.6140404
RRP7A,0.614018
PDE8B,0.6137978
ZMYND11,0.61372185
RAB1A,0.6136757
NCK1,0.6133517
SEMA3A,0.6132991
LAMA5,0.6132142
SLAMF1,0.61319935
PPP1R12A,0.61316514
RPL18A,0.6127959
UBE2C,0.6127087
LRP8,0.61269975
XRCC2,0.61267823
SMS,0.6126035
STX5,0.6125316
TBC1D16,0.6125014
PNN,0.6124122
TUBGCP2,0.6121312
TXLNG,0.6121229
SMC5,0.6120914
SSR4,0.6119928
UBE2M,0.6119803
UNG,0.6119745
XRN1,0.611859
RRP1B,0.6118285
PARD3B,0.61164576
PPP2R2A,0.6116136
OAZ2,0.6114755
NOLC1,0.6114364
SMURF2,0.61137116
TRIP10,0.61131227
SMARCA2,0.6112664
UBE2J2,0.61106586
YES1,0.61106163
UBE2S,0.6109343
NSUN2,0.6108765
WDR75,0.61042774
PTPN12,0.61003864
SORT1,0.61002964
VCAN,0.6099377
ZNF76,0.6099138
SUMF2,0.60988927
PMEPA1,0.6096554
SPSB1,0.609579
TAP1,0.609424
MCU,0.609385
SART3,0.6093133
SNRNP40,0.6093098
SPOP,0.6091608
PLD1,0.60902196
UNC119B,0.6089394
SPTLC1,0.60890543
PMF1,0.6088589
RABGEF1,0.60878676
TRIM25,0.60867274
TRAM1,0.6084563
PKD1,0.6083537
MFGE8,0.6083533
HSPG2,0.60828066
HNRNPL,0.6082161
ZNF219,0.6081164
WDR37,0.60805506
SEC13,0.60803795
WDR62,0.6079619
RAB6A,0.6078056
PFN2,0.6077361
UHMK1,0.60770166
ITPR1,0.6076479
TCF7L1,0.6076253
PSMD4,0.6075627
SEC63,0.6075147
TRAPPC8,0.60749596
STK35,0.607488
ZER1,0.607361
IPO7,0.6073586
STK38,0.60724777
SNW1,0.6072463
ZNF282,0.60721284
NLK,0.60712326
TBC1D1,0.6071138
TRAF5,0.6071099
LRRC8D,0.60707253
TXNL1,0.60706544
PABPC4,0.60689545
PSME4,0.60674226
ZFYVE26,0.6066831
SCNN1A,0.6066399
TSPAN33,0.60659593
RTCB,0.6065246
VTA1,0.6064584
MYH10,0.60643834
ZRANB1,0.60639757
ZNF692,0.60637426
VPS35,0.60637283
ZFYVE27,0.606311
EHMT1,0.606196
ZNF621,0.6061072
KRT18,0.6060992
PEX14,0.6060382
PNRC2,0.60598755
ZNF266,0.6059191
ENAH,0.6058312
ZP3,0.60578656
SCAI,0.6057432
PRC1,0.60561985
SERGEF,0.60560197
PSMD3,0.6054664
LMNB1,0.6053912
QPRT,0.6052563
PRDX2,0.6052558
ZNF770,0.60502607
NUP153,0.6049977
OPA1,0.60496724
PRPSAP2,0.60492116
PBX3,0.60473627
UNC45A,0.6047257
PIK3R3,0.6046724
SUGT1,0.6046401
RAP1GDS1,0.60440826
STK40,0.60439163
NAA25,0.6042852
ZNF33A,0.6042477
USP49,0.6042158
PFDN5,0.6041352
PFKFB3,0.6040753
RSU1,0.6040422
GRB10,0.60394657
SPTBN2,0.6037867
STX18,0.6037495
NSMCE2,0.603739
TRAPPC10,0.6035703
TEX10,0.603452
SACM1L,0.6034486
KIF13A,0.60344654
USP42,0.6032801
NNT,0.6032669
SLC25A12,0.6032487
EIF4G2,0.6031618
SLC11A2,0.60315615
NUP62,0.60290277
PRKCSH,0.60285854
RIMKLB,0.60280794
PSMA1,0.60270727
TOMM34,0.60262054
GLUL,0.60256207
LSS,0.602549
ZNF107,0.6021902
UBE2J1,0.60216725
ZDHHC21,0.6020854
HNRNPH3,0.6019669
UBXN6,0.6018603
TAF6,0.6018528
NUDCD3,0.6018324
UBE2Q1,0.6018316
ZNF562,0.60180557
VPS37A,0.60168415
WARS2,0.6014868
TMEM97,0.6013737
TIMM23,0.60131794
TSG101,0.60128546
SNAP23,0.60121584
SPDL1,0.6011637
RBM28,0.60113305
PACSIN2,0.60099685
HDAC2,0.6009685
MCM7,0.6009084
UROS,0.60079193
SCAP,0.60075414
PDS5B,0.60067904
HIPK2,0.6006265
ZNF26,0.6004916
RUVBL2,0.60029227
FLNB,0.60023594
ZNF622,0.6000884
TADA3,0.60005987
PSMB5,0.59990346
JAZF1,0.5998577
PTPRM,0.59982973
TGIF2,0.59967834
RAC2,0.599662
PPP2CA,0.5995766
TUBG1,0.599537
UQCR11,0.5993752
TAF1,0.59928244
ZNF318,0.5990992
TTC27,0.5989932
RBM8A,0.59899235
NUDT21,0.5989148
ZNF687,0.5988881
RAB2A,0.5987781
RBM25,0.5987205
NUP188,0.5986775
SCP2,0.5985449
UQCC2,0.59853715
THADA,0.59839624
ZWILCH,0.59838617
PSAT1,0.5983831
NACC1,0.5983805
TAOK3,0.5983698
UBAC1,0.5983586
PSMB1,0.5983068
NDUFA10,0.59825903
TUBB3,0.59822035
ZNF398,0.59819
STEAP3,0.59800595
MTHFD2,0.5979853
RPS6KA1,0.59790593
RNF111,0.597743
HMGB2,0.5977095
UTP18,0.5977022
PDE7A,0.5976264
SPG21,0.5976222
TIMM13,0.5975098
SLC44A1,0.59742033
TADA2A,0.59733635
TRIM22,0.59721094
RALGAPB,0.5971597
SLC25A17,0.5969852
RBBP7,0.596854
TERF1,0.5968146
TAOK2,0.59674823
TYRO3,0.59666497
SNX17,0.5965868
ZNHIT3,0.59658206
PHF12,0.5965426
UXS1,0.5964319
VEGFB,0.59641176
SPAG16,0.5963774
LGR4,0.5963621
SRP68,0.5963532
THRA,0.59632945
PCCA,0.59630877
SMC3,0.5963007
EIF5A,0.5961979
POLR2J3,0.59617096
NCAPG2,0.59616363
STX8,0.5960546
PDXDC1,0.5960114
TBCB,0.5959341
UBE3B,0.59568053
RAP1A,0.5956149
PA2G4,0.59551007
RPUSD4,0.5954968
TM2D1,0.5954596
ZNF700,0.5953571
IQGAP2,0.595307
UFC1,0.5952087
UBE2A,0.5951848
SYNRG,0.59515655
SNRPC,0.5950755
URB2,0.5949152
TNK2,0.5948563
SF3B5,0.5948124
PPARGC1B,0.5947194
KDM5B,0.59464335
RNF24,0.5946055
RANBP3,0.59459794
SNRPD1,0.59459543
KMT2E,0.5945631
SPCS3,0.5942081
GULP1,0.59417874
TROAP,0.59415895
ZMPSTE24,0.5940569
SMUG1,0.59393996
ZNF623,0.5938934
HNRNPM,0.593858
SMU1,0.5938434
ZNF791,0.593842
TRIOBP,0.593784
GOLPH3,0.59376246
RNF217,0.5937443
SEC23A,0.59373176
SAP30BP,0.5936576
SETDB1,0.59363544
TIMELESS,0.5935923
NOMO1,0.5935735
TSC22D3,0.5935654
PCNT,0.5934527
SLC25A26,0.5934249
RPS6KA5,0.5934154
UTP20,0.5933939
ZNF710,0.59338874
FXR1,0.59317756
RBPJ,0.593052
SMARCA1,0.59299314
MTA3,0.592987
PUF60,0.59294635
TTC21B,0.5928229
ZNF267,0.5927962
TAMM41,0.5927453
PDIA4,0.59272414
TMED4,0.5926992
ZNF91,0.59256613
SOCS5,0.5924148
NEK7,0.5923615
SRF,0.59232557
USP19,0.5921475
PDGFC,0.5920898
PCDH7,0.592067
PLOD2,0.592033
POLDIP3,0.5919164
RC3H1,0.5918398
ZNF33B,0.59183186
SCO1,0.5918066
ZFP36L2,0.591718
SNX6,0.5916244
WDR18,0.59149593
SPAG7,0.5914769
YIPF6,0.59147054
PPP1CB,0.5913533
DDX17,0.59128463
TRIM14,0.5912577
STK38L,0.59124666
MYL12A,0.591109
TSPAN5,0.59099174
TP53BP2,0.5908506
PFKL,0.59081537
TYW3,0.59078056
USP1,0.59076625
XRCC4,0.5907072
PTPN13,0.5906885
SERPING1,0.5906653
UNC5C,0.59066117
PRR5L,0.5906106
ULK1,0.59052056
SNF8,0.5905178
HNRNPAB,0.59051514
PDCD6IP,0.5904429
UQCR10,0.59035385
SORL1,0.5902855
OPHN1,0.5902524
RBM15B,0.5901814
PLOD1,0.59008557
RHOG,0.59001595
SUCLG1,0.58999527
TRPC1,0.5898151
G3BP1,0.58974135
HERC4,0.5896613
PAN3,0.5896336
RFC1,0.5895945
USP37,0.58949053
NCKAP1,0.5894331
UNC13D,0.5893684
ZNF12,0.58919626
PRPF6,0.589135
NDC1,0.58910227
ZNF286A,0.58906275
PSMA4,0.5890153
STARD4,0.58897626
SUMO1,0.58885664
NCOA2,0.5887716
SAFB2,0.5887229
UFM1,0.58870274
TSN,0.5886585
NRF1,0.58863354
PHB,0.5886208
MCM3,0.5885862
SCFD1,0.5884971
SEMA7A,0.5884458
LUC7L3,0.5884411
VPS26A,0.5883944
SHPRH,0.58839214
TRAPPC3,0.58836126
LAMC1,0.58826554
PHKB,0.58823097
HNRNPA3,0.5881303
SCAMP2,0.58807814
SEC23IP,0.5879386
PTPN1,0.5879313
RTF1,0.5877871
TAPBP,0.58778405
PTPRS,0.5877654
RNF5,0.5877584
RUFY1,0.5876453
TAF12,0.58749264
PLXNB2,0.5874716
FKBP8,0.5874281
TUBGCP4,0.5874065
MARK3,0.5873124
POLD2,0.58715254
PTPRA,0.5869744
SCAMP1,0.5869699
RYBP,0.586825
PPP4R1,0.5868109
TDRD3,0.58679295
ZFP36,0.5866746
HSPA4,0.5866206
MELK,0.5865148
STUB1,0.586354
HMGN2,0.58631057
RNF38,0.5862642
SV2A,0.5862492
ZC3HC1,0.58618283
NMT1,0.58612317
WSB2,0.5860528
SH3BP2,0.58601373
MYOF,0.58598477
UBE3D,0.58593297
RAB11FIP3,0.58592904
IQGAP1,0.5858916
ZNHIT1,0.58586246
NAA50,0.58579665
PCID2,0.5857816
XYLT2,0.58565986
TAB1,0.58563226
TEAD3,0.58561236
OTUB1,0.5855577
SMC6,0.5855478
HSPA9,0.5854917
YEATS4,0.5852804
HM13,0.5852236
PIK3C2A,0.58515304
TAF4B,0.58513176
NUDC,0.5851231
TIMM17A,0.58511335
NBAS,0.5850641
PPP1R14B,0.58493966
VPS54,0.5848448
NUP93,0.58482295
RPL7L1,0.58478457
RHEB,0.5847669
UGCG,0.5847194
TK1,0.58465004
SHROOM3,0.584597
SPTLC2,0.5845797
ZCCHC4,0.5845376
TANK,0.5844383
TRAPPC6A,0.5844336
RNF169,0.5844183
VMA21,0.58434874
SUGP1,0.5843431
SNRPA1,0.5843017
STRADA,0.5842808
KIF1B,0.58425146
MAN2A1,0.5842512
TRIM26,0.58421683
MCPH1,0.5841652
ZNF84,0.5840871
SPCS2,0.58393514
SARS2,0.5839319
RB1CC1,0.5839245
PTDSS1,0.5839146
PTPN2,0.5837255
ZNF81,0.58372474
POLQ,0.5836812
PPA1,0.5836421
TBC1D10B,0.58353704
SPOPL,0.583494
TRIP11,0.5834676
RAPH1,0.5834567
TRAF3IP2,0.5833868
OXSR1,0.5833484
MLEC,0.5832995
RAD23A,0.5832973
RASA3,0.5832088
REV1,0.58317924
SOS2,0.58316135
GOLGA4,0.583112
NFE2L1,0.5830819
RMND5A,0.58303523
RAB11A,0.583033
TRMU,0.5830174
STARD3NL,0.5829078
TGS1,0.5828675
PARK7,0.5828493
TOMM40,0.5827784
PTPN4,0.5827432
SETD1A,0.58272433
TBK1,0.58256817
PELP1,0.58253574
PLK1,0.5825312
HLA-DRB1,0.5824958
TGIF1,0.58248657
ZNF7,0.5823781
MDN1,0.5823747
SENP5,0.58226347
SEMA3F,0.5822061
VPS4B,0.58205515
PRPF19,0.5820491
SEPHS2,0.5820447
NUBPL,0.5819801
TRIM41,0.58192354
PPRC1,0.5819007
TIMMDC1,0.581888
TNIP2,0.5817657
MAST2,0.58174723
PTCD3,0.5816053
MAGED1,0.5815358
ZNF3,0.58150476
VPS52,0.58149713
WDR91,0.58137196
RBM17,0.5813683
TONSL,0.5812968
SIK2,0.5811924
SHMT1,0.58112055
SLC7A8,0.58103406
TOX4,0.58093077
HLA-DPA1,0.5808554
HNRNPDL,0.58083206
MTHFD1,0.58083093
PPP1CA,0.5807932
PPIG,0.58078873
STAMBP,0.5807343
TMEM147,0.58070207
MED15,0.5806883
LSM4,0.5806773
LSM12,0.58061963
PPP3CB,0.5804659
NAA15,0.58036363
VPS26B,0.58030033
RPS6KB1,0.5802239
KPNA6,0.5801838
TRNAU1AP,0.58017707
MPP6,0.58016515
MYBL2,0.58014226
PRKACB,0.5801322
ZNF317,0.58007914
MAGI3,0.57999146
THOC5,0.5799687
GANAB,0.5799619
WDR3,0.5799313
TAF2,0.57985014
LAMB1,0.5798381
RAB3GAP1,0.5797366
WDR36,0.57973045
PDIA3,0.57969624
ZBTB17,0.579675
USP46,0.5795226
MNAT1,0.57943386
SLC35B2,0.57937735
SOAT1,0.57937735
SIN3B,0.579232
VRK3,0.5791853
SSB,0.5791634
UMPS,0.57905143
SRI,0.57899266
RCL1,0.57893515
PRPF3,0.5788664
TARS2,0.57882714
PGM1,0.57866514
UVSSA,0.57860935
RNF130,0.5785843
IPO9,0.5785764
YPEL5,0.57851
VPS4A,0.5784884
ZNF248,0.5783809
TMED5,0.5783558
PLD3,0.57831
PRKAR2A,0.5781783
TNFRSF21,0.5781371
PLCL1,0.57809174
SRM,0.57808185
SATB2,0.5780139
PEA15,0.5779926
SNRPB2,0.57795703
LPGAT1,0.5778741
LYRM4,0.5778523
USP45,0.577797
NUTF2,0.5777011
SNX4,0.57769746
PSEN1,0.57764906
PIK3C2B,0.5776022
RPE,0.57758385
GJA1,0.57746136
LRRFIP1,0.57743406
PJA2,0.5774272
RHOBTB1,0.5774151
MARK2,0.57734823
SERINC5,0.5771206
KHSRP,0.5771143
SEMA6A,0.5770753
SERINC3,0.57696754
RIC8B,0.5769161
PHYKPL,0.57690823
TRAF3IP1,0.5768434
TPCN2,0.57681715
SLC12A8,0.57680553
DIAPH3,0.5768014
OS9,0.5766254
PPP5C,0.57655984
SCAF1,0.57653534
ME1,0.57641166
SRPRB,0.5763895
GSPT1,0.57630396
SNAPC4,0.5762797
S100A6,0.57625204
TATDN2,0.57623476
NEDD4L,0.5762217
ZNFX1,0.5762209
RPAP2,0.5762133
SEC22C,0.5762073
SP100,0.57611996
MTDH,0.57607204
SNAP47,0.57598794
EBF1,0.5759626
TNFRSF1A,0.5759613
NUMB,0.5758761
MBTD1,0.5758638
ZNF264,0.5758416
RNF114,0.57583493
PLEKHM2,0.5757403
YIPF2,0.575725
PSMD2,0.57561433
SBF1,0.57561195
MINK1,0.5755224
RARS2,0.5755004
PHLPP1,0.5754485
RAB8A,0.5752987
RBX1,0.5751709
RAB5A,0.5751691
ZYG11B,0.5751394
SENP3,0.57508767
TINF2,0.57505274
MAMLD1,0.5750313
MTR,0.57497406
RGS10,0.574972
LGMN,0.57496697
THEM4,0.5749469
IVNS1ABP,0.5748945
MED13,0.5748631
SEC61B,0.57479733
PPM1B,0.57472193
RBM19,0.574709
UBE2B,0.57470375
NUDT3,0.5746939
SF3B4,0.57466304
NR2C2,0.5746198
TRIM11,0.57459944
XYLB,0.5744879
STX7,0.5744658
PUS1,0.57439953
MED27,0.5743415
TRIM69,0.5743219
YARS2,0.5742098
TOB1,0.5741552
SEMA4B,0.5741396
POFUT1,0.57410395
VPS11,0.5740474
XAB2,0.5740112
SWI5,0.57399297
DAB2,0.5739083
RLIM,0.57388145
YIF1A,0.57388055
ZNF337,0.5738521
MEIS2,0.5738033
SEC24B,0.5737124
PPP1R10,0.5737091
MAPK6,0.5737073
MCM5,0.57361335
PSMA5,0.573552
ZNF768,0.5735393
SOCS7,0.573493
EIF3L,0.57347286
POLR2B,0.5734192
EEF1D,0.573389
SLC19A1,0.57337725
NDE1,0.5733197
SMARCC2,0.5732749
ZNF841,0.5731992
MEF2D,0.57295126
PLCL2,0.57294255
ZNF197,0.57277626
MYL12B,0.5727744
RAB5C,0.5726745
PANK2,0.5726663
MRPL3,0.57262933
UNC119,0.57261467
RXRB,0.57258105
RABGGTB,0.57254505
MAML3,0.5725364
WDR46,0.5724778
TGFBR1,0.5724745
PYGL,0.57245886
PSMD7,0.5723906
MTA1,0.57231784
UBE2Q2,0.572235
STIM2,0.5722171
SART1,0.57221323
TIMM44,0.5721941
SDAD1,0.5721811
SEC24A,0.5721712
P4HA1,0.5721709
ZNF605,0.5721271
SCD5,0.57212543
PPM1A,0.5720787
MCL1,0.5720523
SLBP,0.5720108
TTC5,0.57195216
SNRPE,0.5718882
SLC30A6,0.57187945
RGL1,0.5718518
SSX2IP,0.57179826
MICU1,0.5717972
POLA2,0.5717348
MCC,0.5717032
HLA-DPB1,0.5716195
ZNF41,0.57157147
NDUFS6,0.5714998
PRMT7,0.5714973
SLC15A4,0.57146925
EIF3H,0.57145846
WDR19,0.57141995
ILF2,0.5713448
RNMT,0.571261
TRIM38,0.571249
TMEM11,0.57123053
FBL,0.571196
TSNAX,0.571182
TBC1D2,0.57112455
TCIRG1,0.57107836
NUSAP1,0.57107365
RAB12,0.57105714
SLC5A6,0.5709832
STRIP1,0.57097787
PPP6R1,0.5709429
GMDS,0.57084626
ZNF160,0.5708041
PGRMC1,0.57076657
RANBP9,0.5706218
MORF4L1,0.5706213
PARN,0.5706111
TRIM2,0.5705621
SYT7,0.5705509
PFAS,0.5704826
SASS6,0.57046
RGS5,0.5703896
STARD10,0.57032156
KCMF1,0.5702586
MPDZ,0.5701143
RNF11,0.57011026
SCRIB,0.5700023
ROCK1,0.56989795
SEC23B,0.5696575
MDH1,0.5696237
SENP1,0.5695544
MRPL37,0.569507
KDM4B,0.5695063
SNX2,0.56949943
FARS2,0.5694717
EEF1B2,0.5694471
VPS37C,0.5694376
STXBP4,0.56939685
ST6GALNAC4,0.56929654
SYNE1,0.5692868
MYO9B,0.5692628
TMC6,0.5692455
SYVN1,0.56919
NDUFA4,0.5691594
ZNF561,0.56906265
PDLIM7,0.5689494
UBXN2A,0.56887656
TSPYL2,0.5688716
SMARCAL1,0.56881285
SORBS3,0.5687701
NOC2L,0.56874037
SCLY,0.56870097
PUS7,0.5686597
INTS3,0.568564
GLI3,0.5685516
HK1,0.5685317
PRMT3,0.56851953
RPS6KB2,0.56833005
UNC93B1,0.56831414
SAT1,0.56819004
ZNF274,0.56808007
GRB2,0.56805146
TMEM214,0.5680482
TRAF6,0.56800044
SAMD8,0.56795657
SNAPC3,0.5679355
POLR1A,0.5679111
PES1,0.5678512
SFI1,0.56778246
NFATC3,0.56773144
SLC25A25,0.56772447
RANBP10,0.5677053
UQCRQ,0.56767124
TBC1D15,0.56757814
ZNF100,0.56755316
TRUB2,0.56753534
ZKSCAN5,0.56752115
HYOU1,0.5674936
RAB11FIP1,0.5673717
HSPA5,0.5673523
PTK2B,0.5673399
TCEA2,0.5673019
ZBTB33,0.5672667
FBXW11,0.5671623
REEP3,0.5671382
RBBP6,0.56712705
WDR35,0.5671131
SPRED1,0.5670574
PDPR,0.5670081
RAB14,0.56697255
TARBP2,0.56695366
TNFRSF1B,0.56694335
TWF2,0.56692606
SDCBP,0.5669152
SPHK2,0.5669048
OTUD7B,0.56686765
VCPIP1,0.5668286
EIF4G1,0.56681883
RAB30,0.5668188
TYSND1,0.5667847
CTNNA1,0.5667831
TERF2,0.5667651
SPNS1,0.56675214
TBC1D7,0.5667097
SOCS6,0.56667376
MZT2B,0.5666309
TFB2M,0.56662256
SGPL1,0.566518
NAT10,0.56649005
SMYD4,0.56648684
PRKAR1B,0.5664831
ZNF566,0.5664766
PAPSS1,0.5664717
RRP36,0.56630296
UBE4A,0.56619865
TERF2IP,0.5660941
VAMP2,0.5660309
MIER1,0.56598157
PHF19,0.5659063
UAP1,0.56586623
LMO4,0.56585574
TFB1M,0.5658493
STX2,0.5658288
TUBGCP6,0.56578356
RALGPS2,0.5657716
GPR176,0.56570363
TMEM132A,0.5656948
YOD1,0.5656722
QSOX1,0.56565076
PGS1,0.56564945
OSBP2,0.5656305
ZDHHC9,0.5655625
TBC1D13,0.565496
PIGL,0.5654815
HMGCS1,0.5654711
SLAIN2,0.56546706
FRAS1,0.56530607
POLD3,0.56527734
UBA3,0.5652577
MCM4,0.56516784
RFX2,0.5651083
IGF2R,0.56506944
MCM2,0.5650458
OTUD5,0.5650363
ZNF500,0.56496316
ZNF783,0.56492114
ZNF738,0.5649101
ITPR2,0.56490296
PSMC3,0.5648799
SECISBP2,0.56487674
GBE1,0.5648616
NOP56,0.56482285
PYCR1,0.5647742
TMEM63A,0.564744
PDPK1,0.56469053
ZNF708,0.5646712
PPP1R18,0.56450945
PWP1,0.56445754
SKA3,0.56444263
RBBP8,0.56425136
TBPL1,0.5642465
NCOA6,0.56421715
MRPS21,0.5641457
FDPS,0.56407005
INCENP,0.56406933
MAP4K5,0.5640201
IP6K1,0.56398124
STXBP3,0.5639783
NOP58,0.5639568
RFX5,0.56376857
SMAD7,0.5637419
PPP3R1,0.56364775
NPRL3,0.56364256
PSMC5,0.56357795
SGPP1,0.56354654
HECTD1,0.56353647
SGSM3,0.56349343
RRP8,0.56347334
RNF40,0.56345534
ZNF430,0.5634514
TMED7,0.56340516
SLAMF7,0.5633213
TAF5L,0.5631816
RPL36AL,0.56316566
NPTN,0.56316143
SERPINB6,0.5631492
MAPKAPK2,0.5631239
PDK1,0.56312233
MGA,0.5630855
PDHX,0.56302124
SMCR8,0.5630155
RNF34,0.56300133
SPINT1,0.562995
PFKFB4,0.56298006
TRAPPC11,0.5629349
PITPNA,0.56291777
PDSS2,0.5628867
THUMPD1,0.5628304
PSME1,0.56282926
USP20,0.56278014
ZNF320,0.5627607
SIPA1,0.5626805
RUSC2,0.56260765
WASF3,0.56260264
MAP3K2,0.56257135
STARD8,0.5625281
SUPT20H,0.5625239
RBP1,0.5625139
TOLLIP,0.562487
RAB4A,0.5624548
SH2B1,0.56242675
ORC2,0.56238097
STAT2,0.56237924
TOP3B,0.56237304
SEC62,0.5621665
UBE2F,0.56214
TCTN3,0.5621103
METAP1,0.56208646
STX17,0.5620553
ZNF189,0.5620321
VPS37B,0.5620026
RRAGA,0.56186575
ZNF526,0.5618242
SIKE1,0.56179273
PSMB8,0.5617927
RANBP1,0.56178945
NPC2,0.56166244
POLR3E,0.56165814
GNAI2,0.5616544
COL5A1,0.56163585
MEF2A,0.56160796
TBP,0.56156784
KDELR2,0.56154776
SIAH1,0.56154287
SERPINB9,0.561502
NDUFS1,0.561438
KDELR1,0.56143475
PSMB3,0.5614307
TXNRD2,0.56136537
PPM1L,0.56136197
PPP2R5A,0.5612601
MEMO1,0.5612561
SEH1L,0.56123036
UBA5,0.56116533
SLC35E3,0.5610964
PIR,0.56103194
NFX1,0.56100476
RHOQ,0.5609864
FADS1,0.56090575
HDAC8,0.5607969
NUP50,0.5607337
ZFP90,0.5607234
PERP,0.560694
ZNF649,0.5606926
DPYSL3,0.56067246
RALGAPA2,0.56064516
UBIAD1,0.5605059
RCOR3,0.5604876
TCF7,0.56041896
WDR55,0.5604057
PKN1,0.5604014
VANGL2,0.5603087
SLC9A1,0.56028295
PELI2,0.5602796
PDCD6,0.5602652
SMC2,0.5601232
PIKFYVE,0.56006324
RNF41,0.56003076
UGDH,0.5600062
EDIL3,0.55996555
ZNF423,0.5599549
USP21,0.5599381
MMS22L,0.559854
NDUFV1,0.5598245
THAP11,0.55975866
VIPAS39,0.55975235
PDCD11,0.5597244
POLR3H,0.5596994
TDP2,0.5596537
PDCD4,0.5596375
IFI44L,0.5596326
SCYL1,0.5595263
PIK3C3,0.55947953
LONP1,0.55947655
TTK,0.55947447
TNFRSF12A,0.55946326
MBD2,0.5594394
TLE1,0.5594202
TNFRSF11B,0.5593995
LSP1,0.5593765
PPIF,0.55935395
PRPS1,0.5592926
PSMD8,0.5592809
SESN2,0.5592527
RBM42,0.55920327
NME4,0.5591811
TOPORS,0.55917096
PLEKHG3,0.5591626
UROD,0.5591209
MED14,0.5591081
OXNAD1,0.5591005
SRP19,0.55903226
SEMA4C,0.5590071
SLC12A2,0.5589907
USP16,0.5589506
PI4KA,0.5589237
SSBP4,0.5589084
KIF4A,0.5588332
PRMT5,0.55882865
ZNF670,0.55878913
REPS1,0.5587549
UBL4A,0.5587492
POLK,0.55870223
RFFL,0.55867743
ITCH,0.5586319
PGAP1,0.5585919
PRDX3,0.55851996
SYF2,0.558517
NFATC2IP,0.5584505
FAM13A,0.55844766
OSBPL1A,0.55841625
PNPT1,0.5583779
UBQLN2,0.55822545
ZNF43,0.55809116
ZNF44,0.5580275
RNASEH1,0.55792946
TRIAP1,0.55790293
VGLL3,0.55771005
PIGK,0.5577051
ERGIC1,0.5576136
HLA-F,0.5575945
STARD3,0.55759364
RARG,0.55758834
NDEL1,0.5575536
TRIM13,0.5575454
PFKM,0.55750644
FOXK2,0.55745035
MRPL51,0.55743104
STK36,0.5573403
RBBP5,0.5572283
ZNF300,0.55714875
PSMB4,0.5571132
YIPF1,0.5570093
WDR45,0.55700594
NHP2,0.55698526
PIGU,0.5569257
RAD52,0.5569218
TBC1D24,0.5568996
NDST1,0.5568933
PTTG1,0.55686975
SUPT7L,0.55679286
RPA2,0.55678886
ZNF766,0.5567779
TRMT1,0.5567517
RASSF1,0.5567151
TXNDC16,0.5566853
PSMD12,0.5566734
SEC22A,0.55667233
SKIV2L,0.5566228
NFYC,0.556581
VAMP3,0.5564938
ZNF607,0.55643755
MAP3K4,0.5564306
TM7SF2,0.5564176
ZNF780B,0.556347
UBL7,0.55634135
PKP2,0.556273
MDC1,0.5562213
RER1,0.5562039
PDHA1,0.55613023
TIPRL,0.5561274
ZNF814,0.5560121
PPIL4,0.5560061
NLRC5,0.55596256
G3BP2,0.5558103
PRR12,0.55577195
MAPRE1,0.55574614
TFAP4,0.5557446
NUDT5,0.55573994
SAMM50,0.5557183
UTP14C,0.5557042
SPN,0.55570287
TUBD1,0.55567354
ZNF808,0.55564535
KIF22,0.55563265
TBL3,0.5555731
PPL,0.555559
FSCN1,0.5555459
RRN3,0.5555455
ZNF677,0.55553204
ORC5,0.5554675
PLA2G4A,0.5554482
UBE2D1,0.555426
PEF1,0.55541515
PLAA,0.5554062
IFI30,0.5553854
PEX19,0.55528915
TBC1D32,0.5551916
RAP2A,0.5551646
TAF1B,0.555154
HK2,0.55515116
STAT5A,0.5551429
TICAM1,0.55513096
PDCD10,0.55508465
NUS1,0.55508435
KANK1,0.555072
ZNF133,0.5550622
PCGF3,0.555021
FKBP4,0.55500084
SKAP1,0.5549723
MTMR12,0.5549625
LMO7,0.5548697
MAU2,0.554822
RAD54B,0.55481684
MGAT5,0.55481654
NES,0.5547427
PRPF38A,0.55467033
TBC1D20,0.55464417
PPP2R5D,0.5546413
PHC2,0.5546051
ZNF529,0.5544952
PRPF4B,0.55448186
RPL22L1,0.5544423
SHQ1,0.55444115
RUNX2,0.5544341
SPAST,0.554413
METAP2,0.55440235
SLC25A38,0.55437577
FAU,0.55434805
TRAPPC4,0.5543187
TBCEL,0.5542533
SYDE2,0.5542362
RECQL,0.5541594
TPD52L1,0.5540987
ZNF440,0.55407906
ZNF143,0.5540735
PREPL,0.55406886
TBC1D17,0.5540395
TOR1A,0.5540158
ZNF557,0.5540024
SORD,0.55399126
PIP5K1C,0.5538918
PRKX,0.5538256
PSMA7,0.5538066
RPS26,0.5537892
KRT19,0.55376774
RNF7,0.5537421
RAD54L,0.5536355
MSL2,0.5536271
GABARAP,0.5535886
PRCP,0.5535742
MAPK14,0.5534697
HSD17B4,0.55345213
LARS2,0.55342793
PAK4,0.5534253
VLDLR,0.5534162
SMDT1,0.55339694
TRAPPC5,0.5533955
PLXNB1,0.5533839
PFDN2,0.55336416
RAB11B,0.55330896
RRM2B,0.5532962
ITPR3,0.5532826
TPK1,0.55327845
PSMC1,0.5532583
PRKRA,0.5532175
SRA1,0.5531126
TAF11,0.5530978
NCOA7,0.553033
RRP1,0.55302715
IL32,0.5530187
NDUFAF6,0.5530136
TRIB3,0.5529764
HADHA,0.5528819
ODC1,0.55287933
UCK1,0.552859
PAIP2,0.5528331
JUP,0.5528142
PMPCB,0.55280954
PTPN9,0.5527468
ZNF227,0.55273086
RFC4,0.5527143
KIF11,0.55270153
TTF1,0.5526768
NDUFAF2,0.55267036
PKD2,0.55260605
CSDE1,0.55260146
RRAGD,0.5525816
RAD51AP1,0.5525273
RBCK1,0.55250114
SPSB3,0.55241185
CFL1,0.552367
SUV39H2,0.5523612
SPRED2,0.55234027
RHOT1,0.552338
TAB3,0.5523335
SUN2,0.55229175
TUBGCP5,0.5522844
KNTC1,0.55218333
RHOBTB2,0.5521608
GIGYF2,0.5520359
TMEM126B,0.5520091
RHOT2,0.5519532
TRIM62,0.55193436
ZNF250,0.5518754
MBD3,0.55180967
KLHDC3,0.55176306
RASA2,0.5517409
UCHL3,0.5517237
WDR48,0.5516935
PDHB,0.55165684
ZNF548,0.5516343
TRAIP,0.55162853
EIF3D,0.5516261
EIF4H,0.5516213
ZDHHC8,0.5515074
PANK3,0.55146194
ZNF235,0.5514025
HNRNPH2,0.5513732
TCEA3,0.5513532
PPIP5K2,0.55134076
PPARD,0.55126333
UPRT,0.5512597
RCN1,0.551259
PARVA,0.5512488
SETD7,0.551242
PBX2,0.5512079
MSH3,0.55118126
IP6K2,0.55114233
PPP4C,0.5511091
SEC61A2,0.55108285
PTGES2,0.5510677
IGFBP4,0.55106246
KIF1C,0.5510431
RHNO1,0.55099857
ZNF101,0.5509981
ZW10,0.55098605
NUP133,0.5509492
LPXN,0.55094546
PTGFRN,0.5508442
PSMF1,0.55083776
UBE2T,0.5508141
RND3,0.5507737
MCMBP,0.5507591
TELO2,0.5507179
SYNJ1,0.55069035
PPIL1,0.55068785
VPS28,0.55068034
SLX4,0.5506709
SENP2,0.5506174
PLA2R1,0.55060804
NLN,0.5505257
KIF2C,0.55049914
MRPS16,0.5504529
POLE3,0.5504139
ZNF45,0.5504129
SPPL2A,0.55040586
RAB18,0.550324
RUFY3,0.55032265
SDC1,0.5502803
PSMC2,0.55026245
TEX264,0.55025256
RNF168,0.5502229
LARP4,0.5501438
GALNT1,0.55003935
RORA,0.5499427
TAF8,0.5499262
UNC5B,0.54989916
NCBP2,0.5498728
UTP14A,0.5498422
ZNF473,0.5498398
THOC1,0.54981196
ZNF335,0.54975253
GNA12,0.5497153
RCOR2,0.54959273
ELOVL5,0.54956627
ENSA,0.54956317
EXOC6B,0.5495574
PYCR2,0.5495137
ZNF485,0.5494493
PPAT,0.54944485
CELF1,0.54934996
POLR2L,0.5493302
ZNF385A,0.54932094
PSMB6,0.54932
ZNF212,0.5492969
FER,0.54921895
NVL,0.5491775
NPNT,0.5491637
NEK9,0.54912055
PREB,0.54910094
SLK,0.5490903
PLCG1,0.54904217
ZNF510,0.5490284
YIPF5,0.5489257
LSM2,0.54885113
TJP2,0.54881066
GOLIM4,0.5488093
LDLR,0.5487937
ZNF10,0.5487434
ZSCAN32,0.5487102
GOT2,0.548695
LRRC41,0.5485969
THOC6,0.5485662
ZFPM1,0.5485411
NINL,0.5485365
GTF3C1,0.54852766
NUCB1,0.54849946
SPRY4,0.54849
MAML1,0.54848075
LCLAT1,0.5484647
TAGLN,0.54846287
GPD2,0.54838866
NCAPG,0.5483864
HMGN1,0.5483662
UBLCP1,0.5483209
MID1,0.5482459
NDUFB5,0.54824436
TRIM32,0.548186
NPHP4,0.54817694
PLSCR1,0.5481045
RTEL1,0.5481004
HEG1,0.54805994
TRO,0.5480188
SH3GLB1,0.54801345
HTT,0.54793704
TFAM,0.5478446
RPL17,0.5478099
NEK1,0.54779017
PIF1,0.54773206
MADD,0.5476954
RNF138,0.54767287
MTX2,0.5475895
FNIP1,0.5475769
PNP,0.5475658
TIMM17B,0.54754573
GATAD2A,0.54749364
DIAPH2,0.5474918
TAF1C,0.5474893
SEL1L,0.5474847
REXO4,0.54746693
SLC25A22,0.5474274
QRSL1,0.54738134
PGAP2,0.54737943
TBCC,0.5473223
RFC2,0.5472988
OSMR,0.54727304
LBR,0.54727274
MAPKAPK5,0.54724914
MSL1,0.5472443
MEX3C,0.5472443
SH2B2,0.5472184
ZNF224,0.54720026
MXRA8,0.5471875
DISP1,0.54718566
SLC26A6,0.5471212
SLC35B1,0.5471064
SLC27A5,0.54710054
SLC6A9,0.54708844
POLL,0.5470167
INTS10,0.5469954
TAF9,0.5469601
RHBDD1,0.54694265
PIH1D1,0.5469247
MAGT1,0.54686505
PPP1R16B,0.54683477
PCCB,0.54674745
POLR2G,0.5467074
REXO1,0.546702
RAB11FIP4,0.5466984
ZNF394,0.54666543
POLR3A,0.5466582
ZNF480,0.5466361
RGS12,0.54660064
PSMD9,0.54656225
REEP5,0.5465363
SAV1,0.54652053
PPM1D,0.5465115
FARP1,0.54649603
PATL1,0.54647243
SH2B3,0.5464594
ZSWIM7,0.5464485
ULK2,0.54643667
MOB1A,0.5464344
WRAP53,0.54642504
TWF1,0.54639417
LRP5,0.54636776
MIB1,0.5463607
PPP1R12C,0.54632723
ZNF593,0.5463071
HSPA1A,0.546301
NOL10,0.54629993
MRPS6,0.5462893
MRPL11,0.5462868
PIK3R4,0.5462867
MTF2,0.5462368
PHF8,0.546224
MYO9A,0.5459785
TRMT10C,0.5459774
PYGB,0.5459629
HSPB1,0.5459518
TADA1,0.54589367
PGM3,0.54586
UFSP2,0.54583365
UPF3B,0.54582924
RAP2B,0.54581094
PURB,0.5458011
ZNF155,0.54579586
VPS18,0.54576117
MTA2,0.54574525
STX4,0.5457399
PTDSS2,0.5457299
GLO1,0.54572845
ERP29,0.5457107
RAB2B,0.5456893
MRC2,0.54565907
SPIRE2,0.54564714
NBEAL2,0.5455919
INTS6,0.54557186
IMMT,0.54555804
KCNAB2,0.54555434
ZNF460,0.5455486
PMPCA,0.54542196
ZNF420,0.5454
RNPC3,0.5453966
TOM1,0.5453244
TMEM70,0.5453221
KDM4A,0.5453121
PRKAG1,0.5453091
RNF2,0.54527175
TDRD7,0.54525614
RNF123,0.5451766
ZIK1,0.54514587
HINT1,0.5451411
SMAD1,0.5451177
PLEKHA8,0.54507595
KPNA2,0.5450556
ETF1,0.5450473
RAB9A,0.5449862
RRS1,0.5449572
MYBBP1A,0.54492956
RUSC1,0.54485756
TCTN1,0.544843
HS2ST1,0.5448089
ZNF691,0.5447688
PRKRIP1,0.5447665
TRIM21,0.54471475
ME3,0.5447057
TP53INP1,0.5447011
SMYD5,0.54468286
PEX5,0.5446653
PSMB9,0.54466
PREX1,0.5446336
SURF6,0.54459393
GLG1,0.54454935
PLCE1,0.5445476
WDR61,0.5445475
TRMT5,0.54453343
LIMA1,0.5445332
PTPN23,0.5444634
RAD1,0.5444303
GGA2,0.5444231
RASSF2,0.54440385
HCFC1,0.54435956
EIF3B,0.5443075
KPNA4,0.5442494
RBM34,0.5442355
TIAM1,0.54422677
FMNL2,0.5442031
NUP88,0.5441418
RNF185,0.5438987
NELFB,0.5438669
SEMA4A,0.54385144
PTP4A3,0.54384196
OSBPL5,0.5438229
LAMP1,0.54381114
HDAC1,0.54380107
RPAP1,0.5437761
SAR1B,0.5437754
LTBP1,0.5437552
DENND1A,0.54374963
LYPLA2,0.5437286
IREB2,0.54371923
MOCOS,0.54369694
RAB21,0.54367703
ORC4,0.54364324
SNAPC5,0.5436387
POP7,0.5435821
EIF1,0.5435762
MTMR2,0.5435291
NRBP1,0.5434712
NCAPD3,0.54346526
NEDD8,0.54345965
MMS19,0.543459
ZNF564,0.5433196
NUP107,0.5432974
YRDC,0.5432968
PCSK7,0.5432731
POLR2H,0.5432357
PPP2R1B,0.54319316
ZNF772,0.54318506
HERC2,0.54306865
MBOAT7,0.5429716
ZFP14,0.5429579
MRPS5,0.5429474
NFIX,0.542778
EIF2S3,0.5427446
PAXIP1,0.5427374
MRPL45,0.5426615
GTF2I,0.5426556
TAZ,0.54262996
RHOB,0.54262245
UFL1,0.5426066
HSD17B12,0.5425967
PRPF40B,0.5425395
POLR1E,0.5425186
NEIL3,0.5424994
RAB8B,0.54249597
MED24,0.5424919
NARS2,0.5424459
TMED1,0.54244334
TECPR1,0.54242915
TRMT61B,0.542424
IPO11,0.5423553
NDUFV2,0.5423469
LMAN2,0.54233545
KIFC3,0.54232204
RCHY1,0.54231834
UBOX5,0.542317
KPNA3,0.54226565
SIRT1,0.54226184
WTIP,0.5422595
PIGT,0.542238
GOLGA3,0.54223406
PANK1,0.54222375
POMP,0.5422205
RIC8A,0.5422158
PEX2,0.54217374
SHARPIN,0.54216903
RAB6B,0.5421146
MTUS1,0.54203254
RAD9A,0.5420142
SLC25A28,0.5419877
RBL2,0.5419702
NAA35,0.541965
PCGF5,0.5419454
RAB27A,0.5419036
PEX6,0.54187
POLR3D,0.54179746
RFC5,0.5417884
VPS33A,0.5417782
HMGCR,0.54177773
OSBP,0.5417544
NR2F6,0.54173875
IQCB1,0.5416629
TST,0.5416461
RPIA,0.5416192
KIF21A,0.54150885
MPP5,0.5414365
NAA38,0.5414344
NSA2,0.54132074
ZNF202,0.5413198
RELA,0.5413034
ISYNA1,0.541234
UAP1L1,0.541217
TNFRSF10A,0.5412104
DDIT4,0.54120463
PRKAB2,0.54120123
NPAS2,0.54116684
HSPH1,0.54115295
IQGAP3,0.54115283
MFN2,0.54114634
MAEA,0.5411166
TAP2,0.5409455
KHNYN,0.5409218
MIDN,0.5407881
TMOD1,0.5407658
ZNF585A,0.54073304
MED28,0.5407156
IARS2,0.5406557
RPP30,0.5405972
RTKN,0.54058284
PRKCH,0.54049265
PIGG,0.5404713
MCM3AP,0.5403263
IMPA2,0.5403048
ZNF552,0.54024684
NSFL1C,0.5402084
PHF2,0.54020655
PQBP1,0.5401672
SESN1,0.54003495
ZNF180,0.5400197
MAP3K11,0.5400152
NAB1,0.54000825
MKRN1,0.5400057
RALBP1,0.5399542
MAF1,0.5399459
PLXNA2,0.5399382
FKBP1A,0.5399362
MRPL10,0.53992325
DLG1,0.5399166
NCSTN,0.53987765
NELFCD,0.53985834
POLR2C,0.5398341
PI4KB,0.53976583
PPP1R7,0.53972304
HPS1,0.539721
INO80,0.5397099
ZNF780A,0.53969824
PLS1,0.539692
SPATA13,0.53966993
GART,0.5396544
NADK,0.5396204
POLR2D,0.53960854
RAB34,0.53957534
ZNF79,0.5395504
PURA,0.5394869
MAGED2,0.5394272
EIF4EBP2,0.53940696
NOTCH3,0.53936857
STX12,0.5393641
SIVA1,0.5393533
HSF1,0.53934425
TADA2B,0.53929955
NRP2,0.53925323
TIFA,0.5392447
TRIP4,0.53916883
HGS,0.53915924
RNF19B,0.53914493
GUK1,0.5391156
ZNF251,0.53908926
LAMTOR4,0.5390813
SATB1,0.53905195
NFKBIA,0.53900486
GRSF1,0.5389546
SLU7,0.53895074
RNF8,0.5389433
NOP9,0.53888375
MZT2A,0.5388772
IPPK,0.5388719
TOMM40L,0.53885096
ZNF585B,0.53883594
PEX26,0.5388239
TRAPPC6B,0.5388065
QDPR,0.5388062
ZDHHC2,0.53877234
ZNF182,0.5387651
SGMS2,0.5387266
COL8A1,0.5387206
CHCHD3,0.5386709
MYO1C,0.5386507
INPP5B,0.5386218
PHKA2,0.53861135
ITGA6,0.5385861
HERC1,0.53857833
NMD3,0.53852165
SDF2,0.5385126
ZNF304,0.5384978
ORC3,0.5384775
PISD,0.5384506
NDUFS8,0.5384363
MAGI2,0.5384191
KCTD3,0.53840077
TRAPPC2L,0.5383921
RPS6KA4,0.5383549
MLXIP,0.53833604
PPIH,0.53827435
NKIRAS2,0.5382657
RPGRIP1L,0.53825974
NAPA,0.53825
SLC12A9,0.5382499
PHLDA1,0.538237
MYADM,0.53816956
PDE4A,0.53813386
PTPMT1,0.53813213
PDRG1,0.53812796
ZNF211,0.53811514
PAIP1,0.5381037
RMI1,0.5380764
PYGO2,0.5380505
PACS2,0.5380421
ZNF234,0.5380313
PODXL2,0.53802407
TSEN34,0.53801036
LUC7L,0.537949
KDM3B,0.5379145
ERGIC3,0.537911
IRAK1,0.5378952
ORAI2,0.5378857
MSH5,0.5378352
TDG,0.5378244
ZNF558,0.53779775
PLEKHA7,0.5377802
FBN1,0.5377735
HLA-DMA,0.53776777
MRPS18B,0.53770214
INTS7,0.5377005
MDFIC,0.537652
TXNRD3,0.5376508
MLST8,0.53765005
STAP2,0.5375696
PRDX4,0.5375601
GOLGB1,0.5375592
MAP4K3,0.53752625
ORC1,0.5375139
ZNF813,0.5374981
LIMD1,0.53749686
RING1,0.53749645
MX1,0.5374958
SNRNP48,0.5374469
RPAP3,0.5374304
PPP1R15A,0.537428
PPP1R8,0.53740376
SLC1A1,0.5373938
NCK2,0.5373564
PPP2CB,0.5373329
LAS1L,0.537329
TSSC4,0.5373158
MYL6B,0.5372929
SMNDC1,0.53725827
ME2,0.53725207
PPP3CC,0.5372273
SHCBP1,0.5372129
SIRT2,0.5371859
FUBP3,0.53713506
PLCB3,0.5370964
DIDO1,0.5370853
EZH2,0.53708494
SRR,0.5370735
SPTLC3,0.5370353
RRP12,0.5370105
PASK,0.5369945
HOXA1,0.5369938
NDUFA1,0.53691036
DDX39B,0.53690416
RGMB,0.536897
MAN2B1,0.53685766
KIF2A,0.536855
MFF,0.53680056
RNF20,0.53679866
ITPK1,0.53675866
FARSB,0.5367585
TSNARE1,0.5367299
RNASET2,0.536714
OSTC,0.53670514
INO80E,0.5366929
TMEM107,0.5366598
NOP10,0.5366566
LSM14B,0.5366427
PGAM5,0.536633
PIAS4,0.53663296
SUPV3L1,0.5366311
TACO1,0.53659433
NDUFS2,0.53655595
SCCPDH,0.53649557
TGFBRAP1,0.5364899
LIN7C,0.53644305
LIMS1,0.5364002
GNAI1,0.53633857
ORMDL3,0.53626823
FAM13B,0.53624487
RNF31,0.5361822
TMC8,0.5361201
PER3,0.53605294
MID1IP1,0.5360026
ITGB3BP,0.53593385
ESYT2,0.5359243
ZNF830,0.5359166
NSUN4,0.53591657
MAPK9,0.5359109
TBC1D23,0.535891
RRP9,0.5358902
ZNF74,0.5358814
PLXNA3,0.5358654
MGRN1,0.53582597
TMEM179B,0.5358148
KAT6A,0.5357638
MAN1A2,0.535743
TP73,0.5356737
PSMB10,0.53567266
EPB41L2,0.5356282
RHBDF2,0.5356236
DENND5B,0.53552413
ZNF468,0.5355088
LDB1,0.53548276
NBR1,0.5354663
NDUFB9,0.53545845
PRPSAP1,0.5354307
TRUB1,0.53542376
PPP1R15B,0.53538316
ST3GAL6,0.5353405
PTRH2,0.53533804
PPIE,0.53532666
KIF18B,0.53532034
ZFP30,0.53525287
SNAP29,0.53522766
ZNF776,0.5352214
PAAF1,0.53521043
RNASEH2B,0.5352013
LSR,0.5351625
PEMT,0.5351608
NRP1,0.53508985
ZNF32,0.53499305
RRP15,0.53494704
LYPLA1,0.5349371
PITPNM1,0.5349211
MRPL20,0.53488135
RIOK3,0.53486603
SEMA6B,0.53485847
MAP3K3,0.5348493
RPP25L,0.5348465
SERPINE2,0.5348144
POLR2F,0.5348095
PRKCD,0.5347392
PGGT1B,0.5347341
SERPINF1,0.53471905
MMP11,0.53471434
KIF20B,0.53471124
GTPBP1,0.5345923
RTCA,0.53459096
PIK3R6,0.5345849
TM2D2,0.53454405
RPS27L,0.5345175
RCSD1,0.534464
POLH,0.534461
GTF3C5,0.5344475
ODF2,0.5344234
ZNF527,0.53441054
WDR81,0.53439665
INTS8,0.534372
POLRMT,0.53435016
PSMD5,0.5343497
SNRNP35,0.5343484
MCCC2,0.5343352
NR2F2,0.5343258
MAP2,0.5343248
TRIM35,0.53432333
MRPL34,0.5342791
HMG20A,0.5342696
ELL2,0.53426534
SETD6,0.5342311
LTBP4,0.5341861
MAP2K5,0.53414947
PPIL2,0.5341019
ZNF765,0.5340603
KXD1,0.5340262
ZNF573,0.53400564
HDAC3,0.53399926
POLG2,0.5339371
MBOAT2,0.5339308
LRIG1,0.53387773
ZNF92,0.53383774
TAF6L,0.53383404
USP35,0.5338109
SIAH2,0.53380144
TCN2,0.53379273
TEP1,0.53374565
NET1,0.5337448
STRIP2,0.5337178
VAMP1,0.53371143
THAP7,0.53369135
IL4I1,0.5336384
SEZ6L2,0.53363025
NCAPH2,0.53359926
UBA7,0.5335752
TFIP11,0.5335323
MRPS12,0.53352374
HSBP1,0.53351456
PPP1R9B,0.5334893
PPCS,0.53348786
PELI1,0.5334535
PHAX,0.5334426
JDP2,0.53344226
EVI5,0.5334241
MFSD10,0.533406
ZNF34,0.53334856
RAP2C,0.5333277
ZNF823,0.5333265
HSPB8,0.5333244
SLC35A2,0.5332724
LRP6,0.53326833
GBF1,0.5332564
RABEPK,0.5332541
PPP1R11,0.53324646
TRPC4,0.53320795
POLR1B,0.5331881
MAVS,0.5331837
GLB1,0.5331803
ZNF18,0.53317
TNFRSF10D,0.53312296
RBM22,0.53310907
HIVEP3,0.5330643
MRPS2,0.53306204
LRPAP1,0.5330421
SNRNP27,0.5330182
MRPL28,0.5329759
PLTP,0.53295636
KCNMA1,0.53295255
ST14,0.53293455
NAA40,0.5329114
RAB13,0.5328924
OBSL1,0.53289026
SORBS1,0.5328888
SNIP1,0.532888
PIK3CD,0.5328837
PSMG3,0.53287166
RNF14,0.5328104
HIPK3,0.53280497
MOB1B,0.532794
NCBP1,0.5327701
PPCDC,0.532742
CTBP2,0.53273624
NUBP2,0.5327277
FBXW8,0.5327259
HLCS,0.53271
TRIM23,0.5327065
ELOVL6,0.53262573
LTN1,0.53262
QTRT1,0.53260875
PKN3,0.5326062
REC8,0.5325998
TXNL4B,0.532578
NAA60,0.532564
GTF2F2,0.5325571
POLR3B,0.532525
EP400,0.53251374
POP1,0.53250474
PNPLA2,0.5324453
NDUFA13,0.53242964
MOV10,0.53242713
SPSB2,0.5324068
SURF1,0.53235096
DGKD,0.53230864
IRS1,0.532299
TRIM46,0.5322819
PRKD2,0.53227425
NDUFB10,0.5322573
COA1,0.532249
PRMT6,0.532169
MIA3,0.53216267
PLCD3,0.53216225
MGLL,0.5321468
ZNF516,0.53214633
DYNC1H1,0.5320512
REXO2,0.5319868
TSEN54,0.53198344
RRAGC,0.53196913
ZNF302,0.53195506
PPP1R13L,0.531942
CAMK1D,0.53194195
SOCS3,0.53192276
RGS1,0.5319042
LRP10,0.53188086
NLGN2,0.5318788
ITGB5,0.53187716
GNL2,0.53187317
GORASP2,0.5318684
PRR5,0.5318626
TRIM6,0.53185993
INVS,0.5318164
RCCD1,0.5318125
STXBP2,0.531795
HLA-DRB5,0.531777
NDUFAB1,0.5317005
TRMT6,0.5316925
TAF13,0.53168976
UPP1,0.5316493
CNOT1,0.531649
SIRT6,0.53163946
RELT,0.531633
ZNF426,0.5316297
PDSS1,0.53156674
HOMER1,0.5315552
MFAP3,0.53154826
PIGB,0.53151774
MAP2K7,0.5315151
PARP4,0.53149056
SNTA1,0.5314825
MVD,0.5314756
PCGF2,0.5314726
LRIG2,0.5314358
TFAP2C,0.531335
NUP43,0.531329
MRTO4,0.53129673
RANBP6,0.5312921
MIS18BP1,0.5312906
E2F3,0.53128314
RBM7,0.53125054
SPATA2,0.5312197
KIF14,0.53121793
NADSYN1,0.53120893
TNFSF13B,0.53117055
MSMO1,0.53114223
MAP3K7,0.53113437
PGP,0.5310906
LYPD6,0.53105074
ZNF140,0.5310274
TOR4A,0.53101474
RGL2,0.5310028
PSMC6,0.53098476
NMRAL1,0.53098094
OCRL,0.53096056
JUND,0.53094596
VASN,0.5309286
LRRC47,0.5308715
SLC44A3,0.53086674
FOXP4,0.5308335
ZNF273,0.530832
POFUT2,0.53079474
CUL4A,0.5307544
ZNF620,0.53075033
KDM2B,0.53071713
SNRPG,0.53071684
PCK2,0.5306755
DIAPH1,0.5306642
TSFM,0.5306605
NDUFS4,0.5306351
ZNF550,0.53063357
PLXNA1,0.53063047
PLIN2,0.53061676
MAN1B1,0.5306142
DHX15,0.530607
LATS2,0.5306054
PSMG2,0.53059465
PRPS2,0.5305886
GYPC,0.53053343
SIRT3,0.5305306
UTP23,0.5305136
PHACTR1,0.5304934
KIF23,0.5304597
GLUD1,0.5303834
NDUFB4,0.53036517
PRPF39,0.53036374
NAA16,0.53029245
PHF5A,0.53028893
ZNF486,0.53028387
PFDN6,0.5302749
LRCH1,0.5302679
MORC2,0.53025436
KIAA2013,0.53023154
MAD2L2,0.53015083
NCAPH,0.53006804
MEGF8,0.5300142
ZNF19,0.53000206
PMP22,0.5299872
GTPBP2,0.5299583
NME2,0.52994937
IMP3,0.5299225
TAF5,0.5299004
PLRG1,0.5298907
NIF3L1,0.52988905
GNAI3,0.5298885
DNAJB6,0.5298859
ZNF711,0.5298834
KPNA1,0.52988017
LMAN1,0.52987814
GNL3,0.52982074
EIF5,0.5298144
NGLY1,0.52979237
ITFG2,0.52977943
SKA1,0.52968866
PLEKHG5,0.52967685
GON4L,0.52964956
GAB2,0.5296071
LAMA3,0.529538
PHLPP2,0.5295261
RMDN3,0.52952445
DDB1,0.52951336
PHKA1,0.52949244
C11orf49,0.5294758
TP53RK,0.529448
MTMR3,0.5294368
MPDU1,0.52943027
LOXL2,0.5294233
GSR,0.5293946
TIMM21,0.5293566
MYLIP,0.5293007
PNKP,0.5292814
PNPLA6,0.52927786
ZNF136,0.5292725
HDAC5,0.5292668
TMEM186,0.5292576
SPRTN,0.5292317
TREX1,0.5292253
NT5C3B,0.52921987
FLII,0.52919215
HIPK1,0.5291556
TAF1A,0.5291532
ITSN2,0.52913356
HJURP,0.52912885
RAC3,0.5291105
SRD5A3,0.52907676
KLC1,0.5290747
CTIF,0.52906835
CDK5RAP2,0.5290664
RAD51D,0.5290479
ISG20L2,0.5290328
ZNF701,0.52903
PIK3R5,0.5290139
PMVK,0.528953
DOCK5,0.52894723
WBP4,0.52892876
FNBP1L,0.52890927
MLX,0.52890056
PSENEN,0.5288768
TGFB1I1,0.52883565
MIS18A,0.5288298
PPWD1,0.5288235
PCBP4,0.52880293
NDUFAF7,0.52879816
MRPL49,0.5287868
PVR,0.5287481
KIDINS220,0.52873224
MBD1,0.52872986
MIEF1,0.5286807
LRP1,0.5286801
STAM2,0.52864236
ETS2,0.5286394
POLR2I,0.52861696
MRPL30,0.52857816
MCM6,0.528575
FANCI,0.52855104
MTMR14,0.52852666
SLC35D1,0.5285254
WNT5B,0.528522
ZNF674,0.5284673
ZNF611,0.5284627
NTPCR,0.5284519
F11R,0.52844584
PRDM4,0.52844393
GPS1,0.5284305
MED22,0.52840346
SETMAR,0.5283907
PABPC1L,0.52837074
NFATC4,0.5283698
DNMBP,0.52836704
PIK3AP1,0.52835166
ULK3,0.5283409
NPM3,0.5283145
NIPA2,0.5283046
ZNF493,0.5283026
RALB,0.52829176
ZFPM2,0.5282604
OPN3,0.52825594
TSPAN12,0.5282481
COTL1,0.52823734
LPIN1,0.5282273
EIF3M,0.52819854
NOL9,0.5281954
ZNF253,0.52818453
FERMT2,0.5280679
ZNF222,0.5280598
SNX33,0.5280347
PLCG2,0.5280145
IGBP1,0.5280056
PIAS3,0.527995
MAD2L1,0.5279785
MRPS9,0.5279679
MRPS30,0.52796435
EIF3K,0.52795076
OTUD3,0.5278952
MRPL17,0.5278784
WDR83,0.52781874
ZNF57,0.5277822
MEPCE,0.52776855
ST8SIA4,0.527689
FBLN1,0.5276869
FRS2,0.5276834
ZNF354B,0.52768105
PTPRU,0.5276707
GTPBP4,0.5275944
NUP54,0.5275635
LIN54,0.5275522
NOP14,0.52753806
GTF3C3,0.52751637
MAPRE2,0.5274904
SDC3,0.5274313
PIGQ,0.5274287
NLE1,0.52742434
MRPS26,0.5273963
MFHAS1,0.5273503
IFT80,0.5273263
HBS1L,0.527321
MFSD12,0.5272486
INPP5D,0.5272382
IRF3,0.5272371
PLP2,0.52719426
PEX7,0.5271745
LGALS3BP,0.52717286
ZNF135,0.5271307
PARP14,0.52710885
MRPS35,0.52707386
FANCL,0.5270665
DCAF8,0.5270648
SELPLG,0.5270087
FOXK1,0.5269871
POLR3C,0.5269766
PAF1,0.5269422
RAD50,0.52691543
GALNT11,0.52690005
DCAF6,0.5268979
TESK1,0.52689576
PLK4,0.5268952
KATNAL1,0.52684313
SVIP,0.5268122
POLI,0.5268101
RBPMS2,0.5267939
EVL,0.526768
MARK4,0.5267125
NCOA1,0.5266982
EXOSC10,0.52668667
PDE6D,0.5266798
HIF1AN,0.52665913
LAMC3,0.5266416
RWDD3,0.5266336
NUP37,0.5265591
MAP4K1,0.52655613
MRPL38,0.5265526
LAP3,0.5265022
RAVER1,0.526482
LONP2,0.5264311
UTP3,0.52642995
PLXND1,0.5263966
PHF1,0.5263894
ACO2,0.5263867
KMT2B,0.52637553
IMP4,0.52636
MRPS11,0.52634335
NOL7,0.5263393
MAP2K3,0.5263333
MIF4GD,0.52631724
KIF18A,0.5262987
ACTA2,0.5262928
JUNB,0.5262876
RGP1,0.5262721
MANF,0.5262701
SUOX,0.5262683
NEO1,0.5262347
ABCD3,0.52622825
ADCY6,0.52621317
ARL4A,0.52617705
ADAM9,0.526161
AGL,0.52615607
INPPL1,0.52615577
AAMP,0.5261515
ALDH4A1,0.5261373
BMI1,0.5261339
ABCC1,0.52612865
NOP2,0.52612734
ACADVL,0.526124
AAK1,0.52611846
AK9,0.5261182
ACTG1,0.52609986
ELF2,0.52609646
SCNM1,0.5260798
CTHRC1,0.52605945
ABCA2,0.52604645
AARS2,0.5260458
ABCB6,0.5260456
ABCG1,0.5260454
A1BG,0.5260437
ABCF2,0.526043
ABCA7,0.5260404
ACAP2,0.526036
ABI3,0.52603483
AASS,0.5260306
ABCA1,0.5260294
AATF,0.5260292
ABCC3,0.5260281
AASDH,0.52602446
AACS,0.5260214
MRPL48,0.52601874
AAAS,0.52601254
ACACA,0.52601165
ABCB4,0.5260051
MFAP1,0.5259982
NDUFS3,0.5259912
CDKN3,0.52598256
ACER3,0.52598125
GNPTAB,0.5259778
ABLIM2,0.5259744
PEX1,0.5259706
ABCE1,0.5259698
ABI2,0.52596575
MAFG,0.5259065
MGAT4B,0.52590454
ARSB,0.5259039
ABCD4,0.52590066
RNH1,0.5258983
ACAP1,0.52589
ABCF3,0.52588546
ACP2,0.52588373
ACO1,0.52588344
AHI1,0.52588093
NR1H2,0.5258782
ACADM,0.52587175
ABLIM3,0.52585256
MMADHC,0.5258414
AASDHPPT,0.52583385
TUBG2,0.5258337
LIMK1,0.5258318
CAPN5,0.5258278
HEATR1,0.5257947
ACOX1,0.52579415
MS4A4A,0.52578723
TRIM36,0.52578515
ACOT4,0.52578455
PDK4,0.5257838
RRAGB,0.5257741
LIG3,0.5257721
C1GALT1C1,0.525743
ABHD12,0.5257408
ZNF778,0.5257389
ABI3BP,0.52573574
ALG11,0.525732
KIF20A,0.5257127
MRPS7,0.5256642
MTMR9,0.52565974
AQP3,0.5256571
PGM2L1,0.5256465
ACADS,0.5256181
RIOK1,0.52560186
ACAA2,0.5256015
ACSL5,0.52559346
LIG1,0.525583
CKAP5,0.52557814
ACVRL1,0.5255688
FZR1,0.5255576
ACIN1,0.5255186
ORC6,0.52550375
LGALS9,0.52550304
ERH,0.5255013
GDI1,0.5254849
ACBD3,0.52547026
ATP6V1C2,0.52546024
ANPEP,0.5254567
TMEM216,0.5254491
ACAD9,0.525445
ADORA2B,0.5254294
AGAP2,0.52541465
ACLY,0.5253942
GAPVD1,0.52538335
ARL16,0.52537566
MAN1A1,0.52537376
COMMD8,0.52536136
FBXL17,0.5253465
AOC3,0.5253448
LMAN2L,0.5253392
ACSL1,0.52532727
ANAPC1,0.5253198
PITX1,0.5253141
ACOT8,0.5253041
SHF,0.5252659
NDUFV3,0.52524996
ADAM23,0.52523893
CCNYL1,0.5252184
RHBDF1,0.52521586
ACTN4,0.5252103
ABCF1,0.5252058
GCA,0.525194
REEP4,0.5251912
ACOT13,0.52519095
NAGLU,0.5251738
ADAT2,0.5251714
ACAD8,0.5251622
MTMR1,0.52515393
ANTXR2,0.5251357
C15orf48,0.5251326
NUF2,0.52512527
ALDH1A1,0.5251243
ACVR2B,0.5251224
ABR,0.5251148
ADPRM,0.52511376
KIF3B,0.5250966
LMTK2,0.5250905
INTS1,0.52508855
ACAT1,0.525079
EEFSEC,0.5250761
AGK,0.52507126
ACOX3,0.52506196
IRF2BP2,0.525057
ACAA1,0.5250405
PIGS,0.5250399
MRPS31,0.52502966
TIMM8A,0.52502704
NT5C3A,0.5250246
LINGO1,0.5250198
ALG10,0.52501774
LEMD2,0.5250159
PACSIN3,0.52500474
ACOT2,0.5250016
ACSS2,0.5249964
ABTB1,0.5249666
ACYP1,0.5249661
AGPAT4,0.5249655
MED4,0.5249622
ADAM10,0.5249583
ALDH16A1,0.5249456
ADAM15,0.52493286
ADAMTS10,0.52492195
PRKD1,0.52491444
CXCL14,0.5249104
ALDH9A1,0.52490324
RCE1,0.5248979
POLR2K,0.5248904
EPCAM,0.5248902
AGGF1,0.5248752
ABCD1,0.5248694
ACTR8,0.5248648
ACD,0.52485055
ACER2,0.52484405
PKP3,0.5248428
CHST1,0.5248408
ACTR2,0.52482384
ACTB,0.52481866
ADRA2A,0.52481496
BNIP1,0.5248137
RIN3,0.5248074
PPP2R3A,0.5248036
AGPAT5,0.5247963
CDK20,0.5247858
GCNT4,0.5247851
GNG5,0.52477205
AADAT,0.52475655
AGPAT2,0.5247506
AHCYL2,0.5247477
GBA2,0.52474284
NEU3,0.52473795
AIP,0.52473503
ACTN1,0.52472466
ADCY7,0.52472305
ZNF200,0.52472275
ANO2,0.5247221
ADD1,0.5246986
IL21R,0.5246977
ACE,0.5246725
FXYD6,0.5246722
ACSL4,0.52467096
ATG2A,0.5246661
AGER,0.5246624
IDE,0.52465934
ACOX2,0.5246556
AGRN,0.52464867
MSRB3,0.52464837
GALNT7,0.5246375
MPP2,0.52460104
ALG3,0.5245969
CD96,0.5245923
FBXW2,0.52458614
ABCB10,0.52458197
FYN,0.524576
CS,0.52455854
AP4S1,0.52454567
AK1,0.5245329
CD36,0.52451384
ACP5,0.5245137
ANAPC13,0.5245073
APBB3,0.5245008
ALDH5A1,0.5244909
CXCL1,0.52448225
XYLT1,0.52447623
AKR1B10,0.52447593
ADAM12,0.524472
ARL4D,0.5244639
FPR1,0.52445865
ACAT2,0.52445126
B3GNT4,0.52444655
NOD1,0.52443016
CAB39L,0.52442133
FGD4,0.5244178
AKTIP,0.5244102
IFI16,0.5243747
BLNK,0.5243713
ASB13,0.52436984
KCTD1,0.5243651
NOL6,0.5243475
BATF3,0.5243369
IZUMO4,0.5243266
PDK3,0.5243231
RTN4IP1,0.5243157
RAB11FIP5,0.5243157
ASAP1,0.5243032
ADAM19,0.52429074
RPL7,0.52428925
HOXB2,0.52428794
FAM83D,0.5242851
ACSS1,0.5242812
ALAD,0.52428067
FDXACB1,0.52426213
AGO2,0.52426165
ADAMTS13,0.5242583
ACTR10,0.52425325
GIPC1,0.5242513
NLRP1,0.5242334
ARHGEF4,0.5242321
ACSM3,0.52422947
ARHGAP33,0.5242232
NAA10,0.5242208
FBXW4,0.52420557
AMFR,0.52420247
CD5,0.52420145
ECE1,0.52419674
GRHPR,0.52419233
NDRG3,0.52415884
C12orf66,0.52414876
MICA,0.5241434
BDKRB1,0.5241429
APBB1IP,0.52413833
INSIG1,0.52413595
ARHGAP27,0.52413267
ACOT11,0.52412814
ARL14EP,0.5241128
ALKBH5,0.52411276
IQSEC1,0.5240941
CCT6B,0.52409035
ANKRA2,0.5240752
PSME2,0.52404076
MCRS1,0.5240371
ADIPOR2,0.52403075
CD38,0.524024
NR4A1,0.5240224
MAGEH1,0.52401364
IL15,0.52401197
DNM1,0.5240104
BAMBI,0.52400285
P2RY6,0.5239963
NAE1,0.5239856
AP1S2,0.5239842
ZNF333,0.52398336
ANAPC15,0.5239812
NRBF2,0.5239785
ACTR3B,0.5239733
DUOX1,0.523973
C2,0.52397096
COL6A1,0.5239567
MAPK3,0.52394855
AFG3L2,0.5239433
ARHGAP31,0.5239357
HOXB3,0.5239354
AIFM1,0.5239305
BGN,0.5239278
ADRM1,0.52392346
DCHS1,0.5239143
ATP2A1,0.52391183
C18orf32,0.5239016
ARSA,0.5238998
ADSL,0.52389926
FAM120B,0.5238883
SMARCD3,0.5238795
AKAP10,0.52387893
ALDH1B1,0.52387756
AIMP1,0.523866
ANO9,0.52385676
IVD,0.5238224
APOC1,0.52382237
IRF8,0.52380663
CLEC2B,0.523805
GTSE1,0.5238049
LNPEP,0.5237904
ACTR6,0.5237891
KLHL12,0.5237888
AKAP5,0.523788
ADH5,0.52377045
ADAM28,0.5237611
HDAC7,0.52374613
MOGS,0.52371734
ALDH3A2,0.5237142
ADAR,0.5237025
GTF3C2,0.5236889
PANX1,0.52367604
SPR,0.52367425
AJUBA,0.52365935
ALKBH8,0.52365655
ADD3,0.5236539
APRT,0.5236463
EIF3I,0.5236404
MKNK1,0.5236393
ACOT1,0.5236333
ANO7,0.52363056
ACP1,0.52361816
CXCL10,0.52359045
ACTL6A,0.52358645
CDYL,0.5235812
ACTR1A,0.5235811
ALKBH1,0.5235809
CARD9,0.5235803
ARSK,0.5235732
ANKRD44,0.52356726
ADAM22,0.5235647
ACTR1B,0.5235547
ADM,0.5235504
AKR1C1,0.523549
ALKBH3,0.52354395
ADAMTS14,0.52353853
ADAMTS2,0.52352595
NCLN,0.52352226
IL12RB1,0.5235068
ACTR3,0.52350485
ADAMTS9,0.52350134
GAB3,0.52349955
CTDSP2,0.5234981
SARM1,0.5234948
CMTM1,0.5234867
AHNAK,0.5234647
ADCY3,0.52346027
IPO13,0.5234595
PAFAH1B3,0.5234574
RCAN3,0.52345204
AIMP2,0.523433
LSG1,0.52343035
ATF7,0.5234254
APPBP2,0.5234253
CACNA2D2,0.52341926
ALG5,0.52340925
ACOT7,0.5233932
ECE2,0.5233913
NFKB1,0.5233828
TPMT,0.5233813
ASB7,0.5233655
AKR1B1,0.52335644
DHCR24,0.52334654
CYP7B1,0.52334416
CASP10,0.523343
NUBP1,0.5233402
BATF2,0.52332366
ADAM17,0.5232757
C1orf162,0.52326417
TMEM67,0.52326375
ADCY5,0.52326304
MCTS1,0.5232587
RNF135,0.52325606
C3,0.5232507
AGA,0.52323216
ARHGEF6,0.5232307
PDK2,0.5232272
EIF2AK1,0.52320236
AIF1,0.5231855
CAP1,0.5231748
LTF,0.5231735
APP,0.5231661
SNTB1,0.52314794
HEY2,0.5231288
ALKBH6,0.5231249
BLOC1S4,0.52311933
ALG12,0.5231155
MED25,0.5231097
HOPX,0.52310765
ARHGAP10,0.5231076
CX3CL1,0.5231072
TPRKB,0.5231021
ARHGAP19,0.5230965
NOP16,0.52309424
CAMK1,0.52308196
ANGPT2,0.52307504
C6orf120,0.5230667
NUDT16,0.52306306
ANGEL2,0.5230629
FEM1B,0.52306175
CCNY,0.5230493
HEXA,0.5230478
WHAMM,0.5230458
ZNF615,0.5230422
ADI1,0.52304214
GPER1,0.52303857
GTF2A1,0.5230349
NELFA,0.5230232
MYH3,0.52301157
MRPS18A,0.52300054
MSL3,0.5229817
MMP28,0.52297235
CBX8,0.5229664
ATP6V0A1,0.5229543
COL6A3,0.5229533
EXOC3L1,0.5229453
AP4E1,0.5229375
ARHGAP12,0.52292365
RIPK3,0.5229221
ZNF141,0.5229105
ASAP3,0.52291024
CCR10,0.5229076
ACACB,0.5228981
ATP7B,0.5228938
CYP27A1,0.5228938
NFYB,0.5228872
MZT1,0.5228866
TP53I3,0.5228861
IL1R2,0.52288514
ITGB3,0.52288294
MTMR4,0.52286845
EPOR,0.5228586
LILRB2,0.5228366
ADAMTS1,0.52283424
ARL6,0.5228307
PELI3,0.5228134
ADA,0.52280843
MYO6,0.52280146
PSMD10,0.5227996
ARL8B,0.5227878
AMOTL1,0.5227865
GBP5,0.52278197
AZI2,0.5227759
CDK3,0.522764
ADAMTS12,0.5227575
BBS5,0.5227553
AKR1A1,0.52274925
DHX9,0.5227466
AK4,0.522735
PPM1K,0.522716
HERPUD1,0.52270794
ANXA1,0.5227009
ASB2,0.52270085
ADAMTSL4,0.5227001
ARHGEF28,0.5226994
CMPK2,0.52269316
SIRT5,0.5226908
IFT140,0.5226887
INHBB,0.5226812
CLASP1,0.52268016
MPG,0.52263707
AP5M1,0.522635
LPL,0.5226311
APOBR,0.5226294
MRPL2,0.52259666
ALYREF,0.5225949
ALG8,0.52258843
AFF1,0.52258664
APOOL,0.52256566
SYNGR1,0.52256364
CD2,0.52255857
GGT5,0.5225532
EHBP1,0.52254647
RIPK1,0.52253556
ZNF283,0.5225232
DOK2,0.52252287
TOR1B,0.5225215
COPA,0.5225208
ADAMTS4,0.52251375
PICK1,0.52251166
TRADD,0.5225077
DLL1,0.52250487
GLDN,0.52250177
NOB1,0.5224917
CACNA2D4,0.52249026
ALDOA,0.5224878
LEMD3,0.5224757
AP1G2,0.5224723
RGS4,0.5224606
SLC25A14,0.5224591
ARFGAP2,0.52245843
RGS16,0.5224549
ACSF3,0.52245444
AMY2B,0.5224515
AMPD2,0.52244675
BAG3,0.5224398
ARHGAP26,0.5224344
GAK,0.52243406
ASH1L,0.5224265
CORO1C,0.52241445
AIFM2,0.52241206
ARHGAP17,0.5224104
AKAP8,0.52240485
APH1B,0.5223991
ARHGAP4,0.52239734
SDHAF1,0.5223858
ACADSB,0.5223808
HK3,0.5223764
DUSP8,0.5223684
CAPNS1,0.52236724
ARHGAP39,0.52235854
ARAP2,0.52235335
ATP8B2,0.52235293
ACTG2,0.5223492
MRPS28,0.52234286
ALG13,0.5223323
COQ10A,0.52233166
DSTN,0.5223312
ALS2,0.5223293
CD163,0.5223071
BBS2,0.52230316
CD1D,0.52230054
CHKB,0.5222965
AMOTL2,0.52229166
FOXP3,0.5222895
ATXN2,0.52228945
PARP12,0.52226865
CSGALNACT1,0.52225316
ANAPC2,0.52225053
NR2C1,0.5222456
KIFC1,0.5222401
TUBA8,0.5222379
AP5S1,0.52223486
ALAS1,0.5222253
HADH,0.5222145
ARNT2,0.5222076
AFTPH,0.522207
NUAK1,0.52220094
ANKZF1,0.52218866
ARCN1,0.5221865
TBKBP1,0.5221788
DCN,0.52216536
ADCY4,0.52216214
DLG5,0.5221535
CHCHD5,0.5221408
APIP,0.522137
FUT2,0.5221365
EIF5B,0.5221333
KANSL2,0.52212214
FBXO6,0.5221152
ARHGAP9,0.522115
ATXN10,0.5221119
ITM2B,0.5221072
AFF4,0.52209735
KATNBL1,0.5220862
GLRX5,0.52207935
SLA,0.5220716
ASPH,0.5220687
B4GALT1,0.522067
GIPR,0.5220528
ANGPTL4,0.52205247
RCAN2,0.52205
AMOT,0.5220496
POU2F2,0.5220414
ADAMTS7,0.5220409
B3GALT4,0.5220408
BTN3A1,0.52199906
ARHGEF26,0.5219941
AP5B1,0.52199167
ARF6,0.5219866
AK2,0.52198625
ARHGEF15,0.5219606
ARRB2,0.52195966
FOLR2,0.52195895
ZNF569,0.52195394
METTL3,0.5219531
CLDN11,0.52195
SLC27A4,0.5219423
ARSD,0.52193695
ARHGEF40,0.5219365
RAB24,0.5219292
ARNTL2,0.5219257
AMPD3,0.5219236
ATP6V0B,0.5219204
AKR1C2,0.5219097
AKAP1,0.5219038
BTF3,0.52189714
VARS2,0.5218965
ZNF14,0.521892
LRSAM1,0.52189195
NUB1,0.5218916
ADCY1,0.52187663
ATP13A2,0.5218736
ATP6V0E2,0.521869
AGFG1,0.5218684
AGPAT3,0.5218684
RNF103,0.52186817
NDUFB1,0.52185744
HMMR,0.5218555
ARHGAP25,0.5218505
RP2,0.5218496
CDK5,0.5218473
ITGA11,0.52184385
ADIPOR1,0.52183133
ATP2A3,0.52182466
C1R,0.52182156
CCT7,0.5218089
ATP6V1A,0.5218066
ATG2B,0.52180445
ANAPC4,0.5217974
ALPL,0.52179635
CHSY3,0.5217928
MBTPS1,0.5217863
CD248,0.5217739
MANBA,0.52176094
ARL3,0.5217545
CAPN7,0.5217439
SSH3,0.5217366
BIN2,0.5217341
STX10,0.5217161
AGPAT1,0.5217121
CFB,0.52170193
CD34,0.52169186
ARID5B,0.521685
CD6,0.52167994
ATP6V1E2,0.52167565
AUH,0.52167064
CASP1,0.52166665
PI4K2B,0.5216506
APLF,0.521647
AMPH,0.5216271
ALG9,0.52162534
RAB25,0.5216023
ARAF,0.5215957
ANP32B,0.52158904
AMDHD2,0.5215889
AP1M1,0.5215841
AGO1,0.52156746
CARD6,0.5215657
MED16,0.5215649
BRF2,0.521562
TBC1D10A,0.52154666
LCMT1,0.5215432
CIDEB,0.5215352
COL8A2,0.5215185
ARHGAP11B,0.52150726
C5AR1,0.5215031
BCL7B,0.52148867
EI24,0.52148414
POMT1,0.52147573
AP3S1,0.5214751
BDKRB2,0.5214744
TMEM115,0.5214666
POLR3G,0.52145916
ARPC1A,0.5214531
CPNE1,0.5214477
ATG4B,0.5214402
MRPL50,0.5214376
API5,0.52143645
AHCYL1,0.5214258
CMSS1,0.5214188
CYSLTR1,0.5214154
PI4K2A,0.5214101
LPIN2,0.5214051
DMTN,0.52139735
ALPK1,0.5213784
LIN52,0.5213748
APOBEC3B,0.52136654
ASL,0.52136374
ASAH2,0.52136344
BIN3,0.5213589
EPC1,0.5213565
IPO8,0.5213517
DYNC1LI2,0.52133083
FPGS,0.52131814
SPDYA,0.5213181
APOL1,0.5213126
STX1A,0.5213034
NHEJ1,0.5212858
CHST7,0.521281
EXOSC2,0.5212784
ALOX5,0.521268
CDK6,0.52125436
CCNDBP1,0.5212527
GK5,0.5212432
NXF1,0.52124286
GNB2,0.52124256
MRPL21,0.5212358
ADAMTS5,0.5212344
HLA-DOA,0.52122873
PPARA,0.5212284
BPTF,0.52120364
CHRNB1,0.52120227
SGCB,0.52119815
DNAJC5,0.5211892
CLEC7A,0.52118754
AP3D1,0.5211798
BAG2,0.52117795
ARL2BP,0.5211718
ALMS1,0.5211686
GTF2F1,0.52114457
APOO,0.5211398
ALG6,0.5211291
NDUFA6,0.52111053
ARHGEF9,0.521104
BPGM,0.5211035
PIP4K2C,0.52109826
BFSP1,0.521097
ARHGEF2,0.52109015
IK,0.52108794
MLH3,0.5210829
PEX3,0.5210683
ASPHD1,0.5210564
FBXO9,0.5210492
GNL3L,0.5210455
BBS12,0.52103347
AP5Z1,0.5210265
C2orf49,0.521025
PRKAR2B,0.52101386
MAPK8IP3,0.52100205
AP2A1,0.5209982
PAGR1,0.52099144
GFPT1,0.52098906
AXL,0.52098465
ARL4C,0.5209758
NAPB,0.5209724
APPL2,0.52096707
B9D1,0.520965
ARNTL,0.5209542
GNL1,0.5209462
ATP8B1,0.52094287
ANO6,0.5209412
NEMF,0.5209349
FAF2,0.520931
CUL3,0.52092695
MIEN1,0.5209237
MT2A,0.5208886
ARHGEF25,0.52086157
AP4M1,0.52085966
GPR89A,0.5208467
ASB1,0.52083755
ARID4B,0.5208328
KIF3C,0.52083206
ICMT,0.5208313
AKAP9,0.52081895
ARHGEF37,0.52081573
DYNC2LI1,0.5208115
PIGW,0.52080643
ATP2B1,0.520805
NOL11,0.5208021
PAM16,0.52080053
PEX10,0.52079517
CBX6,0.52079374
CENPP,0.5207794
KLHL5,0.5207764
NANS,0.5207745
CMC4,0.5207577
APBB2,0.5207259
ATP1B1,0.52070934
ATP1A3,0.52070314
AP3M1,0.52068794
OMA1,0.5206841
BAG5,0.5206736
ARHGAP6,0.5206676
PPP1R13B,0.5206655
CLN3,0.52066344
ATRIP,0.52064854
ECM1,0.5206349
ALDH1A3,0.5206343
SAT2,0.52061707
ADPGK,0.5206156
BAZ2A,0.5206097
COL5A3,0.5206063
VCPKMT,0.5206022
ARHGEF18,0.5205901
RIOK2,0.52058727
ATOX1,0.52058655
ALDH18A1,0.5205798
COL12A1,0.5205741
BBS10,0.5205645
C7orf26,0.5205627
NDUFA11,0.52055
GFI1,0.5205448
PNKD,0.5205442
ZNF225,0.5205408
ALG1,0.52053916
COL4A5,0.52053416
ARPC5,0.52052414
AMT,0.5205165
IGSF6,0.520511
AGTRAP,0.52050614
HAUS6,0.52050495
NCKAP1L,0.5204989
ANXA2,0.52049744
RNF181,0.5204948
ATP8B4,0.5204788
SLIT3,0.5204663
SLC1A3,0.5204648
ANXA5,0.52044404
PTPN21,0.52044165
STRADB,0.5204295
PDCL,0.5204285
AHSA1,0.52042747
METTL14,0.52042496
GID8,0.5204196
ANLN,0.52041686
RGS19,0.52040607
TGM2,0.52038944
AP1G1,0.52038324
PPIL6,0.5203743
ARHGEF11,0.52036065
PGM2,0.52033037
MRPL1,0.5203163
AMBRA1,0.5203124
HPRT1,0.5203102
MED21,0.52030915
CTSO,0.52029294
CSTA,0.5202861
ADK,0.5202665
MRPS34,0.5202451
ARL8A,0.5202418
CHI3L1,0.5202206
FBXL20,0.520219
EIF3J,0.52020264
SNX18,0.52020174
CEP170,0.520198
PDP1,0.5201929
LTBP3,0.52019244
ASRGL1,0.5201919
ALDOC,0.52018905
CDK13,0.5201819
LRP12,0.5201795
C5,0.5201787
REPS2,0.5201783
TRPV2,0.52016854
HSD17B7,0.52016824
ANO1,0.5201647
FCER1G,0.5201603
KCNK5,0.52015656
BUD31,0.52014786
BCAT2,0.52014375
EEF2K,0.52014154
ATG4C,0.520141
S1PR1,0.52013427
ARHGAP35,0.52012825
SNAPC2,0.5201269
RAB3IP,0.5201255
PEX11B,0.5201185
ASIC1,0.52011603
TEFM,0.5201074
ARRDC3,0.5201054
BLVRB,0.52010286
CD81,0.5200943
CCDC59,0.52007014
AP2A2,0.52005917
ARHGAP32,0.5200559
NME7,0.52004683
COL17A1,0.52003324
CLIC3,0.520032
ESPL1,0.5200314
SGSH,0.5200302
CCDC174,0.52002305
CATSPER2,0.5200216
CHRD,0.51999074
ARAP1,0.5199872
GTF2H5,0.51998365
B3GNTL1,0.51998013
CISH,0.5199716
BLCAP,0.5199588
CLDN23,0.5199472
GALNT10,0.5199448
ARG2,0.5199293
B3GNT7,0.51992303
EPN2,0.5199218
AHRR,0.51991194
CD68,0.5199108
OLR1,0.51990056
ZNF112,0.5198945
FBXO21,0.5198824
ARFGAP3,0.51988137
MAP2K6,0.5198702
NEK2,0.51986974
NUDT19,0.5198666
AKR7A2,0.5198642
ARF3,0.5198624
ATP6V1G1,0.5198616
NOSIP,0.51985264
AQP1,0.51985043
ANTXR1,0.5198417
MAOB,0.5198413
MSX2,0.519837
ANP32A,0.5198194
ALDH3B1,0.5198037
MRPS24,0.5198029
AKT1S1,0.5197891
GSDMB,0.51978695
RAMP3,0.51978654
CALM1,0.51977706
B3GNT5,0.5197769
CANX,0.5197755
MRPL53,0.51976466
ARL13B,0.5197633
MGST3,0.5197558
CXCL16,0.5197538
BEST1,0.5197534
BCL2L1,0.5197505
AP4B1,0.5197491
CLUAP1,0.5197429
SLC9A3R2,0.5197426
AGO4,0.51974165
BICD1,0.5197237
GNPTG,0.5197222
COPZ1,0.5197145
ZNF614,0.51971215
LIN9,0.5197059
ZNF517,0.5197014
NMT2,0.5197007
ATP1B2,0.5196751
BHLHE41,0.51967067
ZNF175,0.51965564
CETP,0.5196405
FAM126A,0.5196387
INO80D,0.51963866
RCAN1,0.5196349
GNLY,0.51963466
COQ3,0.5196272
ATP6AP1,0.5196223
MRPL9,0.519614
LAT2,0.51960236
ARHGEF19,0.51959366
GOLM1,0.5195883
HLTF,0.5195788
ARHGAP18,0.51957875
ARPC2,0.5195771
LPCAT3,0.51956916
FASTKD2,0.5195666
PGF,0.51955646
PLOD3,0.51954997
PRPF18,0.5195482
ATG3,0.5195426
INPP4B,0.5195401
FYCO1,0.51953673
OAT,0.51952916
CNTLN,0.51952684
RAB20,0.51952624
ALCAM,0.519526
FGD5,0.5195102
ATRX,0.5195084
CCDC40,0.5195074
ARFRP1,0.51948464
APH1A,0.5194793
BIRC2,0.51947105
BET1,0.5194703
AHCTF1,0.51945984
CD247,0.5194578
BTN3A2,0.5194527
GDE1,0.519449
CMKLR1,0.5194428
ALDH7A1,0.51943976
ATP6V1D,0.51943576
F13A1,0.5194121
NAF1,0.5194053
ASAH1,0.51940507
CTTN,0.51938415
CALU,0.51938164
CTBP1,0.5193567
COL24A1,0.519347
ARHGAP29,0.51932317
ADNP,0.51932
APAF1,0.519314
ARHGDIA,0.5192993
ASXL2,0.5192969
DAZAP1,0.51928926
AP2S1,0.51928574
ARHGAP44,0.5192709
DNAJC1,0.5192582
PRICKLE1,0.51925814
ALS2CL,0.51925415
POLE2,0.51922345
CELSR3,0.5192165
ARMC8,0.5192145
CNN1,0.5192104
MPHOSPH6,0.51921034
CEACAM1,0.5192018
PDPN,0.5191988
PRPF4,0.51919776
BBC3,0.519188
AP2B1,0.5191821
TRIM3,0.5191764
DENND2D,0.51916873
ARHGEF1,0.5191589
POSTN,0.51915103
ASCC2,0.5191459
LIN7A,0.5191457
ARFGEF1,0.5191441
ATIC,0.5191414
KLHL20,0.5191396
ATP11B,0.5191319
THAP1,0.51913184
DUSP19,0.5191243
ZNF347,0.51912266
CNGA1,0.5191224
KIF26A,0.51911896
PGAP3,0.5191109
ASS1,0.5191061
MTX1,0.519089
MS4A6A,0.51908225
AGMAT,0.5190819
ORMDL1,0.5190691
CHMP4A,0.51905566
PRKAG2,0.51904625
METTL7A,0.51904434
ANXA6,0.51904434
CCT8,0.5190403
ASGR1,0.519038
ATF4,0.5190356
ANK3,0.51903427
BNIP3L,0.51900136
ANXA7,0.5189954
ARID3A,0.5189932
ZNF383,0.5189763
COL11A2,0.5189686
CAPRIN1,0.51896656
ATL1,0.5189339
MZF1,0.51893204
CTSL,0.51892865
ALG14,0.51892525
CALML4,0.5189243
NAPEPLD,0.51892227
GGA1,0.518922
CA2,0.51890117
NELFE,0.51889116
POMGNT2,0.5188888
ITGAM,0.51888406
APBA3,0.5188752
CCDC22,0.5188693
ATP2A2,0.5188691
FUT8,0.5188548
ANAPC16,0.5188439
CAB39,0.5188252
ATG4A,0.51880264
HMG20B,0.5187963
INTS4,0.5187954
ATRN,0.5187893
CTBS,0.5187868
CALM2,0.51878434
APOBEC3G,0.51878357
PCYT1A,0.5187787
CDH6,0.5187784
FXR2,0.5187781
NCEH1,0.51876736
AQR,0.51875234
CALD1,0.51873446
ZNF490,0.51871794
SLC22A4,0.5187116
BOC,0.51869994
IL18R1,0.5186987
CFD,0.5186922
COG5,0.5186912
GNAL,0.518684
CDK11A,0.518649
BMP4,0.5186484
RECK,0.51864755
ANKRD28,0.5186279
BMP8B,0.51862675
APPL1,0.518623
DR1,0.51861733
CD4,0.518614
ASB8,0.5186089
C17orf75,0.51859975
C9orf72,0.5185988
FBXO30,0.5185932
CGRRF1,0.51859164
GCLC,0.518588
ATF6B,0.518587
CPLX1,0.51858497
IL17RE,0.518572
FLOT2,0.5185693
HMGXB4,0.51856714
BBS9,0.51856345
BAK1,0.51855826
ATG16L1,0.51853627
CCT2,0.5185309
HES4,0.51850754
GPC4,0.51849324
NECAP2,0.5184927
ATP6V0C,0.5184715
EPHB2,0.51847136
CCDC115,0.51847
MRPS15,0.51846325
BMS1,0.5184595
BACE2,0.5184527
ARF5,0.5184461
ZKSCAN3,0.518437
MXD1,0.5184354
HIRA,0.5184225
BAG6,0.51842207
NDUFS7,0.5184209
NLRX1,0.51841974
ELP2,0.5184132
CD69,0.51841277
TBC1D25,0.5184105
AGO3,0.51840127
GUSB,0.5183999
ATG16L2,0.5183865
AHCY,0.5183815
GNG12,0.51838124
ARPC1B,0.5183692
COL15A1,0.51836604
METTL21A,0.5183653
FNTA,0.51836306
ATP8A1,0.5183608
AURKAIP1,0.5183586
TFAP2E,0.51835626
BCL7C,0.5183494
CCNG1,0.5183426
CSNK1E,0.5183297
B9D2,0.51832795
ARPC4,0.5183272
CRK,0.5183028
ATF6,0.51829606
SPON2,0.51829284
NFAM1,0.5182772
CBX5,0.5182697
ARFGAP1,0.51826906
BACH1,0.51826775
AKAP13,0.5182664
CBLL1,0.5182571
ASB6,0.51824
FBXW5,0.5182301
FARSA,0.51822
GLRX2,0.5182139
CTSF,0.51818544
AFMID,0.51817495
MOK,0.5181733
CD52,0.51815474
METTL4,0.5181524
RPL21,0.5181499
CACNB3,0.51814556
TBC1D10C,0.5181405
FBXL22,0.5181404
ASAP2,0.5181363
AREL1,0.518132
CACNA1H,0.51813114
RHOU,0.51812
COMMD3,0.5180978
DTL,0.5180968
HMGCL,0.51806945
C2CD2,0.5180686
CGNL1,0.51806605
APBB1,0.5180651
CABLES2,0.51806134
CDK14,0.5180566
MYSM1,0.5180427
RASSF5,0.5180408
LAMA4,0.5180385
CACNA2D1,0.51803744
ANKLE2,0.51803225
HOXA7,0.5180286
AP2M1,0.5180177
ARHGAP30,0.5180131
LRR1,0.5180055
ARSJ,0.5179952
IWS1,0.5179878
ZNF530,0.51798743
BTC,0.5179842
MLYCD,0.5179729
EXOC7,0.5179667
ARAP3,0.51796204
DNAJC11,0.51796126
FLOT1,0.5179565
SLC30A1,0.51795596
GRN,0.5179545
CD200,0.5179377
EIF4EBP1,0.51792884
BTBD3,0.51792794
GPSM3,0.5179239
CES4A,0.5178667
ATXN3,0.5178627
ARFIP2,0.5178607
ATP11A,0.5178591
PPP2R3C,0.5178558
ZFP1,0.51784736
GNPAT,0.51784676
NUDT9,0.51784045
CBR3,0.51783633
DENND1C,0.51783556
BSG,0.5178269
SMG8,0.5178241
RAB40B,0.5178212
CCDC86,0.5178183
ATG12,0.5178156
B4GALT7,0.51780087
BMP2,0.5177986
S100A9,0.51778805
CDK4,0.5177732
BCAT1,0.5177691
HTATSF1,0.5177578
POLB,0.5177466
GTF3C4,0.5177357
BZW1,0.5177334
CDH5,0.51773113
CD55,0.51772845
ATP6V1C1,0.51772726
BOLA1,0.5177241
IPO4,0.51771855
CDC42,0.5177135
PHKG2,0.5177099
CACNA1C,0.51770973
DPP4,0.5177058
CD48,0.51769596
ASCC1,0.5176473
ZNF419,0.5176461
MYBL1,0.5176439
ASF1B,0.5176395
PIGC,0.51763505
CDK17,0.5176322
RDH10,0.51762444
ARHGEF12,0.5176195
KANK2,0.517602
ATG9A,0.5175902
ATXN2L,0.51756525
BIN1,0.51756346
EGLN1,0.5175579
CHRNA10,0.5175435
BECN1,0.51753914
BRWD1,0.517528
BARD1,0.51752055
IFNGR2,0.5175183
CLEC3B,0.51750857
MRPL47,0.5175082
CHMP4C,0.5174898
PECR,0.517487
AGPS,0.5174762
PPFIBP2,0.5174689
CAPN10,0.5174684
RBMX2,0.5174658
DDX46,0.5174611
SLC22A17,0.5174561
PLEKHA3,0.517442
DDX21,0.5174419
CNN2,0.5174284
L3MBTL2,0.51741284
CRAT,0.5174054
CASK,0.5174038
MAP1S,0.51739585
ATG10,0.5173794
HNRNPUL2,0.51737046
NT5C,0.5173529
CDC42BPA,0.5173398
ARHGAP21,0.5173263
AMMECR1,0.5173263
ATM,0.5173131
CUL1,0.51730025
BRK1,0.5172973
CIAPIN1,0.51729274
NRCAM,0.5172913
PRICKLE3,0.51728976
CAND1,0.51728797
CASP6,0.5172834
ASPSCR1,0.51727754
ANAPC5,0.51727563
GNB4,0.51727456
CCAR1,0.5172613
APOBEC3F,0.51726115
EIF6,0.5172598
MRPL44,0.5172542
CHD7,0.5172469
CDK2AP1,0.5172366
CYB5B,0.51723003
DOCK4,0.51722753
BEND3,0.51722455
DAP3,0.51722425
SGPP2,0.51720816
BTD,0.5171928
CSTF3,0.5171843
GMEB1,0.5171825
BAHD1,0.51717925
BRIX1,0.5171763
CLNS1A,0.5171761
SHB,0.5171745
CCDC91,0.5171693
PITRM1,0.5171672
ANKFY1,0.51716584
HPS3,0.5171621
CAPZB,0.51714545
SMAD9,0.5171449
BMF,0.517141
NDC80,0.517139
DNAJB4,0.51712394
ARSG,0.5171223
CCT4,0.51710266
ARHGAP11A,0.5171024
RFXAP,0.5170912
AZIN1,0.5170908
ZKSCAN7,0.51707304
MAT2B,0.5170593
ANAPC7,0.5170565
ATAD5,0.5170289
NSUN6,0.5170243
CCDC106,0.517017
DOT1L,0.51699865
B4GALT3,0.51699746
TNFSF10,0.51699406
PCYT2,0.51699007
GRK6,0.5169884
BBS7,0.5169876
NADK2,0.51697695
BCL2L2,0.5169692
ATP7A,0.516965
DNAJC13,0.516957
RBM45,0.5169302
BCKDHA,0.516928
ATXN1,0.516921
IRS2,0.51691324
C17orf49,0.51686263
ARID4A,0.51685655
CCNB1,0.5168409
PLA2G12A,0.5168228
PTPRN2,0.51682127
APTX,0.5168188
NOL8,0.5168106
ICAM3,0.5168046
APOE,0.5167935
ZNF324B,0.51678807
CCNK,0.5167845
CNOT4,0.5167817
CCP110,0.5167813
ASNS,0.5167808
KIF3A,0.51677585
SYTL4,0.51677126
BAZ1B,0.51676726
POGLUT1,0.5167577
MED17,0.5167538
BIRC6,0.5167536
HAT1,0.51675177
EVI2B,0.51673776
ARHGAP24,0.51672155
CSPG4,0.5167124
CCDC80,0.5166992
PDCD7,0.5166604
GIT1,0.51665086
GADD45G,0.5166435
LSM10,0.5166414
GSK3A,0.51663226
AP3M2,0.51662904
CHD9,0.51661694
BRPF3,0.51661295
ARL6IP5,0.51661056
DUSP2,0.51661015
TRIM68,0.51660115
SURF2,0.5166008
CHID1,0.5166007
FAM168B,0.5165984
TLR7,0.51658535
SDS,0.516583
ARIH1,0.51658076
BRD2,0.51657414
SULF1,0.51657295
NPDC1,0.51657283
L3HYPDH,0.516569
GALK2,0.5165677
EMC1,0.51656556
CHST14,0.51656437
DDX24,0.51655376
CMTM7,0.51655376
IGFBP7,0.51653636
BLOC1S6,0.51653355
CALCRL,0.51653343
CCT6A,0.5165145
COL18A1,0.5165059
MRPL16,0.51650465
AP1S3,0.51650304
CCT5,0.51648396
SLC27A2,0.51648396
CD86,0.5164839
KDM6B,0.51646334
NFIL3,0.5164401
SH2D2A,0.51643986
BCKDHB,0.5164362
KCNAB3,0.5164259
CEP76,0.5164256
CDCA8,0.51641685
TAF9B,0.51641494
NEU1,0.5164138
PARP9,0.51641256
LTBR,0.5164113
B4GALT4,0.5164073
CENPK,0.5164037
CLK3,0.5164011
PAFAH2,0.5163999
FAM3C,0.51638544
GABBR1,0.5163809
BANF1,0.51636946
CDK5RAP3,0.5163477
ARF1,0.5163466
CSNK1A1,0.51633376
MECR,0.5163316
AP3S2,0.51632804
BANP,0.51631093
TCTN2,0.5163058
SPATA2L,0.51630443
FAM110B,0.5162947
PRPF31,0.51629424
EFTUD2,0.5162927
NFYA,0.51628774
ATP6V0A2,0.5162847
GPT2,0.51627487
CC2D2A,0.51627284
CNTNAP1,0.51627105
APLP2,0.5162696
GPC1,0.5162607
FAM20A,0.5162475
COPS6,0.516244
ATPAF2,0.51624244
BUB3,0.516234
GEN1,0.51623195
GNPDA1,0.51622367
IDH3B,0.51622
ARFGEF2,0.5162157
DIS3L2,0.51621324
BTBD1,0.51620597
CD46,0.5162058
CIT,0.5162004
CD47,0.5161831
ARL1,0.51617277
ESRP1,0.5161723
CENPA,0.5161644
NDUFB8,0.5161542
CCNL2,0.51615006
IRF7,0.51613635
CDS1,0.5161249
NAMPT,0.5161184
ANKRD27,0.51611793
CNOT10,0.5161151
PDCD5,0.5161123
INMT,0.51611
CALCOCO1,0.5161093
B3GAT3,0.5161071
ZNF846,0.5161062
IRF2,0.5160983
TBXAS1,0.5160977
BOLA3,0.51609576
TPRN,0.5160857
BRD9,0.5160809
CLIC1,0.51607627
MPZ,0.51606625
RAB36,0.5160552
PPM1F,0.51604354
IRF1,0.51604235
CLN8,0.51604205
BIRC5,0.51602376
KIF15,0.516013
ATG14,0.5160125
GTF2E2,0.51600295
CHCHD2,0.51599556
ASPM,0.51599157
ARHGDIB,0.51594824
BCAR1,0.51594055
ATF7IP,0.51592857
TIMP3,0.51592004
FCGR3A,0.5159128
ILK,0.5159122
MASTL,0.51590574
CCNH,0.5159038
CCM2,0.5159014
ARIH2,0.5158973
APBA1,0.5158961
PLEKHG2,0.5158888
COPB1,0.5158708
HADHB,0.51586556
G6PC3,0.5158489
RABEP2,0.5158404
RIT1,0.5158349
EPHX2,0.5158136
BPNT1,0.51579887
CBR1,0.51579386
CHCHD6,0.5157817
SNAPC1,0.5157771
ANP32E,0.51577616
ZNF439,0.5157728
CHMP2A,0.5157595
SLC25A20,0.51575756
COQ9,0.5157559
C2CD3,0.5157502
TTC12,0.5157497
BLVRA,0.5157367
MRPS22,0.5157345
CHERP,0.51573426
F5,0.5157319
DNM3,0.5157285
CHKA,0.51572734
CDC42BPB,0.51571894
APOBEC3C,0.51571065
CDK19,0.51570743
DDOST,0.51570415
CABIN1,0.5157009
ETFA,0.51569945
ENTPD4,0.51569766
MFN1,0.51567596
MED6,0.51567084
NFKBIZ,0.51565355
CENPM,0.515651
B4GALT2,0.5156504
KAT5,0.5156488
C1D,0.51564795
GTF2H3,0.51563907
CYP2J2,0.5156389
PCDH1,0.5156368
ATP6V1H,0.5156367
CELSR1,0.51563543
PALMD,0.51563
DES,0.5156299
DCPS,0.5156269
DISP2,0.51562643
SYDE1,0.5156253
INPP5A,0.5156225
BUB1,0.5156197
BYSL,0.5155977
DCLRE1B,0.51559126
STK11IP,0.5155826
MALSU1,0.5155809
ATAD2,0.51556146
CRYZ,0.51555383
NDUFAF4,0.51554
CMPK1,0.515531
CPSF7,0.5155239
KLHL22,0.5155196
GADD45GIP1,0.5155137
MVP,0.51549995
MRPL39,0.51549655
CLIC4,0.51548964
CHD1,0.5154809
DYNLL1,0.51546973
PTAFR,0.5154683
BTF3L4,0.5154545
DENND3,0.51543957
C1QBP,0.5154358
SPRY2,0.5154357
DHCR7,0.5154242
EIF2B5,0.5154235
GUF1,0.5154234
CD109,0.5154206
BCKDK,0.51540995
DET1,0.51540196
C12orf65,0.51539785
DNAH5,0.51539046
CD27,0.5153852
CEP72,0.51537925
CHRAC1,0.5153784
CLTA,0.51537573
ZNF641,0.5153757
CDIPT,0.5153705
INTS9,0.5153652
ATG5,0.51534975
ATAD3A,0.5153466
CREB3,0.5153383
DHX32,0.51533216
CCT3,0.5153262
CORO1A,0.51532376
CHTF18,0.51529825
PDGFD,0.5152982
CKAP2L,0.51529557
BAIAP2,0.5152911
MYO5B,0.5152873
ARL2,0.5152854
ZNF543,0.5152821
MRPS10,0.51525676
B3GNT8,0.515249
ELOVL7,0.5152386
BMP2K,0.5152297
CBY1,0.51522154
GPSM2,0.5152173
TRIM45,0.51521707
B3GALNT1,0.51521486
ERF,0.5152137
EIF2AK4,0.51521057
AP3B1,0.51520455
CAPN1,0.5152018
ARF4,0.51519763
BRD1,0.51519084
CSPP1,0.51519006
ATN1,0.5151831
DCAF7,0.5151769
CDC20,0.5151746
CLIP1,0.51517195
OCLN,0.51515996
BCL2,0.5151599
BCAS3,0.5151548
IFIH1,0.51513946
PAN2,0.5151113
CRABP2,0.51510805
PBDC1,0.51509964
CDC14B,0.5150914
CCNE2,0.5150867
HEYL,0.5150722
EIF4E,0.51506054
REEP2,0.51505685
ATP2B4,0.51504916
CCNG2,0.51503545
SYT11,0.5150317
SYTL2,0.5150301
CRTAP,0.5150226
CPT1A,0.5150173
KMO,0.5150154
CD2AP,0.51501435
JMY,0.51500946
MED23,0.51500404
COG1,0.51499736
CBLB,0.51499206
CPT1B,0.5149901
DNAH1,0.5149883
ANO10,0.5149675
IMPDH1,0.5149579
DOLK,0.51495045
MTHFS,0.5149291
SPRY1,0.5149213
CCDC136,0.51491356
DNAJA1,0.5149114
DDX42,0.5149085
CDC27,0.51489794
PUS3,0.51488847
CSTB,0.5148807
FOSB,0.5148761
RGS17,0.5148649
FARP2,0.51486105
BNIP3,0.51484764
CEP57,0.5148445
MAGOHB,0.51484394
CEBPG,0.5148434
IL16,0.5148259
EHD1,0.51482546
ZNF684,0.51482487
COPS7A,0.5148114
CTNNBIP1,0.5147973
CYP3A5,0.5147866
CBFA2T2,0.5147862
BLOC1S2,0.5147855
EIF4E3,0.51477814
DHRS4,0.5147707
C1GALT1,0.5147648
AUP1,0.51476043
CMYA5,0.5147422
ATP1B3,0.5147412
CD320,0.51473814
USP43,0.51473504
BID,0.514735
DDX10,0.5147293
FBXL8,0.5147128
FBXL18,0.5146986
CEP135,0.51469475
BLOC1S5,0.5146943
ARRB1,0.51468986
CNIH1,0.5146688
MICAL2,0.51465917
CTC1,0.5146488
CDT1,0.51464814
MBD4,0.5146452
DERL1,0.5146284
GGT1,0.51462567
DDX18,0.5146254
CCNT1,0.51462096
EIF2D,0.51461697
RAD51C,0.5146155
ATG13,0.51461077
CWC27,0.5146083
CEP55,0.51460415
CNNM2,0.5146006
CDKL5,0.51460016
BAIAP2L1,0.5145657
LMBR1L,0.51456505
CKAP2,0.5145613
LEPROT,0.51455903
BRD8,0.51455307
CBX3,0.5145502
MCCC1,0.51454294
BUD13,0.51454216
INPP5F,0.5145355
DCP1B,0.5145297
NDRG2,0.5145296
CEP97,0.51452154
CAMK2D,0.5145178
CHSY1,0.514512
CHCHD10,0.51451176
CDK16,0.5145022
DUT,0.51449865
DGKH,0.51449347
CENPO,0.5144923
ING4,0.51448536
IFT52,0.5144742
CDC25B,0.5144661
BTBD2,0.5144652
ZKSCAN4,0.51444936
MSRB2,0.5144453
CPSF6,0.5144453
ZNF71,0.51444155
PORCN,0.5144376
CEP250,0.5144345
CASP4,0.5144333
ZNF555,0.51443195
INSR,0.51443046
MRPL19,0.5144212
ATP6V1E1,0.5144195
AAR2,0.5144179
CENPE,0.5144111
CDC37,0.51440793
CADM1,0.514406
CYTH4,0.51439995
COX7A2L,0.514396
CHEK1,0.51439476
CDCP1,0.5143906
CD53,0.51438814
DXO,0.5143857
NAA20,0.5143662
DHDH,0.51436526
GLE1,0.5143497
DYNLT3,0.5143454
PEX13,0.51434064
EPB41L1,0.51433253
CAPZA1,0.5143316
FZD6,0.51433086
MAP4K2,0.51432496
CETN2,0.5143208
DAPP1,0.5143157
BMP1,0.5143143
CDK7,0.51431423
KLHL9,0.51430726
NUFIP1,0.5143058
CPSF4,0.51426476
PARP3,0.5142541
MRPL18,0.5142541
CBX1,0.5142524
LGALS8,0.51421356
FERMT3,0.5142107
RPP38,0.5142023
HERC6,0.51420116
BCAS2,0.5141922
PER2,0.5141892
SEMA5A,0.5141784
FN1,0.5141756
NECAB3,0.5141707
BDP1,0.51415974
MAP3K5,0.51415926
CTSH,0.5141246
LPCAT4,0.5141229
CLDN1,0.51412004
CERS2,0.51411015
ARHGEF3,0.51410097
MCMDC2,0.5140686
CERS6,0.5140668
ATF2,0.51406145
CACYBP,0.5140602
PPT2,0.514059
FKBP5,0.514054
SLC39A4,0.5140437
FBXO22,0.51403886
WNT2B,0.514037
CEBPZ,0.5140284
CDC37L1,0.51401865
BLOC1S1,0.5140028
CHST12,0.5140024
SPICE1,0.51400125
CHD3,0.5139954
MOB2,0.51399523
IFT122,0.51399386
CDC6,0.5139819
DDX54,0.5139724
EIF2S2,0.513961
BABAM1,0.51396
CDK2,0.513958
DHDDS,0.5139495
AVL9,0.513944
ATG4D,0.51394224
CLK1,0.5139403
CARS2,0.5139294
HPS6,0.5139276
E2F7,0.5139252
BAG4,0.51391107
ECH1,0.51391035
ZNF506,0.51387197
CSE1L,0.5138669
ZNF567,0.5138642
CEP120,0.51386154
CDK1,0.51384354
OIP5,0.5138347
DDHD2,0.51383394
ARPP19,0.5138108
BRPF1,0.513804
HACE1,0.5138024
CARM1,0.51379544
CD9,0.51379234
PDZD11,0.5137808
VAMP4,0.5137755
CDC16,0.5137715
CENPN,0.51376516
COPE,0.5137558
RASGRF2,0.51373935
CRMP1,0.5137361
BCL2L11,0.5137308
BCAP31,0.51372945
CMTM4,0.5137278
PINK1,0.5137207
CEP192,0.5137076
CTPS1,0.51370746
BTAF1,0.5136852
NSUN5,0.5136666
DTX4,0.51365906
CIB1,0.51365775
CHMP6,0.51365566
EGLN3,0.5136443
DNAJA3,0.5136405
CHN2,0.5136372
CDR2,0.5136368
CBFB,0.51363623
NR1D2,0.5136315
CEP350,0.5136306
CARF,0.5136278
PIGV,0.5136243
BTN2A1,0.51361555
CSNK1G3,0.5136148
DUSP14,0.51360714
EIF4A3,0.5136066
CAPN2,0.5136036
CMTM6,0.51360226
CACNB1,0.51359826
LMOD1,0.51359814
EIF4E2,0.5135715
OAS2,0.51356995
PNPLA4,0.5135654
CETN3,0.51356477
DHRS1,0.51356435
DBF4B,0.51356316
DLGAP4,0.5135578
MPI,0.5135576
BRCC3,0.5135434
CENPB,0.5135347
CARD10,0.51353276
COQ4,0.51353234
HSPBP1,0.513531
MRI1,0.51353043
CTDP1,0.51352817
CYC1,0.51352376
ZNF549,0.51351434
DUSP4,0.51351357
MBP,0.51351076
B3GNT2,0.51350236
CAPN15,0.51349384
CHN1,0.5134895
METTL22,0.513487
DDX23,0.5134859
CCL4,0.513477
TBC1D8B,0.51347214
CPOX,0.5134694
PNO1,0.5134682
BCCIP,0.51345664
CENPQ,0.5134533
HPS4,0.5134382
MFAP2,0.51343805
IFNLR1,0.51342726
CTU1,0.51341003
CDK8,0.5134099
PRRT2,0.5134046
COLEC12,0.51339984
DCLRE1A,0.5133924
IDH3A,0.51338476
CAMKK2,0.5133765
IRF9,0.5133697
PBK,0.5133554
GGCT,0.5133538
LSM7,0.5133501
ORAI3,0.51334333
ST8SIA1,0.51333755
EFNB1,0.5133258
ZNF671,0.5133229
GTPBP10,0.51331294
HOXB6,0.513298
CERS4,0.5132859
LRRC40,0.51327974
CASP2,0.5132727
CYP2U1,0.51327085
DECR1,0.5132645
EPAS1,0.5132444
BICD2,0.5132318
CCL5,0.5132212
CTPS2,0.51321536
CEL,0.5132151
COL4A2,0.5132121
CNOT8,0.513209
BHLHE40,0.5132076
COX11,0.5131996
CPSF2,0.5131918
BCS1L,0.5131881
P4HA3,0.5131841
COQ5,0.51317346
COL16A1,0.513172
MRPL27,0.51317
BOP1,0.51316947
CUBN,0.5131681
ITGA3,0.5131582
CBR4,0.5131468
FBP1,0.51313996
PTGER4,0.51313716
DCUN1D2,0.5131358
GLMN,0.513114
COL4A1,0.51311225
DVL1,0.51310617
DSG2,0.5131034
EPS8L2,0.51310235
BRAP,0.5130963
ATXN7L1,0.5130954
ERAL1,0.51309294
CLEC2D,0.5130911
CDON,0.51308936
CFDP1,0.5130862
CREB3L4,0.51308537
CABLES1,0.5130828
DCTN4,0.51307815
EXOC3,0.5130635
FHL2,0.5130623
ERLIN2,0.5130426
TNXB,0.51304144
RAB38,0.5130343
TBX19,0.5130268
CLCN6,0.51302224
CSTF1,0.51300824
CAP2,0.513002
CLIP3,0.5130008
GINS4,0.5130007
MINPP1,0.51300055
ELK1,0.5129998
NME3,0.5129893
RNF144A,0.5129792
EFNA3,0.5129785
ENO3,0.51296824
PRKAB1,0.512966
DIMT1,0.5129598
EXOC6,0.5129576
CXXC1,0.51295507
DBI,0.51294905
CHTOP,0.51293814
ZNF528,0.51293707
ZNF626,0.5129352
GRWD1,0.5129225
ZNF69,0.5129213
PIWIL4,0.51291317
HBP1,0.51290923
CERS5,0.5129063
SLC2A8,0.5129039
PSMA2,0.5128979
CASP7,0.51289195
ALG2,0.51288897
DAPK3,0.5128871
EIF2A,0.51288354
TTC26,0.5128616
CD300A,0.5128599
PPID,0.51284957
CORIN,0.5128417
DCUN1D3,0.5128297
DLST,0.5128272
CBX7,0.51282334
CDCA7,0.5128232
GMPPA,0.51281977
PPFIA4,0.512817
COL27A1,0.51281273
DCTN3,0.5128112
CCNB2,0.5128022
HSF2,0.5127958
EGLN2,0.5127763
CDC23,0.5127752
DNAJC8,0.51275635
CCNT2,0.51275516
LIN7B,0.5127513
MAP3K9,0.51274633
BFAR,0.5127428
CYTH3,0.51273155
ZNF350,0.5127298
PSMC3IP,0.51272655
SLC30A4,0.5127262
CHPF,0.5127211
DEPDC5,0.5127178
CACNB2,0.51271385
HSPB2,0.512712
NIP7,0.51270515
ELF1,0.5127003
DCAF15,0.5126997
EYA3,0.5126968
CD63,0.51267964
CD180,0.51267856
RPL36A,0.51265407
NSMCE1,0.5126527
SMPD2,0.51264685
CMTR1,0.51261246
CTSB,0.5126113
FLRT2,0.51260823
HVCN1,0.5126042
DHX58,0.51260155
BMPR2,0.51260126
FIS1,0.5125945
DDX55,0.5125929
GPAA1,0.51257485
EPHB3,0.5125717
CSNK1G2,0.51256865
PAK6,0.512546
ATP6V1B2,0.51254296
COA5,0.5125415
TLR6,0.512541
MRPL55,0.512538
CALCOCO2,0.51253664
B3GALNT2,0.5125364
CHD1L,0.51253533
EPHB6,0.51253223
C3orf38,0.5125274
CITED2,0.51252156
CCNA2,0.5125167
CHAF1B,0.51250875
COPG1,0.51250577
CTR9,0.5125001
PAPSS2,0.5124894
CTSK,0.5124841
NFKBIL1,0.5124666
RAB3D,0.5124657
CCNF,0.5124639
CAMLG,0.51245254
CHORDC1,0.51245195
CDC34,0.5124414
CIB2,0.5124376
MAFK,0.5124353
BTRC,0.5124279
NSDHL,0.5124252
CMAS,0.5124238
NDOR1,0.51242214
COX6B1,0.512398
GET4,0.5123863
CENPC,0.5123781
CPNE3,0.51237535
CAMK4,0.51237506
EMD,0.51236963
CRY1,0.51236796
MRPL13,0.51236236
MTF1,0.51235837
NAGA,0.5123418
ATPAF1,0.51233774
CAMK2G,0.5123375
CEP70,0.512335
CERK,0.5123326
COG3,0.512323
COX17,0.5123195
DGKI,0.512314
NLRC4,0.5123085
BLZF1,0.5123049
COL7A1,0.5123006
DERL3,0.5123001
RPL26L1,0.51229507
SEC31B,0.51228786
MTMR6,0.51228535
HEXIM1,0.5122694
F8,0.5122588
COMMD1,0.51225305
CWC15,0.51225156
SEMA5B,0.51225126
DPM3,0.51223993
CAST,0.512236
ZNF699,0.5122317
CLIC2,0.512231
GPR153,0.51222825
PKIA,0.51222163
ERCC8,0.51220506
CNOT11,0.51220435
CMTR2,0.51218766
NMNAT2,0.51218486
ELAC2,0.5121652
CRADD,0.51215637
CD2BP2,0.512144
CPSF3,0.5121366
CYB5R1,0.5121364
MRPL22,0.5121286
GYS1,0.51212823
FPR3,0.512127
PDE12,0.51212007
FMR1,0.5121129
LRWD1,0.51211286
COPS3,0.51211023
CBX4,0.5121075
COL9A3,0.5120954
CHMP4B,0.5120938
LSM5,0.51209164
CREBRF,0.5120785
TDRKH,0.51207453
DDX1,0.5120704
CAMKK1,0.51206994
ELOVL1,0.5120696
CFLAR,0.51206934
CYCS,0.51206505
ENO2,0.5120579
GFM1,0.5120522
ZFP69B,0.5120504
ZNF600,0.5120339
DCAF10,0.51202923
CHP1,0.5120248
CYSTM1,0.5120236
DAPK1,0.51202244
EFNA1,0.5120186
ISG15,0.51200545
CRY2,0.51200086
KLHL42,0.511998
CCZ1,0.51199436
SLC35A1,0.511994
COLQ,0.511994
DIABLO,0.511992
MAGOH,0.51198757
EFCAB7,0.5119874
NDUFB6,0.51198685
CYBA,0.5119824
NDUFA12,0.51197046
EHD2,0.5119693
FBXO7,0.51196855
GARNL3,0.5119665
GJC1,0.5119575
COIL,0.51195717
CASZ1,0.5119217
CYTH1,0.51191115
MAN2C1,0.51190567
CHML,0.51190484
LIPA,0.51189107
CAPZA2,0.5118885
NFRKB,0.51188374
DGKQ,0.5118823
DDX58,0.5118449
EPC2,0.5118408
DVL2,0.5118382
NDUFA8,0.5118359
OSTM1,0.51183254
CCDC93,0.51182747
CORO1B,0.5118235
TRIM39,0.51182216
COL4A6,0.5118188
DUSP10,0.51180655
NDUFA3,0.51180446
CDCA2,0.51179934
COL9A2,0.5117959
COMMD5,0.5117888
DHPS,0.5117869
CLINT1,0.51178586
DPM1,0.51178014
DPYSL2,0.5117795
FGR,0.51177436
DCTPP1,0.51175654
PPP1R3B,0.51175565
DENR,0.51175207
CLPB,0.51174843
CENPH,0.5117446
CNOT2,0.51174414
MICU2,0.5117416
HSPA14,0.51173395
COA6,0.5117169
CNOT6,0.5117164
DAPK2,0.5117155
DBNL,0.51171434
FIBP,0.5117126
BRWD3,0.5117008
ERGIC2,0.51169056
EPHB4,0.5116873
CD40,0.5116819
RHPN2,0.5116793
EMC10,0.5116792
LEPR,0.51167095
DAB2IP,0.5116696
COX6A1,0.511663
CAPG,0.51166195
CLHC1,0.51165915
CD83,0.51165855
FZD1,0.5116547
CPT2,0.5116457
COPS7B,0.51164395
CPEB4,0.51164377
CNOT7,0.51164013
IDH3G,0.5116399
PHLDA3,0.5116386
ESD,0.51162386
MCM10,0.5116222
ZNF416,0.5116163
BSCL2,0.5116161
CLCF1,0.51161575
DHRS3,0.5116135
CAT,0.51161194
EYA2,0.5116118
IBTK,0.5115966
ITGB2,0.51159513
COL6A2,0.51159453
GFER,0.5115915
DCTN2,0.51159126
CES2,0.5115857
DLAT,0.51158565
CDC25A,0.51157725
CDS2,0.5115772
CHUK,0.51157004
DCTN5,0.5115592
ZNF470,0.51155853
CNPY3,0.51154846
FLT4,0.51154655
KLHL2,0.51153916
ECHS1,0.51153064
DDX19B,0.51151925
CCDC68,0.51151925
CHMP1B,0.5115101
COX5A,0.5115062
NOC3L,0.51150167
DLG3,0.5115005
CENPJ,0.5115
C2CD5,0.5114896
CDCA5,0.51148725
MUS81,0.51148415
CHM,0.51148105
CENPL,0.51147234
IFT46,0.5114657
CPSF1,0.5114634
IMPA1,0.51146173
COX20,0.5114591
SLC27A1,0.5114497
LEO1,0.5114494
DDX60,0.51144534
LATS1,0.5114395
CYP2R1,0.5114376
HS6ST1,0.5114342
OAS3,0.5114317
GAR1,0.51142913
SENP8,0.5114248
C17orf80,0.51142406
CXXC5,0.5114168
DPH3,0.51140946
MR1,0.5114091
CDC40,0.51140565
COPS2,0.5114028
CABYR,0.5113994
SYNE3,0.5113791
D2HGDH,0.5113768
SH2D3A,0.5113672
MPHOSPH10,0.5113669
IFT27,0.51135826
DOCK8,0.5113469
FBXL19,0.5113407
SCUBE2,0.5113226
BATF,0.5113199
CTSA,0.5113113
DPY30,0.5113068
PTCD1,0.51130056
PHF11,0.5112993
GINS3,0.51129925
S1PR4,0.51129895
DTX3,0.51129806
GPNMB,0.5112978
DNAJA2,0.511291
CDC42EP4,0.5112871
CD99L2,0.511275
GGH,0.51127213
EIF2S1,0.5112718
CIAO1,0.5112673
HEPH,0.51126295
CCDC88C,0.51125884
CKAP4,0.5112582
DOLPP1,0.5112556
CAD,0.51125133
CDK11B,0.5112464
NPC1,0.5112454
CHMP5,0.5112276
RINL,0.5112242
NR1H3,0.5112135
EXOSC4,0.51121294
CTH,0.51120806
NID1,0.51120144
GBP3,0.51119983
CLOCK,0.51118034
DDX50,0.511178
CTDSPL,0.5111734
CYB5R3,0.511166
FDXR,0.51115555
GPR68,0.511154
CLSPN,0.51115364
HDAC9,0.5111532
INPP5E,0.5111516
FCGRT,0.5111472
RGS14,0.51114494
G6PD,0.51114255
KRT80,0.5111397
POLM,0.5111337
ERI1,0.51113325
DHX8,0.5111269
ORMDL2,0.5111209
GCDH,0.5111183
DHX36,0.5111175
RAB33B,0.51111436
CDCA3,0.5111133
COPS5,0.5111099
FURIN,0.51110816
CFL2,0.5111081
FCHO2,0.5111001
MED20,0.5110942
GSDMD,0.5110911
SERPINF2,0.51108253
INPP4A,0.5110822
DDX27,0.5110689
COL1A2,0.51106703
DNAJC9,0.51105773
CEP152,0.51105565
CCNL1,0.5110408
CDH23,0.5110313
DDX20,0.5110122
DCTD,0.5110064
CLDN15,0.5110023
ITGB7,0.5109956
RASAL3,0.5109841
COMMD6,0.5109815
CTNNBL1,0.51097655
COX7B,0.5109762
DNAJC24,0.5109748
CENPI,0.51097226
HNRNPLL,0.5109577
DCK,0.51095754
CTSD,0.51095694
CKS2,0.5109565
PLEKHG4,0.5109381
DCAF13,0.510931
ZNF354A,0.5109244
DBF4,0.51092225
LDB2,0.51092154
DRG1,0.51092
RABL2A,0.5109161
MRPS17,0.5109151
DHRS11,0.51091003
DDRGK1,0.51089394
WNT9A,0.51088303
CTTNBP2NL,0.51088107
EHMT2,0.5108768
CHMP3,0.510867
KDM1B,0.5108461
CPT1C,0.51084346
NR2C2AP,0.5108428
KLHL25,0.5108426
CDC5L,0.51084113
CEP78,0.5108304
DOK1,0.5108234
PIGM,0.5108204
MSRA,0.51080346
EAF2,0.51080024
FGD3,0.5107957
KRT10,0.5107881
EMC9,0.51078653
CREM,0.510784
ELAVL1,0.510782
FTSJ3,0.5107788
COPB2,0.5107767
CDK9,0.5107739
ELP6,0.5107723
DENND4C,0.51077056
KIFAP3,0.51077056
RPF1,0.51076704
FBXL5,0.5107667
DENND2C,0.510762
CEP41,0.5107557
CYB5A,0.5107454
DERA,0.51074237
EXOC5,0.51073986
DDX56,0.51073873
ECD,0.5107241
MAP1LC3B,0.5107185
DIS3L,0.51071584
LARP7,0.51071155
RBBP9,0.5107018
CIR1,0.5107013
DEPDC1,0.51069593
CLSTN1,0.5106914
KLHDC2,0.51068807
DCUN1D5,0.5106875
FBXO38,0.51068586
CWC22,0.5106847
CHPF2,0.51068443
FAM98B,0.51067686
EFEMP1,0.51067686
MPHOSPH8,0.51067597
GDPD1,0.5106735
CSTF2,0.5106714
COQ6,0.51066816
ENPP1,0.51066685
SNAI1,0.5106475
CRTC2,0.5106396
HSD17B8,0.5106267
CLCN7,0.5106244
CDKN2AIPNL,0.51062363
FOXRED1,0.5106186
CCDC97,0.5105993
DDX39A,0.5105972
NCALD,0.5105941
CLDN4,0.5105889
OXSM,0.5105835
EXO1,0.51058245
GSTZ1,0.5105813
COG7,0.5105784
DPH2,0.51056415
PIGO,0.5105629
DNAAF2,0.5105599
HDAC6,0.5105568
CPEB3,0.51055473
PAIP2B,0.51055384
PARVG,0.5105516
GNA13,0.51055
GINS1,0.5105406
CDC25C,0.51053053
NPR1,0.5105301
GALNS,0.5105124
CYP2D6,0.51050663
FBXO10,0.51050526
SERPINB8,0.5104957
DOCK10,0.5104901
LMBRD1,0.5104873
FMO4,0.5104866
CSNK1D,0.5104863
CYB5R4,0.510486
CD58,0.51047885
CHMP2B,0.510477
CSGALNACT2,0.5104763
CNNM4,0.5104762
GADD45B,0.51046443
CHFR,0.510449
HACL1,0.51044166
DCAF11,0.510435
ITGA7,0.5104332
DHX38,0.5104221
CLPP,0.51041967
DLD,0.51041794
CUL9,0.5104105
COL5A2,0.5104076
CDC7,0.5104069
COPS8,0.5103929
IKBKG,0.5103921
DGKZ,0.51039183
DNASE2,0.51039124
FBXL2,0.51039076
DCAF17,0.5103865
GADD45A,0.51038283
DAAM1,0.5103784
CPE,0.51037806
CPEB2,0.51037705
CENPF,0.51037604
DFFB,0.5103665
COQ10B,0.51036245
DNAJB11,0.5103589
CKLF,0.510358
CRKL,0.51034904
CREB5,0.51034296
DCP1A,0.51034206
MRPL40,0.5103224
BRF1,0.5103208
DDX52,0.5103094
GSTK1,0.5103003
CYB5R2,0.5102984
DNAJA4,0.5102947
DPH6,0.5102902
FAM91A1,0.5102787
CNOT6L,0.5102518
EEF1E1,0.5102403
DALRD3,0.51023716
CYFIP2,0.5102318
CDKN2AIP,0.5102226
CRELD2,0.51022166
IRF2BPL,0.5102185
EAF1,0.510218
CXADR,0.51021284
RNF25,0.51021147
GDF11,0.5102105
GALNT14,0.5102098
PRICKLE2,0.5102039
GPCPD1,0.51019853
EMC8,0.51019204
EMC3,0.5101805
DPCD,0.5101751
PDLIM2,0.5101694
CUL7,0.5101679
UBE2D4,0.51016533
MMAB,0.5101645
CCDC12,0.5101643
GOSR1,0.5101537
HSPA12B,0.5101429
GCAT,0.5101281
FRMD6,0.51012176
ZNF184,0.5101201
LSM3,0.51011395
GLYCTK,0.51011354
SYTL1,0.5101133
MRPL54,0.5101054
DBT,0.5101017
CHAF1A,0.51009995
DYNLT1,0.51009506
KRR1,0.51009256
CSK,0.5100868
ENPP2,0.510078
LOXL1,0.5100711
COX10,0.5100695
DCXR,0.5100687
DHX33,0.5100643
CSF1,0.5100591
CPD,0.51005393
CEBPB,0.5100473
DCLRE1C,0.5100369
GNE,0.51002467
COPZ2,0.51001745
POLR3GL,0.5100171
DYRK1B,0.5100162
COBLL1,0.5100008
MTFMT,0.5099888
MPC1,0.5099802
NDN,0.50997406
OPTN,0.5099731
ENG,0.509961
DBR1,0.50994766
MAN2A2,0.5099436
IL4R,0.5099356
CROT,0.5099348
EVI2A,0.5099303
EXOSC5,0.5099279
DGAT1,0.50992304
HOXB4,0.5099215
DCAF16,0.5099169
CCR7,0.50990725
HPDL,0.50990075
ITGA8,0.509899
PLD2,0.50989556
FEM1A,0.5098847
DCUN1D4,0.5098827
COASY,0.5098817
COG2,0.50986403
FAM160A2,0.50986385
FAT4,0.50986207
GABPA,0.5098584
GALNT6,0.5098543
CHST15,0.50985163
LIN37,0.5098366
DEPTOR,0.5098356
CDR2L,0.50982046
CLIP2,0.5098179
LLGL2,0.5098031
MAPRE3,0.5097955
CENPT,0.5097931
COG8,0.50979227
DAZAP2,0.5097905
EAPP,0.50979
LNX2,0.5097893
DENND2A,0.5097883
DYRK2,0.5097859
CBX2,0.5097781
GAB1,0.50976866
EIF2AK2,0.509758
EBAG9,0.5097567
NCF2,0.50975496
FAM98A,0.50975156
ZNF793,0.50975066
HLA-DMB,0.50973684
DYNC1I2,0.5097324
MOAP1,0.5097274
KCTD6,0.50972253
DDX28,0.50971526
HYI,0.50971025
DDX19A,0.5097018
POMK,0.5097006
SPTBN4,0.50969815
DCAF5,0.50968665
CSNK1G1,0.50968325
DNTTIP2,0.5096821
CEP164,0.50967234
PIGF,0.5096714
HECTD3,0.5096655
IL2RG,0.50966066
DYNC2H1,0.5096562
MRPL24,0.50965226
DDX31,0.50965047
GMIP,0.5096487
DUS2,0.5096439
ECI2,0.50963765
IL17RA,0.5096173
NTAN1,0.5096141
COX18,0.50960547
CLASP2,0.50959986
CLDN12,0.50959545
CEPT1,0.5095772
ESYT1,0.5095695
FAM110A,0.509561
EEA1,0.5095534
DHTKD1,0.5095464
FGD2,0.50953037
GNGT2,0.50951964
POLR3F,0.50951463
ECSIT,0.50951093
DSP,0.50950646
MEAF6,0.50950503
DOK4,0.50950444
CCR1,0.5095003
COPS4,0.5094945
CLDN7,0.50949043
DERL2,0.5094822
GTPBP3,0.5094811
DHX16,0.50947654
CWF19L1,0.509471
MRPS23,0.50946695
GTF2E1,0.50946534
TEK,0.5094585
GRPEL1,0.5094482
GPR161,0.5094391
ZNF764,0.5094387
EIF2B3,0.50943565
NFU1,0.50942534
FBXO25,0.5094248
COG6,0.5094205
NNMT,0.50941426
CNDP2,0.509404
MED8,0.5093916
TMOD2,0.5093876
WDR5B,0.50937694
CCS,0.50937676
GPR183,0.5093761
PEX16,0.50937456
DPH5,0.50936913
FLAD1,0.5093659
DNAH17,0.50936484
CUL5,0.5093648
CYP39A1,0.5093643
EXOSC8,0.50936395
ITGA2,0.5093605
EIF4ENIF1,0.50935274
TRPV4,0.5093499
DMD,0.5093468
TGFB3,0.5093315
ECHDC1,0.5093298
MAPK13,0.50932944
FBXO2,0.50930274
EXOSC9,0.5092967
DISC1,0.509289
KRTCAP2,0.5092807
GSTM2,0.50927985
CHCHD1,0.50927746
NPHP1,0.5092768
GANC,0.5092704
SEC11C,0.5092616
CSF2RB,0.50925535
ELMO3,0.5092551
DNAJB9,0.50924116
KATNA1,0.5092408
FMNL3,0.5092323
CNTRL,0.5092314
GOLGA2,0.509227
SLC7A7,0.50922066
COMMD2,0.50920004
CLPX,0.5091967
MYH14,0.5091936
EXTL3,0.5091914
HELZ2,0.50918925
GLRX,0.50918764
RHPN1,0.50918317
GEMIN4,0.50918144
DUSP6,0.5091811
MAOA,0.50917345
DNA2,0.5091697
DKC1,0.5091633
MTO1,0.50915635
LY96,0.50914925
GYG1,0.5091299
LY86,0.5091057
ESRRA,0.5091009
GID4,0.5090944
FPGT,0.5090862
FBXL4,0.509082
FMNL1,0.50907594
DDX51,0.50906694
FHL1,0.50906086
ETFDH,0.50905854
DONSON,0.50905734
EHD3,0.5090536
TMEM187,0.50904024
FBXO31,0.50902903
CTDNEP1,0.50902575
SPI1,0.5090212
DACT1,0.50902
SLA2,0.5090109
DENND4A,0.509003
FAM114A2,0.5090022
FRK,0.50898725
DSEL,0.5089859
DDHD1,0.50898397
POP5,0.50897115
E2F8,0.5089631
FCGR2A,0.5089591
COX15,0.5089417
EIF2B1,0.50894076
KRIT1,0.5089406
NFS1,0.50893897
LDLRAP1,0.5089385
DSCC1,0.5089356
CLK4,0.50893396
LAMTOR3,0.50893337
COQ7,0.50892806
CNIH3,0.5089242
FUCA2,0.50892043
RABL2B,0.5089136
EPN1,0.508912
LLGL1,0.5089076
HGSNAT,0.5088843
DDX41,0.5088697
EHHADH,0.50886464
CTDSP1,0.5088505
CUL4B,0.508849
ZNF546,0.50884753
ENGASE,0.5088456
CTNS,0.50883925
NABP1,0.50882703
GPR180,0.50882465
DHODH,0.50881404
CDH24,0.5088053
GPANK1,0.5088014
EDC3,0.50879973
FANCM,0.5087976
MRPL35,0.5087936
INO80C,0.5087933
LSAMP,0.508781
NAA30,0.5087805
COG4,0.5087801
MED29,0.5087776
GDF15,0.5087767
FUT1,0.5087743
POMGNT1,0.50876784
DTNBP1,0.50876427
CSTF2T,0.5087633
ERMAP,0.5087532
ZNF256,0.50875294
CWF19L2,0.5087496
FCF1,0.5087359
ELMO1,0.50871944
ERRFI1,0.50871086
GLA,0.50870657
FBXO45,0.5087019
DGKA,0.5086839
FBLN5,0.5086833
NINJ1,0.5086744
CNNM3,0.5086739
DZIP1,0.5086731
PFKFB2,0.5086653
MED26,0.5086609
EIF1B,0.50865424
IFT81,0.5086528
GDAP1,0.5086301
CYTH2,0.508629
FECH,0.508629
EBNA1BP2,0.50862527
EVC,0.50861555
DLG4,0.5086014
DRG2,0.508596
CEP290,0.5085894
MBIP,0.5085864
DCAF4,0.5085795
MTSS1,0.50857544
PARD6B,0.5085484
GDPD5,0.5085483
DUSP16,0.5085481
EIF3G,0.50853205
GCC2,0.508526
ESF1,0.50852436
PCSK5,0.5085189
ESRP2,0.50851774
IRF5,0.5085175
DCAF12,0.5085146
DMWD,0.50851065
GGCX,0.5085084
MKKS,0.5085082
E4F1,0.5085028
KLHL21,0.5084942
HECTD2,0.5084787
PEX12,0.5084674
MAPK12,0.5084649
DVL3,0.508448
DBP,0.50843894
ETV7,0.50843364
GPSM1,0.5084269
ELP5,0.508418
EIF2B4,0.508412
RAB37,0.5084058
CRLS1,0.50839734
INTS5,0.5083947
DENND4B,0.50838405
INPP5K,0.5083616
MRPL46,0.5083549
MED7,0.50835466
IFNAR1,0.5083504
NFATC1,0.508341
EIF2AK3,0.5083404
DEPDC1B,0.50833946
FST,0.50833625
FLNC,0.50833464
GORAB,0.5083142
GEMIN8,0.5083066
IRAK4,0.50830597
ZNF461,0.50830436
EMC2,0.50830334
DLC1,0.5083005
EME1,0.50829095
EXOSC6,0.5082885
ZNF429,0.5082857
EVC2,0.50828534
ITGA4,0.5082694
ERCC6L,0.5082629
DHX37,0.50823724
GNA14,0.50823504
IL1RAP,0.5082158
DOCK6,0.5082097
MIS12,0.5082088
LCP2,0.50820726
LMCD1,0.50820494
RAB42,0.50820106
MLPH,0.508187
GNA15,0.50818217
EARS2,0.5081775
ERCC6,0.5081653
GPN3,0.50816447
EOGT,0.5081617
DNAJC3,0.5081579
ZNF2,0.50815463
DNTTIP1,0.50815386
ENC1,0.5081531
GTF2B,0.50815046
PARD6G,0.50815034
KIAA1549L,0.50815
DHX35,0.5081353
HEXIM2,0.50812644
GOT1,0.5081229
NIT2,0.50811934
DGUOK,0.50810933
EXOSC7,0.5080897
GRAP,0.50808907
PLEKHG6,0.5080803
EZH1,0.5080751
DMXL2,0.5080731
DPH7,0.50806874
GPAM,0.5080664
DDA1,0.50805813
RGCC,0.5080552
CREG1,0.5080462
DPH1,0.5080438
FAM8A1,0.5080385
DYSF,0.508024
KATNB1,0.5080228
NSMAF,0.50802237
FBXO15,0.5080155
HSD17B10,0.5080123
GPN2,0.50800407
RAP1GAP,0.5080028
PCDHB5,0.5080004
ZNF774,0.507998
FGD1,0.50798327
PLA2G15,0.5079761
EBP,0.5079724
DYNC1LI1,0.5079674
HAUS8,0.50795346
JAG2,0.5079521
GBP2,0.50794846
FGF11,0.5079456
EID3,0.5079433
FKRP,0.5079405
EIF2B2,0.5079398
DIS3,0.5079368
EPB41L4B,0.50791967
GRK4,0.5079174
PADI2,0.50791645
GPX3,0.5079011
DMPK,0.50790036
HDAC11,0.5078996
DPF2,0.50789225
FGFRL1,0.50788045
DDX11,0.507866
DMAP1,0.50786215
FAAH,0.50786173
DSC2,0.5078582
FKBP3,0.5078542
LILRB3,0.50785273
L3MBTL1,0.5078526
NEDD1,0.50783867
EHD4,0.50783604
MOCS2,0.5078268
FOSL2,0.5078248
FADD,0.50782394
FOS,0.50782067
CTSZ,0.50781786
HAUS1,0.5078157
DNAJB14,0.5078111
GCH1,0.5078084
MTIF3,0.50780797
DOCK7,0.5077968
ETHE1,0.5077916
FAM131B,0.5077855
DLGAP5,0.50777876
HAGH,0.50776863
MUL1,0.50776243
GCC1,0.50775445
HERC5,0.50775266
MICALL1,0.50774765
EPB41L5,0.50774485
EMC4,0.507743
E2F6,0.5077384
LPAR2,0.5077356
PTS,0.50773484
FOXF1,0.5077298
CYFIP1,0.5077261
PYGM,0.5077236
DUS1L,0.5077226
IFIT3,0.5077062
ICAM1,0.507706
LAMP2,0.5077018
DOCK11,0.50770015
HS3ST1,0.50769514
SEPSECS,0.50769275
NAT1,0.50768954
FZD3,0.50768787
LZTS3,0.50767595
MCEE,0.5076697
NOMO3,0.507659
GTF2H1,0.5076273
PPP2R5B,0.5076208
MON1B,0.5076121
ENTPD5,0.5075817
GSTM4,0.50758034
ITGAE,0.50757545
IL6R,0.5075731
DGKE,0.50757307
LGI4,0.50756073
GNS,0.50755596
PLCB2,0.50755006
DCP2,0.5075402
EPB41L3,0.5075395
ZNF443,0.50753516
LIPG,0.50753164
EFNB3,0.5075249
IFT20,0.5075095
LYAR,0.5074963
HMOX2,0.50748694
ITGA1,0.5074832
GLIPR1,0.5074804
EVPL,0.50746787
KRI1,0.5074605
DOCK2,0.5074556
NDUFA4L2,0.5074484
RNF139,0.5074316
E2F5,0.5074267
MAN1C1,0.5074178
IL10RA,0.50741494
DUSP7,0.5074135
DNAJC2,0.50741255
LOXL3,0.507401
NAPG,0.5073802
MBOAT1,0.5073798
ZNF17,0.50736
IL20RB,0.50735193
PDE5A,0.5073494
HOXD3,0.5073474
KCNH2,0.5073473
KPNA5,0.5073229
ETNK2,0.5073072
RABIF,0.5072763
MBD6,0.50726646
RIN1,0.5072643
HOXA3,0.5072522
LRFN4,0.50723845
ETFB,0.5072321
PTN,0.50722325
GPN1,0.50721496
HCCS,0.5072039
RAI2,0.5071912
GBP4,0.50718826
FBLIM1,0.507181
LSM11,0.5071786
FZD8,0.5071711
SPARCL1,0.507166
GNB5,0.5071607
FUCA1,0.50715804
HAUS2,0.5071437
EGR3,0.5071319
ING1,0.50713104
MCM8,0.50712365
FKBP2,0.5071233
MSX1,0.507119
KCNQ1,0.5071171
ZNF442,0.50711197
ERI2,0.50711006
FBXO41,0.5070922
EDNRA,0.50709206
PDLIM4,0.5070794
IQCE,0.50707847
MRPS14,0.507077
DNAJC10,0.50706005
TRPC6,0.5070572
INTS2,0.5070503
HCK,0.50704914
SEMA6C,0.5070456
GALM,0.5070365
DENND1B,0.50702244
PTH1R,0.5070211
NAGPA,0.50701493
GMNN,0.50701356
MYCBP,0.50699854
DNAJC15,0.50699496
HMOX1,0.50697887
FMN1,0.5069636
IFI44,0.5069596
DENND6A,0.5069571
MUC3A,0.5069561
FBXO8,0.5069552
HAUS5,0.50695205
PARP2,0.5069362
MMACHC,0.50693077
LCMT2,0.5069168
DNAL1,0.5069118
KBTBD8,0.5069015
PLD6,0.5068975
GLCE,0.5068899
HFE,0.50688714
IBA57,0.5068869
DPP7,0.50688654
FCHO1,0.5068821
CYP2S1,0.50688195
GABPB1,0.5068766
E2F2,0.5068749
KCNG1,0.506872
CSAD,0.5068659
FKBPL,0.50685
MED19,0.50684905
GNPDA2,0.50683373
LRRC4B,0.50683326
DNM1L,0.5068294
HYLS1,0.50682664
HELB,0.5068249
EXOC2,0.50681746
DUSP1,0.5068169
KIF5C,0.50681627
EXOSC1,0.50680506
GALNT18,0.5067958
ZFP82,0.5067652
U2AF1L4,0.5067638
GALK1,0.5067619
HDAC10,0.5067555
FBXO5,0.5067543
GATC,0.50674206
NFASC,0.5067393
RAPGEF5,0.5067335
GCFC2,0.50673074
NUDT12,0.5067292
KCNMB3,0.50672454
FBXO27,0.5067232
FEZ2,0.50672156
NUDT16L1,0.5067185
HAUS4,0.50671613
FEZ1,0.5067113
FUZ,0.5067101
HEXB,0.5066946
PSEN2,0.5066893
GLS2,0.50668526
IFT172,0.5066819
PREX2,0.50666714
MED9,0.50666684
DSN1,0.50666565
LXN,0.50666237
RIN2,0.50666106
MRGBP,0.5066422
KCNN4,0.5066312
LRFN1,0.5066264
NDUFA5,0.5066261
LONRF1,0.50660294
EXOC1,0.50660133
RASSF6,0.50659895
RSAD2,0.50659627
IRAK2,0.50659484
GALNT3,0.506589
PDCL3,0.50656694
KCNS3,0.5065612
NKD1,0.5065612
MPP7,0.50654876
POLE4,0.50654066
DUSP12,0.50653744
NAGK,0.50652754
MMP15,0.5065199
HES1,0.5065102
MAP3K10,0.50649893
HIP1R,0.5064932
ZNF132,0.5064913
FJX1,0.50648797
EMC7,0.50648403
IL13RA1,0.5064795
GIT2,0.5064528
SIGIRR,0.50643134
IDS,0.5064306
FDX1,0.50643
FBF1,0.5064251
FKBP15,0.5064163
GPR132,0.5064042
PBLD,0.506395
OAS1,0.5063899
PRNP,0.5063898
GAA,0.5063859
FABP5,0.50637275
ERLEC1,0.5063675
EPHA1,0.5063537
FZD7,0.5063506
KHDRBS3,0.5063432
PTPN7,0.5063408
FANCB,0.50634074
HMBS,0.50632674
LTB,0.5063073
PCOLCE,0.50630414
NME6,0.50629896
KAT2A,0.50628996
INTS12,0.5062863
EMB,0.50627893
NSMCE4A,0.5062713
TGM1,0.506254
IGFBP6,0.5062518
RPP40,0.5062387
IL2RB,0.5062162
HAAO,0.5061771
PAQR8,0.50615066
GUCY1A2,0.5060984
E2F4,0.5060977
JOSD2,0.50609684
GNAO1,0.50609654
TTC30A,0.5060845
P2RY11,0.50607544
MAD2L1BP,0.5060735
MRPS36,0.50606436
GRIN2D,0.50604886
GABPB2,0.5060445
NEIL1,0.5060445
FAHD2A,0.50603694
ITPKB,0.50602835
EXPH5,0.5060233
RNF128,0.50599843
THSD1,0.50598484
FZD5,0.5059839
PDP2,0.50597835
NTN4,0.50597656
SEMA4G,0.50597465
GMPPB,0.5059746
PTPRE,0.5059657
MCM9,0.5059577
RAB4B,0.50594926
FYTTD1,0.5059465
PIPOX,0.5059375
SARDH,0.5059235
FBXL12,0.5059231
RFK,0.50591815
RABGGTA,0.50590914
FBXO4,0.5059057
FNTB,0.5058888
GBA,0.50588614
GEMIN6,0.50588465
MTIF2,0.5058775
GPKOW,0.5058751
ING3,0.50586015
MAK16,0.505854
PMM1,0.50584644
HHAT,0.5058364
RASGRP3,0.50583404
HARBI1,0.5058336
NDUFA9,0.5058222
MPND,0.5058169
NCF4,0.50581205
FBXL7,0.5057911
FRZB,0.50578547
NMRK1,0.5057742
LMF1,0.5057579
EPHA4,0.50574887
GAN,0.50574154
NOM1,0.50573397
ELMO2,0.5057305
DNAJB12,0.505717
KCNC4,0.5057117
PARS2,0.50570595
ERN1,0.5057027
MTMR10,0.50569284
HPS5,0.50567806
PAQR5,0.5056739
IPMK,0.505671
ID2,0.50566673
MBTPS2,0.5056638
FAN1,0.5056629
IFI35,0.50565666
RARB,0.50562966
FZD4,0.50562745
HYPK,0.5056209
RASGRP2,0.5056116
IL11RA,0.5056065
KIF21B,0.50557685
GTF2A2,0.5055748
MIB2,0.5055618
PPOX,0.50556135
HECA,0.50555485
MTM1,0.5055545
HIGD1A,0.5055275
IFIT5,0.50551385
GHDC,0.5055104
F2RL1,0.50550616
DFFA,0.5054821
LTB4R,0.50547194
DTNB,0.505466
EFNA4,0.50545955
ITPKC,0.5054585
GIMAP4,0.5054579
RNF6,0.50545543
LCAT,0.50545424
IFT88,0.505453
JMJD6,0.50545216
IL18BP,0.5054518
LAMTOR5,0.5054482
SGIP1,0.505448
PJA1,0.50544477
INTU,0.5054247
FAH,0.5054242
OSGEP,0.5054232
IKZF4,0.50542176
MAP3K8,0.50540954
IFT57,0.5054086
KLC2,0.50540304
LRRC49,0.50539535
NOMO2,0.5053868
DTX3L,0.5053826
MRPL41,0.50537527
LAMB2,0.50536066
ZNF577,0.50535864
GSTM3,0.5053359
INO80B,0.5053335
EDEM3,0.5053108
CUL2,0.5053052
LAMC2,0.5052909
OSGEPL1,0.50528824
KIF17,0.5052877
GRPEL2,0.5052839
LPIN3,0.5052787
KCNJ2,0.50527513
GALNT12,0.5052683
EME2,0.50526714
GTF2H4,0.5052304
IDUA,0.5052062
NEDD9,0.5052049
GOLGA1,0.5052028
FNIP2,0.50518984
GALC,0.5051809
SGK3,0.5051759
GATM,0.50517297
FBXO17,0.5051551
H6PD,0.50515455
MRPL33,0.5051505
KLC4,0.50514466
IL7,0.50514245
RTN4R,0.5051302
KCTD15,0.50512385
SLC4A11,0.50511295
HEBP1,0.5051127
MAN2B2,0.50510395
LEF1,0.505096
GCSH,0.50508195
HSPA4L,0.50507075
GPR160,0.5050552
KCNMB4,0.50505435
F12,0.5050442
KIF26B,0.5050356
MAPK7,0.5050278
ITPA,0.50502205
GATA6,0.50501984
FBXW9,0.5050179
PCYOX1L,0.5050112
STX11,0.50500786
SEMA4F,0.50500304
KPTN,0.50500023
IRF2BP1,0.50498694
PCDH18,0.50496817
ETV3,0.50495785
ITGAL,0.50495726
LRRC6,0.5049471
MCAT,0.5049434
GPD1L,0.5049396
FAM111A,0.5049265
KIF9,0.5049209
S100A3,0.5049039
SLC40A1,0.504894
NR1D1,0.50489384
IFNAR2,0.50489086
ZNF221,0.50488174
LRP4,0.5048814
LYZ,0.5048812
GGT7,0.50487757
RAPGEF4,0.50486636
EXOC8,0.5048662
GSPT2,0.5048651
RND1,0.50486356
KBTBD6,0.50486267
FOXRED2,0.5048414
NOTCH4,0.5048277
GEMIN2,0.5047987
ENTPD6,0.5047913
FBXL14,0.5047899
IRF6,0.50478
GKAP1,0.5047727
FUT4,0.5047703
ISCA2,0.50477016
HPSE,0.5047689
MLKL,0.50474864
NEIL2,0.50473934
HRH1,0.5047341
PAQR3,0.5047289
FIG4,0.5046795
NDUFAF1,0.50466603
NAIF1,0.50466335
ZNF415,0.5046485
LRG1,0.50462854
HSCB,0.5046188
FAIM,0.50460565
PCSK6,0.5045995
VPS37D,0.50459903
NDST2,0.5045815
KIF13B,0.5045757
F2R,0.5045652
SMPD1,0.5045571
MERTK,0.50455517
NTM,0.504555
PIGA,0.50451815
MVB12B,0.5045126
HLX,0.5045091
SLC18A2,0.50450337
MARS2,0.50449705
IL15RA,0.50449586
MAPK8IP1,0.50449467
NFKBIB,0.5044612
LAMA2,0.50446004
MATK,0.50444484
RBAK,0.504444
GNG11,0.50443316
IPP,0.5044208
HELQ,0.5044128
KCNIP4,0.5044114
RILP,0.5044082
JMJD4,0.5043988
HERC3,0.5043819
NUDT14,0.5043761
FNDC5,0.5043639
MFSD2A,0.5043618
KIF7,0.5043531
GAS8,0.50435185
GEMIN5,0.50434864
LIPE,0.5043479
RENBP,0.5043475
HSD17B1,0.5043411
GSTA4,0.5043372
ICAM2,0.5043175
MCUR1,0.50430006
HSPB11,0.50429815
GAS2L1,0.50429225
ZNF433,0.50428206
KLHL3,0.50427526
NGDN,0.50422287
KIAA0513,0.5042016
FZD2,0.5041973
KDM8,0.5041968
HOMER2,0.50418335
INPP1,0.50418
HOXB7,0.50417364
HARS2,0.50417244
LDHD,0.50415057
KALRN,0.5041396
GPATCH1,0.50411344
F3,0.5041004
ZNF284,0.50409967
GMPR,0.5040852
HOMER3,0.5040743
ITGB1BP1,0.50406986
RGS2,0.50406843
FBXL3,0.50404286
MX2,0.5040319
KCNAB1,0.5040228
HSPA13,0.50402224
GEMIN7,0.5040105
NKIRAS1,0.5039867
LPCAT2,0.503975
FHOD1,0.5039637
MARVELD3,0.50395197
MYO7A,0.50395095
PAG1,0.5039409
ITGB4,0.50393826
PAK1IP1,0.50392795
NOL12,0.5039186
ZNF790,0.5039172
MST1,0.5038947
IL10RB,0.5038502
TNFSF12,0.5038485
GGPS1,0.5038271
KCNJ15,0.50382334
MLF1,0.50380456
ENOPH1,0.50380397
KRBOX4,0.50378466
FBXO32,0.5037795
MGAT3,0.5037789
HOXA10,0.50377667
ITGA2B,0.5037547
NEK8,0.5037481
ITGBL1,0.50374556
NLGN3,0.50374293
TCEAL1,0.50374097
SAP30,0.5037355
HOXA5,0.5037078
MAP1A,0.5037071
FUNDC1,0.503706
HAVCR2,0.503704
PDE1B,0.50367624
GALE,0.5036695
GRHL1,0.5036577
LMF2,0.50363475
MGAT4A,0.5036298
HAUS3,0.50361615
LNX1,0.50360805
LRRK2,0.5036051
IFT74,0.50358206
PANK4,0.50354946
NPHP3,0.5035218
KIT,0.5035075
HCFC2,0.5034968
ZNF418,0.5034903
MAFF,0.5034877
EPHA2,0.50346816
JAG1,0.5034466
IRAK3,0.50342846
MOSPD2,0.50342053
LRP3,0.50340515
PTGIR,0.5033964
GK,0.50339335
PRX,0.5033906
NR4A2,0.50338143
NOC4L,0.50337183
MCF2L,0.50336814
PPFIA3,0.50336426
RMDN2,0.5033447
LIMS2,0.50334424
FRS3,0.50330365
LZTFL1,0.50329316
SPAG4,0.50328326
GPX7,0.5032723
SMPDL3A,0.50325346
PSTK,0.5032433
NID2,0.5032357
KRBA1,0.5032206
KCNN3,0.50319386
IL17RD,0.50319225
MYL5,0.50318295
SFN,0.50314957
LIG4,0.5031433
LAG3,0.5031399
RAB3IL1,0.5031193
STAC3,0.5031167
RIPK2,0.50311124
PYGO1,0.5030982
LAT,0.5030664
RAG1,0.50306404
NOL3,0.5030404
KHK,0.5030313
ITGB6,0.5029885
PLK3,0.50296456
MRAS,0.50295097
INIP,0.50292945
FOSL1,0.5028909
MYLK,0.5028758
RELL2,0.5028704
KCNJ14,0.5028462
HENMT1,0.50284535
SHPK,0.5028237
JAM2,0.50282216
IFIT1,0.5028182
MGAT2,0.5027911
HCAR2,0.50276345
FAM220A,0.5027568
ITGAX,0.5027446
RNASE1,0.50274193
RPP21,0.5026647
MMP17,0.50265974
SYP,0.5026524
NDUFAF3,0.502627
RETSAT,0.50261664
MTMR7,0.50260997
KBTBD7,0.5025667
MYO15A,0.5025611
PCDHB15,0.5025404
PPP1R3D,0.50253916
PLXNC1,0.50253445
PYCARD,0.50253344
SMOX,0.5025195
MAP9,0.50251406
HUS1,0.5025103
MATN3,0.5024755
RPGR,0.50246865
TRPM2,0.5024559
OXTR,0.5024453
MOCS3,0.5024421
GPX8,0.50243
HOOK2,0.50242496
NXT2,0.50242376
ISY1,0.5023991
NR4A3,0.50235337
ITGA5,0.50234765
PLCD4,0.50234586
NDUFAF5,0.5023281
ITGA9,0.5023278
HTRA2,0.5023277
MYO1F,0.5023095
TMEM176A,0.502309
PEX11G,0.5023063
EGR2,0.5022944
LIPT1,0.50226015
HNMT,0.50223607
ROBO3,0.50221056
SHC2,0.5021888
PIGP,0.50217
NTN1,0.5021449
MIEF2,0.50212145
PLK2,0.5021109
IL2RA,0.50209236
KCNIP2,0.5020916
TM6SF1,0.5020567
MMAA,0.50204736
RNASEL,0.5020266
IKBKE,0.5020058
PLB1,0.501982
KDELR3,0.5019479
PCGF1,0.501943
MAP3K6,0.5019385
RNF152,0.50191593
PKP1,0.5019034
RRAS,0.5018509
HSD11B2,0.50182
LAMB3,0.5017992
MAPK11,0.50178
MON1A,0.50177664
LRRC8E,0.50174826
NANP,0.5017389
TNFRSF10C,0.5017198
NPRL2,0.50167686
GBP1,0.50166404
RASL10A,0.5016582
MRM1,0.5016165
KCNC3,0.5016087
PCDHGA6,0.5015878
PTGS1,0.5015814
LHX6,0.5015746
GRAP2,0.501556
IL17RB,0.5015547
NMI,0.5015401
PLCH2,0.50153124
MPP1,0.5014944
WDR31,0.50149167
TBX2,0.50148135
KRT17,0.5014472
PIP5KL1,0.50144225
N6AMT1,0.5014401
KLHL11,0.50142765
PEX11A,0.5014228
IL17RC,0.5014141
SECTM1,0.50141335
NGFR,0.50138754
OPRL1,0.5013854
NMB,0.501383
IFNGR1,0.5013692
MTRF1L,0.50135607
GIMAP8,0.5013457
IER3,0.50132763
TLR4,0.5012955
MANEA,0.50127316
KTI12,0.5012695
LIF,0.5012592
NRN1,0.5012507
HSPA1B,0.5012432
PSD,0.5011811
NHLRC3,0.5011518
RDH5,0.50111
ZNF773,0.50109565
TNFRSF25,0.5010311
HSPA6,0.5010238
KIF27,0.5009543
MSR1,0.5009453
NRL,0.5009444
PCDHB10,0.5007938
MST1R,0.50078404
SCN1B,0.50077724
PCDHB3,0.5007743
NIPSNAP3A,0.5007682
PANX2,0.500768
PLAT,0.50076306
STAT4,0.50076145
NPL,0.5006826
PILRA,0.5006331
SCIN,0.5005945
OASL,0.50055164
SLC44A4,0.5005514
RAB32,0.5005087
RUNDC3A,0.5004908
ZNF354C,0.50049
TXK,0.50044525
THBS2,0.50044054
RNF113A,0.500439
LFNG,0.5004206
PHKG1,0.5004107
HSPA1L,0.50039256
LYPD3,0.50038165
HSD11B1L,0.50033206
PNPLA7,0.50032836
PTGER2,0.5002735
SRPX2,0.5002307
KCND1,0.5002109
SYCE2,0.5001975
KREMEN1,0.5001748
RHOJ,0.50016606
SDSL,0.5001207
KRT5,0.50009936
ZNF709,0.50006205
PLXNB3,0.50005215
ZNF467,0.49998057
PLCD1,0.49994433
OPLAH,0.49981892
RORC,0.49980232
MYLK4,0.49979636
SCNN1D,0.49975723
PTPN22,0.49973837
MOCS1,0.49965096
TMEM17,0.49963704
NEB,0.4994696
MED11,0.49944854
USHBP1,0.49944854
NLRP3,0.49931306
LRFN3,0.49927673
TNFSF13,0.49914685
LRP2BP,0.49910492
PDE4C,0.4990909
PTPRO,0.49908984
PDXP,0.49904552
ZNF836,0.49868336
RASD2,0.49862254
NT5E,0.4985361
SWSAP1,0.49850756
NR5A2,0.498094
TLR3,0.49801084
RNF125,0.49770236
RASGEF1A,0.4975569
ING2,0.49737287
