Gene Name,Score
ACTR10,0.9098346
ALKBH8,0.90787154
ANP32A,0.90671253
ALDH3B1,0.90602773
ALMS1,0.90589994
AGPAT1,0.9056606
ARHGAP44,0.90525705
ACTG2,0.90524006
AHCYL1,0.9052237
ADCY3,0.9051918
ARHGAP39,0.90518856
AKR7A2,0.9051086
AGO4,0.90509737
AGO3,0.9049801
AFTPH,0.90482754
AKAP1,0.90452933
ADCY5,0.90439373
ANAPC7,0.9041552
AP3B1,0.90403134
ALDH7A1,0.9038696
ALDOC,0.90351605
ARFGEF1,0.9034158
AURKAIP1,0.90330267
ALDH1A3,0.9030707
ANXA7,0.9030372
AP2S1,0.9027703
AIFM2,0.9027598
ADNP,0.90269846
ARHGEF37,0.9025783
ANTXR1,0.90247595
AMY2B,0.9024222
ANO10,0.9022047
ANXA6,0.9021993
ARPC5,0.9021219
ARFGAP1,0.9020823
ANXA5,0.9020574
ARL14EP,0.9020486
ACTR3,0.9019889
AHNAK,0.9018155
APAF1,0.90159464
BOLA3,0.90156144
ACTR6,0.9015497
APOBEC3C,0.9015368
AP1G2,0.9015
ATP7A,0.9014495
ANAPC4,0.90135616
BAZ2A,0.9013314
APPL1,0.9013137
APBB1,0.9012247
BCKDHB,0.9011834
ARHGAP24,0.9010845
AP1G1,0.9009793
AKT1S1,0.90095055
ARHGAP32,0.9008104
ADAM17,0.90077686
ATRN,0.9007576
ANKRD27,0.90071833
ATP6V0C,0.90050155
AGPS,0.90042794
ARHGEF1,0.9003795
ANXA2,0.900369
BCAR1,0.9002825
ALDOA,0.90027225
ASPM,0.90025395
ASH1L,0.900205
ARPC4,0.9001996
ARIH1,0.90008414
CBLL1,0.9000676
ATG16L2,0.8999232
AP5Z1,0.89987
ATXN1,0.8998095
AIMP1,0.8997316
ARPC1A,0.89970833
ATAD5,0.8996683
ANLN,0.89956284
ARAP2,0.89949405
AREL1,0.899423
ATG4A,0.8993661
ADD3,0.89933217
ATP2B1,0.89920634
ARFIP2,0.899203
CARD10,0.8991412
ANK3,0.89913976
ARF4,0.89910245
ANAPC5,0.89908177
ARHGAP29,0.8990695
AHCYL2,0.89905727
ATF7IP,0.8989105
ASPH,0.8989041
AP1S3,0.89885294
ANGEL2,0.8988109
CCNB1,0.8987962
BTBD2,0.89875454
ARHGAP30,0.8986389
BBS9,0.8986257
AP3S1,0.8985859
ATP8A1,0.89856243
ATP13A2,0.898523
ATP1B1,0.8984833
ARF5,0.8983827
ARIH2,0.89834815
ADK,0.89832026
ATP2B4,0.89829946
ARHGAP21,0.89807034
BATF,0.89802706
ALYREF,0.89801157
ATP1B3,0.89800984
AKAP13,0.8980006
ADPGK,0.8979695
ARPP19,0.8979496
ARRDC3,0.89790916
CBX6,0.8978776
ARCN1,0.897765
BET1,0.8976739
APTX,0.8976081
CACYBP,0.89757687
BTBD3,0.8975665
BANF1,0.89756197
ATP6V1H,0.8975451
ANAPC15,0.8975269
BTRC,0.8974343
ANKLE2,0.89742815
ATG10,0.89737886
ARHGDIA,0.8973473
ARHGEF3,0.8973211
ALG5,0.8973114
ARHGDIB,0.89728904
ATP6V1G1,0.8972697
APLF,0.8972442
ASAP2,0.8972313
AK2,0.8971634
ARF1,0.8971229
BTBD1,0.8970319
ATP2A2,0.897017
AZIN1,0.89696753
CDK13,0.89693666
ARRB1,0.89676356
ARL4C,0.8966956
ATXN10,0.8966386
ARAP1,0.8966206
BBS10,0.89658844
ALDH1B1,0.8965212
B4GALT1,0.89648515
ARF3,0.89642996
ARHGEF11,0.8964178
BANP,0.8963562
BDP1,0.8963556
BCAS3,0.8963454
ARG2,0.8962981
CTSF,0.8962402
ALG9,0.89617956
BCKDK,0.89615494
ATG13,0.8960824
ARF6,0.8960428
ARHGAP17,0.89602363
BID,0.89599603
CALM2,0.8959794
APP,0.89589655
BAG6,0.8958101
ALG8,0.8957801
APH1B,0.89573765
ARHGAP6,0.89570063
ASB1,0.89567363
BNIP3L,0.8956655
ARFGEF2,0.8956192
AUP1,0.89559686
AP2B1,0.8955179
BACE2,0.89549243
ACOT8,0.8954758
ATF6,0.8954676
ASGR1,0.89543504
AHSA1,0.8954083
ALPK1,0.89539915
ASNS,0.8953984
ASCC1,0.89521235
ATXN7L1,0.89520425
BZW1,0.8951962
CD109,0.8951813
C1QBP,0.8951435
ATAD3A,0.8951382
APIP,0.89512485
ARHGAP10,0.8950297
BRD2,0.8950238
AIMP2,0.89495933
AHCY,0.89494306
ALDH18A1,0.8949114
AP4B1,0.8948438
ADCY1,0.8947871
AP3D1,0.8947839
ANP32E,0.8947744
BUD13,0.8947241
CA2,0.8947117
BCCIP,0.89460033
AK4,0.8945878
ASS1,0.89455336
ATF4,0.89447963
CLHC1,0.89435315
BAHD1,0.89432746
ASAP1,0.8943251
ADIPOR1,0.8943157
BIN1,0.89431363
ARRB2,0.89426434
CDK17,0.8942445
ANKRD44,0.89423245
CBX3,0.89423096
ACTN1,0.89423054
ATP11A,0.8941718
BAIAP2L1,0.8941653
CEP72,0.8941637
ATP1B2,0.89416206
C12orf65,0.89415634
CCT6A,0.89408886
CANX,0.8940268
CAB39,0.89400977
ANAPC16,0.89399135
CD55,0.8939883
BACH1,0.89397997
ALKBH1,0.8939553
CCNG2,0.8939524
AGPAT3,0.8939362
AKR1A1,0.89393544
BIRC2,0.89391375
AMDHD2,0.89391124
ARNTL2,0.89389175
BCAP31,0.8938768
ASB6,0.8938719
AP3M1,0.8938402
ARL8B,0.8938024
BRAP,0.8937965
CAPG,0.8937892
CALU,0.89376503
ARPC2,0.8937274
ATXN3,0.8937048
ATF2,0.8936389
CAPZB,0.8936045
CAMK2D,0.8935954
ARHGEF18,0.8935702
APOOL,0.89356506
CDK19,0.8935187
CAP1,0.89351356
ALG6,0.8934892
CDCA8,0.8933669
CCT7,0.8933526
BMF,0.8933454
CDC20,0.89328575
BCKDHA,0.8932126
CELSR1,0.8931702
AP4S1,0.8930572
CD99L2,0.8930398
C11orf49,0.8930141
BUB3,0.8929772
C2CD3,0.89296997
CABIN1,0.8929613
AGPAT5,0.8929609
CAPNS1,0.89295256
BRK1,0.8929075
AMMECR1,0.89290684
ATP6V0B,0.89289546
BRD9,0.8928905
ANKFY1,0.8928758
CDR2,0.89286286
ARL2,0.89284515
DDHD2,0.89283687
CARS2,0.89277637
BMP1,0.89272106
BRD1,0.89271176
CCNG1,0.8926953
ANKZF1,0.89255977
ATP6V1A,0.8925565
ANP32B,0.89252824
ARHGAP31,0.8925257
ATP1A3,0.8924597
AUH,0.89245135
CD200,0.89242977
BICD1,0.89240247
ATN1,0.89236134
CHRNB1,0.8923081
CDC42BPA,0.89223844
CACNA2D1,0.8922248
ARHGAP11A,0.89221364
CALD1,0.8921634
CAMK1D,0.8920955
CHD9,0.89205486
CLN3,0.8920066
AQR,0.89195156
CD81,0.89192563
BOP1,0.8918643
ATG12,0.891844
BTAF1,0.8917949
ATG4B,0.89178145
ARPC1B,0.89177704
CAPN15,0.891719
AKAP10,0.89170605
CCM2,0.89166856
CCNT1,0.8916286
BNIP3,0.89156806
CBFA2T2,0.8915234
CLK3,0.89145994
CCT5,0.89139676
ALAS1,0.89139557
ATXN2L,0.89135844
BYSL,0.89134353
BRCC3,0.8913342
ATG9A,0.8913228
BLVRB,0.89131856
ARHGEF26,0.8913035
CBR1,0.89124954
BTF3,0.89121646
CENPP,0.8911474
CCAR1,0.89103526
CASP2,0.8909924
CERS5,0.8909116
CAPZA2,0.89088804
CDK2,0.8908866
BIRC5,0.89088285
AP2A1,0.89083713
CHN2,0.89080024
CCNY,0.89078814
ATAD2,0.8907746
CAND1,0.8907469
CCT8,0.89072883
BMPR2,0.8907145
CDK5RAP2,0.89062583
BMS1,0.8906202
BTN2A1,0.89061165
CELF1,0.8905826
APOE,0.8905819
ATG4D,0.8905819
CDC37,0.8905727
ARHGAP18,0.89057136
BUD31,0.8905626
AMOTL1,0.89056146
CCNF,0.8905373
CHST12,0.8905158
COPE,0.89044905
CCT2,0.8904355
CDCP1,0.89042455
CCNYL1,0.89039034
APPBP2,0.89037323
CCNH,0.89035994
ARFGAP3,0.89035976
CHID1,0.8903265
BPTF,0.89031315
CHD7,0.8903012
B4GALT2,0.8902771
ALPL,0.8902644
ATP8B4,0.89024806
CASK,0.8901794
CD52,0.8901633
ATP11B,0.8901546
AHCTF1,0.89015055
ARL2BP,0.8901293
CAPZA1,0.8901042
CALM1,0.89008915
ALG14,0.89002144
CCDC59,0.8900162
AHRR,0.8900025
BTN3A2,0.8899742
CDON,0.88995594
BLOC1S2,0.8899424
AMPD2,0.8899277
BLOC1S6,0.88990813
CCDC136,0.8899058
ARHGAP12,0.88989806
CCDC80,0.88988155
CLINT1,0.88985634
CDC25A,0.8897993
BAG3,0.8897533
BRIX1,0.8897493
CCDC88C,0.88972026
CHCHD2,0.8896965
CFDP1,0.8896685
BRWD1,0.8896684
BCL7C,0.8896493
BIRC6,0.88964117
CHCHD3,0.889606
BCAT1,0.8894747
CCDC115,0.8894724
CDC25C,0.88944995
CDS2,0.8894477
ARL1,0.88941497
BFAR,0.88941306
ACTR8,0.8893858
ATF6B,0.889383
CBX4,0.88933206
CDK16,0.88929987
CIB2,0.88927597
CHD3,0.88924915
CABLES1,0.8892382
CMTM4,0.8892334
CDC42BPB,0.8892301
ARAP3,0.8892187
CLSPN,0.8891626
CBY1,0.8891591
ARHGAP25,0.8891201
COPS7A,0.88911057
BHLHE40,0.88907486
CENPJ,0.8890702
COQ9,0.8890398
CD48,0.8888813
CFL1,0.8888756
CEP250,0.8888514
CLK1,0.88884926
BAIAP2,0.8888235
CELSR3,0.88881963
ATG16L1,0.88881487
CCDC86,0.8887766
C1GALT1,0.8887717
C2CD2,0.8887504
ASPHD1,0.88875026
CHD1,0.8887413
CAPRIN1,0.8887293
CACNB3,0.8887262
AP3S2,0.8887047
CDK5RAP3,0.8886901
COA1,0.8886409
AMOT,0.8886388
ASCC2,0.88863784
CCDC93,0.8885624
ASB13,0.8885455
ASAP3,0.8885407
AP1M1,0.8884924
B3GALNT1,0.888462
APLP2,0.888446
CDK14,0.888427
ATPAF1,0.8884189
BRD8,0.88841623
ADAR,0.88840425
CALCOCO1,0.88838357
BRWD3,0.8883116
BPNT1,0.88822937
CLTA,0.8882225
ARL8A,0.88821274
ADAMTS5,0.8881948
COL18A1,0.8881817
CDC42EP4,0.8881579
CIR1,0.8881403
CKAP2L,0.8881002
CAST,0.8880815
BSG,0.8880806
CD46,0.88804245
CAMK4,0.88799536
BAG5,0.8879854
CD2AP,0.88798237
BICD2,0.88796717
CD47,0.88796556
BAG4,0.8879649
CLCN6,0.8879246
CENPE,0.8878859
CHSY1,0.88783866
CNOT6L,0.88781756
CNTNAP1,0.8878065
COX17,0.8877266
CBX5,0.8876795
CEP57,0.88766205
CAPN1,0.8876443
CDC27,0.88763285
CMAS,0.8876274
COL12A1,0.8876048
CCDC12,0.88754475
B3GALNT2,0.88750184
CD300A,0.8874429
AMBRA1,0.887331
COPS8,0.88731843
CHKA,0.887294
CHCHD6,0.8872665
CBR4,0.88722944
CHM,0.8871826
ARSJ,0.88717747
ADAMTS7,0.88713664
CES4A,0.8871223
CCT3,0.8870873
CNOT11,0.8870402
COIL,0.8870376
COX6A1,0.88701576
CENPK,0.8869923
BLOC1S5,0.88697463
B4GALT4,0.8869744
CDK1,0.8869409
ARHGEF40,0.8869226
CBX2,0.88692075
CRY2,0.8868928
CCT4,0.8868773
CRY1,0.88687074
ATP6V1E1,0.8868656
ATG14,0.8868182
CERK,0.88680136
CALML4,0.8867981
ASAH1,0.88675815
CDCA2,0.8867499
CAT,0.88673425
COG7,0.88667464
CCDC91,0.88664466
CDH5,0.8866171
BECN1,0.8866086
ACOT7,0.8866055
APOO,0.88659847
BPGM,0.88659275
CEP350,0.88657963
CDCA7,0.88653284
CCNK,0.8865264
ATP6V0A1,0.8865143
ARHGAP9,0.8864343
CHTOP,0.88642824
CLASP1,0.88640773
CKAP2,0.88633776
CEP55,0.88632417
CPNE3,0.88626665
B9D1,0.8862618
CPNE1,0.8862579
CPSF4,0.8862433
ARHGEF15,0.88623744
CMSS1,0.8862195
CERS6,0.8861977
CDYL,0.8861957
CHAF1A,0.8861077
CEP135,0.8861047
CENPI,0.8860979
CHERP,0.8860609
CNOT10,0.88605696
DHX32,0.8860397
C5AR1,0.88594234
CDKL5,0.8859185
CNOT4,0.8859108
COG5,0.8859003
CALCOCO2,0.88587743
ALDH9A1,0.88586855
CLIC1,0.8858603
CD83,0.8858503
CDIPT,0.8858501
CDC34,0.88582504
CEP170,0.8858199
CD320,0.88580924
CTSB,0.88577497
COMMD1,0.88574976
COL5A1,0.8857131
APBA1,0.8857118
APPL2,0.88569504
AFMID,0.8856853
DCAF6,0.8856794
CMTR1,0.8856714
CCNA2,0.8856274
ACTR1A,0.88555795
CDC40,0.88554215
CAMKK2,0.88553536
AHI1,0.88552344
CARF,0.88552207
CAPN2,0.8855005
ACTR2,0.88542944
COA5,0.8854257
COPZ1,0.8853896
CAP2,0.88530153
CADM1,0.8852785
CHSY3,0.8852685
API5,0.8852464
CMPK1,0.8852313
CEBPZ,0.8852174
CENPM,0.8852153
COX7B,0.88518125
CLCF1,0.8851789
ATP6V0E2,0.8851562
CLSTN1,0.8850598
BOC,0.88505167
COPS6,0.88503885
CHMP6,0.88501036
AP2M1,0.88500345
CLNS1A,0.88498104
ADAMTSL4,0.88497275
C17orf75,0.88490963
CDC5L,0.88488334
CEP192,0.8848756
BCS1L,0.8848527
B3GNTL1,0.8848351
B3GNT2,0.8847983
COL4A6,0.8847885
BLOC1S4,0.8847201
ALS2,0.8847
CTPS1,0.8846564
CTNNBIP1,0.88465196
AMOTL2,0.8846399
CLIC4,0.8845867
CACNB2,0.88458437
DCTN3,0.8844783
CIAO1,0.88439846
CDH6,0.8843847
ATP6V0A2,0.8843829
CHMP4C,0.88430774
CNOT8,0.8842376
CD2BP2,0.8842295
ASL,0.88422173
COL4A5,0.88419384
CAMKK1,0.88419366
CMYA5,0.8841104
CIT,0.88410634
CHRAC1,0.8840646
CNN2,0.88404673
CNN1,0.8840265
CKAP4,0.883983
CREBRF,0.8839302
BUB1,0.8839167
CUL1,0.8839166
CDC25B,0.8839031
AGTRAP,0.8838893
DDX18,0.88388884
COX10,0.88386714
DYNLT3,0.8838443
COPB2,0.88383424
DCTN4,0.8838253
CD9,0.88377357
ARSG,0.88377094
DERA,0.8837664
C2CD5,0.8837651
ATPAF2,0.88371414
CTDP1,0.8836232
BCAT2,0.8836211
ARL3,0.883613
ALG12,0.88357687
CSGALNACT1,0.88354677
CLASP2,0.8835036
CERS2,0.883469
CHMP2A,0.8834633
DDX54,0.88339996
CENPL,0.8833969
CSTB,0.88335985
CNOT6,0.88334835
CERS4,0.88332677
COBLL1,0.8832619
CCZ1,0.883261
CEPT1,0.8832435
CDK2AP1,0.8832333
DAPK2,0.8832254
CHMP3,0.8832247
CENPF,0.8832058
ABCB10,0.88319963
CACNA1C,0.8831382
ANKRD28,0.8830854
BLCAP,0.88306075
B3GAT3,0.88303477
CEP78,0.882978
CPSF7,0.88286304
B4GALT3,0.88285786
CHFR,0.88281846
ASRGL1,0.88280565
ATG2B,0.8827994
CDH24,0.8827964
CNNM2,0.88278425
CSNK1A1,0.88277453
ATP8B1,0.8827453
AADAT,0.882703
ALCAM,0.88267106
DPM1,0.88264483
CENPO,0.88263834
COPA,0.8826378
CCNT2,0.882633
CCNB2,0.88262415
BTF3L4,0.88253814
CCDC97,0.882529
CREB3L4,0.8825228
CDH23,0.8825042
CHP1,0.8824736
DYNC2LI1,0.88239413
CD86,0.88235974
CHMP2B,0.88235956
CDS1,0.8823461
COG1,0.8822826
ACTR3B,0.88224596
BAZ1B,0.8822315
CBX1,0.8822008
CCNL2,0.88219976
FDXR,0.8821808
DDX28,0.8821748
DCTN2,0.88215846
CHAF1B,0.88214123
BFSP1,0.8821027
CPSF3,0.8820631
CLPB,0.8820454
BAK1,0.882019
BRF1,0.881979
BTD,0.88184714
CNIH1,0.88183415
CDCA5,0.88182664
BIN2,0.88181126
DCAF10,0.8817512
DNAAF2,0.88175035
CKAP5,0.88172203
ADSL,0.8816994
CORO1C,0.8816832
CNTLN,0.8816425
CSTF3,0.88160896
APBA3,0.88160163
CLDN4,0.8815859
BMP2K,0.88158375
CEP152,0.88157374
ANXA1,0.88156635
COL9A3,0.88155234
DDIT4,0.8815216
ATG4C,0.8814836
CSTF2,0.8814791
ARNTL,0.8814599
EPC2,0.8814548
C2orf49,0.8814477
DERL1,0.88143206
COG3,0.8813975
AIFM1,0.8813826
CRELD2,0.8813493
BSCL2,0.8813307
CPEB4,0.88131833
ARHGEF2,0.88123775
CPE,0.8812332
COL4A2,0.8812267
DOLK,0.88119817
COL7A1,0.8811639
BLVRA,0.88111955
BEND3,0.88110214
DBF4,0.8810807
CACNB1,0.8810592
BBS2,0.88105506
CDK11A,0.88105303
DENND3,0.88101006
CTBP2,0.8809827
CWC15,0.8809718
CPD,0.8809688
COX7A2L,0.88085735
COPS3,0.8808396
COL8A1,0.88082445
COMMD6,0.8808135
ARHGEF19,0.88081175
AZI2,0.8807547
ASIC1,0.8807423
DENND4C,0.8807042
COPS5,0.88067544
CTBP1,0.8806134
CAMK2G,0.880522
CCP110,0.88048357
CDKN2AIPNL,0.8804764
APOBEC3G,0.8804648
DNAJA3,0.88044864
CPEB2,0.88043827
BRPF1,0.88043076
CD53,0.8804208
CD63,0.8803157
CCS,0.8802999
ACAT2,0.8802802
CDKN2AIP,0.88026524
CYTH3,0.8802481
CENPN,0.88023716
ADIPOR2,0.88023263
BCL7B,0.88022524
ACOT11,0.8801856
CNOT1,0.88012034
AP2A2,0.8801118
DECR1,0.8800673
ENGASE,0.88003635
CTDSP2,0.88003516
CENPH,0.88002837
CYC1,0.8800148
C1D,0.8800057
ATP6V1C1,0.87999177
CHML,0.87995285
DGKI,0.87992734
ASB7,0.8799211
CPEB3,0.87991464
CPT1A,0.87991446
AMPD3,0.8798913
CDC16,0.879884
CRABP2,0.87987936
CXXC1,0.8798411
CTTNBP2NL,0.879729
AP5M1,0.8796589
BLZF1,0.8796028
CUBN,0.8795942
C1R,0.8795502
COPB1,0.8795358
CLDN12,0.8794924
ECD,0.8794547
ATOX1,0.8793933
ANO6,0.87937707
ABCD1,0.8793638
DYNLT1,0.87921435
CIAPIN1,0.8792025
COMMD5,0.87918675
CWC22,0.8791863
AVL9,0.8791785
CSNK1G1,0.8791683
CIB1,0.8791356
CEP164,0.8791093
COL4A1,0.87905616
DHRS4,0.8790357
CDCA3,0.87898433
DLAT,0.8789749
CPSF6,0.8789649
CYB5R3,0.87893844
ASF1B,0.8789137
COPG1,0.87886864
COTL1,0.8788181
DDX39A,0.878813
ATP8B2,0.8787795
CLEC2D,0.8787706
CRMP1,0.8787677
DISP1,0.8787545
DCAF15,0.87869734
ACOT1,0.8786924
ACSM3,0.87867624
CEP120,0.878586
C17orf49,0.8785649
DNAJC5,0.8785334
DDX31,0.87851584
DCPS,0.8785092
CRK,0.87850237
ACSS1,0.87846047
DPH6,0.87845945
ALG13,0.8784019
CAPN7,0.8784008
CCDC174,0.87837845
DUT,0.8783698
CSTF1,0.87831736
CFLAR,0.8783084
ARHGEF25,0.8782841
DTX3,0.87827903
ACE,0.8782785
BRPF3,0.8782782
CHMP4A,0.87827444
DNAJC1,0.87823856
CRTAP,0.8782245
COL5A2,0.87821597
CSNK1E,0.8782153
CSTF2T,0.87820673
ACIN1,0.8781681
CNOT7,0.87812954
CLK4,0.87812436
DVL1,0.8780863
CTIF,0.8780862
DNAJA4,0.8780687
COX5A,0.8780613
CC2D2A,0.877988
CHCHD5,0.87796986
CSNK1D,0.87795943
CHCHD10,0.877958
DUSP14,0.87791735
COPS7B,0.8779132
CDC37L1,0.8779093
CTSH,0.87790906
ACP5,0.8779037
CPT2,0.8778941
DCUN1D2,0.8778709
CMTM6,0.87784624
ACP1,0.8778024
COG2,0.87774456
COL27A1,0.87773293
CS,0.8776836
CRADD,0.87767565
DHODH,0.8776536
DRG1,0.8776358
ATP6V1D,0.8776026
DGAT1,0.8775629
CSNK1G2,0.8775001
CHTF18,0.87735504
DAZAP2,0.8773546
BTN3A1,0.8772901
FRK,0.8772738
DSG2,0.877264
CLOCK,0.8772562
CHMP1B,0.8772529
DENND4A,0.8772135
CETN2,0.877195
CENPT,0.8771924
DDB1,0.8771824
ARHGEF9,0.877178
GGT1,0.87714255
CYP2U1,0.87713045
CHD1L,0.8771252
CSPP1,0.87709945
CASP4,0.8770295
CDR2L,0.8770067
CCNL1,0.8770014
ACOX2,0.8769939
DAAM1,0.87698895
DAB2,0.8769126
CCR7,0.8768855
CATSPER2,0.87685245
COPS2,0.8767728
DOCK2,0.87674266
BLOC1S1,0.876741
EFTUD2,0.87673634
CRYZ,0.8767253
CLN8,0.8766995
DNAJA2,0.8766695
CORO1A,0.8766661
DDX52,0.87664
COL1A2,0.8766308
AGRN,0.87659967
CCNDBP1,0.8765883
CABYR,0.8765806
CITED2,0.8765548
DDX42,0.87654424
CYSTM1,0.8765101
B4GALT7,0.87645495
DDX56,0.8764445
COA6,0.8764198
CGNL1,0.876374
COLQ,0.87632823
CYBA,0.8762936
DGKQ,0.8762753
EIF2B4,0.8762695
DDX27,0.8762545
ATF7,0.8762336
CPSF1,0.8762334
ARL6IP5,0.8762273
DCP1B,0.8762145
ANAPC2,0.8761781
CAMLG,0.8761584
ARHGAP11B,0.876157
AGFG1,0.8761275
DENND5B,0.8761131
CYB5B,0.87610304
DYRK2,0.8760936
CTSA,0.8760934
DAP3,0.8760587
CTC1,0.8760505
CHORDC1,0.8760092
C17orf80,0.8759465
COASY,0.8759455
CWF19L2,0.8759263
CTPS2,0.875838
CSE1L,0.87580353
ADAM19,0.87579465
DHX9,0.8757906
ANO9,0.87577313
ACD,0.87577
ATL1,0.87575924
CEP290,0.8757539
COX20,0.8757384
ELK1,0.8757138
ACER2,0.87570524
DRG2,0.87564296
DDX1,0.87555736
CTH,0.8755499
DHDDS,0.87553835
AKR1C2,0.87553257
CEBPB,0.8755175
DPH2,0.87544346
DHRS3,0.8754073
APBB2,0.8754018
ARSD,0.87537795
DDX17,0.8753585
CKS2,0.87533915
DHPS,0.87529624
CEP70,0.8752575
CUL9,0.8752237
ABTB1,0.8752015
ARSK,0.8751952
CDK9,0.87518525
DNAH17,0.87516636
DCP1A,0.875166
DCAF7,0.87516373
DCAF11,0.87512773
COL15A1,0.8751188
ADAM28,0.8751065
CTSD,0.8750989
ADAMTS13,0.8750907
CHPF,0.87504977
ENO3,0.87501335
CACNA1H,0.87501293
DBI,0.8749719
CDC6,0.87496215
ALG1,0.87494093
DFFB,0.87478656
CWC27,0.8747766
DHX36,0.8747756
CLCN7,0.8747121
DNAJC3,0.87470835
AKAP9,0.8747052
DERL2,0.874697
ARL13B,0.8746487
DCAF8,0.874634
DR1,0.8745487
ATG3,0.8744618
AMFR,0.874431
CNDP2,0.8744299
CYTH1,0.8743365
CCNE2,0.87433475
CEP41,0.8743344
CNPY3,0.87431943
DALRD3,0.8742302
CDK11B,0.87417793
CNNM4,0.8741752
CTU1,0.8741628
CLPP,0.874122
ADAM12,0.87405086
CPSF2,0.8740098
CYP2R1,0.8740034
GET4,0.8738791
CABLES2,0.8737644
DNAJC11,0.8737584
COQ4,0.87375146
ARMC8,0.8737053
DGKZ,0.873703
DPCD,0.8736521
CTNNBL1,0.8735933
CHMP5,0.873564
DENND1C,0.8735227
CREM,0.87349194
ADAMTS14,0.87345093
CDC14B,0.87343746
EFNA1,0.87342066
ACAA1,0.8734123
E2F5,0.8733634
CDT1,0.87335634
CLIP2,0.87331307
ADAMTS2,0.8732372
CASP7,0.8732336
CUL5,0.8731761
ARFGAP2,0.8731541
CD40,0.87314826
ALDH3A2,0.8731134
DNAJA1,0.8730997
DIDO1,0.8730682
CYP2S1,0.8730406
CTDSPL,0.87293494
DNMBP,0.8729343
DDOST,0.8728685
GMIP,0.8728413
DCTN5,0.8727799
ADAMTS9,0.8727166
CASP10,0.8726747
CWF19L1,0.8726254
DHX15,0.8725892
DENND6A,0.87257546
DOCK7,0.87254506
CTSL,0.8723768
ADRM1,0.8723618
DCP2,0.87235105
BOLA1,0.87233573
CNIH3,0.87224644
ACACB,0.8722029
CSPG4,0.872186
DDX39B,0.8721704
EXOSC8,0.8721062
CSGALNACT2,0.87209505
EARS2,0.8720798
ABR,0.8720274
DCAF12,0.87200546
EGLN3,0.8719748
ACADVL,0.8719725
DOCK8,0.87189686
COL24A1,0.8718968
ESF1,0.8718865
EBNA1BP2,0.87183625
CKLF,0.8717819
DOCK10,0.8717813
DDX21,0.8717217
DVL3,0.8716947
CFL2,0.87169003
ETFA,0.87168986
DYNC1LI2,0.87167543
DPY30,0.8715619
ABCF1,0.87149554
DMXL2,0.8714125
ACOT2,0.87139225
DIAPH3,0.87138116
ARHGAP4,0.8713483
DVL2,0.8713146
DGKH,0.87126595
CUL7,0.8712352
ACAA2,0.87123495
FCGRT,0.8712121
CRTC2,0.8711863
ACAT1,0.871167
DENND1A,0.8711665
DDX24,0.8711447
DNA2,0.8710804
FAM160A2,0.87105227
ACTR1B,0.8710372
D2HGDH,0.87100786
GABPA,0.8709596
BIN3,0.87092865
CXADR,0.870914
CTDSP1,0.8708253
CLDN15,0.8708057
DNASE2,0.8707903
CNNM3,0.8707847
ELOVL5,0.8707838
CORO1B,0.87076414
B9D2,0.870726
BDKRB2,0.8707145
CLPX,0.8707098
DST,0.8705681
FOXP3,0.8705502
CBX7,0.87044686
DHX8,0.87040734
BBS7,0.8704007
DNAH1,0.87034065
COX18,0.8703338
DBF4B,0.8703197
ARL6,0.8702809
CYB5R4,0.87027997
CENPB,0.8702752
DHCR24,0.8702504
AFG3L2,0.8702095
DYNLL1,0.87019664
COG4,0.8701964
ADM,0.87019485
DYRK1B,0.8701757
ADAM23,0.87012166
ECE1,0.87009853
DIAPH2,0.87004673
DNM1,0.87004614
DNAJB11,0.870037
GADD45G,0.8700193
EHD2,0.8699908
EIF2AK1,0.8699708
CREG1,0.86996436
DGKD,0.8699608
ACAD8,0.86992764
DDX19A,0.86987156
DIS3L,0.86982787
DAPK1,0.8698034
DERL3,0.86976844
ACSS2,0.86962646
DNAJC13,0.86957246
ACSL4,0.8695154
DDX50,0.86950386
COX6B1,0.86942554
FMO4,0.8693994
DMPK,0.8693644
DDX23,0.86934644
DIS3L2,0.8693404
ADAM22,0.8693294
GADD45A,0.869325
EEF1B2,0.8693246
DOCK5,0.8693151
BCAS2,0.8692815
BRF2,0.8692691
ACOX3,0.86925167
AGPAT4,0.8692455
DENND2C,0.86923957
DDHD1,0.8692235
CTTN,0.86917555
CASZ1,0.86913776
DCUN1D5,0.8691173
DTX4,0.8691059
ENPP1,0.8690454
E2F8,0.86903906
EEFSEC,0.86902565
DSN1,0.8689846
DDA1,0.86892533
DOK4,0.8688496
CREB5,0.86883354
DLGAP4,0.8687496
AGL,0.8687159
CDK7,0.8686972
DHRS1,0.86869574
DLG1,0.86866826
C7orf26,0.8686609
CUL2,0.8686089
CETN3,0.86850494
ASB8,0.86841017
CSK,0.86835366
FAM83D,0.8682484
DCTPP1,0.868238
CSNK1G3,0.86821246
CHUK,0.86809826
ALKBH3,0.868075
ACLY,0.8680213
DDX46,0.8679278
CLDN7,0.8679086
CEP76,0.8678863
DCAF16,0.86788344
DNAJC15,0.8678722
DHTKD1,0.8678338
DSP,0.86780435
COL6A2,0.8677905
AGER,0.8677064
ACTL6A,0.8676115
ECH1,0.86761135
DACT1,0.86759216
AKAP5,0.8675815
AGA,0.8675313
C6orf120,0.867528
DENR,0.86748457
DEPDC5,0.86747605
ECHDC1,0.8674733
ADAMTS10,0.867433
EXOC2,0.867411
ARNT2,0.8673921
CHST14,0.8673838
DEPDC1B,0.8673555
EEF1A1,0.8673459
CYFIP1,0.8673358
DHRS11,0.86732423
EEF1D,0.86722934
DHX33,0.86722773
ELAC2,0.86718327
ACYP1,0.86695963
F8,0.86695015
DISC1,0.86694163
DPYSL3,0.86691165
EME1,0.8668837
EDIL3,0.86683154
DNAJC9,0.8668052
CAPN10,0.86679465
DTNB,0.8667383
ANO1,0.86661285
DCAF5,0.86658984
EFEMP1,0.866575
ACOT13,0.8665513
EIF3H,0.866542
DHX35,0.8664989
ARHGEF4,0.8664901
ADI1,0.8664853
ENTPD4,0.8664448
DLG5,0.86638784
EXOSC7,0.8663641
ESPL1,0.866355
AP1S2,0.86634815
EEF1G,0.8662972
ADA,0.8662836
EPB41L2,0.8662515
DHX16,0.8662293
EIF2A,0.8662221
AKR1C1,0.86614525
DOCK4,0.8660879
EHMT2,0.8660646
DOCK11,0.86602384
ADRA2A,0.865999
GNE,0.8659944
DUS1L,0.86594486
ADAMTS1,0.8658139
DIAPH1,0.8657786
P4HA3,0.86577517
DNAJB6,0.86575925
AK1,0.86575
CHMP4B,0.86574405
EAF1,0.86572754
COPS4,0.86568767
ALAD,0.865686
EVI5,0.86565304
DHX37,0.865643
DLG3,0.8655913
B3GNT7,0.86557764
EHD1,0.8655719
EIF3L,0.86553943
COG6,0.86550957
FMNL2,0.86540574
GPAM,0.8653535
GFPT1,0.8653065
CDK20,0.86527276
CHST15,0.8652098
ERAL1,0.86520135
DDX11,0.8651642
EPHX2,0.86515045
DNAJB4,0.8650976
DUSP6,0.86504966
CPOX,0.86504734
EPN2,0.8650425
EIF2B2,0.8650097
AKR1B10,0.86497116
AGPAT2,0.86493707
CORIN,0.8649048
CD68,0.86489314
ELAVL1,0.86486435
FUCA2,0.864863
ANAPC1,0.8648282
DFFA,0.8647915
AKTIP,0.86477363
AIF1,0.86476976
DNAJC10,0.8647349
DHCR7,0.8646894
CHPF2,0.86467665
ECHS1,0.86458445
CCDC106,0.86454684
EBP,0.86453044
DGUOK,0.8645088
ADAMTS12,0.86448306
EEF2,0.86446166
FAM114A2,0.8643741
HOXA7,0.8643238
DMD,0.8641857
DSC2,0.86416245
CNOT2,0.86415356
DET1,0.8640322
GTF2E1,0.8640056
DCUN1D4,0.8639369
E4F1,0.86389375
EMC8,0.8638756
EIF2AK3,0.86385596
DCAF4,0.86374336
DNAH5,0.8637252
DHX38,0.8635894
FGD5,0.8635847
CEBPG,0.8635614
ACTN4,0.8635413
E2F4,0.8635327
ACADSB,0.86345947
GPR161,0.86341166
EXOC1,0.8634056
CENPC,0.86338526
EEF1E1,0.8632524
FPGS,0.8631985
DUSP16,0.86312515
EIF4H,0.86308163
FAM91A1,0.86302596
DNAJB14,0.8629937
DNAJC2,0.86295176
ERLIN2,0.862883
EYA2,0.8628484
EHMT1,0.86282223
ACSF3,0.8627248
DBT,0.862598
EAPP,0.8625747
ALDH5A1,0.86255616
COMMD2,0.86253065
CXXC5,0.8625014
EIF5B,0.86228395
GIT2,0.86223567
ALKBH5,0.86216956
GMPPA,0.86210895
EMC3,0.8620497
EXOC6,0.8620097
E2F2,0.86200106
EIF2AK2,0.8619132
DCLRE1C,0.8618892
FZD3,0.86187494
FBLN1,0.8617994
DYNC2H1,0.8617641
EIF4A1,0.8616524
EIF4A3,0.86163044
EHBP1,0.8615797
COQ5,0.8615446
GLYCTK,0.86139727
PADI2,0.86138976
DYSF,0.8613523
DPH1,0.86134154
CYFIP2,0.86133933
DDX19B,0.8613092
EDC3,0.8612932
HSD17B8,0.86115134
AKR1B1,0.8611246
F11R,0.8610363
COMMD3,0.86102664
ACAD9,0.8610214
ESRP1,0.861018
KCTD6,0.8609939
CPT1C,0.86098784
EXO1,0.8609867
FKRP,0.8609836
ERGIC3,0.8609642
CYTH2,0.86092424
GALNT18,0.8609106
EHHADH,0.8608968
DLG4,0.86087716
EIF5A,0.86085415
C1GALT1C1,0.86077404
ACSL1,0.86076784
ACVR2B,0.8607663
CMTM7,0.86070967
DYNC1I2,0.8605978
DTL,0.8605939
EXOC4,0.86047363
DNAJB9,0.8603931
EIF4G1,0.86039245
HAGH,0.86029136
ADAMTS4,0.8602815
FBXL4,0.86023366
EIF3I,0.8601763
FBXL18,0.86012757
CYCS,0.8600727
FARSA,0.86007047
FADD,0.8600263
FLNC,0.8599839
DUSP8,0.85988235
FBN1,0.8597826
FAM168B,0.8597625
ALG3,0.8597625
EIF4G3,0.85974467
GDF11,0.8595769
CMC4,0.8595647
FHL1,0.8595224
ANKRA2,0.8595204
GYG1,0.8594319
FBXW5,0.85935795
EVI2B,0.8593304
FARP2,0.85930187
DPF2,0.85921067
FXR2,0.85920125
COX11,0.8591764
EVL,0.85902506
FRMD6,0.8589889
GALNS,0.8589435
ENSA,0.85893154
ALKBH6,0.8589258
DMWD,0.85880226
ACBD3,0.8587982
ADAT2,0.8587739
EEF2K,0.8587592
GOSR1,0.85872424
ELF2,0.8586436
COQ10B,0.85864115
EPB41L5,0.858573
EIF4E2,0.8585516
DOLPP1,0.8585501
GCC2,0.8585419
EXOC6B,0.858423
EXOC3,0.85840136
GORAB,0.8583754
FLNB,0.85832065
ANO7,0.8582949
EEA1,0.8582812
DPH5,0.8582322
ENG,0.858186
DNAJC8,0.85816187
ADAM15,0.8581106
ADCY7,0.85809183
BMP2,0.8580497
ESRRA,0.8580312
ADPRM,0.85803
DDX51,0.8580248
DBNL,0.8580239
EI24,0.85800064
COL16A1,0.85776985
FECH,0.8576716
DGKA,0.85767114
EFNA5,0.85762024
ERI2,0.8575859
EIF3B,0.8575697
DAPK3,0.8575611
FBXO2,0.8575596
AGK,0.85754377
EIF2S3,0.85752875
DONSON,0.85750973
DPH7,0.8574946
COQ10A,0.8574778
ARL4D,0.85747695
C3orf38,0.85739565
DENND1B,0.8573832
ELMO1,0.8573442
ANAPC13,0.85729986
EIF1,0.85726756
CLEC3B,0.85720843
FBXO21,0.8571251
ESYT1,0.8569668
CUL4B,0.8568086
EVC,0.85680664
C2,0.8567752
DDX20,0.8567328
DZIP1,0.85671043
FBXO45,0.85658
FOXK1,0.8565705
CROT,0.85647666
E2F7,0.85646826
FCF1,0.8564597
EPB41L1,0.8563822
EIF6,0.8563762
DNM3,0.8563322
EMC10,0.85629576
GON4L,0.8562835
DYNC1LI1,0.85625863
GBF1,0.8561707
DYNC1H1,0.85598654
DCAF13,0.8558523
DUSP1,0.85581386
ENAH,0.8557588
CRLS1,0.85574675
GALNT3,0.85571164
CIDEB,0.8556751
ANGPT2,0.8556169
EGLN1,0.85550475
APRT,0.8554952
CYB5A,0.855415
COG8,0.85540926
DENND4B,0.85540295
EIF3J,0.855394
ADAM10,0.8553556
ECI2,0.855333
DLGAP5,0.85532206
GTF3C2,0.85529095
ERH,0.8552754
DLC1,0.8552162
GEMIN5,0.85515857
EOGT,0.85513157
EPHA2,0.85507596
ERCC6,0.8550743
CES2,0.8550601
FARP1,0.85499394
HAUS2,0.8549691
FLOT2,0.85494393
ETS2,0.85492307
FBLIM1,0.8548692
ELOVL6,0.854863
ESYT2,0.8548628
EPS8L2,0.8548574
EIF4G2,0.8547977
CAB39L,0.85476875
EIF2B3,0.8547339
CTNS,0.85472834
DCTD,0.85468215
EIF4B,0.8546664
LIN37,0.85462934
COPZ2,0.85460734
DDRGK1,0.85450464
DDX55,0.8544493
ALDH16A1,0.8542973
DPYSL2,0.85418206
FBXW4,0.8541646
HDAC6,0.85408163
DUSP19,0.85406905
CD6,0.85402113
DCAF17,0.8539916
CEP97,0.8539741
GTF2A2,0.8538711
ADCY4,0.85387075
ETNK2,0.8538033
COX15,0.8535624
ETHE1,0.85349256
FTL,0.8533843
EIF3D,0.8533784
ADH5,0.8533644
FBXL2,0.8532571
HEPH,0.85321414
ACADS,0.8531635
CCDC22,0.85312027
DCXR,0.85300326
FLAD1,0.8529112
IKBKG,0.8529078
GTPBP3,0.8528998
PYGM,0.8528639
FBXW8,0.852863
ADD1,0.85281056
AKAP8,0.8528041
GALNT6,0.8528011
FADS1,0.8527687
APOC1,0.8527148
FBXO25,0.8526787
DIMT1,0.85255027
ERP29,0.8524938
ETFDH,0.8523704
CDC23,0.8522697
EIF4EBP1,0.85204273
DLD,0.85201687
B3GNT5,0.8519988
CTSK,0.8519673
CYB5R1,0.85193807
GABARAP,0.8518244
EIF3K,0.8517936
FBXO7,0.85173476
DDX60,0.8517148
EPN1,0.8516994
FADS2,0.8516864
CREB3,0.85166484
GDPD1,0.8516636
ELOVL7,0.8516135
CTSZ,0.85157394
FAU,0.8515557
GNL1,0.8515401
ERGIC2,0.85153705
DLST,0.8515158
ENO2,0.851492
ERGIC1,0.8514882
G6PD,0.8514178
FLII,0.8513619
FAM120B,0.85122836
HHAT,0.85121197
FRAS1,0.85120577
COL8A2,0.8511389
EIF3M,0.8511248
GARNL3,0.8510516
INPP5E,0.8510357
EIF2S1,0.8510334
GGCT,0.8509404
DUS2,0.85080576
FBLN5,0.85071665
EXTL3,0.85068935
COL11A2,0.8505953
HACL1,0.85059386
EXOSC5,0.85050213
ANO2,0.8504523
DOCK6,0.8503542
GSR,0.8503494
CYB5R2,0.8501886
FBXL5,0.8501376
FBXO10,0.850121
EXOSC9,0.8501005
COQ7,0.8500404
EIF4EBP2,0.849985
G6PC3,0.84991866
GNL3L,0.8498681
FBXO8,0.8498528
AP4E1,0.8497749
ALG10,0.84971344
FARS2,0.84966284
DKC1,0.8496247
DSEL,0.84957975
EIF4ENIF1,0.8494885
HYI,0.84940404
FZD5,0.84940344
DIABLO,0.8493673
FBXO41,0.84935856
FOXK2,0.84935457
DGKE,0.8493497
ACSL5,0.8493481
GID8,0.84933305
EXOSC2,0.8493329
ETF1,0.8492965
EIF2D,0.8492384
GALK1,0.8492171
EFCAB7,0.8491365
ENOPH1,0.8490591
GCH1,0.8490307
FKBP1A,0.8490182
FOXN3,0.8488439
APBB3,0.8488396
FBXL3,0.84882516
FBXL17,0.8488246
HEXA,0.848816
FKBP4,0.84880143
FKBP5,0.8488002
GOLPH3,0.8487708
C18orf32,0.84875697
EPC1,0.84873337
COQ6,0.8486395
IFT140,0.84861195
LRFN4,0.8485975
DAPP1,0.8485583
ABHD12,0.84854215
FNBP1L,0.84835356
EPB41L3,0.84834665
HAUS3,0.84832084
EXPH5,0.84831053
CD247,0.8482956
GTF2H5,0.8482613
DPM3,0.8482463
DNM1L,0.8482089
DMAP1,0.84816194
GCFC2,0.84807336
FUBP3,0.84806955
GK5,0.8480463
FOXP4,0.8480398
GLCE,0.8480375
ABI3BP,0.8480153
GLS,0.84782916
DOK1,0.8478227
DAB2IP,0.8478104
FBXO9,0.8477863
ALDH1A1,0.84773546
DNTTIP2,0.84766823
ARL16,0.84762096
GOLGA2,0.8475222
ELF1,0.8475092
CHCHD1,0.84749424
EPHB3,0.8474431
FAM3C,0.8474146
HMBS,0.84737927
GAPDH,0.84735924
FOSL2,0.8472599
ELOVL1,0.84723455
FAM110B,0.8471965
DCLRE1A,0.84685785
ACVRL1,0.84680265
EIF2AK4,0.84674627
AASDHPPT,0.84672105
LMCD1,0.84670085
EIF2S2,0.84668416
HEXB,0.84667647
EXOSC4,0.84652936
EXOC7,0.84651095
HPS5,0.84641623
GNAL,0.84639466
ARHGAP27,0.8463584
DSCC1,0.8463312
AP3M2,0.8463166
FER,0.8462994
FLRT2,0.84628105
GNB2,0.84627366
GALNT10,0.8462235
APBB1IP,0.84618104
GMDS,0.8460706
BMP4,0.8460612
FBXL19,0.8460287
GAPVD1,0.8459567
GLUD1,0.8459355
GABPB2,0.84591216
FBXL20,0.8458427
EIF5,0.84580564
FUT4,0.84578544
GSTK1,0.84577066
FGD3,0.8457605
E2F6,0.84574497
HOXD3,0.8456427
LOXL3,0.84563124
DTNBP1,0.8455393
AGAP2,0.8453942
ARHGAP19,0.84538966
GPSM1,0.8452255
HADH,0.84519
EGLN2,0.8451766
FGD2,0.84508044
FAM13B,0.8450534
EBAG9,0.8448818
FBL,0.8448432
ARHGAP33,0.8447852
FAM98B,0.8447781
GATAD2B,0.8447351
GNB5,0.84468037
CD1D,0.8446492
GPR89A,0.8444894
GATAD2A,0.8444046
ENTPD5,0.84433997
FTH1,0.84432876
FBXO15,0.84426624
GANAB,0.8441299
DCLRE1B,0.84411764
CLUAP1,0.8440383
EMC9,0.8439746
GINS1,0.8439541
GLA,0.8439168
APOBR,0.8438697
G3BP1,0.8437933
IPO8,0.843691
FEZ1,0.8436872
GTF3C4,0.8436437
G3BP2,0.84361804
ERLEC1,0.84358156
ARSB,0.84348345
KCNQ1,0.84348047
FBXL8,0.8434388
HMG20B,0.8434334
FIBP,0.84341675
RSAD2,0.8430776
FARSB,0.8429603
EXOC5,0.842945
HEXIM2,0.84290034
DPP7,0.84273994
FAM98A,0.8427345
FLOT1,0.84273434
ADORA2B,0.8427337
ARHGEF6,0.8426657
FAM13A,0.84264785
FGD1,0.84260714
GALNT2,0.84260476
FIS1,0.8425212
GTF2IRD1,0.8424996
GFI1,0.84247047
GPN2,0.84246886
GSE1,0.8424166
FANCB,0.84234667
GNAI1,0.84232
FOS,0.8422864
FDPS,0.8422849
DCUN1D3,0.8422469
FNIP1,0.8420659
HMG20A,0.84203416
HIPK3,0.84196156
CDC7,0.84193665
DDX58,0.8419288
DNTTIP1,0.8418646
IWS1,0.84173906
INSIG1,0.84158456
ESRP2,0.84153944
GPAA1,0.8414265
GSPT1,0.841218
ELP5,0.8412089
GDI2,0.8411429
GAK,0.8409579
ANGPTL4,0.8409476
ATP6V1C2,0.8409428
FBXO4,0.84087986
FAN1,0.8407024
ABLIM3,0.8406624
GDI1,0.84055686
FMNL3,0.8405562
HGSNAT,0.84055614
GPI,0.84055233
GALK2,0.84054726
FASTKD2,0.84041446
GEMIN4,0.8403869
EMC4,0.8403289
FPGT,0.84030557
HERC4,0.840287
GADD45GIP1,0.8402119
ACOT4,0.8401946
FZD7,0.8401075
HDAC8,0.840025
NCF4,0.8400048
FBXW9,0.83990335
FGD4,0.83987695
AP5S1,0.8398759
COLEC12,0.83983696
HLA-DMB,0.83981323
FBXO27,0.8397212
ABCF3,0.8397204
ELP6,0.8394697
HECA,0.83944833
GNAI3,0.83942664
IL2RB,0.83941096
HPRT1,0.8393667
ACOX1,0.83914846
HAT1,0.83911353
INO80C,0.83908474
ARSA,0.8390643
GBE1,0.83905405
CCL4,0.8388056
KCNAB3,0.83879775
GYS1,0.8387842
HSPA14,0.8387689
FBXW11,0.8386227
IFT52,0.83853066
FERMT2,0.8385213
GNB4,0.83849555
CCL5,0.8384277
DBR1,0.8383926
DUSP7,0.83837765
ABCD4,0.8383684
IQGAP3,0.8382679
KBTBD6,0.83826435
GPN1,0.8382442
ACACA,0.8382173
DPH3,0.8382148
FKBP8,0.838194
FMR1,0.83819115
CD27,0.83816004
FUT8,0.838133
HEATR1,0.8381322
DCK,0.8381167
FAM111A,0.83809966
IL32,0.83790624
GRB10,0.8378064
IFT46,0.83774984
HLCS,0.83772755
GINS3,0.8376969
HSPA1A,0.83764505
IMPA1,0.8375555
GFER,0.8375328
FNTB,0.8374479
HDAC10,0.83741343
ERI1,0.8373913
H6PD,0.83738065
DSTN,0.83736855
DXO,0.8373659
GDAP1,0.837321
CFD,0.83730155
KPNA5,0.837294
ACADM,0.8372558
COL9A2,0.83717823
GOLGA3,0.8371707
FBXO22,0.8371447
HAUS6,0.8370297
DOK2,0.83698547
DEPDC1,0.8369778
GTF2F1,0.8369615
EMC1,0.8369026
EPB41L4B,0.8367925
EXOC8,0.8367319
GIT1,0.8366641
DNAJC24,0.8366019
GNGT2,0.8365648
GTF2F2,0.8365294
GPSM3,0.8364403
MDFIC,0.83641446
EIF2B5,0.83633375
GDPD5,0.8362984
GLI3,0.8362556
FAF2,0.83621
GULP1,0.83618593
LRRC49,0.8360493
CD69,0.83603233
FYTTD1,0.83597934
HSD17B10,0.83596474
FUZ,0.8359064
GGA2,0.8357918
AP5B1,0.8357261
INTS4,0.8356789
IDH3A,0.8356692
GRB2,0.8356132
COL17A1,0.8356016
EPHA4,0.83558345
IBTK,0.8355541
KIF14,0.83547556
KIF13B,0.83524483
CBR3,0.8352229
HLX,0.8351408
GTF2E2,0.83506346
FOSB,0.83501387
FBXO17,0.83500594
GNG12,0.83494526
FGFRL1,0.83491176
EIF1B,0.8345684
HYLS1,0.83451915
HS6ST1,0.8343276
AMPH,0.83429796
GBA,0.8342938
GSPT2,0.83422226
GJA1,0.83416224
ANTXR2,0.8341547
GNS,0.834093
ACAP1,0.8340835
GRK4,0.83404493
METTL22,0.8339086
LIN9,0.8338803
GTF3C5,0.833855
IFNAR2,0.8338473
DNAJB12,0.83379966
FOXRED2,0.83374435
HLTF,0.83370614
GNL3,0.8336881
GPD2,0.83368695
GLB1,0.83366495
GPCPD1,0.833635
EYA3,0.8335914
F5,0.833456
EMD,0.8334435
KLHL2,0.8334125
GGA1,0.8333776
HMMR,0.833377
FHL2,0.83318335
INO80D,0.8331627
GCLC,0.83314186
GNPTG,0.8331161
ITGA11,0.83309305
CCDC68,0.83307344
ACO1,0.83302975
HCK,0.8329724
HTT,0.8329585
ASB2,0.8329504
HNRNPL,0.83292603
HJURP,0.83284026
GART,0.83263034
GJC1,0.8326
FYCO1,0.83256024
GGT7,0.8325523
HIPK2,0.8325049
GABPB1,0.83245635
IRF7,0.8324349
GAA,0.8324288
CCDC40,0.83242184
FXR1,0.83241993
HPSE,0.83236253
PAQR3,0.83233124
IQSEC1,0.8323029
GLUL,0.832277
GIGYF2,0.83225125
COQ3,0.8322485
JOSD2,0.8322213
IRAK2,0.8322006
FGR,0.83214647
GTPBP1,0.8321283
EVPL,0.8320914
IDH3B,0.8318739
GGH,0.8318433
EME2,0.83183324
HM13,0.83174
FBXL14,0.83166283
HDLBP,0.83165103
EID3,0.83160627
FERMT3,0.8315681
GALNT1,0.83151734
HELQ,0.83135414
GEMIN7,0.8312307
HMGN1,0.8312124
LMO7,0.83117396
LAMP2,0.8311401
KIAA1549L,0.83110476
FAHD2A,0.83108705
GCC1,0.83105403
HNRNPH2,0.83103937
DUSP12,0.8309736
KCNN4,0.8309542
ESD,0.83092844
CGRRF1,0.8308104
GSTM4,0.8307673
MAN2B2,0.8307534
HNRNPD,0.83073735
GPSM2,0.8306614
ACP2,0.8304704
GALM,0.8304245
GTPBP10,0.83037114
MAN2C1,0.8303443
FEZ2,0.8302938
HLA-DPA1,0.8302828
FKBPL,0.83024895
CYP2D6,0.8302253
EPHB6,0.83013344
ABCE1,0.830054
HERC5,0.8300421
IRAK4,0.82994765
NAF1,0.82994044
FMN1,0.8298976
ALOX5,0.8297601
HNRNPA1,0.82970345
LRFN1,0.8296118
GALNT7,0.8295791
ATP2A1,0.8295035
COMMD8,0.8294247
GPN3,0.8294026
GUCY1A2,0.82940227
NDOR1,0.8293895
CTBS,0.8293861
HOXB4,0.82931834
IL2RG,0.82929367
IQCB1,0.8292753
HLA-E,0.82926786
FKBP3,0.8292562
EPHB2,0.8292474
GTPBP4,0.82923436
DENND2D,0.82920945
IFNGR2,0.8291739
HSPA4L,0.82912046
ABI2,0.829041
RND1,0.8289735
KATNBL1,0.82894486
MBIP,0.8288943
FAH,0.828845
HNRNPDL,0.82879096
EVC2,0.8287472
INTS1,0.828742
GMEB1,0.8287387
GMPPB,0.8287359
GUK1,0.8287103
GFM1,0.82863104
KANSL2,0.82852316
GALE,0.82848525
HMGN2,0.8283785
HIPK1,0.82837063
HLA-DRB1,0.8283237
GOLGA4,0.82831955
IRF6,0.82831347
HES4,0.82823914
GAN,0.8280886
JMJD4,0.8280593
GTF3C3,0.82804453
HAUS4,0.8279432
HLA-F,0.8279091
HEG1,0.82785064
HSF1,0.8277984
HOMER1,0.8277238
ICAM1,0.8277099
EXOSC10,0.82760906
GPR176,0.82752496
FBXO38,0.8274919
FEM1A,0.8273221
KIF21A,0.8273018
HK1,0.8272909
MRPL24,0.8272706
GLG1,0.82721657
CHKB,0.8272071
HNRNPA0,0.82716715
MVB12B,0.82709694
GLRX2,0.8269592
INTS10,0.82694715
KRBA1,0.8267014
GTF3C1,0.82668716
IFT81,0.8266405
ILK,0.82662964
ATP7B,0.82657355
JUP,0.82652515
HADHA,0.8265113
HYOU1,0.82650393
GNG5,0.82644486
APOBEC3F,0.82639307
GALNT11,0.82630044
HINT1,0.82625216
HNRNPC,0.8262505
GNL2,0.826246
HLA-DPB1,0.8262241
CD180,0.8262116
IDUA,0.8261258
ETFB,0.8260508
GUF1,0.8259785
GRPEL1,0.82593787
GRSF1,0.8258089
FUT1,0.82575744
GLMN,0.82575524
HNRNPUL2,0.8257437
GTF2H3,0.82570815
FNIP2,0.8256956
IP6K1,0.8255392
FBXL12,0.8255376
EVI2A,0.825305
IFT122,0.8252655
HECTD3,0.8252455
ABLIM2,0.8252318
GEMIN6,0.82520086
IL1RAP,0.825187
GOT1,0.8251024
GSTM2,0.8250847
GPC4,0.8250414
GYPC,0.82503647
FCHO1,0.82496345
FKBP15,0.824925
GSTM3,0.8249028
HECTD1,0.8248351
IPO9,0.82483256
IQGAP2,0.82464015
INO80,0.8245684
LAMB2,0.82453257
INVS,0.8244462
GPANK1,0.82442284
ITGB1,0.82437634
FSCN1,0.82429874
GOLGB1,0.82428765
HAUS1,0.8242868
IL17RA,0.8242866
IPPK,0.82412714
HNRNPUL1,0.82408416
HSPD1,0.8240264
ITPR1,0.8239156
HK3,0.8238804
HNRNPAB,0.8237937
CHST1,0.82378024
HAUS5,0.8237449
HMGB2,0.8236511
SLA2,0.82354355
CMPK2,0.82353425
KIF17,0.82352704
GLO1,0.82346684
KCNC4,0.82338053
IL4I1,0.82331264
EIF3G,0.82329565
IDE,0.8232947
HMGB1,0.8232668
ITGB3BP,0.823117
IMPA2,0.8231008
L3HYPDH,0.8230823
IDS,0.82307523
FAM131B,0.8230698
MTF1,0.82305026
APOL1,0.82304454
HNRNPH1,0.8229028
EDNRA,0.82289803
KIF3B,0.8228881
KNTC1,0.8227915
CHI3L1,0.8226821
GNPTAB,0.8225829
HACE1,0.822579
KHSRP,0.8225562
GAR1,0.8225437
KLHL42,0.82253397
GPT2,0.82248247
HNRNPA3,0.82238877
MAP3K5,0.82232225
AOC3,0.8222444
INTS5,0.8222316
GALNT14,0.82222354
LSM3,0.8221934
HMGXB4,0.82209235
ERMAP,0.82208437
EFNA4,0.8220485
LPIN2,0.821952
IL6R,0.8219166
INPP5F,0.82186157
NDUFS7,0.82182074
IQCE,0.82181877
HSPA5,0.8218064
FAM110A,0.82180303
GSK3A,0.8217963
KIF23,0.8217862
INPP1,0.8216937
KLC2,0.8216312
GRPEL2,0.82159024
EXOSC1,0.821541
ILF3,0.8214398
KBTBD8,0.8213537
MVP,0.82131994
GIPC1,0.8213067
HK2,0.82128906
GABBR1,0.82128793
KLC1,0.82123584
IMPDH1,0.8211978
DUSP10,0.8211641
IGFBP7,0.821134
CTSO,0.8211102
FMNL1,0.8210426
KCTD15,0.8209933
MAP3K10,0.8209617
HNRNPU,0.820959
KRI1,0.8208373
FBXO30,0.82073534
BATF2,0.8206726
FN1,0.8206534
GRN,0.8204371
GNPAT,0.820226
HSPG2,0.8201341
HERC2,0.820023
LIG1,0.81998336
GTF2A1,0.8198853
HTATSF1,0.8198463
ITPA,0.81963104
LYPLA1,0.8194725
ITGB1BP1,0.8194536
GRWD1,0.81944567
ERN1,0.81942916
L3MBTL2,0.8193762
MED21,0.81935126
MAPK12,0.81922394
ELMO2,0.8191697
LARP7,0.8190704
ABCB4,0.8190319
HNRNPH3,0.8189751
ID2,0.81894153
DNAL1,0.81875706
LCMT1,0.8187489
GNAI2,0.818705
CRAT,0.81866294
GDE1,0.81858337
IFT88,0.8184604
IPO7,0.8184475
EMB,0.81827193
GTPBP2,0.8181924
KANK1,0.81805223
HMGCS1,0.81794465
MRPL49,0.817837
HSPBP1,0.8177802
GK,0.817773
MCUR1,0.8177719
CAPN5,0.8177544
INTS3,0.8177504
LONRF1,0.8174903
MFHAS1,0.81739473
AP4M1,0.8173874
ANPEP,0.81723833
FBXO32,0.8172243
ITGB4,0.8172202
GALC,0.81721514
ACER3,0.8171974
IL4R,0.81715137
HEYL,0.8171264
BBS5,0.8171019
NFKB1,0.81710064
KCTD3,0.81710035
ICAM2,0.81705385
CSAD,0.8170498
HSPA8,0.81702846
HSPB11,0.8166858
MCM3AP,0.81666785
EMC7,0.8165645
FBXO5,0.81655824
IFT57,0.8165275
IP6K2,0.8164846
LAMA3,0.81648004
BAMBI,0.81645626
LAMA5,0.8163074
COL6A1,0.81629443
ITPR2,0.81618935
HNRNPK,0.8161789
FRZB,0.8161547
NOMO3,0.8160377
ATG2A,0.8160175
FNTA,0.81598824
GNPDA1,0.8159736
MICA,0.81593126
LIMS1,0.8158932
LCAT,0.8158795
CASP6,0.8158319
GATC,0.8157741
HIVEP3,0.8156659
LMAN1,0.81559706
HSPA4,0.81556785
ATP2A3,0.8154393
GRHPR,0.8154233
IFI44L,0.8154137
GBP3,0.81537837
MAD1L1,0.81536216
GINS4,0.8153194
KIF2A,0.8153021
AMT,0.8151483
LSAMP,0.81509674
LSS,0.8150782
HGS,0.8150382
HNRNPF,0.81493676
GCAT,0.8148414
KIF26B,0.81476367
KRT10,0.81464654
ALG11,0.8144607
ASAH2,0.81445944
KIF15,0.8143784
GOLIM4,0.81432766
HES1,0.81416124
HPS6,0.81415683
MAPK8IP3,0.81393236
GRIN2D,0.8138542
FZD6,0.8138243
ILF2,0.81380165
FZD8,0.81373185
KCTD1,0.81363046
ITGA2,0.8136216
B3GALT4,0.8136151
LRRFIP1,0.8135964
ENTPD6,0.81351227
EMC2,0.8134774
MAGT1,0.81347674
GCDH,0.8134001
KRIT1,0.8133845
MAP3K2,0.8133223
IPO11,0.81329966
NOMO2,0.8132741
IARS2,0.81322
KDM2A,0.8131401
FXYD6,0.81305915
INTS9,0.8129392
GTF2H1,0.8128225
KIFC1,0.812822
MRPL13,0.8128155
BNIP1,0.81281465
HDAC11,0.81269556
DHX58,0.8126621
HADHB,0.8125741
LIN54,0.812573
NOC4L,0.8125308
KIF22,0.81252337
NUDT14,0.81251794
HDAC9,0.81251025
HS2ST1,0.81247187
NAE1,0.81245434
ITFG2,0.81244487
ETV3,0.81234765
GOT2,0.81228447
JMY,0.8122843
MED23,0.81224334
MCM4,0.81214094
IPO5,0.81210786
GEMIN8,0.81207937
GAS8,0.8119782
KLHL5,0.8119611
ATP6V1E2,0.8118594
LEO1,0.8118502
GPR183,0.811791
KDM4A,0.81168634
L3MBTL1,0.81164664
ENC1,0.8115299
PLD6,0.81152827
IFT172,0.8115191
IRAK1,0.8115001
NDUFB5,0.81148976
LSM12,0.81141424
HPS3,0.81132585
KPTN,0.8112727
HBS1L,0.8112552
KANK2,0.81123286
GGCX,0.8110511
KRBOX4,0.8109441
GKAP1,0.8108969
PLCD3,0.8107578
MARK4,0.81073534
HOOK2,0.8107204
HIF1AN,0.81069833
IMP3,0.8106915
NFAM1,0.8106908
KANSL1,0.8106133
FAIM,0.81060296
MCF2L,0.81056845
FDX1,0.8105499
GRAP,0.81053567
KCNK5,0.810454
HSPH1,0.81039923
CPT1B,0.81038415
LARP4,0.810339
LAMC3,0.81033814
INPP5B,0.8103165
KLHL9,0.8102752
JMJD1C,0.81013286
LPCAT1,0.8099816
IPMK,0.8098599
LGMN,0.80980915
CLIP3,0.80977935
FAM8A1,0.80968714
MRPS15,0.80964667
B3GNT4,0.80960745
INPP5A,0.8095095
LTBR,0.80950564
LPL,0.8094083
GOLM1,0.8094056
HSD17B4,0.8093656
ERCC8,0.8093251
ITGAM,0.80929303
HNRNPM,0.809192
LGR4,0.809176
ITCH,0.8091253
MAPKAPK2,0.80909705
HERC1,0.8090802
EPHA1,0.8090505
GOLGA1,0.80898607
GORASP2,0.80882186
HUWE1,0.8087676
FBXO6,0.808755
BGN,0.808736
ITGA3,0.8086657
MAPRE1,0.808529
HOXB2,0.80837667
LPXN,0.8083671
LAPTM5,0.8082955
MRPL33,0.80824924
MKRN1,0.80818844
LSM5,0.80814517
GRK6,0.80811656
PDLIM4,0.8078533
KIF3C,0.80782795
LSM7,0.80778414
NDUFS3,0.80776113
KIF9,0.8076093
LARS2,0.8076065
HEXIM1,0.8075846
KDM6B,0.80754083
IFI30,0.8075287
LIMA1,0.8073122
BATF3,0.80728495
A1BG,0.8072578
MTM1,0.8072372
KIF2C,0.8071409
SDS,0.8070821
FZD4,0.80706525
MGAT4A,0.80701363
RAP1GAP,0.80691785
KCNAB2,0.80691063
MYCBP,0.806902
MYO1C,0.806893
SYCE2,0.8068719
MED24,0.8068012
HOXB6,0.8067639
MAMLD1,0.8067404
LCLAT1,0.80669075
MGLL,0.80667907
ISG15,0.80656296
KDELR1,0.8065615
LDB1,0.8065446
MARK2,0.8065388
HECTD2,0.80653304
NDUFA4L2,0.8065072
HNMT,0.80650043
GRHL1,0.8064622
LIG3,0.80644
MTMR3,0.806437
KIDINS220,0.8064347
DMTN,0.8063949
ZNF577,0.8061607
GLDN,0.8061476
IMMT,0.80614716
MRPL16,0.806142
HMGCR,0.80607885
GPS1,0.806026
FOXRED1,0.8060073
MAP2K6,0.8059714
GHDC,0.8059333
ZNF184,0.8058905
MRPS7,0.8058715
HCFC1,0.805856
NBR1,0.8058339
KAT5,0.80580896
LRRC47,0.8057142
HBP1,0.80567414
KIF20A,0.8056683
NEMF,0.8056617
INTS7,0.8055797
ICMT,0.80553573
BDKRB1,0.8054213
MPDU1,0.8053117
MAPK9,0.805096
GBA2,0.8050775
MPC1,0.8050511
MBD2,0.804989
NSUN5,0.80498457
ACAP2,0.80498415
IL15,0.80494386
KIF1B,0.80494183
KPNA6,0.80488026
MOB1A,0.80487704
KCNJ14,0.8048203
LDHB,0.80469257
KIF11,0.8045139
FNDC5,0.80450135
KRR1,0.8044856
LSM11,0.8044788
HSD17B12,0.8043675
LEPR,0.8043659
GUSB,0.80418473
ABCA7,0.8038478
MYL12B,0.8038415
MGAT4B,0.80383885
KRT7,0.80380994
LAMB1,0.8037711
IL15RA,0.80376565
MAPKAPK5,0.8037133
MAP1B,0.8036763
FCHO2,0.80366206
HCCS,0.80359125
IPO4,0.80356157
IGF2R,0.8034972
CCR10,0.8034115
LFNG,0.8033369
LPIN1,0.8033235
GNA14,0.8032994
MLXIP,0.80328804
PLIN2,0.80320936
KPNB1,0.80313474
HUS1,0.8029399
MTA2,0.8029292
LIF,0.80280185
KCNIP2,0.8027557
HPDL,0.8027474
LGALS3BP,0.80268645
MAML3,0.80258954
HIP1R,0.8025698
LAMA2,0.8025014
FHOD1,0.8024772
DEPTOR,0.80247265
KCNMA1,0.8024241
KDM4B,0.80227065
KATNAL1,0.80225766
NDUFB10,0.8021637
KPNA4,0.80214477
GPKOW,0.80213
MAP3K3,0.8020666
ITGAX,0.8020602
ITPR3,0.80199164
CLIC2,0.8019501
MCCC1,0.8016203
ABI3,0.8016164
PCOLCE,0.8015973
FST,0.801581
KPNA1,0.80154985
HLA-DOA,0.80145514
PGF,0.80144256
MALSU1,0.80139124
IL13RA1,0.8013391
PANK4,0.8012636
KLHDC2,0.8011975
LRRC40,0.8011478
C1orf162,0.80112284
F2RL1,0.8010939
KIF1C,0.80106294
JAG2,0.8009683
ELMO3,0.80091965
LAP3,0.80089945
MYLK,0.8007912
EFNB3,0.80074435
MRPL46,0.8007166
NEDD1,0.8006901
NDST1,0.80067295
IER3,0.80064636
INCENP,0.80064243
IREB2,0.80061716
MBP,0.8005478
KIF20B,0.80044407
NOL3,0.80038905
MCTS1,0.80038893
KLHL21,0.80038846
INTS2,0.8003808
LRRC41,0.80037767
C3,0.80035883
MFSD12,0.80033636
MFF,0.8002205
KHDRBS3,0.80019426
MYO1F,0.8001234
IFT27,0.80011845
NADK2,0.80011094
LRP3,0.8000829
KCMF1,0.79999703
MMP17,0.7999148
MFSD2A,0.7999068
PPIL6,0.7998481
BAG2,0.7998018
MAP3K8,0.79966295
METTL7A,0.79961365
RAB32,0.7996071
NAPB,0.7995342
MAVS,0.7995025
NDUFAF3,0.7994444
KRT18,0.7993752
PLCD1,0.79927
MCEE,0.7992614
MAN1C1,0.79912007
ZNF764,0.79909617
HDAC3,0.7990662
MED29,0.7990134
MIEF1,0.7988052
NUDT12,0.7987161
ITPK1,0.7986149
GEMIN2,0.7985606
GCA,0.7985497
MYL5,0.79847366
OXTR,0.79841673
RALB,0.7984022
MOSPD2,0.7983937
NTN1,0.7983256
IRF5,0.7982838
MANBA,0.7982617
GBP2,0.79821056
RASAL3,0.7982033
LMO4,0.79815155
MPHOSPH6,0.7981042
MED27,0.798059
MMS19,0.79802656
KCNC3,0.79801065
LEMD2,0.79796016
KIF7,0.79795474
MATR3,0.7979475
LY96,0.7978965
LSM10,0.7978907
IL10RB,0.7978713
IFIT1,0.7978642
MUS81,0.79783446
HSPA9,0.7977978
MAP2K5,0.7977654
RFK,0.7977582
ITGB5,0.79769194
LZTFL1,0.79767346
KCNMB3,0.79764
NDUFV1,0.79763323
MBNL1,0.7976263
FAM126A,0.79759216
PPT2,0.7975878
KDELR2,0.79755086
KPNA3,0.7972936
MAGI3,0.7972428
HAUS8,0.7972353
NFS1,0.7972028
JDP2,0.7971859
PARS2,0.79714996
HARS2,0.7971293
LMF1,0.7970686
GPC1,0.79705346
KIFC3,0.79704845
PEX7,0.79698753
IL7,0.79684114
MRPS6,0.7968282
NDC80,0.7968279
NAT10,0.7968151
HPS1,0.79673237
LGALS9,0.7967227
FIG4,0.7966263
CACNA2D2,0.79661465
SLC44A4,0.79654294
MAF1,0.79644555
GLRX,0.7963858
RAPGEF4,0.7963799
KIAA2013,0.7963693
ZNF836,0.79636765
DTX3L,0.7963285
ITGB2,0.79630864
KXD1,0.79630035
KMO,0.79628974
SEC31B,0.7962755
ZNF709,0.79627043
CAMK1,0.7962486
MAP3K4,0.7962431
CACNA2D4,0.7962424
KPNA2,0.7962332
TNFSF12,0.7961753
ZFP82,0.79616636
PIGP,0.79613614
MAT2B,0.7959966
HYPK,0.7959847
RNF128,0.7959796
FTSJ3,0.7959539
CXCL14,0.79592484
IL17RC,0.7959176
PDP2,0.7958362
MRPL19,0.7958261
GPX3,0.79579264
MMACHC,0.79573673
S1PR4,0.7957218
THBS2,0.7956909
RIN2,0.7956759
KRT80,0.79567146
ZNF793,0.795655
FBF1,0.7956367
MAFK,0.7956172
MAN1A2,0.7955579
NMT2,0.7955455
LRWD1,0.79552394
LPIN3,0.7954892
BBS12,0.7954172
MEMO1,0.79529524
NAGK,0.7952747
OPLAH,0.79525745
HVCN1,0.7952542
SLC22A4,0.79524225
NELFE,0.795179
KCNAB1,0.79517716
EDEM3,0.79517686
IFT74,0.7951321
NEDD9,0.79509753
MYO6,0.7950413
ORC6,0.79500777
GANC,0.79496855
LAMA4,0.79494816
PLCB2,0.7949472
HELZ2,0.7948832
GATM,0.79487294
LUC7L3,0.7948709
NUDT19,0.7947751
MPDZ,0.7947085
GPD1L,0.79466707
LAMC1,0.7946626
MAN2A1,0.7946534
MAOA,0.794621
PI4KB,0.79449606
SGK3,0.7944221
LIMD1,0.794381
LOXL1,0.7943348
LIMK1,0.7942968
LSG1,0.7942506
KMT2E,0.7942457
ING3,0.7941854
MCM10,0.79412895
AQP1,0.794103
MAN1A1,0.7941029
MCM2,0.79408747
OSGEPL1,0.79401046
HSD11B2,0.7939068
RABL2B,0.79390484
ABCF2,0.793882
ISCA2,0.7938527
LINGO1,0.7937763
OTUD3,0.7937581
POLR3C,0.79374355
NOC3L,0.7937297
NDUFB6,0.79372543
HLA-DMA,0.7936989
MRM1,0.7936091
NDUFA12,0.79359984
MTUS1,0.79359627
MAEA,0.7935177
MCAT,0.7934885
ZNF641,0.7934822
HMGCL,0.793422
IRF2BPL,0.7933617
RHPN1,0.7933462
LIPG,0.79331064
LAMP1,0.7932593
KLHDC3,0.7932541
LONP1,0.7932259
KLHL3,0.79321915
BLNK,0.7932038
MGRN1,0.79317534
MGAT5,0.7931691
RNF125,0.79316646
ITGA5,0.79315853
LSP1,0.79315734
ZNF461,0.7931477
TDRKH,0.79313606
MTMR4,0.7930551
SCNN1D,0.7930131
MAP1S,0.79299176
NFX1,0.7929559
INO80E,0.79287034
IVNS1ABP,0.7928423
NR1H3,0.7927322
NDUFA11,0.7926924
MIEF2,0.7926676
KDM1B,0.7926057
MDH1,0.7925189
PRNP,0.7924834
MX1,0.7924807
NFATC2IP,0.7924568
NIPSNAP3A,0.7924565
PLAT,0.7924554
FCGR3A,0.7923952
TNFRSF25,0.7923674
MYOF,0.79236543
INMT,0.79234505
ABCA2,0.7923315
PFKM,0.79228926
NRP1,0.79226625
MCC,0.7922505
WDR48,0.79224336
KLHL22,0.79224205
MMP15,0.79222697
MED8,0.79219383
LRCH1,0.7921669
RETSAT,0.79215556
LAMTOR4,0.79212797
LONP2,0.7921251
MKLN1,0.79209137
NEIL1,0.79205173
NMB,0.79200584
FUCA1,0.7920051
LDLR,0.7918872
PMP22,0.79187745
NMI,0.7918365
NTM,0.7918271
RP2,0.7917939
MACF1,0.79176116
MTA3,0.7917574
MRPL35,0.79175645
HMOX2,0.7917362
MON1A,0.7917
RGS2,0.79164326
NPHP1,0.79162365
NUCB1,0.79159933
MAP4K5,0.7915285
LTBP1,0.79146296
NR2F6,0.7914485
PPOX,0.7914214
LEMD3,0.791389
GPR153,0.79134256
KAT2A,0.7913135
HLA-DRB5,0.791307
MRPL17,0.7913052
JAG1,0.79128987
GPR180,0.79128253
MYO9A,0.7912341
ITSN2,0.79122275
SYP,0.7912094
MRPL22,0.7911546
NID1,0.79115033
NME7,0.7911336
FEM1B,0.7911146
LYAR,0.7910775
MTMR10,0.79102486
SEPSECS,0.79101497
MTIF3,0.7909769
NCAPG2,0.79096407
HSPA1B,0.7909516
MCM6,0.7909495
MSRB2,0.79094636
IFI16,0.79090077
PEX3,0.7908573
NCALD,0.7908415
KLHL25,0.79080063
PLA2G15,0.7907257
TXNRD2,0.7906663
NINL,0.7906568
MEIS2,0.7906294
GALNT12,0.79062337
ST8SIA1,0.7906181
NPDC1,0.79052776
MCMBP,0.7904814
ZNF626,0.79048127
RBAK,0.7904776
GPR132,0.79047054
MTA1,0.7904375
NCKAP1,0.79037154
VMA21,0.7903523
PLCD4,0.7902991
AGMAT,0.79027826
MMAB,0.7902031
HENMT1,0.79016125
MTMR2,0.7901095
MRPL38,0.790104
ABCB6,0.7899665
RFC4,0.78993267
BMP8B,0.78992695
POP5,0.7899106
NR2F2,0.78990114
MSH5,0.78986317
MAU2,0.7898589
NCLN,0.7898153
ZNF221,0.7896793
RER1,0.78965783
NSUN6,0.7896334
PARN,0.78959465
IRF2BP1,0.78957385
TSEN54,0.7895221
FJX1,0.789519
LDLRAP1,0.7895064
RAB3D,0.7895026
MPP6,0.78940725
LYPD3,0.7894033
LLGL2,0.78940266
TXK,0.7893838
NAP1L4,0.78932697
RASGRP2,0.78930235
ITGA7,0.7892992
LPCAT4,0.78928083
HCAR2,0.78926677
SCRIB,0.78923243
RASSF5,0.78910476
LBR,0.78910387
LPGAT1,0.789093
NEDD8,0.78900564
POLB,0.78899664
NEU3,0.7889714
HSBP1,0.78892505
PDLIM5,0.78891426
NMRAL1,0.78891253
PAIP2,0.7888706
MRPS14,0.7888624
NHEJ1,0.7888385
SMNDC1,0.7886989
MAN2B1,0.788678
NCOA6,0.7886728
ZNF429,0.7886591
NR5A2,0.78859127
LTBP4,0.7885852
SECTM1,0.78856725
NET1,0.7885475
MTX1,0.78850263
PIGF,0.7884944
NDRG3,0.78847873
NLGN3,0.7884631
NOB1,0.7884518
IRF2BP2,0.7884014
MELK,0.78835595
TMEM67,0.7882678
ABCD3,0.7882527
NPAS2,0.7881318
ALS2CL,0.7881243
PLXND1,0.78806776
NFKBIB,0.7880414
KIF27,0.7880382
PRPF39,0.7880315
NASP,0.7880218
KLHL11,0.7880138
HOMER2,0.78797024
GMNN,0.78794307
ZNF140,0.7879397
MAT2A,0.78793037
NDUFS6,0.78792715
MEX3C,0.78783226
MINPP1,0.78777397
TMEM115,0.7877562
POLR3G,0.7877469
MORF4L1,0.787683
MAP4K3,0.7876703
SPATA13,0.7876579
IFIT5,0.7876454
HSPB1,0.7876085
KRTCAP2,0.7875732
MRPS22,0.7875192
NFRKB,0.7874731
PSMD5,0.7874694
MIF,0.7874242
LTBP3,0.78740966
RBBP9,0.787376
PARP4,0.7873735
POP1,0.7873695
MAD2L1BP,0.7873507
PLAA,0.7873378
MTHFD1L,0.78724897
PLEKHG4,0.7872413
CBX8,0.7872345
PSMC1,0.7872275
MCM7,0.78721035
ING2,0.7871878
SUV39H2,0.78717285
NLN,0.78717244
MYBL2,0.7871634
PARD6G,0.7871613
KCNMB4,0.78715914
SIAH2,0.7871158
MFAP2,0.7871109
MIER1,0.7871078
KDM3B,0.78709996
SKA1,0.78708535
LMNB2,0.7870433
CARD9,0.7870302
IGSF6,0.7870278
C9orf72,0.78699005
MIS18BP1,0.7869302
RAB3IL1,0.78692603
RARB,0.78683305
KBTBD7,0.78682894
PEX16,0.78682727
ZNF546,0.7868072
LRFN3,0.7867979
KHNYN,0.7867927
PALMD,0.7867864
MAP2,0.7867429
MZT1,0.78671795
ME2,0.78668827
MEF2A,0.78667957
PCDH18,0.7866756
KLHL20,0.7866731
MZF1,0.786667
MAPK14,0.7866604
RPGR,0.78665906
NPM3,0.78663397
POLR2B,0.78663033
MAP3K11,0.7866113
NID2,0.7866014
NOM1,0.786599
LSM14B,0.78651714
NFASC,0.7864986
KDM5B,0.786485
GPR160,0.7864677
NBAS,0.78641266
PIGU,0.786399
MIS12,0.7863895
OAS2,0.7863843
MMS22L,0.7863585
PCGF1,0.78632694
NIPBL,0.7863164
ZNF211,0.7862408
SEC11C,0.78617895
SNAPC2,0.7861393
MRC2,0.7861081
IBA57,0.78609884
NMT1,0.78604877
C12orf66,0.78600776
MKNK2,0.7859666
LSR,0.7859296
NUDT3,0.78588843
PTPRU,0.78584707
TRIM23,0.7858358
MCM9,0.7858238
TRIM39,0.7858148
RAB25,0.785806
MINK1,0.78577155
PHB2,0.7857665
PHF2,0.78575647
MED15,0.78572476
NSFL1C,0.78569996
RNF6,0.7856975
MPP5,0.78568184
GSTA4,0.78567845
LNPEP,0.7856669
PSMC3IP,0.7855831
MSL3,0.7855598
KCNJ15,0.78551483
SHCBP1,0.7855095
POLRMT,0.78550357
NKIRAS1,0.7854962
PIGS,0.7854812
ISYNA1,0.78548026
RPAP1,0.78545856
GIMAP4,0.7854441
NSMCE1,0.7854427
MBD3,0.785421
NINJ1,0.7853814
NOMO1,0.785369
PITRM1,0.7853575
PLB1,0.78529364
MTFMT,0.78529054
RPL13,0.78528106
MAP4K1,0.78524196
TMEM126B,0.78519064
MIA3,0.7851673
LOXL2,0.78516245
MAFG,0.7851345
MRGBP,0.78512734
ISY1,0.7851205
NRCAM,0.7851179
USP43,0.7851104
NME6,0.7851072
TSFM,0.78504294
CENPQ,0.7850307
NUFIP2,0.78502923
HDAC5,0.785029
PELP1,0.7850232
PDSS2,0.78498876
TP53I3,0.7849773
NUBPL,0.78497577
MRPS34,0.78496695
YARS2,0.7849567
OAZ2,0.7849502
METAP2,0.78494465
ZNF253,0.7848875
ORC1,0.78487253
PTCD1,0.7848651
MIDN,0.78484374
CNGA1,0.78482443
MOB1B,0.7848239
NCL,0.7847578
MPI,0.7847426
POLM,0.78473306
RGMB,0.78472966
NSUN2,0.7846364
ERCC6L,0.784619
NOL9,0.7845805
NR4A1,0.7845685
OSTC,0.78455
MYO10,0.78452885
NACC1,0.78451157
MCRS1,0.7845049
MRI1,0.7844646
PPP2R5B,0.7844496
RUSC2,0.78439945
LRRC8E,0.7843987
IMPDH2,0.78438777
ACTA2,0.7843875
ZSCAN32,0.78438336
RAB38,0.78437936
PRDX3,0.7843584
EHD4,0.7842958
HPS4,0.7842837
MED17,0.78427815
MRPL1,0.7842582
RNF152,0.78423655
NOL11,0.78422874
NDUFV3,0.7842055
IL2RA,0.7841899
PDE10A,0.7841754
KIF3A,0.7841286
JAM2,0.784121
NAA60,0.7841034
ME1,0.78407645
USP35,0.78406984
ZNF101,0.78406
IL18BP,0.78404886
MRPL10,0.7840439
NANP,0.78404367
UFL1,0.78403527
NDUFAF2,0.7840279
MYBBP1A,0.7840245
SPI1,0.78401357
MECR,0.78401333
UNC5B,0.7840107
PPP1R12C,0.783984
MORC2,0.7838775
PGM2,0.78387
RPS3,0.78385854
MAD2L1,0.7838525
KCNJ2,0.7837943
MBOAT7,0.78378916
JMJD6,0.78378576
SPIRE2,0.7837744
PDCD6,0.7837723
KIF18B,0.78374517
ZNF224,0.78374475
SH2D2A,0.783729
NOP14,0.78370154
SYT11,0.7836289
RNF144A,0.783622
MMP11,0.7835141
PSTK,0.78347665
MPG,0.7834376
NAA50,0.7834187
F3,0.78341264
NAPEPLD,0.7834029
GLIPR1,0.7833996
NOP58,0.78335327
PRPS1,0.7833238
MRPS21,0.7833074
REEP3,0.78330463
PDE4D,0.78330445
NCBP2,0.78329647
MRPL39,0.78327316
VGLL3,0.7832634
SORD,0.7832532
PMPCB,0.7832461
LYRM4,0.78321755
PHF11,0.7832068
PPP1R14B,0.78318745
MTMR12,0.7831851
CASP1,0.7831481
MEIS1,0.7831095
NEK8,0.78310615
PCDH1,0.78309464
ZNF234,0.7830665
MID1,0.78300464
STAM2,0.78299916
NEK6,0.7829824
PPARD,0.78297514
SIVA1,0.7829534
PELI2,0.7829449
TIFA,0.78289485
RNF20,0.7828686
LAMB3,0.78285277
NBEAL2,0.7828381
PDE3B,0.7828054
MRPL3,0.7827649
PBX2,0.7826788
SARDH,0.7826674
NEK7,0.7826584
PNPLA6,0.78265107
ZYG11B,0.78264207
PKP1,0.78264016
ZNF530,0.7826318
CARD6,0.78261834
NFYC,0.78258395
NEK9,0.7825637
PCCA,0.7825519
MED13,0.7825505
NAP1L1,0.78254575
PPP1R13B,0.7825392
MRPS30,0.78253895
PDE3A,0.78253686
SPRY1,0.78252596
RPS6,0.7825236
NUDT16,0.78248847
ITM2B,0.78246826
MOK,0.7824027
POLE4,0.7823883
NUP107,0.7823832
LIN7B,0.7823825
TBC1D32,0.7823815
MPRIP,0.782377
MCPH1,0.78237444
PFN1,0.7822995
RSU1,0.7822908
SLC1A1,0.78221
NAA25,0.7821905
SNIP1,0.78218186
LMAN2L,0.7821768
ITGB7,0.78213316
SGPL1,0.78209984
MYL6B,0.782073
MICU2,0.78207153
MYLK4,0.7820604
NUP54,0.782053
PGM1,0.78205293
WDR19,0.7820106
NDUFS2,0.7819886
NFATC3,0.78197837
SCAI,0.7819575
STX10,0.7819424
MYL6,0.7818996
MPHOSPH10,0.78185016
MPP7,0.78184813
REV1,0.7818377
NRIP1,0.78183585
PSMF1,0.7818121
MFGE8,0.78181076
KCNS3,0.78178984
KREMEN1,0.781785
MDK,0.7817832
NIT2,0.78177154
LMAN2,0.78174394
PREX1,0.7817136
NT5C3B,0.78171086
PTN,0.78171045
PPP2R3C,0.7816122
MYSM1,0.78160876
NCAPD3,0.7816029
NHS,0.78158253
REEP4,0.7815818
MAGOH,0.7815705
SLC22A17,0.7815665
PARD6B,0.7815656
NCBP1,0.7815562
SEMA7A,0.7815493
NUP88,0.78153956
ZNF600,0.78152215
HNRNPLL,0.7814992
IFIT3,0.7814989
KHDRBS1,0.7814896
RPL13A,0.7814499
ABCG1,0.7814469
PPARA,0.7814422
MICU1,0.78143793
IGFBP4,0.781437
PHC1,0.7813597
NGFR,0.78133094
NARS2,0.7813284
NFIX,0.78130835
PCDHB5,0.78128916
MBD5,0.7812872
LAS1L,0.78128135
TAF8,0.78126764
TMED5,0.78123516
SCAP,0.7812304
MPHOSPH8,0.78120387
MED14,0.7811235
GTF2B,0.7811067
TOMM40,0.781077
MCU,0.7810754
RC3H1,0.78105974
PCGF5,0.78103656
ZNF10,0.7810361
ZNF354C,0.7810344
MYLIP,0.78102785
NLGN2,0.78102446
MRPS23,0.7810148
LRP12,0.7810027
GAS2L1,0.780944
RTN4IP1,0.7809396
KIF4A,0.78093594
ZNF433,0.7809339
RPL17,0.78092486
TUBGCP4,0.78092116
RHBDF1,0.78089106
NR2C2,0.78085583
MRPL47,0.78085035
ORC3,0.78083295
NAA15,0.7808192
MAP1LC3B,0.78080297
NCEH1,0.7807967
LMNB1,0.78079575
LYPD6,0.78078693
RBM34,0.7807835
RPS29,0.78078276
HSPA13,0.78077596
TRMU,0.78074116
STX12,0.78073144
PPP5C,0.7807199
PRKAG1,0.7807143
RAG1,0.7806711
ISG20L2,0.780649
IPO13,0.78064686
PAIP1,0.7806447
MAK16,0.78062135
SMPD1,0.7806097
MARK3,0.78059644
RPP30,0.7805774
MBOAT1,0.7805649
PPIF,0.7805486
MSL1,0.78054494
NDUFA5,0.7805314
NPRL3,0.7804937
VARS2,0.78048766
RPL15,0.7804834
TBC1D23,0.78047705
RINL,0.7804494
PPL,0.7804421
PLEKHA8,0.78042156
NDUFA4,0.7804011
STEAP3,0.7803724
PPP1R15B,0.7803598
MARVELD3,0.78034586
MBTPS1,0.78032976
RAI1,0.78032523
NECAB3,0.78026205
RIC8B,0.78025454
SPINT1,0.78023505
NCAPD2,0.78020513
ZNF333,0.7801918
HOXA1,0.78019166
RPS16,0.78019136
SENP2,0.78015083
LLGL1,0.78011394
SAFB2,0.7801063
RPS9,0.7800971
MGAT2,0.78007084
NLK,0.7800507
MDN1,0.78002506
PDS5A,0.78001976
ITGA9,0.780013
PPP6R1,0.7799962
NUMB,0.7799872
SHPK,0.7799656
PVR,0.7799639
ZNF506,0.7799587
NUP210,0.77989095
RPS2,0.7798764
ZNF335,0.77982146
ZNF212,0.7798171
MVD,0.7798104
MTX2,0.7797501
NUDT16L1,0.7797494
RPLP0,0.77974725
SLC27A1,0.7797379
ZNF814,0.77972835
TAF2,0.7796854
SH2B1,0.77967286
PDSS1,0.7796536
NDUFA10,0.77962106
LIMS2,0.77959716
RPL27A,0.7795582
MRPS27,0.77954376
PDE7A,0.7795381
RPS8,0.7795359
PARD3,0.7794814
PARD3B,0.7794735
KIF13A,0.77943414
LIN52,0.7794047
NHLRC3,0.7794015
RPL41,0.7793886
PINK1,0.77938026
RAD1,0.77937496
PLA2R1,0.7793672
MED4,0.77933806
MTHFS,0.7793332
KRT19,0.77931446
CD2,0.7792746
MAP4K2,0.77926385
PAICS,0.7792515
RASA3,0.7792134
HOXB7,0.7792128
MCM5,0.7792079
NDUFB8,0.7792055
MID1IP1,0.77916133
TRPC1,0.77916044
NFATC4,0.77913886
LRG1,0.7791257
NUAK1,0.77910066
ZNF516,0.7790974
UBA5,0.77907616
POLK,0.7790606
SDSL,0.7790155
ULK3,0.7789758
PPWD1,0.7789604
LRP8,0.7789316
CD163,0.77893144
MSX1,0.7788977
TRIM11,0.7788864
NAA38,0.7788849
KATNB1,0.7788745
MAPK8IP1,0.7788652
RAPGEF5,0.7788401
NUDT9,0.77883327
LPCAT2,0.77881503
NUP155,0.7787975
SLC25A24,0.7787817
SAV1,0.7787739
PCCB,0.77876633
SCAMP1,0.7787546
MOV10,0.77874744
TUBGCP6,0.77874386
SULF1,0.7787381
MAP3K9,0.7787105
PUS7,0.7787026
OSBPL5,0.7786726
MLEC,0.77865994
MED16,0.7786448
OGT,0.7786425
RPS23,0.7786419
ZNF274,0.77863294
MED6,0.778615
NPL,0.7786083
OSBP2,0.7786033
NUDT5,0.77860075
NAB1,0.7785967
HOXA10,0.7785884
MRPL18,0.7785783
RABGGTA,0.7785581
PARK7,0.7785442
MOAP1,0.77852046
PDE4A,0.7785176
PACSIN3,0.77850616
PLK1,0.7784907
SHC2,0.77845126
RPL3,0.7784488
POLR2F,0.77844703
ZNF302,0.77843803
SMCR8,0.77840143
PIP5K1C,0.77839047
NSMAF,0.77838314
SGSH,0.77838206
PKM,0.778346
MZT2B,0.77831084
ZNF493,0.7782814
NOL6,0.77826643
SOCS5,0.7782304
NFU1,0.7782277
PIP5KL1,0.7782277
LMOD1,0.7782232
OGDH,0.778163
PPIP5K2,0.77815086
ING4,0.77813035
MRFAP1,0.77811825
PRMT3,0.7780497
PGAM1,0.7780444
PDXK,0.7780367
PANK1,0.778028
RND3,0.7780223
ZNF200,0.77801853
MGST1,0.7780179
PTMA,0.7779923
NAA20,0.7779713
LIG4,0.7779643
PRPF6,0.7779549
SHB,0.77792126
LRIG1,0.77791727
NPNT,0.77791387
NDUFA8,0.7778735
PSMC3,0.7778455
KIF26A,0.77782303
NLRP1,0.7778067
NOP9,0.77779394
MGAT3,0.7777782
NMRK1,0.7777662
GLRX5,0.77776074
SF3B4,0.7777539
PODXL2,0.7777518
VAMP1,0.77774614
ITGA2B,0.77773815
PPP1R18,0.77773106
NDUFB9,0.7777128
PERP,0.7777124
SLC9A3R1,0.77769005
UBE2Q2,0.7776875
THUMPD1,0.7776763
MYH10,0.7776556
TBC1D25,0.77765507
NCKAP1L,0.77764636
RPLP2,0.77763176
PLA2G4A,0.7776294
MCM3,0.77759516
IRAK3,0.7775714
IL16,0.77756953
KALRN,0.7775537
SP100,0.7774928
USP45,0.7774868
RCN1,0.7774787
ZNF460,0.7774621
WHAMM,0.77745765
NPC1,0.7774541
PUS1,0.7774474
PLOD1,0.7774379
PRR5L,0.7774001
SNRPG,0.77739835
PRPF4B,0.7773806
SNX6,0.7773732
RTN4R,0.7773663
ZNF614,0.7773451
RAD9A,0.7773414
MTR,0.7773092
RAB3IP,0.7772964
KHK,0.77729404
TUBGCP2,0.777294
PES1,0.7772373
TDRD3,0.7772239
SH3GLB2,0.77722096
PRPS2,0.77718467
SMARCD3,0.77716637
SFI1,0.7771622
NDUFA13,0.7771359
HARBI1,0.7771347
RCAN1,0.7770884
RAB13,0.77708286
SNRNP40,0.7770669
ORMDL2,0.77703214
TAZ,0.7770266
INTU,0.7770179
PARVA,0.7770115
STXBP2,0.7769723
SMPD4,0.77696556
SEC24B,0.7769405
LSM2,0.7769309
PFDN2,0.77692544
NUP43,0.776911
NFYB,0.7769096
PITPNA,0.77690417
RTF1,0.77688956
SATB2,0.77688783
PHKB,0.7768864
RUSC1,0.776877
NRP2,0.7768531
MBTD1,0.7767736
NPC2,0.7767627
NCAPH2,0.77676207
PPP1CC,0.77676123
SENP3,0.7767452
SIGIRR,0.7767382
PPP1R11,0.77673614
RPP38,0.7767345
RAB4A,0.77671194
OSGEP,0.7767041
RPL23,0.77669555
SLC7A5,0.7766892
NGDN,0.77668715
MED26,0.7766841
ZFYVE16,0.77666825
PABPC4,0.7766637
NFKBIL1,0.7766331
PAFAH1B3,0.77662134
NMD3,0.7766202
PPP1R13L,0.7766189
ST3GAL3,0.77660185
NAA16,0.77659374
NIP7,0.77658737
SMC5,0.7765819
MCM8,0.7765568
RRP1,0.7765445
VASN,0.7765401
PDE7B,0.7765363
PDXDC1,0.7765225
PPM1F,0.77651817
MSL2,0.7765161
SDAD1,0.77650887
SERP1,0.77649397
NDUFAB1,0.77646786
MTMR9,0.7764493
PAK1IP1,0.7764474
PBK,0.7764339
PTPN12,0.77636325
TGIF2,0.7763468
MOGS,0.7763401
PLSCR1,0.7763185
TICRR,0.7763063
PNKD,0.77629703
NOC2L,0.7762868
EFNB1,0.77627975
TRPC6,0.77626365
POLR2I,0.7762636
RAB5C,0.77625716
QPRT,0.7762288
VPS28,0.77621347
MRPS18A,0.77620184
SNTA1,0.77615786
ORMDL3,0.7761557
RPRD1B,0.7761455
LRP10,0.7761035
RB1CC1,0.7760819
PPP1R9B,0.7760781
RNH1,0.7760568
NEO1,0.77602977
MYO9B,0.7760007
PRDX5,0.7759826
PLXNA1,0.7759619
NUB1,0.77594584
TIAM1,0.7759334
PHF8,0.7759207
PEX13,0.7758605
MED11,0.77581626
KIAA0513,0.7758083
SREK1,0.7757677
NGLY1,0.77570164
OAZ1,0.77569383
MAML1,0.77565825
HTRA2,0.77563685
SHMT2,0.7756054
PIGC,0.7756001
TRAPPC5,0.77559906
ORC5,0.77558845
GGPS1,0.77553326
PLCL2,0.77553225
MAST2,0.7755287
ZNF251,0.7755247
PITX1,0.7755185
RAPH1,0.77539974
NDUFS4,0.77539295
RSL1D1,0.7753579
SMYD4,0.7753573
RBPJ,0.7753167
PTPRE,0.77531147
TP73,0.7752956
ZNF564,0.775286
UROS,0.7752793
FAAH,0.77526057
TNKS,0.7752309
PTK2,0.77523005
VAMP3,0.77519065
PAN3,0.7751833
STK38L,0.7751727
MYH14,0.7751671
PALLD,0.7751657
HOXB3,0.7751495
ZNF286A,0.77513
REXO2,0.775112
LIPA,0.7751047
NEDD4L,0.77506477
NDUFAF6,0.7750633
TOP2B,0.775049
LMBRD1,0.7750378
ZNF567,0.7750372
MYADM,0.7750104
MYL12A,0.7749923
OBSCN,0.7749193
PPP3CA,0.7749176
NCOA7,0.7749168
PSMD1,0.77491254
TBC1D2,0.7749114
TOX4,0.77489865
ITPKC,0.7748577
PAF1,0.77483475
RHNO1,0.7748295
SHROOM3,0.77482194
UBL7,0.77479595
MTMR1,0.7747641
PPP1R3B,0.77474004
RABEPK,0.7747164
NFIA,0.774714
RHPN2,0.7746957
MYCBP2,0.77468675
PRKAB2,0.7746673
SEPHS1,0.77466416
ICAM3,0.7746616
SLC25A12,0.7746091
MOCS2,0.77460504
OXNAD1,0.77458763
ZNF143,0.774581
MFN2,0.7745751
MRPL21,0.77456623
LGALS8,0.77456206
PCID2,0.7745324
LRRC8D,0.7745268
NDC1,0.7744955
VCL,0.7744811
GPX8,0.77447814
LRIG2,0.77446526
PRKCE,0.7744652
ZNF79,0.77444535
PPCS,0.7744357
LAMTOR5,0.7744249
PIP5K1A,0.7744173
PRKCA,0.774413
SLC35E3,0.77440554
PXN,0.77440375
RNF139,0.7743893
PABPN1,0.7743774
STX1A,0.77435017
PBX3,0.7742995
SUMF1,0.77428746
RPL29,0.7742532
SCUBE2,0.7742313
PRKCSH,0.7742187
RPL7L1,0.7742061
SNX33,0.7741935
NPTN,0.7741903
TRUB1,0.7741885
NPHP3,0.77418566
POLDIP3,0.7741578
NR6A1,0.7741394
PLXNA2,0.774139
NFIL3,0.7741351
PDLIM7,0.7741263
LNX1,0.7740981
ODC1,0.7740889
TUBA1B,0.7740745
USP6NL,0.77405953
RBM42,0.7740442
REEP2,0.7740431
MAPK6,0.7740375
NPLOC4,0.7739884
PDE4B,0.773953
PSAP,0.77394766
STUB1,0.77394766
TFAM,0.77393126
SRP9,0.7739312
USO1,0.77390885
NSUN4,0.7738762
PLD2,0.7738745
PTPRJ,0.7738605
SMOX,0.7738534
RPS19,0.77384824
TOP3A,0.7738463
PDCD7,0.7738406
JUNB,0.7738099
MAPRE3,0.7738072
POLH,0.7738037
PSMD12,0.7737994
SMAD1,0.7737951
POMGNT1,0.77377045
OTUD7B,0.77374053
PPP3CC,0.7737255
ZNF426,0.7736893
TRIM46,0.7736882
PPP2R5D,0.7736839
RPS6KA2,0.77368003
CD248,0.77367485
RPL24,0.7736706
RPS4X,0.7736564
POLR3E,0.77365583
VPS41,0.77364194
NCK2,0.77362055
MEGF8,0.7736064
THOP1,0.7735703
ZNF317,0.7735536
GNAO1,0.7735475
WDR81,0.77353525
THOC5,0.77352273
NT5C,0.77351964
FOSL1,0.7735126
RPS17,0.77350825
RPL36A,0.77349025
NDUFS1,0.77348435
VAMP4,0.7734585
OS9,0.77343
PPP6R3,0.77341324
PEX26,0.77340394
PDIA3,0.7734025
TMC6,0.77339745
SERPING1,0.7733945
MTSS1,0.773363
MRPL37,0.77335566
RARG,0.7733123
PA2G4,0.7732832
LUC7L,0.77325976
TPI1,0.77324486
ZNF621,0.7732371
PTGFRN,0.77323586
METTL3,0.7732322
PRR12,0.77322894
WDR4,0.7732062
RAB21,0.7731912
MED28,0.7731563
RANBP10,0.7731526
P4HA1,0.7731524
PABPC1L,0.77313983
MRPS24,0.7731394
PHF20,0.773121
ADCY6,0.7730917
XRN1,0.77309
IRF3,0.7730826
TMEM216,0.77308047
NCAPH,0.7730779
PCYT1A,0.7730688
PIGW,0.7730677
SREBF2,0.77305895
TBC1D5,0.7730417
RNF181,0.773038
SRRM1,0.7730302
PTPRF,0.7730258
ORC2,0.7730182
ZNF780A,0.7730165
HSF2,0.77301246
STK36,0.77298295
MT2A,0.77295816
ZFPM1,0.77294654
MCCC2,0.77292025
POLE2,0.7729152
ZNF431,0.7729027
BEST1,0.77290225
NPHP4,0.7728851
KIF21B,0.77287036
RPL7A,0.772816
SRGAP2,0.7728152
RBM25,0.772783
RPL11,0.7727753
MBD1,0.7727688
TFDP2,0.7727492
OXCT1,0.77271664
PDCD6IP,0.7727134
MTHFD1,0.7726884
MTIF2,0.77267194
TNFRSF11B,0.77267015
TRIT1,0.772669
TNFRSF12A,0.7726686
RBBP5,0.7726653
IPP,0.7726522
PPP1CA,0.7726402
N6AMT1,0.7725966
GCSH,0.77255726
HEBP1,0.7725228
PCDHGA6,0.77250236
LMBR1L,0.77248305
RAB20,0.7724673
MRPS18B,0.77246666
SLBP,0.7724356
ZNF112,0.7724099
ZNF510,0.7724012
NEK1,0.7723889
RFFL,0.7723765
ZNF180,0.7723606
NOL8,0.7723358
SYNJ2,0.772303
RPS12,0.77229726
RASGRP3,0.77228945
SLC30A1,0.7722721
RPS27A,0.77227205
NDUFB4,0.7722431
PNISR,0.7722403
TNXB,0.77223444
PCSK6,0.77220803
RBM39,0.7722067
RAB2A,0.77217466
NSMCE2,0.77216876
PPIG,0.772156
TBC1D24,0.7721559
NLE1,0.77215415
PRPF19,0.7721349
PDHA1,0.7721308
PCK2,0.7721261
RPL19,0.77211666
TERF2IP,0.77211505
NUDCD3,0.77209747
PAGR1,0.7720855
LPAR2,0.7720782
TRMT11,0.7720694
OSTM1,0.77206874
PRPF31,0.7720495
TRIP10,0.7720411
CD34,0.77199185
SNX5,0.7719855
SUMO3,0.77197534
OTUD5,0.7719693
SMS,0.7719692
WDR33,0.7719661
NUP133,0.77194446
TEP1,0.7719268
KIF5C,0.77191985
PEX5,0.7718963
PRDX6,0.77184427
NEIL3,0.7718171
MRPL41,0.7718169
OAS1,0.7718087
ZNF529,0.7717932
MSRB3,0.77178013
MICAL2,0.7717751
YTHDC1,0.77176183
EAF2,0.7717593
STARD13,0.7717579
KRT17,0.7717563
POLR1B,0.77171665
RBM19,0.77170587
PSMD2,0.77169037
TELO2,0.77167654
MRPL20,0.7716627
NUP153,0.7716477
FKBP2,0.7716461
RPL8,0.77163404
PDHB,0.7716252
PCBD2,0.77161145
RIN3,0.7715835
MRPL34,0.7715553
NUSAP1,0.77154404
RERE,0.7715238
PDE8B,0.7714735
NUP205,0.77147174
AARS2,0.771453
RBM15B,0.7714467
NOL10,0.7714349
PRKRIP1,0.7714269
BHLHE41,0.77142596
NUDT21,0.7714136
RECK,0.7714127
RNF38,0.77138335
ZNF300,0.77136993
PDCD4,0.7713554
IGFBP6,0.7713321
ADAM9,0.7713267
NFE2L1,0.77131826
MAGOHB,0.77131575
PSMD9,0.7713101
TNKS1BP1,0.77130514
WDR77,0.7713027
C5,0.7713025
NHP2,0.77128863
MCMDC2,0.7712822
MYO5B,0.77127385
PRICKLE2,0.7712607
RNF24,0.77123195
MXRA8,0.77123094
NAMPT,0.7712234
TM2D1,0.7712202
KLC4,0.77121395
RCCD1,0.77119756
MRPL48,0.77117056
U2SURP,0.7711594
RAVER1,0.7711578
ZNF383,0.7711496
TRAPPC9,0.77113396
PGS1,0.77111936
REPS2,0.77108693
FPR3,0.7710714
PAQR8,0.77105033
TXNRD1,0.771031
PSMD4,0.7710095
SREBF1,0.7709969
PHKA2,0.7709821
VPS53,0.770968
RBBP6,0.7709667
MRPL2,0.7709594
PHF12,0.77094686
TPT1,0.7709421
ZNF776,0.7709394
TRAPPC10,0.7709378
NUP188,0.7709258
NIPSNAP1,0.77090627
MTMR14,0.7709033
RPL32,0.7708909
ZNF235,0.7708774
SERPINF1,0.77085704
SERBP1,0.7708331
MRPS2,0.77081054
TUBB,0.77079964
RPS27,0.7707868
SERPINE2,0.77077156
RTCA,0.77076536
SRPK1,0.7707427
SPDYA,0.77071935
ST6GALNAC4,0.77070475
HAAO,0.77068996
SPTAN1,0.77066475
PIKFYVE,0.77066463
NRBP1,0.77065575
MRPL55,0.7706417
METTL4,0.7706294
ZNF33B,0.7706259
STT3B,0.7705877
PTK2B,0.7705872
PTPN23,0.77057415
PPFIA3,0.7705685
GLE1,0.7705471
NXF1,0.7705232
YAF2,0.77052176
REEP5,0.7705168
IL17RD,0.77051425
TKT,0.7705137
PPP1R12A,0.77050066
PUM2,0.7704893
LRP1,0.77047414
MTDH,0.7704544
MLST8,0.77044874
NCK1,0.77043223
MRPS11,0.7704174
MZT2A,0.77040917
PATL1,0.7704087
MADD,0.7703663
PRKAR2A,0.7703659
RSF1,0.7703423
RGL2,0.7703281
MX2,0.7703212
PKN3,0.7703196
PDPN,0.77031934
RPGRIP1L,0.7703178
UCK1,0.7703099
IRF9,0.77030766
PTAFR,0.7703074
SUN2,0.7702972
TRIO,0.770275
TADA2A,0.7702557
FRS3,0.77025396
RFC5,0.77020746
SPG21,0.77020615
RAB31,0.7701639
TMSB4X,0.77013576
PDK3,0.7701196
KCNIP4,0.770114
NAA40,0.7700982
MRPL9,0.7700793
PCGF3,0.77005774
PFKP,0.7700514
SLC15A4,0.77004826
RCC2,0.77004594
RPA2,0.7700439
MRPL28,0.77004015
NME4,0.7700399
PIF1,0.77003
PTPRM,0.7700112
ALDH4A1,0.7699956
POLR3B,0.7699807
RPSA,0.76993734
TIMMDC1,0.7699058
RPS11,0.7699038
PJA2,0.7699008
SGMS1,0.7698974
POLG2,0.7698846
STK25,0.76987875
OXSR1,0.76987815
RBCK1,0.7698517
SH3RF1,0.7698478
PLXNB2,0.7698468
RPS18,0.7698463
ZFPM2,0.76982546
NEIL2,0.76979923
RRP15,0.7697936
SPRY4,0.7697935
ZNF44,0.76977044
PDE1A,0.76976085
NCAPG,0.7697366
RRP7A,0.7697296
TMEM187,0.76972604
PYCR2,0.76971245
SBF2,0.76970184
ZNF823,0.7696815
STAP2,0.769652
SMARCC2,0.7696279
POLR3A,0.76961607
UBA7,0.7695974
SP3,0.7695465
TRMT61B,0.7695465
RABGAP1,0.76953226
SURF4,0.76953197
POFUT1,0.7695238
SPIN1,0.76952153
SCYL1,0.769519
PURA,0.7695187
SRPRB,0.76949936
PSMC5,0.7694923
NIF3L1,0.7694715
FUNDC1,0.76947063
PSMA5,0.76947033
RAB11B,0.7694661
LRR1,0.76945734
SLC35A2,0.76945364
SH3PXD2B,0.7694499
SLC6A9,0.7694483
STAMBP,0.76944506
PIR,0.7694347
PFKFB3,0.7694153
NOSIP,0.7694111
NAPG,0.7694027
PPP6R2,0.76940227
USP19,0.7694008
NDEL1,0.7693764
PI4K2A,0.76937145
PGRMC1,0.7693706
PNRC2,0.76935947
SNRNP70,0.76935214
PCYOX1L,0.76934433
TMEM63A,0.7693188
PHLDA3,0.76929826
ZDHHC8,0.769295
NNT,0.7692883
TNRC6B,0.769279
YIPF5,0.769275
VRK3,0.7692633
P2RY6,0.7692595
MRPL50,0.76925373
RRP1B,0.7692514
RHOG,0.7692504
PLXNA3,0.76924247
SCFD1,0.76919985
PDLIM1,0.76918083
MTMR7,0.7691702
SMYD5,0.7691634
SUN1,0.76916337
MFN1,0.7691495
THEM4,0.7691422
RPS20,0.76913804
RPL37,0.76913214
USP49,0.7691249
TRPC4AP,0.7691214
PHB,0.76911664
SF3A3,0.76911575
SAT1,0.7691078
PYCARD,0.76909286
RASAL2,0.7690852
PFN2,0.7690514
OIP5,0.76904225
PEX19,0.76903236
SSBP1,0.7690221
RAB3GAP2,0.76901996
RPAP2,0.7690054
TNK2,0.7689847
POP7,0.7689742
MBOAT2,0.76896024
STXBP4,0.7689574
RANBP3,0.7689458
NR3C1,0.76890606
PDE8A,0.76890516
NUP160,0.76890105
WDR59,0.76889604
RGS12,0.7688883
SSBP3,0.76886904
PILRA,0.768867
RTN3,0.7688525
SEC22A,0.76883787
ZNF589,0.7688273
SNTB2,0.76881135
RIF1,0.7687978
NDUFS8,0.7687885
ST3GAL4,0.76878625
STT3A,0.7687554
SRRM2,0.76875097
WNT2B,0.7687347
ENPP2,0.7687312
KDM8,0.7687151
UNC119B,0.76867795
NADSYN1,0.7686756
RHOB,0.76867396
PUF60,0.7686725
RGS1,0.76867193
PPP2R5E,0.7686602
MBTPS2,0.7686329
PTGES3,0.7686278
SMC6,0.7686246
ACO2,0.76858914
SHARPIN,0.768579
NOP56,0.76857454
POM121,0.76856697
NEK2,0.7685455
PLA2G12A,0.7685444
OLA1,0.7685255
TAF4B,0.76852506
TIMM8A,0.7685192
SF3B3,0.768515
WDR75,0.7685111
SLC16A3,0.7685051
MTO1,0.76849675
MATN3,0.76848537
ROCK2,0.7684819
RPS7,0.76847476
RNF138,0.76847255
WDR62,0.7684506
PLEC,0.7684461
PRPF40A,0.7684441
PIP4K2A,0.7684364
PEA15,0.7684341
PPIB,0.76841575
SECISBP2,0.7683867
ZDHHC9,0.76836044
PIWIL4,0.7683057
PPP1R8,0.7683001
TLN1,0.76829815
MRPS5,0.76827
POU2F1,0.76825523
MOCS3,0.768254
PPIL4,0.76824635
PRDM4,0.7682454
ODF2,0.76823074
SATB1,0.768224
MLKL,0.7682234
PECR,0.76821524
PSMB7,0.7682126
PAM16,0.7682096
RASA2,0.76820546
F2R,0.7681853
RNGTT,0.76817024
ZNF765,0.7681567
ZNF18,0.7681471
PKD2,0.7681253
PPARGC1B,0.76811695
KCNN3,0.7681151
NR4A2,0.768081
UBAC2,0.7680771
ZNF124,0.7680546
PLCE1,0.7680424
NSA2,0.76803356
IL20RB,0.7680249
RELA,0.7680203
PAWR,0.7680103
MAN1B1,0.76798207
UIMC1,0.76797915
RPL26,0.7679406
SLC7A6,0.76793706
RMDN3,0.76793164
NEB,0.7679075
RAB14,0.7678992
MPP2,0.76789683
TAF11,0.76788884
POLR3D,0.7678728
TTC12,0.767821
PLEKHA7,0.76780117
RRAGD,0.7677972
USP3,0.7677909
PAPSS2,0.7677688
PRICKLE3,0.76776755
POLR2A,0.76775897
CDK3,0.7677564
ZNF620,0.76772374
MSRA,0.7677193
PI4KA,0.7677166
SYTL4,0.7676762
STIP1,0.76767325
RFX3,0.76762736
PIGK,0.7676243
PIK3AP1,0.76760286
IDH3G,0.7675806
POLR2J3,0.76757187
TUBG2,0.76756907
PPP1R7,0.7675529
RTN4,0.76754993
LAMC2,0.7675447
ZNF573,0.7675447
VPS33A,0.76750886
PTPN7,0.7675057
OBSL1,0.767491
PSMB3,0.76748514
PSME4,0.7674824
RPS6KA1,0.767481
SCD5,0.7674393
LTB4R,0.7674322
RAB11A,0.7674242
MNAT1,0.7674231
MAPRE2,0.7674217
SMG6,0.76742125
PSMG2,0.76741886
IFT80,0.7674077
TADA3,0.76738435
SLC12A8,0.7673716
SPRED2,0.7673424
MLF1,0.7673227
PACSIN2,0.76732045
PPP2R5C,0.7673023
RAB8A,0.7672997
PEMT,0.7672896
OPHN1,0.76727647
TMEM132A,0.7672747
NES,0.7672501
SMAD6,0.76722217
PREPL,0.76718193
SEC61A1,0.76717305
RAB10,0.76716465
SMURF2,0.76714474
SLC11A2,0.76708794
SOS2,0.7670834
PCNT,0.76707345
SH3GLB1,0.76704496
MRPS9,0.7670366
UBE2E3,0.7670245
SPG11,0.76700544
PPP1R16B,0.7669575
SSBP2,0.76695716
SLCO3A1,0.7668782
LEPROT,0.7668404
PELI1,0.7667944
NSMCE4A,0.7667924
PACS2,0.76678395
PAAF1,0.76677996
PAFAH1B1,0.7667739
KIF18A,0.76676154
RPS5,0.7667608
MRPL30,0.7667549
TRMT6,0.766739
PYGO2,0.76671624
RAN,0.766715
RAD54B,0.76671094
SLC25A26,0.76665944
UAP1,0.76664954
TCTN3,0.76660717
UQCC1,0.7666025
SMC4,0.7665261
UBE2D1,0.7665098
PSME2,0.76650655
NAA10,0.76650006
ZNF562,0.7664605
SLAIN2,0.76644635
SEC24D,0.76644576
LIN7C,0.7664192
PMEPA1,0.7664043
RNF111,0.7663764
UFC1,0.76637506
ZRANB1,0.7663747
RBM28,0.7663566
SLC19A1,0.7663339
PDGFD,0.76633334
IMP4,0.7663205
TBC1D10B,0.76631343
LMTK2,0.7662711
GBP4,0.7662446
PLEKHA2,0.7662422
PGD,0.76623577
SRP68,0.7661978
WDR43,0.76618415
TEX264,0.76617676
PNPT1,0.7661552
ST3GAL6,0.7661386
VPS52,0.7661266
SNAPC1,0.76612175
TECPR1,0.76611716
RNASEL,0.7661152
INTS12,0.7661085
PPCDC,0.7660907
NDUFB1,0.7660662
STOM,0.7660371
SENP1,0.766035
SKIV2L,0.7660093
RPL27,0.7659987
PPIH,0.7659885
PPP2CB,0.7659564
PISD,0.76592815
TMOD3,0.7659165
PPAT,0.7659142
TNFRSF10D,0.7659141
RPS27L,0.76589465
SSR3,0.76588863
UBC,0.765882
RPS6KB1,0.76587826
MED25,0.765868
STK4,0.7658338
SEMA6A,0.76580346
XPO4,0.76579815
LAT2,0.7657853
NDUFV2,0.76577336
UQCR10,0.765772
OPRL1,0.76574886
PHACTR1,0.76573783
KCNG1,0.76571935
SPARC,0.7656918
ITGA1,0.7656834
SUCLG1,0.76566494
SRCAP,0.7656573
RALGPS2,0.76563084
SPATA5,0.7656307
PDLIM2,0.76558894
RPL35A,0.7655766
TUBB4B,0.7655509
ZNF714,0.7655491
RRN3,0.76553047
ZNF528,0.76551545
IL10RA,0.76550716
PRPF4,0.76549494
VKORC1L1,0.7654891
UCK2,0.7654611
TOMM34,0.7654581
ITGBL1,0.7654541
RCHY1,0.7654159
GNPDA2,0.7654116
TAB3,0.765411
PRDX1,0.7654063
TTK,0.76540273
PHF21A,0.76538867
POLR3F,0.7653743
FAM220A,0.76534665
XYLB,0.7653419
NVL,0.76531947
SPTSSA,0.7653025
PNN,0.765291
SCFD2,0.76527154
PPA1,0.7652281
PRKAG2,0.76521826
METAP1,0.76521575
XRCC4,0.7651681
AAR2,0.7651592
TULP4,0.76514673
PPM1A,0.7651414
ZWILCH,0.76512736
PIK3R4,0.76512265
USP14,0.7651158
ZNF638,0.7650999
UGP2,0.7650765
OSBP,0.7650504
TAOK3,0.7650461
SPTBN1,0.7650402
SRSF9,0.765031
RALGAPA2,0.7650226
LIN7A,0.7649923
WNK1,0.76498485
PLCB4,0.76497537
RNF40,0.76496714
SEMA3C,0.76494575
CDK5,0.7648883
PTBP1,0.76487875
LAMTOR3,0.7648742
RABGGTB,0.76487046
RBM7,0.7647721
ST3GAL1,0.76476985
PPP4C,0.76475096
ZNF430,0.7647417
SLC2A1,0.7647248
PHAX,0.76472306
SYNE1,0.76472056
LTN1,0.76468265
WDR41,0.7646807
ZC3H13,0.7646674
NELFB,0.7646538
RDH10,0.7646464
SRD5A1,0.7646279
RGP1,0.7646017
ZKSCAN4,0.7645926
PIGQ,0.7645882
TAF1B,0.76458734
TREX1,0.76455086
F13A1,0.76453596
SNRNP200,0.7645216
TNS3,0.7645011
MRPL45,0.7644831
NOL7,0.76448154
STRN3,0.76446396
VAV3,0.7644615
SKAP2,0.7644415
NDUFAF1,0.76444066
WDR6,0.7644362
TEAD1,0.7644348
PPIL2,0.7644175
IKZF4,0.76441485
SCARA3,0.7644122
PSMA4,0.7644088
UNC45A,0.76440513
SNCA,0.76439935
SLC1A3,0.76439935
PFKFB4,0.7643891
LRSAM1,0.7643597
UNK,0.76435804
PYGB,0.7643447
TMPO,0.76432693
RPL6,0.7642753
SMUG1,0.76425207
PDXP,0.76425
SBF1,0.764246
RABEP2,0.764241
UNC119,0.7642408
TOR1AIP2,0.7642401
BTC,0.76421744
PDIA4,0.764162
PANK2,0.7641529
PTDSS2,0.7641223
RPF1,0.76411986
RNPS1,0.7641137
SIRT3,0.7641003
PLD3,0.76409674
RBFOX2,0.7640653
ZNF354B,0.76405853
RNF8,0.76402587
PSME1,0.764018
TAF1C,0.7640003
TMED10,0.7639951
WDR35,0.7639901
UBA52,0.76398677
PCGF2,0.76398534
TBC1D1,0.76398325
TALDO1,0.76395404
RAP2A,0.76394534
PDGFC,0.7639233
YBX1,0.7638792
TYW1,0.76387346
PTGER4,0.76385504
TTC37,0.76378965
STIM1,0.76375645
PRMT1,0.76375574
TRIM26,0.76372606
PPM1L,0.763716
ZNF83,0.76371056
PYCR1,0.7636983
LNX2,0.76369154
RFX5,0.76368314
WASF2,0.76368034
PPFIA1,0.763673
PIGG,0.7636664
RHOT2,0.7636647
TAF7,0.7636639
OCRL,0.7636566
TGFBI,0.76364213
RNF220,0.7636119
RDX,0.76360506
SP1,0.76360106
XRN2,0.7635909
NFATC1,0.7635888
ZFYVE27,0.76357347
MRPL40,0.7635624
WDR70,0.7635608
HOMER3,0.76352847
NDE1,0.76352674
RPL34,0.7635241
THRA,0.7635148
RCL1,0.76350206
PREB,0.76348245
TOPORS,0.76342803
PPP1R10,0.7634225
SSH2,0.76341605
ROCK1,0.76340485
PPP2CA,0.7634043
IK,0.76339924
UST,0.7633947
IFI44,0.76338714
NT5C3A,0.7633634
RBX1,0.763352
SLC27A5,0.7633247
PFKL,0.76331526
SLC25A22,0.7633136
PTPN9,0.7633034
SIK3,0.76327324
PIGL,0.76326364
PTP4A3,0.7632211
TRAPPC4,0.7631933
USP48,0.76318794
NUDC,0.7631658
TPCN2,0.7631576
TMC8,0.7631445
POLI,0.76313514
PPRC1,0.7631028
MYO7A,0.763096
RYK,0.76308703
PTMS,0.76308405
PTBP2,0.76307565
PDP1,0.763072
XPO7,0.76305467
RAD18,0.7630509
TRIOBP,0.7630432
RCC1,0.7630326
TRPV2,0.76301914
PLD1,0.7630176
SNAP29,0.76301605
TRPS1,0.7629889
PHYKPL,0.7629819
RHBDD1,0.762974
MMAA,0.7629262
TBX19,0.76292
SMPDL3A,0.7629113
TOR1A,0.76290756
SNRPB,0.76289046
NUP62,0.76287055
YEATS2,0.76285887
TRAPPC8,0.762826
QSOX1,0.7627789
UCKL1,0.76276916
SPPL2A,0.76274264
TUBB2A,0.762739
SDCCAG8,0.76272583
SEC63,0.7627241
PAIP2B,0.7627227
YIPF6,0.76272094
TACC3,0.76270753
TFCP2,0.7626938
NUTF2,0.7626935
ZNF33A,0.76268995
NOP16,0.7626889
SLC39A1,0.7626828
UFM1,0.7626691
TAF5L,0.7626688
ZNF2,0.76265347
USP47,0.7626423
NR1H2,0.76263005
POLA2,0.76261145
SCD,0.7625846
RPL12,0.7625809
TIMELESS,0.7625264
LDB2,0.76252586
WDFY3,0.7625077
TBC1D15,0.7624923
PSMA7,0.76249033
PKD1,0.7624858
PDHX,0.762475
INIP,0.7624614
TOM1,0.76246035
TMEM97,0.7624441
NOLC1,0.7624424
TFAP4,0.7624411
UPRT,0.76243484
TSNAX,0.7624286
TRMT1,0.76238877
TNFRSF10A,0.7623791
SURF6,0.7623109
PPP2R1B,0.76230955
TCERG1,0.7622922
NEU1,0.76228446
THOC1,0.76227725
RACGAP1,0.76227593
SKA2,0.76226455
MRTO4,0.7622332
RPA1,0.7622149
PRPSAP1,0.7622144
STRIP1,0.76219094
RAB37,0.7621763
PKN1,0.76217103
PPP3R1,0.7621565
LRP4,0.7621565
TDP2,0.762111
PTPRA,0.76210916
SLC25A13,0.7621075
RNPC3,0.7620734
TRNAU1AP,0.7620685
SLC30A6,0.7620573
RAB11FIP1,0.76205164
MEPCE,0.76204556
MICALL1,0.76203394
USP7,0.76202685
REPS1,0.7620264
PLEKHG2,0.76200527
UBAP1,0.76198035
PTRH2,0.761978
ZNF7,0.7619744
MED20,0.76197034
SNRPD1,0.7619688
STRN4,0.7619683
SPAG9,0.7619621
NMNAT2,0.7619402
MPND,0.7619389
SCLT1,0.7619302
ZNF155,0.76191115
RBBP4,0.7619054
NECAP2,0.76190174
FZD1,0.7618842
RFC2,0.7618319
PLEKHA3,0.7618288
SHISA5,0.76182157
SMARCC1,0.76178753
TPST1,0.7617867
TIMM17B,0.7617588
PRPF3,0.7617436
RUFY3,0.76172763
PKP3,0.761724
SCARB1,0.76170886
NANS,0.76170754
RAB6A,0.7617046
SURF2,0.76170427
PPM1B,0.76170415
POLR1A,0.7617032
PSMD11,0.7617029
SCLY,0.76170135
SCAMP2,0.761699
RIOK3,0.7616818
MEAF6,0.7616669
MSMO1,0.76166314
LIPT1,0.76165116
SMPD2,0.76165086
PEX14,0.76160455
TNRC6A,0.7615896
TUBA4A,0.7615826
MMADHC,0.7615753
POMP,0.76153845
WSB1,0.7615154
TRAK1,0.76150906
STK3,0.7614874
SLC27A4,0.7614444
VPS25,0.7614181
PCDH7,0.7613969
RSRC1,0.7613896
TGS1,0.7613822
SLC7A11,0.76135087
POLA1,0.7613436
UBQLN1,0.7613176
SOS1,0.7613126
PQBP1,0.7613109
PHC3,0.7613094
TUBD1,0.7612428
PARP14,0.7612415
SCMH1,0.7612232
ZNF778,0.76121634
LPCAT3,0.76120716
ZNF451,0.7612055
SMG7,0.76117206
TLN2,0.7611707
PDPR,0.7611531
ST3GAL2,0.7611417
NUBP2,0.7611266
TRMT10C,0.76112056
MRPL54,0.76111394
TARS2,0.7611059
PSMD3,0.76109785
TBC1D4,0.7610891
RPL21,0.7610814
MRPL11,0.7610812
VGLL4,0.76106524
PSMB10,0.76103425
UNG,0.76102984
S100A11,0.7610247
UBA6,0.7609749
TBC1D8B,0.7609466
PTH1R,0.76094526
SYNGR1,0.7609356
USP22,0.7609277
ZNF207,0.76092625
TRERF1,0.7609261
PDE6D,0.7609211
PPID,0.76092076
SIL1,0.7609143
PPP2R5A,0.76091397
RBM22,0.7608987
PAXIP1,0.76088125
ZNF496,0.76083374
ME3,0.76083225
TSR1,0.760826
TFB1M,0.7608074
WDHD1,0.7607958
TOB1,0.7607936
CD4,0.76075953
NABP1,0.7607154
SRSF11,0.7606999
SUPT16H,0.7606911
SAE1,0.76068825
TIPRL,0.76068676
PPIE,0.76067924
RNF103,0.76066774
RPL28,0.7606212
RPL18A,0.7605933
UBE3C,0.76058847
SYNGR2,0.76058584
WIPF2,0.76054823
PIAS3,0.7605267
TJP2,0.7605207
SOCS6,0.7604889
MRPS10,0.7604673
CALCRL,0.7604622
TRAF3IP2,0.76045847
TRAPPC12,0.76045406
TIMM21,0.7604539
ZNF670,0.76045233
NSDHL,0.760446
PSMB1,0.7603869
ZNF41,0.76034373
B3GNT8,0.76033026
RHOU,0.7603255
RALY,0.76029146
SRSF6,0.7602313
SRSF10,0.7602248
TBL3,0.76022005
RSL24D1,0.7602124
TOR4A,0.7601996
RPL23A,0.7601959
RNF123,0.7601648
YIF1A,0.76012033
SYMPK,0.7601201
RAD23A,0.7601093
TRIP6,0.7600973
SLC18A2,0.76005745
PSMD10,0.7600562
SNAP47,0.7600558
TMEM11,0.7600415
LDHD,0.76003313
TESK1,0.76003265
RBM14,0.76001114
SRI,0.7599959
STX16,0.7599706
STARD4,0.7599672
PNPLA2,0.7599648
ZNF324B,0.7599635
PGAM5,0.7599481
RNF217,0.7599435
PHKG2,0.75993925
SEMA3A,0.7599374
YRDC,0.7599306
SUPT6H,0.75990975
ZNF45,0.75990653
RPRD2,0.7598926
UBR1,0.7598907
UBE2E2,0.7598867
SIRT1,0.75987154
PSME3,0.759871
MRAS,0.7598556
NNMT,0.75985104
LMF2,0.75984484
TPX2,0.7598431
YWHAQ,0.7598233
INPP5K,0.75981987
PDE12,0.7598058
HMOX1,0.75978154
METTL21A,0.7597515
SART3,0.7597506
SRPK2,0.7597358
PLCB3,0.75970334
PGGT1B,0.7596824
PCDHB15,0.7596786
SPIRE1,0.7596699
TEAD2,0.7596358
SLC1A5,0.7596208
RAB12,0.7596169
ZMAT2,0.75961655
ZFAND6,0.759568
SNAPC3,0.75953674
RORA,0.75952935
RAB1A,0.7594954
VCP,0.7594896
SSU72,0.7594584
MAP2K3,0.7594561
RGS5,0.7594528
SYNRG,0.75944
NDUFAF5,0.75942045
TPD52L1,0.7594128
SDC2,0.7594055
SLC44A2,0.7594036
SEH1L,0.7594007
STAU1,0.75940007
TNIK,0.7593518
PSMB5,0.75934845
IL11RA,0.7593441
PLAGL1,0.7593379
TAF5,0.759322
HERC3,0.7593213
PAK4,0.75932115
PORCN,0.7593198
PKN2,0.7593122
PLEKHM2,0.75930756
RPAP3,0.75929475
SENP6,0.7592941
SMU1,0.75927174
RIN1,0.7592703
SDF2,0.7592619
RMND5A,0.75925297
TAF9B,0.75921345
HCFC2,0.7591939
RAB9A,0.75918686
ZNF133,0.7591845
SWSAP1,0.75917226
LSM4,0.75909233
SAMD8,0.7590745
RHOBTB3,0.75906515
VTI1B,0.7590331
TAOK1,0.7590083
ZNF678,0.75900763
MKKS,0.759003
SRGAP1,0.7589879
SARM1,0.7589676
YBX3,0.7589616
UBAP2L,0.75895655
ZNF90,0.75894594
SEC61A2,0.75892967
RELT,0.75892854
RAPGEF1,0.75889826
ZBTB7B,0.7588895
SERPINB6,0.758879
CEACAM1,0.7588538
ZNF473,0.7588511
PSEN1,0.7588505
TICAM1,0.7588416
THOC2,0.7588339
UHRF2,0.7588324
SAP30BP,0.7588081
PSMC6,0.7588056
SRSF1,0.75878954
TIMM13,0.7587533
TAF1D,0.7587339
PSMB4,0.75872886
SNRPD2,0.7587213
SHC1,0.75870466
PKIA,0.75869536
SIN3B,0.75868213
PLOD3,0.758675
TTC30A,0.75867397
ZNF92,0.75861293
SASS6,0.7585901
RFX7,0.7585884
KLHL12,0.7585709
PAK6,0.7585399
SNRPD3,0.7584921
VPS26A,0.7584733
ORC4,0.758469
RNF31,0.7584597
ZMIZ1,0.7584064
TACC1,0.75839996
NRF1,0.7583682
ZNF593,0.75836796
ZMYND8,0.7583608
UBR4,0.75835866
SAP30,0.7583468
MED9,0.75834054
PMPCA,0.7583252
SLC3A2,0.7583175
TTC21B,0.7582925
MLX,0.7582855
TNKS2,0.75826406
RHOT1,0.7581915
MON1B,0.7581774
ZKSCAN1,0.75817585
WAC,0.7581714
SFSWAP,0.7581561
TFDP1,0.75814277
CFB,0.7580709
SEC16A,0.7580648
NTN4,0.75803024
PIGB,0.75803
TGIF1,0.7580209
WLS,0.75800866
MAPK7,0.7580003
TPK1,0.7579845
NFYA,0.7579657
YWHAG,0.75787574
SMAD7,0.75786394
ZNF552,0.7578557
SLC9A1,0.7578497
NTAN1,0.7578483
SHPRH,0.75784725
SLC25A28,0.7578451
IVD,0.75783706
TSEN2,0.7578346
PYGL,0.7578344
PKP4,0.7577995
SMCHD1,0.7577782
TRIM44,0.7576923
PHF5A,0.7576768
THADA,0.7576698
RIOK1,0.7576534
WDFY2,0.75764185
SRGN,0.7576044
TBX2,0.7575897
ORAI3,0.7575454
POLD2,0.7575319
TAPBP,0.7574935
TERF2,0.7574831
UBE2V2,0.75747895
PSMB8,0.7574776
SENP8,0.7574624
PAN2,0.75746
POMT1,0.7574588
PFKFB2,0.7574446
UBXN1,0.7574397
POLR3H,0.7574147
RAP1A,0.7574073
UBE2W,0.7573854
ZNF721,0.75731003
GPNMB,0.7573
SKIL,0.7572995
USP34,0.75725996
STARD10,0.7572458
SLC25A38,0.75723875
MSX2,0.7572344
RPS15A,0.7572122
PAPSS1,0.75720364
ZFP1,0.7571846
SGPP1,0.7571532
TMBIM6,0.7571504
TK1,0.7571473
PSPC1,0.7571421
ZNF248,0.75713813
SH3BP4,0.75713366
PRDX2,0.7571277
OPN3,0.75711167
KCNH2,0.75710934
TAF4,0.7570934
TIAL1,0.7570833
PGP,0.7570729
PPM1K,0.75706124
ZNF527,0.7570077
SACM1L,0.756979
TBC1D17,0.7569178
LYPLA2,0.7568983
SNRPE,0.7568919
S100A6,0.7568894
PDCL3,0.7568803
WWC1,0.7568742
TAB1,0.75686085
EHD3,0.75683415
USP9X,0.7568164
SWI5,0.75680095
CETP,0.75679076
PITPNM1,0.75679064
SPAG7,0.75676894
SEC23A,0.7567682
WASL,0.75675625
RABL2A,0.75675315
RWDD3,0.7567381
RAP1B,0.75673133
RABGEF1,0.7567309
RUVBL2,0.75671035
TRIP4,0.7567083
USP15,0.75668645
TRAP1,0.7566629
TNFRSF1A,0.7566473
WDR36,0.75663173
IL12RB1,0.7566286
RGS16,0.7566215
ZNF519,0.75661516
MTF2,0.756607
ZC3H15,0.7566008
SEC11A,0.75656956
RNF25,0.75655717
POGZ,0.7565217
PTPMT1,0.75647044
PAPOLA,0.7564645
UBAC1,0.75646293
RNF216,0.7564472
YME1L1,0.75637513
SMARCAL1,0.75636625
RANBP9,0.75636417
PIAS4,0.7563576
PRKD2,0.75634795
PPP4R1,0.75633484
ITGA8,0.7562831
USF2,0.7562721
PLTP,0.7562643
TLR7,0.756258
TDP1,0.75624835
TARDBP,0.7562282
RHOQ,0.7562252
RGS17,0.75622195
SRSF5,0.7562094
CLDN1,0.7561956
XRCC5,0.7561871
UBE3B,0.7561707
ST13,0.7561667
TBCEL,0.75612444
YIPF2,0.7561157
TRUB2,0.7560763
GNG11,0.7560662
SHMT1,0.7560658
ZBTB8OS,0.75605315
WDR61,0.7560353
MIEN1,0.75603163
UBE2G2,0.7560189
SH3PXD2A,0.7560189
RRM2B,0.7560168
OPA1,0.7560082
SAFB,0.75595254
NR1D2,0.755919
SNRNP48,0.75585616
RCOR1,0.7558477
PTPN22,0.7558467
RAB5A,0.75582415
RPS3A,0.75581986
STK11IP,0.7558162
METTL14,0.7558107
SENP5,0.75578696
CHRNA10,0.75572777
RNF19B,0.7557135
TTC7B,0.7557035
TANC1,0.75570065
UBE2R2,0.75569457
TERF1,0.75565
SLC25A3,0.75564694
SIK2,0.75563663
ZNF394,0.75563335
RBPMS2,0.7556145
SNX17,0.7555852
SUGT1,0.75557405
RPS13,0.75557405
SPPL3,0.7555034
SUPT3H,0.75550246
MRPL27,0.7554986
TTYH3,0.75548804
SMURF1,0.7554878
UBE2D3,0.7554864
TSNARE1,0.7554698
MAN2A2,0.7554454
ZC3HC1,0.75543386
TSPAN14,0.7553986
PRDX4,0.7553684
POLD3,0.7553653
NDUFA3,0.75534666
HSD17B7,0.7553303
ULK2,0.7553236
TMEM70,0.7553235
MIB2,0.75527906
ZNF561,0.7552098
AK9,0.7551849
MAGED2,0.75517476
PDCD10,0.75514925
CYP39A1,0.7551011
HERC6,0.755094
TAOK2,0.7550883
TMEM214,0.7550745
PTDSS1,0.755065
ZNF337,0.7550626
TRIM35,0.75505346
MAP2K7,0.7550527
LILRB3,0.75504166
TAX1BP1,0.7550233
LRRC4B,0.75502324
ROR1,0.7549703
UTP3,0.75490636
SH3D19,0.75487286
PMF1,0.7548628
NUP50,0.7548331
USP32,0.754817
NRL,0.7547678
ZNF320,0.7547668
TBK1,0.75472516
PRCP,0.7547184
UNC13B,0.7547145
ALG2,0.75471336
WRNIP1,0.7547126
TP53RK,0.7546947
ZBTB17,0.75468355
SNAP23,0.7546673
MRPS16,0.7546617
SAP18,0.7545868
ST6GAL1,0.75458217
RUFY1,0.75457966
CHRD,0.754564
ZNF266,0.75456136
UBA2,0.7545546
TRPM7,0.75449497
ZNF440,0.75449437
SEC14L1,0.75447136
SAMM50,0.7544666
TDRD7,0.754445
ZNF283,0.75443995
RNF168,0.75443536
ZNF586,0.7544284
TOR1B,0.7543869
UBE4A,0.75437
RIMKLB,0.75435686
POLR2D,0.75433826
RMI1,0.7543246
SPOPL,0.7543178
TJP1,0.7543093
S100PBP,0.7542954
RAB1B,0.75428456
PHC2,0.75426865
PLCL1,0.75426644
PRKAA1,0.7542557
RNF2,0.75424504
SEC62,0.75423664
SRSF4,0.75421864
SNRPA,0.75411516
PLEKHG3,0.7540856
STRIP2,0.75407785
PARVB,0.7540524
UQCRQ,0.7540283
MAPK11,0.7540158
UBXN4,0.7540085
PRPF40B,0.75397307
CISH,0.7539707
RANGAP1,0.75396425
WARS2,0.7539571
TPRKB,0.75393295
TRIM3,0.7539082
ZNF160,0.753896
PRR5,0.7538654
TYW3,0.75385344
TNFAIP8,0.753847
RPL10A,0.75382036
NELFA,0.75380206
PSMA1,0.7537973
PTTG1,0.75378835
SYNE3,0.753785
ZNF623,0.753731
SIRT6,0.7537145
RLIM,0.7537066
RAD23B,0.75369596
ZYX,0.7536551
ZNF664,0.75363934
ZNF701,0.7536327
NOP2,0.7536209
CMKLR1,0.75360256
PTGER2,0.75359434
SPTBN2,0.7535791
PER3,0.75357795
CLDN23,0.75350374
SMDT1,0.7534986
TUFM,0.7534899
ZNF738,0.75347316
PPP3CB,0.75345564
RBL2,0.75345105
INO80B,0.7534488
TXLNG,0.75340456
ZNF326,0.7533839
NAPA,0.7533372
RPL31,0.7532698
YWHAH,0.75324595
SGMS2,0.7532407
UBA3,0.7532237
RAP2B,0.75319755
POLR2G,0.75318056
PDRG1,0.75316113
UBE2S,0.75311553
SPAG16,0.7530906
ZNF445,0.7530831
OAS3,0.75306475
SLC12A9,0.75304794
CLIC3,0.7530085
RFC1,0.752999
RRP36,0.75290674
TPCN1,0.75290334
TBC1D14,0.7528954
YWHAZ,0.75288033
PIGM,0.7528241
PSMB9,0.7528095
PRKRA,0.7528073
TUBGCP3,0.7528057
PARP9,0.75280535
WNT5A,0.752739
SUPT7L,0.7527211
TSN,0.7526809
SIPA1,0.75267917
UTRN,0.7526772
RAB5B,0.7526242
TRIM62,0.752614
INTS8,0.752557
RPN2,0.7525274
PCYT2,0.7525028
TIA1,0.7524657
PNO1,0.7524146
SF1,0.7524139
ZMIZ2,0.7524033
PTCD3,0.7523936
POMGNT2,0.75237286
TXNL1,0.75234455
TEX10,0.7523112
TAF9,0.7523009
ZNF100,0.7522831
PRX,0.75227946
UBE2K,0.75226104
PIPOX,0.7522186
RNF169,0.75220966
ZNRF2,0.7521695
PSMD8,0.7521398
OSBPL1A,0.75213146
TRAF3IP1,0.7521258
TXNIP,0.7520946
VIM,0.7520339
NUFIP1,0.7520026
PSMB6,0.7519898
SCNN1A,0.75196713
PRPF38A,0.7519657
TTF2,0.7519362
KDELR3,0.7518994
HS3ST1,0.7518783
WDR46,0.7518748
MANEA,0.751868
UBE2T,0.75181735
VIPAS39,0.75177824
PIK3C2A,0.751754
POLR2C,0.75174755
USP12,0.75171375
ZNF710,0.7517056
RAC3,0.75169885
TCTN2,0.7516167
RFX2,0.7516063
TRIP12,0.75160336
MED22,0.7515878
CHST7,0.75155884
SLC25A5,0.7515446
RPP40,0.7515349
WIPI2,0.7515243
XAB2,0.7514549
ZNFX1,0.7514429
MIF4GD,0.7514168
PFDN5,0.7514144
POLL,0.7513999
REXO4,0.7513867
RELL2,0.7513346
ORMDL1,0.75130844
NDN,0.7512482
PTPN4,0.7512379
QDPR,0.75123733
RAB42,0.7512344
SRP14,0.7512203
SEPHS2,0.7511722
XPO6,0.7511568
SNAPC5,0.7511496
TBL1X,0.75114787
RNF11,0.75113726
CPLX1,0.751137
PNKP,0.7511051
UVRAG,0.7510932
RGS14,0.7510859
NLRC5,0.75100857
RPL38,0.751006
SPIDR,0.75097764
RNF185,0.75096124
RANBP6,0.7509389
NR2C1,0.7509361
VDAC2,0.7508674
TBCD,0.7508673
VPS36,0.7508408
ZNHIT1,0.75083196
TRIM28,0.7508288
TEAD4,0.7508261
ZNF680,0.7507911
TRIM56,0.750789
PNP,0.7507836
SEC24A,0.75078034
RGS10,0.75077814
SUMO1,0.7507771
UBE3A,0.7507769
UBN1,0.75074804
SPTLC1,0.75073254
TES,0.75072193
SCAF1,0.7507026
TRIM2,0.75065696
PIK3R5,0.75061053
UBXN6,0.75060767
ZNF227,0.75059766
PPP1R15A,0.75058967
UQCC2,0.7505881
ZNF131,0.7505767
XPR1,0.75056434
TRA2A,0.75054514
SLC39A7,0.75049204
XPO5,0.7504528
WBP2,0.7504331
SNX8,0.75041825
RPL7,0.7504155
MED7,0.75036466
SNX4,0.75032425
PTS,0.7503241
CLDN11,0.7502863
SUGP1,0.7502405
RPRD1A,0.7501672
KIFAP3,0.7501671
SRM,0.7501275
NELFCD,0.7500678
ZDHHC7,0.7500357
SNX18,0.75002503
ST14,0.7500218
PDCL,0.75001055
SSR1,0.74999946
RANBP1,0.74998546
FABP5,0.7499583
TIPIN,0.74992114
ZKSCAN7,0.749876
PLXNC1,0.74986756
SCN1B,0.74986196
TCP1,0.7498598
STK24,0.7498304
TGM2,0.74982035
VCPIP1,0.7497978
ZFC3H1,0.749789
POLR2K,0.7497387
RASSF8,0.7497276
POGLUT1,0.74969494
TTC27,0.7496891
HSPB8,0.74966687
JUND,0.74963343
STX2,0.74962837
RPL22L1,0.7495876
RBM17,0.749577
UBE2Z,0.74950415
RPL36AL,0.7494908
SRF,0.7494901
SRRT,0.7494683
ZNF71,0.74946535
PRKACB,0.74945253
SMG5,0.7494466
RHOBTB1,0.7494138
TROAP,0.7494112
RAPGEF6,0.74940693
SH2D3A,0.7493878
PLRG1,0.7493781
TRIM25,0.7493748
UBIAD1,0.74936247
RBMX2,0.74933785
TATDN2,0.74933136
WDR5,0.7492928
ZNF587,0.74928224
MRPS35,0.7492279
SLC2A3,0.749225
TMED7,0.74919873
TNPO1,0.7491919
SCP2,0.74917907
TIMP3,0.74916065
TTLL12,0.7491508
TNFRSF10B,0.7491312
RAB3GAP1,0.74910575
RASSF6,0.7491038
TMED3,0.7490711
RAB11FIP3,0.7490686
SLC25A17,0.7490496
SEMA6B,0.74903166
RGS19,0.7490135
ZKSCAN3,0.7489976
GSDMD,0.74899316
VMP1,0.7489643
TPM1,0.74896145
MED19,0.7489557
USP5,0.7489497
PIP4K2C,0.7489256
SUMF2,0.74888444
SLC25A25,0.74878603
TSPAN33,0.74877816
SLC35B2,0.748769
MATK,0.7487584
RNASEH1,0.7487311
USP24,0.74872357
TPGS2,0.7487231
TPD52,0.74872094
SAT2,0.74871564
TUBB6,0.7487002
ZDHHC2,0.7486861
WDR3,0.74867284
RXRB,0.74862444
VPS54,0.7485941
UBE2G1,0.7485891
PRKAR1B,0.74857694
ZRANB3,0.7485678
RBMX,0.74855286
LCP2,0.74851984
ZNF282,0.7484962
PPFIBP2,0.7484793
NPRL2,0.748469
CLEC7A,0.74846846
LRRC6,0.7484489
PSMG3,0.74842805
UCHL5,0.7483783
OAT,0.7482693
RAB11FIP4,0.7482474
TRIM13,0.7482215
ABCC1,0.7482156
COL5A3,0.74820834
ZNF550,0.7481952
RRP9,0.7481743
TTBK2,0.7481084
TOMM7,0.7481018
ZNF254,0.7480868
RAB30,0.7480766
MFSD10,0.7480632
UBXN7,0.74802214
USP37,0.747997
SNW1,0.74795866
PRKCH,0.7479356
ZNF700,0.7479125
PLOD2,0.74786305
SEMA4C,0.7478603
MRPS31,0.7478402
WDR1,0.7478271
SPNS1,0.74781996
NDRG2,0.74776065
XYLT1,0.7477544
PPIL1,0.7477487
ZNF770,0.74773043
ZER1,0.7477124
THAP4,0.7477039
STX17,0.74767005
RAB40B,0.74766016
STXBP3,0.74760383
TRA2B,0.7475979
STARD3,0.7475795
RNASET2,0.74753875
PGM2L1,0.74752504
PSENEN,0.7475232
UBE4B,0.74751127
PI4K2B,0.7475069
UHMK1,0.74749327
TRAF4,0.7474671
ZCCHC7,0.74744517
TCEA3,0.74743783
SOAT1,0.74743235
USP33,0.7474002
SLMAP,0.74739397
VPS11,0.74739295
SOD1,0.74739265
AASS,0.7473847
ZWINT,0.7473569
SSB,0.74731517
UPF3A,0.7472928
TSPYL2,0.74728614
USP20,0.7472749
ZNF549,0.74726397
SIN3A,0.74722576
SPSB1,0.74721724
SERPINH1,0.7471357
ZMYND11,0.7471049
ZNF107,0.74709636
UBE2I,0.74707407
TRIM14,0.74706674
STK38,0.7470248
ZNF350,0.74702054
RALGAPB,0.74698627
RAB6B,0.74694115
PRMT5,0.74691457
FAM20A,0.7468098
PGM3,0.74680775
STC2,0.74680144
ZNF462,0.7467724
HELB,0.7467412
TMEM50A,0.74672157
VPS4B,0.74671686
ZNF3,0.7467162
PHKA1,0.74668455
OSMR,0.7466152
CD38,0.74645
RAI2,0.7464312
RCOR3,0.74642104
RUVBL1,0.7464187
ZNF544,0.7464031
ZNF592,0.74638367
PKP2,0.7463608
SH3KBP1,0.74633944
MUL1,0.74632543
SNRPB2,0.7463135
TAF3,0.7462938
LZTS3,0.74627537
GBP1,0.7462135
XPOT,0.7461164
ZNF622,0.7460828
RFC3,0.74604416
TNFRSF21,0.7459939
FGF11,0.74599224
USP28,0.74597704
RCOR2,0.7459525
WNT5B,0.74590707
SSH1,0.7458289
SETX,0.74579006
PFAS,0.7457848
SMARCA5,0.7457323
CSTA,0.74557656
STX18,0.7455493
HSPA1L,0.7455203
UBE2L6,0.7455174
CXCL16,0.74551344
PEX12,0.74544024
TECR,0.7454343
ABCA1,0.7454286
ZNF555,0.74541456
UBE2E1,0.74541074
TUBA1A,0.7453958
SEC13,0.7453938
RNF130,0.7453524
ABCC3,0.7453364
ZMAT3,0.7453177
VPS26B,0.7453048
VAT1,0.74527186
VAC14,0.7452694
QTRT1,0.74525195
CYP2J2,0.7452154
VPS37C,0.7451768
PRPSAP2,0.74516886
XYLT2,0.7451664
IGBP1,0.74516594
ZDHHC17,0.7451319
RHBDF2,0.7451239
MASTL,0.7451058
PIGO,0.74508196
ZNF84,0.74501574
TOMM20,0.74490345
ZNF304,0.7448925
ZNF674,0.7448848
ZNF76,0.7447901
PGAP1,0.7447793
NAA35,0.74471635
SUPT5H,0.7447028
SEMA5A,0.7446876
NUS1,0.7446461
USP4,0.74454707
STAG3,0.7445225
PIH1D1,0.7445163
SLK,0.74450094
RBM5,0.7444897
AATF,0.74447316
REXO1,0.7444404
PICK1,0.7444239
STX7,0.74437743
SLC4A2,0.7443757
MTMR6,0.74435306
MRPS28,0.74433714
MFAP3,0.7443122
SPSB2,0.74431074
ZNF136,0.7442593
WWP2,0.7441794
TCF7L1,0.7441659
CEL,0.7441366
PTGS1,0.74413615
RRAGB,0.74410695
HAVCR2,0.7440537
TRIM37,0.7440097
MR1,0.74393564
ULK1,0.7438552
SNRPA1,0.74385476
PEF1,0.74382854
ZNF791,0.74382037
PDZD11,0.7438087
USP39,0.7437943
USP42,0.74377316
USP21,0.74377215
TMEM179B,0.74375534
TCF7,0.74374413
ZNF566,0.74374384
ZNF500,0.7437426
NDUFA6,0.74371696
SORL1,0.74367756
ZNF699,0.74360967
ZNF480,0.7435639
NPR1,0.7434773
RAB2B,0.74341595
SKP1,0.7433238
SPICE1,0.7432729
SLAMF7,0.743196
TBCB,0.7431229
UQCRC2,0.7431153
STX8,0.7430943
RABIF,0.7430304
ZNF671,0.74301434
ZNF813,0.74299455
SLC25A20,0.7429835
SMAD9,0.7429515
SUPV3L1,0.7429422
UGCG,0.74292797
PARVG,0.74280953
TGFBRAP1,0.7427504
TIAM2,0.74269956
STRAP,0.74269325
OCLN,0.7426793
SPTLC2,0.7426783
TUBA1C,0.7426432
CYP3A5,0.7426328
UBE2F,0.74257755
ZNHIT6,0.7425182
TNFSF10,0.74250907
DES,0.7424761
SART1,0.742467
RBBP8,0.742445
SH3BP2,0.7424183
UPP1,0.7424108
TDG,0.74239105
VTA1,0.742383
TMOD1,0.7423687
MAPK13,0.74234706
MFAP1,0.7423226
TOP3B,0.7422887
UTP18,0.742282
RAB11FIP5,0.7422142
PAFAH2,0.7421052
NRBF2,0.74209327
SYNCRIP,0.74207526
RPS26,0.7420664
SYDE2,0.74203306
PANK3,0.74199706
TTI1,0.74195486
SORT1,0.74194527
PEX11B,0.7418835
PRKAR2B,0.7418687
ETV7,0.7418599
PGAP2,0.7418466
ZFYVE26,0.7417681
ZNF318,0.74172527
TADA1,0.7416878
TIMM44,0.7416672
UBQLN4,0.74166715
VASP,0.74165076
USP25,0.7415608
STX6,0.74154955
OTUB1,0.74151146
RNF7,0.74149877
STON2,0.74149853
LY86,0.7414708
PARP12,0.7414613
DISP2,0.7414459
YTHDF1,0.7414416
TP53BP2,0.7413617
SKAP1,0.74135697
ZNF841,0.7412942
VANGL2,0.741268
TRAFD1,0.7412268
TBPL1,0.7412146
SYT7,0.74119604
CYTH4,0.74105763
ZNF264,0.74102205
ZNF81,0.7409647
POMK,0.7409564
PRKX,0.7409431
UROD,0.7409354
ITGA6,0.7409267
TMED2,0.74087155
TIMM17A,0.74084044
RPE,0.7406702
UBLCP1,0.7406404
SARNP,0.74062544
SSX2IP,0.74061465
TBKBP1,0.7405811
PLK4,0.740579
SYNE2,0.7405509
PIK3R6,0.7405492
TIMP2,0.7404323
ZP3,0.740359
VDAC1,0.74035627
SIAH1,0.74035585
SNX2,0.7403084
RALBP1,0.7403012
ZNF649,0.74029547
PSEN2,0.7402836
DPP4,0.74026585
PURB,0.7402474
PWP1,0.7401012
TMED4,0.74009174
SERINC3,0.74003756
TPRN,0.740023
TXN2,0.7396707
SEC61B,0.73959684
TBC1D13,0.73943734
SNRPC,0.73940617
MIS18A,0.7393983
UBE3D,0.73933166
WBP1,0.73931575
RARS2,0.7392956
TRIM22,0.7392151
SPHK2,0.7390551
USP10,0.7390469
TRAIP,0.7390141
YKT6,0.73900396
SRR,0.7389784
RNF5,0.7389168
WEE1,0.738826
TMEM107,0.7387738
SERINC5,0.7386831
MDC1,0.73867804
RASSF1,0.73865753
SNX13,0.7386425
ZNF34,0.73863274
VAPB,0.7386282
SCO1,0.7386015
TSSC4,0.73845696
RRP12,0.7384519
UPF3B,0.7384206
WASF1,0.73839056
YWHAB,0.7383835
ZNF780B,0.7383427
IFIH1,0.738317
UNC13D,0.73829585
SMAP1,0.73828405
DHDH,0.7382634
P2RY11,0.73824036
HIGD1A,0.7381204
ZFR,0.73811144
TRAPPC6B,0.73810756
PLCH2,0.7381031
ZNF182,0.7380874
SF3A1,0.73803174
ZFP14,0.7379666
PEX6,0.7379419
ZNF250,0.7379306
URM1,0.7378797
TANK,0.7377756
PDE5A,0.7376997
ZNF808,0.73761296
SPAG5,0.73754174
ZNF419,0.73746645
WBP11,0.73733264
VPS51,0.7373308
SOCS7,0.7372959
TCTN1,0.7371776
SV2A,0.7371573
YTHDF2,0.7371013
TRAM1,0.73707175
ZNF32,0.73704404
TOMM40L,0.7370352
PCBP4,0.73698694
TBC1D10A,0.73692214
VCPKMT,0.7369143
SDC1,0.7369072
PLXNB1,0.73684597
PRC1,0.73682827
IFT20,0.7367429
TWF1,0.73671573
TLR6,0.73669285
RAB27A,0.73666435
ZNF611,0.73663914
WASF3,0.736614
SLC35B1,0.7365921
UQCRFS1,0.73657274
TMED9,0.7365448
NAA30,0.7365028
RBBP7,0.73649144
ZKSCAN5,0.73644465
STOML2,0.7364013
SLC9A3R2,0.7364008
CYSLTR1,0.7363933
TNFRSF1B,0.73636925
THOC6,0.7362987
ZCCHC4,0.73626107
SMC2,0.7362529
TMEM258,0.73625106
UGGT1,0.73624337
ZNF12,0.73619306
STK39,0.73617077
GDF15,0.736063
FBXL7,0.7360246
PRPF18,0.7359674
PSAT1,0.735967
SMARCAD1,0.73590845
RBM8A,0.73588836
UBE2B,0.73546547
UBQLN2,0.7352869
TYSND1,0.73527604
PTGES2,0.735172
THAP11,0.7350879
RPIA,0.7350254
SNX3,0.73500544
NXT2,0.7350051
ZNF202,0.73500264
MXD1,0.7348089
TAGLN,0.734725
UBE2H,0.7347155
UBE2Q1,0.7347018
MRPL51,0.73468417
SAR1B,0.73462695
UQCRH,0.73456156
VPS8,0.73448133
PBDC1,0.7344435
RBM4,0.7343904
RPUSD4,0.7343818
PRRT2,0.73437876
TNPO3,0.73429775
THAP7,0.73428047
PER2,0.73416513
SSH3,0.734162
TARBP2,0.7341472
TP53INP1,0.7340144
SERGEF,0.7339943
POFUT2,0.73395985
RNF114,0.73393404
WDR83,0.7339293
RCAN3,0.7338959
SPCS3,0.7338235
UBE2C,0.73380756
EIF4E3,0.7337909
GLS2,0.7336463
TINF2,0.73363763
HRH1,0.73356336
RAP2C,0.73353285
PHLDA1,0.73342544
PRMT7,0.7333168
NOP10,0.73325425
RNMT,0.73324966
VPS37B,0.7332282
SCNM1,0.7331702
UQCRC1,0.73316616
WDR37,0.73315215
TBC1D20,0.7330719
SIKE1,0.73299843
ZKSCAN8,0.7328763
SNF8,0.73280734
RTKN,0.7327513
IFI35,0.7327195
REC8,0.7327137
TFIP11,0.7323801
NDUFA9,0.7323699
SRA1,0.7323468
ZNF543,0.73220646
SKA3,0.7321493
ZNF691,0.73211706
ZNF711,0.7319965
RRM1,0.73199445
TRAPPC2L,0.7319483
NIPA2,0.73194736
SEC24C,0.7319446
TCN2,0.73189896
SLC35A1,0.7318246
SEMA3F,0.7318106
NME3,0.73174965
ZNF219,0.73167753
ZNF548,0.73161995
MRPL44,0.7313922
RPS21,0.73138034
RAB8B,0.7312912
ZNF846,0.73129016
SPTLC3,0.7312387
PRKAB1,0.73119533
SRP19,0.7310606
SYTL1,0.7310228
WDR82,0.73102087
UBE2J1,0.7310097
ZNF423,0.7310094
FZD2,0.7309414
S1PR1,0.73084
SUPT20H,0.7308249
STRADA,0.7307896
THY1,0.73067105
ST8SIA4,0.7306516
TTC5,0.7306112
PEX1,0.7305355
SEC23IP,0.7304397
SSBP4,0.7303748
TRPM2,0.73033917
RNF34,0.7302331
SYNJ1,0.73011565
TM2D2,0.73011005
ZNF267,0.7300782
WDR26,0.7299956
SPAST,0.7299333
UVSSA,0.7298776
TNFSF13B,0.7298378
POLE3,0.7297955
TRIM69,0.72978085
ZNF398,0.7297136
LRPAP1,0.7294941
CD5,0.72946936
RGL1,0.72944534
VAPA,0.7293389
RRAGA,0.72919005
SUPT4H1,0.7291861
IFNLR1,0.7291661
TXNDC16,0.7291617
TPMT,0.7291546
ZNF195,0.7291523
UGDH,0.7291516
PRICKLE1,0.72898054
SEC23B,0.7289727
TADA2B,0.72889423
UNC5C,0.72886384
SRSF7,0.7288484
PTGIR,0.72876936
TIMM23,0.72857386
ECM1,0.7285271
SQLE,0.72849673
PIGT,0.72841656
NTPCR,0.72839046
PLK3,0.7282912
RAD51AP1,0.7282411
RBP1,0.7282255
UBE2D4,0.728085
ZNF708,0.7280277
ZNF91,0.72802585
SPN,0.72788626
PLEKHG5,0.72788036
RAB33B,0.7278494
GNA15,0.72784734
AQP3,0.727779
VPS39,0.7277202
PCSK5,0.7275899
UBXN2A,0.72757894
UBL4A,0.72731555
PNPLA4,0.7272676
MOCOS,0.7272147
UMPS,0.7271782
TGOLN2,0.72716975
SEMA4B,0.7271559
SARS2,0.7271141
TCEA2,0.72707784
TRAPPC6A,0.72706085
TEAD3,0.7270328
GTF2H4,0.7270112
ZNF684,0.7269447
WDTC1,0.7269421
STARD3NL,0.7268822
WDR45,0.7267276
TOB2,0.7267272
ZNF766,0.7265754
SDCBP,0.72655934
NME2,0.72642106
MUC3A,0.7264014
DCN,0.72638667
COL6A3,0.726364
TRIM38,0.72635704
ZNF783,0.7262804
WDR11,0.7262686
FBXL22,0.72612715
MLYCD,0.725952
SETMAR,0.7259157
SNAPC4,0.7257708
VPS35,0.72574145
PMVK,0.7256924
SEL1L,0.7253256
ITGB6,0.7252967
RNF41,0.7250036
UCP2,0.72490835
POLR2L,0.72490406
TXNDC12,0.72482145
ZNF768,0.72478926
SWAP70,0.7245555
SLC44A1,0.7245029
STK35,0.72449446
NAIF1,0.7243033
PSMD7,0.7242345
MANF,0.72408074
ZMPSTE24,0.7240487
TBCC,0.7240263
MLPH,0.723973
STX4,0.72393274
NUBP1,0.7238189
LCMT2,0.7237092
SNRNP27,0.72357434
USP11,0.7235307
SEMA4G,0.7233657
UBOX5,0.7233131
PFDN6,0.7233104
VAMP2,0.72314274
UTP6,0.7231035
RTCB,0.72309905
PANX1,0.7230335
YIPF1,0.722852
TSPAN5,0.7228025
UBE2O,0.72274905
NDUFA1,0.7226924
RRS1,0.72267956
YOD1,0.7226792
NUP37,0.72263134
TAMM41,0.72248733
UTP20,0.72248095
ZNF692,0.7224567
YIPF4,0.7223985
SPON2,0.7223769
KCND1,0.7222671
STARD8,0.72210705
ZNF57,0.7220027
SLC5A6,0.72187865
AASDH,0.7218489
TWF2,0.7218077
PDCD5,0.7217525
UQCRB,0.72169936
EFNA3,0.7216285
VPS4A,0.72160786
TAF6,0.72143596
TNPO2,0.7214244
RHOBTB2,0.72122073
TRIM41,0.7211513
SIRT2,0.7211435
RIC8A,0.72113204
QRSL1,0.7210973
TSC22D3,0.7210534
TAF12,0.72095907
TMOD2,0.7207864
PPP2R3A,0.7207105
CSF2RB,0.720685
VPS18,0.7206135
WDR55,0.72061247
LRP2BP,0.720516
STIM2,0.7204939
ZNF74,0.72035617
PLS1,0.72030467
RASGRF2,0.72022706
SYVN1,0.72014093
TUBB3,0.7200672
SHF,0.71984553
TXN,0.7193035
NFKBIZ,0.719265
PTPRN2,0.7192037
SORBS1,0.7191067
GSTZ1,0.7190647
ZC3HAV1,0.7188987
SRD5A3,0.7186299
POLR3GL,0.7186277
TST,0.7185087
SPDL1,0.7183688
GPX7,0.7183032
UBE2J2,0.7181255
NAGPA,0.71806973
PAQR5,0.7180632
OPTN,0.71792465
ZFP36,0.7177428
PUS3,0.7176544
PYGO1,0.71749383
UQCR11,0.71744394
PEX2,0.7173414
URB2,0.7172587
TRAPPC3,0.7168378
NAT1,0.7167224
TRIM36,0.7164475
ORAI2,0.71642894
SPATA2,0.7164214
FCER1G,0.7161508
SERPINB9,0.7158489
YEATS4,0.71580946
TXNL4B,0.7157981
U2AF1L4,0.7153895
SEMA5B,0.71510243
MOCS1,0.714978
KRT5,0.71480703
SLC30A4,0.71474755
RILP,0.71471876
UNC93B1,0.71453524
SPSB3,0.71429026
TCIRG1,0.7141833
SEC22C,0.7140851
SLAMF1,0.71402496
NDUFAF7,0.7140095
SOX4,0.71384317
SLC7A8,0.71359503
PRMT6,0.7134718
VRK1,0.7133987
NKIRAS2,0.71315426
TFB2M,0.71301985
UXS1,0.7129352
TUBG1,0.71287894
WDR18,0.712749
RIPK2,0.7127336
PEX10,0.7126908
RPS6KA5,0.7126616
RAB34,0.7126519
POLR2H,0.71258044
ZFYVE9,0.712109
ZNF189,0.71200365
RAB4B,0.71175903
OMA1,0.711605
RRP8,0.7115976
GPR68,0.7115235
TRPC4,0.7115201
ZNF687,0.7113636
PRKCD,0.71131164
PIGV,0.71121913
TRIM32,0.7111512
ITGAL,0.71102494
NCF2,0.7109832
WRAP53,0.71093357
UTP14A,0.7106118
UBE2M,0.7105096
SF3B5,0.71039695
SPR,0.7103595
ITGAE,0.7102209
PHKG1,0.70941937
CMTM1,0.7093762
ZNF526,0.70932376
SUOX,0.7093015
VPS37A,0.7090892
TUBGCP5,0.7089935
UBFD1,0.70891684
ZFP30,0.70887065
PBLD,0.7086604
LIPE,0.70862883
TXLNA,0.7085599
ZNF385A,0.7085306
RNASE1,0.7083614
TRMT5,0.7083514
SLC27A2,0.7083312
WSB2,0.7081733
HSD17B1,0.70787543
VAMP8,0.7078696
CYP27A1,0.7078459
ZBTB33,0.70766157
TRO,0.7075419
SLC12A2,0.70736516
ZNF490,0.70713663
LHX6,0.7070783
ZNF256,0.70705384
MRPS26,0.70697075
TTF1,0.7069698
CDKN3,0.7067266
SGSM3,0.7064842
OXSM,0.7063798
ZNF175,0.7060123
AAMP,0.7058987
TBC1D16,0.70586145
TMEM147,0.7055606
ZNF774,0.70545006
RAB18,0.7054153
GNLY,0.7052385
TRIM21,0.70505357
POLR1E,0.7050317
HOXA5,0.7049877
SGPP2,0.70481217
ZNF141,0.7043896
RPP25L,0.7040682
RCSD1,0.7037554
DLL1,0.70361835
ZDHHC21,0.70350134
PLP2,0.7034331
MGST3,0.7029883
ZNF605,0.70297766
WBP4,0.70284605
ZNF284,0.70275784
SORBS3,0.702734
GRAP2,0.7024837
MPP1,0.70210075
MRPS36,0.7020833
C15orf48,0.70206195
MTRF1L,0.7017685
SVIP,0.7017607
SPATA2L,0.70132285
HSPA12B,0.7007935
SGIP1,0.70068926
RING1,0.70058054
TBXAS1,0.70042104
RNF14,0.70034724
SPCS2,0.7002793
RFXAP,0.700209
NOL12,0.6994458
WDR91,0.6993494
PSMC2,0.6993014
PEX11A,0.69926184
GSDMB,0.69920486
ZFP90,0.6988566
AACS,0.6984207
ZIK1,0.6982966
RNF135,0.698214
CX3CL1,0.69815856
SCCPDH,0.698007
TMEM186,0.6978877
ZNF443,0.69754755
TSG101,0.69751555
GPATCH1,0.6973177
NR1D1,0.69694704
TRAF6,0.69621253
PELI3,0.6960788
SMG8,0.69603354
ROBO3,0.6957657
BMI1,0.69552207
SPTBN4,0.69497037
CCR1,0.6949589
ZNF773,0.6949538
VEGFB,0.69483525
SYTL2,0.6946477
SLU7,0.694534
STRADB,0.694169
ZNF420,0.6939507
SPAG4,0.6937852
RBM45,0.69363296
SPRY2,0.6929577
MOB2,0.69226736
SLC2A8,0.6918127
CLEC2B,0.69179535
EGR3,0.69162655
IL17RB,0.69127417
ZNF558,0.6912466
SLC44A3,0.6910992
MRPS12,0.6909984
SLC26A6,0.6908455
ZNF418,0.69067323
SSR4,0.6903253
IL17RE,0.6902965
MSR1,0.68949974
OASL,0.68938226
IL18R1,0.68900734
TRIM6,0.68896425
MRPL53,0.68877816
MAFF,0.6884167
ZNF43,0.6882968
KATNA1,0.6876565
SIRT5,0.6875969
ZNF26,0.6873926
TBC1D7,0.68737984
SH2B2,0.6873534
TAF6L,0.68735105
DENND2A,0.6871362
RCAN2,0.68705595
AAK1,0.6868229
TNIP2,0.6865236
SELPLG,0.6863731
SNTB1,0.6860294
ZSWIM7,0.6855822
TEFM,0.6855757
NAGA,0.6845206
PTPN21,0.68442696
SURF1,0.6842181
CD96,0.68294597
UFSP2,0.6829415
SDC3,0.68205297
USP46,0.6810112
ZNF517,0.6794209
ZNF415,0.67940485
ZNF585A,0.67929685
GMPR,0.6791678
TM7SF2,0.67886806
ZNF486,0.6785465
PJA1,0.6783392
TGFB1I1,0.67794335
RCE1,0.67772496
NAGLU,0.6773155
UTP23,0.67632645
ZNF790,0.67590314
ZW10,0.6754214
CYP7B1,0.67536473
UAP1L1,0.67415553
SNRNP35,0.6717528
ZNF485,0.67171276
TMED1,0.6715429
SEZ6L2,0.6714746
ZNF439,0.6711828
TLR3,0.67097014
MPZ,0.670739
ZNF354A,0.6703013
RGCC,0.67018026
SGCB,0.6700321
TRIAP1,0.669443
TFAP2E,0.6693117
SLC40A1,0.6688583
MARS2,0.66885704
LAG3,0.66864365
TRADD,0.66708106
STX5,0.6664291
PDK2,0.6662961
ZNF416,0.6659256
SEMA4F,0.6646652
ZNF19,0.6640191
TRAPPC11,0.66305023
HSCB,0.6629595
NR2C2AP,0.66270953
ZNF347,0.6603621
SYF2,0.6601624
CXCL10,0.65993077
FCGR2A,0.65972894
VLDLR,0.6596186
RNF113A,0.65813
RIPK1,0.65608966
TXNRD3,0.6556855
F12,0.6552895
FBP1,0.6544475
TGM1,0.65402645
ZNF135,0.65369534
RMDN2,0.65368235
WDR5B,0.6527121
ZNHIT3,0.6526548
ARL4A,0.6525486
ZNF14,0.65188324
HSPA6,0.6513802
SLC7A7,0.65122736
PGAP3,0.651222
LGI4,0.65052116
LXN,0.65027094
UCHL3,0.6498701
DBP,0.64888984
TSEN34,0.6485675
ZNF197,0.64845264
ZNF273,0.64794946
ZNF607,0.647641
RAB24,0.6475458
RENBP,0.64740425
TSPAN12,0.6470041
FOLR2,0.6455612
TMEM17,0.64482605
AAAS,0.64469594
ZNF557,0.64381015
NLRX1,0.643751
PDE4C,0.6436825
SEMA6C,0.64315134
PSMA2,0.64298576
MS4A4A,0.6427193
SDHAF1,0.63846356
NDST2,0.63780254
SLC35D1,0.6375081
ZNF830,0.6374858
RUNDC3A,0.6366628
S100A3,0.636437
PDK4,0.633443
RPL26L1,0.6321913
LYZ,0.63206965
TOLLIP,0.63099444
TBP,0.63075626
USP16,0.6292292
TFAP2C,0.6275605
FUT2,0.6260584
HSPB2,0.6248886
TAF1A,0.6230909
DCHS1,0.62214273
NLRC4,0.62007034
ZNF585B,0.6175386
SPARCL1,0.61736894
ZFP69B,0.6171439
RORC,0.6155453
TRIM68,0.61470497
ITGA4,0.61433625
PEX11G,0.6141461
VCAN,0.61401516
ECE2,0.61387664
ZNF470,0.61152273
EXOC3L1,0.6113868
MYO15A,0.6104365
GIPR,0.60953224
ZNF677,0.6092951
PLEKHG6,0.60579586
PANX2,0.60540456
SLC25A14,0.60418254
NT5E,0.60302
MRPS17,0.6024098
RASSF2,0.6007243
SFN,0.59846044
TTC26,0.5984214
ZNF222,0.597533
SNAI1,0.592469
GIMAP8,0.59211594
ZNF467,0.59166557
RASD2,0.5904272
WTIP,0.58953387
TBC1D10C,0.58797216
CXCL1,0.586579
KTI12,0.58173597
SERPINF2,0.57381797
PMM1,0.57340735
GGT5,0.57329357
LAT,0.57139134
HSD11B1L,0.5704028
DUOX1,0.569789
TRIM45,0.5696377
PNPLA7,0.5664914
PPFIA4,0.5663022
USHBP1,0.5626921
GBP5,0.5624201
NDUFAF4,0.56007767
PCDHB3,0.5566972
TACO1,0.55619967
TRPV4,0.55391407
ZNF17,0.5468548
CTHRC1,0.5448372
MAOB,0.5447211
TAF13,0.5446385
SCIN,0.5390563
ZNF772,0.5379801
SLC39A4,0.5377956
TM6SF1,0.53217435
NKD1,0.52747685
SYDE1,0.52628624
ZNF468,0.5162324
PSD,0.51580477
NRN1,0.515688
MS4A6A,0.5118297
GPER1,0.51181746
PPP1R3D,0.51181215
TCEAL1,0.5110888
UTP14C,0.50301766
ZNF225,0.5026209
GAB3,0.5014714
RHOJ,0.4837808
MAP1A,0.47741655
SRPX2,0.47724816
THAP1,0.47544375
HEY2,0.47071224
INHBB,0.46066052
HOPX,0.457225
FPR1,0.4563538
FDXACB1,0.45444384
SEMA4A,0.44948387
IL1R2,0.4487263
MAP9,0.44247544
SERPINB8,0.4404419
NLRP3,0.4379152
GCNT4,0.43619576
RPP21,0.434213
VPS37D,0.43280193
STX11,0.43062314
ITGB3,0.42291453
ZNF569,0.42065704
WDR31,0.42056787
PCDHB10,0.4176815
TLR4,0.41539812
TGFB3,0.41288534
RAB36,0.3858126
LILRB2,0.37269324
OLR1,0.36546707
ZNF615,0.35433137
WNT9A,0.35290256
ZNF442,0.34034857
SLC4A11,0.3332192
IZUMO4,0.33287606
PDE1B,0.32725307
LTF,0.32082403
POSTN,0.31171247
PLXNB3,0.3046509
MAGEH1,0.30183154
TUBA8,0.3003539
MMP28,0.29098213
RDH5,0.2877002
MYH3,0.26986408
STAC3,0.2638524
S100A9,0.25568974
RAMP3,0.24825203
TMEM176A,0.20101468
RASL10A,0.19836487
ZNF69,0.18736891
RGS4,0.18549624
RIPK3,0.16765708
SLA,0.1616773
THSD1,0.14781618
ZNF132,0.14188616
TNFRSF10C,0.12590794
