Gene Name,Score
GEMIN2,0.70626676
COQ7,0.7061822
DUSP10,0.7045354
MAOA,0.70194715
FST,0.7006499
GGPS1,0.69213074
CLIP3,0.6911895
HAVCR2,0.6889986
HCAR2,0.68886423
HSD17B1,0.68823653
FAAH,0.68791485
GNA15,0.6875556
CEP97,0.68749756
HERC6,0.6863352
HS3ST1,0.6836427
GDF15,0.6831808
GCAT,0.68224174
CTSK,0.68164873
CES2,0.6813333
IFIT1,0.68005854
COL9A2,0.6786055
DEPTOR,0.67676526
EVC2,0.67557514
EGR3,0.67466563
CHPF,0.6746309
CMPK2,0.67201394
F3,0.6714028
MPZ,0.6705701
DCK,0.67042184
MED11,0.6701201
FHOD1,0.67004037
DCLRE1B,0.6692673
KCND1,0.6691791
CYB5R2,0.6678551
CGRRF1,0.6675334
CD69,0.66738236
GHDC,0.6658211
COLEC12,0.665771
ELMO3,0.66479635
HENMT1,0.6635756
A1BG,0.66221595
BCL7C,0.6620139
AAAS,0.66182697
AACS,0.661642
AAK1,0.66155016
AAMP,0.66150475
AADAT,0.6614597
AAR2,0.6609206
AARS2,0.6607425
AASDH,0.6605649
AASDHPPT,0.66038764
F2RL1,0.66033506
AASS,0.66021067
C17orf75,0.6601317
AATF,0.66003394
ABCA1,0.6598544
ABCC1,0.6597103
ATRIP,0.65967077
ABCA2,0.6596585
ATP8B1,0.65952814
CHST14,0.6594718
ABCA7,0.6594634
ABCB10,0.6592707
ABCB4,0.6590782
ACO2,0.65906906
CACNB2,0.6590044
HSPA1L,0.6589692
FCGR3A,0.65895486
ABCD3,0.65894294
ABCB6,0.6588819
ABCC3,0.65848917
ACADVL,0.65841645
ABCD1,0.6582928
ABCD4,0.6579001
ABCE1,0.65770376
ACAA2,0.6575807
ABCF1,0.6575073
ACAP2,0.65750575
AHI1,0.6573734
ABCF2,0.6573109
EXOC8,0.65713537
ABCF3,0.6571143
IFNGR1,0.6569736
BCL7B,0.6569678
ABCG1,0.6569178
ACACA,0.6567693
ADAM12,0.6567205
COG6,0.6565765
ABHD12,0.65652454
ACOT8,0.65593755
ABI2,0.6559339
AGO2,0.655904
LIN7B,0.65585876
ABI3,0.6557369
ACTA2,0.6555775
ABI3BP,0.6555399
CEBPG,0.65550226
ACTB,0.65540665
ARHGAP31,0.6550103
ACTR8,0.6549587
ADAM9,0.65480936
ABLIM2,0.6547506
BBS10,0.654681
ABLIM3,0.65455294
ARHGEF28,0.65452856
ABR,0.6543553
ACTN4,0.65428996
ACTR6,0.6542495
CYP2S1,0.65421146
AHCYL2,0.65417266
ACTG1,0.6541284
IL2RA,0.654119
ABTB1,0.65395963
ADK,0.6538846
ACAA1,0.65375966
CPT1B,0.65368015
ACLY,0.6536597
ACTR1A,0.65347284
ACTN1,0.65340084
ACYP1,0.65339565
AFG3L2,0.6533097
ADCY6,0.65322983
ALDH1B1,0.65317076
ACACB,0.653112
ACTR2,0.6529101
ANKRD44,0.6528961
ACAD8,0.6528959
ACAD9,0.6526796
ARHGAP39,0.6525218
ACADM,0.65246314
AIFM1,0.6523533
AGPAT4,0.6523488
ACTR3,0.65233326
ACTR3B,0.65232193
ACADS,0.65224665
ETV3,0.6522083
AIMP1,0.65217483
AP4S1,0.65206695
ACADSB,0.65202993
AP1G2,0.6519775
ADH5,0.65193164
ACIN1,0.65177846
ADAM23,0.65174377
CORIN,0.6517072
CCDC22,0.6516329
ACAP1,0.6515961
ADCY3,0.65139675
AGPAT5,0.6513256
ADAM17,0.6512205
ACAT1,0.6511601
GMPR,0.6510487
ANGEL2,0.6509783
AMY2B,0.65094715
ACAT2,0.6509398
ACBD3,0.65071946
AHNAK,0.65063936
GPR132,0.65050805
ACD,0.65049887
C18orf32,0.65041625
ARL8B,0.65031207
DUSP7,0.6503029
ACE,0.65027815
CASZ1,0.6502311
CMAS,0.6502249
ACTG2,0.65021294
ALKBH5,0.6501671
ACER2,0.65005726
ACER3,0.6498362
AKR1A1,0.64978516
AGRN,0.64978486
ADAR,0.64977103
ADCY5,0.64971256
ACVR2B,0.649601
AP2A1,0.6495536
ADORA2B,0.6495015
APPBP2,0.6494867
ANXA5,0.64931405
ADD3,0.6492474
ARF6,0.64922404
ACO1,0.64915085
AFF1,0.64909047
DCLRE1C,0.6490676
GRAP2,0.6489767
ARFRP1,0.64886045
GEMIN8,0.648845
AGO1,0.6488358
ADNP,0.648823
AFTPH,0.6488159
ARHGAP10,0.6487579
ADSL,0.6487099
ACOT1,0.64868927
ADIPOR2,0.6486388
AMOTL1,0.6485693
AP5M1,0.6485196
ADAM10,0.6484648
ACOT11,0.6484582
AK2,0.648436
COQ4,0.64839
AGL,0.64836574
ADAM15,0.6483534
ACTL6A,0.6482929
ALPL,0.6482523
ACOT7,0.6482361
ACOT13,0.648227
AHCYL1,0.6482233
ADD1,0.64822036
ALCAM,0.6481669
ADPGK,0.6481307
ANP32A,0.6480938
CKS2,0.64804035
ARFGEF1,0.6480403
ACTR1B,0.64801437
ACOT2,0.64799553
AHCY,0.6478515
ACTR10,0.64778054
ACOT4,0.647764
AIFM2,0.6477364
CUL7,0.64763594
AP3S1,0.6476317
AGO3,0.64751625
AMBRA1,0.64747345
ATP11B,0.6474681
AFF4,0.647448
COPS2,0.6474415
ARL16,0.6473899
ACSL4,0.6472724
ARHGAP26,0.64725024
ADAMTS7,0.647231
CLPX,0.64723086
CENPM,0.6470872
CTSA,0.6470804
ACOX1,0.6470682
EIF4ENIF1,0.64700115
CENPB,0.6469822
CENPA,0.6469735
ALG5,0.6469676
ADAM22,0.64695716
ADCY1,0.64690024
AKAP10,0.6468934
ACOX2,0.6468359
AHSA1,0.6467186
ACOX3,0.6466034
AK9,0.6466019
AGO4,0.6465889
CD83,0.64658195
AHCTF1,0.6465581
ARCN1,0.64652306
AP3D1,0.6464226
ACP1,0.6463708
ADIPOR1,0.6462963
ARHGEF18,0.64628434
FRZB,0.64624393
ACP2,0.646138
AGPAT1,0.64610326
CCDC174,0.6460668
MS4A4A,0.6460645
ALKBH1,0.64603674
AKAP13,0.6460348
ANAPC15,0.6460344
ATIC,0.6460335
AGFG1,0.64600384
ALKBH8,0.64597964
ANXA6,0.6459637
AMMECR1,0.645943
ACP5,0.64590496
ARSB,0.6457785
ACSF3,0.6456703
AIP,0.6456393
ANAPC1,0.645637
ALDOC,0.6455528
ATF6,0.645497
ANP32B,0.6454505
ACSL1,0.64543456
ANAPC4,0.64538956
DNAJB11,0.6452918
ANLN,0.6452657
BECN1,0.6452439
AQR,0.6452267
CENPI,0.6452154
ALDH3A2,0.64515746
ADM,0.64513016
ALDH4A1,0.6450818
AHRR,0.6450133
ALS2,0.64498514
AFMID,0.64496034
AGPS,0.64492464
APH1B,0.6448908
AP2A2,0.644856
CETN3,0.644811
ACSL5,0.64469564
ATG4B,0.64468455
ARHGAP32,0.6446746
ANAPC16,0.6446335
AGPAT3,0.6446156
AMOTL2,0.64449227
ACSM3,0.64444196
CEBPB,0.6443155
ANTXR1,0.64426833
ARF3,0.64425325
ALDH7A1,0.6442053
AKAP1,0.64419323
ACSS1,0.6441881
CTHRC1,0.6439978
KCNJ15,0.64398444
ACSS2,0.6439341
APIP,0.64380175
EMC7,0.64379334
ARPC1A,0.64368993
AP1G1,0.64368457
CENPC,0.6436781
AIMP2,0.643674
CTSZ,0.64360195
ALDOA,0.6436015
AKR1B1,0.6435401
AK4,0.64348036
BCAR1,0.6434697
ALDH1A3,0.64345145
APTX,0.64338785
ANO6,0.6432612
AP3M1,0.6431613
COG8,0.6431257
ANO9,0.6431096
ANXA2,0.64304596
ATP8B2,0.64300996
APPL1,0.6429992
COQ5,0.64292127
CALCOCO2,0.6428808
GMIP,0.64283395
ARFIP2,0.6426781
AP1S3,0.64265317
ALAS1,0.6426079
ARPC5,0.6425723
ARHGAP44,0.6425595
ANK3,0.64244455
GPX7,0.6424432
FOXF1,0.64237773
GTF2B,0.64225864
ASAP3,0.6422579
ALG13,0.64223653
ATP8A1,0.6422242
CEP41,0.6421105
E2F4,0.64209586
ARHGAP35,0.64202225
HES1,0.6420034
FIG4,0.64197195
AREL1,0.6419358
ATP1B1,0.6418795
ARL4A,0.64186764
CDK11A,0.64173615
APH1A,0.6417052
ARHGAP17,0.6415768
ALMS1,0.64154613
AKAP9,0.64149773
GSTM3,0.64148766
GPATCH1,0.64136094
ALDH9A1,0.64130473
ATP6V0C,0.6412012
CNOT7,0.64119804
APLF,0.64119136
CACNB1,0.64117694
CDK11B,0.6411699
AP2S1,0.6411511
ARRDC3,0.6410596
MARS2,0.6410133
CPD,0.64087963
BANP,0.64080334
ATAD5,0.6407942
ASL,0.64077187
APBB2,0.6407548
CXCL14,0.6407044
ARID4B,0.64062893
B4GALT3,0.6405818
ADCY7,0.64057666
ATP2B1,0.64056575
APOE,0.64053756
BLZF1,0.6404791
ARHGAP4,0.6404625
APLP2,0.64039576
AMFR,0.6403757
ATG2B,0.6403755
ARHGEF11,0.6403675
CEP78,0.64028734
ATG16L1,0.64020914
ARHGEF2,0.64019734
DCXR,0.6401514
ATP6V0A1,0.6400967
ALG6,0.64002395
CDC6,0.6399922
API5,0.63996154
LGI4,0.639952
BAZ2A,0.6399106
ALKBH3,0.6399027
AP1S2,0.639892
ARHGAP12,0.6398863
AKT1S1,0.63987523
ARL2BP,0.63987255
ALPK1,0.6398337
IL12RB1,0.63978696
DENND2A,0.63973916
CBX7,0.6397173
CHPF2,0.6397077
EXOSC1,0.6396474
AGTRAP,0.63963175
ARHGAP18,0.63959086
ARHGAP29,0.6395571
ARRB2,0.6395478
AJUBA,0.63952225
CENPT,0.63944584
BMI1,0.6394388
CPSF2,0.6394031
AUH,0.6393685
CCNF,0.6393444
ASPM,0.63932323
ASH1L,0.6393153
BLOC1S1,0.6393067
BCL2L2,0.6392778
AURKAIP1,0.6392734
BOP1,0.6392062
CDKN2AIPNL,0.63919234
AXL,0.63918763
ARHGDIB,0.63915056
ALDH3B1,0.63911414
ANAPC5,0.6391002
CCNL1,0.6390819
ATG13,0.63907504
CAMKK1,0.63905793
ANKRD28,0.63902426
B3GAT3,0.63902086
FNIP2,0.6390182
CDKN3,0.638986
ARPC1B,0.6389705
ARID5B,0.6388994
CAP1,0.638831
BCL2,0.6387885
KCNN3,0.6387723
APP,0.63872224
ATP6V0B,0.6387115
ARFGAP1,0.63870984
FKBP3,0.63869876
ALG12,0.6385814
B3GALNT2,0.63854903
AQP3,0.6384771
COMMD8,0.63847697
ANXA7,0.6384561
ADAMTSL4,0.6384272
AP2B1,0.63839126
LRRC8E,0.63828033
COL1A2,0.6382594
ACVRL1,0.6382566
DUSP12,0.6382438
ARFGEF2,0.63820535
DZIP1,0.6380916
ATM,0.6380252
DENR,0.63801545
ATG5,0.6379869
ASPHD1,0.6378525
ALG8,0.63779134
CD58,0.6377042
ANKFY1,0.6376976
BTF3L4,0.63765097
ADA,0.6376486
ATG4C,0.63758665
ASB1,0.6375593
CPSF6,0.6375201
AKR7A2,0.63750565
ATF7IP,0.63744867
CFLAR,0.63743776
CYFIP2,0.6373826
FAM131B,0.6373592
EXO1,0.6373358
CKLF,0.63731813
FBLIM1,0.6373129
AP1M1,0.6372685
CNOT8,0.6372617
CAMK2D,0.6372354
ATP7A,0.6371997
ARAP1,0.6371623
CDK19,0.63710594
ANO7,0.6370752
CAPZA2,0.6370523
BCAS3,0.63699
CLDN7,0.6369544
EME2,0.63691694
BIN1,0.6368964
CLDN15,0.636887
APPL2,0.6368605
CHMP4B,0.63660663
BARD1,0.6365238
ANKLE2,0.6365072
BTBD1,0.6364658
BTN3A2,0.6363983
ATP6AP1,0.636374
BHLHE40,0.6363733
LIPE,0.6363631
ATXN7L1,0.6363257
ASAH1,0.6363144
IL7,0.636248
DNAJB12,0.63610643
BOLA3,0.636105
ASXL2,0.6360903
CALM1,0.63607347
CALU,0.63605404
ATP6V1C2,0.6360097
ATPAF1,0.6359844
MYLK4,0.63597095
ADAM19,0.63594925
BCKDHA,0.6358958
COL16A1,0.6358761
COPZ2,0.6358631
EDNRA,0.6358526
CHTF18,0.6358339
ASAP1,0.63578045
BLOC1S5,0.6357697
ANAPC7,0.6357471
BAZ1B,0.63574016
ALG14,0.6356778
FUCA1,0.6356503
CD52,0.63564736
CD27,0.6356387
ATXN2L,0.63562983
ARID4A,0.6356263
ATP11A,0.6356082
CHST12,0.63555485
CCNH,0.6354912
CDCA5,0.63547367
BFAR,0.63544124
CDK13,0.63539964
CAD,0.6353622
CTDNEP1,0.6353533
ARHGEF1,0.6353522
CHD9,0.63524354
CAMK2G,0.6352082
ADI1,0.63519573
IGSF6,0.63519245
CDKL5,0.63517714
ASPH,0.63511115
BIRC5,0.6351066
CLOCK,0.63508373
CEP135,0.6350806
CENPH,0.63502264
ELP5,0.63500595
BCL2L1,0.63499105
NTN1,0.6349868
CCDC12,0.63495
CENPF,0.63485104
BRD8,0.63483703
ADAM28,0.63482773
CENPL,0.6347786
ATP6V1G1,0.63472074
CALD1,0.6347013
COPG1,0.634683
HOXA3,0.6346546
BRWD3,0.6346526
HSPB11,0.6346292
CELSR1,0.6346265
CBX5,0.6346183
CHMP1B,0.63460314
BANF1,0.6345922
DHRS11,0.6345266
ATXN2,0.63444483
BET1,0.6344389
BBC3,0.6343756
CCAR1,0.63436234
ARHGAP24,0.6343614
ATP6V1B2,0.63435304
AP3B1,0.6343377
B4GALT1,0.6343372
ARIH1,0.6343035
GEMIN7,0.6342878
CD2AP,0.63422066
BCAP31,0.6342145
BACE2,0.63420546
BABAM1,0.6341704
CLUAP1,0.63414276
ANKZF1,0.6341412
ATP6V1A,0.63409734
CCNB1,0.6340964
ATP1B3,0.6340742
ALDH18A1,0.6340004
ATRN,0.63396496
ASGR1,0.6339232
C1D,0.6338014
CHST1,0.6337482
CPOX,0.6337128
ARL14EP,0.63370806
ADAMTS1,0.63366175
CD48,0.6336505
AZI2,0.6336472
DOCK10,0.6336459
LILRB3,0.6336409
ATOX1,0.6336183
CCR7,0.6336062
BRD1,0.6335867
ARPC4,0.63358027
DAPP1,0.63347596
AP2M1,0.63345116
ARHGAP25,0.63344413
ATG10,0.6333911
CTC1,0.6333617
COMMD6,0.6333121
APRT,0.6332993
ADAMTS10,0.6332435
CAPN15,0.6332085
ETNK2,0.6331907
ARPC2,0.633182
ATP6V0A2,0.6331625
ARF5,0.633162
CCNY,0.6331615
C1QBP,0.6331279
ATP6V1C1,0.633106
COX5A,0.63309944
CLHC1,0.6330584
AP5Z1,0.63301265
ADAMTS5,0.6329852
ATXN3,0.63297033
ATF4,0.63297004
CS,0.63296026
APBB1,0.63295776
ARIH2,0.6329535
DEPDC5,0.6329203
CCNT1,0.63289154
ANXA1,0.6328866
ATG9A,0.6328732
DGKZ,0.63285434
BCL2L11,0.6328411
ADAMTS12,0.6328246
AZIN1,0.6327375
DCAF15,0.632672
ATXN10,0.6326651
BIRC6,0.6326239
AMOT,0.63261116
C1R,0.6326079
CEP120,0.63259697
MATN3,0.6325819
CDR2L,0.6325663
CLASP2,0.6325455
BTBD2,0.63251185
C1GALT1,0.63250905
COX6B1,0.6324734
BUD13,0.63242835
AMPD3,0.6324099
ADAMTS13,0.6324058
CHSY3,0.6323548
ARHGEF40,0.6323143
DENND4A,0.63231105
CDCP1,0.6322759
BIN2,0.632254
COG4,0.6322405
ASRGL1,0.63222826
ATXN1,0.6322015
ATP8B4,0.63219655
CDK8,0.63218063
BLCAP,0.632149
BID,0.63214165
CCNG1,0.6320837
ADAMTS14,0.6319865
CDK20,0.63198245
ATP13A2,0.63196206
ATN1,0.63193643
CDK2AP1,0.63193303
CDT1,0.6319321
ATP6V0E2,0.6319068
ASCC1,0.6318345
ATG4A,0.63181674
CDC25B,0.63179535
CNNM3,0.631792
BICD2,0.6317562
ASPSCR1,0.63175565
IFT74,0.6317133
CHMP5,0.63160634
CASK,0.631601
ADAMTS2,0.63156706
DAPK1,0.631543
CANX,0.6315404
ANKRD27,0.63151354
ASNS,0.6315113
BBS9,0.6314933
CAB39,0.6314681
DHCR24,0.6314459
FZD3,0.63144284
ARF4,0.6314389
ARHGAP30,0.63141024
ARHGAP11A,0.631397
ARHGAP9,0.63135976
DUS1L,0.63132554
BRD2,0.63125646
GBP3,0.6312008
CDK7,0.6311818
CASP10,0.6311682
COPB1,0.6311645
ADAMTS4,0.6311492
CARF,0.6311277
BTRC,0.63111097
CDC42,0.6311012
CAPZB,0.6310995
ALG9,0.6310799
BZW1,0.63107485
B4GALT2,0.63104165
ASB13,0.6310401
DDOST,0.6310218
CLSTN1,0.63096833
DHTKD1,0.630958
CCDC91,0.63091236
CMYA5,0.63090086
NGFR,0.630866
BMF,0.6308305
ATPAF2,0.630799
ATG12,0.6307725
ATP2B4,0.6307592
CHCHD5,0.6307516
BTBD3,0.6307211
CCM2,0.63069576
COL27A1,0.63065845
CCDC93,0.63065505
COA1,0.63062066
BLOC1S6,0.63059384
CMTM4,0.63058776
CDCA7,0.6305566
ARL3,0.6305558
CNNM4,0.63053876
EMD,0.63053143
JAM2,0.6305129
CC2D2A,0.63050514
BRK1,0.63048565
ITGAX,0.63047963
CSAD,0.630472
FYTTD1,0.6304337
BCAT1,0.6304322
CSK,0.630431
BICD1,0.6304231
HSPA1B,0.6303804
COQ3,0.63033897
ATF2,0.6303377
CARS2,0.6303271
BAG6,0.63030183
ALYREF,0.63029456
ASAP2,0.63023263
EZH1,0.6302259
COX18,0.63018274
CEP250,0.63012004
ANP32E,0.6300993
GATC,0.63006127
ENTPD6,0.6300556
CKAP2L,0.6300492
AUP1,0.6300451
CDK16,0.6300431
FASTKD2,0.6300259
CAMLG,0.63001406
EPHA2,0.62995374
CEP170,0.6299455
ASB7,0.62994534
CMSS1,0.62992793
CNIH1,0.62991774
ADAMTS9,0.6299015
HCK,0.62986827
CLTA,0.6298321
BNIP3L,0.629801
ARHGEF3,0.62977654
EDC3,0.6297733
GIT2,0.6297427
CARM1,0.6297408
DDX21,0.629739
KBTBD6,0.6297186
CHAF1A,0.6297134
CSNK1G2,0.62969434
DCAF6,0.62967
CKAP5,0.62964404
EFNA4,0.62959206
CHTOP,0.6295555
CAMK1D,0.62954456
D2HGDH,0.62951964
COX7A2L,0.62951875
DCTN5,0.62944263
CCDC97,0.6294312
CAPNS1,0.6294137
CAPN5,0.62939954
CRTAP,0.62939376
BCKDHB,0.62933683
AP4B1,0.62931824
B3GNTL1,0.62928474
CSTF2,0.6292602
CNPY3,0.62922114
FKBP2,0.6291859
APAF1,0.62912965
CUL9,0.6291269
CSNK1A1,0.6291238
BCS1L,0.6290891
BAHD1,0.6290522
CHID1,0.62899846
CALM2,0.62899643
CCS,0.6289796
CBLB,0.62894875
CERS4,0.6289283
DGUOK,0.6289158
CSNK1D,0.62890923
ARHGDIA,0.6288233
IFIT5,0.62881565
ITGBL1,0.62879974
CLSPN,0.62878054
AP3S2,0.6287209
CHMP3,0.62872064
FDX1,0.62867254
DOK4,0.62866074
AMPD2,0.6286557
CRK,0.6286289
CTSH,0.6286136
CDC7,0.62847406
ASF1B,0.62843424
CAPRIN1,0.62843
CHORDC1,0.6284254
CTR9,0.6284178
DMXL2,0.6284109
CAMKK2,0.6284094
C2CD3,0.62840235
DKC1,0.6283269
AVL9,0.6282727
FAM168B,0.62826884
CDR2,0.62824357
ADAT2,0.6282339
BTF3,0.62822574
CSPP1,0.62818474
COL5A1,0.62816525
CDS1,0.6280958
APOOL,0.62807494
CBX6,0.6280712
GDF11,0.6280049
C5AR1,0.6279849
BRF2,0.6279602
CHMP2A,0.6279374
CRKL,0.6279229
CDIPT,0.62790835
ARHGAP21,0.62790394
ANO10,0.6278908
COPS5,0.62786055
CALML4,0.62785786
FMNL3,0.6278491
CDH24,0.62780803
DDX31,0.6278028
KIAA0513,0.6277874
CD109,0.6277794
CD81,0.6277775
IFI35,0.62775564
BAG4,0.6277386
DENND3,0.6277211
CALCOCO1,0.6277159
DAPK2,0.6276847
CTNNBIP1,0.6276437
CENPP,0.6276261
CLCN7,0.627587
BUB1,0.62758684
CTPS2,0.6275568
CEP152,0.6275265
CBX4,0.62751895
ECE1,0.62747914
E4F1,0.6274768
C11orf49,0.62745446
ARRB1,0.62743795
DLGAP4,0.6274359
ERLEC1,0.6274304
CDK4,0.62741363
DCTD,0.62733835
CYB5R3,0.6273334
DOCK7,0.6273332
BSG,0.62731993
CCT5,0.6273134
CBY1,0.6273083
CUL4A,0.62726784
BAIAP2L1,0.62726325
CEP192,0.62725943
CTH,0.62724596
DDX19A,0.6272131
CAPZA1,0.6271716
BMP2K,0.62714404
BMS1,0.6271184
FZD4,0.6270883
COPS3,0.6270783
EIF4H,0.62704587
CITED2,0.6270127
ARF1,0.6269832
ADCY4,0.62697786
ARL8A,0.6269634
ATP2A2,0.6269384
FAM8A1,0.6269361
CELF1,0.6269243
CBR1,0.62688
COPZ1,0.6268743
CD68,0.6268712
CDH23,0.6268556
DOCK2,0.6268515
CCT6A,0.6268265
DOK2,0.626786
CDC42BPA,0.62676316
CNOT6,0.62675273
EXOSC7,0.6267314
CSE1L,0.6267266
BCAT2,0.6267224
CMTR2,0.6267068
DDX46,0.6267039
ARSJ,0.6266688
DTX3L,0.6266511
BIN3,0.6266346
DCP1A,0.6266028
CEP57,0.62659115
CHST15,0.6265446
EPHA4,0.6265202
CARD10,0.62651914
CLINT1,0.62649566
DENND2C,0.62648845
CACNA2D1,0.6264488
CBFB,0.6264359
DPH5,0.6264103
CLK3,0.6263758
DHCR7,0.6263652
FEM1A,0.6263431
CENPE,0.6263116
CNIH3,0.6263097
APOBEC3C,0.6262931
CCT2,0.62629026
C2orf49,0.62627953
CNOT4,0.6262709
CEP72,0.62626886
CORO1A,0.6262594
CHCHD10,0.6262571
LIPG,0.62625605
ARHGEF15,0.62624604
EHD1,0.6262131
CDC27,0.62616706
EIF2AK1,0.6261546
GTF2H1,0.6261454
DCAF8,0.62613535
COX11,0.6261029
FLAD1,0.6260837
DDX17,0.6260688
CEP55,0.6260163
CNOT1,0.6259948
DIS3L,0.6259823
CD86,0.6259689
CHM,0.6259429
COPA,0.6258653
HINT1,0.62586147
FBXO10,0.62586105
ARFGAP2,0.6258344
CBR4,0.6258343
JAG2,0.62583244
BUB3,0.6258296
CD46,0.6258067
CPSF7,0.62580395
EXTL3,0.6257732
DSCC1,0.6257727
CELSR3,0.6257672
CDK5RAP3,0.62576157
DNAJA3,0.6257497
IRF6,0.62573224
GPD1L,0.62571007
CTIF,0.6257032
COMMD3,0.62569284
FHL2,0.6256764
CABIN1,0.6256582
EIF2B5,0.6256082
CHD1,0.62559104
DDX10,0.6255601
CDCA2,0.62554824
BUD31,0.6255357
CACYBP,0.6255265
CDK6,0.62549216
CBX3,0.62540925
DIS3L2,0.62539434
GSK3A,0.62535536
COMMD1,0.62532353
DEPDC1B,0.62532336
FAM83D,0.62530977
CCT4,0.62528646
EHD4,0.62526983
DLAT,0.6252663
CCDC86,0.62525487
FIS1,0.6252513
COL24A1,0.6252435
COL4A2,0.6252043
CLPP,0.6252036
BCCIP,0.62519664
DNAJC15,0.6251688
CTU1,0.6251355
CHD7,0.62513304
CUL3,0.62512636
HEXB,0.6250522
DGKA,0.62505096
CYTH1,0.625021
CDC5L,0.62501776
CHCHD3,0.62498975
GINS3,0.6249239
FCF1,0.6249066
EVC,0.62487376
CCT7,0.62485045
CDK17,0.6248404
ERI2,0.62482023
ATAD2,0.6247716
CTTNBP2NL,0.6247501
BRPF3,0.62472737
BACH1,0.6246613
CERK,0.62464327
HIPK3,0.6246371
DMD,0.62461406
CLEC2D,0.6245937
HMG20A,0.62459046
CORO1C,0.6245621
CHCHD6,0.624557
DGKI,0.62453336
EMC1,0.624502
DTL,0.62448514
COL6A1,0.6244691
FZD5,0.62446034
LEO1,0.6244398
COL8A1,0.6243944
ARHGEF12,0.62438595
COL4A5,0.6243842
CAND1,0.62438357
DNAJB6,0.62434804
ARL6,0.62433976
COL9A3,0.6243081
CTBP1,0.62428087
BATF,0.6242602
CCT3,0.6242521
COL6A2,0.62425125
DCAF10,0.62421685
GSPT2,0.6241769
DOT1L,0.6241613
CNTLN,0.6241553
CHSY1,0.6241347
CLIP2,0.62412953
CLIP1,0.62412363
CEBPZ,0.6241143
BLOC1S2,0.6241021
CUL5,0.62408864
DOCK5,0.62408406
FBXL3,0.6240718
EIF3K,0.6240565
COL4A1,0.62403554
CD99L2,0.62402856
COPS4,0.62400556
CETN2,0.6240017
COG1,0.62398875
CERS6,0.62398475
CPSF4,0.62395805
CEP350,0.6239414
CWF19L2,0.6239414
ETHE1,0.62393975
CTPS1,0.62393755
CABLES1,0.6239189
HOXB2,0.62389076
FTSJ3,0.62387365
DDX19B,0.6238689
DENND5B,0.6238463
ARL2,0.6238441
BEND3,0.6238316
FNTB,0.623827
ETS2,0.62379414
HHAT,0.623745
BPTF,0.6237389
BPNT1,0.62369365
ARL4D,0.62367964
DMWD,0.6236765
CADM1,0.6236697
DDX18,0.6235649
HMGCR,0.62354803
DNAJC5,0.6235405
CCNG2,0.6235381
CAPG,0.6235366
ITPA,0.62348926
BDP1,0.6234583
COL12A1,0.62345153
DDIT4,0.62344307
KPNA2,0.62343633
NMB,0.6234339
C2CD5,0.62341523
ATRX,0.62338835
ERH,0.62338823
FBXW4,0.6233798
DCP1B,0.6233193
CCDC136,0.62328726
DUSP2,0.6232816
COBLL1,0.62327296
CLIC4,0.6232628
IDUA,0.62322015
CTNS,0.62320596
EDEM3,0.6232058
EIF4E2,0.6231782
EYA3,0.6231711
CUL1,0.623157
CRY2,0.6231295
GOLGB1,0.6230985
CTNNA1,0.62308294
CWC15,0.6230794
EGLN2,0.6230181
DUSP1,0.6229841
CLNS1A,0.62297857
CHCHD2,0.6229614
CDC23,0.62296116
CKAP4,0.6229548
COX7B,0.62293905
CSNK1E,0.6229342
CCZ1,0.62293184
CHAF1B,0.62290287
ICAM3,0.622888
ATP6V1H,0.62285876
DPH7,0.62285525
DERL2,0.6228371
C3orf38,0.6228261
DVL3,0.6228142
COTL1,0.622806
CSTF2T,0.62280166
DAZAP1,0.62279356
DDA1,0.6227595
DVL1,0.62266743
DPM1,0.6226434
GID8,0.6226322
COX10,0.6226214
FLNC,0.62261766
BLVRA,0.6225949
ATP1B2,0.6225936
EMC10,0.62258166
EIF3G,0.6225422
CFDP1,0.6225328
DHX35,0.62249887
ETFA,0.6224823
CAP2,0.6224695
B4GALT4,0.6224588
CDK1,0.6224336
DDX41,0.6223999
CDH5,0.6223839
CCDC59,0.622376
EAF1,0.62232697
COA6,0.62231404
DDX24,0.6222915
COL4A6,0.6222907
GLE1,0.6222836
CORO1B,0.62226707
ARNTL2,0.6222368
C12orf65,0.62223446
DDX54,0.6222191
CFL1,0.62220496
CHML,0.62215
GNL3,0.622056
BTAF1,0.62199223
GCH1,0.6219812
CASP2,0.62196714
CDC37,0.6219657
DCAF5,0.62195647
CD53,0.621944
MED26,0.62194043
FBLN1,0.62192833
CDK14,0.6219221
CNDP2,0.6219194
DHX15,0.6219191
ELF1,0.6219026
B3GNT2,0.62188065
CHCHD1,0.6218676
DAB2,0.62185353
DBF4,0.6218375
HAUS8,0.62181205
EXOSC10,0.62179583
CMPK1,0.62177813
CSTF3,0.62176615
DNAJC13,0.6217518
CIT,0.6216991
EP400,0.6216985
DGKH,0.6216893
DHX38,0.62168765
DAP3,0.6216779
COASY,0.62164444
CHP1,0.62162143
FAM98B,0.6216127
EIF4G3,0.6215911
CHRAC1,0.62158346
DVL2,0.62158006
FAM13B,0.6215715
CYSTM1,0.6215478
CACNB3,0.62153226
DNM1,0.62152827
CIR1,0.6215166
ESYT2,0.62151057
CHEK1,0.6214967
DCAF12,0.62149054
FBF1,0.6214781
CPEB3,0.6214617
FRMD6,0.6214347
CTDSP2,0.62141645
GANC,0.6213773
BRD9,0.6213696
HMGN1,0.6213236
CPT1C,0.62128747
CDC16,0.6212636
CPNE1,0.6212635
CKAP2,0.62123257
CA2,0.62121856
DCAF7,0.6211882
EVPL,0.62118465
CDON,0.62114537
DGKE,0.62110525
CRYZ,0.6210969
EXOSC2,0.6210888
HTRA2,0.6210639
ARID3A,0.62105465
CMTR1,0.6210542
ARFGAP3,0.6209592
AMDHD2,0.6209448
CDC34,0.6209446
DUSP4,0.6209347
CSDE1,0.62091285
EHD2,0.6209108
CYB5B,0.6209042
KREMEN1,0.6208783
CYC1,0.6208671
EIF2B4,0.6208532
CAPN2,0.6208474
CAPN1,0.6208422
CCDC106,0.6208009
CTBP2,0.6207857
GABARAP,0.6207727
CEP164,0.6207704
DHDDS,0.62075764
FAM3C,0.6206945
GCC1,0.62068236
EBAG9,0.6206764
AP3M2,0.6206536
EPN1,0.6206414
ERP29,0.62060076
DOCK11,0.62057275
EDIL3,0.62055904
GTF3C5,0.6205576
DCPS,0.62053025
LMF1,0.6205173
FRAS1,0.6205035
GNAO1,0.6205011
EXPH5,0.6204991
FBXL14,0.6204859
HAUS6,0.6204581
EEF1D,0.6204534
ARMC8,0.6203684
EIF2S1,0.6203648
GNL1,0.6203312
CEP70,0.6202878
EIF2AK4,0.6202686
HPRT1,0.620221
CNOT2,0.6202198
HMMR,0.62021667
CD55,0.62020886
CSGALNACT1,0.6202073
ATAD3A,0.6201966
BRIX1,0.62019396
CBX1,0.620192
EPN2,0.62019056
CENPK,0.6201811
COQ9,0.62016463
GNL3L,0.62014765
BBS2,0.6201415
FAM110B,0.6201139
DST,0.62011
KIFC3,0.62010676
EBF1,0.62008375
GTF3C3,0.6200151
FBXO9,0.6200143
COL7A1,0.62001276
HSF2,0.6199848
HSD17B4,0.6199831
CENPN,0.6199707
GABBR1,0.61995906
CLASP1,0.6199566
C2CD2,0.61994874
KANSL2,0.61990786
DYNLL1,0.6198573
CDC20,0.61984956
COX20,0.6198156
GPX8,0.61981547
CD200,0.61978483
DISP1,0.6197842
DDX11,0.6197722
HLA-DRB5,0.61977124
N6AMT1,0.61976856
FNDC5,0.6197667
CDCA8,0.619715
FLNB,0.6197016
DNAH17,0.61970043
CLDN12,0.6196725
CROT,0.6196601
EFEMP1,0.6196438
DYNC1I2,0.61963296
GDE1,0.6196095
FBXO21,0.61959785
CCNL2,0.6195825
BMPR2,0.6195757
CDC14B,0.61956555
FLOT2,0.6195373
DNAJA2,0.6195306
ECHDC1,0.6195232
BRAP,0.61951166
FAM111A,0.6195107
KANK2,0.61949
CUBN,0.6194899
BNIP1,0.6194764
DDX52,0.61946213
CXADR,0.61945665
MCAT,0.6194427
CDK5RAP2,0.6194354
C9orf72,0.61942565
CBFA2T2,0.61940247
IGBP1,0.6194002
EPB41L2,0.61936766
ATG4D,0.6193068
CHN1,0.619282
FBXW9,0.6192665
CLDN4,0.6192425
ING1,0.6192309
COG7,0.6191979
CDYL,0.6191477
ENSA,0.61914283
DCTN2,0.6191201
DOCK4,0.619101
KDM5B,0.6190972
IFI30,0.6190474
HECA,0.61903536
CD9,0.6190353
BOC,0.61901796
DHX36,0.61898905
CXXC1,0.6189813
COL18A1,0.6189624
HTATSF1,0.61895597
DHX9,0.6189507
FBXO7,0.6189408
GKAP1,0.6188943
FBXO17,0.61889
CHD3,0.6188846
FBXO22,0.6188468
ADPRM,0.618832
EPB41L3,0.61881626
CEP290,0.6187836
COMMD2,0.61875665
CD47,0.61875004
COG5,0.618691
ARHGEF25,0.61867774
ASCC2,0.6186752
CREBRF,0.6186352
ELAVL1,0.6186305
HEPH,0.61861503
BAG3,0.61859727
CHFR,0.618581
EBP,0.6185628
EEF1B2,0.6185583
EMC8,0.6185448
E2F6,0.6185397
FNTA,0.6185292
FOXK2,0.618523
C7orf26,0.61851877
CWF19L1,0.6185123
CDC25C,0.61850214
COPS6,0.6184967
EPC2,0.6184122
FGFRL1,0.6184103
HERC4,0.618404
DUSP14,0.6183666
ADRA2A,0.6183092
EZH2,0.61825395
FBXL5,0.61822546
ARPP19,0.6182202
CCDC40,0.6182174
HELQ,0.61817276
HSPB2,0.61815155
CERS5,0.618144
DYNLT1,0.6181375
DHX33,0.6181193
GFPT1,0.6180884
DNAJC8,0.6180481
CDC42BPB,0.6180191
CDC40,0.61800486
ALG1,0.61799276
FABP5,0.61798847
ELOVL5,0.6179832
KLC1,0.61795574
CHN2,0.61795044
IQGAP1,0.61794764
CYTH3,0.6179389
FOXP4,0.6179363
GEMIN4,0.6179304
DCAF4,0.6179185
C17orf80,0.61791545
EFTUD2,0.6178949
DDB1,0.6178716
CDC42EP4,0.61786395
DBF4B,0.61784184
INPP5D,0.617795
ADRM1,0.6177855
CUL2,0.61772203
BLOC1S4,0.6177205
DNAJB4,0.6176598
ARSD,0.61765844
EEF1A1,0.6176372
BRF1,0.6176339
EIF5A,0.6176299
DCP2,0.6176271
DIAPH3,0.61762047
CBX2,0.6175824
ATG16L2,0.61758
DENND6A,0.61755383
CDS2,0.6175513
CDKN2AIP,0.61754984
LGALS9,0.61751175
CAT,0.6175087
DAZAP2,0.61749375
DBI,0.61749
BYSL,0.6174764
LSR,0.6174561
HERC3,0.61744976
EIF4A1,0.61741483
DNAJC11,0.61740136
FZR1,0.6174012
HEATR1,0.61737996
EEF2,0.61737686
DPH6,0.6173603
FAF1,0.6173516
FOXRED1,0.6173495
EI24,0.61734706
DHX16,0.6173334
GTF3C4,0.61731327
CPSF1,0.6173045
FYCO1,0.6172946
HERC2,0.6172896
FAHD2A,0.6172779
CYB5A,0.6172745
HDAC3,0.6172721
CTNNBL1,0.6172363
CHRNB1,0.61722296
FBXO41,0.61721766
CHKA,0.6171878
DBT,0.61717665
GSTK1,0.6171416
COX6A1,0.6171404
EIF3L,0.61713034
ATG3,0.6171255
DDX56,0.6170872
G3BP1,0.61706275
EMB,0.6170604
GALK1,0.6170536
DGKD,0.61704946
MRPS23,0.61703914
CHUK,0.6170151
CDC25A,0.61698854
MBD4,0.616988
IL13RA1,0.6169825
G6PC3,0.61698115
MUC3A,0.6169593
EXOC6B,0.6169358
GABPB2,0.61692435
DIAPH2,0.616859
BLVRB,0.6168559
BIRC2,0.6168321
DNM3,0.61682636
GINS1,0.6168136
HAGH,0.61680967
DPH2,0.6167989
DNAL1,0.6167953
BAG5,0.61679506
FMNL2,0.6167684
DNAJC2,0.61675483
EIF4B,0.61675066
HDLBP,0.61672914
ARHGEF19,0.6167251
FANCM,0.61671346
INPP4B,0.6166894
CNOT6L,0.6166848
FTH1,0.61666167
IRF9,0.6166543
EPHB4,0.6166524
CIB2,0.61661327
ERGIC3,0.61659014
COPE,0.6165863
KRBOX4,0.61656225
CAMK4,0.6165455
EIF4EBP1,0.61650753
CSNK1G3,0.61649686
DHX37,0.61648995
MAP3K8,0.616479
INPP4A,0.6164583
GUK1,0.6164098
EEA1,0.61637163
KPNA1,0.6163623
E2F3,0.6163581
DHRS4,0.6163569
CERS2,0.6163539
FGD2,0.6163429
HBP1,0.6163418
ILF2,0.61633843
CNN2,0.616327
GBA,0.6163175
GABPB1,0.6163126
JUND,0.6162488
KDM4A,0.6162373
LSM7,0.61623496
CDC37L1,0.6162274
CCDC88C,0.6162134
DLD,0.6161922
KAT5,0.6161833
IL32,0.6161634
IFT81,0.616163
DDX1,0.6161402
CYFIP1,0.61611855
ERAL1,0.6161105
GCFC2,0.616106
ETF1,0.6160724
COPS7B,0.6160648
DCAF16,0.6160501
KATNA1,0.61604154
DLG1,0.61603147
DENND4B,0.61603
GTPBP4,0.616023
MAP3K11,0.61596537
DLG5,0.61595625
CTDSP1,0.61594397
ARL6IP5,0.615942
FBXL19,0.61592495
FBN1,0.61590946
DCUN1D3,0.6159023
FAH,0.6158362
DSTN,0.6157857
DTNB,0.61577696
CWC27,0.6157703
GNG5,0.61576945
DAAM1,0.61576766
CTSB,0.61575156
CLIC1,0.6157368
DIAPH1,0.6157242
EIF3D,0.61572284
CTDSPL,0.6156966
EIF4EBP2,0.615695
EVI5,0.6156856
GON4L,0.6156425
LIN7A,0.61563754
CLCN6,0.6156333
DENND4C,0.6156249
FOXK1,0.615618
CSGALNACT2,0.61559814
LFNG,0.61557794
GNA12,0.61556816
ICMT,0.61556125
FOSL2,0.61554414
GOSR1,0.6155327
GNB4,0.61549544
GEN1,0.6154761
HAUS4,0.6154699
ESPL1,0.61546504
HSPG2,0.6154401
BRWD1,0.6154238
FTL,0.61541206
ELL2,0.6153958
GPSM2,0.6153802
CXXC5,0.61537474
GMEB1,0.61537343
LRPAP1,0.6153402
ELP2,0.6153171
ECSIT,0.6153135
ECI2,0.61527574
GALNT2,0.6152671
GSR,0.6152431
HSPB8,0.61523587
CSTB,0.6152169
CPSF3,0.61521125
ERGIC1,0.6151868
EEF1G,0.615182
FLII,0.6151718
ERCC8,0.61513954
GDI2,0.61513793
HLA-B,0.6151348
DUT,0.61509705
GADD45B,0.6150749
DLG4,0.61505115
ITGAL,0.61504054
HSD17B12,0.61500573
GLMN,0.61498696
FXR2,0.61496896
DNMBP,0.6149661
KLHL2,0.6149634
CHD1L,0.6149549
CCT8,0.6149489
FKBP1A,0.61491144
FEM1B,0.61490923
HGSNAT,0.6148823
EXOC3,0.61486155
DYNC1H1,0.61484814
CPEB2,0.6148229
LRRC49,0.61477685
ERCC6,0.6147616
LPIN3,0.61475605
FARSB,0.6147519
HNRNPD,0.61474097
EAPP,0.6146925
GATAD2A,0.6146896
GNB1,0.61467844
BMP1,0.6146451
BAIAP2,0.6146438
CSTF1,0.6146414
CDK2,0.6146245
EIF1,0.61461055
ESRRA,0.61460936
ANAPC2,0.61460716
GOLGA2,0.6145996
CIAPIN1,0.6145589
KIAA2013,0.6145536
LAMTOR3,0.61454344
APBA1,0.6145384
FBXO5,0.6145363
CCNT2,0.61452943
DHX32,0.6145243
MIF,0.6145199
HNRNPL,0.6145016
DHX8,0.6144984
EXOC2,0.6144714
CPE,0.6143957
IWS1,0.61437374
FAF2,0.6143491
ENG,0.61433816
FSCN1,0.61432815
ENO2,0.6143044
KLHL3,0.61427623
MAP2K5,0.6142749
EIF4A3,0.61426795
GCA,0.61425835
EPHX2,0.6142533
HPS1,0.614252
DPYSL3,0.6142489
CCP110,0.6142271
CCDC80,0.6142125
LIMK1,0.61419976
PTCD1,0.6141576
BFSP1,0.6141509
DENND1A,0.6141481
GDPD5,0.6141281
FKBP5,0.6141083
DIS3,0.61410296
FBXW2,0.6140969
DCUN1D4,0.61409307
GLUD1,0.6140853
LRFN4,0.6140845
ICAM1,0.6140841
AKR1C2,0.6140727
AGA,0.6140724
CRABP2,0.61404604
INPP5E,0.61401796
FARS2,0.6140153
EFNA5,0.6140035
GEMIN5,0.61399674
HCFC2,0.61394006
CFL2,0.61392605
HLA-DPA1,0.61392146
HNRNPH2,0.6139047
LNPEP,0.61390036
INVS,0.61389923
LPXN,0.61389244
FBXW8,0.613843
DERL1,0.61383593
NR2F6,0.6138327
GJC1,0.61380106
EOGT,0.6137971
DYNC1LI2,0.613797
HADHA,0.61379296
IL15,0.61378765
CNTNAP1,0.61376935
GNL2,0.6137673
HAUS1,0.6137633
EEFSEC,0.61375946
EGLN3,0.61373955
EPCAM,0.61373526
DEPDC1,0.61373246
HNRNPUL2,0.61372834
E2F7,0.61371136
EHBP1,0.6137057
COIL,0.6137006
COQ6,0.6136972
GIPC1,0.6136883
EEF1E1,0.61368173
GPI,0.61359805
FER,0.6135794
AGAP2,0.61355036
CWC22,0.6135088
HDAC5,0.6134963
HYPK,0.61348224
KIF5C,0.61347616
CNNM2,0.6134403
DDX39A,0.61343515
GSTZ1,0.61341876
ASS1,0.61341494
IBTK,0.61340666
EEF2K,0.6133766
CNOT11,0.6133722
FKBP4,0.61336803
FBL,0.6133577
EMC2,0.6133536
LARP4,0.61335045
DOCK6,0.6133463
GBE1,0.61334014
GPD2,0.6133242
COPS7A,0.6132912
IQSEC1,0.61328965
DPYSL2,0.6132561
GOLM1,0.6132529
EIF6,0.6132492
BCKDK,0.6132349
ELF2,0.61320996
ENAH,0.6132048
MRGBP,0.613173
GMNN,0.613162
GORASP2,0.6131548
KIF26A,0.6131504
MLX,0.6131489
GTF3C2,0.61311555
MAEA,0.61309254
GOT1,0.613043
GNPAT,0.6130395
DTNBP1,0.6130373
GTSE1,0.61303246
ENO3,0.6130321
AGER,0.61303127
GMDS,0.61302394
FMNL1,0.6130096
EXOC1,0.61300415
FUZ,0.6129943
DUSP16,0.61293393
DCTPP1,0.61293316
MED19,0.6129287
IFI44,0.61292315
JUNB,0.6129176
HSPA4,0.612895
GAA,0.6128839
ARHGEF9,0.61286604
CTTN,0.6128378
HSD17B10,0.6128347
HK1,0.61283004
EPC1,0.6128178
MCM4,0.6127768
EIF4E,0.6127556
ATL1,0.61275
GSE1,0.6127296
FAM126A,0.6127258
CSNK1G1,0.6127222
CDK9,0.61269283
GPN1,0.61269134
EME1,0.6126834
DDRGK1,0.61264783
MIS12,0.6125993
EIF3H,0.61258125
CYBA,0.61257416
FANCB,0.6125666
GAPDH,0.6125656
FUBP3,0.612563
FSTL1,0.61255157
IPO8,0.6125386
HNRNPA0,0.612538
EIF5B,0.612528
INSR,0.6125229
IKZF4,0.6125195
HOXA1,0.6125134
HLTF,0.61251175
IKBKG,0.612499
GALNT10,0.61249155
COG3,0.6124794
EXOC7,0.6124773
DNAJC1,0.61246645
FBXL18,0.61246324
DDX20,0.6124602
ARL1,0.6124459
DLST,0.61244446
DIDO1,0.6124332
DDX39B,0.61242795
HMG20B,0.6124267
FBXO31,0.612403
GNPTAB,0.61238116
CCNE2,0.6123466
CPNE3,0.6123446
KCNC4,0.61234444
CENPO,0.6123443
GRB2,0.6123146
ITGA3,0.6123107
KPNA4,0.6123094
LCMT1,0.6122813
ATG14,0.6122685
CCNA2,0.61226
IPO13,0.6122552
DLG3,0.6122478
INTS7,0.61223924
RARB,0.61223537
ERGIC2,0.6122189
CDCA3,0.6121916
DAB2IP,0.6121914
MAP2K3,0.61218864
GNA13,0.61217445
KIF9,0.61216766
INTS10,0.61215615
HJURP,0.6121461
KIF21A,0.61214036
GNAL,0.6121311
DCAF11,0.612117
CLEC3B,0.6120962
ECHS1,0.61207914
GNAI1,0.61206377
DNA2,0.6120591
KXD1,0.6120482
CYTH2,0.612048
HACE1,0.6120365
GSPT1,0.61202806
ELAC2,0.6120142
ERRFI1,0.6120138
FKBPL,0.6120117
CHERP,0.6120001
AGGF1,0.6119982
DPY30,0.6119782
HEG1,0.6119754
IP6K1,0.611975
ISG15,0.611967
GOT2,0.6119663
HEXA,0.61196554
KDM6B,0.61196285
GGA2,0.6119399
HSPH1,0.6119367
GSK3B,0.61192733
GSTM4,0.61191577
FLOT1,0.61190426
EIF2S3,0.61189854
CMTM6,0.6118945
GTF2A2,0.61187243
DONSON,0.6118563
FADS2,0.6118527
GUSB,0.6118351
LEMD2,0.6118233
ITGB2,0.61179745
GBP2,0.6117973
HSPA9,0.611773
HLA-DRB1,0.6117698
INO80E,0.61176556
BTN2A1,0.61176425
FKBP15,0.611737
DENND1C,0.61173505
GRPEL1,0.6117303
DPF2,0.611726
FCHO2,0.6117224
FURIN,0.61170596
HLA-DOA,0.6117045
HNRNPF,0.6116982
LAMA5,0.6116951
DRG2,0.6116915
GALNT18,0.6116912
CCDC115,0.6116885
GTF2F2,0.61167765
LYPD3,0.6116643
GTF2I,0.611662
GPT2,0.6116587
LRRC47,0.6116103
GTPBP2,0.6116006
LMAN2,0.6115995
CENPJ,0.6115877
LIF,0.61155576
LIN52,0.61153084
KRT18,0.61153066
HOMER3,0.61153036
GTF2IRD1,0.6115207
PKP1,0.61151725
DNAJA1,0.61151326
EXOC4,0.6114949
AGK,0.61148155
GALNT1,0.611473
FAU,0.611446
DIMT1,0.6114108
GRB10,0.6114037
EIF3J,0.61140287
COL8A2,0.6113782
GDI1,0.61136687
DDX55,0.6113613
FARP2,0.61134535
DMPK,0.6113432
DSP,0.6113351
COPB2,0.61133075
ILK,0.6113219
HMGB2,0.611297
HIRA,0.61127967
KLHL12,0.6112746
IFIT3,0.6112678
GTF2F1,0.6112642
HSF1,0.6112514
HSPA8,0.61124206
LPL,0.6112233
IQCB1,0.6112146
INPPL1,0.6112062
GGT7,0.6112019
CD300A,0.6112015
ARSG,0.61119676
CRMP1,0.6111726
FAT4,0.6111642
IL4I1,0.6111581
GART,0.61109406
FADS1,0.61105776
CYCS,0.61103815
GBF1,0.6110314
FOXN3,0.6110247
IP6K2,0.6110205
ARHGEF37,0.6110011
MYLK,0.610999
GOLIM4,0.6109586
EIF2S2,0.6109164
KCNS3,0.6109129
ITPR1,0.6109106
CACNA1C,0.6108981
B4GALT7,0.6108696
ELOVL7,0.61086607
INTS9,0.61086124
DCUN1D5,0.61084855
ITM2B,0.6108239
FBXL2,0.6108193
EIF2AK2,0.61081636
CTSD,0.6108163
EIF1B,0.6108092
LSM12,0.61080873
GSTA4,0.61079425
LTBR,0.6107847
DCTN4,0.6107708
ITGA11,0.61076385
MAPKAPK2,0.6107621
C1GALT1C1,0.6107489
BAK1,0.6107478
BBS7,0.61073714
HNRNPK,0.61071557
GALNS,0.61070365
FLRT2,0.6107028
LDB2,0.61069685
G6PD,0.6106824
GOLPH3,0.6106767
GRWD1,0.6106748
DYNC2H1,0.61066496
DFFA,0.61065364
MAP3K3,0.61064595
HNRNPUL1,0.6106356
MDFIC,0.61061597
CHMP2B,0.61061597
EXOC5,0.610612
BPGM,0.61059177
INPP5A,0.610564
KRT7,0.6105617
EHMT1,0.6105586
GIT1,0.6105569
HERC1,0.6105423
INTS6,0.6105385
CHMP4A,0.61053836
GANAB,0.61052525
GNAI2,0.6105219
GGA1,0.610519
FKBP8,0.6105003
GNPDA1,0.61049414
ITGA2B,0.6104898
HMGA1,0.6104821
F11R,0.61045
AGMAT,0.61044633
NR2F2,0.610442
IFT46,0.6104343
ETFB,0.6104312
MPDZ,0.61041677
LAP3,0.6104014
FRS2,0.610398
CTDP1,0.6103934
HOXB3,0.6103883
GATAD2B,0.6103698
CIB1,0.61034286
HMGCL,0.61034113
KIF2C,0.61033535
EIF2D,0.6103139
GOLGA3,0.61026895
CSPG4,0.6102577
FBXO45,0.6102558
LAS1L,0.61025107
BTN3A1,0.6102028
MIS18A,0.61017823
HAUS2,0.6101581
MLF1,0.610153
HLA-E,0.61015123
EFCAB7,0.61014575
IMPA1,0.6101188
CBLL1,0.61008203
FBXW11,0.6100647
DR1,0.61005306
HSPD1,0.610053
ESYT1,0.6100459
INPP5B,0.6100452
KDELR3,0.61002594
HM13,0.61002433
MAD2L1,0.61001974
GPS1,0.6100004
DTX4,0.6099965
EIF4G1,0.60999566
HIVEP3,0.609954
DENND1B,0.6099431
DPH3,0.6099372
HDAC2,0.60992646
MCL1,0.6099097
DMAP1,0.6099093
KCNJ14,0.6099018
EIF3M,0.6098396
DSEL,0.60981166
LMNB2,0.6097811
ARL4C,0.6097683
HCFC1,0.60974634
GLA,0.60974133
GGCT,0.6097285
FYN,0.60971814
CAST,0.6097127
GPKOW,0.60970867
MCF2L,0.6096934
EVL,0.6096924
CLPB,0.6096891
ELOVL6,0.6096881
FANCI,0.60966647
IFT140,0.60965234
NAGK,0.6096498
ITGAE,0.6096475
HECTD1,0.6096356
MTHFS,0.60963506
BRCC3,0.60963225
GPR176,0.6096281
GNS,0.6096113
ARHGAP6,0.6096084
IQGAP3,0.60960126
DDX27,0.60959387
DPH1,0.6095857
HSPA5,0.6095602
CGNL1,0.6095503
HOXB6,0.6095277
LAMC3,0.609525
HYLS1,0.6095224
CEPT1,0.6095193
DHRS1,0.60951865
MICU1,0.60946614
CLK1,0.60945606
DGAT1,0.6094349
E2F8,0.60941285
IRF7,0.6094065
HNRNPAB,0.6094012
LSM5,0.60939705
GPR161,0.60939664
LRWD1,0.6093824
FNIP1,0.6093784
HOMER1,0.60937464
LIPA,0.60936594
HGS,0.6093588
CIAO1,0.6093445
KATNAL1,0.60932565
KDM2A,0.6093104
MGLL,0.60930043
DNM1L,0.6092962
FARP1,0.60929406
HTT,0.60929304
IFNLR1,0.60929275
INSIG1,0.6092908
IMPA2,0.60926133
KIF22,0.60925126
HLA-F,0.6092467
GALK2,0.6092392
KATNBL1,0.6092293
GAB2,0.6092214
MAN2B2,0.60921353
FAM13A,0.60920864
MACF1,0.6091646
GAK,0.6091409
KDELR1,0.6091387
ATP1A3,0.60913527
HDAC8,0.6091144
MICA,0.60906893
CD63,0.6090554
IPO5,0.6090407
IPO9,0.6090086
FMN1,0.6090008
CRTC2,0.60898054
LIG3,0.60898054
FARSA,0.60895824
IRF2,0.6089416
KCNN4,0.60890776
DNAJC10,0.6088926
FAM91A1,0.60888046
MAGT1,0.60885876
GCLC,0.6088434
DDX42,0.6088433
DUS2,0.6088191
FERMT2,0.6088062
HMGB1,0.60880274
ARSK,0.6087985
IFT52,0.60877424
IREB2,0.60877126
IGFBP6,0.60873324
EARS2,0.6087258
FERMT3,0.60867316
MKNK1,0.6086729
HVCN1,0.6086706
GPN3,0.6086644
GFM1,0.6086622
PAGR1,0.60864896
GALE,0.6086468
LRP10,0.6085848
FNBP1L,0.6085547
LAMC2,0.60855
NUDT16,0.608545
IL1RAP,0.60851306
KLHL5,0.60850984
HNRNPA1,0.6085024
GNB2,0.60849434
GLO1,0.60846895
HOXB4,0.6084545
EMC4,0.6084514
ECD,0.6084487
GLG1,0.60844016
ILF3,0.6084319
GARNL3,0.60841906
GYPC,0.60840404
IPO7,0.60839546
IFT122,0.6083699
HMGN2,0.60835826
GPR153,0.608346
IMPDH1,0.6083431
HLA-DPB1,0.6083302
HPDL,0.6083293
MDH1,0.60832894
DOK1,0.6083204
FBXO30,0.60830855
EGLN1,0.60830355
G3BP2,0.6082954
KIF1B,0.60829246
FMR1,0.60828155
DDHD1,0.60827714
GLI3,0.60826975
BNIP3,0.6082419
GPR89A,0.6082264
GLUL,0.60819703
GMPPA,0.60816073
CCNB2,0.6081491
JARID2,0.6080848
KRI1,0.60808027
CASP4,0.6080661
KLHDC3,0.6080535
MED29,0.6080229
LRRC41,0.60801286
GALNT11,0.60801125
LOXL1,0.6080021
GAB1,0.60799986
MCM10,0.6079881
PARS2,0.60798705
HLA-DMB,0.6079857
KIAA1549L,0.6079667
GPAA1,0.6079502
ELP6,0.6079306
LRRFIP1,0.60792375
FAM98A,0.60792
CHI3L1,0.60789764
GPR183,0.6078957
DUSP6,0.60789543
INO80,0.6078706
HNRNPC,0.60784805
MYL6,0.60782653
HPSE,0.60780585
ITGA5,0.60779995
LSG1,0.60779905
FBXO38,0.60774845
DNAJC3,0.607742
MAPK7,0.60772306
MBP,0.607721
HAAO,0.6077021
HS6ST1,0.6076928
KCNMA1,0.60769147
FPGS,0.60767215
NAPG,0.60763264
MRPL22,0.6076297
LTBP4,0.607616
LSS,0.60761416
COG2,0.60759133
FGD4,0.6075745
LATS2,0.6075626
KDM2B,0.6075436
KPNA6,0.6075381
HSPA1A,0.60753316
KCNC3,0.60753
IFI44L,0.6075289
EIF3I,0.60752696
ITGB1,0.60752624
MEPCE,0.6075215
GLCE,0.6074969
HUWE1,0.607488
GNAI3,0.60748607
MAPK12,0.6074858
KRT5,0.6074543
LDLR,0.60744184
PAK1IP1,0.60742813
INPP5F,0.6074203
MAGI2,0.6073948
LONP2,0.60739243
MTX1,0.6073902
KIF14,0.6073657
OSBP,0.6073629
MRPS31,0.60735416
GUCY1A2,0.6073482
DSG2,0.60734403
ITCH,0.60733044
EPB41L4B,0.60732055
KCTD3,0.6073205
KPNA5,0.60731536
GSDMD,0.60729927
MATK,0.6072883
IRS1,0.607282
GAPVD1,0.6072779
KALRN,0.60727763
CRADD,0.60727704
AGPAT2,0.60727614
GGCX,0.607272
HNRNPM,0.6072664
IL10RA,0.60724366
HOOK2,0.6072372
MRPL33,0.60723543
HDAC6,0.6072309
MFGE8,0.607228
MBOAT1,0.607225
IBA57,0.60722005
GTF2A1,0.6072141
LMO7,0.60720295
HECTD3,0.6071708
LTB,0.60715276
DYRK2,0.60713935
ITPK1,0.60713726
DLGAP5,0.60712516
GJA1,0.6071133
FBXL17,0.6071023
FXR1,0.60709924
LAT2,0.6070986
MRPL37,0.60709333
DBNL,0.60708976
KLHL42,0.607065
HNRNPA3,0.6070453
MPHOSPH10,0.60704225
GIGYF2,0.6070386
GUF1,0.6070142
IPO11,0.6069865
F2R,0.606974
LDHB,0.60696346
DIABLO,0.6069626
GGH,0.60696083
INTU,0.60696006
FN1,0.6069421
EIF5,0.6069373
JDP2,0.6069193
ITPR3,0.6069061
EID3,0.60687625
GNPDA2,0.6068714
NOM1,0.6068698
HNRNPU,0.60686725
KCNQ1,0.60685915
GK5,0.6068446
GOLGA4,0.6068398
CNOT10,0.6068173
FUT8,0.60681176
GALC,0.60681087
MIEF1,0.6067452
CFD,0.6067374
ARHGEF4,0.60673547
MAML3,0.6067338
MYO1C,0.6067332
CYB5R4,0.60673285
HS2ST1,0.606731
MCMBP,0.60672265
METTL3,0.60672075
IDH3G,0.6067155
MRPS18A,0.60671204
EPAS1,0.6067049
FIBP,0.60670364
DTX3,0.60669667
HYOU1,0.60664946
KIF17,0.60663694
CD320,0.6066249
KRR1,0.6066231
MBIP,0.6066165
HELB,0.6066106
DRG1,0.60660636
NEMF,0.60658693
LIG4,0.60657114
FBXO32,0.6065163
HBS1L,0.60648715
MRPS21,0.606483
CAB39L,0.606464
ISYNA1,0.606457
KHSRP,0.6064202
MCUR1,0.6063775
MLXIP,0.6063752
MAP3K4,0.60636204
IRF1,0.60636014
LTBP1,0.60630524
FAN1,0.6062973
MRPL53,0.60627985
BRPF1,0.6062742
KIF27,0.6062577
IRF8,0.60624593
LAPTM5,0.60624224
GRPEL2,0.6062346
EIF4G2,0.6062158
INO80D,0.6062103
ESRP1,0.6062001
GIMAP4,0.6061813
KRIT1,0.6061786
KPNA3,0.6061596
NOL6,0.60611206
NDUFV1,0.60605425
CD2BP2,0.6060454
JMJD1C,0.60603726
GPCPD1,0.60603493
IL2RG,0.60602134
IRF5,0.60599357
KPNB1,0.60599166
HNRNPH1,0.60598963
LIN54,0.60598195
ITFG2,0.6059551
DYNC1LI1,0.60595137
ORC6,0.6059498
KANSL1,0.60591567
KANK1,0.6059079
IK,0.6059011
HADHB,0.6058967
HLA-C,0.6058903
KIF18A,0.60588896
JUP,0.60584974
ITPR2,0.6058354
MMS19,0.6058228
MTMR3,0.6058194
GPN2,0.605809
LGMN,0.60578364
KIF3A,0.6057765
DERA,0.60574627
IQGAP2,0.6057306
GPC1,0.60572135
KLHDC2,0.6057026
LCP2,0.6056954
GLS,0.60568
HAT1,0.60567683
NOP16,0.6056739
NDUFAF3,0.6056724
DAPK3,0.6056223
EVI2B,0.6056071
KCNG1,0.6055644
OAZ2,0.6055626
DNAJB14,0.60555553
MRPS24,0.60553557
HIF1AN,0.60553145
HIPK1,0.60553014
KHDRBS1,0.60552263
DDX50,0.6054918
IGFBP4,0.6054856
MVD,0.60547787
KHNYN,0.6054759
HSD11B2,0.6054656
FJX1,0.6054619
HDAC10,0.60543996
DYRK1B,0.6054353
FANCL,0.60543334
EXOSC5,0.605421
HNMT,0.60538125
MAMLD1,0.6053749
LAMC1,0.6053589
ITGA2,0.6053414
HDAC7,0.6053337
MX1,0.60533124
LAMTOR4,0.6053278
GULP1,0.60531604
MYCBP,0.60530275
FDPS,0.60528976
KNTC1,0.6052824
KIF3B,0.60527307
MTM1,0.60524845
LSAMP,0.60524267
INPP5K,0.60522723
MAPKAP1,0.60522664
HOXA5,0.60521114
MFAP2,0.60519904
JMY,0.6051948
IFNGR2,0.6051945
DNAJC9,0.6051945
MYO9A,0.60517424
DERL3,0.6051641
HIPK2,0.6051634
NDUFS3,0.6051578
INTS3,0.60514784
NFYA,0.60514635
GTF2E2,0.6051352
IPO4,0.6051351
MAP3K5,0.6051311
KMT2E,0.6051281
ERLIN2,0.6051185
GNB5,0.60511637
LOXL3,0.605116
LARS2,0.60509056
EIF2B1,0.60508764
IDE,0.60506266
CLN8,0.60501415
HDAC4,0.6050034
ODF2,0.6049961
MTIF3,0.60497564
LRP8,0.6049505
ING4,0.60494787
MKKS,0.60494095
NDUFAF1,0.6049311
INTS1,0.6048663
KCMF1,0.6048654
IMMT,0.6048545
LGALS3BP,0.60484916
ERI1,0.60482657
INTS5,0.6048102
MRPL46,0.6047935
EPB41L1,0.60478485
HECTD2,0.60478073
HNRNPH3,0.60477006
EMC3,0.60476637
IFNAR1,0.60476524
MOCS1,0.60474664
KIF11,0.6047392
LUC7L,0.6047076
LMTK2,0.60469294
LPCAT1,0.60468376
GTPBP1,0.6046733
LIG1,0.6046486
MBD6,0.60461956
ELK1,0.60460436
IMP4,0.6045867
ITGB5,0.6045845
NBR1,0.60458434
GATA6,0.6045756
MRPS28,0.6045704
INTS8,0.60454917
MRPL49,0.60454255
MOK,0.60451293
MBTD1,0.60449857
MAN2A1,0.6044716
IL10RB,0.60445106
FBXL20,0.6044484
CREG1,0.6044433
GALNT7,0.6044428
EFNA1,0.604425
KLHL21,0.60442466
GRN,0.6044241
KIF20B,0.6043657
COL5A2,0.6043246
GRSF1,0.6043028
LAMB3,0.6043019
ELOVL1,0.604292
ESRP2,0.60428256
EXOSC4,0.6042781
MGAT5,0.6042661
GAS8,0.60426223
ASIC1,0.6042526
JAZF1,0.60423255
BCAS2,0.60422677
INTS12,0.60422623
MKRN1,0.6042162
MBD1,0.60421205
CCNK,0.6042093
IRF2BP2,0.6042064
LYAR,0.60420626
MYH10,0.6041719
MAFG,0.6041689
HEBP1,0.6041631
IL17RC,0.60416245
GPSM1,0.60414624
LPGAT1,0.6041375
MAPK9,0.6041213
HNRNPDL,0.60409695
HERPUD1,0.604061
DHODH,0.6040579
GLRX5,0.6040391
IARS2,0.6040233
MTHFD1L,0.6039841
MOB1B,0.6039679
GRIN2D,0.60393316
CD40,0.6039287
MRPS30,0.6039207
MAGED2,0.6038973
PCCB,0.6038533
IL17RD,0.6038099
LAMP1,0.603795
MBNL1,0.60378397
HSD17B7,0.6037654
KMO,0.60374707
LMO4,0.6037393
LRFN3,0.60373515
MSL2,0.60372406
IFNAR2,0.6037212
DALRD3,0.6036413
MTA3,0.6035892
CATSPER2,0.6035833
LRRC40,0.6035817
LPCAT4,0.6035798
PIK3CD,0.603572
FUCA2,0.60356873
MYO9B,0.60356665
NDUFB4,0.60356057
MOV10,0.60355204
GADD45GIP1,0.6035486
PARP4,0.60354483
HPS3,0.6035393
EIF2B3,0.6035348
LGR4,0.6035297
GINS4,0.60351986
OAS3,0.6035155
MASTL,0.6034954
IMP3,0.60348666
POLRMT,0.6034723
GNG12,0.6034475
GLRX2,0.60342395
CLCF1,0.6034065
MPHOSPH6,0.6034038
IGFBP7,0.6033784
EHMT2,0.6033638
IL2RB,0.60334855
FGF11,0.6033452
DDX23,0.60333127
LYRM4,0.6033284
KCTD1,0.6033243
IDH3B,0.6033181
LRIG1,0.6033175
HDAC9,0.60331744
EXOSC6,0.6033161
MED24,0.6033143
MYBL2,0.6032984
MAPK8IP1,0.6032959
KIF18B,0.6032935
ASB6,0.6032929
MRPL17,0.60326976
FZD6,0.60326576
MBOAT2,0.6032515
HLCS,0.6032393
F12,0.6031979
MAF1,0.6031957
LEPROT,0.6031855
MRPL19,0.6031849
MANBA,0.60318404
OAS1,0.6031731
GNPTG,0.60315526
MAPRE1,0.6031479
LARP4B,0.6031388
MARK3,0.6031291
LAMA4,0.6031128
LSP1,0.60309756
HELZ2,0.6030949
MRI1,0.60307723
NDUFS7,0.60307086
MRPL28,0.6030529
CUL4B,0.6030254
MAN1A1,0.6030232
MMADHC,0.60300374
LMAN1,0.603
INPP1,0.6029935
MEGF8,0.60297626
NIT2,0.60297316
HDAC1,0.6029607
IRAK1,0.6029528
FCHO1,0.6029057
DHRS3,0.60287213
GRK6,0.6028628
MAP2K7,0.6028452
HSPA14,0.6028444
LIMD1,0.6028359
NEDD1,0.6028029
MAPK14,0.6028016
MAPKAPK5,0.60279924
MYO6,0.6027982
KAT6A,0.6027937
HAUS3,0.60279363
FBXL4,0.6027756
GRAP,0.60277313
EPHB2,0.60277045
NOMO3,0.602752
NUDT9,0.60274816
KIF15,0.6027002
INO80C,0.6026918
MECOM,0.6026866
KCNAB2,0.60265714
IGF2R,0.6026524
MAU2,0.6026435
MED15,0.6026354
NECAB3,0.602622
NCAPH2,0.60261154
MCRS1,0.60258645
HK2,0.6025792
MED14,0.6025754
HCCS,0.60255015
MATR3,0.60252964
MAP4K3,0.60252464
MDK,0.60251874
MLYCD,0.6024818
IL17RB,0.6024817
MCCC2,0.6024509
GPC4,0.6024476
IFIH1,0.60242146
NSUN5,0.6024212
MECR,0.6024204
HOMER2,0.6024085
LYPLA1,0.60239977
MAGI3,0.60238373
NDUFAF5,0.602364
ITGA6,0.60234976
OXSM,0.6023407
MAVS,0.60234046
MCM3AP,0.6023231
LSM4,0.6023231
MAN2C1,0.6023222
NOSIP,0.60229397
NLE1,0.60226756
MAT2B,0.6022659
MRPL27,0.6022488
KIFC1,0.6022308
ELMO2,0.6022252
MRPL54,0.6022098
KIF3C,0.60217255
ESD,0.60215855
MEIS2,0.60215586
MVP,0.6021557
GLB1,0.60213846
MAD1L1,0.6021288
INO80B,0.6021152
MRFAP1,0.60211277
MGAT4A,0.602109
NKD1,0.6021077
NAE1,0.60210425
CSF1,0.60206586
LAMP2,0.6020614
LYPLA2,0.6020512
MYL12B,0.6020092
LPIN2,0.6020087
MKNK2,0.60199904
FBXO27,0.60198724
NANS,0.60198456
MFHAS1,0.60194856
PEX5,0.60193986
LTBP3,0.6019319
FUT4,0.6019274
MAST2,0.60192454
NEU3,0.6019236
KDM3B,0.60192347
MAP3K2,0.60188645
MTA2,0.60186607
ORC3,0.60186374
GTF2E1,0.6018614
HSBP1,0.6018601
MRPL38,0.6018483
DECR1,0.60183513
NEK9,0.601822
FECH,0.60181856
INCENP,0.6018151
CPEB4,0.6018147
CREB3L4,0.6018142
NDUFB1,0.60179317
EIF3B,0.60177696
KRT10,0.601761
ITPKB,0.6017495
ITSN2,0.60174596
NDUFB10,0.6017394
MCM2,0.6017387
EBNA1BP2,0.60173756
MRPS27,0.6017343
NADSYN1,0.6017121
MRPL16,0.60170746
MPDU1,0.60168886
NFYB,0.60168403
EPB41L5,0.60167843
MNAT1,0.6016568
ATF6B,0.6016562
MAGOHB,0.60160536
LBR,0.6016002
DNTTIP2,0.6015909
POLL,0.6015765
IRAK4,0.6015563
MED21,0.60153943
PDK3,0.601533
NDUFA1,0.60151607
LRP5,0.60150963
GPSM3,0.60149443
NAP1L4,0.6014783
MRPL2,0.6014495
NES,0.6014494
L3MBTL2,0.6014195
MED22,0.60141695
MED25,0.60140514
MINK1,0.60138994
HLX,0.6013671
MSRB2,0.6012967
MTMR7,0.6012846
NUDC,0.60127556
NMT1,0.60124874
ITGA1,0.60123914
LCLAT1,0.6011853
PHB2,0.6011747
MCM5,0.6011716
MXRA8,0.6011652
MAP4K5,0.6011619
FBXO4,0.6011611
PGF,0.60115767
ITGB4,0.60114706
CAPN10,0.6011438
LRIG2,0.60114163
C6orf120,0.60113114
LRCH1,0.6011064
PFKM,0.60110116
MBD3,0.6010937
MRPS11,0.601072
HUS1,0.60106695
MRAS,0.6010557
ITPKC,0.601037
ISY1,0.6010257
MCM3,0.6010248
EPS8L2,0.6009766
LINGO1,0.6009711
MRC2,0.60096556
PAQR8,0.6009233
JMJD6,0.60090786
CCNDBP1,0.6008974
NAA20,0.60088044
PAICS,0.60087186
NEO1,0.6008704
HLA-DMA,0.6008673
NRP2,0.600863
PAIP2,0.60085815
KDM4B,0.60085124
KMT2B,0.60084474
ME1,0.60083747
CRY1,0.6008292
GRHPR,0.60081065
NDUFA11,0.6008049
KCNMB4,0.6008003
MZF1,0.6007909
IRAK2,0.6007793
COX17,0.6007774
PKIA,0.60077024
H6PD,0.6007657
NDUFS6,0.60075897
MINPP1,0.6007432
KCNK5,0.60073966
NDUFB8,0.6007355
ATP6V1E1,0.60073406
NELFE,0.6007292
KRT80,0.6007291
OPTN,0.6007223
NAF1,0.6006792
LAMB1,0.60065085
PLK2,0.60063624
NUDT19,0.600626
KIDINS220,0.6006225
ISG20L2,0.6006132
MPG,0.6006075
MICU2,0.6006047
NDUFAB1,0.60058624
NAA16,0.60058385
GK,0.60057837
MAN1A2,0.60057616
LDB1,0.6005543
HPS6,0.60054344
IFT20,0.600535
IL6R,0.60049444
MRPS15,0.60048866
MAGED1,0.600483
NUDT5,0.60048026
ORAI3,0.6004403
CLIC2,0.6004092
METAP2,0.60040367
MAPK11,0.6004032
HIGD1A,0.6003965
GTF3C1,0.6003867
KIF20A,0.60037124
NLRP1,0.6003649
LIMS1,0.600359
FBXW5,0.6003557
MED6,0.60034746
HSPB1,0.60033816
MRPS26,0.60033643
PAFAH1B3,0.6003286
KTI12,0.6003204
INTS4,0.60030764
PARN,0.6002903
GTF2H3,0.6002796
METTL4,0.60027623
NRL,0.60024226
KCNJ2,0.60023856
NAA60,0.600234
NFRKB,0.60020524
NHP2,0.6002025
MAGOH,0.600202
HSD17B8,0.6001942
OTUD5,0.60019064
LLGL2,0.6001808
MANF,0.6001799
MED9,0.6001767
DDX58,0.60017216
MSMO1,0.6001705
PSMB6,0.6001673
NUFIP1,0.60016567
LUC7L3,0.6001651
NCSTN,0.60016364
GAR1,0.600155
HSPBP1,0.60014606
PRKAR2B,0.6001361
MLST8,0.6000973
NFIX,0.60007304
NCK2,0.6000729
NEIL1,0.60007286
NDOR1,0.6000514
KIF2A,0.60004556
MTMR2,0.60001004
FXYD6,0.5999463
NSA2,0.5999423
CASP7,0.599899
B9D1,0.5998842
MEMO1,0.5998718
GATM,0.59987074
MAN1B1,0.59985995
PKP3,0.59985656
IMPDH2,0.59984636
L3MBTL1,0.599845
LTB4R,0.5998432
MARK2,0.59983987
MPRIP,0.5998251
EHHADH,0.59981614
IL21R,0.59981567
PDE12,0.59981054
METAP1,0.59980965
NOMO2,0.59980845
MTFMT,0.5997981
KIF1C,0.59979326
CPT1A,0.5997889
LSM2,0.59978074
LMNB1,0.5997745
IFI16,0.59975594
MAP4K1,0.59972614
PAK4,0.5997207
NKIRAS1,0.5997005
MEIS1,0.5996919
NME4,0.5996714
MRPL51,0.59966207
LRP1,0.5996563
EMC9,0.5996428
GYS1,0.59963053
GRHL1,0.59962475
MGRN1,0.5996203
NFU1,0.599612
HNRNPLL,0.59959
GCDH,0.5995827
MFN2,0.5995821
MEX3C,0.59957355
DPM3,0.59956086
COLQ,0.59953755
MRPS7,0.599521
IRF3,0.5995197
MSRB3,0.59951013
IRF2BP1,0.5995066
NUP50,0.59949607
KDELR2,0.5994777
MRPS2,0.59945846
MOCOS,0.5994536
NUBP2,0.59942955
EXOSC8,0.59942794
MYO15A,0.59942526
MORC2,0.599416
ISCA2,0.5993982
MEF2D,0.5993875
PRPS1,0.5993704
PA2G4,0.59935915
PPP1R15B,0.59935117
PTPRE,0.59934145
ENC1,0.5993344
MRPS5,0.5993332
GDAP1,0.5993327
LPIN1,0.5993272
NLN,0.5993034
NFKBIB,0.5992942
NEIL2,0.5992936
OSTM1,0.59927285
MGA,0.59927016
MFSD12,0.59926105
IRF2BPL,0.59924954
PARP3,0.59924054
MMP11,0.5992405
NDUFV3,0.59923613
LTN1,0.59923285
PABPN1,0.5992027
LRSAM1,0.59919345
NMRAL1,0.5991932
NACC1,0.5991761
MED16,0.599159
NUMA1,0.59914184
MAP4K2,0.59914064
IER3,0.59912276
KLHL20,0.5990853
PHF5A,0.5990785
ENOPH1,0.5990677
COMMD5,0.5990603
MPP5,0.59906
MSL3,0.5990457
PANK1,0.5990302
MAP4K4,0.5990192
HMOX1,0.5990174
MTHFD1,0.5990165
MTMR14,0.59899384
MZT2A,0.59897196
NUMB,0.5989692
MIB1,0.59896535
INIP,0.5989533
MGAT4B,0.59894824
MYL6B,0.59893346
ORC2,0.5989235
PERP,0.59889627
MRPL50,0.5988914
LGALS8,0.59887326
PLA2G15,0.5988731
MAK16,0.5988727
NAA50,0.59884846
PNRC2,0.59884065
NUDT12,0.5988394
HMGXB4,0.5988392
METTL21A,0.59883887
E2F2,0.59883785
NFKB1,0.5988351
NAPA,0.5988308
NDUFA4,0.5988303
MAN2A2,0.5988195
MCM7,0.59881413
ENTPD5,0.59880906
MRPL10,0.5988076
FAM114A2,0.5987877
PHAX,0.59876937
NDUFA12,0.59876597
LYZ,0.59876245
MAML1,0.5987597
RFC5,0.5987497
SEC11C,0.5987487
NFATC2IP,0.59873384
NAPB,0.5987188
KIF26B,0.5987184
RAP1GAP,0.59871495
MYLIP,0.5987026
NUDT14,0.5987002
OSTC,0.5986916
MRPS18B,0.5986851
MZT1,0.59865427
PKN3,0.59864444
IL16,0.59862906
NUDCD3,0.598619
MTA1,0.5986171
MOB1A,0.5986012
NEDD8,0.5985992
LRRC8D,0.5985512
NR1D1,0.5985361
MAP1LC3B,0.5985349
HSPA4L,0.5985009
GOLGA1,0.5984828
NAA25,0.5984724
LPCAT3,0.59847075
MRPL48,0.5984553
NUP54,0.59844095
MRPL45,0.5984338
IFT27,0.59843194
PCK2,0.5984058
NDUFS8,0.5984017
POLR3G,0.5984014
CAPN7,0.59837675
PDHB,0.5983615
MSX1,0.59835523
MELK,0.59835225
GCC2,0.59833133
MBTPS2,0.59832335
LRP6,0.5983138
PCBP4,0.59828806
PINK1,0.59828055
MAP1B,0.5982799
DNAH5,0.598273
PABPC4,0.5982598
CHKB,0.5982593
NOP56,0.5982583
AIF1,0.59825265
PHACTR1,0.59824646
PLEKHA7,0.5982463
MZT2B,0.59824115
NDUFB5,0.59823734
LCAT,0.5982344
KIF23,0.5982291
NDUFA8,0.59822655
MAN1C1,0.5982105
ENTPD4,0.5981942
MTMR4,0.59818774
GPANK1,0.59818286
MRPL35,0.5981652
FBXO8,0.59815985
NVL,0.5981527
NFATC4,0.5981437
MRPL55,0.5981427
LONP1,0.59810156
MRPL1,0.59809214
NCOA6,0.59808964
NPHP3,0.59808195
HEXIM1,0.5980766
MBOAT7,0.5980725
MCC,0.59803855
HMGCS1,0.59803134
MPP2,0.59803
PACS2,0.5979879
LEMD3,0.5979653
MPC1,0.5979573
NAP1L1,0.5979562
NR1D2,0.597953
MAT2A,0.59795094
EPHA1,0.59794974
PELP1,0.59793085
L3HYPDH,0.5979157
MRPS6,0.59790677
FAM120B,0.59787583
MPP7,0.5978697
KIF4A,0.59785444
RPF1,0.5978381
MRPS22,0.59782815
IL18BP,0.5978203
ITGB1BP1,0.5978105
NUTF2,0.5978037
DSC2,0.5978025
INTS2,0.5977903
FAM20A,0.5977338
LEPR,0.5977309
MPHOSPH8,0.5976631
NOLC1,0.5976619
NMNAT2,0.5976459
NSUN2,0.59763664
MEAF6,0.59763426
OS9,0.59762996
MTMR12,0.59761626
GNE,0.5976104
KDM1B,0.5976098
NHEJ1,0.59759456
NSMCE2,0.5975818
NEDD4L,0.5975524
ICAM2,0.59752446
FZD7,0.597498
MORF4L1,0.59746015
GALNT6,0.5974445
MCTS1,0.5974271
NOP9,0.5974238
MAPRE3,0.59740144
NCL,0.5974004
PPIE,0.59737664
LIN9,0.59737605
CREM,0.59737575
NOL9,0.5973624
NDUFV2,0.59734595
ODC1,0.59734195
KIFAP3,0.597341
ERF,0.5973279
DPCD,0.5973215
IFT80,0.5973183
LAMA3,0.5973125
KIF13A,0.5973086
NPAS2,0.5973043
EXOSC9,0.5972965
ATP6V1D,0.5972894
MGST3,0.5972892
PRPF4B,0.5972667
SMOX,0.59725225
NNT,0.5972424
MRPL41,0.59723604
PLEKHG4,0.59723514
NGLY1,0.5971985
NUCB1,0.5971939
MLEC,0.59717983
PDRG1,0.59717923
NCOA2,0.59715486
MTMR9,0.59715164
MRPL11,0.59714687
HES4,0.59714067
KLHL22,0.5971367
OAZ1,0.59712946
DHPS,0.5971032
MIEN1,0.5970992
MAD2L2,0.5970792
PDLIM7,0.5970616
IL20RB,0.5970457
NCOA1,0.5970426
PTPRS,0.5970389
MTDH,0.5970357
MPI,0.5970299
MED8,0.59701884
NFE2L1,0.59701806
LIMA1,0.5969835
CYP2D6,0.5969744
FAM160A2,0.5969694
NDST1,0.59696317
NPNT,0.59696215
PPP1CC,0.59692615
GTPBP10,0.5969026
PTPN22,0.5968487
NEK7,0.5968413
NEK8,0.5968323
LZTFL1,0.59681904
MYO10,0.5967989
METTL14,0.59678394
NDRG2,0.5967635
MXD1,0.5967598
DGKQ,0.5967478
MAP1S,0.5967428
NFKBIA,0.59674007
EPOR,0.59673995
RMI1,0.5967353
NDUFAF6,0.59672487
MGAT2,0.59672457
NCAPG2,0.5967243
MALSU1,0.5966842
NHS,0.59668255
NDUFAF2,0.596676
PREX1,0.59667355
NID1,0.59667194
SMNDC1,0.59666693
NONO,0.5966613
POLR2B,0.59664476
ECH1,0.5966419
MED7,0.5966336
NUDT16L1,0.59663177
ORC1,0.5966192
MIA3,0.5966139
MMP15,0.59661293
NIPSNAP1,0.59660554
MEF2A,0.5966006
NCAPH,0.59659594
NSMCE4A,0.59659135
PARP12,0.59657997
MRPS9,0.5965601
LYPD6,0.59655654
NHLRC3,0.5965543
DSN1,0.5965467
LRP12,0.5965428
NSUN4,0.5965382
PI4KB,0.59650195
POLR2K,0.5964965
MKLN1,0.59648675
KIF21B,0.59648377
DDX51,0.59647894
RNF135,0.5964702
NELFCD,0.5964657
PGM2,0.59643865
CMTM7,0.5964338
PPP1R13L,0.5964321
LMOD1,0.5964284
MYOF,0.5964031
MSH3,0.5963953
GFER,0.5963873
POLDIP3,0.596386
PGRMC1,0.5963824
ORMDL2,0.59636766
NR4A1,0.59634674
NAA38,0.5963238
NAA35,0.59630424
PPP2R5D,0.5963031
NET1,0.59630215
NEU1,0.5962906
PLA2G4A,0.5962902
MTX2,0.59628713
MAN2B1,0.5962516
RAB13,0.5962507
NASP,0.5962384
NEK6,0.59622914
FOS,0.5962214
PSMF1,0.59620774
P2RY11,0.5962023
NUDT21,0.59618956
PEX13,0.59616834
FBXL7,0.5961666
NR6A1,0.59615827
MED23,0.59614897
NAA10,0.59614414
MRPS34,0.5961389
MBD5,0.5961234
NPM3,0.5961169
MID1IP1,0.5960926
FRS3,0.59607416
PDXDC1,0.59607273
MRPL20,0.59607136
NOMO1,0.596055
HADH,0.59605384
NMD3,0.5960405
EXOC6,0.5960206
PLXNA1,0.59601563
HAUS5,0.5959874
NUP93,0.5959835
FADD,0.5959595
PPP1R11,0.5959475
PELI1,0.59594697
MGST1,0.5959411
NOC4L,0.59593403
PRKAG1,0.595926
PRR12,0.5959219
MFN1,0.59591156
NAA15,0.59590596
PEX11B,0.5958875
MTR,0.5958872
RALB,0.5958596
ME2,0.5958298
MTIF2,0.59582007
OSGEP,0.59580106
PIK3R6,0.59576905
NELFB,0.5957366
ITGB3BP,0.59573424
PHC1,0.5957039
NRF1,0.5957029
OXNAD1,0.5956989
MFAP1,0.59565467
NFYC,0.59564906
RHPN1,0.5956458
MSL1,0.5956436
PPP6R1,0.5956349
PSMC1,0.5956327
NDN,0.5956259
PDSS2,0.595611
DNAH1,0.59560734
MRTO4,0.59559906
KHDRBS3,0.59559536
NINL,0.5955937
MTHFD2,0.59558535
PEF1,0.59557855
NUP107,0.59556687
MADD,0.59556574
POLR2L,0.59554344
NKIRAS2,0.5955265
PCYOX1L,0.5955106
ID2,0.5955097
NUP88,0.59550595
MLKL,0.5955013
NDRG3,0.5954987
RANBP1,0.59549713
NDEL1,0.5954877
KRTCAP2,0.5954799
RANBP3,0.5954786
PLCB3,0.5954756
CD6,0.5954741
NDUFA6,0.59544677
POP1,0.5954268
NRBF2,0.5954232
PLCD3,0.59541965
PDLIM5,0.59541214
MYO5B,0.5954006
METTL22,0.59540033
MBD2,0.5953849
OSBPL5,0.5953844
PAG1,0.595384
NBEAL2,0.59538186
PNPLA6,0.5953737
POLR1B,0.59535944
OXSR1,0.59534943
FBXO25,0.59533924
GSTM2,0.5953218
NCAPD3,0.59531546
LDLRAP1,0.5953118
MTUS1,0.59530306
NCK1,0.59528
ORMDL3,0.5952793
RPL17,0.59527636
ARAP2,0.5952591
JOSD2,0.59524536
NDUFA10,0.59521276
MIS18BP1,0.5952097
MMAB,0.5952021
PLCB2,0.59515834
QDPR,0.5951202
NOL8,0.59511846
NDUFA3,0.5951094
SEPSECS,0.59509534
PHKA2,0.5950836
PPP1R7,0.59507126
PDS5B,0.5950601
OPN3,0.5950581
PGP,0.5950549
NUFIP2,0.5950515
GTPBP3,0.59502846
KLHL11,0.59502846
MAPK6,0.59502494
NAA40,0.59501386
CRLS1,0.59501153
PIGS,0.59501135
PDPR,0.5950097
RCCD1,0.59499955
NUB1,0.5949977
NECAP2,0.5949955
GBA2,0.5949876
MYBBP1A,0.59494805
HOXA10,0.59494215
MFAP3,0.5949288
PSMC3IP,0.5949286
MT2A,0.59490526
NOC2L,0.594905
KRBA1,0.5949028
NBAS,0.5948902
PPFIBP2,0.5948886
NARS2,0.5948871
IFT172,0.5948788
NDUFB9,0.5948743
PLP2,0.59487176
NME6,0.59481597
NR3C1,0.59481204
COPS8,0.5948
NLGN3,0.5947661
E2F5,0.59476584
HEXIM2,0.5947539
NDUFA13,0.5947496
IPPK,0.5947442
KCTD15,0.59473455
IRS2,0.59473306
MAPK8IP3,0.5947244
PIH1D1,0.59471667
NPDC1,0.59470963
SHC2,0.59469724
PPP2R5A,0.5946916
POLR3D,0.5946879
RAP2A,0.59467
PLCG1,0.59466565
NPLOC4,0.5946465
NOP58,0.5946353
NPHP4,0.5946238
NAB1,0.59462047
BSCL2,0.5946159
RER1,0.59460336
MCM8,0.5945947
CNTRL,0.59457916
PLEKHM2,0.5945767
PFKFB4,0.5945721
NT5C3B,0.5945692
DBR1,0.59455985
RTN4R,0.59455085
POLR3B,0.5945502
NUBP1,0.5945288
DACT1,0.594524
FRK,0.5945236
ARNT2,0.5944927
NAT10,0.59448063
KLC4,0.59445184
RAB3GAP2,0.5944478
NCKAP1L,0.59443235
KIF7,0.5944297
MRPL30,0.5944204
HIP1R,0.59441334
RAB11A,0.59440714
NOP2,0.5944049
NOD1,0.594404
PDP2,0.5943926
NFIA,0.59438866
MYO7A,0.5943575
PFN1,0.5943511
POLR2D,0.59434795
MDC1,0.59433955
PARD3B,0.5943371
MDN1,0.5942858
PTN,0.5942815
HMOX2,0.5942761
NT5C3A,0.59425455
GADD45A,0.5942519
BMP8B,0.59422594
PIK3R5,0.59422415
MIER1,0.59421873
OSBPL1A,0.5942008
PSMB4,0.5942005
PRDX2,0.594188
NMT2,0.5941863
DNAJC24,0.5941826
PCCA,0.59417164
IL17RA,0.59415364
PIF1,0.594143
PGD,0.59414226
FBXO2,0.59412205
MCPH1,0.594097
RHBDF1,0.5940966
NOP10,0.5940966
NUS1,0.59408545
NPC1,0.5940832
GLRX,0.59408134
PCBD2,0.5940808
PCGF1,0.59403455
MED27,0.5940284
OSGEPL1,0.5940055
FCGRT,0.5940026
SCCPDH,0.59400177
PAN3,0.593992
SMPD1,0.59398055
OSBP2,0.59397566
RAB4A,0.59395623
PRKCH,0.5939442
PLA2R1,0.59394336
AK1,0.5939144
LHX6,0.59391284
PBX2,0.5939119
NFATC3,0.59391177
RABEP2,0.59390587
NIF3L1,0.59388596
LAMB2,0.59388554
KRT19,0.5938768
MED13,0.5938743
NEK1,0.5938634
MRPL3,0.59386104
PDCL,0.5938484
MCCC1,0.59384584
NR2C1,0.5938317
PLEKHG2,0.5938264
NAGLU,0.5938111
PLAA,0.59380907
APBA3,0.59378093
PHF1,0.5937799
NR1H3,0.5937557
MRPS12,0.5937489
PPP1R15A,0.59374696
NSMAF,0.59374106
NOB1,0.59372026
DNAJB9,0.59371805
OTUB1,0.5936978
CIDEB,0.5936941
NDUFS1,0.5936938
CLK4,0.593692
NADK,0.5936729
NCAPD2,0.59366703
PRKD1,0.5936575
POMGNT2,0.59364873
NUP155,0.5936481
PDCD11,0.5936345
RBBP9,0.5936034
PITPNA,0.5935976
OPHN1,0.593594
LRR1,0.5935934
HMBS,0.59358835
PLXNA2,0.5935782
GMPPB,0.5935659
PTDSS2,0.5935573
MAPRE2,0.5935549
LSM3,0.59354824
NEIL3,0.5935313
LPAR2,0.59353006
CES4A,0.5935172
KCNAB1,0.5935066
PTGFRN,0.59350234
PARK7,0.5934726
LATS1,0.59345746
NCBP2,0.59345514
PDCD6,0.5934546
NUDT3,0.5934509
OGDH,0.59339607
PSMD1,0.59336996
NUP153,0.59336746
CCDC68,0.5933658
MIF4GD,0.59334767
RBCK1,0.5933475
NCAPG,0.5933386
PRPF38A,0.5933377
PRDX6,0.59333026
PAIP1,0.5933298
PRKRA,0.5933286
RAPGEF4,0.5933169
PHKG2,0.59331274
PUF60,0.5932802
PRDX3,0.59325784
GET4,0.59325355
MAP2K6,0.59324443
BDKRB2,0.5932392
HSPA12B,0.59323204
PPP6R2,0.59323066
NDC1,0.5932237
PTPRU,0.59321684
PLK3,0.5932096
EIF2A,0.5931989
MICAL2,0.59319663
PDE7A,0.5931842
PIGU,0.59316903
TAOK3,0.5931551
MFF,0.59315383
RHNO1,0.5931442
PLK1,0.5931442
NCOA7,0.5931229
PAK6,0.59312284
PFDN5,0.5931178
POLR3GL,0.5931161
MMP17,0.59311324
PSME1,0.59309995
ARAP3,0.593095
MRPL39,0.59307295
PLXNB2,0.5930502
NR2C2,0.5930478
GEMIN6,0.5930373
PIK3AP1,0.59302425
PPARD,0.59301245
PHF20,0.5930001
PFDN6,0.59299517
PGAM1,0.59298736
PLOD1,0.59298486
PDE8B,0.592984
MED28,0.5929362
NUAK1,0.59292454
PITRM1,0.5929232
ST8SIA1,0.5929137
MYCBP2,0.5928984
NDE1,0.59289736
RUNDC3A,0.5928882
NUP210,0.5928881
RBM15B,0.59287333
PLAT,0.59286857
COX15,0.592865
ENPP1,0.5928373
RPL26L1,0.5928014
DISC1,0.59277624
VAMP3,0.59276277
NUP205,0.5927624
PRKAG2,0.59274185
OXCT1,0.5927405
PFKL,0.5927018
PPP1R10,0.59269
APOBEC3G,0.5926898
PRPSAP2,0.59266186
PAN2,0.5926392
POLR2A,0.59262484
IVNS1ABP,0.59261864
PHLDA1,0.5926145
CENPQ,0.59261394
NCLN,0.5926031
PPP1R14B,0.59257364
PLXND1,0.592563
NIPBL,0.5925612
NAPEPLD,0.59253216
MTRF1L,0.5925066
HSCB,0.59250355
PANK2,0.59245723
PEX2,0.5924445
NOL10,0.59242
MBTPS1,0.5924175
PARVB,0.5924094
SCNM1,0.5924005
OCRL,0.5923957
OTUD7B,0.592371
NSFL1C,0.59235954
PFDN2,0.592356
NNMT,0.59234715
MRPL34,0.59233713
RRM2B,0.5923334
PREB,0.59232754
POLK,0.5923244
RGS10,0.59230465
PTMA,0.5922943
PRKAR2A,0.59228706
PPA1,0.59225094
GNA14,0.5922327
NR2C2AP,0.59221655
DNASE2,0.5922124
LZTS3,0.59220755
MGAT3,0.5922008
GABPA,0.59219885
POFUT1,0.5921797
PUM1,0.5921726
HPS5,0.5921524
MON1B,0.5921441
PEX16,0.59213823
C2,0.592138
PDE4A,0.59213215
PACSIN3,0.5921287
RRN3,0.592115
RALBP1,0.5921133
PPIB,0.5921092
PFKP,0.59209704
RNF19B,0.5920911
NUP188,0.5920838
SHF,0.59208345
PSME4,0.5920763
TESK1,0.5920719
LIN7C,0.59204686
PAXIP1,0.59203976
PKM,0.59203637
NCKAP1,0.59195995
NFX1,0.5919443
FMO4,0.59193146
NAGPA,0.59192854
PARD6B,0.5919045
POLR2G,0.59190035
PEX7,0.59187704
MUL1,0.59186244
RPS7,0.59186065
PDS5A,0.59185064
PDCD5,0.5918343
LSM14B,0.5918107
GAN,0.5918105
POLB,0.59180164
RCOR2,0.5917726
GDPD1,0.591768
PHC2,0.59176403
SORL1,0.5917631
NUBPL,0.5917601
PDGFC,0.59175617
FBXO15,0.5917285
PARD3,0.5917253
PCYT1A,0.5917157
PTPRO,0.59170693
SLC1A3,0.5916908
NIPA2,0.59168506
PCNT,0.5916744
PC,0.59166473
PNP,0.5916639
OAS2,0.591661
NSUN6,0.59165025
KLHL25,0.5916497
PNO1,0.5916465
PTGES2,0.5916412
MED17,0.59163857
PPP1CB,0.5916312
PSMD2,0.59161866
PGGT1B,0.5916046
IDS,0.59160346
ING3,0.59158033
DNAAF2,0.59157914
EPHB3,0.5915225
PSMC3,0.5915162
POLR2C,0.59147614
CREB5,0.5914722
PPP3CC,0.59147054
PIGF,0.5914669
DPP7,0.5914554
PCSK7,0.59142935
PPM1K,0.5914281
PPP1R16B,0.5914274
SLC25A22,0.591424
SYNE3,0.59142315
POMP,0.5914226
PDE10A,0.591407
PRPF19,0.5914057
NR5A2,0.59140235
PSMA7,0.59140086
NUF2,0.5914008
PYGB,0.5913977
OPRL1,0.5913909
LY86,0.5913774
NME2,0.59137565
NPTN,0.59135854
PCID2,0.59135425
SPARCL1,0.591337
PSMD11,0.5913333
EIF2AK3,0.5913294
REV1,0.5913252
RAB9A,0.5913179
PNISR,0.59131587
HACL1,0.5913106
PARVG,0.5913031
PSMC5,0.5912933
MIDN,0.5912727
PGM1,0.5912689
SMARCD3,0.59125686
PAFAH1B1,0.59124047
SLA,0.59124005
PPP1R12A,0.59123224
MRPS10,0.59122366
PSMB1,0.59118634
PDCD7,0.59117913
RNPC3,0.59117174
RRAGB,0.5911706
NADK2,0.59116936
PDXK,0.59115696
REEP4,0.59115696
RND3,0.5911344
MED4,0.59113413
NOL3,0.5911311
MYL12A,0.59112537
MCU,0.59112114
PHYKPL,0.59107715
PPRC1,0.59106225
MON1A,0.59105694
PCGF3,0.59105384
RBAK,0.59104764
P4HA1,0.5910452
MANEA,0.59104466
PTGES3,0.5910411
CMC4,0.59103763
MRPL18,0.59103584
PTRH2,0.59101564
PHC3,0.5910131
RPL7,0.591009
NME7,0.59099376
PUS3,0.59097815
SDC3,0.5909744
NSDHL,0.59096795
PSME2,0.59096456
PSMD3,0.5909483
PRDX4,0.59094757
MTMR6,0.5909378
NOC3L,0.5909319
PLCL2,0.59092265
MAFK,0.5909055
OBSCN,0.5908995
PDE4D,0.5908947
MOSPD2,0.59089327
NCF2,0.5908928
MED20,0.59089226
RPS26,0.59087557
PES1,0.59087294
RNH1,0.5908612
POU2F1,0.59085983
PAWR,0.59083897
PAPOLA,0.5908143
PLSCR1,0.5908135
PMP22,0.59081286
POMGNT1,0.5908069
RAD23A,0.5908048
RAB25,0.59080315
MYL5,0.5907934
DCAF13,0.59078944
PSMD9,0.59078485
DLC1,0.5907799
CRELD2,0.5907643
PIK3C2A,0.5907592
MRPS16,0.5907528
POLA1,0.5907435
MYH14,0.59072983
POLR3A,0.5907223
PI4KA,0.59072137
PSMB10,0.59071976
NUP62,0.5907176
NUP133,0.5907051
PIP5K1C,0.5907015
SNAPC2,0.5906891
PURA,0.5906773
PIK3C2B,0.59067607
PCYT2,0.5906723
NUP160,0.5906716
MUS81,0.59062964
OAT,0.59061635
POLM,0.59060436
LMAN2L,0.5905936
RAD51D,0.5905698
PARP14,0.5905505
RAB11FIP1,0.59054935
PDE3A,0.59054
POM121,0.5905262
MPP6,0.59051853
PPIL2,0.590502
RAB38,0.5904929
PGM2L1,0.5904903
LXN,0.5904798
PRKCSH,0.5904632
KPTN,0.5904595
PEX19,0.59045607
PDE7B,0.59045255
MID1,0.5904517
KIF13B,0.590451
PWP1,0.5904455
MERTK,0.5904122
PSMD8,0.5904112
SP100,0.5903882
PUM2,0.590385
SRRM1,0.5903786
PNN,0.59036493
MLH3,0.5903536
PPP4C,0.5903532
PDE1A,0.5903524
MTF2,0.5903454
TDP2,0.5903389
PDIA3,0.59033644
NXT2,0.5903345
PFKFB2,0.59033006
ARG2,0.59032875
SLC25A20,0.59029603
PLCB4,0.590292
NFKBIL1,0.5902883
SERPING1,0.5902707
PTDSS1,0.59025645
NR4A2,0.59024227
PRX,0.5902205
RAI1,0.5902134
PGAP1,0.5902044
PPM1A,0.5901908
PEX26,0.5901896
RAB1A,0.59018916
PEX10,0.590189
ING2,0.59018743
MOAP1,0.5901782
RDX,0.59016746
SPINT1,0.5901506
LMF2,0.5901492
RAB14,0.5901363
OTUD3,0.59013224
ENPP2,0.5901311
SPRTN,0.5901132
PRMT5,0.5901093
PRPF40A,0.5900906
IRAK3,0.5900889
PPP1R3B,0.59007126
PRR5L,0.59006596
RIT1,0.5900658
RIN3,0.5900536
NTAN1,0.59005195
TMEM179B,0.5900437
HRH1,0.59004265
SGSH,0.5900351
RNF125,0.5900342
RBM14,0.5900262
ST8SIA4,0.5900217
HPS4,0.5900216
SARDH,0.5900209
PJA2,0.5900198
MCM6,0.5900184
PNPLA2,0.5900135
TMC6,0.59000623
RCSD1,0.58999723
HERC5,0.5899951
MRPL9,0.5899904
PHB,0.58998954
MRPL21,0.5899858
PSME3,0.5899767
NUP37,0.5899754
PECR,0.5899356
PALLD,0.58992076
PPT2,0.589909
RGMB,0.58990574
PIAS3,0.58989596
NRIP1,0.5898936
PEMT,0.58987135
PIGQ,0.5898663
LPCAT2,0.58985394
S100A9,0.589852
RALGPS2,0.5898274
PMPCB,0.5898184
PPP2CB,0.5898114
PRMT7,0.58980715
PTPN13,0.5898056
PIP5K1A,0.5897814
RCC2,0.58977336
RPIA,0.5897526
RBPJ,0.589733
RND1,0.5897255
B3GALNT1,0.589719
METTL7A,0.5897079
NAA30,0.5897033
PARP2,0.5896867
PTPN9,0.58967906
PPP2R1A,0.5896691
PSMB7,0.589654
PIGM,0.58964944
RPP38,0.589643
PPP5C,0.5896386
PSMD12,0.5896346
RPS27L,0.58963066
TRAIP,0.5896223
PPIF,0.5896162
PRPF39,0.5895993
NUSAP1,0.5895945
RPL19,0.589588
MTMR1,0.5895798
CPT2,0.58957356
NPRL3,0.5895695
PYGL,0.5895586
NPC2,0.58952504
PUS1,0.5895193
PPIL1,0.58951336
SERBP1,0.58950275
CREB3,0.5894902
BTD,0.58948904
PEX14,0.5894817
GPAM,0.5894471
MRPS35,0.5894384
RAB20,0.58941275
RAB5B,0.5894033
SCP2,0.5893885
PRDX5,0.58936155
RAB11B,0.58935976
PUS7,0.58935297
PIKFYVE,0.58934855
ARHGEF26,0.5893479
PPP1R9B,0.5893458
PDE3B,0.589335
PELI2,0.5893342
RBFOX2,0.5893277
MAPK3,0.58930504
SKA1,0.5892961
IQCE,0.5892905
PACSIN2,0.5892861
NLK,0.58928525
B9D2,0.5892811
LDHD,0.5892746
ZNF577,0.589273
RPL36A,0.58926904
LNX1,0.58924115
RAB1B,0.58923745
PTP4A3,0.5892222
PSAP,0.5892053
WNT2B,0.5891797
RBBP4,0.5891787
PIK3R4,0.58917266
SLC35A2,0.58917105
PMEPA1,0.58915895
PHKB,0.5891568
FBXL12,0.5891436
PRPF40B,0.5891282
TMEM132A,0.5891274
PRMT1,0.589108
SNRPC,0.5890999
RAD52,0.58909136
RBM25,0.58907795
ZNF101,0.5890547
PSMB3,0.5890332
MARK4,0.5890331
SATB2,0.58902425
POLA2,0.58902335
RFC1,0.58902186
PRKAA1,0.5890209
PMF1,0.5890172
FZD2,0.5890052
POLH,0.58900505
NRCAM,0.5890007
PRCP,0.58896965
PRPF8,0.58894986
SENP8,0.5889429
PTPMT1,0.58892727
IFT88,0.58892477
PFKFB3,0.58891815
RPE,0.588908
RABGAP1,0.5889014
RFC2,0.5888865
PCDH18,0.5888839
SGMS2,0.5888756
PEX3,0.588853
NRP1,0.5888507
RHOG,0.5888442
PSMC6,0.58884054
RSAD2,0.58883786
RAN,0.5888375
ESF1,0.588825
NCEH1,0.58881986
SURF6,0.5888086
FUNDC1,0.58878595
PCGF5,0.5887652
SLC25A25,0.58875084
RTEL1,0.5887421
PPP2CA,0.5887388
PAQR5,0.5887335
PGAP3,0.5887307
RBBP5,0.58873063
PRDX1,0.58873004
CYP2R1,0.58872545
AKAP5,0.5887179
PRICKLE2,0.58870935
SHMT2,0.58870274
NFIL3,0.5886828
PLAGL1,0.58867365
RIPK1,0.5886642
KBTBD8,0.58866316
PDE4B,0.58866185
PAPSS1,0.58865803
NDUFAF4,0.5886537
SHCBP1,0.5886429
RPP40,0.5886365
PDK2,0.58863634
RPS18,0.58863616
PNKD,0.5886349
PDLIM1,0.5886315
PIP4K2C,0.58862615
NOL7,0.5886225
RAB3IP,0.5886217
SARM1,0.5886165
NPL,0.5886154
PDIA4,0.5886117
POLD3,0.5885978
TOMM40L,0.5885968
LEF1,0.58858216
PIGT,0.58857
OLA1,0.58856887
STX12,0.58854324
PLEKHA2,0.58852994
PCSK5,0.5885285
RAB5C,0.58852047
PKN2,0.588513
RPS16,0.5885065
C17orf49,0.58850354
RGS16,0.58850163
SH3GLB1,0.58850044
PISD,0.5884939
PIGK,0.58848524
TIMELESS,0.5884781
PIGO,0.5884772
POGZ,0.58847517
PCSK6,0.58845735
LOXL2,0.58845663
MPP1,0.58845663
RHEB,0.58845365
TRPC4,0.58844554
PBK,0.5884442
POLR3C,0.58844286
OBSL1,0.5884271
RMDN3,0.5884251
STX7,0.588423
TNKS2,0.5884222
RIPK3,0.58841157
PRKCA,0.58840406
PEA15,0.5883976
RBP1,0.58836246
PKP4,0.58834934
RABEPK,0.5883485
RELA,0.58834624
RBX1,0.5883422
NOL11,0.58834213
SSX2IP,0.58833176
PXN,0.5883261
RAB3D,0.5883114
REXO4,0.58830535
PPP4R2,0.58829784
MLPH,0.5882811
NRBP1,0.5882726
RACGAP1,0.5882659
STXBP3,0.58825946
PTPN12,0.5882576
PPP1CA,0.58825696
SREBF1,0.58825475
RPN2,0.5882521
RAPH1,0.5882511
PHLPP1,0.5882268
RPL27A,0.5882142
MFSD10,0.58820647
TAF9,0.5881853
LNX2,0.58818126
PRPF6,0.58817524
PQBP1,0.58817077
UBA7,0.5881699
MSX2,0.5881682
EPHB6,0.58813685
TGFBR1,0.58812827
MAP3K7,0.5881278
PARVA,0.58812696
SUGP1,0.58812004
SCAF1,0.58810884
TBC1D32,0.5881048
POLE3,0.5880991
PBX3,0.5880889
PLOD2,0.5880862
PDCD6IP,0.58808315
TRIM32,0.5880798
RAB10,0.5880721
NTPCR,0.58805954
AKAP8,0.58805835
TSPAN33,0.5880577
SIKE1,0.588057
PBDC1,0.5880505
PSMG3,0.58805037
SART3,0.5880264
PKD1,0.5880245
TMOD1,0.58802235
PRKCE,0.5880077
RBM22,0.58800447
PAM16,0.5880034
TXNRD2,0.5879909
PTPN1,0.5879823
NAMPT,0.5879792
ORC5,0.58797914
RANBP9,0.5879731
RPLP2,0.58797014
RPL13A,0.5879675
MPND,0.58795863
RIOK3,0.5879557
MX2,0.587952
PTPRM,0.5879305
TERF2,0.58791727
NME3,0.58791727
RNF169,0.58790505
MMS22L,0.58789223
RAB11FIP3,0.58786833
NOP14,0.5878567
SUMO3,0.5878521
RPL10A,0.58784455
PPP1R18,0.5878431
MCM9,0.5878422
PPARGC1B,0.58783233
RASAL2,0.58782494
RASAL3,0.58782005
NFKBIZ,0.5878194
PLIN2,0.58781755
PHF2,0.5878067
RBM39,0.5878039
TMEM11,0.5877944
PANX1,0.58779126
PPL,0.5877804
PLD3,0.5877755
STXBP2,0.58777326
PCDH7,0.58777153
QPRT,0.58776635
PIR,0.58775735
NDUFS4,0.58775544
UPP1,0.5877287
ZNF180,0.5877248
RPL13,0.58772314
RAC2,0.5877161
PANK4,0.58769494
SAP30BP,0.5876868
PLTP,0.58768284
ZNF112,0.58767015
POLR3E,0.5876695
POP7,0.58765817
PKN1,0.5876575
PPM1F,0.5876419
NLRC5,0.5876359
TPRKB,0.5876179
NT5C,0.587605
PLXNA3,0.5876035
PTPRA,0.5875913
TBC1D10C,0.58758813
PTBP2,0.5875782
ZNF664,0.5875632
RAB3GAP1,0.5875553
PIP4K2A,0.587555
ZNF461,0.58754927
RPL24,0.58754206
RBM28,0.58754003
NLRC4,0.5875349
TCP1,0.5875118
RPL18A,0.5875077
PDK1,0.5874772
SART1,0.5874764
RGS4,0.58747363
PRICKLE3,0.58747286
RAB34,0.58746594
UBE2Q2,0.5874648
PDCD4,0.587452
RABL2A,0.5874463
SYNE1,0.5874402
RABGGTB,0.5874395
PTPN14,0.5874368
TATDN2,0.5874266
RPL8,0.5874029
PDPN,0.58738405
PPP2R1B,0.58734787
SLC6A9,0.5873361
SPRY4,0.587334
SEC61A2,0.58731276
RAD54L,0.58729345
RABIF,0.58729064
RPL3,0.58728653
PSMB5,0.5872825
PRPF4,0.58727795
RAB37,0.58726734
RNF7,0.58725214
PVR,0.5872359
SNRPD1,0.58723396
PTPRJ,0.58722913
FOXRED2,0.58722544
MRPL24,0.5872246
PLEC,0.5871914
PHF19,0.5871846
RAB18,0.5871606
PPARA,0.58715916
RAD18,0.5871515
PSMB9,0.5871475
MTMR10,0.58712894
POLQ,0.58711386
RHOT2,0.5871051
RHOBTB1,0.5871038
DCUN1D2,0.58710027
MSH5,0.58709615
NDUFS2,0.5870799
SLIT3,0.5870774
S1PR4,0.5870767
TAF4B,0.58706343
SCLT1,0.5870524
STAT5A,0.58704984
RCC1,0.58704895
RPL36AL,0.5870487
SLCO3A1,0.58703494
MR1,0.5870349
ROCK2,0.5870267
NUP43,0.58702564
STAM2,0.58702487
SMC3,0.5870027
GPR180,0.58699983
TADA2A,0.58698684
ZNF253,0.5869838
PTBP1,0.58698314
KATNB1,0.5869673
PRKAB1,0.5869609
PANK3,0.5869596
PCDHB10,0.5869538
RBM19,0.5869494
SCARA3,0.5869493
RBM34,0.586947
GCSH,0.58693993
RPA1,0.5869374
RNF31,0.5869366
PASK,0.5869305
SPRED2,0.58692944
SRP72,0.58692205
MAFF,0.5869192
SF3B2,0.58691853
SAMM50,0.58691573
RPL32,0.5869149
NLGN2,0.58691084
OCLN,0.5869002
TMEM67,0.5868884
SH2D2A,0.58687925
RWDD3,0.5868565
SORT1,0.58685416
RAD9A,0.5868377
MYADM,0.5868181
RFFL,0.5868172
PPIP5K2,0.5868103
ZNF140,0.586801
WSB2,0.5867988
S100PBP,0.58679557
PLCD1,0.58676577
RPL23,0.5867594
TBK1,0.5867557
RPL11,0.5867447
CABLES2,0.5867315
RPL29,0.58671415
TBC1D10B,0.5867111
PPM1L,0.58670276
TUBGCP6,0.5866847
RRP7A,0.5866769
HOXB7,0.58666605
PIK3C3,0.58665353
TPCN2,0.58665204
TXK,0.586652
RPL7A,0.5866401
MRPS14,0.5866363
TRIM35,0.58663565
OGT,0.58663136
TUBGCP2,0.586623
SPTBN1,0.58662254
PTPRF,0.5866206
SSBP4,0.58661026
RPL15,0.5866097
LMBR1L,0.5866054
OPA1,0.58660436
PDE8A,0.5866043
NFATC1,0.5865996
UBE2D1,0.5865966
RASA3,0.5865962
RNF5,0.586583
MSRA,0.5865707
RNF11,0.58656996
ETFDH,0.58655995
RNF139,0.58655816
PPIL6,0.58655715
SUGT1,0.58654964
PLCD4,0.58654827
SEC62,0.58653516
PADI2,0.5865341
RPS5,0.5865264
SPI1,0.5865175
RAD1,0.58650744
SAV1,0.5864822
SASS6,0.5864689
PTK2,0.5864604
MYSM1,0.5864529
RAP1B,0.5864458
RPS17,0.5864328
RPL23A,0.58642954
TRIM3,0.5864283
RNF8,0.5864189
PCDHB5,0.58640903
PIAS4,0.58640534
WDR77,0.58639187
RAD51C,0.5863836
SDC1,0.58638173
SEC24D,0.5863677
RPSA,0.5863635
SERPINF1,0.586347
SHROOM3,0.5863164
RHPN2,0.58630973
ME3,0.5863018
IVD,0.5862905
SPAG9,0.5862691
PABPC1L,0.5862632
ZFPM1,0.58626026
SCAI,0.586246
SERPINB6,0.5862407
REV3L,0.58623815
PTPN2,0.586221
RPS6KA1,0.5862139
S100A11,0.5862092
RAMP3,0.5861868
SP3,0.5861853
RPL35A,0.5861844
PFAS,0.5861802
SPSB2,0.58617747
RFK,0.586177
PTTG1,0.5861758
GTF2H5,0.586173
PTPN23,0.586159
PSAT1,0.58615583
PIWIL4,0.58613974
RAB27A,0.5861164
UBAC1,0.5861063
SLC22A4,0.58610386
TRAPPC2L,0.5860933
RALY,0.58609223
RIC8B,0.5860773
OPLAH,0.5860571
POLI,0.5860565
SEC14L1,0.5860564
RIF1,0.5860545
RPA2,0.5860499
RRAGA,0.5860478
RP2,0.5860315
RPL22L1,0.58602214
WDR55,0.5860183
UROD,0.58599514
UPRT,0.58599395
SNRNP40,0.5859928
PKD2,0.5859831
TUBD1,0.5859754
PSMA1,0.5859673
NXF1,0.5859596
TRNAU1AP,0.58595717
RPS20,0.5859378
RUNX2,0.5859285
TTC37,0.5859264
SUV39H2,0.58592176
PSMG2,0.5859205
SMG1,0.5859176
NDUFAF7,0.58591735
SACM1L,0.58591515
PIGC,0.5858982
TM6SF1,0.58589214
SCYL1,0.58588725
CTBS,0.5858851
PPP2R2A,0.5858788
PGS1,0.5858768
MRPL40,0.5858627
SCRIB,0.5858232
RPP25L,0.58580464
RXRB,0.5857789
PATL1,0.5857748
SH2B2,0.58577096
NCBP1,0.5857491
SCMH1,0.58570814
PSMA5,0.5856857
STAG3,0.58566445
ZNF711,0.5856587
RUVBL2,0.5856482
USP15,0.58564323
PRPSAP1,0.58563864
SLC7A6,0.5856338
SPAG16,0.585622
PREPL,0.5856031
STRIP1,0.5856028
RPL12,0.5855813
PPWD1,0.5855686
SUPT16H,0.5855606
TAF5,0.58554476
TAF1,0.5855196
OXTR,0.58551794
PLEKHA8,0.58551
PHF21A,0.5855067
SMG5,0.58550584
SCNN1A,0.58549947
SMDT1,0.5854964
ULK3,0.5854714
TRAF3IP1,0.585471
TEAD4,0.5854581
SCO1,0.58545226
ZNF251,0.58544934
CABYR,0.58544403
SLC25A17,0.58544123
PSMD7,0.5854385
KLC2,0.58543223
ROBO1,0.5854255
SLBP,0.58542305
TK1,0.5854174
RABL2B,0.58541214
AKR1B10,0.58541065
TIMM23,0.585404
RTF1,0.5853978
RPL34,0.5853976
TRMT6,0.58539385
LARP7,0.58538127
PTAFR,0.5853793
RPS29,0.5853782
POLG2,0.5853741
MST1R,0.5853632
PRKDC,0.5853628
RERE,0.58536124
RPRD1A,0.5853575
NANP,0.5853344
RBBP6,0.58533204
FGD1,0.58532923
PKP2,0.58532804
NID2,0.58531815
RBPMS2,0.5853166
PPP2R5E,0.5853037
SLC27A4,0.58530223
RAB2A,0.5852923
PLA2G12A,0.5852835
RNF123,0.58527726
RINL,0.58527553
QSOX1,0.585273
PPID,0.58526695
SDCCAG8,0.5852546
PSMB8,0.58524734
SPR,0.5852313
SH3RF1,0.5852299
NLRX1,0.58522654
RLIM,0.58522415
RNF216,0.5852216
PLXNB1,0.5852172
PPP1R13B,0.58519304
RASGRF2,0.5851906
RFXAP,0.5851854
RCL1,0.5851839
RAB3IL1,0.585181
PYCR2,0.5851614
SPATA5,0.5851592
UNK,0.58515215
PPP3CA,0.58514845
SKAP1,0.5851418
PICK1,0.5851346
ZNF589,0.58513194
SNTB2,0.58512527
TBC1D25,0.5851185
TRIM36,0.58511686
SH2B1,0.58511376
ORAI2,0.585111
SDC2,0.5851067
STRADA,0.58510554
RFC4,0.5850898
SLC18A2,0.58508694
RALGAPB,0.5850796
SLAIN2,0.5850745
SHOC2,0.5850733
TAMM41,0.58506864
SF1,0.58505857
RPL27,0.5850547
TGIF1,0.5850482
SLC25A28,0.5850451
RAP1GDS1,0.58504313
PSMD10,0.58501613
POLR2H,0.58501416
SF3B4,0.58501405
RRP9,0.58500344
RFX7,0.58500177
RPP30,0.5849919
JMJD4,0.58498716
USP43,0.5849871
PPP1R12C,0.5849844
SYNJ2,0.5849838
PLCE1,0.58495
RPL26,0.5849466
NMRK1,0.5849404
SNX5,0.5849367
UNC119,0.58493453
TRIM21,0.5849295
RRS1,0.5849263
TLE3,0.5849259
SF3A1,0.5849022
FGR,0.58488005
RBMX,0.58487755
PIK3R3,0.58486944
TOB1,0.5848682
PSEN1,0.58486706
REEP3,0.58486325
TOMM40,0.58483446
RAB36,0.58482987
SHMT1,0.58482265
LCMT2,0.58480585
PDP1,0.5847947
RPS6KB2,0.5847829
STAU1,0.584774
VCPIP1,0.58477134
TLR7,0.58476186
RNF130,0.5847611
SLC12A8,0.58475566
PURB,0.58474874
AKR1C1,0.5847466
SPICE1,0.58473426
RPS11,0.5847297
UBA2,0.5847156
SRF,0.5847087
SPTLC3,0.58470637
SPTLC1,0.5847028
TRIP10,0.5846956
SUMF1,0.5846921
SMAP1,0.58468425
SHPRH,0.5846753
SMYD3,0.58467025
PRC1,0.5846642
ARHGAP11B,0.5846601
PTMS,0.5846582
UBR4,0.5846577
ZNF670,0.5846544
PLCL1,0.5846515
ZNF623,0.5846451
PRKCI,0.58463806
TST,0.58460826
PRPF18,0.58460337
SCFD1,0.58460164
SYCE2,0.5845978
PRPS2,0.5845961
ZNF200,0.58459085
SMPD4,0.5845821
SDF2,0.58456737
POLE2,0.58456653
RNGTT,0.58456516
RANBP6,0.58455616
SREBF2,0.58454525
MAP3K6,0.5845394
SNX6,0.58453774
PEX1,0.5845284
SIVA1,0.5845221
SNRNP48,0.58450335
TNFAIP8,0.5845033
TRIP6,0.58450156
SF3A3,0.58449763
TGIF2,0.5844942
RCAN1,0.584491
OMA1,0.5844835
RETSAT,0.5844772
RBM4,0.5844771
STRN4,0.58447504
REEP5,0.58446985
RRP12,0.58446896
SMURF2,0.58446884
RAB21,0.5844651
SLC7A5,0.58446467
ZNF564,0.58446175
SENP2,0.5844577
RGS1,0.58445764
PSMB2,0.5844488
PPP3CB,0.58444405
PSMC2,0.58443826
RBM8A,0.58443475
ZNF7,0.58442897
TARS2,0.5844215
SLC27A2,0.5844174
RPS23,0.58440846
PHLPP2,0.5844015
SNRPB,0.5844006
PPCDC,0.5844001
RASGRP3,0.5844001
PTPN7,0.58439165
TYRO3,0.58439094
SEMA3A,0.58438826
SNRNP70,0.5843749
PIGW,0.58436674
SMG6,0.5843549
PFN2,0.58435374
PRKAR1B,0.5843408
RNF14,0.5843391
UBQLN2,0.5843373
SMC5,0.5843195
TNKS1BP1,0.5843119
PI4K2A,0.584308
LRRK2,0.5843058
IPMK,0.5842893
SLC30A6,0.58428633
SLC39A4,0.584282
PPFIA4,0.58427376
TOX4,0.5842636
RTN3,0.58424896
RBM5,0.58423966
SRGAP1,0.584236
PPP6R3,0.5842293
TMEM115,0.58422214
RAB8A,0.58422095
SLC1A1,0.58421
SPIN1,0.5842089
SRSF9,0.58418906
RPGRIP1L,0.5841853
SZT2,0.5841681
RNF114,0.5841675
MCEE,0.5841579
PPP4R1,0.5841551
UBE3D,0.5841406
RNF34,0.5841405
RENBP,0.58411723
VTI1B,0.58410925
TLE4,0.58410335
RC3H1,0.584088
SEMA3C,0.5840733
KAT2A,0.5840712
COL15A1,0.5840698
STK25,0.5840693
RRP15,0.5840303
SH3BP4,0.58402807
POLD2,0.5840223
RUFY1,0.5840219
COQ10A,0.58401924
TNFRSF10D,0.5840123
POMK,0.58400685
PAAF1,0.5839798
STT3B,0.58397806
NDC80,0.58397573
MAP9,0.58397293
POLR1A,0.583963
SF3B5,0.5839623
ZNF304,0.58395976
ZBTB8OS,0.5839535
TRAPPC4,0.58395195
RAP1A,0.58394605
LSM11,0.5839402
SUPV3L1,0.58393586
RGS5,0.5839308
TUBGCP4,0.58392376
RPS8,0.58391285
PRPF31,0.58390623
SYF2,0.5839048
TNFRSF12A,0.58390355
STAMBP,0.5838859
RPS27,0.5838832
FZD8,0.5838685
PPP2R5C,0.58386564
MYO1F,0.583862
RAB8B,0.58385617
RAD54B,0.5838552
RPLP0,0.583849
RPS4X,0.5838441
RPL37,0.5838399
TRIM13,0.583837
POLR1E,0.5838335
NOTCH3,0.5838287
TMED1,0.58382183
PDGFD,0.5838191
RNF220,0.5838026
TFDP1,0.58379495
SNX17,0.5837934
SRM,0.58378243
NIP7,0.58377457
TFAM,0.5837705
FAM110A,0.58375597
PIGL,0.58375406
SEC24B,0.58374655
RPS6KB1,0.5837455
RGS14,0.5837445
SETD2,0.58374405
TXNL4B,0.5837409
SEL1L,0.58373773
REXO1,0.5837376
REC8,0.58372855
PLRG1,0.5837076
TRPC4AP,0.5836828
SNAP23,0.5836629
KCTD6,0.58365554
USP49,0.5836481
WDR5,0.58363336
SENP3,0.58362544
SMARCA2,0.5836217
RPS2,0.58362025
RIC8A,0.5836188
SMC6,0.5836026
ST13,0.5835974
PGAM5,0.5835872
RBBP7,0.5835861
RPS15A,0.5835849
RNASEL,0.58358157
STT3A,0.58357286
SURF4,0.58356905
SSBP3,0.5835627
LIN37,0.58355755
TRAF3IP2,0.5835448
THADA,0.58354276
NPR1,0.58354187
RPS13,0.58353245
EYA2,0.58352447
ZWILCH,0.5835144
SMCR8,0.5835121
STARD3,0.58351207
NIPSNAP3A,0.58349437
SETX,0.58347154
TIMM17B,0.58347017
SEMA4C,0.5834601
TNFRSF1A,0.58345795
SDAD1,0.5834571
PAPSS2,0.58345044
TCEA3,0.58344644
SLC39A7,0.5834464
TRIM25,0.58344245
RPS9,0.5834375
RFX3,0.58343333
STRAP,0.5834331
SCFD2,0.58341485
RYBP,0.5834132
VPS8,0.5834116
SEMA4F,0.5834072
PCDH1,0.58339494
STRN3,0.5833913
RNF144A,0.58339113
SIRT1,0.58336145
PER2,0.58335745
SCARB1,0.5833548
POLR2J3,0.5833497
PPFIA1,0.5833485
STARD10,0.583347
RAD50,0.5833425
PARD6G,0.58332306
TUBA4A,0.58332086
SCAMP2,0.58331823
FBXO6,0.5833141
RBL2,0.58331007
PMVK,0.58330864
ZMAT2,0.5833051
STARD13,0.5833021
SCNN1D,0.5832939
TLN2,0.58328736
UQCRC1,0.5832869
SORD,0.58328056
PTCD3,0.5832731
SMAD9,0.58326435
PSMA4,0.5832581
RNF111,0.5832514
RTN4,0.58324707
TRIP13,0.5832462
SNAPC3,0.58324134
RPS3,0.5832385
TEAD3,0.58322823
ST6GALNAC4,0.58322185
SPDL1,0.58321124
UBE2G2,0.58321005
PDSS1,0.583206
RNF40,0.5831962
ST3GAL3,0.58318776
PSMD4,0.58317685
KIT,0.58317584
RPS6,0.5831655
TSEN2,0.58315074
RNF20,0.5831457
SPPL3,0.58313644
TBC1D15,0.5831351
PODXL2,0.58313304
SEMA7A,0.58312637
STK38L,0.58312136
RPS27A,0.5830958
NAGA,0.5830955
TICRR,0.58308953
TMEM126B,0.5830861
NR1H2,0.583076
SIK2,0.5830698
SPTAN1,0.5830684
RICTOR,0.583063
TIMM44,0.58306235
SLC11A2,0.5830622
EFNB3,0.5830321
MIB2,0.5830259
TUBGCP5,0.58301854
IL15RA,0.5830034
PRKD2,0.58300334
SERP1,0.5829963
ZNF451,0.5829882
TRMT61B,0.5829788
TPD52L1,0.58297485
SUN2,0.58297265
SYNRG,0.58296925
VKORC1L1,0.5829621
SEC11A,0.5829464
URM1,0.5829462
RHOBTB3,0.58293426
RPS12,0.5829315
TRIM62,0.5829302
NFS1,0.582929
RGS12,0.5829266
TRIM46,0.58291316
PLEKHG5,0.5829035
PDHX,0.58289903
SRI,0.5828987
UAP1,0.58289355
WDR46,0.58289284
STOM,0.5828847
TPK1,0.5828798
SULF1,0.5828797
SLC2A1,0.5828727
PCDHGA6,0.5828691
SLC9A3R1,0.5828658
TRRAP,0.58286446
SKP1,0.58286387
SLC19A1,0.58285755
RPAP3,0.58285654
IL11RA,0.58283836
RNF138,0.5828351
ZFYVE16,0.5828281
PRNP,0.5828265
PLK4,0.5828264
RPS21,0.5828195
FBLN5,0.58281714
SP1,0.58281016
TAF6,0.58280647
ZFPM2,0.5828052
VPS54,0.5828013
PPCS,0.5828003
TMED7,0.5827983
SGPL1,0.5827849
TYW3,0.58277655
SGK3,0.58276904
TMED4,0.5827632
SF3B3,0.58275765
RAPGEF1,0.5827563
PRMT3,0.5827504
RB1CC1,0.58274966
RFX5,0.5827478
PSPC1,0.5827343
ZSCAN32,0.58273375
OIP5,0.58272254
TRAPPC6B,0.5827142
SPIRE1,0.5827034
TEAD2,0.5826963
TAF1B,0.58268553
STRIP2,0.5826792
TARDBP,0.58267844
UBE2M,0.5826768
TBC1D13,0.5826745
RSU1,0.5826653
TANK,0.5826612
YTHDC1,0.582661
SREK1,0.5826554
TPGS2,0.5826463
SLC35E3,0.5826444
NINJ1,0.58264196
ZNF528,0.58262587
DYNLT3,0.58262485
UFL1,0.58261627
PPIG,0.58259916
TBCEL,0.58259815
TBC1D1,0.58259153
SH3PXD2A,0.5825857
THOC1,0.5825798
SESN3,0.5825728
SSR3,0.5825701
YARS2,0.58256185
PAFAH2,0.5825584
SOS1,0.5825511
UBAC2,0.5825489
TXNL1,0.5825401
SBF1,0.58252937
RNF217,0.5825249
RAPGEF6,0.5825233
RCOR1,0.58251184
SLC44A2,0.5825045
TRAPPC10,0.58249855
TSNAX,0.5824943
SMAD1,0.58249277
SPIRE2,0.5824903
TBC1D8B,0.5824891
SNRNP200,0.58247554
TAF1D,0.582469
RAB31,0.58246875
TPI1,0.5824681
PLD1,0.5824616
UQCR10,0.58246136
RPL41,0.5824571
XAB2,0.5824564
STIM1,0.5824524
TRIM11,0.5824472
STAT1,0.5823978
SLC26A6,0.58239436
ZKSCAN3,0.5823901
PGAP2,0.5823886
VPS37C,0.5823653
PDHA1,0.58235514
ZNF510,0.58234
NEK2,0.58234
SRP14,0.5823359
SNRPE,0.5823205
PRPF3,0.58231425
UCK2,0.582308
TIFA,0.5822996
THEM4,0.58229005
TFDP2,0.5822889
TOP3A,0.5822706
TAOK1,0.58226264
RGL2,0.5822621
TRAK1,0.5822561
YWHAH,0.5822511
RYK,0.5822478
TP53INP1,0.5822431
MRM1,0.5822362
SQSTM1,0.58223355
TRMT5,0.58222806
RASSF1,0.582226
SKIL,0.5822245
SV2A,0.5822162
ST6GAL1,0.58221304
RNASEH2B,0.58220774
SSH3,0.58220166
FAIM,0.582199
MRPL44,0.58218235
TBCB,0.5821822
WDR6,0.5821737
RGS17,0.5821733
TNRC6A,0.5821676
RAB2B,0.58216226
SLC39A1,0.58216065
SNX18,0.58216
SPARC,0.58214873
MRPL47,0.58214283
ZC3HC1,0.5821369
SPSB3,0.5821295
RMND5A,0.5821185
PLOD3,0.58211833
WDR35,0.5821162
RPS6KA2,0.5821118
RAB6B,0.5821091
ORC4,0.582109
PRKRIP1,0.58210784
SEZ6L2,0.58210623
SSR1,0.5821061
TMEM63A,0.5820965
MAP3K9,0.58209497
SLC25A5,0.5820948
ROR1,0.5820941
SEC61A1,0.58206075
RXRA,0.5820595
UST,0.5820563
ZNF517,0.58205223
TARBP2,0.5820468
RPRD2,0.5820402
TCF7,0.58203816
UBE4B,0.5820365
PPM1B,0.5820322
TRAP1,0.5820273
WDR18,0.582018
TYW1,0.58201605
WDR43,0.582014
SIAH2,0.581996
TAOK2,0.58198327
TBC1D17,0.5819783
TMED3,0.5819537
UNC13B,0.5819512
WDR36,0.58195066
UBA52,0.5819504
RNF24,0.5819428
GYG1,0.5819408
SPRED1,0.581937
TM2D1,0.5819324
RPRD1B,0.5819281
ERN1,0.58192474
UGP2,0.58192456
PCOLCE,0.58191365
TIAL1,0.58191293
SRP9,0.58190817
SMURF1,0.5819059
ZNF84,0.58190286
CDH6,0.58189726
RRAGD,0.5818853
ZNF211,0.58188176
TDRD3,0.58185375
TSR1,0.58184814
UBLCP1,0.58184725
SIGIRR,0.5818414
PPIL4,0.5818363
SKAP2,0.5818311
TSPAN14,0.58181506
IL4R,0.5818092
UTP23,0.5817985
SMARCAL1,0.5817976
PITX1,0.5817971
UVRAG,0.5817793
RGCC,0.5817763
SLC16A3,0.5817757
SRGAP2,0.58177245
TNFRSF25,0.581749
TRIM22,0.581747
TBKBP1,0.58174574
SNW1,0.5817447
ZNF224,0.5817435
S100A6,0.5817387
DET1,0.5817382
VPS28,0.58173525
SYNGR2,0.58172965
RPUSD4,0.58172727
ZNF552,0.5817259
SOD1,0.5817251
MMACHC,0.581719
GTF2H4,0.5817177
SAE1,0.5817161
SH3KBP1,0.58171505
SLC3A2,0.58170193
SLC27A1,0.5816882
RASSF5,0.58168817
SOCS5,0.58168584
SRCAP,0.58168215
IDH3A,0.58168083
PNPT1,0.5816794
SNF8,0.5816717
YAF2,0.581669
SFI1,0.5816689
SLC35A1,0.5816681
PHKG1,0.58165866
TOR4A,0.5816577
TADA3,0.58165723
UBAP1,0.58165044
TOR1B,0.5816481
SUPT20H,0.58164775
TOMM7,0.58164537
ZNF133,0.5816413
PPAT,0.58163863
SAT2,0.581627
SOAT1,0.5816238
SSR4,0.58161217
RFC3,0.5816061
PIGA,0.5816032
SEC63,0.5815938
RAB6A,0.58158684
TIPRL,0.5815742
SLC2A3,0.5815706
SERPINH1,0.58156973
TXNIP,0.5815522
USP6NL,0.5815439
SNRPA,0.5815417
SOCS6,0.5815376
RHBDD1,0.58152676
TMED5,0.5815221
SAR1B,0.58152115
SMC4,0.58150584
SESN2,0.581501
THOC6,0.58149457
TAF4,0.58149177
UNC5B,0.58148915
SAMD8,0.5814877
SCD,0.58148724
ZNF234,0.5814724
PLD2,0.5814724
SHISA5,0.581468
RNASET2,0.5814559
IFT57,0.58145547
RIPK2,0.581455
TNS3,0.58145446
ZNFX1,0.58143896
USP33,0.5814233
SMARCC1,0.58142203
UBXN6,0.5814209
TTF2,0.58141595
ZNF430,0.58141583
SNX3,0.5814137
TTI1,0.5814109
TP53BP1,0.581403
UHRF2,0.5814018
TRIT1,0.5814014
VPS18,0.5813965
THOP1,0.5813949
POLR2I,0.5813872
TAF1C,0.581387
TNRC6B,0.5813666
YBX3,0.5813617
POSTN,0.5813511
USP35,0.5813502
RRP36,0.581335
RELL2,0.5813176
MAP2,0.5813053
PLCG2,0.5812924
STUB1,0.5812885
TOR1A,0.5812796
UBE2Z,0.5812781
TOP2A,0.58127326
SIN3A,0.5812563
TNIP2,0.58125603
VIM,0.58124596
RCAN3,0.58124155
TAZ,0.58124113
GAS2L1,0.581238
SLC7A11,0.5812304
UBA3,0.5812278
KLHL9,0.58122617
SCAP,0.5812257
RPL38,0.58122295
SYDE1,0.58122206
WDR41,0.58121574
RIOK2,0.5812105
UNC45A,0.58120525
TMC8,0.5812029
SMARCAD1,0.5811982
RNPS1,0.5811973
SEMA6A,0.58119386
RSL1D1,0.58119303
SWAP70,0.58119106
UCHL5,0.5811843
PYCR1,0.5811795
VPS52,0.5811723
DDHD2,0.58117115
SARNP,0.5811664
RPS19,0.5811575
KDM8,0.5811553
RRP1B,0.58114666
NELFA,0.58114177
ZNF160,0.5811228
SRRM2,0.5811163
WDR37,0.58111125
TBPL1,0.5810996
SYMPK,0.58109117
ST3GAL1,0.5810811
TERF2IP,0.5810698
TTK,0.58106905
TRMT11,0.58106893
PITPNM1,0.5810647
GFI1,0.5810574
SLMAP,0.5810555
TMEM216,0.581055
SPRY2,0.581053
PRMT6,0.5810235
TRIM28,0.5810225
TGFBI,0.5810171
RCN1,0.58101183
UBL4A,0.58100826
SATB1,0.5809855
XRCC4,0.5809825
VARS2,0.58096266
TRAPPC9,0.5809574
RSF1,0.5809559
SLC15A4,0.5809525
RHBDF2,0.5809417
SSBP2,0.5809388
TBCC,0.58093554
SEC13,0.5809323
PLCH2,0.580921
USP45,0.5809163
TRAF2,0.5809011
VPS26A,0.58089125
SRSF1,0.5808895
PELI3,0.58088535
RPL7L1,0.5808836
TRUB1,0.58088017
THRA,0.5808795
SYNGR1,0.5808767
PER3,0.5808731
FEZ1,0.58087003
WDR70,0.5808696
SNRPD3,0.580852
SPAST,0.5808491
TICAM1,0.5808373
UBR1,0.5808319
RABGEF1,0.58080375
RAB4B,0.5808014
SAFB,0.5808005
RAB24,0.58079064
SEPHS1,0.5807796
SNX33,0.5807763
THUMPD1,0.5807732
TMED2,0.58077234
SSH2,0.58076876
NGDN,0.58076566
TOPORS,0.5807653
SEC22A,0.58075464
NDUFA5,0.58075327
RPTOR,0.58075124
SIN3B,0.580745
ARNTL,0.58073586
WBP1,0.5807315
USP25,0.5807254
SPOPL,0.58072084
TRPC1,0.5807206
ZBTB33,0.58071876
RELT,0.5807171
USP20,0.5807107
TPRN,0.5807008
SH3PXD2B,0.5806946
SUPT7L,0.58069354
TUFM,0.5806934
SRSF11,0.5806927
ZNF124,0.5806882
UBAP2L,0.580688
POFUT2,0.58067864
SEC24C,0.580674
TSEN54,0.58066565
YRDC,0.5806639
SGCB,0.58066314
SRPK2,0.58065724
TRAF3,0.58064353
SFSWAP,0.5806338
TOP2B,0.5806321
MOB2,0.5806302
SPTSSA,0.58062947
SDCBP,0.58062804
SYVN1,0.5806192
LLGL1,0.58061355
UBE3A,0.58060336
RPAP2,0.5806014
VPS11,0.5805892
NSMCE1,0.5805878
SAP18,0.5805868
PHF11,0.5805866
QRSL1,0.5805864
RPS3A,0.58058137
TDRKH,0.58057666
SGMS1,0.58056766
RAB40B,0.5805647
PDE6D,0.58056337
WASF2,0.580563
TULP4,0.58055943
TBCD,0.580552
STK36,0.58055115
YBX1,0.58054644
VAV3,0.5805462
RASSF8,0.5805322
SHQ1,0.5805225
ZNF516,0.58051944
SPHK2,0.5805079
THAP4,0.5805031
RAD23B,0.58050096
PIPOX,0.5804996
TAF7,0.5804937
SLC25A13,0.5804876
SRSF4,0.5804871
RARS2,0.5804774
SMARCC2,0.5804559
ST3GAL2,0.58045226
TPX2,0.5804484
RSL24D1,0.58043855
VPS25,0.58043784
RPL31,0.58043265
SH3D19,0.58043236
NEDD9,0.58043206
PYGO1,0.58042246
TERF1,0.5804127
RCAN2,0.5804038
MAP3K10,0.5804019
RBBP8,0.5803994
UBE3C,0.5803933
ZDHHC7,0.5803914
WDR19,0.58038265
UNC119B,0.5803786
TIMM17A,0.58037204
GRK4,0.58037204
STK40,0.5803677
SETD7,0.58036375
TBC1D23,0.5803565
SKA3,0.58034784
RPL28,0.5803478
RPS15,0.58034563
TLE1,0.58034563
ZDHHC9,0.580342
USP1,0.58033085
XPO4,0.5803265
VPS37A,0.5803244
TOMM20,0.58032286
SEC16A,0.5802843
TGM2,0.5802832
ZNF770,0.5802549
USP28,0.58025414
PPP2R5B,0.5802539
TFCP2,0.58024204
SRP68,0.58023846
TRAPPC5,0.5802327
TXNRD1,0.5802306
TUBB4B,0.5802138
TRMU,0.58021116
SHC1,0.5802075
TRIM44,0.580206
TNIK,0.58020085
RIN2,0.5801781
SNX2,0.5801753
SETDB1,0.5801725
LRP2BP,0.5801671
TKT,0.5801668
USP7,0.5801666
RASA2,0.5801656
NDUFB6,0.5801651
POLR2F,0.5801642
TNKS,0.58016133
TACC3,0.58014935
MOCS2,0.58014166
TAF8,0.5801398
RAB11FIP4,0.58013636
SPRY1,0.58013153
ZKSCAN1,0.5801296
SSBP1,0.58012825
TCF7L1,0.58012784
WASL,0.5801165
SEC24A,0.5801094
UBQLN1,0.5800977
UBC,0.5800958
SRRT,0.5800777
SPIDR,0.5800728
USP9X,0.5800721
SH3BP2,0.5800715
WWC1,0.5800709
ZNF100,0.5800598
PSENEN,0.580057
SCLY,0.5800527
WDR83,0.5800525
DOCK8,0.5800503
SUPT4H1,0.5800426
TIMM8A,0.580036
TJP1,0.58003443
TSNARE1,0.58003384
ZNF33A,0.5800306
TMED10,0.5800162
SRSF5,0.5800157
VASN,0.58001155
TUBA1A,0.5800015
REEP2,0.5799996
ZNF445,0.5799918
YY1AP1,0.57999164
USP3,0.5799825
TTL,0.5799791
PLEKHG3,0.5799763
UGCG,0.57997453
SNRPA1,0.57997084
TRIP12,0.579965
SPATA2L,0.57995737
GLYCTK,0.57995504
TNFRSF21,0.5799191
TUBB,0.57991457
UBL7,0.57990986
USP34,0.579908
FAM220A,0.5799073
SERGEF,0.57990617
UBE2D3,0.57990307
TRADD,0.579903
TLN1,0.5799
RHOBTB2,0.57989967
SUN1,0.57989293
ZNF776,0.5798891
SMAD7,0.5798868
EHD3,0.5798844
PEX12,0.5798713
SUPT5H,0.5798651
SMAD6,0.5798648
SEC61B,0.5798648
YPEL5,0.57986
SLC1A5,0.5798563
RPL6,0.57985455
SNRPD2,0.57984865
SEC31A,0.57984585
SMG7,0.5798456
SRPK1,0.5798443
STX6,0.5798433
TFAP4,0.57984304
TBC1D5,0.57983714
SOCS3,0.5798349
TNPO2,0.57982475
ZFC3H1,0.5798247
UNC13D,0.5798232
RTCB,0.5798217
UBXN1,0.57981205
TAF1A,0.5798067
SMPD2,0.5798003
UBE2E2,0.57979286
TTLL12,0.57978755
PDCD10,0.5797822
RTKN,0.57976437
SMYD5,0.57976323
WAC,0.57975864
WDFY3,0.5797572
TRA2B,0.57974374
STEAP3,0.5797249
POLR3H,0.5797228
UBXN7,0.5797105
WNK1,0.5797096
SENP6,0.57970387
VAMP4,0.5796997
AKTIP,0.579699
ZNF76,0.5796972
SEMA3F,0.5796942
RUSC2,0.57968336
SNTA1,0.5796818
TRIO,0.5796788
SAFB2,0.5796741
SMS,0.5796657
TAPBP,0.5796602
TRIM23,0.57965577
SRSF7,0.5796418
DCAF17,0.57964015
NOTCH4,0.5796342
SBF2,0.57963383
PLEKHA3,0.57963264
TELO2,0.57963234
RAB11FIP5,0.5796261
PHKA1,0.57962596
SENP1,0.57961607
MTF1,0.57961506
TP53RK,0.5796137
TIAM1,0.57961285
SLC12A9,0.57961136
TPST1,0.5796085
SIL1,0.57960767
TBXAS1,0.57960314
ZNF620,0.5795858
ZNF266,0.5795844
STK3,0.57958007
PPM1D,0.57957613
TRIOBP,0.57957137
SYTL1,0.57956374
RNF41,0.5795551
SSU72,0.57952666
RHOB,0.5795245
TMEM30A,0.57952297
UTP14C,0.57950884
WASF1,0.579501
PRR5,0.579483
PSMD5,0.5794825
SMPDL3A,0.57947946
RNF168,0.5794679
USO1,0.57946444
ROCK1,0.5794441
TBC1D14,0.57943374
UCP2,0.5794251
SUPT3H,0.5794237
ZNF607,0.5794228
TTC21B,0.5794185
SRD5A1,0.57941496
STAP2,0.5793888
ZNF506,0.5793764
UBA5,0.5793736
SIK3,0.5793726
YEATS4,0.5793615
TRIM14,0.57935977
SIAH1,0.57935274
TMOD3,0.5793409
SERINC5,0.57932794
SEPHS2,0.57932657
PMPCA,0.57931846
PRKACB,0.5793158
XRCC2,0.57931423
SLC27A5,0.579313
UBE2G1,0.5793065
ZNF32,0.57929873
TRAPPC12,0.5792985
RANGAP1,0.5792895
SPATA13,0.5792815
TUBGCP3,0.57928014
PAF1,0.5792721
SPAG5,0.5792674
RPL21,0.579252
TPD52,0.57923865
WNT5B,0.5792385
MOGS,0.579236
SYTL4,0.5792192
RABGGTA,0.5792073
SUMO1,0.5791969
VCL,0.5791945
PDLIM2,0.5791884
WNT5A,0.5791852
SCAMP1,0.5791844
TIMP3,0.57918113
SLC7A7,0.57914895
TALDO1,0.5791398
SNRPB2,0.5791383
SLC25A26,0.5791362
WIPI2,0.5791244
NMI,0.57912195
ZBTB7B,0.57912004
TPT1,0.5791182
TUBA1B,0.5791055
RARG,0.5791051
VGLL3,0.57909834
SRGN,0.57909125
TRAPPC8,0.57908106
RIMKLB,0.5790609
TRAFD1,0.5790596
NCF4,0.57905334
ZNF710,0.57905245
WDR81,0.5790471
FZD1,0.5790433
UBIAD1,0.579035
ATF7,0.57903
U2AF2,0.57901996
VDAC2,0.57901543
UBA1,0.5789966
TCTN3,0.5789903
PRKX,0.5789758
ALAD,0.5789717
VPS39,0.5789702
RUFY3,0.578966
UROS,0.5789619
SH3GLB2,0.5789491
NFASC,0.57894295
SUPT6H,0.57893723
ZWINT,0.5789315
VPS4A,0.57892925
YIPF2,0.5789239
UBE2A,0.57887924
SOX4,0.57887405
RBM17,0.5788739
THOC2,0.5788676
RAP2B,0.57886076
UPF3B,0.57886034
USP46,0.5788593
RRP1,0.57885844
UQCRQ,0.5788502
TNFRSF1B,0.57882214
SOCS7,0.57881707
THY1,0.57880366
TTC5,0.578787
TXN,0.57877
UBE2E1,0.5787668
RAB5A,0.5787666
TOMM34,0.57875866
UBTF,0.5787413
TRIB3,0.57872844
SMU1,0.5787022
WDR33,0.57869303
STX5,0.5786831
ZNF44,0.57868165
SERINC3,0.5786556
SQLE,0.5786556
TRIM37,0.57864016
TBC1D4,0.57864
YKT6,0.5786363
UQCRH,0.578634
RNF38,0.578623
SERPINE2,0.578622
TMBIM6,0.57861394
RAB12,0.57861125
UBE2L6,0.57860583
UFSP2,0.57860404
VCP,0.5786037
ZNF286A,0.5785971
TDRD7,0.57859206
STXBP4,0.5785902
TTC7B,0.5785855
U2SURP,0.5785735
THAP1,0.5785677
UQCRC2,0.57856554
XPOT,0.5785613
SH2B3,0.5785482
SIPA1,0.57854694
SSB,0.5785412
KCNIP4,0.5785205
TOP3B,0.5785181
TAP1,0.5785174
SNX4,0.57851446
ZFP36L1,0.578512
TUBB2A,0.5785093
SPDYA,0.5785078
ZYG11B,0.57850665
ZNF212,0.5784989
SRP19,0.57849765
ZNF519,0.5784961
ZFP90,0.578493
PDXP,0.57848376
RAD51AP1,0.57848114
ZNF678,0.5784767
LSM10,0.578475
UBE3B,0.57847273
PHF8,0.57846946
PRKAB2,0.578468
PRKCD,0.57846576
LONRF1,0.57845956
STK24,0.5784514
TMEM187,0.5784379
UMPS,0.57843256
UBE2V2,0.5784324
TIMM13,0.5784323
WARS2,0.5784252
PCGF2,0.57841945
ZFAND6,0.5784046
UBE2R2,0.5783925
WWP1,0.5783923
TADA2B,0.57838786
TMSB4X,0.5783835
TROAP,0.5783741
SLC5A6,0.578369
PLS1,0.57836723
USP48,0.5783489
TSN,0.57833666
ZNF416,0.5783139
ZNF496,0.5783082
TGFB1I1,0.5783064
RECK,0.5782964
SLC35B2,0.5782634
TSSC4,0.57826173
TAF3,0.5782365
ZNRF2,0.5782325
ZNF107,0.5782199
TIPIN,0.5782181
TCERG1,0.57820237
TNFRSF10B,0.57819706
MAPK13,0.57819545
UBFD1,0.5781893
STX16,0.57818455
TBC1D20,0.57818085
TRA2A,0.5781593
PDZD11,0.5781485
UGGT1,0.5781342
ZNF766,0.5781314
TEAD1,0.5781296
TNK2,0.5781279
TRERF1,0.5781255
SLK,0.5781235
ZNF490,0.5780973
FEZ2,0.57809436
ZKSCAN5,0.57808053
TMPO,0.5780795
SLC4A2,0.578079
SETMAR,0.5780788
SHARPIN,0.57807857
SPOP,0.5780778
USP12,0.5780642
WDR3,0.578063
SNX13,0.57806206
ZNF207,0.5780433
ZNF527,0.57803816
ZNF335,0.57803744
SPNS1,0.5780272
PTK2B,0.5780271
QTRT1,0.5780267
SNCA,0.5780167
ZNF394,0.5780154
STIP1,0.5780077
TAX1BP1,0.57800454
SWI5,0.5779912
VPS41,0.577974
ZNF41,0.5779705
USP19,0.57796854
RSRC1,0.57796764
NTM,0.57795525
SMYD4,0.577954
UBE2S,0.57794696
RRP8,0.5779324
TWF2,0.5779266
VPS37B,0.5779266
WLS,0.5779202
TRMT10C,0.57791805
SLC9A3R2,0.5779179
KCNIP2,0.57791567
ZNF586,0.57791483
RPAP1,0.57791376
PYGO2,0.5779095
ST3GAL4,0.5779084
PAIP2B,0.5778918
TPCN1,0.5778677
SPSB1,0.5778585
XRN2,0.57785237
SSH1,0.57785094
TGS1,0.57784253
OSMR,0.5778327
UIMC1,0.5778176
RUVBL1,0.5778155
STK38,0.5778113
UBN1,0.5778106
ZNF202,0.5778075
WDR1,0.5778042
ZNF592,0.5778003
TIMP2,0.5777974
PPP3R1,0.5777828
SPTBN2,0.5777782
COL11A2,0.5777744
ZNF143,0.5777585
PPP2R3C,0.57775605
TRIM69,0.57772815
WWP2,0.5777266
USP47,0.5777173
PJA1,0.57771325
UHMK1,0.57770514
SPG21,0.57770157
TCN2,0.57769865
VANGL2,0.5776876
TPM1,0.577687
TMEM147,0.5776735
VTA1,0.5776557
YEATS2,0.57764924
PTPN21,0.5776329
TBL1X,0.5776303
SMCHD1,0.5776261
GLDN,0.5776239
TBL3,0.5775901
PAQR3,0.57758766
TMEM70,0.57757354
ITGB7,0.57757187
VASP,0.5775555
UBE4A,0.5775427
ZFP14,0.57753825
RANBP10,0.5775359
ZNF638,0.5775179
VAC14,0.5775081
TBC1D16,0.5775027
ORMDL1,0.5775002
PEX6,0.5774918
XPO7,0.57749045
WIPF2,0.5774853
TSPAN5,0.57747686
RRM1,0.57747656
ZMPSTE24,0.5774592
RPS6KA4,0.57742923
VDAC1,0.5774152
TNPO1,0.5774059
TNFRSF11B,0.5774058
UBE2E3,0.5773829
ZFYVE26,0.5773741
WBP11,0.5773648
SPCS2,0.577364
TRIM26,0.5773222
UQCRFS1,0.577305
RAB30,0.5773027
SCUBE2,0.5773016
EIF2B2,0.577296
STIM2,0.57729435
SYNCRIP,0.57729316
UBE2J2,0.5772809
ZIK1,0.5772675
SLC44A1,0.57726115
TRPV2,0.57725525
ZNF621,0.5772518
ZNF383,0.577233
USP22,0.5772173
UBE2W,0.57720864
SRSF10,0.5771961
ZDHHC21,0.57719445
TRPM2,0.5771825
ZMIZ1,0.5771715
TRAPPC3,0.5771672
WDR75,0.5771627
GPR68,0.5771556
ZRANB3,0.57715094
UFC1,0.577147
XPR1,0.5771436
TUBB3,0.5771302
SORBS1,0.5771171
TRPS1,0.5770946
SUOX,0.57709104
ZNF326,0.57709056
SGPP1,0.57708895
WDR61,0.57706815
WSB1,0.5770653
SUMF2,0.5770469
KCNMB3,0.5770423
ZNF480,0.57702833
STON2,0.57702297
SRPRB,0.5770225
RASSF2,0.5769977
YWHAQ,0.57699245
TJP2,0.57697046
SURF2,0.57696563
SEC23B,0.5769501
RNMT,0.5769401
SKIV2L,0.5769312
SYDE2,0.5769283
SEC22C,0.5769204
WRNIP1,0.5769187
PNPLA4,0.5769187
USP16,0.5768982
TRPM7,0.57689047
UBE2H,0.57687783
ULK1,0.57686496
TRAF4,0.5768632
SLC9A1,0.57685304
TNFSF10,0.5768414
HSPA13,0.5768198
TP53BP2,0.57681215
SPAG7,0.57681054
UBE2Q1,0.5767947
VPS53,0.5767898
ALDH16A1,0.576786
SEMA4A,0.57678235
STX17,0.576768
SPG11,0.5767545
PIGG,0.57673866
TUBB6,0.5767265
SYNE2,0.57671154
SMARCA5,0.57670736
UBE2K,0.57669646
TOR1AIP2,0.5766962
TIA1,0.57669556
WBP2,0.57668877
ZC3H15,0.5766818
TWF1,0.5766779
TCTN1,0.57667196
ZNF90,0.5766541
SETD1A,0.57664305
SNRNP35,0.5766412
WDR59,0.57663554
ZYX,0.57663524
TMED9,0.5766341
ZNF283,0.5766339
ZNF3,0.57662565
ZC3H13,0.57660866
UBE2F,0.576598
USP37,0.5765935
YME1L1,0.576589
SLAMF7,0.5765562
SUCLG1,0.57653433
TTC27,0.57653403
XYLB,0.5765286
ZFP36L2,0.5765155
TTYH3,0.5765013
ZNF302,0.57649505
TADA1,0.5764737
SKA2,0.5764602
TEP1,0.5764539
TFB1M,0.57645303
WDR91,0.57644886
ZNF691,0.57644415
ELMO1,0.5764406
STK39,0.5764089
STX10,0.57640606
SLAMF1,0.57637656
SLC35B1,0.5763689
WDR26,0.5763583
APOO,0.57634646
TRIAP1,0.57634413
ZMYND11,0.57633513
REPS2,0.5763301
PHF12,0.57632804
TMEM97,0.5763141
SNAPC1,0.5763077
TAF11,0.5762919
SLC25A12,0.57628095
REPS1,0.57626903
UBA6,0.57626736
TDP1,0.5762525
UBOX5,0.5762427
PDPK1,0.5762344
MAD2L1BP,0.57623035
TACC1,0.5762291
RHOT1,0.5762153
TOB2,0.5762117
TEX10,0.5761995
ZNF773,0.5761985
TAF2,0.5761808
ZNF768,0.57617027
ZCCHC7,0.57616127
STK35,0.5761603
ULK2,0.576143
ZCCHC4,0.5761427
NABP1,0.57613516
TNFSF13B,0.57613426
XRCC5,0.5761323
THAP7,0.5760878
ZNF460,0.576084
WDFY2,0.576081
USP39,0.5760793
RGL1,0.57607734
ZNF385A,0.57606834
SLC25A24,0.57606685
UTP18,0.5760603
SEMA5A,0.57604766
RASGEF1A,0.5760393
ZFR,0.5760143
SNAPC5,0.5759943
PPP1R8,0.5759862
RORA,0.5759848
SNIP1,0.5759658
MRPL13,0.57596105
LRP3,0.57594955
ZNF546,0.57593906
XYLT2,0.57592547
SLC25A3,0.5759216
UCHL3,0.57591367
TSPYL2,0.5759111
GBP1,0.5759064
TXNDC12,0.57590365
RNASEH1,0.5758975
RNF152,0.5758874
USP4,0.5758543
FOSL1,0.57585406
EGR2,0.57585216
TAF12,0.5758433
UCHL1,0.57583094
USP14,0.57582027
YWHAB,0.57581
YES1,0.57580656
TSC22D3,0.5758046
SRR,0.5758041
SLC25A38,0.5757744
RIOK1,0.57573324
TNPO3,0.57573193
ZNF81,0.5757079
TOLLIP,0.5757052
SIRT2,0.57570314
ZNF320,0.57569546
USP5,0.57569087
UTRN,0.57567793
ZNF526,0.5756766
SPTLC2,0.57566345
DDX60,0.57565427
THOC5,0.5756505
UBE2J1,0.5756322
ZC3HAV1,0.5756305
SLC35D1,0.5756282
SLC12A2,0.5756206
RNF185,0.57559663
WDR45,0.57559407
TONSL,0.57559395
UBQLN4,0.5755913
SOS2,0.5755742
TUBA1C,0.5755716
TAB1,0.5755597
SMARCA1,0.5755567
SEC31B,0.5755342
STARD4,0.5755336
CHMP4C,0.57552576
ST14,0.5755121
SYTL2,0.5754701
ZNF79,0.5754681
SMUG1,0.5754657
UBXN4,0.57545775
TRIM6,0.5754492
USP10,0.5754487
UQCC1,0.5754442
POGLUT1,0.57542336
MYBL1,0.5754187
VEGFB,0.5753994
TYSND1,0.57538295
STC2,0.5753663
VPS26B,0.5753501
ZNF462,0.5753433
ALDH1A1,0.57532567
TMEM258,0.57531667
ZNF74,0.5752949
XPO5,0.5752899
COA5,0.57528675
RAB33B,0.57528645
SMC2,0.575286
ZNF217,0.57527167
SORBS3,0.5752283
TRO,0.57520485
STX2,0.5751981
RBM45,0.5751876
VPS35,0.57518566
VGLL4,0.5751367
ZNF254,0.57512987
UNC93B1,0.5751203
WDR82,0.5751105
FHL1,0.5750936
SNAP47,0.57508683
SCD5,0.57508504
TINF2,0.575076
VAV2,0.57505244
ZNF431,0.575047
TBC1D24,0.5750359
STX8,0.57503134
TANC1,0.57502055
PBLD,0.57500726
ZNF567,0.5749943
UBE2I,0.5749873
TTBK2,0.57498085
UNG,0.57496804
RHOQ,0.5749587
UTP14A,0.574935
VPS33A,0.5749254
VIPAS39,0.5749249
TFB2M,0.5749213
RALGAPA2,0.574908
USP32,0.574884
ZNF398,0.5748813
TES,0.57487106
ZNF274,0.574868
RBM42,0.57486504
ZNF605,0.57486457
TAF6L,0.57484347
STAT2,0.5748386
PNKP,0.57482624
PRDM4,0.5748136
WDR48,0.57480127
SEH1L,0.5747693
VPS51,0.57474333
TRPV4,0.57472885
TRAPPC6A,0.57472134
ZNF622,0.57471263
DOLK,0.5747055
YWHAZ,0.57470495
TCIRG1,0.5746906
TFIP11,0.5746798
ZMIZ2,0.57467884
POP5,0.57466805
TNFRSF10A,0.5746569
YWHAG,0.57464665
STK4,0.5746417
UAP1L1,0.57463163
RECQL,0.57462436
XPO6,0.5746181
STARD3NL,0.5746175
YTHDF2,0.5745873
MTO1,0.57457894
ZNF91,0.5745524
YIPF5,0.57454616
USF2,0.5745382
UFM1,0.57450724
STX18,0.5745052
ZNF227,0.57450104
TSFM,0.574494
VMP1,0.5744873
SHB,0.5744861
YY1,0.5744765
GPX3,0.5744656
PYCARD,0.5744648
RHOU,0.5744335
PTH1R,0.57441443
TGFBRAP1,0.5744143
TGOLN2,0.5743665
TIAM2,0.57435477
RTCA,0.5743452
SCIN,0.5743266
SLC22A17,0.574317
UTP3,0.5742758
RBM7,0.57425517
TXN2,0.5742323
YTHDF1,0.5742199
SNAPC4,0.57421815
VAPB,0.57421494
ZMAT3,0.5741914
TECR,0.5741672
TBC1D2,0.5741526
LMBRD1,0.5741523
XBP1,0.57415086
WDR62,0.57410973
VAT1,0.57410866
SECISBP2,0.57410127
TTC12,0.5740772
SNAP29,0.5740742
RCOR3,0.57407135
SELPLG,0.5740433
NR4A3,0.57403284
USP24,0.57403237
TRIM56,0.574026
ZNF440,0.57401776
TUBG2,0.5739996
TAF5L,0.5739785
WHAMM,0.5739687
ZNF415,0.57395536
WBP4,0.57392865
UPF1,0.5739066
PDK4,0.57387894
STAT4,0.573874
RFX2,0.57386786
GPR160,0.5738641
YAP1,0.57385683
SLX4,0.57379675
ZNF273,0.57378364
TAGLN,0.57377845
HARS2,0.57375926
SPCS3,0.5737413
PEX11G,0.5737258
SLC2A8,0.5737095
DFFB,0.5736974
SNRNP27,0.5736881
ZW10,0.5736829
TET2,0.5736777
SPN,0.5736627
TACO1,0.573654
UPF3A,0.57363385
ZNF195,0.573624
TYK2,0.57362276
SRA1,0.5736127
ZNF587,0.57358867
RAPGEF5,0.57355595
UBE2O,0.57352805
OASL,0.5735266
ZNF529,0.5735209
SLU7,0.57351774
TRAF5,0.57349414
ZMYND8,0.57347727
TRUB2,0.57345706
USP42,0.57343674
TAF13,0.573417
SAT1,0.57340556
RTN4IP1,0.573402
ZNF33B,0.5733999
NCALD,0.57339096
RRAGC,0.5733204
ZNF182,0.5732711
SYT11,0.5732613
USP11,0.57323784
OLR1,0.5732375
ZFYVE27,0.57323295
ZNF219,0.5732097
SENP5,0.57319397
ZER1,0.5731914
RIN1,0.57317966
WDR4,0.5731628
UBE2T,0.573143
TRAPPC11,0.5731419
SIRT5,0.57313126
UBE2C,0.5731111
VMA21,0.57309777
GLIPR1,0.57308525
SNRPG,0.5730815
TRIM68,0.57303005
STOML2,0.5729933
TTF1,0.5729828
ZNF544,0.5729774
DYSF,0.5729664
ZNF778,0.5729597
VLDLR,0.57294774
TMEM214,0.5729413
TDG,0.572937
WDTC1,0.5729348
SRSF6,0.57291377
WDHD1,0.5728574
ZFYVE9,0.5728387
PNPLA7,0.5728212
ENGASE,0.5728206
STARD8,0.5728128
TP73,0.5728015
VRK1,0.5727942
UCKL1,0.5727801
URB2,0.5727085
ZNF841,0.5726823
TOM1,0.5726276
PTPN4,0.5726255
PSEN2,0.5726192
TRIM2,0.5726101
ZNF846,0.5726059
UVSSA,0.5725567
ZNF780A,0.5725554
SEC23A,0.5725552
ZNF235,0.5725532
PEX11A,0.57253253
PPP2R3A,0.57251906
ZNF680,0.5725103
FKRP,0.5725075
ITGAM,0.57250744
UTP6,0.5724889
UGDH,0.5724538
SYT7,0.5724313
ZDHHC17,0.57236993
ZNF317,0.57236534
TXLNA,0.5723455
TIMM21,0.57233447
ZNF423,0.57231706
ZNF791,0.5723008
TM7SF2,0.57228845
ZNF131,0.57227796
ZNF671,0.5722656
RAP2C,0.5722654
ZNF585A,0.5722095
NDST2,0.5721736
UQCC2,0.5721566
ZNF248,0.5720809
DCTN3,0.572066
RNASE1,0.5720609
ZNF708,0.5720498
ZNF550,0.5720107
ZNF318,0.57199675
ZBTB17,0.5719879
YIPF4,0.5719833
CASP6,0.571978
VAPA,0.5719705
SETD6,0.57193553
SEC23IP,0.57193416
SEMA6B,0.57193154
RUSC1,0.57192695
ZNF500,0.57190835
PLEKHG6,0.5719081
TEX264,0.5719055
TAB3,0.5718873
TTC26,0.5718833
ST3GAL6,0.5717815
ZKSCAN8,0.5717661
TCTN2,0.5717455
ZNF701,0.571731
SNX8,0.5717138
SIRT3,0.5716406
UQCRB,0.57163733
PTS,0.5716277
ZNF17,0.57158136
VRK3,0.5715435
POLE4,0.57152075
SGSM3,0.5714846
SEMA4B,0.5714521
TRAM1,0.5713899
RNF6,0.5713472
TMEM107,0.57130295
TRIP11,0.57127106
TBC1D10A,0.57126594
WDR11,0.5711941
PHLDA3,0.57116425
SLC7A8,0.57115024
NT5E,0.57106173
PSTK,0.57101476
ZNF426,0.5709976
MICALL1,0.5709567
SH2D3A,0.5709068
TXLNG,0.5708684
RAC3,0.57083553
ZNF333,0.5708319
PRICKLE1,0.57083184
TRAF6,0.57078856
RGS19,0.57077414
ZNF493,0.57076526
SESN1,0.57075334
TRIM38,0.5707436
WEE1,0.570665
PDCL3,0.5706335
UQCR11,0.57062393
ZNF26,0.5706151
SEMA5B,0.57057184
ZNF830,0.5705461
CCNYL1,0.57053936
CTSO,0.570485
VPS37D,0.5704623
VAMP2,0.570436
ZNF814,0.5704301
B3GNT7,0.57041323
SPTBN4,0.5704103
EAF2,0.57037556
ZNF555,0.57034886
SERPINB9,0.57029957
MSR1,0.5702953
TRIP4,0.57024586
ZNF772,0.57024217
SRD5A3,0.57022744
ALDH5A1,0.57021254
RAVER1,0.5702012
MOCS3,0.5701905
TXNRD3,0.5701894
ZNF561,0.570142
ZRANB1,0.5701298
XRN1,0.5700477
UXS1,0.570046
TEFM,0.5700432
TIMMDC1,0.5700318
TRMT1,0.5699937
SNTB1,0.56997824
GIMAP8,0.56997406
ZNHIT1,0.56997323
NTN4,0.56996846
RILP,0.569913
TXNDC16,0.569851
ZNF485,0.56983143
LAMTOR5,0.56979936
LAMA2,0.56978583
TFAP2C,0.56972724
DDX28,0.56965184
ITGB6,0.5695982
TNXB,0.5695718
WASF3,0.5694901
VAMP8,0.56946397
STX1A,0.5694195
TSG101,0.5694116
HOXD3,0.569392
SLC30A1,0.56938136
RASD2,0.56928074
XYLT1,0.5692785
PTPRN2,0.5691768
ZNF699,0.5691587
TREX1,0.5691301
RCHY1,0.56901675
RMDN2,0.5689986
ZNF687,0.5689811
ZNF793,0.5689427
KBTBD7,0.56885755
SPAG4,0.56883657
ZNF615,0.56881565
ZNF264,0.5688018
ZNF350,0.5687746
ZNF721,0.5686548
SECTM1,0.5686366
SHPK,0.56863505
ZNHIT6,0.5685368
ZNF439,0.5685101
TBC1D7,0.5684422
ZNHIT3,0.56843376
REXO2,0.5684271
F5,0.5683486
YIPF6,0.5683416
SLC44A3,0.5683355
LRRC4B,0.56831753
ZNF155,0.56830955
UTP20,0.56826305
SPATA2,0.56822664
ZFP1,0.568173
ZNF12,0.56813157
EFNB1,0.56810236
USP21,0.56809944
STK11IP,0.5680844
ZNF530,0.5680527
ZNF562,0.56803215
VPS4B,0.56802946
ITGA8,0.5680165
NDUFA9,0.56790566
ZNF300,0.5679008
TUBG1,0.56779313
ZNF45,0.5677856
STRADB,0.5677786
TLR4,0.56774247
ZNF284,0.56764
ZNF714,0.5675128
LMCD1,0.56751204
PGM3,0.5674464
MRPS17,0.56744343
RNF103,0.567409
ZNF43,0.5673905
PIGP,0.5673629
TM2D2,0.56734926
GALNT3,0.56733376
ZNF2,0.56733006
F8,0.5673193
SYNJ1,0.56729037
UBE2B,0.56728584
NAT1,0.5671587
YIPF1,0.5671504
GALNT14,0.567127
THAP11,0.56700706
RAI2,0.5669037
LRG1,0.56682956
WDR31,0.5667974
RNF2,0.5666987
ARL13B,0.5666727
ZNF337,0.56666285
TAP2,0.56665754
ZNF10,0.56655765
RPGR,0.56650096
TFAP2E,0.56631315
UNC5C,0.5662882
SPPL2A,0.5661007
ZFP36,0.5660948
ZDHHC8,0.5660539
ZNF250,0.56600296
ZNF692,0.56595397
ZNF197,0.5658972
STX4,0.56588954
ZNF83,0.5658546
HYI,0.56585383
ZNF783,0.5658404
ALG10,0.56583196
TMEM50A,0.5657493
ZNF649,0.56571585
MAP1A,0.56570536
ZNF700,0.5656966
YIF1A,0.5656766
TCEA2,0.5656606
VCAN,0.5656539
ZP3,0.5656499
RNF25,0.5655727
VPS36,0.5655642
ZNF282,0.56555057
ZNF92,0.5654904
PALMD,0.56545705
RAB42,0.5654364
WDR5B,0.5652416
FPGT,0.5652318
IKBKE,0.56521606
RBMX2,0.56520027
TMEM186,0.56512463
ALG11,0.5650212
LRP4,0.56498563
PPIH,0.56492925
ZNF486,0.5648554
ZNF473,0.56485015
ZNF443,0.56478006
ZNF566,0.5647609
MARVELD3,0.56476086
ZNF189,0.56475633
RPS6KA5,0.5647351
ZNF585B,0.5646325
TAF9B,0.5644466
ZNF611,0.5643218
TSPAN12,0.56417567
SIRT6,0.56417316
PDE5A,0.5641632
MFSD2A,0.56410885
YOD1,0.56407326
EFNA3,0.5640397
UCK1,0.56402206
U2AF1L4,0.56398374
DBP,0.5639487
POU2F2,0.56383616
PDLIM4,0.5637183
MYH3,0.5636903
RGP1,0.56363916
RPP21,0.5634717
ZNF808,0.56340384
CACNA1H,0.56320447
TNFSF12,0.56310153
ZNF225,0.5630827
ZNF267,0.5630704
ITGA7,0.5629229
ZNF57,0.5628595
SLC40A1,0.56267184
ZNF774,0.5626157
ZNF221,0.5625366
SNAI1,0.5625097
PCDHB15,0.5625031
TP53I3,0.56227565
ZNF135,0.56224126
TEK,0.5620805
RING1,0.56202674
MS4A6A,0.56193566
TGM1,0.5618606
ZNF558,0.56177473
ALG2,0.5617329
MRPS36,0.5617134
SERPINB8,0.56162995
ZNF548,0.56154627
RCE1,0.56150943
SURF1,0.5614011
TBP,0.56129736
TTC30A,0.56128556
MVB12B,0.561202
ZNF18,0.5610486
TRIM41,0.5610393
TSEN34,0.5609722
ZNF738,0.56091934
ALG3,0.56090236
CCL5,0.56089646
ZNF600,0.56089437
CCL4,0.5608894
ZNF573,0.5608551
CLDN1,0.5607434
TPMT,0.5606782
ZNF677,0.5606066
WTIP,0.5605553
ZNF256,0.5604802
NAIF1,0.5604693
ZNF557,0.5602041
POMT1,0.56014293
ITGA4,0.56013757
BMP2,0.56003076
ZNF136,0.5597933
PILRA,0.5597454
DENND2D,0.55974245
ZNF354A,0.5596893
PIGV,0.55966014
GBP4,0.55963385
SWSAP1,0.559597
SARS2,0.55957466
DNAJA4,0.5594812
HSD11B1L,0.55947083
ZNF780B,0.55934167
PORCN,0.55924237
RHOJ,0.5591662
MMP28,0.55915076
WRAP53,0.55914474
NPHP1,0.5588936
PSMA2,0.5587473
ZFP82,0.5586875
ZNF222,0.55867517
TBX2,0.558672
RASGRP2,0.5585506
ZNF347,0.55853415
SYP,0.55831546
WNT9A,0.5580477
TUBA8,0.5579691
IPP,0.5579205
UBXN2A,0.5578763
CTSL,0.5578565
SVIP,0.5577706
ZNF764,0.5577177
KCNH2,0.55746025
GALM,0.5574276
SRPX2,0.55737364
UBE2D4,0.5571734
ZKSCAN7,0.55716133
ZFP69B,0.5570274
ZNF593,0.5569585
ERMAP,0.5569159
HSPA6,0.5564675
SGPP2,0.55642074
CEP76,0.5564024
ZKSCAN4,0.5563529
RAG1,0.5562263
ZNF19,0.55613774
TLR6,0.5561249
RDH10,0.5561169
SERPINF2,0.55608654
SGIP1,0.55607873
CLN3,0.55602574
PPFIA3,0.5559522
JAG1,0.5558663
ZNF823,0.5557491
ZNF684,0.5556618
PI4K2B,0.5554802
SLC25A14,0.55543137
VAMP1,0.55530834
RNF181,0.55529815
SFN,0.5552482
TRIM45,0.55518866
PARP9,0.5551733
TRIM39,0.55516344
PIGB,0.5550855
ZNF614,0.5550336
SAP30,0.5548467
ZNF641,0.55455035
ZNF34,0.5545332
RORC,0.5544419
ALKBH6,0.55438906
KHK,0.5542951
PPOX,0.554281
PLB1,0.55348116
MAOB,0.5533245
ZDHHC2,0.5532491
MAGEH1,0.5528863
RGS2,0.55269843
ZNF569,0.55269045
DUSP19,0.55264235
STX11,0.5525461
SMG8,0.5521373
LTF,0.5519388
ALOX5,0.55193317
PMM1,0.55177325
ZNF419,0.5517496
NLRP3,0.55173945
ANO1,0.55163145
ZSWIM7,0.551609
CYP39A1,0.5513839
CTSF,0.55131507
PCDHB3,0.5512807
NOL12,0.5511572
PDE4C,0.55084276
CD180,0.5507851
LIPT1,0.5507087
ZNF433,0.55049163
ZNF420,0.55034506
LAT,0.5503136
FOSB,0.550228
ZNF543,0.54999995
SLC30A4,0.5499914
VCPKMT,0.54982305
ZNF674,0.5496068
PREX2,0.549589
ZNF709,0.54941916
GID4,0.549293
LIMS2,0.54928535
TBX19,0.549209
LILRB2,0.5491887
CYP2U1,0.5491603
CSF2RB,0.5490408
ZNF184,0.54896075
ZFP30,0.5488548
ZNF470,0.54881245
ALS2CL,0.54865867
ZNF813,0.54855
ASB8,0.54819864
ZNF175,0.54817796
CYB5R1,0.54800904
PRRT2,0.5479932
GORAB,0.547736
NRN1,0.54769206
ERCC6L,0.54756135
TGFB3,0.5475209
GPNMB,0.54714185
RAB32,0.5471063
MMAA,0.5469321
TECPR1,0.54675376
ZNF141,0.546509
CD247,0.5464861
BOLA1,0.54603404
TMEM176A,0.54588133
PANX2,0.5458707
CHMP6,0.5457627
SLC44A4,0.5456348
ZNF354B,0.5452822
ZNF467,0.54508764
LRRC6,0.54507273
THBS2,0.54440355
STAC3,0.54430556
PLD6,0.5441878
ZNF549,0.5441698
IZUMO4,0.54355264
F13A1,0.54340345
ITGB3,0.5430869
TMOD2,0.5430359
HOXA7,0.5427437
DNTTIP1,0.54219157
PTGER4,0.5420737
CNN1,0.5418507
RDH5,0.5415795
TCEAL1,0.5415629
ZNF468,0.541462
ZNF790,0.5414216
CBR3,0.54112273
INHBB,0.54092443
PYGM,0.54075027
ZNF14,0.54063743
ZNF354C,0.5404574
FDXR,0.5402411
IL1R2,0.54012656
SPON2,0.5400839
IL18R1,0.5400799
IL17RE,0.5400475
NPRL2,0.53948474
SDS,0.539374
TRPC6,0.53841347
AMPH,0.5384084
ZNF324B,0.53815556
SLC4A11,0.5381051
GALNT12,0.53800756
COQ10B,0.53796625
AMT,0.53769666
THSD1,0.5375068
POLR3F,0.5373797
GNG11,0.5369176
RRAS,0.5365079
HOPX,0.53635293
ANAPC13,0.5357513
DOLPP1,0.5352459
ZNF626,0.5349963
ZNF836,0.53456986
TMEM17,0.534449
HEY2,0.5341983
S100A3,0.53374237
ZNF429,0.53360957
ZNF442,0.5334388
DMTN,0.5322633
DXO,0.5320448
GSDMB,0.53113073
ANGPT2,0.53085774
RASL10A,0.5304754
ANGPTL4,0.530264
GPER1,0.5300359
ZNF69,0.52950305
GNLY,0.5291281
FCGR2A,0.5290451
ZNF765,0.52897406
B3GNT5,0.52854884
SEMA4G,0.5284303
SDHAF1,0.5283458
BMP4,0.5282528
ANKRA2,0.5276789
GIPR,0.5273617
LY96,0.5272828
GGT5,0.52698755
PTGER2,0.5268234
GCNT4,0.52618563
GBP5,0.5258837
PDE1B,0.52585167
PIP5KL1,0.52564275
FBP1,0.52533406
S1PR1,0.5250196
HARBI1,0.5249163
SEMA6C,0.5246518
GAB3,0.52443427
PLXNB3,0.5242028
FGD3,0.5241054
FUT2,0.5238482
ANO2,0.5232525
FPR1,0.52319217
FOLR2,0.52275145
FPR3,0.5222491
FLT4,0.5220456
DYNC2LI1,0.5217777
KRT17,0.52107286
MTSS1,0.5208176
FDXACB1,0.5207923
CRAT,0.5207434
FCER1G,0.5205478
EVI2A,0.5201426
SDSL,0.51989436
FBXL22,0.51979756
ZNF71,0.51973075
ANPEP,0.51942784
APBB1IP,0.51905084
HDAC11,0.5186037
ANTXR2,0.51850635
TLR3,0.518428
DUSP8,0.5178943
EXOC3L1,0.5175624
HK3,0.51755446
PPP1R3D,0.5174036
PLXNC1,0.5173075
RNF113A,0.51710945
DCLRE1A,0.5169495
RASSF6,0.5166452
MST1,0.5162956
FGD5,0.5159779
ZNF132,0.5159066
AOC3,0.51583076
LRFN1,0.5149029
P2RY6,0.51477003
DHX58,0.5146174
EIF4E3,0.5143976
LAG3,0.5137176
FOXP3,0.5134898
ECM1,0.5128613
ECE2,0.51274335
USHBP1,0.512069
DUOX1,0.5117172
DPP4,0.5112989
DLL1,0.50986886
PTGIR,0.50982356
AP4E1,0.50971586
DISP2,0.5096598
AP4M1,0.50945896
DHDH,0.50906533
AP5B1,0.5089879
DES,0.50876427
AP5S1,0.50865746
SCN1B,0.50855184
SLA2,0.50829905
HEYL,0.5079662
GADD45G,0.5078872
APBB3,0.50760937
DCN,0.50745094
DCHS1,0.50736445
CYTH4,0.5068593
APOBEC3B,0.50684357
APOBEC3F,0.5068093
CYSLTR1,0.5067949
CYP7B1,0.5067604
CYP3A5,0.50674653
CYP2J2,0.506669
CYP27A1,0.5066576
APOBR,0.5065209
APOC1,0.5064404
CXCL16,0.506411
CXCL10,0.50638837
CXCL1,0.50636554
CX3CL1,0.5063355
APOL1,0.50628203
AQP1,0.5056472
CSTA,0.50559586
ARAF,0.50551194
MCMDC2,0.50541717
FUT1,0.505081
CPLX1,0.50481075
PTGS1,0.5046144
ARHGAP19,0.50443286
ARHGAP27,0.5042171
COL6A3,0.50400245
ARHGAP33,0.5040014
COL5A3,0.5039724
CMTM1,0.50317276
CMKLR1,0.50312144
ARHGEF6,0.50286597
CLIC3,0.50273144
CLEC7A,0.5026831
CLEC2B,0.5026425
CLDN23,0.50259614
CLDN11,0.50255924
TNFRSF10C,0.5024667
CISH,0.50235456
ITGA9,0.50221336
FBXL8,0.5022092
CHST7,0.50218487
CHRNA10,0.5020811
CHRD,0.5020706
ARSA,0.50177664
ASAH2,0.50160265
CFB,0.5014877
CETP,0.5014769
ASB2,0.5014558
NDUFA4L2,0.5013325
CNGA1,0.50117683
CEL,0.50108176
CEACAM1,0.5010579
CDK5,0.50091875
CDK3,0.50090915
COL17A1,0.50078654
INMT,0.5006363
CD96,0.5006279
ATG2A,0.50061053
CD5,0.5005322
CD4,0.50049764
CD38,0.5004959
CD36,0.50048655
CD34,0.5004794
CD248,0.5004406
CD2,0.50042444
CD163,0.50041145
CCT6B,0.5003676
CCR1,0.5003156
ATP2A1,0.5001852
ATP2A3,0.500147
ROBO3,0.5001165
GGT1,0.50009423
CBX8,0.50005096
CCR10,0.49999923
CASP1,0.4999037
CARD9,0.49987724
CARD6,0.4998708
ATP6V1E2,0.49984795
ATP7B,0.49980742
CAMK1,0.49974033
CALCRL,0.4997087
CACNA2D4,0.49966976
CACNA2D2,0.49966574
B3GALT4,0.499615
C5,0.4996017
B3GNT4,0.49959716
C3,0.4995912
B3GNT8,0.4995795
C1orf162,0.499566
C15orf48,0.49952385
C12orf66,0.49951828
BAG2,0.49950132
BTC,0.4994752
BAMBI,0.49945378
BATF2,0.4994211
BATF3,0.49941608
BLNK,0.49938005
BBS12,0.49937814
BBS5,0.49936458
BHLHE41,0.49935853
BGN,0.49935544
BEST1,0.49934772
BDKRB1,0.4993396
NFAM1,0.4984123
NEB,0.49716458
MIEF2,0.49664944
TNFSF13,0.49647403
KCNAB3,0.4960461
ETV7,0.49589995
GNGT2,0.49572882
ZNF418,0.49549457
P4HA3,0.49516225
HFE,0.4936099
PSD,0.4935395
CD1D,0.49290434
GLS2,0.4915475
RNF128,0.48617306
