Gene Name,Score
MRPS17,0.54417735
SRPX2,0.5438496
UTP14C,0.5436004
NKD1,0.54325104
SCIN,0.5432493
VCAN,0.54323626
TMEM176A,0.5430774
THAP1,0.54304
TRPV4,0.5429957
TGFB3,0.54291767
SLC44A3,0.54288775
ZNF830,0.5428847
SFN,0.5428841
SEMA4A,0.54284763
ZNF486,0.5428405
TTC26,0.5427841
PMM1,0.54274946
RENBP,0.54273915
PJA1,0.5427119
NDUFAF4,0.54258096
TBC1D10C,0.54252654
ZNF569,0.54252005
ZNF17,0.5424446
ZNF273,0.54235107
SYF2,0.5423212
STX11,0.5423042
VPS37D,0.5422428
SPATA2L,0.542238
TAF13,0.5422358
USP16,0.54221696
TRIAP1,0.54220015
PDK4,0.5421986
NLRX1,0.54219157
RASSF2,0.54216766
PANX2,0.54215544
RGCC,0.54213715
ZNF354A,0.54213524
ZW10,0.5421164
UCHL3,0.5421088
ZNF557,0.54209906
ZNF615,0.5420987
ZNHIT3,0.542076
NLRP3,0.54203516
NRN1,0.5420266
ZNF141,0.5420098
ZNF671,0.54200673
ZNF485,0.5420066
ZNF585B,0.5420058
SDC3,0.54199857
ZNF468,0.5419948
TSG101,0.5419667
SEMA4F,0.54196495
MAP9,0.5419582
LYZ,0.541943
PCDHB3,0.5419272
SLC7A8,0.5419113
TCEAL1,0.5419071
PPFIA4,0.54185
VAMP2,0.5418399
TM7SF2,0.54182637
SLC4A11,0.54182553
SEMA6C,0.54180247
WTIP,0.54179627
ZNF14,0.5417794
UTP23,0.541772
RILP,0.5417508
ZNF543,0.5417423
UQCR11,0.54173136
ZFP69B,0.5417271
SYDE1,0.541721
ZNF526,0.5417164
YPEL5,0.54171586
ZNF774,0.5417137
USP46,0.54170835
PNPLA4,0.54169357
LAG3,0.5416812
SLC35D1,0.5416795
ZNF768,0.541678
ZNF684,0.54167736
SLC27A2,0.5416617
UBE2F,0.5416566
ZNF69,0.54165345
MARS2,0.5416525
ZNF26,0.541649
STX5,0.5416369
SORBS1,0.54163426
PPP1R3D,0.54162264
IPP,0.54162
ZNF189,0.54161906
SPTBN4,0.54161453
GRAP2,0.5416046
SLC39A4,0.5415954
TGFB1I1,0.5415845
RNF34,0.5415816
ZNF175,0.5415774
VEGFB,0.5415625
TUBGCP5,0.5415522
SLAMF1,0.5415459
ZNF202,0.5415418
ZNF419,0.54153574
ZNF256,0.5415288
SCCPDH,0.5415238
TNIP2,0.54151106
TSEN34,0.54151094
SYTL2,0.54150265
SEZ6L2,0.5414991
TUBB3,0.54149395
ZNF691,0.54148996
MAFF,0.5414883
ZNF549,0.54147977
ZNF687,0.5414731
UBE3B,0.5414712
UBE2J2,0.54146725
ZNF197,0.5414671
YIPF1,0.5414632
RIPK1,0.5414629
ZNF43,0.5414593
ZKSCAN5,0.541453
TAF1A,0.54145205
SPATA2,0.54144776
SERPINF2,0.5414338
ZDHHC21,0.54143167
CD27,0.54143155
TRIB3,0.54142994
TRAPPC11,0.5414284
PNPLA7,0.54142696
ZC3HAV1,0.54142153
TFB2M,0.54141885
PSMA2,0.541415
WBP4,0.5414115
WNT9A,0.5414104
SUPT7L,0.54139864
TM6SF1,0.5413919
ZFP30,0.54138917
UFSP2,0.5413849
UXS1,0.541384
ZFP90,0.5413823
PLEKHG6,0.54137486
ZNF420,0.5413745
SETD6,0.5413682
YEATS4,0.5413637
ZNF19,0.54136294
SLX4,0.5413629
TOLLIP,0.541355
SPRTN,0.54135334
TFAP2C,0.5413469
RAB4B,0.54134667
ZNF607,0.54134184
ZFYVE9,0.5413404
STRIP2,0.5413392
TRADD,0.54133594
TTBK2,0.54133534
SIRT5,0.5413345
UBE2M,0.54132587
SPDL1,0.5413253
ZNF34,0.5413191
ZNF182,0.54131633
TRPC4,0.54131526
ZNF548,0.5413101
VPS37A,0.54130715
THOC6,0.5413066
TRIM41,0.5413066
TBP,0.5412992
TTF1,0.5412988
WDR82,0.54129744
VRK1,0.5412972
RAB24,0.5412936
SPSB3,0.5412933
VPS18,0.5412904
PIGV,0.5412899
UGCG,0.5412774
TRAM1,0.541275
WDR83,0.5412735
ZNF592,0.5412707
ZNF692,0.5412703
PLXNB3,0.54126894
VAPA,0.5412641
TNFSF10,0.5412641
ZNF605,0.5412615
ZNF385A,0.54125637
TRAF6,0.5412506
SURF1,0.5412421
VPS4A,0.5412411
PGAP3,0.54123837
TFIP11,0.54123497
ZNF766,0.5412264
ZNF649,0.5412256
USP11,0.54122305
SLC7A7,0.5412103
TXLNA,0.541203
UTP6,0.54119784
TXNDC12,0.54119676
ZFYVE26,0.5411967
VPS11,0.54119617
RCE1,0.54119337
TIAM2,0.54119205
TYK2,0.5411911
SNRNP35,0.54119
VPS36,0.54119
TRAPPC3,0.54118943
TXNRD3,0.5411892
SSR4,0.541188
SPCS2,0.54118764
LXN,0.54118747
ZBTB33,0.54118264
SELPLG,0.5411821
TBXAS1,0.54117584
HOXA5,0.5411755
SEC22C,0.54117423
ZNF439,0.5411737
TRIM69,0.54117334
ZNF780B,0.54116625
TIMM23,0.5411561
ZNF680,0.54115605
YTHDF2,0.5411542
ZNF347,0.5411533
URB2,0.54115075
UAP1L1,0.5411507
ZNF3,0.5411493
ZNF84,0.54114604
CDC23,0.541146
VPS51,0.54114556
ZNF81,0.5411455
UQCRFS1,0.5411414
NOL12,0.5411397
YIPF4,0.5411346
ZNF622,0.54113334
ZNF304,0.5411301
RPS6KA5,0.54113
ZCCHC4,0.54112816
TXNIP,0.541128
TRO,0.5411273
ZDHHC17,0.5411236
ZNF783,0.5411215
STARD8,0.5411154
TM2D2,0.5411151
NAGLU,0.5411141
SLC35B1,0.5411137
TCEA2,0.5411133
RIC8A,0.5411116
ZP3,0.54110944
ZNF76,0.5411066
ZMPSTE24,0.5411061
HSCB,0.54110456
SQLE,0.54110414
UCP2,0.54110324
TRIM21,0.54110324
ZIK1,0.541102
TRIM68,0.54109937
WWP2,0.5410953
RCAN3,0.54109323
TRAPPC2L,0.5410858
MAP1A,0.54108465
UBE2D1,0.5410821
SPAG5,0.5410819
ZNFX1,0.5410784
ZNF267,0.54107493
MRPL44,0.5410746
TCTN1,0.5410739
VAMP8,0.5410718
ZNF765,0.5410713
PRKAB1,0.5410666
SOX4,0.5410641
PIGA,0.5410637
YIF1A,0.5410616
USP1,0.5410611
SLC26A6,0.5410604
GPX7,0.541059
SPR,0.54105735
SLC25A14,0.54105073
NAGA,0.5410505
WDR91,0.54104775
TST,0.5410459
SORBS3,0.54104567
TXN,0.541044
VPS39,0.54104346
ZNF527,0.5410411
TRIM6,0.54103905
DENND2A,0.5410363
TIMM44,0.54103583
USP39,0.5410347
UPF3B,0.54103273
SHF,0.5410315
TNPO2,0.54103035
ITGA4,0.54103
TAF9B,0.54102814
UHMK1,0.5410277
VPS37C,0.5410273
WSB2,0.5410252
VPS26A,0.54102516
ZNF91,0.5410236
TEFM,0.5410227
UBE2C,0.5410211
SPICE1,0.5410182
TANK,0.54101765
ZNF611,0.5410143
XAB2,0.54101044
TADA1,0.54100835
VPS35,0.5410062
XRCC4,0.54100394
WRAP53,0.54100287
ZKSCAN1,0.5410027
UBE2O,0.54099625
ZFP36,0.5409952
ZNF462,0.5409948
UBE2S,0.54099387
XRCC2,0.54099214
WWP1,0.5409909
UBE2H,0.5409896
YKT6,0.5409879
SMARCAD1,0.5409875
STK35,0.54098654
UTP18,0.54098606
RRP8,0.5409814
USP32,0.5409793
TRUB2,0.54097754
ITGBL1,0.5409757
PSMD7,0.5409698
UTRN,0.5409686
TAF6L,0.54096675
SNTB1,0.54096633
WDR18,0.54096586
STX4,0.5409648
ZKSCAN4,0.5409643
WDR37,0.5409615
TMED9,0.5409587
ZNF846,0.5409575
ZNF558,0.54095596
SUPV3L1,0.5409552
ZNF41,0.5409548
TSC22D3,0.5409503
TNPO3,0.5409497
PHKG1,0.54094714
VLDLR,0.5409467
SPRY2,0.5409463
KTI12,0.54094523
UBE2J1,0.5409452
UBFD1,0.5409402
ZNF550,0.5409392
ZNF45,0.5409362
WDTC1,0.5409335
UGGT1,0.5409325
UBE2L6,0.5409315
TMEM186,0.54093003
TOR1A,0.54092836
THY1,0.5409282
TUBB6,0.540927
SLC44A1,0.5409262
PUS3,0.54092395
UQCRH,0.54092205
RGL1,0.54092103
WSB1,0.5409207
THAP7,0.5409206
ZNF264,0.54091763
SF3B5,0.5409173
RING1,0.5409159
WASL,0.540915
ZNF195,0.54091245
YWHAG,0.5409121
VGLL4,0.54091156
MOB2,0.54091126
ZCCHC7,0.5409112
ZKSCAN3,0.54090995
USP42,0.54090935
ZFR,0.5409081
ZNF711,0.54090667
ZKSCAN8,0.5409065
UBXN2A,0.5409059
ZNF207,0.5409037
POLR3GL,0.5409034
VPS8,0.540901
SNRNP27,0.5409002
STIM2,0.5409002
SYVN1,0.54089963
USP28,0.54089886
UQCRB,0.54089713
ZWINT,0.5408964
ZNF445,0.5408955
ZNF131,0.54089504
WDR11,0.54089487
RAB8B,0.540893
NLRC4,0.5408926
SLU7,0.5408921
GPATCH1,0.54088587
ZNF423,0.5408843
SSH1,0.54088414
TPRKB,0.54088336
ZNF135,0.54088205
SRSF7,0.5408813
SH2B2,0.5408792
ZNF320,0.5408783
SYNJ1,0.54087794
TINF2,0.54087716
SNAPC5,0.5408762
VPS4B,0.54087615
TRAPPC8,0.54087466
UBXN7,0.5408737
ZFC3H1,0.5408734
TRIM22,0.5408676
TXLNG,0.5408654
TARBP2,0.54086506
C3orf38,0.54086
ZNF772,0.5408594
VAPB,0.54085857
SUOX,0.5408544
ZNHIT6,0.5408528
TRAF5,0.54085237
ZER1,0.5408493
NFKBIZ,0.5408469
ZNF480,0.54084677
WDR26,0.5408467
ZNF552,0.54084647
SYT7,0.540844
WDR5,0.54084
RBBP7,0.5408391
ZNF219,0.54083854
SUPT20H,0.54083824
SKA3,0.54083747
RTKN,0.540837
SETD1A,0.5408359
SMPDL3A,0.5408359
WBP2,0.5408333
SPPL3,0.5408312
ZNF282,0.540831
URM1,0.54082936
SIAH1,0.5408283
ZNF517,0.5408278
STRADA,0.5408251
TUBA1C,0.54082376
TNFRSF1A,0.54082376
UNG,0.54082334
ZNF678,0.540823
UNC93B1,0.5408186
TMEM147,0.54081553
RAB34,0.5408136
TACO1,0.54081345
USP20,0.5408132
ZNF100,0.54081273
RAB18,0.54081225
SNX3,0.5408112
UBOX5,0.5408083
THAP4,0.5408077
ZNF326,0.5408074
SNF8,0.5408064
TUBA8,0.540806
TBC1D13,0.54080534
ZNF544,0.54080474
SEC61B,0.54080456
SSBP4,0.5408039
SIKE1,0.54080176
ULK1,0.5408003
PARVG,0.54079735
TRIM32,0.5407968
UVSSA,0.5407956
TSPAN12,0.5407952
SRD5A3,0.5407952
TOB2,0.540795
RPP25L,0.54079354
VPS26B,0.54079145
USP25,0.54079044
SAT2,0.54079014
TMED2,0.5407882
UBE3D,0.54078674
STRADB,0.54078615
TIMP2,0.5407856
TPCN1,0.5407851
TRAPPC6A,0.54078263
XBP1,0.540781
XYLT2,0.5407794
UTP3,0.54077905
TOP3B,0.5407783
TBC1D20,0.54077816
TADA2B,0.54077685
PTPN21,0.54077536
TOM1,0.540775
SRF,0.5407724
TUBG1,0.5407711
F12,0.5407694
TRMT10C,0.54076874
UQCRC1,0.54076844
PSMC2,0.54076606
SEMA4B,0.5407646
ZFYVE27,0.5407644
YWHAZ,0.5407641
TPM1,0.54076385
USP10,0.5407638
TEAD3,0.54076284
SPAST,0.54076254
SPSB2,0.54076135
TP53BP2,0.5407607
UBAP2L,0.54075867
ZNF700,0.5407575
UBXN1,0.54075545
PRKAR1B,0.5407551
POLR1E,0.54075503
USP33,0.54075384
ZNF250,0.54075104
UBIAD1,0.54074943
RRP9,0.5407488
PSENEN,0.5407479
WDR3,0.5407466
MRPL53,0.5407441
SSX2IP,0.54074407
TSPAN33,0.5407435
SNX13,0.5407434
TROAP,0.5407412
VASP,0.5407396
FGF11,0.5407394
TXN2,0.5407389
UBLCP1,0.54073554
TRAFD1,0.54073226
YWHAB,0.54072845
TAF6,0.54072773
TBC1D16,0.5407208
NFATC1,0.54072064
SSB,0.5407204
UHRF2,0.54071903
YBX3,0.5407185
SUPT5H,0.5407165
ZNF808,0.5407163
TFAP2E,0.54071605
WASF1,0.5407154
SNRPC,0.5407142
TRAF2,0.5407141
PEX12,0.54071283
TPD52,0.5407128
ZNF83,0.5407122
SYNE2,0.54071206
ZNF791,0.54071176
HIGD1A,0.54071176
ZMAT3,0.54071087
WASF3,0.5407108
SMAP1,0.54070926
MRPS26,0.5407091
TTC21B,0.54070824
POFUT2,0.5407082
YY1,0.54070765
TXNDC16,0.5407076
SERPINH1,0.54070735
RNF14,0.54070723
SPHK2,0.540707
PRKX,0.540706
ZNRF2,0.54070514
TMED4,0.5407033
ZSWIM7,0.54070306
TTI1,0.5407004
SRA1,0.5406982
PAFAH2,0.54069775
UTP20,0.5406975
ZYX,0.5406974
TBL1X,0.54069465
PIK3R3,0.54069453
TOB1,0.5406945
RBM45,0.54069406
MGST3,0.54069185
SGCB,0.54069155
ZNF813,0.5406909
TRIM28,0.54069024
RRS1,0.5406896
UBE2G1,0.54068935
SLC5A6,0.54068744
SOD1,0.5406868
ZNF92,0.54068595
ZNF620,0.540684
UBL4A,0.54068375
SEMA3F,0.5406832
TMC8,0.54068315
SNRPE,0.5406815
SOCS6,0.5406809
ZFP36L1,0.5406797
TDG,0.54067916
UROD,0.54067785
RABIF,0.5406778
TGOLN2,0.5406767
TRIM38,0.54067
TNPO1,0.5406697
PAG1,0.5406693
NDUFA3,0.5406681
PRPF18,0.5406638
ZWILCH,0.54066116
TXNL1,0.5406603
ZNF12,0.5406596
WIPF2,0.5406593
SORT1,0.54065603
UBE3A,0.540655
TAF12,0.5406546
RAD51AP1,0.5406533
SDC1,0.5406502
TBCC,0.54065007
TEX10,0.5406479
ZNF586,0.54064447
TOMM20,0.5406437
TTC27,0.54064363
TNFRSF1B,0.5406413
SLC1A3,0.5406405
MRPL54,0.54064035
ZNF440,0.54064035
USP15,0.5406379
ZNF133,0.54063785
SGSM3,0.54063624
RAB11FIP5,0.54063576
TES,0.5406335
PRMT6,0.54063296
TMOD2,0.5406322
ZBTB8OS,0.5406314
TNFRSF10B,0.54062974
SOCS7,0.54062855
ZKSCAN7,0.5406278
TUBA4A,0.5406256
ZNF430,0.5406249
ZNF708,0.54062426
RRM1,0.54062366
ZNF254,0.5406234
ZFP14,0.54062325
TRMT61B,0.54062027
SMARCA5,0.540616
YAF2,0.54061544
WDHD1,0.5406142
TNFRSF11B,0.540614
NUP37,0.540614
UPF1,0.5406131
ZNF33B,0.5406129
PEX2,0.5406127
SMG5,0.5406125
STC2,0.5406107
TSPAN5,0.5406102
PRICKLE1,0.5406079
TIA1,0.54060733
XPO6,0.5406058
VAC14,0.5406054
UBE4B,0.54060525
SHMT1,0.54060435
TAMM41,0.5406043
USP49,0.5406024
USP4,0.5406004
NAIF1,0.5406
WDR36,0.54059523
SARNP,0.54059386
OXSM,0.5405926
TTL,0.54059255
SUPT3H,0.5405921
TIMM17A,0.54059184
TUBA1A,0.54058903
UQCRC2,0.5405883
ZNF770,0.5405883
TRIM37,0.5405878
WDR55,0.54058695
SYNCRIP,0.5405839
WDR70,0.54058295
PLP2,0.54058194
USP12,0.54058117
RNF135,0.54058105
UBQLN4,0.54058
STAP2,0.5405795
ZRANB3,0.5405794
TRIP12,0.5405753
TOMM40L,0.5405752
UBE2Z,0.54057413
SPCS3,0.5405736
STX6,0.5405728
UNK,0.54057276
SERPINB6,0.54057276
UNC13B,0.54057103
WRNIP1,0.5405708
YY1AP1,0.5405698
UCHL5,0.54056865
UBE2Q1,0.5405682
NR2C2AP,0.5405673
SLC12A2,0.5405662
VDAC2,0.540566
WDR75,0.5405658
TBC1D7,0.5405655
UCHL1,0.5405654
SEL1L,0.5405653
VCP,0.5405649
YIPF2,0.5405641
UBA2,0.5405639
RPUSD4,0.54056025
ZFAND6,0.5405591
ZNF222,0.5405584
TWF2,0.54055744
UBE2I,0.54055715
YEATS2,0.540557
TBC1D10A,0.54055655
TGFBRAP1,0.540556
TTLL12,0.5405553
STX10,0.5405551
ZNF587,0.54055464
ST8SIA4,0.5405539
USP34,0.54055387
TYRO3,0.54055375
TYW3,0.5405534
TP53INP1,0.5405523
TMEM70,0.54055214
ZNF585A,0.54055107
SEMA5B,0.540551
TCIRG1,0.5405508
SYTL1,0.54055053
XPOT,0.5405503
THOC1,0.54054904
SWAP70,0.54054755
STK39,0.5405467
ZNF107,0.54054606
SVIP,0.5405454
UBR1,0.54054475
WDFY3,0.5405446
TMED3,0.54054356
MLYCD,0.54054344
UBXN6,0.5405395
NTPCR,0.5405388
PYGO1,0.5405382
UBE2E1,0.54053426
TRIM56,0.5405328
VMP1,0.5405325
WDR6,0.54053205
ZNF71,0.54052967
SF3A1,0.540529
TOR1B,0.54052603
TTF2,0.54052585
PSMD8,0.54052585
PIGT,0.5405252
RRAGB,0.5405235
SEC23IP,0.5405194
ZNF593,0.540519
ZNF562,0.5405174
UBE2R2,0.5405171
TCF7,0.5405166
SLC35A1,0.5405163
TRIM26,0.5405161
ZNF677,0.5405143
WAC,0.54051405
SLC25A26,0.5405131
VDAC1,0.5405127
SRPRB,0.5405111
SNX17,0.54050964
TMEM107,0.54050916
TRPM7,0.54050887
YWHAH,0.5405079
UNC5C,0.5405075
ZNF674,0.54050744
TLR6,0.54050714
TET2,0.5405062
VPS37B,0.54050577
UQCR10,0.5405054
RAB6B,0.5405053
POLR2H,0.54050213
KDELR3,0.54050094
TTC5,0.54050064
RIOK2,0.540498
UNC119,0.54049796
UBR4,0.54049754
UGDH,0.5404973
SEC24C,0.540497
ZNF266,0.54049486
PRMT7,0.5404946
TSEN2,0.54049444
TJP2,0.54049426
UNC13D,0.5404941
UBE2B,0.5404938
TBC1D17,0.5404937
SPTLC1,0.54049313
ZNF398,0.540493
KATNA1,0.5404906
TMEM67,0.54048926
SPSB1,0.54048866
TNFAIP8,0.5404874
UBE2D3,0.540487
YES1,0.5404862
SERGEF,0.54048485
RALBP1,0.5404831
TRMT5,0.5404822
UBQLN2,0.540482
UNC119B,0.54047996
PHKG2,0.54047763
NKIRAS2,0.5404775
SHQ1,0.54047745
SDHAF1,0.54047686
RPE,0.5404765
RNF5,0.5404765
UNC45A,0.5404762
TRIM2,0.540476
TBCD,0.5404758
PDK2,0.5404753
XRCC5,0.540473
TARDBP,0.5404725
KCNIP4,0.5404724
VCPIP1,0.5404719
SARS2,0.5404715
TRIM13,0.5404695
MLPH,0.540469
RTCB,0.54046786
TRIP6,0.54046726
RAB30,0.54046714
ZMAT2,0.5404649
SH3BP2,0.54046273
UTP14A,0.5404626
ZNF623,0.5404621
PEX10,0.5404621
TP53I3,0.54046184
XPR1,0.54046106
SLC2A3,0.5404588
SQSTM1,0.5404581
STARD3NL,0.5404571
PGM3,0.54045665
TUFM,0.5404564
TWF1,0.5404538
USP48,0.54045147
UBE2W,0.5404511
SOS1,0.54044944
TIMM13,0.540448
SLC2A8,0.5404471
ZNF337,0.5404457
TTC7B,0.5404415
UVRAG,0.5404399
NIPA2,0.54043823
ZNF32,0.54043806
RPL26L1,0.5404379
TSPAN14,0.5404373
SPAG16,0.5404372
ZNF714,0.5404369
RASSF1,0.5404359
TARS2,0.5404357
OASL,0.5404347
TRAF3IP1,0.5404342
SV2A,0.5404329
UBE2E3,0.54043233
ZNF701,0.54043067
MAGED2,0.5404283
TRA2A,0.5404281
TSPYL2,0.5404276
TBCB,0.5404274
SPOP,0.5404269
ZNF510,0.54042685
RRAGA,0.5404268
ZNF710,0.5404264
PANX1,0.5404224
TCF7L1,0.54042226
TATDN2,0.5404221
WNT5B,0.54042155
SH3KBP1,0.5404214
YWHAQ,0.5404206
RAD54L,0.540419
ZNF433,0.540416
SLC9A1,0.5404158
TERF1,0.54041487
WBP11,0.54041487
PDXP,0.5404136
TBPL1,0.54041314
ZBTB7B,0.54041255
WASF2,0.5404119
VIM,0.54041183
XPO7,0.5404109
SAP18,0.5404103
ZNF841,0.54040945
SWI5,0.5404091
ZNF160,0.5404078
STX17,0.54040736
STX2,0.54040724
UBE2A,0.54040706
WARS2,0.54040587
ZNF473,0.5404034
USP22,0.5404028
SRP19,0.54040277
ZMYND11,0.5404017
ZNF335,0.54040074
ZNF418,0.5403993
SUGT1,0.5403973
PCDHB10,0.540396
MATK,0.5403956
SLAMF7,0.5403952
MOCOS,0.54039514
SLC25A22,0.54039407
SLC25A17,0.54039407
XPO5,0.540393
NAGPA,0.5403923
VTA1,0.54039216
SORL1,0.54038745
ZNF561,0.5403871
TERF2,0.54038703
SNW1,0.5403869
STOML2,0.5403864
MRPS12,0.54038596
SRRT,0.540385
WBP1,0.5403842
SCO1,0.5403838
RMDN2,0.54038346
ZNF451,0.5403834
STRAP,0.5403828
PPP2R3A,0.54038185
STX7,0.5403804
SNRPB2,0.5403797
ZNF318,0.54037917
WDR46,0.5403784
VAMP1,0.5403783
ZDHHC7,0.54037815
TRIM44,0.5403775
WDR1,0.54037696
TRAK1,0.54037577
TTYH3,0.5403756
SEMA6B,0.5403744
ZC3H15,0.54037416
RPP21,0.5403741
SCNM1,0.5403732
NUBP1,0.54037213
TUBGCP3,0.54036945
UBE3C,0.5403674
UBA1,0.540366
SNAPC4,0.54036474
TRIM62,0.54036367
ZNF426,0.5403618
UBE2K,0.5403602
SRSF6,0.5403599
TTC37,0.54035884
TOMM7,0.5403585
SYMPK,0.5403583
SPNS1,0.5403577
WLS,0.5403568
TNIK,0.5403558
ZNF300,0.5403541
UBE2V2,0.5403531
ZNF664,0.5403521
USP47,0.5403509
FBXL7,0.5403505
TOMM34,0.54035026
TECPR1,0.54034996
STX18,0.54034925
ZNF519,0.5403488
VAV3,0.5403483
SDCBP,0.54034716
ZNF467,0.54034674
ZNF496,0.5403467
TIFA,0.54034656
SLC35B2,0.5403458
UST,0.5403455
TMEM258,0.540345
TRAPPC6B,0.5403447
KRT5,0.5403435
TIMM21,0.5403429
ZC3HC1,0.5403421
STK24,0.54034203
SOAT1,0.5403414
TICAM1,0.5403392
USP9X,0.5403391
SCP2,0.54033905
SESN1,0.54033905
TRPS1,0.540339
WEE1,0.54033846
ZFPM2,0.5403383
PLK3,0.54033816
TRAIP,0.54033786
RNF41,0.5403358
SNRPD3,0.5403356
SLC4A2,0.5403323
TNFSF13B,0.54033184
TAGLN,0.5403318
STK25,0.54033107
ZMYND8,0.5403292
PEX6,0.54032916
UBQLN1,0.5403284
ZMIZ2,0.54032797
SLK,0.54032755
UMPS,0.54032665
ZNF212,0.54032403
SETX,0.5403237
ZNF394,0.5403228
SPPL2A,0.5403223
TP53RK,0.54032224
TAF9,0.5403215
TPCN2,0.5403212
ZNF460,0.54031974
TRIM35,0.54031926
RHOBTB2,0.5403192
RRM2B,0.5403171
ZNF721,0.54031515
FABP5,0.5403149
RPL36A,0.5403141
TFDP1,0.5403125
RUVBL2,0.54031146
SNX4,0.5403114
RUVBL1,0.5403099
PWP1,0.5403091
TSNARE1,0.540308
WDR35,0.5403071
SNRPD1,0.5403064
ZNF132,0.5403052
ORAI2,0.54030466
TRAPPC12,0.5403046
MXD1,0.54030424
ST3GAL2,0.5403041
WNT5A,0.54030246
ZNF124,0.54030234
PSMG3,0.5403017
EGR2,0.5403017
TPMT,0.54029936
UBA3,0.5402992
SLMAP,0.540296
MPP1,0.5402959
USF2,0.540294
MYO15A,0.54029316
THAP11,0.5402919
HAAO,0.54029155
TAF5L,0.5402906
U2AF2,0.54028904
SYNGR2,0.5402884
RASSF8,0.54028755
ZNF227,0.54028684
UCKL1,0.54028636
BCAS2,0.5402857
TRIM46,0.5402825
UCK2,0.5402819
RPS7,0.5402814
OPTN,0.5402801
SRR,0.540278
TDP1,0.54027754
STRN4,0.5402775
VRK3,0.54027736
ZBTB17,0.5402772
SRM,0.5402765
TMEM30A,0.5402764
SEC23B,0.54027635
SLC25A5,0.54027617
SNX8,0.54027545
TRAP1,0.5402753
YRDC,0.5402751
WDR33,0.5402735
IBA57,0.5402715
UQCRQ,0.54027146
TRIP4,0.54026735
SERINC3,0.5402672
TPGS2,0.5402669
TPX2,0.5402659
RBM4,0.54026574
TRPM2,0.5402647
RNF7,0.54026455
TRIM36,0.5402644
TPK1,0.5402641
SYNRG,0.54026264
QRSL1,0.54026246
SMC6,0.5402623
ZNF324B,0.54026204
TERF2IP,0.54026186
RPIA,0.5402615
PSMA1,0.5402591
SRSF4,0.5402581
UBAC2,0.54025805
PCSK5,0.5402578
SPTBN2,0.5402558
SUMF2,0.5402557
TMBIM6,0.5402539
VTI1B,0.54025304
ZNF18,0.5402518
KCND1,0.5402516
SAMM50,0.54025126
UBE2G2,0.5402505
SUPT4H1,0.5402498
RUFY1,0.5402498
USP3,0.5402496
TAB1,0.54024947
SKAP1,0.5402483
SNAPC3,0.54024804
SNRPD2,0.5402473
USP14,0.5402472
YTHDF1,0.540247
TBC1D4,0.54024637
PRX,0.54024607
UBA7,0.54024494
ZMIZ1,0.54024464
TXNL4B,0.54024327
VPS41,0.5402419
ZNF566,0.5402414
WWC1,0.5402414
STRIP1,0.540241
RBPMS2,0.5402402
SF1,0.5402389
ZNF112,0.540237
TNRC6A,0.5402358
RPS21,0.54023576
NDRG2,0.5402348
VCPKMT,0.5402337
SMC2,0.5402335
U2AF1L4,0.5402334
TPST1,0.54023296
SMCHD1,0.5402325
SEC16A,0.54023117
SACM1L,0.540229
XPO4,0.5402286
SUPT6H,0.5402276
NCF2,0.5402257
VPS25,0.5402253
VPS52,0.5402253
ZNF564,0.54022515
YOD1,0.5402247
USP5,0.5402236
PKP2,0.5402216
RNF8,0.5402194
TYW1,0.540219
TAF5,0.54021853
NDUFAF7,0.54021835
UBTF,0.54021794
SNRPA1,0.5402174
ZNF33A,0.54021573
SLC25A25,0.54021496
UPF3A,0.54021496
TK1,0.5402148
TMED7,0.54021454
TMOD1,0.5402142
THOC2,0.54021156
RNMT,0.5402104
RPL22L1,0.5402097
TOR4A,0.5402095
ZNHIT1,0.5402072
TRA2B,0.54020715
USP37,0.5402068
SLC3A2,0.5402063
POLR2L,0.54020524
TMEM50A,0.54020447
POLE3,0.54020274
ZNF589,0.5402017
SPAG4,0.5402015
VAT1,0.5402012
MANF,0.5402011
SPTLC3,0.5401996
SUMO1,0.54019904
ZNF638,0.5401988
WDR61,0.5401985
WIPI2,0.5401984
ZNF431,0.54019684
TOR1AIP2,0.5401968
SRP14,0.5401962
SMPD1,0.5401955
WNK1,0.5401954
STX16,0.54019344
TRIM14,0.5401933
VANGL2,0.5401928
SESN3,0.5401922
USP24,0.54019207
TRIM25,0.54019153
TAX1BP1,0.54019153
SASS6,0.54019016
SMARCA1,0.54018974
OSMR,0.5401897
TIPIN,0.5401886
PPFIBP2,0.5401878
YBX1,0.54018676
WDFY2,0.54018664
RHOBTB1,0.5401862
SKP1,0.5401853
MED22,0.54018426
MTMR6,0.5401838
STON2,0.5401836
PRPSAP2,0.5401821
TBC1D14,0.5401812
IFI35,0.5401803
MAPK11,0.5401785
YME1L1,0.54017806
PDCD5,0.5401778
WDR77,0.54017717
PDZD11,0.5401771
SRSF1,0.540177
TGFBI,0.5401763
SGMS2,0.54017586
MFSD10,0.54017407
TAOK2,0.5401738
SH3D19,0.5401731
KIT,0.5401709
OMA1,0.5401687
RBM8A,0.5401685
SNAP47,0.5401684
SMC3,0.540168
TRAF3,0.5401678
UGP2,0.54016757
TAOK1,0.54016745
SERPINB9,0.54016685
RPS13,0.54016596
RNF114,0.54016536
PAK6,0.54016495
THADA,0.54016286
PLK4,0.54016167
SNX18,0.54015917
STXBP3,0.54015803
POLD3,0.5401575
SNRPA,0.54015654
ITGA2B,0.54015625
SPIDR,0.54015476
SRP68,0.54015267
SPTLC2,0.54015136
RBP1,0.54014647
UFM1,0.54014474
TBC1D1,0.5401438
PARP12,0.54014295
TMEM187,0.54014283
SIK2,0.5401423
TCTN3,0.5401423
SENP6,0.5401406
ZNF670,0.5401398
HRH1,0.5401397
U2SURP,0.5401373
TIAL1,0.5401372
ZNF90,0.5401353
SZT2,0.54013497
ZC3H13,0.54013413
ST3GAL1,0.5401327
TFB1M,0.5401323
ZNF443,0.54013205
TGFBR1,0.54013115
PARP9,0.54012954
SSU72,0.5401287
ST13,0.54012793
PHLDA1,0.5401277
ERCC8,0.5401276
PARP3,0.5401275
STAT2,0.5401272
RNF185,0.5401266
PLRG1,0.54012644
TRAF4,0.54012626
RFX2,0.54012626
WDR59,0.5401257
IL17RD,0.54012436
RBM5,0.54012334
TJP1,0.5401232
TECR,0.5401212
RXRB,0.5401203
TLN1,0.54011923
STARD10,0.54011923
ZDHHC8,0.54011744
UBE2E2,0.54011697
TACC3,0.5401164
SUPT16H,0.540116
TAF1C,0.5401158
MIB2,0.5401145
RAPGEF6,0.54011345
STAU1,0.5401125
RFC3,0.5401123
PSAT1,0.54011214
SEC11A,0.540112
SGPP1,0.5401101
ZNF136,0.54010993
TBK1,0.54010975
SART1,0.54010934
SCLY,0.54010814
TMEM179B,0.54010797
ZNF74,0.5401076
TAF1B,0.5401075
TEAD4,0.54010624
PHKA1,0.5401055
TDRD7,0.5401052
TLN2,0.5401047
SLC1A5,0.5401044
TYSND1,0.5401043
VAMP3,0.54010284
RBBP8,0.5401027
PRDX4,0.54010046
PTCD3,0.54009986
TCP1,0.5400981
TAPBP,0.54009616
SMAD9,0.54009616
SRPK1,0.54009587
SRPK2,0.5400955
TRIOBP,0.5400953
TCEA3,0.540095
TRIP13,0.5400949
TLE4,0.5400945
TAF3,0.5400944
S100PBP,0.5400931
STAT5A,0.5400928
ZNF248,0.5400922
SMU1,0.5400919
SETMAR,0.5400918
XYLB,0.54009104
SSBP1,0.5400897
NUS1,0.5400895
TRAPPC10,0.54008627
SLC25A3,0.5400854
RPN2,0.540085
TANC1,0.5400847
YAP1,0.54008454
SPIRE1,0.540084
SLC12A9,0.5400824
PHAX,0.5400823
YIPF6,0.54008216
WDR43,0.54008114
UIMC1,0.5400795
SOS2,0.5400784
PTS,0.5400772
SF3A3,0.5400756
UBN1,0.54007494
ZFYVE16,0.5400747
TP53BP1,0.54007447
USP21,0.5400742
RAP2C,0.5400742
UBE2D4,0.5400731
SPAG7,0.54007286
TAF4B,0.5400724
TLR7,0.5400718
PFAS,0.54007137
NDST2,0.54007137
UBA52,0.5400713
PTGES2,0.54007095
ZNF776,0.54006976
S100A6,0.54006827
UQCC2,0.5400671
VKORC1L1,0.5400631
TNS3,0.54006284
RCAN2,0.5400625
PPM1D,0.54006225
ZNF251,0.54006195
TAOK3,0.5400619
RAB3GAP1,0.5400616
PLS1,0.54005927
YTHDC1,0.5400589
PTPN2,0.5400581
SH3BP4,0.54005724
USP7,0.5400572
RARS2,0.54005635
ZNF7,0.5400562
ZFP1,0.54005617
LRPAP1,0.5400544
TUBB4B,0.54005384
SYDE2,0.5400538
TALDO1,0.54005194
UBAP1,0.5400504
GSDMD,0.5400501
RRN3,0.54004884
ZNF217,0.5400485
PQBP1,0.5400485
SNTB2,0.5400468
SKIL,0.540044
ZNF555,0.5400425
PLCL1,0.54004246
PHLPP1,0.5400417
SPARC,0.5400415
SHPRH,0.54004097
TRIP11,0.5400401
STK38,0.5400399
TAF11,0.54003954
PLOD2,0.5400387
TNFRSF21,0.54003835
STK11IP,0.5400383
UBE4A,0.54003626
SMUG1,0.54003537
WDR45,0.5400351
SRGN,0.5400343
MRPS28,0.5400342
TPRN,0.540033
OTUB1,0.54003286
TAF1D,0.5400326
PYGL,0.5400325
PMVK,0.5400298
SENP5,0.5400296
RGS10,0.54002845
TRMT6,0.5400275
PLXNB1,0.54002684
TRRAP,0.54002607
GANC,0.54002494
TSR1,0.5400247
STAG3,0.540024
FEM1B,0.540023
TRAF3IP2,0.5400219
TOP2A,0.54002094
SPN,0.5400187
SDCCAG8,0.5400176
RCOR2,0.5400171
VAV2,0.54001683
SAR1B,0.54001665
PMF1,0.5400159
UBXN4,0.5400155
SNX2,0.54001504
WHAMM,0.5400142
PNPLA2,0.540013
TRERF1,0.5400122
TBC1D10B,0.5400121
HELB,0.5400111
SPOPL,0.5400106
PFDN6,0.5400104
RRP36,0.54000986
RSL24D1,0.5400093
UQCC1,0.54000604
RPAP3,0.54000485
RHOQ,0.54000413
RAB11FIP4,0.540004
NPRL2,0.5400029
THOP1,0.5400024
SCAF1,0.54000074
SLC44A2,0.5400007
PICK1,0.54000044
WDR41,0.5399997
TPD52L1,0.53999853
SUGP1,0.5399967
SRGAP1,0.53999364
TMPO,0.5399935
TSNAX,0.53999335
PRR5,0.5399929
RUFY3,0.53999156
SH3PXD2A,0.53999114
STIP1,0.539991
UAP1,0.53999037
TRIP10,0.5399895
NSMCE4A,0.5399895
USHBP1,0.53998864
RALGAPA2,0.5399884
TIMP3,0.5399867
MTMR9,0.53998595
UCK1,0.5399847
ZNF738,0.5399845
UBA6,0.53998387
TBKBP1,0.53998387
PAXIP1,0.53998363
SCAMP2,0.5399835
PRPF40B,0.5399818
ZNF140,0.53998166
TEAD1,0.5399812
GNG11,0.5399803
ZNF350,0.5399795
TMEM11,0.5399776
MDC1,0.539977
TNFRSF12A,0.5399753
XRN2,0.5399752
TMED1,0.5399746
SNRPG,0.53997445
HEBP1,0.5399737
SLC15A4,0.53997344
NDUFA6,0.53997326
DBP,0.5399723
UFC1,0.5399696
RAB2B,0.5399675
ZNF44,0.5399674
TULP4,0.5399667
TRMU,0.53996617
SSR1,0.5399647
SPG11,0.53996456
SEPHS2,0.5399637
SEC14L1,0.5399621
ZNF286A,0.5399616
SRI,0.53996134
ITGA6,0.53996116
SMARCC1,0.53996
SRD5A1,0.53995985
SERINC5,0.5399596
ST6GAL1,0.5399595
STRN3,0.5399576
QSOX1,0.53995615
RGS14,0.5399559
RFXAP,0.53995425
SLC39A1,0.5399534
WDR19,0.5399532
RBMX,0.539953
PRPF38A,0.5399525
SEC23A,0.5399519
TGIF1,0.53995174
SLC2A1,0.53995174
SPTSSA,0.5399511
VASN,0.53995055
POGZ,0.5399503
RNGTT,0.5399488
IGBP1,0.5399486
USP6NL,0.53994834
TRPV2,0.53994775
SMG8,0.5399476
POLR2D,0.53994423
PTPN9,0.5399442
VCL,0.5399437
SLC25A20,0.53994185
SETDB1,0.53994125
ZNF221,0.53994095
PDCL,0.5399404
STAT1,0.53994036
TRMT11,0.53994006
RNF168,0.53993785
TUBB2A,0.53993744
SBF1,0.53993744
NOTCH3,0.53993726
SURF6,0.5399368
MIS18A,0.5399362
SEH1L,0.539936
TAF4,0.53993547
TMED10,0.53993505
SIN3A,0.5399331
MRPS36,0.53993046
PTPN23,0.53992885
RFX7,0.53992754
SFI1,0.5399263
WDR4,0.5399258
ZNF79,0.53992474
RAP1B,0.53992414
RAB33B,0.5399241
REXO1,0.539923
SPTBN1,0.53992176
SIRT2,0.53992057
TOPORS,0.5399197
TUBD1,0.5399195
SRSF10,0.5399193
ZRANB1,0.5399192
NOP2,0.53991896
SKA1,0.53991807
TKT,0.5399165
RNF169,0.5399165
TBCEL,0.5399165
SRSF11,0.5399163
SMG7,0.53991604
ZNF283,0.53991485
UBC,0.53991467
SRSF5,0.5399128
PNP,0.539912
SRP72,0.53991115
RAB27A,0.5399111
HERC3,0.53991026
TNFRSF10A,0.53990823
TUBGCP4,0.53990805
PURB,0.5399063
QDPR,0.53990537
PER2,0.5399052
RPRD1A,0.5399048
SSBP3,0.539904
POMGNT2,0.5399025
GPX8,0.5399024
SH3PXD2B,0.5399023
RHOJ,0.53990227
SLC25A38,0.53990114
TRIO,0.5398994
SEC24A,0.53989893
SMARCA2,0.53989786
SFSWAP,0.5398973
RNF11,0.53989375
SAE1,0.53989315
ORMDL1,0.53989285
IFNLR1,0.5398923
RCOR1,0.5398916
SLC7A11,0.53989124
ROR1,0.5398907
POLR2K,0.53989065
TAF7,0.5398902
STAT4,0.53988975
PCDH7,0.53988844
PHF5A,0.5398881
SMURF1,0.53988796
RNF130,0.53988683
SERPINE2,0.53988665
ZDHHC2,0.53988606
REXO4,0.5398857
VPS33A,0.53988534
OSBPL1A,0.5398822
RALGAPB,0.5398822
SIK3,0.53988194
RORA,0.5398795
SMOX,0.5398787
SPRED2,0.5398774
RNF216,0.53987557
EMC2,0.5398751
TRIT1,0.53987485
TTC12,0.5398745
NIT2,0.5398728
PIPOX,0.5398728
TLE3,0.53987217
POLR1A,0.5398703
SF3B4,0.5398696
TSN,0.5398694
NELFCD,0.53986853
PLEKHG5,0.5398681
PRC1,0.5398676
TMEM132A,0.53986734
SNRPB,0.53986645
PGAP2,0.53986615
SMARCAL1,0.5398616
TMOD3,0.53986
ZNF506,0.53985894
PSMB8,0.5398571
RNF113A,0.53985596
NXT2,0.53985536
SCMH1,0.53985465
TGS1,0.53985375
STX8,0.5398529
SEC13,0.5398526
MRPS16,0.53985184
SP1,0.5398515
UNC5B,0.5398514
NELFA,0.53985083
TACC1,0.5398495
NABP1,0.5398489
MAP2K3,0.5398486
OCRL,0.53984815
PBLD,0.53984576
PIH1D1,0.539845
PI4K2B,0.5398447
EDEM3,0.5398438
THUMPD1,0.5398425
RCOR3,0.5398421
GALM,0.5398417
NOP10,0.5398403
TEX264,0.5398402
PSMB6,0.5398395
STK3,0.5398372
ZNF490,0.53983694
PEX1,0.53983676
SDC2,0.5398365
PLCG2,0.5398358
MED19,0.539834
PLD1,0.5398334
PDPK1,0.5398334
RPS15A,0.53983146
ZNF302,0.5398283
NPR1,0.53982824
ZSCAN32,0.53982776
RNF217,0.53982776
SHC1,0.53982705
VPS54,0.5398261
TMEM214,0.5398254
SNAP23,0.53982437
RPS6KB1,0.539824
SLC9A3R2,0.539823
SRRM2,0.5398229
TADA2A,0.5398229
RCSD1,0.5398222
PLEKHM2,0.53982216
ZNF317,0.53981954
TLE1,0.539817
PSMB4,0.53981656
S100A11,0.53981584
PTRH2,0.5398157
TAP1,0.5398154
STXBP4,0.5398153
SNCA,0.5398148
RNASEH2B,0.5398146
SEC61A1,0.53981304
REC8,0.5398128
RAD18,0.53981274
RPS26,0.53981185
PRKCH,0.5398112
ST3GAL6,0.5398102
SKA2,0.53980976
STK36,0.5398068
SEC22A,0.53980654
TFCP2,0.53980625
SSH3,0.53980523
FUZ,0.53980446
RPL38,0.5398037
NTAN1,0.5398031
ZNF470,0.5398029
STEAP3,0.53980273
SAFB,0.5398025
RFC2,0.5398018
SDF2,0.5398017
TOX4,0.53980094
STT3A,0.53979933
SEC31A,0.53979903
RNF123,0.53979874
PACS2,0.5397975
RMND5A,0.53979695
ZDHHC9,0.5397967
POMK,0.53979385
RAB5A,0.5397936
TMSB4X,0.53979343
SSH2,0.5397933
STIM1,0.539793
TREX1,0.5397924
WDR62,0.5397917
RUSC1,0.5397914
TMC6,0.53979003
SLC25A13,0.5397899
VPS53,0.5397886
PFKFB4,0.539786
RAB11FIP3,0.53978336
SUMO3,0.53978306
SCNN1A,0.53978115
PANK3,0.53977895
PBDC1,0.53977805
PTDSS1,0.53977627
SEMA3C,0.53977525
SLBP,0.53977525
SLC1A1,0.53977466
IFT20,0.5397737
RAD23B,0.5397731
TNK2,0.5397723
NDUFA9,0.5397711
PPP4R1,0.5397706
PHKA2,0.53977036
SMC4,0.53976995
PPIP5K2,0.5397698
STUB1,0.5397695
RPL36AL,0.5397695
SLC30A4,0.53976935
RPS3A,0.5397691
RAB5B,0.5397671
SERPING1,0.53976685
RLIM,0.53976643
RGS5,0.539766
MFAP1,0.539766
SPATA5,0.53976583
TRPC4AP,0.53976375
UBE2Q2,0.5397637
SNRNP48,0.53976357
KLC4,0.5397635
SPRED1,0.53976274
SRSF9,0.53976125
SIPA1,0.53976077
RPRD2,0.5397606
LCMT2,0.5397606
VIPAS39,0.53975976
SHISA5,0.5397596
PAK4,0.5397595
PRPF8,0.5397572
NFYA,0.53975636
PNPT1,0.53975517
TNKS,0.5397549
PRKCD,0.539754
RANGAP1,0.53975296
UPRT,0.53975034
RANBP6,0.5397503
TNKS1BP1,0.5397498
LSM4,0.5397495
PIK3C2A,0.5397486
IFIH1,0.539748
RPL18A,0.539746
ST3GAL4,0.5397454
RYBP,0.53974354
ZNF57,0.53974146
RBL2,0.5397414
ST14,0.5397414
POLR2G,0.5397406
PPP4R2,0.53974056
SAP30BP,0.5397381
USP45,0.53973657
SLC39A7,0.53973645
PPP2CA,0.5397359
POMT1,0.5397357
NPC1,0.53973556
SEMA4C,0.5397324
RWDD3,0.5397318
YARS2,0.53973156
NDUFA1,0.5397309
ZYG11B,0.53973
RPL10A,0.5397293
KCNG1,0.53972906
KRT17,0.5397289
PARVB,0.5397288
TAB3,0.5397272
PLCB3,0.5397268
THEM4,0.5397257
TAF1,0.53972524
VGLL3,0.53972447
SMC5,0.5397236
PHYKPL,0.53972244
NECAP2,0.53971946
RPTOR,0.53971875
ST3GAL3,0.539718
SGPP2,0.53971565
TUBB,0.53971404
ME2,0.5397135
SNRNP200,0.539713
RNF103,0.5397095
STX1A,0.53970927
TRAPPC9,0.53970915
SPDYA,0.53970844
SPTAN1,0.5397083
TFAM,0.5397065
RHBDF2,0.5397061
SURF4,0.5397056
SGMS1,0.5397046
ZNF235,0.5397038
PRRT2,0.53970265
SPAG9,0.5397024
UPP1,0.5397013
TIMM17B,0.53970104
RACGAP1,0.5396988
NAA20,0.5396964
TADA3,0.5396962
SHOC2,0.53969485
PRMT5,0.5396947
RNF25,0.5396942
PCBP4,0.5396936
XRN1,0.5396931
SNX5,0.5396927
RIMKLB,0.5396922
STOM,0.53969216
TMEM63A,0.53969175
SSBP2,0.5396894
TXNRD1,0.539689
SNRNP70,0.5396885
RIOK1,0.5396883
ZNF101,0.5396879
GPKOW,0.539687
SMDT1,0.5396866
RPL28,0.53968656
USP43,0.53968537
SPG21,0.5396844
SMYD3,0.5396821
NAT1,0.5396821
TRUB1,0.5396808
PIGO,0.5396803
IRF8,0.53968024
PIGL,0.5396798
RHBDD1,0.5396764
RAD23A,0.5396746
MRPL51,0.5396743
PDS5B,0.53967243
TOP2B,0.5396723
SKIV2L,0.53967077
PIAS3,0.5396695
MRPS35,0.5396681
RABEP2,0.5396679
PANK1,0.53966695
STT3B,0.5396651
TPT1,0.53966403
RPL6,0.53966284
ITPKC,0.53965867
TOP3A,0.5396584
RPL31,0.5396581
TPI1,0.53965706
INTS12,0.53965473
RXRA,0.5396535
SCD,0.5396533
SCFD2,0.5396529
INO80B,0.5396525
SLC7A6,0.5396523
MSMO1,0.53965193
HYPK,0.5396519
REV3L,0.5396503
SPIN1,0.5396502
RPS5,0.5396498
RNF19B,0.5396489
PDCD10,0.5396487
SMAD6,0.5396478
HSPB8,0.53964674
PKP4,0.5396456
TBC1D5,0.53964555
SLC25A28,0.5396442
RPSA,0.5396436
RAB6A,0.53964204
RAD52,0.5396419
TIMM8A,0.53964096
OCLN,0.53964055
TCERG1,0.53963953
WDR81,0.53963906
PSME4,0.539639
SEC63,0.53963643
S100A3,0.53963524
ZNF10,0.5396341
PIGB,0.53963286
POLA1,0.5396316
SUMF1,0.5396316
SCARA3,0.53963137
STK40,0.5396304
RPS6KB2,0.53962886
PSPC1,0.5396273
GNPAT,0.53962684
TBC1D15,0.5396267
SLC35A2,0.5396236
SRGAP2,0.5396232
UBL7,0.53962284
UBAC1,0.5396212
PPP3R1,0.53961927
REPS1,0.53961897
RHOT1,0.53961813
RNASET2,0.53961724
PRKRA,0.539617
ZNF621,0.5396169
LRP1,0.5396162
ZNF529,0.53961504
RICTOR,0.539615
SLC16A3,0.53961265
TFDP2,0.539612
PTPRN2,0.5396109
USO1,0.5396086
SIN3B,0.53960854
RPL34,0.5396079
LIPE,0.5396075
SCARB1,0.53960675
GDPD1,0.5396065
STK38L,0.53960574
TEK,0.5396049
RABGEF1,0.5396048
RUNX2,0.5396043
THRA,0.53960234
ZNF780A,0.5396021
RHOBTB3,0.5396021
SEC24D,0.5396019
PPP1R8,0.5395993
SH3GLB1,0.53959876
SLAIN2,0.5395986
RYK,0.5395976
ZNF234,0.5395975
ZNF493,0.53959703
GTF2H4,0.5395953
OPN3,0.5395927
PGP,0.53959113
CROT,0.53958875
PSMB3,0.5395886
RAB42,0.5395882
SREK1,0.53958815
IVD,0.5395868
UBA5,0.5395857
SERP1,0.53958476
CSAD,0.5395846
ITGAE,0.53958327
PPP3CB,0.5395828
PIK3R5,0.5395824
RPS6KA1,0.53958195
GNAO1,0.5395803
PPM1B,0.5395792
SREBF2,0.53957814
LTN1,0.53957677
INPP5K,0.53957593
STXBP2,0.5395758
STARD4,0.53957474
POLR2F,0.5395746
PPP2R2A,0.5395743
TDP2,0.53957325
SIRT3,0.53957176
SMS,0.53957134
RGS19,0.53957134
TSSC4,0.539571
IL11RA,0.5395703
ZNF143,0.53957003
ME3,0.53956956
PVR,0.53956795
ZFP36L2,0.53956646
TGIF2,0.53956527
POMP,0.5395631
SERBP1,0.5395619
PARP14,0.53956145
RCC1,0.5395613
PPIL1,0.5395607
PAPOLA,0.53955907
RPL7,0.5395589
MED6,0.5395577
PNN,0.5395573
SMG6,0.53955656
SSR3,0.5395565
DNAL1,0.5395561
TEAD2,0.5395539
RPS20,0.5395539
SENP3,0.53955275
KIFAP3,0.53955257
STARD3,0.53955233
MRPS24,0.5395494
PLD6,0.53954935
SLCO3A1,0.53954875
TIPRL,0.5395473
RAB40B,0.5395458
LDB2,0.5395454
MAPK7,0.53954524
PIK3C3,0.5395441
THOC5,0.5395441
EMC9,0.53954333
SLC6A9,0.5395425
RAB9A,0.53954184
TDRD3,0.53954065
TUBA1B,0.53953993
SCD5,0.5395393
FBF1,0.53953886
NRF1,0.5395388
PRDX2,0.5395384
SP3,0.5395378
TRNAU1AP,0.53953755
WNT2B,0.5395374
RTN3,0.53953665
PCYT2,0.5395364
PISD,0.5395359
PRKD2,0.5395348
RIF1,0.53953147
SEC61A2,0.53953063
PPIE,0.5395266
TBL3,0.5395252
PPRC1,0.5395249
SLC30A6,0.5395248
INIP,0.53952473
RFX3,0.5395247
PYCR1,0.5395216
MED20,0.53952104
PEX19,0.53952074
TTK,0.53952
INTS8,0.53952
POGLUT1,0.53951997
PRKAA1,0.5395182
RPS15,0.53951687
SART3,0.53951365
SMURF2,0.5395134
ZNF415,0.53951305
STK4,0.5395122
ZFPM1,0.5395118
ST6GALNAC4,0.53951085
IFIT3,0.5395089
SAMD8,0.53950816
PSEN2,0.53950804
FCHO2,0.5395069
RPS18,0.5395067
ZNF567,0.5395051
SNAI1,0.5395048
SH3GLB2,0.5395043
MYLIP,0.53950405
PFDN5,0.5395038
PRKRIP1,0.53950334
MBTPS2,0.53950256
PDGFD,0.53950214
PPP2R1B,0.539501
RPAP1,0.5395009
RAPGEF1,0.53950083
TAF8,0.5394962
SKAP2,0.5394956
PPFIA1,0.5394952
RBFOX2,0.539493
RGS1,0.5394929
SF3B3,0.53949195
RAD51D,0.5394903
PEA15,0.53948826
KIF5C,0.5394878
PSMD11,0.5394873
RNPC3,0.5394868
ODF2,0.5394864
RALGPS2,0.5394863
RABGGTA,0.5394843
RNF111,0.5394834
RNPS1,0.539483
PIP4K2A,0.53948295
PPP2R5A,0.5394819
MADD,0.5394816
PSMB9,0.53948146
MRPL30,0.53948146
RRP1B,0.53948104
RAP2A,0.53948104
TMEM216,0.5394793
PMPCA,0.5394788
SRCAP,0.5394784
ROCK1,0.5394782
PHF21A,0.5394779
SIGIRR,0.5394775
RSRC1,0.53947663
RNF40,0.53947496
RAB12,0.5394749
PDE5A,0.5394744
RTN4,0.53947085
RNF220,0.53947085
RTCA,0.53947043
MRPL45,0.5394701
SUN1,0.5394694
NCAPH,0.5394687
KLHL12,0.5394684
POLA2,0.53946793
IL10RA,0.53946704
GPD1L,0.53946626
RPL23A,0.5394662
SRRM1,0.5394656
ISG20L2,0.53946555
TNRC6B,0.5394647
RAP1A,0.53946406
TMEM97,0.53946406
SAFB2,0.5394639
PHC3,0.5394633
SEMA3A,0.53946257
RAB10,0.5394613
PDCD11,0.5394602
SMYD4,0.53945893
MCM8,0.5394588
INTU,0.5394581
GIMAP4,0.5394551
MX2,0.5394544
PTPN13,0.5394523
PASK,0.53945154
RASA2,0.5394514
ZNF253,0.53944844
RBM19,0.53944826
SBF2,0.53944826
RGL2,0.5394479
PLEKHA2,0.5394476
TM2D1,0.5394469
ZNF500,0.53944534
ROCK2,0.53944343
SMAD1,0.5394433
RALY,0.5394427
PNKP,0.5394423
TBC1D24,0.5394415
TCTN2,0.53944045
TNKS2,0.539439
RNF2,0.5394366
JUND,0.5394364
RNF138,0.5394353
MON1B,0.53943527
RDH10,0.5394349
NNT,0.53943485
UROS,0.53943473
TESK1,0.53943443
MERTK,0.53943443
RAB1B,0.5394328
RMI1,0.5394321
PAN2,0.5394297
RBM22,0.53942937
RPL35A,0.5394291
MOCS3,0.53942794
PLEKHG3,0.53942645
TUBG2,0.5394245
PREX2,0.5394222
RFX5,0.539422
ZNF155,0.53942186
PDIA4,0.5394195
RANBP1,0.5394187
SP100,0.5394174
SIRT6,0.5394171
PKN3,0.53941625
SH2B1,0.53941584
YIPF5,0.53941584
PPP6R2,0.5394145
RCAN1,0.53941363
POLD2,0.5394132
RPL7L1,0.53941196
MR1,0.5394108
SH2D3A,0.5394107
RAB1A,0.53940916
NAA30,0.5394087
PSME1,0.53940845
STARD13,0.5394073
RCL1,0.53940696
TUBGCP2,0.5394063
RBM14,0.5394055
PLCB4,0.539405
RPL7A,0.53940463
STAMBP,0.5394044
SAV1,0.53940403
OPA1,0.5394031
PYGO2,0.5394009
OSBP,0.5394008
PLAGL1,0.5394008
POLL,0.5393993
PRDM4,0.53939843
PTPMT1,0.5393979
LIG4,0.53939784
SYNJ2,0.5393972
MRPS9,0.5393967
PKD1,0.5393947
RNF181,0.53939253
XYLT1,0.5393922
DOK1,0.53939116
RAB11A,0.5393909
SMARCD3,0.5393903
ZNF2,0.53939015
SH3RF1,0.5393896
SYNE1,0.53938925
TRIM3,0.539389
PCGF2,0.5393887
TRIM23,0.53938764
RPL32,0.53938717
TMED5,0.539387
LIN7C,0.53938663
PTPRM,0.5393856
SCLT1,0.53938425
INPP5D,0.5393822
NCAPG,0.5393822
TAZ,0.5393782
PPAT,0.53937805
MASTL,0.5393754
RBM28,0.53937435
LUC7L,0.5393739
OAT,0.53937274
PTBP2,0.53937155
IDH3G,0.5393714
LEPROT,0.5393712
PLA2G12A,0.5393702
RIOK3,0.53936976
NDUFAB1,0.539369
PTPN4,0.5393686
SMAD7,0.5393672
PDIA3,0.5393671
PNPLA6,0.5393668
PCDHB5,0.5393668
SLC11A2,0.53936636
OXNAD1,0.5393662
RABGGTB,0.5393653
NRBF2,0.5393644
LIN52,0.53936356
SYNE3,0.53936183
RPS27L,0.5393604
NR4A3,0.53936
PEX14,0.5393593
RBBP4,0.5393582
PPCDC,0.5393579
MRPL11,0.5393578
PCID2,0.5393576
CXXC5,0.53935647
PPIL2,0.5393536
PLK2,0.5393535
NME4,0.53935295
PMEPA1,0.5393527
RBM39,0.53935224
RPL37,0.5393505
PLEKHA7,0.53934896
PRDX1,0.5393484
TAP2,0.5393484
SEMA6A,0.53934807
PIGK,0.5393474
RAP1GDS1,0.53934526
LY86,0.53934455
MED25,0.5393436
KIF18A,0.5393423
LRIG2,0.53934216
PGAM5,0.5393414
PSMD10,0.53933907
RAD50,0.5393385
NOSIP,0.5393382
PSMD3,0.5393377
RDX,0.53933764
MRPS10,0.53933704
NRBP1,0.5393348
SIL1,0.53933316
NSUN4,0.53933305
PRPF40A,0.5393322
NLRC5,0.5393315
MLX,0.53933096
LAMC2,0.5393305
PECR,0.53933036
PTPN1,0.53933007
PRPF3,0.5393297
USP19,0.53932965
PRCP,0.53932905
PDK3,0.53932416
PKN2,0.5393214
PRKCI,0.5393195
REEP5,0.53931874
NR1D1,0.5393176
MRPS31,0.5393174
NUBP2,0.5393148
ICMT,0.5393145
POLDIP3,0.5393137
SERPINB8,0.53931266
RRAGC,0.5393117
RNF31,0.5393102
RRP1,0.5393095
HMOX1,0.53930724
PGM2L1,0.5393072
RPA1,0.5393066
PRPF31,0.5393062
LMF2,0.5393056
ULK2,0.53930527
RABL2A,0.5393046
TONSL,0.5393038
PLOD3,0.53930336
PEX11A,0.5393032
LAMA2,0.53930247
PSMB2,0.53930056
SARM1,0.53929955
SMYD5,0.5392954
MIF4GD,0.5392949
MAPRE2,0.53929394
POLR3A,0.5392934
PRDX6,0.53929335
MRPL17,0.5392927
SOCS3,0.53929126
NR2C1,0.5392912
PDGFC,0.5392897
RAVER1,0.5392893
TICRR,0.539288
PPP1R10,0.53928757
MSRB3,0.53928715
PTMS,0.5392848
RHNO1,0.5392835
RPS12,0.53928196
LMTK2,0.5392813
TIMMDC1,0.5392807
MRPL48,0.53928053
RNF38,0.5392801
TELO2,0.5392797
POU2F2,0.5392797
RPL12,0.5392796
LEF1,0.5392794
SEC62,0.53927904
SLC19A1,0.539279
SEMA4G,0.5392789
NT5C3A,0.5392777
PTPN14,0.5392776
SETD2,0.5392771
RPS17,0.539277
FAM126A,0.5392768
LRIG1,0.5392752
RAB3GAP2,0.53927463
PRKACB,0.53927463
RPS11,0.5392742
SUCLG1,0.5392714
PDHX,0.53927076
RPS27A,0.5392699
NUDC,0.53926903
RPF1,0.53926843
PANK2,0.5392677
SREBF1,0.539267
RPS4X,0.53926635
TNFRSF10D,0.5392659
ITGB6,0.53926426
PSMB7,0.539264
NME2,0.53926355
TIMELESS,0.53926355
IK,0.5392613
PER3,0.539261
NUP50,0.53926086
TEP1,0.53925896
RAN,0.5392584
RNF24,0.539258
SMPD4,0.53925717
TRMT1,0.5392558
IL21R,0.5392558
SEPHS1,0.5392545
LDLRAP1,0.53925353
KDM6B,0.53925323
RERE,0.5392515
RNASEH1,0.53925145
NVL,0.53925085
SLC35E3,0.5392508
PDE6D,0.5392496
MAN2A2,0.53924835
MBOAT2,0.5392478
MED9,0.53924745
NAA35,0.5392464
ROBO1,0.5392462
RPL26,0.53924584
LSM5,0.53924507
PSMD12,0.53924453
NANS,0.53924435
USP35,0.53924406
HCFC2,0.5392416
NDUFB1,0.53924096
MAFK,0.539239
PSMC6,0.5392381
RBBP6,0.53923804
SNAPC1,0.53923726
RCN1,0.539237
PPM1A,0.5392369
PTP4A3,0.5392339
PLCE1,0.53923285
PSMB1,0.53923196
MSR1,0.5392303
NAA40,0.5392302
RAB14,0.53922915
RPL8,0.53922915
SATB2,0.539227
PGGT1B,0.5392265
NUP160,0.53922606
PPM1K,0.539226
RASGRP3,0.5392254
PRMT1,0.53922504
ZNF383,0.5392248
IKZF4,0.53922457
PSEN1,0.53922373
TIAM1,0.539222
NMNAT2,0.5392171
RAC2,0.53921646
PITPNM1,0.5392164
RBM15B,0.5392164
MOCS1,0.5392159
LNPEP,0.5392158
KCNN3,0.53921556
POFUT1,0.5392149
RBM25,0.53921473
PPIL4,0.5392137
PIGM,0.5392119
LAMTOR3,0.5392115
ZNF790,0.539211
RPS19,0.5392108
NR1D2,0.5392091
PPP2R5E,0.539209
RAB2A,0.5392085
LSM10,0.53920835
PDCD4,0.5392081
ITGB2,0.5392074
PHF19,0.53920686
LGALS8,0.53920686
GMPR,0.53920686
CSF2RB,0.53920674
PEX11B,0.53920656
MFN1,0.5392052
PPA1,0.53920454
RPL21,0.53920436
TGM1,0.53920317
POLR2A,0.53920275
SRP9,0.5392027
NEK1,0.53920203
PEMT,0.5392014
TBC1D2,0.5391992
ZNF814,0.53919834
MTDH,0.5391971
PSME2,0.5391965
RANBP9,0.5391962
MTMR1,0.53919584
PSME3,0.5391945
PFKFB3,0.5391928
RAB4A,0.5391916
SHROOM3,0.53919107
PPP1R15A,0.53919107
NDUFB4,0.5391903
PIWIL4,0.53918976
KIF9,0.5391893
QTRT1,0.53918916
PATL1,0.539189
PRICKLE3,0.53918725
NES,0.5391851
TMEM115,0.53918433
SENP1,0.539184
STX12,0.5391819
NPC2,0.5391817
LRP12,0.53918105
RPS27,0.53918016
RPS6KA2,0.5391788
PLEC,0.5391764
NDEL1,0.539175
SMPD2,0.53917474
EPHA1,0.53917265
PAPSS1,0.53917164
MED26,0.5391715
GNA15,0.5391713
PYGB,0.53917
RPL27,0.5391699
ZNF823,0.53916883
POLR3H,0.5391687
MMADHC,0.5391686
RPA2,0.5391657
MNAT1,0.53916544
RRP15,0.539165
LLGL2,0.5391636
RAB3IP,0.5391631
RAB31,0.539161
TRIM11,0.53916055
TP73,0.5391604
RSL1D1,0.5391599
RB1CC1,0.53915966
TRAPPC5,0.5391581
SPIRE2,0.5391577
PIF1,0.53915703
RABEPK,0.53915495
SCYL1,0.53915346
PNO1,0.53915334
PFKFB2,0.5391527
F2R,0.5391518
PDLIM2,0.5391514
RAPH1,0.53915125
PTTG1,0.53915083
PTGES3,0.5391499
PGD,0.5391477
LHX6,0.53914714
SLC12A8,0.5391461
RPP38,0.5391454
PSMA7,0.539144
PNRC2,0.53914326
PCDH1,0.53914315
POLR3E,0.53914255
TBC1D8B,0.53914255
GLRX5,0.5391416
OLA1,0.53914124
MTRF1L,0.53914046
ZNF333,0.53914016
MEPCE,0.53913885
HAVCR2,0.5391365
LCP2,0.5391363
MRPL21,0.53913575
MTMR14,0.5391349
NUTF2,0.53913456
RABGAP1,0.5391336
OPHN1,0.53913337
PIGG,0.5391331
SNRNP40,0.53913236
LPCAT3,0.5391309
SIRT1,0.53912944
PHF12,0.5391286
POLI,0.53912854
UBE2T,0.53912663
PHB,0.5391256
MRPL55,0.5391254
MAP2K7,0.53912324
RAD51C,0.5391224
PPP1R13B,0.5391192
NR4A2,0.539119
RHOB,0.5391179
MAD2L2,0.53911763
HOXA1,0.53911644
TNFSF13,0.53911614
NR1H2,0.5391155
NDUFV2,0.5391142
PCNT,0.53911316
PREB,0.5391114
GCDH,0.5391096
DPP7,0.53910935
PIR,0.5391087
PTPRJ,0.53910756
RAB5C,0.53910744
NUF2,0.5391065
PPP1R3B,0.53910583
RSF1,0.53910255
SCFD1,0.53910065
LZTS3,0.539099
RMDN3,0.53909695
NLE1,0.53909636
OIP5,0.53909594
PPP6R3,0.5390956
SPRY4,0.5390933
PYCARD,0.53909314
LAMTOR5,0.5390929
SCAI,0.53909105
MPHOSPH10,0.5390909
NCOA2,0.5390887
PLD3,0.53908867
PUM2,0.53908855
PDLIM1,0.5390883
TRAPPC4,0.5390876
RFC1,0.5390867
PCGF3,0.53908074
SYTL4,0.53908044
ELP5,0.53908014
RIN1,0.53908014
PRKDC,0.5390783
SLC7A5,0.53907526
REV1,0.5390748
P2RY11,0.53907233
MYCBP2,0.53907055
PIK3CD,0.53907037
RAB21,0.5390691
LYPLA2,0.539069
RANBP3,0.53906834
PUM1,0.539068
PCSK7,0.5390672
RECQL,0.5390662
POU2F1,0.53906614
PDE8A,0.5390651
MICU1,0.53906304
ORC4,0.5390621
PSMG2,0.53906167
SDAD1,0.5390616
MRPL20,0.53906137
MRAS,0.5390599
MRTO4,0.53905964
PCBD2,0.5390591
PELI3,0.5390567
OAS1,0.5390565
NUDCD3,0.5390561
NFE2L1,0.53905547
EIF1B,0.53905505
NEDD4L,0.53905433
PGRMC1,0.539054
PFDN2,0.539052
NECAB3,0.5390517
ZNF573,0.53905046
MRPL18,0.53905034
PSMD9,0.5390473
RAD54B,0.53904724
FOSL1,0.53904706
RPS23,0.53904647
POLR2C,0.539046
PNISR,0.53904575
VARS2,0.5390455
FAM220A,0.5390454
NOP56,0.539045
PRKCE,0.5390444
DSTN,0.5390416
KCNJ2,0.5390414
PRMT3,0.53903884
MFAP3,0.5390384
NUFIP1,0.539038
VMA21,0.5390373
PNKD,0.5390369
NEIL2,0.5390366
RAB8A,0.53903556
RPL24,0.5390341
MICAL2,0.53903264
MAGI3,0.5390326
PPOX,0.53903174
MTMR7,0.5390293
SLC27A1,0.5390288
RBCK1,0.53902876
ORAI3,0.5390282
RBBP5,0.5390273
RBM17,0.53902674
EHD4,0.5390264
NLGN3,0.5390264
TFAP4,0.53902626
ITGAL,0.5390249
PTPRA,0.53902453
POLM,0.5390244
PSMD2,0.53902364
LRSAM1,0.5390224
POLR2J3,0.5390223
SHMT2,0.53902215
MTHFD1,0.5390198
SMG1,0.5390196
NCK1,0.53901935
PPP4C,0.53901875
PLEKHG2,0.53901774
VAMP4,0.53901726
NAPA,0.539017
RAP2B,0.5390159
PGAP1,0.5390159
PEX16,0.5390156
RGS17,0.53901553
NUP188,0.5390153
LAS1L,0.5390148
OAS3,0.53901356
SLC25A24,0.5390129
MRPS11,0.53901285
SPINT1,0.5390127
RBX1,0.53901184
PHACTR1,0.5390114
PAFAH1B1,0.5390108
NUP62,0.5390103
PTDSS2,0.5390099
ZNF200,0.53900987
MPND,0.53900987
RCCD1,0.53900975
RORC,0.5390096
PSMB10,0.53900903
PCYT1A,0.5390084
PAGR1,0.53900766
EME2,0.53900677
ZNF699,0.5390067
NAA60,0.53900653
PDE4B,0.5390032
PUF60,0.53900284
DBNL,0.5390027
GNL2,0.53900135
SENP8,0.53899974
PFKL,0.53899956
POP7,0.5389982
LSM11,0.53899777
GTF2H1,0.53899735
NNMT,0.538997
RAD9A,0.538996
NSMCE2,0.5389952
PKN1,0.5389938
NAA16,0.5389935
EVI2A,0.53899324
IPO13,0.5389931
MRPL28,0.5389925
WDR48,0.5389909
PIK3R6,0.53899074
RIC8B,0.53899026
NDE1,0.53899014
SECISBP2,0.53898895
POM121,0.53898823
PTBP1,0.5389879
TRPC1,0.53898764
PTGFRN,0.5389868
FERMT3,0.538986
NPHP3,0.5389851
INTS7,0.5389849
SOCS5,0.53898454
KHDRBS3,0.53898394
RCHY1,0.5389833
PRKCA,0.5389828
PDRG1,0.53898156
NUDT21,0.5389808
MAPK6,0.53898025
HSD17B7,0.53897995
STAM2,0.53897715
TDRKH,0.5389771
POLG2,0.5389771
DAPP1,0.53897685
PIAS4,0.53897685
RRAGD,0.5389756
ZNF354B,0.53897524
LRRC8D,0.53897464
PPM1L,0.53897464
MEAF6,0.5389721
RRP12,0.5389711
RELA,0.5389696
LRP4,0.5389691
PYCR2,0.53896844
PLTP,0.5389681
NUP133,0.53896654
NR6A1,0.53896636
PTCD1,0.5389647
SHB,0.53896356
PPP1R12A,0.53896296
PRKAR2B,0.5389627
ZNF225,0.53896177
INSR,0.5389613
RPS9,0.53895974
MYADM,0.5389595
FBXO25,0.53895676
MRPS23,0.5389563
RPS29,0.5389562
SNIP1,0.53895557
RASAL2,0.53895515
NELFB,0.53895485
PMPCB,0.5389546
POLR3F,0.5389543
PEX26,0.5389537
PRR5L,0.53895366
PIP4K2C,0.5389523
RTF1,0.53895193
TBC1D23,0.53895175
MYL12A,0.5389517
RCC2,0.53895164
NAA25,0.5389501
PPP2R1A,0.5389495
LPGAT1,0.53894925
RPL11,0.5389488
PDE1A,0.5389484
PXN,0.5389481
PPCS,0.53894776
PKD2,0.5389464
NT5E,0.53894573
RTN4R,0.5389452
NCOA1,0.53894395
SYNGR1,0.5389433
PHLPP2,0.53894216
PHC2,0.5389414
PLSCR1,0.53893894
ZNF528,0.5389389
PDHA1,0.53893435
AFMID,0.5389342
SETD7,0.5389342
PTPRS,0.538933
NDUFB9,0.5389324
PALLD,0.5389312
NGLY1,0.53893083
RHOT2,0.5389304
PPIF,0.5389293
NMD3,0.5389289
NFYC,0.53892654
SCAP,0.5389249
PIK3AP1,0.53892416
NSA2,0.5389171
ERCC6L,0.53891367
SEMA7A,0.5389129
PABPC1L,0.53891283
MPC1,0.5389115
GPR153,0.5389109
PCDHB15,0.5389103
SUN2,0.53890914
COL9A2,0.5389088
RPS8,0.53890836
MFN2,0.5389081
PPP1R16B,0.5389081
TRPC6,0.5389079
RPAP2,0.5389065
METTL21A,0.53890514
PLCH2,0.5389044
RPL41,0.53890276
KCNMA1,0.5389027
PARVA,0.5389014
SLC25A12,0.5388997
PIK3C2B,0.5388994
RPL19,0.53889894
PSMA5,0.53889865
MRPS27,0.53889847
RHEB,0.53889847
RHOU,0.538898
PREPL,0.53889567
LMAN2L,0.53889555
MIEN1,0.5388945
NAA10,0.538894
RC3H1,0.5388938
PTAFR,0.5388934
KRT80,0.5388919
RPL29,0.53889096
MRPS5,0.5388907
MAP3K11,0.5388899
PDXDC1,0.5388894
PPP1CC,0.53888816
MED7,0.53888375
PSMB5,0.5388835
RPL23,0.53888166
SAT1,0.5388815
PSMD4,0.53888094
PJA2,0.5388802
MYSM1,0.5388796
MGST1,0.5388784
RRP7A,0.53887784
MRPL2,0.5388749
GMPPB,0.53887427
PACSIN2,0.53887415
MAP3K3,0.53887236
POLK,0.5388717
PTPN12,0.5388716
LSM14B,0.5388713
RGS12,0.5388707
HYLS1,0.5388705
MRPS2,0.53887004
PAWR,0.53886896
ZNF274,0.5388688
PIP5K1A,0.53886867
PDE8B,0.5388684
OPRL1,0.53886604
RPLP0,0.5388655
TXNRD2,0.5388652
PDPN,0.5388647
NEIL3,0.53886455
PTK2,0.5388643
PSMC5,0.538862
MRFAP1,0.5388617
PPARD,0.5388615
SIAH2,0.53886145
MZT1,0.53886074
SNTA1,0.5388606
MAST2,0.5388595
IRF3,0.5388595
PARD6B,0.5388589
MBOAT1,0.53885794
MBTD1,0.53885734
MKKS,0.5388569
GPS1,0.5388567
NIPSNAP1,0.5388552
HPDL,0.53885496
SCN1B,0.5388524
SGSH,0.5388521
RGS16,0.53885144
PURA,0.5388514
MMP11,0.5388503
SEC24B,0.53884757
PPP1CB,0.5388475
NUSAP1,0.5388474
ZNF516,0.53884596
PRPSAP1,0.53884596
RPS16,0.53884447
NFYB,0.5388425
FHOD1,0.53884226
NOLC1,0.5388419
RBM34,0.53883994
DCLRE1A,0.53883964
MANEA,0.5388396
RPS2,0.538839
IRS1,0.53883785
SNX6,0.5388372
SCAMP1,0.5388372
RPGRIP1L,0.5388368
NCOA7,0.53883606
PI4K2A,0.53883564
SLC27A5,0.53883463
NUP54,0.53883445
RASA3,0.5388344
NDUFS2,0.5388314
JUNB,0.53883094
PPARA,0.5388307
PPIB,0.53883
PPARGC1B,0.5388298
PODXL2,0.53882945
ZNF546,0.5388291
THSD1,0.5388288
OS9,0.5388281
NOL6,0.53882754
MOGS,0.5388272
MTHFS,0.53882694
METAP1,0.53882664
SMARCC2,0.5388261
HERC1,0.53882587
PDSS1,0.5388242
ZNF429,0.5388237
SNAP29,0.538822
ZNF211,0.5388209
RFFL,0.53881866
MAPRE3,0.53881824
PC,0.5388179
NUP205,0.5388174
MSH3,0.5388156
POLR3D,0.53881496
NDUFS4,0.5388147
PPIH,0.5388138
RHOG,0.53881323
NEK9,0.5388125
FAIM,0.53881246
RBMX2,0.5388123
NPM3,0.5388119
SLC30A1,0.53881085
PPP3CC,0.53880996
SHARPIN,0.5388066
NUP153,0.53880656
JDP2,0.53880495
ZNF773,0.5388045
ITSN2,0.5388039
RPRD1B,0.53880304
NDUFAF1,0.5388022
NR3C1,0.5388017
PARK7,0.53880113
PPP5C,0.5388007
GEN1,0.53880066
MAP4K4,0.5388003
PIKFYVE,0.53880006
GLRX,0.53879964
NIP7,0.5387996
PABPC4,0.53879833
MAP4K5,0.53879833
PCK2,0.538798
DEPDC1,0.53879756
PUS1,0.5387956
PRKAR2A,0.5387954
ULK3,0.5387951
OXSR1,0.5387947
RTN4IP1,0.53879374
PAM16,0.53879315
IDS,0.53879243
PTN,0.5387902
DDX55,0.5387895
IRF1,0.5387891
TUBGCP6,0.5387875
PAAF1,0.5387875
GLO1,0.53878725
MRPL19,0.53878474
PPP1R18,0.5387834
NRIP1,0.5387834
RAB11FIP1,0.5387808
FBXL8,0.5387806
NSMAF,0.5387804
PDHB,0.5387799
MYO7A,0.5387796
PTPRE,0.5387793
OSBPL5,0.53877926
PDLIM7,0.5387777
PIGQ,0.5387773
JAG1,0.5387771
OGT,0.5387768
SENP2,0.5387765
KPNA3,0.5387763
PPP3CA,0.5387756
RASD2,0.5387754
RND3,0.5387752
WDR5B,0.5387747
PPP2CB,0.5387744
MPP5,0.5387739
MKNK1,0.5387738
NCOA6,0.5387735
RASAL3,0.53877336
IRF2BP2,0.5387729
SPATA13,0.53877044
PLXNB2,0.5387693
PLAA,0.5387684
PPIG,0.5387678
N6AMT1,0.5387674
HK2,0.53876704
RARG,0.53876615
PILRA,0.53876543
ORC5,0.5387642
MEF2A,0.5387632
ZNF354C,0.5387629
IFT80,0.53876156
MXRA8,0.5387615
MYO1C,0.53875965
RFC5,0.53875905
RPL3,0.538758
PLXNA1,0.5387561
L3MBTL2,0.5387558
MTA3,0.5387555
MAPK8IP1,0.5387551
KLC2,0.5387547
NDC1,0.5387542
HNRNPLL,0.5387537
OXCT1,0.5387516
NOL8,0.53875107
RASSF6,0.53874993
PLOD1,0.53874886
PDE4A,0.5387475
RAB37,0.53874624
MGAT2,0.5387444
MEGF8,0.53874373
KRI1,0.5387429
PSMA4,0.5387413
KCMF1,0.5387413
POLR3B,0.53874123
ORC2,0.5387411
MYO5B,0.5387388
PDPR,0.5387384
MECOM,0.5387378
PGS1,0.5387375
MTR,0.5387374
NEU3,0.5387373
IMPDH2,0.53873616
PPP2R5C,0.53873587
MAGOH,0.53873324
NPLOC4,0.5387323
OBSL1,0.5387319
OTUD5,0.5387317
MCM3,0.53873146
RHBDF1,0.5387303
SEC11C,0.53873
LNX2,0.5387296
IRAK3,0.5387293
PORCN,0.5387286
NME3,0.538728
HOXB3,0.538728
VPS28,0.5387267
PRPS2,0.5387263
NCSTN,0.5387263
NUP93,0.5387262
DGKA,0.53872496
NSUN2,0.5387234
HPS6,0.5387231
SLIT3,0.53872186
POLR2I,0.53872013
PUS7,0.53871936
SESN2,0.5387191
MSL2,0.53871906
GSTZ1,0.5387188
PAN3,0.5387185
GBP2,0.5387184
SGIP1,0.53871804
RNF20,0.5387175
GPR180,0.53871727
IFT27,0.5387165
NAT10,0.5387156
MALSU1,0.5387149
NEDD8,0.5387145
PTPRF,0.5387143
MUL1,0.53871375
PSMD1,0.5387107
OBSCN,0.53871065
NOL10,0.5387083
MYO9B,0.53870785
PLA2R1,0.53870696
MAGI2,0.5387062
KDM8,0.5387061
KALRN,0.5387055
MAP3K6,0.5387053
NFIA,0.53870374
SLC9A3R1,0.53870296
PSMC3,0.5387027
PTGIR,0.5387023
FZD8,0.53870034
ICAM1,0.538698
PCYOX1L,0.53869605
MRPL37,0.53869534
PPWD1,0.5386949
LYPD6,0.5386946
PERP,0.538694
KIF15,0.5386939
PCDH18,0.53869385
PDCL3,0.53869283
MYH10,0.5386912
KIF18B,0.5386907
SF3B2,0.5386906
NAA15,0.53868896
PEF1,0.53868884
MCCC2,0.5386871
MTMR12,0.5386869
NDUFS8,0.53868645
PPP1R7,0.53868634
RSU1,0.538685
TBC1D25,0.53868484
POLQ,0.5386842
KIF26A,0.53868294
MTF2,0.5386825
MPG,0.5386823
PDE3B,0.5386815
PIGF,0.53868055
PCCA,0.5386762
PPP1CA,0.5386752
LOXL2,0.53867483
MCPH1,0.5386747
MTMR10,0.5386746
PRKD1,0.5386738
PPID,0.5386725
PA2G4,0.5386719
RAD1,0.5386707
POLE2,0.5386703
PCGF5,0.53867006
NDUFS3,0.5386692
PFKP,0.5386676
MORC2,0.53866696
PDE7A,0.5386666
MSL1,0.5386665
ZNF442,0.53866637
TGM2,0.5386662
NOL11,0.53866446
GINS4,0.53866386
RASGRF2,0.5386622
RND1,0.53866166
RAB3IL1,0.53866166
REEP4,0.53866005
NASP,0.5386591
ITGB7,0.5386588
ZNF778,0.5386571
NT5C3B,0.53865653
PAF1,0.53865623
HAUS8,0.5386559
FIG4,0.5386551
FRK,0.5386547
LRP10,0.53865445
LPAR2,0.5386535
PRKCSH,0.53865325
MDN1,0.53865284
LMNB2,0.53865206
MED17,0.53865147
SERPINF1,0.5386506
IMP4,0.5386494
PLCL2,0.538648
NONO,0.5386478
NUAK1,0.53864735
NEK7,0.53864723
PHF20,0.5386471
PLXNA3,0.5386458
PRICKLE2,0.5386457
MRPL16,0.5386452
SGPL1,0.538643
NLGN2,0.5386428
RGP1,0.53864235
RPLP2,0.53864205
MTX1,0.53864026
MRPL50,0.53863835
MPRIP,0.53863764
RPL27A,0.53863674
HMGCL,0.5386364
PKP3,0.5386329
SARDH,0.53863233
FOXF1,0.53863144
LAMTOR4,0.53862894
RPS6,0.5386287
LNX1,0.5386286
RAB11B,0.53862655
PABPN1,0.5386265
PPP1R15B,0.53862613
SYT11,0.5386252
MFGE8,0.53862506
RAB20,0.5386247
NHS,0.5386246
GTF2A1,0.5386245
COX11,0.53862417
SATB1,0.5386241
NUP107,0.5386239
TBC1D32,0.5386231
NAA38,0.5386228
PLD2,0.53861934
SLC18A2,0.5386185
KCNJ14,0.53861797
NDUFS1,0.5386168
UFL1,0.5386151
MAGED1,0.53861475
EBAG9,0.5386142
CEP97,0.53861356
MAPKAPK5,0.53861344
MCU,0.5386134
NOP16,0.5386128
METTL14,0.5386128
PSAP,0.5386113
JOSD2,0.5386113
SORD,0.53861
PRPS1,0.5386098
ENC1,0.5386096
ZNF180,0.5386086
PELI1,0.538608
NHP2,0.5386067
MOV10,0.5386064
MCAT,0.5386056
PDE12,0.53860545
SIVA1,0.5386034
MBD1,0.5386007
IVNS1ABP,0.5386007
TAF2,0.5386004
NDN,0.53859866
KIF13A,0.5385946
ZNF600,0.53859395
MYL6B,0.538592
NTN4,0.5385914
MRPL9,0.538591
SAP30,0.5385907
NEK2,0.53858846
MUC3A,0.5385873
TLR3,0.53858536
MAD2L1,0.53858453
SLA2,0.5385837
PFN2,0.5385823
PAFAH1B3,0.53858197
REEP2,0.5385801
LIMA1,0.53857857
NUP210,0.53857434
PDXK,0.53857434
PELI2,0.5385737
NAB1,0.5385675
RPL13A,0.5385668
PEX11G,0.53856647
MTMR2,0.53856575
PRKAG2,0.5385652
GTSE1,0.5385651
RPP30,0.5385646
DNTTIP2,0.53856456
NIF3L1,0.5385639
DKC1,0.53856164
DNAJC24,0.53855973
MOCS2,0.5385586
RBM7,0.53855836
PITPNA,0.53855765
P4HA1,0.5385557
HSBP1,0.5385554
NDUFA4,0.5385552
MTX2,0.5385546
PLK1,0.53855324
PIK3R4,0.53855306
NUMB,0.5385519
PTK2B,0.5385518
LRR1,0.5385509
MAP1B,0.5385502
LMAN2,0.53854954
MCM2,0.5385486
NRP2,0.53854746
PAPSS2,0.53854597
RAI1,0.53854567
LMNB1,0.53854555
TOMM40,0.5385433
MOK,0.53854114
NUP155,0.5385408
PCSK6,0.5385376
SEMA5A,0.53853744
P4HA3,0.53853726
RFC4,0.5385367
LSR,0.53853476
RELT,0.53853303
PAQR8,0.5385329
NEO1,0.5385321
TRIM45,0.5385306
NUDT9,0.5385305
KANK2,0.5385285
FBXO17,0.53852826
NLRP1,0.5385277
MED13,0.53852516
NUBPL,0.53852385
DDX58,0.53852355
PTPRU,0.53852344
MAP2,0.538522
GLE1,0.5385211
PLXNA2,0.5385196
PDK1,0.5385189
RPS3,0.53851813
IL20RB,0.53851783
KIF3B,0.53851676
PBX3,0.53851557
MID1IP1,0.5385147
HLA-DMA,0.5385139
ZNF614,0.53851336
NDUFAF6,0.53851324
HADHA,0.5385116
PTMA,0.53850996
PHKB,0.5385077
SH2B3,0.5385073
OTUD7B,0.5385071
RPL15,0.5385056
ING4,0.5385039
CENPQ,0.5385035
MAN1B1,0.53850347
MZT2A,0.5384982
RTEL1,0.5384982
RIN3,0.53849775
MTIF2,0.53849703
MAPK13,0.5384968
PDE4C,0.5384961
METTL3,0.5384958
PDE7B,0.5384953
OSGEPL1,0.538495
PPP1R9B,0.5384939
PKIA,0.5384939
PRKAB2,0.53849334
EIF2B5,0.5384911
ITFG2,0.5384907
NOTCH4,0.53849024
MRPS22,0.53849024
INCENP,0.5384894
NUDT5,0.5384894
MEX3C,0.5384891
HLA-DOA,0.53848714
MLKL,0.538487
RANBP10,0.5384858
OGDH,0.53848577
INPP5E,0.5384857
MAP4K1,0.5384836
PELP1,0.53848344
HDAC10,0.5384834
MRC2,0.5384804
TSFM,0.5384797
PKM,0.5384795
NADSYN1,0.5384786
MRPS18A,0.5384768
GUCY1A2,0.5384747
INTS9,0.53847456
MCM5,0.53847444
MFSD12,0.5384735
KIAA0513,0.5384726
HJURP,0.5384718
NSMCE1,0.5384711
GAS2L1,0.53847104
MFF,0.53847057
EMC1,0.53847045
PHF8,0.53846616
NOL7,0.5384648
LTBP4,0.53846276
PRR12,0.5384593
INO80E,0.5384585
MRPL10,0.5384578
PGAM1,0.538457
EIF3M,0.5384546
LAMB1,0.53845304
NDUFA10,0.53845274
KCNMB3,0.5384524
GCA,0.53845227
LRP8,0.53845066
NAMPT,0.5384504
MBD5,0.5384494
FN1,0.5384458
MANBA,0.5384456
LRRC4B,0.5384441
LATS2,0.5384411
SLC27A4,0.53844106
NOP58,0.53844094
IFIT5,0.5384408
GPC4,0.53844064
PDCD6IP,0.5384395
HDAC1,0.53843933
MAN1C1,0.53843933
MYO10,0.5384389
POLH,0.53843856
HNRNPUL2,0.53843814
KPNA1,0.5384367
MAP3K9,0.53843635
NOC2L,0.5384358
POLR2B,0.53843576
MRPS30,0.5384354
MAP3K8,0.5384344
PPP1R13L,0.53843415
MAVS,0.5384332
MAP1LC3B,0.53843284
OSTM1,0.5384325
MBTPS1,0.5384319
RBM42,0.5384313
HS2ST1,0.5384306
LMBRD1,0.5384305
MAN2B1,0.53843015
MLST8,0.53843004
PSMD5,0.53842974
HACE1,0.5384287
PSMF1,0.5384281
HDAC3,0.53842515
PACSIN3,0.53842497
MCMBP,0.5384245
PHF1,0.53842425
POLR1B,0.5384242
MPP7,0.5384241
PI4KA,0.5384234
ITGA1,0.53842324
NEK6,0.5384221
RBPJ,0.5384207
TSEN54,0.5384204
SCUBE2,0.53841954
NSDHL,0.53841585
HSD17B4,0.5384128
DYRK1B,0.5384094
OAZ1,0.53840756
MAML3,0.5384068
MSX1,0.53840667
MAPK9,0.53840524
LBR,0.5384038
OSBP2,0.53840315
PAIP1,0.5384024
LYAR,0.53840214
NFKBIA,0.5384011
DCTN3,0.53839856
FMNL1,0.5383985
NUB1,0.5383984
NAPEPLD,0.5383971
PTPN7,0.53839636
LARP4,0.53839594
NBAS,0.5383948
FSCN1,0.5383927
HUWE1,0.5383923
KHNYN,0.5383922
LEMD2,0.53839
NCALD,0.5383899
PEX13,0.5383894
NPNT,0.5383878
LYRM4,0.5383857
IREB2,0.53838426
MIB1,0.5383818
GTF2B,0.53838146
SMCR8,0.5383806
ODC1,0.53838027
IQGAP1,0.53837883
KRT19,0.53837776
RAC3,0.5383755
PARD3,0.53837466
FNTA,0.5383738
RUSC2,0.53837377
FAHD2A,0.53837377
ZNF284,0.5383734
PIGW,0.5383726
NOD1,0.5383725
SLC22A17,0.5383723
NAP1L1,0.53837144
ELOVL1,0.53836805
MYL6,0.53836703
PHC1,0.53836584
NR4A1,0.5383658
PRDX5,0.5383651
NKIRAS1,0.538365
MPP6,0.5383649
NXF1,0.5383637
SPRY1,0.53836304
MDK,0.53836197
NCAPG2,0.5383618
QPRT,0.53836167
NCKAP1L,0.5383607
RINL,0.53836
PES1,0.5383585
PLEKHA3,0.53835785
PRPF39,0.5383545
PIP5K1C,0.53835374
KIF11,0.5383537
TBX19,0.5383535
NUP88,0.53835243
MRI1,0.5383501
MLEC,0.5383489
LDLR,0.53834563
SMNDC1,0.53834563
NPTN,0.53834563
GRB2,0.5383453
NCKAP1,0.5383423
FKBP2,0.53834176
RGMB,0.5383415
S1PR1,0.5383411
ELL2,0.5383407
NPHP4,0.53833985
PITX1,0.53833896
GTPBP2,0.53833884
TNXB,0.5383387
NDUFAF2,0.53833777
GSTA4,0.53833675
ITPR3,0.5383346
ME1,0.5383341
NIPBL,0.53833383
REXO2,0.53833306
MTA2,0.5383325
PRPF19,0.5383277
RECK,0.5383251
MSRA,0.538324
CYCS,0.5383232
PDP1,0.538323
LPIN1,0.53832096
HSPB2,0.53832054
MRPL27,0.53832
NFIX,0.53831875
MAPK14,0.53831655
PARD3B,0.53831595
PGM1,0.53831595
NCK2,0.5383146
MEIS2,0.5383111
PPP6R1,0.53831095
KAT6A,0.53830904
IGF2R,0.5383076
NLK,0.53830725
MTIF3,0.53830504
LINGO1,0.53830445
LTB4R,0.53830415
MORF4L1,0.5383041
LMO4,0.5383037
PSTK,0.53830326
METAP2,0.5383017
MED28,0.5383015
INTS4,0.5383012
SNAPC2,0.5383005
KCNMB4,0.5383005
FYN,0.53829885
LARS2,0.5382951
KCNK5,0.53829455
SUV39H2,0.53829294
GPT2,0.53829277
PAICS,0.5382923
HERC2,0.5382907
MT2A,0.5382882
FTSJ3,0.5382873
PDE3A,0.538285
SNX33,0.53828496
LPCAT2,0.5382826
MPP2,0.53828156
EMD,0.5382812
CDC7,0.5382805
MAPKAP1,0.5382801
KDELR2,0.5382785
LGALS9,0.53827816
MICU2,0.5382778
LIPA,0.53827703
REEP3,0.538276
PRPF4,0.5382755
MTFMT,0.53827447
PDLIM5,0.5382744
MBP,0.53827435
HUS1,0.5382738
GPANK1,0.53827363
ICAM3,0.5382736
MKNK2,0.53827333
ORMDL3,0.5382731
NDRG3,0.53827006
MAGOHB,0.5382693
GGCX,0.5382679
KDM5B,0.53826725
LRP6,0.5382659
MCM7,0.5382647
MRPS18B,0.5382639
MED15,0.5382638
PLA2G4A,0.5382629
HSPA9,0.53826076
PDE4D,0.5382607
RPL13,0.5382602
ITPK1,0.5382594
NME7,0.5382589
MAP4K3,0.53825706
MEIS1,0.538257
NPRL3,0.5382568
MTO1,0.5382567
HMOX2,0.5382565
PDS5A,0.5382564
MRPL40,0.53825563
LSM2,0.5382556
PRPF4B,0.5382526
LPCAT1,0.5382519
PDE10A,0.53825164
PAK1IP1,0.53825146
MICALL1,0.53825146
MAPKAPK2,0.5382503
LARP4B,0.5382502
C17orf75,0.53824997
GPN1,0.538249
ORC3,0.53824705
PSD,0.5382461
PAIP2B,0.5382453
IMMT,0.5382397
NDUFS6,0.53823787
PHF11,0.53823453
GRK6,0.53823376
MED4,0.5382329
KPTN,0.5382327
NR2C2,0.5382323
MLXIP,0.5382314
MARK3,0.5382296
LLGL1,0.53822833
MRPS6,0.53822744
NFATC4,0.5382261
NOP14,0.5382258
MYBL2,0.5382253
HSF2,0.53822446
MAP4K2,0.53822345
HVCN1,0.5382225
INPPL1,0.53822154
TCN2,0.5382202
PFN1,0.53821915
NMT1,0.538219
IRF2,0.53821814
KDM3B,0.53821784
FEM1A,0.5382167
KMT2E,0.5382149
BLVRB,0.5382147
PDCD6,0.5382125
PRPF6,0.53820986
NUFIP2,0.53820986
MRPL3,0.5382094
IQGAP2,0.5382081
LAMP1,0.5382074
PEX5,0.5382072
RBBP9,0.53820467
FBXO30,0.5382004
MRPL41,0.5381996
SHCBP1,0.5381982
TTC30A,0.53819746
IMPA2,0.5381969
TMEM126B,0.53819686
ORC6,0.5381965
LAT2,0.5381964
PHB2,0.5381962
MBD3,0.5381955
MCL1,0.5381952
LGR4,0.53819364
IGFBP4,0.53819245
PEX3,0.53819215
MOAP1,0.53819203
INPP5A,0.53819156
RETSAT,0.5381915
NCBP1,0.53819066
PSMC1,0.5381898
CPT1B,0.5381879
RNH1,0.5381877
NIPSNAP3A,0.53818595
IRF2BPL,0.53818315
GALNT7,0.5381812
HPS1,0.53818095
DIABLO,0.5381808
COMMD2,0.5381807
KREMEN1,0.53818065
GOLIM4,0.53818053
IP6K1,0.5381794
MBD2,0.5381792
ISYNA1,0.538178
POMGNT1,0.5381779
IRF2BP1,0.5381761
EXOSC10,0.5381728
MAML1,0.53817254
MSL3,0.5381722
ISCA2,0.5381716
MMAA,0.5381714
PLCD3,0.5381706
NDOR1,0.53816843
IFT88,0.5381683
S1PR4,0.53816795
LRRC47,0.53816766
PLEKHG4,0.53816754
NET1,0.5381674
NR2F2,0.538167
DAPK3,0.5381652
COL1A2,0.53816485
MED14,0.5381617
MPDZ,0.5381614
LAMC1,0.5381601
MKLN1,0.5381601
HOXB4,0.5381586
NFATC3,0.5381583
MSX2,0.5381583
NOL9,0.53815717
KLHL25,0.5381526
NDUFA13,0.53815216
NUMA1,0.53815097
MYBBP1A,0.5381483
HIF1AN,0.53814816
MID1,0.5381467
MBOAT7,0.53814524
MGAT4B,0.5381441
NCEH1,0.5381441
NAP1L4,0.5381419
POLR3C,0.5381415
DCTD,0.53814083
MZF1,0.53814036
MAT2A,0.5381391
KDM2A,0.5381379
IFNAR2,0.53813756
KCTD3,0.5381371
GNG12,0.5381369
LPCAT4,0.5381368
MLF1,0.5381354
GOLGB1,0.5381354
GLMN,0.53813183
SPON2,0.5381288
PTGER4,0.5381286
MAEA,0.5381286
KRIT1,0.5381277
RAPGEF5,0.5381273
MPHOSPH8,0.5381262
FGD1,0.5381258
NUDT16L1,0.53812486
RPS6KA4,0.5381247
MIDN,0.5381244
MMS19,0.5381221
GOT2,0.5381213
RNF144A,0.53812075
IPO7,0.5381204
ETFB,0.53811973
FDPS,0.5381194
FGFRL1,0.5381187
METTL4,0.5381171
PPM1F,0.53811604
LAP3,0.53811544
IMP3,0.5381152
MAK16,0.5381142
PIGU,0.53811324
PI4KB,0.5381123
NRP1,0.53811204
GRWD1,0.5381111
GOSR1,0.538111
PIGC,0.53811085
FXR1,0.5381102
IARS2,0.5381101
LCLAT1,0.53810984
MAP2K6,0.5381071
LONP1,0.53810704
PIP5KL1,0.5381068
TRIM39,0.53810674
GNPDA2,0.53810674
PDSS2,0.5381066
GOLM1,0.5381064
NCL,0.53810513
NCAPD2,0.5381047
PREX1,0.53810453
NOP9,0.53810436
HBP1,0.5381043
GMNN,0.538102
MZT2B,0.5381006
HOXB7,0.5380989
HMGCR,0.53809696
LAMC3,0.5380963
OSGEP,0.53809464
NDC80,0.5380931
SLC40A1,0.53809285
ZNF224,0.5380922
KLHL11,0.53809136
LAMA3,0.53809
CCL4,0.5380878
MUS81,0.53808755
GNAI2,0.53808516
GID8,0.5380848
IPO11,0.5380842
MSRB2,0.5380808
ITGA5,0.53807956
PPP2R5D,0.53807926
KDM2B,0.5380786
PLCG1,0.5380762
NT5C,0.5380754
SURF2,0.5380752
MELK,0.53807485
MGAT5,0.53807443
NOM1,0.53807384
GATC,0.5380736
KCTD1,0.5380726
LSM7,0.5380716
NAPG,0.5380712
MRPL34,0.53807026
ELMO1,0.53807026
GART,0.5380688
KATNBL1,0.53806645
HSPB1,0.53806365
EXOSC2,0.53806335
PHLDA3,0.53806
HTATSF1,0.5380593
HMGCS1,0.5380586
MAGT1,0.5380574
EPHB2,0.5380548
KIF4A,0.5380537
FOXRED1,0.53805256
MTHFD2,0.5380482
ITM2B,0.5380471
KLHL9,0.53804696
NEU1,0.5380469
NFKB1,0.53804654
MRPS34,0.5380463
MSH5,0.53804564
MYO9A,0.53804505
FKRP,0.538044
IL2RB,0.5380435
LRCH1,0.53804326
NDUFA12,0.53804314
OSTC,0.538043
KIFC1,0.5380428
MPI,0.5380423
NME6,0.5380416
IPO5,0.5380409
FHL2,0.538038
ITCH,0.5380378
NGDN,0.5380362
NAA50,0.53803504
LIMD1,0.53803474
KCNS3,0.53803384
ELP6,0.5380324
PEX7,0.53803205
KCNAB2,0.5380299
EIF5,0.53802943
ERF,0.53802913
LRP5,0.53802866
PHF2,0.538028
HIRA,0.53802776
LYPD3,0.53802747
MECR,0.53802735
RPL17,0.538027
MYCBP,0.5380264
RNF139,0.5380262
LIMK1,0.53802454
MINK1,0.5380238
MAP3K7,0.5380226
MAP3K2,0.5380225
KRT10,0.5380169
JMJD1C,0.5380156
EGLN1,0.5380155
EIF2AK3,0.5380151
KDM4B,0.5380144
NPL,0.5380139
PRKAG1,0.5380115
KPNA6,0.5380105
NID1,0.5380092
LSG1,0.5380085
FYCO1,0.5380043
GALNT11,0.53800344
MAD1L1,0.5380019
KPNB1,0.53800154
IFI44L,0.53800035
NR2F6,0.53800005
KANSL1,0.5379999
PAIP2,0.537998
LRRC41,0.53799766
GBA2,0.53799725
LSP1,0.53799677
GDPD5,0.53799623
LATS1,0.53799534
MYBL1,0.53799444
NBR1,0.5379943
IFI16,0.5379936
MIA3,0.5379935
CCL5,0.5379932
NDUFB8,0.5379894
MST1R,0.53798866
PAQR5,0.53798664
ZNF641,0.5379832
DNAJB12,0.537981
PINK1,0.53798044
GMEB1,0.53797984
NCAPH2,0.5379786
MON1A,0.5379775
NDUFB5,0.53797746
PMP22,0.5379773
KRT7,0.53797656
CD40,0.5379761
KRT18,0.53797555
NSUN5,0.5379751
PITRM1,0.5379735
NELFE,0.53797334
DNAJB9,0.53797215
NDUFAF3,0.53797066
GOLGA4,0.5379698
NFATC2IP,0.53796893
COQ10A,0.5379683
GLB1,0.5379665
HDAC5,0.5379657
LSM12,0.53796566
RNF6,0.5379656
ZNF530,0.53796506
HSD17B12,0.5379639
HOXB2,0.5379636
ASB1,0.5379633
MBNL1,0.5379622
RAB38,0.5379621
KHDRBS1,0.53796095
EPC1,0.5379609
IFI30,0.5379604
LUC7L3,0.5379564
ITPR2,0.5379563
FARSB,0.5379553
PCCB,0.5379551
MFAP2,0.53795475
IFI44,0.5379524
REPS2,0.53795224
CPOX,0.53794897
MTUS1,0.5379448
DNAJC9,0.53794265
RAI2,0.5379399
HSPH1,0.53793985
LTBP1,0.5379392
GPR176,0.53793824
GTPBP4,0.5379345
NOL3,0.5379324
BCL7C,0.5379313
MAT2B,0.53792876
KLHDC3,0.5379287
GOLGA3,0.5379266
PGM2,0.5379266
MATR3,0.5379265
KIFC3,0.53792596
NUDT12,0.53792566
HECTD3,0.5379256
GPCPD1,0.5379254
HMGXB4,0.53792536
NRCAM,0.5379246
KDM4A,0.5379232
KIF7,0.5379229
ST8SIA1,0.53792256
PCGF1,0.537921
MAN2A1,0.5379203
IRF9,0.5379201
INTS5,0.53792006
NCAPD3,0.5379175
NMI,0.53791726
NOMO1,0.53791493
POLB,0.5379137
HOXA3,0.5379129
NCBP2,0.53791267
MRPL38,0.5379119
LYPLA1,0.5379099
ILF2,0.53790915
MAMLD1,0.53790873
ETF1,0.5379081
MRPL13,0.5379043
LIN37,0.537901
HPS4,0.5379003
COG8,0.5378992
NSFL1C,0.5378969
NADK,0.53789663
MED23,0.53789604
EPAS1,0.537895
MARK2,0.53789455
PARP4,0.5378938
FDX1,0.5378898
NRL,0.53788936
ORC1,0.5378892
GCSH,0.5378889
MTMR3,0.53788763
PSMC3IP,0.5378873
COL27A1,0.5378856
NFRKB,0.5378843
MOB1B,0.5378822
IL16,0.53787893
FZD6,0.53787845
PLXND1,0.5378783
HNRNPM,0.5378782
KLHL5,0.5378757
MPDU1,0.53787476
MIS12,0.5378743
LEMD3,0.53787416
NDUFAF5,0.53787136
LGMN,0.537871
NUDT3,0.5378684
MEF2D,0.53786683
GK,0.5378658
KLHL20,0.53786564
MAU2,0.5378648
MAN1A1,0.5378642
IL1RAP,0.5378622
CNOT2,0.5378615
PARN,0.5378589
MRPL35,0.5378571
SH2D2A,0.5378548
IFT140,0.53785276
MICA,0.5378525
HTRA2,0.53785175
ERGIC1,0.5378517
CSNK1G3,0.5378499
HGS,0.53784984
HNRNPAB,0.53784966
GABBR1,0.5378489
ITPA,0.53784764
MRPS21,0.53784746
POLRMT,0.53784746
PLXNC1,0.53784734
NPAS2,0.53784704
NUCB1,0.53784376
MRPL47,0.53784335
MMS22L,0.5378414
HECTD2,0.53783965
DGUOK,0.53783923
GPC1,0.53783447
HNRNPH2,0.53783435
FNDC5,0.53783417
MCM9,0.53783363
GRHPR,0.53783333
LRRC40,0.53783286
MAPRE1,0.53783077
FCGR2A,0.53783023
HCFC1,0.5378302
PPP2R5B,0.5378299
MDH1,0.5378297
IL32,0.53782845
SULF1,0.53782684
GTF2E2,0.53782487
TNFRSF25,0.5378245
HPS3,0.53782445
EIF3K,0.5378242
MED27,0.5378235
KIF27,0.53782296
MCRS1,0.53782237
GGPS1,0.537822
ZNF626,0.53781873
HDAC2,0.53781766
DCAF13,0.53781724
PLEKHA8,0.537817
IQCB1,0.53781694
GTF3C1,0.53781515
IL17RA,0.537815
ITGB5,0.53781396
GABPB1,0.5378108
MIS18BP1,0.53780746
ETV3,0.53780705
GTPBP1,0.537807
NBEAL2,0.53780615
KIDINS220,0.5378058
HNRNPA3,0.5378026
PPL,0.53780067
MAPK3,0.53780055
GCLC,0.53780043
NDUFV3,0.5377997
KAT5,0.53779876
LMBR1L,0.5377974
KIF20A,0.5377972
FLII,0.53779614
FKBP3,0.5377945
KIF23,0.5377919
METTL22,0.5377919
POLR3G,0.53779167
NFKBIL1,0.53779155
MTHFD1L,0.53779054
LDHB,0.5377897
NARS2,0.5377895
ISY1,0.53778946
INPP5B,0.5377857
NUDT16,0.53778446
MCM4,0.5377821
DTNBP1,0.53778106
ZNF764,0.53777915
ORMDL2,0.537779
ESD,0.5377766
GPN3,0.53777635
NINJ1,0.53777593
HNRNPF,0.53777575
RIT1,0.53777564
TMEM17,0.53777456
HCCS,0.5377712
IMPA1,0.537771
KATNB1,0.53777087
GYPC,0.5377705
KIF3A,0.5377685
LRRFIP1,0.53776693
PPP1R12C,0.53776646
FKBP15,0.5377658
KIAA2013,0.5377657
GGA2,0.53776485
MRPS15,0.5377646
RASSF5,0.5377646
KIF3C,0.5377627
CREB5,0.53776205
NLN,0.5377613
ANGEL2,0.53776115
CHMP4B,0.53776056
DDRGK1,0.53776044
HOXD3,0.5377583
HADHB,0.53775704
FEZ2,0.53775656
ELMO2,0.537755
HEATR1,0.5377543
FASTKD2,0.53775376
GAS8,0.53775305
JAM2,0.5377528
NINL,0.53775245
FUBP3,0.5377521
EFNB3,0.5377494
OAS2,0.53774846
NOB1,0.537746
MATN3,0.5377442
FCF1,0.5377435
NFASC,0.5377426
PRDX3,0.53774226
HSF1,0.5377402
MTA1,0.5377374
FRZB,0.53773737
KATNAL1,0.53773415
KIF22,0.5377324
E2F7,0.53773236
DAB2IP,0.53773063
MAP2K5,0.5377304
BCKDHA,0.5377301
LSS,0.5377299
OAZ2,0.5377295
FAF2,0.53772813
FXYD6,0.53772545
MCM6,0.53772444
MRPL22,0.5377231
MCC,0.5377198
FKBP8,0.5377196
POP1,0.53771883
NADK2,0.53771675
IL15,0.53771657
INTS3,0.5377165
MAP3K5,0.53771603
GBP1,0.5377156
FAM98A,0.53771484
HSPA12B,0.53771466
ILF3,0.53770894
PPFIA3,0.5377024
HAGH,0.537702
FGD4,0.5377015
IL13RA1,0.53770125
LAMB3,0.537701
FBXO31,0.5377001
PDCD7,0.53769976
AIFM2,0.5376992
RAB3D,0.53769803
KIF1C,0.53769714
LONP2,0.53769714
NUP43,0.53769624
LTBP3,0.53769493
NFIL3,0.5376941
METTL7A,0.53769386
FAM13A,0.53769225
HMGB1,0.53768826
MGA,0.537688
HSPA14,0.5376865
NACC1,0.5376858
IFT57,0.5376841
RIPK2,0.53768164
FBXO38,0.53768086
HMGN2,0.5376803
IGFBP7,0.53767896
LAPTM5,0.5376786
EIF2AK4,0.5376785
PBK,0.5376784
MX1,0.5376759
NEK8,0.5376748
CHPF2,0.53767467
HNRNPK,0.5376738
PLIN2,0.53767043
ID2,0.53766966
MAF1,0.53766936
IL2RG,0.5376676
MFHAS1,0.5376676
PBX2,0.5376674
HLCS,0.53766716
GTF3C4,0.53766686
ITGB1,0.53766555
MCM3AP,0.5376653
RP2,0.53766245
INTS10,0.5376621
DNAJA4,0.5376613
PPP1R14B,0.5376601
POP5,0.5376487
GLI3,0.537648
GID4,0.53764755
JAZF1,0.53764737
MGRN1,0.5376466
NFX1,0.53764457
LSM3,0.53764284
JAG2,0.53764236
HSPD1,0.5376418
COQ6,0.5376413
SCRIB,0.5376407
IL18BP,0.53764063
EIF2D,0.5376398
HSPA8,0.53763777
GUK1,0.53763753
LOXL1,0.53763324
MIF,0.53763264
GIGYF2,0.5376323
IQCE,0.5376305
GPSM2,0.53762925
NDUFB10,0.53762597
CRTC2,0.53762543
LRRC8E,0.53762376
HAUS4,0.5376231
DCUN1D3,0.5376213
HIVEP3,0.53762096
FYTTD1,0.5376167
HPRT1,0.53761446
MLH3,0.53761184
CHORDC1,0.53761005
GAN,0.53761005
MCTS1,0.5376086
GEMIN8,0.53760827
HNRNPH1,0.5376025
KIF1B,0.5376018
FKBP4,0.53760093
GPSM1,0.5375986
IRF5,0.5375981
PLCB2,0.5375975
LDB1,0.53759617
ETFDH,0.5375932
EIF4E2,0.5375924
HMGB2,0.5375923
INTS2,0.537592
RAB25,0.5375917
RHPN2,0.5375903
HOXB6,0.5375877
RAB13,0.53757983
PLCD1,0.53757936
MEMO1,0.53757876
TBX2,0.53757745
RALB,0.53757596
HSD11B1L,0.53757596
LPXN,0.5375749
GK5,0.5375743
LEPR,0.5375738
PRNP,0.53756833
MKRN1,0.5375645
GLG1,0.5375634
EIF2S1,0.537563
GRB10,0.53756106
IFT122,0.5375582
HAT1,0.5375577
HSPG2,0.5375565
KANK1,0.53755635
FAM20A,0.5375551
MRPL1,0.5375541
ZNF577,0.53755164
CMTM6,0.5375512
KLC1,0.53755105
MACF1,0.5375506
EIF6,0.5375494
LIMS1,0.53754884
PTGS1,0.53754675
JARID2,0.5375458
GNG5,0.5375457
HEPH,0.5375456
NEB,0.5375443
CLDN1,0.5375439
RPP40,0.537543
LRFN3,0.53754264
FBXO22,0.53754157
ESYT1,0.5375407
SLC22A4,0.5375407
NSUN6,0.5375388
CCDC59,0.5375388
EIF4EBP2,0.537538
KIF2A,0.5375355
MINPP1,0.53753287
RARB,0.53753066
HMG20A,0.5375266
SEPSECS,0.53752524
NHEJ1,0.537524
KCNAB1,0.5375216
HLA-C,0.5375213
FBXW11,0.5375211
DUSP12,0.53752023
AP2A1,0.53752023
LAMA4,0.53751963
KCTD15,0.5375172
GIPC1,0.5375165
GUSB,0.53751594
RGS2,0.5375104
KCNN4,0.5375102
DHRS1,0.5375101
FANCB,0.5375101
NMRAL1,0.5375084
NDUFV1,0.53750825
ITPR1,0.53750813
PIGS,0.5375022
DLST,0.537502
LMOD1,0.53750193
MED16,0.5375011
HLA-DPA1,0.5375011
ESRP2,0.5375011
HYOU1,0.5374991
MED29,0.53749347
GULP1,0.53749245
PFKM,0.5374904
MYL12B,0.53748894
GNAI1,0.5374884
HM13,0.53748703
EZH2,0.53748494
FBXO41,0.53748286
MAFG,0.537482
PTPN22,0.53748065
GNB4,0.53747344
MAN2B2,0.537472
FBXO5,0.5374712
FAM13B,0.5374705
NAGK,0.5374697
FAM3C,0.53746957
SYP,0.5374695
KIF26B,0.5374686
GGA1,0.53746635
MRPL39,0.5374658
RELL2,0.5374658
DUSP16,0.5374654
IPPK,0.53746426
FAM98B,0.53746337
FSTL1,0.5374624
LRFN4,0.5374595
IFT46,0.5374593
NAF1,0.5374579
GRN,0.53745747
EIF3B,0.53745586
FERMT2,0.53745276
GTPBP10,0.53745234
SPI1,0.5374521
FOXN3,0.53745145
DLD,0.5374513
EIF3G,0.5374494
FANCL,0.5374481
KPNA4,0.53744787
ADAMTS7,0.53744745
DHDDS,0.53744733
PALMD,0.53744674
MAP1S,0.5374466
GADD45GIP1,0.5374465
PPP1R11,0.5374463
HNRNPDL,0.53744507
MIER1,0.5374447
IP6K2,0.53744245
GFER,0.537439
HEG1,0.5374383
GDE1,0.5374379
GRAP,0.5374364
LGALS3BP,0.53743464
KDELR1,0.5374337
GTF3C5,0.5374327
HS6ST1,0.5374319
HECTD1,0.5374292
NR1H3,0.5374289
PLA2G15,0.53742605
HGSNAT,0.5374251
GEMIN4,0.53742504
ING2,0.5374246
GSTK1,0.537424
GABARAP,0.53742343
AIMP1,0.53742313
CNTRL,0.5374224
TLR4,0.5374212
IFNGR1,0.53742015
L3MBTL1,0.53741604
GPR183,0.53741544
MRPS14,0.53741425
MMAB,0.53741384
CGNL1,0.5374134
HSPA5,0.53741294
KIF20B,0.53740954
GCC1,0.5374095
FRS3,0.5374095
IL17RB,0.53740823
HIP1R,0.53740805
FBXO9,0.5374069
FBL,0.53740317
BLOC1S1,0.53740156
ZFP82,0.53740156
LRRK2,0.5374014
GNA12,0.53739977
EP400,0.53739977
HDAC7,0.5373996
DDX51,0.53739846
HEXA,0.53739744
IDH3B,0.53739715
IDE,0.53739715
RAP1GAP,0.5373962
MOB1A,0.5373947
MGLL,0.53739285
NAE1,0.5373928
GSTM2,0.537392
ARHGEF40,0.5373917
HDAC9,0.53738785
CPT1C,0.53738606
GALNT6,0.53738314
KNTC1,0.537381
HTT,0.5373777
EIF2B1,0.53737766
FIS1,0.53737754
IGFBP6,0.537375
PDLIM4,0.5373749
GPSM3,0.5373745
GORASP2,0.5373741
C1R,0.53737235
ATP6V0E2,0.53736985
GJA1,0.5373687
EXOSC1,0.53736585
FANCM,0.53736436
ARHGAP25,0.53736407
SDSL,0.537364
COLEC12,0.53736216
GAB2,0.5373614
HOOK2,0.5373607
AGPAT3,0.5373601
ADCY1,0.5373599
HEXIM1,0.5373595
HNRNPUL1,0.5373585
ADIPOR1,0.5373553
HIPK2,0.53735447
DBT,0.53735435
BIN2,0.53735137
HNRNPA1,0.53734994
FRS2,0.53734875
IPO9,0.5373463
L3HYPDH,0.5373412
HAUS6,0.53734106
HAUS5,0.5373409
DCP1B,0.5373409
NMRK1,0.5373389
LONRF1,0.5373352
IL4I1,0.53733504
MFSD2A,0.537335
KPNA2,0.53733444
ERCC6,0.53733355
PTH1R,0.5373334
EXOC1,0.5373294
MYOF,0.53732836
MVD,0.5373256
NDST1,0.5373236
GSTM4,0.53732324
BRAP,0.537323
IRAK1,0.53732157
HBS1L,0.5373206
MRPL33,0.5373198
INTS6,0.537319
EXOC7,0.53731877
RER1,0.5373158
MPHOSPH6,0.537315
NHLRC3,0.537315
EID3,0.53731495
LPL,0.53731257
GMPPA,0.53731006
FMO4,0.5373093
EIF4E,0.53730667
NFS1,0.5373062
NUDT14,0.5373011
INVS,0.537297
EZH1,0.5372968
IQGAP3,0.53729385
ENAH,0.5372937
EVPL,0.53729343
PPP2R3C,0.53729254
ELOVL6,0.5372894
DCAF17,0.53728855
HACL1,0.5372866
ITGA3,0.5372856
HNRNPL,0.5372827
DUSP2,0.5372801
FAH,0.53727436
HNRNPU,0.5372721
GTF3C3,0.537271
ETHE1,0.5372689
FANCI,0.5372689
MRPL46,0.5372688
DNAJB6,0.5372629
CWF19L2,0.53726286
HOMER3,0.53726
MMP17,0.5372596
MCM10,0.5372584
PPT2,0.5372544
EXTL3,0.53725386
ENSA,0.5372509
FADS2,0.53724927
EFNA3,0.53724915
POLE4,0.5372489
INO80,0.53724784
IMPDH1,0.5372476
NCLN,0.5372471
KIF21B,0.537246
GALNT10,0.53724515
GANAB,0.5372451
GADD45B,0.5372449
GATAD2B,0.53723776
FAM111A,0.5372375
MAD2L1BP,0.5372369
KRBA1,0.53723466
FBXO7,0.53723186
HNMT,0.5372299
ZNF461,0.53722787
ILK,0.5372265
HLA-DRB5,0.53722435
RASL10A,0.53722435
WDR31,0.53722423
HERPUD1,0.5372229
MMACHC,0.53722
EIF4B,0.53721994
ERP29,0.53721523
PARP2,0.5372147
CNDP2,0.53721374
HCAR2,0.53721267
SHPK,0.53721267
NID2,0.5372123
GOLPH3,0.53721
GRSF1,0.53720987
ZNF793,0.53720975
FAM110B,0.5372097
HLA-F,0.5372068
FUCA1,0.5372043
FBXL19,0.53720117
EFNA5,0.5372011
ERN1,0.53719926
GOLGA1,0.53719825
GLS2,0.53719795
HDLBP,0.5371979
GATAD2A,0.53719676
FBLN1,0.5371967
IFT74,0.53719515
DTL,0.5371941
GALNT12,0.5371916
GNAL,0.5371883
ITGA2,0.5371876
FKBP1A,0.5371832
CA2,0.5371796
GALNT1,0.5371795
LMO7,0.5371794
NMT2,0.5371794
MDFIC,0.53717875
HSPA4L,0.5371783
GSK3B,0.5371765
G3BP1,0.5371761
RPGR,0.5371761
HNRNPA0,0.5371747
GAK,0.5371737
HPSE,0.53717035
ERI1,0.5371703
HINT1,0.53716695
NDUFA8,0.5371664
KDM1B,0.53716624
MBD4,0.5371656
FPGS,0.5371635
IFNGR2,0.5371602
HARBI1,0.53716004
JMJD6,0.53715885
PLAT,0.5371559
FBXO8,0.5371542
FBXO21,0.5371518
INPP4B,0.5371515
HLA-B,0.5371514
DDX19B,0.53715116
FNIP1,0.5371503
EIF3H,0.5371498
HMMR,0.53714913
EMB,0.53714716
GBE1,0.53714645
MYO6,0.537145
KAT2A,0.53714454
CDK11A,0.53714234
GCAT,0.5371414
IFT172,0.537141
FBXL4,0.5371405
DNAJC13,0.5371392
ZNF184,0.537137
MAPK12,0.5371348
HOXA10,0.53713167
KIF21A,0.5371307
MRPS7,0.53713036
EIF4G1,0.53713006
FGD2,0.5371249
KLHL21,0.53712445
DNAAF2,0.5371185
LAMB2,0.53711504
MARK4,0.53711426
E2F4,0.53711027
NDUFA11,0.53710705
LRWD1,0.5371029
IFNAR1,0.5370985
RRAS,0.5370961
JMY,0.5370939
HERC4,0.5370925
HNRNPH3,0.53709155
RFK,0.5370913
EIF2A,0.5370899
GNB1,0.5370861
CSK,0.5370846
SGK3,0.53708416
HK1,0.5370818
GYS1,0.53708136
GALNS,0.53708047
FBXW5,0.5370793
NOMO2,0.5370781
ZNF709,0.53707796
EIF3D,0.537077
CCNT2,0.5370752
HNRNPC,0.5370697
GAPVD1,0.53706956
LAMA5,0.5370683
HDAC8,0.53706706
EPB41L1,0.53706616
KRTCAP2,0.53706396
GGH,0.53706187
DDX27,0.5370617
IPO8,0.5370606
FURIN,0.5370597
ITGA11,0.53705764
CBLL1,0.53705704
FAN1,0.5370569
IL6R,0.53705513
LSAMP,0.5370549
CHRAC1,0.5370463
MAP3K4,0.5370458
GNAI3,0.53704447
CTR9,0.5370417
CYSTM1,0.5370405
COPG1,0.5370367
DDX50,0.5370367
FUT8,0.53703576
LPIN2,0.53703296
GPD2,0.53703254
DUS2,0.53703
DCAF16,0.5370279
GNPTAB,0.537026
MRGBP,0.5370255
DYRK2,0.53702545
GSR,0.5370218
MYO1F,0.53701955
HNRNPD,0.537019
GNL3,0.5370176
ECI2,0.53701365
NPDC1,0.53701353
MAN1A2,0.5370125
GGCT,0.53701156
SECTM1,0.5370113
GCC2,0.53700864
EFEMP1,0.53700835
LFNG,0.5370082
CREG1,0.537008
IBTK,0.53700525
HLA-E,0.5370044
GNB2,0.5370024
LTBR,0.53700167
CIAPIN1,0.53699684
MST1,0.53699684
GTF2F1,0.53699595
EPB41L3,0.5369938
NDUFB6,0.53698957
FOXK2,0.5369888
HEXIM2,0.5369871
FLAD1,0.5369857
MTMR4,0.536984
EVC,0.53698385
MTM1,0.53698117
GLUD1,0.536979
ISG15,0.53697854
OTUD3,0.536978
KANSL2,0.5369768
EEF2K,0.5369719
GNPTG,0.5369705
LIG1,0.5369674
HDAC4,0.5369669
GLUL,0.53696465
ENTPD5,0.5369587
GLS,0.53695863
MED24,0.53695667
MOSPD2,0.5369564
KMT2B,0.536956
HOMER2,0.53695464
FLRT2,0.53694725
FER,0.53694713
HIPK1,0.536945
GPI,0.5369445
KLHL42,0.53694403
CYB5A,0.53694296
THBS2,0.5369427
MBIP,0.5369364
FKBP5,0.5369351
F3,0.5369282
NFU1,0.53692645
ZNF836,0.5369262
GNS,0.5369256
INO80C,0.5369244
DHODH,0.5369241
NAPB,0.5369177
GIT2,0.53691095
ITGA7,0.53690934
CALCOCO1,0.5369062
LIN9,0.5369015
FARP1,0.53690124
GTPBP3,0.5369011
ESYT2,0.5368985
EHBP1,0.5368975
ETS2,0.5368952
GTF2IRD1,0.5368907
NEMF,0.53688705
JUP,0.53688663
FARS2,0.5368806
LCMT1,0.53688055
HOMER1,0.5368803
HSPA1A,0.5368784
ITGB1BP1,0.5368776
GTF2I,0.5368747
EXO1,0.536874
HSPA6,0.5368734
MBD6,0.53687245
MIEF1,0.5368696
HSPA4,0.53686893
PTGER2,0.5368679
LRP2BP,0.5368634
NOC3L,0.53686076
CLCN7,0.53685534
IDH3A,0.5368537
RABL2B,0.5368507
CDR2L,0.5368484
FAT4,0.53684694
KIF14,0.53684264
IER3,0.53684026
DLG4,0.53683984
HCK,0.53683794
LMAN1,0.53683716
BIRC2,0.5368365
FXR2,0.5368361
HLA-DRB1,0.5368359
DPYSL2,0.53683263
GPR161,0.5368259
F8,0.5368235
ING1,0.53682035
ERGIC2,0.53682
LIMS2,0.53682
HPS5,0.5368188
LIN54,0.5368183
FRMD6,0.5368133
ETFA,0.5368115
COMMD3,0.536809
RNF125,0.5368034
DRG1,0.5368003
IFT81,0.5367962
KIF2C,0.5367908
NDUFA5,0.53678954
CYFIP1,0.5367877
DCAF7,0.5367862
SCNN1D,0.5367862
MED21,0.5367838
GALNT2,0.5367835
NEDD9,0.5367829
CD2AP,0.53678256
HAUS1,0.5367808
NUDT19,0.5367799
PLB1,0.5367783
INPP5F,0.53677803
ESPL1,0.53677726
EFNA1,0.53677523
IQSEC1,0.5367718
KLHL2,0.5367715
FBXL20,0.5367696
RNASEL,0.5367688
MAPK8IP3,0.5367676
EIF4G2,0.5367662
FBXL12,0.5367648
KHSRP,0.5367629
EIF2B2,0.5367627
DLGAP5,0.5367607
GSPT1,0.53675854
HSPB11,0.536755
DNM1L,0.53675413
CTSF,0.53675354
G3BP2,0.5367532
KCNJ15,0.5367532
FZD3,0.53675306
GTF2F2,0.53675216
MTF1,0.53675205
MAN2C1,0.53675187
KXD1,0.5367488
GPR89A,0.5367483
HADH,0.5367483
FNBP1L,0.53674704
CTNNBL1,0.5367463
GRPEL2,0.5367436
DNAJC8,0.5367429
EPCAM,0.5367423
EHMT1,0.53674114
D2HGDH,0.5367411
HES1,0.53673977
FAM168B,0.5367376
IRF7,0.53673726
IRS2,0.5367367
DGKE,0.5367352
CENPT,0.53673434
FOSL2,0.5367325
ITGB3BP,0.5367287
DBF4B,0.5367273
CHMP3,0.5367267
GDI2,0.53672665
DCAF12,0.5367263
RIN2,0.5367262
FADS1,0.5367245
GUF1,0.5367244
ERH,0.5367221
DNAJB4,0.5367189
CENPN,0.5367187
DGKH,0.5367152
GON4L,0.5367151
MVP,0.5367136
NR5A2,0.5367122
KCNC3,0.5367114
CWC27,0.53670967
DEPDC5,0.53670764
NDUFS7,0.5367066
FAM8A1,0.5367055
EXOSC8,0.5367053
KLHL22,0.53670514
DNM3,0.53670293
HEXB,0.5367009
ROBO3,0.5366996
ELF2,0.5366986
ECSIT,0.536693
EXOC5,0.53669167
KRR1,0.53668946
GCFC2,0.5366887
HSD11B2,0.5366885
EIF4A3,0.5366875
HMGA1,0.5366817
COX18,0.5366813
FAM131B,0.53668046
HMGN1,0.5366772
EXOC6B,0.5366766
AP5Z1,0.5366739
GALE,0.53667355
HAUS2,0.5366726
DCAF4,0.53666884
DCXR,0.5366685
GATM,0.5366668
FBXW8,0.536664
NTM,0.5366616
EPN1,0.5366594
EEF1E1,0.536655
DSCC1,0.5366549
HLTF,0.536654
DBR1,0.53664964
GOT1,0.5366478
NEDD1,0.53664327
CS,0.5366411
EMC8,0.5366396
GNGT2,0.53663874
FLNB,0.5366363
B3GNT2,0.5366356
EIF1,0.5366327
HFE,0.53663164
DPH3,0.5366303
GNPDA1,0.53662986
FAM120B,0.53662795
GEMIN7,0.536623
EHD1,0.5366217
CYFIP2,0.5366201
GAA,0.5366196
HELZ2,0.53661436
DENND4B,0.53661394
LIG3,0.5366106
GBF1,0.53661036
FUCA2,0.5366098
FIBP,0.5366095
INO80D,0.53660566
MED8,0.5366046
FZR1,0.5366044
GTF2H3,0.5365993
CTTN,0.5365954
HIPK3,0.53659403
COX20,0.5365918
DLG3,0.5365903
EIF2S3,0.5365902
KLHDC2,0.5365885
ELF1,0.53658503
DPF2,0.53658473
SPARCL1,0.536584
CEP152,0.53658336
RSAD2,0.536581
FAF1,0.53657764
CIAO1,0.53657705
GPN2,0.53657705
DNM1,0.53657687
CENPI,0.5365735
CTDP1,0.53657347
HLA-DPB1,0.5365732
FTH1,0.5365717
EXOSC9,0.5365715
ERGIC3,0.53657115
DNAJC15,0.5365689
FGR,0.53656656
CD63,0.5365657
EVL,0.53655934
CXXC1,0.5365573
RBAK,0.536557
CYTH3,0.5365569
EIF2AK2,0.5365553
CENPK,0.53655463
ERLEC1,0.5365486
DSN1,0.53654605
GSE1,0.5365406
DHCR7,0.5365394
GFM1,0.5365386
EIF5B,0.53653365
FBXO2,0.53653276
EIF3J,0.5365315
GMDS,0.5365291
DIS3L2,0.5365281
INSIG1,0.5365276
EIF4A1,0.5365259
OPLAH,0.53652334
BET1,0.5365224
IL17RC,0.53651667
GADD45A,0.53651494
GDF11,0.53651327
DLG5,0.5365125
FMNL3,0.53651214
DSG2,0.53650886
MYH14,0.5365038
DIAPH2,0.536498
RASGRP2,0.53649646
DYNC1H1,0.5364947
ING3,0.53649276
FUNDC1,0.53649163
IL2RA,0.5364916
IPMK,0.5364819
DZIP1,0.53648144
IFT52,0.53647804
DPH1,0.5364774
EIF4EBP1,0.53647596
E2F3,0.53647417
INTS1,0.53647155
ERI2,0.5364707
MCUR1,0.53646904
MRPL24,0.5364659
CNTLN,0.53646487
DLG1,0.5364636
DGKD,0.53646344
CORO1A,0.53646314
HARS2,0.5364622
SYCE2,0.5364612
FBXL17,0.536457
CLNS1A,0.5364512
DAP3,0.5364485
LRRC49,0.5364476
CTDNEP1,0.5364474
FARP2,0.53644675
KBTBD7,0.53644556
DCUN1D4,0.5364431
FRAS1,0.5364414
EIF4G3,0.53644073
ACTR3B,0.53644043
IRAK4,0.53644013
F2RL1,0.5364394
COPS7A,0.53643817
DENND1A,0.53643525
FAM91A1,0.53643423
ITGB4,0.53643286
BPTF,0.5364293
HLA-DMB,0.5364278
DGKI,0.53642493
LIPT1,0.53642446
EEA1,0.53642404
DUS1L,0.5364215
DSP,0.5364177
EGLN3,0.5364167
KLHL3,0.53641135
ZNF416,0.5364113
ERRFI1,0.5364085
GALC,0.53640723
CTBP1,0.5364066
EIF4H,0.53640616
DNAJA1,0.53640544
GAR1,0.5364039
DHX32,0.5364014
EEFSEC,0.5363993
EXOC4,0.5363963
ICAM2,0.5363956
LZTFL1,0.53639424
CHST15,0.53639364
HSPBP1,0.5363923
LPIN3,0.53638923
HMG20B,0.53638875
FBXW4,0.5363887
IPO4,0.53638786
HMBS,0.5363836
GAB1,0.5363826
CLPB,0.53638184
COX17,0.5363778
HELQ,0.53637725
CUL3,0.53637695
PARD6G,0.5363761
FNIP2,0.5363756
ELAC2,0.53637475
ENTPD4,0.53636533
DTX3L,0.5363593
CTSZ,0.5363566
SLC44A4,0.53635603
COPS7B,0.5363557
FAU,0.5363549
GPX3,0.5363516
CWC15,0.5363498
HAUS3,0.5363497
PDP2,0.5363485
ATP1B2,0.5363477
CSE1L,0.5363474
DHX37,0.53634584
CCM2,0.536344
FBXW2,0.53634083
CASP4,0.53634053
NFKBIB,0.5363353
EFNA4,0.5363317
GNL1,0.5363313
DDX46,0.53632873
COX15,0.5363235
HLX,0.53632283
CTDSPL,0.53632164
ITGA9,0.5363207
GOLGA2,0.5363148
PLCD4,0.5363147
GFPT1,0.53631246
E2F2,0.5363107
RHPN1,0.5363098
GIMAP8,0.5363078
GIT1,0.5363066
EBF1,0.5363046
FOXK1,0.5363035
CD53,0.5363021
ESRP1,0.53629726
MRPL49,0.53629667
ENO2,0.53629553
CHCHD2,0.53629416
LAMP2,0.53629327
CENPH,0.5362914
DDX31,0.5362898
DCTN4,0.5362889
BPNT1,0.5362857
LY96,0.5362799
DDX23,0.53627235
PCOLCE,0.5362721
DDX18,0.53627145
FMNL2,0.53626734
GDI1,0.53626645
DENND6A,0.5362657
FBXL5,0.5362646
LARP7,0.5362645
LTB,0.53626
COTL1,0.53625876
MCCC1,0.536253
NEIL1,0.5362409
ENO3,0.53623897
IWS1,0.5362381
DLAT,0.5362367
EEF1D,0.5362349
MVB12B,0.5362326
DAZAP1,0.53623146
IL15RA,0.53622663
ATP13A2,0.5362264
NCF4,0.5362261
DDX24,0.53622437
FUT4,0.53622365
CTPS2,0.5362199
INPP1,0.5362167
GABPB2,0.5362131
SEC31B,0.5362117
ESRRA,0.5362102
GTF3C2,0.53620887
CTSH,0.5362079
FAM83D,0.5362052
GLCE,0.5362049
CAP2,0.53620344
GEMIN5,0.5362026
INPP4A,0.5361997
PKP1,0.5361957
ACTR6,0.53619283
EIF3I,0.5361892
CKLF,0.53618824
GSK3A,0.536186
CLSPN,0.53618556
EMC7,0.5361843
DNAJB14,0.5361843
CPSF6,0.53618324
DERL1,0.53617847
DDX21,0.5361748
DOCK6,0.53617376
ALPK1,0.5361704
EIF2S2,0.5361693
MED11,0.53616554
ASB6,0.53616446
EDIL3,0.53616405
CBX7,0.5361521
GNB5,0.53615123
CHAF1B,0.5361493
COG6,0.5361485
H6PD,0.53614736
CMTR1,0.5361459
FTL,0.53614295
HSD17B8,0.53614163
GNL3L,0.53614026
DMD,0.5361361
DCAF8,0.53613037
IKBKE,0.53612787
EPB41L4B,0.53612477
HDAC6,0.5361236
EPHA4,0.5361234
CSTF2,0.5361205
ARFIP2,0.5361166
ENOPH1,0.53611654
CERK,0.5361161
CSF1,0.5361156
ENG,0.536111
F11R,0.5361106
HSPA13,0.5361074
FBXO10,0.53610736
IKBKG,0.53610647
KCTD6,0.536104
ERAL1,0.5360984
EXOC8,0.5360953
CORO1B,0.5360936
FBXL3,0.53609324
ELP2,0.53608793
ERMAP,0.53608686
CPSF2,0.5360853
MCF2L,0.53608125
DIAPH3,0.5360791
DFFB,0.5360776
GJC1,0.5360752
EIF2B3,0.53607476
CPNE3,0.53607017
DHCR24,0.5360668
COA6,0.53606564
IL4R,0.53606534
FDXR,0.53605825
CEP41,0.53605807
CPSF4,0.5360545
FHL1,0.5360539
CLK1,0.5360511
DHX38,0.53604716
SWSAP1,0.5360447
CRKL,0.53604275
MYL5,0.5360423
CDCA5,0.5360423
DMXL2,0.5360408
ELAVL1,0.5360393
JMJD4,0.5360356
FOXP4,0.5360348
EXOSC7,0.5360271
GDAP1,0.53602016
FZD4,0.5360139
FBLN5,0.5360115
EYA3,0.5360087
HECA,0.53600734
HENMT1,0.535997
EAF2,0.5359957
PARS2,0.53599316
ENGASE,0.535989
AFTPH,0.5359879
CHD1,0.5359832
ELOVL5,0.5359813
FZD2,0.535981
NOMO3,0.5359787
FBN1,0.53597844
DDX41,0.5359774
DENND5B,0.5359756
KCNC4,0.53597397
DAPK2,0.53597295
DAB2,0.5359715
DENR,0.5359714
EXOSC5,0.535968
DNAJC11,0.53596735
FLOT2,0.5359617
GPAM,0.5359603
DTNB,0.5359594
DCUN1D5,0.53595936
COL9A3,0.5359583
FADD,0.53595597
EVI5,0.5359552
GNA13,0.535955
EGLN2,0.5359547
MAP3K10,0.535954
DNMBP,0.53595257
CEPT1,0.53595227
DCTPP1,0.53595144
COMMD1,0.535951
GTF2A2,0.53594947
DIDO1,0.53594714
DNAJC2,0.5359445
CDS2,0.5359434
FARSA,0.53593874
ADNP,0.53593653
COPS4,0.53593284
IL10RB,0.5359308
BDP1,0.5359297
LEO1,0.5359154
DPH5,0.53591317
FMR1,0.5359126
CKAP5,0.53591156
GPR68,0.53591126
NGFR,0.5359101
CABIN1,0.5359053
DIS3L,0.535903
EDC3,0.5359014
GALK2,0.5359006
GINS1,0.5359006
GAPDH,0.535899
EHD2,0.5358922
EIF2B4,0.53589034
COG4,0.53588885
CPT2,0.5358861
DDX20,0.5358815
AHSA1,0.53588104
LDHD,0.53588045
FBXL18,0.5358777
DIAPH1,0.53587747
ARHGAP30,0.53587735
MYLK,0.53587174
MRM1,0.5358693
DOCK7,0.53586876
DPH7,0.5358666
KRBOX4,0.5358617
DAPK1,0.5358615
GRPEL1,0.5358615
GCH1,0.53586024
DCPS,0.53585994
TXK,0.5358548
COX6A1,0.53585446
CETN3,0.5358542
HSPA1L,0.53585374
CTNNA1,0.5358514
GET4,0.5358465
DCAF10,0.5358452
DDHD1,0.5358444
ENPP1,0.53584164
BATF,0.535841
CTSK,0.53583664
GARNL3,0.5358311
BCL7B,0.5358274
NANP,0.5358252
MCEE,0.53582317
PTPRO,0.5358217
EIF3L,0.5358182
DOK4,0.5358152
EI24,0.53581214
CTSD,0.5357957
CHMP2A,0.5357933
DAAM1,0.53579235
GALNT18,0.5357914
GALNT3,0.53579056
COG7,0.53578633
ECHS1,0.5357795
DNASE2,0.5357717
DERA,0.5357714
EIF2AK1,0.53577083
OXTR,0.53576815
AP1G2,0.5357646
CHD3,0.5357638
ERLIN2,0.53576344
DSEL,0.53575295
EIF4ENIF1,0.5357517
EBP,0.5357515
DHRS11,0.53574824
DHX9,0.53574437
DST,0.53574026
FBXL2,0.53573966
ATP6V1G1,0.53573906
DMPK,0.53573483
CRK,0.53573346
NDUFA4L2,0.53573316
EXOC3,0.53573304
EPHB4,0.53573257
GLRX2,0.5357308
EXOC6,0.5357284
CUL5,0.5357261
DDX56,0.535724
GTF2E1,0.53572375
APPL2,0.53572243
CUL4B,0.53571963
COX7B,0.5357179
FZD1,0.5357168
EIF5A,0.5357163
FECH,0.53571177
DVL3,0.53570795
RASGEF1A,0.5357038
DBI,0.53570205
DAZAP2,0.5356974
DUSP4,0.53569376
KIF17,0.535693
DEPDC1B,0.5356913
CTDSP1,0.5356902
COBLL1,0.53568745
CBY1,0.5356871
DDX28,0.5356866
CYB5B,0.53568625
DDX17,0.53568476
CHERP,0.5356832
CYB5R2,0.5356832
CDK17,0.5356749
CYP2S1,0.53567433
EBNA1BP2,0.5356698
PCDHGA6,0.5356631
B9D2,0.5356622
EMC10,0.53566
DNAJC1,0.5356593
CENPE,0.5356535
CSTF3,0.53565335
KIAA1549L,0.5356499
CABYR,0.53564924
DUSP14,0.5356356
EPB41L2,0.53563297
DDX39B,0.53563124
CNNM4,0.53563124
DENND1B,0.5356307
ADCY5,0.5356305
DCP1A,0.53562874
COA1,0.5356286
KCNIP2,0.5356278
CSNK1E,0.5356273
MMP15,0.5356234
CEP290,0.5356227
DDX10,0.53562206
CLIP1,0.53561926
FJX1,0.5356171
HSD17B10,0.5356161
CPEB2,0.5356149
CSGALNACT2,0.5356131
COQ4,0.5356129
LOXL3,0.53561
ECH1,0.53560895
CHSY3,0.53560215
B3GALNT1,0.53560185
KCNQ1,0.53559583
CDC25C,0.53559566
CSTF1,0.5355925
DCP2,0.5355915
CTDSP2,0.5355897
PAQR3,0.535588
COG3,0.53558797
AURKAIP1,0.5355879
CNOT11,0.5355761
CD47,0.53557396
CBX4,0.53557307
FBLIM1,0.53557265
COX6B1,0.5355696
CLDN12,0.5355688
DVL2,0.53556734
GLA,0.53556633
IRF6,0.5355641
DPM1,0.53556365
DLGAP4,0.5355633
EXOSC4,0.53556275
GORAB,0.5355623
CHTOP,0.53556204
DENND4A,0.53555936
CALCOCO2,0.5355558
GMIP,0.5355526
EEF2,0.53554994
ARID3A,0.5355481
CTU1,0.53554755
FBP1,0.53554714
CNN2,0.535546
DOCK5,0.5355426
EEF1B2,0.53554183
CSTB,0.53554153
DHX36,0.5355393
CCT6A,0.5355379
EMC4,0.53553545
APOBEC3C,0.53553474
COPZ1,0.5355303
BLZF1,0.5355302
CEBPZ,0.5355301
ANAPC15,0.5355295
EVC2,0.53552854
CAMK4,0.53552103
DYNLL1,0.53551894
DYNC1LI1,0.5355106
G6PC3,0.5355104
DR1,0.53550863
DENND2C,0.5355086
FCHO1,0.53550696
DCAF5,0.53550684
CDYL,0.5355062
DCTN2,0.5355021
GPAA1,0.535501
ATP1B3,0.5354956
CSNK1D,0.5354914
GLYCTK,0.5354826
DVL1,0.5354813
KBTBD6,0.5354795
CRADD,0.5354784
DNA2,0.53547114
CDK2AP1,0.53546864
AMY2B,0.5354686
CUL1,0.53546846
GYG1,0.53546643
CSTF2T,0.53546524
DOLPP1,0.53546184
DYNC2H1,0.53545725
BAG3,0.53545696
GRHL1,0.5354567
GEMIN2,0.5354521
PANK4,0.5354506
BID,0.53544754
SHC2,0.5354462
ELOVL7,0.5354438
FAM160A2,0.5354434
CBFB,0.53544325
ECE1,0.53543776
CHPF,0.53543687
DPM3,0.5354368
FAM110A,0.535436
FLNC,0.53543484
HSPA1B,0.53543466
CPEB3,0.53543407
EEF1G,0.53543204
EPHA2,0.535431
BRPF1,0.5354289
ARHGAP9,0.535428
DOCK4,0.53542536
KBTBD8,0.5354175
CSNK1G1,0.535415
CENPP,0.5354111
DHRS4,0.53540564
APAF1,0.53540343
DNAJC10,0.53540224
CSPP1,0.53539914
CUL4A,0.5353957
COL4A5,0.5353942
CFD,0.53539413
EPN2,0.53539294
CTBS,0.53539085
DYNC1LI2,0.53538746
COPB2,0.53537834
RAPGEF4,0.5353763
LRG1,0.53535426
EEF1A1,0.5353526
CD68,0.53535163
CFDP1,0.5353498
COIL,0.5353486
NTN1,0.5353442
GATA6,0.5353438
HYI,0.5353426
DPYSL3,0.5353424
GPR132,0.5353365
CD81,0.5353349
TNFRSF10C,0.5353291
DFFA,0.5353281
HHAT,0.5353268
RUNDC3A,0.53531945
COPS8,0.5353152
CNOT7,0.53531396
ATP8A1,0.5353122
DENND3,0.5353083
FST,0.5352959
CDK8,0.5352937
CALM2,0.53529257
EXOSC6,0.5352875
DCK,0.53528625
CENPA,0.5352859
DDX42,0.53528464
EPHB6,0.53528273
CRABP2,0.53528225
FBXO32,0.53528106
FBXL14,0.53528047
CKAP4,0.5352792
DOT1L,0.5352752
COL4A2,0.535275
CLIC4,0.5352715
DGAT1,0.53526735
EDNRA,0.5352657
CNN1,0.53526384
AGPS,0.53526217
CDCA2,0.5352618
FLOT1,0.5352568
ATAD5,0.5352566
AKAP1,0.5352548
RNF152,0.5352505
CTBP2,0.53524953
CNOT1,0.5352493
IDUA,0.535247
ALDH1B1,0.535246
DONSON,0.5352446
CLOCK,0.53523993
CCR7,0.5352374
RAG1,0.53523475
GGT7,0.5352346
DCAF6,0.5352306
CDC25A,0.53523016
DOCK2,0.53522927
COPS6,0.5352289
CSDE1,0.5352283
AP4B1,0.5352278
CD58,0.5352191
CMPK1,0.53521836
BMP1,0.53521645
CD320,0.5352138
EFTUD2,0.53521365
CDC34,0.5352099
ACTG2,0.5352089
CDON,0.5352065
BYSL,0.535205
CTSB,0.53520435
CEP350,0.53520304
BCKDHB,0.5352012
FOS,0.53519917
CLSTN1,0.5351981
CFL1,0.5351915
CAPZA2,0.53519017
COPB1,0.53518534
CYP2U1,0.5351791
DCLRE1C,0.5351742
CCNB2,0.5351707
CMTR2,0.5351696
ATF6B,0.5351662
CHD7,0.535166
CLHC1,0.5351598
CYTH1,0.53515965
IRAK2,0.53515786
CDK13,0.53515416
CREBRF,0.53515404
LILRB3,0.5351446
APBB1,0.53514063
DDX11,0.5351406
DDIT4,0.53513664
KIF13B,0.5351366
CD200,0.535136
BAZ2A,0.53513545
CKAP2L,0.5351336
COL6A2,0.5351335
DCTN5,0.535132
COL8A1,0.535126
LIPG,0.535125
CPSF3,0.53511125
CACNA2D1,0.5351079
CEP57,0.5351071
BRCC3,0.5351063
DYNC2LI1,0.5351014
CAST,0.53510094
CBX6,0.5351003
FBXO4,0.53509855
CHKA,0.5350979
BTN2A1,0.53509694
CMAS,0.5350919
G6PD,0.53509104
COPA,0.53509045
CENPF,0.53508556
EOGT,0.53508127
CUL2,0.5350779
MYLK4,0.53507704
GHDC,0.5350766
CHAF1A,0.53506815
EPHX2,0.53506774
CCDC12,0.5350671
CAND1,0.5350633
ARHGAP31,0.5350584
CSGALNACT1,0.5350524
ADCY3,0.5350516
CLASP1,0.5350515
CTTNBP2NL,0.5350502
EXPH5,0.5350441
MGAT4A,0.5350427
CHN2,0.5350415
E2F5,0.5350297
DNAJB11,0.5350279
BLOC1S6,0.535026
EPS8L2,0.5350251
CDKN2AIPNL,0.5350235
CDC5L,0.5350184
DYSF,0.53501695
LRP3,0.5350155
ARHGEF1,0.5350029
COQ10B,0.53500074
CHSY1,0.53499943
GPNMB,0.53499365
CRY2,0.5349935
EGR3,0.53499174
NMB,0.5349894
DENND1C,0.53498906
DNAJC5,0.5349835
CYB5R4,0.5349779
CLDN15,0.5349779
DOCK8,0.53497356
ASGR1,0.534973
ATF7IP,0.53497046
DBF4,0.5349665
ANAPC7,0.53496516
ENTPD6,0.53495526
GRIN2D,0.53495294
BRD2,0.53495145
CLIC1,0.5349459
CERS4,0.53494424
FLT4,0.53494304
ATG4A,0.5349413
FZD7,0.53493565
DUSP10,0.53493434
DSC2,0.5349314
CLINT1,0.53493106
CNTNAP1,0.53492963
DHTKD1,0.53492486
AKT1S1,0.534919
RNF128,0.5349156
KMO,0.5349135
ECD,0.5349131
CHCHD3,0.5349128
PDE1B,0.5349103
CD48,0.5349065
DPH2,0.5349058
CRLS1,0.5349036
DUSP6,0.5349023
CBX3,0.5349016
ATP6V1A,0.5348991
DCUN1D2,0.5348978
ENPP2,0.5348958
AFG3L2,0.5348938
CUBN,0.5348925
HERC6,0.53488994
DHX8,0.53488785
EHMT2,0.53488344
CERS6,0.5348825
BZW1,0.5348785
DOCK10,0.53487664
GBA,0.5348759
DYNLT1,0.5348756
BRD9,0.5348632
CBLB,0.5348583
CMSS1,0.5348581
CCNH,0.5348581
ATM,0.53485805
CLCF1,0.5348555
CTIF,0.5348543
CEP170,0.53484756
GABPA,0.5348399
MARVELD3,0.53483695
CYC1,0.53483623
GSPT2,0.5348347
FOXRED2,0.53482664
CDK5RAP2,0.5348266
CTH,0.5348234
KPNA5,0.534823
BOP1,0.53482115
CARM1,0.5348206
ITPKB,0.53481627
AGO3,0.5348129
ELMO3,0.5348099
BMF,0.53480977
CHN1,0.53480065
DISP1,0.5347971
DDB1,0.53479606
COPS5,0.53479457
BACE2,0.5347926
FUT1,0.53479224
DALRD3,0.53478664
BCKDK,0.53478503
ASRGL1,0.53478444
CORO1C,0.5347814
CD83,0.53478044
CDC42EP4,0.53477716
CARD10,0.5347686
ADAM17,0.5347662
BCS1L,0.53476316
COX5A,0.53475887
GKAP1,0.53475606
E2F6,0.53475285
CUL9,0.5347505
DTX3,0.53474796
DTX4,0.5347477
CHID1,0.53474677
CIB2,0.5347467
COQ5,0.5347465
EMC3,0.5347462
DERL2,0.53474534
CHMP1B,0.53474206
CYB5R1,0.5347391
CCNY,0.5347362
CCT4,0.53473425
CHD1L,0.53473186
GALNT14,0.5347313
CDK16,0.5347276
PIGP,0.5347236
RNASE1,0.53471863
DECR1,0.53471357
CDC42BPB,0.53470767
CNNM2,0.5347054
COQ7,0.5347048
DDOST,0.5347014
DHX33,0.5347009
DNAJA2,0.5346977
DOLK,0.53469133
MGAT3,0.5346826
PADI2,0.53467894
CNNM3,0.53467774
BBS7,0.5346765
CTSA,0.5346749
CCNB1,0.5346725
AGPAT5,0.5346681
ALMS1,0.53466666
CTC1,0.5346526
FBXW9,0.53465205
E2F8,0.53465194
CTNNBIP1,0.5346514
DDX60,0.53465116
CERS5,0.5346507
AMOTL1,0.53465044
EAPP,0.5346357
ARHGAP44,0.5346347
ARPC1B,0.53463274
CPD,0.53463256
COL4A1,0.5346294
CCNG1,0.534628
CPNE1,0.5346275
CXADR,0.5346275
CNOT10,0.53462476
CHCHD6,0.5346224
COX7A2L,0.53461975
CEP78,0.53461665
ARRB2,0.5346153
CRY1,0.5346146
ATG16L2,0.534614
CAPZB,0.53461355
ANP32A,0.5346062
GNA14,0.5346056
COL5A1,0.53460526
DPH6,0.53460455
CLPX,0.53460044
MCMDC2,0.53459007
BECN1,0.5345882
CELF1,0.534583
COMMD5,0.5345818
EVI2B,0.53457856
COPE,0.53457457
CCNL2,0.5345733
CRMP1,0.53456855
EHHADH,0.5345552
GBP4,0.5345538
ARHGAP39,0.5345526
AZIN1,0.5345521
CCT7,0.534552
CRTAP,0.53454715
KCNH2,0.5345469
CCT8,0.53454566
CDC20,0.5345429
CAPN1,0.5345427
CLDN4,0.53454167
CCDC97,0.5345395
CHMP4A,0.5345317
CMTM4,0.5345298
CLASP2,0.53452593
CCT5,0.5345221
ARIH1,0.53451955
DENND4C,0.5345177
DHX15,0.5345172
ATG14,0.53451335
CBX2,0.5345069
AHCYL2,0.5345055
CASP2,0.53450125
ANTXR1,0.534499
CDCA8,0.53449684
BRWD3,0.53449124
CDR2,0.53448874
CBR1,0.53447324
CHML,0.53447324
COL4A6,0.5344713
ALDH7A1,0.5344702
CDK6,0.5344651
ASS1,0.53446233
DHX58,0.5344604
CHFR,0.5344602
ALG5,0.5344587
CLN3,0.534457
B4GALT1,0.534456
CD109,0.5344556
ANXA5,0.5344532
CHMP2B,0.53445256
C1D,0.5344516
CYBA,0.5344511
BOLA3,0.5344487
CFLAR,0.53444785
COL18A1,0.5344451
CCAR1,0.53444296
CYP39A1,0.53444254
COL12A1,0.5344335
ALDOC,0.53443104
CSNK1A1,0.5344291
ETNK2,0.5344259
COMMD6,0.53442454
AGPAT1,0.53442186
ARF4,0.53441817
BANF1,0.5344181
CLK4,0.5344175
CDK19,0.53440636
ANXA2,0.53440475
ARF6,0.5344039
CERS2,0.5343956
ARPP19,0.53439164
DNAJA3,0.53437865
RAB32,0.53437275
COPZ2,0.53437245
CDKL5,0.53437036
ASCC1,0.53436923
CLCN6,0.53436124
CLTA,0.53435975
C11orf49,0.53435916
CCS,0.53435737
CEBPB,0.5343518
AP3B1,0.5343448
CFL2,0.53434414
MIEF2,0.53434396
GLIPR1,0.5343359
DNAJC3,0.534335
DDX54,0.5343326
COG5,0.5343298
BACH1,0.5343238
ATP8B4,0.53432256
CD55,0.53431565
CHP1,0.5343137
AUH,0.5343096
DIS3,0.5343021
GALK1,0.53430057
CELSR3,0.5342959
EXOC2,0.53429466
DUSP7,0.5342871
COX10,0.5342856
CPEB4,0.5342817
CLK3,0.534279
CPSF1,0.5342727
CMYA5,0.5342678
ASPSCR1,0.5342671
ANO10,0.53426546
BCL2L1,0.5342641
CLDN7,0.53425443
CARF,0.53424954
CBFA2T2,0.53424627
E4F1,0.5342434
LIF,0.5342429
CYP2R1,0.5342353
RDH5,0.53423166
CDK2,0.5342189
APPL1,0.5342182
ARFGAP1,0.53421813
CAD,0.53421736
FCGRT,0.5342163
BAHD1,0.534214
ARRB1,0.53420997
ARFGEF1,0.5342052
CDK5RAP3,0.5341998
DCAF11,0.5341967
BTBD3,0.5341867
GBP3,0.53418446
FBXO27,0.5341772
CAPN15,0.534177
CDK14,0.5341702
CDK9,0.5341648
ANKRD44,0.53415877
DGKZ,0.53415143
EPB41L5,0.5341445
BCCIP,0.5341444
B4GALT2,0.53414303
CD86,0.53414303
CCDC88C,0.5341416
CHM,0.53413445
ACTR3,0.5341323
CGRRF1,0.53412974
CSNK1G2,0.53412735
ITGA8,0.5341255
CD99L2,0.53412217
BTD,0.5341187
NOC4L,0.5341181
DISC1,0.5341171
CLEC2D,0.53411156
CEP192,0.53410596
GDF15,0.53410196
BUB3,0.53409976
CMTM7,0.53409916
CDC27,0.5340963
BUD13,0.53409475
FEZ1,0.5340903
GSTM3,0.5340895
ARF5,0.53407955
CKAP2,0.5340775
BCAR1,0.53407544
ATP6V0C,0.5340733
COL5A2,0.53407294
CCDC93,0.5340655
CD69,0.5340618
AKAP10,0.5340602
ATP2A2,0.53405476
ARHGAP32,0.5340464
ATP1B1,0.5340419
CAMK1D,0.53403825
BIN1,0.5340374
ARPC4,0.53403294
AUP1,0.5340324
DMWD,0.5340305
BBS9,0.5340265
LRFN1,0.53402233
BLOC1S2,0.5340205
CAB39,0.5340176
CAPRIN1,0.5340084
FAM114A2,0.5339921
CNOT8,0.53399086
ALKBH8,0.5339867
CENPL,0.5339821
COQ9,0.53398085
ANXA7,0.53397435
ECHDC1,0.5339725
CD9,0.5339695
CAP1,0.5339692
DDX1,0.5339555
ARPC5,0.53395444
EAF1,0.5339518
CIB1,0.533943
DPY30,0.5339419
CDC37,0.5339387
CEP55,0.5339338
ATP7A,0.53391683
BTBD2,0.5339168
EME1,0.53391665
AMOTL2,0.5339088
BUD31,0.53390515
ATRIP,0.5338976
ATRN,0.53389543
STAC3,0.5338806
CRYZ,0.533876
GPR160,0.533875
CTPS1,0.53386474
CPT1A,0.5338548
ATRX,0.5338525
IFIT1,0.53384966
DCAF15,0.53384775
CDH24,0.5338404
CEP72,0.5338157
ESF1,0.5338142
CYTH2,0.5338105
CNPY3,0.5337922
CNOT6,0.5337898
ARIH2,0.5337882
GNE,0.5337871
ARHGAP10,0.5337842
HSD17B1,0.5337813
PYGM,0.53377897
AKR7A2,0.53377736
ATXN3,0.5337722
CNIH1,0.533769
BTRC,0.53376645
CDCA3,0.5337631
C2CD3,0.5337603
BNIP3L,0.5337597
EPC2,0.53375846
ACTR8,0.533757
CCDC86,0.5337561
CCDC136,0.5337545
DOCK11,0.53375256
CASK,0.5337524
ARHGAP24,0.5337452
LMCD1,0.5337424
CCNL1,0.5337418
CDC42,0.5337404
CWF19L1,0.53373486
AGO4,0.53372914
LIN7B,0.5337243
EARS2,0.5337118
BBS10,0.5337088
CEP250,0.5337042
CAMK2D,0.5337042
CDCP1,0.5337041
DNTTIP1,0.5337021
ATXN10,0.53370136
C1QBP,0.5337
CHD9,0.5336992
BLOC1S5,0.533699
FNTB,0.5336983
CDH5,0.53369516
CD300A,0.533691
ITGAX,0.5336871
CACYBP,0.53368473
LRRC6,0.5336784
ELK1,0.53367573
CREB3,0.53367245
CDKN2AIP,0.533672
ATG10,0.53367174
AREL1,0.53367114
ATG13,0.5336711
ANXA6,0.53366816
CETN2,0.5336628
DYNLT3,0.53365624
DNAH1,0.53365296
FMN1,0.53365296
ALDH3B1,0.53364676
BAG6,0.5336461
BIN3,0.5336454
DDX39A,0.53363174
BICD1,0.5336141
ATP6V1H,0.5336137
BRK1,0.5336085
CCT2,0.5336085
CENPJ,0.5336002
BCAS3,0.53359264
CD180,0.53358465
CBX1,0.5335837
BMS1,0.53358227
CUL7,0.5335785
ATPAF2,0.53357387
CPE,0.53356606
KHK,0.53356284
AP3D1,0.533555
ASPH,0.53354293
CNOT4,0.5335339
DIMT1,0.5335327
C2CD2,0.53352416
CREB3L4,0.533524
CBX5,0.533523
CCT3,0.53351957
CYB5R3,0.53351486
CEP164,0.5335085
CWC22,0.5335051
CENPB,0.5335033
ARHGAP21,0.53349704
ATP6V1B2,0.5334938
CAPG,0.53349376
CCNT1,0.533493
GRK4,0.5334902
CAPNS1,0.5334784
ATXN2L,0.5334765
APIP,0.5334688
FAAH,0.53346866
ASPM,0.53346723
BTBD1,0.5334617
AGO1,0.53346163
DRG2,0.5334476
CHRNB1,0.53344494
ARID4B,0.53344375
DDX19A,0.5334374
AHNAK,0.5334364
COG1,0.5334352
CD46,0.5334342
DDHD2,0.5334307
CHST12,0.533418
CCDC68,0.5334129
BTF3,0.5334092
BMP8B,0.5334059
CDC25B,0.53340495
ASH1L,0.53340447
DHPS,0.5334008
ATXN1,0.53339434
BHLHE40,0.53339255
DHX16,0.533392
BCL2L11,0.5333853
CNOT6L,0.53338134
AK2,0.53337896
CHMP6,0.53337723
DDA1,0.5333759
CCDC174,0.53335243
CYP2D6,0.53334546
ASNS,0.5333371
ARPC1A,0.5333368
CCNG2,0.5333364
CELSR1,0.5333315
CDC40,0.5333314
ATXN2,0.53333014
CDK1,0.5333229
ATP2B4,0.5333209
BABAM1,0.533316
ARHGEF11,0.5333157
CPSF7,0.5333041
ATG5,0.53329307
DERL3,0.5332889
ARID4A,0.5332854
ATP2B1,0.53328234
CENPM,0.53328115
COG2,0.533281
COL11A2,0.53327906
AMPD3,0.53327835
AHCYL1,0.5332711
ARF1,0.5332706
BAIAP2,0.53326875
CHMP4C,0.5332684
AQR,0.5332627
GGT1,0.53325886
CAT,0.533254
COLQ,0.5332533
LAT,0.5332426
ATP11B,0.53323877
CAMKK1,0.53323793
CD52,0.53323156
ARHGAP35,0.5332286
ARL14EP,0.5332217
CDC14B,0.53321856
DDX52,0.5332123
DHRS3,0.5332121
CDC42BPA,0.5332095
CIT,0.5331989
CALU,0.53319615
ARHGAP11A,0.53319585
CACNB2,0.5331912
ASAP2,0.5331854
B4GALT4,0.53318083
FZD5,0.5331787
EPHB3,0.53317064
BSCL2,0.5331685
CEP120,0.5331679
BRD1,0.5331586
CTNS,0.53315794
FOSB,0.53315496
ATG4C,0.5331533
DNAH17,0.53315324
CAPZA1,0.53315115
C12orf65,0.5331405
CHEK1,0.53314024
B3GALNT2,0.53313416
CANX,0.533124
ARL2,0.5331164
EYA2,0.533114
CALD1,0.5331133
ARHGDIA,0.533107
CDC37L1,0.53310233
ATP11A,0.5330806
TNFSF12,0.5330759
GTF2H5,0.5330686
DMAP1,0.53306645
BARD1,0.5330652
DLC1,0.5330598
CKS2,0.53305924
ATG4B,0.5330486
FKBPL,0.5330399
ARF3,0.53303945
ATG9A,0.53303844
HDAC11,0.533037
ATG12,0.5330348
CORIN,0.5330319
DUSP1,0.53303045
COL7A1,0.5330208
IL7,0.53302044
BCL2,0.533019
GEMIN6,0.5330185
COPS2,0.533013
C17orf49,0.53300804
CDIPT,0.53299826
CLEC3B,0.5329925
EFNB1,0.53299046
DPCD,0.5329751
CAMKK2,0.5329738
APH1A,0.53296995
C1GALT1,0.53296846
CHTF18,0.5329655
CABLES1,0.5329616
CIR1,0.53296024
CDCA7,0.5329586
ARCN1,0.5329578
ATP1A3,0.532955
ARHGDIB,0.5329544
CARS2,0.5329416
BICD2,0.5329408
ANKLE2,0.5329394
ALDOA,0.532937
CCDC91,0.532933
COA5,0.532929
ANAPC4,0.5329282
ARHGAP6,0.5329275
BUB1,0.5329263
BCAP31,0.5329232
BTAF1,0.5329202
DOK2,0.5329202
HERC5,0.5329193
ARID5B,0.5329149
ANK3,0.5329033
COASY,0.53290164
CDH23,0.532899
ARPC2,0.53289366
CADM1,0.53289276
CLIP2,0.5328908
CBR3,0.53288484
CCNA2,0.5328821
ANAPC5,0.53287935
BRWD1,0.5328732
CCNK,0.53286016
BBC3,0.53285664
ARHGAP29,0.53285646
BTN3A2,0.5328555
DUT,0.5328549
MAOA,0.5328501
ADD3,0.53284955
BIRC6,0.532849
CHCHD10,0.53284883
ARL4C,0.5328428
CDK4,0.5328354
ATG4D,0.5328323
DYNC1I2,0.5328321
ARFRP1,0.5328216
BAZ1B,0.532816
ANP32E,0.5328076
ARHGAP11B,0.53280675
EPOR,0.5328054
CCNE2,0.53280514
AMMECR1,0.53280014
AGRN,0.5327976
ANKRD27,0.53279674
LCAT,0.53279203
CASP7,0.53278965
DET1,0.5327887
ARHGEF3,0.5327809
AKAP13,0.5327792
ALKBH1,0.53277814
CLUAP1,0.5327752
ATF4,0.53277206
ARAP1,0.53276724
B9D1,0.53276426
ARHGEF28,0.5327611
FGD5,0.5327603
BMPR2,0.5327556
BCL2L2,0.53275293
BIRC5,0.5327527
ASAP1,0.5327482
ALYREF,0.53274703
AP1S3,0.5327433
CREM,0.5327427
API5,0.5327425
ALDH1A3,0.53273976
BAG4,0.53272766
ASF1B,0.53272367
ATIC,0.53272176
CDC16,0.53271574
ATXN7L1,0.5327152
ARFGEF2,0.53271186
ANKZF1,0.53270996
CDC6,0.532706
BSG,0.5327055
BNIP1,0.5326989
COL16A1,0.53269297
DHX35,0.5326884
ATP6V1D,0.5326855
ACTN1,0.5326788
ALDH3A2,0.5326783
CRELD2,0.53267735
C2orf49,0.5326629
BFAR,0.5326601
ARHGEF18,0.53264624
CC2D2A,0.5326364
ATPAF1,0.5326339
ARAP3,0.5326312
HEYL,0.532629
DACT1,0.53262216
ATAD3A,0.53261805
FBXO6,0.53261095
AP1G1,0.5326044
ALG6,0.5325997
CCP110,0.5325926
B3GAT3,0.53258026
CLPP,0.53257674
CACNB1,0.53257364
ALG9,0.5325722
CCNF,0.53257155
ATAD2,0.5325681
CALM1,0.5325648
ATP8B2,0.5325495
ARNTL,0.53254306
ALDH18A1,0.53252727
CAPN2,0.5325168
AP2B1,0.53251475
BRPF3,0.53250414
ANKFY1,0.5324867
LGI4,0.53248113
ATP6V1E1,0.53246826
FBXO45,0.53246
CCDC106,0.5324527
ADPGK,0.5324455
BANP,0.53244144
APPBP2,0.5324394
ARHGAP17,0.5324359
ARHGEF12,0.5324345
CHST14,0.5324314
CNIH3,0.53242755
APP,0.53242743
ARL13B,0.5324085
ARSJ,0.5324047
AIMP2,0.53240466
CMPK2,0.5324037
CDK11B,0.5323877
CES4A,0.5323865
AJUBA,0.5323784
ATF6,0.5323716
ARHGEF15,0.5323704
CHCHD5,0.53235984
ASAH1,0.5323524
BAIAP2L1,0.53234553
BLVRA,0.532344
AVL9,0.5323375
ARSK,0.53233206
BCAT1,0.53233004
ARG2,0.5323209
CD2BP2,0.53231704
AP3M1,0.53231585
CCDC80,0.5323138
BNIP3,0.5323089
APLP2,0.5322927
BLOC1S4,0.5322904
DGKQ,0.53229004
AMPD2,0.532289
EHD3,0.53228205
AP3S1,0.5322703
HOXA7,0.53226817
DENND2D,0.5322667
FBXO15,0.53225774
CLN8,0.5322532
FOXP3,0.5322495
AK4,0.532247
AMOT,0.5322444
ATP6V0B,0.5322388
CHKB,0.5322349
ARL1,0.53223354
NPHP1,0.5322207
BOLA1,0.5322165
LMF1,0.53221494
ALG8,0.5322108
ATF2,0.53221
F5,0.5321961
KCNAB3,0.5321959
ASXL2,0.53218704
ATG16L1,0.53218603
BTN3A1,0.5321618
C17orf80,0.53214854
AKR1A1,0.53214514
ANO6,0.5321412
COPS3,0.5321379
CACNA1H,0.53212535
ACTR10,0.53212315
SDS,0.5321017
ANP32B,0.53209746
BRF1,0.53209734
ARHGEF26,0.5320969
CEP76,0.5320956
ARL8A,0.5320952
ARHGAP26,0.53208727
CHI3L1,0.5320856
APOE,0.5320822
ARHGAP12,0.5320807
BLCAP,0.53207314
COL8A2,0.5320581
ATN1,0.5320494
ADORA2B,0.5320486
FGD3,0.5320419
CDK7,0.5320379
AMBRA1,0.5320305
EFCAB7,0.5320116
ATP6AP1,0.5320001
ANLN,0.5319975
C2CD5,0.53199404
CEP70,0.53198653
CBR4,0.53198576
MTSS1,0.5319807
CTSL,0.5319693
AGPAT4,0.53195894
ASCC2,0.5319562
HS3ST1,0.5319554
ARHGEF19,0.53194
ACADVL,0.5319294
ATP6V1C2,0.5319188
COL24A1,0.5319183
APLF,0.5319073
ARFGAP2,0.5319067
CITED2,0.53189963
AP2S1,0.53189623
CEP135,0.53189045
AHCY,0.53188807
COMMD8,0.5318779
COL17A1,0.5318771
CDS1,0.5318748
ARAP2,0.53187376
ATP6V1C1,0.53186715
BMP2K,0.5318611
DNAH5,0.5318484
CASZ1,0.53183967
CSPG4,0.5318283
DEPTOR,0.53182644
BRIX1,0.53182554
CCZ1,0.5318209
AP2A2,0.53181976
CDT1,0.53181785
ATP8B1,0.5318156
CCDC115,0.53180814
AHCTF1,0.5318078
CACNA1C,0.5317878
APH1B,0.53178716
DXO,0.53178084
CCNDBP1,0.53177524
BCAT2,0.53176856
APOO,0.5317674
AP3S2,0.53176624
GADD45G,0.5317569
ARL3,0.53175133
CLIC2,0.53174794
ARL6IP5,0.5317454
CES2,0.53172874
CENPO,0.5317255
CHCHD1,0.53172195
ATF7,0.5317128
ADIPOR2,0.5317122
CCDC22,0.53170997
ATP6V0A2,0.53169477
FCGR3A,0.53169215
ADK,0.5316866
AMDHD2,0.5316665
CASP6,0.53166306
ATG2B,0.531659
CHUK,0.5316308
ARHGEF25,0.53162736
BTF3L4,0.5316263
HES4,0.531621
CENPC,0.53161883
CAMLG,0.5315927
APTX,0.5315803
B4GALT3,0.5315717
ARRDC3,0.5315692
CEBPG,0.53156674
ARNTL2,0.5315565
BAK1,0.531548
ASPHD1,0.53153527
ASIC1,0.53151464
ANO9,0.53149474
ANAPC16,0.5314892
COL15A1,0.5314715
AP5M1,0.531466
C9orf72,0.53146297
ITGAM,0.53143376
CDKN3,0.53142655
ADSL,0.53141236
ARHGEF37,0.5313859
CALML4,0.5313818
ACTR2,0.5313784
AGFG1,0.5313685
CDH6,0.5313513
CRAT,0.5313371
APBA1,0.5313304
APBA3,0.5313265
BOC,0.53130525
APOBEC3G,0.5313043
ARSG,0.53129256
ANXA1,0.53128636
BRD8,0.5312772
DUSP8,0.53124535
AHI1,0.53124183
ALCAM,0.53123885
CD247,0.531215
MPZ,0.53119737
ALG1,0.5311896
ETV7,0.5311895
ACOT8,0.5311636
ARSD,0.53116107
C5AR1,0.5311545
DCLRE1B,0.53113586
ASL,0.53110856
CHMP5,0.5311054
FPGT,0.5310944
ARHGAP18,0.53109217
GINS3,0.53108054
AFF1,0.5310733
GFI1,0.5310636
CAMK2G,0.5310359
ARL8B,0.53103155
CAPN10,0.5310266
AHRR,0.53101563
CACNB3,0.53100294
BBS2,0.5309962
AKAP9,0.5309941
COQ3,0.5309895
ASB8,0.530988
ASAP3,0.53093827
FPR3,0.5309252
ARSB,0.5309203
AP2M1,0.5308448
AMFR,0.5308424
AFF4,0.5308347
B3GNTL1,0.53080595
ALPL,0.5307989
ATP6V0A1,0.53077924
ALG14,0.53074205
ARHGAP4,0.5307327
ATOX1,0.53073156
AGL,0.5307069
CCNYL1,0.53069395
APBB2,0.5306876
ARHGEF2,0.5306469
BRF2,0.5306423
AP4S1,0.5306007
AKR1B1,0.5305858
INMT,0.5305661
AP1M1,0.53054047
AIFM1,0.5305313
ADH5,0.5305145
GLDN,0.53050935
BFSP1,0.53050584
AXL,0.53048444
ALAS1,0.5304702
B4GALT7,0.5304619
CIDEB,0.53043795
PGF,0.53043735
ATG3,0.53041196
BEND3,0.5303993
ARL2BP,0.530389
COL6A1,0.5303873
ADAR,0.53037065
P2RY6,0.53035665
ALDH9A1,0.5303406
BDKRB2,0.5302958
CD6,0.53027076
BAG5,0.5302648
B3GNT7,0.5302435
AGO2,0.53022945
C2,0.53020597
ACLY,0.53017783
BMP2,0.5301681
ALG13,0.5301247
ALS2,0.53010553
IL12RB1,0.530099
CLIP3,0.53008205
AZI2,0.5300328
APRT,0.53003
ANO7,0.5300204
BMP4,0.5300153
ACTL6A,0.5300099
ACTG1,0.5300075
ADAM22,0.5300034
ALKBH3,0.53000116
ADM,0.52999854
ACTR1B,0.5299982
C6orf120,0.5299979
ARFGAP3,0.5299906
ANKRD28,0.5299457
ASB13,0.5299363
CASP10,0.5299235
ASB7,0.5299143
ACAP2,0.5299097
CAPN7,0.52976596
AKR1C2,0.5297369
NFAM1,0.5297205
CATSPER2,0.5296712
ADAM12,0.5296392
B3GNT5,0.5296352
ARMC8,0.52956474
ACTN4,0.5295213
ANO1,0.5294802
ACO2,0.529466
ACTB,0.52945644
ACTA2,0.5294142
ARHGEF9,0.52934927
CABLES2,0.5293106
BPGM,0.52929264
DMTN,0.52925026
CAB39L,0.52922857
APOOL,0.5292086
ADAM23,0.52919364
ANAPC1,0.5291254
ARNT2,0.52901345
ACACA,0.5289297
ALKBH5,0.52891725
ADD1,0.5288931
C1GALT1C1,0.528859
CCDC40,0.5288002
ARL16,0.52875274
ALG12,0.52868754
ACAA2,0.52864164
C18orf32,0.5286037
AQP3,0.5285851
RAB36,0.5285574
CALCRL,0.52852184
IL17RE,0.528487
S100A9,0.5284746
CMC4,0.52847093
RAMP3,0.52846926
ADAMTSL4,0.5284587
OLR1,0.5284522
IGSF6,0.5284416
AP1S2,0.52843255
MAOB,0.5284097
POSTN,0.5284024
RGS4,0.5283973
IL18R1,0.5283788
GSDMB,0.5283774
ATL1,0.52834904
CPLX1,0.52834827
GIPR,0.52834547
SLA,0.5283257
FOLR2,0.5283185
CISH,0.5283142
GNLY,0.52830434
LILRB2,0.528301
CYSLTR1,0.5282859
MMP28,0.52828187
MYH3,0.5282816
FUT2,0.52827764
INHBB,0.52827203
ADI1,0.52827024
ITGB3,0.52826995
GGT5,0.5282605
CLDN11,0.5282515
DCN,0.528247
RIPK3,0.52824044
ACTR1A,0.52823776
CD34,0.5282364
IL1R2,0.5282337
CD248,0.52822965
LTF,0.5282292
CFB,0.52822787
CHRNA10,0.52822584
DLL1,0.52822477
MS4A6A,0.5282217
CYP2J2,0.52821976
HOPX,0.5282127
MAGEH1,0.52821004
CXCL16,0.52820873
GBP5,0.52820414
EXOC3L1,0.5282014
GPER1,0.52819204
CASP1,0.52818614
ADAMTS5,0.5281849
ASAH2,0.5281819
APOL1,0.5281813
CYP27A1,0.5281787
CACNA2D4,0.5281761
CLEC7A,0.5281744
HEY2,0.528173
CTSO,0.5281714
DPP4,0.5281689
BBS12,0.52816707
APOBR,0.5281648
AGTRAP,0.5281633
CD2,0.5281616
ANGPTL4,0.52816033
IZUMO4,0.5281562
COL5A3,0.52815574
ARAF,0.5281536
CMKLR1,0.5281527
CYP3A5,0.5281504
CD163,0.5281491
GAB3,0.5281479
FBXL22,0.52814704
CBX8,0.52814466
CARD6,0.52814263
CDK3,0.52814025
AAAS,0.5281395
BHLHE41,0.5281379
AP5B1,0.5281378
CX3CL1,0.5281332
AP4M1,0.52812904
CYP7B1,0.5281282
AMT,0.5281274
ECE2,0.5281273
AQP1,0.5281256
CXCL10,0.5281246
ALKBH6,0.5281243
CD4,0.5281237
ANAPC2,0.5281219
DES,0.5281217
CLIC3,0.52812153
C3,0.52811986
CAMK1,0.52811706
B3GALT4,0.5281145
DUSP19,0.5281124
COL6A3,0.5281081
AIF1,0.52810645
ALS2CL,0.5281052
CMTM1,0.5281026
AP3M2,0.52810174
ADAMTS1,0.52810025
ARL6,0.52810025
AGMAT,0.5280977
ATP7B,0.52809745
ACACB,0.52809715
C1orf162,0.52809685
AKR1C1,0.52809674
GCNT4,0.5280936
CHST7,0.5280932
ADAMTS12,0.5280917
CLEC2B,0.52809
AGA,0.52808833
CNGA1,0.52808833
FDXACB1,0.52808565
ACSF3,0.5280846
APOBEC3F,0.52808446
CHRD,0.5280836
FPR1,0.5280831
CSTA,0.5280825
ARHGEF6,0.5280821
ADCY4,0.52807987
CARD9,0.5280794
ACOT7,0.5280791
C5,0.528079
CDK5,0.52807885
BEST1,0.5280767
ASB2,0.5280745
ADAMTS2,0.52807194
BBS5,0.52806985
ADAMTS4,0.52806836
DUOX1,0.5280675
ATP6V1E2,0.5280672
AAR2,0.52806556
CACNA2D2,0.5280649
AP4E1,0.52806425
ACOT1,0.5280642
ACP1,0.5280639
ADAMTS9,0.52806306
ADAMTS14,0.5280624
ARHGAP19,0.52806085
APOC1,0.5280603
BATF2,0.52805996
APOBEC3B,0.52805895
AAK1,0.5280588
BAG2,0.5280581
ATP2A3,0.528056
DCHS1,0.5280542
AKAP8,0.52805126
AP5S1,0.52805084
CTHRC1,0.5280506
ANGPT2,0.52804965
CEL,0.5280456
FCER1G,0.5280434
ADAM28,0.52804077
AKAP5,0.5280389
ECM1,0.5280376
AMPH,0.52803546
ADA,0.528035
CD38,0.5280341
BGN,0.52803063
ATP2A1,0.5280266
AACS,0.52802604
ADRM1,0.5280215
ARSA,0.5280212
CLDN23,0.5280194
CEACAM1,0.52801687
CD5,0.5280145
CCR10,0.52801377
CXCL1,0.52801037
ALG2,0.5280082
EIF4E3,0.52800816
ARL4A,0.52800786
ACADSB,0.52800596
BAMBI,0.52800435
AAMP,0.52800393
CCT6B,0.5279999
C12orf66,0.5279997
BDKRB1,0.5279987
APBB1IP,0.5279964
BLNK,0.5279947
ACOT11,0.52799064
BATF3,0.52798754
ARHGAP33,0.5279873
ANKRA2,0.5279865
CD36,0.5279863
CETP,0.52798563
ARHGAP27,0.5279817
ACSM3,0.52797973
CD96,0.52797866
APBB3,0.52797633
ALAD,0.5279746
ADAMTS13,0.52797365
ATG2A,0.52797216
B3GNT4,0.52797204
ACSS1,0.52796656
AK1,0.52796364
AASDH,0.5279601
ALG3,0.52795887
AKTIP,0.5279585
ALDH5A1,0.5279583
ANAPC13,0.5279581
AKR1B10,0.52795804
ADAM19,0.5279571
ACSL4,0.52795464
ANO2,0.5279533
AGPAT2,0.5279524
ACP5,0.5279506
ALOX5,0.52794975
ACAT2,0.5279482
ABCB10,0.5279468
C15orf48,0.52794415
AIP,0.5279438
AGER,0.52794373
ACD,0.52794003
ALDH16A1,0.52793854
ADRA2A,0.52793676
ACOX2,0.52793664
ADAMTS10,0.5279328
ABCD1,0.52793205
ALG10,0.52792907
ACE,0.52792895
AGGF1,0.52792853
ACER2,0.52792645
AADAT,0.52792484
ACOT2,0.5279239
ANTXR2,0.5279215
AGK,0.5279214
CXCL14,0.52792126
ABTB1,0.52792096
ACAA1,0.52792084
ADPRM,0.5279199
ACSS2,0.52791977
ALDH1A1,0.5279148
ACOX3,0.5279146
ADAT2,0.5279127
ACAD8,0.5279088
MS4A4A,0.52790844
ABR,0.5279081
ACAT1,0.5279076
ACOT13,0.52790713
ABCF1,0.52790266
ACYP1,0.5278949
AATF,0.527892
HK3,0.527892
ARHGEF4,0.5278881
ABCA1,0.5278874
ACSL1,0.52788615
AOC3,0.52788526
AASS,0.52788246
ANPEP,0.52788144
ABCC3,0.5278799
AGAP2,0.52787954
BTC,0.5278746
ABCC1,0.5278725
ACAD9,0.52787226
ACBD3,0.5278703
ACVR2B,0.527866
CDK20,0.527865
ARL4D,0.5278596
ACVRL1,0.52784646
ACSL5,0.52783525
ALG11,0.5278279
ACADS,0.5278267
B3GNT8,0.5278232
ABI3BP,0.52781165
ABHD12,0.5278115
ACOT4,0.5278067
CHST1,0.527805
C7orf26,0.5278035
ACOX1,0.52780235
BMI1,0.52779865
AARS2,0.5277886
AASDHPPT,0.52778643
ABLIM3,0.52777755
AK9,0.5277706
CYTH4,0.5277692
ADAM9,0.52776873
ADAM10,0.5277678
ADAM15,0.5277678
ACADM,0.52776366
ACP2,0.5277585
ACO1,0.5277583
ADCY6,0.5277578
DISP2,0.52775645
ABCF3,0.52775604
ACAP1,0.5277549
ABCD3,0.52774805
ALDH4A1,0.5277477
ABCD4,0.5277476
ABCG1,0.5277473
ABCB6,0.5277289
ABCA2,0.52772593
ABI2,0.5277253
CAPN5,0.5277229
ABCE1,0.5277226
ABCF2,0.5277222
ABLIM2,0.52771986
ACER3,0.52771527
ABI3,0.52771276
ABCA7,0.5277125
A1BG,0.52771086
ABCB4,0.52770615
PPIL6,0.5277054
DHDH,0.5276737
ACIN1,0.5276426
LIN7A,0.5275902
ADCY7,0.5273602
CD1D,0.52721673
CCR1,0.5267359
F13A1,0.5250335
