Gene Name,Score
AGPAT4,0.9964469
ALG5,0.9958709
FUCA1,0.9953909
DCLRE1B,0.99398077
AAAS,0.99382
AAK1,0.9922093
LIPE,0.9919641
ARHGAP39,0.9915324
AACS,0.99103934
KIAA0513,0.9909107
ACADVL,0.99066585
DHRS11,0.9906572
AFG3L2,0.9902844
FAM131B,0.990195
AAMP,0.99009025
ACTR6,0.9897221
ARL4A,0.98882735
AHNAK,0.9886984
CELSR1,0.9886313
BAZ2A,0.9884898
ANTXR1,0.9884587
AASDH,0.98844904
AK2,0.9878572
ALKBH1,0.987822
ARFGEF1,0.98769706
CDR2,0.9868007
CTHRC1,0.9865345
PELI3,0.9863697
AZI2,0.9862898
FDX1,0.98573864
DEPDC1,0.98545885
ACAP2,0.98526347
CASP2,0.98484945
NFAM1,0.98454696
ASL,0.98440045
AATF,0.9843449
AP1M1,0.9842488
ABCA1,0.9840344
ATRN,0.9839931
CHPF2,0.98388726
LRRC8E,0.98383796
AASS,0.9837542
ABCC3,0.9833956
CAMKK1,0.9833635
ATP8A1,0.9833366
CALCOCO2,0.98301667
MATN3,0.98295194
INPP1,0.9829472
ALDH7A1,0.98292625
ABCC1,0.98285025
AGO4,0.98272014
GNA15,0.9826493
FBLIM1,0.982372
CHSY1,0.98219705
ATXN1,0.9821847
ADAM12,0.9820609
ATP2B1,0.9819134
APPL1,0.98183435
ATF7IP,0.98180985
GGA2,0.9818025
GPATCH1,0.981601
CKS2,0.9814612
HOXA3,0.98136157
CCNG1,0.9812588
CACNB1,0.9809765
CHD7,0.9809678
EPOR,0.9808276
AGPAT5,0.9805561
CAMK2G,0.98033386
FBXO9,0.98015445
LRWD1,0.98007846
CLIP3,0.9794995
GFM1,0.97949195
B4GALT1,0.97942036
EIF4ENIF1,0.97918105
C11orf49,0.97906345
PTGER4,0.9787248
BDP1,0.978293
KPNA2,0.97803295
AP2B1,0.9778234
DCAF16,0.977796
FBXL14,0.977545
RPIA,0.97745526
BICD1,0.9773196
DEPDC5,0.9771672
EXO1,0.9771324
CTR9,0.976909
HSPB11,0.9768847
JAG2,0.97681206
HPRT1,0.97655654
ECE1,0.97644925
CRTC2,0.9763777
CYFIP2,0.97629535
G6PD,0.9762344
AFF4,0.97602844
COL4A5,0.97554046
AARS2,0.9754058
CCNH,0.975345
C18orf32,0.97514606
CPSF2,0.97507465
CAB39,0.97503585
CASZ1,0.97480077
SHF,0.97466666
ING3,0.9743937
BCAR1,0.97432095
PRPSAP2,0.9742269
CALML4,0.974183
MOK,0.97409123
CDKN2AIPNL,0.9740326
KIFC3,0.9740303
GTF3C5,0.9739578
EPN1,0.9739139
ZNF445,0.9739085
ATP8B2,0.9738486
PWP1,0.9737115
BTBD3,0.9736517
ADIPOR2,0.9735256
ARHGAP17,0.97349054
CUL9,0.97346264
HMGCR,0.9731948
BAZ1B,0.9731876
AGO2,0.97304213
DIS3L2,0.97301304
CAPN2,0.9729187
ALDOC,0.97287476
BRD2,0.9727347
CHD9,0.97252786
MFAP2,0.9725055
ATAD5,0.9722982
DHX35,0.9722705
RANBP1,0.97223425
ANKRD44,0.97209746
TRIM25,0.9719449
HDAC3,0.9719377
ETF1,0.9718403
CDK13,0.9715394
DDX27,0.9715096
HMGCL,0.9714855
ATG5,0.9713892
ARF4,0.9711403
CSTF3,0.970883
GABPB1,0.97078663
BRWD3,0.970777
CSPP1,0.97069204
MRPS28,0.9706143
SF1,0.97047013
EEF2K,0.9703601
CDK11B,0.9702893
COPZ1,0.9701818
CELF1,0.97016317
KRT18,0.9701526
ANO6,0.9701525
MEPCE,0.9700547
HAUS6,0.97000957
PPP1R14B,0.96991986
DLG5,0.9698122
CALD1,0.9697976
CLCN6,0.96962947
DOCK5,0.9695154
MCM4,0.9695151
MCM10,0.9694689
CENPM,0.969467
CANX,0.969428
DENND4A,0.96935004
LDLR,0.96919537
COX20,0.9689773
MAPKAP1,0.96891797
CCDC91,0.968826
HSPA8,0.9688035
ASXL2,0.9687931
CTNNBIP1,0.9687246
ATXN2,0.9686506
CTNNA1,0.96864563
DDX21,0.96861345
AK9,0.9685948
ATXN10,0.9685116
MLF1,0.9684436
KCTD3,0.96830744
CASK,0.96819836
ETHE1,0.9681857
AQP3,0.96810853
ILF3,0.9677439
IRF3,0.9677394
HSPD1,0.96765196
UBAC2,0.9675744
AVL9,0.9675245
CCT6A,0.96745527
LFNG,0.9673585
CDC42BPA,0.96733856
B4GALT2,0.96733207
FZR1,0.9673255
PPP1R12A,0.9672355
FLOT2,0.96723324
CACNA2D1,0.9672089
FAM168B,0.9671924
CBX5,0.96718293
DOT1L,0.9671482
DDX19A,0.96714425
FURIN,0.9670438
KRT7,0.9670067
CYP2R1,0.967
CHCHD3,0.966989
SUMO3,0.96694374
CYTH1,0.96694285
CNNM2,0.966861
POLDIP3,0.96681666
DENND5B,0.9667622
GANAB,0.9665872
PPP2CA,0.966495
ARFGAP2,0.9664533
IPO9,0.9664345
FGD4,0.96642524
CNTLN,0.96637505
CD109,0.9663295
MAN1A2,0.9663272
LRP8,0.9663087
GTF2I,0.9662347
MED14,0.9662262
RPS18,0.9662023
DCP1A,0.9660521
ADK,0.966003
JARID2,0.9658302
NOMO2,0.96579427
ASH1L,0.9657466
KATNBL1,0.9656574
CHSY3,0.9655542
IQGAP1,0.965493
FARS2,0.96532536
ARHGAP44,0.9653139
COPA,0.96526307
HTT,0.9652596
MRPS11,0.96517974
DLGAP4,0.965153
MAPK9,0.96515125
DST,0.96500987
LAP3,0.9650088
ANP32B,0.96493596
SMARCA2,0.9649282
STXBP4,0.96491665
CSNK1A1,0.96487325
RAI1,0.96486336
AP2M1,0.9648336
CSTB,0.9648324
GSK3B,0.9647992
CBX6,0.9647687
APP,0.96474254
KMT2E,0.96466166
IL15,0.9646096
DOK4,0.9645737
STRN4,0.96450794
GSR,0.96445835
LONP1,0.96440756
B4GALT4,0.96438915
HNRNPA0,0.9643597
RPL10A,0.96428806
POLR2A,0.96422696
ATP2B4,0.9642125
CDK19,0.9642046
ITPR1,0.9639874
DDX17,0.9639182
INCENP,0.9639048
RTN3,0.9638572
KPNB1,0.963852
NLE1,0.96384776
PSAP,0.96382827
FBXL20,0.96379524
HNRNPC,0.96376127
ANLN,0.9637504
NUDT21,0.96373147
S100A11,0.9637268
LRRFIP1,0.96355194
GNB1,0.96354616
PAK4,0.96348983
RCL1,0.9634894
ADCY6,0.9634292
EIF4G3,0.96339047
FNTB,0.9633826
RAD18,0.9633195
CAD,0.9632951
INPP5B,0.9631897
SLC15A4,0.96314085
ATF6,0.9631004
KIAA1549L,0.96305305
PRDX6,0.96303725
ABCG1,0.96300983
DOCK7,0.9630083
SRSF10,0.96299875
C2CD3,0.9629528
EPN2,0.962911
STRN3,0.9628157
GDF11,0.9627933
FAF1,0.9627774
MEF2A,0.9627158
SP3,0.962715
PPIF,0.96270955
CDC34,0.9626711
KANSL1,0.9626459
MAN2A1,0.96264446
POLD3,0.9626174
GAPDH,0.9625454
EYA2,0.96252614
HSPA14,0.96251667
ASPH,0.9624338
DCUN1D3,0.96240306
HCFC1,0.9624028
FSTL1,0.96239454
CDT1,0.9623728
MGAT5,0.9623492
MED19,0.96230435
ASAP1,0.96223885
GULP1,0.9622209
TAOK3,0.96211857
IL16,0.9621071
CENPP,0.96199536
FAM13A,0.961916
CEP72,0.9618346
UBXN6,0.9617098
MAST2,0.961585
FTL,0.9615417
INO80,0.9614844
SHMT2,0.9614275
RPP40,0.9614184
NHS,0.9614031
DYNC1LI2,0.96138686
TNFAIP8,0.96135765
DGKD,0.9612879
MRC2,0.9612675
CMAS,0.9610873
ATP6V0A1,0.9609091
CSNK1G2,0.9608809
RFC5,0.96083134
COL7A1,0.9608125
FOXK2,0.9607899
BRIX1,0.9607476
U2AF2,0.9607128
SP1,0.9606057
GNAI3,0.96060556
COA1,0.960578
MIF,0.96055585
ZNF451,0.96048623
AP3D1,0.9602991
TGIF1,0.9602652
RPL32,0.96026117
PHB2,0.9601953
LRP10,0.9599921
YAF2,0.9599641
BTBD2,0.9599617
GAR1,0.9599283
CLIP1,0.9598996
HLA-E,0.959868
AGO1,0.95985985
PCCB,0.95984733
GNL3L,0.95977014
FBXW11,0.95965564
PSMA1,0.9596023
IGF2R,0.95959866
EXOC4,0.9595091
INO80E,0.9594664
KIF11,0.9593432
SRF,0.95933473
KPNA6,0.959212
DNAJC11,0.95915484
CA2,0.9591243
TBC1D5,0.9590441
SSR1,0.9590228
RCC1,0.95897907
ACACA,0.95897657
TRIM11,0.9589532
BCL2L11,0.95883536
SHMT1,0.9588291
SDCCAG8,0.9588128
PDE1A,0.95876646
PPP1CA,0.9587521
SF3B3,0.95866233
CLEC2D,0.95866007
MBD5,0.95864034
TAP1,0.95863384
VKORC1L1,0.9585725
EGLN1,0.95857227
TGFBI,0.9585262
RPS29,0.95852387
TMOD3,0.95847374
HDAC4,0.958457
MCPH1,0.95841986
INPP5F,0.95839226
IQGAP3,0.95839214
SPTBN1,0.9583016
ABCD3,0.95829
DDX46,0.95824575
CHM,0.9582359
FGFRL1,0.9581105
PLCL2,0.9581059
PUM1,0.95807195
IBTK,0.95799506
CCNY,0.9579934
SMYD3,0.9579534
IFT140,0.957949
BCAS3,0.95792276
CAPN15,0.957908
TNFRSF1A,0.95790493
CD81,0.9578827
GSE1,0.9578254
FTH1,0.95782137
ZNF710,0.95772433
HMG20A,0.95772415
RPS5,0.95769966
LCP2,0.9576972
MAN2A2,0.9576534
RAP1B,0.9576041
CHCHD6,0.9575112
RPL13A,0.95740604
RPS4X,0.95731133
MAP4K3,0.95729715
BAHD1,0.95728797
CHID1,0.9572803
PKD1,0.957155
KIF20B,0.95706993
CEP350,0.9569885
FERMT2,0.9569233
NEDD8,0.9569197
NUDT19,0.95678604
ARHGAP31,0.9567816
RENBP,0.9567548
ARL8B,0.9567526
USP48,0.95672816
DNAJC5,0.95671487
NCK1,0.9566497
DCAF5,0.95658255
NAGK,0.95654947
DGKH,0.9564923
CERS2,0.9564489
EEF2,0.95642895
WAC,0.95642287
NRF1,0.9563438
OSBPL5,0.95629203
GNB4,0.9562035
SMG1,0.95618814
CD52,0.9561764
FOXN3,0.95606214
ABCB6,0.95603734
IFI44L,0.95602804
RPL27A,0.9560274
PHC1,0.95592076
ADD3,0.9559192
ITGA2,0.95591354
MTMR12,0.9558774
EPHB4,0.95587
FLNB,0.9558077
PABPC4,0.95578516
AHRR,0.95576847
GOLGA2,0.9557271
CAPZB,0.9556732
CEP170,0.95563686
LSM12,0.9555808
LYPD6,0.9555587
TMPO,0.95554626
ARHGEF11,0.9555253
WASF1,0.9555221
NDUFS1,0.95546496
OSBP,0.9554269
EIF1,0.95539945
PTPRS,0.9553652
CTNNBL1,0.95536476
MAEA,0.9553413
CFDP1,0.95533204
BRD1,0.9553242
LGMN,0.9552342
KDM6B,0.9551898
CHCHD10,0.9551265
ESRP1,0.9550761
DBF4B,0.9550422
FLOT1,0.95497626
FADS2,0.9549293
LPGAT1,0.9547231
UBE2I,0.95470357
NCAPG2,0.95461386
CRYZ,0.954611
GAPVD1,0.9546019
NOL11,0.9545741
VDAC1,0.95453984
INTS6,0.9545279
SEPHS1,0.95434785
RPS9,0.95421314
NHP2,0.95416594
ABCA2,0.9541658
XPO6,0.95413953
DYNC1H1,0.9541288
PDSS2,0.95411426
UBE4B,0.954096
ZFP36L1,0.9540837
ELOVL6,0.9540423
PDE7B,0.9540418
DIAPH3,0.95403314
MAGI3,0.9540185
DCAF6,0.95391226
CSDE1,0.95390606
UBE2D3,0.95388937
BTBD1,0.9538395
ALDOA,0.9537807
BCL7C,0.9536731
SSBP3,0.9536363
TRAP1,0.95363486
MAGT1,0.9536094
RPL11,0.9535824
EBF1,0.95357555
DDB1,0.9535581
REV1,0.9534423
ALDH4A1,0.95341647
LRIG1,0.95334214
MDN1,0.9533309
EXOC6B,0.95332956
OS9,0.9533223
COL5A1,0.95329195
EMC3,0.95322263
PRPF6,0.9532185
GALNT2,0.9531204
GNL1,0.95308965
MAD1L1,0.9530653
MRPL27,0.95305824
MGRN1,0.9530536
PPP4C,0.95293784
ACO2,0.9528976
GORASP2,0.9528475
FAM13B,0.9528244
LYPLA1,0.9527906
CAMLG,0.95275897
KHSRP,0.9527455
DIAPH1,0.95272887
PPP1R15B,0.9527083
COX7A2L,0.9525547
CRTAP,0.9525169
RPS2,0.9524783
MARK3,0.9524643
SCARB1,0.95239073
LAMA5,0.95238155
POP1,0.9523519
NCL,0.95229405
NCOA2,0.9522802
NUTF2,0.95226717
RALY,0.9522381
SCMH1,0.9521993
P2RY6,0.9520831
CITED2,0.95206237
PSMC1,0.9520333
FAN1,0.9519902
ARIH1,0.9519886
ENAH,0.95190287
CDK17,0.9517225
ANXA5,0.9517218
SSH2,0.95165473
DNAJB4,0.9516107
RPS16,0.9515568
EIF3L,0.95154124
MRPS7,0.95141965
PLOD2,0.9512163
CLTA,0.95121026
ZFR,0.9511322
RNF216,0.9511022
CDKL5,0.9510284
TOMM20,0.95100224
TRIM44,0.95098746
KIF1B,0.95098376
DAP3,0.9509732
COTL1,0.9509656
GMDS,0.9509512
CAST,0.9509204
CPSF3,0.9508524
SYNRG,0.95084614
RAB5C,0.9508373
CLIC4,0.9508236
TBCD,0.95081
DAZAP1,0.9507901
HECTD1,0.950733
UBE2E2,0.9507308
SERBP1,0.95072544
LAPTM5,0.9507027
VMP1,0.95068824
CSNK1D,0.95067394
PSMB5,0.9506709
AZIN1,0.95065844
DNM3,0.95065045
RAB11B,0.95062923
SRRM2,0.9505533
SPATA5,0.9505007
IFI30,0.9504855
FCHO2,0.9504244
NFATC3,0.9504082
SUMF1,0.9503567
MED15,0.9503563
SUPT4H1,0.9502257
PITPNA,0.9501848
RPL34,0.95018107
VRK3,0.95017827
KIF23,0.95009893
EAF1,0.9500254
SCD,0.95000935
GTF2IRD1,0.9500055
MYCBP2,0.9499878
DHX36,0.9499419
ST6GALNAC4,0.94992787
SKA2,0.94992197
INPP4A,0.94977546
FOXP4,0.9497372
TUBB,0.94970655
ELP2,0.949685
NUP210,0.94959605
GBF1,0.9495752
WNK1,0.94951373
RPL3,0.9494996
FXR2,0.9494843
FARSB,0.94946355
SNAPC3,0.9494371
ARHGAP26,0.9494244
RPL18A,0.9493838
HNRNPH3,0.94937617
ARHGAP35,0.9493173
UBE2H,0.94929814
NCKAP1,0.9492858
ARHGDIA,0.94913685
ARRB2,0.94912267
SF3B4,0.9491203
TOP2A,0.949087
SP100,0.94907206
UBA52,0.94904256
PDE4D,0.9488551
LAMB1,0.9488426
UBE2E3,0.948789
NUDCD3,0.9487623
VPS41,0.948733
ERGIC3,0.94871306
SREBF2,0.948661
COX5A,0.9486015
SMCR8,0.94854486
PARD3B,0.94844973
POM121,0.94841516
RABGAP1,0.9483738
GIT1,0.9483424
PPP4R2,0.94830483
PRDX1,0.948248
RPLP0,0.9482308
PTPN14,0.94820076
EIF4G1,0.9481732
VCP,0.94810027
RPL15,0.9480411
MAML3,0.9480276
FER,0.94800544
ZNF431,0.94787616
LMOD1,0.94787484
ELOVL5,0.9478515
MCMBP,0.947784
PKM,0.9477036
SGMS1,0.9474798
UBC,0.947453
LINGO1,0.94734144
IFI44,0.9473097
MTX2,0.9473057
COL4A2,0.94730043
LMAN2,0.9472958
STXBP3,0.9472828
BTAF1,0.9472802
ORAI3,0.94726956
RASGRF2,0.9472627
ADCY7,0.9472148
RAPGEF1,0.9472088
RNPS1,0.9471287
ZNF768,0.9470793
PAWR,0.9470714
POLR2B,0.94706905
PLEC,0.9470575
NUP88,0.9470411
ALS2,0.94703376
UIMC1,0.9469558
EEF1B2,0.9469509
CDC25B,0.94683576
NFU1,0.94682133
LAMC1,0.94677037
RDX,0.9467583
RHNO1,0.94674075
IL32,0.9467221
TRMU,0.94666874
GOLGA4,0.946652
GFPT1,0.94660133
HMGN2,0.94657934
DDX52,0.94657135
GPC1,0.94646794
WDHD1,0.9464668
PCBD2,0.94646126
ZSCAN32,0.9464192
DIDO1,0.94640195
CLK3,0.9464003
DDIT4,0.9463153
DPH7,0.9463063
TXNRD1,0.94622004
DIAPH2,0.94618964
SIN3A,0.9461478
PIGP,0.9461381
SMARCC1,0.94605917
JMJD1C,0.9460423
DENND3,0.945913
SPTAN1,0.94590294
STIM1,0.94575614
LPIN1,0.9456944
HLA-F,0.94565666
CEP97,0.9456509
MATR3,0.9455865
FAM98B,0.94553137
CACNB2,0.9453953
USP5,0.94539064
ABCF2,0.9453657
SLC25A24,0.94534075
VAMP3,0.9453345
RBFOX2,0.94532317
NFIA,0.945276
EPB41L3,0.94526345
AGO3,0.945205
SEMA3C,0.9450363
PTBP2,0.94501853
APBB2,0.94494015
UBE2Z,0.9449013
DDX39B,0.9448907
PDS5A,0.94482225
PIP5K1A,0.94479746
RPL8,0.94471306
NDE1,0.9447117
MAP4K4,0.944653
RPS6KB1,0.94461006
COPB1,0.9445299
RPS23,0.94447947
ATP6V0C,0.94439995
TKT,0.9443963
ZNF587,0.9443884
HECA,0.9442952
DNAJC1,0.9442945
EEF1G,0.94427675
MPRIP,0.94425666
PAFAH1B1,0.9442491
TRMT10C,0.94422156
PNN,0.9441187
TULP4,0.94402266
SERPINH1,0.9440066
MICU1,0.94386363
BRK1,0.9437822
RPL35A,0.94376594
OBSCN,0.94369334
PSMC3IP,0.94369155
YME1L1,0.9435633
MAT2A,0.9435437
DR1,0.94338304
RASAL2,0.9433741
BTF3,0.9433687
DGKZ,0.94332606
ATP11B,0.9433063
CCAR1,0.9432979
TIA1,0.94326025
FBXO45,0.943252
SERPINE2,0.94307977
RPL26,0.94306123
PRKDC,0.94304764
RHBDF1,0.9429948
CLASP1,0.94296986
STARD4,0.9429615
PHF21A,0.9429456
CXADR,0.9429199
TTLL12,0.9428943
RBBP4,0.94278544
TRPS1,0.9427279
SLC11A2,0.94269675
PARD3,0.9425846
GLRX5,0.942477
TEAD4,0.9423411
GSPT1,0.94234097
IFNGR2,0.9422606
RTN4,0.9422511
WWP1,0.9422402
PRPF40A,0.9422387
CAPNS1,0.94222844
PHF8,0.94222504
EXOC2,0.94222313
UBE2G1,0.942189
TROAP,0.942152
EXTL3,0.9420455
UVRAG,0.94202614
WDR43,0.9419146
TPT1,0.9419083
REV3L,0.941875
MYO9A,0.94184
CYB5B,0.94181204
MBOAT7,0.94160444
BCAT1,0.9415645
CALU,0.94155973
EIF5B,0.94145733
BBS9,0.94144183
CRABP2,0.9413063
TOMM7,0.9412977
TNFSF12,0.9412917
MCM3AP,0.94128734
TLN2,0.9412809
TUBA1B,0.9412128
USP12,0.9411963
WDR59,0.94114447
CNN2,0.94114244
WDR33,0.9411224
PDE10A,0.941075
MRPL49,0.94105905
STX7,0.9409377
NDEL1,0.94092023
HMGN1,0.9408383
GRN,0.94079447
ZCCHC4,0.940658
TCERG1,0.94061357
RNF139,0.94058084
PHLPP1,0.94053215
PDE4B,0.9405196
NUP188,0.94043374
NLK,0.9403584
PRKAA1,0.9403457
RGS12,0.9401618
PUM2,0.94009924
AHCTF1,0.9400236
PRKAR2A,0.9400192
ZDHHC7,0.93995
PTBP1,0.9399444
GNL2,0.9399223
CNOT1,0.93986195
NUFIP2,0.939848
POGZ,0.9398076
PLA2G15,0.9397076
SLC7A11,0.939632
SHROOM3,0.93962246
TXLNG,0.9395813
PI4KA,0.93950677
DCPS,0.93948656
NAP1L4,0.9394714
EIF6,0.9394709
CUL1,0.9393526
ATXN2L,0.93930835
IL4I1,0.939269
RPS19,0.93925786
ACTR3,0.93924516
RPS27A,0.93922305
ATG2B,0.9392142
PLCD3,0.9391893
MYO6,0.9390518
HNRNPDL,0.9389936
POLR2J3,0.93898535
JAZF1,0.93892986
MOB1A,0.93872154
TRERF1,0.9386585
ADPGK,0.9386536
PPL,0.9386171
RAB5A,0.9385519
RHOBTB3,0.938516
SRP9,0.93849427
CNTNAP1,0.93849003
MYL5,0.9384292
DLG1,0.9384136
CS,0.9384131
MAOA,0.93832356
CLHC1,0.93829155
TPGS2,0.93818146
SRPK2,0.93815273
FARP1,0.9381075
EIF2S2,0.93809366
BANF1,0.9380324
FRS2,0.93800825
TPST1,0.93798846
SEC11A,0.93798447
ATN1,0.93797684
PIK3C2B,0.93796414
TOP2B,0.9378715
KIF22,0.9378303
CPNE1,0.937641
CHTOP,0.9375509
CDH23,0.93750507
CENPO,0.9374721
HSPA9,0.9373955
APPL2,0.9373318
RFC4,0.93726796
RPLP2,0.93726414
RPS6,0.9372452
ATG13,0.9372255
CTSH,0.9372064
RBM19,0.93717295
NIPBL,0.9371266
COL9A2,0.93702924
SLC12A8,0.93698645
ATG10,0.93697274
VAT1,0.93695396
PERP,0.93695295
PTPRJ,0.93694896
CDH6,0.93689746
CCNL2,0.9368415
NCAPH2,0.936803
TARDBP,0.9367985
TPCN1,0.93671775
LNPEP,0.9367168
NUAK1,0.9366831
RPS6KA2,0.9366576
MTHFD1L,0.93651444
ZMIZ1,0.9364802
RHOG,0.93647724
ARHGEF18,0.9364375
RPL17,0.9364218
ANAPC1,0.9363656
ITCH,0.93628156
PCYOX1L,0.9362756
WASF2,0.9362731
MIER1,0.9362401
SPTLC1,0.93612397
SEC61A1,0.93611383
RHOBTB1,0.93600243
RGS10,0.9359922
CNOT2,0.93596774
ARID4B,0.93595
PLD1,0.93592554
RAB1A,0.9359186
WIPF2,0.9359031
LILRB3,0.9357512
ST3GAL3,0.9357436
UBN1,0.93573356
AMBRA1,0.9357219
GART,0.93565965
RPUSD4,0.9355811
PLCG1,0.93545014
HNRNPUL1,0.9354322
NEDD4L,0.93543124
TPX2,0.93540406
ANXA2,0.93540114
GLS,0.9353746
DDX23,0.9353113
RPL27,0.93518174
RNF11,0.935076
PACSIN3,0.9349973
TRIM13,0.93496656
SNRPC,0.9349639
ITGB5,0.9348051
PPP6R3,0.9347955
RPS3,0.93473667
WDFY2,0.93468195
GRHPR,0.93463695
CALM1,0.93460405
USP7,0.9345215
NUP153,0.9345198
PEMT,0.9344575
MTA1,0.9344409
CNOT4,0.93434435
PRMT3,0.9342418
KPNA3,0.93422496
NSMCE1,0.93418753
TUBD1,0.9341688
DNM1,0.93400073
RFX7,0.9337667
GATAD2B,0.9337617
PARP4,0.9337427
SRRT,0.9337087
XPR1,0.9335339
PDIA3,0.9334785
ACLY,0.93342173
ZNF430,0.9333746
EIF3D,0.933347
ZNF79,0.93329763
RPL19,0.93329227
SPIN1,0.9332177
EIF3J,0.93320626
UQCC2,0.93299145
NOL9,0.9329635
PDE3A,0.93293
GID8,0.93290585
TEAD1,0.9328531
POLA1,0.9328266
RPTOR,0.9327153
SRGN,0.932606
DNAJC15,0.9325346
HYOU1,0.9323677
SZT2,0.93230104
VAPA,0.93214184
SLC25A5,0.9320843
SMAP1,0.93200254
MAP3K2,0.9319491
EHD2,0.9319201
EIF2AK1,0.93190986
KIF3A,0.93190104
UBE2R2,0.9318969
SRSF5,0.93188554
VPS52,0.9318497
POLQ,0.9317286
PSPC1,0.93171537
GARNL3,0.9316068
TANK,0.93158025
NAP1L1,0.93155074
PDXK,0.9314942
HIPK3,0.93133885
HLA-DPB1,0.9312727
DENND6A,0.93123484
MORF4L1,0.93117
UPF1,0.9311383
CIT,0.9311073
SNRPD2,0.9309438
TACC3,0.9309305
NDUFAF6,0.9308006
NRIP1,0.93069977
POLR3D,0.93069965
ALKBH5,0.9306743
EXOC6,0.93061185
CDK2,0.93049544
CAP1,0.9304945
DUSP10,0.930337
TICRR,0.9303004
ANAPC15,0.93027204
SCNM1,0.9302356
RPL13,0.93021584
DDX54,0.92997617
EVC,0.9296467
GNG12,0.9296321
TOB1,0.929584
STX1A,0.92947584
LMTK2,0.929452
LSM5,0.9294308
AHCYL2,0.9293776
RFX3,0.9293773
FKBP4,0.9293002
ZBTB7B,0.9292615
ARFGAP3,0.92925483
TNFRSF12A,0.92920315
CMSS1,0.9288891
NEK9,0.9287351
TPI1,0.9286537
USP9X,0.9285938
SENP6,0.9284911
GPAA1,0.9284488
ARHGEF28,0.9282684
RNGTT,0.9282529
UBXN1,0.9282283
UBE2G2,0.9282132
COX10,0.92820394
SH3GLB2,0.92820126
TADA2B,0.92806387
SLC25A26,0.92805207
METTL22,0.92800814
FMNL2,0.9279562
TPRKB,0.92792696
GUK1,0.92790407
POLR3E,0.9278232
PTGFRN,0.9278191
NAE1,0.92780894
LRP6,0.9277684
RER1,0.92773175
ATG4C,0.92766136
FARSA,0.92765725
SNRNP40,0.9275955
PPP1CC,0.92746025
PHLDA1,0.9274553
PSMA5,0.927074
ACTB,0.9270062
A1BG,0.9269593
MAK16,0.92694044
ZNF44,0.92693204
MTUS1,0.9268867
PSMD11,0.92688
PRPS2,0.92684203
RPL12,0.9268376
FUBP3,0.92680115
LMNB1,0.92671824
G6PC3,0.9267127
UNC119,0.92667884
RPS15A,0.9266049
PALLD,0.9265913
POLR2L,0.92658055
RAB8B,0.92657715
ACTA2,0.9265693
RBBP5,0.9264595
HIPK1,0.9263994
ABCA7,0.92634165
LIPG,0.9262687
PIGL,0.9262563
EXOC3,0.92621994
PMEPA1,0.9260689
SF3B2,0.92606616
BCL7B,0.9260402
RPS3A,0.92601746
SCAI,0.9260106
MAPRE3,0.92588705
PTRH2,0.9257817
TGFBR1,0.92571336
NR1H3,0.92569304
HDLBP,0.92557013
GTSE1,0.9255287
RPN2,0.9255286
CHD3,0.9254331
CPSF7,0.9252864
WLS,0.92526346
CEP120,0.92521155
MELK,0.92502564
HAVCR2,0.92497414
TXNRD2,0.92493343
XBP1,0.92484164
ZNF516,0.92478174
WDR82,0.9247293
MAN2B1,0.92460203
GPR89A,0.92451274
ZNRF2,0.9240748
FAM126A,0.92380893
PKN3,0.9238051
SSH1,0.9237962
LPIN3,0.9236062
POLR3C,0.9234183
ANO10,0.9232125
NOP14,0.9230578
SLMAP,0.9230195
HERPUD1,0.9229465
TXN2,0.92284465
SMARCD3,0.92275673
DTX3,0.9227287
PHC3,0.9227183
WDR77,0.92266214
REEP3,0.92261636
PCDH7,0.9225792
RUSC1,0.92239875
PIK3C3,0.92227626
IWS1,0.9222719
IMP3,0.9219768
TUBB4B,0.9219386
RMND5A,0.9219371
SEMA3A,0.9217774
CTBP1,0.9217737
DUSP19,0.9217282
MAFG,0.9216993
SRPK1,0.92168134
TNS3,0.9214737
XPO4,0.92142946
DDX1,0.9214038
XAB2,0.92137897
NPAS2,0.92137855
SPIRE2,0.92133725
EFTUD2,0.9213136
DPYSL3,0.92127645
NBAS,0.921186
STX6,0.92117214
RBM15B,0.9210778
TMEM63A,0.9209602
BNIP3L,0.92089295
NEK7,0.9208818
NVL,0.9207009
D2HGDH,0.92066616
MAGI2,0.92062086
POLI,0.9206172
ARF3,0.92060065
TTL,0.920488
RCOR3,0.9203018
PTN,0.92010415
CCNF,0.91996217
IL1RAP,0.9197431
TOR1AIP2,0.9197026
USP10,0.91969246
UBQLN1,0.9196456
PHKG2,0.9195833
LSM14B,0.9194336
PRR12,0.9194054
UNK,0.9192987
RC3H1,0.9192554
RARG,0.9191374
SENP2,0.91912436
TBC1D4,0.9188206
TMEM30A,0.9187559
ZNF207,0.9186165
SLC25A25,0.9186133
NNT,0.9185858
MED21,0.91850823
QSOX1,0.9184504
TEX264,0.9183012
BMS1,0.9180187
LMF1,0.91796213
OXNAD1,0.9178425
PTPN12,0.9178357
TRIP11,0.9177568
PGAM1,0.9177426
NCAPD2,0.91770285
PSMF1,0.91765296
NSUN2,0.9176059
SNX3,0.91757196
IPO11,0.91752416
PDLIM5,0.9175058
RPA1,0.91733307
PCOLCE,0.91719663
MOB1B,0.9171293
WDFY3,0.9170408
ACTG1,0.91692656
NDUFAF2,0.9167458
ABI3,0.91672647
ATP6V1A,0.9166959
DUSP7,0.9166609
NDUFA4,0.91655797
RAB14,0.91655344
PPIP5K2,0.9164295
PARS2,0.9164133
AP3S2,0.91614354
SLC39A7,0.9161149
NUDT16,0.9160447
FUT8,0.9159683
GON4L,0.9159184
NEU3,0.9157371
PIK3R6,0.9157229
UBE2T,0.91567105
MBNL1,0.9155562
PCGF3,0.91552234
SIK3,0.9154762
MRPL3,0.9153579
UBA2,0.9152718
PHKB,0.9152105
ZNF33A,0.9151355
EFCAB7,0.91496974
PFN1,0.9148345
PAQR8,0.9147573
CELSR3,0.91454744
NAPB,0.91454256
POLR3B,0.9145231
PAICS,0.91448814
OSBPL1A,0.9144272
GPR161,0.9143234
PPP3CB,0.91420513
ATP1B1,0.91395986
RNF20,0.9138021
PSMD1,0.9137761
OTUD5,0.9136563
DNAJA2,0.91357476
CPSF4,0.91353893
MBD6,0.9134903
OAZ2,0.9134677
MED13,0.91336936
IQGAP2,0.9133542
RND3,0.91326505
CENPC,0.91311693
NOMO1,0.91309905
CCDC22,0.9128305
MSH3,0.9128264
PTPRM,0.9125807
NPM3,0.9123913
EME1,0.9123043
HMGB1,0.9121942
UAP1,0.9121209
TECR,0.91208893
BLOC1S4,0.9120544
OAS2,0.9118748
RNF138,0.9117861
AHCY,0.91154563
HCAR2,0.911532
PRPF4B,0.91149896
PSMD4,0.91147846
ARHGAP10,0.9113839
ADORA2B,0.91130143
NOL6,0.911285
TM2D1,0.9111667
NBR1,0.9111266
TUBA4A,0.91111696
PLA2G4A,0.91093856
AKAP1,0.9109333
IPO7,0.9108765
RICTOR,0.91075194
PABPC1L,0.91025066
B3GNTL1,0.910192
APLF,0.91017306
ZNF678,0.90997964
MTHFS,0.90997136
PPP2R3C,0.9098808
BAG3,0.9098787
USP25,0.909498
TNRC6B,0.909334
TUBGCP6,0.90922517
ST3GAL1,0.9091156
BMP2K,0.90905493
PEX1,0.908615
PDE3B,0.90861374
ANP32A,0.90851825
ACAA2,0.90847194
NCLN,0.9084419
TUBA1C,0.9083757
BIN1,0.9083096
RFX5,0.90826714
TIPIN,0.9082667
GGPS1,0.9081745
CDCA7,0.9079992
HEG1,0.90796304
PPP6R1,0.9078917
CTH,0.90776765
STIP1,0.9076572
SH2B1,0.9070292
GAK,0.90689224
LUC7L3,0.9068082
ENO3,0.90678066
ACTR2,0.90663815
NDUFS6,0.9066133
LSM3,0.90659976
ING1,0.9065311
ADH5,0.9060972
UGP2,0.9060872
TSPAN14,0.90599746
VLDLR,0.9059425
PEX14,0.90593624
UQCC1,0.90581024
PDXDC1,0.90553224
SUPT16H,0.90526557
RBM39,0.9051483
RUVBL2,0.90509903
TRIP13,0.9048257
ATP6V1G1,0.904628
PDHB,0.90460974
NBEAL2,0.9043801
AHSA1,0.9043071
PEX11B,0.9043047
KNTC1,0.90379786
KIF2A,0.9036555
LPCAT3,0.9035031
RACGAP1,0.90330553
CACNB3,0.9031023
SPAG5,0.90304196
USP24,0.9030301
IRAK2,0.90298533
IKBKG,0.9028815
TLE4,0.90276045
TRA2B,0.90257406
KIF9,0.9023504
PFKM,0.9023458
RBX1,0.90231055
LIMS1,0.9022956
ARHGAP21,0.90225065
VASP,0.90218157
NUP107,0.90209854
MED24,0.9018942
TES,0.901861
TMBIM6,0.9018516
NFATC2IP,0.901783
SH3RF1,0.901755
ACTR1A,0.901574
DISP1,0.90137273
NFYC,0.9012042
ZNFX1,0.90118855
TOP3A,0.9010353
CFL2,0.9010341
DNAJA3,0.9010302
TFDP1,0.9007006
DHRS4,0.9005998
UGDH,0.9005317
CMTM7,0.90036917
SLC9A3R1,0.90035427
PAN3,0.90016484
SMYD4,0.90001476
SDC2,0.89992464
AMMECR1,0.8998785
ASCC1,0.89972425
NAGLU,0.899648
MYBBP1A,0.8994639
SRSF4,0.89928734
LAMC3,0.8992071
CD48,0.89910835
NFX1,0.89909136
EPS8L2,0.8983787
RTKN,0.89830744
AREL1,0.89825726
HS6ST1,0.8982011
QPRT,0.8980923
SPCS2,0.8980762
COPS2,0.8980611
LZTFL1,0.89773154
CHTF18,0.8973567
CHN1,0.8970938
ZC3H15,0.89705056
UROD,0.89690095
PRPF8,0.8965604
POU2F1,0.89649713
MDH1,0.8964224
CBR1,0.8962932
PRICKLE3,0.89626765
TTC37,0.89616364
HENMT1,0.8961311
ESYT2,0.8960598
NUMB,0.895988
RMI1,0.89594954
RRN3,0.8958417
UBQLN4,0.8955923
AGPS,0.8955628
ZNF101,0.8953972
PTPN22,0.89534247
MED11,0.8952628
CPSF1,0.8952291
CCM2,0.89503497
SKA1,0.8945321
ITGA1,0.89437246
FYTTD1,0.89426374
ORC5,0.8941268
ADAR,0.89405006
PHF2,0.89377886
E4F1,0.8937454
ZNF780A,0.89371145
F2RL1,0.8931893
SNX17,0.89317113
HGSNAT,0.89315224
FBXW2,0.89313644
CDIPT,0.8930481
DOCK11,0.8928656
MAPKAPK2,0.89283156
SRSF11,0.89264053
NPNT,0.8920332
ARPC1A,0.8917271
ZNF496,0.89156437
ZNF680,0.89118904
THOC1,0.89113694
TACC1,0.89111924
PELI2,0.891012
RAB2B,0.89096934
NMRAL1,0.8908622
OLA1,0.8907856
XRN2,0.8902766
METTL4,0.8902691
SNCA,0.8902597
PLCL1,0.89008397
PSMB2,0.8899378
ALG6,0.88989615
SATB2,0.88977325
SETD2,0.8895813
NFE2L1,0.88924533
IPPK,0.88913345
MCU,0.8883052
YBX3,0.8882781
KDM4B,0.88818014
SMURF2,0.8881222
PLOD1,0.8880102
PPP2CB,0.88792855
SH3KBP1,0.8878427
PANK4,0.88779837
THY1,0.887795
NFKBIL1,0.887703
SPTLC2,0.88742983
WSB1,0.88741225
GTF3C4,0.8872773
VASN,0.88703513
WDR18,0.8868604
LYRM4,0.8868565
HOXA7,0.88646805
ZNF664,0.88628477
MZF1,0.88620096
EIF2B5,0.8861606
SENP1,0.8861559
UBA6,0.88614666
ARF1,0.8860768
PVR,0.88599277
SRP68,0.8859561
ZNF300,0.8858545
MTMR6,0.88570344
LMO7,0.8856351
APPBP2,0.88541263
DUSP14,0.8853255
ANKRD27,0.8852469
C1GALT1,0.88473
MCEE,0.88432825
FCGRT,0.8835886
AP2S1,0.8832104
ATP11A,0.8830264
MYLK,0.8829458
PCID2,0.88292027
TAF1D,0.8824501
TMEM97,0.882316
AP2A2,0.88222444
RPL41,0.88210714
TOMM40,0.8821004
CKAP2L,0.8817396
RNF169,0.8816711
RAD51D,0.88162434
SRD5A1,0.88161176
TATDN2,0.8813227
BMP1,0.88116795
SAP30BP,0.88112575
MTMR4,0.8807893
SEC14L1,0.8805963
KPNA4,0.8803592
DUS2,0.88027084
FOXF1,0.8801062
OGT,0.8798309
TSN,0.87980056
PARN,0.87978274
ERH,0.8796682
ZKSCAN8,0.87945133
TEAD2,0.87937075
BBC3,0.8792246
PLOD3,0.8789043
EPB41L2,0.8788565
EZH1,0.87880045
PPM1K,0.8787772
ZNF124,0.8785975
MEF2D,0.8784637
MYO1C,0.878371
SENP5,0.87818956
DVL3,0.87817836
PSMA4,0.8779436
RPS8,0.8777281
PRCP,0.87757385
B4GALT7,0.8771472
ENSA,0.8770758
F3,0.87691176
BRCC3,0.876428
BFAR,0.8760696
AMY2B,0.87604076
NPLOC4,0.8755393
COL27A1,0.87545973
NAA16,0.8753576
CLN8,0.8751347
CREB3,0.8748495
ANKRD28,0.8748441
EXOSC7,0.87482476
PREX1,0.87463665
DERA,0.87457186
SF3A1,0.87456036
STK38L,0.8743878
SUMF2,0.8742808
RNF220,0.87415445
USP32,0.87388813
ORC1,0.8737185
MRPS18A,0.87318045
GTF2F1,0.87303305
MTRF1L,0.87268984
RBM7,0.8726235
ACTR8,0.87231207
ATIC,0.8722558
GRAP2,0.8720747
TAMM41,0.8716768
PARVB,0.8715866
ARSB,0.87150395
ZNF780B,0.8714297
MYCBP,0.87138003
GBP3,0.8713648
TAOK1,0.87123626
CES4A,0.8711961
RNF168,0.87113017
USP6NL,0.87107474
CEP135,0.871061
HERC1,0.87087876
MEMO1,0.8708161
PPP1R18,0.8706949
CTSA,0.8705891
SMDT1,0.8705712
ATAD3A,0.87018013
SEC11C,0.8699263
SCFD1,0.8697826
ZNF416,0.8696836
HERC5,0.8693066
ITPKB,0.86927754
ADCY3,0.86920005
AMFR,0.86919314
UTP6,0.868771
GLYCTK,0.86860263
MARK4,0.86852986
VGLL3,0.8684209
YIPF4,0.86787313
DNAJB11,0.86779785
INO80D,0.86763424
FIBP,0.8675071
TRIT1,0.8674818
TLN1,0.8668762
MARS2,0.86656755
PRKAG2,0.866558
CCNYL1,0.8664547
PITPNM1,0.86639535
SUPT20H,0.8661921
RAPGEF5,0.86602443
IPO4,0.8660138
TAF4B,0.8659169
RAB38,0.86582196
TRIM3,0.8657959
HELZ2,0.8656893
RBCK1,0.86548394
RSL1D1,0.8654152
ZNF808,0.8653387
MAGED2,0.8651452
TYW3,0.8650202
LAMP2,0.86480254
NME6,0.86477894
BRD8,0.8646904
FOSB,0.86467534
NOMO3,0.8645297
ZMAT2,0.8642981
IFNGR1,0.8641706
CD86,0.8637709
C17orf75,0.8633072
CLOCK,0.8631132
AKR1A1,0.8631099
CEP78,0.863104
ARHGAP24,0.8627696
MSRB2,0.8625334
COQ5,0.8624009
AKR7A2,0.8622822
NDOR1,0.86201656
ZNF131,0.86201435
REXO1,0.8618268
CD2BP2,0.8617965
CLCN7,0.8616756
ADAM10,0.8612022
FANCL,0.8611022
ORMDL3,0.8608294
GEMIN8,0.8608244
PLCE1,0.86054987
LPIN2,0.86042345
PRDX3,0.86035293
ATM,0.86032444
UNC45A,0.8602763
MRFAP1,0.8595209
RPS26,0.8593925
NR6A1,0.85892636
CCNG2,0.8583947
ANKZF1,0.8583565
TMED5,0.85817075
TAF4,0.85815233
ANO9,0.8581176
TMEM126B,0.85797465
YTHDF1,0.8577827
STT3A,0.85770124
ADAM15,0.8570019
LRFN4,0.8566661
SLC2A1,0.8561167
ZNF700,0.85608923
ANAPC5,0.8560644
SH3BP2,0.8558045
PTPRU,0.8555949
HEXIM2,0.85538214
PFDN5,0.8553253
WDR41,0.8550423
NKIRAS1,0.85485923
CNNM4,0.85457003
CDS1,0.854526
SLC4A2,0.8544256
FST,0.85393804
UBE2W,0.8539091
HACL1,0.85386544
ATRX,0.853445
SCFD2,0.85343534
RYBP,0.853279
COMMD3,0.8531307
SSU72,0.85301685
MAP1B,0.8528741
TRAPPC5,0.852735
TIMELESS,0.85200214
HAGH,0.8519958
EMD,0.8515446
GLE1,0.8514407
AP1S3,0.8511776
ARHGEF19,0.8510646
MTA2,0.8509241
NDUFB5,0.8506786
CARF,0.8505216
ADD1,0.8498913
CDC23,0.8498001
HAUS8,0.84968036
FBLN1,0.8496668
AP1G2,0.8494462
WBP1,0.8491305
E2F7,0.84877795
CHST1,0.84838134
CHD1,0.8477624
POP7,0.8474462
KBTBD6,0.8473526
ADNP,0.84730434
ALDH1A3,0.84710294
COLEC12,0.8468576
ANAPC7,0.846721
ARL14EP,0.84665555
ALG13,0.84577507
UBAP2L,0.8457119
DNAJA1,0.84559256
CDC42,0.8452328
APH1B,0.8451315
ATP6V1H,0.8450133
PRDX5,0.8449468
ACTN1,0.8449468
ARL2BP,0.84479606
COL12A1,0.844767
TBC1D14,0.84475774
ATP2A2,0.84472954
AIFM2,0.84444886
MARK2,0.84441674
YPEL5,0.84425193
VMA21,0.8437136
ARF5,0.8434478
ADCY5,0.8433435
FBXW8,0.8432872
KATNA1,0.84319204
MRPL1,0.842836
GTF2E2,0.84282327
SOS1,0.8426808
ZNF638,0.8424514
COPS8,0.8422962
CCDC174,0.84183484
COMMD6,0.8417689
RGP1,0.84175104
ITGBL1,0.8416806
ARHGEF9,0.841032
BLOC1S2,0.8410312
USP47,0.84088135
GEMIN4,0.8408129
ATRIP,0.84078854
RALBP1,0.8404673
CASP4,0.8404563
APBA1,0.83992827
TRAF2,0.8398144
KDELR1,0.8395453
CHRNB1,0.8392438
RNF2,0.8390878
KIF13B,0.83896637
DYNLT1,0.8387205
DCXR,0.837586
ARHGEF3,0.83668745
CLINT1,0.8365554
CDK11A,0.83655417
FBXL18,0.83625346
INTS12,0.8360074
GCAT,0.83585125
MRPL16,0.83576673
CBX2,0.835152
UBE2V2,0.83508146
FMNL1,0.8349251
TPCN2,0.834861
PNKP,0.8348544
COQ7,0.834571
C17orf49,0.83431745
CCDC88C,0.83428234
ANXA6,0.83425313
SLC44A2,0.8342086
UCK2,0.83395505
CD27,0.83344907
RRP12,0.83343023
PTPN7,0.8334206
TNPO3,0.83278334
DYNLT3,0.8327109
SESN2,0.83198494
ANKLE2,0.83195055
PRPF40B,0.831892
UBTF,0.83188546
IP6K2,0.83176416
KIF26A,0.8314148
MKRN1,0.8311984
ARPC2,0.83103615
ARHGAP11A,0.8308442
ARHGAP9,0.8307519
CTSK,0.8303782
EMC1,0.8294412
COPG1,0.8293769
ABCB4,0.8287223
PPP1R16B,0.82866395
ASPM,0.828462
USO1,0.8284302
COG8,0.8281202
ATXN3,0.8278926
BSCL2,0.82762074
BZW1,0.8266769
AIMP1,0.8266462
GAB1,0.8263588
PAXIP1,0.82626545
SMAD1,0.8261565
IFNAR1,0.826016
GIMAP4,0.82599753
ASIC1,0.82548004
APLP2,0.825401
UHMK1,0.825265
HPSE,0.8246945
DCTD,0.82413626
MYBL2,0.82399195
HDAC2,0.82377875
CHMP2A,0.8236868
TYK2,0.8235143
PLK2,0.82327086
CSNK1G1,0.823084
MS4A4A,0.82282615
BCAS2,0.8227878
COQ4,0.8217194
MACF1,0.8216767
TAOK2,0.82159334
TMEM258,0.8213251
C5AR1,0.8212685
RUNX2,0.8210223
REXO4,0.82099354
PRPF39,0.82088256
MYOF,0.8206496
CORO1B,0.8205105
ARAP1,0.8204557
VPS25,0.82017285
CEP192,0.82000786
MYLK4,0.81998044
IRF6,0.8199716
CTC1,0.8198647
DRG2,0.81961596
SPTBN2,0.81958306
CC2D2A,0.8191842
CEP55,0.8188638
CEP41,0.81820345
TAF11,0.8178247
LEO1,0.8175867
ZNF333,0.81737804
MDK,0.817181
DEPTOR,0.81675756
ATF2,0.81640595
EXOC7,0.8162302
FBXW4,0.8155987
BIRC6,0.8141121
FAM110B,0.8136766
ZNF81,0.8135998
KIAA2013,0.8135743
RAB27A,0.8132426
EXOC8,0.813095
AKAP10,0.8130879
INPP5E,0.81266284
ELF1,0.8123732
IFIT5,0.8122584
FNIP2,0.81181693
AJUBA,0.8117061
PLIN2,0.8110533
CCT4,0.8108419
GTF2B,0.810841
F13A1,0.8107414
VPS54,0.810712
BCL2L2,0.80949163
PCDHGA6,0.8093568
TXNDC12,0.8090221
DCLRE1C,0.8089878
RXRA,0.8089841
CSGALNACT1,0.8083251
GCC1,0.8082607
FIG4,0.80764484
VCL,0.80755883
CCT7,0.80750483
RABEPK,0.80721754
C12orf65,0.8070506
GSTA4,0.80676013
ATXN7L1,0.80654347
KCND1,0.8060749
ARF6,0.80601025
PLEKHA2,0.80561006
TRAPPC10,0.8054753
USP43,0.8052053
DDX19B,0.8049497
ATP6V1C2,0.80487174
GABBR1,0.8046582
CHMP5,0.80436784
COG6,0.8037925
RBBP8,0.8037704
KXD1,0.8035374
PPP1R12C,0.80320454
CCDC115,0.8029931
ATG12,0.80289525
IFT88,0.80287504
B3GNT2,0.80259967
BICD2,0.8025392
EIF4H,0.8022551
DPM1,0.8022117
RPS17,0.80195683
BTN3A2,0.80140215
CHORDC1,0.8012235
CD58,0.8012042
CWC22,0.80111134
ANP32E,0.80106306
HSD17B1,0.8009356
DLG4,0.80088323
ZNF529,0.80067116
NUFIP1,0.800602
DIS3L,0.8003708
TRAPPC12,0.80036545
FHOD1,0.8000836
ZNF708,0.80003935
FBXW9,0.7999989
NASP,0.79986316
EIF4A1,0.79981136
GANC,0.79969066
CLPX,0.79936016
ERAL1,0.79927254
BBS10,0.79906213
FBXO10,0.7989403
DERL3,0.79892784
GNPDA1,0.7989238
EXOSC1,0.7988041
MPP6,0.79874665
FKBP3,0.7986257
ARHGAP32,0.7984635
HCFC2,0.7979556
EXOSC2,0.7977785
ZNF398,0.797727
MYL6,0.7976995
CAPN10,0.797658
ATF4,0.7976105
FOSL2,0.7974438
SRSF9,0.7970829
ITGB1,0.797004
CHP1,0.7969249
ARRDC3,0.7965899
CD83,0.79653364
BPTF,0.7961466
SLCO3A1,0.79609627
CTPS1,0.79591304
KLC1,0.79573107
LGI4,0.7956722
PI4KB,0.79554003
GOT2,0.795246
CNOT7,0.7951962
POLD2,0.794945
ARHGAP30,0.7949006
LAMA2,0.7948708
HIVEP3,0.79472786
AGPAT1,0.7946697
DENND2A,0.7939099
ELL2,0.7937193
CYB5R2,0.7932331
NR2F6,0.7931072
CBX1,0.79305416
CTNS,0.7929888
EIF4A3,0.7929589
THOC2,0.7927709
CEBPG,0.79274654
APTX,0.79267466
CAB39L,0.79257417
BYSL,0.79245526
HOOK2,0.792388
NKD1,0.79232025
EIF4EBP1,0.7923198
IPO8,0.7921859
EHD4,0.7915954
ILF2,0.791528
CARM1,0.7915279
COL4A1,0.791193
TADA2A,0.7909994
EVC2,0.7906778
UPF3A,0.79050523
ARSG,0.79016125
EIF5A,0.7901501
CDC42EP4,0.78983116
GINS3,0.7898263
DDX24,0.7897923
ELP5,0.7892045
ERI2,0.7891767
DHX8,0.7890491
AKR1B1,0.7889418
SEC13,0.7885045
HERC6,0.78830326
ASB1,0.78828704
CALM2,0.78810865
PPARGC1B,0.7880267
MAF1,0.7878736
BACH1,0.7878718
DAPP1,0.7878237
HDAC7,0.7877598
DUSP6,0.78768337
CAPRIN1,0.7871551
DOCK10,0.7871362
LTB,0.78676176
HTATSF1,0.78670967
APIP,0.78658617
EGR3,0.78653514
KATNAL1,0.7864082
PDE12,0.78563
COX11,0.78561914
ARIH2,0.7855917
INSR,0.7855848
BNIP1,0.78532094
EMC7,0.78459066
INSIG1,0.78458726
HSF2,0.78457224
ATP6V1B2,0.7844148
C2CD2,0.78440994
MAP3K11,0.78432786
NR1D1,0.7838306
LSR,0.78378093
CENPL,0.7836609
GBA2,0.7832414
TIMMDC1,0.78311265
DET1,0.78297985
AP1G1,0.7829255
COG5,0.7828336
METTL3,0.78270006
SLC16A3,0.7824099
DAB2,0.7823584
HBP1,0.7823376
ENG,0.78189796
TUBA1A,0.7818229
MRPL38,0.781575
ELP6,0.7815403
MAVS,0.78131974
ELOVL1,0.7811214
IFIT1,0.78108865
GCA,0.7807679
CTSL,0.780495
ALAS1,0.78022236
LRRC8D,0.7799163
EBAG9,0.7799146
FKBP2,0.779823
INPP5A,0.7796831
ZNF84,0.77919555
GABARAP,0.77871877
DCUN1D4,0.77865344
MAP2K3,0.7785378
SRP14,0.77821565
HMGB2,0.77801484
COMMD1,0.7779511
DMWD,0.77794296
IRF9,0.777816
MECR,0.7777219
DBI,0.7776599
CD99L2,0.77760714
WDR4,0.7771317
ISG15,0.7771116
EHHADH,0.7770443
CTDSP2,0.77669334
FBXO7,0.7766782
FMR1,0.7765492
C1QBP,0.7764949
ARPC5,0.7764488
ALDH3A2,0.7761248
SCAF1,0.7761234
ARHGDIB,0.77609074
CENPN,0.77605844
CLNS1A,0.7751474
DDOST,0.77511877
EOGT,0.7751146
ARMC8,0.77509004
DNAJB6,0.77491933
GUCY1A2,0.7749178
ARPP19,0.7748018
HOXB2,0.7743991
DDX10,0.77434856
CSK,0.7740707
RPP25L,0.7740648
CCDC136,0.773991
GNAI1,0.77386975
CAPN7,0.7738343
KIF18B,0.77364105
MBD4,0.77355874
DNAJB12,0.77347445
C17orf80,0.7733554
BLZF1,0.77320075
ASRGL1,0.7728957
EMC10,0.7726378
C7orf26,0.772558
ERLEC1,0.7725113
FBL,0.7720838
CABYR,0.7719996
VANGL2,0.7717759
BET1,0.77168316
DMAP1,0.77167547
GATAD2A,0.77160656
ERCC8,0.7715567
FBXL5,0.7715313
DCP1B,0.7709892
DMXL2,0.7708555
GTF3C1,0.77076846
MAN1C1,0.77058566
CIR1,0.77044684
CD55,0.77029455
BCAT2,0.7701918
MASTL,0.77012485
HNRNPH1,0.769814
DGKI,0.7697341
BRF1,0.7696824
BPNT1,0.7695852
CCDC12,0.76956105
TBX19,0.7693417
PTPRF,0.7692223
CPOX,0.7691718
CDK2AP1,0.76914674
CAND1,0.7689605
FAHD2A,0.7685093
VAPB,0.7684197
ANAPC4,0.7681701
MBOAT1,0.7679348
C1D,0.7676359
HLA-DRB5,0.7675164
ARL3,0.76735795
DTL,0.76709753
ALDH9A1,0.7670322
CLDN4,0.76663333
FNDC5,0.76659846
BCCIP,0.7662528
ATAD2,0.7660822
EGLN2,0.7660148
MTHFD2,0.7658393
GGH,0.7653495
FAM8A1,0.7651171
ATP8B4,0.76472497
CPEB4,0.76417786
DHCR7,0.76401556
ARNTL2,0.76360756
LATS2,0.7634298
CD68,0.76341593
INPP5D,0.7629114
NSUN6,0.7628264
RHOU,0.76261014
MAP3K6,0.76177275
MPDZ,0.7614316
ARFGEF2,0.7613683
ANKFY1,0.76092327
CADM1,0.7609134
CDCA5,0.76090896
CEP70,0.76082605
CYTH3,0.76072073
HLA-DMA,0.7606823
CHAF1A,0.7604898
HDAC5,0.7604388
LAMC2,0.76037693
ALMS1,0.7603608
APOOL,0.76029384
NR1D2,0.76005393
ARHGEF12,0.75995284
BMP2,0.7597842
EIF3K,0.75976187
IFI35,0.759724
HGS,0.7595821
HNRNPF,0.75942796
ERCC6,0.7592017
FAH,0.75834817
HSD17B12,0.75832576
FRZB,0.75799215
EDC3,0.75792664
KCNJ2,0.75781816
CTDP1,0.75750655
CCZ1,0.7572979
ATP7A,0.7567718
MTX1,0.7563916
CAPZA2,0.75636137
CHST15,0.7561662
ARRB1,0.756146
GIT2,0.75612915
CBFA2T2,0.75602406
AP3B1,0.7559926
BSG,0.7559317
CLPP,0.7558858
KRT80,0.7558744
ECHDC1,0.755795
ASF1B,0.755113
ENPP1,0.75511056
CABLES2,0.7549483
CDCP1,0.7545403
DHCR24,0.75442916
FAM91A1,0.75429344
CARS2,0.75427836
RPL29,0.75413877
AP4B1,0.75411063
PTK2,0.7540722
CEP57,0.7538809
DNAH17,0.753863
GPC4,0.7537622
BTF3L4,0.75369656
GALNT1,0.75349873
CPSF6,0.7534916
HINT1,0.75318724
FPGT,0.7531526
HSD17B10,0.75306064
DUSP1,0.752896
CREBRF,0.752619
AMOTL1,0.75256926
BECN1,0.75242746
CNPY3,0.7523427
INMT,0.7521587
DKC1,0.7519911
COMMD8,0.7517241
DENND1A,0.75166315
DOK1,0.7515728
AMOTL2,0.75149006
DLST,0.75137025
CLDN15,0.75115645
GJC1,0.750951
KPNA1,0.7508703
DZIP1,0.75086355
HNMT,0.75085306
FBXO4,0.7507181
BBS2,0.75049114
FBXO41,0.7503965
EIF3M,0.7503477
HVCN1,0.7499558
DSEL,0.74950415
G3BP1,0.74944836
DGUOK,0.74944365
DAB2IP,0.74934286
PUS3,0.7493156
THOP1,0.7492884
GPD2,0.7490357
CES2,0.7489016
DEPDC1B,0.74875504
CALCOCO1,0.7485106
IFIT3,0.74848574
KIF5C,0.74836916
IFI16,0.7482843
MIS18A,0.74827147
CCDC80,0.7480506
ESRRA,0.7480233
CCNT1,0.74799967
ICAM3,0.7479798
BRAP,0.7477311
LIMK1,0.7475373
EIF3H,0.74731475
NEIL2,0.74731153
IRF8,0.74724996
SLC12A9,0.7471863
PGM1,0.7471523
BOP1,0.74706364
CEBPB,0.7470018
DNMBP,0.74685967
FN1,0.74675226
CKAP5,0.7467368
CHAF1B,0.7465248
CD1D,0.746289
SMC4,0.7459202
DENR,0.7457996
FGD3,0.7457722
KCNIP2,0.74505454
MRPL2,0.74502826
CD2AP,0.7450204
EME2,0.744763
GDI1,0.74473536
COG4,0.74468875
ANGEL2,0.7446424
MRPS27,0.7446033
HSD17B4,0.74436724
EPHA4,0.7442787
HK1,0.74366164
INVS,0.74348885
COPE,0.7433412
EFNA4,0.7432945
FBXO5,0.7431668
UBE2K,0.74306417
METTL21A,0.7429266
CSE1L,0.7429041
CDK5RAP2,0.7428097
CABLES1,0.74248415
LRPAP1,0.7424553
MTIF2,0.74217725
EDIL3,0.7421683
KDELR3,0.7420728
CTIF,0.74205273
API5,0.74204963
DSCC1,0.74171716
KCNJ14,0.74156165
GOLIM4,0.74140453
PLCH2,0.74132013
ADAMTS7,0.74118626
ATOX1,0.7410964
FASTKD2,0.74098974
HNRNPK,0.7408413
BMPR2,0.7407554
CHPF,0.7405029
HERC3,0.74042577
CLEC3B,0.7401449
ETFB,0.7399119
LTBP4,0.7398925
DACT1,0.73984176
LIN7B,0.739833
CCT3,0.7397042
CLSTN1,0.73963636
FRAS1,0.7395796
FEM1B,0.7393532
MRPS21,0.73920465
LTB4R,0.7391653
GTF2F2,0.73913795
CACYBP,0.7391119
FANCI,0.73905087
MAML1,0.73898464
CAMK2D,0.73892075
DCAF15,0.7387525
CPEB3,0.73869073
EDNRA,0.7386886
L3MBTL1,0.7385591
LOXL1,0.73849684
CAMK4,0.7384963
CCP110,0.7383312
EMB,0.7383142
GRSF1,0.7382671
CXXC5,0.7380435
CXXC1,0.73803186
ENTPD6,0.73787016
E2F4,0.73776245
CFL1,0.73766655
COG3,0.7375787
CENPJ,0.73751855
TSPYL2,0.7375114
COASY,0.7373614
IRS1,0.73722947
ATP1B3,0.73616207
MED28,0.7361281
IPO5,0.7360666
AP3S1,0.73605335
FKBPL,0.73593104
MAPK8IP1,0.73591536
HNRNPD,0.73583597
HSPG2,0.7357229
IPO13,0.73570037
COA6,0.7354333
DDHD1,0.73537964
LCMT1,0.73485667
FAAH,0.734826
HNRNPAB,0.73482525
CAP2,0.73480153
NDUFAF1,0.7347632
ASB6,0.73469585
PISD,0.7344052
EIF4EBP2,0.7340918
FZD7,0.7340198
FBXO22,0.73395854
GLUL,0.73394954
COL18A1,0.73372066
HPS1,0.7337206
CENPH,0.73344326
FZD4,0.7334105
FABP5,0.73334455
CGNL1,0.73331875
CASP7,0.7330966
CCDC86,0.7330375
FBXO30,0.7329406
CKLF,0.73286086
EIF2AK4,0.7328033
MFAP3,0.73269403
EIF1B,0.732682
FPGS,0.7325337
ERP29,0.73249334
ATP1B2,0.7324877
HERC4,0.7322853
SFI1,0.73215914
CYB5A,0.73212385
ANXA7,0.73197764
HOXB3,0.7319445
ITGA6,0.7318892
GPI,0.73179156
FBXO38,0.73177683
ICAM2,0.7316201
FNIP1,0.73149514
CTDNEP1,0.7314722
HMGCS1,0.73140144
KCNN4,0.73136836
FZD6,0.731343
UBR4,0.7311801
ING4,0.73099947
DHX16,0.7308277
LBR,0.7306505
NEIL1,0.73058593
INTS10,0.7303482
DTNBP1,0.7303105
FAM114A2,0.73018134
CDC40,0.7301675
PHF12,0.73007786
CHML,0.72998816
CLDN7,0.7298115
EXOSC10,0.7296173
FBXL2,0.7295401
DYRK2,0.72952104
ORC2,0.7295139
CMTM6,0.7292964
LARS2,0.7292424
IGFBP4,0.7292424
GRB2,0.72890925
IGSF6,0.7286386
HAUS4,0.72861344
GDI2,0.7285931
ACOT8,0.7282938
CDC27,0.728274
TBCC,0.7280009
MED26,0.72795963
GGCT,0.72788364
RHOJ,0.727842
GLG1,0.72749037
FAU,0.72746634
MRPS31,0.7274496
ESF1,0.7273792
BTRC,0.7269949
DAZAP2,0.72697604
PIP4K2A,0.72696775
EXOC1,0.7266974
DDA1,0.7263716
EIF2S1,0.72588044
PAG1,0.7258713
GTF3C3,0.7255979
COL8A1,0.72557956
EPHA1,0.7255371
MRGBP,0.7254227
DNAJC8,0.7254074
KLHL12,0.7253136
DSG2,0.7252179
KCTD1,0.725131
CD46,0.72512335
GTF3C2,0.72497964
HAT1,0.7249608
FKBP8,0.7249522
HADHB,0.72472745
CMTM4,0.72469294
DHX15,0.724424
GPKOW,0.724423
EFNA5,0.7243663
ARFIP2,0.7243549
ACTG2,0.7242499
DOCK2,0.7240025
IVD,0.7238358
FARP2,0.72373366
MYO10,0.72358716
KDM4A,0.72356945
EP400,0.72345454
BLOC1S6,0.72342885
AQR,0.72342867
S100PBP,0.72340137
AMPD2,0.7233976
ARHGAP12,0.72334665
CNOT8,0.723161
KAT5,0.7229845
MAGED1,0.7229259
IK,0.72274333
NDUFA10,0.72267085
NTN1,0.7226652
FNTA,0.72254515
HLA-DMB,0.7224812
GHDC,0.72244716
FXYD6,0.7224212
GLUD1,0.7222667
ARSK,0.72224444
LAT2,0.72212833
RAP2A,0.72202605
EPB41L4B,0.721966
IMMT,0.7219281
ISY1,0.7217902
BPGM,0.7217564
HNRNPL,0.72167903
CDK9,0.7214564
SRGAP2,0.72144353
CCS,0.72143555
LDB1,0.7214041
IGFBP6,0.72139573
DOCK4,0.7212904
BRWD1,0.7208263
RPL7A,0.7208046
RCC2,0.7207993
ZNF71,0.72079915
TIAM2,0.7207144
GPR176,0.7205678
ASCC2,0.72046876
GDPD5,0.72042847
NUDT16L1,0.7202169
CUL3,0.72011083
DCAF11,0.7199439
DCP2,0.7198499
PKP1,0.71966344
MRPS12,0.7196019
PLD3,0.7194439
CYB5R3,0.71933484
DSTN,0.7193311
MAP2K7,0.7192547
ST6GAL1,0.71899855
CCNA2,0.7189797
HUWE1,0.7189204
IFNLR1,0.7186308
FKBP5,0.7186251
ITM2B,0.71861833
MTMR3,0.7185963
NACC1,0.7185012
SWSAP1,0.718484
COPB2,0.71846306
DAAM1,0.7183891
TMEM11,0.71830213
DNAH1,0.7182825
NAPA,0.71811515
DMD,0.71810955
G3BP2,0.71800596
PHAX,0.71798295
HNRNPM,0.71785593
GBA,0.7177707
GPS1,0.7177639
MVD,0.71776026
MYO9B,0.71773106
ERF,0.71761394
FGD5,0.71760154
CWC27,0.7175844
ASAH1,0.71751726
LMNB2,0.71740586
GOLGA3,0.71739477
FOXK1,0.71738684
AP1S2,0.7173662
CNDP2,0.7173487
EI24,0.7173434
DCTN4,0.71732986
CMTR2,0.71732044
CIB1,0.7172784
DCUN1D5,0.71725017
DLD,0.7170876
SMC5,0.716847
GLB1,0.71662253
DHX58,0.7165898
LDB2,0.716477
NOP10,0.71647304
CMYA5,0.7161021
IL6R,0.71609783
CHMP4B,0.71609163
PTPN2,0.7160866
IL7,0.7159809
MINK1,0.71590286
NUDT3,0.7158522
EHMT2,0.7157145
IDH3G,0.71566314
HNRNPU,0.71561605
GPSM2,0.7156085
MSL2,0.71560466
ITGAE,0.7155636
GGA1,0.71551967
NIPSNAP1,0.7154779
EIF5,0.7154748
HNRNPUL2,0.7154433
HLA-DOA,0.7153358
OPLAH,0.7151579
DPF2,0.71514773
TRAFD1,0.7151049
PCDHB3,0.7150389
KHNYN,0.7148921
CHMP3,0.7147279
ASAP2,0.71417415
NANS,0.7141713
BRD9,0.7140206
ARID5B,0.71394145
FBXL17,0.7136881
GPSM3,0.7136339
MXRA8,0.71351594
EYA3,0.71341985
CETN3,0.71338
CCDC106,0.71337754
KPNA5,0.71312517
CDK5RAP3,0.7130403
C2orf49,0.71303153
GDF15,0.71299064
ARHGAP29,0.7128099
IL17RC,0.71279955
BAK1,0.71262026
DAPK2,0.71246594
BUB1,0.71246463
EIF4B,0.71245867
HADHA,0.712388
HDAC8,0.7123294
FBXO8,0.71229374
ARFGAP1,0.71223086
HSBP1,0.71221066
KLHL25,0.71216124
CREB3L4,0.712108
GIGYF2,0.7118751
CDR2L,0.71187127
ETNK2,0.7118571
INTU,0.71175295
CAMKK2,0.7117322
MED29,0.71171755
HLCS,0.71166736
MTM1,0.7116517
DDX42,0.7116112
PNP,0.7114326
GNPTAB,0.7114308
UHRF2,0.7112431
CORO1A,0.71109784
LGALS3BP,0.7110501
MTMR2,0.7109283
NOP16,0.710899
HSPBP1,0.71089876
IL2RA,0.7108938
NFYA,0.71048063
HCK,0.7103182
EIF4E2,0.71030056
HBS1L,0.7102599
ACTR10,0.71011144
PDE7A,0.709949
GSTZ1,0.7098452
GYPC,0.7098301
B3GNT5,0.7097913
TK1,0.70934844
MLEC,0.709097
NFRKB,0.7090548
HERC2,0.7089371
KIF21A,0.7088553
TERF2,0.7088492
DCAF8,0.7087417
CDC20,0.7086469
EVL,0.7081716
CEBPZ,0.7080774
EDEM3,0.7080394
HSD17B7,0.7080367
KHDRBS1,0.70785785
MRPS35,0.7078508
BUD13,0.7077662
EIF2B3,0.7077495
N6AMT1,0.7077478
GOLM1,0.70767486
GTPBP4,0.7075377
EPAS1,0.7075243
DGKA,0.7075176
FLII,0.70739424
DENND4C,0.70737016
FAM220A,0.7072479
NOSIP,0.7071375
EEA1,0.70701975
MKNK1,0.70698464
HNRNPA3,0.7069632
PDPR,0.7067711
ARNT2,0.7065882
DYNC1LI1,0.70648277
OPTN,0.7064411
GIPC1,0.70638716
CSPG4,0.7063704
BEND3,0.7063187
PEF1,0.70626223
MRPL45,0.70621157
NSFL1C,0.7062057
PHF1,0.7059156
COQ9,0.7059112
CAPN1,0.70582247
MZT2B,0.7057442
MPP2,0.705711
GJA1,0.7057078
IFT81,0.7056658
KATNB1,0.70561314
CRLS1,0.70545095
MRPL50,0.7053731
GNB5,0.70534927
LAMB2,0.70534253
COQ10A,0.70523506
CNN1,0.7052344
NR2C2AP,0.7052212
LPL,0.7051551
COPS7B,0.70488226
TNRC6A,0.70482224
CENPE,0.70481855
PPIB,0.7046664
FTSJ3,0.70454407
GSPT2,0.70454115
DHX32,0.7045026
SNRPB,0.70445096
PSMD3,0.7044142
CAPZA1,0.70428723
ELF2,0.7042007
GPN3,0.70416373
ARFRP1,0.70416147
LSM4,0.70406616
ISG20L2,0.70387477
CCNDBP1,0.7038584
COX6B1,0.70382994
GADD45B,0.7036404
MOV10,0.70355374
GNA14,0.70347404
C2CD5,0.7031311
GALK1,0.7030231
KIF2C,0.70298165
CHFR,0.70296973
BRPF3,0.70296484
FMNL3,0.70278144
DDX39A,0.70268637
CCT5,0.7026212
IFIH1,0.70260894
DMTN,0.7024477
WDR5,0.7024083
MRPS2,0.7023447
IRF5,0.70226717
ACER3,0.7022592
NR2F2,0.7021123
FOXRED1,0.7019206
EHMT1,0.70188123
DOCK8,0.70144784
HDAC10,0.70134497
PNRC2,0.70122284
AP5Z1,0.7012063
DHX38,0.701147
EPC1,0.7011267
GTF2A2,0.7011122
KLHL3,0.70103705
BAG6,0.7010312
MLX,0.7009255
ITPA,0.7008664
CHEK1,0.7008223
KDM3B,0.700733
MAPK11,0.70056844
CTPS2,0.7005647
CENPK,0.7004593
ITGA2B,0.70042735
FBXL4,0.7003696
BCS1L,0.7003623
EARS2,0.7002456
MCM7,0.7002437
CHUK,0.7001604
DCTN2,0.7000481
PRKCSH,0.70002705
ARL16,0.700016
TNKS,0.6999743
DNAL1,0.69990826
FERMT3,0.6998631
ALPK1,0.69981813
MAP1LC3B,0.69978577
ITPR2,0.69977546
MPHOSPH6,0.6997451
ATP8B1,0.699716
GSTM3,0.69966936
CYP2S1,0.69957113
BATF,0.6994056
FLRT2,0.699231
KLHDC2,0.69906867
LAMA4,0.6989851
COBLL1,0.698934
OPHN1,0.6988756
LSS,0.6988517
BOLA3,0.6987591
GPR180,0.6986517
COL9A3,0.6986468
SGIP1,0.698611
EIF3G,0.69850415
CNOT6,0.6984696
DDX31,0.698415
EPHB2,0.69837326
GRPEL1,0.69830334
ERLIN2,0.6982741
IL10RA,0.6978884
PER2,0.69764817
MAP1S,0.6974482
EIF4G2,0.69744414
SGPL1,0.69734794
FZD3,0.69729203
MMS19,0.69720757
SAP18,0.6970911
EXOSC5,0.6970337
OPRL1,0.6970229
LRIG2,0.6969999
FYCO1,0.6968775
PIGK,0.69679284
HOXB6,0.6966402
CDC37,0.6966285
PIGS,0.6966095
LSP1,0.69657713
BABAM1,0.6964629
PSMB1,0.6962925
PSMC5,0.69627315
DPH5,0.69624203
HYPK,0.69622856
COL24A1,0.69615024
GNG5,0.69610107
KLHDC3,0.6960728
MUC3A,0.695977
PHYKPL,0.69564193
NEU1,0.6955067
HLTF,0.6954622
MRPL34,0.69540256
ZNF43,0.69534796
CNNM3,0.69521147
CTDSPL,0.6951586
DDX56,0.6951488
DDX55,0.6951355
LYPLA2,0.69497013
ETFA,0.69479424
NFYB,0.69464374
TBC1D32,0.6945104
IQSEC1,0.6944869
MST1,0.69441205
GMIP,0.6942266
KIF4A,0.6941647
POLR2C,0.6941574
DNAJC13,0.69405454
EBP,0.69391835
NCSTN,0.69388586
GEMIN6,0.6938793
WDR70,0.69385415
SEC24D,0.6938382
LEMD2,0.6937555
HSPA1B,0.6936748
GPR153,0.6935604
COIL,0.6935514
ALDH1B1,0.69341826
OPA1,0.6934146
KRBOX4,0.6933856
CDYL,0.6933565
SNX5,0.6932721
CSGALNACT2,0.693272
DPH1,0.69316435
IMPDH2,0.6930436
NES,0.6930296
ORC6,0.6929285
GPANK1,0.69289064
MCM9,0.69283855
DENND4B,0.6928272
MIDN,0.6928118
MOCOS,0.6927896
MRI1,0.6927629
DDX28,0.69274366
DHTKD1,0.69273937
MSMO1,0.69272447
CDC16,0.69259465
IRF2BP2,0.69256157
TPD52L1,0.69248253
CBX4,0.6923612
ICMT,0.69232166
ARL8A,0.6921583
NRP2,0.6921573
HNRNPH2,0.69195664
RPL26L1,0.69193393
GOLGB1,0.69179845
PIGB,0.6917522
AKT1S1,0.69158167
EEF1E1,0.69155014
EMC2,0.6915497
LIG3,0.69140077
MRPS23,0.69135183
COL4A6,0.69126725
CSTF2T,0.6912454
MAGOHB,0.69123745
AK4,0.6911775
CSNK1E,0.691153
ALG8,0.69114935
HLA-DRB1,0.69101703
HLA-DPA1,0.69100666
KCNK5,0.69098437
NCBP2,0.69095546
LPXN,0.6908967
KMT2B,0.69088954
IP6K1,0.6906791
NR3C1,0.69064474
EHD1,0.69049793
GABPB2,0.6904608
DYNLL1,0.6904452
CHST14,0.69033945
GATC,0.69023806
CKAP2,0.69008976
KIF3C,0.6900878
CEP164,0.6899643
FBXO21,0.68995017
CDCA3,0.689876
FOXRED2,0.6898254
ME1,0.6897597
NMB,0.68972284
IFT20,0.689672
STRIP2,0.68957305
TOR1B,0.68942076
KCNAB2,0.6892777
COX15,0.6892091
POLR2G,0.6891676
CD53,0.68915313
RARB,0.6889722
RPSA,0.6889537
HOXA5,0.6889504
FEZ1,0.6887213
LIPA,0.68857247
SUGT1,0.68848234
HMOX1,0.68824005
PSME4,0.6882296
KANK1,0.68814236
PIWIL4,0.68798286
CHST12,0.6879596
TSC22D3,0.6879268
NUSAP1,0.6879215
ATG4B,0.68779016
BACE2,0.68774563
NUP205,0.687594
GTF2A1,0.687563
PPA1,0.6875162
GMPPA,0.68751204
CLIP2,0.6874506
PNPT1,0.6874318
HNRNPLL,0.6871341
ADI1,0.6871253
BUB3,0.6870633
MBD3,0.68688804
CORO1C,0.6866742
HIGD1A,0.6865935
HOXA10,0.68656623
RRP1B,0.68654996
EXOC5,0.6865057
FBXO15,0.68647516
DPY30,0.68647397
ENO2,0.68643737
CEP76,0.68642277
ALKBH8,0.68635005
LARP4B,0.6862646
KPTN,0.68623596
EIF2S3,0.68619
IL18BP,0.6861085
CDS2,0.6860805
PANK3,0.68606347
SRPRB,0.6859939
DDX41,0.68587697
CGRRF1,0.6858741
PARD6G,0.68585235
RPL28,0.68581086
LGALS9,0.6857197
IFT74,0.6856785
SLC25A22,0.68551856
LARP4,0.6854582
NDUFA8,0.68539083
IVNS1ABP,0.68532765
NDUFB4,0.6853206
MAD2L1BP,0.68530077
SMARCAL1,0.6852907
MFGE8,0.6852671
EIF3B,0.6851684
MSL1,0.6851288
PFDN6,0.6850351
SUGP1,0.6848933
EEFSEC,0.68478006
TRPC4AP,0.6847393
MICU2,0.68464947
HEATR1,0.6846365
UBE3A,0.6845405
KIF18A,0.68449295
GAS2L1,0.6844817
ERGIC2,0.68446296
NAA35,0.6843849
DUSP2,0.6843824
EPC2,0.6843781
MGST3,0.684323
PTPRO,0.68423814
CCNT2,0.6842098
DENND2C,0.68419075
ARHGAP4,0.6841676
BCKDK,0.6841108
GPX3,0.68410236
NEO1,0.68394893
AUH,0.68392587
POFUT1,0.6838904
ATPAF1,0.6838083
IMPDH1,0.6837967
SCAP,0.68378466
E2F8,0.6837284
ORC3,0.68370706
UBE2Q2,0.68365574
MKKS,0.6832073
METAP2,0.68316734
FBXW5,0.6831284
LRP5,0.68305665
STAG3,0.6828783
EFNA1,0.6827902
RAB5B,0.6827421
ADAM17,0.68266946
CPT1C,0.68263185
NDUFA1,0.68255794
ATP6V1E1,0.6825374
GDE1,0.6824122
IL21R,0.682412
DDX18,0.6823334
CD9,0.68231684
LYAR,0.68209153
DIMT1,0.6819987
TST,0.6819528
KLHL2,0.6818894
METAP1,0.6818865
TBC1D10B,0.6817662
ECI2,0.6816548
NFATC4,0.6815629
CTDSP1,0.68154025
INTS9,0.68143153
PPRC1,0.6814271
HLA-B,0.6813805
KANSL2,0.6813708
IL4R,0.68132067
RAB4A,0.68132
DOLPP1,0.68130165
MAP2K5,0.6811748
PSMD12,0.6811518
NECAP2,0.68111956
HIPK2,0.6810133
ZNF41,0.68094623
SLC22A17,0.6809297
CCT8,0.68089956
EMC4,0.6807857
PLEKHA7,0.6806802
ASPHD1,0.68060213
COL5A2,0.6805472
CYC1,0.68047345
DCAF10,0.6803445
MFAP1,0.6803105
STAT1,0.68030465
GSTK1,0.68028873
ALG14,0.68018574
PGM3,0.68016666
PKN2,0.6801385
DCTN5,0.68009627
MED9,0.6800767
SNRNP70,0.6795958
GUSB,0.6795826
NOP9,0.67957914
CHMP1B,0.6794918
RPS27,0.679482
BIN3,0.6793119
NLRP1,0.67928267
LSG1,0.6792663
EIF2D,0.67925036
NELFCD,0.6791751
UBE2A,0.67915887
GTPBP2,0.6790776
MR1,0.6790179
MDC1,0.6789947
DCK,0.6789771
HACE1,0.67894906
CENPI,0.67892987
NEK6,0.6788992
NANP,0.67885464
GTPBP1,0.67868376
RAB40B,0.6784603
LAMP1,0.67824113
NRL,0.67822665
MEX3C,0.6781982
PRPF18,0.6781942
IRAK4,0.6780417
HSPB8,0.67798173
HPS3,0.67792934
RRP7A,0.67787236
MYL6B,0.67784774
MCAT,0.6776283
USP28,0.67747444
BRPF1,0.6774708
MKNK2,0.67742467
RRM2B,0.6773153
CERS5,0.6772505
PUF60,0.6771555
RAB3GAP2,0.6770463
ACTR3B,0.6770107
RBM8A,0.6769761
RPL24,0.6769514
ARL4C,0.6767968
SURF4,0.6767766
LSM2,0.67675143
LYPD3,0.6767463
INO80B,0.67655814
DBR1,0.676279
ELAC2,0.67627
GPX8,0.6762226
EXPH5,0.67620766
RPS20,0.67609984
RPS11,0.67605287
ALDH18A1,0.67600596
RPL22L1,0.676001
GALNT7,0.6758076
ASS1,0.6756246
ANXA1,0.6754118
MLKL,0.67540634
SRM,0.67538875
FGD2,0.6753816
NDUFA13,0.67524993
RAN,0.6752194
FXR1,0.67516
LTBP1,0.6749986
LAMB3,0.67499644
NAF1,0.6749162
COX7B,0.6748592
DDRGK1,0.6748514
DYNC2H1,0.67478687
TMEM147,0.6747126
ATP6AP1,0.67453074
NGFR,0.67447686
BHLHE40,0.6744295
SNRPA,0.67415017
NELFE,0.67410845
SCAMP1,0.6740943
DTX4,0.67406917
HPDL,0.6740523
PLXNA1,0.67401206
PLP2,0.6738896
MAP3K4,0.6738875
DCAF7,0.6737782
FKBP1A,0.67372286
CDC14B,0.6736605
SMC3,0.67363
NGLY1,0.6735925
ASAP3,0.67350173
HLX,0.6734345
CEP152,0.6733018
EPB41L1,0.6732431
JDP2,0.6732175
MYO15A,0.6731462
BCAP31,0.6730966
DIABLO,0.67295444
PPP6R2,0.67264813
IQCB1,0.67258084
ARHGEF40,0.67254007
MYH14,0.6725133
BLOC1S5,0.6724762
PAIP1,0.6724735
DNAJC3,0.6724609
SKA3,0.67245823
UBAP1,0.6723798
MZT2A,0.67235935
RPS13,0.6723567
CCR7,0.6723213
PKP3,0.6723085
ME3,0.6722301
EIF2B1,0.67222184
TOMM34,0.6721719
HOMER3,0.6721409
MAMLD1,0.6720828
PAIP2,0.6720696
JMY,0.67196494
CDC37L1,0.6719524
DSP,0.67188585
NME2,0.67182964
PCBP4,0.67182285
DNAJB14,0.6717703
MAP3K5,0.67176855
HPS4,0.67173404
CPT1B,0.67167515
PTCD1,0.6716744
GEMIN2,0.671585
SLC1A3,0.6715721
PSMB7,0.67148167
CNOT10,0.6713995
PCNT,0.67137337
CHCHD1,0.6712824
GOT1,0.67124134
IFT27,0.6711859
UQCRH,0.6711538
DHX37,0.6709534
PMP22,0.67093825
SENP8,0.6709362
HLA-C,0.6708893
POLRMT,0.67077625
CREM,0.67073655
FSCN1,0.67067224
SRP72,0.67050457
HIRA,0.67021316
GBP2,0.6701643
ZNF219,0.6701258
PLCB4,0.67007196
DONSON,0.67003363
MAP3K3,0.66996706
PDCD6IP,0.66977787
LUC7L,0.66969705
GINS4,0.669676
AUP1,0.6695484
SETD1A,0.6695327
NONO,0.6694155
CHERP,0.6693762
SEC24C,0.66936857
GEMIN7,0.6693627
MAGOH,0.6693307
SEC31A,0.6692965
FEM1A,0.6692113
CERS6,0.669104
KANK2,0.66908574
ZNF76,0.66906124
PES1,0.668915
TIMM21,0.66888684
KALRN,0.66882044
PEX10,0.6686367
POLA2,0.668612
GALNT11,0.6684569
RANBP3,0.66830134
TMEM115,0.6682899
CNIH1,0.6682658
FZD5,0.66826034
ARNTL,0.66823906
TFB1M,0.6681862
KDM2B,0.6680876
HSF1,0.6680459
ATL1,0.6679885
PC,0.66798586
DNM1L,0.667982
PRMT7,0.6679815
CCDC97,0.6678934
CYFIP1,0.66786194
STARD13,0.6678439
PABPN1,0.66776556
GLS2,0.6677497
TRAF3,0.66765296
SCO1,0.66763103
IPMK,0.667621
DLGAP5,0.6676158
LTBP3,0.66742593
RAB31,0.66730297
GBE1,0.66729385
MORC2,0.6672347
MBTPS1,0.6671087
KCNG1,0.6670755
NAB1,0.6670729
ZNF383,0.66699815
EMC9,0.6669122
LIG4,0.66687214
ODF2,0.666747
U2SURP,0.6667304
SENP3,0.66672355
ATP6V1C1,0.66664606
PRMT6,0.6665718
PSME3,0.6664119
RIC8B,0.66634464
DHDDS,0.6662028
GLA,0.6661412
PPP1CB,0.66609496
MIF4GD,0.6660726
FANCM,0.665986
ITPR3,0.66581357
PIK3R3,0.6657267
RGL2,0.66569406
DCTPP1,0.66563594
MRPS6,0.6656161
IFNAR2,0.6654676
MGST1,0.6654144
PTPN9,0.6654115
SLC39A1,0.6654068
B3GAT3,0.6653713
NMT1,0.66516876
CNOT11,0.6651674
CMTR1,0.6651083
FCF1,0.6649424
NCK2,0.6647744
DDX50,0.6647477
AP2A1,0.6647283
MKLN1,0.66468865
BTD,0.6646005
GPT2,0.66446865
GCDH,0.6643238
MRPL47,0.66431904
EMC8,0.6642586
TRAF5,0.6642347
MCRS1,0.664219
HAUS3,0.6642113
EFEMP1,0.6641645
SH3GLB1,0.664138
LRRC47,0.6641206
PAFAH1B3,0.66408914
TNIK,0.6640882
ARPC1B,0.6639657
GYG1,0.66393894
NME4,0.6639156
CLSPN,0.66388124
CD69,0.6637785
FBXL3,0.66376966
PTPN4,0.6636819
NOC2L,0.6636267
PACS2,0.66362417
ARL2,0.66357136
NUCB1,0.6635582
ARSJ,0.6634764
MBIP,0.66341436
SLC7A6,0.66338503
NUDT12,0.663366
HS2ST1,0.6632362
KDM1B,0.6631775
FMN1,0.6631727
NDUFA12,0.6631634
SECISBP2,0.6630483
ARL6,0.6629471
THAP4,0.66294163
ERI1,0.66284686
ATP6V1D,0.66281384
MAPKAPK5,0.66272694
MIEF2,0.6626169
UBE2O,0.662591
GCFC2,0.6625387
GRK6,0.6625375
CYSTM1,0.66238
BMF,0.6623374
ARL6IP5,0.6622412
MSR1,0.6622229
ADCY1,0.66221935
DNAJC2,0.6621931
PSMB4,0.6621673
CEP250,0.66205215
PNISR,0.6620191
ATP6V0E2,0.6619845
RINL,0.66197526
GLRX,0.6619662
GTPBP3,0.66195846
CERK,0.6619391
GLMN,0.6619109
MIEF1,0.66177285
GGT7,0.66171515
TTF2,0.66171294
YWHAB,0.6616327
PPP2R5B,0.6616123
CETN2,0.66158825
ATF6B,0.6613866
PYGL,0.6613849
PPP5C,0.6612724
AGPAT3,0.6612617
GADD45GIP1,0.6612574
SKP1,0.661201
MIS12,0.6611961
FIS1,0.6611677
IFT52,0.6611513
TRAPPC9,0.66085434
SHOC2,0.6608463
MANF,0.6608444
RNF8,0.66059935
USP39,0.6605982
FAF2,0.66056055
CYBA,0.6605503
HELQ,0.66053975
EID3,0.6604023
KCNS3,0.66030735
PSMD9,0.6601817
OAS3,0.6601584
RGL1,0.66007704
CMPK2,0.6600565
KIF1C,0.6598975
MYL12A,0.65974
LARP7,0.65966874
MID1IP1,0.6595059
NMRK1,0.65944964
ARHGAP25,0.65920055
IDE,0.65916646
DPYSL2,0.65913665
CKAP4,0.65898234
PIK3C2A,0.65892303
CERS4,0.65890545
SMARCC2,0.65878063
DVL2,0.6587728
YIF1A,0.65876883
ST3GAL2,0.6587471
CD300A,0.65874076
DPH6,0.6587327
OSTM1,0.65858036
KDELR2,0.65853024
DBF4,0.65851897
PANK2,0.6584051
RPRD1B,0.6583474
GRAP,0.6582616
PPARD,0.6582335
MBTD1,0.6581876
CHRAC1,0.658151
NR5A2,0.65810925
TNIP2,0.6581076
SUPT5H,0.65807754
MCM5,0.6580558
GET4,0.6580248
GNS,0.65801656
MRPL35,0.6579768
MED27,0.65795594
RUVBL1,0.6579004
MRPL22,0.6578887
MIA3,0.6578658
QDPR,0.6577034
MAPK8IP3,0.65765095
RAB6B,0.6576245
GRPEL2,0.6575791
HYI,0.65748554
MFN1,0.6574719
ATP6V0B,0.65736455
IFT172,0.6573533
IBA57,0.6572935
PSMC3,0.65729046
ERRFI1,0.65727675
C1R,0.65726435
LRRC4B,0.657236
NAA25,0.6571324
LIN52,0.65708095
AURKAIP1,0.65701276
MRPL28,0.65699756
SARNP,0.65696865
CYCS,0.6569623
USF2,0.65667003
NEK8,0.6565998
PIF1,0.6565737
MPDU1,0.65656084
ADIPOR1,0.6565541
PPP1R11,0.65654343
MRPL44,0.6565159
IDH3B,0.6564475
F11R,0.6564465
VGLL4,0.65639794
CTSB,0.6563847
NFKBIB,0.65629566
HADH,0.65618587
TFDP2,0.6560189
TERF1,0.6558018
ROBO1,0.655791
GRB10,0.65578413
FAM111A,0.65553814
SH3BP4,0.6554012
EXOSC9,0.655355
PIGF,0.6552812
POLR3G,0.65526456
PRKRA,0.65522397
USP14,0.6551698
OASL,0.6551433
MTHFD1,0.6550831
LMBR1L,0.6549434
IL20RB,0.654931
FGD1,0.6549214
MRPL53,0.6548343
PLK3,0.6546859
SQLE,0.6546215
STX5,0.654573
PICK1,0.6544995
NOP56,0.65441746
PKP4,0.65438133
NAA40,0.65437907
HSPH1,0.6543258
RTF1,0.65421546
CWF19L1,0.6542043
ZNF622,0.6541779
OCLN,0.6541343
PIGT,0.6540584
CLPB,0.6539326
GUF1,0.6538212
PYCR1,0.6537816
TMED9,0.6537808
SLC7A5,0.65376097
APH1A,0.6537369
KIF17,0.6537268
KIDINS220,0.65372455
WDR6,0.65368646
PLXNC1,0.6536727
ZWINT,0.6536333
ITGB7,0.6535665
FADS1,0.65350723
DNAJB9,0.65346944
NT5C3A,0.6534355
PREB,0.6534264
NCKAP1L,0.6534226
NOLC1,0.6533556
MX2,0.6533075
TAF8,0.65321314
GATM,0.6532022
HMGXB4,0.65299726
KIF21B,0.6528909
BLVRA,0.65277666
CIAO1,0.65262467
SLC35A2,0.6525257
MTMR9,0.65248007
ZCCHC7,0.65245247
RBM22,0.6523964
DVL1,0.65232
SLAMF1,0.6522412
ANK3,0.65223974
RRM1,0.6522163
HSPA1L,0.6520705
RALGPS2,0.65206033
PRR5L,0.6520325
SPAG7,0.6520024
COQ6,0.6518766
RABGEF1,0.6518355
ROCK2,0.65172136
MAP4K1,0.6516822
PHB,0.6514954
HAUS1,0.6514819
LIF,0.65147734
SCP2,0.6514632
IL2RG,0.65133494
SLC40A1,0.65126044
ATPAF2,0.65098464
APOBEC3C,0.650978
MRPL17,0.6509349
NFKB1,0.6509134
MED25,0.6508837
SORT1,0.6508805
PRR5,0.6508693
FBXL19,0.65075874
MRPL11,0.65066886
GLCE,0.65065765
MTR,0.6505867
PPP4R1,0.6505738
HSD17B8,0.650527
TP53BP2,0.6504843
IL17RB,0.6504635
TAF6,0.6504463
MAN1A1,0.65043753
RCCD1,0.6504341
MRPL51,0.6502895
HAAO,0.6502424
INPP4B,0.650239
NOP58,0.65015954
NEIL3,0.6501245
HSPA6,0.6501086
MRTO4,0.6500952
UQCRC2,0.6498727
EGLN3,0.649821
ISCA2,0.6497583
WDR48,0.64973545
SPAG16,0.64953893
KLHL5,0.64950025
RPAP3,0.6494088
PDCD11,0.6493634
EIF2A,0.6493229
PAPSS1,0.6493022
FBXO32,0.6492011
KRIT1,0.649157
MEIS2,0.64912236
CNIH3,0.6490354
SH3D19,0.64903486
KCNJ15,0.64890254
RAB11FIP3,0.64888453
RAD23A,0.64878017
GNPTG,0.6486762
SARDH,0.6486633
NAA15,0.6486351
PDRG1,0.648632
CRMP1,0.64854914
CRELD2,0.64841086
GABPA,0.6482268
DISC1,0.6481962
LIN54,0.64819473
DRG1,0.6481244
SMC6,0.64774776
TEX10,0.6476259
DBNL,0.64762366
THADA,0.64745915
SDAD1,0.6474088
LPAR2,0.6473776
RRAGA,0.64725536
NOC4L,0.64714617
SCAMP2,0.64711744
DNAJC24,0.6471118
SYNJ2,0.64699227
NUMA1,0.6467438
MRPS5,0.6467066
SGSM3,0.64668435
KTI12,0.6465254
BIN2,0.6464793
MBOAT2,0.646457
HM13,0.64625853
NADSYN1,0.64625037
DERL1,0.64615434
SKIV2L,0.64601827
PRKD2,0.64594746
CNOT6L,0.6458139
PPP3CC,0.6457179
NUDT9,0.6454997
JMJD6,0.64546525
ZKSCAN1,0.64536333
PRPF38A,0.6453412
BCKDHA,0.64532363
ESD,0.6452848
DNTTIP2,0.6452482
TRUB2,0.6451735
ITFG2,0.64511544
KRT19,0.64496857
DHRS3,0.64494485
PLEKHA8,0.64489585
PPIL1,0.6448636
PEX26,0.64481
RAB3GAP1,0.64470166
CMPK1,0.64461887
TIMP2,0.6446176
PPP3CA,0.64452475
NUDT5,0.6444975
IFT122,0.64448434
RAB11FIP4,0.6443169
ITGA11,0.6442333
GTF2H3,0.6442294
FAM120B,0.6442154
LIN9,0.6442042
NOD1,0.6441621
GALNT12,0.6441616
MX1,0.6441034
NUP37,0.6440506
CENPB,0.6439794
STUB1,0.6439309
PSMA7,0.64390516
FCGR3A,0.64387995
SCYL1,0.64382654
PPM1A,0.64377666
MAPK12,0.6437588
DSC2,0.64374703
HDAC6,0.64360774
OAS1,0.64357966
PLCB2,0.64350593
LSAMP,0.64343196
HJURP,0.6434178
LXN,0.6433952
CPE,0.6433499
TMED3,0.6432155
LPCAT1,0.64318246
CSAD,0.6431047
KLHL9,0.6430947
SUPT3H,0.6429105
RNF123,0.6429003
MXD1,0.6428891
SMC2,0.64287204
DLG3,0.6427506
ITGAL,0.64259505
SPTSSA,0.64255196
TARS2,0.64250064
NT5C3B,0.6424918
DNASE2,0.6423127
PRKAB2,0.6422355
RAB9A,0.6421661
B3GALNT2,0.64214545
MARVELD3,0.64205784
LRR1,0.641889
RBM34,0.64187175
COG2,0.6418449
RSRC1,0.64151
PTPRA,0.6414909
PIGC,0.6413561
RRP36,0.6412978
MAPK3,0.6412722
RAPH1,0.641268
SOD1,0.64121145
PEA15,0.6412014
FBN1,0.64114827
SMUG1,0.6410198
ARPC4,0.64096093
DHPS,0.64089096
TANC1,0.6407957
CIAPIN1,0.6407029
UBL7,0.640671
PAQR3,0.6406175
PFKP,0.64060456
UBE2E1,0.64053786
CRADD,0.64039
TNPO1,0.6403496
SEC22A,0.6403295
NUP43,0.64032584
RNF114,0.6402679
KIF13A,0.640145
TMED7,0.64009607
KIFAP3,0.6400683
PPIL4,0.63996565
LGR4,0.6399651
DGKQ,0.6399191
FJX1,0.6398939
POLH,0.6397614
PEX13,0.6397309
CPEB2,0.6396851
SELPLG,0.6396825
LSM11,0.63964105
ARHGAP11B,0.63964057
FBXO17,0.6395241
CDCA8,0.63926464
TMC6,0.63921016
NFIX,0.63915837
L3HYPDH,0.6391331
SCNN1A,0.6391177
DUSP16,0.6390967
PPM1B,0.6390731
SASS6,0.6390493
ARL1,0.6390034
HOMER2,0.63895506
ATG4D,0.6389415
NDUFA5,0.63892347
ITSN2,0.6388748
STXBP2,0.6388659
CD320,0.6388601
ARID4A,0.6386427
MLXIP,0.6386225
RGS5,0.6385732
MPP5,0.6385614
IGFBP7,0.63852316
MADD,0.63851863
TAF7,0.6384824
FGF11,0.63845956
ERMAP,0.638428
LIG1,0.63835466
RPRD1A,0.6379618
STK40,0.6379487
NHEJ1,0.63790697
TRAPPC8,0.63778263
DAPK1,0.63776594
IL13RA1,0.63774
APOE,0.63767993
SPINT1,0.63766736
FAT4,0.63766706
SMG5,0.63765347
RANBP10,0.63764155
GADD45G,0.6375703
UBA5,0.63754374
GALK2,0.6374364
MTIF3,0.6374146
SETX,0.6373461
CIB2,0.6373197
CLASP2,0.6373143
PGD,0.63701314
NELFB,0.6369537
PGM2,0.63694924
MFSD10,0.63683593
ATF7,0.636833
MAPK14,0.63680035
BNIP3,0.6367594
PTDSS1,0.63669705
MTMR14,0.6366698
SSR4,0.6366262
SPRY4,0.6366226
MRPL33,0.6365702
NUBP1,0.6365658
EFNB3,0.6365637
PAM16,0.6364948
S100A6,0.6364488
GK5,0.63640034
GEN1,0.6363825
DSN1,0.63630265
MAU2,0.6362866
NOB1,0.6361165
ME2,0.63606596
IDS,0.6360584
TDRD3,0.6359911
MGA,0.63595945
DBT,0.6359057
NUBPL,0.6358988
MRPS10,0.6358587
NDC1,0.63584626
SAFB2,0.6358166
NADK,0.63562727
PYGB,0.63562155
GPCPD1,0.6354904
BAIAP2,0.63541466
DHX33,0.63534486
XPO7,0.63533986
P4HA1,0.63530624
MMAB,0.6351914
GEMIN5,0.6351693
ORC4,0.6351223
PGAP2,0.6349861
SNW1,0.63496995
MAD2L1,0.6349658
MED4,0.6349209
PDE8A,0.63484854
PSMB6,0.63468415
NDRG3,0.6343898
PRPF19,0.63418496
VAMP4,0.63416904
INPP5K,0.6341516
PAGR1,0.6340863
PMPCB,0.63396543
DCAF4,0.63394636
PCCA,0.6339212
RBM4,0.6338971
METTL7A,0.63389534
LMAN2L,0.6338461
STK25,0.6338291
SYNGR2,0.63382757
RAD54L,0.6337702
COPS6,0.63376456
BLCAP,0.6336543
MED8,0.633624
PLEKHG5,0.6336185
MRPS26,0.6335248
BLOC1S1,0.63343585
PACSIN2,0.6333895
E2F6,0.6333871
TUBB3,0.6333808
CDK7,0.63336205
PTGES3,0.6332925
ETFDH,0.63323724
PPP2R5D,0.63318056
NOL10,0.633115
APAF1,0.6330655
PIK3CD,0.63299316
HK2,0.63295156
MZT1,0.63294846
PLXNB2,0.63290656
EIF2AK2,0.6327052
MGLL,0.63267225
NDUFV1,0.63261867
ISYNA1,0.6326047
PNPLA6,0.6325167
TONSL,0.6324864
MYH10,0.63246906
PPM1L,0.6323532
PPP2R5C,0.6323365
NRBF2,0.63215077
RPL37,0.6320904
NSUN4,0.6320299
DENND1B,0.63197654
MATK,0.6319342
RAD23B,0.6319171
SNTB2,0.63189656
REEP5,0.6318787
EXOSC6,0.63182086
CLIC1,0.6317665
RTEL1,0.63175696
IRAK1,0.6317424
PTDSS2,0.631627
EAPP,0.63161904
RPL6,0.6315497
CRY2,0.63149905
PRKAR1B,0.63144684
SACM1L,0.63137996
STAU1,0.63135666
PPCDC,0.63129145
ATG9A,0.63129133
RPE,0.6311563
HELB,0.6311357
SRCAP,0.63112193
RABGGTB,0.6310575
MRPS9,0.6310369
NUP155,0.6308889
IFT46,0.6308613
CTTNBP2NL,0.6308489
ARAP2,0.6308441
CHCHD2,0.63081235
CPNE3,0.6307912
LOXL3,0.63064843
GINS1,0.6306252
RHOQ,0.63044274
SETD6,0.6303899
MED22,0.6303393
PSMB8,0.6303039
DXO,0.6302675
GPSM1,0.63025564
HAUS5,0.63019323
DNA2,0.6299964
KIFC1,0.629932
MLH3,0.62985176
TLE3,0.62985086
KLHL11,0.6297427
CHMP4A,0.62938905
PUS7,0.6293002
OSBP2,0.6290904
NDUFS4,0.6290812
NDUFAF5,0.6290731
SHISA5,0.6289442
SUN1,0.62891537
CBX3,0.6288506
TUBB2A,0.62867296
PHF20,0.62867206
RPL23A,0.62849706
VPS37C,0.6283156
TNK2,0.6282518
TBC1D24,0.6282078
URM1,0.6282059
APBB1,0.6281965
FCHO1,0.628158
NAA38,0.6280994
MBP,0.6280837
LLGL1,0.62807024
GKAP1,0.62789506
PSEN1,0.6277612
KRT10,0.62772113
MAP4K2,0.62768376
MMP15,0.6274372
PLEKHG2,0.6274055
ZNF7,0.6273968
SH3PXD2B,0.62737674
RAP1GDS1,0.6273765
RIPK1,0.6272953
GOSR1,0.6272215
PFDN2,0.62720895
GCLC,0.6271797
PTGES2,0.62715214
SREK1,0.6271263
STT3B,0.6269633
GMPR,0.6269543
RCOR1,0.62694645
SPPL2A,0.62678355
NFIL3,0.6267285
RPAP2,0.6266333
CCDC93,0.6266286
GPX7,0.6266247
PUS1,0.6266191
OTUB1,0.62661487
C3orf38,0.6265728
XPOT,0.62646633
CSNK1G3,0.6264641
PGRMC1,0.62643105
FAM3C,0.6264045
DHX9,0.62624776
GALNS,0.62620056
MAN2C1,0.626112
ATG4A,0.62609065
SBF1,0.62602335
NUDC,0.6259229
B3GALNT1,0.6259049
CHN2,0.6257504
PURB,0.6257441
IARS2,0.62541157
WTIP,0.6253963
NLN,0.62539136
TAB1,0.62515736
XRN1,0.62494993
OAZ1,0.62482864
FBXO31,0.62478477
MRPL39,0.6247492
EPHX2,0.62467927
COL16A1,0.62467
CATSPER2,0.6246537
COLQ,0.62455237
IREB2,0.6245432
LSM7,0.6245291
USP11,0.6245162
ITGB2,0.62433356
SORD,0.62428856
GNL3,0.6241769
USP3,0.6240588
DUS1L,0.62405634
PTGIR,0.62404555
RAD52,0.6240165
PCGF2,0.62397474
RRP9,0.6238498
NID1,0.62379354
RYK,0.6237928
LCLAT1,0.6236992
RFC2,0.6234638
ITPK1,0.6233103
PDK3,0.6232069
DFFA,0.6231821
SPG11,0.62317383
DDX11,0.623173
SAT2,0.62315714
ERN1,0.62312716
GRWD1,0.6230696
HECTD3,0.62305963
NDUFV3,0.62302655
RIMKLB,0.62301713
ECH1,0.62300473
SCCPDH,0.62292266
PSENEN,0.62282926
CSTF2,0.62276757
FUT4,0.62274504
COG7,0.62266904
LMAN1,0.62243086
DNAJC10,0.6224298
IFT80,0.6223849
USP15,0.6222291
PPAT,0.6221841
TJP1,0.62216467
PPIE,0.6221126
SF3B5,0.62208056
OSTC,0.62207854
LTN1,0.62191844
RIF1,0.62189996
FLAD1,0.6218692
SLC25A3,0.62175333
PXN,0.6216625
RNASEH2B,0.62158287
KCNMB4,0.6215576
PPP2R5E,0.6215267
GMEB1,0.6214831
NMNAT2,0.6214813
NCAPD3,0.6214798
RHPN1,0.62146723
GADD45A,0.6212753
RAD51C,0.6212725
HRH1,0.62112486
ATG14,0.6210333
STX8,0.62102103
NSUN5,0.62099165
BAG4,0.6209034
NDUFS8,0.6209012
GNAL,0.62088156
ZMYND11,0.62061477
GPAM,0.62058157
GTF2H5,0.62054825
HEPH,0.6205325
BID,0.62048835
BTN2A1,0.6204644
TIPRL,0.6204541
LRCH1,0.6204414
ARCN1,0.6204412
KCNC4,0.6204355
SRGAP1,0.62043214
STK36,0.6204138
GGCX,0.6200451
NIT2,0.6199539
CTSD,0.6199447
LAMTOR4,0.6199419
RABEP2,0.61982405
CYB5R4,0.61982083
TBL3,0.61954325
AMDHD2,0.6195084
CDCA2,0.6195071
GNPAT,0.6195016
NCAPG,0.6194923
ZNF211,0.6194841
LTBR,0.6194586
LATS1,0.61928684
CREG1,0.6192717
PDGFC,0.61926746
MTMR7,0.61920655
SSBP2,0.6187475
SH3PXD2A,0.6185815
PIP4K2C,0.61857307
MFSD12,0.6185641
SLC25A13,0.61846507
SPIRE1,0.6184425
OTUD7B,0.61842257
LRP1,0.6183002
PDZD11,0.61822927
SMARCA5,0.6180993
POP5,0.6178886
POLB,0.61788493
MBD2,0.61784387
STRAP,0.61772776
PDLIM7,0.617531
NPR1,0.6174358
CDKN2AIP,0.6174228
CCT2,0.61738557
ESYT1,0.6173567
CD47,0.61732876
PPIL6,0.6173148
ZC3H13,0.6173123
MRPL19,0.61728716
RPP30,0.6172124
NRP1,0.61715984
TRAPPC6A,0.6171232
RALGAPB,0.6170024
NMT2,0.61688083
ZFC3H1,0.6167638
MPHOSPH10,0.6167482
MYL12B,0.6167306
SMAD6,0.61665887
NADK2,0.6165823
DUSP4,0.61650485
TUBGCP2,0.616358
SSB,0.6163042
KIF20A,0.6162641
RBP1,0.61622834
NUBP2,0.6162236
SUPV3L1,0.6162169
SNAP23,0.6161643
KREMEN1,0.61602116
PSAT1,0.61599755
ARG2,0.61598533
LDLRAP1,0.61592305
PIKFYVE,0.61590594
H6PD,0.61588633
SPOPL,0.6158702
GPD1L,0.6158346
HEXA,0.6157978
LRRC41,0.61573577
MRPL37,0.6156276
SNX13,0.61557204
AMOT,0.61557174
SYNE1,0.61552674
TMEM50A,0.6153917
NAA50,0.61531293
UFM1,0.6151857
TSEN2,0.6151637
SCD5,0.61500704
P2RY11,0.6148933
STARD10,0.61486787
OIP5,0.6148255
LIMD1,0.6147962
PDE8B,0.61476314
TARBP2,0.61470205
RANGAP1,0.6146685
KRR1,0.6146524
LAS1L,0.6146502
OXCT1,0.61463135
RRAGD,0.6145676
CENPA,0.6145375
MED6,0.6144503
FBF1,0.6142191
FKRP,0.61421114
ALG9,0.6139535
ROR1,0.61392677
SOAT1,0.61384374
KLHL20,0.6138134
SMARCAD1,0.61377513
TXNL1,0.61366117
RAPGEF6,0.6136397
MED16,0.6136229
SLC19A1,0.6135627
NSMCE2,0.6134923
SMAD7,0.6134388
HMG20B,0.6133215
CACNA1H,0.6133211
SCARA3,0.61329436
BTN3A1,0.61324155
PANK1,0.6131627
EHBP1,0.61292094
PFKFB3,0.6124291
VTI1B,0.61239207
CWC15,0.61234814
HMMR,0.61214185
ZNF251,0.6120654
THUMPD1,0.6119755
TUBGCP4,0.6119261
IGBP1,0.6118726
TRAF3IP1,0.61182225
CPD,0.6118106
VPS53,0.61137885
COL6A2,0.6113586
PLXND1,0.61109024
METTL14,0.610841
SNIP1,0.61082315
F2R,0.61064106
EBNA1BP2,0.61062104
ZFYVE16,0.61052436
MVP,0.61039835
RNF111,0.6103958
MSH5,0.6102705
COMMD5,0.610255
PTPN13,0.6102514
DNAH5,0.61007994
POLK,0.6099889
RASSF8,0.6099622
CDC42BPB,0.609688
NR4A1,0.60967255
PHKA2,0.609534
SAFB,0.6094997
PILRA,0.6094307
PDK2,0.60939896
ARHGAP18,0.6091679
ITPKC,0.60912645
SKAP2,0.60906196
SMG6,0.60900843
PAPSS2,0.6089816
DTX3L,0.6088777
SLC26A6,0.6085969
SLC27A5,0.6085747
NFASC,0.6085053
NUP160,0.60835606
SLC30A1,0.6079901
SSX2IP,0.6079325
GAA,0.6077173
TSFM,0.60760564
XRCC5,0.6075926
PTPN1,0.6075784
SSBP1,0.60752547
MRPL10,0.6075247
FAM160A2,0.6074492
MRPS22,0.60737914
MRPL21,0.6073299
AGL,0.6073244
RAB10,0.6073152
HAUS2,0.607287
PPP1R9B,0.6070074
PDP2,0.6069431
ZNF714,0.60693413
TRNAU1AP,0.6068741
WDR1,0.60677844
NSA2,0.6067645
SMCHD1,0.60671604
PLCB3,0.60667
PRDX2,0.60660726
TNKS2,0.6065144
MAT2B,0.6064534
HOMER1,0.60633147
ASNS,0.6062837
PIP5K1C,0.6062792
NLRC5,0.6058857
HOXB4,0.6058303
SV2A,0.6057662
SNRPD3,0.6056221
ALCAM,0.6055646
CSTF1,0.6054617
RNF152,0.60545427
NDUFA11,0.6052078
RECK,0.6051279
COL1A2,0.604477
MRPS24,0.60445625
POMP,0.6044561
IRF7,0.60444784
PLXNA2,0.6044076
DLAT,0.60429776
ORAI2,0.6042928
SLC25A20,0.6042527
TRIM37,0.60424453
YEATS2,0.6042438
RELL2,0.60419065
NECAB3,0.6041578
LGALS8,0.60412693
RB1CC1,0.60412246
ITGAX,0.6040279
TRAIP,0.60394967
TRAF3IP2,0.6038969
GOLGA1,0.60380876
AFTPH,0.6037598
PCYT1A,0.60374725
FAM110A,0.6037388
DCUN1D2,0.60370183
MAPK7,0.6036971
SIAH1,0.60365915
CDH24,0.60361433
CENPT,0.6036089
PFKL,0.60355365
RAD51AP1,0.6034734
NCOA7,0.60344905
MLST8,0.6033584
RPS7,0.6033238
RTCB,0.60326624
EGR2,0.60318834
PJA2,0.60318315
RAB2A,0.603159
RPS12,0.60308486
TP53BP1,0.60288
HES4,0.6028373
NUP50,0.6027567
MOCS2,0.602742
RORA,0.60267276
SRRM1,0.6026356
SERPING1,0.60258496
XYLB,0.6023184
GNAO1,0.6022944
NAA10,0.60228467
PPFIA1,0.602276
NMD3,0.60226464
UCHL3,0.60205877
FUCA2,0.60203665
COX6A1,0.6020192
IDH3A,0.60198355
TUFM,0.6019307
MAPK6,0.60190684
MMP11,0.6018233
MOAP1,0.60176677
SMNDC1,0.6016069
ITGB3BP,0.60147274
NCOA1,0.6012592
SAE1,0.6012541
VAC14,0.60110176
MANBA,0.600942
NPRL3,0.6009078
NDRG2,0.6007509
FBXO2,0.6007133
IDUA,0.60069704
GTF2E1,0.60064447
GCH1,0.6006397
POMGNT2,0.60035884
FNBP1L,0.60031694
OXSR1,0.6002538
TDRKH,0.6002421
PIH1D1,0.6001355
ZRANB1,0.5998054
ST8SIA1,0.5997846
USP34,0.59977776
VDAC2,0.59972924
MCCC1,0.5993789
MCCC2,0.5993446
FBXO27,0.5992469
RAB12,0.59923357
NDST1,0.599215
PKIA,0.5991713
DMPK,0.59886974
ITGB1BP1,0.5988259
CLCF1,0.5986398
MCM6,0.5985678
EPHB3,0.59855276
SGSH,0.59840846
KCNMA1,0.5981869
TRIM35,0.5981404
MCUR1,0.5981053
ZNF721,0.59792936
ODC1,0.59784
HSPA13,0.59782416
DERL2,0.59743196
MDFIC,0.5974236
ITGA5,0.5973575
B9D2,0.5973466
MGAT2,0.59729236
MPC1,0.5969969
PEX5,0.5968524
PPM1F,0.5968163
SOS2,0.59681225
POLL,0.59677106
MID1,0.59670484
CUL2,0.59666634
GALE,0.59632444
RAB21,0.59630287
VTA1,0.59629476
OGDH,0.59623533
SPSB3,0.59612584
ZFP36,0.59600806
ELMO1,0.59600717
PSMD7,0.5959991
UTP18,0.59598553
PLS1,0.59591484
PDPK1,0.5957699
MEGF8,0.59568846
KRTCAP2,0.5955883
PDS5B,0.5955777
PPP2R1B,0.59545
TSNAX,0.5953862
SLC27A1,0.5952699
PDCD10,0.59523606
PLA2R1,0.59513944
WRNIP1,0.59505534
TPM1,0.5950396
PTPMT1,0.59502417
PATL1,0.59499806
SLAIN2,0.5949099
FKBP15,0.59484106
ESRP2,0.5948317
LEPR,0.59466153
NUP93,0.5946451
RNF19B,0.5944929
IKZF4,0.5944029
KCMF1,0.5943852
SERP1,0.5941428
KIF3B,0.59409624
RALB,0.59404695
NUS1,0.59398997
PSMB10,0.59397775
WDR36,0.59369653
POLE4,0.5935687
SIN3B,0.59351164
LEPROT,0.5934535
HS3ST1,0.5933339
POLR2K,0.59333265
SLC25A12,0.5930774
SMS,0.593035
ATG16L1,0.59300816
GFER,0.5929424
DNAJC9,0.5928377
TRMT11,0.592679
PPP1R15A,0.5921332
RASA3,0.5921315
VRK1,0.59192675
CDK16,0.5918766
SERINC3,0.59173113
TAPBP,0.5912907
RAB6A,0.59086376
PSMB3,0.59085584
COL15A1,0.5908355
GNPDA2,0.59079164
POLR3GL,0.59075844
TIMM13,0.5907227
DAPK3,0.59051996
MAP4K5,0.5904433
MGAT3,0.5904193
MUS81,0.59029245
NDUFV2,0.59025466
ENC1,0.59016144
SEC61B,0.5900202
STX12,0.5899993
SEPSECS,0.58997834
NME3,0.58994055
DUT,0.58966315
PGS1,0.5896523
GALNT6,0.5896322
SPSB1,0.58962226
ERCC6L,0.5895885
DDX58,0.5895673
TAX1BP1,0.58928
ATP6V0A2,0.58917403
NDUFB8,0.58908963
RNF41,0.5890718
ZNF566,0.58902085
C9orf72,0.5890187
MED7,0.5889396
RPL7,0.58886564
DHRS1,0.5883568
ZNF202,0.58824104
RAB25,0.5881212
PEX7,0.5881015
SNRPD1,0.5879224
XRCC4,0.58790785
SRI,0.5878664
STK24,0.58785903
SOCS7,0.5877599
KIF26B,0.58746475
MAN1B1,0.5874296
TRIP12,0.5874225
POLR3A,0.5872196
SESN3,0.5872121
HOXB7,0.5870002
ZNF442,0.5869874
TRAK1,0.58698684
GLRX2,0.5867063
SEC23A,0.5866932
ITGB4,0.5864926
CRY1,0.58647865
CCDC68,0.58618546
SYT7,0.5860294
UBA1,0.58600086
PITX1,0.5858683
MMP17,0.5857841
IMPA1,0.5857419
SNF8,0.58547544
IMPA2,0.5853372
CENPF,0.5851216
SMARCA1,0.58510745
PCSK7,0.5850878
MYO5B,0.5850288
GAN,0.5849687
RSU1,0.58496684
PRPF3,0.5849629
SPPL3,0.58494425
NR2C2,0.5848689
NR1H2,0.58474225
RAD1,0.5847139
PSMD8,0.58470225
OPN3,0.58448076
RPS21,0.5843616
TAF12,0.5842512
IRF2BPL,0.5841183
SHCBP1,0.5838972
RHEB,0.5838889
DENND1C,0.58386815
ITGA7,0.583847
IRAK3,0.5838276
RGMB,0.5837788
PNPLA2,0.5837484
CD200,0.5836605
LAMA3,0.58361626
GPN2,0.58337927
ORMDL2,0.5832387
HECTD2,0.5831717
RHOT1,0.5830739
SAT1,0.58298934
LIMA1,0.58298707
TTYH3,0.5829
HEXB,0.5827991
RNF24,0.58277816
NPC1,0.5827224
PRDX4,0.58251536
SPIDR,0.58249336
USP33,0.58243114
SF3A3,0.5822488
POLR1B,0.58211225
KDM8,0.5818674
SERINC5,0.5818378
CFD,0.58178794
ST3GAL4,0.5817807
MRPL24,0.58173716
SLC1A1,0.5816877
CYTH2,0.5816848
TRIP4,0.581631
ATP1A3,0.5815847
RPA2,0.58155674
SPHK2,0.5814099
TERF2IP,0.5813791
RAB30,0.58127487
SNX6,0.5812123
RUFY1,0.5812087
PDLIM1,0.58100986
NDUFAB1,0.5808123
S1PR4,0.5806913
ABLIM2,0.5805228
UQCR11,0.5805016
PLEKHM2,0.5804952
PRPS1,0.5804776
ZBTB8OS,0.5803612
PLAA,0.5802075
PTMS,0.58016783
CCDC59,0.58008564
CHCHD5,0.5798894
MCM2,0.57966846
TTI1,0.57961005
GNB2,0.579597
HMBS,0.5795877
RALGAPA2,0.57955337
RCOR2,0.5793969
L3MBTL2,0.5793964
MRPL48,0.5792746
USP45,0.57921946
EVPL,0.5790615
PKN1,0.5790601
HSD11B2,0.5789523
SLC2A3,0.57876426
GALNT18,0.5787105
TGM2,0.5786865
SIKE1,0.5786207
RNF5,0.57852364
NAGA,0.57802624
TMEM67,0.5780246
RNPC3,0.57799155
ENOPH1,0.57790184
LRSAM1,0.5778428
B3GNT7,0.57776433
MIS18BP1,0.5777265
MSRB3,0.5776104
MMADHC,0.57750165
NR4A2,0.5774509
NPHP4,0.57742435
MOSPD2,0.57716864
NDUFS3,0.5771674
PPP1R8,0.5769993
TRIM26,0.5769616
RPL36AL,0.57681906
CACNA1C,0.57678115
TSPAN33,0.5764234
IQCE,0.5763852
HSPA4L,0.57634795
HIF1AN,0.57633436
MON1A,0.57625145
COPZ2,0.576232
MOCS1,0.5762033
NRCAM,0.5761171
TEP1,0.5760776
KIF15,0.57605386
POLR2D,0.5760468
ZNF519,0.57597995
PIGQ,0.575914
FRMD6,0.5758938
PITRM1,0.57559454
TTC21B,0.575567
CUL4B,0.5755251
NPHP3,0.5754389
SLC1A5,0.5753526
PRC1,0.57530993
ZNF253,0.57524526
CHKA,0.57487756
CCL4,0.57472885
PDIA4,0.57467794
HHAT,0.5746647
IL10RB,0.5745539
RAB3IP,0.57444096
HEBP1,0.57424873
ZNF770,0.5741841
SERPINB6,0.5741527
CDC7,0.5741331
LY86,0.5740054
RPL38,0.5737632
ICAM1,0.5736898
MTA3,0.57368267
TNFRSF10B,0.57365626
THAP11,0.5736556
DPH2,0.57355195
ARHGAP6,0.5733899
SYF2,0.5733486
TXNL4B,0.5732406
LIN7C,0.57318306
ENTPD4,0.5731098
TOR1A,0.5728006
TRRAP,0.5726411
STX11,0.57220626
RBBP6,0.572161
NCBP1,0.5721146
PYGM,0.57209086
SARM1,0.57179046
SIRT2,0.57175976
ZNF180,0.5717558
UBE2L6,0.5717511
PNO1,0.5715925
ZNF564,0.5715041
GORAB,0.5710818
PIK3R4,0.5710612
ECD,0.5709432
RBM25,0.57091284
WDR11,0.5707615
SEPHS2,0.57066184
CUL5,0.5704794
SGPP1,0.57038355
HTRA2,0.57037634
NUP62,0.570356
RAB11FIP1,0.57022214
NELFA,0.5702092
PAPOLA,0.57013434
PFN2,0.5699106
SMOX,0.56987584
RIN3,0.5698692
TNPO2,0.56986284
PKD2,0.5696131
MICAL2,0.5691313
ZNF709,0.5690676
PCYT2,0.56901723
PLAGL1,0.56888855
MCM3,0.5688147
ST13,0.56877834
LONRF1,0.56866866
FUT1,0.56861943
DCTN3,0.56852895
TCF7L1,0.5684208
SNX4,0.5683507
FUZ,0.5683227
LOXL2,0.5682753
DYNC1I2,0.56826174
UBQLN2,0.5682435
DDX60,0.5682076
LONP2,0.5681936
PDE4C,0.56816995
PPP2R5A,0.56816906
LRRC49,0.5681653
PDCD6,0.56790376
NAT10,0.5678548
PCDH1,0.5677869
NDUFB9,0.5677176
UBR1,0.5676902
ZNF605,0.56752247
SYNE2,0.5674532
NCOA6,0.56737137
PI4K2A,0.56731725
UTP14A,0.5672831
PPARA,0.56715786
SH2B3,0.5671552
OBSL1,0.56714165
WWC1,0.5670956
STC2,0.5670447
ALDH3B1,0.5669646
HES1,0.5668645
GTPBP10,0.56648964
ZNF433,0.56648743
TMEM107,0.5664721
PNPLA4,0.5664488
PEX2,0.56585383
SORL1,0.5658395
RGS17,0.56581616
PBX3,0.565806
DOK2,0.5656537
USP19,0.565304
IRF2BP1,0.56516874
NAMPT,0.56510115
STRIP1,0.56496656
RBM28,0.5645963
SEMA6A,0.5645361
MSX1,0.5642799
SART1,0.5640079
WWP2,0.563888
TBC1D10C,0.5637258
PEX19,0.5636989
GRK4,0.5636546
MRPS15,0.5636035
CD40,0.5635862
PDPN,0.56347394
RSAD2,0.5633686
BAG5,0.5632343
TMSB4X,0.56321126
MRPS30,0.5629167
STEAP3,0.5629096
ASGR1,0.56285185
SLAMF7,0.56280816
TTK,0.56279206
NAA60,0.5627565
RNF7,0.56275254
PIGM,0.5624624
NEMF,0.56241125
SMG7,0.56215435
ARHGEF26,0.56201667
SLC44A3,0.56199145
ARL13B,0.56191075
CLDN12,0.561891
OXTR,0.56127995
OMA1,0.56079715
RFFL,0.5607153
TCIRG1,0.5605613
SLC7A8,0.55972654
MPG,0.5597057
CSF2RB,0.55968046
SEC24A,0.55966693
STAP2,0.5594609
POLR2I,0.559322
ZWILCH,0.5592167
NOC3L,0.5588597
PRKAG1,0.55878025
TNKS1BP1,0.55873233
TRAF4,0.55864984
MRPL20,0.55862904
UQCRC1,0.5585948
CLK4,0.5585724
PGGT1B,0.5584346
RAP1GAP,0.55842614
UCP2,0.5583904
ADSL,0.5583004
RBL2,0.55817866
PHF5A,0.5581051
RRAGB,0.55805856
ZNF100,0.55802745
COPS4,0.55802315
NIPSNAP3A,0.55801684
KLHL42,0.5579922
KHDRBS3,0.55799055
PHF19,0.55795735
COPS7A,0.55794436
ZNF544,0.55772895
TSR1,0.5574656
PIK3AP1,0.55729926
DGKE,0.55720866
NPTN,0.55698436
TOMM40L,0.5568948
DTNB,0.5568564
MLYCD,0.55656374
MED20,0.5564769
NAA20,0.5564649
PIAS3,0.55638987
LPCAT2,0.5562258
PTPN23,0.5560159
MGAT4B,0.55595636
WASL,0.55576354
SCLT1,0.555729
ZFP14,0.55543303
PIGW,0.55542225
TDP2,0.55535775
PLSCR1,0.5553351
ELOVL7,0.5552791
RRP1,0.5550015
NDUFB10,0.55498886
RPL7L1,0.55482364
SH2B2,0.5548211
SPG21,0.5547922
RPAP1,0.55479103
PIK3R5,0.554597
LEMD3,0.55452573
DPH3,0.55449504
MCM8,0.5544269
RMDN3,0.55426604
SLC30A6,0.55422175
PSME2,0.554134
SERGEF,0.55400014
STAT5A,0.55393565
SRSF7,0.5535709
LMBRD1,0.5533957
CEP290,0.55339074
MSL3,0.55324376
MRPL30,0.55280834
PHACTR1,0.5525353
MAD2L2,0.55244124
PTAFR,0.5522653
REPS2,0.55219364
PHF11,0.55212694
PGP,0.5519137
CARD10,0.5518674
RAP2C,0.5518183
RAB20,0.55172324
RTN4R,0.55119336
TWF1,0.55110455
FBXO6,0.5510284
CHI3L1,0.55079883
RAC2,0.55070406
TIMM8A,0.55069983
POLG2,0.55053234
LRRC40,0.5505189
RAB1B,0.55032146
PSMD2,0.55018896
CEPT1,0.5501009
PPIG,0.55002755
ZNF326,0.54979515
UBE3D,0.54964644
NDUFS7,0.5496095
SYNE3,0.5495702
PFAS,0.54923505
TADA3,0.5489991
MAP3K10,0.5487461
KLHL22,0.54867536
PHC2,0.548277
IMP4,0.54827195
PPP3R1,0.54816115
SNRPE,0.5479032
RFC1,0.5477872
MIB1,0.5476447
GPN1,0.5476323
MEAF6,0.54755956
UNC13B,0.54743034
TAF3,0.54724514
PLEKHG3,0.54719585
NLGN3,0.5471948
TP53RK,0.54698104
ZNF212,0.54691106
NARS2,0.5467303
ZIK1,0.5466965
PLXNA3,0.54653656
VPS39,0.546421
PRPF31,0.5463486
NT5C,0.5461624
SMPD4,0.5456562
YTHDC1,0.54558575
GTF2H1,0.5453986
RNF34,0.54533833
CAT,0.54525745
STAMBP,0.5452113
STX2,0.54485285
PSMG3,0.54482806
ARHGEF37,0.54482025
PSME1,0.5446677
PKP2,0.5445976
PSMB9,0.5445622
WDR62,0.5445063
UQCRB,0.54427046
GALC,0.54405385
RANBP9,0.5440031
SNRNP200,0.5438766
GSTM4,0.5437286
TRIM21,0.54364306
OTUD3,0.54358304
U2AF1L4,0.54343784
SHQ1,0.54325825
NABP1,0.5432348
NEDD1,0.54316926
MT2A,0.54312664
RPS15,0.5431122
FECH,0.5430922
DOCK6,0.5430355
ZNHIT1,0.54301107
PDCD7,0.5428098
ZNF592,0.5428056
TUBB6,0.54274476
RBM17,0.54271704
TICAM1,0.54270744
CCL5,0.542526
KRI1,0.54251
SUPT6H,0.54248875
KLHL21,0.54245144
PARD6B,0.54227585
MICA,0.54225564
LRP12,0.5421859
MPI,0.5421203
OCRL,0.54211867
MYADM,0.5420941
RBM5,0.5416756
RHOT2,0.5416429
MAP2,0.54162264
REEP4,0.54126084
SEC16A,0.54119945
UNC5C,0.54114527
HYLS1,0.540976
TSG101,0.5409573
RWDD3,0.54080886
MFF,0.5407557
NEK1,0.5407281
SEC61A2,0.5404513
LAMTOR3,0.5404423
RND1,0.5402643
GIMAP8,0.540199
PARVA,0.54015636
RCHY1,0.5398521
IER3,0.5398009
VPS26B,0.5397848
DCAF12,0.5397041
IL15RA,0.5395887
UXS1,0.5395196
SCRIB,0.53950167
HDAC9,0.53948766
TGFB1I1,0.5394437
NRBP1,0.53910553
SPATA2L,0.53898144
DCAF13,0.5389661
STK35,0.53895926
ZNF143,0.53879577
PARP3,0.5386634
HEXIM1,0.53854954
FAM20A,0.5384287
RNASET2,0.5383942
NUF2,0.5381877
WBP4,0.5381739
MTMR1,0.53808904
PPFIBP2,0.53763485
RBMX,0.5372462
SIVA1,0.53717875
TFAP4,0.5369706
PGF,0.53676814
RNF135,0.53676206
FANCB,0.5367386
SEMA6B,0.53664845
ZNF224,0.5365509
SNRPB2,0.5359327
SOCS5,0.53590006
TRPV2,0.5357218
TRPC1,0.53564066
WDR75,0.53562284
PAN2,0.5355664
HCCS,0.53550005
ARHGEF25,0.5351632
HSPB2,0.5350771
RRS1,0.53506213
TAF9,0.53503656
PCK2,0.5349986
PYCR2,0.53491974
TRIOBP,0.5348221
TIMM17B,0.5348148
PMF1,0.5347143
RHBDD1,0.53430164
MAPK13,0.5340867
JAM2,0.5337927
RAD54B,0.5337509
SEC22C,0.5335808
KLC4,0.533458
SFSWAP,0.53345585
UROS,0.53339887
TBL1X,0.5333978
GYS1,0.53339726
DDX20,0.53329575
CD63,0.53328186
SLX4,0.5330368
POFUT2,0.5330365
MPZ,0.5329804
CCDC40,0.5327555
NFKBIZ,0.5326548
PIGG,0.53243273
SWI5,0.53237635
RBPJ,0.53223735
SBF2,0.5320928
ENGASE,0.53201854
SNRNP35,0.5316021
USP42,0.5313279
RPRD2,0.5311701
CPT2,0.5311582
ST14,0.5310672
HPS6,0.53102094
PARVG,0.5309277
NOTCH3,0.5302564
STX10,0.5302063
SRP19,0.5299951
PLCG2,0.5299049
RIOK3,0.52985203
AP4S1,0.52982885
WDTC1,0.5295439
SCLY,0.52950984
CAPN5,0.5293808
SEL1L,0.5290591
ARAP3,0.5290344
CYP2U1,0.528982
NFS1,0.52881444
RBMX2,0.5288
PTPRE,0.5287502
DLC1,0.52868026
NFKBIA,0.528669
ST8SIA4,0.5286614
SLC35B2,0.52839506
PREPL,0.5282126
TBK1,0.52815497
NUP133,0.5281332
FBXO25,0.52809936
NLGN2,0.52808166
MFSD2A,0.52807283
STAM2,0.527702
TRIM41,0.52768946
POLR1E,0.5276497
DBP,0.52746296
BLVRB,0.5273707
WDR46,0.5269398
SLC6A9,0.5269049
YWHAH,0.5268195
SUN2,0.52676684
SLC25A17,0.52661264
MALSU1,0.526554
GPR183,0.5264179
NDUFA6,0.5263597
PHKA1,0.5263272
PPP2R2A,0.52622473
CCNE2,0.5259321
THEM4,0.5258527
NPC2,0.5257739
NKIRAS2,0.525557
SUV39H2,0.52551246
STK3,0.52541995
RBBP7,0.5253594
CLK1,0.52518594
WBP11,0.52496153
MYBL1,0.52489007
MRPL55,0.5247454
WARS2,0.52454746
PRKD1,0.5243461
PRKACB,0.5239248
SNAP29,0.52369
KCNQ1,0.5235792
PSMC2,0.5234555
OSMR,0.52333564
VPS11,0.5233064
RIN1,0.52329177
NR2C1,0.52292055
MRPS16,0.52281386
LRP2BP,0.52263284
NXF1,0.5225852
PELI1,0.5223564
MYLIP,0.52228785
TGIF2,0.52211726
ZNF593,0.52181965
MAP2K6,0.52172685
RPGR,0.5216087
RXRB,0.5215982
FRS3,0.52142847
PRMT1,0.52123076
ZDHHC17,0.52100945
UGCG,0.52082545
STOM,0.5206964
MTFMT,0.5205256
MBTPS2,0.52029914
MRPL41,0.5202509
PSMD5,0.520084
GDAP1,0.51998466
SNAP47,0.5198112
RPGRIP1L,0.51963174
NDUFS2,0.519592
NUB1,0.5194006
TDRD7,0.51927704
GCC2,0.5191158
MINPP1,0.5190075
ATP13A2,0.51898384
NDUFAF7,0.5189374
ZRANB3,0.5189231
CBY1,0.5189079
UBLCP1,0.51889575
DNAJA4,0.51875895
RNF38,0.51873446
TGOLN2,0.5186495
TUBGCP3,0.51854384
TGFB3,0.51849294
NAPG,0.5184744
GAS8,0.5183847
PRKCH,0.51806957
WSB2,0.5180498
HSCB,0.51800877
TBC1D17,0.5178834
TRIB3,0.517881
UMPS,0.51766145
PTCD3,0.5173441
TBC1D13,0.51719165
PASK,0.5169545
CBR4,0.5169284
NAPEPLD,0.5167786
SLC35E3,0.516711
EIF2AK3,0.5161197
USP49,0.5160727
YIPF5,0.5158319
GSDMD,0.5155691
PAF1,0.51544046
LIN37,0.51535535
FAM98A,0.5152043
DHODH,0.514948
FBXL12,0.51485264
RABGGTA,0.51465535
STARD8,0.5144247
RNF181,0.5143441
ZNF274,0.5142039
NDUFB1,0.51412743
PGAM5,0.51401705
NSDHL,0.51382744
PFKFB2,0.5134455
HIP1R,0.51330996
LPCAT4,0.51319367
SYDE2,0.513085
GSTM2,0.51305103
COX18,0.51303685
STOML2,0.5129344
RHBDF2,0.51292133
MTF2,0.5128056
MAN2B2,0.51280534
UBXN7,0.5127848
MON1B,0.51265544
REPS1,0.512539
UBFD1,0.5125139
USP20,0.5123734
RAB24,0.5122731
AIFM1,0.5120793
RAD9A,0.5118613
SIAH2,0.5117157
NME7,0.5115514
TYRO3,0.5111747
MRPL9,0.511161
UBE2J2,0.511051
UNG,0.5109551
DNTTIP1,0.510953
ZNF385A,0.5106344
ZNF160,0.510634
SHPRH,0.5106325
ASB13,0.51057
RCSD1,0.5105525
RNMT,0.5102398
MRPS34,0.5100008
VPS35,0.50999236
HMOX2,0.5098992
POLR2H,0.50980365
TRPM7,0.5096619
ZNF254,0.5093651
TMED4,0.50920516
TXNIP,0.5089757
PPWD1,0.50896156
CENPQ,0.5089325
MAFK,0.5087452
E2F2,0.50872916
NDUFA3,0.50861704
RSL24D1,0.50848866
RBPMS2,0.50839025
VPS4B,0.50836194
OXSM,0.5080883
PSMG2,0.5079757
KRBA1,0.5079207
LIN7A,0.5078369
PAK6,0.5078168
TDP1,0.5077827
GMPPB,0.50775546
NAGPA,0.5073589
GID4,0.50731117
ZNF577,0.5071344
PEX16,0.50708574
UTRN,0.50707704
TMED10,0.5069856
RAB42,0.50662684
FEZ2,0.50649244
UBE2S,0.5064638
TNFRSF11B,0.5062432
LCAT,0.50620234
PLRG1,0.5060667
SNRNP27,0.50592196
PDP1,0.5057398
PAFAH2,0.5057226
KCTD15,0.50560516
SNAPC2,0.50556284
IL2RB,0.5054248
PFKFB4,0.5053975
SLC39A4,0.50536
PARP14,0.5053139
SMU1,0.5053082
TBKBP1,0.5053039
RAC3,0.50529736
NLRX1,0.50509703
RPS6KA4,0.5049478
SPDL1,0.50488436
SPNS1,0.504838
MLPH,0.5046445
DECR1,0.50451565
PRKAB1,0.50442976
TRIM6,0.5039694
SDF2,0.50394607
ANAPC16,0.5039155
TSEN54,0.5036305
SEC63,0.5030858
UQCRFS1,0.5026019
SAV1,0.5024107
TAF5,0.5023312
SSR3,0.502102
LZTS3,0.50202346
TIMM23,0.5019999
SYVN1,0.50199944
EIF2B2,0.5019667
ADAM23,0.50186545
TYW1,0.5018368
INIP,0.5018244
RPL31,0.50181216
PDE4A,0.5017686
PHLPP2,0.50166917
ZFYVE26,0.5015227
MOB2,0.5014193
IRF1,0.5013565
SLC35B1,0.5013229
RGS2,0.5012442
PINK1,0.5008413
RPL21,0.5007099
MRPS18B,0.5006362
IL11RA,0.5004165
YRDC,0.50020957
UBE2M,0.5000127
SNX2,0.49978414
ATG16L2,0.4997698
ZNF282,0.49975288
KIF27,0.49973872
SYNCRIP,0.49867678
YIPF1,0.4986121
PDCD4,0.4985994
PCGF5,0.4984084
DPCD,0.4982116
POLE2,0.49820715
FZD8,0.4979436
PPP1R7,0.49777147
RASGRP2,0.4977333
SETD7,0.4976378
RFX2,0.4975976
SNRPA1,0.4973345
TMOD1,0.4970541
ZBTB33,0.49678463
LRG1,0.49676076
NSMAF,0.49672264
TM7SF2,0.4966324
BOLA1,0.49647322
CYP2D6,0.4962992
NNMT,0.49627954
TLR7,0.49627277
TOPORS,0.49620152
RCN1,0.49602264
RPF1,0.49602118
SLC9A1,0.4959323
OSGEP,0.49590993
YTHDF2,0.49570468
TREX1,0.49560323
SNX18,0.49558133
PDK1,0.4954708
RAB33B,0.49526966
POLR1A,0.49524358
DNAAF2,0.49523982
RAB13,0.49518183
ZNF248,0.4947999
RLIM,0.49478754
POLR3H,0.4947224
MED17,0.49457347
RRP8,0.49409556
SEC23IP,0.49396423
F12,0.49368042
MTF1,0.4934652
ZNF19,0.4934119
PRKAR2B,0.49296612
NOL12,0.49287266
SAMM50,0.49287036
ZNF302,0.4928479
SLC44A1,0.49269238
PARP2,0.4926423
RANBP6,0.49228746
NTPCR,0.49224657
ORMDL1,0.49214253
TAF1A,0.49202782
ZNF317,0.49202737
DGAT1,0.4920208
STARD3,0.49201006
PODXL2,0.49197394
COL8A2,0.4915302
PRKCD,0.49139643
ZMIZ2,0.4912111
ZYX,0.49119657
ZFAND6,0.49103826
ALYREF,0.49102718
RPS27L,0.49100658
RNF130,0.4910044
RHPN2,0.49098307
STRADA,0.4908435
CD247,0.49081117
PPP1R13B,0.4906809
SNAPC5,0.4904865
POLE3,0.49040672
RCAN3,0.49032044
SRR,0.49023378
DALRD3,0.4902064
PLK4,0.49005234
PAK1IP1,0.48997962
THOC5,0.4897718
PANX1,0.48971093
TBC1D20,0.48969507
TOM1,0.4896371
STK4,0.48941636
RPS6KA5,0.48920104
MRPS14,0.48918402
COX17,0.48902154
NHLRC3,0.48902142
SRA1,0.48897934
ZNF286A,0.48859468
RAB37,0.48837408
PGAP1,0.48817098
MPND,0.48814774
CHMP4C,0.4877564
PLTP,0.48773897
TIMM17A,0.48771754
TIAL1,0.4874461
CNTRL,0.48736483
ZNF90,0.48712024
TBCB,0.48695764
PMPCA,0.4866623
MSX2,0.48629725
TGS1,0.48629522
PER3,0.48621267
CHMP2B,0.48617116
SERPINF1,0.48596117
UQCRQ,0.48541954
SCNN1D,0.48535523
MED23,0.48513237
SERPINB8,0.48512965
GK,0.48512495
FBLN5,0.4849066
NDUFA4L2,0.48450908
RPS6KB2,0.48448625
SNRPG,0.48407784
SKAP1,0.48407644
NCF4,0.48387387
SGK3,0.48384303
SIPA1,0.48381025
PDCL,0.48369738
SLC25A28,0.48349738
PGAP3,0.48337206
NXT2,0.48330045
NUDT14,0.48322177
TBCEL,0.4832202
TBPL1,0.4829929
MFN2,0.48285267
SNX33,0.48279825
PDE6D,0.48277375
PQBP1,0.48254958
GDPD1,0.48246837
EAF2,0.48225656
B9D1,0.48196208
VPS8,0.48182473
SIK2,0.48175594
SYMPK,0.4817234
TBC1D16,0.48149744
PLA2G12A,0.48074797
POLM,0.48064363
NPDC1,0.48062128
WNT5B,0.48033485
TCEA3,0.48031345
CORIN,0.48031306
STAT2,0.48029062
MRPL46,0.48026016
MMACHC,0.48007765
SUCLG1,0.47987822
TRPC4,0.47977102
PANX2,0.47953546
RGS1,0.47913694
TDG,0.47912714
RHOBTB2,0.47889596
PGM2L1,0.478882
RRP15,0.47885233
TBC1D2,0.47884238
PSMC6,0.47879526
RPS6KA1,0.47854868
APBA3,0.47845316
RBM42,0.4782978
TAB3,0.47825637
TRIM22,0.47815496
NIPA2,0.47809374
TIFA,0.47806987
PEX12,0.47780466
UNC93B1,0.47769833
SLBP,0.47759366
RNF217,0.47749564
RUFY3,0.47745895
APOBEC3G,0.47738406
SNX8,0.47723904
PEX11A,0.47723272
PREX2,0.4771824
SPR,0.47679982
CCNK,0.47671875
ZNF133,0.47633922
ABCE1,0.4763018
NDC80,0.47622457
ZNF91,0.4761571
RNF40,0.4761567
SPATA13,0.47608423
CWF19L2,0.47605684
TADA1,0.47567254
LNX2,0.47566202
MRPL18,0.4756069
RGS19,0.47556052
SYT11,0.4753401
FOXP3,0.47524604
SIL1,0.47521418
SPATA2,0.47518042
STX16,0.47477308
NOL8,0.4746713
REEP2,0.47466573
SLC25A38,0.47463298
NMI,0.47447988
SGMS2,0.47446722
HUS1,0.4744126
PDHA1,0.47436312
RAB11FIP5,0.47420433
LCMT2,0.47416636
MAPRE2,0.47354734
NOP2,0.47353616
PALMD,0.47331685
SCIN,0.4731679
TACO1,0.47315198
ZNF585A,0.4731034
FMO4,0.47288185
MUL1,0.47272098
EVI2B,0.47251904
TPRN,0.47246954
UQCR10,0.47243357
PRPSAP1,0.47236526
NIF3L1,0.47236472
CREB5,0.4723048
TP53INP1,0.4722556
DFFB,0.47208714
QRSL1,0.471881
DYSF,0.47162557
TTC5,0.47159344
TRIP10,0.47136226
NINJ1,0.47133622
NCEH1,0.47128075
RARS2,0.47126922
LRP3,0.4712284
LLGL2,0.47118413
SEC31B,0.4710623
SPN,0.4709355
GALM,0.47093052
ZNF10,0.47076136
PIPOX,0.4705187
NCF2,0.47022557
PBDC1,0.4701076
SUMO1,0.4696891
VPS51,0.46966934
PLAT,0.46959457
ZNF711,0.46940562
MAP1A,0.46926513
VCPIP1,0.4691143
SERPINB9,0.46910906
PPID,0.46902752
PEX3,0.46901757
PRKRIP1,0.46895757
MSRA,0.4689126
PURA,0.4687351
SESN1,0.46857837
ECSIT,0.46828994
EIF2B4,0.46827593
SYTL4,0.46824884
RAP2B,0.4680891
PYGO2,0.46800172
UST,0.4676423
RP2,0.46759763
ZNF462,0.46738723
NUP54,0.467025
UBAC1,0.46691307
NOL3,0.46683636
USP37,0.4666398
RPP38,0.46647164
UCKL1,0.46633938
UNC5B,0.46624297
RETSAT,0.46622804
TMED2,0.466176
PAIP2B,0.46603248
SEMA7A,0.46599773
RUSC2,0.46595654
KAT2A,0.46587387
HPS5,0.46568507
UBL4A,0.46567464
KCNC3,0.46543393
RUNDC3A,0.4652758
TEAD3,0.46510702
TXNDC16,0.46500802
RHOB,0.46497735
TUBG1,0.46456188
TRIAP1,0.46454856
SEC23B,0.4644644
STX18,0.4642494
ZNF473,0.46418473
COL11A2,0.46384576
ZNF83,0.4636581
SEMA3F,0.46360153
GNE,0.4635926
ELMO3,0.46343008
TTBK2,0.46326593
PCDH18,0.46320954
PDSS1,0.4627643
PRNP,0.46273836
KIF7,0.46269712
TMC8,0.4625673
FZD1,0.46256286
AFMID,0.46246916
SEC24B,0.46246785
TAF1B,0.4622114
ST3GAL6,0.4620873
PECR,0.46207854
MRPL54,0.4619191
LSM10,0.46168658
XYLT2,0.46123606
SSBP4,0.46110314
GBP1,0.46105972
TRADD,0.46082067
PIGO,0.46029744
GPNMB,0.46029595
WBP2,0.460274
YKT6,0.46023452
SLC22A4,0.46013656
MAP9,0.46012345
SSH3,0.45982742
RFXAP,0.45957723
DDX51,0.45956263
NCAPH,0.45951897
TESK1,0.45944232
ZNF589,0.4594231
SHC2,0.45940828
NOM1,0.45923707
ZDHHC21,0.4589859
COG1,0.45880485
TRIM46,0.4585011
NSMCE4A,0.45798844
NDUFB6,0.4577824
ING2,0.4576235
TRIM69,0.45747733
INO80C,0.45735273
PLEKHG6,0.45734105
NTN4,0.4572825
SAR1B,0.45727518
RASA2,0.4569944
SEMA4A,0.45685983
ZNF670,0.45633763
ACTR1B,0.4562557
ADM,0.4561437
ZC3HC1,0.4561275
NDN,0.45607397
PLCD4,0.45605698
ZC3HAV1,0.45603487
ZKSCAN7,0.4560262
ADAM22,0.45595643
ZNF107,0.45592624
TTC27,0.45591915
ALKBH3,0.4558438
VPS28,0.45565358
UCHL5,0.45560625
RABIF,0.45543545
TSPAN5,0.45537388
ACTL6A,0.45524222
FAIM,0.45515898
UBA7,0.4551439
TELO2,0.4550257
UBE4A,0.45498294
KCNMB3,0.4549416
ASB7,0.45485535
UPRT,0.45478147
MPP1,0.45463812
ZNF586,0.45457566
SEMA4C,0.45452794
OAT,0.4544017
CASP10,0.45439106
F5,0.4542712
TRAPPC4,0.4541544
ZNF200,0.45408365
STX17,0.45395327
RECQL,0.453931
KHK,0.45380127
PRPF4,0.4537589
RIN2,0.4531548
CTU1,0.4529256
HARS2,0.4527542
TRAM1,0.45265412
STK38,0.4526471
PCDHB10,0.452575
RNASEH1,0.45253477
ZNF621,0.4522896
RNH1,0.45228708
NTAN1,0.4522779
JOSD2,0.45223343
WDR83,0.45220208
RNF31,0.45219573
SNAPC4,0.45208898
FDXR,0.45205092
RNF103,0.45197466
ANO7,0.451914
CLIC2,0.45187542
UBE3B,0.45187482
POLR2F,0.451852
RAD50,0.45180142
SNRNP48,0.4517475
TCTN3,0.45150253
TIMM44,0.4514846
KLC2,0.45143965
RCAN1,0.45143342
WDR91,0.45138833
APRT,0.45117247
PDCD5,0.45071265
NOL7,0.45062622
PCSK5,0.45061824
CUBN,0.4505891
MPP7,0.45054573
VEGFB,0.45049918
VPS37B,0.45030028
TFIP11,0.45028907
RASAL3,0.45015377
VCAN,0.45006663
SARS2,0.44958138
ZNF112,0.4491776
TRIM38,0.4489894
EPB41L5,0.44896013
PPT2,0.44893312
UNC119B,0.4486162
YIPF2,0.44857714
TRMT61B,0.44837847
SAMD8,0.4481685
ZNF189,0.44811657
RASSF5,0.4481117
NIP7,0.4477985
JMJD4,0.44776276
WHAMM,0.4477177
RNF14,0.4476198
UBE2Q1,0.44756114
SLC9A3R2,0.4474786
ZKSCAN5,0.44735873
SPTLC3,0.44709536
MTO1,0.44685698
DUSP8,0.4467689
TRIM2,0.44666612
ZNF460,0.4466653
YOD1,0.44666132
PMVK,0.44658777
VPS26A,0.4463334
RELT,0.44612378
NLRP3,0.44588482
VARS2,0.4457407
TRA2A,0.44572908
GNG11,0.44559738
RGS16,0.44503617
VPS36,0.4449766
PRKX,0.44476327
RTN4IP1,0.44467565
NFATC1,0.4443173
UBXN4,0.44389886
WDR3,0.44363636
IPP,0.44331998
TMEM132A,0.44322398
BUD31,0.4430886
PAAF1,0.44307688
PARP12,0.44302
ABI2,0.44297805
SURF6,0.4426154
TMEM179B,0.4424319
OSGEPL1,0.44239038
NDUFAF3,0.44235185
TOX4,0.44234693
KCNIP4,0.44207358
GPR68,0.44182497
KMO,0.4417051
TFAM,0.44168958
TBC1D25,0.4414805
IL12RB1,0.44138497
UNC13D,0.44132832
ZNF45,0.44130084
RABL2A,0.44124344
TRIM14,0.44114923
LNX1,0.44082677
GTF2H4,0.44081983
TMEM70,0.44074574
USP35,0.44055465
KCNN3,0.44024557
UBE2F,0.44018456
TFB2M,0.44002748
WIPI2,0.44001588
SPRED1,0.43991238
RNF144A,0.43975702
VAMP2,0.4396265
MAP3K9,0.43960327
UFC1,0.43939245
TTC7B,0.4392698
KRT5,0.43898407
WDR19,0.4388509
LRFN3,0.43872574
TAF6L,0.4386826
PLEKHA3,0.43860394
UBE2D1,0.43847948
STK39,0.43829173
IFT57,0.43819982
ZNF32,0.4380857
CDH5,0.4378952
F8,0.43782806
NDUFAF4,0.4376693
SLIT3,0.4376242
PPIL2,0.43755645
SPRY1,0.43699247
RBAK,0.43694973
NAIF1,0.43689516
ZNF335,0.43677974
IL17RD,0.4366925
GRHL1,0.43660095
SHB,0.43654034
SURF2,0.43636248
PIGA,0.4362906
MRPL40,0.43626603
ZDHHC9,0.43621194
SLC27A4,0.43601337
PBLD,0.43597278
SMPDL3A,0.43596524
TUBGCP5,0.43584624
MAFF,0.4358144
NLRC4,0.43581057
RBBP9,0.43566114
ZNF264,0.43540975
RAB3D,0.43525496
ITGA4,0.43521124
TAF1C,0.4351995
SLK,0.43516248
ELMO2,0.43510696
SAP30,0.43506923
MPHOSPH8,0.43505952
XPO5,0.4348887
NRN1,0.43466127
APOO,0.43456644
WDR37,0.43452442
RBM45,0.43451017
LMF2,0.43443504
RASSF2,0.4343963
PEX11G,0.43436924
MYSM1,0.43426353
THOC6,0.4339484
UBE2J1,0.4339361
RGS14,0.43393278
MRPS36,0.43383408
REXO2,0.43365592
PIAS4,0.43343672
TRIM36,0.43329757
SPAST,0.43309686
NT5E,0.43298674
LRP4,0.43297413
TWF2,0.43283242
NGDN,0.4327469
SOCS6,0.43261027
B4GALT3,0.4325988
TCEA2,0.43256614
GCSH,0.43246722
ZNF562,0.43213838
ZNF12,0.43209532
HSPA12B,0.4320797
HSD11B1L,0.43196538
RAPGEF4,0.4318625
VPS4A,0.4317698
FUNDC1,0.43164265
MRPL13,0.43152866
ZER1,0.43149385
MOCS3,0.43138477
FRK,0.431382
UTP23,0.43135646
SLC27A2,0.4313114
JAG1,0.43116942
PARP9,0.4311626
PRICKLE2,0.43112272
MOGS,0.4308095
WDR55,0.43058416
PPCS,0.43046427
ZNF266,0.43030366
COMMD2,0.42986247
PEX6,0.4298363
LRRK2,0.4296887
USP46,0.4296263
KCTD6,0.42953473
TINF2,0.4293698
PTPN21,0.42914504
WDR61,0.42910677
MRPS17,0.42910495
CPT1A,0.42902195
RGCC,0.4288751
ZNF304,0.42880484
FHL1,0.4287633
URB2,0.42870137
DPP7,0.42850012
COQ3,0.4280837
STON2,0.42801628
GBP4,0.42759642
WDR26,0.4275526
RELA,0.42698866
SHC1,0.4269601
PDHX,0.42695227
PPFIA4,0.42690694
SPRTN,0.426723
TGFBRAP1,0.42668402
SDCBP,0.42665964
TIAM1,0.42639536
SEZ6L2,0.42639536
UCK1,0.42611504
TOR4A,0.42608213
SLC5A6,0.4259218
PCGF1,0.42575273
TRMT5,0.4256684
NID2,0.4256684
ZNF423,0.42552295
NEK2,0.42539817
SEH1L,0.4251429
TRMT6,0.4251028
TRMT1,0.424949
PRX,0.42477405
ITGA9,0.42472175
KCNH2,0.42462802
CRAT,0.4245496
ULK3,0.42446995
TCF7,0.42442608
TXLNA,0.4240847
POU2F2,0.4239966
RIC8A,0.42396814
CLN3,0.42389333
RTCA,0.42376527
TOLLIP,0.42365047
POMK,0.42355797
PAQR5,0.4234963
CTSF,0.4234112
SNAPC1,0.42338362
PDK4,0.42325416
SMPD1,0.42304796
YIPF6,0.42297155
ZNF485,0.42292392
RFK,0.42282012
SPOP,0.42263165
NAA30,0.42253748
SLC35D1,0.4222302
SOCS3,0.4218616
SDC1,0.42162013
COL6A1,0.42155546
PPP1R3B,0.4214695
SH2D2A,0.42143095
AP5M1,0.42105287
SMPD2,0.4210528
PRICKLE1,0.42082223
ACYP1,0.4205328
ZNF620,0.4202424
TRAPPC11,0.42017367
POGLUT1,0.42015505
TBC1D23,0.42000136
COA5,0.4198762
ZNF184,0.41978744
TRIM62,0.41975033
SMAD9,0.41964063
TPK1,0.4196194
UAP1L1,0.41944492
UVSSA,0.41934368
TAP2,0.41930628
UBIAD1,0.41906187
PTPRN2,0.41881943
ZNF234,0.41876507
FCGR2A,0.41859314
MICALL1,0.41827822
ZNF394,0.4182343
SULF1,0.41818509
PDLIM2,0.4181762
TRAPPC3,0.41812184
AP3M1,0.41806042
ARSD,0.41804597
PJA1,0.41786125
RIOK1,0.41775346
DYRK1B,0.41774654
MYO1F,0.417731
DCLRE1A,0.41736022
CD180,0.41718537
ZNF461,0.4171617
ZYG11B,0.41708452
PLEKHG4,0.4168147
RPL36A,0.416779
SPICE1,0.41662216
AKR1C2,0.4160961
USP1,0.41602367
RASGEF1A,0.41586518
VPS33A,0.41560534
ZFYVE27,0.41542318
PYGO1,0.41541088
GALNT3,0.41525877
S1PR1,0.41505578
TBXAS1,0.41421163
ZNF528,0.41364688
ZBTB17,0.41363063
UGGT1,0.41342893
AGTRAP,0.413393
PPOX,0.4133743
STARD3NL,0.41314977
MANEA,0.4129396
STIM2,0.41288266
WDR35,0.41279814
TOP3B,0.41269058
SYDE1,0.4125542
ITGAM,0.41252854
TMED1,0.41252506
POMGNT1,0.41177055
PLD2,0.4115389
ADAMTS5,0.41138375
MTMR10,0.41118628
PSMA2,0.4111651
SUOX,0.41114637
RAB34,0.41111046
VPS37A,0.41090527
KCNAB1,0.41079515
PRDM4,0.41052383
SUPT7L,0.4103023
AP3M2,0.4101699
PPIH,0.41013357
PPP2R3A,0.41002172
WEE1,0.40991324
ZNF320,0.40926778
SDC3,0.40921524
NCALD,0.40916094
XRCC2,0.40910468
PDGFD,0.40898302
ZNF480,0.40883893
UBA3,0.40845448
PCSK6,0.40823933
ZNF74,0.40820417
SEMA4B,0.40802762
LHX6,0.40770552
ZNF267,0.4076037
CLUAP1,0.40749004
SMYD5,0.40720686
SPCS3,0.40673095
CTBS,0.4067159
CTSO,0.40638953
TMEM214,0.4062806
EFNA3,0.40602982
RIOK2,0.4057396
ACACB,0.4057073
CASP6,0.40569118
DYNC2LI1,0.40567768
ACSF3,0.40561453
ZFP36L2,0.405588
FBXL7,0.4055394
ADAMTS1,0.40546873
ZNF195,0.40546325
RABL2B,0.4054228
SLC12A2,0.40518546
ADA,0.40512335
ACADSB,0.40502393
RNF185,0.40498406
SH2D3A,0.40497854
UPF3B,0.40485513
ARHGEF15,0.40484896
ADAMTS4,0.40476254
ADAMTS12,0.40460417
ADCY4,0.40448356
AP5S1,0.40430775
AKAP8,0.40427566
ZKSCAN3,0.40419734
SPSB2,0.4040261
TAF5L,0.40397054
ANAPC2,0.40392765
AGA,0.40384388
AP5B1,0.40357888
APOBEC3F,0.40349036
SNTB1,0.4034496
ANGPT2,0.40343958
TM2D2,0.4033305
AIF1,0.40327162
VPS37D,0.40327096
APOBR,0.40326163
ANGPTL4,0.40325665
TRIM56,0.4032282
ALKBH6,0.40313712
RNF25,0.40303645
AP4E1,0.40286082
SPON2,0.4027061
AMPH,0.4026672
ADAMTS9,0.4024249
ADAMTS14,0.40220377
APOL1,0.4021997
APOBEC3B,0.40214893
ASB2,0.4021208
ALPL,0.40204358
ARHGAP19,0.40188602
ADAMTS2,0.40184924
PDXP,0.40183288
SDSL,0.40178588
ZNF182,0.4017046
ATP2A3,0.40167114
AKR1C1,0.4016007
B3GALT4,0.40159017
ARHGEF6,0.4015834
EXOSC8,0.4015063
TSSC4,0.4015052
ACOT1,0.40141037
ACP1,0.40137994
ATP6V1E2,0.40125507
SIRT3,0.40120485
MYO7A,0.40111548
TNFRSF21,0.40105027
TNXB,0.40101564
ALOX5,0.40087786
ATP7B,0.4007572
UFL1,0.4005513
SCUBE2,0.40052456
ACOT7,0.40041
STK11IP,0.40030584
AP4M1,0.4002545
TOB2,0.40024444
TET2,0.40022436
AMT,0.40021694
TRAPPC2L,0.40014964
ULK2,0.40013316
ASAH2,0.40000135
RRAGC,0.39999425
BBS5,0.39996988
AKAP5,0.39989552
PNKD,0.39980334
UPP1,0.39979157
PCDHB5,0.39969528
EXOSC4,0.3996738
APOC1,0.39953613
POMT1,0.3994704
CACNA2D4,0.39944607
CASP1,0.39937955
BAG2,0.39931864
ANO1,0.39926976
NAT1,0.3990943
LYZ,0.3990354
ZFPM1,0.39897376
THAP1,0.39897138
EIF4E3,0.3989666
ADRM1,0.39886507
USP16,0.39873517
CYB5R1,0.39870146
BATF2,0.39857823
YARS2,0.39853737
CD34,0.39834505
CD248,0.39829078
CD163,0.39819333
PPP1R3D,0.39801845
FADD,0.39798814
CARD6,0.39781526
BBS12,0.39778623
CAMK1,0.3977644
RCE1,0.3976822
DCAF17,0.39757183
FLT4,0.3974423
C3,0.39741006
SPRED2,0.39738366
C1orf162,0.39737043
CFB,0.39737016
AGMAT,0.39735016
ZNF623,0.39729404
BMP4,0.3972767
DISP2,0.3972505
CD2,0.3972065
SORBS3,0.39712778
ANKRA2,0.39705396
ACOT11,0.39696544
ZNF783,0.3969398
AAR2,0.39693865
ARSA,0.39690816
CDK5,0.39688137
ZMPSTE24,0.39681634
CDK3,0.39678004
RAB4B,0.39677235
CLDN1,0.39662865
BEST1,0.3965437
TAF13,0.39645654
CD4,0.39644605
ALS2CL,0.3964315
VIPAS39,0.39638153
CLDN11,0.39637345
DOLK,0.39619505
CACNA2D2,0.39618257
C5,0.39613777
UBE2B,0.39609522
UTP20,0.39609465
ATP2A1,0.3960126
BHLHE41,0.39596444
PORCN,0.3959202
ACSM3,0.39591444
SYNGR1,0.39580637
S100A9,0.3957058
CYP2J2,0.39564905
ZMYND8,0.3956223
SLC35A1,0.39559636
DPP4,0.3954457
ADAMTS13,0.3953534
ARHGAP27,0.3952819
CARD9,0.39526263
PHLDA3,0.39523432
ADAM19,0.39514062
CYTH4,0.3951323
ACSS1,0.39511734
PLCD1,0.39506918
TMEM216,0.39504668
RORC,0.394922
KBTBD7,0.39491934
CD6,0.39491436
DES,0.3948186
FBXL22,0.3948123
CHST7,0.39480707
CXCL14,0.3947873
CMKLR1,0.39473996
ALAD,0.39465663
CHRD,0.39463633
TRIM23,0.39461163
CEACAM1,0.3945252
RAB36,0.39450622
CISH,0.39441553
ALG2,0.39437392
CETP,0.394358
BGN,0.3943226
CLDN23,0.39427936
CYP3A5,0.3942127
CLEC7A,0.39420462
CPLX1,0.39420396
PDE5A,0.39420077
CHRNA10,0.3941569
BAMBI,0.3940629
ARHGAP33,0.39400336
CLIC3,0.39399773
VPS18,0.39384356
BTC,0.39370474
IL18R1,0.39355457
TNFSF13B,0.3933718
CCR10,0.39333826
MIB2,0.3933179
TNFRSF10D,0.3932937
DHDH,0.3932522
COL5A3,0.39317554
IL17RE,0.39309913
COL6A3,0.39308903
RAB3IL1,0.3930664
AIP,0.39305294
MS4A6A,0.3928428
DCN,0.39282772
ACAT2,0.3928056
CXCL16,0.39269927
CYP27A1,0.39264885
ACP5,0.39248225
CMTM1,0.3924235
CSTA,0.39238814
BDKRB1,0.39234006
GNLY,0.39225838
CYSLTR1,0.3922581
CALCRL,0.39225578
B3GNT8,0.39220625
AKR1B10,0.39212325
GSDMB,0.3920636
CX3CL1,0.39196128
POSTN,0.3919454
ABCB10,0.3919064
ALDH5A1,0.39184842
AK1,0.39169168
LRFN1,0.39165625
PHKG1,0.39160112
FCER1G,0.39156517
TBP,0.3914489
DLL1,0.3914434
CYP7B1,0.39128125
ANAPC13,0.39126202
C12orf66,0.3912249
RAMP3,0.39109495
TMOD2,0.39109355
APBB3,0.39085883
REC8,0.39084035
CD38,0.3907909
UTP14C,0.3907471
ECM1,0.39067522
MAOB,0.39063376
RPP21,0.39063084
ALG3,0.39061287
CLEC2B,0.39060515
CNGA1,0.39059192
SRD5A3,0.39050913
ACOX2,0.39046407
RAB32,0.39040428
BATF3,0.39031327
CXCL10,0.3902707
AGER,0.39022106
CCT6B,0.39021906
ACE,0.39017323
P4HA3,0.38974783
CYP39A1,0.38945767
B3GNT4,0.38936663
ECE2,0.3893474
BLNK,0.38925186
ZNF140,0.38918403
ULK1,0.38916355
AADAT,0.38911408
EXOC3L1,0.38905048
CD5,0.38880736
COQ10B,0.38857642
AGPAT2,0.38850868
RNF125,0.38839406
ANO2,0.3880359
TJP2,0.38798738
FOLR2,0.38784975
ADRA2A,0.38778943
APBB1IP,0.3877615
ACER2,0.3877366
ABCD1,0.3876434
ACD,0.387638
FUT2,0.38751718
GIPR,0.38735232
ATG2A,0.38733146
IL17RA,0.38718858
DCHS1,0.38717848
RCAN2,0.38715553
GBP5,0.3871528
TCTN1,0.38704506
ZFYVE9,0.38693213
TBC1D8B,0.38690528
POLR3F,0.3868931
GGT5,0.3868474
ACSL4,0.38669094
AGGF1,0.3866862
TFAP2C,0.38655722
SETMAR,0.38621032
ADAMTS10,0.38614443
ABTB1,0.38610378
PRRT2,0.38603625
NR4A3,0.3857507
MVB12B,0.3856593
GPER1,0.38552266
CEL,0.38537666
ARHGEF4,0.38530496
ACOT2,0.38525894
CD36,0.3852069
ACSS2,0.38517824
LIMS2,0.3851127
ALDH16A1,0.38508728
PDCL3,0.3850122
ACAA1,0.38483736
GAB3,0.38481265
DUOX1,0.38479167
INHBB,0.3845386
LAG3,0.3844722
LILRB2,0.3842187
IL1R2,0.3842049
CD96,0.38414735
HEY2,0.38414422
ACOX3,0.38411924
CIDEB,0.3840814
VAMP1,0.38403574
ITGB3,0.3840347
ACAT1,0.38402408
HOPX,0.38385764
MMP28,0.38366717
SYCE2,0.3836321
ABR,0.38357666
ALG10,0.38347554
MYH3,0.3833733
AGK,0.38329548
LTF,0.3831538
TSEN34,0.3830784
TYSND1,0.38305616
HK3,0.38289472
ZNF3,0.3827681
ACAD8,0.38276055
ZNF778,0.3827329
TRPM2,0.38268036
ADPRM,0.38262996
SGCB,0.38239533
ABCF1,0.38235357
ACOT13,0.3821437
ZNF791,0.38200295
THAP7,0.3819937
ADAT2,0.38195804
PIGV,0.38135138
ZNF250,0.3813317
KBTBD8,0.38130224
TNFRSF10A,0.38113946
FLNC,0.38102025
ANTXR2,0.38097906
GPR160,0.3809515
SIRT5,0.3807686
PTH1R,0.38064185
ARL4D,0.38054192
PTS,0.38045597
UBOX5,0.38041463
RILP,0.38036102
ACSL1,0.37985823
TAF2,0.37979746
STRADB,0.37972602
SYNJ1,0.3795621
RNF6,0.37945202
ZNF692,0.37907726
C15orf48,0.3790545
PI4K2B,0.379003
FDXACB1,0.37892723
ACVR2B,0.37860093
PDLIM4,0.37843564
ACAD9,0.37828252
ZFP90,0.37802082
SLC25A14,0.37801844
AOC3,0.37800154
TTC12,0.37787953
ACBD3,0.37787625
BFSP1,0.37784958
PSEN2,0.37778923
VAMP8,0.3777069
SEMA4F,0.37758017
BDKRB2,0.37751022
GLDN,0.37745398
CDK20,0.3773491
SERPINF2,0.37720385
ZNF510,0.3770653
QTRT1,0.37687358
FPR1,0.37684935
SLU7,0.37671039
ANPEP,0.37647998
ENPP2,0.376315
WNT2B,0.37601835
STX4,0.3759845
ZNF527,0.37581304
LDHD,0.3757572
ACVRL1,0.37571788
ACSL5,0.375545
GCNT4,0.37553206
TCN2,0.37550908
ZNF337,0.3754971
ACADS,0.37533316
EFNB1,0.37482184
SHARPIN,0.37480345
ZMAT3,0.37452462
TMEM187,0.37395766
SEMA5B,0.3738035
IZUMO4,0.37347504
ZNF415,0.37346858
SPDYA,0.37334496
ABI3BP,0.37298125
ZNF426,0.37296316
ABHD12,0.37295392
ABCD4,0.37281084
ALG11,0.37268382
PCDHB15,0.37244293
TSNARE1,0.372409
ZNF490,0.37234908
ACAP1,0.37227532
ZNF823,0.3721067
ACP2,0.3720522
ACOT4,0.37203315
ACOX1,0.37191638
ACO1,0.37170118
WDR45,0.37161282
AASDHPPT,0.37154174
NTM,0.37150264
SORBS1,0.37145755
SURF1,0.37139225
ABLIM3,0.37123522
ABCF3,0.3710763
ACADM,0.37102008
RIPK2,0.37097
PLD6,0.37050334
HOXD3,0.3704186
SYTL2,0.3697881
MAGEH1,0.36972216
ADAMTSL4,0.36964363
DENND2D,0.36960524
ZNF500,0.36813855
ALG1,0.36812618
ZNF197,0.36779913
WRAP53,0.36642182
TIMP3,0.36639622
ACIN1,0.3662901
CBR3,0.36616653
ATG3,0.36561686
ASB8,0.3653845
ALG12,0.36536843
KCNAB3,0.36510682
MGAT4A,0.36508083
EHD3,0.36490703
ZNF766,0.36475053
TRO,0.3643968
TTF1,0.36428854
CHMP6,0.3641748
ZNF18,0.3641416
ZNF493,0.36399838
TMEM186,0.36392045
DPM3,0.36390477
ZNF273,0.36364302
ZNF691,0.36345705
ZP3,0.36344427
ZDHHC8,0.36343035
ZNF614,0.36341813
CHKB,0.36328644
ZNF235,0.36268997
ZNF155,0.3626825
ZNF552,0.36227262
ZNF836,0.36211717
GRIN2D,0.36206678
TECPR1,0.36205295
UBXN2A,0.3618583
SNTA1,0.36178446
TCTN2,0.36129904
TAGLN,0.36102632
TRUB1,0.36096686
TRIM39,0.360948
TTC26,0.3608947
CCR1,0.36058196
C6orf120,0.3600565
ZNF557,0.35983518
SDS,0.35903817
MRM1,0.35903418
RAVER1,0.35792485
RASSF6,0.35724467
TAF9B,0.35624743
AMPD3,0.35563183
TNFRSF25,0.3554734
ZNF136,0.3553763
ZNF526,0.35533923
SYTL1,0.35490945
GALNT14,0.35404387
TRIM68,0.35374892
TLR6,0.35282212
NPRL2,0.35274932
ZNF440,0.35254642
S100A3,0.35195923
NDUFA9,0.35183358
ZFPM2,0.35164854
PNPLA7,0.35153836
ZNF2,0.35082743
ZNF774,0.35034236
SEMA5A,0.35022652
ZNF573,0.3496524
ZNF227,0.34963512
TEFM,0.34959683
UFSP2,0.34947452
ZNF318,0.34930515
RDH10,0.34927636
ZNF611,0.34925595
MMAA,0.34920067
TGM1,0.34886
LMCD1,0.3483475
TUBA8,0.34812245
TRAPPC6B,0.34755647
ZNF830,0.34722573
USP21,0.347023
WASF3,0.3468351
BBS7,0.34674713
PYCARD,0.34571797
EPHB6,0.34508172
ZNF33B,0.3448704
SHPK,0.34370446
SRPX2,0.3431452
TPMT,0.34311813
ZNF841,0.3424308
ZNF561,0.3421117
C1GALT1C1,0.34208027
VCPKMT,0.34158766
RGS4,0.3404887
MTSS1,0.34009188
PMM1,0.33925414
ZFP82,0.33846584
FBP1,0.3381907
ZNF283,0.33687437
ZNF486,0.33684698
ZNHIT3,0.33635297
C2,0.3359797
ZNF26,0.3359224
THBS2,0.33517042
HDAC11,0.33513182
RMDN2,0.33477363
TNFSF10,0.33423436
SPTBN4,0.3338776
TRPV4,0.33253682
TFAP2E,0.33213344
TUBG2,0.3319081
PIP5KL1,0.33176798
TXNRD3,0.33100832
ZNF687,0.330882
HARBI1,0.33080217
TBC1D10A,0.3307466
SPAG4,0.33015773
ZNF443,0.32976615
ZNF420,0.32921556
ZNF684,0.3291497
SLC30A4,0.32906553
NDST2,0.32891533
ZNF548,0.32869557
FPR3,0.3272417
PLB1,0.32626534
SIGIRR,0.32409897
WDR81,0.32393995
ITGA8,0.32235214
RIPK3,0.3223233
LIPT1,0.32231313
ZNF600,0.32078558
SFN,0.31937873
NPL,0.3193051
ZNF738,0.3184659
SVIP,0.31819493
KRT17,0.31745407
RASGRP3,0.3167781
UTP3,0.31638318
TP53I3,0.3159967
ZNF569,0.31582364
SLC2A8,0.31487226
ZNF607,0.31391454
PPFIA3,0.3119889
SGPP2,0.30974412
ZDHHC2,0.30865452
FBXL8,0.30659276
ITGB6,0.30653724
TCEAL1,0.30519202
ZNF567,0.30517787
SLA,0.30385232
SYP,0.30286032
ZNF814,0.30141893
ZNF34,0.30000144
PLXNB3,0.29983318
GLIPR1,0.298742
ZNF141,0.29851723
ZNF517,0.29813418
SMG8,0.297847
SLC7A7,0.29470113
ZNF506,0.2943028
TSPAN12,0.29341105
TTC30A,0.29220256
HFE,0.29204232
TEK,0.2919506
PSTK,0.2918829
ZNF585B,0.28818035
ZNF92,0.2875691
RNASE1,0.286927
TMEM17,0.284156
UBE2D4,0.28394377
TXK,0.28247476
LY96,0.2818844
STAT4,0.28045928
SEMA4G,0.27989593
ZNF550,0.2796856
ZNF530,0.2794457
GNGT2,0.27643698
ZNF764,0.2756722
ZNF429,0.2756594
SEMA6C,0.27556625
ZFP1,0.27423218
ZNF641,0.2707465
ZNF555,0.27036485
SDHAF1,0.2690947
SLC18A2,0.26763096
WNT9A,0.2665826
RNASEL,0.26512754
ZNF222,0.26362935
ZNF846,0.2626189
ZNF347,0.2619093
ZNF354B,0.2597954
ZW10,0.25972536
ZNF225,0.25881404
ZNF221,0.25704333
RAI2,0.25628966
XYLT1,0.25532138
ZNF354A,0.2547275
GGT1,0.25445104
ZFP30,0.25305554
RASD2,0.25291803
SLA2,0.2525012
HEYL,0.25205392
ZNF776,0.25189972
ZNF677,0.25012648
ZNF354C,0.24993105
ZFP69B,0.24900873
ZNF543,0.2470217
ZKSCAN4,0.24697964
TM6SF1,0.24652006
SECTM1,0.24646254
ZNF256,0.24624078
LAT,0.24370022
ZNF546,0.24348263
ZNF701,0.24271019
PTGER2,0.24153563
ZNF324B,0.23874244
ZNF558,0.23787482
ZNF615,0.23756003
ZNF17,0.23713873
SPARCL1,0.2371264
ZNF468,0.23707935
NPHP1,0.23701335
ZNF626,0.23401384
ZNF419,0.23306096
PDE1B,0.23088017
ZNF790,0.22976606
COL17A1,0.22665645
ETV7,0.22448784
TRIM45,0.22325169
RDH5,0.22218026
ZNF175,0.22068968
ZNF439,0.2205837
MCMDC2,0.21815918
THSD1,0.21756981
ZNF671,0.21715792
ZNF649,0.21496084
ZNF772,0.21435115
RNF113A,0.21240273
RASL10A,0.20929669
PTGS1,0.20792884
PSD,0.20776676
TRPC6,0.20413604
ZNF14,0.2036706
ZNF699,0.2020002
BMP8B,0.2019993
ZNF813,0.20190802
NEB,0.2016596
ZNF284,0.20078862
RAG1,0.19780909
TLR4,0.19556399
TMEM176A,0.19552907
LRRC6,0.19460309
ZNF765,0.18973355
ROBO3,0.1871032
ZNF57,0.18672492
ZNF674,0.18377638
SLC44A4,0.18370253
ZNF135,0.1806271
SCN1B,0.17940147
ZNF418,0.17939378
WDR5B,0.17592335
ZNF350,0.17541279
ZNF793,0.17121366
ZSWIM7,0.16999808
SLC4A11,0.16596875
ZNF470,0.15953034
ZNF549,0.149712
TNFSF13,0.1465793
STAC3,0.14598343
TLR3,0.13799831
USHBP1,0.13057585
RNF128,0.11984068
TNFRSF10C,0.11804727
WDR31,0.11143614
ZNF69,0.10536989
ZNF467,0.09791515
ZNF132,0.08763211
ZNF773,0.07707826
