Gene Name,Score
CCDC40,0.9147562
LIN7A,0.90863615
B4GALT7,0.90848637
DUSP19,0.8911897
ADI1,0.8897438
DUSP10,0.8847084
ALG14,0.88290024
ARFGAP3,0.88020086
ATL1,0.8760288
ASRGL1,0.8722116
ARHGAP30,0.8721302
ARHGAP39,0.86715287
BAG3,0.8641722
AP3S2,0.86401486
ARHGAP9,0.8615324
FGD3,0.85836446
BLOC1S2,0.8568553
ARL6,0.85681564
ADCY7,0.8565896
BBS2,0.8561513
ADD3,0.85608155
AP1G2,0.85606587
F13A1,0.8533007
ARL2BP,0.85251343
CDK11A,0.8523674
DCK,0.8497155
CCDC22,0.8491173
ALDH1A3,0.8486079
AMY2B,0.84559727
ANAPC5,0.8454896
CDH6,0.84545124
ARRDC3,0.84482867
HERC6,0.8433925
ARHGAP44,0.84313416
ARNT2,0.8429664
GNA15,0.8426685
ANKRD27,0.8425243
CAB39L,0.8424278
CLIP3,0.8422833
DEPTOR,0.8419418
BOC,0.8403206
ADCY5,0.84020346
CEBPG,0.8396846
HSD17B1,0.8396547
ANKZF1,0.83882004
COL9A2,0.83854276
IGSF6,0.8383295
C7orf26,0.8382585
ATP6V1G1,0.83744323
AKAP1,0.83572525
AGPS,0.83520347
AMFR,0.8347972
CACNB3,0.8346482
ANP32E,0.83460605
CEP97,0.83430547
C2CD2,0.8341661
ADNP,0.83387893
COG6,0.8335541
CARF,0.832986
CKLF,0.8326447
B3GNT5,0.8311324
ATG4D,0.83043504
ARAP3,0.83029866
CENPB,0.82951194
CHST12,0.8287304
AP1S2,0.82819414
ADAM15,0.8278882
ADAM10,0.8276444
ATXN3,0.82755965
CDS1,0.82511884
AREL1,0.82497716
AHSA1,0.82492495
ANO10,0.82486707
CENPC,0.82462984
CCDC106,0.8245582
ARMC8,0.824471
ATF4,0.8244414
CD27,0.82418877
AGO3,0.8239658
EGR3,0.82377243
ATOX1,0.8233175
BZW1,0.82289636
HS3ST1,0.82280725
CEP135,0.8223568
CCDC136,0.82211745
CGNL1,0.82205117
CTNS,0.82155514
CHST1,0.82139075
CAND1,0.8210631
COLEC12,0.82080543
LILRB3,0.8206189
ARFGAP1,0.8202507
BCAS2,0.8197376
ANGEL2,0.81927025
GGPS1,0.8187836
AP1G1,0.818687
FST,0.81863713
AK2,0.81863534
CA2,0.8181554
CATSPER2,0.8180946
GBP3,0.81797105
CELSR1,0.8177154
CABLES2,0.8174935
ADIPOR1,0.816965
AMMECR1,0.8168699
NFAM1,0.8168264
AIFM2,0.8166717
HCAR2,0.81660503
COQ10A,0.8166023
BSCL2,0.8165189
CASP4,0.8164357
ADCY1,0.8164148
AGPAT3,0.8162302
ARF4,0.81614566
ASCC2,0.81590044
BCL7C,0.81543976
IFIT1,0.8152645
ARHGAP25,0.8148056
DDX60,0.8145498
GRAP2,0.8145261
ASIC1,0.8144256
ADAMTS7,0.8143686
CEP41,0.8141689
BIN2,0.81388754
ATP6V1E1,0.8138612
ARF5,0.8135357
COQ7,0.8134218
CDK11B,0.8134198
ARHGAP29,0.81339383
ATP6V0E2,0.81332326
ANTXR1,0.8133128
ARHGEF40,0.8132333
DPM1,0.8131498
CC2D2A,0.81279486
C1R,0.8121047
BAZ2A,0.8120576
ATAD3A,0.8119283
AMOTL1,0.8118554
CCM2,0.811686
ATP6V0A1,0.8111008
CCDC80,0.8110538
ALG6,0.810926
HAVCR2,0.8108546
EPHA4,0.8107533
ATF7IP,0.81035817
CDH23,0.81033003
CTSL,0.80998665
NKD1,0.809847
ARHGEF3,0.8091054
COL27A1,0.8089691
DERL3,0.8085463
CCNY,0.80822146
AP3S1,0.80800104
AZI2,0.8079831
APTX,0.80787313
ARHGDIB,0.80769557
CBX1,0.8071106
ATF2,0.8070167
ANO9,0.80698335
COG8,0.80694187
CDR2,0.8066958
CHMP5,0.8065378
DBR1,0.8064179
CDC40,0.8063874
ARF3,0.80619514
C17orf75,0.80600023
COL24A1,0.80575
CPEB4,0.80568385
ATXN1,0.80564827
ACLY,0.805482
CHMP2A,0.8054183
ADAM17,0.8053684
BICD2,0.80489534
BDP1,0.8043669
ASB1,0.80435663
CCDC115,0.803992
AP2S1,0.80378616
C17orf49,0.803321
AP4B1,0.8032302
CD53,0.8030764
ANP32A,0.8030736
GCAT,0.80305815
AHNAK,0.80303645
COQ5,0.80295515
CLOCK,0.8028463
ARRB1,0.8027466
ERCC8,0.80270725
ANAPC7,0.8026763
RENBP,0.80260307
DRG2,0.8026026
CENPM,0.80258095
ATG10,0.80254006
B3GNT2,0.80252
CALML4,0.802267
ARPC2,0.802133
CIB1,0.801985
APPL2,0.8018547
CHD1,0.8017754
C3orf38,0.8017449
COQ4,0.8017306
ALDH7A1,0.8016476
AP3M2,0.8016095
BCKDHA,0.8014227
CD69,0.80134934
EIF2B5,0.8011594
DEPDC5,0.80099744
CALCOCO1,0.8009916
ADD1,0.8009652
ALG5,0.80084234
ACTR6,0.80084
BLVRA,0.8007731
CTSA,0.80062634
CD48,0.80061203
ALS2CL,0.8003502
BRCC3,0.8003206
CHD1L,0.80029696
EMD,0.80020636
CCNT2,0.8001959
COL4A1,0.8001458
DEPDC1,0.7999869
BPTF,0.79995817
CFD,0.79995394
CCZ1,0.79980236
ARL1,0.79975545
COMMD6,0.7996846
CDC37L1,0.7996715
BICD1,0.79962236
CLN8,0.7994842
B4GALT1,0.7994587
AGMAT,0.7993752
CNN1,0.79931456
EXOSC1,0.7991138
CD109,0.79911107
AP3D1,0.79895705
ARAP1,0.7989303
BCAS3,0.7987688
CGRRF1,0.79871315
CDCA8,0.7986602
CWC22,0.7986135
CASP2,0.79860246
CORO1B,0.7985153
AIMP1,0.7984033
ARSK,0.79830956
CD55,0.7980387
ANXA7,0.7980051
CTSZ,0.7979577
CPSF2,0.7979404
GIMAP4,0.7978378
CAMKK1,0.79763883
CALCOCO2,0.79755247
KIAA0513,0.7975381
ATP6V1H,0.79752517
AAR2,0.7974553
CABIN1,0.79744714
CPEB3,0.79743683
CHORDC1,0.7972252
COMMD3,0.797101
DHRS11,0.7970816
ARL14EP,0.79707724
ATP1B2,0.7970566
ALOX5,0.7970186
AFG3L2,0.7969898
CD2BP2,0.7969186
ARSG,0.79684824
BLOC1S5,0.7968137
AKAP10,0.79680747
ANXA2,0.79676384
DXO,0.796743
LIPE,0.7966705
INMT,0.7965835
ACTN1,0.79645103
CAPN10,0.7963126
BCKDHB,0.796286
ARL4C,0.7961514
AMT,0.7961445
ARHGEF9,0.7961171
CLCN7,0.7960886
AP3B1,0.79606485
DIS3L,0.7960375
CD68,0.7958517
FAHD2A,0.79560345
AQP1,0.79557335
AP4M1,0.79552394
BLZF1,0.79524297
MED11,0.79513925
AKR1A1,0.7949647
CHST15,0.79493904
ADK,0.7948561
ARF1,0.79465115
ATP1B3,0.7946294
HAUS8,0.7945731
CENPK,0.79455084
CDK2AP1,0.7944722
AK4,0.7944074
ARRB2,0.79437894
APOOL,0.7943095
EIF4ENIF1,0.7943009
ASAH1,0.7942056
EXO1,0.79410386
F3,0.7940738
BCL7B,0.7940488
ATP6V1A,0.7940334
APP,0.79396826
ANXA6,0.79383165
ADCY4,0.79377735
CCDC91,0.7937571
CES2,0.793751
ASL,0.7937255
ANLN,0.7936906
CCT4,0.7936541
BACE2,0.7936393
AKAP9,0.7936179
ANAPC15,0.7935903
CHPF2,0.793583
EBAG9,0.7935445
CDK13,0.7935329
AGPAT5,0.793409
ARL3,0.7932921
CMYA5,0.7932255
ATRN,0.7931027
CENPI,0.7930534
ACADSB,0.7930476
CEP170,0.7929971
APPBP2,0.7929645
APPL1,0.79290855
HELZ2,0.79284096
BFAR,0.7928077
AMPH,0.7927473
CCNT1,0.792722
CYB5R2,0.79255325
BCAT2,0.79254705
ACSF3,0.7925172
CCNG1,0.79250956
BAIAP2L1,0.7924716
CDK2,0.792299
CSGALNACT2,0.79224044
ACTG2,0.79215497
EXOC7,0.7920926
AP2B1,0.7920256
C1D,0.7919927
APOL1,0.7919625
BRD8,0.7919554
ATAD2,0.7918563
DDA1,0.7918148
CHD7,0.7917517
CD83,0.7916268
COX11,0.7916203
ANAPC4,0.79161584
ATP2A2,0.79157114
CYFIP2,0.79146737
ATXN7L1,0.79129696
CAPG,0.79129255
CENPH,0.7910753
AP2A1,0.79105824
BCS1L,0.7910342
EMC1,0.79088664
CHMP4B,0.7908578
ATG13,0.7907879
AGTRAP,0.79075944
EGLN2,0.790745
CPOX,0.7906809
ATAD5,0.79064786
C11orf49,0.79059756
CPSF6,0.7905804
CENPL,0.7905337
APOBEC3F,0.7905111
CENPN,0.7905053
COL7A1,0.79047275
ANGPTL4,0.79041594
ADAMTS4,0.79035556
CKAP4,0.7902918
CCDC88C,0.79019314
CORO1A,0.79018444
DUS2,0.79016185
BBS10,0.79012686
CSGALNACT1,0.7900824
FIG4,0.7900001
CDC42BPA,0.789935
CABLES1,0.78993285
CENPQ,0.78978044
ARHGAP10,0.78973174
BRD9,0.78972304
DUSP12,0.7896882
CNNM4,0.7896476
BMF,0.7895834
ARHGAP21,0.78957176
DCXR,0.7895225
ACACB,0.7895012
BEND3,0.7893523
CHAF1A,0.78930265
CNOT8,0.7892568
BRD2,0.78908867
CDK14,0.7890246
CAPRIN1,0.78894264
DNAJB11,0.78886884
ATP2B1,0.7888078
ACTR10,0.7887979
ARL6IP5,0.78878003
ADA,0.7887569
CBX6,0.78873026
ARHGAP32,0.78868103
AP5Z1,0.78865325
ADAMTS1,0.78859854
AKAP8,0.788594
CXXC1,0.7885733
AP5B1,0.7883218
CSNK1G3,0.7883151
ARFGEF1,0.7882628
AGO4,0.7882604
CADM1,0.78825986
AP2M1,0.78824824
ADAMTS12,0.7882082
CDC23,0.78814465
FHOD1,0.78813773
CXXC5,0.78808194
CAMK1D,0.7880111
B4GALT4,0.7879622
BIRC6,0.78793955
CNOT2,0.7878959
ATP6V0C,0.7878897
CTNNBL1,0.78780156
EIF3M,0.7877424
FUCA1,0.7877399
ETV3,0.7876901
ALKBH5,0.7876796
DUSP7,0.7876564
AKR7A2,0.78765446
CTC1,0.78760564
CAMK2G,0.7875159
CTNNBIP1,0.78751373
CELSR3,0.7875039
ALDOA,0.7874132
AP5S1,0.7872705
BCCIP,0.7872591
ACTR3,0.78719664
CPT1B,0.7871709
ASCC1,0.7870954
CYSTM1,0.78707635
ARNTL2,0.787025
CNTLN,0.7870133
GPATCH1,0.78700984
CREBRF,0.78684574
FMNL1,0.786709
DSEL,0.78660446
DDX24,0.786597
FAM20A,0.7865583
CCNL1,0.7865517
ASAH2,0.78646964
CMTM7,0.78639865
ELF1,0.7863638
ACTR8,0.78627187
CACNA2D1,0.7862691
ADAMTS5,0.7861789
CAPZB,0.7861626
IFIT5,0.78614867
GTF2B,0.78612
CNNM2,0.78610176
E2F4,0.7861013
CRTC2,0.7860994
AUH,0.78607756
ATXN2L,0.7860465
CAMK4,0.78600097
EMB,0.7859943
DCP1B,0.785994
CAP2,0.78589374
ARFIP2,0.7858792
AHCYL2,0.78576463
ARF6,0.7856256
ACTR3B,0.7854708
DTNBP1,0.7854516
DAPP1,0.7854196
CDT1,0.78528756
CCL5,0.7852055
EMC3,0.7851531
CCP110,0.78512776
DNAJB4,0.78504497
GADD45A,0.7850302
CDC6,0.7849685
DKC1,0.78495944
ERCC6L,0.7849401
AKAP13,0.7848358
CIAPIN1,0.78468007
CLCN6,0.7846672
FAM83D,0.7846651
CDON,0.7846093
GEMIN4,0.78445816
ARHGAP31,0.78437227
GUCY1A2,0.78435224
ELP5,0.7843041
BPNT1,0.7842899
CDCA5,0.78424585
ADCY3,0.7840828
ASB6,0.7840424
ATP6V1E2,0.7840113
CEP350,0.78398573
CDC34,0.7839557
BRAP,0.78393143
DNAJB12,0.7838966
BEST1,0.7838854
CLDN7,0.7838393
BHLHE41,0.78382814
DHX8,0.78368074
DCTD,0.78366435
DOCK10,0.7836606
DOK1,0.78365767
CD63,0.7836423
DNM3,0.78364
BCAR1,0.78363734
DOCK2,0.7835834
CAPZA2,0.7835806
B3GNT8,0.7835064
CTTN,0.78338945
BTC,0.7833229
COPS2,0.7833116
ALG2,0.7831894
CEP57,0.7831594
CALCRL,0.78315604
AGA,0.7831355
CNN2,0.78312594
CLDN12,0.78312075
CHD9,0.7830867
JAG2,0.78307277
ANP32B,0.78296995
CSK,0.78296363
BTF3L4,0.7829613
DBT,0.78293747
BAG2,0.7828696
CALM2,0.7828657
COG3,0.7827884
CCL4,0.78277266
DIABLO,0.78275
DLST,0.7827418
APOBR,0.78271145
NLRC4,0.78265965
DBI,0.7825797
CYTH1,0.78257394
ATP2A3,0.78257227
APIP,0.78255254
GABBR1,0.782497
FEM1B,0.78245664
CBFA2T2,0.7823681
EGLN1,0.7823647
DAPK3,0.78224146
COPB1,0.78223526
COL4A5,0.7821534
COX7B,0.7821488
ARHGAP24,0.7821286
CDC16,0.7821139
ANKRD44,0.7821106
CLEC3B,0.78208584
AIF1,0.78204805
BANF1,0.78204465
BMPR2,0.78203356
BRD1,0.78201675
ARPC1A,0.7820144
CALD1,0.7819108
DBF4B,0.7818917
ARPC4,0.78188694
DCUN1D4,0.7818744
BTBD3,0.78186774
ALKBH1,0.7818633
ARHGEF11,0.78171915
CLDN4,0.7817183
DOK4,0.7815528
APBB2,0.7815432
C5,0.7814813
AP1M1,0.78146327
AFMID,0.78142524
DAPK2,0.7814187
BBS12,0.78138465
CCAR1,0.7813648
FAM131B,0.7813111
FAM110B,0.7812937
CBX7,0.7812535
FIBP,0.78120184
ALKBH6,0.7811578
CES4A,0.781157
CHRAC1,0.7810578
ASH1L,0.78103304
CTSK,0.781013
DDX27,0.78098345
DHCR7,0.7809713
ATP11A,0.78096604
CAPN15,0.7809653
ANGPT2,0.780872
ANXA5,0.7808653
AFTPH,0.78082967
CTDSP1,0.78077894
ALDOC,0.7807572
C2CD3,0.78075147
COTL1,0.78067106
ACOT1,0.78066707
CHSY3,0.78066397
ARPC5,0.78064805
DENND4A,0.7806239
DNAJA2,0.78061056
CERK,0.78048956
FBLN1,0.7804499
GET4,0.7804396
COX20,0.7803811
AP4E1,0.780381
ATXN10,0.78034323
AGPAT1,0.78031546
CSTF3,0.78028595
CTPS1,0.7802498
CAP1,0.7801924
FBXO9,0.7801496
ADAMTS2,0.7801272
AHCTF1,0.7800988
CANX,0.78009397
ATP6V1C1,0.779988
CHMP4C,0.77998793
CHID1,0.779867
ACP1,0.77986616
FYCO1,0.77985334
ASPH,0.7798284
EIF3K,0.7797599
ATP8A1,0.7797538
ADAMTS9,0.7796359
CDK19,0.77960986
ADAMTS14,0.7795902
CDK5RAP2,0.7795707
ANO1,0.7795219
EDEM3,0.7795203
AGPAT4,0.7795074
EIF4EBP1,0.7795068
DNAJB6,0.77949965
GGH,0.7794701
FKBP3,0.77941847
IDS,0.7792541
CENPP,0.77924365
CD2AP,0.7792394
DLAT,0.7791832
CARS2,0.7791118
EPN1,0.7791108
DAB2IP,0.77910525
CCT7,0.7790529
ENTPD6,0.77894175
ALDH1B1,0.77891856
ARHGEF19,0.7789013
CNOT7,0.77885574
FCGR3A,0.7788211
CHSY1,0.77881116
ECE1,0.77871704
DCP1A,0.77870566
CLNS1A,0.77866083
ADPGK,0.7786017
COMMD1,0.7784904
BMP2,0.7784846
COIL,0.7784767
ASAP1,0.7784692
COPG1,0.77845144
B3GALT4,0.7784468
CAB39,0.7784404
GUK1,0.7784188
DDIT4,0.77841103
CD4,0.7784035
CKAP5,0.7783927
CHML,0.7783911
KDM6B,0.7783363
CCNH,0.77833265
DEPDC1B,0.7783157
DGAT1,0.77828306
CD47,0.77827954
CMTM6,0.7782258
CTBP2,0.7782114
ERH,0.7781534
EIF4H,0.7781158
CCDC174,0.7780805
IFI35,0.77806467
CPSF4,0.7780473
CBR1,0.77802855
CCNL2,0.77802014
CRTAP,0.77799743
FBXW4,0.7779934
CEL,0.7779846
ASAP2,0.7779368
CSNK1E,0.77792543
CHMP3,0.77792084
CTSO,0.777896
DCLRE1C,0.7778905
CHTOP,0.77788436
ASB2,0.7778838
ARHGDIA,0.7778715
DHDDS,0.777809
ETS2,0.77780163
GNAI1,0.77779144
MARS2,0.7777628
ANAPC2,0.7776768
CAPN7,0.77756
DENR,0.77750003
DLGAP4,0.77749455
DSG2,0.7774362
AHI1,0.77739716
CIAO1,0.7773946
ETF1,0.7773865
GANC,0.77734953
CENPO,0.7773439
D2HGDH,0.7773179
AVL9,0.7772971
BRWD1,0.7772835
CTDP1,0.7772529
BACH1,0.777248
CD81,0.7772463
BPGM,0.7772306
CCT6A,0.77721137
CCNA2,0.7771684
ARIH1,0.7771604
DPH7,0.7771011
ADAM12,0.7771008
DCAF16,0.77709955
CHCHD2,0.77696484
AKR1C1,0.77695787
ADAM28,0.7769056
CBX5,0.77688265
CDC42EP4,0.77687013
BUB3,0.7768618
CDK17,0.7768564
CMTM4,0.77676797
EXOC8,0.77676195
BRPF3,0.7767617
CDCA3,0.7767607
EMC9,0.77670014
CHAF1B,0.7766919
GPC4,0.77663106
HCFC2,0.77660733
ELP6,0.776559
AIMP2,0.7765456
ALDH3A2,0.77654505
AZIN1,0.7764224
COL8A1,0.7764036
DDX46,0.77639616
EFNA4,0.77636266
ARFGEF2,0.7763534
EXOSC5,0.7763373
GPR132,0.77627945
ALMS1,0.7762775
GATAD2A,0.7762366
AURKAIP1,0.7762296
CASK,0.77619344
EIF4E2,0.7761366
CD52,0.77611244
DLG5,0.77608794
CSNK1D,0.7760676
ARHGAP19,0.7760322
B9D2,0.77599514
CTSH,0.7759164
GNPDA1,0.7759068
CENPJ,0.7758786
AHCYL1,0.7757881
HENMT1,0.77578413
ETFB,0.7756524
DHX35,0.77562207
ACTN4,0.77558446
CNTNAP1,0.77548033
FAAH,0.7754617
EEFSEC,0.7753671
CENPE,0.77535874
CHPF,0.77535415
EEF2K,0.7752669
CFLAR,0.7752641
DHCR24,0.77524686
FAM114A2,0.7752143
ATP2B4,0.7751959
BLVRB,0.77518904
CDCP1,0.7751844
EME2,0.7751793
CCNB2,0.7751368
CAMKK2,0.7751241
DENND3,0.77508944
CCT2,0.7750406
CCT3,0.7749995
AMBRA1,0.77496296
FCHO2,0.7748448
ESYT2,0.77482206
DPYSL2,0.77476114
GPAA1,0.77474326
IPO4,0.77474064
LGI4,0.77473634
DGKI,0.77466553
HBP1,0.7746566
CSPP1,0.77462286
ALDH18A1,0.7745878
CLK3,0.7745436
CEACAM1,0.7744961
CAPN1,0.7744935
MTRF1L,0.7744846
AMOT,0.77445203
ATP7A,0.77444565
COA1,0.7744202
BRPF1,0.7743869
CTSD,0.7743617
CSNK1A1,0.77433264
CELF1,0.7742591
ARHGAP17,0.7742412
CMPK2,0.77421606
DENND2A,0.774203
FAM126A,0.77416164
CCNB1,0.77415204
B3GNTL1,0.77410114
DMXL2,0.7740995
FBL,0.7740982
FYTTD1,0.77409434
DHTKD1,0.77408206
COL18A1,0.7740691
DGUOK,0.7739568
BIRC5,0.77393866
CAPNS1,0.773937
BRWD3,0.7738884
CAPZA1,0.77387166
GPX8,0.7737733
COPZ1,0.7737571
CEP152,0.7737291
DMAP1,0.7736919
ARHGEF6,0.7736806
ACOT11,0.77363324
GNL2,0.77354985
ADRM1,0.773502
HINT1,0.7734999
FABP5,0.7734908
CRABP2,0.7734741
FBXL5,0.7734307
COG5,0.77337873
COPA,0.77335787
CASP1,0.773356
FBXO30,0.7733404
DCUN1D3,0.77331245
FBXO10,0.77330655
AKAP5,0.77329564
CARD6,0.77327454
ADIPOR2,0.7732622
CEP72,0.77325964
BHLHE40,0.77325904
EMC10,0.77325606
FZD3,0.7732457
GPKOW,0.77320147
ATP7B,0.7731488
DCLRE1B,0.7731334
CS,0.7731094
CYB5R3,0.7730947
CDC25A,0.7730833
CETP,0.77306944
CAMK2D,0.77304184
DGKD,0.7730142
BTF3,0.77295953
IMPDH1,0.7729575
FASTKD2,0.77287287
BOP1,0.7728393
FDX1,0.77282834
DIS3L2,0.7727738
EXOSC10,0.77275765
ERCC6,0.7727274
EXOSC2,0.7727204
EIF4A3,0.77265054
CCR7,0.77264917
BUB1,0.77263916
APAF1,0.772601
CDK5RAP3,0.7725808
DDOST,0.7725403
ALPK1,0.77251065
ARPC1B,0.7724955
C2CD5,0.7724838
DAB2,0.77241755
ATP8B4,0.77240896
ANKLE2,0.7723829
CDKL5,0.77236104
AHRR,0.7723106
DVL2,0.7721673
DNTTIP1,0.77214926
CWC27,0.77212954
DSCC1,0.7721271
BBS5,0.77205396
CSTB,0.77201307
CHMP1B,0.77198887
BBS9,0.771962
DDX17,0.77194506
ACTR2,0.77192163
BAG6,0.7719016
ANKRD28,0.7718859
FGD1,0.7718516
EDC3,0.77179337
DTL,0.7717931
HPRT1,0.771707
GOLGA3,0.77169454
FAM98B,0.7716295
DDX55,0.7716058
DPH3,0.771594
ANK3,0.7715476
ANXA1,0.7715373
ESRRA,0.77153707
ACSM3,0.77150345
FKBP2,0.7714806
CLSPN,0.77143586
DDX21,0.7714315
CMC4,0.7713782
KATNA1,0.77131945
GMPPA,0.7713075
BIN1,0.77128875
ANO6,0.7712698
ASGR1,0.77126795
BTBD2,0.77120966
ATP1B1,0.77118146
CEP192,0.7711754
EIF6,0.77113545
DDX19B,0.7710478
CD9,0.77103436
BID,0.770989
APBB1,0.7709842
GABPB1,0.77093905
CALU,0.77092427
DHX38,0.77091694
ATG2B,0.7708889
CCNK,0.77085096
CNOT4,0.7707468
DDX18,0.7707144
EPN2,0.77069926
CHKA,0.7706811
DHRS4,0.7706365
CCT5,0.7706298
DUSP16,0.77061796
EMC8,0.770617
BECN1,0.7705983
EIF4EBP2,0.7705445
ACSS1,0.77053446
FERMT3,0.77053034
ATP6V1D,0.7705288
CMTR1,0.7704761
CHCHD6,0.7703974
CMAS,0.7703846
COL12A1,0.7703305
DNAL1,0.7702838
B4GALT2,0.77027637
CAST,0.77017915
CKAP2L,0.77016276
FBXO7,0.7701226
BCAT1,0.77011055
FBXL20,0.7700937
CEP164,0.7700204
FLII,0.7699918
ACOT7,0.76993084
CDK7,0.76987875
CHRD,0.7698566
BYSL,0.76984346
GGA2,0.7698402
BAHD1,0.76982844
CKS2,0.76978415
DNAH17,0.7697735
CDR2L,0.7697651
BRF1,0.7697385
LAMB3,0.7697351
CREM,0.7696911
BNIP3L,0.76960033
ADAMTS13,0.769599
C17orf80,0.7695916
CNPY3,0.76950467
ADAM19,0.769504
FAM168B,0.7694639
AHCY,0.7693766
GDPD5,0.76937586
CBX3,0.7693616
ASPM,0.769357
CACNB2,0.7693232
ACAT2,0.7692888
DMD,0.7692799
ITGAE,0.76926154
BTAF1,0.7692371
ARL16,0.76923186
ATN1,0.7692033
ERGIC1,0.76918054
CLIC3,0.76917446
CEP55,0.7691589
CBY1,0.7690875
BTD,0.7690724
DNAJC5,0.76903427
EIF2AK1,0.76898605
DHX32,0.76897883
DENND1A,0.76892036
APOBEC3C,0.7689181
CHRNA10,0.76887786
BAZ1B,0.76885855
IFT140,0.7688411
CHCHD3,0.7688381
CD248,0.7688234
LDB2,0.76881033
CRYZ,0.76880836
C5AR1,0.76879567
EIF4A1,0.7687674
CHD3,0.7687589
DCUN1D5,0.7687327
GSTZ1,0.7687095
HSPB2,0.76867414
CYB5A,0.7686259
CXADR,0.7686224
F2RL1,0.76857513
GGA1,0.7685624
CERS2,0.76848996
DAAM1,0.7684895
CD300A,0.76846397
CBX4,0.7684602
DLD,0.7683792
DCAF8,0.76830524
CDYL,0.76824784
CHM,0.76824737
LRP2BP,0.76818573
CISH,0.7681806
ABCB10,0.76817936
DCAF10,0.76816654
CD34,0.7681183
ATG4C,0.76808316
GCA,0.7680694
CSNK1G2,0.7679919
DSTN,0.76797503
GTF2A1,0.76793295
DCPS,0.7679133
EIF1B,0.76790375
DCAF7,0.7678785
FBLIM1,0.7678517
COPS7A,0.76783216
HSF2,0.7678284
APOC1,0.7678212
GEMIN8,0.76781124
DDX31,0.7677858
GNPAT,0.7677801
ARPP19,0.76775515
DLG4,0.76772225
FARSB,0.7676974
COX6B1,0.76766473
CYP2S1,0.76765954
CDK16,0.7676152
CSNK1G1,0.7675913
DUS1L,0.76758784
EPHA2,0.7675017
DENND5B,0.76743716
COPS3,0.76738816
ARL8A,0.7673801
C1QBP,0.76737815
CACNB1,0.7673639
CMKLR1,0.7673131
DERL1,0.7672984
CACNA2D4,0.7672678
EFEMP1,0.7672529
ARHGEF1,0.7672166
DCAF15,0.7671668
DNAJC24,0.7671575
DYNLT3,0.7671556
CCDC59,0.7671515
ACP5,0.7671314
ASAP3,0.76709855
CORO1C,0.76704735
CDS2,0.7670426
BMS1,0.76702124
CTDSP2,0.7670206
EVC2,0.76700354
CLTA,0.76699793
EIF1,0.7669743
DAP3,0.76695794
CASP7,0.76692986
ALYREF,0.7668645
CCNG2,0.7668125
FNDC5,0.7667418
CERS6,0.76671183
EIF4B,0.7666832
CRK,0.76666826
FCF1,0.7666453
CEP78,0.7666057
DAZAP2,0.7665585
FPGS,0.76652724
FKBP4,0.76651216
ANKRA2,0.7664189
CYCS,0.7664181
CDCA2,0.7664039
BLCAP,0.7663902
DACT1,0.7663688
FNTA,0.7663477
GMNN,0.7663374
EPB41L1,0.766288
DNAJC13,0.7662618
DCTN5,0.7662617
HDAC3,0.76625353
DIAPH3,0.766251
GALNS,0.7662439
CCT8,0.7662158
ARHGEF26,0.76619095
ARHGAP18,0.7661458
FBXL4,0.7660608
DNTTIP2,0.7659702
ALAD,0.76567554
BNIP3,0.76564854
DAPK1,0.7656404
ERI2,0.7656112
DDRGK1,0.76558113
GALNT6,0.76557827
AGRN,0.76549184
CLDN23,0.765448
BMP2K,0.76542586
CD1D,0.76542294
BATF2,0.7654158
EXOC1,0.7653241
DGKH,0.765282
ACADVL,0.765273
CDC27,0.76525825
DDX39A,0.76524514
ATG12,0.76519305
FEM1A,0.7651853
BET1,0.7651804
CD46,0.76517963
GPR161,0.7651545
ANKFY1,0.7651477
COPS7B,0.76514196
AADAT,0.76508504
ETHE1,0.7650651
ACE,0.76501393
GCC1,0.76500076
CLASP1,0.764921
EEA1,0.7649171
ACOX2,0.76483124
EIF2S1,0.7647336
CPSF7,0.76466876
CD320,0.7646346
CREG1,0.76461595
GABARAP,0.76457405
ASPHD1,0.7645323
ARG2,0.764496
EMC2,0.76436496
ERLEC1,0.7643572
ATP11B,0.7643508
DBP,0.7643372
ATF6,0.7643138
DIDO1,0.76430094
ADAR,0.7642885
GIT2,0.7642439
EIF3H,0.76424205
GTF2H1,0.7642167
CNOT6,0.7641927
AQR,0.7641485
CDK5,0.7640987
EDIL3,0.7640803
CABYR,0.7640596
CEBPZ,0.76405823
INPP1,0.76400715
COL4A2,0.763964
CD163,0.7639631
DPH5,0.7639615
AKTIP,0.76394594
CENPF,0.76392066
CTPS2,0.76389056
CNOT1,0.7638764
ENSA,0.7638558
CIT,0.7638535
DOCK5,0.76384276
ELOVL1,0.7637202
CLIC4,0.76368695
CYC1,0.7636162
ARHGAP6,0.763574
CHST7,0.7635616
DZIP1,0.7635418
DNAJC11,0.7635374
COL5A3,0.763532
CDC42BPB,0.76349854
CNOT6L,0.76348215
EIF2AK4,0.7634629
DST,0.7634062
GLO1,0.7633534
CALM1,0.7633296
BSG,0.76330924
CYP2J2,0.7632838
COPE,0.76325727
DPF2,0.76325405
BRK1,0.76324844
HGS,0.76323843
ARAP2,0.7632355
CYTH3,0.7631777
DLG1,0.763149
AMPD2,0.7631227
BOLA3,0.76308167
APBA1,0.76305336
CLEC2D,0.76304156
MAP3K11,0.7630401
DUSP14,0.7629624
EIF3G,0.7629508
EHD4,0.7629095
AKR1B10,0.7629067
IP6K1,0.7628839
CCDC86,0.76285356
CFL1,0.7628454
FGD4,0.76283693
HDAC5,0.7628307
KIF9,0.76276803
EIF2S3,0.7627676
HNRNPUL2,0.76275134
CFB,0.7627511
AGFG1,0.76271474
EVC,0.7627063
DNMBP,0.76269716
IBA57,0.76269513
HAT1,0.7626926
CDC25C,0.7626542
FRMD6,0.76265234
ARIH2,0.76256835
CMSS1,0.7625297
FLAD1,0.7625251
CCDC12,0.76252216
AK1,0.76251036
CEP70,0.7625088
CYP3A5,0.76248455
ARSJ,0.762465
CNIH1,0.7624488
ATG4B,0.7623915
E2F7,0.7623811
GTPBP2,0.76237935
ARSA,0.7623716
CHRNB1,0.7623636
FOXK2,0.762287
FBXW11,0.7622784
CPLX1,0.7622376
CLK1,0.76214844
CFDP1,0.7621354
COX15,0.7621099
DNAJC8,0.76208013
CLIC1,0.7620739
EIF3D,0.7620572
KDELR3,0.76200527
CLEC7A,0.7619469
DMWD,0.76192933
ENAH,0.7619244
ITPA,0.76191103
MSR1,0.7618254
FHL2,0.7618123
ALDH5A1,0.7618024
ABCD1,0.76180166
EMC7,0.76176786
CDC7,0.7617318
DIAPH2,0.76172805
CLHC1,0.7617177
CD2,0.7617028
FN1,0.76168436
CLIP2,0.76167536
HMGCL,0.7616376
DYNC1LI2,0.76162386
C3,0.7616134
ATP1A3,0.7616103
ARHGAP27,0.7616032
DOCK7,0.7615997
ARCN1,0.76156795
CHERP,0.76155216
ESPL1,0.7615285
CAMK1,0.7614639
CWC15,0.76146364
MAP2K3,0.76146305
EFNA5,0.76139843
DBNL,0.76138574
AGER,0.76135474
LRRC8E,0.7613195
GOT2,0.7613101
AP1S3,0.76130086
ITGA2B,0.7612963
HOXB2,0.7612862
CDKN2AIPNL,0.7612651
FKBPL,0.76124525
CDC25B,0.7612429
HPS1,0.7612394
CD99L2,0.7612342
CACNA1H,0.76119363
CSE1L,0.76113844
C1orf162,0.76113725
CYB5B,0.7611256
ERP29,0.7610932
IFNLR1,0.7610724
BRIX1,0.7610392
ITGA7,0.7609766
ACER2,0.7609755
DNAJA1,0.76096505
CLPX,0.76092947
ARFGAP2,0.76088595
EYA2,0.7608853
ACD,0.76085204
DLG3,0.7608207
CCNF,0.7607944
DGKA,0.7607939
KIFC3,0.76074755
CETN3,0.76068497
ERAL1,0.7606728
CNGA1,0.7606403
CTIF,0.76062953
ELF2,0.7606214
COX5A,0.76049834
DYNC1LI1,0.76047707
HMGCR,0.7604228
DCAF6,0.7604131
ATPAF2,0.76037836
CRLS1,0.7603459
ASF1B,0.760318
C1GALT1,0.76030844
CBX8,0.76029724
ENTPD5,0.7602168
FMR1,0.7602097
CXCL16,0.7601947
DLGAP5,0.76014656
FGF11,0.76012254
CPD,0.76010966
FAU,0.7601051
ASS1,0.76007086
DCTN4,0.7600456
DDX28,0.76002854
CHUK,0.75997466
EHD1,0.7599418
GDE1,0.75991374
CTBP1,0.7599045
ANAPC13,0.75990045
MAOA,0.75989366
EEF1D,0.7598897
EXOC6B,0.75988173
GCLC,0.75987506
CD86,0.75983745
CMPK1,0.7598043
AKT1S1,0.7597776
ARNTL,0.75976586
CUL1,0.7597498
ADORA2B,0.7597207
CACYBP,0.7597197
CNDP2,0.7597172
IL7,0.7596846
DDX39B,0.7596656
CKAP2,0.75963724
HERC4,0.7596251
ILF2,0.75961816
EHBP1,0.7595563
ARHGAP33,0.7595477
EXOC3,0.7595446
GNL1,0.759508
DNM1,0.75950265
GRN,0.75949687
ITPR2,0.759464
C18orf32,0.7594605
ARL2,0.75941813
COL5A1,0.7594045
CERS5,0.75938976
CPNE3,0.7593837
ALG3,0.75935936
HPDL,0.7593222
HERC2,0.75929284
BTN3A2,0.7592513
DDX58,0.759244
CSTA,0.7592223
ELOVL6,0.7591892
ISG15,0.75918806
EIF4G3,0.7591869
HIVEP3,0.7591368
GFM1,0.75912136
ATP2A1,0.7590841
BUD13,0.7590223
ELAVL1,0.7590102
CDH24,0.7589976
AMOTL2,0.7589746
BATF,0.7589569
HMG20A,0.7589511
HVCN1,0.75892806
EVL,0.75891507
ABTB1,0.7589015
CLPP,0.7588917
AGPAT2,0.75887746
GPT2,0.7588709
ENG,0.7588445
FAM13A,0.7588385
DTX4,0.75880957
INPP5A,0.7587795
FZD6,0.758753
CDCA7,0.7587415
FBXO41,0.75872844
GNB5,0.75866985
BTRC,0.7585925
CPT1C,0.75858635
FBXL18,0.7585111
ATF6B,0.7585013
HAUS6,0.7584075
BMP1,0.7583872
FAM13B,0.7583752
FDPS,0.75834846
HLA-DMA,0.7583455
AUP1,0.75832987
GLRX2,0.7583172
FADS2,0.7583152
HAAO,0.75831294
E2F8,0.7583007
ADRA2A,0.75828624
GRB2,0.7582701
COL4A6,0.75825906
DDX56,0.7581966
GDI2,0.75815964
COBLL1,0.7580864
GLG1,0.75807124
EIF3I,0.75805694
GALNT11,0.75801915
DDX42,0.75794077
EIF5,0.7579315
CAPN2,0.75792694
AP2A2,0.75791746
BLOC1S6,0.75789535
CBLL1,0.7578869
GDPD1,0.7578751
HADHA,0.757862
CLINT1,0.75784236
HIGD1A,0.7578233
CERS4,0.75781447
EAF1,0.7578094
CDIPT,0.75778455
ATG14,0.7576999
FBXO22,0.7576995
CLSTN1,0.75760704
FRZB,0.75760454
FGD2,0.7575874
CLDN11,0.7575848
DISP2,0.7575703
FRAS1,0.75756884
EGLN3,0.7575471
AKR1C2,0.757546
GTF2H5,0.7575216
HOXA1,0.75745183
GTF3C2,0.7574313
EXOSC9,0.7574078
HLA-DOA,0.7574045
CSAD,0.757395
GSR,0.75736433
CACNA2D2,0.75735575
CDC20,0.7573259
APBB3,0.7572845
APLP2,0.7572426
COG4,0.75717735
CLASP2,0.7571624
EBP,0.75716084
GSTA4,0.7571574
CREB3L4,0.75713116
DGKZ,0.757117
IFI44L,0.75710195
CTDSPL,0.7570908
EPHB2,0.75708354
GTPBP4,0.75708026
ACAA1,0.7570467
ENO3,0.7570322
CPNE1,0.7570211
LMF1,0.7570183
F11R,0.75699365
ACOT2,0.75697815
ADAMTS10,0.75697356
EVPL,0.7569429
KPNA1,0.75694156
CYBA,0.7569027
ARHGEF37,0.7568778
HEG1,0.7568507
CHTF18,0.75685
IDH3G,0.7568231
CSTF1,0.7568039
LSR,0.75675005
CDK3,0.7567407
EEF1G,0.75671136
LEO1,0.75670636
DYNC1H1,0.75668144
ARL13B,0.75667083
GOLIM4,0.75665736
FOSB,0.7566568
GPSM2,0.7566546
EIF2B2,0.75663584
GALNT2,0.75663567
CLPB,0.7565719
ALKBH8,0.7565719
ACSS2,0.7565642
FADS1,0.75647724
CNOT11,0.75643873
API5,0.7564076
CYP2D6,0.75638026
CREB3,0.7563502
FOXN3,0.75628245
DDX19A,0.75625664
CDC37,0.756233
FBXO21,0.75618863
ELOVL5,0.75614506
GPS1,0.7560763
COPB2,0.7560698
FSCN1,0.7560526
GLE1,0.75603294
GOLGB1,0.75599015
GPD1L,0.7559892
BTBD1,0.7559801
ARL8B,0.75595266
GPSM3,0.75594854
ALAS1,0.75586635
GCDH,0.75579304
FNIP2,0.75576174
CCS,0.75575686
GPCPD1,0.7556874
DCAF5,0.7556716
ARHGEF18,0.7556693
MAN1C1,0.75566447
DDX23,0.7556308
ACTR1A,0.7556015
ACAT1,0.75559914
CCDC68,0.7555936
DES,0.7555491
EHD2,0.75552213
HSD17B10,0.7555182
ARHGEF4,0.7555065
GBA2,0.7554934
EI24,0.75545657
GTF3C5,0.7554464
DBF4,0.75543237
IRF6,0.7554303
ABR,0.7554286
DIAPH1,0.75537884
EIF4G1,0.7553737
ATP6V0A2,0.7553723
CYTH4,0.7553514
FAM3C,0.7553323
COQ9,0.7553242
BAMBI,0.7552993
ACOX3,0.75529593
BOLA1,0.7552882
GHDC,0.7552815
FLNB,0.7552564
FMNL2,0.75524205
DHX15,0.75521773
FAM110A,0.755215
GANAB,0.755178
ATP6V1C2,0.7551587
ASNS,0.7551391
CPE,0.7551128
HK1,0.7550978
KCNN4,0.75509524
GALNT10,0.7550549
GFPT1,0.7550301
GPR153,0.7550264
GLUL,0.7550077
ECI2,0.7550043
EEF1E1,0.7549923
DR1,0.75496435
COX7A2L,0.7549378
HDAC8,0.7548566
PCDHGA6,0.75483894
ANO2,0.75482005
IRF9,0.754793
FTL,0.75475377
ATP13A2,0.7546496
DNAJC15,0.7546473
DIMT1,0.75460404
EIF5A,0.7545869
GRSF1,0.75456816
GID8,0.75456
GOSR1,0.75455856
GALNT1,0.7545394
FBXO5,0.754539
IPO11,0.7544928
EPC1,0.75448745
GLB1,0.7544578
GOLPH3,0.7544536
HSPA14,0.75444096
BGN,0.7544247
E4F1,0.7544216
GGCT,0.7544092
IFT88,0.754395
DENND2C,0.7543938
ENC1,0.7543652
CDK1,0.7543643
KAT5,0.75435007
CD40,0.7542976
DDHD1,0.75428957
CPEB2,0.7542763
GATAD2B,0.7542251
ATG4A,0.75417656
FBXW5,0.7541694
GDF11,0.75412005
ACSL4,0.7541154
EHHADH,0.7541025
EIF2AK2,0.7540777
CRAT,0.7540636
ACAD8,0.7540422
B3GAT3,0.75401187
HTT,0.75397736
ABCF1,0.7539731
DHX36,0.7539404
HSD17B4,0.7538733
GLUD1,0.75380224
CHST14,0.75378156
NFYA,0.7537766
IL13RA1,0.75377
CSF2RB,0.7536976
EVI5,0.7536699
GPD2,0.7536315
CNOT10,0.753627
EIF3L,0.75361824
ARHGAP4,0.75358456
HDLBP,0.75355315
COMMD5,0.7535482
LSM5,0.7534963
FARS2,0.75348926
EFNA1,0.7534834
FBXW9,0.75346786
INTS9,0.75346345
EXOC4,0.7534584
EPHA1,0.75340563
CYFIP1,0.75338453
CNIH3,0.75338274
DPYSL3,0.75335467
CRMP1,0.7533151
DOCK8,0.75331223
COL9A3,0.75331104
DCTPP1,0.753308
B3GALNT2,0.7532231
GJC1,0.7531897
EEF2,0.7531364
ESRP2,0.75310695
C12orf65,0.75310165
EXOC5,0.75308037
MRPS28,0.7530603
HOXA5,0.7530407
EHMT1,0.7530184
DENND4C,0.7530158
EIF3J,0.7529886
EIF2B3,0.7529801
FAM91A1,0.75297505
DSN1,0.75295734
LNPEP,0.7529449
G6PD,0.75292635
GSTM4,0.7529255
FKBP5,0.7529028
INTS2,0.7528729
HMGN2,0.7528643
CIR1,0.75282466
EEF1A1,0.7528231
APOE,0.75282294
DDB1,0.7528169
CARD9,0.7528001
HLCS,0.7527728
COA6,0.7527428
APBB1IP,0.7527244
EXTL3,0.75270337
GSTK1,0.7526531
FAM8A1,0.7526513
ALDH16A1,0.7526415
CHP1,0.75263953
ICMT,0.75260913
BCAP31,0.752603
COL6A2,0.7525674
ACOT13,0.75255924
FUBP3,0.7525551
CUL9,0.75246865
GSE1,0.7524505
ISG20L2,0.752387
COG1,0.75237083
MAP1A,0.75231236
GNL3L,0.75228095
ETFA,0.7522729
CCR10,0.752233
HYPK,0.7521996
DDX52,0.7521792
ATF7,0.75210494
HJURP,0.7520436
FXR2,0.75201166
HNRNPH2,0.7519724
FER,0.7519571
CHCHD1,0.7519444
GRPEL1,0.75188684
GEMIN7,0.75188494
DYRK2,0.75182813
HNRNPAB,0.7518017
HOOK2,0.75179
LRFN4,0.7517596
HPSE,0.751676
ATG9A,0.7516473
HOMER3,0.75162816
DCAF4,0.75162524
DNAJC1,0.7516096
DHX9,0.7516067
AGK,0.7515941
GIPC1,0.7515278
C2orf49,0.75152665
GPR176,0.7515082
ATP8B1,0.7514837
FBF1,0.75147164
GRB10,0.75145185
DCTN3,0.75143725
GBP2,0.751381
DNAJC3,0.7513722
CEP250,0.75132936
EPS8L2,0.75129026
HNRNPF,0.7512893
CRADD,0.7512679
DHODH,0.7512476
HCK,0.7512432
CSTF2,0.75116074
FKBP8,0.75113165
ADPRM,0.7511124
IL10RA,0.75110954
MIS18A,0.75108856
GBE1,0.7510528
EPB41L4B,0.7509958
GPI,0.7509954
DRG1,0.7509114
ALDH9A1,0.7509064
ACYP1,0.7508867
CYSLTR1,0.75083345
BDKRB1,0.7508101
FBXO17,0.75080985
GRWD1,0.7508068
CNNM3,0.75079525
KCTD3,0.7507324
KDM2A,0.7506696
GNAO1,0.75066924
EEF1B2,0.7506399
CASZ1,0.7506318
FXR1,0.7506109
FBXO38,0.75054276
FAF2,0.75050586
ADAT2,0.7504958
HSF1,0.750472
CROT,0.7504019
LARP7,0.7503822
KATNAL1,0.75037295
HOXB3,0.75034994
CTTNBP2NL,0.75034344
ESYT1,0.75027114
HNRNPUL1,0.7502387
GMDS,0.7502306
ALG10,0.75021964
GPX7,0.7501879
BAG5,0.7501692
GNB4,0.7501492
LRPAP1,0.75011176
CWF19L1,0.7501052
DPY30,0.7500901
ARHGAP11A,0.75006723
IGFBP6,0.75006485
MAP3K3,0.7499856
FBXL12,0.74998343
GALK1,0.7499801
GNAI2,0.74997085
DISP1,0.7499671
COL1A2,0.7499362
INVS,0.74990606
MED22,0.7498836
ARHGAP12,0.7498795
FARSA,0.74985015
GTF2F2,0.7498027
EIF2S2,0.74966186
FTH1,0.74965674
MASTL,0.7496551
ARHGEF2,0.74962485
NR1D1,0.7496103
HSPB8,0.74958587
GTPBP1,0.7495663
ACACA,0.7495445
GNG5,0.7494592
ELAC2,0.7494547
GLI3,0.74940896
EOGT,0.7494063
CPSF3,0.74939835
GIGYF2,0.7493848
DNAJB9,0.749377
G3BP1,0.749363
CDK9,0.74931204
CTH,0.7492938
FKBP1A,0.7492677
DCP2,0.7492478
CLK4,0.7492421
KIFC1,0.74922156
DOCK4,0.7492136
KLHL2,0.7492045
IQGAP2,0.74918157
BCKDK,0.74914074
LARP4,0.74904925
IL4I1,0.7490223
HDAC10,0.74900573
AMPD3,0.74898607
HMMR,0.7489272
ACSL1,0.7489074
HEBP1,0.74886155
ERI1,0.7488513
IPO7,0.74884933
MAEA,0.74877113
FAM98A,0.7487606
COX10,0.7487205
BATF3,0.74870646
DPP4,0.748693
FBXW8,0.74866915
DCTN2,0.74866176
FXYD6,0.74865544
HEXA,0.7486548
COPS6,0.74864036
GINS3,0.7486302
IQGAP3,0.7485979
IL32,0.7485814
EIF3B,0.7485447
ATP8B2,0.7485369
DVL1,0.7485243
IFI30,0.7485066
ECH1,0.7484704
DHX16,0.74845827
GYG1,0.7484357
ACAP2,0.748372
FBXL19,0.74836826
HMGB2,0.74835926
ERGIC3,0.7483582
MTX1,0.748311
CDC14B,0.748296
DCAF13,0.74827427
ALDH1A1,0.748266
OPTN,0.7482562
DVL3,0.74823874
MTHFS,0.7482257
KCNG1,0.748205
MRPS23,0.74817884
EIF2D,0.7481299
LAMP1,0.7481145
ALG8,0.7480834
FTSJ3,0.7480631
G3BP2,0.74803394
COMMD8,0.7480115
B3GNT4,0.7479281
KDM5B,0.7479112
ANAPC1,0.7479109
AMDHD2,0.74788433
DDX54,0.7478677
HTATSF1,0.74786615
IMPA1,0.7478404
LMAN2,0.74781
FARP1,0.7478012
EFTUD2,0.7477445
HSPD1,0.7476942
HAGH,0.7476249
ING4,0.7476038
LIN7B,0.7475993
DDX20,0.74754983
CWF19L2,0.74749297
HSD17B12,0.74745363
EPC2,0.74740994
FAN1,0.747408
GBF1,0.7473989
CD200,0.74739355
GPANK1,0.7473934
HNRNPL,0.7473672
GYPC,0.7473483
GTF3C1,0.7473394
ACAD9,0.7473281
HK2,0.74732584
DHX37,0.74732524
HEXB,0.7473249
MMS19,0.74731076
JUND,0.7472759
ACVR2B,0.7471795
GTF3C4,0.74717677
LMNB2,0.7470773
HNRNPH1,0.74705255
C12orf66,0.74702764
GMEB1,0.7469913
ETFDH,0.74697864
IFIH1,0.7469751
HACE1,0.74695206
GSPT1,0.74695176
MAPK9,0.74693775
COL15A1,0.7469298
CENPT,0.74683475
FLOT2,0.7468295
COASY,0.7468211
ATG2A,0.7467263
HNRNPA1,0.7467199
DNAJC2,0.7466796
FGFRL1,0.7466731
FOSL2,0.74655694
HERC1,0.7464978
KCNK5,0.74648786
GLRX5,0.74648416
CEBPB,0.746482
LMTK2,0.7464558
ERGIC2,0.7464354
GMIP,0.74641305
ESRP1,0.746394
ACBD3,0.746309
LOXL1,0.7462996
DSP,0.74628484
DPH1,0.746253
ITPR1,0.7462463
FAH,0.74619925
HMGXB4,0.74617064
GARNL3,0.74615276
DHX33,0.7460792
GK5,0.74606085
LAMA2,0.74596363
HSD17B8,0.7458837
IGBP1,0.7458281
HSPG2,0.7458239
FBN1,0.7457906
FERMT2,0.74578094
MGST3,0.74577266
BLNK,0.74576706
ANAPC16,0.7457601
DNAJC9,0.74574345
FUCA2,0.74573755
LRRC41,0.74560213
EIF5B,0.7454746
KIF26A,0.74547124
INTU,0.74547106
BANP,0.7454676
ALG12,0.7453424
MAVS,0.74530727
GCC2,0.7453044
EIF4G2,0.74530065
HOXB4,0.74529755
COL5A2,0.7452885
DPH6,0.7452735
DERA,0.7452656
DYNLT1,0.7452095
GOLGA4,0.7451607
ITGAL,0.745121
FBXL17,0.7451209
INO80E,0.7450773
CDC5L,0.7450569
INTS10,0.74505615
IPO5,0.74502265
IP6K2,0.7449433
GDF15,0.74491185
KATNBL1,0.7448984
GLMN,0.74476236
HSPB11,0.744759
HNRNPD,0.7447488
KIF18B,0.7447331
DDX11,0.74472094
CPT2,0.7447006
LSM12,0.74468654
HLA-DRB5,0.7446525
GTF3C3,0.7446407
ANTXR2,0.74453634
HLA-E,0.7444931
CCDC93,0.7444659
IFIT3,0.74443173
HIPK3,0.74438184
ALG13,0.7443483
METTL3,0.7443463
LIN52,0.7442988
INPP5E,0.7442851
GINS4,0.7442404
ARHGEF25,0.7442179
GTF2E2,0.7441873
LIMK1,0.7441214
FBXO27,0.7441182
COL6A3,0.7440575
CDK20,0.74400294
MYH14,0.7439435
MICU1,0.7439379
BAG4,0.74390304
DCAF12,0.7438426
EIF2AK3,0.7438261
HNRNPA0,0.7438255
IWS1,0.74378234
GAK,0.74376655
EFCAB7,0.74375826
IRF5,0.7437566
EYA3,0.74372405
KXD1,0.74369514
HNRNPDL,0.74367
ILF3,0.74364924
COQ6,0.7435979
HEPH,0.74359465
LAP3,0.74356675
NR2F6,0.7435403
KIF18A,0.7435284
MLX,0.7434663
GCFC2,0.74345917
AGAP2,0.7434575
LRRC47,0.7434369
GOLM1,0.74342316
EMC4,0.7434168
KIF2C,0.7432363
HSPA5,0.74322116
IQSEC1,0.74320513
MAPKAPK2,0.7431999
INTS7,0.74314463
DUT,0.7431303
MXD1,0.74311084
IPO13,0.74304175
GGCX,0.74291635
HBS1L,0.74288154
ELMO3,0.7428608
GABPB2,0.7428508
GAPVD1,0.7428501
ECD,0.7427969
HAUS4,0.7427739
INTS3,0.74271935
ACADS,0.7426884
KDM4A,0.74268633
GLA,0.7426682
ECM1,0.74263793
HSBP1,0.7426306
LGALS9,0.7425949
GULP1,0.74240863
DDX1,0.74240303
COX6A1,0.7423822
ALS2,0.7423288
KANK1,0.74232787
DCN,0.74226433
E2F5,0.7422621
GPC1,0.742247
GAPDH,0.74222934
FMNL3,0.74222547
CHN2,0.7421903
FARP2,0.74217
HNRNPA3,0.7421255
HDAC6,0.742094
KIAA2013,0.7420861
DYNLL1,0.74208504
KDELR1,0.7420693
ACSL5,0.74205524
GART,0.7420143
COG7,0.74200577
IFT122,0.74200356
BLOC1S1,0.7419982
IFNGR2,0.7419703
LDLRAP1,0.741967
COL16A1,0.74194336
LPXN,0.7419271
GNAI3,0.7419194
LCMT1,0.74191475
HSPH1,0.7418904
FIS1,0.741877
DENND6A,0.74185795
HS2ST1,0.7418435
IFNAR2,0.7418417
ITGA6,0.7418325
HNRNPC,0.7418037
ACVRL1,0.74178123
LRIG1,0.74177504
GALNT7,0.74170375
FOXRED2,0.7416953
EIF4E3,0.7416837
BLOC1S4,0.741657
INTS8,0.74165314
DNAJA3,0.7416363
MAP3K8,0.7416282
EFNA3,0.74159616
MLF1,0.7415618
CPT1A,0.741544
EXPH5,0.74138
HMGB1,0.74135023
AKR1B1,0.74132764
HNRNPK,0.7412953
CETN2,0.741267
HELB,0.7412626
DENND4B,0.74122155
EXOC2,0.7411977
INSIG1,0.74118364
MBP,0.7411803
CTSB,0.7411719
MRPS31,0.7411434
GLRX,0.7411318
ETNK2,0.741129
KPNB1,0.74112207
BIN3,0.74111414
CD38,0.7411063
GEMIN6,0.7410968
FOXRED1,0.7410944
MEPCE,0.7410782
ITPK1,0.74107623
HSPA6,0.74106604
GNG12,0.7410506
HSPA12B,0.7408524
CAMLG,0.7408216
KLHL12,0.74081635
DOCK6,0.74081445
HNMT,0.740738
HIPK2,0.74072814
HMGN1,0.7407005
IVD,0.7406483
MAF1,0.7406408
IREB2,0.7406049
JMJD1C,0.74058527
MYLIP,0.74056166
FNIP1,0.74053437
ARHGAP11B,0.7404404
HLTF,0.7404344
NIT2,0.7403191
ARL4D,0.7403182
GTF2IRD1,0.74030876
EPB41L2,0.7403072
GPSM1,0.74025995
ACOT8,0.74021226
FOXK1,0.7401639
ALCAM,0.7401459
NMB,0.7401367
DYNC2H1,0.74012357
HSPA8,0.7401011
IMPA2,0.7400705
HCFC1,0.7399905
BAK1,0.7399901
HUWE1,0.7399874
FAM220A,0.7399597
EPB41L3,0.7399469
LIPG,0.73984814
CSTF2T,0.73983306
MAGI3,0.73976034
LRWD1,0.73972887
LAMA4,0.7397179
LLGL2,0.7397053
LAMC2,0.7396685
GOT1,0.7396363
IDE,0.73952085
CPSF1,0.7395019
HS6ST1,0.7395017
ABHD12,0.7394865
HEATR1,0.7394543
IFT46,0.7394543
EARS2,0.7394069
ABI3BP,0.7393755
BTN2A1,0.7393687
HNRNPM,0.7393175
HSD17B7,0.7393057
HECTD1,0.7392404
DNA2,0.7392389
PCDHB10,0.7392337
LTB4R,0.7391829
ADAMTSL4,0.7391133
HSPBP1,0.73909897
AOC3,0.7390315
KIF3B,0.73896605
CHFR,0.7389539
FKRP,0.73894477
DMPK,0.73892
KPTN,0.7389087
HLA-F,0.7388625
HEXIM2,0.73884237
ERMAP,0.7388365
CHCHD5,0.73881114
DCAF17,0.73878914
ACIN1,0.7386995
GORASP2,0.7386768
DNM1L,0.73866534
ME2,0.7385826
KLC1,0.738539
LEMD2,0.7385022
EXOSC7,0.7384858
CLDN1,0.7384655
DCAF11,0.7384625
CAT,0.7384441
IPO9,0.7384342
KANSL1,0.73841584
N6AMT1,0.73837274
ECHS1,0.7383295
LYPLA1,0.738315
KIF13B,0.7383042
ITM2B,0.738291
HLA-DMB,0.73824847
GLS,0.7381865
CMTM1,0.73816234
MCM4,0.73814654
LSM4,0.7381193
MPDZ,0.73811895
DHDH,0.7381082
IQCB1,0.7380837
FOXP4,0.73807573
LPL,0.73807037
HMGCS1,0.7380505
MZT2A,0.7380272
HLX,0.73801684
CHI3L1,0.73801595
ITGA3,0.7380103
HNRNPLL,0.73800147
HLA-DRB1,0.7379978
LTBP3,0.73794794
IRF3,0.73794097
HLA-DPA1,0.7379306
INO80,0.73789513
LPIN2,0.7378885
IMMT,0.7378661
CD5,0.7378212
ECHDC1,0.7378151
HADHB,0.73776484
HELQ,0.7377407
GCH1,0.7375693
KHDRBS1,0.73753345
LPGAT1,0.73750657
GBA,0.73747003
DHRS1,0.7374663
FAM120B,0.73745126
COPS5,0.73743963
AP4S1,0.7373289
GOLGA2,0.73730755
HSPB1,0.7373011
GFER,0.7372953
ITPKC,0.7372665
KHNYN,0.7372318
ALDH3B1,0.7372214
NDUFS3,0.7371697
AASDHPPT,0.737075
IFT81,0.73705226
ITGA11,0.7370286
ITGB2,0.73701066
EBNA1BP2,0.7369197
FBXO2,0.73691964
HPS3,0.7369135
MYO1C,0.73689884
MAGED2,0.7368932
ICAM3,0.73680145
JUP,0.7367429
GJA1,0.7367339
KRIT1,0.7367084
KANK2,0.7365922
CEP120,0.7365808
KPNA2,0.73654497
ANPEP,0.7364406
FNBP1L,0.73643494
LCP2,0.73642904
LAMB1,0.73642313
HLA-DPB1,0.73635966
GNA14,0.736347
LGMN,0.73625654
CXCL14,0.73625565
CYP27A1,0.7361768
FANCB,0.7361739
GTF2E1,0.7361105
GRK6,0.7360618
AIFM1,0.73604244
ACOT4,0.73596245
KIF22,0.73592854
LAS1L,0.7358982
KIF11,0.73587
FLRT2,0.73581797
GAN,0.7357614
COX17,0.7357349
HMG20B,0.7357242
COL8A2,0.7356926
MAPKAPK5,0.7356746
IGF2R,0.73564017
LYAR,0.73563766
FBXL22,0.7356349
ESD,0.7356199
IL20RB,0.735589
LYPLA2,0.73557454
CACNA1C,0.73554635
GNPTAB,0.73554415
GNAL,0.73552203
LPCAT1,0.73551893
CYP2R1,0.7355071
LDHB,0.7354977
B3GALNT1,0.7354576
GPR183,0.735415
GDI1,0.7354138
ACOX1,0.7353892
MAML3,0.73538274
GYS1,0.7353723
MMP11,0.7353109
HNRNPH3,0.73530626
CYB5R4,0.73529464
ISYNA1,0.7352805
CFL2,0.73526376
KCTD1,0.73521054
MCM10,0.73520285
FUT8,0.7351757
IPO8,0.73513913
GNPDA2,0.7351288
CLDN15,0.7351216
ESF1,0.73508656
ITSN2,0.73505723
KANSL2,0.73504186
KRBA1,0.73503625
KPNA5,0.7350354
ENOPH1,0.73494744
ABLIM3,0.73494387
INCENP,0.7348948
FMN1,0.7348853
EAF2,0.7348814
IFT52,0.7348473
ITPR3,0.7348356
KCNMA1,0.7348204
HSPA1A,0.7348181
LONP1,0.73480815
NEU3,0.73477525
KCTD6,0.7347682
JMY,0.73475784
FBXL3,0.73461074
LRP8,0.73459893
ITGA1,0.7345532
ITGA2,0.73455
CRELD2,0.73450637
LRRFIP1,0.7344649
PPIL6,0.73446023
HOXB7,0.7344518
LUC7L,0.7344508
CYTH2,0.73442036
CITED2,0.7343787
ACAA2,0.7343277
IFI16,0.7343084
CX3CL1,0.73428226
MYO9A,0.7342326
ABCF3,0.73422086
MAGT1,0.73421407
IL4R,0.7341969
IRF2BP2,0.73417944
CLEC2B,0.7341214
DNAJC10,0.7341024
ATP6V0B,0.73403156
CHMP4A,0.73399055
MPZ,0.7339832
MED26,0.73397034
NR2F2,0.7339555
ELMO1,0.7339351
LINGO1,0.733913
CRY2,0.73389256
FLOT1,0.73388463
HECTD3,0.7338449
ITGB1,0.7338438
L3MBTL2,0.73384196
IL15,0.73383486
KIF21A,0.73380214
HM13,0.7337939
ABCD4,0.7337896
KRT18,0.73378575
COQ3,0.73377895
IL2RG,0.7337605
KIF5C,0.73372877
EIF2A,0.73372793
ACADM,0.73370206
HSPA9,0.7335416
DLL1,0.7334592
KCND1,0.73336995
DMTN,0.7333649
FNTB,0.7333331
LSM7,0.7333284
FBXO25,0.7333017
CDH5,0.73328316
ERLIN2,0.7330924
DOLK,0.7330594
ENO2,0.73304266
MCAT,0.73303103
INTS5,0.7329967
ALG9,0.73299
KIF15,0.7329776
FBXL2,0.73295784
INTS12,0.73285055
IK,0.7327678
ACAP1,0.7327648
HGSNAT,0.73273635
MAML1,0.73262876
CBX2,0.7325827
JDP2,0.7325761
MUC3A,0.7325658
ACO1,0.7325339
LAMTOR4,0.7325165
LDB1,0.7324353
ARHGEF15,0.73243517
ATG16L2,0.7323949
EFNB3,0.73239017
ABCE1,0.73237264
DENND1B,0.7323325
KIF1B,0.73225856
MOV10,0.7322383
BIRC2,0.73221886
LAT2,0.7321779
INPP5B,0.7321347
ABI2,0.732091
DNAJB14,0.7320393
KDM4B,0.7320299
MAN2A1,0.73198676
MRPS2,0.7319354
ACP2,0.7319181
GEMIN2,0.7319005
DUSP1,0.7317743
NAGLU,0.73174965
GLCE,0.73172355
MRPL17,0.73169523
ENTPD4,0.7316322
IBTK,0.73163086
GEMIN5,0.73163056
GAR1,0.7316232
HNRNPU,0.7316212
ADAM23,0.7315557
ABLIM2,0.7315001
HK3,0.73146385
DECR1,0.73146003
ATG16L1,0.7314024
HAUS1,0.7313348
ING3,0.7313188
ABCB4,0.7312897
GTF2F1,0.73128855
NDUFS7,0.73121995
ACO2,0.73121333
IGFBP4,0.73115134
APOBEC3G,0.7311487
ITGBL1,0.7311355
KIF3A,0.7310873
ALG1,0.7310521
MTMR3,0.7309801
DNAJA4,0.73097575
GSTM3,0.7309407
A1BG,0.7308767
APOO,0.73085463
DDX51,0.73082745
MRC2,0.730821
ITFG2,0.73081964
LDLR,0.7308093
MAMLD1,0.73078936
KNTC1,0.7307841
IL18BP,0.7307751
DNASE2,0.7307595
DPH2,0.7307109
LOXL3,0.73068416
DFFA,0.73068243
MKKS,0.7306479
GUF1,0.7305662
LSAMP,0.7305661
DENND1C,0.7305613
KLHL9,0.7304838
MCMBP,0.73046464
CEPT1,0.73037595
GRPEL2,0.7303352
COPZ2,0.7303199
HOXB6,0.73028857
ABCA7,0.73025835
C9orf72,0.7302301
MFAP2,0.73022765
DDX50,0.7302014
ACER3,0.7301533
ITCH,0.7301503
APBA3,0.7301234
ALG11,0.7301205
MXRA8,0.73010033
MTMR9,0.7300902
F2R,0.7300663
IMP4,0.73005223
IARS2,0.7300367
GSK3A,0.7299771
FBXO6,0.7299408
CIB2,0.7299039
ABCA2,0.72977036
LGALS3BP,0.72971636
DTX3,0.7296921
GUSB,0.72967273
CYP7B1,0.72964096
FBXO8,0.7296005
FUZ,0.7295787
G6PC3,0.7295318
ABCB6,0.7295273
HIPK1,0.7295244
IL1RAP,0.7295108
ABI3,0.72947955
AARS2,0.72947043
CHCHD10,0.72944504
ABCF2,0.729406
IFT27,0.72932285
MYL6,0.7293055
LGR4,0.7292804
MTA2,0.7292353
ISY1,0.7292049
ATPAF1,0.72916913
MAP2K5,0.7291623
IFI44,0.7291089
MBOAT2,0.7290828
FZD5,0.72901475
AASS,0.7289657
ABCG1,0.7288898
AATF,0.7288792
ABCA1,0.7288522
GPNMB,0.7287488
IFT74,0.7287485
AASDH,0.7286838
GIT1,0.7286726
FCHO1,0.72865456
CD96,0.7286351
HSPA4,0.7286211
ABCC1,0.7286084
GNE,0.7285986
MACF1,0.7285852
AAK1,0.72856283
ABCC3,0.7285605
KLHL25,0.7285391
LPIN1,0.7285232
AACS,0.7285098
ASB13,0.72846055
MBOAT1,0.728334
AAMP,0.72831047
CSPG4,0.72831017
HAUS2,0.7282989
AP5M1,0.7282611
LRP10,0.72826064
NEDD8,0.7282184
ELK1,0.72814757
DTNB,0.7281067
KPNA6,0.72807765
ARSD,0.7280581
NFYB,0.72799045
HES4,0.72796637
HIF1AN,0.7278466
KRT7,0.72781813
MAD1L1,0.7278044
GPR180,0.7277978
ORC6,0.7277529
KLHL5,0.7276593
CUL2,0.72762626
EXOC6,0.7276257
MRPL51,0.7275898
HOXA7,0.7275634
KLHL20,0.72756034
BTN3A1,0.7275479
GSPT2,0.7275192
MGAT5,0.7274789
ABCD3,0.727425
MAP3K2,0.7274102
LSM14B,0.72739506
LSM11,0.72735476
AAAS,0.72729415
HMOX2,0.72726625
MRPL33,0.7271748
HYOU1,0.7271617
CUL4B,0.72716165
LARS2,0.7271474
HMBS,0.7271464
COMMD2,0.7271328
KCNJ15,0.7271308
METTL4,0.7270125
LRRC8D,0.72695774
FCER1G,0.7269272
OPRL1,0.7268985
ITGB5,0.72689086
MDFIC,0.72688967
JUNB,0.72686553
NDUFA6,0.72685575
CUL7,0.72684264
FJX1,0.72679526
ACTA2,0.7267784
IL16,0.7267407
GGT7,0.7267194
BDKRB2,0.7266235
GTF2H3,0.7266167
INPP5F,0.7265917
GTF2A2,0.7265846
ADAM9,0.7265327
DCUN1D2,0.72651714
LRIG2,0.7263114
KCMF1,0.7262468
ADCY6,0.7262054
FZD2,0.72620356
MAPK8IP1,0.7261382
MAP4K5,0.7261325
B9D1,0.7261323
MRPS11,0.7260997
KCNMB4,0.7260896
COG2,0.7260803
ADH5,0.7260563
MKLN1,0.72605
MED29,0.72602993
LTBP4,0.72601473
LIMA1,0.72597164
IMPDH2,0.7259685
METAP1,0.7259583
CEP290,0.72588474
GSDMD,0.7258676
FKBP15,0.7258103
GTPBP10,0.7257675
GNS,0.72574013
LBR,0.72571546
EID3,0.72569877
MGST1,0.72569096
KIF3C,0.725677
MRPL2,0.72566116
AK9,0.7256554
IVNS1ABP,0.72564256
LAPTM5,0.72560775
L3MBTL1,0.7255812
MAN1A1,0.72556806
LAMB2,0.7255532
ICAM1,0.7255435
KIF1C,0.72550696
KPNA4,0.72547626
GALNT12,0.7254439
CXCL10,0.7254387
COX18,0.72540206
LAMC3,0.7253359
NUDT9,0.72531307
ASB7,0.7252828
MEGF8,0.72528255
IPPK,0.72523814
NECAB3,0.7252335
MAP4K1,0.72496694
ALDH4A1,0.7249517
NAGK,0.7249474
DFFB,0.724866
C15orf48,0.72483265
LSS,0.724832
MBNL1,0.7248167
AQP3,0.7248123
KPNA3,0.7247636
NAF1,0.72474295
FBXL14,0.72465175
MED9,0.72462916
GRHPR,0.7246081
ILK,0.7245809
ACTR1B,0.7244298
MRAS,0.72441995
DONSON,0.72439796
LYPD6,0.72436744
ATG3,0.72431576
LYRM4,0.7242996
LPIN3,0.7242765
KRI1,0.7242699
ICAM2,0.7242577
IGFBP7,0.7242574
HMOX1,0.72425234
CD247,0.72422564
MVD,0.7242087
LMO7,0.7241819
GLYCTK,0.7241475
INTS4,0.7240805
MNAT1,0.72407633
FZD4,0.72407204
LSG1,0.7240661
APLF,0.72401655
METAP2,0.7240008
GPN1,0.7239726
ADM,0.72397006
LTBR,0.72396785
KIF20A,0.72393113
PIK3R6,0.72389793
CCNDBP1,0.7238793
ADAM22,0.72381425
HERC3,0.72377354
MLYCD,0.7237603
MRPL53,0.7237285
LTN1,0.7236386
NAA25,0.7235863
HECA,0.72355264
GPR89A,0.72348595
GON4L,0.72347575
MAP2K7,0.72342235
LAMC1,0.72339016
EXOSC4,0.723385
KDELR2,0.7233269
COPS8,0.72328967
ACTL6A,0.7232629
KIF23,0.7232601
KMT2E,0.72325635
CAPN5,0.723249
LGALS8,0.7232334
IKBKG,0.7232123
ARL4A,0.72321117
KLHDC3,0.72319245
MPDU1,0.72317755
IDUA,0.72314006
MYO9B,0.72312844
PDLIM7,0.72312343
FRK,0.7231128
GNB2,0.72310215
CUL5,0.723043
GALK2,0.7230422
E2F6,0.7229984
ARSB,0.7229956
ALKBH3,0.7229287
MFN2,0.72292024
LMO4,0.7229135
ME1,0.7228979
HADH,0.7228883
CARD10,0.7228563
AGL,0.72283816
KCNS3,0.72283775
MRI1,0.7226556
ERN1,0.72262377
MTDH,0.7226088
MAP1LC3B,0.7225562
NUS1,0.7225033
MAPK11,0.7224661
MYH10,0.7223584
CHMP2B,0.7222879
IFT80,0.7222838
ALPL,0.7222755
FBXO45,0.72222084
MRPL19,0.72191584
MRPS6,0.7219156
GNL3,0.7218729
MDK,0.72186846
MCM2,0.7218666
HOMER1,0.72186446
METTL21A,0.7218619
B4GALT3,0.7218273
MRPS35,0.7217884
CCDC97,0.72177243
MIF,0.7216937
KIF13A,0.7216897
FEZ2,0.7216265
DHPS,0.72157586
FZD1,0.7215288
OSBP,0.721524
MED25,0.7214631
MTIF2,0.7214381
HYLS1,0.7213848
KCNJ14,0.72127825
IRF2BP1,0.72123003
LPCAT3,0.72114223
GABPA,0.72104
LMNB1,0.72099006
CASP10,0.7209887
MPP5,0.72087866
MTIF3,0.72082824
PHAX,0.7207483
ITGB3BP,0.72072077
GALNT18,0.72068614
DYNC1I2,0.7206686
KHSRP,0.72049344
NLE1,0.72047305
MANF,0.72041345
METTL22,0.72039574
IDH3B,0.72037894
MRPS24,0.72037274
GINS1,0.72034425
NUMB,0.7203428
KIF20B,0.7203007
NMT1,0.7202994
LUC7L3,0.7202424
FMO4,0.7201865
NUDT5,0.7201468
MEF2A,0.72012025
INPP5K,0.7199619
MSMO1,0.71992534
ENPP1,0.7199106
DYSF,0.7199042
LAMA5,0.71987814
MPHOSPH10,0.7198773
L3HYPDH,0.71984524
LRSAM1,0.71982783
C1GALT1C1,0.71981764
GRAP,0.7197999
MRPL55,0.71979576
IFT172,0.7197134
KIF2A,0.7197131
GAA,0.71970856
MARK2,0.7197048
KALRN,0.71969205
MAPK14,0.719656
COLQ,0.71965194
IPMK,0.71964824
MRPL28,0.7196128
BMI1,0.7196105
MBTPS2,0.7195712
IFT20,0.7195571
KIF17,0.7195009
GADD45GIP1,0.71949846
LEPROT,0.719455
GMPPB,0.7194284
KCNAB2,0.7193996
INIP,0.7193956
KLHL3,0.7193176
MAST2,0.7192968
EHMT2,0.7192412
FAM111A,0.7192195
MYLK4,0.71921825
NOL6,0.71918523
MSL2,0.7191821
NDUFB4,0.7191798
ANO7,0.71915907
MARK3,0.71914387
MEIS2,0.7190423
KLHL11,0.7190338
MAPK8IP3,0.7190335
HECTD2,0.7189999
IMP3,0.71898973
NOP16,0.71898896
FOS,0.71892214
CLIC2,0.7189031
HAUS5,0.71889997
NSMCE2,0.71879625
BAIAP2,0.7187502
NDOR1,0.7186712
KIDINS220,0.7186221
MCUR1,0.71859795
MCM7,0.71859413
NR1D2,0.71858776
FEZ1,0.71853095
GPAM,0.7185297
MDH1,0.71851265
CREB5,0.7183503
IL11RA,0.7183017
LRP1,0.71824473
APH1B,0.7182089
MGAT2,0.7182016
MANBA,0.7181215
CHKB,0.7181044
MAPK12,0.718079
GNPTG,0.717953
KRT80,0.71795243
APRT,0.71783185
IL2RB,0.71782637
HPS6,0.7177639
CUBN,0.71775687
NES,0.717637
NDUFS6,0.71755546
NDUFV1,0.71747416
MTM1,0.7174624
MSL3,0.7174415
FHL1,0.7173296
MRPL45,0.7172899
ODF2,0.71726495
ADSL,0.7172413
MTMR14,0.7171311
NCAPG2,0.7170922
MRPS12,0.71706825
MYO6,0.7170652
MYO15A,0.717053
MED21,0.7170224
NCOA6,0.71700245
FCGR2A,0.71697307
KIF4A,0.7169708
MAD2L1,0.71680033
MCM5,0.71674305
NELFE,0.71673495
NRF1,0.71673185
HPS5,0.7167301
DOCK11,0.71672374
MKRN1,0.71652454
MPHOSPH6,0.7165215
FPGT,0.71646506
MRPS27,0.7164533
MADD,0.7164484
MED19,0.71643347
DCHS1,0.71638036
MBTD1,0.71631825
NANS,0.71631736
NSUN4,0.71626616
KLHL21,0.7162331
LIG1,0.716232
NDUFAF1,0.7162141
MAP4K3,0.7161262
LMAN1,0.71606153
MOCOS,0.71604013
HACL1,0.7160232
LFNG,0.7160223
MCM3AP,0.7160191
FBXO4,0.7159682
MFGE8,0.71596193
LTBP1,0.71587765
IQCE,0.7158467
MTMR7,0.7155836
LRRC49,0.71557707
MPRIP,0.71554816
LPAR2,0.7155327
MTHFD1,0.7155311
NEIL2,0.71552163
LIPA,0.7155051
ENGASE,0.7155003
MRPL50,0.7154943
MFHAS1,0.71538883
LEMD3,0.71538067
NUDT12,0.71537113
CCR1,0.71527404
EIF2B4,0.715271
MX2,0.71527016
ME3,0.7152387
NEK9,0.7152238
PAK4,0.71517026
EAPP,0.71515286
NADSYN1,0.7151194
DGKE,0.7150694
MRPS22,0.71504927
KDM3B,0.71504116
GPN2,0.71500516
NDUFA1,0.7149518
MATR3,0.7149514
MRPS15,0.7149396
MAN2A2,0.71493304
MBIP,0.7148334
MCTS1,0.7148257
MIF4GD,0.7148043
MAN2B1,0.7145985
HCCS,0.71449935
IRF2BPL,0.7144843
DNAAF2,0.7144779
LCLAT1,0.7144113
PDK3,0.7143857
KIF7,0.7143823
DNAH1,0.7143683
PANK1,0.7143055
PCCB,0.71429485
MBOAT7,0.71421915
MDC1,0.7142032
MATN3,0.71419734
MAP1B,0.71414036
DHRS3,0.7141216
MAFK,0.71411616
FLNC,0.7140929
MAT2A,0.71404517
NUP37,0.7140038
MED6,0.71398705
NUDC,0.7139667
MRGBP,0.7138306
MRPL48,0.7138248
NUP88,0.7138024
MED24,0.71378934
MAN2C1,0.7137708
CDKN3,0.71375394
NASP,0.7136586
CCNYL1,0.7136282
MIEF1,0.7136215
NDUFAB1,0.71361905
CDKN2AIP,0.71359193
NKIRAS2,0.71356875
KDM1B,0.7135266
MRPL37,0.7134597
B3GNT7,0.71339744
INO80D,0.7133903
LPCAT4,0.71332663
MTA3,0.71327174
MAPRE3,0.7131867
INO80B,0.71318096
KIF14,0.71314573
OAS1,0.7130822
MGLL,0.71297336
MRPL11,0.71296877
MIS12,0.7129682
BUD31,0.7129466
CD180,0.7129158
NOM1,0.71286005
PUS3,0.71283156
MCCC2,0.71280015
ECE2,0.7127684
IDH3A,0.7127332
CRY1,0.71271247
MBD5,0.7127007
DERL2,0.7126239
NAA35,0.71260697
KMO,0.7125485
MOK,0.71248716
MAPK6,0.71247184
KRT10,0.7124042
BFSP1,0.71237373
MYBL2,0.7123639
MRPS10,0.7122877
KRBOX4,0.712242
MKNK2,0.71223664
KIAA1549L,0.71214634
MFAP3,0.7121439
GATC,0.7120439
H6PD,0.7120258
MBD3,0.71201754
MBTPS1,0.7120138
LIN9,0.7120074
IPP,0.7120074
NEIL1,0.7119901
MLST8,0.7119421
MTMR12,0.7119387
NUBP2,0.71188825
CEP76,0.71187913
NCK1,0.7118775
KLHDC2,0.71185833
EXOSC8,0.7118378
COPS4,0.71183693
FOLR2,0.7118314
MLXIP,0.71182376
CTBS,0.71181214
MPC1,0.7117899
MFN1,0.7117881
MED14,0.71176463
NOSIP,0.711764
NCAPH2,0.71176255
IL6R,0.7116099
NUDT16,0.71156734
MYL12B,0.71155626
POLR2K,0.7114858
IL17RD,0.71143484
MED16,0.71142703
PLCH2,0.7114137
IRAK1,0.71137834
GNLY,0.7113253
LIG3,0.7113241
NBR1,0.71131915
NPC1,0.71120083
MED27,0.71113765
NAPA,0.7111373
NBAS,0.7111118
LSP1,0.71106297
NCAPD2,0.71105605
PAGR1,0.7110477
FCGRT,0.710992
MED28,0.7109812
MEX3C,0.71097153
FZD7,0.7108369
IKZF4,0.7108121
KLC4,0.7107216
EXOC3L1,0.71067244
NNT,0.71064687
LRR1,0.7106406
MRPS9,0.71057636
NAA16,0.7104972
NAP1L4,0.71044177
MYCBP,0.7103828
MFAP1,0.7103702
MED15,0.7103306
MRPL35,0.71028256
LIMS1,0.71023977
NDUFS8,0.71022075
LSM3,0.7102139
PFDN5,0.7101506
IL2RA,0.7101453
CBR4,0.7100463
FBP1,0.7100374
PACS2,0.7100035
NR3C1,0.7099214
MCM9,0.7099137
HDAC9,0.7098591
PPIE,0.70985395
NFATC4,0.7097916
MAGOH,0.70973563
MRPS21,0.7096806
LIN54,0.70964074
MDN1,0.70956045
RSAD2,0.70954645
NME6,0.70952284
LRCH1,0.7093995
CTHRC1,0.7093008
ITGB1BP1,0.709256
MRPL27,0.7091679
LRP12,0.70913094
BBS7,0.70910734
MAP3K4,0.7090838
MAPRE1,0.7090785
MOB2,0.7090267
MOB1A,0.7090249
LMAN2L,0.7090064
KATNB1,0.7090028
MYO10,0.70899755
NDUFB5,0.70896566
PLCD3,0.70891124
FUT4,0.7088995
NMRK1,0.7088278
HAUS3,0.70880586
LIN7C,0.70875436
NHP2,0.70875376
PTCD1,0.7087378
MAPK7,0.7087172
ITGB7,0.70865744
ELOVL7,0.70858675
NFKB1,0.70857835
MGAT3,0.70851827
ID2,0.70841986
PTPN22,0.7084138
CYP39A1,0.7083709
LSM2,0.7083585
NSUN5,0.7083199
FBXO32,0.70831215
EPHB6,0.7082872
MCC,0.7082424
MRPL30,0.70821476
MON1B,0.70819354
MOB1B,0.7081569
KHDRBS3,0.7081499
MLEC,0.7081141
MCU,0.70805275
MIEN1,0.7079484
ORC2,0.70787144
OXNAD1,0.7078706
MRPL44,0.7078178
NUP50,0.7077503
FUT2,0.7076843
NMNAT2,0.70766866
MEIS1,0.7076596
NECAP2,0.7076491
NAA38,0.7076457
CXCL1,0.70758474
NIPSNAP1,0.70755285
GSDMB,0.7075187
MAN1B1,0.7075147
MMADHC,0.7074331
PFDN6,0.70741975
MINK1,0.7073432
NGLY1,0.7073226
MBD2,0.7073102
MGAT4B,0.70730716
MAP1S,0.7071923
PAFAH1B3,0.7071845
NUBP1,0.70717067
NDUFV2,0.7071482
NFIX,0.7067809
ORC3,0.70677227
MRPS34,0.70677227
KCNIP4,0.70663095
NOL9,0.7064662
NTAN1,0.7064123
MAP3K5,0.7063858
MTR,0.7063158
KCNJ2,0.7063126
NT5C3A,0.70627815
MCPH1,0.70627254
E2F2,0.7062307
MTX2,0.70615566
NME4,0.70611787
GTPBP3,0.7060632
MYL6B,0.70605356
NAA40,0.70597607
MSRB3,0.70586336
MRPL20,0.7057487
KLHL42,0.7057424
OS9,0.7056361
NSUN2,0.7056109
MAN1A2,0.7055617
NDEL1,0.7055581
NELFCD,0.7055491
NAT10,0.70553035
LIMD1,0.70552266
MAFG,0.7055001
NDUFAF6,0.70544994
KCNMB3,0.7053783
LIG4,0.70535195
MALSU1,0.7052975
OSBP2,0.70529675
HOXA10,0.70521456
LONP2,0.705151
GAS8,0.7048942
MAT2B,0.7048691
OSTC,0.70483834
LEPR,0.70479584
NFYC,0.7047055
MTMR2,0.7046346
MAGOHB,0.7046222
PAK1IP1,0.70462084
PDE12,0.70461917
NAB1,0.7045833
NCAPG,0.7045802
MRPL34,0.7045626
OTUB1,0.7044929
FZD8,0.70448804
LAMA3,0.70441854
GPN3,0.7044033
PHACTR1,0.7043845
MCM3,0.7043201
ASB8,0.7042797
PAXIP1,0.7041719
DISC1,0.70411974
NOMO2,0.7040876
NDC1,0.7039482
MEAF6,0.70386523
NMD3,0.703858
GALM,0.7038047
GFI1,0.7037863
MLKL,0.70378214
GMPR,0.7037814
LIN37,0.70377016
LOXL2,0.70374584
MGRN1,0.7037041
DUOX1,0.7036923
PELP1,0.7036916
NHS,0.703647
KRR1,0.7036352
MTUS1,0.70362115
KRT19,0.70360005
HES1,0.70358694
MTHFD1L,0.7035611
NUDT21,0.7034932
ORAI2,0.7034684
MZT2B,0.70340455
PPP1R15B,0.70339733
MZT1,0.7033775
BMP4,0.70329034
MZF1,0.7032643
NSMCE4A,0.7032389
NDUFB1,0.70316297
NEO1,0.70315653
CLCF1,0.7031086
NDUFA10,0.70309687
DGKQ,0.70303875
MMS22L,0.7029518
MORC2,0.70292133
HYI,0.702903
IRAK2,0.7029003
HHAT,0.7028677
MYCBP2,0.7028672
GAS2L1,0.70278114
NME2,0.70273155
PSMB6,0.70261014
KBTBD6,0.70256466
NOP9,0.7025501
IRF7,0.7025445
NAGPA,0.70246744
CLN3,0.70242053
FBXL7,0.7023912
HPS4,0.7023504
MRFAP1,0.7022518
NLRP1,0.702246
LLGL1,0.70219994
MRPL10,0.7021092
GSTM2,0.7020991
NAA60,0.70206875
MICA,0.7020604
MRTO4,0.7020529
GKAP1,0.70183396
MED7,0.7017902
MCRS1,0.70176834
GPR68,0.7017617
PCYT1A,0.7017098
EDNRA,0.70163906
P2RY6,0.7016181
IRAK4,0.7015759
KIF26B,0.7015245
MBD1,0.7015111
NDUFS1,0.70148844
MAP2K6,0.7014771
MAPRE2,0.7014713
OSBPL1A,0.7012458
GIPR,0.7010659
MRPL49,0.7010001
MX1,0.7009218
CTSF,0.70089936
RPL26L1,0.7008563
NR2C1,0.70085436
KIFAP3,0.7008464
NDUFB10,0.7007551
NR2C2AP,0.7007547
NUFIP1,0.70074546
MAU2,0.7006881
DOK2,0.70068675
PKP3,0.7006608
MR1,0.70065975
NT5C3B,0.70065147
NUDT19,0.70061207
MFSD12,0.7005353
LAMTOR3,0.7004456
NAPG,0.7004388
OCRL,0.7003197
MRPS5,0.7002802
ITGB4,0.70025814
GATM,0.7002257
NDUFA3,0.7002098
MIA3,0.70006835
PREX1,0.7000339
PERP,0.70001864
COL6A1,0.69996494
OAZ2,0.6999466
PHB2,0.69994634
MORF4L1,0.6999058
MED13,0.69986403
MRPL16,0.69974494
NR6A1,0.6997235
NDUFA11,0.6995765
NVL,0.69957054
NEDD4L,0.69956356
MSL1,0.6995241
OSTM1,0.6994758
DSC2,0.69941896
MUS81,0.6993322
KLC2,0.6993188
MFSD10,0.6992815
NDRG2,0.69923073
PLCB2,0.6992095
FBLN5,0.69920415
NRP2,0.6991506
POLR3GL,0.69914913
KCNQ1,0.69905066
MRPL22,0.6990341
HOMER2,0.6989496
PSMC1,0.698832
NUB1,0.6988086
MRPS18A,0.6987846
PHF5A,0.69869804
MAP4K2,0.6985923
PARK7,0.6985365
NFATC1,0.69851303
NOC2L,0.6984013
FAM160A2,0.69839764
NAA50,0.6983415
MPI,0.6982034
NDUFS2,0.69813067
OTUD5,0.698123
MRPL46,0.69806486
LXN,0.69798404
FECH,0.6979708
NACC1,0.69796455
MRPS26,0.6978937
NAE1,0.69787276
POLRMT,0.69787
LRRC40,0.697852
GDAP1,0.69780433
CHMP6,0.69768304
MPG,0.697663
CD6,0.6976529
PAIP2,0.6976503
EME1,0.6976095
MRPS30,0.69758266
NDUFAF5,0.69756573
NUFIP2,0.69755477
NUDCD3,0.69750595
NDUFB8,0.6974887
HRH1,0.69746554
NDUFA12,0.69746286
PDPR,0.6974064
IL17RA,0.6973004
LY86,0.6971309
HSPA4L,0.69711363
MSRB2,0.69705415
MRPS16,0.6970314
CCNE2,0.6969846
MTF2,0.69695306
HEXIM1,0.69691706
MAP2,0.69685775
MTA1,0.69684124
NFE2L1,0.69677144
METTL7A,0.69671446
NOLC1,0.6966644
DDHD2,0.6966342
NEK1,0.69649893
CASP6,0.6964554
LZTS3,0.6963532
NPM3,0.69633937
MRPS7,0.6963392
PARD3B,0.69633746
GGT5,0.69632334
NRBF2,0.6962856
NAP1L1,0.69614774
NUTF2,0.69610834
DENND2D,0.69598645
PGM2,0.6959359
NDE1,0.69583243
NCL,0.695801
NPC2,0.69575053
PCDH1,0.6957326
LYPD3,0.6957063
NADK2,0.6956078
MELK,0.6955992
NDUFB9,0.6954563
CIDEB,0.69541013
PHKA2,0.6954035
CBR3,0.69539636
PCCA,0.6953432
KRTCAP2,0.695328
IL17RE,0.6953091
GBP5,0.6953001
PNPLA6,0.6952607
PYGL,0.6952512
PCBP4,0.6951753
PFKFB4,0.6951683
NRBP1,0.69509405
PFKM,0.6949654
MYL12A,0.69496083
NFATC3,0.69495034
ODC1,0.6949354
MFF,0.6949133
BRF2,0.6948915
MRPL3,0.6948173
PEX2,0.6947301
NAA15,0.69466984
MATK,0.69457954
PRPF4B,0.6945672
NIPA2,0.6945228
CLUAP1,0.69449043
PABPC4,0.6944577
HIP1R,0.6943295
MRPS18B,0.6942494
PRPF38A,0.694182
PDE7A,0.6941673
MYADM,0.6940792
PCNT,0.6940569
PARP4,0.69404525
F5,0.6940074
MT2A,0.69398856
JOSD2,0.6939253
FBXO15,0.69386065
MOCS2,0.69385517
NDUFAF2,0.6938142
PCGF3,0.69379336
POLH,0.6937657
MTMR1,0.69372386
METTL14,0.69362384
MCF2L,0.69355947
PNO1,0.6934916
MAFF,0.6934091
KDM8,0.69339055
NUP160,0.6933787
PAQR5,0.69337744
IL18R1,0.6932264
NFU1,0.6931902
OAZ1,0.69313776
NPNT,0.6930219
HSPA1B,0.6929509
INTS1,0.692898
PAICS,0.6928674
PITPNA,0.69283223
PEX1,0.6928173
OPHN1,0.6927692
NDUFA4,0.692669
GK,0.69266355
FRS3,0.69263136
QDPR,0.6925231
NEK6,0.69249225
DUSP6,0.6924578
NHEJ1,0.69239247
PEX16,0.6923421
NLN,0.69233274
PCYT2,0.69230413
HSPA1L,0.692274
POM121,0.6921827
BNIP1,0.69217825
INO80C,0.6921704
NCKAP1,0.69215506
RPP25L,0.6920436
ISCA2,0.6920307
PHC1,0.69198865
NDST1,0.6919801
DPP7,0.69194734
MEMO1,0.6918857
PFDN2,0.6917952
PHYKPL,0.69177586
NSDHL,0.6915936
PSMF1,0.6915077
OMA1,0.69147885
RAB18,0.6914748
PPP1CC,0.6914393
HSD11B2,0.69143546
KCNC4,0.6913459
NDUFS4,0.6912932
MICU2,0.6910979
NIPBL,0.6910137
PANK2,0.691
LSM10,0.69097626
PDSS2,0.6909561
NUP188,0.690845
LRRC4B,0.6907609
EPHX2,0.69074494
POLR3G,0.690707
GOLGA1,0.69066554
PIH1D1,0.6906165
LNX2,0.69052726
MYLK,0.6905125
NUDT16L1,0.6905065
GLDN,0.6904993
EPHB3,0.6904915
PANK3,0.6904485
NCKAP1L,0.6904339
DALRD3,0.69040954
PDHB,0.6903874
NFX1,0.69038576
NPR1,0.69038504
OXCT1,0.6903462
NAA10,0.69027424
PACSIN3,0.6901911
OXSR1,0.6901831
NFKBIZ,0.6901405
PTGFRN,0.69008297
NEK7,0.69006467
PABPN1,0.6900004
EPB41L5,0.68997735
PGRMC1,0.6899247
MAN2B2,0.6899083
DYRK1B,0.68984467
MED20,0.68977326
NID1,0.68972445
NKIRAS1,0.6896115
NOP10,0.6895787
NEU1,0.6895508
ITGA5,0.6894746
MYO5B,0.68939954
PGP,0.6893803
RNF135,0.6893389
OBSCN,0.689271
PLCB3,0.68924814
MCM8,0.6891458
POLR2D,0.6889227
NCAPH,0.6889194
JMJD6,0.68891335
IL17RC,0.6888745
PCID2,0.6888221
NDN,0.6888085
PCBD2,0.6887788
NOP56,0.6887562
MED17,0.6887483
PDXDC1,0.68865734
PLP2,0.6886047
NDRG3,0.6885208
PIK3R5,0.6882555
HTRA2,0.68809664
MED23,0.6880909
POLR2B,0.6880869
MPP6,0.6879712
NRIP1,0.68794334
MIS18BP1,0.68793154
PLA2G4A,0.68789226
IL10RB,0.68786615
LONRF1,0.6877419
NCBP2,0.6877392
NUP107,0.68770695
DNAH5,0.6875771
NUP205,0.68750304
CYP2U1,0.68748295
C6orf120,0.68744946
PGAM1,0.6874449
PEX13,0.6874224
MRPL24,0.68738115
NFATC2IP,0.68735296
NFRKB,0.68715495
NFIA,0.6871361
PDP2,0.6870998
PDLIM5,0.68706375
LMBR1L,0.6870546
MYSM1,0.6870089
OPA1,0.686983
REV1,0.68696755
MYL5,0.6869358
PSME4,0.6869168
NPLOC4,0.6868626
RAB11A,0.6868188
PRPSAP2,0.68679255
RABEP2,0.6867866
LMF2,0.686703
PLEKHA7,0.6867012
NTN1,0.6866949
DLC1,0.6866733
NUDT14,0.6865719
RPL22L1,0.6865413
PPA1,0.68647903
POFUT1,0.68643886
GALC,0.68641406
MID1IP1,0.68633497
NCOA7,0.6862431
MTFMT,0.6862368
NUP210,0.6861891
DTX3L,0.6861347
PAQR8,0.6859653
NOP58,0.68584317
PDRG1,0.6857607
NCEH1,0.6856078
NCK2,0.6855996
NELFB,0.68552744
NUCB1,0.68542886
MICAL2,0.68541527
MVP,0.68540853
NPAS2,0.6853251
PNN,0.6853103
PCK2,0.68524766
F8,0.685226
FAIM,0.6852138
NBEAL2,0.6851795
ORAI3,0.68515146
FADD,0.6851477
PEX19,0.68509966
NDUFV3,0.68508303
NUSAP1,0.6850736
IRAK3,0.6850155
PRICKLE3,0.68501115
POLL,0.68497473
P4HA1,0.68491
PLAA,0.6848815
IL12RB1,0.68484855
MIDN,0.6847673
POLDIP3,0.68460065
PAFAH1B1,0.6845729
NOL11,0.68455195
NUP153,0.68440396
MS4A4A,0.6843627
NARS2,0.68433374
PRMT7,0.6843129
PNISR,0.68416965
PALLD,0.68415326
MYO7A,0.6841212
PWP1,0.6841033
LNX1,0.6840713
PSMD8,0.68399936
DHX58,0.6839269
NEMF,0.6838927
MPP2,0.6838904
POLR2L,0.6838699
MRPL38,0.68384176
MON1A,0.68375385
LAMP2,0.68375164
MIER1,0.6837352
GAB3,0.68368024
PARN,0.68353003
FGD5,0.6834956
NPHP1,0.6834892
MMAB,0.68334234
MINPP1,0.68329424
RAP1GAP,0.68311095
LRG1,0.6830638
NR1H2,0.68296176
GRK4,0.6829507
OLA1,0.6829183
NFKBIB,0.68283904
POP1,0.6827856
PARP14,0.68274647
GIMAP8,0.68273413
SHF,0.6826719
MSRA,0.6826569
SCIN,0.6825188
POLR3B,0.6824693
NUDT3,0.6823765
MTMR4,0.6823467
PKN3,0.6823214
PRDX6,0.6822875
MTMR6,0.68224204
KREMEN1,0.6822338
NDUFA8,0.6821635
NGFR,0.6820174
PIK3C2A,0.6819392
SDS,0.68186766
NR5A2,0.6818594
PREB,0.6817827
NR1H3,0.68169385
PGD,0.6816819
GPER1,0.6816651
POLD3,0.6816454
NET1,0.68161917
ELMO2,0.6815494
IL17RB,0.68154687
PPP1R11,0.6814989
MID1,0.6814492
NAPB,0.6813533
OGDH,0.68133336
PTPN9,0.6812644
PMPCB,0.68125075
MRPL41,0.6812233
PGGT1B,0.68112236
PHB,0.6811037
PA2G4,0.6810368
PDE8B,0.68100303
PIGK,0.6809068
MAD2L1BP,0.6809041
POLR1B,0.6807744
PPIF,0.6806832
PUF60,0.68054694
PHLDA1,0.6804867
NCF4,0.68047935
NEIL3,0.6804539
RASGRF2,0.6804448
PLCL2,0.6803712
NUP62,0.68034524
KIF21B,0.6803043
POLA2,0.68026656
NOP2,0.68023676
RRM2B,0.6802356
PLOD3,0.6802347
PEX5,0.68020487
PMF1,0.68017656
MCCC1,0.68011534
PRMT6,0.68008655
NUP54,0.6800588
NSMAF,0.6800502
NUP155,0.6799741
PDCD4,0.6796454
PEX11B,0.679635
MAK16,0.6795984
LMOD1,0.67957
MECR,0.6795521
PDCD6,0.6795131
MPHOSPH8,0.6793689
PDE1A,0.6793366
RBCK1,0.6793327
PLOD1,0.6792438
PDIA3,0.6792278
ORMDL1,0.6791738
ORMDL3,0.6791294
MYOF,0.6791237
DET1,0.67907304
PI4KB,0.6790569
NPRL3,0.6789224
PDE3B,0.67880726
HARS2,0.67879826
LYZ,0.67875195
PTGES2,0.67874765
PIGU,0.67872167
NCBP1,0.6786932
KCNH2,0.67860466
PDS5A,0.6785382
NINL,0.6784688
PRPF40B,0.6784288
PSMG3,0.67839146
RMI1,0.67831206
PAPOLA,0.6782695
PJA2,0.67824876
OIP5,0.67819667
NUBPL,0.6781826
NUAK1,0.678148
PPARD,0.678126
PARD3,0.67804396
MMP17,0.6780284
OPLAH,0.6779287
LPCAT2,0.67783815
NSA2,0.6777758
AP3M1,0.67770225
PSMD9,0.6776668
PRKRA,0.6775517
KCTD15,0.67752165
PKD1,0.6774765
MED4,0.67744064
PES1,0.6774265
PLXND1,0.67740524
LCMT2,0.67740476
PPFIBP2,0.6773972
PEX10,0.67738104
OSBPL5,0.6773278
MSX1,0.6773114
PKN2,0.6772797
PDE4B,0.6771753
NLRX1,0.6770395
NOMO1,0.6769584
PPP1R7,0.67687494
PRDX2,0.676851
PSME2,0.67680466
RARB,0.6768014
POLK,0.6767903
NCF2,0.6767055
MPP7,0.6766369
PSMC5,0.67661434
EFNB1,0.6765789
NFIL3,0.6765391
PCDH7,0.67647487
RAB14,0.67643267
PNRC2,0.6764217
PARD6B,0.67635775
RACGAP1,0.67632663
MSH5,0.676066
NLRC5,0.67595947
NPHP3,0.675922
JAM2,0.6758943
NEDD9,0.67588145
PVR,0.67585456
PACSIN2,0.6757696
PSMD7,0.67570966
PPP1R10,0.6757069
PFN1,0.6756613
NDUFA13,0.67564255
PDCL,0.67564255
GBP4,0.6753731
NOMO3,0.67535126
MRPL18,0.6753087
PABPC1L,0.67520297
PRPF18,0.6751998
NNMT,0.6751429
MYBBP1A,0.6751197
PLEKHM2,0.6750937
NSMCE1,0.6750305
PLK3,0.67496717
OXSM,0.674835
HERC5,0.6748089
MOSPD2,0.67477536
OTUD3,0.674651
PTP4A3,0.6745308
RAB3GAP2,0.6745132
PSMD11,0.67446846
ORC5,0.67444396
PGAP3,0.674389
FDXACB1,0.674389
PRKAR1B,0.67434746
PIP5K1A,0.67430264
PDLIM1,0.6742885
PJA1,0.67418444
NR4A1,0.6741257
HSCB,0.67412055
PIF1,0.6740861
PLXNB1,0.6740706
MRPL54,0.67405987
PPP2CA,0.6738458
PAWR,0.6738395
PPFIA1,0.67382675
PHF20,0.6737867
NME7,0.6737267
PLK1,0.6735966
DCLRE1A,0.67358255
NRCAM,0.67357886
PNP,0.67347646
PLEKHG2,0.67341286
PARS2,0.6733426
KIF27,0.67327374
MRPL21,0.6732685
PSMD3,0.67321867
ORC1,0.6732149
OAS3,0.6732091
PPP1R16B,0.6731305
PELI1,0.673021
PEX14,0.673018
PPIL1,0.672964
SLC35A2,0.6729484
PDXK,0.6729187
NR2C2,0.6728246
GORAB,0.67272735
PHF21A,0.67267513
SCCPDH,0.67267513
NAPEPLD,0.6726424
PEMT,0.6725975
PPP6R2,0.67249763
PLCL1,0.67244506
PAQR3,0.67243224
GALNT14,0.6723664
PAF1,0.6723156
FGR,0.67226285
PUS1,0.67226255
PINK1,0.67221814
SMOX,0.6722143
NOB1,0.6721422
NOL10,0.67212415
NMRAL1,0.6720965
POLR1E,0.6720937
NRP1,0.672048
POLR3A,0.6720452
PARD6G,0.6719413
RANBP3,0.6718779
RNF19B,0.67181224
PDE4D,0.67180616
NMT2,0.67180127
NDUFAF3,0.6717691
NOC3L,0.67174786
SDC3,0.6717251
PDGFC,0.67168707
POLA1,0.6716692
NELFA,0.6716644
PAN3,0.6716527
PDE7B,0.67149305
PDE6D,0.6714667
NAA20,0.6714667
MRPL39,0.6714494
PTRH2,0.6714453
PIR,0.67143875
RHNO1,0.67139876
RRAGB,0.6713933
PDE10A,0.6713859
PRR5,0.6713729
PLXNA2,0.67137253
RABIF,0.67133206
PLXNA1,0.67132336
PNPLA4,0.6712499
HEY2,0.6712314
OGT,0.6710861
PPP3CC,0.67105514
RANBP1,0.6710268
NAGA,0.67074865
PPRC1,0.6707035
PRKAR2A,0.6706837
RAB3GAP1,0.67064965
KLHL22,0.6706445
PDCD6IP,0.67061543
POGZ,0.67059344
COL11A2,0.6705806
OCLN,0.670531
PIGT,0.6704625
PIGF,0.6704526
PHC3,0.6703858
PSMB4,0.6703826
SDF2,0.67030346
BMP8B,0.67026854
PPP1R13B,0.6701965
PGM1,0.6700959
PEX6,0.6700443
PARVB,0.6700334
PFKL,0.6699269
PPP2R1B,0.66991794
POLR3D,0.66978496
PRKCH,0.669685
RCCD1,0.6696732
PRPF40A,0.66967195
RBM25,0.6695515
NUP133,0.66954553
NCAPD3,0.66950923
PSMD12,0.669491
PPL,0.6694823
PPP1R12A,0.66945404
PARVA,0.6693684
POLR2A,0.66932195
PLAGL1,0.6692918
PDE3A,0.6691983
POU2F1,0.66914433
PTDSS2,0.66910285
C2,0.66908324
PLIN2,0.66907156
ORC4,0.66903925
PUS7,0.66891205
PPIB,0.66886353
PFKFB3,0.66885334
PKIA,0.66883713
NFASC,0.6687943
PHKG2,0.6687711
NOL8,0.6687327
PI4KA,0.66866976
PKP4,0.66859996
PEA15,0.6684704
PIP4K2A,0.66846853
PSMB7,0.6684455
PRKCA,0.6684306
PTDSS1,0.66840214
NLK,0.6683356
PKM,0.66827714
RAB40B,0.66820484
PPP1R18,0.6681964
PIKFYVE,0.6680297
PIPOX,0.6680261
PBK,0.66798705
PPM1A,0.6679698
RPAP3,0.667948
PAIP1,0.6679477
MARVELD3,0.6679319
NEDD1,0.667924
NGDN,0.66786414
PPP5C,0.667847
SGSH,0.66781175
PPP1R13L,0.6678033
POLR2G,0.6677694
PDPN,0.66769475
NOP14,0.66764295
PCDHB3,0.66762924
PARVG,0.66759074
PGAP1,0.66757315
PLRG1,0.6675649
PEX3,0.66754514
RPIA,0.66746897
PIAS3,0.6673932
PNPT1,0.6673797
PECR,0.66737163
PSMA7,0.66735744
RRN3,0.6673448
PKN1,0.667315
PRPS1,0.66730845
NPTN,0.6673019
PSAT1,0.6672956
ITGAM,0.66723555
PITRM1,0.66722214
PURB,0.6671643
PELI2,0.66716266
PRDX1,0.6671609
PSMD2,0.6671569
HOPX,0.6671447
RAP2A,0.66701293
RBM14,0.66690403
DOLPP1,0.666895
PCGF5,0.666894
GTF2H4,0.6668333
PIP5K1C,0.6668304
PATL1,0.6668209
PDIA4,0.66671526
IER3,0.666696
LRP4,0.6666668
MOAP1,0.6666603
PCYOX1L,0.66659546
PLXNB2,0.6665363
MTF1,0.666501
LMBRD1,0.6664999
PPP2R5A,0.66649157
PSMA1,0.6664802
NDUFA5,0.6664724
PDCD7,0.6664497
PIGS,0.666443
SCO1,0.666386
PRKAA1,0.6663724
DYNC2LI1,0.6662766
PICK1,0.6661798
PDE4A,0.66609645
RAB4A,0.6660523
NME3,0.66598934
PPIP5K2,0.665953
PFN2,0.6659438
PSMB3,0.6658797
MRPS17,0.6658328
MED8,0.66571736
MCM6,0.6655686
NDUFAF7,0.66554874
PLA2G15,0.66551226
PSMC2,0.6653936
RBM22,0.6653458
NPHP4,0.66533726
PGS1,0.6653154
RAB1B,0.66526854
GRHL1,0.6651948
RABEPK,0.6651644
RPL7,0.6651451
PAK6,0.6651318
PSMD1,0.665127
PAAF1,0.66510564
PKP1,0.66499484
PDHA1,0.6649765
RBM8A,0.664961
MRPL47,0.6649125
RBL2,0.66482925
RFC5,0.66478163
GPR160,0.6647459
PPM1K,0.66472775
RHOT2,0.6645918
RIPK1,0.66458845
PLCB4,0.66449714
FPR1,0.66447854
POLR2H,0.6644662
PGM2L1,0.66446453
PLD1,0.66443986
GNG11,0.6644295
RAP1B,0.66442704
OTUD7B,0.6644146
NOL12,0.6644055
OSGEPL1,0.664404
RAD23A,0.6643821
NEK8,0.66431695
PRKCE,0.6643024
POFUT2,0.66429895
PEF1,0.6642904
LIF,0.6642208
NPDC1,0.66419554
PUM2,0.6641676
PBX3,0.66413295
KCNC3,0.6639874
IFT57,0.66384554
RHOBTB1,0.6637501
PDK2,0.6637304
LAMTOR5,0.6637064
PRR12,0.6636655
PSME1,0.66362166
PPP1R15A,0.66361684
GALNT3,0.663593
MMP15,0.66348857
NT5C,0.66346824
PFKP,0.6634471
PLOD2,0.6633975
NDC80,0.66337407
PIK3AP1,0.66336423
MPND,0.6633219
POLI,0.6633176
PFKFB2,0.6632936
PSMB1,0.6632743
RAB5B,0.6632651
NABP1,0.66320014
NEK2,0.66319734
MRPL13,0.6631762
POMP,0.6631044
PLXNA3,0.6630272
HSD11B1L,0.66300255
GPX3,0.662984
PLEC,0.66295177
PPP1R14B,0.66291517
NCLN,0.6628615
NAMPT,0.66281635
PAM16,0.662816
NR4A2,0.6627942
SF1,0.6627866
PTBP2,0.66272956
RHBDF1,0.6626888
NLGN2,0.66265225
PPP4C,0.66264284
RAB13,0.662632
PRR5L,0.6626125
RFC2,0.6625497
SEC11C,0.66250277
FUT1,0.66249394
POLE3,0.66243666
MMACHC,0.66243106
RNF34,0.66232806
STRIP2,0.662323
RAB30,0.66222376
PSME3,0.66219854
RALGPS2,0.66219366
PRDX4,0.66216946
RASAL3,0.6620942
RFX7,0.662093
RAD18,0.6620778
HUS1,0.6619866
GALE,0.66196567
F12,0.66180176
SHMT1,0.66167957
PSMB10,0.6616613
RAB5C,0.6615893
PTPRA,0.66150945
POLD2,0.6614555
SEL1L,0.66138655
PIGM,0.66136646
RND1,0.66121733
MAP3K9,0.6611942
ORMDL2,0.6610633
INHBB,0.6610556
MAP3K10,0.66105354
PSMC3IP,0.6609855
PRKAG2,0.6608613
RPL17,0.6607822
PLEKHG5,0.66075754
RAB38,0.66064286
PPM1F,0.6605467
RFC4,0.6605411
IL1R2,0.66039604
PHKB,0.6603603
SORL1,0.66026413
PELI3,0.66026235
RBFOX2,0.6602476
RBM39,0.66011405
MRPL9,0.66008097
CTU1,0.6600702
PLEKHA2,0.6599285
RINL,0.6598411
NMI,0.65973586
POMGNT2,0.6596952
PMVK,0.65960616
PTPN12,0.65956813
RASAL2,0.65951824
SRF,0.6594596
RFXAP,0.6594326
PPARA,0.6594082
RECK,0.65935206
PANK4,0.65931267
PTN,0.6593055
PARP12,0.65926915
RNF11,0.65924007
MARK4,0.6591014
RRP7A,0.65909576
MSX2,0.65908146
RDX,0.65901756
PEX26,0.6589902
PTPRE,0.6588807
PSEN1,0.6587836
PMEPA1,0.6587149
PHC2,0.65837693
NTPCR,0.6582034
RPS13,0.65811604
PSAP,0.65807354
RETSAT,0.65805113
DPCD,0.6580447
HSPA13,0.6579994
NIF3L1,0.65795034
MCEE,0.6576147
PAN2,0.65757626
RASSF2,0.65752214
PHF8,0.6575099
SIKE1,0.65750736
RBM4,0.6573695
PSMC3,0.6573595
RCSD1,0.65705115
PKD2,0.6570368
RAB34,0.65702873
SCNM1,0.65701824
RALB,0.6570162
OSGEP,0.656965
POLR2J3,0.6569572
PTPN23,0.6569387
PAPSS2,0.6569382
RPE,0.6569235
SAP30,0.65689486
RAI1,0.6568676
PXN,0.65684015
GCSH,0.6568032
PPCS,0.6566316
PPP6R3,0.6566241
PRKAG1,0.6565809
RAB1A,0.6565711
KTI12,0.6565207
PIGL,0.6565041
STX7,0.65640646
PYCR1,0.656362
PTMA,0.65635467
RNF216,0.65631217
RBPJ,0.65616536
PRKCSH,0.65614414
RER1,0.65614265
RABGAP1,0.65612173
RHPN1,0.6560155
NOC4L,0.6559451
PPP1CA,0.65588063
POLR1A,0.6558647
RRP9,0.65574265
SELPLG,0.65573204
PRKD2,0.6556144
RAB24,0.6554912
PEX7,0.6554804
KCNN3,0.6554717
RAB10,0.6552976
EVI2B,0.6551865
GADD45G,0.65509295
RALGAPB,0.6550788
SMNDC1,0.65500957
RUFY1,0.65496564
PRKRIP1,0.6547553
LZTFL1,0.6546243
RRAGA,0.6545371
POLR3C,0.65444
PLA2R1,0.6544013
RCC2,0.6543455
RNF41,0.65416867
RALBP1,0.6541093
PTPRM,0.6540429
RAB3IP,0.6540307
PDE8A,0.6539783
MRPL1,0.6539427
RCOR2,0.6537344
KAT2A,0.65365785
POLR2C,0.6535806
NSUN6,0.65357226
PTGES3,0.65353686
PDXP,0.65349346
RAB11FIP3,0.6533996
PRKAR2B,0.65332234
COQ10B,0.6533196
OAT,0.6532906
PAPSS1,0.65325856
RLIM,0.653249
NSFL1C,0.6532479
POLG2,0.653086
PPP4R1,0.6529667
RASSF1,0.65296656
TAOK3,0.65290385
SDCCAG8,0.6528744
PBX2,0.6528701
PTK2,0.6528394
PLEKHA8,0.6528085
RAB11B,0.6527818
PQBP1,0.65276647
RIF1,0.65269667
PRC1,0.65257573
PTPRJ,0.6524055
RAD54B,0.65235895
NANP,0.6522722
RNF8,0.65217614
PPP2R5B,0.6520862
ITGAX,0.6520289
RAN,0.6519657
RBBP7,0.65193063
RGS10,0.65191394
PDCD10,0.6519124
ITGB3,0.65187246
RERE,0.6518514
SERPING1,0.6518369
SCP2,0.6517531
PDK4,0.65163124
NLGN3,0.6514587
RMDN2,0.65143967
PKP2,0.6513923
RPS21,0.65129995
GLS2,0.65120995
PPP2R5E,0.65119135
PPCDC,0.6511764
PYGB,0.65107137
PPP1R12C,0.651044
PPP2R5C,0.6509568
SLC1A3,0.65084004
RFC1,0.65078926
PTGIR,0.6507026
PIP4K2C,0.6506336
P2RY11,0.6505931
RAPH1,0.65048754
PPM1L,0.65045637
SASS6,0.6504475
RBM5,0.6504462
SMARCD3,0.65039843
RBBP4,0.650365
NFS1,0.6503105
RCC1,0.6502465
PRMT1,0.65012896
RNF123,0.64993817
RBM15B,0.6498959
POLM,0.64984584
RBX1,0.6498235
RAPGEF1,0.64973795
SMPD1,0.64972574
NUP43,0.6496729
LCAT,0.64959425
RGL1,0.64952886
RPL18A,0.6495039
PURA,0.64941543
PLSCR1,0.6494123
NFKBIL1,0.64936894
PRNP,0.6493434
SERBP1,0.64922345
PLS1,0.64904267
PLEKHG4,0.6490356
PIGG,0.6489466
PPP1R9B,0.64893943
RAB27A,0.64890057
PIK3R4,0.6488059
PRPF6,0.6487757
PCOLCE,0.6486067
SLC25A22,0.64856786
RPL13A,0.64843726
RC3H1,0.6484269
MOGS,0.6483264
RPN2,0.64830184
SHCBP1,0.6482736
S100PBP,0.6482717
SCNN1A,0.6481992
RNF7,0.6481737
PANX1,0.6481206
PRMT5,0.6481171
GCNT4,0.64810866
PCGF2,0.64808136
RAB6B,0.64807856
JMJD4,0.64800465
RAB31,0.64797974
PSMB9,0.6479572
PRKAB1,0.64784944
TBC1D10C,0.64778596
RRP15,0.6477856
PGAM5,0.6477087
EHD3,0.6477039
PISD,0.6476962
MLPH,0.64767814
PLEKHG3,0.6476219
PRPSAP1,0.6476004
PRPF19,0.6475925
MAOB,0.6475805
PAFAH2,0.64756864
PIGQ,0.64756286
SCMH1,0.64753085
SH2D2A,0.64749503
PTMS,0.6474688
PTTG1,0.6474455
RPL10A,0.6474381
PRDX5,0.64734536
SEMA3C,0.6471797
PRDX3,0.6471754
SERPINB6,0.6471325
PLTP,0.6470649
EVI2A,0.64686245
NINJ1,0.64674723
RIN3,0.64661306
RFX3,0.64659786
JAG1,0.646519
PRPF39,0.64642394
PPM1B,0.6461961
RABGGTB,0.64612275
PPP3CA,0.646085
RBMX,0.6460482
RAB4B,0.6460305
CORIN,0.645982
RCAN1,0.6459628
RGS5,0.64589524
RAB9A,0.6458187
PRICKLE2,0.645705
POLR3E,0.645668
PI4K2A,0.6456212
PSMC6,0.6454416
RPL19,0.64542174
PMPCA,0.6453967
PRKAB2,0.64523256
PPP2CB,0.6451504
RMDN3,0.64512336
NRL,0.6450261
SATB2,0.6449995
SF3B5,0.6447574
ROCK2,0.64475507
PRPF3,0.6447323
PPARGC1B,0.6445687
RHOG,0.64450955
RAPGEF6,0.64450455
SPAG16,0.64450175
PBDC1,0.64443946
PGM3,0.64442563
PPP2R5D,0.64419883
PNKD,0.64412004
MOCS1,0.6441062
REEP5,0.64409125
QSOX1,0.6439756
TAMM41,0.6439538
PRPS2,0.64393646
STAG3,0.6437837
PHF12,0.6436042
PSMB5,0.64352006
IL15RA,0.6434398
QRSL1,0.64340353
PSMB8,0.64336723
SLCO3A1,0.64325064
PER2,0.64322823
RASA3,0.64304024
PIGB,0.64302367
PPIL2,0.64298123
SUMO3,0.6428524
PRCP,0.6428415
SH3BP4,0.6428138
RNGTT,0.6428113
SEC16A,0.6427978
RUVBL2,0.64277595
RNF114,0.64272654
RCL1,0.64267695
SLC7A6,0.6426287
RAD51AP1,0.6426209
OPN3,0.64261585
RAB2A,0.64260817
SERPINE2,0.6425904
PIGC,0.64252645
PGAP2,0.64250255
PITPNM1,0.64247674
PSPC1,0.6424663
MIB2,0.6423305
MGAT4A,0.642296
RHOBTB3,0.64228654
RAB2B,0.6422783
RBBP8,0.6422255
MICALL1,0.64202887
SAP30BP,0.6420282
RPL8,0.64198756
RCAN3,0.64192265
PHF11,0.6418753
TMEM67,0.6417486
SENP3,0.6417343
SPARC,0.64171815
PSMA4,0.64171714
PTPMT1,0.641532
RAB37,0.6414376
RTN3,0.64143395
PPP6R1,0.6414054
PRKACB,0.64139766
RPP38,0.64136446
PITX1,0.6413569
RBM19,0.64133734
RPRD1B,0.64130706
SH2B2,0.64121383
RBBP5,0.6411596
SCARA3,0.64113647
PTCD3,0.6410635
SLC25A25,0.6410401
PTAFR,0.6409036
PGF,0.64087427
PPP3CB,0.640871
SCYL1,0.6408343
PCSK5,0.64067864
SREBF1,0.6406751
TST,0.64063
PLD3,0.6405747
PYGO2,0.6405585
REXO4,0.64048374
SEC62,0.64043945
SF3A1,0.6404357
SRGAP1,0.6403872
REEP4,0.6403199
NDUFAF4,0.6403174
RAB11FIP1,0.64029014
STX12,0.6402189
RPS16,0.64021236
RBP1,0.6401274
OBSL1,0.64011407
SBF1,0.640066
SCLT1,0.6400607
RBM28,0.63994724
RPS27L,0.6398373
RTN4R,0.63981813
RPRD1A,0.6397862
PFAS,0.6397658
PTBP1,0.63975143
PIGP,0.6397425
SARNP,0.6396455
SCFD2,0.63955015
SYNE1,0.6395362
RAB8B,0.6394842
SGMS2,0.6394711
SLC12A8,0.6394255
SMG6,0.639381
RAB6A,0.63927764
PPOX,0.63917345
RHBDD1,0.6391559
PDP1,0.6390821
PNKP,0.63897383
RPL24,0.6389526
PPP2R3C,0.63895184
SCFD1,0.63891184
SUPV3L1,0.6388685
PHF2,0.63883543
RNF139,0.6388272
PMP22,0.6387736
SHMT2,0.63870126
PLCE1,0.6386101
RAB11FIP4,0.6385848
ROR1,0.638535
RASA2,0.63847715
OSMR,0.6383153
PTPRU,0.6382705
SF3B3,0.63812274
SORT1,0.63806796
RPL7A,0.63791287
SIGIRR,0.6379055
SNRPB,0.6378906
SKA1,0.63788396
SH3PXD2A,0.637785
RPS20,0.6377159
RPL27A,0.63769597
SEC61A2,0.63769215
MTO1,0.6376429
NIPSNAP3A,0.6376361
RPL23A,0.6375332
RCOR1,0.6374934
NOL7,0.6374889
RPSA,0.6373898
SRPX2,0.637367
RPA1,0.63736236
SYF2,0.63732994
SACM1L,0.63728696
OAS2,0.6372324
RNF5,0.6372279
POLR2I,0.63718414
RNH1,0.63711214
PRPF31,0.6369456
PPT2,0.63687646
GRIN2D,0.63679487
PPP3R1,0.6366713
RNF130,0.6366212
NHLRC3,0.6365976
ING2,0.63643074
RPS6KB1,0.6364058
PSENEN,0.636229
RPF1,0.6362121
POLR2F,0.63617843
RAB25,0.63617784
RPS7,0.6361663
PDCD5,0.63593477
STRADA,0.6359299
VAMP3,0.6359234
S100A6,0.63589734
ST8SIA1,0.63576484
RRS1,0.6357031
PSMD4,0.6356264
PIWIL4,0.6355289
SART3,0.6355087
SCAI,0.63542813
STARD10,0.63528347
PER3,0.6350556
PTPN7,0.6350241
SPPL3,0.6349556
CYB5R1,0.6349289
SLC26A6,0.6348837
PRKCD,0.63482213
RABGEF1,0.63474596
SMC5,0.6347089
SEC24D,0.6346007
RGS12,0.63458395
RPS9,0.63453674
RABL2A,0.6345346
SCAF1,0.6344739
QPRT,0.63434994
RNPC3,0.6343046
PYCR2,0.634055
TMED3,0.6340201
TERF2,0.63395023
RPS11,0.6339002
SEC24C,0.6339001
PTPN21,0.6338956
NXT2,0.63383365
SLC30A1,0.63368875
PPID,0.63368684
RBPMS2,0.6335417
RPS29,0.63346106
RPL13,0.6334345
RAB21,0.63342726
FDXR,0.6333927
POLB,0.63331425
PIAS4,0.6332976
NXF1,0.63327926
RAB11FIP5,0.6332781
SKP1,0.6332442
PRPF4,0.63312334
SMAP1,0.63310117
TBC1D13,0.6328747
SAMM50,0.63284504
PPAT,0.63281775
SAT2,0.6328049
TMEM11,0.63278526
RNF24,0.63274515
SUN2,0.632706
RAD9A,0.6326278
PSMA5,0.63239354
RXRB,0.63238746
SEMA3A,0.6323778
RNF169,0.63235396
RALY,0.6322374
RANBP6,0.6322345
SP3,0.63212144
RUFY3,0.63206416
SLBP,0.63201815
RBBP6,0.6319046
LILRB2,0.6318461
SIN3B,0.63179296
RHOJ,0.63178045
PSMG2,0.6316852
SNRPC,0.63165176
SEC14L1,0.6315949
SCAP,0.63155746
RPS5,0.63133806
RPL12,0.6313204
PDHX,0.6313064
SKA3,0.63127553
STX1A,0.63125664
RANGAP1,0.6311218
TAF9,0.63109493
RYK,0.6310801
TCP1,0.63106936
SLC6A9,0.63102025
SPTBN1,0.630983
SENP6,0.6309606
SLC25A20,0.6309524
SMCR8,0.6308718
SEC22C,0.6308382
KBTBD8,0.63082105
SLC11A2,0.63079333
RUVBL1,0.6307744
RNF31,0.630762
SRRM1,0.6307604
RPL23,0.63075924
PHKA1,0.6307116
RPA2,0.6306808
RPL35A,0.6305821
RPS18,0.630548
RPL3,0.63052714
RPL26,0.63052446
SLC7A5,0.63035583
RPL36AL,0.6303423
PRMT3,0.6303345
RPL15,0.6301815
RPS17,0.63017935
PDGFD,0.63016963
TDP2,0.6301468
MOCS3,0.6301281
SEC22A,0.6299949
SUGP1,0.629915
PANX2,0.6298534
PCDH18,0.6298372
RASSF8,0.62973577
RASSF5,0.6296806
RPUSD4,0.62967163
PPIL4,0.6295691
MRPS36,0.62945884
NIP7,0.62941533
NOL3,0.62939847
SMG5,0.6293808
RARS2,0.6293577
RMND5A,0.62933415
RORA,0.62931895
RBM7,0.6292537
SLC1A1,0.6292463
TIMM23,0.62923294
RAB5A,0.62917495
PILRA,0.6290973
RPL11,0.6288964
U2AF1L4,0.6288702
RNF220,0.62885296
RIC8B,0.6288409
SLAMF1,0.62878907
SNAPC3,0.62877154
RRP1B,0.6287389
S100A11,0.62869024
SRM,0.6286212
SH3GLB1,0.6286159
SPATA5,0.628432
SART1,0.6284289
PRKX,0.6284245
ITGA8,0.62841034
SREBF2,0.62832737
PLK4,0.62831694
SARDH,0.62828666
RNF217,0.6282839
SP100,0.6282597
SH3BP2,0.6282529
PPIG,0.6282457
RAB8A,0.6282257
RPP40,0.6281846
SMURF2,0.62815386
STXBP3,0.628088
PYGO1,0.62792116
RFX5,0.6278971
STX11,0.62779313
RPL32,0.6277706
SAP18,0.6277454
SMC6,0.6276753
SNRPD2,0.6275552
MTMR10,0.62746805
PTPN4,0.6274499
RBM34,0.62744147
THOC1,0.6274205
KCNAB1,0.62737834
PPP1R3B,0.6273743
SCD5,0.6273355
SAFB,0.6272773
SLC27A5,0.62727666
POLE2,0.6272591
TIMELESS,0.6272187
STXBP2,0.62719494
SSBP2,0.627166
SF3B4,0.6269849
TMC6,0.6269814
RHPN2,0.6268228
UBE3D,0.62681794
RAB20,0.626795
PLEKHG6,0.62679315
RPS15A,0.6265502
RPS6KA1,0.6264954
TANK,0.6264797
RPS26,0.6263803
SLMAP,0.6263756
SPAG9,0.6263118
SPTLC1,0.62630117
SNX17,0.62623525
PEX12,0.62622315
REEP2,0.6261408
POLE4,0.6261152
RP2,0.6260941
SPRY4,0.62605757
RPLP2,0.626042
RUNDC3A,0.6260139
RPL36A,0.6260009
SLC19A1,0.62597406
PLAT,0.62596554
SUPT20H,0.62595636
SCRIB,0.6258053
SH3RF1,0.62579304
RFFL,0.6257245
RPRD2,0.6256839
SLC39A1,0.625678
SERGEF,0.6256346
RPAP1,0.6256286
TMOD1,0.62560946
PIGW,0.625595
RPS4X,0.6255342
SDAD1,0.62533253
RB1CC1,0.62528783
SH3PXD2B,0.6252097
SPHK2,0.6251872
RFX2,0.6250952
PSMD5,0.6250902
RNPS1,0.62505686
SARM1,0.62503755
RAD23B,0.625006
SMARCAD1,0.62498957
RPL7L1,0.62489575
SFI1,0.6248954
SMC4,0.6247882
RPS23,0.624736
RPL37,0.6246779
SHISA5,0.624654
RASGRP2,0.6246042
RPL29,0.62454414
RPS27,0.6245363
RRP8,0.6244831
SNRNP70,0.6239984
TNFRSF1A,0.62394303
SSX2IP,0.62387973
TRIM35,0.62387264
RFC3,0.6237956
RPL6,0.6237823
RNF138,0.6237722
MS4A6A,0.62372684
SERPINH1,0.6237101
SENP8,0.62367105
TBCC,0.6236406
RHBDF2,0.62354195
POMK,0.6234732
SEMA3F,0.6234336
TARS2,0.62338805
SPPL2A,0.62337023
PARP9,0.623369
PPP1R8,0.6232648
SCD,0.6232481
PADI2,0.62322086
SURF6,0.6231656
SBF2,0.62311673
RPS8,0.62305987
RNF168,0.6229888
SCARB1,0.62294716
PTPRF,0.62292415
STK38L,0.6228997
SRSF9,0.622869
STK25,0.6228589
SPSB3,0.6228373
SP1,0.6228171
TPGS2,0.62279224
STXBP4,0.6227756
RTN4,0.62276393
SLC9A3R1,0.62265706
SNAP23,0.62262857
PALMD,0.6226007
RING1,0.6225346
SHPRH,0.6224322
PRX,0.6224222
SMARCC1,0.6222192
ST13,0.6221611
SUGT1,0.6221407
TMEM63A,0.6220415
SNRPD1,0.6219252
RAP1A,0.6218541
SLC25A17,0.6218462
RPS2,0.62179315
SCAMP2,0.6217844
SERINC3,0.6217807
RGS1,0.62174857
RGMB,0.62172896
MUL1,0.6216815
RPL27,0.6216554
RIC8A,0.6216533
PHLDA3,0.6216425
TAF6,0.6215613
SOX4,0.6215393
THOC6,0.6214977
PDSS1,0.62148535
RTF1,0.6214203
STRN4,0.6213759
SPATA2L,0.62132543
RANBP10,0.62130684
RGS16,0.62126774
RTN4IP1,0.6212676
POP7,0.62116015
SNX5,0.6211266
SPDL1,0.6210527
RPAP2,0.62103176
NAIF1,0.62102175
TRIM32,0.6208765
KRT5,0.6208681
SAR1B,0.62075424
SMURF1,0.62073517
RTKN,0.6206942
SOD1,0.6205765
PAIP2B,0.6205008
GBP1,0.62036556
RPP30,0.620322
SLC3A2,0.6202708
PTK2B,0.620196
SAE1,0.6201755
SPTAN1,0.6199993
TNFAIP8,0.61983585
LRP3,0.61978644
SH2B1,0.6196663
RGS17,0.6196473
RPS6KA2,0.61964184
RPLP0,0.61962134
RND3,0.61952037
PNPLA2,0.6195192
RPL31,0.6194744
RCOR3,0.6194551
RANBP9,0.61933124
TK1,0.6192914
TARDBP,0.6192911
OASL,0.6191631
RPL41,0.61907667
UBAC2,0.6190435
POP5,0.619041
SMARCC2,0.619011
RPL34,0.61899996
STRN3,0.618964
RPS3A,0.618957
SNF8,0.61894846
RNF14,0.61881465
SEC11A,0.61864394
POMGNT1,0.6186259
SLC9A3R2,0.61859214
SEPHS1,0.61852133
REC8,0.61845165
SPR,0.61844057
SNRPA1,0.6184151
LTF,0.6183902
RNF20,0.61833984
IZUMO4,0.61830175
RNF111,0.6182557
RRAGD,0.6181593
STARD13,0.6180635
TBC1D32,0.6180269
TOX4,0.6179969
SLAIN2,0.61799216
RGS19,0.6179683
SEC63,0.61783963
RAD1,0.6178177
TACC1,0.61780536
RAB12,0.61773336
SORBS1,0.6177051
SNW1,0.6177039
ST6GAL1,0.6175933
MRPS14,0.61755174
SGMS1,0.61751664
TIMP2,0.6174733
TNIP2,0.6173727
SENP2,0.6173487
RNF125,0.6173439
RPS12,0.6173362
SEMA4A,0.6172539
SSBP4,0.6171429
POLR3H,0.6170112
MAPK13,0.6168497
SEC24B,0.616848
RAB3D,0.6168361
SMAD6,0.6167289
SKA2,0.61671865
RPGR,0.61660963
PLD2,0.6166087
TRAIP,0.6165264
RPS6,0.6165184
SNTB2,0.61651635
TRIM25,0.6164785
TFDP1,0.6164553
PLA2G12A,0.61639965
SKIL,0.61634535
RPL38,0.6162918
PRDM4,0.61627537
PIGO,0.61627215
RALGAPA2,0.616172
RBBP9,0.61617184
TBC1D10B,0.6161687
PSMD10,0.61616635
SIAH1,0.61616
RGS14,0.6161385
STAU1,0.615951
RTCB,0.61593246
PDZD11,0.6158929
TCEA3,0.61579233
MPP1,0.6157499
PREPL,0.6156995
SLC35B1,0.61568904
SCLY,0.61566347
SH3KBP1,0.615647
SLC25A5,0.6156268
RNASET2,0.6155461
TNFRSF12A,0.6155269
SLK,0.6154617
SETX,0.6154394
SLC1A5,0.61532235
STX5,0.6152641
FPR3,0.61513245
MRPL40,0.6151157
SSH1,0.6151103
REEP3,0.6150621
SF3A3,0.6149349
TM7SF2,0.61491114
RBAK,0.6148936
TRPC4,0.614803
SAV1,0.6147915
SCAMP1,0.6147696
SNRNP35,0.6146941
TGIF1,0.61466575
SRI,0.6143602
STAM2,0.6143415
SGPL1,0.61430216
SFSWAP,0.61425793
SLC2A1,0.61421084
TSPAN33,0.6141606
RGL2,0.6141005
REPS1,0.61405915
SIN3A,0.6140404
RRP36,0.6140227
SLC2A3,0.6139965
ST8SIA4,0.61399424
SUPT5H,0.61374086
TBK1,0.61364573
SLC44A1,0.61362684
SSR4,0.61360157
SV2A,0.6135555
SH3D19,0.6135351
MYO1F,0.61352247
NID2,0.61349416
RPL28,0.6134661
RELL2,0.6134288
SRPK2,0.6133479
RSF1,0.6132868
STRIP1,0.61324304
WDR36,0.613054
SIK2,0.61302966
THOP1,0.61301076
SLC16A3,0.6128169
RBMX2,0.6128164
SEMA6A,0.6127907
FBXL8,0.61278546
ST3GAL3,0.61275876
RHOQ,0.61257493
RELT,0.6124551
SRP68,0.6123876
SKAP1,0.61231965
PPWD1,0.61198556
PCDHB5,0.611959
SHB,0.6119116
UGCG,0.6119087
RIMKLB,0.6118964
SPINT1,0.6114224
RAPGEF5,0.61140096
SREK1,0.6113551
TUBGCP5,0.6113371
TOR1B,0.6110746
TUBD1,0.6110426
SPNS1,0.6109959
RWDD3,0.6109873
SNRPG,0.6109284
TAF4B,0.61092526
SGPP1,0.6108906
COA5,0.6108574
SYNE3,0.6107845
PRICKLE1,0.6106644
RGCC,0.6106509
RSL24D1,0.61060643
RNF103,0.61058444
RPS3,0.61035943
RCN1,0.6103582
SMUG1,0.6102956
SMDT1,0.6102709
SRGAP2,0.61023456
SPIN1,0.6101683
SLC25A13,0.61007035
RIN1,0.6099733
DPM3,0.60994256
NTN4,0.6099389
TRAFD1,0.60981095
SIK3,0.60971814
SIRT1,0.60969734
SRSF7,0.60965306
TRMU,0.6096287
SDC2,0.6095829
SLC9A1,0.6093651
RELA,0.6093166
RNF185,0.60930866
SMPD4,0.60930514
SRP14,0.6093031
SNRPA,0.60929996
SUPT3H,0.60929924
SRRT,0.6092242
SPTSSA,0.6092138
SNX13,0.60917866
NAA30,0.60915947
STX17,0.60915
QTRT1,0.6090977
RPS19,0.608779
TBC1D20,0.60871655
STX10,0.60870725
TMEM132A,0.60867137
TNKS2,0.60865897
SMAD7,0.6086332
RAB33B,0.608627
SYNRG,0.6086191
ST3GAL2,0.6086151
SORD,0.6085256
NDUFB6,0.6084707
ST6GALNAC4,0.6083884
MFSD2A,0.6083379
PBLD,0.60833377
RHOB,0.60830337
SKAP2,0.6082505
SPIRE1,0.60813105
SERP1,0.6081009
SLC39A7,0.6078579
SLC44A2,0.607854
TCTN3,0.6076177
SSR1,0.6075925
TIMM8A,0.60755676
STK24,0.6075502
TSC22D3,0.60752326
RBM45,0.6075213
THEM4,0.6074365
SAFB2,0.6074195
TAF4,0.6074093
SPAG5,0.60737735
ITGA4,0.6073422
SPTLC2,0.60714287
SLC4A2,0.6071175
RPS27A,0.60710377
SLC25A26,0.60706514
STIM1,0.6070643
RPS6KA5,0.60690516
NCALD,0.60690176
SLC22A4,0.60685
SENP1,0.60682935
SRSF4,0.6068188
TATDN2,0.6067968
MAP9,0.6067894
TEAD4,0.60675734
STARD3,0.6067186
SATB1,0.60671663
SRSF11,0.6067104
TBC1D5,0.60644996
TIMM17A,0.6064173
TIAL1,0.6064023
RNMT,0.60631007
TBCB,0.6061726
SSH2,0.60609084
SLC25A24,0.6060876
SLC7A11,0.6060468
TIMM17B,0.6059736
TIFA,0.60592175
SYNJ2,0.6058093
SDC1,0.60563135
SPG11,0.6056186
SLC44A3,0.60556906
RNF40,0.6055625
TBPL1,0.6054951
PODXL2,0.6054481
SNRNP48,0.605442
SMC2,0.60539496
SNX3,0.6053376
SSBP3,0.6053278
SYVN1,0.6053203
SOS2,0.6052639
SNAPC5,0.6052634
RRM1,0.6050788
TPCN2,0.60498595
RAP2C,0.6049835
TAOK1,0.60496396
UNC5B,0.6049637
HOXD3,0.60490364
STARD8,0.6048295
SORBS3,0.60480005
TARBP2,0.60471314
SRSF1,0.6046245
RARG,0.6046169
STAP2,0.60460347
TTC37,0.60457563
SEH1L,0.60455227
SLC30A6,0.6044927
SLC25A12,0.60441256
STK38,0.60438913
THAP4,0.6043884
TBC1D15,0.6042941
TXNL1,0.6042432
SNRPE,0.60399306
SLC39A4,0.6038127
TRAF3IP1,0.60373014
SMCHD1,0.6036981
RNF38,0.60369486
SEC61A1,0.60342616
STX6,0.60332566
SH3GLB2,0.60326374
TCIRG1,0.6032391
UBR4,0.6031794
SWI5,0.6031738
WBP4,0.6031699
PLCD1,0.60315615
TRAK1,0.60312235
STK4,0.60311896
SERINC5,0.6031104
RSRC1,0.6030916
TERF2IP,0.602995
TOB1,0.6028539
UBE4B,0.6028328
SEC61B,0.602822
TSR1,0.60277385
SLC27A2,0.6027083
TBC1D25,0.6024539
SQLE,0.6024199
SAMD8,0.60239387
REXO1,0.60236114
SPTBN2,0.6023411
TMEM107,0.6023373
TEAD1,0.60223067
TAF1D,0.6022223
SOS1,0.60221255
SLC35B2,0.6021945
TFCP2,0.6020558
URM1,0.60194355
RHOT1,0.6019415
SEC13,0.6018404
TALDO1,0.60182244
PSMA2,0.6018044
SEPSECS,0.6017964
SSH3,0.6017652
PLEKHA3,0.6017541
UBE2F,0.6017211
RBM17,0.6017076
SMAD1,0.60164493
SRPRB,0.60147285
SRPK1,0.60146236
SNX6,0.6014427
SNRNP200,0.6012236
SERPINF1,0.6011086
TDRKH,0.60105926
TADA2A,0.60099965
SRD5A1,0.60085875
RNF181,0.6008496
SRCAP,0.6008189
THADA,0.60062766
TEX10,0.6005399
SNRPD3,0.6005239
RIOK3,0.60050535
PDLIM2,0.60042584
TBCD,0.60037136
UBL7,0.600368
RFK,0.60035235
NLRP3,0.6002693
TNKS1BP1,0.600266
SLC25A3,0.60025126
SNRNP27,0.6001725
MAGEH1,0.60004675
SPCS2,0.6000044
TRIM44,0.5999542
SKIV2L,0.5998926
VTI1B,0.5998875
TPCN1,0.59968084
MANEA,0.59960926
RAB42,0.5995695
RRP12,0.59955716
RNF2,0.59952426
TAF5,0.59942716
SPSB1,0.599397
SLC15A4,0.5993719
RCE1,0.5993177
PDE5A,0.59909225
MMP28,0.5990666
TMED7,0.5990557
TBCEL,0.5990361
SRP9,0.5989987
TNPO2,0.5989591
VPS37C,0.59885246
ZNF664,0.5987487
KCNIP2,0.59871787
PTPRN2,0.59857213
TMBIM6,0.5985671
SPOPL,0.59845954
SPATA2,0.5983806
TAPBP,0.5983058
SLC35D1,0.5982636
TOP3B,0.5982028
SEC24A,0.5980671
TBKBP1,0.5980429
RAB3IL1,0.5980126
STK36,0.59798557
TAOK2,0.5979447
TRIM22,0.5979013
ZNF251,0.5978871
SRRM2,0.5978408
SURF4,0.5977296
KBTBD7,0.59763783
TRAP1,0.59763354
TBC1D1,0.5976161
TXNRD2,0.59761506
VPS8,0.597524
RHOBTB2,0.59748524
THY1,0.5974784
STRAP,0.5974748
SUPT16H,0.59747213
TAF7,0.5974717
KRT17,0.59739864
SIRT6,0.5973949
PCSK6,0.5973645
SNX2,0.59733564
TSEN54,0.597255
TCERG1,0.5970894
SNRPB2,0.59708744
SEMA6B,0.59706855
SYNCRIP,0.59704095
TOMM40,0.59682065
UBA2,0.59660894
TGFBI,0.5965846
TOMM20,0.5965769
PPIH,0.5964537
TBC1D4,0.5963969
STT3B,0.5962066
SRSF10,0.5961527
SSBP1,0.596124
UBAP2L,0.59611654
RASGRP3,0.59605867
TBC1D14,0.59604234
UNC119,0.59600914
SLC27A1,0.5959529
ST3GAL1,0.5958822
RNF152,0.5958668
POGLUT1,0.5958509
TAX1BP1,0.59582686
SMARCA5,0.5956005
TUBGCP2,0.595406
UAP1,0.5953579
SOAT1,0.5953337
SLC25A28,0.5953201
SPRED2,0.59513676
FOSL1,0.5950483
OXTR,0.5950469
SMU1,0.5949529
UROD,0.5949402
STK3,0.5948888
TMED2,0.5948727
TOR1A,0.59479827
SPIDR,0.59476036
SEMA7A,0.5946466
RPGRIP1L,0.5946325
SNRNP40,0.5946248
TNFRSF10B,0.5945873
RCAN2,0.5943906
SMARCAL1,0.5943385
RCHY1,0.5942673
SPARCL1,0.5942416
RPL21,0.5942027
SEPHS2,0.5940158
SDCBP,0.5939331
TMED4,0.59389627
SUMF1,0.59387356
SOCS7,0.59386826
VARS2,0.59385324
UCHL5,0.5938
TIAM1,0.593709
PMM1,0.5936813
TROAP,0.5936606
TUBA4A,0.5936393
SLC35E3,0.5936374
SMG7,0.5936165
UBE2M,0.59357876
TRIT1,0.5935454
SEC23IP,0.59351116
SOCS5,0.5935049
TCF7L1,0.59345263
SUV39H2,0.5933894
TXN,0.5932829
USP25,0.5932591
USP43,0.59321535
PYCARD,0.5931464
TOMM7,0.592976
UGP2,0.59295964
RBM42,0.5929035
THOC2,0.5928691
TAF8,0.59285176
TACC3,0.59283715
STK39,0.59266955
NTM,0.5926009
TRAPPC10,0.59259427
TLR7,0.59251744
TBL1X,0.5924725
UBQLN4,0.5924689
STUB1,0.5924356
SPAST,0.5922006
SLC12A9,0.5921572
RAC3,0.5919884
TLN2,0.5918873
TTF2,0.5917944
TRIP10,0.59168696
TOP2B,0.5916715
ROCK1,0.5916568
SNAP47,0.5916029
TEAD2,0.5915498
TXNIP,0.5915408
TPX2,0.59142065
TPI1,0.59141916
UCP2,0.5914125
TTBK2,0.5912458
TRIM28,0.5912246
UCK2,0.5911042
TADA1,0.59103775
SSB,0.590972
PI4K2B,0.59096426
TRAPPC8,0.59080946
PHKG1,0.5907624
SIL1,0.5907008
RIOK1,0.5906902
SWAP70,0.5906188
RSL1D1,0.5905889
SRSF5,0.5905877
RRP1,0.5905595
REXO2,0.5905131
UBXN6,0.5904933
TRPM2,0.59040654
SHROOM3,0.59040356
SNX4,0.5903661
TESK1,0.59032726
TTK,0.5903083
ZNF451,0.59028316
PPP2R3A,0.5900782
RSU1,0.5900564
RAPGEF4,0.589945
TRNAU1AP,0.58993286
STON2,0.58976936
TTI1,0.5896387
PYGM,0.5896295
STIM2,0.5896049
STIP1,0.5895476
SSR3,0.5894425
SNX18,0.5894277
WDR18,0.58938235
SUPT6H,0.58936363
STK35,0.5893577
TNRC6A,0.589349
RUSC1,0.5893275
SYTL4,0.5893027
TCF7,0.58923626
SYNE2,0.5890954
TIPIN,0.5890723
SUOX,0.5889936
WBP1,0.5889865
FOXP3,0.5889544
SUPT4H1,0.58891547
SNAPC4,0.5888775
TRAPPC12,0.5887974
SPN,0.58871704
ZNF101,0.58864754
SSU72,0.58861864
TICRR,0.58858764
TNFRSF1B,0.5885569
WDR5,0.5885424
UBAP1,0.58843315
TBC1D8B,0.5882835
PDLIM4,0.58827156
RNASEH1,0.5882418
SRGN,0.5882256
TFAM,0.58820987
SNCA,0.58807683
RABGGTA,0.58796316
PCGF1,0.5878862
SPG21,0.5878283
UTP14C,0.5878182
TGFBRAP1,0.5877119
SOCS6,0.58770406
TEX264,0.58763427
WDR3,0.5876303
TAF3,0.5875353
UPP1,0.5875325
SYMPK,0.58746624
TRIP12,0.58745235
UHRF2,0.5873615
UBE2Q2,0.5873202
SLC7A8,0.5873149
RAVER1,0.5872229
VPS52,0.5872201
PTS,0.58715904
VPS37A,0.5870891
SHC1,0.58699715
PTGER4,0.5869536
TRIM46,0.5869266
TUBB3,0.5867345
TYW1,0.5866792
TP53INP1,0.58667856
SNIP1,0.5866158
TLN1,0.58660096
SPRY2,0.58655924
STOM,0.5864985
TIMM13,0.5864159
TTC5,0.5864028
TEAD3,0.5864027
UBE3A,0.58637583
USP39,0.58628654
TOP3A,0.58618355
UBR1,0.58615214
TPST1,0.58611465
UBE2C,0.5859444
SPICE1,0.5859225
ST3GAL4,0.5859168
TYW3,0.5858313
TRMT11,0.58574075
SMAD9,0.58564943
SEMA4C,0.58561665
USP33,0.5855908
TUFM,0.5855276
SMS,0.5855163
SEC23A,0.5854468
TPD52,0.585397
MYH3,0.585395
TGIF2,0.5853214
SPIRE2,0.5852811
RNASEL,0.58517426
SNX33,0.5851606
TBC1D17,0.58493173
VPS26A,0.58491236
TAF1B,0.5848347
TPM1,0.5847651
WASL,0.5846837
SAT1,0.58467585
UBE2S,0.584672
SGSM3,0.58454573
NRN1,0.5845063
TIMM21,0.58450544
UBE2J2,0.5844133
VEGFB,0.58436024
RUSC2,0.5843594
TNS3,0.5843146
ZKSCAN1,0.5843047
UBE3B,0.584275
TUBGCP6,0.58426684
USP15,0.5841065
TNPO3,0.58404404
TRIP6,0.58403254
RTCA,0.583969
VCPIP1,0.58366936
TICAM1,0.5835304
SLAMF7,0.58348787
WDR6,0.5834668
TIMM44,0.5834538
PIGV,0.58345354
RIN2,0.5834401
TRIM37,0.5834066
TACO1,0.58330595
STEAP3,0.58329403
PDE4C,0.5832451
TMC8,0.5830565
TPK1,0.58302534
TRIAP1,0.58296627
UBE2D1,0.5829204
TES,0.58286667
LMCD1,0.58284587
TRA2B,0.5828449
TRIM26,0.5828363
POMT1,0.58279085
UBE2G1,0.58276916
WASF1,0.5827221
TCTN1,0.58270645
TFDP2,0.5826889
VPS54,0.58262277
TFIP11,0.5826176
TRMT10C,0.5825603
STC2,0.5824377
TANC1,0.58243036
TMEM147,0.5823894
SYTL2,0.5823342
TPD52L1,0.5821755
MIEF2,0.5819392
TIMP3,0.58179945
TRA2A,0.5817587
STT3A,0.5817179
TRAPPC9,0.5817129
TAF12,0.58170885
TIAM2,0.58145624
UQCRC1,0.581434
TRPS1,0.5814094
UBE3C,0.5813614
WDR33,0.58135796
STOML2,0.5812187
UST,0.5811158
SYT11,0.5811094
SNAPC2,0.5810151
TTLL12,0.58101285
USP46,0.58093023
TRIM69,0.5807905
WSB2,0.5807297
SRR,0.58072907
TUBA1A,0.58066326
TIA1,0.58064014
SYNGR2,0.58059645
SYDE1,0.5805917
SEZ6L2,0.5805907
ZFYVE26,0.58044875
VPS4A,0.58044106
TPRKB,0.580359
UNK,0.58035284
ZNF100,0.5802536
PDCL3,0.5801619
TGOLN2,0.58013624
TREX1,0.58013123
YWHAH,0.5801272
TMEM258,0.5800525
VPS11,0.5800416
UBE2E3,0.5800163
SEMA4B,0.5800066
TMOD3,0.5799655
STK11IP,0.5798631
TFB2M,0.5798475
UBE2E2,0.57983506
TOR4A,0.5798031
SNAP29,0.57977283
SWSAP1,0.57960445
TRIO,0.57956415
SEC23B,0.57954895
VKORC1L1,0.5795442
TMPO,0.57953197
REPS2,0.57945365
TXNL4B,0.57929856
UTP23,0.5792671
TM2D1,0.5791738
UBE2H,0.5791686
TSNARE1,0.5791243
ZBTB8OS,0.5790268
TRADD,0.5789711
SLC40A1,0.5789518
TRAPPC4,0.5788695
SEMA4F,0.5788355
TMEM115,0.57883525
TSG101,0.5788265
STX2,0.57874656
TFAP4,0.5787272
LIMS2,0.5786417
PLB1,0.5785752
TADA2B,0.5785644
TRPM7,0.57853556
WDR37,0.5784385
TADA3,0.5783451
SPCS3,0.57831824
THOC5,0.57828146
VAC14,0.5782655
WDR11,0.57824445
KHK,0.5781073
SECISBP2,0.5780875
VPS25,0.57794166
TJP1,0.57791895
SNAPC1,0.5778107
SENP5,0.5778073
TOLLIP,0.5777966
USP7,0.5777781
TTC7B,0.577754
WDR43,0.57766575
ZFC3H1,0.5776291
VAV3,0.57758874
TNKS,0.5775211
WDR75,0.57745683
TDRD3,0.5774268
TKT,0.57737136
TGFB3,0.57731915
UBXN7,0.5773026
TSPAN5,0.5772756
TULP4,0.57722384
SLC12A2,0.5771331
SPAG7,0.57711643
USP48,0.57709265
VPS18,0.577069
TRAF3IP2,0.57702297
TRAPPC3,0.57701236
TIPRL,0.5770112
TOM1,0.576994
SRP19,0.57697785
UGGT1,0.5769537
TUBB4B,0.5769132
TSPAN14,0.5768816
SUN1,0.57686925
TTYH3,0.57669294
TNPO1,0.5766831
SPSB2,0.5766748
TUBA1B,0.5766679
PRRT2,0.57665193
TMED9,0.5766498
THUMPD1,0.57661736
TGM2,0.57655984
TAF11,0.5765497
TBL3,0.5764686
WBP2,0.5764425
UBE2L6,0.57643604
STARD4,0.5763103
SRSF6,0.57630455
UTP18,0.57613075
XPOT,0.57596266
TBC1D23,0.5759491
TFB1M,0.57594454
PLCD4,0.57589006
VPS51,0.57569885
UNC13B,0.5756491
PLXNC1,0.5756424
TMEM70,0.5755042
WASF2,0.57546765
UBE2D3,0.5754007
SUPT7L,0.5753867
USP9X,0.575346
STX16,0.5753352
TSNAX,0.5753317
SNX8,0.57525927
ST3GAL6,0.57525355
ZBTB7B,0.5751676
RGS2,0.57515526
POLR3F,0.57508177
VPS41,0.57505274
STX18,0.57498366
UBC,0.5749478
UBE2E1,0.57493615
WNT5B,0.57492375
UBQLN1,0.5749085
TRPC4AP,0.57489514
TDRD7,0.5748453
UVRAG,0.574843
TUBGCP3,0.5748275
ZNFX1,0.5748192
TBC1D24,0.57481813
UBAC1,0.57476413
PPFIA4,0.57475877
TOMM40L,0.57467955
TMSB4X,0.5746039
THRA,0.5744979
ST14,0.5744912
UQCRH,0.57440144
OLR1,0.57435584
S1PR4,0.5743258
YIPF2,0.5743022
TRAF4,0.5742225
XPO7,0.5741812
TAF5L,0.57417977
TRAPPC2L,0.5741684
SIRT5,0.57414407
TRIM11,0.5740635
UBA3,0.57404923
ULK3,0.5740442
UQCR10,0.57400787
ZC3HC1,0.57399106
RNF25,0.5739879
TUBB2A,0.5738676
TXNRD1,0.5736346
UIMC1,0.5736306
UBA52,0.5735762
U2SURP,0.5734307
SIVA1,0.57335484
TUBGCP4,0.5733051
TNRC6B,0.5733032
SERPINB9,0.5732565
NT5E,0.57314974
SPTLC3,0.5731149
TRMT5,0.57309204
VAMP2,0.5730099
TUBB6,0.57297325
WIPF2,0.57293993
XAB2,0.57292706
SPDYA,0.5729241
TAB1,0.5729215
TSEN2,0.57286376
PSEN2,0.57285297
ZNF430,0.57284766
STAMBP,0.5728131
UBE2G2,0.5726873
RNF6,0.57268345
TMEM179B,0.5726789
UBE2Z,0.57257444
UBA5,0.572566
NPL,0.572564
TERF1,0.5725587
UBXN1,0.57245976
USP32,0.5724102
SLC5A6,0.5723959
TAF1A,0.5723242
TSN,0.57229483
UBE2R2,0.5722826
WNT5A,0.5722818
MVB12B,0.57205504
TAF1C,0.5720322
TXN2,0.5720155
TRAPPC11,0.5719993
USP28,0.57197416
UHMK1,0.5718832
SUMF2,0.5718425
TMED10,0.571804
TBC1D16,0.57180315
ZNF460,0.57178473
ZSCAN32,0.57163715
NAT1,0.57160956
TRMT61B,0.5715728
ZNF445,0.57148725
UBLCP1,0.57146716
TBXAS1,0.5714483
WDR77,0.571413
RILP,0.57127064
YTHDC1,0.57118285
WLS,0.5711466
YARS2,0.5711232
ZKSCAN5,0.57101804
ZDHHC7,0.5710135
TTF1,0.5710049
SLC25A38,0.57083404
COL17A1,0.5707626
TIMMDC1,0.57067037
TOR1AIP2,0.57048166
TAZ,0.57033587
TDP1,0.5703105
RAG1,0.57026774
ZBTB33,0.5702406
SGCB,0.5701862
UNC13D,0.5701645
SYDE2,0.5701392
YBX3,0.5700872
UBE2W,0.57002735
USP10,0.57002234
UBE2O,0.5699447
SNTA1,0.5699089
SMYD4,0.56990117
UBA7,0.5698616
TRIP4,0.5697908
WSB1,0.56974983
TUBB,0.56972915
THAP11,0.5697079
ZNF589,0.5696535
WDR55,0.5696154
TSFM,0.56960315
TTC27,0.56957996
ZNF160,0.56951916
SIPA1,0.5695063
SIAH2,0.56931937
TGS1,0.5693132
ZFAND6,0.5692833
TAF9B,0.5692002
SMPD2,0.5691776
TGFB1I1,0.5690096
UBL4A,0.56887853
USP34,0.56883293
ZNF33A,0.5687553
XPR1,0.56872207
TNIK,0.5686096
RAP2B,0.5685865
ZFYVE16,0.56858563
UBE2I,0.56858355
USP5,0.5684751
UNC45A,0.56846
TNFRSF10A,0.5684376
UBFD1,0.56835747
WDR46,0.5682378
TAB3,0.5681984
SEMA5B,0.56819534
XRCC5,0.5680766
STX4,0.56804454
WDR41,0.5680359
VAPA,0.5679318
SIRT2,0.56787163
TOMM34,0.5676511
VPS28,0.5676336
TMED1,0.56763136
ZNF84,0.567594
WDR59,0.56749284
USP20,0.56736696
HDAC11,0.5673666
TPT1,0.56735355
TPRN,0.56733996
UBA6,0.5673159
USP14,0.56722236
WDR70,0.56722105
TRPV2,0.5671448
TRUB1,0.5670744
TCEA2,0.5670566
UNC119B,0.56705606
TRIM13,0.5669437
TOB2,0.566883
RABL2B,0.5667787
TP53BP2,0.56677365
PTH1R,0.56676936
TTC21B,0.56673294
ZMAT2,0.56666875
SYTL1,0.5666615
VGLL3,0.56663626
USP45,0.5664996
LAG3,0.56631964
XRCC4,0.56631845
UBE2V2,0.5662451
WAC,0.56613904
UMPS,0.5659874
TWF2,0.56591547
LDHD,0.5659045
NDUFA4L2,0.56590223
PORCN,0.5658213
STX8,0.5656275
TWF1,0.5655227
YBX1,0.5655023
UBE2J1,0.5654455
WRNIP1,0.56530374
SUMO1,0.56530195
USP3,0.565262
STARD3NL,0.5650016
WBP11,0.56499785
VPS39,0.56491864
TUBA1C,0.5647001
THAP1,0.5646595
UTRN,0.56463504
ZCCHC7,0.56455475
TAF13,0.5644818
TRIM56,0.5644746
YAF2,0.5644566
TOPORS,0.5644134
UPRT,0.5643856
TXNDC12,0.5642921
USP22,0.56419307
RGP1,0.5641594
TRIM21,0.56406146
UFM1,0.5639902
USP19,0.5638889
ZNRF2,0.5636069
UQCRFS1,0.5635597
ZNF770,0.5634445
WDR35,0.5633922
TECR,0.56325215
ZNF76,0.56292796
USP16,0.56266415
TMEM126B,0.5626641
TJP2,0.56264395
SCNN1D,0.56254536
WDR82,0.5624843
SNTB1,0.5624143
UVSSA,0.56238955
WDR1,0.56238353
TRERF1,0.5623598
UBIAD1,0.5622677
KCNAB3,0.56221086
VDAC2,0.5621702
USP37,0.562148
VCAN,0.5621049
SEMA5A,0.5620998
NDUFA9,0.56209296
WDR4,0.5619658
ZNF638,0.5618611
TRIM2,0.5618509
SHC2,0.56183916
SULF1,0.5616996
PEX11A,0.561649
USP6NL,0.5616105
ZNF124,0.56157464
TMEM187,0.5615404
TEP1,0.5614851
TRIM6,0.56141776
TNFRSF10D,0.5613629
UBQLN2,0.5613144
PEX11G,0.56127805
XPO6,0.56123847
TRAM1,0.5611028
LRFN3,0.56103057
TAGLN,0.56083035
SUCLG1,0.5607625
TNFRSF21,0.5605709
VIM,0.5605036
ZNF592,0.56045866
ZFR,0.56041193
UBE2Q1,0.5603636
WNK1,0.5603607
SRA1,0.5603549
ZDHHC9,0.5602316
SDSL,0.5600891
USP12,0.5600151
TMEM97,0.5599393
UQCC1,0.5598046
WWC1,0.55977166
WDFY3,0.55975956
YTHDF2,0.5596797
WDR83,0.5594855
TXLNA,0.5593031
ZNF207,0.5591535
ZYX,0.55909526
UBE2K,0.55894274
ZRANB3,0.5589376
TNK2,0.55892295
VPS35,0.55870813
SMYD5,0.55865854
SYNGR1,0.5585236
UNG,0.5584718
RHOU,0.5583574
ENPP2,0.558244
TMED5,0.55812764
SLU7,0.5580965
TRAPPC6A,0.55805653
ZIK1,0.558052
ZCCHC4,0.55804956
TRIM62,0.55804366
VCP,0.55803305
UXS1,0.55790687
TRAF6,0.55771506
ZDHHC17,0.55760014
VASP,0.55750144
UQCC2,0.55749923
TRUB2,0.5574222
SIRT3,0.5573457
WDR48,0.55730903
TSSC4,0.5572682
ZNF266,0.557209
VRK1,0.5571866
UGDH,0.55716175
WWP2,0.5570533
ZNF480,0.5570167
SGIP1,0.55691427
ITGA9,0.5568814
WDR91,0.55675286
VAPB,0.5565907
THAP7,0.55657524
SPATA13,0.55632824
UBE2T,0.556322
TRPC1,0.5561888
WDR26,0.55597216
UQCRC2,0.5559418
ZNF131,0.5558727
TYSND1,0.5556896
ZNF335,0.5556037
SPRY1,0.555548
USP4,0.5554546
SARS2,0.5554347
VGLL4,0.55539674
TMEM50A,0.555387
RNASE1,0.5552984
TRIOBP,0.5551995
SPTBN4,0.5551989
RPP21,0.55516005
ZNF768,0.5550486
ZNF133,0.5550349
USP11,0.5549654
ZMYND11,0.5549482
USP35,0.55470824
TNFRSF11B,0.5546918
YRDC,0.55468756
YWHAG,0.5546086
ZMAT3,0.5545675
SLC2A8,0.554262
TINF2,0.55425227
LHX6,0.5542412
ZNF300,0.5541556
STRADB,0.554095
ZNF462,0.554027
ZC3HAV1,0.55402654
MCMDC2,0.5540067
WDFY2,0.5540024
WDR62,0.55396956
USP47,0.5538042
VPS36,0.553765
TRO,0.5537172
TRIM14,0.55367213
UPF3B,0.55367076
SCUBE2,0.55366004
XPO5,0.55363905
YME1L1,0.55354404
USP42,0.5534613
UBE4A,0.55331933
ZNF385A,0.553075
USO1,0.5529857
XRN2,0.5528087
WDHD1,0.5527874
VASN,0.5527678
TXLNG,0.5527261
PCDHB15,0.5525941
ZNF254,0.55259335
ZNF394,0.5522742
SURF1,0.5522168
YKT6,0.5521557
UQCRB,0.55206096
TTC26,0.55199325
UQCRQ,0.55195487
TUBG1,0.551787
ULK1,0.5517323
TP53RK,0.551693
ZFP90,0.55166787
TBC1D2,0.55158573
UQCR11,0.55157006
SRD5A3,0.551434
ZNF219,0.5512702
YWHAZ,0.55112356
ZMIZ1,0.55110824
ZNF680,0.55070853
ZNF182,0.5506268
VMP1,0.55053973
ZNF44,0.55041
VCL,0.5503852
VANGL2,0.55035853
TBX19,0.5502323
ZMPSTE24,0.54988647
MRM1,0.5498604
SETMAR,0.54985374
ZNF678,0.5497276
SFN,0.5495822
UPF3A,0.54940736
DUSP8,0.5492303
FUNDC1,0.54920954
SH2D3A,0.5489907
SYT7,0.54898447
ZNF620,0.5487881
VMA21,0.54868484
USP49,0.548672
ZNF383,0.54845077
TAF2,0.5484012
TFAP2C,0.54827076
ZNF304,0.548166
SYNJ1,0.54795116
TELO2,0.5478905
YWHAQ,0.5477012
UNC93B1,0.5476328
ZNF623,0.54756254
VPS53,0.54756176
XYLT2,0.54753184
WIPI2,0.5474676
TRIM3,0.5471879
VDAC1,0.5470817
ZNF774,0.54706955
UBXN4,0.54706776
VAMP4,0.5470284
TRMT6,0.54684323
RAI2,0.54681385
VPS26B,0.54666764
YEATS4,0.54660255
PPP1R3D,0.5464236
TNFSF13B,0.5461938
SLC27A4,0.54594135
ZNF496,0.54582775
ZNF605,0.5455716
YWHAB,0.54549605
YTHDF1,0.54515785
XPO4,0.54512876
ZNF212,0.54469854
TRIM36,0.54460514
ZNF41,0.54438096
VTA1,0.54393476
TBC1D10A,0.54381424
SURF2,0.5434156
ZNF670,0.54332584
ZNF622,0.54322606
ZWINT,0.5431898
ZNF143,0.5430621
TP73,0.54287595
YEATS2,0.5426226
RNF144A,0.5425647
UFC1,0.5424474
RDH10,0.54225534
TRIM41,0.5421404
ZC3H15,0.5420725
UTP6,0.54204696
POSTN,0.542033
ZNF195,0.5418571
UCKL1,0.54170525
VPS37B,0.5416991
ZNF3,0.54164124
PNPLA7,0.5416296
VAT1,0.54148734
VAMP8,0.5414858
ZNF81,0.54118943
ZDHHC21,0.5411113
YIPF4,0.54105985
ZNF7,0.54069716
LY96,0.5400458
ZNF107,0.5398516
XYLB,0.5396155
USP24,0.539468
ZNF79,0.53937906
VLDLR,0.539309
USF2,0.5392813
TRAPPC5,0.5390755
VPS4B,0.5390475
UFL1,0.5389858
LIPT1,0.5389654
TNFSF12,0.5388018
PLD6,0.5385914
ZNF526,0.53844124
UCHL3,0.53822327
TDG,0.53820264
XRN1,0.53819156
ZNF112,0.5381199
SHARPIN,0.5380684
SLC35A1,0.53799015
WEE1,0.5375552
TCN2,0.53672373
HARBI1,0.5365659
ZNF721,0.53653127
UBN1,0.53644174
WDR45,0.5363909
ZFP36,0.5363565
URB2,0.5363308
WDR61,0.536199
ZMIZ2,0.53618026
SERPINF2,0.53585964
YIF1A,0.53569394
TRIM23,0.53555477
TSPYL2,0.5349969
SLC22A17,0.5349316
TNFSF10,0.5349184
TXNRD3,0.5347328
RIPK2,0.5347051
PPFIA3,0.5346599
MTSS1,0.5343976
VAMP1,0.53416985
UFSP2,0.5341351
WDR19,0.53408676
ZNF692,0.5335282
SEC31B,0.53340775
TRIM38,0.5332338
ZFPM2,0.53316885
UROS,0.53315836
TMEM176A,0.53311574
ZNF274,0.5329557
ZNF282,0.532891
ZNF286A,0.53283966
ZNF180,0.5325835
ZKSCAN3,0.5324905
TXNDC16,0.53216165
GNGT2,0.53191406
TMOD2,0.531691
ZC3H13,0.5315963
TSEN34,0.5313681
VRK3,0.5313392
LRFN1,0.53103817
SYCE2,0.53091294
ZDHHC8,0.5307273
TM2D2,0.5300669
ZNF45,0.5297749
ZNF140,0.5297731
TMEM214,0.52969915
TECPR1,0.52956706
ZBTB17,0.52923685
ZNF510,0.52920395
ZNF253,0.5291536
ZNF200,0.5289806
UBXN2A,0.52896893
ZNF562,0.5289592
WRAP53,0.5289011
ZNF398,0.528868
TBC1D7,0.5286722
ULK2,0.5282779
ZNF326,0.52802175
PSTK,0.5279934
TLR4,0.52776134
UBOX5,0.52761716
SPAG4,0.52750707
ZNF43,0.527475
ZNF302,0.5274461
WDTC1,0.52738225
TTC12,0.5270453
ZFPM1,0.52699715
RAB36,0.526887
ZER1,0.5267856
UNC5C,0.5262566
YIPF5,0.5261381
UBE2B,0.525993
TRMT1,0.5259271
ITGB6,0.52587533
SYP,0.52566206
ZNF248,0.52538013
ZNF202,0.5251858
ZFYVE9,0.52494293
ZKSCAN7,0.5247734
ZNF586,0.5246322
WARS2,0.5242579
ZNF189,0.5241567
VPS37D,0.52386457
ZNF91,0.52381396
ZNF250,0.52356625
ZNF780A,0.52335525
ZNF711,0.5232717
THBS2,0.52320725
ZNF32,0.52265817
RORC,0.5225604
ZNF710,0.5221534
YOD1,0.5219099
SLC7A7,0.521864
ZNF577,0.52144235
WDR81,0.5212463
PIP5KL1,0.5210781
ZNF621,0.5207036
UAP1L1,0.52068394
ZNF830,0.5206416
TNXB,0.52062327
ZNHIT6,0.52056736
ZNF552,0.52032167
ZNF691,0.52026206
SGK3,0.52023304
ZNF684,0.52011514
TAF6L,0.52003264
UCK1,0.5198147
ZRANB1,0.51980245
THSD1,0.51964724
NDST2,0.51961267
ZNF808,0.51918125
TBP,0.5190416
ZNF431,0.5186781
SPI1,0.5184738
ETV7,0.51831543
ZNF283,0.51737165
TRIM68,0.51719964
ZNF527,0.5167672
ZMYND8,0.5165948
TLR6,0.5165754
ZNF783,0.51636595
ZNF493,0.5162816
ZNF440,0.5160808
TMEM216,0.51582396
ZKSCAN8,0.5152427
ZNHIT3,0.5150534
TRAPPC6B,0.5148964
ZFYVE27,0.5145081
ZWILCH,0.5144915
ZNF197,0.5143607
ZNF90,0.5143247
SPON2,0.51421845
ZNF485,0.51415837
ZNF224,0.51410407
ZYG11B,0.5140945
TCTN2,0.51406175
ZNF267,0.5137194
YIPF1,0.5136743
PLXNB3,0.5136723
ZNF18,0.51363206
ZP3,0.51358795
SMPDL3A,0.5134408
WNT2B,0.5130996
ZNF337,0.5126578
UTP20,0.51263803
WASF3,0.51250976
ZNF227,0.51239353
ZNF354A,0.51229054
ZNF516,0.5122835
ZW10,0.51225954
ZNF12,0.5119233
GGT1,0.5118431
ZNF544,0.51170665
WTIP,0.5115728
ZNF320,0.51147324
MMAA,0.51141447
ZNF273,0.5110398
ZNF607,0.5108309
ZNF33B,0.51079077
ZNF426,0.5103547
ZNF528,0.5101532
SMG8,0.50979847
ZNF264,0.50974417
ZNF766,0.50968874
ZNF550,0.5095663
NPRL2,0.5082133
ZNF211,0.5074902
UTP3,0.5070087
ZNF519,0.50676304
ZNF555,0.50665325
ZNF473,0.50648594
UTP14A,0.5061779
TM6SF1,0.5059501
ZNF714,0.50556415
ZNF486,0.5055581
UBE2D4,0.50541526
ZNF26,0.5051912
ZNF74,0.5051205
TSPAN12,0.50510037
ZNF318,0.50472546
SLC30A4,0.504621
USP21,0.50449556
SEMA6C,0.50425667
VIPAS39,0.50412446
RAMP3,0.50405765
S100A3,0.5039206
ZNF155,0.5038279
ZNF587,0.5038051
YIPF6,0.5035564
ZNF317,0.5032516
P4HA3,0.5029502
SERPINB8,0.50272775
ZNF791,0.5023337
ZNF593,0.5012074
ZNF10,0.5010301
VPS33A,0.5004531
LAT,0.50010437
ZFP14,0.499941
TUBA8,0.49907237
ZNF136,0.49888355
ZNF34,0.49872297
ZNHIT1,0.49788752
ZNF566,0.4975864
ZNF500,0.49740192
PDE1B,0.49732703
ZNF141,0.49706888
RAB32,0.4969519
TMEM186,0.4968377
TRPV4,0.49655175
TEFM,0.49594557
ZNF517,0.49581438
RASL10A,0.49566028
SLC25A14,0.49566016
ZNF235,0.49521714
ZNF564,0.49503982
ZNF687,0.49481416
TUBG2,0.49449039
ZNF641,0.4943611
ZNF548,0.49333748
ZNF561,0.4932564
ZNF557,0.49242792
ZNF529,0.49188814
ZNF423,0.4916233
ZNF546,0.49159268
TFAP2E,0.49150327
SVIP,0.49105045
ZNF567,0.49071166
TRIM39,0.49035603
TNFRSF25,0.49019378
S100A9,0.48927298
ZNF585B,0.48857695
SLC4A11,0.4885207
ZFP82,0.4882578
ZNF443,0.48801216
WHAMM,0.4876712
SGPP2,0.48756152
ZNF708,0.4874845
TTC30A,0.48712686
ZNF92,0.4870329
ZNF778,0.486826
ZNF780B,0.48668772
ZFP30,0.48598233
TP53I3,0.48591033
SEMA4G,0.48499256
ZNF569,0.48427266
PSD,0.48415014
TPMT,0.48399857
SHPK,0.48315692
TBX2,0.48311457
ZNF461,0.48259404
RGS4,0.48227042
ZNF234,0.4821581
VCPKMT,0.48212108
ZNF611,0.48210946
PTGER2,0.4816302
ZNF490,0.48152122
ZNF333,0.4814444
SECTM1,0.48124403
HEYL,0.48111823
ZNF671,0.48108688
ZNF700,0.48078698
ZNF420,0.48074237
ZFP1,0.480445
ZNF19,0.47976717
RIPK3,0.47971788
ZNF83,0.47957286
RNF113A,0.47938925
SLC18A2,0.47920817
LRRC6,0.47851238
ZNF17,0.4784319
ZNF429,0.4784277
SNAI1,0.4763604
ZNF585A,0.47635502
S1PR1,0.47561833
ZNF2,0.47486424
WNT9A,0.47463426
RDH5,0.47445798
ZNF433,0.47377253
ZNF814,0.47330374
ZNF221,0.47325695
SLA2,0.47243106
ZNF614,0.4721043
ZNF14,0.47163832
ZNF543,0.4706931
GLIPR1,0.4700302
ROBO3,0.4688324
ZNF846,0.46880242
ZNF701,0.46809155
WDR31,0.46782717
ZNF738,0.4671735
XYLT1,0.46641153
ZNF175,0.46629107
ZNF823,0.46619472
ZNF530,0.4661614
ZDHHC2,0.4650124
TGM1,0.46464378
SLA,0.46430102
ZNF841,0.46388033
TCEAL1,0.46368507
TRIM45,0.46348542
ZFP69B,0.4626425
ZNF284,0.4621315
RASSF6,0.46146497
ZNF764,0.46131495
ZNF419,0.46102884
ZNF506,0.4608721
ZNF776,0.46068764
ZNF674,0.45928976
TRPC6,0.45920357
ZNF256,0.45852315
ZNF649,0.4583798
ZNF677,0.45793796
PTGS1,0.45763835
ZNF57,0.45750257
ZNF558,0.45727378
ZNF354B,0.4559121
ZNF573,0.4542202
ZNF350,0.45420682
ZNF222,0.45316148
NEB,0.45307493
ZNF699,0.45305076
ZNF772,0.45302233
ZNF615,0.4526626
ZNF415,0.45263997
ZNF468,0.4522073
ZSWIM7,0.45191973
ZNF442,0.45177028
ZNF416,0.451414
ZNF184,0.44993916
RASD2,0.44989774
TMEM17,0.44977975
ZNF600,0.4495256
STAC3,0.44924894
ZNF347,0.44809967
SCN1B,0.44652316
ZNF354C,0.4459912
ZNF709,0.44370788
ZNF439,0.44291753
SLC44A4,0.4420079
ZNF836,0.4418747
ZNF225,0.4395305
ZKSCAN4,0.43840593
TXK,0.43707964
ZNF549,0.4369134
RNF128,0.4348829
ZNF765,0.43367633
ZNF626,0.433667
ZNF790,0.43307924
WDR5B,0.43274903
ZNF813,0.43163225
ZNF467,0.42760473
ZNF324B,0.42504254
TLR3,0.4246114
ZNF135,0.4244107
ZNF418,0.42126086
SDHAF1,0.41954276
USHBP1,0.41830006
ZNF132,0.41494426
ZNF470,0.41297153
ZNF71,0.41285825
ZNF793,0.41130716
TNFRSF10C,0.40781978
ZNF773,0.4065981
ZNF69,0.40573975
