Gene Name,Score
COQ7,0.73134184
DUSP10,0.7244838
CEP97,0.71659464
CES2,0.7100488
CTSK,0.7098463
COL9A2,0.70891213
CACNB2,0.7076166
CLIP3,0.705769
CHPF,0.7049232
BCL7C,0.70438236
AIMP2,0.7039984
CEBPG,0.7028238
APPBP2,0.7024545
AHI1,0.70101047
GEMIN2,0.7003157
COG6,0.6980442
ARHGAP39,0.69778895
HCAR2,0.6975403
CHCHD5,0.6971614
ARPC1A,0.6968485
ARHGEF18,0.6967766
ARHGAP44,0.6955768
ARHGAP26,0.69542426
DCLRE1C,0.6944102
DEPTOR,0.69389117
AIFM2,0.69382346
CYB5R2,0.69372594
AGO2,0.6934373
GGPS1,0.6932993
GDF15,0.69268006
HAVCR2,0.6925011
C17orf75,0.69214016
FST,0.6911748
CETN3,0.69110566
CYP2S1,0.69079804
AMY2B,0.68943274
ALDH1B1,0.68925077
ALPL,0.68887967
CENPM,0.6879597
AP5M1,0.68752515
ANGEL2,0.68736964
APTX,0.686841
COPS2,0.68678
AP1G2,0.6867615
CENPC,0.6865546
CLPX,0.6863508
HERC6,0.6863261
HS3ST1,0.68596333
CD69,0.6853873
HSD17B1,0.68538404
CGRRF1,0.6853478
ATP8B1,0.68523484
CASZ1,0.6848327
CENPT,0.6838721
CCDC22,0.6837945
ATP6V1B2,0.68375623
CMAS,0.6835551
ARFRP1,0.68346965
CENPB,0.68338597
AMOTL1,0.68244374
AP4S1,0.6822246
AHCYL2,0.68208444
EVC2,0.68179375
GCAT,0.68167615
COLEC12,0.68165326
IGSF6,0.68122894
B4GALT7,0.68095803
ATF6,0.68077177
CDKN2AIPNL,0.6806412
ADAM12,0.6806271
GNA15,0.6805361
CEBPB,0.68048304
COQ4,0.68036723
AQR,0.68028206
ALG6,0.6800979
DCK,0.679999
BCL7B,0.67956364
ARL8B,0.6795024
C7orf26,0.679223
CEP41,0.67909336
CTSZ,0.6790811
BFSP1,0.67903805
AHNAK,0.6789391
CHST14,0.6788388
CD83,0.67855036
BCKDHB,0.6783443
CPT1B,0.6780546
CENPI,0.6780451
ARRDC3,0.6778499
A1BG,0.6778454
AP2A1,0.6775758
CAMKK1,0.6774989
CUL7,0.6772319
AAAS,0.67722803
AMOTL2,0.6772172
CMTR2,0.67701834
AACS,0.6769365
COL1A2,0.67674255
AADAT,0.6766498
ARNTL2,0.6766431
AAK1,0.6766349
C18orf32,0.67649347
AAMP,0.6764862
BBS10,0.6763124
FHOD1,0.67628497
CMPK2,0.6762382
COQ5,0.6760773
CCDC136,0.6758465
AAR2,0.675777
ATG4A,0.6757446
COPZ2,0.67550206
AARS2,0.6754845
IFIT1,0.675225
AASDH,0.6751907
ATP7A,0.6750724
AASDHPPT,0.6748959
AIFM1,0.6748755
AMBRA1,0.6746815
CLUAP1,0.6746651
AASS,0.67459875
CTSA,0.6745238
EXOC8,0.6743205
AATF,0.6743022
ABCA1,0.6740059
AKR1A1,0.6740006
ACO2,0.6739959
COG8,0.67397374
ARHGAP31,0.6739674
CAPN15,0.67392695
ABCA2,0.67371005
ANP32A,0.6736738
ANAPC5,0.6736068
BCKDHA,0.67358506
ALKBH5,0.6734989
CCR7,0.6734361
ABCA7,0.67340595
CKS2,0.6732969
AIMP1,0.67329234
ABCC1,0.6732282
ABCB10,0.6730992
ABCB4,0.67279255
CIR1,0.6727588
ANXA5,0.67262673
ABCB6,0.67248607
AP2A2,0.6720565
ABCC3,0.67187196
CCNL1,0.6718264
ADK,0.67163163
BCL2L2,0.6716071
ABCD1,0.67156255
ABCD3,0.6715068
ACTA2,0.6712074
CHPF2,0.6710834
ABCD4,0.6709436
GHDC,0.6708011
ABCE1,0.6706312
ATG13,0.6704795
ANXA6,0.6704717
ALMS1,0.6703852
E2F4,0.67036355
DCLRE1B,0.67031944
ABCF1,0.6703161
CYFIP2,0.6701396
ABCF2,0.6700009
ARL14EP,0.66981095
FCGR3A,0.66978896
IL7,0.669738
ABCF3,0.6696856
CNOT7,0.6695914
ACAA2,0.66938233
ABCG1,0.6693701
AP1G1,0.6693422
ANAPC15,0.6692115
ANO10,0.66920716
FAAH,0.66888225
CDK11B,0.66878575
ADD3,0.6687777
ABHD12,0.66873807
DUSP12,0.668659
F2RL1,0.66862255
AGPAT4,0.66846037
ANKRD44,0.66843086
AP1S3,0.6684137
ACACA,0.6683165
ABI2,0.667788
AP3M1,0.66774523
MPZ,0.6677259
ACADVL,0.66770065
CPSF6,0.6676364
ABI3,0.66747093
ARL4C,0.6673925
ALDH3B1,0.6673563
CCNB1,0.6671723
ABI3BP,0.6671534
ANAPC4,0.6670426
ARHGAP29,0.66694075
ARF6,0.66677135
BLOC1S2,0.66643757
COL16A1,0.6664043
CD2AP,0.66634834
DCXR,0.66618776
APH1B,0.6661821
ACTB,0.6661797
BRD2,0.6661649
CHMP1B,0.6658987
ABLIM2,0.66587174
CLOCK,0.6658457
BAZ2A,0.66567916
ACAP2,0.66567457
ARHGDIB,0.6656654
CALM1,0.6656246
ARID4B,0.6655712
ABLIM3,0.66556495
ARRB2,0.6655455
ANAPC1,0.6655417
CD58,0.66551864
EGR3,0.66537094
BCL2,0.66529095
ABR,0.6652444
ETV3,0.6651725
ATP6AP1,0.66508937
DENR,0.6646773
AP3D1,0.66465175
ACOT8,0.66445464
ABTB1,0.6644485
DHTKD1,0.6643902
CFLAR,0.6643773
ARL6,0.6641978
ACAA1,0.66400295
ARHGEF28,0.66393584
ATAD5,0.6638964
ELP5,0.66377795
ACTG1,0.6636569
CHMP4B,0.66337335
CALCOCO2,0.6633402
BIN1,0.663087
ALCAM,0.66293025
CDCA5,0.6628101
ANK3,0.6628033
CENPA,0.6627693
ACACB,0.66261876
ARID5B,0.6625895
CPD,0.6625531
CKLF,0.66252935
BANP,0.6624931
BCAR1,0.6624559
BAG5,0.66243106
CACNB1,0.66220236
CARD10,0.66216487
ACAD8,0.6621512
CCDC97,0.6619119
ACTR1A,0.6618432
AGRN,0.6617827
ARHGEF15,0.661685
ACAD9,0.66168314
DNAJB11,0.66156477
CAMK2G,0.66146016
CEP78,0.6614228
C1QBP,0.66140157
F3,0.6613894
CNOT8,0.66121376
ACADM,0.6611938
CDR2L,0.6611675
CTDNEP1,0.66097003
AXL,0.66092396
AFTPH,0.6608625
ARHGAP10,0.6607424
DLGAP4,0.6607419
ATP1B3,0.6606811
ACADS,0.660649
ACLY,0.6604529
DOK2,0.6604384
ATP6V0B,0.6603596
ANO9,0.6603426
ANAPC16,0.6603382
B4GALT3,0.6602285
CDKL5,0.66006523
AKAP1,0.6600554
CDK8,0.660045
ACADSB,0.6599936
CSTF2T,0.6597946
ALDH1A3,0.6597894
CLDN15,0.65959084
APIP,0.6595618
DOCK10,0.659546
CCNF,0.65950626
CHTOP,0.6594746
DZIP1,0.6593245
CMTM4,0.65918976
CAP1,0.65917474
ADSL,0.65913934
CDC6,0.65910214
CLPP,0.65908074
ATG9A,0.6589873
AHRR,0.6589723
ACTN4,0.6589341
DUSP7,0.6587991
ARHGEF11,0.658728
DENND2A,0.65870965
FOXF1,0.65868485
FRZB,0.65864915
ANO6,0.65862834
ACAP1,0.658604
DNAJB12,0.6585896
ATXN3,0.6585518
CBX4,0.6585069
COX6B1,0.658414
CCDC174,0.6580572
AP3S1,0.65785325
ACIN1,0.6578445
CETN2,0.6577581
COL4A1,0.6576387
BFAR,0.6576346
CDK11A,0.6576289
COX5A,0.65755737
BLOC1S5,0.65753037
DENND4A,0.65744746
ATP11B,0.6573661
CALU,0.6573609
ADAM9,0.6573518
CCAR1,0.6573426
C1D,0.6573009
ACAT1,0.65728813
CHCHD1,0.65712833
ARF3,0.656914
CDC25B,0.6568638
CARF,0.6568139
BECN1,0.6568025
ARSJ,0.65668106
ACAT2,0.6566256
BLZF1,0.6565122
ACTR2,0.65651137
CDH24,0.65647703
CNNM3,0.65640885
CPSF2,0.65633494
ACTN1,0.65633476
CBX5,0.65625095
ANP32B,0.65616167
ARHGAP32,0.65611136
ACBD3,0.6559544
COX18,0.6559411
ACYP1,0.6559398
IFNGR1,0.6559044
CLDN7,0.6558123
CAMLG,0.65573245
ELMO3,0.65564287
AUH,0.65555227
DMXL2,0.6555461
CSNK1G2,0.65552545
CDK19,0.65550745
ATP6V0A2,0.6554679
CENPH,0.655422
EIF4ENIF1,0.6553475
CD27,0.6552691
DENND2C,0.65522385
ACD,0.65521216
CPOX,0.655203
CCS,0.6551683
ATP6V0A1,0.65516675
ANLN,0.65499955
BRD1,0.65477747
ACTR3B,0.6547729
LRRC8E,0.65473413
ATIC,0.6545597
ETHE1,0.65448993
ACE,0.6544487
CHORDC1,0.65438426
CNPY3,0.6543371
ARFGAP3,0.6542047
ATG16L1,0.65418357
CHAF1A,0.65414184
BRWD3,0.65413857
HENMT1,0.6539469
CSNK1A1,0.65391964
ALG13,0.6538609
CEP170,0.6537768
CHD9,0.65374935
CENPF,0.6537226
ACER2,0.6536832
CENPL,0.65366644
FASTKD2,0.65363485
MED11,0.65349144
CCDC93,0.6532318
ARHGAP4,0.6531127
CCDC12,0.6531031
FKBP3,0.6531014
COL8A2,0.6530525
ARHGEF19,0.65293646
ACER3,0.6529161
CTNS,0.65270007
CUL9,0.65260774
CERK,0.652549
BOLA3,0.6524918
FBLIM1,0.65245473
AP2B1,0.6524218
GPR132,0.65236616
DYRK1B,0.6522556
CSK,0.6521517
EXOSC7,0.6519889
EMD,0.65189993
ADCY5,0.65180784
CNNM4,0.6517477
CAMK2D,0.6517259
GTF2B,0.6516753
CLSTN1,0.65157336
CTHRC1,0.65156704
GMPR,0.65148765
ARL16,0.65145445
ATXN7L1,0.65145284
ADD1,0.6514165
EMC7,0.6513362
AHSA1,0.65133536
CS,0.65131086
ADCY6,0.6512741
COPG1,0.6512595
DHCR24,0.6511469
CLSPN,0.65110147
COMMD6,0.65106875
CHMP5,0.65106326
CHMP3,0.650846
COG4,0.65075916
ARHGAP35,0.6507185
ACO1,0.65059865
CDK13,0.65054333
KCND1,0.6503681
AP2S1,0.6503131
AMOT,0.65015495
DDX31,0.65013623
DCAF15,0.6501238
ACTR8,0.65009123
DUS1L,0.65006816
COA1,0.65004325
BET1,0.65001535
EXOSC1,0.64991
CSNK1D,0.64987963
DSCC1,0.64984137
ATP6V1D,0.64978737
DPH7,0.6497774
DGUOK,0.6497471
CORIN,0.64968437
BCL2L11,0.6495966
CAPZA2,0.6494657
CDC34,0.64935005
APPL2,0.64932376
CLIP2,0.64926815
CENPE,0.6492387
ATP1B1,0.6491034
CMSS1,0.6490964
CTR9,0.64908284
ACOT1,0.64904225
CD52,0.64896303
D2HGDH,0.6489604
EFEMP1,0.648899
CRKL,0.6488491
CLASP2,0.6488229
CSTF2,0.6488183
MS4A4A,0.64865696
ADCY3,0.64862597
GMIP,0.64855194
DGKZ,0.6485511
DOK4,0.6484986
BHLHE40,0.64849216
GPATCH1,0.6484513
B3GALNT2,0.6484482
DENND3,0.6482952
ACOT11,0.6482607
ARFGEF1,0.6481896
BLOC1S1,0.6481883
DDX19A,0.64814603
CALD1,0.64794105
CEP152,0.64767027
DEPDC5,0.64755267
ACOT13,0.64748406
GID8,0.64748174
CXCL14,0.647456
EXO1,0.64745206
DDOST,0.6473878
DEPDC1B,0.647356
BABAM1,0.6473434
AREL1,0.6472764
CDC27,0.647098
FIG4,0.6470912
ACOT7,0.6470728
FEM1A,0.6469646
COL4A6,0.6467118
ACOT2,0.6466996
AKAP13,0.6466581
COX7A2L,0.64663786
ARHGEF2,0.6466342
BTF3L4,0.64660025
CLEC2D,0.646485
CRTAP,0.64645386
ATP6V1G1,0.6463271
EDC3,0.6462737
BMI1,0.64626056
CDK2AP1,0.64624506
CAD,0.64624435
CD109,0.6462344
LIN7B,0.64617145
EZH1,0.64610493
EDEM3,0.6460988
ANTXR1,0.64598155
ACVR2B,0.64595807
DDX21,0.6459094
ACOT4,0.64572346
CEPT1,0.6456935
FZD4,0.64561105
CCNG1,0.64559376
CCNH,0.6454862
CDC7,0.6454838
DPH5,0.64542985
CLCN7,0.6454081
CHCHD6,0.64536047
IFIT5,0.64531446
GPD1L,0.6453132
ACTG2,0.6452886
CAMK1D,0.6452571
CHSY3,0.6452352
CDH23,0.64523
ARL4A,0.6452182
ASXL2,0.64519274
CNIH3,0.64516014
GEMIN8,0.64515513
ATXN2L,0.6451245
ATP2B4,0.6450228
BTN3A2,0.6450114
DCAF8,0.6449548
ALG5,0.6449459
ARAP1,0.6449301
AKAP9,0.6449207
ATAD2,0.64489985
DKC1,0.64478827
COPB1,0.6447621
BZW1,0.64472556
CEP290,0.6446206
ATG10,0.6444758
CCDC91,0.64444315
EIF4E2,0.64436454
CCNY,0.64429957
ASRGL1,0.6442286
FMNL3,0.6442195
FKBP2,0.64420664
DCTD,0.6441973
FYTTD1,0.6441837
DHCR7,0.6441831
CHTF18,0.6441456
CSE1L,0.64414084
EIF4H,0.6440656
CD47,0.6440603
COL27A1,0.64400923
BCAS3,0.6439923
CNOT2,0.6438842
ARL2,0.6438703
CERS4,0.6438561
DTL,0.6438404
DIS3L,0.6437732
CDR2,0.64372903
EME2,0.6436737
CSAD,0.6436295
DHX37,0.6435378
DDX46,0.6435296
BIRC5,0.64337945
DAPK1,0.643289
CSPP1,0.643267
AMMECR1,0.64321184
ADNP,0.64319986
FNTB,0.6430251
CDS2,0.6429865
ARF1,0.6429782
AGL,0.6429707
AFG3L2,0.64295805
DDX56,0.6429509
FIS1,0.6429042
BTBD2,0.6428585
FBXL3,0.64284915
COMMD1,0.6427802
ARSB,0.6426961
CERS6,0.6426801
CRK,0.6426783
CELSR1,0.64267147
DDX19B,0.64263403
COL6A2,0.6425683
BCAT2,0.64254564
APOE,0.6425037
ALKBH1,0.6424867
LIN7A,0.6424854
CDKN3,0.64243954
CEP164,0.6424228
BTBD1,0.64238423
CHST15,0.6423518
CDCP1,0.642334
LILRB3,0.6422997
GIT2,0.6422925
BOP1,0.642221
CHM,0.6422125
ACOX1,0.64208853
ARHGAP24,0.6420165
ACTR3,0.64199626
CLINT1,0.6419599
CYB5R3,0.641909
DTX3L,0.64190215
ATG4D,0.64185274
ACSL4,0.6417662
IRF6,0.6417236
ADH5,0.64171535
CDC5L,0.6415646
COMMD8,0.64147735
DCAF6,0.6412955
ADAM23,0.6412873
DNAJC5,0.6412835
CTNNA1,0.6412618
CHML,0.64123267
CEBPZ,0.6412213
CDT1,0.6412115
CELF1,0.64100635
GCFC2,0.6409058
CDK9,0.6408763
DCTN5,0.640819
FNIP2,0.640716
ACOX2,0.6405786
GBP3,0.6405433
ADAR,0.64054024
FLAD1,0.6404731
ATP8B2,0.64044386
DYNLL1,0.64042264
C3orf38,0.6402466
CBX7,0.64022064
ECE1,0.6402172
CAPN2,0.64013946
DGKE,0.64008224
ACTL6A,0.64005697
DOCK7,0.6400564
CADM1,0.6400546
AK2,0.6399718
DDX41,0.63994044
ERH,0.63991183
LIPG,0.6398486
BAG6,0.639827
APLP2,0.63981676
AGFG1,0.63964385
COL4A2,0.6396368
GSPT2,0.63962567
DOCK6,0.63960135
DGKA,0.6395966
ADAM10,0.6395903
CDCA2,0.6395548
HOXA3,0.639551
GEMIN7,0.6394832
CLDN12,0.63947827
KCNJ15,0.6394778
ADAM17,0.6393766
CTIF,0.639338
CTNNBIP1,0.6393279
ITPA,0.63930964
ANXA1,0.63926685
CEP192,0.63926435
HAUS6,0.6392596
FAM168B,0.6392185
DDX10,0.63912296
CD68,0.6390713
ACOX3,0.63906246
CKAP5,0.6390618
ADAM15,0.6390477
DDX17,0.6388911
CWF19L2,0.6388422
CHD1,0.6386727
HSPB11,0.6386596
ACTR1B,0.6386591
ASAP1,0.63852507
CUL5,0.6385216
DNAL1,0.6384687
DDX24,0.63843364
DOT1L,0.63842493
GPX7,0.6384102
CABIN1,0.6384061
BRAP,0.63836884
EBAG9,0.6383384
ALS2,0.63832366
ANXA2,0.6382132
DCAF12,0.63820153
CSNK1E,0.63818395
AFF1,0.63811505
FDX1,0.63809174
DMD,0.6380912
ARHGAP17,0.63803273
COL8A1,0.63802654
CLTA,0.63801634
DCAF5,0.6379688
GATC,0.6378706
CYB5B,0.637849
CTBP2,0.63782895
BMF,0.6378186
CCDC40,0.63779515
FBXW4,0.6377483
BPTF,0.6377371
FBLN1,0.6377154
ACTR6,0.6376023
ATP8A1,0.6375961
ACP1,0.63753664
CNDP2,0.63753456
CCNL2,0.6374263
ATP2B1,0.6373822
DNM1,0.6373626
COL5A1,0.637356
ATP6V0C,0.63734114
CXADR,0.6373037
B4GALT1,0.63721114
CAMK4,0.63716966
ASAP3,0.6371075
COX10,0.6371061
APBB2,0.63709015
COPS5,0.63705385
IFI35,0.6370192
CEP57,0.6370102
E2F6,0.6369863
HMG20A,0.63698304
HOXB2,0.63690275
ARPC4,0.6368909
IL12RB1,0.63688165
CUL2,0.6368014
ATG4B,0.63678616
BAIAP2L1,0.63674706
ADORA2B,0.6367397
CDC42,0.6367263
JAG2,0.63662547
DHRS11,0.6365213
CAMKK2,0.6364595
ARIH1,0.63639015
EAF1,0.6363323
DUSP1,0.6362176
FBXO10,0.6361713
ENSA,0.6361696
DMPK,0.6361251
AGPAT5,0.63609505
CD63,0.6360811
CNOT1,0.6360794
DAPP1,0.6359285
BRF1,0.6359184
EMC1,0.6358931
CYFIP1,0.63587946
ACP2,0.6358615
CXXC5,0.6358562
GNL3L,0.6358539
B3GAT3,0.63578075
ATP6V1C2,0.6357305
CDIPT,0.63572705
GOLGB1,0.63565314
CORO1B,0.6356152
DSTN,0.63559943
EHD1,0.63554
EXTL3,0.63549197
BRD8,0.63547546
FAHD2A,0.63541317
GDE1,0.6353898
CTSH,0.6353847
ERLEC1,0.6353563
ETNK2,0.6353015
MATN3,0.63527846
COPA,0.63527393
IFT74,0.63524884
EIF4G3,0.63524526
ATP6V1A,0.6351181
ARHGEF25,0.63507295
ETFA,0.6350652
FHL2,0.6350095
CTC1,0.63499576
CHST1,0.63495696
BARD1,0.6349377
AGO1,0.63487226
DGKI,0.634811
CUL3,0.6347561
DHX38,0.63468397
GANC,0.6346373
ASPH,0.63460416
ARFIP2,0.634489
GABBR1,0.6344632
EIF3K,0.63446087
ASAH1,0.63443804
DNAJB6,0.63443726
CYP2D6,0.6344119
ALKBH8,0.6343954
CUL1,0.63433796
MBD4,0.63433516
CYB5A,0.6343087
FAM131B,0.6342631
EHD4,0.63425285
CYTH1,0.63421845
ACP5,0.634053
FUCA1,0.63402575
CHST12,0.63402045
CACYBP,0.63395107
CIT,0.6337985
ASH1L,0.6337251
COPS4,0.63365316
ARPC2,0.6336023
DNAJC13,0.63356495
CDK17,0.6335649
C1R,0.6335644
CDCA7,0.6335437
BRIX1,0.6334774
CFD,0.633466
CTTNBP2NL,0.63344586
ADAM22,0.6334267
CTPS2,0.6332677
DOCK5,0.63325363
DGKH,0.63313955
GNL1,0.63309896
HCK,0.6330978
ESYT2,0.63301784
AHCTF1,0.6330048
DENND5B,0.6329787
CNTLN,0.6329417
HPRT1,0.63293594
AK9,0.6329325
CUL4A,0.6329264
CBX2,0.63283086
GKAP1,0.63281596
CHD7,0.6327219
HINT1,0.63270956
KIAA0513,0.63269264
CTDSP1,0.6326922
FCF1,0.6326864
ERI2,0.63253915
CNOT4,0.63251597
CDK20,0.6324361
GNAO1,0.6324277
CSDE1,0.63236827
ERP29,0.632347
BIN2,0.63233244
DAPK2,0.6322698
CASP10,0.6321719
EIF3G,0.6321544
CDK4,0.6321135
ACSF3,0.63208497
CTBP1,0.6320654
CNIH1,0.632064
AHCY,0.63205713
CHCHD3,0.63202673
DNAJA2,0.6320203
CHSY1,0.63198256
LPIN3,0.63195866
CCDC68,0.63187945
ALDH4A1,0.6318127
FAM13B,0.63179326
AHCYL1,0.6317493
CFL2,0.6317169
EXOSC2,0.63169104
E4F1,0.63167554
CACNA1C,0.6316233
ADAMTS7,0.6316163
B4GALT4,0.6316154
DCAF7,0.63160515
DAB2,0.6315868
EIF4EBP1,0.6315794
EME1,0.63155717
FAM83D,0.631491
ELF1,0.6314611
COX11,0.63144815
DIS3L2,0.63142335
CCT5,0.6313659
CDC14B,0.631319
GRAP2,0.6313077
MAOA,0.6312854
DAP3,0.63127136
CORO1A,0.63124245
FBXO21,0.6311499
HERC2,0.631131
MED26,0.631126
CMPK1,0.6311038
COPS3,0.6311014
AGO3,0.6310928
BRPF3,0.631082
CPNE1,0.63106847
CSGALNACT2,0.6310647
EIF2AK1,0.6310069
DHX36,0.63090277
CCNT1,0.63082004
KCNC4,0.63076526
FANCB,0.63072413
CDK16,0.63063484
FAM8A1,0.63059753
CYTH3,0.63059205
C12orf65,0.63056695
CTH,0.6305566
ETF1,0.63039595
FBXO9,0.6303909
CORO1C,0.6302978
COMMD2,0.63017434
CENPK,0.6301224
ADCY1,0.6301189
CMYA5,0.63007194
CACNA2D1,0.6299562
IQGAP1,0.629945
COL4A5,0.6299373
LEO1,0.6299322
ACSL1,0.6298577
EPHB4,0.6298374
FZR1,0.6297981
HBP1,0.6297012
HIPK3,0.6296797
DNAJB4,0.6296591
EIF4B,0.62963307
EPHA2,0.6295842
ATM,0.6295488
AGPAT1,0.62954086
EP400,0.6294572
ATRN,0.629426
BICD1,0.62939644
ATP6V0E2,0.6293892
ASB1,0.6293657
AIP,0.62933475
CKAP4,0.6293262
CLIC4,0.62928706
ARFGEF2,0.62926495
EIF2S1,0.62923867
FBXW2,0.6291711
EMB,0.6291522
EVC,0.62913793
FAM110B,0.62912595
FBXL5,0.62907857
CHMP2A,0.62899214
GTF3C4,0.6289403
DIAPH2,0.62890315
DNMBP,0.6288903
CCZ1,0.628882
AP4B1,0.6288778
AFF4,0.6288736
BACH1,0.6288732
CYC1,0.6287888
BAHD1,0.6287314
EPB41L3,0.6287295
DNAJC8,0.62870127
DUSP16,0.6287009
DCP1A,0.6286181
CD48,0.6286097
EXOSC10,0.62860453
ATXN1,0.62846845
DST,0.6283844
MAP3K8,0.6283709
CDC23,0.6283515
CAPRIN1,0.6283316
ALDOA,0.628321
ADPGK,0.6282809
DHDDS,0.62825155
DCPS,0.6282334
C11orf49,0.6281715
CPEB2,0.62816113
CDC42BPB,0.62815857
HMGN1,0.62815577
CBR1,0.6281521
CNOT6,0.6281024
BSG,0.6280437
ASL,0.6279587
APH1A,0.62795824
CARS2,0.62792736
KPNA1,0.6279222
CENPP,0.6279103
DOCK4,0.6277663
EMC10,0.6277469
ETS2,0.627689
DPY30,0.6276808
ENTPD6,0.6276697
FBF1,0.6276658
CEP135,0.6276573
DHX9,0.6275493
HEXB,0.6275472
KANK2,0.62745875
FRAS1,0.6274554
FZD3,0.6274045
ICAM3,0.6273514
ATF7IP,0.62734616
DCAF4,0.62734026
CENPN,0.6273226
AK4,0.6273202
CTDSP2,0.62727815
KLC1,0.6271334
BTF3,0.6271107
DOCK2,0.62708855
EXPH5,0.6270695
BAZ1B,0.6270319
DUSP2,0.62702984
GPSM2,0.6269754
ADIPOR1,0.6268427
FOXK2,0.62683684
IL32,0.626832
EHBP1,0.62682205
IDUA,0.62676096
ERGIC2,0.6267284
ERCC6,0.6267024
CHMP4A,0.6267002
COX20,0.62668437
GEMIN4,0.62667567
CAPN5,0.6265285
ERGIC1,0.6264487
KPNA2,0.62640125
GEN1,0.6263991
GABARAP,0.62638366
CHD1L,0.62632656
GDF11,0.6263123
EIF2AK4,0.6262036
EGLN2,0.6261947
CD9,0.62616086
ARHGEF40,0.62615985
ACTR10,0.62611413
FBXO22,0.62605304
EEF1D,0.6259946
DTNB,0.62598854
DPH2,0.62596476
ELAVL1,0.6259079
BCL2L1,0.6258939
CD99L2,0.6258936
ATG2B,0.6258775
CLIP1,0.625844
MRPS23,0.62583375
FCHO2,0.6258248
CFL1,0.6257819
DDA1,0.6257414
AGO4,0.6256927
GTF3C5,0.6256623
HAUS8,0.6256476
FAF2,0.6256447
HTRA2,0.6255568
GTPBP4,0.6254997
EEF1B2,0.62549317
ALDH7A1,0.6254874
APAF1,0.62548476
EHD2,0.6254375
ASPM,0.6254361
EYA3,0.62528485
E2F8,0.62526906
LIPE,0.6252149
GNL2,0.6251398
EDIL3,0.62512636
CAPZB,0.6251247
FRMD6,0.62509406
FNTA,0.6250602
ARHGAP25,0.62503266
EEF2,0.6250176
DAZAP1,0.6249768
HSF2,0.62490135
BIN3,0.6248704
ATXN10,0.62482935
IFI30,0.62482697
EMC8,0.62476605
CPSF1,0.6247556
GSTA4,0.6247445
HLA-DRB5,0.6247021
GNA12,0.6246942
FOXRED1,0.6245575
DLAT,0.62455034
EBP,0.62453496
ARCN1,0.62451684
CDK6,0.6244962
FAM3C,0.62447965
FARSB,0.62446237
APPL1,0.6244341
ARPC5,0.62442666
COPZ1,0.62434393
ERCC8,0.6243356
ASB7,0.62424296
FLNB,0.62424135
ATN1,0.6241997
FKBP1A,0.62419295
HSPH1,0.62416446
ING1,0.6240794
DLG1,0.6240729
CLHC1,0.62406486
HMMR,0.62404895
CBX1,0.6239704
DVL3,0.62379175
DENND4B,0.62372893
DNM3,0.62372035
AURKAIP1,0.6237197
BRK1,0.6236847
ENO2,0.6236331
LSM7,0.6236158
BMP1,0.6235766
FSCN1,0.6234947
DCUN1D5,0.6234605
CYSTM1,0.62345046
CAB39,0.6234282
CDK5RAP3,0.62342596
HPS1,0.6233889
FKBP15,0.62334764
DCUN1D4,0.6233176
GRPEL1,0.6232985
CERS5,0.6231815
KIF5C,0.6231783
HNRNPUL2,0.62314487
CXXC1,0.6231256
GNG5,0.62301826
GPT2,0.6229852
FYCO1,0.62295073
AKT1S1,0.6229369
DIAPH3,0.62293255
API5,0.6228809
ALG14,0.62282425
AGPAT3,0.62277305
FBXO41,0.6227602
ADM,0.62273175
FNDC5,0.6227313
BUB1,0.6227194
HERC4,0.62266755
CD53,0.62260014
CC2D2A,0.62258303
MAP2K5,0.6225805
CPEB3,0.6225642
DGKD,0.62256384
CLK3,0.6225336
MED19,0.6225239
ACSL5,0.62246865
DENND4C,0.6224613
HOXB4,0.6224288
ETFB,0.6223449
DNAJC2,0.6222608
CRYZ,0.62225884
GAA,0.62224466
MPDZ,0.6222166
DDIT4,0.622215
LFNG,0.62216425
GNA13,0.62216395
GJC1,0.6221335
HECA,0.62209946
COTL1,0.6220107
N6AMT1,0.6219712
NMB,0.62188894
FAM98B,0.6218566
CDS1,0.62185484
EZH2,0.6218388
DDX1,0.62183726
CLIC2,0.62179375
GSK3A,0.6217865
GUK1,0.6217547
G3BP1,0.6217541
BAIAP2,0.62170774
IGBP1,0.62169784
DNAJC15,0.6216942
CHID1,0.62169075
CSGALNACT1,0.62168777
FAM126A,0.62161976
CEP250,0.6215972
HELQ,0.6215666
KRR1,0.62156385
ADIPOR2,0.6215072
EXOC6B,0.62149805
ILF2,0.6214723
ARHGAP12,0.62146825
GTSE1,0.6213838
FGFRL1,0.6213234
INPP5K,0.621308
COG7,0.62128115
FBXL14,0.6212491
FLII,0.62119126
GTF2H1,0.6211621
CCT3,0.6211058
ANXA7,0.62102354
CLNS1A,0.621018
DOCK11,0.6210069
FOXP4,0.6209932
HEATR1,0.62097794
CEP72,0.62094617
DLST,0.6208458
BRF2,0.6208018
GCA,0.6207875
GALNT2,0.62070316
AQP3,0.6206901
CLDN4,0.6206784
GNL3,0.620637
COL12A1,0.620621
COL9A3,0.6206144
INPP5A,0.6206115
EXOC1,0.620479
ARL2BP,0.6204491
GBE1,0.6204479
BAG4,0.62043643
CEP55,0.62042594
HMGCR,0.6204236
DIAPH1,0.62041384
CITED2,0.6203916
GBP2,0.62037903
IPO13,0.62033045
DHX15,0.6203207
DENND1A,0.62030834
HSPA1L,0.6203069
CSNK1G3,0.6202488
CWC15,0.62024283
INSR,0.6202365
DAB2IP,0.620216
COL7A1,0.62018996
CTPS1,0.62017477
HSPG2,0.6201525
INPP4B,0.62014514
HSPB8,0.6200614
CDK5RAP2,0.620054
MUC3A,0.6199965
ACSM3,0.61998
ITGAL,0.6199645
HTATSF1,0.6199206
METTL3,0.6199167
CHUK,0.6198908
GMEB1,0.6198869
FBXL2,0.619869
APRT,0.61986667
FOXK1,0.6198443
CKAP2L,0.6197237
GOLM1,0.6196965
JUNB,0.6196785
ATG5,0.61962986
ASB13,0.6196263
MYLK,0.6196252
BCS1L,0.6195731
EPN1,0.61957145
CFDP1,0.619563
HDLBP,0.61954397
GTF3C3,0.6195372
GNPAT,0.6195263
ENG,0.6195225
LPXN,0.6194756
INPP5D,0.61945474
INTS7,0.61936235
HGS,0.61935806
FANCM,0.6193328
FEM1B,0.6193295
FBXO45,0.61932933
CTNNBL1,0.6193267
KDM5B,0.61932373
EPN2,0.61932254
ELOVL5,0.6193091
EBF1,0.6192389
FBN1,0.6192228
GOLGA3,0.61919385
FTSJ3,0.61919355
INTS10,0.61916125
KAT5,0.6191213
INTS9,0.61910886
KRBOX4,0.6191015
HNRNPL,0.61910063
HJURP,0.6190969
EI24,0.6190696
GSTM3,0.6190297
DPF2,0.6190289
HAUS4,0.6189594
KDM4A,0.61894715
FXR2,0.61889225
EMC2,0.61888814
B3GNTL1,0.6188421
GNB1,0.61879975
HSD17B10,0.6187894
FBXO17,0.6187851
GIPC1,0.6187783
ELL2,0.61876214
FAF1,0.6187105
HSF1,0.6186416
HEG1,0.6186241
CASP4,0.61860603
DBF4,0.61856204
ECHDC1,0.61853886
JUND,0.6184951
HYLS1,0.61844486
KANSL2,0.61844444
DHX33,0.61843234
KLHL2,0.6184151
CASK,0.618371
APOOL,0.61832815
GON4L,0.6182798
LAMA5,0.6182484
GLMN,0.6181964
MTHFS,0.61813116
CDK14,0.61813086
GABPB2,0.6181305
ECSIT,0.61812395
MARS2,0.6179823
KIFC3,0.6179767
DHX35,0.6179533
ARHGEF1,0.61795247
LARP4,0.61791337
GGT7,0.61789185
LPL,0.6178253
KIAA2013,0.6178063
GSTZ1,0.6177819
IFI44,0.6177742
IWS1,0.6177412
EVPL,0.61774105
LSR,0.6177121
GCH1,0.61767733
KIF26A,0.61767
EEF1A1,0.6176614
ANO7,0.61763024
EIF4EBP2,0.6176163
HNRNPH2,0.6175865
MAPK12,0.61757845
FLOT2,0.617548
CCT6A,0.6175289
GBA,0.617501
DAZAP2,0.6174524
GNB4,0.6174456
ACSS1,0.6174138
GCLC,0.61740774
EIF4A1,0.61738765
HDAC3,0.617364
CD46,0.6173247
DIS3,0.6172382
IMPA2,0.6172108
HOXB6,0.61717755
GPD2,0.61717737
ICMT,0.61717165
CCT2,0.61716425
MAPK7,0.6171116
FARS2,0.61709934
CCT4,0.61707175
ALKBH3,0.61702853
AGPS,0.6169993
DDX18,0.6169949
LGALS9,0.61683583
LCP2,0.61678743
GPI,0.6167615
KBTBD6,0.61675733
IL2RA,0.616743
HSD17B4,0.61673015
EEFSEC,0.61670595
HSPA4,0.6167015
KIF21A,0.61668986
DNM1L,0.61668
GALNT1,0.61667037
ITGAE,0.61661345
LAMC3,0.61660105
HEPH,0.6165958
DCAF10,0.6165442
GINS3,0.61653715
BCAT1,0.6163895
LAS1L,0.61638343
GDI2,0.61637557
LIMK1,0.6163667
DNAJA3,0.6162856
CASP2,0.6162563
MIF,0.61618704
AZIN1,0.6161814
MAGT1,0.61617035
KLHL12,0.6161622
GOLGA2,0.61608595
FTL,0.6160636
APP,0.61600274
ATOX1,0.616002
ECI2,0.6160019
ASCC1,0.6159562
EDNRA,0.61590415
EIF3L,0.6158718
GABPB1,0.61585474
LNPEP,0.61584157
AZI2,0.61584145
FAT4,0.61584
CDYL,0.61583537
HLA-B,0.61582476
IL13RA1,0.61580783
HOXA1,0.6157994
FBL,0.6157912
MAEA,0.6157842
DEPDC1,0.6157713
GUSB,0.6157589
DNAJB14,0.6157401
GRB10,0.6157095
EIF5A,0.61570615
HDAC5,0.6156791
COA6,0.6156648
HADHA,0.6156591
HSPA9,0.61555696
HERC1,0.6155547
LIG3,0.6155344
CPSF4,0.6155303
DENND6A,0.6155156
HGSNAT,0.6155011
BLCAP,0.615475
IMPDH1,0.61543167
MIS12,0.6154119
CELSR3,0.6154086
FBXO7,0.6153917
GTPBP2,0.6153889
EPB41L2,0.61538136
BBC3,0.61533576
MCAT,0.615297
GSR,0.61529386
FTH1,0.6152922
GSTM4,0.6152915
DLD,0.61528206
LAP3,0.6152434
MAP2K3,0.615216
ARFGAP1,0.6152118
LRRC47,0.615204
EEA1,0.61519444
MAP3K3,0.61514735
EFNA5,0.6151244
HNRNPK,0.615082
LTBR,0.61506695
E2F7,0.61506534
MTMR3,0.61504793
DTNBP1,0.6150071
MKNK1,0.6149906
MAFG,0.6149217
GCC1,0.6148953
INPPL1,0.614846
CBLB,0.61476856
INO80E,0.6147059
KIF2C,0.6146982
H6PD,0.61467946
CTDSPL,0.6146617
KDM2B,0.61466
MCM4,0.6146546
ACSS2,0.61464506
FUBP3,0.61460173
HIRA,0.6145963
AP1S2,0.61459523
EPC1,0.6145716
FBXO5,0.6145559
KIF9,0.6145454
ERRFI1,0.614524
ERAL1,0.6145221
HYPK,0.6145058
HNRNPAB,0.6144991
ITGB2,0.61448073
HEXA,0.6144638
E2F3,0.61444974
IPO8,0.61442804
GLUD1,0.6143924
CCNG2,0.61437577
CTDP1,0.6143601
IL4I1,0.6143472
KATNA1,0.6143179
HLA-F,0.61430943
SWSAP1,0.61426514
NR2F6,0.6142619
HK1,0.6142117
DPYSL3,0.6142014
GINS1,0.614193
NDUFS3,0.6141721
MBP,0.61413324
NR2F2,0.61408883
EIF3M,0.6140358
ITGA11,0.6140178
FBXO31,0.613988
GOLIM4,0.6139765
FMN1,0.61393446
ALDH3A2,0.6139215
GIT1,0.6139027
EEF1E1,0.6138971
ITGB1,0.6138701
LRPAP1,0.61386454
TPRKB,0.613859
CSTF3,0.6138198
HSD17B12,0.6137809
NOL6,0.61377853
MDFIC,0.6137047
CACNB3,0.61367726
GPN3,0.61366385
IPO5,0.61361545
HDAC10,0.61346924
ERGIC3,0.61344117
HNRNPUL1,0.6134212
EIF2AK2,0.61336744
HSPA8,0.61336005
DISP1,0.6133172
GRB2,0.61330736
DERL2,0.613298
KLHL42,0.61327523
HHAT,0.6132594
HMG20B,0.61324877
ELP2,0.6132462
CSNK1G1,0.61322486
GSE1,0.6132166
MCM10,0.6131977
PLK3,0.6131837
LRP10,0.6131766
HLA-DRB1,0.61316216
IRF9,0.61312383
KCNN3,0.61312366
TESK1,0.61312085
FER,0.61311764
MGAT5,0.61311245
IRAK4,0.6130979
INPP4A,0.6130879
SEPSECS,0.6130869
RPP40,0.6130738
BPNT1,0.61306137
HLA-DOA,0.6130574
HNRNPD,0.6129893
TRAIP,0.6129889
KLHL3,0.6129847
IKZF4,0.6129421
HECTD2,0.61292416
RHBDF1,0.61292356
PLK2,0.6129033
HDAC8,0.6128829
LRRFIP1,0.61285317
HMGB2,0.612816
KIF3A,0.6127964
IRF2BP2,0.61278665
PAK1IP1,0.6127745
KDELR1,0.6127601
CLASP1,0.6127585
MLF1,0.6127305
ILK,0.6127107
HPDL,0.61269546
POLL,0.6126857
KATNAL1,0.61266905
MLX,0.61266005
MCL1,0.61265767
INPP5B,0.6126406
SORL1,0.6126339
MICU1,0.6126233
PARS2,0.6126189
JDP2,0.6126164
TMEM179B,0.612582
MRPL33,0.6125643
KHNYN,0.61255383
HCFC1,0.6125182
KRT18,0.6125138
ITM2B,0.6124957
TXK,0.61247414
MIS18A,0.61247385
ZNF112,0.6124733
COL18A1,0.61246717
LRWD1,0.612459
RASGRF2,0.61243474
FBXL19,0.61242604
VAMP3,0.6123983
GMDS,0.6123838
UPP1,0.6123801
EIF2B5,0.6123747
GALE,0.6123675
PCYOX1L,0.61235756
RPS7,0.6123572
RRN3,0.61235034
LEMD2,0.6123306
MPHOSPH6,0.61231405
SP100,0.6123112
STX7,0.6122969
MEAF6,0.6122733
GATAD2A,0.61226624
INVS,0.61226237
NFRKB,0.61225927
MBIP,0.61224407
PDK3,0.612242
HERC3,0.6122379
IREB2,0.6122086
TBKBP1,0.6121929
FBXW11,0.6121907
NOSIP,0.6121644
SYF2,0.61215115
PRR12,0.6121323
LTBP1,0.6121317
HMGN2,0.6121103
ZNF101,0.61209893
IPO9,0.6120982
SDC3,0.61208963
LAMC2,0.6120833
ITGA3,0.6120624
HNRNPA0,0.61205333
RAPGEF4,0.6120422
TAOK3,0.6120338
GPR183,0.6120323
GGA1,0.6120319
GPR176,0.6120047
GOLPH3,0.61197597
MOV10,0.61196554
ZNF664,0.61195505
MRPL37,0.61195207
NAA60,0.6119498
TMEM132A,0.61193216
GORASP2,0.6119248
GDI1,0.6119238
TMOD1,0.6119119
HLA-E,0.6119093
MRPS31,0.611899
LPCAT4,0.61188257
MCUR1,0.61186826
FAU,0.61186385
KANSL1,0.61186236
RND3,0.611842
TGFBR1,0.6118156
CANX,0.61181396
ENC1,0.6118045
RCCD1,0.611804
MAP3K11,0.6117937
GPKOW,0.6117879
KIF22,0.6117852
RRAGA,0.6117777
TPCN2,0.61177593
POLRMT,0.6117657
PHB2,0.6117559
PCBP4,0.6117535
IRF2,0.6117515
MICU2,0.6117317
SLIT3,0.6117283
OAZ2,0.6117198
PTGFRN,0.6117131
PRPF4B,0.6117099
IFT81,0.6116969
KMT2E,0.6116872
PKN3,0.6116817
ITGA5,0.61166453
UBE2Q2,0.611664
EIF1,0.6116584
RPL17,0.6116519
NHEJ1,0.6116442
MRPS18A,0.61164385
KPNA6,0.6116423
TDP2,0.6116361
IRS1,0.6116317
PEX11B,0.6116137
LMNB2,0.6116064
NBR1,0.6116047
PSMB6,0.61158997
NDUFB4,0.6115659
ORC6,0.61156446
TNKS2,0.61155534
PHACTR1,0.6115463
MRPS21,0.6115397
KANK1,0.6115233
ITCH,0.6115177
TATDN2,0.61151755
PAQR8,0.611517
NUDC,0.61151505
MAN2A1,0.6114824
ANP32E,0.61146194
PTPRE,0.61145806
GALC,0.6114521
PAG1,0.6114488
NUDT9,0.61144394
IRF1,0.61144316
PHKA2,0.61144215
MACF1,0.6114417
TARS2,0.61143714
IP6K2,0.6114234
NIT2,0.61141557
TUBGCP2,0.6114034
FLOT1,0.6114011
PKP3,0.6113936
B4GALT2,0.61138636
MAN2A2,0.6113827
PANK1,0.6113785
WDR55,0.6113781
BTBD3,0.6113637
PLXNA1,0.6113557
KDM2A,0.61133885
TMC6,0.6113295
LDLR,0.6113122
MCMBP,0.61130536
FSTL1,0.6113052
MTX1,0.61130303
SYNE3,0.6112997
IMPA1,0.6112945
GSPT1,0.61129314
DENND1B,0.6112676
GNAI2,0.6112622
FCHO1,0.6112584
STXBP3,0.61124384
NFYA,0.6112363
SMNDC1,0.6112325
MDH1,0.61123246
RER1,0.61123157
MRPL2,0.6112178
GNAI1,0.6112117
ST8SIA1,0.6112074
HEBP1,0.61119914
TADA2A,0.61119205
IRF8,0.6111865
NUFIP1,0.61118114
TSPAN33,0.6111671
KPNA4,0.61115664
IL15,0.61113393
MRI1,0.61113304
PHAX,0.6111198
HNRNPU,0.6111181
GTF2I,0.61111265
NFYB,0.61110675
TRPC4,0.61110383
NOM1,0.6110822
MRPS28,0.6110759
JMJD1C,0.6110757
TAF4B,0.6110647
PACS2,0.61105865
LARS2,0.61105585
MOK,0.61104584
SHROOM3,0.61104447
PDE12,0.61103755
FGD4,0.6110367
MNAT1,0.6110152
USP15,0.61101174
UBAC1,0.6110103
PCCB,0.6110078
ATP2A2,0.6110071
ZNF527,0.6110023
PAFAH1B3,0.6109945
RAB13,0.61099106
GATAD2B,0.6109899
QDPR,0.61098605
CDK1,0.610986
NUMA1,0.61098045
TERF2,0.61097914
RANBP1,0.61097044
HNRNPF,0.6109695
TOMM40L,0.61096555
LSP1,0.6109567
RANBP3,0.6109551
ST8SIA4,0.61095303
EXOC7,0.6109501
PNRC2,0.6109492
KIF1B,0.61094904
KLHDC3,0.610935
MFGE8,0.61092997
PARP4,0.61091447
KCNN4,0.6109009
IKBKG,0.6108957
FBXW9,0.6108847
EPAS1,0.61088294
C17orf80,0.6108704
RGS10,0.6108663
KCNS3,0.6108506
SUMO3,0.6108349
RBCK1,0.61083394
SRP72,0.6108323
RNF125,0.6108257
LAMTOR4,0.6108227
MAPKAPK2,0.61080754
FERMT3,0.61078376
LSAMP,0.6107816
NLRP1,0.6107576
SMOX,0.61075723
MYO9B,0.61075014
PLCB3,0.61074525
ALDOC,0.610712
IFT46,0.610699
KCNMA1,0.6106955
MTMR14,0.61068463
RPP38,0.6106751
SPRY4,0.6106738
OXSM,0.6106678
PTRH2,0.61066645
GTF2F2,0.610654
SSX2IP,0.6106492
SMDT1,0.61064816
OSTM1,0.61063987
ZFPM1,0.6106281
MTHFD1L,0.6106188
LAMTOR3,0.61061347
NUDT16,0.6106128
SPRTN,0.61061275
KIF20B,0.61060244
SH3GLB1,0.61059403
STRN4,0.61058587
PABPN1,0.6105799
SART3,0.61057657
SMPD1,0.6105518
TUBGCP6,0.6105498
MAP3K4,0.6105336
LAMB3,0.6105286
MMS19,0.6105215
SLC25A22,0.6105182
MYL6,0.61051023
ELP6,0.61050224
IPO7,0.610477
KPNB1,0.61047447
ORMDL3,0.6104591
TBC1D10B,0.61045665
NLGN3,0.61044884
MZF1,0.6104476
STXBP2,0.6104448
SART1,0.610435
SUMF1,0.61043286
SPINT1,0.6104281
ZNF180,0.61042804
PAIP2,0.61041695
SRRM1,0.6104031
IFT52,0.61040014
MEPCE,0.6103977
PSMB4,0.61039716
SERBP1,0.6103906
UROD,0.6103889
SUV39H2,0.61038333
SCARA3,0.6103695
ARPC1B,0.6103668
SURF6,0.6103541
MLST8,0.6103462
PRKCH,0.6103413
MRPL46,0.610338
MSL2,0.61033386
TEAD4,0.61033034
NUDT19,0.6103293
LIG1,0.61032516
SNRPC,0.610317
JARID2,0.6103092
CMTM7,0.6103061
FMNL2,0.61030364
RMI1,0.61029506
RAP2A,0.6102784
TAF1,0.6102693
MAMLD1,0.61026907
LSM12,0.61026126
MRGBP,0.6102585
GOT1,0.61025625
SORT1,0.6102557
SF3B2,0.61025375
IQSEC1,0.61025214
SCP2,0.6102383
MED29,0.61022586
IQGAP3,0.61022246
UNC119,0.6102058
ELMO2,0.6102044
TIMELESS,0.6102015
HLA-DPA1,0.61019003
PIWIL4,0.6101807
ZNF589,0.61017716
NFIX,0.6101767
POP1,0.6101672
RAD51D,0.6101574
PSMC3IP,0.6101525
PEX13,0.6101475
LDHB,0.610144
GFPT1,0.61013854
TRIM36,0.61013776
TMEM11,0.61013585
TRIP10,0.61013114
NOP16,0.6101307
BMS1,0.61012197
SLAIN2,0.610114
PABPC4,0.6100988
JMY,0.61009514
UNK,0.61009485
TST,0.610087
NOL3,0.6100863
SCAF1,0.6100852
ARPP19,0.6100828
CUL4B,0.6100761
MAPKAP1,0.61006516
RRM2B,0.61005884
FBXW8,0.61005515
KRI1,0.61005396
POLR2L,0.6100456
SUGT1,0.6100452
METTL4,0.610023
DCTN2,0.60999745
SHOC2,0.6099734
WDR77,0.6099733
RMDN3,0.6099686
NR4A1,0.6099672
MVD,0.6099642
MRPL19,0.6099533
ZMAT2,0.60994947
SNRPD1,0.60994846
MYO9A,0.6099461
LTB4R,0.6099443
HNRNPA1,0.60993993
SERPING1,0.6099397
ZKSCAN3,0.6099264
DAAM1,0.60992426
NMRAL1,0.6099193
NRBF2,0.6099168
MRPS24,0.6099108
NOP2,0.6099008
MED15,0.60989445
LIPA,0.60989314
HDAC2,0.60989165
MOB1B,0.6098771
MTA3,0.60986984
ST13,0.60986376
MAD2L1,0.6098615
SCNM1,0.6098594
KXD1,0.6098497
MKRN1,0.6098384
WDR18,0.60983825
UBLCP1,0.60983324
SERPINF1,0.6098299
G6PC3,0.60982585
PINK1,0.6098241
VAMP4,0.60982275
LRRC41,0.60981375
TOB1,0.6098066
HBS1L,0.6097984
TPK1,0.609796
RPL19,0.6097954
SPTBN1,0.6097861
MYH10,0.6097822
SF3A1,0.6097753
TRIM21,0.60976714
RPN2,0.6097652
TANK,0.6097644
WSB2,0.6097639
MAT2B,0.60975134
BTN2A1,0.60974944
NDUFB1,0.6097335
MAST2,0.6097332
UBE2M,0.6097329
MPHOSPH10,0.609732
PLAT,0.60971713
WDR46,0.60968447
ENAH,0.6096825
NAA16,0.60966414
TRAPPC2L,0.6096503
RCOR2,0.6096484
NUP50,0.6096461
TRIM3,0.6096326
MINPP1,0.6096302
MAP4K3,0.60963
SIVA1,0.6096202
UBR4,0.6096128
SCLT1,0.6096095
SPSB3,0.6096078
NR1D1,0.60960305
ZNF711,0.6095999
OPTN,0.6095982
TBCEL,0.60958797
NACC1,0.6095711
NUBP1,0.6095664
NUTF2,0.6095636
TEAD3,0.6095588
RALBP1,0.6095576
TRIM35,0.60955745
IPO4,0.60955507
HVCN1,0.6095524
PARP12,0.6095502
LTN1,0.6095494
SARM1,0.60954845
TMEM67,0.6095416
TMED7,0.60953826
TNIK,0.6095368
SPATA5,0.60953367
TRIM32,0.609533
NDUFV1,0.6095208
SPIN1,0.60952055
SUGP1,0.60951513
MAN1A1,0.6095128
TRIM13,0.6095099
MAPK14,0.6095075
TLE4,0.60950536
RPS18,0.60950005
PRPS1,0.6094976
SUPT16H,0.609496
RARB,0.6094704
BCAP31,0.6094688
PRPF38A,0.6094688
PARN,0.60946685
ZNF516,0.60945904
PELP1,0.6094408
NUMB,0.6094404
SRI,0.6094386
PAK6,0.6094309
ZNF7,0.60941744
KATNBL1,0.60941684
DFFA,0.6094099
EVI5,0.6094076
TRNAU1AP,0.60940474
ITPK1,0.609403
PLXNB2,0.60940146
POLR3D,0.60939574
SMC3,0.6093935
MBD1,0.60938716
PRDX6,0.6093775
NCAPH2,0.60937744
SNAPC2,0.60937726
NAP1L4,0.6093552
GAPDH,0.6093506
SPAG9,0.6093477
IBTK,0.6093467
NLN,0.60934305
LUC7L,0.60934174
NEO1,0.6093399
HUWE1,0.609332
ZNF253,0.6093173
LMTK2,0.60931665
MASTL,0.60930526
NRP2,0.60930324
MINK1,0.6093032
PRKD1,0.60930115
GOT2,0.6093006
PPP1CC,0.60929835
PPP1R13L,0.6092962
SCCPDH,0.6092954
LAMC1,0.6092925
NDUFA3,0.60928476
POLR3G,0.60928345
TUBGCP5,0.6092785
SZT2,0.60927194
POLDIP3,0.6092551
MZT1,0.60925376
PPP1R7,0.60924715
SGMS2,0.60924315
PHF5A,0.60923815
LAPTM5,0.60922164
STT3B,0.60921866
ITGA2B,0.6092169
MBTD1,0.60921645
MRPS27,0.609216
MZT2B,0.60921174
NCOA2,0.60920835
PRPSAP2,0.6092045
MTFMT,0.6091996
NAGK,0.6091974
LSS,0.60918534
STRN3,0.60918355
MRPL16,0.6091797
PDS5B,0.6091721
TOP3A,0.6091701
NES,0.6091675
PLA2R1,0.6091628
RGS14,0.6091514
NDRG2,0.6091433
SAMM50,0.60913885
RASGRP3,0.60913765
CBX6,0.60913754
DYRK2,0.60913485
PDHB,0.6091291
PRDX2,0.6091276
MAML3,0.60912126
POLR2A,0.6091193
GSK3B,0.6091157
URM1,0.60911244
PANX1,0.6091118
MBNL1,0.6091092
RFC5,0.6091053
UHRF2,0.6091022
DYNC1I2,0.6091008
MCCC2,0.60909873
RHNO1,0.609091
TIMM23,0.60908777
GPR89A,0.6090876
RBM15B,0.60908604
MRFAP1,0.6090778
HECTD1,0.60906565
SPIRE2,0.60906506
WNT2B,0.60905796
PIF1,0.60905546
UGCG,0.6090537
UBE3D,0.60905266
TSEN2,0.6090501
PNO1,0.6090486
PSMB7,0.60903424
NDUFB10,0.60903394
RNF169,0.60903156
LTBP4,0.60903037
LRP8,0.6090249
ATP11A,0.60901767
AKAP10,0.60901445
MAU2,0.6090033
C2CD3,0.6089978
ITPR1,0.6089972
MIB1,0.60899657
PERP,0.60898364
PUS3,0.60898334
HAAO,0.60898
ORC3,0.60897946
KCNAB1,0.60897416
TLN2,0.6089734
THADA,0.6089703
NUDT14,0.60896325
ORC2,0.60895854
UNC13B,0.60895216
OTUB1,0.6089513
ELF2,0.608951
HNRNPC,0.6089459
POMGNT2,0.6089409
LEPROT,0.60893947
AKR1B1,0.6089318
MGLL,0.6089308
TRIM62,0.6089286
MRPL10,0.60892093
PHYKPL,0.6089198
STARD10,0.60891694
NPHP4,0.6088884
NEIL2,0.6088871
NEIL1,0.60887885
KPNA3,0.6088762
MED22,0.60887444
PUF60,0.6088731
LOXL1,0.60887116
DPM1,0.6088702
LPGAT1,0.60886884
ZNF140,0.6088629
PIK3R6,0.60885125
STAU1,0.60884506
ZNF623,0.6088405
MARK3,0.6088389
SMAP1,0.6088367
UBTF,0.60883266
NAA38,0.6088302
RUVBL2,0.60882974
PDGFC,0.608827
TGIF2,0.6088217
PAIP1,0.60881907
HNRNPA3,0.6088158
REEP4,0.60880977
ZNF517,0.6088097
TUBD1,0.6088075
TLE3,0.6088023
KCMF1,0.60879695
LMO4,0.60879064
S1PR4,0.60878396
DNAJC10,0.60878354
ARID4A,0.6087747
HAUS1,0.6087747
NOL9,0.60877377
SENP8,0.60877246
TRIP6,0.608771
MLYCD,0.6087647
TBC1D32,0.6087614
ZNF32,0.6087604
TNFRSF12A,0.60875744
UBA52,0.60875255
PRKAG2,0.6087409
TAF4,0.60874075
TTC37,0.6087335
VPS8,0.6087226
TNKS1BP1,0.6087212
INTS6,0.6087206
STAMBP,0.60871977
VPS18,0.6087129
SNRNP40,0.6087111
TNIP2,0.60870814
UAP1,0.6087063
PPP1R15A,0.6087049
UQCRC1,0.6087
SDC2,0.60869914
CWC22,0.6086916
SPTLC1,0.6086903
SHC2,0.6086891
GNAL,0.6086886
PIGQ,0.6086878
PEX10,0.60868686
LRRC40,0.60868514
RPS6KB2,0.6086748
IFNLR1,0.6086739
STAG3,0.60867023
LIMD1,0.6086684
FOXN3,0.6086682
SLC30A6,0.60866314
NEK7,0.60865855
TNFRSF1A,0.60865796
MECOM,0.6086471
LYRM4,0.6086347
TXNL1,0.60863173
GSTK1,0.60863155
GNS,0.60862786
PRKAA1,0.6086222
MANBA,0.6086218
ZBTB8OS,0.6086199
ITFG2,0.608618
ILF3,0.6086178
LMO7,0.6086176
UBAC2,0.60861605
SOS1,0.60860217
TUBGCP4,0.6085989
STX12,0.60859185
INTU,0.60858625
STRIP1,0.6085848
ZNF670,0.60857886
PPP1R14B,0.6085787
SLC26A6,0.60857695
UBE2G2,0.6085767
UBA2,0.60857487
TXNRD2,0.6085698
MAGI2,0.60855836
MRPL1,0.60855764
MYO6,0.608556
TRPC4AP,0.608552
NADSYN1,0.60854274
MED16,0.60852736
TFDP2,0.60852623
EXOC3,0.6085246
PPP2R5D,0.60852355
YAF2,0.6085218
BICD2,0.60851943
PRPF18,0.6085189
VKORC1L1,0.60851586
MRPL49,0.60850716
KRT7,0.60850585
RAD52,0.60850364
DBI,0.6084963
TYW3,0.60848796
SLC27A2,0.60848624
SP1,0.6084835
TCP1,0.608478
PPIE,0.60847485
NDUFB8,0.6084709
EIF3J,0.60846126
PELI1,0.6084598
NCAPH,0.6084584
PAICS,0.60844576
UBE2D1,0.6084439
TSPAN14,0.6084434
MON1B,0.6084424
NUDT5,0.60844135
RAD23A,0.6084364
ITGBL1,0.60842985
WDR5,0.60842264
GTF2A1,0.6084226
PUM1,0.6084219
NEK8,0.60842
WASF1,0.6084198
MAPK9,0.6084132
OTUD5,0.6084125
TICRR,0.6084079
SEC14L1,0.60840464
RPS5,0.608395
CCDC86,0.6083688
RBP1,0.60836524
GALNT18,0.6083611
PLP2,0.6083601
SMC6,0.6083598
MDK,0.6083498
MCF2L,0.6083469
HIPK1,0.6083352
NSMCE2,0.6083343
ULK3,0.6083337
ZNF251,0.60832804
VPS37C,0.6083255
EVL,0.6083231
SMARCAD1,0.60831887
LRP1,0.60831827
PTDSS1,0.60831785
PTMA,0.6083175
INSIG1,0.6083151
TBK1,0.60830176
ZNF490,0.60829973
USP49,0.6082874
UPRT,0.6082844
SAV1,0.6082843
EEF1G,0.60827893
MIEF1,0.6082764
RAB3GAP2,0.60827637
PFKM,0.60827357
MYO15A,0.6082719
YTHDC1,0.6082666
SEC11C,0.60826313
HYOU1,0.6082602
OSTC,0.60825866
COQ6,0.6082566
SRF,0.6082506
PDPR,0.6082492
EFNA4,0.60824895
JUP,0.60824454
PPP6R1,0.60824305
NKIRAS1,0.608241
SKA1,0.6082391
LYPD3,0.60823864
HSPD1,0.60822815
LUC7L3,0.6082266
VCPIP1,0.6082202
NME4,0.60821867
NPNT,0.6082185
NAPG,0.6082162
ZNF286A,0.6082134
ZMPSTE24,0.60821176
UVRAG,0.60821134
TNFAIP8,0.6082088
EXOC4,0.6082086
TNFRSF25,0.6082045
POMP,0.6082029
TRIP13,0.608197
TSR1,0.6081962
PLEKHA7,0.60818666
TMEM216,0.608177
METAP2,0.6081729
MRPL54,0.60817164
EEF2K,0.6081651
REV3L,0.6081594
OPHN1,0.6081535
LGALS3BP,0.60815316
DYNC1H1,0.60814714
FUZ,0.60814375
PLA2G4A,0.60813683
TRIM22,0.6081361
TOX4,0.6081353
FGD2,0.60812753
SSBP3,0.60812527
WDR41,0.6081214
VPS52,0.6081173
UBQLN2,0.60811454
MYBL2,0.608111
SERPINB6,0.60810125
TRRAP,0.6080972
MTX2,0.6080916
WDR6,0.6080914
NSA2,0.6080906
RAB4A,0.6080882
RPS16,0.6080835
RPL10A,0.6080833
NCOA6,0.60808223
NAPEPLD,0.6080822
TTI1,0.60806996
POLR3B,0.6080682
MLKL,0.60806674
SPR,0.60805625
USP46,0.6080532
VPS54,0.60805184
NLE1,0.60804904
LONP2,0.6080488
ME1,0.6080419
ITSN2,0.60804033
PRKAG1,0.6080375
ICAM1,0.6080365
PCSK7,0.60803235
KHDRBS1,0.60802865
LSM4,0.60802853
HDAC7,0.6080273
NCSTN,0.6080248
XAB2,0.60801977
AUP1,0.60801566
S100A11,0.60799736
MAGOH,0.6079889
PRKCSH,0.60798824
HMGCL,0.60798514
TNFRSF10D,0.6079785
SDC1,0.60797185
ZNF451,0.6079675
PLEKHG2,0.607963
CD86,0.60796255
ZNF200,0.60796005
TBC1D15,0.6079507
PA2G4,0.60795057
IQCB1,0.6079435
TUBG2,0.6079416
SNX17,0.6079397
GALNT10,0.6079384
UROS,0.6079343
USP33,0.6079225
ZNF607,0.60792124
SHMT1,0.60791916
GNPTAB,0.6079157
UNC13D,0.6079139
GLI3,0.6079123
MPRIP,0.60791224
NCK2,0.60791045
OSBPL1A,0.6079087
LATS2,0.607906
RPS17,0.6079022
ZNF304,0.607898
WDR43,0.6078886
LMOD1,0.60788506
TRA2B,0.6078806
SMG5,0.6078805
PGD,0.60787815
LPCAT1,0.6078774
TWF2,0.60787255
NANS,0.60787094
STK25,0.6078695
TOPORS,0.6078641
GRWD1,0.6078627
TRAK1,0.60785246
NOLC1,0.6078514
MRPS15,0.6078477
TFDP1,0.6078278
STT3A,0.60781974
SETX,0.60781956
FBXO38,0.6078187
TYW1,0.60781
MEGF8,0.6078046
TMED4,0.60780436
LPCAT3,0.60779965
ST6GAL1,0.6077992
UBXN1,0.607793
REXO4,0.60779184
ZNF224,0.6077914
FLRT2,0.6077854
TRAF3IP1,0.60778135
HMGB1,0.6077723
EIF2S3,0.60776883
RWDD3,0.60776526
NELFE,0.6077611
GBF1,0.6077609
RAB20,0.6077537
ZCCHC4,0.6077531
SREBF1,0.6077516
L3MBTL2,0.6077508
ZWILCH,0.60774964
TPI1,0.6077454
PPM1A,0.6077432
MCRS1,0.60774034
WWP2,0.6077344
RAB25,0.6077322
PPP1R15B,0.6077227
PAK4,0.60771924
PTDSS2,0.6077192
ZNF506,0.60771626
SH2B2,0.60770977
WNT5B,0.60770684
NSUN2,0.6077029
MATR3,0.6076999
WDR83,0.6076976
NFU1,0.60769117
GPR153,0.6076856
RPLP2,0.6076855
TRIM25,0.6076847
ZWINT,0.60768306
IDH3G,0.60768205
MBOAT1,0.6076778
NKIRAS2,0.60766435
IGFBP4,0.60766363
NDUFAB1,0.60766065
TMED10,0.6076553
SRSF9,0.60765475
TRAF2,0.6076486
RNF19B,0.6076462
MRPL28,0.60764205
MSMO1,0.60764116
TMED3,0.6076404
MPG,0.6076264
TYRO3,0.60762453
NGLY1,0.6076162
IL17RD,0.6076156
CCM2,0.60761285
SREBF2,0.6076073
VASN,0.60760444
NEK9,0.6076028
ZNF202,0.60760194
USP1,0.6075985
KIF18A,0.6075963
USP45,0.607593
RPL7,0.60758996
UBL4A,0.6075874
TRAPPC10,0.60758376
RPIA,0.6075821
RDX,0.60757947
TRAP1,0.60757786
POLR1B,0.60756713
RPL36AL,0.607561
DPYSL2,0.6075534
SLC7A6,0.6075522
PREX1,0.6075469
SURF4,0.60754544
EIF2S2,0.60754293
FUT8,0.6075374
PUM2,0.6075335
RBM14,0.6075331
TGIF1,0.607529
FADS2,0.60752434
UBXN7,0.6075226
YBX1,0.6075073
SRP14,0.6075046
TRAPPC9,0.60750043
TAF5,0.6074973
GRPEL2,0.60749537
MAP2K7,0.6074901
GLA,0.60748816
ORAI3,0.6074876
VIM,0.6074814
INTS3,0.60747397
WDR70,0.6074685
LGR4,0.6074662
UQCR10,0.6074648
SMARCD3,0.607464
TUBA4A,0.6074629
NDUFAF3,0.6074584
ZDHHC9,0.60745054
USP34,0.60744953
CEP350,0.6074391
PRDX4,0.60742867
RFC1,0.60742074
RAD1,0.60741746
UBE2Z,0.607415
DAPK3,0.6074078
YY1AP1,0.6074074
MAGI3,0.6074049
PANK2,0.60740304
MRPL45,0.60740036
WBP1,0.6074002
NEU3,0.60739726
MRPL22,0.6073902
GTF2IRD1,0.60738784
NEDD1,0.6073862
ZSCAN32,0.60737807
PRKAB1,0.60737807
RAB11A,0.60737705
ZNF211,0.6073743
PGP,0.6073677
HELB,0.60736287
ZFC3H1,0.6073621
MRPL35,0.6073619
NDUFA11,0.6073583
TNRC6A,0.6073551
OSBPL5,0.6073481
FYN,0.60734636
ZNF770,0.6073427
SAP30BP,0.6073421
NUDCD3,0.6073358
MKNK2,0.6073316
TAOK1,0.60732603
STARD3,0.60731786
UGP2,0.6073146
PIK3CD,0.6073098
PDLIM7,0.607308
ZNF284,0.6073031
HIVEP3,0.6073013
WNK1,0.60729736
PRCP,0.60729456
HSPA5,0.6072899
NCOA1,0.6072894
PSMC5,0.6072843
TK1,0.6072843
MAN2C1,0.60727584
PLA2G15,0.60725987
ZNF416,0.60725856
MAPK8IP1,0.60725653
LGI4,0.60725266
MICA,0.6072413
NDUFAF2,0.60723644
SPRED1,0.60722923
SLC25A17,0.6072224
HOXB3,0.607222
TBCB,0.60722095
ZNF445,0.60721946
PCBD2,0.6072171
TAMM41,0.6072068
ST3GAL1,0.6072026
SPRED2,0.6071998
KALRN,0.6071972
POLR3E,0.6071964
ZNF510,0.6071928
PARVB,0.6071913
ZKSCAN1,0.60718906
PIK3R4,0.6071889
MYO7A,0.6071883
WAC,0.6071843
MEIS2,0.6071819
VPS37A,0.6071792
SLC25A5,0.6071698
SPAG16,0.6071683
PGAP1,0.6071614
WDR35,0.6071601
PGM2,0.60716
UBE4B,0.60715735
HS2ST1,0.60714674
VTI1B,0.6071454
ZNF564,0.6071445
SMURF2,0.6071444
S100PBP,0.6071381
FLNC,0.60713804
IRF7,0.60713595
NRF1,0.6071285
IRF5,0.6071285
PTPN13,0.60712725
POLR3GL,0.6071239
GSDMD,0.6071183
ZNF496,0.6071182
USP6NL,0.60711133
NHP2,0.6071109
MYLIP,0.60710615
ATPAF1,0.6071045
TADA3,0.6070989
OXSR1,0.60709655
NUBP2,0.6070956
SYNJ2,0.60709524
MED14,0.6070952
ZKSCAN5,0.60708964
TAF9,0.60708874
TBCC,0.60708606
ZNF33A,0.6070785
MXRA8,0.6070776
ZNF212,0.6070763
SF1,0.6070685
ZFP90,0.6070654
UBAP2L,0.6070645
SSBP4,0.60706383
TXNL4B,0.6070598
TOMM20,0.60705906
UBE3C,0.6070564
PTP4A3,0.6070563
BCCIP,0.6070553
MRPL48,0.6070519
VPS11,0.6070446
MED24,0.6070429
EFTUD2,0.607042
MTHFD1,0.6070335
NCAPD3,0.60702455
UBR1,0.6070225
MGST3,0.60702103
PHLDA1,0.60702014
MGAT4B,0.60701925
SUPT5H,0.6070184
ZNF143,0.6070123
SYNGR2,0.60700846
PCK2,0.607008
RNF7,0.60700786
POLD3,0.60700333
PGGT1B,0.6069953
TP53BP1,0.60699505
MEIS1,0.6069907
RGMB,0.6069907
ZNF383,0.6069871
METAP1,0.60698634
SUPT4H1,0.6069832
WDR36,0.60698116
PIK3C2A,0.60697865
RABGAP1,0.60697556
KDM6B,0.60697514
TRMT11,0.60697454
SWAP70,0.60697377
UTP14A,0.6069714
STRADA,0.6069653
TRIM28,0.60695857
SRM,0.6069523
XPO4,0.60694975
PEX2,0.6069489
SLC25A20,0.6069431
TERF1,0.6069421
GLE1,0.60693145
IGFBP6,0.60693073
SMC5,0.6069298
HLTF,0.60692614
RAPH1,0.6069258
SYNRG,0.60692096
SIKE1,0.60692
PIGM,0.60691965
PHC3,0.6069172
UCHL5,0.6069168
TPD52,0.60691196
RNF123,0.606908
LRIG2,0.60690427
SPDL1,0.6069039
PDE8B,0.6069016
WARS2,0.6068985
MSX1,0.6068976
USP9X,0.6068943
UCP2,0.6068885
TAF1D,0.6068868
TTC7B,0.6068839
UBAP1,0.6068823
PGAP3,0.6068798
HM13,0.6068712
SPPL3,0.6068667
TRIM11,0.6068666
PLSCR1,0.6068666
RNPC3,0.60686636
USP7,0.6068649
SPRY2,0.60686475
ISG15,0.6068644
TMEM126B,0.6068621
SGSH,0.6068575
RPE,0.60685676
TRMT61B,0.60685325
ZNF701,0.60685086
UTP23,0.606846
KIF14,0.6068417
ZNF430,0.606836
INTS8,0.60683477
SRRT,0.6068341
YBX3,0.6068236
SMYD3,0.6068113
TRERF1,0.6068084
TMED2,0.60680753
U2SURP,0.60679847
ISG20L2,0.6067914
TUFM,0.6067867
GMNN,0.6067854
MMADHC,0.60678244
ZFYVE16,0.60677963
SEC61A2,0.6067771
SMYD5,0.60677445
PRPF19,0.6067719
GGCX,0.6067655
ST3GAL3,0.6067622
PTPRO,0.60675967
RNF135,0.60675794
MSL3,0.6067503
VAV3,0.60674995
FZD5,0.6067462
SCNN1A,0.6067438
ZYG11B,0.606736
TM2D1,0.6067345
SNTB2,0.6067271
OAZ1,0.6067238
PDRG1,0.6067234
NT5C3A,0.6067199
TUBB,0.6067147
PAN2,0.6067137
ZNF234,0.60671335
UBC,0.60670906
HECTD3,0.6067068
RPL32,0.6067058
MAPRE3,0.60669893
INTS5,0.6066979
USP3,0.6066937
UBE2L6,0.60669196
WASL,0.6066874
ZNF76,0.6066848
RHPN1,0.6066818
NDUFS6,0.60667884
RPS26,0.6066772
STOM,0.6066765
NHS,0.6066743
SIK2,0.6066693
PSMB1,0.6066647
TMEM30A,0.60666084
PRX,0.6066545
KDM3B,0.6066498
SYMPK,0.6066415
TPX2,0.6066406
MGAT2,0.60664034
TNFRSF21,0.60664
RAB1B,0.60663754
TAF6,0.60663384
MEX3C,0.60663337
ZNF592,0.60663277
GALK1,0.60662955
TBC1D13,0.6066227
PGRMC1,0.60662186
SOD1,0.6066188
MRPL50,0.60661715
PREB,0.60661554
UNC45A,0.6066145
GRSF1,0.6066109
U2AF2,0.60660994
ZNF620,0.60660875
STRAP,0.6065983
PTN,0.6065902
UBE2E1,0.6065862
TRIM14,0.6065791
TRIOBP,0.60657865
OAS2,0.60657495
TBC1D25,0.60657394
EIF3D,0.6065658
ZNF461,0.6065645
HACE1,0.6065623
TPD52L1,0.6065561
SLC1A1,0.6065489
TPST1,0.60654724
USP28,0.6065445
XPOT,0.6065426
UST,0.60654104
ZNF266,0.60653263
ZNF335,0.6065234
NIPA2,0.6065207
SMG1,0.60651773
TTF2,0.6065149
MRPL27,0.60651344
MBOAT2,0.60651296
ING4,0.6065126
TNS3,0.60650814
RAB1A,0.60650593
WDFY3,0.60650533
IFT122,0.6065041
SNRPB,0.6064971
YKT6,0.6064939
NFATC4,0.6064931
PLCG1,0.6064916
SNAPC3,0.60649157
SQSTM1,0.60649043
ZFP14,0.60649025
SSR1,0.606481
RAB38,0.6064746
CAPZA1,0.6064713
SNRNP70,0.6064702
ZC3HC1,0.6064685
CROT,0.6064649
SF3A3,0.6064637
ISYNA1,0.6064635
MFAP2,0.60646033
XRCC2,0.6064601
RNF144A,0.6064554
P2RY11,0.60645455
GTF3C2,0.6064525
MELK,0.60644555
SPIRE1,0.6064396
TOP2A,0.6064373
MCPH1,0.6064366
CCT7,0.60643566
ITGA6,0.6064258
UBXN6,0.6064196
CHD3,0.606414
NR4A2,0.6064127
NEDD4L,0.6064115
PSMD9,0.60640186
DVL2,0.6063996
USP20,0.6063991
MAP1LC3B,0.60639
UBE2D3,0.6063854
NADK,0.606379
TMOD3,0.6063714
UBE2G1,0.6063709
NFIA,0.6063638
TOR1A,0.60636175
SSH2,0.60635614
TOMM7,0.60635436
NNT,0.6063525
ZNFX1,0.6063468
ZNF107,0.6063451
UQCRC2,0.6063436
ZC3HAV1,0.6063415
TRMT10C,0.60633767
TIPRL,0.60632926
PCSK6,0.6063274
TOR4A,0.60632306
SLC35E3,0.606313
TXNRD1,0.60630864
ORMDL2,0.60629964
SNX5,0.60629314
ZNF320,0.60629207
FNBP1L,0.6062905
SCMH1,0.60628617
TBC1D8B,0.60628504
PLOD2,0.6062781
MBOAT7,0.6062765
RTN3,0.606276
MSRB2,0.6062689
VPS26A,0.60626584
SNW1,0.60626537
MAPRE1,0.60626435
WWC1,0.6062632
APBB1,0.6062591
TACO1,0.6062577
TRIP12,0.606257
KLHL22,0.6062553
RAB5C,0.60625285
ZNF254,0.6062472
POLA1,0.60624516
VTA1,0.6062431
LCLAT1,0.6062428
TRAFD1,0.6062397
PTGES3,0.60623664
NAA50,0.60623527
UCK2,0.6062282
KIF11,0.60622525
TRIM44,0.606224
TRAF3IP2,0.60622054
C1GALT1,0.6062171
UBE2E2,0.60620654
PTBP2,0.6062065
TPT1,0.6061974
STAM2,0.6061809
PTPN9,0.6061798
UBA3,0.6061675
XRCC4,0.60616565
LYZ,0.60616386
TULP4,0.6061626
STARD13,0.6061551
SNX3,0.60615325
VCL,0.60615265
KLC4,0.6061464
PDE4A,0.60614485
SLC3A2,0.60613966
UFC1,0.6061384
STK38L,0.60611814
PGM2L1,0.6061102
TAF7,0.60609937
ZNF776,0.6060967
DLG4,0.6060922
SRSF11,0.6060908
NUP93,0.6060841
PTGES2,0.60608315
USO1,0.6060811
NMT1,0.60608107
DRG2,0.60607815
MED6,0.6060777
ZNRF2,0.60606956
PTCD1,0.6060676
PSMC1,0.60606027
GPS1,0.60604423
TSNAX,0.6060435
IL17RC,0.6060355
LRSAM1,0.60602355
ZNF394,0.6060203
YARS2,0.6060188
TRPC1,0.6060161
PPP2CB,0.60601515
ZNF398,0.6060128
ZNF519,0.6060115
PARP3,0.6060057
TRMT5,0.6060023
UMPS,0.6060013
SLC39A7,0.60600066
KCTD1,0.6059885
PIGT,0.6059864
EIF3H,0.605983
SSR3,0.6059821
UBFD1,0.60598135
GALNT7,0.605979
SEC24D,0.6059637
FMNL1,0.60595894
PIK3AP1,0.60594875
F11R,0.6059443
LGMN,0.6059392
TOMM40,0.60593885
TAF1A,0.6059365
DBF4B,0.60593235
RPP30,0.60593027
RALB,0.60592943
USP37,0.6059288
NDUFV2,0.6059271
PSME4,0.6059244
KCNJ14,0.60592407
NCK1,0.60592055
PDLIM5,0.6059186
SRGAP1,0.6059184
KLHL5,0.6059154
OAS1,0.6059144
FURIN,0.60590893
SLC6A9,0.6059085
MORC2,0.6059072
XRN2,0.60590446
TRAF3,0.6059018
RELA,0.6058944
SV2A,0.6058889
ODF2,0.6058875
YWHAH,0.605884
RPL36A,0.6058815
VDAC1,0.60587853
WWP1,0.6058785
DPH6,0.6058728
PAWR,0.6058714
SF3B5,0.6058708
PJA2,0.60586685
ZNF423,0.60586107
SCFD1,0.6058574
PDCL,0.60584676
HS6ST1,0.6058467
MRPL38,0.6058463
SEC24A,0.6058358
RPA2,0.60583377
NONO,0.60583264
ZNF326,0.60583085
POLE3,0.6058256
MECR,0.60582525
ZNF283,0.6058237
RXRB,0.6058158
STAT4,0.6058109
PSMD3,0.6058108
MRPL17,0.6058061
YEATS2,0.6057995
UBA1,0.605794
FNIP1,0.605792
ZNF124,0.60579014
SEC62,0.60578597
MCM7,0.6057859
PSMC3,0.60578364
FABP5,0.605778
ZDHHC7,0.6057764
ZNF3,0.6057754
RNH1,0.6057691
ZFP36L1,0.60576856
ZNF79,0.60576385
USP35,0.60576147
TUBB4B,0.60576
TRIO,0.60575694
HMGA1,0.60575074
RPL26L1,0.6057502
PNP,0.60574895
USP12,0.6057489
THY1,0.6057471
WDR33,0.6057434
MTDH,0.6057425
PYGB,0.60574055
VASP,0.60573405
MFAP3,0.605732
NFATC2IP,0.6057307
RRAGB,0.6057285
SYNE1,0.6057284
PLXND1,0.6057156
YES1,0.60571486
ZNF41,0.6057137
MAN1B1,0.6057049
TIMM17A,0.60570264
RBBP4,0.60569865
WDR37,0.6056986
TXNIP,0.60569835
PRMT7,0.6056891
RYBP,0.605686
SLCO3A1,0.60568357
PFDN5,0.6056774
TBCD,0.60566735
ZNF431,0.6056636
PPIL1,0.6056602
TBC1D1,0.6056556
FGF11,0.6056503
ITPR3,0.60564905
RPSA,0.6056449
UHMK1,0.6056412
OSBP,0.60563904
GALK2,0.6056377
LY86,0.6056353
PRPF40A,0.6056333
MGRN1,0.6056302
SUPT3H,0.6056299
FAH,0.6056236
RAD54L,0.60561705
TRIM37,0.6056161
TMED5,0.60561603
POLR2B,0.60561526
NAA35,0.60560936
IFT80,0.6055918
LRP6,0.6055852
SLC35A2,0.6055731
ZNF480,0.60557055
STUB1,0.6055676
NDUFA1,0.60556686
SH3KBP1,0.6055655
STX8,0.6055616
YME1L1,0.6055585
NR6A1,0.60555726
UGGT1,0.60555595
MEMO1,0.6055482
TMC8,0.605548
ARHGDIA,0.6055452
NR2C2AP,0.60553247
HSPB1,0.6055259
TPGS2,0.6055226
SEMA4C,0.6055175
SAMD8,0.6055154
WDR61,0.6055154
LTBP3,0.60551333
ATP8B4,0.6055126
NAE1,0.6055123
TLR7,0.6055084
F2R,0.60550654
SLC25A25,0.6055061
PPP1R12A,0.6055056
TARDBP,0.6054949
PHKG2,0.6054833
KCNG1,0.6054816
PIK3R5,0.6054776
MCM5,0.60547405
HNRNPH1,0.6054659
CDC42BPA,0.60546225
PLCE1,0.60545903
ZBTB7B,0.60545474
SKIL,0.6054536
RGS16,0.6054502
KCNC3,0.6054497
RCC1,0.60544086
ZNF133,0.60543865
SRPK1,0.60543054
STAT1,0.60542876
VPS25,0.6054219
MSRB3,0.60541934
USP25,0.6054174
USP47,0.60540795
RPP25L,0.60540247
NUS1,0.6053994
ZIK1,0.6053898
MAGED1,0.6053893
TUBA1A,0.6053862
UFSP2,0.6053778
NSUN4,0.605376
RAI1,0.60537213
PPRC1,0.60536706
RRP12,0.6053622
TTL,0.605361
IFIT3,0.6053554
USP14,0.605355
ZNF385A,0.60535264
GLO1,0.6053504
OSGEPL1,0.60534644
TNRC6B,0.6053418
SHMT2,0.6053409
COBLL1,0.6053387
RTKN,0.6053335
ROCK2,0.6053314
MPC1,0.60532564
KLHL21,0.6053242
NR5A2,0.6053187
MATK,0.6053156
ZNF207,0.6053076
TSPYL2,0.6053049
ZNF100,0.60530066
PBX2,0.605292
LIN54,0.60528994
SKAP1,0.60528976
POLR2C,0.60528874
UPF3B,0.60528713
SPSB2,0.605283
SORD,0.60528016
PAN3,0.60527843
C5AR1,0.6052762
PIGU,0.6052747
NMD3,0.6052744
PPP3CC,0.60526997
ZC3H15,0.6052689
TNKS,0.6052687
TKT,0.6052661
TJP2,0.60526276
NAA25,0.60524434
SNX6,0.60524154
RNF114,0.60523725
MLEC,0.60523695
RCSD1,0.60523516
RCC2,0.6052345
WASF2,0.6052312
SFSWAP,0.605226
PTPMT1,0.60521674
RANBP9,0.6052157
MVP,0.60521406
CTSB,0.6052126
PTPRS,0.6052111
PACSIN3,0.6052053
UBQLN1,0.6051997
PURB,0.6051972
CALM2,0.60519624
NDUFA12,0.60519564
SRSF7,0.60517955
LYPD6,0.60517776
TGFBI,0.60517555
PSMF1,0.6051715
MRC2,0.6051713
TBC1D4,0.605165
SLC2A3,0.60516304
TSC22D3,0.60516214
UQCRH,0.60516196
PITPNA,0.6051592
STIM1,0.6051577
UNC119B,0.60515046
RPS27L,0.6051497
YPEL5,0.6051426
PURA,0.6051364
ZFYVE26,0.6051298
WIPI2,0.6051245
IFI44L,0.605118
MSL1,0.6051147
GSTM2,0.6051109
GLRX5,0.60510796
WIPF2,0.60510105
ST3GAL2,0.60509574
SERPINH1,0.6050903
NCAPG2,0.6050901
ZMIZ1,0.6050883
MTMR12,0.60508674
MRPL21,0.60508275
CTSD,0.60507655
RPS20,0.6050658
PTPRF,0.60505736
TTLL12,0.60505664
PEF1,0.6050478
NEK6,0.6050469
PSMD1,0.6050462
UBE3A,0.605041
NDUFAF6,0.60504055
BANF1,0.6050366
CBY1,0.6050193
ZNHIT1,0.6050111
UBN1,0.60500294
FKBPL,0.6050019
MKKS,0.6049991
GK5,0.6049982
MAPKAPK5,0.60499334
SRSF4,0.60499275
PPP6R2,0.6049874
NAA40,0.6049728
MIER1,0.6049711
OXCT1,0.60497075
TP53BP2,0.6049651
TPRN,0.6049638
SNRPA1,0.6049604
SGPL1,0.60495967
GLG1,0.60495967
UBE3B,0.6049555
PIP4K2C,0.6049552
SASS6,0.60495514
MRTO4,0.60494775
ZNF160,0.60494643
EIF4A3,0.6049456
PHC1,0.6049434
HTT,0.60494065
WDR59,0.60493934
TUBA1B,0.60493124
SRCAP,0.60492563
PPP1CB,0.60490704
ZNF621,0.6049048
ZNF638,0.604902
FJX1,0.604901
MRPL39,0.6049002
RBM28,0.6048992
TDRKH,0.6048919
TGS1,0.60489
UBE2H,0.6048882
G3BP2,0.6048817
NARS2,0.604869
PPP3CB,0.60486186
PSMB10,0.60485536
TJP1,0.60485095
UFL1,0.60485053
PMF1,0.6048376
SCO1,0.60483587
NAA15,0.60483557
RAB11FIP3,0.60483116
JMJD6,0.6048309
POU2F1,0.6048294
CHCHD10,0.6048243
TBC1D10C,0.60481125
ZNF44,0.6048102
TAOK2,0.6048051
TRIT1,0.6048014
PDSS2,0.60480016
SCARB1,0.6047949
NIPSNAP1,0.6047845
RPL22L1,0.60477024
RBX1,0.60476536
LRP5,0.60476524
MCM3,0.604765
PLEKHM2,0.6047634
USP39,0.60475206
SF3B4,0.60475105
SDCCAG8,0.604739
SNX33,0.6047388
WLS,0.60472834
LZTFL1,0.6047274
NUP210,0.60471874
RPS11,0.60471624
SOCS7,0.6047116
SRSF1,0.604711
GRIN2D,0.60471016
POLK,0.60470665
PYCR2,0.6047062
PIK3C2B,0.6047045
ZNF678,0.6047045
UBE2F,0.6047003
APLF,0.6047001
RTF1,0.60469836
DYNC1LI2,0.6046965
ZFP36L2,0.6046942
PIH1D1,0.6046903
MAML1,0.60468936
SHCBP1,0.6046834
GANAB,0.60467595
NELFCD,0.60467464
ZNF783,0.6046717
MGA,0.6046677
MOCOS,0.60466313
RELL2,0.6046544
LIG4,0.60464984
USP48,0.60464835
PNISR,0.604648
BTRC,0.6046473
RNF8,0.60464144
UBE2V2,0.60464126
PTPN22,0.60463995
DHX8,0.60463595
RAN,0.60463506
PPARD,0.60462964
TARBP2,0.6046216
PPP1R10,0.6046105
MTHFD2,0.6046097
MRPS12,0.60460883
SP3,0.6045946
TDRD7,0.6045915
MAP4K5,0.6045897
YWHAB,0.6045892
MYL6B,0.6045886
PI4KA,0.6045757
SEC13,0.60457337
RBPJ,0.6045688
ULK1,0.60455936
ZBTB33,0.60455245
RAB14,0.6045518
SOCS5,0.60455066
TRIM46,0.6045497
MTM1,0.6045452
RPL12,0.6045406
PPP4C,0.604539
XPR1,0.6045337
RPL27A,0.60452425
RPS29,0.60451794
STRIP2,0.6045115
SSR4,0.6045094
MED23,0.60449845
PAPSS1,0.60449725
ZNF587,0.6044911
ZNF530,0.60448945
EIF5B,0.6044798
SMPD4,0.60447717
ZNF768,0.6044682
TNPO2,0.60446733
PSMD2,0.6044655
PMEPA1,0.6044636
TRA2A,0.60446244
NUP54,0.604455
CCDC59,0.6044519
MAN2B2,0.6044484
LCMT1,0.60444593
NELFB,0.60443234
MZT2A,0.6044312
RTN4,0.6044244
HERPUD1,0.6044191
TRAPPC8,0.60441655
SWI5,0.60441333
NINL,0.6044095
ZNF84,0.60440195
SAP18,0.6043937
NEU1,0.6043879
RNF40,0.60438305
SH3PXD2A,0.6043824
ARHGAP21,0.60437775
NID1,0.6043739
THOC2,0.6043553
PEMT,0.60435355
ARHGAP18,0.6043514
RAB5B,0.6043501
CTTN,0.6043488
NECAP2,0.60433704
IMMT,0.60433066
ZNF74,0.6043249
DBT,0.6043219
ZNF586,0.60431236
XPO7,0.6043084
SUPV3L1,0.60429823
IPO11,0.6042982
UBE2R2,0.6042969
NPLOC4,0.60429204
ZW10,0.60429186
SMCR8,0.6042915
LSM2,0.6042878
WDR19,0.6042876
NDUFS7,0.6042842
IL10RA,0.60428274
PHB,0.604278
RPRD1A,0.60427296
ZNF221,0.6042718
FXR1,0.60426724
PPA1,0.60426664
PSMD8,0.60426295
BRD9,0.6042594
NECAB3,0.60425806
SUPT7L,0.60425174
RBFOX2,0.6042501
HSPB2,0.60424936
PFKL,0.60424614
NSUN5,0.6042404
NUP205,0.6042389
RBAK,0.60423326
RPL24,0.60423017
TUBB6,0.60422695
SPIDR,0.6042237
NUP37,0.60421383
PIGF,0.6042138
WDR81,0.6042042
UBE2W,0.60420376
YWHAG,0.6041958
SNX2,0.6041932
SEC11A,0.604193
ZNF680,0.60419124
PHF1,0.6041867
ZNF529,0.60417765
TYK2,0.60417485
SNF8,0.60417235
ZNF500,0.6041676
PRKAR2B,0.6041648
UBA7,0.6041637
TXN,0.6041584
ZNF81,0.60415757
NOP58,0.6041493
ZNF415,0.6041199
PPIL2,0.6041196
TICAM1,0.6041126
MRPS30,0.60410917
YWHAQ,0.60410494
VPS4A,0.6041037
TGM2,0.6040991
TAF1C,0.6040951
NDUFS1,0.604093
KDELR2,0.6040883
PKN2,0.60408515
PPFIBP2,0.60408175
POFUT1,0.6040809
SHPRH,0.60407776
NVL,0.60407454
FBXO30,0.60405546
IP6K1,0.6040516
CSTF1,0.6040507
RPL8,0.6040505
POGZ,0.60404515
UBE2I,0.6040431
PSMA7,0.6040388
RNF111,0.60403836
RFFL,0.6040261
MAVS,0.60402316
SSU72,0.60402054
ZFR,0.60401994
NCKAP1L,0.6040196
ZNF546,0.6040176
RPL13A,0.6040163
MRPL53,0.60400873
USP4,0.6040086
NDC1,0.60400754
ZC3H13,0.60400355
ZNF91,0.6040028
PNKD,0.6040009
CAPNS1,0.6040006
TFAM,0.60399634
TIMM8A,0.6039954
CHEK1,0.60399324
MRPL51,0.6039906
PDS5A,0.60398924
TRMU,0.6039888
IRAK3,0.603988
PLK1,0.60398763
UNG,0.6039755
GAK,0.60396904
UBE2K,0.60396445
TNPO1,0.60396326
FERMT2,0.6039632
GALNT11,0.6039592
ZNF493,0.603955
XRCC5,0.6039494
PRPF8,0.6039402
DDRGK1,0.60394
XPO6,0.6039391
TIFA,0.6039374
RPL7A,0.60393405
YRDC,0.6039322
MSH3,0.60392755
SLC7A5,0.6039262
HNMT,0.6039252
RPL35A,0.6039192
UIMC1,0.6039181
ZFAND6,0.6039145
SUPT6H,0.6039135
LMAN2,0.60389876
MYCBP,0.6038911
MBTPS2,0.6038875
WRNIP1,0.60388505
CCNT2,0.60388374
SIN3A,0.60387987
TFCP2,0.6038719
MDC1,0.6038709
PHC2,0.6038664
VANGL2,0.603866
NOL10,0.6038659
ZNF710,0.60386574
KIF3B,0.6038611
NOP56,0.60385704
NOMO2,0.60384434
CHCHD2,0.603842
WNT5A,0.603841
PPP1R3B,0.60383743
TIMM44,0.6038351
SLC25A28,0.6038348
TAZ,0.60382885
XYLB,0.6038282
TSN,0.603821
PCSK5,0.6038191
TBC1D17,0.6038186
THOC1,0.6038146
KIF13A,0.60381305
RPL26,0.6037981
TRUB1,0.603788
RABL2A,0.60378236
SCYL1,0.6037803
SH3RF1,0.60377705
INO80,0.6037765
KCTD3,0.6037735
UBE2A,0.60377324
MED8,0.6037704
PDCD11,0.6037672
CDC40,0.6037632
TAX1BP1,0.6037592
NFE2L1,0.6037577
TACC3,0.60375243
NUP153,0.60373914
SMG6,0.60373473
OPN3,0.60373193
RPUSD4,0.6037307
GAB1,0.6037284
NFYC,0.60372734
PLEKHA2,0.60372716
NUFIP2,0.6037244
TEAD2,0.6037207
PAFAH1B1,0.60371405
XYLT2,0.6037133
SEC61A1,0.60370755
TLN1,0.60370725
SLC25A26,0.6037049
UBE2E3,0.60370266
PRMT5,0.6036996
RCL1,0.6036926
STEAP3,0.60369104
NDUFA8,0.6036892
GOLGA4,0.6036859
TRAPPC12,0.60368276
SRRM2,0.6036826
ZNF462,0.6036588
THAP4,0.60365874
OAS3,0.6036526
TRADD,0.603643
RPL3,0.60364175
PITRM1,0.6036351
WDR82,0.60363376
NUP107,0.6036293
ZFPM2,0.60362846
NAPB,0.60362476
SNRPD3,0.6036236
RNF34,0.6036219
PRKRA,0.60362154
VPS53,0.6036174
POLR3A,0.6036171
RRP36,0.60360885
SLC2A1,0.6035975
XPO5,0.60358346
ZNF57,0.6035786
SH3D19,0.6035769
POLR2D,0.60357606
SEC63,0.6035743
TMPO,0.60357225
MAP3K5,0.60357225
NAP1L1,0.6035675
MRPS11,0.603561
SCFD2,0.6035558
ZMYND11,0.6035503
VPS51,0.6035441
SNRPE,0.6035404
RNF11,0.6035365
GART,0.60353243
PRKCE,0.6035309
MTMR4,0.60352683
ZNF622,0.60352546
DIDO1,0.6035239
PSMA5,0.60351723
TTC27,0.6035114
METTL14,0.6034945
RALGPS2,0.60348904
VMP1,0.6034886
LAMP1,0.6034875
ALAS1,0.6034873
HSPA4L,0.6034857
ZRANB3,0.603483
TBC1D14,0.6034787
TBPL1,0.6034764
PLXNA2,0.603468
PTPN2,0.6034644
TRAF4,0.60346425
SARNP,0.6034636
PEX5,0.6034488
SENP3,0.60343796
SEPHS1,0.6034312
TRAPPC6A,0.6034222
THUMPD1,0.60341555
SLC7A11,0.6034139
RTEL1,0.6034124
TIA1,0.6034105
SNX18,0.60340947
FANCI,0.60339844
USP10,0.60339195
ITGB5,0.6033875
RAB9A,0.60338336
UQCRQ,0.60338306
ZNF552,0.60338306
TIAL1,0.6033781
PSMD12,0.6033781
RPS4X,0.6033682
ZNF708,0.60336685
ODC1,0.603365
SHISA5,0.60336465
MYO10,0.6033279
MAP4K2,0.60332656
PSMD11,0.6033262
FN1,0.60332364
RPL23A,0.60331476
MAGOHB,0.60331464
SOCS6,0.6033128
SEMA3A,0.6033098
SETD2,0.6033001
SEC24B,0.60329
SNRPA,0.6032877
NDRG3,0.6032845
MTMR6,0.6032806
KLHDC2,0.6032799
USP19,0.60327953
ZNF83,0.6032611
ZNF774,0.60323566
ITPR2,0.6032354
VPS41,0.60323226
PTPRJ,0.60321593
INTS12,0.6032145
FRS2,0.60319895
PFDN2,0.6031972
RBM5,0.60318667
KIF4A,0.6031805
SERP1,0.60317814
ZNF182,0.6031774
RPA1,0.60317105
ZNF791,0.6031642
SPAG5,0.6031547
SRSF5,0.6031469
REEP3,0.60314375
MKLN1,0.60313755
CHN2,0.6031351
RNF5,0.603135
RAB11FIP1,0.60312957
RFC2,0.60312176
SMS,0.60311836
CEP120,0.6031128
PPWD1,0.6031123
PARD6B,0.6031083
FAM20A,0.6030923
PDCD5,0.60308594
SPTAN1,0.6030804
SATB2,0.6030787
ANKRD28,0.60307455
TTK,0.60307294
MTIF3,0.60307086
NOP9,0.6030696
PIK3C3,0.60306627
NAPA,0.6030626
FXYD6,0.60306257
NPAS2,0.60306054
ST6GALNAC4,0.6030583
GIGYF2,0.60305387
SMURF1,0.6030518
PLCL2,0.6030505
NR2C2,0.6030504
ZYX,0.60304826
SRGN,0.60304433
EXOSC5,0.6030432
SNAP23,0.60304016
MAK16,0.6030337
RPL34,0.6030313
IDE,0.60302365
DPH3,0.6030152
TOMM34,0.603013
LIN52,0.60300833
WDFY2,0.60300624
SPTLC3,0.60300404
RPL37,0.6030036
TNFRSF11B,0.6030013
ZNF235,0.60299873
THEM4,0.6029961
SACM1L,0.6029898
RNF220,0.6029749
SYTL4,0.602967
RBM39,0.6029598
NDUFA6,0.6029597
ATF4,0.6029595
HNRNPM,0.6029513
STAP2,0.6029463
SH3BP4,0.60294276
SRP9,0.6029399
TEX10,0.6029337
TUBB2A,0.602932
ZNF274,0.6029286
LAMA4,0.602928
RPS23,0.6029244
ZNF567,0.6029186
PPIB,0.60291356
RPL11,0.6028998
MORF4L1,0.6028995
LMF2,0.6028985
S100A6,0.60289484
MX1,0.60289216
PSME1,0.6028847
RBBP5,0.60288197
LRIG1,0.6028795
UBE2J2,0.6028745
MYO1C,0.60287344
MOB1A,0.6028707
USP22,0.60286915
MFN2,0.6028686
ZFYVE27,0.6028633
VDAC2,0.60285187
PRR5L,0.6028471
SDAD1,0.6028397
ZNF248,0.60283786
KRTCAP2,0.60283744
GLUL,0.6028354
SPTSSA,0.60283154
ITGA1,0.6028295
PPM1K,0.6028205
LMNB1,0.6028111
ZNF426,0.6028084
RPS6KA1,0.60280657
UBA5,0.60280603
ZCCHC7,0.6027945
ZMIZ2,0.60279226
VPS28,0.6027916
UTP18,0.60278904
PPP4R2,0.6027831
HUS1,0.602771
USP5,0.602768
VPS26B,0.6027668
EIF3I,0.6027628
ZNF687,0.6027588
XBP1,0.60275304
PHF19,0.60274863
MICAL2,0.6027344
MRPS18B,0.60272336
TTBK2,0.6027216
VGLL3,0.60271937
TCERG1,0.6027122
MRPL41,0.60270935
TLE1,0.60270876
ZNF217,0.6027084
PEX19,0.6027049
NSUN6,0.6026969
STX6,0.6026949
EXOSC6,0.6026871
FKBP8,0.60268086
TBC1D5,0.602676
YEATS4,0.6026756
PTPRM,0.60267395
BUD13,0.6026733
DUSP14,0.60266966
UNC5B,0.60266757
MCC,0.602665
INCENP,0.6026627
PSMD10,0.60265636
FANCL,0.60265255
YTHDF1,0.60263026
POLR2G,0.60262376
NDEL1,0.6026228
DHODH,0.60260713
YY1,0.6026013
NOMO1,0.6025991
TRPV2,0.6025944
SRPK2,0.6025942
PWP1,0.60259277
MLXIP,0.60259205
RRP7A,0.6025727
CERS2,0.6025706
NDUFA4,0.6025693
TMBIM6,0.6025649
PFN1,0.60255945
TXNDC12,0.60255915
SUN1,0.60255516
SMARCC1,0.6025494
NFKBIZ,0.6025429
MTMR2,0.6025428
NME6,0.60254014
GTF2A2,0.6025388
USP24,0.6025186
TMEM63A,0.60251665
ZNF45,0.60251313
SMU1,0.6025123
RBM8A,0.6025114
CAPN1,0.6025076
KIF1C,0.60250646
STK3,0.6025026
RABGGTB,0.60250217
SLC12A8,0.6024959
CAND1,0.60249305
RHOG,0.60248345
SLC27A1,0.60247356
IMP4,0.60245705
RNGTT,0.6024441
SKAP2,0.6024425
PARD3B,0.60243386
PIP5K1C,0.6024315
TONSL,0.6024312
MRPL11,0.60243034
UBE2Q1,0.6024291
KDM4B,0.6024245
UCHL3,0.6024178
MBD6,0.6024165
RIOK2,0.6024127
IRS2,0.60240823
ZNF550,0.60240006
URB2,0.60239965
RAP1A,0.6023989
PSMB3,0.60239583
SEMA3C,0.6023846
TADA2B,0.60237855
ARIH2,0.6023741
SUPT20H,0.6023729
ZNF841,0.60237145
VPS4B,0.60236895
SLC11A2,0.60236454
SLC35B2,0.6023629
MANF,0.60235536
CAP2,0.602348
SPSB1,0.60234785
ITPKC,0.60234624
TROAP,0.6023432
ZNF256,0.6023372
SEMA6A,0.6023337
TBL1X,0.60232794
PFKFB2,0.60232174
RPL23,0.6023208
SRGAP2,0.60231763
HPS3,0.6023126
TRIM23,0.6022969
ZNF33B,0.602293
RPS12,0.6022885
MIA3,0.60228425
COG5,0.60227793
SHF,0.6022609
KIF27,0.6022609
RAP1B,0.6022516
PAQR5,0.6022439
TCF7,0.60224086
STAT5A,0.6022375
PLAA,0.602237
TMEM187,0.6022336
MAT2A,0.60223144
TDRD3,0.60223144
PEX7,0.602219
NASP,0.60221535
SNRNP48,0.6022052
RPL29,0.60219765
RBM22,0.60219675
PLA2G12A,0.602195
ZNF780A,0.6021873
ZMYND8,0.6021831
NET1,0.6021827
MFHAS1,0.60217446
RASA3,0.6021709
USP32,0.6021555
NME3,0.60215425
TAF1B,0.60215074
NPC1,0.6021495
GPANK1,0.6021464
LARP4B,0.60214186
SMAD6,0.6021365
SLBP,0.6021358
MFSD10,0.6021284
SREK1,0.6021282
SLC39A1,0.6021182
EIF2D,0.6021141
HDAC1,0.60211056
RIPK1,0.6021073
DDX54,0.60210615
USF2,0.6021042
PTPN1,0.6021003
SSBP2,0.60209745
TAF3,0.60209477
HCFC2,0.60209024
SQLE,0.6020863
SMC4,0.6020727
SPCS2,0.60206276
WDR1,0.60206175
RBM34,0.6020486
PMP22,0.6020439
RPL27,0.60203743
TOR1AIP2,0.6020372
RANBP6,0.6020351
TMED9,0.602034
UCHL1,0.6020314
AVL9,0.60202223
SCAI,0.6020189
SLC5A6,0.60201275
LCAT,0.6020115
RNASET2,0.60200953
SLMAP,0.6020091
RXRA,0.60200554
MCM2,0.60199106
SGK3,0.6019892
MAP4K4,0.60198385
EVI2B,0.601982
STX5,0.6019677
TRIM69,0.6019676
PFKFB4,0.6019644
TOP3B,0.60196096
SKP1,0.6019572
PLCB4,0.6019495
VEGFB,0.601939
TELO2,0.6019371
RRM1,0.6019317
RPGRIP1L,0.6019301
SIL1,0.6019292
UBA6,0.6019113
PTPN12,0.60191035
EPCAM,0.6019036
FMR1,0.60190356
WSB1,0.6018993
KLHL20,0.60189867
SNRNP200,0.60189706
WBP2,0.6018963
PPP2CA,0.6018937
TPM1,0.6018898
TRIB3,0.6018868
THOP1,0.6018822
NMNAT2,0.6018799
SAT2,0.6018776
ELAC2,0.60186523
SPOP,0.60186523
RPRD2,0.60186356
LRRC8D,0.6018565
HADHB,0.6018532
SCD,0.6018496
PSAT1,0.601845
OXNAD1,0.60183364
PDCD7,0.6018293
LOXL3,0.60182536
VPS35,0.6018251
ALPK1,0.60181516
SAE1,0.6018126
RAB3D,0.601807
SMAD1,0.6018053
RIN3,0.60180396
BACE2,0.6018021
TRAPPC4,0.6018007
PGAM1,0.6017955
SESN3,0.6017955
IRAK1,0.6017935
TRAPPC3,0.60179085
IL1RAP,0.60177857
TUBA1C,0.60177845
ITGA2,0.6017543
DMAP1,0.60175407
TCTN2,0.6017323
PXN,0.6017316
NR3C1,0.6017312
VCP,0.60172987
YAP1,0.60172814
VIPAS39,0.60172755
EHMT1,0.6017222
TMSB4X,0.6017045
UTP6,0.6016989
NOL11,0.6016959
PUS7,0.60169214
YWHAZ,0.60168517
SH2B1,0.60168463
SOAT1,0.60168225
WDHD1,0.60168135
PRKAR2A,0.60168004
ZNF131,0.60167706
PLAGL1,0.6016693
RTCB,0.60166776
POLR3C,0.601663
RAB11B,0.6016597
TMED1,0.6016501
UQCC1,0.60164416
PCYT1A,0.601641
CTU1,0.60162985
LRCH1,0.60162
RPS13,0.6016199
ZNF302,0.6016168
TNFRSF1B,0.60161614
TRIM56,0.60160196
TNFRSF10B,0.60159874
HIPK2,0.60159475
SMG7,0.6015924
ESRRA,0.60157853
SLC15A4,0.6015698
SLC1A3,0.60156804
PREPL,0.60155314
PSMA1,0.6015415
MFN1,0.60153794
SLC19A1,0.6015378
RPL13,0.6015225
DDX55,0.6015128
RPS15A,0.6015127
UBE2S,0.60150844
KRT80,0.6015026
SLC22A4,0.6015013
TBC1D20,0.6014968
IK,0.6014889
PHF20,0.6014888
RPS9,0.6014811
RFX3,0.60147905
RNF31,0.6014667
WDR26,0.6014391
MID1IP1,0.6014375
WHAMM,0.601437
MBD3,0.6014368
UTRN,0.6014363
ZRANB1,0.60141885
MTA1,0.6014152
FKBP5,0.601415
SH3BP2,0.6014148
PRKCA,0.6014144
ZNF766,0.601412
WDR62,0.6014116
ZNF528,0.6014089
PLCH2,0.6014075
PLCD3,0.60139877
RNASEL,0.6013934
PSMB8,0.6013829
INTS1,0.6013729
KHSRP,0.6013671
CYTH2,0.6013624
HPS6,0.60135615
PIKFYVE,0.6013561
PEX26,0.6013553
SLC44A2,0.6013529
NOC2L,0.6013518
WBP11,0.6013514
KMT2B,0.60134345
RPL15,0.6013358
NPM3,0.60133415
HEXIM1,0.6013331
CHP1,0.601333
TRPS1,0.6013297
TRIM26,0.60132915
DDX11,0.60132796
GK,0.60132223
SPOPL,0.60130066
TPCN1,0.6012924
KCNAB2,0.601291
PIAS3,0.60128176
SMAD9,0.6012771
COQ9,0.6012607
NCL,0.60125244
PPM1L,0.6012504
MAD1L1,0.60124624
PSME3,0.6012457
SKA3,0.6012437
TIPIN,0.6012434
RCOR1,0.60124177
PLEKHG4,0.601241
SPHK2,0.6012306
VAC14,0.60122705
LGALS8,0.6012177
STK24,0.6012113
ZNF544,0.60120356
UCKL1,0.60119
NOP10,0.60118383
MRPS9,0.60118073
QSOX1,0.6011734
ROBO1,0.6011718
TNK2,0.60117036
MRPS22,0.6011692
MED9,0.6011686
TIMM17B,0.6011676
NFKB1,0.6011662
LSG1,0.601161
PDXDC1,0.60116094
HOMER1,0.60115474
ZNF846,0.601143
MTR,0.6011426
NAA10,0.6011382
MRPL20,0.60113364
PARK7,0.6011221
UBE4A,0.6011206
RINL,0.60112053
RABEPK,0.60110396
RAB34,0.60110337
TNFSF13B,0.60109025
UQCRFS1,0.6010824
NEIL3,0.6010821
ZKSCAN8,0.60108155
TAP1,0.6010802
FKBP4,0.601073
HLA-C,0.6010712
PDE7B,0.6010683
LLGL2,0.6010616
MAD2L2,0.6010603
NEMF,0.6010542
WDR75,0.601051
PDE7A,0.6010321
NCOA7,0.6010299
NR1D2,0.6010234
PLK4,0.60102314
GJA1,0.6010218
MRPS5,0.60101724
KNTC1,0.60100794
PDSS1,0.6009922
SESN2,0.6009914
RPL21,0.6009826
TEAD1,0.6009806
PSMB9,0.60096776
TBL3,0.6009669
ZNF808,0.6009656
RALY,0.6009587
POP7,0.60095763
PIGC,0.6009553
GPC1,0.60095155
PLOD1,0.6009485
QRSL1,0.6009429
SLC1A5,0.60093355
MYOF,0.600922
SEMA3F,0.6009188
TP53INP1,0.6009122
TOB2,0.600904
TOP2B,0.600902
MAF1,0.6008948
RASSF8,0.60089177
ZNF778,0.6008811
MPDU1,0.6008712
MARK2,0.6008582
SYNE2,0.6008402
PKM,0.60083985
PFKP,0.60083985
KIDINS220,0.6008355
CENPO,0.6008221
NEK1,0.6008219
RPS2,0.60082006
DLG3,0.6008183
RUNX2,0.6008179
SNX4,0.60081774
DDB1,0.6008094
PRPF39,0.60079604
TRMT6,0.6007886
UBQLN4,0.6007867
PNPLA6,0.60078365
PRMT1,0.60077834
ZNF250,0.6007783
SEMA7A,0.6007721
YIPF1,0.600769
HELZ2,0.6007671
PSMG3,0.6007665
RPL18A,0.60076183
ZMAT3,0.60075986
SMARCC2,0.6007393
RRS1,0.6007362
TCEA3,0.60071474
MYL12B,0.6007056
PLCL1,0.60069317
REV1,0.6006893
RPAP3,0.6006883
RPS6KA4,0.6006835
NGFR,0.60068166
VPS39,0.60068065
NDE1,0.60067904
STON2,0.6006656
ZDHHC21,0.60065365
DYNC1LI1,0.6006523
HLA-DMB,0.6006504
NAA20,0.60065025
USP42,0.60064995
SSB,0.60064924
NPTN,0.60064584
EPHB2,0.6006377
SENP2,0.60063607
ZNF485,0.6006258
GGA2,0.60062516
RFX7,0.6006214
RGS1,0.60062015
SERINC3,0.60060215
LPIN2,0.60060084
ARSD,0.6006
KIF18B,0.6005988
SEC61B,0.60059625
SOX4,0.6005936
ZNF333,0.6005913
ZNF43,0.6005874
SEMA4F,0.60057896
P4HA1,0.60055476
LPAR2,0.6005543
SOCS3,0.60053587
PPARGC1B,0.60052615
ZER1,0.6005257
RPS27,0.60051626
TOR1B,0.6005029
RPF1,0.6004879
ZNF460,0.60048693
TIAM2,0.60047585
TAPBP,0.60046846
RASAL2,0.6004639
SNTA1,0.6004579
MXD1,0.6004514
MRPS6,0.60044914
PIGW,0.6004443
RBBP8,0.6004354
PCCA,0.6004299
SHQ1,0.6004242
USP11,0.60041463
ZNF566,0.6004097
TMEM97,0.6004078
NME2,0.6003997
VGLL4,0.60039824
SGMS1,0.60038835
C2CD5,0.60038614
NOL7,0.6003842
UGDH,0.60038334
RPS8,0.6003744
NDUFV3,0.6003658
RSF1,0.6003638
PGM1,0.6003574
RPS6KA2,0.6003481
RRP8,0.6003481
ESRP2,0.60034806
NCAPG,0.6003343
FADS1,0.6003215
PUS1,0.60031736
TRO,0.6003168
MPP5,0.60031074
LDB1,0.600307
TFB2M,0.600307
REXO1,0.6003033
PAXIP1,0.60030293
TFAP4,0.6003027
LAT2,0.6003001
ZNF611,0.60029054
TCF7L1,0.6002905
ZKSCAN4,0.6002778
RERE,0.60027087
RPS27A,0.60026515
MTMR9,0.6002435
SCAMP1,0.6002358
PSMC2,0.6002325
WDR3,0.60022795
RBM25,0.6002202
SSBP1,0.6002148
RNF216,0.6001975
RUFY1,0.6001965
SLC16A3,0.60019386
MRPS2,0.6001927
TRPM7,0.6001681
NUB1,0.60015416
MYLK4,0.60015005
UBE2J1,0.6001421
FAM13A,0.60014164
PTTG1,0.600121
SNCA,0.60011953
OTUD7B,0.60009766
STK38,0.60009766
TIMP2,0.6000975
NOL8,0.6000962
SDF2,0.6000925
SPATA13,0.60008556
MTIF2,0.60007036
STX16,0.6000608
OS9,0.6000446
TSPAN5,0.6000315
GYPC,0.6000203
UBXN4,0.60001177
NCBP2,0.6000117
TUBGCP3,0.6000091
MCM8,0.60000575
SERINC5,0.6000045
SYNCRIP,0.5999872
USP43,0.5999774
TIMP3,0.5999737
MDN1,0.599972
NUP133,0.59996116
NIF3L1,0.599955
NCF2,0.5999441
DLG5,0.59992313
RPLP0,0.5999187
SPICE1,0.5999085
MED25,0.59990805
RRP9,0.5999068
WDR91,0.5999057
TP53RK,0.59990144
RHOBTB1,0.59989315
RNASEH2B,0.5998924
TAB1,0.5998405
UBIAD1,0.5998357
NOB1,0.59983164
PIGS,0.59983
RLIM,0.59982616
KIF20A,0.5998249
MIS18BP1,0.5998205
VPS37B,0.59981143
RIC8B,0.59980977
RIOK3,0.59980947
NDUFS8,0.5998036
RAB3IP,0.5997823
RBM19,0.5997725
SRPRB,0.5997607
ZNHIT6,0.5997469
PKIA,0.59972733
GRHL1,0.59972525
POLI,0.59972185
LONP1,0.59971106
HAT1,0.5997053
SMAD7,0.5997016
LYPLA2,0.5996953
TIAM1,0.59969157
STIP1,0.5996872
PRPF40B,0.59968644
RBBP7,0.59967697
PIGO,0.5996767
PKP4,0.59965134
KAT6A,0.5996509
MADD,0.5996509
KRT10,0.5996487
KIF17,0.5996437
UFM1,0.5996431
SNRPB2,0.5996426
SGCB,0.5996393
ROR1,0.599639
WDR45,0.5996366
VAPB,0.59963435
TIMM13,0.5996279
PTPN23,0.5996265
POM121,0.5996202
MTA2,0.5996132
THRA,0.59961236
RAB18,0.5996094
VLDLR,0.59960926
BYSL,0.5996033
ATF6B,0.59959394
NFATC3,0.5995797
RAD9A,0.5995746
PI4KB,0.5995732
GRHPR,0.5995664
LATS1,0.5995624
RBM4,0.59956056
TNPO3,0.5995593
EXOC2,0.599547
TBC1D23,0.5995449
SPNS1,0.5995365
RBBP6,0.5995313
IFIH1,0.59952736
EPB41L4B,0.5995215
VRK3,0.5995187
YIPF2,0.5995173
PPP2R1A,0.5995109
RCAN3,0.5995049
GRN,0.5994914
KDM1B,0.5994848
GRK6,0.5994803
RPS19,0.59947234
PEX14,0.5994661
DUSP6,0.5994639
SH3PXD2B,0.59945434
ZNF264,0.59945154
ELOVL6,0.59943396
NEDD8,0.59942466
NPL,0.5994164
VAV2,0.5994163
SUMO1,0.5994126
ZNF577,0.59941196
PRDX3,0.59940886
ZNF555,0.5994038
PDE1A,0.5993939
RGL2,0.5993824
ZNF317,0.59936935
ZNF814,0.599364
PHKB,0.59936345
RHBDD1,0.59936196
EIF4G1,0.5993495
MAPK6,0.5993433
POLM,0.59932655
ZNF692,0.5993094
TAF8,0.59928894
LYPLA1,0.599277
GAB2,0.59927684
SIPA1,0.5992715
MFAP1,0.599264
ASGR1,0.5992533
FRS3,0.5992463
TERF2IP,0.5992422
PSAP,0.5992386
PRPF4,0.59922975
ZNF780B,0.5992137
ZNF548,0.59920484
TMEM70,0.59919775
ESPL1,0.59919417
SEC22A,0.5991883
NMT2,0.5991823
SIAH2,0.5991759
PDGFD,0.5991589
DYNC2H1,0.5991581
RBPMS2,0.59915435
SNX13,0.59913975
MX2,0.59913546
PSMC6,0.5991312
SIK3,0.5991278
UQCC2,0.59912705
ZBTB17,0.5991211
CPNE3,0.59912
THOC6,0.5991185
RPS3A,0.59911287
SCAP,0.5990925
PDE3A,0.59908986
VARS2,0.5990713
PCDH18,0.5990696
RPS6,0.5990685
RAPGEF6,0.59906465
SLC4A2,0.59905773
RAB37,0.59905165
NUP62,0.59904575
ZNF714,0.5990428
KCNMB4,0.5990316
MRPS10,0.5990218
DHX16,0.5990056
ITGB4,0.5989983
NOMO3,0.5989917
ZNF764,0.59898937
GDAP1,0.59898806
TMEM115,0.59897304
TRAPPC5,0.5989598
PLD3,0.5989563
RNF130,0.5989557
CPSF7,0.5989527
PABPC1L,0.59895
EXOC5,0.59893364
ST3GAL4,0.5989325
SRP68,0.5989261
PRPSAP1,0.5988956
OLA1,0.5988908
PPP2R5A,0.5988796
POLR2K,0.5988657
PLCD1,0.5988546
RAD18,0.59884864
MAP4K1,0.59884465
GPC4,0.59884334
SLC9A1,0.59881383
ZNF197,0.5988106
RAP1GDS1,0.598804
SLC25A13,0.5988039
STK36,0.59879804
UXS1,0.5987975
AFMID,0.5987974
PVR,0.5987921
TMEM147,0.5987838
WDR48,0.5987807
MRPL3,0.59876937
PIP5K1A,0.59876025
TTYH3,0.59875405
TCTN3,0.59875304
INO80D,0.5987468
UPF3A,0.5987427
PTPRA,0.5987389
SCAMP2,0.59873354
NPDC1,0.598725
MALSU1,0.59872067
SLC7A7,0.5987187
PDLIM1,0.5987127
RPS3,0.5987118
PRDX5,0.598709
SPRY1,0.59868324
TSEN54,0.59868157
PTPN14,0.59868026
MAN1A2,0.59867984
MAGED2,0.59866816
PIR,0.59866756
NUP155,0.598657
PLXNB1,0.598656
CYBA,0.59864
VAT1,0.59862524
RSL24D1,0.59861726
PDE4D,0.5986167
UBL7,0.59861386
ATXN2,0.598607
PDE10A,0.5986037
ZNF440,0.59859455
GTPBP1,0.59858745
MMP15,0.59858036
PECR,0.5985747
NDUFB5,0.5985695
PRPS2,0.5985629
SRP19,0.59855455
RABEP2,0.59855264
EBNA1BP2,0.5985479
RACGAP1,0.59854573
TRAF5,0.5985043
CPSF3,0.59850085
IQGAP2,0.598498
SKIV2L,0.59849674
PFKFB3,0.5984559
RABIF,0.5984541
RHOT2,0.5984508
L3MBTL1,0.59843457
HLA-DMA,0.59843314
STK40,0.59842336
XRN1,0.59841067
CDC37,0.5984063
RSU1,0.59838253
MAP3K2,0.59836924
ZNF2,0.5983654
BBS9,0.5983565
NCAPD2,0.59834594
RAD54B,0.59831756
OGDH,0.59831524
YIPF6,0.5983121
IMP3,0.59830105
THOC5,0.59829545
NAF1,0.5982878
NUDT21,0.5982844
PPP1R11,0.59826547
OCLN,0.59826285
PPCDC,0.5982522
ZFP1,0.5982451
RGS17,0.59824336
TUBB3,0.5982289
SNRPD2,0.5982249
RNF217,0.5982217
TRIM68,0.59821886
NT5C3B,0.5982088
PTK2,0.5982078
PSMB5,0.59819746
TSNARE1,0.5981927
METTL21A,0.59817505
ZNF561,0.5981629
RICTOR,0.5981596
PCID2,0.59815437
SPG21,0.5981519
PELI3,0.5981227
ZNF649,0.5981213
MBD5,0.59812087
SFI1,0.5981197
TBC1D16,0.59811884
ZP3,0.59809744
SBF1,0.59805506
ZNF443,0.5980529
PYGL,0.5980466
NUBPL,0.5980448
CYCS,0.5980446
VMA21,0.59804165
PFAS,0.598039
MRPS26,0.5980337
SH2D2A,0.59803224
PNN,0.59802306
MED21,0.59801435
SHARPIN,0.59800863
FBXL7,0.5980035
PBX3,0.5980005
TALDO1,0.5979965
RIC8A,0.59799117
MYBBP1A,0.5979857
SYDE2,0.5979651
ZNF10,0.59796
RHOBTB3,0.59794974
MRPL55,0.59794897
TGM1,0.5979466
SUMF2,0.5979379
DUSP4,0.5979127
POLA2,0.5979074
TTC21B,0.59790456
PKD2,0.5979034
DCUN1D3,0.5978943
PDIA3,0.5978708
NID2,0.59786636
RALGAPB,0.597846
PCGF3,0.597843
RPL7L1,0.59784037
DNAJC11,0.59783834
HMOX1,0.5978338
HOXA10,0.59783065
RAC2,0.59783006
KCNK5,0.5978232
SATB1,0.5978225
SF3B3,0.5978187
RNPS1,0.5978166
PNPLA2,0.5978066
LAMB1,0.5978028
PES1,0.59779674
PDP1,0.59777987
TMEM258,0.5977777
HSD17B7,0.59775573
RIF1,0.5977549
GPCPD1,0.5977441
KIF21B,0.59773374
FBXO4,0.5977336
TAF12,0.59773225
GFM1,0.5977211
RMND5A,0.5976961
PFDN6,0.59768355
SAFB2,0.59768015
PPP2R1B,0.5976793
GADD45GIP1,0.5976724
RGS5,0.59766984
YIPF4,0.59766954
PHKG1,0.5976688
PSMB2,0.5976671
WDR4,0.5976625
PARD3,0.5976575
VAMP8,0.59765035
FBXL20,0.5976413
EIF4G2,0.59763664
VRK1,0.59762263
TRIM38,0.59761214
SETD7,0.59760964
HDAC4,0.59760207
PEA15,0.59760207
SENP6,0.5976012
PPP4R1,0.59759516
LAMP2,0.5975788
GNB5,0.59757286
SLC39A4,0.5975695
MTMR1,0.59755886
RAB3GAP1,0.59755397
SEC31A,0.59755266
SYNGR1,0.5975478
SLC9A3R1,0.59754187
ZNF273,0.597532
RSL1D1,0.59752893
HLCS,0.59752417
SMARCAL1,0.59749556
MPHOSPH8,0.59747726
STK39,0.5974379
IARS2,0.5974318
PTPRU,0.59741586
TRIAP1,0.59741384
RFXAP,0.5974104
RAB8B,0.59740984
HSPA1B,0.597409
CDCA8,0.5974073
RAB6B,0.5974034
STX17,0.5974013
KDELR3,0.59738004
SULF1,0.5973779
LINGO1,0.5973774
ISCA2,0.5973772
SERGEF,0.5973655
PIK3R3,0.59736055
GNPDA1,0.5973271
SURF2,0.5973161
SLC27A5,0.59731567
YTHDF2,0.5973
GATA6,0.5972934
SEC23B,0.597289
NAB1,0.5972881
ZNF195,0.5972752
RAD51C,0.59726495
TXN2,0.59726256
HSPA1A,0.59723854
FARP2,0.5972335
PRKDC,0.5972283
PTBP1,0.5972234
RNF24,0.5971942
SLC22A17,0.5971938
PHLPP1,0.59719115
ORC5,0.597188
SEMA4A,0.597186
NAGLU,0.59718513
UTP3,0.59718454
SLC18A2,0.59715104
UPF1,0.59714293
AP1M1,0.5971339
NPRL3,0.59711176
GGH,0.5970972
SSH1,0.59709674
NUP43,0.5970949
RBMX,0.5970879
TRIM6,0.5970872
TYSND1,0.5970779
TINF2,0.59707755
SETDB1,0.5970645
LIN7C,0.59705746
GPN1,0.597053
PELI2,0.59704894
PLEKHG5,0.59704745
STK35,0.59704334
OSBP2,0.5970363
TFB1M,0.59702873
IL20RB,0.59701204
MAPRE2,0.59700865
RPS6KB1,0.5969957
PSME2,0.5969938
DCTPP1,0.5969895
MAP1B,0.59698004
MBD2,0.59697664
ZNF92,0.5969715
RUSC2,0.5969659
RHEB,0.59696335
SPARC,0.59695685
SEC24C,0.59694374
GADD45B,0.59692526
RFC3,0.59692305
RPTOR,0.5969223
CDKN2AIP,0.5969
ZNF526,0.5968973
OAT,0.5968872
PODXL2,0.5968723
BID,0.59686625
MUS81,0.5968642
STARD8,0.5968594
RAPGEF1,0.5968297
MYO5B,0.5968282
KIFAP3,0.5968271
GUF1,0.5968233
DR1,0.59680855
SMYD4,0.5968048
PLS1,0.59680015
NAA30,0.5967895
UBOX5,0.5967714
GTPBP10,0.5967667
NAT10,0.59674305
PSMD7,0.5967352
MYCBP2,0.5967331
DDX20,0.5967312
NUCB1,0.59672946
TDP1,0.59672874
ZNF600,0.5967212
PC,0.5967105
KHDRBS3,0.596701
INPP5F,0.5966852
EIF2B4,0.5966802
WDR11,0.5966767
SCUBE2,0.5966686
RAP2B,0.59666747
RPL31,0.59666526
ZNF836,0.5966606
SPAST,0.59664243
RGCC,0.59664124
ATG3,0.5966141
ZNF354A,0.5966124
MRPL30,0.5966046
NRL,0.5966012
PCNT,0.5965993
SLAMF1,0.59659797
RAB27A,0.5965875
PALLD,0.5965463
MAP1S,0.59653646
TTF1,0.5965217
ZNF337,0.5965076
SMPDL3A,0.5964974
PPT2,0.5964966
IGF2R,0.5964787
FBXO32,0.5964755
PAM16,0.59647536
PLRG1,0.596448
PICK1,0.5964462
MGST1,0.5964045
PKD1,0.59640026
SMARCA1,0.59639543
PPP3CA,0.5963906
ZFP36,0.596385
RAB8A,0.5963819
SNAPC5,0.59636444
GDPD5,0.5963636
EIF6,0.5963581
CSTB,0.5963505
UQCRB,0.5963496
LDB2,0.59633344
IFNGR2,0.5963264
SENP1,0.5963257
KCNQ1,0.5962806
PDE4B,0.5962687
UNC93B1,0.5962657
NIPBL,0.59626526
PBDC1,0.5962595
ZNF700,0.59625685
TRIM2,0.59625506
SCNN1D,0.5962441
PIP4K2A,0.5962228
DDX39B,0.5962139
MPP2,0.5962045
WDTC1,0.5961771
ZDHHC17,0.5961761
ZNF721,0.5961734
OCRL,0.59616256
RTN4R,0.59615904
COPE,0.59615594
LEMD3,0.59615076
RAD23B,0.59614897
MEF2D,0.59611976
SPAG7,0.596099
SPI1,0.59608924
MPP7,0.5960765
TRAM1,0.59606874
PDXK,0.5960364
FARP1,0.59600943
SRD5A1,0.59599984
ZNF823,0.5959986
ROCK1,0.5959955
CRABP2,0.5959653
MED28,0.59595716
SBF2,0.5959454
MUL1,0.5959365
DSEL,0.5959346
RPL41,0.59593385
UAP1L1,0.5959275
NUP88,0.59592414
TNFRSF10A,0.59591645
LZTS3,0.5959112
LSM5,0.5958976
RAP1GAP,0.59588975
PKN1,0.59588945
PSMD4,0.59587497
NTN1,0.5958673
SLU7,0.59586364
PIGK,0.59586173
IRF2BP1,0.5958486
QPRT,0.59583163
WBP4,0.5958096
PAFAH2,0.5958044
SRSF10,0.5958025
TTC12,0.5958006
CLIC1,0.5957952
THAP7,0.5957884
STIM2,0.59578556
TEP1,0.59577954
TCTN1,0.5957765
RRAGD,0.5957707
MCM3AP,0.59576005
TCIRG1,0.59574836
PRDX1,0.595742
PISD,0.5957413
ME2,0.59572387
RNF41,0.5957059
HLA-DPB1,0.5957041
EPB41L5,0.59569967
ZDHHC8,0.5956946
ZNF219,0.59568685
POLQ,0.5956815
SARDH,0.59567815
PIAS4,0.59567636
GAR1,0.5956597
ZNF684,0.595632
TXLNG,0.59561986
PIGA,0.5956119
VAPA,0.59558755
DCP1B,0.59558666
ZNF135,0.59556454
PEX1,0.5955616
ITGB1BP1,0.5955604
MFF,0.5955338
TXLNA,0.59548956
MT2A,0.59547454
INTS2,0.5954568
LMAN1,0.59544545
UVSSA,0.5954417
HIGD1A,0.5954321
PDK1,0.59542745
STARD4,0.5954265
OPA1,0.5954052
RPL38,0.59540206
TP73,0.59539795
LRP12,0.5953795
SEZ6L2,0.5953752
MCTS1,0.59537345
CIB1,0.5953721
PPP1R12C,0.59536886
KRIT1,0.5953634
SIRT1,0.5953613
LRFN4,0.59535754
SLC35D1,0.5953531
TBXAS1,0.5953428
HPSE,0.5953425
RNF138,0.59533715
PARP14,0.5953183
PCDH7,0.5952863
GULP1,0.5952839
PLTP,0.59527266
COPS7B,0.59526765
SRA1,0.5952666
ZNF90,0.595246
GOLGA1,0.59524447
SH2B3,0.59523827
UBE2C,0.5952336
POMGNT1,0.59521055
SRR,0.5952091
CMTR1,0.595167
PRC1,0.59515995
TRAPPC6B,0.59515554
NFKBIA,0.5951451
THAP1,0.59513694
GNB2,0.5951124
FOSL2,0.595101
POLG2,0.59510005
RYK,0.5950748
PHF21A,0.5950461
SLX4,0.59503555
NDST1,0.59502393
OTUD3,0.5950211
NUSAP1,0.59501237
HAGH,0.5949989
MSX2,0.59496385
NXF1,0.5949452
REC8,0.5949364
SYTL1,0.5949231
SAFB,0.5949186
IRF3,0.59491533
POLH,0.59490305
GNPDA2,0.59490156
TECR,0.5948823
HIF1AN,0.5948792
PDIA4,0.5948534
RABGEF1,0.5948374
SEPHS2,0.5948323
HDAC9,0.5947972
NCLN,0.59479094
NUP160,0.5947852
TBC1D2,0.5947691
PEX3,0.5947497
ZNF691,0.59474295
OBSCN,0.59473413
LBR,0.59473354
RAB12,0.59472567
LYAR,0.5947247
NDUFA13,0.5947246
HNRNPDL,0.59469736
BNIP3L,0.5946911
STARD3NL,0.5946909
NDUFB9,0.5946789
JAZF1,0.5946782
ZNF300,0.59466755
MRPS14,0.59466225
SDCBP,0.59465706
RAB3IL1,0.59465116
GPN2,0.5946342
GNAI3,0.59460175
INIP,0.5945857
SMARCA5,0.5945661
NUDT16L1,0.59455025
ICAM2,0.5945501
SLAMF7,0.5945412
MAN1C1,0.5945376
GGCT,0.59453243
GPSM1,0.59450483
HNRNPH3,0.59450084
PPP1CA,0.5944991
PLEC,0.5944876
NFIL3,0.59448534
EOGT,0.59446913
SMCHD1,0.594458
PER2,0.59445196
NSDHL,0.5944432
GLS,0.59443057
NBAS,0.59442997
RASSF1,0.59441227
PPP1R9B,0.59438235
GPX8,0.5943818
LPIN1,0.5943681
ZFP82,0.5943496
LIMS1,0.5943427
RRP15,0.59433055
SPTBN2,0.59433013
TGFBRAP1,0.5943278
UBE2O,0.594307
RFX5,0.5943068
RUVBL1,0.594299
FAN1,0.594297
IFT20,0.5942878
CABLES1,0.59428555
PER3,0.5942521
RIMKLB,0.5942357
WEE1,0.5942235
ZNF318,0.59421426
RAB6A,0.59420633
SYVN1,0.5941819
NKD1,0.594167
SAR1B,0.5941389
PLEKHA3,0.59412515
IL18BP,0.5941134
TANC1,0.59411216
ZNF227,0.59410787
SUCLG1,0.5940969
CLCF1,0.5940942
CHRNB1,0.5940874
PLCD4,0.5940758
NDUFAF7,0.59407306
SMARCA2,0.594066
NDOR1,0.59405756
ENO3,0.59402263
RBL2,0.5940212
TAF2,0.5940163
MMAB,0.5940074
DSP,0.59395295
PRMT3,0.59395117
SH3GLB2,0.5939415
CHAF1B,0.59393734
RRP1B,0.5939307
ZNF562,0.59390324
PARVA,0.593902
LRFN3,0.59389037
NLRC5,0.5938861
PDP2,0.5938578
NME7,0.59383684
PSEN1,0.5938282
VPS33A,0.5938205
PMPCB,0.5938032
PPP1R16B,0.59379876
NUP188,0.5937841
MCCC1,0.59375715
HOMER2,0.5937556
SEC22C,0.5937374
INO80C,0.5937274
PRICKLE2,0.5937145
MFSD12,0.59370023
IMPDH2,0.59367883
PPP1R18,0.59366447
PACSIN2,0.5936561
PAPOLA,0.593654
PQBP1,0.5936482
IL21R,0.59363776
PDE3B,0.59359
PBK,0.5935777
ZNF26,0.5935579
SHC1,0.59352404
LRR1,0.5935183
IRF2BPL,0.593515
PRPF31,0.59351116
GTF2H3,0.5935063
MRPS34,0.59348816
PDHX,0.59346384
NPR1,0.59345305
NUDT3,0.593389
KIF26B,0.59337133
FBXL18,0.59336257
ZNF71,0.59335834
RAB11FIP5,0.59334576
COASY,0.59332335
RIPK2,0.5933036
RRP1,0.59329724
IGFBP7,0.5932801
NSFL1C,0.5932689
U2AF1L4,0.59326136
TES,0.5932574
STX10,0.5932515
SEC16A,0.5932422
NTAN1,0.5932008
IFT140,0.59319055
KIF3C,0.5931849
YIF1A,0.59317183
RHOB,0.5931556
RHOBTB2,0.59315383
PLEKHA8,0.5931524
PPP2R5E,0.5931509
NMRK1,0.59314126
MPI,0.5931359
PHF2,0.5931297
UBE2T,0.59307504
LEPR,0.59306234
RARG,0.5930569
PTMS,0.59305495
YIPF5,0.5930487
TSFM,0.59304565
NTPCR,0.59303564
BTAF1,0.5930308
EIF1B,0.5930022
ATP6V1H,0.5929911
G6PD,0.5929873
BDP1,0.59298354
INPP1,0.5929812
STC2,0.5929778
STXBP4,0.5929705
GTF2F1,0.59294266
NR2C1,0.59293836
PSENEN,0.592924
SLC44A1,0.59288764
NNMT,0.59288484
GLCE,0.59287536
TAF5L,0.59286004
NRP1,0.5928518
HMGXB4,0.59283555
ZKSCAN7,0.5928353
EIF4E,0.5928267
SIN3B,0.59282345
RSRC1,0.59280753
SYT7,0.59276825
DDX58,0.5927667
MOAP1,0.59276104
SCLY,0.59276015
MYL12A,0.59275043
SLC40A1,0.5927467
PTAFR,0.5927084
RPL6,0.5927004
PDK2,0.59269905
MST1R,0.59269905
NLK,0.5926922
RAB11FIP4,0.59267074
NCKAP1,0.5926669
PSPC1,0.5926267
TMEM214,0.5926145
RPAP2,0.59259844
ZNF354C,0.59258884
SPDYA,0.5925866
CARM1,0.592553
NDUFA10,0.5924292
LPCAT2,0.59242034
USP21,0.59238887
MEF2A,0.5923739
COMMD3,0.5923486
GARNL3,0.5923443
GUCY1A2,0.59233725
RPL28,0.5923304
PPIL4,0.5923236
SEL1L,0.59231466
RNF168,0.592314
POFUT2,0.5923066
NIPSNAP3A,0.5923065
NBEAL2,0.59229654
IFT172,0.5922587
PYCR1,0.5922522
CBR4,0.59222955
ZNF439,0.59220785
SIAH1,0.59213424
ID2,0.5921205
PRKCI,0.59208506
SMC2,0.59208155
SLK,0.59207493
PRPF6,0.5920719
EGLN3,0.5920558
MED27,0.59204787
DMWD,0.5920078
RAB10,0.59200746
DDX23,0.59199446
PPARA,0.59199405
KIT,0.59199286
RPS15,0.59199053
GAPVD1,0.5919883
RB1CC1,0.59198326
CREBRF,0.59196526
TAF11,0.59196115
NFX1,0.59194094
ALDH9A1,0.5919339
SLC35B1,0.59192944
CBFA2T2,0.5919253
RHBDF2,0.5918846
TGOLN2,0.5918728
TBC1D24,0.59185237
PPP6R3,0.59185
PDPN,0.5918075
TET2,0.5917774
SETMAR,0.5917699
SPG11,0.59176147
IFI16,0.5917538
RAB2A,0.5917452
MYADM,0.5917309
IL2RB,0.5916633
TEX264,0.59164894
ARNT2,0.59164315
POLR2H,0.59161603
RAB5A,0.59159666
ORC1,0.591572
NXT2,0.5915544
CDC20,0.59154445
IFT27,0.5915371
ZNF605,0.5915204
NDN,0.59148806
STAT2,0.5914698
MIEN1,0.59146786
MCU,0.5914614
IL2RG,0.59144235
NSMCE4A,0.5914164
DVL1,0.59140915
UCK1,0.59140074
SYT11,0.591362
GRAP,0.5913566
SMPD2,0.59135365
VAMP2,0.59134215
TSG101,0.59133786
SERPINE2,0.59133506
SUN2,0.5913252
XYLT1,0.59132177
NRIP1,0.5913022
GOSR1,0.59129953
GTF2E2,0.59127814
PPP1R13B,0.59126717
BIRC6,0.5912306
MRPL9,0.5911816
ITGAX,0.59117675
ULK2,0.59115994
RAB31,0.59114426
RCN1,0.59112555
MPND,0.591105
DUS2,0.59109324
NDUFAF5,0.591085
UQCR11,0.5910741
NUAK1,0.5910732
MTUS1,0.5910498
PKP2,0.5910065
NT5C,0.59099305
KLHL11,0.5909902
FZD6,0.59096164
GNG12,0.59095377
TRUB2,0.5909403
PANK3,0.5909384
MCM6,0.59083897
MRPL18,0.5908383
RNMT,0.59079623
ZNF350,0.5907906
POLR2J3,0.59078735
PHLPP2,0.5907606
PDCD6IP,0.59074324
MED7,0.5907175
HIP1R,0.5907099
GPSM3,0.5906874
LIF,0.59068567
KIF15,0.5906137
ZNF614,0.59057873
SORBS1,0.59057754
UTP20,0.590533
LIMA1,0.5905003
PGS1,0.5904961
BNIP3,0.5904785
CNTRL,0.5904732
RAB2B,0.5904568
PLCB2,0.5904431
GTF3C1,0.59043354
MED4,0.590416
ZNF354B,0.5904059
ENOPH1,0.5903705
SGPP1,0.5903606
ZNF19,0.590318
PASK,0.59031576
ZFYVE9,0.59030163
LXN,0.5902651
PDE8A,0.59024775
NRCAM,0.5902434
NAGA,0.5902374
SLC35A1,0.5902136
TIMM21,0.5901663
MAPK3,0.5901376
DCP2,0.59010315
TNFSF10,0.5900966
RBM45,0.59006196
KLHL25,0.5900613
RIT1,0.5900366
PAGR1,0.5900327
PTPN7,0.5900045
SCD5,0.5900024
ZNF282,0.58998495
SSH3,0.5899673
BEND3,0.58996236
NDUFS4,0.5899612
RAB40B,0.58996063
ZNF641,0.5899517
SLC25A3,0.58993924
PPM1F,0.5899108
DCAF16,0.5899049
HDAC6,0.58989763
CHERP,0.58987004
KIF2A,0.5898662
PTCD3,0.58986217
ING3,0.58985746
UBE2B,0.58985543
PGAM5,0.58982944
ZNF347,0.5898116
INTS4,0.5898031
SUOX,0.5897926
EPS8L2,0.5896795
HSBP1,0.58966655
TNXB,0.5896636
PPP5C,0.5896208
RPS21,0.58961207
KIAA1549L,0.58960235
ZNF419,0.5895939
ERI1,0.5895454
PRICKLE3,0.58954483
MED13,0.5895207
TTC26,0.5895021
ZNF136,0.58948904
RBBP9,0.5894767
EIF5,0.58945364
ANKLE2,0.5894513
ZNF543,0.58941233
CUBN,0.58941066
MRAS,0.58938456
PNPT1,0.58938426
ESYT1,0.58937985
LNX2,0.5893627
TACC1,0.5893447
PPIP5K2,0.58933395
PDXP,0.5893209
COX6A1,0.5893067
CPE,0.58928347
REEP5,0.58927745
USP16,0.58924615
LEF1,0.5892298
CYB5R4,0.5892073
RAD51AP1,0.58919734
SNAP29,0.5891944
CDC16,0.5891771
POGLUT1,0.58917695
NFKBIL1,0.58915514
EIF3B,0.58913374
ST3GAL6,0.58912975
DALRD3,0.5891211
CBLL1,0.5891062
MAP2K6,0.58906335
TDG,0.5890327
RAB21,0.58901966
ENPP2,0.5889992
TXNDC16,0.58896995
HMGCS1,0.58894056
RC3H1,0.5888861
LTB,0.5888699
CIAPIN1,0.58885115
ZNF813,0.58879066
PAPSS2,0.5887813
SEMA5A,0.5887806
SCRIB,0.5887805
LRRC49,0.5887649
DCTN4,0.5887505
PPP2R5C,0.5887363
OSMR,0.5887287
MTF2,0.5886918
LNX1,0.5886866
SLC27A4,0.5886441
ZNF473,0.5886282
COG1,0.5886219
TRMT1,0.5886206
GEMIN6,0.5886015
KPNA5,0.58856994
DYNLT1,0.5885601
SEC31B,0.58854836
RARS2,0.58854425
ESD,0.58854115
NCEH1,0.5885349
VPS36,0.5885288
SPCS3,0.5885286
SYCE2,0.58851665
RRAGC,0.5884993
MGAT3,0.5884698
HK2,0.5884043
NOD1,0.58838755
RBM17,0.5883757
GAS8,0.5883719
KIFC1,0.58837044
CENPJ,0.5883599
INPP5E,0.5883537
MRPS7,0.5883209
POLR1E,0.588269
PGAP2,0.58825004
NOC3L,0.5882464
GLB1,0.5882412
ZNF558,0.5882341
PARVG,0.5882318
SLC25A38,0.58821625
NLGN2,0.58820635
TRIP4,0.5881923
POLR1A,0.5881292
MAN2B1,0.58812153
LSM14B,0.5881212
DDX42,0.5881002
RNF20,0.58809453
SRSF6,0.5880851
SNRNP35,0.5880676
CBX3,0.58804727
PNPLA4,0.5880059
RAB33B,0.5879928
MID1,0.58799154
CDON,0.5879802
UTP14C,0.5879755
RETSAT,0.5879701
COX7B,0.5879652
SORBS3,0.5879573
PCGF5,0.587936
FARSA,0.58789635
SPATA2L,0.5878926
HAUS3,0.5878666
SPN,0.5878458
PIGL,0.58783656
RABL2B,0.5878318
RCAN1,0.5878273
WTIP,0.58778906
CHKA,0.5877396
AP2M1,0.5877325
OMA1,0.5876619
HOOK2,0.5876337
RHOT1,0.5876322
TRIP11,0.58762133
ERLIN2,0.5876154
POLB,0.5875883
SKA2,0.58756757
HOMER3,0.587548
ZNF549,0.5875455
RAD50,0.5875046
GPAA1,0.5874985
RHPN2,0.58749586
MRPS35,0.5874952
RAB24,0.5874684
RAI2,0.58746725
TSSC4,0.58738154
NDUFAF4,0.58736455
CHFR,0.58735937
RASAL3,0.5873153
REPS1,0.5872753
ATF2,0.5872296
MPP6,0.5872088
PPIG,0.58719844
PAF1,0.58715415
CDCA3,0.5871135
FAM111A,0.5870777
PSMA4,0.587073
C2orf49,0.5870619
MED20,0.58704996
HES1,0.58704305
PCYT2,0.5870317
QTRT1,0.5870316
CCT8,0.58702797
AP3S2,0.58700675
MCEE,0.58695364
MMP17,0.5869294
FBXO27,0.58692396
HEXIM2,0.58689505
SOS2,0.5867953
BUB3,0.5867735
PRKD2,0.5867613
MLH3,0.5867328
ZNF12,0.58669704
KRT19,0.5866799
ASAP2,0.5866494
MANEA,0.58664685
RENBP,0.58661133
SPTLC2,0.5865887
FOS,0.5865641
FBXO25,0.58654743
DNAH17,0.5864614
MRPL44,0.5864613
BDKRB2,0.5864496
STOML2,0.58644545
ZNF738,0.58643645
RP2,0.5863982
RUFY3,0.58639485
POMK,0.5863931
HSPA14,0.5863743
SLC12A9,0.58636665
PDCD4,0.58633745
GCDH,0.5863345
ZNF470,0.58626664
ZNF709,0.58626086
ST14,0.58625776
TTC5,0.58623564
HOXA5,0.58623475
NUDT12,0.5862233
PPP2R2A,0.5861818
TMEM107,0.5861784
TUBG1,0.58617544
PYGO2,0.5861671
SETD6,0.58616006
NFKBIB,0.586148
PFN2,0.58613485
PRPF3,0.5860944
TM2D2,0.5860901
PRKX,0.58606446
CALML4,0.5860614
RNF185,0.5859829
CAST,0.58593196
RNASEH1,0.58592665
DDX39A,0.58591413
PPIF,0.585914
MBTPS1,0.5859036
TAF6L,0.5858633
TRPM2,0.5858247
SYTL2,0.58580685
DOK1,0.5858061
MAFF,0.5857636
NUF2,0.5857453
RPAP1,0.5857203
PRKAR1B,0.58563644
PLXNA3,0.5856318
CLPB,0.58553827
NCBP1,0.5855139
PI4K2A,0.5854611
POLE2,0.58542824
PARD6G,0.5854219
MERTK,0.58525264
PLD1,0.5852172
RFC4,0.5851885
MMP11,0.58516955
SNAP47,0.58508873
OPRL1,0.58507967
PHF11,0.58497787
CES4A,0.584958
SLC25A12,0.5849448
PARP2,0.58493966
CIAO1,0.5849396
STX18,0.5848264
RND1,0.58481246
BAG3,0.584805
SYDE1,0.5846811
DHRS3,0.584678
SLC7A8,0.58465594
FPGS,0.5846254
KPTN,0.5846086
CHRAC1,0.5845612
PPAT,0.58455557
RORA,0.5845365
IVNS1ABP,0.5844628
CRLS1,0.5843719
GINS4,0.58435506
SIRT3,0.58433133
SLC25A24,0.5843242
TADA1,0.584311
PDCD6,0.584269
STX2,0.5842628
RNF14,0.5842267
UNC5C,0.58421725
SENP5,0.58421123
NR1H3,0.5841846
TOM1,0.5841839
ZNF486,0.5841584
AP3B1,0.58414936
LDLRAP1,0.5841489
HNRNPLL,0.58411425
IL15RA,0.5841001
TEK,0.58407557
CNNM2,0.58405304
RNF38,0.5840412
SEMA5B,0.5840228
CREG1,0.58401775
CDC25A,0.58401453
UBXN2A,0.5839614
ARRB1,0.58395904
LDHD,0.58395183
RCAN2,0.58394724
MLPH,0.58392274
NR4A3,0.5839122
PPL,0.5838946
PHKA1,0.583868
TRAPPC11,0.58385044
TSPAN12,0.5838044
OGT,0.5837496
ZNF793,0.5837182
LAMA3,0.58367985
NPC2,0.5836674
TGFB1I1,0.5836289
CDH5,0.58362633
IFT57,0.5836229
FBXL17,0.58361894
NEK2,0.58361053
SAT1,0.5836013
HSPBP1,0.5835183
PKP1,0.5834929
IL16,0.58339316
SLC12A2,0.583384
SNRNP27,0.58328277
GNPTG,0.5832752
PPM1B,0.5832323
TBC1D10A,0.58322555
IDH3B,0.58321816
MSRA,0.58319044
RABGGTA,0.5831773
GNA14,0.5831761
RGS12,0.58316076
TAB3,0.5831589
TM7SF2,0.5831576
LOXL2,0.5831502
ASF1B,0.58313453
EHMT2,0.5831204
ZNF18,0.5831078
SIGIRR,0.58304274
ANAPC7,0.58304095
PDCD10,0.583025
MAFK,0.5830147
NDUFAF1,0.5830001
BMP8B,0.582992
MIB2,0.5829384
IRAK2,0.5829175
PRR5,0.5829057
TAGLN,0.5828687
PDHA1,0.5828273
ENTPD4,0.58282626
MCM9,0.58278686
PIGG,0.5827856
COL24A1,0.58277965
SETD1A,0.5827274
TTC30A,0.58272046
NR1H2,0.58271706
RELT,0.58264744
RAP2C,0.58258355
IDS,0.5825624
JAM2,0.582562
WASF3,0.58255726
ZNF699,0.58250767
GEMIN5,0.58246785
FDPS,0.58246124
PEX16,0.582367
CD2BP2,0.5823595
PRMT6,0.5822901
SMUG1,0.5822781
KREMEN1,0.5822673
RPRD1B,0.58220744
RAB4B,0.58213896
ECHS1,0.5821245
EARS2,0.5821234
ZNF433,0.58208966
IER3,0.5820651
MIF4GD,0.58206487
MAP3K9,0.5820186
LIN9,0.58200204
MGAT4A,0.58194315
LMBR1L,0.58188736
RANGAP1,0.5818395
PRKACB,0.5818391
ATG4C,0.5818035
KIF13B,0.5817685
RASGEF1A,0.5817502
NDC80,0.581704
PLD2,0.58169335
PRKCD,0.5816867
HERC5,0.5816656
TCEAL1,0.5816241
EIF2B3,0.5815823
MOSPD2,0.5815156
PANK4,0.58149093
MIDN,0.58147454
E2F2,0.5814624
BIRC2,0.5814265
FAM91A1,0.58134204
NDUFA5,0.58129966
DPP7,0.58127916
KIF7,0.5812114
IFNAR2,0.58120584
METTL22,0.5811982
HMOX2,0.58110666
ASPHD1,0.58109933
SNAPC4,0.5810835
RFK,0.58108336
DRG1,0.5810822
PDE6D,0.5810638
EGLN1,0.5810365
RNF139,0.5810281
DONSON,0.5809869
FECH,0.58097094
PMVK,0.5809452
ZNF34,0.58089894
DENND1C,0.58088756
POLR3H,0.580819
RASA2,0.58075565
EMC3,0.58074266
HAUS5,0.580597
MED17,0.58050394
ORMDL1,0.5804775
RHOU,0.58042437
ELOVL1,0.5804151
KIF23,0.58040714
RASSF2,0.5803864
DNA2,0.5803183
RNF152,0.58028823
MRPL34,0.58026516
RALGAPA2,0.5802504
WDR5B,0.5801962
SNIP1,0.5801917
ARF4,0.5800693
CCDC88C,0.5799932
CDK7,0.57989407
ESRP1,0.5798898
EMC4,0.5798447
HCCS,0.57984185
REPS2,0.5798161
THAP11,0.57981426
SNX8,0.5798142
RIOK1,0.57977045
EPHA4,0.57976097
MRPS16,0.57972926
ITGB3BP,0.57964987
PPID,0.5795099
TREX1,0.57945645
GYS1,0.5794328
ZNF267,0.5793597
ARL4D,0.5792698
OBSL1,0.5792614
TAP2,0.57920694
CREB3L4,0.57919526
ZNF573,0.57917064
GPR161,0.5791586
TIMMDC1,0.5791393
SNAPC1,0.5790296
TFIP11,0.57901037
ZNHIT3,0.5789673
SEH1L,0.57896584
PPP3R1,0.57894874
POLD2,0.5789408
CDC25C,0.57892025
SEC23A,0.5788246
RHOQ,0.57878464
MR1,0.57872057
STK4,0.57872
ORC4,0.57871133
ZNF626,0.5787008
PPFIA4,0.57867235
STX4,0.5786484
ZNF593,0.5786429
NABP1,0.57850564
CRTC2,0.5784849
GTPBP3,0.57846457
IBA57,0.57843596
MOCS1,0.5784053
RECK,0.5784
ZNF420,0.5783087
BMP2K,0.5782752
EXOSC9,0.578252
PSMG2,0.57820463
TMEM186,0.5781528
PRKRIP1,0.5781024
DDX27,0.57806057
ZNF585B,0.5779129
SELPLG,0.57790613
MSH5,0.57790613
DERL1,0.57789123
NRBP1,0.5778822
EFCAB7,0.57783484
MAP3K7,0.57781166
BLOC1S6,0.5777474
CBFB,0.5777027
LMAN2L,0.5775554
SLC44A3,0.57754064
NSMAF,0.5775354
ZFP30,0.5775052
CRADD,0.5774867
MMS22L,0.5774808
NLRX1,0.57746464
PATL1,0.57744557
TM6SF1,0.57743144
FUT4,0.5774082
ZNF557,0.57733345
HSCB,0.57731175
NIP7,0.57730985
PRNP,0.57728595
TOLLIP,0.57720566
PEX12,0.5771463
NOTCH3,0.57714534
PMPCA,0.57710224
GPX3,0.57709885
RASSF5,0.57708275
PLOD3,0.57702744
CD81,0.57701284
OIP5,0.5769961
DDHD1,0.5769475
KCTD15,0.57694536
ARF5,0.57687163
MRPL47,0.5768681
RCOR3,0.57682085
PRKAB2,0.5768152
PLIN2,0.57677615
GATM,0.5767311
POLR2I,0.57666695
TXNRD3,0.57665026
SGSM3,0.57661843
IQCE,0.5766146
TCN2,0.57652056
SECISBP2,0.57648087
SPAG4,0.5764453
ANKRD27,0.57635844
ALG9,0.57633084
MTRF1L,0.5763252
DNAJC3,0.5762572
CNN2,0.5762429
ATP1B2,0.5761609
PAAF1,0.57612514
MON1A,0.5760679
SRD5A3,0.57604593
DCAF11,0.5759722
RECQL,0.5758749
CKAP2,0.5758708
CWC27,0.5758239
RGL1,0.57582134
RANBP10,0.5757501
YOD1,0.57573986
ZNF429,0.5757317
TWF1,0.57571244
TAF9B,0.5756407
SNRPG,0.5755751
OXTR,0.5755131
COG3,0.57547134
RBM42,0.5754192
GLRX,0.57540226
EPC2,0.57517946
ZNF674,0.5751415
CSF1,0.5751333
GALNS,0.5749806
RTCA,0.5749271
EGR2,0.5749223
PAIP2B,0.57492024
FIBP,0.5748836
ARHGAP30,0.57474244
CRY1,0.5747178
MPP1,0.57467514
NFS1,0.57464916
PLEKHG3,0.5745918
DGKQ,0.5745868
IFNAR1,0.57441896
LSM3,0.5744137
MRPL40,0.57440764
ECD,0.57439387
FBXW5,0.57433236
CCNB2,0.5743126
COL5A2,0.5742208
NOC4L,0.5740985
CRY2,0.5740856
FAM120B,0.5739958
PTS,0.573875
VCAN,0.5738235
DNAJA1,0.573815
NFATC1,0.5737248
NDUFB6,0.5736609
ZNF773,0.57360363
ME3,0.5736034
PDK4,0.5735535
DHX32,0.5735159
REEP2,0.57345676
PPP1R8,0.5734212
UBE2D4,0.573411
CD55,0.57340574
CAPG,0.5732984
GALNT6,0.573137
INO80B,0.5731066
NFASC,0.57309157
EPB41L1,0.57302594
PTK2B,0.57295513
RIN1,0.57285875
BRCC3,0.572857
ZNF141,0.57282776
PCDHB5,0.5728153
CSPG4,0.57276326
ZNF155,0.5726758
PSMD5,0.5726739
DHRS4,0.5726729
MRM1,0.5726683
GMPPB,0.5726649
TMEM50A,0.5726113
ARMC8,0.5725807
NHLRC3,0.5725602
HMBS,0.57254016
PPCS,0.5725227
DHPS,0.57249486
SCIN,0.5724761
FBXL4,0.57246196
POLR2F,0.57240933
MAPK11,0.5723961
ASNS,0.57239056
ERF,0.5723603
ZNF189,0.57230645
PCDH1,0.5721797
CEP70,0.5721515
GMPPA,0.5720817
DDX50,0.5720433
SLC9A3R2,0.5719288
PITPNM1,0.5718785
PPP2R5B,0.57183784
MARK4,0.5718209
PHF12,0.5717612
TSEN34,0.5715758
IVD,0.57153374
RSAD2,0.5714381
SEMA6B,0.57137185
ATRIP,0.5713718
RBM7,0.5713492
MYH14,0.5712601
PPM1D,0.5709854
EPHX2,0.5707811
NMI,0.5707335
NDUFS2,0.57061595
MTO1,0.570489
HPS4,0.57044595
RIN2,0.57044125
NAMPT,0.5704266
KRT5,0.57042325
KRBA1,0.5704067
AP5Z1,0.57027996
PNKP,0.57023895
SIRT2,0.57023513
ALG8,0.57020825
SEMA4B,0.57017523
TFAP2E,0.57009923
RUSC1,0.5699757
HSPA12B,0.5698952
ZNF17,0.5698282
SYNJ1,0.5697811
HSD17B8,0.5697224
VCPKMT,0.56959814
FADD,0.56957793
CHN1,0.569525
RAB30,0.5694272
BUD31,0.5694262
COX17,0.5694087
ZNF765,0.5693771
LAMB2,0.56936044
ANKFY1,0.56910616
MYL5,0.5690637
PPFIA1,0.5690591
ZNF184,0.56902635
TCEA2,0.56895554
DPH1,0.5689376
AGTRAP,0.5689044
LMBRD1,0.56883764
PITX1,0.5687689
OSGEP,0.56866336
SESN1,0.5685419
KAT2A,0.5685111
CD320,0.5684292
LCMT2,0.56842893
MMACHC,0.56835157
MAPK8IP3,0.5682841
TEFM,0.5682444
AMFR,0.568183
PLCG2,0.5681549
ZNF175,0.56808203
TNFSF12,0.5680218
PTH1R,0.56800246
DCAF13,0.5679558
NOP14,0.5678664
CIDEB,0.5677875
EPHB3,0.5677757
RFX2,0.5676918
KBTBD8,0.567676
ZSWIM7,0.56730574
EMC9,0.5673022
REXO2,0.5672245
MYSM1,0.56720936
NAGPA,0.5671947
COG2,0.5670705
IPPK,0.5670199
TMEM17,0.56698525
SEC23IP,0.5669042
DBNL,0.5668658
MTMR10,0.5667615
GTF2H4,0.5667125
GBA2,0.56669
L3HYPDH,0.5666035
VAMP1,0.566532
EIF2A,0.5664302
CHI3L1,0.5663534
ORAI2,0.56630766
RGS19,0.56624943
CHMP2B,0.56610465
SHPK,0.56609744
FAM98A,0.56608725
PTPN21,0.5659955
GIMAP4,0.56593984
HAUS2,0.56589293
CDK2,0.565886
COMMD5,0.5656793
ATG12,0.56558484
EHD3,0.5654777
SIRT5,0.56539196
NADK2,0.56532484
ASPSCR1,0.56514835
PRDM4,0.5650385
CDC42EP4,0.5649482
CA2,0.5648826
TAF13,0.5647847
FBXL12,0.5647624
METTL7A,0.56473476
STRADB,0.56460065
PDLIM2,0.56459993
WRAP53,0.5645214
ADI1,0.5643883
PYGO1,0.5643016
ITPKB,0.5641766
C2CD2,0.5641728
ATPAF2,0.564094
PCDHGA6,0.56406665
DNTTIP2,0.5640419
RCHY1,0.5640229
ARHGEF12,0.5638278
IL10RB,0.5637908
SLC2A8,0.56377625
SPARCL1,0.56373847
LARP7,0.5637103
THBS2,0.5637046
ARL3,0.5634845
NANP,0.56342494
CIB2,0.5634106
FUCA2,0.5633163
DSG2,0.5632858
TPMT,0.56315756
SH2D3A,0.56315154
ADCY7,0.56300235
RMDN2,0.562841
DLGAP5,0.5626624
CCDC106,0.5625436
IL17RA,0.56249267
ZNF467,0.5622623
DNAJC1,0.56224835
TRIM41,0.56202585
DIABLO,0.5619749
MAPK13,0.5618077
ENPP1,0.56178397
PCGF1,0.5617785
PNPLA7,0.5617725
EXOC6,0.56173915
ALG12,0.56167716
ECH1,0.5616038
NPHP3,0.56158197
DERL3,0.561556
BLOC1S4,0.5614938
ZNF585A,0.5614324
SECTM1,0.5614291
PHF8,0.5613032
SERPINB9,0.56112534
EIF2B1,0.5608818
STK11IP,0.560789
KTI12,0.5607535
ATRX,0.5606131
ATL1,0.560357
CALCOCO1,0.5603397
DNAH1,0.56032944
HOXB7,0.5602908
EID3,0.56013995
TBC1D7,0.5600504
COPS6,0.56002873
MYO1F,0.5599735
SNTB1,0.55995333
RTN4IP1,0.559904
IL6R,0.5598431
ENTPD5,0.5597917
SFN,0.5595846
AKR7A2,0.55936086
IFT88,0.55934376
SLC30A1,0.55914396
FBXO2,0.5589962
EFNA1,0.55896115
PSTK,0.5589369
CRMP1,0.55866784
PEX6,0.5584953
FAM220A,0.5582769
GTF2E1,0.5582005
TLR6,0.5580664
GPAM,0.5580624
ISY1,0.55793154
ITGB6,0.5579166
PTPN4,0.55787724
NEDD9,0.5578593
MRPL24,0.55784947
TRAF6,0.55781937
PSEN2,0.5575909
IL17RB,0.55750775
PCDHB10,0.5574859
BAK1,0.55742687
PDPK1,0.557209
GCC2,0.55718076
SURF1,0.5571648
NINJ1,0.55684674
RAVER1,0.5568441
FOXRED2,0.5568045
SYP,0.55679667
MAP9,0.5567815
CWF19L1,0.55666804
GLIPR1,0.55662376
ZDHHC2,0.5565434
FOSL1,0.55636066
FBXO8,0.55628824
KLC2,0.5557492
EPHA1,0.55574316
DBR1,0.5555159
TP53I3,0.5554471
DNAJC24,0.5554364
EIF2AK3,0.55536103
BMPR2,0.55534923
ZNF569,0.5553072
IDH3A,0.5552125
OPLAH,0.5548807
SARS2,0.5547792
LLGL1,0.5546957
KATNB1,0.5546018
COLQ,0.5545764
TBX2,0.55452216
EAPP,0.5545178
JOSD2,0.55448306
CNOT6L,0.5544599
DTX3,0.55437434
TFAP2C,0.55436605
SPPL2A,0.55422544
FAM160A2,0.554069
GAN,0.5538093
CNTNAP1,0.5537655
ELK1,0.55355597
DNAJC9,0.5532584
SPATA2,0.5532579
COL6A1,0.5531914
MOCS2,0.55318135
CCNDBP1,0.55313224
EAF2,0.5528408
SIRT6,0.55239975
SPTBN4,0.55235773
GABPA,0.55233794
RGP1,0.55225354
MRPS36,0.55220485
NELFA,0.5521987
ZNF830,0.5521571
HADH,0.5520568
SHB,0.5519403
EFNB1,0.55183274
DIMT1,0.5518005
NSMCE1,0.5517109
PRICKLE1,0.5517055
PPP2R3A,0.551545
RPS6KA5,0.5514379
ARHGAP9,0.55134135
PCGF2,0.5512748
ZNF225,0.5510485
PADI2,0.55104226
PLEKHG6,0.5509757
POP5,0.5508116
CPT2,0.55080134
RILP,0.550753
ARFGAP2,0.55067885
BBS7,0.55052304
KCNJ2,0.55049926
RBMX2,0.55047154
CCNE2,0.55043185
MTF1,0.550257
COQ3,0.5499003
LIN37,0.5498027
ZNF324B,0.549798
SVIP,0.54965633
BLVRB,0.5496542
DDX51,0.54951215
MOB2,0.5494861
TRPC6,0.54948384
E2F5,0.54944867
ELOVL7,0.549444
PCOLCE,0.5490983
MRPL13,0.54909426
PPP2R3C,0.54906183
APOBEC3C,0.5490504
IL11RA,0.548878
POLE4,0.54873514
HSPA13,0.54871553
EHHADH,0.5485392
FZD8,0.5484914
CLCN6,0.5482188
F12,0.548207
VPS37D,0.54808515
PJA1,0.548048
LMF1,0.5480057
LRP3,0.54799026
ZNF671,0.54758745
FAM110A,0.5475144
DERA,0.5471003
GPR68,0.5469656
ZNF14,0.54693985
PBLD,0.54682237
NGDN,0.5467705
PDZD11,0.54660183
PYCARD,0.5465429
TRPV4,0.54638875
ATG14,0.546298
HSD11B2,0.5460555
JMJD4,0.54604477
COA5,0.54555005
PPIH,0.5452917
RAB42,0.54512376
LRP2BP,0.54503924
EYA2,0.5450351
COPB2,0.54494685
LSM10,0.54479164
LONRF1,0.5441753
ITGA8,0.54399836
DHRS1,0.54385436
MAP2,0.5437243
CCNA2,0.5435445
BNIP1,0.543517
STX1A,0.54350317
MVB12B,0.5433377
MSR1,0.5430263
LSM11,0.5430071
PIGP,0.5422483
ETFDH,0.5421408
DBP,0.541915
NTM,0.5417794
GPR180,0.5417177
ZNF615,0.54140425
PEX11G,0.54134524
ZNF677,0.5412844
RAPGEF5,0.5410192
HACL1,0.5409965
GET4,0.5408368
CPEB4,0.54080915
CGNL1,0.540788
DUT,0.5405973
ERN1,0.54043865
PIPOX,0.5398412
HRH1,0.5396976
MAP3K6,0.5396481
ATG16L2,0.53962815
GLYCTK,0.5395861
CCDC115,0.53952503
DCUN1D2,0.5393208
PAQR3,0.53931683
RHOJ,0.5392318
DDX52,0.5391712
RNF2,0.53908074
MAD2L1BP,0.53901047
CNOT10,0.53870046
RPGR,0.5386743
CTBS,0.53864026
ADAMTSL4,0.5384217
CCNK,0.5383646
MYBL1,0.53832245
TRIM39,0.53820574
MTMR7,0.5380894
ZFP69B,0.538075
DISC1,0.53797543
CAB39L,0.53787076
ACVRL1,0.53785396
DGAT1,0.5376394
FZD7,0.5376259
IL4R,0.5371422
C6orf120,0.53701425
COPS8,0.5369876
ARID3A,0.5366302
GIMAP8,0.5366233
MFSD2A,0.5364822
KMO,0.53648126
FCGRT,0.53637576
KLHL9,0.5363703
KDM8,0.536264
FEZ1,0.53626174
CMTM6,0.53615963
EPHB6,0.53614914
RNF25,0.53605247
ITGB7,0.53597206
GBP4,0.53587085
DTX4,0.5358553
ARHGEF37,0.53584594
PGM3,0.53580785
SGIP1,0.5357136
FRK,0.535605
AJUBA,0.53544116
SGPP2,0.53533846
COPS7A,0.5352599
STX11,0.5352366
MOGS,0.53486043
NOTCH4,0.53439593
BATF,0.5342312
DPCD,0.53420854
CD300A,0.53419244
NPHP1,0.53411025
CEP76,0.5340648
TECPR1,0.5337324
CLK1,0.5335117
ANKZF1,0.5333138
PHLDA3,0.5331688
LAMA2,0.53290164
ATP13A2,0.53267276
GLRX2,0.53231186
GBP1,0.5322021
DACT1,0.53219175
PTPRN2,0.5321414
ZNF772,0.53213835
GYG1,0.5318392
APBA1,0.53180355
RAC3,0.5317688
PLB1,0.5317387
ADA,0.53170604
POU2F2,0.53168124
PDCL3,0.53156763
CPT1A,0.5313983
LRRK2,0.5313871
RASGRP2,0.5313457
SNAI1,0.5311813
ARHGEF3,0.5311053
LAMTOR5,0.5310772
PDLIM4,0.53102684
RNF103,0.5308604
NTN4,0.5305329
KCNIP2,0.5303021
PEX11A,0.5302835
FAIM,0.53009355
SLC25A14,0.53001726
PPOX,0.5299578
BLVRA,0.52994645
TBP,0.52985066
RCE1,0.5295285
KCTD6,0.529438
PPFIA3,0.52938336
C1GALT1C1,0.529279
TRIM45,0.52923554
PIGV,0.52923155
MRPS17,0.5292027
CASP6,0.52920234
AMDHD2,0.5290882
NDST2,0.52903366
BBS2,0.5289543
CYP2R1,0.52876395
ARHGAP11A,0.5286853
SDS,0.5286834
FUNDC1,0.52842635
RNF6,0.528264
ATAD3A,0.52787054
CREM,0.52763325
CATSPER2,0.5272093
BMP2,0.5271645
FGR,0.52711886
FEZ2,0.5270496
RING1,0.52700204
CPT1C,0.52693576
NLRC4,0.5268524
NCALD,0.5267621
GADD45A,0.52652705
COIL,0.5263495
ARHGEF9,0.5262668
KCNMB3,0.52610075
DECR1,0.5260684
MAP3K10,0.5259435
ASCC2,0.5259354
DNAH5,0.5257046
TBX19,0.5256271
GNE,0.5255349
EXOSC4,0.525487
HLX,0.52514887
GRK4,0.5248005
DPM3,0.524691
GFER,0.5246532
CCP110,0.5242494
BTN3A1,0.5241315
SAP30,0.52413124
ESF1,0.5239903
CREB3,0.5239046
ZNF418,0.523821
NCF4,0.52360106
EXOSC8,0.5235503
EIF2B2,0.5234067
PDE5A,0.52333695
BRPF1,0.52331334
ARL13B,0.5231191
MOCS3,0.5225218
MICALL1,0.52244526
MAP1A,0.5222276
DNASE2,0.52198297
PARP9,0.5218534
ING2,0.52166826
TMOD2,0.521498
LHX6,0.5213947
BSCL2,0.5211677
NDUFA9,0.5211586
CLK4,0.52114683
HARS2,0.5211143
IPMK,0.520978
CD180,0.5208381
EFNB3,0.520783
PGF,0.5207028
POMT1,0.5206063
CD200,0.52056134
SRPX2,0.5204029
COQ10A,0.520178
ITGA4,0.52007693
FBXO6,0.52003586
CAPN10,0.5199714
CAT,0.5199432
ADAM19,0.51963574
CSF2RB,0.51961654
ELMO1,0.5191624
CHKB,0.51911217
RPP21,0.51902646
CCDC80,0.51879287
FAM114A2,0.51878786
F5,0.5187724
RGS2,0.51873213
HYI,0.51843494
RAG1,0.51836103
RUNDC3A,0.5182628
B3GNT2,0.5181628
ZNF468,0.5181279
COL11A2,0.5181175
RDH10,0.5179995
KBTBD7,0.517879
NOL12,0.5175787
DSN1,0.51738423
PALMD,0.51732194
FZD2,0.5171313
RNF181,0.516997
DYSF,0.51695627
DOCK8,0.51680684
HPS5,0.5166697
CBR3,0.51666397
CREB5,0.51665974
PSMA2,0.51639545
GCSH,0.516331
CASP7,0.51607805
PCDHB15,0.51578665
ARHGAP11B,0.5156415
DLC1,0.51562816
PRRT2,0.51548445
EFNA3,0.5154655
SDHAF1,0.51524204
NT5E,0.5150944
C9orf72,0.5147428
C2,0.5147117
CCL5,0.51468545
CCL4,0.5146612
NAT1,0.51458544
PIGB,0.5145537
HOXD3,0.5144767
FMO4,0.51426786
ADAM28,0.5140644
LIMS2,0.51398134
ASS1,0.5138593
RASD2,0.513845
CLDN1,0.51380485
KCNH2,0.51367503
ALYREF,0.51351637
DYNLT3,0.51348305
DET1,0.5134759
PILRA,0.5133869
GDPD1,0.51325995
CDH6,0.51319355
AP3M2,0.5131576
FGD1,0.5131062
CAPN7,0.51308787
FZD1,0.5130805
B9D2,0.5129161
RAB32,0.51259184
PI4K2B,0.512497
DNAAF2,0.5121666
USHBP1,0.512002
GPR160,0.511802
AMPD2,0.5117163
CMC4,0.5110937
DNAJB9,0.51108515
GID4,0.5110756
TLR3,0.5108416
LMCD1,0.5108024
PORCN,0.51078945
ALDH18A1,0.5106245
RNASE1,0.5106141
CYB5R1,0.5104253
FPGT,0.51040435
B3GALNT1,0.5101636
DSC2,0.5100587
OASL,0.5100272
CABYR,0.50981665
ADAMTS1,0.50958675
LRP4,0.5091867
BRWD1,0.5091832
ATP6V1C1,0.5091404
BOC,0.50906503
ERMAP,0.50905055
SPON2,0.50894177
GAS2L1,0.50871575
KCNIP4,0.5086825
CDC37L1,0.5085019
DDX60,0.5084124
ADAMTS10,0.50839984
CLN8,0.5083374
HES4,0.50833374
SMG8,0.5083057
ARL8A,0.50816804
LIPT1,0.50795746
DDHD2,0.5079374
DCAF17,0.5079227
BTD,0.50790143
IPP,0.50775164
PLD6,0.50763535
ADAMTS5,0.5075907
ADAMTS12,0.50735563
IKBKE,0.5072848
MARVELD3,0.5072786
CNOT11,0.5072433
CHMP4C,0.5071275
DDX28,0.5069259
FKRP,0.50673723
SEMA4G,0.506666
CD40,0.50652045
CYP2U1,0.50646996
CENPQ,0.5063793
ADAMTS13,0.5063792
ATF7,0.5063571
CRELD2,0.5063308
NAIF1,0.5062751
JAG1,0.50600886
PREX2,0.50580555
SLC30A4,0.50571436
FHL1,0.5056934
ENGASE,0.50566417
CD6,0.50556135
COL15A1,0.50553316
FBXO15,0.5054123
ADAMTS14,0.5054045
ARNTL,0.5052143
GALM,0.5051794
B9D1,0.505064
DOLK,0.50496835
GNG11,0.50487
LRRC4B,0.5046522
FDXR,0.50464934
ADAMTS2,0.5045647
GALNT3,0.5043105
CCNYL1,0.504231
ITGA7,0.5042007
GALNT12,0.50419444
COQ10B,0.5040932
PYGM,0.5040664
DCTN3,0.50400627
F8,0.5039338
CTSL,0.50386953
EPOR,0.5038655
AMPD3,0.5037934
ADAMTS4,0.5037686
CLN3,0.50364846
SERPINF2,0.5035636
DFFB,0.5035133
GORAB,0.503502
DNAJA4,0.5034947
CHMP6,0.50347024
CTSF,0.5034103
SLA2,0.5033624
GALNT14,0.5033227
FBLN5,0.5032851
RRAS,0.50325215
LY96,0.50323087
ARL6IP5,0.50306255
POLR3F,0.50303006
BCKDK,0.5029359
CYP39A1,0.5029266
SERPINB8,0.50289357
ZNF442,0.50288475
ATP1A3,0.50286883
ARSG,0.50280386
DUSP19,0.50263816
PMM1,0.50258887
GPNMB,0.50257456
MMAA,0.5025175
ATP6V1E1,0.5022555
GFI1,0.5021837
ALG1,0.502152
ZNF222,0.50210977
GTF2H5,0.5019648
SCN1B,0.50190455
NPRL2,0.5018068
APOO,0.5017738
ERCC6L,0.50175595
ARHGAP6,0.5017075
LRFN1,0.5016719
DCLRE1A,0.5015794
BPGM,0.50157607
ADAMTS9,0.5014787
P2RY6,0.5013858
RASSF6,0.5012861
ARL1,0.5012631
FCGR2A,0.5012399
KRT17,0.5011939
LRG1,0.5011485
AKR1C2,0.50101084
EVI2A,0.5009335
ARSK,0.5007833
NRN1,0.5007525
DNTTIP1,0.5007305
PTGER4,0.50072557
SDSL,0.50069976
COX15,0.50063145
ARHGEF4,0.5005453
FLT4,0.5003747
CNN1,0.50035924
B3GNT7,0.5003551
CACNA1H,0.5002272
PPP1R3D,0.5000653
PIP5KL1,0.4998826
HSD11B1L,0.49981886
FPR3,0.49976468
BCAS2,0.4996645
HARBI1,0.49960995
SLC44A4,0.49960572
ADAT2,0.4995045
GLDN,0.49947473
DENND2D,0.4994112
KHK,0.49925664
CLEC3B,0.49910033
FUT1,0.49892336
FGD5,0.49881074
MTSS1,0.498777
S100A3,0.49875957
LAT,0.49858832
ADCY4,0.49858472
DXO,0.49854988
ASIC1,0.49848267
PTGIR,0.49839607
FGD3,0.49826938
ARAP2,0.4980049
DOLPP1,0.49797547
DYNC2LI1,0.49796718
PLXNC1,0.49796507
LAG3,0.4978428
FBXL8,0.4974732
GADD45G,0.4973836
HDAC11,0.49727786
APOBEC3G,0.49727502
NFAM1,0.49722663
APBA3,0.497201
HOXA7,0.49705622
PTGS1,0.49700686
ANAPC2,0.49695316
HEYL,0.49685115
DUSP8,0.4967784
SLC4A11,0.49674344
NDUFA4L2,0.4966534
HSPA6,0.4964698
ASB6,0.49644136
PANX2,0.496409
ARG2,0.496334
S1PR1,0.4958697
PDE4C,0.49585363
GNGT2,0.49574047
P4HA3,0.49567473
PPIL6,0.495527
FOXP3,0.49520493
ARAP3,0.4950314
ROBO3,0.4949784
ADPRM,0.49475682
KCNAB3,0.49473208
CD247,0.49461773
ADRA2A,0.49458507
PCDHB3,0.49448827
ADRM1,0.49441397
MST1,0.4940555
WNT9A,0.49398392
RNF113A,0.49380738
BMP4,0.49364817
FBP1,0.49323133
AGA,0.49321195
AGAP2,0.49304
F13A1,0.4929285
ITGAM,0.49290395
AGER,0.4928686
FOSB,0.49282065
ITGA9,0.49278718
AGGF1,0.49252754
AGK,0.49238318
INMT,0.49223745
AGMAT,0.49214017
TNFSF13,0.4920993
GGT1,0.49200088
TLR4,0.4918778
C17orf49,0.49183825
HFE,0.49178874
NEB,0.49172878
TMEM176A,0.49169225
DHX58,0.4916828
ARHGEF26,0.4916799
AGPAT2,0.49161226
DMTN,0.4915386
CABLES2,0.49152032
CTSO,0.49147734
RORC,0.49122438
DES,0.49107432
DHDH,0.49107432
DISP2,0.49107432
DLL1,0.49107432
DPP4,0.49107432
DUOX1,0.49107432
ECE2,0.49107432
ECM1,0.49107432
EIF4E3,0.49107432
EXOC3L1,0.49107432
FBXL22,0.49107432
FCER1G,0.49107432
FDXACB1,0.49107432
FOLR2,0.49107432
FPR1,0.49107432
FUT2,0.49107432
GAB3,0.49107432
GBP5,0.49107432
GCNT4,0.49107432
GGT5,0.49107432
GIPR,0.49107432
GNLY,0.49107432
GPER1,0.49107432
GSDMB,0.49107432
HEY2,0.49107432
HOPX,0.49107432
IL17RE,0.49107432
IL18R1,0.49107432
IL1R2,0.49107432
INHBB,0.49107432
ITGB3,0.49107432
IZUMO4,0.49107432
LILRB2,0.49107432
LTF,0.49107432
MAGEH1,0.49107432
MAOB,0.49107432
MMP28,0.49107432
MS4A6A,0.49107432
MYH3,0.49107432
OLR1,0.49107432
POSTN,0.49107432
RAB36,0.49107432
RAMP3,0.49107432
RGS4,0.49107432
RIPK3,0.49107432
S100A9,0.49107432
SLA,0.49107432
DCN,0.49092695
DCHS1,0.49090865
CYTH4,0.49085432
CYP3A5,0.49082696
CYP7B1,0.49082205
CYSLTR1,0.4908215
CYP27A1,0.49080378
CYP2J2,0.49079263
CXCL1,0.4907731
CX3CL1,0.49076265
CXCL16,0.4907534
CXCL10,0.4907453
BOLA1,0.49068964
CSTA,0.49065477
LRRC6,0.49060974
TUBA8,0.490561
CPLX1,0.49051094
AIF1,0.49049637
COL6A3,0.4903855
COL5A3,0.4903842
CMKLR1,0.49027538
CMTM1,0.49027228
CLEC7A,0.4902095
CLIC3,0.49019563
CLDN23,0.4901926
CLEC2B,0.490178
CLDN11,0.49016252
CISH,0.4901288
CHST7,0.49009866
CHRNA10,0.4900836
CHRD,0.49007145
COL17A1,0.49004528
CETP,0.48997426
CFB,0.48996532
MIEF2,0.48995656
AK1,0.48993683
CNGA1,0.4898601
CEL,0.4898019
CEACAM1,0.48979962
TGFB3,0.4897589
CDK3,0.48973683
CDK5,0.4897263
CD96,0.48960567
CD4,0.48953757
CD5,0.48953506
CD38,0.48953483
CD36,0.4895259
CD34,0.489522
CD248,0.48949227
CD2,0.4894795
CD163,0.4894722
CCT6B,0.4894618
CCR1,0.4894193
AKAP5,0.48927957
CBX8,0.48925146
AKAP8,0.4891976
CASP1,0.48907778
CARD9,0.48905525
CARD6,0.4890504
GLS2,0.48890582
CAMK1,0.4888987
AKR1B10,0.48886418
CALCRL,0.48886287
CACNA2D2,0.4888212
CACNA2D4,0.48881596
AKR1C1,0.4887802
HK3,0.48876202
NLRP3,0.48873943
C5,0.48872906
C3,0.48872337
C1orf162,0.4886908
C15orf48,0.48864946
C12orf66,0.4886364
PTGER2,0.48862994
BTC,0.48849216
CCR10,0.4884794
AKTIP,0.4882205
ALAD,0.4881535
BLNK,0.48797
ALDH16A1,0.48795226
BHLHE41,0.48786303
BGN,0.48784274
ALDH1A1,0.48781815
BEST1,0.48780394
B3GNT5,0.48779812
BDKRB1,0.48776296
BBS5,0.48748767
BBS12,0.48745686
BATF3,0.4873822
BATF2,0.4873761
ALDH5A1,0.48734617
BAMBI,0.48731628
BAG2,0.48724762
B3GNT8,0.48711175
B3GNT4,0.48708504
B3GALT4,0.48705947
ALG10,0.48694098
ALG11,0.48687416
MCMDC2,0.48679867
ATP7B,0.48678014
ATP6V1E2,0.48674178
ALG2,0.48663917
ATP2A3,0.48659715
ALG3,0.48658824
ATP2A1,0.48658723
ATG2A,0.48638162
ALKBH6,0.486258
ALOX5,0.4861449
ASB2,0.4860453
ASAH2,0.48599365
ALS2CL,0.48599353
ARSA,0.4859316
ANO1,0.48587227
RNF128,0.48573276
AMPH,0.48563752
AMT,0.48561528
ARHGEF6,0.48558027
ANAPC13,0.48555177
SEMA6C,0.48554558
ANGPT2,0.48538277
ANGPTL4,0.48536095
ARHGAP33,0.48532918
APBB1IP,0.4853094
ARHGAP27,0.4852853
ANKRA2,0.48526916
ARHGAP19,0.48524013
ANO2,0.485185
ANPEP,0.48517972
ANTXR2,0.48517933
AOC3,0.48517624
AP4E1,0.48516637
AP4M1,0.48516586
AP5S1,0.48516428
AP5B1,0.48516423
APOBEC3F,0.48516268
APBB3,0.48516154
APOBEC3B,0.48515603
APOBR,0.48515397
APOC1,0.48515266
APOL1,0.48515195
AQP1,0.4851482
ARAF,0.48514768
ASB8,0.48490313
PLXNB3,0.48454165
STAC3,0.48438653
WDR31,0.48275256
ETV7,0.4822175
PSD,0.48117557
CRAT,0.47571036
ZNF69,0.47501242
ZNF790,0.47481295
CD1D,0.469774
RDH5,0.4680937
PDE1B,0.46226382
THSD1,0.46107873
ZNF132,0.45765033
RASL10A,0.45606306
TNFRSF10C,0.4155805
