Gene Name,Score
AADAT,0.6377172
AFMID,0.637504
ABCD1,0.6374145
ABCF1,0.63668215
ABTB1,0.6366231
ACAA1,0.63648695
ABR,0.6364178
ABCB10,0.63633204
ALPL,0.6361275
ACD,0.6359884
ACAD8,0.63595814
ACAT1,0.6359366
ACER2,0.63590854
ACOT7,0.6357514
ACOT2,0.6355579
ACE,0.63533694
ACOX3,0.63520396
ARFRP1,0.63501436
ACOT13,0.6349938
ACSS2,0.63492554
AKT1S1,0.634906
AP3S1,0.6346985
ACOX2,0.63469785
AP4S1,0.634497
APBA1,0.6344863
ALG12,0.63431597
ADAMTSL4,0.63422245
ACAT2,0.6339769
ALG14,0.63391733
ACAD9,0.6338956
ACSL4,0.6338222
ALYREF,0.63372445
ACVR2B,0.63371134
ACP5,0.6336845
ADAMTS10,0.63367283
ACSL1,0.63364
AP4B1,0.63358146
ALG9,0.6334484
ACBD3,0.63322353
ANP32E,0.6330592
APTX,0.6328989
AJUBA,0.6328925
AIMP2,0.6328458
ANAPC5,0.6327639
AGPS,0.63263726
AIP,0.63252014
ADAT2,0.6324833
AKR1C2,0.6324754
ARHGAP18,0.6324616
AHSA1,0.63245535
AIFM1,0.6324194
ADRA2A,0.6323794
AP2S1,0.63235545
ACYP1,0.6322899
ASAP3,0.6321501
ANAPC16,0.6320163
AGGF1,0.63196486
ADPRM,0.63195556
ALG6,0.6318739
ACTR1A,0.6318669
ANKZF1,0.63185817
ARHGEF26,0.6318578
ARHGAP29,0.6318328
ACIN1,0.6317169
ARHGAP30,0.63171065
AP3M1,0.631677
ACSS1,0.63158226
AGK,0.63156897
AGER,0.63149756
ACADS,0.63148427
ALDH18A1,0.63147736
AGPAT2,0.6314737
ACOT8,0.6314608
ARL3,0.63145006
ADAM17,0.6313444
ARAP3,0.63132274
ASB13,0.6312803
AGPAT1,0.6312752
ARFGAP3,0.63121533
ASCC1,0.631171
ACSM3,0.63113457
BIRC2,0.63098544
APOBEC3G,0.6309254
BCL2L2,0.63091934
CAPN7,0.63091934
ADNP,0.6309059
ARHGEF4,0.6308839
ALG1,0.63087445
ARMC8,0.630874
ARHGAP44,0.63085306
AP1S2,0.6308391
APOO,0.6307652
APBA3,0.6307569
ADAM19,0.63069373
ACOT11,0.63066614
ARPC4,0.63066083
ARHGEF37,0.6306033
ADIPOR1,0.630595
AKR7A2,0.6304638
AMOT,0.63043475
ACSL5,0.6304195
ARNTL2,0.6303846
ATL1,0.63035387
ARHGEF9,0.6303525
ATP6V1D,0.6303482
BCKDHB,0.63031995
ARL1,0.63030964
B4GALT3,0.63028795
AFTPH,0.6301876
CHMP4C,0.63014543
ADAMTS13,0.6301025
BLOC1S1,0.63004327
ANKRD27,0.63003063
BAIAP2L1,0.63002115
ATP6V0A2,0.63000053
ATF4,0.6298798
ADI1,0.62987465
ADCY7,0.62984437
AP5Z1,0.62982404
BZW1,0.62979454
ADPGK,0.62976277
ALDH16A1,0.62973946
ACVRL1,0.629728
ARRB1,0.62967044
APOBEC3C,0.62964344
BFSP1,0.6296214
AK1,0.6296019
AIFM2,0.62959766
ARL8A,0.6295715
ATP7A,0.6295344
ADCY1,0.6295136
ARSD,0.62948996
ARID5B,0.62948805
ALMS1,0.6294565
AP5M1,0.6294407
AKR1A1,0.62942874
BOC,0.62941396
C12orf65,0.629373
ALDH3B1,0.6293511
ARHGEF12,0.6293404
APAF1,0.62933433
ABHD12,0.6293331
ATG14,0.6293317
AGPAT3,0.6292872
AGAP2,0.6292733
ABI3BP,0.62922794
ASB7,0.62913877
ARHGDIB,0.62910306
BLCAP,0.6290786
BBC3,0.62907594
AK4,0.6290538
ALDH1A1,0.62904656
AP3S2,0.62902385
BPNT1,0.62901336
ALKBH8,0.6289928
ACTG2,0.6289834
CALCOCO1,0.6289511
ALG10,0.62894714
CARD10,0.6289357
ATG3,0.62892574
AHCY,0.6288771
ASPHD1,0.6288455
CACNB3,0.62881345
ACTR1B,0.6288057
APH1A,0.6287897
CHMP6,0.628787
AKR1B10,0.628785
ANAPC4,0.6287715
AP2M1,0.6287472
ATG4D,0.62872666
ARPC2,0.62870914
ARL6,0.6286713
BMF,0.6285484
ALAS1,0.6285424
C2,0.6284709
ADM,0.62843245
ARID4A,0.6284164
ATG16L2,0.6284077
ARL4C,0.62840325
ATXN2L,0.6283927
ADAM22,0.62830573
ALG3,0.62828714
CCP110,0.62826854
BOLA3,0.62814486
ALDH5A1,0.6281314
ARG2,0.628128
ATF6B,0.62812406
C3orf38,0.6280912
ATP6V0C,0.62808555
ACTR10,0.62808
BCKDK,0.62806386
AKTIP,0.62806094
BRD8,0.6280508
ARCN1,0.6280092
ANXA7,0.62799793
ARHGAP4,0.62799424
BAG4,0.627951
ARFGAP1,0.6279215
AP3B1,0.6278624
BEND3,0.62784827
ADCY5,0.6278388
ARHGDIA,0.62778777
ACTL6A,0.62776804
ARAP1,0.6277386
AFF4,0.62772554
ARL2,0.62770563
BBS2,0.6276236
APOE,0.6276224
ANKRD28,0.6276195
ALKBH3,0.62760544
ALDH7A1,0.6275986
BAK1,0.6275675
ATP6V0B,0.6275073
ADAR,0.6274767
C2CD2,0.62745076
AMPD2,0.6273901
BDKRB2,0.62736905
ARF3,0.6273561
ASIC1,0.6273269
ARHGAP25,0.62730956
ARSG,0.62729764
ALDH1A3,0.6272795
ARPC5,0.62722445
ATAD2,0.6271194
C1D,0.62711644
AREL1,0.6271089
ADAMTS5,0.6270711
ARSJ,0.6270425
BRWD1,0.62703955
ALAD,0.62702996
APP,0.62701464
ARF1,0.6269999
ATP6V1B2,0.62699544
ASRGL1,0.6269884
B4GALT7,0.62698513
APLF,0.6269818
ARAP2,0.6269434
ARNT2,0.62694275
CACNA1C,0.6269007
CCNB1,0.6268946
CHST12,0.6268895
ARHGAP6,0.6268827
ASAH1,0.6268779
ARL6IP5,0.6268487
ANP32A,0.62681717
BIN2,0.626803
BRCC3,0.62679094
APOOL,0.62677675
ARFGEF2,0.6267114
BIRC6,0.6267101
ANO2,0.62668544
ARFIP2,0.6266828
ANAPC7,0.6266785
AASDHPPT,0.626663
CD68,0.6266563
ASB8,0.6266538
CACYBP,0.6266445
ANAPC13,0.6266257
BAG6,0.62662494
BUD31,0.62662363
AP1G1,0.6266076
ATP6V1C1,0.62660325
AHCYL1,0.62656343
AMY2B,0.62656116
ATG4A,0.62652004
CASP10,0.62651306
ALG13,0.62650347
ARID3A,0.6264373
ANXA1,0.6264155
CCNG2,0.62638843
ARHGAP24,0.62637734
CARF,0.6263767
CABLES1,0.6263457
BID,0.62632334
ARHGAP39,0.6263014
ATF2,0.6262988
ANXA2,0.6262781
BAIAP2,0.6262426
CDCP1,0.6262293
APBB1IP,0.6262116
CCT2,0.62618953
ARHGEF3,0.6261646
AMMECR1,0.6261375
AP1S3,0.6261224
ATP6V1H,0.6261044
ATXN2,0.6260964
BAG5,0.62608993
BIRC5,0.6260666
ADSL,0.6260652
CALM1,0.6260644
ARID4B,0.6260469
AKAP1,0.62600607
BNIP3,0.6259937
CDCA3,0.62599045
BLOC1S2,0.6259874
ANLN,0.6259606
AGFG1,0.6259529
CDH6,0.6259433
ATP6V1E1,0.62592095
DOLK,0.62587744
AP1G2,0.6258468
ATIC,0.6258136
ANO10,0.6258041
CADM1,0.62580246
CTU1,0.62578493
C6orf120,0.6257383
BCCIP,0.62571824
CDK20,0.62571585
BLZF1,0.62568426
AUH,0.6256788
BLOC1S6,0.6256367
BACH1,0.62562364
ADRM1,0.62555635
ARHGAP11B,0.62555337
BCAP31,0.62554955
BARD1,0.62552667
ASCC2,0.62551886
CMC4,0.6255111
CHRNB1,0.62548804
ATXN1,0.6254754
ACOT4,0.62547123
ANTXR2,0.6254709
ARRDC3,0.62540436
CCNK,0.6254
CES4A,0.62537384
ATP2B4,0.62535554
BNIP3L,0.6253172
ALG8,0.62531024
CDCA8,0.62529564
ANP32B,0.62529206
ANKFY1,0.6252869
ARHGEF2,0.62528515
ATM,0.6252722
ASS1,0.6252708
ATP8B1,0.62524796
BCAR1,0.62521666
CDC42,0.6252008
BUB3,0.62517357
CD2BP2,0.62515116
CAPG,0.6251316
ASAP2,0.6251001
ARF4,0.62509924
APIP,0.6250733
BPGM,0.625059
ACTN1,0.6250352
ANAPC2,0.62503004
CAND1,0.6250135
ATRN,0.6250041
ALDOA,0.6250029
AP1M1,0.6249895
ASAP1,0.62496537
BTD,0.62496257
BBS9,0.6249547
CD47,0.624945
ARHGAP32,0.6249102
C1GALT1,0.6248956
ATG9A,0.6248875
ARF5,0.6248762
ACOX1,0.6248628
BUB1,0.6248429
ATP6V0E2,0.62484163
AFF1,0.6248341
BATF,0.62482256
ATP6AP1,0.6248099
ASPM,0.6247778
ADAM15,0.6247701
BHLHE40,0.6247589
BACE2,0.624758
ADAM28,0.62474835
ARL4D,0.6247429
BLVRA,0.62474227
ARHGAP26,0.62472683
CD55,0.62470526
BCL2L11,0.62467843
ANKLE2,0.6246683
CAPNS1,0.62464726
CHKA,0.6246347
ARHGAP21,0.6246277
BRAP,0.6246255
ATP2A2,0.6246097
CGNL1,0.62457705
CAMK4,0.62455577
AURKAIP1,0.6245442
CHN2,0.6245407
ATP1B2,0.62451917
ACOT1,0.62449706
BTRC,0.62449056
ATP1A3,0.6244881
BTF3L4,0.62448364
BECN1,0.62446755
ANK3,0.6244223
BANF1,0.62440765
CPT1A,0.6243944
CCT7,0.62437123
CAP2,0.6243368
CLK1,0.62433153
AHRR,0.62432396
COA5,0.62430966
APPBP2,0.6243037
ASB1,0.6242982
BANP,0.624273
ATOX1,0.6242706
BCL2,0.6242484
BDP1,0.62421525
BCS1L,0.6242089
CENPO,0.62419313
ATXN3,0.6241847
CERS5,0.62418455
COG1,0.62418103
FOXP3,0.62417346
CARM1,0.624166
CEP72,0.62415296
CCT4,0.6241509
CAPN15,0.6241378
CAMK2D,0.6241349
APBB1,0.62412375
BRD9,0.6241082
BCL2L1,0.6241078
CCT5,0.62409794
CDK7,0.62405545
CENPN,0.6240397
BBS10,0.62402236
APBB3,0.62401015
BAHD1,0.62400746
CALU,0.62400424
ADAM23,0.6239978
BTF3,0.6239912
ARPC1A,0.62397856
ATP1B3,0.6239764
B4GALT1,0.62394375
ACP1,0.6239329
ABLIM3,0.62393093
ASB6,0.62391156
CANX,0.6239068
ARL13B,0.6238563
ADAM10,0.62382007
ASH1L,0.623819
BTBD1,0.6238174
CCNY,0.62381524
BRPF3,0.62380755
CD40,0.6238064
BPTF,0.6237841
ANO7,0.62372214
CAMKK2,0.6237166
BIN1,0.6236977
ARPP19,0.62368745
ARHGAP12,0.62368345
CNOT6L,0.6236752
ATXN10,0.6236683
CBR4,0.6236648
CAP1,0.6236644
CCDC91,0.62363285
DDX28,0.6235984
ARHGEF40,0.6235978
ARL2BP,0.62358236
CIB1,0.62357724
BTBD2,0.6235749
C1R,0.62355924
CD63,0.6235559
CDK2,0.62355435
CABYR,0.6235538
COL18A1,0.6235292
CBLB,0.6235244
CD320,0.62351984
CBX3,0.62351596
CAT,0.6235015
CA2,0.62349176
CCDC88C,0.6234836
CDC42BPB,0.6234801
ALS2,0.62345403
CCNE2,0.6234532
CIAPIN1,0.6234528
CAPN10,0.62344784
AOC3,0.623435
ASGR1,0.6234314
CCDC115,0.6234232
CENPA,0.62340796
BMS1,0.6234034
BAZ2A,0.6233967
CAPZA1,0.62338245
AGO3,0.6233768
BLVRB,0.6233454
BRD2,0.6233106
CAMK2G,0.6233091
ATXN7L1,0.62330514
BYSL,0.6232949
CAPRIN1,0.623292
CCDC80,0.62327796
ATN1,0.6232728
B4GALT4,0.6232718
BOLA1,0.62325966
BTAF1,0.62325186
CDIPT,0.62325126
ACLY,0.6232506
CCNB2,0.6232497
CBY1,0.6232414
CENPK,0.6232385
DDHD2,0.6232369
CD300A,0.62322605
CEBPZ,0.623212
B3GNT2,0.6232064
CDC25B,0.6232022
BTBD3,0.62318975
CAPN2,0.6231862
CELSR1,0.6231778
CD99L2,0.6231771
CD46,0.62317044
CARS2,0.6231471
CD200,0.6231217
CD48,0.6231149
CERS4,0.6231007
ATF6,0.62309664
CABLES2,0.62308294
CCNT2,0.62307143
CBFB,0.62307006
CNN1,0.6230663
CEPT1,0.6230628
BRD1,0.6230528
CDCA2,0.6230451
CEP70,0.6230195
CNIH1,0.62298965
CLN8,0.6229736
B3GNT5,0.6229618
ARIH1,0.6229283
CCT8,0.6229195
C1QBP,0.62287205
BCL7C,0.62286437
CHMP5,0.6228548
CDK14,0.6228536
CDC27,0.6228483
CHCHD2,0.6228471
BMPR2,0.6228454
ARIH2,0.6228312
BCAT1,0.62277913
ANKRA2,0.62276596
CDK5RAP2,0.62275743
CHD3,0.62275577
C11orf49,0.62274784
AMFR,0.6227461
ATAD3A,0.6227456
B9D2,0.6227394
CATSPER2,0.62273115
ANXA6,0.62270784
CBFA2T2,0.6227021
BRPF1,0.6226899
COPE,0.62268716
CDON,0.622675
ATG10,0.62266034
BRF1,0.62265825
ALKBH5,0.62265515
CCNF,0.62263995
CDK17,0.6226225
ARHGAP9,0.6225944
CLK3,0.6225869
ASPH,0.6225812
COPS6,0.62257975
CENPP,0.6225765
BTN3A1,0.6225536
ARHGAP17,0.6225308
ABCF3,0.6225206
CMPK1,0.62251365
ATP11A,0.6224957
CDC20,0.622493
CCDC97,0.62249136
ADK,0.6224834
CAMK1D,0.6224821
C1GALT1C1,0.6224811
ANXA5,0.6224755
CD2AP,0.6224717
DUT,0.62244344
BMP2,0.6224295
CDC37,0.6224149
AUP1,0.6224084
CCDC136,0.6224078
BRIX1,0.6224033
CAST,0.6223909
ANPEP,0.6223901
B3GALNT2,0.6223843
CCNL2,0.62236536
ADD3,0.62234014
CDC40,0.6223359
AKAP5,0.6223344
CBX1,0.6223333
B3GNTL1,0.6223046
CALM2,0.62229455
CAPZB,0.62228906
CAMLG,0.62227196
APRT,0.622269
CHD1,0.62223995
C2CD5,0.62223583
COMMD5,0.62223125
BCAT2,0.62223005
CNOT4,0.6222267
BAG3,0.6222243
CHERP,0.62222296
CHEK1,0.62220997
CCAR1,0.6221967
CCDC93,0.6221923
CHCHD6,0.62218416
CAPN1,0.62217945
ACADM,0.6221755
CCNT1,0.62217534
AP2B1,0.6221691
CKAP2,0.6221428
ATAD5,0.6221292
CLIC1,0.6221274
COLQ,0.62212384
BABAM1,0.62212324
CHMP1B,0.6221085
CABIN1,0.62210476
C5AR1,0.6221018
CENPE,0.6220872
CPSF7,0.6220848
ATP1B1,0.6220777
BCAS3,0.6220728
CLNS1A,0.62206787
ALDH9A1,0.6220608
CEP135,0.6220553
CDK13,0.6220469
CDR2,0.622033
CHMP2A,0.6220237
BSG,0.6220214
ARL8B,0.6220203
CCNA2,0.6220093
CCDC86,0.6219987
CDK2AP1,0.6219875
CDCA7,0.62198
CEP55,0.6219788
CNOT6,0.6219488
CNOT10,0.6219441
CLDN12,0.62194383
CDK6,0.62193775
CDH24,0.62193036
CREB3L4,0.6219243
CCNG1,0.62192047
ATG5,0.621905
CENPJ,0.6218817
CKAP4,0.6218778
CALD1,0.62186396
CD83,0.6218452
CDK4,0.6218425
CPT2,0.62182486
CCZ1,0.62181336
CRELD2,0.6218133
CEP170,0.62180626
BOP1,0.621795
COX17,0.6217844
BFAR,0.6217778
CBX5,0.6217737
CD9,0.62175536
CASZ1,0.62174785
ACTR2,0.6217216
BICD1,0.6217061
COPS3,0.6216882
CDK5RAP3,0.62168366
AXL,0.62165964
ATG2B,0.6216596
CDK19,0.62164783
ATRX,0.6216359
BMP1,0.62162375
COL24A1,0.62158465
CCNDBP1,0.62157977
CDC42BPA,0.6215772
APBB2,0.6215742
CTSB,0.62156135
APLP2,0.6215217
ASNS,0.6215194
CDH5,0.6215001
AMBRA1,0.62149227
CDC25C,0.6214895
CIT,0.6214853
COG7,0.6214685
DNAAF2,0.62145656
AGO2,0.6214519
ABCD4,0.6214121
COX11,0.6213997
CHRAC1,0.6213899
CHAF1B,0.6213718
CHD7,0.6213633
CFDP1,0.6213522
CORO1C,0.6213468
ASL,0.6213457
CHID1,0.6213318
COPS7A,0.62130517
CDS2,0.62127304
CDYL,0.62125623
CAB39,0.621253
CMTM7,0.6212486
COQ6,0.6212485
COL1A2,0.6212357
CCT3,0.62123495
CTC1,0.62123406
COL12A1,0.6212297
AKAP9,0.6212277
CD53,0.6212105
CHN1,0.6211968
FDXR,0.6211884
AMDHD2,0.62118226
CEP57,0.6211764
C2CD3,0.6211665
CNTNAP1,0.6211647
DHRS3,0.62115395
CLPB,0.6211518
CDK16,0.6211482
ARHGEF11,0.6211383
CACNA2D1,0.621134
CTDP1,0.6211187
CDH23,0.6211129
CTSF,0.6210961
CELSR3,0.6210867
ADAMTS14,0.62108606
B3GAT3,0.6210746
ARHGEF25,0.621065
COTL1,0.62104744
CHSY1,0.621035
ARSK,0.62103236
DGAT1,0.62100697
CS,0.62099004
CSPG4,0.620987
CELF1,0.6209802
AGTRAP,0.62097514
CBR1,0.62096125
CDC25A,0.62095445
ATP2B1,0.62094367
CLHC1,0.62093997
CFL1,0.6209271
COL7A1,0.62092614
ARL14EP,0.620924
AGO4,0.62089217
CDS1,0.6208839
ARHGEF1,0.6208819
CYB5R3,0.62087995
CENPF,0.62087774
CNTLN,0.6208641
CLASP2,0.62084365
CENPC,0.62084067
ADAMTS2,0.62082857
CBLL1,0.6208256
CDR2L,0.6208203
CTSD,0.6207913
ACTB,0.6207733
CSNK1G3,0.6207687
BUD13,0.62076586
COX6A1,0.62075025
CDKL5,0.62073433
COL4A1,0.6207318
CHMP3,0.62073153
ALCAM,0.6207254
BTN3A2,0.6207114
CHD1L,0.62070733
DERL1,0.6207031
CDCA5,0.6207027
CNOT11,0.6206867
CRADD,0.6206684
CYBA,0.6206658
CNNM2,0.6206623
DGKI,0.62066114
CLASP1,0.6206383
CDC7,0.6206382
ATP6V0A1,0.62063617
CHD9,0.62058127
DCTN4,0.62056476
COQ4,0.6205598
CEP76,0.62055165
CHSY3,0.6205271
CASP4,0.62052417
CDK1,0.62051857
CNOT7,0.62051755
CEP250,0.6205079
CD6,0.62050766
CDC16,0.6205007
DCAF6,0.6204996
COQ9,0.6204841
CCDC59,0.6204656
COL8A1,0.6204633
CSDE1,0.6204557
ACAP1,0.6204226
CSNK1E,0.62041944
COA1,0.6204161
CHCHD3,0.6204081
CORO1A,0.6204018
CNN2,0.6203985
CNOT8,0.620396
CLCN6,0.6203942
COMMD1,0.62039316
ACO1,0.6203847
B3GNT7,0.6203796
DCAF15,0.6203778
COPZ1,0.62037164
DDIT4,0.6203643
CEP350,0.6203506
CPEB4,0.6203476
CENPM,0.6203344
COG5,0.6203314
C17orf75,0.62031937
DDX18,0.6202973
COPB1,0.620294
COL4A2,0.62027866
ADAMTS9,0.62026244
CHTOP,0.6202449
CHMP4B,0.6202355
COL5A2,0.62022614
COX7B,0.6202237
CCDC40,0.62021166
DAPK2,0.62021
CLN3,0.6202067
CTNNBIP1,0.620193
CD52,0.6201918
CRY1,0.6201746
B9D1,0.6201725
CLEC3B,0.62017226
ATG13,0.62015283
CDKN2AIPNL,0.62014884
CMTR1,0.6201248
BRK1,0.62012106
CHUK,0.6201153
CERS6,0.6200473
CCT6A,0.620047
CDT1,0.6200434
DHX32,0.62004066
CIR1,0.6200212
CDKN2AIP,0.6200141
ARHGAP35,0.6199895
ARHGAP10,0.6199813
BMP2K,0.6199563
CNOT1,0.6199493
F8,0.61994874
ARL16,0.6199445
CLOCK,0.6199381
AP2A2,0.61992687
COL5A1,0.61991906
CEBPG,0.6199151
COQ5,0.61990005
DCAF17,0.61989546
CETN3,0.6198783
ARHGAP33,0.6198751
CDC34,0.6198399
CPNE1,0.6198369
COL4A5,0.6198343
EFNA1,0.6198338
DYRK2,0.61981595
CCM2,0.6197891
CNTRL,0.6197867
CENPT,0.6197843
ATPAF1,0.61976725
CPE,0.6197645
CLTA,0.61975014
CKAP5,0.61974573
CLIC4,0.6197401
CUL1,0.61974007
DFFB,0.61972904
CMTM4,0.61972797
DNAJA3,0.61972374
CTDSP2,0.6197237
DBNL,0.6197225
CD81,0.6197179
ARHGEF15,0.6197032
CREB5,0.61969316
CIAO1,0.6196902
AGO1,0.6196873
CMAS,0.6196722
CSTF1,0.6196507
COG4,0.6196395
CEP152,0.6196363
CLSTN1,0.6196311
AZIN1,0.619622
BLOC1S5,0.61961645
CUL4A,0.6196108
CTBP1,0.61960447
CHORDC1,0.61959904
ACP2,0.61957467
ADD1,0.61957425
ATP6V1G1,0.6195732
COASY,0.61956567
DGKQ,0.61953574
CSGALNACT1,0.61952823
CPSF6,0.61951935
BTN2A1,0.61951864
CLDN4,0.6195088
DCTN3,0.61949575
CMYA5,0.61948895
CTPS1,0.6194666
CACNB2,0.6194323
COPB2,0.6194211
CHST14,0.619421
COG2,0.61941093
C7orf26,0.6194015
DNAJC9,0.61939335
CUL7,0.61939085
COX10,0.6193871
DHODH,0.61938304
ATG16L1,0.61935943
CWC22,0.6193511
DNASE2,0.6193204
ARHGAP27,0.6193137
CDC42EP4,0.61930263
CTNNBL1,0.61929226
AKAP13,0.61928654
CLINT1,0.61928123
ANO9,0.61928076
CLEC2D,0.619271
ANTXR1,0.6192583
CALML4,0.6192522
CBX4,0.6192432
CD247,0.61923665
CNPY3,0.6192329
COL4A6,0.6192316
CASK,0.619218
DAZAP2,0.6192156
GADD45G,0.61915475
CCR7,0.6191444
COPS7B,0.61913675
DAPK3,0.61911964
DDX50,0.61909723
CREM,0.61909324
CCNL1,0.6190925
ATG4B,0.61907786
CRABP2,0.6190704
CCNH,0.6190632
CYTH3,0.6190555
DCPS,0.61905426
CAPZA2,0.6190384
CHAF1A,0.6190348
B3GALNT1,0.6190235
ACTG1,0.61902344
CLIP2,0.6190063
CSTF3,0.61899877
CPSF4,0.6189965
CMSS1,0.6189938
COIL,0.6189699
BMP4,0.6189521
CLSPN,0.61895007
CDK8,0.6189491
CWF19L2,0.6189335
DBF4B,0.61891264
COL27A1,0.61890507
ALG11,0.6188973
COPS2,0.6188955
AHNAK,0.6188953
CCDC12,0.6188916
ADCY3,0.61888677
DDX60,0.61887825
ATF7IP,0.61884844
ECHS1,0.6188389
B4GALT2,0.6188337
ADAMTS7,0.6188195
CEP164,0.618813
DENND4C,0.6187894
ATP8B4,0.6187777
DHDDS,0.6187776
ARHGEF18,0.618775
CSNK1A1,0.6187696
DAPK1,0.6187654
CHML,0.61876005
CERK,0.6187522
ACTR3,0.61874104
CHP1,0.61873305
CPNE3,0.6187281
BICD2,0.61872464
CDC23,0.6187177
CEP41,0.61871165
COBLL1,0.61867654
BCKDHA,0.6186685
CMTR2,0.618652
AKR1C1,0.6186417
CTSA,0.6186296
CENPI,0.618609
CHM,0.6185796
DDX54,0.6185646
CENPH,0.61853975
CHMP2B,0.6185353
CAD,0.6185284
ARFGEF1,0.61852366
ALPK1,0.6185223
ECD,0.618508
CUBN,0.61847335
CRKL,0.6184693
COPA,0.61845803
FGD3,0.6184506
DVL1,0.6184458
DDX42,0.6184192
COMMD3,0.61841905
BSCL2,0.6183983
ANO1,0.6183933
CC2D2A,0.61838204
DDX39A,0.618376
DLAT,0.6183739
EPC2,0.6183522
CTTNBP2NL,0.61833996
CTIF,0.618331
CTBP2,0.6182999
COPS5,0.6182931
DYNLT3,0.618291
CYP2U1,0.6182726
CPEB2,0.61826485
CPEB3,0.6182591
CLIP1,0.6182567
CRY2,0.61822
CHPF,0.61821914
DECR1,0.61821455
CFLAR,0.61818635
COMMD2,0.6181785
CYCS,0.6181616
ARRB2,0.6181504
CPOX,0.6181468
FMO4,0.61814225
DOCK8,0.61813265
DPCD,0.6181304
COX6B1,0.61812776
CMTM6,0.6181194
C17orf49,0.6181143
CRTAP,0.61811215
COL15A1,0.618111
CXXC5,0.6180967
CCNYL1,0.6180917
D2HGDH,0.61805135
ACAA2,0.61804926
CUL3,0.6180479
ALDH3A2,0.6180465
GGT1,0.6180348
CDK11A,0.6180236
CIB2,0.6180165
DENND3,0.61801517
DCAF8,0.6180103
CEP192,0.61800975
CREBRF,0.6179991
CDC14B,0.6179737
C17orf80,0.61796373
CD109,0.6179611
E2F5,0.6179459
DISP1,0.61793697
COA6,0.6179356
CERS2,0.61793494
CHTF18,0.61793387
ANAPC15,0.61792177
CWC27,0.61791927
DNAJC5,0.61791784
CNOT2,0.6179115
DUSP2,0.6178963
CLPP,0.6178957
DCAF7,0.6178941
COLEC12,0.61786646
DDX1,0.6178334
DVL3,0.61783165
CORIN,0.617823
CRK,0.61781967
CIDEB,0.61780864
DENND2C,0.6177988
CTNNA1,0.61779433
ARHGEF19,0.61777985
CDK11B,0.6177586
CPT1C,0.6177537
DCP1B,0.6177409
DDX31,0.6177286
COG3,0.6177239
APOC1,0.61771846
CLK4,0.6176872
APPL1,0.6176695
ELK1,0.617613
AVL9,0.61760646
CAMKK1,0.61760247
CTDSPL,0.61759704
ECSIT,0.617573
ATP8A1,0.61755234
FCGRT,0.6175516
CWC15,0.61755157
GFI1,0.61754626
CD58,0.6175301
AHCTF1,0.6175232
COPS8,0.61752254
CTDSP1,0.6175164
DHCR7,0.6175159
BRF2,0.61750674
DENR,0.6174939
DYRK1B,0.6174929
DCP2,0.61749256
CPD,0.6174898
DDX17,0.6174806
CAB39L,0.61747783
COG6,0.61744374
DOCK2,0.6174309
DUSP19,0.6174301
COPG1,0.6174213
FAM114A2,0.6174178
DDX39B,0.6174148
DDX52,0.6174132
DAB2,0.61740965
CASP2,0.61740524
CENPL,0.61739564
ATG2A,0.6173888
CSNK1D,0.6173864
DUS1L,0.61738235
COX18,0.61736405
DDX23,0.6173599
CBX7,0.6173397
CEP78,0.617336
CREG1,0.61732924
DGKZ,0.61731935
DBF4,0.61731875
DDB1,0.61728996
CBX2,0.6172868
DPM1,0.6172707
CHFR,0.6172705
DSN1,0.6172665
DHRS4,0.61723256
CRYZ,0.61723167
DHX33,0.6172185
DVL2,0.6172142
CCDC174,0.6172142
AK2,0.6172069
BRWD3,0.6171911
CYB5B,0.61716616
CLPX,0.6171456
CHST15,0.61713654
CDC5L,0.61713094
ASPSCR1,0.6171106
DCTN2,0.61710995
COMMD6,0.6171041
CTSL,0.61709815
CENPB,0.61709535
CHMP4A,0.61707586
DDX56,0.617029
CYB5A,0.6170241
DIS3L,0.6170123
APH1B,0.6170087
CLCN7,0.61697716
CTDNEP1,0.6169739
API5,0.6169694
DBI,0.6169667
CUL5,0.61695397
DBT,0.61694074
DNAJA1,0.61693645
CSGALNACT2,0.6169221
DNAJB11,0.61691874
CORO1B,0.6169094
DYNLT1,0.61689657
CXXC1,0.6168625
DXO,0.6168555
COL9A3,0.6168454
CYSTM1,0.6168447
CDK9,0.6168447
DDX24,0.6168407
CSTF2,0.6168162
COX7A2L,0.6168142
CSNK1G1,0.6167985
GABPA,0.6167799
DDX11,0.6167501
BCAS2,0.61674494
CBR3,0.6167445
DNAJC3,0.6167312
CYC1,0.6167116
CASP7,0.61671114
CSE1L,0.6166907
CPSF2,0.6166898
CEBPB,0.6166898
DMD,0.61668646
CD1D,0.6166709
DYNC2LI1,0.6166647
DOCK10,0.61666197
CSF1,0.6166512
DNMBP,0.6166315
DCUN1D2,0.616592
CRMP1,0.61656857
GET4,0.6165524
DPH6,0.6165386
CTTN,0.6165315
DRG1,0.6165232
ATP11B,0.61652225
AP3D1,0.6165166
DNAJB4,0.6165057
ABCE1,0.6165037
CSTF2T,0.616503
DPY30,0.6164697
ENGASE,0.6164637
ANAPC1,0.61645555
ABI2,0.61645067
CACNA1H,0.61644727
ENPP1,0.6164465
DCAF11,0.6164397
ANGEL2,0.61643684
DLGAP4,0.6164325
DCTN5,0.6164295
DERL3,0.6164069
CEP290,0.6163874
CSNK1G2,0.61637866
AQR,0.6163768
CDC37L1,0.61636823
DHPS,0.6163482
EEFSEC,0.61634445
DHX9,0.6163266
DCTD,0.61631846
COPZ2,0.61631674
CTSZ,0.6163164
DIABLO,0.61629844
CSPP1,0.61629075
DTX4,0.61628264
AMPD3,0.6162633
DNAJC1,0.61624235
ALDOC,0.6162404
DIAPH3,0.616229
DHTKD1,0.6162142
CNDP2,0.61620605
DERA,0.61620337
FRK,0.6161974
ESPL1,0.6161903
CYB5R4,0.6161788
CHCHD5,0.6161598
CBX6,0.6161316
CLDN15,0.6161252
DHX8,0.6161095
AKAP10,0.6160913
CTH,0.6160834
ATP6V1A,0.61608016
DCP1A,0.6160694
DIDO1,0.616063
DDOST,0.61604273
DTNB,0.6160348
CYP2S1,0.61602
COL8A2,0.61601985
DENND4A,0.61601484
ECH1,0.6159888
CXADR,0.6159754
DNAJC11,0.6159748
DHCR24,0.6159651
DRG2,0.61595607
DAAM1,0.6159413
DIAPH2,0.6158609
ATP13A2,0.6158334
DNAJA2,0.6158317
KCTD6,0.6158189
ATG12,0.6157728
DHX36,0.6157088
DIMT1,0.6157036
EIF2AK1,0.61567885
DNAJA4,0.61567134
EFTUD2,0.615665
CNIH3,0.6156624
DERL2,0.6156557
ATPAF2,0.61564124
DST,0.6156394
CHST1,0.6156234
EHBP1,0.6156082
DAP3,0.6155973
DCAF10,0.615593
ADIPOR2,0.6155843
DYNLL1,0.615573
CPSF3,0.61557114
EAF1,0.6155696
DUSP4,0.6155135
GINS3,0.6154659
DDX21,0.6154567
ACTR8,0.61544204
GNE,0.61543155
DHX15,0.61541945
CYTH1,0.61541504
CD86,0.6153835
CROT,0.6153816
HOXA7,0.61537755
CHPF2,0.6153731
CKLF,0.61535573
CPSF1,0.6153498
ETFA,0.61533535
DPH2,0.61532146
DNA2,0.61531264
DENND5B,0.61530924
DNAJB6,0.6152874
ESF1,0.61528224
EBF1,0.615278
DENND2D,0.6152759
CWF19L1,0.6152694
CNNM4,0.615217
DUSP14,0.6152151
DDX46,0.6152134
DGUOK,0.61521053
DYSF,0.6152102
CCS,0.615209
DGKA,0.61520624
DCAF4,0.6152034
CTPS2,0.61519957
DTX3,0.6151974
DENND1A,0.61518914
DNAH5,0.6151505
AKR1B1,0.6151465
FBXL4,0.6151369
DNAH17,0.615122
CSK,0.61511165
CHCHD1,0.6151062
CENPQ,0.6151021
DR1,0.6150997
EBNA1BP2,0.6150916
DCTPP1,0.61507136
BET1,0.6150484
EXOSC7,0.61504316
DSG2,0.61501175
DOLPP1,0.61499304
DCUN1D5,0.6149922
CYP2D6,0.61498445
EEF1B2,0.61498165
BLOC1S4,0.61496234
ARNTL,0.61496
EDIL3,0.6149571
DNAJB9,0.6149444
DDX10,0.6149442
DHX38,0.6149422
CKS2,0.6149329
DGKD,0.6149263
DOT1L,0.61492604
CITED2,0.6149139
EGLN3,0.6149103
CUL2,0.6149066
CTSH,0.6148742
ARF6,0.6148569
ARHGAP11A,0.6148553
DCAF12,0.6148438
DDA1,0.61484146
DDRGK1,0.6148383
DAZAP1,0.61481875
EARS2,0.6148176
CNNM3,0.6148166
EXOC2,0.6148163
EHD1,0.61480963
ATF7,0.614802
DGKH,0.61477375
CYFIP1,0.6147736
DCAF13,0.6147572
ECI2,0.6147505
DOCK6,0.6147231
DIAPH1,0.61472166
GALNS,0.6147203
CLCF1,0.6147018
CSTB,0.6146993
DIS3,0.6146818
EPHX2,0.61467004
ABLIM2,0.6146623
ARFGAP2,0.6146622
ENSA,0.61465114
EEF1A1,0.6146497
DMXL2,0.61462355
ASF1B,0.6145883
ELMO1,0.6145854
DLG1,0.6145785
CES2,0.61457646
EIF3H,0.61456776
EEF1D,0.6145674
DDX27,0.61456054
DPYSL3,0.6145589
DEPDC1B,0.61454546
DCUN1D4,0.6145378
DOCK4,0.6145166
DENND6A,0.61450183
DACT1,0.6144972
ARSA,0.6144961
AGA,0.61449295
CCDC68,0.6144875
EIF4E2,0.6144861
CDC6,0.6144846
EEF1G,0.61447835
DEPDC5,0.61447835
DKC1,0.6144655
DHX37,0.6144502
DNM1,0.6144471
ANO6,0.6144349
DCAF5,0.61441034
GTF2E1,0.6143806
DOK1,0.61437476
E2F3,0.61437273
AHCYL2,0.6143694
COQ10B,0.61433786
EYA2,0.6143187
ARPC1B,0.6143156
CRLS1,0.61429363
DLG3,0.61427456
ITGA7,0.6142706
CTR9,0.61424816
GLYCTK,0.6142329
DDX41,0.6142312
EIF6,0.61422145
CLDN7,0.6142172
ELAC2,0.61421525
DYNC1LI2,0.61420745
CHKB,0.6142038
CD27,0.61419284
ENO3,0.6141828
DSP,0.6141487
EZH2,0.61411566
EHMT2,0.61409545
DDX19A,0.6140794
EMC8,0.6140749
COL16A1,0.6140631
FARSA,0.61406
ECHDC1,0.61405265
EEF2,0.61404
GALNT6,0.61403
C2orf49,0.6140269
DDX20,0.6139948
CACNB1,0.6139754
EXOSC4,0.6139752
CCL5,0.61396235
CASP6,0.6139514
CKAP2L,0.6139245
GMIP,0.61391634
EAPP,0.6139158
EFEMP1,0.6139082
EIF2B4,0.6138923
EIF3L,0.6138778
DDX55,0.6138729
DHX16,0.61384475
E2F8,0.6138136
DLG5,0.61379606
ELOVL5,0.61379105
DSEL,0.6137788
EIF3J,0.613778
CFL2,0.61376506
DOK4,0.6137564
EIF2B2,0.6137517
GADD45A,0.6137479
AZI2,0.6137462
ENTPD4,0.6137059
EHMT1,0.6136928
FAM83D,0.613669
GCC2,0.6136635
DONSON,0.6136603
COX20,0.6136229
DNAJC15,0.6136211
EIF4A1,0.6136184
DNAJC13,0.6136021
FMNL2,0.6135573
CYFIP2,0.61355317
B3GNT4,0.61354357
EPB41L5,0.6134848
DDX19B,0.61347187
CHCHD10,0.6134714
DPM3,0.6134634
COL9A2,0.6134616
EVI5,0.61346084
FLT4,0.6134532
ELF2,0.61343616
DPF2,0.6134253
EPN2,0.6134081
DNAJC2,0.6134072
ECE1,0.613395
EIF2S3,0.61339194
CAPN5,0.61338216
GFPT1,0.61336654
CYTH2,0.6133545
COQ3,0.6133433
DYNC2H1,0.6133427
ACTN4,0.61333096
DOCK5,0.6133278
DDX51,0.61332214
GLDN,0.6133167
GPR161,0.6132908
DTL,0.6132803
EVL,0.6132569
EIF4E,0.613248
EXOC1,0.6132436
DNAH1,0.61324173
DEPDC1,0.61323327
FUCA2,0.6132311
DPYSL2,0.6132292
DAB2IP,0.6132153
DISC1,0.6132032
DNTTIP2,0.6132021
ERAL1,0.6131893
DIS3L2,0.6131886
EMD,0.6131602
DDHD1,0.6131401
EPS8L2,0.6131173
AIMP1,0.6131091
DENND4B,0.61307615
CXCL14,0.6130688
FCF1,0.6130527
AMOTL1,0.6130411
EFNA5,0.6130142
DUSP16,0.61300063
EEF2K,0.6129918
CTNS,0.612991
EEF1E1,0.61295545
DSC2,0.61293733
EHD2,0.61293536
FANCL,0.6128967
AIF1,0.6128925
CYP2R1,0.6128909
ELP2,0.61288583
ERH,0.6128831
EPB41L2,0.612874
EIF4G1,0.61285615
DOCK7,0.6128507
DNM3,0.6128499
GMPPA,0.61281234
DHX35,0.6127905
EIF1,0.6127704
DUS2,0.61276734
FLNC,0.61275333
CCDC106,0.612743
DNAJB14,0.61270994
DUSP6,0.6126854
ALDH1B1,0.6126779
EIF2B3,0.61265737
ELAVL1,0.6126364
COX5A,0.61262596
EIF4H,0.612623
FBXW2,0.61261845
FBXW5,0.6126117
FAM168B,0.61260873
GIT2,0.612607
CEP120,0.61259997
EPC1,0.61259055
GYG1,0.6125894
CD180,0.612586
FADD,0.6125693
EIF2AK2,0.61256486
DALRD3,0.61254156
DPH7,0.6125302
EIF5,0.61252576
EEA1,0.61250263
DLC1,0.6124493
EIF2A,0.61243695
CFD,0.61242527
EXO1,0.6124137
COL11A2,0.6123976
FPGS,0.61238295
EXOC6,0.61234426
DNAJC10,0.61233765
EIF3M,0.61230886
EI24,0.61230356
FZD3,0.6123
DZIP1,0.6122759
EIF3I,0.61224824
DLD,0.61224824
DFFA,0.61222816
DBR1,0.612218
HEYL,0.6122058
EXOC7,0.6121836
COL6A2,0.6121688
E2F7,0.61216676
EIF5A,0.61213464
FPGT,0.6121141
DMWD,0.61209226
AMOTL2,0.61207527
EXOSC6,0.61203444
EIF2D,0.6120143
CALCOCO2,0.6120079
F11R,0.61200476
DMPK,0.6120005
EIF3D,0.6119847
DGKE,0.6119639
EMC3,0.6119606
FHL1,0.6119574
FBXO45,0.6119484
EIF4G2,0.6119432
FAM160A2,0.61193866
EPCAM,0.61193746
EZH1,0.61193395
ACACB,0.6119277
ATP2A1,0.61191964
ETFDH,0.6119184
EXOC3,0.6118953
ELOVL6,0.6118818
CUL4B,0.6118442
DNAJC8,0.6118095
FLAD1,0.6117653
DENND1B,0.6117619
DHRS1,0.61175084
FAM91A1,0.61174256
EHHADH,0.6117413
CHI3L1,0.6117339
EIF2AK3,0.6117122
BATF3,0.61170846
E4F1,0.6117075
ENAH,0.61168027
EVI2A,0.61167336
ERGIC1,0.6116542
COPS4,0.61164
CLIP3,0.61163574
GALNT18,0.61160386
GBF1,0.61159396
DTNBP1,0.6115803
EPHB3,0.61157185
DCLRE1C,0.61154586
DYNC1I2,0.611545
ACER3,0.6115376
GABARAP,0.61153704
PADI2,0.61150116
FBLN1,0.61149347
FGD1,0.6114849
FAM98A,0.61145735
ACTR6,0.6114446
ERLIN2,0.6114217
FGD2,0.61138576
FDPS,0.6113853
ELP5,0.6113742
EIF4G3,0.6113729
DLST,0.61136353
ERGIC3,0.6113558
CETN2,0.6113314
DCAF16,0.6113218
EXOC4,0.6113198
EIF2AK4,0.61131674
DCXR,0.6113133
EIF3B,0.6112939
CEP97,0.6112809
EBAG9,0.611269
FOXK1,0.6112646
FAF1,0.61124957
DPH5,0.61123484
FBXL18,0.6112213
EMC10,0.61119646
DLGAP5,0.6111496
EIF2B1,0.6111456
CCDC22,0.61113065
DENND1C,0.6110949
DYNC1H1,0.6110922
DHRS11,0.6110677
EXOSC5,0.61105686
EIF3K,0.61103565
DOCK11,0.61103326
FBXO10,0.61101544
ERP29,0.61100626
BAZ1B,0.6110022
BBS7,0.61098546
EIF4B,0.61094433
DNAJC24,0.61090606
FARP1,0.6109022
IL17RA,0.6108968
EPB41L1,0.61087906
INPP5E,0.6108704
FAM3C,0.61085975
ESRP2,0.6108559
FBXO21,0.61084026
EIF2S2,0.61083996
GAB2,0.6108374
CRTC2,0.61082536
EME1,0.6108201
EDC3,0.61081374
DLG4,0.6108098
EXOC6B,0.61079264
GNA13,0.6107902
FBLN5,0.6107846
ALKBH1,0.6107713
DET1,0.61075985
FBXO25,0.6107399
EPN1,0.6107292
ETF1,0.6107068
ESYT2,0.61068076
DUSP1,0.6106682
ETS2,0.6106414
COQ10A,0.6106134
FZD5,0.6106122
C18orf32,0.61059445
EMC9,0.6105889
FBXW8,0.61056507
HAUS2,0.61054665
EXOSC8,0.61051065
CUL9,0.6105071
ADH5,0.6104886
EFCAB7,0.61046565
FXR2,0.61046255
DMTN,0.6104545
ERCC6,0.6104278
DYNC1LI1,0.6104207
COG8,0.61042064
EID3,0.610417
GDF11,0.61041373
EP400,0.61040395
FLII,0.6104034
GPN1,0.6104004
CLIC2,0.6103994
ADAM12,0.61037296
GTF3C2,0.61036617
ATG4C,0.6103638
IFNAR1,0.61036044
FKBP1A,0.6103514
FLNB,0.6103439
DNTTIP1,0.6103286
EIF4A3,0.610324
FANCI,0.61032087
FAM13A,0.61026824
EXTL3,0.6102572
EBP,0.6102416
CSAD,0.6102051
EIF4EBP2,0.610173
AP2A1,0.61014193
CMPK2,0.61013997
EIF2B5,0.6101146
DSTN,0.6101053
ALKBH6,0.61006624
FUBP3,0.610064
E2F4,0.6100511
GEMIN5,0.61004734
FBN1,0.6100433
CCL4,0.6100429
FAT4,0.6100067
EGLN2,0.609986
DPP7,0.60998434
IGSF6,0.6098563
GNB2,0.60985565
FBL,0.6098553
HACL1,0.6098307
DDX58,0.6098212
FADS2,0.60978645
GPAM,0.6097757
DNAL1,0.6097589
ESRP1,0.60974616
FBXO15,0.60973686
FADS1,0.60973257
FARP2,0.6097267
ELOVL1,0.6097167
EXOSC2,0.6097152
FRMD6,0.6096767
ABCB4,0.60964626
FECH,0.6096449
BAMBI,0.60963535
FIBP,0.6096268
FBXO7,0.609625
ELL2,0.60961187
ESRRA,0.6095944
ENG,0.60954773
FAM120B,0.6095356
LRFN4,0.6095142
E2F2,0.6095139
GNGT2,0.609492
FIS1,0.6094887
FASTKD2,0.60948384
FKBP5,0.6094538
FSTL1,0.6094205
FAM111A,0.6094083
FTL,0.6094077
FRAS1,0.60940194
GLUD1,0.60939914
ESYT1,0.6093879
FNBP1L,0.6093875
IFT140,0.60932463
EXPH5,0.60925317
EIF4EBP1,0.60924447
DPH3,0.60923856
GGCT,0.6092309
COL17A1,0.6092172
BLNK,0.6092007
FBXL5,0.6091981
HSD17B8,0.60918075
FARS2,0.6091515
FBXL17,0.60914546
FGD5,0.6091437
FBXO31,0.609121
ASXL2,0.609089
COX15,0.6090535
FBXW4,0.60902166
FAM98B,0.6090099
ELOVL7,0.6089985
EVPL,0.60897845
GON4L,0.6089711
FOXN3,0.6089464
GLA,0.608933
ERCC8,0.6089296
EIF2S1,0.60892624
GNPAT,0.60890555
EMC4,0.60889876
HPS5,0.6088761
BDKRB1,0.6088374
FANCB,0.6088369
ATRIP,0.6088343
FARSB,0.6088322
ENO2,0.6088086
GNA12,0.60879755
FBXO2,0.60879403
ENOPH1,0.60877794
EIF5B,0.6087715
ELMO3,0.60874176
DMAP1,0.60873526
EGLN1,0.6087287
HMBS,0.608723
FKBP4,0.60870856
GALNT10,0.608703
E2F6,0.60867333
FOXK2,0.6086659
GOLPH3,0.6086642
EPB41L4B,0.6086577
GOSR1,0.6086479
GGH,0.6086424
FAU,0.6086413
ADAMTS1,0.6086361
EVI2B,0.6086175
FBXO27,0.6085987
FUZ,0.60856354
FBXO9,0.6085573
EXOSC10,0.6085458
HAGH,0.6085313
EIF4ENIF1,0.60849595
EPHB4,0.6084799
HDAC6,0.6084775
COQ7,0.60845184
ADA,0.60843843
ENTPD5,0.6084345
GEN1,0.60840315
DSCC1,0.6083917
FAF2,0.60839134
ELF1,0.6083737
GALK1,0.608348
FLOT2,0.6083479
FBXL2,0.6083443
FAM13B,0.60830903
GAB1,0.60829073
EFNB3,0.6082877
ANGPT2,0.6082741
FAM110B,0.6082115
GID8,0.6082102
FEZ2,0.6081841
FBLIM1,0.60818285
HAT1,0.6081497
HOXD3,0.6081458
ERGIC2,0.6081419
ELP6,0.60813713
FKRP,0.60813385
FERMT3,0.6081331
EPAS1,0.6080958
FOSB,0.6080958
GALNT3,0.6080894
GSTM4,0.6080811
HADH,0.60806787
GALNT11,0.6080666
JOSD2,0.60806584
EVC,0.6080177
GATAD2B,0.60795987
EMC1,0.6079568
FGD4,0.6079492
GNL3L,0.6079332
INSIG1,0.60792834
HERPUD1,0.607927
HEPH,0.6079222
FHL2,0.60791594
GNL1,0.60789955
EIF1B,0.60787743
GTPBP3,0.6078733
FXR1,0.6078437
DNM1L,0.60781384
FBXL19,0.6077943
GANAB,0.60779345
ESD,0.6077813
GALM,0.60776865
DNAJB12,0.6076682
ETNK2,0.6076679
GNAI1,0.60766083
GAPDH,0.6076546
FTH1,0.60761917
GLB1,0.60759354
GMDS,0.60758376
GFER,0.60756695
DCUN1D3,0.607564
GDAP1,0.6075473
EPHB2,0.60749775
GRB10,0.60749745
EXOSC9,0.6074963
FER,0.6074791
EOGT,0.60746974
GATAD2A,0.60746735
HEXB,0.6074376
FCHO2,0.60742164
GAK,0.6074205
FNIP1,0.6073814
DCK,0.6073745
ERI1,0.60736513
BCL7B,0.6073556
FBXO8,0.60735357
FBXW11,0.60734683
GRWD1,0.6073283
GDI2,0.6073123
GOLGA3,0.6073026
F5,0.6072995
HPRT1,0.6072978
GLS,0.60729206
ITGAM,0.60729086
BIN3,0.60727024
GBE1,0.6072587
FKBP8,0.6072552
HES1,0.60723317
DAPP1,0.6072304
FEZ1,0.6072261
ERF,0.60720825
GPSM1,0.60718787
GUCY1A2,0.60717803
HERC5,0.60717446
G3BP2,0.607158
IFT46,0.60714275
HYLS1,0.6071263
CD69,0.6071141
ANKRD44,0.6070906
ADAMTS12,0.60707504
LMCD1,0.6070557
HLCS,0.6070518
GAPVD1,0.6070349
CYP39A1,0.60702485
ACACA,0.60699016
ENC1,0.6069901
FAM110A,0.60698617
GYS1,0.60696626
GPR68,0.6069625
ETHE1,0.60696095
PYGM,0.60691625
GLI3,0.6068996
GALNT2,0.606893
IKBKG,0.60683566
FBXO22,0.606782
GIGYF2,0.6067798
GNG5,0.6067745
GSTK1,0.6067663
BGN,0.60675883
G6PD,0.606736
GTF2A1,0.60673434
ARHGAP31,0.60671747
EPHA2,0.60668164
ERCC6L,0.6066242
EXOC5,0.6066233
GNL2,0.6065884
HHAT,0.60658693
GNAL,0.60658044
GEMIN4,0.60657394
G6PC3,0.6065686
CCR10,0.60655725
HSPA14,0.6065442
FMR1,0.60648936
FBXL20,0.6064821
FOXP4,0.6064657
FBXL7,0.6064648
GARNL3,0.6064614
HEXA,0.6064518
EPOR,0.60640615
GTF3C4,0.6063947
GART,0.60639405
GLO1,0.60637677
EPHA4,0.60630625
ICAM1,0.606297
HCK,0.60625166
FEM1A,0.606251
GTF2I,0.6062381
GK5,0.6062365
GALNT1,0.60623586
GALNT7,0.606203
FAM126A,0.606198
GRB2,0.6061866
ETFB,0.6061827
FBXO17,0.6061764
GTF2IRD1,0.60615814
ERLEC1,0.60615313
GLUL,0.60614175
GLRX2,0.6061341
IDH3B,0.6061287
DPH1,0.60612494
GTF2F1,0.60611993
GPSM3,0.60611796
HYI,0.6061134
FBXL8,0.606112
GLCE,0.6060925
GID4,0.60609215
IL2RB,0.6060884
HJURP,0.60607064
ARHGEF6,0.6060382
FSCN1,0.6060339
FOXF1,0.6060202
GPI,0.6060201
GDPD1,0.60600626
HEXIM2,0.6060011
EIF3G,0.60596985
HAUS6,0.60596853
HDAC8,0.60596806
FUT8,0.60595167
FMNL3,0.60593337
FANCM,0.6059277
FLOT1,0.6059241
GTPBP10,0.6059231
HERC4,0.60592085
G3BP1,0.6059114
P4HA3,0.6058629
GGA2,0.6058613
DCLRE1A,0.6058598
EFNA3,0.60582477
INO80C,0.6058216
GPAA1,0.6057897
FRS2,0.60577637
GNG12,0.60577637
AGPAT5,0.6057524
GCFC2,0.605752
GSE1,0.60572565
INMT,0.6057169
FYCO1,0.60567856
GDPD5,0.6056596
FBXW9,0.6056174
HK2,0.60561496
GOLGA2,0.6055696
GCLC,0.6055557
EPHB6,0.6055118
FLRT2,0.6055099
FERMT2,0.60550076
HLA-DMB,0.6054984
GMEB1,0.60549355
ERI2,0.60546106
GJA1,0.60545594
GNAI3,0.6054548
ALG5,0.605439
FBXO38,0.60543007
GNB1,0.60542285
GPT2,0.6054204
FBF1,0.6054031
DOK2,0.6053681
FMNL1,0.60536003
GTF2A2,0.6053539
GCH1,0.6053469
IFT88,0.60534453
GANC,0.6053366
IDS,0.60531634
INTS4,0.60529536
IL1RAP,0.605295
GPCPD1,0.6052835
HMG20A,0.60527134
PLD6,0.60525745
FAN1,0.6052412
LIN37,0.60523796
HDAC4,0.6052194
GORAB,0.6051872
FCHO1,0.60518193
ERMAP,0.6051645
GPD2,0.6051633
HIPK2,0.6051332
ARHGAP19,0.60513014
AHI1,0.6051143
HSPA1A,0.60511047
GNL3,0.6050793
GOLGA4,0.6050738
GSR,0.605039
GSPT1,0.60502386
HIPK3,0.6050109
ITGB2,0.6049985
CRAT,0.60499793
EME2,0.6049662
GPR89A,0.6049554
EPHA1,0.60493344
GRK4,0.6049228
GDE1,0.6048583
EPB41L3,0.6048485
GCDH,0.6048294
FN1,0.6048282
GALNT14,0.60482377
FBXL3,0.6048208
C12orf66,0.604813
FBXO41,0.6048118
CYB5R1,0.6048081
HS6ST1,0.6047554
GATC,0.6047326
GABPB2,0.6046677
FUT1,0.60461336
IBA57,0.6045933
GNPTG,0.6045862
HLX,0.6045847
HEATR1,0.6045807
FMN1,0.6045681
KCNMB3,0.6045662
LRFN1,0.60454935
GADD45GIP1,0.60454506
FAHD2A,0.60451925
ID2,0.6045143
GSK3B,0.6045041
HMGN2,0.6045014
DENND2A,0.60447943
GDI1,0.60446864
AP4E1,0.60446084
FAIM,0.60443485
CGRRF1,0.60443026
FURIN,0.60442734
GAN,0.6044109
GOLGB1,0.6043595
HMMR,0.6043535
LSM5,0.6043302
FOS,0.6043152
GTPBP1,0.6043141
LOXL3,0.6043064
FZR1,0.6042696
GEMIN6,0.60425246
GGA1,0.6042382
GPN2,0.60422176
ERRFI1,0.6042197
GALK2,0.60419196
GNB5,0.6041816
CTBS,0.6041814
GRSF1,0.60417026
HAUS3,0.6041651
HDAC2,0.6041602
GULP1,0.6041561
FEM1B,0.6041539
HNRNPH2,0.60414827
GADD45B,0.60414237
FKBP15,0.60414135
IFT52,0.60413456
IMPA1,0.6041305
GJC1,0.6041012
GPANK1,0.6040785
GBA2,0.60406995
HM13,0.6040637
FOXRED2,0.60405713
IQGAP3,0.6040348
FNTA,0.60403126
C15orf48,0.6040284
FXYD6,0.60402715
IDH3A,0.60401887
FABP5,0.6040169
HADHA,0.60398257
FBXO4,0.60395944
FYN,0.6039486
FKBP3,0.60393935
GTF2E2,0.6039355
HECTD3,0.60392535
GTF3C1,0.60391927
HDLBP,0.60387
HERC2,0.60383826
KCNQ1,0.60383755
FBXL12,0.60383445
IL4I1,0.6038284
FBXO30,0.60380435
FOXRED1,0.6038003
GINS4,0.6037767
HNRNPA3,0.6037753
CTSK,0.6037752
EMC2,0.6037598
CREB3,0.6037567
GPR176,0.60368866
GPSM2,0.6036835
HNRNPDL,0.60364336
HMG20B,0.60359204
FGF11,0.60357773
HK3,0.6035382
IRAK2,0.6035233
APPL2,0.6035194
FKBPL,0.6035186
PGF,0.6034934
HEG1,0.6034681
IL32,0.60346097
FUT4,0.60345775
GTSE1,0.60344726
MDFIC,0.6034044
HACE1,0.6034023
IPO8,0.60338575
GTF2F2,0.6033427
GPC4,0.6033286
HLA-E,0.6033018
IPPK,0.603284
FNTB,0.60327494
HGS,0.60325414
GUK1,0.6032508
GIT1,0.6032483
GRK6,0.6032396
JAZF1,0.6032073
GABBR1,0.6031993
LTB,0.60318047
HPS6,0.6031679
GTPBP4,0.6031657
IL4R,0.6031342
ITPR2,0.60311204
COL6A1,0.60311097
IBTK,0.6030787
NFAM1,0.6030757
HSF1,0.60305923
INO80D,0.60302776
HTT,0.60301316
IWS1,0.60300106
IFI44L,0.6029944
IMPA2,0.60298836
DUSP8,0.60297203
HNRNPA0,0.6029564
GINS1,0.6029544
GALE,0.60295177
HNRNPAB,0.6029298
GTPBP2,0.6029128
KBTBD8,0.6029047
KDM6B,0.602896
ARSB,0.6028946
EMC7,0.60288614
FGFRL1,0.6028755
HMGCS1,0.6028532
HMGA1,0.60283023
HLTF,0.60282654
EXOC8,0.6028214
KLC2,0.6028094
LY96,0.60279787
GNB4,0.6027888
HSPH1,0.60277504
ATP8B2,0.602756
IFNGR2,0.60274595
FZD7,0.60271347
ACSF3,0.6027008
CYB5R2,0.60270035
HECTD1,0.6026761
DUSP12,0.60267407
HIPK1,0.60267013
KATNBL1,0.6026532
GAA,0.6026278
AGRN,0.6026261
GRHPR,0.6026045
GNS,0.60260165
HNRNPL,0.60258186
KPNA5,0.60256875
A1BG,0.60256803
GRN,0.60256404
HSPA5,0.60255307
H6PD,0.6025122
ERN1,0.6025122
GOLIM4,0.6024875
KLHL2,0.60247505
ADAMTS4,0.60247165
KCNAB3,0.602452
CLDN1,0.6024479
HSPBP1,0.6024427
GNAI2,0.6024187
GLG1,0.6024083
LMO7,0.60237753
LDLRAP1,0.60237753
FZD8,0.6023705
ELMO2,0.6023508
HLA-DPA1,0.6023318
FBXO5,0.60231274
HNRNPA1,0.60228926
GLMN,0.60228217
INPP4A,0.602276
HYOU1,0.6022718
EDEM3,0.602263
HAUS4,0.6022622
GGT7,0.6022574
KBTBD6,0.6022534
KIF15,0.6022339
HBP1,0.6022138
KIF3B,0.6022112
GABPB1,0.60220325
FJX1,0.60219926
KIFC1,0.6021577
JAG1,0.60214525
LSM11,0.6021363
GGCX,0.602136
ACADSB,0.60213184
IRF1,0.6021305
HIRA,0.60210687
IQSEC1,0.60209423
ILK,0.6020896
GSTM2,0.60208726
GYPC,0.6020553
GIPC1,0.60202974
GTF2H5,0.6020181
GSPT2,0.6020153
HIF1AN,0.60200125
HNRNPD,0.60200036
IARS2,0.6019892
IP6K1,0.6019867
HMGB1,0.60198545
JMJD4,0.60194415
HLA-F,0.60193247
FOSL2,0.6019279
EMB,0.6019114
GMPPB,0.60190946
HSD17B10,0.60188645
AGL,0.60186416
GNAO1,0.6018599
KIF14,0.6018538
HOXB4,0.60184807
EYA3,0.60183704
GOT2,0.6018032
GALC,0.60180044
HMGB2,0.60179484
ETV3,0.60176295
ABCA7,0.60175157
IQGAP2,0.6017183
GLRX,0.6017175
ABI3,0.601712
KIF13B,0.60170925
HADHB,0.6016959
EXOSC1,0.6016952
ITGB1,0.60167104
KCNN4,0.60165495
HINT1,0.6016102
GBA,0.6015995
GPR160,0.6015982
HELQ,0.60158867
HDAC10,0.6015873
HK1,0.60158724
HNRNPH1,0.60157865
BMP8B,0.6015636
FAH,0.60152537
GLRX5,0.6015177
HERC1,0.6015147
GCC1,0.60150063
INTS5,0.6015
IQCB1,0.60147196
HLA-DPB1,0.6014675
FZD6,0.6014495
HNRNPUL1,0.6013936
NCF4,0.60137796
IFNAR2,0.60135615
KIF21A,0.6013494
CPT1B,0.60134876
HSD17B4,0.6013481
FAM8A1,0.60133994
HGSNAT,0.60133725
GNPDA1,0.60132873
MAN2C1,0.6013098
HDAC11,0.601287
GUF1,0.6012759
GPX3,0.60126024
HLA-C,0.6012521
GPR153,0.6012207
HLA-DRB1,0.6012079
INTS6,0.6012051
IPO11,0.6011737
GTF3C5,0.6011729
HSPD1,0.6011488
C9orf72,0.60113144
KLHL42,0.6011055
EAF2,0.6010486
FYTTD1,0.6010439
KIF17,0.6010074
IFT57,0.6010069
EDNRA,0.60100645
HDAC1,0.60100585
IFT122,0.600999
HLA-B,0.60095024
HARS2,0.60091823
HNRNPH3,0.60088766
HDAC9,0.6008747
HSPA4L,0.6008682
KRIT1,0.60086733
HDAC7,0.60086226
GATA6,0.60084814
GSTM3,0.60084295
LIN9,0.60081804
GTF2H1,0.6008141
ITGB3BP,0.6008047
INTS7,0.60078865
HS2ST1,0.6007768
GPD1L,0.6007517
BATF2,0.6007478
HEBP1,0.6007404
DUSP7,0.6007398
HIVEP3,0.60071415
NDUFS7,0.6006996
IGFBP7,0.6006965
INTS1,0.60066223
EVC2,0.6006554
IQGAP1,0.6006485
HNRNPK,0.60063934
KMO,0.60062593
IDE,0.600618
JUP,0.6006058
GEMIN7,0.60059685
KLHL9,0.6005946
HOMER1,0.60058606
GNPTAB,0.60058606
L3HYPDH,0.6005601
INPP4B,0.6005461
GFM1,0.60051876
EHD4,0.6005084
GPS1,0.60050094
KANSL2,0.6004755
MVB12B,0.60044026
HAUS5,0.60043
EFNA4,0.60042197
HNRNPC,0.6004045
IRAK4,0.6003981
HMGXB4,0.6003965
IL13RA1,0.60039324
GOLM1,0.60039204
LAMB2,0.6003774
KANK2,0.6003764
HFE,0.60035443
LARP7,0.6003533
GCA,0.6003251
HTATSF1,0.6003218
HPS3,0.60032165
INTS10,0.6003165
LSAMP,0.6003117
HNRNPUL2,0.6002872
PAQR3,0.6002848
L3MBTL2,0.60028285
DUSP10,0.6002677
INVS,0.6002641
PPIL6,0.60026246
LPIN2,0.60024166
LAMA3,0.6002393
KIF22,0.6001963
IDUA,0.6001785
ITGA11,0.60017204
HNRNPU,0.60016745
MAP3K5,0.60014385
GTF3C3,0.60013384
ILF3,0.600121
FZD1,0.6000824
GTF2H3,0.6000586
KAT6A,0.6000585
MAN1C1,0.6000282
GEMIN8,0.6000265
FNIP2,0.6000008
LRRC49,0.5999926
HMGN1,0.59997594
KIF26B,0.59997326
CLUAP1,0.5999708
GOT1,0.59994626
KRBA1,0.5999405
MAN2B2,0.5999313
GRPEL1,0.5999117
GRPEL2,0.59991074
IRF7,0.5998709
ITGA3,0.5998645
IL2RG,0.59984064
IP6K2,0.59979224
IPO7,0.5997572
GK,0.5997396
INPP5F,0.5997104
INO80,0.59970725
GIMAP4,0.5997048
HECA,0.5996877
HLA-DOA,0.5996736
HLA-DMA,0.59966177
LRRC4B,0.5996258
FBXL14,0.5996127
IMPDH1,0.5995994
ITPR1,0.59958905
DEPTOR,0.59957355
KDM2B,0.5995644
IMMT,0.59956104
HES4,0.59951055
IPO5,0.59943277
GBP2,0.5994084
LAMP2,0.59940684
FIG4,0.59937733
FRZB,0.5993647
KNTC1,0.59934634
SLA2,0.5993361
IQCE,0.5993188
HUWE1,0.5992781
IFT81,0.5992732
F2RL1,0.59926367
GSK3A,0.5992279
ITFG2,0.5992135
NAF1,0.59920084
KCTD15,0.59918404
HNRNPF,0.59917
KDM2A,0.59911436
LIG1,0.599107
ACTR3B,0.59909993
ILF2,0.59908193
INTS3,0.59908086
HCCS,0.5990728
KANK1,0.599054
LARP4,0.59905064
METTL22,0.59903556
ITGB1BP1,0.59900635
HSPG2,0.59897774
IPO9,0.5989774
LAMA2,0.59895176
MRPL17,0.5989515
HSPA8,0.59895045
KCNMA1,0.5989131
JMJD1C,0.5989057
MALSU1,0.5988883
ATP6V1C2,0.59888613
MAD1L1,0.59887916
GPKOW,0.5988754
JAG2,0.5988447
INPP5A,0.59883964
HNRNPM,0.59883684
GAR1,0.59883064
KRT10,0.59882927
FCGR2A,0.5988286
INTS9,0.5988068
KANSL1,0.5987933
GRAP,0.5987922
HBS1L,0.5987851
IREB2,0.5987803
LEPROT,0.59877557
KAT5,0.5987622
LIMS1,0.5987527
KHSRP,0.598727
ITPKB,0.59871
FTSJ3,0.5986734
GPN3,0.5986685
GMNN,0.5986567
LIMA1,0.5986544
IFT172,0.5986382
LSM3,0.5986331
HPS1,0.5986253
HMOX2,0.5986127
LYPLA1,0.59858733
GUSB,0.5985794
KCTD1,0.59855217
INPPL1,0.59853995
GSTZ1,0.59852344
ING1,0.5985194
LCMT1,0.59851474
MAGI3,0.5984873
LARP4B,0.5984758
COMMD8,0.5984673
JDP2,0.59845823
FGR,0.598427
DCLRE1B,0.59839654
MBIP,0.59839255
MRPL13,0.59839094
HVCN1,0.59836465
MAPK12,0.5983491
LAMB1,0.5983328
AKAP8,0.5983175
HECTD2,0.5983019
MFSD2A,0.59829545
MCAT,0.59829193
LPXN,0.5982748
IGF2R,0.59826463
NDUFS3,0.5982343
HAUS8,0.59822696
ICMT,0.5982257
HPDL,0.5981867
IRS1,0.59818465
KIF2A,0.5981732
JARID2,0.59814405
INSR,0.59812325
KLHL5,0.598116
LCAT,0.59811056
LSS,0.59810925
LGR4,0.5980999
KDM4A,0.5980725
FBXO32,0.59805197
MCL1,0.59804124
KIF23,0.5980215
GORASP2,0.59799236
KLC1,0.5979912
CTSO,0.59798896
HDAC3,0.59792835
ITPR3,0.5979236
HMGCR,0.5979219
ENTPD6,0.5979133
HPSE,0.5979093
LSM10,0.5978978
APOBR,0.59789217
ITPA,0.5978847
MAP3K3,0.5978804
INCENP,0.59787303
CD36,0.59784824
MTA2,0.59784305
KCNK5,0.59782195
HCFC1,0.5978024
MRPS15,0.5977924
MAFK,0.5977745
ABCF2,0.5977638
LRRFIP1,0.5977485
HYPK,0.59772414
KIF11,0.59769994
KCMF1,0.5976971
KIF20A,0.5976719
HEXIM1,0.5976698
KCNJ2,0.59766567
MAP3K8,0.5976592
MCM3AP,0.59764916
LSM12,0.5976418
IMP3,0.5976395
LTBR,0.59763634
LCLAT1,0.5976302
ISG20L2,0.597618
IL6R,0.5976113
GRIN2D,0.59759647
LRRC47,0.59759384
KRI1,0.59757555
KIFC3,0.5975687
HSPA12B,0.59756637
LEO1,0.597536
NDUFB5,0.5975124
MAPKAPK2,0.5975068
IFI30,0.5974891
F2R,0.5974822
DBP,0.59747934
ITCH,0.59746313
HRH1,0.5974624
LDB1,0.59744245
INTU,0.5974419
IFIT5,0.5973646
L3MBTL1,0.5973628
FZD4,0.59736234
MAP3K2,0.59734714
CCT6B,0.5973376
KCTD3,0.5973165
MAP2K6,0.5973011
LMAN1,0.59729815
KPNA1,0.59728456
INPP5B,0.5972827
HOXA1,0.5972672
KIF2C,0.5972618
HMGCL,0.5972511
MGAT4A,0.5972448
GAS8,0.59723526
MAML3,0.59723425
JMY,0.5972215
MAP3K11,0.5972208
MCUR1,0.59720796
LPCAT1,0.5971932
MED23,0.59717774
MFHAS1,0.5971641
GALNT12,0.59714586
LIN7A,0.59711224
HELZ2,0.59710914
GTF2B,0.59707904
LSM7,0.5970749
GHDC,0.59704727
MRPL24,0.59704113
IGBP1,0.59701735
HSPA4,0.59701425
GPR180,0.59700537
ITGB4,0.59700376
HSPB1,0.59700096
ITSN2,0.5969718
MAGT1,0.59695715
IPMK,0.5969566
KPNA4,0.5969313
GPX8,0.5969141
FHOD1,0.5969098
MAP3K10,0.59688485
KPNA3,0.59686565
KHDRBS3,0.59683275
MCM4,0.59681183
ICAM2,0.59676707
KIF7,0.5967356
MTF1,0.5967296
CD96,0.5967269
IL15,0.59671944
CD5,0.59671384
ITGB5,0.5967001
HARBI1,0.59669966
GOLGA1,0.5966767
IL21R,0.5966145
KCNC4,0.59659606
IRAK1,0.5965706
HSD17B12,0.5965644
GKAP1,0.5965626
IRF2,0.5965421
GTF2H4,0.59653723
FPR3,0.59652734
HIP1R,0.59649134
MVP,0.5964879
HAUS1,0.596486
IFT27,0.59647745
ABCA2,0.596445
MED21,0.59643865
GPC1,0.596422
LAMTOR4,0.5964089
LAMA5,0.5964026
MOB2,0.59640086
DTX3L,0.5963997
GRHL1,0.5963961
CARD9,0.5963909
KCNAB1,0.59638417
KDELR2,0.5963809
KHNYN,0.59635514
KPTN,0.59633756
MAGI2,0.59632283
LARS2,0.59630114
F13A1,0.596296
MAPK8IP3,0.59629476
MOB1A,0.5962887
LPIN1,0.5962801
LAMC3,0.5962649
FAM131B,0.59625626
IRF6,0.59624517
NCALD,0.59622777
IFIT3,0.5962069
MICU1,0.5961817
LGALS8,0.5961804
MAMLD1,0.5961768
FDX1,0.59616655
MYO1C,0.59616613
MICA,0.5961546
ADORA2B,0.59614515
MAPRE1,0.5961346
LUC7L,0.59612405
LIN54,0.5961235
MAP3K7,0.59611934
ATP7B,0.59611213
KIF13A,0.59610504
MAF1,0.5960955
LEMD3,0.59608436
MAEA,0.5960828
IFNLR1,0.59607327
LMF1,0.5960729
LGMN,0.5960717
HOXB2,0.59605503
HSPA9,0.59603816
ME2,0.59603375
LDHB,0.5960303
KIF3C,0.5960137
NDOR1,0.59601253
IPO4,0.5960086
LRRC41,0.59600645
KRBOX4,0.59599876
CD38,0.595987
GPR183,0.5959791
ITGA1,0.5959744
LONRF1,0.59596384
MTMR10,0.5959444
MEF2D,0.59593767
KPNB1,0.59592813
KIF9,0.5959144
FKBP2,0.5959079
KCNAB2,0.5958948
IRF5,0.59587646
IL11RA,0.5958746
MUS81,0.5958679
DHX58,0.5958342
CACNA2D2,0.5958315
LGALS9,0.59580135
LAP3,0.59578687
ACADVL,0.5957839
ADCY4,0.5957757
MAP1B,0.59576464
ITGA2,0.5957443
MRPL49,0.5957296
MAVS,0.59572864
LLGL2,0.5957185
INPP5D,0.5957083
MPC1,0.5957067
IL15RA,0.59570575
MARK4,0.5957045
KDELR1,0.5956689
HOXB6,0.59566575
ABCB6,0.5956385
FNDC5,0.595618
HSPB8,0.59561783
LATS2,0.5955979
IPP,0.5955925
MFN2,0.59557605
KRT17,0.59555674
MRPL33,0.5955555
LRP12,0.595549
GDF15,0.59553677
MFF,0.5955333
LPGAT1,0.59553194
MKKS,0.5955196
LDB2,0.5955168
MCF2L,0.59548694
KIF1C,0.5954766
KRT7,0.59545004
LSM14B,0.59543514
GSDMD,0.59540975
KATNAL1,0.5953886
CSF2RB,0.5953791
IMPDH2,0.5953577
ITPK1,0.5953495
MBP,0.5953392
NDUFA4L2,0.5953027
ASB2,0.5952945
LAPTM5,0.5952928
MARK2,0.59528595
MXD1,0.5952491
LGALS3BP,0.5952448
LNPEP,0.595226
INTS2,0.5952228
LINGO1,0.5952096
MAPK9,0.5951999
KCNJ14,0.59517884
JUNB,0.59516305
INO80E,0.5951463
MAPKAPK5,0.59512615
KIF1B,0.5951125
MTMR3,0.59510183
NBR1,0.59510106
IVNS1ABP,0.5950914
LSG1,0.5950658
MPDU1,0.59505737
GCAT,0.59502596
FUCA1,0.5950049
IRF2BP2,0.5949823
NEU3,0.5949669
GBP3,0.594929
KMT2E,0.5949286
PLIN2,0.5949136
LPL,0.5948764
MRPS7,0.5948531
ISYNA1,0.5948478
KIF20B,0.5948246
MCEE,0.594808
HSBP1,0.5948013
MYL12B,0.5947837
LCMT2,0.5947552
GNA14,0.5947419
MLXIP,0.594734
KRR1,0.5947278
MADD,0.59472
KRT80,0.5947198
KIDINS220,0.5946984
IER3,0.59468365
LIMK1,0.59467727
IRF8,0.59464604
MYCBP,0.5945924
LMNB2,0.59457064
LOXL2,0.5945448
MYLIP,0.59453887
HSPB11,0.5945348
GATM,0.5945012
KDM4B,0.59450054
HOXB7,0.59447306
LRP3,0.5944524
LAMA4,0.594439
LRP5,0.59442174
LAMP1,0.59441966
MGAT4B,0.59440225
NAT10,0.5943204
LYAR,0.59431595
MCM2,0.594313
ISG15,0.59427017
NAE1,0.59425646
KALRN,0.5942435
C1orf162,0.5941753
KIAA1549L,0.59414715
MBD2,0.5941394
MED24,0.5941382
LRIG1,0.5940914
LEPR,0.5940893
HOMER2,0.59408486
NUDT12,0.5940769
KIF3A,0.59407526
MAN2B1,0.5940487
MED27,0.5940458
MKRN1,0.5940379
NFKB1,0.59402096
ITM2B,0.5940106
NLRC4,0.5940038
KLHDC3,0.59400004
KRT18,0.59398896
LIG3,0.59395033
MAN2A1,0.59392196
PDLIM4,0.5939026
LRRC40,0.5938868
IPO13,0.59387535
LAMC1,0.5938702
KLHL21,0.59385484
MANBA,0.59384865
NFATC1,0.5938399
LMO4,0.5938371
MAP2,0.5938266
MATR3,0.5938017
KDM8,0.59376615
IFI16,0.5937541
GPR132,0.59375024
C3,0.5937283
INPP1,0.5936954
MBNL1,0.5936932
MMS19,0.59368277
KPNA6,0.5936767
NDUFV1,0.5936584
IFI44,0.59363383
FST,0.59361506
MTMR2,0.593605
PEX16,0.5935749
HIGD1A,0.5935621
MPDZ,0.59354496
HAAO,0.59349847
MGRN1,0.5934751
GNPDA2,0.59347045
MCMBP,0.5934374
HELB,0.5934316
MAN1A1,0.59342575
HLA-DRB5,0.59342223
LUC7L3,0.5934026
KIF4A,0.5934011
NOTCH4,0.5933903
IRS2,0.5933524
MTA3,0.5933428
NDUFB10,0.5933331
ME1,0.5933213
HERC3,0.5933198
MRPL38,0.59331954
MRPL20,0.59329695
LCP2,0.59326565
IFIT1,0.5932514
HDAC5,0.5932494
MEF2A,0.59322757
LONP1,0.59322196
MFSD12,0.59321815
LRCH1,0.593209
MRPL16,0.593203
KRTCAP2,0.593203
LMTK2,0.5932027
KCNIP4,0.59318274
LEMD2,0.59315646
IL20RB,0.5931534
MON1B,0.5931389
KCNG1,0.59313494
LNX1,0.59312683
LMAN2,0.59311163
ITPKC,0.59309274
FBXO6,0.5930803
LOXL1,0.59307814
LIN52,0.5930582
IRF2BPL,0.593035
MACF1,0.5930193
MAT2A,0.5929877
LPCAT4,0.59298164
IL10RA,0.5929753
HNMT,0.5929632
METTL4,0.5929615
MAPKAP1,0.5929411
LAS1L,0.5929286
HCFC2,0.59292275
MECOM,0.5929174
EFNB1,0.59290975
MAP3K4,0.5928995
MAT2B,0.59289795
MPP5,0.5928931
MTM1,0.592871
KIF18A,0.5928605
KCNS3,0.592845
LMNB1,0.5928058
MYO1F,0.59279555
MRPS6,0.59278387
KDM5B,0.5927685
MCTS1,0.592759
IGFBP4,0.5927203
MAGED2,0.59268504
IFT80,0.59267706
INPP5K,0.5926528
MAP2K5,0.5926281
LBR,0.5926279
ABCG1,0.5926232
MAP4K1,0.59260505
KHDRBS1,0.59260374
MRPL46,0.59256285
MOCS3,0.5925599
MAP4K5,0.59252375
MRPL48,0.5925202
LRWD1,0.59247124
LRIG2,0.59246343
NME6,0.59245926
KLHL22,0.59244764
MKLN1,0.59244555
LTBP3,0.5924438
MINPP1,0.5924345
NOMO3,0.592417
MRC2,0.5923998
MRPL55,0.5923419
HUS1,0.59233177
LRP6,0.59233165
LRP8,0.5923132
KLHL20,0.5923107
NEMF,0.5922793
MAPK14,0.5922497
MOV10,0.5922393
IVD,0.59222984
IL18BP,0.5922068
MCCC1,0.5922064
F3,0.59220314
MMP17,0.5921586
KIF18B,0.5921516
MMAB,0.5921287
HERC6,0.5921093
LRRC8D,0.59209895
MAGOH,0.59209543
MAGED1,0.5920749
MRPS18A,0.5920621
KDM1B,0.59205765
NDST1,0.5920557
MKNK1,0.59201944
MBOAT1,0.5920006
NPM3,0.59198177
HOXA3,0.5919591
MCU,0.5919474
MCM7,0.591896
LYRM4,0.5918911
MTMR4,0.59188473
MPHOSPH10,0.591876
MBD5,0.59186536
MGLL,0.59184945
MTUS1,0.5918454
MAP2K3,0.59184194
MMP11,0.59183675
MBD4,0.59181625
MAP4K4,0.5918088
NCAPG2,0.5918075
MAN1A2,0.59180415
MTX1,0.591794
METAP2,0.5917622
MID1,0.5917476
MEIS2,0.5917279
NSMAF,0.5917263
MTHFD2,0.59171087
NOMO2,0.5916988
NDUFS2,0.59168184
HPS4,0.59167624
LIN7C,0.59166753
MED29,0.5916618
HOOK2,0.591654
MRPL3,0.5916487
IMP4,0.5916372
LSP1,0.5916344
MPP6,0.5916186
GPX7,0.59161323
AP5S1,0.5916034
NOC4L,0.5915912
LDLR,0.5915661
LRP1,0.5915511
MGAT5,0.5915285
AFG3L2,0.591523
MAD2L1,0.59151274
ITGA2B,0.59149605
MYO9A,0.59147984
IL17RC,0.59146535
RND1,0.591449
NASP,0.5914168
MAP1LC3B,0.59141123
IL10RB,0.5914112
ING3,0.59140646
MBTD1,0.59138906
LIN7B,0.591382
ITGAL,0.59135634
KCNIP2,0.591353
NDUFS6,0.59135216
ABCD3,0.5913236
KLHDC2,0.59132105
KXD1,0.5912745
MED6,0.5912612
NEDD8,0.5912449
MDH1,0.5912439
KIAA2013,0.59123635
NADK2,0.59122795
MTMR14,0.5912236
KPNA2,0.5911906
METTL7A,0.5911853
NBAS,0.59117526
LYPD6,0.5911729
MORF4L1,0.59115106
NAGK,0.5911076
NDUFAF2,0.5910833
EGR3,0.5910341
PPP2R5B,0.59103173
BBS5,0.59100467
NCOA6,0.59099585
MED17,0.59095967
MEMO1,0.5909526
MGA,0.5909479
LIMD1,0.59093636
MAOA,0.5909287
MRPL19,0.59092396
NSUN5,0.590909
MRPS23,0.590904
MX1,0.59086156
NPC1,0.59085315
IRF2BP1,0.59085006
KATNA1,0.5908462
LONP2,0.5908445
MSL3,0.59083134
ISCA2,0.5908165
MTHFS,0.5908161
GLE1,0.5907672
NAA60,0.59075683
IL12RB1,0.590752
MTR,0.59074324
KLHL11,0.590699
ING4,0.5906947
NAPB,0.5906778
KAT2A,0.59066653
LTBP1,0.59065586
MGAT2,0.5906549
MDN1,0.590646
MARK3,0.59063226
MAP4K3,0.5906034
MTHFD1,0.59058833
NDRG3,0.59057766
F12,0.5905692
MT2A,0.5905583
LIF,0.59055656
IFI35,0.5905463
NFKBIA,0.59052813
LSM4,0.59052515
HSF2,0.59051716
BNIP1,0.590508
MINK1,0.59046143
MCM5,0.59042954
MSX1,0.5904255
IL17RD,0.59040946
MGST1,0.59034777
MED26,0.59031165
GLIPR1,0.5903079
MMS22L,0.59030575
MTMR9,0.5902984
LAMTOR3,0.59028685
IFT74,0.59028053
MED13,0.5902558
MELK,0.5902378
KLHL25,0.59022945
MCC,0.5902189
KIF26A,0.59021723
LRRK2,0.5902124
INTS8,0.5901796
FCGR3A,0.59015316
NFYC,0.59014964
ITGB7,0.5901489
ITGA5,0.5901241
MRPL37,0.59011894
MRPL18,0.59011704
KRT19,0.5901148
MCM10,0.5901145
PLCD3,0.590112
LAMC2,0.59009707
KLHL12,0.5900874
MTSS1,0.59008265
MCCC2,0.5900788
FBP1,0.59007555
MAD2L2,0.5900754
RASAL3,0.59005934
PARP4,0.5900491
LIPA,0.59002936
MYSM1,0.59002405
NDUFA6,0.59000283
MAU2,0.5899911
MYLK,0.5899855
KMT2B,0.5899714
FAM20A,0.589965
CAMK1,0.5899506
MKNK2,0.58994985
MPG,0.5899216
NFX1,0.58990383
LTN1,0.58989114
MTDH,0.5898869
GEMIN2,0.5898864
NIT2,0.5898813
MED25,0.5898801
NDC80,0.58987916
MEGF8,0.5898734
HNRNPLL,0.5898734
ITGA6,0.58985585
MBTPS2,0.5898529
LIMS2,0.589832
KDM3B,0.58981764
LAMTOR5,0.5898042
MOSPD2,0.58977044
NDUFS8,0.5897694
NAA25,0.5897624
MPHOSPH6,0.5897539
MAPRE3,0.58973897
MRPS17,0.58973837
NINL,0.58973056
ANGPTL4,0.5897262
MYH10,0.58972037
KCNMB4,0.5896854
MRPS27,0.5896848
MBOAT2,0.5896814
KLHL3,0.5896587
NMT1,0.5896149
LRP10,0.58961356
ITGAE,0.58961004
NFKBIB,0.5895985
KCNC3,0.5895951
MYBL2,0.5895949
LSR,0.58953863
MED16,0.5895234
MSRB2,0.58951455
GSTA4,0.5895119
MLYCD,0.5895087
MCM3,0.5894638
MLX,0.58944464
MBD3,0.5894398
NMI,0.5894309
MPRIP,0.58942825
NAP1L4,0.58941805
NT5C3B,0.58941436
MECR,0.5893672
NCKAP1,0.5893669
MRPS5,0.58936596
NR1H3,0.5893649
NHLRC3,0.58936405
MRPL22,0.5893593
NMT2,0.5893343
MSH3,0.58932215
MVD,0.5893172
ICAM3,0.5893009
NELFE,0.58929765
NAA50,0.58928376
ALDH4A1,0.58928126
MED8,0.5892778
NDUFB1,0.58926404
NAA20,0.5892539
MTA1,0.58923787
HMOX1,0.58923215
NUF2,0.5892245
NCL,0.58921343
LPCAT3,0.58919764
MIS18A,0.5891968
NOD1,0.58916634
MZF1,0.5891312
MAPK6,0.5891157
MMACHC,0.5890769
MED20,0.58907276
AGPAT4,0.5890586
NDUFB9,0.58905196
NGDN,0.589048
LPIN3,0.5890406
RAP1GAP,0.58902454
MAST2,0.5890205
NCEH1,0.58901113
MEIS1,0.5889781
MARS2,0.5889643
INIP,0.5889504
HOXB3,0.588909
NSMCE2,0.5888566
MIS18BP1,0.5888535
NEK9,0.58884174
NECAB3,0.58882344
MFAP2,0.5888165
NSUN2,0.5888119
LTBP4,0.5888109
IRF3,0.5887796
NFIX,0.58876705
LZTFL1,0.58876514
RASGRP2,0.5887234
IDH3G,0.5887145
RSAD2,0.5887094
NINJ1,0.5887089
GNG11,0.58868563
MCPH1,0.58867806
MRPS22,0.5886695
IL16,0.5886661
MTFMT,0.5886596
LRSAM1,0.58865464
NFYB,0.58864206
MSL2,0.5886391
MIEF1,0.588628
MRPL1,0.58862144
MAK16,0.5886165
OSTC,0.58859974
GLS2,0.58858377
MANF,0.58858174
NAB1,0.5885812
NCAPH,0.5885792
KATNB1,0.58857155
KCNJ15,0.5885619
MTF2,0.5885585
IKZF4,0.5885515
GPATCH1,0.58854914
MCM6,0.58854103
MTMR12,0.5885401
MGST3,0.5885335
NME7,0.5885245
NR2F2,0.5885032
NCOA1,0.5884882
LATS1,0.5884779
MIA3,0.5884775
MED22,0.588441
NOC3L,0.5884161
NSMCE4A,0.58841467
MFGE8,0.5883811
MAFG,0.5883716
MRPS34,0.5883205
PDP2,0.5883174
OXNAD1,0.58830297
MTHFD1L,0.5882859
MOB1B,0.58827555
HOXA10,0.5882567
MTMR1,0.58825374
KIFAP3,0.5882473
NOL3,0.58822685
NOM1,0.58820724
LIPT1,0.58819956
NSUN4,0.5881896
NHS,0.5881825
LNX2,0.5881813
MYL5,0.58817154
PNPLA6,0.58816034
MAPK3,0.5881592
NEIL1,0.58815664
IFNGR1,0.58814234
MNAT1,0.58813536
MBOAT7,0.5881121
MZT2A,0.5880987
ACTA2,0.58808637
NDUFB6,0.58807784
MXRA8,0.5880315
IKBKE,0.5880246
MDK,0.58801824
LMAN2L,0.5880069
MRPL9,0.58800673
PLAA,0.58800274
MRPL54,0.5879938
MBD6,0.5879755
MIF,0.58794385
NUDT5,0.58794206
ADCY6,0.5879337
MED15,0.5879167
NAGLU,0.587907
NPC2,0.5879055
NUFIP2,0.5878876
NOP14,0.587885
NAPG,0.5878746
NPHP1,0.58784276
NUP88,0.5878335
MYO10,0.587811
JMJD6,0.5878065
MOGS,0.58780247
MPHOSPH8,0.587798
HSPA1B,0.5877921
LAMB3,0.5877904
MAPRE2,0.5877888
NCAPG,0.5877546
IFIH1,0.58774287
MFAP1,0.587737
MRPS11,0.58771396
MEX3C,0.58770543
NDUFAF3,0.5876911
NLGN3,0.5876855
FAM220A,0.5876787
MTX2,0.58766365
ORC3,0.58765113
NFATC2IP,0.5876221
IL7,0.5876195
NEDD1,0.5876117
LMBRD1,0.5876037
NUBP2,0.58759314
PHACTR1,0.5875911
NTAN1,0.5875818
ORC6,0.58758014
NDUFA11,0.58757854
NEO1,0.5875612
RP2,0.5875609
MSRB3,0.58754784
GCSH,0.58748746
NUB1,0.5874781
MYOF,0.5874368
NCOA7,0.5874297
MAP1S,0.58741415
HSD17B1,0.5874113
NUP107,0.58740485
NDUFA12,0.5873991
RETSAT,0.58739245
NET1,0.58738995
HS3ST1,0.5873795
MAP4K2,0.58737165
NMRAL1,0.5873712
PARP2,0.5873695
OSGEP,0.58734334
NFATC4,0.5873352
NDUFA4,0.58731335
NUP54,0.58730537
PCCB,0.58730435
HOXA5,0.5873011
NAA15,0.58729625
KLC4,0.58729094
MYADM,0.5872844
AARS2,0.58727765
MPZ,0.5872486
PGM2,0.58723676
FRS3,0.5871926
AP5B1,0.58718944
NUCB1,0.58714217
MAP3K9,0.587141
MAN1B1,0.58712316
NACC1,0.5871216
MRPS30,0.58711183
GMPR,0.587091
NEK1,0.5870849
MYL6,0.58707654
MLST8,0.5870699
IK,0.58698153
PCOLCE,0.58697844
LLGL1,0.5869615
PDCD6,0.5869456
MRPS35,0.58694524
NGLY1,0.5869358
NUP93,0.58691984
ME3,0.5869096
MRI1,0.5869012
MPP7,0.58688337
MSH5,0.58681405
MYBBP1A,0.58681375
NNT,0.5867994
PEX3,0.5867967
LYPLA2,0.58677596
MLEC,0.5867749
NAA40,0.5867591
RAB3IL1,0.58674914
MMADHC,0.5867133
NDRG2,0.58671284
NOC2L,0.586706
POLB,0.5867011
NR2F6,0.5866696
MCRS1,0.58666885
PIGU,0.58665025
FAAH,0.58664876
MYO9B,0.5866476
NDC1,0.5866192
OSBP2,0.5866097
MYCBP2,0.5865926
NUDT19,0.58657014
NRP1,0.5865136
NDUFV3,0.58650774
NCK1,0.586506
PCCA,0.5864739
MRPL28,0.58646655
MRPS24,0.58641666
NID1,0.58638006
NOSIP,0.58637005
NPDC1,0.58635074
MRPL35,0.58632827
MRPS18B,0.58632696
MYL6B,0.5863265
NUMB,0.58626735
NDUFB8,0.5862402
NAA38,0.5862389
MIEN1,0.5862271
ENPP2,0.5862262
NHP2,0.5862151
METTL3,0.5862144
KIF27,0.5862085
PANK4,0.5862017
MTIF3,0.5861951
NOL12,0.5861936
PCYT2,0.58619297
MIB1,0.5861791
NIPBL,0.5861769
NCAPD2,0.5861618
PANK1,0.5861539
JUND,0.5861503
MEAF6,0.58613795
NADSYN1,0.58612186
PARP9,0.5861211
PI4KB,0.58610165
ARHGEF28,0.5860747
NDUFAB1,0.5860569
MAML1,0.5860308
OTUD3,0.5860205
OSBP,0.5860044
GAS2L1,0.58600354
MRPL10,0.58597636
MEPCE,0.5859606
NEK6,0.58594245
NUDT14,0.5859325
ADAM9,0.58590865
MIB2,0.58590466
KIF21B,0.5858972
MYO6,0.5858842
NFATC3,0.5858496
NFU1,0.58584887
NMRK1,0.5858485
MRPS31,0.58581966
INTS12,0.5858184
METAP1,0.5858156
CBX8,0.5858118
NBEAL2,0.5858031
NR4A1,0.5857875
MTIF2,0.5857861
NCF2,0.58577365
MAD2L1BP,0.5857696
PARK7,0.5857693
MRPS21,0.5857628
NRIP1,0.58576244
OPTN,0.5857616
PAXIP1,0.58576137
MASTL,0.58575684
NOB1,0.5857391
IRAK3,0.58571714
MYO7A,0.5857073
NEIL3,0.5856979
MRFAP1,0.585688
NDUFV2,0.58568364
NDE1,0.5856811
NCAPH2,0.58567566
PSMC1,0.5856652
NR6A1,0.5856329
NUP50,0.5856186
OAZ2,0.58561116
MED14,0.5855984
NR3C1,0.58559376
HSPA13,0.58559024
PRNP,0.5855863
MOCS2,0.58558553
PDCD7,0.5855758
PAK1IP1,0.58557355
ITGBL1,0.5855623
AP3M2,0.5855364
PCDHB5,0.5855196
ODC1,0.58551204
LSM2,0.58550525
PLXND1,0.58550346
NEDD9,0.5854859
MBTPS1,0.58548534
MSL1,0.58547217
PINK1,0.58546686
PDLIM7,0.58543724
KRT5,0.58543384
MZT1,0.5854255
NDUFA10,0.5853995
NOL9,0.5853771
PFKM,0.58536744
MAGOHB,0.58535916
MPI,0.58535045
LPCAT2,0.5853475
NCSTN,0.5853463
NMD3,0.5853368
NNMT,0.5853178
MSRA,0.5853172
NPNT,0.5852912
LAT2,0.58528864
MYO5B,0.5852579
MRPL21,0.58524513
ACAP2,0.58522344
PCK2,0.5852013
MGAT3,0.5852003
OAS1,0.585167
PDLIM5,0.5851577
NEK7,0.5851525
AK9,0.5851431
MRPL2,0.58512825
RAB32,0.5851262
EHD3,0.5851243
LY86,0.58511126
MRPL51,0.5850914
MORC2,0.5850612
MIER1,0.58504766
OTUD5,0.58500564
FZD2,0.58494276
NOL8,0.5849418
NPL,0.58493614
NPLOC4,0.58491665
PPCS,0.584913
NFS1,0.5849093
NPRL3,0.58488923
PPOX,0.5848885
IRF9,0.5848815
MRPL47,0.5848493
PPM1F,0.58482474
MCM9,0.5848202
NLN,0.58477813
NR4A3,0.5847763
PARN,0.58477145
N6AMT1,0.5847683
PPP2R2A,0.5847604
MDC1,0.5847283
RIT1,0.58471936
NDUFAF6,0.5847063
LPAR2,0.58470196
PHC1,0.5846843
MRPL30,0.58466285
PEX5,0.5846491
PDE3B,0.5846291
NUDCD3,0.5846287
OGT,0.5845977
OSTM1,0.584586
MIS12,0.5845828
PPT2,0.5845794
OCRL,0.5845785
NCOA2,0.5845482
PARVA,0.5845392
ORC1,0.58453125
MRPS10,0.5844947
MRPS9,0.5844534
PHB2,0.5844525
MLF1,0.5844484
PMPCB,0.58444417
NPAS2,0.5844345
MRPS14,0.58442616
ORAI2,0.58442384
MYL12A,0.58441883
NANS,0.5844169
PCGF5,0.584416
PARP14,0.58440554
NRF1,0.5844036
HSD17B7,0.584387
MIDN,0.5843792
NCAPD3,0.5843552
MFN1,0.584345
NOMO1,0.58434176
NUBPL,0.58433926
NAP1L1,0.5843318
NUDC,0.5843228
PHKA2,0.58427185
NT5C,0.58427054
LIPG,0.584267
MAP2K7,0.58425695
ODF2,0.5842461
MBD1,0.58423626
NT5C3A,0.5842335
PCDH1,0.58418965
PELP1,0.5841762
PHF5A,0.58415073
PRICKLE3,0.58412087
MRPL41,0.58412033
MRPL45,0.584111
LRP4,0.5841016
NDUFB4,0.58409643
LMF2,0.5840959
NUDT3,0.5840808
PREX1,0.5840626
NOL10,0.58404297
PARD3B,0.58403665
NDUFA5,0.5840244
KDELR3,0.5840164
NFYA,0.58401346
MRPS28,0.5840051
PLA2G4A,0.58400095
NONO,0.5839937
PAICS,0.58397985
HTRA2,0.5839705
NCBP2,0.58396643
NEDD4L,0.58396435
ORC5,0.58394897
GGPS1,0.5839482
PAGR1,0.5839456
HCAR2,0.5839362
NARS2,0.5839275
RAD50,0.5839052
NSFL1C,0.5838973
PPP1R16B,0.58388746
PLCG2,0.58388704
MRPS2,0.58387417
NFE2L1,0.5838701
CLEC2B,0.58385795
LYZ,0.5838406
PABPC1L,0.5838399
MED28,0.58383864
MMP15,0.58382714
NIF3L1,0.5838176
PCBD2,0.5838087
NELFB,0.58379626
PDK3,0.58378327
IFT20,0.5837729
KREMEN1,0.5837715
RAPGEF5,0.5837691
NLRP1,0.5837617
PCID2,0.58375573
OGDH,0.58375067
JAM2,0.5837423
PELI2,0.58372515
NUDT21,0.58369696
FOSL1,0.58366525
NSDHL,0.58365774
PCNT,0.5836453
PLOD1,0.58361584
MRPL39,0.5836042
P2RY6,0.58359575
PAIP2,0.58358896
MRPS16,0.58358306
MAPK8IP1,0.58354324
PPARA,0.5835401
POLK,0.5835198
PCGF3,0.58350337
NDEL1,0.5835003
PIP5K1C,0.5834989
PECR,0.5834965
NCLN,0.583491
PCDHB15,0.5834867
NTM,0.58348185
NR1D2,0.583461
NCBP1,0.58342147
MLH3,0.58340716
ISY1,0.58338094
PRKAG1,0.5833657
NUP133,0.58334756
PCYT1A,0.58334166
PDE7A,0.5833192
NAIF1,0.5833126
OSGEPL1,0.58330256
SDHAF1,0.5832876
OS9,0.5832816
HSPB2,0.5832767
MRPL34,0.5832754
LRG1,0.58327067
OBSCN,0.5832702
NLGN2,0.583264
POLR3G,0.58325547
NDUFS4,0.5832494
NUS1,0.58318293
PARD3,0.5831766
POLM,0.58317596
NUP188,0.58316904
NUAK1,0.5831398
LMOD1,0.5831331
PIGK,0.5831308
MATK,0.5831111
NUP210,0.58310556
PPFIBP2,0.5830669
NABP1,0.5830668
MCM8,0.5830656
PRKRIP1,0.5830464
NUMA1,0.58302176
NOL6,0.5829988
OXCT1,0.5829965
NHEJ1,0.58298916
MED7,0.582976
RALB,0.58297575
POLR1B,0.58297354
LFNG,0.58296686
MRPL11,0.58293885
PIKFYVE,0.5829388
MUL1,0.58293784
OXSR1,0.58292866
NDUFA13,0.58289784
POLR3C,0.5828947
MST1R,0.5828914
PIAS3,0.58288205
IGFBP6,0.5828713
LIG4,0.58286464
NLE1,0.58286375
PHF1,0.58282757
PLOD3,0.58282673
LAG3,0.5828229
MICU2,0.5828174
PPP1CC,0.58281475
OIP5,0.5828068
OSBPL1A,0.58279973
NFIA,0.58276445
NOLC1,0.58275145
ZNF184,0.58275145
KBTBD7,0.5827489
MED4,0.5827456
NOP9,0.58272225
PERP,0.58269924
NAA16,0.5826826
MZT2B,0.5826787
NLK,0.58263075
NRCAM,0.5826222
POLR2B,0.58261317
NRBP1,0.5826061
NIPSNAP1,0.5826021
PFKFB4,0.5825864
PTPRS,0.58258075
HENMT1,0.5825643
RIN2,0.58256286
PGP,0.58254236
PFDN2,0.58250785
PDCD4,0.58250445
P4HA1,0.5824787
PLCD1,0.58243364
NSUN6,0.58242404
NUP153,0.5824209
MED19,0.5824139
PAQR8,0.5823635
NPTN,0.582361
NMB,0.5823575
NKIRAS2,0.5823526
NUDT9,0.58235127
PAF1,0.58234924
NOP16,0.58234864
PALLD,0.58234704
RFC4,0.5823454
MRTO4,0.58234465
NFKBIL1,0.58233744
MTO1,0.5823289
HSCB,0.582319
NUP160,0.58230686
PEX19,0.58230674
MOCOS,0.5822746
PEX7,0.5822741
PLCB2,0.58220696
OTUB1,0.5822049
OAZ1,0.58218604
MYBL1,0.5821728
LDHD,0.58215225
PAAF1,0.5821274
OXTR,0.5821245
GNA15,0.5820942
POM121,0.58207476
AMPH,0.58207464
MAN2A2,0.5820591
PFKFB3,0.58200437
NMNAT2,0.58198875
SYP,0.58198583
PSMF1,0.5819855
RARB,0.5819742
PHF20,0.58195645
PFDN5,0.58195436
NR1H2,0.58195406
NME4,0.5819344
OLA1,0.5819028
PPIF,0.58190036
POLH,0.58188564
REV1,0.5818726
PA2G4,0.5818694
NTPCR,0.5818469
MYH14,0.58184177
NAPEPLD,0.58184
INO80B,0.5818378
PABPN1,0.5818245
NDUFA3,0.5818127
LRR1,0.5818095
PDE8B,0.58179826
NADK,0.5817769
NES,0.58175516
NRP2,0.5817322
MICAL2,0.5817319
PPIE,0.5817136
PRKD2,0.5817
NAGPA,0.58169544
NIPSNAP3A,0.5816877
PEX13,0.581657
NOP58,0.58162844
NOP56,0.5816267
RBBP9,0.58162147
PDHA1,0.5816153
POLR2F,0.58161527
PBX2,0.5815877
PDE10A,0.58157545
NUP155,0.58157086
PABPC4,0.58155954
PTPRU,0.5815326
PDHB,0.5815107
MON1A,0.58147866
PDXDC1,0.5814481
PRPS1,0.58144426
MUC3A,0.58143914
OPHN1,0.5814317
PYGO1,0.5814267
MFSD10,0.5814264
FUNDC1,0.58140916
PDSS2,0.5813847
HOMER3,0.58134365
NAA10,0.5813415
PAFAH1B3,0.58132493
PRDX3,0.58131486
PIK3R5,0.5813099
PUS1,0.5813084
ORC2,0.5812975
PDXK,0.58127874
PPP5C,0.5812725
KIF5C,0.58127236
PDE3A,0.5812704
PARD6B,0.58127016
NDUFS1,0.5812647
PPP1R15B,0.5812625
NUBP1,0.5812468
PAN3,0.5812267
PRPF4B,0.5812122
NFKBIZ,0.58119833
MARVELD3,0.5811894
LRPAP1,0.5811764
HSD11B2,0.581175
ORMDL2,0.5811133
ORMDL1,0.5811126
MID1IP1,0.5810794
MOK,0.5810758
MR1,0.5810569
NR2C2,0.5810537
METTL14,0.58100885
PPP1R13L,0.5809905
PATL1,0.58098584
KIT,0.5809831
NCK2,0.5809777
PBX3,0.5809728
PC,0.5809626
PRICKLE2,0.580962
PDE12,0.58094895
NAMPT,0.5809488
LMBR1L,0.5809464
MFAP3,0.5809332
NRBF2,0.5808926
NUP37,0.58078927
PIK3CD,0.5807876
PDE4D,0.5807839
PBK,0.5807601
PDK1,0.5807591
PPP1CB,0.5807395
PDS5A,0.5807229
PES1,0.5807189
PHLDA3,0.58071226
NUP205,0.580697
PIGS,0.5806033
NEK2,0.5806022
MIF4GD,0.58059996
PACSIN2,0.58058774
PNISR,0.5805854
NUDT16,0.58058405
CACNA2D4,0.5805817
PEX6,0.58058137
PSMC3IP,0.5805813
PAK4,0.5805506
NR4A2,0.5805492
PPP1R9B,0.58050865
PUS7,0.58050555
PGM1,0.58049154
PSME1,0.5804845
PSMB6,0.5804634
PFN1,0.58044696
PIPOX,0.58044493
PLEKHG4,0.580416
GPNMB,0.5804005
NAA35,0.58039904
PSMG2,0.58038014
PNN,0.58037895
PGAM1,0.580363
RASSF5,0.5803405
LGI4,0.5803355
PAPSS2,0.5803347
MOAP1,0.58032054
MLKL,0.58028686
PFN2,0.58026475
PEX1,0.5802375
PGS1,0.5802246
PPP1R12C,0.5802078
GRAP2,0.5801927
PLXNA3,0.5801914
PDE4A,0.5801855
RAB14,0.58017254
PCYOX1L,0.5801639
METTL21A,0.5801467
PDS5B,0.58014596
NR2C1,0.5801398
MRGBP,0.58013886
B3GALT4,0.5801239
PDE4B,0.5801061
PARD6G,0.5800982
PPP2R3C,0.58009756
POMP,0.5800828
OSBPL5,0.58004725
PIGO,0.58004564
MRPL53,0.5800167
PANK2,0.58001345
NIPA2,0.58000404
NELFA,0.5799872
POLR3B,0.57997984
PELI1,0.5799699
MSMO1,0.57991374
PDE6D,0.5799102
NEIL2,0.5799087
PAPOLA,0.5798952
PIK3C2B,0.5798941
PDSS1,0.57987094
PITX1,0.579866
MICALL1,0.57984364
NAT1,0.57981974
POLDIP3,0.57980007
PDIA4,0.5797661
NOL11,0.5797427
OTUD7B,0.5797418
KIAA0513,0.5797046
SH2D2A,0.57968515
MPP2,0.5796749
PRKAR2A,0.5796667
NVL,0.5796235
PACS2,0.5796028
SAP30,0.57958335
PITPNA,0.5795738
MATN3,0.57955575
PEA15,0.57954043
NCKAP1L,0.57951003
PARS2,0.5794754
PLA2G15,0.5794576
PPP1R13B,0.5793969
PHKG1,0.5793854
PRPF39,0.57938087
PAFAH1B1,0.57932824
PPL,0.57931644
ORMDL3,0.5793093
PFKP,0.57930785
RMI1,0.5792958
NECAP2,0.5792923
PLB1,0.57927
PYGL,0.5792633
PAK6,0.5792558
PGD,0.579223
EGR2,0.5792162
PHF8,0.579206
PANK3,0.5792001
KCNN3,0.57919466
PIP5K1A,0.5791931
PALMD,0.5791576
STX1A,0.57914364
IL2RA,0.57913196
RPGR,0.57910615
LRFN3,0.5790748
PACSIN3,0.57906735
PSME2,0.5790391
NXF1,0.579031
ITGA4,0.5790268
NID2,0.57901794
POFUT1,0.57900417
PDE7B,0.57897455
PDIA3,0.57896733
RAB13,0.5789648
SDS,0.57896465
CMTM1,0.5789643
PDE1A,0.57893336
PSMG3,0.5789021
SHC2,0.57888734
NUTF2,0.5788831
RHPN1,0.5788773
PIH1D1,0.5788497
PKP2,0.57884437
PSMD9,0.5788338
PDGFD,0.57883036
RNF139,0.57882625
MERTK,0.57881355
NAPA,0.5787993
PDCD6IP,0.578796
OAS2,0.5787864
RBAK,0.5787767
NUP62,0.5787713
PIK3AP1,0.57876825
PPFIA1,0.5787598
PIGA,0.5787362
ARAF,0.5787184
RFK,0.5787119
LILRB3,0.5787077
PRPF6,0.57869124
NEK8,0.57868886
PFKL,0.5786856
PPP1R11,0.57865727
MRPS12,0.5786491
PVR,0.57864624
PSMD11,0.578635
PRDX6,0.578625
ABCC1,0.5786211
NAGA,0.57861066
PHLDA1,0.5786032
MAP3K6,0.57859194
PISD,0.57858974
QDPR,0.57858783
PDLIM1,0.578576
PHKG2,0.5785584
PEX14,0.57855207
NOL7,0.5785276
PDRG1,0.57851094
POU2F1,0.5784946
ITGAX,0.5784599
PPA1,0.57844776
MRPL40,0.57840264
NKIRAS1,0.57834345
SHB,0.578327
PEMT,0.5783177
PSME4,0.57831544
NFASC,0.57827723
PFDN6,0.57825464
PKM,0.5782513
PHB,0.5782496
PKD1,0.57824314
NUP43,0.57823586
AASS,0.57822937
RNF6,0.57821643
PPP1R12A,0.57821226
PLEKHA7,0.5781996
RNH1,0.578195
POLR2K,0.578163
RACGAP1,0.57815456
PRPSAP1,0.57814956
NOP2,0.5781426
PCSK7,0.5781177
PPIP5K2,0.5781132
NFIL3,0.5780901
MAPK7,0.57808894
NTN1,0.5780764
ETV7,0.5780703
RBPJ,0.5780689
SCN1B,0.57803786
ABCC3,0.57802725
RAB4B,0.5780162
PKP3,0.5780061
RASSF6,0.57799494
NELFCD,0.57798094
NDUFA1,0.5779742
PPP6R1,0.5779665
PLK1,0.5779616
OPA1,0.5779445
PKN1,0.57793117
RAB3GAP2,0.57793003
PPP6R2,0.57791376
PJA2,0.57791305
PPP1R14B,0.57790273
PPP1R18,0.57789886
POLR3A,0.5778952
RGS2,0.57788336
PLEC,0.5778675
PPIB,0.577845
RPL17,0.5778165
PLCB3,0.5777991
PHF2,0.577793
NEU1,0.57777137
PNO1,0.57774955
ATP2A3,0.5777443
PLEKHG3,0.5777344
RAB11A,0.57772815
LIPE,0.5777268
PHKB,0.577719
POLR2G,0.57770604
PKN2,0.577702
RECK,0.57768357
OBSL1,0.57768023
PARVB,0.57767475
PRR5L,0.57767314
ABCA1,0.57766265
PTPN7,0.57764626
POLQ,0.57764083
KHK,0.5776383
SLC35A2,0.5776272
PDE8A,0.57762545
PHLPP1,0.57761645
PPP2R5A,0.5776133
PDPR,0.5776121
POLL,0.57760537
PMF1,0.5775799
RAB2A,0.5775661
AQP3,0.5775644
PIR,0.57755244
RBCK1,0.5775506
PCGF1,0.57754993
PLXNA2,0.5775397
RNF152,0.57753444
PGM2L1,0.5775301
PIK3C3,0.5775001
PLA2R1,0.57748324
RABEPK,0.5774824
REEP2,0.57747513
RAB10,0.57743937
PAQR5,0.5774162
PI4K2A,0.5774138
MIEF2,0.57738984
RC3H1,0.57738173
PGRMC1,0.57737815
OPN3,0.5773765
PAG1,0.57736987
NDUFAF5,0.57734275
LEF1,0.5773393
GBP1,0.57733345
MCMDC2,0.57732844
LZTS3,0.57729745
MPND,0.5772878
AATF,0.5772768
PIGP,0.57727486
NUSAP1,0.57725924
PPIL2,0.5772532
MRPL27,0.57725066
OXSM,0.577242
PIP4K2A,0.5772413
MRPS36,0.5772287
SEC11C,0.57722205
RHOT2,0.5772176
PPP3CC,0.5772112
PRKCA,0.5772052
PRDX5,0.5771933
POLA1,0.5771685
SCRIB,0.57714385
PKP1,0.5771363
PSMD1,0.5771293
NDUFA8,0.5771163
PKD2,0.57707644
APOBEC3F,0.57706404
RAB3IP,0.57706076
PPARGC1B,0.57705396
SIGIRR,0.57703054
PHF19,0.57703006
PPM1K,0.57701385
PHF21A,0.577008
PASK,0.57700115
PIK3C2A,0.57696456
RAB11B,0.57696396
NPHP4,0.5769556
PTGFRN,0.5769454
PSMA4,0.57693
POLE2,0.5769145
RAB3GAP1,0.57689714
ACO2,0.57688016
PLCL2,0.5768776
MSX2,0.57686776
CDK3,0.57686687
RPL22L1,0.5768569
OMA1,0.5768498
POLA2,0.57682145
PGAP1,0.57681364
PNRC2,0.5768123
PARP12,0.5768067
PLD1,0.5768015
PPP6R3,0.57679456
SHCBP1,0.5767768
PIGL,0.57672507
RABIF,0.57672334
PRKCH,0.5766704
REEP5,0.5766316
RBM39,0.57660043
PRKD1,0.57658124
PAWR,0.576567
RBM7,0.5765656
ALOX5,0.5765595
NDUFAF7,0.576531
MRPL50,0.57652766
ZNF418,0.5765207
PKN3,0.5765181
PCSK6,0.5764927
CD2,0.57648796
PHF11,0.5764623
RAB30,0.57642514
PTDSS2,0.5764234
PTPN12,0.57638985
P2RY11,0.5763569
PIK3R6,0.5763459
PDCL,0.5763206
RPL7,0.57631606
POLD2,0.57631457
ORC4,0.5763112
RNF19B,0.5763087
PPM1A,0.57630855
PKP4,0.5763036
PSMD12,0.5762774
PRDX1,0.57627577
RHPN2,0.5762683
PSMD7,0.57624733
PSMD8,0.5762377
PICK1,0.57623625
RIN3,0.57618564
RFXAP,0.57615346
MTMR7,0.5761376
POU2F2,0.5761272
MAFF,0.5761195
RABEP2,0.5761189
PSMD2,0.5761185
PSME3,0.5760838
MRPS26,0.5760753
PDCD11,0.57606363
PLAGL1,0.57606345
POLR2J3,0.57604855
PCGF2,0.57604486
PLEKHM2,0.5760143
PHC3,0.57600987
PCBP4,0.5760004
MRPL44,0.57598805
PSMB3,0.5759863
PI4KA,0.57597095
PLRG1,0.5759653
PPP1CA,0.5759243
LYPD3,0.57591844
MAPK13,0.57589716
PPP2R1B,0.5758956
PPP2CA,0.5758952
RPRD1B,0.5758793
PLSCR1,0.5758552
POP1,0.5758524
PCDH7,0.5758468
PLCB4,0.5758415
PRDX2,0.5758387
POLR2A,0.57580113
NSA2,0.5757624
PDCD5,0.575726
PMP22,0.5756695
PLCL1,0.5756587
PTCD1,0.57565415
RBBP5,0.5756442
RBM25,0.57564133
PRKAG2,0.5756365
PLXNB1,0.5756247
QPRT,0.57561034
POLE4,0.5756068
PLEKHA2,0.57555515
PSMC5,0.5755356
PTP4A3,0.57553524
PSMC2,0.57549936
PPP1R10,0.57549703
PTK2,0.5754907
PLD3,0.57548827
PRPF3,0.5754732
PRKCE,0.5754536
RAB27A,0.57545274
LTB4R,0.57544714
POLR2L,0.5754399
RPL36A,0.57543534
PLEKHG2,0.57543474
MED9,0.5754115
APOBEC3B,0.57539225
ZFP82,0.5753872
PPP2R1A,0.5753745
PSAP,0.57537323
PPP1R7,0.57537264
PTMA,0.57535166
PRPF8,0.57535124
PDGFC,0.5753476
RER1,0.57528555
PPIG,0.5752764
PPM1D,0.5752527
PAIP1,0.5752394
PRPF19,0.57522714
POLR3GL,0.575219
PTPN1,0.57518893
PEX2,0.5751759
PITRM1,0.5751724
NIP7,0.5751691
MTMR6,0.5751568
SPARCL1,0.57513833
RHOBTB1,0.5751347
HAVCR2,0.5751259
PRKACB,0.57511705
PDE5A,0.57510793
PNKP,0.5751027
RASAL2,0.57510066
PIAS4,0.57509595
PMEPA1,0.5750957
PRKRA,0.575084
PDHX,0.5750829
RHOG,0.5750725
PTPN9,0.5750691
BMI1,0.575064
NSMCE1,0.575052
RAB1A,0.5750471
PPP2R5E,0.57503515
RNPC3,0.5750308
RGS19,0.5750293
RAB3D,0.575027
PIK3R4,0.5750249
PPIL1,0.57501405
RRAGB,0.5750129
PPP3CA,0.57500225
NFRKB,0.57499534
PPP4R2,0.57496834
PTPN13,0.5749639
PBDC1,0.5749617
RBM22,0.5749593
PSMA7,0.5749387
PSEN1,0.5749083
PGGT1B,0.57489187
RRP15,0.5748911
SHF,0.5748743
PXN,0.57484514
PPP1R15A,0.5748337
RAD23A,0.57482636
NANP,0.57478887
NLRC5,0.57476866
HSPA1L,0.57474476
RAB20,0.57472825
POLR1A,0.5747085
PRKDC,0.5746792
ITGA9,0.57466155
PUM2,0.57465726
PSMB10,0.5746547
PTTG1,0.5746307
PFKFB2,0.5746268
RAP2A,0.57459164
POLR3D,0.5745833
PUM1,0.5745818
RHNO1,0.5745808
PLXNB2,0.57456803
PITPNM1,0.5745551
SLC22A4,0.57454467
CXCL1,0.5745438
PHLPP2,0.57454187
PTMS,0.5745414
PEX11B,0.5745098
PLTP,0.5744978
RAP1GDS1,0.5744769
NUDT16L1,0.5744555
NOP10,0.57444763
MX2,0.57443345
APOL1,0.5744236
RAB38,0.5744134
PRKAR1B,0.5744014
PAPSS1,0.574401
RPS27L,0.5743985
SMPD1,0.5743925
PRKCI,0.5743865
ATP6V1E2,0.57438296
PRKCSH,0.5743535
PTPN14,0.57434267
RAI1,0.57433516
PSMB4,0.5743186
RBFOX2,0.5743148
RFC5,0.57423925
RAB5C,0.574228
PAN2,0.5742234
PNP,0.57422334
PAM16,0.5742082
PRCP,0.5742067
RAVER1,0.57420164
LXN,0.5741622
POLR2I,0.5741618
PURA,0.57413024
PPP1R3B,0.57412934
PSMB1,0.5741292
POMGNT1,0.5741243
NDUFA9,0.5740684
TNFSF12,0.57404554
PTPRE,0.5740357
PUF60,0.57402873
POLR2D,0.57400405
PRPF40B,0.5740037
PNKD,0.57399976
SECTM1,0.57398826
PPP2R5D,0.57398206
RAB5B,0.5739754
RBM14,0.5739751
PTPRJ,0.57394546
PTPRM,0.57393116
RRP7A,0.57392704
PTGES3,0.5739096
RAD18,0.5739071
NAA30,0.5738599
PIP4K2C,0.5738532
PRC1,0.5737781
RAB31,0.5737703
RNF2,0.57375944
PTBP1,0.57364106
PNPLA2,0.5736055
ORAI3,0.57358056
PYCR1,0.57356906
PPP2R5C,0.5735477
PDP1,0.5735455
NPR1,0.5735425
PLEKHA8,0.5735336
PHYKPL,0.57351714
RBM19,0.5735153
RELA,0.5735012
PLP2,0.5734954
RABL2A,0.5734954
PRPF40A,0.57348853
RAD54B,0.57345665
PPARD,0.57344913
PSMD5,0.57342404
RANBP3,0.57341033
POGZ,0.5733982
PIF1,0.57337713
PNPT1,0.5733739
LRRC8E,0.57336724
PJA1,0.57333875
PREB,0.57333523
PTPRA,0.5733151
PDPK1,0.5733098
PER3,0.5732967
NME3,0.57326365
SPRY1,0.5732455
NOTCH3,0.5732376
RNF217,0.573226
PPRC1,0.5732243
PARVG,0.5732177
PTPN4,0.57320696
MAP1A,0.5732027
SEMA4G,0.5731784
RTN4IP1,0.57314634
PTGIR,0.573146
PDPN,0.57314485
PTPMT1,0.5731242
PRPF4,0.5731241
NME2,0.5731239
PRR12,0.5731219
PPAT,0.57311463
PDLIM2,0.5731115
PTBP2,0.57305735
RAB9A,0.5730458
REXO2,0.57303655
RNF11,0.572984
SATB2,0.57297766
RCC2,0.57297075
RAC2,0.57293403
ITGB6,0.5729332
POLI,0.57291746
RNF181,0.57289404
RAN,0.57288975
PHAX,0.57288504
OSMR,0.572853
POLR3F,0.572851
PLCG1,0.57284397
RNF31,0.57283217
PRMT1,0.57282835
RALGPS2,0.57279956
RAB11FIP1,0.5727877
PSMB7,0.5727814
RIF1,0.5727781
SIRT1,0.572766
PMPCA,0.5726676
RAB1B,0.57265913
RBM15B,0.5726588
MANEA,0.5726481
PLK2,0.5726367
PAIP2B,0.57263416
SUN2,0.57262224
CD163,0.57260257
PTPN2,0.57259667
PGAM5,0.572596
RGP1,0.5725929
PPM1L,0.5725856
RBL2,0.57256854
RDX,0.5725632
SMNDC1,0.57250565
POLR1E,0.57249045
REC8,0.5724821
MRAS,0.572433
PTN,0.5724328
SDF2,0.5724271
RGS12,0.5724154
PQBP1,0.5723951
PLD2,0.5723885
OAT,0.57237965
RAD51C,0.57235736
PRPF38A,0.57233423
PTDSS1,0.5723077
OAS3,0.5722941
PIGQ,0.572266
RERE,0.5722538
PIGB,0.57221514
PHC2,0.5721964
OCLN,0.5721571
RAB4A,0.5721347
PARP3,0.57212144
PSMD3,0.57203543
PPM1B,0.57201666
PTPN23,0.5719959
PLXNA1,0.5719887
PKIA,0.5719783
POLR2H,0.5719776
RAB34,0.57190496
PLAT,0.5718719
SENP2,0.57185405
PSAT1,0.57183397
ASAH2,0.5718203
RABL2B,0.5718142
PSMC6,0.5717976
OASL,0.5717976
POMGNT2,0.57177925
POFUT2,0.5717774
PGAP3,0.5717561
RPL18A,0.5717196
RBBP4,0.5717053
RPL13,0.5716986
PTCD3,0.5716514
PTPN21,0.57163614
RAB25,0.571635
GBP4,0.57163113
RNF24,0.57161385
RBMX,0.57159084
PTPRN2,0.571586
POLR3H,0.57158357
PWP1,0.5715825
RAPGEF6,0.57156867
PRPS2,0.571554
PPP1R8,0.57150877
RALBP1,0.5714623
POLRMT,0.57145834
PRMT5,0.5714467
PSMB9,0.57143676
RHEB,0.5714119
ROBO1,0.57140434
RASA3,0.57140416
SLC30A1,0.5713927
PREPL,0.571386
RGS17,0.57137984
PRKAR2B,0.57137865
POP5,0.5713669
POLD3,0.57136655
RAD54L,0.5713613
RAPGEF4,0.5713607
RANBP1,0.5713464
PRR5,0.5713356
RABGAP1,0.57132953
PSPC1,0.57131296
PMVK,0.5713112
ZNF383,0.5713081
ING2,0.57127655
PIGF,0.57123256
CXCL10,0.5712128
PRMT7,0.57119894
RPL13A,0.5711178
PSMA1,0.57111126
SERPING1,0.5711088
RLIM,0.5710996
RCCD1,0.5710797
PDCD10,0.57107395
PTK2B,0.5710642
SCAI,0.5710629
RASSF1,0.57105505
SGSH,0.5710437
PRPSAP2,0.5710388
RABGGTB,0.57101667
POLG2,0.57097834
PSMD10,0.57097554
RAD51D,0.5709456
PTRH2,0.5709444
RBX1,0.5709405
RORA,0.57093734
DCHS1,0.57089555
POLR3E,0.5708932
POLE3,0.57088447
PLOD2,0.5708599
REEP4,0.5708491
PDCL3,0.5708475
CDKN3,0.57083535
ULK3,0.5708083
PSMA5,0.5707853
PSMC3,0.57077086
PRKAA1,0.570745
PANX1,0.5707284
SCYL1,0.570726
RAP1B,0.57069576
RGMB,0.570682
RPL24,0.5706739
RUNX2,0.5706663
SLCO3A1,0.5706659
PSMB8,0.57064295
NPRL2,0.57064074
RALGAPB,0.57062674
PPP1R3D,0.5706267
RGS5,0.5706149
PIGW,0.5705961
SMARCD3,0.5705475
PIGG,0.5704736
PLK4,0.57046515
NXT2,0.57044995
RBM4,0.57043993
PYGB,0.57040876
RAB8A,0.570384
PURB,0.5703715
POP7,0.5703684
PPP4C,0.57034
RPAP3,0.5702591
RELT,0.5702493
PCDH18,0.57023406
RCAN1,0.5702203
SLC25A20,0.570202
USP43,0.57019395
PLCE1,0.5701905
TSEN54,0.57018274
PRRT2,0.570173
SGMS2,0.57010245
RASA2,0.5700961
RPAP2,0.5700955
SEL1L,0.570094
SIN3B,0.5700829
RAB11FIP3,0.57007515
RPL23,0.570073
RNF216,0.5700682
RAPH1,0.5700523
PIK3R3,0.5700489
MRM1,0.57004833
SLC12A8,0.5700107
RUFY1,0.5700039
RAD9A,0.57000226
SACM1L,0.56994724
AASDH,0.5699352
RPL27A,0.56993425
PIGM,0.56992024
RPL15,0.569918
PRDX4,0.5699156
RAPGEF1,0.5698631
SYNE1,0.5698511
RNF20,0.5698332
PYCR2,0.56982094
CNGA1,0.5697337
ROCK2,0.5697171
RPS6KB1,0.5697044
RFC2,0.56969374
RPL11,0.5696608
PPP3R1,0.56957656
PEX26,0.5695582
RRM2B,0.5695553
RBM34,0.5695504
SEMA3C,0.5695162
RPA1,0.5695019
RPL27,0.5694638
PIGC,0.56944764
RPL7A,0.56943643
RRAGD,0.5694118
AP4M1,0.5693671
RPL8,0.5693407
PPP2CB,0.56930554
PAFAH2,0.5693011
RTF1,0.5693001
PDXP,0.56926906
RANBP9,0.5692676
VARS2,0.5692578
SMARCA2,0.5692537
RFC1,0.5692385
RCOR2,0.5692319
COL6A3,0.5692191
RAD51AP1,0.5692065
RNASEL,0.56918424
PRMT3,0.56917685
SEC24B,0.5691635
SAP30BP,0.56914544
QTRT1,0.5691413
RNF169,0.5691295
SEMA3A,0.56911683
SLC25A25,0.56909776
RPE,0.56909204
RAB18,0.5690898
PLEKHA3,0.5690826
PEF1,0.56907964
RABGGTA,0.5690663
RGS14,0.5690405
RNF38,0.56903386
PODXL2,0.56902933
PPWD1,0.569008
RPS6KA1,0.568973
RAD52,0.5689621
RFX5,0.56896067
SCLT1,0.56895465
SEMA4F,0.5689444
RNF135,0.5689314
RGS10,0.56885326
RGS1,0.56883687
REV3L,0.568835
RFX7,0.5688133
PIGV,0.568798
PIGT,0.5687806
RFFL,0.5687731
RPAP1,0.56874615
RAB21,0.5687393
RALY,0.56873506
PSMB2,0.56873006
PTAFR,0.5687216
TBC1D25,0.56870735
RMDN3,0.56869495
TCEA3,0.56868
RTEL1,0.5686508
RNF7,0.5686448
PCSK5,0.5685804
PGAP2,0.56856406
NLRX1,0.5685529
RCC1,0.56855
RPL3,0.56851184
RECQL,0.5685025
MAPK11,0.56848663
PRKAB2,0.5684452
RPL23A,0.5684396
SCLY,0.5684163
PGM3,0.56839275
RPL19,0.5683925
RPS26,0.5683369
ITGA8,0.568336
RPL7L1,0.5683246
PSMB5,0.568322
RIC8B,0.5683127
PYGO2,0.5683057
THBS2,0.56828064
TREX1,0.56827295
RPL26,0.56826997
RPRD1A,0.56826365
RPS27,0.56825984
SEC24D,0.56825227
SH3RF1,0.56823003
PTS,0.5682274
TAOK3,0.5681519
PPFIA3,0.5681251
STK11IP,0.5681048
RAB2B,0.56805134
SEC61A2,0.5680483
SLC9A3R1,0.5680109
NTN4,0.56798977
SETD2,0.5679825
SDC3,0.56796753
SLC12A9,0.5679654
RBM28,0.56795686
SNRNP48,0.56790054
SPARC,0.5678821
SDCCAG8,0.56787235
SAMM50,0.56787187
RICTOR,0.56786907
RANGAP1,0.56786644
RBM5,0.5678567
RSU1,0.5678316
POMT1,0.56782454
SENP1,0.5678183
SREBF1,0.5677894
PI4K2B,0.5677885
RB1CC1,0.5677728
RPL35A,0.56775504
RNF130,0.56773096
SCCPDH,0.5677117
SHMT2,0.56768143
RPF1,0.56765753
RAB11FIP4,0.5676534
SERPINE2,0.56764007
RBBP7,0.5676391
RPLP2,0.5675966
RHOBTB3,0.5675624
SEC62,0.56752557
PTPRF,0.56751704
PRKCD,0.5675147
RNASET2,0.56751406
RGL1,0.56747067
SH3BP4,0.5674495
NR1D1,0.5674237
RPS16,0.5674214
SCFD2,0.5674117
PRDM4,0.5673987
CYP7B1,0.56738484
RPN2,0.5673628
TBX19,0.56735414
RAB6A,0.5672414
PFAS,0.5672401
RPL29,0.56720996
REEP3,0.56720793
SLC7A6,0.5671999
RNF138,0.56719035
STX12,0.56718177
RARG,0.5671808
RPS6,0.56717914
UBL7,0.5671247
PPP4R1,0.5671174
RPL41,0.5670734
OPRL1,0.5670448
PHF12,0.5670395
NPHP3,0.56702983
RNF220,0.5670043
RPS6KA2,0.566994
RHBDF1,0.5669841
SAR1B,0.5669584
RPS29,0.56694627
PLS1,0.56693697
SF3B3,0.56692696
RNF103,0.5669102
RPL36AL,0.5669033
SERBP1,0.56689966
SPRED2,0.5668966
RPLP0,0.56688815
RFX2,0.5668671
NEB,0.56685126
RNF185,0.5668308
TMEM63A,0.5668239
RPGRIP1L,0.56681895
RFX3,0.5668038
RCSD1,0.5667799
TOR1B,0.56677514
SEPSECS,0.5667684
TAF9,0.56673217
SHQ1,0.5667292
RBM8A,0.5667189
RBP1,0.566715
RRP1B,0.5667
SAV1,0.5666904
SP100,0.5666841
STRADA,0.5666721
SCFD1,0.566672
PILRA,0.5666601
RARS2,0.56663185
PPP3CB,0.56663096
RBM42,0.5666189
SHMT1,0.5666048
RPL12,0.56659955
RPS21,0.566585
PSEN2,0.5665651
RABGEF1,0.5665304
PREX2,0.56651855
RPSA,0.5665122
AMT,0.56651115
TMEM67,0.56651026
PTGES2,0.56650764
SATB1,0.56648046
RNF34,0.56647646
SEC16A,0.56647336
RAD1,0.5664688
RPS8,0.5664527
SAFB,0.5664487
RPTOR,0.5664301
SMG6,0.566422
RAB24,0.56641614
RPS20,0.5664067
PLA2G12A,0.5664066
RPL34,0.56639916
SCNN1D,0.5663955
SLC6A9,0.5663877
SLBP,0.566379
RUFY3,0.5663516
RPL31,0.566346
RPRD2,0.56633806
PHKA1,0.56633246
RPL37,0.5663307
SMG1,0.56631064
RPS3,0.5662892
SMARCC2,0.56628346
PSMD4,0.56624675
RAB8B,0.5662414
RRS1,0.56622314
RPL32,0.56621677
ROR1,0.56618243
RELL2,0.56617063
RTN3,0.5661618
PPCDC,0.5661473
S100PBP,0.5661066
RUSC2,0.56609064
SMCR8,0.56608075
PLEKHG5,0.56602186
RPS17,0.5660206
TACC1,0.56599694
RPS11,0.5659603
SF1,0.56592965
ST8SIA4,0.5659086
RPS23,0.56588984
PPIH,0.5658864
SLC7A5,0.5658839
SLC25A12,0.56587034
RPS15A,0.56584865
RAB12,0.5658334
TOMM40,0.56582946
PDK4,0.56581604
NR5A2,0.56581354
RPS9,0.56577915
SESN1,0.56576943
SCUBE2,0.5657377
RBM17,0.56571776
RNPS1,0.5656839
RND3,0.5656795
SCARA3,0.5656744
SASS6,0.5656709
PPID,0.5656498
RCOR1,0.56563556
RAB40B,0.56561244
RSL1D1,0.56559694
SGPL1,0.56558967
RYK,0.5655484
SMPD4,0.5655334
RPS2,0.5655312
SERPINB6,0.5655223
SELPLG,0.565522
SNAPC1,0.56551373
SETD7,0.56549
SH3BP2,0.56548357
SH3PXD2A,0.5654687
RHBDD1,0.56546855
QSOX1,0.5654513
BAG2,0.5654511
RINL,0.5654479
SDAD1,0.56544083
RSF1,0.5654403
RPP38,0.5654331
RNF128,0.5654005
RRAGA,0.56535006
SEC24C,0.56532913
RNF5,0.5653204
RGS16,0.56531906
RTCA,0.5652774
CX3CL1,0.5652772
SMURF2,0.5652498
RNF8,0.5651682
SORL1,0.56516415
SYCE2,0.5651581
RANBP6,0.56515604
MAP9,0.56514806
POLR2C,0.5651433
AAMP,0.56513494
SCO1,0.5651336
STK4,0.5651245
RAB37,0.56510335
PSTK,0.56509036
MTRF1L,0.565089
RSL24D1,0.56506133
SBF2,0.5650593
SEC22A,0.56505376
RPS4X,0.56503874
RPS18,0.56501436
SNRPB2,0.5650143
RBBP8,0.5649772
SPTLC2,0.56497085
SH3GLB2,0.56494915
SCARB1,0.5649342
RANBP10,0.5648927
PDK2,0.5648887
RPL6,0.5648739
SPAG16,0.5648084
SNAP23,0.5647888
SF3B2,0.5647872
RCN1,0.5647605
RFC3,0.5647424
SEC63,0.5647401
REPS1,0.5647283
SNX5,0.5647026
RASGEF1A,0.5646802
TDRKH,0.56467694
RAB11FIP5,0.56466913
ZNF577,0.56466776
RPS5,0.5646669
RNF41,0.56466126
CASP1,0.5646433
UBE3D,0.56463426
SEMA7A,0.5646309
PLK3,0.5646178
SPATA5,0.56459135
TIMP3,0.56457704
PNPLA4,0.5645729
RCL1,0.5645593
SLC25A24,0.56455594
RPS15,0.56454206
SAMD8,0.5645201
PRICKLE1,0.56448644
SURF6,0.56446826
SFI1,0.5644162
ZNF354A,0.56441396
SRGAP1,0.56440204
SLC16A3,0.5643993
RNGTT,0.5643911
TMEM132A,0.56438327
RPL28,0.5643794
SCAP,0.56437904
THOC6,0.5643706
STAM2,0.56436944
ZNF614,0.5643545
RPS27A,0.5643504
NDN,0.564324
SCD,0.5642868
SESN3,0.56427896
SART3,0.5642784
PRMT6,0.56425595
RIOK1,0.56425345
RAP1A,0.56421196
RBBP6,0.5642076
RYBP,0.5642054
POMK,0.5641972
SNRPG,0.5641875
STK38L,0.56417906
RCOR3,0.5641728
RPA2,0.5641699
SERP1,0.5641638
SGMS1,0.56415987
RAB5A,0.5641232
SLMAP,0.564108
RNF125,0.5641006
SRD5A1,0.5640296
RRN3,0.56401104
SEMA6B,0.56401086
SCMH1,0.5639994
RPS19,0.563999
TMEM115,0.5639727
SDSL,0.5639659
RPS13,0.56395674
NUFIP1,0.56395626
RAD23B,0.56394035
RPS6KB2,0.56392735
RASSF2,0.56390184
SUGP1,0.5639014
SIRT6,0.56388915
SEH1L,0.56388557
SEC31A,0.5638447
RNF168,0.5638096
SNIP1,0.5637826
SMAD1,0.5637485
RNF40,0.5637397
PRKX,0.56371236
PIP5KL1,0.56368953
PUS3,0.56364715
SGPP1,0.56362844
KCNH2,0.56361943
SCNM1,0.5636031
SKP1,0.56359076
SERPINF1,0.5635849
SENP3,0.5635649
SREBF2,0.5635586
SPTBN1,0.56354827
RPL10A,0.56353384
SMAD7,0.5635216
SMYD3,0.56350565
RIMKLB,0.56348497
SARNP,0.56347364
TBC1D23,0.56344354
SEC14L1,0.5634239
NRN1,0.5633911
CARD6,0.56338644
SRF,0.56337625
RIC8A,0.5633724
SLC39A1,0.56337005
RCHY1,0.56336695
SLIT3,0.5633509
SP3,0.5633011
RAI2,0.5632948
SAE1,0.56329143
AACS,0.56328213
PRX,0.5632719
SMC4,0.5632633
SBF1,0.5632575
RMND5A,0.5632268
SNRNP200,0.5632266
SKAP2,0.5632156
SMC3,0.5631915
ST3GAL6,0.56318825
STXBP2,0.5631862
RBM45,0.5631391
SMURF1,0.5631375
REXO1,0.56311184
PLXNC1,0.5631092
SRP72,0.5630955
SPRTN,0.5630891
SERGEF,0.5630829
RBMX2,0.56307536
SLC27A5,0.5630624
BBS12,0.5630404
CD248,0.56303704
SREK1,0.5630148
SPRY4,0.5629904
RPL38,0.5629792
SLC30A6,0.56297296
PCDHB10,0.56296927
SLC2A1,0.56296617
SLC27A2,0.5629463
SH3PXD2B,0.5629231
PRKAB1,0.562914
TCP1,0.562912
NDUFAF4,0.5628836
TOX4,0.56288314
SUPV3L1,0.56287193
RPS12,0.5628495
SRGAP2,0.56283075
QRSL1,0.56280094
RPS7,0.5627953
SH2B1,0.56278217
UPP1,0.5627669
SPTAN1,0.56269735
RNF123,0.5626776
SESN2,0.56266177
SNX6,0.5626492
SPPL2A,0.562637
THOC5,0.5626278
OPLAH,0.5626049
SCP2,0.56260353
RNF25,0.56259876
RPS3A,0.5625743
SKAP1,0.56254125
TRIM32,0.5625249
SMDT1,0.5625045
SGK3,0.5624784
SUMO3,0.5624768
SRSF9,0.56246954
STK25,0.5624299
PLCH2,0.56242424
RTN4,0.5624131
SEMA5A,0.5624107
STXBP3,0.5623828
MOCS1,0.56236374
SNRPC,0.562307
ST8SIA1,0.5623069
SPNS1,0.5622871
TBPL1,0.56228137
SRRM1,0.56225723
TRNAU1AP,0.5622406
SNTA1,0.5622258
SLC39A7,0.56219447
NKD1,0.5621883
SNAP29,0.56217647
SYT11,0.56214195
SF3B4,0.5621037
SIK3,0.5620724
TIMM17B,0.5620694
REXO4,0.56205004
SORD,0.5620384
KCND1,0.562029
SLK,0.5620164
SECISBP2,0.56201273
TAPBP,0.56200504
SLC25A13,0.5619957
RHOU,0.56198376
STARD3,0.5619708
ZNF774,0.56196564
SLC25A22,0.5619502
TMOD1,0.56191087
SCAMP2,0.5619098
SLC25A28,0.56190574
TTK,0.56189823
SPDYA,0.5618979
TIFA,0.56185544
TIAM1,0.56184715
RXRA,0.56184024
MLPH,0.56183386
TOP2B,0.56181407
SIL1,0.5617961
TMOD2,0.56178534
SP1,0.56177473
VAMP3,0.5617704
SCNN1A,0.56175965
RAB33B,0.56174546
SNRPD1,0.5617418
NR2C2AP,0.5617291
HSPA6,0.56172615
SSH3,0.56171596
SSBP2,0.5617039
TRIM39,0.5616904
SETDB1,0.5616693
SNRPD2,0.56160265
SMAD6,0.5615962
CYP27A1,0.56157506
TGFBRAP1,0.5615636
TBC1D15,0.5615578
SLC44A2,0.5615493
STARD13,0.56152713
SLC7A11,0.56152546
TBC1D13,0.5615046
SSBP1,0.5614984
TUBD1,0.56149197
SCAF1,0.5614899
RNF114,0.561484
SYNJ2,0.56147784
SENP6,0.5614589
SIN3A,0.5614489
SKA1,0.56144696
SEPHS1,0.5614464
CD34,0.5614462
SERINC3,0.56143373
SAFB2,0.5614246
RRP12,0.5614208
STXBP4,0.56141883
TRIM11,0.5614185
TAZ,0.56141675
CDK5,0.5613981
PDZD11,0.5613947
SPTLC1,0.56138927
TBC1D32,0.56138253
TTC37,0.56136924
SNRPB,0.5613247
STRIP2,0.5612985
SPAG9,0.5612893
S100A11,0.5612621
STK40,0.56125396
RUVBL1,0.56123203
SETD6,0.5611784
TAMM41,0.56117314
SDCBP,0.5611633
RUSC1,0.56115806
SH3D19,0.5611528
TAF8,0.56114936
SLC19A1,0.5611083
SLC1A1,0.5611031
ZNF764,0.56110275
DUOX1,0.5611016
SETX,0.5610971
NRL,0.5610588
ST3GAL3,0.5610541
SPG21,0.5610339
RRP8,0.5610285
TIMM21,0.5609907
S100A6,0.56095093
TRPC6,0.5609501
SAP18,0.56092167
SLC11A2,0.56092125
SNTB2,0.56088275
MMAA,0.56083846
ZSCAN32,0.5608349
RASSF8,0.5608283
SPATA13,0.56082726
PRPF18,0.5608263
POGLUT1,0.5608255
TXNRD2,0.56078106
SPINT1,0.56075346
RHOB,0.5607534
SLAIN2,0.5607255
SHISA5,0.56068146
RIOK2,0.5606475
SMARCC1,0.5606309
SCAMP1,0.5606287
ZNF335,0.56062645
SMC6,0.56060976
TBCEL,0.56059796
SF3A3,0.5605707
SNX18,0.5605684
RALGAPA2,0.5605566
RRP9,0.5605557
RCAN2,0.5605369
SRR,0.5605349
SFSWAP,0.56052643
SORT1,0.56052274
ZNF460,0.56051
SYNGR1,0.56050116
SRP9,0.5604829
TADA2A,0.5604705
SKIL,0.56044054
UBA5,0.56042653
SUV39H2,0.56041914
SEC11A,0.5604086
PIWIL4,0.5603406
AAK1,0.5603263
SLC26A6,0.5602953
SOAT1,0.56026477
SEMA3F,0.56026155
SNAP47,0.56025064
SETD1A,0.5602412
PCDHGA6,0.56023234
PRPF31,0.5601963
TBC1D1,0.5601263
SPTBN2,0.56012416
TPMT,0.56011873
SOCS5,0.56007177
SH2B2,0.56003624
RIOK3,0.56003433
MYO15A,0.56002015
RHOT1,0.56001043
SMOX,0.55998755
PLCD4,0.5599634
SULF1,0.5599376
SRI,0.55990154
TBCB,0.55983204
RAB6B,0.55982995
SEC23A,0.5598163
ROCK1,0.5598059
RNF111,0.5597923
RIPK1,0.55979216
ARL4A,0.5597815
SIKE1,0.5597797
TRIM25,0.5597768
SRSF5,0.5597712
SUPT20H,0.55976224
RUVBL2,0.5597486
TIAL1,0.5597449
TGIF1,0.5597427
SORBS3,0.55974203
SDC2,0.5597062
SRPK2,0.5596744
ST6GALNAC4,0.55965215
SLC3A2,0.55964106
RPUSD4,0.55961937
TAOK2,0.5595979
TIMMDC1,0.55957985
RNMT,0.55953425
SMCHD1,0.5595042
TMEM11,0.559492
TNKS2,0.5594846
SCD5,0.55943686
TRMU,0.5594343
RASGRP3,0.5594196
SV2A,0.5594152
SZT2,0.55939835
PEX10,0.5593921
TFDP1,0.55934495
SPHK2,0.5593433
TMED3,0.5592946
RXRB,0.55929184
SNAPC3,0.5592769
TRIP13,0.5592544
ST13,0.55924845
SPTSSA,0.5592215
SMAP1,0.55921096
SNX2,0.5591845
SLC7A7,0.55917174
TRRAP,0.55916494
SSH2,0.55914056
ZNF221,0.5591395
RCE1,0.5591383
SURF1,0.55912715
SDC1,0.5591265
STAT1,0.55910075
RSRC1,0.5590912
SMUG1,0.5590863
SKA2,0.55907726
TIMELESS,0.55907273
TPD52L1,0.5590593
RING1,0.55905914
RPIA,0.5590545
SLC9A1,0.559053
ZNF71,0.55903095
SEMA6A,0.5589958
RHOQ,0.5589933
PTGS1,0.558984
ST3GAL4,0.5589485
TMC6,0.55894595
RPP30,0.5589233
SEC13,0.5589187
SLC1A5,0.55889565
MED11,0.5588732
SARM1,0.5588475
SPIRE1,0.5588328
SPPL3,0.55882925
TAF5,0.5588147
SRP68,0.5588087
RBPMS2,0.5587906
TDRD3,0.5587461
RRP1,0.55870813
RNF144A,0.55868906
SLC2A3,0.5586771
RCAN3,0.5586756
SMARCA5,0.5586675
TBC1D10B,0.55866385
SEC61A1,0.5586614
TERF2IP,0.5586563
TSFM,0.55864465
SLC1A3,0.5586374
STAU1,0.5586192
REPS2,0.5586034
SLC35E3,0.5585997
ZKSCAN3,0.55859315
THEM4,0.5585919
TAF4B,0.5585535
SLC9A3R2,0.55854297
STOM,0.5584952
SYTL4,0.55845696
TICRR,0.5584544
ZNF101,0.5584257
TNKS1BP1,0.5583935
SRSF4,0.5583654
PPIL4,0.55835384
SLC35B1,0.5583329
VAMP4,0.5583231
SENP5,0.5583059
SYTL2,0.5583028
SMC5,0.5582893
SMARCAL1,0.55828696
UCK2,0.5582479
SPAST,0.55822986
WDR36,0.55822724
SEC23IP,0.5582089
SIK2,0.55820763
TRAPPC5,0.55816716
STK36,0.5581654
SEC24A,0.55815583
TCERG1,0.5581527
SNW1,0.5581404
TOR4A,0.5581234
SHC1,0.55807215
SKA3,0.5580619
SMU1,0.5580583
SPIN1,0.5580538
ZNF140,0.55802447
TBK1,0.55802417
TAF11,0.5579928
WDR3,0.5579875
SURF4,0.55797887
NDUFAF1,0.55796444
STAG3,0.5579588
TIMM23,0.5579495
SEC22C,0.557936
SMG5,0.5579293
PMM1,0.5579223
SSBP3,0.55790424
TBC1D8B,0.55789673
TRIM35,0.5578887
TLE3,0.5578809
SNCA,0.5578281
TFAP4,0.55780905
SRM,0.557805
PORCN,0.5577975
SMG7,0.5577927
USP35,0.55778706
TYRO3,0.557773
SRRM2,0.5577563
THOP1,0.5577383
STAT5A,0.55772114
SLC35B2,0.5577143
SLC27A1,0.5577083
SLC25A17,0.55768156
TUBGCP6,0.5576797
SF3A1,0.5576757
TIMM17A,0.55766106
TGM2,0.55759037
STRN3,0.55756104
TBL3,0.55752474
SUN1,0.557497
SRCAP,0.5574896
TAOK1,0.5574087
SMS,0.55740243
RAP2C,0.5573021
THOC1,0.55728215
TACC3,0.5572495
SEMA4C,0.5572444
TK1,0.5572297
STK3,0.55722004
STX7,0.55720353
CLDN11,0.55718106
TP53BP1,0.5571734
SENP8,0.55717295
SPG11,0.5571648
SOD1,0.5571442
STK38,0.5571314
THRA,0.55710113
SERPINH1,0.557093
AQP1,0.5570454
ZNF251,0.557008
TRAPPC12,0.55698305
STRIP1,0.5569784
SLC25A38,0.55697244
SNRPA,0.5569678
SH3GLB1,0.55696565
SNX13,0.55693877
TRIT1,0.5569177
UBAP1,0.5569092
RNASEH2B,0.5569023
SERINC5,0.5568965
TAF1,0.556886
TCTN3,0.5568787
RTCB,0.55687183
ZNF217,0.5568663
TBC1D5,0.55686396
TEAD4,0.55684406
TM2D1,0.5568316
SRSF10,0.5568038
ZNF600,0.5567813
SHPRH,0.55677086
SNRPA1,0.5567673
SPCS3,0.55676264
TPCN2,0.55666816
SLC25A5,0.5566633
TNXB,0.5566395
SRSF11,0.5566338
PPP2R3A,0.55661416
RGL2,0.5566109
SNRNP70,0.5565971
TSR1,0.55658895
SEC31B,0.55657804
SART1,0.55653924
RNF14,0.5565311
SOCS6,0.5564957
TGFBR1,0.5564842
ZNF567,0.55645084
RPS6KA4,0.5564448
TROAP,0.5564438
SNX33,0.55643094
SIRT3,0.5564185
SMYD4,0.5563905
SYNE3,0.5563272
SOS2,0.5563263
RPL21,0.5563238
TBCD,0.556306
SPSB1,0.55630445
CFB,0.5562677
TAB3,0.5562589
TGM1,0.55625254
TRIM46,0.55624074
RRAGC,0.55623865
TNFRSF10D,0.5562362
TFCP2,0.55618286
SUOX,0.5561767
RHBDF2,0.55616856
VPS18,0.5561657
TAF1D,0.55615705
TNS3,0.556157
STAT2,0.5561487
TADA3,0.55613697
SUGT1,0.55613685
TEAD2,0.5561215
TIMM8A,0.5561164
RGCC,0.5560989
THADA,0.5560842
TFAM,0.55606526
SQSTM1,0.5559682
SSH1,0.5559624
SPRED1,0.55595833
STK24,0.55593413
TALDO1,0.55591255
TPGS2,0.5559075
TRAIP,0.5559036
UBA2,0.55589044
ZNF664,0.55588675
TPK1,0.5558813
TIMP2,0.5558733
SNRNP40,0.55585515
ZNF283,0.55585414
TAF2,0.55583966
RNASEH1,0.55583334
TEAD1,0.5558196
SEMA5B,0.5557877
TMED7,0.55578524
SRSF1,0.5557671
TAF6,0.55571115
SNX8,0.5557101
TNRC6A,0.5556911
TNK2,0.5556701
ST3GAL1,0.5556572
SSR1,0.55562705
VPS8,0.5556125
SH3KBP1,0.5555758
SLC25A3,0.5555676
SHOC2,0.55555195
TES,0.555486
TNFAIP8,0.55548567
UQCC2,0.55545825
SUMF1,0.55545574
PTPRO,0.55544835
STX17,0.55540717
SPR,0.55538327
SSR4,0.5553816
TMEM126B,0.5553484
SHROOM3,0.5553446
TPRN,0.555314
STAMBP,0.5552956
SPN,0.55528533
ECE2,0.55526835
SOCS3,0.5552615
SNX4,0.55525154
STEAP3,0.5552351
TMED4,0.55522436
SLC25A26,0.55522245
UBAC2,0.55520624
TRIM44,0.5551965
SPIRE2,0.5551932
SRP14,0.55518585
TNRC6B,0.5551841
TAF1C,0.55517954
UBQLN4,0.555179
PSENEN,0.5551717
TMC8,0.5551693
TDP2,0.5551616
SYNRG,0.55510616
SSR3,0.55510294
STX4,0.55509984
TARDBP,0.5550583
TNFRSF10A,0.5550534
STIP1,0.55505335
RWDD3,0.5550474
STT3B,0.55502105
SPIDR,0.55498165
TERF2,0.55494595
PNPLA7,0.5549363
KTI12,0.5549355
TNFRSF1A,0.55492675
UCHL5,0.5548986
MS4A4A,0.5548663
SNAPC2,0.5548465
PSMA2,0.5548025
PBLD,0.5548019
TBXAS1,0.55478615
TANK,0.5547411
RRAS,0.5547407
SNRPD3,0.5547341
USP7,0.55472887
UBAC1,0.55471575
TSPAN33,0.5546758
TTL,0.55467373
RRP36,0.5546326
TUFM,0.5546171
TFDP2,0.5545828
SIVA1,0.5545807
TRMT11,0.5545601
TNFRSF10B,0.5544984
RPS6KA5,0.55449104
ZNF530,0.5544838
TARS2,0.5544706
SNAPC5,0.5544169
TGFBI,0.554383
SRPK1,0.5543415
ZNF641,0.55432415
TYW3,0.55431795
TRAK1,0.55430484
TTC12,0.554263
STIM1,0.5542376
TPX2,0.5542181
TUBGCP5,0.5542181
TNFRSF12A,0.5542043
SHARPIN,0.55419713
RPL26L1,0.55419534
AGMAT,0.5541869
SNX17,0.55416745
TUBA4A,0.5541583
TMEM187,0.5541199
TBC1D2,0.55410755
TAF5L,0.55410045
SWI5,0.5540964
TCF7,0.55406195
STX6,0.55404454
S1PR4,0.55404234
SNF8,0.5540409
STRN4,0.55402833
TPI1,0.55401057
UGP2,0.5539517
UBE4B,0.5539304
SUPT16H,0.5538863
TRIP12,0.5538705
SIAH1,0.5538654
ALS2CL,0.5538485
RAB42,0.55383694
ST3GAL2,0.55383444
IL17RB,0.5538331
PTH1R,0.5538223
USP45,0.5538212
STUB1,0.55381405
TBC1D4,0.55375373
TBL1X,0.5537462
TBC1D20,0.5537179
SSX2IP,0.55369365
ZNF623,0.5536837
STON2,0.5536505
SLC15A4,0.5536264
STT3A,0.5536143
USP25,0.55361044
SNAPC4,0.5536007
ZDHHC8,0.5535658
TTF2,0.55353206
VPS25,0.55351555
UBE2F,0.5535118
SF3B5,0.55349094
VPS54,0.5534579
TRIP6,0.5534375
SRGN,0.5534364
ZFYVE16,0.55343586
STIM2,0.55342674
SLC4A2,0.55342567
TLN1,0.5533787
WDR43,0.55336434
ZNF555,0.5532888
TTF1,0.55326164
MPP1,0.55325836
PEX12,0.5532239
TCIRG1,0.5532171
SLC44A1,0.5531846
SQLE,0.55317754
SOS1,0.553172
TRAPPC2L,0.55316925
TRAF3,0.5531425
TMED2,0.55313563
ZNF480,0.5531305
ZNF302,0.55311716
ZNF429,0.5530626
MST1,0.55305415
SKIV2L,0.55302805
TRAPPC4,0.5530161
RIN1,0.5530068
TULP4,0.5530004
STRAP,0.5529964
LRP2BP,0.5529918
TMOD3,0.5529788
THOC2,0.5529493
TTI1,0.552947
TNKS,0.5529363
TOMM7,0.55292904
LRRC6,0.5529248
TRIP10,0.55291396
SSBP4,0.5528832
ZNF451,0.55287474
TAF3,0.5528701
RPP25L,0.5528561
SPOPL,0.5528539
SOX4,0.5528427
TRAPPC9,0.5528026
TOP2A,0.5527831
ST6GAL1,0.5527651
TLE4,0.5527522
VGLL3,0.5527355
TLN2,0.5527286
SPAG5,0.552723
TSPAN14,0.5527175
TYSND1,0.55270725
TMBIM6,0.55269986
USP19,0.5526984
TOP3A,0.55267674
SUCLG1,0.5526704
SLAMF1,0.5526398
YTHDC1,0.55263466
VAC14,0.55262625
PER2,0.55260086
SSU72,0.55259275
RTN4R,0.55256253
TRAPPC10,0.5525393
TIPIN,0.5525345
SLC18A2,0.552512
TANC1,0.5524857
SPDL1,0.5524125
LHX6,0.55240905
RHOBTB2,0.5523978
UBR1,0.55239576
RDH10,0.5523892
SNRPE,0.55238694
SPOP,0.55234563
WDR83,0.55230427
TBC1D14,0.55225897
STARD10,0.552231
USO1,0.55221
SIPA1,0.5521945
TRIM3,0.55217814
SUPT6H,0.5521704
SUPT3H,0.55216736
TRPM7,0.55215967
SYMPK,0.5521488
TATDN2,0.55212754
TMSB4X,0.55210394
TMEM70,0.55208856
RTKN,0.5520716
TOR1A,0.55205643
SEC61B,0.55200917
WNT5A,0.5519595
TXNRD1,0.5519384
TRIO,0.551903
TBC1D24,0.5518854
ZNF430,0.551872
ZNFX1,0.5518681
STARD4,0.5518638
TJP1,0.5518486
VAV3,0.55184835
RAP2B,0.5518151
RAG1,0.55181503
ZNF18,0.5518025
PTGER4,0.55179316
NGFR,0.5517906
TSN,0.55175424
SMARCAD1,0.5517315
UAP1,0.55168605
TMPO,0.55168164
SORBS1,0.551671
TKT,0.55166936
TRAF3IP2,0.5516589
TIPRL,0.5516322
ZNF589,0.5515998
HSD11B1L,0.55158865
TRIM6,0.5515522
TMEM107,0.551538
SNX3,0.5515287
TCEAL1,0.55152273
WDR59,0.5514658
STX16,0.55145705
UQCC1,0.55144376
THUMPD1,0.5514436
TOM1,0.5514421
TOR1AIP2,0.55144155
TNPO3,0.55142796
TAF4,0.55142385
TRPC4AP,0.55141973
UBR4,0.5514134
TGIF2,0.55140114
SUPT7L,0.55135435
MYLK4,0.5513091
TRAPPC8,0.5512931
SOCS7,0.5512927
TAP2,0.55128366
VCPIP1,0.55126905
STK35,0.551251
STK39,0.55123556
TLR7,0.55123246
TRAP1,0.55122143
TUBGCP2,0.55120575
VKORC1L1,0.5512026
RMDN2,0.5511811
TRPS1,0.55117166
TRAF3IP1,0.55115795
TRIM23,0.55113465
TRIP4,0.55110806
SEMA4B,0.55109054
TAB1,0.5510826
VPS37C,0.55100226
UBE3A,0.5509709
TEX264,0.5509293
SUPT5H,0.5509197
SAT2,0.55091846
SPSB2,0.5509102
UBE2Q2,0.5508821
UNC45A,0.5508744
WBP1,0.5508604
SUMF2,0.550821
WDR4,0.55081975
TRIM37,0.55081177
PLEKHG6,0.55079854
TRAF2,0.55079496
ZC3HC1,0.5507865
UBA6,0.5507767
TAX1BP1,0.55077046
VPS52,0.55076957
SRA1,0.55075365
ZNF721,0.5507135
SMYD5,0.5506906
TAP1,0.55067605
TRIM22,0.5506686
TMED1,0.55065286
ZNF836,0.55064917
TCTN1,0.55064064
STX10,0.55060774
PANX2,0.5506074
SRRT,0.55059123
UROD,0.55057174
SUMO1,0.55054927
TUBA1B,0.55053085
ZNF670,0.5505215
ZNF200,0.5504974
TOP3B,0.5504947
USP9X,0.5504841
WLS,0.55047494
ZNF2,0.55046856
NDST2,0.55046266
USP15,0.55045116
TPST1,0.55044997
SLC44A4,0.5504293
RRM1,0.55039996
URM1,0.55039126
TRIM28,0.55038404
SIAH2,0.5503785
RAC3,0.5503727
TNFRSF1B,0.5503546
XRN1,0.55034655
SYNCRIP,0.5503155
ZNF620,0.5502985
ZNF394,0.55027646
TFB1M,0.5502666
TONSL,0.55023557
USP20,0.5502303
U2AF1L4,0.5502075
TYW1,0.5502018
AAAS,0.5502016
TMEM97,0.55017376
ZNF286A,0.5501366
TRPC4,0.55012614
SERPINB9,0.5500883
VTI1B,0.5500768
TEX10,0.5500566
UBE2M,0.5500483
ZBTB8OS,0.5500428
SMARCA1,0.55002546
ZYG11B,0.5500109
TUBB,0.55000556
YBX3,0.54999554
WDR5,0.5499786
TLE1,0.54997593
TTYH3,0.54995656
PYCARD,0.54993254
TDP1,0.54990107
TELO2,0.5498947
SVIP,0.5498557
THAP4,0.54985243
UIMC1,0.549843
SWAP70,0.5498353
TRA2B,0.5498178
SMPDL3A,0.54980284
SAT1,0.54979396
TAF7,0.5497901
SYNE2,0.5497627
CHST7,0.5497569
TUBB2A,0.54973227
VPS4A,0.54970556
SRSF6,0.5496513
ROBO3,0.54963917
TRIM26,0.54962254
PTPN22,0.54960716
SYF2,0.54959446
ZNF136,0.54958755
UBE2G2,0.5495843
STX18,0.5495806
UBE2J1,0.5495527
XPO7,0.54953545
ZNF684,0.54950464
TUBB4B,0.5494988
PELI3,0.5494519
UPRT,0.5494367
TMEM179B,0.5494351
STC2,0.5494257
TESK1,0.54940337
TPCN1,0.54940045
ZNF124,0.54939276
TRUB1,0.54938483
TOB1,0.54937464
UBAP2L,0.54934245
TRA2A,0.54932517
TRADD,0.5493178
C5,0.54931265
TAF1B,0.549308
UQCRQ,0.54927295
UFL1,0.54922754
TMED5,0.5492088
VMA21,0.54919845
MSR1,0.54919803
TRIB3,0.5491913
UGCG,0.54918337
TRAFD1,0.5491778
SYDE2,0.54907423
UBE2E2,0.5490713
TXNIP,0.5490621
STOML2,0.54903954
TEAD3,0.54901
ZNF300,0.5489882
WDR35,0.5489861
WASL,0.54897547
WWC1,0.5489143
BEST1,0.54890615
UBC,0.54889065
DLL1,0.54886824
STX5,0.54885066
TRPC1,0.54874414
DCN,0.5487436
UST,0.54872924
UNC119B,0.5487089
TEK,0.5487006
ZNF254,0.5486978
UBE3C,0.5486953
SPCS2,0.54868084
TSC22D3,0.54867125
TCF7L1,0.54860467
TP53RK,0.54857355
VAV2,0.54856265
TBKBP1,0.5485436
TSNARE1,0.54849756
UNK,0.54849327
UBE2E3,0.5484902
TPT1,0.5484265
UNC5B,0.5483925
TICAM1,0.5483831
THY1,0.54837626
SMC2,0.5483658
UNC119,0.5483583
ZNF701,0.54834956
XPR1,0.5483473
WDR55,0.5483112
TST,0.548271
TRAPPC6B,0.54825354
SNRNP27,0.54822224
TOB2,0.54822165
SGCB,0.54818827
SLC12A2,0.5481789
SLC27A4,0.54814905
TP53INP1,0.5481365
UCKL1,0.5481285
BHLHE41,0.5481256
TCTN2,0.54812366
ZNF33A,0.54810345
WBP11,0.5481031
UBA52,0.5480791
U2AF2,0.548075
YWHAH,0.54807234
WDR77,0.54806536
VPS28,0.5480525
ZNF638,0.5480389
SEC23B,0.54803854
STARD8,0.5479905
SPTLC3,0.5479443
SPTBN4,0.5479158
UBE2G1,0.54790455
USP47,0.54785854
XRCC4,0.5478316
ZNF274,0.54782623
CLEC7A,0.54781413
ZNF506,0.5478108
UBA1,0.54777557
ZNF354C,0.54776937
ZNF160,0.54773414
ZNF770,0.54772747
WDR46,0.5477019
UBE2R2,0.54769474
TTC7B,0.54766786
TXN,0.5476502
USP48,0.5476231
ZNF143,0.54758435
SLC5A6,0.5475839
SLC35D1,0.5475579
TPRKB,0.54752487
TRERF1,0.54752177
SYVN1,0.5475094
SLAMF7,0.54750603
WRNIP1,0.5474978
UBE2V2,0.54747975
TRIM56,0.547452
ZNF493,0.547429
WSB2,0.5473888
TPM1,0.5473764
TADA1,0.54735446
UBXN7,0.5473418
WDR48,0.54734135
ZFPM1,0.5473253
UBE2D3,0.5473149
ZNF182,0.54730475
WNT5B,0.54729027
SMPD2,0.5472892
ZBTB7B,0.547286
WWP1,0.54724133
VPS37A,0.5472409
YARS2,0.54723024
WDFY2,0.5472138
WDR33,0.5472133
UBXN6,0.54720575
SRPRB,0.5472055
SH2B3,0.54719496
TRUB2,0.54706913
UBE2D4,0.54706734
WAC,0.5470645
ZNF808,0.5470543
SRSF7,0.5470438
TMEM258,0.547042
TNPO1,0.54703945
STARD3NL,0.5470232
WDR6,0.54700977
SSB,0.54699904
WIPF2,0.5469972
WDR11,0.5469709
ZDHHC7,0.5469602
TNPO2,0.54695517
TUBGCP4,0.546933
WDR75,0.5468821
TIMM13,0.546881
ZKSCAN1,0.54686713
ZFC3H1,0.5468573
UHRF2,0.54682714
RIPK2,0.5468071
TRIM2,0.5467907
UBE2T,0.54678154
TRMT6,0.54677063
ULK2,0.5467461
UBQLN2,0.54671264
TFIP11,0.5467125
USP37,0.5466989
TAGLN,0.5466879
TMED10,0.546676
TGS1,0.5466698
TEFM,0.5466557
TNFSF13B,0.5466515
WDR37,0.54664993
TTLL12,0.5466212
SEPHS2,0.5466184
TRIP11,0.5465855
USP33,0.54657423
SPAG7,0.546528
USP22,0.5464944
WSB1,0.54647255
SUPT4H1,0.5464529
TIA1,0.5464374
UBE2D1,0.5464347
ZMAT2,0.54642457
WASF1,0.54638904
UBE2S,0.54636896
SHPK,0.54636663
USP10,0.5463648
U2SURP,0.54633373
VPS26A,0.5463309
UBE2H,0.5462944
TRAF4,0.54626805
SH2D3A,0.54623944
VPS41,0.5462354
TXK,0.5462291
UTP18,0.5462164
UBE2E1,0.5461784
ZNF586,0.54615617
SNRNP35,0.54607284
ZRANB3,0.5460527
USP28,0.5460419
UCK1,0.54603845
TARBP2,0.5460178
ZNF57,0.54600316
TXNL1,0.54598695
SPRY2,0.54596764
TOMM20,0.5459676
TTBK2,0.54594517
USP6NL,0.5459186
ZNF44,0.5459046
TTC27,0.54590374
ZNF107,0.54589385
ZNF778,0.54588753
WBP4,0.5458857
ZNF248,0.5458824
UBE2A,0.54582894
VAMP1,0.5458285
TTC21B,0.5458226
TRIOBP,0.5458001
WDR70,0.5457814
XRN2,0.5457521
TPD52,0.54573554
XPOT,0.54572743
TWF2,0.54571635
UBQLN1,0.54570216
TNIK,0.5456862
XPO5,0.5456591
THAP1,0.54564995
UBA3,0.5456392
USP1,0.5456319
UGGT1,0.5456297
TOPORS,0.54557335
TDRD7,0.54557097
VCL,0.5455411
UBE2C,0.54553854
USP5,0.5455362
TLR6,0.5455102
SYNGR2,0.5455011
UBA7,0.5454978
TUBGCP3,0.5454779
ZFYVE26,0.545465
TECPR1,0.54544747
TSEN2,0.5454207
SGSM3,0.5454184
TJP2,0.5454173
TUBA1A,0.54531986
UPF1,0.5452703
ZNF426,0.54526633
SPI1,0.5452511
UNC13B,0.54521865
XAB2,0.54520607
TUBB6,0.5451984
ZNF253,0.54517883
SPSB3,0.5451516
USP39,0.54514617
WDR18,0.54514456
YBX1,0.54514337
TOMM40L,0.5451233
ZC3H13,0.5451187
WASF2,0.5451113
UPF3A,0.5451011
USP32,0.5450685
ZNF100,0.54505557
TAF12,0.5449996
TRAPPC3,0.544945
TRMT1,0.54494286
ZDHHC9,0.54493904
ZNF211,0.5449213
UBE2L6,0.5448698
TGOLN2,0.5448503
ZNF461,0.54483825
ZNF79,0.5448138
TERF1,0.54479676
TIAM2,0.5447954
TXN2,0.54478294
ZNF41,0.5447706
RPP40,0.54471743
TNFRSF21,0.544666
TINF2,0.54466283
VPS53,0.54461545
WNK1,0.5445987
SLU7,0.5445923
TECR,0.5445764
SRP19,0.5445678
TRIM62,0.54452264
XRCC2,0.5444624
TRMT61B,0.54444224
TNIP2,0.5444408
UBE2Z,0.5444406
USP34,0.5444157
TMEM214,0.54437155
USP49,0.54434764
ZNF674,0.54434603
WBP2,0.5443021
YY1AP1,0.54429376
TSPAN5,0.54428685
ZNF284,0.54427457
TOMM34,0.5442437
ZNF621,0.5442251
THAP7,0.544217
TUBA1C,0.5441979
ZNF112,0.544186
SETMAR,0.54417557
TRIM69,0.5441157
ZNF207,0.54406905
SLC35A1,0.5440457
TMEM30A,0.5440129
USP12,0.54399943
UFM1,0.54399717
UBXN1,0.5439485
TP73,0.5439181
VEGFB,0.543913
UBE2W,0.5438998
TCEA2,0.5438632
WDR41,0.54380184
UNG,0.54380065
USP4,0.54373705
ZNF212,0.54372555
USP3,0.543722
TEP1,0.5436966
UVSSA,0.5436743
ZNF510,0.5436683
ZNF282,0.5436678
ZNF592,0.5436293
PPFIA4,0.5435754
UBE3B,0.543544
TBC1D17,0.5435371
YIPF2,0.5435227
TBCC,0.5434749
SYT7,0.5434327
ZMPSTE24,0.5433788
VIM,0.5433713
TBC1D10A,0.54335773
ZFAND6,0.5433075
PTGER2,0.5432963
VAPB,0.54325396
ZNF224,0.54320437
TSPYL2,0.54319346
ZRANB1,0.54317254
TRMT5,0.54314995
SIRT5,0.5431471
WDHD1,0.5431461
ZNRF2,0.5431079
SLC39A4,0.54310334
TTC5,0.5430935
WNT2B,0.5430891
ZW10,0.5430819
TXLNA,0.54303944
UBXN4,0.5430128
TET2,0.54290617
SLC25A14,0.54290074
WIPI2,0.542886
YEATS2,0.54286
UHMK1,0.54284805
ZNF516,0.5428427
TUBG2,0.54277545
XRCC5,0.5427646
UCP2,0.5427605
UQCRC1,0.54274654
ZNF10,0.5427427
WDR45,0.5427334
ZNF7,0.5426908
ZMIZ1,0.5426304
TOLLIP,0.5425829
TBC1D16,0.54254943
ZNF398,0.5425454
UGDH,0.54249656
USP14,0.542486
ZCCHC7,0.542484
GIMAP8,0.5424807
VPS11,0.5424526
ZFP36L2,0.54245096
ZNF552,0.54238325
UBIAD1,0.5423466
ZNF175,0.54232675
UPF3B,0.54232407
SPICE1,0.5422719
TM2D2,0.5422709
TMED9,0.54224014
YEATS4,0.5421759
XPO6,0.5421526
SPAG4,0.54214317
WDR61,0.5421206
ULK1,0.54211265
UBE2K,0.54208297
UQCRC2,0.542022
UNC13D,0.5420123
UVRAG,0.5419751
TFB2M,0.541975
VPS51,0.5419745
VMP1,0.5419623
ZMAT3,0.54192114
ZC3H15,0.5418836
ZNF131,0.5418789
ZNF496,0.5418584
WDR1,0.54182786
YIPF6,0.54176766
STX2,0.54171056
ZNF462,0.5416676
TM6SF1,0.54165816
SARS2,0.54165626
TRIM13,0.5416409
UFC1,0.5416324
YOD1,0.541624
SYTL1,0.54161906
ZMYND8,0.54160345
ZNF235,0.5415872
WDR19,0.54157126
ZFP36L1,0.5415502
ZNF529,0.5415318
RILP,0.54153097
TSNAX,0.5415067
TAF1A,0.54150397
ZNF84,0.54149085
RASGRF2,0.54148924
ZNF133,0.5414742
TTC30A,0.5414698
ZNF823,0.5414488
VDAC2,0.5414414
STAT4,0.54136956
ZNF765,0.54136115
XPO4,0.54133856
TM7SF2,0.541325
UBL4A,0.5412806
CYSLTR1,0.5412639
ZMYND11,0.5412437
TRPV2,0.5412419
SMAD9,0.54121935
TRAM1,0.5411909
ZNF337,0.54117864
STX8,0.54114336
SEMA4A,0.54113984
TMEM50A,0.54113936
WHAMM,0.54113173
ZNF710,0.5411224
TDG,0.54109836
ZNF180,0.5410418
YAP1,0.5410085
FDXACB1,0.54099196
YRDC,0.54092497
ZNF431,0.5409187
SURF2,0.5409169
ZYX,0.540901
ZNF195,0.54087037
UCHL1,0.5408164
YAF2,0.5407995
ZKSCAN7,0.5407885
VAPA,0.54072106
ZNF354B,0.5406543
SLC2A8,0.54061955
TMEM216,0.5405937
YES1,0.54059327
TIMM44,0.5405913
YWHAZ,0.5405564
VAMP2,0.54052633
TRAPPC6A,0.54050684
ZNF266,0.54046524
WDR62,0.5404638
ZNF76,0.54045475
UBE2J2,0.54044455
ZNF766,0.5404439
VTA1,0.54042876
YWHAG,0.5404064
EXOC3L1,0.5404056
SARDH,0.5403774
ZNF562,0.5403712
TRIM36,0.540359
ZNF92,0.5403116
STAP2,0.54029757
ZKSCAN4,0.5402953
UQCR10,0.540226
VDAC1,0.54021233
VGLL4,0.54020196
YTHDF1,0.540194
VRK1,0.5401812
SYDE1,0.5401706
ZNF250,0.54014385
UQCRH,0.5400941
WDFY3,0.5400937
ZIK1,0.54004544
TSSC4,0.5400323
TRO,0.5400298
YIPF5,0.5400255
TXNL4B,0.54000235
TUBG1,0.539973
UBE2Q1,0.5399446
UBXN2A,0.53993225
COL5A3,0.53987545
TRIM14,0.5398685
SIRT2,0.53985786
ZNF227,0.5398224
WDR81,0.5397771
VASN,0.53958267
UTRN,0.53956276
TYK2,0.53955346
ZNF678,0.53952867
TRMT10C,0.5395264
YY1,0.53951144
ST14,0.53950405
STRADB,0.5395017
YME1L1,0.53946805
ZNF780A,0.53938985
CHRD,0.5393807
YWHAQ,0.53936255
ZSWIM7,0.5393557
UMPS,0.53934723
TSG101,0.5393421
USP24,0.53932863
UROS,0.53928643
VASP,0.5392404
SNTB1,0.5392237
SYNJ1,0.5391383
UBE2I,0.53911334
TNFRSF11B,0.53906524
ZNF783,0.53906095
VCP,0.5390446
VPS36,0.53902006
UBTF,0.5389833
THAP11,0.5389661
ZNF587,0.53887594
UXS1,0.538796
CISH,0.5387933
UBE2B,0.5387432
CETP,0.5386777
TLR3,0.53867275
UBN1,0.53862447
RENBP,0.5385872
ZNF711,0.5385307
CLIC3,0.53848386
WWP2,0.5384635
VAT1,0.5383614
TP53BP2,0.53832346
ZFP36,0.5383048
CLDN23,0.53826606
ZNF320,0.5381153
VANGL2,0.5380756
UQCRB,0.5379669
ZNF708,0.5379332
ZNF814,0.5378995
VAMP8,0.5378886
WRAP53,0.5378885
ZNF385A,0.5377616
SLC7A8,0.5377529
CTHRC1,0.5377165
ZNF680,0.5376945
PEX11A,0.5376913
VCPKMT,0.5376828
ZNF326,0.53767806
VIPAS39,0.53765893
TTC26,0.5376105
ZNF593,0.5376027
ZFP1,0.53754944
UQCRFS1,0.5375091
TRIM21,0.5374989
SMG8,0.5374655
TRIAP1,0.5374615
VPS26B,0.5374432
CEACAM1,0.53739613
PEX11G,0.53737754
ZNF546,0.537371
ZMIZ2,0.53733087
ZNF33B,0.5372656
XYLB,0.53721434
ZFPM2,0.53720754
ZNF91,0.53719634
ZNF45,0.53717124
TXNDC12,0.5371433
WDR91,0.53701955
ZFR,0.5370074
ZP3,0.5370059
UBE4A,0.53699553
USP21,0.5369374
UBFD1,0.53688455
ZWILCH,0.53682685
VPS37B,0.5367963
ZFP90,0.53674704
ZDHHC17,0.53674173
ZNF445,0.5366826
ZNF440,0.53665984
TNFSF10,0.53664106
SPATA2,0.53657204
UBE2O,0.53652525
ZBTB17,0.5364915
TUBB3,0.5364718
SEZ6L2,0.53640795
WEE1,0.5363512
WDR26,0.5362411
CD4,0.5362076
USP11,0.5362045
ZNF3,0.53616226
TSPAN12,0.5360835
ZNF420,0.5360735
BTC,0.53607035
USP16,0.5360211
VPS4B,0.53600454
TAF9B,0.53590626
RNF113A,0.53585225
ZNHIT6,0.53584504
PCDHB3,0.53584033
S100A3,0.53583544
ZNF32,0.53580505
ZNF550,0.53579175
ZNF500,0.535764
ZNF526,0.5357458
ZNF419,0.5357338
XYLT1,0.53572863
ZNF528,0.53570986
UTP23,0.5356864
TP53I3,0.53566384
ZNF219,0.53555566
USF2,0.5355438
YTHDF2,0.53548455
TBC1D10C,0.5354829
VPS39,0.53539926
ZER1,0.53537357
YKT6,0.53529906
ZNF333,0.53512037
VRK3,0.5350939
TWF1,0.53508836
FPR1,0.5350245
ZNF544,0.5349902
CMKLR1,0.53489506
URB2,0.5348696
YWHAB,0.5348682
WDR82,0.5348582
UFSP2,0.5348452
ZNF43,0.5348436
SCIN,0.5348417
CSTA,0.53478634
S1PR1,0.534785
SFN,0.53469485
ZNF519,0.53466684
UTP6,0.53463614
ZNF691,0.5345815
USP42,0.5344409
UNC93B1,0.5344262
ZNF622,0.53440505
XYLT2,0.5343937
ZKSCAN5,0.5343899
TRAPPC11,0.5343626
XBP1,0.53431416
YPEL5,0.53431046
ZNF714,0.534241
ZWINT,0.53421646
ZCCHC4,0.53412837
SRD5A3,0.5341107
TADA2B,0.5340665
ZNF256,0.5340609
NT5E,0.5339509
ZBTB33,0.5339347
TRAF5,0.5338508
ZNF304,0.53384626
GAB3,0.5337321
TCN2,0.53372544
SLX4,0.53370863
USP46,0.53367656
TBC1D7,0.53366834
ZFP30,0.53362316
SPON2,0.5335093
ZNF74,0.53347915
ZNF81,0.53347
TMEM186,0.53346527
ZNF543,0.5333684
ZNF626,0.5332975
UBLCP1,0.53318954
TFAP2E,0.53313696
ZC3HAV1,0.5329877
ZNF700,0.5329815
ZNF273,0.53293335
SLC44A3,0.5328753
UNC5C,0.5326843
VPS35,0.53265184
SLC30A4,0.53262544
SGPP2,0.5325921
ZNF692,0.53254426
ZNF234,0.5324102
SNAI1,0.53214246
ZDHHC2,0.5321331
ZFYVE27,0.53202856
UTP20,0.53202355
TXNRD3,0.53189945
WARS2,0.53185856
RASD2,0.5317324
YIPF4,0.53169876
SLC22A17,0.5316937
ZNF791,0.531449
TMEM147,0.53140837
ZNF83,0.53135294
VPS33A,0.53127676
ZNF611,0.5312601
TNFRSF25,0.53119725
TSEN34,0.5310999
TBP,0.53107613
CXCL16,0.53097916
TAF6L,0.5308985
ZNF90,0.53065026
ZNF324B,0.5305327
ZNF155,0.5304348
ZNF780B,0.53043085
TXNDC16,0.5302103
ZNF699,0.53017175
SPATA2L,0.5301197
ZNF549,0.5300595
ZFYVE9,0.5299635
ZNF141,0.5299604
TXLNG,0.52993506
TGFB1I1,0.5294428
UBOX5,0.5293433
ZNF566,0.5293032
ZNF841,0.52902585
TRIM38,0.5290223
ZNF34,0.52896804
TRPM2,0.5289231
ZNF564,0.5288498
PDE4C,0.52873135
UTP3,0.52857184
ZNF605,0.5284719
ZNF317,0.52843624
TAF13,0.5284292
YIF1A,0.5283371
ZNHIT1,0.5281379
ZNF350,0.5280693
CPLX1,0.5280393
ZDHHC21,0.52785414
RPP21,0.52783775
SEMA6C,0.52758706
RHOJ,0.5274835
ZFP14,0.5273569
UTP14C,0.52733105
ZNF264,0.52717185
RUNDC3A,0.5271539
WASF3,0.5271318
ZNF318,0.52685565
CHRNA10,0.52664
ZNF12,0.526525
ZNF813,0.5264911
CALCRL,0.5264501
UQCR11,0.5262807
ZNF189,0.5262685
ZNF846,0.5262246
ECM1,0.5262064
ZKSCAN8,0.5260864
ZNF687,0.5260354
ZNF347,0.5257779
TFAP2C,0.5256832
ZNF26,0.5255846
ZNF561,0.5255285
ZNF548,0.5251681
USHBP1,0.5251013
ZNF135,0.52491516
LAT,0.5246944
ZNF776,0.52463627
TNFSF13,0.5245386
ZNF607,0.5244527
GBP5,0.5244191
VLDLR,0.524355
UAP1L1,0.52434474
ZNF768,0.5243275
GCNT4,0.52425915
ZNHIT3,0.52419174
AAR2,0.5241785
ZNF197,0.5241362
TRPV4,0.5239483
ZNF473,0.52369666
VCAN,0.5232836
ZNF517,0.5232506
ZNF793,0.52318805
RORC,0.5231282
UCHL3,0.52298665
ZNF267,0.52293956
NLRP3,0.5226512
ZNF738,0.5225929
WDTC1,0.5225746
ZNF649,0.5221288
ZNF573,0.5220105
B3GNT8,0.5219681
TRAF6,0.52140963
TACO1,0.5212169
ALG2,0.5208669
FUT2,0.5207456
FOLR2,0.52070683
GPER1,0.52047634
GGT5,0.520217
ZNF416,0.5197154
ZNF773,0.5196597
ZNF202,0.5195579
RNASE1,0.5195208
TRIM68,0.51892036
TRIM41,0.51891625
SERPINF2,0.5187464
ZNF485,0.5176168
ZNF585B,0.51759267
CEL,0.51724803
ZNF423,0.5167443
DPP4,0.5160637
YIPF1,0.51571465
GIPR,0.5156541
UTP14A,0.5150048
ZNF14,0.51496524
SLC4A11,0.5147295
CYP2J2,0.5145556
FCER1G,0.5145185
CYTH4,0.5143489
CYP3A5,0.51428795
TBX2,0.5141255
HEY2,0.5137622
DES,0.5132665
DHDH,0.51325375
SGIP1,0.5131205
CCR1,0.51301765
ZNF527,0.5130053
ZNF443,0.51283944
DISP2,0.51278806
SWSAP1,0.5123855
ZNF486,0.51217526
ZNF490,0.5110264
EIF4E3,0.5106969
PSD,0.51030123
HOPX,0.5097116
ZNF558,0.50941646
FBXL22,0.5086321
ZNF557,0.50837976
WTIP,0.5072069
ZNF439,0.50716114
SLC40A1,0.5067541
TLR4,0.50654054
TRIM45,0.5061761
ZNF467,0.50609523
ZNF468,0.5050465
SRPX2,0.50465626
GNLY,0.5042094
WDR5B,0.5040645
SERPINB8,0.50294375
GSDMB,0.5025962
IL1R2,0.5021111
ZNF677,0.50156593
ZNF671,0.5006348
INHBB,0.50035125
ZNF19,0.50026315
VPS37D,0.499521
ZNF17,0.49869177
ITGB3,0.49706393
TMEM17,0.4968968
PLXNB3,0.4962325
ZNF222,0.4938462
ZNF225,0.49255645
IL17RE,0.49204132
IL18R1,0.49201444
TMEM176A,0.4918124
PDE1B,0.4916467
RDH5,0.49129456
ZNF585A,0.49110836
IZUMO4,0.49086487
STX11,0.49003208
ZNF470,0.4894665
ZNF830,0.48850036
TGFB3,0.48788372
ZNF615,0.48742875
ZNF415,0.4865064
LILRB2,0.48647085
ZFP69B,0.4852832
ZNF790,0.48469856
ZNF772,0.4837995
ZNF433,0.48165503
LTF,0.4815222
WDR31,0.4806703
ZNF709,0.4797473
MAOB,0.47941166
WNT9A,0.4778113
TUBA8,0.4768988
ZNF569,0.4763482
STAC3,0.47606796
MAGEH1,0.4756082
MS4A6A,0.4743518
THSD1,0.4731886
MMP28,0.47064933
RASL10A,0.46692052
MYH3,0.4648209
ZNF69,0.46432146
ZNF442,0.46348998
OLR1,0.46292162
ZNF132,0.46279442
RAB36,0.4598725
POSTN,0.45584074
TNFRSF10C,0.44806403
RAMP3,0.4463434
S100A9,0.44527325
RGS4,0.43725875
RIPK3,0.43639857
SLA,0.43060288
