Gene Name,Score
DYNLT3,0.98992646
ANKRD27,0.98978734
ALKBH1,0.989655
CEP135,0.9896511
HOXA7,0.98949134
CHRNB1,0.9894789
ANO10,0.98939836
BRCC3,0.9893355
CENPC,0.98916453
ARFGEF1,0.98893565
BCL7C,0.98888576
ACTR6,0.9887679
DMWD,0.9881196
ADAM10,0.988009
BTD,0.98798686
ARFGAP3,0.98791367
CLOCK,0.98770905
CD99L2,0.9876089
ADAM15,0.987313
COMMD6,0.98721343
CCDC80,0.9870697
CHST1,0.9870024
AKR7A2,0.98693526
LIN7B,0.9867448
CDH6,0.986668
AHNAK,0.9864115
CD2BP2,0.9863846
CTSA,0.9863644
CEP97,0.9856278
FAM114A2,0.98553455
ADCY5,0.98501736
CES4A,0.9849289
COLQ,0.9842157
CACNB1,0.984203
ARHGEF19,0.9836422
ALG6,0.98344654
HELZ2,0.98292345
ATP8A1,0.98264486
AGO4,0.98247623
CABLES1,0.9823406
CAMLG,0.9823147
CTSK,0.9820349
AFF4,0.98199373
IL2RA,0.98195744
BRIX1,0.98161364
C12orf65,0.98150957
COLEC12,0.98147696
MTRF1L,0.9812635
MYLK4,0.98125494
CKS2,0.981204
ACTG2,0.98118925
ATG12,0.9811478
BBS2,0.9808779
ARL8B,0.9808533
ATG4C,0.9807397
CELSR1,0.98062414
AGPAT5,0.98052514
CASZ1,0.9804822
ATP6V1B2,0.9803422
CAMKK1,0.9802802
AP3B1,0.97985625
BPNT1,0.9794266
ATRN,0.97937655
LRRC8E,0.9792864
B4GALT7,0.9792651
F13A1,0.979083
CASP2,0.978925
AHSA1,0.978811
DACT1,0.97876906
C17orf80,0.9787629
CDCP1,0.97873
RENBP,0.9783887
DMTN,0.978306
ITPKB,0.978246
ATG5,0.9780397
ANAPC1,0.97765154
ACACA,0.9776178
CAPN7,0.97734624
FPGT,0.97731495
GBP3,0.9772594
C17orf75,0.9772111
BLOC1S2,0.9769703
COL9A2,0.9769206
BMP2,0.9767222
CAMK2G,0.97643095
ATP6V1C1,0.9763998
ALDOC,0.97627366
CWC22,0.9762679
ACAA2,0.97614735
C5AR1,0.97611505
CCDC115,0.97610724
BBS10,0.9760702
CCM2,0.97545093
LIPG,0.9752701
CHPF2,0.9752632
CHMP5,0.97525126
CCDC12,0.9752083
CDH23,0.97513324
BAZ2A,0.9751217
BECN1,0.9750919
KBTBD6,0.9750072
GIT2,0.97491485
CMTR2,0.9747592
RPP40,0.9746013
FNTB,0.9745418
CALML4,0.9745004
BRF1,0.97446084
CASP4,0.9743406
FCGRT,0.9743104
C1D,0.97431016
HAVCR2,0.9742322
DCUN1D3,0.9741599
ARPC1A,0.97406787
AGPAT1,0.973708
APH1B,0.9736441
FST,0.9734211
ALDH7A1,0.9734138
GNA15,0.97321993
CHSY1,0.9731197
ARHGAP24,0.9730854
AP4B1,0.97307307
C17orf49,0.9729048
MS4A4A,0.97287333
DHRS11,0.97282165
B3GNT2,0.9727989
LIPE,0.9727898
AGPS,0.97265255
FAM131B,0.9722405
EYA2,0.97213125
BAK1,0.9720187
CCDC174,0.97173214
BAG3,0.97164875
AK2,0.9714783
CD83,0.9714379
ATP2B1,0.97143126
ACLY,0.9714229
DNAH5,0.97128636
CBX1,0.97124946
CCNH,0.9710127
COX15,0.9708865
PIGP,0.97086424
AMPD2,0.97065264
ESF1,0.9705739
CDKN2AIP,0.97042465
ATP1B2,0.9704149
ZNF709,0.97026867
GGPS1,0.97019863
FBXO15,0.970134
EME1,0.97009933
IPO4,0.9698627
CDC40,0.9696414
KTI12,0.9695859
AP2M1,0.9693015
COG2,0.9691358
DGKQ,0.9690535
MAOA,0.9687255
ASAP2,0.96860194
LILRB3,0.9683889
CD68,0.9683801
GRAP2,0.9680181
ADPGK,0.96798867
FUCA1,0.96787506
ARL14EP,0.9677411
DDA1,0.96769184
KIAA0513,0.96745926
CIR1,0.9674577
DERL3,0.96744174
CAMK4,0.96737593
LTB,0.967372
ADK,0.9672144
ARFGAP1,0.96709454
ANO9,0.9670785
BTF3L4,0.96706635
MYLK,0.9668445
PELI3,0.96680975
CCDC88C,0.9666862
MATN3,0.9665246
ARHGAP4,0.9664157
AP3S2,0.96636826
DDX19A,0.96630883
CABYR,0.96630305
CGNL1,0.96611226
CAPN10,0.96594876
FBXL14,0.9658311
CHAF1B,0.9657646
DHX35,0.96562487
TNFSF12,0.96560174
CHD7,0.96559584
CLPX,0.9654177
CAPN2,0.965393
CDS1,0.96522695
ACER3,0.96522605
CNN1,0.9651899
EAF1,0.96501464
FBXW9,0.9647781
EHHADH,0.9647046
ANKLE2,0.96468437
CHAF1A,0.96465355
ZNF442,0.96407974
CSNK1G1,0.9639369
ING3,0.96375793
CITED2,0.96374553
SDSL,0.9635899
CACNB2,0.9635036
CPEB3,0.9634805
ARHGAP11A,0.96344966
AMY2B,0.96344006
CDK11B,0.96332496
COG8,0.96331954
GCAT,0.96328795
COPS2,0.96323794
CDT1,0.9631365
ATP8B4,0.96300274
ATF6,0.96269983
BAIAP2,0.96253103
CHST14,0.96249515
CLPP,0.96240026
CENPM,0.962376
ATP6V1G1,0.96201926
CLDN15,0.96192884
BTRC,0.96192306
DRG2,0.9616736
ARHGAP17,0.96155083
ARHGEF12,0.9614955
CEP72,0.96140766
DAPK2,0.96139127
DNASE2,0.9612889
ATXN3,0.9612809
BYSL,0.9611803
PTGER4,0.96114147
FDX1,0.9610921
ATP6V0C,0.961042
BEND3,0.9610373
AGO2,0.9608554
ATF7IP,0.96080536
ASPM,0.9606432
ADIPOR2,0.96056587
KCNJ2,0.9605607
ESRRA,0.9603531
EVC2,0.96031064
ATF2,0.9602263
ARFGAP2,0.96012056
C2CD5,0.96011704
ADNP,0.95997566
CDC37,0.9598177
BTBD2,0.95981723
CLDN4,0.9597833
CAB39,0.95973974
GADD45G,0.9596452
CHD9,0.95956004
G6PD,0.95944303
LAMA2,0.95934284
DOLPP1,0.9593197
CMTM4,0.959177
CUL9,0.9591043
DCXR,0.95907414
DCUN1D4,0.9590091
MOK,0.95889115
NOC4L,0.95886695
AHRR,0.95885676
ATP2B4,0.95873797
ADCY3,0.9586844
ANKRD44,0.95856076
DHX58,0.9583906
CHCHD10,0.95824105
ELP5,0.9581883
CLHC1,0.9580806
BICD2,0.9579779
ATXN1,0.95776796
BCAR1,0.9577099
COG6,0.95766026
ALDH1A3,0.9576576
B4GALT2,0.9576279
ARHGAP21,0.9576053
FBXO45,0.9574851
ITGBL1,0.9574196
CAND1,0.9572639
ARPP19,0.9572103
CHML,0.9572097
ANK3,0.95716506
PCDHGA6,0.9571052
HSPA14,0.95709604
DSEL,0.95690215
COASY,0.9567798
CALCOCO2,0.95666033
MAN1C1,0.9566025
CLCN6,0.9564908
CTNS,0.95620537
CDR2,0.95614326
LFNG,0.95602924
BTAF1,0.9559518
BZW1,0.9556581
ZNF790,0.9556511
COQ7,0.95559245
CENPH,0.9555756
FBLIM1,0.955422
AKT1S1,0.95537627
GLS2,0.9553321
BTN3A2,0.95531905
IL7,0.9553031
CD55,0.9551748
EBAG9,0.95515066
APAF1,0.95512336
DUSP1,0.9550376
MTM1,0.95503604
CAPZA2,0.9549766
APLF,0.95495844
COQ4,0.95493853
CDC23,0.9549195
DCP2,0.95487714
CDKN2AIPNL,0.95485747
DHX38,0.9546525
AP1S2,0.9546501
BBC3,0.95461917
ALAS1,0.9544489
ANAPC5,0.9541975
ANLN,0.9538003
CLCN7,0.95375055
ERI2,0.95374435
CMAS,0.95372856
CDK2AP1,0.95368993
CDK11A,0.95366836
CYP2S1,0.9535957
EXOC2,0.95354444
CCNG1,0.9534469
HSD17B1,0.9532365
BOLA3,0.9531949
HSF2,0.9531546
COPE,0.95294064
AIFM2,0.95292115
DDX28,0.952703
B4GALT1,0.95262563
ATG10,0.952613
CD109,0.9525753
GDF11,0.9525699
MCAT,0.95250666
DONSON,0.95249766
CDC14B,0.9524894
F3,0.95246524
ARL2,0.9524258
GCC1,0.95200735
COL4A1,0.95198023
IFT74,0.95181876
ETNK2,0.9516462
ARHGAP32,0.95163876
CEP78,0.9516364
ALMS1,0.95156944
IFIT3,0.9515127
DNAJB11,0.9515046
HSD17B10,0.9514828
DMPK,0.95131963
ANP32E,0.9512877
ERLEC1,0.9510508
CELF1,0.95102495
CETN3,0.9509491
COQ5,0.9508751
HECA,0.95079416
GLA,0.95073104
FAAH,0.9506878
GEMIN5,0.9506344
CD58,0.9506054
COL4A5,0.95058763
FKBP2,0.9504864
APOBEC3C,0.9504639
RASGRF2,0.9503706
BMF,0.95024383
DMAP1,0.9502336
BNIP3,0.95012146
ADD1,0.95000124
ADORA2B,0.9499165
ASIC1,0.94987464
EXOC8,0.9497269
BTBD3,0.9496213
CNNM4,0.949534
CHPF,0.9495131
GABPB2,0.9494823
DAPK1,0.9493752
RILP,0.9491028
NGFR,0.9488513
BCAS2,0.94881207
DCAF16,0.9488037
DOCK8,0.94876903
CNOT8,0.9486105
KIAA1549L,0.94854677
CYP2R1,0.948546
CDR2L,0.94848144
COA6,0.94847137
DHRS3,0.94841486
FBXO4,0.948342
ABLIM2,0.9482667
CCT4,0.9482271
DNAH17,0.94816506
CLSPN,0.94807065
VPS37D,0.94793856
CCNF,0.94793737
CYFIP2,0.94788235
ARSK,0.94784755
BRD8,0.94776326
ANP32A,0.94761163
MCM10,0.9475906
ASCC2,0.94744927
COG4,0.94743824
HPRT1,0.9473782
BCL7B,0.9473485
APPBP2,0.94733524
CEP170,0.9473055
ECE1,0.9472875
DDX24,0.94719243
MAN1A2,0.9470858
NAGK,0.9469403
GUCY1A2,0.94693327
GEMIN4,0.94689506
CHCHD6,0.946813
ATP6V1H,0.94681203
BNIP3L,0.94675624
DCLRE1C,0.94658065
LCP2,0.94656587
DDX39A,0.9465572
AKR1B1,0.94650257
BRWD3,0.9464987
ZNF433,0.94644284
PCDHB3,0.9464184
AP1G2,0.9463185
ARNTL2,0.94625676
PTPRO,0.9462523
DEPDC5,0.9461144
EXOSC1,0.94604635
CAMK2D,0.94588464
ATAD5,0.9458522
ARHGAP26,0.94574404
DHX8,0.9455783
C11orf49,0.9455542
CORO1B,0.9454716
MLF1,0.9454027
ARHGAP30,0.94538337
KIF9,0.9452188
CHFR,0.9448565
BCL2L11,0.9448015
DCAF15,0.94473827
DENND1B,0.9447071
ARRB2,0.9445637
CCT6A,0.9445467
E4F1,0.9444218
EXOC1,0.94440985
COX6B1,0.9443989
BRD2,0.9443943
HYI,0.94439185
KATNA1,0.944369
DOT1L,0.944288
CPSF2,0.9442862
DYRK2,0.9442533
ARL8A,0.944207
CCDC136,0.9441423
CDC25B,0.94413805
DNAJC3,0.94409436
COX7A2L,0.94409025
DAPP1,0.9440358
CPEB4,0.9440263
CDC34,0.94395053
CCS,0.9438784
FBF1,0.94384366
HACL1,0.943756
CSK,0.94373345
CEP164,0.9437265
CHD1,0.94368684
N6AMT1,0.9436043
DZIP1,0.94358814
DDX18,0.94353116
CBX6,0.94342047
ATP6V1E1,0.94338983
AP3S1,0.9433718
COIL,0.943194
BUB1,0.9430908
BPTF,0.942946
CMSS1,0.94290745
ANAPC7,0.94285876
COX11,0.9428027
COQ10A,0.9427954
DUSP7,0.94272816
AP5Z1,0.9426959
CDC42EP4,0.94266045
GEMIN6,0.9426562
ASAP1,0.9426241
EOGT,0.9426042
ATP1B3,0.94238055
COX20,0.9423455
CAST,0.94228804
GABPA,0.9421879
GSTM3,0.9421642
ARHGEF3,0.94215816
INMT,0.94195175
CDC16,0.9418828
FCF1,0.94186145
LGI4,0.94182485
ARRB1,0.9417561
EIF4ENIF1,0.94175214
NEIL1,0.9416035
DNAJB14,0.94158924
CANX,0.941538
CNOT6L,0.94144
CD9,0.9413486
BACH1,0.941304
CENPO,0.9411826
ELMO1,0.9411731
DEPDC1,0.941139
CENPK,0.94111204
KREMEN1,0.9410896
DNAAF2,0.94088984
GGA2,0.94086504
CYB5R2,0.9407967
EARS2,0.9406393
MIF,0.9405977
ARF5,0.9405404
CPOX,0.94038725
CDC27,0.9403567
CASP7,0.9402226
NDUFAF5,0.94015676
ERCC8,0.94014055
CREBRF,0.9401158
GPATCH1,0.9399854
GDI1,0.9399742
DIS3L2,0.9399565
EPN1,0.93988025
INPP5A,0.93972456
GNL1,0.93971074
CHRAC1,0.93965894
ANTXR1,0.93965715
DLG4,0.9395114
MAGT1,0.9395074
YAF2,0.9394218
APBA1,0.93940544
LSM5,0.93936855
ZNF445,0.93923634
CRTC2,0.93921655
CCP110,0.93910277
ABCE1,0.93902373
GLUD1,0.9390047
DDX27,0.9389878
LRWD1,0.93886197
PRPSAP2,0.9388582
HOXA10,0.93883586
CCDC86,0.9387168
FLNB,0.93866587
BMP2K,0.9385596
CERK,0.93855673
C2CD2,0.9385141
BCAT2,0.9385057
DSCC1,0.9383305
CERS4,0.93829733
NRN1,0.93822336
BAG6,0.93818915
HOOK2,0.9381583
CLTA,0.9381135
CES2,0.9379921
LEO1,0.9379596
CLEC2D,0.93794566
ERCC6,0.93786734
BBS9,0.9378361
HACE1,0.93782234
DUSP2,0.937678
PLXNB3,0.9374656
ARFRP1,0.93744475
FMNL3,0.93739855
GIMAP4,0.9373799
MTMR4,0.93735594
CD300A,0.937342
EHD2,0.93731874
CPT1C,0.93731505
FAM8A1,0.93721884
CAMKK2,0.93721306
ALDH9A1,0.93718886
DOCK5,0.9371508
NR1D1,0.9370111
CTDNEP1,0.93699604
DHCR7,0.9368918
INPP1,0.9368793
JAG2,0.9366648
CYBA,0.93643385
KRT7,0.93639785
DNAH1,0.93636453
IRF8,0.9362298
CCNY,0.9361287
ALDOA,0.9361076
EMD,0.9360336
CIT,0.93596166
B3GAT3,0.9359432
COL24A1,0.93581724
GFPT1,0.9357848
GSTK1,0.9357579
CSTF2T,0.93568504
IFIT5,0.9356775
CTR9,0.9356316
PYGM,0.9355359
LAMA5,0.9355164
CYTH1,0.9355142
GSTA4,0.9354832
KIF23,0.93539405
DMXL2,0.9353749
MAST2,0.9353707
CEP70,0.9353503
DGKZ,0.935274
NOMO3,0.9352479
CLASP1,0.9351229
HSPB11,0.9350895
HENMT1,0.93496865
EEF1E1,0.93494385
BICD1,0.93491346
FZR1,0.93479186
DDB1,0.9347779
CCNA2,0.9346669
AMOT,0.93466604
CHSY3,0.93453485
MED19,0.93449247
CASK,0.93445563
GTF2I,0.93443304
DNAJC1,0.93434393
ETFA,0.934331
CALM1,0.9343204
HDAC6,0.9342119
GABPB1,0.9342071
IPO9,0.9342016
FAM168B,0.9341535
KCNJ14,0.9341371
CSTB,0.93402994
CERS5,0.9340231
EGR3,0.9339887
COPZ1,0.93398106
GAPDH,0.9338559
CSNK1G2,0.9338454
CD320,0.93375516
KLHL2,0.9336589
IRF6,0.9336419
NFU1,0.9336102
DNAJB9,0.9336049
MFAP2,0.9335783
SNX17,0.93347377
NOM1,0.9334497
CCNL2,0.9334431
CMYA5,0.93336886
EXOC4,0.9333512
GTF3C2,0.93333006
CTC1,0.93332857
PPP2CA,0.9333017
EMC10,0.9332825
GPR89A,0.93317556
CD86,0.93315434
MAD2L1BP,0.9330233
CMTM6,0.93276393
CNIH1,0.9327574
MED26,0.93272865
COL27A1,0.9326744
DSG2,0.93257517
FAH,0.9324959
ANP32B,0.9324889
TADA2B,0.9324538
ASAH1,0.932446
CCT5,0.9323052
SNAPC3,0.93227804
RNF139,0.9320949
UBXN6,0.93206364
DEPDC1B,0.9319464
GSR,0.931946
MAN2A2,0.9318955
ARHGEF18,0.9318215
DDX52,0.93168765
EIF4A3,0.93166775
EGLN2,0.93160975
EIF4EBP1,0.9314811
DBI,0.9314693
CNNM3,0.9314283
HAUS6,0.93142766
DDX17,0.93135405
FCHO1,0.9312164
EFTUD2,0.931179
CHM,0.931121
LRRFIP1,0.9311136
GFM1,0.9309494
DLG5,0.93090725
TAP1,0.9308655
GTF3C5,0.9308497
MAPK8IP3,0.9308373
CDK7,0.93081087
WWP1,0.93073535
MAP9,0.9307276
EXTL3,0.93063074
FEZ1,0.9305977
PRKAR2A,0.9305465
ZNF44,0.9304494
UBAC2,0.9304339
ARHGEF11,0.93042827
ARHGAP35,0.9303449
SP100,0.93029195
CLEC3B,0.9301069
TRMT10C,0.9300618
DAZAP2,0.9300358
GTF2B,0.9300345
IL32,0.92999953
CHCHD3,0.9299567
SSR1,0.9299351
KPNA2,0.92992014
CCT8,0.9298607
KPNA6,0.9297804
CHST15,0.92977285
TPCN1,0.9297603
CENPE,0.929701
CDK9,0.9296238
GEMIN7,0.929591
NOMO2,0.92958796
ATXN10,0.9295785
ITGA2B,0.9295634
COPS8,0.92956257
FBXW5,0.9295276
ARHGAP29,0.9295239
GPC4,0.9295081
DNM1L,0.92945075
GTF2A2,0.9294346
MEPCE,0.9293835
PIK3C2B,0.92934054
INPP5F,0.9293114
DCAF6,0.9292956
CTDSP1,0.9292832
GOLGA2,0.92927754
GMPPA,0.9292754
PLA2G15,0.9292622
KRBOX4,0.92925304
GSPT2,0.92919564
CWC27,0.9291849
NUDT16L1,0.9290992
ILF3,0.92904115
SCNM1,0.92898065
COPS6,0.9287741
EXOSC6,0.9287665
DET1,0.928674
E2F8,0.9285128
EPB41L3,0.9284819
PPP1R12A,0.92842823
DNAJC5,0.9283896
CCNDBP1,0.9283864
ZNF768,0.92830306
CHD3,0.9282829
BTN3A1,0.92826444
FBXO22,0.9282349
EEFSEC,0.9281862
KDM6B,0.92818236
GPR161,0.9281589
DST,0.92814755
FTL,0.9281227
NR1H3,0.92805433
DLD,0.9280216
GGH,0.9279838
FXYD6,0.92791295
KCND1,0.9278631
STX1A,0.92784494
CSNK1E,0.92782205
FLII,0.9277582
IQGAP3,0.92762834
CAPN15,0.9276265
FGD3,0.9276113
HPSE,0.92753047
G6PC3,0.927498
EXOC6B,0.92748576
FRAS1,0.92728144
FZD5,0.9272686
RASGRP2,0.9272434
PPP2R3C,0.9272166
MAVS,0.9271598
ARHGDIA,0.92705977
ANXA7,0.9270502
BAHD1,0.92702925
DDX21,0.9270233
BDP1,0.9269674
FMR1,0.92692006
SUMO3,0.9268883
PABPC4,0.92683977
CENPJ,0.92682666
GAR1,0.92676914
ALG14,0.9267509
LGALS9,0.92664236
HVCN1,0.92662036
APTX,0.9266018
CHN2,0.9263611
FHOD1,0.9262797
CYB5A,0.92617154
PRDX6,0.92616284
BTBD1,0.9261182
RPS3A,0.92607707
CSTF3,0.9260645
VPS41,0.9260519
INPP5E,0.9260055
KDM4A,0.92600346
CDC42BPA,0.9259958
CCDC91,0.92597026
MAPKAP1,0.9259667
FAHD2A,0.92589194
PTGIR,0.92584497
PHKG2,0.92579734
TXLNG,0.9256949
FERMT2,0.9256772
FBXO9,0.92566574
AP2B1,0.9255402
CDC20,0.92553604
HCFC2,0.9255018
FAM110B,0.9254548
MAPK8IP1,0.9254259
MAPK9,0.9252304
CENPN,0.9252288
IKBKG,0.92520297
IL4I1,0.9251826
B4GALT4,0.92512846
LPIN3,0.92508745
CARM1,0.925055
HNMT,0.9250395
COX10,0.9250343
CYTH3,0.9250301
ERF,0.9250023
INTS12,0.9249941
IGBP1,0.9249789
BCS1L,0.9249509
NDUFAF1,0.92494494
SH2B1,0.9249244
CSGALNACT2,0.9249016
PEX11B,0.92487544
BID,0.9248643
TBC1D5,0.9248525
FLOT2,0.92482436
NUDT14,0.92479515
MRPS28,0.92476195
GPANK1,0.9247165
BANF1,0.9247034
GPX3,0.9246872
COPS7B,0.924687
EPN2,0.9246474
GNPTAB,0.9246118
ALKBH5,0.9246087
ARHGAP11B,0.9245426
DPM1,0.92449105
HNRNPH3,0.92442214
DCAF7,0.92439497
LYPD3,0.92439413
LPXN,0.9243681
ACTR1A,0.9243578
ZCCHC4,0.92433316
KIF22,0.92430645
TRIM25,0.92427766
NCAPG2,0.9242755
DCPS,0.92418516
VKORC1L1,0.92417794
FOXK2,0.92411566
EBF1,0.9240786
CD27,0.9240186
HNRNPA0,0.9240088
MEF2A,0.92400354
FZD4,0.92393285
FGFRL1,0.92386526
GABBR1,0.92382324
P2RY6,0.92377913
HERC4,0.92368096
ASRGL1,0.9236775
PDSS2,0.92363364
KLHL3,0.9236013
ARF4,0.92353565
CPSF7,0.9234864
GEMIN2,0.9234406
FYTTD1,0.9234187
INPP4A,0.9233645
FRS2,0.92333037
CRLS1,0.92323387
SZT2,0.9231951
IL16,0.9231325
AFTPH,0.92312217
MED14,0.9230797
CDK17,0.9230274
LGMN,0.922978
SDCCAG8,0.92296576
BATF,0.9228832
TAOK3,0.9228738
TNFRSF12A,0.92287165
EME2,0.9228568
FZD7,0.92284304
OAS2,0.9228412
CRELD2,0.922782
RPIA,0.9227329
PPIP5K2,0.9227166
EIF4E2,0.9226747
DGKH,0.92265403
USP48,0.9226081
MYL5,0.9226023
RPL27A,0.92257637
EXO1,0.9225286
ZNF780A,0.922463
CENPT,0.92242604
HNRNPC,0.9223717
CLIC4,0.9223568
KHSRP,0.9223175
OS9,0.922313
GBF1,0.922207
WASF1,0.92214966
MRC2,0.92213696
PLD1,0.9220924
GALNT18,0.9220606
ENG,0.9219734
DKC1,0.9219707
DENND2C,0.9219677
FOXF1,0.92194664
TPRKB,0.9219363
NDEL1,0.9218744
CTDSPL,0.92185664
RAB11B,0.92181724
EIF4G3,0.9217868
LAMB2,0.9217641
GBE1,0.9216999
PSAP,0.92169386
HPDL,0.9216701
CNOT10,0.92166656
COL5A2,0.92166656
UNK,0.92163515
MPND,0.92153907
KATNAL1,0.92149836
TMPO,0.92149425
IARS2,0.9214941
KPNA5,0.92138666
PDE1A,0.92130405
HMGCL,0.9212897
SHMT1,0.921265
PUM1,0.92124325
SNRNP40,0.92114353
TIA1,0.92112994
HSPA8,0.9210724
IL6R,0.9210106
TUBD1,0.9209628
SEPHS1,0.92096025
CORO1A,0.9208634
IFIT1,0.9208531
TICRR,0.92082447
DTNBP1,0.92081803
EXOSC9,0.92080104
HMG20A,0.92078954
CACNB3,0.9207787
CDCA7,0.9207578
C2CD3,0.9207124
PDE4D,0.92063844
DUSP4,0.92063826
GRB2,0.92061675
PARP4,0.9206163
CAPNS1,0.92052925
BCAT1,0.92051774
NEDD8,0.92050034
RARG,0.92049426
ICAM3,0.9204564
EP400,0.92043155
FAT4,0.9203232
BUB3,0.9203038
ZNF33A,0.9202743
CGRRF1,0.92026407
ZNF385A,0.9202507
SPTBN1,0.9202012
GNG5,0.9202002
ZFP36L1,0.9201313
NELFE,0.920023
CNOT11,0.9200025
ANO6,0.92000175
LDLR,0.9199978
RBBP5,0.9199774
CDK13,0.9199636
DNAJB6,0.91995096
FBXO41,0.9199441
KCNN4,0.9199418
HLA-E,0.91993284
AGO1,0.9198952
UBE2I,0.9198857
KIF2C,0.91987777
FZD6,0.91985726
HOXB2,0.9197913
NCKAP1,0.9197181
ZSCAN32,0.9196958
ERGIC3,0.91967905
MBIP,0.91966575
SP3,0.9196398
SLC15A4,0.91963893
PPP1R14B,0.9196293
KDELR3,0.91961646
TM2D1,0.9195988
EIF3K,0.91959256
PNN,0.9195882
BRK1,0.9195771
NDUFS1,0.91956866
BAG4,0.9195591
INPP5D,0.919495
MAPRE3,0.9194944
SMG1,0.9194673
DENND5B,0.91943765
MTHFS,0.9194179
DOCK7,0.91941416
EIF3D,0.9194041
FAM160A2,0.91937125
HERC3,0.919368
ST6GALNAC4,0.9193535
STRN3,0.9193515
STXBP4,0.9193352
VRK3,0.91931844
GLYCTK,0.9192598
MAP4K4,0.91921985
DTL,0.9192133
DENR,0.9191729
HMGN1,0.9191196
DCUN1D5,0.9190559
GART,0.9190312
DCTD,0.9190074
PSMD11,0.91897076
WAC,0.91895103
PHLDA1,0.91893435
KATNBL1,0.91879517
UIMC1,0.91877896
KATNB1,0.91876054
FAN1,0.9186914
OASL,0.9186851
DDIT4,0.9186358
CEP192,0.9185755
LRIG1,0.9185347
TTL,0.91851324
SSBP3,0.91847557
CNNM2,0.9184706
RNF20,0.9184694
NOP14,0.9184548
DHX33,0.9184171
PRPF6,0.91838807
GOLGA3,0.9183564
GNB1,0.91832864
INTU,0.91832626
HAUS8,0.9181734
GNB4,0.9181645
ATIC,0.91813976
RPL11,0.91813433
SPIN1,0.91812944
HTT,0.91812724
EMC8,0.9181191
HIVEP3,0.9180988
ATF6B,0.91800743
PSMC3IP,0.91799146
ITGA11,0.9179212
MDN1,0.9179099
JARID2,0.91790026
HERPUD1,0.9178686
EHMT2,0.9178601
MRPS11,0.9178599
APP,0.9178444
ATPAF2,0.9178051
HJURP,0.91778386
ANXA2,0.9177778
ATG4D,0.91765887
MAGI3,0.91762066
NHP2,0.9176048
FOSL2,0.91759664
TOP2B,0.9175817
IL15,0.91753745
GNL2,0.91751313
FKBP3,0.917492
HLTF,0.91748375
SMYD3,0.9174689
DR1,0.91733783
AMFR,0.9173275
VAMP3,0.91730464
RPL27,0.9172843
TMEM30A,0.91727847
TRMU,0.9172717
PCOLCE,0.9172529
PCCB,0.91723925
ETHE1,0.91723627
XPO4,0.9172238
MAK16,0.9172212
LSR,0.9172191
TRERF1,0.9170371
GTPBP1,0.9170257
TOMM7,0.91701484
CIB1,0.9169896
USP24,0.9169282
COQ3,0.91688406
CTNNA1,0.9168717
DYNC1LI2,0.91686404
ATF4,0.9168154
NCL,0.9167693
CEP350,0.916767
RAD18,0.916749
GIT1,0.91674185
U2AF2,0.91671133
MRPS31,0.91668046
NUMB,0.9166392
POLR3C,0.9166355
NUDCD3,0.91660935
CDKL5,0.9165974
FBXL3,0.9165616
CD52,0.91649437
SLC25A26,0.9164247
FERMT3,0.9164144
VASN,0.9163628
SHF,0.9163528
EPHB4,0.9163351
ZNF430,0.9163217
DYNC1LI1,0.9163011
RTN4R,0.91626334
RPS29,0.9161671
EIF6,0.91615397
PDE7B,0.9161317
EXOC6,0.91611165
BAZ1B,0.9160689
POLR3B,0.9160676
CFDP1,0.9160651
CXXC5,0.9160649
ALKBH8,0.9160617
CLASP2,0.9160571
SF3B4,0.9160404
COL4A2,0.9160103
NRL,0.916
LYPLA1,0.9159955
UBE4B,0.915975
DCP1B,0.9159296
ASAP3,0.9159227
CTIF,0.91591907
SF1,0.9158928
SRSF10,0.915808
DHTKD1,0.9158022
CTSB,0.9158002
GSE1,0.91566986
RPS5,0.91562957
RABGAP1,0.9156219
HMGCR,0.91560197
ASB1,0.9155926
GGA1,0.91558427
MBD5,0.9155739
PSMC1,0.915541
DENND6A,0.91549164
DAAM1,0.9154882
KANSL1,0.9154857
FRZB,0.9154176
GPR176,0.9153784
UBE2G2,0.9153456
FAF1,0.91533196
SNRPC,0.9153236
GDE1,0.9152025
EEF1B2,0.91518354
FAM13A,0.9151428
NPM3,0.91511947
TTLL12,0.91510946
MRPL49,0.9151007
AJUBA,0.91507834
HSPD1,0.9150371
ATXN2,0.9150334
EBP,0.9150127
FARS2,0.9149992
ZNF207,0.9149927
RPS18,0.9149218
VMP1,0.9148853
ZC3H15,0.91486585
PLCD3,0.9148546
STRN4,0.9148032
CTNNBIP1,0.91478765
TBCD,0.9147788
DDX19B,0.9147569
GID8,0.91473293
MCM4,0.9147283
CSPP1,0.9147141
IQCB1,0.9146434
OSBPL5,0.91463673
ETFB,0.9145687
CHMP1B,0.9144989
EEF2,0.91448796
EIF2B5,0.9144868
DIAPH3,0.914471
ITCH,0.9144393
WDR41,0.9144186
PPP1R15B,0.91438735
DENND4A,0.9143531
TARDBP,0.9143526
GANC,0.91433644
VPS52,0.9143344
BPGM,0.9143247
CALCOCO1,0.9143087
DNMBP,0.91429967
ORC6,0.9142645
EIF2AK2,0.9142038
CSNK1D,0.91419214
GSPT1,0.91418797
PPIF,0.91414475
PCYOX1L,0.9141258
KIF11,0.91408974
HNRNPAB,0.91404635
RPS4X,0.91404504
ARHGAP9,0.9140237
ZNF79,0.91401696
ZNF451,0.91399103
ITPR1,0.91396207
ZNF638,0.913934
FOXRED2,0.9138886
FBXW11,0.9138517
DHRS4,0.9138431
KLHDC2,0.91380185
CLIP2,0.9137737
CLNS1A,0.9137691
MELK,0.91376424
CALD1,0.9137139
PKP1,0.9136883
FNTA,0.9136223
IFNGR2,0.9135898
MTX1,0.9135624
PWP1,0.91355616
USP9X,0.9135533
MIS12,0.9135425
SUPT4H1,0.91353875
ZNF84,0.91351366
TULP4,0.91346616
CBX5,0.91342586
MAPK12,0.91340864
CBX3,0.9134055
NUP210,0.9133845
MGRN1,0.9133701
NHS,0.9133226
ATP1B1,0.9132923
HDAC4,0.91324335
HEXIM2,0.91322666
TMEM63A,0.91321576
WDR82,0.91320235
ELOVL1,0.9131878
TIAM2,0.91318434
SMCR8,0.9131697
WDR43,0.91313344
PLCL2,0.91308254
SLC7A11,0.9130434
EZH1,0.9130242
EPB41L1,0.91295683
CPD,0.91290784
RHBDF1,0.91288334
HLA-DOA,0.912875
QSOX1,0.9128512
ERH,0.91284287
RPL34,0.9128385
CLK3,0.9128242
HLA-F,0.91280377
ISY1,0.9128014
SERPINH1,0.9127843
INO80E,0.91273
CACNA2D1,0.9127281
CS,0.9127097
NKIRAS1,0.9126802
TCERG1,0.9126772
ATP6V1A,0.9126349
BHLHE40,0.9126188
MGAT5,0.9126028
ORMDL2,0.9125997
DMD,0.9125906
MBD4,0.9125657
EIF2S1,0.91255105
PDE3A,0.91255015
PTPN12,0.9125267
KIF5C,0.9125217
EXOC3,0.91251016
POLD3,0.91248524
SUPT20H,0.9124168
CPSF3,0.9123577
DTX3,0.9123077
POP1,0.9123052
PTN,0.91229963
IFT52,0.91224307
RPL13A,0.9121807
GSK3B,0.9121706
GULP1,0.9120511
WDR77,0.91202104
VGLL3,0.91199785
RPL10A,0.91197294
POLR2B,0.91195965
THY1,0.9119577
DENND3,0.9118857
MYO9B,0.9118559
SPATA5,0.91177803
NUDT5,0.9117616
SEMA3A,0.91174775
DDHD1,0.91174567
EIF2AK1,0.9117452
TNFAIP8,0.9117424
SSH2,0.9117207
GRHPR,0.9117171
ZNF300,0.91169137
MCMBP,0.9115935
METTL3,0.9115572
INO80,0.9115476
RPL32,0.91154283
CIB2,0.9115189
DVL3,0.91151434
DCP1A,0.9115063
KPNB1,0.9114966
KRT18,0.91149163
STX7,0.91146916
ACTR2,0.9114436
FBXL4,0.91143835
CACYBP,0.9113849
DOK1,0.91137576
RAI1,0.91136855
RALY,0.9113554
PRDX1,0.911307
PAWR,0.9113037
IFT81,0.91128004
PDE10A,0.91125834
COL12A1,0.9112557
IDH3A,0.9112531
PARD3B,0.91124606
CCDC106,0.911209
SIK3,0.911202
MRPL27,0.9111981
GPN1,0.9111793
MRPS7,0.91117454
RAP1B,0.91115564
USP47,0.91111255
FSTL1,0.9110622
ATPAF1,0.9110413
LAP3,0.9110371
ZNF333,0.9110351
CXADR,0.9109902
REV1,0.9109746
SMARCA2,0.9109671
TRPS1,0.9109467
ETF1,0.9109447
EIF3L,0.9109069
GNL3L,0.9108965
ANXA5,0.91086644
DSC2,0.9108561
SLMAP,0.9108468
TRAP1,0.91082746
SLC11A2,0.91078573
DNAJC2,0.91076964
YIPF4,0.910735
PHF2,0.91073203
TECR,0.91072255
AMBRA1,0.91071683
RBM19,0.91071594
SAP30BP,0.9107084
PEMT,0.9107067
CTSL,0.9106942
USP12,0.91068053
RPL17,0.91067076
MCPH1,0.91066885
POLR2J3,0.91065264
MCUR1,0.91064936
MOB1A,0.91059196
RANBP1,0.9105903
CDS2,0.9105559
LCMT1,0.91053987
SMYD4,0.9105059
FARSA,0.9104941
CRTAP,0.9104926
ING4,0.91048175
LIMS1,0.9104628
HES1,0.9104544
WDR33,0.91044056
SSH1,0.9103862
SERBP1,0.9103832
PRICKLE3,0.9103539
XPO6,0.9103359
DOK4,0.9103079
ZDHHC7,0.9102788
THOP1,0.9102759
UBQLN1,0.9102463
MAEA,0.9102332
RC3H1,0.91014904
ERLIN2,0.9101223
DERL1,0.9101057
ELP6,0.91004544
ITGA2,0.90994084
UBE2G1,0.9099386
CD48,0.90993726
CTDSP2,0.90993255
HINT1,0.90988755
EDNRA,0.9098816
NUP188,0.90987945
ZMAT2,0.9098778
UBA52,0.90985435
PHB2,0.9098447
IRAK4,0.9098397
RTN3,0.90974504
C1GALT1,0.9097113
EPB41L4B,0.90970397
TPI1,0.9097003
TRIM13,0.9096523
TPX2,0.9096321
SMARCC1,0.9094667
HOXA3,0.909459
DDX55,0.90943414
KIF18B,0.9094303
MED8,0.9093708
NIPSNAP3A,0.90928394
USP5,0.90925586
HECTD1,0.90923464
ETFDH,0.9092191
UNC119,0.90917957
SCARB1,0.9091236
RPL15,0.9090707
DCAF8,0.90904796
CUL1,0.90899837
ECD,0.9089636
EFNA1,0.9089585
CENPI,0.90889704
DUT,0.9088933
RFC5,0.90887636
KMT2E,0.9088498
HLA-DRB5,0.9088341
TLN1,0.90883
SIN3A,0.9088041
SEMA3C,0.90880185
IRF3,0.908783
TXN2,0.9087711
FMNL1,0.9087617
SRF,0.9087572
ATN1,0.9087338
CD47,0.90864843
CDYL,0.9086407
ZNFX1,0.90848064
UBE2E3,0.9084653
UBXN1,0.9084418
NAGLU,0.9084289
UBE2Z,0.9084287
GAPVD1,0.9084239
UBE2T,0.90842193
DIS3L,0.90841573
PIGL,0.9083826
MAD1L1,0.9083295
DECR1,0.90827
NEU3,0.9082557
TXNRD2,0.9082523
PDE4B,0.90822494
RPS9,0.908223
DPYSL3,0.90814763
LRFN4,0.9081294
S100A11,0.90812296
PKM,0.90811324
TUBB,0.9080864
LEMD2,0.9080863
XAB2,0.9080852
ZNF678,0.9080145
SMAD1,0.90798736
RNF11,0.90797496
FNDC5,0.9079297
WDR59,0.9079017
EI24,0.9078794
BRAP,0.90785664
CAPZA1,0.9078518
TEX264,0.9078407
GTF2IRD1,0.90784025
YME1L1,0.90783405
TRIP13,0.9078153
GMDS,0.90771145
PHF21A,0.9077078
SGMS1,0.90759367
PTRH2,0.9075334
KPNA3,0.90752995
NUP88,0.90751946
RPS27A,0.9075093
PCGF3,0.9075008
HIPK2,0.907473
HBP1,0.9074419
CDIPT,0.9074166
NPAS2,0.90739596
NOL9,0.9072724
PRKAA1,0.9072558
DUSP14,0.90722984
PDE4C,0.90719384
ZNF516,0.9071732
MCEE,0.907129
OSBP,0.9070997
RBBP9,0.9070792
CLDN7,0.9070764
GNAI3,0.9070715
CHTOP,0.907071
SYNRG,0.90706146
GAB1,0.90698665
UBE2D3,0.9069297
RPLP0,0.9069114
STXBP3,0.9069044
MIEF1,0.9067996
RAP1GAP,0.90678126
XBP1,0.90677166
RPS2,0.90674126
GPS1,0.9067349
INTS6,0.90667903
SKA2,0.90667504
FBL,0.90662
FKBPL,0.9065316
WDFY3,0.9065122
EIF4B,0.90649825
TRIM44,0.9064395
KCNMB4,0.9064183
GOT1,0.906388
ZNF124,0.90635586
ST3GAL3,0.9063359
GARNL3,0.90631855
PLCH2,0.9063166
RPL13,0.90629846
SHMT2,0.906297
NCK1,0.906293
SHROOM3,0.9062171
NBR1,0.906166
TUBA1B,0.9061125
PTPRS,0.90607774
VGLL4,0.9060694
ZFR,0.90606904
CEP120,0.9060413
MORF4L1,0.90603906
GPSM2,0.90600234
CDCA2,0.90599316
TANK,0.90595406
F8,0.90592545
OAZ2,0.9059148
GON4L,0.9059057
DLGAP4,0.90587705
CRY2,0.9058602
SRRM2,0.90585345
RPS6KB1,0.9058534
EIF2D,0.90576905
NUAK1,0.90576327
SREBF2,0.90575516
SLC25A5,0.9057405
ZBTB7B,0.9057362
DNAJA3,0.90572864
NOL11,0.9057259
PSMD1,0.90572095
HK1,0.905719
OAS1,0.90568614
TSPAN14,0.9056741
DNAJA1,0.9055997
PEX1,0.9055645
TPST1,0.90555465
CFL2,0.9055347
SCAI,0.90548486
USP28,0.9054629
TOB1,0.9054507
DENND4C,0.9054363
GKAP1,0.9054138
RPS26,0.90541327
IBA57,0.9053946
HNRNPA3,0.9053385
DCTN5,0.9053324
TRIT1,0.9053195
ASNS,0.9052639
SMAP1,0.90525705
ZNF416,0.90524924
DRG1,0.90521884
RBFOX2,0.90512323
SLC25A25,0.9051035
CSNK1G3,0.90510315
IFI44,0.90510225
NSMCE1,0.9050184
MRPS23,0.9049367
TXNDC12,0.9049303
TAF4B,0.90487623
NSMCE4A,0.904872
PAQR8,0.90483415
CENPP,0.9047959
LRP10,0.9047917
CPT2,0.9047848
PPP1CA,0.9046894
RPUSD4,0.90466213
CTNNBL1,0.90466094
TEAD4,0.9046415
SEC11C,0.9046194
TPT1,0.9046007
MPHOSPH6,0.9045627
ZNF496,0.9045039
CNPY3,0.9044706
SNRPD2,0.904425
DLAT,0.9044154
C1QBP,0.90440863
GOLGB1,0.90435976
SENP6,0.9043469
IPO11,0.90428513
GATC,0.9042819
DENND1A,0.9042672
PCBD2,0.9042608
VANGL2,0.90424776
DLST,0.9042092
L3HYPDH,0.9041965
UBE2E2,0.9041927
LRP6,0.90416646
SCD,0.90415365
MVD,0.90404516
VLDLR,0.904036
WIPF2,0.90401965
ATP7A,0.9040054
NCAPH2,0.90397364
HSD17B7,0.9039214
GATAD2B,0.9039198
MAGED2,0.90389866
TBC1D4,0.90386826
FUBP3,0.9038377
VCP,0.9038
NUDT21,0.90378445
IFI35,0.9037536
RPL18A,0.90374035
DBF4B,0.9036599
TGFBI,0.90365523
UPF1,0.9036294
DCAF5,0.90361583
SPTLC1,0.90355164
TUBB4B,0.90353715
ATXN2L,0.9034952
DNAJC11,0.9034799
VASP,0.90347165
OXNAD1,0.9034696
MMS19,0.9034595
VAPA,0.9034399
POLDIP3,0.90343887
TGIF1,0.9034033
EMC3,0.9033885
MYO6,0.9033843
TOMM20,0.90336764
DYNC1H1,0.90336263
UVRAG,0.90330726
TACC1,0.9032854
NDUFA4,0.90327185
REEP3,0.90326935
DGUOK,0.903246
PHC1,0.9032281
RFX7,0.9032255
HSCB,0.9032177
PRPS2,0.9032063
KIF26B,0.90319306
MBOAT1,0.90315264
CAP2,0.9030868
BIN3,0.90308505
CPNE1,0.9030828
SH3BP2,0.9030008
MYCBP,0.90296245
MAMLD1,0.902875
BCAP31,0.9028698
MTA1,0.9028467
RGS12,0.90284526
SRGN,0.9028315
USP7,0.9028062
BCAS3,0.9027981
NFYB,0.9027871
RTN4,0.9027725
TUBA4A,0.9027038
E2F4,0.9027028
B3GNTL1,0.90264434
FBLN1,0.90263754
RCL1,0.90262485
ME2,0.9025692
HNRNPDL,0.9023756
NAPB,0.9022759
IRAK2,0.90221494
MTMR12,0.9021679
CNTLN,0.9021488
OSBPL1A,0.9021372
SPTAN1,0.9021271
SF3B3,0.9021245
RPL3,0.90211433
UBN1,0.9021041
POLI,0.90209866
COL5A1,0.90208244
CDK5RAP2,0.9020739
WDFY2,0.9020523
RHOBTB3,0.9020188
SKA1,0.9019897
EGLN3,0.9019778
TAF1D,0.90190476
CSNK1A1,0.9018972
GLCE,0.9018683
UBAP2L,0.9018648
PHLPP1,0.90166163
TGFB3,0.90163034
L3MBTL1,0.9015698
IGSF6,0.90156066
SUMF1,0.90150213
EPHA4,0.901458
VMA21,0.90140915
LSM12,0.90137976
LSM3,0.901354
IFNGR1,0.9013206
DALRD3,0.9012838
RELL2,0.9012832
LPIN1,0.901203
IP6K2,0.90119106
RBBP4,0.90118283
STIM1,0.90116906
DYNC1I2,0.90114516
NCLN,0.90113837
IFI44L,0.9011107
RNF216,0.9010572
COA1,0.90101594
UBQLN4,0.90101516
RPS16,0.9009751
PHC3,0.9009552
DDX39B,0.90093154
SEC11A,0.9009186
DVL2,0.900918
PPP6R1,0.90091276
RRM2B,0.90089566
EIF3M,0.9008883
SCMH1,0.90084195
PAK4,0.900835
PUS3,0.9008327
FADS2,0.90077597
TROAP,0.9007494
LIN54,0.9007432
XPR1,0.900736
HDAC3,0.9007268
ENOPH1,0.9007062
GNAI1,0.900706
DAZAP1,0.9006776
TPCN2,0.90065783
TMEM97,0.9006479
UTP6,0.90063936
HMGB1,0.90061253
FEM1B,0.90060455
CEP57,0.90058905
CSTF1,0.9005652
TNFRSF1A,0.90054053
UBC,0.90051174
NDE1,0.9004866
EIF2B1,0.9004309
SEMA6C,0.9004249
NUFIP2,0.9004138
TXNRD1,0.90036637
REXO1,0.900314
LYRM4,0.9003062
EEF1G,0.90026724
PDXK,0.90025544
TKT,0.90023726
EEF2K,0.9002184
FGD4,0.9002173
PDXDC1,0.90019757
RACGAP1,0.90015817
HAUS3,0.90014935
DGKA,0.9001455
SRPK2,0.900112
CNTNAP1,0.90008456
GOLGA4,0.90006495
FURIN,0.90003353
RPN2,0.9000158
USP10,0.9000038
BABAM1,0.8999147
RCC1,0.8998528
FDXR,0.8998014
PERP,0.8997428
RUSC1,0.8997407
EIF2S3,0.89967585
PLEC,0.8996459
EHD1,0.89964265
ZMIZ1,0.8995781
DAB2,0.89956325
SENP1,0.8995453
TGFBR1,0.8995188
UROD,0.89949256
COL7A1,0.89946526
RAB2B,0.8994397
KIAA2013,0.89941055
NFYA,0.8993826
NDUFS6,0.8993063
NFE2L1,0.8992966
TOP2A,0.8992746
ATP11B,0.899261
POLR2A,0.8992436
RAB5A,0.8992292
ORAI3,0.8992291
MTUS1,0.8991998
RPA1,0.899196
GNA14,0.89912075
NUDT19,0.89907163
DGKD,0.8990462
FARP1,0.89904004
GANAB,0.89902365
RMND5A,0.89898705
COL4A6,0.8989529
HPS3,0.89894813
ARID4B,0.8989329
RUVBL2,0.8988691
NUBP2,0.89885
ZNRF2,0.8988484
MIA3,0.8988173
QPRT,0.8987979
CBX2,0.8987488
EMC9,0.8986967
RRP1B,0.8986397
MAN2B1,0.89863294
TLE4,0.89858806
PHF8,0.8985633
EFCAB7,0.8985613
BDKRB2,0.8985462
NCF4,0.898519
ANAPC4,0.8985052
NDOR1,0.898502
IWS1,0.89848775
MAP4K3,0.89847004
CMPK2,0.89841974
GTPBP2,0.8983928
CNOT1,0.8983748
JMJD1C,0.8983438
LPGAT1,0.8983344
CLIP1,0.89831305
BFAR,0.89829
HERC2,0.8982524
NUP107,0.8982218
ST3GAL1,0.89822
SRD5A1,0.8982184
LIG1,0.89818704
ALDH18A1,0.8981787
ARFGEF2,0.89809215
POLR3D,0.8980688
POM121,0.8980681
ADH5,0.8980583
COPA,0.89802283
NRF1,0.89797467
GAS2L1,0.89797294
UBA2,0.89796203
DDX42,0.89794505
RPS15A,0.8979352
PRPF8,0.89792526
PI4KB,0.8979166
TMED5,0.8979058
SLC22A17,0.89789873
FTH1,0.89789075
RFC4,0.8978696
EIF5B,0.89786625
DVL1,0.89786285
TES,0.8978506
EIF3J,0.89780885
ENO3,0.8977666
TRIM11,0.8977581
NFIA,0.897676
RPL8,0.89766896
MPP2,0.89764017
ARPC5,0.89761865
CUL3,0.8975778
VDAC1,0.8975536
IL4R,0.8974585
PPP4R2,0.8973952
CCR7,0.89735496
AVL9,0.8972923
RPL19,0.8972633
BRD1,0.89722884
RPS6,0.8972195
NLRP3,0.8971849
MRPL17,0.89718086
WDR18,0.89714026
TUBA1C,0.89711916
CAPZB,0.8970171
RBM15B,0.8969507
TFDP1,0.8969442
RHOBTB1,0.8968882
NR2C2AP,0.89687467
STARD4,0.89686364
WDHD1,0.8968316
XRN2,0.8968097
PAICS,0.8968086
ADAMTS7,0.8968067
IPO13,0.89680165
THOC1,0.8967696
DDX1,0.8967468
ANXA1,0.89671475
WLS,0.896669
MYO9A,0.8966679
PLOD2,0.8966589
TBC1D32,0.8966513
RPS6KA2,0.896616
PTPRJ,0.8965637
ALG9,0.8965061
CHID1,0.89650595
WASF2,0.8964897
PTPN14,0.89646995
NDUFV3,0.89643025
ARMC8,0.8963428
MAML3,0.89633566
RNGTT,0.89631504
NIPBL,0.89627874
MRPL3,0.8962686
IPPK,0.8962522
LAMB1,0.8962519
TMBIM6,0.89625186
IPO5,0.89622253
FUCA2,0.8961821
REV3L,0.8961808
YBX3,0.8961328
PSMA5,0.89610755
PEX11A,0.89609444
NKD1,0.8960815
SMDT1,0.8960657
ZNF398,0.8960553
FPGS,0.8960061
DNAJC13,0.8959813
YPEL5,0.89595616
SLC12A8,0.8959336
PLOD1,0.8959309
RASAL2,0.8959099
RGS10,0.8958909
AP1G1,0.89585155
MAN2C1,0.8958221
ZNF131,0.8958027
ASB6,0.8957796
TLN2,0.8957775
IBTK,0.89577407
SFN,0.8957715
RER1,0.895771
RPL12,0.8957185
PDS5A,0.89571
PCID2,0.8957072
BIRC6,0.8957072
SLC25A24,0.8956545
MBD2,0.8956451
FAM13B,0.8956313
CKAP4,0.8956296
MRPL24,0.89562756
ATP6V0B,0.8956204
SRRT,0.8955747
CCAR1,0.8955614
NOMO1,0.8955503
CERS2,0.8955264
HM13,0.8955081
LAPTM5,0.895498
LUC7L3,0.8954609
TUBA1A,0.8954566
TYK2,0.8954346
MAGOH,0.89543283
KPNA4,0.89542717
SDC2,0.895408
FIG4,0.8953806
MIS18A,0.895362
ATG2B,0.89535016
FBXO30,0.895338
FXR2,0.8953323
PKD1,0.8953242
TAF11,0.89531785
DIAPH1,0.895312
FLOT1,0.89530265
PTPN22,0.8952859
OPLAH,0.89528036
PSMA1,0.8952488
KIF20B,0.89524734
LMOD1,0.8952282
KCNK5,0.89522326
NCAPD2,0.8952077
TNS3,0.8951993
RBM39,0.8951757
ICAM2,0.8951748
ARF3,0.89517003
GALNT2,0.8951239
COTL1,0.89510787
HCFC1,0.89507574
TRIP11,0.89504886
PIP5K1A,0.8950471
KIFC3,0.89500827
PUM2,0.89498687
OPTN,0.8949826
NAP1L4,0.89497733
TAOK1,0.8949229
PARD3,0.8949225
MSH3,0.8948554
NLE1,0.89477295
FTSJ3,0.89469445
G3BP2,0.8946258
SRP9,0.894621
LDB1,0.8946166
FOXRED1,0.8946134
RICTOR,0.8946088
FBXL20,0.89456195
GUF1,0.89450586
MZF1,0.8945006
NIPSNAP1,0.894475
EMC2,0.8944742
RAPGEF1,0.8944337
MTHFD1L,0.8944246
FKBP8,0.8943978
IFI16,0.8943937
UQCC1,0.8943908
DGKI,0.8943801
LAT2,0.8943218
CLIC1,0.894303
MLX,0.89429444
ASCC1,0.8942437
UGDH,0.89423656
MICU1,0.89417547
EGR2,0.8941648
ESYT2,0.8941078
SF3B2,0.8940976
UQCC2,0.89408845
RBCK1,0.89407414
LGALS3BP,0.894073
PTPRM,0.8940644
SH3KBP1,0.8940327
ELOVL6,0.8940085
C9orf72,0.8939283
NEIL2,0.89390516
USP6NL,0.8938983
TATDN2,0.89387554
PTBP2,0.8938702
NBEAL2,0.8938305
DIAPH2,0.89382285
GEMIN8,0.89381135
PDLIM5,0.8937951
UBTF,0.89378446
PCDH18,0.8937744
SH3RF1,0.8937497
UBR4,0.89373547
OBSCN,0.8937282
HNRNPUL1,0.8937099
CPSF4,0.893684
PFKM,0.893663
HYOU1,0.8936525
CNN2,0.89365137
PI4KA,0.893638
KCTD3,0.8936326
LINGO1,0.8935806
TPGS2,0.8935637
HOMER2,0.89351904
JMY,0.8934088
EGLN1,0.89338374
ICAM1,0.8933073
SPCS2,0.89330286
TOP3A,0.89326966
ARSJ,0.8932283
COBLL1,0.8932241
NRIP1,0.8931989
FBXO21,0.8931753
MAP3K6,0.8931741
POLR3E,0.8931633
TEAD1,0.893158
UCK2,0.89311886
DENND2A,0.8930929
ENTPD6,0.89307284
MCM9,0.8930502
DLG1,0.8930139
PABPC1L,0.8929689
BRD9,0.89292777
GOLM1,0.89292765
IDUA,0.89289874
MCM7,0.8928696
DNAJC24,0.892777
HLA-B,0.89273334
CYB5B,0.8926766
SEC14L1,0.8926457
LCAT,0.892643
MAN2A1,0.8926162
UBE2K,0.8926036
RPS23,0.892598
RAB14,0.8925975
MBNL1,0.89259595
PPP6R3,0.8925937
EPB41L2,0.89251655
RFX3,0.892499
NEK9,0.8924826
ICMT,0.8924597
CELSR3,0.892424
CPNE3,0.8923978
PHKA2,0.892392
SP1,0.89234453
MED23,0.892284
HS6ST1,0.89227706
MATR3,0.8922404
ZNF81,0.892225
PAFAH1B3,0.8921891
CRYZ,0.89216954
FAM98B,0.89212817
LRP8,0.8920958
ITGB5,0.89209247
ARF1,0.8920846
B3GNT5,0.8920567
FOXP4,0.891972
DYNLL1,0.8919625
NCOA2,0.8919485
ASPHD1,0.8919373
RAB5C,0.89193
UGP2,0.8919232
EFEMP1,0.89189196
STT3A,0.8918638
UNC45A,0.8918443
ACTR3,0.89183927
LIMD1,0.89183384
RDX,0.89177245
STK38L,0.8917412
HIRA,0.8916991
JAZF1,0.8916736
TACC3,0.8916723
PLA2G4A,0.89162874
TST,0.89162683
SENP8,0.8916199
SRSF5,0.89160407
HAGH,0.8915984
NEDD4L,0.89155215
RNF138,0.89154005
RGP1,0.8915255
EIF2B3,0.8914387
GSTZ1,0.8913946
BMP1,0.8913856
WBP1,0.89137185
CDK2,0.89136666
NDUFAF2,0.89135087
EPHB3,0.8913144
DAPK3,0.89127076
RPL35A,0.8912562
NSUN5,0.89120007
IFIH1,0.8911495
GRN,0.8910619
TMEM126B,0.8910528
TAOK2,0.89104676
GOSR1,0.8910465
ITPA,0.8910034
TAMM41,0.89100236
METTL21A,0.8909666
KIF21A,0.8909539
UBE2R2,0.89089674
AQR,0.89088243
CETN2,0.89084065
SH3GLB2,0.89074975
FMNL2,0.8907088
COX5A,0.8906843
LMTK2,0.8906708
RCOR3,0.89061564
PNP,0.8905718
NINJ1,0.8905486
PANK4,0.8905002
PHKB,0.8904101
KIF17,0.89038736
CSDE1,0.890373
FOXN3,0.8902875
UHMK1,0.8902839
PIGF,0.890265
RHNO1,0.8901597
DSP,0.8901434
DDX46,0.89012665
PRCP,0.8900838
SPIRE2,0.8900668
FCHO2,0.8900357
TRAPPC12,0.8900342
WSB1,0.8899813
CAD,0.8899527
MEF2D,0.88991874
ARHGAP31,0.8898885
METTL7A,0.8898649
SLC4A2,0.8898358
KLC1,0.8898264
RRN3,0.88980246
PSPC1,0.8897891
LIN9,0.88973016
DUSP16,0.8896926
PAGR1,0.88967824
DNAJC9,0.8896732
EIF5A,0.88967115
SETD2,0.8896637
ASH1L,0.88965505
UBA6,0.88964766
PTGFRN,0.889615
MORC2,0.88959265
RND3,0.88956296
NFATC2IP,0.88951313
PPP4C,0.8894923
ELP2,0.88944036
METTL22,0.88943744
LAMC1,0.8894244
NSUN2,0.8893827
STIP1,0.8893654
B4GALT3,0.88935286
USP32,0.8893521
GINS1,0.88934934
CREB3L4,0.8893276
TMOD3,0.8893258
PPP1CC,0.8893155
NAE1,0.8892832
HGS,0.8892816
VPS54,0.88927937
PDIA3,0.8892424
NDUFB5,0.8891845
CTDP1,0.88918114
IQGAP2,0.8891787
GLRX5,0.88916504
PELI2,0.8891203
RTKN,0.8891096
TNKS,0.8890909
HAT1,0.8890617
MFSD12,0.88903874
VPS25,0.8890348
OTUD5,0.8890095
EFNB3,0.88899666
PFN1,0.8889249
SRSF9,0.88891345
PDRG1,0.88890743
MRPL51,0.8888995
GTPBP4,0.8888988
IFI30,0.88883245
INPP5B,0.88879365
BCKDK,0.88876534
FHL1,0.88867533
HLCS,0.88859326
BTF3,0.8885909
IL1RAP,0.88858813
NMRAL1,0.8885843
METAP1,0.88855994
IRS1,0.88851905
SLC39A1,0.8885179
KIFC1,0.8884836
EFNA4,0.8884754
ARF6,0.88840616
LRPAP1,0.8883593
ZNF664,0.888348
OGT,0.8883444
RPS3,0.8882544
KIF2A,0.8882323
NMB,0.88820887
GNAL,0.8881947
POLA1,0.88817936
MCM3AP,0.8881449
CNOT2,0.888114
MYCBP2,0.88808185
PAFAH1B1,0.8880813
TRAPPC10,0.88806397
SRPK1,0.8880447
IGFBP7,0.88804114
IPO8,0.8879841
PARP3,0.8879822
ACTB,0.8879527
GLMN,0.8879299
BLOC1S4,0.8879256
RSL1D1,0.88788974
PDE3B,0.8878834
USP43,0.88785183
NDUFAF6,0.88784885
TRA2B,0.887844
SLC39A7,0.88773346
IFNLR1,0.8877283
GPC1,0.8876604
SLC40A1,0.8876521
BCL2L2,0.8876383
ATP6AP1,0.8876353
MAF1,0.88760704
HADHB,0.88760203
STX6,0.88753134
GMEB1,0.8874618
SATB2,0.8874471
NFATC3,0.88744456
MAP3K2,0.88744354
PIGK,0.8874261
TIPIN,0.8874059
S100PBP,0.8874057
FBXO38,0.88735133
NLRP1,0.88733697
IRF9,0.8873149
ITGB1,0.88729787
FECH,0.88728446
UBAP1,0.8872523
ASPH,0.8872221
HUS1,0.8872172
ANKRD28,0.88720083
PIK3C3,0.88707596
DAB2IP,0.88706046
EHMT1,0.88697374
MAT2A,0.8869473
ODF2,0.8868489
RHOG,0.8868487
CNIH3,0.88680774
GORASP2,0.88679546
RNPS1,0.8867919
RRP12,0.8867667
MBOAT2,0.88671905
IL10RA,0.88660043
RPS19,0.88655525
MYH14,0.88647795
ZNF101,0.8864474
INTS10,0.8864384
DDRGK1,0.88641053
IFT20,0.88639814
AKR1A1,0.8863563
NRBP1,0.88635534
ANAPC15,0.8862955
PRR12,0.8862917
SPTLC2,0.88624233
G3BP1,0.88622314
NDUFV1,0.88616717
JAM2,0.8861331
LMO7,0.88611156
PMEPA1,0.88601834
HSPG2,0.8859435
GNB5,0.8859325
MAPKAPK2,0.88591456
VAPB,0.88591045
KIF26A,0.8859079
AFMID,0.88586
PTBP1,0.88582
DGKE,0.8858025
ITGB7,0.88577473
TSN,0.88576806
MRPL1,0.88569635
PTPRU,0.8856736
MAP1LC3B,0.88566387
PREX1,0.8856061
MARK3,0.88559854
PGAM1,0.8855587
KCNAB2,0.8855546
CHN1,0.88546205
NDUFA5,0.88545084
REEP2,0.8854367
HLA-DPB1,0.88541865
MYL12B,0.8854166
UAP1,0.8853704
DERL2,0.8853597
TRIM3,0.88533026
PITPNA,0.8853274
ARIH1,0.8853164
EXOSC7,0.88528496
GPCPD1,0.88519454
RAB1A,0.8851723
INCENP,0.8851668
NDRG3,0.88513887
UPF3A,0.8851199
TAF4,0.8851069
UBE2W,0.88510597
CD69,0.8851005
RPLP2,0.885099
DDX50,0.8850773
GDPD5,0.8850751
LIG4,0.885065
PSMB5,0.88504773
HSD11B2,0.8849629
ASGR1,0.88496006
MDK,0.8849093
FBXO25,0.88486326
ELOVL5,0.88474387
HELQ,0.88472795
USP25,0.8846924
DISP1,0.88458174
DDX54,0.88457537
POFUT1,0.8845503
ATP11A,0.88453615
HLA-C,0.88452333
MED24,0.8844858
UBE2H,0.8844724
ACO2,0.8844637
POLR3G,0.8844468
RPL26,0.8844237
PPL,0.8844168
ATP8B2,0.88439727
DAP3,0.88432574
NOL6,0.88431543
MPDU1,0.88429415
TRAPPC5,0.8842551
PEX14,0.88420707
FIS1,0.8841341
FAF2,0.88411754
APOOL,0.8841068
LMAN2,0.88403434
CBX4,0.88403237
DDX23,0.8840047
HAAO,0.8839491
LONP1,0.8839244
PALLD,0.8838059
THOC2,0.8836903
HDAC2,0.8836828
SLC9A3R1,0.8836548
KAT5,0.8835777
MPC1,0.8834955
UBE2V2,0.88346475
MARS2,0.8834552
TNRC6A,0.8834348
MTX2,0.88343096
PRPF19,0.8834306
LMNB1,0.88338304
DHRS1,0.88335496
RPTOR,0.88334817
PSMD3,0.8833411
COPZ2,0.88332945
LYPD6,0.88325673
EVI2B,0.88325346
TOR1AIP2,0.88321644
EDEM3,0.88311857
GYPC,0.883103
ARHGAP12,0.88310015
RAD51D,0.8830696
FBXO8,0.8830641
DNAJB4,0.8830333
AHCY,0.88299185
CRABP2,0.88297457
RFX5,0.8829729
MYBBP1A,0.882924
GLS,0.8828542
HPS1,0.8827711
POU2F1,0.8827212
PRPF4B,0.8826558
DPH7,0.8826017
MAP2K5,0.88255745
KDM3B,0.88255423
GTF2F1,0.882544
LRIG2,0.8824684
SNX3,0.8824581
LNPEP,0.8824109
HSPBP1,0.8823703
GTSE1,0.8823289
TRPV4,0.8823201
ESYT1,0.8823096
LAMA3,0.8822896
PVR,0.8822453
CHTF18,0.8821234
EIF1,0.8820394
SMURF2,0.8820234
WDR70,0.88201386
NFASC,0.8820134
SH3D19,0.88194025
SOS1,0.88192475
MYO1C,0.88187
MPRIP,0.8818173
COPB1,0.8817403
SUPT16H,0.88171494
MAFG,0.88170785
LAMB3,0.8817037
GADD45GIP1,0.88170123
PAN3,0.88169265
KANK2,0.88167864
TNRC6B,0.88162696
RNF169,0.8816237
RPS8,0.8815883
IPO7,0.8815752
CHI3L1,0.88152754
WDR4,0.88152426
MAP3K11,0.8814955
PACSIN3,0.88149494
IQGAP1,0.88144296
HERC6,0.8813838
NMT1,0.8813652
PPRC1,0.88136315
ITM2B,0.88136053
PMPCB,0.8813358
MKNK2,0.881226
TRAF2,0.881211
EIF2S2,0.8811895
PRPF40A,0.88114184
NMT2,0.8811276
NUDT12,0.88111454
PKN3,0.8811112
BCCIP,0.88109547
MAN1A1,0.8810844
AMMECR1,0.88099664
RAB8B,0.8809923
HEXA,0.88096195
MST1,0.8809101
MED15,0.88089156
NAP1L1,0.8808592
FBXL19,0.88083535
HNRNPM,0.88082385
DSTN,0.8807995
KCTD1,0.8807301
APBB2,0.8806622
DYNLT1,0.88065046
SLC2A1,0.8806086
PRMT3,0.8805942
SLC12A9,0.8805889
DNAJC10,0.88057387
RPL41,0.8805597
CD53,0.8805561
CALM2,0.88054335
LAMP1,0.8805403
PLCE1,0.8805323
GNG12,0.8805224
PARS2,0.8804373
FGD1,0.88040835
CBR1,0.88035333
TYW3,0.8803518
EHD4,0.88033295
IDS,0.8802559
IP6K1,0.8802426
EVC,0.88022137
RPS27,0.8802152
SSU72,0.880097
NUP153,0.8800432
LSM4,0.88000506
INTS9,0.87995046
MFSD2A,0.87993485
MAML1,0.8799179
FBXL5,0.8799004
HNRNPUL2,0.8798824
DIABLO,0.8798689
SCFD1,0.87982476
MYO10,0.8797957
TEAD2,0.8797901
GCA,0.8797657
ZNF710,0.8797455
MAP1B,0.87971586
HMGCS1,0.8797046
MAGI2,0.8796925
TUBGCP2,0.87955344
PITPNM1,0.8795524
HNRNPH2,0.87953085
MRPS18A,0.87952924
PARN,0.8794741
LZTFL1,0.87945735
CXXC1,0.87945515
GLE1,0.879446
NLK,0.879272
IFT46,0.87919575
HNRNPU,0.8791738
SLCO3A1,0.8791411
MMP11,0.8790847
PGM2,0.8790464
SNCA,0.87894905
GPR153,0.8789142
LDLRAP1,0.8789101
LMAN1,0.8788701
NFYC,0.87880945
ADAM17,0.8788017
FBXW2,0.878788
NBAS,0.87873036
CHMP3,0.87870646
MAPK11,0.87869376
PLEKHG2,0.87868226
LAMP2,0.8786556
APBB1,0.8786393
ESRP1,0.878626
MSRB3,0.87853557
POLQ,0.87850887
CDK19,0.8785066
SRP68,0.87849545
POGZ,0.8784428
CENPL,0.87841624
HOXB3,0.87835103
NAPG,0.87830395
AURKAIP1,0.8782718
GPAA1,0.8782324
NANP,0.8781699
ORC1,0.8781457
GINS4,0.87813926
C3orf38,0.8781336
MASTL,0.8780987
GLUL,0.8780178
MRPS12,0.8779815
ATP6V0A2,0.87798107
BLVRA,0.87795764
GLB1,0.8779267
TBC1D14,0.87790024
EXOC5,0.8778894
PC,0.8778298
LSG1,0.8778196
ARPC4,0.8778025
TMEM258,0.87779313
PUF60,0.87772614
SRSF11,0.8776741
FLRT2,0.8776182
PHB,0.8776148
DNAJC15,0.8776128
CLSTN1,0.87754315
MLPH,0.8775095
NAA20,0.87749314
DNTTIP2,0.8774872
TOMM40,0.8774304
MAU2,0.8774244
PPP1R18,0.8774243
NECAP2,0.87741446
KLHDC3,0.87738687
SERPINE2,0.87731755
ZNF71,0.87728435
MYL6,0.8772202
SENP5,0.87720096
NASP,0.8771594
GABARAP,0.8771507
RPL29,0.8771148
DCAF4,0.87707704
PRKDC,0.8770755
ARPC2,0.8770329
FER,0.877024
AIFM1,0.8770162
RALGPS2,0.8770084
MTHFD2,0.8769974
ERI1,0.8769111
CLINT1,0.8768826
CEP41,0.8768796
FBXO10,0.87686133
SRP14,0.87684476
NADK2,0.87682635
PIP4K2A,0.8768236
LIF,0.87679976
DLG3,0.8767959
MEMO1,0.87671345
HIPK1,0.8766644
PCDH7,0.8766267
ZNF43,0.8766006
DNAJC8,0.8765605
HIPK3,0.87655216
POLR2L,0.87650615
GRPEL2,0.87647927
MFAP3,0.87647617
CEP250,0.87645894
HAUS1,0.8764432
NR6A1,0.87627876
SUMF2,0.8762246
GPAM,0.87620384
DDX11,0.8760857
OLA1,0.8760219
FMN1,0.8760175
CYTH2,0.8759561
CCNT2,0.8759404
RYBP,0.87593365
RAB38,0.87591624
HERC5,0.8759018
RPL7A,0.8757154
IDH3G,0.87561274
NUP93,0.87557966
PSMB2,0.87556887
ENAH,0.8755639
NFKBIL1,0.8754585
KLHL25,0.87544364
ADAR,0.87537295
NAA40,0.87537014
MID1IP1,0.8752326
LTBP4,0.8751525
PPM1K,0.87513494
CHERP,0.87511635
RCCD1,0.87510705
CMTR1,0.87494546
PDCD6IP,0.8749255
TUBGCP6,0.87492067
MBOAT7,0.8748859
ECH1,0.8748365
PSMF1,0.87482697
VCL,0.8748124
FUT8,0.87479126
ING1,0.874773
IQSEC1,0.8747324
GCC2,0.8746947
USO1,0.8745411
AZIN1,0.87453383
SF3A1,0.874531
PDHB,0.8744889
HECTD3,0.8744801
GUK1,0.87447846
APOE,0.8744579
CHCHD2,0.87444377
TIMELESS,0.87438726
MPZ,0.87433326
PGM1,0.8742955
IRF5,0.87423515
LAMA4,0.8740358
SCNN1D,0.873963
RAPGEF5,0.87394726
DPH2,0.8739325
ACTA2,0.8739007
CCDC93,0.87390053
PRPF18,0.8738787
CNOT4,0.87379503
FYCO1,0.87378174
APPL2,0.8737798
KDELR1,0.8737676
FBXW8,0.8737367
GMPPB,0.8737187
ORC2,0.8736985
GPT2,0.8736271
ALG8,0.87360483
PLEKHA7,0.8735943
ACTR10,0.8735509
MED28,0.8735405
AP3D1,0.8735341
RNF2,0.87342745
PSMB7,0.8734118
ERAL1,0.8733904
MBD6,0.87338877
PLRG1,0.8733748
ATRX,0.87327546
MED21,0.87304986
SNRPD1,0.87296367
NNT,0.8729585
CNOT7,0.8729166
PPA1,0.8728313
WDR36,0.87280613
CCNT1,0.8727929
ATM,0.87274504
CD81,0.8727307
HAUS5,0.8726857
IGF2R,0.8726086
IMP3,0.87258464
TTC37,0.8725307
MAP2K3,0.8722749
RAB27A,0.8722478
GLG1,0.8722473
NDUFA10,0.8722266
MBD3,0.87221915
RPL22L1,0.8721648
SCAF1,0.87214655
SPTBN2,0.8720199
GGCT,0.8718468
GALNT7,0.87184525
GORAB,0.8718427
KRIT1,0.8718118
MED27,0.87180734
MPHOSPH10,0.87178636
HLA-DMB,0.8716444
GRK6,0.87163633
IL13RA1,0.871636
MED13,0.87156886
EIF4G1,0.87147254
GHDC,0.87147224
RRAGD,0.87145567
LYAR,0.87141275
ORMDL3,0.8714035
LUC7L,0.8713763
DPH1,0.8713422
FN1,0.8712839
SCAMP1,0.8711585
FLT4,0.8710898
DHCR24,0.8710316
PDPR,0.8708769
INPP4B,0.8708358
PLD3,0.87078273
GBP2,0.870732
RXRA,0.8706627
FRK,0.8706273
MIER1,0.8705702
ATOX1,0.8704903
CDCA8,0.870428
MARK4,0.8704002
IK,0.870379
MTR,0.8703288
COL18A1,0.8702095
RPL7,0.87007374
MYOF,0.8700061
NDUFB4,0.8698969
RAB40B,0.8698921
FBXL18,0.8698473
PNRC2,0.869821
SMARCD3,0.86981136
PPP1CB,0.8697751
LSM11,0.86974734
HEG1,0.8696799
GALNT6,0.86966735
MAGED1,0.8696532
KLHL5,0.86961854
NOB1,0.8696126
PSMA7,0.8695529
MRFAP1,0.8694567
NUTF2,0.86945444
EMB,0.8694199
DHX37,0.869404
MAP2K7,0.8693935
SNAP23,0.8693397
NFX1,0.8693292
HMGN2,0.86932474
PSME4,0.8693222
GTPBP3,0.8692925
DIDO1,0.86928177
MGST3,0.86907244
EIF4A1,0.86904633
MACF1,0.86898583
CIAO1,0.86868954
RGS1,0.868661
VAT1,0.8686523
RUNX2,0.8685864
HGSNAT,0.868542
SFI1,0.8684266
DHDDS,0.8684056
EXOSC2,0.86838585
IFT140,0.8683793
NOLC1,0.86837316
NVL,0.86831826
HDAC7,0.868299
PUS7,0.8682873
CD46,0.8682519
PRKAG2,0.86824614
MOB1B,0.86824113
KLHL11,0.8682387
CTH,0.86818326
HIGD1A,0.8681262
SLC44A2,0.8680875
ITGA6,0.86805606
EPHA1,0.8680556
GALNT1,0.8680338
AHCTF1,0.86794394
COMMD1,0.86790955
CTSH,0.8678762
ARHGAP18,0.8678427
SCFD2,0.86783767
MRPL2,0.86781675
HSF1,0.8678092
RNF220,0.8677758
MYBL2,0.8677484
DCAF12,0.8676433
PDE7A,0.8676069
CAP1,0.867592
STUB1,0.86753976
RBBP8,0.86753386
PHAX,0.8674472
NOP9,0.86742896
PHYKPL,0.86739844
MRPS27,0.8673232
TADA2A,0.867301
NEK7,0.86730087
CEP55,0.8672608
HHAT,0.86720234
REXO4,0.86719143
RBX1,0.8671591
PRKCSH,0.8671376
SENP2,0.86706
OSTM1,0.86700493
MVP,0.8669464
RPS17,0.8668668
HNRNPLL,0.8668581
PPP1R12C,0.8668142
HNRNPF,0.8667969
CALU,0.86652493
MZT2B,0.8665197
PXN,0.86643356
RCC2,0.8664333
KMT2B,0.866403
SLC27A1,0.86640245
MRPL47,0.8662678
SEC13,0.86626494
GAK,0.86615455
PLOD3,0.86608005
NGLY1,0.8660387
MRPS24,0.86602765
KIF18A,0.86593175
MAD2L1,0.8659049
EAPP,0.86588776
DNAJB12,0.86579466
SMC5,0.8657931
TNPO3,0.86575603
PPP3CA,0.86574817
NDUFA8,0.86571395
CDC42,0.8656778
NUBPL,0.8656359
NPNT,0.86562616
SESN2,0.8655644
EMC1,0.8655611
FAM120B,0.8654742
MRPS15,0.8653519
MOV10,0.86530757
LSM14B,0.86516404
KIF1C,0.8651194
TGM2,0.8650976
EMC4,0.8650858
LSS,0.8649936
PTK2,0.86496776
DHX36,0.8649408
ALYREF,0.8649387
FAM111A,0.8648612
PPP3CB,0.8648604
LRRC41,0.86484855
SPAG5,0.8647108
OSBP2,0.86469907
MAPKAPK5,0.86465394
KIF1B,0.864635
OPHN1,0.8646036
FABP5,0.86455154
PLCG1,0.8645222
RALB,0.86440307
RAP2A,0.8643708
HMMR,0.8643249
PTDSS1,0.86432433
ENO2,0.8642943
DNM3,0.8642786
PLK2,0.86417747
CCT7,0.8640513
HLA-DRB1,0.86401165
NDUFA12,0.8639526
KHNYN,0.8638235
ERGIC2,0.8638029
NRCAM,0.86378825
NAPA,0.86367774
MUS81,0.8636483
HOXB4,0.86355174
SCAP,0.86350006
NSFL1C,0.8634399
PEX19,0.8634392
POP7,0.8633132
GSDMD,0.8632024
NUDT16,0.86317575
MYH10,0.86316687
RMI1,0.86301666
LOXL1,0.8629513
PARVB,0.86291224
FASTKD2,0.8629075
ARHGAP10,0.8628625
HSD17B12,0.86286056
CHP1,0.86281025
CNOT6,0.8627406
MSRB2,0.8626673
NDUFA3,0.8625718
PIK3R6,0.8625283
MSL2,0.86246747
MAP3K3,0.8621885
MED6,0.86215526
NELFB,0.8620954
ITSN2,0.8620632
FZD8,0.86197954
EIF1B,0.8619205
SRGAP2,0.8618186
PTPRF,0.8618082
ACTG1,0.8618057
ENSA,0.86178505
MTMR9,0.8617609
ELAC2,0.8617352
ENGASE,0.8616598
HDAC10,0.86162555
RIF1,0.8615269
PRDX3,0.8614522
HNRNPH1,0.86135644
CLN8,0.86132413
DISC1,0.86131823
HOXB6,0.86125135
MBP,0.86124384
NID1,0.8611937
FGD2,0.86116093
TRPV2,0.8611542
LSM7,0.8611348
RNF168,0.8610744
HERC1,0.86101145
PTPN4,0.86099446
MRGBP,0.86099315
PSMD12,0.8609778
MTA2,0.8609715
AUH,0.8609239
MAGOHB,0.8608925
COPS4,0.860853
RTEL1,0.86083144
NME6,0.86079526
RAB3GAP2,0.86078626
LRP5,0.86073154
CNDP2,0.8606009
NDC80,0.8605864
EPS8L2,0.8605158
LPIN2,0.86050546
LARS2,0.8604943
AP1S3,0.86045325
GADD45A,0.8604237
EXOSC5,0.86023146
PSMA4,0.8600107
PRDX5,0.8599716
RRP7A,0.8598872
PLSCR1,0.8598728
GTF3C4,0.85983014
HSPA9,0.859827
ZKSCAN8,0.8598062
TERF1,0.8597702
CSPG4,0.85961694
FGF11,0.8595461
SMC4,0.859484
HSBP1,0.8594415
DFFA,0.85932994
IFT88,0.8593076
FSCN1,0.8592379
IMPA2,0.859171
SECISBP2,0.85907274
VTI1B,0.85896015
TIMMDC1,0.8589506
MDH1,0.8589408
HDLBP,0.8589112
SUGP1,0.8589051
RBM7,0.85881495
NFKBIB,0.85874283
DUS1L,0.8587102
MPP6,0.858679
PFDN5,0.85855484
NUP155,0.85855186
PPP2R5B,0.85842466
COX18,0.85840946
DDOST,0.858399
LTBR,0.8583539
UBA5,0.8583305
PTPN9,0.858222
REEP5,0.85821915
PNKP,0.8580807
IFT27,0.8580093
MTMR2,0.85766816
GPR180,0.8576625
SWSAP1,0.8575533
NACC1,0.8575387
GTF2H1,0.8574913
MSMO1,0.85734504
BIN1,0.8572305
PRMT6,0.85722756
MRPL16,0.85719955
KIF3A,0.8571533
GOLIM4,0.8570409
PPARD,0.8569903
IFT122,0.85687697
RCAN3,0.85687023
PPARGC1B,0.8568075
NUSAP1,0.8567059
TBX19,0.8566662
MICU2,0.8566535
GTF3C1,0.8565663
PTMS,0.8562191
NRBF2,0.85619557
NMD3,0.8560903
IL21R,0.8560181
TFB1M,0.8556578
PRPF39,0.8554838
PLEKHA2,0.85546696
PPP1R16B,0.85534376
FARSB,0.85534334
KRT19,0.8553121
DPCD,0.8552927
ERCC6L,0.85524845
PLCL1,0.8552107
SLC16A3,0.85514915
ARL3,0.8550924
RAD51C,0.85505944
RABEPK,0.8550572
DCTN4,0.85502577
PEA15,0.85501057
PTPRA,0.8549894
EHBP1,0.85486114
NME4,0.8547881
POLR2G,0.85478204
IGFBP4,0.85469973
PSMD4,0.8546039
CYSTM1,0.8545164
PPT2,0.8543378
MCU,0.85433453
FKBP5,0.85418713
LLGL1,0.8541555
CRY1,0.8540912
TRIM6,0.85404307
GIPC1,0.8540405
COL6A2,0.85400903
STARD8,0.85392505
DTNB,0.85374135
PEX13,0.85370517
SACM1L,0.8537028
HYPK,0.8536326
NPLOC4,0.8536007
RRAGA,0.85355127
CHEK1,0.85342735
PLA2R1,0.8532944
MRPL45,0.8532577
DBF4,0.8531634
NOD1,0.85301745
UPP1,0.8529307
CPSF6,0.8527652
CEBPG,0.852722
MZT2A,0.85269564
ME3,0.85253555
FAM126A,0.85237235
PAG1,0.8523511
DNAJA2,0.8522829
PCYT1A,0.8522811
MRPS9,0.85211825
AMOTL1,0.85200703
ZNF680,0.8517813
RAB11FIP4,0.85176635
EMC7,0.8515646
RAN,0.8515004
EIF3G,0.8514866
IREB2,0.8514851
PRPF40B,0.8514379
FANCL,0.8513852
NELFCD,0.85137844
DNM1,0.85125256
PKP3,0.85120505
SNRPB,0.85119903
FNIP1,0.85115594
NDUFA1,0.8511517
GFER,0.8510676
LATS2,0.8510538
SRM,0.8510201
SEC24D,0.8509422
EPAS1,0.85090953
ITPR3,0.8508955
RPS7,0.85089517
MRPL28,0.85078216
RHOU,0.8506867
SCNN1A,0.8506222
GK5,0.8505637
PSME1,0.85056025
PHF12,0.8504772
ANXA6,0.85044557
KLHL12,0.85035014
SKA3,0.85027504
HSPA13,0.8501383
MTIF2,0.85011625
HDAC5,0.8500122
ST6GAL1,0.8499138
MUC3A,0.8497742
ARHGEF40,0.8495812
CCT3,0.84950244
ASS1,0.84907955
RALBP1,0.84898657
DUS2,0.8489793
KIF13A,0.8489083
NCKAP1L,0.8487652
UHRF2,0.8487223
SGIP1,0.84870183
ISG20L2,0.8487015
ISCA2,0.84865427
PIP5K1C,0.8486329
PPFIBP2,0.8486269
TNFRSF25,0.8485426
SH3GLB1,0.84851503
MYL6B,0.848358
SARNP,0.8481749
IGFBP6,0.84816396
PIH1D1,0.8481614
NTN1,0.8481201
DHPS,0.8481006
MIF4GD,0.8480173
GOT2,0.8479813
PPM1F,0.84796804
RAB20,0.84795314
KCNC4,0.8478229
ATP2A2,0.847764
HOXA5,0.8474777
MED29,0.8474562
ARSB,0.8474354
PFDN2,0.8474115
POLL,0.8474032
PEX5,0.8473433
ZNF100,0.8473088
PGRMC1,0.8472874
HEATR1,0.84719074
INO80B,0.8471536
KCNQ1,0.84703255
AP4S1,0.846922
TRIM35,0.84688026
IL17RC,0.8468691
GTF2E2,0.84686184
MMP17,0.8468499
NMRK1,0.8467022
LXN,0.84660393
NDUFA13,0.8466017
MAP3K5,0.8464605
NAA16,0.8463975
KIF13B,0.84634024
SLC35B1,0.8462362
PDS5B,0.8461601
PLAA,0.84615695
PSMB1,0.8461477
CYB5R3,0.84609747
CDC42BPB,0.8459778
ORC5,0.8459312
GALNS,0.8458834
APPL1,0.8457782
RFC2,0.8457392
GALE,0.84569126
NSDHL,0.8456479
CIAPIN1,0.8455882
LCLAT1,0.8454254
MED9,0.8453984
ITPK1,0.845287
MRPL35,0.84528303
WNT5B,0.8452219
NIPA2,0.8451518
NUMA1,0.8451514
LPCAT1,0.8451111
EIF3B,0.8450994
PLEKHG6,0.8450612
PURA,0.84503
ZNF76,0.84501004
ATRIP,0.8449836
MRPL53,0.8449615
NANS,0.84484345
RTF1,0.84483606
BOP1,0.84466875
IRF1,0.84457177
INSIG1,0.84454393
PTPN1,0.8444283
YTHDC1,0.8443066
RSL24D1,0.8442894
KNTC1,0.84427786
NUFIP1,0.84425807
MRPL34,0.8442207
MRPL11,0.8442165
TMED7,0.844174
RPP25L,0.84414464
TXNL1,0.8440607
MLKL,0.84403867
RAB4A,0.8440253
MAP4K2,0.8439215
PLIN2,0.84384584
PLXND1,0.8437954
ARID5B,0.8437306
GAA,0.84373045
F2RL1,0.8437079
POLD2,0.843676
NR2F2,0.84366757
CKLF,0.8436008
DUSP6,0.8435438
RAB10,0.84352
MECR,0.8435089
MADD,0.8434907
MARK2,0.8434819
INO80D,0.843384
CTBP1,0.8433788
GNPDA2,0.8433631
LPL,0.8432635
PEX12,0.84318006
IPMK,0.84303874
LRRC8D,0.8429097
NUBP1,0.84277123
LPCAT3,0.84276897
COG1,0.8426286
SLC1A3,0.8426111
FZD3,0.84249586
CSGALNACT1,0.84241927
ITGA7,0.84240454
FNIP2,0.8423926
ATP6V0E2,0.84221333
LDB2,0.8421889
HSPB2,0.8420867
GPSM3,0.84205234
B3GALNT2,0.84203964
PATL1,0.84200567
ISYNA1,0.8420046
NADSYN1,0.8419539
ZNF19,0.8419316
MKNK1,0.8418671
CD1D,0.841835
DOCK10,0.8417343
DHX16,0.84169066
MTF2,0.84167385
POLR2D,0.8416174
LAMC3,0.84154433
TMEM11,0.8415397
GUSB,0.8415068
PSMC5,0.8413977
GNPTG,0.84129316
ADCY1,0.84129035
HSPA4L,0.8412057
PEX26,0.84113955
CACNA1C,0.84090143
HUWE1,0.84084487
COG3,0.84083956
ZNF585A,0.84083813
MKRN1,0.8408154
D2HGDH,0.84079784
MED22,0.8405011
NOC3L,0.84041834
GTF2H3,0.8403852
PPP1R9B,0.84015495
GJA1,0.8401487
PTCD3,0.83994246
RABGGTB,0.8399297
AGPAT3,0.8397944
SLC1A1,0.83971393
ALG13,0.8396762
UBE2A,0.83966655
SEC24C,0.8396088
DNAL1,0.8395977
DBT,0.83955085
EPC1,0.8395289
MAP4K1,0.839504
GTF2E1,0.8394647
CBR4,0.8394116
THOC6,0.83939373
TUBA8,0.8393821
ADIPOR1,0.8393115
MRPS2,0.83928657
TIMM17A,0.8392391
RXRB,0.8391343
IKZF4,0.8391331
GALNT3,0.8390913
RPL36AL,0.8389461
IRF2BP2,0.838938
KCNIP2,0.83892965
MRPL38,0.8388114
SOCS7,0.8385441
GLRX,0.8384937
METTL4,0.8384743
MTMR1,0.8384654
LSM2,0.83844733
LSP1,0.83843774
CBFA2T2,0.83840334
GPN3,0.8383725
THADA,0.8381961
C1R,0.83817863
DERA,0.8381365
BTN2A1,0.8379256
ZNF569,0.8377154
LTB4R,0.83760136
RBM34,0.83754176
HTATSF1,0.8374722
E2F6,0.83735305
POMP,0.83729696
MED25,0.83714163
PI4K2A,0.8371183
PUS1,0.8369643
SUPT3H,0.83690244
PNISR,0.836867
KLHL42,0.83678347
ZNF528,0.83678097
DPY30,0.83676827
TAF7,0.83653116
PAXIP1,0.83650285
GRAP,0.8362928
PES1,0.8362474
RAD23A,0.8361939
ITGAE,0.83614266
EIF4G2,0.8360907
ATP6V1D,0.836053
FKBP4,0.8358647
MDFIC,0.83573484
NEDD1,0.83571166
GCDH,0.8355004
PPP2CB,0.835351
RCOR2,0.83515257
ZNF133,0.8351302
MIDN,0.83502936
CDH24,0.8350228
SERPING1,0.8348179
ARHGAP25,0.8347499
ATAD2,0.83474094
MFN1,0.8347043
PISD,0.8347033
MRPS6,0.83457816
DCTPP1,0.8345223
UNC119B,0.8345188
INO80C,0.83446896
PLXNA2,0.834406
TNPO2,0.8343858
YIPF2,0.83425814
DCAF13,0.8342078
NAB1,0.83419836
P4HA1,0.8341864
PACS2,0.8341382
IFNAR1,0.83408606
MGAT2,0.83391494
CPT1B,0.8338487
TTF2,0.8338322
PDLIM7,0.8338126
RPRD1B,0.83380437
FXR1,0.8336958
RORC,0.8334795
QDPR,0.8332609
SMARCC2,0.83307433
HMGXB4,0.8329977
ATP6V1C2,0.8329632
SLC44A3,0.832874
TSEN2,0.8328578
CHCHD1,0.83285606
YTHDF1,0.8327309
ATG13,0.8326714
PRKAG1,0.8326462
FEM1A,0.8326314
LPCAT4,0.8326308
PDLIM1,0.83254594
MINK1,0.832485
MEX3C,0.8324542
PFKFB3,0.8323386
ARL4C,0.8323349
SESN3,0.8322873
DDX56,0.83222306
MRI1,0.832154
TMED3,0.8320486
CHUK,0.8320156
FAM110A,0.8319984
MKKS,0.8319691
RPA2,0.83190227
ARNTL,0.83186245
LAMC2,0.8318535
IDE,0.8318455
CSE1L,0.8317362
NOP16,0.83170134
PSAT1,0.8316802
UGCG,0.83164215
SMG6,0.83162344
GIGYF2,0.831592
CPSF1,0.8314768
PPARA,0.83137
TMEM107,0.8313423
ITGA1,0.8312883
NCBP2,0.8311302
KDM4B,0.8310543
NFS1,0.831051
MYO5B,0.8310449
GPN2,0.83073175
RPS12,0.83063215
LTBP1,0.83059496
CHMP2A,0.8305891
GNPDA1,0.8305768
AP2A2,0.83045626
GEN1,0.8304403
WDR48,0.8303963
TNIP2,0.8303871
SPRY4,0.8300232
RFXAP,0.8299218
ME1,0.8298963
PNPLA4,0.82976925
SLC7A6,0.8297475
HAUS2,0.8297007
PIWIL4,0.82966703
HEBP1,0.8294395
CPE,0.82933426
RPL7L1,0.8291948
KDM2B,0.8290325
KLC2,0.828958
FAM91A1,0.8289543
HMGB2,0.8289054
PHF20,0.8288977
GATM,0.8288971
SHB,0.8285617
FARP2,0.8282709
PHF1,0.8282038
BLOC1S5,0.8281466
PNO1,0.82811826
RPL37,0.8280126
PPP1R11,0.8279062
PTGER2,0.8278235
PFDN6,0.8274914
UBE3A,0.82748073
TSPAN33,0.82740587
NUCB1,0.8273764
RND1,0.82729006
STAG3,0.8272692
DPF2,0.8272355
UBE2E1,0.8271942
POLR3A,0.8271803
PRR5L,0.82714266
USP19,0.8268804
MFAP1,0.8267402
AHCYL2,0.8267228
ACTR8,0.82669574
SEC22A,0.82664585
SH3PXD2A,0.8265747
TRIM22,0.8265473
GPX8,0.8261372
ODC1,0.82601756
SKP1,0.82600176
NME2,0.82589346
SRGAP1,0.82572883
MTMR6,0.82571954
WDR3,0.8256837
LY86,0.8255659
MBTPS1,0.8255459
IVNS1ABP,0.82554483
PIGQ,0.8255069
NSUN6,0.8252161
GNS,0.8251644
RPS13,0.8251074
CKAP2L,0.8250798
RALGAPB,0.8249122
PTPN7,0.82478654
NUP43,0.82474494
RAB1B,0.82436895
ELL2,0.8243362
CWF19L1,0.8243266
RNF152,0.82430977
MMAB,0.82427984
YRDC,0.82388467
MEIS2,0.82381886
WASL,0.82369566
OSTC,0.8236717
PPP1R3D,0.8236634
MPP1,0.8236315
TCF7L1,0.8235766
EYA3,0.8235522
STX12,0.82352877
KDM1B,0.823443
MRPS35,0.8234429
FANCB,0.82337636
TRAF3,0.82335496
COMMD8,0.8229248
ARID4A,0.8228756
SF3B5,0.8227266
CTSD,0.8226991
PTPN2,0.82268864
GET4,0.8226747
EIF2AK4,0.8225881
CCNG2,0.82242495
SUGT1,0.82238954
UBL7,0.8223603
SNW1,0.82235336
ZNF780B,0.82234424
MRPL18,0.82229644
PJA2,0.8222252
PLXNA1,0.8221289
SCARA3,0.82195824
PPP2R5D,0.8216946
KIF20A,0.82168365
DOCK11,0.82166404
E2F2,0.82159895
CHST12,0.82151973
TBC1D24,0.8214117
TYRO3,0.8213943
RUVBL1,0.8210845
PLP2,0.82091516
ROR1,0.8207507
WWC1,0.8206358
LOXL3,0.8206275
HLX,0.820581
DPH6,0.8205749
SART1,0.8205191
SEH1L,0.8204544
DHX9,0.8203138
PSENEN,0.8202166
SRRM1,0.82018125
C7orf26,0.8201629
LRRC49,0.8201248
MFF,0.82003486
CHORDC1,0.82002777
CDC7,0.8200035
CYCS,0.81996095
CSTF2,0.8199034
KIF4A,0.8198919
RBL2,0.81986237
KHDRBS1,0.8196258
PIP4K2C,0.81952447
FAM3C,0.81945145
RPP30,0.8192748
UMPS,0.8192275
MED7,0.8191265
LRP1,0.81901366
SRSF4,0.81896085
RAC2,0.818844
ASXL2,0.8186549
NT5C3B,0.81864846
MXD1,0.8185909
RAB11FIP1,0.8184937
RPL23A,0.8184163
OXSM,0.81840587
SETD7,0.818236
ZNF251,0.8182274
NEIL3,0.8182009
MYL12A,0.81819874
LARP7,0.8181182
PABPN1,0.81798476
BIN2,0.8179026
ERRFI1,0.81789666
YIPF1,0.81785303
MSH5,0.8176939
GNPAT,0.81768847
CORO1C,0.817522
CBY1,0.8175048
ZFPM2,0.8174504
UBE2Q2,0.8174334
HSPH1,0.81742847
UCHL3,0.8174157
RPS6KA1,0.8173133
TSPAN5,0.81707376
HSPB8,0.8169662
PIK3AP1,0.8168271
DOK2,0.8167721
TLE3,0.8166905
PSMD2,0.81657094
IMP4,0.8164754
VDAC2,0.8164613
SAMM50,0.8162673
STT3B,0.8162096
YIF1A,0.81609035
TGIF2,0.8159124
MAPK14,0.8157592
SNX6,0.8157556
STK25,0.8156183
ECSIT,0.8155038
NAF1,0.8154043
PBX3,0.8152198
RPS11,0.81512135
BNIP1,0.8150975
MFGE8,0.8149363
PPIG,0.8148786
FANCI,0.81483513
SREK1,0.8146551
DENND4B,0.8146027
SLAIN2,0.81456167
TWF1,0.814144
PIK3R3,0.81412554
RPL24,0.81407315
PRPF38A,0.8138955
MRPL33,0.8138467
STAM2,0.81363934
FBXL2,0.81346184
BSG,0.8134067
UBR1,0.8133712
PSMB8,0.81327045
WDR5,0.81320506
MFSD10,0.8131507
RPS20,0.8131356
RAB30,0.81311303
ANO1,0.8127677
HMOX1,0.8126578
MAPK7,0.81262136
VPS4B,0.81255555
SAT2,0.81250703
ZFYVE26,0.8124482
RPL28,0.8122059
MX2,0.8121407
COPG1,0.81197846
SMAD7,0.811942
ZC3H13,0.8119217
TRIM37,0.8117994
PSMG3,0.8117214
UBE2L6,0.81121665
RRM1,0.81117606
PDE8B,0.81111646
MZT1,0.8110804
PRMT1,0.8108546
TRMT11,0.8108014
MIS18BP1,0.8107334
PPAT,0.81062055
NT5C3A,0.8104001
RPGRIP1L,0.8098755
PGAP1,0.8098437
LAS1L,0.8097696
UQCRH,0.80970395
PEX7,0.8096091
SERGEF,0.8095669
SESN1,0.8093877
NCK2,0.8093447
SNX33,0.80909383
PAK1IP1,0.8090792
SAFB2,0.80903757
RIC8B,0.80900216
TFDP2,0.8089961
GPD2,0.8088677
PTPN13,0.80877346
KANK1,0.80876505
PKD2,0.8086356
VPS37B,0.8085943
PCYT2,0.80848235
ITGB4,0.80835634
HEXB,0.8082886
FBXL12,0.8082407
ST13,0.80821556
SIN3B,0.80821204
REEP4,0.8081364
ZFP14,0.8079954
LAMTOR3,0.8079942
VPS28,0.8079509
PLEKHA8,0.80771714
USP3,0.8077069
PPIL4,0.8076617
DLC1,0.8075386
MBTPS2,0.807262
API5,0.80725116
SUV39H2,0.8072417
ECHDC1,0.80715394
SLC22A4,0.8069804
STARD13,0.8069253
NOL10,0.8066523
RRAGB,0.8065651
PSMB6,0.80646825
LIPA,0.8064323
DDX10,0.80642945
NLGN2,0.8064253
TBPL1,0.8061905
EIF2A,0.8061286
RPAP1,0.8061054
WDTC1,0.8059232
CENPA,0.80587906
DXO,0.8058508
HTRA2,0.80581236
PPOX,0.8056643
SNRNP48,0.8056615
EIF4EBP2,0.8056259
NUDC,0.80550265
TSFM,0.80519146
PGAP2,0.80505276
SKAP2,0.8049494
GNG11,0.80494034
ITGAX,0.8048619
SYNE1,0.8047449
NRP2,0.8047152
TUBGCP4,0.8046255
SHCBP1,0.8046036
PMP22,0.804406
PARVG,0.8043942
NPHP3,0.8041445
ALPK1,0.80413365
RAD23B,0.80362177
SAP18,0.8034552
DTX3L,0.8033679
PPM1A,0.8033343
TCIRG1,0.803329
RGS17,0.80330294
TBC1D10C,0.80328006
MRPS18B,0.8032551
YTHDF2,0.80311203
NECAB3,0.80310345
TBXAS1,0.80309194
RBP1,0.8030916
SURF4,0.8030836
WBP4,0.80271995
SMC2,0.8025411
NFRKB,0.8024827
MRPS26,0.8024646
SPPL2A,0.8022934
SASS6,0.8021849
TTI1,0.8021116
OTUD7B,0.8019137
PNPT1,0.8018386
RNF24,0.8017422
GPD1L,0.8016689
TERF2IP,0.80158126
RBM4,0.8015405
TRAFD1,0.8015131
NEU1,0.8014335
WNK1,0.8013559
NAA25,0.80125576
LONP2,0.8010524
PLK3,0.80093026
LRRC47,0.80090225
STAT1,0.8007429
TJP1,0.80074245
NMI,0.8005917
LATS1,0.80055743
ZNF7,0.8005312
VPS11,0.80043566
RGS5,0.8002306
ABI2,0.79991204
KPTN,0.79982316
SCP2,0.799787
NAA15,0.7997553
CUL5,0.79971415
PRR5,0.79968786
PPP1R15A,0.7995751
SCO1,0.79956263
EIF5,0.7994656
SYNJ2,0.7992875
TRAF3IP2,0.7991241
UCP2,0.79907626
FBXO32,0.7989607
MBTD1,0.79881996
STX17,0.79872155
SMC6,0.7986907
BMS1,0.79865265
H6PD,0.7986481
HDAC9,0.7984366
BMPR2,0.79798734
GRHL1,0.7979578
RNPC3,0.79794294
PDCD6,0.7975255
SCCPDH,0.7975222
XPO7,0.797503
PIKFYVE,0.7974633
WRNIP1,0.79737526
PSMD7,0.7973074
STAU1,0.79721206
SCIN,0.79710495
TSR1,0.7971003
MRPS21,0.7968779
HBS1L,0.7968602
SUN2,0.79674745
GPR68,0.79672
TBKBP1,0.7966371
YEATS2,0.79650366
TOM1,0.7964775
DCTN2,0.79646343
PHF11,0.79642034
COG5,0.79641634
TIMP2,0.79637074
CWC15,0.7963243
PSMB10,0.79627657
RBM25,0.7962303
NOP10,0.79590994
LIN52,0.7958653
PIK3CD,0.79575855
SMPD4,0.7957067
RAB31,0.7956691
RUFY1,0.7956657
SPR,0.7956585
USP49,0.795609
HK2,0.7956014
NCAPG,0.7955861
INVS,0.795584
FBXO31,0.79558194
MEGF8,0.7955735
UQCRFS1,0.7954876
HSPA1B,0.795312
ORC4,0.79530567
SPG11,0.7952454
CUL2,0.7952257
RGL1,0.79519194
PKP4,0.7951876
LEPROT,0.79517853
YIPF6,0.7951338
KIDINS220,0.7951309
SLC19A1,0.79499346
CAPN5,0.79472136
IQCE,0.79471666
TTC5,0.79462665
NES,0.7945244
TP53BP1,0.79441947
STRAP,0.79439646
EVL,0.7943699
MIEF2,0.794311
SHQ1,0.79416126
OCLN,0.7939326
DCTN3,0.79375803
ELF1,0.79374737
TRIP12,0.7937205
NCSTN,0.7937095
TRUB2,0.7935906
IL18BP,0.79327273
SEC31A,0.793258
KDELR2,0.79317933
SGPP1,0.7930451
ERN1,0.7927757
FIBP,0.79274493
LTBP3,0.7927211
NTM,0.7927001
UBFD1,0.7922277
GPSM1,0.7921249
SERPINB6,0.7920539
CDH5,0.792025
TAF8,0.7920232
EXPH5,0.791719
EPHB2,0.7915818
ECI2,0.79144436
TAX1BP1,0.7913242
APOBEC3G,0.7911552
DDX31,0.7911344
GPI,0.79111135
TOR4A,0.7910629
SPINT1,0.7908645
FKBP1A,0.7908509
ITGB2,0.7907987
CCDC68,0.79066527
PPP2R5E,0.7905608
PARD6G,0.79035544
MED17,0.79030836
TK1,0.7902897
SORT1,0.790277
SMARCA1,0.79002625
HNRNPK,0.78958756
NOC2L,0.7895758
LGR4,0.7895069
GALNT12,0.78945005
YWHAH,0.7893581
SRP72,0.78914535
MINPP1,0.78911763
TERF2,0.78905195
UQCRC1,0.7889407
FNBP1L,0.7888572
ZNF415,0.7887991
TRAIP,0.78878087
TTC27,0.78871953
IFNAR2,0.78871596
PLCB4,0.78858894
TBCC,0.78845733
SMU1,0.7884239
VPS37C,0.7882575
SLC1A5,0.78820306
PDK1,0.78818417
ST3GAL2,0.78816646
FBLN5,0.7881517
NDC1,0.7879498
NFKB1,0.7878947
WWP2,0.78777343
ANKFY1,0.78777033
PTCD1,0.7877368
COG7,0.78736323
UBE2O,0.787334
SEMA4F,0.78721184
HSD17B4,0.7871655
TIPRL,0.7871097
PTPRE,0.78707486
NFIX,0.7868222
COX17,0.7867116
RHOJ,0.7866167
PSMD8,0.78656846
IMPDH1,0.7862551
ZNF219,0.78612983
SETX,0.7861143
SGSH,0.78609896
SEPHS2,0.7860901
ZNF566,0.78578144
RTCB,0.78572637
TPM1,0.78563374
RB1CC1,0.7856033
HEPH,0.7855249
KCMF1,0.78549594
ITGB1BP1,0.7854864
TTYH3,0.7854691
UBE2Q1,0.7854169
SEMA7A,0.78523713
MPDZ,0.7850366
UBA1,0.78500956
FUT4,0.78462803
RGL2,0.7845716
C2orf49,0.7843647
MCM8,0.7842216
ARNT2,0.78410196
DSN1,0.7840778
TRA2A,0.78398573
MCM5,0.7838858
FAM220A,0.7837805
MKLN1,0.7837131
STK24,0.78346795
LMAN2L,0.7832224
SORL1,0.7831629
SCYL1,0.78309745
DHODH,0.78302824
PDE12,0.78299934
SUN1,0.7828936
ZBTB8OS,0.7828348
TAF12,0.78260523
E2F7,0.78244126
EDC3,0.7824023
LONRF1,0.7822615
APLP2,0.7821483
IL2RG,0.78212124
HOMER1,0.78203297
APBA3,0.7820257
RPAP3,0.78192586
ILF2,0.7819256
ATG16L1,0.781741
PRPS1,0.7817272
ZNF774,0.7815308
CAPRIN1,0.78136873
PLXNC1,0.78126514
WDR6,0.78125936
MCM3,0.7812333
PRKAB2,0.781109
PPIB,0.78110355
RPL38,0.7806203
GCLC,0.7804699
NPC1,0.7803304
UST,0.7802668
UNC5C,0.78023374
WNT2B,0.78020984
TRO,0.78005785
ZYX,0.7800421
CCT2,0.7798526
PRKD1,0.7794676
SSX2IP,0.7794257
TSNAX,0.7793556
RNF125,0.7791355
PIGB,0.77896446
RHPN1,0.77889717
SRSF7,0.77877086
SLC2A3,0.77872413
CCDC97,0.77862686
ZNF12,0.7785568
TTK,0.7784643
PRKAB1,0.7784119
PSMD5,0.7784102
B9D2,0.77833146
PIF1,0.77821666
SGPL1,0.778164
YKT6,0.77815855
SFSWAP,0.77795374
TMEM115,0.77794147
POLK,0.77789134
MRPL44,0.7777526
SYNE2,0.77773994
SPTSSA,0.77755725
MDC1,0.7775294
USP15,0.7773559
ASB7,0.77734256
TBC1D10B,0.77709574
RIN3,0.7769546
RNF7,0.776909
UTRN,0.7767696
ZC3HAV1,0.7767043
SNRPE,0.7766844
TRAPPC8,0.7765432
NAA35,0.77642375
RBM8A,0.77630234
MSX1,0.776229
SH2B2,0.77612823
SLC27A5,0.776072
DLGAP5,0.77594405
SLC25A13,0.7759235
PDPK1,0.77589816
PLXNA3,0.77587956
ZFAND6,0.7758728
OAT,0.7758696
MTHFD1,0.7755054
POMGNT2,0.77541536
WDR1,0.7753116
TMED10,0.7751781
HRH1,0.77490926
RPRD1A,0.77487046
NFKBIA,0.7748586
TOR1A,0.7748478
EEA1,0.7748149
DENND2D,0.7746688
TGOLN2,0.7745767
PEF1,0.7743914
GALNT11,0.7743292
RPL26L1,0.7739585
LTN1,0.77382797
NUP37,0.7736692
HOMER3,0.7734852
RINL,0.77346355
MCCC2,0.7729713
PRKD2,0.77285314
SLC25A22,0.77267516
NONO,0.77262634
IMPDH2,0.772597
HADHA,0.7725154
SLC9A1,0.77224326
LMBR1L,0.77218735
MANBA,0.7721697
RBPJ,0.77214414
ARL6IP5,0.77212477
TIFA,0.7720317
PDCD11,0.77169126
AK4,0.7715028
AREL1,0.7714994
NOP58,0.7714502
ENPP1,0.77143085
SYF2,0.7713222
DPYSL2,0.77119875
CMPK1,0.771155
COX6A1,0.7711444
NUP160,0.7710214
EBNA1BP2,0.77096045
TRPC4AP,0.77092373
SETD1A,0.7708549
GCSH,0.77070314
VAC14,0.7705691
SLC35E3,0.7703874
KCNG1,0.7703808
CWF19L2,0.77026284
RHEB,0.77024055
GCFC2,0.7702158
PPFIA1,0.770206
MAP3K4,0.77017796
SMAD6,0.770167
KCNC3,0.76997477
MANF,0.7697815
TDP1,0.7697566
TRIM2,0.76974213
PCSK6,0.76971257
PPIL1,0.76946926
RNF114,0.76918304
EFNA5,0.7690124
VPS36,0.76897866
NDUFV2,0.7688935
RPL6,0.7688539
SORD,0.7687696
MATK,0.7687064
PER2,0.7685801
SYNCRIP,0.76857734
ZNF462,0.7684475
SPATA13,0.768374
PTGES3,0.7679971
UQCRC2,0.76791996
ZCCHC7,0.767792
OAS3,0.76766163
S1PR4,0.7676595
SHPRH,0.767595
STOML2,0.7674732
NARS2,0.7672845
MCRS1,0.76717633
PREX2,0.76716524
NFATC4,0.76712257
POLR1E,0.76704574
NAMPT,0.7668621
KPNA1,0.766798
TYW1,0.7667636
TMEM67,0.76676047
AP5M1,0.76671565
IPP,0.7666265
ZNF493,0.7665106
STK40,0.76649135
ZNHIT1,0.7664255
LYPLA2,0.766078
CEBPZ,0.76580346
SEPSECS,0.7657769
MRPS14,0.76565164
LPAR2,0.7655536
KCNN3,0.7651402
PAN2,0.76498485
LRRK2,0.76496977
PASK,0.7648639
WHAMM,0.76474625
GDF15,0.76466465
TRUB1,0.7646578
SEC16A,0.76447666
GNB2,0.76447535
NPRL2,0.76441634
KIF3C,0.7643603
WDR31,0.7643488
RBM5,0.7642728
ATF7,0.7642635
REPS1,0.7642244
TRIM68,0.7640114
KANSL2,0.76376355
IFT80,0.7637024
SPIRE1,0.7636796
URB2,0.763635
FAU,0.76356506
RANBP6,0.7635068
NLN,0.7634841
MRPL37,0.76347065
PANK2,0.7629485
SUPT6H,0.7628567
NUS1,0.7625683
RAB9A,0.76237106
DOCK2,0.76210237
SERP1,0.76208115
TRAPPC2L,0.7620436
SARDH,0.7618544
STX18,0.7617335
CARF,0.7615764
MGA,0.7614765
OCRL,0.7614622
NUF2,0.7613981
NR5A2,0.76136756
KBTBD7,0.76120615
WSB2,0.76110375
PIGT,0.76090395
ZWINT,0.76088274
GLRX2,0.76070637
SNRNP35,0.7606239
NUP54,0.7603157
RUNDC3A,0.760221
RASSF5,0.7600463
ASB8,0.75986886
SOD1,0.759723
ARG2,0.7590607
THUMPD1,0.7588847
SF3A3,0.75859404
PCDH1,0.75851333
RIPK1,0.75850606
SMCHD1,0.7584851
COMMD5,0.7584238
MID1,0.75841177
NDRG2,0.7582519
MAP2,0.7581083
ZNF267,0.7580698
TMED4,0.7577142
PDCL,0.75770116
RNMT,0.75753695
IRF2BP1,0.75749135
TARBP2,0.7574165
TEAD3,0.7567792
DNAJA4,0.75665253
RSRC1,0.7564764
UBL4A,0.7564746
CLPB,0.75645846
NEK8,0.75642633
TFIP11,0.7563814
PIAS3,0.7563347
TIMM44,0.75624186
VAMP4,0.7560277
CASP10,0.75588334
PPP2R1B,0.7556801
GJC1,0.7554714
GALK2,0.7552786
ST14,0.75493914
PRPSAP1,0.7547171
MRPL39,0.75463766
DDX58,0.75451005
HIF1AN,0.7544948
FBXO17,0.75440514
TRIM26,0.7543951
TSSC4,0.7543099
NDUFB9,0.75424373
MGAT4B,0.754176
UPF3B,0.75408214
ZMIZ2,0.7539644
STRADB,0.75382084
LEMD3,0.75346965
POMGNT1,0.7534122
PKN2,0.7532342
PCBP4,0.7531655
TAF6,0.75270283
DIMT1,0.75269485
SMARCAL1,0.75256276
GYG1,0.75250995
CTPS1,0.75212044
RCN1,0.75204164
IL17RD,0.75193447
ATG14,0.7519238
LAMTOR4,0.75173724
PYCR1,0.75160706
NAT10,0.75131136
STARD3,0.75098115
RPAP2,0.750947
GALC,0.750674
HMG20B,0.7504191
IVD,0.75038123
PRDX4,0.7502944
TRIM21,0.75012696
TESK1,0.74989676
PCK2,0.74980885
MRPL48,0.7496972
FKBP15,0.74960715
SUMO1,0.7495591
CDK5RAP3,0.7495571
UBIAD1,0.7491257
SMS,0.7490626
PSMB9,0.7489381
SNX18,0.74880594
SNX5,0.7487988
RAPH1,0.74848485
MOCOS,0.7483485
KIF7,0.74819916
PPM1L,0.7480585
SPICE1,0.7480393
RANBP10,0.7479607
PPP5C,0.7478724
IL15RA,0.74779737
RABGEF1,0.7477292
RPGR,0.74766564
MYSM1,0.7473876
TPD52L1,0.7473675
NDUFA4L2,0.74708354
SMARCAD1,0.7469839
ITGAL,0.7468524
TARS2,0.7467527
KRT80,0.74650824
ENTPD4,0.7463066
SRPRB,0.74612236
KRTCAP2,0.7459395
PTDSS2,0.7455331
SAFB,0.74533856
SPNS1,0.7452967
PLEKHG5,0.7450809
KCNJ15,0.74506795
HECTD2,0.74499553
MR1,0.74451345
RHBDF2,0.7444953
RUSC2,0.7440177
RAB3GAP1,0.7437457
GPX7,0.7436511
WDR83,0.7435169
CYB5R4,0.74346775
HDAC11,0.7433558
FBXW4,0.7432955
CYP2D6,0.74326897
INPP5K,0.7431882
TSG101,0.74308044
SNRPB2,0.7429689
B9D1,0.7426844
ASF1B,0.742454
PARP14,0.74221945
OIP5,0.7421993
RIN1,0.742166
MTA3,0.74197364
ZFYVE16,0.74174637
SLC25A3,0.7413724
ROCK2,0.7412194
LRR1,0.7409626
DBNL,0.74078286
SYNGR2,0.74073637
RBBP6,0.7407332
FUT1,0.7406937
TAF9B,0.7405763
HOXB7,0.740503
PSME2,0.7402991
NME3,0.74005693
NSA2,0.739979
SNAPC2,0.7398435
MAN1B1,0.7398211
TRIM46,0.73950607
HADH,0.73946023
GGCX,0.73945147
UQCRB,0.73939383
MICAL2,0.73927414
TRAF4,0.739087
SH3PXD2B,0.73908687
TNPO1,0.73891664
WTIP,0.73891664
PSEN1,0.7388132
HARS2,0.7386022
TRAPPC9,0.73849416
SMC3,0.7384621
F2R,0.73840195
STXBP2,0.7383676
PPID,0.73780984
STX5,0.73777974
PDCL3,0.7377065
TRIP10,0.7375261
PKP2,0.7371108
SLC30A1,0.7368665
SEC23IP,0.73681194
NDN,0.7368048
RABEP2,0.73663765
GAN,0.73641074
STRIP2,0.73623663
SNRPA,0.73623556
CENPB,0.73599106
OSGEPL1,0.7358742
MALSU1,0.73584306
TOX4,0.73581755
AP3M1,0.73577815
TUFM,0.7357516
PSMB3,0.7356901
AKR1C2,0.73562616
FBXO2,0.7355504
PFKL,0.7354981
FUZ,0.73537076
SLC25A17,0.73535126
IL20RB,0.7353357
STK38,0.73526776
SH3BP4,0.73523444
ZNF830,0.7351687
PREPL,0.73500335
TNKS1BP1,0.7347173
DCK,0.73447686
CD247,0.73423666
SEL1L,0.7341943
RAD52,0.7341848
PDE5A,0.7339964
PAK6,0.7338599
KLHL21,0.733331
SNX4,0.7332002
TANC1,0.73300284
USP14,0.732678
NDUFB8,0.7324501
RNF181,0.7323689
PRMT7,0.73219705
UCKL1,0.7316491
PAPSS2,0.7316026
PHF19,0.73130596
IRF2BPL,0.7312661
XYLT2,0.7311615
POLR2H,0.7311298
SLC35B2,0.7310137
TRMT1,0.73061025
ZNF182,0.7305468
IRF7,0.7305434
KAT2A,0.7304927
ZDHHC17,0.7295778
TUBB2A,0.729504
SENP3,0.7293193
SCLY,0.72925514
NXF1,0.72919786
ZKSCAN7,0.72918725
ZNF32,0.72915417
EID3,0.7289132
SLC26A6,0.7288194
WBP11,0.7286522
MGST1,0.7285395
ELF2,0.7285328
STX16,0.72834563
NCOA1,0.7280252
ESD,0.72779876
TNKS2,0.72777814
RETSAT,0.727499
PCGF5,0.7274254
PLCG2,0.72716814
MLXIP,0.72709435
ZC3HC1,0.72672665
FADD,0.7266607
SSBP1,0.7266255
CCL4,0.72641206
ARL13B,0.7262466
MSL3,0.72618777
DCAF10,0.7259958
TAPBP,0.7257288
XRCC4,0.72536796
CHCHD5,0.72532547
SLAMF1,0.72516334
S100A6,0.72507066
NAA38,0.72484934
NCAPD3,0.7247637
SLC7A5,0.72439647
PIGC,0.7243542
NOL8,0.7242516
ACTR1B,0.72421026
VCAN,0.72408885
LRP12,0.7239872
UQCR10,0.7239478
MPG,0.72376597
NOP2,0.7235451
ADM,0.7235397
EIF2AK3,0.7235388
EXOC7,0.7233518
RPS21,0.7232575
STC2,0.7232176
LARP4,0.7230349
MIB1,0.7230325
THOC5,0.7226745
PGD,0.7225771
PPP4R1,0.7225038
GTF2A1,0.7223716
TMED9,0.7221462
KRT10,0.72204316
GTPBP10,0.7219879
TRIB3,0.7217488
NDUFA11,0.7214356
ZNF473,0.7213358
ERMAP,0.7205934
MPI,0.72053003
STAT5A,0.7203705
SOAT1,0.720072
UBQLN2,0.7199726
PLCB3,0.7198954
TAF3,0.7197581
PHKG1,0.71962374
GRPEL1,0.7191462
KRI1,0.71912414
CUL4B,0.71901494
ALKBH3,0.71864784
FKRP,0.71859246
FBXO6,0.718204
HSPA6,0.7181489
MAD2L2,0.7180636
MED4,0.7179141
TBC1D2,0.71787244
GSTM4,0.7175999
TICAM1,0.7174953
SUPT5H,0.7174537
HPS4,0.7173045
GLDN,0.7170667
MSX2,0.7170015
PMF1,0.71697676
NHEJ1,0.7169188
PITRM1,0.71690816
SEMA3F,0.7164256
SELPLG,0.71629155
NEK6,0.71621734
RASA2,0.71586883
ZNF195,0.715748
SRR,0.7154406
NDST1,0.7153949
NUDT9,0.7153004
SV2A,0.7151016
PTGES2,0.7149265
TSC22D3,0.71476024
ZNF519,0.7144335
PDE4A,0.71411496
RFFL,0.71401656
XPO5,0.7139286
DOCK6,0.71391225
RAD54L,0.71385354
RGS2,0.7135352
WDR91,0.71348816
LRCH1,0.7134733
PANX1,0.7132748
ZNF443,0.71313816
TRAPPC6A,0.7129802
RAB2A,0.7129131
ZNF189,0.7127893
ACTN1,0.71267366
FRMD6,0.7122856
MPP7,0.71212614
SWI5,0.7120329
TAF1B,0.7118799
VPS51,0.7118543
HOXD3,0.711814
PRKRA,0.71179503
BET1,0.71159625
ADI1,0.711574
RAD50,0.7113711
PRPF31,0.71133286
PMPCA,0.71121967
GCH1,0.711134
MFN2,0.71108735
PPIE,0.7110583
ZNF500,0.71092784
PURB,0.7108458
ZFYVE27,0.7108174
PLEKHG3,0.710486
DDX60,0.7104009
ADAM22,0.71031386
SLC39A4,0.7101622
IL17RB,0.71012586
NAT1,0.70911527
SLC25A38,0.709087
GNAO1,0.70904547
MTIF3,0.70879745
SPTLC3,0.7087054
RAB6B,0.70859164
TOMM34,0.70796883
NLRC5,0.7076257
NUP205,0.7074023
ZFC3H1,0.70662713
TMED2,0.7064589
AMDHD2,0.7063501
ATL1,0.7061327
UTP18,0.70596147
ARHGDIB,0.70579225
UBE3D,0.70561385
SMG7,0.7054416
TMC6,0.7052508
ARSD,0.70454824
SLC25A28,0.7044783
SIRT5,0.7043549
GAS8,0.7040921
POLR3GL,0.7040124
ZNF33B,0.70395374
SNRPD3,0.7036522
CEBPB,0.70355576
SEC22C,0.70336473
GPNMB,0.70335805
MOSPD2,0.70334566
HES4,0.7029974
FAM98A,0.70299155
MRPS17,0.70289016
RPL21,0.7025506
POLE4,0.7024079
LHX6,0.70237327
RRP15,0.702284
IL11RA,0.7022699
MRPS22,0.7021846
RALGAPA2,0.7021055
NDUFAF3,0.7019217
PLCB2,0.70178515
SHOC2,0.7016883
MRPL21,0.7015715
ARFIP2,0.70155793
CBR3,0.70148283
VPS4A,0.70109034
KCNS3,0.7010564
NDUFAB1,0.7007998
ITGAM,0.7006395
LGALS8,0.700632
ZNF670,0.70028067
RAB32,0.699786
PIGS,0.69969714
ATP1A3,0.6995929
YWHAB,0.69906825
KHDRBS3,0.69866055
SOCS5,0.6984727
RASSF8,0.6984077
NAGPA,0.6981145
TNIK,0.69790727
SLC30A6,0.69782233
PAPSS1,0.69779277
PAAF1,0.69760746
PAIP1,0.69718194
FLNC,0.6965817
ITFG2,0.69656324
SCAMP2,0.6963473
PEX3,0.6962754
ZNF326,0.69595903
SIVA1,0.69588006
ITGA5,0.69584054
TRIOBP,0.69573516
DBR1,0.6950088
GID4,0.69479764
ADAM23,0.69479275
CREG1,0.69465744
KLHL9,0.6946177
RNF111,0.6945758
RPS6KA4,0.69418514
VTA1,0.6936039
RPS27L,0.69353306
USP1,0.69302016
NPRL3,0.69296604
KALRN,0.69283146
MTFMT,0.6927649
PDGFC,0.6921538
MRPL10,0.69211143
SPAG7,0.6919295
RAD1,0.69177234
TRIM41,0.6914289
TP53BP2,0.69127446
ASB13,0.6912693
TBK1,0.6911129
TMEM70,0.6910387
SBF1,0.6910047
FAM20A,0.69073284
SPHK2,0.69061536
UBE2D1,0.69036406
COL8A2,0.6893875
PCDHB5,0.6892914
TEP1,0.68921435
ZDHHC21,0.689176
RBBP7,0.689129
TNFSF13B,0.68910867
BMP4,0.6889889
PIK3C2A,0.6889194
OTUD3,0.6887436
UBXN4,0.6886014
HSPA1L,0.6885599
RBAK,0.68852204
EPHB6,0.6883541
ACTL6A,0.68821436
ZNF302,0.6880869
PAPOLA,0.688007
TRIM62,0.68786263
CDCA5,0.6876097
MOCS3,0.6874445
SLX4,0.6869762
FBXO27,0.6868022
NMNAT2,0.68677354
POLR2F,0.68674177
ORAI2,0.6867365
RPS15,0.6867105
TMEM216,0.6865925
SNAPC4,0.68644994
RCOR1,0.68629485
PPP2R5C,0.68629056
SAE1,0.68624103
MSL1,0.6861843
TM2D2,0.68595874
SMPD2,0.6858686
F11R,0.68571645
NSUN4,0.6855104
SKAP1,0.68529946
ZNF714,0.6852045
NDUFS8,0.6851126
OSGEP,0.68506396
POLR2K,0.6848292
TRAM1,0.6846377
RUFY3,0.68446714
UBE2J2,0.6842423
FANCM,0.68391466
USP33,0.6839107
ZFP69B,0.6837467
MRPS10,0.6836815
PDZD11,0.68366724
PACSIN2,0.6835071
PHACTR1,0.683446
PHF5A,0.68342197
STX2,0.6834121
ZNF592,0.6830948
GRB10,0.6829345
TRMT61B,0.68285877
NT5C,0.68281806
COQ6,0.68267304
PGGT1B,0.68256044
STAP2,0.6824696
PYCR2,0.682443
PDP1,0.6824268
ZFYVE9,0.6822699
MAPK6,0.6821423
EPB41L5,0.6821025
PCNT,0.6820289
VPS53,0.6818622
USP42,0.6818163
RHPN2,0.6816328
SLIT3,0.6816265
SGMS2,0.68158054
PLXNB2,0.68151647
PRKCH,0.68150526
ZNF490,0.68139005
NR4A1,0.68135875
PDP2,0.6811109
SLC25A12,0.68091995
PCSK5,0.6806833
NR2F6,0.68050086
CKAP2,0.6803319
KLC4,0.67989516
RSAD2,0.67984015
MAT2B,0.67983764
PPP1R8,0.6798121
ITGB6,0.6796255
HSPA12B,0.6796062
ITPKC,0.6795949
HCCS,0.67924863
RPL31,0.67901725
SPSB1,0.6790032
ZMYND11,0.6784967
MAP3K9,0.67844933
RNF123,0.67818594
SYMPK,0.67781943
DNTTIP1,0.677813
ELMO2,0.6777134
SEC23B,0.6777081
RRP9,0.6775752
SSR3,0.67756814
WDR11,0.677315
SCRIB,0.6769773
POLR1A,0.6769478
PDK3,0.6768353
SEC61B,0.6767986
WBP2,0.67671055
ARHGAP6,0.67669845
FEZ2,0.67656887
NHLRC3,0.67649543
UBE4A,0.67636657
NR1D2,0.67631555
NDUFB6,0.67620564
RIOK1,0.67616105
L3MBTL2,0.67611223
RRP36,0.67606854
MYO7A,0.67606527
RORA,0.67602694
IRAK1,0.6754796
YIPF5,0.675232
TRPC1,0.6750239
TXNIP,0.6748091
UFM1,0.67459744
ITGA4,0.6745834
TIMM23,0.67397994
RSU1,0.67397577
NDUFA9,0.67345357
RAB11FIP3,0.672873
CHMP2B,0.67283696
CASP6,0.67269576
NAGA,0.6725089
OPN3,0.67242205
GOLGA1,0.67230725
SNF8,0.67208844
MRPL9,0.6719247
TBL3,0.67178535
CD40,0.67134136
PGP,0.6712092
CD180,0.6708371
KRT5,0.67072594
ENC1,0.67058694
OMA1,0.67024875
FCGR2A,0.6701951
NAA50,0.6698388
SIKE1,0.66951615
PEX16,0.66891843
CRAT,0.6688632
USP11,0.66881853
PCGF2,0.66853863
PRNP,0.6685113
WDR75,0.6682952
RNF217,0.66824234
CD6,0.66791373
SSH3,0.66719687
ACAT2,0.66682065
ZNF791,0.666681
SPIDR,0.66656166
ACSM3,0.6665548
CYP2U1,0.66643715
MOAP1,0.66632414
ABCB10,0.6663115
ACSS1,0.66630167
ADAM19,0.66610324
ADAMTS13,0.66609246
PFAS,0.665844
PPFIA4,0.66573924
ARAP2,0.6654949
ACOT11,0.66533333
ACP5,0.66529596
ATXN7L1,0.66524607
TSPYL2,0.66519374
PRDM4,0.66507405
MANEA,0.6647899
RRS1,0.66475475
RAVER1,0.66467977
NEMF,0.6644402
CDC37L1,0.66413254
NUP62,0.66407454
BOLA1,0.6640555
RGMB,0.6640177
STX11,0.6637256
GK,0.66359556
RECK,0.66322273
PDCD5,0.66316056
NCOA7,0.6631213
MYLIP,0.66302204
ALAD,0.66291726
CUBN,0.66275424
TACO1,0.66263145
PEX11G,0.6622443
ADRM1,0.66212916
NABP1,0.6619209
NDUFB1,0.6618433
ACOX2,0.6618247
RAB6A,0.6617115
ANAPC2,0.6616639
FCGR3A,0.66165066
UTP14A,0.6616433
U2SURP,0.66161263
MGAT3,0.66152644
KIFAP3,0.66143453
TDRD7,0.6613358
ACE,0.6613058
ZNF318,0.66129184
SMPDL3A,0.6612559
AKR1B10,0.6610971
PEX10,0.66103613
PSMD9,0.6609618
PECR,0.6607013
AK1,0.66061693
NTPCR,0.6605235
ANKRA2,0.6603579
ZNF10,0.6600792
IMPA1,0.6600648
AADAT,0.6598813
PDE6D,0.6598776
CLDN12,0.6598584
ALDH5A1,0.6598433
SPAST,0.65976787
CEPT1,0.65967834
PPIL6,0.6595588
RMDN3,0.65946835
TGFBRAP1,0.65910035
AKAP5,0.659035
PANK1,0.6590228
STK3,0.65814656
NEK2,0.6580571
EAF2,0.6580496
RASA3,0.6579257
PRC1,0.65756243
LZTS3,0.6572837
AGER,0.6570391
UBA3,0.6569334
ARHGAP27,0.65690124
NR2C1,0.6568895
ARHGAP33,0.6568509
IL10RB,0.65674067
ANAPC13,0.6566673
SQLE,0.6566289
NDUFS3,0.6564641
SLK,0.6560745
SNX2,0.65600735
SERPINF1,0.6555883
RCSD1,0.65555936
APOC1,0.65544164
ARHGEF4,0.65529925
HARBI1,0.65487635
APBB3,0.65478677
SURF2,0.6546474
SEMA4A,0.6545279
ALG3,0.65449363
ATG4B,0.65442234
BRWD1,0.6542733
PYGL,0.6542327
GRK4,0.65417236
POLB,0.65412486
PARP12,0.6540829
GALK1,0.653661
ACP1,0.6532629
ACOT1,0.653147
NADK,0.65310055
PAFAH2,0.6530766
PKN1,0.65300125
LOXL2,0.65296996
POLRMT,0.6529073
SPAG16,0.65276223
TBC1D20,0.65268606
YOD1,0.65261364
ARSA,0.65259606
SPG21,0.65256286
RBM17,0.652326
HPS6,0.6520919
USP37,0.6520848
LEPR,0.6520003
RNF38,0.65199554
VPS39,0.65156883
NDUFAF7,0.65139866
UBLCP1,0.6509542
IRAK3,0.65086085
UBE2S,0.65069616
FBXO7,0.6506413
NCOA6,0.65054154
ATP2A1,0.6504505
ACER2,0.65032727
MAP1A,0.6503128
ABCD1,0.650147
NOP56,0.65007156
AKR1C1,0.64991504
NR1H2,0.6498074
MT2A,0.64968437
FBXL17,0.64963937
TRIM38,0.6495723
AGPAT2,0.6494359
MOB2,0.6493903
RANGAP1,0.64927053
SEC24A,0.6490437
XRCC5,0.64903283
PDCD10,0.64886254
NCEH1,0.6486834
ADAMTS14,0.64858645
ACD,0.64840657
ADAMTS2,0.6483906
TAF1C,0.64799255
BAMBI,0.64788705
KIF21B,0.64770305
HAUS4,0.64762956
USP45,0.6475947
ZNF107,0.6475654
MAPRE2,0.64751697
TRIM36,0.64749265
COPS7A,0.6474559
LRRC40,0.64718735
AKAP1,0.64715797
RHOT2,0.6471359
MOCS2,0.6470255
PLAGL1,0.64701134
EFNB1,0.64665323
NAA60,0.6466518
ADAMTS9,0.6464475
SEZ6L2,0.64638805
ZNF622,0.64633554
BDKRB1,0.6462928
CHMP4C,0.64617187
ARHGEF25,0.6461692
SYVN1,0.64592254
UCHL5,0.6458286
WDR26,0.6456071
PNPLA2,0.6454812
PICK1,0.6453802
NNMT,0.64519364
XYLB,0.6449901
PCDHB10,0.6449583
RHOQ,0.6448845
C12orf66,0.6445784
BATF3,0.6444561
RAD51AP1,0.6444519
NPDC1,0.6441861
RNF5,0.6441238
PRKRIP1,0.6437766
ADRA2A,0.64370996
MCCC1,0.6431275
PGF,0.6430781
PPWD1,0.64301836
BGN,0.64282286
RANBP9,0.6427924
SIAH2,0.64253354
ACOT7,0.6423382
PALMD,0.64219546
MCM6,0.64206356
SPOPL,0.64191604
BLNK,0.6419083
CCR10,0.64182574
MRPL30,0.64125955
NKIRAS2,0.6411979
PFN2,0.641079
ANO2,0.64097285
TRAK1,0.64076054
SNX8,0.6406207
CSAD,0.6405733
RPE,0.64057237
PREB,0.6404808
B3GNT4,0.64020807
GBP1,0.6401547
ADAMTS5,0.63976705
LMBRD1,0.6395344
HIP1R,0.6393493
CCT6B,0.6391514
KCNMB3,0.63884723
SLBP,0.6385631
CD38,0.63847893
TRAF3IP1,0.63839066
CKAP5,0.638331
STEAP3,0.63828504
RNF34,0.63823503
NUDT3,0.6380532
KIF27,0.6378342
SHARPIN,0.63774127
GTF2H5,0.6374104
NPC2,0.6373804
PSTK,0.63737893
HEXIM1,0.6371677
ZNF264,0.63716465
MOCS1,0.63712645
ANO7,0.6368316
CCL5,0.6362374
TMOD1,0.6360596
PRKACB,0.63594806
FUNDC1,0.6359427
SERPINB9,0.6358291
ARIH2,0.6356775
TRIP4,0.63566273
NDUFAF4,0.6356345
CD5,0.6356046
AGGF1,0.6355687
SNTB2,0.6354637
ABTB1,0.6353135
SPRED1,0.6351278
AGTRAP,0.63508236
RNF135,0.6346327
PAIP2B,0.63437974
SLAMF7,0.63415325
STAMBP,0.63380086
IFT172,0.63378394
ZNF202,0.63369036
SMUG1,0.63338464
ST8SIA4,0.6330124
WEE1,0.63298786
UVSSA,0.6329331
UBE2M,0.632816
ADAMTS10,0.6327181
WIPI2,0.6325304
TADA3,0.63246304
PIAS4,0.6323258
KRR1,0.63210636
SHISA5,0.631896
MRPL20,0.63161975
SERPINF2,0.6315796
USP35,0.6314157
PITX1,0.6311053
RNF8,0.631075
RFC1,0.6308133
CTBS,0.63078034
AGA,0.63040704
PRX,0.63001704
CLEC2B,0.62962586
SYTL4,0.62958515
ZNF254,0.6295769
NR4A2,0.6295365
CLUAP1,0.6294634
CARD9,0.62921655
SERINC3,0.6289344
PIPOX,0.6288951
NEK1,0.6287616
SLC25A20,0.62856793
SEC23A,0.628359
AIF1,0.6283392
TNFRSF11B,0.62818336
CSF2RB,0.62809557
P2RY11,0.62803406
RAP1GDS1,0.6278693
VPS18,0.6278523
EPC2,0.62779987
RASAL3,0.62771314
TRAF5,0.62759453
TMEM147,0.6271871
POLR1B,0.62713003
VRK1,0.6269144
KCNMA1,0.6268353
POP5,0.62678754
ALPL,0.62668055
SEMA6A,0.6266281
ZNF253,0.6261773
PDE8A,0.62615895
GAB3,0.6258974
CTSO,0.62579596
EPHX2,0.6257098
TBCB,0.6256407
SCD5,0.62554246
RAB3IP,0.62552863
THAP11,0.6254469
ARHGEF6,0.6254167
NDUFS2,0.62526584
ATG2A,0.62515485
TMEM50A,0.6251219
APRT,0.6250891
PYCARD,0.6250248
BATF2,0.6250133
MGLL,0.6249199
CHMP4A,0.62468874
PAQR5,0.6246322
ACOT2,0.6244577
ALKBH6,0.6242011
TM7SF2,0.62400705
PLEKHM2,0.6238911
PNKD,0.62379223
HSD11B1L,0.62334305
NRP1,0.6233236
CACNA2D2,0.6233076
MTO1,0.6229544
TLR7,0.6229401
COQ10B,0.6223042
VIPAS39,0.6221437
CMTM1,0.62192786
ANGPT2,0.6218725
FJX1,0.6218503
ARHGAP19,0.62172693
ACSS2,0.62119174
RBMX2,0.62113744
TAF5L,0.6210864
LIN7C,0.6205165
SNRNP70,0.6204613
FRS3,0.6204428
PSMG2,0.6204004
TDG,0.6203895
SYDE2,0.6202468
ACAA1,0.62021136
GBA2,0.62003505
JMJD6,0.61993235
RIMKLB,0.61989844
TIMM13,0.6198684
MICA,0.6198614
ZNF620,0.6197534
MX1,0.61940813
CXCL10,0.6190289
DUOX1,0.6189038
RNF19B,0.61784554
PPP1R13B,0.61752903
DCHS1,0.61747104
GSTM2,0.6172434
HEY2,0.61701894
HOPX,0.6168914
C1orf162,0.6168302
PANX2,0.61655945
CD36,0.6162899
SIRT3,0.6161811
TAB1,0.6161144
C3,0.6159852
COL16A1,0.6158073
AP4E1,0.6157978
TUBG1,0.6154647
NSMAF,0.6152235
NFIL3,0.6151006
KDM8,0.6149868
CD2AP,0.61485815
ZNF692,0.614792
PILRA,0.6147839
RAPGEF4,0.6147599
SUPT7L,0.61471283
TIMM8A,0.6146991
TONSL,0.61452264
ALDH16A1,0.61448485
RABL2B,0.61413014
CLIC2,0.61407804
PPP3R1,0.6140107
TMEM186,0.6139979
SEC31B,0.61387026
PELI1,0.61373883
TBCEL,0.6135647
PGM2L1,0.6134537
ARHGEF28,0.6132311
FLAD1,0.61315995
TUBB6,0.61309963
TAB3,0.6130076
XPOT,0.6129595
ACACB,0.6128943
COL15A1,0.6128687
ZNF317,0.612807
COL1A2,0.612549
PSMB4,0.6123411
ESRP2,0.61233944
ZFPM1,0.61212975
KIF15,0.6119987
CYP7B1,0.6119473
ECE2,0.6116659
MRPS36,0.6115991
ACOX3,0.6113907
ACAT1,0.6111271
ITGB3,0.6110457
ADAMTS1,0.6108058
GPER1,0.61074525
IL1R2,0.610613
STK4,0.6103703
CREB5,0.6100857
TLR6,0.60976404
SH2B3,0.6096171
WDR62,0.60961574
ADA,0.60952693
LCMT2,0.60950875
ZNF770,0.60948896
LRSAM1,0.6094258
SEC24B,0.60926527
PPP6R2,0.609213
CCNE2,0.6090697
SGSM3,0.6083082
ATP7B,0.60807097
TET2,0.60805535
ADAMTS12,0.60797465
CAMK1,0.60796916
LNX2,0.60782933
LILRB2,0.6070742
LTF,0.6067683
CARS2,0.60591364
KHK,0.6058575
WARS2,0.6056936
CD96,0.60519904
PARVA,0.6051856
CERS6,0.60467917
TRIM14,0.6042307
DYNC2LI1,0.60414356
SPN,0.60407656
APIP,0.60395616
REPS2,0.60384774
CC2D2A,0.60368854
INHBB,0.6036436
CX3CL1,0.6035446
ABR,0.6034942
PTPMT1,0.6034002
NUP50,0.603258
HK3,0.6030229
TSEN34,0.602878
POLM,0.60272694
TTBK2,0.60235274
APOBR,0.60222733
ASB2,0.6021714
TRRAP,0.602128
NUP133,0.60172147
RBM28,0.60153085
ZNF224,0.6014575
HMBS,0.60142696
PFKFB2,0.6013961
PDHA1,0.6013302
RAB33B,0.6008941
BBS5,0.6006689
COL6A3,0.6006479
NAIF1,0.5998401
ZRANB3,0.5996681
CHKA,0.59954274
TRAPPC4,0.59948456
TCEA3,0.59943753
SPATA2L,0.59925365
CACNA1H,0.59923476
MYBL1,0.5992337
TXNRD3,0.5991179
MMP28,0.59842294
CRADD,0.59821826
MTMR10,0.5979728
WDR45,0.5979452
SOS2,0.5974524
PYGB,0.5973461
RTCA,0.59668946
SIL1,0.59667826
NOL3,0.59650296
B3GALNT1,0.59639454
EIF2B2,0.5963833
KMO,0.5961761
CYP27A1,0.5957237
EXOC3L1,0.59572184
ALG10,0.5951436
GBP5,0.59511536
STX8,0.59500104
GYS1,0.5949288
SLC7A8,0.5946835
NPHP4,0.5943955
PRKAR2B,0.5943853
KLHL22,0.59434974
AGK,0.59430057
ADAMTS4,0.59422195
NGDN,0.5942176
SERPINB8,0.59417856
SDS,0.5941567
TELO2,0.5936724
CDK3,0.59365106
RIOK3,0.5936441
ACSF3,0.5936381
RRP1,0.59348845
NELFA,0.5933259
PDK4,0.592978
SMPD1,0.5928937
APBB1IP,0.5922748
WDR37,0.5922067
HELB,0.5914247
FZD1,0.591137
AKAP8,0.5905917
MYH3,0.5903136
WDR19,0.5901884
PARP9,0.58986926
SEC61A2,0.5894661
ACAD8,0.5893478
ACADSB,0.58892775
DCUN1D2,0.5889275
AMOTL2,0.5886065
TMEM214,0.5883726
SEMA5B,0.5882406
CCDC40,0.5881228
RELA,0.5876805
SYTL1,0.5875468
KCNH2,0.58749557
PARP2,0.58735335
TADA1,0.5871133
RAB12,0.58657825
GGT5,0.5860486
MPHOSPH8,0.5859038
MAP3K10,0.58589506
MON1A,0.5857834
CD2,0.5853945
POGLUT1,0.58538735
TRNAU1AP,0.5851782
MMADHC,0.5851673
CACNA2D4,0.58451384
PCSK7,0.5845087
AP5S1,0.58434206
EHD3,0.58412176
TRIAP1,0.58403903
BFSP1,0.58392
FBXL7,0.5838969
PLD2,0.58386576
ZMAT3,0.58366317
FDXACB1,0.5834263
SNRPA1,0.583163
SERINC5,0.58280885
PIGG,0.58279413
RAB24,0.5827191
ADPRM,0.582268
PGM3,0.58206284
MYADM,0.5816005
ATG4A,0.5814715
ADCY4,0.58119065
PLTP,0.58118033
STK35,0.5810513
TRPM2,0.5810449
ZNF180,0.58057696
MED20,0.580483
UBA7,0.5803102
ABCF1,0.5803093
NFKBIZ,0.5800021
NUB1,0.5798725
GPKOW,0.57905465
PTPN23,0.5788633
MTMR7,0.5787699
SDC1,0.5785766
ARPC1B,0.5784934
PTH1R,0.5782298
CCZ1,0.57812923
TBC1D16,0.5780734
MARVELD3,0.577886
ARL6,0.5778573
DLL1,0.5777634
NLGN3,0.5777357
POLE3,0.57762975
HMOX2,0.57753617
ALG12,0.57715756
SRI,0.57708955
MLYCD,0.5767785
SNAP29,0.5767512
SRD5A3,0.5764403
RPF1,0.57603824
TMSB4X,0.5754192
ACOT13,0.5749417
SRA1,0.57473624
ANGPTL4,0.574138
CD163,0.57410705
ZNF74,0.5739408
TEFM,0.57374495
RBMX,0.5736892
EXOSC4,0.5736411
B3GALT4,0.57350403
TREX1,0.57341033
PJA1,0.57319564
SEMA4B,0.5729494
UTP20,0.5729079
VPS33A,0.57285863
AP5B1,0.57212985
TSNARE1,0.5720054
ZNF143,0.5719902
SOCS3,0.57187015
UNC5B,0.5716362
IL12RB1,0.5711771
SEMA6B,0.57098645
DHX15,0.57076836
NCAPH,0.5707305
RNF130,0.57035005
RP2,0.5703223
MGAT4A,0.5700066
RNASET2,0.56994545
PDPN,0.5698812
PLAT,0.5698701
PIGO,0.56982327
PTAFR,0.5694393
KCNIP4,0.5688556
STK39,0.56882817
SPRTN,0.56875175
PLS1,0.5684179
NAPEPLD,0.568106
NCF2,0.56788915
MYO1F,0.56788296
QRSL1,0.5678378
F5,0.56771004
SLC5A6,0.56747305
PLCD4,0.5673147
DCN,0.56731284
SIRT2,0.5671922
PPM1B,0.5670684
ZNF691,0.56679094
FUT2,0.5666511
ADAT2,0.56662303
PIK3R5,0.56647986
KCTD15,0.5664348
ADAMTSL4,0.5661715
RTN4IP1,0.5661304
UROS,0.56582415
ATP2A3,0.565676
PRPF3,0.56557995
GIPR,0.5655174
RABGGTA,0.5651754
TRAPPC11,0.56492347
PIGW,0.5648272
ZNF426,0.5644567
ZNF286A,0.56422347
PRICKLE2,0.564148
AP3M2,0.5641362
PDK2,0.56377673
METTL14,0.5636004
CHKB,0.5633668
STRADA,0.5631337
TCTN3,0.5629861
RAB11FIP5,0.56265354
PDLIM4,0.5624357
NLRX1,0.5623978
MAP4K5,0.5623463
PDXP,0.5621923
NPTN,0.56218404
TNFSF10,0.5617729
CNGA1,0.56082016
PSEN2,0.560674
ATP13A2,0.56052667
NIF3L1,0.5604708
ATP6V1E2,0.56038666
CLDN11,0.5603824
PEX2,0.5599325
FOLR2,0.55991924
BAG5,0.55954087
TWF2,0.5594865
SEC61A1,0.5590596
ZNF461,0.55891764
SDF2,0.5585772
RBPMS2,0.5585412
AMPH,0.55849296
TMED1,0.55843294
DPH5,0.5583801
RHBDD1,0.5579556
PAM16,0.5579108
CD248,0.55784357
SLC35A2,0.55768245
SUCLG1,0.55733037
APOBEC3F,0.5566724
CDK5,0.55640835
LRFN3,0.5561257
ZIK1,0.55563736
ZNF282,0.55557215
LRP2BP,0.55550516
RPRD2,0.55535746
PODXL2,0.5550092
CASP1,0.5547222
TIAM1,0.5544228
CD34,0.5543318
SSBP2,0.55413336
DNA2,0.5537597
SPCS3,0.5534986
SPAG4,0.55329466
PDLIM2,0.5530942
CFB,0.55293125
VPS26A,0.552625
RAD9A,0.5524731
ASAH2,0.5523317
APOBEC3B,0.5522755
GTF2H4,0.55173826
ARAP3,0.55171704
PLEKHG4,0.5517054
TIMM21,0.55157393
PKIA,0.55135405
CARD6,0.5511816
SEMA4C,0.55110073
MAP1S,0.55102706
RNH1,0.55082875
RARS2,0.5508022
UBE2J1,0.5502797
SNAPC1,0.55027413
OSMR,0.5501207
SNRNP200,0.54984754
LMCD1,0.5498286
APOL1,0.54982734
PFKFB4,0.54971224
POU2F2,0.54914266
MSRA,0.5485877
ALOX5,0.5484811
RAB37,0.5477754
SARS2,0.54773265
CCDC59,0.547707
MRPL55,0.54756314
ALDH3B1,0.5471033
SNRPG,0.54694545
TOP3B,0.54683137
BAG2,0.5465915
PDIA4,0.54641163
CYSLTR1,0.5462629
WDR61,0.5458651
TDRKH,0.54518896
BBS12,0.544534
CHST7,0.5443914
CDCA3,0.5439215
PRPF4,0.5438506
LLGL2,0.54351526
MYO15A,0.543488
NTAN1,0.5433062
PDSS1,0.5432535
TUBGCP3,0.5430512
CLEC7A,0.543036
LAG3,0.54300886
GTF2F2,0.54287845
PLA2G12A,0.5428126
ROBO1,0.5418567
RNASEH1,0.5417769
RNF14,0.5416525
NOTCH3,0.5414915
LIN7A,0.5413266
AP4M1,0.5405482
TCN2,0.5403491
MRPS16,0.5399534
GBP4,0.5399413
SNRNP27,0.5398003
RAMP3,0.5397068
HPS5,0.5396394
ZNF423,0.5390887
DGAT1,0.53867614
GIMAP8,0.5385353
DPP7,0.53847575
RAC3,0.5384093
MRPL22,0.53838176
OPRL1,0.53828925
RPS6KA5,0.53817487
TCEA2,0.5381063
SLU7,0.53801876
CFL1,0.5378113
ZNF708,0.53776735
APOO,0.5375452
ATP8B1,0.5374904
AMT,0.5371913
PPP3CC,0.5370365
TRIM69,0.5369927
ZNF621,0.53688616
COL5A3,0.5367917
MAOB,0.53662056
ECM1,0.5365259
MTF1,0.5365022
NXT2,0.5364713
TNFRSF10B,0.53634983
RHOB,0.5360521
POSTN,0.5360394
PTPRN2,0.53575754
SPATA2,0.5355287
VPS26B,0.53488624
CSTA,0.53467286
ARHGEF37,0.5345703
SMOX,0.53431726
SURF6,0.53416616
ZNF18,0.5339998
C5,0.5337607
ZNF529,0.53362083
POFUT2,0.5334373
AUP1,0.5331386
FCER1G,0.5328574
MEAF6,0.5328038
ORMDL1,0.5326258
CLIC3,0.53261095
MUL1,0.53242385
RAD54B,0.5324146
SPARCL1,0.5322202
PDGFD,0.53209984
CFD,0.53202325
BLOC1S6,0.5319707
MS4A6A,0.53189105
CIDEB,0.5318763
CHRD,0.531685
PIK3R4,0.53144294
RBM22,0.53078634
CISH,0.5307607
CLDN23,0.5307554
RIC8A,0.53060687
GSDMB,0.5305729
LSAMP,0.53047585
SLC44A1,0.5303101
ANTXR2,0.5301728
B3GNT7,0.5301145
CD63,0.5300761
TOLLIP,0.5299368
BEST1,0.52969116
CXCL16,0.5296889
GNLY,0.5296563
PPP1R7,0.52949244
BHLHE41,0.5293908
SHC1,0.5289485
CETP,0.5288146
PPP2R5A,0.5287787
TDP2,0.5287389
CMKLR1,0.5282818
USP20,0.5280157
RNF40,0.5279127
SMYD5,0.52732015
RAB4B,0.5268234
CEACAM1,0.52661866
NPR1,0.5263403
IL18R1,0.5260859
ULK1,0.52570015
S100A9,0.52547216
ST8SIA1,0.52518463
PDHX,0.52518046
IL17RE,0.5251072
NFATC1,0.525034
ALS2CL,0.5249363
TMC8,0.5248712
SMAD9,0.5246406
PYGO2,0.52463645
SARM1,0.52456236
AGMAT,0.5243139
MRPL19,0.5241863
SDCBP,0.52415067
TBL1X,0.5239843
OBSL1,0.523925
SNAP47,0.5239048
TOMM40L,0.52381116
SLC9A3R2,0.52371114
CPLX1,0.52365774
SORBS3,0.52360344
CD4,0.5232111
TBC1D17,0.52309155
USP46,0.5223505
PINK1,0.5216997
FBXL22,0.52164924
SCLT1,0.5215022
UNC13B,0.5215022
ZNF460,0.5214994
NDUFA6,0.5211617
GBA,0.52115136
ZNF808,0.52075744
DPP4,0.5207566
RAB36,0.5203628
FPR1,0.5201451
CREM,0.52012026
SH2D2A,0.5200786
USP39,0.52001977
F12,0.51997054
BTC,0.5194827
EIF4H,0.5193232
GNE,0.5193169
STX10,0.5190791
CHRNA10,0.5187216
PQBP1,0.5180048
COQ9,0.51685655
LPCAT2,0.5162893
TBC1D8B,0.51596296
TRIM56,0.5158449
VAMP2,0.5152637
PHLPP2,0.51493967
MRPL54,0.5142339
ZNF337,0.51372725
PIGM,0.5136732
RCHY1,0.5134121
CEP290,0.51328176
TAF1A,0.5132587
GINS3,0.5132399
PRKCD,0.51320016
PPP1R3B,0.51315147
TCTN1,0.5130711
STIM2,0.51306903
TFB2M,0.5129552
POLG2,0.512782
ALG1,0.51272994
PGAM5,0.51270497
CALCRL,0.51267
CYP2J2,0.5116452
PDCD7,0.51154464
PGAP3,0.51127756
NOL7,0.5108501
PHLDA3,0.51075065
STAT2,0.51069546
PHC2,0.5106711
TMEM132A,0.5102029
DES,0.5101331
ZNF266,0.5100468
POLR2I,0.5095525
ATG16L2,0.50941825
PIGV,0.50939846
RLIM,0.50936913
PBDC1,0.5089741
MRPL41,0.50830823
WDR46,0.5083073
RAB21,0.5082742
DISP2,0.50801826
SNAPC5,0.50793374
VARS2,0.5072534
MOGS,0.50666076
EIF4E3,0.5063368
STON2,0.5058881
ADSL,0.505346
HNRNPD,0.50482315
AAR2,0.5046426
SOCS6,0.5040275
TFAP4,0.5038928
CYTH4,0.50367284
SSB,0.50355077
CYP3A5,0.5035293
RGS4,0.5026889
ZNF26,0.5022233
PRKX,0.50217104
LRP4,0.5020953
B3GNT8,0.5019139
RABL2A,0.5012883
POLR3H,0.5011023
SPDL1,0.500785
MMACHC,0.5001665
SSBP4,0.49948865
ZNF335,0.4993641
SNIP1,0.49887332
RFK,0.49885362
PSMC2,0.49799109
RECQL,0.49783292
RAB34,0.49778092
ZNF605,0.49732637
UAP1L1,0.49727616
HS3ST1,0.49705452
PER3,0.49698007
NSMCE2,0.4968928
ACSL1,0.49659947
ALG2,0.49654815
DHDH,0.49629757
TCF7,0.49613136
CYP39A1,0.49588695
RBM45,0.49551862
COMMD2,0.49509555
CENPQ,0.49502304
PGS1,0.494354
GLIPR1,0.494212
MSR1,0.49410534
NID2,0.49379382
TOB2,0.49362037
POLE2,0.49338704
RPS6KB2,0.49298957
UBE2F,0.49287584
RGS16,0.49280503
ZNF304,0.4926117
RAB42,0.49259853
THEM4,0.49214324
VPS8,0.49212274
GALM,0.49204156
SAV1,0.4918319
GATAD2A,0.49172118
NT5E,0.48979476
ING2,0.4895927
TRMT6,0.4894889
NCBP1,0.48944378
TAF2,0.48941407
CAT,0.48925078
RGS19,0.48831585
SPSB3,0.48796737
RNF41,0.48796374
VPS37A,0.48762733
MAFK,0.48761532
CEL,0.48751357
PMM1,0.4868346
NAA30,0.48667225
UNG,0.48604533
UBOX5,0.48573136
ARHGEF15,0.48379794
MRPS34,0.48349115
DBP,0.48337078
MAGEH1,0.48308596
PHKA1,0.4824443
PAF1,0.482203
GTF3C3,0.48189935
HDAC8,0.48124343
PPP2R3A,0.4806249
UBE2B,0.48035845
CHMP6,0.48018295
ZNF783,0.4797606
IL2RB,0.47954467
SYDE1,0.47860155
UGGT1,0.47859684
UFL1,0.47830582
ZNF41,0.4779809
SPON2,0.47640684
LNX1,0.47621682
RAP2B,0.47595766
CEP152,0.47588533
SHC2,0.4756619
SYT7,0.47553405
PTPN21,0.47548172
ZNF212,0.4752605
ARRDC3,0.4752525
PDCD4,0.47508627
TXNDC16,0.47465473
RGCC,0.47391927
PIGA,0.47388515
CPT1A,0.4733715
MAN2B2,0.4729327
UXS1,0.4728745
TNFRSF21,0.47243622
RDH10,0.47157392
CD200,0.47016132
PSME3,0.47012544
EXOSC10,0.46976402
ZNF394,0.46917358
NIT2,0.46904406
RMDN2,0.46866506
SEC63,0.46849966
SYNE3,0.46805546
UPRT,0.46761113
TTC7B,0.46715975
RIOK2,0.46685866
PBLD,0.46666273
RFX2,0.46645135
PLD6,0.46639913
RAB25,0.4658875
BLOC1S1,0.46557027
SPSB2,0.46496055
YARS2,0.4645428
PYGO1,0.46441442
FAIM,0.46349075
ZFP90,0.46303654
SLC18A2,0.4629592
SNTA1,0.46232715
ZNF593,0.4619189
JMJD4,0.4616741
RNF185,0.46166155
TUBB3,0.46109575
MON1B,0.46087623
MAPK13,0.46076474
MMP15,0.46035454
ZNF562,0.4593527
RHOBTB2,0.45920855
RPSA,0.4589296
SURF1,0.45885533
PNPLA6,0.45868012
ZDHHC9,0.45847705
DCAF17,0.4577899
ZBTB17,0.4574487
TGFB1I1,0.4567684
RAB3IL1,0.45549268
SAR1B,0.45512554
DDX20,0.45497555
ZRANB1,0.4549498
RNF6,0.45487967
RWDD3,0.4545921
COMMD3,0.45357493
RASSF2,0.4533924
PARD6B,0.4531467
QTRT1,0.45256954
RNF113A,0.45126644
REC8,0.45101264
USP16,0.4506575
STRIP1,0.45058358
RAP2C,0.44991356
TAGLN,0.44987682
ZNF543,0.4497974
DYRK1B,0.44957322
ZFP36,0.44920996
UBXN7,0.44882348
ZBTB33,0.4486696
UQCR11,0.4485051
VAMP8,0.44840634
TP53I3,0.44837517
RELT,0.44830665
RNF31,0.44815162
SPOP,0.4478172
TUBGCP5,0.44760928
LMF2,0.44747892
BRPF3,0.44727805
RRP8,0.44671857
SEMA5A,0.44651383
NR3C1,0.44629186
ENPP2,0.44619533
EIF3H,0.44559133
ARAP1,0.4446446
TMEM17,0.44431257
IFT57,0.44366592
ACSL4,0.4427465
RAG1,0.44246662
RHOT1,0.44198954
NOL12,0.4411933
CADM1,0.4408219
LDHD,0.43973094
NDST2,0.43939722
TP53INP1,0.4392428
PRRT2,0.4391386
DFFB,0.43887788
ARL16,0.43876162
SETD6,0.43817312
HEYL,0.43809456
UNC13D,0.43798298
FBP1,0.43784383
EDIL3,0.4374238
MED16,0.4371061
AMPD3,0.43665704
TECPR1,0.43642092
HCK,0.4363783
PLK4,0.4361924
ITPR2,0.4361084
CDK20,0.43585825
STARD3NL,0.43560693
CRMP1,0.4346593
SLA,0.43308553
LIN37,0.43299925
MPP5,0.4328731
SYT11,0.4324798
MRPS30,0.43238115
ZNF700,0.4323562
SLC35D1,0.43192214
ACVR2B,0.43189996
WASF3,0.43146482
SLC12A2,0.43133977
MRPL50,0.4311261
SDC3,0.43103573
TFAP2C,0.43011189
GDI2,0.4299209
CABLES2,0.4293818
GNL3,0.4293218
ISG15,0.42874607
NDUFS7,0.42774945
SRP19,0.42675018
SETMAR,0.425641
TAF13,0.4256271
EIF2B4,0.425511
VEGFB,0.42539835
COPB2,0.4245369
TAP2,0.42419583
DCLRE1A,0.42384607
TOPORS,0.423569
TRADD,0.42281687
SIPA1,0.4220919
GMIP,0.4220708
FOXK1,0.42051047
IZUMO4,0.42050204
SBF2,0.4196705
TRIM23,0.41887623
RBM42,0.41805512
ANGEL2,0.4176864
RPL36A,0.4176205
NME7,0.4175629
KXD1,0.41745088
NIP7,0.41617996
CCR1,0.4148548
ERP29,0.41463408
XRCC2,0.41439053
SYNGR1,0.413325
TBC1D10A,0.41192028
REXO2,0.41176975
CARD10,0.4117095
BUD13,0.4116234
FMO4,0.40991786
GADD45B,0.40970802
ZFP36L2,0.40903607
HNRNPL,0.40902665
ZNF274,0.40863433
CATSPER2,0.40859047
TSPAN12,0.40760627
TNFRSF10A,0.40641472
ACAD9,0.40622938
PEX6,0.40605825
INSR,0.40514776
CLCF1,0.40512997
CDK16,0.40461326
ZNF200,0.4045247
NAA10,0.40399697
MRPL40,0.403171
LRRC6,0.40291318
UTP3,0.40245274
ATG9A,0.40222353
NTN4,0.40208116
NR4A3,0.40138632
HLA-DPA1,0.40076792
AIP,0.40061304
UBXN2A,0.40001914
POMK,0.39942595
PSMA2,0.39929768
TINF2,0.39912656
COX7B,0.39876133
MMAA,0.39870924
NEO1,0.39807847
SLC27A2,0.39761734
SPRY1,0.39705035
COL9A3,0.39658654
DYNC2H1,0.3963413
LSM10,0.39572996
SUOX,0.39426494
PPIH,0.39408642
TBP,0.39395183
PRKAR1B,0.39237753
SGPP2,0.392286
CTU1,0.39213696
KLHL20,0.39207986
ST3GAL6,0.39092046
THAP7,0.39091277
RCE1,0.38930374
TRAPPC6B,0.38777652
USP34,0.3870982
TJP2,0.38699296
TOR1B,0.38665375
SDAD1,0.38650832
DUSP8,0.38603896
COL6A1,0.38555586
IMMT,0.3852697
UCK1,0.38435403
STAT4,0.38422978
METAP2,0.3840949
C15orf48,0.3830016
ANKZF1,0.38205627
UQCRQ,0.38086122
TMEM179B,0.38073805
USP21,0.38070515
DCAF11,0.37963572
ACYP1,0.3786305
PAQR3,0.37835065
PAIP2,0.37805507
POLR2C,0.37746492
TNFRSF10D,0.37661773
COL8A1,0.37621132
ULK2,0.37545487
ACBD3,0.37538162
VPS35,0.3747205
OXCT1,0.3746025
ZNF561,0.37416917
ZNF197,0.37321538
CYB5R1,0.37302607
SLC2A8,0.3720641
NLRC4,0.37171942
GRSF1,0.37042442
ZNF671,0.36983603
PCCA,0.36896187
SYNJ1,0.36824223
TAF5,0.36793295
TNK2,0.36782795
CHMP4B,0.36731142
MTMR14,0.36563894
RIPK3,0.36548433
ORC3,0.3645549
SH2D3A,0.3636669
DOCK4,0.36296222
ZER1,0.36291635
SPDYA,0.36253455
TBC1D23,0.36233452
TIMP3,0.36187273
UTP23,0.36096308
PRICKLE1,0.3607387
AOC3,0.35979936
TTC21B,0.3588414
RASD2,0.35817355
AP2A1,0.35777557
MRPL46,0.35733557
SULF1,0.35702008
TPRN,0.35660505
UNC93B1,0.35458928
TEK,0.35382172
LYZ,0.35298917
PSMC6,0.35293284
MLST8,0.35104772
FGD5,0.35003072
BCKDHA,0.34912142
SCUBE2,0.34890828
PFKP,0.34863967
EXOSC8,0.34814316
LBR,0.34743825
OXTR,0.3471947
SPTBN4,0.346387
SLC27A4,0.34637275
SMG5,0.34622467
SPRED2,0.3458501
PMVK,0.34535882
TTF1,0.34475905
AIMP1,0.3442596
AGO3,0.34424177
CAPN1,0.343185
SPPL3,0.3424639
ACOT8,0.3423904
DDX41,0.34205088
ETV7,0.34137684
LRRC4B,0.34135243
LARP4B,0.34067565
TEX10,0.3386829
OGDH,0.33853048
ZNF429,0.33793592
ZNF3,0.33663636
ZNF155,0.33630323
HLA-DMA,0.33529875
LIMS2,0.33502218
EFNA3,0.33464026
SLC6A9,0.33362052
ZKSCAN1,0.33314562
ZNF641,0.33265507
PORCN,0.33204642
WRAP53,0.3319018
RAPGEF6,0.33063206
FPR3,0.33026645
TYSND1,0.330052
KRBA1,0.3279607
DTX4,0.32755804
BRPF1,0.32702616
RASGRP3,0.32681164
ANAPC16,0.32609394
SGCB,0.32568145
COL17A1,0.32551572
THBS2,0.32524353
ZMPSTE24,0.3248304
GGT7,0.32403326
VAMP1,0.32400542
POLA2,0.32396653
MTMR3,0.32395613
TSEN54,0.3238574
MICALL1,0.32225487
C1GALT1C1,0.32222992
PLEKHA3,0.3222175
RANBP3,0.3219927
TCTN2,0.321216
SRCAP,0.32088143
ZNF211,0.32033354
CTPS2,0.32005322
JDP2,0.31952694
NCALD,0.31921062
LIG3,0.31826892
ROBO3,0.31741205
S1PR1,0.31677714
ZNF227,0.3164133
ZNF772,0.31615627
RCAN2,0.31563553
ZNF468,0.3143243
DHX32,0.31412658
RYK,0.31383407
LIMK1,0.3134803
OPA1,0.31269312
SLC30A4,0.3121621
SORBS1,0.31143448
POMT1,0.3109033
MAPK3,0.31089678
MXRA8,0.31067353
UFSP2,0.31006983
TMEM187,0.3099527
ZNF684,0.3098302
COA5,0.30886692
CYC1,0.30860558
ST3GAL4,0.30853328
RNF25,0.30833197
RAB5B,0.30660713
RDH5,0.30635244
ALDH3A2,0.3051516
BUD31,0.30478668
TRPM7,0.3047828
PTS,0.30457544
TBC1D25,0.30388364
SNTB1,0.30056107
ZMYND8,0.2996168
FBXL8,0.29886982
POLH,0.29875195
TIAL1,0.29780766
CPEB2,0.29708034
GRIN2D,0.2966462
SVIP,0.2966457
CTTNBP2NL,0.29569554
IDH3B,0.2952198
ITGA9,0.29464328
FADS1,0.29452375
ZNF140,0.2939011
GRWD1,0.29348013
DPM3,0.29346362
CAB39L,0.29325166
ZNF778,0.29245612
LIMA1,0.29167902
STOM,0.2910995
TTC26,0.29067618
LMNB2,0.29023746
FBXO5,0.29017752
TXLNA,0.2899962
MRPS5,0.28910464
NOSIP,0.28789034
ZNF45,0.28780645
APH1A,0.28530213
THSD1,0.2844325
RNF103,0.28346965
SNX13,0.28259644
SIGIRR,0.28251654
ITGB3BP,0.28187823
MCM2,0.2811785
SLC7A7,0.28067043
MLEC,0.27962667
PSMC3,0.27769303
ALDH1B1,0.276096
NDUFS4,0.2748769
PANK3,0.27338877
COL11A2,0.27330804
RNASE1,0.27293172
GCNT4,0.27229252
BACE2,0.2720296
UTP14C,0.27162734
BLCAP,0.27135897
ZNF589,0.2706001
CYFIP1,0.27023345
RASGEF1A,0.27016148
ZNF480,0.26949292
SAP30,0.2679149
LIPT1,0.26783228
MLH3,0.2675185
RPP38,0.2674357
ZNF546,0.26728657
HS2ST1,0.26702145
ZNF517,0.26688966
MCMDC2,0.2667748
LRG1,0.2652992
ZNF34,0.2649466
TIMM17B,0.26438645
MIB2,0.26390722
SGK3,0.2634346
DDX51,0.26243168
ZNF320,0.26118734
TRMT5,0.26100704
NPL,0.26077664
SMG8,0.26061717
SKIV2L,0.2604678
ZFP30,0.25870568
ZNF587,0.25833857
SIK2,0.25816587
MAFF,0.25491607
NPHP1,0.2544685
THAP4,0.2543137
CXCL14,0.25425094
NR2C2,0.25358927
RIPK2,0.25252375
LY96,0.2520183
OTUB1,0.2511861
URM1,0.25118482
SRPX2,0.2510745
CCNK,0.25023597
TXNL4B,0.2495276
TAF9,0.24786314
ANPEP,0.24743737
TAF6L,0.24642816
TLR4,0.244722
PLB1,0.2435468
GDAP1,0.24350932
STARD10,0.24328238
DPH3,0.2412866
ZNF250,0.24050248
TGS1,0.23969956
FBN1,0.23931469
CENPF,0.23904158
PI4K2B,0.23659569
ZNF846,0.23544241
TPK1,0.23443338
UBAC1,0.23422723
USF2,0.23401828
KCNAB1,0.2337235
NDUFB10,0.23311278
JOSD2,0.23305519
SSR4,0.23305273
SAMD8,0.23008025
HSD17B8,0.2297014
PRDX2,0.22945029
XRN1,0.22923397
ACVRL1,0.22586164
PPCDC,0.22582886
OAZ1,0.22540782
WDR81,0.22455053
PPP2R2A,0.22441535
WDR35,0.22399841
ZKSCAN5,0.22382899
ZNF132,0.2233928
SHPK,0.22328536
GMPR,0.22295688
VCPIP1,0.22263119
PSD,0.22085609
LRP3,0.2196479
RNASEH2B,0.21891552
CLN3,0.21875982
KIF3B,0.21843109
ZNF283,0.2176139
MRM1,0.21695887
ZNF577,0.21652804
ATG3,0.21569856
ZNF2,0.21475562
RPP21,0.21371397
SYP,0.21229939
EVPL,0.21182102
TDRD3,0.21121198
RAB13,0.21001752
CLK4,0.20868185
ZNF136,0.20776518
ACSL5,0.20714614
SAT1,0.20452736
ZNF248,0.20332253
KCNAB3,0.19986771
SMNDC1,0.19948098
RCAN1,0.19861986
OXSR1,0.19792423
PDE1B,0.19765028
PPIL2,0.1966429
UBE3B,0.19356395
ZDHHC8,0.19336744
ZNF160,0.19315186
IL17RA,0.19100513
PCGF1,0.18795593
TP53RK,0.18612397
WDR55,0.18413892
ZNF558,0.18356663
U2AF1L4,0.18328533
PPFIA3,0.18183777
RNASEL,0.1818218
ACADS,0.18105857
TFAM,0.18024667
ARCN1,0.17907149
AKAP10,0.17897663
RARB,0.1782151
SLC35A1,0.17809115
SLC25A14,0.17757894
POLR3F,0.17687297
ZNF141,0.17602389
TBC1D13,0.17530915
BLVRB,0.17454834
PLCD1,0.17347229
ALCAM,0.17334904
ARHGEF26,0.17299223
SIAH1,0.1725795
GALNT14,0.17218633
ZNF711,0.17200415
TNFSF13,0.1676449
JAG1,0.1675201
RAB3D,0.16594703
TM6SF1,0.16588546
PNPLA7,0.16559234
RABIF,0.16497818
ZNF17,0.1644846
RRAGC,0.16133475
SUPV3L1,0.1584356
BBS7,0.15518455
HYLS1,0.15400502
TFAP2E,0.15352455
MVB12B,0.15198725
ABCD4,0.1510022
ZDHHC2,0.14990091
AGL,0.14877741
PPCS,0.14652291
TRPC4,0.14613537
ZNF467,0.14281069
ZNF585B,0.13830838
BMP8B,0.1368416
ITGA8,0.13639748
ZNF764,0.13375932
SLC4A11,0.13339745
C6orf120,0.13226773
FOXP3,0.13202481
RNF144A,0.13195693
TRAPPC3,0.13150464
ZNF738,0.13119556
C2,0.1311488
ELMO3,0.12635185
ACIN1,0.12633644
ZNF14,0.1245004
TNXB,0.1231337
RGS14,0.1222665
ARL4D,0.12000507
KRT17,0.11405328
CLDN1,0.11385456
ZNF836,0.11264299
MTSS1,0.1123075
TRIM45,0.11077671
RASSF6,0.11076836
ACAP1,0.11048805
ZNF699,0.11022476
ABCF3,0.10978891
RIN2,0.10812946
VCPKMT,0.107806675
ZNF687,0.105821274
ACP2,0.10377574
TTC30A,0.10358949
ZNF548,0.103201374
ACO1,0.10295293
ZNF766,0.0993982
CLK1,0.0991253
TNFRSF10C,0.09820365
ABI3BP,0.09819834
ABHD12,0.096204266
UFC1,0.09569668
ACADM,0.095183484
GPR183,0.095068395
TMEM176A,0.09503646
LAT,0.094183736
ALG11,0.091136016
PIP5KL1,0.090706326
ABLIM3,0.088325545
ZNF567,0.08751392
MAP2K6,0.08687368
ACOT4,0.085544266
ZNF677,0.08431065
ACOX1,0.0842518
DYSF,0.08423657
ULK3,0.0842221
AASDHPPT,0.08327192
RASL10A,0.08319005
SECTM1,0.08173634
STK11IP,0.07930031
KBTBD8,0.07844248
ZFP1,0.078210965
SYTL2,0.07726428
ZNF470,0.07539643
GPR160,0.074767075
STAC3,0.07334083
MRPL13,0.072324745
KCTD6,0.0707685
UBE2D4,0.06850324
ZNF814,0.068267696
ZNF91,0.066094756
MRTO4,0.064760424
CORIN,0.06372906
ZNF440,0.06340294
ZNF419,0.0615433
IER3,0.06030058
STK36,0.058544558
NEB,0.056789808
ZNF552,0.054686118
TGM1,0.054423768
ZNF607,0.052857425
ZNF614,0.05265463
ARL1,0.051738884
GNGT2,0.049958818
INIP,0.049859714
DENND1C,0.046176013
ZNF564,0.044689134
CNTRL,0.03936867
ZNF485,0.036044218
ZNF92,0.03457254
GDPD1,0.034018323
WDR5B,0.0332598
ACTR3B,0.03224865
SYCE2,0.031911455
ZNF573,0.030795697
TPMT,0.029820342
PCDHB15,0.029000597
ZNF555,0.027710093
TMOD2,0.02591271
CTSF,0.02453815
ZNF527,0.02225732
DOLK,0.022072287
RAI2,0.020769805
ZNF273,0.019418245
ZNF793,0.016406003
TUBG2,0.016396325
ZNF350,0.01608261
ZNF284,0.015572561
TRIM39,0.0147709595
ZWILCH,0.0135913845
PTGS1,0.011835513
ZNF439,0.01172639
SMARCA5,0.01139872
WNT9A,0.010853208
STX4,0.010454124
ZNF431,0.009872992
ZNF586,0.009167513
ZNF225,0.0084421495
ZNF235,0.008430869
SLC44A4,0.008195992
P4HA3,0.008127088
XYLT1,0.0074712513
ZNF383,0.0073734513
THAP1,0.0071225343
S100A3,0.006899844
USHBP1,0.006757847
ZNF510,0.006733862
ELOVL7,0.0067139072
ZNF530,0.006093108
TRPC6,0.0059405593
ZP3,0.005349314
ZNF90,0.005197222
TTC12,0.004819607
ZNF69,0.0042939964
TXK,0.004220463
ZNF823,0.004112717
TCEAL1,0.0027451278
ZNF354B,0.0024480438
ZNF557,0.0022227892
ZNF776,0.0016647031
RNF128,0.0016135145
ZNF234,0.001455923
ZNHIT3,0.0014549126
GGT1,0.0013526647
ZNF611,0.0013295087
ZNF550,0.0012858405
ZNF420,0.001266737
ZNF623,0.0012034395
ZNF112,0.0011733265
ZNF773,0.000920528
ZNF813,0.0008588273
HFE,0.0007601764
ZNF347,0.0007381675
ZNF222,0.0006992199
SEMA4G,0.0006632506
TLR3,0.0006385472
ZFP82,0.00043714017
ZNF354C,0.00043404129
ZNF354A,0.00034219556
LRFN1,0.00029772447
ZNF526,0.0001852971
ZNF486,0.00013466968
ZNF83,0.00012665054
ZNF600,3.714602e-05
ZNF184,3.5915476e-05
ZNF506,2.621263e-05
SDHAF1,1.9018815e-05
ZNF626,1.3506474e-05
ZW10,1.2456496e-05
ZNF544,8.147125e-06
ZNF175,7.604925e-06
SCN1B,7.413832e-06
ZNF324B,2.139724e-06
ZNF549,1.306395e-06
ZNF221,1.1393539e-06
ZNF57,7.558675e-07
ZNF256,7.433552e-07
ZNF135,7.096867e-07
ZYG11B,5.542052e-07
ZNF765,3.911933e-07
ZNF674,3.5750531e-07
SLA2,2.936233e-07
ZNF701,1.9805063e-07
ZNF418,1.928584e-07
ZNF721,1.2254338e-07
ZSWIM7,8.031213e-08
ZNF841,3.8535724e-08
ZNF649,3.346663e-08
ZNF615,3.172578e-08
ZKSCAN4,3.117666e-08
ZKSCAN3,3.0541244e-08
