Gene Name,Score
AAAS,0.78529704
AAK1,0.779935
AACS,0.7791219
AAMP,0.7782018
AASDH,0.77495563
AASS,0.77226627
AATF,0.7722473
ABCA1,0.7719137
ABCC1,0.77151877
AARS2,0.7708702
ACO2,0.7707161
ABCC3,0.7701666
A1BG,0.7686248
ABCD3,0.767937
ABCA2,0.76775855
ACAP2,0.767697
ABCB6,0.76726204
ABCA7,0.76647013
ABCG1,0.7661232
ABCF2,0.76557267
ACTA2,0.76531607
ADAM9,0.76505756
ACADVL,0.7647543
ABCB4,0.76459354
ABI3,0.76373404
ADCY6,0.76336867
ACACA,0.76321405
ABCE1,0.76241654
AGPAT4,0.7620211
AHI1,0.7619377
ABI2,0.761452
ADAM12,0.7613696
ABCD4,0.7613653
AFG3L2,0.761144
AASDHPPT,0.7611362
ABLIM2,0.7611303
ABCF3,0.76069635
ACAA2,0.7606375
ACTR8,0.76053613
ACTN4,0.76037395
ADH5,0.7597005
ACTR3B,0.75966716
ADORA2B,0.75944173
AHCYL2,0.75935763
AGPAT5,0.7592645
ABLIM3,0.7591436
ANKRD44,0.7590374
ACER3,0.7590069
AGRN,0.7588553
ACADM,0.7586119
ACAP1,0.7585711
ABHD12,0.7585667
ACLY,0.7584844
ARHGAP31,0.75838363
ACTR2,0.75837135
ACTR6,0.7582977
ABI3BP,0.7581843
ACTR3,0.7581812
ALDH1B1,0.75816846
ADIPOR2,0.75793284
ACTN1,0.757823
AK9,0.7577433
ACO1,0.7575468
ADAM23,0.75743777
AIMP1,0.75742584
AKAP10,0.75725085
ALG5,0.757229
AK2,0.7570108
AHNAK,0.7569185
ALKBH5,0.7567851
ADD1,0.75675625
ALDH4A1,0.7566562
AGL,0.7566261
ADCY3,0.75653785
ALKBH1,0.7565374
ACP2,0.7564617
ALDH3A2,0.75639623
ACOT4,0.7561529
ADAM10,0.756138
ACOX1,0.7560183
ADAM15,0.75591403
AHCTF1,0.7557969
ADD3,0.75575393
ADK,0.7556927
ACADS,0.7556764
ACOT8,0.75567245
AMOTL1,0.75564873
AMBRA1,0.75561446
ALDOC,0.75553524
ANXA5,0.7555349
AZI2,0.75548935
ACTL6A,0.7553102
ADSL,0.7552976
AP3D1,0.75521666
ARL16,0.75513357
ANGEL2,0.7551148
AKAP13,0.75506616
ADAMTS7,0.7549951
ARHGAP10,0.7549944
AGO4,0.7549931
ACYP1,0.75499076
AMOTL2,0.75497365
ARFGEF1,0.75497216
AGO3,0.7547569
AKR1B1,0.75471973
ACTR1B,0.75471014
ANO6,0.75469196
ADAM22,0.75467366
ADCY5,0.75467336
ARF6,0.75462115
AGFG1,0.7545772
AHRR,0.75453705
ANTXR1,0.75448954
ADAR,0.75442797
AP2A1,0.754359
AHCYL1,0.7543419
ANAPC1,0.7543232
ALCAM,0.75427634
ACTG2,0.75423735
ANP32B,0.75418097
ADAM17,0.7541124
CCNYL1,0.7540803
ANXA6,0.754075
ACAD9,0.7540709
ATG4B,0.7540418
AMY2B,0.7540203
ADM,0.75399184
ALS2,0.7539869
AMFR,0.75391537
AKR1A1,0.7539134
APPBP2,0.7539048
ACBD3,0.7538611
AP1G2,0.7538209
ANAPC15,0.7538044
APPL1,0.75375915
BLOC1S4,0.7537352
ACSL5,0.75371045
AIFM1,0.7537004
ARL8B,0.75365746
ALDOA,0.7536398
ACIN1,0.7536011
AKAP9,0.75357765
ANP32A,0.75351655
AMMECR1,0.7534982
ARSB,0.75346226
AP2A2,0.75342333
AKAP1,0.75340724
ARHGEF18,0.7533443
APBB2,0.75324017
ANO9,0.753139
ARCN1,0.7530823
ACVR2B,0.7530442
ABCF1,0.75299364
AHCY,0.7529614
ATP8B2,0.75289625
AK4,0.7528529
ALDH9A1,0.75272614
AP1G1,0.7526968
ACTR10,0.7526572
ALKBH3,0.75261897
ALDH7A1,0.75255996
ANLN,0.7525575
ALG13,0.752557
AQR,0.752529
ADCY7,0.75246197
ALPK1,0.7524223
AFTPH,0.75241035
AP1S3,0.75240505
ALDH1A3,0.7523572
ADCY1,0.75233835
ARHGAP17,0.75230974
ALKBH8,0.7522537
ATG2B,0.7522444
ACVRL1,0.752235
ANXA2,0.7521873
ALAS1,0.752142
ATP11B,0.75212747
ADPGK,0.7521169
ANO7,0.7520472
AP2B1,0.7520365
ARHGEF11,0.75197655
ASL,0.7519706
ARF3,0.7519495
ARPC5,0.7518619
ARHGAP32,0.7517791
ACSL4,0.7517776
AIFM2,0.7517726
ACTR1A,0.7517482
ANKFY1,0.7517406
ACAD8,0.7517097
ANK3,0.75170934
AGPAT3,0.7517009
APOE,0.7516871
AREL1,0.7516819
APLP2,0.7516624
ACSL1,0.7516299
ABR,0.7516191
ALG8,0.7515746
AP1S2,0.75150996
APIP,0.75148124
ARHGAP12,0.7514799
ANKLE2,0.7514697
AP5M1,0.75143856
ANAPC4,0.75141895
ADIPOR1,0.7514154
AGPAT1,0.75137264
AP1M1,0.75132
ANKRD28,0.751291
APP,0.75125015
ATP1B1,0.75124156
CBX6,0.7512118
ANAPC7,0.7511985
ADNP,0.7511408
ARHGAP39,0.75113934
ACOT13,0.7510858
API5,0.75105953
ATP6V0A1,0.7510421
AMPD3,0.7509709
ARHGAP4,0.75091136
ACAA1,0.75089645
ALMS1,0.7508493
AURKAIP1,0.75078773
BTN3A2,0.7507562
ACAT1,0.75075316
APRT,0.7507315
ARPC1B,0.75072765
ATP2B1,0.75061876
ARRDC3,0.75060093
ATP8A1,0.7505634
ARFGEF2,0.7505369
ATG16L1,0.7505066
BAZ2A,0.75037736
ARFGAP1,0.7503444
C2,0.7502588
ABTB1,0.75025517
APPL2,0.7502344
CAB39L,0.7502158
BANP,0.75018394
ASPM,0.7501657
ATP6V0C,0.7501166
ARHGAP24,0.75009775
ASH1L,0.75007886
APH1B,0.75005484
BNIP3L,0.7500314
BAZ1B,0.7500168
ARAP1,0.75000817
ARRB2,0.7499749
ARFGAP2,0.7499506
ARF5,0.74991
ACOX3,0.7498039
ARHGEF2,0.74973726
ANXA7,0.7496771
ABCD1,0.7496755
AP2M1,0.74965084
ASAP1,0.7496458
AKR7A2,0.74963135
ASF1B,0.7496203
BANF1,0.74958885
C2orf49,0.7495667
ACOT2,0.749564
ASPH,0.74955636
ADI1,0.7495385
ARFIP2,0.7494817
ARPC1A,0.74947494
ARHGEF1,0.7494746
AGPS,0.74945015
ARIH2,0.74944276
AP3B1,0.74943155
ASB1,0.7493566
ANAPC16,0.7493198
ANKZF1,0.74931294
ALDH18A1,0.7493044
ANXA1,0.7492661
APBB1,0.74915665
ALG6,0.7491498
BACE2,0.7491202
AMPD2,0.7491103
ARF4,0.7490896
ASAH1,0.74908036
AHSA1,0.7490661
ARHGDIB,0.7490434
ARHGAP11A,0.7490122
ATPAF1,0.74895585
ARHGAP21,0.7489322
AZIN1,0.74892944
ARIH1,0.7489049
AP5Z1,0.7488725
ACSS2,0.7488588
APLF,0.7488151
ARHGEF40,0.7488125
AP4S1,0.7487889
ASAP3,0.7487701
AADAT,0.7487375
ARHGAP25,0.7486437
BLVRB,0.74863565
BTBD1,0.7485664
AP2S1,0.748556
AMOT,0.7485481
ATAD5,0.74850726
ATF7IP,0.7484887
ARL2BP,0.7484225
ARHGDIA,0.74841493
ALDH3B1,0.7484093
AP3M1,0.7483807
APTX,0.74835217
ARF1,0.7483214
ARL14EP,0.7482716
ATG13,0.74826944
ATF6,0.74823153
ARHGAP44,0.74822474
BLCAP,0.74821794
AGAP2,0.7482129
AP3S1,0.74817175
ADAT2,0.7481265
ATP6V1G1,0.7481008
AUH,0.7480934
ASNS,0.7480718
ATP11A,0.7480625
ARL4D,0.7480239
ACD,0.7480211
ATN1,0.74799806
AIMP2,0.74799395
BCAR1,0.7479904
ATG12,0.7479762
ATP1B3,0.7479741
ARHGEF3,0.7479511
ANAPC5,0.7479101
ACER2,0.74786615
AUP1,0.74783885
BCKDHA,0.74778533
AVL9,0.74774075
APAF1,0.7477079
CCNK,0.7476896
BCAP31,0.74766123
ARPC2,0.7476519
CBLL1,0.747632
ATP2B4,0.7476186
AMDHD2,0.747608
ATG10,0.7476054
ASB7,0.7474731
ASCC2,0.7474519
ARSJ,0.74745154
ANKRD27,0.74744725
BOLA3,0.7473852
ATP2A2,0.7472958
ATG9A,0.74723184
CALM1,0.7472128
BET1,0.7472094
ATP1B2,0.7472081
AQP3,0.7472067
ATP6V1A,0.74717414
ATF4,0.7471052
APOBEC3C,0.7470861
BAHD1,0.7470801
ARHGAP9,0.7470658
ATXN7L1,0.7469558
ARL3,0.7469334
ATXN10,0.746918
ARPC4,0.7469012
ARHGAP29,0.74689496
ADPRM,0.7468897
ANO10,0.74687546
BCAS3,0.74686843
ASAP2,0.74686515
ATF2,0.74684167
ATOX1,0.7468221
C1QBP,0.74679714
BBS9,0.74679196
BUD31,0.74678403
CALML4,0.7467405
CAP1,0.7467299
BAG6,0.7467079
ATP6V0E2,0.7466917
ATP6V0B,0.74668884
ATXN2L,0.7466832
ATP13A2,0.74660516
CAPNS1,0.7465464
BIRC5,0.7465428
ADAMTS10,0.7465371
C2CD3,0.74650925
ARHGAP30,0.74648637
BRD8,0.746486
B4GALT2,0.7464773
CANX,0.74647087
ATP8B4,0.74645555
BMP2K,0.746414
B4GALT1,0.74640536
BTN3A1,0.7463578
B3GNTL1,0.74633634
BRD2,0.7463048
ARHGEF9,0.7462879
ATP7A,0.7462743
BTBD2,0.74627423
ATP6V1H,0.74624944
ABCB10,0.74616206
ATAD3A,0.7461607
ASB13,0.74614716
ACOT7,0.74614215
BNIP1,0.74612427
ASGR1,0.7461199
ATP8B1,0.7460843
B4GALT4,0.7460523
AGK,0.7460315
BIRC6,0.74597406
APOOL,0.745962
ALG1,0.74594235
BTF3,0.7459333
CELSR1,0.7458199
BDP1,0.74581176
BLOC1S6,0.7458016
CCNT1,0.7457804
CALU,0.7457557
ARL2,0.7457175
ACE,0.74570614
CC2D2A,0.7456794
ARMC8,0.74566966
ARHGAP6,0.7456623
BIRC2,0.74562556
ATAD2,0.74560946
CCNB1,0.7455867
CAPN7,0.74558043
B3GALNT2,0.7455787
CARS2,0.7454786
CDK13,0.7454475
BZW1,0.7454041
BCKDHB,0.74540055
BMF,0.7453993
BTRC,0.7453975
CDIPT,0.7452749
ARRB1,0.7452485
BRD1,0.74523467
ARPP19,0.74521697
ASPHD1,0.7451382
BMS1,0.745129
BCCIP,0.74512607
BUB3,0.74509585
BRIX1,0.7450785
CAB39,0.74504066
CAMK2G,0.7450065
C2CD2,0.74499303
ARSD,0.7449914
ACOX2,0.7449761
ATP6V1C2,0.7449732
ARHGEF19,0.7449449
BATF,0.7449274
CD200,0.74489737
ATP6V0A2,0.7448919
CCNG2,0.74488676
ARL8A,0.74486035
ASCC1,0.7448493
ALG9,0.74483293
C1GALT1,0.7448063
CDCA8,0.7448037
ARSK,0.74480015
CACNB1,0.7447339
BAG3,0.7447265
BIN1,0.74470586
BTBD3,0.74468815
CELSR3,0.74461675
CCNDBP1,0.7445121
CNTNAP1,0.74449074
BICD1,0.74447304
ALG12,0.7444022
ALG14,0.7443911
ASS1,0.74438906
ATRN,0.7443507
BBS2,0.74434966
ATXN3,0.74434686
BCAT1,0.74434173
ASB6,0.74433225
CA2,0.7443089
ATG3,0.744294
CHST12,0.74427134
CKAP2L,0.7442675
CDCA7,0.7442008
CLN3,0.74417007
ATXN1,0.7441638
BRK1,0.74413234
C5AR1,0.7441287
CEP250,0.7440334
CBR1,0.7440304
CDK17,0.7440279
ARAP2,0.7440097
ATP1A3,0.74396455
ADRA2A,0.7439475
ATG4A,0.743913
CACYBP,0.74390143
CD52,0.7438939
BIN2,0.7438717
ALDH1A1,0.74386346
ATG4C,0.74385035
BSG,0.7438355
ALYREF,0.7438275
CEP72,0.7438171
BEND3,0.743795
BFAR,0.7437646
BRWD1,0.7437604
BCKDK,0.74374074
CCDC59,0.7437327
CCT2,0.7437227
BAIAP2L1,0.74372214
BTF3L4,0.74371964
BRD9,0.7436934
BTAF1,0.743684
BID,0.7436824
CD109,0.7436759
ARNTL2,0.743632
CDC42BPA,0.74361134
CALM2,0.7435635
CBX3,0.74355644
BNIP3,0.7435262
BUD13,0.7435135
CCT7,0.7435055
CALCOCO1,0.7435038
CCT6A,0.7434843
BUB1,0.7434591
ACAT2,0.74345493
CASP2,0.74344844
ASIC1,0.7434024
ACP5,0.7433953
ARHGAP18,0.7433678
BCAT2,0.7433511
BBS10,0.7433304
CALD1,0.74327695
ALG11,0.74327505
B4GALT3,0.7432636
CASP10,0.7432236
CCNF,0.74320996
CCNY,0.7431995
CABIN1,0.74319196
BACH1,0.7431412
C1R,0.74311835
BMPR2,0.7430957
BPNT1,0.7430826
CDH6,0.7430601
BOP1,0.7430383
BAG4,0.7430132
CTSF,0.7429929
AKT1S1,0.74296045
BPTF,0.7429538
CAPZB,0.7429471
CD55,0.7429392
CADM1,0.7429087
DDHD2,0.7428972
CHID1,0.74288994
CCNG1,0.74287844
CEP135,0.742873
BMP1,0.7428725
BRAP,0.74286765
ALG10,0.7428097
BAK1,0.7428053
ATG16L2,0.7427769
AP3S2,0.74276304
CACNB3,0.7427626
CCAR1,0.7427619
ALDH16A1,0.7427422
ARHGEF15,0.74274194
ANP32E,0.74272937
CCZ1,0.7427249
CACNA2D1,0.74269
CAMK2D,0.74266726
BRF2,0.74266356
APBA3,0.7425918
C11orf49,0.7425884
CKAP2,0.7425576
CDK2,0.74254817
CCDC91,0.7424957
ARSG,0.7424926
ATG4D,0.7424516
AGPAT2,0.7424502
CDK19,0.7424463
CDR2,0.74243
CACNA1C,0.7424196
CCT5,0.7424153
CAMK1D,0.74241084
CAT,0.74235874
CBFA2T2,0.742287
CD48,0.7422298
BHLHE40,0.7422176
ARG2,0.742179
CARD10,0.74216866
CDCP1,0.74215865
CBY1,0.7421515
CCDC86,0.7421368
CAPRIN1,0.74208385
C18orf32,0.7420644
APOBEC3G,0.7420418
CAPZA1,0.742032
CBR4,0.74203074
CAND1,0.7420193
AGER,0.7419183
CATSPER2,0.74188846
CASK,0.7418598
CAMKK2,0.7418492
CDK5RAP2,0.7418325
CHD9,0.7418255
CHCHD2,0.7417318
CD300A,0.74173176
CEP120,0.7417109
CHRAC1,0.7417038
CD81,0.741681
B9D1,0.7416662
ARL4C,0.7416325
CD320,0.74162084
CCM2,0.7415865
CHN2,0.7415693
CABLES1,0.7415225
CNOT4,0.74150896
CDK14,0.74146074
AKR1C2,0.741458
BPGM,0.7414536
CARF,0.7414238
CCDC115,0.74142116
CAMK4,0.7414022
ASRGL1,0.741402
CLHC1,0.7413809
BOC,0.74137884
CDT1,0.74134094
CCNH,0.7413065
ATPAF2,0.741268
ARHGEF4,0.74125695
CENPP,0.7412181
CAPN2,0.74121594
CDC20,0.7412098
B3GNT2,0.74116474
BICD2,0.7411526
BRPF3,0.74114126
CCT8,0.74108607
ALPL,0.7410841
CDC25B,0.7410762
CDC34,0.741057
CIT,0.7410496
ATP6V1E1,0.7410407
CDK5RAP3,0.7410338
CES4A,0.7410143
CBX5,0.7409964
ACSS1,0.74097997
CD46,0.74096364
CAPN1,0.740961
ATF6B,0.7409163
CD2AP,0.7409133
CDC37,0.7409125
CHD7,0.7409054
CDH5,0.74089324
CLN8,0.74089086
CD47,0.74086887
CLK1,0.7408613
CDC37L1,0.7408589
BLVRA,0.74078435
CAPN15,0.74076897
CHRNB1,0.7407571
ARL4A,0.74075454
CHCHD6,0.7407249
CAPG,0.74070096
CDC42BPB,0.7406884
CD99L2,0.7406666
CDCA2,0.74063396
CEP70,0.740619
CGNL1,0.74060124
CLK3,0.74059916
CDKL5,0.74059045
ACSM3,0.7405528
CDON,0.7405428
BCL7C,0.74054176
CCDC88C,0.74053925
ADAMTSL4,0.74049383
B3GAT3,0.7404565
ATP6V1C1,0.7404204
BAIAP2,0.74039555
CENPO,0.7403791
ARFGAP3,0.74036884
DOLK,0.74036795
BRWD3,0.7403332
BCS1L,0.7403217
BRCC3,0.74030685
C17orf75,0.74030393
CHD1,0.7403025
CNN1,0.7402605
COL18A1,0.7402564
CHCHD3,0.74025524
CCT4,0.7402368
DUT,0.7401698
ADAM19,0.74016255
CAPN5,0.7401555
ACOT11,0.7401499
CBX4,0.7401471
BYSL,0.74012023
COPS7A,0.74010086
ANPEP,0.74009055
ANTXR2,0.74008495
AOC3,0.74008274
CDK16,0.74007833
CCT3,0.7400701
BLOC1S2,0.7400617
CHKA,0.74002594
CPSF4,0.740004
BTN2A1,0.7399768
CCDC80,0.73997587
CHERP,0.7399674
CENPJ,0.7399567
C1GALT1C1,0.73991615
BRF1,0.73991525
CHMP2A,0.7398969
CAMLG,0.7398847
CERS5,0.739875
C2CD5,0.7398624
CIAPIN1,0.7398572
CLCN6,0.739855
CENPK,0.739803
CELF1,0.73980224
CDC27,0.73980147
CHSY1,0.739682
CAPZA2,0.7396406
CHCHD10,0.73963517
COG1,0.7396235
ADAMTS13,0.73960835
CDS1,0.739563
AK1,0.7395599
COQ9,0.7395525
ARHGEF25,0.73953646
CEP170,0.73953164
CCNA2,0.7395024
CNOT6L,0.7394833
CLIC1,0.73945755
CDC16,0.7394337
CLNS1A,0.7393987
CEP55,0.7393873
CMPK1,0.7393707
CFDP1,0.7393613
CENPL,0.7393588
CNN2,0.73933107
CFL1,0.7392876
COPE,0.7392851
CHTF18,0.7392293
COIL,0.7392098
CCNB2,0.7392073
CENPE,0.7391974
CENPN,0.7391746
CALCOCO2,0.739152
AP4B1,0.7391485
C12orf65,0.7390985
COA1,0.73908865
CCNT2,0.7390728
CDYL,0.7390538
CLTA,0.7389756
CPSF7,0.73896873
CD2BP2,0.738965
CNOT11,0.7389409
CEP350,0.7389377
COX17,0.7389077
CAMKK1,0.73888254
CCDC93,0.7388457
COL12A1,0.7388238
CSTB,0.7387981
CACNB2,0.7387912
APBB1IP,0.7387673
CERS6,0.7387623
COG5,0.738748
BECN1,0.73869294
BTD,0.73867935
AKR1B10,0.738635
CHD3,0.73862743
ATL1,0.73856
CDK7,0.7385238
ALG3,0.7385225
CTDP1,0.73851156
CHMP3,0.73844725
CTPS1,0.73842585
CEP57,0.7384154
CMAS,0.7383933
CDC25A,0.73837894
DHX32,0.73835677
CDS2,0.7383315
ARHGAP11B,0.73832947
COPS6,0.738309
CLINT1,0.7382753
CDK2AP1,0.7382068
ARL13B,0.7382068
BIN3,0.7382044
CPNE1,0.7381552
CD40,0.7381505
CDK1,0.73812944
CD53,0.7381072
CAST,0.73807853
ALDH5A1,0.7380601
CTNNBIP1,0.73805773
CEBPZ,0.73805124
CCNL2,0.7380428
BLZF1,0.7380307
C1D,0.7379975
CNOT10,0.73797685
COPB1,0.73797166
CDC40,0.73795307
DCAF6,0.7379375
COG7,0.7379357
DERL1,0.7379335
CHM,0.737919
CTSB,0.7379093
CCDC136,0.73790425
COX7B,0.737886
ARL6IP5,0.7378555
CSTF3,0.7378455
AKTIP,0.7378406
ATP6V1D,0.73782927
CCDC106,0.73780274
CD27,0.7377999
CPT1A,0.7377866
CNNM2,0.7377862
CD63,0.7377799
COTL1,0.73776615
CDC42EP4,0.73776054
CBX1,0.73775685
CNOT6,0.73770213
CIB2,0.7376514
CASZ1,0.73762953
CERS4,0.7376177
COPZ1,0.7375949
COMMD1,0.7375647
CKAP4,0.73755884
CTSL,0.7375563
CLCF1,0.7375526
CLIC4,0.7375438
CUBN,0.73754096
ANO2,0.7375217
CLASP1,0.73750323
CHTOP,0.7374674
CCDC97,0.7374285
CMTR1,0.7374195
CREB3L4,0.73738855
CLEC2D,0.7373849
CABYR,0.73737335
CNTLN,0.7373484
CDK20,0.73731565
CENPM,0.7373095
CHAF1B,0.73729545
CD9,0.7372936
ATF7,0.73727876
CNIH1,0.7372424
CRY1,0.73723257
COL4A5,0.7371612
DDIT4,0.73715514
CBX2,0.73707527
COL7A1,0.7370706
CNOT8,0.7370657
ARL6,0.73706317
BLOC1S5,0.7370355
COL8A1,0.7370338
CMTM4,0.7370172
CHP1,0.7370135
GADD45G,0.7370114
CHSY3,0.7369843
COMMD3,0.7369697
CORO1C,0.73696923
BAG5,0.73696375
CDCA5,0.7369131
CPNE3,0.7368991
CMSS1,0.7368962
CCP110,0.7368946
COX6A1,0.736881
CHUK,0.73686594
COL5A1,0.73685163
CLPB,0.7368502
CD83,0.73680973
CDK11A,0.7368046
COPS3,0.73679626
BRPF1,0.7367904
ALAD,0.7367891
DDX18,0.73668396
DCTN4,0.73668236
ARNT2,0.7366754
DCAF10,0.7366634
ANAPC13,0.7366537
COMMD5,0.7366308
ARL1,0.7365875
CETN2,0.7365746
CAP2,0.7365422
B4GALT7,0.7365293
CHML,0.73647594
CMC4,0.73646224
CASP4,0.73645806
CAPN10,0.73645276
CLSPN,0.7364334
CLASP2,0.7364132
CWC15,0.7363922
CERS2,0.73639065
CENPF,0.73638165
COX11,0.7363703
CD86,0.73636997
FOXP3,0.7363183
CIAO1,0.73631144
CMYA5,0.73628753
DNAJA3,0.7362785
COG3,0.73625964
COPA,0.73623854
CDC25C,0.7362277
BCAS2,0.7361706
CENPI,0.7361534
CKAP5,0.7361375
CDH23,0.73611426
COPS2,0.7361128
CIB1,0.73610425
C6orf120,0.73608136
CSGALNACT1,0.73607993
DDX28,0.736077
CCNL1,0.7360759
FDXR,0.7360719
ATG14,0.7360569
CITED2,0.7360247
EPC2,0.7359907
CCNE2,0.73596686
COPS8,0.7359652
DCTN3,0.7359336
CSNK1E,0.73589593
CTC1,0.7358915
DUSP8,0.7358847
DDX54,0.735854
CDH24,0.73585105
CIR1,0.73585075
CUL1,0.7358379
CLDN12,0.7358352
B3GALNT1,0.7358177
CHMP5,0.7357942
CDK11B,0.7357869
CDC6,0.7357736
COL4A6,0.73576874
CS,0.73576015
CLSTN1,0.7357282
CYB5R3,0.73570514
CEP152,0.7356548
DCAF15,0.7356486
COL4A1,0.7356002
CEP192,0.7355235
DGKI,0.7355112
CHORDC1,0.73550934
CTBP1,0.7354851
ADRM1,0.7354765
CPT2,0.73544943
BFSP1,0.7354315
COX10,0.7353976
CEPT1,0.7353813
ELK1,0.7353774
B9D2,0.73536146
COA5,0.7353598
CPSF3,0.7353231
COBLL1,0.7353194
CDR2L,0.7353171
CCDC12,0.73525584
CEP164,0.7352232
CRMP1,0.73521316
CRELD2,0.73521
CSTF1,0.7351815
CORO1A,0.73514944
CYBA,0.735116
COQ4,0.73507017
COL27A1,0.73506063
CSNK1A1,0.7350323
CNOT7,0.73502755
CRABP2,0.7350103
ECD,0.73499095
CHD1L,0.7349614
ARHGEF37,0.734958
BLOC1S1,0.7349533
CNOT1,0.7349504
COLQ,0.734908
CRY2,0.7348996
ARNTL,0.73487127
CERK,0.7348533
CDCA3,0.73484474
CSNK1G3,0.7348265
C17orf80,0.73480505
CDKN2AIPNL,0.73480326
CHMP1B,0.73479414
CHMP2B,0.7347742
CHAF1A,0.7347596
COPG1,0.73474693
DHRS4,0.7347337
CENPH,0.7347326
CNPY3,0.73471427
COL5A2,0.7347042
CPEB4,0.7347029
DEPDC5,0.7346999
CPOX,0.73459595
COPB2,0.7345873
CLOCK,0.73458445
CPSF2,0.73457354
CMTM6,0.73456293
BDKRB2,0.7345627
CENPC,0.73454994
CRTAP,0.73446274
COX7A2L,0.7344402
COL4A2,0.73442745
BCL7B,0.73441607
DCPS,0.7343734
CHMP4B,0.73436344
CPE,0.7343306
DCP1B,0.7343304
ASB8,0.7343121
ANAPC2,0.7343107
DENND3,0.7342595
DHDDS,0.73424226
COL1A2,0.7342352
CTDSP2,0.73422456
CHST1,0.73418534
ADAM28,0.7341853
CLDN4,0.734175
ARHGEF26,0.7341495
CPSF6,0.73413754
APBB3,0.73413754
DAPK2,0.7341362
COX20,0.7341284
CRADD,0.73411995
DBF4,0.7340837
CLIP2,0.7340756
COX6B1,0.73403263
COPS7B,0.7340133
CHMP4A,0.7339937
DNAAF2,0.7339604
CXXC1,0.7339352
DAZAP2,0.73392946
CTTNBP2NL,0.7339153
CCS,0.7338973
CTBP2,0.7338954
DHRS3,0.733868
DECR1,0.73379135
DGAT1,0.73376673
DPM1,0.73376626
CRYZ,0.73376125
CASP7,0.7337557
CYSTM1,0.7337451
CDC5L,0.7337025
CRK,0.73366225
DLAT,0.7336552
C3orf38,0.7336451
CETN3,0.7336242
ACOT1,0.7336136
CEP78,0.73361224
CLEC3B,0.7335349
DFFB,0.73346776
EFNA1,0.7334414
CHMP4C,0.7334039
CLCN7,0.733399
DERA,0.7333799
CFLAR,0.73337585
DVL1,0.7333707
ADAMTS5,0.7333574
CWF19L2,0.7333227
CYTH3,0.7333049
CTNNBL1,0.733304
CDC23,0.733282
CDKN2AIP,0.7332626
CPD,0.7332561
CENPT,0.7332416
DDX39A,0.73323023
CPEB3,0.73322207
CHFR,0.73320067
CREBRF,0.73318756
CEP41,0.7331642
ANKRA2,0.7331611
CD68,0.73312193
CTSD,0.7330737
F8,0.73304695
CPEB2,0.73303527
ACP1,0.7330335
CSTF2,0.7330082
DCTN2,0.7330077
BBS7,0.7330058
DYNLT3,0.7329989
CXXC5,0.7329742
DBNL,0.732942
DUSP14,0.73292845
CYC1,0.73283756
DYRK2,0.73282665
CYCS,0.73280525
DBF4B,0.7328043
DDX27,0.7327587
DHODH,0.73266405
COASY,0.7326244
CTPS2,0.73257595
CDC14B,0.73257565
DDX1,0.7325693
COMMD6,0.73256904
COPS5,0.7325649
CTIF,0.732551
DAP3,0.7325457
DDX31,0.7325172
COG2,0.73250425
CYB5B,0.7324998
CEBPG,0.7324933
CWC22,0.73248583
DDX42,0.73246545
CHPF2,0.73243827
COL9A3,0.73243403
DAPK3,0.7324023
DAB2,0.7323926
CTH,0.7323745
CNIH3,0.73237187
DISP1,0.73236114
DOCK8,0.732345
DCAF8,0.7323368
CCR7,0.73230016
CTSH,0.7322972
CKS2,0.7322857
CWC27,0.7322514
DLGAP4,0.73224974
COL24A1,0.7322416
CORO1B,0.7322408
D2HGDH,0.7322263
DGKQ,0.73221904
DDB1,0.7322131
CNOT2,0.73219985
FCGRT,0.732137
DNAJC3,0.7321355
DTX3,0.7321255
CXADR,0.7321248
DNAJA4,0.7321195
CHST14,0.7321073
CTSA,0.7320786
CDK9,0.7320633
DNAJC5,0.73205817
BSCL2,0.7320548
DYNLT1,0.73205364
DNAJB4,0.73199195
DDX17,0.7319919
CHST15,0.73199064
DNAJC9,0.73197067
DDX50,0.73197055
DHPS,0.7319681
COA6,0.7319169
CSE1L,0.73190075
CSPP1,0.7318929
DPH6,0.7318683
DDX39B,0.7318658
AKAP5,0.73186487
CSGALNACT2,0.7318611
DENR,0.73184896
DENND4C,0.7318321
CSNK1G2,0.7318278
DRG1,0.7318185
COG4,0.7317887
C17orf49,0.731777
CABLES2,0.731774
CLPP,0.7317723
CREB5,0.7317652
DBI,0.73175263
CSNK1D,0.7317443
DCP1A,0.7317142
CSPG4,0.73171175
DOCK10,0.73169935
CHMP6,0.7316959
DAPK1,0.7316845
E2F5,0.7316651
DIABLO,0.7316441
DDX52,0.73163986
DCAF7,0.73162574
CTTN,0.73160774
DNAJC1,0.7315554
DHCR7,0.73155004
DAAM1,0.7315285
DDX23,0.73148733
APOO,0.73140866
DCP2,0.73138124
CSNK1G1,0.7313717
CWF19L1,0.7313587
CPSF1,0.7313282
BMI1,0.73125386
COL16A1,0.7312535
CD247,0.7312485
DNAJA2,0.73124593
CCDC22,0.73122555
DENND4A,0.7312174
DPY30,0.73120385
DIS3L,0.7311767
FMO4,0.73114383
COX5A,0.7310674
DERL3,0.7310578
CKLF,0.73104906
CREG1,0.7310336
DDX56,0.73102236
DNASE2,0.7310088
DENND2C,0.73100185
CTDSP1,0.73099846
DSG2,0.73098326
DYNC2LI1,0.73097587
DTX4,0.7309596
DCAF11,0.7309401
DDX60,0.7309191
DVL3,0.730896
DGKZ,0.7308838
COQ5,0.7308776
DNAJA1,0.7308576
CNNM4,0.7308455
CHKB,0.73083895
EAF1,0.7307933
GGT1,0.7307307
CCDC40,0.73072594
B3GNT5,0.73070633
EYA2,0.7306989
CYTH1,0.7306269
FRK,0.7306137
CRTC2,0.730612
DCUN1D2,0.73056984
CTDSPL,0.73051715
DDOST,0.7304291
CLK4,0.7304187
DSN1,0.73033315
CBX7,0.73030806
ENGASE,0.7302884
DBT,0.7302766
ARHGAP33,0.73024035
ADAMTS14,0.73022914
CFL2,0.73022515
DVL2,0.7301913
CNDP2,0.7301873
CYB5A,0.7301773
DMD,0.73011005
DENND5B,0.7300781
CSTF2T,0.73007095
CYP2U1,0.73001814
DGKH,0.7299759
DNAJC11,0.7299596
ADAMTS2,0.7299397
DNMBP,0.7299097
ARHGAP27,0.72990197
DIAPH3,0.72989607
DDX46,0.7298871
DR1,0.729872
DHX36,0.72986615
BOLA1,0.7298364
COX18,0.7298176
DUS1L,0.72978973
GET4,0.72977
GINS3,0.72975606
GABPA,0.7297527
CLPX,0.7297463
DIDO1,0.7297456
CUL5,0.72973126
DCAF13,0.72972995
ETFA,0.72966474
DET1,0.7296616
CYFIP2,0.72962004
DRG2,0.7295617
DHX9,0.72955656
DCTN5,0.72954166
CEBPB,0.72947735
CHCHD5,0.72940713
DDX24,0.72940385
DGUOK,0.72940296
EEFSEC,0.7293966
ADAMTS9,0.7293851
CPT1C,0.72936183
DHX15,0.7293428
DHX33,0.7293257
DPH2,0.7293027
ENPP1,0.7293009
DST,0.72929996
ENO3,0.7292984
CYP2R1,0.72929084
EFTUD2,0.729273
CD6,0.72925293
DPCD,0.72919524
CUL9,0.72917855
DNAJB11,0.72917247
DOCK2,0.7291672
DCTD,0.72915196
COG6,0.72913325
CYFIP1,0.7291228
CHPF,0.72907317
DIAPH2,0.7290699
COQ6,0.72905487
DTNB,0.72905356
ECHS1,0.7290217
DDX21,0.7290187
DHCR24,0.7289997
COMMD2,0.72892207
CTU1,0.7288977
CYB5R4,0.72885424
DHX8,0.7288397
CEP76,0.7288211
CCDC174,0.72881335
CEP97,0.72876394
EBNA1BP2,0.7287589
DNAJB6,0.72873116
ESPL1,0.7287093
DDX11,0.7286679
BMP2,0.7286676
DCTPP1,0.728648
EIF2AK1,0.72857636
DHTKD1,0.7285652
CEP290,0.72850996
DGKD,0.7284932
CSK,0.7284909
DNM1,0.7284892
CXCL14,0.72846854
DOK1,0.72837615
DXO,0.7283272
DIMT1,0.7282653
DMXL2,0.7282414
DENND1A,0.72818124
EIF6,0.7281665
DLG5,0.72814405
DCAF12,0.7281028
GADD45A,0.7280937
DENND1C,0.7280687
ATG2A,0.72798467
DNA2,0.7279714
EEF1B2,0.7279609
COL11A2,0.7279332
DDX19A,0.72792995
GNE,0.7279295
COLEC12,0.72792816
DNAH17,0.72785157
AKR1C1,0.72784686
EGLN3,0.72784585
DYNC1LI2,0.727832
BMP4,0.7278289
DDX19B,0.7278199
DIAPH1,0.727812
DDX55,0.72776544
CYP2S1,0.72776526
DYNLL1,0.72772616
DDRGK1,0.72771806
DENND6A,0.7277121
ARAP3,0.72769743
GALNS,0.72769654
COL15A1,0.72767156
ECH1,0.72763264
CENPB,0.72761834
EEF1D,0.72758764
DOK4,0.7275827
CES2,0.7275808
EHBP1,0.7275778
CHCHD1,0.7275742
DGKA,0.72754216
DKC1,0.7275234
EIF3H,0.7275206
DPYSL3,0.7275138
DIS3L2,0.7274844
ELMO1,0.7274761
DLG1,0.72746474
EDIL3,0.727464
COPZ2,0.7274557
EPS8L2,0.7274493
DLG3,0.72743356
EHD2,0.7274195
AGTRAP,0.7273893
DCAF5,0.72736216
APOC1,0.72735643
ENSA,0.72728133
EVI5,0.7272755
CLDN15,0.72726315
ESF1,0.7272557
EEF1A1,0.7272454
DEPDC1,0.7272382
DDHD1,0.7272373
DYNC1I2,0.72723234
CROT,0.72718894
GLYCTK,0.72716117
EEF1G,0.7271014
DHRS11,0.72710013
DCUN1D5,0.72709996
CTSZ,0.7270889
DNAJC13,0.72707117
EARS2,0.7270486
CREM,0.72701794
FAM114A2,0.72699136
CUL7,0.72698265
CACNA1H,0.72698253
COL8A2,0.72697866
DOCK7,0.726934
DHX37,0.7268941
CNNM3,0.72685844
CDC7,0.7268517
GCC2,0.7268441
ELAC2,0.72681355
EIF2B4,0.7268084
CUL2,0.7267848
DCUN1D4,0.7267612
EIF4E2,0.72674364
EXOC2,0.7266913
DERL2,0.7266597
FGD3,0.7266282
CYTH2,0.72655034
DCUN1D3,0.7265089
DHX38,0.72648793
DYRK1B,0.7264861
DOCK4,0.7264481
DOLPP1,0.7264233
ECHDC1,0.726375
DOCK5,0.7263707
EIF4A1,0.7263424
DNAJC15,0.7263358
EHD1,0.72632575
GPR161,0.72626907
CIDEB,0.72620094
ELOVL5,0.7261758
ENTPD4,0.72616243
EXOSC7,0.7261197
ECI2,0.726106
GALNT6,0.72607
DHX16,0.7260615
FAM83D,0.7260532
EEF2,0.7260069
C7orf26,0.72600675
EIF3L,0.72600293
COL9A2,0.72599554
EFEMP1,0.7259866
DDX51,0.72597194
GTF2E1,0.725971
DEPDC1B,0.7259694
EEF2K,0.72595656
FMNL2,0.7259155
DNAJB9,0.72589266
DPYSL2,0.72588974
FBXL4,0.7258452
DAB2IP,0.7258225
EHMT1,0.725768
DPF2,0.7257617
FARSA,0.725742
EIF3J,0.72573966
DCAF4,0.72572947
EHMT2,0.7257231
DHX35,0.7256294
DACT1,0.72556114
EEF1E1,0.72555923
DUSP6,0.72552586
DDA1,0.72551554
DSP,0.72549903
FGD5,0.72546774
DALRD3,0.72535
GFPT1,0.7253495
HOXA7,0.7253255
ECE1,0.7252868
DCAF16,0.7252797
DTL,0.7252667
EVL,0.7252533
FRMD6,0.72521424
DLG4,0.7251604
DENND4B,0.7251551
CCL5,0.7250985
DOCK11,0.72502744
EIF2B2,0.72501516
DUSP16,0.7250052
EFNA5,0.72494066
COQ10B,0.7249174
COL6A2,0.7249169
DOCK6,0.72490305
DYSF,0.72484577
FCF1,0.7248128
EIF2A,0.72479516
DHRS1,0.7247735
DNTTIP2,0.72474444
EIF3M,0.7247414
COG8,0.724731
ERAL1,0.72472066
EIF2AK3,0.72468555
EIF1,0.7246791
KCTD6,0.7246663
EXOC7,0.7246447
DNM3,0.72463334
DNAJC2,0.7246229
EIF4G1,0.7246066
FPGS,0.72459364
ELF2,0.72458464
DLD,0.7245495
DPH5,0.72448236
EIF2S3,0.72447467
EIF4H,0.72446483
EEA1,0.72443247
GMIP,0.7244275
DNAH5,0.72442037
EMC3,0.7244071
CLDN7,0.7243906
FAM91A1,0.7243812
EXO1,0.7243351
EPN2,0.72432375
ARSA,0.7243184
AGA,0.7242965
DDX20,0.72429246
EMC9,0.724264
FUCA2,0.72425413
DAPP1,0.72424996
DCAF17,0.72422373
FAM160A2,0.72421837
EPB41L2,0.7242085
EMC8,0.724172
ERH,0.72415584
ANO1,0.72415006
EIF5,0.7241339
ELAVL1,0.7241241
DONSON,0.72408336
DYNC2H1,0.7240773
GMPPA,0.72401583
B3GNT4,0.7239626
DNAJC24,0.7239602
FHL1,0.7239272
EXOC1,0.7239051
EMD,0.72387946
E2F7,0.7238641
EDC3,0.72380644
EIF3D,0.723794
EIF3I,0.7237483
CTNS,0.72373086
DLGAP5,0.72369397
FAM168B,0.7236783
DUS2,0.7236669
EPHX2,0.7236267
DNAH1,0.72362447
DPH7,0.7236018
EHHADH,0.7235349
EPC1,0.7235268
DFFA,0.7235243
E2F8,0.72351265
EPB41L5,0.72349817
EBAG9,0.7234902
GYG1,0.72347677
EIF5A,0.72338533
FBLN1,0.7233566
ETFDH,0.7232761
DLST,0.7232604
DSEL,0.7232425
E4F1,0.7232183
DCXR,0.72319686
DNAJB14,0.72319007
DLC1,0.7231853
DTNBP1,0.723158
EIF2B3,0.72314364
EXOSC8,0.7231352
GIT2,0.72311985
EI24,0.72311807
EAPP,0.7230771
DZIP1,0.7230487
DNAJC10,0.72302586
ACACB,0.72300726
ELOVL6,0.7230039
DISC1,0.72299236
EIF4G2,0.7229569
CUL4B,0.722927
AIF1,0.722921
EIF3B,0.7229082
ENAH,0.72290045
EXOC6,0.7228977
EIF2AK2,0.72289425
EIF2D,0.72286594
COQ10A,0.72286004
FZD3,0.72281426
EIF4G3,0.72279835
EXOC3,0.7227256
DBR1,0.7227164
EPB41L1,0.7226851
ERGIC1,0.7226376
EXOSC4,0.72256833
FBXW5,0.72256595
CD1D,0.7225355
CCL4,0.72252756
CRLS1,0.722501
ELP5,0.722473
FDPS,0.7224692
DENND1B,0.7224463
DNAJC8,0.72240144
BATF3,0.72237444
E2F4,0.72237206
CASP6,0.72233486
EXOC4,0.722329
FPGT,0.7223148
EGLN2,0.72230375
GBF1,0.72226936
DCLRE1C,0.72220457
FLNC,0.72214645
B3GNT7,0.72214556
EIF4B,0.72210765
DYNC1LI1,0.7220805
CBR3,0.7220685
EFCAB7,0.7220086
COPS4,0.72200024
EIF2AK4,0.72199124
EXOSC5,0.7219748
F11R,0.7218776
CCDC68,0.7218753
DUSP19,0.7218317
EIF3K,0.72179604
ATP2A1,0.72176707
EXOC6B,0.72173667
EBP,0.7217294
CORIN,0.7216949
DMWD,0.72166735
EIF4A3,0.72165626
FAM98A,0.72164565
ERLIN2,0.72163457
FGD1,0.72161174
ETF1,0.72160554
GABARAP,0.7215501
FBXO45,0.7215363
ERGIC3,0.72151166
EMC10,0.72143894
EIF2S2,0.72142196
DGKE,0.7214028
ESYT2,0.721402
ERP29,0.7213781
EIF2B5,0.7213774
GPAM,0.72134006
FBXL18,0.7213115
COMMD8,0.7212509
COL6A1,0.7212506
DYNC1H1,0.72124827
CMTM7,0.7212395
ITGA7,0.7212364
CSAD,0.7212037
FBXO10,0.7211523
FOXK1,0.721152
ESRP1,0.7211497
DDX58,0.721094
EME1,0.7210635
EPN1,0.72106284
FLAD1,0.72105473
DSC2,0.7210529
FBXO21,0.72097075
FGD2,0.7209691
FBLN5,0.72090554
FUBP3,0.72089326
FARP1,0.72087157
ETS2,0.7208625
EIF5B,0.72079605
FXR2,0.720793
DMPK,0.7207459
FLNB,0.7207305
EMC4,0.72071576
IFT140,0.7206728
FBXO25,0.72065425
EIF4EBP2,0.7206147
DNAL1,0.72061163
FZD5,0.7205812
COQ3,0.72057223
FKBP1A,0.7205458
FADD,0.7205368
HAUS2,0.72052217
FKBP5,0.72051305
FAM3C,0.7204951
FBXW8,0.72049135
DSTN,0.7204683
EXOSC2,0.72042745
ALKBH6,0.7204158
FADS1,0.72035635
LRFN4,0.7202937
GALNT18,0.7202885
FAM13A,0.7202755
CHI3L1,0.7202654
ENC1,0.72024685
FLII,0.7202332
ERCC8,0.720209
ADAMTS1,0.72019845
FAM110A,0.7201637
ADA,0.72013825
DPH3,0.72011
EXTL3,0.7201086
INPP5E,0.72009057
EIF4EBP1,0.7200209
EGLN1,0.719948
ELOVL1,0.71994185
ERCC6,0.7199399
FBXO9,0.71991247
FBN1,0.7199
EPB41L4B,0.71988326
BLNK,0.7198745
GOSR1,0.71984994
GTF3C2,0.7198177
GLA,0.719765
HSD17B8,0.7197602
FADS2,0.7197565
FBL,0.7197526
GDPD1,0.7196866
BAMBI,0.71965253
EIF4ENIF1,0.7195981
GDF11,0.7195962
FARSB,0.71959263
HAGH,0.7195193
ESRP2,0.7194651
E2F2,0.71940684
ENG,0.7193824
CD180,0.71933234
BDKRB1,0.71923476
ERGIC2,0.7192269
ESYT1,0.71919465
FASTKD2,0.7191914
EFNB3,0.7191635
CMPK2,0.7191555
FTL,0.71910316
EIF1B,0.7190658
DPP7,0.7190389
DUSP1,0.7190019
ADAMTS12,0.71899533
GEMIN5,0.7189708
ANGPT2,0.7189487
ESRRA,0.71890783
FARP2,0.7188918
GNPAT,0.7188789
FRAS1,0.7188535
FBXL17,0.71881753
FOXK2,0.7188164
FAU,0.718801
CLIP3,0.7187371
GPN1,0.71868175
GNB2,0.7186815
FBXL5,0.71867
FKRP,0.71863097
EVC,0.7186008
ETHE1,0.71853065
FBXO7,0.71853065
FBXO2,0.7185243
FAHD2A,0.7185159
FBXW4,0.71848005
FUZ,0.71846545
DNTTIP1,0.71846
EPHB2,0.7184532
ENO2,0.71844447
FOXN3,0.718419
FCHO2,0.7184098
ELF1,0.7184048
DNAJB12,0.71839184
EID3,0.7183377
EXOSC10,0.71830404
GTPBP3,0.71825725
FANCB,0.71825624
EIF2S1,0.71825
GGH,0.7182272
GALNT11,0.7181962
PADI2,0.7181886
ELP6,0.71818465
FAM120B,0.71816903
HACL1,0.7181434
GSTM4,0.7181388
DENND2D,0.71811664
FKBP4,0.7181156
HAT1,0.71808654
FAM98B,0.7180716
GOLPH3,0.7180009
FAM110B,0.71799046
FERMT3,0.7179771
FIBP,0.7179641
DPM3,0.71794534
GPSM1,0.71790975
FAF2,0.7178952
CLUAP1,0.71788156
FIS1,0.7178572
FECH,0.7178453
EXPH5,0.71784484
FARS2,0.7178418
FNBP1L,0.7177999
BMP8B,0.7177856
GLUD1,0.7177324
E2F6,0.7176849
FAM13B,0.71761996
GATAD2B,0.71742976
EVPL,0.71742857
EVI2B,0.7173807
DSCC1,0.7173743
HEXIM2,0.71725225
FBXL2,0.7172205
COX15,0.7171991
FXR1,0.71716654
DMAP1,0.7171517
ENOPH1,0.71714556
ENTPD5,0.71700305
FGD4,0.7169741
GALM,0.716945
EPHB3,0.7168953
EMC1,0.716889
GFER,0.71688175
GGCT,0.7168712
GMDS,0.71684206
GID8,0.71681
EOGT,0.7168
FBXO8,0.7167278
EXOSC9,0.7167051
HDAC6,0.7166578
FBXW11,0.7165486
BGN,0.7165478
ELOVL7,0.7165352
FOSB,0.71650195
GALNT10,0.7165009
GALK1,0.7164812
CYP2D6,0.71647906
CCR10,0.71644306
GANAB,0.7164282
ARHGEF6,0.7163827
GNAI1,0.71635664
HMBS,0.7163493
GNL3L,0.71633095
IL17RA,0.7163141
GLB1,0.71630293
GFI1,0.71615916
G3BP2,0.71614033
FLOT2,0.716105
FMR1,0.7160991
GALNT3,0.7160901
INSIG1,0.71608853
GOLGA3,0.71602786
FAM126A,0.7160211
GAPDH,0.715977
FAM111A,0.71597075
ARHGAP19,0.71596205
DNM1L,0.7159515
GRB10,0.7159476
FEM1A,0.7159269
GON4L,0.7159195
GDI2,0.7158944
FHL2,0.7158865
GRWD1,0.71587807
FBXL19,0.7158516
DMTN,0.7158231
GLI3,0.71579576
FKBP8,0.71579087
GBE1,0.71578526
ERI1,0.7157801
HERC5,0.7157784
ACSF3,0.71575874
GAK,0.715749
FEZ2,0.7157368
FER,0.71573526
FBXO15,0.71571225
GALNT2,0.7156981
AP4E1,0.71569324
HPS5,0.7156306
GNL2,0.71561897
HADH,0.7156053
FBLIM1,0.71559876
FTH1,0.7155803
GNG5,0.71554846
ACADSB,0.71554804
ESD,0.71554136
HPRT1,0.7155048
GNL1,0.715434
COQ7,0.71537066
DPH1,0.71534675
ADAMTS4,0.7153339
FEZ1,0.7153181
GTF2A1,0.7152987
G6PD,0.7152955
FYCO1,0.7152561
FBXO27,0.7152427
GANC,0.71520555
FNIP1,0.71517617
GATAD2A,0.7151344
KCNMB3,0.7151222
GAPVD1,0.7151147
HEYL,0.71508515
C12orf66,0.7149803
FCHO1,0.7149363
GLS,0.7149157
EVI2A,0.71489227
FBXL20,0.71488535
FBXO22,0.71488523
HLCS,0.71485156
HEPH,0.71480316
GLDN,0.71475273
GART,0.7147356
HSPA14,0.7146978
GIGYF2,0.714671
DCLRE1B,0.71465355
HK2,0.7146464
GLO1,0.71462095
GDAP1,0.7145866
FMNL1,0.71457356
GLUL,0.71456885
DCLRE1A,0.7145529
GSTK1,0.71453035
FBXO17,0.71446526
FSCN1,0.71442086
IDS,0.7144114
FLOT1,0.7143928
DCK,0.7143589
ICAM1,0.7143382
EXOC5,0.7143223
ERMAP,0.7143222
JOSD2,0.71432084
GTPBP10,0.7142737
GYS1,0.7142387
FOXP4,0.71419245
CENPQ,0.7141859
GGA2,0.71414644
GPSM3,0.7141193
GUCY1A2,0.7141179
IFT46,0.7141139
ETNK2,0.7140973
GALNT7,0.7140365
LMCD1,0.7139626
GALNT1,0.7138014
FBXO38,0.71378577
GARNL3,0.7137452
HERC4,0.7136994
IKBKG,0.7136957
HJURP,0.7136936
CYB5R2,0.7136902
GPT2,0.71365416
FBF1,0.7136251
GRB2,0.713623
EPHA2,0.7136151
EPB41L3,0.713609
GDPD5,0.7136015
GTF2IRD1,0.7135546
G3BP1,0.71352524
HEXB,0.71352065
GLCE,0.7135056
GK5,0.71350455
ETFB,0.71344316
HAUS6,0.7134114
EPHA4,0.7134005
GEMIN4,0.7133771
FGF11,0.713357
EIF3G,0.7133515
GPI,0.7133508
HDAC8,0.71333903
GTF2F1,0.7133364
GNG12,0.71332407
GNAL,0.7132889
FBXL8,0.7132635
G6PC3,0.71322185
FEM1B,0.7132133
GSE1,0.7131354
GCFC2,0.7131348
FUT8,0.71312004
CYB5R1,0.7131158
GDE1,0.7130636
ERLEC1,0.7130555
HHAT,0.7129723
P4HA3,0.7129431
IFT88,0.7129061
IMPA1,0.7128986
INTS4,0.7128673
HEXA,0.712838
GBA2,0.712809
GJA1,0.71278167
IDH3B,0.71277815
GPAA1,0.71277803
GORAB,0.7127744
GTF3C4,0.7127614
GPD2,0.7127482
EPHB6,0.71273303
FMNL3,0.71268165
GNGT2,0.71259105
GCH1,0.7125815
CD69,0.7124872
FLRT2,0.7124596
CLDN1,0.71244323
DOK2,0.7124312
FAN1,0.71239865
GCLC,0.7123474
GCDH,0.71234524
GAN,0.7123357
IL1RAP,0.7122332
FERMT2,0.7122035
FBXL7,0.7121192
FBXL12,0.7120446
FN1,0.7120366
HIPK2,0.71198124
GSR,0.7119523
FOS,0.71194154
ERI2,0.71194
GUK1,0.7119099
GMEB1,0.7118981
EPHA1,0.711863
FBXO41,0.7118625
GOLGA2,0.71184045
FXYD6,0.7118387
GOLGA4,0.711822
HOXD3,0.711813
GSPT1,0.71176857
AKAP8,0.7117142
CPT1B,0.71171033
HMG20A,0.71170866
INO80C,0.7116916
CFD,0.7116761
FBXO4,0.71158177
C15orf48,0.7114125
GOLGB1,0.71138024
GTPBP1,0.71136755
HCK,0.7113669
GNAI3,0.7113155
GPCPD1,0.71129894
GPC4,0.711275
CREB3,0.7112149
HIPK3,0.71119595
BATF2,0.71115357
HSPA1A,0.7111083
GGA1,0.7111061
GNL3,0.7110938
GTPBP2,0.7110377
FBXO30,0.7110304
FAIM,0.7109761
HLA-E,0.7109675
LSM5,0.7109643
DUSP7,0.7109237
ITGB2,0.71084905
GNPTG,0.7108339
ERCC6L,0.7108249
HERC2,0.71082026
HNRNPH2,0.71080464
HEATR1,0.71080166
FABP5,0.7107849
EMC2,0.7107843
GULP1,0.7107387
GRSF1,0.7107329
HDLBP,0.7106933
FMN1,0.71068186
APOBR,0.710674
GJC1,0.7106636
EDEM3,0.71065867
HMGN2,0.71063
GABBR1,0.710624
CTSK,0.71060836
HS6ST1,0.7105621
GNB5,0.71052337
DUSP12,0.7104942
FKBP3,0.7104536
HLA-DMB,0.7104148
COL17A1,0.7103307
HNRNPA3,0.71032757
ADCY4,0.7102934
GTF3C1,0.7102818
ITPR2,0.7102607
EMC7,0.71023047
CTSO,0.71021825
GTF2E2,0.7101881
FNTA,0.71016616
FKBP15,0.7101545
GPANK1,0.7101515
GRHPR,0.7101493
GPR176,0.7101355
GPR89A,0.7101094
GADD45GIP1,0.7100923
FOXRED1,0.7100264
HECTD3,0.71002084
FBXL3,0.70997626
IL2RB,0.70997506
ID2,0.70996016
IFT52,0.70992315
HADHA,0.70991087
HM13,0.7099061
IBA57,0.7099051
FOXRED2,0.7098581
HSF1,0.7098439
IQGAP3,0.7098053
HMMR,0.7097842
HACE1,0.709738
GABPB2,0.70969445
GALK2,0.70965046
EME2,0.7096444
IDH3A,0.7095983
GGCX,0.709576
GTF2A2,0.7095711
IL4I1,0.70954436
IFI44L,0.70953524
FBXW9,0.70953524
HGS,0.7095269
FBXO5,0.7095227
GOLIM4,0.70951277
HNRNPDL,0.7095122
GABPB1,0.7095116
CGRRF1,0.7094643
HSPH1,0.70945656
GIT1,0.7094499
HYLS1,0.70941514
GEMIN6,0.7093779
GINS4,0.70934415
GATC,0.7092641
HEG1,0.70925534
IL32,0.7092419
GINS1,0.70923674
GNAO1,0.70920175
LY96,0.709194
IL4R,0.7091927
FGFRL1,0.70910794
IPPK,0.7090928
GTF2F2,0.7090779
FZD8,0.7090592
KDM6B,0.7090247
PYGM,0.70898724
GLRX5,0.7089828
GLMN,0.70892465
HMG20B,0.70889634
GRK6,0.70889604
EXOC8,0.7088574
GPN2,0.708833
GTPBP4,0.70881027
HPS6,0.7087845
HMGCS1,0.7087552
GPSM2,0.7087526
KIFC1,0.7087518
KIF15,0.7087508
HSPBP1,0.7087344
LDLRAP1,0.7086506
GRK4,0.70857227
HTT,0.70856535
CDKN3,0.7085186
GDI1,0.708512
KCNAB3,0.70851165
IQSEC1,0.7084912
HNRNPA0,0.70847327
GLG1,0.7084706
GNAI2,0.7084455
HBP1,0.7084427
HNRNPAB,0.7084255
IMPA2,0.7084006
C9orf72,0.70839643
PLD6,0.7083834
IARS2,0.70837766
IRAK2,0.7083758
FNTB,0.7083145
EMB,0.70831394
GNPDA1,0.70829606
GLRX,0.7082847
GSTZ1,0.70827293
GMPPB,0.7082602
GIPC1,0.70824707
HLX,0.7082226
ERN1,0.7082023
HYOU1,0.7081118
CTBS,0.7080868
KIF13B,0.70807385
FUT1,0.70801383
FOSL2,0.7080131
HSPA5,0.7079808
IFNGR2,0.70796347
FYTTD1,0.70795065
ELMO2,0.7079414
MDFIC,0.70793945
GNB4,0.70787996
HLTF,0.7078364
LRFN1,0.70781505
IL13RA1,0.70779663
ASB2,0.70778877
HIPK1,0.7077799
HNRNPA1,0.7077728
GAA,0.7077533
GSPT2,0.7077523
GPD1L,0.70774096
INMT,0.7077181
ELMO3,0.7077025
HECTD1,0.70769644
ATP7B,0.70768994
HAUS3,0.70768553
GNS,0.7076181
KLC2,0.7075926
IP6K1,0.7075571
HIF1AN,0.70753556
ETV3,0.7075211
HYI,0.7074645
LIN37,0.7074498
HNRNPL,0.7074479
FUT4,0.70740175
HERC1,0.7073949
FZD6,0.7073551
GRPEL2,0.70735204
GALE,0.70734674
HADHB,0.7073429
GALC,0.7073387
KBTBD6,0.70732695
KATNBL1,0.7072946
LOXL3,0.707277
IWS1,0.70727485
FIG4,0.7071681
GALNT14,0.70715076
KIF3B,0.70714283
HDAC10,0.70713097
GTF3C5,0.7070794
GOT2,0.70707506
AFMID,0.7070697
HMGB2,0.7069654
GRN,0.7068826
HSD17B10,0.70684546
HMGB1,0.70682657
HLA-F,0.7068101
HAUS4,0.70680624
IPO8,0.70680386
GFM1,0.7067983
IBTK,0.70676726
IQGAP2,0.70675385
HLA-DPB1,0.70671654
H6PD,0.706675
KLHL9,0.70665634
HNRNPH1,0.7066417
ITGB3BP,0.7066294
GYPC,0.7065887
FJX1,0.7065849
HMOX2,0.7065669
IPO11,0.70655507
HLA-DPA1,0.706534
KLHL2,0.70651203
HK1,0.70650667
GPR160,0.7064786
HINT1,0.70647264
HARS2,0.706463
KCNQ1,0.7064605
HNRNPD,0.7064497
EXOSC1,0.7064104
LARP7,0.706332
EHD4,0.706327
CARD9,0.70632267
INTS5,0.7063011
GMNN,0.70628405
CACNA2D2,0.70625216
LMO7,0.706214
ITGB1,0.7060986
HOXB4,0.70606613
GEMIN8,0.706055
KCNN4,0.706049
AP5S1,0.7060133
INO80D,0.7059648
HNRNPH3,0.7059508
HSD17B4,0.7059508
HLA-DRB1,0.7059402
HGSNAT,0.7059388
CRAT,0.70589465
GCA,0.7058409
ILK,0.7058128
HNRNPUL1,0.7057904
FAM8A1,0.7057679
GPS1,0.7057453
CD5,0.705743
GSTM2,0.70568854
GTF2H3,0.70567024
L3MBTL2,0.7055984
GTF2H1,0.70556444
IFT57,0.7055186
GPR153,0.7054168
GBA,0.705355
KRIT1,0.70531166
EYA3,0.70530164
FKBPL,0.7053001
GGT7,0.70529634
IFNAR2,0.70529574
HDAC9,0.7052879
F5,0.7052687
FBXL14,0.70526475
HSPD1,0.7052597
HEBP1,0.7052509
HS2ST1,0.70523703
GLRX2,0.70523405
KIF21A,0.7052115
CD96,0.7051662
IQCB1,0.70507854
CLIC2,0.7050753
CD38,0.705016
GUF1,0.7050033
KIF14,0.7049945
C1orf162,0.70494777
KPNA5,0.70492256
GBP2,0.7049045
IGSF6,0.7049023
FAH,0.70489705
ANGPTL4,0.7048607
HIVEP3,0.7048424
JMJD4,0.7048349
HNRNPK,0.70482415
LPIN2,0.70481986
FZD7,0.7047695
NDUFS7,0.7047466
KIF17,0.7047284
GOLM1,0.70472395
IMPDH1,0.70465577
GPKOW,0.7045803
INTS10,0.704569
C3,0.70451653
HSPA4L,0.70448726
LSM11,0.7044777
GNPTAB,0.7044039
HLA-DMA,0.7043807
HNRNPC,0.70437926
HPS3,0.7042673
GSK3A,0.7042507
EVC2,0.70424247
JUP,0.70423853
KIF26B,0.70419097
HAUS5,0.7041598
KLHL42,0.7041527
HELQ,0.7041498
INTS7,0.7041414
IFT122,0.7041093
L3HYPDH,0.70410097
FNIP2,0.7040259
GIMAP4,0.7040208
HLA-DOA,0.70397216
HMGXB4,0.70390236
IDE,0.7038972
EAF2,0.703881
HVCN1,0.70385844
HNRNPU,0.7038436
LARP4,0.7038423
JAG1,0.7038235
LAMA2,0.70378613
EFNA4,0.7037098
ITGA3,0.7036937
IGFBP7,0.70368594
GCC1,0.70368147
HBS1L,0.70367515
IPO5,0.7036517
ILF3,0.70361453
GTF3C3,0.7035265
HNRNPUL2,0.7035148
BBS5,0.7034858
IP6K2,0.7034847
HOMER1,0.7034473
KANK2,0.70341885
EDNRA,0.7033657
INTS1,0.7033531
HTATSF1,0.70332915
HPDL,0.70328903
LIN9,0.7032362
JAG2,0.7032245
GOT1,0.7031937
IPO7,0.7031444
INPP5F,0.7031317
IQCE,0.7031166
LAMA3,0.7030886
MAN1C1,0.703018
IREB2,0.7029919
GAR1,0.7029799
F13A1,0.7029264
KBTBD8,0.7029168
HUWE1,0.7028685
IMMT,0.7028546
INTS9,0.70285
KIF22,0.70279914
INVS,0.7027323
KCNMA1,0.70269287
MALSU1,0.70269275
ISG20L2,0.7026593
AP5B1,0.7026316
HK3,0.70262164
GRPEL1,0.70256925
ITPR1,0.70255613
MAN2C1,0.70254546
GPX3,0.70254153
HMGN1,0.7025368
INTS3,0.70251787
HPS1,0.70250523
LAMB2,0.702503
KANSL1,0.70238364
ILF2,0.7023681
KDM2A,0.70235914
FAM131B,0.70235837
MAP3K5,0.7023474
FRZB,0.7023401
KANSL2,0.70233035
MAGI3,0.70229614
HNRNPM,0.70228326
LTBR,0.7021804
IGF2R,0.7021785
EFNA3,0.70216256
ITGA11,0.7019979
KANK1,0.7019804
ITFG2,0.70197886
HNRNPF,0.70196015
INO80,0.7019298
JMJD1C,0.70192
KCTD15,0.7019126
LAMB1,0.70187056
HAUS8,0.7018451
GSTM3,0.7018084
IDUA,0.7017958
KIF20A,0.7017934
KIFC3,0.7017926
LCMT1,0.70177627
HSPA8,0.70175564
KNTC1,0.70175076
GK,0.7017149
AP3M2,0.7016901
HDAC11,0.7016563
INPP5A,0.7016519
LSAMP,0.7015885
KCNK5,0.7015828
GPX8,0.70154077
DUSP10,0.7015338
IL2RG,0.7015321
HOXA1,0.70152295
HSPG2,0.701431
LEPROT,0.7014298
ITGB1BP1,0.70133525
MRPL17,0.70128757
LIG1,0.70128286
IRAK4,0.7012703
CAMK1,0.7012421
JDP2,0.7011619
FTSJ3,0.7011562
HMGCR,0.70110327
KHDRBS3,0.7010926
IPP,0.70105135
LIMS1,0.70101273
HECA,0.7010123
ICMT,0.7009654
IPO9,0.7009643
HES1,0.7009336
GORASP2,0.70090365
IFT81,0.70086896
LEO1,0.70084333
HDAC3,0.7008232
GEMIN7,0.70079815
DEPTOR,0.70073664
MAD1L1,0.7007215
INCENP,0.7007016
HSPB1,0.70065665
GPR183,0.70065254
LIMA1,0.70063907
IL6R,0.70061105
KPNA1,0.7006108
F2R,0.7005822
KIF11,0.7005728
KIF2C,0.70054483
GPR180,0.70053965
LSS,0.70053405
IFIT5,0.7005306
GTF2B,0.70052195
KHSRP,0.7004794
IFT172,0.7004649
HECTD2,0.7004192
LGR4,0.7003993
LDB1,0.7003497
LRRC49,0.70033115
HYPK,0.70032614
FDX1,0.700219
KRBA1,0.70020705
NDUFS3,0.7001756
MVB12B,0.7001755
MAFK,0.7001556
HELZ2,0.7001406
LYPLA1,0.7001397
GUSB,0.70013106
LRRC47,0.700111
HRH1,0.70010597
MAP3K11,0.7001035
MAP3K8,0.7001025
KAT5,0.7000801
FBXO32,0.7000032
LLGL2,0.6999968
HCCS,0.6999793
HEXIM1,0.6999594
GRAP,0.6999431
ITGAM,0.69993067
KIF2A,0.6999294
MRPL13,0.6998982
HMGCL,0.6998623
IRF6,0.6998507
KPNA4,0.6998435
ITPR3,0.6998346
LPXN,0.699829
GDF15,0.69980377
ENTPD6,0.69978464
GAS8,0.6997533
MAN2B2,0.69974715
KRT10,0.699721
GPN3,0.69971573
IRF7,0.69971067
KCMF1,0.6996642
ITSN2,0.69965696
LUC7L,0.69957614
LSM10,0.69956946
MAP3K3,0.6995418
ITCH,0.69953215
LCLAT1,0.69950664
MOB2,0.6995046
LSM12,0.69948363
KDM4A,0.6994701
ITPA,0.6994681
LAMP2,0.6994645
KHNYN,0.69945544
JMY,0.6994274
LRRC4B,0.6994257
PAQR3,0.69942415
HCFC1,0.699411
KLHL5,0.69941056
KCTD1,0.69938296
IGBP1,0.69938093
NCF4,0.699342
KIF13A,0.6993136
MAP2K6,0.69925547
AMPH,0.6992552
LRRFIP1,0.69922733
L3MBTL1,0.69918156
INPP5B,0.6991612
ITGB5,0.69915926
FZD4,0.6991346
KIF23,0.69911486
NDUFB5,0.6991142
DBP,0.69909626
F2RL1,0.6990606
FGR,0.6990594
LMF1,0.6990127
MTA2,0.69896805
ITGA1,0.6989079
LPCAT1,0.698888
MAPKAPK2,0.6988331
KCTD3,0.69876575
KRI1,0.6987004
IRF5,0.6986819
INTU,0.69868183
MAPK12,0.6986518
METTL22,0.6986471
ME2,0.6986263
MCAT,0.698572
KIF7,0.6985476
MICU1,0.69853026
KPNA3,0.69850975
LSM3,0.69849896
GSDMD,0.6984898
GTF2H5,0.6984359
FKBP2,0.69842285
KPTN,0.69841343
HIP1R,0.69838524
LAMTOR4,0.69835645
HSPA4,0.6983543
IL20RB,0.6982622
MFN2,0.69824606
LDB2,0.6981983
LRRC41,0.6981897
HSPB8,0.69816464
MAML3,0.69814986
NAF1,0.6981348
FZD1,0.6981335
IFNLR1,0.6981216
FUCA1,0.6981195
IFT27,0.6981089
LGALS8,0.6980848
MGAT4A,0.6980746
LMAN1,0.6980693
MCM4,0.69803447
KLC1,0.69802165
KIF9,0.69802105
IFI30,0.697932
MCM3AP,0.6979139
MAP3K2,0.6978748
GPC1,0.6978636
GOLGA1,0.69767725
CBX8,0.6976296
CSF2RB,0.69761837
IMP3,0.69761825
KDELR2,0.6976059
MAGT1,0.69755566
EGR3,0.6975458
IL15,0.6975407
GTF2H4,0.6975294
MAF1,0.69749874
LEMD3,0.6974011
ITPK1,0.69739497
ITGAE,0.69738513
GHDC,0.6973831
IVNS1ABP,0.69738173
KIF1C,0.6973707
GALNT12,0.69735414
MFHAS1,0.697314
LPGAT1,0.697297
HSPA9,0.6972688
LDHB,0.69723845
IPO4,0.69723
ITGB4,0.69721633
IMPDH2,0.69719833
MYO1C,0.69719553
GKAP1,0.69718015
MCUR1,0.69713914
LARS2,0.69713205
LNPEP,0.69712776
MXD1,0.6970935
IPMK,0.69702846
LCMT2,0.6970046
HOXB2,0.69695985
IRF2BP2,0.69695705
KALRN,0.69695306
MRPS15,0.6969221
MED23,0.6969007
LRP12,0.6968812
KDELR1,0.6968352
FNDC5,0.69683504
MKKS,0.6968082
MAPK8IP3,0.6968041
MAVS,0.6967574
LSM14B,0.6967405
MBIP,0.696728
LGMN,0.6966984
HSD17B12,0.69667757
MTF1,0.69666404
LSM7,0.6966618
HOXB7,0.6965993
NEU3,0.6965867
ITGA2,0.6965562
IL18BP,0.696553
LMNB2,0.6964904
ISYNA1,0.6964775
LAMP1,0.6964761
KPNB1,0.6964677
MAMLD1,0.6964634
IRAK1,0.69643724
MOB1A,0.69643694
MAEA,0.696431
LPIN1,0.6964235
HIGD1A,0.6964048
MAPRE1,0.696402
INTS2,0.6963783
LOXL2,0.69637567
DHX58,0.6963274
IL11RA,0.69632
JUNB,0.69628805
NFAM1,0.6961221
MARK4,0.6961177
LAMA5,0.6961036
KDM4B,0.696052
DTX3L,0.6960499
MYLIP,0.69603205
NCALD,0.69597566
MAP1B,0.6959582
LAP3,0.69594544
MPC1,0.69590956
LGALS3BP,0.695907
KRT7,0.6958665
LINGO1,0.69586486
LAMC3,0.6958027
MARK2,0.6957663
FHOD1,0.6957528
MPDU1,0.6957486
B3GALT4,0.6956908
METTL4,0.69567615
GBP3,0.695656
KCNAB2,0.69562054
MTMR10,0.69559413
KMT2E,0.6955846
MCEE,0.6955771
ICAM2,0.69551176
KRT17,0.69548327
KIF3C,0.6954602
MAPK9,0.6954519
KMO,0.69543403
GRHL1,0.6953996
ALOX5,0.6953522
LAPTM5,0.69534314
MADD,0.6953288
APOBEC3F,0.6952941
LYAR,0.69526404
GATM,0.6952505
ITM2B,0.6952386
MBP,0.69520783
KRBOX4,0.69518125
KDM8,0.6951346
HSBP1,0.69511855
IFIT3,0.6951016
GNA14,0.69507414
MFF,0.695073
HOXB6,0.69502854
HES4,0.6950281
MGAT4B,0.69499874
KCNAB1,0.69498384
LSG1,0.6949828
HPSE,0.69496083
KIF3A,0.69494283
GRIN2D,0.6949271
HAUS1,0.694915
GNPDA2,0.6948897
KATNAL1,0.69485766
HCFC2,0.6948478
LGALS9,0.6948463
LIN54,0.6948359
IVD,0.69479555
MRPL24,0.69479024
INO80E,0.69477355
MICA,0.6947648
KIF1B,0.6947498
KLHDC3,0.6947355
F3,0.6946289
CACNA2D4,0.6946272
HERC3,0.6946033
MCM2,0.6945641
LAMA4,0.6945433
MAP3K10,0.6945394
KIF20B,0.69453484
IPO13,0.69453454
MRPL33,0.69450295
ATP2A3,0.694465
KIF4A,0.6944259
KRT18,0.69442564
MVP,0.694381
MYL12B,0.6943587
LPL,0.69435567
DENND2A,0.6943298
INPP1,0.6943212
IL10RA,0.69430554
NDOR1,0.69429624
KCNC4,0.69427305
IFI44,0.6942691
IFT80,0.6942141
MED24,0.6942071
KIDINS220,0.694203
MAN2B1,0.694133
LUC7L3,0.6941324
MAGED2,0.6941282
NAT10,0.6940529
HELB,0.6940463
IL15RA,0.69401294
MAN2A1,0.6939785
MED21,0.6939605
LONRF1,0.6939182
MTMR3,0.6938959
LMAN2,0.6938906
MED27,0.6938498
MAPKAPK5,0.69373596
KCNG1,0.6937319
MAP2,0.69368213
PLIN2,0.6936441
HLA-DRB5,0.6936187
KRTCAP2,0.6936007
LONP1,0.69355
IGFBP4,0.69354266
LIN52,0.6935205
HDAC5,0.6935204
KRR1,0.69341636
KIF18A,0.6934018
MON1B,0.6933947
GPR132,0.6933191
IFI16,0.6933132
MRPL20,0.6932654
LRIG1,0.6932449
MTMR2,0.6932338
APOL1,0.6932331
KHDRBS1,0.69318694
NDUFV1,0.69318587
LMO4,0.6931814
LMNB1,0.69313294
MUS81,0.6931272
MRPL48,0.69311863
MINPP1,0.69307613
LIMK1,0.69307125
HARBI1,0.69304657
LPCAT4,0.693037
NBR1,0.69303006
KIAA1549L,0.69302577
HAAO,0.69301105
LCAT,0.6929814
LRCH1,0.6929551
LAMC1,0.6929534
MANBA,0.69291747
HOMER2,0.6929163
KDM5B,0.692845
MATR3,0.6928273
LAS1L,0.6928081
MPDZ,0.6927496
MRPS7,0.692707
MBNL1,0.69270355
MBD2,0.6926881
LMTK2,0.6926823
ME1,0.69267666
ISG15,0.6926259
KLHL21,0.69261533
ITGA2B,0.69261235
KRT80,0.692598
MAN1A1,0.6925937
NFATC1,0.69254386
HSPB11,0.6925177
ITPKC,0.6924939
LOXL1,0.69245607
MOV10,0.69242156
KIF18B,0.69242036
LRRC40,0.69236076
MRPL49,0.692297
KCNJ2,0.69229
NUDT12,0.6922776
CLEC2B,0.6922569
MAP4K5,0.69223905
MAP2K3,0.692228
IMP4,0.6922064
LEMD2,0.6921627
KLHL22,0.6921102
LEPR,0.6921006
LTBP3,0.69208086
MACF1,0.6920705
HSPA12B,0.69205356
ATP6V1E2,0.6920416
MPHOSPH10,0.6919765
KPNA6,0.69194126
MOCS3,0.69185346
MMS19,0.69182605
LIN7C,0.69182235
MPP5,0.69181556
MTA3,0.69179857
MAT2A,0.69176674
PEX16,0.6917302
LRP8,0.6917129
LCP2,0.6916593
LRRC8D,0.69165105
IRF2BPL,0.69164425
MEF2A,0.6916338
MCMBP,0.6916158
LIG3,0.69157565
MFSD2A,0.69150907
MCF2L,0.69146246
KLHL20,0.6914496
KDM1B,0.6914427
MKRN1,0.6914027
MAT2B,0.6914002
LYRM4,0.69134355
MKLN1,0.69134116
LBR,0.6913255
GLE1,0.6912998
KCNJ14,0.6912825
MMAB,0.6912383
MYO1F,0.6912014
MLXIP,0.69118506
MCM7,0.6911847
MBD5,0.69111973
MRPS17,0.69109976
KATNA1,0.6910946
MGRN1,0.6910879
INPP5K,0.6910492
LRWD1,0.69103587
MYO9A,0.691024
MRPL38,0.69100964
MRC2,0.69098145
MCTS1,0.69097877
IER3,0.6909684
MAP4K1,0.69088334
HNMT,0.69086087
KCNS3,0.6908579
LIN7A,0.69083184
MRPS6,0.6907577
ASAH2,0.6907283
GPX7,0.6907122
HPS4,0.69064003
MAPK14,0.69062674
LRP1,0.69056416
LYPD6,0.690461
MCU,0.6904192
FAM220A,0.6904181
CD2,0.6904178
LRIG2,0.6903165
ING4,0.69027233
MBTD1,0.6902541
NPM3,0.6902361
MFSD12,0.6901607
ING3,0.6901458
MRPL55,0.6901222
MRPL3,0.69005495
MAP3K4,0.6899996
MID1,0.6899391
MED25,0.6899199
MAP2K5,0.68985844
EFNB1,0.6897835
MBOAT1,0.6897631
INTS8,0.6897365
METAP2,0.6896924
CDK3,0.68967474
ITGAL,0.68961084
NAE1,0.68960536
NDUFS2,0.68960315
LSM4,0.6894962
NDUFB10,0.6894528
HOOK2,0.6894242
MMP17,0.6893992
ITGA6,0.6893912
KCNIP4,0.68938345
HNRNPLL,0.6893767
GCAT,0.6892621
LNX1,0.6892153
NME6,0.68921244
MGAT5,0.6891687
NCAPG2,0.68915063
MTX1,0.68914026
MTUS1,0.68912816
AP4M1,0.6891167
MTM1,0.6891134
MCCC2,0.68905395
MRPS18A,0.68903387
MYCBP,0.68900996
ITGB7,0.6889951
KLHDC2,0.6889941
LAMTOR3,0.6889937
KCNMB4,0.68897617
NDUFA4L2,0.68895036
MARS2,0.688946
KLHL12,0.6888702
MRPL16,0.68886966
MRPS23,0.6888458
MCM5,0.6888104
MTMR9,0.6888096
NASP,0.68880683
MAP1LC3B,0.6888049
MORF4L1,0.6888048
LONP2,0.6887489
KAT2A,0.6886913
NEDD8,0.688567
MGLL,0.6885614
MSL3,0.6885598
LTN1,0.68854994
MAD2L1,0.6885421
MEIS2,0.68853647
MINK1,0.6885174
LSP1,0.6885035
NFKB1,0.6884781
NBAS,0.6884701
NAGK,0.68846613
NDUFS6,0.6884276
MCCC1,0.68841004
MMP11,0.6883941
KLHL11,0.6883854
MDN1,0.6883638
MBTPS2,0.6883544
MTHFD1,0.6883114
LRP3,0.68826044
MTMR14,0.68824863
HMOX1,0.6882111
CMTM1,0.6881704
IL10RB,0.6881469
NDST1,0.68810815
KXD1,0.68810093
LDLR,0.6880916
INIP,0.68802726
MED13,0.68795407
NDUFA6,0.68793046
NCOA6,0.6879189
HSF2,0.687905
FST,0.68788767
HUS1,0.68788445
MAPRE3,0.6878688
IKZF4,0.6878656
GSTA4,0.6878436
KRT19,0.68782425
MTMR4,0.6878001
HSD17B1,0.6877729
MARK3,0.68776256
MTR,0.68775374
MGST1,0.6877531
MAN1A2,0.68769467
MAPRE2,0.6876833
NDUFB9,0.687682
MRPL19,0.68764335
PDLIM4,0.68760395
MAGOH,0.68759143
CD163,0.68757254
MRPL37,0.6875667
MANF,0.68756115
MMS22L,0.687539
KDM3B,0.6874988
MED17,0.6874697
MLYCD,0.6874416
PPP2R5B,0.6874372
IL17RD,0.6873973
FBXO6,0.6873969
LIMD1,0.68737954
MPP6,0.6873698
MED6,0.6873602
HOXB3,0.687277
MTHFS,0.68727696
HOXA5,0.68721104
MPG,0.68717283
MDH1,0.6871728
MLX,0.6871696
MVD,0.68714607
LIPA,0.68706334
AMT,0.6870361
METTL7A,0.6869813
NDUFAF2,0.6869803
MZT2A,0.6869526
MTDH,0.6869473
KIAA2013,0.68693644
MAU2,0.68691236
NDUFS8,0.68690604
KIFAP3,0.68688023
LAMTOR5,0.68682665
NSMAF,0.6868095
NFYC,0.686738
NFKBIB,0.686725
MBOAT2,0.6867188
LRSAM1,0.6867053
MYH10,0.6866855
GNG11,0.6866794
LTBP1,0.68665653
MIS18A,0.68663794
MED8,0.68660986
LPCAT3,0.68659216
MEGF8,0.6865786
MCC,0.6865707
IL17RC,0.68656474
MBD3,0.68654174
MED29,0.68648595
KATNB1,0.68646306
MTF2,0.68644184
LRP10,0.68643445
IDH3G,0.68643177
MGST3,0.6864201
NEMF,0.6864038
IFI35,0.68639433
MGAT2,0.68635726
KPNA2,0.68633
IRF3,0.68630517
GPATCH1,0.68628675
LSR,0.6862377
MX1,0.6861669
MRPL46,0.6861049
MAP4K3,0.6860725
MEMO1,0.6860705
KIF26A,0.6860688
MKNK2,0.68605983
MAST2,0.68604857
GLIPR1,0.68604755
IRF2BP1,0.68604136
NDRG3,0.68603295
MEIS1,0.6860168
NAA60,0.6860147
MT2A,0.6859984
ICAM3,0.68597686
NOMO2,0.6859534
NGDN,0.68594766
ENPP2,0.6859323
MYSM1,0.6858989
MED22,0.6858919
NAA25,0.6858552
NIT2,0.685852
MED20,0.685822
NADK2,0.68580043
FRS3,0.6857918
MFAP1,0.6857457
MAPK6,0.6857446
MELK,0.68571085
IFT74,0.68569493
MRPS27,0.6856741
SLA2,0.68562716
MYBL2,0.6855532
LIPT1,0.6855432
LIMS2,0.68554133
MCM3,0.6855211
LAMC2,0.6855211
MRPS34,0.68551236
NDUFB1,0.68546903
MRPS5,0.6854623
JMJD6,0.6854534
MRPL18,0.6854437
NR2F2,0.68541735
NPC1,0.68540156
NFYB,0.6853992
CNGA1,0.6853628
MIA3,0.6852774
BAG2,0.68515897
NMT1,0.68515056
MPHOSPH6,0.68507916
NUB1,0.68504053
LAMB3,0.6850236
LNX2,0.6850213
GEMIN2,0.6849983
MIS18BP1,0.6849522
NCL,0.684935
KLHL3,0.6848936
MPRIP,0.6848918
MAML1,0.6848837
MXRA8,0.68487567
MAFG,0.684856
MED16,0.6848395
NHLRC3,0.6848122
MSL2,0.6848088
NSMCE2,0.6847904
MSX1,0.6847821
NPC2,0.68472856
MRPL22,0.6847196
KLHL25,0.6847058
NAGLU,0.6846701
ITGA5,0.6846693
LMBRD1,0.684635
MZF1,0.6845849
KLC4,0.68457276
ISCA2,0.6845552
MTA1,0.6845408
NFX1,0.68451786
NECAB3,0.6845162
IFIH1,0.6844915
NAPG,0.6844906
OSTC,0.6844125
MRPS35,0.6843909
LYPLA2,0.68438524
PARP4,0.6843399
IK,0.68430305
NAP1L4,0.6842958
MOSPD2,0.6842932
NOMO3,0.68428516
NAB1,0.68427813
NCAPH,0.6842466
NUP88,0.68424344
MDK,0.6842354
MED26,0.684194
ME3,0.68412286
IL16,0.68405753
MRPS22,0.6840468
MRPS18B,0.6840091
MBOAT7,0.6839184
MCM10,0.6839183
MRPL35,0.683875
LMAN2L,0.68385726
NHS,0.6838571
NUDT5,0.6838306
NAA50,0.68382806
NINL,0.6838166
LY86,0.6837645
MTMR12,0.68372816
MMADHC,0.68370736
HOXA10,0.6836937
MPHOSPH8,0.6836343
FCGR3A,0.68363315
MAN1B1,0.68359005
GLS2,0.6835819
MED15,0.683576
MNAT1,0.6835431
FAM20A,0.6834985
HSPA1B,0.6834699
MLST8,0.6834543
MCM6,0.68343306
CASP1,0.6834247
GCSH,0.68336004
HERC6,0.68329924
LLGL1,0.6832927
NINJ1,0.68326026
MIF,0.6832542
NSMCE4A,0.6832182
MSRB2,0.6832026
NR1H3,0.6831959
LAT2,0.6831826
MMACHC,0.68312895
NSUN5,0.6831283
BBS12,0.68312407
MCPH1,0.68311656
JUND,0.68308663
MASTL,0.68307644
NCEH1,0.6830609
NOM1,0.68305635
MRPL9,0.6830515
NADSYN1,0.6829856
NT5C3B,0.68297815
MFGE8,0.6829453
MIEF1,0.6829074
MTMR1,0.6828865
NAPB,0.68281585
NCKAP1,0.68278027
NFIX,0.6827369
NCAPG,0.6826867
MYO10,0.6826778
NEK9,0.68264675
MAP4K2,0.6826369
MSRB3,0.682635
CARD6,0.68257004
NOC3L,0.682562
OXNAD1,0.68254507
MRPL1,0.6825125
OSGEP,0.68241173
NSUN2,0.68240863
PHACTR1,0.68240756
NMT2,0.68239796
LTBP4,0.68236107
MRPS11,0.68234515
MOGS,0.68234295
MOB1B,0.6823278
MFAP2,0.6823108
NOC4L,0.6822968
ORC3,0.6822734
PLCD3,0.6822073
NELFE,0.68220276
MTHFD1L,0.6821853
NACC1,0.6821699
MAK16,0.68212974
NSUN4,0.68211377
PCCB,0.6820564
CYP39A1,0.6819697
MRPL51,0.6819471
MYADM,0.68190575
ORC6,0.68189365
MAP3K9,0.68188643
MRPS31,0.6818798
MECR,0.6818062
NUBP2,0.6817819
MYL6,0.68173224
MTX2,0.68170995
MYO9B,0.6816895
MLEC,0.68155193
NCK1,0.68154544
NDUFB6,0.68153363
NDUFA11,0.68151486
PDCD7,0.68150526
CD248,0.6815011
NDC80,0.68150026
MRPL54,0.68148005
GAS2L1,0.6814257
NEK1,0.6814144
MIEN1,0.6814004
MYCBP2,0.6813911
LPIN3,0.6813658
NAA15,0.6813447
NFATC4,0.6813315
MEAF6,0.68130195
MGAT3,0.68129385
PGF,0.68121344
MYO5B,0.6812085
MYOF,0.6811978
NUFIP2,0.6811827
NME7,0.68117875
METAP1,0.6811691
NCAPD2,0.68115544
MRPL28,0.68112904
PCYT2,0.681111
NOL12,0.6810783
OPTN,0.6810699
MSRA,0.6810625
MSH5,0.6810517
MTFMT,0.6810408
NET1,0.6810148
MPP7,0.68101454
NAA40,0.6810067
NDC1,0.68099445
LIN7B,0.68097556
LGI4,0.68095475
PAK1IP1,0.6808953
MAOA,0.6808684
FAAH,0.6808464
NDUFA4,0.68084466
EHD3,0.6808386
MRPL10,0.6808327
ORAI2,0.6808252
NUP54,0.680825
IRAK3,0.68079066
OSBP2,0.68077624
NOP14,0.68076617
NOC2L,0.68063056
MEX3C,0.68060565
GGPS1,0.68058616
NR3C1,0.68057084
CD34,0.68052334
PDP2,0.6804958
NDUFB8,0.68042856
NEO1,0.6803356
GMPR,0.68032247
MYLK,0.68027264
NGLY1,0.6802585
COL6A3,0.68025374
HSPA13,0.6802502
NHP2,0.68022144
PDCD6,0.6802131
LSM2,0.68020374
NNT,0.6801721
MAP1S,0.6801505
FZD2,0.68012315
NTAN1,0.6800908
NMI,0.68006474
NDRG2,0.6800628
PCDHB5,0.68002236
NFATC3,0.6800041
NCOA7,0.68000185
NCAPH2,0.6799403
NDUFAB1,0.67991996
NDUFA12,0.67991346
NDUFV3,0.67990446
NFATC2IP,0.6799038
KCNIP2,0.67988783
LIF,0.67983806
NEK6,0.6798033
MRPS30,0.6797988
NAA20,0.67975056
HTRA2,0.6797285
NUMB,0.67972606
PLAA,0.679689
MOCS2,0.67967117
RASAL3,0.6796483
CDK5,0.6796267
PAXIP1,0.6796027
MRPL30,0.6795911
OTUD3,0.6795518
NCF2,0.6794766
NDE1,0.67940354
PANK1,0.67940277
NDUFV2,0.67937624
MBTPS1,0.679319
METTL3,0.6793022
MRI1,0.6792782
OSBP,0.679202
LPCAT2,0.67918307
NSDHL,0.6791669
NNMT,0.6791636
NUP50,0.6791236
PGM2,0.6791112
MDC1,0.6790863
MRFAP1,0.6790647
NDUFA10,0.6790406
GNA15,0.6790377
NMD3,0.6790278
IFIT1,0.67900616
PDLIM7,0.6789948
MRPS10,0.6789841
KIF21B,0.6789792
PARK7,0.67896175
NAA38,0.67890877
NIPBL,0.6788836
NLGN3,0.6788581
MCRS1,0.6788545
INTS12,0.6788517
NOB1,0.67881083
MED14,0.6787788
PNPLA6,0.67877007
AQP1,0.67875314
RP2,0.6787129
PARP9,0.6786824
KCNC3,0.6786792
NUP107,0.6786364
MYO7A,0.6785674
MAD2L1BP,0.67853165
MAGOHB,0.67851406
KIF27,0.67836285
MEPCE,0.67834294
MSL1,0.67832345
NEIL3,0.6783231
MRPS21,0.67831755
MRPS9,0.67831075
PIGU,0.6783057
NPDC1,0.67826974
HSD17B7,0.6782505
NR1D2,0.67823637
NUCB1,0.67821765
NRIP1,0.6782084
MRPL47,0.67819893
MRPL2,0.6781829
NBEAL2,0.67810863
ODC1,0.67809814
PCCA,0.677996
LZTFL1,0.67796063
IFT20,0.67792046
MTIF3,0.6779024
KRT5,0.6778501
MRPS28,0.6777956
MAP2K7,0.6777843
FPR3,0.6777649
MYL6B,0.6777174
NOL9,0.67769384
NEIL1,0.6776937
KDELR3,0.67769337
KCNJ15,0.67767936
SDHAF1,0.677655
NR6A1,0.67759514
PCK2,0.67758226
MRPL21,0.6775481
LPAR2,0.67745066
MPI,0.67744976
MRPS16,0.6774226
IGFBP6,0.6773939
MYBBP1A,0.6773724
NAIF1,0.677363
MYH14,0.6772818
LYZ,0.67719334
PCDH1,0.67718416
MED19,0.6771695
MCM9,0.6771587
MIS12,0.67713124
LDHD,0.6770702
PCYT1A,0.67703253
IRF9,0.6770191
MUC3A,0.6769958
NLN,0.6769334
MFN1,0.6769314
NR2F6,0.6769284
NMRK1,0.6769017
NMRAL1,0.67690146
MRPL34,0.67688763
MTIF2,0.67688733
LRP4,0.67687595
NOL8,0.6768721
NPLOC4,0.67683923
MED28,0.6768359
MIER1,0.67682016
MRPS24,0.6768002
NUS1,0.67678475
NPNT,0.67675054
ITGBL1,0.6767099
NOSIP,0.6766949
RAP1GAP,0.67668664
LRG1,0.67664856
HSPB2,0.67664796
AGMAT,0.6766399
NEDD1,0.6766218
MYL5,0.67658615
PEX3,0.67656994
PPFIBP2,0.6765254
NDUFAF6,0.6764757
MYL12A,0.67646474
NPRL3,0.6763981
PPIL6,0.67637944
MIB2,0.6763507
CXCL10,0.67635036
MRPL39,0.67634994
MUL1,0.67633647
MRPL45,0.67627925
NARS2,0.6762735
NRF1,0.6762621
F12,0.6762124
OAZ2,0.6761888
RASGRP2,0.67617065
NID1,0.6761582
ALS2CL,0.67612046
NUDT19,0.6761167
NDUFAF3,0.67609936
HS3ST1,0.67607015
PHC1,0.6760487
MBD1,0.6760123
NANS,0.6759641
NIF3L1,0.67594886
OCRL,0.67588747
NELFB,0.6758554
NR4A1,0.6758474
CFB,0.67583907
NEDD9,0.6758329
N6AMT1,0.6757624
MORC2,0.67574424
NT5C3A,0.67569727
NRP1,0.6756924
NEK7,0.6756124
FOSL1,0.675591
NFYA,0.67558306
LAG3,0.6755786
NDUFB4,0.67555046
PREX1,0.67553645
NAP1L1,0.675507
MYO6,0.6755029
MZT1,0.6754956
NKIRAS2,0.6754428
MRPL11,0.67543757
JAM2,0.6754266
PEX5,0.6754189
NUDCD3,0.6753595
NPL,0.67535883
PAGR1,0.67533076
NRBP1,0.6753088
PARP14,0.6753041
GPNMB,0.67528874
MRPS2,0.6752779
NUDC,0.6752587
OTUD5,0.675254
PDK3,0.67524946
CLDN11,0.67516345
PIAS3,0.6751056
KBTBD7,0.6750769
ODF2,0.6750344
NDUFA5,0.67499614
NFU1,0.6749722
MPZ,0.6749224
MLF1,0.67490816
NUDT21,0.67487365
OAS1,0.6748301
OTUB1,0.6747575
MCM8,0.6747102
RND1,0.67467505
NEDD4L,0.6746679
MTO1,0.6746672
FCGR2A,0.6746403
LMF2,0.67462575
PARVA,0.6745324
NCBP1,0.6744944
LRPAP1,0.6744895
NUBPL,0.67447376
MOCOS,0.674457
NLRP1,0.67443496
NCAPD3,0.67442995
PAICS,0.6744159
HSCB,0.6744147
PDE3B,0.6743935
MIDN,0.67435116
NOL3,0.6743448
MRTO4,0.67431206
NCBP2,0.67428106
NT5C,0.67426556
NOL6,0.67425525
MFSD10,0.6742531
RETSAT,0.6742507
PCNT,0.67423815
PHF5A,0.6742308
NAA35,0.6741866
NFE2L1,0.6741519
ORC1,0.6741403
PINK1,0.67413616
PCGF5,0.6741014
NOL10,0.6740891
PLXND1,0.67407805
MATK,0.673964
PCDHB15,0.67396116
PDLIM5,0.67384535
NOLC1,0.67372626
FBP1,0.6737091
PPM1F,0.67366904
OGDH,0.67365456
PSMC1,0.67356324
NMNAT2,0.6735336
MMP15,0.6735322
NAT1,0.6735001
PABPC1L,0.67346984
HENMT1,0.67345065
METTL14,0.67343676
MICALL1,0.6734279
NFS1,0.6734193
PAQR5,0.6734064
CYP7B1,0.6733919
NME4,0.6733443
ISY1,0.67330927
HOMER3,0.67329556
PRICKLE2,0.6732816
NLGN2,0.6732641
CX3CL1,0.67325014
NPAS2,0.67324734
NIPSNAP1,0.6732039
PCGF3,0.67310625
DCHS1,0.67310584
PARN,0.6730849
PCBD2,0.6730819
PMPCB,0.67307
PELP1,0.67304295
PLA2G4A,0.6730179
NOP16,0.6730109
MRPS14,0.67298573
NDUFA13,0.67291015
PFKM,0.67288274
NAGPA,0.67285496
PARD3B,0.6728036
MED7,0.6727665
OGT,0.6727113
NOP9,0.67268854
PHKA2,0.67268485
POLH,0.6726746
LRR1,0.67257977
PEX19,0.67255884
GPR68,0.6725299
POLB,0.6724562
IL7,0.67244256
OSBPL1A,0.67243445
MR1,0.6724274
NABP1,0.6724067
PPCS,0.67239845
NFKBIZ,0.67238384
OBSCN,0.67237353
PFDN5,0.67233014
ORC5,0.6723291
PHB2,0.6723243
PRKAG1,0.6723175
NOMO1,0.67227715
PCOLCE,0.6722719
NUDT3,0.6722357
GRAP2,0.672223
CXCL1,0.6721995
NR1H2,0.67219085
LMOD1,0.6721122
OSTM1,0.67210627
NDUFS4,0.6720121
PHLDA3,0.6719929
POLR1B,0.6719833
PLCB2,0.67197263
PIP5K1C,0.67191297
NFIA,0.6718807
MFAP3,0.67184854
PERP,0.67184544
NUP133,0.6718355
NUDT14,0.6718352
LMBR1L,0.67182505
PRNP,0.6718074
NCLN,0.6717748
C5,0.67173004
NDEL1,0.67172873
PIKFYVE,0.6717273
PPIE,0.6717191
NUP160,0.6717079
MAN2A2,0.67170596
PDE7A,0.6716937
PARD3,0.67157364
OLA1,0.67156154
NUP188,0.6714787
MRPL41,0.671469
OXCT1,0.67141914
PAAF1,0.67140085
NTPCR,0.6713875
MZT2B,0.67125535
NSFL1C,0.67125475
OXSR1,0.6712541
PECR,0.6712527
OS9,0.6711326
PANK4,0.67109656
NUP210,0.6710895
P4HA1,0.6710325
PDCD4,0.6709968
BEST1,0.67098254
PPP1R16B,0.670882
MED4,0.67085224
PI4KB,0.67079234
PLOD3,0.67079157
CYP27A1,0.67073387
MAPK8IP1,0.6707304
PLOD1,0.67071545
NPTN,0.6707089
NAA16,0.6706939
KREMEN1,0.67068744
NAMPT,0.6706589
NEK2,0.670629
NTM,0.6706159
PIK3R5,0.6705477
PCID2,0.67054385
MRPL53,0.6704329
MARVELD3,0.67043245
PELI2,0.6703592
LIG4,0.67034566
LIPG,0.6703435
CHST7,0.6703135
OAZ1,0.6702911
NUP37,0.6702865
NDUFS1,0.6702159
NUDT9,0.67021096
BHLHE41,0.6701783
NAA10,0.67013305
PALLD,0.6700788
PPARA,0.6700635
NR2C1,0.6700194
MIF4GD,0.6700154
PFDN2,0.67001337
PPP1CC,0.66998893
NLK,0.66996056
NHEJ1,0.66994673
ORC2,0.669921
HCAR2,0.66991645
POLK,0.6698848
PPOX,0.66987544
NUP153,0.6698231
ITGA4,0.66980606
PBK,0.669726
PHF20,0.6697208
POLR3G,0.6696754
POLM,0.66965216
KIAA0513,0.6696381
NUP155,0.66957754
LZTS3,0.66956127
NIPA2,0.66945887
IL12RB1,0.6694382
ETV7,0.669403
PAIP2,0.66939384
MSMO1,0.6693782
OPHN1,0.66933143
PFKFB4,0.669242
PIGK,0.6692398
PAF1,0.6692305
PABPN1,0.6691817
FUNDC1,0.66917634
NRBF2,0.6691495
NDUFA3,0.6691289
MPP2,0.66901153
ORMDL2,0.6689661
PEX6,0.66892743
PDHA1,0.6688365
NLE1,0.6687581
NPHP1,0.66875386
PDE8B,0.66864705
NOP58,0.6685723
POM121,0.6685666
PDE12,0.66854125
NAGA,0.6685282
INO80B,0.66849625
MICAL2,0.66848797
NAPEPLD,0.6684875
CLEC7A,0.668452
NRCAM,0.66843784
PA2G4,0.66841346
NCK2,0.66835916
NAPA,0.66833353
PANK3,0.6682976
PIGO,0.6682913
PGP,0.6682454
NES,0.6682409
NDUFA1,0.66821694
PLXNA3,0.66821176
PAFAH1B3,0.6682048
NSUN6,0.66813624
NUDT16,0.6680113
PSME1,0.66789174
PPT2,0.6678471
PEX13,0.6678465
PBX3,0.6677807
MRPS12,0.6677374
OIP5,0.6676977
PYGO1,0.667671
NUBP1,0.6676634
PARD6G,0.6676411
KIF5C,0.66763467
PACSIN2,0.6676214
NOP56,0.6675937
MOK,0.66753775
PFKFB3,0.6675197
NELFA,0.6675108
PELI1,0.6674952
NUP205,0.6674484
RAB32,0.6674205
MRGBP,0.6674145
PDHB,0.66733575
LIPE,0.6673328
PDE10A,0.6672943
PDXDC1,0.66722184
KCNN3,0.66717374
NFKBIL1,0.667073
NECAP2,0.6670587
MICU2,0.66704625
PANK2,0.6670292
PRKRIP1,0.66690314
PPIF,0.6668142
ORMDL1,0.66679585
PSMB6,0.6667781
OSGEPL1,0.66673
PATL1,0.6667084
PPP1R15B,0.66670156
PDE6D,0.6666869
POLR2B,0.66667545
MPND,0.66664106
NUAK1,0.66661805
PGAM1,0.66659576
PAK4,0.6665915
POLR2F,0.6665536
NR2C2,0.6665479
POLR2K,0.6665103
PPP5C,0.6664902
PDSS2,0.66637975
PAPOLA,0.6663439
PPP1R12C,0.6663375
NDUFAF5,0.6662957
PNISR,0.6662305
PES1,0.66612804
PDE3A,0.666127
PRICKLE3,0.6660578
PABPC4,0.6658835
PAN3,0.66581416
METTL21A,0.6657372
PEX1,0.6657356
PDIA4,0.665598
PFDN6,0.6655229
PDE4D,0.6654872
NDUFAF7,0.6654728
PFKL,0.6654592
NEIL2,0.6654558
PFN2,0.665436
NRP2,0.66542584
MID1IP1,0.6653989
NXF1,0.66539764
PGD,0.66538537
HSD11B2,0.6653631
NOL7,0.6653452
PLCD1,0.6653021
NIPSNAP3A,0.66529274
PBX2,0.6651491
PAQR8,0.66507316
MSX2,0.6650161
NCKAP1L,0.6649312
PDXK,0.6648984
PRDX3,0.6648416
MOAP1,0.6647697
OTUD7B,0.66465175
PNO1,0.66464764
OPA1,0.66461676
PDE4A,0.6645887
PDE4B,0.6645595
RAPGEF5,0.66454715
PFN1,0.66453654
MAPK7,0.6645236
NVL,0.66452175
PYGL,0.66448176
PHF8,0.66443044
RASSF5,0.664404
PRKD2,0.66436744
PRPF4B,0.66435915
POLR3C,0.6642877
NUTF2,0.6642152
NR4A2,0.66419756
PUS1,0.66418654
PDS5A,0.66414046
NOP2,0.6640693
PIH1D1,0.66405874
NELFCD,0.66400325
PDCD6IP,0.6639796
LFNG,0.6639199
PLB1,0.6638945
MLKL,0.6637445
PGS1,0.66372305
DCN,0.66366327
PSMF1,0.6636374
PIPOX,0.6636244
PEX14,0.6635522
PPL,0.663505
PRPS1,0.66342914
PAFAH1B1,0.6633964
NR1D1,0.6633598
PRPSAP1,0.6633241
REV1,0.66313833
MRPL40,0.6630882
PDE7B,0.66308266
PDPR,0.6630696
MRPL44,0.6630689
PDRG1,0.6630583
PGAP1,0.6630517
OSBPL5,0.6630383
PACS2,0.66298664
PLEKHA7,0.6629684
PEX7,0.66294533
NOL11,0.66291577
RARB,0.66290605
PIK3R6,0.66285217
KHK,0.6627314
PEA15,0.662705
MAFF,0.6627033
PIK3AP1,0.6626987
NUP62,0.66265166
PDE1A,0.6626283
PKD1,0.6626205
RABIF,0.6625119
PGM1,0.6624872
NME2,0.6624866
PAPSS2,0.66242915
POFUT1,0.6623948
PDLIM1,0.6623516
PCGF1,0.6622609
POLR3B,0.6622575
PNN,0.66224146
NEU1,0.662239
PPP1R13B,0.66218746
NEK8,0.662159
PIP5K1A,0.6621246
HAVCR2,0.6620044
RAB3IL1,0.66197795
PPP1R11,0.66185784
RAB14,0.6618558
PPFIA1,0.661836
PKN1,0.66181725
ORMDL3,0.66168094
RIN2,0.6616558
POLR3GL,0.6616197
PMF1,0.6616147
RALB,0.66155815
PSMD11,0.6615478
RNF139,0.6615433
MRPS36,0.6615314
PKP3,0.6614743
RSAD2,0.661453
PUS7,0.6614207
NPR1,0.6613854
COL5A3,0.6613408
OMA1,0.6612799
PITPNA,0.6612628
PTPRU,0.6612461
PPP1R13L,0.6612074
PJA2,0.6612056
ITGA9,0.6611364
OBSL1,0.66110986
POLDIP3,0.6610753
RHPN2,0.66098124
RHOT2,0.66093904
CHRD,0.6609325
SAP30,0.66089755
PJA1,0.660878
PACSIN3,0.6608679
RASSF6,0.66085
MON1A,0.6608446
NDUFA8,0.6607978
OXSM,0.6607165
PALMD,0.6607136
NFASC,0.6607083
NLRC4,0.6607045
MAPK13,0.66070074
PDGFD,0.66067994
GBP1,0.660656
PFKP,0.66059834
PRDX6,0.66057533
PKM,0.6604843
CYSLTR1,0.6604347
PSMG2,0.6604073
MRPL27,0.6603955
NFIL3,0.6603537
RBBP9,0.6602906
PSMG3,0.6602832
PDIA3,0.6602185
CISH,0.66019815
RFC4,0.66015875
PKP2,0.6601184
PRKAR2A,0.6601175
NUSAP1,0.6601128
PHLDA1,0.660085
PSME4,0.66003364
PIK3C2A,0.6600269
PKN2,0.659963
PARD6B,0.65995866
CLIC3,0.6599312
RACGAP1,0.659886
CETP,0.6598802
PHB,0.65979445
PAK6,0.6597671
DLL1,0.6597172
PRPF6,0.65970725
POLD2,0.65970147
POU2F1,0.6596699
PDE8A,0.6596644
NUP43,0.6596162
PCYOX1L,0.65961504
ORC4,0.6595979
OXTR,0.6595832
PISD,0.6595771
CLDN23,0.6595439
PPA1,0.65953356
PLEKHG3,0.6595238
PPIB,0.65949976
PPP1R12A,0.6594616
PDE5A,0.65944445
POLR3A,0.6594252
PIGS,0.65940833
PHF2,0.6593947
POMP,0.65930843
RAB3GAP1,0.6592964
MRPS26,0.6592181
PSMD7,0.6591755
PDCL,0.6591526
PEX2,0.6590544
PPP1R9B,0.6590501
PITX1,0.65903795
NME3,0.65900505
PDCD5,0.6589691
PGRMC1,0.65896815
PSMD8,0.6589355
MIEF2,0.6589059
APBA1,0.65881026
MTMR7,0.65871966
MATN3,0.6586746
SIGIRR,0.65866476
MED9,0.6586497
RAB13,0.6585704
NKIRAS1,0.65855765
PHKB,0.6585119
MRPL50,0.6584856
PGM2L1,0.6584348
POLA2,0.65841764
RPL22L1,0.6583423
LRFN3,0.6583404
PSMC2,0.65833783
PARVB,0.65832263
PLEKHG4,0.6583053
CEACAM1,0.6582673
PSME2,0.65825695
NOP10,0.65820915
PSMC3IP,0.6582053
BTC,0.6581991
PIR,0.65819484
POLL,0.6581828
PNRC2,0.65817934
PIAS4,0.6581143
PLEC,0.65805185
PTDSS2,0.6579293
PSMA7,0.6579108
PPM1A,0.6579025
PRKACB,0.6578989
SCN1B,0.6578227
PLXNB1,0.6576739
PPP2R5A,0.65766555
RMI1,0.65765715
NPHP4,0.65753716
PLXNA2,0.65752864
PCBP4,0.6574939
LXN,0.6574743
PARP12,0.657365
PPP2R3C,0.65732425
RAB3GAP2,0.65730095
PCDH7,0.65728545
RBM7,0.65723515
SHC2,0.6571833
PKP4,0.6571703
RBPJ,0.65716636
PLK1,0.65715367
PKD2,0.65712655
PPP3CC,0.6571015
RBAK,0.6570598
NID2,0.6570408
PIP4K2A,0.6570316
PARVG,0.657023
PAWR,0.65700877
SLC35A2,0.6570059
IL2RA,0.65699685
PI4KA,0.65697485
SH2D2A,0.6569727
NSA2,0.65693593
PPIL2,0.6569248
CD4,0.6568818
RAB10,0.6568489
PPP1R14B,0.6568413
PSMA4,0.65683883
PLD1,0.6568315
PEMT,0.65683055
PPP1R18,0.65675193
SHB,0.6567159
PSMD1,0.656682
LTB4R,0.65667117
PLEKHM2,0.6565957
PTCD1,0.656529
PCGF2,0.6564675
LILRB3,0.65641403
QDPR,0.6564112
NLRC5,0.6563819
PVR,0.65636826
RAB30,0.6563038
RABEP2,0.6563035
PPP6R2,0.65625393
PHKG1,0.65621555
PIGL,0.65619385
OPN3,0.65617424
PRPF39,0.65613127
POLA1,0.6560535
PDSS1,0.65602297
OAS2,0.655996
PPIP5K2,0.65597105
RAB11B,0.6559549
PRKCA,0.65595365
PRDX5,0.65592206
PRKCH,0.65590316
RAB11A,0.6558924
HSPA1L,0.6558053
PRR5L,0.65577704
PHC3,0.6557668
PRDX2,0.6557312
PLCB3,0.6557292
CSTA,0.65569663
PPARGC1B,0.6556866
PLTP,0.6556824
MX2,0.65565926
PGGT1B,0.6556492
RECK,0.65558225
PPP1R15A,0.6555503
MTMR6,0.65552616
P2RY11,0.6555212
PSME3,0.6554536
PHF21A,0.655427
PLAGL1,0.6553949
RNF152,0.65529317
STX1A,0.655247
REEP2,0.65524554
POLR2G,0.65515065
CMKLR1,0.6551208
PSMD9,0.6551203
RNF6,0.6551182
RAB27A,0.6550905
PSMD2,0.6549487
PHAX,0.6549377
PEX11B,0.65492517
PHF11,0.65491253
PTGFRN,0.65490186
PRDX1,0.65489095
PIK3R4,0.654887
DUOX1,0.6548815
PPP2R1B,0.6548611
PPP1CA,0.6548498
NDUFA9,0.6548093
PSMB3,0.6547757
RNH1,0.6547602
RPL7,0.65475965
PLD3,0.6547024
PRPF38A,0.6546984
PSEN1,0.6546786
PHKG2,0.6546704
PAPSS1,0.6546124
PICK1,0.6545936
PLA2R1,0.6545501
PRKAR1B,0.65454245
PPP1R7,0.6544904
RPL17,0.6544842
PKN3,0.65448356
ECE2,0.65448165
PLP2,0.65438974
ITGAX,0.6543814
RAB2A,0.65435565
PLA2G15,0.6543182
RBM39,0.65429837
PPP6R3,0.6542166
POLR2J3,0.65421546
RBCK1,0.65421015
PDGFC,0.65415674
PITPNM1,0.65409636
PSMC5,0.6540671
MCMDC2,0.6540331
RFXAP,0.6539695
POLR2L,0.65396285
PSAP,0.6539076
PLCL2,0.6538888
PBDC1,0.65388525
PSMD12,0.6537785
PRC1,0.65372366
PRKAG2,0.65368295
PARS2,0.6536681
ORAI3,0.6536642
PURA,0.65365934
NAA30,0.65362716
PPM1K,0.6535483
PI4K2A,0.65352005
PPP1R10,0.6534792
RAB5B,0.653469
PKP1,0.65335673
PRPF3,0.65335596
P2RY6,0.65331554
PLRG1,0.6533118
PLCB4,0.6532964
NMB,0.6532961
PPP6R1,0.6532091
PNP,0.6531814
PLCL1,0.6531512
PFKFB2,0.65314746
POLR1A,0.6531348
POLR1E,0.6530956
PRPF19,0.6529934
PLSCR1,0.65297097
NSMCE1,0.65295315
PNKP,0.65291893
PPP2CA,0.6528541
PLEKHG2,0.6528326
RABEPK,0.6527333
RHPN1,0.65270543
RAB3IP,0.6526799
PSMB1,0.65263134
PTTG1,0.6525768
NTN1,0.6524696
RC3H1,0.6524604
PPIG,0.6524481
PMEPA1,0.65243477
POLR2A,0.6524202
PTMS,0.65229064
PDHX,0.6522811
RPGR,0.6522448
PTP4A3,0.65223664
PPP2R5E,0.65220666
NUDT16L1,0.6521923
RAB1A,0.6521754
OAT,0.65211684
RBM25,0.65209603
POLR2D,0.65208596
RAB4B,0.65205586
PLXNB2,0.6520083
PLEKHA2,0.65198594
PRKCSH,0.651962
PRKRA,0.65192366
RASAL2,0.6519078
PDPN,0.65189767
LYPD3,0.6518975
NIP7,0.6518041
PPP3CA,0.6517034
RIN3,0.65170133
ING2,0.6516244
PITRM1,0.65154785
PSMB10,0.6514503
PHC2,0.6514483
RAD23A,0.65144473
RAP2A,0.6513608
PPAT,0.65133506
POLR2H,0.6513058
PCSK6,0.65128326
PTPN7,0.65124327
RAB1B,0.65123814
PTK2,0.6512295
POFUT2,0.651221
PREB,0.6512195
RNF19B,0.65121907
POLE2,0.65120065
PTMA,0.65116894
SHCBP1,0.6511463
QPRT,0.65114546
PTPN21,0.65111774
REEP5,0.65095377
RGS19,0.65093094
PQBP1,0.65087444
RBM14,0.6508595
NFRKB,0.6508501
PTPN12,0.650805
PSMB4,0.6507575
RGS2,0.6507239
POGZ,0.65072316
RHNO1,0.65066504
RRP15,0.6506603
PSAT1,0.6506425
RPRD1B,0.6506245
RAVER1,0.6505695
NANP,0.6504976
OSMR,0.65045124
RNF181,0.6504464
PHYKPL,0.65044516
PTGES3,0.6504396
RBM22,0.6504261
RAD54B,0.6504211
PAM16,0.65034515
CXCL16,0.65029716
MANEA,0.6502912
PKIA,0.65027565
PIP4K2C,0.6502676
SEMA4G,0.65018886
PIGP,0.65018535
PTPRA,0.65017194
PAIP1,0.6500994
PYCR1,0.65006983
PAIP2B,0.6499697
PMPCA,0.6499661
PPRC1,0.6499573
PXN,0.6499079
PRCP,0.64990544
RHOG,0.6498965
PTBP1,0.6498841
RNPC3,0.6498826
RHOBTB1,0.6498568
PNKD,0.6498518
ITGB6,0.6498421
PTPN4,0.64982796
PRPF4,0.64981145
PGAM5,0.649684
PLEKHA8,0.6496574
GBP4,0.64965683
PUF60,0.6496197
PAN2,0.6495956
RAB9A,0.6495779
PRPF40B,0.6495777
OAS3,0.6495479
PRKCE,0.649509
PTPRE,0.64949137
PIF1,0.6494662
PUM2,0.6494203
PTPRM,0.64938956
RBFOX2,0.6493357
PER3,0.6492362
RAB34,0.64921176
RAB20,0.6492057
PNPT1,0.6491801
RPL36A,0.64906
PPM1B,0.64903635
REC8,0.64900714
PTPRN2,0.64895654
PDLIM2,0.6489232
PTPRJ,0.6488665
POLE4,0.6488473
RAB31,0.6488266
PPARD,0.6487965
PPIL1,0.64879036
MRAS,0.6487458
PWP1,0.64874184
NLRX1,0.64872956
RAD18,0.64872044
PRMT7,0.6486584
RNF11,0.6486147
PSMD3,0.6485208
RABGGTA,0.64848715
PTPN9,0.64848703
PPP2R5D,0.6484624
PMVK,0.64840513
PTBP2,0.6484043
PPP2R5C,0.64830977
PEF1,0.6483047
RAI1,0.6482363
PNPLA2,0.64822054
POLR3F,0.6481063
PPP4C,0.6480821
PPM1L,0.6480503
RER1,0.6479905
PRMT1,0.6479865
RNF31,0.6479503
SPRY1,0.6478578
RBBP5,0.64773506
PDCD10,0.64762604
RABL2A,0.64762264
PLD2,0.6476063
POLD3,0.647598
RAN,0.64754283
POLR3D,0.64749116
RCC2,0.6474886
SEL1L,0.64745826
RBM15B,0.6473955
POLR2I,0.64738685
RAB11FIP1,0.6473708
RNF2,0.64731264
OCLN,0.64706045
PGAP3,0.6470087
ITGA8,0.64698726
RBMX,0.64698416
RNF217,0.6469642
PDCL3,0.6468968
RAB3D,0.6468321
RGS17,0.64680946
PPP1R3B,0.64678127
PIGV,0.6467688
RRP7A,0.6467678
REXO2,0.6467094
POLR3H,0.646644
RANBP3,0.6465723
CALCRL,0.6465479
RBM19,0.6465007
RFK,0.6464755
PIGB,0.6464632
PIGG,0.64643466
SCRIB,0.6464342
RAPGEF6,0.6464209
RDX,0.646372
CPLX1,0.6463241
POLE3,0.64628243
RALGAPB,0.6462733
POMGNT1,0.64626914
SHF,0.6462341
PRPF40A,0.64617425
PSMD5,0.6461592
RPS27L,0.6460862
PSMB7,0.64605916
PSPC1,0.646019
RAB5C,0.6460018
PMP22,0.6459543
RFC5,0.6459301
RIF1,0.64591926
PSMA1,0.6458919
PSMD10,0.64586496
PURB,0.6458447
PDP1,0.6457622
RGS12,0.64567596
PRPSAP2,0.64565676
PTCD3,0.64563805
RAB4A,0.64557195
RELA,0.6455672
PTDSS1,0.64556223
PRKCD,0.64550585
PIGQ,0.6454939
AAR2,0.645461
PRR5,0.6454509
RELT,0.6454112
POP1,0.64540476
RANBP1,0.6453768
CHRNA10,0.64523953
RALGPS2,0.64523286
RBM4,0.6450406
NPRL2,0.64496624
PRKAA1,0.6447758
PPP1R8,0.6447436
PRKAR2B,0.6447274
SDF2,0.6446785
PRR12,0.6445589
PAFAH2,0.6444864
RBX1,0.6444555
POLI,0.6444325
RAP1B,0.64440054
RBL2,0.6443948
PIGM,0.64435595
SLC22A4,0.64432293
SIRT1,0.6442834
RAB38,0.64424413
RERE,0.6442436
PRMT5,0.6441985
RBBP4,0.64415145
RFC1,0.6441487
MAPK11,0.64412874
PTPMT1,0.64408225
PTPN23,0.6440431
PANX1,0.6440268
RALBP1,0.6440049
RAB18,0.64386547
RLIM,0.6438545
POLG2,0.64380026
LRRC8E,0.64376515
PSMB9,0.6437456
PLOD2,0.643693
PCSK5,0.64368784
ECM1,0.6436438
PPP3R1,0.64358044
RNF135,0.6435001
POLR3E,0.643498
RABGAP1,0.6434846
PSMA5,0.64346284
NXT2,0.6433901
PTAFR,0.64338624
ZNF418,0.6433798
PLK4,0.64336234
SUN2,0.6433253
RPL18A,0.6433188
RAB11FIP3,0.64326483
RABGGTB,0.6432311
PDK4,0.6431846
PSMC6,0.6431648
RAB8A,0.64314115
RAB25,0.64314026
SEC11C,0.6429572
RCAN1,0.6428854
PGM3,0.6427616
ZNF184,0.6426823
PRRT2,0.64263463
MTRF1L,0.64260226
PIGF,0.64257973
PYGB,0.64257437
SLC30A1,0.64252174
OASL,0.642458
POMGNT2,0.64232963
PTRH2,0.642291
RGP1,0.6422581
PSEN2,0.6422082
RCOR2,0.642177
SYP,0.64215904
PLXNA1,0.64212734
RORA,0.6421014
RAPGEF1,0.6420582
PDK2,0.6420016
RFC2,0.6419996
RAB24,0.64196324
B3GNT8,0.6419295
PSMB5,0.641922
RNF24,0.6419042
RRM2B,0.6418525
SATB2,0.6418413
RPL13,0.64179504
PSMB8,0.64177865
PIGT,0.64171606
PPP2CB,0.64170283
SERPING1,0.64169484
RAB2B,0.64159095
POLRMT,0.6415088
PLEKHG5,0.6414912
RANBP9,0.64149016
SGMS2,0.6414347
MRM1,0.64139885
RABL2B,0.6413788
PCDH18,0.6413362
PTK2B,0.6411939
PSMC3,0.64117783
PIGW,0.6411466
STK11IP,0.64113396
RAD9A,0.64112157
POLR2C,0.64109516
RTN4IP1,0.6410622
RFX7,0.64104843
RUFY1,0.6410284
SEMA4F,0.6408769
RGS5,0.6407905
PEX26,0.64077485
RRAGB,0.6406611
SDC3,0.64064944
PREPL,0.6406233
RPL13A,0.6406003
NTN4,0.6405705
RNF216,0.6405435
EXOC3L1,0.6405222
PODXL2,0.64051193
PTS,0.6405023
RASSF1,0.6404701
RGL1,0.64042
PLAT,0.640382
RASA2,0.64031214
NDUFAF4,0.64028746
PLCE1,0.64028096
ROCK2,0.6402616
POP5,0.64025754
RPL24,0.64016694
PHF12,0.64012945
PGAP2,0.6400819
PPCDC,0.6400572
SENP2,0.63992745
PYGO2,0.63991034
RAD51AP1,0.6398944
PRDX4,0.6398758
RBBP7,0.63985
RPE,0.639811
RAB11FIP4,0.6397834
PPP4R1,0.6396614
PLS1,0.63956594
SMPD1,0.6395543
RPAP2,0.63933027
MAP1A,0.6393195
RASA3,0.639295
RANGAP1,0.63926667
PRICKLE1,0.63924277
QTRT1,0.6392265
PPP1R3D,0.6392102
PRKAB2,0.63915986
PIGC,0.63914186
PTGIR,0.6391309
PFAS,0.6390855
PRDM4,0.639044
RPL11,0.6389665
PI4K2B,0.63878155
RPL15,0.63868123
RPL27A,0.6385024
POMT1,0.63847744
RPA1,0.63847417
RMDN3,0.6384462
RCC1,0.6384347
RPL23,0.6384164
RALY,0.6383277
RPL23A,0.6383218
RCCD1,0.6381347
RNF38,0.63810194
SEMA3C,0.63809144
RFX5,0.63808453
RNF169,0.6380346
RPL19,0.63798577
RPL27,0.63790065
RNF130,0.63789517
PYCR2,0.63779503
PHKA1,0.6377096
RAPH1,0.63763493
RGMB,0.6376042
SYNE1,0.63760394
RPL8,0.6375818
PTGES2,0.637528
PPWD1,0.6374382
RFFL,0.637414
NEB,0.63739794
SAR1B,0.63735056
SCYL1,0.6373388
RAB21,0.6373169
SLCO3A1,0.6372814
RASSF2,0.63716686
RNF7,0.63700163
RCSD1,0.63689744
RBM8A,0.63688576
PRPS2,0.6368841
PLEKHA3,0.6367313
RPAP3,0.6367263
RARS2,0.63669366
POP7,0.63668513
RBM5,0.6366655
SLC12A8,0.63630575
SMNDC1,0.6362647
SCLY,0.6362497
RPL7A,0.63624907
RBP1,0.6361603
RPL3,0.6361042
RNF34,0.6360721
RPL26,0.6360712
PRMT6,0.63604826
PRMT3,0.6360476
RHOBTB3,0.6358893
SIN3B,0.6358208
MTSS1,0.63579065
PDXP,0.635733
SCLT1,0.6357197
NDN,0.63569844
PRKX,0.63555115
PNPLA4,0.6354534
RB1CC1,0.63544583
RPS21,0.63539886
PUS3,0.63537854
RPS6KB1,0.6353613
RAB6A,0.6353488
RPAP1,0.63534266
PTN,0.6352094
SCAI,0.63517696
REEP4,0.63511354
PPP3CB,0.6350596
RBM28,0.6350517
PTPRF,0.6350207
PPIH,0.6349781
RPL31,0.6348524
RABGEF1,0.6348029
KCNH2,0.634698
RBM34,0.63464636
RPRD1A,0.63453245
PPID,0.6344967
SEC62,0.6343769
SECTM1,0.634369
RPL35A,0.63435143
RPS27,0.63433945
RBM17,0.6343083
SEC24B,0.6342069
SAP30BP,0.6341942
RGS1,0.6341859
SACM1L,0.63417
SEC61A2,0.63401985
PPFIA3,0.6339734
RFX2,0.63396287
SH3BP4,0.6339157
RIC8A,0.63390213
RGS10,0.63386667
RNF5,0.633815
SEMA3A,0.6336382
RPL7L1,0.63361347
RPN2,0.63359874
SLC25A25,0.6335805
POMK,0.63348436
SDCCAG8,0.63334495
RNF220,0.63330543
RNF20,0.633245
RRAGD,0.6332057
RAB8B,0.6331704
RPL12,0.63315594
MLPH,0.63299555
RNF41,0.6329168
RPS26,0.6328131
RPS6KA1,0.63280547
NPHP3,0.6327886
PLA2G12A,0.63275146
SCCPDH,0.632729
RPL29,0.6327146
MYO15A,0.63240963
RBM42,0.6323839
RTF1,0.6323738
RNF185,0.6323716
RPLP0,0.6323638
SEC16A,0.63228065
RNASET2,0.6321939
RPF1,0.6321374
RPLP2,0.6321122
SASS6,0.63208795
SNAPC1,0.63202965
QRSL1,0.6318013
RFX3,0.6317755
SLC27A2,0.6317592
RPS15A,0.6317542
STRADA,0.63168955
RAPGEF4,0.63168216
RNF103,0.6316626
PSMD4,0.63148206
RPL41,0.63146967
SCO1,0.6314353
RARG,0.63139576
ROR1,0.631391
RAB5A,0.63133913
RCOR1,0.63120556
REEP3,0.6311376
RBBP8,0.631135
SENP1,0.63112175
SREBF1,0.63103306
RNPS1,0.63099414
SF3B3,0.63098854
PMM1,0.6309843
RPS20,0.63098264
RNF8,0.6308924
SCFD2,0.6307931
RPS6,0.63075536
RPRD2,0.6307097
RFC3,0.6306527
TCEA3,0.6306191
SH3RF1,0.6306104
TAF9,0.6305691
SMG6,0.63054067
RGS16,0.6305171
RNF138,0.6304037
RPL32,0.6303682
RPL34,0.63036805
DPP4,0.6303258
RPS29,0.63019663
SLC25A20,0.6300024
RBBP6,0.6299867
RPL37,0.6299501
ALG2,0.6298667
RCL1,0.6298432
RAB40B,0.6297661
RPS16,0.62976533
SGSH,0.6297269
SERPINE2,0.6296942
SAFB,0.6296214
RAD1,0.629586
RAP1A,0.62955046
SNRPG,0.62947196
RANBP10,0.6294633
RPL6,0.62945694
MAP9,0.6294479
RCHY1,0.6294196
HSPA6,0.62936777
RPS6KA2,0.62933856
SLC7A6,0.62927467
QSOX1,0.6292538
S100PBP,0.6292002
RAB33B,0.6291349
RRS1,0.6291215
RPS11,0.6290736
RPS17,0.62905264
RRAGA,0.62904453
SERPINB6,0.62899494
ST8SIA4,0.6289309
RPL36AL,0.62891793
SLC25A12,0.6289038
RIC8B,0.6288956
RANBP6,0.6288612
SEC24D,0.6288609
SMARCC2,0.6287833
TRIM39,0.6287589
SHMT1,0.6286036
RPS2,0.628582
FOLR2,0.6285503
SAV1,0.62849104
SCFD1,0.6284866
RHBDD1,0.6284536
SMCR8,0.6284071
SAMM50,0.62839305
RAD23B,0.62838
SH3BP2,0.6282951
RHBDF1,0.6282768
RPS8,0.6282648
SLC12A9,0.62824154
TREX1,0.628201
RPS13,0.6281981
SF1,0.62815094
RPS3,0.6281026
RPSA,0.6280855
NRN1,0.628062
SPRED2,0.62802917
RAB11FIP5,0.6279802
RCN1,0.6279484
SMARCD3,0.6278614
RAB12,0.62780845
SLMAP,0.6277654
RTN3,0.62774926
SLC6A9,0.6276843
RPL28,0.6276497
RYK,0.62763584
SERBP1,0.62762016
RCOR3,0.6276164
PIP5KL1,0.6275382
SUPV3L1,0.62745625
KCND1,0.62743026
SLBP,0.6273597
PLCH2,0.62724906
RPS23,0.6272225
RAB37,0.6271403
PRKAB1,0.627139
RPL10A,0.62710446
FCER1G,0.62707275
NR2C2AP,0.62705487
RCAN2,0.62704986
RPS9,0.62700576
RBM45,0.626899
REPS1,0.62688303
RIMKLB,0.626733
SPARC,0.62670225
SURF6,0.6265803
SCNN1A,0.6265779
RUFY3,0.62657315
RAB6B,0.6264337
SDS,0.62635124
RPA2,0.6263448
FUT2,0.6263276
RSU1,0.62631285
SCARB1,0.6262804
RMND5A,0.62621015
SHMT2,0.6261932
NUFIP1,0.6261642
SATB1,0.6260843
RRP1B,0.62605405
MMAA,0.62602377
MOCS1,0.6260158
SCARA3,0.6259594
RINL,0.6259593
SH3PXD2A,0.6259374
RNGTT,0.6259263
CYP2J2,0.6258369
RSF1,0.6258272
SGPP1,0.62576205
SARNP,0.62565523
PRX,0.6256299
TBX19,0.6256194
RSL1D1,0.6256191
TMEM67,0.62553066
SLC9A3R1,0.6254979
SNAP23,0.62546104
SBF2,0.62544024
VARS2,0.62540364
RNF123,0.62532717
TACC1,0.62527645
ULK3,0.6252202
SMURF2,0.6251755
SORL1,0.6251146
RPL38,0.62510335
SLC7A5,0.6250026
REXO1,0.62493974
TAOK3,0.62491566
SKP1,0.62489986
RPS19,0.6248989
SEH1L,0.6248659
RPGRIP1L,0.6248356
RIOK1,0.6248315
SGMS1,0.62479913
SBF1,0.62479335
RNF168,0.6246437
RPS18,0.62459546
RNF25,0.62454367
THOC6,0.6245235
RPS4X,0.6244763
SNRNP48,0.6244045
RING1,0.6243509
SELPLG,0.6243102
SEC24C,0.6242807
SEC63,0.62424326
SPTLC2,0.6242054
SERPINF1,0.62408257
PLXNC1,0.6240309
SMPD4,0.62398803
SP100,0.6239781
RPS5,0.62387305
PRPF18,0.6238356
RPS27A,0.62380254
SKAP1,0.62378335
SCMH1,0.6237239
SLC27A5,0.6234839
STK4,0.6234145
SPAG16,0.62340367
RUSC2,0.6233459
RSL24D1,0.6233247
SCD,0.6232889
SNAP29,0.6232695
SMURF1,0.62310046
SCAP,0.62302065
RNF40,0.6228824
DES,0.6228132
SAMD8,0.6227434
TIMP3,0.62271494
TBC1D23,0.62267506
UBE3D,0.6226478
SERINC3,0.6226345
PILRA,0.6225201
SLC25A24,0.62248725
SLC16A3,0.6224209
SEMA5A,0.6223833
RRN3,0.62234133
SMAD7,0.62228656
SRGAP1,0.62227446
SERGEF,0.6221657
PPP2R3A,0.6221276
SAE1,0.6221102
OPRL1,0.6221075
TBC1D25,0.62208915
RPS3A,0.6220845
SLK,0.6219134
PRPF31,0.6218993
RIPK1,0.62189424
SART3,0.62175757
RND3,0.62171876
RCE1,0.6217019
DISP2,0.6216722
SEC22A,0.62163854
STRIP2,0.62161434
RNF114,0.62153214
SKAP2,0.62136704
RAI2,0.6213342
SPTBN1,0.6213035
RTN4,0.6212961
SETX,0.6211987
SIRT6,0.6211554
RPS12,0.6210543
RBMX2,0.6210321
SDSL,0.62102574
SRF,0.62101537
STAM2,0.62100387
SSH3,0.6209961
TSEN54,0.62096804
RGS14,0.6209403
TMEM63A,0.62092847
SLC39A1,0.62092525
RELL2,0.62091506
STK38L,0.62090456
SIL1,0.62088495
RUVBL1,0.6208825
SMC4,0.6208788
RHOU,0.6208699
RASSF8,0.62085503
SNIP1,0.62080455
SH3PXD2B,0.62077427
REPS2,0.6207567
SGPL1,0.6207368
RRP12,0.62072796
SPATA5,0.6206983
CYP3A5,0.62066096
SDAD1,0.62058955
STARD3,0.6205193
PCDHB10,0.620518
RTCA,0.62047535
STX12,0.620472
PDZD11,0.6204392
SEC22C,0.62043095
SNRPC,0.62040585
SPNS1,0.6203916
SH3GLB2,0.6202465
SFI1,0.6202226
POGLUT1,0.620216
PEX10,0.6201833
SMAD1,0.62016636
NR5A2,0.62012404
RPP38,0.62003726
GBP5,0.62001354
RNF125,0.61994714
SNX5,0.61982644
SDCBP,0.6197814
REXO4,0.61972034
FBXL22,0.6196854
NDUFAF1,0.61949646
SLC30A6,0.61947197
RRP9,0.6194692
SIN3A,0.61943525
ZNF383,0.619405
RHOT1,0.61935884
ZFP82,0.6190422
SCP2,0.6190173
SPTLC1,0.6189951
SP3,0.618984
NRL,0.61896795
SLC39A7,0.61895025
SIK3,0.61892843
CEL,0.61890996
RNMT,0.6188889
SNRNP200,0.6188821
SLC11A2,0.61886317
GIPR,0.61884284
SUGP1,0.61881655
SCAMP2,0.6186805
RCAN3,0.6186593
SEMA7A,0.61865836
SENP6,0.61862487
SORBS3,0.61861694
SRD5A1,0.6185989
KTI12,0.61856395
RBPMS2,0.6185462
ROCK1,0.61848676
SREBF2,0.6184285
SEC14L1,0.6182964
UBL7,0.6182771
GGT5,0.6182669
CYTH4,0.6181398
SPHK2,0.6181084
SMAD6,0.61810327
RHOB,0.61807925
TOMM40,0.61804396
SNRPB2,0.6179979
RXRB,0.61792487
SIKE1,0.61790055
SPTBN2,0.6178916
SH3D19,0.6178738
SECISBP2,0.61784697
SERP1,0.6178272
SSBP2,0.617795
S100A6,0.6177835
PORCN,0.6177295
SRSF9,0.617709
MED11,0.61767596
TCP1,0.61767006
RALGAPA2,0.6176255
SLC26A6,0.61762166
SOAT1,0.6176192
SLC2A1,0.6175934
SP1,0.617591
RIOK3,0.61754614
SLC25A13,0.6175291
RUVBL2,0.6175213
SENP3,0.61751777
SEC23IP,0.6173737
SYNGR1,0.6173057
ST3GAL6,0.617305
SLC9A3R2,0.6170934
SLC19A1,0.617054
SPDYA,0.6170157
SREK1,0.6167715
SEMA3F,0.6167284
RASGRP3,0.6166783
RMDN2,0.6166608
SNRPD2,0.61663043
SCD5,0.6166162
SEC23A,0.61661255
SAP18,0.61656815
SCAF1,0.6165476
SPAST,0.6165028
PNPLA7,0.6165006
SNRPB,0.61647147
SCNM1,0.6164524
RHOQ,0.6163862
TAPBP,0.61637336
SFSWAP,0.6163407
NKD1,0.6163318
GAB3,0.616272
RPIA,0.6162028
PSTK,0.6162021
SCUBE2,0.61619616
SMCHD1,0.6161201
SEMA6B,0.61603963
PLK3,0.615968
ZNF614,0.6159669
SUPT20H,0.6159596
ZNF354A,0.615939
S100A11,0.61592305
SLC3A2,0.6159155
PPIL4,0.6158989
THBS2,0.6158355
SPTAN1,0.615822
RPUSD4,0.6157237
RRP8,0.61571586
TAMM41,0.6156996
STXBP3,0.6156189
TBC1D13,0.6156031
SPPL2A,0.6155105
SH2B1,0.61546683
SHISA5,0.61543936
RPL26L1,0.6153553
SAFB2,0.6152343
SPAG9,0.6151367
SLC7A11,0.61513436
RHBDF2,0.61513036
PTGS1,0.6151055
DHDH,0.61508435
SORD,0.61506784
SRGAP2,0.61503726
SF3A3,0.61496305
SMARCC1,0.61493903
SOCS5,0.6149299
RNF14,0.61492467
SLC9A1,0.61484164
SEPHS1,0.6146204
SEC11A,0.61460495
SNRPD1,0.6145175
RAP2C,0.61448056
SCAMP1,0.6142711
RPS7,0.61421525
TRIM32,0.6141814
STX7,0.6141271
RNASEL,0.614053
SMC6,0.6140202
TGFBRAP1,0.6139652
SKA2,0.61395127
SDC1,0.6138507
SRP9,0.6138444
STARD13,0.6138338
SMARCA5,0.6137828
SLC1A3,0.6136631
SEC13,0.6136304
SEPSECS,0.61347204
TBPL1,0.6134232
SLC25A28,0.6133431
SARM1,0.6133252
TDRKH,0.61331433
TBCEL,0.6133094
SNTB2,0.61325157
LHX6,0.6131826
RSRC1,0.61315256
RNF111,0.6131457
SNX2,0.61313903
TMEM132A,0.613131
PLCD4,0.6130991
SLC44A2,0.6130951
SRRM1,0.6129556
SF3B4,0.61295503
SPRY4,0.6128758
SRR,0.6127676
SKA3,0.61272794
SPG21,0.61256015
SEMA6A,0.61247945
IL17RB,0.61235493
SDC2,0.6123108
TMOD2,0.6122665
PBLD,0.6122099
PSMA2,0.6121132
TMOD1,0.6120862
SLC35B1,0.61194915
STK25,0.61190623
GNLY,0.6118966
SEC24A,0.61187243
SRSF5,0.61179745
TAF5,0.6117572
SMAP1,0.6117282
TBCB,0.6116984
OPLAH,0.6115623
TIMMDC1,0.61155444
SIK2,0.61150014
RUSC1,0.6114626
SUMO3,0.6113814
TIAM1,0.61130124
SORT1,0.6112095
EIF4E3,0.61118674
SKIL,0.6111719
SNAP47,0.6111433
STRIP1,0.611113
HSD11B1L,0.6110857
STX4,0.6110283
RNF128,0.61098796
SV2A,0.61096233
SNX6,0.6109116
TOX4,0.61087006
SULF1,0.6107182
STAG3,0.61069864
TPMT,0.61068475
RPS6KA5,0.61065394
THOC5,0.61064243
SNTA1,0.61062807
SLC2A3,0.61062443
SENP5,0.61060435
SPPL3,0.61059797
SERINC5,0.6105591
SMDT1,0.6104648
SLAIN2,0.6104376
MPP1,0.6104331
SHC1,0.61042523
SERPINH1,0.6104155
RIN1,0.61037105
RAC3,0.61034733
PCDHGA6,0.6103369
TMEM11,0.6103174
TMED3,0.6102565
STXBP4,0.61023325
TAZ,0.61020446
SRPK2,0.61018586
SYTL4,0.6101276
RPP25L,0.61010635
SNRPA,0.6099838
SMC5,0.6098446
SPTSSA,0.60974157
SRSF4,0.60967594
THEM4,0.6096254
ZNF71,0.6095609
TFAP4,0.60955596
RRP1,0.60955226
SSH1,0.6095491
ST3GAL3,0.6095346
SMUG1,0.60951257
RTCB,0.60949284
TIAL1,0.60947955
MSR1,0.60944366
SSBP1,0.6094039
SH2B2,0.6093954
SRM,0.6092546
TOP2B,0.60922456
SKA1,0.609207
RGCC,0.60919404
ST8SIA1,0.6091601
TOR1B,0.6091559
SPIRE1,0.6091029
GSDMB,0.6091018
TTK,0.60901386
SURF1,0.6089874
SPR,0.608953
SNAPC4,0.60887927
SCNN1D,0.60877645
SNX13,0.6086631
TAF6,0.6086577
RNASEH1,0.60862297
SYTL2,0.6086065
SLC1A1,0.6084933
ST13,0.60847193
SLC1A5,0.6084606
RPP30,0.6084499
SSH2,0.6084353
NDST2,0.60841405
SMU1,0.60836697
TBC1D1,0.6083376
SHPRH,0.6082442
ST6GALNAC4,0.60822123
SRI,0.6081132
RHOBTB2,0.6080836
TCTN3,0.6080056
TBC1D15,0.6079883
SLC25A5,0.6079607
TCERG1,0.6078661
SNW1,0.6078653
STK3,0.6077279
SYNJ2,0.6077216
TNKS2,0.6076849
TRIM11,0.60768044
SEMA4C,0.6076607
TAB3,0.6076379
SLC25A22,0.6076295
SLC35E3,0.6076212
TBK1,0.60748863
TIFA,0.6074769
SLC7A7,0.6074222
SF3A1,0.6074173
ST3GAL4,0.60734284
SYT11,0.607277
TRIM25,0.6072669
SRCAP,0.6070755
GPER1,0.60702515
SNCA,0.6069822
FDXACB1,0.60697913
SMG7,0.60696095
TGIF1,0.6069466
SEC61A1,0.6069306
TIMP2,0.6068231
USP43,0.6068101
SUV39H2,0.60678375
SPSB1,0.6067067
LRP2BP,0.6066277
STXBP2,0.606602
TSFM,0.60659784
SPG11,0.6065926
SSR4,0.6065736
TFDP1,0.60652715
SH3GLB1,0.6063709
SPCS3,0.6063701
SPATA13,0.6063239
SGK3,0.6062543
TIMM17A,0.60623676
STK38,0.6061959
STAU1,0.60608214
TRNAU1AP,0.60602504
SRSF10,0.6060036
TMC6,0.60597503
SART1,0.60597295
TAOK2,0.6058688
SMG5,0.6058587
LRRC6,0.6057553
SPIN1,0.6057384
SLC25A17,0.60570943
TAF8,0.60567445
SLC25A3,0.6056653
SOD1,0.6056556
SNX18,0.6056349
STK24,0.60550964
TIMM17B,0.6054413
RGL2,0.60540026
SIAH1,0.6053678
PANX2,0.60534334
RAB42,0.6052497
THOC1,0.6052466
SOS2,0.6051451
TNKS1BP1,0.60510117
SNAPC5,0.60505515
SLC35B2,0.60501665
SOX4,0.60495704
TIMM8A,0.60493815
TDP2,0.6049126
SRRM2,0.60488415
PIWIL4,0.6048787
SMARCAL1,0.60484576
SSBP3,0.60476035
SUN1,0.60474575
SUOX,0.604683
SNRNP70,0.604672
TBC1D32,0.6046704
PLEKHG6,0.6046231
SLC44A1,0.60454994
RRP36,0.6044859
SOCS6,0.604442
TAF1D,0.60443217
TBC1D10B,0.60442185
PEX12,0.6043606
SNAPC3,0.604272
SNX33,0.60408515
STOM,0.603962
SURF4,0.6039331
TIMELESS,0.60388345
SF3B5,0.6038777
SIRT3,0.6038639
SRSF11,0.60368323
ZNF774,0.60367584
SMS,0.6035386
SSR1,0.6033752
PER2,0.60334903
TIMM23,0.60332173
TUBD1,0.6033215
RWDD3,0.6033195
WDR36,0.60315573
TK1,0.60314786
PTH1R,0.6031383
SQLE,0.60308063
SEMA5B,0.6030308
SNX8,0.6029415
TCIRG1,0.60292536
TAOK1,0.6029142
SRP68,0.602905
TUBGCP5,0.6028882
SH3KBP1,0.6028071
TEAD4,0.6027781
UPP1,0.6026821
TRPC6,0.60258484
TBC1D8B,0.6024765
SSBP4,0.60241324
SMOX,0.60241324
TBXAS1,0.6021754
SRP14,0.6021321
STRN3,0.6021313
TBCD,0.6020585
TRMU,0.6019048
SPDL1,0.60181427
ZNF335,0.6017125
TEAD1,0.60169154
SRSF1,0.6016568
WDR3,0.60155946
SNX17,0.6015161
TADA3,0.6013728
TCF7,0.6013656
STON2,0.6011922
TADA2A,0.6011274
SORBS1,0.60110915
VAMP3,0.6010325
SPINT1,0.60101634
SNRPA1,0.6008782
TAF4B,0.60084313
TTC37,0.6008284
TARDBP,0.6007749
SPIDR,0.6007103
SPN,0.60057634
STX17,0.6005265
SUGT1,0.60045826
SLC27A1,0.6004547
ST3GAL2,0.6003417
RNF144A,0.6002722
TEAD2,0.60022724
THADA,0.60009366
STRN4,0.60009176
TRAPPC4,0.59998184
RTKN,0.5999601
TPGS2,0.59994113
TNK2,0.5999365
THOP1,0.5998713
SNX4,0.59984714
ST3GAL1,0.5998272
SLC25A38,0.5998171
TARS2,0.59980494
RDH10,0.59977853
TPD52L1,0.5997415
TFCP2,0.5997312
TAF11,0.5996798
NGFR,0.599671
SNRPD3,0.5996489
SUPT7L,0.599597
SLAMF1,0.5995948
STARD10,0.5995737
TMEM115,0.59953505
UBE2F,0.5994969
TNXB,0.5993416
TRAPPC12,0.599265
TRIM44,0.5990487
STK36,0.5990215
RAP2B,0.5990142
SUMF1,0.59883094
TIMM21,0.5988128
TBC1D5,0.5988085
TICRR,0.59878516
TACC3,0.5987611
SRPK1,0.59872466
STIM2,0.59869397
SSR3,0.5985108
SHROOM3,0.5984954
TRIT1,0.5984723
TAF2,0.5983874
SRGN,0.59836245
SYNRG,0.5983253
TAF3,0.59822166
STIP1,0.5982106
TBL3,0.59810144
TM2D1,0.5980899
STIM1,0.5980831
THRA,0.59800017
UCK2,0.59799105
TYSND1,0.59795994
SNRNP40,0.5978942
UBAP1,0.59788513
SEMA4B,0.5978848
UBA5,0.59786016
TNFAIP8,0.5977827
SPIRE2,0.5977766
TANK,0.5976729
SLC25A26,0.5975693
SAT1,0.59751546
TRAK1,0.59749275
SNF8,0.59746134
TUFM,0.5974038
ST6GAL1,0.597394
TMED4,0.59737736
RRM1,0.59736127
TALDO1,0.5970851
PSENEN,0.5969808
TOR4A,0.5969485
VPS18,0.5969443
STX5,0.59689504
SHARPIN,0.5968693
TPCN2,0.5968129
TGFBI,0.59667253
TSR1,0.59661955
TCEAL1,0.5966155
TERF2IP,0.59661514
TPX2,0.5966151
SMYD4,0.59659594
TMED2,0.5965901
SOS1,0.596463
STX6,0.59639066
UQCC2,0.59633255
TNFRSF10A,0.5963007
SEC61B,0.5962447
STRAP,0.59612757
TMBIM6,0.59607226
TBL1X,0.5960722
TERF2,0.59601843
SSU72,0.5958626
TPRN,0.59576243
UBQLN4,0.5957452
TMED1,0.5955813
TFAM,0.5955335
TNFRSF1A,0.59551144
SPAG5,0.59546745
SERPINB9,0.59546256
STAMBP,0.5953549
TAF5L,0.5953148
RPL21,0.5952388
UCHL5,0.5951436
TOMM7,0.5950961
TYW3,0.595001
STT3B,0.59499997
STK39,0.59498584
TNS3,0.5949801
TANC1,0.5949607
RTN4R,0.59494907
TROAP,0.5949403
SNRPE,0.59485775
TTF1,0.59481645
SEC31B,0.5947909
TNRC6A,0.59477216
TSPAN33,0.5947201
TNFRSF10B,0.59455436
ZNF460,0.59446645
UBE4B,0.59438306
TRIM23,0.5943829
SPOPL,0.5943512
SNX3,0.5942633
TPK1,0.59425634
SMC2,0.59418947
TUBGCP6,0.5941603
SENP8,0.59414697
SUPT3H,0.5941316
TTC12,0.594102
SMPDL3A,0.59401
TMED7,0.5939221
STARD4,0.5938961
SUPT6H,0.5938952
TNFRSF12A,0.59385103
SUCLG1,0.59384346
SUPT16H,0.59382844
PYCARD,0.59368217
RIPK2,0.5936192
TGM2,0.59356844
SYNE2,0.5935316
SWI5,0.59334636
TPI1,0.59323937
ZNF251,0.59321356
SMYD5,0.5931087
UBA2,0.593103
TDRD3,0.59307015
SLC4A2,0.5930197
STEAP3,0.5929689
UBAC2,0.5929455
TNRC6B,0.5928995
PPFIA4,0.59277207
TES,0.5927693
UBE2J1,0.59270614
HEY2,0.59268326
TEX10,0.5925762
TAF4,0.59255326
UBAC1,0.592519
STUB1,0.5925026
SUPT5H,0.59250116
SYNCRIP,0.5923892
SIPA1,0.5923618
TRIP12,0.59226775
TLN2,0.5922337
SOCS7,0.5922014
TXNRD2,0.5921413
TRAIP,0.59206605
TEFM,0.5920595
SMARCAD1,0.59204996
SGCB,0.5920472
SPTBN4,0.592044
TAF1C,0.59199905
ZNF101,0.5919771
TRIP10,0.5919527
IL18R1,0.5917726
IL17RE,0.5916738
TMSB4X,0.5916149
SYDE2,0.591455
WDR43,0.5914157
TRAPPC8,0.5913455
TBC1D4,0.59134287
UGP2,0.5913383
TIPIN,0.5913254
SSX2IP,0.5912048
THOC2,0.5911971
TEX264,0.5911888
TRIM35,0.59118336
TGM1,0.59116024
TFDP2,0.5911541
STK35,0.59111553
STX16,0.5910555
TRIP4,0.5910455
USP19,0.59103
ROBO3,0.59094805
SRSF6,0.5908463
TSPAN14,0.5908447
TBC1D14,0.59076613
TJP1,0.5907289
TBC1D2,0.59071994
STT3A,0.59071636
ZNF664,0.5906777
STX18,0.59062445
SLC15A4,0.59061265
VPS8,0.5904771
TRMT11,0.59043854
SRRT,0.59031063
SLC35D1,0.590188
TNFSF12,0.5900483
SUMF2,0.5900469
TSC22D3,0.5899001
TRAP1,0.58987546
ZKSCAN3,0.58979523
TMEM187,0.5897731
SKIV2L,0.58976126
SIVA1,0.5897238
TSN,0.5896878
USP25,0.5896355
SNRNP27,0.58961594
SAT2,0.589574
TOP3B,0.58956426
STOML2,0.58949584
TLN1,0.58947045
SVIP,0.58944446
TBC1D20,0.58943963
TKT,0.5893593
TBC1D24,0.58930457
TRAPPC5,0.589286
STX10,0.58923745
TNPO3,0.58923316
STC2,0.5888066
VAC14,0.58871365
SPCS2,0.5886976
TAF7,0.58860046
SNAPC2,0.5885572
WBP4,0.5885458
TULP4,0.58850867
TMPO,0.5884822
SLAMF7,0.5883692
GIMAP8,0.5883214
SWAP70,0.58813655
SYMPK,0.58805454
TOM1,0.58797824
TMEM126B,0.5879356
CTHRC1,0.58782345
TRIM6,0.58780104
TDP1,0.58779436
TTI1,0.5877193
TRPM7,0.5877081
SLC5A6,0.58769846
TTF2,0.5876209
RAG1,0.5875527
TBKBP1,0.58752483
VPS54,0.58751166
TOR1A,0.58750516
FPR1,0.58747673
TATDN2,0.5874547
UBE2M,0.5873665
SGSM3,0.58723843
TICAM1,0.5872368
TOP3A,0.5872216
UBR1,0.58718747
TMOD3,0.5871157
TAX1BP1,0.58704376
TCTN1,0.58700055
TRAFD1,0.5869904
TRIM37,0.5869764
SUMO1,0.5869002
SEC23B,0.58687615
TNPO2,0.5867737
TOR1AIP2,0.586675
TOB2,0.5866281
TNFRSF1B,0.58660406
SLC12A2,0.58655816
TRAF3IP2,0.5865472
HOPX,0.58635813
TMEM97,0.5863327
SYNE3,0.5863075
SNRNP35,0.5862896
STARD8,0.5861632
TRPS1,0.5861538
TRIM22,0.58611315
USP7,0.5861051
SPSB3,0.586003
TRIM28,0.5859583
THY1,0.5859263
TRIO,0.58578414
PELI3,0.58571035
TAB1,0.5856792
TNKS,0.58564556
ZNF430,0.5856103
SYVN1,0.58559567
TP53INP1,0.58552986
SRA1,0.5855149
TAGLN,0.5854149
WDR4,0.58529246
ZNF394,0.58529186
UGCG,0.58526844
VPS37C,0.5849306
SPSB2,0.5849077
TUBA4A,0.5848755
WNT5A,0.58481604
SRSF7,0.5847946
TRIP6,0.58472705
WDR83,0.5847119
URM1,0.58464754
TFIP11,0.5846075
SETMAR,0.58453786
TXNRD1,0.58453465
TRAF3IP1,0.5844808
SYF2,0.5843757
SLC25A14,0.5843383
SSB,0.5842298
TYW1,0.58414674
WBP1,0.58413804
TPRKB,0.583986
THAP4,0.58397126
TUBA1B,0.58378077
TRA2B,0.5837063
TRIM46,0.58368903
TAF12,0.58355355
SIRT5,0.58346075
UBR4,0.58339244
TRAPPC9,0.5833907
USP35,0.58337015
TPST1,0.5833143
TRPC4AP,0.58326304
TUBB,0.5829583
TCF7L1,0.5829234
VPS25,0.5828805
SLC27A4,0.58286273
ZNF480,0.5827949
CCR1,0.5827081
TRA2A,0.5827059
TRAPPC2L,0.582684
USP45,0.5826263
TRAPPC10,0.58257914
UBE3A,0.5825526
TECPR1,0.5825477
THAP1,0.58249617
UBE2E2,0.5823694
STARD3NL,0.5821421
ZNF136,0.58211637
VAV3,0.5820361
USO1,0.5819334
TRAPPC3,0.5819029
TRADD,0.5818609
ZNF451,0.5818297
TGIF2,0.5818036
TRIM56,0.58179784
UROD,0.58169943
ZDHHC8,0.58169526
XPO7,0.5814848
TUBB2A,0.58146876
USP9X,0.5813565
TFB1M,0.5813403
UBAP2L,0.58120424
TMC8,0.58120036
UNC45A,0.5811552
SH2D3A,0.58111054
WDR55,0.581099
TMEM70,0.5810653
PTGER4,0.5810177
TMEM258,0.58094203
TIPRL,0.5807786
YBX3,0.5807134
TOMM20,0.58069634
TSNARE1,0.58062726
SMPD2,0.58057696
SEPHS2,0.58053404
VCPIP1,0.58053195
UAP1,0.5805041
VAMP4,0.58045995
ZNF641,0.58045715
TPT1,0.5804437
TST,0.5803651
TRPC4,0.5802766
TTYH3,0.58025366
TAF1B,0.58021665
TOLLIP,0.5801079
ZNF221,0.5800981
PTPN22,0.58009315
SLC18A2,0.5800668
MYLK4,0.57999754
TWF2,0.5799501
UBA6,0.5798618
ZNF623,0.57973194
ZFYVE16,0.57967824
TPM1,0.5796689
SLU7,0.57962215
UST,0.5795616
TGS1,0.5795411
XPR1,0.57945603
VEGFB,0.579445
UQCC1,0.5794208
TBC1D16,0.5794028
UCKL1,0.5792727
WDR37,0.5792667
UBE2D3,0.57915026
ZNF721,0.5791446
UBE2G1,0.57904977
UPRT,0.5789468
TUBGCP2,0.57891613
USP15,0.5789148
ZNF589,0.57889247
TUBB4B,0.5788239
USP39,0.578788
TNIP2,0.57873434
TNFRSF21,0.57869905
VTI1B,0.57869405
WDR59,0.5786734
SPARCL1,0.5786369
TTBK2,0.5786323
VPS26A,0.5785458
TNPO1,0.578506
TRIM26,0.57823384
UTP18,0.57818556
WLS,0.5781434
TPCN1,0.5781372
INHBB,0.5781136
TMEM107,0.57791364
SRPRB,0.57791054
TELO2,0.57790357
WDR11,0.57788837
TIMM13,0.5778416
SPTLC3,0.5777415
TBC1D17,0.5777213
IL1R2,0.5777151
THUMPD1,0.57769424
TINF2,0.57762957
TOB1,0.57759917
ZSCAN32,0.57755816
TEAD3,0.57735914
WDR5,0.57735264
ZNF600,0.57725114
YTHDC1,0.5771996
TESK1,0.5771961
TADA1,0.57717866
TTC5,0.5769807
TRERF1,0.5769715
UBC,0.5768203
TPD52,0.5767874
TXNIP,0.57676566
TRIM3,0.5765883
ZNF160,0.57658714
TDRD7,0.5765778
SCIN,0.57657146
UBE2H,0.57652944
USP10,0.5764922
WRNIP1,0.57642126
UIMC1,0.5764084
TECR,0.5763887
TRPC1,0.5763119
UBE2E3,0.57625324
TGOLN2,0.57614183
UVSSA,0.5760636
UBE2Q2,0.5760335
TRAF4,0.57598996
TCEA2,0.57596165
TMED10,0.5758742
ZNF175,0.5758427
VPS52,0.5757375
UBE2G2,0.57558423
TNFSF13B,0.5755607
UNC5B,0.5754663
SYT7,0.5754312
TRUB2,0.5753893
TXN,0.5751151
WASF1,0.5751107
SUPT4H1,0.5750708
SRP19,0.57505906
UFL1,0.5750474
PEX11G,0.5750122
TMEM179B,0.5749432
VPS4A,0.57490194
TNFRSF10D,0.57483053
TARBP2,0.57477164
UBA52,0.5747004
ZNF283,0.57467234
SYNGR2,0.5746157
VGLL3,0.57461137
UBE3C,0.5744875
TCTN2,0.57447255
ZNF302,0.5744433
TRIM2,0.5744063
USP28,0.57436407
VPS28,0.5741384
SMAD9,0.5740985
WBP11,0.57407135
TIAM2,0.5740696
TERF1,0.5739303
TLR6,0.57376295
TM7SF2,0.5737007
SLC35A1,0.5736869
TTC27,0.5736308
TTLL12,0.5734697
TUBA1A,0.57346076
UBE2S,0.5733286
ZNF770,0.5733276
SIAH2,0.5733236
UBE2R2,0.5731373
TRAPPC6B,0.57303256
SPAG7,0.57301676
TUBB6,0.5729852
TNIK,0.57286626
UQCRQ,0.57253003
TXN2,0.57248336
SPATA2L,0.5724771
USP22,0.57229
UPF3A,0.5722602
U2SURP,0.57224756
USP20,0.57215554
TIA1,0.57214993
S1PR4,0.5721384
SYCE2,0.57210827
UBXN7,0.5720749
SMG8,0.5719799
SPAG4,0.5719282
VKORC1L1,0.57191867
ZNF140,0.5719124
USP48,0.5718476
SLC2A8,0.5718467
ZNFX1,0.571842
SARS2,0.5718047
UGGT1,0.57160217
VPS37A,0.57154995
TTC21B,0.57148075
YWHAH,0.5714679
ZNF429,0.57134575
TTC7B,0.5711569
TXNL4B,0.57106876
USP33,0.571056
RILP,0.5708426
THAP7,0.57068306
ZNF274,0.5706669
TSPAN5,0.5706514
TRMT6,0.5706248
NT5E,0.5705718
SEMA4A,0.5705632
TEP1,0.57052916
RASD2,0.5705228
WRAP53,0.57050055
VPS51,0.5704474
WDFY2,0.5703088
UBE3B,0.5702625
USP47,0.5701314
TBCC,0.5700698
TUBGCP3,0.5700177
XPO5,0.5699378
TRIOBP,0.5699177
USP37,0.56990165
WSB1,0.56963336
UBE2C,0.56954336
ZNF764,0.5693605
SHPK,0.5692688
UHRF2,0.5692372
UNC13B,0.5691259
XRN1,0.56903297
TLR7,0.5690049
XPOT,0.5690046
ZNF254,0.5688463
USP5,0.56879014
WDR33,0.5685593
TMED5,0.5685339
VMA21,0.5684793
TRIM69,0.56847596
TP53RK,0.56841946
STAP2,0.5683666
TRMT5,0.5683658
ULK2,0.5683083
TXNL1,0.568296
UNC119,0.5682887
UBE2E1,0.5682467
UBA3,0.56808954
PCDHB3,0.5678853
SPATA2,0.5677801
SLC39A4,0.56773627
UNC119B,0.5677135
UNK,0.56770504
ZBTB8OS,0.5676604
ZC3HC1,0.567625
TUBA1C,0.56761473
YIPF2,0.5675056
ITGB3,0.56750095
TJP2,0.56727475
TRUB1,0.5672598
USP4,0.5671755
STX8,0.567144
ZNF200,0.5670519
YOD1,0.5670093
RENBP,0.5669005
UBQLN1,0.5668687
TMEM214,0.5668572
ZNF674,0.5667745
ZFYVE26,0.5666303
ZNF684,0.5666242
WSB2,0.5665929
ZNF638,0.5665815
TUBB3,0.56656575
TSPYL2,0.56656265
WDR18,0.56654024
VAMP2,0.56646085
ZBTB7B,0.5664012
UBXN6,0.5663264
TMEM50A,0.56616485
WDR75,0.5661298
VAMP1,0.56601465
SYNJ1,0.56598717
WDR46,0.5659641
SPRY2,0.5659333
TBC1D10A,0.5657876
UBQLN2,0.56573457
TXLNA,0.56565434
WASL,0.5655832
WDR6,0.56557673
TRIM62,0.56550586
TM2D2,0.5654565
TBC1D10C,0.5654453
U2AF1L4,0.5654104
TRMT1,0.5653976
STX2,0.56529737
UBE2V2,0.5651611
ZNF124,0.5651607
THAP11,0.56515324
SYDE1,0.5650443
UBE2L6,0.56490856
YARS2,0.5647351
XRCC4,0.5647235
ZNF701,0.56458086
ZSWIM7,0.56434387
ZRANB3,0.5642161
USP34,0.5641956
TSG101,0.56409925
WWC1,0.56407154
SNTB1,0.5640621
UNG,0.5640347
ZKSCAN1,0.56379277
TOPORS,0.5637641
ZFC3H1,0.56362236
WAC,0.5635954
UBE2Z,0.5635708
WDR70,0.56332105
ZNF41,0.563201
UQCRC1,0.56315356
PEX11A,0.5631144
USP32,0.56306154
WBP2,0.56305987
WDR35,0.5630032
VPS53,0.5629725
ZNF778,0.56291544
ZNF300,0.56285423
TP73,0.5627592
UNC13D,0.56268066
S100A3,0.56265396
SIRT2,0.5626404
SEZ6L2,0.56245786
UQCRC2,0.5623382
YBX1,0.5622866
WIPF2,0.56227195
TOMM34,0.5621242
PTGER2,0.56209344
TRO,0.5620837
ZMAT2,0.5620109
TUBG1,0.56194365
UBXN4,0.5617888
UBE2J2,0.56177706
UCK1,0.56173694
ZNF577,0.5616844
XPO6,0.5615181
TAF1A,0.56147176
XAB2,0.5613612
USP6NL,0.5613412
ZMAT3,0.5612596
ZNF493,0.5611741
WDR81,0.56114787
TMED9,0.5611264
ZNF212,0.5610932
TSEN2,0.5610823
UCP2,0.56097674
ZNF18,0.5606924
MAOB,0.56042445
VAPA,0.5604054
ZW10,0.5603678
ZNF567,0.5602312
UFM1,0.5600533
RNF113A,0.5598303
TSPAN12,0.5594504
WDR48,0.55929226
ZNF282,0.55924785
TRAM1,0.55922705
WASF2,0.55921185
UBE2D4,0.5591346
ZNF143,0.5588042
SLC7A8,0.55879915
WDR77,0.55875
ZNF100,0.5586178
ZYG11B,0.5585379
WDR1,0.5584898
VPS41,0.55827504
XRN2,0.5582603
VAPB,0.5582427
WDR45,0.55815583
SLC44A4,0.5581236
WNK1,0.55805707
UBIAD1,0.55797714
TLR3,0.55790275
ZDHHC7,0.55789584
TIMM44,0.55787265
UBXN1,0.5575724
TUBGCP4,0.5574513
SPI1,0.55743444
WNT5B,0.55741525
USP12,0.5573915
TRPV2,0.55737495
ZNF530,0.55733496
USP14,0.55733085
WIPI2,0.5572396
UBE2K,0.55720496
WDHD1,0.55690855
ULK1,0.5567282
USP3,0.5563938
TDG,0.5563816
VPS11,0.55614287
UHMK1,0.55612826
SPICE1,0.55612093
UVRAG,0.5560995
XRCC5,0.5560436
TFB2M,0.5559913
TOMM40L,0.55571234
ZNF182,0.55546075
TRAPPC6A,0.55535626
ZNF33A,0.55532616
ZFPM1,0.5552458
VCL,0.5549926
UBE2B,0.55478185
ZNF620,0.5542336
ZNF510,0.5541734
TCN2,0.5541675
ZDHHC9,0.55410606
YEATS4,0.5540567
VMP1,0.55405563
UBE2Q1,0.5539648
GCNT4,0.5539519
UBE2W,0.5539227
ZCCHC7,0.55375385
ZC3H13,0.55369073
ZNF207,0.5536142
VIM,0.5535752
UBE2T,0.5535213
TRAPPC11,0.55350053
ZNF670,0.5531583
TP53BP2,0.5530715
ST14,0.5530209
UBA7,0.5529687
TAF6L,0.5527169
ZNF195,0.5526919
TAF9B,0.55264485
TRIM13,0.55257833
TUBG2,0.5523908
ZFAND6,0.5523749
UBE2O,0.5523443
STRADB,0.5521446
UBE2D1,0.55204856
YWHAZ,0.5518806
WDR61,0.55155987
ZMYND11,0.5514149
TRMT10C,0.55131406
UMPS,0.5512419
TSNAX,0.551212
SLC44A3,0.5512099
UBE2I,0.5511912
UBL4A,0.55104107
UGDH,0.5509696
SGPP2,0.55095434
ZMPSTE24,0.55086696
ZNF286A,0.55082124
ZNF44,0.5507849
UQCRH,0.55078363
SURF2,0.5507022
ZMIZ1,0.55067635
ZNF131,0.5506223
TBC1D7,0.55012214
UTRN,0.54992634
RPP40,0.5498986
USP49,0.5498107
USP46,0.5497649
UBFD1,0.5497117
VANGL2,0.5497049
ZNF112,0.5496891
ZNF248,0.5496407
TXNDC12,0.5495429
VDAC2,0.5495302
TRPV4,0.54951197
UBXN2A,0.5494823
ZNF107,0.5494311
ZKSCAN7,0.5494021
TACO1,0.5491584
TRIM14,0.5487909
ZNRF2,0.5486088
ZNF526,0.5485923
ZNF592,0.5485908
ZMYND8,0.5485613
UFC1,0.5485447
UQCR10,0.5485234
VRK1,0.5484917
ZNF76,0.5484568
ZNF462,0.54835594
TXNRD3,0.54816705
TRIM36,0.548106
RASGRF2,0.5480368
SFN,0.5479891
ZFP36,0.547866
UQCRB,0.5478639
VPS36,0.5477769
TSSC4,0.5477204
YTHDF1,0.5476355
VAT1,0.54749286
UPF3B,0.54741263
ZBTB33,0.5474093
TRIAP1,0.5473089
ZNF253,0.5472651
VGLL4,0.54709065
YWHAG,0.5470613
ZNF562,0.54698867
YIPF5,0.5469499
VDAC1,0.5468969
TAF13,0.5468747
ZMIZ2,0.5468694
ZYX,0.546547
VTA1,0.5465079
TMEM186,0.5461646
WDR41,0.5461484
UBE4A,0.5460948
ZNF586,0.5460744
VPS26B,0.5459479
ZNF398,0.5457452
WWP2,0.5455306
LILRB2,0.5453865
TTC26,0.5451967
ZNF808,0.5451607
YEATS2,0.5451113
WDR91,0.5446501
TM6SF1,0.5445554
YWHAQ,0.54454255
SARDH,0.5445112
VCP,0.5442062
UNC93B1,0.5441545
ZC3H15,0.54413116
ZNF555,0.54408425
ZIK1,0.54398274
USP21,0.54377764
SNAI1,0.5436629
WDR26,0.5435023
UQCRFS1,0.5434252
ZNF621,0.5430715
XPO4,0.54289764
TBP,0.54286706
TMEM147,0.54281986
PDE4C,0.54275143
TTC30A,0.5426939
USP24,0.5426568
UBLCP1,0.5425876
VAMP8,0.5425579
USP11,0.5423418
ZNF141,0.54218405
TFAP2E,0.54214555
ZNF266,0.54209936
VASP,0.54209244
UXS1,0.5420081
ZNF710,0.54194856
ZRANB1,0.54162145
UTP14C,0.5416008
TRMT61B,0.5412507
XYLT1,0.5409711
MS4A6A,0.5408805
SYTL1,0.5408573
SPON2,0.5408409
USP42,0.5406801
WDR62,0.54055256
ZNF496,0.5405186
USP16,0.54040474
MS4A4A,0.5403453
ZNF133,0.53945935
ZNF10,0.53942335
ZNF765,0.53941655
YTHDF2,0.53932136
RPP21,0.53860277
S1PR1,0.53847396
ZNF57,0.53845036
ZNF419,0.5382401
WEE1,0.53811944
YME1L1,0.5376058
ZNF3,0.5375363
SRD5A3,0.53752536
TXK,0.5374237
YRDC,0.53698015
SLC30A4,0.5367596
ZNF354C,0.53623927
TNFRSF11B,0.53623664
ZNF45,0.5362095
TWF1,0.5361527
WDFY3,0.5360672
TNFSF10,0.5359955
VPS39,0.5358876
ZDHHC17,0.53582126
ZNF337,0.53559566
YAF2,0.5355518
ZNF227,0.5355318
UROS,0.5355098
ZP3,0.5354996
ZNF180,0.5354943
UFSP2,0.5354415
ZNF426,0.5354402
ZKSCAN5,0.5353701
TRIM21,0.53526706
VIPAS39,0.5351139
UTP23,0.5350519
ZNF219,0.53486377
ZNF7,0.5346724
TMEM216,0.53435034
ZNF91,0.5342322
USF2,0.53415036
ZNF550,0.5340204
ZNF224,0.53401434
TSEN34,0.53327805
URB2,0.5332012
ZNF680,0.5330786
XYLB,0.53307813
YKT6,0.53303176
UBN1,0.53302443
ZNF528,0.5328648
ZNF440,0.53283954
ZDHHC2,0.53282845
VASN,0.5328076
ZNF766,0.5326194
ZNF431,0.53259355
ZFR,0.5325571
VCPKMT,0.5325307
ZNF34,0.53243774
TGFB1I1,0.5320659
ZWINT,0.5320437
ZNF92,0.5318469
ZNF250,0.5318281
UNC5C,0.5317447
ZER1,0.53154683
YWHAB,0.5314102
ZNF385A,0.53079456
WDR19,0.53043795
VPS37B,0.53042275
UTP6,0.53011423
VRK3,0.5299532
ZNF593,0.5296856
ZNF516,0.52967227
WDR82,0.52964
ZBTB17,0.5295853
VPS35,0.5294841
ZFPM2,0.5294716
UQCR11,0.52939135
ZNF2,0.52869594
ZNF783,0.52829474
ZNF543,0.5282393
VPS4B,0.528104
LAT,0.5280159
NLRP3,0.52778375
ZNF324B,0.52768576
XYLT2,0.52702373
SEMA6C,0.5267714
ZNF354B,0.526309
YIPF6,0.5259189
ZNF235,0.5256094
YIPF4,0.52520776
ZNF320,0.5249642
ZNF273,0.5247961
ZNF678,0.52473515
TP53I3,0.52429765
ZNF79,0.52423656
ZNHIT6,0.5239541
VCAN,0.52351004
ZNF708,0.5234501
ZFP90,0.5232744
LTF,0.5232002
ZFP30,0.5229667
ZC3HAV1,0.52275276
ZNF587,0.5226816
ZNF84,0.522306
ZCCHC4,0.5222447
ZNF780A,0.5222013
ZNF622,0.5220476
TFAP2C,0.52149105
ZNF544,0.5214185
ZNF211,0.52118903
ZNF692,0.52088654
SRPX2,0.5205395
ZNF711,0.5205093
ZNF529,0.5199337
ZNF420,0.5198439
ZNF691,0.5198113
ZNF445,0.5197091
WHAMM,0.5191455
TXLNG,0.5191379
ZNF326,0.5185531
ZNF189,0.5180773
WARS2,0.5178237
UTP20,0.51779616
TRIM38,0.51747537
ZNF256,0.51736224
ZNF500,0.51729995
ZKSCAN4,0.5169637
ZNHIT3,0.5168603
ZNF81,0.5161552
ZNF135,0.51604384
ZNF552,0.51506805
ZNF823,0.5150452
UBOX5,0.51443607
ZNF506,0.51341486
RUNDC3A,0.5133474
ZFYVE9,0.5131113
TRIM41,0.51302356
ZNF74,0.51254493
USHBP1,0.5116893
TXNDC16,0.5108396
SLC4A11,0.51034063
ZNF519,0.5099376
SERPINF2,0.50936735
RORC,0.50924695
ZNF605,0.50877464
ZNF26,0.5083475
ZNF768,0.50779086
ZNF155,0.5073097
ZFYVE27,0.50728685
ZNF12,0.50703704
ZNF43,0.5060997
ZNF611,0.5055103
TRAF6,0.5053181
ZNF197,0.505143
ZNHIT1,0.504843
RHOJ,0.50483704
ZNF687,0.5048272
OLR1,0.5047102
TADA2B,0.50458765
UAP1L1,0.50449103
UTP3,0.5039542
ZFP1,0.5038227
ZNF33B,0.5036611
ZWILCH,0.5032607
ZNF90,0.50318867
ZNF814,0.5031806
SLC22A17,0.5030329
ZNF791,0.5027561
VPS33A,0.5020981
ZNF714,0.50203985
MMP28,0.5008948
WNT2B,0.5001093
ZNF700,0.49939087
VLDLR,0.49905908
ZDHHC21,0.49884647
IZUMO4,0.49833223
WASF3,0.49676588
ZNF317,0.49527234
TNFRSF25,0.49515587
UCHL3,0.4943814
ZNF32,0.49360943
ZNF264,0.49300024
ZNF350,0.4925046
ZNF83,0.49212158
ZKSCAN8,0.49175566
YIF1A,0.49169618
ZNF780B,0.49141094
ZNF566,0.49136955
ZNF304,0.490362
WDTC1,0.4901719
ZNF461,0.48959607
ZFP14,0.48898432
PSD,0.48847288
ZNF284,0.48647875
ZNF318,0.4859517
ZNF347,0.48591357
ZNF517,0.48354265
ZNF202,0.48282394
SLC40A1,0.48270568
ZNF333,0.48151514
ZNF267,0.48095155
ZNF585B,0.47988388
MYH3,0.4789069
ZNF486,0.4774759
ZNF549,0.47744298
ZNF485,0.4761694
ZNF738,0.47490382
POSTN,0.4746307
TRIM68,0.47438774
RAB36,0.47380626
ZNF473,0.47347984
ZNF813,0.4721299
TRPM2,0.47181308
SGIP1,0.47075176
UTP14A,0.46882683
ZNF841,0.46838945
MAGEH1,0.46823865
ZNF561,0.46564713
ZNF573,0.46558207
YIPF1,0.46539444
ZNF607,0.46512812
ZNF548,0.46459353
ZNF836,0.46095833
ZNF776,0.4609415
ZNF699,0.46065882
ZNF234,0.46051952
ZNF546,0.4590914
ZNF14,0.45877725
RNASE1,0.4585718
STX11,0.45827413
PDE1B,0.45601195
ZNF423,0.45597875
WTIP,0.45431823
SERPINB8,0.45398235
RDH5,0.45356253
ZNF557,0.45253667
TRIM45,0.45100382
ZNF564,0.44957528
ZNF527,0.44418135
ZNF649,0.4425163
PLXNB3,0.43929902
RAMP3,0.43623105
ZNF846,0.43471918
ZNF468,0.43402326
ZNF626,0.42966977
ZNF490,0.42959672
TLR4,0.42939475
VPS37D,0.4279137
S100A9,0.42663142
ZNF671,0.4188344
ZNF677,0.41670543
TMEM176A,0.41374236
ZNF558,0.41359514
WDR5B,0.41128868
TBX2,0.40891466
ZNF439,0.39850447
ZNF222,0.3979096
ZNF830,0.39142227
ZNF17,0.38817042
ZNF416,0.38637128
ZNF793,0.384804
TGFB3,0.3789975
ZNF615,0.37590206
ZNF773,0.37310952
ZNF19,0.3670174
SWSAP1,0.36683556
THSD1,0.3645888
ZNF225,0.36456093
TMEM17,0.35938248
WNT9A,0.35789037
ZNF790,0.3562678
ZNF585A,0.35004777
ZNF772,0.34723184
TUBA8,0.34353867
RGS4,0.34071505
STAC3,0.33895722
ZFP69B,0.32791495
ZNF443,0.32623416
ZNF569,0.3237497
ZNF470,0.32266358
ZNF467,0.30897528
RASL10A,0.30820826
RIPK3,0.29902524
SLA,0.29064575
ZNF132,0.28196308
ZNF69,0.25853667
ZNF415,0.25631315
WDR31,0.24838567
ZNF433,0.24462654
TNFRSF10C,0.17960308
ZNF709,0.16888237
ZNF442,0.16348858
