Gene Name,Score
DUSP10,0.8044709
AAAS,0.78906304
AAK1,0.7782748
AACS,0.7741762
GNA15,0.7717881
AAMP,0.77132833
CTHRC1,0.76884484
ARL4A,0.767736
CCDC40,0.7664709
AASDH,0.76421976
AGPAT4,0.75957346
HERC6,0.75703293
ADD3,0.7555459
ADI1,0.7553716
AATF,0.7522567
GGPS1,0.75163037
ABCA1,0.7514876
HS3ST1,0.7514133
ARHGAP39,0.7509654
AASS,0.7507857
ABCC3,0.74999726
ABCC1,0.74956524
CCDC22,0.7477581
RENBP,0.7474335
DCLRE1B,0.7454645
ADCY7,0.74517596
HSD17B1,0.744975
ALG14,0.74496496
B4GALT7,0.74016607
AFG3L2,0.7387418
HCAR2,0.73751426
ACADVL,0.73539275
AARS2,0.7344481
ACAP2,0.733667
ACTR6,0.73346806
ALG5,0.73295
BMI1,0.73290026
ADAM9,0.7321227
HAVCR2,0.73182696
LIN7A,0.7308526
AK9,0.72841364
ADAM12,0.72762865
ADCY6,0.7273877
AHI1,0.7271034
AQP3,0.72585034
ACO2,0.7255919
ABCD3,0.7237049
AZI2,0.72251534
ARL6,0.72194564
ARHGAP44,0.72171307
CLIP3,0.7215042
COQ7,0.72121006
ARL2BP,0.7203052
MED11,0.71978366
MAOA,0.718957
ABCG1,0.7189243
ALDH4A1,0.71755886
KIAA0513,0.71698046
AGPAT5,0.71677715
ALKBH1,0.7167316
ARHGAP9,0.7161371
BAG3,0.7148823
ARFGAP3,0.71474874
CDH6,0.71400255
FUCA1,0.71398884
ABCB6,0.71251464
CAB39L,0.7118444
FST,0.711652
BBC3,0.7115682
C18orf32,0.71137625
ALDH1A3,0.71114826
ADAM15,0.71106964
ADAM10,0.7110401
ABCA2,0.7109574
AMFR,0.71065265
ACTA2,0.71054286
CHST1,0.70990473
LMF1,0.7093541
ANKRD44,0.7092756
BLOC1S2,0.7086339
ATP6V0A1,0.7083179
EPOR,0.70699936
AP3S2,0.70647395
AFF4,0.706315
DCK,0.70613503
ACTN4,0.705507
ADD1,0.7050615
CDK11A,0.7047319
ABCF2,0.7046768
ACACA,0.7045634
AHNAK,0.7041143
ATP6AP1,0.7034636
LIPG,0.7017016
BRIX1,0.701551
NKD1,0.7003082
AK2,0.7001374
LIPE,0.6989605
CACNB3,0.69841945
ANTXR1,0.69816446
CELSR1,0.697764
CES2,0.6972634
ATP6V1G1,0.69661784
AP1G2,0.6960995
ARFGEF1,0.6956653
LILRB3,0.69550955
DUSP19,0.6951345
ARHGAP31,0.6949301
ASRGL1,0.69475853
ACAA2,0.69434345
AGO4,0.6942144
A1BG,0.69373053
BOC,0.6937302
COL9A2,0.6936508
ABCA7,0.69358784
CEBPG,0.6929473
FDX1,0.69286567
B4GALT2,0.6927478
CALML4,0.6926316
BCL7C,0.6923606
FAM131B,0.69231284
CDK11B,0.6922115
AP1M1,0.6921142
ATP8B2,0.69145167
ALKBH5,0.6911134
ASPSCR1,0.69097686
IFNGR1,0.69077384
ARL8B,0.6907729
ARRDC3,0.6905505
ATG5,0.6905254
ARL14EP,0.6904396
ATF7IP,0.6900225
DCUN1D3,0.68972194
MATN3,0.68963885
IL7,0.6895406
GEMIN2,0.6894672
P2RY6,0.6894449
ABI3,0.6893036
ARNT2,0.68866086
ASL,0.6883322
CCDC106,0.68822134
DHRS11,0.6881558
AGO2,0.68788016
FGD3,0.6878531
CKS2,0.6876419
CBFB,0.68751925
DUSP7,0.6874773
BLOC1S4,0.68739754
ARAP3,0.6873198
ATP8A1,0.6872712
ADIPOR2,0.6871302
F13A1,0.6869682
DUSP12,0.6864594
ATL1,0.6858398
CTSL,0.68547606
BSCL2,0.68542093
ARHGAP30,0.68486226
ATRN,0.6848374
ACLY,0.6846475
ALDOC,0.6845329
IFIT1,0.684453
ANAPC1,0.68443996
CDS1,0.684424
CEP135,0.68435806
ARHGEF28,0.6841945
ATP2B1,0.6839376
CASZ1,0.68388754
ARFGAP1,0.68334985
CAMKK1,0.6832406
CASP2,0.68309283
MYLK4,0.68305033
F3,0.68301094
AP3D1,0.68252283
GCAT,0.6819334
AMY2B,0.68171763
ADK,0.6815826
CACNB1,0.6815159
CATSPER2,0.6815003
CDKN2AIPNL,0.68136847
CKLF,0.6812827
ANAPC5,0.68120605
CEP97,0.6812044
EYA2,0.6810553
BAZ1B,0.68095917
ANLN,0.68086135
ADCY5,0.6802078
AP1S2,0.6799995
ATOX1,0.67988205
ANO9,0.679835
AKAP1,0.67980766
CSTB,0.6794403
C2CD2,0.67932254
ARHGAP17,0.67929906
IGSF6,0.67922914
LGI4,0.6790986
BAZ2A,0.67892575
ASXL2,0.67875326
CTNS,0.67860866
CALCOCO2,0.6783584
CAMK2G,0.67796636
LRRC8E,0.67767906
HENMT1,0.6773347
ARFGAP2,0.6772632
APBB2,0.67711145
ATXN1,0.6769396
CUL9,0.676908
BBS2,0.67663866
CAND1,0.67632276
PELI3,0.6762272
ACTB,0.67578954
GBP3,0.67557734
CPSF2,0.6752909
COX20,0.67515147
AP1G1,0.67499
ANKRD27,0.6749821
AHRR,0.6745698
CENPC,0.67452884
HELZ2,0.67451715
ALS2,0.6744657
APPBP2,0.6741912
GHDC,0.67399997
AKAP13,0.67398083
FBXL14,0.67393184
FCGR3A,0.67383105
ATP6V1E1,0.6730959
CCT6A,0.6727557
CENPM,0.6722897
APPL1,0.6721897
CCDC80,0.6718568
DHX35,0.6718114
EIF4ENIF1,0.6717914
ACTR1A,0.671777
CYFIP2,0.6715375
DERL3,0.6715052
BEND3,0.6714138
CCNH,0.671139
AHCTF1,0.6711099
APBA1,0.6709329
NFAM1,0.67089665
CD69,0.67065233
ATG4C,0.6699245
ADNP,0.6698776
ADCY3,0.66980594
CARF,0.6694884
CGRRF1,0.66944593
B3GNT5,0.6691935
EPHA4,0.6690807
ANKZF1,0.66906434
ANP32E,0.6689646
F2RL1,0.66884583
AHCYL2,0.6687559
ARHGEF9,0.6685156
CHRNB1,0.66842616
CNTNAP1,0.6680193
ATAD3A,0.6679425
APH1B,0.66776764
GPATCH1,0.6677135
BARD1,0.66768676
AGRN,0.66764593
PTPRO,0.66760397
DEPDC5,0.66758037
AKAP9,0.66753155
COG6,0.66742605
AGO1,0.66731435
CITED2,0.6671887
CHMP5,0.6671623
ARRB2,0.666972
EAF1,0.6668134
INPP1,0.666611
ATG10,0.6663778
CMAS,0.6663519
BDP1,0.6662267
ACTG1,0.66619885
ALDH7A1,0.6660941
GEMIN8,0.6659861
ACTR3,0.66597
BCAR1,0.6658176
ADORA2B,0.6657634
ANP32B,0.6657604
DEPTOR,0.6657279
ANAPC15,0.6657249
CTSA,0.6655314
CYP2R1,0.6655159
CABLES2,0.665515
CD109,0.6654512
AGPS,0.66536564
CDR2,0.6652006
ANO10,0.665165
FOSB,0.6649933
AP2M1,0.66494787
CHPF2,0.6645938
CLEC2D,0.66443115
CMC4,0.6643343
AGO3,0.6642938
CCDC136,0.6640963
DDX19A,0.664094
BRD2,0.6640618
EVC2,0.66389614
BAHD1,0.6637454
ATXN3,0.66369504
ATF2,0.663639
ACTR2,0.6636156
ANO6,0.66342825
ING3,0.6633221
CMPK2,0.66332185
BTF3L4,0.663286
ATAD5,0.66310614
ARHGEF18,0.66287714
ASCC2,0.66274077
COPS2,0.6625964
ATF6,0.66223747
B3GNTL1,0.6622058
CMYA5,0.6621992
FIG4,0.66216457
AP2B1,0.66213477
AHCYL1,0.66198087
ANP32A,0.66182554
CHD1L,0.66172934
KIAA1549L,0.6615608
CDH23,0.6614341
ARMC8,0.66140074
BANF1,0.6613291
C7orf26,0.66125053
CBX6,0.66116524
FBLIM1,0.66116273
CCDC115,0.6609576
BRD8,0.6608759
LFNG,0.6608305
CLOCK,0.6608219
APTX,0.66080093
GPR132,0.6607963
ARHGEF11,0.66071856
ATG4D,0.6606406
ATF4,0.66059196
DPM1,0.6603454
CNNM4,0.66031927
CDC42BPA,0.66031694
ARNTL2,0.6599646
BNIP3L,0.65995246
BCAS3,0.6597149
ASAP2,0.65962064
GABPB1,0.659412
ARHGAP26,0.65936035
CDK2,0.65934503
DGKZ,0.6590426
C2CD3,0.6590184
AVL9,0.6589747
CHD9,0.65896845
ARHGEF3,0.65895134
CAB39,0.6587587
ABCB4,0.6585729
CCNYL1,0.6585484
CEP350,0.6582743
PIGP,0.65826803
ATP6V1B2,0.6582261
COL7A1,0.65810484
ASIC1,0.6579577
B4GALT4,0.6578007
ATP6V0C,0.6575086
ARF4,0.6573938
AMBRA1,0.6573781
NGFR,0.65720695
BZW1,0.65703464
APPL2,0.6568892
CEP41,0.65685713
CHD7,0.65677947
CTSK,0.6567194
ARL16,0.6565426
BCL7B,0.65647095
CAPN2,0.65646386
AREL1,0.65638137
LRP2BP,0.6562636
MS4A4A,0.65618604
HSPA14,0.6560919
GSTM3,0.65602607
CRTC2,0.6560016
B4GALT1,0.6557614
CCNY,0.65569556
ASPH,0.6556615
LSM5,0.65563947
ADH5,0.6556184
APP,0.6555902
BIN1,0.65536165
ALG6,0.6551744
PTGER4,0.65517366
DSEL,0.65503454
CDT1,0.65473133
ATRIP,0.6546905
EMC3,0.65447533
BICD1,0.65447444
ANKRD28,0.65446395
ASAH1,0.6543648
CSTF3,0.654236
DEPDC1,0.6538057
ATP6V1H,0.65376765
CHST12,0.65375537
BCL2L11,0.6536125
ATP11B,0.6534897
CASP4,0.65347284
AP2S1,0.65345246
ARHGDIA,0.65337044
CDC34,0.65335137
CLHC1,0.6532991
CTNNBIP1,0.6532842
ARF3,0.65328294
CASK,0.65320754
CD2BP2,0.6531918
ATXN2L,0.65311927
CPEB3,0.65272534
ALDOA,0.65252817
MAN2A2,0.6525222
CHSY1,0.6524771
CEP72,0.6523693
EXO1,0.6523601
BCAT2,0.6521615
BICD2,0.6519655
CDC16,0.6519183
CA2,0.651759
ARHGAP35,0.6515877
CCNG1,0.65154016
BRCC3,0.65143967
COX7A2L,0.6513385
ANXA2,0.6513379
CTR9,0.6512281
CIT,0.65122116
ITGA2,0.6511939
CC2D2A,0.6511746
CSNK1G2,0.65103847
ARID4B,0.6509969
CLCN6,0.6509401
CCDC91,0.65083545
CARM1,0.65077305
HOXA3,0.650741
BRWD3,0.6506927
ARF5,0.6506813
ATP1B1,0.6506267
CCNF,0.6505972
COQ4,0.6505595
ATXN7L1,0.6504576
CHCHD10,0.65034413
CHST14,0.6502994
CCZ1,0.6501372
ASH1L,0.6500866
BTBD3,0.6500266
ATP2B4,0.650022
BRD1,0.64997613
CRYZ,0.64982724
CDK8,0.64967805
ARPC1A,0.64966613
BRK1,0.6494103
COG8,0.64935327
LRWD1,0.6489239
ARF6,0.6489196
DIS3L2,0.6488188
CDON,0.64879733
CBX1,0.6487011
CABIN1,0.64869535
CDC40,0.64847845
CAMK1D,0.64839774
CKAP2L,0.64839214
CAMLG,0.6482024
CYB5R2,0.64816123
ARHGDIB,0.6481287
FGFRL1,0.64806163
CDK19,0.6480257
CASP7,0.6479118
BLOC1S6,0.6478263
ASAP1,0.6477734
EGR3,0.647753
BTBD1,0.64759105
CYTH1,0.64750636
SWSAP1,0.64748716
AMMECR1,0.6474821
C17orf49,0.6472947
ARHGAP11A,0.6472668
CLN8,0.6472189
BPGM,0.6471521
APLF,0.64708287
CANX,0.64690965
ADAR,0.646666
FYTTD1,0.64655626
MOK,0.6465055
MARS2,0.64637303
CDK13,0.64627856
AHSA1,0.64610356
CALD1,0.6459784
ATXN2,0.64583564
ARSB,0.6458349
RPP40,0.6458191
DCAF5,0.6457644
ARHGAP29,0.64572066
CCNG2,0.64558446
EXOSC1,0.6455307
CPEB4,0.645495
GTF3C5,0.6454434
JAG2,0.6454087
CWC22,0.64527875
ATG12,0.6452688
BTBD2,0.6451975
CTSZ,0.64515316
GRAP2,0.6451066
CENPO,0.6450155
COL27A1,0.6450052
CDCA7,0.64494646
CPSF3,0.6448554
CPT1B,0.64485264
BCKDHB,0.64465064
G6PD,0.644575
BFAR,0.64451253
COQ5,0.6444983
ALDH9A1,0.64415056
ATG2B,0.6439807
ETHE1,0.6439583
CALU,0.6439248
CCDC88C,0.6439087
ADPGK,0.6437834
CENPL,0.643674
COG3,0.64365447
EXOC3,0.6436409
EMC7,0.6435802
GFM1,0.6434375
CENPB,0.6434215
EFCAB7,0.64339143
DDA1,0.64331084
BCL2L2,0.6431722
AMOTL1,0.643045
HSPB11,0.64302224
APOOL,0.64299214
ACTN1,0.64292943
DIS3L,0.64292294
EPN1,0.64288247
DENND4A,0.6428322
CHD1,0.64281285
DDX27,0.6426911
BLVRA,0.6426419
ANAPC4,0.64262116
CEP120,0.6425924
C11orf49,0.6425482
CD83,0.64237034
CIB1,0.64228284
AP3S1,0.64225894
DYNLT3,0.6420761
CD52,0.6420643
BTAF1,0.6417442
CBX5,0.6417304
CAPN7,0.64167726
CDKL5,0.64167625
ATXN10,0.64165956
ARPC2,0.6416057
ARHGEF19,0.64157516
CACNB2,0.64150697
ATIC,0.641412
DLG5,0.6413093
ARHGAP21,0.6412839
CAD,0.64124274
PCYOX1L,0.64103097
GGA2,0.6410272
ARAP1,0.6409849
NTN1,0.6408773
CES4A,0.6408636
HSF2,0.64075863
CDCP1,0.6407332
CLTA,0.6407122
BBS9,0.6406902
PCDHGA6,0.6406651
AFF1,0.6406455
CHCHD6,0.6405996
COLEC12,0.64050055
ATP11A,0.6404413
ARIH1,0.6403734
DTX3,0.6403643
ANXA5,0.6403259
ATP6V1A,0.64028746
ECE1,0.6402414
DGKH,0.640204
ANAPC7,0.6401882
FAAH,0.6401182
CTPS1,0.6399611
GDF11,0.63978934
ARHGAP10,0.63977003
FBXO45,0.6397257
BRF2,0.63947254
CFL2,0.6393608
CDC25B,0.6392321
CEP170,0.6391979
LCP2,0.63918567
DOK4,0.63908064
CHSY3,0.63907653
ACTR8,0.63907576
CD55,0.6390627
NFU1,0.6390296
ARHGEF2,0.63902664
PEX11B,0.6390137
AP4B1,0.6390042
CAPN15,0.6388734
CD1D,0.6387417
CAPN10,0.63873
BMP2K,0.63871574
CCNA2,0.6387068
CPSF7,0.6386828
FZR1,0.63868153
CALM1,0.6386797
DUSP14,0.6386576
CNOT4,0.6386338
ITPKB,0.638566
EXOC8,0.63853645
CHID1,0.63845056
BIRC6,0.6384119
COL4A5,0.6384045
CAPZB,0.6383538
CAP1,0.63833547
MEPCE,0.6382725
CNNM2,0.63817513
CLIC4,0.6381324
CLK3,0.63808143
ACTR10,0.6380232
CHCHD3,0.6379458
ARHGEF12,0.6378837
DRG2,0.637864
CLCN7,0.6378176
C12orf65,0.6378165
ARID3A,0.63767374
FIBP,0.6376199
CACNA2D1,0.63758117
FNTB,0.6372324
MTRF1L,0.6371173
CTNNA1,0.6370979
ATN1,0.6370385
ASPM,0.63702756
ASCC1,0.6369731
CD48,0.6369252
DDX60,0.6369197
IFI44,0.63684875
FBLN1,0.63670194
CHMP2A,0.6366801
CCM2,0.63667154
GTF2B,0.63664937
DCP1A,0.636647
NAGK,0.6366251
CD68,0.6365862
AKR1A1,0.6364719
BCCIP,0.6364612
EXTL3,0.63645154
COL4A1,0.636388
CELF1,0.6363649
KATNA1,0.636358
FKBP2,0.636215
BMPR2,0.63594776
CTNNBL1,0.63593894
DXO,0.6359071
DHX8,0.6358411
ANXA6,0.6357451
CLDN4,0.63557595
CEBPB,0.6354609
CHM,0.63532853
MLF1,0.6352818
ENTPD6,0.6352547
DCLRE1C,0.63518876
BMP2,0.6348984
C2CD5,0.63487446
ARF1,0.634779
DLGAP4,0.6347615
CERS2,0.6347571
DCAF16,0.63475233
C2orf49,0.63471127
EPB41L3,0.63456374
CTBP2,0.6344327
CLIP1,0.6344098
DOCK5,0.63439995
BLOC1S5,0.6343579
CSPP1,0.6343173
EFNA4,0.6343085
CPSF6,0.63421553
FBXO9,0.6342023
ATG13,0.6341947
BRPF3,0.6340812
DENR,0.63405424
CAPNS1,0.6340267
ATP8B1,0.6339845
DBF4B,0.63398135
DCAF6,0.6339058
CCNL2,0.63378835
ETV3,0.633786
CNN2,0.6337684
CCNL1,0.6337435
PTPN22,0.63363236
FOXF1,0.6335359
DNTTIP1,0.6334495
BMP1,0.6334458
CHTF18,0.6334079
ATAD2,0.6333583
ARFRP1,0.6333184
INMT,0.63321924
CORO1B,0.63318664
CENPN,0.6331791
ACER3,0.63314
EIF2B5,0.63302636
CCAR1,0.6330083
DCUN1D4,0.63299257
AIFM2,0.6328577
CHST15,0.63276374
CDC6,0.63274634
ARL4C,0.6327192
DDX52,0.63268423
MSR1,0.6326355
BCAT1,0.63250184
DCXR,0.6323868
ATRX,0.63235724
AMPD2,0.632349
LPIN3,0.6323441
DOCK7,0.63232374
IPO4,0.63231397
C1D,0.6323051
CEP192,0.63229984
CSGALNACT1,0.6322539
CAST,0.63222027
DDX21,0.6322108
AZIN1,0.63213694
EEF2K,0.63206345
CAPG,0.63195753
FAM83D,0.6319467
EHD2,0.63193965
CMSS1,0.63183755
HECA,0.6317276
EPN2,0.6317071
BBS10,0.6316737
DNM3,0.63157463
AXL,0.6315513
LMAN2,0.6314919
GPR161,0.6314852
CREB3,0.6314682
AHCY,0.6314086
FNIP2,0.6313837
CHUK,0.63136107
ITGBL1,0.6312933
GAR1,0.63119507
AKR7A2,0.63115555
HAUS6,0.63103724
EMC10,0.6309725
DNAJA2,0.6309224
HPRT1,0.6308603
COX5A,0.6308488
GUK1,0.630749
RASGRF2,0.6307405
DHTKD1,0.63073874
E2F4,0.6306855
CENPA,0.63067544
EPHA2,0.63063943
GEMIN4,0.6306263
DNAJB12,0.63057214
CCT4,0.6305422
CSNK1G1,0.63054043
CPOX,0.6305274
CDIPT,0.63047504
CREB3L4,0.63047427
EGLN2,0.63047165
EXOC2,0.6304554
CNOT7,0.6303185
DPH7,0.63027257
DUS2,0.6301841
MRPS28,0.6301248
BAIAP2L1,0.63011104
COPB1,0.63010246
INO80E,0.63009334
CHTOP,0.6300764
CD81,0.62986135
GLE1,0.6298502
DNAJB11,0.62983304
ARHGAP32,0.6297998
CALM2,0.62979656
MED19,0.6297914
CDC42EP4,0.6297698
CGNL1,0.6297032
DST,0.6296755
FRS2,0.62957656
FHOD1,0.6295517
MGAT3,0.6295173
COPZ1,0.62937903
BTF3,0.62936234
COPS3,0.62936175
CD58,0.6293543
C3orf38,0.6293374
CHD3,0.62927014
LRFN4,0.6292386
CMTR2,0.62919915
DNAH17,0.62918407
CRTAP,0.6290228
CUL4A,0.62893856
C5AR1,0.62883323
ARHGAP24,0.62882286
CSGALNACT2,0.6288107
JAM2,0.6286159
CTTN,0.6285277
CAPRIN1,0.62851626
ATP6V1C2,0.6285089
GUCY1A2,0.6284904
DMAP1,0.6284527
COMMD6,0.6283741
EIF6,0.62837285
MCM10,0.62835234
FAM168B,0.62830544
ATP2A2,0.62829417
CSNK1D,0.62826073
EGLN1,0.6282116
COL4A2,0.628168
DAP3,0.62816364
LAMB3,0.6281485
CABLES1,0.62811124
CARS2,0.6281112
FOSL2,0.62809724
BCL2,0.62806785
CDC37L1,0.62805617
KBTBD6,0.62802255
LEO1,0.62799954
DYNC1LI2,0.6279902
AKR1B1,0.62798864
IFNAR1,0.62795687
GNPDA1,0.62792563
DMWD,0.62788576
BCL2L1,0.62788373
ATP1B3,0.62769145
CHPF,0.62767243
COA1,0.62751436
LIN7B,0.6274902
GMNN,0.62747353
DOCK10,0.6274685
GBA,0.6274494
IL2RA,0.6273234
BUB1,0.62728304
DENND3,0.62724936
HERC5,0.6271653
HMGCR,0.62709963
ADAMTS7,0.627075
GNL2,0.6270509
HINT1,0.62704474
BRD9,0.6269847
CNOT8,0.6269192
ATM,0.6269135
EVI5,0.62689364
FAN1,0.62688935
CTC1,0.62680745
DVL3,0.6267491
CADM1,0.62671816
CDK6,0.6267108
DDX24,0.6265002
HOOK2,0.62641364
ALG13,0.626366
POLRMT,0.62635565
CHP1,0.6263286
CLPX,0.6262775
BTN3A2,0.62623847
MYO6,0.62623125
CYP2S1,0.6261625
COPA,0.62611336
CNTLN,0.6259992
DDX17,0.6259856
DCPS,0.6258833
BACH1,0.6258608
KDM6B,0.6257961
MAP3K11,0.62568074
AP3B1,0.6255973
HMGCL,0.62558174
CETN3,0.6255667
DDX46,0.62553155
CSNK1A1,0.62547505
INPP4A,0.6254722
CMTM4,0.6254102
CXADR,0.62540144
ANKLE2,0.6253837
EMD,0.6253203
COMMD1,0.6252002
FLOT2,0.62511
BMS1,0.6250744
CENPI,0.6249441
DOCK2,0.62493855
CDK14,0.6249186
MYCBP,0.6249154
ETNK2,0.62490785
CBR1,0.6247808
FPGT,0.62464577
GFPT1,0.6246302
BCKDHA,0.6246135
DACT1,0.6245689
CEP78,0.62455595
ANGEL2,0.6245366
CRABP2,0.6245304
CCNT1,0.62450993
CLPP,0.62449795
TPRKB,0.6244934
MYL5,0.62447035
DDX19B,0.6244444
CXXC1,0.6244241
CENPP,0.6244083
GPAA1,0.624249
ARL8A,0.6241889
COMMD3,0.62408894
CBX7,0.62407625
IL16,0.6240595
HAUS8,0.62405884
EIF4H,0.624044
LMTK2,0.6239977
COL12A1,0.6239971
GIMAP4,0.6239777
MAK16,0.62395835
HOXA7,0.62391
C17orf75,0.6238596
IPO9,0.62380743
SDS,0.6237747
DNAJB4,0.6237551
DDIT4,0.62375337
LTB4R,0.62371176
EMB,0.62365234
DNAJA3,0.62364703
LRIG1,0.6236446
SCNM1,0.62363183
CBFA2T2,0.62363017
D2HGDH,0.62362826
DAPK2,0.62361556
FYCO1,0.62356824
DCTD,0.6235529
CDK17,0.623552
DDB1,0.6235494
FAM110B,0.6234519
EZH1,0.6234298
DGKD,0.6234144
ERI2,0.62337583
ALAS1,0.6233584
DNAJC11,0.6233346
GCC1,0.62330544
C1GALT1,0.6232651
INTS12,0.6232601
CEP70,0.62317175
FMNL1,0.6231243
CAMK2D,0.6231015
DSCC1,0.6230015
CDC42,0.6230006
COX10,0.6229722
DNAJC5,0.62295675
IL15,0.6229443
HAGH,0.6227979
CFD,0.62279296
GDF15,0.62277913
DLG4,0.62276727
COL5A1,0.6227446
ESYT2,0.6227094
ARFGEF2,0.6226869
DEPDC1B,0.62263995
FBXW4,0.6226017
EME1,0.6225873
DDX54,0.6225659
CPSF4,0.6225332
CUL1,0.6225226
DGKI,0.622409
FOXK2,0.6223873
AKAP10,0.62237424
AJUBA,0.6223646
DBR1,0.62229884
FCHO2,0.62226737
CELSR3,0.62223524
CD27,0.622141
ARID5B,0.6221264
CSK,0.6221258
ERLEC1,0.6221254
G6PC3,0.62211895
AGPAT1,0.6220989
BANP,0.62206316
ARSK,0.62199104
E2F8,0.6219183
DHCR7,0.62191194
BPNT1,0.6218901
CFLAR,0.62182784
DDOST,0.62179774
CNPY3,0.6217126
FAHD2A,0.6216861
FAM98B,0.621658
CHMP1B,0.6215999
LARP4,0.6215061
EHD4,0.62146115
COL24A1,0.6213773
KIFC3,0.6213431
GIPC1,0.62127435
DZIP1,0.6212741
ARL6IP5,0.62126863
FAM13B,0.62125653
CDK5RAP2,0.6212507
FCGRT,0.6212139
CDK4,0.6211828
CCT5,0.62114304
GIT1,0.6209313
ENO3,0.62093043
CNOT6,0.62078387
EIF4G3,0.6207679
COPG1,0.6207259
OPLAH,0.62072545
EIF4EBP1,0.6207189
FXR2,0.6205685
CD9,0.6204383
ING1,0.62043387
DHX36,0.6202563
DOT1L,0.62024844
DAZAP1,0.6202226
PLA2G15,0.6202173
DDX1,0.6201477
DVL2,0.6201458
COX11,0.6201251
AP2A2,0.6201037
B3GNT2,0.6200886
HTT,0.6200601
COIL,0.62003994
AIMP2,0.6200172
BRF1,0.61998326
GMIP,0.61997896
LAP3,0.6199062
CCT3,0.6198609
HDAC3,0.6198515
GNL1,0.61979574
COX7B,0.619741
ETF1,0.6196756
CD99L2,0.61966544
GARNL3,0.6196646
CKAP4,0.61966217
FBXL5,0.6196582
BNIP1,0.6196545
HCFC1,0.6196227
CCP110,0.61960685
ATP6V1C1,0.61960226
EIF2AK1,0.6195722
CFDP1,0.61954856
KIF26A,0.6194952
ERH,0.61947024
EMC1,0.61945707
IFIT5,0.6194092
ABLIM2,0.6193556
COL18A1,0.6192873
ELF1,0.61924917
CD53,0.61924696
FZD7,0.61923546
FBXL20,0.6192122
GGH,0.61920047
ANXA1,0.6191996
CS,0.6191213
IFT140,0.61911535
GTF3C3,0.61905175
DAPP1,0.619041
CDK1,0.61902
BSG,0.61901665
DDX23,0.6190033
FEM1A,0.6189826
BPTF,0.61889726
BCAS2,0.6188822
CABYR,0.618853
DMXL2,0.6188262
ANXA7,0.61876416
FKBP3,0.6187417
IRF9,0.61873233
FBXL4,0.6186918
CTH,0.6186362
CHAF1A,0.61861867
KXD1,0.6185806
EPHB4,0.618566
DENND5B,0.61854696
MTHFS,0.6185431
CBX2,0.6184426
CTDSP1,0.6184279
GABBR1,0.61836284
HNRNPUL2,0.618357
E4F1,0.6183074
ELP5,0.6182443
AIMP1,0.6181435
GORASP2,0.6181242
MFAP2,0.6181209
ARPC5,0.61804783
CAPZA1,0.6179837
CD86,0.617982
IRF6,0.6179378
IRAK2,0.61760485
CRELD2,0.6175602
ARSG,0.6174666
EBF1,0.61744845
EIF4A3,0.6174251
KCTD3,0.61741114
GSK3B,0.6173785
COL8A1,0.6173682
GNL3L,0.61733407
DERA,0.61731696
LMOD1,0.61731213
HMG20A,0.6172231
CENPJ,0.6172134
CEP55,0.61710715
GGA1,0.61708254
HERC4,0.61697125
ARHGEF40,0.61691654
DR1,0.6168932
CYB5B,0.6168359
IMPDH1,0.6168294
ENPP1,0.61679775
ADCY1,0.6167379
AGPAT3,0.6166915
IL4I1,0.6166841
BIRC5,0.61666673
GOLGA2,0.6166619
CREM,0.616645
CEP164,0.6166402
MAN1C1,0.61662924
ACTG2,0.61660826
MRPL27,0.6166045
EIF1,0.6166001
DISP1,0.6165776
ADIPOR1,0.61652875
CREBRF,0.6165116
ARHGAP25,0.61651146
FURIN,0.61649925
ATP6V0E2,0.61649865
ETS2,0.61649364
HOMER3,0.61648965
CENPK,0.61646056
COG5,0.6164299
FLOT1,0.6162932
C17orf80,0.61629087
CACYBP,0.6162418
C1R,0.61621433
ARPP19,0.61611974
CIR1,0.61611366
BRWD1,0.6161016
IFI35,0.6160944
BIN2,0.6160707
CORO1A,0.6160591
ASAP3,0.61604184
HS6ST1,0.61603874
GATAD2A,0.6160013
EXOC7,0.6159865
IWS1,0.61592937
C1QBP,0.6158934
CDC23,0.615814
HCK,0.6157901
NOMO2,0.6157867
EIF1B,0.61573195
FGD4,0.61571944
ASB1,0.6156963
AMOT,0.61564004
CHORDC1,0.6155905
CYTH3,0.615563
CLK4,0.6155274
ALMS1,0.6154877
LSR,0.6154874
CRLS1,0.6154683
GID8,0.61545765
CLDN12,0.6154273
GMDS,0.61538595
CCDC174,0.6153726
DDX28,0.61535406
NR1D1,0.61532366
NOL6,0.61531556
FAM8A1,0.6152954
HOXB2,0.61526006
GLRX5,0.61525804
ECHDC1,0.61517614
AK4,0.6151642
CCNB1,0.6151273
HECTD1,0.61509585
AP5Z1,0.6150852
CNIH3,0.61506975
CNOT2,0.6149852
CDK2AP1,0.61497283
LZTFL1,0.6148513
CDC27,0.61484534
GNB4,0.61479115
FLNB,0.61472607
DLST,0.61472493
HCFC2,0.6147215
RSAD2,0.61469376
CPNE1,0.6146905
ESRP1,0.61465955
ATP1B2,0.6145982
IFNGR2,0.61456877
GLI3,0.61449635
BATF,0.6144751
GSE1,0.61442834
HDAC5,0.614335
DAB2,0.6143078
EPB41L2,0.614254
ELP6,0.61424685
GTF2I,0.6142371
ERCC6L,0.6142312
LOXL1,0.6141642
COTL1,0.6141639
IFI44L,0.61415035
CBLB,0.61414003
CENPH,0.6140713
CDC37,0.6140595
COQ10A,0.61403364
DOCK8,0.61401254
ILF2,0.61391073
BNIP3,0.6138484
METTL4,0.6138143
FBXW11,0.613726
INSR,0.6136733
CLDN15,0.61363685
GAB2,0.6136366
FKBPL,0.6136335
DDX56,0.6136068
CSDE1,0.6135808
FBXO10,0.6135581
CTSD,0.6135429
EPC2,0.61351913
COMMD8,0.6135004
HNRNPH3,0.6134924
CHEK1,0.6132571
HLA-DRB5,0.61322755
GOLPH3,0.61320627
MED26,0.6131939
GATA6,0.61310375
KPNA2,0.6130799
GNAI3,0.613033
HIPK3,0.6130144
CLASP2,0.6129766
FAM13A,0.61291885
SHF,0.6129071
DIAPH1,0.6129052
CPE,0.612884
LRRFIP1,0.61285776
ITGAE,0.61277086
EXOC1,0.61274046
RPIA,0.6127226
IL1RAP,0.61267674
BTRC,0.61266243
FAM114A2,0.6126394
CCNT2,0.61259663
DDX31,0.6125729
ATP7A,0.612548
IL32,0.6125352
EIF3J,0.61249655
DIAPH3,0.6124897
KATNBL1,0.61243284
CNIH1,0.6124314
DHRS4,0.6124233
DBI,0.6124069
PPIL6,0.61239904
ACOT8,0.6123672
CDC25A,0.612342
DNAJB6,0.6122988
ENG,0.6122844
KIF22,0.61223495
EPS8L2,0.612226
ERAL1,0.61219746
MAGED2,0.6121968
CYB5R3,0.61216307
MAGT1,0.6121629
CERS6,0.6119977
MAEA,0.6119851
IL6R,0.61197144
IRF3,0.6119499
MCTS1,0.6118689
EFTUD2,0.6118596
GIT2,0.61180156
ANKFY1,0.6117836
DNAJC1,0.61175084
GNAI1,0.6117389
MAPKAPK2,0.61170775
INPP5A,0.6116653
INTS9,0.61166394
FOXP4,0.6116617
EPB41L4B,0.6116476
LMNB2,0.6115792
EXOC6B,0.61154217
DHCR24,0.6115407
FOXRED2,0.6115068
CTDSP2,0.61150277
COQ9,0.61148715
DET1,0.61147344
HLX,0.6114673
NR2F6,0.61144
INO80,0.61137056
DGAT1,0.6113645
ABCE1,0.6113554
LDLR,0.61134124
CTSH,0.6113079
IGFBP6,0.611284
MAML3,0.61116976
EGLN3,0.6110833
CERS5,0.6110618
FSTL1,0.6110616
CLINT1,0.61096793
POP1,0.61093765
AKT1S1,0.61085415
HBP1,0.6108434
DDX39B,0.61079615
FBL,0.6107352
NSMCE1,0.61073476
HMGN1,0.61073387
EIF2AK4,0.6107246
PRICKLE3,0.6107114
DKC1,0.6106268
DHX32,0.61060655
DNAJC15,0.61060286
LNPEP,0.6105792
ERGIC3,0.61053234
GDI1,0.6105285
KAT5,0.6105237
LONP1,0.6104058
GOLGA3,0.6103965
DAAM1,0.61039007
BLZF1,0.61037767
FBXW2,0.6103752
LRP10,0.6103467
MYH14,0.61034477
KLHL25,0.610333
GPC4,0.61023945
NAGLU,0.6102004
AP1S3,0.6101937
DTNBP1,0.61017615
KCNN4,0.6101748
EIF5B,0.61010104
EDC3,0.61008966
CLSPN,0.61008024
IQGAP1,0.6100551
GABARAP,0.61004347
ELOVL1,0.6100152
DAZAP2,0.60999525
EIF2S2,0.60998625
CLASP1,0.6099849
IKBKG,0.6099769
ATG4B,0.6099662
NUFIP1,0.60995764
MBD4,0.60991883
COPS5,0.6098839
ARHGEF37,0.6098612
COX6B1,0.6098455
EEF1A1,0.6098343
ARPC4,0.6098132
EXOC6,0.6097715
GSR,0.6097451
DLAT,0.60974026
EEFSEC,0.60970104
IPO11,0.60967326
ORAI3,0.6096696
MAP4K3,0.60963064
MPZ,0.6096141
IQGAP3,0.6095813
CDK5RAP3,0.6095805
ELP2,0.6095785
DCAF10,0.60956526
LRP6,0.6095386
CD46,0.60947603
CTPS2,0.60945994
CTBP1,0.60945046
HIVEP3,0.60944957
ARIH2,0.60941446
CLEC3B,0.6094001
ARHGAP18,0.6093576
ARNTL,0.6093491
FCF1,0.6093204
ADAM17,0.60930157
IFI30,0.609293
BOLA3,0.60919774
NFYA,0.60917413
EBAG9,0.60916543
FPGS,0.6091598
BYSL,0.6091555
ICAM2,0.6091513
LTB,0.60912794
INPP5F,0.6091131
MRPS11,0.6091047
FZD3,0.60908335
CLIP2,0.6090576
DDX10,0.60905445
KDM5B,0.6090254
CD2AP,0.6090105
DIDO1,0.6090025
MAPK9,0.60893434
DTL,0.6089254
GDI2,0.60891366
DENND6A,0.6088805
MYLK,0.60885525
EVC,0.6088525
GANC,0.60884243
CDCA3,0.6088232
PDE12,0.60879534
DNM1,0.6087747
CDH24,0.6087565
COPE,0.60871875
DNMBP,0.60867035
APLP2,0.6086677
EEF1B2,0.6085191
EIF4E2,0.60849816
DENND4C,0.6084931
FBXW9,0.60849285
CTIF,0.60847324
CCT2,0.60842
CAPN5,0.6084084
INTS3,0.60830545
CAP2,0.6082961
CAMK4,0.6082829
DCP1B,0.60827696
BACE2,0.6082673
GOT2,0.6082305
E2F3,0.60822797
CNOT1,0.6081911
DIS3,0.6081778
EIF3K,0.6081488
MCM4,0.6081122
KALRN,0.60808724
FAM126A,0.60800815
EXOSC5,0.6080036
ISY1,0.6079961
HNRNPC,0.6079734
FBXL18,0.6079727
DCAF8,0.6079715
EIF3D,0.60795176
FARSA,0.60794693
FMNL3,0.6079298
NMB,0.6078706
ILF3,0.6078281
IBTK,0.6078223
CEP57,0.6078101
LIN52,0.6078059
FYN,0.6077775
ELOVL6,0.6077503
FNDC5,0.60771495
PTCD1,0.6077142
ARAP2,0.60770375
NDOR1,0.60766673
HSPA5,0.60760057
CDCA5,0.6075591
RNF139,0.6075566
CHMP3,0.60754544
EIF4A1,0.6075346
ISG15,0.60752255
ABI2,0.60750556
FAF1,0.60748655
FARS2,0.6074756
HGS,0.60746074
FRAS1,0.6074489
FMNL2,0.60737765
GTSE1,0.607375
OS9,0.6073705
GRHPR,0.60736215
PLK2,0.607347
CALCOCO1,0.6073227
EIF3M,0.6072534
ERCC8,0.60724413
MKNK1,0.60722697
ARL1,0.60720485
FZD5,0.6071925
PTN,0.60712874
GNA13,0.6071274
CAMKK2,0.6071146
CAPZA2,0.6070769
AFTPH,0.6070489
FBXO30,0.60698473
ESPL1,0.60697407
FBXO5,0.6069587
PSMC1,0.6069447
HLA-E,0.60690695
ELL2,0.60688454
EIF3L,0.6068812
FAM91A1,0.6068689
EIF5A,0.60681254
EXOC4,0.6068039
MCMBP,0.6067781
LCMT1,0.60675466
CDCA8,0.6067336
INTS2,0.6067228
ARG2,0.60671
CLNS1A,0.6066996
DYNC1H1,0.60667664
ARRB1,0.60665834
EHHADH,0.6066434
EEF2,0.6066366
DGUOK,0.606631
EXOSC10,0.60662514
MAGI2,0.60657007
BOP1,0.6065697
DHX15,0.6065363
LATS2,0.6065312
DUS1L,0.606454
IRF5,0.60642344
CHMP4B,0.6064101
HPDL,0.6064091
GTPBP4,0.60637575
CXXC5,0.6063333
MAP2K3,0.60632014
ITPA,0.60632014
CAPN1,0.6062963
GALNT2,0.6062005
DLG1,0.6061974
HTATSF1,0.6061969
LINGO1,0.60619164
HPSE,0.60610294
CPD,0.6060854
FASTKD2,0.6060691
FTL,0.6060267
ADAM23,0.6058839
EMC8,0.60587496
GCA,0.60585266
CLDN7,0.60583174
APOBEC3C,0.6058285
ITGA1,0.60581285
GRPEL1,0.6057441
ALKBH8,0.6057227
GTF2H1,0.60567516
KRT7,0.6056493
CYB5A,0.6056076
CWC27,0.6055956
NLE1,0.6055736
LRPAP1,0.6055397
GSTA4,0.6055213
MIF,0.6055198
MAVS,0.60551316
MPDZ,0.60547495
MAP3K8,0.6054708
BCS1L,0.60545754
BECN1,0.60544604
CHML,0.6054396
HGSNAT,0.60541016
FZD4,0.60540867
GAPVD1,0.6053522
GSK3A,0.60534805
GNB1,0.6053421
GADD45B,0.60532236
GTF3C4,0.605302
DCAF15,0.6053
ATP8B4,0.6052923
EEF1G,0.605277
GJC1,0.6052544
HLA-F,0.6052218
ALDH18A1,0.60518825
ELOVL5,0.6051743
NR1H3,0.60516244
FUT8,0.60513705
KIF23,0.60513264
EIF4EBP2,0.6051152
MTX1,0.60507923
FANCI,0.6050428
DPYSL3,0.60503405
DDX18,0.60497266
PARS2,0.60495305
BRPF1,0.60493916
MIS18A,0.60493433
DBT,0.6048605
LSM12,0.60483867
DMD,0.60483646
CKAP5,0.6048311
LGALS9,0.60481244
CDR2L,0.60480905
INTS7,0.6047881
CTDP1,0.6047771
KATNAL1,0.60476744
GGT7,0.6047387
MAN1A2,0.60472006
DSG2,0.60470223
FBXO41,0.60470176
FLII,0.604678
DPH5,0.604673
DOCK4,0.60465497
HSPD1,0.6046256
LAMA2,0.6045931
DOK1,0.60458076
HNRNPA0,0.6045758
ICAM3,0.60457546
BHLHE40,0.60456616
MED14,0.6045639
EYA3,0.6045573
KHSRP,0.60454404
PKP1,0.6045292
NEDD8,0.60450226
PTPRS,0.6044947
OSBP,0.60447484
CDK16,0.60445297
COG4,0.6044169
GANAB,0.60440403
DYRK2,0.6043975
GPC1,0.6043863
KIF20B,0.60438013
FTH1,0.60435945
RHBDF1,0.6043489
GTF2A1,0.6043476
KLHL12,0.6043426
EIF3G,0.60434234
CACNA1H,0.6043383
IP6K1,0.6043204
DIAPH2,0.60429054
APIP,0.60428375
GAPDH,0.60428137
COASY,0.60425365
KPNA5,0.6042437
AMDHD2,0.60423625
LAMA5,0.6042164
HLA-DPB1,0.6041921
FBXO7,0.6041868
GEMIN7,0.6041336
KLC1,0.60410917
GCLC,0.6040984
CDC25C,0.6040183
IL17RC,0.6040133
GRN,0.60400945
CCDC86,0.6040006
GPD2,0.60397005
MRGBP,0.6039545
HNMT,0.603924
BMF,0.603917
FARSB,0.60390687
EDIL3,0.60389847
CERK,0.60385984
GYG1,0.603854
GBA2,0.60384476
OPRL1,0.60384005
GINS3,0.6038304
PRPF4B,0.60380775
KDELR3,0.6037231
INPP5E,0.60369205
CDC42BPB,0.6036794
PPP2R3C,0.6036779
KIF9,0.60364175
KMT2E,0.60360485
KIAA2013,0.603602
BAK1,0.6035946
CMPK1,0.60349023
BUB3,0.6034699
CLIC1,0.60344243
IRF8,0.6034131
FMR1,0.6034019
EHBP1,0.60339046
FKBP5,0.6033855
MICU1,0.6033771
NDEL1,0.60336787
CSNK1E,0.60336083
IP6K2,0.6033421
GBF1,0.6033243
EBP,0.6033083
KCNJ2,0.603301
MCC,0.6032785
ITPR1,0.6032768
EXOSC2,0.6032766
ERCC6,0.60326713
ELF2,0.6032351
IFT74,0.603221
HNRNPDL,0.6031841
MAST2,0.6031698
DCTN5,0.60316944
ARHGAP12,0.6031673
NUDT19,0.6031294
MGAT5,0.6031285
FBXO38,0.60304433
HSD11B2,0.60295063
HSPG2,0.6029298
NUTF2,0.6029207
FARP1,0.60292023
FEM1B,0.60290897
FKBP4,0.60290843
MRPL49,0.6028294
HERC2,0.60282856
EIF3H,0.60281646
KANSL1,0.6027987
JARID2,0.6027762
GRK4,0.6027594
PHLDA1,0.60274273
MASTL,0.6027311
LRP8,0.60266125
CD47,0.60263866
NRF1,0.6025998
HVCN1,0.6025583
PAQR8,0.60253245
CIAPIN1,0.6024716
MCM3AP,0.6024569
C9orf72,0.6024348
CORO1C,0.6024205
MAPKAP1,0.6024135
ITPR2,0.6023455
MAMLD1,0.60233325
MAPRE3,0.6023241
B3GAT3,0.6022483
GK5,0.60224783
GULP1,0.6022332
GTF3C2,0.60222864
GDE1,0.60221
MGRN1,0.60218406
IFT88,0.60215026
CSE1L,0.60213727
GSTZ1,0.6021327
ELAVL1,0.60210186
EIF2S1,0.60207546
CCT7,0.6020459
HDAC10,0.6020243
GDPD5,0.6020096
ESRRA,0.6019999
DUSP2,0.601903
CBX4,0.6019013
ALG8,0.6018761
NUDT16,0.60184973
KDELR1,0.60177165
CDK7,0.6017688
INPP5B,0.60173076
GCH1,0.60172
HSD17B4,0.60170174
ATPAF1,0.60168034
CYSTM1,0.6016568
RFC5,0.601631
KRT18,0.60163
KPNA6,0.6016199
FZD6,0.601601
RRN3,0.6015848
JMJD1C,0.6015326
GART,0.6015211
GET4,0.6014994
HK1,0.60149705
EP400,0.60146815
EIF4B,0.60145694
FADS1,0.6014451
DYNC1LI1,0.60144365
EARS2,0.60139906
CSNK1G3,0.6013788
COL5A2,0.6013676
INPP5D,0.6013454
MAP3K3,0.60134035
HOXB3,0.60132754
INTS6,0.6013159
CMTM7,0.6013137
EDEM3,0.60130596
AGFG1,0.60127825
JUND,0.6012453
HDLBP,0.6012381
CRK,0.60122037
GPSM2,0.6012053
NDUFAF1,0.6011994
NEU3,0.6011969
HEXIM2,0.60112673
HEG1,0.6010945
REV1,0.60107636
NFKBIL1,0.60105574
GOLIM4,0.60105145
DHDDS,0.6010031
INVS,0.6009975
LYPD6,0.60099393
ACTR3B,0.6009925
GAK,0.6009871
CHN1,0.6009754
PIK3R6,0.60097533
KPNB1,0.6009622
IRF2,0.600897
NEIL1,0.60084933
HPS1,0.60084486
HLA-DRB1,0.6008357
EIF4G1,0.6008326
IGF2R,0.6007735
GATAD2B,0.6006478
ARSJ,0.60063344
IL10RA,0.60058373
FAU,0.60056937
AUP1,0.6005408
DLD,0.600536
CHKA,0.60052913
ETFB,0.60052
HELQ,0.60051477
EEA1,0.6005129
HNRNPF,0.6005025
EFNA5,0.60049677
BLCAP,0.60045224
ENAH,0.60042065
DMTN,0.60039747
DONSON,0.60039073
HSF1,0.6003869
EIF2AK2,0.6003755
CENPE,0.6003689
KLHL2,0.6003644
TADA2B,0.6003473
IPO13,0.6003364
DENND1A,0.6003355
INCENP,0.6003275
MBP,0.60029924
HMGA1,0.6002881
DDX39A,0.6002707
HDAC2,0.60026306
CTDNEP1,0.60026306
HNRNPUL1,0.6002575
NDUFAF5,0.6002282
EIF4E,0.60021865
GLUL,0.6001906
DHX16,0.60017717
ERP29,0.6001678
DDX42,0.60015976
INTS10,0.6000797
CD63,0.60006434
NOMO3,0.60003644
LPIN1,0.60003215
DNAJC13,0.60001165
DAB2IP,0.60000956
HLA-DMA,0.5999947
F11R,0.59995455
ERGIC1,0.5999428
GRB2,0.5999412
FERMT2,0.599932
HSPA8,0.59991825
GEMIN6,0.59991765
GABPB2,0.59985125
PTRH2,0.5998464
FRZB,0.59983116
PAK4,0.59981406
FBXW5,0.5998077
HMGN2,0.59980005
HNRNPH1,0.59977424
LYPLA1,0.59977275
ASF1B,0.5997035
HNRNPD,0.5996898
EEF1D,0.59963
IL13RA1,0.5996149
PHAX,0.59954625
CYBA,0.5995455
CERS4,0.5995155
BIN3,0.5995124
LPXN,0.5994896
HYLS1,0.5993538
FOXRED1,0.5992969
GNPTAB,0.59926534
FNTA,0.5992052
DUSP1,0.5991757
EOGT,0.599172
CHAF1B,0.59917146
LDB1,0.5991373
GRSF1,0.5991048
GALK1,0.5990868
METTL3,0.59905005
GSPT1,0.599049
MAF1,0.5990209
IQSEC1,0.5990068
IMPA1,0.5989993
GGCT,0.5989938
KIF3A,0.5989886
PLCD3,0.59895784
PPP2CA,0.5989561
FN1,0.5989539
KANSL2,0.5989437
MAN2B1,0.59893817
G3BP1,0.59889185
LEMD2,0.59887165
CUL3,0.5988693
MAN2A1,0.598855
FEZ1,0.5988083
KPNA1,0.5988
GMPPA,0.59878886
SLC15A4,0.59876716
KCNS3,0.598758
HDAC7,0.5987488
NUP188,0.5987429
BAG6,0.5987264
FARP2,0.5987198
EHD1,0.5987009
GTF2IRD1,0.59869534
DIMT1,0.5986837
CSF1,0.59867287
DNAJA1,0.59866124
DCUN1D5,0.59863144
KCNJ15,0.598606
FER,0.5985688
DDX41,0.5985118
CCDC12,0.5985066
HSD17B10,0.598484
HACE1,0.5984635
PABPC4,0.5984446
GPX7,0.5984328
CEBPZ,0.5984271
GPR176,0.59839803
MFHAS1,0.5983423
LRRC41,0.59834194
CFL1,0.59827954
MOB1A,0.5982758
CDC5L,0.5982481
HMMR,0.5982353
IFIT3,0.59821886
DENND2C,0.59819853
N6AMT1,0.598195
ANK3,0.5981763
COA6,0.59817445
FBXO4,0.5981605
EVL,0.5980982
MTM1,0.5980882
LDHB,0.5979884
LIMK1,0.5979644
APH1A,0.5979284
KANK2,0.5978763
HSD17B12,0.597872
PUS3,0.5978569
GOLGA4,0.5978375
EMC9,0.5978267
FLT4,0.5978137
DRG1,0.59781057
CBX3,0.59779835
ORC6,0.5977891
NOL9,0.5977751
NUDT9,0.5977718
NCAPH2,0.59776837
CDYL,0.5977594
FBN1,0.5977556
PRPSAP2,0.5977356
EIF2S3,0.5977346
IDH3G,0.5977031
ATF7,0.59766495
FUBP3,0.5976614
MYO1C,0.5976572
KDM2A,0.5976408
KPNA3,0.59762454
MTA2,0.5975979
DBF4,0.5975978
METTL21A,0.5975863
GALNS,0.5975359
HNRNPA1,0.5975268
DHX38,0.5975262
DNAJC8,0.5974996
FAH,0.59748244
FBXO22,0.5974621
FBXL2,0.59745187
ESRP2,0.5974358
DGKA,0.597431
CNOT6L,0.5973779
CHCHD1,0.5973634
PRKAR2A,0.5973609
GLUD1,0.59732884
MIS12,0.59732884
PCCB,0.59729165
GTF2E2,0.59721726
EZH2,0.59719175
MYO9A,0.5971891
HLA-DMB,0.59718305
GALNT1,0.5971824
PCDHB3,0.5971579
CDC20,0.59711397
APBB1,0.59709364
GNA12,0.5970407
COBLL1,0.59703594
PSMC3IP,0.59702736
MLX,0.59701604
AQR,0.59701127
DDHD1,0.59700006
GEN1,0.59696704
MRC2,0.5969257
IDS,0.59690756
GLB1,0.59688234
EI24,0.5968545
FRMD6,0.59681106
DHPS,0.5968094
DTX4,0.59680724
BID,0.59678465
GNG5,0.59678006
NUDT21,0.59675205
CENPF,0.59673285
NKIRAS1,0.59668034
HLCS,0.596624
ARID4A,0.5965582
ITGA3,0.5965448
EME2,0.59653443
RHNO1,0.59653187
ING4,0.5965264
KIF1B,0.59652466
SEC11C,0.5965194
EIF2B3,0.5965162
GLO1,0.59651464
FHL2,0.59641755
PACSIN3,0.5964123
HEXB,0.59634805
SMARCD3,0.59632283
CYC1,0.5963112
E2F7,0.5962687
KCND1,0.59624356
HACL1,0.596239
GPR89A,0.5962388
GATM,0.59621364
MTMR6,0.59621143
DOCK11,0.59619206
FMN1,0.5961874
KDM4A,0.59618497
MRPL34,0.59617454
MGLL,0.5961568
PDCD11,0.5961554
HNRNPAB,0.596128
FADS2,0.59612703
DSN1,0.5961187
KIF11,0.5961112
ETFA,0.5960747
FOXN3,0.5960575
AFMID,0.5960314
GYPC,0.5960307
IGFBP4,0.59599775
LGMN,0.5959812
CPSF1,0.59596664
FLAD1,0.5959583
DNAL1,0.5959437
ATP6V0B,0.5959383
MIEF1,0.5959144
MAFG,0.5958414
COPS7B,0.59583133
IPO8,0.5958073
OSTM1,0.5958067
FBXW8,0.59576946
KANK1,0.5957293
KAT6A,0.595693
HBS1L,0.5956719
HDAC8,0.5956697
STX11,0.595643
HERPUD1,0.5956286
CCL5,0.5956168
DCTN4,0.59558
DERL1,0.5955214
CTSB,0.59545827
CDC14B,0.59536195
CLSTN1,0.5953559
NCAPG2,0.59533733
ITGB5,0.5953157
LAMP1,0.59527
CCT8,0.5952632
NUP88,0.5952455
EEF1E1,0.59521055
MAGI3,0.5951955
MED21,0.59517413
GALNT10,0.59516597
EPB41L1,0.5951592
OSBPL5,0.5951312
MARVELD3,0.595113
MRPS31,0.59509784
HNRNPK,0.5950805
MAPK7,0.59507936
PPP4C,0.5950762
PDSS2,0.59506714
PCGF3,0.5950525
CD40,0.59504586
HLA-DOA,0.5950325
GPI,0.59502065
PIK3CD,0.5950197
KLHDC2,0.5950129
ATG16L1,0.5950053
BABAM1,0.59500116
HNRNPH2,0.59499985
MTMR12,0.59497094
ITCH,0.5949524
NAA16,0.5949449
NHP2,0.5949263
HNRNPL,0.5949152
GLG1,0.59491515
MACF1,0.5949012
OAS1,0.5948635
EFEMP1,0.59485626
IQGAP2,0.59485334
METTL22,0.59485257
IRS1,0.5948476
DAPK1,0.5948431
DUSP16,0.59483147
HNRNPM,0.594779
KIF2C,0.59477466
CD320,0.5947676
DNAJC24,0.59475935
DYNLT1,0.5947454
COL16A1,0.59474254
HSPA9,0.5947381
LPGAT1,0.59473175
GPD1L,0.59471774
FBXO27,0.59471077
NUDCD3,0.5946704
GPR153,0.59466875
LARP7,0.5946685
ALDH3B1,0.59466624
SLC40A1,0.59465915
LAMA4,0.5946534
MAP2K7,0.5946343
ITGA6,0.59463155
HYOU1,0.5945553
GTF2F2,0.59454995
KDM2B,0.5944921
GALNT11,0.59447813
HMGB1,0.59447
CCL4,0.59438294
LAT2,0.5943723
ALDH1B1,0.5943572
FTSJ3,0.59434026
HADHA,0.59430695
EXOSC7,0.5943063
LAMC2,0.59426594
BCAP31,0.5942482
API5,0.59421635
HOXA1,0.59420973
NPM3,0.5941988
CMTM6,0.5941888
MAP3K6,0.5941509
CCNB2,0.59408987
HNRNPA3,0.594079
INPPL1,0.59406906
CENPQ,0.59404165
ALG9,0.59399176
ITGA2B,0.5939809
GPT2,0.5939627
ARFIP2,0.5939185
DCAF11,0.59390527
MBD6,0.5938862
ARHGAP4,0.59386915
PPP1R15B,0.5938371
LPIN2,0.593798
HMGB2,0.5937968
NME6,0.5937806
PLCL2,0.5937513
LTBP3,0.59373486
FABP5,0.5936248
MAP2K5,0.5936054
BUD13,0.5935579
IVD,0.5935394
IRAK4,0.5935392
ARHGAP11B,0.59350973
MAML1,0.5934416
MYL6,0.59343624
MRPL2,0.59340173
MRPL53,0.5933498
HMGXB4,0.5933246
KCNK5,0.5932962
FOXK1,0.59328455
NCK1,0.59327734
HLA-DPA1,0.59320784
CDK9,0.5931839
ITGAL,0.59318054
LSM14B,0.5930987
EPHB2,0.59309375
MNAT1,0.59307086
G3BP2,0.59306306
VAMP3,0.5930482
LDB2,0.5930386
HDAC4,0.59303504
NDUFS1,0.5930131
IPO5,0.5930095
ENC1,0.5929869
INSIG1,0.5929677
MBOAT7,0.59295166
CSTF2T,0.59293413
ODF2,0.5929316
HPS3,0.59289455
FBF1,0.59289175
MEF2A,0.59288704
GRAP,0.59284294
ENO2,0.5928226
FBXL12,0.59281766
SKA1,0.59279877
MARK3,0.59275085
ARL3,0.5927503
KHDRBS1,0.59273607
MDH1,0.59273106
HLA-B,0.59272164
GLMN,0.5926478
FBXO21,0.5926445
GNB5,0.5926325
MRPS23,0.59263
MT2A,0.59262294
LSAMP,0.5925967
NRP2,0.5925755
MYO15A,0.59249943
DLGAP5,0.5924423
DPYSL2,0.5924098
HLTF,0.59237987
MAD1L1,0.59233475
RARB,0.5922888
GNAI2,0.5922779
DDX50,0.59226906
MSRB2,0.5922382
IK,0.5922111
PERP,0.5921933
FAM3C,0.59219
NEK9,0.59217733
EMC4,0.59217733
MRI1,0.5921764
LUC7L3,0.59217393
EPC1,0.59217066
MUC3A,0.5921621
DENND4B,0.5921605
NSUN5,0.59208274
DDX55,0.59206903
GBE1,0.59204185
DPY30,0.5920381
ARHGEF26,0.59200716
MBD5,0.59199065
ORC2,0.5919742
DCAF7,0.5919643
MXD1,0.59193116
EIF3I,0.5919228
FERMT3,0.5919044
DIABLO,0.5918854
ITGA11,0.59186125
COL6A2,0.5918585
KIFC1,0.5918576
MMP11,0.59185505
MRPS18A,0.59185433
KLHL5,0.5917934
CEP250,0.59176135
FBXO31,0.59175915
IL4R,0.59175074
PAICS,0.5917363
MAT2B,0.59173614
ERGIC2,0.5917315
GPSM3,0.59171605
GTF2H5,0.5916881
GSTK1,0.59167945
HSPA4,0.59167254
CHRAC1,0.5916668
MOV10,0.5916244
PHKG2,0.59160995
GTF3C1,0.5916064
MOB1B,0.591605
CRKL,0.5916027
ATG14,0.5915993
ASS1,0.5915905
FBXO15,0.5915645
LAMC1,0.5915561
KLHL20,0.59155065
MRPL28,0.5914943
ENSA,0.59146464
DDX11,0.591464
HDAC1,0.5914451
ASPHD1,0.59144396
FXYD6,0.5914396
EXOSC9,0.5914392
MBOAT1,0.5914347
HIPK1,0.591409
MMS19,0.59140193
GLRX,0.59128386
GTPBP2,0.59124845
PAGR1,0.59123594
IFT81,0.59120244
NR2F2,0.5911787
HSPBP1,0.59115636
KIF5C,0.5911549
PWP1,0.59114385
DHX33,0.5911129
FLRT2,0.5911029
CEP152,0.5910848
GADD45A,0.591082
CDS2,0.59106654
NUMB,0.5910376
MBOAT2,0.591033
IMP3,0.59102744
GSTM4,0.5910177
FAM98A,0.5910018
CCNDBP1,0.5910006
GKAP1,0.59093994
IDE,0.5909203
KIF18B,0.5909015
LYRM4,0.5908849
ZNF416,0.5908797
MAPKAPK5,0.5908773
OPTN,0.5908671
MRPS7,0.59085804
PIK3C2B,0.5908578
MCL1,0.5908444
GOLGB1,0.59083635
CHERP,0.5907898
DSTN,0.5907276
FAM110A,0.5907128
RPP25L,0.5906624
IBA57,0.5906613
KDM4B,0.5906401
COPB2,0.59063303
MCAT,0.59062076
HSPB1,0.59056365
KRBA1,0.5905124
IPO7,0.59047776
ATG4A,0.5904687
DENND1B,0.5904525
EIF5,0.5904486
CHCHD2,0.5904453
EMC2,0.59043896
NDUFA12,0.59041834
MEGF8,0.5904085
GUF1,0.5904012
APAF1,0.5903984
NRL,0.59039676
HMGCS1,0.59039485
COPS8,0.59037364
BRAP,0.5903479
GON4L,0.5903391
NPAS2,0.59032655
LOXL3,0.5902889
RAD51D,0.5902819
GRB10,0.59025896
HADHB,0.5902241
RANBP1,0.5901982
GTF2F1,0.59017265
MRAS,0.59016925
IFI16,0.59016097
DAPK3,0.59015757
MTMR3,0.5901447
NUAK1,0.59011805
INTU,0.59005255
GOT1,0.5899807
MED9,0.58997923
IFT27,0.58995575
MED24,0.58993685
POLR2C,0.58993435
MTDH,0.5898944
IREB2,0.5898655
ITM2B,0.58986044
KIF21A,0.5898285
RBM19,0.5897889
MRPS21,0.5897867
IRF2BP1,0.5897428
FKBP8,0.5897306
NIT2,0.589717
DCP2,0.58970904
JMY,0.5897088
CSTF1,0.58970064
MED29,0.58969665
GNG12,0.5896838
KCNC4,0.58967936
PANK4,0.58960736
MCEE,0.58958876
GJA1,0.58957416
CKAP2,0.5895446
ARL2,0.5895407
HERC3,0.589515
NOL11,0.5894733
IPPK,0.58943623
DNAJC3,0.5894341
HAUS4,0.58943003
NHS,0.58942294
SNAPC3,0.58939606
GTPBP3,0.58939564
EIF4G2,0.58939
MKLN1,0.5893748
POLR2L,0.58936673
SP100,0.58934575
JDP2,0.5893416
KPNA4,0.58932334
CIAO1,0.589315
ASB13,0.58931226
GIGYF2,0.5892907
NANS,0.5892877
ITPK1,0.5892589
CREG1,0.5892071
MAP1LC3B,0.58919597
POLI,0.5891667
CPT1C,0.5891261
NAF1,0.5891217
FANCM,0.5891075
BTD,0.58909214
FBXL19,0.5890818
GALNT6,0.58907354
BTN3A1,0.5890717
MAP4K4,0.58907115
DENND2A,0.5890523
HUWE1,0.5890159
PHF1,0.58898646
UBXN6,0.5889749
PEX1,0.5889646
TRMT10C,0.58895355
GCFC2,0.5888959
CNOT10,0.58889526
PARP4,0.5888713
NUDC,0.58885103
CRADD,0.5888494
MIEN1,0.58884263
GPANK1,0.5887545
KCTD1,0.58874696
NDUFAF6,0.58873355
PFKM,0.5886851
IFNLR1,0.5886767
MYO9B,0.5886615
GNAO1,0.58865035
CNNM3,0.58862907
ITGB1,0.5886182
GNPDA2,0.58859235
NDUFA6,0.5885667
HES1,0.58855444
ASNS,0.5885398
JUP,0.58852017
ITFG2,0.5885069
POLR3C,0.5884653
HSPH1,0.5884476
MRPS2,0.58841115
KATNB1,0.58839536
DPH6,0.58837587
DLG3,0.588373
MED15,0.58826727
DNTTIP2,0.5882612
EHMT1,0.58825547
DYNC2H1,0.58825475
METAP2,0.5882522
ITGB2,0.58819294
GPX8,0.58817977
UROD,0.58817184
NDUFS3,0.5881572
STXBP4,0.58813703
NDUFA4,0.5881006
KHNYN,0.5880973
CROT,0.5880501
LYPD3,0.58802706
MBNL1,0.5880062
EPAS1,0.58799124
MTHFD1L,0.5879657
PDLIM7,0.5879601
STX7,0.587954
UNC119,0.5879487
POLR2B,0.5879373
HEXA,0.5879138
GPS1,0.58790654
MED28,0.5879012
PRKRA,0.5878827
POLR3D,0.58787394
NCOA2,0.5878697
MPI,0.58785576
MFAP3,0.58784664
SUMO3,0.587833
IQCB1,0.58781624
LMO7,0.5878065
LAMC3,0.5877775
CBY1,0.5877643
EPCAM,0.58775675
CCS,0.5877069
MRPS24,0.58769536
SYNRG,0.58768606
NAGPA,0.58767664
PARN,0.5876684
ICMT,0.58766097
GALNT12,0.58765936
NEIL2,0.58765054
KCNG1,0.58763605
RNF11,0.5876337
FXR1,0.58762133
QSOX1,0.58760667
LAPTM5,0.5876035
KNTC1,0.5875857
OAZ2,0.58746344
NDUFV1,0.5874543
LSM3,0.5874074
PCOLCE,0.58735895
HEATR1,0.58735245
FIS1,0.5873082
GOLM1,0.5872949
ME1,0.5872863
MED22,0.58728313
PPIP5K2,0.58727837
LSM7,0.58726627
FBXO8,0.58725
POLD3,0.5872435
FBXL17,0.5872224
MRPS27,0.58721477
HNRNPU,0.58718216
NDUFA8,0.58716816
ARPC1B,0.5871598
MXRA8,0.5871559
MECOM,0.5871466
PHF21A,0.58714086
COL4A6,0.5871082
POLDIP3,0.5871064
PTGFRN,0.58707833
GAB1,0.5870594
MGST3,0.58704424
NES,0.5870059
FNIP1,0.5869694
MORC2,0.5869294
MOCS2,0.586889
MAP3K4,0.5868867
NVL,0.5868523
MZT2A,0.5868263
POLR3B,0.58681047
ELAC2,0.5867978
INPP4B,0.58675724
CHMP4C,0.5867414
NDUFS6,0.5867272
NFRKB,0.58670366
GRK6,0.58666056
ZNF445,0.58665794
NCAPD2,0.58661324
FSCN1,0.58660275
TGIF1,0.5865886
GMEB1,0.58657056
PEMT,0.5865652
SHMT1,0.5865269
SERPINE2,0.5865176
LONP2,0.586506
HOXB6,0.58649534
PLCG1,0.5864892
NSUN4,0.5863979
MEIS1,0.58638006
ESYT1,0.58637744
ECHS1,0.5863574
RBCK1,0.5863345
TRMU,0.5863272
DPH3,0.58629847
HNRNPLL,0.58627474
TAP1,0.58627367
MKRN1,0.58627295
MFGE8,0.5862681
NELFE,0.5862536
BAIAP2,0.58624154
MCCC2,0.5862275
GFER,0.5862212
JAZF1,0.5862176
PARD3B,0.5862014
NMT1,0.58617586
IFIH1,0.5861619
GCDH,0.58615625
FGD2,0.58615613
HECTD3,0.5861407
GUSB,0.58607554
L3MBTL1,0.58606607
ERRFI1,0.5860376
BAG5,0.586011
HAUS1,0.5860108
TUBD1,0.58600134
NT5C3A,0.58598673
INO80D,0.58597386
GINS1,0.5859512
HEPH,0.58594745
GNA14,0.58593124
DPF2,0.585857
ACYP1,0.5858541
LAMB1,0.58584946
IFT52,0.58580595
ANAPC16,0.58578116
ASB6,0.58576256
RAD18,0.58572394
NGLY1,0.58567053
KDM3B,0.58566797
MAT2A,0.58565086
GNPAT,0.58565074
LBR,0.58564717
NMRAL1,0.5856466
PABPC1L,0.585645
GPKOW,0.5856399
GAA,0.5856251
NUS1,0.5856196
GTF2H3,0.5856181
MDK,0.5856162
CYB5R4,0.5855754
OAS2,0.58557355
COMMD5,0.58555603
EHMT2,0.5855113
NR2C2AP,0.5855026
IRF2BP2,0.58546305
MTUS1,0.585438
HYPK,0.5854289
HIRA,0.58542293
INTS8,0.5854223
NOM1,0.5854124
DMPK,0.5853854
MTHFD2,0.58535695
MAP3K2,0.58533907
YAF2,0.58532536
ME2,0.5853096
MDN1,0.58529437
HAT1,0.5852886
LPCAT3,0.5852886
RAB38,0.58523023
NNT,0.58522195
MSL2,0.5852143
HSBP1,0.58520186
NOP10,0.5851897
MCPH1,0.58512336
BCKDK,0.5851145
PREX1,0.5850892
MRPL50,0.585062
EPHA1,0.5850499
PREB,0.58504176
ZNF768,0.5850276
IMMT,0.5849946
MRPL37,0.58499074
HS2ST1,0.58493495
MAPK8IP3,0.5849269
SP3,0.5849214
PRDX6,0.5849196
ATPAF2,0.584916
CDC7,0.5849099
LRRC47,0.58490914
MIER1,0.58489376
ORMDL3,0.5848457
ENTPD5,0.5848296
ICAM1,0.5848281
ELK1,0.58481073
LAMB2,0.5847742
PNN,0.584762
ISYNA1,0.5847614
GSPT2,0.58472383
NAPB,0.58470714
MPP2,0.5846975
LIG1,0.58467454
ERLIN2,0.58466315
HMG20B,0.5846474
MSMO1,0.5846366
PDXDC1,0.5846061
FDPS,0.5846061
FJX1,0.5845986
MAP4K1,0.5845932
GLA,0.58458894
DDRGK1,0.5845444
GPSM1,0.5845394
PUM1,0.584529
EIF2B1,0.5845168
MRPL16,0.58449084
NOSIP,0.584485
IL2RG,0.5844715
ARHGEF1,0.5844714
NUP210,0.5844669
ERF,0.5844519
ST6GALNAC4,0.5844497
IRF2BPL,0.58443576
MRPL35,0.5844129
DUSP4,0.58441114
MELK,0.5844068
ESF1,0.584383
GPAM,0.58435136
LTBP4,0.5843482
RMI1,0.58430433
DHODH,0.5842744
IL18BP,0.58426815
AURKAIP1,0.5842598
PEX10,0.5842103
PAFAH1B3,0.58420396
NSA2,0.5841973
PHB2,0.58415276
LPAR2,0.58409464
HSPA1B,0.5840791
KCNMA1,0.58407444
LSG1,0.58407307
NIPSNAP1,0.58405316
LPCAT1,0.58403766
COQ6,0.584026
GRWD1,0.58401966
MGST1,0.58399785
LPL,0.58398706
FGF11,0.5839809
CMTR1,0.58395785
MAPK8IP1,0.5839248
MRPL45,0.58391076
MARK2,0.58389485
DOCK6,0.58389044
GPN1,0.5838743
EXOSC6,0.5838644
PANK1,0.5838629
MAGED1,0.5838574
PKN3,0.58385295
GRPEL2,0.5838422
RCL1,0.58381975
LIPA,0.5837854
HELB,0.58377117
KREMEN1,0.5837632
EIF3B,0.58375895
KIF13B,0.58374447
CTDSPL,0.58374065
MVD,0.58373535
MBTPS1,0.5837299
MPRIP,0.5836983
CIB2,0.5836596
PPP1R12A,0.583634
PSMB5,0.5836329
NR3C1,0.58362126
DBNL,0.58361244
LSS,0.5836104
KIF1C,0.5836071
LIMS1,0.58359754
LLGL2,0.5835657
PRPF18,0.58356565
EXOC5,0.58354574
MRPL33,0.58353883
HIPK2,0.58352834
SF3B4,0.5835132
ISG20L2,0.58347166
HERC1,0.5834648
NAP1L4,0.58345646
NDUFB5,0.58342165
LYPLA2,0.5834007
PHLPP1,0.5833921
CNOT11,0.58337736
NBR1,0.5833621
NOP16,0.58335656
FAF2,0.5833495
CD300A,0.58334666
PSMD11,0.5833379
CCR1,0.5833237
STXBP3,0.5833177
NCOA1,0.583252
EFNA1,0.5832498
MBD3,0.58324546
MCCC1,0.58323026
DYNLL1,0.5832088
PHYKPL,0.58317256
HK2,0.58316517
SART3,0.5831441
TAOK3,0.58310604
GNAL,0.5830761
MYBL2,0.5830455
NAPA,0.5829908
CTTNBP2NL,0.5829893
SENP8,0.5829769
FAT4,0.58296734
PCDHB10,0.58295685
MRPS12,0.58294916
MLYCD,0.5829408
STRN4,0.5828975
NPHP3,0.5828909
NDUFS7,0.5828586
DVL1,0.58285576
PITPNA,0.5828501
CRY2,0.58284986
OSBPL1A,0.5828397
PPIE,0.58281994
NCSTN,0.582801
ALDH3A2,0.58279246
HSPB8,0.58278835
MAP1B,0.58278525
FBXO2,0.5827802
LTBP1,0.58276886
NFATC4,0.5827458
RPL17,0.5827283
CYP2U1,0.58267754
LIG3,0.5826581
CDKN3,0.5826509
NUDT5,0.58264047
PRPF38A,0.58262044
HSPA1A,0.58261836
HIGD1A,0.5825998
IARS2,0.5825896
ECI2,0.5825507
MRPS6,0.5825367
PRPF40B,0.5825317
GINS4,0.58252347
PAWR,0.58251846
MRPS22,0.5824871
NR1D2,0.5824783
HLA-C,0.5824671
LGALS3BP,0.58244646
GNS,0.5824348
NUBP2,0.5823962
NCLN,0.58238876
MATR3,0.582383
HM13,0.5823803
MYH10,0.58237404
IMP4,0.582369
CNTRL,0.5823459
POLL,0.58232546
DHX9,0.5822842
AGTRAP,0.58223844
GTPBP1,0.58222276
CLK1,0.5821962
PAFAH1B1,0.5821937
CPT2,0.5821865
TBC1D10C,0.5821856
IFT46,0.5821788
KLHL3,0.58217174
LYAR,0.5821485
GPR183,0.5820652
LSM4,0.5820468
SRF,0.5820467
LAS1L,0.5820408
CNDP2,0.58204
MRPL51,0.58202106
PELP1,0.5820195
GTF2A2,0.58201265
NDUFB4,0.5820064
CARD10,0.5819752
KCNMB4,0.58195645
POLR2G,0.5819337
NCK2,0.58193314
SDCCAG8,0.5819258
NAA25,0.58190644
KLHDC3,0.5818856
METAP1,0.58187324
GOSR1,0.5818602
CCDC93,0.5818583
RAP1B,0.5818503
NMRK1,0.58184826
IFNAR2,0.5818439
LUC7L,0.5818239
OTUD5,0.58180356
MRPL47,0.58180106
HSD17B7,0.58176553
DTNB,0.5817524
MZT2B,0.58174235
IGBP1,0.5817088
MAD2L2,0.5816814
GLS,0.58166385
ATP6V0A2,0.58159524
COPS6,0.58159
E2F5,0.5815207
LMNB1,0.5815106
RBBP5,0.58150893
NBEAL2,0.5815059
HOXB4,0.58147824
HOXA10,0.58146197
GPCPD1,0.58144796
PAK1IP1,0.58143795
STX1A,0.581418
RND3,0.58141357
ACADSB,0.5813988
NR6A1,0.5813885
NAA38,0.5813877
PLCH2,0.58137256
LRRC8D,0.58136433
MAPK12,0.58136284
MTMR4,0.5813607
SLC1A3,0.5813581
MAN1A1,0.58133626
ADAMTS5,0.58129245
PFDN5,0.5812906
NBAS,0.5812864
RAI1,0.5812812
KIF2A,0.58126795
FAM220A,0.5812671
LTBR,0.581202
SF1,0.5811873
ADAMTS12,0.58117956
MRPS10,0.5811514
NCKAP1,0.581094
KLHL21,0.58106244
PPM1D,0.581061
PSMB6,0.5810414
MAP4K5,0.5810368
MAD2L1,0.5810227
PPP1CC,0.5810173
ADA,0.58096325
PPP1R11,0.5809174
MYLIP,0.580875
FBXL3,0.58086
POLR2A,0.5808511
IRF1,0.58084875
ADCY4,0.5808478
MZF1,0.5808469
NFE2L1,0.5808442
MTX2,0.58082724
MTMR9,0.58082724
CTSO,0.5808261
RRM2B,0.5808146
GEMIN5,0.58079195
MYO10,0.58077747
RFX7,0.5807729
ACACB,0.5807728
MKKS,0.580759
PCBP4,0.58074725
DNAJB9,0.58073485
SCMH1,0.58073056
SLC25A26,0.58069634
ACSF3,0.5806439
KIF18A,0.5806243
NEDD4L,0.5805843
XAB2,0.58057755
MSL1,0.5805744
CCNE2,0.58057296
NFYB,0.58056766
MAGOH,0.58053637
PPP6R1,0.58052933
BIRC2,0.5804924
AUH,0.5804906
ESD,0.58045715
PPP1R10,0.5804446
RAB40B,0.5804416
MATK,0.58043903
MICU2,0.58043206
PPA1,0.5804252
B3GALNT2,0.5804181
APOE,0.5804066
FANCL,0.58040285
ADAMTS1,0.58038574
MAU2,0.5803674
LEF1,0.58036643
PPP6R2,0.5803573
MTA1,0.58035505
PACS2,0.58033204
EIF2D,0.5803193
NADSYN1,0.5803171
DSP,0.5803006
PPP1R14B,0.58028096
MPHOSPH10,0.5802783
OXNAD1,0.58025867
ITPR3,0.58022743
IVNS1ABP,0.5802093
HDAC6,0.5802092
INIP,0.58020824
MYCBP2,0.580203
QDPR,0.58019376
ZNF79,0.58019143
CUL2,0.5801785
CSTF2,0.5801718
MORF4L1,0.580169
KDM1B,0.5801595
GAN,0.58014965
NFATC3,0.58013874
CHCHD5,0.5801056
MCM5,0.5801018
AGA,0.5800782
THOP1,0.5800743
LTN1,0.58006364
PRPF8,0.58004487
DDX20,0.5800392
ARL13B,0.5800137
CXCL14,0.5800124
ADAMTS4,0.58000183
DNA2,0.579942
FBXO17,0.5799412
NOP9,0.5798983
U2AF1L4,0.5798753
NFATC2IP,0.57980067
RAB11B,0.57978606
NDUFA10,0.57976687
TANK,0.57976544
ACP1,0.5797552
METTL7A,0.5797348
OAS3,0.57970697
MED27,0.5797039
ANAPC2,0.57965016
LARP4B,0.57963264
NUDT16L1,0.57960385
MCM7,0.57960093
SLC11A2,0.57960045
PYGL,0.57959586
PKIA,0.57958895
NFYC,0.57956815
AKAP8,0.5795627
FAM20A,0.5795526
PDE7A,0.579546
MOCOS,0.5795136
KMT2B,0.5794893
MLPH,0.5794882
B9D2,0.57948345
MPHOSPH6,0.5794826
RPL22L1,0.5794807
ATG16L2,0.57946825
PPP1CA,0.5794585
TDP2,0.5794398
MEF2D,0.5794173
RAB2B,0.5794086
RABGAP1,0.5793962
MRPS35,0.5793632
DCTPP1,0.57934123
ADAMTS9,0.57932746
POLR2K,0.57932186
RAB18,0.5793202
AP3M2,0.5793195
ORAI2,0.57930845
NOP14,0.5793016
MX2,0.5792897
RPS18,0.57921624
FNBP1L,0.5792086
APOBR,0.57917774
MTA3,0.57915235
AIF1,0.5791376
COL15A1,0.57912153
KIF15,0.5791206
PRMT6,0.5791184
INTS5,0.57909137
SERBP1,0.5790876
DCTN2,0.5790631
EXPH5,0.5790493
ADAMTS2,0.57901895
OXSM,0.57901424
NPC1,0.57899565
RCC1,0.57898927
NAE1,0.57896733
MDFIC,0.5789667
SAP30BP,0.57894087
KRR1,0.578915
IFT122,0.5789146
RAB11A,0.57887745
ADAMTS14,0.57884765
TRIM25,0.57883495
RNF138,0.57881176
ACOT1,0.5787883
PNP,0.5787882
NUP107,0.5787878
PDE1A,0.5787654
GNL3,0.5787654
PPIF,0.57875466
LRIG2,0.5786686
SGSH,0.5786624
PTPN9,0.57865757
CYP2D6,0.57863945
ASGR1,0.5785877
MKNK2,0.578587
MBTPS2,0.5785089
MAPK14,0.5785077
ALKBH6,0.5785053
ARAF,0.57849735
ITGA7,0.5784933
KCNJ14,0.5784724
IL11RA,0.5784724
AP5S1,0.57846224
PPP4R2,0.5784216
HOXA5,0.57840055
RAB14,0.57839733
PHC1,0.5783899
PKP3,0.5783798
APOBEC3F,0.5783796
CLPB,0.5783537
KRIT1,0.57834053
PITRM1,0.5783361
HJURP,0.57832086
NDE1,0.57830316
TIMELESS,0.57829857
IL21R,0.57828563
UBAC2,0.5782805
ANGPT2,0.57825845
RAB5C,0.57825416
RPS26,0.57825285
AP4E1,0.5782501
ADAM28,0.57824785
APOBEC3B,0.57822657
NDUFS8,0.5782059
MYL12B,0.5781862
IMPDH2,0.5781658
PAQR5,0.5781304
RFXAP,0.5780958
NONO,0.57807195
MTHFD1,0.57804203
PNPLA4,0.57802963
ITSN2,0.5780227
GBP2,0.5780075
ASB2,0.57800615
PEF1,0.5780009
MCM2,0.57797575
ANGPTL4,0.5779718
JUNB,0.5779689
AP5B1,0.57795805
HDAC9,0.57794243
APOL1,0.5779334
MTIF2,0.57792777
MSL3,0.5779223
RGS10,0.5779171
NSMCE2,0.57791626
S100A11,0.5779153
HAAO,0.57790303
PLEKHA7,0.5778901
MCU,0.57787627
NELFCD,0.5778734
LIMD1,0.57786614
SLC25A22,0.57786065
FKBP1A,0.5778258
AKR1C1,0.5778226
NECAP2,0.5777983
NUP37,0.5777944
POM121,0.5777811
AMT,0.5777707
DBP,0.5777509
STAG3,0.57773703
PARD6G,0.5777344
LARS2,0.5777143
JMJD6,0.5776807
CDH5,0.5776769
HECTD2,0.57767254
FKBP15,0.57766896
ALOX5,0.57766646
DNASE2,0.5776633
PDS5A,0.5776603
RPL26L1,0.5776557
PSMF1,0.577644
MTMR7,0.57764125
ATP6V1D,0.57763976
PGRMC1,0.57763225
ILK,0.57762665
MSH3,0.5776252
NASP,0.5776201
PIGL,0.57760406
KRT80,0.5775894
LAMTOR4,0.57757986
ARHGAP19,0.5775728
TEX264,0.5775642
CETN2,0.577559
PMEPA1,0.5775328
PHF8,0.5775191
UNK,0.57751566
HAUS2,0.57750136
SH2B1,0.5774858
MYL6B,0.57747513
PANK2,0.5774226
TERF2,0.5774171
MED25,0.57741445
KIF4A,0.5774003
PNO1,0.577392
SMCR8,0.5773336
MRPL46,0.5773163
B3GALT4,0.57731414
SENP3,0.5772854
VASN,0.5772602
AKAP5,0.57723707
LEPROT,0.5772348
DHX37,0.5772291
MTMR14,0.577216
ARSD,0.5772027
PI4KA,0.57718647
RAD52,0.577166
PRKCE,0.57715964
LMO4,0.5771547
PDK3,0.57714796
ASAH2,0.5771467
B3GNT7,0.5771253
SIKE1,0.57710844
ADRM1,0.577104
MPDU1,0.57708603
ATP2A3,0.57707864
GGCX,0.5770735
UNC5B,0.57705486
PUF60,0.57705396
NHEJ1,0.5770465
KIF20A,0.5770379
PDHB,0.57702553
PIGU,0.5770244
PALLD,0.5769982
AMPH,0.57699734
MAPRE1,0.5769731
PNRC2,0.5769687
CWC15,0.576965
KCNAB2,0.5769622
KTI12,0.57696134
CDCA2,0.5769348
NUFIP2,0.5769155
TST,0.57691485
ARHGEF6,0.5769018
ZCCHC4,0.57689065
DNM1L,0.57686085
MIF4GD,0.5768442
NDUFA1,0.576826
PSAP,0.5768088
NCKAP1L,0.5767979
NDUFB8,0.57678306
ATP6V1E2,0.5767588
NR5A2,0.5767371
SKA3,0.57673615
BAG2,0.5767222
GYS1,0.5766897
INTS4,0.5766831
MLEC,0.57668215
RPF1,0.5766623
CCDC68,0.57666075
LGR4,0.57665926
PSMD3,0.5766311
CARD6,0.576606
ATP7B,0.57659847
TNFRSF12A,0.5765968
PFDN2,0.576582
MAN1B1,0.57656384
PLXNA1,0.57655555
NSDHL,0.5765195
NACC1,0.5765166
HMOX1,0.57651186
MRPL3,0.57649416
ACOT11,0.5764931
PPRC1,0.576408
IKZF4,0.57640624
MTIF3,0.5763984
NDN,0.5763343
LY86,0.57633257
LRRC49,0.5763247
MDC1,0.5763208
PLCE1,0.5763015
MBTD1,0.5762917
TXNRD2,0.57628906
AP4M1,0.576253
TMC6,0.57622427
SNX17,0.5761897
NCL,0.5761664
NAB1,0.576166
PSMB7,0.5761562
PPP1R18,0.5761153
RRP9,0.5760983
NAA35,0.57608694
MMADHC,0.5760162
TRIM13,0.576014
BBS5,0.5759953
HIF1AN,0.5759797
TPCN1,0.57596403
ECH1,0.5759492
L3MBTL2,0.5759487
MMS22L,0.57593244
NUDT3,0.575911
GALNT7,0.57590795
CDK5,0.5758902
IRF7,0.5758818
ORC1,0.5758748
CBLL1,0.57583183
TEAD4,0.5758152
CD248,0.5758111
MIA3,0.5757667
PCYT2,0.5757603
PLD1,0.57572734
RASAL2,0.5757096
MBD1,0.5757076
BBS12,0.575688
RPUSD4,0.5756853
DFFA,0.57567245
CASP1,0.5756649
LIN54,0.57564235
KIF3C,0.5756398
MAPK11,0.5756348
CD163,0.57562214
HADH,0.5756213
SLC35A2,0.575617
ACSM3,0.57561624
ACSS1,0.5756147
RBM14,0.57559943
MED7,0.5755947
NPNT,0.5755938
NIPBL,0.5755607
NME4,0.57554674
TBCC,0.5755285
NET1,0.575527
CFB,0.5755182
IPMK,0.5754951
OPA1,0.57549113
PRKAA1,0.57548916
BAG4,0.5754863
POLR3GL,0.57548463
NDRG2,0.5754816
IMPA2,0.5754805
KIF17,0.5754626
CHST7,0.57545793
ACOT7,0.57544315
ITGB3BP,0.57543075
LAMP2,0.57540923
CACNA2D4,0.57539535
PARD3,0.57536745
INPP5K,0.5753606
MGA,0.5753397
OAZ1,0.5753386
SRM,0.5753199
NAP1L1,0.5752909
CD2,0.57525724
PLA2G4A,0.57524234
ALCAM,0.57522976
STRN3,0.5752239
PLK1,0.5752126
PA2G4,0.5752075
PPL,0.5751789
AQP1,0.5751749
MPC1,0.5751646
MLXIP,0.57516444
GABPA,0.57516325
SNRPC,0.5751627
PLEKHM2,0.5751606
ADAMTS13,0.5751473
KHDRBS3,0.5751356
RABEP2,0.57512367
ADAM19,0.5751138
ERI1,0.5750982
APOC1,0.575063
ZNF81,0.57505995
CD34,0.575034
NMD3,0.575022
PKD1,0.5750002
PLCB3,0.5749957
AP4S1,0.57496125
SGIP1,0.5749509
PUM2,0.57493955
MAGOHB,0.57490504
DISC1,0.5748885
ANKRA2,0.5748862
NUP153,0.5748673
LRRC40,0.5748415
GNB2,0.574834
RUNX2,0.5748331
PAIP2,0.5748134
PSMB4,0.57480866
COG2,0.57478607
MAP4K2,0.5747645
NLRC4,0.57475543
MLST8,0.57472885
PABPN1,0.57472676
MRPL17,0.57470626
PDE7B,0.5746921
TGFBR1,0.5746888
CLEC7A,0.5746885
ACAT2,0.57468593
NKIRAS2,0.5746807
PHF2,0.5746189
DNAJC10,0.5745751
KIF14,0.5745465
C5,0.5745194
USP39,0.5745166
STRIP2,0.57450163
NDUFAB1,0.57450134
LRR1,0.5744843
MEIS2,0.5744622
SMG1,0.5744512
RPL10A,0.5744143
PRMT7,0.57439756
PLEKHG5,0.57439387
CLDN11,0.5743813
ALAD,0.5743609
SLAMF1,0.5743493
CNN1,0.57434344
OSBP2,0.5743289
MRFAP1,0.57429504
ARHGAP6,0.57429284
NUP50,0.5742555
DNAJC9,0.5742545
PSME4,0.5742395
SNRNP40,0.57423675
MEX3C,0.57423085
RNF5,0.57422787
CAMK1,0.5742191
PSMD9,0.5741887
FAM120B,0.57417005
CLDN23,0.5741669
RPS13,0.5740932
ST6GAL1,0.5740923
RRP1B,0.5740752
SRRT,0.57407284
COLQ,0.5740704
NECAB3,0.57406795
AGMAT,0.5740413
MRPL44,0.57403374
GPR180,0.57403046
TOB1,0.5740206
PIK3C3,0.5740064
NAA40,0.57400084
BEST1,0.5739999
ABCB10,0.5739881
MADD,0.57397527
SSR1,0.5739659
PIGS,0.5739493
RNF135,0.5739333
CBX8,0.5739314
CMKLR1,0.5739288
EFNB3,0.57392865
PI4KB,0.57392055
NOLC1,0.57391727
BATF2,0.57388103
PAIP1,0.5738803
POLQ,0.57387143
LMAN1,0.57386804
PPP2R1A,0.5738438
MRPL10,0.57383984
RCCD1,0.573824
FZD1,0.57381856
ATP1A3,0.5738136
LRSAM1,0.5737872
PAXIP1,0.573774
PARK7,0.57377267
MIDN,0.573767
PSMA1,0.57376397
C3,0.5737491
PHF5A,0.57372683
ALS2CL,0.5737099
PLAA,0.5737041
CDK3,0.5736967
PARVG,0.5736953
IL2RB,0.5736678
MRTO4,0.5736649
MUS81,0.5736634
NFX1,0.57365894
PGM1,0.5736526
BHLHE41,0.5736471
ACP5,0.573626
NDUFAF2,0.57360685
CSAD,0.5736011
MBIP,0.57359993
SMOX,0.5735773
LGALS8,0.573566
MAN2C1,0.5735568
TFDP2,0.57354575
PSME2,0.5735445
NCOA6,0.57352275
RNF20,0.5735115
UBE2D1,0.5735071
PDS5B,0.57348955
POLH,0.57348454
HSPB2,0.57347155
PDPR,0.57345355
SORL1,0.5734526
NSUN2,0.5734467
CISH,0.5734333
CLIC3,0.57341874
OSTC,0.57341826
NFIX,0.57340324
PPIL1,0.573388
MRPL38,0.5733744
MEMO1,0.5733565
PRDX2,0.5733554
ARSA,0.57335275
THY1,0.57334715
PRKAR1B,0.5733189
STK36,0.57331854
MRPL30,0.5733108
RPAP3,0.57328993
RNF34,0.5732554
LSP1,0.5731836
TMEM67,0.57318103
THOC1,0.5731742
KCNN3,0.5731661
PFDN6,0.5731576
CHRD,0.57313937
TAMM41,0.57313764
MCM9,0.5731305
C1orf162,0.57313013
PLOD2,0.5731283
CETP,0.57308036
ELMO1,0.5730721
PPIB,0.57303655
SATB2,0.5730304
IFT20,0.57301295
PAG1,0.5730113
MFAP1,0.5730023
COL5A3,0.5729901
CSPG4,0.57296664
NAPG,0.5729433
PCBD2,0.572939
EVI2A,0.5729324
RTN3,0.5729033
SPIN1,0.5728999
PCYT1A,0.57289946
MLKL,0.5728658
NEU1,0.5728112
SUPT4H1,0.5728071
NOP58,0.57279474
PGAM1,0.5727928
NUBP1,0.5727897
VKORC1L1,0.5727828
NLRP1,0.5727747
POGZ,0.57275885
PRKCH,0.57274383
EIF2A,0.5727138
CD200,0.5727105
RGS12,0.5727069
AKTIP,0.5727
PC,0.57268405
TFDP1,0.57267314
COX18,0.57266706
LIMA1,0.572666
CYSLTR1,0.5726613
PTP4A3,0.5726564
SLC25A25,0.5726339
SMNDC1,0.5726156
PRR12,0.5725714
HAUS5,0.57255685
MIB1,0.572522
METTL14,0.572522
CSTA,0.572503
MCRS1,0.57250184
MPP5,0.5724929
CACNA2D2,0.57248074
CSF2RB,0.57247204
CYFIP1,0.5724516
ARHGAP27,0.5724491
RAD54L,0.5724303
HOMER1,0.5724067
RNF216,0.57239175
RAD51C,0.57236713
NADK2,0.5723658
MRPL22,0.57236254
NUMA1,0.57234883
AKR1B10,0.57234794
CNGA1,0.57234687
POLR3G,0.57234395
CACNA1C,0.5723171
ACE,0.5722941
SUPT5H,0.57228035
ACOX2,0.57227874
WDR77,0.5722768
ZNF430,0.57226914
RPS16,0.5722447
PCNT,0.5722432
RPL12,0.57216483
S100PBP,0.57215905
IFT172,0.57215834
PCCA,0.57215184
COPS7A,0.5721444
KIF3B,0.57212937
EXOSC8,0.5721287
WWP1,0.5721231
TUBGCP2,0.57212156
SF3B3,0.5720641
RAP2A,0.57206243
ARHGAP33,0.5720573
CD4,0.57204443
NR4A2,0.57203776
ATP2A1,0.5720345
DOLPP1,0.57202476
RPL35A,0.5720016
MRPS17,0.57197696
NDUFV2,0.57197165
GLRX2,0.5719634
PEX14,0.5719522
KCMF1,0.5719302
COX15,0.5719272
SHMT2,0.5719225
TARBP2,0.57191837
CEACAM1,0.57190895
SMC5,0.5718981
PNISR,0.57188445
FKRP,0.57188326
NUSAP1,0.57187915
FRK,0.57183355
PIWIL4,0.5718245
RAB6B,0.57179606
PURA,0.5717938
SEC24D,0.5717608
PLP2,0.5717473
ALDH5A1,0.5717294
SORT1,0.5716944
LCLAT1,0.5716897
CXCL16,0.5716867
RACGAP1,0.5716698
HOXB7,0.57164276
AADAT,0.5716212
MAP1S,0.571601
HTRA2,0.5716004
AK1,0.57158524
TNFRSF1A,0.5715093
CHRNA10,0.57150567
CHN2,0.57150054
NFIA,0.571495
MPHOSPH8,0.5714879
RRAGA,0.5714811
RER1,0.57147706
NR4A1,0.57146245
MRPL19,0.5714281
CCR7,0.57141453
RPL18A,0.5714063
HCCS,0.5714011
MGAT2,0.57140046
PRPF40A,0.5713631
CPLX1,0.57136154
POMGNT2,0.5713413
MRPL11,0.5713361
IL20RB,0.57133305
PDLIM5,0.5712854
DCN,0.57127905
PIF1,0.57127476
POFUT1,0.57125616
PIK3R5,0.57124794
DNAJC2,0.57119715
PTPN2,0.5711844
UBE2I,0.57117826
LZTS3,0.5711416
LSM2,0.5711164
SPAG9,0.5711153
KLHL9,0.571104
MRPS15,0.5710874
RNF8,0.57108676
PHB,0.5710642
CARD9,0.57104313
ETFDH,0.5710379
ECD,0.571033
PER2,0.5709805
MRPL24,0.57096726
TNFAIP8,0.5709379
LPCAT4,0.5709358
PCDH7,0.57092464
UBE4B,0.5709211
ANAPC13,0.5708869
CHFR,0.57087886
SCIN,0.5708627
NEDD9,0.57085997
EDNRA,0.5708467
LEPR,0.57083166
NDC1,0.5708306
ENOPH1,0.57082134
PSENEN,0.5708045
OPHN1,0.57079023
PTBP2,0.57078797
NLN,0.5707511
ODC1,0.57073706
FCGR2A,0.5707285
SMURF1,0.5706831
AGER,0.5706757
PDE4D,0.5706745
MRPS5,0.570661
TMEM11,0.57065254
MANF,0.57061464
NEK6,0.570612
COL6A3,0.5705948
STARD10,0.570571
LXN,0.57055336
PIP4K2A,0.57052183
PTPRM,0.5704941
IGFBP7,0.5704941
GATC,0.5704847
GNPTG,0.5704764
MYBBP1A,0.57046866
RDX,0.5704513
RANBP3,0.57042456
PPP1R12C,0.5704241
NSMCE4A,0.5703717
PHKA2,0.5703452
OBSCN,0.570341
KIDINS220,0.57033175
PDE4B,0.5703284
AIP,0.57031196
PRPS2,0.570298
PLRG1,0.5702875
FGD1,0.570252
ALG3,0.57025063
SPPL2A,0.5702256
ECM1,0.5702185
ALYREF,0.57020265
PVR,0.57017714
IL17RD,0.5701746
PNPT1,0.57013613
TNIP2,0.570131
SPATA2L,0.5701298
RPS3A,0.5700796
ZNF84,0.5700276
PEX13,0.5700181
ANO1,0.57000315
NOC2L,0.56998885
PRDX1,0.5699802
PTDSS2,0.56997025
DCAF4,0.5699553
BAMBI,0.5699377
PTPN12,0.5699144
WDR18,0.5699071
ABCD1,0.56990135
ATG9A,0.5698866
APBB3,0.56987834
MFN2,0.5698544
NEO1,0.5698528
PPARD,0.56983984
HEBP1,0.5697985
SCO1,0.56977564
HPS6,0.56977403
PGAP3,0.5697682
PKM,0.56975716
PTPRU,0.56975394
RBM15B,0.5697538
PCDH1,0.5697355
PPP1CB,0.56972086
ORC3,0.56971043
TARDBP,0.569709
PFN1,0.5696917
ACD,0.56969005
NCBP2,0.5696609
ACER2,0.5696418
MINK1,0.5696198
RPS5,0.5696183
NUDT12,0.5696057
BTC,0.56959546
NEMF,0.56958354
SKA2,0.5695811
MVP,0.56956625
POLR2J3,0.56953156
PLOD3,0.5695042
RNGTT,0.5695021
SCNN1A,0.5694897
EGR2,0.5694886
GADD45GIP1,0.56948596
BET1,0.5694519
LRP5,0.56941277
RAB27A,0.5693986
HES4,0.569375
BGN,0.56936854
MZT1,0.5693135
GLCE,0.5693112
AP2A1,0.5693041
MX1,0.56930083
SERPINB6,0.56929463
SAT2,0.5692641
TXLNG,0.5692539
CWF19L1,0.5692535
DPP4,0.56924546
PSMC5,0.5692424
KDELR2,0.56924117
MPG,0.5692408
MRPS26,0.569231
CYP27A1,0.56921417
MAP1A,0.5692006
DLL1,0.56908786
VLDLR,0.56908333
RMND5A,0.5690798
RAB4A,0.56905264
PHC3,0.5690493
AIFM1,0.56904
GALK2,0.5690331
RFC2,0.56902605
AGPAT2,0.5690242
MON1A,0.5690234
TACC1,0.5689987
MED6,0.5689863
CCR10,0.5689746
ARCN1,0.56895226
PEX7,0.56893396
OXCT1,0.56889784
MAP3K5,0.56889683
SF3A1,0.5688734
RAB3GAP2,0.5688699
MFN1,0.5688695
PPIL4,0.56884557
MYADM,0.5688261
LEMD3,0.5688205
SCP2,0.56881654
SCAMP1,0.5687969
RPS6KB1,0.56879294
SPTBN1,0.5687885
FUZ,0.56878287
FCHO1,0.56876993
HSPA1L,0.5687649
RRP7A,0.5687595
PTPN14,0.56872356
RUFY1,0.5687154
SNRPD2,0.5687143
RAPGEF1,0.5686602
PIK3R3,0.5686594
RPP30,0.5686532
RBFOX2,0.56863874
PKN2,0.56863546
SARDH,0.56863415
NPLOC4,0.56861913
ADRA2A,0.56861824
NAT10,0.56860244
PRKAG2,0.5686014
EPHB3,0.56859535
NOMO1,0.5685924
UTP14C,0.5685901
SH3GLB1,0.5685883
SDC2,0.5685398
POLR2I,0.56853944
TMEM63A,0.5685062
CYTH2,0.5684829
PDE3A,0.5684795
RNF114,0.5684481
OMA1,0.5683776
GTPBP10,0.568376
PDRG1,0.56836224
RHOBTB1,0.5683608
RAB1B,0.5683344
MED13,0.568318
PIP5K1A,0.5683136
TM7SF2,0.5683022
RUVBL2,0.56828773
COL9A3,0.56828773
KPTN,0.56828415
POLA2,0.5682722
ST3GAL3,0.56826925
PSMD1,0.56826705
GIMAP8,0.568238
PFKFB4,0.56818795
PIGF,0.5681776
NAA50,0.56817746
PNPLA6,0.56815904
SBF1,0.5681376
NEK1,0.56809264
MR1,0.5680786
PIH1D1,0.56805545
AMOTL2,0.56805164
GSDMD,0.56804895
FBXL22,0.5680432
NMNAT2,0.5680276
UBE2Q2,0.56800556
MICA,0.5679985
CYCS,0.5679807
CX3CL1,0.5679705
NDUFA13,0.5679681
POLR3E,0.5679662
NFKB1,0.56796265
NDUFA3,0.5679444
MRPS9,0.5678858
ST3GAL2,0.5678735
PEX16,0.5678381
BDKRB1,0.5678334
RIPK1,0.56783223
OCLN,0.56780714
ABTB1,0.56779075
FUCA2,0.5677805
NME2,0.5677352
PPM1K,0.56770474
RHBDF2,0.5676883
PRMT5,0.56768703
STX10,0.5676766
TTL,0.56765544
WASF1,0.5676539
PRPS1,0.5676492
ARHGEF4,0.56764007
ZNF251,0.5676157
PDIA3,0.5676146
MRPL54,0.56759727
TMED3,0.5675956
OLA1,0.5675904
NCAPG,0.56755143
ANO2,0.567551
ME3,0.56754535
PPP1R13L,0.5675449
ERMAP,0.56753576
CUL5,0.56752425
SSBP3,0.56750953
ADAMTS10,0.5675083
SREBF2,0.567499
PTAFR,0.5674518
CPEB2,0.5674416
LIG4,0.5674218
NDST1,0.5673651
AGGF1,0.5673627
ZNF101,0.5673316
REEP3,0.5673312
MRPL1,0.56732845
SELPLG,0.5673242
LOXL2,0.567313
SPHK2,0.56731117
NEK7,0.5673006
RAB8B,0.56729186
SEPHS1,0.56728595
PMPCB,0.56724143
SNRPB,0.56723094
DPH1,0.56721985
MRPS30,0.56721485
RBBP8,0.567212
LRP1,0.5671985
PPP4R1,0.5671976
RTN4R,0.5671919
NUP93,0.56719065
NID1,0.5671474
TBC1D4,0.56710815
TXNL1,0.56709385
CCDC59,0.5670865
KCNIP4,0.5670812
RBM34,0.5670632
ACOT2,0.5670477
CRMP1,0.5669853
SCD5,0.5669833
SAP30,0.566972
PRKCA,0.5669386
DES,0.5669201
GSTM2,0.56691706
HSPA13,0.5668834
POLR2D,0.5668623
EIF2B2,0.56681645
FCER1G,0.56680924
ZKSCAN1,0.5667906
PGM3,0.5667829
PCID2,0.5667723
ACAA1,0.5667671
MBD2,0.56676584
SPARC,0.56674474
DCTN3,0.5667409
SENP6,0.5667235
F2R,0.5667215
TPGS2,0.56671506
ORC5,0.56668866
RFX3,0.56666905
CMTM1,0.56666756
CUL7,0.5666413
GSDMB,0.5666329
NFKBIB,0.5666258
PHKB,0.56661975
PLCL1,0.56659
SEC14L1,0.566583
PDE10A,0.56656957
ACSS2,0.5665465
SLC44A3,0.5665337
HK3,0.5665268
PDXK,0.5665187
BOLA1,0.5665128
SASS6,0.56650954
PYCR1,0.5664611
STAT5A,0.5664603
SF3B5,0.56644154
SP1,0.56643397
DNAH5,0.566422
SNX3,0.5664128
PLCB4,0.5663962
SHOC2,0.5663762
TIMM23,0.5663644
SCAI,0.566303
MTR,0.5662854
OTUB1,0.5662826
NPR1,0.5662715
DNAH1,0.5662356
PSMB3,0.56623316
NOD1,0.56620264
HUS1,0.5661966
TRIP13,0.566165
CAT,0.5661497
NOP56,0.5661426
KRI1,0.56612486
IFT80,0.5661227
ITGB7,0.5661149
TFB1M,0.56610054
APBB1IP,0.566095
RALY,0.56607074
SZT2,0.5660537
NEIL3,0.56603646
PLOD1,0.56599385
SPSB3,0.56599265
NUP205,0.5659728
SETDB1,0.565963
NUP62,0.56595284
PDP2,0.56595194
MANBA,0.56594294
MEAF6,0.56592673
PELI1,0.5659045
BATF3,0.56589365
PSMC3,0.56587964
PDGFC,0.56587285
PAN3,0.5658709
RTKN,0.5658165
GNE,0.5658162
ACOX3,0.5658126
SGMS1,0.5658086
ACAT1,0.56578803
ZKSCAN5,0.5657773
EID3,0.56575805
TBC1D32,0.5657539
RPS21,0.5657484
NUP160,0.5657364
RILP,0.5657099
GNLY,0.5657044
TOMM20,0.56568307
MYO5B,0.5656812
INTS1,0.56567025
C12orf66,0.56566364
KIF13A,0.56557935
P4HA1,0.5655609
PTMA,0.5655147
PACSIN2,0.5655139
SHROOM3,0.56548625
GAS2L1,0.5654657
REXO4,0.5654491
APOBEC3G,0.56544507
GMPPB,0.5654391
POLR3A,0.5653874
CENPT,0.5653819
SEMA3C,0.56537354
ABR,0.56536335
ACSL4,0.5653516
PLEC,0.5653475
SPATA5,0.5653362
PDE8B,0.5653295
SERPING1,0.5653262
B3GNT4,0.5653191
NDUFA11,0.5652692
ALDH16A1,0.56525433
PLS1,0.5652441
SLC25A5,0.5652261
TRIM35,0.56521976
LDLRAP1,0.56519294
NRBP1,0.5651886
IL18R1,0.5651614
ZNF180,0.56515425
PRPF6,0.56510687
KRT19,0.56509167
MED16,0.565087
MCUR1,0.565081
PLAGL1,0.5650645
KIF7,0.5650555
OCRL,0.565044
PTPRA,0.5650245
SETD2,0.5650169
SH2B2,0.5650156
MRPS34,0.5649778
NRBF2,0.5649595
PPP3CB,0.5649433
NDUFAF4,0.56493676
BLOC1S1,0.5649194
HAUS3,0.56491065
PRKCI,0.5649022
SH3KBP1,0.5648834
MAPRE2,0.56487465
MYL12A,0.56487054
MRPL48,0.5648515
NLK,0.56483376
SNRNP70,0.5648252
RPA1,0.5648095
SMAP1,0.5647868
PBX2,0.5647624
PEX26,0.564747
SMYD3,0.5647307
SRPRB,0.5647032
SCAMP2,0.5647017
STARD13,0.56470084
RFC4,0.56466293
VTI1B,0.5646411
RPSA,0.5646167
TMEM107,0.564573
RABEPK,0.5645684
TSPAN33,0.56456167
UBXN1,0.56455606
UBE2C,0.56454325
CYP2J2,0.5645415
PSMA7,0.564536
PLCG2,0.5645292
REV3L,0.56452525
TGFB3,0.56452286
TARS2,0.5645106
MGAT4B,0.56449825
TBC1D14,0.5644544
BLNK,0.5644461
SH3RF1,0.5644167
RPL13A,0.5643832
PDK2,0.56437725
SUGT1,0.5643365
ACAD8,0.56433445
POU2F1,0.56432563
NPHP1,0.5643172
TOMM7,0.56429106
RPS9,0.564253
PCSK7,0.5642499
RPL19,0.56424505
S100A6,0.5642241
KRT10,0.5641964
ROCK2,0.5641934
RAD23A,0.56416386
RBM8A,0.5641602
MTMR2,0.56415176
SYF2,0.5641506
PPP1R7,0.56413025
SH2D2A,0.56411105
CPNE3,0.5641108
PEX19,0.5641032
PUS7,0.56408423
PLXNB2,0.56407404
COX17,0.5640206
APBA3,0.56400704
DNAJA4,0.564001
PTPRE,0.5639976
SETD6,0.5639755
PSMD7,0.5639688
ABCF1,0.56395656
SNRNP35,0.5638735
ATG2A,0.56386507
PDCD6IP,0.5638612
RFC1,0.5638576
SSH2,0.5638467
PTPN13,0.5638442
CYP7B1,0.5638299
DCUN1D2,0.56378466
PKP4,0.5637741
CD38,0.5637601
HSD17B8,0.56371975
SSH1,0.5636874
FUT2,0.56368244
RHOBTB3,0.5636812
DDX58,0.5636791
PGGT1B,0.5636729
UBE2T,0.563668
E2F6,0.56365055
AGK,0.56364495
ATF6B,0.5636254
PRR5L,0.5636214
IRS2,0.5635994
SPTLC1,0.5635882
TLN1,0.5635821
ALG10,0.56357825
PEX2,0.56356615
PHACTR1,0.5635488
SCCPDH,0.56353223
FOLR2,0.56349903
PIK3C2A,0.56344676
COX6A1,0.56344056
RHOT2,0.56341463
NDUFB10,0.5633925
GPN2,0.5633469
NDUFB9,0.56334406
NUCB1,0.56329995
SLC27A4,0.5632796
ADPRM,0.5632732
GPX3,0.5632642
ZNFX1,0.56325406
SRSF10,0.5632475
NRIP1,0.5632378
ACOT13,0.56321967
MAP3K7,0.56320727
PTPRJ,0.56316566
PIGK,0.5631501
PCK2,0.56311387
SAP18,0.5630934
COG7,0.5630806
UHRF2,0.56307834
NAPEPLD,0.5630679
PRCP,0.563045
SEC61A2,0.56304395
RPL24,0.56301284
MECR,0.56300616
NLRX1,0.56300473
RAB5A,0.56300247
CCT6B,0.56297356
ZNF44,0.5629524
SMARCA2,0.56294864
SGPL1,0.56292546
L3HYPDH,0.56290185
DCAF13,0.56288373
RASSF1,0.56288034
CLEC2B,0.56287694
PLK3,0.56284565
RPN2,0.5628283
HMBS,0.56280035
NEK8,0.5627909
FBXO25,0.56276953
PRR5,0.56273615
NMI,0.56273526
RPS29,0.562731
CEP76,0.5627233
VPS41,0.5627204
ZSCAN32,0.5626957
TPD52,0.5626879
IL17RE,0.5626462
VPS52,0.5626388
GIPR,0.56261504
LAMA3,0.5625899
SEMA3A,0.562579
RINL,0.5625743
PPP1R16B,0.562553
EAF2,0.56254256
MAPK6,0.56253827
STAT1,0.56253546
MRPL55,0.5624693
HSPA4L,0.5624677
B3GALNT1,0.5624529
RARG,0.5624498
SUPT20H,0.56244045
PPP2CB,0.56243116
PSMB1,0.5624042
CALCRL,0.5623789
SPAG5,0.5623523
KLHL42,0.5623429
NOL10,0.5623349
RAB1A,0.5623101
ADAT2,0.56230605
DDX51,0.5623032
MAPK3,0.5622976
RPS7,0.5622841
IDUA,0.5622381
NUP155,0.56221795
PJA2,0.5622025
TRAP1,0.5622023
DUT,0.5622007
POMP,0.56216586
QRSL1,0.56214166
SERPINH1,0.5621362
AAR2,0.5621268
PGD,0.56207204
FANCB,0.56203675
RBM28,0.5620347
NDUFS4,0.5620295
MFF,0.56201184
KIF21B,0.56201154
SUGP1,0.56200904
STAP2,0.5619986
NDUFB1,0.56198597
TBC1D15,0.56196916
PTDSS1,0.5619667
TRPM2,0.5619509
FEZ2,0.5619485
MRPL20,0.5619393
PRKDC,0.56189317
PTGES2,0.5618839
FAM160A2,0.5618555
DCAF12,0.5618516
TOMM40,0.5618401
DHRS3,0.56181526
TRIM44,0.5618026
LMBR1L,0.5617753
TRIT1,0.56177056
SPCS2,0.56176263
SH3PXD2A,0.56174695
UIMC1,0.5617274
PIK3R4,0.56171393
FUT4,0.5617064
RRAGD,0.5616393
SOD1,0.5615854
OXSR1,0.56155825
PRPF19,0.56149524
GMPR,0.56149286
PELI2,0.56144375
ALDH1A1,0.56143534
NPHP4,0.5614311
POLA1,0.5614283
STIM1,0.5614056
SMDT1,0.56140286
CD5,0.56129515
RBPMS2,0.56124717
DUSP6,0.56123036
STK25,0.56119376
NT5C3B,0.5611916
SRP14,0.5611637
AGL,0.56115186
TRAFD1,0.56108516
RBL2,0.5610665
ZNF678,0.5610599
PSMD12,0.56105244
SMUG1,0.56101596
PLEKHA2,0.56099117
RAN,0.5609905
PSME3,0.56098837
TBKBP1,0.56098497
TICRR,0.5609556
DNAJB14,0.5609423
NFASC,0.5609419
HHAT,0.5609069
RPS20,0.5609035
NPC2,0.5608538
RPS4X,0.5608534
ZNF33A,0.5608084
TBC1D5,0.56077224
DPH2,0.5607695
PDE8A,0.56075895
MFSD12,0.5607576
RAB5B,0.5607332
KCNMB3,0.5607081
UBE2F,0.5607071
CHMP4A,0.56070435
CD247,0.56069964
CIDEB,0.56067914
NR2C1,0.5606762
NFATC1,0.5606545
KRBOX4,0.56063926
SEC31A,0.5605825
TSC22D3,0.5605689
NDUFA5,0.560555
PARP3,0.56054735
NUB1,0.56053805
PLEKHG2,0.560532
PDCL,0.56051683
FBXL7,0.5604693
RPL32,0.5604384
SCAP,0.5604288
UGCG,0.5604092
PPARA,0.56038445
RPE,0.5603777
YIF1A,0.56037277
PTGIR,0.5603377
PICK1,0.56033003
ZNF451,0.5603143
PPP6R3,0.5603047
NFIL3,0.56029266
RORA,0.56025535
NAA60,0.5602291
WIPF2,0.5602052
ID2,0.560197
SSX2IP,0.5601953
RPL8,0.560192
SRP72,0.56014895
SDAD1,0.5601454
ACSL1,0.56011075
SEC61B,0.56009966
RAB30,0.5600967
SPPL3,0.5600948
SMC6,0.56007975
PDCD6,0.56007266
MFSD10,0.56005484
NTAN1,0.56005365
DHDH,0.56003
RHPN1,0.56002
PSME1,0.56000036
CCDC97,0.55999684
TUBA4A,0.5599838
IL10RB,0.55995923
CXCL10,0.55995715
SRD5A1,0.5599396
TIA1,0.5599288
UBAP2L,0.5598877
PIR,0.55985916
NOP2,0.55983543
ZNF32,0.55983126
FZD2,0.55981654
NINL,0.5598125
MCM3,0.5598068
ELMO3,0.55979675
BFSP1,0.5597901
MYOF,0.5597891
UBE3B,0.55978054
PINK1,0.5597539
PRKX,0.5597125
NCAPD3,0.55968577
ZNF300,0.55968416
EIF2AK3,0.55964977
SCFD1,0.55962247
SREBF1,0.559603
PFKP,0.5596017
OGDH,0.55959547
SRSF9,0.559587
SLC1A1,0.55957913
LRRC4B,0.55956537
PLXNA2,0.55956274
EVPL,0.5595603
ABCD4,0.55955523
PAPSS1,0.55954397
RCOR3,0.55954105
TXNL4B,0.5595204
WDR33,0.55951995
ANTXR2,0.5595121
INO80C,0.55949575
H6PD,0.559489
SLC6A9,0.5594789
SLC12A8,0.5594716
THAP4,0.55946094
PGM2,0.55944514
P2RY11,0.5594411
SCARB1,0.5594096
WDR5,0.5594078
COQ3,0.5594028
GALNT18,0.55939645
RAD9A,0.559387
U2AF2,0.5593817
TROAP,0.55931675
PANK3,0.5593141
PYGO2,0.5593054
SKIV2L,0.55929047
PURB,0.5592769
PDE3B,0.5592351
PDPN,0.55923223
RGL1,0.5592168
RAB3GAP1,0.5592152
EXOC3L1,0.55920535
UAP1,0.5592048
CDK20,0.55920297
VGLL3,0.55918825
PRKCSH,0.5591828
STK38L,0.5591806
SLC35B1,0.5591804
RPTOR,0.55917966
PEX5,0.5591594
SH2B3,0.5591405
SLC4A2,0.5591254
RBX1,0.55906075
SMURF2,0.55903006
TM2D1,0.5590193
UBE3D,0.5589881
TYW3,0.5589824
LRP12,0.5589419
UBE3C,0.55893624
LIN9,0.55893356
SESN3,0.55893147
ISCA2,0.55887705
SLC7A6,0.5588555
MID1IP1,0.5588013
SMARCAD1,0.5587952
ITGB4,0.5587445
TSEN2,0.55873877
SIAH1,0.5587354
SRRM1,0.55871665
SLC19A1,0.5587139
NCBP1,0.5586984
VPS54,0.5586786
VRK3,0.5586675
SMYD4,0.5586429
SEC16A,0.5586359
RCC2,0.5586054
TBK1,0.558598
TMEM30A,0.55851907
RIN1,0.5585062
RTN4,0.55846834
SPTAN1,0.558462
POFUT2,0.5584565
LATS1,0.5584556
CEP290,0.5584239
RGL2,0.5584155
TK1,0.5584137
BDKRB2,0.5584034
RNF19B,0.5584028
UBQLN1,0.55839115
SLCO3A1,0.5583866
PFKL,0.5583828
URM1,0.55836344
ACVR2B,0.5583486
TEX10,0.558334
SEL1L,0.5583205
MLH3,0.5583173
ING2,0.5583163
RNF41,0.5583101
RXRB,0.55821306
PMF1,0.55821073
SRGAP1,0.55818814
KLHL11,0.55817425
SH3BP4,0.558159
RPL28,0.5581376
RPL29,0.5581352
CPT1A,0.5580797
ACAD9,0.55807805
SUPT3H,0.558078
CD6,0.5580621
ZNF304,0.5580291
PRKAR2B,0.5579978
ZNF620,0.5579956
BLVRB,0.55798584
SRPX2,0.5579743
TMED5,0.5579676
SWI5,0.5579573
POLK,0.5579269
RPL7A,0.5579221
LIN7C,0.5579078
ASB7,0.5578763
DGKQ,0.5578757
TALDO1,0.55786234
PAM16,0.5578589
RRAGB,0.5578552
SPIRE2,0.5578436
GCC2,0.5578293
PUS1,0.5578227
PQBP1,0.55782056
PSMD4,0.5577872
ALPL,0.55777776
RPL27A,0.55777764
NAA20,0.5577737
CYTH4,0.55774355
IRAK1,0.55774194
TBC1D13,0.55773723
SKP1,0.55771637
HYI,0.55769426
ACTR1B,0.5576926
TAF1D,0.55767983
NCOA7,0.55765927
OIP5,0.5576563
RBM25,0.5576442
RALGPS2,0.55764014
ZNF100,0.5576299
RBBP4,0.55760735
PTPN1,0.5575843
ADM,0.5575583
RECK,0.55755335
SPRY4,0.5575178
SLC22A17,0.5575104
TOP2B,0.5575072
SCAF1,0.5575032
GLYCTK,0.5574192
MS4A6A,0.5573503
PPP2R1B,0.557345
NIPA2,0.55728334
PAPOLA,0.5572739
TBC1D17,0.55725044
ACBD3,0.55725
ADAM22,0.55724376
EBNA1BP2,0.557232
GGT5,0.55722225
SRSF4,0.5572055
MAOB,0.5571837
SRSF1,0.5571836
PGP,0.55716974
ALKBH3,0.5571696
RBM39,0.5571516
INO80B,0.557112
DERL2,0.5570628
NDUFS2,0.55705726
TRIB3,0.5570144
SH3BP2,0.55700713
ARHGEF25,0.55699885
IDH3A,0.55698544
RAB13,0.55694973
UQCRH,0.55694664
SETD1A,0.5569429
MTF2,0.55693734
NUDT14,0.5569315
RNF123,0.5569273
PSMG2,0.5568925
SMAD1,0.55688804
GAS8,0.55687356
ZBTB7B,0.55687344
XPO6,0.5568469
PHF20,0.5567589
TUBA8,0.5567445
SDC3,0.55671924
GPN3,0.55671614
UBR4,0.55671054
CEPT1,0.5566873
SMG5,0.5566726
RC3H1,0.5566654
TTLL12,0.5566186
RTF1,0.5566137
SKIL,0.5566131
CUL4B,0.5566079
RPRD1A,0.55659634
RBP1,0.5565914
WASL,0.5565671
UCP2,0.55653614
RPS8,0.5565337
ACTL6A,0.5565317
STRADA,0.5565231
ENTPD4,0.55651337
PRICKLE2,0.5564971
RGS5,0.55648166
RAB37,0.5564716
SIN3A,0.5564535
PSMC6,0.5564501
COPS4,0.5563997
SLC7A5,0.5563956
PSAT1,0.5563724
TUBGCP6,0.5563511
ZFC3H1,0.5563385
RNF111,0.5563241
SMC3,0.5563235
TLE3,0.5563226
SCARA3,0.55628955
SUPV3L1,0.5562494
MAFF,0.55623484
RASA3,0.5561988
DDHD2,0.5561408
USP32,0.55614
PLEKHA8,0.55613565
TAF5,0.5561133
SCD,0.5561048
MAP9,0.55609107
THUMPD1,0.5560748
AGAP2,0.5560718
B3GNT8,0.5560489
RCOR2,0.55600804
SCFD2,0.5559995
RPS27L,0.5559987
HSPA6,0.55595034
OGT,0.5559323
PSMA5,0.5558929
HEXIM1,0.5558796
RAP1A,0.5558573
RICTOR,0.55585164
RPS23,0.55580837
TRAF5,0.5558032
SMG6,0.5557931
SMC2,0.55578494
PARVB,0.5557672
MPP6,0.5557636
MTMR1,0.5557421
SF3B2,0.5557284
SUPT16H,0.5556813
USP9X,0.5556688
NAA10,0.5556413
PIP5K1C,0.5556258
CASP10,0.5556197
USP43,0.55559915
THSD1,0.5555878
RLIM,0.55558515
RPL3,0.5555827
MIS18BP1,0.5555487
STRIP1,0.55553204
CD36,0.55552495
SEC22A,0.5555172
PPFIBP2,0.5554939
USP5,0.5554924
TIMM21,0.55544174
UQCR10,0.55541736
KRTCAP2,0.55538243
WDR75,0.55537504
RIF1,0.55537444
TLE4,0.5553693
TMEM115,0.55534565
ECE2,0.5552983
SPN,0.5552959
TGFBI,0.5552774
ACAP1,0.555242
POLD2,0.55523616
PPP3CC,0.5552278
RPL15,0.5552095
SREK1,0.555197
ROBO1,0.5551772
SLC44A1,0.55516005
ZNF780A,0.5551498
UBE2E3,0.5551138
CBR4,0.5551105
PTGES3,0.5551087
GBP5,0.5551006
ST3GAL1,0.5550819
PRDX3,0.5550758
TAOK2,0.55507296
RCOR1,0.55502707
KIFAP3,0.5550081
PLCB2,0.55500084
NELFB,0.55499214
TRAF3IP1,0.5549796
TACC3,0.5549792
ZFP36L1,0.5549556
PPM1A,0.55493885
MMAB,0.5549254
PITPNM1,0.5549114
WDR41,0.55490714
LLGL1,0.55483025
PRPF31,0.5548097
SAT1,0.5547824
RPL11,0.5547494
SEC22C,0.55473465
SMARCC1,0.55471665
PGM2L1,0.5547082
PANX1,0.5547047
SACM1L,0.5546896
PPP3CA,0.5546501
VCAN,0.554624
SLC2A3,0.55458117
TAOK1,0.5545153
PLXNB1,0.5545139
SRI,0.5544654
ZNF527,0.5544607
AOC3,0.5544517
RPL23A,0.5544439
DYNC1I2,0.5543872
SMARCAL1,0.5543852
VPS25,0.55437124
STAU1,0.5543288
ANO7,0.5543181
SENP1,0.5543121
TOR1A,0.5543106
TIPRL,0.5543057
SPDL1,0.554287
TAF4B,0.5542849
RAB11FIP3,0.55428326
TATDN2,0.55423987
NOB1,0.5542158
YIPF2,0.55415964
USP14,0.554125
ERN1,0.5540969
TRIM46,0.55408025
ACADS,0.5540552
TBC1D10B,0.5540518
SMARCC2,0.5540305
XYLT2,0.5540189
SPINT1,0.5540117
ACSL5,0.5540021
PHF12,0.5539967
ACVRL1,0.55398655
PYGM,0.55395675
SEC62,0.5539161
WBP1,0.5538995
USP7,0.5538957
SSBP4,0.55387574
ST13,0.55387443
ZNF830,0.55382866
REXO1,0.5538182
TFCP2,0.55381197
VPS11,0.55378705
ARL4D,0.5537683
TAF4,0.5537528
MAFK,0.5537487
NAGA,0.55369836
APRT,0.55367446
PIAS3,0.55365795
PJA1,0.5536401
WDR36,0.55363935
STX6,0.55363065
PHC2,0.5536277
PLXND1,0.5535923
SERINC3,0.5535802
XPOT,0.55357224
TOP3B,0.5535449
PIGW,0.5535446
EPHX2,0.55354273
WRNIP1,0.55354077
CRAT,0.5535339
SLC9A3R1,0.5535243
ZMAT2,0.5535237
ZNF207,0.55351317
CD96,0.5535117
SLC7A8,0.5535097
SRRM2,0.5534961
RIT1,0.5534958
KRT5,0.5534926
TERF1,0.55346
TPCN2,0.5534435
WDR82,0.55343527
ABCF3,0.55342644
PIGT,0.5534198
TLN2,0.55341536
STT3A,0.55339694
CYP3A5,0.5533862
NR1H2,0.55337703
CLIC2,0.55337495
PKN1,0.5533633
PARP2,0.55336136
UVRAG,0.5533603
TXN2,0.55334485
RTEL1,0.5533206
TBC1D20,0.55331886
RNF168,0.5532982
WDR48,0.55329025
TRAF2,0.5532859
PSMD8,0.5532533
UPF1,0.5532318
TMOD1,0.5532148
SCYL1,0.5531932
SEC24C,0.5531877
RBM22,0.5531796
PYGB,0.55317724
ORMDL1,0.5531695
STX5,0.55316275
ACP2,0.5531573
SRP68,0.5531533
NPRL3,0.5531484
SCLT1,0.5531473
PTK2,0.55310804
RAP1GDS1,0.55309373
RCSD1,0.5530928
TUBA1A,0.5530888
UBE3A,0.553076
PDE4A,0.5530428
SARNP,0.5530404
ACO1,0.5530109
STX12,0.5530032
DCHS1,0.5530002
PRKAG1,0.55291295
SLMAP,0.5528588
IQCE,0.55285865
PES1,0.55285686
NOL12,0.55285347
NAA15,0.552849
VPS37C,0.5528457
PIGM,0.55284274
SHQ1,0.55274004
SQLE,0.5527356
VAV3,0.5527323
TRIP10,0.5527281
RUVBL1,0.55270636
PSMD2,0.5526994
MON1B,0.55268574
CCNK,0.5526808
SERGEF,0.5526475
TRPC4AP,0.5526461
TICAM1,0.5526253
TIAM2,0.5525577
DHX58,0.55252767
PPFIA1,0.55250955
TRERF1,0.5524949
RERE,0.55247384
PDCD4,0.5524397
PPP2R5C,0.5524189
TYW1,0.5524158
ANPEP,0.55240536
TCIRG1,0.5523564
SRPK1,0.5523371
F12,0.5523287
KCNQ1,0.55231994
TBCD,0.5523074
WDR11,0.5522924
IDH3B,0.5522762
TADA2A,0.55227065
VCPIP1,0.5522678
HSD11B1L,0.55226654
UTP23,0.55225426
SDF2,0.5522378
SOCS7,0.5522272
ZDHHC7,0.5522264
NEK2,0.55222285
RPS15A,0.55221653
USP15,0.5522019
SSU72,0.55219966
ZNF622,0.5521962
TTF2,0.552181
RUSC1,0.55217606
LRCH1,0.55214727
TRAPPC10,0.5521306
SAFB,0.55211055
PLEKHG6,0.5521092
SPAG16,0.55210525
TAF7,0.55208194
RAP1GAP,0.5520766
FZD8,0.5520057
SOS1,0.551982
SRSF7,0.55194026
PEX3,0.5519335
RAB9A,0.55192614
RPL13,0.5518942
TRAF3,0.5518907
IRAK3,0.551881
PRKAB2,0.55187756
ACIN1,0.55187696
SLC1A5,0.5518558
UBE2E2,0.5518511
PFKFB3,0.55184287
ABI3BP,0.5518169
TUBB3,0.5518054
ABHD12,0.55180013
PIKFYVE,0.5517881
REEP4,0.5517863
TMED9,0.55174977
ST8SIA1,0.55170524
SEC11A,0.5516964
RAPH1,0.55169576
TRIM3,0.5516449
RABGEF1,0.55156744
MED23,0.55156416
ADAMTSL4,0.55148655
MPND,0.55144423
MRPS16,0.55142796
SLAIN2,0.5514018
LMAN2L,0.551387
PXN,0.5513669
NOTCH3,0.5513498
XPR1,0.55133575
AKR1C2,0.55133545
STT3B,0.55129933
OAT,0.551255
TRNAU1AP,0.551228
SSBP2,0.55118513
SNRNP27,0.55118126
ACADM,0.55117136
FOS,0.55115306
RALGAPA2,0.5511477
RPS27,0.55108947
RHOG,0.55107135
UGP2,0.5510612
SNRPA,0.55103403
UBLCP1,0.55102557
NABP1,0.55101496
CEL,0.5509964
TOX4,0.55099493
SYVN1,0.55095375
NME3,0.5509355
UQCRC1,0.5509354
PFN2,0.55093384
SRPK2,0.55092424
RAB3IP,0.55091596
NANP,0.55088776
VAPA,0.5508728
NSUN6,0.550834
RALBP1,0.5508293
OTUD3,0.55077773
TES,0.55077547
BTN2A1,0.5507446
E2F2,0.5507402
HMOX2,0.5507374
SNRPD1,0.55071294
PIGB,0.5506766
RPL34,0.5506656
RALGAPB,0.5506643
PSMC2,0.5506519
USP48,0.5506492
NUBPL,0.55063945
GDPD1,0.5506118
TXNDC12,0.55059654
RPAP1,0.55058104
STARD8,0.55055416
SNX5,0.55054766
TAX1BP1,0.55054593
ROR1,0.55054134
NSMAF,0.55050224
FAM111A,0.5504986
TRAK1,0.5504931
WSB1,0.5504818
RTCB,0.55046624
UQCRFS1,0.5504641
RPS2,0.55045223
PSEN1,0.55044484
TOMM34,0.5504044
AASDHPPT,0.550344
PLIN2,0.55034286
PPP1R15A,0.5503428
QPRT,0.55032015
ITPKC,0.55031943
USP46,0.5503032
POLR1E,0.55030304
PGF,0.5502971
SLX4,0.5502676
RYBP,0.5502675
SLC3A2,0.5502512
MRPS18B,0.55024445
MED20,0.5501831
SNTB2,0.55015445
MSX2,0.550152
RIC8A,0.5501197
RRM1,0.55011207
PDIA4,0.55008996
GTF2E1,0.5500816
SLC39A1,0.55007356
DISP2,0.5500611
TMBIM6,0.5500445
WDR59,0.55003554
POLR1B,0.55002594
RBBP7,0.54999435
RORC,0.5499855
USP25,0.54993206
NDRG3,0.5499278
TRAPPC9,0.549925
DSC2,0.5499105
TRA2B,0.5499081
NCF2,0.5498986
ALG12,0.54989266
TMPO,0.54987156
NUP133,0.5498639
ZNF664,0.5498178
POLE3,0.54980433
PDLIM1,0.54979557
PPP2R5A,0.54978997
PDP1,0.5497854
EIF4E3,0.54977787
KCTD6,0.5497718
TRIM32,0.54974896
NARS2,0.5497419
DGKE,0.5497197
SHISA5,0.54971224
PEX12,0.549697
SQSTM1,0.54967856
SAMM50,0.5496282
UBE2Z,0.5496046
RRP8,0.5495977
NR2C2,0.54959357
TMC8,0.54958636
SPICE1,0.54957896
ACOT4,0.5495506
TRAPPC8,0.54953605
TMEM147,0.5495224
SOX4,0.5495153
PSMB10,0.5495087
VPS26A,0.5495063
NOC4L,0.54946554
ABLIM3,0.5494085
SNRPA1,0.54939955
PAF1,0.5493967
TUBGCP5,0.5493679
STK24,0.5493674
GLDN,0.5493377
DNAAF2,0.54923415
ACOX1,0.54919666
SEMA4A,0.5491457
GPER1,0.54913867
PIGG,0.5491373
SNRPE,0.5491261
TOP2A,0.54909503
PSMB2,0.5490888
PDZD11,0.54908
APOO,0.5490667
HPS4,0.5490386
SLC25A17,0.54903847
LSM10,0.54900926
NDUFV3,0.5489819
WSB2,0.5489527
MOB2,0.54893476
SEPHS2,0.5489204
MAN2B2,0.5489068
RING1,0.5488913
PLEKHG4,0.5488851
RPLP0,0.54887503
PPCDC,0.54886794
SSR4,0.5488476
OTUD7B,0.548823
RBMX2,0.5488147
NFKBIZ,0.54879004
MAP2K6,0.5487682
PIGC,0.5487427
RNASEH2B,0.54872715
PCGF5,0.54872185
YY1AP1,0.54871094
TPST1,0.5487084
RRP36,0.54870075
SUMF2,0.54868007
ZNF124,0.5486794
ZC3H15,0.5486546
RBBP6,0.54864055
SNF8,0.54861605
FBXO32,0.54857135
SLC25A24,0.54856956
NELFA,0.54856
YRDC,0.5485564
SSB,0.54855615
WDFY3,0.54854774
SYNE1,0.5485457
ZNF133,0.5485313
WBP4,0.54851866
STUB1,0.54849434
RPS11,0.5484844
TPX2,0.5484813
RPS6KA2,0.54847294
ADSL,0.54847085
RANBP10,0.54846376
RBMX,0.548383
TOP3A,0.5483555
WAC,0.54834527
PRKD2,0.54834056
MSRB3,0.54832304
UBE2H,0.5482994
WDR6,0.54822993
ZFYVE26,0.5482227
TMED7,0.548211
TUBGCP4,0.5482109
UBE2G1,0.5481881
ORC4,0.5481642
MCF2L,0.5481473
ZNF638,0.54811025
TCERG1,0.5480931
C15orf48,0.54809064
YBX1,0.5480839
SMAD6,0.5480342
UBE2E1,0.5480125
RECQL,0.54797345
SGSM3,0.54796237
RPS6KB2,0.5479453
STXBP2,0.5479432
RALB,0.54792106
TCF7L1,0.5479199
TCTN3,0.5479129
UBQLN4,0.5479029
MMP15,0.54790205
RNF7,0.5478792
SLC27A5,0.54783946
RNF220,0.54783607
CYP39A1,0.54782325
RPS6,0.5478121
ZNF202,0.5478069
RPL23,0.5477931
LNX2,0.5477278
RAPGEF5,0.5477047
RAB10,0.5476956
SRSF11,0.54766345
UBE2S,0.54762995
TNPO2,0.54759544
RNF14,0.54758584
PARVA,0.5475654
SARM1,0.547525
PCGF2,0.5474741
RIC8B,0.5474525
NLRC5,0.54734796
SIK2,0.5472813
ALG2,0.5472622
TRPS1,0.54725325
TNPO3,0.5472339
SPATA2,0.5472109
SMC4,0.5472077
UBR1,0.5471946
SNRPG,0.5471885
RYK,0.547151
SLC7A11,0.54713386
TIPIN,0.5471301
SH3GLB2,0.54709727
SPTSSA,0.54708916
FECH,0.5470807
PMP22,0.54707927
TRIAP1,0.547026
POLG2,0.5470115
CWF19L2,0.54697245
RAB25,0.54695743
RPL26,0.54688865
TCP1,0.5468599
TAPBP,0.54681647
TIMM17B,0.5467902
DUOX1,0.54677695
RAD54B,0.5467628
RAB11FIP4,0.5467627
LAMTOR3,0.54675823
UBL7,0.54673535
SRGAP2,0.54671955
ECSIT,0.54666364
NRP1,0.54665375
SNAP23,0.5466525
EPB41L5,0.54664576
INHBB,0.5466344
DHRS1,0.54661983
RAD51AP1,0.54661435
YWHAH,0.5465674
FBXO6,0.5465208
EAPP,0.5464994
HSCB,0.5464865
TACO1,0.5464821
SEMA6B,0.5464813
MRPL21,0.54645103
SF3A3,0.5464218
SLC2A1,0.5463983
RBM4,0.54639566
PPARGC1B,0.5463382
PPP2R2A,0.5463302
SLC39A7,0.5463228
THOC6,0.54631966
RCAN3,0.5463123
TAF8,0.5462733
NLGN2,0.54625666
RASSF2,0.5462521
SERINC5,0.54623795
RPLP2,0.5462098
ZNRF2,0.5462066
MUL1,0.54618156
ALG11,0.54618114
UBE2J2,0.5461727
TP53BP2,0.5461324
OLR1,0.54611886
NUP43,0.54610586
RHOJ,0.54610217
PTK2B,0.54608953
RPL6,0.54607767
UBE2R2,0.5460729
RPRD1B,0.54607046
RPS17,0.54606605
ZNF516,0.5460571
LSM11,0.5460545
PSMB9,0.5460276
USP28,0.5460255
RGP1,0.54601485
RPS12,0.5460105
TSR1,0.5459837
PARD6B,0.545979
MED8,0.54594034
SFI1,0.5459358
PDK4,0.54592973
RSF1,0.54590285
SEMA3F,0.5458901
PPP5C,0.5458859
RABGGTB,0.5458775
PRPF39,0.54586715
MINPP1,0.54586667
SATB1,0.54586047
SORD,0.54581267
SPNS1,0.54576755
XBP1,0.54573035
SFSWAP,0.5457121
UBA2,0.5456622
XPO7,0.5456265
NUF2,0.54562116
STIP1,0.545605
THADA,0.5456003
PSPC1,0.54556966
NADK,0.5455441
PARP14,0.54546934
PRMT3,0.5453885
NRCAM,0.54537416
PPP1R13B,0.5453501
PTPMT1,0.54533345
UBC,0.54529685
PRKD1,0.54526323
TIMM13,0.54525864
TEAD1,0.5452421
TPI1,0.5452163
SNAPC5,0.54520786
PHKA1,0.545113
TMOD3,0.545101
SBF2,0.5450936
SYNGR2,0.54507536
STK40,0.5450739
TRIM41,0.5450334
SLC25A13,0.54502857
WASF2,0.54500663
UBN1,0.54500264
ELOVL7,0.5449981
TTBK2,0.5449868
MALSU1,0.54498214
SLC26A6,0.5449442
RPS27A,0.54491466
PLA2R1,0.5449093
NT5E,0.54488975
SUMF1,0.54487365
MAD2L1BP,0.54486746
RAB6A,0.5447768
SNW1,0.5447528
PIGQ,0.54474884
YIPF1,0.54472303
NMT2,0.5447022
MRPL39,0.5446973
UCK2,0.5446711
SIK3,0.5446668
VANGL2,0.54460716
ENGASE,0.54459894
MED4,0.54455626
SV2A,0.54452056
RAB31,0.54451716
RBBP9,0.54451597
UBE2W,0.54449934
SOAT1,0.5444974
GALM,0.5444682
PSMG3,0.54445416
PDHA1,0.5444491
TUBB6,0.54444027
TRIO,0.5444335
STC2,0.5444289
ZNF592,0.5444183
SYNJ2,0.5444115
SOS2,0.5443748
TNFRSF10B,0.54432017
UCHL3,0.54430425
RHBDD1,0.5442926
SHPRH,0.5442861
SMPD1,0.54426
PPM1B,0.5442555
TRRAP,0.5442297
RRP12,0.54421526
USP33,0.5442039
RBM5,0.5441851
PIK3AP1,0.54417247
PRMT1,0.54415023
LRG1,0.5441431
SAFB2,0.5441312
COG1,0.54413056
GOLGA1,0.5441269
STARD4,0.54409766
WDR43,0.5440571
ITGA4,0.5440524
ZNF680,0.5440441
NEDD1,0.54400325
RGMB,0.5439595
RPA2,0.5439524
SURF4,0.5439515
KIF26B,0.54393727
NRN1,0.5438959
HEY2,0.5438848
UBA52,0.54386044
RNPS1,0.54382455
PNPLA2,0.5438211
RWDD3,0.5437906
PLSCR1,0.5437585
STX2,0.54373276
PPP2R5D,0.5437079
IL12RB1,0.5436572
ST14,0.54365224
PILRA,0.54359883
SRGN,0.5435726
TIMP2,0.5435499
TAF11,0.5435472
GAB3,0.5435008
STRAP,0.54348344
YTHDF2,0.5434487
DECR1,0.54344475
RBPJ,0.5434307
POP7,0.54338324
PBX3,0.543372
TXNIP,0.5433373
XRN2,0.54329264
NCAPH,0.5432392
PRDX5,0.54320747
UBE2D3,0.5432035
PASK,0.54319715
SLC25A20,0.5431827
RMDN3,0.5431463
USP12,0.54311085
YPEL5,0.54309547
IL1R2,0.5430725
PLD3,0.5430493
CXCL1,0.5430409
TESK1,0.543013
UTP6,0.5429756
PGS1,0.542943
KIF27,0.5429118
HPS5,0.5428896
PTPRF,0.54288846
YBX3,0.5428254
TIAM1,0.5428061
TRIM22,0.54277384
RPL38,0.5427289
NPDC1,0.54269123
RPS3,0.5426648
TAF1A,0.5426242
UNC13B,0.5425852
REEP5,0.54257864
ZIK1,0.54257643
KLC4,0.54256517
TRPC4,0.5425467
TULP4,0.5425405
UBTF,0.5425386
SURF6,0.5425157
PDE6D,0.5424899
THOC2,0.5424835
TTC37,0.54246783
NLRP3,0.5424457
MERTK,0.5424284
HOPX,0.5423978
TUBA1C,0.542365
VEGFB,0.5423531
PYCR2,0.5423522
TIMM8A,0.54233825
TCEA3,0.5423382
MSX1,0.5423379
MCM8,0.542334
PRKRIP1,0.5422892
SPAG7,0.54227036
ZNF433,0.54222614
NPTN,0.5421982
OSGEPL1,0.54219365
SART1,0.54219353
YARS2,0.5421854
ZBTB8OS,0.5421752
UTP18,0.5421683
SAE1,0.5421487
TLR7,0.5420641
VASP,0.5420514
RNF169,0.54200923
SPTLC2,0.54198694
PDE4C,0.541979
CRY1,0.54190224
TXNDC16,0.5418845
PLXNA3,0.5418563
TRIM37,0.5418441
TRAF6,0.5418411
TBCEL,0.5418337
PTTG1,0.54182136
RB1CC1,0.5418152
RPL37,0.5418131
BMP4,0.5417709
PIP4K2C,0.54173756
RPL41,0.54173553
ZNF442,0.5417114
RFX5,0.54170424
TAF6,0.54167837
SMARCA1,0.5416641
ZYX,0.5416355
MSH5,0.54163134
ZNF219,0.54162526
NME7,0.54161316
TTI1,0.5415796
SPTLC3,0.54157376
SETX,0.5415452
COL1A2,0.5415211
TRUB2,0.5414232
POLR1A,0.5414218
USP4,0.5414113
PEA15,0.5414011
TBCB,0.5413826
TNPO1,0.54135096
LPCAT2,0.5413301
POLR2H,0.5413055
TSPAN14,0.5413054
PLTP,0.5413047
TRIM69,0.54130447
TSNAX,0.54129124
NCEH1,0.5412833
PLD6,0.5412813
THAP11,0.5412713
TUBB4B,0.54121166
CHI3L1,0.5411907
PRX,0.54117244
VMA21,0.5411566
OXTR,0.54114896
TIMM44,0.5411265
RMDN2,0.54105747
TXN,0.5410124
UBE2G2,0.54100555
SNCA,0.54100454
PPP2R5E,0.5409271
RAB24,0.5409018
RELL2,0.5408429
PCDH18,0.54083043
EFNA3,0.5407876
PPM1F,0.5407544
WNT5B,0.54074615
PBK,0.5407041
MSRA,0.5406829
LRP4,0.54068184
TDRD7,0.5406812
PTBP1,0.54065114
RAB12,0.5406072
PGAP1,0.5405834
PATL1,0.540555
RPL27,0.540544
PHF19,0.5405134
SPTBN2,0.54048604
MTFMT,0.54047793
RPRD2,0.5404769
SNX18,0.5404759
RAB34,0.54041725
UQCRC2,0.54041547
NNMT,0.54038376
PNKP,0.54034716
VDAC2,0.54033583
USP42,0.54033
NOC3L,0.5403299
TFB2M,0.54026943
PLEKHG3,0.5402633
SEZ6L2,0.54025096
MCM6,0.5402501
TNKS2,0.54017365
RAB2A,0.5401231
U2SURP,0.54008925
THRA,0.54006886
UTRN,0.5400379
NAMPT,0.54003495
SLC44A2,0.5400233
RRP15,0.5399352
ZMIZ1,0.5399182
COPZ2,0.5398941
SPRTN,0.53985035
ZNF711,0.5398252
ITGB3,0.5398177
RARS2,0.53974366
PAPSS2,0.53974056
RPS6KA5,0.53971857
SEC13,0.5397022
RAPGEF6,0.53969634
VPS51,0.5396621
MICAL2,0.5396432
SWAP70,0.53959286
TRIP11,0.53957605
PPM1L,0.53952897
TTC7B,0.53949726
TRIM26,0.5394846
UHMK1,0.5394716
GID4,0.53945196
DTX3L,0.53941196
PRDX4,0.5393745
POLB,0.53934044
TP53INP1,0.53933746
PDCD7,0.53931445
TRAPPC6A,0.5392631
PPP1R9B,0.5392456
RHOBTB2,0.5392456
B4GALT3,0.53923416
NT5C,0.5392288
NSFL1C,0.5391966
SAMD8,0.539185
SH3PXD2B,0.5391734
SORBS1,0.53915477
TSG101,0.53915
ZFR,0.5391439
SNX13,0.539122
YWHAG,0.5391126
SIRT1,0.5390485
AP5M1,0.53904426
RNF130,0.53904
NUP54,0.5390357
YTHDC1,0.539032
PPP3R1,0.5389967
UBFD1,0.53895986
TMEM97,0.5389406
TUBGCP3,0.5389015
ZCCHC7,0.5388557
RHPN2,0.53884965
ST8SIA4,0.5388441
RPL31,0.53883874
RGCC,0.53882295
TECR,0.5388178
SRP9,0.5388122
VPS37A,0.5387909
SEC24B,0.5387474
ZNF770,0.5387432
USP3,0.5387223
NDUFAF3,0.53871846
PMVK,0.53871626
RNF24,0.53869975
RASSF8,0.5386709
TAF9,0.5386185
MST1,0.53861177
WNK1,0.53860754
STARD3,0.53859776
USP1,0.5385673
SCRIB,0.5385554
RPS6KA1,0.5385553
PRKAB1,0.53854614
SH3D19,0.5385413
PDK1,0.5385331
UGDH,0.5384544
USP10,0.53845304
TADA1,0.53841394
TPM1,0.5383026
RRS1,0.5382951
NCF4,0.53825706
PPFIA4,0.53825396
ZNF385A,0.53824383
RSL24D1,0.5382114
TGFB1I1,0.5381506
VPS8,0.53809005
STAM2,0.5380854
LIF,0.5379602
SLC16A3,0.5379031
TP73,0.53788835
RPAP2,0.5378801
WDR70,0.5378711
UBE2L6,0.5378556
RHOQ,0.53782773
SERPINF1,0.5378211
TNKS1BP1,0.53781533
RGS1,0.5377697
PFKFB2,0.537733
SNAPC2,0.5376419
SEMA6A,0.53761685
ZDHHC9,0.5376168
ZNF569,0.5375998
NOL8,0.53755546
XPO4,0.53743404
RAD23B,0.53736645
TMEM126B,0.53735447
TAF1,0.53733426
ZWINT,0.537317
UQCR11,0.5372997
UBE2O,0.5372825
TNFSF12,0.5372271
MED17,0.53721625
SEC63,0.5371877
TMEM258,0.53718257
UBA7,0.53717566
SMS,0.5371563
PGAP2,0.537129
TYRO3,0.5371093
TRIP12,0.53703123
TNS3,0.5370032
SIN3B,0.5369938
TRIM28,0.53697616
MID1,0.53697425
NFKBIA,0.53696984
RAB33B,0.53696257
SYMPK,0.5369395
SRSF5,0.5368957
TRMT11,0.5368473
RCAN1,0.53683335
RPL7,0.5368323
SPIRE1,0.53682846
TRAPPC3,0.5368238
HSPA12B,0.53680634
PRC1,0.53677964
TRAPPC12,0.53674173
CLDN1,0.5366564
TKT,0.5366507
RAB11FIP1,0.5366464
PKD2,0.5366241
EXOSC4,0.53659153
ZFYVE16,0.5365431
RPP38,0.53654134
HOMER2,0.5365232
RNF103,0.53649473
TAF9B,0.5364618
SSBP1,0.53645456
SPG11,0.5364533
SSR3,0.5364511
RNASET2,0.53641105
RAD50,0.5362935
NLGN3,0.53628075
UBA1,0.53627586
ATG3,0.53623813
SPR,0.53617567
NOL7,0.536167
KLHL22,0.5361669
VCP,0.5361592
RABGGTA,0.5361446
YKT6,0.53614247
PFAS,0.53609043
PTMS,0.5360515
NIF3L1,0.5360393
ZC3HC1,0.5359944
SLAMF7,0.53596145
POLM,0.5359255
YME1L1,0.5359189
TUBB,0.5359166
TEP1,0.5358806
ZNF43,0.53587675
TAF1B,0.5358715
TIMM17A,0.53586066
HRH1,0.53584594
SLC35A1,0.5358261
MMP17,0.5357819
SMU1,0.53571165
UBE2A,0.5357113
MOSPD2,0.5356958
MOCS1,0.5356111
OBSL1,0.5355972
UBXN7,0.5355911
RHEB,0.5355484
UBE2M,0.53553176
PEX11A,0.5355071
SMG7,0.53546566
TXNRD1,0.53543365
UNG,0.53539944
RBM7,0.53539026
PPAT,0.53530705
VPS37D,0.5353041
RPL36AL,0.53529066
RUFY3,0.5352723
TNKS,0.53525466
TTC5,0.53524464
RHOB,0.53522986
TOM1,0.53519875
PLA2G12A,0.53510463
ZBTB33,0.53506976
SYNCRIP,0.5350614
TNRC6A,0.53504103
SLC25A3,0.53500235
RAB11FIP5,0.53499883
TMED2,0.5349426
ZNF76,0.53493744
SLK,0.53493214
REPS1,0.5349064
VPS36,0.53488564
WDHD1,0.5348586
SKAP2,0.5347667
PAFAH2,0.5347594
ORMDL2,0.53473157
IL17RB,0.534668
ZFPM2,0.534647
TERF2IP,0.534594
IFT57,0.5345855
STX8,0.53456575
ALG1,0.5345638
RNPC3,0.5345468
STIM2,0.5345291
YWHAZ,0.5345261
SPOPL,0.534507
SAR1B,0.5344925
TRIP6,0.5344692
WBP2,0.5344651
WDR46,0.5344561
STOML2,0.53445023
GALE,0.5343645
YTHDF1,0.53434694
TPK1,0.5343454
POSTN,0.5343327
SGMS2,0.53430724
ZNF131,0.53427577
TANC1,0.5342516
TSN,0.53423345
ZFAND6,0.5341938
ITGB1BP1,0.5341841
SMPD4,0.53415745
TRAIP,0.53415626
WDR37,0.5341549
PDPK1,0.5341283
RPS19,0.5341128
TBL1X,0.5341058
TGIF2,0.53407633
ZNF496,0.53406674
UGGT1,0.53403676
SLC30A6,0.53402275
PSMD10,0.5340126
TUBB2A,0.5339758
UQCC1,0.53393215
SERP1,0.53390336
TEAD2,0.5338928
UST,0.5338118
NTPCR,0.53378403
SESN1,0.53377444
ZNF189,0.53375745
TOPORS,0.53373736
RAB8A,0.5337204
UBAC1,0.5337012
RIOK3,0.5336281
USP47,0.53359985
SEPSECS,0.53354526
TP53BP1,0.5335398
ZNF217,0.53353244
RANGAP1,0.5335124
OPN3,0.53349894
TNFRSF1B,0.5334849
SMPDL3A,0.5334788
WLS,0.5334725
SAV1,0.5333452
RPL36A,0.53331965
STX17,0.53331935
PLK4,0.5333147
THEM4,0.53330547
NDUFAF7,0.53322315
SRCAP,0.53321064
TBC1D25,0.5331967
GLS2,0.533169
TTC27,0.5331267
GPNMB,0.53309584
STK38,0.53307295
RPS6KA4,0.53306746
TNIK,0.5329615
TMED10,0.5329602
YWHAB,0.53295416
LONRF1,0.5329302
WDR1,0.5329212
SLC35B2,0.53291893
USP24,0.5328954
PSMA4,0.5328607
PTCD3,0.53284043
VIM,0.5328151
IPP,0.53280175
LCMT2,0.53278965
SNRPD3,0.5327687
SIVA1,0.5327258
FLNC,0.53267634
PIGA,0.5326364
PLAT,0.5326103
VAC14,0.5326077
RSRC1,0.5325972
RAD1,0.5325457
PTPN7,0.5325313
RAB3IL1,0.5324585
TADA3,0.53243554
TBPL1,0.53235584
TWF1,0.5323251
MRPL41,0.53230816
HIP1R,0.5323013
LCAT,0.53228766
SLC35E3,0.53224796
PITX1,0.5322465
SLBP,0.5322452
GDAP1,0.53221667
ZNF160,0.53220403
VPS28,0.5322018
TUBA1B,0.5321764
B9D1,0.5321472
PDCD5,0.53211814
TBC1D1,0.53211373
SEC23IP,0.53205705
PDCD10,0.5320437
LMF2,0.5319703
PAQR3,0.5319196
KDM8,0.5318854
SUPT6H,0.53182447
SYDE1,0.5318238
USP37,0.5317404
TRAF4,0.5316999
POMGNT1,0.5316012
SNX6,0.531597
TEAD3,0.5315563
RIN3,0.5314662
PSMB8,0.53142154
RHOT1,0.5313333
NID2,0.531332
PHLPP2,0.5313126
WDR26,0.531212
RPS15,0.5312022
USP34,0.5311617
TRIM21,0.53114766
TRAPPC4,0.5311323
TIFA,0.5311123
RGS16,0.5311036
SMCHD1,0.5310838
SLC39A4,0.5310632
UBA3,0.53104466
PRKCD,0.53103185
ZC3HAV1,0.5309697
UBE2K,0.53091127
DCAF17,0.53090256
WDR62,0.53079116
SOCS5,0.530739
TBC1D8B,0.53070736
SUN1,0.53067446
MAP3K10,0.53066784
SPIDR,0.5306174
SNRNP200,0.5306086
VPS26B,0.5305898
PECR,0.53058684
SUV39H2,0.53058475
RPL7L1,0.5305276
LILRB2,0.5304847
GFI1,0.53047574
KIT,0.5304737
RFC3,0.5304399
YIPF4,0.5304251
RPGRIP1L,0.53037804
PMPCA,0.5303555
SEC61A1,0.5302338
PODXL2,0.53022265
TUFM,0.53020406
TPD52L1,0.5301784
SYNE3,0.53014994
TGOLN2,0.5301158
UPRT,0.5300891
LMBRD1,0.53004396
VPS39,0.529969
WDR91,0.5299633
UNC45A,0.52976984
ZNF266,0.5297631
TMEM132A,0.52967614
PRPSAP1,0.52962893
SDC1,0.5296178
ZNF605,0.52959764
PPP2R5B,0.5295288
USP49,0.5295012
VDAC1,0.52948153
POLE4,0.5294136
SMPD2,0.52940935
ZDHHC17,0.529362
STK3,0.5293532
DOK2,0.5292891
UTP14A,0.5292576
SNAP29,0.5291425
RNMT,0.5291307
PPIL2,0.5290515
SNAP47,0.5290427
UCHL5,0.5289713
SHCBP1,0.5289157
WWP2,0.5288919
PTPN23,0.5288572
F5,0.52885187
TIAL1,0.52884066
TRAF3IP2,0.5288238
PPIG,0.5287535
ZDHHC21,0.52875316
VPS4A,0.52872837
MAP2,0.528722
VPS35,0.5286999
RIMKLB,0.52860576
TNFRSF11B,0.52858937
SORBS3,0.52858216
KAT2A,0.52838516
ASB8,0.52836853
PKP2,0.5283271
SLC30A1,0.5282866
TAF3,0.5282361
WNT5A,0.52811754
TRIM11,0.5281105
UBAP1,0.5279954
GADD45G,0.52793276
TPRN,0.5277504
SIAH2,0.5276963
POLR2F,0.5276742
XRCC5,0.52766013
VGLL4,0.52765924
ZNF254,0.527647
SENP5,0.5275713
MAP3K9,0.5275657
UXS1,0.52754056
UBE2V2,0.52746075
TRPV2,0.52742183
SLC9A1,0.527405
USP6NL,0.5274004
TRA2A,0.5273916
CASP6,0.52739
PSEN2,0.5273565
CDKN2AIP,0.52730554
C6orf120,0.5272974
FBLN5,0.5272694
PCSK5,0.5272129
SLC9A3R2,0.5272112
FDXACB1,0.5271291
RASA2,0.5271059
S1PR4,0.52709717
SERPINF2,0.5270928
RNF31,0.5270489
XYLB,0.52700275
ZFYVE27,0.52693075
UFM1,0.5269307
FMO4,0.52692986
TRAPPC11,0.52687436
TPT1,0.52675474
RFFL,0.5267351
GRHL1,0.5266905
PAN2,0.5266595
TSPAN5,0.5266498
MRPL13,0.5265908
RXRA,0.5265825
SLC25A12,0.52656007
RAB21,0.52653253
ZNF589,0.52638465
PRPF3,0.5262413
YAP1,0.52613896
RANBP6,0.52613294
TMED4,0.52604383
SLC25A28,0.5260291
RAB36,0.52598304
SNX4,0.5259549
PISD,0.5259516
USF2,0.52593833
PER3,0.5259315
VCL,0.52592885
CTU1,0.5258683
TCEA2,0.5258474
RFX2,0.52582604
VAMP2,0.5257564
SPRY2,0.5256033
DENND1C,0.5255371
VMP1,0.525455
TYK2,0.5254454
NIPSNAP3A,0.5253144
PRPF4,0.52530116
RAC2,0.5252447
IL15RA,0.5252115
PPP1R8,0.5252021
TAF12,0.52508706
ZFP14,0.52505964
TOLLIP,0.52503437
TTC21B,0.5249963
UNC119B,0.5248529
PEX6,0.52484334
ZMAT3,0.52476764
SMAD7,0.52474415
RIOK2,0.5247228
VAPB,0.52464354
SIRT6,0.52457887
UBIAD1,0.5245771
CHMP6,0.52453995
TWF2,0.52446824
GK,0.52441263
TOMM40L,0.52438504
GNG11,0.5243693
PTPN4,0.5243455
SRP19,0.5243445
NTN4,0.5243323
SKAP1,0.5243279
TRMT5,0.5243146
CHMP2B,0.5242921
KCTD15,0.5242769
SYNE2,0.52426875
ZNF45,0.5242546
REEP2,0.5242221
LAMTOR5,0.52421284
TOR1AIP2,0.52405196
COA5,0.5240076
SPSB1,0.5239791
SMARCA5,0.52396744
UBL4A,0.52396387
RNF40,0.5239468
PAK6,0.5239036
ZNF462,0.5238696
PBDC1,0.5238203
RAG1,0.52381015
TRAM1,0.5237673
DOLK,0.52371794
CORIN,0.5237053
USP11,0.523699
WDFY2,0.5236898
UROS,0.52366465
GALC,0.5236252
RNH1,0.5236135
ZNF7,0.52359945
MPP7,0.5235929
USP22,0.523566
TRIM2,0.523497
STK35,0.52341044
TBL3,0.52335125
TGM2,0.5233307
STON2,0.5233073
UBE2Q1,0.523295
PSMA2,0.52329355
RAB20,0.5232765
SOCS6,0.52327406
PARP12,0.5232621
POLR3H,0.52320945
XRCC4,0.5231939
TRIOBP,0.5231781
TBC1D24,0.52316016
SNAPC4,0.5231301
STK4,0.523098
CLCF1,0.5230792
SNRPB2,0.52307886
TRPM7,0.5229523
THOC5,0.52286345
PPOX,0.52280176
ZMIZ2,0.5227989
FGD5,0.52278703
ZFP36,0.5227867
SUN2,0.52267015
ZNF710,0.522619
RAP2C,0.5225501
UNC13D,0.5225042
TDRD3,0.5224796
PGAM5,0.5224582
VPS37B,0.5224568
COMMD2,0.5222352
YWHAQ,0.52216554
PPP1R3D,0.52214926
AP3M1,0.52208835
PREPL,0.5220847
UMPS,0.5220661
FRS3,0.52204657
IL17RA,0.521995
RSL1D1,0.52197146
SYT11,0.52196074
WDTC1,0.52193445
SYDE2,0.52186054
WBP11,0.52181095
TET2,0.52179384
UCHL1,0.5216194
WDR3,0.521519
SPG21,0.52151275
VARS2,0.52150756
KLC2,0.52150494
SOCS3,0.5213586
TTYH3,0.52122796
MYO7A,0.5211916
TFIP11,0.52106243
WTIP,0.52102476
SHC1,0.5209707
UBA5,0.52094835
DUSP8,0.5209468
TUBG1,0.52094054
PPID,0.5209377
FHL1,0.5209235
TRPV4,0.52084166
DPCD,0.5208171
YY1,0.5207858
STEAP3,0.5207737
SENP2,0.520734
YEATS2,0.5207123
WARS2,0.5206918
WWC1,0.52065754
VAT1,0.52064294
C1GALT1C1,0.5205438
TRADD,0.52052104
XPO5,0.5204197
UAP1L1,0.5203986
ATP13A2,0.5203621
TRMT61B,0.5203569
TONSL,0.5203102
SIPA1,0.52027965
PRNP,0.52025837
TJP1,0.5202418
TMEM70,0.5200631
SRSF6,0.52005947
STOM,0.5199999
SIRT5,0.5199924
ST3GAL4,0.51987934
PRKACB,0.51986504
PBLD,0.5197395
SNX2,0.51970524
PPWD1,0.5196852
POLE2,0.51966286
DYRK1B,0.51964104
SEC24A,0.51962566
PTPN21,0.5195266
NXT2,0.51948225
STK39,0.51947784
RANBP9,0.51943505
SIGIRR,0.5194246
ZNF431,0.51940167
VRK1,0.5193091
ZNHIT6,0.51927376
TOR1B,0.5191978
RASSF5,0.519087
SDCBP,0.51891285
TAB1,0.5188939
NDC80,0.51888466
RASAL3,0.51887167
TRAPPC2L,0.5188062
FGR,0.518759
MRPL40,0.5187551
RGS19,0.5186871
YES1,0.5186784
UPF3B,0.51859754
STAMBP,0.5184411
PI4K2A,0.51837957
ZRANB3,0.5183116
SCNN1D,0.51828194
MFSD2A,0.51826674
CUBN,0.518242
RNASEH1,0.5182197
ZFP90,0.51820743
MOAP1,0.5181579
SURF2,0.5181569
SLC27A2,0.5181279
OSMR,0.5179976
UBQLN2,0.5179677
KMO,0.5179637
TFAM,0.5178662
TMEM179B,0.51786315
UQCRQ,0.5178606
TDG,0.51785487
TTK,0.5178092
UBE2J1,0.51764864
DYSF,0.51763153
SCLY,0.5175396
PDSS1,0.517511
FPR1,0.5175106
ULK1,0.5174357
DLC1,0.51741695
GBP4,0.5173759
RTN4IP1,0.5173674
WDR83,0.51736265
RNF217,0.5173403
PLXNC1,0.5172045
RNF2,0.5171637
UBA6,0.5171546
UPP1,0.5171199
XRCC2,0.51709366
ELMO2,0.51693624
ZNF394,0.51691526
SERPINB9,0.5168634
SEC23B,0.5167818
USP20,0.5167327
SEC23A,0.5167251
TSEN54,0.51671076
USP16,0.5166454
RNF185,0.516593
MRPL9,0.5164416
LTF,0.5163906
PIPOX,0.5163675
UBE4A,0.5163169
PRICKLE1,0.5162279
GPR160,0.5162241
SGPP1,0.5162233
TAF1C,0.51621026
SPSB2,0.5161625
TSPYL2,0.5161285
SEMA7A,0.5160333
WDR19,0.51596403
TRIM38,0.5158902
JAG1,0.5158308
TGFBRAP1,0.51580775
COL8A2,0.51570135
SLC35D1,0.515695
PMM1,0.51568675
CD180,0.5155849
RRP1,0.51554996
MRPL18,0.515524
RCHY1,0.51546216
LRRK2,0.51546
TCF7,0.5154579
ZNF267,0.5153954
RAB3D,0.5151351
TAZ,0.5148284
PPCS,0.5147826
TNRC6B,0.5147398
USO1,0.5147325
ZNF212,0.5146757
TRIM14,0.5146242
SEMA4C,0.5145707
SEH1L,0.5145413
PDXP,0.5144699
POMK,0.51446784
UNC93B1,0.5144361
CREB5,0.51442176
ITGA5,0.51440436
TMSB4X,0.5143191
SETD7,0.5142655
EVI2B,0.514101
RBAK,0.5140862
ROCK1,0.5140301
SESN2,0.51401407
KCNH2,0.51400924
SNAPC1,0.5139172
TSFM,0.5139062
POGLUT1,0.5138975
MPP1,0.5137325
MRPS14,0.51372343
TJP2,0.51371473
UVSSA,0.51369387
USP35,0.5136296
RAC3,0.5135686
ZNF333,0.5134158
VTA1,0.51339656
TRPC1,0.5132344
ZKSCAN8,0.513229
USP45,0.51318204
WDR4,0.5130326
MANEA,0.51302207
SIL1,0.5129753
ZNF19,0.5129088
STX18,0.5128471
VPS53,0.5126847
ZNF485,0.5126386
SIRT2,0.51260215
TRMT6,0.51257783
UQCRB,0.51253295
UBXN4,0.5125301
GCSH,0.5124907
PIAS4,0.51246536
NXF1,0.5124587
TNFRSF21,0.51244074
RSU1,0.5124353
TXLNA,0.5123979
TDRKH,0.51237833
FUT1,0.512272
SPRED1,0.5122604
TBC1D16,0.51224244
GPR68,0.5121569
RELA,0.51212037
SLIT3,0.5120475
VPS4B,0.5120125
RPL21,0.512003
SUCLG1,0.511996
TRIP4,0.51198924
SPRED2,0.51198673
MARK4,0.51198226
NINJ1,0.51198006
GTF2H4,0.51193035
TCTN1,0.51190335
TYSND1,0.5118904
SMAD9,0.51180786
STAT4,0.5117357
SLC12A9,0.5114397
PDHX,0.5113916
UQCC2,0.5113208
TMEM50A,0.51112413
RETSAT,0.5110716
YEATS4,0.5109926
ZNF274,0.5109367
NAA30,0.5109261
UFC1,0.51084304
SRR,0.51075625
PDGFD,0.5107006
REPS2,0.5106332
PRDM4,0.51045763
RTCA,0.5104562
OSGEP,0.5103523
WEE1,0.51023406
RBM42,0.51021105
DFFB,0.5101016
PPP1R3B,0.5100272
ZNF182,0.5099886
STAT2,0.5099758
NFS1,0.50985837
MMP28,0.5097668
SUPT7L,0.50966084
PAAF1,0.50965357
RABL2A,0.50948703
USP19,0.5094611
ST3GAL6,0.50930923
ZMYND11,0.5092741
SLC5A6,0.5091905
TOB2,0.50912166
VAMP8,0.5091197
TNK2,0.50909644
ZNF253,0.5090525
ZNF3,0.508979
STX16,0.5089071
SPAST,0.50876975
TRIM56,0.50876343
ZNF41,0.50875366
FADD,0.50871843
SNRNP48,0.50870585
RNF181,0.50857764
TDP1,0.5085386
ZNF440,0.5084826
PLEKHA3,0.5084261
WDR35,0.50840944
SRD5A3,0.50836444
WDR61,0.5083512
RAB42,0.5083223
SPCS3,0.5083215
THAP1,0.5082424
TIMMDC1,0.50821334
RELT,0.50819576
YIPF5,0.50818485
DPM3,0.50809056
ZNF486,0.5079516
TAF5L,0.50791574
IER3,0.5078382
RCN1,0.50781536
RCE1,0.5077028
TSSC4,0.50768644
TTC26,0.5076197
TCN2,0.5075698
SLC27A1,0.5075556
MMACHC,0.5074586
ZNF692,0.5074254
PNKD,0.50741845
SNIP1,0.507345
NIP7,0.5072608
SYT7,0.5071748
SGCB,0.5071733
ZNF473,0.5071717
TRUB1,0.50711614
ZNF587,0.5070908
PLCD4,0.5070809
ZC3H13,0.50707054
UPF3A,0.5070694
ZNF526,0.5069573
PANX2,0.5068102
STARD3NL,0.5067926
SUOX,0.5067132
TAF13,0.5066518
RAB4B,0.5066425
EIF2B4,0.50660926
SLC12A2,0.5065375
SNX8,0.5065078
TAB3,0.5064737
PPT2,0.5063502
TRO,0.50616884
KCNIP2,0.50614685
ZNF623,0.5061103
ZER1,0.5059567
JOSD2,0.50593954
MIB2,0.50592744
KCNC3,0.5058404
SARS2,0.50568575
ZNF423,0.50566286
COQ10B,0.50557894
THAP7,0.5055407
RNF152,0.505475
ZBTB17,0.5054046
ZNF107,0.5053697
URB2,0.50536954
ZNF224,0.5051997
MYSM1,0.50507265
LYZ,0.50502867
TGS1,0.50498086
WIPI2,0.5049726
ZNF528,0.50494844
STRADB,0.5048826
RGS14,0.50485206
HARS2,0.5048505
STX4,0.5048022
NGDN,0.5047949
ZNF195,0.5047262
RAPGEF4,0.5046779
COL6A1,0.5046656
PHLDA3,0.50464326
SYNJ1,0.5046088
TMED1,0.5046016
VAMP1,0.5045917
TAF6L,0.5044695
TRAPPC5,0.5044661
RCAN2,0.50443316
CTBS,0.50428414
ZNF200,0.5042515
TOR4A,0.50422454
IKBKE,0.5041946
CLUAP1,0.5041221
RAMP3,0.5040705
SERPINB8,0.50405663
ZNF398,0.50401825
EHD3,0.50394744
SEMA4B,0.5038636
MRPS36,0.50385684
VPS18,0.50373375
MTO1,0.5035643
ZNF90,0.50353223
ALPK1,0.5034496
GCNT4,0.50341356
PSMD5,0.50336146
ZNF510,0.50325054
TINF2,0.50312895
UBOX5,0.50310266
PIGO,0.50306004
ZNF500,0.5030369
SUMO1,0.5028689
MTF1,0.5028672
MYH3,0.50270915
TRIM68,0.50248283
REC8,0.502451
RBM17,0.50237703
PALMD,0.50237113
ZNF286A,0.50223887
QTRT1,0.50223714
ZNF480,0.5021645
RPP21,0.5021638
WASF3,0.5020514
SMYD5,0.5017983
ZNF671,0.5017854
ZNF691,0.50172764
ZNF12,0.50170785
SNTB1,0.5016836
NOTCH4,0.5016507
ZNF264,0.5015115
DPP7,0.50149286
TNFRSF10A,0.5013992
PDE5A,0.5013177
LNX1,0.5012864
RND1,0.5010889
ZNF326,0.5010655
SEMA4F,0.5009076
SPOP,0.5008772
TSNARE1,0.5008572
ZNHIT3,0.50085545
ZNF621,0.50081736
PLXNB3,0.50077844
SH2D3A,0.5007245
MAPK13,0.50055337
ITGAX,0.5003714
GBP1,0.50036657
PCSK6,0.5003135
FAIM,0.5002268
WDR45,0.5000388
ZNF91,0.50003684
RABIF,0.5000147
RUNDC3A,0.4999764
SYTL2,0.49997413
CTSF,0.4999565
PPP2R3A,0.4997749
ZNF335,0.49972084
SDSL,0.4997118
SEC31B,0.4996659
PAIP2B,0.4996383
MOGS,0.4995048
MICALL1,0.4994689
S100A9,0.49946287
ARHGEF15,0.49942952
SNTA1,0.49941477
ZNF585A,0.49916646
ZNF519,0.49916515
LAG3,0.49909696
RUSC2,0.49901205
TMEM187,0.49887833
TRIM6,0.49885917
ITGAM,0.49877313
WDR55,0.49875808
UCKL1,0.498711
MTMR10,0.4986677
MYBL1,0.49859142
GALNT3,0.49856824
LIN37,0.49842373
ZNF714,0.4983895
VAV2,0.49826843
ZNF557,0.49824947
F8,0.49822935
CBR3,0.49803543
EPHB6,0.497938
ZNF74,0.49793202
SECISBP2,0.49786997
SHB,0.49786282
SNX33,0.4977443
TMEM216,0.4977195
RAP2B,0.49768996
ZMPSTE24,0.49756148
ZNF670,0.4974628
NOL3,0.4973525
ZRANB1,0.49722221
DALRD3,0.49715266
TLR4,0.49702695
RBM45,0.49702236
TFAP2C,0.49689528
DENND2D,0.4967247
TNFRSF10D,0.4966467
DCLRE1A,0.49647433
RNF38,0.49644676
TTF1,0.49638027
IZUMO4,0.4963516
PREX2,0.49628553
TBXAS1,0.49625662
FOSL1,0.49621078
ZNF143,0.4960325
PIGV,0.4959632
ZFYVE9,0.49593696
SLC25A38,0.49578038
TLE1,0.49570164
UFSP2,0.4956461
PHF11,0.49563885
ZNF460,0.49556094
SRA1,0.4955602
RASL10A,0.49538174
PCDHB5,0.49537554
TAP2,0.49536207
ZNF34,0.49504286
REXO2,0.4947894
RRAGC,0.4947615
GORAB,0.49470943
ZNF141,0.4946167
ZNF493,0.49454275
ZNF562,0.49445495
NAIF1,0.49434993
ZWILCH,0.49433035
UNC5C,0.49428958
PDLIM2,0.4941065
ZNF282,0.49402153
PLCD1,0.49397725
UFL1,0.49392605
ZNF197,0.49390623
TBX19,0.49382818
RIOK1,0.49371153
TM2D2,0.49361247
SLC22A4,0.49361008
TBC1D23,0.49358377
TRIM62,0.4935667
RASGRP2,0.4935574
LRFN3,0.49350524
MAGEH1,0.493411
RHOU,0.49316195
SLC2A8,0.49312577
PLD2,0.493115
ZNF211,0.4928986
FBP1,0.49273208
COL11A2,0.49272057
SHARPIN,0.49264225
ZNF561,0.49249047
ZNF546,0.49243635
SYTL4,0.49242496
TSEN34,0.49236825
ZNF112,0.49232918
TP53RK,0.4922987
TFAP4,0.49217147
TBC1D7,0.49203423
ZKSCAN7,0.4919504
NAT1,0.491916
TXNRD3,0.4918831
UBXN2A,0.4917631
CLN3,0.49168065
SSH3,0.4915982
LRP3,0.49159446
ZNF33B,0.4915831
TAF2,0.49156523
TRMT1,0.49155453
ZMYND8,0.49154726
SIRT3,0.49150717
ZNF783,0.4914362
ZNF317,0.4914243
KHK,0.49117413
XRN1,0.49117288
TREX1,0.49115723
PTS,0.49112228
PPIH,0.49102005
PYCARD,0.49101704
BUD31,0.49073267
SYCE2,0.49065632
ZNF790,0.49063703
ZNF544,0.49062225
ZNF780B,0.49060434
ZNF607,0.4905669
TAGLN,0.49043489
MGAT4A,0.49041796
ZNF808,0.49039748
TBC1D2,0.49018705
RGS4,0.49011612
ZNF318,0.49007168
RGS17,0.49003366
PDCL3,0.49002153
ZNF774,0.48966786
MST1R,0.48962185
NHLRC3,0.4894521
TNFSF13B,0.48942262
TRIM23,0.48934442
WNT2B,0.4892356
ZFP36L2,0.48916715
EFNB1,0.48916075
KCNAB1,0.48914695
TBC1D10A,0.48905843
TRIM36,0.48895434
POP5,0.48891068
SPTBN4,0.4887999
VPS33A,0.48874944
SYTL1,0.48871964
SPDYA,0.48868635
GALNT14,0.4886434
NR4A3,0.48859105
ZNF517,0.48853147
JMJD4,0.48838055
ZNF155,0.48834053
TELO2,0.48825184
TIMP3,0.48824695
WRAP53,0.48817557
RIPK3,0.48808354
FPR3,0.48799422
TNFSF10,0.4877717
ZNF337,0.48768526
ZFPM1,0.48762947
RNASEL,0.48760262
ZNF566,0.4874256
RNF125,0.4873233
PI4K2B,0.48727512
VIPAS39,0.4869758
OASL,0.48688874
PORCN,0.48683956
ZNF721,0.48683766
SPATA13,0.48679006
SLA,0.48667327
ZNF709,0.48656046
PARP9,0.48653942
UBE2B,0.48638365
SLU7,0.48630074
MIEF2,0.48626465
ZNF564,0.48621482
PRRT2,0.48597383
RAVER1,0.4859038
ZP3,0.48583567
ZNF791,0.4857209
YOD1,0.48568535
MTSS1,0.4856835
POMT1,0.4856811
SEMA5A,0.48556212
USP21,0.48547184
SURF1,0.48544073
ZNF250,0.48537624
STK11IP,0.4853546
RASGRP3,0.48503327
PYGO1,0.48491082
ZNHIT1,0.48489547
RDH10,0.48478314
ZNF772,0.4844341
UTP20,0.4843864
ZNF552,0.48430634
MRM1,0.48428833
NDST2,0.48427406
ZNF320,0.48426887
POU2F2,0.48421776
TSPAN12,0.484203
SETMAR,0.48413506
UCK1,0.48410276
ZNF227,0.4840889
PEX11G,0.48394412
ZNF140,0.4836547
PTPRN2,0.48356098
ZNF586,0.4834567
UTP3,0.4834119
NDUFA9,0.48333445
RP2,0.48328194
ZNF26,0.48321852
ZNF10,0.48316166
SCUBE2,0.48294845
LHX6,0.482927
HOXD3,0.48291138
NDUFB6,0.4828814
ZNF593,0.48287624
ZNF248,0.4826252
TRAPPC6B,0.4826078
SLC30A4,0.48253763
ZNF302,0.48251432
TMEM214,0.48242953
PNPLA7,0.48234797
ZNF273,0.48226312
WHAMM,0.48223194
MYO1F,0.48201588
SPON2,0.48194614
RFK,0.48189154
SPI1,0.48186353
FUNDC1,0.4818022
TEFM,0.4817885
TBP,0.4817115
TECPR1,0.48165503
WDR81,0.48159435
SHC2,0.48157462
PTH1R,0.48154896
ZNF529,0.48146084
NPL,0.481454
RABL2B,0.48135448
KBTBD8,0.48134145
RIPK2,0.48122874
FOXP3,0.48118955
SFN,0.48116714
SMG8,0.4811201
TBX2,0.48091224
ZNF490,0.4808936
ZNF548,0.48088428
ULK3,0.48072815
PTGER2,0.48070148
GRIN2D,0.48065838
RGS2,0.48055828
ULK2,0.48031476
RNF25,0.48028654
CHKB,0.48026037
SLC7A7,0.48025262
SEMA6C,0.48011017
SULF1,0.48009434
ZNF18,0.48008093
FDXR,0.48000622
ZFP69B,0.4799842
ZNF687,0.47997963
RNASE1,0.47972754
CYB5R1,0.47971162
TM6SF1,0.47964582
ZNF426,0.47942173
RNF144A,0.47940004
KBTBD7,0.47936964
RIN2,0.47935364
HARBI1,0.47911412
PHKG1,0.47908217
MOCS3,0.47901496
ENPP2,0.47894058
ZNF284,0.4789382
YIPF6,0.47881845
ZNF234,0.47877014
MVB12B,0.47867036
VAMP4,0.47846073
TMEM186,0.47816896
RPGR,0.47815153
C2,0.47799268
DYNC2LI1,0.47790188
NPRL2,0.4777361
RASGEF1A,0.47760254
TLR6,0.47755453
ITGB6,0.47736266
PCGF1,0.47732735
LIMS2,0.47718996
PPFIA3,0.47700396
RASD2,0.47699034
ZNF700,0.4768833
NTM,0.4768639
SGPP2,0.47681737
LDHD,0.47677845
SYNGR1,0.47675234
HEYL,0.47661713
AMPD3,0.47661397
RNF6,0.47644928
ITGA8,0.47629595
ZNF415,0.47623575
LY96,0.4760329
ZNF684,0.47601345
ZNF641,0.47580114
SGK3,0.4757653
TMEM176A,0.4753597
TTC30A,0.47534245
POLR3F,0.47472483
ZFP1,0.47452685
ZNF17,0.47448805
SHPK,0.47389004
ZNF283,0.47384045
ZYG11B,0.47346127
ZNF738,0.47314942
SPARCL1,0.4729537
SPAG4,0.4728955
ZNF766,0.47276142
TP53I3,0.47273752
SEMA5B,0.47248232
NCALD,0.4722575
ZNF677,0.47210643
PSTK,0.47180298
ZNF708,0.47166133
ZNF577,0.47164053
ZDHHC8,0.47144789
ZNF443,0.47129405
GLIPR1,0.471205
RDH5,0.47108623
SPRY1,0.47096288
PDE1B,0.4701205
LIPT1,0.46981126
ZNF235,0.46964157
ZNF83,0.4696261
TCTN2,0.46952832
ZNF136,0.46934843
KCNAB3,0.46930152
ZNF429,0.4692255
FBXL8,0.46893692
ZFP30,0.46866027
BBS7,0.46806344
ZNF567,0.4675572
TFAP2E,0.46752694
ZW10,0.46737638
MMAA,0.46734375
HDAC11,0.4673367
PIP5KL1,0.4668465
ZNF558,0.46664748
LRFN1,0.4666041
SLC4A11,0.46656883
ZNF585B,0.46652612
SLC25A14,0.46645287
ZNF92,0.466214
LAT,0.4661929
ZNF550,0.46567428
TNFRSF25,0.4647766
PDLIM4,0.46437988
TEK,0.4643121
S1PR1,0.46430784
SNAI1,0.46429628
TRIM45,0.4642452
SLC18A2,0.46417826
SYP,0.46394566
HFE,0.46390897
WNT9A,0.46383992
ZNF778,0.46343744
ZNF14,0.46329042
ROBO3,0.46224597
TMEM17,0.46194544
NDUFA4L2,0.46125275
LMCD1,0.4608633
ZNF846,0.46078837
PLB1,0.46072468
RRAS,0.46066254
ZNF814,0.46045643
ZNF383,0.45995915
TUBG2,0.45934922
ZNF611,0.4592195
WDR31,0.45918196
ZNF461,0.4587038
ZFP82,0.45863724
ZNF823,0.458499
ITGA9,0.45825055
RAB32,0.45816875
PADI2,0.45793244
TPMT,0.45773104
PSD,0.45772395
SVIP,0.45771375
TMOD2,0.45734215
KRT17,0.4572027
ZNF354B,0.45686823
THBS2,0.45664704
BMP8B,0.456607
MCMDC2,0.4566036
TTC12,0.4564586
ZNF354A,0.45640755
ZNF419,0.4560486
UBE2D4,0.455763
VCPKMT,0.45529905
ZNF543,0.45525685
COL17A1,0.45525673
GNGT2,0.4550812
ZNF649,0.4540663
ZDHHC2,0.45387056
TNFSF13,0.45383358
ZNF350,0.4538152
WDR5B,0.4535842
ZNF841,0.45323807
ETV7,0.4528736
ZNF468,0.45284405
ZNF2,0.4526578
TNXB,0.45249552
ZNF555,0.4512371
ZNF776,0.45096165
ZNF222,0.4502195
RAI2,0.44921565
ZNF615,0.44831958
ZNF699,0.44817585
LRRC6,0.4480077
GGT1,0.44705525
TRIM39,0.44630387
ZNF573,0.44585833
ZNF225,0.4455683
TGM1,0.44456628
STAC3,0.444231
NEB,0.44414362
SLC44A4,0.4420823
ZNF439,0.44177717
ZKSCAN3,0.4403933
S100A3,0.43996745
RNF113A,0.43971995
RASSF6,0.43957165
ZNF420,0.43877572
ZNF132,0.43846762
ZNF506,0.4367637
TCEAL1,0.4361339
XYLT1,0.43210268
TNFRSF10C,0.43144143
ZNF347,0.43118736
SECTM1,0.43093577
ZNF813,0.43041068
ZNF530,0.4294083
TXK,0.4291121
SEMA4G,0.42796496
PCDHB15,0.42750403
ZNF793,0.426928
ZNF764,0.4252998
ZNF614,0.42276108
ZNF69,0.4211514
ZNF836,0.41940624
ZNF175,0.41848037
ZNF626,0.41741592
SCN1B,0.4173749
ZNF600,0.41711086
ZSWIM7,0.41601822
ZNF701,0.41033757
ZNF674,0.40637305
ZNF135,0.4055591
P4HA3,0.40439346
TLR3,0.40390775
ZNF470,0.4033107
TRPC6,0.39958212
USHBP1,0.3964429
ZKSCAN4,0.39516315
ZNF773,0.3948478
ZNF57,0.39235047
PTGS1,0.39229742
ZNF324B,0.3922428
ZNF467,0.39120376
ZNF765,0.38946626
ZNF549,0.38382173
ZNF221,0.3821035
ZNF184,0.38014707
ZNF256,0.37811092
RNF128,0.3779695
SLA2,0.3723333
ZNF71,0.35518417
ZNF418,0.33898747
ZNF354C,0.33805645
SDHAF1,0.29990867
