Gene Name,Score
AADAT,0.6923172
ABCB10,0.69176626
ABCD1,0.6912193
ACAT2,0.6897326
ABTB1,0.68972504
ACE,0.68966454
ACD,0.6893536
ABCF1,0.6892974
ACAA1,0.6892971
ACER2,0.68927944
ABR,0.6890336
ACOX2,0.68895066
ACP5,0.6887915
ACAT1,0.68844175
ACOT11,0.68841964
ACAD8,0.68833125
ACOT2,0.6881289
ACSS1,0.6881197
ACSM3,0.6880274
ACOT7,0.68780583
ACOX3,0.68746763
ACSS2,0.68726724
ACOT13,0.68695974
ADAM19,0.6868299
ADAMTS13,0.68635285
ADAMTS10,0.68582445
ACOT1,0.68576026
ACAD9,0.6857563
AP3S1,0.6856387
ADAMTSL4,0.6856109
ACSL4,0.6854332
ACVR2B,0.68534625
ACP1,0.68522966
AP4S1,0.6851406
ACSL1,0.6850888
ALG12,0.68499553
ACBD3,0.6849282
ACYP1,0.6848858
AIFM1,0.684623
ALPL,0.68459976
ADRA2A,0.6845773
ADAM28,0.6845684
AGER,0.6845372
ALYREF,0.6845234
ADRM1,0.6837865
AGPAT2,0.6837359
ADAT2,0.68345964
ACADS,0.68337405
ADAM17,0.6833064
ACIN1,0.6831773
AK1,0.68306303
ASAP3,0.6829675
ACTR1A,0.6829359
ALG14,0.6828943
AKR1C2,0.68281347
ADPRM,0.68281
ARHGEF4,0.68278766
AKT1S1,0.68272114
ADAMTS14,0.6826374
ADAMTS2,0.6824652
AKR1B10,0.6824606
ANAPC2,0.6823889
AGK,0.68235815
ALDH18A1,0.68227255
ACOT8,0.6821744
ABHD12,0.6821681
AKTIP,0.68208885
ADAMTS9,0.68207777
AP1S2,0.68196905
ALAD,0.6819549
ABI3BP,0.6819482
APTX,0.68188435
ADAMTS5,0.68186116
AP5M1,0.6818346
ANAPC5,0.681728
ACSL5,0.6816687
ASB13,0.68150955
AIMP2,0.6814285
ALDH5A1,0.68142116
AGPS,0.6813886
ANKZF1,0.68136287
CAPN7,0.6812332
ALG6,0.6811799
AP4B1,0.68115985
AKAP5,0.6810067
AASDHPPT,0.6809915
ARL3,0.68095845
AHSA1,0.68074566
ADAR,0.68071765
ACTR1B,0.6807027
ADCY7,0.6806999
ARMC8,0.68066835
ALG3,0.68065834
AP2S1,0.6806039
ACVRL1,0.6805138
AFMID,0.68041015
ARCN1,0.680346
ADPGK,0.680311
ALDH16A1,0.6802295
AKR1A1,0.680225
AGPAT1,0.680164
AHCY,0.6801563
ADAM22,0.68002933
ADI1,0.67992055
ADM,0.67983043
ACTL6A,0.6797915
ALG9,0.67977184
AGTRAP,0.6797561
C2,0.6797224
AKR7A2,0.679593
AGFG1,0.6794866
AMOT,0.679461
ARFGAP3,0.6793626
AP3M1,0.6793326
ADNP,0.6792669
ATL1,0.6792658
ACACB,0.6792246
AKR1C1,0.679185
ANAPC13,0.67917293
ALKBH8,0.67914367
ARHGAP4,0.67912227
AGAP2,0.67911386
ALMS1,0.6790703
AIFM2,0.679062
ALAS1,0.6790368
CXCL14,0.6790257
APOO,0.67897147
ANAPC16,0.6789426
ARF3,0.6789384
AP2M1,0.6788873
APOE,0.6788873
AK4,0.67881
ALG10,0.67880756
ADIPOR1,0.67879856
ALDH7A1,0.67876834
AHCYL1,0.6787567
ALG1,0.6787051
ADSL,0.6787004
AFTPH,0.67865044
BLCAP,0.67864734
ALDH1A1,0.67863756
ALG13,0.678622
ADAM23,0.67855185
ACTG2,0.6785266
ASCC1,0.67848426
ADCY1,0.6784622
ACTN1,0.678459
ANP32B,0.678424
ARPC4,0.6783661
ACLY,0.6783082
ANKRA2,0.6782996
ALKBH5,0.6782926
ARHGAP30,0.67828566
AGA,0.6782616
AGPAT3,0.67819375
CMC4,0.67816716
ACAA2,0.6781521
BZW1,0.6781516
ASPHD1,0.67813563
ALKBH3,0.6780832
ACTR2,0.6780789
ABLIM3,0.6780636
ACOT4,0.67806065
ALDH9A1,0.6780356
AHRR,0.6780012
ADCY5,0.67797583
ARHGAP44,0.6779397
AMPD2,0.67790467
ANKRD28,0.67785174
BIRC2,0.6778401
BLVRB,0.67783684
ASB7,0.6778226
ATP7A,0.67781
CCP110,0.67778754
ATP6V0C,0.6777851
ARFGEF2,0.677741
ATG3,0.6777152
AMMECR1,0.67770267
APAF1,0.67768276
ARPC5,0.6776669
ATF4,0.67762905
ABCF3,0.6776273
ATP6V0A2,0.6776071
ANXA2,0.67759854
ALS2,0.67755973
ARL8A,0.67754394
AP5Z1,0.6775318
ANKRD27,0.6775272
ACOX1,0.6775166
ANP32A,0.677495
ARHGEF9,0.677491
ARAP1,0.67746997
ATXN2L,0.67746174
ATP6V0B,0.6774583
ANAPC4,0.6774517
AP1G1,0.6774314
BOC,0.67742556
APP,0.6774206
CABLES2,0.67741066
BMF,0.67735076
ANO2,0.67733514
ARHGEF26,0.67733014
BNIP3L,0.67731917
ADAM15,0.6772269
AKAP1,0.6771925
ANP32E,0.67718816
ANKFY1,0.6771654
CHMP4C,0.67709035
ABCD4,0.67708695
CDK20,0.67706525
ARHGAP39,0.6770551
ACTR3,0.67703295
AMY2B,0.6770266
ARHGAP29,0.6769799
ARNTL2,0.6769577
ARHGDIB,0.6769478
ALDOA,0.6769302
ARPC2,0.6768705
AREL1,0.6768069
ARL2,0.6767779
ASAH1,0.6767767
BAG4,0.6767594
AIF1,0.6767484
ARHGAP25,0.67666215
AP1G2,0.676633
APPBP2,0.6766208
APOBEC3C,0.6766025
ARHGAP18,0.6765603
ACADM,0.67652506
CALCOCO1,0.6765007
BLOC1S4,0.6764961
ARHGAP6,0.6764897
CACNA1C,0.67648035
ADAM10,0.6764773
AP1S3,0.67646813
ASB1,0.6764499
ARHGDIA,0.6764382
ARHGEF2,0.6764199
ALCAM,0.67638654
ARL8B,0.6763736
CALM1,0.67634666
APBA3,0.676343
DOLK,0.67622864
APLP2,0.67610085
APOBEC3G,0.6760941
ANXA5,0.6760676
BRD8,0.67603594
BEND3,0.6760298
CHST12,0.67601824
ADA,0.6760012
ARHGAP32,0.67599237
AP3B1,0.675982
BCAP31,0.67597914
AMBRA1,0.675977
BAIAP2L1,0.67596203
ARFIP2,0.6759527
ARFGAP1,0.67592
AGO3,0.6759157
ADAMTS1,0.6758668
ALDH3A2,0.6758656
ATP1B2,0.6758445
APBB2,0.6757986
BOLA3,0.67577505
BPNT1,0.6757666
CACNB3,0.6757645
ANXA6,0.6757616
BIN2,0.67573905
BTN3A1,0.67573464
ARL4D,0.6756935
BUD31,0.67569315
ARSD,0.6756005
APBB3,0.6755486
BAK1,0.67552227
BBS2,0.6755173
C1GALT1,0.6755002
ALDH3B1,0.6754924
ADAMTS7,0.67549187
AKAP9,0.6754758
BIRC5,0.67546445
BACE2,0.6754431
AHCYL2,0.67540854
ALDH1A3,0.67539483
CCNG2,0.6753878
BANF1,0.675373
ATP6V0E2,0.6753671
ALG8,0.6753573
ARHGEF40,0.6753563
ATP1A3,0.6752959
ARHGAP24,0.6752787
ANAPC7,0.67526144
APBB1IP,0.67525196
AGO4,0.67524695
ACAP1,0.67523396
AP1M1,0.6752303
CD200,0.6752249
ARSJ,0.6751725
C7orf26,0.67516565
ADAM12,0.67516494
ARHGAP17,0.67515576
AHNAK,0.67514706
BIRC6,0.6751382
ANXA1,0.67512184
AMFR,0.6751052
ATAD2,0.675104
ACTN4,0.6751018
ARF5,0.6750834
ARHGAP10,0.67503893
ARRDC3,0.67503524
BCKDHB,0.6750003
CIB1,0.674969
C2CD2,0.67496735
ADAMTS12,0.6749559
AP2B1,0.6749314
ASPM,0.6749249
BCKDK,0.67490816
AURKAIP1,0.6748898
BAG6,0.674887
AUH,0.6748171
CCNK,0.6748029
APLF,0.6747819
ACO1,0.67477965
ASAP2,0.67475396
BTBD1,0.67465484
BLOC1S6,0.67459315
ARHGEF3,0.6745716
ASAP1,0.6745436
APIP,0.6745095
ARHGAP21,0.6744894
ACTR8,0.67448664
AP3D1,0.67448115
ANO1,0.67447025
C1R,0.674464
ACACA,0.67444944
ANGEL2,0.67443186
ATG2B,0.6744075
ASRGL1,0.6743723
ARSG,0.6743358
ANAPC1,0.67433226
ASB6,0.674302
ACTR10,0.6742894
ANTXR1,0.6742878
APOC1,0.6742749
ANK3,0.6742429
ADIPOR2,0.6742362
ASL,0.67423177
ATF2,0.67420894
ANO7,0.674186
B4GALT3,0.67417485
BLOC1S1,0.67413116
CDH6,0.67411625
ABCE1,0.67411613
ANLN,0.6741116
ASIC1,0.6741106
ARFGEF1,0.67410463
ANKLE2,0.6740142
ARHGAP12,0.6740006
BANP,0.67394197
ADD3,0.6739345
ARRB1,0.6739185
ADK,0.67391735
ALDOC,0.67390853
CDCA8,0.67386776
ARF1,0.67386174
ASCC2,0.6738165
AP2A2,0.6738107
ATP1B1,0.67379934
ARHGAP9,0.67377627
ADCY3,0.6737746
BDKRB2,0.6737657
ALKBH6,0.6737537
ACP2,0.6737343
BFSP1,0.67372495
ADD1,0.67370766
ABI2,0.6736808
CAPNS1,0.673676
ATP2B4,0.6736714
BAZ2A,0.6736568
GINS3,0.6736417
CAP1,0.6736379
ARHGEF11,0.67361706
ARAP3,0.67360693
CLN3,0.67358005
ARG2,0.67356485
ASH1L,0.6735543
BCAR1,0.6735306
C5AR1,0.6734757
ASPH,0.67347234
CCNT1,0.67347
ANTXR2,0.67345804
CABLES1,0.67342293
AHCTF1,0.6734204
ANXA7,0.67341924
ARF4,0.6733951
AKAP10,0.6733811
ARL16,0.6732754
DUT,0.6732605
B3GNTL1,0.6732554
CASP10,0.6732527
APBB1,0.67322457
C12orf65,0.673219
ARL4C,0.673172
ATG4B,0.6731693
ACADSB,0.67312837
BTD,0.67311245
ARIH2,0.67309386
BAHD1,0.67307436
BUB3,0.673068
AK2,0.67303735
ATF6B,0.67303467
CCT2,0.6730099
ACSF3,0.67300254
COG1,0.6729878
ARIH1,0.6729827
ATP11B,0.67296875
CCDC59,0.6729548
APPL1,0.6729538
BRD2,0.67295045
ANAPC15,0.67292404
ATP2A2,0.67292273
ATP2B1,0.67291826
CADM1,0.67291325
CACYBP,0.67285794
ARHGAP27,0.67283875
BBS9,0.67279714
BTN3A2,0.67273504
ATPAF1,0.67272633
CDCA7,0.67269635
ARL6,0.67267495
C1QBP,0.6726604
ARPC1A,0.67265695
BAIAP2,0.6726327
ATG14,0.6726291
ARHGAP33,0.6726059
C6orf120,0.6725966
CBLL1,0.6725658
ATAD5,0.6725642
BMS1,0.67253727
ATG16L2,0.6725073
CARD10,0.6725024
ARF6,0.6724903
ATP6V1H,0.67248833
ATN1,0.6724829
CHMP6,0.67245555
CCDC115,0.67245185
BTF3,0.6724461
ABLIM2,0.67242056
ATOX1,0.6724147
APRT,0.67239386
BRPF3,0.6723888
BRWD1,0.6723865
ATG9A,0.672374
BCCIP,0.67237335
CANX,0.67235184
CEP72,0.6723464
ATG4D,0.67228085
ATXN10,0.67227906
ARHGEF18,0.6722561
AHI1,0.6722558
CNN1,0.6722366
ATP8B1,0.6722267
ATXN1,0.67220265
ATG10,0.6722017
BRD1,0.6721908
ALDH1B1,0.67217803
CA2,0.6721702
AKAP13,0.6721484
ATP11A,0.6721457
CDIPT,0.67211854
CNOT4,0.67206496
AIMP1,0.67205834
CAB39L,0.67205757
ADAMTS4,0.6720505
ACTR6,0.67203957
ANGPT2,0.6720393
GALNT6,0.67203534
CALU,0.6720296
BECN1,0.6720263
ATF6,0.6720167
ATP1B3,0.6720111
AP3S2,0.6719471
CD68,0.6719418
BOP1,0.6719413
COX11,0.6719173
ANO6,0.6719054
ARSK,0.6718883
ATG4A,0.6718643
ARNT2,0.67184746
CHKA,0.6718304
B4GALT2,0.67181987
CCT5,0.6717939
AMOTL1,0.671781
CAMK4,0.6717807
CCNB1,0.6717761
B4GALT1,0.6717744
ATP6V1C1,0.67174876
BTAF1,0.6717448
BACH1,0.67172694
CHTF18,0.6717191
AUP1,0.6717165
ASNS,0.6717134
CD320,0.67170185
ASGR1,0.6716949
BUB1,0.67157096
C2orf49,0.6715529
ASB8,0.67155176
BHLHE40,0.67153764
CBY1,0.6715173
ARHGEF1,0.67151475
ARRB2,0.6714976
BDP1,0.6714849
CCDC86,0.671484
CEP250,0.67146647
ATXN3,0.67146343
APOOL,0.67144614
C3orf38,0.67143846
ANO9,0.6714368
BCKDHA,0.6714311
CCT7,0.6714199
CDK13,0.6713806
BID,0.6713787
ATP6V0A1,0.6713419
ANKRD44,0.6713409
AQR,0.6713321
ARAP2,0.6713255
CDCP1,0.6713158
CCNYL1,0.67130256
CBX6,0.6712436
ATXN7L1,0.67122406
BTBD2,0.6712207
CAMK2G,0.6712186
C1D,0.6711875
ASS1,0.67117214
B3GALNT2,0.6711611
BATF,0.6711528
BIN1,0.6711409
CAPG,0.6711294
CCNY,0.67110884
BCAT2,0.6710944
CD48,0.67109054
ABCB4,0.67108965
ATG13,0.6710809
CAMK2D,0.6710598
CAND1,0.6710487
CC2D2A,0.6710394
AP2A1,0.67103785
BTBD3,0.67103624
CCNB2,0.6709901
CELSR1,0.6709895
CD47,0.6709407
CDK2,0.6709036
ARL2BP,0.6709016
CBX3,0.6708977
ALPK1,0.6708789
CPSF7,0.6708766
CNTNAP1,0.6708565
CD27,0.670842
ARHGAP31,0.6708064
AZI2,0.67079157
BTF3L4,0.6707914
BPTF,0.67078096
CD55,0.67078066
B4GALT7,0.67075574
BTRC,0.670752
BBS10,0.67073524
CHCHD2,0.6707337
CTU1,0.67071885
CARF,0.6707186
BCAS3,0.6706658
CES4A,0.67063826
BRAP,0.67063665
CENPN,0.6706157
COL18A1,0.67060816
BSG,0.6705568
DERL1,0.6705424
BRIX1,0.67051864
BRF1,0.67049986
BRD9,0.6704797
CHN2,0.670466
CAPRIN1,0.6704598
AVL9,0.6704505
CCDC88C,0.6704406
CLN8,0.67043656
ARL14EP,0.6704268
CALML4,0.67038757
AOC3,0.6703747
BRCC3,0.67036486
ATP8A1,0.6703603
CLK1,0.67032754
CDK7,0.67032707
CASP4,0.6703264
ATRN,0.67031366
ANO10,0.6703
CERS5,0.67029536
CARS2,0.67028934
ATAD3A,0.67021435
CDCA2,0.6701762
BLZF1,0.6701754
CAMKK2,0.67016083
BOLA1,0.67014116
GADD45G,0.67013174
ATF7IP,0.67010313
BYSL,0.6700971
BFAR,0.6700876
BLVRA,0.6700679
BAG3,0.6700538
AMOTL2,0.6700276
CD46,0.67002213
CAPN10,0.6700025
C2CD3,0.669989
CELSR3,0.6699853
CDR2,0.66998214
ADH5,0.66995007
CDCA3,0.6699256
ARPP19,0.66991603
CPT1A,0.6699077
CDK19,0.6698826
CENPK,0.6698729
CCT4,0.66986996
CDK14,0.6698507
B4GALT4,0.66984034
CCNF,0.66983527
AGPAT5,0.66981864
CDC27,0.66977906
B3GNT2,0.6697632
C17orf75,0.66974753
CDK17,0.669745
CEP70,0.6697311
ACER3,0.6697303
ACTR3B,0.66971207
BLOC1S2,0.66969866
CALD1,0.6696963
CAPZB,0.6696892
ATP6V1G1,0.66967976
ATG12,0.66967225
CD109,0.66964996
AZIN1,0.6696413
BCAT1,0.66963804
BMP2K,0.6696375
ATG16L1,0.66963613
CCAR1,0.6696298
DYNC2LI1,0.6696075
CAPZA1,0.6695997
CAMLG,0.669574
ATP6V1A,0.6695707
BAG5,0.66955864
CAT,0.6695515
CCZ1,0.6695483
CCNG1,0.6695416
CEP135,0.66953385
CGNL1,0.6695253
CNOT6,0.6695232
CAPN15,0.66950905
CCDC91,0.6694796
CALM2,0.66947246
CAB39,0.6694482
CAMK1D,0.6694356
APH1B,0.66942674
C11orf49,0.669423
AKR1B1,0.6694227
CBFA2T2,0.6694186
BMPR2,0.6694181
CHML,0.6693489
CDC42BPA,0.6693422
BICD1,0.6693381
ARPC1B,0.6693363
COMMD3,0.66932815
CENPO,0.66927105
CHID1,0.6692422
API5,0.6692332
ALKBH1,0.66923076
FOXP3,0.6692301
CHMP3,0.66920453
CKAP2,0.6691921
ANPEP,0.66916275
CDC42BPB,0.66915095
ATP6V1E1,0.6691389
CBR1,0.6691372
ARFGAP2,0.6691303
CCDC40,0.66910577
DDHD2,0.66908383
DVL1,0.66905856
CHAF1B,0.66904175
CLK3,0.6690196
CREB3L4,0.6689902
DIMT1,0.6689373
CCNT2,0.6689319
CD52,0.668846
AP4E1,0.66884464
CBR4,0.6688424
BNIP3,0.6688134
ARSA,0.668796
CDK5RAP2,0.66877097
A1BG,0.66875505
AMPD3,0.66873276
AFG3L2,0.66872287
CABIN1,0.6687211
ARHGAP11A,0.6687157
CTDP1,0.66870904
CHUK,0.66870695
COLQ,0.66869766
ATP8B4,0.6686783
CMPK1,0.6686748
CAPN2,0.6686685
CHCHD6,0.66865486
CD2BP2,0.66865194
CACNA2D1,0.6686431
CTNNBIP1,0.6686387
COMMD5,0.668627
DDX60,0.66860527
CDK11A,0.6686041
CHMP4A,0.6685805
CENPC,0.66857034
DCAF15,0.6685679
COG7,0.6685664
CDC20,0.6685491
CHMP5,0.6685378
COPS7A,0.66853255
CHRAC1,0.6685181
ASF1B,0.6685059
CERS4,0.66846824
CNOT6L,0.66845554
COPS6,0.6684443
CIAPIN1,0.6684191
AMDHD2,0.6684106
CHD1,0.6683933
CDS1,0.66838795
ARL13B,0.6683698
EXOSC4,0.66836846
CCT3,0.66835773
COQ4,0.66833544
BPGM,0.6683087
BCL7C,0.6682916
CLEC3B,0.6682792
CHMP2A,0.6682773
DDIT4,0.6682744
ARL1,0.66826725
AGRN,0.6682578
DTX4,0.6682374
CDC37,0.6682298
ATP6V1D,0.66822785
CCNDBP1,0.66820544
CNOT10,0.6681615
CENPP,0.6681418
CDC16,0.66812253
ARHGAP11B,0.66810656
CNN2,0.6680875
CPNE3,0.6680742
CCT8,0.66807413
COPS3,0.6680704
CDK16,0.66806394
CCM2,0.668058
CEP55,0.6680284
AKAP8,0.66800135
COPB1,0.6679926
CAP2,0.667985
CHP1,0.667958
C2CD5,0.6679291
CLIC1,0.66792643
ATP13A2,0.6679123
CDK2AP1,0.6679043
CYB5R3,0.66790384
CHRNB1,0.6678943
CDK5RAP3,0.66788495
CD40,0.6678396
CDKL5,0.66783136
DAPP1,0.66777104
CTC1,0.6677681
CKAP4,0.6677456
CHD7,0.6677434
CCNE2,0.6677383
ARHGEF37,0.6677265
CEP170,0.6677225
CHD9,0.667717
CEBPZ,0.6677112
CD81,0.6676849
CD53,0.6676649
CIT,0.66765976
CD9,0.667635
CBX5,0.6676333
CENPJ,0.6676291
CD99L2,0.6675915
CDH5,0.6675792
ARHGAP19,0.6675531
ADCY4,0.6675456
B3GNT7,0.6675176
CNIH1,0.66749424
ABCA7,0.66749007
CAPN1,0.667486
COQ9,0.6674799
CDC25C,0.6674607
CHERP,0.66745615
CATSPER2,0.66745317
CFL1,0.6674427
ALG11,0.6674341
CCNL2,0.6673945
DNAJA3,0.6673779
GDF15,0.6673704
CTSB,0.66736156
CEP57,0.6673406
CLNS1A,0.66731346
COL8A2,0.66728395
BUD13,0.66726166
CNOT8,0.667259
COL12A1,0.6672051
CBX4,0.6671971
CDYL,0.66719085
BRK1,0.667173
CD2AP,0.66714257
CHSY1,0.667142
CHCHD3,0.6671196
CDC40,0.66709405
CABYR,0.66708916
B3GAT3,0.6670858
B3GNT5,0.6670781
CD63,0.66706836
CASK,0.66704375
CDK1,0.6669945
CLHC1,0.66698927
CPNE1,0.6669883
CKAP2L,0.6669712
CCDC93,0.6669609
ARHGEF6,0.666953
CELF1,0.66694725
CDON,0.6669405
CDC34,0.66692823
ARL6IP5,0.66692287
DHX32,0.6669135
CRMP1,0.6669009
CBX1,0.6668989
BMP1,0.6668918
CENPE,0.6668829
CDC25A,0.6668781
CETN3,0.6668281
BET1,0.66680896
CCT6A,0.6667899
CD300A,0.6667527
GDPD1,0.666745
EPC2,0.66673017
HEYL,0.66669965
COPE,0.66669387
ECD,0.66668296
BAZ1B,0.66667527
CWF19L1,0.66666245
CEP350,0.6666144
CEP97,0.66657674
DENND2C,0.6665706
COTL1,0.66656
CCDC80,0.6665283
CHD3,0.66650486
ARHGEF25,0.66649014
B9D1,0.66648316
CFDP1,0.6664631
ABI3,0.6664627
CDH23,0.6664538
BRPF1,0.6664495
COX17,0.6664391
CUBN,0.66642576
COL7A1,0.66637754
COA1,0.6663395
ALG5,0.6663127
COL8A1,0.6662924
CCDC97,0.6662667
COX7B,0.6662655
CNOT11,0.6662645
DDX28,0.66625005
CACNB2,0.6662143
ARHGEF15,0.6662111
BICD2,0.6662097
CXXC1,0.6661939
CASZ1,0.6661925
CTSF,0.66619176
CDT1,0.6661885
CACNB1,0.66618305
COIL,0.6661534
DBF4,0.6661463
CHSY3,0.66612786
CCNH,0.66610545
CPT2,0.66609186
CWC15,0.6660704
CSTF1,0.66605127
COPZ1,0.6660369
COPS2,0.6660351
CDC42EP4,0.66603327
CLTA,0.6660327
KCTD6,0.66599977
COG5,0.66599464
ARHGEF19,0.6659859
CRY1,0.66596633
DAPK2,0.6659443
CERS6,0.6659346
CLCN6,0.6659301
COA5,0.6658989
CDH24,0.665897
CLASP2,0.6658788
CSNK1A1,0.6658361
COMMD1,0.6658323
CSNK1E,0.66579896
B9D2,0.665797
CNPY3,0.6657893
CDC37L1,0.66577214
BCS1L,0.66577065
CENPF,0.66576654
DECR1,0.6657568
CNNM2,0.66573715
CNOT7,0.6657371
CLEC2D,0.6657368
CLPB,0.6657237
CLDN12,0.66571045
FGD2,0.66570663
CIR1,0.665698
F8,0.665661
CDCA5,0.6656325
CMYA5,0.6656193
CENPM,0.66560614
CS,0.66560024
CEP78,0.6655956
FCGRT,0.6655936
CRABP2,0.6655863
FGD3,0.6655821
COL4A6,0.6655122
COPS7B,0.6654748
CMTM4,0.66546094
CRY2,0.665459
DCAF6,0.6654558
CORO1A,0.6654512
COA6,0.6654492
CDC25B,0.6653957
CAPZA2,0.6653841
DHRS4,0.6653808
CHTOP,0.66537875
CCNA2,0.66535884
CLINT1,0.6653451
CCDC136,0.66534466
CMTR1,0.66533947
COL5A2,0.665323
COX6A1,0.6653134
CNTLN,0.66530746
DPM1,0.6652968
DDX18,0.665285
CEPT1,0.66527677
CITED2,0.66527045
BTN2A1,0.66525745
COPS5,0.66525704
DAZAP2,0.6652382
C1GALT1C1,0.66520095
CASP2,0.66518897
CSGALNACT1,0.6651849
CHM,0.66517067
CYBA,0.6651667
GMPPA,0.6651523
CORO1C,0.6651318
EAF1,0.66510975
ABCA2,0.66507363
CLIC4,0.6650727
CLIP2,0.6650659
ATP2A1,0.6650364
DNASE2,0.6650346
DGKI,0.6650328
CTNNBL1,0.66502446
ABCF2,0.66501725
BRF2,0.66497433
GGT1,0.6649718
DHRS3,0.66495466
CFLAR,0.6649378
DBNL,0.6649327
CHORDC1,0.66490173
CD83,0.66490126
APOBR,0.66489786
DGAT1,0.6648913
CD6,0.6648811
CHMP4B,0.66485786
CLSPN,0.66483885
DVL2,0.6648226
BMP2,0.6648224
PPIL6,0.66478276
GLA,0.66477495
CLSTN1,0.66475916
DYNLT1,0.66472155
DAPK1,0.66471916
DERL3,0.6646787
COX7A2L,0.6646354
CUL1,0.6645587
DDX42,0.6645466
COL4A5,0.6645274
DENND1C,0.66449565
COX10,0.66448855
CNOT1,0.6644835
ABCB6,0.6644789
CCNL1,0.6644738
CLASP1,0.6644725
DHRS1,0.66447014
HSD17B8,0.66446084
CAST,0.6644525
CPEB2,0.6644439
COPA,0.6644249
COL5A1,0.66442484
CERS2,0.66442484
DOCK8,0.6644151
DCPS,0.66441107
FMO4,0.66438323
CPOX,0.664368
DDX39A,0.6643565
ATG2A,0.66434956
CTSD,0.664312
DHDDS,0.66430163
CDS2,0.6642918
LY96,0.66429013
CPD,0.6642753
DDB1,0.66426164
CMTM6,0.66425353
DDX56,0.66419744
CTDSP2,0.6641491
CDC23,0.6641344
DLAT,0.6641322
ELK1,0.6641105
FZD3,0.66409993
CKAP5,0.6640879
CLOCK,0.6640836
CHST1,0.6640738
COL4A2,0.664048
CPSF6,0.66401786
CMSS1,0.663999
COG6,0.6639941
DCP1A,0.66398925
ESF1,0.6639854
CPE,0.6639778
COBLL1,0.66396314
CAPN5,0.66395015
CDR2L,0.6639383
DXO,0.6639158
DCTN4,0.66391444
CTSH,0.66391146
DNAAF2,0.6638898
DCP1B,0.6638818
CD1D,0.6638804
DOCK6,0.6638803
CTPS1,0.66388017
FDXR,0.66384006
DFFB,0.6638158
CMAS,0.6638157
COMMD6,0.6638011
CDC6,0.66379255
CSTB,0.6637923
CENPH,0.6637286
DDX31,0.6637278
AGPAT4,0.66369516
ECHS1,0.66369385
CPSF4,0.6636828
HK3,0.6636621
DDX39B,0.66365516
ACADVL,0.6636542
CSTF3,0.66365296
HSD17B1,0.6636474
DIS3L,0.6636449
DNAJA1,0.6636416
DDX17,0.66362417
DENR,0.66362286
CRADD,0.6636163
COL4A1,0.6636057
DHX33,0.6635933
ARSB,0.6635529
DDX11,0.6635528
COL27A1,0.6635349
ADORA2B,0.6635076
BRWD3,0.6634989
COLEC12,0.6634722
CIAO1,0.66346663
GIT2,0.66344225
GYG1,0.6634164
CRK,0.66340756
DOK1,0.6633916
ENGASE,0.66338646
DCTN3,0.663379
DGKZ,0.6633459
COQ6,0.663336
CIB2,0.6633097
DPY30,0.6633028
CTBP1,0.66330117
EAPP,0.6632719
CAMKK1,0.663269
CTIF,0.66322595
CHMP2B,0.66321415
CSNK1G3,0.6632017
DYRK2,0.6631986
CPEB4,0.66318667
CEP192,0.6631784
GLDN,0.66317606
ATP8B2,0.6631631
COL1A2,0.6631386
DNAJC5,0.6631359
DHODH,0.66311383
BLOC1S5,0.6631075
CASP7,0.66308093
COL16A1,0.66306984
DMD,0.66305894
CDC14B,0.6630581
PADI2,0.6630578
CTSL,0.66304296
CDKN2AIP,0.6630228
DDX54,0.6630193
CSTF2,0.6629899
CHCHD5,0.6629756
DHCR7,0.66297424
DNAJC1,0.66296726
DCP2,0.66293937
ABCD3,0.6629166
EIF3J,0.6629074
ATPAF2,0.6628863
DYRK1B,0.6628863
CEP164,0.66288435
CTSA,0.66288215
E2F5,0.6628819
COL15A1,0.66287357
COPZ2,0.6628539
CPSF2,0.6628524
CENPI,0.66284275
CEP120,0.6628415
CYB5A,0.66282016
CPSF3,0.662817
DAB2,0.66281325
CWC27,0.6628108
ETFA,0.6627816
CALCOCO2,0.662775
CRYZ,0.66275877
CTBP2,0.66275334
DOCK10,0.6627116
GET4,0.662706
CRTAP,0.6627004
CHD1L,0.6626798
AGL,0.6626694
COPB2,0.66266394
C17orf80,0.6626608
CENPL,0.66264707
CDK11B,0.6626436
GABPA,0.66256833
FPGT,0.66254604
ABCG1,0.66254455
COG3,0.66252697
EXOSC7,0.6624867
CLPX,0.6624736
CETN2,0.66245216
EFTUD2,0.6624499
CBX2,0.6624283
DNAJC11,0.6624193
DCAF7,0.66241467
CSTF2T,0.66240156
COG2,0.66239357
CPEB3,0.66236913
CREBRF,0.6623399
CDKN2AIPNL,0.66233325
CERK,0.6623099
CEP152,0.66228384
DUSP14,0.66227543
DENND4C,0.6621198
DAAM1,0.66211593
DNAJC9,0.66211444
DNA2,0.66211396
APBA1,0.66210395
COQ5,0.66210175
CYSTM1,0.6620973
CWF19L2,0.66209173
FBXO25,0.6620736
DHCR24,0.66205895
APPL2,0.6620565
CWC22,0.66205317
ELAC2,0.66205305
FAM83D,0.66204417
EHHADH,0.66203374
CYCS,0.6620329
DPH6,0.6620246
EGLN3,0.66200906
COG4,0.6619912
CHAF1A,0.6619773
CTTNBP2NL,0.66197324
CYB5B,0.6619372
DCAF10,0.66192394
C18orf32,0.66192114
DHTKD1,0.66186905
DBI,0.6618665
DAPK3,0.6618367
DBF4B,0.66183496
DHX9,0.6617973
COPS8,0.6617896
ESPL1,0.6617708
ECI2,0.6617357
DRG2,0.66172844
DDX27,0.6617171
DISP1,0.6617074
CSNK1G2,0.6616639
DCTN2,0.66166306
CXADR,0.6616597
CYP2R1,0.66165954
DYNLT3,0.6616335
D2HGDH,0.6616182
DCAF13,0.6616052
CHFR,0.6615833
AARS2,0.6615752
CTDSPL,0.6615652
AP5S1,0.6615335
DNAJA4,0.661521
EIF1B,0.6615203
CTPS2,0.66151166
CORIN,0.6615112
DCAF8,0.661499
COL9A2,0.66149503
DDX24,0.66148216
CYTH2,0.66148096
CXXC5,0.6614658
COASY,0.661462
CREB5,0.66144323
GALNS,0.66143036
DNAJC3,0.66141236
DR1,0.66140485
DNMBP,0.6614028
DSG2,0.66139084
DHX16,0.6613832
CEP76,0.6613694
EEFSEC,0.661348
DRG1,0.6613188
ANGPTL4,0.6613119
BSCL2,0.66130793
EXOC2,0.6612947
CENPT,0.6612872
CTSO,0.6612652
EIF4E2,0.6612629
CNNM4,0.66125095
DOCK2,0.66124886
CD247,0.66124415
DENND3,0.6612267
DDX23,0.6612239
ACAP2,0.66122305
DVL3,0.66118973
CSNK1G1,0.6611873
CEBPG,0.6611857
CCDC12,0.6611739
EFNA1,0.66116345
CLK4,0.66113865
EEF1D,0.6611371
CYP2U1,0.661127
CYC1,0.6611147
GTF2E1,0.66111064
DHX8,0.66109294
DPCD,0.6610857
CSE1L,0.66107666
CYTH1,0.66105664
EIF2AK1,0.66103226
CLPP,0.6610228
ATP6V1C2,0.6610146
CHPF2,0.6610081
CDK9,0.6609747
CLCN7,0.6609743
CRELD2,0.6609698
DNAJB11,0.66096914
EMD,0.66096246
DBT,0.6609595
BCAS2,0.66094124
EIF2AK4,0.6609184
EMC3,0.6608903
CCS,0.66088957
CSNK1D,0.66088927
CD86,0.6608866
ATG4C,0.660876
DNAH17,0.6608643
B3GNT4,0.6608601
CTTN,0.6608501
EIF2B4,0.6608462
CBX7,0.66082823
CLDN4,0.6608065
DDX52,0.6608037
DYSF,0.660772
COL11A2,0.66077006
COPG1,0.66075176
CCR7,0.6607189
CHST14,0.6607126
FBXL18,0.6606938
DTNB,0.6606935
EPB41L5,0.66068816
EHBP1,0.66068363
CKS2,0.66067606
DCAF17,0.6606649
EHD1,0.6606642
GCC2,0.6606529
IFT46,0.66063446
EI24,0.66063267
BAMBI,0.66061205
GABARAP,0.6606053
CES2,0.66058767
CPT1C,0.66057754
DIAPH3,0.6605736
EXOC8,0.6605664
COX6B1,0.66056216
DTX3,0.66054904
DCTN5,0.66053843
CHCHD10,0.6605249
GPR161,0.6605243
DAP3,0.66051847
EEF1B2,0.66050303
CHPF,0.66048706
DHPS,0.66048276
B3GALNT1,0.66045773
FAM168B,0.66045284
EXOC7,0.6604346
ASB2,0.6604279
DPH2,0.66042405
DENND4A,0.66040844
DHX35,0.66040766
ELP5,0.6603996
CORO1B,0.6603892
DCUN1D2,0.6603498
CCDC106,0.660349
DYNLL1,0.66031694
ACTA2,0.66031265
DUSP8,0.660279
GADD45A,0.66027606
CTSZ,0.6602697
DNAJA2,0.6602643
CNIH3,0.66025996
FARSA,0.6602488
DPYSL2,0.6602214
CKLF,0.66019934
EBAG9,0.66019744
EOGT,0.66019464
FRK,0.6601863
EVL,0.66018087
CYTH3,0.66017264
CTH,0.6601621
DDX50,0.6601559
FLNC,0.66015506
CHCHD1,0.66014946
BMP4,0.660139
DHX15,0.66012734
DDX1,0.66011965
DUSP19,0.66011864
DNTTIP2,0.66011727
DGUOK,0.66009724
DIDO1,0.6600828
EEF1A1,0.6600745
DNAJB9,0.66006625
EIF3H,0.6600469
CSPG4,0.66002953
ENSA,0.6600289
CDC5L,0.6600114
GMIP,0.65999323
CTDSP1,0.6599819
EIF3D,0.659978
CUL5,0.65996945
DOK4,0.65984625
DIAPH2,0.6598005
CYB5R4,0.65978354
DSEL,0.65978116
DST,0.6597688
ATF7,0.65975845
DERL2,0.65975016
CLCF1,0.659733
DGKQ,0.6597211
CREM,0.6597085
COQ3,0.6596891
DACT1,0.65967363
DCTPP1,0.65965146
ENO3,0.6596393
FAM91A1,0.6596372
DPYSL3,0.6596293
RSAD2,0.65956604
FOS,0.6595646
DLGAP4,0.65956205
CLDN15,0.659552
DUS1L,0.6595467
ADCY6,0.6595415
DDOST,0.65951353
EFCAB7,0.6595129
CHST15,0.65951025
GPSM3,0.6594801
EDIL3,0.6594776
DNAJC15,0.6594772
DSP,0.6594749
DSN1,0.65945035
COMMD2,0.6594419
EEF1E1,0.65943784
FHL1,0.6594358
BATF3,0.6594153
ARNTL,0.6593944
FIBP,0.65935075
CSGALNACT2,0.6593361
CEP41,0.6593353
IBA57,0.6593184
DENND5B,0.6592987
DDX21,0.65927535
ADAM9,0.6592516
DERA,0.6592492
DCXR,0.65924734
CROT,0.6592357
EIF3L,0.659205
EMC9,0.6592028
FBXO21,0.6592027
DGKD,0.6591868
GNE,0.6591741
CPSF1,0.6591699
EMC4,0.65916765
DCTD,0.65914905
EHMT1,0.6591253
HOXA7,0.6591101
DDA1,0.6591097
GBF1,0.65910125
IL2RB,0.65908104
AP3M2,0.6590728
EEF1G,0.6590504
EEF2,0.65903425
DNAH5,0.6590295
FLAD1,0.6590011
ECE1,0.65899456
GTF3C2,0.65898865
ECHDC1,0.65895987
EHD2,0.6589256
DDX46,0.6589075
EXOSC5,0.65890616
AP5B1,0.6588806
DEPDC1B,0.65885645
ETFDH,0.6588546
EIF4H,0.65884775
GFPT1,0.6588395
FUCA2,0.6588301
DENND6A,0.65882397
DPF2,0.65880805
FMNL2,0.65877366
CYFIP2,0.6587657
CSPP1,0.65872157
DNAJB6,0.6587199
DNAJC2,0.65871304
DUSP16,0.6586811
EPN2,0.6586807
DTL,0.65865844
DYNC1LI2,0.65864533
CUL9,0.6586442
ELOVL5,0.658624
CNOT2,0.65862197
EHMT2,0.6586184
DOCK5,0.65859723
DNAJB4,0.6585837
FPGS,0.6585767
ATP7B,0.6585757
EIF4A1,0.6585755
COX20,0.6585684
EPB41L2,0.6585675
DNM1,0.6585617
CDC7,0.6585484
DYNC1I2,0.6585456
BATF2,0.6584308
EVI5,0.65841484
DHX36,0.6583981
ACO2,0.6583668
IWS1,0.6583482
ERH,0.65834075
DMXL2,0.6583394
FCF1,0.65833426
DCAF11,0.6583217
ERLIN2,0.6583208
FBXO10,0.6583101
FBXL4,0.6582881
EYA2,0.65825665
GLYCTK,0.6582316
ELMO1,0.6581983
EBNA1BP2,0.6581956
DLG1,0.65816855
CENPB,0.6581651
EXO1,0.6581576
HAGH,0.6581573
DGKA,0.6581261
CSK,0.65812063
C17orf49,0.658111
CYP2S1,0.6580919
EIF4A3,0.65807825
DEPDC5,0.6580669
EFEMP1,0.65804577
DLG3,0.65802896
ELAVL1,0.6580272
GBP3,0.65799576
ECH1,0.65799075
FAM3C,0.6579882
COX18,0.65795004
AASS,0.65794605
ABCC1,0.6579212
PLD6,0.6579081
DIAPH1,0.65789044
ALDH4A1,0.6578869
DDX51,0.657825
GDPD5,0.65781224
DENND1A,0.6577905
LOXL3,0.6577898
CHMP1B,0.65777236
EIF2S3,0.65776503
INSIG1,0.6577198
COL9A3,0.6577171
EIF2B5,0.6577144
DCAF12,0.65770954
EXOC6,0.6576757
COL6A2,0.6576694
EIF3M,0.65765035
CNDP2,0.65764946
BDKRB1,0.65761155
EMC7,0.65760565
PGF,0.65760565
ABCA1,0.65760076
EFNA5,0.6575709
EBP,0.65755326
AATF,0.65752006
ELF2,0.65751904
DHX38,0.65751296
FBXW4,0.65749615
EIF5A,0.6574947
DGKH,0.6574746
FAM114A2,0.65747297
NCF4,0.65746564
ERGIC3,0.65746063
ETS2,0.6574442
CCL5,0.65744275
EXOC3,0.657434
BGN,0.6574282
FLOT2,0.6574234
COMMD8,0.657389
DCLRE1C,0.6573842
DNM3,0.6573699
CREG1,0.6573515
HEXIM2,0.65732396
ERAL1,0.6573177
FBXW8,0.657301
CCDC22,0.6572947
ABCC3,0.65728396
DIABLO,0.6572385
DUSP6,0.6572122
COL24A1,0.6571557
DPH7,0.65713537
COQ10B,0.65713066
DTNBP1,0.6571036
FBXO9,0.657083
EDC3,0.6570723
DDRGK1,0.65706664
EPS8L2,0.6570471
COG8,0.6569855
DNAJC13,0.65697616
DCUN1D4,0.6569582
CCL4,0.6569568
F11R,0.6569501
HES1,0.65690297
GALNT10,0.6569021
DDX19A,0.6568798
DZIP1,0.6568703
CTSK,0.6568657
CLIP3,0.65686363
FOXK1,0.6568584
EIF4G1,0.65679777
INPP5E,0.65677625
DOCK4,0.65677434
EIF1,0.65676266
BCL7B,0.6567603
EPB41L4B,0.656726
AMPH,0.6567231
CTNS,0.6567175
DISC1,0.65670294
CIDEB,0.6567028
CFL2,0.6566982
EIF6,0.65665567
CYFIP1,0.65663934
COX5A,0.6566382
EIF5,0.656633
HES4,0.6566324
FARP1,0.6566232
DDX58,0.6566208
DMTN,0.6565823
DMWD,0.65656537
BIN3,0.6565516
DOCK11,0.6565493
CCR10,0.65654206
GTF2A2,0.65652627
EXOSC10,0.6565216
AK9,0.6565124
DYNC2H1,0.656507
FAM110B,0.6564791
FLII,0.6564364
EXOC1,0.6564177
DNAJC8,0.656369
ERP29,0.6563548
EPB41L1,0.65635014
GLUD1,0.6563135
DLC1,0.6563035
DDX19B,0.656275
ENAH,0.65627384
ITGA7,0.6562498
DONSON,0.65624714
FXR2,0.65623003
DDX55,0.6562115
HAT1,0.6562041
GGCT,0.65620166
EXPH5,0.65620106
ETF1,0.65619624
DALRD3,0.65619236
FKBP1A,0.65617096
COQ10A,0.6561695
F13A1,0.656164
COL6A1,0.65616065
EPHA4,0.656158
EEA1,0.6561559
ELF1,0.65615445
IL17RA,0.6561019
FRMD6,0.6560753
DIS3L2,0.65606135
ESRP1,0.65605205
CNNM3,0.65603733
FRAS1,0.6560349
ENTPD4,0.65603244
CEBPB,0.65602964
DKC1,0.6560116
EIF4EBP1,0.6560067
PYGM,0.6560067
EEF2K,0.65599346
DHX37,0.65591276
EIF2B3,0.65590453
EXOSC8,0.6558878
EARS2,0.6558777
GDF11,0.6558704
HAUS2,0.6558549
E2F7,0.6558383
DNAJB14,0.6558245
GPAM,0.65581286
GSTM4,0.65580183
DOCK7,0.6557826
HYI,0.6557755
FYCO1,0.65577507
FLNB,0.65575826
FAM160A2,0.6557204
FBXO27,0.6557148
GTF2H5,0.65570426
IRF6,0.6556984
SDS,0.65567213
HPRT1,0.65566
EIF3K,0.6556597
DOLPP1,0.65565896
DHRS11,0.655655
FBLN1,0.6556498
FKBP5,0.6556433
DLG5,0.6556024
EIF4G3,0.65559876
CCDC174,0.65559435
FZD5,0.6555923
ENOPH1,0.6555776
HCK,0.6555668
FBXL17,0.65555245
EXOC6B,0.6555291
DYNC1LI1,0.65552235
FADS1,0.6555108
P4HA3,0.65548086
DMAP1,0.655478
DSC2,0.65547377
DLG4,0.6554571
EXTL3,0.65545344
GFER,0.65537894
DCAF5,0.6553722
EXOC4,0.6553374
FBLN5,0.65531886
DEPDC1,0.6552918
GEMIN4,0.65528375
EIF2AK2,0.65528226
DPM3,0.65521365
CUL7,0.6552113
DDHD1,0.65520704
BLNK,0.65520585
CMTM7,0.6551947
DCUN1D5,0.6551845
ELOVL6,0.6551844
FBN1,0.6551841
EMC10,0.6551452
EIF2B2,0.6551435
HLA-DMB,0.65514004
FTL,0.6551272
CEP290,0.6551224
FBXL8,0.6550909
GNB2,0.65507835
G6PD,0.6550549
FBLIM1,0.65505123
E2F2,0.6550272
GFI1,0.65501857
BBS7,0.6550177
CUL2,0.655013
GLCE,0.65497357
FBL,0.65494156
FNBP1L,0.6549407
BNIP1,0.6549348
DET1,0.6549323
AASDH,0.65490764
DLD,0.6548943
GALNT18,0.6548857
EIF3I,0.654873
GALK1,0.65486526
IDUA,0.65486073
CHKB,0.65483856
EIF2A,0.6548368
ELOVL1,0.65483254
FBXO45,0.65478337
GAK,0.65475047
E4F1,0.65466076
LMCD1,0.6546535
ENPP1,0.6546501
DENND1B,0.65460074
FBXL5,0.6545843
IL13RA1,0.6545525
DLGAP5,0.6545408
GEMIN5,0.65453494
FIS1,0.6545309
HPS5,0.65453047
DAB2IP,0.65452087
ELOVL7,0.65451527
IGSF6,0.65450937
GSTK1,0.6544759
DCUN1D3,0.6544496
EMC8,0.65439546
EXOSC2,0.65439016
GOLPH3,0.65438616
FAM13A,0.6543841
HADH,0.6543624
GALNT3,0.6543562
FAU,0.65435433
EIF4EBP2,0.6543534
DNAH1,0.6543485
EIF4G2,0.6543297
FDPS,0.6543203
GNL1,0.6542916
CRTC2,0.6542854
EPHX2,0.6542692
EVI2B,0.6542596
DCAF16,0.6542516
DENND4B,0.65422744
BBS5,0.6541728
FARS2,0.6541468
DUSP7,0.65414655
LGI4,0.65413576
CACNA1H,0.6541345
FER,0.654134
FBXW5,0.6541315
KRIT1,0.65412503
ERGIC2,0.6541235
FUBP3,0.6540865
GRWD1,0.654069
HEXA,0.65406865
FBXL19,0.6540506
DNAJC24,0.6540384
HLCS,0.6540327
EIF3B,0.6540252
ERGIC1,0.6540176
ERI1,0.6539783
DPH5,0.65396744
FAF2,0.65396065
ESYT2,0.6539437
FKRP,0.653917
ERCC6,0.65387845
GON4L,0.6538766
FMR1,0.6538175
GNPAT,0.6537985
FKBP4,0.65372217
ESYT1,0.6537199
H6PD,0.6537154
GID8,0.6537003
EIF2AK3,0.65359807
HDAC6,0.6535721
HSPA14,0.65356964
GAPDH,0.6534959
IL1RAP,0.6534817
DFFA,0.653471
AAMP,0.65344834
EIF2D,0.65340537
KLHL9,0.65340227
GOLGA3,0.65339816
EPC1,0.6533843
IDH3B,0.6533786
ALOX5,0.6533751
DNAJC10,0.6533518
GPSM1,0.6533445
EIF4B,0.653338
ITGAM,0.653338
ERI2,0.65331525
FADS2,0.6532927
DLST,0.6532495
EPN1,0.6532395
DPH1,0.65323323
DUS2,0.65322334
ENG,0.6531705
HERC6,0.6531656
FECH,0.65315425
GPANK1,0.65308803
FARP2,0.65308255
ESRRA,0.6530652
EPHA2,0.65305144
DDX20,0.6530431
EME2,0.6529706
FASTKD2,0.6529631
EIF2S1,0.652956
GLUL,0.65293336
GATAD2B,0.65292597
DCAF4,0.6528797
FHL2,0.6528694
GRK4,0.6528606
FXR1,0.6528074
GGH,0.6528001
KIF15,0.6527995
GPN1,0.6527988
FBXW9,0.65279675
AACS,0.65277857
FERMT3,0.6527666
EME1,0.65275246
IDS,0.65274984
E2F6,0.6527309
LARP7,0.6527042
GNAI1,0.6526912
GTF2F1,0.65268236
DYNC1H1,0.65268093
EID3,0.652646
FTH1,0.6526458
GNL3L,0.6526248
GATAD2A,0.65260375
GBE1,0.65258425
FGD1,0.6525582
EVI2A,0.6525436
IFT52,0.65246856
FBXL2,0.6524655
GMNN,0.65245837
FAM98B,0.652446
CHI3L1,0.6524442
FCHO1,0.6524406
GNB5,0.6524253
GALNT11,0.652413
APOBEC3F,0.6524107
FGD5,0.6524069
FBXO15,0.6524026
DGKE,0.65239966
HDAC8,0.6523857
CLUAP1,0.6523812
GLRX2,0.6523799
FBXO7,0.6523145
FMNL3,0.65229666
EIF2S2,0.6522289
EGLN1,0.6522024
FOXN3,0.6521855
FNIP1,0.6521822
GALNT2,0.6521419
EVPL,0.65213466
IFT140,0.65212667
G3BP2,0.6521003
FRZB,0.6520851
GTPBP3,0.6520472
E2F8,0.65202975
LIN7A,0.6519917
DSTN,0.6519826
GRB2,0.65196705
HERC5,0.6519586
E2F4,0.6519076
DCLRE1A,0.6519066
DBR1,0.6519015
FLOT1,0.6518983
ERCC8,0.651881
GABPB2,0.65186095
GPT2,0.6518325
ESD,0.6518288
FJX1,0.6518267
KIAA1549L,0.6518137
GMEB1,0.6518019
FEZ2,0.65179354
GPAA1,0.6517916
GTF2IRD1,0.6517814
FEM1A,0.6517376
CASP6,0.65170574
GCFC2,0.6516859
AAK1,0.65164584
EIF5B,0.6516167
EIF4ENIF1,0.65159184
HYPK,0.6515786
IMPA1,0.6515737
CYB5R1,0.6515332
LRFN4,0.6515325
FKBP8,0.6515203
GPI,0.6515149
C12orf66,0.651492
GANAB,0.6514864
HEPH,0.6514785
GTPBP10,0.65147674
KCNQ1,0.6514722
GSR,0.65147156
HSPA1A,0.6514314
ETNK2,0.6513873
HACL1,0.6513718
GOSR1,0.6513622
DCK,0.6513494
KIF14,0.65130883
LDLRAP1,0.651286
GSPT1,0.65127194
FADD,0.6512682
EVC,0.6512676
GNPTG,0.6512205
GLO1,0.6511995
NDUFS7,0.6511942
GRB10,0.6511855
GCH1,0.65118176
GDI2,0.6511746
COQ7,0.65115726
KATNBL1,0.6511114
HHAT,0.6510907
HSF1,0.651088
CUL4B,0.65107834
HSPA5,0.65107155
HIPK2,0.6510661
ITPR2,0.6510596
GEMIN6,0.6510201
LPIN2,0.65097314
EFNA3,0.65093905
GLB1,0.6509381
GORAB,0.6509297
IL4I1,0.6509052
AQP3,0.6509008
GABBR1,0.6508769
GIGYF2,0.65087575
CBR3,0.6508441
FOXK2,0.6508427
GSE1,0.65084034
FANCB,0.65081173
FBXO2,0.65080404
CLDN1,0.6507971
GNAI3,0.65075254
GBA,0.65075165
G6PC3,0.65075105
HEATR1,0.65071493
FAM98A,0.65067136
HEXB,0.6506712
IBTK,0.650661
C1orf162,0.6506454
LRRC49,0.65063965
MAN2C1,0.6506198
HDLBP,0.65057474
FAM120B,0.6505579
APOL1,0.6505081
GGPS1,0.6505068
MDFIC,0.6505058
GUCY1A2,0.65049684
HMMR,0.6504865
FARSB,0.6504816
GLS,0.650461
JUP,0.65045565
FAM13B,0.6504454
GBP2,0.6503914
GALNT1,0.6503863
GPR132,0.65036935
ENC1,0.65036935
CCDC68,0.65035355
HIPK1,0.65035
IKBKG,0.6503468
IMPDH1,0.6503426
HERC2,0.6503395
C3,0.6502836
LIN37,0.65027714
ESRP2,0.65022254
GJC1,0.6502145
GGA2,0.6502001
HIPK3,0.65019923
KIFC1,0.6501805
GAPVD1,0.6501802
LSM5,0.6501718
DUSP1,0.65017104
HNRNPH2,0.65014976
DNAJB12,0.6501014
KIF13B,0.6500937
KCNN4,0.65008646
GTF2F2,0.65007585
CACNA2D2,0.6500752
IL32,0.6500634
CENPQ,0.65004045
JOSD2,0.6499726
GALK2,0.64994985
HM13,0.64993525
KLHL2,0.6499263
GNB4,0.64989895
IDH3A,0.6498923
GOLGA4,0.6498811
GMDS,0.64987695
CD180,0.64987344
MCUR1,0.6498705
LEO1,0.649869
LSM3,0.64986813
IQSEC1,0.6498678
IRAK4,0.6498486
GYS1,0.64983994
FN1,0.6498383
HJURP,0.6498082
EPHB6,0.6497657
EVC2,0.64975977
KCNMB3,0.6497502
B3GALT4,0.6497453
HERC4,0.6497406
HACE1,0.649734
GALNT7,0.6497276
G3BP1,0.6497248
GDAP1,0.6497022
IPO8,0.6496876
FBXW11,0.6496823
GTF3C4,0.64967483
FGD4,0.64967453
FLRT2,0.64964736
FBXO8,0.6496317
ENO2,0.6496232
DSCC1,0.6495905
HYOU1,0.64958024
FOXRED1,0.6495457
HMGN2,0.6495412
FNTA,0.64953285
GBA2,0.6495309
GNL2,0.6495306
HMG20B,0.64953053
GYPC,0.64951223
CLDN7,0.64950925
IFNGR2,0.649502
EGLN2,0.6494898
GUK1,0.64947045
KBTBD6,0.6494676
HK1,0.6494412
GART,0.6494408
KCNAB3,0.6494371
ATP2A3,0.64943504
HSPBP1,0.64940125
FUZ,0.64939517
DMPK,0.6493946
IFI44L,0.64938045
GTPBP1,0.649377
FBXL20,0.64936614
GNAL,0.6493521
INTS4,0.64934784
DPP7,0.64934677
HNRNPAB,0.64929897
KLC2,0.6492493
KMO,0.6492349
HAUS6,0.64921415
GK5,0.64916915
ITGAL,0.64912534
GPR89A,0.649115
GLI3,0.64910215
LRFN1,0.649097
FAM110A,0.6490928
GTF2A1,0.6490557
FOXP4,0.64902985
KLHL42,0.64897156
LRRC4B,0.64896804
LYAR,0.64896655
MGAT4A,0.6489234
FSCN1,0.6488949
ITGB2,0.648837
GARNL3,0.6488157
GPSM2,0.64881104
EPHB2,0.64881104
HMBS,0.6487964
HMG20A,0.6487818
EXOC5,0.64875084
GNS,0.6487129
FCHO2,0.6486812
ELP6,0.64864993
HLA-E,0.6486318
FMNL1,0.6486016
FEM1B,0.648582
HGSNAT,0.64858013
GOLGA2,0.6485523
FBXL3,0.648548
FEZ1,0.6485409
HECTD3,0.6485296
GOLIM4,0.64849627
GJA1,0.64847517
GADD45GIP1,0.64841104
NFAM1,0.64839464
CRLS1,0.64825463
HSD17B10,0.6482495
AAAS,0.6481684
GTPBP4,0.6481635
GRK6,0.6481464
KPNA5,0.64810085
GGA1,0.6480773
LIN9,0.64806825
LMO7,0.64806443
INTS10,0.6480606
HYLS1,0.6480519
DCLRE1B,0.6479963
GPD2,0.64798075
GAN,0.6479806
HNRNPUL1,0.6479778
DPH3,0.647962
IQGAP3,0.6479114
HAUS5,0.64790636
MAN2B2,0.64790267
IL2RG,0.6478956
CAMK1,0.64789325
ICAM1,0.6478815
CARD9,0.6478632
BMI1,0.6478553
COX15,0.647839
HNRNPA3,0.64782566
GULP1,0.6478206
GRSF1,0.64779925
HLA-F,0.6477721
HLA-DPA1,0.64776194
CSAD,0.64773273
IFNAR2,0.64769876
LSAMP,0.6476835
GPR153,0.64766425
PDLIM4,0.6476505
FBXO30,0.6476344
HS6ST1,0.6475939
GGCX,0.6475913
EXOSC1,0.64758456
ETHE1,0.64750576
IFT88,0.64750427
GCLC,0.64749646
KRT10,0.6474607
LMF1,0.64745706
FOSL2,0.6474155
KRR1,0.6474154
IRF7,0.6473865
KRBA1,0.64736605
GALM,0.6473557
FERMT2,0.64735186
HADHA,0.6473418
IFIT5,0.6473307
GPR176,0.6473282
LCMT1,0.64731926
EMC1,0.647302
HNRNPL,0.64726484
INTS5,0.6472335
ATP6V1E2,0.64723086
HAUS3,0.6472197
FBXO22,0.64720935
FBXO38,0.6472038
DENND2D,0.64720035
FKBP3,0.6472001
HLTF,0.64719725
HADHB,0.64719146
INO80C,0.6471728
ERMAP,0.64713484
ITGB3BP,0.6471098
COPS4,0.6471004
GNGT2,0.6470809
GNL3,0.6470806
FUT8,0.647068
HTT,0.64706254
LYPLA1,0.64705795
ASAH2,0.6470482
HNRNPA0,0.6470459
EXOSC9,0.64703625
ID2,0.64701235
HK2,0.6469995
GPCPD1,0.64698935
FAM111A,0.6469692
IFT57,0.64695925
HAAO,0.64695597
DNTTIP1,0.6468823
CYP2D6,0.6468819
EFNB3,0.6468681
GALC,0.64686656
HNRNPDL,0.6468315
CYB5R2,0.64678067
GTF2E2,0.64675146
AP4M1,0.64674014
GNG5,0.6467318
ITGB1BP1,0.646713
FAHD2A,0.64667153
KDM6B,0.64666706
KIF3B,0.6466553
HMGN1,0.64663935
FZD6,0.6466042
IP6K1,0.64660114
GTF3C5,0.6465839
INPP1,0.6465601
HIVEP3,0.6465588
FGFRL1,0.64655226
INMT,0.6465307
GPR183,0.64652276
GANC,0.646521
INPP5F,0.6465077
HNRNPA1,0.64648545
FMN1,0.64648217
METTL22,0.64646876
FNTB,0.64646643
FBXO4,0.6464342
FOXRED2,0.64642906
FZD7,0.64641833
HLA-DPB1,0.64641714
GINS4,0.64641047
IFT81,0.64638597
ETFB,0.64637756
L3HYPDH,0.6463603
DOK2,0.64632964
L3MBTL1,0.64632845
INPP5A,0.6462753
DNAL1,0.64627486
MRPS23,0.6462488
GATC,0.6462401
IRAK2,0.6462261
HNRNPD,0.6461866
KCNMA1,0.6461725
FBXO41,0.64617234
MYO1C,0.64615613
IL4R,0.64614785
HNRNPUL2,0.64612716
GCDH,0.64610195
GPN2,0.64609826
HLA-DRB1,0.6460952
FYTTD1,0.6460557
IL12RB1,0.6460512
MRPL38,0.6460504
ERLEC1,0.6459929
GCC1,0.6459734
IMPA2,0.64596194
FAM126A,0.64593905
HNRNPH1,0.64590836
GUF1,0.6459012
GNG12,0.645891
IMMT,0.64587194
LRRC47,0.645858
INVS,0.64576554
FXYD6,0.6457604
HSPH1,0.6457566
LTBR,0.64575154
IQGAP2,0.64573073
EYA3,0.64565945
MVP,0.64563507
IARS2,0.64563304
HEG1,0.6455946
DNM1L,0.6455616
HPS3,0.64552355
GHDC,0.64549613
IPPK,0.64547485
GSK3A,0.64547485
MRPS15,0.6454744
HPS6,0.64547336
HOXD3,0.64546674
FAN1,0.6454455
GNAI2,0.6454265
GPS1,0.645423
HMGB2,0.64538026
PAQR3,0.6453768
LCAT,0.6453373
CPT1B,0.6453144
CDKN3,0.64527017
LARP4,0.6452325
IQCE,0.64519155
GALNT14,0.6451795
GOLGB1,0.64517677
ENTPD5,0.6451765
KRI1,0.64516914
GSTZ1,0.64516824
NDUFS3,0.64513105
GINS1,0.64511585
FIG4,0.6451039
HELZ2,0.64508
ARL4A,0.6450746
HMGB1,0.64505625
CACNA2D4,0.64504683
GGT7,0.6450351
MPDU1,0.6450346
INO80D,0.64500254
GLG1,0.6449928
HBP1,0.64497066
ITGA3,0.64496845
KPNA1,0.64494824
AMT,0.64490706
GPKOW,0.644764
GTF3C1,0.64472425
HSD17B4,0.644707
GCA,0.6446861
HECTD1,0.6446663
KCNK5,0.64464766
IFT122,0.6446361
HNRNPU,0.64459515
LPXN,0.6445792
GPC4,0.6445791
GNPDA1,0.6445676
HNRNPH3,0.64456296
IDE,0.6445552
HECA,0.6445408
GUSB,0.6444972
FUT4,0.64449406
ELMO3,0.6444838
ITGA11,0.6444678
GTPBP2,0.64445186
HINT1,0.644427
LIG1,0.64441544
ITGB1,0.6444116
HSPA4L,0.64438164
ISG15,0.6443325
ILK,0.6443299
JMJD4,0.64430934
IRF5,0.64426774
MAPRE1,0.6442598
NOMO2,0.6442559
HDAC9,0.6442369
MYLIP,0.64422035
HNRNPC,0.6442049
CBX8,0.6442033
FTSJ3,0.64415383
HDAC10,0.6441522
MAGI3,0.64414805
FGR,0.644148
KHSRP,0.64413154
GNAO1,0.64410734
LRRC41,0.6440982
MAP3K8,0.64409703
KIFC3,0.6440146
GDE1,0.6440123
ILF3,0.6439891
LSM11,0.6439529
HNRNPK,0.6439495
KIF22,0.64392596
HERC1,0.6438904
HOXB4,0.6438543
FOSB,0.6438453
HMGCS1,0.6438255
RND1,0.6438214
HLX,0.6438168
KIF2C,0.6437964
HMGXB4,0.64379305
GOT1,0.64371324
KIF21A,0.64371043
MAP3K5,0.64370936
HGS,0.6436883
DUSP10,0.64367694
IPO7,0.6436627
EPHB3,0.6436579
ITFG2,0.64361054
CTBS,0.6436048
EIF3G,0.64354295
LAMA2,0.643524
FBF1,0.6435237
HELQ,0.6435198
RASAL3,0.6435145
IPO11,0.6434907
HSPD1,0.64349014
IQCB1,0.64340824
LSM12,0.6433979
LIMK1,0.6433666
NAF1,0.64335215
HOMER1,0.6433469
HLA-DOA,0.64325565
EDNRA,0.6432365
GTF2H3,0.64322114
LIMA1,0.6432091
RASGRP2,0.6432034
IREB2,0.6431583
MAD1L1,0.6430932
NUDT14,0.64309317
MCM3AP,0.64307547
GOT2,0.6430471
PGM2,0.64304096
KDM2A,0.6430078
GDI1,0.64300585
FABP5,0.6429799
MED21,0.64297146
KANK2,0.642969
INTS7,0.64294505
BMP8B,0.6429033
LSM10,0.6428968
LMAN2,0.64289635
IFIT3,0.64286834
KNTC1,0.64285386
GRN,0.64284325
MALSU1,0.64283854
LAP3,0.6428279
ITPR1,0.64281696
HOOK2,0.64280444
HPSE,0.64280057
MVB12B,0.64277804
LAMP2,0.6427741
FBXL7,0.6427287
F5,0.64271694
LSM7,0.6426645
EPB41L3,0.6426438
KCTD15,0.642642
MCM4,0.64263994
ETV3,0.642634
JMY,0.6426174
CMPK2,0.6426124
CRAT,0.64258057
KANSL2,0.64257544
GRAP,0.64257514
IPO5,0.64256346
ITSN2,0.6425617
GSTM2,0.6425504
GAA,0.6425012
FGF11,0.64250064
FBXL12,0.6424794
P2RY6,0.642465
HMGCR,0.6424642
LAMA3,0.6424565
HLA-DMA,0.6424309
KRBOX4,0.64240927
GCAT,0.64239275
NME6,0.64237595
IPO4,0.6423627
ICAM2,0.64232504
IL18BP,0.6423137
HS2ST1,0.6422912
GIT1,0.6422712
KLHL5,0.6422663
MFSD2A,0.642264
MRPS7,0.64222175
KCNAB2,0.6422129
MARK4,0.64219475
EMB,0.6421895
EAF2,0.64213794
LLGL2,0.64211947
IP6K2,0.642087
LGMN,0.6420851
MMAB,0.64206856
EMC2,0.642019
FBXO5,0.6419812
IPO9,0.6419707
LIMS1,0.6419654
GABPB1,0.6419616
HSPA9,0.6419593
KIF23,0.6419537
HAUS8,0.6419431
LSS,0.6419075
MPC1,0.6418839
MICU1,0.6418764
MAN1C1,0.6417931
MBIP,0.64179176
GLMN,0.6417876
FBXO17,0.6417757
ERCC6L,0.6417535
LRRFIP1,0.641741
LMAN1,0.64172816
JAG2,0.64172125
L3MBTL2,0.6417003
GRPEL2,0.6415922
MCAT,0.6415717
PPP2R5B,0.6415683
HNRNPF,0.6415652
FZD1,0.641558
LPCAT1,0.64152473
IFI30,0.64151317
GIPC1,0.64150596
IFNLR1,0.6414992
KIF3C,0.6414766
NEU3,0.64145386
LAMA5,0.6414478
LAMB2,0.6414257
GLRX,0.64136904
HAUS4,0.6412447
GNPTAB,0.6412193
FAH,0.6412054
KIF20A,0.6411979
LMO4,0.64116013
MAMLD1,0.64115006
HSPA8,0.64114475
KANK1,0.64114344
MCM2,0.6411312
HCCS,0.6410587
ILF2,0.64102733
FBXO6,0.64102334
MAPKAPK2,0.6410187
GRHPR,0.64099646
KAT5,0.64091283
EPHA1,0.64086777
CFD,0.64086133
KRT18,0.6408257
INTS1,0.6408104
MTA2,0.64080924
KHDRBS3,0.6407876
MXD1,0.6407739
IMP3,0.6407514
NFKB1,0.6407306
HUWE1,0.6407271
FKBP15,0.6406477
KANSL1,0.64063346
IL6R,0.6406073
HIF1AN,0.6405783
KCTD3,0.64056414
BAG2,0.6405543
EHD4,0.64053756
KCNC4,0.64053553
MAOA,0.64052284
GEMIN8,0.64051056
GFM1,0.64042354
HOXA1,0.64040947
MAP3K3,0.64039695
HSD17B12,0.6403874
HNRNPM,0.64038223
LGALS9,0.6403497
NOMO3,0.6403371
JMJD6,0.64031786
MKKS,0.6402864
HBS1L,0.6402797
ITCH,0.6402383
LIN7B,0.6402253
HSPG2,0.640205
INPP5B,0.64018303
MFHAS1,0.6401771
NFATC1,0.6401551
IGFBP7,0.6401278
KCTD1,0.64009327
IPP,0.640079
ERN1,0.64006346
PLIN2,0.64004534
LAMB1,0.6400372
LGALS8,0.6400318
NDOR1,0.6399928
IRAK1,0.63997674
GPD1L,0.6399666
LCLAT1,0.6399454
GAR1,0.6399336
CD38,0.6399088
MRPL49,0.6398937
GEMIN7,0.6398906
MAPK8IP3,0.63985956
KLHDC2,0.6398595
GTF3C3,0.63985753
LAMC3,0.6398559
LGR4,0.63984597
IGF2R,0.63982546
GPN3,0.63982224
COL17A1,0.6398177
NUDT12,0.6397739
MAPK12,0.6397141
INTS9,0.63967836
GSPT2,0.6396296
GALE,0.6396203
EFNA4,0.6395935
MAP3K11,0.63958573
ITPK1,0.6395637
LDHB,0.63956016
LDB1,0.63953024
C15orf48,0.6395204
PEX3,0.6394838
HARS2,0.6394726
NEDD8,0.6394649
HTATSF1,0.6394637
MGAT4B,0.6394289
MPHOSPH10,0.6394224
HVCN1,0.63934094
NDUFB5,0.6393404
HRH1,0.639329
NFKBIB,0.6393104
KIF9,0.63929236
NAE1,0.6392776
HPDL,0.6392762
GNA14,0.6392363
FUT1,0.63921833
GMPPB,0.6391455
LEPROT,0.63909084
KLHDC3,0.63908696
MTMR3,0.63906854
KLC1,0.6390661
ISG20L2,0.6390227
OAS1,0.6390068
MAPK9,0.6390011
HSPB1,0.6389972
PEX16,0.63899195
KDM4A,0.6389811
CD2,0.6389798
KDELR1,0.63893324
ITGB4,0.6389253
MAP3K10,0.63892144
LGALS3BP,0.6389179
KDM4B,0.63887763
MYL12B,0.63887435
LMNB2,0.6388699
LIF,0.6388541
LAPTM5,0.63883525
MAF1,0.638799
LARS2,0.63879293
ORC6,0.6387688
LNPEP,0.6387603
KRT7,0.63874847
ITPR3,0.6387192
HCAR2,0.6386654
MYO1F,0.63866466
GIMAP4,0.63866466
FAIM,0.63866395
MED29,0.6386262
FKBPL,0.6386017
MTMR10,0.63859665
LIN54,0.638581
KHNYN,0.6385215
LSM14B,0.63851196
MYO7A,0.6385053
INCENP,0.63850427
GLRX5,0.6384341
KCMF1,0.63842994
CLIC2,0.6384269
INTS3,0.6383994
BBS12,0.6383994
MAPKAPK5,0.6383624
MARK2,0.63834774
KIF2A,0.6383351
HMGCL,0.63831675
MED24,0.63825244
MRPL17,0.6382487
MAP3K2,0.6382162
C9orf72,0.6381927
LPIN1,0.6381659
CD5,0.63815117
MAFK,0.63814807
MAML3,0.6381442
GPR180,0.6381118
CREB3,0.63808143
INO80,0.63807535
MAGT1,0.63803226
MRPL13,0.6380046
GTF2H1,0.6379925
JMJD1C,0.6379345
FNIP2,0.63791096
KIF20B,0.6378878
HDAC3,0.63786465
GK,0.63785547
MRPS6,0.6378083
FZD8,0.6377747
NDUFV1,0.63770324
MOV10,0.6376305
NSUN5,0.6375964
HSPA4,0.6375355
MATR3,0.63753444
HSPB8,0.63751245
MMP17,0.63748676
CD163,0.6374833
ITPA,0.63748103
NR2F2,0.63745576
SLA2,0.6374197
IL7,0.6373882
LUC7L,0.637357
CNGA1,0.6373408
MADD,0.63730776
KCNJ14,0.63730377
ICMT,0.6372793
ITGB5,0.63727766
MKRN1,0.6372567
FHOD1,0.6372536
IPO13,0.63724935
KBTBD8,0.63722
LDB2,0.6371918
MBTPS2,0.6371825
MOB1A,0.6371688
MED23,0.63715327
MRC2,0.637143
HAUS1,0.6371198
KIF17,0.6371068
MGRN1,0.6370781
MAN2B1,0.6370376
LPGAT1,0.6370335
LAMTOR4,0.6370322
MPDZ,0.6370315
MED25,0.63702404
KPNA3,0.63702345
KIF1B,0.6370139
HENMT1,0.63697606
MRPL24,0.63696665
MFN2,0.6369423
GAS8,0.6369078
KCNIP4,0.6368978
PLCD3,0.6368586
KLHL11,0.63685364
LONP2,0.6368403
KIF1C,0.63676035
LPL,0.6367591
MICA,0.6367441
MYSM1,0.6367389
GTF2B,0.6367371
MPHOSPH6,0.63669163
MYCBP,0.636671
KIDINS220,0.6366439
GNA15,0.63662827
KPNB1,0.6366248
MAT2B,0.63661283
IL11RA,0.636605
GOLM1,0.63660485
INTU,0.6365932
MTMR4,0.636576
MCF2L,0.6365689
MCCC1,0.6365185
MAN1A1,0.6364964
MTX1,0.6364958
MGLL,0.63648665
JDP2,0.6364047
HDAC11,0.6363913
GRPEL1,0.63638645
KIF11,0.63637435
NMT1,0.63637346
MBP,0.6363278
IER3,0.63631845
KRT80,0.6362378
LIG3,0.63621193
IFT172,0.6361546
KIF13A,0.63615346
MMS19,0.6361496
KDM8,0.6361388
JUNB,0.63611263
MBD2,0.6360991
KPTN,0.6360893
CDK3,0.6360638
CASP1,0.63605434
IFI16,0.63604844
HERC3,0.6360474
KATNAL1,0.63602525
LILRB3,0.6360109
MAP2K5,0.6359873
MRPL3,0.6359429
MACF1,0.6358938
DENND2A,0.6358549
MTF1,0.63583463
MRPL37,0.6357773
MAP1B,0.6357659
NDUFS2,0.6357104
MX1,0.63570625
MAP2K6,0.63568825
MAPK14,0.6356809
NAB1,0.6356745
DUSP12,0.6356456
LPCAT4,0.6356308
KIF26B,0.63561773
KCNG1,0.6355687
MAVS,0.63556474
GRHL1,0.6355519
MPP5,0.6355477
NPC1,0.6355158
MZT2A,0.6355061
HOXB2,0.63550264
CARD6,0.63547343
IPMK,0.6354427
MMP11,0.6354301
ENTPD6,0.6353634
HECTD2,0.6353548
LBR,0.6353483
OPTN,0.6353199
LEPR,0.6353122
MRPS5,0.63528645
GKAP1,0.63527703
SHC2,0.63526076
MLXIP,0.6352229
IRF9,0.6352052
MAP3K4,0.6351773
NOC3L,0.6351733
HLA-DRB5,0.63516736
FAM8A1,0.63515115
HIGD1A,0.6351343
MFF,0.6351145
MBD5,0.63510716
FNDC5,0.63508743
MASTL,0.6350754
LONP1,0.6350605
AQP1,0.6350409
ING3,0.63503796
LRP8,0.63503355
FBXL14,0.6349769
NT5C3B,0.63496995
MAN2A1,0.6349561
MRPL33,0.6349516
MEF2A,0.6349375
MSX1,0.6349289
LAMA4,0.63491756
MRPL48,0.6349149
MBNL1,0.6348746
LOXL1,0.6348641
NCOA6,0.63485825
MCTS1,0.63485575
HEBP1,0.63485485
MGAT5,0.6348538
LAMP1,0.63484585
IGBP1,0.63482416
ING4,0.63477755
MCMBP,0.6347731
ITGA2,0.6347713
CD69,0.6347702
GPR160,0.63476795
MARS2,0.63476336
NDC80,0.6347283
INTS2,0.63471824
MAP4K5,0.6347163
LUC7L3,0.63466793
KLHL20,0.6346354
KDELR2,0.6346227
LONRF1,0.63461125
MED13,0.63459426
FKBP2,0.63455987
NECAB3,0.63455695
MRPL2,0.63454
HPS1,0.63453305
NUP88,0.6345304
METAP2,0.6344835
PAK1IP1,0.63446605
FST,0.63442767
KPNA4,0.6344165
IL15,0.6343657
KDM1B,0.6343031
JAG1,0.6343018
IMPDH2,0.63422334
NEIL1,0.6342136
MECR,0.63419455
MAT2A,0.6341826
NEMF,0.6341809
METTL7A,0.6341748
MEIS2,0.6341738
LRP12,0.6341725
HSPB11,0.63414854
MRPS22,0.6341207
ME1,0.6341153
KPNA6,0.6341095
ELMO2,0.63409984
MON1B,0.6340879
GPX3,0.6340816
IGFBP4,0.6340425
NCAPG2,0.6340411
SAP30,0.63395876
MRPS18B,0.6339391
MYBL2,0.6339163
IMP4,0.6339159
PRNP,0.63391566
IL10RA,0.6338946
IFIT1,0.63384205
KIF3A,0.6338416
HIP1R,0.63382643
ITGAE,0.63382596
NDUFB10,0.633809
ME2,0.6337288
MOCS3,0.63371354
MTMR2,0.6337014
HSBP1,0.6336894
MAEA,0.63366544
MUS81,0.6336039
KMT2E,0.63347423
RP2,0.6334638
LMTK2,0.63345146
IFT27,0.6334436
NAGK,0.63343954
NBR1,0.6334245
GORASP2,0.63339317
MSL3,0.6333764
SH2D2A,0.6333757
MCM7,0.6332505
NFYB,0.63324785
HNMT,0.63324517
MTM1,0.6332288
LIN52,0.63321316
MT2A,0.63320416
MAP4K2,0.63318145
NDUFAB1,0.63313544
MKLN1,0.6331202
MED27,0.6331172
MBTD1,0.6331131
MAP1LC3B,0.6331121
KHDRBS1,0.6331037
MFSD12,0.63310117
MTMR14,0.6330991
MRPL16,0.63307595
NPM3,0.6330637
NOL12,0.6330535
LSG1,0.6330314
CD248,0.6330297
GSTM3,0.63301784
MTA1,0.63294244
MYH10,0.6329243
LAS1L,0.63292193
RETSAT,0.63290405
LYPD6,0.63288057
NASP,0.6328723
MCEE,0.6328579
NAA20,0.6328476
MTR,0.6328439
ITM2B,0.6328246
GRIN2D,0.63276887
METTL4,0.6327618
KLHL21,0.6327176
ITGBL1,0.63269854
PANK4,0.6326957
IFI35,0.6326827
LINGO1,0.63264954
MTA3,0.63260025
LRCH1,0.632526
MYO9A,0.63250256
NOC4L,0.6324813
AGMAT,0.63240796
CD96,0.6324007
MORF4L1,0.6324001
CGRRF1,0.63236314
IL20RB,0.63233376
MIEN1,0.63231957
HDAC5,0.632314
HCFC1,0.6323137
KDM5B,0.63229185
NINL,0.6322723
MKNK2,0.6322588
NELFE,0.6322267
METTL3,0.63221836
MINPP1,0.632206
NMRK1,0.63218194
F3,0.63218063
MRPL28,0.63218015
HMOX2,0.63217556
MID1,0.6321382
KIF18B,0.6321308
MTUS1,0.6321297
CD34,0.63210714
MRPL20,0.6320971
MPRIP,0.6320962
ITGA2B,0.6320739
N6AMT1,0.63206095
OSTM1,0.6320446
GPR68,0.63203835
MCM5,0.63202226
NBAS,0.6320066
HOXB6,0.6320047
MRPL46,0.6319759
GPX8,0.63192916
IVNS1ABP,0.6319185
LRRC40,0.6319146
MTIF3,0.63190675
OSGEPL1,0.6318088
MYLK,0.6318058
ALS2CL,0.63179666
KIF7,0.631776
NSMCE2,0.63168675
MED16,0.6316772
PTGIR,0.6316411
LSP1,0.6316391
POLB,0.63163626
HCFC2,0.63162506
IRF2BP2,0.6315425
MINK1,0.6315376
NDST1,0.63153344
LEMD2,0.63150775
NAT10,0.63150585
KATNA1,0.63149637
LRP3,0.63149333
NDUFS6,0.63147825
LRIG1,0.63139963
INO80E,0.63138324
PI4KB,0.6313814
LTBP3,0.6313139
PNPLA6,0.63131267
KLHL25,0.631311
NCL,0.63130224
MAP4K1,0.63129
LDLR,0.6312684
NFX1,0.6312544
PEX7,0.63123584
EDEM3,0.6311507
PDCD6,0.63114715
KRT19,0.63112265
PDP2,0.6310522
MEPCE,0.6310228
NDUFS8,0.63101286
MTMR9,0.6310059
NGDN,0.63100296
NADK2,0.63092756
PLB1,0.6308981
RBAK,0.63087654
FAM131B,0.6308756
MED6,0.6308669
ISYNA1,0.6308549
HEXIM1,0.6308519
LMNB1,0.6308334
PPCS,0.6308023
PPM1F,0.6307997
FZD4,0.63079023
KALRN,0.6307468
LPIN3,0.6307406
ORC3,0.63073343
MRPL9,0.6307272
MAP2,0.63071764
NMT2,0.6307154
OAZ2,0.6306939
RRAGB,0.63068867
ODC1,0.6306496
NSUN4,0.6306395
MYL5,0.63061076
LAMC1,0.6305814
GPC1,0.6305519
NAA50,0.6305396
TNFSF12,0.6304424
MIEF1,0.6304368
MAFG,0.63040257
MOB2,0.63036966
NCAPD2,0.63036007
NTAN1,0.63033944
KXD1,0.6303206
NAPB,0.630306
NAP1L4,0.6302808
KIAA2013,0.6302757
PLEKHG4,0.6302671
MAPRE3,0.6302587
MS4A4A,0.63024586
CDK5,0.6302098
MEMO1,0.63015515
LRRC8D,0.63014734
NFU1,0.63012916
PLAA,0.63012195
NID1,0.63012147
NR1D2,0.63003546
MBOAT2,0.6300277
NDUFA4,0.62997955
LOXL2,0.6299719
ITPKC,0.6299682
PCCB,0.6299566
RALB,0.6299498
PLCB2,0.6299063
MXRA8,0.6298944
MELK,0.62985826
LAMB3,0.6298565
NUBP2,0.62985605
NOB1,0.62985283
LLGL1,0.6298346
KPNA2,0.62982523
CSF2RB,0.6298171
CYP39A1,0.62977904
KCNJ2,0.62968
NGLY1,0.62963253
MCU,0.6296053
LEMD3,0.6296043
MSRB2,0.62958425
MAP4K3,0.6295697
FUCA1,0.62956023
NAA25,0.6295443
PANK1,0.6294926
PLCD1,0.62948245
MRPS24,0.62939847
PHACTR1,0.62939
MED8,0.6293894
NME7,0.62937355
MCC,0.62936413
ORAI2,0.62935776
NUDT19,0.6293394
MANBA,0.6293076
MAPK7,0.62930125
NUDT5,0.62929046
NSUN2,0.62928647
PARN,0.6292679
GSDMD,0.62924665
LAT2,0.6292457
DBP,0.6292392
NDUFV2,0.62923205
GPX7,0.62920445
PCYT2,0.62918085
MRPL55,0.6291593
MBOAT1,0.6291177
MRPS18A,0.6291169
FBXO32,0.629115
KDELR3,0.62906396
MRPL54,0.6290599
MUC3A,0.6290344
MRPL22,0.6290232
HAVCR2,0.6290167
NAA60,0.6290106
NBEAL2,0.62899417
RAP1GAP,0.62896734
NOM1,0.62894446
FDX1,0.62893856
HOXB7,0.62893623
PEX5,0.62893605
NDRG3,0.6289226
NR2F6,0.62891775
MIA3,0.6289099
MBOAT7,0.6289086
MRPL35,0.62889105
NPLOC4,0.62887853
KLHL3,0.62886626
NUB1,0.62884384
PLXND1,0.62880105
MSL2,0.6287473
NDUFA4L2,0.6286787
LSM4,0.6286657
MVD,0.6286572
CTHRC1,0.62862456
LIMD1,0.6286076
NPC2,0.6285758
MDN1,0.62857383
NUDT9,0.6285674
NDUFAF2,0.6285417
PIGS,0.6285348
NDUFAF6,0.6285086
GOLGA1,0.628482
MCM10,0.6284776
NDUFB1,0.6284485
MZF1,0.6284409
MIS18A,0.62842137
NFIX,0.62839246
MEAF6,0.6283369
LRP10,0.62832606
MEGF8,0.62832046
LTBP1,0.62829953
KATNB1,0.62829226
MARK3,0.62827665
NLGN3,0.6282699
MTX2,0.62825423
MAP2K3,0.62823814
MPP6,0.62823784
NOSIP,0.6281965
MAD2L1BP,0.62819576
KLHL22,0.62817305
NDUFA11,0.62816036
MIS12,0.62814134
PELP1,0.6281177
NNMT,0.62811476
OSTC,0.6280985
MDH1,0.62809557
MFGE8,0.62809086
MEX3C,0.6280579
NFYA,0.6280498
KDM3B,0.62800604
RARB,0.6280004
KCNIP2,0.6279861
MIF,0.6279781
MEIS1,0.6279535
ZNF577,0.62791586
IRF2BPL,0.62791586
MAN1A2,0.62791395
NEK7,0.62791103
ODF2,0.6279073
MAP1S,0.62788975
PCOLCE,0.6278531
MRPS27,0.62781745
ITGA1,0.62781066
RGS2,0.6277998
MYOF,0.62771577
MLX,0.62770844
MAU2,0.6276916
NAPG,0.62766236
MRPL19,0.62765837
INPP5K,0.6276558
ITGB7,0.6276474
RIN2,0.627612
NEDD1,0.627609
NCALD,0.62756824
NOL9,0.62755793
OTUD3,0.6275395
MTHFD1,0.627532
OXNAD1,0.62751305
NFATC3,0.62750643
MED15,0.627462
KRTCAP2,0.6274594
NRP1,0.6274505
MDK,0.6274151
MYO10,0.62739885
NDUFA13,0.6273687
LAMC2,0.6273061
PLOD3,0.6272905
POLR1B,0.6272883
MYO6,0.62728286
NUFIP2,0.62722796
IVD,0.6272247
NSMCE4A,0.62719524
MGST1,0.62717724
NET1,0.6271416
NDC1,0.62713206
MMS22L,0.62712795
LIMS2,0.62709814
MGAT3,0.62709785
NPNT,0.627097
KLHL12,0.62709135
NMI,0.6270906
MNAT1,0.62707746
MOSPD2,0.62706965
MTMR12,0.6270608
NEO1,0.62705576
PIGU,0.6270536
MYL6,0.62702936
MRPL47,0.6270085
MTF2,0.6269958
MCCC2,0.62696093
KIF18A,0.6269298
MTDH,0.6269106
NUCB1,0.62690556
MPG,0.6268922
NDUFA10,0.62685674
NDUFB9,0.62682074
MED22,0.62679726
MED20,0.6267388
HELB,0.62671584
MTHFD1L,0.62670404
NCOA7,0.626696
HOMER2,0.6266292
LYRM4,0.62659127
PARP4,0.6265689
NCAPG,0.62655675
MBD1,0.62653416
LSR,0.6265083
RAPGEF5,0.6264853
MAGED2,0.6264821
LTBP4,0.626459
NOL6,0.62638736
SIGIRR,0.62638533
KCNS3,0.6263542
MRPS17,0.6262724
GATM,0.6262651
MRI1,0.62625325
NCAPH2,0.6262426
NDUFA12,0.6261887
LCMT2,0.62618035
MAD2L1,0.62612563
MBD3,0.62609684
F2RL1,0.62608945
HNRNPLL,0.6260828
NUP107,0.62605345
NLRC4,0.6260454
NUP54,0.62600523
NDRG2,0.6259634
PPIE,0.6259322
CFB,0.6258475
GSTA4,0.6258358
MLEC,0.6257737
PAQR5,0.62573564
NR1H3,0.62573403
NAA40,0.6257199
REV1,0.62568223
PPOX,0.6256019
ITGA6,0.62560064
PDE3B,0.62554896
PLK3,0.6255478
OCRL,0.6255477
PIP5K1C,0.62554127
NNT,0.6254895
LRP1,0.6254848
IL17RC,0.62544876
KIF4A,0.6254248
SCNN1D,0.6253539
NFS1,0.6253381
MRPS35,0.62533164
POLR3G,0.6253233
LIN7C,0.625302
PREX1,0.6252981
PRPS1,0.62523377
NIPBL,0.6252245
C5,0.62522084
NR6A1,0.62520176
NR3C1,0.62519425
NSMAF,0.6251911
MED26,0.62516886
CLEC2B,0.6251553
PARK7,0.62515134
NRIP1,0.6251499
MYL6B,0.625116
RAB3IL1,0.6250767
ZFP82,0.62504923
NSDHL,0.6250385
MAPRE2,0.6250264
PFKM,0.6250216
KCNAB1,0.62501615
NCAPD3,0.62497854
PCCA,0.62497526
PSMC1,0.6249548
NHS,0.6249503
RAB32,0.62493974
NLN,0.624935
PNO1,0.6249067
MRPS2,0.6248939
PDE7A,0.6248732
MAPK6,0.6248632
INTS8,0.6248625
MAST2,0.6248179
MTMR1,0.624765
MRPS34,0.624742
CMTM1,0.6247157
NEK6,0.6246906
BEST1,0.6246894
IL15RA,0.6246838
IL10RB,0.6246809
LRIG2,0.62467724
NCKAP1,0.62467283
PARD3B,0.6246502
OSBP2,0.62461525
METAP1,0.6246127
PRKD2,0.6245961
MPP7,0.62457454
MRTO4,0.6244788
SYP,0.6244702
KIF26A,0.6244532
PHC1,0.62445
POLR2B,0.62437016
POLR3C,0.62436813
RASSF5,0.62436545
F2R,0.6243264
DHX58,0.62429273
RAB13,0.6242671
PTPN22,0.624214
MLST8,0.62421274
ITGA5,0.62419295
NDUFB4,0.6241798
MIS18BP1,0.624136
PRKRIP1,0.62413585
NOL3,0.62413454
PES1,0.6241006
PDLIM7,0.6241002
NDUFA8,0.624081
MCM3,0.62402785
NUDC,0.6239706
PCYT1A,0.6239613
OGT,0.62395203
MATK,0.6239442
DTX3L,0.62394035
MOGS,0.6239082
MSRB3,0.62389004
PLCB3,0.6238793
PLOD1,0.623879
NUBPL,0.6238466
MICU2,0.6238434
MAN1B1,0.62382656
NACC1,0.6238246
PRKAG1,0.62381357
SLC35A2,0.62374234
POLH,0.6237406
NHLRC3,0.6237262
NSFL1C,0.6236962
BHLHE41,0.6236673
CLDN11,0.62365764
MPHOSPH8,0.62363994
PDLIM5,0.6236345
HUS1,0.62361175
PPT2,0.6235977
MED19,0.6235496
LZTFL1,0.6235495
LTN1,0.6235308
RABIF,0.6234889
MYBBP1A,0.62346864
MSRA,0.6234672
KRT17,0.62342364
NMNAT2,0.62342316
ICAM3,0.6233966
PHB2,0.6233494
LNX1,0.6232815
DEPTOR,0.6232606
SCRIB,0.6232491
MTHFS,0.62321776
NUAK1,0.6231412
NOP9,0.6230499
NDUFA6,0.6230272
LYPLA2,0.6230157
MRPL39,0.62301403
LRWD1,0.6230016
MANF,0.6229966
NFATC4,0.622962
IDH3G,0.6229502
PAICS,0.6229474
LAMTOR5,0.62292063
IFT80,0.62290305
NANP,0.62287796
IRF2BP1,0.6228545
MAGOH,0.62285024
NEK9,0.6228486
IL16,0.6228363
MGST3,0.6228354
MMACHC,0.6228336
LNX2,0.6227822
MRPL30,0.6227783
NIT2,0.62275803
HS3ST1,0.622756
NEDD9,0.6227551
NELFB,0.622737
NAA15,0.62273115
RAB4B,0.6227277
PRPF6,0.62271965
KIFAP3,0.62270296
MRFAP1,0.62269056
NAA38,0.62268907
PRICKLE3,0.62268424
PSMF1,0.622669
HOXB3,0.62259316
EGR3,0.6225877
PCK2,0.6225573
NOL8,0.62255174
ORC1,0.62250835
PIGK,0.6224828
MCPH1,0.62247586
OTUD5,0.62242305
OPLAH,0.6223083
RFC4,0.6222737
MBTPS1,0.62227315
NUP210,0.6222698
ME3,0.62226367
MARVELD3,0.62223065
MYO9B,0.62221694
GNG11,0.62220436
MRPS14,0.6221935
REEP2,0.6221868
PRDX3,0.6221525
NR4A1,0.6221486
MPI,0.6221387
NUDT3,0.6221244
MORC2,0.6221183
IFIH1,0.6220678
NOP14,0.6220035
PIAS3,0.62199914
NCK1,0.62198836
MED17,0.62198734
OSGEP,0.6219859
NDUFS4,0.62197125
NUMB,0.62192714
COL6A3,0.62192637
NEIL3,0.6219043
TMEM67,0.621864
PPP1CC,0.6218616
PMPCB,0.62183356
OXSM,0.62183344
PCBD2,0.6218159
NDE1,0.62179786
ORC5,0.62172776
NUP160,0.6216762
NT5C,0.62167096
LFNG,0.62165403
NADSYN1,0.6216176
POLK,0.6215708
HSF2,0.62151724
NFATC2IP,0.62146896
MRPS11,0.6214531
NT5C3A,0.6214453
NTM,0.62143797
OXTR,0.621432
OPHN1,0.6213575
NUDT21,0.6213251
NCEH1,0.62132496
HSPA13,0.62130684
PPP5C,0.62129825
PSME1,0.6212982
RBBP9,0.62126756
MPZ,0.6212478
NEK2,0.6212459
GNPDA2,0.6212
RAB14,0.6211655
NOP16,0.62115777
MOCS2,0.6211274
NOP58,0.62107885
PERP,0.6210629
SHCBP1,0.6210587
GTF2H4,0.6210442
OTUB1,0.6210175
MYCBP2,0.62097776
RNF139,0.6209743
PAIP2,0.6209288
NAGLU,0.62091494
NOP56,0.6208986
PTPRU,0.62087995
PPIF,0.6208719
LCP2,0.6208654
MSH5,0.6208485
NPRL3,0.6207986
HSPA1B,0.62078655
MCM9,0.62078536
MZT1,0.6207704
MRPS21,0.6207581
MTFMT,0.62069565
NANS,0.6206852
MFAP2,0.6206837
ZNF184,0.62063485
NDUFV3,0.62059337
MSL1,0.6205661
NLE1,0.62055826
MED14,0.62054306
PARD3,0.620518
MIER1,0.62050307
MRGBP,0.62041765
PHKA2,0.62040097
NUP50,0.620388
RPS27L,0.62038356
RECK,0.62037015
PPP1R13L,0.620362
CHST7,0.6203479
MYH14,0.62023157
MRPL10,0.620218
NFKBIL1,0.6201944
NKIRAS2,0.6201254
NFE2L1,0.62009996
MOB1B,0.62009025
HPS4,0.62008
PNISR,0.62006265
NCAPH,0.6200357
PCGF3,0.6199993
KLC4,0.6199421
RPGR,0.61992276
PALLD,0.6199092
PHF5A,0.6199008
NFYC,0.6198883
PSME2,0.6198179
PCID2,0.6198087
IFI44,0.6198062
MRPL34,0.6197898
NOC2L,0.61975324
PCDHB5,0.619752
PDK3,0.6197251
PARP14,0.61972135
MYL12A,0.6197082
NINJ1,0.6196804
PCGF5,0.6196703
NDUFAF3,0.61965424
MAP3K9,0.61958504
MFAP1,0.6195542
MRPL51,0.6195438
NEK1,0.61953336
NAP1L1,0.6195258
ORC2,0.6195192
OXSR1,0.6194854
NMRAL1,0.6194786
NPAS2,0.6194494
PARP9,0.61939806
ISCA2,0.61939216
POLDIP3,0.6193844
NCBP2,0.6193353
OXCT1,0.61933136
NRBF2,0.61932695
NUP43,0.6193055
JUND,0.6192703
GALNT12,0.6192542
MRPS30,0.6192156
PIKFYVE,0.6191679
PDCD4,0.61912876
GEMIN2,0.6191253
RNF152,0.61906844
IFT74,0.6190415
HSD11B2,0.6190337
KBTBD7,0.61900204
RNF31,0.61898714
MRPS10,0.618975
PELI2,0.6189739
RHPN1,0.6188675
MRPL18,0.6188623
RRAGD,0.61884296
NPDC1,0.61883986
MZT2B,0.61879176
PLA2G4A,0.618786
POFUT1,0.61871505
OSBP,0.61868274
IK,0.6186752
PAFAH1B3,0.61867124
PARD6G,0.61862934
NUDT16,0.61860406
INTS12,0.618572
MGAT2,0.618569
NRF1,0.6185674
MAML1,0.61856323
NEU1,0.61856073
INIP,0.618553
MAGOHB,0.61849767
NLK,0.6184891
GRAP2,0.61847967
NUS1,0.6184619
OBSCN,0.6184538
HSPA12B,0.6184453
LPCAT3,0.61843324
NMB,0.61833996
PAXIP1,0.6183154
PABPC1L,0.6182901
NVL,0.6182812
PSMB6,0.61826235
RPL36A,0.6182555
NDUFB8,0.61824495
PFKFB4,0.61824477
MMP15,0.6182443
STX1A,0.6182357
PARVA,0.61817425
PDS5A,0.6181469
PCNT,0.6181405
PRICKLE2,0.6181145
PHKG2,0.6181081
CLEC7A,0.61810535
PVR,0.61810005
PINK1,0.61807084
PPP1R9B,0.6180697
KAT2A,0.61806464
LMAN2L,0.61797404
PPP1R12A,0.6178227
PFN1,0.6178213
NUDCD3,0.6177477
PKP3,0.61774236
KCNJ15,0.6177174
KCNC3,0.6177114
OIP5,0.617684
PYGL,0.61768305
NCLN,0.6176644
MCM6,0.6176545
KIF21B,0.61759466
PUS1,0.6175311
OS9,0.61752194
PPP1R16B,0.6175113
PDP1,0.6174349
PITPNA,0.61743313
MRPL40,0.6174317
NIPSNAP1,0.6173987
MCRS1,0.61738735
NMD3,0.61738455
MYO5B,0.6173641
SHB,0.6173294
NHEJ1,0.6173225
KIF27,0.61730933
MFAP3,0.61729735
NUP188,0.61725754
PABPC4,0.61725295
RAB3GAP2,0.61723465
NDUFA5,0.6171797
PDSS2,0.6171672
PAIP2B,0.61716235
PDE10A,0.61716086
LRSAM1,0.61712646
NUP153,0.6170559
MRPL41,0.6170307
SMPD1,0.6169922
NDEL1,0.61696506
MRPS9,0.6169575
PAF1,0.6169446
PUS7,0.61691946
PDXK,0.6169191
NIPSNAP3A,0.6168903
FAM20A,0.6168748
MED28,0.6168512
LY86,0.61684084
GCSH,0.6168288
OGDH,0.61673087
PSMD9,0.61672664
NOMO1,0.61670935
PRDX6,0.61669403
NR4A2,0.61666614
QDPR,0.61666495
OSBPL1A,0.6166253
PDE6D,0.6166242
PPP1R15B,0.61659354
PLEKHA8,0.6165704
NCBP1,0.61653167
RNF6,0.61649144
P4HA1,0.6164891
GLE1,0.61640066
MPP2,0.6163654
PRDX5,0.61635673
RIN3,0.6163436
PPFIBP2,0.61631715
MLF1,0.6162854
PFDN2,0.61625904
PEX6,0.61617875
MAPK8IP1,0.61613905
RGS14,0.6161336
NEDD4L,0.6161194
PLXNA3,0.6161006
NDUFS1,0.61602706
NCF2,0.6160113
RBPJ,0.6159827
MRPL1,0.6159621
MFN1,0.61594546
MLKL,0.61591816
NFIA,0.6158118
PPP2R3C,0.6157994
NIF3L1,0.6157758
LPCAT2,0.61575043
IRF3,0.615737
MRPS31,0.6157308
SHF,0.615713
NHP2,0.6156617
MYADM,0.61564934
RC3H1,0.61564827
NDUFB6,0.61564004
PDE3A,0.6156262
PPP1R11,0.61559665
PHF20,0.6155703
PGP,0.61551523
PRPF39,0.6154509
PEX13,0.6154318
PABPN1,0.61535984
PTP4A3,0.61535466
KIAA0513,0.61528826
MRPS28,0.615273
PEX19,0.6152552
OAZ1,0.6152166
PFN2,0.6152149
PSMG2,0.6151524
PGAM1,0.6151154
PLXNA1,0.61511403
LSM2,0.61508274
MMADHC,0.61505264
PPARA,0.6150365
NR2C2,0.6150137
PDSS1,0.61499715
PLCL2,0.6149938
PGS1,0.6149815
MDC1,0.6149434
SYNE3,0.61493576
NTN1,0.61492974
PPP6R1,0.614918
NOL10,0.6148527
RMI1,0.61483544
NOP2,0.6148093
PARS2,0.6147582
PHLDA3,0.61474746
NOLC1,0.61474466
HOXA5,0.6147373
POLR2F,0.61472684
LIPA,0.61471754
PIP5K1A,0.6147071
PDE4D,0.6146895
PSMD11,0.6146587
PGM1,0.6146393
PTGFRN,0.61462235
NARS2,0.61459506
NSUN6,0.6145472
SMNDC1,0.6144954
PDPR,0.6144901
PFDN5,0.6144592
MRPL21,0.61438763
PFKFB3,0.6143618
PDCD7,0.614358
KCNMB4,0.6143159
PAQR8,0.61426926
PAK4,0.61426675
PDHA1,0.6142641
PECR,0.6142488
SEC11C,0.6142359
MTIF2,0.61416113
PLK1,0.6141409
MLYCD,0.61411375
MICAL2,0.6140954
NECAP2,0.6140754
RENBP,0.6140712
RBBP5,0.61404866
NUP205,0.61404747
PBK,0.6139325
OLA1,0.6139312
RFC5,0.61389816
PA2G4,0.6138695
PFKP,0.61386514
PANK2,0.6138635
POLR2L,0.6137893
NAPEPLD,0.6137893
HARBI1,0.61377186
PACSIN3,0.61375105
POM121,0.6137316
ISY1,0.6136875
LMBRD1,0.6136869
PACSIN2,0.6136748
RPL17,0.61365944
RAB10,0.6136431
PSMC3IP,0.61362875
RER1,0.6135933
RFK,0.61357987
PPM1K,0.61355346
PIK3AP1,0.61353964
PEX1,0.6134917
MAK16,0.61347157
MOCOS,0.6134424
PLEKHM2,0.6133715
PDIA3,0.6133609
HOXA10,0.6133442
PPP1R12C,0.61330754
MRPL45,0.61329585
PDCD6IP,0.61325747
NDUFAF5,0.61324674
MIDN,0.6132274
RAB3IP,0.6132224
OSBPL5,0.61320734
PDE8B,0.6131965
SLC25A20,0.6131727
SEC62,0.613139
PNKD,0.61312133
ORMDL3,0.61308897
PPP1R10,0.61308736
PLXNA2,0.6130766
USP43,0.61304426
PRKAR2A,0.613008
NUTF2,0.61300516
NRBP1,0.6130039
MRAS,0.6129936
MIF4GD,0.6129451
RHOT2,0.61294264
MON1A,0.6128931
PRPF4B,0.6128847
POP1,0.6128046
RPL22L1,0.61275524
PITX1,0.61274755
PARD6B,0.6127398
PPP6R2,0.61268854
POLE4,0.61264104
NUP37,0.61255586
PNN,0.6125218
REEP5,0.61251444
MRPL11,0.6124282
MOAP1,0.6124051
KIF5C,0.6123892
PPA1,0.6123717
PTPN9,0.612362
PATL1,0.6123239
PDE4B,0.6123098
PHKB,0.6122958
IL17RD,0.6122948
NLRP1,0.61229014
PANK3,0.61223817
PPP1R18,0.6122212
RNH1,0.6121936
PTCD1,0.61217666
POLR3B,0.6121576
GAS2L1,0.6121521
NUP155,0.61214525
POU2F1,0.6120876
PDXDC1,0.61201364
POLM,0.6119464
GPATCH1,0.6119068
QPRT,0.61185503
PURA,0.6118224
PBX3,0.61177254
FCGR2A,0.61175865
PAK6,0.61174774
PPM1A,0.6117145
PAFAH1B1,0.61171114
RAB3D,0.6116846
PAGR1,0.6116831
RAB3GAP1,0.6116491
MUL1,0.61164033
RAB2A,0.61163515
IGFBP6,0.61161715
PIK3R6,0.6115855
PPL,0.61158276
NAGPA,0.61157507
PISD,0.61155176
NLGN2,0.611551
CX3CL1,0.6115434
PSMG3,0.6114284
PPIL2,0.611331
PLSCR1,0.6112967
PCDH1,0.61126995
RNPC3,0.61123955
PKD1,0.61121774
PCBP4,0.61121315
LAMTOR3,0.61120045
POLR3A,0.611182
NID2,0.611171
P2RY11,0.6111386
HMOX1,0.6111371
PDHB,0.6111271
NAA16,0.6111246
PGD,0.6110948
PAPSS2,0.6110849
MFSD10,0.6110534
RAB38,0.6110473
NRCAM,0.6110253
PKD2,0.6109574
PSMC5,0.6109378
NDUFA3,0.6109012
SIRT1,0.61089635
FAAH,0.6108777
PIK3R4,0.6108185
NUP133,0.61081564
PIR,0.6108057
NAMPT,0.6107663
PAAF1,0.6107449
PMP22,0.6107401
RPRD1B,0.61073744
LMBR1L,0.6106918
PACS2,0.6106476
PKM,0.6106407
PDE1A,0.6106346
CYP27A1,0.6106283
JAM2,0.61061776
PAN3,0.61061597
RAB11A,0.610509
CHRD,0.6104457
PSMC2,0.61040556
PDE7B,0.61040246
PIP4K2A,0.6103956
NELFCD,0.6103842
NME4,0.6103512
MR1,0.6103367
PPP2R5A,0.6103116
PPIB,0.6102949
LRG1,0.61029476
NR2C1,0.61027867
NUBP1,0.61019737
NPR1,0.6101881
NABP1,0.6101374
NRP2,0.6101022
FPR3,0.61006725
RBM15B,0.6100395
NR1H2,0.6099628
MED4,0.6099564
ZNF600,0.60995257
COL5A3,0.60990024
PPFIA1,0.6098975
METTL14,0.6098461
PPP6R3,0.6097637
LIPG,0.609753
POLD2,0.6097135
PSMD2,0.6097062
NOL11,0.6096159
SYCE2,0.6096115
ORMDL1,0.6095834
NPTN,0.6095665
SGSH,0.60950106
CISH,0.6094339
PPIP5K2,0.6094065
NES,0.60935014
PKP4,0.6093188
PIH1D1,0.60930306
PRCP,0.60928714
TBX19,0.60926133
CETP,0.60918844
PARP12,0.6091186
PLEC,0.6089888
PLXNB2,0.6089593
NCK2,0.60892737
CLIC3,0.60891
PKP1,0.6088185
MRPS16,0.60880154
PSME3,0.60879457
PREB,0.6086902
PTK2,0.60866463
POLR3D,0.6086609
PRKCH,0.60865945
PANX1,0.608649
PRKCA,0.60863507
RHNO1,0.6085332
CLDN23,0.6085245
NAA10,0.6084914
PTDSS2,0.60846466
PRPF19,0.60843706
PPP1R13B,0.6084216
PLRG1,0.60842115
MAP2K7,0.6084111
CYP7B1,0.6083454
MSMO1,0.6083038
PSME4,0.60824174
SCAI,0.60822695
PBX2,0.60820645
MICALL1,0.6081765
MTMR7,0.60810846
IKZF4,0.6080875
TIMM17B,0.6080711
LIG4,0.60805094
TBC1D25,0.6080471
PDE4A,0.60801834
CXCL10,0.6079687
PDIA4,0.60795486
PPP1R14B,0.60793567
MIB2,0.6079134
PRR5L,0.6078949
SUN2,0.6078783
RANBP1,0.6078602
SLC22A4,0.60784125
RACGAP1,0.6078238
MED7,0.6077646
PAWR,0.60771894
PSMD1,0.60771215
NTPCR,0.60771215
IFT20,0.60768104
OAS2,0.60766894
SERPING1,0.6076344
PTMA,0.60762155
MRPS26,0.607594
RTF1,0.6075936
NME3,0.6075693
POLA2,0.6075503
PIGW,0.60748607
PI4K2A,0.6074812
GMPR,0.6074782
NPL,0.60747486
REXO2,0.60746366
RBM19,0.6074093
PKN3,0.60734665
RBCK1,0.60731864
RBM39,0.6073166
PRDX1,0.60730696
PUM2,0.6072696
RHOG,0.6072602
HSD17B7,0.60724366
POMP,0.60720736
PAPOLA,0.6072059
POMGNT1,0.6071506
POLI,0.60706615
PXN,0.60703194
RPF1,0.6070074
DCN,0.60700643
CEACAM1,0.6069909
PEX2,0.60697126
NFKBIZ,0.60695136
RNF19B,0.60694134
RAD23A,0.6069204
RALGAPB,0.60688525
PHF8,0.60686785
LRR1,0.60682553
NSA2,0.60680974
RAD18,0.6067855
LRRC8E,0.6067387
BTC,0.6067314
PKN1,0.60672987
RRP7A,0.6066966
NPHP1,0.6066807
PPP2R5E,0.606659
PSMA4,0.6066417
POLR2G,0.60661405
PIK3R5,0.60660875
PNRC2,0.6065897
POLA1,0.60655403
PRPSAP1,0.6065411
PMF1,0.6065234
OPN3,0.6064901
FAM220A,0.60645694
PRKCE,0.606449
PTBP2,0.6064321
PLEKHA7,0.6064064
POLE2,0.6063646
POLL,0.6063533
RAB11B,0.60634065
PKIA,0.6063006
PIGM,0.6062773
MX2,0.6062562
SELPLG,0.6062346
PFDN6,0.60622936
RALBP1,0.6061941
LMOD1,0.6061734
PYCR1,0.60604864
NSMCE1,0.6060013
RTN4R,0.6059719
FBP1,0.60589415
PHF2,0.605893
LDHD,0.60586673
RAD54B,0.60584944
PLEKHG3,0.6058177
CYSLTR1,0.60581744
RASAL2,0.6058015
POLR2A,0.6057626
PTPMT1,0.6057419
MCM8,0.60569596
PQBP1,0.60563403
SDC3,0.60559547
PDLIM1,0.605592
RBM22,0.60555327
PEA15,0.60554653
PLEKHA2,0.60553783
ZNF140,0.6055134
MID1IP1,0.6054685
RFXAP,0.6054418
PPP1R7,0.60543996
NUSAP1,0.605307
RAB5C,0.6052623
CD4,0.60522324
ZNF383,0.60520923
SAP30BP,0.60520095
PGM2L1,0.60517627
PHB,0.6051544
PPP1R3B,0.60509104
PPP1CA,0.6050893
RAB1A,0.60508
PDGFD,0.60507077
SPINT1,0.6050612
NFASC,0.60505384
GLS2,0.6049265
PRPF3,0.60489285
PRKAG2,0.604874
PHLDA1,0.6048726
RELA,0.6047998
PLA2G15,0.60479164
SMARCD3,0.6047504
PGRMC1,0.60472345
KRT5,0.60470414
RIF1,0.6046352
NCKAP1L,0.6046111
NUP62,0.60458446
PPP2R5D,0.6044807
PPIL1,0.60446113
NEIL2,0.60445774
FCGR3A,0.60444856
PEX14,0.6044139
RNF11,0.6043515
RABL2A,0.60430205
RPL7,0.6042447
PSEN1,0.60420835
POLR3GL,0.60417354
RORA,0.6041626
RGP1,0.6041413
MSX2,0.6041276
PRPF40A,0.60411024
TGM2,0.6040988
PSMA7,0.60409147
PTBP1,0.6040331
RAB27A,0.60402346
PHC3,0.60399956
RCC2,0.6039618
IRAK3,0.60392773
RTCA,0.6039204
RBM25,0.6038842
GPNMB,0.6038649
PSAP,0.6038398
LRPAP1,0.6037892
PRR5,0.6037713
RNF8,0.60375667
RAB1B,0.6037489
SMARCC2,0.6037449
PYGO1,0.6037096
PKP2,0.6037068
RAI1,0.6037015
SDHAF1,0.6036952
PSMD7,0.6036866
RPL13,0.603686
RHPN2,0.60364765
RRP15,0.6036401
STX12,0.6035942
TREX1,0.6035133
PARVB,0.6035106
PNP,0.60349035
RAVER1,0.6034488
PHF21A,0.60333663
PRDX2,0.60333484
OTUD7B,0.6033227
PKN2,0.60331595
NAA35,0.60329485
PPP2R1B,0.60325646
PLCB4,0.6032528
RBFOX2,0.603212
PPARGC1B,0.60319275
EFNB1,0.60317594
PDE8A,0.6031757
PLCL1,0.60311574
RBM7,0.6030819
RGS1,0.6030629
PDE12,0.6030187
RDX,0.6029957
PI4KA,0.6029928
SLCO3A1,0.602932
PIPOX,0.6029193
PALMD,0.6028974
PTPN7,0.6028667
RAN,0.6028382
RANBP3,0.6027859
SEC61A2,0.60273546
F12,0.602733
RBM42,0.6027232
CMKLR1,0.60270035
NFIL3,0.60266304
SENP2,0.6026124
RABEPK,0.6025472
PLD2,0.60251987
PJA2,0.60251635
PDRG1,0.60250616
NXF1,0.6025048
THBS2,0.6024579
SHMT2,0.60244316
NOL7,0.6024302
CSTA,0.6023993
RPRD1A,0.60238355
PUF60,0.60235107
MRPS12,0.6023499
PTDSS1,0.60232794
PTMS,0.6023245
PWP1,0.60228586
PPARD,0.6022466
PHYKPL,0.602234
PELI1,0.6022232
PPP3CA,0.6021531
LMF2,0.602138
LRP4,0.6021119
PIP4K2C,0.6021063
RERE,0.6020964
NELFA,0.6020299
NKIRAS1,0.6020236
ORMDL2,0.60201585
PIGL,0.6019966
RELL2,0.6019404
PTGES3,0.60189146
PSMB1,0.60185087
UBL7,0.6018398
RPL13A,0.6018196
PIAS4,0.6017732
PAPSS1,0.6017052
PRKRA,0.60157573
RAB20,0.60157377
PSMD3,0.60156053
RLIM,0.60155475
PIGO,0.60150605
TBC1D32,0.60150194
OBSL1,0.6014555
PRMT5,0.60144055
RBM14,0.6014269
RGS16,0.6013868
PDGFC,0.60133165
ROCK2,0.6013185
PLAGL1,0.6012913
PLD1,0.6012457
PITRM1,0.60123247
RGS19,0.6012247
RRM2B,0.60112214
SEC24D,0.6011122
PGAP3,0.6011012
TSEN54,0.60098857
PTPN12,0.6009653
RAB31,0.6008741
PSMB7,0.6008638
NPHP4,0.6008553
ORC4,0.60084784
SP100,0.60082275
NAPA,0.60079724
RUFY1,0.60077935
RASSF6,0.60071665
PRR12,0.60070187
METTL21A,0.6006642
PSMC6,0.60062164
PBDC1,0.600607
PSMB3,0.6005915
RNF217,0.600589
PICK1,0.60056776
FRS3,0.60054815
RPL27,0.6005445
PTK2B,0.60049254
RAB21,0.6004792
VARS2,0.60041934
MOK,0.6004049
PSMD5,0.6003578
PIK3C2A,0.60033214
PLA2R1,0.60030395
RPL26L1,0.6003029
SLC25A28,0.60028195
POLRMT,0.6002747
PLP2,0.6002486
PTPN23,0.60022795
PTPRJ,0.6002229
PPP3CC,0.6002124
LZTS3,0.6001769
TERF2,0.6001593
PDCL,0.6001552
DLL1,0.6001452
MIEF2,0.60013413
RRAGA,0.6000697
RASA3,0.60006475
SATB1,0.60003686
PCDHB15,0.5999768
MTO1,0.5999735
RBX1,0.59992945
RPE,0.5999241
PFKL,0.59991854
LPAR2,0.59990966
PRKAR2B,0.5998772
PAM16,0.5998217
PGAP1,0.5997391
PLXNB1,0.59972817
SNTA1,0.59971017
NDUFA1,0.5996867
TAOK3,0.5996626
SART3,0.5996536
ZNF614,0.5996466
PMEPA1,0.59959155
ZNF429,0.5995723
SATB2,0.599569
OPA1,0.59956014
PPP2R5C,0.59955966
PPM1B,0.599526
PEMT,0.5995225
RPL18A,0.5995092
PSMD12,0.59950876
PPP2CA,0.59949964
MRPL50,0.5994752
PHC2,0.5994458
SEL1L,0.59941065
SCO1,0.59933186
PNPT1,0.5992264
NKD1,0.5992207
PCDH7,0.59918535
KREMEN1,0.59917307
RGMB,0.5991528
NAIF1,0.59910053
INO80B,0.5990827
TMEM63A,0.59903693
SPPL2A,0.5990144
MRPS36,0.59898144
SLC6A9,0.59897184
PRKAR1B,0.59896743
PRKACB,0.59896666
PPP1R15A,0.5989414
ULK3,0.5989335
FZD2,0.59893245
PTPRE,0.59892625
PPIG,0.5988093
PFKFB2,0.59879905
PNPLA2,0.5987545
SH3BP4,0.5987518
NIPA2,0.59873366
LIPE,0.5986857
DCHS1,0.59861606
MRPL53,0.5986071
S1PR4,0.59860426
POLR2J3,0.59857094
SLBP,0.5985548
REC8,0.59854305
PRKCSH,0.59848344
PSMA5,0.5984547
RPL15,0.5984294
PPRC1,0.5984028
SEMA7A,0.59837824
RNASEL,0.5983775
SPARC,0.5983372
RAB5B,0.5983337
RPAP2,0.59833217
TXNRD2,0.598318
MED9,0.598293
RNF24,0.5982612
RRP1B,0.59825635
SDF2,0.5982495
PTPRA,0.5981986
RINL,0.59819484
SCLT1,0.5981858
PSMB4,0.59815174
TIMM21,0.5981133
PHAX,0.5980676
RBL2,0.59806687
HTRA2,0.59802204
PTPN4,0.59801716
RAB8A,0.59801495
RPL36AL,0.59798706
RPL27A,0.5979654
POLR3F,0.5979581
PMVK,0.59794456
PSMD8,0.597944
SH3RF1,0.5979403
STRIP2,0.597905
RRS1,0.5978267
GLIPR1,0.597739
SEMA6B,0.59773636
RPL23,0.5977233
NOP10,0.5977118
SEC24B,0.5976715
PLEKHG2,0.59765077
POLR2C,0.59764385
SEMA3A,0.5975671
USP35,0.5975541
SLC30A1,0.59752274
IL2RA,0.5975048
SCYL1,0.59747833
SNAPC2,0.5974313
SGMS2,0.59742004
NDUFAF7,0.59737337
RAD9A,0.5973196
RHOBTB1,0.5972866
RPS6KB1,0.5972836
SMOX,0.597216
PDHX,0.59713334
PJA1,0.5971096
SEC22A,0.59707093
TNFRSF10D,0.5970209
SDSL,0.5969957
RALGPS2,0.59697044
PRKAB2,0.59690696
MAN2A2,0.5968937
RPS27,0.5968914
PSMB8,0.5967377
HSCB,0.5966853
NFRKB,0.5966162
PAIP1,0.59660715
RAP2A,0.5966024
LIPT1,0.5965965
OMA1,0.59658265
SLC12A9,0.5965709
LYPD3,0.5964781
RCCD1,0.59638304
PLAT,0.59637606
RPL35A,0.59637237
POLR2K,0.5963201
RPS6KA1,0.59630585
RMDN3,0.5963033
PCYOX1L,0.59613067
ZNF101,0.59610176
PSMC3,0.59603006
SLC25A25,0.59594053
RUSC2,0.5959125
PUS3,0.5958825
SAFB,0.5958577
SEMA3C,0.5958545
CXCL16,0.5958519
PTRH2,0.5958374
ZNF764,0.5958195
TIPRL,0.5957994
PRKAA1,0.5957655
MRPL27,0.59574944
PIGC,0.59570473
RPA1,0.5956947
SDAD1,0.5956181
UBE3D,0.5956154
RGS5,0.59561354
SAV1,0.59557575
ST8SIA1,0.5955631
SERBP1,0.5955548
RPL19,0.59552747
RNF181,0.5955097
POGZ,0.5954657
RAB30,0.5954597
RPP25L,0.5954445
PHF11,0.5954427
TMC8,0.59533304
RPL8,0.59527135
SLC12A8,0.5952455
RBBP4,0.5952112
RABGGTB,0.5951849
TOR1B,0.5951292
RPL24,0.5950957
PSMB10,0.59508586
SGPL1,0.5950448
RABGAP1,0.5950023
LYZ,0.5949757
RPL7A,0.5949688
MTRF1L,0.59496266
RAI2,0.5949477
RBM34,0.5949301
RAB33B,0.59492886
PSMD10,0.59492314
RPL7L1,0.59489983
RPL23A,0.59487027
NLRC5,0.59486324
SERPINE2,0.5948334
NIP7,0.5948301
POLR2I,0.5948247
PTPRM,0.5948143
SLC7A5,0.59477335
LTB4R,0.5947663
RNF2,0.59476143
RAPGEF4,0.5947495
RNF41,0.59472173
RNF216,0.5947188
SCCPDH,0.5947181
RGS12,0.594702
ENPP2,0.5946889
PDPN,0.59465593
ZNF836,0.59462965
SNRPB2,0.59462297
SPRY1,0.594603
TXK,0.5945556
RAB34,0.59453905
SLC9A3R1,0.59451133
SLC19A1,0.5944348
RAB9A,0.5944252
RPS20,0.5943538
RPL3,0.59431475
SERPINB6,0.5942809
SRF,0.59425837
RAPH1,0.594246
POLR2D,0.5941331
RCOR2,0.5940965
SREBF1,0.5940756
SURF6,0.5940405
PRPF38A,0.5940372
PCGF2,0.5939697
SSBP1,0.5939633
SNIP1,0.5939454
PRC1,0.5939158
RAB11FIP1,0.59388894
RPS8,0.59388304
PTS,0.5938647
RAB25,0.5938511
RPSA,0.59384984
PTTG1,0.5938497
SPHK2,0.59382623
RAB4A,0.5938198
SAMM50,0.59373534
TDRKH,0.59370714
PRMT1,0.5937067
NR5A2,0.59364265
SLC7A6,0.5936111
STARD3,0.5936102
RPL11,0.59360236
PAN2,0.5935865
SYT11,0.5935794
PTN,0.5935541
PLD3,0.59348905
SYTL4,0.59344184
OAS3,0.593408
RNF5,0.5933422
RFC1,0.5932022
RNF7,0.5931632
STRADA,0.5931189
PILRA,0.5930671
PLEKHG5,0.59306306
RGS17,0.593056
PSAT1,0.59302956
STXBP2,0.593016
PEF1,0.59290653
SASS6,0.5928837
SDCCAG8,0.5928733
SNX18,0.59287107
TRAPPC5,0.59283775
PTCD3,0.5927899
ZNF354A,0.59278893
RANGAP1,0.5927647
RAD51AP1,0.5927528
RPAP3,0.59272045
RTN4IP1,0.5926607
RASSF1,0.5926496
PPP4C,0.59261537
MTMR6,0.5925742
TCEA3,0.5925429
CXCL1,0.5924944
NEK8,0.5924728
PRMT3,0.59245723
RPS7,0.5924238
RPA2,0.59240663
RPGRIP1L,0.592381
PPM1L,0.5923407
RPS6KA2,0.5922914
RNF185,0.5922192
RAB37,0.59213006
PSPC1,0.5921175
TBC1D13,0.5921066
RPS4X,0.5920999
SKA1,0.59206825
POLR3H,0.5920279
TBC1D8B,0.59201896
TMED1,0.5919696
PLTP,0.5919561
TOMM40,0.5918829
PGAM5,0.5918514
MCMDC2,0.59183466
PRDX4,0.5917923
RPLP2,0.59179187
ST6GALNAC4,0.59177434
SCARA3,0.59176403
RPL29,0.591738
PYCR2,0.5917229
RPL41,0.59169585
PLEKHA3,0.59169227
UPP1,0.5916735
CALCRL,0.5916581
TRNAU1AP,0.59164625
SPRED2,0.59162307
RPS6,0.59161943
STK36,0.5915916
TOP2B,0.591585
PNKP,0.5915461
LRFN3,0.5914895
RPN2,0.5914834
SMCR8,0.5914075
RNF20,0.59137154
SEC16A,0.59136456
PYGO2,0.59135723
POP7,0.5913415
STAG3,0.5912579
TUBGCP6,0.5912441
REEP4,0.591209
CPLX1,0.59108865
SACM1L,0.5910563
ZKSCAN3,0.5910039
SMURF1,0.5910028
RAP1B,0.59098876
RRP12,0.5909804
RIC8B,0.59087855
TDRD3,0.5908635
UBA5,0.5908442
TRUB1,0.59081006
SORL1,0.59079415
RPLP0,0.59079397
PSEN2,0.5907775
PCSK6,0.5907458
MAPK13,0.5907267
SCP2,0.5906922
RBM4,0.5906613
RPL32,0.59057283
SLC2A1,0.59055555
RABL2B,0.5905446
PIF1,0.59054285
RPS9,0.59052366
PIGP,0.59051126
SPNS1,0.59050786
HSPB2,0.59044725
RNF125,0.59044564
SMG6,0.5904433
SIN3B,0.59042114
POP5,0.5904184
SIAH2,0.59032166
SF3B3,0.5902834
SEPSECS,0.5902777
POLR3E,0.5902611
RFX7,0.5902394
MRPL44,0.59022474
TFAM,0.5902163
PTAFR,0.5902133
LAG3,0.5901832
RPRD2,0.5901617
NME2,0.5901548
SLC25A22,0.5901476
RNF34,0.5901324
SNRPG,0.5900355
CHRNA10,0.5900188
PSMB9,0.58998644
NAT1,0.589958
RPS23,0.58995605
RYK,0.58994025
SNTB2,0.5899038
RPL26,0.5898597
SURF2,0.58981204
SYNJ2,0.58978295
SENP3,0.5896994
RPS11,0.5896911
POLR1A,0.58967584
PYGB,0.58964115
RCHY1,0.5896405
RPS16,0.5896271
NUDT16L1,0.5895855
SNAPC1,0.58956283
TBCC,0.58954453
TRIM6,0.58947504
PRPSAP2,0.589459
TOX4,0.5894534
PRPF4,0.5894468
RPS29,0.5892824
POLG2,0.5892774
RCC1,0.58927596
RAB40B,0.58923894
SNAP47,0.5892169
PCGF1,0.5892071
SMURF2,0.58920634
FOSL1,0.58919644
PIGV,0.5891806
SNX5,0.58917403
RPS26,0.5891565
SUGP1,0.58907264
SIRT6,0.5890085
SCLY,0.5889567
SPAG16,0.5889536
SF3B4,0.5889438
SNRNP48,0.5888494
RBM17,0.5888272
SLC25A24,0.5887994
RFX3,0.5887445
TGFBRAP1,0.5887376
PPWD1,0.58871496
PIGQ,0.58865654
SLC25A12,0.5886383
S100PBP,0.5886042
PGAP2,0.58853775
RPL34,0.5885368
AAR2,0.58850706
RUFY3,0.5885014
TMEM11,0.5884817
PLS1,0.58844256
TNFRSF25,0.58844155
OASL,0.5884345
SH3GLB2,0.5884219
SEC24C,0.5884033
SPRY4,0.58837223
TTC37,0.5883682
SPATA5,0.5883481
PLCE1,0.58829427
RAD1,0.5882728
RPAP1,0.58825886
SHMT1,0.5882559
PRPS2,0.58823943
RPS3,0.58823586
SORT1,0.5881746
PRPF40B,0.5881563
RBMX,0.58802104
ZNF251,0.58798283
RPL37,0.5879591
STK4,0.58793986
RPS15A,0.58789074
PLA2G12A,0.5878124
SUV39H2,0.58769655
SEMA4G,0.5876862
S100A6,0.5875627
SRGAP2,0.58755714
RPP38,0.5875507
RAPGEF6,0.5875397
ROR1,0.58748597
SPAG9,0.5874618
TRIM35,0.58739156
RPS2,0.58735716
PRMT7,0.5873182
RSU1,0.58730763
SLC26A6,0.58730483
PMPCA,0.58730435
PPP3R1,0.58729947
PURB,0.5872733
SERPINF1,0.587264
NR2C2AP,0.58726084
TCP1,0.58723754
PDCL3,0.58717173
STK38L,0.5871575
PER3,0.5871176
RNF114,0.5870865
RCAN1,0.5870739
SRRM1,0.58707327
TIAM1,0.5870036
SF1,0.58698785
STARD13,0.5869279
RNF169,0.5869221
SEC63,0.58686894
TDP2,0.58683956
SREBF2,0.58683795
RHOT1,0.58681923
PPAT,0.58681375
UFL1,0.5867293
SH3PXD2A,0.58670545
TRIT1,0.5866617
RRP9,0.5866341
PEX11B,0.58661425
SCFD2,0.58660144
SLC16A3,0.5865871
ZNF335,0.5865768
SBF1,0.58649653
RAB11FIP3,0.5864653
RTN3,0.5864488
RAB12,0.58644617
ECM1,0.5864403
RBP1,0.58639663
RNF103,0.5863723
RPL31,0.58631957
SORD,0.58631057
ZNF302,0.5862915
RCN1,0.5862831
TAF9,0.58627903
PLOD2,0.58626854
STAU1,0.58624196
RNGTT,0.5862262
TRIM11,0.5862235
TADA3,0.5861919
PREPL,0.58618134
TAMM41,0.5861782
PIGB,0.58616734
TNKS1BP1,0.5860765
SCNM1,0.58605033
PITPNM1,0.5860134
TRIM46,0.5859789
SRSF9,0.58596665
RNF138,0.5859528
RABEP2,0.58592063
RPS17,0.585886
RBM8A,0.58582914
TIMM23,0.5858271
SCAMP2,0.585813
RFX5,0.5857151
PRPF18,0.58570975
ST3GAL6,0.58570427
RBMX2,0.58569306
PCSK5,0.5856472
NAGA,0.5856299
PGGT1B,0.58561075
KHK,0.5855718
TMOD1,0.5855474
SPTAN1,0.5855435
TMEM132A,0.58548117
PDCD5,0.5854714
ST8SIA4,0.5854543
RNF40,0.58545256
RPS13,0.5853788
SCD,0.5853778
RNF38,0.5853754
SPTBN1,0.5853302
PARVG,0.58532363
PDXP,0.5852904
PDK2,0.5852629
SNRNP200,0.58521926
ECE2,0.585208
PPIH,0.58519626
RPS21,0.5851454
RCSD1,0.58509606
RB1CC1,0.5850821
SMC6,0.5850714
RGL1,0.5850701
PTPRF,0.5850313
PIGG,0.5849808
POLD3,0.58497506
SUGT1,0.58496946
RGS10,0.58491904
TTK,0.5848887
TBL3,0.58487296
PSTK,0.58474106
LXN,0.58472294
PSMA1,0.58468145
SAMD8,0.5846208
B3GNT8,0.58460754
TBC1D23,0.5846026
RHOBTB3,0.584593
SUPV3L1,0.5845644
RASA2,0.58455104
RSL1D1,0.5845221
SSR3,0.58451027
SIVA1,0.5845023
RND3,0.58449966
SNRPC,0.5844956
RNF130,0.584487
NR1D1,0.5844493
ZNF451,0.5844366
RCOR1,0.58438647
SMAD7,0.58438534
PEX26,0.5843635
RBM45,0.5842881
TPD52L1,0.58419234
SERGEF,0.5841729
TNKS2,0.5841607
SRD5A1,0.5841595
PDCD10,0.5841365
RPL10A,0.58412945
SBF2,0.5841204
MATN3,0.5841196
SPR,0.5841133
SMC4,0.5840662
SGMS1,0.58406186
SMAD6,0.58398277
SCAP,0.5839789
RNF144A,0.58396935
PIGT,0.5839677
PPP4R1,0.583865
SRP68,0.5838466
TRMU,0.58379334
ITGA4,0.58374757
RNF220,0.5837434
SGK3,0.5837383
RPS5,0.58365923
ZNF552,0.5836397
PPP1R8,0.5835874
HOMER3,0.5835746
TACC1,0.5835477
OSMR,0.5835231
TRPM2,0.58350205
SPN,0.5834859
PRMT6,0.5834787
TBC1D10B,0.58346826
PPP3CB,0.58342
ITGAX,0.58333606
PHKG1,0.5833197
PSMB5,0.58331823
RAB18,0.5832293
RSF1,0.5831961
PPCDC,0.58316976
TBC1D15,0.5831485
RPP30,0.5831388
SFI1,0.58311677
SMUG1,0.5830975
SNX6,0.5830926
TBCEL,0.58308005
TACC3,0.58307374
SH3BP2,0.5830564
SEPHS1,0.5830432
SLC44A2,0.5830398
RAPGEF1,0.5829703
SNRPD1,0.58294934
SARNP,0.5829232
RFC2,0.5829106
RPL6,0.5828941
UCK2,0.5828931
TBPL1,0.58288175
SNAP29,0.5828641
RALY,0.5828029
RBBP8,0.5827843
SIKE1,0.5827591
SEC31B,0.5826749
SRGAP1,0.5826514
TMEM70,0.58256894
SCFD1,0.5825493
SCUBE2,0.5825127
SNRPB,0.58247435
SCARB1,0.58243996
THOC6,0.5823342
SEC61A1,0.58232456
SAR1B,0.58232313
SUMO3,0.58231753
RAB6A,0.5823046
ZYG11B,0.5822168
SYNE1,0.58219653
SDCBP,0.5821475
SREK1,0.58213633
SERINC3,0.5820549
SMARCC1,0.5820373
ZNF623,0.5820351
PLK4,0.5820016
RCOR3,0.58197623
RFFL,0.5819653
RBM5,0.58196086
RSL24D1,0.58195007
RPS27A,0.58185047
RIOK1,0.5818461
SMPD4,0.58184385
RPS19,0.58182496
RHBDF1,0.5817854
ZNF286A,0.58176136
SH3PXD2B,0.58175886
RNPS1,0.5817462
RAB11FIP4,0.58171767
PGM3,0.5815375
TIFA,0.58153546
THOP1,0.58149546
RBBP7,0.5814926
TAZ,0.5814899
QTRT1,0.5814221
STK25,0.58139586
SERP1,0.5813953
RNF123,0.5813881
SENP1,0.5813457
SKIL,0.58131725
TMED3,0.5812428
OAT,0.5812281
KCNN3,0.5811486
REXO4,0.5811445
SSBP2,0.58114386
TRPC4,0.581127
RIMKLB,0.5810427
RNASET2,0.58101845
TOR4A,0.58101285
SEC14L1,0.58094096
PIGF,0.5809064
TMC6,0.5808736
SCNN1A,0.5808609
SMDT1,0.5808315
ZSCAN32,0.5808302
SEMA4F,0.5808235
TICRR,0.5807816
RELT,0.580757
PDZD11,0.580748
SPTSSA,0.58069134
RPS12,0.5806886
VCPIP1,0.5806575
SHISA5,0.58063775
RPL38,0.5806033
SLC35A1,0.5805561
TLR7,0.5805375
PNPLA4,0.5805153
UBAP1,0.58039314
SLC39A1,0.58037615
STXBP4,0.58021146
OCLN,0.58018994
REEP3,0.58014345
RAB6B,0.58012897
RPS18,0.5801193
VPS8,0.5800855
RTN4,0.58007205
POLR2H,0.5800604
SUPT16H,0.58005476
TRIM32,0.5800448
STAM2,0.58004415
PSMD4,0.5800049
TPRN,0.57992834
ZNF430,0.57988966
ZBTB7B,0.5798493
TERF2IP,0.57984734
STT3B,0.57984096
TMEM115,0.57977265
ORAI3,0.57977206
NXT2,0.5797565
ST3GAL3,0.5796667
TOPORS,0.57962537
RABGEF1,0.57959765
TNFRSF12A,0.57952857
VPS18,0.57950383
ZNF426,0.57943475
TPCN2,0.57941276
PFAS,0.57938683
TSPAN33,0.57934433
SNW1,0.5793323
THOC5,0.579281
RPL12,0.5792689
TGIF2,0.57925665
PDLIM2,0.57924545
ST13,0.57917595
SRSF5,0.5791751
TIMP3,0.5791577
SOAT1,0.57914937
POFUT2,0.5791407
STARD10,0.57912695
TRAK1,0.579109
OPRL1,0.5790409
EHD3,0.578956
UBAC1,0.5788706
SNRPD2,0.5788661
NDUFAF1,0.5788648
RGL2,0.5787837
PHF12,0.57873094
SIK3,0.5786516
SAP18,0.57862526
TUBA4A,0.5786219
QRSL1,0.5786174
SIL1,0.5785732
SMARCAL1,0.57856554
PLXNC1,0.5785088
SARDH,0.5784566
POLE3,0.5784263
TADA2A,0.5784235
UBQLN2,0.57839584
SIN3A,0.5783927
SKP1,0.5783675
MAFF,0.578223
SKAP2,0.5782097
SLC3A2,0.5781598
SYTL2,0.57815826
SLC39A7,0.5781445
TPGS2,0.5781445
ZNF224,0.5781195
RNF135,0.5781096
TBCB,0.5780456
PTGES2,0.5780456
SCMH1,0.5780447
SLAIN2,0.57802796
SLC7A11,0.57797927
PTPN21,0.57794595
SH2B2,0.57787836
SOCS5,0.57787454
SH3GLB1,0.57785356
REPS1,0.5777992
S100A11,0.5777629
TMEM107,0.5777357
TUBD1,0.577727
SLC11A2,0.57771325
UNC45A,0.5776769
SRR,0.57767147
TRAIP,0.57766956
DUOX1,0.5776642
RIPK1,0.5776621
SGPP1,0.57765806
ZNF620,0.57757986
RBM28,0.57754946
ZNF418,0.57751596
ZNF283,0.5775149
THRA,0.5774764
ZNF180,0.5774315
VPS28,0.57740587
PDE5A,0.5773965
SCAMP1,0.57734644
SPATA13,0.57734007
STX7,0.5773191
SH3D19,0.57729316
RIN1,0.57726276
ST3GAL4,0.5772551
RPL28,0.57716596
WNT2B,0.577161
TUFM,0.5770996
SSH2,0.5770595
TFDP1,0.5770389
SRI,0.5770336
SMG5,0.5770062
ZNF461,0.5769907
TM2D1,0.576942
SAE1,0.5769319
ZNF793,0.5768719
SSBP3,0.57685703
NAA30,0.5768007
PPP2CB,0.5767935
MTSS1,0.5767238
TIMELESS,0.5766955
UBE2D1,0.5766218
SLC1A1,0.5766125
SNRNP70,0.5765975
TCTN3,0.57657194
RRN3,0.576566
STRIP1,0.57656336
SSX2IP,0.5765559
RHBDD1,0.5765528
PRX,0.5765007
PTPRN2,0.57649255
POMGNT2,0.5764621
TAF1D,0.57642764
SOS2,0.57641786
ITGA8,0.57634795
RAB2B,0.5763124
TAF11,0.5763119
STOM,0.57630026
QSOX1,0.57627356
TRIM25,0.5762112
SPDYA,0.5761975
ZNF555,0.5761898
SRPRB,0.5761189
SNRPA1,0.5761002
ZNF2,0.5760911
TCIRG1,0.5759547
SNRPA,0.5759059
SPIN1,0.5759004
VAMP3,0.5758985
SECISBP2,0.57589805
RAD23B,0.5757695
SERINC5,0.5756763
TNFRSF10B,0.5756576
STX17,0.57565695
TIAL1,0.5756212
SP3,0.57561874
RANBP9,0.5755767
TSR1,0.5755511
MPND,0.57550234
ITGA9,0.57549435
RBBP6,0.5754878
SPSB3,0.5754732
SMAD1,0.5754633
RAB11FIP5,0.5754074
SNAPC3,0.57540005
TAOK1,0.5753769
RXRB,0.575361
SRPK2,0.5753479
THADA,0.5753419
PRDM4,0.57530177
SAFB2,0.5752943
SRRM2,0.5752519
UBAC2,0.57525164
SLC27A5,0.57505226
SLMAP,0.57503074
RNF111,0.57501173
TAPBP,0.57499874
USP25,0.5749245
TTF2,0.57487434
TAF1C,0.5748574
TRIP12,0.5748391
EXOC3L1,0.57481486
RPS3A,0.5747653
SLC25A13,0.5746967
SRP9,0.5746803
PRKX,0.57461697
STIM1,0.57460886
TAF1B,0.5745969
POLR1E,0.5745813
RWDD3,0.574559
WDR36,0.5745385
TIMMDC1,0.57449275
TRAPPC9,0.5744894
TNS3,0.5744885
SH2B1,0.5744252
TAF5,0.57440764
TBC1D5,0.57440215
SECTM1,0.57440174
TRMT11,0.57434976
SLC1A5,0.5743489
TGIF1,0.57430005
ZNF253,0.5742878
RRP1,0.574232
SURF4,0.57421714
ZNF460,0.5741608
SRCAP,0.5741347
ZNF774,0.57412374
TOP3B,0.5740403
SEC61B,0.5739969
TROAP,0.57394415
SUMF1,0.573888
SEC13,0.57384926
RFX2,0.5738316
SPTLC2,0.5737788
WDR43,0.5737718
SCN1B,0.57373536
THUMPD1,0.5736979
TARS2,0.57362616
ZNF124,0.5735589
SETX,0.5735442
UTP23,0.5734918
PIP5KL1,0.57337147
UGGT1,0.5733086
TNFRSF10A,0.57321215
TK1,0.5731754
SPTLC1,0.5731659
SRM,0.57315797
NPHP3,0.57309437
SEMA6A,0.5730671
XRN1,0.5730027
TRIP10,0.5730025
TAB3,0.5729807
SKA2,0.57291996
SKAP1,0.5729149
RAP1A,0.5729115
TOM1,0.57287353
SRSF4,0.5728529
SCAF1,0.57281196
RSRC1,0.57271594
SLC1A3,0.57270277
TEAD1,0.57269156
TPK1,0.5726613
SMARCA5,0.5726591
ETV7,0.5725836
TRIP6,0.5725075
PRKAB1,0.5724863
SDC1,0.57244706
SUN1,0.5724129
TBC1D1,0.5723646
PAFAH2,0.5723448
WLS,0.57230264
RARG,0.5722971
RRP8,0.57227683
STK11IP,0.5722275
RPIA,0.5721878
ZFPM1,0.57215285
ZKSCAN7,0.5721512
SPPL3,0.57214755
YTHDC1,0.5721343
UBA2,0.57211685
TFB1M,0.5720713
USP7,0.57203436
SLC30A6,0.5719917
PODXL2,0.57197434
TRAPPC8,0.5719714
STK3,0.5719704
SLC25A5,0.5719689
ZNF200,0.5719637
TBC1D20,0.57194954
SH3KBP1,0.571931
SUPT20H,0.5719245
TAOK2,0.57191265
MAPK11,0.57187456
SLC25A17,0.57184875
STRN3,0.5718328
SKIV2L,0.5717806
MRM1,0.5717178
SMCHD1,0.571705
SP1,0.5716968
SFSWAP,0.5716407
SNX4,0.5716379
PLCD4,0.57163185
ZNF136,0.571595
TMEM187,0.57153195
WDR83,0.57146525
ZDHHC8,0.5714615
SUOX,0.5714534
NDUFA9,0.5714472
ZNF589,0.5714281
ZFPM2,0.5714239
SMC5,0.57139885
SMYD4,0.5713686
UGP2,0.57134074
RRP36,0.5713138
ZNF182,0.5712844
SCD5,0.5712593
SNCA,0.5711752
TRADD,0.5711673
SPIRE1,0.5711274
SNAP23,0.5711191
ZNF530,0.57100123
PCDH18,0.57099295
SLC9A3R2,0.5709774
WSB2,0.5709111
TULP4,0.5709088
RUVBL1,0.570877
TLN1,0.57086
UQCC2,0.57082576
SNRNP40,0.57082313
SLK,0.5707144
UQCRQ,0.57071394
UNC5B,0.57071036
TMEM126B,0.57069945
RAB8B,0.5706518
RPUSD4,0.57058704
SSR1,0.57049
ST3GAL2,0.57044744
TNRC6A,0.5704009
THOC1,0.57038546
RCL1,0.57035893
TPI1,0.5703571
SPIDR,0.5703249
NUFIP1,0.5703147
TYW3,0.5703004
SSR4,0.57028586
RIOK3,0.57026577
SOD1,0.5702537
DPP4,0.570179
PDK4,0.57017606
SMS,0.57013965
STXBP3,0.57010186
SRP14,0.57010144
ZNF221,0.57006687
SPG11,0.56999236
YRDC,0.56995696
WDR77,0.56990534
PRKCD,0.5698507
SEC11A,0.56979847
TOMM40L,0.5697975
UBE3A,0.5697911
TNRC6B,0.56973433
VPS25,0.5696868
SENP5,0.56960803
SRSF11,0.56959236
TRAPPC10,0.5694655
USP19,0.5694507
STUB1,0.5694491
SLAMF1,0.56944054
RIC8A,0.5694247
WDR3,0.5692982
UROD,0.56924725
TBC1D14,0.5692463
TAF4B,0.56923795
SLC35E3,0.5692346
VGLL3,0.56922764
WDR19,0.56911623
UCK1,0.56909776
TNFAIP8,0.5690676
WDR75,0.5690449
TANK,0.5690417
TMEM179B,0.56901956
TAF8,0.568913
TNFRSF1A,0.56887853
ZNF670,0.5688611
SLC27A1,0.5688564
THOC2,0.5688269
UBR4,0.5688148
SRGN,0.5688105
TBK1,0.5687994
TRAPPC2L,0.5687807
TMED5,0.5687324
ZNF664,0.56869215
SSBP4,0.56857014
RAB5A,0.5685357
TEAD4,0.5684882
TAF7,0.5684219
PPIL4,0.5684215
TRMT6,0.5684082
WDR48,0.56833357
TCERG1,0.56829894
STX10,0.5682982
FCER1G,0.56828266
PRRT2,0.5682399
TBC1D24,0.568219
SEH1L,0.568213
SEC23A,0.56821245
RGCC,0.5682084
TAF6,0.5681986
SDC2,0.5681653
ZNF567,0.56811357
SPG21,0.56808877
RANBP6,0.5680826
TUBG2,0.56806946
UBA3,0.5680537
UCHL5,0.56803447
PCDHGA6,0.56794554
SENP8,0.56792974
ING2,0.5679269
RANBP10,0.56791264
TRAPPC12,0.5678517
ZNF79,0.5678347
TGM1,0.56781316
FOLR2,0.5677786
WASL,0.56777275
STAMBP,0.5677637
SEMA3F,0.5677405
TMED4,0.567593
TRAF3IP2,0.5675691
STRAP,0.5675609
SENP6,0.56753117
SPI1,0.5674359
SHC1,0.56736076
SPSB1,0.56732
UBE4B,0.56730807
SV2A,0.56724656
MOCS1,0.56723505
VPS41,0.5672285
STT3A,0.5672141
TOR1AIP2,0.56718063
GBP4,0.56717414
SIK2,0.5670881
TRIM2,0.5670785
THEM4,0.56707066
SRSF10,0.5670386
TSFM,0.56697994
WBP1,0.56697327
RTCB,0.56696403
RASSF8,0.5669293
U2AF1L4,0.56690484
ZNF10,0.56690216
SNF8,0.56688476
WRNIP1,0.56686753
TFDP2,0.5668361
PRPF31,0.56683236
SNRPE,0.5668113
SPTLC3,0.5667793
TRIM44,0.5667638
SPDL1,0.56671554
TMOD3,0.5667006
WDR4,0.5666595
TEAD3,0.5665512
SPCS3,0.56652176
UAP1,0.56647533
TXNRD1,0.56634253
TOMM34,0.56630766
ZDHHC7,0.5662997
ZNF100,0.56626683
TALDO1,0.56619066
ZNF112,0.56617993
TPCN1,0.5661205
TPX2,0.56608325
TIPIN,0.5660626
RHOB,0.566056
REXO1,0.56603324
REPS2,0.56599367
SOS1,0.56598765
TEAD2,0.5659712
TAF3,0.5659646
TSN,0.56595963
UCKL1,0.565959
TUBB2A,0.56592894
TMSB4X,0.56590915
NLRX1,0.5658844
UBQLN1,0.5658718
TMBIM6,0.5658602
SLC25A38,0.56585485
ZNF721,0.5658471
TMED7,0.5658312
SF3A1,0.56576663
TRAFD1,0.5657559
ZFYVE16,0.565678
RPL21,0.5656775
ZNF234,0.56566864
TARDBP,0.5656654
TANC1,0.56557256
SF3A3,0.5655423
PTH1R,0.56550586
SNX17,0.5654853
UFM1,0.5654473
SRSF1,0.565397
USP3,0.5653533
RFC3,0.565347
TRIO,0.5653413
SEMA4C,0.5653339
TKT,0.5653163
VAMP4,0.5652712
TUBB4B,0.5652419
POMT1,0.56520164
TSPAN14,0.5651981
TLN2,0.5651603
SPOPL,0.5651141
VAV3,0.5651008
STIM2,0.56505024
TOP3A,0.5649596
VAMP1,0.5649418
ALG2,0.56492376
TNPO3,0.5649067
TRIM28,0.5648931
VAC14,0.5648809
RUVBL2,0.5648489
SLC2A3,0.56479996
STARD3NL,0.5647734
RBPMS2,0.56477046
USO1,0.56475425
FUT2,0.56472194
TUBA1A,0.56471574
USP15,0.5646711
THAP4,0.5646231
RMND5A,0.564497
TRPS1,0.56447995
RAC3,0.5644425
TUBA1B,0.56439483
TMED2,0.5643353
SIRT3,0.5643282
TIMP2,0.5642673
WDR41,0.5642589
RNF168,0.56415176
URM1,0.5641481
USP45,0.56414026
SUCLG1,0.5641297
UIMC1,0.56411403
ZNF211,0.56411344
VMA21,0.56409526
ZNF254,0.5640642
SRPK1,0.5640432
SLC25A26,0.56401324
ST6GAL1,0.563991
SMAD9,0.56398493
TSC22D3,0.56392753
ZNFX1,0.5638831
SLC35B2,0.563861
TTI1,0.5637619
STK24,0.56372017
TFAP4,0.563716
UNC119B,0.5636837
SNRPD3,0.56363267
FUNDC1,0.56362677
VKORC1L1,0.56361586
STX6,0.5635621
ZNF510,0.56350905
UST,0.56347734
TNKS,0.56346834
STRN4,0.56344646
STEAP3,0.5633997
STK38,0.56335485
SERPINH1,0.563324
UQCC1,0.56326807
GBP1,0.5632385
UBE2E3,0.5632114
UBQLN4,0.5631851
ZNF248,0.5631227
UBE2G2,0.5631148
RUSC1,0.5631047
WDR6,0.5630948
SMPDL3A,0.5630111
SHPRH,0.56300396
TIMM13,0.5630032
TP53RK,0.5628902
WDR5,0.5628428
SMAP1,0.56272733
UQCR10,0.56264967
ZNF32,0.56264
SYNGR1,0.56261516
SLC27A2,0.5626097
TRPC4AP,0.56257033
PPP1R3D,0.5625656
ZNF770,0.562448
SMU1,0.56244755
ZNF493,0.5624127
ZNF711,0.56240433
UBE3B,0.5623005
TUBGCP2,0.56225324
CYP2J2,0.56221443
TRAP1,0.56219244
TOR1A,0.5621685
SNX3,0.5621415
VPS26A,0.5620824
ZNF133,0.56207585
UBXN6,0.5620601
ZNF480,0.5618919
SHROOM3,0.5618883
UBAP2L,0.56188726
TAF9B,0.56187093
YBX3,0.56184894
TRA2A,0.56182927
TPST1,0.56177634
TRIM39,0.5617082
SSH1,0.56170446
TXNIP,0.5616804
RABGGTA,0.5615023
SSH3,0.5614921
SEC24A,0.5614719
USP28,0.56145555
PRICKLE1,0.56144917
ZNF33A,0.56140566
SLC25A3,0.561298
ZKSCAN1,0.5612765
ZDHHC9,0.56117105
ZKSCAN4,0.56116384
SOCS6,0.56113935
TIMM8A,0.5611014
ZNF44,0.5610831
SORBS3,0.561027
UPRT,0.56095964
TES,0.5609295
XPO4,0.5609248
SNX8,0.56090117
RHOQ,0.5607983
USP49,0.56073457
TFCP2,0.56070507
RARS2,0.56063384
USP6NL,0.56061417
TGFBI,0.5605723
TAF2,0.5605237
USP20,0.56049186
PYCARD,0.56047726
VPS37C,0.56044674
UBA7,0.56040657
WAC,0.5603738
RAB24,0.56036764
VCL,0.56030035
PI4K2B,0.56022584
ROCK1,0.5602186
SAT1,0.5601958
TMOD2,0.56012136
UBR1,0.5600888
PIWIL4,0.56004685
SUPT3H,0.5600408
TXNL1,0.5599933
TAX1BP1,0.5599225
TATDN2,0.55987847
ZNF641,0.55986714
STK35,0.55980086
SARM1,0.5597572
TNK2,0.5597545
SRSF6,0.5597263
SNX2,0.55972534
SUMO1,0.55967164
UBE2L6,0.55965537
TP73,0.55960983
SSU72,0.55960363
SYNRG,0.55954576
WWC1,0.5595016
USP22,0.55943793
ZMAT2,0.55941695
YWHAH,0.5593888
TUBB,0.5593586
ZNF7,0.5593322
TM2D2,0.55933166
POMK,0.55932045
ZNF284,0.5593064
ZRANB1,0.55923265
UBE2R2,0.5591983
UBXN7,0.55914676
TERF1,0.55909276
TBC1D2,0.5589764
TMPO,0.55888695
TMED10,0.5588675
SUPT7L,0.55879545
WBP4,0.5587789
SPIRE2,0.55875087
TTC7B,0.55863
ST3GAL1,0.5586133
SULF1,0.5585468
VPS53,0.5584965
TEP1,0.5584879
WDR33,0.5584727
SPTBN2,0.55843675
TCF7,0.5583702
ZNF107,0.55825645
UVRAG,0.5581122
SLC4A2,0.55808276
TPT1,0.558052
TBC1D4,0.5580386
VPS54,0.5580279
NTN4,0.55802673
FBXL22,0.5579724
UBE3C,0.55795527
DES,0.5579266
PHKA1,0.5578883
SMG7,0.55777216
ZNF320,0.5577678
UNG,0.55773133
TSNARE1,0.5576596
SMARCAD1,0.55760777
ZNF638,0.5576034
WNK1,0.5575906
TUBGCP5,0.55757
YARS2,0.5575622
GIPR,0.55755806
TTC12,0.5575286
TBCD,0.55751395
UPF3B,0.5574329
TRMT61B,0.55738354
SLC44A1,0.5572795
VPS11,0.5572682
ZNF701,0.55723953
ZNF586,0.55723614
YEATS2,0.55720705
ZFYVE26,0.55710495
STIP1,0.5570147
WNT5A,0.55697393
UBE2Z,0.55696464
TP53INP1,0.5569365
MANEA,0.55692464
ZNF84,0.5569207
UBE2T,0.55685556
UBE2F,0.55682737
SOX4,0.556749
SLC9A1,0.5566926
SHARPIN,0.5566871
TMEM216,0.556669
TYW1,0.556623
TRAF3IP1,0.5566224
WSB1,0.5566103
UBC,0.55660415
RASSF2,0.556581
SIPA1,0.5565674
RNF25,0.5565668
SURF1,0.55655885
USP12,0.55655617
TSEN2,0.5565321
TCTN1,0.5565214
UNC119,0.556413
SYF2,0.556365
DISP2,0.55633235
USP48,0.5562964
WDR59,0.55611134
SIAH1,0.5560973
UNK,0.55609506
UBA52,0.5560637
POGLUT1,0.55603087
ZBTB8OS,0.5560226
YIPF6,0.55600655
SLC7A7,0.55597377
SLC18A2,0.5559672
ZNF274,0.5559498
TNFRSF11B,0.55589104
SORBS1,0.5558731
STX18,0.5558261
RALGAPA2,0.55580205
SRSF7,0.5557915
TESK1,0.5557585
UQCRC1,0.5557252
WDR70,0.55569303
TUBGCP4,0.5556679
ZNF207,0.55562365
TXN,0.5556158
SYNGR2,0.5556058
XPOT,0.55548257
UBE2E1,0.5554815
XYLB,0.55544144
SUPT6H,0.55543447
VPS4A,0.555431
ZNF266,0.5554044
SPICE1,0.5553993
TOMM7,0.55527943
ZNF235,0.55524254
WDR35,0.55524236
TPMT,0.55521053
TTF1,0.5552042
XPO7,0.55510384
WASF2,0.5551
MYLK4,0.55509657
UBE2W,0.55509305
ZWILCH,0.5550476
TRAPPC6B,0.5549752
TRIP4,0.55496925
TRIM13,0.5549558
RAP2C,0.554883
STX16,0.5548486
RNASEH1,0.55483335
STON2,0.5548164
WNT5B,0.5548
UBE2G1,0.55478156
ZFC3H1,0.5547465
NRL,0.55460435
ZNF160,0.5544982
SWI5,0.5544086
ULK1,0.5543768
UBE2S,0.55436546
USP9X,0.5543622
UBE2E2,0.55432665
VIM,0.55428773
TBC1D10C,0.55426455
TPM1,0.55424446
TADA2B,0.554203
WDR91,0.5541995
SEMA5A,0.5541828
VTI1B,0.55410933
TRPC1,0.55404735
TRIM26,0.55402344
GGT5,0.5540234
WBP11,0.5539607
TAF4,0.5539491
TNIP2,0.55394655
SART1,0.55391884
GBP5,0.55387247
PPFIA3,0.55385196
SNAPC5,0.5538213
SYMPK,0.55361587
TST,0.55353504
SNX13,0.5535277
TRIM23,0.5535227
UBXN1,0.55351216
PCDHB10,0.55344784
USP37,0.5534381
SMYD5,0.5534096
YBX1,0.5533778
TRA2B,0.55331624
SF3B5,0.55323243
SUPT5H,0.55319464
TRIM37,0.5531898
USP14,0.55316883
WDR81,0.5531306
CYP3A5,0.55312896
SRRT,0.55312365
WIPF2,0.55308604
TNFRSF1B,0.55302745
ZNF766,0.55302113
UBE2M,0.5530199
XPR1,0.55300975
ZNF300,0.55297774
ZNF41,0.55288297
TELO2,0.55288184
PEX10,0.55284923
WDR46,0.5528073
USP47,0.5527345
SYDE2,0.55272084
UNC13D,0.55265844
ZC3H13,0.5525757
GNLY,0.5525357
TRPM7,0.5524493
SEC22C,0.55242836
UGCG,0.55235124
TBC1D17,0.552284
RCAN3,0.55214924
WDHD1,0.5521438
ZC3HC1,0.55210316
SEMA5B,0.5520451
PSENEN,0.55201346
TDP1,0.5519687
ZNF431,0.55193716
SQLE,0.5518834
YIPF2,0.551843
SPAG5,0.55183744
WDFY2,0.5517416
ZNF440,0.5517381
RHOU,0.55172044
VPS52,0.5514832
ZNF529,0.5514573
HSPA1L,0.5513364
USP32,0.55130786
ZNF546,0.5512997
TRIM56,0.5512977
SKA3,0.5512713
UBE2C,0.5511249
TTYH3,0.5510721
ZNF354C,0.5510097
ZNF462,0.5510074
ZMYND8,0.5508714
YTHDF1,0.5508153
TEX264,0.55079204
TBL1X,0.5507872
STC2,0.5507802
SRA1,0.5507751
ZNF143,0.55073446
TCEAL1,0.5507112
MYO15A,0.55069304
UCP2,0.550641
ZNF592,0.5506266
TXN2,0.5506214
YKT6,0.55060816
ZNRF2,0.55051684
TRAF4,0.5505038
SLC35B1,0.5504894
ZNHIT6,0.55036104
TMEM97,0.5503415
TRIM62,0.5503388
TIA1,0.5501878
RNMT,0.5501512
GSDMB,0.54997224
SOCS7,0.54994625
SLC15A4,0.549944
VDAC2,0.54988045
ZNF621,0.54986686
SPAST,0.549835
ZNF506,0.5498204
VGLL4,0.5497787
NPRL2,0.5497556
TUBB6,0.54972255
YAF2,0.54959005
ZNF394,0.54958355
UHRF2,0.5495687
ZC3H15,0.54954606
XRCC4,0.54951864
TRIM3,0.5495065
TJP1,0.5494572
TPD52,0.5494491
ZNF33B,0.5494419
TFB2M,0.5493323
USP33,0.5493125
TIMM17A,0.54928344
TAB1,0.5492193
VPS37A,0.5491848
ZNF18,0.5491328
ZMPSTE24,0.5491327
PPID,0.54908735
TOMM20,0.5486502
TCTN2,0.54852444
ZNF808,0.5485236
CYTH4,0.5485046
TUBGCP3,0.54848534
UBA6,0.54843855
SPCS2,0.54839104
TRPC6,0.54838645
STOML2,0.5483258
ZCCHC7,0.54831594
TOB1,0.54830736
TUBA1C,0.548307
TCF7L1,0.5482839
ZNF626,0.54823256
THY1,0.5482304
ZNF778,0.5481663
TTC21B,0.5481233
XRCC5,0.5481097
TICAM1,0.5480503
TNPO2,0.5479884
TNIK,0.54797995
SPSB2,0.54795414
PER2,0.5479379
U2SURP,0.54789
TRUB2,0.54787105
WBP2,0.547825
CEL,0.54778445
VASN,0.5477407
USP34,0.54772437
TNXB,0.5477197
ZNF337,0.54747385
YWHAG,0.54745793
UTRN,0.5474507
XAB2,0.5472988
SNX33,0.5472415
ZNF678,0.5470889
ZFAND6,0.54706633
WDR11,0.5470594
UBE2Q2,0.54704475
SAT2,0.54702634
ZNF680,0.5470112
TRIM22,0.5470041
WDR62,0.5468637
WASF1,0.54677635
SYNCRIP,0.5467683
PLCH2,0.5466385
WHAMM,0.5466041
ZMIZ1,0.5464982
WDR55,0.5464484
NDN,0.5464374
UBE2V2,0.5464202
TTC5,0.54639393
UTP3,0.54632837
RNF14,0.54623806
ZNF562,0.54622024
XRN2,0.5461555
TINF2,0.54613733
TNPO1,0.5461086
UBE2H,0.54607505
TXLNA,0.546022
UROS,0.54593974
ZNF517,0.5459009
ZNF684,0.545569
UBE2D3,0.5455439
UTP18,0.5453675
TAF5L,0.5453361
TARBP2,0.54524726
WDFY3,0.54523295
USP39,0.5451514
UQCRC2,0.54504967
RDH10,0.5450092
TRAPPC6A,0.5449887
UGDH,0.5449759
UPF3A,0.54497206
TDRD7,0.54494447
RHBDF2,0.54494286
STX4,0.5448943
TMED9,0.5448887
TWF2,0.54477644
ZNF333,0.54477596
WDR45,0.5446605
ZRANB3,0.5446305
ZNF131,0.5445792
ZER1,0.54452455
TMEM258,0.5444739
UBE2K,0.54439265
TM7SF2,0.54427207
STARD4,0.5442653
TYSND1,0.54408157
DHDH,0.5440141
RAB42,0.54386604
SCIN,0.5438621
ZMAT3,0.5438125
UQCRH,0.54380924
WWP2,0.5437595
TRERF1,0.54369307
SRP19,0.5436775
USP5,0.5435245
ZNF564,0.5434382
XPO6,0.54339135
TRMT10C,0.5433557
XPO5,0.54332644
UBIAD1,0.54328287
RASGRP3,0.54318213
TSPAN5,0.54313695
UHMK1,0.5430504
STK39,0.5429705
MAP1A,0.542889
TRIM69,0.54267323
ZNF83,0.5426216
VCP,0.5424596
ZNF445,0.5424216
XYLT2,0.54237163
TFIP11,0.5423199
RCAN2,0.54228383
TPRKB,0.54222727
PTGS1,0.5420655
RPS6KA5,0.5419379
ZNF714,0.54178447
WIPI2,0.54178095
ITGB6,0.5417222
RRM1,0.541716
UBXN4,0.54169565
SEMA4A,0.54163355
RTKN,0.54158556
TGS1,0.54150385
YWHAQ,0.541442
YIF1A,0.5413153
TIAM2,0.5413098
YWHAZ,0.5412931
SEC23IP,0.5412234
GAB3,0.54121643
RCE1,0.54121274
WDR18,0.5409429
TRPV2,0.5407277
NGFR,0.5407079
PORCN,0.5405943
UBE2J1,0.5404377
SYNE2,0.5404302
UFC1,0.5404229
UVSSA,0.5404209
UBE2I,0.54024285
UBE4A,0.5402096
VDAC1,0.54019475
TRIOBP,0.54010206
EIF4E3,0.5397043
YME1L1,0.5397028
SWAP70,0.539623
SPRY2,0.53961945
TRMT1,0.5395921
SEMA4B,0.5395907
TTBK2,0.5395389
ZNF71,0.539537
SUMF2,0.5395279
RHOBTB2,0.5394699
RAP2B,0.539467
TAGLN,0.53926826
USP4,0.53926194
TADA1,0.53923446
ZNF765,0.53917795
UBXN2A,0.53912914
WDR37,0.5391013
TBXAS1,0.5391008
TRAPPC4,0.53897285
SNAPC4,0.538921
UBLCP1,0.5389106
ZNF250,0.5388959
ZNF282,0.5388867
SMPD2,0.5386496
TRIM14,0.53860974
ZNF587,0.5385953
TEX10,0.5385577
ZNF791,0.5385326
VAPA,0.53846323
TM6SF1,0.53839743
VPS4B,0.5382358
GPER1,0.5382247
ZNF433,0.53822416
TXNL4B,0.5380643
VEGFB,0.5380332
TUBB3,0.53796405
SLC5A6,0.53788066
TRAM1,0.53782237
SSB,0.5377692
ZNF141,0.5377229
ZNF496,0.5376969
ZNF543,0.53766567
PTGER4,0.53763014
ZNF841,0.5376225
ZNF710,0.5374754
TMEM50A,0.53747475
VAPB,0.5374158
TECR,0.5373252
TSPYL2,0.53729653
TJP2,0.5371596
ZMYND11,0.5371268
ZNF516,0.5371236
USP10,0.53700423
TOB2,0.5369376
SEPHS2,0.5368559
VAMP2,0.5367037
ZNF227,0.5366515
ZNF326,0.53661376
ZFYVE27,0.53660446
UNC13B,0.53659785
VRK3,0.53659177
SYT7,0.5365535
ZNF823,0.536465
ZFR,0.5364338
SPAG7,0.53642297
YWHAB,0.53641105
STX5,0.53634506
VMP1,0.53629804
NEB,0.53627884
UBL4A,0.5361675
TRAPPC3,0.5361137
ZNF195,0.53611255
ZMIZ2,0.53607523
TMEM147,0.53604615
TTC27,0.5360259
SLC22A17,0.53600836
ZNF385A,0.53599596
ZNF783,0.535778
UBFD1,0.5357476
USP42,0.5356079
ZWINT,0.53558785
VPS33A,0.5355152
SARS2,0.5355005
WDR61,0.53529024
SLAMF7,0.5352711
YTHDF2,0.5351838
SUPT4H1,0.5350738
UBN1,0.5350575
TTLL12,0.5349235
UFSP2,0.53491277
VPS51,0.534805
ZNF212,0.5347373
VPS36,0.5347205
TRO,0.53462136
SYVN1,0.5346021
ZNF519,0.53458226
ZNF776,0.5345683
RING1,0.5345646
SH2D3A,0.5345527
RASGRF2,0.5344799
SMC2,0.53445154
NRN1,0.5344204
ZNF57,0.5343571
ZNF92,0.5343166
ZNF528,0.5343023
MAP9,0.5341417
ZDHHC17,0.5337796
ZNF3,0.53369844
TRIM21,0.53368276
ZNF814,0.5335945
UNC93B1,0.5335223
ZNF550,0.53350115
SERPINB9,0.53343517
ZNF398,0.5334228
SEC23B,0.5333207
ZNF548,0.53307325
UBE2D4,0.53298986
ZNF611,0.53296643
VIPAS39,0.5328513
USF2,0.53282756
VASP,0.5328251
WDR1,0.532712
ZNF700,0.53266114
MLPH,0.5325143
TSNAX,0.5323266
YOD1,0.5322827
VAMP8,0.53225154
ZW10,0.5322222
TAF12,0.5321674
USP16,0.53213066
ULK2,0.5320437
KCNH2,0.53194755
SIRT2,0.53183585
SNRNP35,0.53164023
IL18R1,0.53156066
ZCCHC4,0.53142846
ZNF780A,0.53136635
STARD8,0.5312532
TMEM214,0.53123057
TCEA2,0.53122973
SLU7,0.5311823
IL17RE,0.53111553
ZKSCAN5,0.53111154
RMDN2,0.531093
ZNF45,0.5310657
ZNF43,0.5310082
URB2,0.53086275
UBE2J2,0.5308352
WDR82,0.53080773
SGCB,0.5307831
SLC12A2,0.5307524
UTP6,0.5307383
TP53BP2,0.53067565
SHPK,0.5304371
UQCRFS1,0.5303713
ZNF691,0.53027844
ZIK1,0.5301383
ZNF544,0.5299005
PSMA2,0.5298797
VPS35,0.5297659
MED11,0.5297603
ZNF692,0.529756
SLC39A4,0.5294848
YEATS4,0.5293414
VPS39,0.52924937
USP24,0.5292322
UBE2B,0.5292242
STX2,0.52912134
ZP3,0.5290808
ZC3HAV1,0.5290717
RIPK2,0.52887815
ZNF76,0.528808
MMAA,0.528638
RPP40,0.52848494
UBE2Q1,0.5284794
TNFRSF21,0.52846503
UXS1,0.5284481
TGOLN2,0.5282522
TSSC4,0.52818066
TSEN34,0.5281044
ZFP14,0.5277991
USP11,0.5276939
THAP7,0.5275787
ZNF91,0.52724725
ZFP1,0.5271435
FDXACB1,0.5271184
SGSM3,0.52706605
VAT1,0.52699786
WARS2,0.5269625
VCPKMT,0.5269589
ZKSCAN8,0.52694243
TCN2,0.52685994
YIPF5,0.5268287
TECPR1,0.526782
ZNF649,0.5266282
USP21,0.5265418
ZNF74,0.52634877
WDR26,0.5262217
TBKBP1,0.52618176
TTC26,0.5259233
NDUFAF4,0.52587706
ZNF526,0.5257843
WEE1,0.5254696
TNFSF10,0.5254674
VRK1,0.52516824
ZYX,0.5248836
PBLD,0.5248498
ZNF593,0.5247539
SNRNP27,0.5246757
TBC1D16,0.5245676
VTA1,0.5243883
PPP2R3A,0.52423894
ZBTB17,0.5242093
STX8,0.5236442
ZNF90,0.5236299
THAP1,0.52347535
STAP2,0.52275527
TIMM44,0.52273184
TUBG1,0.5223413
SPAG4,0.5222879
TSG101,0.52228177
VPS26B,0.52227384
KTI12,0.52216643
ZFP36,0.5220196
HEY2,0.5220193
UTP14C,0.521887
ZNHIT1,0.52188563
KCND1,0.5215501
ZNF219,0.52147865
ZNF622,0.5211417
ZDHHC2,0.5211256
ZNF708,0.52054405
ZNF687,0.52051395
SLC27A4,0.52038115
TNFSF13B,0.5203705
ZNF81,0.5202043
ZNF304,0.52015626
ZNF354B,0.5198173
ZNF317,0.51980054
UQCRB,0.51964885
ST14,0.5192253
TXNDC12,0.5192059
TMEM186,0.51848054
ZFP90,0.51838094
ZNF573,0.5182481
UBE2O,0.5178335
VANGL2,0.51778716
TXNRD3,0.5177549
TXLNG,0.51765573
ZNF813,0.5176022
UMPS,0.5173541
SMG8,0.51685786
SLC35D1,0.5168327
ZNF350,0.5168307
TP53I3,0.51649
TGFB1I1,0.5163868
ZNF500,0.51627403
TRMT5,0.5158806
TDG,0.5158146
TAF1A,0.5158055
HOPX,0.5158032
ZNF419,0.5155254
UQCR11,0.51550335
PNPLA7,0.5154996
SETMAR,0.51535255
ZNF768,0.5149072
RNF128,0.51477087
ZNF347,0.514599
ZNF566,0.51440185
PELI3,0.5143344
UNC5C,0.51370424
VPS37B,0.5134913
ZNF175,0.51325494
ZNF264,0.51318246
THAP11,0.51310116
PMM1,0.51289874
SVIP,0.5128306
TTC30A,0.51282173
ZNF318,0.5126664
ZSWIM7,0.51229966
INHBB,0.5121385
GIMAP8,0.5120143
TOLLIP,0.51146686
SLC7A8,0.51116973
ZNF674,0.5110396
ZNF420,0.5110265
ZNF443,0.51090336
ZNF549,0.5108894
ZNF527,0.51058257
TRAPPC11,0.510197
SPARCL1,0.51015437
IL17RB,0.5101063
TXNDC16,0.510081
UBOX5,0.5097194
STRADB,0.50956714
FPR1,0.50952786
SYNJ1,0.50950634
IL1R2,0.5094183
ZFYVE9,0.50922567
ZNF607,0.5091178
ZBTB33,0.5087165
TWF1,0.5087093
USP46,0.50866306
ZNF34,0.5085202
ZNF473,0.50821495
ZNF486,0.5080344
ZNF155,0.5078059
YIPF4,0.507775
TRIAP1,0.50776947
MAOB,0.50706285
MPP1,0.5070542
SPATA2,0.50677085
PEX12,0.5067599
SPON2,0.5063634
SYTL1,0.5062415
ZDHHC21,0.50624067
UTP20,0.5062016
ZFP30,0.50595254
SFN,0.5057391
UTP14A,0.50554174
TBC1D10A,0.50520366
ZNF561,0.5047633
ZNF256,0.5045513
TEFM,0.50454384
LHX6,0.5043485
TRIM36,0.5039231
ZNF485,0.50349945
TLR6,0.5033832
LRRC6,0.5029518
SLC44A3,0.502862
ZNHIT3,0.50280225
ZNF780B,0.50258595
TRIM38,0.5023476
PLEKHG6,0.50197995
SLC44A4,0.50195354
ZNF846,0.5019197
HSD11B1L,0.5019063
TSPAN12,0.501152
WASF3,0.50100124
TACO1,0.50050044
ZNF26,0.4999243
SEMA6C,0.4992442
SNTB1,0.49897322
SYDE1,0.4989478
ZNF699,0.49890912
WDTC1,0.49887565
ZNF12,0.49885738
WRAP53,0.49862573
ITGB3,0.4983774
XYLT1,0.49809477
TBX2,0.49723747
ROBO3,0.49656114
ZNF267,0.4956763
SPTBN4,0.49537155
SPATA2L,0.49524486
ZNF324B,0.49504063
RAG1,0.49492532
ZNF738,0.4946385
PANX2,0.49460346
SLC2A8,0.49373215
S1PR1,0.49341086
RILP,0.49267697
ZNF416,0.49237126
SRD5A3,0.49233925
LRP2BP,0.49167496
ZNF605,0.49160832
ZNF415,0.4907847
TRIM41,0.490011
MS4A6A,0.4899976
SIRT5,0.48967096
ZNF273,0.48919705
HSPA6,0.48844123
UCHL3,0.4881135
ZNF202,0.48729274
ZNF490,0.48635566
VLDLR,0.4858041
ZNF197,0.48518506
SGIP1,0.48506895
TRIM68,0.48470807
S100A3,0.48453057
ZNF558,0.4844887
ZNF439,0.48413017
TBC1D7,0.48401308
YIPF1,0.48389566
ZNF423,0.4838193
TAF6L,0.4834569
PPFIA4,0.48298365
ZNF709,0.48291576
SEZ6L2,0.48236504
VCAN,0.4822915
ZNF189,0.481991
TRAF6,0.48155516
UAP1L1,0.48145157
PTGER2,0.481052
SLC25A14,0.48069757
GCNT4,0.48004282
PEX11A,0.47998512
NDST2,0.4786283
MSR1,0.47823215
SWSAP1,0.47767705
LILRB2,0.4761049
WTIP,0.47608757
ZNF467,0.47567475
SGPP2,0.4735952
PCDHB3,0.47299862
TFAP2C,0.47248524
SLC30A4,0.47140142
ZNF773,0.4702554
ZNF19,0.4667425
ZNF585B,0.4656353
TFAP2E,0.46457654
TBP,0.4624861
TAF13,0.46111023
TLR3,0.46053892
CCR1,0.45802444
ZNF585A,0.45774102
ZNF557,0.45772636
ZNF17,0.4560747
PDE4C,0.45597875
PEX11G,0.45562586
ZNF14,0.4544203
VPS37D,0.45441756
TRPV4,0.45360705
LTF,0.45229083
OLR1,0.45169556
ZNF135,0.44957647
SNAI1,0.4477264
RNF113A,0.44548887
ZNF671,0.44443324
RNASE1,0.44252238
RHOJ,0.4375758
NLRP3,0.43660215
LAT,0.43550354
RPP21,0.4351418
NT5E,0.43301094
SERPINF2,0.43293864
MMP28,0.43130696
ZNF677,0.43119478
USHBP1,0.43021226
WDR5B,0.4293074
SLC40A1,0.4292211
RASD2,0.42915136
IZUMO4,0.4278822
RORC,0.4276923
RAB36,0.4261487
ZNF790,0.42472073
ZNF470,0.4238154
ZNF468,0.423298
POSTN,0.4230985
ZNF222,0.42275238
PSD,0.41972655
ZNF830,0.41732273
RUNDC3A,0.41613287
MYH3,0.41021863
TRIM45,0.40895572
ZNF569,0.40767628
TMEM17,0.4055266
WDR31,0.40097895
SRPX2,0.3993299
MAGEH1,0.3990647
TGFB3,0.39806566
TLR4,0.3979348
SLC4A11,0.39783135
ZFP69B,0.39714885
ZNF615,0.39341706
ZNF772,0.3932512
ZNF225,0.3929111
SERPINB8,0.38338992
PLXNB3,0.38271773
RAMP3,0.3785889
S100A9,0.3765269
TMEM176A,0.37379438
STX11,0.35828564
WNT9A,0.34949145
PDE1B,0.34431204
TUBA8,0.32833433
RDH5,0.32459718
ZNF442,0.31614318
STAC3,0.30920798
THSD1,0.30918118
RASL10A,0.29100147
RGS4,0.25786963
ZNF69,0.24843174
RIPK3,0.23050393
ZNF132,0.21176629
SLA,0.20817263
TNFRSF10C,0.14080387
