Gene Name,Score
ACOT8,0.8483118
ABHD12,0.8467649
ADAM17,0.84655786
ACYP1,0.8465184
ACADS,0.8464144
ABI3BP,0.84640324
ADNP,0.8463985
ACIN1,0.84611523
AFTPH,0.84591717
AHSA1,0.8458551
AIFM1,0.8456621
ADIPOR1,0.84555376
ACAD9,0.8455182
AKR1A1,0.8454988
ACTG2,0.84541786
AASDHPPT,0.84536624
AGPAT1,0.84534556
ADCY1,0.84514666
ACBD3,0.8451401
ADPGK,0.84505165
AIFM2,0.84478366
AGPAT3,0.84446
ACTR1A,0.84440506
ADAR,0.84439784
ADCY5,0.8443569
AGPS,0.8443358
AHCY,0.8442476
ACTR10,0.8442054
ALKBH8,0.84418035
ACTR1B,0.84409964
ACVR2B,0.84394693
ANAPC4,0.8438143
AHCYL1,0.84376526
ACSL5,0.843705
AK4,0.84361476
ARHGAP39,0.8435675
ADAM22,0.843521
ACTL6A,0.8435126
ANP32A,0.84348303
ALDH7A1,0.84343857
ADM,0.84313804
ARCN1,0.8431
ALAS1,0.8429843
ALDH3B1,0.8429422
ARHGAP44,0.84273285
ALMS1,0.84270376
ACTN1,0.8425609
ADCY7,0.8425558
ADSL,0.84244746
AMY2B,0.8423854
ANAPC16,0.8423547
AP1S2,0.8423255
ARFIP2,0.8421103
ALDH1A3,0.84207237
ACSL4,0.84203994
ABCF1,0.84201837
AGFG1,0.8420183
AP5M1,0.84200346
AKR7A2,0.8419624
AP5Z1,0.84194803
ATP6V0C,0.8418828
ANP32B,0.8418362
ANXA2,0.84177434
ACVRL1,0.8416803
AP2S1,0.84162223
AP1G1,0.841608
ANLN,0.841581
AKAP1,0.8415286
APOE,0.8415145
AP1G2,0.8414963
ARF3,0.84146
ACSL1,0.8413482
AMMECR1,0.8413271
ARPC5,0.8413198
ANKRD28,0.8413119
ADAM23,0.84126925
ARFGAP1,0.841245
ACOT4,0.84123385
ALKBH3,0.84122336
AP3M1,0.8412122
ANKZF1,0.8411575
ALDOA,0.84111
AP1S3,0.8410486
ARHGDIB,0.8410362
AHRR,0.84100705
ALG13,0.84096104
ABLIM3,0.84090126
ANXA7,0.84084606
AREL1,0.84081763
ALG6,0.84071213
ACLY,0.8406972
ASCC1,0.84064054
ADAM15,0.84064025
ARHGAP29,0.840455
ARHGAP25,0.8404319
ACOX1,0.84042144
APP,0.84040934
AP3B1,0.84035397
ANAPC7,0.8403432
ARHGAP30,0.8403255
APTX,0.8402352
C2,0.8401869
AGO3,0.8401596
ARFGEF2,0.84014386
ARHGAP32,0.84009707
ARHGAP4,0.84009176
AP2M1,0.8400285
ALS2,0.8399305
ALKBH5,0.83991104
ARAP1,0.8398276
ALDH18A1,0.8398042
ALG8,0.83978665
ANKFY1,0.8397829
ACTR2,0.83970124
ANKRD27,0.83963066
APPBP2,0.8396303
APOBEC3C,0.83961904
ADAM10,0.8394928
ADI1,0.83949167
AIMP2,0.8394914
ABCF3,0.8394637
ARRDC3,0.83944213
AP1M1,0.8394147
AMOT,0.839276
ASAP3,0.83925724
ADK,0.83923495
BIRC2,0.8392263
ACAD8,0.8391892
ARHGAP24,0.83917105
APLF,0.83914006
ANK3,0.8390617
ATF4,0.83906156
BOLA3,0.8390086
ASB7,0.83892053
APAF1,0.8389088
APBA1,0.8389043
ARHGDIA,0.8388764
ANAPC5,0.8387768
ANXA5,0.8387581
ARL8B,0.8387505
ACOT13,0.83873934
AMPD2,0.83870566
ALDH9A1,0.8386979
APIP,0.83869785
BNIP3L,0.8386972
BCKDHB,0.838694
AURKAIP1,0.83867043
ARPC4,0.8386128
ATRN,0.83845496
ANXA6,0.838453
ANKLE2,0.8383774
ACAA2,0.8383331
AMBRA1,0.83830374
ARF4,0.8382949
AFMID,0.8382669
ASPM,0.8382607
CCNB1,0.83820164
ATP7A,0.83819544
ARPC2,0.83819073
ANO10,0.8381715
AP4S1,0.8381415
BLCAP,0.8381035
ASB1,0.8381014
ASAH1,0.83809364
ALCAM,0.8380918
ACADM,0.8380875
ARHGEF2,0.8380191
ABR,0.8379783
ABCD4,0.83797
ANXA1,0.837865
ARF1,0.8377927
AGO4,0.83775663
ARF5,0.8377079
BANP,0.8376895
AMFR,0.8376887
ARHGAP17,0.83765733
APBB1,0.83760923
BLVRB,0.83760506
ARHGAP12,0.8374073
ASAP1,0.8373913
ATXN1,0.8372294
ARHGEF40,0.8371874
ATP6V0B,0.83714986
BAZ2A,0.8371448
ADD3,0.8371052
BLOC1S6,0.8370873
ASH1L,0.8370855
BCAR1,0.8370754
BANF1,0.83703256
ARHGEF3,0.83699745
ASAP2,0.83699495
AP3S2,0.8369934
ATP6V0E2,0.83697987
ARHGAP21,0.8369689
ANO7,0.8369635
ARSJ,0.836912
APBB2,0.8369097
BACE2,0.8369091
ARHGEF37,0.8368839
ATXN2L,0.8367959
AUH,0.836715
BIN2,0.8366773
AKAP9,0.8366767
ATP2B4,0.8366305
BPNT1,0.8365713
ARPC1A,0.83654225
AP2B1,0.8364435
BUD31,0.83641815
CALM1,0.8363831
ACTR3,0.83638096
BRD8,0.8363649
ATP1B2,0.8363313
ARHGEF9,0.8363235
BAIAP2L1,0.8363078
CCNK,0.8362836
BCAP31,0.83626544
AGAP2,0.83624226
BBS9,0.83622324
ARL3,0.836209
BAG6,0.8360654
APOOL,0.83602685
ASB13,0.83600324
ATF2,0.8359794
APLP2,0.8359261
BIRC5,0.8358429
ASCC2,0.835838
BTBD1,0.8358066
AP3S1,0.83580565
BZW1,0.83577394
ATP1B3,0.8357687
ADCY3,0.8357628
ATP1B1,0.83572483
ACAT1,0.8357159
ARL4D,0.83570653
BIRC6,0.83568364
ASPH,0.83562773
ATG9A,0.835616
AHNAK,0.8355053
ARRB1,0.8355024
CCNG2,0.83549964
ARIH2,0.8353739
ARL2,0.8353674
ARIH1,0.83534974
ACAP1,0.83534515
BID,0.83530194
ATG2B,0.83527297
ATF6,0.83519936
ANTXR1,0.8351655
ATP2A2,0.83514166
ATP6V1H,0.8351159
ARL2BP,0.8350997
ARHGAP6,0.83504665
ARHGEF11,0.835015
ARAP2,0.8350149
ATN1,0.83500874
ASL,0.83500624
ATP8B1,0.83496094
BMF,0.8349605
ACAA1,0.83492106
ARHGAP10,0.8348585
ACO1,0.8348487
ATAD2,0.83480215
CARD10,0.8347093
ATP2B1,0.83469516
ATG16L2,0.8346696
ADAMTS7,0.8346299
ATOX1,0.83454984
BAHD1,0.83453524
BTBD2,0.8345016
ATXN7L1,0.8344982
ARSD,0.8344661
ARFGEF1,0.8344625
CACYBP,0.8344293
APRT,0.83441323
CAPNS1,0.83439445
ALG1,0.8343494
CAP1,0.8343352
ASPHD1,0.8342553
ATAD5,0.8342394
ATG4A,0.83416903
BIN1,0.8341623
CD200,0.8341273
CASP10,0.8341062
C2CD2,0.83410555
AUP1,0.83405185
BCCIP,0.83402926
ATP11A,0.83401287
ATXN10,0.8339745
AP2A2,0.8339654
BTRC,0.8339389
B4GALT1,0.833938
ATG10,0.8339226
ARHGEF1,0.83390737
BDP1,0.8339009
CHST12,0.8338958
BCKDK,0.8338492
C1R,0.83383435
ACOX3,0.83381623
ADAT2,0.83374923
CANX,0.83373547
C1GALT1,0.8337311
ARHGAP9,0.8337127
CDCA8,0.83364123
ALDH3A2,0.83359796
ADD1,0.83359516
ALG9,0.8335639
ARPP19,0.8334844
AHCTF1,0.83348036
AKT1S1,0.8334801
ASNS,0.8334576
CGNL1,0.8333729
AKAP13,0.8333668
C1QBP,0.83331317
CA2,0.8333039
ANP32E,0.8332908
BTN3A2,0.8332877
ARL16,0.83328444
ARNTL2,0.8332464
BATF,0.8332354
CALU,0.83320796
BTN3A1,0.83318114
CCT2,0.833181
CBLL1,0.8331693
ASGR1,0.83316255
C3orf38,0.8331153
ACP2,0.83301055
BTBD3,0.8329769
BACH1,0.8329666
BRD2,0.83296025
BBS2,0.8329587
CCNT1,0.83293045
BUB3,0.83286244
ARG2,0.8328479
BTF3,0.8328349
BCAS3,0.83281785
CARS2,0.8328126
CALCOCO1,0.8327671
ATP6V0A1,0.832724
ASS1,0.8326518
ATXN3,0.8326408
CAPN7,0.83264047
CCNYL1,0.8325934
C12orf65,0.8325509
ATAD3A,0.8324978
B4GALT3,0.8324619
ARHGAP18,0.8324503
ATG4B,0.832442
BRD9,0.8324288
FOXP3,0.83239764
BNIP3,0.83239293
BRD1,0.83238834
CEP72,0.83238107
CACNB3,0.83238024
BRWD1,0.83237714
ATG4D,0.8323441
B3GNTL1,0.83228725
ATPAF1,0.8322854
CDK13,0.83227444
CELSR1,0.8322584
ALDOC,0.83223134
CBX3,0.83222735
BMS1,0.83222157
ATP1A3,0.83221185
CDCP1,0.83219516
BBS10,0.8321842
CHRNB1,0.8321491
ARMC8,0.8320691
ARL4C,0.83205557
ARHGEF18,0.8320212
ATP6V0A2,0.83198905
CAMK2G,0.83195543
B4GALT4,0.8319536
ARL14EP,0.83194757
C5AR1,0.8319228
B3GALNT2,0.8318305
ARL8A,0.8318161
CDIPT,0.8317996
APPL1,0.83176273
AMDHD2,0.8317251
AP3D1,0.83171546
CDH6,0.8317007
ASB6,0.83169246
ACOT2,0.83165973
CCT7,0.8315871
ATG3,0.83158004
ANAPC15,0.83157015
BLOC1S4,0.8315359
ANO9,0.8315219
BTF3L4,0.83152074
ABTB1,0.83150566
C2CD3,0.83149004
ATG13,0.83141726
CCNY,0.8312932
BRAP,0.8312914
CCDC59,0.8312776
BRIX1,0.83125186
CLN3,0.8312194
ANGEL2,0.8311988
CADM1,0.8311681
AK2,0.83115053
ASIC1,0.8311095
ATP6V1G1,0.831109
CD55,0.83102953
CAMK2D,0.8309944
BTAF1,0.8309255
BLOC1S2,0.83087444
CEP135,0.830874
CALM2,0.8308503
BCAT2,0.83079624
CCNF,0.83078337
CLK1,0.83077306
CNN1,0.83073044
ALPK1,0.8307068
BHLHE40,0.8306915
BPGM,0.8306764
AZIN1,0.8306311
CAND1,0.8305822
CAB39,0.83057886
ATG16L1,0.83054423
BPTF,0.83054084
BAG3,0.83051884
ANAPC1,0.83051765
CCT5,0.83050936
BCAT1,0.8305011
ADPRM,0.83049643
CDCA7,0.8304948
CCNDBP1,0.8304409
BAK1,0.8304166
AHCYL2,0.83040965
ARSK,0.8303852
BUB1,0.8303693
BOP1,0.8303639
ACSS2,0.83035845
RSAD2,0.8303389
CBR4,0.8303042
CHN2,0.8301885
BEND3,0.8301853
CALD1,0.8301775
DDHD2,0.8301298
CDK2,0.8301285
BMPR2,0.8300865
CDK17,0.83007777
ATF7IP,0.8300267
BFAR,0.82999897
ARRB2,0.8299944
ABCE1,0.8299792
BSG,0.82994086
BCKDHA,0.8299194
ACTR8,0.8298736
ASRGL1,0.8298617
BICD1,0.8298575
ADIPOR2,0.82983977
CAPN15,0.82978487
BAG4,0.8297581
ARSG,0.8297325
CHID1,0.82968366
ATP8A1,0.82960916
CALML4,0.8296057
CARF,0.8296028
CATSPER2,0.82960016
CDK19,0.82959896
CAPG,0.82958364
CCDC91,0.82958174
ACTN4,0.82957584
BMP2K,0.82957447
APH1B,0.82957226
CELSR3,0.8295536
CAMK4,0.8295311
ATP11B,0.82952976
CAPZB,0.8295177
CKAP2,0.8295089
ABI2,0.8295004
CES4A,0.8294947
CEP250,0.8294893
COL18A1,0.82947135
CCDC86,0.82946676
CCNG1,0.8294558
CD52,0.82943994
CAMK1D,0.8294336
B4GALT2,0.82942426
CDC42BPA,0.8294218
CBY1,0.8294137
CBR1,0.829392
CABIN1,0.82939166
BRCC3,0.8293524
CACNA1C,0.82934886
CD48,0.8293411
CAB39L,0.82932013
C11orf49,0.8293167
BUD13,0.8292944
AKAP10,0.82926077
CCDC115,0.8292375
CDC20,0.82923627
CHRAC1,0.8292208
CBFA2T2,0.8292076
CHCHD2,0.82920325
AP4B1,0.82917887
CABLES1,0.8291749
ATP6V1E1,0.82903445
CNTNAP1,0.82902384
CTSF,0.8289925
BCL7C,0.8289628
CCZ1,0.82895386
CAPZA1,0.82891786
DUT,0.8288531
CCAR1,0.8287783
CD2AP,0.8287605
ATF6B,0.8287569
CAT,0.82874626
CDR2,0.8287446
CAPRIN1,0.8287372
CNOT4,0.82871264
ACTR6,0.8286006
CLK3,0.8285484
BRK1,0.8285258
AQR,0.8285067
CDC25B,0.82846606
CAMKK2,0.82845247
COG1,0.8283906
ARAP3,0.8283794
CEP70,0.8283297
CD300A,0.82831824
CCT6A,0.82829684
CD46,0.828264
BMP1,0.8281872
CD320,0.82815576
CD99L2,0.82814485
CBX6,0.828143
CENPP,0.8281202
ARHGEF26,0.8280702
ALPL,0.8280522
C1D,0.8280416
CCDC80,0.82803875
AGK,0.828035
CDK14,0.82801783
CDK5RAP2,0.8280161
CCDC88C,0.8280113
ARF6,0.8280028
CCT8,0.8279908
BAIAP2,0.82796675
APBA3,0.82796353
CC2D2A,0.8279429
CDK5RAP3,0.82794034
CD47,0.8279183
CLHC1,0.82788765
C17orf75,0.827855
CDC37,0.82782185
CLN8,0.8278142
ATP8B4,0.82780194
COPS7A,0.8277977
CHD9,0.82778585
CHD3,0.827736
BRPF3,0.8277338
CAPN2,0.8277257
CIAPIN1,0.8277014
CDON,0.8276862
AVL9,0.8276731
ALG14,0.8276716
CDC42BPB,0.827654
CACNA2D1,0.82764596
CDCA2,0.8276457
B3GNT2,0.82756203
ABCD1,0.8274428
CD109,0.82738906
CDH5,0.82737553
BLVRA,0.827344
ARHGEF15,0.82732034
DOLK,0.8272766
ADAM12,0.82725567
CERS5,0.8272497
CDS1,0.8272268
C1GALT1C1,0.82722276
CDK16,0.8272134
CENPO,0.8272126
COX17,0.8272027
CENPN,0.82719594
ATP6V1D,0.82718575
CBX5,0.8271624
CHKA,0.8271151
CHCHD6,0.8270549
CAPN1,0.82704806
CHD7,0.82699525
ANO6,0.8269946
CCM2,0.8269641
CENPK,0.8269375
CAP2,0.8269266
BYSL,0.8268622
CHD1,0.82684743
APOBEC3G,0.8267864
API5,0.82675886
COX11,0.8267582
COPE,0.8267437
CPSF7,0.8267124
CCT4,0.8266398
COQ9,0.8266334
AMPD3,0.8266302
GADD45G,0.8265374
CIT,0.82650983
AIMP1,0.82648176
CMPK1,0.82642126
CDKL5,0.8264212
CDC27,0.82639396
CNOT6L,0.8263528
CHERP,0.8263443
CD2BP2,0.82632226
B3GAT3,0.82631177
CEP55,0.8262672
ABLIM2,0.82623744
BOC,0.82620996
B9D1,0.8261979
CFDP1,0.82612103
CD40,0.8260861
CCNH,0.8260815
CASK,0.8260617
CHMP2A,0.8260339
AZI2,0.82593817
C2CD5,0.8259332
DNAAF2,0.8259298
CCDC136,0.825927
BRF1,0.82588685
CD81,0.8258281
ALYREF,0.82579863
CLNS1A,0.82577896
CCT3,0.8257633
CHCHD3,0.8257489
ATG12,0.8257284
CLIC1,0.82569563
CD68,0.82568413
CENPJ,0.8256338
CELF1,0.825584
BAG5,0.82557935
ALDH1A1,0.82556915
CDC16,0.825558
COPS6,0.82554215
DHX32,0.8255191
COA1,0.8254761
CDC34,0.8254552
ATP6V1A,0.8254483
ALDH1B1,0.82538474
COG7,0.8253214
COX6A1,0.8252735
COL12A1,0.8252057
CLTA,0.8251865
ARHGAP11A,0.8251743
COA5,0.8251305
CENPE,0.82511896
DERL1,0.82511586
CREB3L4,0.82511437
CEBPZ,0.8250982
CMAS,0.825075
CFL1,0.825051
CD63,0.82503796
CEP350,0.82502115
ARL6,0.82501465
CHSY1,0.8250081
BECN1,0.8249913
CACNB2,0.8249751
CEP170,0.8249619
ARHGEF25,0.8249449
CLCN6,0.8249268
CEP57,0.8249019
CTNNBIP1,0.8248595
CDS2,0.82484907
CHAF1B,0.82484794
CDC25C,0.8248418
CPNE1,0.8248365
CCNT2,0.8248164
CNIH1,0.82479346
CNOT6,0.82478607
ATP13A2,0.82477504
AMOTL1,0.8247656
C2orf49,0.8247624
ARHGEF19,0.82474583
BICD2,0.8247014
CAST,0.82468635
AKR1B1,0.8246844
BCS1L,0.82464975
CDK1,0.8245736
ATG14,0.82454
CAMLG,0.8245236
ADAMTS10,0.8245078
CPNE3,0.82449126
CCNA2,0.8244684
CHTF18,0.824467
CCDC93,0.8244627
CDK11A,0.8244352
CIR1,0.82438576
ALG11,0.8243745
CNOT11,0.82436854
BLOC1S1,0.8243626
CMTR1,0.82435656
CAPZA2,0.82432777
CTU1,0.82427937
ACD,0.8242789
CDT1,0.8242529
CBX4,0.82422173
CRY1,0.8241677
ARFGAP3,0.82414526
DCAF6,0.8241353
CDYL,0.82411003
COG5,0.8241014
COX7B,0.82398766
CDK2AP1,0.8239751
BRF2,0.8239705
CCNB2,0.8239483
COPB1,0.82394093
CNOT10,0.8239208
CTDP1,0.82390255
CD53,0.8238255
CNN2,0.8237953
ACER2,0.82375956
CHMP3,0.8237394
DDX18,0.82372326
COMMD1,0.8236648
CLINT1,0.8236569
COPZ1,0.8236531
EPC2,0.82363963
BTN2A1,0.82361966
CENPM,0.82361674
CASP2,0.823559
ARPC1B,0.82351965
COPS3,0.82351786
CPSF4,0.82351285
CERS6,0.82350844
CMTM4,0.8234926
COL7A1,0.8234602
DGKI,0.8233814
DCTN4,0.82336926
CDC25A,0.8233558
ARFGAP2,0.8232916
CD83,0.82329
CTC1,0.8232806
ATP6V1C1,0.8232706
BLZF1,0.8231674
CHUK,0.82315695
CS,0.82315433
CD27,0.823142
CTSB,0.8231155
CPT1A,0.82308936
CCNL2,0.82306576
BTD,0.8229767
CNOT8,0.82296795
ASF1B,0.8229531
DCTN3,0.8229426
DDIT4,0.82294095
CHTOP,0.82291245
CDC40,0.8228966
ANPEP,0.82289386
CIB2,0.8228707
CHSY3,0.8228357
CIB1,0.82273906
CBX1,0.82273066
CDC42EP4,0.82266074
ACOT7,0.82265854
BET1,0.8226057
COL5A1,0.82253474
CLSPN,0.8225332
CERS4,0.82252514
CD9,0.8224977
CTPS1,0.8224911
CCDC97,0.8224798
CABYR,0.8224695
CENPF,0.8224583
CDCA5,0.8224436
CLASP1,0.82242805
CNTLN,0.8224252
CDC37L1,0.8223634
DAPK2,0.8223543
CASZ1,0.8223437
AMOTL2,0.8223339
COTL1,0.82231987
CEPT1,0.8223133
CMYA5,0.8223089
CKAP4,0.82229704
CLIC4,0.82227397
DVL1,0.8222418
COL4A5,0.8222231
COL1A2,0.8221836
CRY2,0.82214034
CSGALNACT1,0.8221064
CNNM2,0.82206714
CIAO1,0.82204425
ARL1,0.8220438
CLPB,0.8219902
BLOC1S5,0.8219624
ALG12,0.8219437
COL8A1,0.8219103
DNAJA3,0.8218881
DDX28,0.82188153
CHM,0.8218681
AOC3,0.821822
CDK7,0.8217982
CUBN,0.82174784
CUL1,0.82174414
CHP1,0.8217201
CDH23,0.8217009
COIL,0.8216705
ACACA,0.82163674
CYB5R3,0.821574
GGT1,0.8215576
COL4A6,0.8215363
CLSTN1,0.821533
DCAF15,0.8215192
DECR1,0.8215148
ARL13B,0.8214831
COPS2,0.82146925
CRELD2,0.8214666
CWC15,0.8214495
ALKBH1,0.8214424
ARL6IP5,0.8214385
COPS5,0.82135636
CHML,0.8213278
CLASP2,0.82127523
DDX54,0.82127285
AADAT,0.82124484
CMSS1,0.821192
DHRS4,0.8211789
CORO1C,0.8211708
ARHGAP11B,0.8211432
COL4A2,0.8211378
CKAP5,0.82110643
CXCL14,0.82105315
ALG10,0.8209996
DPM1,0.82099795
CDR2L,0.82098246
ZNF433,0.8209551
B4GALT7,0.8209396
COL27A1,0.82093453
COL24A1,0.82092935
CAMKK1,0.82090706
DHDDS,0.82090074
BRWD3,0.82083565
CLEC2D,0.8208229
CSTF3,0.8207732
CHAF1A,0.8207524
AP2A1,0.82073975
FDXR,0.8207272
CSNK1A1,0.8207207
CKAP2L,0.8206576
CNOT7,0.8206539
COMMD3,0.82062614
COX10,0.82058156
DYNC2LI1,0.8205794
CCNE2,0.820556
CTSL,0.82049483
CTBP1,0.8204674
ECD,0.8204662
CRMP1,0.82046145
KCTD6,0.8204483
COPB2,0.8204345
CENPL,0.8203866
CERK,0.82036716
COMMD5,0.82031924
ADH5,0.82031184
BRPF1,0.82028365
CLDN12,0.82025313
ELK1,0.8202112
CERS2,0.820197
CHORDC1,0.82017076
CORO1A,0.8201631
CASP4,0.82010096
CEP152,0.8200819
CENPI,0.82007223
COPA,0.82004845
ACER3,0.82000214
COBLL1,0.8199535
CCDC12,0.8199194
CSNK1E,0.8199105
DLAT,0.81990415
CPE,0.81988025
ATPAF2,0.8198063
CHST1,0.8197883
DYNLT3,0.8197809
CDH24,0.8197446
DBF4,0.81973296
CYBA,0.8197099
COQ4,0.81969094
CACNB1,0.81964487
CXXC1,0.8196276
DCPS,0.81959534
COL4A1,0.8195936
CDC23,0.8195632
CENPH,0.81954676
CPD,0.81953806
DCP1B,0.8195327
DHRS3,0.8194739
ABCB4,0.8194539
COPS8,0.8194491
ANKRD44,0.8194473
CCNL1,0.81944364
B3GALNT1,0.81944287
CDCA3,0.8194291
CNOT1,0.8194231
CEP78,0.81940335
CTDSP2,0.81939626
CSTF1,0.8193943
FCGRT,0.81939316
CEP192,0.8193726
CRADD,0.81932735
DYNLT1,0.81929636
CBX2,0.8192755
CRABP2,0.81927335
CPSF6,0.8192729
DHODH,0.8192161
CMTM6,0.8192142
COPG1,0.8191744
CHMP1B,0.8190685
CITED2,0.8190624
ALDH16A1,0.8189664
ANTXR2,0.8189336
CTNNBL1,0.818924
CHST14,0.81891644
DNASE2,0.818883
PADI2,0.8188769
DAZAP2,0.8188424
C17orf80,0.8188366
COQ6,0.8188354
CSTF2,0.8188064
COL5A2,0.81878376
CHMP4C,0.81877536
CHMP4A,0.81865263
DDX39A,0.8186487
ENGASE,0.8186328
CYTH3,0.81863153
DYRK2,0.8186038
CPEB4,0.81859285
CHMP4B,0.81858915
DENND3,0.81858385
FRK,0.818575
DGAT1,0.818574
COG3,0.81855065
CENPT,0.81853485
CPEB2,0.8185324
F8,0.8184928
COMMD6,0.81846505
DGKQ,0.81840515
CLOCK,0.8183949
CPOX,0.8183848
CLIP2,0.8183423
DTX4,0.8183315
CHMP2B,0.81832516
CSNK1G3,0.8182924
CD86,0.8182774
ARHGAP31,0.81826794
CLDN4,0.8182674
CHD1L,0.8181686
CHMP5,0.8181596
CTBP2,0.81814355
COX7A2L,0.8181187
AHI1,0.81810266
CHFR,0.8180591
DBNL,0.818059
CDK20,0.81804764
CPT2,0.81804234
CTTNBP2NL,0.818008
DDX56,0.81799763
CRK,0.8179748
COA6,0.8179098
CRTAP,0.81788373
CSTB,0.8178829
COPS7B,0.8178408
CREBRF,0.81774193
CFLAR,0.8177033
CDKN2AIPNL,0.81766874
DBF4B,0.81766653
CXXC5,0.81766367
CDKN2AIP,0.8176608
COLQ,0.8176485
CYSTM1,0.8176463
DPCD,0.81762934
CRYZ,0.8175955
CDK11B,0.81759393
DDX31,0.8175709
DDX42,0.8175466
BAZ1B,0.817531
DCTN2,0.81752974
COG2,0.8174881
BCAS2,0.8174641
CWF19L1,0.81745917
DENND4C,0.81745404
CWF19L2,0.8173598
CEP164,0.8173584
CYC1,0.817267
DDB1,0.81722254
ZNF577,0.8171971
CHCHD5,0.8171641
CNPY3,0.81714034
CDC6,0.81712687
CDC5L,0.8170955
DIS3L,0.8170707
DNAJC5,0.8170025
DISP1,0.81699055
CWC22,0.8169189
CTSD,0.8169095
FMO4,0.81690174
CEBPG,0.8168676
EFNA1,0.81685364
CPEB3,0.8168019
DDX50,0.81677157
CPSF3,0.81676304
CDC14B,0.81672996
DNAJC9,0.81669974
ADRA2A,0.8166693
DCP1A,0.8166535
BFSP1,0.81663257
DDX52,0.81657326
CETN3,0.81656927
DCAF10,0.81654114
DOCK2,0.8165054
CEP41,0.81647813
CEP120,0.8164346
CLCF1,0.816372
IGSF6,0.8163513
DDX17,0.81629425
DUSP14,0.81628984
DPH6,0.81628305
SDS,0.81627846
CPSF2,0.81624985
CCS,0.8162407
CAPN10,0.81622034
AGPAT5,0.81619936
DERA,0.81617314
DNAJB11,0.8160945
DAB2,0.81609416
CASP7,0.81609035
DCAF7,0.81608796
CTIF,0.816082
DHPS,0.8160397
COL9A3,0.816021
CSNK1D,0.81595904
B9D2,0.81593925
GMIP,0.81591123
CTSH,0.81589323
GET4,0.81585276
CREB5,0.81582683
CSTF2T,0.8157786
ECHS1,0.81574965
CENPC,0.8157439
DBI,0.81573266
CYB5B,0.8157314
CYCS,0.8157291
CHCHD10,0.81571543
CSPG4,0.8156926
CAPN5,0.81567156
COASY,0.81558996
CTSA,0.8155383
DYRK1B,0.8155371
DERL3,0.8155301
D2HGDH,0.81552744
CSNK1G1,0.8155073
ARNT2,0.81549466
ATF7,0.8154749
DRG1,0.8154697
DAPK3,0.8154365
CTH,0.81541723
DDX39B,0.81541264
ITGA7,0.8154079
CWC27,0.81536406
ETFA,0.81531394
EFTUD2,0.8152987
DNAJC1,0.815129
HSD17B8,0.8151275
DVL2,0.8150804
DNAJA1,0.815068
ARNTL,0.81505126
GMPPA,0.8150369
CLPP,0.8150141
BSCL2,0.81500256
CNIH3,0.8149833
CHPF,0.8149415
GDPD1,0.8149389
DCAF8,0.81493473
DPY30,0.81493133
CSNK1G2,0.8149006
DNAJA4,0.8148571
DOCK10,0.8148544
CDK9,0.8147325
CTPS2,0.81471705
DCUN1D2,0.814652
DSG2,0.81462973
DENND4A,0.8145644
CCR7,0.814532
CLCN7,0.81452936
DDX1,0.8144174
GABPA,0.81439406
DOCK8,0.8143931
CHPF2,0.814384
COL15A1,0.81433666
FZD3,0.814332
DVL3,0.8142883
HOXA7,0.81428444
CKS2,0.8142779
COX6B1,0.8141971
DGKZ,0.8141868
DHX9,0.8141787
CEP97,0.81416124
C17orf49,0.81415266
DDX27,0.8141302
COLEC12,0.81410605
DPH2,0.8140665
GFI1,0.8140197
DFFB,0.81401116
DNAH17,0.81396186
CYP2R1,0.81395143
DENND1C,0.81394875
DR1,0.813887
DRG2,0.8138422
CXADR,0.8138381
DAP3,0.81383765
DNAJA2,0.8137432
COQ5,0.81372964
CSE1L,0.8137281
COG4,0.8136765
CALCOCO2,0.8136644
DAPK1,0.8136244
CORO1B,0.81357676
CNOT2,0.81355894
C6orf120,0.81354815
CSPP1,0.8135377
DTX3,0.81343216
EIF2B4,0.8134204
CUL5,0.8133536
CTDSPL,0.8133367
DAAM1,0.81332475
DNMBP,0.8132665
DHX8,0.8132559
DSN1,0.81325173
DNAJC11,0.81316584
CBX7,0.8131517
CCDC174,0.81313705
DAPP1,0.8131339
CYP2U1,0.8131065
DCAF11,0.8131026
DENR,0.8130909
COL16A1,0.8130907
DCP2,0.8130849
CYTH1,0.81306314
CKLF,0.8130248
FGD2,0.8130152
EGLN3,0.81295496
DIDO1,0.8129029
CETN2,0.81289184
FAM83D,0.81288964
ADAMTSL4,0.812886
ACE,0.8128775
CCDC106,0.8128145
DNAJC3,0.81278056
CTTN,0.8127703
DDX23,0.8127395
CPT1C,0.81272125
CLK4,0.8126907
GINS3,0.8126887
DCTD,0.8126789
DHCR24,0.8126135
EXOSC7,0.81255
DDOST,0.81254977
CNNM4,0.8125456
COL8A2,0.81254303
E2F5,0.8125339
DHCR7,0.8124996
DCAF17,0.81247336
DENND5B,0.81228566
DDX24,0.8122818
DCTN5,0.8122468
DNA2,0.81223917
GNE,0.8122268
CPSF1,0.81221694
DHX33,0.81217325
GALNS,0.8121725
AKR1C2,0.81216174
ALG5,0.8121607
EEFSEC,0.8121152
ENO3,0.812096
DGUOK,0.8120514
DOK1,0.8120179
APBB1IP,0.8120119
DCTPP1,0.81195617
DENND2C,0.81188977
COMMD2,0.8118827
FBXO25,0.8118571
GPR161,0.8118518
CENPB,0.81184965
CSGALNACT2,0.81183654
EIF2AK1,0.8118262
COL11A2,0.8117195
CREG1,0.8116858
CD247,0.8116786
DDX21,0.81163806
DIAPH3,0.81163394
ATG4C,0.8116171
DHX36,0.8116107
DHX15,0.8115937
GALNT6,0.81155914
EAF1,0.81152517
AGPAT2,0.8114323
DMXL2,0.811399
DNAJB4,0.81139827
DBT,0.8113658
CREM,0.8113627
ESPL1,0.8113352
ESF1,0.81122756
CYP2S1,0.8111754
FBXL4,0.8111147
COX20,0.81110513
DHX16,0.8110926
DIABLO,0.8110568
C18orf32,0.8110292
ACOX2,0.8110145
DHRS1,0.8109631
CYB5A,0.8109571
DST,0.8109081
DIAPH2,0.81090534
DLGAP4,0.8108474
EIF3H,0.8108354
DEPDC5,0.8108093
COX18,0.8107127
DNAH5,0.8106938
DDX19A,0.81063014
ENPP1,0.8106177
EHBP1,0.81060547
CNDP2,0.8106043
ARHGEF4,0.8105954
CSK,0.8105915
EPHX2,0.81058353
CEBPB,0.81055784
COL9A2,0.8105536
GADD45A,0.81053156
DERL2,0.8105274
DMD,0.81050646
ELAC2,0.81047523
DGKH,0.8104296
DGKD,0.810424
DNAJB6,0.81040287
DYNC1I2,0.8103842
FUCA2,0.810364
AGRN,0.81035715
DUS1L,0.8103436
DGKA,0.81034094
DENND6A,0.8102988
FMNL2,0.8102427
CLPX,0.81023175
GIT2,0.8102312
DNM1,0.810133
EEF1B2,0.81009394
DDX46,0.8100571
CHST15,0.8100097
DYNC1LI2,0.8099975
CUL7,0.80990916
ABCB10,0.8098518
CTDSP1,0.80983686
ECE1,0.80983526
DDX11,0.80979186
NCF4,0.8097908
DNAJB9,0.8097738
DENND1A,0.8097529
CIDEB,0.80968416
EHD1,0.8096776
DYNLL1,0.80965644
CYB5R4,0.8096452
EDIL3,0.80962986
EEF1D,0.8095886
DTNB,0.8095598
ELOVL5,0.809484
GYG1,0.80948174
EFEMP1,0.80943555
CMC4,0.8093977
CHKB,0.8093669
CEP76,0.80935556
CFL2,0.8093224
DLG1,0.80930495
ECHDC1,0.8092363
LIN37,0.8092077
EXOC2,0.80916756
DOK4,0.8091183
ENSA,0.80911356
RND1,0.8090941
PYGM,0.809053
COX5A,0.809001
ATL1,0.80899847
EHD2,0.8089803
FAM114A2,0.80896413
EYA2,0.8089489
APOO,0.80892235
CCP110,0.80891484
EARS2,0.8088835
DOCK5,0.8088764
CEP290,0.80884576
CYFIP1,0.80876225
DPYSL3,0.8087577
DHX35,0.80873424
DCUN1D5,0.8087314
EMC3,0.80872864
DNAJC15,0.80871624
ECH1,0.8086803
EEF1A1,0.80846906
P4HA3,0.8084433
GFPT1,0.80840415
EBNA1BP2,0.808386
GTF2E1,0.8083658
DNTTIP2,0.8082667
EPN2,0.8082634
GABARAP,0.80823004
DHTKD1,0.808216
DSP,0.808209
EAPP,0.808133
EVI5,0.80812746
ERAL1,0.8080751
DLG5,0.8079509
A1BG,0.8079319
EIF3L,0.8078807
FBXL18,0.807866
EEF1G,0.8078501
DIMT1,0.8078314
CCDC22,0.80780345
DACT1,0.807753
GCC2,0.8077443
EIF4E2,0.8077362
DLG3,0.80771834
EPB41L2,0.8076896
DNAJC13,0.807681
DCAF12,0.8076091
FARSA,0.8075756
INPP5E,0.8075365
DALRD3,0.8075091
DOCK7,0.8075013
CMTM7,0.80745894
ACTR3B,0.8074479
CACNA1H,0.8074453
EHHADH,0.80741876
DIAPH1,0.80740434
EXOSC4,0.8073875
FPGS,0.80737257
EXOC1,0.80730236
COG6,0.8072999
FAM168B,0.8072872
CUL9,0.8072834
CORIN,0.8072255
DCAF5,0.8072093
DIS3L2,0.8072067
ELMO1,0.80718935
DNAH1,0.80703413
CNNM3,0.80702984
DCAF13,0.8069638
DDA1,0.80695736
DTL,0.80692333
FLNC,0.8069164
DUSP6,0.8069125
RENBP,0.80689764
EIF6,0.8068326
CYTH2,0.80680025
DOCK4,0.8067766
EXO1,0.8067613
DUSP16,0.80675066
DHX38,0.80674034
ELAVL1,0.8067205
EXOC6,0.8067201
ECI2,0.80662584
EMC8,0.80654365
FCF1,0.80647945
DDX19B,0.80644643
CDC7,0.80643594
GLYCTK,0.80641264
EIF4A1,0.8064091
EHMT2,0.80640554
EIF3J,0.80633724
ELF2,0.8063315
FBXW5,0.8063061
EMD,0.80628
FAM160A2,0.806261
DDRGK1,0.806259
DKC1,0.80623215
AGER,0.80622864
DPF2,0.80621356
EEF2,0.8060936
EIF2AK4,0.8060747
EHMT1,0.8060606
DEPDC1B,0.80605376
DZIP1,0.8059357
CLDN15,0.8059148
DYSF,0.8058828
EIF4H,0.8058536
FHL1,0.8058498
AGL,0.80584943
EBAG9,0.8058305
IL2RB,0.80576575
DDX55,0.80574673
BBS7,0.805743
EIF4G1,0.805701
E2F7,0.8056846
EVL,0.80562925
DDHD1,0.8055756
E4F1,0.805555
EMC9,0.8054549
EXOC7,0.8054499
DISC1,0.80542386
CROT,0.80540824
EI24,0.80540544
IL17RA,0.8053986
F11R,0.80538917
ABCA7,0.80536675
ERGIC3,0.80535316
ASB8,0.8053343
DCAF4,0.80531657
ENTPD4,0.8052195
IBA57,0.80521595
DHX37,0.8051969
FIBP,0.805184
DYNC2H1,0.80515814
EIF2B5,0.8051559
ATP8B2,0.8051101
EIF2A,0.80509776
BDKRB2,0.8050916
EIF2S3,0.80507934
DCUN1D4,0.8050642
E2F8,0.8050548
EXOSC8,0.80504507
HAGH,0.805004
DOCK11,0.80484855
CYFIP2,0.8048342
EIF3M,0.80483335
DSEL,0.80480474
LOXL3,0.8047897
EXOC3,0.8047367
ERH,0.8046768
DSC2,0.80465096
FAM91A1,0.8046452
COL6A2,0.8046409
DEPDC1,0.8046402
EIF4A3,0.8046093
DET1,0.804576
FBXO21,0.8045744
CTSZ,0.8045043
EEA1,0.8044398
DDX51,0.8044207
GBF1,0.80437255
FLAD1,0.80432516
EIF5A,0.8042319
DNM3,0.804187
HCK,0.8041678
ABI3,0.80413836
COQ10A,0.80412894
GTF2A2,0.80410737
ELP5,0.8040947
ETFDH,0.80407053
EEF1E1,0.8040287
EIF1,0.8039785
DDX20,0.8039195
FBXO10,0.80391574
EXOSC5,0.8038945
FBLN1,0.80388504
FAM3C,0.8038458
DNAJC2,0.8038339
CUL2,0.8038064
EFNA5,0.8037099
GTF3C2,0.803702
GDF11,0.80362505
CD6,0.8035942
EFCAB7,0.80353916
ERCC6,0.803494
EIF2B2,0.8034852
DDX60,0.8034563
EPS8L2,0.8034464
ERLIN2,0.8034379
EEF2K,0.80341965
FBXO45,0.80340385
EIF2AK2,0.8033914
FLII,0.80329084
DCXR,0.803282
DMWD,0.80324984
IL12RB1,0.80323637
GGCT,0.8032207
IFT46,0.80318815
EPB41L1,0.803188
DPH7,0.80313087
APPL2,0.80310875
FOXK1,0.8030139
EBP,0.8030114
CRTC2,0.8030004
DHRS11,0.80298024
ENAH,0.80295753
EIF3K,0.8029109
DMPK,0.8028171
EPB41L5,0.80274016
EDC3,0.8027299
GLA,0.802682
DPYSL2,0.8026264
FXR2,0.8026151
NFAM1,0.8026074
FBLIM1,0.80257833
ARSB,0.80245847
GALNT18,0.8024549
FBXW4,0.8024488
FARP1,0.80244386
BIN3,0.8024216
ACP5,0.8024133
EME1,0.8023883
DLC1,0.80237114
CTNS,0.80236477
CLEC3B,0.8023362
EIF4G3,0.8023024
EIF3D,0.8022175
HPRT1,0.8021975
DPH5,0.802176
FBN1,0.80203575
CCDC40,0.8020318
HYI,0.8020119
DCAF16,0.80197287
TNFSF12,0.80195814
ELOVL6,0.8019522
DXO,0.80194604
DNAJB14,0.8018712
EIF3I,0.8018441
FBXW8,0.8018044
EVI2B,0.80173266
HES4,0.8017301
EXOC6B,0.80172527
CCL5,0.8017233
FLNB,0.80172056
ANO2,0.8017198
ETF1,0.80171955
ETS2,0.801697
ESRP1,0.8016921
GLRX2,0.80163497
EIF2AK3,0.8015751
FKRP,0.8015595
DNAJC10,0.801492
GLDN,0.8014912
CLDN7,0.80147624
EIF5,0.80143565
EXOC4,0.80142695
HAUS2,0.8013589
ESYT1,0.8013575
EIF2D,0.8012297
GON4L,0.801163
GPAM,0.8011144
DOLPP1,0.8010873
FADD,0.80105126
ERP29,0.8010481
EIF1B,0.8010021
DFFA,0.80099154
DCLRE1C,0.80098265
CHMP6,0.80097204
DUS2,0.8008211
BCL7B,0.8007927
DENND4B,0.80077237
COPZ2,0.80074716
HERC6,0.8007304
EPC1,0.8006957
COG8,0.8006431
FUBP3,0.8006049
FGD5,0.800585
ERGIC1,0.8005793
HSPA14,0.8005046
FLOT2,0.80049616
DCUN1D3,0.8003961
GID8,0.80038595
IWS1,0.8003735
GLUD1,0.80034214
DNAJC8,0.8002822
FGD1,0.80028176
DLD,0.8002594
EXTL3,0.8002051
DTNBP1,0.8002051
EIF3B,0.80019116
FADS1,0.800179
FRMD6,0.8001694
DUSP1,0.80013883
FBLN5,0.8001245
DUSP8,0.8000876
GEMIN5,0.80005896
EMC10,0.8000164
BMP4,0.79994005
COQ10B,0.79987484
EIF2B3,0.79982275
DYNC1H1,0.7998181
HEXIM2,0.7998114
FDPS,0.7997884
INSIG1,0.79976857
GALNT10,0.79975754
ACAT2,0.79964036
CHCHD1,0.79959387
HEPH,0.7995303
FBXO9,0.79951817
DAB2IP,0.79950917
PLD6,0.79949844
GSTM4,0.79944205
EIF4G2,0.79940647
ESRRA,0.79939705
FIS1,0.7993368
FBXL17,0.7992893
FARP2,0.79922426
EPN1,0.7991572
IFT140,0.7991355
DLG4,0.7989598
HPS5,0.7989488
ENG,0.79892355
EOGT,0.7988932
GEMIN4,0.79889
FKBP5,0.7988762
EIF4B,0.7988714
FRAS1,0.79886514
DOCK6,0.79884446
GTPBP3,0.7987715
DYNC1LI1,0.7987548
ESYT2,0.7987453
ELOVL1,0.79862434
GTF2H5,0.7985642
E2F4,0.798524
E2F2,0.7984931
GOSR1,0.7984894
HADH,0.7983799
FKBP1A,0.7983707
DLGAP5,0.7983592
GDPD5,0.79834497
FBL,0.7983252
FAM98B,0.7983052
ERGIC2,0.7983012
EXOSC2,0.7982551
HACL1,0.7982061
EIF4EBP2,0.7981643
CENPQ,0.7981321
FARS2,0.79811126
PPIL6,0.7981
FAM13A,0.7980629
CRLS1,0.7980487
HDAC6,0.79799765
HEXA,0.79799044
FAM110B,0.79798627
GOLPH3,0.79798424
IL1RAP,0.79795873
CCL4,0.79791874
DNAJC24,0.79788744
FTL,0.79788715
GGH,0.7978708
FECH,0.7978508
FNBP1L,0.79783183
DLST,0.7978318
DONSON,0.7978069
EXPH5,0.7977818
ELF1,0.7977765
FADS2,0.79776305
DENND1B,0.7977209
FBXO7,0.7977148
GPN1,0.7976661
GUCY1A2,0.7976229
FKBP4,0.79756665
ALG3,0.79753006
HLA-DMB,0.797345
EIF4EBP1,0.79733646
FAM98A,0.79732996
GNPAT,0.79730177
LILRB3,0.7972853
EIF5B,0.79728335
ACADVL,0.7971995
LSM5,0.7970728
EGLN1,0.7970704
AFG3L2,0.7970158
GNB2,0.79699016
EPHA2,0.7969468
EVI2A,0.7969391
GALNT3,0.7968712
LRFN4,0.7968543
GNL1,0.7968132
AK1,0.79672223
ABCF2,0.796637
GBP3,0.7966161
IDH3B,0.79653966
FOXN3,0.7965016
EVC,0.7962912
KCNAB3,0.79624647
FBXL5,0.7962342
DDX58,0.7961257
ESRP2,0.79604656
PLK3,0.796004
CES2,0.7959795
GCFC2,0.7959727
GNL3L,0.7959613
DENND2D,0.79595816
FER,0.7959568
DMAP1,0.79595107
GALK1,0.7959437
FOS,0.79594237
ETNK2,0.7959056
FAU,0.79585814
EIF2S1,0.79585004
HES1,0.79581803
FOXK2,0.795783
FERMT3,0.7957815
EXOSC10,0.7957742
MAN2C1,0.79576486
LMCD1,0.795731
ERI2,0.7957173
FPGT,0.79571044
GOLGA3,0.7956586
G6PD,0.79564047
FHL2,0.7954752
GRWD1,0.7954694
COPS4,0.7954064
IKBKG,0.79535013
GPSM1,0.79534703
PDLIM4,0.79531366
GATAD2A,0.79529846
P2RY6,0.7952029
FZD5,0.7950171
DPH1,0.7950137
ERCC8,0.79501134
GFER,0.7950094
FASTKD2,0.7949381
PGF,0.79492074
FAM13B,0.7949159
GCH1,0.79490674
PTGIR,0.79488087
JOSD2,0.79482275
HYLS1,0.79475975
ABCA2,0.79470265
FBXL2,0.79468286
GATAD2B,0.79466593
HHAT,0.7946227
HMBS,0.7946175
IL4I1,0.79451144
DGKE,0.7945047
FBXL8,0.79443204
GNAI1,0.7944155
CUL4B,0.79434824
FBXO8,0.7943145
G6PC3,0.7942465
IPO8,0.7942416
KCNQ1,0.79418564
GABPB2,0.7941797
FAF2,0.7941633
HEXB,0.7941583
EPHB3,0.79415363
FUZ,0.79404753
RAB3IL1,0.79402804
HLCS,0.7939971
GRB2,0.7939738
FBXO2,0.7939648
DUSP19,0.79395354
SYCE2,0.7938901
GAK,0.7938342
GTF3C4,0.7938218
DSTN,0.7938169
EIF4ENIF1,0.79381543
GORAB,0.7938076
BOLA1,0.7938014
FAM120B,0.79380083
DBR1,0.7937606
LRRC49,0.7937447
ATP6V1C2,0.7937315
NUDT14,0.79367185
ITGB2,0.793669
HOXD3,0.7936271
DPM3,0.7935494
GAPDH,0.79354376
H6PD,0.79351133
FARSB,0.7934709
IDS,0.7934291
EIF2S2,0.7933936
GSR,0.7933255
FBXO15,0.7932796
RASGRP2,0.7932409
ENOPH1,0.79314363
FBXW9,0.79309106
ADORA2B,0.7930864
COL6A1,0.7930462
HAT1,0.7930318
IDUA,0.79302835
DOK2,0.7930217
GLCE,0.79294884
KIF15,0.7929336
SMPD1,0.79291624
GNAL,0.7928855
RRAGB,0.79286486
HEATR1,0.79285455
SLA2,0.7928473
GBE1,0.7928386
EGLN2,0.7927725
METTL22,0.79275244
ABCB6,0.7927471
FBXL19,0.7927354
LCAT,0.7927172
PTPN22,0.7926778
GANAB,0.79265636
GSTK1,0.79265356
FTH1,0.792649
EPB41L4B,0.79260755
KRBA1,0.79258835
IFT52,0.7925663
B3GNT5,0.7925432
GPSM3,0.79254097
GRB10,0.7925331
IFT88,0.79252875
ZNF600,0.79251665
GPT2,0.79251456
BMP2,0.79250693
AKR1B10,0.79249626
ENO2,0.79249483
FNIP1,0.7924893
GK5,0.7924866
FXR1,0.792478
GLS,0.7924497
GNAI3,0.7924199
INTS4,0.79238474
GTF2F1,0.79235685
EID3,0.79235137
KIAA1549L,0.79233
GTF2IRD1,0.7923265
FANCB,0.7922536
HDAC8,0.7922308
ENTPD5,0.7921207
CBR3,0.79211986
HJURP,0.79209965
ALDH5A1,0.79209393
FMNL1,0.79208606
HLX,0.7920687
G3BP2,0.7919953
KMO,0.7919439
GALNT11,0.79188854
DNAL1,0.79188794
GNL2,0.7918465
LDLRAP1,0.7918341
HMG20A,0.7917977
NOMO2,0.7917962
FGD3,0.7917833
DPP7,0.7917745
NDUFS7,0.7917267
IL32,0.7916764
SH2D2A,0.7915111
GLB1,0.79147047
TNFRSF25,0.79146385
MDFIC,0.7914323
HSPA1A,0.7913861
GRK4,0.791384
IBTK,0.79133743
GALNT2,0.79130435
GLO1,0.79129803
CTSK,0.79128164
GNB5,0.79125196
GMDS,0.79122794
GAPVD1,0.7912173
IRF7,0.7912063
EPHA4,0.7911692
GARNL3,0.7910477
DCLRE1A,0.7910386
MFSD2A,0.79102105
FKBP8,0.7910093
GPAA1,0.79094464
IDH3A,0.79092294
ITGAM,0.7908025
KATNBL1,0.79078835
GSPT1,0.7907263
ELOVL7,0.79071116
IFNGR2,0.79070437
EXOC8,0.7906842
ERI1,0.790598
GPI,0.7905899
GOLGA2,0.7905787
HNRNPH2,0.7905746
HAUS6,0.7905579
GSE1,0.79053545
GMEB1,0.7905332
EMC1,0.7904954
RASAL3,0.7904883
COQ7,0.7904418
FOXP4,0.7904415
CSAD,0.790422
E2F6,0.7904122
ESD,0.7904101
GLUL,0.7904076
ETHE1,0.7903813
EME2,0.7903687
GPR89A,0.7903641
GGA2,0.7903319
GNGT2,0.7903137
GDI2,0.7902602
FBXO27,0.7902258
ANAPC13,0.7902214
KPNA5,0.79017967
GLI3,0.7901774
GYS1,0.7901714
FLRT2,0.7901651
MAN2B2,0.7900512
GDAP1,0.79003984
GATC,0.7898846
FGD4,0.78987956
IMPA1,0.78987414
EVPL,0.789872
GPANK1,0.7898647
FYCO1,0.78985256
FBXL3,0.789759
KLHL2,0.7896684
DSCC1,0.78965414
HS6ST1,0.78952837
KIF14,0.789527
GART,0.7894279
IL2RG,0.7893637
FLOT1,0.7893544
FEZ1,0.7893435
IQGAP3,0.78930646
FBXL20,0.78928757
FAM111A,0.78927094
KCNMB3,0.78925806
RETSAT,0.789258
ELP6,0.78922474
FBXW11,0.7890603
IRAK4,0.78903365
GBA,0.78899914
FEZ2,0.788975
HMG20B,0.7889661
HERC4,0.78889525
SCNN1D,0.78887635
HMGN2,0.7888093
IFNAR2,0.7887915
G3BP1,0.78877354
KRIT1,0.78875685
EPHB6,0.78873473
DPH3,0.7886901
EMC4,0.78867835
ITGAL,0.7886777
LSM3,0.7886082
ICAM1,0.7886003
GTPBP10,0.7885862
CYB5R1,0.788512
GUK1,0.7884645
FSCN1,0.7883891
COMMD8,0.78836834
GOLGA4,0.788345
KDM6B,0.78825337
GALM,0.7882259
LIN9,0.7882187
KRT10,0.7882161
NAF1,0.78819656
DNAJB12,0.7881132
GPCPD1,0.7880931
HIPK2,0.78806126
EXOSC9,0.7880438
EPHB2,0.7880006
HACE1,0.7879874
GIGYF2,0.787957
PAQR3,0.78795636
MVP,0.7879023
GNG5,0.78787357
AKTIP,0.787865
HMMR,0.7878649
ACSS1,0.78783834
GNB4,0.78782505
HIPK3,0.7878151
COX15,0.78777117
CYP2D6,0.7876947
ZNF140,0.7876576
MCUR1,0.78765124
GYPC,0.7876197
DNTTIP1,0.78759676
HSPA5,0.78759223
KIFC1,0.7875815
GALNT1,0.78754884
GCC1,0.7875447
ZNF415,0.7875123
GCLC,0.78750736
GTF2A1,0.7874985
KLC2,0.7874888
GADD45GIP1,0.78748703
FCHO1,0.7874646
GULP1,0.7873959
FCHO2,0.78738415
ERLEC1,0.7873712
HADHA,0.7873519
IL7,0.7873283
GANC,0.7872992
FUT8,0.78725684
FN1,0.78725576
GTF2F2,0.7871948
ILK,0.78717625
INO80D,0.7870645
LMO7,0.7870132
HECA,0.78697455
HYPK,0.7869566
FZD7,0.7869433
HECTD3,0.7869175
KBTBD6,0.7869093
KIF3B,0.78687453
GGT7,0.78686816
GALNT7,0.78677887
DCK,0.7867528
FMNL3,0.786727
HNRNPL,0.7866952
FNTA,0.7866778
FBXO41,0.7866725
ETFB,0.7866722
GNG12,0.78662056
CASP6,0.7866046
USP43,0.7865923
ADAM19,0.7864836
NDOR1,0.78647465
IPPK,0.7864159
HPS6,0.7864139
HERC2,0.7863678
ITPR2,0.7863579
IFIT1,0.78634167
ZNF429,0.78628504
HAUS3,0.7862698
HM13,0.78622645
HAAO,0.7862177
LARP7,0.78619224
SYP,0.7861603
MBIP,0.786149
FMR1,0.78614265
HIPK1,0.7861218
GALK2,0.786108
HPSE,0.7860633
IRF6,0.78604466
NFKB1,0.78602207
CLUAP1,0.78599614
HDLBP,0.7859777
LYPLA1,0.7859712
TMEM67,0.7859515
FERMT2,0.7859453
ID2,0.78579444
HNRNPDL,0.78578633
HGSNAT,0.78577507
IQSEC1,0.7857615
GTF2E2,0.7857135
HSF1,0.78571236
HLA-DPA1,0.7856819
PEX3,0.78567934
FAN1,0.78567904
ABCG1,0.7856316
GPR176,0.78562564
FBXO22,0.78558075
DNM1L,0.7855309
ACSM3,0.7854918
INO80C,0.78548986
GTF3C5,0.7854474
GGA1,0.78541106
ZNF836,0.7853699
GBP2,0.7853055
FNTB,0.7852849
GPD2,0.78524137
GNL3,0.7851939
CCDC68,0.78515977
CHI3L1,0.7850906
MYO1C,0.7850593
IP6K1,0.7850495
FOXRED1,0.7850369
GDI1,0.7850355
CFD,0.78499746
APBB3,0.784977
EXOC5,0.7849729
GNPTG,0.78497183
HK2,0.7849651
GJA1,0.7849187
ITGA11,0.78482276
IFT57,0.78481215
ABCD3,0.7847381
FEM1A,0.7847156
SYNE3,0.78470093
INPP1,0.7846831
AGPAT4,0.7846517
FUT4,0.7846058
HELQ,0.78459734
NDUFS3,0.7845964
INTS10,0.7845515
MVB12B,0.7845225
GPSM2,0.7844645
GABBR1,0.78441405
GALNT14,0.78430843
ADAMTS13,0.7843041
IMPA2,0.7842482
ENC1,0.78421026
KCTD15,0.7842089
ELMO3,0.78418213
MAP3K5,0.78417766
FAM110A,0.78417736
GTPBP1,0.78415364
IRAK2,0.7841375
FKBP3,0.7840601
HERC5,0.78405327
HTT,0.78405255
PLCD3,0.78403807
JUP,0.784019
HOXB4,0.78400743
SAP30,0.7839827
HLA-E,0.78393245
FOSB,0.7839322
GRK6,0.78390455
HNRNPA3,0.7838568
LIN7B,0.78384805
HNRNPAB,0.78381926
HYOU1,0.7837923
IQGAP2,0.783775
MRPS15,0.7837324
TMC8,0.78370476
HLA-F,0.7836922
LSM11,0.7836733
LSAMP,0.783649
KIF13B,0.7836105
IFI44L,0.78358644
HLTF,0.7835745
CYB5R2,0.78354794
GPN2,0.7834464
FAM126A,0.7834055
GPR183,0.78339267
HSD17B10,0.7832446
NPC1,0.7832329
LAMB2,0.7831988
DMTN,0.7831699
HDAC10,0.78314483
FABP5,0.7831445
SHC2,0.78307474
LRRC47,0.78307235
MCAT,0.78307235
GCDH,0.7830565
ITGB1,0.78300345
FYTTD1,0.7829863
HNRNPUL2,0.7829786
LPIN2,0.78297526
KCNN4,0.7829696
PLCB2,0.78292775
GTPBP4,0.7828074
KANSL2,0.78278285
EPB41L3,0.78273934
NOMO3,0.78272825
FOSL2,0.7827245
MED21,0.7827025
KRI1,0.78269273
MRPS7,0.7826182
LRRC4B,0.7825781
GJC1,0.7825508
MCM3AP,0.78252846
NEIL1,0.7823008
HNRNPUL1,0.7822998
FMN1,0.78227395
INPP5A,0.782237
WNT2B,0.7822141
HNRNPA0,0.7821832
FOXRED2,0.782127
KRR1,0.7820909
LAMP2,0.7820365
LSM7,0.7819705
GTF3C1,0.7819281
GAN,0.78192365
KLHL42,0.7818869
KIF21A,0.7818819
HSPBP1,0.78185004
ACOT11,0.7818369
KLHL9,0.781767
KCNMA1,0.7817591
IFT122,0.78174627
PLEKHG4,0.7816908
HNRNPA1,0.78166336
GOLGB1,0.78161705
HIVEP3,0.7816108
IFT81,0.7815928
LEO1,0.7815859
IFIT3,0.78156835
LIMA1,0.7815573
HLA-DRB1,0.7815556
EVC2,0.7815228
RGS14,0.7815094
FBXO38,0.78150827
GNS,0.7815024
GRSF1,0.7814744
ISG15,0.78147054
NAE1,0.7814568
INVS,0.78143626
INTS7,0.78139836
HEG1,0.7813439
INTS5,0.78131783
HAUS5,0.7813167
HNRNPD,0.7812887
GRN,0.78126633
GOLIM4,0.7812621
HELZ2,0.78124815
IL13RA1,0.7812446
IMMT,0.7812107
HNRNPH1,0.7811892
HK1,0.78118485
MAN1C1,0.7811269
HAUS4,0.7811115
COL17A1,0.7811086
F5,0.7810603
LARP4,0.7810354
IFIT5,0.7810318
LPXN,0.78101027
L3MBTL1,0.78099877
MAP3K3,0.7809977
GINS1,0.7809331
HLA-DPB1,0.7809194
NUDT12,0.78078973
LAMA2,0.7807547
MAD1L1,0.7807493
GPKOW,0.78069913
LSM12,0.78069794
EIF3G,0.78066945
HSPH1,0.78066504
IQCB1,0.78061205
MYCBP,0.78060967
GAA,0.7805825
MAPK12,0.78058004
HBP1,0.780576
HMGXB4,0.7805591
HMGB2,0.7805379
MAPRE1,0.78050363
MS4A4A,0.7804993
FAHD2A,0.7804654
RARB,0.78041404
GUF1,0.7803727
CMPK2,0.7803706
PGM2,0.78035426
GINS4,0.7803079
HPS3,0.7802947
ITPR1,0.78019106
MRPS23,0.7801769
FBXO4,0.7801768
HMGB1,0.7801754
DCLRE1B,0.7801424
HSPD1,0.780102
MRPL49,0.7800132
HECTD1,0.78000766
RAB4B,0.77998984
FBF1,0.77997684
NSUN5,0.7799616
NLRC4,0.77982104
FBXO17,0.77981144
L3HYPDH,0.7797959
HGS,0.77976525
PEX16,0.77973866
ATG2A,0.7797357
TRPM2,0.779652
ILF3,0.7796369
FGFRL1,0.77963656
GNAO1,0.77962136
TBC1D25,0.779619
GEMIN6,0.77959496
PRICKLE3,0.77957
HMGN1,0.7795402
S1PR4,0.7795394
MAGI3,0.7794913
KANK2,0.77948534
MAOA,0.7794419
MAP3K10,0.7794162
HINT1,0.7794136
GTPBP2,0.7794064
LSM10,0.7794028
LIMK1,0.7793545
IQCE,0.77934766
OPLAH,0.7793469
KIF22,0.7792632
KHSRP,0.7791909
ITGA3,0.7791259
ALAD,0.77911323
DUSP10,0.7790606
GCAT,0.7790317
FRZB,0.7789418
RALB,0.7788166
NME6,0.77881366
FBXO30,0.77878547
GPR153,0.77868
EXOSC1,0.7786513
MYL5,0.77858824
MCM4,0.7785656
PI4KB,0.7785409
IRF5,0.77851063
LIF,0.77846736
FEM1B,0.77843004
HSD17B4,0.77842546
IMPDH1,0.7783838
KIF9,0.77836597
LEPROT,0.77835566
NDC80,0.778296
EFNB3,0.7782366
MAFK,0.7782277
IPO9,0.778225
CLIP3,0.7782062
GIT1,0.7781568
CD180,0.77810836
IDE,0.7780742
LSS,0.7780605
GABPB1,0.7780186
GOT2,0.77796596
LGALS9,0.7779621
HNRNPC,0.7779387
IFI30,0.7779269
MTA2,0.7779024
GBA2,0.7778941
HNRNPH3,0.7778919
PRNP,0.7778768
JAG2,0.77784884
PLIN2,0.7778083
IPO7,0.7778064
NFATC1,0.777803
KCNC4,0.7777984
ZFP82,0.7777709
EYA3,0.77775824
ITFG2,0.77775604
DUSP7,0.77768403
MRPL38,0.7776833
IPO11,0.7776677
HS2ST1,0.7776413
GNPDA1,0.7776364
OSTM1,0.7776251
KDM2A,0.7775767
LRFN1,0.7775341
MPC1,0.7774667
GSTM2,0.7774552
HEYL,0.7774482
KNTC1,0.7774457
TXK,0.7774415
PANK4,0.77742624
EMC2,0.7774122
IL4R,0.7773978
RBAK,0.77735156
HNRNPK,0.7773437
KCTD1,0.77727145
HERC1,0.77725637
GLG1,0.77723926
LIG1,0.77721137
KIF23,0.777204
HMGCS1,0.77717775
IMP3,0.7771609
MYLIP,0.7771598
HNRNPU,0.77713555
LAMA3,0.77712184
GNAI2,0.7771013
ITGB1BP1,0.77708745
POLB,0.7770798
OAS1,0.7769999
GEMIN8,0.7769902
ITGB3BP,0.7769545
RIN2,0.77691966
LRRFIP1,0.7769117
EPHA1,0.77688235
PEX7,0.77673244
FXYD6,0.7767187
KLHL5,0.77671355
MRPL24,0.77669543
HCAR2,0.7766476
CTBS,0.77664214
HTATSF1,0.7766001
ORC6,0.77657384
RAP1GAP,0.7765355
MFHAS1,0.7765243
SMARCD3,0.7765237
AARS2,0.7764741
INTS1,0.7764329
SLC25A20,0.7764301
TIMM21,0.77640134
NOC4L,0.7764006
GALC,0.77638316
RAPGEF5,0.77638185
ACTA2,0.7763671
MAGT1,0.77625936
GPC4,0.7761816
LIMS1,0.7761475
KLC1,0.77612823
FKBPL,0.7761251
FUT1,0.77609015
MAMLD1,0.77606344
L3MBTL2,0.7760582
LAMC3,0.77599746
IARS2,0.77595305
GUSB,0.77584726
ZNF101,0.7758434
LYAR,0.7758356
MAPK9,0.7758226
PIGS,0.77576274
LCMT1,0.7757348
KCTD3,0.7756907
HOMER1,0.77568203
USP35,0.7756732
GLRX,0.77565646
FZD6,0.7755861
RGS2,0.77556044
GDE1,0.7755433
INTU,0.77552396
KCNAB2,0.7754766
OSGEPL1,0.7754075
PHKG2,0.7753895
FBXL7,0.7753098
MED29,0.7752798
GPN3,0.77527785
STX1A,0.77524453
MAP3K8,0.7752424
ILF2,0.7752224
NEU3,0.7752132
GCA,0.7752011
TRIM46,0.7751539
LPCAT1,0.77514666
MRPL17,0.7751224
PPP2R5B,0.77511305
LRRC41,0.7751125
HSPA4L,0.7750602
GLMN,0.7750501
GSK3A,0.77504784
LAP3,0.7750034
IPO5,0.774998
ZNF764,0.77499336
MALSU1,0.7749733
GIPC1,0.7749685
KIF3C,0.77493733
KAT5,0.7749358
IGFBP7,0.77492
GRAP,0.7749021
EMC7,0.7748701
LGR4,0.77479905
MAPKAPK2,0.7747622
KANK1,0.77474487
KBTBD8,0.7747266
GEMIN7,0.7747089
PPOX,0.7747063
MAML3,0.7746951
IREB2,0.7746927
FJX1,0.7746781
ZNF552,0.7746214
MICA,0.77461344
LMAN1,0.7745807
ADCY6,0.77453226
HCCS,0.77450234
MUS81,0.7744649
TADA2B,0.7744014
CLDN1,0.7743703
HIF1AN,0.7743311
GPR132,0.7743082
FBXL12,0.7743074
ACAP2,0.77428806
GRHPR,0.774287
ALDH4A1,0.7742855
GGCX,0.77425593
SIAH2,0.77421963
IFNLR1,0.7742155
POLR3C,0.774156
MTF1,0.7741555
MARK4,0.7740998
MTMR3,0.7740872
KIFC3,0.7740529
KCNK5,0.7740335
INPP5F,0.7739794
CREB3,0.7739719
NAA20,0.7739574
MCM2,0.773937
ERCC6L,0.773929
MAP3K2,0.77392656
NOL3,0.7738687
SGSH,0.7738494
KRT80,0.773843
GTF2H3,0.77383614
JMJD4,0.77382815
ICAM2,0.7738214
MRPL13,0.77378005
LAMA5,0.7737563
LTBR,0.7737281
ZNF383,0.7737071
TIMM17B,0.7736678
UTP23,0.7736301
REV1,0.7736028
SCRIB,0.7735883
FIG4,0.7735819
HADHB,0.77346903
NT5C3B,0.7734387
HNRNPF,0.773438
LNPEP,0.7734243
ZNF184,0.7733885
MPDU1,0.7733647
EFNA3,0.77336115
HSPA8,0.7733445
LIN54,0.77333826
MICU1,0.7733256
IP6K2,0.77332515
MAPKAPK5,0.7732995
GTF2H1,0.77326643
GPS1,0.77321243
KDM4A,0.77321136
RPL36A,0.77317995
KHDRBS3,0.77315956
FKBP15,0.7731152
LGMN,0.77310747
GMNN,0.77310485
LAMB1,0.7730739
GMPPB,0.773069
FGR,0.77302754
MAP3K11,0.77301127
NEDD8,0.7729869
KPNA1,0.7729501
PPCS,0.772937
MARK2,0.77286994
MAPK8IP3,0.772859
MBD2,0.7728555
ZNF793,0.77280736
NMB,0.7726782
CD1D,0.7726559
MKRN1,0.77261174
JMY,0.7725951
MRPL16,0.7725761
HSPG2,0.77257496
GTF3C3,0.77255714
NDUFB5,0.7725391
HOOK2,0.77251744
ERMAP,0.7724613
TRAPPC5,0.7724492
PNPLA6,0.7724312
BMP8B,0.7724236
PANK1,0.7724056
GALE,0.77238643
HUWE1,0.7723349
KIF17,0.77232957
BNIP1,0.7723268
FBXO5,0.7722994
ITSN2,0.7722007
MCF2L,0.7721527
MXD1,0.7721451
HAUS8,0.77208734
ADAMTS5,0.77205396
GNPTAB,0.7720448
GGPS1,0.77202463
HLA-DMA,0.7720133
FAIM,0.7720124
LCLAT1,0.7719973
MLXIP,0.7719623
GOT1,0.77194774
HLA-DOA,0.7719463
KRBOX4,0.77182245
ZNF461,0.7718179
RP2,0.77180326
GSPT2,0.77180004
ITPR3,0.7717823
FAH,0.7717768
MTM1,0.77176946
LAPTM5,0.77172816
MRPS6,0.77171427
MPDZ,0.771714
INTS9,0.77165866
PLAA,0.7716371
FGF11,0.77163357
RTCA,0.7715619
IPP,0.77155566
SEC11C,0.77135533
MTMR10,0.77133167
ETV3,0.7713263
FTSJ3,0.7713115
KPTN,0.771287
ADAM9,0.771279
DUSP12,0.77125335
GPR68,0.77122873
IFI35,0.7712177
KANSL1,0.77117044
MMAB,0.77113533
KCNJ14,0.7711041
KIF2A,0.77108955
SPINT1,0.7710702
ITPA,0.7710506
MAVS,0.7710433
LDB2,0.770999
METTL7A,0.7709804
KCNJ2,0.7709679
LGALS8,0.7709262
MGRN1,0.7709225
LARS2,0.77091116
NEMF,0.7708656
FNIP2,0.7708083
IGF2R,0.77075773
GK,0.7707441
RAB32,0.7707418
IL6R,0.77073395
INO80,0.7707311
MTMR14,0.770698
MOV10,0.77069575
B3GNT7,0.7706142
KCNIP4,0.77054095
LMO4,0.7705052
NKD1,0.7705007
LLGL2,0.7704691
LONRF1,0.7704487
HDAC3,0.77044845
LPIN1,0.770438
MGLL,0.7702695
HSD17B12,0.77024543
MPP5,0.7702221
NDUFB10,0.770195
RFC4,0.7701753
SHF,0.77016735
KCMF1,0.77014947
PRPS1,0.77013177
MECR,0.7701151
INMT,0.770097
MGAT4B,0.77008235
FHOD1,0.7700593
HMGCR,0.7700159
HDAC9,0.7699944
MADD,0.7699708
MAEA,0.76993585
GRPEL2,0.76991534
SLC35A2,0.769881
GLRX5,0.7698628
NAPB,0.76986253
GPD1L,0.76985246
NELFE,0.7698159
MYL12B,0.76981485
NRP1,0.7697664
LMAN2,0.7697575
MYLK,0.769743
MMS19,0.76973236
MOB1A,0.7697284
TBC1D32,0.7696926
MTX1,0.7696871
MTMR4,0.76967496
NCOA6,0.7696053
NMT1,0.76960427
KRT7,0.7696018
MMP17,0.76959455
LDHB,0.76958376
CABLES2,0.76956207
ME2,0.7694711
MED23,0.7694612
GIMAP4,0.7694543
PRKRIP1,0.7694491
KDM4B,0.769433
JMJD1C,0.7693867
NTAN1,0.7693814
GFM1,0.7693672
EHD4,0.7693288
PCOLCE,0.76932096
PLXND1,0.7692796
KRT18,0.769247
INCENP,0.76922566
HNRNPM,0.76921314
FZD8,0.7691973
PRKD2,0.7691498
MCMBP,0.7691055
NBR1,0.76909703
IER3,0.7690651
ITCH,0.76906
LPL,0.7690284
IFT172,0.7690026
JAG1,0.76899576
RRAGD,0.7689675
MAP1B,0.7689457
GSTM3,0.768944
HBS1L,0.7687805
NFU1,0.76877713
ICMT,0.76877344
THBS2,0.7687262
KIF20A,0.76869273
CPT1B,0.7686842
LFNG,0.7686456
KPNB1,0.7686337
RPGR,0.76862425
HAUS1,0.7686163
NDUFS2,0.7685832
MBP,0.76851916
LY96,0.7685165
IRAK1,0.7685106
MFF,0.76849353
MTA3,0.7684596
NCAPG2,0.7684287
INTS3,0.76839817
LPGAT1,0.76827484
ZNF253,0.7682474
KIF2C,0.7682113
NME7,0.7681738
NDUFAB1,0.76816994
RPS27L,0.7681682
LDB1,0.7681574
OXTR,0.768151
COQ3,0.76814675
NFX1,0.7681307
SMNDC1,0.7681146
LRP3,0.7680981
EMB,0.76808834
NR2F2,0.76807255
HSPA9,0.76805234
MRC2,0.7680179
ERN1,0.7680123
GOLM1,0.7679629
MSX1,0.7679349
ITGB4,0.7679
LIG3,0.7678847
KPNA3,0.7678017
UBL7,0.76779157
KATNAL1,0.7677905
ITGA2,0.76778823
LMNB2,0.7676922
JDP2,0.76766866
MCTS1,0.767667
KIF11,0.76766586
NUDT19,0.76766086
PLCD1,0.7676503
GHDC,0.76761526
PLOD3,0.7675576
TMEM70,0.7675573
MAP1LC3B,0.7674825
HSPB1,0.7674548
HVCN1,0.7674489
NDUFV1,0.7674111
LGALS3BP,0.7674037
MEF2A,0.7673584
NLGN3,0.7673534
LSM14B,0.76732945
KLHDC3,0.76725495
MED24,0.7672059
MATR3,0.7672039
MAF1,0.76718587
EDNRA,0.76715374
KDM8,0.76715064
FAM8A1,0.76708245
NUP88,0.7670531
GAR1,0.7670324
ZYG11B,0.7670297
MGAT4A,0.76700765
MYO1F,0.76699
PLCB3,0.7669726
PSMC1,0.76696974
IPMK,0.7669066
NAB1,0.7669042
IGBP1,0.7668079
GTF2B,0.76679325
MRPL54,0.7667528
KHNYN,0.7667477
MAP2K5,0.76674736
ING3,0.766733
MAT2B,0.7667221
RBBP5,0.766719
ZNF234,0.76666296
MRPL33,0.76663196
NAGK,0.76663005
HOXB2,0.766577
TXNRD2,0.76657134
SELPLG,0.76654863
IL11RA,0.76653904
MMP11,0.7665353
MRPS18A,0.76652926
HRH1,0.7665032
MYSM1,0.76650244
ZNF354A,0.76644915
IPO13,0.76640934
HPDL,0.766382
FZD1,0.7663451
OAZ2,0.76633817
HSD17B1,0.76629514
NAT10,0.7662801
CLIC2,0.7662426
WDR75,0.76623523
NGLY1,0.76623315
NDST1,0.76621056
ZNF284,0.76620644
NDUFS6,0.76618254
ADRM1,0.76616794
NR2F6,0.766156
PELP1,0.76608855
IPO4,0.7660798
PDP2,0.76607585
HSPB11,0.76603764
ACOT1,0.7660265
ZSCAN32,0.7659822
NINL,0.76597035
KDELR1,0.7659411
PTPRU,0.765885
MRPS5,0.7658841
INPP5B,0.7658761
EFNA4,0.76585805
HEBP1,0.7658337
MKKS,0.765805
NFKBIB,0.7657905
GRIN2D,0.76578534
NBAS,0.76576924
AK9,0.7657192
NUBP2,0.7657088
C9orf72,0.76566714
RAB38,0.76566315
MAPK14,0.7656317
NGDN,0.76562345
GNA14,0.76560986
PPT2,0.7655717
KIF20B,0.7655234
PARN,0.7654727
MPHOSPH6,0.7654601
KLHDC2,0.7654249
LUC7L,0.76541287
MTMR2,0.7653617
RAB14,0.76534945
RECK,0.7653405
SNAPC2,0.7653186
RNASEL,0.7652239
MBNL1,0.7652047
MEIS2,0.76519203
ITGB5,0.7651814
HMGCL,0.7651787
RAB13,0.765121
LRIG1,0.76509815
ZNF426,0.76505053
NSUN4,0.7650392
NUP107,0.76499915
NAA60,0.76497144
KCNIP2,0.7649234
ACP1,0.76490074
NSMAF,0.76488817
NMRK1,0.7648825
FST,0.76487935
CD69,0.76485574
MGAT5,0.76483333
LMTK2,0.7648035
ANAPC2,0.7647408
SRPRB,0.76473814
MCCC1,0.7647264
HSPA4,0.76466906
HPS1,0.764667
GRPEL1,0.76465064
ITPK1,0.7646488
NOB1,0.764626
MSL3,0.7646206
MTIF3,0.76454085
LOXL1,0.76454014
NDUFA4L2,0.7645282
NID1,0.764494
KIF26B,0.76447946
ADAM28,0.7644547
HOXA1,0.76444894
METAP2,0.7643734
KIF1B,0.76437074
PPM1F,0.7643489
MAN1A1,0.76434666
LEPR,0.7643269
ANKRA2,0.76430637
KPNA6,0.7642917
MCEE,0.7642827
LAMTOR4,0.76425743
MAP2K6,0.76418567
PVR,0.76412326
MRPS24,0.764093
TLR7,0.7640908
KCNG1,0.76408696
MT2A,0.7640863
UBE2D1,0.7640408
NASP,0.76403016
FBXL14,0.764018
MACF1,0.7639635
EAF2,0.76396126
HSBP1,0.7639524
ISG20L2,0.7638722
MTMR9,0.7638701
MAP4K5,0.76376945
MED6,0.76376283
PPP2R3C,0.7637513
ZNF200,0.763747
MFSD12,0.76369154
ODF2,0.7636772
KDELR2,0.7636132
MKLN1,0.7636033
IFT27,0.76355714
SLC25A28,0.76353294
HECTD2,0.76353043
OPTN,0.76350164
NSMCE2,0.76341325
MRPL3,0.76329243
MIEF1,0.7632841
MARS2,0.7632835
TNFRSF10D,0.7632513
MOCS3,0.76321894
HDAC11,0.76320606
PSMF1,0.7631671
RHPN1,0.76313406
NOL12,0.7631124
KMT2E,0.7629136
LAMP1,0.7628984
LMF1,0.76283085
MPRIP,0.7628255
ME1,0.7627873
INO80E,0.7627523
TERF2,0.7627502
NCOA7,0.7626892
NADK2,0.7626694
ZNF286A,0.7626406
MRPS22,0.762633
NUDT9,0.7626307
NOSIP,0.76262057
LIN52,0.7626151
GPX3,0.7625632
MAN2B1,0.762531
PIP5K1C,0.76250905
RFK,0.76248246
PFKM,0.76243985
MBD5,0.76240873
HIGD1A,0.7623826
NDUFB1,0.7623789
SLC18A2,0.7623196
NSUN2,0.76230687
ARHGAP33,0.76227987
ORC3,0.762256
LINGO1,0.7622314
FBXO6,0.7622203
MYO7A,0.7622171
IL15,0.762164
KLHL21,0.7621362
KIDINS220,0.7621281
POLR1B,0.76212627
GSTZ1,0.7620893
REEP2,0.7620415
NAP1L4,0.76200277
MSRB2,0.76199627
HCFC1,0.7619637
LAMA4,0.7619533
ZNF2,0.76194835
OXNAD1,0.76193935
EDEM3,0.7619236
RIN3,0.76190233
MYH10,0.761894
TBX19,0.76185954
LAS1L,0.7617317
NDRG3,0.7617197
RBBP9,0.7616838
SEMA6B,0.7616582
MTR,0.7616478
MEX3C,0.7616428
MED27,0.76162916
LUC7L3,0.7616067
MAP3K4,0.76158464
MAT2A,0.76155925
KIF1C,0.7615335
PMP22,0.76151806
KLHL11,0.76147395
LONP1,0.76146567
MX1,0.76144814
MED13,0.7614221
IFI16,0.7613814
MRPL19,0.76134354
NOC3L,0.76133126
PIGU,0.76129925
MYO6,0.7612881
MFN2,0.76123524
JUNB,0.76122624
MTA1,0.76119816
PPP1R9B,0.76111394
PTPN9,0.7610826
N6AMT1,0.76107794
NFS1,0.76106673
PPM1K,0.7610484
PDSS1,0.7610439
LBR,0.7610294
ZNF251,0.7610218
HSPB8,0.76101947
PDCD6,0.7610177
NEK7,0.7610151
KLHL20,0.7608781
OCRL,0.7608681
NEO1,0.7608597
NUCB1,0.7608389
RMI1,0.7607647
MPHOSPH10,0.7607419
SCAI,0.7607356
TRNAU1AP,0.7607245
MAN2A1,0.7607235
ZNF79,0.76067317
LAMC1,0.760638
NUFIP2,0.76061124
SLC25A22,0.7605939
NPM3,0.76059335
LRRC40,0.7605539
ELMO2,0.76055276
MKNK2,0.76050705
RFC5,0.7605053
MON1B,0.76049995
NDUFAF2,0.7604911
NEDD1,0.760489
ZKSCAN4,0.76044685
NCL,0.76036555
SPPL2A,0.7603629
MOB2,0.76036096
MYL6B,0.7603333
PARP4,0.76029587
MRPL46,0.76028365
HARS2,0.7602835
NMT2,0.76025367
AGTRAP,0.76021814
METTL3,0.7602079
MORF4L1,0.76016766
MEMO1,0.76015735
GAS8,0.7600915
QDPR,0.7600507
PPP6R1,0.76003844
LEMD2,0.7599603
PSMD9,0.7599044
PIGK,0.7599032
MCM10,0.75989056
UBA5,0.7598883
NFIX,0.75986534
NAA50,0.7598577
MINK1,0.75984883
MPP6,0.75984263
IRF2BP2,0.7598085
GPR180,0.7597984
RTN4R,0.7597768
LPIN3,0.759771
ZKSCAN3,0.7597381
NAA25,0.7597218
LRP8,0.759713
NPHP1,0.7597072
PCCA,0.7597047
GORASP2,0.7596876
PARD3B,0.75967586
LRP12,0.7595703
PHB2,0.7595648
ADAMTS14,0.75954556
PRPF39,0.7595364
PDLIM5,0.7594912
REEP5,0.7594105
ZNF133,0.7594034
KDM5B,0.75938916
MOSPD2,0.75938773
KIF13A,0.7593772
LSG1,0.7593711
VARS2,0.7593591
MAPK7,0.7593361
FNDC5,0.75926363
LAMC2,0.7592359
TNFRSF11B,0.7592056
TREX1,0.75919956
ADAMTS2,0.7591964
KCNJ15,0.75918734
NDUFS8,0.75914514
MID1,0.75912637
NFYA,0.7590985
ZFPM2,0.7590899
YRDC,0.7590865
MED16,0.7590762
NOM1,0.7590589
NCAPG,0.75905377
MTUS1,0.75905144
RC3H1,0.75905067
MBTPS2,0.7590396
VGLL3,0.7590045
KPNA4,0.75896406
MAP4K3,0.7589322
PCYT2,0.7589051
KALRN,0.7588798
PUS7,0.7588736
TDRKH,0.75886065
LZTFL1,0.75885016
MAGOH,0.7588142
PPP1R13L,0.75879866
HMOX2,0.7587865
MBTD1,0.7587465
POLK,0.7587161
KIF3A,0.75869626
OGT,0.7586682
MRPL37,0.7586564
NNT,0.758654
C7orf26,0.7586475
B3GNT4,0.75864553
POLR2B,0.7586038
MAP4K1,0.75859123
STK36,0.75857586
MZT1,0.75856215
PHACTR1,0.75855815
NECAB3,0.7585277
MCM7,0.75848055
CGRRF1,0.75846565
NBEAL2,0.7584649
MEPCE,0.7584151
NUDT5,0.75840914
DENND2A,0.7583918
LSP1,0.75838405
ADAMTS9,0.75838286
MYBL2,0.7583752
MCC,0.7583685
WDR19,0.7583623
TTC37,0.7582771
MRPL48,0.75827545
MAPRE3,0.75821865
MANBA,0.75820994
NDUFAF6,0.75819504
MYBBP1A,0.7581439
PDE3B,0.7580932
NUAK1,0.7580771
PAQR8,0.7580742
ARHGAP27,0.7580484
MELK,0.7580427
TUBGCP6,0.75803494
MIEN1,0.75797296
HOXB6,0.7579321
POLDIP3,0.757926
HLA-DRB5,0.7579131
ABCC1,0.7579073
ITGBL1,0.7578908
PLOD1,0.7578755
IRF9,0.75785244
POP1,0.7577833
MRPL55,0.75774425
MEGF8,0.75773865
F2RL1,0.7577375
RTF1,0.7577027
LPCAT4,0.7576681
AKAP5,0.75762475
LMNB1,0.7576216
IVNS1ABP,0.75761116
MED26,0.75759506
GRHL1,0.75758153
NPLOC4,0.75755554
TOR1B,0.7575195
GPX8,0.7575106
MRPL20,0.75748366
ACO2,0.757482
SSBP1,0.75747603
TDRD3,0.75746584
LDLR,0.75743246
PTCD1,0.7573842
MASTL,0.75735563
ENTPD6,0.7573443
AASS,0.75732094
NPC2,0.7573099
ZNF320,0.75726676
MBOAT2,0.75724506
NCKAP1,0.75720304
GPR160,0.75718224
RAB37,0.75709647
NMI,0.75708336
MTX2,0.75708246
NSFL1C,0.7570674
INTS2,0.75702804
PMPCB,0.7570176
RASSF5,0.75697166
FAM131B,0.75695264
LCP2,0.7569522
NDUFA4,0.7569
LONP2,0.75689644
LRCH1,0.7568732
NDUFA12,0.7568287
MRPL28,0.75680196
NR4A2,0.7567995
PSME2,0.7567901
SP100,0.7567797
VAMP1,0.75673354
NDC1,0.7567249
TAOK3,0.7566672
MYO9A,0.7566533
NUP54,0.7566391
IL18BP,0.7565879
KIAA2013,0.7565512
NFYB,0.75654924
MBOAT1,0.75649095
MTHFD1,0.75645477
STAG3,0.75644785
GKAP1,0.7564352
CYP39A1,0.7564318
TRMU,0.7564041
NR1H3,0.7563537
SRF,0.75634384
C15orf48,0.75631106
LAMB3,0.75630975
TGM2,0.75628287
PITX1,0.7562657
PHF5A,0.75624305
HIP1R,0.7561734
MTMR12,0.7561672
PARK7,0.7560991
ODC1,0.75600916
HEXIM1,0.7559703
MCU,0.7559555
LIN7A,0.75594056
MED25,0.75592506
ABCC3,0.7559153
RNF6,0.75588906
RNF31,0.7558811
PDLIM7,0.75587875
TBCC,0.7558676
KIF7,0.75586694
RBM19,0.7558597
MAP1S,0.75585616
ABCA1,0.7558508
HERC3,0.7558353
PRPF6,0.75582916
LRIG2,0.7558238
KPNA2,0.75582033
STX12,0.7557534
POLE4,0.7557475
MRPS27,0.75573397
ZNF7,0.7557012
LYPD6,0.7556824
SLC6A9,0.7556658
SEC62,0.75562775
ZBTB7B,0.7555543
PHKA2,0.755547
HSPA12B,0.75551903
TOP2B,0.7554871
MED8,0.7554706
MIS18A,0.75541973
SART3,0.75540787
RAB3GAP2,0.75539833
MAN1A2,0.75539094
MCM5,0.75538415
SNTA1,0.75537205
MNAT1,0.75527483
ITPKC,0.7552333
TSEN54,0.75522614
RNH1,0.7551931
NPNT,0.7551667
MRPL35,0.7551331
AATF,0.75509316
MMS22L,0.7550814
MFGE8,0.7550667
NIT2,0.75505406
TIPRL,0.755049
TFAM,0.75492865
NCALD,0.75492424
ST8SIA1,0.75491434
KLHL25,0.7549095
MRPL2,0.7549086
KHDRBS1,0.75489545
PEX5,0.75488085
SF3B4,0.7547495
TMED5,0.7547491
NR6A1,0.7547457
STXBP2,0.75470513
PELI2,0.754688
IMPDH2,0.7546844
PNO1,0.75466794
MDH1,0.75465107
POLR2L,0.7546295
PPP5C,0.75462687
PRDX3,0.7546182
ZNF302,0.7546166
LRRC8D,0.75460696
ITGA2B,0.75450534
METTL4,0.7544935
ZNF626,0.7544851
NUDC,0.75444394
THOP1,0.7544364
MZT2A,0.75443506
MYO10,0.7543885
ZNF451,0.7543742
PINK1,0.75436926
TUBA4A,0.7543673
UNC45A,0.7543609
PRKAG1,0.7542902
MTDH,0.7542869
PPIF,0.75423175
NLE1,0.7542237
LIMD1,0.7542107
OSBP2,0.7541908
TRUB1,0.75417805
MED20,0.754139
LTBP1,0.75410956
ZNF182,0.7541063
NIPBL,0.7540853
PCCB,0.75408506
POLH,0.7540038
PUS1,0.7539868
IL10RA,0.75398177
SHMT2,0.75397116
NCAPD2,0.7539408
FKBP2,0.7539374
IGFBP4,0.7539025
PHC1,0.75386655
SIRT1,0.75386065
ULK3,0.7538182
POLR3G,0.75378406
ACACB,0.7537574
ZNF33B,0.7537294
RABIF,0.7537029
ITM2B,0.7536447
OXSM,0.75363296
MAP2,0.7536131
GPC1,0.7535424
HNMT,0.7534502
SAV1,0.7534424
PES1,0.75339335
PPP1CC,0.7533573
LNX1,0.75335
TRIT1,0.7533154
TRMT61B,0.753269
WDR48,0.7532467
LCMT2,0.7532158
OSTC,0.75321007
LOXL2,0.7532078
NET1,0.7531984
MAGED2,0.7531943
ZNF112,0.7531713
PCID2,0.7531634
MED22,0.7531489
PDE7A,0.75313085
KDM1B,0.7531152
SHCBP1,0.7530805
SERPINB6,0.7530138
STRIP2,0.75299734
NDUFA13,0.7529604
MORC2,0.7529338
MGST1,0.75293374
ZNF124,0.75291955
PPARA,0.75286984
POLI,0.752827
RAB3IP,0.752824
PARD6B,0.75280416
RPP38,0.75278646
UFL1,0.75277764
FBXO32,0.75277275
PITPNA,0.7527596
MRI1,0.75274503
ITGB7,0.7527327
SKA1,0.75272584
NDUFB9,0.75270045
MAD2L1,0.7526967
MTHFD1L,0.75265396
PPP6R2,0.75263804
ISYNA1,0.7526361
AKR1C1,0.7525902
PGP,0.7525673
PAIP2,0.7524854
NUP210,0.75247616
MRPS18B,0.7524382
PCBD2,0.75243425
PAK1IP1,0.75240785
KLHL3,0.7524026
LTBP4,0.75239503
NSMCE4A,0.7523676
MARK3,0.75236064
RPL22L1,0.75235474
SYTL4,0.7523514
FDX1,0.7523352
MZF1,0.75233436
SPARC,0.75233096
THUMPD1,0.75231993
PNISR,0.75231266
RPF1,0.7523103
MSL2,0.75228494
NANP,0.7522847
KCNS3,0.7522672
ING4,0.7522595
SEC24D,0.7522423
NOL8,0.7522361
PABPC1L,0.7521949
MDN1,0.75212514
LTBP3,0.7521207
SEC22A,0.75197166
ORC1,0.7519712
NRIP1,0.75196236
LEMD3,0.7519268
KXD1,0.7519226
ZNF430,0.7518969
KIF18B,0.75189644
NCEH1,0.75183344
ZNF589,0.7518251
HS3ST1,0.7517498
NEDD9,0.7517382
NAA40,0.7517175
HCFC2,0.75170654
IRF2BPL,0.75168025
TMEM63A,0.7516779
ZNF614,0.75158876
ITGA1,0.7515767
PCGF3,0.7515304
PPP1R12A,0.7514602
UCK1,0.75145054
PPIP5K2,0.7514445
NOP58,0.7514323
PERP,0.7514133
PALLD,0.7513987
PFDN2,0.75139713
MOGS,0.75133723
TDP2,0.7513309
NHS,0.75132847
MED15,0.75132513
MMACHC,0.75131696
NOL9,0.75128967
MBD1,0.7512544
MRPL9,0.75125414
NR3C1,0.75121576
LSR,0.75115526
RPS7,0.7511344
PSMG2,0.75113004
NDUFV2,0.7511266
MYOF,0.7510995
MTHFS,0.75109476
PSME1,0.75102943
ANO1,0.75099295
MIF,0.75098443
PDCD4,0.7509832
NOP14,0.75098264
MXRA8,0.7509543
PDSS2,0.7509212
PTP4A3,0.75091743
NOL6,0.75091237
NDRG2,0.7508954
UBA7,0.75088996
RAD18,0.75086284
MYL6,0.7508311
MED19,0.7508139
MAP4K2,0.7508021
ORC5,0.750775
NCAPD3,0.7507632
KCNAB1,0.75073016
SERPING1,0.75069153
UBE3D,0.7506908
PDE6D,0.7506571
OTUD3,0.7506551
NFATC4,0.75065386
OIP5,0.75064766
AGA,0.7506365
RRP1B,0.7506325
HELB,0.75054115
UBQLN2,0.75054103
LAMTOR5,0.75044346
TERF2IP,0.75044274
KRTCAP2,0.7504198
PCK2,0.75040406
YIF1A,0.75033224
NEK9,0.7503044
MPZ,0.7502611
PARD3,0.7502434
HDAC5,0.7502397
RBPJ,0.75023186
NFKBIL1,0.75022876
NUBPL,0.7502237
NFATC2IP,0.750202
PYGL,0.75019443
GOLGA1,0.7501911
SNRPB2,0.7501904
NMRAL1,0.7501054
MEAF6,0.75008816
NHLRC3,0.7500522
NUDT21,0.7500345
KDELR3,0.7500341
PAICS,0.7499729
PIKFYVE,0.7499511
PFKFB4,0.74993676
MLX,0.749936
PEX13,0.74992186
PLXNA1,0.74979895
NAA38,0.74978983
MAU2,0.74977994
FZD4,0.749778
ZNF335,0.74977756
NTN1,0.7497616
MEIS1,0.7497405
KRT17,0.7497365
KIF18A,0.74971753
SEPSECS,0.74971396
MSL1,0.74965096
PDP1,0.7496342
OXSR1,0.7496328
SMOX,0.7496238
WSB2,0.7496196
NUDT3,0.74954134
RAB3D,0.7495292
SIVA1,0.7495089
PCGF5,0.74948287
MIA3,0.74945694
RBM15B,0.7494418
SLC22A4,0.7494399
MBOAT7,0.74940735
ZNF517,0.7493894
PSMC3IP,0.749372
RAB11A,0.74935615
NDUFB4,0.7493514
PSMG3,0.7493471
SNX18,0.7493355
PTGFRN,0.7492921
RAB5C,0.74929154
MRPL39,0.7492914
NEIL3,0.74926835
MLST8,0.74924505
PRKAR2A,0.74923223
UQCRQ,0.74921596
PRPF4B,0.7491758
PREX1,0.74917537
RNF144A,0.7491664
LRWD1,0.7491606
NFATC3,0.7491382
OTUD5,0.7491181
PILRA,0.749109
FUCA1,0.74909663
NR4A1,0.74909335
NLN,0.74908423
SAMM50,0.7490582
FCGR2A,0.7490268
NDUFS4,0.7490206
PPP1R10,0.74900377
GTF2H4,0.7489701
ZNF623,0.7489498
MTMR1,0.7489211
LYRM4,0.7489169
PPP1R16B,0.74890584
SDAD1,0.7489046
TBC1D8B,0.74885607
PABPC4,0.7488521
ZNF44,0.7488479
HOXB7,0.7488371
ZNF333,0.74882776
NEK6,0.7487247
RPP25L,0.7487201
NPAS2,0.7486327
MAP2K3,0.7486302
PDXK,0.74861336
SIGIRR,0.74860793
KATNA1,0.74857146
MICU2,0.7485686
POLR2G,0.74853957
BATF3,0.74852943
SHB,0.74852234
ZFPM1,0.7484903
RAB2A,0.7484516
PNN,0.7484509
PDS5A,0.7484178
NT5C,0.74840504
ORAI2,0.7483434
TPD52L1,0.74830335
NCAPH2,0.7482919
PCYT1A,0.74826664
MLEC,0.74824494
MTFMT,0.74823755
SORT1,0.7481769
PLCL2,0.748164
MDK,0.7481571
NOP9,0.7481513
SLC12A9,0.74808514
PNKD,0.74804646
POLR3D,0.7480281
SENP3,0.74799716
RBCK1,0.74797875
RPL17,0.747969
TMEM187,0.747964
MRPS11,0.74794203
PFKP,0.7479217
NUMB,0.7479102
PRDX5,0.7479073
ST6GALNAC4,0.74788535
RBM22,0.7478362
SYT11,0.747829
UBE3B,0.74782574
MCCC2,0.7478085
AIF1,0.74779844
PPP6R3,0.7477663
PARS2,0.74776554
RAB10,0.74775493
MVD,0.74772376
KIF26A,0.74769545
PRDX6,0.7476718
RRP7A,0.7476614
NDEL1,0.7476526
ADA,0.747648
UCK2,0.74761343
SEC31B,0.7476058
SEMA7A,0.7476024
POLE2,0.7475536
MSRB3,0.74753094
KLHL12,0.7475292
RGP1,0.74752325
PLA2G15,0.747518
NRBF2,0.7475169
OPHN1,0.74751467
NVL,0.7474362
SATB1,0.7474289
RHNO1,0.747421
MGST3,0.7473898
PLSCR1,0.74732316
PAK6,0.7473192
LRP1,0.74731785
ADAMTS1,0.74729866
MRPL18,0.7472119
OSBPL1A,0.7471912
LSM4,0.7471551
TRIM35,0.74712145
MRPS34,0.74709135
OXCT1,0.7470846
NUP50,0.74707735
NDUFA11,0.7470737
SAP30BP,0.74705696
MFAP2,0.7470568
GALNT12,0.74703205
KRT19,0.74699813
MPG,0.74697435
SGPL1,0.746958
PPIE,0.74695224
SERPINE2,0.7469369
INPP5K,0.74691814
ZNF32,0.7469106
LRP10,0.74690443
IL15RA,0.74688166
PAF1,0.7468726
POLR2F,0.74684393
LIMS2,0.746803
RPS6KB1,0.74678963
KDM3B,0.74677825
APOC1,0.7467751
IL17RC,0.7467737
NOC2L,0.7467299
NDUFA10,0.74672216
ZNF555,0.7467113
SLCO3A1,0.7466992
MCM3,0.7466818
NMNAT2,0.7466753
TOMM40,0.7466571
NANS,0.7466523
TIMM23,0.7466059
MPI,0.74653536
MAST2,0.74647087
NR1D2,0.7464592
PSMB6,0.7464564
NID2,0.74645495
OSBP,0.7464531
NDUFAF3,0.74645257
OPRL1,0.74643713
PLB1,0.74642414
PPP1R18,0.74641836
JMJD6,0.7464094
POFUT1,0.7463385
MRPL47,0.7463169
RPRD1B,0.7461914
MIS12,0.74618274
MRTO4,0.74616677
MRPL22,0.7461618
PTN,0.7461606
TMEM115,0.74613446
ISCA2,0.74613106
PPIL1,0.74599904
ZNF10,0.7459731
PEX1,0.74595666
SNRNP48,0.74595
MIS18BP1,0.7459388
TOMM34,0.745933
PEX19,0.74588037
NFE2L1,0.7458794
MED17,0.745865
ZNHIT6,0.74582314
ZWILCH,0.7457726
PRKCE,0.7457628
ADAMTS12,0.7457568
TMEM132A,0.74572974
MCPH1,0.7457085
NPRL3,0.7456966
PLA2G4A,0.74567705
ZNF224,0.74565476
ZNF620,0.7456479
MRPL41,0.7456146
TADA3,0.7456106
MRFAP1,0.7455931
NOMO1,0.74559253
RELL2,0.7455879
TIFA,0.7455071
WDR41,0.7454974
NNMT,0.7454946
MTF2,0.7454811
NOP56,0.7454437
ZKSCAN1,0.7453905
UGGT1,0.7453642
RUSC2,0.745338
PDE10A,0.74526876
PSMC5,0.745242
SH3RF1,0.74523884
MAGOHB,0.7452278
SLC9A3R1,0.74521315
DHX58,0.7451952
MYO9B,0.7451885
WASL,0.7451613
SARDH,0.74511784
TSPAN33,0.7451152
TRIM11,0.74509096
PGS1,0.74506265
NDE1,0.7450599
PLXNA2,0.74505097
PARP14,0.74498737
PECR,0.74497616
NFYC,0.7449646
PARVA,0.74495274
NSUN6,0.74491674
SWSAP1,0.7449025
NCAPH,0.74489343
IMP4,0.7448698
MPP7,0.74486417
MAPK6,0.7448375
DEPTOR,0.7448163
RINL,0.7447922
CSF2RB,0.7447858
PTPMT1,0.74475265
MBTPS1,0.7447081
NDUFV3,0.74464583
POM121,0.7446416
PIAS3,0.7445869
MRPS2,0.7445859
PACS2,0.7445465
NUP160,0.74454165
F2R,0.7445397
PLK1,0.7445038
WDR77,0.74450254
RNPC3,0.74449486
RER1,0.7444798
ACADSB,0.7444703
SNAP47,0.7444292
NAA15,0.7444227
IL10RB,0.7444073
PKP3,0.74434626
HOMER2,0.7443342
TRIM6,0.7443177
KLHL22,0.7443175
TRPC4,0.74430794
STAU1,0.7442986
GSDMD,0.74427897
GATM,0.7442762
GNA15,0.7442375
TACC3,0.7442295
PDE3A,0.7442082
SCLT1,0.7441741
PPP1R13B,0.74416065
POLR3A,0.744105
MAFG,0.7440574
SRP68,0.7440363
SPHK2,0.74391526
MRPS14,0.74389344
YTHDC1,0.74388635
PPIL2,0.74387115
NACC1,0.7438561
PRR5L,0.74384844
UQCR10,0.7438205
TOX4,0.7437834
SUV39H2,0.7437723
SMARCC2,0.74376935
MBD3,0.74375796
NAGLU,0.7437533
RAD23A,0.74370587
MSH5,0.74369943
SMUG1,0.74368614
PRPF40A,0.74361634
SRGAP2,0.74359924
UROD,0.74359185
IL20RB,0.7435872
RASAL2,0.7435799
AQP3,0.7435789
RFXAP,0.74356455
ZNF529,0.74352247
KATNB1,0.74352163
PFN1,0.7435132
RGS19,0.7435106
IRF2BP1,0.74350196
PTK2,0.74349993
MRPS35,0.74349314
PXN,0.7434555
ACSF3,0.7434541
TMEM11,0.743445
TAF11,0.74343324
USP49,0.7433891
OS9,0.7433625
RIF1,0.7433487
PAXIP1,0.74334615
PIGW,0.7433046
ZNF211,0.74325424
SH3GLB2,0.7431876
NCK1,0.74313456
NDUFA6,0.7430653
BLNK,0.7430598
NUS1,0.7430587
PAK4,0.7430352
TRAPPC9,0.7430272
GPX7,0.74302155
TNFRSF12A,0.7430125
PFKFB3,0.74296576
SSX2IP,0.7429282
MGAT2,0.74286026
TOM1,0.7428584
NUP43,0.74282795
PPA1,0.74278533
POLR2A,0.74272776
REXO2,0.7426996
PUM2,0.7426606
PICK1,0.74264455
PDE4D,0.7426316
RBM39,0.7426199
SUGP1,0.7425893
TGIF2,0.74255896
TP53RK,0.7424992
PIR,0.74244153
KIF4A,0.74243325
SSR3,0.74242944
NT5C3A,0.74241436
MANF,0.74241185
ZDHHC8,0.74240565
MIER1,0.7423947
TOPORS,0.74239016
PARP9,0.74238986
PLEKHM2,0.7423864
OSBPL5,0.7423648
PURA,0.74235916
WLS,0.74234825
ZNF709,0.742268
MYCBP2,0.7422615
ZNF283,0.7422516
ZNFX1,0.742223
NUDT16,0.7422206
PLEC,0.74216026
SATB2,0.7421409
POLR3B,0.74211955
YAF2,0.7420902
ALKBH6,0.74208033
SPRED2,0.74206156
ITGA5,0.74201643
DTX3L,0.74200773
POMP,0.7419704
MIB2,0.7419693
NPDC1,0.74189794
DBP,0.74189544
SERBP1,0.7418928
MINPP1,0.7418829
POLM,0.74184304
P4HA1,0.741831
RAB3GAP1,0.7418288
NINJ1,0.74178845
PRKCA,0.74176526
RBM34,0.7417584
PPP1R15B,0.7417423
NRF1,0.7417351
ITGA6,0.74172837
MYL12A,0.7417139
IVD,0.74170685
NUP153,0.7417058
HUS1,0.7416885
NEK1,0.7416641
SCCPDH,0.7416579
RALBP1,0.7416495
SLC19A1,0.74163353
ORC2,0.74163085
NPL,0.74162066
PIP4K2A,0.74160016
NAP1L1,0.7415431
SLC2A1,0.7414865
OBSCN,0.74148375
RPGRIP1L,0.7414766
NCBP2,0.741431
POU2F1,0.74142694
LLGL1,0.7414107
RABL2A,0.7413995
PDIA3,0.74139047
LTN1,0.74137264
UBQLN1,0.7413469
QPRT,0.74130213
MON1A,0.7412808
MZT2B,0.7412585
PHF20,0.7412273
TBL3,0.7412135
SCP2,0.7411938
NCF2,0.7411574
NUDCD3,0.7411517
PRICKLE2,0.74114347
MRPS17,0.74104685
XYLB,0.74103713
PTDSS2,0.7410364
OGDH,0.74102837
SKIV2L,0.7410271
RBM42,0.7410153
ADAMTS4,0.74097276
MAD2L1BP,0.74096376
STT3B,0.74093616
PPL,0.74092823
NUP188,0.74088496
RABEPK,0.74085045
SYNJ2,0.74084854
MTIF2,0.74084675
NLK,0.7407957
SPATA5,0.74073553
TICRR,0.74070585
ARSA,0.74061215
TFB2M,0.7405462
RPAP3,0.7405446
SCNM1,0.7405331
RAI2,0.74050343
SUN2,0.7404783
SEC24B,0.7404261
TAF1C,0.74041456
SLC25A25,0.7404087
TIAM1,0.74038804
SLC7A5,0.74038553
UFM1,0.74037194
PISD,0.7403494
RPS6KA1,0.74034166
SACM1L,0.7402896
RNF19B,0.740274
RNF152,0.74025536
RHOG,0.74023944
POLA2,0.7402332
NHEJ1,0.74022865
MAPK8IP1,0.7402232
PRPF19,0.74021626
ZNF248,0.7402106
PTMA,0.7402052
PIP5K1A,0.74014723
NDUFA8,0.74011457
SUMO3,0.74007446
PSMD11,0.7400575
HSF2,0.7400016
SNAPC3,0.739969
SLC7A6,0.73995775
UBE3A,0.7399529
SPTLC3,0.7399386
STRADA,0.7399165
RGS1,0.73990047
ZNF678,0.7398709
SMDT1,0.7398555
PDXDC1,0.7398242
TFB1M,0.73982084
PKD1,0.7397787
ST3GAL6,0.73977625
PGM1,0.73977387
OAZ1,0.739733
RPRD1A,0.73970133
NTM,0.7397008
TBC1D13,0.7396977
RPE,0.7396732
MRPS30,0.7396487
LIN7C,0.73957574
RRS1,0.7395688
ICAM3,0.7394954
PFN2,0.73948836
MOB1B,0.73942727
PLEKHA2,0.73938143
TBC1D15,0.73936343
RCC2,0.73936015
PACSIN3,0.7393442
NUB1,0.7393388
PNPLA2,0.7393341
PTPN12,0.7393108
SEMA3A,0.7392985
UBA3,0.73929286
NUP133,0.73928446
VPS41,0.7392785
TCEA3,0.73927003
SDSL,0.7392655
PRCP,0.73921525
TMED3,0.73921317
TPRN,0.7391976
PTBP2,0.7391834
ZNF84,0.7391789
TTF2,0.73914623
ZFP14,0.73911256
SPRY4,0.7391118
KCNC3,0.73909426
VMA21,0.7390939
SNTB2,0.73908484
IFI44,0.7390731
PTK2B,0.7390676
NIPSNAP3A,0.7390343
YEATS2,0.73896533
PHKB,0.73891985
PARD6G,0.73891836
RERE,0.7388697
TRAPPC10,0.7388503
TBCEL,0.73883796
ROCK2,0.7387893
ANGPT2,0.73878837
SNX5,0.73878306
MRPL21,0.7387767
NLRP1,0.73873854
RPL36AL,0.73872846
ZNF445,0.7386983
ZNF774,0.73869824
VCL,0.7386766
ZNF440,0.7386601
SRRM1,0.73861223
MRPL30,0.73858124
YIPF6,0.7385641
GNG11,0.738527
RPL13,0.7385244
NMD3,0.7385168
NDUFA5,0.73849475
SPAG9,0.73848087
MCRS1,0.73843807
RHOT2,0.73842436
PDE4B,0.7384189
RND3,0.73841727
SNX6,0.738366
PRKAG2,0.73834974
ZNF510,0.7383331
NR2C2,0.7383219
ZNF33A,0.7382955
TMEM179B,0.73829037
SAFB,0.7382867
LYPLA2,0.7382819
MAN1B1,0.7382695
POMGNT1,0.73824704
RAI1,0.73823583
UBAP1,0.7382194
RTN4IP1,0.73817796
RBL2,0.73816854
MRPS21,0.7381259
SERPINF1,0.7380875
FPR3,0.7380827
MRPL10,0.73804164
PAPSS2,0.7380288
ORMDL3,0.73801106
PCBP4,0.7380096
MLKL,0.7380046
PLEKHA8,0.7379947
SCYL1,0.7379914
TBC1D10B,0.7379875
OLA1,0.737978
RRM2B,0.7379656
TMEM107,0.7379571
SGK3,0.73792815
PACSIN2,0.73792607
RSU1,0.73791385
RNF24,0.7378955
UBE2E3,0.7378887
RORA,0.7378777
RPP30,0.7378732
PDE8B,0.7378402
RPL18A,0.7378225
LPCAT3,0.73781663
RNF139,0.73780215
RAB21,0.7377922
MRPS28,0.73777467
PI4K2A,0.7377638
NSDHL,0.73772967
NAPG,0.73770934
PGAM1,0.73770887
TADA2A,0.73769605
RAB20,0.7376874
NAPEPLD,0.7376794
RPSA,0.7376682
TNKS1BP1,0.7376335
RDX,0.7376128
SUPT16H,0.7375926
PABPN1,0.73755044
METAP1,0.73753583
PKN3,0.7374896
AASDH,0.7374772
VPS8,0.7374707
RBFOX2,0.7374678
SEC61A2,0.73746616
PPIB,0.73746365
UBAC2,0.73746145
PIK3R4,0.737427
PYCR1,0.7374262
SDC3,0.7374036
IL16,0.73738897
PPP1R3B,0.73737913
SEC61B,0.73735815
NEU1,0.7373511
P2RY11,0.73729366
SUGT1,0.7372835
TMC6,0.73725146
MLF1,0.7372497
SLBP,0.7372371
RNF8,0.73721844
ZNF431,0.7372129
ZNF680,0.73721236
RNF34,0.73719114
UNC119B,0.73718506
THRA,0.7371581
MATK,0.737151
MYADM,0.7371362
UPF3B,0.737127
TAZ,0.7370968
XRN1,0.7370829
HOXB3,0.73705626
SEC61A1,0.73702055
TMOD1,0.7369785
TMEM216,0.7369714
RPL27,0.7369587
NELFB,0.73692983
RUFY1,0.7369178
TM6SF1,0.7368765
ZNF136,0.7368746
RPL13A,0.73687404
SLC30A1,0.7368637
PTDSS1,0.73686194
XPO4,0.736855
PGM2L1,0.7368192
RELA,0.7367817
SLC16A3,0.7367682
SENP2,0.7367471
MRPL34,0.7367041
RNF20,0.7366926
POLL,0.73667604
PCNT,0.7366707
KLC4,0.73661035
RPS27,0.7365837
WDR6,0.7365778
PPP1R12C,0.7365705
ZFYVE16,0.73654896
NECAP2,0.73653847
ZNF180,0.7365371
SNRPG,0.7365359
STXBP4,0.7365282
ZNF564,0.73647887
RASA3,0.7364739
PKP4,0.73643637
PTRH2,0.73643184
PREB,0.736426
VPS11,0.73642194
SLC25A24,0.7364028
NEDD4L,0.7363955
SUPV3L1,0.73639536
RAPGEF4,0.7363855
PLXNA3,0.7363846
MUC3A,0.7363716
TOMM40L,0.73635167
KIF27,0.73632693
REEP4,0.7363242
RMDN3,0.736313
UBXN6,0.7363089
PA2G4,0.73626816
TRIP12,0.7362646
RALGAPB,0.7362074
SERP1,0.7362003
MOCS2,0.7361937
PRKAR1B,0.7361724
STK38L,0.7361449
ZNF207,0.7360917
SYTL2,0.7360643
TCP1,0.7360554
OAS2,0.7360545
NOP16,0.73605233
SEC24C,0.73604506
PKM,0.7360439
SORD,0.7360388
RBM25,0.7360082
TRIP6,0.7360029
MED14,0.7359821
STX10,0.7359652
TARS2,0.735959
MAK16,0.7359473
ZNF670,0.7359458
ADCY4,0.7359394
F3,0.73588127
PPFIBP2,0.7358738
UBE2T,0.7358632
PSMD2,0.7358436
RAD54B,0.7358394
RAB27A,0.7358362
MLYCD,0.73583263
UNC119,0.7358277
TNFRSF10B,0.7358191
TBPL1,0.73581266
USP3,0.7358085
MMP15,0.7357831
ZNF100,0.7357806
RNF11,0.73577803
TTK,0.7357136
NFIA,0.7357064
IDH3G,0.7356726
RPS4X,0.73566055
PAFAH1B3,0.73558456
NOL10,0.7355664
NCLN,0.7355607
RAVER1,0.73555917
NUP37,0.7355491
ZNF711,0.73554254
OSGEP,0.7355332
TAMM41,0.73552847
VAV3,0.73550564
PEX6,0.73549354
ME3,0.73548216
PRR12,0.7354262
MPHOSPH8,0.73540145
USP15,0.73537964
PIGL,0.7353748
RANBP3,0.73537374
PHLDA1,0.7353732
RAB11B,0.735352
PSME4,0.73534495
RPL7L1,0.7353331
RRP15,0.73532355
PPP1R11,0.7353165
HK3,0.73530036
NDUFB8,0.73524815
SDF2,0.735246
YBX3,0.73522013
SPTAN1,0.73521894
ZNF641,0.73520577
PIGM,0.7351858
PSME3,0.7351256
MCM6,0.7351164
SMC6,0.73510295
SREBF2,0.7350953
POLA1,0.7350861
PUF60,0.7350849
TNKS2,0.735064
PLCL1,0.73505163
RNF185,0.735039
RAB1A,0.73501897
ZNF300,0.7350131
SRD5A1,0.73499686
S100A6,0.7349812
PAN3,0.73497564
NUBP1,0.73496735
STARD13,0.7348832
ZNF460,0.73486406
OTUB1,0.7348498
PNP,0.73484653
INTS8,0.73484254
UBA2,0.7348379
THOC5,0.7348091
NDUFA3,0.7347859
RCCD1,0.7347799
KIF21B,0.7347798
RAN,0.73476386
TNS3,0.7347484
SEC16A,0.7347355
SHMT1,0.7347309
TUBD1,0.7347274
WAC,0.734715
RNF217,0.7346412
YARS2,0.73457605
RBM14,0.7345434
USO1,0.7345427
HNRNPLL,0.7345339
TRAK1,0.7345248
TFDP1,0.73452
ST3GAL3,0.7344974
SLC44A2,0.73448056
SNRNP70,0.7344673
NRP2,0.73441964
PSMD1,0.7344104
TOR4A,0.734404
SCUBE2,0.73440075
MRPL1,0.7343663
ATP2A1,0.73434204
PPP2R1B,0.73433924
PSMB7,0.73431563
RPL24,0.73431015
SNRPD1,0.73430145
PDPR,0.73429257
TRMT6,0.73426926
SMG5,0.7342467
SPAG16,0.7342369
WDR83,0.734185
VCPIP1,0.7340974
UBR4,0.73408246
SSBP3,0.73407567
RACGAP1,0.7340475
STK25,0.7340473
RIC8B,0.7339938
PHF8,0.73398715
HENMT1,0.73394907
TPK1,0.7339324
WDFY3,0.73391956
PLXNB2,0.7339191
MFAP1,0.73390526
PDE1A,0.7338664
PLRG1,0.73381656
TOR1AIP2,0.7338132
HARBI1,0.7338063
PDK3,0.7337796
RAD51AP1,0.7337321
PPP1R14B,0.73371804
PRKCH,0.7337055
PIK3R6,0.7336995
RNF138,0.7336953
AKAP8,0.7336889
RPS8,0.7336784
MRPS9,0.7336705
TSR1,0.73364824
ZNF567,0.7336255
PPP3CA,0.7336198
PPP2R5A,0.7336161
REC8,0.7335696
ZNF562,0.73350984
SORL1,0.7335046
PCDH1,0.73347926
BMI1,0.7334704
MIDN,0.73346466
TUBG2,0.7334573
SREBF1,0.7334561
RPL23,0.7334442
SNRNP200,0.73342746
NIPSNAP1,0.73341507
TPCN1,0.73340094
TAF1B,0.73339736
RASSF1,0.7333696
RHOBTB1,0.7333388
USP6NL,0.73331684
IFIH1,0.7332544
TUBGCP4,0.73322916
PBX3,0.733185
S100PBP,0.73314387
USP20,0.7331299
USP25,0.733109
PPFIA1,0.73308474
SDCCAG8,0.7330553
LNX2,0.7330534
SCO1,0.73304254
SMARCAL1,0.7330273
UIMC1,0.7330113
MED28,0.7330032
MRPS31,0.73297805
TPCN2,0.7329666
ST3GAL2,0.73294675
PDHA1,0.7329223
PPP2R5E,0.73280054
SEC14L1,0.73279464
VPS25,0.7327707
RPL7A,0.7327282
AP4E1,0.732686
VPS26A,0.7326808
ZNF721,0.73267835
PRMT5,0.73267126
PRDX1,0.7326642
PSMB4,0.7326515
STT3A,0.7326268
RPS6KA2,0.7325708
PYGO1,0.73252475
WSB1,0.73251575
PLA2R1,0.73251045
SRSF9,0.7325012
SNIP1,0.7324574
RPL15,0.73243827
RAPH1,0.73243487
RRAGA,0.73243237
NUTF2,0.73242074
PAWR,0.73240256
HSD11B2,0.73239523
HPS4,0.73234415
ZNF254,0.73233443
UQCC1,0.7322992
SEMA3C,0.7322966
PPP1R7,0.73228043
SFI1,0.73226047
RANBP1,0.7322027
SCAMP2,0.7322024
PTPRJ,0.7321627
PRPSAP1,0.7321548
GNPDA2,0.73214686
RNGTT,0.73213845
TRAPPC8,0.7321083
TRIM2,0.7320959
SH3BP4,0.7320955
TRADD,0.7320749
TRAIP,0.73206687
JUND,0.7320547
RGS5,0.73205316
RPAP1,0.73203415
MAP3K9,0.7320138
PAQR5,0.73200977
RAB31,0.73198295
SNRPC,0.7319806
MICAL2,0.7319638
RPS20,0.73193043
PQBP1,0.73190063
THADA,0.7318909
NKIRAS2,0.7318741
TEAD3,0.7318476
TNFRSF10A,0.7318408
SIRT6,0.73183924
KAT2A,0.731839
SASS6,0.7317803
USP7,0.73175067
RRP12,0.7317449
UNC5B,0.7317303
PKD2,0.73172826
GSTA4,0.7317141
PBX2,0.731703
NARS2,0.731679
UBE2G2,0.73167855
NDUFB6,0.73162127
ZNF107,0.73159224
THAP4,0.7315884
BDKRB1,0.7315856
NCBP1,0.7315771
PLD1,0.7315654
ZNF480,0.7315615
NEK2,0.7315543
STRIP1,0.7315438
PFDN5,0.73151374
MAPRE2,0.73146194
WHAMM,0.73141336
PTPN7,0.73136836
IFT80,0.7313627
PHF21A,0.7313572
PSMB3,0.731342
SNX4,0.73132247
NDUFS1,0.7312852
WDR70,0.73128283
ZNF621,0.7312451
PLCB4,0.7312364
PGD,0.73121136
PTBP1,0.7312025
TBC1D20,0.73116994
TBC1D5,0.73116904
TSEN2,0.7311324
PRPF3,0.73112905
INTS12,0.73111224
TUFM,0.7310977
ZNF664,0.7310721
SPRY1,0.73102295
NABP1,0.731017
NLGN2,0.73099667
UGP2,0.730979
VAMP3,0.730979
NRCAM,0.7309573
TXNL1,0.73093426
PKP2,0.7309082
WRNIP1,0.7309013
PANK2,0.7308687
ZNF221,0.7308368
ORMDL1,0.73083645
PPP2CA,0.73081017
LIPA,0.73078126
WWC1,0.7307543
PUS3,0.7307068
POLRMT,0.7307042
SCARA3,0.73068404
STK4,0.730648
LRSAM1,0.7306298
PSMC2,0.73058313
TBC1D1,0.7305783
SIN3B,0.7305317
RRP9,0.73052675
TLN1,0.7305261
POLR3F,0.730523
USP28,0.7304635
SLC22A17,0.73042715
WDR43,0.7304163
ITGAE,0.7303891
UPRT,0.7303777
PDE7B,0.7303772
SPN,0.73036647
RNF103,0.7303475
BAMBI,0.73030025
TUBA1A,0.7302969
PCYOX1L,0.73027134
VGLL4,0.7302656
NHP2,0.73025554
SPATA13,0.7302423
SREK1,0.7302193
OPN3,0.7302174
MCM9,0.73015535
SLC12A8,0.73015064
TRIM32,0.7301307
TAOK1,0.7301298
GEMIN2,0.730033
TBC1D14,0.7300176
PDIA4,0.729992
MRPL40,0.729981
TNPO3,0.7299651
PLEKHG3,0.7299632
PAGR1,0.7299554
RPS6,0.7299484
PSMA5,0.72985274
RPL8,0.729795
RNF123,0.7297462
NRBP1,0.7297458
UBAC1,0.7297237
TULP4,0.7297142
MRPL45,0.7296811
ZMYND8,0.7296557
WNK1,0.72964835
SNAPC1,0.72962475
SBF1,0.7296197
PHYKPL,0.72958434
NUP205,0.7295725
SAP18,0.7295646
PKP1,0.72956216
ZNF354C,0.72955865
PKN1,0.72955483
SMC4,0.7295477
ARHGAP19,0.7295335
RYK,0.7294942
RPN2,0.72945267
TROAP,0.72944075
RPL27A,0.729431
PSMB8,0.7294048
ZNF519,0.72933847
PNPT1,0.7293256
SMURF2,0.72929883
PIK3AP1,0.72927576
TBC1D24,0.72924
PPP2R5D,0.7292253
ZNF266,0.72922516
VASN,0.7292115
ZCCHC4,0.72920233
TRMT11,0.7291691
RUFY3,0.7291649
PGAP3,0.7291563
TNFRSF1A,0.7291502
RSL1D1,0.7291442
PCDHB5,0.7291426
LMAN2L,0.7291056
ZDHHC7,0.7291016
RPS23,0.72909456
SOS2,0.729065
NOLC1,0.7290624
TM2D1,0.729059
MMADHC,0.7290332
PHF2,0.72901076
PDE4A,0.7290002
PPARGC1B,0.7289951
NME4,0.7289907
RPS9,0.7289884
NPTN,0.7289831
PATL1,0.7289737
ZNF385A,0.728966
SPSB3,0.7289521
PDCD6IP,0.7289504
TYW3,0.72893506
MDC1,0.72891265
PIH1D1,0.72889686
RNF41,0.7288778
NADSYN1,0.72883517
PITRM1,0.7288022
SSH2,0.72876203
PTMS,0.7287268
SLC26A6,0.7286742
RPL7,0.72864723
SMG6,0.72864676
UBE2W,0.7286323
INIP,0.7285668
SAMD8,0.7285569
TRIM25,0.7284975
RPL35A,0.7284633
PARVB,0.7284592
TPGS2,0.7284567
ZNF791,0.7283697
PRKAR2B,0.7283693
TRMT10C,0.7283129
ZC3H15,0.72828496
PEX2,0.72826827
SRM,0.72826225
RPS29,0.7282172
PDLIM1,0.7281984
ST3GAL4,0.72818965
ZNF592,0.72816885
RLIM,0.7281636
SEC63,0.72814304
PSAP,0.72813356
TOP3A,0.7280877
UNG,0.7280692
TMEM126B,0.7280621
RPS16,0.72805923
NES,0.7280277
RSL24D1,0.7279976
TUBGCP2,0.72798073
TRAPPC2L,0.7279585
SPTBN1,0.7279394
ARHGEF6,0.72790974
ZNF439,0.7278983
AP3M2,0.7278861
POP7,0.7278762
FAM20A,0.7278052
VKORC1L1,0.72779614
SCD,0.72777843
UCKL1,0.72776246
NUP155,0.727758
TANK,0.72774756
PTPN23,0.727643
WDR33,0.7276342
PAIP2B,0.7275495
RPL41,0.72753245
PDHB,0.72753096
TMOD3,0.72749966
MARVELD3,0.7274964
PAAF1,0.727487
STRN3,0.7274229
VIM,0.72741646
UBE2Z,0.72738373
UAP1,0.72738326
PPM1A,0.7273774
PARP12,0.72737503
SUMF1,0.7273484
TGFBRAP1,0.727304
RPS26,0.727287
RPAP2,0.7272708
IFT74,0.72723806
RALGPS2,0.72716945
PYCR2,0.72716284
ZNRF2,0.7271555
ZNF649,0.72713315
PPP2R5C,0.7271186
MRGBP,0.7270714
USP45,0.7270342
SPTSSA,0.7270185
NAA16,0.7270046
SIKE1,0.72700083
NOP2,0.7269943
TFDP2,0.7269801
LIG4,0.7269626
SMAD7,0.72694296
TAB3,0.72692364
PAFAH1B1,0.7269155
SH2B2,0.7268717
PNRC2,0.72684836
RPLP2,0.72682816
WDR5,0.7268278
UBE2R2,0.7268166
RAB12,0.7268076
NFASC,0.7268004
YWHAH,0.72679824
TK1,0.72679824
WASF2,0.72678226
TEP1,0.72670925
PHB,0.7266552
NKIRAS1,0.7266539
PSMC6,0.72664464
SEPHS1,0.72664106
XYLT2,0.7266369
RPL32,0.7266252
PAM16,0.726598
SF1,0.7265959
PTPRA,0.7265916
SRGAP1,0.72657067
IRF3,0.72651976
SNRPB,0.7264999
SGMS1,0.72649574
LSM2,0.7264893
UBAP2L,0.72644216
ZC3H13,0.72643834
ISY1,0.726384
HOXA10,0.7263494
RNF5,0.7263375
NAGPA,0.7263365
TBC1D23,0.7262835
TAF4B,0.7262446
PDGFD,0.72624254
LPCAT2,0.7262237
PSMA4,0.7262098
WDR4,0.7262064
TNFAIP8,0.7262031
SMAD6,0.7261721
KIFAP3,0.7261568
THOC6,0.72612554
RPL37,0.7260847
SPPL3,0.7260792
PIK3C2A,0.72607166
PHC3,0.7260707
TXNRD1,0.7260451
PMF1,0.726039
ZMAT2,0.7259976
ZNF527,0.72597057
UBXN7,0.725947
PRKRA,0.72592264
RPL11,0.72587365
SRRM2,0.7258701
PLAGL1,0.72583205
UBE3C,0.72581375
UVRAG,0.7257918
LRRC8E,0.7257368
PSMD7,0.7257327
RABGGTB,0.7257191
TXNIP,0.7257037
PRDX2,0.72570354
MFN1,0.72569937
TOR1A,0.7256711
CRAT,0.72559804
UPP1,0.72559726
NSMCE1,0.7255862
TNKS,0.725568
AAMP,0.7255265
SRI,0.72551197
SPIN1,0.7254804
RPL3,0.7254476
NFKBIZ,0.7254445
SYF2,0.7253754
UNK,0.7253698
RPA1,0.7253686
APOBR,0.725363
MFAP3,0.72536236
LAT2,0.7253613
TUBB4B,0.72536
RPRD2,0.72533
PPARD,0.7253016
PTGES3,0.72529864
SERGEF,0.72525007
USP48,0.72524655
PSMB1,0.7252265
NTPCR,0.725206
HAVCR2,0.7251856
TIMELESS,0.7251581
PSMC3,0.72515166
ZNF783,0.72515047
PSTK,0.72513473
SLC7A11,0.7251193
PPWD1,0.7251186
YIPF2,0.725102
PEMT,0.7250004
KIF5C,0.7249906
TSC22D3,0.7249895
PMEPA1,0.7249853
SIK3,0.7249833
TUBB6,0.7249649
RAP2A,0.72495836
IK,0.72495496
UBE2C,0.7249464
TRAFD1,0.7249174
PPP1CA,0.72487795
ZDHHC9,0.72482824
PRKCSH,0.72481716
RCOR2,0.7247935
ZRANB1,0.7247711
PHLDA3,0.7247474
ZFYVE27,0.7247439
SLAIN2,0.7247302
RTN3,0.72469515
RBMX2,0.7246604
XRCC4,0.7246322
MSRA,0.72462535
ZNF638,0.72462267
ZNF714,0.72462106
TAF9,0.72459114
ZBTB8OS,0.72457993
TACC1,0.7245404
TNRC6A,0.7245244
POLR3GL,0.72447085
NOL11,0.7244615
RNF7,0.724449
SKIL,0.72442466
SCAP,0.7244134
UST,0.7243938
MRAS,0.72438323
SLC3A2,0.7243717
MOAP1,0.724364
PRR5,0.7243464
MX2,0.7243404
STOM,0.7243344
VPS33A,0.72432953
TAPBP,0.7243056
ZNF765,0.72427076
STAMBP,0.7242607
ZNF548,0.7242569
PANX1,0.7242413
SURF6,0.7242263
PHKG1,0.72420466
PBDC1,0.7241816
ANGPTL4,0.72416407
PLEKHA7,0.7241594
UQCC2,0.72413296
WDR3,0.72412795
POGZ,0.7241126
RPL29,0.72408193
ZFYVE26,0.72406894
SUN1,0.7239983
SPI1,0.72399646
UGDH,0.7239415
SMURF1,0.723938
SMS,0.7239211
SNX3,0.7238985
VPS53,0.72388583
PDE8A,0.7238825
RPS3,0.72385466
MRPL51,0.72383535
RPS5,0.7238353
RNF216,0.7238259
ZNF700,0.7238074
SH3PXD2A,0.72378856
UBE2L6,0.7237214
VPS18,0.72371995
TRIO,0.72369736
SRPK2,0.7236817
MYO5B,0.7236648
TPI1,0.72366196
RFX3,0.72360915
MED7,0.72360486
RBBP4,0.72358185
TIMM13,0.7235746
MOCOS,0.7235513
IL17RD,0.7235487
SOD1,0.7235422
ZNF768,0.72350466
SF3B3,0.7234804
RSF1,0.72347355
WIPF2,0.72343814
PALMD,0.7234336
RPS11,0.7233137
RGMB,0.7232909
STUB1,0.7232617
WDR59,0.72325695
SSBP2,0.72324234
RABGAP1,0.72316605
POLD2,0.7231607
PIPOX,0.7231369
USP12,0.7231177
SCFD2,0.72309756
RGL2,0.7230914
ZKSCAN5,0.7230893
PAPOLA,0.72308165
TMED7,0.72303444
PEA15,0.72302014
PGRMC1,0.72288704
THOC2,0.7228515
TAOK2,0.72282773
SURF2,0.7228179
NR1H2,0.72278136
LMBRD1,0.7227803
TES,0.7227245
POLR3E,0.72270274
RPLP0,0.7226781
SMYD4,0.72264266
SPICE1,0.7226341
MED4,0.72263145
PSMD12,0.7226158
RPL26,0.7225268
SH3PXD2B,0.7224992
RPS27A,0.7224649
STEAP3,0.72242284
PLEKHA3,0.72240466
SPNS1,0.7223895
YWHAG,0.7223803
SNRPD2,0.7223639
PRKAA1,0.7223505
TRPS1,0.7223446
TAF1D,0.72232234
USP22,0.7223205
POLR2J3,0.7222961
PKN2,0.72226554
ZNF235,0.7221743
RAB30,0.7221488
NIF3L1,0.7221482
MGAT3,0.7221473
SLAMF1,0.7221194
PLEKHG2,0.7221022
CCR10,0.72208834
RPL23A,0.72205985
WBP1,0.72203434
STK3,0.7219734
PLD2,0.7219621
AP5S1,0.7219476
SMPD4,0.72192585
MAML1,0.7218964
SMARCC1,0.7218176
ZNF83,0.7218071
SRR,0.72179514
SNRPA1,0.7217158
SNRPA,0.72169495
RBX1,0.7216929
SNW1,0.72167546
STARD3,0.7216733
TGIF1,0.72164583
PIGC,0.7216453
TKT,0.7216348
TANC1,0.72162116
NUP62,0.7215966
SENP5,0.72157544
RGS10,0.7215522
PTPRM,0.72152925
ZNF586,0.7215232
XAB2,0.7215175
THOC1,0.7215152
ZNF493,0.72148305
PSEN1,0.7214584
SLC1A1,0.721455
SMC5,0.7214128
TTC7B,0.72141224
RRN3,0.7214056
RAB1B,0.72140354
OTUD7B,0.7213967
RNF181,0.7213492
UBC,0.72127086
KCNMB4,0.721253
PSMD5,0.72122073
SH3BP2,0.72120667
SCLY,0.72120535
RPS17,0.7212026
RIMKLB,0.7211982
ZNF770,0.72118133
ST8SIA4,0.72108644
SLC1A5,0.72092384
PKIA,0.72091395
GLE1,0.7208948
PSMB10,0.7208942
NR2C1,0.7208512
TSPAN14,0.7208511
POP5,0.7208172
TBX2,0.7207777
POLR2I,0.72074854
PSMD8,0.7207338
WDR35,0.7207289
SNF8,0.72072166
RHOT1,0.7206888
BGN,0.7206506
TEAD1,0.72059095
PPIG,0.7205417
ZKSCAN7,0.7205112
AACS,0.72050536
SAR1B,0.7204804
PANK3,0.72046494
PDCD7,0.7204342
CDKN3,0.72041255
PI4KA,0.7203967
AMPH,0.7203879
VPS4A,0.7203778
RAB4A,0.7203702
TIAL1,0.72036684
PBK,0.72035676
URM1,0.72035605
RPL19,0.7202647
GPATCH1,0.72024566
WDHD1,0.72022694
RPS13,0.72021884
USP47,0.72014403
SRCAP,0.7200489
VPS28,0.720047
SLC7A7,0.7199739
PIP4K2C,0.7199415
PPRC1,0.7199388
C12orf66,0.7199071
PTPRE,0.7198916
MID1IP1,0.7198686
SENP1,0.71986276
MRPS10,0.71980095
TALDO1,0.7197992
PRMT3,0.71973795
AP5B1,0.7197325
TIPIN,0.7196986
RGS16,0.71965086
TRPC4AP,0.7196365
ZNF337,0.71960366
S100A11,0.7195999
SYNE1,0.71952635
TM2D2,0.71943593
SAFB2,0.71941066
RPL21,0.71939975
ZFAND6,0.7193807
RPS2,0.7193433
SLC35A1,0.71933746
UBE2E1,0.7193046
SDC1,0.71928984
ZNF462,0.71926945
TIMP3,0.71926904
WDR36,0.71925765
SLC25A12,0.7192185
RRP8,0.7192163
UCP2,0.7191947
GCSH,0.7191474
MAP2K7,0.71914566
RNF2,0.71914476
SOS1,0.71907127
RPS15A,0.7190578
RPS19,0.71901315
TATDN2,0.7190056
SURF4,0.7189617
RNF111,0.7189527
TNRC6B,0.7189306
PWP1,0.7189249
SPDL1,0.71890664
SLC35E3,0.7189002
USP19,0.71887046
SLC39A1,0.7187897
RBM7,0.71875525
SRSF5,0.7187434
MCM8,0.71871513
RRP1,0.71866405
MRPL11,0.7186587
TTC21B,0.7186515
SNRPE,0.7186409
TRAPPC6B,0.718591
RPL34,0.71858615
WWP2,0.7185689
NAA10,0.71854275
UBE4B,0.71853805
NAMPT,0.7185285
SRSF4,0.71845347
PDGFC,0.7184056
ZNF41,0.7184045
ZNF350,0.71839845
PTS,0.718288
HMOX1,0.7182462
TERF1,0.71817106
RHPN2,0.7181398
PLXNB1,0.7181022
LAMTOR3,0.71809506
RAP1B,0.71807003
SP3,0.71793985
PSMD3,0.71792746
POLG2,0.7178889
RAB8A,0.7178518
TSN,0.7178489
PTCD3,0.7177684
PTPN4,0.7177577
UCHL5,0.7177478
SPIDR,0.71772015
TPST1,0.71771485
ZNF841,0.7176904
SYNGR2,0.7176461
ALOX5,0.71763676
VPS52,0.71762884
SIRT3,0.7176279
PJA2,0.71759
NELFCD,0.7175683
VAC14,0.7174681
SCAMP1,0.71738696
SMARCAD1,0.71736735
MOK,0.7173647
UTP3,0.71730167
MIF4GD,0.7172861
TRIP10,0.7172834
PLAT,0.71723706
KBTBD7,0.7172041
ST13,0.7172032
SOAT1,0.7170977
PAPSS1,0.7170743
STARD10,0.71701455
PRPS2,0.71700567
TRIM44,0.7169917
TUBB2A,0.71698433
PTTG1,0.7169413
SPDYA,0.7168556
SLC25A17,0.71685374
TCTN3,0.71682787
RAD9A,0.71681654
ZMPSTE24,0.7167862
YBX1,0.7167856
ZNF443,0.7167552
PAN2,0.71675414
PCGF2,0.71674687
PFDN6,0.7167364
TYW1,0.716734
NCK2,0.71672577
RAB9A,0.71667075
RHBDF1,0.71664524
STX17,0.7166422
TMSB4X,0.7165953
ZNF546,0.71658504
F13A1,0.7165766
TRIM28,0.716573
SBF2,0.7165054
NPR1,0.7164857
GLS2,0.7163901
PDXP,0.71638614
PRPF18,0.7163701
SUPT7L,0.71634847
YKT6,0.7163444
VAMP4,0.7163093
MTSS1,0.7163007
RNF114,0.71628296
STIM1,0.71625173
UBR1,0.7162147
PDRG1,0.71619767
STX7,0.7161763
WDR62,0.716157
SORBS1,0.7161505
MYH14,0.7161315
USP32,0.71611035
VPS54,0.7161034
ZCCHC7,0.71609384
PLP2,0.71606565
TMED4,0.71601087
SHISA5,0.71597445
TPX2,0.71593225
ZNF587,0.7159231
PLA2G12A,0.71589196
TAX1BP1,0.71587884
SRPK1,0.71587706
RGS12,0.7158634
SEMA6A,0.7158142
UBXN1,0.71580493
PIGQ,0.7157691
NEIL2,0.71576476
STIM2,0.71573865
UBE2G1,0.7157057
NUSAP1,0.7157053
SRSF11,0.7157049
ZFC3H1,0.7156197
ULK1,0.7155624
HSPA13,0.7155474
ASB2,0.7155472
PPP3CC,0.7155269
PPM1L,0.71546817
ZNF18,0.71546066
TMED1,0.71542007
REXO4,0.7154098
NFRKB,0.7153444
TUBA1B,0.715325
UQCRC1,0.7153081
TRAF3IP2,0.71526843
TRIM13,0.71523315
POLR2D,0.71517307
GDF15,0.71512306
RNF40,0.71512216
RPS18,0.71509737
SEMA4C,0.71509457
PDHX,0.7150314
SECISBP2,0.7150302
SOCS5,0.7150038
ZNF701,0.7150001
SKAP2,0.71499264
PMVK,0.71497226
RNF169,0.7149535
ROR1,0.7149499
SSR1,0.71492714
PRKAB2,0.7148548
SDCBP,0.7147489
PYGO2,0.71473664
TAF8,0.71465105
TBCB,0.7146082
TLN2,0.7145656
UBE2S,0.7145531
RPS21,0.7145411
PEX14,0.7145333
WBP2,0.7145238
VRK3,0.7144746
SLC39A7,0.7144636
TXN,0.71445423
PSMA7,0.7144462
ZNF710,0.71444035
VDAC2,0.71440077
TRAPPC12,0.71439886
U2SURP,0.71439624
PIWIL4,0.7143812
TMED2,0.7143488
ZWINT,0.71434015
VCP,0.71433675
TSFM,0.7143305
RPS12,0.7143246
SH2B1,0.7143039
PRDX4,0.71428615
TRAF3IP1,0.7142214
TP73,0.71422005
KIAA0513,0.7142102
ZNF776,0.7142087
SGMS2,0.7142039
SRP14,0.7141448
WDFY2,0.7141242
SCNN1A,0.71407425
LY86,0.71404195
RCC1,0.71403116
SLC25A5,0.7140148
SPIRE1,0.7139471
SCARB1,0.7138951
SMCR8,0.71387416
SCFD1,0.7138304
PLCE1,0.71378714
HSPA1B,0.7137091
SPOPL,0.7136937
RPL6,0.71368617
RIPK1,0.7135675
NSA2,0.71356237
TTI1,0.713556
SARNP,0.713534
YWHAB,0.7135175
TNK2,0.7134789
ORMDL2,0.713393
RRP36,0.7132946
NUDT16L1,0.7131917
TPT1,0.713132
UBN1,0.712957
RB1CC1,0.7129272
SPG21,0.7129238
RFX7,0.7129019
TARDBP,0.7128521
SERINC5,0.71281826
TOP3B,0.7128179
SGPP1,0.7127561
TUBB,0.7127542
ZNF326,0.71272355
APOBEC3F,0.712712
XPO7,0.712639
TBK1,0.7126235
ZNF516,0.7126043
USF2,0.7125723
SAE1,0.7125567
PHF11,0.7124395
RAB6B,0.7124069
TRA2A,0.7123254
TIA1,0.7123222
F12,0.71230966
VPS4B,0.71230817
UBA52,0.71229655
JAM2,0.71229136
RGL1,0.71225697
RWDD3,0.7122174
AAK1,0.7122137
RABL2B,0.7122032
ZNF808,0.71215826
XRCC5,0.7121166
PRPF40B,0.7120537
TOB1,0.7119371
ZMIZ1,0.71192205
OBSL1,0.7118943
STX6,0.71187705
PDCL,0.7118729
GMPR,0.71181625
SPTLC1,0.71175754
TMED10,0.711661
SNRNP40,0.7116235
UQCRC2,0.7116054
TRAP1,0.7115978
MRPS16,0.71155065
RAB5B,0.711529
RBBP8,0.71150076
USP14,0.711348
MR1,0.7113429
GAS2L1,0.7113152
PPM1B,0.7112864
SCAF1,0.7112835
YWHAZ,0.71127486
ZNF766,0.71125394
PCDH7,0.7112503
RPA2,0.71123314
SLC25A26,0.7112248
SH3D19,0.7111589
UQCRH,0.71111035
ZNF250,0.71107966
RBM4,0.7110425
SH3GLB1,0.7109678
HOXA5,0.7109645
TESK1,0.71095216
LMF2,0.7109496
ATP7B,0.7109232
SEL1L,0.710885
RNF38,0.710848
ZNF496,0.710847
CTSO,0.7108067
LMBR1L,0.7107361
SYNRG,0.7107063
SLC25A13,0.71069896
STRAP,0.71062535
TBC1D2,0.71061426
TAF5,0.710556
RCOR1,0.7105523
PSMB9,0.7105039
SPSB2,0.71049374
APOL1,0.7104758
RPL38,0.710457
PREPL,0.7104567
PAIP1,0.7104421
SCMH1,0.71037483
SENP8,0.7103655
AMT,0.71033496
RGCC,0.7103349
TRIM69,0.7102775
RNASET2,0.71027684
SFSWAP,0.7102745
TPM1,0.7102563
USP42,0.7102396
TCERG1,0.7102275
RAB11FIP3,0.71019554
SRSF1,0.71016765
FAAH,0.71014315
NXF1,0.7101278
POMGNT2,0.7101073
SPG11,0.7100886
NFIL3,0.7100731
RCOR3,0.7100621
POLR1A,0.70999134
SLC11A2,0.7099839
SMCHD1,0.7098911
MICALL1,0.7098644
BATF2,0.7097707
SAT1,0.7097491
MSMO1,0.70974576
LPAR2,0.70972073
PIK3R5,0.7096973
TRPC1,0.7096801
TRIM3,0.7096618
RFX5,0.7095901
RAB11FIP1,0.70956093
MUL1,0.709554
PNKP,0.70954317
RTN4,0.70953697
PSPC1,0.7094809
SYMPK,0.7094558
ZNF212,0.70945466
RAB40B,0.7094539
UROS,0.70945305
TBC1D4,0.7093694
IKZF4,0.7092999
NELFA,0.7091627
UBE2M,0.7090871
PPP1R15A,0.7090678
XPR1,0.70906013
AP4M1,0.70899016
WDR91,0.708988
MCMDC2,0.70897514
UTRN,0.70894575
SIN3A,0.7089192
VPS37A,0.7089107
TEAD4,0.70887935
OASL,0.7088449
RCN1,0.7088377
TMPO,0.70882803
POLR3H,0.70882374
VPS37C,0.70878893
SRGN,0.708772
STAM2,0.708755
PDE12,0.7087334
UBXN2A,0.7086845
CD96,0.7086769
SNCA,0.7086586
SOCS6,0.70864785
PRMT1,0.7086421
SMAD1,0.7086135
TRIM26,0.7085612
LMOD1,0.70853454
XPOT,0.70852315
RAPGEF6,0.70849496
WDR46,0.7084696
YTHDF1,0.7084625
TFCP2,0.70846117
TST,0.70844465
ZKSCAN8,0.70842063
SLC15A4,0.70837015
WDR61,0.70830137
RHOBTB3,0.70829874
TP53INP1,0.70829177
STRN4,0.7082263
PRPSAP2,0.70809996
SLC30A6,0.70808053
TNIP2,0.70791906
SSR4,0.7079166
ORC4,0.70785123
UBQLN4,0.7078307
FCGR3A,0.7078204
RPL10A,0.7077715
RGS17,0.7076922
ZC3HC1,0.70765585
ZNF274,0.70755637
MRPS26,0.707527
PPP3CB,0.70734626
EFNB1,0.70732266
SNAP29,0.7073219
ZNF81,0.7073196
PCSK6,0.7073192
LIPG,0.7072986
PELI1,0.7072079
SUPT3H,0.70720243
ZNF622,0.7071708
SRSF6,0.707136
YWHAQ,0.7071164
TRIM37,0.70711446
SMARCA5,0.7070903
SEC11A,0.7070712
PFKFB2,0.70706856
SNX17,0.70705116
TAF3,0.7070114
STK35,0.7069187
WNT5A,0.70688874
RNF220,0.7068132
UNC13D,0.70679826
USP33,0.70675856
PPP1R8,0.7066683
SCD5,0.7066583
PIGO,0.7066287
ZNF780A,0.70658314
TBC1D10C,0.706578
PFKL,0.70654196
WBP11,0.70646757
LRP4,0.70644575
UBE2K,0.70640516
ZFR,0.7063657
SNRPD3,0.7063069
PPP4C,0.7062941
SUMO1,0.70625055
TGFBI,0.70621663
AGMAT,0.7060698
TWF2,0.70595
PYGB,0.7058094
SPARCL1,0.7057148
RPUSD4,0.70566726
PGM3,0.70565444
METTL21A,0.7056386
UTP6,0.7056219
RPL12,0.70556235
TUBA1C,0.70556194
ZNF3,0.7055184
PSAT1,0.7054924
SLC4A2,0.7054878
SEC13,0.70530754
OPA1,0.7052904
PER3,0.70517254
RAB18,0.7050631
ZNF543,0.70504636
USP9X,0.70500267
SUPT20H,0.705001
RNPS1,0.7049144
USP34,0.704864
STXBP3,0.7048342
PHAX,0.7047705
ZNF131,0.70476526
PTPRF,0.70474565
RAD1,0.70470357
RFC1,0.70444244
TICAM1,0.70439446
PRPF4,0.7043877
SLC1A3,0.704307
USP37,0.70429665
LRG1,0.7042331
SF3A1,0.7042273
RAB6A,0.7041801
KREMEN1,0.7041771
GRAP2,0.70415485
NXT2,0.7041474
ZNF143,0.7041277
NIPA2,0.70410806
TAF7,0.70408785
RAB33B,0.70408666
REEP3,0.70407856
WDR81,0.70404565
RASA2,0.7039537
TSNARE1,0.7039344
PIAS4,0.70389146
PRKACB,0.7037529
SIL1,0.70374995
SPSB1,0.70370424
MRPS36,0.70358247
RALY,0.7035757
QTRT1,0.70355594
STARD3NL,0.7035238
MED9,0.7034971
SPCS3,0.70349455
UHRF2,0.70347667
MPP2,0.7034427
RAB25,0.7034396
PIF1,0.7034124
NCKAP1L,0.7033164
TRAPPC6A,0.7033135
SRSF10,0.70328605
RCHY1,0.70320797
ZER1,0.7031936
TP53BP2,0.70310616
SDC2,0.703029
SMAP1,0.70296246
RIOK3,0.7029504
SRSF7,0.70287734
WDR45,0.7028652
TMEM97,0.7028571
SHC1,0.70282686
SLC27A1,0.7028205
PGAM5,0.7027957
RBBP7,0.7027166
SKA2,0.702655
RBMX,0.70263183
TELO2,0.70260537
TNFRSF1B,0.7025651
ZNF814,0.70250857
XPO6,0.70248103
WDR18,0.7024625
TMED9,0.7024304
PHC2,0.7024278
MTMR7,0.70242614
RNF125,0.70239526
RANGAP1,0.70239264
RXRB,0.7023837
TRIM23,0.702361
NIP7,0.70235425
XRN2,0.70229995
TRPV2,0.7022679
TRAM1,0.7022308
TINF2,0.702185
UBE2F,0.7021755
ALS2CL,0.7021376
ASAH2,0.70213443
RPL31,0.7021289
REPS1,0.70210767
TP53I3,0.7021005
PIGP,0.70209086
SIPA1,0.7020647
RBM5,0.70197237
SKP1,0.7019556
UBE2V2,0.70194685
TXN2,0.7018804
MFSD10,0.70185065
NDUFAF5,0.7017852
TCIRG1,0.70178485
LIPT1,0.70177174
FBP1,0.7017635
TMBIM6,0.70174164
TAF2,0.7017382
SNAP23,0.7017243
BBS5,0.7017121
RUSC1,0.7015902
OMA1,0.7015502
UHMK1,0.70151156
ZNF45,0.7015017
IGFBP6,0.70145446
RCAN1,0.70145404
SPTLC2,0.70143574
SSBP4,0.70140177
MRPL50,0.7013614
SLC25A38,0.7013571
TARBP2,0.7013106
SUCLG1,0.70130736
RAB34,0.701212
STK24,0.7012094
RTCB,0.7011946
WDR82,0.70116735
FAM220A,0.7011243
SF3A3,0.701097
IFT20,0.70104384
ATP2A3,0.700924
LGI4,0.70089275
ZFP1,0.7008896
ST6GAL1,0.7008501
ZNF473,0.70070183
SSU72,0.7006893
PRMT7,0.7006848
TIMMDC1,0.70067906
UBE2I,0.7006405
TRA2B,0.7005801
ZNF90,0.7005744
ZNF394,0.7005044
ZNF708,0.7004337
SRP9,0.7003793
VDAC1,0.7003221
SEMA4A,0.7002645
TRIOBP,0.7001431
STK11IP,0.7001404
TRIM21,0.7000773
PRMT6,0.7000237
TCTN1,0.6999437
RAB8B,0.69985825
TAB1,0.699833
MTO1,0.699808
TEX264,0.6997794
PNPLA4,0.69976866
PURB,0.6997174
ZNF74,0.6997062
PDPN,0.69970113
RAPGEF1,0.69968724
PSMD4,0.6996574
SKAP1,0.69964886
SUPT5H,0.6996358
PSMD10,0.6996037
TTYH3,0.6995899
SH3KBP1,0.69957197
RCSD1,0.6995192
AQP1,0.6995057
EGR3,0.6994996
OAS3,0.69949377
ST3GAL1,0.6994695
ZDHHC17,0.6993883
TTC12,0.699373
TUBGCP5,0.69932854
MRPS12,0.6993187
VCPKMT,0.6992022
UBA6,0.6991412
U2AF1L4,0.6990202
RPL28,0.6990027
ZNF530,0.698992
RSRC1,0.69899094
NPHP4,0.698967
UBE2E2,0.69894814
LRR1,0.69892764
RBP1,0.69888663
PRPF38A,0.6988759
HSD17B7,0.6988272
RBM17,0.69881755
LYZ,0.69881165
TRPM7,0.69879806
SEMA3F,0.6987508
PCDHB15,0.69870406
PPCDC,0.6986752
SWI5,0.6986586
SPR,0.6986128
SUOX,0.6985795
PRC1,0.6985742
WARS2,0.6985634
RFFL,0.69855255
B3GALT4,0.6985214
PIGV,0.6984578
POLD3,0.69842464
PLD3,0.69834113
ZNHIT1,0.69833636
ZNF160,0.6983257
ZMAT3,0.69829446
LTB4R,0.69829345
SHROOM3,0.6982576
PGAP1,0.69818676
ATP6V1E2,0.6981072
TAF9B,0.69810045
SP1,0.6980628
UBE2D3,0.69801563
IRAK3,0.69794106
TBCD,0.6975339
TIAM2,0.6974956
TDRD7,0.69747126
TDP1,0.69740486
TOMM7,0.69739497
SPIRE2,0.6972972
ZNF264,0.6971187
SRRT,0.69711304
ARL4A,0.69707227
TIMP2,0.6970634
TMEM147,0.6970516
TRIM62,0.6969819
RFC2,0.69694006
RABGEF1,0.6968492
TEAD2,0.696797
QSOX1,0.69670576
SV2A,0.69668853
UBIAD1,0.6966797
SURF1,0.69667757
SLC2A3,0.69665545
TPD52,0.69658995
SEMA4F,0.6965734
PRDM4,0.69656605
ZNF544,0.69655234
MAN2A2,0.6964625
PLK4,0.69635975
PIGG,0.69635075
PSMA1,0.6963021
RNF130,0.69629407
SERPINH1,0.6962335
UBE2H,0.69621915
RPIA,0.6961693
KRT5,0.69615597
ZNF573,0.69604665
TTF1,0.6960238
ZNF691,0.69601834
RIN1,0.6959845
TGM1,0.69598067
WNT5B,0.69593596
ZNF684,0.6959301
POLR2K,0.6959188
YTHDF2,0.6958918
PLOD2,0.69586474
INO80B,0.6958367
NOL7,0.69578445
TADA1,0.6957668
TXLNG,0.69567645
IL2RA,0.6955893
TM7SF2,0.69549054
PLEKHG5,0.695457
STIP1,0.69538313
NAA35,0.6953288
RPL26L1,0.69532233
UTP18,0.695294
RBM8A,0.6951744
GLIPR1,0.69500434
SPAG5,0.69486254
SLMAP,0.6947569
PGAP2,0.6946906
SETX,0.69467926
RABEP2,0.6946561
ZNF347,0.6945979
SENP6,0.6945355
TXLNA,0.6944666
VTI1B,0.69444954
CD5,0.6944411
NR5A2,0.694419
ZRANB3,0.6943983
SDHAF1,0.69434303
PIGB,0.69434106
RIOK1,0.69404787
ZNF528,0.6936912
RHBDD1,0.6936602
NEK8,0.6936403
METTL14,0.69360703
PDZD11,0.69358027
XPO5,0.6933738
ZNF611,0.69329095
PITPNM1,0.69316953
SLC25A3,0.6931069
YME1L1,0.69299155
SRP19,0.69297194
POFUT2,0.692894
RPS3A,0.6928691
SHPK,0.69284624
ZNF607,0.6928353
C1orf162,0.69283104
TNIK,0.6925696
SRA1,0.6924177
RARG,0.6921994
RUVBL1,0.69213176
C3,0.69203746
VPS51,0.692036
UPF3A,0.6919912
SLC35B2,0.69198424
WIPI2,0.691912
QRSL1,0.69173807
ZNF687,0.6916452
SLC27A5,0.691576
PLCD4,0.69154644
CACNA2D2,0.6914549
TIMM8A,0.6913972
ZNF506,0.69122344
LRFN3,0.69119805
UGCG,0.6909948
STON2,0.6909908
TBC1D17,0.69097507
ZMIZ2,0.69097215
ITGAX,0.6908932
SLC9A3R2,0.6906976
TRIM56,0.690648
BAG2,0.6906452
ORAI3,0.69063073
TOMM20,0.6906188
RAD23B,0.6904666
PPP4R1,0.69043964
ZNF813,0.6904249
PIGT,0.690397
VMP1,0.6902582
SEC23A,0.6902446
ZNF593,0.6902293
TRUB2,0.69022876
RASSF8,0.6900753
SSH1,0.6900695
RBM28,0.69006807
PSENEN,0.689963
SECTM1,0.6898635
PJA1,0.68983567
LDHD,0.68982905
TBL1X,0.6898252
LYPD3,0.68978226
SHPRH,0.6897143
HSPB2,0.68967885
NLRC5,0.6896659
SIK2,0.6896317
UFC1,0.6894799
SEH1L,0.6891806
USP4,0.68907416
NAIF1,0.6890345
LRPAP1,0.68902975
STX16,0.68902254
SLK,0.6887491
ZNF566,0.688699
MTMR6,0.68852115
PMPCA,0.6884717
NDUFA1,0.6883727
SUPT6H,0.6883096
CARD9,0.6882907
MIEF2,0.6882729
CD38,0.68825394
TRIM22,0.6882198
VPS35,0.68810964
BBS12,0.6881091
NR1D1,0.68808573
PPP3R1,0.6880815
TNPO1,0.68807095
SERINC3,0.68805176
ZNF318,0.68793607
FRS3,0.6878703
ZNF91,0.68772924
NAPA,0.6877138
TJP2,0.68732727
TTBK2,0.687307
UNC13B,0.68722254
SNX8,0.6872125
TRPC6,0.6872051
TAF4,0.68710893
VIPAS39,0.6871035
UQCRFS1,0.68701494
PLTP,0.68698746
SMG7,0.6869698
ZNF195,0.68691283
PTAFR,0.6868812
PEX26,0.6868537
CAMK1,0.6868294
RASSF6,0.6866945
TMEM258,0.6866483
WDR11,0.6865455
VAMP8,0.6864154
SLC9A1,0.6864128
VAPA,0.6863848
PRX,0.686179
VPS36,0.6861781
PGGT1B,0.68614405
WASF1,0.6861115
ZP3,0.6860765
ZNF692,0.6860709
SMAD9,0.68597734
SCN1B,0.685971
ZNF416,0.6859609
USP39,0.6859003
PLS1,0.6857886
TRAF4,0.68577045
ZNF317,0.6857529
PCGF1,0.6857277
TRMT1,0.6856065
WBP4,0.68556327
TNPO2,0.6855496
SPCS2,0.6853767
RFX2,0.6853717
TSPYL2,0.68529844
VAMP2,0.6851818
SHARPIN,0.68503153
LIPE,0.68501717
RHOB,0.6850089
ZNF550,0.68495786
UBFD1,0.68492746
RBM45,0.6848862
RBBP6,0.68478453
TAF6,0.68458277
WDR26,0.6845265
ZDHHC2,0.6845209
MRPL44,0.6845029
UBXN4,0.68417585
STK38,0.68410987
AAAS,0.6839714
UXS1,0.6838021
TRERF1,0.68377703
ZW10,0.6837633
SLC27A2,0.6837199
USP16,0.68369377
VASP,0.683576
ZNF398,0.6835324
TCTN2,0.6834226
TUBGCP3,0.6834104
URB2,0.68331975
TRIM14,0.68331385
MRPL53,0.68328553
SEC24A,0.6832666
UQCR11,0.68307525
PDLIM2,0.6830257
SPAG7,0.6829036
GPNMB,0.68278235
CACNA2D4,0.6826089
RAB11FIP5,0.68257225
PPAT,0.6825465
YEATS4,0.6824756
THEM4,0.6824682
ZMYND11,0.6822751
TRIP4,0.6822454
TCEA2,0.68216294
POLR2C,0.682126
PIP5KL1,0.6820602
TCF7L1,0.68200797
UBL4A,0.6820016
OCLN,0.6818529
USP11,0.6818233
LZTS3,0.68175334
ZNF485,0.6816234
PEX11B,0.68157655
STX18,0.6815699
RUVBL2,0.68153006
MYLK4,0.6814218
ZC3HAV1,0.6814161
THY1,0.68135947
STOML2,0.6812997
UFSP2,0.68129575
MSX2,0.6811681
USP24,0.6810275
TTLL12,0.6809132
UTP14A,0.6808476
TSNAX,0.68079215
NME3,0.6806836
TSEN34,0.680467
USP5,0.68025714
SYT7,0.6800614
PSMB5,0.68003017
RIC8A,0.6799581
RAB11FIP4,0.6798296
PRKAB1,0.67977
PODXL2,0.6797295
POLE3,0.67970794
ZNF304,0.6794652
SYDE2,0.67940557
SPRY2,0.67934906
RASGRF2,0.6792884
MRPL27,0.679217
SEMA4G,0.67916656
FZD2,0.67914075
VAPB,0.67912006
SQLE,0.6789702
UNC93B1,0.67888445
RCL1,0.6787508
CBX8,0.678747
BEST1,0.67868984
UBE2Q1,0.67852265
UTP14C,0.6782987
PCDHGA6,0.6782075
PARVG,0.67810774
PDCD10,0.6780608
BHLHE41,0.67781746
ZIK1,0.6777444
SSB,0.6777176
SCIN,0.6775817
ZNF282,0.6775509
USP10,0.6774336
OSMR,0.67733186
PFAS,0.677186
ZNF823,0.6768024
RHOQ,0.6767303
SAT2,0.67655927
ZNF92,0.67633855
PCSK5,0.6763004
ZNF354B,0.6761744
RTKN,0.67605865
NR2C2AP,0.6760445
MATN3,0.6760258
ZNF34,0.6757679
SYNCRIP,0.67575365
WDR37,0.675723
TJP1,0.67554754
SOX4,0.6755439
STX2,0.6755182
SLC44A1,0.6755072
STAP2,0.6753606
UBE2B,0.6749727
UBE2Q2,0.67476064
STC2,0.67471296
ZNF671,0.67468077
NDUFAF7,0.6745542
TIMM17A,0.67448187
UBE4A,0.6741959
ZNF43,0.673943
ZNF486,0.673905
NPHP3,0.67369324
C5,0.6735602
CARD6,0.67346007
CASP1,0.67325836
YIPF5,0.673035
TCF7,0.67291605
PIGF,0.67266226
ZNF227,0.67265433
REPS2,0.672653
TTC26,0.67233545
PPP2CB,0.67230004
SF3B5,0.6721411
TMEM50A,0.67195773
RALGAPA2,0.67195517
TECR,0.6719463
RANBP10,0.6716006
TMOD2,0.6714669
RAP1A,0.671433
LAG3,0.67137295
NOP10,0.6713357
TRAPPC3,0.6709992
VEGFB,0.6709745
VPS37D,0.6708954
SPTBN2,0.6707955
TFAP4,0.67068714
ZNF500,0.6703123
RANBP9,0.6702847
SART1,0.67027384
RFC3,0.6702057
PPIH,0.67016673
CNGA1,0.6701583
PRKX,0.67015344
ZYX,0.6701483
SNRNP35,0.6699103
TXNL4B,0.6697535
KHK,0.6697108
TSPAN5,0.66946167
HTRA2,0.6694513
ZNF219,0.6694325
PTGES2,0.669406
RNF135,0.66937304
SIAH1,0.66931885
PTGER4,0.66931295
SOCS7,0.6689922
SMU1,0.668857
RANBP6,0.6688549
ZNF155,0.6688446
ZNF780B,0.6686444
UBLCP1,0.66862404
POLR2H,0.6684766
TNFSF10,0.66842395
SMPDL3A,0.66839594
POMT1,0.6683469
CD2,0.66831595
PPIL4,0.6682764
SKA3,0.66815984
TXNDC12,0.6681303
TGS1,0.6679611
SMYD5,0.66785717
WDR1,0.667673
CD163,0.6675945
ZNF558,0.66752887
WTIP,0.6674373
SUPT4H1,0.6673016
TPMT,0.6672217
SEPHS2,0.66716784
PHF12,0.6667768
SLC35B1,0.6667036
SLC7A8,0.66666615
RNF168,0.66653013
AAR2,0.6663784
PER2,0.66629416
SUMF2,0.6662689
PYCARD,0.6662678
ZNF418,0.6661564
UBE2J1,0.6661135
THAP7,0.66607326
REXO1,0.6659897
ZNF585A,0.6658022
ZNF76,0.6657077
HSCB,0.66539973
SNX13,0.6651114
SARM1,0.6649922
CD248,0.6649476
ZBTB17,0.6649374
TXNDC16,0.66489714
VPS39,0.66465575
SARS2,0.664603
PEF1,0.66448313
PTPN21,0.66442597
BTC,0.6642105
TECPR1,0.66412115
CD34,0.6640965
ZNF419,0.6640744
UBE2J2,0.6640056
ENPP2,0.6639125
NME2,0.66383004
ZNF26,0.6636215
MOCS1,0.66358155
ULK2,0.6635712
RBPMS2,0.66355824
RAB2B,0.66352564
SEMA5B,0.66351795
VRK1,0.663514
TRIM39,0.6633915
USP21,0.6631468
ZNF526,0.6630126
NAGA,0.66291904
SORBS3,0.6627905
STARD4,0.66268444
TMEM214,0.6626762
PLXNC1,0.6625387
VPS37B,0.6624363
TUBB3,0.6623573
RELT,0.66232646
TPRKB,0.66195184
WEE1,0.6618956
VAT1,0.66166586
ZFP90,0.6615245
TAF5L,0.66151005
NAT1,0.66136503
RAB5A,0.6609903
VPS26B,0.66086584
PRRT2,0.6607479
MTRF1L,0.6604756
CDK3,0.6603554
ZNF141,0.6602516
SULF1,0.65988696
SNAPC5,0.6598334
MAPK13,0.65962535
TTC27,0.6595895
TDG,0.65939385
LXN,0.6593786
ROCK1,0.6591064
SGCB,0.65909517
WDR55,0.658622
ZNF846,0.6584754
SNX2,0.6583078
ZNF17,0.6581699
ZFP36,0.657695
STK39,0.65768886
CDK5,0.6575149
PDCD5,0.65746707
EHD3,0.6574426
RMND5A,0.6571104
SPAST,0.6568078
RAB42,0.6567646
PTPRN2,0.65668535
SNX33,0.6566144
ZDHHC21,0.6563781
PAFAH2,0.65629923
TSG101,0.6561332
ZNF57,0.65551996
ITGA4,0.6551796
RDH10,0.655079
ZNHIT3,0.6548696
SEC22C,0.6546498
WASF3,0.65457606
PDCL3,0.654015
FOSL1,0.6539551
PCDH18,0.65348613
B3GNT8,0.6532317
TOB2,0.6530286
SLC44A4,0.6528391
CD4,0.6527168
RARS2,0.65262467
RAP2C,0.65241617
UQCRB,0.6522847
NAA30,0.65222573
SYTL1,0.65221363
POLR1E,0.65218395
CALCRL,0.65207267
SLAMF7,0.6520014
HOMER3,0.6513724
PSEN2,0.6512902
TYSND1,0.65125126
STARD8,0.65114635
UVSSA,0.6508505
PDK4,0.65055037
SWAP70,0.6500825
SEMA5A,0.65003693
CFB,0.64994466
STX8,0.64956665
YIPF1,0.6494168
KCNN3,0.6492348
OAT,0.64863276
ZNF423,0.648492
ZNF267,0.64834064
RNF25,0.6483328
CEACAM1,0.64831436
TIMM44,0.6483036
ZNF561,0.6482973
WDTC1,0.6481041
TBXAS1,0.64794666
TRIM38,0.64772224
TEX10,0.6475434
RHOU,0.6474169
SLC5A6,0.64737725
TSSC4,0.6471407
ZNF12,0.6470338
ZFYVE9,0.6464255
TTC5,0.64611906
CETP,0.6459826
ITGA8,0.6459106
SYNGR1,0.6456627
UBOX5,0.6456041
UNC5C,0.6454637
ZNF738,0.6453796
SGIP1,0.64523053
STX4,0.64518476
SH2D3A,0.6450086
USP46,0.64478076
RNASEH1,0.6445999
UTP20,0.6443494
STX5,0.6442661
TUBG1,0.644232
PDE5A,0.6442034
YIPF4,0.6440175
RNMT,0.64377546
MAFF,0.6434733
CHST7,0.64345634
SYNE2,0.6432368
CLEC2B,0.6431557
SLC12A2,0.6430843
TFIP11,0.6430268
TRO,0.64283663
SSH3,0.642826
SIRT2,0.64262843
NGFR,0.64254487
CHRD,0.64245033
RABGGTA,0.6423714
TAGLN,0.6419713
CLDN11,0.6413098
TNFRSF21,0.64118445
UBE2D4,0.64111584
PTH1R,0.64094883
TAF1A,0.6408649
TGFB1I1,0.64056534
CISH,0.64040583
POMK,0.6403849
SERPINB9,0.6399538
CLEC7A,0.6399059
SYVN1,0.6397421
RRM1,0.63946706
TRIAP1,0.63909346
RHBDF2,0.639021
CLDN23,0.63868845
SGSM3,0.6384123
TMEM186,0.6382002
RAP2B,0.6381606
CLIC3,0.6380998
MYO15A,0.63806534
YOD1,0.6377351
ZBTB33,0.6375358
SEC23B,0.6374911
SLC39A4,0.63748115
PCDHB10,0.6374675
ALG2,0.6374362
SEMA4B,0.63742244
ZNF202,0.637395
ETV7,0.63714653
TRIM41,0.6369414
SMPD2,0.6365868
VTA1,0.6355854
PRKCD,0.63533545
CMKLR1,0.6345398
NUFIP1,0.6344272
TRAPPC4,0.63413316
CHRNA10,0.633381
CMTM1,0.63333094
SMC2,0.6330427
ZNF569,0.6327952
SNAPC4,0.6326007
PRICKLE1,0.6322509
ZNF699,0.6321754
TNXB,0.6319606
TWF1,0.6315614
TBC1D16,0.63151973
PEX10,0.6308324
COL5A3,0.6306456
TGOLN2,0.63053346
ZNF549,0.63011354
SYNJ1,0.62987524
NDUFA9,0.62985057
MPND,0.6297425
TAF12,0.6296106
RCAN3,0.6286572
ZNF420,0.62743795
MRM1,0.62742823
ZNF490,0.62727296
COL6A3,0.627179
SLU7,0.62712526
SFN,0.6266263
SPATA2,0.62589335
RPP40,0.62551224
POGLUT1,0.6252514
UBE2O,0.6251901
ZNF175,0.62477756
ZNF605,0.6245422
UMPS,0.6243079
PI4K2B,0.623533
VANGL2,0.6227658
PLCH2,0.62263894
TRIM68,0.622273
THAP11,0.6217678
ZNF19,0.6209003
PRPF31,0.62085783
CPLX1,0.62072796
ZFP30,0.619805
RMDN2,0.619777
RASSF2,0.61858976
CSTA,0.61841625
NLRX1,0.6174802
TBKBP1,0.6167378
TRAPPC11,0.615776
CTHRC1,0.6154338
PPP1R3D,0.6151035
FUNDC1,0.6150546
RAC3,0.6146294
ZNF256,0.61458284
MAPK11,0.61444163
RPS6KA5,0.61431193
NRL,0.61424476
PDK2,0.61339957
SLC44A3,0.6133458
ST14,0.6128777
RAB24,0.6120321
CXCL16,0.61202043
STRADB,0.6118857
ZNF778,0.61185145
NDUFAF1,0.61135733
GBP4,0.6111774
PPID,0.61057323
SPAG4,0.61039287
CEL,0.6103415
CYSLTR1,0.6083041
RASGRP3,0.60749507
TCEAL1,0.60747117
PPFIA3,0.6067551
ITGA9,0.6067279
ZNF71,0.6066385
THAP1,0.6060928
RCE1,0.6057739
ZNF189,0.6030965
SNRNP27,0.6025401
TCN2,0.60231775
NTN4,0.6015761
CX3CL1,0.6015338
VLDLR,0.6012939
CYP2J2,0.601148
CYP27A1,0.600489
DCN,0.6003326
PHKA1,0.60027725
ZNF324B,0.6000827
CYP3A5,0.59907895
ZSWIM7,0.5986831
CYTH4,0.59754246
RNF14,0.59738415
TRAF6,0.5961041
MAP1A,0.594684
CXCL10,0.5942061
GBP1,0.5937817
SEC23IP,0.5935335
SLC27A4,0.5934286
CYP7B1,0.5931888
DES,0.5929621
MANEA,0.5914455
DISP2,0.5899219
DHDH,0.58947635
PSMA2,0.58615875
DPP4,0.58586234
SYDE1,0.58487487
TAF6L,0.5841931
SNTB1,0.58334804
XYLT1,0.58299595
TTC30A,0.5828046
ZNF557,0.58197075
ZNF197,0.5816303
UAP1L1,0.58121437
ING2,0.5810381
CXCL1,0.57984936
SRD5A3,0.5797269
DLL1,0.57934624
TRIM36,0.578554
RHOBTB2,0.5779459
HSPA1L,0.5769964
DCHS1,0.5757144
RING1,0.57407534
S1PR1,0.5736298
ECM1,0.5729357
EIF4E3,0.57263803
UCHL3,0.5725789
SPON2,0.57154566
ZNF674,0.5709764
TBC1D10A,0.5707044
VCAN,0.56989974
TNFSF13B,0.5694051
TRMT5,0.567518
NPRL2,0.5651536
TSPAN12,0.56411105
PTGS1,0.56208575
SLC35D1,0.561681
PORCN,0.56146955
NRN1,0.55509514
ZNF585B,0.55386823
FBXL22,0.5522028
RIPK2,0.54802966
WRAP53,0.5476025
RCAN2,0.54729706
SEMA6C,0.54661953
ZNF772,0.5439589
PTGER2,0.54250896
TLR6,0.54184407
MAP9,0.5400962
PPP2R3A,0.5368528
FCER1G,0.5362029
TOLLIP,0.5347516
CCR1,0.53456026
ZNF222,0.5320105
RNF128,0.5319802
ZNF470,0.53194755
ECE2,0.53178227
SPATA2L,0.53082573
SVIP,0.5290631
SLC40A1,0.5257525
PNPLA7,0.5257236
SETMAR,0.52533823
RAG1,0.5202117
PEX12,0.5201169
ZNF273,0.51954997
DUOX1,0.51627
SPTBN4,0.5152352
ZNF14,0.51435834
SMG8,0.51190406
SLC30A4,0.51177615
NDN,0.5115069
GNLY,0.5107171
TXNRD3,0.5090691
TBC1D7,0.50859976
EXOC3L1,0.5083684
PELI3,0.5081768
ZNF790,0.50761366
SEZ6L2,0.50756055
ITGB6,0.50748163
FOLR2,0.504683
GSDMB,0.5013261
PBLD,0.4980792
KCNH2,0.49539778
FUT2,0.49499232
SLC2A8,0.4948988
TEFM,0.49481568
RHOJ,0.49368823
MED11,0.48963884
SGPP2,0.48927635
PANX2,0.48605025
TFAP2C,0.48237088
RILP,0.4804446
GIPR,0.48000336
ZNF830,0.47765312
IL17RE,0.47745037
IL18R1,0.4761105
ZFP69B,0.47519425
ZNF467,0.4719928
NEB,0.4710823
SIRT5,0.46994635
GGT5,0.46516272
PLEKHG6,0.46356052
GBP5,0.462343
TMEM17,0.46232644
PMM1,0.4619688
ZNF468,0.4481431
MMAA,0.44481483
ZNF677,0.44085044
TBP,0.44073954
KTI12,0.43855035
MLPH,0.43521738
KCND1,0.4345711
TAF13,0.43375552
ZNF773,0.43234575
GPER1,0.43013602
GAB3,0.42995253
NDUFAF4,0.42576027
MAOB,0.4218603
MPP1,0.41338873
MS4A6A,0.41243038
HEY2,0.4099101
INHBB,0.4048193
PEX11A,0.4040507
HOPX,0.40339366
WDR5B,0.40301937
IL1R2,0.39968562
ROBO3,0.39607266
RPP21,0.3937614
ZNF615,0.3937258
RORC,0.39218503
RNASE1,0.39178473
ZNF135,0.39068112
HSPA6,0.38930893
TGFB3,0.38926816
ITGB3,0.3872643
LRRC6,0.38503847
RAB36,0.38403016
IL17RB,0.3833309
OLR1,0.38139585
GIMAP8,0.3810547
TRPV4,0.38080698
HSD11B1L,0.37643856
TFAP2E,0.3759193
SERPINF2,0.37540138
FDXACB1,0.3712269
LHX6,0.37084937
POSTN,0.36515668
PPFIA4,0.36102185
PCDHB3,0.35794842
TACO1,0.35769606
LILRB2,0.3532179
SNAI1,0.35293895
RNF113A,0.352717
SLC25A14,0.35147992
LRP2BP,0.35101792
TLR3,0.34410405
MSR1,0.3434922
S100A3,0.34271577
FPR1,0.3359772
S100A9,0.33210248
NDST2,0.33150655
TRIM45,0.32016551
SRPX2,0.31054747
LTF,0.3060616
ZNF225,0.30375534
RAMP3,0.3011636
PDE4C,0.2989726
GCNT4,0.2918219
PEX11G,0.29181322
TLR4,0.2870531
MMP28,0.2862192
SERPINB8,0.28306657
SLC4A11,0.2830545
RUNDC3A,0.282518
WDR31,0.2821592
USHBP1,0.2808193
NLRP3,0.2788642
LAT,0.2783336
NT5E,0.27825576
RASD2,0.27776098
WNT9A,0.2758562
PSD,0.27278554
ZNF442,0.27011797
STX11,0.2688112
MYH3,0.26155484
TUBA8,0.25341457
IZUMO4,0.24899276
TMEM176A,0.24419966
PLXNB3,0.240569
MAGEH1,0.2301121
ZNF69,0.21765292
RDH5,0.21142781
PDE1B,0.21112654
THSD1,0.2085258
STAC3,0.20366299
RASL10A,0.18981312
RGS4,0.16192964
ZNF132,0.14573334
RIPK3,0.14428847
SLA,0.14110501
TNFRSF10C,0.11851774
