Gene Name,Score
TRIO,0.983748
FTL,0.98293614
HMGA1,0.974761
RPLP0,0.97426015
TUBA1B,0.9403841
TPT1,0.9130253
RPL27A,0.86588776
RPL41,0.8624867
HNRNPA1,0.8581534
SMYD3,0.8354888
HNRNPC,0.8325742
PDE4B,0.82520634
RPS2,0.8196961
RPS6,0.8084552
RPL3,0.79636204
COL5A1,0.7893941
RPL13A,0.7812723
HSPA8,0.76915735
TEAD1,0.7664513
GALNT2,0.76584315
PGAM1,0.7658362
DDX17,0.7645623
FTH1,0.7520539
DST,0.7458966
DISP1,0.74444306
RPL15,0.7378561
EEF1D,0.72759694
EEF1B2,0.7273505
CFL1,0.7267603
CSDE1,0.7209851
EIF4G3,0.7206997
EIF4A1,0.7198961
CELF1,0.7171671
COL8A1,0.71643674
EHMT1,0.71545666
EFNA5,0.71296847
CTNNA1,0.71292496
TKT,0.7125081
PFN1,0.71066123
EIF3L,0.7088749
CS,0.7087627
DDIT4,0.7063805
CAMK1D,0.7042186
SRRM2,0.7039392
EIF4B,0.7029256
SDHAF1,0.7000215
GSE1,0.69898844
RPS8,0.69898725
EXOC4,0.6984848
FAF1,0.69764197
EIF4G2,0.69175106
TMSB4X,0.6903014
GTF2IRD1,0.6901794
FSTL1,0.68897885
HNRNPU,0.68878037
C11orf49,0.68801403
EBF1,0.6879818
CHCHD3,0.687722
CTBP2,0.6865884
RPS9,0.685745
CTIF,0.6854923
EHBP1,0.6852596
DCAF6,0.6848797
CNOT1,0.683292
DHCR24,0.6823674
GDI2,0.6811443
HDAC4,0.68080264
DDB1,0.6803371
FOXN3,0.68002295
CLASP1,0.6790599
CDC42,0.67880774
PRKCA,0.6777627
XRCC5,0.67729825
RPS11,0.6767318
DIAPH3,0.6764625
SCD,0.67490363
CMSS1,0.67422384
GATAD2B,0.6738042
NIPSNAP1,0.6731601
SEMA4A,0.6727948
RPL23,0.67240137
HDLBP,0.67203194
EIF5A,0.67114276
GNB1,0.6710856
DAB2,0.67097163
EIF4G1,0.67086965
SMARCC1,0.6705104
CUL4A,0.6702337
DIDO1,0.6693648
CYTH3,0.66895026
FADS2,0.66776264
HLA-E,0.6675292
PHC1,0.66741455
RPS4X,0.6668954
ENAH,0.66646296
CANX,0.66643256
DHX15,0.66636574
DPYSL3,0.6659798
HNRNPH1,0.66565865
HNRNPA0,0.665399
DGKD,0.6652281
CDK6,0.6646589
JARID2,0.6644436
PTBP1,0.6642579
FMNL2,0.66408056
MYO10,0.66395384
EDIL3,0.663721
RPL23A,0.66346663
EIF2S3,0.66329134
GRB10,0.66326994
PLEC,0.6626522
PSAP,0.66247624
SMG1,0.6619445
RPL8,0.66188055
RPS15A,0.661818
ILF3,0.6612723
DDX39B,0.6612148
ITGA4,0.66032064
PELI3,0.6603001
FXR1,0.6602063
RPTOR,0.66003644
PTMS,0.659913
FLNB,0.65957475
FAM13A,0.65948594
MACF1,0.658322
GOLPH3,0.6583075
SBF2,0.65798277
COA1,0.6579641
SSH2,0.6576827
OBSCN,0.65707135
POM121,0.6569703
PDE1A,0.6565041
MAD1L1,0.65632284
GLUL,0.6562207
HLA-C,0.65617394
ATXN1,0.6561647
CTDSP2,0.65616125
RPL26,0.65590453
RTN3,0.65567327
GPI,0.6555962
CBLB,0.6553571
DENND1A,0.655326
NONO,0.65491015
RPS5,0.65488565
GMDS,0.65481013
UBE2E2,0.65465677
PTK2,0.654531
MYL6,0.65417767
CAPZA1,0.65417653
PAICS,0.6541624
ASPH,0.654133
GJA1,0.65411353
RDX,0.6540778
COL4A5,0.65392995
UBC,0.65386283
RPS27,0.653854
ACTB,0.6537897
MRPL53,0.65376055
RPS16,0.65365225
SRP9,0.6536247
RPL7A,0.6536231
RPS17,0.65346974
MRPS17,0.65344274
RPL10A,0.653377
CPSF6,0.65335554
NR6A1,0.65332747
HERC4,0.65330905
PPP2R1A,0.65317816
RPS15,0.6528923
EZH2,0.65273064
RPL6,0.6526659
NR3C1,0.6525253
MRPS27,0.6524728
ELOVL5,0.6523668
KRT7,0.65234286
DCAF8,0.6521212
GLS,0.65206414
DIAPH2,0.6519848
FKBP8,0.65189874
FBL,0.6518404
BRD9,0.65167034
RPL29,0.6513896
CCT5,0.6512561
RCC2,0.6512443
S1PR1,0.6511873
ITGB1,0.6511105
RPL27,0.6510658
GSK3B,0.6509509
HNRNPAB,0.6509431
NUFIP2,0.65091246
TMBIM6,0.6508571
RBM39,0.65068495
CCNY,0.6506514
SPTBN1,0.6505365
PHB2,0.65029776
EIF3H,0.64982957
CFDP1,0.6497131
HNRNPD,0.6496737
CDK5RAP2,0.6496192
GANAB,0.64960927
ROBO1,0.64957184
PRDX1,0.6494629
SAE1,0.64945436
HNRNPK,0.64941245
DDX42,0.64937216
JAZF1,0.6493338
PIP5K1A,0.64932805
KRT18,0.64911914
HNRNPM,0.6490776
PPP6R3,0.64898956
RPSA,0.6488458
SSBP3,0.6487596
CORO1C,0.6487024
OXCT1,0.6486212
FRAS1,0.6485802
RERE,0.6485368
CCT3,0.6483763
PSENEN,0.6482377
RBFOX2,0.6480723
HNRNPUL1,0.64785063
TNS3,0.6476801
MDK,0.6475644
HLA-B,0.6474831
SLC25A3,0.6471552
RPS27A,0.6470194
GABARAP,0.6468827
OAZ2,0.6465341
RPL37,0.6464498
COL12A1,0.64633983
PARP3,0.6462239
ENSA,0.646033
HNRNPDL,0.6459761
CENPP,0.6459173
GSPT1,0.6458779
CIT,0.6457615
CKAP5,0.64573884
FDPS,0.64565885
SLCO3A1,0.6455325
PTPN14,0.645415
SERBP1,0.6453563
CHSY3,0.6452345
CNOT4,0.6449388
DENND3,0.6447845
ERGIC1,0.64478445
FADS1,0.6447633
PHF20,0.6444983
CTBP1,0.64449126
PDE3B,0.6444835
OAZ1,0.6444426
PTMA,0.6440461
RPS12,0.644019
HUWE1,0.6440155
PTPRF,0.64395833
CBX5,0.6439581
RASAL2,0.6438549
TPX2,0.6438409
MKNK2,0.6437314
LARP4B,0.64371526
PLS1,0.6436835
RPL35A,0.64364696
DHX9,0.6436008
HSPD1,0.6436006
HDAC2,0.64359635
SH3RF1,0.6435907
EPB41L2,0.6435655
MKLN1,0.64330536
EIF4H,0.64318174
SLC7A5,0.64264476
MBD5,0.6426244
HNRNPF,0.6425469
WNK1,0.64245844
PUM1,0.64238757
DIAPH1,0.6423664
RPS18,0.64225495
COTL1,0.64202315
LDHB,0.6420213
RPLP2,0.6419407
TULP4,0.6417755
TNRC6A,0.64157254
POLA1,0.6412584
DLG1,0.64118993
RNF220,0.6410683
RPL12,0.640999
ELOVL6,0.64098954
HIPK2,0.64093995
EVI5,0.64092135
HMGN2,0.64086324
KDM2A,0.64080423
PTGES3,0.6407087
RTN4,0.6406961
COL4A2,0.64068633
PPP3CA,0.64057475
RAN,0.64056396
TXNRD1,0.6404912
NCAPD2,0.64040947
RBBP4,0.6402731
DNAJC5,0.64016664
JMJD1C,0.6401607
RASSF6,0.64014477
CLIC1,0.6400146
CLSTN1,0.6400107
NEK6,0.63984483
EIF3D,0.6397345
SF3B3,0.6397182
ERP29,0.6397131
MIF,0.63955283
VAV3,0.63946813
SEMA3C,0.6392851
HYOU1,0.6392134
PUM2,0.63918686
PRPF8,0.6389813
OGDH,0.6387428
IPO5,0.6386338
HMGB1,0.63853353
MAT2A,0.6384463
GNAI2,0.6384278
MPRIP,0.63838506
EXOC6B,0.63834333
HM13,0.6382017
SLC39A1,0.638112
HLA-DPB1,0.6380814
LPCAT1,0.6378959
HNRNPH3,0.6378465
RBMX,0.63778716
MYCBP2,0.63770765
SNRNP200,0.6376009
IFI44L,0.6375538
PARD3B,0.6374909
G3BP1,0.6373535
NUP160,0.63732815
HDAC8,0.6368182
CEP170,0.6366842
HNRNPL,0.63668096
TRIM28,0.63664705
DDX1,0.6365639
GALNT1,0.6365538
SRPK2,0.63652945
SRSF11,0.6363398
CSGALNACT1,0.63623595
KHDRBS1,0.636136
EPN2,0.63604105
SELPLG,0.63603
RBM14,0.6360209
GOLGA3,0.6360204
GIGYF2,0.63590056
NHS,0.63576937
NASP,0.6357528
HSPG2,0.6356429
MEIS1,0.63561743
OXSM,0.6355951
STT3B,0.63555753
MTHFD1L,0.6355321
FOXK2,0.6354233
UBE2H,0.63528705
KANSL1,0.6352197
MFGE8,0.635147
MAMLD1,0.6349455
CEP72,0.6348344
UBA1,0.6348021
CENPF,0.6347812
TRPS1,0.6347138
SLC2A1,0.63468444
MAPKAP1,0.6346506
BSG,0.6346172
SH3PXD2A,0.63457376
KIF13A,0.63431835
PC,0.6343058
DDOST,0.6342569
USP9X,0.634206
MECOM,0.63418746
NUP210,0.63414025
SETD2,0.6341087
SREBF1,0.6341038
RPS20,0.63399965
GATAD2A,0.6339662
FBXW8,0.63385224
KPNB1,0.63381326
CNOT6,0.63378686
PSPC1,0.6337
ELF2,0.63360757
PARD3,0.63344824
PSMD11,0.63335246
SNRPB,0.6332804
HLA-DPA1,0.6332684
PTGER4,0.633213
GALNT10,0.63304365
CCT2,0.63294494
MCL1,0.6329139
UBA52,0.6328844
COL7A1,0.6328094
EIF1,0.632808
ROCK2,0.6328043
ITGB7,0.6327548
FERMT2,0.6327322
FAU,0.63253593
DYNC1H1,0.63245964
RBM4,0.6324087
PTBP2,0.6323947
SPTAN1,0.63233024
RAP1B,0.63229585
CCT7,0.63222766
RPL28,0.632223
MICU1,0.63222027
ZMIZ1,0.6322084
PKP4,0.63218254
SCMH1,0.6321063
ITPR2,0.6320578
SPIN1,0.63196373
GLI3,0.6318906
HSD17B4,0.6317638
PPIB,0.631734
PDP1,0.6314792
EIF4EBP2,0.63126403
TANC1,0.6312523
RICTOR,0.6312016
COPA,0.63119906
RAB10,0.6311156
IP6K2,0.6310993
LAMA5,0.63109815
SLC44A3,0.63098705
HNRNPA3,0.6308963
GPD2,0.63075036
RPL19,0.6307487
SPATA5,0.6307147
PDLIM1,0.6306459
FBXW11,0.63040334
YBX1,0.63027465
NRIP1,0.630226
GLO1,0.6301475
GBF1,0.63008267
MAP1B,0.6300645
NUMA1,0.630002
LAPTM5,0.6297966
GULP1,0.6297962
CAPRIN1,0.6297627
SRGAP1,0.62974155
SUN1,0.62973726
FARP1,0.6297046
UCK2,0.6296721
RPL38,0.62964445
GNA12,0.629628
PAWR,0.6295228
PDE8A,0.6294927
WDR70,0.6293847
RPL32,0.62937886
UBE2D3,0.6293336
PRDX5,0.629299
RAI1,0.6292266
NSMCE2,0.6292188
SSBP2,0.6292064
FANCL,0.6291818
RAPGEF1,0.6290131
CSNK1D,0.6289636
IMPDH2,0.62895983
SMG6,0.62892884
CSNK1A1,0.6288536
ERH,0.62879825
NUP155,0.6287245
TRAF3,0.62844336
LARP4,0.6284402
HMGCS1,0.6284316
MRFAP1,0.62835217
FUBP3,0.6283153
TAOK1,0.6283117
CDC42BPA,0.62830484
NUDCD3,0.62827736
CD55,0.6282328
MATR3,0.62822235
DOCK5,0.6281629
NAA25,0.6280956
RALY,0.6279849
RPP25L,0.62797904
NIPBL,0.6278011
LRRFIP1,0.62774074
E2F3,0.6276971
GTF2I,0.62769634
POLR2A,0.62763745
RAD18,0.6275954
CAP1,0.62753236
ZCCHC7,0.6274108
MOB2,0.6273359
RHOBTB3,0.6273001
CLASP2,0.6272962
RPL11,0.6272681
RPS23,0.62718123
RANGAP1,0.6271675
SPIDR,0.62701476
PRKDC,0.6269839
IQGAP1,0.6269568
HINT1,0.62692916
DNMBP,0.6269045
NAP1L4,0.62686026
TRRAP,0.62665683
PSME3,0.6266419
SREBF2,0.62664086
NPLOC4,0.6265889
PDXDC1,0.6265707
SRSF1,0.62652665
GLUD1,0.6265009
WAC,0.62644553
PRDX6,0.62639904
DLG5,0.6263657
TFDP1,0.62635076
RPN2,0.6263345
LY86,0.62627745
PPP2R5C,0.6261352
F11R,0.6260072
MYH10,0.6259702
CRABP2,0.6259514
MAP4K4,0.6259482
RAB31,0.62592876
NCL,0.62591827
OLA1,0.6258601
FSCN1,0.6257883
LMNB2,0.6257389
IARS2,0.625619
RPL18A,0.6255882
ITPR1,0.6255743
DYNC1LI2,0.62548494
DNAJB6,0.62544364
THAP1,0.6254333
CDYL,0.6253774
ERGIC3,0.62534595
DDX24,0.62530774
MARK2,0.6252797
FARSB,0.62524545
FKBP4,0.6252406
HLA-DRB1,0.6252311
PARK7,0.62521714
LRP8,0.6252131
PSMB7,0.62520236
RCC1,0.62518096
PARVB,0.62513596
CCT6A,0.6251078
RPL24,0.62503535
PDS5A,0.6250173
TOP2A,0.62498784
CALU,0.6249123
CDC42BPB,0.6248614
NBAS,0.6247943
HADHA,0.62474084
SQSTM1,0.62469155
PPP6R2,0.62463236
YWHAQ,0.6246002
MBNL1,0.62459594
KMT2E,0.62458664
EIF5,0.62455696
RAB1B,0.62443626
SIK3,0.6244134
PACSIN2,0.62439734
RPS29,0.6243939
LGR4,0.62425125
FOXK1,0.6242434
TRAP1,0.6242165
LMO7,0.6241751
EP400,0.6241706
EIF2AK1,0.6241626
MRPS12,0.6240912
INCENP,0.62403375
SGMS1,0.6240233
HK1,0.6239859
PSMD3,0.6239536
ESYT2,0.6239534
GMPR,0.6238917
STK4,0.6238659
TICAM1,0.6237578
LXN,0.6237492
HSPA9,0.62374604
MGST1,0.6237439
GLB1,0.6236245
USP34,0.623584
NLK,0.6235544
GNL3,0.62345195
RSAD2,0.62343097
IQGAP2,0.623399
CCT4,0.6233889
RIF1,0.62338084
FARS2,0.6233102
SKAP2,0.6233034
HSPA5,0.6232767
USP22,0.6232456
PABPN1,0.62324476
EIF3B,0.6231255
TBC1D5,0.62310296
NUDC,0.62303156
RPA1,0.62298065
ETF1,0.62296236
ZNF222,0.6229567
CAPZB,0.6228826
NUP205,0.6228678
UBE2K,0.62278014
FAM13B,0.6227307
CLINT1,0.62264246
DENND5B,0.6226406
HLA-F,0.62257993
SH3PXD2B,0.6225667
OGT,0.6225304
HEG1,0.62244457
PRPF6,0.6224391
LRRC8D,0.6224011
PDE7B,0.6223979
PAPOLA,0.62236524
CCDC91,0.62226343
TRIM37,0.6221333
FKBP1A,0.6221282
ECE1,0.62206376
UBAP2L,0.62205565
PABPC4,0.62204826
STRN3,0.62186563
CHD9,0.6218435
DOT1L,0.62184286
GOLGB1,0.6217833
LCP2,0.6217757
CAPN15,0.62177306
IPO7,0.621673
HERC1,0.6216691
RPL31,0.6215946
CDK14,0.6215827
ST3GAL3,0.6215705
NSUN2,0.6215695
PXN,0.6215276
GGA2,0.6215185
PPFIA1,0.62150073
PIP4K2A,0.6214911
PDLIM5,0.62140894
PKD1,0.6214013
UBR4,0.6213931
SCARA3,0.6213491
RABGAP1,0.6212881
GBE1,0.62125504
G3BP2,0.62120354
TRAPPC9,0.62120295
XPO6,0.6210673
CHD3,0.6210182
HSPA1A,0.6210173
LGMN,0.6209261
PNISR,0.6208849
NOLC1,0.6207142
RPS6KA2,0.62068814
CSTF3,0.6206516
RPRD1B,0.6206415
HTT,0.6205045
STARD13,0.6204858
RACGAP1,0.6204834
BTBD3,0.6204749
RCOR1,0.6204618
LIMA1,0.62042046
FNIP1,0.62036467
IP6K1,0.6203134
TPD52,0.62015307
GOLGA4,0.62009466
HK2,0.6200743
ELL2,0.6200529
IFIH1,0.6200156
SUPT3H,0.6199819
PGD,0.6199666
VKORC1L1,0.61991453
SIL1,0.6198846
PARN,0.6198096
GRAP,0.6197579
KIF21A,0.6196832
QPRT,0.6196797
UST,0.6196444
SLC9A3R1,0.6196438
RFX7,0.61933815
CALD1,0.6193105
SEC61A1,0.6192632
UBAC2,0.6192606
PTPRJ,0.61925656
MYL12A,0.61924917
POLR2B,0.61919624
PSMD1,0.61917174
RAD23B,0.6191695
POLDIP3,0.61915165
PDXK,0.6191291
NCK1,0.61911434
PHKB,0.61910635
CSNK1E,0.6191035
EEF2K,0.6190581
MXD1,0.6190535
YWHAZ,0.61905193
TOMM20,0.6190519
UBXN7,0.6190219
GON4L,0.6189484
TRAF4,0.61894727
PPP1CC,0.6188764
DNAJC11,0.6188632
ASH1L,0.61881685
SUMF1,0.6188152
TPI1,0.61867577
RPL34,0.61858755
RSF1,0.61857146
HECTD1,0.61856496
TBC1D4,0.61843765
TUFM,0.6183557
FLII,0.61832064
IPO9,0.6183197
TRIP12,0.6182801
EEFSEC,0.6182514
USP48,0.618209
SLC7A11,0.61819655
TFCP2,0.618184
THOC2,0.61818266
PELP1,0.6181707
MAML3,0.61813974
NAP1L1,0.6180875
GRSF1,0.61801845
RSRC1,0.61796844
ZFR,0.6179142
PAFAH1B1,0.617907
SEC11A,0.61774784
SCARB1,0.6177465
OPA1,0.6176718
UIMC1,0.61766934
UGP2,0.6176564
HJURP,0.6176471
IFT27,0.61756235
PAN3,0.61749226
LUC7L3,0.61745554
VIM,0.6174439
GPR176,0.6174183
PLOD1,0.6174121
PBX3,0.6174085
SLC25A5,0.61740154
PCCA,0.61734635
TNRC6B,0.6173215
MCM3,0.6172374
NACC1,0.6172175
CPSF7,0.61711985
RAC2,0.61710525
COG5,0.617091
SLC3A2,0.6170596
LAMC1,0.6170287
REV3L,0.6169994
SRGAP2,0.61693835
SUPT6H,0.61685777
UQCRC1,0.6167994
OPHN1,0.61673665
NEK7,0.61666965
HMGB2,0.61663955
RYK,0.61663646
KDM5B,0.61660296
LSS,0.61652815
ZNF131,0.6164632
SEC31A,0.61641526
MED13,0.61639637
ZNF638,0.61634505
POU2F1,0.6163396
RNF216,0.6162699
GTPBP1,0.61626023
SP3,0.6162186
MTA3,0.616214
PALLD,0.61616015
PDIA4,0.616116
PRKCE,0.6161147
CPNE1,0.61610043
FBLN1,0.6160595
ASAP1,0.6160296
XPOT,0.615954
SREK1,0.6159517
ITPR3,0.61594313
FRS2,0.6159127
RPS19,0.61590123
TMED10,0.61587834
S100A11,0.6158283
SEC16A,0.61569583
YME1L1,0.615684
PSMB1,0.6156757
PA2G4,0.6156584
SMURF1,0.61562645
PRMT1,0.6155926
PRKAA1,0.6155533
GNA15,0.61551744
UBE2G1,0.615463
SSU72,0.6154366
FANCI,0.61539114
PIK3C2A,0.6153573
NDUFA10,0.61533415
HSPA4,0.6152866
CRK,0.61528116
CNTLN,0.6152724
MCM4,0.615168
PRKCSH,0.61513966
PFN2,0.615136
KIF22,0.6151101
APP,0.61509943
YWHAH,0.61508214
OXSR1,0.6150608
UBE3C,0.61505145
RFX3,0.6150382
FAF2,0.61498487
MED15,0.61496854
NAA50,0.6148347
MARK3,0.6147384
IPPK,0.6146523
SNRNP70,0.6146497
RAB33B,0.6146405
GOLIM4,0.6146082
SEPHS1,0.6145772
SIN3A,0.6144721
GCC1,0.6144617
MEF2A,0.6143127
SMAD6,0.61427236
EPC1,0.6142722
UBE2E1,0.61426646
NCF2,0.6142029
GTF3C1,0.6141801
TAF1D,0.6141591
PCBD2,0.61413884
RXRA,0.6141066
GTF3C2,0.61397636
NFX1,0.6139334
SLC25A13,0.61392534
TLE3,0.6139244
ZRANB3,0.6138897
GART,0.6138532
PSMB5,0.6138416
TNPO3,0.6138232
INTS3,0.61381525
TCP1,0.61374086
SRSF4,0.61371773
TACC1,0.61366993
PDE8B,0.61365426
STRAP,0.61364967
PHF21A,0.613605
DSTN,0.61356676
CUL3,0.6135607
TARDBP,0.61353415
INPP5K,0.6135242
TLN2,0.61348295
STK24,0.6134805
VDAC2,0.61347914
RAB5B,0.6134621
PRKCI,0.6133539
FNBP1L,0.6132661
KRT19,0.6131952
NOMO1,0.6131886
ZNF207,0.6131741
UBE2G2,0.6131717
SH3D19,0.61313957
SCLT1,0.61312526
NFE2L1,0.61308473
GAPVD1,0.6130513
NUP153,0.6130472
RAB3GAP2,0.6130167
GUK1,0.6129802
SLC2A3,0.61290205
SMCHD1,0.61287904
RBPJ,0.612838
SPAG9,0.6128341
SRSF10,0.61281973
SLC16A3,0.61275166
SF1,0.6126881
IVNS1ABP,0.6125836
PDCD6,0.6125516
NUP188,0.61253834
KHSRP,0.6125365
EFTUD2,0.61253536
MPDZ,0.61253464
DNM1,0.61251205
VDAC1,0.61248606
SRGN,0.612401
IGF2R,0.6123345
IGBP1,0.6123318
TUBA1A,0.6123302
MEIS2,0.61231697
CBX1,0.6123011
CDC25B,0.6122856
PLEKHA2,0.61226696
ETS2,0.6122557
SYNCRIP,0.6122343
NDST1,0.61221784
MTDH,0.6122039
NMT1,0.61218196
LIMS1,0.6121365
MCM7,0.6120465
WASF2,0.6120119
SLC25A22,0.6119614
RPS3A,0.61191463
TYW1,0.6118979
MED24,0.6118845
GOT2,0.6118674
LMAN1,0.6118606
BACH1,0.611786
MAST2,0.6117705
NCOA2,0.611767
ILF2,0.6117032
USP32,0.6116898
CERS6,0.61166877
STK3,0.61166465
FAM83D,0.6116261
ZNF721,0.61154604
LSM12,0.61151564
DAP3,0.61147565
SF3B2,0.61141384
PPA1,0.61137104
PFKP,0.6113439
MNAT1,0.6113146
LMNB1,0.6112482
PPP1R12A,0.6112378
KATNA1,0.61121464
TRMT11,0.61121225
GRB2,0.61119914
GNB2,0.61117536
PPP1CB,0.6111472
KCMF1,0.6111456
IQCB1,0.6111454
WDR59,0.6111408
RANBP3,0.6111363
FER,0.61113524
NUP62,0.6111218
RNPS1,0.6110855
CAND1,0.61103565
YY1AP1,0.61100894
SERPINH1,0.6109325
PUF60,0.6109232
TRPC4AP,0.6108625
VMP1,0.61084044
XRN2,0.6108316
PRDX2,0.61082524
RNGTT,0.6107971
NDC1,0.6107611
PPP2R2A,0.6107408
FLOT2,0.6107096
KIF1B,0.61070544
UBA2,0.6106788
SLX4,0.61066496
LAMB1,0.6105803
NDUFS6,0.61052644
MRPL3,0.61049956
FBN1,0.6104774
USP25,0.61047584
TRA2B,0.610437
MYL12B,0.6104192
PNRC2,0.6104007
ESPL1,0.61037534
FBXW2,0.6102771
MST1,0.6102382
TNFAIP8,0.61021656
ZNF462,0.61018836
SDCCAG8,0.6101656
PTPRS,0.6101426
NAA15,0.6101304
MRPS36,0.6100198
TJP1,0.609993
DDX10,0.6099084
IMPA2,0.6098808
GTPBP2,0.6098766
KPNA4,0.6098717
ST13,0.6098472
MCC,0.6098363
MGA,0.6097667
SENP6,0.6097546
WDR43,0.6097534
MCPH1,0.6097529
FXYD6,0.6097318
PLK1,0.60968596
PIWIL4,0.6096546
CNN2,0.6096349
DNAJB4,0.6095283
HSF1,0.6095146
TCERG1,0.60944754
PPP2CA,0.6094338
NUDT21,0.6094253
CSE1L,0.6094172
KPNA6,0.6094092
DBF4B,0.60939515
CTTN,0.60939115
HMGN1,0.609368
IMMT,0.609367
RPS13,0.60926706
EIF3I,0.6091855
TPST1,0.60914916
TBCD,0.60914606
MPP6,0.6091191
CCT8,0.6091164
VAPB,0.6090756
MCM2,0.60904455
KIF2C,0.6090352
MTHFD1,0.6089919
TNPO1,0.6089707
RSL1D1,0.60895884
USP10,0.6089522
TRAF2,0.6089209
TOP2B,0.60884696
SMC4,0.60883164
UQCC1,0.6088201
INTS6,0.60879505
HNRNPH2,0.6086502
HERC2,0.60863286
SHMT2,0.6085637
NCOA6,0.608499
RAPGEF6,0.6084355
PSMA5,0.60843134
UVRAG,0.60842645
STK39,0.6084221
TMED2,0.60835093
NUP88,0.6083479
WWC1,0.6083362
NUP93,0.60832304
DLGAP4,0.608255
MTHFD2,0.608213
CUL1,0.608188
D2HGDH,0.6081467
SRSF9,0.6081287
MAPK7,0.6081064
NUDT3,0.6079401
POLR2J3,0.6079076
SLC7A6,0.6079011
DNAJC1,0.6078783
PRPF40A,0.6078625
MDN1,0.6078336
DUSP2,0.6078226
TMPO,0.6077653
MINK1,0.607732
NFIA,0.60770404
MORF4L1,0.6076674
PDE7A,0.607656
SLMAP,0.60763854
NUMB,0.60763496
PCNT,0.60761786
FXR2,0.607596
SH3GLB2,0.6075891
GAB2,0.60752016
TRPM7,0.6074826
MAP3K2,0.60736024
DSP,0.6073581
MAP3K11,0.6073357
DGKH,0.6073281
DAZAP1,0.6073073
DNM3,0.6072878
KNTC1,0.60728645
MCU,0.60726464
SYNGR2,0.6072152
SMG5,0.6072112
MED27,0.60717595
MBD3,0.60717505
TUBA1C,0.6071544
MTA1,0.60707784
MYOF,0.6070726
NNT,0.6070422
GALNT11,0.6070314
TGFBI,0.6069873
IFI30,0.6069446
SLC25A14,0.6069423
EIF2S2,0.60690975
DTL,0.6068599
GTF2F1,0.60685486
XPO7,0.60673267
SRRM1,0.6067085
KDM2B,0.6067074
MAN1C1,0.60669845
ARID5B,0.60669464
YBX3,0.6066537
WIPF2,0.6065477
CLIC4,0.60653585
TRERF1,0.6065313
SNCA,0.6065111
TRA2A,0.6064804
JDP2,0.6064058
LRRC41,0.6063872
STRN4,0.60638124
CSNK1G3,0.60634494
ATXN2,0.6062756
UQCRH,0.6062454
PEX12,0.6062452
STX16,0.6060932
PHB,0.6060681
GFPT1,0.60601693
CLNS1A,0.6060087
MAPKAPK2,0.6059385
IPO11,0.6058994
DDX46,0.6058531
JUP,0.6058517
LYRM4,0.60582465
SCFD2,0.6058105
KDELR1,0.6057553
YEATS2,0.6057464
PTPN12,0.6056392
SERP1,0.6055746
RAB3GAP1,0.60554135
EIF3K,0.6054965
GALNT7,0.60547525
MAF1,0.6054715
HADH,0.6054605
HLA-DMA,0.60540587
MAGI3,0.6053904
WDR33,0.60532326
GLG1,0.605293
B4GALT1,0.605292
ARHGAP17,0.6051723
FBXL17,0.6051669
KDM4B,0.60513836
OS9,0.6051331
DYNC2H1,0.605071
YAP1,0.60505664
BTF3,0.60502756
GTF3C5,0.6049897
DIS3L2,0.60498637
UBE4B,0.6049729
GNAI3,0.6049361
LAMA3,0.60493225
MTR,0.6049254
GNAI1,0.6049087
HGS,0.6046826
EIF3M,0.60466975
HSPH1,0.60466254
IREB2,0.6045753
NDUFA4,0.6045713
POGZ,0.6045371
MAN2A1,0.604527
NEDD4L,0.60449636
EIF3J,0.6044561
WSB1,0.60444134
PLAGL1,0.6044036
TPM1,0.6043629
YTHDF2,0.60432875
KANK1,0.60423416
FAM168B,0.6041786
MELK,0.6041579
DNAJC13,0.60411334
SPTSSA,0.6041009
TRIM44,0.60406786
CHD1,0.6040534
MRPL37,0.60405195
TNKS,0.6039967
MCM5,0.6039653
WDFY3,0.60394895
GTF2F2,0.6038851
SUPT16H,0.6038696
ZNF544,0.6038434
RFC3,0.6038049
MEMO1,0.6037006
FGD4,0.6036988
ZFP36L1,0.60363066
WNT5A,0.6036236
RBM25,0.6035711
HIPK3,0.6035654
SHISA5,0.6035419
MYO1C,0.60352814
BARD1,0.60351646
S100PBP,0.6034781
CACNA2D1,0.6034764
MFN2,0.60347354
SNX5,0.60341936
HAUS6,0.60341
VAT1,0.60337126
NCAPG2,0.6033395
UBE3A,0.6033305
IQGAP3,0.60330886
PKN2,0.6033029
MAP4K5,0.6032847
WDR6,0.60322464
LONP1,0.60317636
LCLAT1,0.60313994
VCL,0.60309374
ME1,0.60304815
USP47,0.60298854
ST3GAL2,0.6029831
XPR1,0.60296994
NCKAP1,0.6029417
ZNF451,0.6029301
RAB11A,0.602903
BIRC6,0.60280985
FBXW5,0.60279286
MLEC,0.6027133
STIM1,0.6026578
MDH1,0.6026137
UTRN,0.6025711
ATXN10,0.6025329
HMG20A,0.6024919
SRCAP,0.602463
FARSA,0.6024249
AHCY,0.60238826
NFATC2IP,0.60238767
CD46,0.6023834
COPZ1,0.6023531
RPRD2,0.6022802
TBL1X,0.60227114
EHD1,0.6022656
RHEB,0.60224736
MEF2D,0.60215324
YY1,0.6021427
GNA13,0.602127
PSMB2,0.60212034
EVL,0.6020941
MDFIC,0.6020081
TRIT1,0.6019783
UBQLN1,0.6019694
MIER1,0.6019237
MTA2,0.6019051
UQCRC2,0.6018644
NFATC3,0.6018632
ITCH,0.60178554
PSMD4,0.60175526
NAT10,0.60164666
CARM1,0.6016402
VPS53,0.6016141
TP53BP1,0.6016103
ARHGAP29,0.6015892
WLS,0.6015743
TMOD3,0.6014549
MGAT5,0.60139745
CALM1,0.6013855
UBE2R2,0.6013753
STIP1,0.6013666
VAV2,0.601346
ITGB3BP,0.60133713
LEPROT,0.60124665
DDX21,0.60124475
NDUFB5,0.6011641
KIF11,0.60112166
IL32,0.60106313
EPB41L1,0.601049
PDCD6IP,0.6010119
ELP2,0.60092777
GNL2,0.60087425
MTF2,0.6007617
SRSF7,0.60075915
DNAJC8,0.60074085
IFT140,0.6007391
KCTD3,0.60070795
U2AF2,0.6006931
COPB1,0.6006591
FAM120B,0.6006121
RBM5,0.6005918
TIPIN,0.6005396
PPP2R5E,0.6005338
PSME4,0.6004083
GTSE1,0.6003458
PHLPP1,0.60030663
INO80,0.60030234
FEM1B,0.6002559
DPYSL2,0.6001919
KIFC1,0.60011303
DAB2IP,0.6001022
SH3KBP1,0.60008925
COQ5,0.6000844
DR1,0.60000896
NDUFAF2,0.6000039
STAU1,0.5999345
GNPAT,0.5999084
INTS7,0.5999079
SURF4,0.5997682
ELAC2,0.5997346
ARPC4,0.5997238
SMG7,0.5996667
HAVCR2,0.5995897
LPGAT1,0.59958315
PTDSS1,0.5994871
USP24,0.5994841
EI24,0.5994533
TICRR,0.59944755
ST3GAL1,0.5994391
NDUFV1,0.59943813
FBXL19,0.59942716
DHCR7,0.5993393
MAP3K3,0.59928286
PTPN13,0.5992366
CTPS1,0.5992346
HSPB8,0.59922504
HMMR,0.5991593
MBTD1,0.59910727
LSM4,0.5991046
SRP72,0.59901404
CORO1A,0.59899163
PTPN4,0.5989618
MAGED1,0.59893304
SH3BP4,0.59892803
RAB1A,0.5989083
DOCK4,0.5988938
ETFA,0.59889305
ARHGEF12,0.59888047
CYB5B,0.5988789
GTF2A1,0.5988348
IRAK1,0.59881973
PDS5B,0.5987761
LBR,0.59876007
PLCB4,0.59870225
LPXN,0.5986506
ERF,0.59855807
OTUB1,0.5985287
PNN,0.59851444
IRS1,0.59839684
NUBPL,0.5983927
EXOSC2,0.5983427
PFKFB3,0.5983106
U2SURP,0.598269
BZW1,0.5982095
KIFC3,0.5982056
PPP5C,0.5981816
MAPRE1,0.5981441
GDI1,0.5981132
SRPK1,0.59811026
ALDOA,0.5980797
RASA3,0.59807163
MAPK6,0.59805924
CAMK2D,0.5980354
PFDN5,0.59801155
SHC1,0.5979434
FOXP4,0.59794086
BICD1,0.5979379
RBM15B,0.59793335
SARNP,0.59787726
GPR89A,0.5978666
SHOC2,0.5978656
PSMA1,0.5978319
HIPK1,0.5978018
VAPA,0.59774786
GPR132,0.5977342
TRAK1,0.5977295
SYNJ2,0.5977162
CNOT2,0.5976992
CAST,0.5976793
FASTKD2,0.5976618
SPIRE1,0.5976592
INO80B,0.5976375
ZMYND8,0.59759897
HDAC1,0.59757453
EXOC7,0.5975514
PCID2,0.59751856
FBXL18,0.5974975
HMGCR,0.59749687
KLHDC3,0.5974502
MBD2,0.5973901
MMS22L,0.5973064
XPO5,0.59728146
EIF4E2,0.59725636
INSIG1,0.5972296
PHC3,0.5972229
GNL3L,0.59719574
VASP,0.59712553
SCAI,0.5970954
ISYNA1,0.5970449
REV1,0.597012
SNRPD2,0.59700584
UBE2I,0.5970031
TNFRSF10B,0.5969511
HBS1L,0.59694886
NPC2,0.5969096
RAB6A,0.596863
LRP5,0.5968121
HEATR1,0.5967933
SLC44A2,0.596764
COX7A2L,0.5967199
DCAF7,0.596632
MOV10,0.59661865
HPS1,0.5966106
SMURF2,0.59659106
RRAGB,0.5965745
HLCS,0.59657127
EXOSC10,0.5965672
UBAP1,0.5965567
LAMTOR4,0.5964645
STON2,0.596459
TIAL1,0.5964512
TTYH3,0.59633505
DYNLT1,0.5963309
ZNF585A,0.5963056
JUNB,0.5962903
EPN1,0.59628516
MYBL2,0.596212
PEX14,0.5961895
DYNLL1,0.5961894
TMC8,0.59617746
UPRT,0.5961474
PTPN7,0.5961159
THY1,0.59611154
CYTH1,0.59610355
GNG11,0.5960928
ILK,0.59607184
ARPC2,0.59601635
GPR153,0.59600824
UGGT1,0.59594804
FHL2,0.59594136
RAB11FIP3,0.5959077
PPP1R14B,0.5959003
TAF4,0.59589463
TEAD2,0.59588814
KHNYN,0.5958833
HS2ST1,0.5958709
KIF15,0.5958679
FYCO1,0.595861
LRRC47,0.59580016
FLAD1,0.5957612
TIA1,0.59574187
KDELR2,0.59567225
MYO9B,0.5956521
EPCAM,0.59561884
LCMT2,0.5956167
PSAT1,0.5955548
GTF3C4,0.59548265
GRHPR,0.5954186
LARS2,0.5953824
RASAL3,0.59536237
POLQ,0.5953337
SLC1A5,0.5952953
CHD7,0.5952684
YWHAB,0.5952604
SP1,0.59516907
CEP192,0.5951193
SKP1,0.59510815
ATRX,0.5950917
RPS21,0.5949576
ERLIN2,0.59487647
SMARCA2,0.5948691
IL4R,0.5948555
SRD5A1,0.5948449
BCL2L1,0.59482664
NOP56,0.59478176
PPP4R2,0.59473747
SYNE2,0.59473586
NPRL3,0.594723
GPSM3,0.59466463
VAC14,0.594613
DNAJA3,0.5945869
FZR1,0.594565
PLD1,0.5945461
MOCS2,0.59449863
ELAVL1,0.5944872
HELB,0.59448546
WDR1,0.5944719
EMC10,0.59446234
RPL7L1,0.5944327
MAGED2,0.5944291
GDE1,0.59441745
RNF38,0.5943912
CTNNBL1,0.5943543
RAB2A,0.5943415
GYPC,0.59421223
RAD23A,0.59418416
GNL1,0.5941776
MYLIP,0.5941766
GSTZ1,0.594157
HIVEP3,0.59413534
HSD17B8,0.5941352
PSMA4,0.59413075
ROR1,0.59406924
SYMPK,0.59399664
HLTF,0.5939603
CTDNEP1,0.59386915
PRKAR2A,0.59384286
GGCT,0.5938008
SCAP,0.5937984
CLEC2D,0.593716
ING1,0.59371436
EIF2D,0.5935704
PGRMC1,0.5935439
SEMA6B,0.59349895
ECHDC1,0.59349793
PFKM,0.59349775
IMP3,0.5933527
NDUFB9,0.59335095
BBS9,0.59319353
NDUFS7,0.5931734
MAP3K4,0.59315586
HIF1AN,0.59314144
TIAM2,0.5931273
PTPRM,0.59310865
GSR,0.59310037
PLD3,0.5930946
SFSWAP,0.59308565
EXOSC7,0.59305924
MAGT1,0.5930416
NRF1,0.59301704
ZFAND6,0.593015
FUCA1,0.592995
BPTF,0.5929877
E2F7,0.5929353
SF3A3,0.59292436
NUBP2,0.59289885
FPGS,0.59284127
LMO4,0.59283864
HERPUD1,0.5928385
CPT1A,0.5928328
DNAJA1,0.5928324
DHX36,0.59273964
CDK2AP1,0.5927291
RPRD1A,0.592717
HLA-DOA,0.59263706
GAK,0.5925911
GNG5,0.5925694
EIF3G,0.59255886
CYB5R3,0.5925567
GOLM1,0.5925562
VGLL4,0.59252506
HOXA1,0.592501
EXO1,0.5924934
GAB1,0.5924549
KDM4A,0.5924102
EIF2AK2,0.59240484
PFKL,0.5924006
FBXL20,0.5923987
CDK13,0.5923273
GID8,0.5922544
PRR5L,0.5922514
CAB39,0.59223
ESRP2,0.59221965
INPPL1,0.59216756
GTF2H4,0.59215677
LEF1,0.59214944
P4HA1,0.5921292
KPNA2,0.5921232
IL21R,0.59209454
MAEA,0.59209025
EIF6,0.5920377
INVS,0.5920235
EGLN3,0.5920042
RGS14,0.59197646
HCFC1,0.5919615
MRPL51,0.59194934
PPP1CA,0.5919121
LMAN2,0.5918548
CTDSPL,0.59182155
LRWD1,0.5918211
RNF24,0.59182
PAPSS1,0.5917583
CHORDC1,0.5917217
OSBP2,0.5917057
LAMP1,0.5916928
DVL2,0.5916885
FBXW4,0.59168005
SLC25A12,0.5916022
AP2B1,0.59158444
GNPTAB,0.5915621
CTSD,0.5915592
CD52,0.5914833
CLIP1,0.5914599
RHOG,0.5914507
CXXC5,0.5914487
CAPNS1,0.5914081
IDH3B,0.5914012
STAT1,0.59137875
FAM126A,0.59132665
SRSF5,0.5912046
MTMR12,0.59120333
DDX54,0.5911766
ARID4B,0.59114456
MED14,0.5911165
CRTAP,0.59109354
BAIAP2L1,0.5910036
POFUT1,0.59099585
FLOT1,0.59094673
TUBB4B,0.5908837
NHP2,0.5907509
GNG12,0.59071183
MAN2B1,0.59064996
LDLR,0.590643
DHX33,0.5906279
TMED3,0.5906013
TBC1D14,0.5905734
EGLN2,0.5905485
NR2C2,0.5905352
NUP107,0.59050965
KPNA3,0.59049773
USO1,0.59049356
PDPK1,0.59048575
GRWD1,0.5904701
UBE2Z,0.59044373
GNPDA1,0.5904399
EPHB2,0.5903762
YWHAG,0.59037554
INTS10,0.59037393
HEXIM2,0.5903545
CHMP4B,0.5903258
EIF4EBP1,0.59031594
IFIT1,0.59030855
DPH5,0.59029406
HLA-DRB5,0.5902845
NDUFS3,0.5902823
F2RL1,0.59022766
CHN1,0.5902005
DCUN1D2,0.5900368
MRPL38,0.5900304
SEC24C,0.59002906
CSPP1,0.5900135
GBA2,0.5899236
FAM98A,0.58991975
DCTN5,0.5898221
SETX,0.58981204
GGA1,0.58972883
LDB1,0.5896947
RBBP7,0.5896856
WBP11,0.589661
ARHGDIA,0.58963555
PIAS3,0.5895984
CWC27,0.58952284
CLTA,0.5895144
GTPBP4,0.5895087
ECH1,0.5894646
RABGEF1,0.58946145
KLHDC2,0.58939224
PEX19,0.5893875
USP15,0.58938
SPPL3,0.5893737
PAIP2,0.58936673
FBXL4,0.58927345
NDUFAF4,0.5891886
SZT2,0.589176
EIF4E,0.5891623
CHKA,0.58912134
ELF1,0.58908695
ATXN2L,0.58906
BAZ1B,0.58905953
ZNF823,0.58901787
NEDD8,0.58899
KCNMA1,0.5889559
L3HYPDH,0.58893937
MRPL49,0.58893174
IL4I1,0.58892107
CCNG1,0.5889127
HEXA,0.5888705
DTNB,0.5888535
GTF3C3,0.5888309
KIF4A,0.58871657
SWAP70,0.5887047
MID1,0.5886709
GDF11,0.5886235
FZD8,0.5886224
PPARGC1B,0.5886061
LRCH1,0.58859694
CDC27,0.5884797
USP7,0.58845145
PGM1,0.5884451
SPARC,0.5884254
KIF3B,0.58838314
HSPB1,0.58827084
TGM1,0.58818597
IGFBP4,0.58816755
FBXO9,0.58815867
EMC9,0.5881273
MZT2A,0.5881054
IQSEC1,0.58808774
EXOC3,0.5880518
EIF5B,0.587915
TPGS2,0.5877832
POLD2,0.587759
BMS1,0.58775735
VCP,0.5877196
CHTOP,0.58770597
HDAC7,0.5877001
LUC7L,0.58764046
FARP2,0.58757293
PEA15,0.58753383
MRPL50,0.58753085
HOMER1,0.5875265
BAG6,0.5874128
PLAA,0.58739865
SARDH,0.58738136
HAT1,0.5873623
COX6B1,0.5873589
CYC1,0.5872358
NEK9,0.58718723
IFNLR1,0.5871327
KDM3B,0.5870492
IL11RA,0.5870344
GLRX,0.5870294
NBEAL2,0.5870149
FBXO21,0.5870066
MCMBP,0.586961
TOMM7,0.5868833
MGRN1,0.5868557
CCNA2,0.5868495
LSM14B,0.5868072
MUC3A,0.58678514
FUT8,0.5867455
ST6GAL1,0.58673906
KIF1C,0.58668715
GCLC,0.58668107
IFNGR2,0.5866644
ESRP1,0.58663636
FBXO31,0.58663
BRD8,0.58661133
LSP1,0.5865583
HPS6,0.586442
LPIN2,0.5864269
LAS1L,0.5863773
ACTG1,0.5863743
TOR1B,0.5863664
HSBP1,0.5863592
MAPK9,0.5863571
FCF1,0.5863532
NEU3,0.58635277
INTS4,0.5863459
NOC2L,0.5862819
DKC1,0.5862578
TFDP2,0.58624536
INTS8,0.5861859
PTPN1,0.5861767
MAD2L2,0.58615917
MAP3K7,0.58610517
KPNA1,0.5860204
CTSH,0.585992
HELZ2,0.5859482
MYO9A,0.5859286
MRC2,0.5858538
MED8,0.5858526
ZNF569,0.5858086
MTMR2,0.5857993
HPRT1,0.5857718
OXNAD1,0.58574665
ATP2A2,0.5856806
EPS8L2,0.5856184
PMEPA1,0.58557665
NUP50,0.5855744
CPE,0.5854945
ITGA3,0.58548933
MRPL17,0.5854813
DVL3,0.58542734
MAGI2,0.58542293
CHMP1B,0.5854133
ANTXR1,0.58540934
ST3GAL4,0.5854086
LYPLA1,0.5853994
LEMD3,0.5853611
LIMD1,0.5852488
WDR82,0.5852302
FURIN,0.5851865
KAT6A,0.58518606
FYN,0.5851753
ZNF586,0.58511496
MRPS16,0.5850916
EMD,0.5850664
GIPC1,0.58505106
MPP5,0.5850317
TLN1,0.58501726
CNNM2,0.5849918
ITFG2,0.58496594
LIG1,0.5849488
KIF14,0.5849452
FAH,0.58484286
CCNL2,0.58483803
DLST,0.58481663
NDUFS8,0.5847798
MDC1,0.58477443
DBI,0.5846902
FAM110B,0.5846902
MKRN1,0.58468026
ARHGAP21,0.5846411
RCAN2,0.5845914
EXOC2,0.5845655
DDX23,0.5845637
MTMR3,0.58451176
SLC11A2,0.58448744
COPB2,0.584441
INPP5F,0.5844376
MCCC2,0.5844321
CBX3,0.58438563
SSH1,0.58438396
XPO4,0.58435935
DCPS,0.58425945
TUBB2A,0.58425033
HBP1,0.584105
DIABLO,0.58403724
COPS6,0.5840323
EXOC5,0.5840218
DCP2,0.5839871
EIF2A,0.5839608
CHM,0.5839415
CD81,0.5838821
KLC1,0.5838504
EIF2AK4,0.5838375
OTUD7B,0.5838264
MAP2K3,0.5838198
ATP11A,0.58375233
MOB1A,0.58373886
CDK19,0.58372575
FBXO7,0.58372486
SESN3,0.58371925
GAS2L1,0.58365345
NUDT5,0.5836282
CPEB4,0.5836168
EMC1,0.5835643
EGR3,0.5835464
GORASP2,0.58351254
MAN1B1,0.5835109
PDLIM7,0.5835042
MLX,0.5834856
ITGB2,0.5834507
METAP1,0.58343387
HIRA,0.5834262
MMP11,0.5833765
GLRX5,0.5833725
MRPS5,0.5832711
KIF21B,0.58324206
MAVS,0.5832381
PGS1,0.5832304
NLRX1,0.5831981
ITGA6,0.5831683
LARP7,0.5831249
RAP1A,0.58306247
INPP4B,0.583043
GPSM2,0.5830193
PPP1R3D,0.5830126
TACC3,0.5830076
PSMD2,0.5830065
GYS1,0.58297426
HADHB,0.58293676
BCAT1,0.5828667
NCAPG,0.5828659
NFATC1,0.5828646
LYPLA2,0.58285826
ERAL1,0.5828316
GPANK1,0.5828174
HSCB,0.5828039
GSDMD,0.5827433
RBX1,0.5826972
GNPTG,0.5826957
DCAF5,0.58269495
GEN1,0.582688
ME2,0.58267856
URM1,0.5826108
PGAP3,0.5825959
EEA1,0.5825568
DCTN4,0.5825477
GGH,0.5825234
DDX31,0.5825221
TRAPPC12,0.5824832
MVD,0.582483
IRF1,0.5824596
NFKBIA,0.58244735
LNPEP,0.58243966
EHD2,0.5824359
HDAC3,0.58242756
FNTA,0.5824082
PPP1R16B,0.58240074
MTUS1,0.58238506
CLPB,0.5823647
MAPK14,0.5823404
MLST8,0.582314
PRPF4B,0.582313
IMP4,0.58228976
PEX11B,0.5822726
HACL1,0.58223844
SAFB,0.5822221
NPNT,0.5822213
RRM1,0.5821495
TOR1AIP2,0.58213913
TALDO1,0.58213854
BUB1,0.5821316
GMEB1,0.58212817
SNTB2,0.58205813
CSNK1G1,0.58201593
MUL1,0.5819797
TNPO2,0.5819311
MAP2K6,0.5819232
NPTN,0.5818951
INTS1,0.5818762
LGALS9,0.58187324
GPS1,0.5818665
EIF1B,0.58183074
NCBP2,0.5816986
PDIA3,0.5816716
DCUN1D4,0.58166784
RC3H1,0.5816394
DFFA,0.5816381
MRPS6,0.5816256
CHCHD6,0.5816145
PPRC1,0.581562
FKBP5,0.58155715
CNOT10,0.5815473
COMMD1,0.5814797
IWS1,0.58146435
PSMC1,0.5814452
ATF4,0.5814336
SLC25A24,0.5814322
RBM28,0.58140224
DENND4C,0.5813164
HSD17B12,0.581284
SKIL,0.5812804
SEMA6C,0.5812772
LSM10,0.58119994
NUSAP1,0.5811881
CADM1,0.5811822
ENO3,0.58117825
GIT1,0.581151
ARHGDIB,0.5811171
PRPSAP2,0.5811147
THOP1,0.581079
GFER,0.58101034
FLRT2,0.5810074
NDEL1,0.5809956
MRPS7,0.5808904
COQ4,0.58088756
LCMT1,0.5808735
UBA6,0.5808684
NDE1,0.5808455
AHNAK,0.58082616
BRK1,0.5807876
RRP7A,0.5807105
PEX5,0.5806505
NUF2,0.58062345
AFMID,0.58062035
CASK,0.5805585
LPIN1,0.5804861
AMBRA1,0.5804665
INO80D,0.580455
MADD,0.58044386
MSL2,0.5804322
LIMK1,0.58041096
NDUFS1,0.58040816
DSG2,0.5803864
RPS6KB1,0.5803849
APLP2,0.58032596
DRG1,0.5803174
CHCHD2,0.58031
EGLN1,0.5802809
POLR2G,0.5802802
GBP2,0.58025575
CENPE,0.5802085
GRN,0.5801547
DERL1,0.5800944
EIF2B5,0.5800914
PPIG,0.58005565
CPSF4,0.5800334
CDCA5,0.5800293
S100A3,0.57996434
LAG3,0.5799205
INPP5E,0.5798861
GANC,0.57985824
RASSF8,0.5798244
ANP32B,0.5798163
GK5,0.5798162
EVC2,0.579811
CIAPIN1,0.5798018
EXOC6,0.5797541
MFF,0.579754
KCNAB2,0.5797219
CTPS2,0.5797182
CDK1,0.57969534
MAN1A1,0.57967275
EGR2,0.5795843
NUTF2,0.5795743
DSN1,0.57955533
LONP2,0.5795021
STK25,0.57938516
LSG1,0.5793458
CMPK1,0.5792671
LGALS3BP,0.57923377
TAP2,0.5792263
GCA,0.57922274
NCAPH2,0.57919776
ITPK1,0.5791781
ITGB5,0.5791624
SSR3,0.57913417
FANCM,0.5791338
CIAO1,0.5791168
CENPK,0.57910675
NVL,0.5791035
EPHB4,0.5790594
GSK3A,0.57901764
FAM3C,0.5789966
PSME1,0.578986
VPS51,0.57897323
APBA1,0.57896185
ARIH2,0.5789473
HDAC6,0.5789193
ARIH1,0.578913
ELP6,0.5789124
IRF2BP2,0.57888716
DGKA,0.5788631
CCAR1,0.5788229
ENTPD4,0.5787027
MSL1,0.57869124
LIN7C,0.57868284
CDK17,0.5786746
DUSP14,0.5785458
CDK16,0.5785075
MPDU1,0.57849056
ATF7IP,0.57839817
TEAD4,0.5783824
NME4,0.57837987
NELFB,0.5783726
DLG3,0.5783225
EFEMP1,0.57830405
BIRC5,0.57830244
ODF2,0.5782063
GSTM2,0.57820135
DPF2,0.5781608
INPP5B,0.5781607
EXTL3,0.5781507
DNA2,0.578147
OTUD5,0.5781013
KATNBL1,0.57803434
LTBP3,0.57797074
GALK2,0.5779621
RAB11B,0.57794994
ERI1,0.57794774
COPE,0.57794756
KIF20A,0.5778831
RENBP,0.57783055
MXRA8,0.5778073
MRPL30,0.57780534
MRTO4,0.5777703
CDK4,0.5777489
PARP4,0.5777195
GNAL,0.5777178
NPAS2,0.5776271
CHSY1,0.5775866
RBM8A,0.57757586
DDX55,0.57755953
MAP9,0.577547
MAU2,0.5774995
MAPK8IP3,0.57749176
MSL3,0.5774337
MAP4K3,0.5774283
GADD45GIP1,0.5774109
COX10,0.57739645
GNPDA2,0.5773776
CTTNBP2NL,0.5773356
TSPAN14,0.57733136
FBXO10,0.5772963
TTLL12,0.5772905
INPP5D,0.57727677
PAAF1,0.5772654
PCDH7,0.57723653
CLK3,0.5772215
HMG20B,0.57721335
OSTC,0.57721174
VRK1,0.5771997
EIF2S1,0.57719433
LRIG1,0.57717353
CFLAR,0.5771621
KANK2,0.5771575
MAPKAPK5,0.57715
CKAP4,0.5771284
C1QBP,0.57709986
PIGK,0.5770978
IL15,0.5770973
CNIH1,0.57708275
DLAT,0.57707256
PIH1D1,0.5770349
EIF4A3,0.5769658
SCRIB,0.5769559
EPC2,0.57695013
G6PC3,0.5769439
MZT2B,0.57682496
LOXL2,0.5768078
LSM5,0.57679313
LATS2,0.57673144
PMF1,0.5767131
DCUN1D5,0.57670665
CPSF2,0.576701
DOCK10,0.57669705
TRIP6,0.57668144
ESD,0.5766384
EHMT2,0.5766329
METAP2,0.5766104
UCKL1,0.57652956
MCM3AP,0.5765088
NDUFS2,0.5764687
RB1CC1,0.57646585
MRPS21,0.5764585
NSFL1C,0.5764526
MAP3K5,0.5764477
NR2F6,0.5764302
MFHAS1,0.5764258
INO80E,0.5763792
SPTBN2,0.57635695
FUZ,0.5763184
HCAR2,0.57631016
MRPL20,0.5762909
PIGL,0.57625395
ADAR,0.5761969
DLD,0.5761886
LRP6,0.5761535
SOS1,0.5761391
CPEB3,0.5761324
ATP2B1,0.57610655
ANP32E,0.5761008
DCAF15,0.57608795
UBE2V2,0.57608455
RALGAPB,0.5760342
ORC3,0.5760177
MMS19,0.5759998
SEC24D,0.57599103
MTMR14,0.57597244
IGFBP7,0.57596916
NBR1,0.5759598
FBXL5,0.57594085
IDE,0.575934
ELOVL1,0.5758302
GDAP1,0.5758159
CYBA,0.5758146
ANKFY1,0.57577384
PI4KB,0.57575244
DNAJA2,0.5757141
SIRT6,0.57567096
LAMC3,0.57565445
LIN9,0.57565033
CTNNBIP1,0.57563967
LSM2,0.57561433
DCAF11,0.5755732
KATNAL1,0.5755598
CD2AP,0.5755399
GFM1,0.5754336
CEP350,0.575372
TRIM6,0.57532626
CALM2,0.575301
CEP152,0.57526237
GPR161,0.5752347
KIF2A,0.5752066
COBLL1,0.57516396
PRKAR1B,0.57512975
KIF20B,0.57502645
ITGA11,0.5749479
DZIP1,0.5749439
NDUFA6,0.57492197
IPO13,0.57492083
FABP5,0.57489955
FERMT3,0.5748789
RFC1,0.57487553
KCTD1,0.57485545
IRF2,0.5748298
ISG20L2,0.57476467
PPP6R1,0.57475483
PSMD9,0.5747339
KANSL2,0.5747247
ORAI2,0.5747235
UBR1,0.57472116
PLIN2,0.57470554
IGFBP6,0.5746197
BTBD2,0.574616
GNB4,0.574567
NDUFV2,0.574515
PHACTR1,0.57449114
PDCD11,0.5744873
BCAS3,0.5744836
GUSB,0.5744622
MICA,0.57445097
CSNK1G2,0.5744134
KIF23,0.574362
RANBP10,0.57434714
DGUOK,0.57432777
MSH3,0.57432044
OSBPL5,0.5742715
COX6A1,0.5742284
GPT2,0.57422626
EZH1,0.57422465
PRDX3,0.5742118
BAZ2A,0.5742113
G6PD,0.57416993
FOXRED1,0.5741641
HTATSF1,0.5741544
DENND4B,0.57412624
MED16,0.57407016
MIEF1,0.57403
DAZAP2,0.5740129
ODC1,0.57400507
CTDSP1,0.5739961
PRKAR2B,0.57398766
PFKFB4,0.57398725
RNF217,0.57398456
CYFIP1,0.57388574
SNX3,0.57387495
LDB2,0.57386774
RABGGTB,0.57386225
FEM1A,0.5738327
PCGF3,0.57381654
FAM131B,0.57380915
EDC3,0.5737519
MED28,0.5737506
SYDE1,0.5737356
DHX32,0.57372814
GYG1,0.5737212
NUP43,0.5737041
ORC4,0.57369655
MRPL28,0.5736845
AP2M1,0.57368404
USP3,0.57367283
EIF2B3,0.57362777
CCNG2,0.5735581
IPO8,0.5735563
POLL,0.5734839
ENO2,0.5734662
EPAS1,0.57346094
EIF2B1,0.57343763
NDUFAB1,0.57342255
SMC3,0.5734137
GABBR1,0.57340693
ADK,0.5733875
AHCTF1,0.573384
CENPO,0.5733834
NAT1,0.57335055
IFT20,0.5733272
UBE2E3,0.5732973
GTF2H3,0.5732791
IRAK4,0.57323575
GID4,0.57322425
CSK,0.57319546
LIN54,0.57310355
IDH3A,0.5730968
NFYC,0.5730937
STAT5A,0.57308704
COPS3,0.57307225
DAPK1,0.57303363
GALNS,0.5730293
TTF2,0.57302475
PSMD7,0.57302195
KIF18B,0.57302153
PRC1,0.57299995
ASCC1,0.572997
PDPR,0.5729897
RIMKLB,0.57295793
CRYZ,0.57294995
CD48,0.5729363
MSH5,0.57288015
DHTKD1,0.5728748
CDT1,0.5728689
DTNBP1,0.57286465
GTF2E2,0.5728624
DENND4A,0.57282436
FBXO22,0.57280755
CLCN6,0.5727633
MFSD12,0.5727146
ARPC5,0.5727115
NCOA7,0.5726966
PPFIA4,0.5726658
DUSP4,0.5726468
CTSB,0.57264304
MAP2K5,0.5726427
COL18A1,0.57263976
MAN2A2,0.57263607
BRWD1,0.57262886
PEX6,0.5726228
KMT2B,0.57261664
BCAR1,0.5726026
MED25,0.5726021
CYSTM1,0.5726002
NDUFV3,0.57257724
GRK6,0.5725449
E2F5,0.572498
CHID1,0.57246214
MRPS28,0.57246155
NDN,0.5724399
MRPL34,0.572416
PURB,0.57239133
CYCS,0.5723792
MLPH,0.5723416
GMPPB,0.5723392
CBFA2T2,0.5722756
ZNF124,0.57214946
SEC63,0.572101
HSF2,0.57209694
FAM8A1,0.5720966
NARS2,0.5720851
NEMF,0.57207483
LAP3,0.5720334
OSBP,0.5720333
METTL4,0.57199895
PHF8,0.57195836
DHDDS,0.5719253
CMTM4,0.5718124
MLXIP,0.5717912
KCNJ2,0.57177407
FKBP2,0.5717687
AZIN1,0.57174265
CAPN1,0.57173276
PTDSS2,0.57173234
MED7,0.5717259
PLA2G4A,0.5717211
MEGF8,0.5716965
IFT46,0.5716942
ITSN2,0.57168657
COPG1,0.57168585
FIBP,0.57166874
NR2C2AP,0.5716078
CDK2,0.57155824
PKP3,0.5715308
FBXO30,0.5715179
MRPS11,0.571503
CHERP,0.57149196
MAP2K7,0.57139
ARF1,0.57138646
ARFIP2,0.5713618
CLDN12,0.5712877
NLN,0.57119954
NLRP1,0.57116103
FAM91A1,0.5711484
MT2A,0.571128
ECSIT,0.5711015
NFIX,0.571074
GLMN,0.5710093
RHOBTB1,0.5709865
MBOAT7,0.5709766
DGKI,0.5709608
FMR1,0.57095176
SPAG16,0.5709495
DLGAP5,0.5709086
FAM98B,0.5709039
SLC22A17,0.5708883
MYL6B,0.57086843
CEBPZ,0.57080483
NDUFAF6,0.57077765
PIP5K1C,0.5707498
TNIK,0.5707459
MED23,0.57074076
EFNA1,0.5707084
DDRGK1,0.5707015
PIGU,0.57069093
CERS2,0.5706859
NINL,0.57068336
ITGA2,0.5706811
LIG3,0.57061106
BRD2,0.57059574
PRKAG1,0.57058495
FIS1,0.5705811
BUB3,0.57049733
LSR,0.5704726
ORC2,0.57046336
GTPBP10,0.5704337
MARK4,0.57040375
PSMF1,0.5703574
PCK2,0.57034177
ENC1,0.570321
PDCD4,0.57031834
DCUN1D3,0.57031614
SMPD4,0.57030106
ARF3,0.5702851
LTBR,0.5702589
DNAJC3,0.5702401
POLH,0.57022697
MRPS10,0.57021344
FEZ2,0.57018983
NME2,0.57015544
YTHDC1,0.57012624
SSR1,0.5701252
NCAPD3,0.57011664
MAN1A2,0.57004946
HLA-DMB,0.5700449
PAQR5,0.57004166
PRPF19,0.57001674
FGF11,0.5700058
TOMM40,0.57
CWF19L2,0.5699644
GGPS1,0.5699614
MGLL,0.5699513
COL4A6,0.56994206
ATXN7L1,0.5699364
PAXIP1,0.56993484
GPC4,0.56992966
SNX13,0.5699026
ICAM3,0.56987566
ORC6,0.56981236
CCNF,0.5697988
PITPNA,0.5697822
MANF,0.56977165
IKZF4,0.5697333
MRPL48,0.5697053
MIS18A,0.569688
RBCK1,0.56967425
DNAJC9,0.5696458
KAT5,0.56964475
IL2RA,0.56961554
DDHD1,0.56958133
PLD6,0.5695623
CABIN1,0.56955224
METTL7A,0.56952465
MYADM,0.56952465
WDR26,0.5695047
NEK1,0.56949395
NAE1,0.5694935
BANP,0.5694696
NOP9,0.56945634
AP1S3,0.5694518
HAUS2,0.5694513
NCOA1,0.56943244
IPO4,0.5694044
ICMT,0.5693965
HECTD3,0.5693704
NCALD,0.56937015
DAPK3,0.56936324
ARAP1,0.56929296
FBXL2,0.5692684
OSBPL1A,0.56926316
DBT,0.56926095
DOK1,0.56925136
RUVBL1,0.5691876
MAD2L1,0.56916153
PLOD2,0.5691343
HDAC9,0.5690533
NPM3,0.5690209
CDKL5,0.5689544
TCEAL1,0.56894404
DAPK2,0.5689191
EHD4,0.56889135
CEP57,0.5688675
BCL2L2,0.5688629
JMY,0.56885695
KIDINS220,0.56885654
ANP32A,0.5688254
PEX7,0.5688041
MIA3,0.5687936
MRPS18B,0.5687523
CDC37,0.56873417
NCAPH,0.5686688
WEE1,0.5686394
FN1,0.5686379
PRMT5,0.56859416
ZNF589,0.5685926
NUCB1,0.5685884
KIF26A,0.5685774
MRPL10,0.56856793
GUF1,0.56851405
ARHGAP24,0.5684993
CUL2,0.56848174
IRF8,0.56842214
LMTK2,0.56840134
MAML1,0.5683994
CDCA8,0.56828505
DENND6A,0.56827056
BRD1,0.56826234
ESYT1,0.5681757
PBX2,0.5681729
C2CD3,0.56815934
RBM45,0.56813353
LTBP4,0.5681141
TRIP13,0.5680504
SYTL1,0.5680435
ZNF256,0.56802976
CELSR1,0.56801444
IRF7,0.56800413
JUND,0.56791407
PPP1R12C,0.5679013
NT5C3B,0.567884
PHF5A,0.5678663
NAA40,0.5678596
PSMB6,0.56783026
PRKD2,0.5678009
SUMO3,0.5677997
DEPDC1,0.5677846
RRP1B,0.5677664
GPCPD1,0.5677521
HMGCL,0.5677473
ATIC,0.5677402
HDAC5,0.56773376
PJA2,0.5677062
LRP1,0.5676812
NR2F2,0.5676579
MED22,0.56763333
TOP3A,0.5676035
RPL22L1,0.5676
TXNIP,0.56758136
NES,0.56754893
PRCP,0.56753826
NDUFB10,0.56751895
STOM,0.5675016
WDFY2,0.5674964
CSTB,0.56747663
LIN52,0.56745917
NADK,0.5674359
RAB27A,0.5673599
PNPLA6,0.5673332
DCAF16,0.56732917
GEMIN4,0.5673215
TSEN2,0.56730175
FAT4,0.5672908
PHYKPL,0.56727713
SEC14L1,0.5672685
PIKFYVE,0.56724536
PFDN2,0.5672388
POLR2L,0.56723535
PLXNB2,0.5672071
JAG1,0.5672051
HACE1,0.5671874
KLHL5,0.5671739
ESRRA,0.56716913
CLDN4,0.5671579
PDGFC,0.56715286
WDR41,0.56714064
IFT80,0.5671203
NAPA,0.56711304
MBOAT2,0.5670928
KLHL9,0.56703633
CPEB2,0.56701946
BANF1,0.5670021
C1GALT1,0.5669788
DVL1,0.56695664
COPS7B,0.56692326
DCTD,0.5669172
LRP10,0.56689036
KIF18A,0.5668645
ATN1,0.5668316
PIK3C2B,0.56683064
HSPA14,0.5668048
NMRAL1,0.56674916
CPSF1,0.56663656
BCL2,0.5666048
KXD1,0.56656486
GALNT6,0.56655914
CNOT8,0.56655633
JAG2,0.56653625
NAB1,0.5664978
VPS8,0.5664836
COX5A,0.5664372
NAGLU,0.5664183
NOL10,0.5663822
NEO1,0.56634176
TECR,0.5662958
CARS2,0.5662472
GJC1,0.56624436
DENR,0.5661651
CAP2,0.5661638
HEPH,0.5661295
LINGO1,0.56612545
PANK3,0.56610495
PLCD3,0.5660983
IVD,0.5660476
CCNT1,0.5660339
CNDP2,0.5660234
GSTK1,0.5659902
MRPL45,0.5659887
POLR1E,0.56597716
IMPDH1,0.5659713
VPS25,0.5659344
KIF5C,0.5659092
PELI2,0.56586003
SDC2,0.56585395
MAPRE2,0.5658531
RAP1GDS1,0.5658113
SPRY2,0.5658055
SNRPA,0.56576866
FBXO38,0.5657486
MX1,0.5657308
HOXA3,0.5656804
GMIP,0.5656575
GET4,0.56564987
SATB2,0.56562614
ITM2B,0.5656225
APTX,0.56558335
MIS18BP1,0.56556934
POLR1B,0.5655659
MRPS15,0.5655628
NUS1,0.5655573
PARVA,0.56554526
PKP2,0.56552154
HEXB,0.56547666
LRFN4,0.5654679
GPAA1,0.56542873
MRPS18A,0.5653804
CCNH,0.5653368
LTBP1,0.56533015
PUS7,0.5652796
SKA2,0.5652669
TNKS1BP1,0.5652574
UCHL5,0.56525314
RAB5C,0.56523895
CD47,0.5652327
EVC,0.5651984
SLC4A2,0.5651963
PAK4,0.5651839
IBTK,0.56512845
PANX1,0.56511205
CNPY3,0.56509954
MAN2C1,0.5650189
DCP1B,0.5650031
DUT,0.56499565
CDK5RAP3,0.5649794
GMPPA,0.56497675
MOB1B,0.56496435
LYPD6,0.5648482
DCTN2,0.5648466
TM7SF2,0.56483567
GEMIN8,0.56483376
PDSS2,0.56481725
ANAPC7,0.564767
PTK2B,0.5647311
GAR1,0.56471205
NAA16,0.56470263
NAA38,0.56470174
NLRC5,0.56469816
CD63,0.56464726
MMADHC,0.5646408
MCM6,0.56462467
PTH1R,0.5646091
KIF3C,0.56460714
CCNB1,0.5645866
KCNK5,0.5645847
PDHA1,0.5645801
NDST2,0.56452805
FMNL3,0.5644924
DUSP16,0.56435555
HOXB2,0.56434643
KLHL12,0.56432146
CHMP2A,0.5642919
NAA35,0.56428266
GINS1,0.5642718
PUS1,0.5642668
NLGN2,0.56426215
IKBKG,0.5642423
ANXA6,0.5642175
NAA60,0.5642071
CHMP4C,0.56417847
TESK1,0.5640968
KIAA2013,0.5640933
PLXND1,0.56409013
CPD,0.56407684
RPL26L1,0.5640041
PLP2,0.5640034
PIR,0.5640005
FOXF1,0.5639659
CHD1L,0.5639561
PDE4A,0.5639359
CLK1,0.5639282
DDX18,0.5639165
SURF1,0.56390154
MAP4K1,0.5638895
MGAT4B,0.5638306
CSGALNACT2,0.56382793
PCCB,0.5638241
PSMC2,0.5638205
GCDH,0.5638012
MIB1,0.563795
NCEH1,0.5637433
GTF2H1,0.5637229
SLC12A8,0.56371903
NDUFS4,0.5637039
DUS1L,0.5636986
DBNL,0.56369704
MVP,0.5636696
HOXB4,0.5636607
SAP18,0.56364703
FCHO2,0.5636437
ASPM,0.56364197
MGST3,0.5636056
PEF1,0.56360394
RAB14,0.56357396
RMI1,0.5635732
PPL,0.5635719
PRKRIP1,0.56357056
HCK,0.5635627
GDPD5,0.56354374
NUP133,0.56353
ARFGAP1,0.5635155
BMF,0.56351423
ANXA2,0.563495
CRKL,0.56348586
MORC2,0.5634648
PANK1,0.5634569
ISCA2,0.5634504
SIK2,0.5633875
ATG10,0.5633542
CAPN2,0.5633518
NET1,0.5633335
PPCS,0.5633186
ORC1,0.56331205
MTX2,0.56330925
MTMR1,0.5633073
FZD6,0.56326777
PTGES2,0.563204
SEMA6A,0.5631538
MAP2,0.5631043
CDC20,0.563103
FAM110A,0.5630555
PLEKHA3,0.5630289
NAF1,0.56302226
NOL9,0.5630168
DBF4,0.56300235
DPH7,0.5630002
DCP1A,0.56290966
MRPS34,0.5628829
SLC35A2,0.56282234
PATL1,0.562821
MAP4K2,0.5627944
COX11,0.5627923
TRIB3,0.56278527
PANK2,0.56277645
FRMD6,0.5627479
TMED9,0.56273806
CCM2,0.56273276
MAFG,0.56270903
RBM17,0.56266665
ME3,0.56260085
EEF1E1,0.56259096
BIN1,0.5625656
CD53,0.5625589
PLEKHG3,0.5624626
DDX41,0.5624084
MOGS,0.56237835
HMGXB4,0.56234926
DNM1L,0.5623409
CYB5A,0.5623373
IFT122,0.5623254
FBXO2,0.56232196
IFT52,0.56229424
DUS2,0.5622939
NELFCD,0.5622042
PDK2,0.5621987
CDK8,0.5621606
PKN1,0.5621471
POLD3,0.5621322
EIF4ENIF1,0.56213105
TRIM25,0.5620914
MIDN,0.56208456
PRPS1,0.56207204
CD9,0.562025
LTN1,0.56201786
DDX50,0.5620024
DHX38,0.56197226
PDK1,0.561964
CERS5,0.5619226
GPC1,0.56188655
DNAJC15,0.5618859
COL4A1,0.56188023
KLHL20,0.5618386
POLK,0.5618006
PTGS1,0.561738
TAOK3,0.56170994
OCRL,0.5617088
MTMR4,0.56167823
LEMD2,0.56167704
LRPAP1,0.56165713
PSMB8,0.5616549
NGLY1,0.5616511
DERA,0.56164235
DNTTIP2,0.5616275
INTS9,0.56161535
LRP12,0.56159806
HSD17B7,0.56158996
BLOC1S1,0.56157994
COL27A1,0.56151754
CENPM,0.56151104
DMXL2,0.5614536
MFAP1,0.5614501
SRSF6,0.5614315
ZNF135,0.56143093
NOP14,0.5614024
CAD,0.5613433
CEP55,0.561336
MEX3C,0.56133276
LEO1,0.56131405
ERRFI1,0.5612959
RFC2,0.56123793
LLGL2,0.5612273
TTC12,0.5612215
DGKZ,0.5611992
NMD3,0.5611891
INSR,0.56118596
EXOSC9,0.56117713
MRPL11,0.56113493
DDX19B,0.5611068
EMC8,0.5611011
ZMYND11,0.5610767
NOB1,0.5610486
NADSYN1,0.5610291
NRBP1,0.56100786
PES1,0.56100506
KIF3A,0.5610033
KTI12,0.5609875
EMC2,0.5609494
POLR3A,0.5609316
CTSZ,0.5609221
TAF12,0.56089705
GARNL3,0.56088454
CERS4,0.5608577
PGP,0.5608253
HSPA13,0.5607673
SOX4,0.5607593
SFI1,0.56063926
TYSND1,0.5605765
DHX8,0.56052583
NLGN3,0.56048495
DNAJC2,0.56047094
MGAT3,0.5604543
LIPE,0.56044084
CORO1B,0.5604253
LSM7,0.5604064
CDR2,0.5603762
KDM6B,0.5603621
IRF2BPL,0.5603495
ANAPC5,0.56031513
PFDN6,0.5603137
NCBP1,0.56030065
PLXNA2,0.5602655
PREX1,0.56022507
INPP5A,0.5601694
NT5C3A,0.56014866
UBFD1,0.56013423
DPH6,0.5601299
PRPF3,0.560128
PPP1R18,0.5601251
PRPF18,0.56009746
FDX1,0.5600506
GPSM1,0.5600283
CERK,0.56002736
MLYCD,0.5599922
TGFB3,0.5599612
AKR1A1,0.5599556
TPCN1,0.55994517
LPL,0.5598739
NDRG3,0.55982417
GRPEL1,0.5597787
ARF5,0.559774
NSUN4,0.5597377
MRPL2,0.55971676
GOSR1,0.55969614
DHRS4,0.5596578
EYA2,0.55960625
UHRF2,0.5596062
RPP40,0.5595896
STAG3,0.5595851
RASSF2,0.5595849
TRMT5,0.55957985
PPIF,0.55957305
HPDL,0.5595309
L3MBTL2,0.55952245
SNX8,0.5594927
RTEL1,0.5594844
NCSTN,0.5594493
PLXNA3,0.55938643
SNX4,0.55936736
ZNF304,0.5593257
RBBP6,0.5593188
ICAM1,0.5592912
RNF5,0.5592579
ARL8B,0.5592561
NRP2,0.55923754
DNAJC24,0.5592334
STK38L,0.5592306
PPP1R15B,0.55921376
HERC3,0.5592032
CKAP2,0.5592004
INO80C,0.55914456
BMPR2,0.5591079
KLHL42,0.5590668
REEP3,0.55906564
GINS4,0.5590119
ARAP3,0.5590063
MRPL1,0.5590047
CELSR3,0.5590021
SLIT3,0.5589985
LRRK2,0.5589898
ECI2,0.5589823
DTX4,0.55896926
MTMR9,0.558921
REEP5,0.5589207
HS6ST1,0.55891424
FBXL7,0.5589129
MRPL13,0.5589069
FUCA2,0.55890447
SNRPB2,0.558904
TNKS2,0.55889183
ERCC8,0.5588639
PCGF5,0.5588517
PPP1R9B,0.558738
GCC2,0.5586663
MAT2B,0.5586413
DDHD2,0.55862105
RGS12,0.55860144
CTR9,0.558586
ANXA7,0.55848575
COPS7A,0.5584804
LAMA4,0.55845237
RER1,0.5584454
EPB41L5,0.5583764
BCL2L11,0.55836546
DNAL1,0.55836326
LRIG2,0.55835694
SEMA4G,0.55833006
CDCA3,0.5583272
MYBBP1A,0.5583217
CDK7,0.5583047
RALGPS2,0.5583042
TES,0.55829495
MOCOS,0.5582522
RSL24D1,0.5582478
CSTF1,0.5582433
MCTS1,0.5582391
DOK4,0.55823576
HPS3,0.5582158
PLCG1,0.5582088
PERP,0.5582083
ELP5,0.55819917
KLHL2,0.55816495
ZNF83,0.5581447
IK,0.55812144
NEIL3,0.55811447
RCOR2,0.5580999
DNAJC10,0.5580713
BCCIP,0.5580226
PPIL2,0.558022
ELK1,0.558021
GNE,0.5579757
CCNB2,0.5579435
ZNF496,0.55794257
IFI16,0.5579375
KLHL21,0.55791175
CABLES1,0.5579049
PIK3R3,0.5578948
DCTPP1,0.55787855
IL10RA,0.55783904
PHF12,0.5578115
MKNK1,0.557794
ERGIC2,0.5577771
HNRNPUL2,0.5577758
ACTN4,0.5577382
CENPA,0.55771136
CCDC88C,0.55771005
NFKB1,0.5576933
ANO10,0.5576853
PSMG2,0.5576691
PYGL,0.55766547
PHF19,0.5576608
PYCR1,0.55765706
RWDD3,0.55765015
RFX5,0.55759627
SIN3B,0.5575922
PACS2,0.5575331
GTPBP3,0.55750716
ACTR2,0.55746764
CRADD,0.55746764
ZBTB7B,0.5573849
PDRG1,0.55734164
GPR183,0.5573172
BACE2,0.557293
POMP,0.5572699
DHRS3,0.55726963
ANXA5,0.5572323
ARHGAP35,0.55720997
PTTG1,0.5572028
NAIF1,0.55720156
ARFGEF2,0.55718845
RAB34,0.5571841
PPP2R5A,0.55717963
PGAP1,0.55716914
WWP2,0.5571223
ARF4,0.55711013
SHF,0.5570916
MALSU1,0.5570753
CDC7,0.557041
TNFRSF1A,0.5569942
TEFM,0.5569928
FTSJ3,0.55697966
GPATCH1,0.55696374
RUFY3,0.55694985
PHC2,0.5569429
DIS3,0.5569369
CAMKK2,0.55693495
MFSD10,0.5568755
ALDH7A1,0.5568615
RHOT2,0.5568544
AFF1,0.5567851
GADD45B,0.5567803
SMS,0.5567732
TBCC,0.5567625
CMTM6,0.55673486
NFATC4,0.5567162
ZKSCAN1,0.5566683
SMARCC2,0.55664766
DPY30,0.5566134
APOE,0.55660933
AGO1,0.55660415
ZNF714,0.55660254
IPP,0.55657387
AK2,0.55654067
INPP4A,0.55652475
CLIP2,0.55651367
MANBA,0.55648535
PRKACB,0.556478
MMAA,0.5564739
CCNT2,0.5564673
NOP58,0.5564205
CHP1,0.55640787
MRPS30,0.55628324
ENG,0.55624205
RMND5A,0.5562333
PSMA7,0.55622673
NUP54,0.55619746
TBC1D1,0.55619454
NDOR1,0.5561758
PPP1R10,0.5561593
LGALS8,0.55614
NCK2,0.55612653
MBP,0.5561219
RAB5A,0.55611503
MPG,0.5560914
CDCA7,0.5560772
CTDP1,0.5560551
PTPRU,0.55603874
DDX11,0.55602634
IL1RAP,0.5559892
EARS2,0.5559465
PTP4A3,0.555882
PLXNB1,0.5558762
ECHS1,0.5558705
CACYBP,0.5558696
GABPA,0.5557986
TNFSF12,0.55579275
CXXC1,0.5557654
ZNF431,0.55574894
FMO4,0.5557418
PDCD7,0.55573255
SRRT,0.5557043
LSAMP,0.5556575
MRPL19,0.55565184
WASF1,0.5556181
EIF2AK3,0.5556066
BDP1,0.555592
CEP120,0.555556
CENPI,0.55554116
CCDC93,0.5555357
HPS5,0.5555143
HOXB6,0.5554893
NRN1,0.5554872
TFAP2E,0.55547625
RAB11FIP1,0.5554696
CWC15,0.5554573
CUL5,0.555438
PIK3C3,0.5554096
RFC5,0.55540293
CPOX,0.5553848
AHCYL1,0.5553765
ORMDL3,0.5553722
KIF9,0.5553546
SIRT1,0.55531245
AP3S1,0.55531025
NDUFA1,0.55530673
CDON,0.5552767
PTCD3,0.5552581
NUB1,0.5552426
RAB3IL1,0.5552271
ATF2,0.55521446
GOLGA2,0.5551741
CDIPT,0.5551592
HOXA10,0.55514455
HVCN1,0.55508405
ZBTB8OS,0.5550742
WBP1,0.5550357
AKAP13,0.5550216
MAPK3,0.5550164
ZNF527,0.55498296
HCCS,0.5549625
ELMO1,0.5549356
PSMB4,0.5549219
PLEKHM2,0.55491155
PSMC5,0.55488366
SLC19A1,0.55487895
ALDH3B1,0.554866
DOCK7,0.5548267
HSD17B1,0.55480963
PHLDA1,0.55471283
ARHGEF11,0.55471236
TRADD,0.5546954
ALPL,0.55467325
SPG11,0.5546419
RPL17,0.55461174
ZNF664,0.5546015
DCAF13,0.55457747
ATP1B3,0.55457026
CLOCK,0.5545646
SRP14,0.554505
LDLRAP1,0.5544916
IMPA1,0.55448484
LNX1,0.55447143
ARHGEF3,0.5544681
NKIRAS2,0.55445594
IFNAR1,0.55445206
PDHB,0.5544405
ATP6V1H,0.5544317
PRPF40B,0.5544089
GPN2,0.55438954
ZNF155,0.5543658
IFIT3,0.55431676
NDUFB1,0.55430466
IRS2,0.5542959
EYA3,0.55429363
DCAF12,0.5542736
BAHD1,0.554241
QDPR,0.55420935
CHMP2B,0.55420244
EHHADH,0.5542001
HOXB3,0.55416673
ORC5,0.5541661
NCLN,0.55416346
BFAR,0.55413264
DMD,0.55411166
LPCAT3,0.55406994
RBBP5,0.554051
AKAP1,0.5540145
DDX39A,0.5539995
PLEKHG6,0.5539969
AURKAIP1,0.55397177
CDCP1,0.5539692
WDR5,0.5539566
HSPBP1,0.55394083
FECH,0.5539262
ANAPC16,0.5539242
PIK3CD,0.5539199
PSEN1,0.5538546
SRM,0.5538353
PPIL1,0.55380625
CCZ1,0.5537973
TUBA8,0.5537953
ITGA7,0.55378115
BLOC1S6,0.55375195
SYTL2,0.55372447
MAFK,0.5537183
PAF1,0.55364233
PISD,0.5536394
MRPS31,0.5536074
ATP2B4,0.5535676
RAG1,0.5535477
RPS7,0.55354464
CMAS,0.553537
FGFRL1,0.55347204
ANLN,0.55345845
STRIP1,0.5534462
THOC6,0.55342937
RLIM,0.5534252
TRAF3IP1,0.55340946
CPSF3,0.5534026
DDX52,0.55337405
MRPS35,0.5533352
ATAD2,0.55332196
NME7,0.5533206
CYFIP2,0.55331254
PPM1A,0.5533089
ZNRF2,0.55330473
SEC24B,0.5532586
ATP6V0A2,0.5532293
PPM1F,0.553222
EXPH5,0.553218
LRSAM1,0.5531905
CAMK2G,0.55318075
ZNF19,0.55318
AGO3,0.55315727
APBB2,0.5531155
OBSL1,0.5530432
RBL2,0.55303824
PER2,0.5529383
BNIP3,0.5529149
YIPF4,0.5528775
FGD2,0.5528353
BABAM1,0.55282587
PIF1,0.55281943
RBM7,0.55281526
PLCL2,0.55279726
RHBDD1,0.55279315
LRRC40,0.5527912
KRT10,0.5527802
PARP14,0.5527553
LYAR,0.5527041
PREPL,0.55264056
DCAF10,0.55262715
STRADA,0.55262446
NIPA2,0.5526208
BCAP31,0.5525553
KLHL22,0.5525246
CREBRF,0.552488
CD27,0.5524481
GTF2E1,0.5524359
ANKRD28,0.552364
RNF11,0.5523512
RPA2,0.55234855
SNRPA1,0.55232877
FMNL1,0.552297
AP2S1,0.552296
POLR3D,0.5522876
DAAM1,0.55228037
CDS2,0.5522548
CENPT,0.5522367
GPN1,0.55223066
RAB9A,0.55222756
MED21,0.5521882
PGM2L1,0.55216664
CHAF1A,0.55216616
PPP3R1,0.5521572
FANCB,0.55211866
VPS35,0.55209357
KCTD6,0.55207765
ACO2,0.5520753
ZNF587,0.55205315
AK4,0.5520393
PPIE,0.55201215
SMARCA5,0.55197996
NDUFB8,0.55192137
RGCC,0.551917
SERGEF,0.5518966
EFNB3,0.55188453
SEC62,0.551884
GDPD1,0.5518618
AAMP,0.55184245
NUFIP1,0.5518351
BTRC,0.5518044
SETDB1,0.5518005
CHPF2,0.55179423
IRF3,0.5517751
PEX3,0.55171055
UPF3A,0.5517087
PCYT2,0.5516456
GNB5,0.55164367
HECA,0.55163664
AAK1,0.5516269
ATRN,0.551611
PPP2R5D,0.55160207
HDAC10,0.55157095
SLC27A2,0.55156505
SUPT5H,0.5515646
MTF1,0.5515478
UBE2O,0.5515122
CBX2,0.55151016
BCKDHB,0.55144
MCCC1,0.55141777
PLCG2,0.5514057
C3orf38,0.5513591
SOS2,0.55133754
CALCOCO1,0.55131865
CBR1,0.5513026
MRPS2,0.5512845
ATP8A1,0.5512794
BAG4,0.5512647
HAUS4,0.5512577
ITGB6,0.55123496
POU2F2,0.5511974
MUS81,0.5511774
ATP6V0C,0.55117685
HEXIM1,0.55112994
TADA2A,0.55111915
PPP2R5B,0.5510962
PNP,0.55108154
ARL4A,0.55106384
STK40,0.5510507
MSX1,0.5510065
DNAAF2,0.5509843
CBFB,0.55098253
ZNF254,0.5509478
RNF7,0.5509026
LPCAT4,0.55084735
CENPJ,0.55084676
SERPINB8,0.5508253
CPT2,0.5507864
SERPINF1,0.5507342
ATAD5,0.55073416
RFFL,0.5506839
EXOSC5,0.55066955
PCGF2,0.55062073
STK38,0.55061805
STX6,0.5506119
ZNF234,0.55060494
TM2D1,0.5505999
NRP1,0.5505687
GLE1,0.5505418
PPAT,0.5505228
CARD10,0.5505204
RAD54L,0.55051297
RRAGD,0.5504997
NDUFAF7,0.55048174
CPT1C,0.5504764
SEMA3A,0.550403
ING4,0.5503963
PHF1,0.55038404
ZNF33A,0.5503806
ZNF620,0.5503593
AAAS,0.5503517
USP39,0.55032116
PSMC3,0.5502877
DDX56,0.55028284
NTPCR,0.5502618
PRPSAP1,0.5502561
B3GALNT2,0.5502263
DHODH,0.5502153
PTPRA,0.55020136
PPP1R13L,0.5501992
PPP2R1B,0.550185
SNAPC2,0.55013317
POLA2,0.5501278
DHX37,0.55008566
METTL22,0.5500706
PRMT3,0.5500694
CHST12,0.5500395
GUCY1A2,0.55003166
NR1H2,0.5500122
E2F4,0.55000794
MBD1,0.5499203
DDX27,0.549908
CPNE3,0.54990655
BTAF1,0.5498943
RPAP2,0.5498777
PSMD12,0.54985976
LSM3,0.5498342
SCNN1A,0.54982615
NPHP4,0.5498227
STX18,0.54982007
MED17,0.5497755
MRPL24,0.54975504
UQCRB,0.5497521
SERPING1,0.54968786
MIF4GD,0.5496568
PTPN23,0.5496184
PEX2,0.5496086
SH3BP2,0.54960185
DGKE,0.5495484
PIGV,0.5495206
TXN,0.5495198
TRIM14,0.5495089
C2CD5,0.5494717
SEH1L,0.54946315
COG3,0.54944724
AVL9,0.5494423
BCKDHA,0.549419
JOSD2,0.549403
BLVRB,0.5494019
RAP2A,0.54936737
CTHRC1,0.5493421
EXOSC6,0.54933566
MED19,0.54931813
IRAK2,0.54930204
AGO2,0.54929847
ACADVL,0.5492837
BMP1,0.54924184
GEMIN5,0.54921687
ETFB,0.5491559
ZFYVE16,0.5491539
CAPG,0.54914474
ZNF225,0.54913354
GSTM4,0.54910165
MANEA,0.54906106
DHPS,0.5490554
SCFD1,0.5490525
IL2RG,0.5490212
BEND3,0.5489815
CEPT1,0.54897594
RAD51AP1,0.54896843
MZF1,0.5489534
COPS2,0.5489341
MSRB3,0.5489326
NUAK1,0.54889387
MRPS26,0.54886544
CKAP2L,0.54885435
MRPL16,0.5488469
AHRR,0.54877645
PARP9,0.54877603
MED26,0.5487547
TTC30A,0.54874676
DEPDC5,0.5487074
PIAS4,0.5486974
USP33,0.54866433
SBF1,0.5486464
UBAC1,0.54860735
RAB8A,0.5486068
TEX10,0.54858845
RNF19B,0.54857564
SACM1L,0.5485158
BLCAP,0.5485048
MTX1,0.5484902
CLSPN,0.5484836
RNF185,0.5484689
CNTNAP1,0.5484396
DUSP12,0.54843175
PTGFRN,0.5484241
NDUFA13,0.5484078
RNF31,0.5484025
COX7B,0.548387
SCAF1,0.5483746
SENP5,0.54836124
DOLK,0.5483455
RHNO1,0.5483364
FADD,0.54833007
GGCX,0.54831773
ANAPC4,0.54831296
CGNL1,0.54830885
AACS,0.5483048
CHN2,0.5482425
PDHX,0.54821074
EXOC1,0.5482091
CMTR1,0.5481424
CDC23,0.5481287
CYB5R4,0.54811126
PRPF38A,0.54810303
PI4KA,0.5480987
APPL1,0.5480771
NOTCH4,0.5480666
STXBP4,0.54806423
PMPCB,0.5480363
CENPN,0.54800105
SSBP1,0.5479988
BOP1,0.54799145
ITGBL1,0.5479865
NSA2,0.5479672
PRMT7,0.5479569
PAFAH1B3,0.5479394
BHLHE40,0.54793394
HLX,0.5479284
KLC2,0.54792786
MID1IP1,0.5479035
COQ9,0.54786944
SLC30A6,0.54785615
GOT1,0.54782933
PPM1L,0.5478148
ATG13,0.5478075
THRA,0.5478004
RRP36,0.5477682
CD99L2,0.5477357
USP45,0.54773384
FBXO41,0.54772156
PHKA2,0.5476271
HGSNAT,0.547618
AGL,0.5476167
CD40,0.54755807
TIMELESS,0.54755074
MPP2,0.54739714
SPTLC1,0.5473648
ECD,0.5473647
CDC25A,0.54736125
CASP2,0.5473572
TTL,0.5473566
ABCC1,0.54735225
PREB,0.5473504
FKBP3,0.54734653
GNS,0.5473311
MPI,0.54732823
ANO6,0.54729104
CCDC12,0.5472899
COX20,0.54727614
FOSL2,0.54725915
AFTPH,0.5472441
COPS8,0.5472141
RNF138,0.5472134
PGM2,0.5471965
ATM,0.5471926
NAPB,0.5471639
CEP164,0.5471516
ADAM9,0.5471503
RNF20,0.5471472
PLSCR1,0.54713744
NANS,0.547123
ACTA2,0.54712164
TOB2,0.54709214
ZNF692,0.54708815
SHMT1,0.54704624
PPP4R1,0.5470435
PTPN9,0.5470393
PPP1R11,0.5470203
CIB2,0.5470107
AASDH,0.5470093
AHI1,0.54696
COG4,0.5469586
NDC80,0.5469054
FDXR,0.54689044
SETD6,0.54686654
GPKOW,0.54685897
PPARD,0.546764
UGCG,0.5466977
REC8,0.5466809
TMED1,0.54666585
PPP4C,0.5466428
ACTR1A,0.5466234
DYNC1LI1,0.546593
TIMP2,0.5465844
NUDT19,0.5465822
ACTG2,0.5465682
PWP1,0.54656816
ASAP2,0.54656684
INTS5,0.54654735
CENPH,0.54654044
DTX3,0.54652244
PELI1,0.5464897
POLR2H,0.5464737
C1GALT1C1,0.5464658
VPS41,0.5464628
CEP250,0.54645145
RAB30,0.5464436
CHRAC1,0.5464372
ATP7A,0.54642785
BTBD1,0.5463942
MRPL54,0.5463866
ASF1B,0.54628265
PSMB3,0.5462683
TTC26,0.5462634
NMT2,0.5462526
RORA,0.54620457
PDSS1,0.54620135
CHMP3,0.5461614
DOCK2,0.54616076
DTX3L,0.5461239
RANBP9,0.5461085
EPB41L3,0.54608816
PPP3CB,0.54604495
KCNN4,0.54604393
WDR4,0.5460049
ARHGAP10,0.5459984
AMY2B,0.5459784
AP3B1,0.54596263
SOCS5,0.5459564
TUBGCP3,0.54593897
AP1M1,0.5459166
ARHGAP44,0.5458846
ITGAE,0.54586905
MEPCE,0.5458216
PSMB9,0.5458175
TPCN2,0.5458154
CDC34,0.54580635
TRPC1,0.5458048
AP1G2,0.5457952
ID2,0.5457844
POLR1A,0.5457321
KAT2A,0.54573
MRPL9,0.5457028
KRR1,0.5456924
PTPN2,0.54567355
MAGOH,0.5456466
ATP1B1,0.5456379
APH1A,0.54561514
CHMP6,0.5456134
ABCD3,0.5455976
ACAA2,0.54559606
B3GNT2,0.54556996
PORCN,0.54556787
CD83,0.54556304
CLHC1,0.5455429
SPSB1,0.54554266
AP3S2,0.5455422
RUSC2,0.5455111
AATF,0.5454792
ZNHIT6,0.5454632
ADCY6,0.54545164
NIF3L1,0.54544044
LOXL1,0.54543024
ARHGEF2,0.54542613
RNF111,0.5454258
ASB1,0.5454245
PRKRA,0.54541004
NEIL2,0.54540277
DECR1,0.545399
NAGA,0.545386
ABCA1,0.54537225
NPC1,0.5453398
MRPS24,0.5453104
ARHGAP26,0.54530174
RASA2,0.545297
AASS,0.54526335
AP2A2,0.5452567
CAPZA2,0.54522485
TGS1,0.5452207
NADK2,0.54521954
CEP70,0.54520667
CD300A,0.54520285
ABCC3,0.5451889
RBP1,0.545186
AP3D1,0.5451742
ALG13,0.54515
ACTN1,0.5451465
GBP1,0.5451304
NPDC1,0.54511863
IL17RB,0.5451143
PYCR2,0.5450821
RAB18,0.5450677
TXN2,0.5450588
CARF,0.54505765
BRWD3,0.5450523
NDUFB4,0.5450408
SEC24A,0.5450142
TONSL,0.5449747
PITPNM1,0.5449675
ISG15,0.5449669
ALKBH5,0.544961
ALDOC,0.5449527
ARRB1,0.5449278
LPAR2,0.544924
POLR3E,0.5449076
BBC3,0.5448775
PPFIBP2,0.54487044
STC2,0.54486316
PDCD10,0.54484516
CHEK1,0.5447727
PIK3R6,0.5447492
TTC37,0.5447443
MED6,0.54472774
LMAN2L,0.5447253
AREL1,0.54470235
ARHGAP30,0.5446986
BMI1,0.544674
USP14,0.54466057
EBAG9,0.54463863
TDP1,0.5446336
GPN3,0.5446192
LTB,0.54460543
SUGP1,0.5445925
TTC7B,0.5445908
NOSIP,0.54457265
ARHGEF26,0.5445541
RGL1,0.54452056
FGD1,0.54450816
AGPS,0.5444696
NDUFA11,0.544463
RAD50,0.5444524
PCDHGA6,0.54445076
RPS6KB2,0.54442966
ANKRD44,0.54441744
RAPH1,0.54441184
ASNS,0.5444076
ALCAM,0.5443902
NOD1,0.54439014
CCNK,0.54438984
NUBP1,0.5443693
PFAS,0.5443458
ACACA,0.54434156
RAD52,0.5443105
MAPK12,0.5442914
IFIT5,0.5442583
ADNP,0.54425406
AGRN,0.54419684
PASK,0.54418933
KIAA0513,0.54418594
MRPS22,0.54413396
COIL,0.5441203
CNOT6L,0.5441125
KCNQ1,0.5440805
U2AF1L4,0.5440768
STX17,0.5440653
DPM1,0.544043
POLB,0.5440375
NOL7,0.5440238
AP4S1,0.5440219
KCNMB3,0.54401195
HPS4,0.5440106
FRK,0.5439921
CBX6,0.54395896
AK9,0.5439127
RASGRP2,0.54382515
ANKLE2,0.5438229
PCDH1,0.54380804
ALDH4A1,0.5438032
ZNF217,0.543786
APOBEC3C,0.54377985
SENP2,0.54376364
ARF6,0.54375446
PSME2,0.5437397
BTN3A2,0.5437349
RNF41,0.54370266
PAGR1,0.5436534
GIMAP8,0.5436361
RNPC3,0.5436187
ORAI3,0.54361135
AHCYL2,0.54358447
RP2,0.5435753
PLCL1,0.5435491
POLR2C,0.54353434
PRKCH,0.5435273
AP5M1,0.5435107
DGAT1,0.54347765
PPIP5K2,0.54346126
CDCA2,0.54342353
MYSM1,0.5434129
PEX1,0.5433949
ADAM12,0.5433153
HK3,0.5432879
RFX2,0.5432759
ACTR3,0.5432452
AARS2,0.54323345
ADCY3,0.5432071
NRBF2,0.5431864
LAT2,0.5431686
SMARCA1,0.54315597
COX18,0.5431559
ALDH1B1,0.5431374
ARHGAP31,0.54310024
RTF1,0.543095
UNK,0.5430895
BIN2,0.5430789
ARRDC3,0.5430707
HSD17B10,0.543053
CRMP1,0.54303944
PLEKHA8,0.54303646
GIT2,0.54303044
ANKZF1,0.54303026
MIEN1,0.5430083
MRPL21,0.5430047
RIC8B,0.54300463
GATC,0.5429955
ARCN1,0.5429738
SECISBP2,0.54296756
SAR1B,0.5429669
PIK3R5,0.5429567
CD2BP2,0.54290676
PSMD8,0.5429064
COG7,0.54288846
NAA10,0.542887
CABYR,0.5428857
RNF169,0.5428556
AP1G1,0.5428232
RALBP1,0.5428186
CNOT11,0.54280144
ANGEL2,0.5427557
ARPP19,0.54274493
DAPP1,0.54270905
ATP11B,0.5426839
ADIPOR1,0.5426828
CNOT7,0.5426807
CAMK4,0.54267985
RAD54B,0.54267484
RANBP1,0.5426578
TNFRSF1B,0.54264086
ARFRP1,0.5426394
HMOX2,0.5426111
CACNB1,0.54260945
AGPAT5,0.5426045
HAUS1,0.5425916
CHML,0.5425819
SHQ1,0.542577
AGPAT1,0.5425732
THADA,0.54256
RAB12,0.54255444
RNH1,0.54255027
NELFE,0.54254323
ASXL2,0.54254115
AP1S2,0.5425297
SMC5,0.542525
RGS10,0.5424403
PTGIR,0.5423796
PABPC1L,0.5423613
B4GALT4,0.5423281
PPARA,0.5423232
DEPDC1B,0.54228216
CTSA,0.5422696
RNF114,0.54225206
AGPAT3,0.5422327
SLC25A25,0.5422181
AP5Z1,0.5422072
RPS26,0.5421958
ADCY1,0.5421938
ARHGAP25,0.54219365
SF3B4,0.5421935
RALGAPA2,0.54214895
BOLA3,0.5421487
AUP1,0.54209447
ATXN3,0.5420562
GTF2B,0.54204583
C1R,0.54203093
MYO5B,0.5419948
ACOT8,0.5419867
ATG4B,0.5419762
ATF6,0.5419699
BRAP,0.5419644
TGFB1I1,0.5419268
CRTC2,0.5419211
ACAP2,0.5419127
ANKRD27,0.541906
BOC,0.54187584
PSMG3,0.5418613
HSD11B2,0.54185694
ATP6V0E2,0.5418315
RNMT,0.54180825
TROAP,0.5417761
CCDC59,0.5417732
CDC25C,0.5417645
SPSB2,0.5417629
RPL36AL,0.54175496
SCD5,0.5417289
ASAH1,0.5416879
EBNA1BP2,0.54167724
S1PR4,0.54165894
CCNYL1,0.5416327
RTN4R,0.54162496
BNIP3L,0.54159445
BPNT1,0.5415897
CD109,0.5415823
KRT80,0.5415424
ALKBH8,0.5415396
PLCB3,0.5415231
AMMECR1,0.5415206
QRSL1,0.5414926
ROBO3,0.5414762
ETFDH,0.5414723
RBBP8,0.5413792
TEAD3,0.54135364
ERCC6,0.5413525
ACTR6,0.5413273
ABCG1,0.54132515
IL10RB,0.5413068
PLEKHA7,0.5412967
MRPS9,0.541294
ATP1B2,0.54127574
FAM160A2,0.54127544
PIK3AP1,0.54126674
AIFM2,0.5412547
CSAD,0.54124534
ARHGEF40,0.54123366
ARPC1B,0.5412287
ROCK1,0.5412192
TAPBP,0.5411944
RCL1,0.54119295
ANAPC15,0.54119194
TCEA3,0.54113334
GHDC,0.5411139
ITGAL,0.5410634
PCDHB10,0.54102546
NFYB,0.54100627
BID,0.54099494
CXADR,0.5409793
UNC13B,0.54091394
HSPA6,0.54091346
CD200,0.54090834
TRIM32,0.54090494
ATG2B,0.5408906
GLCE,0.5408762
DENND2C,0.54086673
PYGB,0.54082924
CEP97,0.5408187
RGS19,0.5408128
RFC4,0.5407953
HARS2,0.540773
CDC42EP4,0.54076505
SNRPD3,0.5407479
PCBP4,0.54073215
ARFGEF1,0.54073006
ACTR3B,0.54072475
MYO6,0.5407245
TET2,0.5407146
PRICKLE3,0.5407087
FKBP15,0.54066056
CALCOCO2,0.54062444
DCTN3,0.54061806
ZNF418,0.5406123
KIT,0.5405593
TXLNA,0.5405423
NUP37,0.54054075
APPBP2,0.5405299
AIMP1,0.54049975
RNF34,0.5404889
ABCB6,0.5404776
WDR62,0.54047686
ARNTL2,0.5404399
UAP1,0.5404219
RASSF1,0.540403
ADAMTS7,0.54036903
PLA2R1,0.54034007
ATG5,0.54031706
SH2B1,0.54030204
PNPLA4,0.54029024
SSX2IP,0.5402901
CD320,0.54027677
ABCA2,0.5402747
ARL3,0.54024583
DYRK2,0.54022247
ARHGEF18,0.5401962
POLR3H,0.54019296
FOS,0.54017764
KRIT1,0.54013556
DOCK8,0.540125
AGO4,0.54011387
CBY1,0.5401032
IRF5,0.5401019
DIS3L,0.5401012
AIFM1,0.5400793
ETNK2,0.5400676
ATPAF1,0.5400418
TBC1D10B,0.5400348
USF2,0.54003
PEX26,0.5400082
TADA3,0.53998804
SERINC5,0.5399797
ARID3A,0.53994507
C12orf65,0.53991985
BATF,0.5399053
UBE2W,0.5398988
PSMB10,0.53989506
ENTPD5,0.53982306
BUD13,0.5398171
OTUD3,0.5398005
RNF130,0.5397571
HAUS5,0.53974026
AFG3L2,0.5397133
VPS26A,0.53969836
POLR2F,0.53969204
MZT1,0.53967756
ADSL,0.53967726
DISC1,0.5396559
MVB12B,0.539648
HEBP1,0.5396477
ABCF2,0.53960574
SMC6,0.5395515
ATG16L1,0.5395405
CENPL,0.5395104
PKD2,0.5394805
PPM1B,0.5394601
ATG12,0.53945845
RSU1,0.5394453
ARRB2,0.53943187
LAMTOR3,0.5394193
REPS1,0.53941727
CTSF,0.53940845
ALDH3A2,0.53939503
ZNF90,0.5393932
ARSJ,0.5393703
NOL12,0.5393614
ANAPC1,0.53934336
CTU1,0.5392797
RRAGA,0.5392619
RASGRF2,0.5392589
LEPR,0.5392342
ADCY5,0.5391664
SORT1,0.5391555
TGM2,0.5391414
CHAF1B,0.5391238
RUFY1,0.53912216
RAB4B,0.53908277
SORL1,0.539072
TRIM56,0.5389905
RBM19,0.5389879
MINPP1,0.53898495
ZNF91,0.5389424
MECR,0.5389409
TIMM23,0.5389072
SGPL1,0.5388962
SF3A1,0.5388664
CLN3,0.5388484
CDK11B,0.5388431
TUBGCP6,0.53883183
STARD3NL,0.53879917
ATG14,0.5387928
SYVN1,0.53874916
RIT1,0.5387439
ATP6V1B2,0.5387335
CLPX,0.5387199
ENGASE,0.53871065
PUS3,0.53869903
CAT,0.5386859
LOXL3,0.5386824
ARMC8,0.5386352
BIRC2,0.5386036
ARSB,0.5386022
LSM11,0.53858036
GMNN,0.53856844
DNAJB9,0.5385526
PMP22,0.53854257
ATP6V1A,0.5385306
RCSD1,0.5385246
DCAF17,0.5385171
RNF40,0.5385169
TRNAU1AP,0.5384935
FBLIM1,0.53849036
RAB13,0.5384877
ADAM17,0.5384848
SLAMF1,0.5384774
UPF1,0.5384318
MKKS,0.53842217
SVIP,0.5384164
THOC5,0.53840524
AMOTL1,0.53838766
C2CD2,0.53838634
PHF2,0.5383736
A1BG,0.53836644
ABCA7,0.5383626
BUD31,0.53832585
NOTCH3,0.5383183
PRPF39,0.53829587
SUN2,0.5382842
SART1,0.538262
BLOC1S4,0.53824425
NOL6,0.5382222
CUL4B,0.5382109
SMAD7,0.53815657
PIGS,0.5381454
BMP2K,0.53814214
TMEM63A,0.5381055
ACTR8,0.5380883
PGM3,0.5380877
ADPGK,0.5380825
IFT88,0.53806776
NSUN5,0.5380408
HIP1R,0.5380284
SNAP23,0.5380225
DBR1,0.5380036
ABI3,0.5379994
PIGG,0.5379838
KLHL25,0.5379667
MCRS1,0.53793585
MBTPS1,0.5379227
SERINC3,0.53791344
XRCC4,0.5379045
APBB1,0.53785557
EMB,0.53784317
CTC1,0.5378375
SPRY1,0.53778243
TADA2B,0.5377508
IL16,0.53769934
NLE1,0.5376982
FZD7,0.5376702
RBM34,0.5376454
IL13RA1,0.53762764
RALB,0.53762704
MSMO1,0.5376237
F8,0.53753626
TSR1,0.5375154
ZFP36L2,0.5374735
CD58,0.53746736
TNK2,0.53743744
FAN1,0.53743464
PIGT,0.53741
TAF7,0.53739786
SUPT20H,0.53739387
TRAF5,0.5373701
ORMDL1,0.53734124
POLE3,0.53729635
ASCC2,0.53726166
RARS2,0.5372444
SPN,0.53717154
AHSA1,0.5371704
NAGPA,0.5371247
ARHGAP9,0.53707886
IQCE,0.5370545
BRCC3,0.5370345
METTL3,0.53702366
NR2C1,0.53701043
ANO1,0.5369963
HOMER3,0.5369943
SAP30BP,0.5369836
RPE,0.53697765
EAF1,0.53693527
CAMKK1,0.5369345
ATAD3A,0.5369277
CDC40,0.5368999
MASTL,0.5368661
RCN1,0.5368462
CDKN3,0.5368447
PPP2R3C,0.53682184
ARHGAP39,0.5368069
SAMM50,0.5367693
KRTCAP2,0.53674144
EPHA1,0.5367259
MPHOSPH10,0.5367054
MPHOSPH6,0.53669035
MRPL46,0.53668064
DLG4,0.5366684
INPP1,0.5366511
PRICKLE2,0.5366375
ASAP3,0.53661096
DHRS11,0.53660446
TRPC6,0.5366044
RELA,0.5365992
KPNA5,0.5365908
RRP15,0.53657454
NPRL2,0.5365717
CBX4,0.5365687
SERPINF2,0.53656435
MON1B,0.5365481
PRKAB2,0.53645575
SASS6,0.53643215
AP2A1,0.53642964
ATG3,0.5364194
ASB7,0.536392
ARID4A,0.536372
SUGT1,0.5363521
NT5C,0.5363501
TRAPPC8,0.5363299
SART3,0.5362888
CHMP5,0.5362467
RAB4A,0.536237
TAMM41,0.5362327
ACIN1,0.5362168
ADAM23,0.5362117
SLAIN2,0.5361974
ARHGEF1,0.53619415
CKLF,0.53617096
GADD45A,0.5361033
MTHFS,0.53609985
MMAB,0.53608227
SORBS3,0.53607756
TOX4,0.5360767
SUMF2,0.5360722
CWC22,0.5360632
POLR3B,0.5360055
PPM1D,0.53597087
SH2B2,0.5359707
CCP110,0.53596926
SYNE1,0.53596246
CASP10,0.5359463
ENOPH1,0.5359237
CCNL1,0.53591794
PIK3R4,0.53590184
STX8,0.5359013
WSB2,0.53589565
SPATA2L,0.535864
STARD4,0.53584886
ARHGAP32,0.5358306
CHTF18,0.5358226
SYNRG,0.53581905
XRCC2,0.5358038
E2F6,0.5357977
SENP3,0.53578824
BAIAP2,0.5357877
MATN3,0.5357667
FCGRT,0.5357023
THAP4,0.5356796
RAB11FIP4,0.5356631
RFXAP,0.53565854
DPH2,0.53561324
RUVBL2,0.5355995
POP7,0.5355876
HNRNPLL,0.53558594
GINS3,0.5355752
ATP6V0A1,0.53556144
PLK3,0.535509
CLN8,0.5355027
BICD2,0.5354906
CNNM4,0.53546864
STAMBP,0.53541625
TAF2,0.5354093
PAG1,0.53537923
ZNF678,0.53535616
SCLY,0.5353262
ASB13,0.5353212
ALYREF,0.5353199
SPRED1,0.53531855
SCAMP1,0.53529423
ADD1,0.5352665
DNAJB14,0.53518564
ABCB4,0.53517586
PLTP,0.5351726
COL9A2,0.53517
PMM1,0.5351419
CLCN7,0.5351334
RIC8A,0.5351132
UNC13D,0.5350689
CACNB3,0.5350247
PGAP2,0.53499836
USP12,0.53499126
ZDHHC7,0.53497815
PCDHB15,0.5349693
CBR4,0.53495294
TEK,0.53494453
LAMP2,0.5349277
DHRS1,0.53486276
SNX6,0.5348483
ZMIZ2,0.5348013
ADD3,0.53479964
SENP1,0.5347915
RNASET2,0.5347852
WNT2B,0.53477925
COL24A1,0.5347341
TGOLN2,0.5347274
ADH5,0.53469443
FBXO32,0.53468436
ENPP1,0.5346761
ALAS1,0.53467464
SH2D2A,0.53467166
OSMR,0.53466725
COL5A2,0.53466713
PPP1R15A,0.5346312
C2,0.53460884
SLC12A9,0.5345893
NDRG2,0.534583
CSF1,0.5345753
HRH1,0.5345143
CDK9,0.53451276
UNC45A,0.5345071
SENP8,0.53449875
SHROOM3,0.5344197
SAMD8,0.53439033
TBC1D10C,0.5343213
RGS1,0.5343188
ALDH18A1,0.5343176
KCNS3,0.5343071
TTC27,0.53430516
MS4A4A,0.53430027
L3MBTL1,0.5342966
NOP10,0.5342928
CDK20,0.53426576
ALG12,0.5342624
C2orf49,0.534262
ALMS1,0.5342581
CAPN5,0.5342571
SLC35A1,0.5342417
DCAF4,0.534137
OMA1,0.5341336
GRAP2,0.534131
SLC30A4,0.5341014
AGPAT4,0.53403586
BTF3L4,0.5340141
UBL7,0.5339946
POLR2K,0.5339714
SNAPC4,0.5339465
CNNM3,0.5339417
UNC119B,0.53393555
RXRB,0.5338634
ZNF562,0.5338384
PER3,0.5338259
MATK,0.53382564
TAF3,0.53382427
ARL6IP5,0.5338037
TAF1,0.5337973
PADI2,0.5337949
DFFB,0.53379285
ZNF623,0.53379136
PNKP,0.5337682
AKAP10,0.53374004
TMEM30A,0.53373784
PTPMT1,0.53372806
ZER1,0.5337141
B4GALT2,0.53368986
ING3,0.5336855
MTMR10,0.5336834
CHPF,0.5336801
ARL2,0.5336582
FBXO5,0.5336575
CACNB2,0.53364354
USP28,0.533609
TBC1D15,0.53357434
ALDH9A1,0.53356314
RPS6KA1,0.5335592
PRR12,0.53352416
WWP1,0.5335169
SPCS3,0.53347474
CHCHD10,0.5334663
PHLPP2,0.53344774
MAFF,0.53341484
ADIPOR2,0.53340733
ASPSCR1,0.5333985
RILP,0.5333944
VPS37A,0.5333794
CBLL1,0.53337353
ACER3,0.53334814
C17orf75,0.53331566
UBE3D,0.5333036
ESF1,0.5332795
ATG16L2,0.5332638
BRF1,0.5332153
B4GALT3,0.5331995
CCNE2,0.5331767
ASPHD1,0.5331724
DOCK11,0.53315246
METTL14,0.5331347
SCO1,0.53312373
CAPN7,0.5330949
ACTR1B,0.533074
ADM,0.53306746
SPR,0.53305423
CDC14B,0.53304213
STT3A,0.5330257
ALKBH3,0.532989
GPAM,0.5329836
C6orf120,0.5329806
RRS1,0.5329648
CNGA1,0.53295344
CAMLG,0.5329518
ARNT2,0.5329511
SNW1,0.53290117
TAOK2,0.53289634
GIMAP4,0.532892
ADAM22,0.53287446
AMFR,0.53286177
SMARCAD1,0.5328483
ARHGEF9,0.5328466
CHFR,0.5328291
PPP1R7,0.53281236
TRAF3IP2,0.53276616
CAB39L,0.5327587
ANO9,0.53273815
REXO1,0.5327299
DENND1B,0.5326683
RABEPK,0.5326309
UBE2L6,0.53262323
ACLY,0.53260314
NOP16,0.5325897
TRMU,0.5325569
ACTL6A,0.53254944
UBQLN4,0.53252614
UTP18,0.5325202
TGFBR1,0.5325148
ABLIM2,0.53250694
ARHGAP4,0.5325037
SP100,0.5324972
SLC35B2,0.5324929
TDRD3,0.53245896
PHLDA3,0.5324453
COMMD3,0.5324426
WDR75,0.5324039
TRAPPC4,0.5323666
FAM220A,0.5323647
ARPC1A,0.5323635
PQBP1,0.532344
CACNA1C,0.5323154
SRF,0.53225076
NUDT14,0.5322236
SYNE3,0.5321543
NR4A1,0.53212744
AMOTL2,0.5321016
MBIP,0.5320972
IBA57,0.5320212
RARG,0.5320052
ABCE1,0.53195745
ZNF282,0.5319277
PRX,0.5319162
PGAM5,0.5319142
NUDT16,0.53190494
ZKSCAN3,0.53190184
PVR,0.53190076
SAFB2,0.53187674
GLA,0.5318742
ALG6,0.53182834
YAF2,0.5318258
PIGA,0.5318057
SEMA4B,0.53174734
SHPRH,0.5317346
ABI2,0.5317304
CDR2L,0.5317111
STARD3,0.53169197
AP3M1,0.5316657
BCAS2,0.5316525
SPDL1,0.53163594
DCLRE1C,0.5316259
APOOL,0.5316128
CNTRL,0.53161097
ZRANB1,0.5316058
GADD45G,0.5315895
HAUS8,0.53156507
TMEM107,0.53154856
DRG2,0.53153527
AQP3,0.53153473
ACTR10,0.5314844
TIMM17B,0.5314673
MRPL55,0.5314643
IFT81,0.5314458
ZFYVE9,0.53143966
STEAP3,0.53143734
RTCB,0.5314196
SMDT1,0.5313926
TLE4,0.5313665
ANO7,0.53134286
TRAFD1,0.531341
CA2,0.5313248
PYGO2,0.5313038
USP5,0.53129953
TSPAN33,0.5312822
COL1A2,0.53122777
WDR36,0.53117514
SNRNP40,0.53116256
IL6R,0.5311623
PGGT1B,0.53109705
FBXO8,0.53108746
MRPL18,0.5310798
NR1H3,0.5310508
ALG5,0.53104496
APRT,0.5310381
SMPD2,0.5310013
ICAM2,0.5309878
ZC3H13,0.5309787
QSOX1,0.5309602
COMMD8,0.5309328
SNAI1,0.5309081
GABPB1,0.5308931
BCS1L,0.53088677
B3GNTL1,0.5308845
TGIF1,0.53085583
RUNX2,0.5308372
ZNF445,0.5307909
PPIL4,0.5307846
CASP4,0.5307744
ITGA1,0.5307559
TRIOBP,0.5306974
STUB1,0.5306945
SCAMP2,0.5306641
IFI44,0.53059584
YIPF6,0.5305817
CDKN2AIPNL,0.53056544
FZD4,0.5305646
BTD,0.5305192
ADCY7,0.5304956
AFF4,0.530489
ASL,0.53047943
CALML4,0.530447
NOP2,0.5304362
E4F1,0.5304067
RBM42,0.5303483
CCDC97,0.5303472
SPTLC2,0.53033704
KDM1B,0.53033507
GSTA4,0.53032327
RGS5,0.5303163
ADORA2B,0.53030604
GPR180,0.53024775
SORD,0.530241
STX7,0.53024036
ATP6V1C2,0.53022623
SNRPC,0.53021663
TMED4,0.530209
CIB1,0.5301902
ARFGAP2,0.5301583
PURA,0.53014624
CEP135,0.5301245
DHX16,0.5301235
SEMA7A,0.53009427
TTI1,0.5300815
RYBP,0.5300669
AQR,0.53005874
SRP68,0.5300464
GLYCTK,0.5300404
COMMD2,0.5300187
DYNC2LI1,0.53001434
IFI35,0.529999
DCXR,0.5299748
ASIC1,0.52996606
SV2A,0.52989185
PIP5KL1,0.529819
DPP7,0.52981365
CITED2,0.52979016
MFAP2,0.52976733
NSMAF,0.5297255
MAP1S,0.5297185
CUL9,0.52970046
ZNF519,0.5296709
BLVRA,0.52966744
EXOSC1,0.5296652
FZD3,0.52965885
QTRT1,0.5296552
ARL16,0.5296149
IRF9,0.52961355
ZNF141,0.5296119
ADAMTSL4,0.529566
IDS,0.529539
SDAD1,0.529528
MBD4,0.52952564
IL12RB1,0.5294924
CLPP,0.52944964
EPHA2,0.5294474
DNAJA4,0.5294061
HECTD2,0.52940327
CNN1,0.52936333
TRAPPC10,0.52933687
CDC5L,0.5293311
CDH5,0.5293272
TXNL1,0.5293023
FLNC,0.5292991
SLC39A4,0.529293
TSN,0.5292927
ITGA2B,0.5292685
CSTF2,0.5292606
TANK,0.5292452
GAA,0.529228
ARHGEF4,0.5292037
SNX2,0.5291751
ATP6V0B,0.52917105
HOXD3,0.529158
ARHGEF37,0.5291567
SMCR8,0.52915174
CKS2,0.529119
SUPT4H1,0.5291098
FBXW9,0.52904904
PDK3,0.5290192
TRPV4,0.52898085
DDX28,0.52897406
ATP8B2,0.5289659
ABCD4,0.52895004
SEMA3F,0.52894723
AKT1S1,0.52893054
RAB2B,0.5289243
COG1,0.5289161
ATG9A,0.5289155
DHX35,0.52890867
UQCC2,0.5288301
TBC1D16,0.52883005
CDC6,0.52882177
SEC22A,0.5288201
NTAN1,0.5287518
TK1,0.5287386
ALS2,0.5287362
EMC3,0.52871174
JAM2,0.52870536
APAF1,0.5287044
BCAT2,0.5286885
DMPK,0.52868223
MAPK8IP1,0.52864903
EPB41L4B,0.5286479
RECQL,0.5286213
NFIL3,0.5286179
TTC21B,0.52861744
PMVK,0.52858925
COMMD6,0.5285607
ACAP1,0.52855545
ARHGAP12,0.5285509
ATG4D,0.5284897
SLC35E3,0.5283832
ACP2,0.5283793
ARHGAP18,0.5283769
ACO1,0.5282987
PNPT1,0.52827424
PITX1,0.52826136
ABCF3,0.5282611
AJUBA,0.52824557
SETD1A,0.5282187
CRLS1,0.5282148
CREB5,0.5282033
COQ10B,0.52819747
GBA,0.5281955
KLC4,0.5281916
TGIF2,0.5281585
LYPD3,0.52814907
TSPAN5,0.52813864
RGMB,0.5281166
GAN,0.5281102
DUSP8,0.52808744
ARFGAP3,0.52808493
BRF2,0.5280717
ACADM,0.52801365
MSX2,0.5279978
AKR1B1,0.52799046
ZNF621,0.52797884
SPINT1,0.5279435
ATP6V1C1,0.5279391
NELFA,0.5279232
BBS2,0.5279175
APOO,0.52791697
COL6A2,0.52790517
RRP8,0.5279036
PIGP,0.52787983
SF3B5,0.5278566
CHRNB1,0.5278561
SLC9A1,0.5278445
GNGT2,0.52784103
TAF6,0.52782285
ASB6,0.52781135
ASRGL1,0.5278083
ARL6,0.5278073
SLC18A2,0.5277987
VPS54,0.5277679
USP6NL,0.5277643
APIP,0.5277595
TOLLIP,0.52772355
NAA20,0.5277153
CIR1,0.5277114
IL15RA,0.527678
ABLIM3,0.5276763
SLBP,0.527676
CETN3,0.52764374
CYTH2,0.52756894
CCNDBP1,0.5275511
AKR7A2,0.52753365
ARL1,0.5274966
SDCBP,0.52746487
AASDHPPT,0.52745515
RABIF,0.5274521
COMMD5,0.5273972
MED4,0.5273799
MFAP3,0.52734464
CCDC115,0.5273265
CTH,0.52732027
BRPF3,0.52725595
DNAJB11,0.5272517
F2R,0.52723396
MPC1,0.5272336
CREG1,0.52718514
NHEJ1,0.52718383
BET1,0.52718323
COASY,0.5271424
ACVR2B,0.5271392
ACOX1,0.5271303
PPP3CC,0.52712953
ATP6V1D,0.5271167
CASZ1,0.52711546
AMPD2,0.5270922
RNF2,0.52707195
ARHGAP6,0.527062
ATP6V1G1,0.5270616
PEX16,0.5270596
ALDH1A3,0.5270307
ACOT4,0.52702665
TRAM1,0.5269677
PRKCD,0.52695453
RCOR3,0.5268893
TERF1,0.52687734
AIMP2,0.52680725
SDF2,0.5267707
ATP6AP1,0.52674353
TMEM132A,0.5267434
API5,0.5266983
APOBEC3F,0.52668905
OXTR,0.5266506
PDK4,0.52664244
SEC13,0.5266368
ATP1A3,0.5266259
ZKSCAN8,0.52658534
ALG11,0.52657163
ZWINT,0.52657115
POLM,0.52655536
TST,0.52655256
ABHD12,0.52654886
FZD2,0.52650994
ABI3BP,0.5264937
CAPN10,0.5264103
ARL14EP,0.52640986
TYRO3,0.52640826
CDH23,0.52634573
CRY1,0.52633595
ALKBH1,0.5262887
RHOT1,0.5262862
RPS27L,0.5262815
PEMT,0.52621907
CHST15,0.52620125
CHUK,0.52613175
USP4,0.52612567
DYRK1B,0.52608824
RPUSD4,0.5260858
SNRPD1,0.52606046
GLS2,0.52605873
LAMA2,0.5260548
ANXA1,0.526053
ZC3HAV1,0.52603644
AUH,0.5260289
AGFG1,0.52602583
DDX51,0.5260236
NR1D1,0.5259877
CCDC86,0.5258983
FAIM,0.525861
BBS10,0.52577937
SPNS1,0.5257733
VTI1B,0.52572304
FOXP3,0.5257149
APLF,0.5257013
NMB,0.5256882
VEGFB,0.5256252
ZC3H15,0.52562225
ACADS,0.5256164
SCP2,0.5256157
CCR10,0.5256075
PCSK7,0.52560693
NINJ1,0.5256016
OPN3,0.52560055
CD1D,0.5255599
NEK2,0.52555174
POLR2I,0.52555144
PPP2CB,0.52553433
ACSL5,0.5255164
TRIM11,0.5254519
ACVRL1,0.5254245
SEC22C,0.5254154
VPS4A,0.5254113
GATM,0.52539307
ARHGEF19,0.52539086
HENMT1,0.52537787
MAPK13,0.5253277
APPL2,0.5253109
PHAX,0.5252945
DSC2,0.5252945
ZNF398,0.5252828
P4HA3,0.5252805
S100A6,0.5252489
ANK3,0.5252488
POP1,0.525239
TRIM45,0.5252381
SMU1,0.52523774
TAB1,0.52521574
AKR1C2,0.52521163
SPTLC3,0.52517986
ACBD3,0.5251306
USP37,0.5251292
TBPL1,0.52506685
RAB24,0.52506554
PNPLA2,0.5250653
ACAD9,0.5250625
ALG8,0.52505076
UFM1,0.52504784
RBM22,0.52503484
ENTPD6,0.52498853
RIPK3,0.5249813
SNAP47,0.5249617
ANPEP,0.5249349
ZFC3H1,0.52492297
SUCLG1,0.5249213
AZI2,0.5249178
AGAP2,0.52490383
EIF2B2,0.5248997
DOCK6,0.5248643
TRIM21,0.524864
IFNAR2,0.5248569
RAD1,0.5247758
APH1B,0.5247605
PDE6D,0.5247323
ACSL1,0.5246916
KRI1,0.5246163
ZMAT3,0.52460873
AOC3,0.5245816
CDK11A,0.524575
CC2D2A,0.5245644
FLT4,0.52456313
RHOQ,0.52452445
FBXO17,0.52445894
SNF8,0.5244207
ACYP1,0.5244111
ACSL4,0.5243879
RRM2B,0.5243536
ABCF1,0.5243474
APBB1IP,0.5243207
COLQ,0.5243053
ACOT13,0.52428
INMT,0.5242726
AIP,0.5242628
SPSB3,0.5242612
MAP1LC3B,0.52421874
ACAD8,0.52420306
SLA,0.5241945
SEL1L,0.5241876
ADAT2,0.5241749
STOML2,0.5241629
SEC23IP,0.5241366
FBXO25,0.5241226
FIG4,0.5241158
MYBL1,0.5241139
SOD1,0.5241053
UBE2J2,0.5240844
ABR,0.5240791
PLOD3,0.52402246
GORAB,0.52401376
UBTF,0.5240098
JMJD6,0.5240012
PMPCA,0.52399975
ADPRM,0.52397615
ACAT1,0.5239757
USP19,0.5239747
ALDH1A1,0.52395916
CREB3L4,0.5239407
NECAB3,0.52393645
ANTXR2,0.52393043
GALNT18,0.523927
CCDC136,0.523927
COA6,0.5239193
ACOX3,0.52391624
GRHL1,0.52391356
B3GAT3,0.523894
ACAA1,0.52388453
MAP3K9,0.52386594
AGK,0.523855
BNIP1,0.52383304
PIPOX,0.5238016
ACOT2,0.52376235
ACSS2,0.5237378
SPAG4,0.52373594
CMYA5,0.5237319
CXCL14,0.523696
TSC22D3,0.5236858
COA5,0.52368206
ABTB1,0.52368045
SLC6A9,0.52367985
BYSL,0.5236707
ALG10,0.5236579
CDC16,0.5236326
LONRF1,0.5236311
TIMMDC1,0.5236109
C18orf32,0.5236089
C5AR1,0.5235917
ATG4C,0.5235879
BLZF1,0.52358127
SRI,0.5235795
EFNA3,0.52356553
POLR3C,0.52356124
C15orf48,0.52351844
TBC1D20,0.52350456
ADAMTS10,0.5234983
C7orf26,0.5234943
ALDH16A1,0.52347374
SPOP,0.5234555
FRZB,0.5234329
STAT2,0.5234276
ABCD1,0.5234255
RCCD1,0.5234236
LPCAT2,0.5234214
ATP8B1,0.52339727
CMTM7,0.52338177
EAPP,0.5233688
ACD,0.5233479
ACER2,0.5233319
AGGF1,0.52332896
ANAPC2,0.52330786
AP4B1,0.5232997
POLR2D,0.5232808
COX17,0.52325267
BAG3,0.5232494
DGKQ,0.52323353
PPIL6,0.52322924
SSR4,0.5231984
SGIP1,0.5231841
ZNF486,0.5231796
ADRA2A,0.52317667
AMDHD2,0.5231666
SUMO1,0.523161
BCL7C,0.52315885
YES1,0.5231465
AADAT,0.5231387
DNAH1,0.5231216
ZDHHC17,0.5231139
CENPC,0.52311283
HMOX1,0.52311
SLC25A17,0.5230992
UBE2S,0.5230938
ACOT7,0.5230829
SLC39A7,0.52306336
RAB6B,0.5230558
SERPINB6,0.52305293
RNF168,0.5230491
SKA3,0.5230328
TAP1,0.523027
AGPAT2,0.52299064
TCIRG1,0.52298725
PTPN21,0.52296627
LIPA,0.5229308
TMEM258,0.5229091
IL17RA,0.5228738
ACE,0.5228729
GCNT4,0.5228321
AKAP9,0.5228233
ACOX2,0.5228126
ANO2,0.5228007
CEP290,0.5227926
AGER,0.5227713
SHCBP1,0.5227691
BTN2A1,0.5227562
ADAM15,0.52271676
CLDN1,0.5227086
TUBA4A,0.5227046
ABCB10,0.5226813
KIFAP3,0.5226687
COL9A3,0.5226666
UBXN6,0.52265984
TMEM11,0.5226511
HAGH,0.52264696
EBP,0.52264005
SPHK2,0.5226246
TACO1,0.52260554
BRPF1,0.52259
DYNLT3,0.5225848
ALG3,0.522547
TTK,0.52253634
CHST1,0.5225352
ACP5,0.5224837
EIF2B4,0.5224768
ATG2A,0.5224573
UTP6,0.52242935
ADAM10,0.5224291
AK1,0.52242804
AMOT,0.5224229
DERL3,0.52241874
COG6,0.5224123
POLRMT,0.5223918
SOAT1,0.5223904
EXOSC8,0.52238923
RASSF5,0.5223825
ACAT2,0.5223434
PARVG,0.5223328
ALDH5A1,0.52230376
ANAPC13,0.5222991
SEC23A,0.52229875
ZP3,0.5222968
USP1,0.5222847
AKR1B10,0.5222825
APBB3,0.52222806
PIGB,0.52220595
CD86,0.5222047
LRRC4B,0.5221992
RGS4,0.52219164
LATS1,0.5221831
XRN1,0.52218014
IZUMO4,0.5221716
DSEL,0.52215976
SMUG1,0.5221324
AKTIP,0.52212304
ZNF429,0.5221088
ELMO2,0.5220946
ZNF335,0.5220652
BCKDK,0.52195907
ZNF195,0.5219557
ACSS1,0.52193344
MLH3,0.5219322
ADAM19,0.5219256
ASGR1,0.52188325
SCYL1,0.52187425
ETHE1,0.5218706
B3GNT4,0.5218518
MAGEH1,0.5218474
ADAMTS13,0.5218423
PCDHB3,0.5218223
ACSM3,0.52181375
ALAD,0.52181226
CD96,0.5218113
FAHD2A,0.52181053
WASL,0.5217951
EMC7,0.5217841
LY96,0.521706
CDH24,0.52167374
PSMA2,0.5216596
CD36,0.5216479
AP3M2,0.52164495
NTN4,0.5216101
ACOT11,0.52158153
RAVER1,0.5215768
BLNK,0.5215732
ZNF248,0.5215647
BATF3,0.5215585
DNAJB12,0.5215548
PCYT1A,0.5215373
ARHGAP33,0.5215143
STX10,0.52151
SRR,0.5214575
ZNF710,0.52143866
FPR1,0.5214346
CD68,0.5214268
ZNF326,0.5213999
CNIH3,0.52139467
ARL2BP,0.5213937
EPOR,0.52138865
B3GNT7,0.52138656
GALK1,0.5213191
ARHGAP27,0.52130365
ADAMTS5,0.52129406
AGTRAP,0.5212936
MCM10,0.5212928
ANKRA2,0.5212709
CXCL1,0.52125853
ALG9,0.521199
KCTD15,0.52117044
SMYD4,0.5211514
CSTF2T,0.52112496
SMARCAL1,0.5211202
COQ6,0.52111936
SIKE1,0.5211024
IL2RB,0.52110004
GPD1L,0.52109766
CYP2S1,0.5210778
ATP13A2,0.52106047
BDKRB1,0.52104825
ZNF680,0.5210412
ADRM1,0.5210231
CTSO,0.5209893
AXL,0.5209711
C12orf66,0.520959
FDXACB1,0.5208876
CD5,0.52088296
GABPB2,0.5208654
RPS6KA5,0.52084184
ARNTL,0.5208065
CTSL,0.5207947
B9D1,0.5207845
DBP,0.52077436
ADAM28,0.5207688
BAMBI,0.5207655
DPH3,0.52075434
ZYX,0.52072954
TTBK2,0.520727
AKAP5,0.5207011
ARSA,0.52067924
FHL1,0.5206695
CCT6B,0.5206422
ATP2A1,0.52063197
GFI1,0.52060866
APOC1,0.52060616
ACOT1,0.5205928
CES2,0.52057886
ACP1,0.5205491
BFSP1,0.5205418
FEZ1,0.5205322
BGN,0.5205291
TPRKB,0.52052474
GCFC2,0.5205156
CIDEB,0.5204753
CD38,0.52045536
BRIX1,0.52040607
CCDC174,0.5203543
PSMD5,0.520353
CMPK2,0.5203439
SLC44A1,0.52033323
ADAMTS14,0.5203311
CHMP4A,0.5203224
ADAMTS2,0.5202998
DUOX1,0.5202784
AKR1C1,0.52024704
ADAMTS9,0.5202451
IRAK3,0.52023786
ARHGEF15,0.5202309
RNF103,0.52019364
MYO15A,0.5201321
P2RY6,0.52011806
CDC37L1,0.52008784
SGPP1,0.520084
PGF,0.5200645
EAF2,0.5200542
CCR7,0.5200538
ZNF324B,0.52004796
PPP1R8,0.51996404
SYP,0.51995677
LPIN3,0.5199299
ATP6V1E1,0.51992154
PHF11,0.51989025
CES4A,0.5198777
SETD7,0.51984483
DCHS1,0.5198267
MRPL47,0.5198231
CCL5,0.5198131
SPON2,0.5197959
ARL4D,0.51976466
CLEC2B,0.5197617
PRKX,0.51973957
UNG,0.51971436
AGA,0.51970625
GALM,0.519705
CARD9,0.5196632
FKRP,0.5196417
ST6GALNAC4,0.5196362
FBF1,0.5196152
AIF1,0.5195968
SPG21,0.51957905
CCL4,0.519569
MYH3,0.5195618
GAB3,0.5195523
DNASE2,0.51955205
HYPK,0.5194985
LTF,0.5194898
BPGM,0.5194747
MEAF6,0.5194587
ALKBH6,0.5194135
HMBS,0.51936054
CACNA2D2,0.5193516
ARHGEF6,0.51934683
MMP28,0.5193074
ACACB,0.5193072
BATF2,0.5193032
ANGPT2,0.519294
TAF5L,0.5192792
CMC4,0.51927596
TUBD1,0.51926243
ZMAT2,0.51924604
ARHGAP19,0.5191792
ADAMTS1,0.5191488
PLRG1,0.5191482
ADA,0.5191307
PICK1,0.51911014
RRP12,0.5190869
WDTC1,0.5190855
CMTM1,0.5190802
CXCL10,0.5190635
COL6A1,0.51905453
ADAMTS12,0.5190415
WDR46,0.5190407
C1orf162,0.51903486
AP4E1,0.51902235
BMP2,0.5190114
UBN1,0.51899844
C3,0.51899785
GCAT,0.51895434
CHCHD5,0.5189473
KIF13B,0.5189397
SEMA5B,0.51893806
F3,0.51893
ECE2,0.51892793
GCH1,0.51889807
BECN1,0.51887375
ZNF791,0.5188501
PPIH,0.51884353
HEY2,0.5188238
PBK,0.51881397
NDUFA4L2,0.5188074
HOPX,0.5188037
ZNF76,0.51879835
TAX1BP1,0.5187496
PLXNA1,0.51872486
ARAP2,0.5187169
NDUFB6,0.518714
ADAMTS4,0.5186988
INTS2,0.5186877
ACSF3,0.5186808
ZNF286A,0.51867646
CBX7,0.5186758
CAMK1,0.51864475
CABLES2,0.5186435
ATP7B,0.51863277
ACADSB,0.51862913
LILRB2,0.5185972
ZMPSTE24,0.5185938
GPER1,0.5185921
DYNC1I2,0.51856613
APOBR,0.5185633
ATOX1,0.5185604
CFL2,0.51853114
DDA1,0.51850164
CYP7B1,0.5184946
ITGB3,0.51848495
ASB2,0.5184803
ZWILCH,0.51847744
PAQR3,0.51844776
AKAP8,0.5184457
KHDRBS3,0.5184377
PKN3,0.51842815
ARL8A,0.518419
DMAP1,0.51841354
IL1R2,0.5183984
B9D2,0.51839095
CBX8,0.5183903
ADI1,0.518368
BBS5,0.5183458
CENPQ,0.5183438
STX5,0.5183367
PAIP1,0.51831156
GLDN,0.5182808
GBP5,0.5182524
GPX7,0.5182418
ADCY4,0.51820153
CEBPG,0.5181816
EXOC3L1,0.5181733
GTF2A2,0.51812774
MSRB2,0.51810366
SPAG5,0.5180974
TYW3,0.5180631
TAF4B,0.51806
INHBB,0.51804495
AP5S1,0.5180449
CASP7,0.51803786
CX3CL1,0.51802766
COG8,0.51800835
SEC61A2,0.5179708
COL15A1,0.5179641
DXO,0.51795506
COL6A3,0.5179539
CDK3,0.5179188
GGT5,0.51789343
FRS3,0.51788837
CWF19L1,0.51788336
ANGPTL4,0.51787144
COQ10A,0.5178562
BSCL2,0.51783395
HOXA5,0.5178083
CACNA2D4,0.5177774
AP5B1,0.5177469
BAG5,0.51771986
CD2,0.5177035
PLCH2,0.5176949
KCNN3,0.5176714
CYP27A1,0.5176493
PLXNC1,0.51764005
CETN2,0.51763564
DDX60,0.5176186
UNC5C,0.5176156
EOGT,0.51755464
AMPH,0.5174794
B3GALT4,0.51747465
RRN3,0.5174325
DOK2,0.517419
CD163,0.517357
WDR11,0.51733357
ATP2A3,0.51732874
ARAF,0.5173223
MARS2,0.5173206
LAMC2,0.51730275
SLC26A6,0.5173003
CDS1,0.5172939
UCP2,0.51721126
CREM,0.51720655
ALOX5,0.5171927
TIAM1,0.5171813
NAMPT,0.51717937
MCEE,0.51717895
APOBEC3G,0.5171771
ATP6V1E2,0.5171627
APOBEC3B,0.5171594
ZNF593,0.5171337
CYP2U1,0.5171253
ALG14,0.5171192
APOL1,0.5171081
CDH6,0.5171036
ZNF107,0.51710355
PECR,0.51705426
ZNF770,0.51704264
GIPR,0.51704204
FUT2,0.51703393
EVI2A,0.5170297
ASAH2,0.51700807
KCNC4,0.5169993
WDR37,0.5169864
KCNAB3,0.516986
HEYL,0.51698226
SH3GLB1,0.5169323
DLL1,0.5169258
EVI2B,0.51690286
PNO1,0.5168999
IFT172,0.5168677
MAP3K10,0.5168517
CD248,0.5168161
CASP1,0.51681584
TRMT6,0.51681006
CDK5,0.5168062
B3GNT5,0.51679295
ATF6B,0.51678205
GLRX2,0.5167711
BAK1,0.51675487
CARD6,0.51674014
UBA5,0.5167387
CLDN11,0.5167371
CD34,0.516736
AP4M1,0.516731
APBA3,0.5167243
FOLR2,0.5167151
BAG2,0.51671153
MOCS3,0.5166913
ATF7,0.5166853
ARHGEF25,0.5166819
CSPG4,0.51667994
HERC6,0.5166633
COLEC12,0.5166595
BTN3A1,0.5166569
MAP3K8,0.51664895
DCN,0.5166398
NFKBIZ,0.5166098
CFB,0.5165885
BBS12,0.5165794
TCF7L1,0.51654667
SLK,0.516497
AMT,0.51648766
TAF1A,0.5164169
ALG1,0.5163093
SNAPC3,0.5162769
TDP2,0.5162526
GSTM3,0.516204
STARD8,0.51618505
FGD3,0.51617426
CHST7,0.5161656
SKIV2L,0.5161479
IL18BP,0.5161476
CRY2,0.51614463
HES4,0.5161209
DPCD,0.51609343
CDKN2AIP,0.5160927
ARHGAP11B,0.5160914
PTAFR,0.5160495
CLEC7A,0.51604915
USP35,0.51603055
MFN1,0.5160305
BLOC1S5,0.5160032
TMEM97,0.51599926
HOXA7,0.51598305
VPS39,0.5159584
USP49,0.51595724
CLEC3B,0.51595175
REXO2,0.51594687
CYSLTR1,0.515907
GALNT12,0.5158994
CATSPER2,0.51589
MBOAT1,0.5158693
ALPK1,0.515862
TBCB,0.51585674
RAMP3,0.51584655
TBC1D32,0.51581824
STXBP3,0.5158078
AQP1,0.5157967
C5,0.5157267
EPHX2,0.51571673
POLR3F,0.51570696
RNF123,0.51562464
FBXO45,0.51562357
ARSD,0.51560146
CLUAP1,0.5155599
COL5A3,0.51549995
LRP4,0.5154856
ARL13B,0.5154819
LIMS2,0.51546186
HERC5,0.5154492
BEST1,0.5154443
KIF26B,0.51539886
ALS2CL,0.51538503
BIN3,0.5153848
RAB21,0.5153832
BHLHE41,0.5153634
AGMAT,0.5153529
ASS1,0.51534307
IGSF6,0.51533264
DNAH5,0.5152831
PDE12,0.5152519
AMPD3,0.5152505
MYCBP,0.515242
RIN3,0.5152195
PACSIN3,0.51521367
ATP8B4,0.51520723
RELT,0.5151914
CHRD,0.51518875
CLIC3,0.5151546
CISH,0.5151442
NSDHL,0.5151315
CSTA,0.5151166
SLC7A8,0.51510644
TMEM50A,0.5151054
CLDN23,0.5151016
CHKB,0.5150954
CSF2RB,0.5150799
EFNA4,0.51506245
MAOB,0.5150241
ARSG,0.51502043
CCDC68,0.51501817
KDELR3,0.5150112
KCND1,0.5150063
NOL3,0.5150024
STX4,0.5149861
OLR1,0.51497805
CETP,0.5149525
RNASEH1,0.5149468
PEX10,0.51493174
SLC27A5,0.51491576
DCLRE1A,0.51490843
RRP1,0.5149006
ATRIP,0.5148888
ECM1,0.51488626
HSPA4L,0.51483345
SPOPL,0.51481044
FMN1,0.51477534
ATPAF2,0.5147487
CMTR2,0.5147433
CLK4,0.5147171
GBP3,0.51469845
COG2,0.5146884
CXCL16,0.5146469
CMKLR1,0.5146385
NEIL1,0.514623
CEACAM1,0.51461923
DENND1C,0.51461035
HHAT,0.51455903
FGD5,0.51455545
BOLA1,0.5145438
CCDC80,0.5145322
PLEKHG5,0.5145292
CYP2D6,0.51452917
PRDX4,0.51452655
BCL7B,0.5145014
EVPL,0.5144988
DDX20,0.51446724
PSMC6,0.5144665
POSTN,0.5144502
SPPL2A,0.5144394
CYP2R1,0.5144387
CEP76,0.51443547
ARHGAP11A,0.51441187
CYB5R1,0.5144109
INTS12,0.5144054
BLOC1S2,0.5144043
CLCF1,0.5144033
FPGT,0.5143666
MS4A6A,0.5143218
WDR3,0.514305
TBC1D13,0.51430446
MRPL35,0.51429975
IL20RB,0.51428246
CD4,0.51426345
PDPN,0.514261
GSDMB,0.51423556
DACT1,0.51422876
C1D,0.51418763
B4GALT7,0.51418436
MLKL,0.5141781
LMBRD1,0.5141301
TXNL4B,0.5141221
FCER1G,0.51411784
ARHGEF28,0.51410997
PAIP2B,0.51404965
DDX19A,0.51403815
ARSK,0.51402414
BTC,0.51402205
ARG2,0.5140079
UBE2J1,0.5139864
SPRED2,0.5139849
GTF2H5,0.5139451
SQLE,0.51394427
CUBN,0.51394004
ARL4C,0.5139382
DCK,0.5139241
GNLY,0.51391536
TYK2,0.5138984
LMBR1L,0.5138868
TIMM17A,0.51384073
CPLX1,0.51383543
BDKRB2,0.5138204
LIN37,0.5138176
LNX2,0.513807
LRR1,0.513792
ZNF585B,0.5137634
METTL21A,0.51375276
S100A9,0.51366276
GAS8,0.513627
OPTN,0.51357543
GSPT2,0.5135505
HOMER2,0.5135475
TFAP4,0.51353186
CEP78,0.5135313
IL18R1,0.51352036
NOMO3,0.5135093
IL17RE,0.5133811
CEP41,0.5133686
CYP39A1,0.5133608
CROT,0.51330584
CHRNA10,0.51329803
DONSON,0.5132306
NUDT12,0.51322967
ATG4A,0.513213
ZNF830,0.513196
GPR68,0.5131786
H6PD,0.5131773
MSRA,0.5130848
MED20,0.51306385
TNFSF13B,0.5130232
ZNF266,0.5129883
CCS,0.51297104
SCCPDH,0.5129705
ZNF557,0.5129651
ITPA,0.512945
TAF9,0.5129359
CENPB,0.5129242
FUT4,0.5128871
GKAP1,0.5128738
KRT5,0.51285934
CD6,0.5128531
CALCRL,0.512851
ZYG11B,0.512835
DPP4,0.5128318
HES1,0.51278967
CPT1B,0.5127749
CRAT,0.51274806
PINK1,0.5127387
FBXL22,0.51273817
OSGEP,0.5127352
GGT1,0.51267374
NFYA,0.5126115
ATL1,0.51260537
FOSB,0.5125167
UBE2C,0.51249695
MCAT,0.51247686
TPD52L1,0.5124394
CTNS,0.51241547
ITGAM,0.5123966
LILRB3,0.5123617
MARVELD3,0.5123528
FHOD1,0.5123353
TBK1,0.5123082
WBP2,0.5122781
UTP20,0.5122667
SAV1,0.51225656
FBXO15,0.5122541
ZNF71,0.51224816
ZNF764,0.5122375
GALE,0.512234
FBXO6,0.5122337
PIGO,0.5122277
NXF1,0.5122163
IFT74,0.512189
NLRC4,0.5121887
DENND2D,0.5121731
GPR160,0.5121514
PLCE1,0.5121117
SGCB,0.51210535
UBXN4,0.5120933
REXO4,0.51209146
DPH1,0.51204604
ETV3,0.51202786
CRELD2,0.5120241
CTSK,0.51200587
XBP1,0.5119937
B3GNT8,0.511967
TSG101,0.51193696
ZNF592,0.51192516
EME1,0.5119222
ERCC6L,0.5119037
TXK,0.51186043
KATNB1,0.51185924
PDCL,0.5118467
DOLPP1,0.51183873
CFD,0.511805
FAM111A,0.51177996
COL8A2,0.51176095
COL17A1,0.51175624
RAB36,0.51173973
DNAH17,0.5117064
TBCEL,0.51169664
FCGR2A,0.5116448
AAR2,0.5116279
PARP12,0.51159513
ZNF517,0.51158047
FYTTD1,0.51157063
PYGM,0.5115633
CYP2J2,0.5114724
DUSP19,0.5114541
CBR3,0.5114397
ZNF221,0.5114395
CORIN,0.51142806
HAAO,0.5113936
FBXL8,0.5113883
RPL7,0.51134425
USP42,0.5113422
TMC6,0.51133245
SMAP1,0.5113265
DES,0.5113259
CD180,0.5113081
ZNF439,0.51127386
UBE2M,0.5112706
DISP2,0.5112678
RHBDF1,0.5112428
C17orf80,0.5111474
COL11A2,0.5111137
TPK1,0.5110665
KPTN,0.5110487
LAMB2,0.5110441
SLC25A26,0.5110378
GGT7,0.51103085
COPS4,0.5110106
BBS7,0.5109991
CD247,0.5109124
SGSM3,0.5109088
TARS2,0.5108882
VAMP8,0.5108252
DENND2A,0.5107886
SNX17,0.5107712
WDR91,0.510729
RIN1,0.5106826
YKT6,0.51066655
CYP3A5,0.51066047
FZD1,0.51060045
HCFC2,0.51059556
COX15,0.51058644
DPM3,0.5105799
NOC3L,0.5105324
CEBPB,0.5105218
DIMT1,0.51049984
SESN2,0.5104984
KCNIP4,0.51049197
ZNF84,0.5104745
NFAM1,0.5104744
GATA6,0.5104657
NID2,0.51044774
GBP4,0.51043016
E2F2,0.51042175
MYH14,0.5103767
PTPRN2,0.5103733
WDHD1,0.51035315
RING1,0.5103308
ASB8,0.51030046
DUSP6,0.5102826
SLC4A11,0.5102712
DDX58,0.5102603
ZNF555,0.51025665
CYTH4,0.5102538
UHMK1,0.510247
SAT1,0.51022506
KALRN,0.51022154
OASL,0.5102192
CCDC22,0.5101994
EIF4E3,0.51019615
NDUFA3,0.5101955
COQ7,0.5101883
TNIP2,0.5101685
ZNF160,0.5101245
DHDH,0.51008165
SPRY4,0.51007694
RBMX2,0.5100221
ZFYVE26,0.5100092
DUSP7,0.51000595
CHST14,0.5099959
LAMTOR5,0.50995815
RPGRIP1L,0.50995743
MRPL40,0.5099572
WDR77,0.5099426
ALG2,0.5099305
RRAS,0.5098984
COQ3,0.50986266
ERI2,0.509846
CD69,0.5098289
EXOSC4,0.50975984
DHX58,0.50973517
DERL2,0.5097266
NRCAM,0.5097263
IDH3G,0.5097154
TCF7,0.50969714
CCDC40,0.50967693
WRNIP1,0.50965255
EMC4,0.50963235
NAPEPLD,0.50959235
RHOBTB2,0.5095912
CACNA1H,0.50957614
SDS,0.509565
MED11,0.50955135
KIF17,0.5095392
VPS11,0.50953346
STK35,0.509523
INTU,0.50951475
TUBGCP4,0.50949514
CEL,0.509466
DET1,0.5094059
RBBP9,0.50934476
TIMM13,0.5093103
COPS5,0.50927234
SMPDL3A,0.5092132
WIPI2,0.5091774
UQCRQ,0.5091539
P2RY11,0.5091448
CLIC2,0.5091445
DMTN,0.50913054
CCDC106,0.5091216
B3GALNT1,0.50908566
EPHB3,0.5090448
PDLIM4,0.509035
EFCAB7,0.5089996
MRPL33,0.5089063
MRI1,0.50889695
PRKAG2,0.50888324
SDC1,0.508851
NAGK,0.50883937
RAD9A,0.5088071
TUBGCP2,0.5087987
COL16A1,0.5087827
SEMA4C,0.50876373
MAP1A,0.50873274
DCLRE1B,0.50871134
CTBS,0.50868475
GRPEL2,0.5086797
PLK2,0.50863117
MRPS14,0.50853133
SEC61B,0.50851506
SMOX,0.50851053
F12,0.5085061
KMO,0.5084945
MED29,0.50848556
SSBP4,0.5084835
NFKBIL1,0.5084473
TRIM22,0.50836736
NIPSNAP3A,0.50832856
SLC15A4,0.50832367
MCF2L,0.5082988
FAM20A,0.5082874
TTC5,0.50824636
CREB3,0.5081137
CHI3L1,0.50809455
SLC25A20,0.50808287
FGR,0.5080716
TNFSF10,0.50805753
KLHL3,0.50805444
CGRRF1,0.50803405
HSPA1B,0.50802594
C17orf49,0.50801945
POLR3GL,0.5080046
NECAP2,0.5079735
NDUFA8,0.5079447
LIN7A,0.50789154
KREMEN1,0.50788426
SRPRB,0.50787854
PEX11A,0.5078618
TCTN3,0.5078556
F5,0.50782573
SECTM1,0.50780714
FCHO1,0.50780284
KCNG1,0.50779325
BMP4,0.5077833
CLDN7,0.50770986
SLC7A7,0.5076278
TXNDC12,0.5076236
TOMM40L,0.5075914
TMOD2,0.5075421
SKAP1,0.50753444
DMWD,0.50753
SSB,0.50748694
SPAST,0.5074581
UFC1,0.5074139
RND1,0.5073846
TBX19,0.5073493
FZD5,0.5073186
SNAP29,0.5073019
ELMO3,0.5072263
F13A1,0.5070787
E2F8,0.5070266
PRMT6,0.50699615
FPR3,0.5069869
RMDN3,0.5069491
PPM1K,0.50693375
UTP14C,0.5069161
DALRD3,0.50691557
TBL3,0.5069118
FAM114A2,0.5068749
MOK,0.5068395
CLDN15,0.50677973
RNF152,0.50677806
ZNF26,0.5066704
SURF6,0.5066367
FBXO27,0.5066043
IFT57,0.5065956
STAT4,0.50656074
NOM1,0.50654614
TATDN2,0.5065203
MAGOHB,0.506515
FOSL1,0.5064721
FBXL12,0.5064065
MAD2L1BP,0.5063342
NID1,0.5063321
DSCC1,0.5063168
GALNT14,0.5062259
SWI5,0.5062194
ITGB1BP1,0.5062187
GRK4,0.506192
EPHB6,0.506172
UBE2B,0.5061501
FBXL3,0.50608975
NME6,0.5060267
FCGR3A,0.505995
MRAS,0.5059409
NOL11,0.50591457
RANBP6,0.5058803
ELOVL7,0.50583893
NOL8,0.50580966
MR1,0.50572556
SYF2,0.505721
SMAD1,0.50569034
GPX3,0.5056675
GDF15,0.50564796
POFUT2,0.5056159
ZNF17,0.5055828
PSMD10,0.50555575
FNDC5,0.505512
POLR3G,0.5055101
DYSF,0.5054829
LLGL1,0.50547606
TERF2,0.50545913
TXNRD2,0.5054561
MTSS1,0.5054534
TARBP2,0.50544083
FBP1,0.5052438
FUT1,0.50521886
MRPS23,0.5052049
GNAO1,0.5051437
NMNAT2,0.50513995
UCHL1,0.5051204
LZTFL1,0.50504005
UBXN1,0.5050276
UQCR10,0.5049926
FJX1,0.5049619
CUL7,0.5049324
NME3,0.504924
TOMM34,0.5048564
CYB5R2,0.50485355
PHKG1,0.50480497
SUV39H2,0.50478935
PRR5,0.504713
IPMK,0.5047036
NAPG,0.50469035
NEDD1,0.5046709
KIAA1549L,0.5046605
ITPKC,0.5046533
LIN7B,0.5046456
LIPG,0.50458753
MBTPS2,0.50458723
SMNDC1,0.50454676
HSD11B1L,0.5045286
SARS2,0.5044033
NRL,0.504366
TRIM26,0.5043511
EPHA4,0.5043463
ZC3HC1,0.5043038
ZNF347,0.504302
YTHDF1,0.50427705
CASP6,0.50418913
PCSK5,0.50407225
FBLN5,0.5040301
LMCD1,0.5040003
COPZ2,0.5039889
HYI,0.5039888
MPHOSPH8,0.5039719
KIF7,0.5038958
UBE2F,0.50388
RPAP3,0.50387985
STRIP2,0.50383526
TMED7,0.5038138
UBE2A,0.5038019
NEU1,0.50369096
RND3,0.5036381
MPZ,0.5035935
SEZ6L2,0.50357574
PDE5A,0.5035059
MLF1,0.50349534
PDGFD,0.5034482
EME2,0.5034392
HFE,0.5034392
HSPA12B,0.5034026
PPCDC,0.50335395
MERTK,0.50328416
CHCHD1,0.5032803
NFS1,0.5032433
LRFN1,0.50323576
UVSSA,0.503082
GNA14,0.50305337
TRAPPC3,0.5029874
HDAC11,0.50298584
TNFRSF12A,0.5029809
URB2,0.5029278
PODXL2,0.50292224
FOXRED2,0.50290865
LRRC49,0.5028758
ZNF318,0.5028623
MCMDC2,0.50285167
IDUA,0.50281966
TFB1M,0.50271326
VPS36,0.5026685
DLC1,0.502529
PEX11G,0.5025139
PDCD5,0.50250465
MBD6,0.5024338
PLAT,0.5024034
MTMR6,0.5023997
GALNT3,0.50229996
UCHL3,0.5022711
SERPINB9,0.50225866
HIGD1A,0.50223947
TBC1D2,0.5021793
UROD,0.5020835
SCN1B,0.5020829
HPSE,0.5020644
YARS2,0.50204223
LMF2,0.5020357
DEPTOR,0.5020353
HARBI1,0.5020139
VPS52,0.5019885
MMACHC,0.5019688
PIGW,0.50192213
HAUS3,0.50191003
EFNB1,0.50185937
NNMT,0.5018455
DUSP10,0.5018421
ZDHHC9,0.50183594
KCNAB1,0.5018177
IL17RD,0.5018092
TRIP10,0.5017426
INIP,0.5016742
DNTTIP1,0.50167066
FNIP2,0.5016393
RNASEL,0.50163764
CLIP3,0.5016251
ITGA9,0.5015632
WDR81,0.50147134
GEMIN6,0.50141513
IL17RC,0.5013678
ENPP2,0.5013561
TXLNG,0.5012378
HELQ,0.5011909
CCR1,0.50104463
PAPSS2,0.50103
NEB,0.5010286
NDUFA5,0.5010226
SEC31B,0.5010116
KRT17,0.50100577
POLG2,0.50100094
EDEM3,0.5009878
FNTB,0.50093395
RPP21,0.5008951
MRPL27,0.50085044
SLC25A28,0.50083536
ZKSCAN4,0.5007939
PPT2,0.50076896
UBE2Q2,0.5007597
STIM2,0.5007499
RAB25,0.5007455
ZNF189,0.5007018
DUSP1,0.5006368
ITGB4,0.50057966
HSPB11,0.5005358
IRF2BP1,0.5004383
ZNF700,0.5004142
YIPF2,0.500388
GOLGA1,0.5003245
OSTM1,0.5002861
MAPRE3,0.5002234
SHC2,0.50020844
UBE2Q1,0.50015897
POMGNT2,0.5001587
ERLEC1,0.5001436
WDR18,0.50004286
RAB8B,0.5000064
NPHP1,0.5000039
OAS1,0.49992228
ERN1,0.49991953
UQCRFS1,0.49988952
GEMIN7,0.49987915
TRIP11,0.49987498
NSUN6,0.49983698
LZTS3,0.4998228
TNFRSF21,0.49973348
GALC,0.4997018
SCUBE2,0.49966773
PRKAB1,0.49959442
HYLS1,0.4995636
KCNJ14,0.4994692
MTFMT,0.49946222
NSMCE4A,0.49945217
EDNRA,0.4993954
SPRTN,0.49932453
REEP2,0.49930003
SAP30,0.49929455
RRP9,0.49921
THEM4,0.49891084
ZFP36,0.49872568
RNF135,0.49869344
LCAT,0.49863285
HSPA1L,0.49862686
NR1D2,0.49861565
NFU1,0.49853587
EID3,0.4984873
TMEM186,0.4984867
YRDC,0.49838886
TUBB6,0.4983867
RELL2,0.49834538
MRPL39,0.49834362
MAN2B2,0.49827918
PCDHB5,0.49825197
PPOX,0.49824592
SGMS2,0.49824333
POLI,0.49817088
LRG1,0.49810758
MAOA,0.498064
TERF2IP,0.4979527
SOCS6,0.49794295
RCE1,0.49792558
TMED5,0.4979126
ERMAP,0.4978458
MRPL22,0.4978221
ZNF7,0.49773377
RCHY1,0.49771735
NGDN,0.497685
HSPB2,0.49768215
FKBPL,0.4976484
KCNC3,0.497421
NUDT9,0.4973984
PCYOX1L,0.4973263
TLR7,0.49730945
PRDM4,0.49725428
PTRH2,0.4972461
TOP3B,0.49712896
KBTBD8,0.4971182
MOCS1,0.49707618
GLIPR1,0.4970152
SNRPE,0.49696052
EHD3,0.49694127
SLA2,0.4969216
MFSD2A,0.49688828
VAMP3,0.4968848
KBTBD6,0.49680775
MCUR1,0.49678457
UQCR11,0.4967118
TWF2,0.49670357
TUBGCP5,0.49663147
PDP2,0.49657103
TPMT,0.49649584
MPP7,0.4964422
STX12,0.4964282
PI4K2A,0.49635088
ULK1,0.49624488
SERPINE2,0.49620128
PCOLCE,0.49615806
KRBA1,0.49611512
RAB3IP,0.4960799
RGS2,0.49606365
ZNF615,0.495985
ZNF461,0.49594393
GCSH,0.49590266
SIAH1,0.49586138
LGI4,0.49586022
ISY1,0.49585336
HOXB7,0.49583617
EXOC8,0.4958302
ZFYVE27,0.49582222
LDHD,0.4957795
FAAH,0.4957526
PLB1,0.49574697
SLC44A4,0.49574646
KRBOX4,0.49572003
OIP5,0.49568394
LYZ,0.49567193
SHPK,0.49566257
RAB40B,0.49566215
SNX18,0.49564517
RAI2,0.4954749
NDUFAF1,0.49545068
GEMIN2,0.49541566
SPCS2,0.4954087
MIB2,0.4953981
ZNF2,0.49539632
RAP1GAP,0.49539155
KCNJ15,0.4952876
MTM1,0.4952858
ZNF550,0.49525854
PIGQ,0.49524078
HOOK2,0.49522263
RPAP1,0.49522066
SIPA1,0.49515355
FST,0.49508527
REEP4,0.4950439
MTO1,0.49492753
PAK1IP1,0.49490243
PLCB2,0.49487516
MMP15,0.49486855
NFKBIB,0.4948381
PBDC1,0.4948242
PRKD1,0.4947132
PEX13,0.49454495
MYO1F,0.4945439
SPARCL1,0.4944935
STK36,0.4944771
HNMT,0.49435446
ST8SIA1,0.4943385
MTIF2,0.49423355
MRPL41,0.49421257
GK,0.494212
STARD10,0.49414095
SYDE2,0.49405465
FBXO4,0.49404445
TRAIP,0.4940191
NCF4,0.49400824
NPR1,0.4938715
PLA2G15,0.49384376
RIOK3,0.4938089
RABGGTA,0.4937886
LMF1,0.4937737
HS3ST1,0.49374703
NCKAP1L,0.49374232
MICU2,0.49373895
OAS2,0.49371344
MPND,0.49366584
NMRK1,0.49354565
VTA1,0.4934653
MPP1,0.4934595
PSTK,0.49339378
TNXB,0.49329802
STX1A,0.49322993
MGAT4A,0.49319258
RARB,0.49310455
ZNF354C,0.49300945
VCPIP1,0.49298656
STX11,0.49293545
SPAG7,0.49284557
TAF5,0.4928293
TRIM69,0.49282762
ZNF846,0.4927976
PBLD,0.49272028
POGLUT1,0.4927035
RECK,0.49270067
TSPYL2,0.49268913
PARP2,0.49265558
GRIN2D,0.4925319
THUMPD1,0.49251246
RAPGEF5,0.49247995
LRP3,0.49235323
FBXL14,0.4923256
SEC23B,0.4922638
NIT2,0.49214554
MIS12,0.49199596
SLC35B1,0.49183777
MIEF2,0.49173057
ZNF430,0.4917178
SCNM1,0.49163416
JMJD4,0.49158564
RETSAT,0.49156258
TFAM,0.49150774
PCGF1,0.49147272
FUNDC1,0.49144965
TMEM115,0.49128586
NOMO2,0.49123856
OAT,0.49123028
ULK3,0.49113867
OSGEPL1,0.49110687
KDM8,0.49107713
NABP1,0.49095303
MICALL1,0.49094412
ZNFX1,0.4909025
IRF6,0.49081996
TBC1D10A,0.49077368
ITPKB,0.49064645
POLE2,0.4904305
MYLK,0.49042284
TUBG1,0.49039337
PAM16,0.49037078
NOC4L,0.49037066
PRPF4,0.49035347
MICAL2,0.49026203
HUS1,0.49021345
MTRF1L,0.49003178
ORMDL2,0.48999095
MYO7A,0.48996782
PLK4,0.48977995
MST1R,0.4896508
RHPN2,0.48955974
GPX8,0.48947322
UMPS,0.48924938
MAK16,0.48922026
SLC25A38,0.48919237
MTIF3,0.48916623
RGP1,0.48915043
SPICE1,0.48907647
UPP1,0.48883575
PLEKHG4,0.4887183
NXT2,0.48866066
POMGNT1,0.48858514
LIPT1,0.48857233
UBE3B,0.48854893
LMOD1,0.48845813
RAPGEF4,0.48843578
SATB1,0.48838532
TCEA2,0.48833972
TFB2M,0.48830858
ZNF184,0.48827696
SHB,0.48818263
LIG4,0.4881604
N6AMT1,0.488043
MCM8,0.48802257
NDUFA12,0.48792526
PPP1R13B,0.4879224
KHK,0.48780107
LAMB3,0.48772588
TINF2,0.48761854
PRNP,0.48761773
KCNMB4,0.4875364
IFNGR1,0.48753187
RNF14,0.48734963
SLC40A1,0.48734596
MOSPD2,0.48732823
TP53BP2,0.48718077
KBTBD7,0.48711583
MGAT2,0.48705384
ZNF143,0.48704332
LTB4R,0.48701832
TRIM2,0.48698953
UNC119,0.48673534
PHKA1,0.48671776
VMA21,0.48670185
UGDH,0.4866554
NAA30,0.48656344
SEPHS2,0.48653477
PITRM1,0.48652396
STRADB,0.48650962
SRD5A3,0.48641905
ZNF420,0.48640564
VPS37D,0.486334
TAZ,0.4862207
SEMA4F,0.48618045
NFASC,0.48614523
MRPL44,0.4861105
NMI,0.4859549
TRAPPC6A,0.48594594
MMP17,0.48590097
SMC2,0.4858967
IL7,0.48586124
USP46,0.4857613
NDUFA9,0.48564425
PLCD1,0.48563272
NHLRC3,0.48553655
VPS37C,0.48550457
NSMCE1,0.48547578
PSMC3IP,0.48544678
SDC3,0.48535502
ZSCAN32,0.48529485
ZNF33B,0.4852719
NR4A3,0.48515072
PDCL3,0.48506835
PRPS2,0.4850648
RAD51D,0.48503968
PIP4K2C,0.48500726
PDZD11,0.48492473
RAB20,0.484896
MOAP1,0.48488396
PARD6B,0.48479033
USP11,0.4847674
ZNF419,0.4847278
KCNIP2,0.4846966
TMEM214,0.48469037
PAK6,0.48458353
ZNF112,0.4845243
THOC1,0.4844862
TIMM21,0.48445344
PYGO1,0.4843178
OAS3,0.48423666
NEDD9,0.4842181
RAB32,0.48409337
ZNF699,0.48390594
TUBB3,0.48381427
ITGAX,0.4838119
RHPN1,0.48375523
ZNF274,0.48346332
PIGC,0.48323455
PARD6G,0.48320928
IER3,0.48319176
MAPK11,0.4831793
PALMD,0.48310676
LRRC8E,0.48306587
SIGIRR,0.4830416
NTM,0.48301753
PFKFB2,0.48299962
SNRNP48,0.48293504
TBP,0.48291498
UTP23,0.48273122
ITGA5,0.48270613
THBS2,0.4826928
PANK4,0.48258576
NDUFAF3,0.48253602
ZNF626,0.4820609
ZNF34,0.48201948
PLEKHG2,0.4818352
TRAPPC5,0.48179933
HTRA2,0.48164165
MRGBP,0.4816043
UXS1,0.4815648
RABL2A,0.48151597
TBC1D17,0.4811679
RNF181,0.48109862
MYL5,0.4809374
PTN,0.48085457
PAN2,0.48074755
UTP3,0.48073563
RPIA,0.48067823
WARS2,0.48063228
ZNF219,0.48052436
TREX1,0.48047593
UBE2D4,0.48045522
PCSK6,0.48043436
RPGR,0.4804112
LIF,0.48028347
KIF27,0.4801567
SOCS7,0.48003173
NANP,0.4799612
ZNF480,0.47992054
UROS,0.47985432
RIN2,0.47982672
PREX2,0.4796899
MCM9,0.47961763
LRFN3,0.4795806
SLC5A6,0.47950122
PPFIA3,0.47935933
SYT7,0.47929457
PKP1,0.47927964
PSEN2,0.47927716
VPS4B,0.47916245
PRRT2,0.47915325
RAD51C,0.47903824
ZBTB33,0.47896224
OCLN,0.47865593
SLAMF7,0.47836557
ZNF385A,0.47825086
ST8SIA4,0.47822347
RNF139,0.4781829
NPL,0.47817573
PAQR8,0.47812414
PJA1,0.4781029
TOB1,0.4780955
NKIRAS1,0.47805297
RGS16,0.47798717
IKBKE,0.47797486
RHBDF2,0.47789606
WDR35,0.47788146
ITGA8,0.47781074
TMEM126B,0.47780302
PAFAH2,0.47745666
TBC1D8B,0.47738612
RAB38,0.4773729
SGSH,0.47734675
PTPRO,0.4773414
SPTBN4,0.47728464
PTCD1,0.4770829
LFNG,0.47700283
XYLT2,0.47693524
TMOD1,0.47686166
WDR55,0.47679666
RNF25,0.47666392
RIPK1,0.47636595
PDLIM2,0.47634047
SESN1,0.47600454
ZNF175,0.4758118
TLE1,0.4757559
OPRL1,0.475685
PILRA,0.475625
ZNF558,0.47559503
TNFRSF10A,0.475541
SLC12A2,0.47543547
SMPD1,0.47537404
XAB2,0.4753486
ZNF383,0.47531974
POLE4,0.47531402
TBC1D24,0.47514048
RGS17,0.4751296
RAP2C,0.47505388
PNKD,0.47496292
NR4A2,0.47492522
UBA3,0.4749036
ZNF354A,0.4748179
RABEP2,0.4747162
STK11IP,0.47469553
PLD2,0.4746656
ZNF573,0.47459504
MON1A,0.47455382
SEPSECS,0.47429064
TIMM8A,0.47423455
TMEM187,0.47417846
RFK,0.4739221
NPHP3,0.47391263
TAF8,0.47388586
TMEM70,0.47383907
NEK8,0.47352108
TTF1,0.47347158
RCAN1,0.4734694
PLA2G12A,0.47343642
NUDT16L1,0.4734127
ZNF641,0.47300002
MTMR7,0.47296476
PHKG2,0.472898
TELO2,0.4728643
NIP7,0.47281212
ZNF622,0.47272098
RTKN,0.4726542
YEATS4,0.47258258
TSEN34,0.47238642
SLC27A1,0.4723827
VARS2,0.472342
RUSC1,0.47231323
ZNF614,0.47211465
ZNF526,0.47202545
RNF6,0.47198567
PPWD1,0.47188276
ZNF808,0.47181815
BMP8B,0.4718152
PTPRE,0.47175395
TAF11,0.47174487
MX2,0.47167486
TMEM67,0.47163513
MRM1,0.4716119
MED9,0.47159865
SEMA5A,0.4715575
PTS,0.47154593
STXBP2,0.4715221
RPP30,0.4715076
ZNF79,0.47136608
SPIRE2,0.4712391
ZFP69B,0.47119632
SLC22A4,0.4709855
ZFP82,0.47096056
SNAPC1,0.4707936
KLHL11,0.47059023
ZNF32,0.47057572
ZNF136,0.47056004
TRUB2,0.47045735
PIGF,0.4699855
ST3GAL6,0.46985847
RTCA,0.4698088
TAB3,0.4697865
RHOB,0.46977642
PKIA,0.46977305
SSH3,0.46955472
PPP1R3B,0.46923798
SUPV3L1,0.46922874
NTN1,0.46906477
WDR19,0.4688179
PLCD4,0.4687378
ZNHIT3,0.46872944
ZFP1,0.46867114
ZNF687,0.46866956
VPS26B,0.46847463
PANX2,0.46833456
RAB3D,0.46821785
WDR5B,0.46819857
PIGM,0.46814063
TGFBRAP1,0.46791855
PARS2,0.46790978
SPATA13,0.46783933
ST14,0.4678128
ZCCHC4,0.46776962
SH2B3,0.4676046
THAP11,0.46743724
ZDHHC21,0.46735922
PTPN22,0.4672173
RPL36A,0.46680287
PI4K2B,0.466765
POMT1,0.4665731
PRICKLE1,0.4665143
SNRPG,0.4664659
TRPM2,0.4664587
TDG,0.466451
SIRT3,0.46636936
RNF8,0.4661051
RIOK1,0.4655111
NFRKB,0.46550384
RMDN2,0.46541375
TDRD7,0.4653268
NDUFAF5,0.46516594
SYT11,0.4651515
TBC1D25,0.46508077
WNT5B,0.46504045
POP5,0.46498427
SCNN1D,0.46491823
ZNF337,0.4647413
PCDH18,0.46472043
ZNF701,0.46471378
MAP3K6,0.46446452
SNTA1,0.46444836
TSEN54,0.46444187
RCAN3,0.46431047
ZNF18,0.4642752
OPLAH,0.46419227
TMEM176A,0.4641762
WDR45,0.4640377
SAT2,0.46394786
SLC30A1,0.46385363
RPS6KA4,0.46372145
PPID,0.46372044
SYNGR1,0.4637156
RABL2B,0.46364465
ZNF836,0.46358317
SLU7,0.46315572
RAB37,0.4627998
TBC1D23,0.46278062
ZNF670,0.46266505
SEC11C,0.462544
RBAK,0.46247682
RAB11FIP5,0.46204275
VCAN,0.46198317
USP20,0.46195585
SMARCD3,0.4618949
TRAPPC2L,0.4618338
ZKSCAN7,0.46132666
RNASEH2B,0.46116248
SPATA2,0.46104792
YOD1,0.46083313
SYCE2,0.46078634
PRPF31,0.46060872
PDXP,0.46036676
SMYD5,0.4602927
TM6SF1,0.4600603
RTN4IP1,0.45973983
TEX264,0.45971102
C9orf72,0.45969108
SH2D3A,0.45933902
ING2,0.45920318
SNIP1,0.45909953
TOR1A,0.45906854
TP53INP1,0.45897776
SLC1A1,0.45843697
TIMM44,0.45840028
USP43,0.45826185
ZNF333,0.4582156
ZNF772,0.45815575
SNAPC5,0.45810485
NR5A2,0.45808747
ZNF100,0.45806652
TAF6L,0.4580576
TIPRL,0.45798635
TIFA,0.4578915
UBXN2A,0.45778582
RAB42,0.4577653
ZNF468,0.45776516
ZBTB17,0.45757395
TRAF6,0.45738524
SIVA1,0.45727882
SRP19,0.45710042
TRIM46,0.4570783
ZNF284,0.4570647
TOM1,0.45698488
SLC9A3R2,0.45675159
ZNF671,0.4564557
SCIN,0.4563568
SDSL,0.45633563
SUPT7L,0.45616204
ZNF460,0.4560109
ZNF674,0.45599678
ZNF81,0.45598316
TEP1,0.45581883
UBQLN2,0.45573422
UBL4A,0.45568705
REPS2,0.45560488
ZNF267,0.45548818
SPDYA,0.4553333
SURF2,0.4553297
ZNF3,0.45522654
UBE2T,0.455117
SARM1,0.4549292
TAF1C,0.45432758
UTP14A,0.45422894
TBXAS1,0.45412344
POMK,0.45365417
SORBS1,0.45362875
GPNMB,0.45360652
RHOU,0.45352054
TRIM35,0.45330915
RINL,0.4532447
WTIP,0.45323053
ZNF251,0.45309833
SULF1,0.45298332
RIOK2,0.45285508
SLC27A4,0.45272434
TRPC4,0.45249942
SNRNP27,0.4518841
RPF1,0.45164046
UBA7,0.45157328
SGK3,0.4513808
TMEM147,0.45116377
SHARPIN,0.45099714
ZNF684,0.4508367
TRAPPC11,0.45075035
SKA1,0.4507378
SOCS3,0.45052037
TCN2,0.45030078
TRIP4,0.45008662
TIMP3,0.45008478
PYCARD,0.4499912
SNTB1,0.44981813
SUOX,0.44966623
TOR4A,0.44944227
VAMP4,0.44921306
ZNHIT1,0.44920534
TMEM179B,0.44903472
TPRN,0.4488072
VGLL3,0.44875684
RBPMS2,0.4487191
XYLB,0.44866487
ZNF283,0.44861266
RGL2,0.44838998
SNRNP35,0.44834507
PNPLA7,0.44822314
SYTL4,0.44788316
ZNF57,0.44774628
TRIM39,0.44751254
ZNF783,0.4475024
SRA1,0.4474534
RPP38,0.44734576
RASGEF1A,0.44723022
SIRT2,0.44712242
STAM2,0.44705337
THAP7,0.44700098
ZNF41,0.44696814
SFN,0.44685572
RAC3,0.4459664
SGPP2,0.44593138
ZNF774,0.44576266
RPL21,0.4456757
WRAP53,0.44544354
RDH10,0.44519225
TFIP11,0.4451519
TP53RK,0.44510385
WBP4,0.4450461
YPEL5,0.44490305
SIAH2,0.44456476
ZNF140,0.44426283
ZNF43,0.4441886
TAF1B,0.44369286
TDRKH,0.44356233
ZNF493,0.4435084
RRAGC,0.44335273
TFAP2C,0.4431721
USP16,0.44291756
TRIAP1,0.44265875
ZNF12,0.4425612
SLC1A3,0.44248334
ZNF101,0.4422354
YIF1A,0.4421488
RHOJ,0.44206938
RAP2B,0.44180173
TRIM68,0.44174552
ZNF14,0.4414302
TCTN1,0.44139114
ZNF530,0.44137263
ZNF224,0.44131866
UBE2D1,0.44110858
ZNF394,0.44070688
SNX33,0.44057903
TSSC4,0.4404886
PPP2R3A,0.44022357
ZDHHC8,0.44020638
ZNF302,0.43962878
VPS18,0.43931907
UNC5B,0.43908665
TSFM,0.4390162
TOPORS,0.43898857
ZW10,0.43872106
ZNF300,0.4382108
ZNF765,0.43790764
RNF125,0.43786263
TRIM3,0.43782824
STAP2,0.43769625
TRIM13,0.43757373
TADA1,0.43755996
ZNF320,0.43732277
WDR83,0.43710437
SIRT5,0.43709233
TRAPPC6B,0.4370846
UCK1,0.43697053
ZNF841,0.4368943
VCPKMT,0.43680412
UBE4A,0.43623304
SYNJ1,0.43620965
STX2,0.4361829
ZNF711,0.4357954
TSPAN12,0.43569553
TSNAX,0.43559164
TRO,0.4355084
TBC1D7,0.4354698
ZNF180,0.43486384
ZNF354B,0.43451872
LRP2BP,0.43402797
TRIM38,0.43393916
TP53I3,0.4337573
TJP2,0.4335701
ZNF510,0.4329428
ZNF543,0.43271148
TRPV2,0.43267313
SLC35D1,0.43266672
ZNF133,0.43265587
ZNF546,0.43260404
TP73,0.432441
ZNF567,0.43203947
RNF128,0.43146935
NKD1,0.43141901
ZNF200,0.43141004
UBIAD1,0.4312595
TNFRSF10D,0.4310948
SETMAR,0.430902
ZNF691,0.43074283
ZNF182,0.42954674
ZNF600,0.4293026
ZNF577,0.4291495
ZNF227,0.42908585
NT5E,0.42892465
TECPR1,0.42854723
VAMP2,0.42830235
WDR61,0.42829823
ULK2,0.4278807
TRUB1,0.42783466
VPS28,0.42750058
UFSP2,0.42747587
ZNF426,0.42747563
ZKSCAN5,0.42741084
RASD2,0.4273254
TCTN2,0.42658544
ZFPM2,0.42656714
TNFRSF11B,0.42652124
RNF144A,0.42651013
SPI1,0.42641595
UAP1L1,0.42597374
TRMT1,0.42575377
WDR48,0.42574158
ZNF44,0.42571542
TAF9B,0.42550138
ZNF778,0.42525095
TAGLN,0.42522445
UNC93B1,0.42494974
TMEM216,0.42468223
VRK3,0.42438835
TSNARE1,0.42433622
ZNF708,0.4239373
ZNF212,0.42393592
ZNF211,0.4239241
TLR6,0.4235601
VANGL2,0.4234228
TM2D2,0.4233549
TWF1,0.42333466
TBKBP1,0.42329073
TRIM62,0.4232793
ZSWIM7,0.42325705
ZNF605,0.42324322
ZFPM1,0.42312014
TUBG2,0.42303234
ZNF552,0.42285562
ZNF317,0.42262286
ZNF350,0.42224765
UFL1,0.42133796
ZIK1,0.42104858
ZNF235,0.42095667
ZFP90,0.4209012
ZNF253,0.42086202
ZDHHC2,0.42078385
ZNF773,0.42077622
SLC2A8,0.42030692
TRIM23,0.42021704
RASGRP3,0.4201949
ZNF202,0.4200934
ZNF74,0.41975763
RIPK2,0.41970834
ZNF250,0.41907728
UBLCP1,0.41874772
WASF3,0.41811535
ZNF273,0.41798085
VIPAS39,0.4178029
WHAMM,0.41766652
ZNF92,0.41732728
TRMT10C,0.41721523
SMG8,0.41707122
TRIM36,0.41699323
TXNRD3,0.4169357
ZNF766,0.4163261
ZNF780A,0.4160448
ZNF529,0.41490713
SMAD9,0.41467983
TAF13,0.41418016
VPS37B,0.41405088
ZNF813,0.413839
ZNF607,0.41363218
XYLT1,0.41351187
VAMP1,0.41289148
UPF3B,0.41208613
ZFP14,0.4118312
ZNF45,0.41151273
ZNF549,0.41052637
ZNF566,0.41040352
ZNF500,0.41021886
USP21,0.40947428
ZNF548,0.40935794
ZNF516,0.40935767
ETV7,0.40894753
ZNF197,0.4088383
PDE4C,0.40859845
RNF113A,0.40786216
ZFP30,0.40784946
ZNF506,0.40722016
ZNF10,0.40671703
ZNF561,0.40575212
ZNF473,0.40532058
TRMT61B,0.40528944
USHBP1,0.4052506
ZNF780B,0.40485832
ZNF564,0.40368542
ZNF611,0.3993392
ZNF738,0.39901108
KCNH2,0.39878076
MYLK4,0.39726236
ZNF768,0.39618963
YIPF5,0.39603662
VASN,0.39564803
VPS33A,0.3953853
TLR3,0.3941633
UBOX5,0.39348218
ZNF528,0.3929681
RORC,0.39240223
ZNF490,0.39235914
VLDLR,0.39216927
ZNF440,0.39214525
YIPF1,0.39130598
TXNDC16,0.3911552
LHX6,0.3901372
WNT9A,0.38833708
ZNF814,0.3882057
ZNF264,0.38734233
ZNF793,0.38228187
ZNF443,0.38200256
ZNF790,0.3818814
THSD1,0.38080147
PTGER2,0.38063252
TRIM41,0.38029182
ZNF776,0.37530008
TNFRSF25,0.37307978
ZNF649,0.3721073
TNFSF13,0.37124464
ZNF485,0.37111953
ZNF677,0.36921364
ZNF470,0.3609974
ZNF423,0.34670746
MSR1,0.3391439
ZNF416,0.33690977
ZNF69,0.3364151
PLXNB3,0.30952895
TBX2,0.2896485
LRRC6,0.28298903
RNASE1,0.28137285
ZNF132,0.2707487
SRPX2,0.2633046
NLRP3,0.2617717
ZNF467,0.26020786
NGFR,0.25776345
TLR4,0.25031528
RUNDC3A,0.23521543
ZNF442,0.23277527
LAT,0.22899942
ZNF415,0.22600845
RDH5,0.17942911
PDE1B,0.17344798
WDR31,0.17172901
TMEM17,0.15503904
PSD,0.14775042
ZNF433,0.12340006
SWSAP1,0.11998332
RASL10A,0.11932304
STAC3,0.09204495
ZNF709,0.053589545
TNFRSF10C,0.033202656
