Gene Name,Score
CCR1,0.5835475
NKD1,0.5642488
SRPX2,0.56359845
SCIN,0.562584
MRPS17,0.5622708
MSR1,0.5622007
NLRC4,0.56191903
MAP1A,0.56189555
RENBP,0.56165713
UTP14C,0.5611446
STX11,0.5609556
TGFB3,0.56092286
TMEM176A,0.56071186
LYZ,0.5605807
THAP1,0.5602597
VPS37D,0.5602384
NDUFAF4,0.5602382
PMM1,0.56022614
PJA1,0.5601134
SFN,0.5601115
TTC26,0.5600836
VCAN,0.5600233
TBC1D10C,0.55996937
PANX2,0.55995095
TRPV4,0.55993426
SEMA4A,0.5599227
NOL12,0.5598278
GRAP2,0.5597012
NLRX1,0.55968523
MAP9,0.5596652
ZNF830,0.5596335
ZNF486,0.55963135
NLRP3,0.5596134
RHOJ,0.55956805
SLC44A3,0.5595441
DENND2A,0.5594588
RGCC,0.559428
PCDHB3,0.55942017
NRN1,0.55935866
ZNF671,0.55933136
ZNF569,0.55927074
RASSF2,0.55917037
MARS2,0.55904704
SLC4A11,0.5590334
TAF13,0.5590292
ZNF17,0.5590235
PDK4,0.5590207
SEMA4F,0.55901426
SYF2,0.5590083
SDC3,0.5589589
GPX7,0.5589579
SELPLG,0.55891746
PCDHB10,0.5589114
ZNF273,0.5589024
SPATA2L,0.5588773
ZNF354A,0.5588741
CD27,0.5588697
SYDE1,0.5588673
TRIAP1,0.5587779
MAFF,0.55876917
USP16,0.5587184
ZNF141,0.5586868
UQCR11,0.55867046
PPFIA4,0.55864316
GPATCH1,0.55854666
RIPK1,0.5585407
TM6SF1,0.5585396
UTP23,0.5585312
ZW10,0.55852324
TSG101,0.558498
ZNHIT3,0.55844086
UCHL3,0.55842346
PPP1R3D,0.558422
SLC27A2,0.5583881
ZNF615,0.55837244
RILP,0.5583631
SLC7A8,0.55835366
STRIP2,0.55833596
ERCC6L,0.5583228
ZNF468,0.5583173
IPP,0.5583168
WBP4,0.558304
PLXNB3,0.55828714
ZNF585B,0.55827564
LAG3,0.5582733
PNPLA4,0.5582689
LRP2BP,0.55826515
TM7SF2,0.5582603
ZFP69B,0.55822146
DBP,0.55820656
HSCB,0.55819327
RAB24,0.5581923
HOXA5,0.55817765
ZNF485,0.5581625
LXN,0.55816174
SORBS1,0.55814165
ZNF557,0.55814093
PNPLA7,0.5581315
PGAP3,0.5581262
TCEAL1,0.55811876
SLC35D1,0.5581159
ZNF774,0.55810547
STX5,0.5581053
ZNF202,0.55809534
SLC39A4,0.558089
ZNF526,0.55805755
TUBGCP5,0.5580476
USP46,0.558031
SEMA6C,0.55802715
MRPL44,0.55802625
SCCPDH,0.5580149
PLEKHG6,0.5579991
VAMP2,0.5579919
UBE2F,0.55798745
RMDN2,0.55798304
SYTL2,0.5579676
YPEL5,0.55796236
RPP25L,0.5579582
SLAMF1,0.5579562
ITGBL1,0.5579529
RNF34,0.5579001
RAB4B,0.55788815
ZNF69,0.5578632
SPTBN4,0.55784535
NAGLU,0.5578418
VEGFB,0.55782753
TUBB3,0.55777097
THOC6,0.5577694
WTIP,0.5577641
SPSB3,0.5577593
ZNF543,0.557753
TRIB3,0.5577441
SPRTN,0.5577429
SETD6,0.55772686
TNIP2,0.55771893
SEZ6L2,0.5577144
SPATA2,0.55771327
PIGV,0.5577117
PIGA,0.5577054
PSMA2,0.5576908
TACO1,0.5576882
TGFB1I1,0.55767256
TSEN34,0.55767065
ZNF175,0.5576656
ZNF256,0.55764085
ZNF14,0.5576372
MRPL53,0.5576298
ZNF26,0.5576214
C3orf38,0.55761737
FGF11,0.55761695
MOB2,0.5576151
HIGD1A,0.5576103
SPDL1,0.5575864
ZNF684,0.55755085
ZNF768,0.55754745
WNT9A,0.5575444
UGCG,0.5575228
TFB2M,0.5575142
UBE3B,0.5574897
NFKBIZ,0.5574851
RIC8A,0.5574789
SSR4,0.5574734
TRPC4,0.5574726
SUPT7L,0.55746794
ZKSCAN5,0.55746514
UBE2J2,0.5574603
SIRT5,0.5574518
MRPS26,0.55745065
NUP37,0.5574483
WDR83,0.55744606
KCND1,0.55744565
PSMD7,0.5574456
TFAP2C,0.55744255
MGST3,0.5574287
KTI12,0.55741113
SLC7A7,0.55739284
TRAPPC11,0.5573899
UBE2M,0.5573864
OPTN,0.5573799
SERPINF2,0.55737805
NAGA,0.5573757
PUS3,0.5573722
ITGA4,0.55735564
SMOX,0.5573543
ZNF691,0.5573515
SHF,0.5573486
KATNA1,0.5573441
ZNF419,0.5573374
SEC22C,0.5573332
TAF1A,0.5573316
MRPL54,0.5573206
RAB18,0.5573193
TTBK2,0.5573157
POLR3GL,0.5573038
PSMC2,0.55728877
ZNF687,0.5572879
F12,0.5572852
TIMM23,0.5572851
ZC3HAV1,0.5572847
VPS18,0.55727684
FBXL7,0.5572768
TRPM2,0.55727285
TRAF6,0.5572728
ZNF189,0.5572722
VPS37A,0.5572653
SNRNP35,0.5572594
SLC35B1,0.55725884
RRP9,0.55725706
RCE1,0.55725676
ZNF19,0.5572565
TFIP11,0.55725574
UXS1,0.557253
ZNF182,0.55725294
TRIM6,0.5572473
SUPV3L1,0.5572292
NDUFA3,0.55722636
PRKAB1,0.55722046
TOLLIP,0.557215
SLC26A6,0.5572148
RPS6KA5,0.55720764
VAPA,0.5571963
MYO15A,0.55719346
TRIM69,0.5571931
SLX4,0.55718356
IFI35,0.55718255
ZDHHC21,0.5571746
RCAN3,0.55716914
TAF9B,0.5571648
TRAM1,0.5571642
SURF1,0.5571635
VPS37C,0.557163
TST,0.5571625
TTF1,0.55716175
YEATS4,0.55716085
ZNF607,0.55716056
TRADD,0.55715954
TRIM41,0.5571595
ZNF549,0.55715925
PHKG1,0.55714864
YIPF1,0.5571452
ZNF197,0.5571396
NAGPA,0.557131
MLYCD,0.5571284
UFSP2,0.5571238
NFATC1,0.5571234
FABP5,0.5571155
ZFP90,0.5571039
TBXAS1,0.5570952
SOX4,0.5570895
SLC1A3,0.55708915
ZNF527,0.5570781
ZNF34,0.557078
SQLE,0.5570769
BCAS2,0.55707675
SF3B5,0.55707335
GIMAP4,0.5570662
SPCS2,0.55705935
PARVG,0.5570588
VPS11,0.5570551
ZNF766,0.55705
PAG1,0.55704814
SPR,0.5570435
STARD8,0.55704087
VRK1,0.5570351
TNFSF10,0.557028
PRKAR1B,0.5570241
RRS1,0.5570221
RABIF,0.5570214
ZNF43,0.5570163
NDUFA6,0.5570113
ZNF605,0.5570065
VPS4A,0.5570058
ZNF420,0.5570028
ZNF84,0.55700123
POLR1E,0.5569968
ZFYVE26,0.55699486
ZDHHC17,0.55699337
TANK,0.55699146
SORBS3,0.5569907
RRAGB,0.5569814
SRF,0.5569773
UBLCP1,0.5569772
RGL1,0.55697316
TXNIP,0.5569579
SMARCAD1,0.5569483
ORAI2,0.55694574
PTPN21,0.55693763
USP11,0.55693233
ZFYVE9,0.55692697
RAB8B,0.55692446
TSC22D3,0.55692285
TRAPPC3,0.5569227
KDELR3,0.5569144
RBBP7,0.55690867
SH2B2,0.5569072
TXNDC12,0.55690485
UCP2,0.556902
MAGED2,0.5569014
WDR82,0.55690104
ZNF548,0.5569
UBE2D1,0.55689996
ZFP30,0.5568984
TXLNA,0.55689806
ZNF3,0.5568955
STK35,0.55689543
ST8SIA4,0.55689526
TYK2,0.55689484
OASL,0.55689126
TBP,0.5568898
RRP8,0.5568888
CDC23,0.5568882
RPL26L1,0.5568878
ITGA2B,0.5568868
RING1,0.5568783
SPAG5,0.5568778
ZNF680,0.55687535
RPP21,0.5568753
TM2D2,0.5568702
HAAO,0.5568645
PIK3R3,0.5568644
FEM1B,0.5568621
ZNF692,0.5568621
UBE2C,0.5568583
ZNF385A,0.55685824
PYGO1,0.5568545
TRAPPC2L,0.55685335
TCEA2,0.5568517
OXSM,0.55685145
ZNF592,0.55685014
ZIK1,0.55684984
WSB2,0.5568407
STX4,0.5568362
LDB2,0.5568334
SNTB1,0.55682707
TXNRD3,0.5568218
UBE2S,0.5568134
NR2C2AP,0.55681014
ERCC8,0.5568098
SIKE1,0.5568025
SUPT20H,0.5568022
USP1,0.55679995
URB2,0.55679643
SPRY2,0.5567897
STRADA,0.55678964
VPS26A,0.55678934
PRMT6,0.55678225
MXD1,0.5567785
SPPL3,0.5567772
PLP2,0.5567751
RAB34,0.5567744
VPS8,0.55677396
TIAM2,0.5567734
PHKG2,0.55677086
VPS36,0.55676264
ZNF649,0.55676234
UTP6,0.5567589
WDR18,0.55675465
YTHDF2,0.5567496
TCTN1,0.5567452
CENPQ,0.5567445
VPS51,0.55674225
POFUT2,0.55674005
ZNFX1,0.5567331
SPICE1,0.5567323
TBC1D13,0.55673224
ZCCHC4,0.55673033
RTKN,0.5567281
ZBTB33,0.5567276
USP39,0.5567263
SETD1A,0.55671567
NFYA,0.556713
NKIRAS2,0.5567109
MOCOS,0.5567105
UBE2O,0.55670524
TXN,0.5567036
ZNF76,0.55670226
WWP2,0.5566946
TRIM32,0.55669117
ZNF45,0.5566887
ZNF622,0.5566837
PAFAH2,0.55668116
VPS35,0.556681
VAMP8,0.5566779
RNF8,0.55667704
UBE3D,0.5566762
TRO,0.55667174
PSENEN,0.55667144
ZNF620,0.5566701
PRPF18,0.5566656
TBCC,0.55666417
SPHK2,0.5566634
NAIF1,0.55666035
VPS39,0.5566586
ZNF81,0.55665714
ZNF780B,0.5566534
PRMT7,0.5566495
NIPA2,0.55664605
RAD51AP1,0.5566459
TADA1,0.5566422
UTP18,0.5566376
USP28,0.5566315
SLC44A1,0.5566288
ARHGAP30,0.5566269
NDRG2,0.5566268
IBA57,0.55662423
PIGT,0.5566235
UBE2H,0.55662215
SLC25A14,0.5566213
TNPO2,0.55661553
ZKSCAN1,0.5566071
MATK,0.5565976
TRAPPC8,0.5565972
STIM2,0.55659395
TAMM41,0.5565894
LIPE,0.5565881
ZFP36,0.55658686
WWP1,0.5565851
TNPO3,0.5565781
PEX2,0.55657774
ZP3,0.5565761
UQCRFS1,0.55657595
TRIM21,0.5565744
SSBP4,0.55656797
RNF135,0.55656457
KCNIP4,0.5565628
LRPAP1,0.55656147
TEFM,0.5565591
YIPF4,0.55655736
XRCC4,0.5565568
IDS,0.5565504
TNFRSF1A,0.5565488
POLR2H,0.5565466
SNRNP27,0.55654174
TOMM40L,0.5565414
TP53BP2,0.556538
UAP1L1,0.55653733
XAB2,0.55653524
TMED3,0.55653274
TOR1A,0.5565306
ZNF783,0.55652946
SEC61B,0.5565278
SUOX,0.556527
TOP3B,0.55652636
SOD1,0.55652416
ZNF41,0.55652297
UBE2J1,0.5565226
TIMP2,0.5565205
SNAPC5,0.55651253
NTPCR,0.55651146
WDR91,0.5565096
VLDLR,0.5565086
SNRPC,0.5565079
NUS1,0.55650395
TAF6L,0.5565031
TBC1D20,0.55650294
NR1D1,0.5565028
ZMPSTE24,0.55650276
UHMK1,0.5564952
TPRKB,0.55649173
UPF3B,0.5564904
TARBP2,0.5564865
SKA3,0.5564863
TIMM44,0.55648595
USP32,0.55648476
ZNF550,0.5564759
STRADB,0.55647564
PSMD8,0.5564747
WDR5,0.55647403
MED22,0.5564728
THY1,0.5564707
HEBP1,0.55647063
ZNF462,0.5564695
TSPAN33,0.55646634
TRMT10C,0.556464
NUBP1,0.55646205
STAP2,0.5564609
SRSF7,0.55645704
TRAFD1,0.55645347
SIAH1,0.55645204
RAB30,0.556449
UBE2L6,0.55644894
PEX12,0.5564473
ZNF347,0.556446
ZNF433,0.5564431
SDHAF1,0.556442
MFSD10,0.5564411
GPX8,0.55644035
MANF,0.55643684
ZNF611,0.5564349
SSH1,0.55643046
SEL1L,0.55642766
GANC,0.5564264
ZKSCAN3,0.5564258
ZNF711,0.55642146
EDEM3,0.55642045
SEMA3F,0.55641955
ZNF765,0.5564177
ZNF439,0.5564172
USP25,0.5564167
PHAX,0.5564138
SYNJ1,0.55641365
ZNF91,0.5564106
TROAP,0.5564104
USP42,0.55641013
TRIM22,0.55640805
SYVN1,0.5564074
VAPB,0.55640703
TOM1,0.5564066
PDXP,0.5564062
SNX13,0.55640614
SDC1,0.5564038
WDTC1,0.55640364
WDR37,0.5564028
UTRN,0.5564021
WASL,0.55640143
TMED9,0.5564012
WDR11,0.5563985
GSDMD,0.5563982
YKT6,0.556398
UGGT1,0.5563905
NCF2,0.5563873
SNF8,0.5563867
GNAO1,0.5563864
ZNF219,0.5563846
SSB,0.5563838
ZNF195,0.55638194
SYNE2,0.556379
RPE,0.55637205
PDK2,0.55636746
SLU7,0.5563671
PEX10,0.556367
MRPS12,0.55636615
URM1,0.55636495
UNC93B1,0.5563638
SLC25A22,0.5563597
WRAP53,0.55635756
ITGAE,0.5563573
HRH1,0.55635685
ZNF552,0.5563561
TMEM147,0.55635595
SORT1,0.55635077
SHMT1,0.5563474
PFDN6,0.55634546
VPS4B,0.55634487
SYT7,0.5563445
SMAP1,0.556344
SEMA4B,0.5563421
TAF6,0.5563394
XRCC2,0.556333
ZNF423,0.5563321
SCO1,0.55633175
TUBB6,0.5563315
ZNF304,0.5563306
SARNP,0.5563305
ZFC3H1,0.5563293
UQCRH,0.5563274
ZNF267,0.5563273
RRM2B,0.55632406
TRAF2,0.5563229
ZCCHC7,0.55632055
SNX3,0.5563193
ZNF480,0.5563145
TPM1,0.55630887
MIS18A,0.5563062
ZNF282,0.5563042
SUPT5H,0.5563034
UVSSA,0.5563009
UBFD1,0.5563003
THAP4,0.55629915
HELB,0.55629843
ZNHIT6,0.5562971
RPL22L1,0.55629575
RBM45,0.55629295
UBXN7,0.5562919
USP20,0.55628437
ITGA6,0.5562803
SGCB,0.5562789
RALBP1,0.55627453
RAB11FIP5,0.55627155
TRUB2,0.55626917
SERPINB6,0.556269
ZNF445,0.5562679
TRAF5,0.5562679
WASF1,0.5562677
TRIM68,0.5562677
SPAST,0.55626494
RAD54L,0.5562632
ZNF846,0.55626273
TMEM67,0.55626184
SRPRB,0.556256
ZNF264,0.5562546
YIF1A,0.5562543
RNF14,0.55624926
SSX2IP,0.5562475
TMEM186,0.5562463
UQCRB,0.55624086
IGBP1,0.55623996
TNFRSF10B,0.55623937
SERPINH1,0.5562351
RPUSD4,0.5562336
TMED2,0.5562331
MLPH,0.5562312
ZNF100,0.5562307
RNF5,0.55623066
PANX1,0.55622894
SNRPE,0.5562278
ZFR,0.5562271
YWHAG,0.5562255
WBP2,0.55622065
THAP7,0.55621916
ZNF131,0.55621725
ZWINT,0.5562159
RPS13,0.55621326
WSB1,0.55621094
ZNF207,0.5562097
UNG,0.55620724
TTC21B,0.55620545
TRAPPC6A,0.5562017
MPP1,0.5561989
ZNF320,0.5561955
TOMM20,0.5561936
PRICKLE1,0.55619127
SMG5,0.5561901
ZBTB8OS,0.5561862
MED19,0.55618584
TOB2,0.55618066
STX7,0.55617493
ZKSCAN8,0.55617297
TERF2,0.55617166
TXLNG,0.5561714
RAB6B,0.55616665
TPCN1,0.5561664
VGLL4,0.55616635
TAF12,0.5561649
SNX17,0.5561646
ZNF83,0.5561626
TEAD3,0.5561622
TXNL1,0.55615926
PLK3,0.5561587
THOC1,0.55615205
USP10,0.5561415
MSMO1,0.55613434
IL17RD,0.5561339
UBXN2A,0.55613303
SMPDL3A,0.5561298
FCGR2A,0.55612725
TUBA4A,0.55612546
TMC8,0.55612516
ZNF71,0.5561243
SAT2,0.5561231
EMC2,0.5561229
ZNF770,0.5561226
NPR1,0.5561209
RNF41,0.55611986
PRKX,0.5561184
RPAP3,0.5561181
UQCRC1,0.5561136
UBE2I,0.55611354
USP33,0.55611336
SEMA5B,0.5561106
TOR1B,0.5561094
PGM3,0.55610883
RPL36A,0.55610824
VAC14,0.5561075
WDR3,0.5561029
TTI1,0.5561023
TMED4,0.55610096
GNA15,0.5560999
SRD5A3,0.5560996
TRIM28,0.55609834
MRPS28,0.5560982
SMARCA5,0.5560974
OMA1,0.5560948
SUPT3H,0.5560938
UBAP2L,0.5560901
YWHAB,0.55608714
TMEM107,0.55608636
TINF2,0.5560851
SOCS6,0.5560851
PWP1,0.5560846
KIT,0.55608326
ZER1,0.5560808
WDR26,0.55607736
UBE2G1,0.55607504
PRR5,0.55607384
ZNF430,0.55607176
SF3A1,0.55606633
TXN2,0.5560648
TBC1D16,0.5560644
PEX6,0.55606025
UROD,0.5560564
SPPL2A,0.55605584
MAPK11,0.5560554
ZKSCAN4,0.5560533
ZNF772,0.5560503
UBXN1,0.55604684
UPF1,0.55604655
STX6,0.5560462
ULK1,0.5560462
UBE3A,0.5560448
MTMR6,0.5560443
SPSB2,0.55604404
TUBA1C,0.55604
SHQ1,0.55603987
TADA2B,0.55603516
PPFIBP2,0.55603325
ZNF250,0.55603236
SRA1,0.5560316
PSMG3,0.55603147
MTMR9,0.55602866
SPTLC1,0.55602413
SPAG16,0.556021
UTP3,0.5560197
UBE2E3,0.5560188
UHRF2,0.5560188
SGSM3,0.5560185
TPD52,0.55601645
WDR36,0.55601466
UBOX5,0.55601466
SMPD1,0.55600905
TARS2,0.55600864
IFNLR1,0.5560084
ZNF517,0.55600756
TCIRG1,0.5560058
XYLT2,0.5560054
SUGT1,0.5560053
TRIP12,0.5560032
UNC13B,0.5560012
SERGEF,0.5559972
TSPAN5,0.5559966
TP53INP1,0.5559959
TGFBRAP1,0.5559899
ZNF678,0.5559894
RRM1,0.55598444
U2AF1L4,0.55598444
YBX3,0.5559834
SH3BP2,0.5559786
ZKSCAN7,0.5559785
ZNF544,0.5559726
TBL1X,0.5559674
YWHAZ,0.5559638
QRSL1,0.55596316
UBE4B,0.5559613
TPRN,0.55596024
FGD1,0.55595934
TNPO1,0.5559585
PKP2,0.55595744
RIOK2,0.55595654
SEC24C,0.55595493
SLC35A1,0.5559538
ZNF808,0.5559482
TUBG1,0.5559473
TGOLN2,0.55594647
ZNRF2,0.5559463
TSPAN12,0.5559423
ZMAT3,0.55594134
UBA2,0.5559407
HCFC2,0.55594003
WDR55,0.55593884
RUVBL1,0.5559379
PRX,0.555937
SORL1,0.55593675
GALM,0.5559361
RRAGA,0.55593514
MAP2K3,0.55593467
TUBA1A,0.555931
MIB2,0.55593026
ZNF440,0.55592924
RASSF1,0.5559229
ITGA7,0.5559186
TES,0.5559148
UBIAD1,0.5559144
VASP,0.5559111
ZNF586,0.555911
WIPF2,0.5559104
TUBA8,0.5559079
TEX10,0.5559063
SYNCRIP,0.55590487
STAG3,0.5559042
EMC9,0.5559029
STX10,0.55590177
ZNF326,0.5558995
UBE2E1,0.5558979
VPS26B,0.5558957
SPCS3,0.5558948
YES1,0.55589324
TTC5,0.55589193
RBPMS2,0.5558878
TTF2,0.5558833
PARP12,0.5558822
YY1,0.5558817
ZNF135,0.5558816
KRT5,0.55588025
USP15,0.5558801
SV2A,0.55587995
LCMT2,0.5558774
ZNF160,0.55587596
RPIA,0.55587393
TYW3,0.55587304
UBR4,0.55587274
PLCL1,0.55587226
POLR2K,0.55586493
UCHL5,0.5558638
ZFYVE27,0.5558629
ZNF92,0.5558616
TNFRSF1B,0.55586076
SAP18,0.55586016
WDHD1,0.5558563
UBL4A,0.5558563
YY1AP1,0.55585265
SNW1,0.5558526
TOB1,0.5558514
SLC12A2,0.55584866
SCP2,0.55584395
TNFRSF11B,0.5558435
SWAP70,0.55584306
TIMM17A,0.5558372
UBQLN2,0.5558345
UBQLN4,0.55583423
USP12,0.5558338
TBC1D17,0.5558338
ZNF558,0.55583215
ZSWIM7,0.5558318
TBCD,0.5558306
UBE2Z,0.5558293
SPSB1,0.55582917
SEC23IP,0.5558288
HSPA6,0.5558283
MDC1,0.5558237
NDUFAF7,0.5558236
OTUB1,0.55582356
HYPK,0.5558231
KCNG1,0.55582285
TAF5,0.55582154
ORMDL1,0.5558208
POLD3,0.55581975
STK11IP,0.55581975
TERF1,0.55581933
UBE2B,0.55581635
SRM,0.55581576
TMOD2,0.55581516
ZWILCH,0.5558132
SLC2A8,0.5558121
TXNDC16,0.5558107
PSMA1,0.5558102
UQCRC2,0.5558095
ZFPM2,0.55580944
GNPAT,0.55580777
OSBPL1A,0.5558077
TSEN2,0.5558073
XBP1,0.55580693
UBR1,0.5558062
SLC5A6,0.55580306
WDR70,0.5558024
PICK1,0.5558019
RNF11,0.55580187
PEX1,0.5558017
XPOT,0.5558004
SQSTM1,0.5557998
SH3KBP1,0.5557996
STC2,0.5557995
SCNM1,0.555799
RHOBTB2,0.5557986
PHLDA1,0.55579734
TWF2,0.5557968
NOP2,0.55579674
ZNF254,0.5557967
STX17,0.5557965
CSF2RB,0.5557959
PLRG1,0.55579555
PCSK5,0.55579287
ZNF107,0.5557917
ZRANB3,0.55579084
TNFAIP8,0.555789
ST3GAL2,0.5557887
PARP3,0.5557886
SOAT1,0.55578446
ZFP36L1,0.5557835
SLC2A3,0.5557832
S100PBP,0.5557831
TRAK1,0.55578226
TXNL4B,0.55578095
ZNF133,0.55577976
SNRPD3,0.5557786
OPRL1,0.55577797
TTC27,0.55577683
SLC25A26,0.5557765
SEMA6B,0.5557757
TFAP2E,0.5557734
SMC3,0.5557729
WDR6,0.5557718
STRN4,0.5557711
POLR2L,0.55577075
RBM4,0.5557703
SOCS7,0.5557702
TTLL12,0.55576736
UBE2A,0.55576694
RPS21,0.5557643
ZNF700,0.5557629
RHOBTB1,0.55576235
TARDBP,0.55576164
TIA1,0.55576104
SDCBP,0.5557604
DNAL1,0.55575716
TTYH3,0.5557529
VDAC2,0.555752
ZNF451,0.5557512
VCPIP1,0.5557509
TYRO3,0.55575055
USP4,0.5557499
PRPF38A,0.5557495
PER2,0.55574745
WBP1,0.5557474
YWHAH,0.5557449
TCF7L1,0.555744
RFXAP,0.5557419
TBPL1,0.5557413
TRIP6,0.55573773
TRMT61B,0.55573773
SF1,0.55573714
NIT2,0.5557352
GPKOW,0.55573344
UBE2Q1,0.555731
PTPN23,0.5557307
SOS1,0.55573064
NSMCE4A,0.5557304
SNRPB2,0.55572987
TRIM26,0.5557291
UQCR10,0.55572814
WASF3,0.55572796
TRIM37,0.55572665
UTP20,0.55572534
PRPSAP2,0.5557246
SETX,0.5557223
STK39,0.5557216
RBM8A,0.5557188
XPO6,0.5557183
PNP,0.5557181
WRNIP1,0.55571324
NPC1,0.5557126
TERF2IP,0.5557119
YIPF2,0.55571014
USP34,0.55570817
UCHL1,0.55570734
VCP,0.55570626
PAXIP1,0.5557055
IFIH1,0.5557054
VAMP1,0.55570453
TMEM70,0.5557025
PLS1,0.5557008
UNC119,0.5557006
VMP1,0.5556998
TIFA,0.555697
HSPB8,0.55569625
PHLPP1,0.5556957
TK1,0.55569524
TRIM44,0.5556951
UNC45A,0.5556949
STAT2,0.55569327
TBC1D10A,0.55569184
PPP2R3A,0.5556872
ZYX,0.55568707
TMEM258,0.5556848
PAK6,0.55568284
TFDP1,0.5556821
TOMM7,0.5556814
RUFY1,0.5556802
RNF7,0.55568
RASSF8,0.5556798
ZMYND11,0.5556793
TWF1,0.5556766
XPR1,0.55567646
UBE2D3,0.55567634
UBA1,0.55567485
TRMT5,0.5556737
ZFAND6,0.5556728
STRAP,0.5556721
ZNF593,0.55567056
SESN1,0.5556691
SLMAP,0.5556659
VDAC1,0.5556628
VPS37B,0.55565876
TRPM7,0.5556578
OSMR,0.555656
SLK,0.55565536
UBE2W,0.5556541
YEATS2,0.5556534
TPCN2,0.55565083
EGR2,0.5556506
TJP2,0.5556504
RFX7,0.5556501
SWI5,0.55564755
SRRT,0.5556453
NOP10,0.55564505
TUFM,0.5556436
TDG,0.55564314
PSMB6,0.5556414
WLS,0.55564
WAC,0.5556388
TRAIP,0.5556378
WDFY3,0.5556375
TTC37,0.55563647
TET2,0.5556355
ITPKC,0.55563515
SYTL1,0.55563486
ZNF710,0.5556343
FHOD1,0.55563337
SLC9A1,0.5556332
TRIM38,0.55563295
UBE2R2,0.55562925
UNC13D,0.5556284
UVRAG,0.5556281
SNAPC3,0.55562806
STARD10,0.5556278
UNC119B,0.55562764
PYGL,0.5556268
ZFP14,0.5556252
RTCB,0.555623
STK24,0.55562294
RABEP2,0.5556224
PARP9,0.55562234
SNRPD1,0.55562156
SMCHD1,0.55562115
LSM4,0.55562115
TAF9,0.55561805
FCHO2,0.555614
HERC3,0.555614
ZBTB7B,0.5556118
TTL,0.5556109
DUSP10,0.5556072
UTP14A,0.5556069
TRIM35,0.5556048
TUBGCP3,0.55560404
WDR75,0.55560213
TMED7,0.5555999
ZMAT2,0.55559987
SNAP47,0.55559736
TCF7,0.5555968
TBCB,0.5555961
SRP19,0.5555933
TRIM56,0.5555909
DCK,0.5555902
NTAN1,0.5555883
YAF2,0.55558795
SPNS1,0.5555869
ZNF426,0.55558646
SAMM50,0.55558455
SMC6,0.55558383
RBBP8,0.5555838
SERINC3,0.5555827
UNK,0.5555816
PMF1,0.55558145
RNF114,0.5555808
TRIM13,0.5555789
PLCH2,0.5555772
ME3,0.5555763
TIMM13,0.5555753
FUZ,0.55557114
NDST2,0.5555711
USP3,0.5555709
TPGS2,0.55557007
STARD3NL,0.5555686
TRAF3IP1,0.5555676
KLHL12,0.55556405
TNIK,0.55556285
TICAM1,0.55555755
SLC35B2,0.55555725
OCRL,0.5555562
UGDH,0.555556
ZNF212,0.5555545
STX2,0.555554
SLC25A17,0.5555532
PTPN9,0.55555177
USP48,0.5555457
ZNF587,0.55554456
ZNF12,0.555544
PLK4,0.555544
GDPD1,0.55554366
VPS41,0.5555428
SRP14,0.5555424
ZNF791,0.5555394
PDCD5,0.55553937
PTPN2,0.5555389
RPS7,0.55553544
ZNF510,0.55553544
TSNARE1,0.55553466
STOML2,0.55553436
POLE3,0.55553424
ZNF418,0.5555337
TRAP1,0.5555327
SASS6,0.5555309
TRIP4,0.55553085
WNT5B,0.55553085
RAPGEF6,0.5555296
UBXN6,0.5555293
SPOP,0.55552924
MRPS10,0.5555273
DOK1,0.55552685
WASF2,0.5555248
PTS,0.5555214
TTC7B,0.5555193
RNF185,0.5555193
GTF2H4,0.5555186
RBP1,0.55551755
MOCS1,0.55551684
UBA3,0.5555153
RAB3GAP1,0.55551493
PPM1D,0.5555139
SNRPA,0.55551195
USP22,0.5555091
SLC25A5,0.5555088
UST,0.55550665
XPO7,0.55550504
TRA2A,0.55550504
COL9A2,0.555501
SACM1L,0.55549926
SLAMF7,0.555498
UBE3C,0.5554962
SNRPG,0.5554959
RFX2,0.5554953
THAP11,0.5554948
ZNF33B,0.5554943
RNASEH2B,0.5554917
LUC7L,0.555489
SKAP1,0.55548805
SNAPC4,0.55548763
TRAPPC12,0.5554861
TMOD1,0.555486
PTGES2,0.555486
SLC25A25,0.5554849
TMBIM6,0.5554848
SRSF6,0.5554845
SPIDR,0.5554845
XRCC5,0.55548346
UNC5C,0.55548316
IFIT3,0.55548185
PQBP1,0.5554816
ZNF714,0.55548114
VRK3,0.55547804
GNG11,0.5554766
PLOD2,0.55547655
ST13,0.5554765
SYNGR2,0.5554759
SEC16A,0.55547565
YWHAQ,0.55547374
PSAT1,0.55547315
SLC3A2,0.5554724
STK25,0.5554716
TSPAN14,0.55547094
ZNF708,0.5554704
IRF8,0.5554698
SARS2,0.5554694
THOC2,0.5554667
ZDHHC7,0.5554665
SPTBN2,0.5554657
SNX2,0.5554647
ME2,0.5554639
TPX2,0.55546314
ZNF721,0.5554625
VIM,0.5554624
ZNF623,0.5554623
ZNF589,0.555462
UBE2K,0.5554608
MASTL,0.555458
USP49,0.5554567
TDP1,0.55545527
SENP6,0.55545324
RBM5,0.55545276
PANK1,0.5554525
VANGL2,0.5554496
UBE2V2,0.55544937
IL11RA,0.55544835
TRIM36,0.55544734
RRN3,0.5554472
QDPR,0.55544597
NELFCD,0.5554446
TMEM11,0.5554433
TNRC6A,0.55544263
VAV3,0.555442
RALGAPB,0.5554408
UBAC2,0.5554373
PANK3,0.55543697
SLC4A2,0.5554358
ZNF562,0.5554358
SH3BP4,0.5554355
SGMS2,0.55543536
VAMP3,0.5554333
RAB42,0.555433
ZNF398,0.5554323
PRPF40B,0.55543077
MON1B,0.5554295
TCTN3,0.5554285
ZNF701,0.5554285
SIK2,0.5554281
PLXNB1,0.5554241
RNMT,0.55542374
CDK11A,0.5554232
TRIM25,0.55542254
GTF2H1,0.5554223
MYLIP,0.55542153
PRDX4,0.5554191
FBF1,0.55541855
SYNRG,0.5554181
TP53RK,0.55541736
TOR4A,0.555416
ZNF664,0.55541545
STRIP1,0.5554142
TAOK3,0.55541277
ZNF32,0.5554116
TRIM2,0.5554107
SRR,0.55541056
U2AF2,0.5554098
TBC1D7,0.55540955
TRIM62,0.55540746
PHYKPL,0.55540633
WDR1,0.5554043
SSBP1,0.5554037
TOMM34,0.55540353
UCK2,0.5554032
TRPS1,0.5554021
MTRF1L,0.5554017
PIGM,0.5554013
PDS5B,0.55540097
SCAF1,0.5554008
TLR6,0.5553965
RUVBL2,0.5553963
TATDN2,0.55539507
PMVK,0.555393
PNPT1,0.555392
TAF5L,0.5553903
SMC2,0.5553898
TPMT,0.55538726
ZNF112,0.5553862
STX18,0.5553859
SYMPK,0.5553828
SOS2,0.5553812
RAP2C,0.5553807
STAT4,0.5553803
PTCD3,0.5553798
MRPL51,0.5553792
INIP,0.5553773
PACS2,0.5553766
SKP1,0.5553749
PIK3C2A,0.5553749
SNX18,0.55537385
SPIRE1,0.55537355
USP5,0.5553735
SRPK2,0.555371
ZNF674,0.5553691
NOTCH3,0.5553677
XPO5,0.55536735
TPST1,0.55536705
SDCCAG8,0.555367
PIPOX,0.5553645
ZNF473,0.55536413
WWC1,0.55536395
SNX8,0.5553638
RFC3,0.5553638
TRA2B,0.55536175
SEC23B,0.5553603
STXBP3,0.55536026
POGZ,0.5553599
TBC1D4,0.55535674
SEC22A,0.5553557
PHKA1,0.55535454
TAOK1,0.55535305
TGFBI,0.55535233
RAB33B,0.5553523
ZNF813,0.5553519
USP37,0.5553515
RGS10,0.5553495
STAU1,0.5553466
SMAD9,0.5553465
UBE2G2,0.5553449
SUPT4H1,0.5553445
ZNF266,0.5553414
TIMM21,0.5553406
GPD1L,0.5553402
SLC40A1,0.55533814
ZNF335,0.5553381
TSPYL2,0.55533516
WBP11,0.5553345
GUCY1A2,0.55533403
NXT2,0.555334
TRIP13,0.55533135
TIPIN,0.55533135
WDR46,0.5553299
PCYT2,0.5553272
ZNF841,0.55532694
SUMF2,0.55532664
TBK1,0.5553258
TACC3,0.55532527
UFM1,0.5553249
TAPBP,0.55532426
PBLD,0.5553229
SVIP,0.55532044
TLN2,0.55532014
SNRPD2,0.55531865
SRSF4,0.55531776
TAGLN,0.5553148
SPAG4,0.5553148
WNT5A,0.5553133
RHOQ,0.55531245
SESN3,0.55531216
USP9X,0.5553118
PCDH7,0.55531085
UBAP1,0.55530936
EME2,0.5553092
UBQLN1,0.55530745
SH3PXD2A,0.55530745
INTU,0.55530745
NDUFA1,0.5553066
POLR2D,0.55530643
TECPR1,0.5553057
TCP1,0.55530316
SMARCA2,0.55530304
TAF3,0.55530095
SNRPA1,0.5553001
IVD,0.5552994
PFKFB4,0.5552982
VPS52,0.5552978
PIH1D1,0.55529726
TAOK2,0.55529577
SURF6,0.55529517
CROT,0.55529475
ZNF300,0.5552928
ZMIZ2,0.5552918
ZNF394,0.5552913
HAVCR2,0.5552913
WDR33,0.5552905
PDCL,0.5552895
USP14,0.55528915
SGPP1,0.5552887
SMARCA1,0.5552885
TOR1AIP2,0.5552866
ZNF337,0.55528647
NABP1,0.5552854
SH3D19,0.55528533
UCKL1,0.555284
ISG20L2,0.55528295
JUND,0.55528
TAX1BP1,0.55527985
ZC3HC1,0.5552762
PIK3R5,0.55527455
LRP1,0.5552736
PURB,0.5552732
SPN,0.55527264
ZNF460,0.5552717
XPO4,0.5552706
PDPK1,0.5552696
ZNF251,0.5552694
SLC25A3,0.5552689
UMPS,0.5552685
SRSF1,0.55526793
SYDE2,0.55526483
ZNF33A,0.5552646
STON2,0.55526423
RAB2B,0.55526406
ZNF443,0.55526406
RARS2,0.55526406
RPN2,0.55526364
PLCG2,0.555262
PPIE,0.55526006
SZT2,0.55525935
STK38,0.5552589
RBMX,0.5552557
PDZD11,0.5552547
MRPS35,0.55525464
RAB11FIP4,0.55525357
SNX4,0.55525327
WNK1,0.55525255
RPRD1A,0.5552518
SPOPL,0.55525064
SEC11A,0.55524987
PHF5A,0.55524963
TIMM8A,0.5552494
TEAD4,0.55524886
UPF3A,0.5552487
SF3A3,0.55524546
RAP1B,0.5552441
NRF1,0.55524266
WEE1,0.5552424
STX16,0.5552416
VTI1B,0.5552415
RUFY3,0.55524015
THOP1,0.55523777
VTA1,0.55523765
NME2,0.5552369
ZNF496,0.5552364
INTS12,0.5552342
SPTLC2,0.555233
CSAD,0.5552299
IFT20,0.5552296
ZNF519,0.5552277
TP53I3,0.5552258
PFAS,0.55522573
TBKBP1,0.5552256
SMURF1,0.5552254
U2SURP,0.5552253
TMC6,0.55522424
TRPV2,0.5552228
RCOR2,0.555221
NVL,0.55522037
TAB1,0.55521935
PAK4,0.555219
UGP2,0.55521816
WARS2,0.55521625
SRGAP1,0.5552145
TRIM46,0.5552137
SLC12A9,0.55521166
SLC9A3R2,0.5552102
SPARC,0.55520827
ZNF79,0.55520684
THADA,0.5552059
TGFBR1,0.5552055
ZC3H15,0.5552046
FAM126A,0.5552036
ZNF324B,0.55520153
USP47,0.5552015
TMEM30A,0.5552014
TIAL1,0.5552008
GSTZ1,0.5551993
ORAI3,0.55519855
MRPS16,0.5551985
ZNHIT1,0.55519634
SART1,0.555193
LPAR2,0.55519253
PIAS3,0.55519235
NPRL2,0.55519193
WDR59,0.5551916
VPS25,0.55519134
UQCRQ,0.5551897
SUPT6H,0.5551883
TBC1D14,0.55518746
RORA,0.55518705
KLC4,0.55518687
WIPI2,0.5551856
WDR35,0.55518544
ZNF670,0.5551837
PSME4,0.5551822
HSPB2,0.55518025
TANC1,0.55517966
RNF123,0.55517346
VASN,0.5551729
SPG11,0.5551727
USF2,0.55517244
TMEM187,0.5551715
SSU72,0.55517
TNFSF13B,0.5551687
YME1L1,0.55516857
SRP68,0.55516666
TRIP11,0.5551664
SMARCC1,0.5551657
IL10RA,0.5551643
MRPS36,0.55516404
SRP72,0.5551632
SERPINB9,0.5551629
ST3GAL6,0.55516094
YRDC,0.55516064
CXXC5,0.5551566
YTHDF1,0.5551559
ZNF44,0.55515563
ZDHHC8,0.5551543
YOD1,0.5551523
PLEKHG5,0.5551505
TJP1,0.5551489
SLC39A1,0.55514866
NELFA,0.5551478
YBX1,0.5551475
RXRB,0.5551475
VAT1,0.5551461
SNTB2,0.5551446
ZNF564,0.55514425
ST6GAL1,0.5551423
ZNF677,0.555142
MAPK7,0.5551403
STAT5A,0.5551385
RRP36,0.5551377
ZMIZ1,0.5551366
ZNF354C,0.5551363
TMED1,0.5551354
PCDH1,0.55513376
LTN1,0.555132
SUMO3,0.5551314
NAA20,0.5551311
UBE2E2,0.5551298
POLR1A,0.55512947
SAR1B,0.5551288
ZNF227,0.5551277
UBA52,0.5551275
UBE4A,0.5551255
ZNF132,0.5551249
TMEM50A,0.5551248
TPK1,0.55512476
ZNF124,0.5551245
RAB40B,0.5551235
ZNF248,0.5551233
PHKA2,0.55512005
TLN1,0.5551187
S100A6,0.5551133
POMGNT2,0.55511254
MRPL30,0.5551114
SMU1,0.55511075
SRGN,0.55511045
SIN3A,0.5551103
RNF130,0.55511016
INO80B,0.55510926
SRPK1,0.55510855
SDF2,0.5551083
RFX5,0.5551079
ZMYND8,0.5551058
TRAPPC6B,0.5551052
LMF2,0.5551045
RGS14,0.5551032
WDR43,0.555103
MFAP1,0.5551029
TRRAP,0.5551026
PLEKHM2,0.5551026
SLC1A5,0.5551022
MADD,0.5551015
RCAN2,0.55510116
REC8,0.5551
SRD5A1,0.5550997
PPIL1,0.5550996
ZNF431,0.55509907
RAD18,0.5550988
TFB1M,0.5550976
SMUG1,0.55509543
TBC1D1,0.55509514
TRAPPC10,0.5550948
ZNF566,0.55509466
SCMH1,0.5550929
TRAF3,0.55509216
WDFY2,0.555091
ZNF638,0.55508703
ODF2,0.55508643
PSMB8,0.5550856
PGAP2,0.5550846
SUGP1,0.5550844
SCLY,0.55508345
SEC14L1,0.5550826
MRPS24,0.55508196
TAF11,0.55507505
NECAP2,0.55507106
WDR77,0.5550692
LEPROT,0.555069
USP24,0.5550688
PPP4R1,0.5550679
TYW1,0.5550676
ZNF585A,0.5550652
THUMPD1,0.55506396
PFDN5,0.5550635
REXO4,0.555063
TIMP3,0.55506194
SUPT16H,0.5550618
WDR4,0.5550616
TGS1,0.5550589
PNPLA2,0.55505747
SCAMP2,0.55505717
SSR1,0.5550556
STAT1,0.5550532
SLC2A1,0.5550523
SPTSSA,0.5550504
INPP5D,0.55504894
UBA7,0.5550489
INTS8,0.5550473
SUMO1,0.55504704
PTRH2,0.5550468
TGIF1,0.5550456
RAB11FIP3,0.5550453
RNF216,0.5550452
PRC1,0.5550439
TAF1B,0.55504215
KDM6B,0.555042
PARVB,0.55504197
RFC2,0.55504125
PLCB3,0.55504084
KRT17,0.55503726
USP7,0.55503637
PTDSS1,0.55503577
TNS3,0.55503523
TSR1,0.555035
SCNN1A,0.5550327
PRKCD,0.5550327
PSMB4,0.5550291
PYCR1,0.5550278
SH3PXD2B,0.5550255
ZNF74,0.5550236
TUBB2A,0.55502325
SETMAR,0.5550221
SSBP3,0.5550194
RNGTT,0.55501896
RNF169,0.55501866
SKIL,0.55501723
ZNF7,0.5550165
REXO1,0.55501586
ZNF318,0.5550158
ZNF561,0.55501413
SLC7A11,0.55501026
SSH3,0.55500954
TOPORS,0.55500597
RAB27A,0.5550058
RAB5B,0.5550058
TRAF4,0.5550046
SENP5,0.5550027
QSOX1,0.55500245
SEMA3C,0.55500185
PARP14,0.5550008
PLD1,0.5550007
SP1,0.55499953
TNFRSF12A,0.5549989
S100A11,0.5549981
NR4A2,0.5549965
SPTBN1,0.55499613
TMPO,0.5549958
TDRD7,0.55499554
RAD23A,0.55499506
RANGAP1,0.55499446
TRMU,0.5549939
TDP2,0.5549936
MBTPS2,0.5549924
XYLB,0.5549917
TUBB4B,0.55498964
ZNF467,0.5549886
TREX1,0.5549875
SRSF5,0.55498636
SFSWAP,0.5549853
RCOR3,0.55498457
ROR1,0.5549845
SEH1L,0.55498344
RGS5,0.55498266
STK3,0.55498177
TMEM179B,0.5549816
SF3B4,0.5549811
SEC31A,0.55497986
UBTF,0.55497956
SHPRH,0.55497795
TRIT1,0.5549746
RAB9A,0.55497414
TRAF3IP2,0.55497324
IDH3G,0.55497116
PPP2R5A,0.5549707
LRIG2,0.5549703
PPP2R1B,0.5549691
TSNAX,0.55496895
SETDB1,0.5549682
ZNF217,0.5549682
SKA1,0.554968
LDLRAP1,0.554968
GCDH,0.5549677
TP53BP1,0.55496764
ITGB2,0.5549674
TAF4B,0.5549672
POLA2,0.55496436
PI4K2B,0.55495936
RPS15A,0.5549592
ZNF222,0.5549555
FIG4,0.5549547
TLE4,0.5549544
SIRT2,0.554953
TRIM14,0.5549521
YAP1,0.554952
ST3GAL1,0.55495036
STIM1,0.55494946
RHBDF2,0.5549484
TBC1D10B,0.5549475
TCEA3,0.5549463
SLC25A20,0.55494547
RALGAPA2,0.55494153
SEC61A1,0.5549393
RMND5A,0.5549346
PKP4,0.5549338
MED6,0.55493075
ZYG11B,0.55493075
PPCDC,0.5549299
TOP2A,0.5549286
ZNF18,0.55492854
PPP4R2,0.55492795
LMTK2,0.5549276
SPAG7,0.55492735
RCSD1,0.5549265
SMG8,0.55492634
NDUFAB1,0.55492574
RSL24D1,0.5549252
TLR7,0.5549242
TALDO1,0.5549232
PRKCH,0.5549226
PRPF8,0.5549224
UQCC2,0.55491894
SCD5,0.55491865
TAF1D,0.55491847
HPDL,0.55491817
LCP2,0.55491793
POMK,0.5549178
RAD52,0.5549163
PEX19,0.55491537
RPL10A,0.5549146
TBCEL,0.5549143
UIMC1,0.5549138
SMC4,0.55491227
LIG4,0.55491143
SBF1,0.5549101
WDR61,0.55491006
PBDC1,0.55490994
TUBD1,0.5549094
SFI1,0.554908
PPP2CA,0.5549078
LIN7A,0.5549072
NDUFA9,0.55490667
SAE1,0.5549058
RAB5A,0.554905
PNN,0.55490214
TEX264,0.55490184
SPTLC3,0.5549013
RGS19,0.554901
SRI,0.5549008
RAD23B,0.5549007
UAP1,0.5549005
ZSCAN32,0.5549001
TRERF1,0.5548975
PGGT1B,0.55489653
SEC24A,0.55489546
ZNF283,0.55489504
TLE3,0.5548927
TULP4,0.5548907
SRSF11,0.55489033
TEAD1,0.5548896
TECR,0.5548894
NNT,0.55488914
PPIP5K2,0.5548871
SLC25A13,0.5548863
DAPP1,0.5548859
TNFRSF21,0.55488545
SERINC5,0.5548848
PRDM4,0.5548836
MRPS9,0.55488074
TMEM132A,0.55488074
RPS6KB1,0.55487984
ZFYVE16,0.5548792
LIN7C,0.55487865
SPAG9,0.554877
STRN3,0.55487645
RCAN1,0.55487543
FAM20A,0.55487436
SIPA1,0.5548727
PPP3R1,0.5548709
POLR2G,0.55486965
TRMT6,0.55486965
WDR62,0.5548687
MRPL45,0.55486834
RBL2,0.55486697
VCPKMT,0.5548669
SKA2,0.55486435
USP6NL,0.55486405
TLE1,0.554862
ICMT,0.55486137
TAF4,0.5548611
SLC44A2,0.55486107
RACGAP1,0.5548598
SRSF10,0.5548595
PCBP4,0.5548562
SLC1A1,0.5548559
RANBP6,0.55485284
YTHDC1,0.5548511
TBC1D24,0.55485046
RCOR1,0.5548501
SHOC2,0.5548497
PKD1,0.5548475
SLC35A2,0.5548468
TRIO,0.5548466
RPL36AL,0.55484605
OCLN,0.5548459
TAF7,0.5548447
ZNF90,0.5548422
PCYT1A,0.554842
RPL38,0.55483574
LY86,0.5548352
SNRPB,0.55483514
LRSAM1,0.55483395
PIWIL4,0.5548332
RLIM,0.55483013
LAMTOR3,0.5548282
POLR2F,0.5548276
MAPRE2,0.5548263
LAMA2,0.554825
TRIP10,0.55482423
PPP2R2A,0.5548233
TNFRSF10A,0.5548225
LSM11,0.5548217
SPATA5,0.5548202
ITGAL,0.5548196
SIGIRR,0.5548171
TKT,0.5548165
RAB6A,0.5548156
PGP,0.5548155
UQCC1,0.5548138
MRPL11,0.5548129
RPL7,0.55481195
TYSND1,0.554811
SLC15A4,0.5548108
ZNF136,0.55480903
TMOD3,0.5548087
RPS3A,0.5548084
RNF168,0.55480796
POLA1,0.5548079
INPP5K,0.5548057
RPS26,0.554803
POMT1,0.55480206
PREB,0.55480117
EPHA1,0.554801
SERPINE2,0.5548007
SAP30BP,0.5548005
NAT1,0.5548003
OIP5,0.55479956
MIF4GD,0.55479956
TRMT11,0.5547984
MED25,0.554797
RHOT1,0.5547968
RPRD2,0.55479574
STX12,0.5547949
PSMD11,0.5547945
ZC3H13,0.55479205
MCM8,0.55479044
PLD6,0.55479
SMG7,0.5547898
DPP7,0.5547895
VKORC1L1,0.55478907
TRUB1,0.55478776
TAF1C,0.55478734
SIN3B,0.5547872
SLC7A6,0.5547863
POMP,0.55478495
NDUFB1,0.5547834
SEC23A,0.5547834
MLX,0.55478275
LIN52,0.55478144
VPS54,0.5547808
RPTOR,0.5547802
OXNAD1,0.5547778
MED20,0.554777
ZBTB17,0.5547746
VAV2,0.5547744
RNASET2,0.5547732
TPD52L1,0.55477226
ZNF286A,0.5547716
TRIOBP,0.5547713
XRN2,0.55477077
PPFIA1,0.55476964
HSPA12B,0.55476654
DEPDC1,0.5547655
TMED10,0.5547654
UBXN4,0.5547654
NR2C1,0.5547653
UBC,0.55476475
STIP1,0.5547637
SLC25A38,0.5547619
GMPR,0.5547606
ZNF317,0.55475694
HAUS8,0.5547564
SIK3,0.5547555
PRKRA,0.5547553
HMOX1,0.55475485
SNAP23,0.5547548
PIGK,0.5547506
NR1H2,0.55475026
PIK3C3,0.5547469
SMARCAL1,0.55474615
OSBP,0.55474526
SERPING1,0.5547447
ZNF555,0.5547447
UBN1,0.55474234
NUBP2,0.55474204
PHLPP2,0.55474204
EIF3M,0.5547408
ZRANB1,0.5547396
KIF9,0.5547393
TMSB4X,0.55473834
RABGEF1,0.55473757
RWDD3,0.5547365
RRP1B,0.5547363
UBA6,0.55473596
KIF18A,0.5547338
PAPOLA,0.5547305
RMI1,0.5547297
SMYD3,0.55472803
PRKD2,0.55472803
RPL18A,0.5547278
STX1A,0.5547239
SMDT1,0.55472374
LRRC4B,0.5547223
GNL2,0.5547154
MBOAT1,0.5547151
SHISA5,0.5547115
DSTN,0.55471015
RNF217,0.5547097
MRPL17,0.5547096
HOXA1,0.55470824
SEC61A2,0.5547079
PKN3,0.5547076
TACC1,0.5547073
PPM1B,0.55470693
PSMB3,0.5547062
PRMT5,0.5547052
RAB11A,0.5547046
SSH2,0.5547001
PIGL,0.55469936
KIF5C,0.5546987
TAF1,0.5546986
SRGAP2,0.55469674
EFNA3,0.55469596
ZNF140,0.5546949
PAN2,0.55469424
CCL5,0.55469406
UNC5B,0.5546938
SNCA,0.554693
MAP3K6,0.554692
SPRED2,0.5546914
SEC63,0.55469096
NSUN4,0.5546897
WDR41,0.55468947
KCNJ2,0.5546893
ELP5,0.55468744
SNRNP70,0.55468714
REV3L,0.55468595
WDR45,0.55468583
UBL7,0.5546846
MSRB3,0.5546842
SRSF9,0.55468297
SYNE1,0.5546829
PARD6B,0.55468273
PDIA4,0.5546812
NRBF2,0.55467993
SURF4,0.5546789
PIGO,0.5546788
NCAPG,0.5546787
SSBP2,0.5546779
PPRC1,0.5546763
RNF19B,0.55467314
LAMTOR5,0.55467033
SMAD6,0.5546703
STX8,0.55466944
NDUFAF1,0.5546692
SEPHS2,0.5546688
UBE2D4,0.5546687
SRRM2,0.5546645
INSR,0.554664
YIPF6,0.5546633
SCARA3,0.554663
SPTAN1,0.5546627
OPA1,0.5546626
PVR,0.55465955
PRDX2,0.5546592
ST3GAL3,0.55465776
TCERG1,0.5546565
TADA3,0.5546565
NME4,0.55465573
RMDN3,0.55465496
SKIV2L,0.5546543
MMP11,0.5546521
SMC5,0.55465025
LAMC2,0.5546475
RIMKLB,0.55464745
UCK1,0.5546468
TFCP2,0.55464655
UFC1,0.5546461
RPS20,0.554646
MR1,0.55464584
RPL6,0.5546456
USP43,0.5546451
RBM22,0.55464417
STK38L,0.55464303
LHX6,0.55464303
NRBP1,0.5546421
TMEM63A,0.554642
MFN1,0.5546411
ZNF221,0.5546408
MAP3K11,0.55463976
RHOBTB3,0.55463755
YARS2,0.5546356
RPL23A,0.55463517
TADA2A,0.55463463
NCAPH,0.5546344
TMEM214,0.5546341
STT3A,0.5546338
KIFAP3,0.5546319
SLBP,0.55463094
NOSIP,0.55463046
RPSA,0.5546295
PEA15,0.55462927
SERBP1,0.55462444
PISD,0.55462396
TPI1,0.5546218
PSPC1,0.5546209
LNPEP,0.55462
MRPL48,0.554618
RPAP1,0.55461717
MRPS31,0.5546163
RNPC3,0.5546131
RBFOX2,0.554613
PPP1R8,0.55461264
NCOA1,0.5546109
RAB1B,0.55461085
SPRED1,0.5546091
MED9,0.5546091
SKAP2,0.554608
SAFB,0.5546062
PSEN2,0.5546058
STUB1,0.5546054
DBR1,0.55460495
MICU1,0.5546041
VCL,0.55460405
ST3GAL4,0.5546036
PSME1,0.5546026
SHC1,0.5546001
STT3B,0.55459905
SEC24D,0.5545988
RALGPS2,0.5545983
USP21,0.55459815
MTMR7,0.55459636
SNRNP200,0.55459625
OPN3,0.5545933
SCD,0.5545932
PDCD11,0.55459225
CEP97,0.5545897
LRIG1,0.5545891
MX2,0.55458826
MTMR1,0.5545852
RPL34,0.55458146
SLC39A7,0.5545814
PIGF,0.5545814
MMADHC,0.5545802
SEC13,0.5545798
MERTK,0.55457675
PTP4A3,0.5545749
STEAP3,0.55457413
RPL28,0.5545723
STK40,0.5545717
GTF2B,0.55457157
RYK,0.55456984
SDC2,0.5545665
NLE1,0.5545655
RYBP,0.55456513
PPA1,0.55456495
TRAPPC9,0.554564
POLDIP3,0.5545639
TOX4,0.55456364
PTTG1,0.55456257
PTBP2,0.55456084
ZNF490,0.5545608
RPS5,0.5545593
TNK2,0.5545593
RICTOR,0.55455816
RCC1,0.5545567
STXBP4,0.5545561
PIGB,0.5545552
LSM5,0.55455405
MRPS2,0.5545538
PDIA3,0.5545532
RPL31,0.5545516
NPHP3,0.5545505
SF3B3,0.5545499
UBE2Q2,0.5545469
PRKRIP1,0.5545466
MKKS,0.5545455
USHBP1,0.55454475
STARD3,0.55454445
MFAP3,0.55454195
STK36,0.5545418
IK,0.55454147
SGMS1,0.5545407
SNX5,0.5545407
MTDH,0.55454004
SMG6,0.5545392
SENP3,0.5545391
GTF2A1,0.5545377
ROCK2,0.55453557
PDCD10,0.55453366
PTPN13,0.5545336
RGS1,0.5545328
MAGI3,0.5545319
SCFD2,0.5545317
LLGL2,0.5545317
PRPF40A,0.5545315
SNRNP48,0.5545315
GEN1,0.5545283
TAP1,0.5545249
NDUFV2,0.5545247
IL21R,0.5545227
RFX3,0.5545198
TOP2B,0.55451864
PLCB4,0.55451846
KPTN,0.55451715
SEMA4C,0.5545171
TNKS1BP1,0.55451626
CCL4,0.5545155
MBOAT2,0.55451524
POLL,0.55451405
TIPRL,0.5545134
SH3GLB1,0.5545132
EPHA4,0.55451083
NAA35,0.55450976
MAD2L2,0.5545087
PANK2,0.5545069
VPS53,0.55450577
SLCO3A1,0.5545057
TUBB,0.55450475
RXRA,0.5545044
NAPA,0.5545021
LSM10,0.55450195
NT5C3A,0.55450094
RAD51C,0.55450076
POLR2C,0.554498
RASA2,0.5544978
PLOD3,0.55449724
COQ10A,0.55449677
SPDYA,0.5544963
TBC1D5,0.55449504
PPP3CB,0.5544948
TUBGCP4,0.5544942
PDK3,0.5544928
PRPF31,0.55449265
TIMM17B,0.55449027
MTMR14,0.55449003
PCID2,0.5544882
LTB4R,0.5544877
THSD1,0.5544876
NUDC,0.55448586
RPL35A,0.5544857
TRPC4AP,0.5544855
TFDP2,0.5544852
MRPL2,0.5544849
TNKS,0.55448365
MNAT1,0.55448353
SREBF2,0.5544823
PSMB9,0.554482
RABGGTA,0.55448097
PGAM5,0.55448043
HSD17B7,0.55447745
PSMB7,0.5544761
RPP38,0.5544758
PPP6R2,0.55447346
PRKAA1,0.5544731
PDE5A,0.55447286
LEF1,0.55447227
SLC6A9,0.554472
UPP1,0.5544686
RNF111,0.55446845
PASK,0.5544682
PRDX6,0.5544666
TSN,0.55446583
RAB10,0.55446553
LYPLA2,0.554465
SCARB1,0.55446315
REPS1,0.5544623
RAPGEF1,0.55446047
NAA30,0.55446047
RAB1A,0.5544604
TTC12,0.55445945
MAFK,0.55445904
PLK2,0.5544582
RNF25,0.5544581
PLEKHA7,0.5544543
NUP50,0.55445313
MEPCE,0.5544518
RAP2A,0.55445147
RNF31,0.5544506
RANBP1,0.5544479
RIOK1,0.55444765
REEP5,0.554441
PTPN4,0.55444
ZFP1,0.55443954
RBM14,0.55443937
USP45,0.5544378
SREK1,0.55443716
RIF1,0.5544363
GPR68,0.55443585
NANS,0.5544346
STXBP2,0.55443436
ZNF302,0.5544328
PFKFB2,0.55443126
FBXO25,0.5544311
SUMF1,0.5544309
PIP4K2A,0.55443025
RPL7L1,0.55443025
TBC1D15,0.55443007
WDR81,0.5544288
SRRM1,0.55442864
ZNF10,0.5544282
TPT1,0.55442774
PRDX1,0.55442643
RPS18,0.5544256
F2R,0.55442387
ENC1,0.5544235
SAP30,0.55442333
ST6GALNAC4,0.5544227
EIF2B5,0.55442244
RNF103,0.5544221
PLEKHA2,0.55442095
WHAMM,0.5544197
POLR3A,0.5544188
LAS1L,0.55441695
PHF21A,0.55441684
POLD2,0.5544152
ZNF738,0.55441505
SPIN1,0.55441386
SRCAP,0.5544137
RAB3GAP2,0.55441296
PLA2G12A,0.5544125
RBM39,0.55441195
NDUFB4,0.5544103
MRPL55,0.55441004
INTS7,0.5544097
SLC11A2,0.55440855
PECR,0.5544079
WDR19,0.55440766
SSR3,0.5544073
SP3,0.55440605
PRPF3,0.5544051
NAA40,0.55440503
RNF113A,0.55440354
SPG21,0.5543998
KCNN3,0.5543998
RIOK3,0.55439806
RTN3,0.5543973
SCLT1,0.5543948
ZDHHC2,0.55439454
RDX,0.55439085
HSF2,0.55438846
PSMD3,0.55438584
SLC16A3,0.55438495
MOCS3,0.5543837
SART3,0.55438364
SERP1,0.55438066
ST14,0.55438066
STOM,0.55437934
RRP1,0.5543787
NUF2,0.5543764
RCL1,0.5543736
FBP1,0.55437255
TOP3A,0.55437213
POFUT1,0.5543709
RPS6KB2,0.5543705
RABGGTB,0.55437016
NUP160,0.55436975
TXNRD1,0.5543689
VPS33A,0.55436885
PMEPA1,0.55436856
MRAS,0.55436707
PEX14,0.55436623
LGALS8,0.55436623
EHD4,0.554365
PMPCA,0.5543645
ROCK1,0.5543643
SLC25A28,0.5543623
OPHN1,0.554362
KCNMB3,0.5543603
TIMELESS,0.5543562
PRKCI,0.5543552
PRRT2,0.554354
PEX16,0.5543539
PTPN1,0.5543527
RNPS1,0.5543519
PCGF2,0.55435014
LSM14B,0.55435014
NLRC5,0.55434895
DIABLO,0.55434775
RBM28,0.5543471
NECAB3,0.554346
PDGFD,0.5543456
PTPRA,0.5543442
NPC2,0.55434394
RPS6KA1,0.5543437
RAP1A,0.55434096
PGD,0.55434084
RBM19,0.55434024
RBBP4,0.55434
RUNX2,0.55434
RUSC1,0.5543399
RAB12,0.55433583
PHC3,0.55433327
SH3RF1,0.5543324
TNFSF13,0.55433154
PSMC6,0.5543307
RPL32,0.55433065
GLRX5,0.55433005
RHBDD1,0.5543299
RAB4A,0.554329
NMNAT2,0.55432874
RNF181,0.55432683
NDEL1,0.5543247
THEM4,0.5543223
PKN2,0.5543208
PTMS,0.5543169
STARD13,0.55431545
LPCAT3,0.55431527
PRKACB,0.5543141
MEAF6,0.5543114
PRCP,0.55430967
EIF1B,0.5543095
RAD51D,0.55430883
ZDHHC9,0.5543087
METAP1,0.554308
TNKS2,0.5543078
RALY,0.5543077
BIN2,0.5543075
OLA1,0.55430406
LZTS3,0.5543039
PLAGL1,0.5543032
PDE6D,0.554302
XRN1,0.5543009
RPL7A,0.5543007
ZNF235,0.55429965
RTN4,0.55429864
ZNF776,0.5542948
PPP1R10,0.5542945
MED26,0.5542941
RNF220,0.5542921
RORC,0.5542919
PSMB1,0.5542911
RTCA,0.5542894
SEC62,0.55428845
SAMD8,0.55428785
PPAT,0.55428606
RPF1,0.5542847
PAGR1,0.5542812
SARM1,0.55427825
FERMT3,0.5542775
LPGAT1,0.5542768
RNF40,0.554276
ZNF350,0.5542751
PIK3CD,0.5542743
HPS6,0.5542743
KRT80,0.55427414
NEDD8,0.55427396
MRPS11,0.5542734
SLC30A6,0.5542724
PAF1,0.55427086
RPS15,0.554269
GLO1,0.5542682
DBNL,0.5542675
SMAD7,0.5542666
PTPMT1,0.55426615
PNO1,0.5542661
PLEKHG3,0.55426186
RAB21,0.55426055
SYNE3,0.55425906
MKNK1,0.5542571
PTPN14,0.55425674
GGPS1,0.554254
PDGFC,0.55425215
IFT88,0.55425096
SMARCD3,0.5542505
USO1,0.5542501
NR4A3,0.5542482
ZNF143,0.5542475
UBA5,0.5542429
RHNO1,0.5542428
PSMD12,0.5542417
RGL2,0.5542414
SGPP2,0.554241
PIF1,0.5542386
PSEN1,0.5542381
LRRC8D,0.5542375
ZNF506,0.5542373
NCK1,0.55423653
PSMD2,0.5542365
ADIPOR1,0.554236
MRTO4,0.5542335
ZNF101,0.5542324
PDCD4,0.5542306
LRP12,0.55422986
PLEC,0.554229
PTPRM,0.5542285
NR1D2,0.5542281
PNPLA6,0.5542262
TEAD2,0.5542237
OAT,0.5542222
PSMB2,0.55422175
NLGN3,0.55422115
PTPRN2,0.55422014
THRA,0.5542192
PDPN,0.5542178
N6AMT1,0.5542174
FAHD2A,0.554217
SH2B1,0.5542147
PPM1A,0.55421424
SMURF2,0.55421406
NCOA2,0.55421376
POGLUT1,0.55421233
NUTF2,0.5542111
MRPL20,0.55421
POLI,0.5542068
SLC30A4,0.5542054
GLRX,0.55420536
POLR2A,0.55420434
DDX58,0.5542037
SH2D3A,0.55420125
PPIL2,0.55420107
MTHFS,0.5541989
SAV1,0.5541989
PCBD2,0.5541987
YIPF5,0.5541975
RANBP3,0.55419564
SH3GLB2,0.5541952
UBAC1,0.5541952
PREX2,0.5541947
CDC7,0.5541947
C1R,0.554194
NDUFS4,0.5541939
PPIL4,0.5541938
NEIL2,0.55419356
RPL8,0.5541935
SMPD2,0.55419225
ARHGAP25,0.5541922
TUBA1B,0.5541914
VIPAS39,0.55419004
TSSC4,0.55418944
PGM2L1,0.5541892
SLAIN2,0.55418855
PIK3R6,0.554188
PCDHB5,0.55418766
VGLL3,0.5541857
AGPAT3,0.55418414
SEMA6A,0.55418384
RAVER1,0.55418384
RASGRP3,0.55418307
PNISR,0.5541829
STK4,0.5541818
RBBP6,0.5541803
DKC1,0.55417895
ADCY1,0.5541775
PSME2,0.5541774
PYGO2,0.5541771
EVI2A,0.55417705
MOV10,0.55417657
ZFP36L2,0.55417633
TFAM,0.5541741
MAN2A2,0.55417156
RPS27L,0.55417156
TGIF2,0.55416954
SBF2,0.5541693
RAP1GDS1,0.5541688
TAF8,0.5541681
NES,0.5541663
HERC1,0.55416584
SNAP29,0.5541646
SOCS3,0.5541645
NSMCE2,0.5541593
ATP6V0E2,0.5541586
ZNF57,0.55415744
STARD4,0.5541574
PEMT,0.55415595
RAD50,0.5541524
RAN,0.5541518
PATL1,0.5541518
MBTPS1,0.5541478
THOC5,0.55414593
ZNF567,0.5541438
DDX55,0.5541433
SAFB2,0.5541433
SLC30A1,0.5541417
TONSL,0.5541396
MAP2K7,0.55413926
PPP2R5E,0.5541382
GPR153,0.5541381
RPL37,0.5541376
FMNL1,0.5541359
PYCARD,0.55413425
TRNAU1AP,0.55413365
HYLS1,0.55413264
NDUFB9,0.55413157
MAP4K1,0.5541305
TTK,0.5541302
NUP62,0.55412984
SMS,0.5541291
RPS11,0.5541289
PNRC2,0.5541257
PHACTR1,0.5541253
METTL21A,0.5541245
EMD,0.5541234
TAB3,0.5541219
RPS17,0.5541201
SP100,0.5541198
RAB14,0.55411965
EBAG9,0.5541192
DAPK3,0.5541183
MAP3K3,0.5541167
MPHOSPH10,0.5541161
MRPS23,0.55411524
PFKL,0.55411416
TM2D1,0.55411375
OAS1,0.5541136
NSA2,0.55411345
RSRC1,0.5541126
NEDD4L,0.5541113
PNKP,0.55410844
PER3,0.55410814
PLEKHG2,0.5541076
MPC1,0.5541055
MRPL21,0.55410546
NFE2L1,0.55410457
SREBF1,0.5541039
PLD3,0.5541019
KIF18B,0.554101
PIR,0.55409986
GBP2,0.55409825
TDRD3,0.5540977
RBM25,0.5540975
GPS1,0.55409503
SIRT3,0.5540938
ARHGEF40,0.55409133
PCNT,0.5540906
RPA1,0.5540904
TBL3,0.55409
SNAI1,0.55408823
NAA25,0.5540873
TESK1,0.55408645
TNRC6B,0.5540852
RPS4X,0.5540847
PTCD1,0.5540844
AFMID,0.55408394
SMYD4,0.5540824
PPM1K,0.55408204
PFDN2,0.5540786
NR3C1,0.5540773
PAPSS1,0.5540767
NAA38,0.55407506
MYL12A,0.5540744
PEX26,0.55407417
PGRMC1,0.5540733
NELFB,0.55407256
LMAN2L,0.5540721
RPL12,0.55407053
RERE,0.55407023
FAM220A,0.5540696
PTGFRN,0.55406725
NOL11,0.5540668
USP19,0.5540663
NFYC,0.55406344
PDLIM1,0.5540582
PSMD10,0.55405635
PUM2,0.55405354
NEK1,0.55405337
POM121,0.5540518
RPS27,0.55405134
RASGRF2,0.55404997
PSME3,0.5540488
RAPH1,0.5540474
RAB2A,0.55404717
RPL26,0.55404633
RRP15,0.554046
ROBO1,0.55404586
IKZF4,0.5540453
NGLY1,0.5540441
TELO2,0.554044
RAB31,0.5540433
MCAT,0.55404127
PHF19,0.554041
RPS12,0.55404073
NCSTN,0.5540397
NCOA6,0.5540391
NEU3,0.554039
RNF138,0.5540379
PIGG,0.55403644
RABGAP1,0.55403584
POU2F2,0.55403584
STAMBP,0.55403495
SUN1,0.5540337
HLA-DMA,0.5540321
KHDRBS3,0.55403167
PHF12,0.5540316
PALLD,0.55403125
PTGES3,0.55403095
SNAPC1,0.55402994
RNF38,0.55402917
ADAMTS7,0.5540284
ZNF621,0.55402756
IPO13,0.55402607
RNF2,0.5540259
PDE1A,0.55402535
PPIF,0.5540239
PPM1L,0.5540232
IFT80,0.5540231
HNRNPLL,0.55402195
PCGF3,0.5540203
ITSN2,0.55402017
SETD2,0.55401975
MYCBP2,0.55401826
PHB,0.55401826
ORC4,0.55401796
PITPNM1,0.5540176
NUSAP1,0.5540169
RAD54B,0.5540166
RABEPK,0.55401576
NUDCD3,0.55401427
MTHFD1,0.55401343
MAST2,0.55401164
PPP1R3B,0.5540113
ZNF253,0.55400944
NUDT21,0.5540054
PDLIM2,0.5540054
SGIP1,0.5540052
PSMA7,0.5540051
RCN1,0.55400395
PGAP1,0.5540039
PILRA,0.5540031
SLC19A1,0.5540017
RPA2,0.55400085
RDH10,0.5540004
IRS1,0.5540001
RAB3IP,0.55399877
TUBGCP2,0.5539985
HOMER3,0.5539984
RPS6KA2,0.55399746
NIPSNAP1,0.55399746
PAFAH1B1,0.55399543
PPP1CB,0.55399317
FRK,0.5539931
RABL2A,0.5539922
PRICKLE3,0.5539917
PPP1R15A,0.5539917
MAPK6,0.5539908
GLE1,0.55398846
ZNF780A,0.5539879
NMI,0.5539872
MYO9B,0.55398715
PUM1,0.5539871
MFN2,0.5539864
PCSK7,0.55398273
EMC1,0.5539813
SPINT1,0.55398107
PDE4B,0.5539805
NOP56,0.55397916
MRPL28,0.55397844
PPP1R13B,0.5539784
RNF24,0.55397743
SMAD1,0.55397487
PMPCB,0.5539739
REV1,0.55397373
PRICKLE2,0.5539731
RBM15B,0.55397284
PDPR,0.5539716
RPL27,0.5539703
RPL21,0.55397
PPP1R12A,0.55396956
PPP6R3,0.5539693
JAG1,0.55396855
MAP4K4,0.5539679
MSL1,0.5539678
TNFRSF10D,0.5539624
RAC2,0.5539612
MZT2A,0.5539591
PDHX,0.553958
PRMT1,0.5539565
DNAJC24,0.55395633
SIL1,0.55395395
HK2,0.5539537
PABPC1L,0.5539532
PAWR,0.55395293
MICAL2,0.5539522
SEMA3A,0.5539511
IL20RB,0.5539502
PSMG2,0.5539499
PTPRS,0.5539497
SEPHS1,0.5539491
SLC12A8,0.5539483
UPRT,0.553948
NDUFS2,0.553947
RIN1,0.553946
PPP1CC,0.55394447
QTRT1,0.55394316
RFC1,0.55394197
NFYB,0.5539408
NOL6,0.55393565
NNMT,0.55393225
MAPRE3,0.5539299
GMPPB,0.55392885
NR6A1,0.5539287
MRPS27,0.55392766
TRIM23,0.5539276
NAA60,0.5539262
IRAK3,0.55392534
VARS2,0.5539249
PRKDC,0.55392396
PJA2,0.55392283
PACSIN2,0.55392253
RRP7A,0.5539221
MXRA8,0.55392
NEIL3,0.5539183
PAAF1,0.5539176
RCCD1,0.55391705
PPP1R15B,0.55391455
RHOT2,0.5539117
SYNJ2,0.55390877
S100A3,0.55390537
PRKCA,0.5539048
PFKFB3,0.5539041
PIK3AP1,0.5539032
IRF1,0.55390304
COX11,0.55390304
RPL24,0.55390143
PC,0.5538991
SLC35E3,0.5538973
RB1CC1,0.5538942
SENP1,0.5538941
MALSU1,0.5538941
NLRP1,0.553892
NOLC1,0.5538912
RPS27A,0.553891
IRF3,0.553891
UROS,0.55389065
PTPRJ,0.5538895
MAN1C1,0.5538881
NDC1,0.55388755
POLH,0.5538869
PDHA1,0.5538867
MAGI2,0.5538865
HDAC1,0.55388623
TMEM97,0.55388606
TICRR,0.55388504
PTGIR,0.5538836
MRPS5,0.5538817
JUNB,0.55388004
PLCE1,0.55387735
SATB2,0.55387694
PYGB,0.5538768
PPP5C,0.5538735
SPIRE2,0.55387235
SIRT1,0.5538711
POLR3E,0.55386984
IFNGR1,0.55386937
PCK2,0.5538681
TRIM11,0.55386543
HOXB3,0.55386496
SDAD1,0.5538579
SIRT6,0.5538573
TDRKH,0.5538564
CLDN1,0.5538557
NAB1,0.5538554
ZFPM1,0.55385447
PPP4C,0.5538486
RANBP9,0.5538475
OBSL1,0.5538468
SNIP1,0.55384636
TUBG2,0.55384547
RBM34,0.5538449
SCFD1,0.5538439
PNKD,0.5538424
PDLIM7,0.5538423
MRPL37,0.55384207
HJURP,0.5538415
PPCS,0.5538381
PCDH18,0.5538342
MAP4K5,0.55383384
MED7,0.5538334
MPND,0.5538329
NDE1,0.5538318
KCMF1,0.5538306
PSMD9,0.5538298
LARP4,0.5538292
MGST1,0.55382913
METTL14,0.5538287
PDXDC1,0.5538282
PLTP,0.553827
SRP9,0.55382633
SLC25A24,0.553825
MRFAP1,0.55382127
RPL19,0.55382085
MGAT2,0.5538208
LRP4,0.5538188
LMAN2,0.5538166
NMD3,0.5538124
NPM3,0.55381054
RPS19,0.5538098
RCC2,0.55380964
POLK,0.55380905
PRKCE,0.55380887
CPT1B,0.55380887
FN1,0.5538077
PPP1R16B,0.55380595
SHMT2,0.5538056
TCTN2,0.5538044
NRIP1,0.55380076
RBBP5,0.5537992
MBTD1,0.5537981
TMED5,0.55379725
MTX1,0.5537972
OXCT1,0.5537962
KCNMA1,0.5537924
RBM17,0.5537923
PRR5L,0.5537911
ZNF383,0.5537898
POU2F1,0.5537897
NUP205,0.55378956
DNTTIP2,0.5537879
PTBP1,0.5537873
JDP2,0.5537871
MRPL18,0.5537866
GTSE1,0.55378604
PEX11A,0.5537834
PSMC5,0.55378336
PPP2R1A,0.55378026
IMPDH2,0.5537793
FYCO1,0.5537774
PDE8A,0.5537768
RTF1,0.5537766
LAMB3,0.5537754
MYO7A,0.5537748
HSD17B4,0.5537747
NDUFS8,0.5537744
MAPK9,0.5537735
LIMA1,0.5537704
P2RY11,0.55377036
TP73,0.5537699
PDRG1,0.55376923
KALRN,0.55376804
ZNF493,0.55376744
SLC7A5,0.553766
POLM,0.5537651
NAA16,0.553764
MAGED1,0.5537625
MEF2A,0.5537578
B4GALT7,0.5537573
MYADM,0.5537562
POLG2,0.5537559
ZNF470,0.5537556
NT5C3B,0.55375504
GPC4,0.55375457
DGKA,0.553754
PTPN12,0.5537525
NME3,0.5537514
ZNF200,0.5537492
PUF60,0.553748
RRAGC,0.5537476
POLR2J3,0.5537468
SCAI,0.5537451
MRPL19,0.5537451
MPP5,0.55374473
ZNF234,0.55374455
SMYD5,0.55374384
RECQL,0.5537427
PKN1,0.55374235
PEX11B,0.5537369
IFIT5,0.5537344
ZNF529,0.5537336
SYTL4,0.55373347
USP35,0.553733
RASAL2,0.553732
TIMMDC1,0.5537313
MTMR12,0.55373085
MYSM1,0.55373013
TFAP4,0.5537297
RASAL3,0.5537279
NUP153,0.55372787
FKBP2,0.5537278
RGS17,0.5537277
L3MBTL2,0.55372727
TBC1D2,0.553727
HOXB7,0.55372566
FNTA,0.5537253
PLCL2,0.5537252
MEGF8,0.55372477
PURA,0.5537223
RAB5C,0.5537222
MTF2,0.55372155
LMNB2,0.5537206
OSBPL5,0.5537196
GINS4,0.5537191
SMG1,0.55371904
SERPINB8,0.5537188
HERC6,0.55371785
HMGCL,0.55371594
FEM1A,0.55371433
SMPD4,0.5537121
PRPSAP1,0.55371
ST8SIA1,0.55370957
PPOX,0.5537092
ORC2,0.5537085
PARVA,0.553708
RPAP2,0.5537074
RC3H1,0.55370665
MTR,0.55370635
NAT10,0.55370504
TEK,0.5537021
ASRGL1,0.5537017
TRPC1,0.5537007
MTA3,0.5536971
TMEM216,0.55369633
PSMA5,0.5536956
OS9,0.55369544
NUP188,0.5536951
NOL10,0.5536951
RPL41,0.55369467
OSTM1,0.55369467
SHROOM3,0.5536944
C17orf75,0.55369264
LATS2,0.55369246
KRI1,0.5536909
MOCS2,0.55368966
EXOSC1,0.553689
LSR,0.55368865
RPL11,0.5536877
PXN,0.5536871
MIEN1,0.55368495
RPS23,0.55368394
KPNA1,0.5536833
PSMB5,0.5536825
ITGB6,0.5536821
TIAM1,0.5536817
SLC27A5,0.5536801
RBX1,0.5536774
MAPK8IP1,0.5536758
POLR3H,0.5536738
TRIM3,0.55366963
NUP54,0.5536693
KIF15,0.55366915
MECOM,0.5536652
PRKAR2B,0.55366474
GSTA4,0.55366373
NOP16,0.5536618
RRAGD,0.55366075
GRB2,0.5536607
RSL1D1,0.5536595
PTDSS2,0.5536591
GPR180,0.5536589
MYO1C,0.55365723
PSMD4,0.553652
SMARCC2,0.55365145
MAN1B1,0.5536505
PRMT3,0.5536501
GNPDA2,0.55365
RBCK1,0.55364996
LYPD6,0.5536487
OBSCN,0.5536471
PABPC4,0.5536462
PIKFYVE,0.55364597
RNASEH1,0.55364597
RINL,0.5536455
MDN1,0.5536433
POLR3B,0.55364275
RFC5,0.553642
PRKD1,0.5536399
MMS19,0.55363923
PELP1,0.5536373
MYO5B,0.5536346
ZNF155,0.55363387
PAM16,0.5536337
NUDT9,0.5536324
RRP12,0.5536297
KIF3B,0.55362517
PTK2,0.5536248
OSBP2,0.55362475
HDAC3,0.5536245
RPS9,0.5536242
MSL2,0.553624
NUP133,0.5536239
PSMB10,0.55362386
LEMD2,0.5536237
MCM2,0.5536229
ELL2,0.5536214
PKD2,0.5536213
RHOG,0.5536193
PLAA,0.5536179
MBP,0.5536176
GPCPD1,0.55361754
MYH10,0.55361706
PIP5K1A,0.5536165
PDHB,0.5536151
FAIM,0.5536139
SUCLG1,0.5536135
NSMAF,0.5536128
OXSR1,0.553612
IP6K1,0.55361134
NUAK1,0.553611
HMOX2,0.5536075
METAP2,0.5536058
MZT1,0.5536058
NEK9,0.55360556
KIAA0513,0.55360526
NCOA7,0.553605
PKP3,0.5536048
RBM7,0.5536009
PARK7,0.5536
PIAS4,0.5535999
SGSH,0.5535993
MAGOH,0.5535978
TAZ,0.553597
MSH3,0.55359674
KIF13A,0.5535958
NAA10,0.55359554
SCYL1,0.55359423
PYCR2,0.55359286
OTUD5,0.55359256
MCM3,0.5535925
PTAFR,0.55359167
NFIA,0.553591
TRMT1,0.55359
RAB37,0.55358696
METTL3,0.5535868
RPS29,0.55358565
PDE8B,0.5535855
NUMB,0.5535842
NAA15,0.5535809
POLR2I,0.5535806
ITGA1,0.55357957
RPLP0,0.553578
OAS3,0.5535778
HACE1,0.5535767
PODXL2,0.55357605
PRKAR2A,0.55357516
ARID3A,0.55357516
ULK2,0.5535726
IVNS1ABP,0.5535726
ICAM1,0.55357194
PERP,0.55357176
HDAC10,0.55357176
FBXO30,0.5535695
NTN4,0.553568
TBC1D23,0.5535675
PLXNA1,0.5535662
MAVS,0.5535659
DTNBP1,0.5535646
VAMP4,0.5535641
CGNL1,0.5535618
RIC8B,0.55355734
SPRY4,0.55355644
PUS7,0.5535545
PDE7A,0.55355436
IMP4,0.5535532
MPRIP,0.5535528
MFGE8,0.55355185
ZNF500,0.55354726
SLC25A12,0.5535456
LTBP4,0.5535439
KLC2,0.553543
ZNF274,0.55354095
PPARD,0.55353945
PDE4A,0.5535383
PLXNB2,0.55353767
OSGEP,0.553537
RSF1,0.5535365
HNRNPUL2,0.5535359
LGALS9,0.5535356
TEP1,0.55353504
RPL23,0.553534
PHF20,0.553533
HLA-DOA,0.5535325
SAT1,0.5535315
MCCC2,0.5535315
NASP,0.55353
KPNA3,0.55352914
HADHA,0.5535289
ORC5,0.5535285
CSNK1G3,0.5535281
RAB8A,0.5535275
RPL29,0.5535266
PPP1R18,0.55352527
NUDT5,0.55352503
NDUFS1,0.55352384
HSBP1,0.55352354
PEX5,0.55352306
LOXL2,0.5535211
FBXL8,0.5535197
CKLF,0.55351967
SECISBP2,0.5535193
RHOB,0.55351865
FOXF1,0.55351824
MEX3C,0.5535176
RASA3,0.55351734
PHC2,0.55351704
RGS12,0.5535162
NRP2,0.55351484
GOLGA3,0.5535146
HBP1,0.553514
SCAP,0.5535136
GOLIM4,0.55351174
NEK7,0.55351126
DCTN3,0.5535058
NOL8,0.5535027
FZD8,0.5535016
LAMTOR4,0.5534999
SENP8,0.5534998
NUP155,0.5534993
KHNYN,0.55349904
IFT27,0.55349857
IRF2BP2,0.5534984
PPP1R13L,0.55349773
PPIB,0.5534971
ORC6,0.55349636
SOCS5,0.5534955
WDR48,0.55349547
UBE2T,0.55349493
RHEB,0.5534945
POLR3D,0.55349314
NSUN2,0.55349284
KCNMB4,0.553492
MCPH1,0.55349195
PPP3CC,0.5534916
OGDH,0.5534912
PAK1IP1,0.55349094
MCU,0.55349064
NPLOC4,0.5534899
ING4,0.5534895
PIK3C2B,0.5534839
RAP2B,0.5534828
SNRNP40,0.55348086
TBC1D8B,0.5534782
NDUFS3,0.5534762
NHS,0.55347395
PIP4K2C,0.5534733
RPS2,0.5534732
GTPBP2,0.5534728
LYAR,0.553472
NDUFA10,0.5534711
IQGAP1,0.55347085
PPP3CA,0.5534693
DCTD,0.55346906
OGT,0.5534678
RPRD1B,0.55346763
WNT2B,0.55346566
NEO1,0.5534656
SUN2,0.5534646
MYL6B,0.5534633
MSX1,0.55346
COLEC12,0.553458
XYLT1,0.553458
OSGEPL1,0.5534577
PEF1,0.55345565
MBD5,0.5534532
FSCN1,0.5534518
NUFIP1,0.5534504
SLC27A1,0.5534487
FBXO17,0.5534463
RECK,0.5534461
PRPS1,0.55344313
LTBP3,0.55344313
POP7,0.5534427
KIF11,0.55344105
MOGS,0.5534391
ITGB7,0.5534386
RAD9A,0.553438
SENP2,0.5534379
GCA,0.55343664
PREPL,0.5534361
NCAPG2,0.553436
NONO,0.55343544
RPS8,0.55343133
RELA,0.5534291
SEMA7A,0.5534244
PSMC3,0.5534242
MAML1,0.55342406
LMNB1,0.55342335
NSDHL,0.55342335
PPP1R7,0.5534232
KANK2,0.5534226
NUP210,0.5534209
PSMD1,0.55341715
PDE3B,0.55341434
MTMR2,0.5534122
PPID,0.5534109
PPARGC1B,0.5534098
PTPRE,0.5534093
PLOD1,0.5534084
LRP8,0.5534082
RBMX2,0.5534079
PCCA,0.5534073
RCHY1,0.553407
MAPKAPK5,0.55340666
SYT11,0.5534059
ZNF773,0.553405
KCNK5,0.5534046
PKIA,0.5534038
MRC2,0.553403
CASP4,0.5534005
RND1,0.5534002
PLSCR1,0.5534001
MAP1LC3B,0.55339855
LRP6,0.55339843
HPS1,0.5533973
LNX2,0.553397
CYCS,0.55339676
RPL3,0.5533967
ITFG2,0.55339664
PRKCSH,0.55339634
FTSJ3,0.5533962
PDE12,0.55339587
HERC2,0.5533939
KIFC1,0.5533927
KDM8,0.5533892
VMA21,0.55338883
JOSD2,0.5533883
PPP2CB,0.553388
PELI3,0.5533878
MTIF2,0.5533862
NIP7,0.5533845
PA2G4,0.55338275
LRR1,0.5533812
LRP10,0.5533803
PIGQ,0.55338
MAD2L1,0.553379
INPP5E,0.553378
TMEM115,0.55337375
COL27A1,0.5533726
NUP93,0.553371
MCMBP,0.5533698
STAM2,0.55336815
POLQ,0.55336416
NDUFAF6,0.553362
MLST8,0.5533615
PRKAB2,0.55336094
IFI44L,0.5533559
PI4K2A,0.5533553
SHB,0.5533552
TRAPPC5,0.5533549
POLR3F,0.5533524
PUS1,0.55335146
RPS16,0.5533497
MAPK13,0.55334944
LYPD3,0.5533445
BLVRB,0.55334294
MTX2,0.55334204
INPPL1,0.5533361
MYL6,0.55333424
MED13,0.5533324
MUC3A,0.5533303
ELOVL1,0.55332994
PGAM1,0.5533291
MLKL,0.55332863
EXOSC10,0.5533283
PEX13,0.5533283
SEMA4G,0.55332786
SEC24B,0.55332726
PTN,0.5533271
SYNGR1,0.55332667
PGS1,0.5533266
TBC1D25,0.55332303
TAP2,0.5533224
PLXNA2,0.55331737
NDUFA4,0.5533147
RHBDF1,0.5533146
NME6,0.5533135
MPDZ,0.553313
PPP2R5C,0.55331266
LSM2,0.55331254
LAMB1,0.5533109
RPL27A,0.55331045
ZNF415,0.55330974
PELI1,0.5533092
EMB,0.55330884
CD40,0.5533083
IREB2,0.5533079
NOL9,0.553307
HMGCR,0.55330586
MTMR10,0.55330557
P4HA1,0.553299
PDSS1,0.553297
PPARA,0.55329674
FOSL1,0.5532966
RNF20,0.55329543
PI4KA,0.553295
RGS16,0.5532927
INCENP,0.55329156
NAMPT,0.55329096
NMT1,0.55329067
PLA2R1,0.55329
RAB3IL1,0.5532897
MED17,0.55328923
PAN3,0.55328864
NUP88,0.55328614
HS2ST1,0.55328137
ETFB,0.5532811
NR2F2,0.5532809
KIF26A,0.55327874
MED28,0.55327725
REEP4,0.5532742
LPCAT1,0.5532728
MTFMT,0.5532724
MAP2,0.55327076
MPG,0.5532678
RND3,0.553266
DYRK1B,0.5532659
PKM,0.5532652
ELP6,0.55326146
POLR1B,0.55325955
PSMC1,0.55325717
PITPNA,0.5532558
PABPN1,0.55325514
TRAPPC4,0.553255
SERPINF1,0.5532549
PES1,0.55325353
PPIH,0.5532525
NAP1L1,0.5532515
MIB1,0.5532515
NFATC4,0.5532513
MDK,0.55325073
PCDHB15,0.5532499
POLRMT,0.55324835
INPP5A,0.5532483
ZNF2,0.5532479
HUWE1,0.55324537
RAB20,0.5532452
NPNT,0.55324507
RHOU,0.553243
PTPRF,0.55324256
GPT2,0.5532422
KCNJ14,0.55324167
PTK2B,0.5532406
MAP1B,0.5532392
NPHP4,0.553239
MYO10,0.5532389
PPIG,0.5532384
EIF2B2,0.5532382
MARK3,0.55323654
PSAP,0.55323607
NLGN2,0.5532357
IRF2,0.5532353
EPHB2,0.55323267
NEK2,0.5532325
PSMF1,0.55323094
PDE4C,0.55322826
OAZ1,0.5532227
ZNF814,0.5532217
PLD2,0.5532195
MRPL16,0.55321884
PLXNA3,0.5532176
MON1A,0.5532167
PDE7B,0.55321574
TBC1D32,0.55321383
NBAS,0.5532136
NOD1,0.55321336
NUB1,0.55321157
NCAPD2,0.55321044
COMMD2,0.5532101
MANBA,0.55320877
RFC4,0.5532074
PTMA,0.55320615
MAML3,0.5532037
NOP58,0.55320334
LAMP1,0.55320334
RPLP2,0.5532011
MANEA,0.5531995
KAT6A,0.55319893
RTEL1,0.55319774
PACSIN3,0.5531946
RAD1,0.5531924
GMNN,0.5531922
IFIT1,0.55319184
PFKP,0.55319065
PAPSS2,0.5531892
MAP3K8,0.5531888
NFKBIA,0.5531862
NHP2,0.5531858
PLK1,0.5531855
NUP107,0.5531843
LYRM4,0.5531839
MRI1,0.5531785
RPL13A,0.5531738
MAP3K9,0.5531732
MTIF3,0.5531732
MCM5,0.5531715
SATB1,0.55317116
LDLR,0.5531707
MRPS15,0.5531707
DCLRE1A,0.553169
ME1,0.5531679
SCAMP1,0.55316544
PRPF4B,0.5531653
PAFAH1B3,0.55316305
IQGAP2,0.5531629
INTS2,0.5531625
MUL1,0.55316234
KIFC3,0.5531615
NKIRAS1,0.5531613
POLR2B,0.55316126
SETD7,0.55316114
PDXK,0.5531599
RFFL,0.553158
SLC22A17,0.5531567
FYN,0.55315536
PSMA4,0.5531553
MRPL50,0.55315506
MAN2B1,0.5531543
NADSYN1,0.55315405
TSFM,0.55315393
PRR12,0.55315363
MPP7,0.5531517
RPP30,0.5531509
PPP1CA,0.5531474
INO80E,0.55314493
GGCX,0.55314213
LPIN1,0.5531415
HSPB1,0.5531403
OTUD7B,0.55314016
ZNF823,0.5531372
NAP1L4,0.5531309
MRPL10,0.5531295
SMNDC1,0.55312926
MORF4L1,0.5531282
HDAC5,0.5531278
SLC9A3R1,0.55312705
NCEH1,0.5531254
PAQR5,0.5531233
MEIS1,0.55312306
NEK6,0.55312264
PELI2,0.55311954
RSAD2,0.5531165
NOC2L,0.5531156
NDN,0.5531144
PAIP2,0.553114
MRPS22,0.5531136
ITM2B,0.5531123
IL2RB,0.553112
RAB11FIP1,0.5531099
NAPEPLD,0.55310667
HSPA9,0.55310595
FEZ2,0.5531045
PCYOX1L,0.5531033
ITPR3,0.55310255
HVCN1,0.55310106
MLEC,0.5530992
RPL15,0.5530971
MAPKAPK2,0.5530971
MORC2,0.5530954
LAT2,0.5530934
FDPS,0.55309224
IMMT,0.55309194
ETV3,0.5530902
ZNF354B,0.55308986
ELMO3,0.5530898
IGF2R,0.5530892
GOT2,0.553089
SCN1B,0.5530889
MFF,0.55308795
ZNF528,0.55308676
NIPSNAP3A,0.55308646
ZNF790,0.5530855
MED15,0.55308425
MAPK14,0.5530842
PFN2,0.5530816
PAQR8,0.55308115
RPS6,0.5530804
RARG,0.5530776
TUBGCP6,0.5530767
TXNRD2,0.55307484
CPOX,0.5530739
ITGA5,0.55307347
LMO4,0.5530717
SHCBP1,0.55307156
MKNK2,0.5530712
NUBPL,0.55306935
CNN1,0.55306894
EGLN1,0.55306834
IFT140,0.5530682
SGPL1,0.5530673
GABBR1,0.55306697
NR2F6,0.55306554
MTA2,0.553065
MSRA,0.5530642
GBA2,0.55306363
ELMO1,0.5530632
EGR3,0.55306244
KDM5B,0.55306226
LBR,0.55306196
LARP4B,0.55306137
VPS28,0.55306125
LARS2,0.55305946
RPS3,0.5530587
IPO11,0.5530571
NDUFAF5,0.5530571
KDM3B,0.5530569
PCGF5,0.55305564
NME7,0.5530551
SPATA13,0.5530548
RAC3,0.5530541
COL1A2,0.553053
TGM2,0.553052
ZNF573,0.5530506
KDM2B,0.55304855
ANGEL2,0.5530472
PTPN22,0.5530464
PBX3,0.5530462
PHKB,0.55304503
MFSD12,0.5530434
UFL1,0.5530431
EXOSC2,0.5530416
DNAJB12,0.5530405
MRPL9,0.55304015
PDCD6IP,0.55303955
KLHL20,0.5530391
MOK,0.55303454
MRPS30,0.55303437
RPGRIP1L,0.5530316
GPN1,0.55303156
IRF2BP1,0.55303013
TMEM17,0.5530293
MAP4K3,0.55302835
MICALL1,0.55302835
GOLM1,0.5530262
MAEA,0.5530245
GCLC,0.5530244
KREMEN1,0.5530244
SNX6,0.5530243
GCAT,0.5530239
INTS9,0.5530239
MBD3,0.5530231
RGP1,0.5530217
GLMN,0.5530215
EIF3G,0.5530208
PDCL3,0.5530184
PAICS,0.5530176
PDK1,0.5530159
IPO7,0.5530148
ZNF429,0.5530098
MRPL35,0.55300903
GRK6,0.5530089
LSG1,0.5530081
CCNT2,0.55300796
MAPKAP1,0.55300695
MBD1,0.5530069
RELT,0.5530065
GGA1,0.5530039
HMGXB4,0.55300367
NUDT16L1,0.55300367
NCKAP1L,0.5530014
MTO1,0.55299973
NT5E,0.5529961
NCKAP1,0.5529958
MRPS18A,0.5529929
SORD,0.55299276
SEC11C,0.5529923
RANBP10,0.5529918
POLE4,0.55298966
MPI,0.5529891
PPWD1,0.5529874
CHPF2,0.5529839
RBPJ,0.55298376
MRPL34,0.5529826
RAB11B,0.55298257
ASB1,0.55298233
PARD3B,0.55297613
IQCE,0.55297434
MEIS2,0.5529739
PHF8,0.5529736
TGM1,0.55297333
NOP9,0.55297154
GOSR1,0.55297047
NDUFS6,0.5529696
MRPS6,0.5529684
RIN3,0.5529681
RTN4IP1,0.5529679
PHC1,0.55296636
MRPL27,0.5529645
P4HA3,0.5529633
MID1IP1,0.552963
ITPA,0.552962
HOXB4,0.55296123
KRT19,0.55295956
MGAT4B,0.5529574
MT2A,0.5529574
FXR1,0.5529567
NIPBL,0.5529533
SLIT3,0.55294555
JAG2,0.5529426
NFIX,0.5529411
KPNB1,0.55293703
MCM7,0.5529332
CCDC40,0.55293244
LLGL1,0.5529317
GALNT11,0.5529314
ULK3,0.55293125
IMPA2,0.5529311
GALNT7,0.5529309
PHF1,0.5529304
LNX1,0.5529302
OSTC,0.5529301
LAP3,0.55292994
KCTD3,0.55292976
KDM2A,0.5529267
MICU2,0.5529247
NDUFAF2,0.5529216
SF3B2,0.5529207
ORC3,0.55292
LIPA,0.55291724
MRPS18B,0.55291706
PEX11G,0.55291516
RTN4R,0.5529141
NUDT12,0.55291355
SESN2,0.55291134
KMT2E,0.552911
LPCAT2,0.55291003
FKBP3,0.5529097
LSM12,0.552909
RAI1,0.5529087
REEP2,0.5529079
PITX1,0.5529063
PDSS2,0.55290556
GID8,0.5529053
ETF1,0.5529043
SMCR8,0.552902
INTS5,0.55290043
PGM1,0.5528996
PREX1,0.5528986
MPP6,0.55289793
FGFRL1,0.5528949
DDRGK1,0.5528948
ZNF516,0.55289334
INTS4,0.552892
PAIP1,0.5528908
PLEKHG4,0.5528908
PDE4D,0.55288905
SNTA1,0.55288863
PDS5A,0.55288845
MYBL2,0.55288845
MYO9A,0.5528849
EID3,0.5528827
PRPS2,0.5528824
LRRC47,0.55288196
ITPK1,0.55288106
PDE10A,0.55288047
GOLGB1,0.55288035
PDE3A,0.5528791
RSU1,0.5528788
SIAH2,0.5528783
IL16,0.552874
LRRC41,0.5528725
LONP1,0.55286837
PCSK6,0.55286735
HOXB6,0.55286616
KDELR2,0.55286354
MKLN1,0.5528611
GRWD1,0.5528603
KATNBL1,0.5528588
PHB2,0.55285335
IFI16,0.5528497
PIK3R4,0.55284715
CHMP4B,0.5528466
GDPD5,0.55284506
SHARPIN,0.552845
TRPC6,0.55284244
EFNB3,0.5528403
MED14,0.5528399
NR4A1,0.5528397
LIN37,0.5528382
POMGNT1,0.55283815
KLHL25,0.5528369
PARD3,0.5528362
FHL2,0.5528356
NAPG,0.5528335
NIF3L1,0.5528331
MBOAT7,0.5528323
PPP1R9B,0.5528306
LINGO1,0.5528296
NOTCH4,0.5528281
NDRG3,0.5528276
POLE2,0.55282664
HTATSF1,0.5528264
NSMCE1,0.5528264
NOM1,0.5528263
KCNS3,0.55282503
PCCB,0.5528246
MAT2A,0.55282295
PIP5K1C,0.5528102
MED29,0.55280894
DCAF17,0.55280775
NCBP1,0.5528074
PRKAG2,0.5528025
PDLIM5,0.55280155
ETFDH,0.5527996
HUS1,0.55279917
IL13RA1,0.5527988
GNAI1,0.55279803
FNDC5,0.5527974
EIF5,0.5527938
HNRNPAB,0.5527924
METTL4,0.5527915
GPANK1,0.55279094
KDM4B,0.55279076
IARS2,0.55279064
MCL1,0.5527904
KAT5,0.55279005
LATS1,0.55278975
ODC1,0.5527869
KLHL9,0.5527867
MZF1,0.5527864
ERF,0.5527849
NXF1,0.5527847
MAGT1,0.552782
NAA50,0.55278075
ITPR2,0.5527807
GTPBP1,0.55278045
PLCD3,0.55277985
KRT10,0.5527787
COG6,0.5527782
MAGOHB,0.5527762
BCL7C,0.5527691
NFATC3,0.55276823
RPL13,0.55276805
NPTN,0.5527673
NR2C2,0.5527631
NCK2,0.552762
HOXB2,0.55275977
GNAI2,0.5527594
HIF1AN,0.55275846
LAMA3,0.55275774
MAK16,0.5527574
KANSL1,0.5527571
PRPF39,0.5527568
MFAP2,0.55275655
KRIT1,0.5527553
DAB2IP,0.5527552
CREG1,0.552755
FARSB,0.5527522
DNAJB9,0.5527517
LGR4,0.5527516
KHDRBS1,0.55275136
MED23,0.55275065
NLK,0.5527493
GLB1,0.552749
AP2A1,0.5527482
FDX1,0.55274796
ZNF180,0.55274534
FOXRED1,0.5527453
CHORDC1,0.55274516
ERGIC1,0.5527446
NGDN,0.5527446
IRF9,0.55274403
HCAR2,0.55274284
PDCD6,0.5527417
RGMB,0.5527415
ESD,0.5527408
GNG12,0.55273986
CNOT2,0.5527361
ZNF333,0.5527353
PRPF19,0.55273455
QPRT,0.55273354
PORCN,0.55273247
GATC,0.5527324
HTRA2,0.5527322
RASD2,0.55273217
MBD2,0.552731
GADD45A,0.5527305
LGMN,0.5527302
PLCG1,0.55272985
PFN1,0.55272937
MSL3,0.55272925
RASSF6,0.55272925
IFI30,0.55272853
GUK1,0.5527259
GART,0.5527235
GAS2L1,0.5527217
FLII,0.5527198
TOMM40,0.5527185
PSMD5,0.55271727
NDC80,0.5527152
KIF3A,0.5527146
NDOR1,0.55271435
IPO5,0.55271316
HGS,0.5527128
LAMC1,0.5527127
KRT18,0.5527126
PLCB2,0.55271053
PRDX5,0.55270934
MAP2K6,0.55270934
IGFBP4,0.55270875
LRCH1,0.55270827
ZNF614,0.55270797
PRPF6,0.5527067
NUFIP2,0.5527056
ICAM3,0.5527017
ISYNA1,0.5527017
MZT2B,0.5527004
MPP2,0.5526982
PTPRU,0.5526964
COG8,0.5526948
IFNAR2,0.55269426
MAP4K2,0.55269253
EPC1,0.55269
PIGS,0.5526889
HINT1,0.55268794
MRPS34,0.5526869
HOXA3,0.55268687
SH2B3,0.55268687
SLC27A4,0.55268675
RBM42,0.55268496
MTHFD2,0.5526846
JMJD1C,0.5526839
ORMDL3,0.5526834
HAT1,0.55267537
NOP14,0.5526751
IMPDH1,0.55267376
ZNF600,0.5526735
GMEB1,0.5526715
RETSAT,0.5526713
LSM7,0.5526705
LMBRD1,0.5526696
NOL7,0.5526692
MLF1,0.55266887
GTPBP4,0.55266553
MIS12,0.5526621
MLXIP,0.55266035
MAP3K7,0.5526585
NCL,0.55265677
HNRNPM,0.5526567
KCTD1,0.55265605
PPFIA3,0.5526527
HMGCS1,0.5526512
FKBP15,0.552651
RUSC2,0.5526508
CCDC59,0.55264974
MPDU1,0.5526492
ZNF778,0.5526472
NELFE,0.5526467
LIMK1,0.55264515
PRKAG1,0.5526441
NFKB1,0.55264324
IMP3,0.55264324
DUSP16,0.5526394
HSD17B12,0.5526362
MSH5,0.5526206
MRPL40,0.55261886
HIRA,0.5526188
MRPL41,0.5526167
MID1,0.5526151
HSPH1,0.55261195
COQ6,0.55261046
MAD1L1,0.5526102
LPCAT4,0.55260867
NPRL3,0.5526061
NCALD,0.5526058
NUMA1,0.55260444
EIF3K,0.5526041
BLOC1S2,0.55260354
AIFM2,0.55259967
PPM1F,0.55259717
NEU1,0.55259657
ZNF546,0.55259585
PLEKHA3,0.5525938
MAN2A1,0.5525937
SPRY1,0.55259347
ZNF284,0.5525915
GPR176,0.55259144
IFI44,0.5525906
LYPLA1,0.5525902
LIMD1,0.5525867
MUS81,0.5525863
MGAT5,0.55258435
HLCS,0.55258214
SIVA1,0.5525817
FKRP,0.55258155
FAM98A,0.55258113
ITCH,0.55258
MRPL3,0.55257994
MAP3K2,0.55257964
GOLGA4,0.5525776
GALNT6,0.5525761
DNAJC9,0.5525758
LUC7L3,0.55257565
PEX3,0.5525738
PLA2G4A,0.5525702
HNRNPA3,0.5525702
LSP1,0.55256975
SEMA5A,0.55256814
REPS2,0.5525672
CNTRL,0.5525671
MAMLD1,0.5525633
KLHL11,0.552561
HECTD3,0.55255616
MBNL1,0.55255544
MARK2,0.55255497
F3,0.5525547
FXYD6,0.55254716
KIF4A,0.55254525
HSPA1L,0.5525437
PIGW,0.5525401
NCAPH2,0.5525374
KLHDC3,0.5525309
ILF2,0.5525289
MPHOSPH8,0.55252826
MED11,0.5525112
KANK1,0.55250466
MCC,0.5525045
DPH3,0.55250275
GATAD2A,0.55250084
NET1,0.5525001
FAM13A,0.552498
POLR3G,0.55249596
HSD11B1L,0.5524933
KATNAL1,0.5524906
SNX33,0.55248874
RAPGEF5,0.5524885
MOAP1,0.55248666
DCAF13,0.5524841
CA2,0.55248094
MATR3,0.5524807
PRPF4,0.5524789
RNH1,0.5524769
MIDN,0.55247647
PI4KB,0.5524718
FCF1,0.5524715
LAMC3,0.55247104
IGFBP6,0.5524684
TSEN54,0.55246437
PGM2,0.5524631
EIF4E2,0.55246276
MYCBP,0.5524624
HMGN2,0.55245996
MCM4,0.5524553
EIF4EBP2,0.5524548
FASTKD2,0.5524529
NDUFA12,0.55245054
KIF27,0.5524501
ISY1,0.552448
MRPS21,0.5524479
TAF2,0.5524476
KDM4A,0.55244744
HNRNPH2,0.5524439
MINK1,0.5524425
SCNN1D,0.5524399
HNRNPF,0.5524396
LEMD3,0.552437
LAMA4,0.55243534
GAN,0.55243504
LCLAT1,0.55243355
ZNF211,0.55243313
KRT7,0.5524308
BCKDHA,0.55242944
KLHL5,0.5524293
MELK,0.55242795
PTPN7,0.5524234
MCM9,0.55242217
PPP6R1,0.5524221
HPRT1,0.55241627
MAN1A1,0.5524128
GEMIN8,0.55241215
NRCAM,0.55241114
LRP5,0.55241
NFRKB,0.55240834
MIF,0.5524071
PIGU,0.5524062
MDH1,0.5524051
NBEAL2,0.55240506
MED4,0.5524034
GNG5,0.55240273
MTMR3,0.55239445
MMS22L,0.5523929
MRPL38,0.55238926
ISCA2,0.55238765
NDUFAF3,0.5523872
MIA3,0.55238247
HSF1,0.5523822
KCNAB2,0.5523818
MAP2K5,0.5523783
DGUOK,0.5523781
NRL,0.55237705
DBT,0.5523748
MAF1,0.5523741
E2F7,0.5523721
EIF2AK3,0.55237174
GALNT10,0.55237067
FBXO38,0.5523701
PAIP2B,0.5523682
EPAS1,0.5523674
JARID2,0.55236727
HPS3,0.5523643
IL2RG,0.55236405
IRF5,0.55236316
NRP1,0.5523619
NT5C,0.5523586
LTBP1,0.552358
PEX7,0.5523578
RPL17,0.5523561
IQCB1,0.5523557
GTF3C4,0.5523543
REEP3,0.55235344
FZD6,0.552353
HECTD2,0.55235153
IL32,0.5523508
NDUFA13,0.552349
IL1RAP,0.552348
KATNB1,0.5523419
ITGB5,0.5523406
RBBP9,0.55233955
KIAA2013,0.55233866
SLA2,0.5523384
MYBBP1A,0.5523358
ZNF699,0.5523344
KPNA6,0.5523333
FBL,0.55233115
GPSM3,0.5523306
DNAJA4,0.5523286
ZNF641,0.55232817
NFATC2IP,0.5523268
FAF2,0.5523238
HPS5,0.55232304
FKBP4,0.5523216
DLD,0.55231637
IRF2BPL,0.5523122
SLC18A2,0.5523094
FGD4,0.5523092
GLG1,0.5523079
GID4,0.5523049
IL18BP,0.5523037
LDHB,0.55230314
KIF1C,0.55229837
HDAC2,0.5522975
KIF7,0.55229735
TCN2,0.55229205
GGA2,0.5522903
EXOC7,0.55228984
LRRC40,0.5522898
MED27,0.5522878
REXO2,0.55228573
HIVEP3,0.5522834
NDUFB5,0.5522794
GPSM2,0.5522787
EIF2AK4,0.55227697
FUBP3,0.5522768
LEPR,0.5522763
KIDINS220,0.55227584
FKBP8,0.5522753
PSD,0.5522745
PARP4,0.55227107
MYBL1,0.55226994
MSX2,0.5522674
GGH,0.552267
NSUN5,0.5522651
NBR1,0.5522646
NID1,0.5522646
SNAPC2,0.55226403
DHDDS,0.55226314
SARDH,0.552263
NUCB1,0.5522623
INPP5B,0.55225843
ERCC6,0.5522583
PDP1,0.5522562
HPS4,0.5522557
HSPA8,0.5522545
GK,0.55225325
NCAPD3,0.55225086
HTT,0.55224866
PRDX3,0.5522482
PLXND1,0.55224794
NOB1,0.55224675
TNXB,0.55224556
PLEKHA8,0.5522433
EIF6,0.5522372
LOXL1,0.5522366
INTS3,0.552235
IFT122,0.552235
KIF22,0.5522342
ESRP2,0.5522322
S1PR4,0.5522298
HEXA,0.55222917
MAPRE1,0.552229
MGA,0.55222756
EZH2,0.55222726
LRRFIP1,0.55222636
MGRN1,0.55222404
MAT2B,0.55221367
FBXW11,0.5522127
FBXO41,0.55221134
GRN,0.55221075
CLCN7,0.5522105
F2RL1,0.552209
NEK8,0.5522081
NHEJ1,0.55220586
PINK1,0.5522049
PHF11,0.5522009
PPP2R5D,0.55219996
LMBR1L,0.5521993
TRIM45,0.55219877
PPP2R5B,0.55219835
MTUS1,0.5521975
HSPA14,0.552197
KIF20A,0.55219364
PIGC,0.5521912
SUV39H2,0.55219114
FBXO31,0.5521905
PMP22,0.55219024
PHLDA3,0.5521902
HNRNPDL,0.5521882
PPL,0.55218744
FBXO22,0.5521874
MRPL22,0.5521867
HAGH,0.5521827
PARN,0.5521827
HLA-C,0.55218166
IMPA1,0.5521805
MECR,0.5521802
GTF3C1,0.55217934
HCFC1,0.55217904
HSPD1,0.5521771
GIGYF2,0.5521752
GPR183,0.55217284
ILF3,0.55217105
GABPB1,0.55216813
ORC1,0.552168
METTL7A,0.552168
NDUFB8,0.55216557
ITGB1,0.5521639
GIPC1,0.5521609
OAZ2,0.55215794
HNRNPH1,0.55215746
RAB38,0.5521574
GTF2E2,0.5521574
MAU2,0.55215687
DLST,0.5521547
MIS18BP1,0.5521523
GYPC,0.55214655
MTA1,0.55214596
NOMO1,0.55214417
IL17RA,0.55214274
CREB5,0.5521427
HAUS4,0.55214
GAS8,0.55213994
NINL,0.55213624
MCM6,0.5521357
HELZ2,0.5521335
NADK,0.552131
KIF23,0.55213076
LAPTM5,0.5521307
NUDT16,0.55212814
HADHB,0.55212635
MSRB2,0.552126
IFT74,0.55211693
HNRNPK,0.5521157
AP1G2,0.55211216
NCBP2,0.55211186
HEG1,0.5521094
ZNF224,0.5521072
NDUFV3,0.55210716
GEMIN4,0.5521032
DPYSL2,0.55209905
PITRM1,0.5520961
MRPL33,0.55209595
SCUBE2,0.5520959
DCUN1D3,0.552092
GPSM1,0.55209076
NLN,0.55209035
HLX,0.5520897
HCCS,0.5520872
GPC1,0.55208486
GNPDA1,0.55208015
RNF139,0.552079
MVD,0.55207294
LSS,0.55206645
MEF2D,0.55206376
IL15,0.5520622
DHODH,0.55206114
HLA-DPA1,0.5520595
NARS2,0.5520593
HMGB1,0.5520562
DGAT1,0.552054
TRIM39,0.55205333
PHF2,0.55205065
RHPN2,0.5520489
KDELR1,0.552045
CMTM6,0.5520438
GRHPR,0.55204254
NUDT3,0.5520422
ITPR1,0.55204207
DUS2,0.5520413
GCSH,0.5520322
MTHFD1L,0.55203164
HSPG2,0.5520306
FAM3C,0.5520272
POP1,0.55202633
CYSTM1,0.5520255
HMG20A,0.5520246
PSTK,0.5520226
EXO1,0.5520208
IDH3B,0.55202043
KRBA1,0.55201733
METTL22,0.55201256
KIF1B,0.5520087
HEPH,0.5520056
SH2D2A,0.55200535
HES1,0.5520037
HDAC7,0.5520033
MCRS1,0.55200136
PLXNC1,0.55200136
TBX19,0.55200124
ELOVL6,0.5519967
MST1R,0.5519955
ORMDL2,0.55199456
GDE1,0.55199254
HMGB2,0.55199164
EVPL,0.5519906
FAM111A,0.55199
CRTC2,0.551988
INTS10,0.5519823
FERMT2,0.55198133
IGFBP7,0.55198115
LSM3,0.5519809
MAPK3,0.5519802
FBXO5,0.5519796
FRZB,0.5519791
ERI1,0.5519782
LSAMP,0.55197793
NPAS2,0.55197597
MOB1B,0.55197585
GABARAP,0.55197495
NFASC,0.5519744
FBXL4,0.5519728
PDCD7,0.551969
ZNF225,0.551969
HBS1L,0.5519688
ISG15,0.5519685
MMAA,0.5519652
MKRN1,0.5519637
PSMC3IP,0.55196315
WDR5B,0.5519592
GRB10,0.55195516
NACC1,0.55194724
RALB,0.55194706
HNRNPUL1,0.55194676
DUSP2,0.5519466
JAM2,0.55194396
LPXN,0.5519424
FSTL1,0.5519403
NPL,0.5519372
GLUD1,0.55193675
NDUFV1,0.5519362
MACF1,0.55192983
GK5,0.5519286
BAG3,0.55192715
KLHL21,0.55192596
HMMR,0.55192584
RNF144A,0.55192536
CTNNBL1,0.5519216
MCM3AP,0.5519212
IFT46,0.55192035
POLR3C,0.55191904
MYH14,0.5519187
KLC1,0.5519184
HEATR1,0.551915
DNAJB4,0.5519134
NOL3,0.5519133
MFHAS1,0.551908
NFKBIL1,0.551907
EP400,0.5519064
EXOC1,0.55190325
LONP2,0.5519032
FJX1,0.55190283
MRPL13,0.55190057
GNA12,0.5519005
S1PR1,0.5518986
TMEM126B,0.5518963
JMY,0.5518944
NSFL1C,0.55189437
GALNT12,0.55189335
FBXL12,0.55189043
KIF2A,0.55188996
SURF2,0.55188805
SULF1,0.55188733
ESYT1,0.5518873
GSTM4,0.55188346
MAN2B2,0.55188245
DNM3,0.5518823
JAZF1,0.5518804
MYL12B,0.55187863
DNAJB6,0.5518764
GTF3C5,0.55187523
NFIL3,0.5518741
SCRIB,0.55187297
FAM110B,0.5518718
KIF26B,0.551871
RARB,0.5518685
MPHOSPH6,0.5518659
INVS,0.5518618
RAB25,0.5518594
MRPL47,0.5518576
KIF3C,0.5518573
FBXO9,0.5518559
LARP7,0.5518555
PPP1R14B,0.5518536
SPON2,0.55185235
MAP3K5,0.5518521
CHST15,0.5518498
FYTTD1,0.55184835
RNF6,0.5518449
FAM98B,0.551841
CD53,0.5518355
DUSP12,0.5518304
ELMO2,0.5518282
KCNN4,0.55182755
IP6K2,0.551825
EIF2S1,0.55182475
IFT57,0.55182457
ENTPD5,0.55182374
EIF2D,0.5518209
NAGK,0.5518207
IDE,0.55181855
EIF4E,0.5518184
ITGA3,0.5518172
HNRNPA1,0.55181503
FOXN3,0.5518142
NUP43,0.551814
GBP1,0.55180955
PLCD1,0.5518072
GCC2,0.5518064
SHC2,0.5518064
FANCI,0.5518027
NADK2,0.55180144
LDB1,0.55180013
GLI3,0.5517979
FAM13B,0.5517979
POLB,0.55179566
ECI2,0.55179495
NAE1,0.5517927
DCP1B,0.5517868
MOB1A,0.5517829
GULP1,0.5517817
RPS6KA4,0.5517814
CSK,0.5517791
CALCOCO1,0.55177623
NINJ1,0.55177546
NMRK1,0.55177534
NFX1,0.5517735
GCC1,0.5517727
MYO6,0.55177176
RPGR,0.5517711
GYS1,0.55176926
RIT1,0.55176914
IFNGR2,0.55176216
HM13,0.5517592
MX1,0.5517507
MATN3,0.5517506
GFER,0.5517482
GNB4,0.55174804
LPIN2,0.551748
GSTK1,0.55174553
EIF4B,0.5517445
IRAK1,0.5517422
CHRAC1,0.5517416
LMOD1,0.55173755
FRS2,0.55173707
PLIN2,0.55173635
HAUS6,0.5517343
PRNP,0.5517334
HNRNPL,0.55173206
ARHGAP39,0.5517272
ENAH,0.5517268
TTC30A,0.5517267
GATAD2B,0.5517258
GMPPA,0.55172557
PFKM,0.5517199
RER1,0.55171865
PBK,0.5517181
B3GNT2,0.55171716
FANCB,0.55171686
SYP,0.55171657
PPP1R12C,0.55170506
ZNF442,0.55170417
LIMS1,0.55169606
HEXB,0.5516915
EPB41L1,0.5516914
MED16,0.5516892
EEF2K,0.5516852
LGALS3BP,0.551678
CENPK,0.5516773
ID2,0.5516773
FGD2,0.5516728
FADS2,0.551672
MEMO1,0.5516716
MFSD2A,0.5516688
EXTL3,0.5516664
GADD45B,0.5516643
HERC4,0.5516631
TLR3,0.5516579
MICA,0.5516551
LONRF1,0.5516536
ERMAP,0.5516511
MLH3,0.551649
TLR4,0.5516468
CBLL1,0.551646
CPT1C,0.55164295
GANAB,0.5516423
MMACHC,0.55164164
DBF4B,0.55164146
HNRNPU,0.551638
IPPK,0.55163705
ENSA,0.5516347
DDX51,0.5516332
L3MBTL1,0.55163294
BRAP,0.5516313
GUSB,0.55163103
HAUS5,0.5516234
GLS2,0.5516211
ETS2,0.5516182
CENPN,0.5516159
FANCL,0.5516142
KNTC1,0.55161357
NHLRC3,0.55161154
HDAC9,0.55160666
HIPK2,0.551606
NDUFB10,0.55160195
SPARCL1,0.55160147
DNAAF2,0.5515968
PCGF1,0.55159587
DEPDC5,0.5515943
KPNA2,0.55159295
HLA-DRB5,0.5515902
HDAC8,0.5515888
MCTS1,0.5515863
MAP1S,0.5515862
EXOSC9,0.5515862
L3HYPDH,0.55158556
NDST1,0.55158395
PIP5KL1,0.5515831
FBLN1,0.5515776
IL4I1,0.5515746
HS6ST1,0.55157405
FBXL19,0.55156976
LPL,0.5515688
EFNA5,0.5515656
EFEMP1,0.5515636
MGLL,0.55155504
KCTD15,0.5515489
RASSF5,0.55154574
HSPA5,0.5515454
CXXC1,0.5515418
GAB2,0.55153686
FLAD1,0.5515341
RAI2,0.5515337
EIF2B1,0.5515328
FIS1,0.5515283
GRSF1,0.5515279
GOLPH3,0.5515234
GPN3,0.5515169
PPP1R11,0.5515148
FBXO7,0.55151343
MRPL1,0.551511
GORASP2,0.5515073
KPNA4,0.5515067
GAK,0.55150616
GJA1,0.55150586
HNRNPA0,0.55150545
PKP1,0.55150414
HGSNAT,0.55150247
HK1,0.55149716
PBX2,0.5514971
GALNT1,0.5514968
GPR161,0.55149394
EIF3B,0.5514918
IQGAP3,0.5514911
EXOC5,0.5514896
DSN1,0.5514878
RGS2,0.5514863
COMMD3,0.5514826
NAF1,0.5514814
GIT2,0.5514792
BLOC1S1,0.5514742
HEXIM2,0.55147284
DTL,0.5514704
MIER1,0.55146897
MRPS7,0.55146813
KCNAB1,0.55146575
RAB13,0.5514569
OAS2,0.5514568
EVC,0.5514555
IPO4,0.55145407
KIF20B,0.55144644
EIF3D,0.5514411
E2F4,0.5514394
HPSE,0.5514382
KIF21A,0.5514328
ING2,0.55143183
GAPVD1,0.55143094
GTPBP10,0.5514308
LRRC8E,0.5514298
HDLBP,0.5514293
HYOU1,0.5514272
MAPK8IP3,0.5514258
GBE1,0.5514233
FPGS,0.5514195
PDLIM4,0.55141914
MRPL39,0.5514146
FBXO21,0.55141294
LRFN4,0.5514104
AIMP1,0.5514097
DDX19B,0.55140734
GTF3C3,0.5514068
IPO9,0.5514049
EZH1,0.55140245
FAM8A1,0.5514008
CORO1A,0.55140007
LRRK2,0.55139893
GBP3,0.5513985
HNRNPC,0.55139464
RAB3D,0.5513924
INO80,0.5513885
ESYT2,0.5513877
NUDT14,0.5513868
HLA-B,0.5513864
GSK3B,0.5513854
CIAPIN1,0.55138016
GALNS,0.55137795
IQSEC1,0.551376
RELL2,0.5513745
BLZF1,0.55137223
KRTCAP2,0.55136824
MRPS14,0.55136657
INPP4B,0.5513618
EIF3H,0.5513602
CWF19L2,0.5513598
GSTM2,0.55135936
DNAJC13,0.5513592
MINPP1,0.5513587
HEXIM1,0.5513567
HECTD1,0.551354
LAMB2,0.5513531
HAUS2,0.55135
ZNF530,0.55134916
G3BP1,0.55134845
FKBP1A,0.551347
GPD2,0.5513437
RAP1GAP,0.55134
DHRS1,0.55133694
GNB1,0.5513333
GADD45GIP1,0.55132765
FBXW5,0.5513241
MAFG,0.55132186
FBXL20,0.5513186
EIF4G1,0.55131847
ITGA11,0.55131847
HLA-F,0.5513175
DCAF16,0.55131495
ESPL1,0.55131495
NMRAL1,0.55131155
FKBP5,0.5513108
FURIN,0.55130917
EHBP1,0.55130804
POP5,0.5513063
ERP29,0.55130476
PTGER4,0.55130374
DOCK6,0.55130315
GNAL,0.551301
ATP6V1G1,0.55130076
INTS6,0.55129844
FRS3,0.55128455
AMY2B,0.5512819
GLUL,0.55127966
NMB,0.55127746
ARHGAP9,0.5512764
IFNAR1,0.55127335
ADCY5,0.55127305
NOMO2,0.5512719
NDUFA8,0.5512698
ERN1,0.55126923
HLA-E,0.5512687
MED24,0.55126816
CLDN12,0.551267
ZNF626,0.5512664
ILK,0.55126363
FANCM,0.55126345
TNFRSF25,0.5512627
CENPB,0.551262
ADNP,0.55126184
COPG1,0.5512573
MIEF1,0.5512444
CD63,0.551243
EFNA1,0.551241
RIPK2,0.55123794
FNIP1,0.55123436
HOMER2,0.551228
DDX27,0.5512278
GPI,0.5512274
DCXR,0.5512273
HCK,0.5512258
PARP2,0.5512255
KDM1B,0.55122435
MYOF,0.5512213
MDFIC,0.5512213
DSEL,0.551221
EGLN2,0.5512158
DNAJC8,0.55121523
CEP41,0.551212
HNRNPD,0.5512117
GET4,0.55120313
KLHL2,0.55120075
GGCT,0.5511975
GNAI3,0.55119354
ERH,0.5511929
CTR9,0.5511895
HOXA10,0.5511793
EPN1,0.5511745
MAD2L1BP,0.55117226
KANSL2,0.5511722
CYB5A,0.5511716
LMO7,0.5511713
PLA2G15,0.551171
AP5Z1,0.5511651
MMAB,0.5511638
D2HGDH,0.5511624
NSUN6,0.55115485
DLG5,0.5511543
CNDP2,0.5511515
HENMT1,0.5511444
NCLN,0.5511395
FAH,0.5511316
BIRC2,0.55112684
HLTF,0.5511207
FRMD6,0.55111885
RP2,0.5511169
ITGB1BP1,0.5511136
DLGAP5,0.5511021
GSR,0.55109984
MRGBP,0.5510989
HNRNPH3,0.5510972
GOLGA1,0.5510911
CENPI,0.55108947
MBD4,0.5510873
HOXD3,0.55108684
CD2AP,0.55108124
AGPS,0.5510812
HOOK2,0.55107903
LCMT1,0.55107844
HLA-DRB1,0.55107725
NOC3L,0.5510766
HSPA4L,0.5510726
CIAO1,0.55106795
HNMT,0.55106705
MRPL46,0.5510641
HIP1R,0.5510631
DYRK2,0.55106115
FOXK2,0.5510583
IDH3A,0.5510548
JUP,0.5510504
SEPSECS,0.55104536
MGAT3,0.5510451
DUS1L,0.5510405
FMO4,0.55103946
EIF1,0.55103904
SLC22A4,0.5510382
NFS1,0.55103654
FZD3,0.55103403
EEFSEC,0.5510335
CNTLN,0.551028
GDI2,0.55102605
MCM10,0.55102366
HOMER1,0.5510165
ETHE1,0.5510143
GLS,0.55101115
DLG4,0.5510017
CTSZ,0.55099785
GNB2,0.5509975
HACL1,0.5509974
MAPK12,0.55099636
JMJD6,0.55099237
KIF21B,0.55098367
FAN1,0.55098116
EEA1,0.5509795
DHCR7,0.55097777
FIBP,0.5509705
CYFIP2,0.55096805
HSD17B1,0.55096734
HSPA1A,0.55095863
EIF4EBP1,0.550957
CS,0.5509523
NR5A2,0.550947
CORO1B,0.5509419
EVL,0.5509406
NMT2,0.5509383
DZIP1,0.55093265
IBTK,0.55092317
CWC27,0.55091566
EGLN3,0.5509152
NEMF,0.5509118
HDAC4,0.5509084
HERPUD1,0.55090445
FARS2,0.55090433
HLA-DMB,0.5509034
FARP1,0.5509033
GRAP,0.5509027
ELF1,0.55090123
GALNT2,0.55089927
LAMA5,0.55089223
CTDP1,0.55088854
GFM1,0.55088806
HSPA4,0.5508873
NDUFA5,0.55088645
FADS1,0.550886
SDSL,0.5508836
DCAF12,0.5508827
CTTN,0.5508811
DCAF7,0.55087227
FBXO10,0.55086863
PTPRO,0.5508684
FAM168B,0.55086714
DGKE,0.55086714
GTF2F2,0.5508669
GSPT1,0.5508638
PPT2,0.550863
EMC8,0.5508623
FUCA1,0.55085886
NPDC1,0.550858
LTBR,0.55085576
DIS3L,0.5508518
FER,0.55085033
MBIP,0.5508434
CTDNEP1,0.5508412
GTF2IRD1,0.55084056
CBX7,0.5508399
EIF2AK2,0.55083835
DCUN1D4,0.550837
DGKD,0.5508321
CDR2L,0.5508266
DDX50,0.5508229
FBXL5,0.55081844
CARF,0.55081654
LIG1,0.5508139
MMP17,0.55081207
DPF2,0.550812
THBS2,0.5508103
GTF2I,0.55080867
INPP4A,0.55080855
MAN1A2,0.5508005
CTSD,0.55079985
DSCC1,0.55079305
GNL3,0.55079114
EIF2S3,0.5507908
IPMK,0.5507867
DNM1L,0.55078584
MAP3K4,0.55078405
FBXO8,0.55078334
KRR1,0.55078024
CEP152,0.5507797
PALMD,0.5507789
KIF2C,0.55077463
CYFIP1,0.5507745
FUT8,0.5507718
EIF2A,0.5507704
ZNF764,0.55077004
CHD1,0.55076486
NR1H3,0.55076027
CPSF6,0.55075824
PCDHGA6,0.55075705
EFNA4,0.5507564
HIPK1,0.5507558
CYP39A1,0.550754
MAN2C1,0.5507526
DDX24,0.55075145
OTUD3,0.5507513
EIF4A1,0.55074817
ITGA2,0.5507464
EXOSC5,0.55074143
G3BP2,0.5507352
CHCHD2,0.5507337
ZFP82,0.55072093
NEDD9,0.5507207
IFT172,0.5507203
ZNF577,0.55071926
GTF2F1,0.550718
HMGA1,0.5507147
GNPTAB,0.55070937
HIPK3,0.5507089
MARK4,0.5507053
EIF4H,0.5507038
BBC3,0.55070275
FAM83D,0.55070007
BPTF,0.55069786
EPB41L3,0.5506906
ETFA,0.5506888
NFU1,0.55068666
ECSIT,0.55067974
ATP1B2,0.55067563
GRPEL2,0.5506753
FLRT2,0.55066913
INPP5F,0.5506639
GNL3L,0.55066323
KCNJ15,0.5506597
ANO10,0.5506593
LRFN3,0.5506583
RPP40,0.5506571
TBX2,0.55065644
WDR31,0.5506537
CYTH3,0.55065256
ICAM2,0.5506518
BPNT1,0.5506499
ITGB3BP,0.5506488
DSG2,0.5506464
KXD1,0.55064607
GRPEL1,0.5506444
ELF2,0.55064386
KLHL42,0.5506427
COTL1,0.5506423
EIF4G2,0.55064106
FAM120B,0.5506388
E2F3,0.55063426
GSE1,0.55063367
CPT2,0.55063254
CCM2,0.55062973
NDUFS7,0.55062467
AHSA1,0.5506238
CHMP3,0.550623
FBXO2,0.55062056
LMAN1,0.5506169
LIN9,0.55061656
FTH1,0.5506114
EIF4A3,0.5506106
DCAF4,0.5506076
LRWD1,0.55060583
F8,0.5506051
EMC7,0.5506037
FXR2,0.55060065
F11R,0.5505893
CTDSP1,0.55058444
IL6R,0.55057734
FZD2,0.5505724
EHD1,0.5505667
IPO8,0.55056024
MTMR4,0.55055916
EIF3I,0.55055636
CAP2,0.5505544
CPSF2,0.5505496
HMGN1,0.55054784
HLA-DPB1,0.550547
GMDS,0.5505439
KCTD6,0.55054045
CENPT,0.5505401
DGKH,0.550538
EHMT1,0.55053735
RNF125,0.550535
SGK3,0.5505328
COX18,0.5505317
LILRB3,0.5505292
GNS,0.5505271
DLG1,0.5505261
DNAJA1,0.5505203
CLNS1A,0.550518
MOSPD2,0.5505149
MTM1,0.55050933
DIS3L2,0.55050576
EPCAM,0.55050546
COPS7A,0.5504989
LIN54,0.55049765
FAM131B,0.5504938
FNBP1L,0.5504866
GNB5,0.5504853
CFD,0.5504783
FUCA2,0.5504777
CPEB3,0.55047745
DERL1,0.5504773
CMTR1,0.55047333
PPP2R3C,0.5504708
DENND1A,0.5504606
FAU,0.5504539
KMT2B,0.5504527
DCUN1D5,0.5504521
SPI1,0.5504423
PLAT,0.5504399
NEB,0.5504389
FZR1,0.55043525
GBF1,0.5504316
FBXW8,0.5504281
EXOC6B,0.5504236
ING1,0.55041754
KAT2A,0.5504172
DSP,0.55041486
CSGALNACT2,0.5504147
DPH5,0.5504135
CREBRF,0.550413
CKAP4,0.55041057
DYNC1H1,0.55040336
MBD6,0.5504023
DRG1,0.5504008
FRAS1,0.5504006
GEMIN7,0.5503956
ENOPH1,0.5503942
NDUFA11,0.5503937
INSIG1,0.55039287
DLG3,0.55038697
CDCA5,0.55038595
MED21,0.5503796
EAF2,0.5503722
DFFB,0.55037135
FOSL2,0.5503698
FMNL3,0.5503698
FLNB,0.5503695
FBXW4,0.5503653
CSF1,0.55036265
CENPA,0.5503595
GNPTG,0.5503585
RASL10A,0.5503471
ING3,0.550347
NAPB,0.5503428
INO80C,0.5503385
PDP2,0.5503359
FAF1,0.5503317
GUF1,0.55033106
DDX46,0.550329
KIF14,0.55032647
KHSRP,0.5503247
ENTPD6,0.55031717
CABIN1,0.55031514
RBAK,0.5503144
MYO1F,0.5503111
ERLEC1,0.5502998
CHMP1B,0.5502966
HSPBP1,0.5502964
EEF1E1,0.55029625
NFKBIB,0.55029523
AP4B1,0.5502932
DYSF,0.5502901
DOCK2,0.55028796
DCAF8,0.5502847
ZNF461,0.55027574
ERGIC2,0.5502753
RIN2,0.5502724
NUDT19,0.55027074
GON4L,0.5502688
GAA,0.5502688
EIF3J,0.5502684
GOT1,0.55026686
GTF2H3,0.5502625
FAT4,0.5502617
EIF5B,0.5502611
CPSF4,0.5502579
GTPBP3,0.5502519
DMD,0.55025184
IRF7,0.5502518
IRS2,0.5502398
GNA13,0.5502369
FZD1,0.5502348
HMBS,0.5502297
EXOC4,0.5502268
CENPH,0.55022186
DIAPH2,0.55021775
CBFB,0.55021733
APBA1,0.55021083
DAP3,0.5502098
LIG3,0.5502074
HAUS1,0.5502055
CUL3,0.5502008
KIF13B,0.5501991
DAZAP1,0.5501988
FMNL2,0.5501953
ZNF184,0.55019414
FBXL17,0.55018336
ITGB4,0.55017537
KLHL3,0.5501686
ESRRA,0.5501667
CDS2,0.5501666
IFT81,0.5501659
GTF3C2,0.55015403
INPP1,0.5501533
EBF1,0.5501532
HADH,0.5501417
DOK4,0.5501396
OPLAH,0.5501384
LFNG,0.55013
ERI2,0.5501245
COQ4,0.5501232
DDX23,0.55012274
NID2,0.5501222
COX20,0.55012035
EIF4G3,0.55012
GALE,0.5501182
GPR89A,0.55011797
FTL,0.5501148
FAM110A,0.55011344
DDX18,0.5501108
MTF1,0.5501093
ERGIC3,0.55010885
DDX31,0.550107
AFTPH,0.5501047
GPAA1,0.55010426
EMC10,0.5501027
BDP1,0.5501008
RFK,0.5500941
CD68,0.55009377
ELAC2,0.55008876
COG3,0.5500855
IL17RB,0.5500838
GYG1,0.55008286
DIDO1,0.55007964
DLAT,0.5500763
ELAVL1,0.55007315
GAB1,0.5500714
CDC25C,0.55007124
GDF11,0.55007076
DGKI,0.5500702
CHMP2A,0.5500695
CTBP1,0.5500675
HSPB11,0.5500576
PARD6G,0.5500572
EIF2B3,0.5500562
DNM1,0.55005515
DCTN4,0.55005157
ESRP1,0.55004334
EEF1D,0.5500353
ENTPD4,0.55003315
GCFC2,0.5500319
MYL5,0.55002266
CLSPN,0.5500206
COG4,0.55001885
LTB,0.55001724
INTS1,0.550014
LRG1,0.5500109
CLK1,0.55000794
DENND4B,0.55000764
PTH1R,0.55000174
DIAPH3,0.550001
GNL1,0.5499997
EDIL3,0.5499983
GABPB2,0.54999775
EXOSC8,0.5499974
CHD1L,0.54999024
DPM1,0.5499875
COX6B1,0.5499856
CTDSPL,0.54998213
DAPK2,0.54998195
FDXR,0.5499793
DHCR24,0.54997826
HARS2,0.5499738
DAB2,0.5499724
DMPK,0.54996985
DMXL2,0.5499629
GEMIN5,0.54996246
GPN2,0.5499465
KIF17,0.5499442
FARP2,0.54994166
DPH1,0.5499377
CSNK1D,0.54993373
DDX60,0.54993075
FBXW2,0.5499279
EIF4ENIF1,0.5499267
CRKL,0.5499252
EPN2,0.5499225
CTSH,0.5499116
DHX32,0.5499035
INO80D,0.54990095
DNAJC15,0.54989696
HMG20B,0.54989123
FHL1,0.54988766
COPS7B,0.5498804
GJC1,0.54987043
EXOC3,0.54986954
FOXK1,0.5498692
CDK2AP1,0.5498644
IWS1,0.54986393
NTN1,0.54986113
RHPN1,0.54985684
DNAJC2,0.5498563
EVI5,0.5498508
DENR,0.5498483
HAUS3,0.54984665
COMMD1,0.549845
FMR1,0.5498314
DHX38,0.5498287
CTNNA1,0.54982823
ERRFI1,0.54982257
DDX21,0.5498219
CSE1L,0.5498201
COX15,0.5498118
CHTOP,0.5498109
IFT52,0.54980904
CTPS2,0.5498044
HSPA13,0.5497981
GSK3A,0.54979324
FNIP2,0.54978997
GDI1,0.5497835
CHAF1A,0.5497833
SHPK,0.5497831
DRG2,0.5497816
GPX3,0.5497808
EPB41L4B,0.5497785
MCUR1,0.5497764
NEDD1,0.54977334
DDX28,0.5497712
PLB1,0.54976773
GAR1,0.54976416
GFPT1,0.5497608
MRPL49,0.5497585
DHX37,0.54975736
LRRC49,0.54975724
CERK,0.54974806
CSNK1E,0.5497452
BET1,0.54974496
CHAF1B,0.5497418
PAQR3,0.54973996
MVP,0.54973984
FAM91A1,0.549739
CWC15,0.54973686
NDUFB6,0.54973626
EIF2AK1,0.5497354
FBXL18,0.54973346
HDAC6,0.54973155
KLHDC2,0.54972744
H6PD,0.5497271
FLOT2,0.54972047
DVL2,0.5497139
B9D2,0.5497104
ACTR3B,0.5497078
COX7B,0.5497026
IL17RC,0.54969865
CPEB4,0.549696
PTGS1,0.54969394
CLPB,0.5496919
DPH7,0.54968864
DDX41,0.54968613
IER3,0.5496842
DLGAP4,0.5496766
GEMIN2,0.5496758
EIF2S2,0.54967374
LOXL3,0.54967374
ZNF793,0.5496716
LIMS2,0.54966426
EXOC8,0.54966414
GOLGA2,0.54966015
DENND6A,0.5496571
MED8,0.54965526
EPHA2,0.5496515
KLHL22,0.54965127
RASGRP2,0.54964805
IL4R,0.549647
IRAK4,0.54963726
COX17,0.5496341
CAND1,0.5496241
GLRX2,0.5496235
CEBPZ,0.54962337
CSTF3,0.5496167
FBLIM1,0.549615
GATM,0.54960465
BID,0.5496025
GLA,0.549601
CTSF,0.549596
CSTF2,0.5495918
ERAL1,0.5495916
DHTKD1,0.5495792
LEO1,0.5495758
FARSA,0.5495673
FUT1,0.54956657
ENG,0.5495653
CKAP5,0.5495626
GAPDH,0.5495567
DNMBP,0.5495565
EDC3,0.5495519
ARFIP2,0.54955155
MST1,0.54954684
DENND5B,0.54954565
CHST12,0.54953885
HARBI1,0.5495325
DNAJC11,0.54952884
DTX3L,0.549525
GPR132,0.54951173
ENO3,0.5495112
GLCE,0.54951036
DDX17,0.54950786
DST,0.5495071
EVC2,0.54950505
ECH1,0.5494958
GATA6,0.54949296
DTNB,0.54948884
BRCC3,0.54948574
PTGER2,0.54947823
DAZAP2,0.5494782
LPIN3,0.5494779
FAM114A2,0.54947686
FOXP4,0.549475
HSD17B8,0.5494738
NEIL1,0.54947144
ENO2,0.54947096
CYTH1,0.54947
DNAJB14,0.54946864
ELOVL5,0.54946715
DEPDC1B,0.54946566
CAMK4,0.54945844
EIF3L,0.5494534
RAG1,0.5494482
ECHS1,0.5494465
HELQ,0.54944086
ATP1B3,0.54943883
LY96,0.54943544
E2F8,0.5494345
RRAS,0.5494343
CNN2,0.5494332
MCCC1,0.549431
DHX9,0.54943
JMJD4,0.5494298
DDX56,0.54942906
EPHB4,0.5494285
MRPL24,0.5494274
CPNE3,0.5494265
DBI,0.5494249
CD47,0.5494199
DOCK7,0.5494159
ACTG2,0.54940903
CHSY3,0.5494035
E2F2,0.5494011
DIAPH1,0.54939646
FBLN5,0.5493935
DAPK1,0.54939264
SWSAP1,0.549385
CLOCK,0.5493829
ASB6,0.5493783
ATP13A2,0.5493681
CDCA8,0.5493659
COL8A1,0.5493621
EI24,0.54936135
DENND4A,0.5493602
ELP2,0.54936004
CETN3,0.54935795
FOS,0.54934865
CLDN4,0.54934853
GTF2E1,0.54933757
C1D,0.5493354
CNNM4,0.54933184
CABYR,0.54932797
CSTF1,0.5493264
ZNF709,0.54932326
GARNL3,0.54932
ECE1,0.549319
ARF4,0.54931736
CSGALNACT1,0.54931515
HSD11B2,0.54931355
BZW1,0.5493099
FGR,0.54930675
GPAM,0.5493066
EBNA1BP2,0.54930174
GTF2A2,0.5492983
ITGA9,0.5492932
ALPK1,0.54929096
NTM,0.54928136
EEF2,0.5492779
ERLIN2,0.54927677
COPB1,0.5492746
GNGT2,0.5492742
GHDC,0.54927105
FCHO1,0.5492708
CLIP1,0.5492681
DDHD1,0.5492673
EXOSC6,0.54926574
EEF1G,0.54926485
DVL3,0.54925674
HSD17B10,0.5492539
DDX10,0.5492516
FBN1,0.5492512
GIMAP8,0.5492512
CRK,0.54925096
BAZ2A,0.5492475
CENPE,0.5492372
KCNC3,0.5492349
AGO3,0.54923475
DOCK5,0.5492278
CRADD,0.549227
DCAF10,0.5492213
EIF5A,0.5492186
CCT6A,0.54921794
BCS1L,0.5492123
COL4A1,0.549212
DENND3,0.5492047
DYNC1LI1,0.54920155
DCP1A,0.5491985
CHERP,0.54919386
DDX39B,0.54917747
DAAM1,0.549173
DCPS,0.5491709
SECTM1,0.54916334
NCF4,0.5491614
RABL2B,0.5491605
ENGASE,0.5491595
EYA3,0.54915065
IL2RA,0.54915047
ANKRD27,0.5491491
CARM1,0.549149
CTDSP2,0.5491436
ATG4D,0.5491346
BATF,0.54913425
DHRS11,0.5491338
CEL,0.54912955
CPEB2,0.549128
MYLK4,0.54912597
ACTR6,0.5491258
CSTB,0.54912525
CTBP2,0.54912376
GDAP1,0.5491219
COL4A5,0.54912055
DCTPP1,0.5491179
CNNM2,0.5491171
COX6A1,0.5491018
DNTTIP1,0.5491
FZD4,0.54909784
GALC,0.5490966
CHD3,0.54909414
CFDP1,0.5490881
GLYCTK,0.5490868
EXOSC7,0.54908437
PCOLCE,0.54908204
DDX20,0.5490719
DERA,0.5490718
EHD2,0.5490673
IRF6,0.5490647
EEF1B2,0.54905134
DYNC2H1,0.54905003
CSPP1,0.54904354
RNASEL,0.54904133
EEF1A1,0.5490309
GIT1,0.5490306
CRABP2,0.5490292
COIL,0.54902667
COL4A2,0.5490222
CRLS1,0.5490194
NOMO3,0.5490147
COPZ1,0.54901165
CBY1,0.5490051
CLK4,0.549005
ARHGAP44,0.54900247
COA6,0.54900235
COQ5,0.54899395
FADD,0.5489924
DCTN5,0.548991
APPL2,0.5489868
PANK4,0.54897916
CDK17,0.548966
EMC3,0.548954
CD320,0.54895216
AKAP1,0.54894906
CD48,0.5489413
CEPT1,0.54892594
CDK8,0.5489252
DNASE2,0.54892236
G6PD,0.548918
COMMD6,0.54891384
ZNF836,0.5489115
GMIP,0.5489091
CNOT11,0.54890823
COA1,0.5489022
DUSP14,0.5488974
DNAJC5,0.54889077
DDX42,0.54889005
CHD7,0.5488893
KBTBD7,0.5488802
AMOTL1,0.5488795
CEP57,0.54887694
DENND2C,0.5488719
LAMP2,0.5488706
IKBKG,0.5488653
DPYSL3,0.54886293
MVB12B,0.54886043
BCKDHB,0.54886013
GALK2,0.5488592
CD58,0.5488519
CEP350,0.54885006
CYP2S1,0.5488496
CUL4A,0.54884696
DHRS4,0.54884225
CLIC4,0.54884124
DOCK10,0.5488391
COBLL1,0.54883593
IL15RA,0.5488272
CSNK1G1,0.54882616
DYNC1LI2,0.548823
CUL4B,0.54881996
DDIT4,0.5488163
EPS8L2,0.548809
DHX8,0.5488084
COG7,0.548808
APOBEC3C,0.54880387
MARVELD3,0.5488038
CYP2U1,0.5487992
CTSA,0.5487945
APBB1,0.54879344
EPB41L2,0.54879135
FBXL3,0.54878175
CDYL,0.54878145
CTBS,0.5487806
CD83,0.54878014
EBP,0.54877824
DCP2,0.5487761
DOT1L,0.5487729
CNOT7,0.54877007
BRPF1,0.5487623
COL9A3,0.54874784
DNAJC1,0.5487464
FUT4,0.54873276
CCDC88C,0.5487312
ANAPC15,0.5487162
CDC34,0.5487157
HFE,0.54871064
DCAF5,0.54870814
CBX4,0.5487059
COPA,0.54870534
HECA,0.54870415
CYB5B,0.5487034
CDON,0.5487029
DNAJA2,0.54870254
MIEF2,0.5487008
CSDE1,0.5487005
CUL1,0.54869664
AURKAIP1,0.54868996
CYB5R2,0.5486884
LZTFL1,0.54868275
ATF7IP,0.54867357
CHKA,0.54866934
FLNC,0.54866534
DNAJB11,0.5486636
LIPT1,0.5486622
HS3ST1,0.5486601
ARAP3,0.54865664
GNA14,0.5486511
CCT4,0.54864335
COPS4,0.54864246
CENPP,0.5486413
ATP6V1A,0.54863626
EMC4,0.54863274
ENPP1,0.54862744
DR1,0.54862005
CALCOCO2,0.5486182
CALM2,0.5486175
EIF2B4,0.5486118
CENPF,0.54860604
CYC1,0.54860586
CIB1,0.5486058
KRBOX4,0.54860485
CTSK,0.54860336
ECD,0.5486021
DYNLL1,0.5485989
ANAPC7,0.54859346
CMPK1,0.54859185
COPB2,0.54858917
DUSP19,0.5485891
DUSP4,0.548584
DOCK4,0.5485836
EXOC6,0.5485782
CDCA2,0.5485772
CUL5,0.54857653
RUNDC3A,0.54855466
CEP170,0.5485543
CNOT1,0.5485368
CAST,0.5485355
CHMP4C,0.5485335
DVL1,0.54853225
ALDH1A3,0.54852915
CEP290,0.54852724
CDC25A,0.5485236
EXOSC4,0.5485173
ATP6V1B2,0.54851705
GCH1,0.5485156
COQ7,0.5485144
CCNY,0.548507
ROBO3,0.54850197
AP3S2,0.5484961
EOGT,0.5484917
HYI,0.5484871
DCAF6,0.5484855
GALNT18,0.54848176
LIPG,0.54848146
CD81,0.5484812
DCTN2,0.5484747
CENPL,0.5484704
ARRB1,0.54846996
DEPTOR,0.5484652
DFFA,0.5484648
BLOC1S5,0.54845196
CFL1,0.5484511
CLDN7,0.5484483
CACNA2D1,0.548446
CDK13,0.54844457
FBXL2,0.54843813
FUNDC1,0.548437
CDR2,0.5484332
IKBKE,0.54843307
ADAM17,0.5484326
CTTNBP2NL,0.54843086
BRD9,0.5484248
GINS1,0.54842037
KCNC4,0.5484169
DTX4,0.54840964
KCNQ1,0.54839915
DONSON,0.5483982
DHX36,0.548394
CHSY1,0.5483938
SYCE2,0.54839057
BCL7B,0.54838824
MCF2L,0.548388
IL10RB,0.5483834
ATAD5,0.5483746
ALG14,0.54837024
CLSTN1,0.5483625
COPS6,0.5483568
KPNA5,0.5483428
CORO1C,0.5483365
ARHGAP29,0.54833573
EFTUD2,0.5483332
CAPZA2,0.5483308
MMP15,0.5483306
KMO,0.54833
EXPH5,0.54832995
MCEE,0.548329
CCNB2,0.5483278
IRAK2,0.548326
CERS4,0.5483206
DNAJC10,0.5483193
DOLK,0.5483161
PLCD4,0.5483161
CBX1,0.54831415
CCDC136,0.54831207
RASGEF1A,0.54830843
MAP3K10,0.54830563
FBXO27,0.54829866
CLIC1,0.5482963
DOCK8,0.5482931
CD55,0.5482865
CDKN2AIPNL,0.54828644
CBX3,0.548284
DNA2,0.5482649
CTNNBIP1,0.5482539
CHPF,0.5482505
BMF,0.54824317
ARHGEF1,0.548239
DDOST,0.54822105
CTC1,0.5482101
CTU1,0.54820985
CCR7,0.54819345
CLASP1,0.5481933
CCDC12,0.5481932
SEC31B,0.54818434
ATG14,0.5481813
DDX11,0.5481811
APAF1,0.54817903
ATF6B,0.5481724
CDK5RAP2,0.5481686
FGD3,0.548165
GRHL1,0.548164
CERS6,0.5481588
DCLRE1C,0.54815495
CSTF2T,0.5481355
CRTAP,0.54811907
FOXRED2,0.548117
FECH,0.5481135
GSPT2,0.5481066
CUL2,0.5481048
EPHB6,0.54810315
CTNS,0.54809326
CCNB1,0.5480912
COPS8,0.5480742
MYLK,0.54806876
GALNT3,0.5480618
CKAP2L,0.54805756
CHCHD3,0.5480493
ARFGAP1,0.5480438
CLINT1,0.5480385
CCNG1,0.5480359
BBS2,0.54802966
KBTBD6,0.54802954
FLT4,0.5480292
LDHD,0.54802513
EAF1,0.54802406
DENND1B,0.548024
GSTM3,0.5480161
FLOT1,0.5480105
CDCA3,0.5480023
KIAA1549L,0.5479958
KCNIP2,0.54797596
CWC22,0.54797316
DISP1,0.54796124
DBF4,0.54796004
CNOT8,0.54795957
CCNL2,0.54795843
CAPZB,0.5479519
GABPA,0.547929
ATP8A1,0.5479188
NANP,0.54791456
C12orf65,0.547908
BYSL,0.54790753
BRD2,0.54790694
EDNRA,0.5479006
BMP1,0.54789966
CBX6,0.547898
ALDH1B1,0.5478932
E2F5,0.5478929
CAPN1,0.54789096
BOLA3,0.54789096
G6PC3,0.54789
PARS2,0.54788435
CYB5R4,0.54788166
AREL1,0.5478642
DSC2,0.5478547
ANAPC5,0.54785335
CTSB,0.54784787
AP3B1,0.5478417
CMYA5,0.5478389
FAM160A2,0.5478289
CD200,0.5478269
CMSS1,0.5478216
CNTNAP1,0.54781514
ATXN3,0.54779196
GPNMB,0.54778665
PADI2,0.54778254
CLCN6,0.5477745
CLK3,0.5477677
COL6A2,0.54776627
CMAS,0.54776406
FBXO32,0.54776186
CLHC1,0.54775554
CDC42BPB,0.5477454
CTIF,0.5477443
CDC40,0.54774326
BSCL2,0.5477417
C2CD2,0.54773295
CD109,0.54772216
ATXN1,0.5477026
COL18A1,0.54770136
DENND4C,0.5476965
CCT7,0.5476935
BLOC1S6,0.54769343
CASP2,0.54769224
ANP32E,0.5476885
FST,0.5476867
C11orf49,0.54768217
BACE2,0.54767966
DOLPP1,0.54767084
CDC42EP4,0.5476707
CDK2,0.54767007
FZD7,0.54766446
ITPKB,0.5476633
ANP32A,0.5476597
CCNH,0.54765326
DYNLT1,0.5476472
CCT8,0.54764503
CELF1,0.5476448
DDB1,0.5476353
CHN1,0.54763347
OXTR,0.54763156
B4GALT1,0.5476314
HSPA1B,0.547631
ASCC1,0.54762185
IDUA,0.54761195
COMMD5,0.5476056
DDA1,0.5475947
COL12A1,0.54759324
COL5A1,0.54758877
DHX33,0.54757744
KBTBD8,0.5475747
CMTM4,0.54756653
AKT1S1,0.54756415
DHX15,0.547545
CC2D2A,0.54754126
CBFA2T2,0.54753566
ATM,0.54753435
RNF152,0.54752827
CERS5,0.5475255
GBA,0.54752266
CENPJ,0.5475181
NGFR,0.5475144
GORAB,0.54751265
CDK16,0.5475109
CAPN15,0.5475092
COPE,0.5475075
CNNM3,0.5475027
FBXL14,0.54750186
MRM1,0.5475
BTD,0.54749864
ADCY3,0.54749537
EHHADH,0.5474895
ARPC1B,0.5474877
DYNC2LI1,0.54748595
DCUN1D2,0.5474854
CMTR2,0.5474652
NDUFA4L2,0.5474639
ATG4A,0.5474453
CYBA,0.54744434
CDC5L,0.54743713
COX5A,0.547436
CCT5,0.54741997
ANTXR1,0.54741627
ARHGAP31,0.5474146
CSNK1A1,0.5474073
CDK14,0.54740435
CARD10,0.5474013
COG5,0.5473983
CEBPG,0.5473928
BACH1,0.54738575
CPT1A,0.5473845
CFLAR,0.54738414
FEZ1,0.5473766
DUSP7,0.54736817
DECR1,0.54736173
MCMDC2,0.5473613
AGPAT1,0.5473552
CDK6,0.5473506
CENPM,0.5473477
CDH24,0.54734105
FBXO4,0.5473341
CXADR,0.5473304
CTPS1,0.5473274
CBLB,0.54732496
FKBPL,0.54732436
COX7A2L,0.5473147
CCAR1,0.5473027
MGAT4A,0.54729843
DIMT1,0.5472956
CELSR3,0.54728764
ELOVL7,0.5472852
DPH2,0.5472777
EHMT2,0.54727656
GBP4,0.5472734
CHCHD6,0.54726595
CHN2,0.54726255
CPNE1,0.547259
CEP135,0.5472303
CHML,0.54722506
ASGR1,0.5472195
CHM,0.547215
B3GALNT1,0.54720724
AFG3L2,0.5472048
GGT7,0.54720163
DERL2,0.5471907
CBR1,0.54719037
DPM3,0.54718596
COQ10B,0.5471843
BCL2L1,0.54718345
ARRB2,0.5471761
CAPG,0.5471739
ETNK2,0.5471711
CHID1,0.5471643
CHMP4A,0.54714555
BOP1,0.5471433
PYGM,0.5471431
GPR160,0.54714143
DIS3,0.54713714
CPSF3,0.5471331
DHX58,0.54712415
CSNK1G2,0.5471237
CAPRIN1,0.5471225
CNOT10,0.5471185
ANXA7,0.54711664
DDX54,0.5471157
EYA2,0.54710597
BCCIP,0.5470979
FBXW9,0.54709226
CELSR1,0.54709214
ADD3,0.54708934
E4F1,0.54708886
CLN3,0.54708123
DNAJC3,0.5470761
HHAT,0.547076
CREB3L4,0.547074
CLPX,0.54706997
LRFN1,0.5470634
SLC44A4,0.547062
KCNH2,0.5470579
COL4A6,0.5470556
CNOT6L,0.54705304
CD69,0.5470525
CCDC97,0.5470515
CDK19,0.54704696
CRMP1,0.5470422
CDC37L1,0.5470386
GALK1,0.54703504
CAMK1D,0.5470327
DPH6,0.5470326
ARF5,0.54703003
CPD,0.54702985
ZNF416,0.54702747
DERL3,0.5470224
DYNLT3,0.54701674
CDKL5,0.54701424
CLASP2,0.5470122
AZIN1,0.54701024
CCT2,0.5470034
CEP78,0.5469978
ALDH7A1,0.54699606
EPHX2,0.54699445
DGKZ,0.5469896
CCNT1,0.54698783
ALMS1,0.5469849
LRP3,0.54698014
APPL1,0.54697746
CERS2,0.5469734
CEBPB,0.54697186
BTN2A1,0.5469613
AUH,0.54695344
ARIH1,0.546941
ARFGAP3,0.5469377
EPHB3,0.5469361
CCDC106,0.54693264
ARPC4,0.5469138
COL24A1,0.54691184
CLTA,0.54690874
DENND1C,0.54689986
ATP2A2,0.5468856
DPY30,0.5468811
ATP6AP1,0.5468786
GKAP1,0.5468753
CRY2,0.5468548
CYB5R3,0.5468455
ARF6,0.54684526
CDC27,0.5468438
CLEC2D,0.54683363
COPS5,0.54683316
RAPGEF4,0.54683316
DDX1,0.5468326
BUB3,0.5468286
EXOC2,0.54682845
CEP192,0.5468159
CDC20,0.54681164
CUL9,0.5468111
ATXN2L,0.5468088
ASS1,0.54680836
COL5A2,0.5468068
GALNT14,0.5468068
C17orf49,0.5468039
DMWD,0.5468009
CYP2D6,0.5467948
CEP164,0.54677254
CTH,0.54676926
ATG10,0.5467641
BTBD3,0.54676175
IL7,0.5467615
ARHGAP32,0.54676145
CHMP6,0.5467562
CDS1,0.5467558
BICD1,0.54675263
CHP1,0.54674035
CD9,0.5467318
ATRX,0.5467139
CDC25B,0.5467122
ARPP19,0.54671127
CDCP1,0.54671067
CBX2,0.54670864
COPZ2,0.5466919
ELK1,0.54669064
DNAH17,0.5466894
ANXA2,0.54667914
CIB2,0.5466724
BCAR1,0.5466706
CDC42,0.5466618
CDK5RAP3,0.5466594
CNOT6,0.54665864
CPE,0.5466546
CDC42BPA,0.5466467
CNPY3,0.54664445
CGRRF1,0.5466429
GNE,0.54664147
CEP72,0.54663336
COX10,0.54662865
C2CD3,0.54662126
ARHGDIB,0.54661745
BCKDK,0.5466052
EAPP,0.5466007
KHK,0.5465733
ESF1,0.54656494
ATF4,0.5465545
ATG13,0.54654133
CLCF1,0.54653835
BICD2,0.54652035
ATP8B4,0.54651827
CHD9,0.5465081
CKAP2,0.5464946
BANF1,0.54649305
FMN1,0.5464814
ALDOC,0.5464812
ANXA5,0.54645497
ATRN,0.5464491
DCAF15,0.5464458
CD300A,0.5464428
COQ9,0.5464317
AP1G1,0.5464165
BARD1,0.5464155
TXK,0.54641384
EPC2,0.5464071
CCT3,0.5463981
CLDN15,0.5463912
DCAF11,0.5463848
MAOA,0.54636896
CRY1,0.546363
EARS2,0.5463617
BBS10,0.5463584
CABLES1,0.5463474
CEP55,0.5463469
CMTM7,0.5463435
ANKZF1,0.54632896
BUD13,0.54632527
ARRDC3,0.5462957
ATP6V1H,0.5462949
DUSP6,0.5462923
CUBN,0.54627705
EPB41L5,0.5462747
BBS9,0.5462727
ATP6V0C,0.54627097
BAHD1,0.54626644
BRWD3,0.5462663
ALG5,0.5462509
DTX3,0.5462497
DNAJA3,0.54623675
COL7A1,0.54623675
CRYZ,0.54622746
CPSF7,0.5462222
BCL2L11,0.5462122
AMMECR1,0.5462117
CDK9,0.5462109
CAB39,0.5462059
ARFRP1,0.54619294
BCAS3,0.54618937
ECHDC1,0.54618776
ARF1,0.54618484
DDX39A,0.5461712
AGPAT5,0.5461636
E2F6,0.5461602
ATP6V1E1,0.54613584
BHLHE40,0.5461333
CAP1,0.5461332
CDH6,0.5461324
CCDC174,0.54612595
CNIH1,0.54611945
CDH23,0.54611856
CCNL1,0.54611343
FNTB,0.5461112
CAPZA1,0.54610956
BBS7,0.5460913
DMAP1,0.54608023
CPSF1,0.5460673
CHFR,0.5460648
B4GALT2,0.54605114
CCS,0.5460427
BAIAP2L1,0.54604125
CD99L2,0.5460363
DDX19A,0.54603046
CDC16,0.54603046
ARHGEF3,0.5460224
FCGRT,0.5460193
CASK,0.5460158
ARL4C,0.5460077
BNIP3L,0.5459991
ARID4B,0.5459964
ANXA6,0.54597294
AKR7A2,0.5459623
CAD,0.5459621
CDC37,0.5459575
ARFGEF1,0.54595727
AHCYL2,0.545956
DDX52,0.545945
CBX5,0.54593337
CHMP2B,0.54593146
RNASE1,0.5459257
NOC4L,0.5459245
BAG6,0.5459215
CFL2,0.5459182
LIF,0.54590714
ATG16L2,0.5459014
AUP1,0.5458959
BTBD2,0.5458719
CNOT4,0.5458717
CALU,0.5458696
ENPP2,0.5458681
CYB5R1,0.54586273
CCDC93,0.5458467
ARPC5,0.5458186
ATAD3A,0.5458165
FZD5,0.54580796
ARHGAP21,0.54580176
DACT1,0.545797
BECN1,0.5457949
DISC1,0.54579103
EVI2B,0.5457722
CDK11B,0.5457708
CWF19L1,0.54576606
CAMK2D,0.5457529
C1QBP,0.54574895
BIN1,0.54574037
AKAP10,0.5457382
DALRD3,0.54573685
CD2BP2,0.54572785
ASCC2,0.5457247
AP3D1,0.5457242
ATP7A,0.5457213
EME1,0.5457107
CLIP2,0.5457098
CKS2,0.5457078
ITGA8,0.54570043
DHX35,0.54569656
ARID4A,0.5456846
ARL2BP,0.5456782
CADM1,0.54566926
CHRNB1,0.54566145
AK2,0.5456581
ACTR3,0.5456452
CREB3,0.5456438
GRIN2D,0.54564
DHPS,0.54563606
ATXN2,0.5456357
CCDC68,0.5456355
CCDC91,0.54563344
CIR1,0.5456249
BRD1,0.54561394
PIGP,0.54561025
ARF3,0.54560256
CCNK,0.5455969
ATXN10,0.5455856
CCDC80,0.54558545
ATXN7L1,0.54558176
GEMIN6,0.5455723
CAMKK1,0.5455531
GRK4,0.5455426
ARHGAP24,0.54553753
CACYBP,0.545513
CUL7,0.5455068
ATP1B1,0.5455038
CLEC3B,0.54549366
B4GALT4,0.54548687
PDE1B,0.5454808
CES4A,0.5454699
AGO4,0.54546833
BTRC,0.54545045
ALG2,0.5454501
CIT,0.54544413
CYTH2,0.54543996
BRK1,0.54543865
COPS2,0.54543537
CANX,0.54542994
CD180,0.54542875
CDK1,0.54542255
CDH5,0.5454083
COASY,0.5454026
ASPSCR1,0.54539704
CD86,0.5453723
CEP250,0.54537195
CCNA2,0.5453668
ARPC2,0.5453615
ASPH,0.5453578
BTF3,0.54535383
FOSB,0.54534817
CETN2,0.54534656
ALKBH8,0.54532635
CD46,0.54532236
BOC,0.54532164
CD52,0.54532033
CCNG2,0.5453039
CCP110,0.5452912
ASH1L,0.5452839
ASNS,0.545283
ARHGAP10,0.545281
CYP2R1,0.54528004
LMF1,0.54526454
ASPM,0.54524815
BFAR,0.5452268
BCL2,0.54522365
GTF2H5,0.5452179
ARL14EP,0.545208
RDH5,0.54519504
ANKRD44,0.5451603
BLVRA,0.54515547
BUB1,0.5451355
CAPNS1,0.54513115
ADI1,0.54513115
ANK3,0.54511905
DNAH1,0.5451138
ARIH2,0.54509985
BMPR2,0.5450964
ASAP2,0.5450832
ATPAF2,0.54508185
CARS2,0.5450743
AQR,0.5450724
ATF2,0.5450626
TNFRSF10C,0.54505754
CCZ1,0.54501545
DHX16,0.5450111
MTSS1,0.54501045
BUD31,0.5449996
C1GALT1,0.54498225
BMS1,0.5449706
CLPP,0.544967
ATL1,0.544963
ACTR8,0.54495925
CCDC22,0.5449584
COG2,0.5449551
ALG6,0.5449531
CCDC115,0.5449506
CALD1,0.54493874
CENPC,0.5449265
ALDOA,0.5449258
CCDC86,0.5449005
ASXL2,0.54486334
AHNAK,0.54484135
ATP11A,0.54483473
COG1,0.544833
CAMKK2,0.5448208
ARPC1A,0.5448168
AMOTL2,0.5448103
BABAM1,0.54477847
ATP2B4,0.5447772
COLQ,0.5447703
AHCYL1,0.544758
APIP,0.5447566
ALDH3B1,0.54474926
ATP2B1,0.5447489
CDIPT,0.54474694
CDC6,0.5447427
BIRC5,0.54473513
AP3S1,0.5447157
ARHGEF11,0.54469323
ANAPC4,0.54467607
DOCK11,0.54465663
CDCA7,0.54463255
AMPD3,0.54462856
AKAP13,0.54462814
RAB32,0.54461694
ARL1,0.5445943
AGO1,0.54458946
CREM,0.5445828
BRWD1,0.5445798
EPOR,0.54457796
DUT,0.5445644
ITGAX,0.54456306
ARID5B,0.54455566
GDF15,0.54454947
ATP11B,0.5445457
ARHGDIA,0.5445427
BIRC6,0.5445288
BTBD1,0.5445134
ARAP1,0.5444694
CNIH3,0.5444608
BIN3,0.5444578
CHMP5,0.5444355
ARHGAP35,0.5444317
ASAH1,0.54442096
CLN8,0.54441744
ATAD2,0.5444016
LIN7B,0.54437923
DUSP1,0.5443695
ARL2,0.54435277
CAT,0.54435194
ARSK,0.54431474
ATRIP,0.5442952
ATIC,0.5442951
ALYREF,0.5442886
DDHD2,0.5442399
APTX,0.54423606
CDC14B,0.54422396
AP2B1,0.5442165
CTSL,0.5442065
CASP7,0.54419667
COL11A2,0.544161
CDK4,0.54415774
FAAH,0.5441426
CACNB2,0.54413086
AJUBA,0.5441239
CRELD2,0.54412156
ARHGAP6,0.5441126
BTAF1,0.5440992
AP2S1,0.5440866
ATP1A3,0.5440396
CBR3,0.54403913
ACTN1,0.543989
ANKLE2,0.5439786
APH1A,0.5439596
BRPF3,0.5439527
DXO,0.54394996
ATG12,0.5439395
LRRC6,0.54393446
ARHGEF12,0.54393166
LMCD1,0.54390544
GLIPR1,0.5439032
APP,0.54389423
CACNB3,0.5438924
COPS3,0.5438866
LGI4,0.54388523
AAR2,0.5438803
CDKN2AIP,0.54386306
ARG2,0.54384404
BCL2L2,0.543837
ARFGEF2,0.5438287
EFNB1,0.5438273
BCAT2,0.5438252
AMFR,0.54381776
NFAM1,0.54380304
CDT1,0.5437976
B3GALNT2,0.5437934
ATG9A,0.5437822
BOLA1,0.543782
BSG,0.54376197
DHRS3,0.54375464
ATG4C,0.54374516
B3GNT8,0.543744
ADK,0.5436766
BAZ1B,0.5436637
BAIAP2,0.54365927
HERC5,0.54365164
ADPGK,0.5436478
CCNF,0.54364556
BCAP31,0.5436353
ARHGEF26,0.54361284
ASAP1,0.54361063
CEP120,0.5435768
ATG5,0.54357064
CHTF18,0.54355276
CYP3A5,0.54353905
ACTR10,0.5435296
BNIP3,0.543521
CES2,0.543502
CENPO,0.54345894
CHEK1,0.54344654
AKR1A1,0.543445
ASIC1,0.54342633
NPHP1,0.54342204
ARHGAP11A,0.54340005
AK4,0.543398
ATG4B,0.54339564
FBXO45,0.5433797
AFF4,0.5433751
CEP70,0.5433577
CALM1,0.5433429
CRAT,0.54330766
COA5,0.5432967
AP1S3,0.54327863
ATP6V1D,0.5432699
CAB39L,0.54325634
C2CD5,0.54323363
EFCAB7,0.54323184
ARCN1,0.54322445
DISP2,0.54320735
AVL9,0.5431848
ARL13B,0.5431588
ANLN,0.5431463
ARHGAP11B,0.5431271
ARNTL,0.54311734
APPBP2,0.5431012
FBXO6,0.5430943
COL16A1,0.54307216
DLC1,0.5430583
BRF1,0.5430316
DYNC1I2,0.5430122
BTN3A2,0.5429818
AGRN,0.5429583
CORIN,0.5429526
ANO9,0.54294974
CALML4,0.5429326
CAPN2,0.5429234
CACNB1,0.5429168
ALDH18A1,0.5429162
CACNA1H,0.54291284
ALDH3A2,0.54289275
ALKBH1,0.5428826
ARSJ,0.54286593
ANKFY1,0.542847
CHCHD1,0.5428453
ARHGEF15,0.542833
ASF1B,0.5428059
BTF3L4,0.54279494
FGD5,0.54277533
C2orf49,0.54275644
RNF128,0.54273164
ATOX1,0.5427257
IGSF6,0.54272527
BAG4,0.54271585
C17orf80,0.54269254
BCAT1,0.5426663
ATN1,0.54260707
ARHGEF37,0.5425907
AIMP2,0.54256016
ARHGEF18,0.5425317
CHCHD10,0.5425297
BLCAP,0.54252094
DPCD,0.5425181
ARHGEF19,0.54250914
ARHGAP17,0.5425057
ARSG,0.5425046
AHCY,0.5424978
API5,0.5424654
ARL8A,0.5424652
ANP32B,0.5424501
F5,0.5424416
AMBRA1,0.5424412
AHCTF1,0.54237944
ARL6IP5,0.5423541
AMOT,0.5423531
BANP,0.5423478
CAMK2G,0.5423181
DGKQ,0.5423129
AMPD2,0.54230887
LAT,0.5423062
ARL3,0.5423031
CDK7,0.54225194
B3GAT3,0.54223484
CMPK2,0.54222673
ARL6,0.54218686
CLIC2,0.54218686
ANO6,0.5421635
HDAC11,0.54215753
CHCHD5,0.5421444
TNFSF12,0.54212785
ARMC8,0.5421195
APLP2,0.54211015
ARAP2,0.54208827
ATP6V1C1,0.54208404
ATPAF1,0.5420653
CCNE2,0.5420533
ATF6,0.54204655
CAPN10,0.54204035
DENND2D,0.5420123
AZI2,0.54199904
BRD8,0.54199594
ARHGEF28,0.5419776
CHI3L1,0.54194975
BMP8B,0.54192185
DET1,0.5419083
B9D1,0.5418846
INMT,0.5418773
ARNT2,0.5418456
ALG8,0.5418367
LCAT,0.54181725
FBXO15,0.5417672
ATP6V0A2,0.5417491
CHUK,0.54174125
CEP76,0.54173255
ARNTL2,0.54172754
SDS,0.54172283
APOO,0.5417211
ALG9,0.5416955
AP2A2,0.5416778
FOXP3,0.5416514
APOE,0.54162323
B3GNT5,0.54157835
BMP2K,0.541577
BLOC1S4,0.54155594
HOXA7,0.54154724
ATP8B2,0.54151475
STAC3,0.5415026
FCGR3A,0.54148316
AKAP9,0.54146487
EHD3,0.5414482
COL8A2,0.5413753
BTN3A1,0.5413688
BRIX1,0.54131883
CYP2J2,0.5412996
GGT1,0.5412917
ATP6V0A1,0.5412849
COL17A1,0.5412713
ATG16L1,0.54124355
BNIP1,0.5412385
ARHGAP12,0.5412084
ACTR2,0.5411587
ATG2B,0.54106516
ARHGAP26,0.5410576
COMMD8,0.54104775
ATP6V0B,0.54103816
ADORA2B,0.5410161
ASL,0.54098403
GINS3,0.5409835
ATP6V1C2,0.5409668
CPLX1,0.5409613
KCNAB3,0.5409531
AGPAT4,0.5409441
CHST14,0.54094356
ADIPOR2,0.54093605
ANXA1,0.5409228
ARHGEF25,0.5409224
COL15A1,0.54089254
ACADVL,0.54089075
FPR3,0.54089046
CLUAP1,0.5408652
ATF7,0.5408545
CASZ1,0.54077756
CHKB,0.5407038
AP2M1,0.5406506
CATSPER2,0.54064524
IL17RE,0.5405536
B4GALT3,0.54054856
ARFGAP2,0.5405312
CCNDBP1,0.5405158
AHI1,0.54049325
CITED2,0.54049325
CSPG4,0.540476
AGFG1,0.5404465
F13A1,0.54043496
HES4,0.5404299
IL18R1,0.54036796
ASPHD1,0.5403679
DOK2,0.54033524
ANAPC16,0.54032487
DES,0.54031813
BEND3,0.5402987
B3GNTL1,0.54026073
CACNA1C,0.54015034
AMDHD2,0.54012173
C5AR1,0.5401105
AP5M1,0.54002833
CABLES2,0.5400218
HEYL,0.5399616
CHRNA10,0.53992116
ITGAM,0.5399091
CBR4,0.5399005
AP1S2,0.53990006
CCNYL1,0.53986764
ARHGAP18,0.5398345
CYTH4,0.53981745
APBB2,0.5397918
APLF,0.53973955
ASAP3,0.5396984
ATP8B1,0.5396716
CAMLG,0.5396537
AHRR,0.5396253
AGO2,0.5395456
CASP6,0.53949183
ACLY,0.53947675
BMP2,0.53942627
MPZ,0.5393891
GFI1,0.53935957
AQP1,0.5393593
BAG5,0.53933614
AFF1,0.53932554
CD4,0.5392985
AP3M1,0.53926605
ADAR,0.539223
DNAH5,0.5392182
AP1M1,0.53921586
ALPL,0.5392113
FBXL22,0.53920645
ARL8B,0.5391745
ALCAM,0.539122
C7orf26,0.5391172
GADD45G,0.5390396
S100A9,0.53903687
CSTA,0.53901994
BHLHE41,0.53900695
FPGT,0.5390063
APOBEC3G,0.5389755
ACOT8,0.5389523
APOOL,0.5389449
APH1B,0.5389124
ADCY7,0.5388466
APBA3,0.5388368
BAK1,0.53878653
RAB36,0.53877765
ARHGEF2,0.5387385
ANKRD28,0.5387132
ADSL,0.5386712
BTC,0.5386616
ARSB,0.53863055
DCLRE1B,0.5385853
CLIC3,0.5385852
CETP,0.53856933
CEACAM1,0.53856057
DPP4,0.5385445
CLDN23,0.53853613
CAPN7,0.53846705
ACTG1,0.5384477
ARHGAP4,0.53842
CDKN3,0.5384174
CLIP3,0.538389
MS4A6A,0.5383305
ALS2CL,0.53830916
POSTN,0.53821677
GNLY,0.53816396
ECM1,0.5381397
MAOB,0.538107
CD247,0.538106
ARSD,0.5380893
GSDMB,0.53808
ALAS1,0.5380769
COQ3,0.5380628
C5,0.53805465
ADAM12,0.5379978
BAG2,0.5379905
AGMAT,0.5379638
AP4S1,0.5379571
ARHGEF9,0.53792804
AXL,0.53788996
AKR1B1,0.5378877
AMT,0.537872
ADD1,0.537869
ACTB,0.5378641
ATG3,0.5378637
CHRD,0.53783774
CISH,0.5378179
AP4M1,0.5378115
BPGM,0.5377622
ANO1,0.5377401
AGL,0.53772646
BEST1,0.5377114
ALOX5,0.53762794
ALDH9A1,0.5376264
ALKBH5,0.5375464
FCER1G,0.53753436
CXCL16,0.53752404
P2RY6,0.5375198
CHST1,0.5375198
AIFM1,0.5375183
DHDH,0.5374931
ADAM15,0.5374756
B3GNT7,0.5374552
ADAM10,0.53744483
APOL1,0.53739226
RAMP3,0.5373803
ATP6V1E2,0.5373475
CALCRL,0.537298
C9orf72,0.53724647
BBS12,0.5372449
PPIL6,0.5372209
OLR1,0.53720546
PGF,0.53718996
ACTN4,0.53716063
COL5A3,0.5371531
CLEC7A,0.53712285
ATP2A3,0.5371208
ASB7,0.5370486
CMKLR1,0.537035
CD248,0.5370345
CASP10,0.5370174
ASAH2,0.5370126
ALG13,0.5369938
HK3,0.5369298
CFB,0.5368874
EIF4E3,0.5368862
CIDEB,0.53688145
COL6A1,0.53686184
ADCY4,0.536856
ACAP2,0.5368532
ADH5,0.5368206
AP3M2,0.53681016
CNGA1,0.5368073
APOBEC3B,0.53678244
AMPH,0.5367802
APOBEC3F,0.5367391
CARD6,0.5367277
ARL16,0.53669125
AKR1C2,0.5366738
CASP1,0.53667295
ARAF,0.5366433
DCN,0.53664047
FOLR2,0.5365723
CD34,0.53656965
CLDN11,0.53656876
BRF2,0.53655684
BFSP1,0.5365423
GIPR,0.53653926
CYSLTR1,0.53651106
ADM,0.5364809
ALKBH3,0.53647995
ACTR1B,0.53647524
ADAM22,0.53643715
ANGPTL4,0.5363918
CHST7,0.5363905
BDKRB2,0.5363862
ACTL6A,0.5363749
ACADSB,0.5363654
ASB13,0.5362539
ANO7,0.53624356
APRT,0.53621364
CDK5,0.53619695
GGT5,0.5361708
DUSP8,0.5361442
GLDN,0.5361347
CD6,0.53613204
CD163,0.53612244
ACSF3,0.5360905
AP5B1,0.53607315
C2,0.53605
IL12RB1,0.53604436
ASB8,0.53603804
CACNA2D4,0.536013
CD1D,0.53600556
ADAMTS4,0.53599477
C6orf120,0.5359865
AP5S1,0.5359764
ALS2,0.5359761
ALG1,0.535956
B3GALT4,0.5359435
APOBR,0.53592527
FUT2,0.53588724
SLA,0.53585833
ACO2,0.53578824
ASB2,0.53577024
ADAMTSL4,0.5357647
ADAMTS12,0.53576463
DLL1,0.5357623
ATP7B,0.53575015
AKAP8,0.53572345
EXOC3L1,0.5356854
RGS4,0.53567564
ADA,0.53566414
ANAPC1,0.53565973
BBS5,0.535624
ITGB3,0.5356189
CBX8,0.53559893
AGA,0.5355895
INHBB,0.5355818
ACACA,0.5355814
BMP4,0.53557456
GBP5,0.53556246
CD2,0.53555214
ACTA2,0.53555024
ACACB,0.53553104
ADAMTS1,0.5355305
CDK3,0.5355043
LILRB2,0.53549117
ETV7,0.53548765
MYH3,0.5354797
CYP27A1,0.53546673
IL1R2,0.5354631
COL6A3,0.53546107
AIF1,0.5354522
AP4E1,0.535402
CAMK1,0.53540087
CX3CL1,0.5353968
ARHGEF6,0.53539
MMP28,0.53537613
HOPX,0.53536934
ACP1,0.5353494
LTF,0.5353421
ANGPT2,0.5353296
ACOT1,0.53532887
ADAMTS2,0.5353203
AKR1C1,0.5353133
ALKBH6,0.5352979
HEY2,0.535284
GPER1,0.5352711
ARHGAP19,0.5352424
C1orf162,0.5352352
ADAMTS9,0.53520435
RIPK3,0.53518814
ADAM28,0.5351814
BATF2,0.5351765
CYP7B1,0.5351565
AGTRAP,0.535153
CACNA2D2,0.53514165
C3,0.5351241
C18orf32,0.53509235
ADAMTS14,0.535089
ECE2,0.5350856
CTSO,0.5350845
GAB3,0.5350201
ACAA2,0.53498316
CMC4,0.5349817
CMTM1,0.534974
APOC1,0.53496784
CARD9,0.5349517
ADRM1,0.53495026
AKAP5,0.5349128
CXCL10,0.53487957
CLEC2B,0.534879
ALG12,0.5348431
ADAM23,0.5348143
ATP2A1,0.53478885
BGN,0.5347791
ARSA,0.534779
ADAMTS5,0.5347646
ANKRA2,0.53473663
ANAPC2,0.53473145
BAMBI,0.5347165
DCHS1,0.5347034
CCR10,0.5346968
ACOT11,0.53468746
ARHGAP27,0.534674
ACSM3,0.5346612
CD38,0.5346526
ADAM19,0.5346512
DUOX1,0.5346427
BDKRB1,0.53462267
ADAMTS13,0.5346108
ACSS1,0.53460974
CCT6B,0.5346065
ACTR1A,0.5345906
ARHGAP33,0.53457487
C12orf66,0.53456235
ALAD,0.5345433
ACAT2,0.5345386
AKTIP,0.53449476
CD5,0.5344689
MAGEH1,0.5344681
BATF3,0.5344455
ALDH5A1,0.53443843
ANAPC13,0.534421
ACP5,0.5344027
BLNK,0.5344023
B3GNT4,0.5343954
AKR1B10,0.534388
FDXACB1,0.53437656
AK1,0.5343576
APBB3,0.53435606
ALG3,0.534334
ARHGEF4,0.5343264
DMTN,0.53432184
ABCB10,0.5342975
AGER,0.53429496
ACE,0.5342911
ACOX2,0.5342879
CDK20,0.53428125
CD36,0.53424275
CXCL1,0.53423244
AADAT,0.5342203
IZUMO4,0.5341946
FPR1,0.53418607
ANO2,0.5341782
CD96,0.53415555
AGPAT2,0.53415304
ATG2A,0.5341518
C1GALT1C1,0.53414714
ACER2,0.5341165
ADRA2A,0.534108
ACD,0.5340946
ABCD1,0.53409433
ACOT7,0.5340775
AGGF1,0.53401166
ADAMTS10,0.5340049
ACIN1,0.5339954
ALDH16A1,0.5339519
ABTB1,0.5339449
ACOT2,0.533938
ACSS2,0.53391075
APBB1IP,0.5338831
ACAA1,0.5338749
ACOX3,0.53386533
ALG10,0.533853
AGK,0.53382957
ACAT1,0.53382844
GCNT4,0.5338145
ABR,0.533811
ADPRM,0.5338001
ACAD8,0.5337675
ADAT2,0.5337648
ALDH1A1,0.53376025
ANTXR2,0.5337534
ABCF1,0.533741
ACOT13,0.533741
ACSL1,0.5336461
C15orf48,0.5336382
AQP3,0.53361547
ACVR2B,0.5336005
ACSL4,0.53359634
AOC3,0.5335519
ACAD9,0.5335501
AGAP2,0.5335389
ACBD3,0.5335321
AIP,0.53352004
AAAS,0.5335188
ANPEP,0.53346837
ACVRL1,0.53344357
ACSL5,0.5334376
ACYP1,0.53343517
ACADS,0.53343374
AAK1,0.5334322
AACS,0.53340375
CAPN5,0.53339434
AAMP,0.53338605
CXCL14,0.5333729
ARL4A,0.53335595
ABI3BP,0.5333439
ABHD12,0.533342
AASDH,0.53334194
ARL4D,0.53333986
CTHRC1,0.5333344
ALG11,0.5332887
ACOT4,0.533287
AATF,0.53328437
ABCD3,0.5332842
ABCA1,0.53328127
AASS,0.5332792
ABCC1,0.5332764
ACOX1,0.53327554
ABCC3,0.5332738
ADAM9,0.53327197
ADCY6,0.5332714
AASDHPPT,0.53326964
ALDH4A1,0.5332585
AARS2,0.53325254
ABLIM3,0.5332486
AK9,0.5332439
ABCG1,0.5332369
ABCA2,0.5332341
ABCB6,0.5332337
ACADM,0.5332317
A1BG,0.53323084
ABCF2,0.5332257
ABCA7,0.5332256
ABCF3,0.53322554
ACO1,0.53321683
ABI3,0.53321666
ACAP1,0.5332132
BMI1,0.53321224
ABCD4,0.5332104
ACP2,0.53320926
ABCB4,0.5331997
ABCE1,0.5331829
ABI2,0.5331804
ABLIM2,0.5331793
ACER3,0.5331783
MS4A4A,0.5330916
