Gene Name,Score
ZFR,0.806567
XPO6,0.79286593
XRCC5,0.7829594
ZNF462,0.7788014
STK39,0.7644871
VMP1,0.758736
ZNF714,0.7530265
WDR1,0.75018084
UBE2H,0.7486214
WBP11,0.744571
ZNF131,0.7439258
TRA2B,0.7434259
ZCCHC7,0.7350174
UBA1,0.7329184
USP22,0.7310758
WNK1,0.7308159
TUBA1C,0.7266509
ZFP36L1,0.72629356
VEGFB,0.7259179
USP48,0.7247455
TRIM37,0.72347444
VDAC1,0.7233614
SEC24C,0.7206916
YWHAQ,0.71330005
USP10,0.71179956
VASP,0.71152467
YEATS2,0.7045297
TYRO3,0.7038626
UCP2,0.70377
ZNF544,0.70070946
TPD52,0.7003007
YAP1,0.69906276
ZKSCAN8,0.6982081
ZNF496,0.69784826
TRAFD1,0.69745463
USF2,0.6950205
ZNHIT6,0.69482756
UBXN7,0.6907456
SF3A1,0.6901161
SUPT4H1,0.6877715
YWHAZ,0.686654
YWHAH,0.6865224
YWHAB,0.6861764
WDR41,0.6859314
ZC3HAV1,0.68501186
USP34,0.684596
TTBK2,0.68217176
UGGT1,0.68198884
SOX4,0.6795134
UQCRH,0.6780338
ZNF83,0.67788774
ZNF266,0.6771469
WAC,0.6749403
TAF6,0.6746407
ZNF207,0.6745764
ZMIZ1,0.674215
SPCS2,0.6716172
U2SURP,0.67127764
UBN1,0.6696887
UBE2L6,0.66913944
SQLE,0.66731465
ZNF678,0.6672519
TOMM20,0.6668489
ZC3H13,0.6662489
UQCRC1,0.6648703
SLAMF1,0.6642324
WDFY3,0.6634383
RPUSD4,0.6631139
UBE2O,0.6630453
TBCB,0.6628436
TNPO1,0.6611323
UBE2C,0.6601489
STC2,0.6599346
WDR46,0.6594619
SF1,0.65833753
ZBTB7B,0.6570528
UBE2E2,0.65693253
YTHDF1,0.6569202
UBXN4,0.65607685
UBE2K,0.6548907
UBXN6,0.65457326
VGLL4,0.6541733
TGOLN2,0.65338403
ZNF267,0.6528768
YWHAG,0.6521489
ZNF431,0.65189886
ACTB,0.6518058
UBE2M,0.65091264
WEE1,0.6504329
RAB5A,0.6500994
WDTC1,0.64901346
TPM1,0.6488775
TPST1,0.6486093
WSB2,0.64813983
THAP4,0.64791554
SRSF11,0.64787596
WDR82,0.6474927
UHRF2,0.64718723
ZP3,0.64712656
TIPIN,0.64668006
SKP1,0.6462588
ZFP36,0.64590603
XBP1,0.6458456
YY1,0.64549077
ZNF219,0.64476293
PSMD8,0.64450336
URM1,0.644496
TRAF4,0.64366114
BAZ1B,0.64296997
TTF2,0.6427702
UBE2Z,0.6426065
SLC1A5,0.6424807
YKT6,0.64201546
TNKS1BP1,0.6418617
RPS6KA5,0.6418089
UBAC2,0.6417964
RHOG,0.64171064
TRIP12,0.6415201
YAF2,0.64113617
TXN,0.64101285
YBX3,0.6406768
TIA1,0.6405482
SUPT6H,0.6405388
ZNF680,0.63994646
SMC5,0.63949996
STRAP,0.6394565
THEM4,0.6394342
TMED9,0.6393447
TSEN2,0.63928246
UXS1,0.6392624
ZNF791,0.6376426
UIMC1,0.63763756
XPO5,0.637288
WDR11,0.63728154
RAB5B,0.63705456
VPS35,0.63698477
UBE3A,0.6368604
RTCB,0.6367447
WDR26,0.63670015
UBQLN1,0.63611174
ZDHHC7,0.6360443
RNF5,0.6360239
WWP1,0.6358847
SLC44A1,0.6354393
SETD1A,0.6352152
TPX2,0.63494945
VPS36,0.63467234
TRAP1,0.6346475
ZBTB33,0.634349
TLE4,0.6338646
SSR4,0.63314927
RSF1,0.6328542
TARDBP,0.632531
TNPO3,0.63234866
TMEM30A,0.6321948
MRPS12,0.6316949
ZNF91,0.6313895
UBE2E3,0.6311611
WDR70,0.6300738
ZNF622,0.6293867
ZNF687,0.629259
TNFRSF1B,0.62894773
TTLL12,0.6288348
ZRANB1,0.62860215
ZYX,0.6285203
RSL24D1,0.6281616
XRN1,0.62813663
ZMYND8,0.62813073
SLC25A5,0.6281097
SLC39A7,0.62796
TNIP2,0.6269536
SGSM3,0.626866
WWP2,0.6265252
TIMM13,0.6261311
RANBP9,0.6259033
STX5,0.6251516
TPGS2,0.6251409
WNT5A,0.6250635
SPAG5,0.62503976
ZFP36L2,0.6249635
WDFY2,0.6244198
SV2A,0.6239563
ZNF90,0.62379014
SRSF1,0.6235922
ZNF770,0.62353414
TRIM28,0.6233025
RBM8A,0.623267
TUBB6,0.62263113
ZNF43,0.62247497
RSRC1,0.62238985
ZNF587,0.62172866
PPP3CB,0.62132573
SWAP70,0.6212882
TBC1D20,0.62124014
TXN2,0.62109065
WBP1,0.6210686
USP1,0.62099856
SUGP1,0.62077063
ZNF84,0.62058586
ZCCHC4,0.61984664
RUVBL2,0.6197579
TMED2,0.6196785
TRAPPC9,0.6193344
UBXN1,0.6193026
TALDO1,0.6191819
ST6GAL1,0.6186608
UNC5C,0.61865187
YME1L1,0.6186506
TOR1AIP2,0.61854017
USP46,0.6184858
RRM1,0.6183086
TUFM,0.6179328
TSPAN33,0.61772794
SUPT5H,0.6177239
TIAM2,0.6177203
RGL1,0.6174304
ZMYND11,0.61738294
RNF19B,0.6173182
UGDH,0.616973
SNX3,0.6168002
USP3,0.61656564
TAF4B,0.61649245
SCO1,0.6164768
ZRANB3,0.61578834
TRAF5,0.61567
STAT5A,0.615156
ZNHIT3,0.61514986
SWI5,0.61466485
WDR91,0.61456376
SMARCAD1,0.614489
YIPF4,0.61414886
VCL,0.6140919
SF3B5,0.6137068
TUBG1,0.6136424
SYNGR2,0.613326
TMEM50A,0.6133025
UTP18,0.61277735
URB2,0.6127579
SEC14L1,0.6127486
TSG101,0.6124421
TTI1,0.6116903
TRIM56,0.611587
RASSF2,0.6113438
PPP1R15A,0.6112627
UQCRB,0.6111205
ZNF621,0.6110519
YIPF6,0.6110142
SAP18,0.61099595
SNRPD2,0.6105271
ARHGAP17,0.6104619
TRIM14,0.6102198
SEPHS1,0.6101669
WARS2,0.60992897
UQCR10,0.6098094
USP11,0.6096637
USP14,0.6096288
USP33,0.60942733
VRK1,0.60877997
TNPO2,0.60869
PDRG1,0.60848296
SMARCAL1,0.6083941
TAMM41,0.6083826
ZNF320,0.6082718
USP9X,0.6082675
ZFC3H1,0.60819864
WASF2,0.60817033
UTP20,0.60814846
ASPH,0.6080173
SNX13,0.6079538
TCEA2,0.60780424
VCAN,0.6076262
ZNF107,0.6074799
VTA1,0.6073226
CCR1,0.606986
SNF8,0.6066825
TTC5,0.60666287
TATDN2,0.60653716
VAMP8,0.606272
WASF1,0.6060742
XPO4,0.60604596
SSR3,0.60597396
ZNF566,0.6057229
ZNF318,0.60548383
ZNF692,0.6051696
VPS39,0.6050871
UNC13B,0.6049258
TRIAP1,0.6049054
ZNF197,0.6048534
ZNFX1,0.6047888
UQCC2,0.6047394
TIMP2,0.60473776
RNF130,0.6047155
SUCLG1,0.604688
ZNF738,0.60467607
SEL1L,0.6045369
WDR33,0.6043888
TINF2,0.6042438
ZNF227,0.6038792
RAB8A,0.603464
SH3KBP1,0.6031559
RAB6B,0.6031421
ZNF33A,0.6030518
SNX17,0.6026939
TXLNG,0.60268
APBA1,0.60261744
TOLLIP,0.60248405
SPDL1,0.60215735
SNRPA1,0.6021315
SCYL1,0.6018376
CANX,0.60161424
STOML2,0.6014652
ZNF286A,0.6013804
SIKE1,0.60135424
USP15,0.6010342
UBE2D3,0.6008447
RRP8,0.6005993
ZNHIT1,0.6005912
RPS3A,0.60052234
ZNF124,0.600504
VDAC2,0.60042167
SPNS1,0.6003021
SSX2IP,0.6000187
ZNF445,0.59989536
ZNF33B,0.5997642
ZNF783,0.5995259
VAV3,0.59946555
UNK,0.5994611
RPS7,0.5992317
VAT1,0.59905005
PDCD10,0.5988494
RBP1,0.5985689
WDR19,0.5984307
VAPB,0.5982519
TMEM258,0.5981896
UCHL1,0.59812844
OSMR,0.598008
ZNF700,0.59777594
USP45,0.5975379
UBE2W,0.59745854
S100A6,0.5974303
ZWINT,0.59734577
PSMC2,0.5972886
SRM,0.5972462
ZNF7,0.5968275
UPRT,0.5968101
ZBTB17,0.5964936
ZNF189,0.59648305
SUPT3H,0.5963311
PMF1,0.5963259
ZNF605,0.5962346
TMED4,0.59614533
ZNF79,0.5959266
YPEL5,0.59587795
SLX4,0.5958662
UTP6,0.5957643
TAF3,0.59550244
PPIL1,0.59545887
RCSD1,0.59531176
PSAT1,0.59528184
UBE2S,0.59505373
ZER1,0.5949298
TRIM32,0.5949215
TXLNA,0.5948881
USP32,0.5948148
PLEKHG3,0.59464234
TRIB3,0.5945565
PEF1,0.59454787
APLP2,0.5945143
STK40,0.5943041
RHOBTB3,0.59405565
ZNF317,0.5940333
SPG11,0.5939595
PRPF38A,0.5938221
TICAM1,0.5937207
PTCD3,0.5934123
ZDHHC17,0.5933968
TUBGCP2,0.593308
TRA2A,0.5932753
TMEM147,0.59325045
UQCRFS1,0.59304285
WRAP53,0.59281045
WDR5,0.59276456
UBE3D,0.59262866
ZNF808,0.59255314
ACTG1,0.5923344
PNP,0.5922624
ASH1L,0.5921151
SUMO3,0.5920888
SSR1,0.5919954
ZWILCH,0.59165555
ZFYVE9,0.5915459
STK24,0.59150815
TNKS2,0.59146255
ZNF337,0.59122175
VIM,0.59097207
RRAGA,0.59064466
TK1,0.59060144
TBC1D7,0.5904618
UBA6,0.59025294
ZDHHC9,0.5901012
SNX6,0.5900735
SPATA5,0.5900532
UVSSA,0.5900353
TRAPPC11,0.5900326
TAX1BP1,0.58993495
ZNF586,0.5898649
SRPRB,0.58983606
PRKRA,0.5898097
TEX10,0.5897216
USP7,0.5896685
SERPINB9,0.5896556
ZNF526,0.5896008
RING1,0.589501
ZNF12,0.58941025
ZNF195,0.5892318
TP53BP2,0.58915514
ZNF264,0.5891151
SERINC3,0.5890428
ZNF841,0.5888699
UBQLN4,0.58870286
UFM1,0.58868366
TOMM34,0.58859724
TAOK1,0.58848757
SEPHS2,0.5884442
ZNF473,0.58842105
ZNF649,0.5883624
UBE2Q1,0.58835375
YY1AP1,0.5883163
USP16,0.5882894
SORBS3,0.5882007
SLC27A5,0.5880258
UMPS,0.5876014
VPS4B,0.58756256
RARS2,0.58737814
SART1,0.58733016
ROR1,0.5873215
SEMA3A,0.5872589
SMAP1,0.5871671
TRAPPC6A,0.58710855
ZNF768,0.5871017
YTHDF2,0.5870693
VTI1B,0.5870106
TNFRSF10B,0.5868516
SSH1,0.5868018
TERF2,0.5866817
UCHL5,0.5865197
ZKSCAN1,0.58649135
ZNF780B,0.58615553
SNX8,0.58608305
PURB,0.5858039
SPG21,0.5857731
SEMA7A,0.5855819
ZNF529,0.58550155
RPS13,0.5854967
ZNF708,0.58544385
ZNF81,0.5853418
SLBP,0.58531123
RNF34,0.5852419
SRSF6,0.58520067
WDR37,0.58488494
STX17,0.58469903
TAB1,0.584695
TRAPPC3,0.58461314
TRIM69,0.58452237
PES1,0.5843105
WTIP,0.584252
ZNF224,0.5841494
RBM5,0.58412725
TRIT1,0.5840253
TIAL1,0.5838376
SOCS7,0.58374465
SLC25A22,0.5837296
PSMB9,0.58363575
ZNF548,0.5836319
ZMAT2,0.5835606
TWF2,0.58346546
ZNF638,0.58344424
TUBGCP3,0.58341426
YOD1,0.5832808
SRP14,0.5827043
WASF3,0.58242244
TBCEL,0.5823678
XYLB,0.58217216
SLC35A2,0.5819438
TCF7,0.58181834
PTGFRN,0.5817406
PRPF40A,0.58173895
SLC44A2,0.5813726
ZNF557,0.58125806
SNAPC3,0.5812295
SLAMF7,0.5812187
PPP4R1,0.58109725
MAGED1,0.5806288
THOP1,0.5803428
SORT1,0.58000785
TUBA4A,0.57995385
TRAPPC10,0.5799165
SENP3,0.579768
SETD6,0.5796175
SPRY4,0.579285
ZNF561,0.57925135
ZNRF2,0.5791187
UBE4A,0.5790616
ZNF250,0.57902926
TTC7B,0.578853
AVL9,0.5788095
ZNF519,0.5788072
TWF1,0.5787382
TRPS1,0.5787271
PLP2,0.5786148
ZNF677,0.57860744
TBC1D15,0.57857203
UBXN2A,0.57847285
CALD1,0.5783508
USP4,0.5783029
AMBRA1,0.57829005
AP2B1,0.5780559
WLS,0.57803553
TST,0.57799387
TRIM38,0.5779716
USP42,0.57791984
PHACTR1,0.5779003
PPM1B,0.5777892
WDR18,0.5777393
ZNF592,0.5775275
VCP,0.577393
PIK3R6,0.5773306
TAP1,0.5772948
IGFBP4,0.5772945
RRP1B,0.5772756
VCPIP1,0.5772628
UTRN,0.57720757
TSPAN5,0.5771666
TOB2,0.57715553
BSG,0.5770796
TRIM25,0.5767485
AFMID,0.5767394
SLC26A6,0.57672954
ZNF100,0.5767135
TARS2,0.5765382
TTC27,0.5764368
SEC13,0.5763917
ZNF664,0.576366
UBE2R2,0.5759918
PCBP4,0.5758888
YIPF1,0.5758804
PKD2,0.575763
ZMAT3,0.5756297
TBC1D5,0.5755613
ORAI2,0.5755127
PPP1R16B,0.57545894
TFB2M,0.5754525
WDR36,0.5751683
ASAP1,0.57502615
ZNF326,0.57497513
SART3,0.5749748
TIMM17B,0.5748527
SPCS3,0.5747265
RBM4,0.57413024
USP20,0.57387704
ZNF451,0.57386726
RAD54B,0.5737767
UQCRC2,0.57368886
ZC3H15,0.57367224
TOP3B,0.5736097
MRPL51,0.5735947
TBP,0.5735878
SKA3,0.5734788
UBFD1,0.5734113
UROD,0.5733927
SCAMP2,0.57334733
PHF12,0.5732535
AHNAK,0.5731721
SCCPDH,0.5731058
TRIM2,0.5730715
TEAD4,0.5730372
VPS53,0.5729108
ZNF32,0.5728873
TTK,0.5727992
XRCC2,0.57275456
RAB11FIP4,0.5727243
WWC1,0.5726842
SAFB2,0.57264954
SOD1,0.5726117
VLDLR,0.5724561
USP25,0.57242095
TXNL1,0.57231
ANTXR1,0.5722484
ZNF45,0.57200736
MRPL20,0.5720051
SACM1L,0.5718207
RAB11FIP1,0.5716595
WDR59,0.57165253
ZNF564,0.5715959
POP7,0.5715553
ZNF485,0.57145184
TRAIP,0.57142353
ZDHHC21,0.5714201
RHOQ,0.5714168
ZNF274,0.5714012
ULK2,0.57131535
USP19,0.571281
TONSL,0.57104594
WSB1,0.57099164
SERPINH1,0.57088816
RECQL,0.5707334
ZNF248,0.57057184
UTP23,0.57056063
STAU1,0.57048154
ZFP90,0.57047755
WDR45,0.5704358
ALDOA,0.5704219
SYVN1,0.5704118
SPHK2,0.5703046
USP12,0.57027155
RAB2B,0.5701348
TYK2,0.5699929
YES1,0.569945
TDP1,0.5699023
ZNF180,0.5698563
USP37,0.5698085
SPIDR,0.5697762
TSSC4,0.5697602
SDHAF1,0.56973463
VPS41,0.56973016
SKA2,0.56953853
PSEN1,0.5693493
TRPC4,0.5689573
PFKL,0.56871647
IL4I1,0.5686384
ANO6,0.5684898
SHOC2,0.5683062
UBE3C,0.5682781
SARS2,0.56826174
PLS1,0.56820047
SRRT,0.5681575
ZNF776,0.5679284
MRPS21,0.5678785
ZNF558,0.56785774
ACTN4,0.5678328
PANK3,0.56776345
STEAP3,0.5677602
TCIRG1,0.5676326
YIPF2,0.5675969
YBX1,0.5675755
VPS25,0.5672626
SLC7A8,0.5672521
XYLT2,0.56725127
INO80E,0.56722504
TFAP4,0.56720126
NDUFA1,0.5671176
PYGL,0.5670152
ZMPSTE24,0.56691206
NDUFAF7,0.56689155
TECR,0.56684506
SYNJ2,0.56682926
ZNF823,0.56675637
ZKSCAN5,0.56673473
TSR1,0.5666027
MRPS28,0.566471
ZNF136,0.5664109
TSPYL2,0.566343
ZNF585A,0.5663035
RPS21,0.5662876
TRIM41,0.5661474
ZNF500,0.56598216
HLA-DMA,0.5659809
STARD8,0.5659531
RNASEH1,0.56587595
SRSF4,0.565875
TBC1D10B,0.5658168
ZNF235,0.5657378
UBE2I,0.5657363
ZC3HC1,0.5656579
TXNIP,0.56561804
RPL22L1,0.56558686
ZNF430,0.565497
ALG2,0.5653004
TNFAIP8,0.5652102
ZNF41,0.5651981
ZNF300,0.56505054
CACNB1,0.5649759
ZNF607,0.56494457
WRNIP1,0.56481946
WDR6,0.5646073
AHCTF1,0.56453115
PANK2,0.5644747
UBL4A,0.56445223
SMU1,0.5644045
PTPN9,0.56432
ZNF92,0.5643163
ZMIZ2,0.5642552
TUBA1A,0.5641549
TNFRSF11B,0.56414014
CARM1,0.5641347
TBPL1,0.5639253
QDPR,0.56390476
SLC35B2,0.56377137
SRI,0.5636088
SLC12A2,0.563584
PEX6,0.56327623
VPS37B,0.56311536
UBE2T,0.563107
PTGES2,0.5630409
RGS10,0.56300676
VRK3,0.56279474
TGIF2,0.56267357
ZFYVE27,0.5626345
TRIM26,0.5625059
TGFBI,0.56247467
SEMA4A,0.56233543
PSMA4,0.56219226
SCMH1,0.56213796
TRPC4AP,0.56205946
PRKCD,0.56194055
VAMP3,0.56174225
PRMT7,0.5615518
TCEA3,0.5613943
SLC25A3,0.56134063
SMS,0.5610939
TOB1,0.56094056
WDR48,0.5606092
SHISA5,0.560607
STX2,0.5605126
NAGLU,0.56034386
VAC14,0.560323
SRSF10,0.560127
CD52,0.55992436
POLR1E,0.5598257
RANBP1,0.5596942
TACO1,0.5596306
SEC61A2,0.5595342
SPSB3,0.5595165
STIM2,0.55937856
CEL,0.55933154
ME2,0.5591944
TAF7,0.559181
CAMK1D,0.559138
ZFYVE26,0.559136
SLC19A1,0.5591261
TAF1B,0.5590731
TIMMDC1,0.55907077
PRMT6,0.5589917
XRN2,0.5588221
RPS26,0.5587881
AP1S3,0.55870986
SCFD2,0.55866355
ZNF385A,0.5585536
PSMB8,0.5585341
SEC61B,0.55852175
PIGB,0.558431
SPAST,0.55837077
SLC25A28,0.5582134
SPOPL,0.5581454
TSEN34,0.5581338
MIF4GD,0.5580503
SNRPB2,0.55796003
SUMO1,0.5579478
ZNF333,0.5579164
ZNF69,0.5579142
PFDN5,0.5579136
ASXL2,0.5579048
HPS1,0.5577365
MRPL53,0.5576805
PRKACB,0.5576263
MGST3,0.55759776
PPAT,0.55759746
AAR2,0.5575316
TBK1,0.55750006
CBX2,0.5574098
ZNF710,0.55739784
TMED3,0.55727834
MIS18A,0.55727637
RRAGD,0.55720776
WBP2,0.5571809
ZNF211,0.5571798
STX18,0.5571714
TP53RK,0.55716985
CDC42BPA,0.5570473
RAP2C,0.55704194
SEC23A,0.5570007
ZNF527,0.5569183
PLCE1,0.5568387
TRMT5,0.5568001
ZNF620,0.5566612
SMUG1,0.5566502
RNF40,0.55663484
RPP30,0.5566195
CCT3,0.5563022
CMSS1,0.5562227
NOP10,0.5562056
TBCC,0.55614525
TAF5L,0.5560847
RBM42,0.5560267
CAPZA1,0.5559815
SGPP1,0.5559752
RNF7,0.5559334
RPL7,0.5557961
ZNF830,0.5557826
SNAP23,0.555765
TARBP2,0.55565226
TRIM22,0.5556086
ZNF711,0.555561
UBQLN2,0.5554813
TAP2,0.5554348
MXRA8,0.5553113
NR1H2,0.55529916
ATP11A,0.5551859
TLN1,0.5551449
NUBP1,0.5550844
NUS1,0.55493194
ZNF721,0.55488026
UBAP2L,0.5548402
MRPL50,0.5548249
SPARC,0.5546145
SRF,0.5545244
TXNL4B,0.5544272
ZNF26,0.5543174
ZNF846,0.5542938
TRAF3IP2,0.55421275
PLXNB2,0.5541311
UBE2A,0.5540724
TEAD3,0.553969
BCL2,0.5539168
RGS12,0.55389404
PIGK,0.55385566
SERP1,0.553853
TTL,0.5538139
PPP3CC,0.5538013
MRPL2,0.5537961
TXNDC16,0.55365914
ZNF234,0.55352455
CEP72,0.5534938
UNC13D,0.5532244
TBC1D16,0.55311555
ZNF562,0.5531031
ZNF585B,0.5529625
ZNF155,0.55292314
RNF169,0.55290437
ATN1,0.5527941
AHCY,0.5527825
ZNF615,0.55276215
TXNRD2,0.5526798
ZNF282,0.5526611
UFSP2,0.5526498
TRAM1,0.5525359
YIF1A,0.55248785
WDHD1,0.5523858
UBE2Q2,0.5523598
TBC1D13,0.55235976
RBBP7,0.55231863
VPS26B,0.55231375
TGFBRAP1,0.55221546
USP24,0.5520818
AKAP13,0.5520648
TMC6,0.5518899
UQCC1,0.5518681
SIRT2,0.5518245
ZNF490,0.5518042
PDGFC,0.5517996
RNASET2,0.5516486
SSBP4,0.55161655
ARPC4,0.5515715
ZNF486,0.55155754
TRMT1,0.55155706
SIRT6,0.5515364
PSMC1,0.5515316
LRPAP1,0.55149496
VKORC1L1,0.5514206
SEMA6B,0.5513101
MFAP3,0.55122435
SUN2,0.5511387
MTMR9,0.55112743
WIPI2,0.55106336
ZNF440,0.5510251
POGZ,0.550982
SPTLC1,0.55097425
TBC1D32,0.55087805
SKIV2L,0.5508639
PIK3R4,0.550833
CLCF1,0.55082744
TUBB2A,0.5507996
ZNF510,0.550655
ZNF813,0.55060816
MRPL11,0.55059266
CARS2,0.55053884
MPP2,0.55049276
SLMAP,0.5504445
PIK3R3,0.5504045
TMEM11,0.55038947
SPPL2A,0.55014503
ZNF420,0.5501121
ZNF780A,0.55006844
ZNF212,0.5500469
SASS6,0.55002326
PEX2,0.54994804
RNF14,0.5498735
PYCR1,0.549783
ZIK1,0.54973
GCA,0.5496276
CYTH4,0.54961675
TIMELESS,0.54960704
TRMU,0.5495511
PPP1R11,0.54941964
UQCR11,0.5494024
MAP4K1,0.5493507
AGO1,0.54932827
PRPSAP2,0.54929215
ATPAF1,0.5492847
UAP1L1,0.5492687
RFC1,0.549193
DHDH,0.54919285
TM7SF2,0.54915535
ZNF626,0.5490989
SLC5A6,0.5490715
B3GNT8,0.5490534
NDC1,0.5490495
RHBDD1,0.5490479
RASSF1,0.54902977
APP,0.5489175
WDR81,0.5487861
SLC25A17,0.54877514
UBLCP1,0.5487645
TNFRSF10A,0.54861563
TOR1B,0.5485611
SERINC5,0.54850894
PWP1,0.5485014
TRAF6,0.5484403
UNC93B1,0.5483257
RUVBL1,0.5483003
TIMM21,0.54809785
RRP7A,0.54805845
MFAP1,0.5480404
TADA2B,0.54803675
TDG,0.54799426
RPP25L,0.54799324
SAT1,0.547935
UTP14A,0.5476807
MBOAT7,0.54764825
TEX264,0.5476014
SSU72,0.5475011
MCM5,0.54739183
SPN,0.54732805
CYP3A5,0.5471823
VPS8,0.5471442
PSMB4,0.54711574
ARIH1,0.5469698
BIRC6,0.54695374
TRAPPC4,0.54687256
ZNF423,0.54686624
WIPF2,0.54678404
NRBF2,0.5467653
PSME2,0.54673475
UBE2V2,0.54669863
ST3GAL1,0.5466176
SEC23IP,0.5464951
RPL36AL,0.5464747
TTF1,0.54638207
VIPAS39,0.54631513
SNRNP200,0.54627323
UBL7,0.5461507
POLR3H,0.5461317
SNTA1,0.5460562
CCNF,0.5460103
ZNF426,0.5459059
QRSL1,0.5458703
RFC4,0.54584384
CCT6A,0.5458242
INPP5D,0.5458078
SNW1,0.5457922
SUV39H2,0.545789
RRP1,0.5457638
NDUFS2,0.5457119
UHMK1,0.54565334
TRADD,0.5456239
PKP3,0.54551166
RPS6KA4,0.54530394
IL32,0.54523635
THOC2,0.5452235
USP28,0.5452219
PFN2,0.54519445
EIF4E3,0.54511803
UCK1,0.5450928
SCLY,0.544915
SPR,0.5448909
ATF7IP,0.54488724
PREB,0.54484457
UAP1,0.54478514
UGCG,0.544716
RPGRIP1L,0.54467654
ZSCAN32,0.5446375
RANBP6,0.5445753
ZNF354B,0.54448915
UTP14C,0.5444848
REXO2,0.544337
STXBP3,0.54431015
SCD,0.5442585
SDAD1,0.5442476
NDUFS8,0.5441241
TMED10,0.5441209
ZNF182,0.5441012
ZNF225,0.54409903
RAB24,0.54408103
CPD,0.54404944
ZFPM1,0.54388076
NADSYN1,0.54380876
THAP1,0.54373115
RFC2,0.54363674
VPS52,0.54337895
SSB,0.5433322
ZNF793,0.54331857
VGLL3,0.54329765
SYT7,0.5432862
ZNF550,0.5432806
SNAPC5,0.54326
ATXN7L1,0.54310006
ZNF394,0.5430602
UNG,0.5430404
PRPF19,0.54302615
STRN4,0.54299486
NCKAP1L,0.5428773
TFB1M,0.5428041
MXD1,0.5427776
TGFB1I1,0.54272974
ZNF765,0.54267555
CASP2,0.54256773
TOM1,0.54255706
B3GALNT2,0.5424965
NKIRAS2,0.54244906
TTYH3,0.54242253
TMEM186,0.54241025
UNC5B,0.542387
ANKFY1,0.5423362
RAD9A,0.54233456
PRPF3,0.5421728
SNRPD3,0.54214466
PRC1,0.54210573
RARG,0.5420554
TRAF3,0.5420525
SOAT1,0.54202515
ZNF480,0.54201573
BTBD2,0.5419734
RFFL,0.5419372
CYP2J2,0.5418851
CALU,0.5418719
CEP120,0.54181916
TCTN1,0.541782
ZNF569,0.5417583
SRR,0.541746
ZNF101,0.54172635
ZNF766,0.5416005
XPO7,0.54155177
HK2,0.5414679
WDR55,0.5414593
SUGT1,0.5414269
TSNAX,0.5414263
SPAG7,0.5413555
ZNF778,0.5413447
SMARCA5,0.5413016
DES,0.54128593
CALCRL,0.5412418
SLU7,0.5412013
SH2B3,0.5411931
RNF114,0.54112476
TMEM214,0.54109085
DISP2,0.54108083
PIK3AP1,0.54102093
PFDN2,0.5409904
ANLN,0.5409594
ARHGAP35,0.5409484
YEATS4,0.54094505
SMC6,0.5408364
VAMP2,0.54072607
WDR77,0.5405688
CDH24,0.540568
ST13,0.5404792
TEP1,0.5404626
PPM1L,0.54045564
RNF168,0.5404503
UQCRQ,0.5404265
AP2A2,0.54040897
SEMA3F,0.54034704
LRR1,0.54027987
CD55,0.5402294
DUSP7,0.54010826
PLCB3,0.5400926
TRIM13,0.54008454
SMARCA1,0.540081
ZNF347,0.540063
ZNF593,0.5400518
TRIM68,0.54002464
DYNC1I2,0.5400196
ZNF589,0.54001623
ZYG11B,0.53999937
ZW10,0.5399076
SNX4,0.53984326
WNT5B,0.5398235
PDP1,0.5398195
ANP32B,0.53979886
BCL2L1,0.5397866
TNFRSF21,0.5397808
UBE2D1,0.5397693
YIPF5,0.53974795
SESN3,0.53973997
ARHGAP21,0.53972244
TNFSF13B,0.5396028
YRDC,0.53958946
TSN,0.5395204
TPD52L1,0.5395149
ZNF790,0.53949803
MRPL10,0.5394288
PAFAH1B3,0.5393985
TAF1D,0.5393786
UBE2G1,0.53936404
UCHL3,0.5392691
ZNF470,0.5392518
ZNF14,0.5392119
WASL,0.53918004
SPIN1,0.53915817
C1QBP,0.53906393
ADK,0.53903615
SLAIN2,0.5390046
AK2,0.5389235
TOP2A,0.5388577
ZSWIM7,0.5387832
ZNF19,0.5387187
CAD,0.5386547
ST6GALNAC4,0.53859895
SRP19,0.5385289
SLC25A38,0.5384779
ARL8B,0.5384495
SHPRH,0.5384425
PSENEN,0.5384258
TRIP10,0.5383626
SHF,0.5382801
ZNF143,0.53819317
RPAP2,0.53816426
ZNF573,0.53812015
ST14,0.53802824
ZNF160,0.538012
TAF1A,0.537983
THAP7,0.5379482
BUB1,0.5379324
TRMT61B,0.5379127
BARD1,0.5379069
STT3A,0.5378818
SNRNP27,0.53781044
ZFPM2,0.5378085
CD63,0.53778934
PCSK7,0.5377242
ZNF217,0.5377
ZDHHC2,0.5376771
SEZ6L2,0.53766984
SCNM1,0.5375193
VMA21,0.5375053
TBC1D2,0.5374699
AUP1,0.5374394
ZNF304,0.53743637
CDK11B,0.5373325
STAP2,0.5372989
SMCR8,0.53729284
ULK1,0.53721094
VCPKMT,0.5372016
BANP,0.53719956
CAND1,0.53713596
PTTG1,0.53710425
LTN1,0.5370889
COL7A1,0.53703344
ARIH2,0.5370198
AFF1,0.5370174
PTDSS1,0.53698283
ANXA6,0.53693897
RGS16,0.53687143
SH3PXD2A,0.5367497
AQR,0.536717
PARP3,0.53666586
TRIM6,0.53663766
CUL9,0.53658664
TMEM97,0.5365855
C2CD3,0.5365597
ZNF772,0.5364848
SHMT2,0.53648156
RNF2,0.53646076
SELPLG,0.53645265
BRD9,0.53643084
UBIAD1,0.5363634
VASN,0.5363133
RRS1,0.5362928
QSOX1,0.5362464
ALDH3A2,0.5361715
ATG13,0.5361688
MRPL17,0.5361193
ZNF460,0.5360979
SIAH2,0.53605705
CEP70,0.53601336
STX8,0.53590274
ZNF555,0.53584903
SYDE2,0.53583544
WDR75,0.5357886
ZNF3,0.53573465
STK25,0.5356786
ZFP69B,0.53550124
TAF9,0.5354407
STXBP4,0.5354353
NPRL3,0.535413
RICTOR,0.5353185
TGM2,0.5352988
STARD4,0.5352233
ANAPC7,0.5351905
LGALS8,0.53518265
APPL1,0.53514695
PNKP,0.5351381
ZNF133,0.5350974
STAT1,0.53498894
UST,0.53496563
SLC44A3,0.5349656
APBB2,0.53495395
WDR83,0.5349117
SYF2,0.53486025
TMEM70,0.5348314
TMC8,0.5347947
BTC,0.5347824
CAPZB,0.5347815
AP3B1,0.534775
SENP6,0.5347296
ATXN2L,0.534649
STK35,0.53463477
ALCAM,0.53461605
CHRNA10,0.534599
ZNF202,0.5345117
ZNF552,0.53446186
AGO3,0.53443027
RRAGB,0.5343891
ZNF200,0.53434145
USP5,0.5343109
BAG6,0.53427696
SEC24D,0.53422695
SCNN1A,0.53417534
SH3D19,0.5341148
CCDC91,0.5340526
SNRNP48,0.53403664
PDE6D,0.53403425
BCAS3,0.5339802
TIPRL,0.53396755
SARNP,0.5339557
PFDN6,0.5338942
ZFP14,0.53383654
UBTF,0.5338136
ALDH3B1,0.53379375
ULK3,0.5337619
CNIH3,0.5337119
TRIP4,0.53370684
PICK1,0.5336688
RHOBTB2,0.53365314
TDP2,0.53363377
ALPL,0.53362185
PPP1R14B,0.5335995
TCN2,0.53356594
AGRN,0.53354377
APPL2,0.533541
TDRD7,0.5335334
ATP11B,0.5335192
PLTP,0.5334803
MZT2A,0.5334334
BANF1,0.5334175
ZNF701,0.5334092
AMOTL2,0.53339744
ZNF256,0.53339
PIK3R5,0.533373
RNF217,0.53335464
ATP2B1,0.53334993
HSD17B7,0.53323805
P4HA1,0.5332067
ARAP3,0.5330968
TDRD3,0.5330888
AGMAT,0.53305787
ST3GAL4,0.5330184
WHAMM,0.53295213
AP3D1,0.53284353
ZNF543,0.5328114
ACACA,0.53280014
RFXAP,0.5327883
SERPINF1,0.5326758
CTU1,0.53256243
ZNF439,0.53253555
WNT9A,0.53252983
ZNF684,0.5325172
SKAP1,0.53250456
ZKSCAN7,0.53246856
BIN1,0.5324652
SETX,0.5324453
CAMK2G,0.53240687
RRP36,0.5324036
CENPL,0.532383
RAB4A,0.5322113
TRIM44,0.5322046
SH2B2,0.5320554
ATXN1,0.5320542
RNF41,0.53202593
TROAP,0.5320165
ARHGEF11,0.53189373
ZNF324B,0.53188735
PPP2R5D,0.5318479
PEX11B,0.53180784
RPL26L1,0.5317412
CALM1,0.5317325
ZNF273,0.5317314
RPAP3,0.5316791
POLR2D,0.53163016
PHKA1,0.53162944
ZNF814,0.5316205
TFAM,0.5315897
ALS2CL,0.5315857
CAB39,0.53149027
SYMPK,0.53148544
MBTD1,0.5314229
TYW3,0.5313555
SIAH1,0.53135026
TMED1,0.531346
ZNF253,0.5313268
PDK2,0.5313086
ARFIP2,0.53130275
TMEM179B,0.5312999
ZBTB8OS,0.53128415
BTN3A2,0.53126156
APOE,0.5312463
BUD13,0.5312123
RAB33B,0.5312123
CCNA2,0.53118527
SLC25A14,0.5311603
HDAC5,0.5311317
ZNF442,0.53109896
RGS5,0.5310835
PTP4A3,0.53105015
TLR7,0.5310493
WDR3,0.5310262
TBC1D17,0.53099495
ITGB7,0.5309662
CCT2,0.5309344
PIGC,0.5309186
OXSM,0.5308143
MTSS1,0.5308131
ZNF57,0.53080416
ZNF222,0.5307333
BABAM1,0.5307185
ZNF614,0.530714
RBM17,0.53070134
CCNY,0.53066796
RAB8B,0.5306135
HSF2,0.53060895
CD4,0.530608
REC8,0.53050464
ATF6,0.53044754
TRPM7,0.5304348
DPP4,0.53041476
SBF1,0.5303904
ZNF10,0.53036
GPR68,0.53034735
ASPM,0.5303094
NAA35,0.5301359
THUMPD1,0.5301313
CEP135,0.5301295
AMMECR1,0.53009856
ARHGEF18,0.5300936
CADM1,0.5300707
ATG16L1,0.52999043
CBX6,0.52994215
PDCD11,0.5299386
PGM2L1,0.5299379
UBA7,0.52987015
RASGRF2,0.5298501
STXBP2,0.5298287
ZNF18,0.52976304
TRO,0.52961797
IL21R,0.5295338
SERPINB6,0.52948785
POLE3,0.529472
SLC35D1,0.5294675
WDR62,0.5293882
ANXA5,0.5293335
CDCA7,0.52932954
CCNT1,0.52926016
SAT2,0.5292409
CDCA5,0.52923554
TAF12,0.5291997
ARHGDIB,0.5291509
OPN3,0.5291249
ATPAF2,0.52911514
TUBG2,0.5290894
TUBD1,0.52908415
ZNF17,0.52903825
PGAP2,0.5290252
TOX4,0.5289889
RAP1GDS1,0.52895504
AHRR,0.5289181
CCS,0.528843
ZFP30,0.5287755
C12orf65,0.52867734
NUDT16,0.52857107
CWF19L1,0.52856237
ZNF443,0.5285356
CLINT1,0.52853274
CPLX1,0.52847683
PGAP3,0.528446
ZNF415,0.52843165
WDR5B,0.52840626
ZNF468,0.5283965
ZNF112,0.52836543
RBMX2,0.52826893
AP2M1,0.5282576
MAP1S,0.52825445
PMPCA,0.5282043
SDC2,0.5281854
RRN3,0.5279897
BZW1,0.5279882
ZNF251,0.52796376
TAF2,0.5279608
SNX2,0.5279545
HGS,0.52794605
MZT1,0.5276743
TAF13,0.52760494
SURF1,0.52752835
SLC25A20,0.527507
ST3GAL6,0.5274588
SLC12A8,0.52745044
ARFGEF2,0.5273957
RAPGEF1,0.527369
ARF1,0.52736026
SORBS1,0.5272811
SLC15A4,0.52725315
AKAP10,0.5272235
AQP1,0.52719486
ZNF549,0.52719426
ZKSCAN3,0.5271201
TMEM107,0.527115
S1PR1,0.5270794
NOP16,0.5270767
SRSF9,0.52707034
KCNMA1,0.5270684
TOPORS,0.5270592
ZNF71,0.52705276
CEACAM1,0.52705264
IRF8,0.5270374
ATP8B2,0.52702856
ZNF284,0.52702206
VAMP4,0.52701545
YARS2,0.5269823
RABGEF1,0.5269261
CD109,0.52689475
KCNK5,0.52686405
ATP2B4,0.52682614
CHFR,0.52680635
RNF111,0.5267324
CITED2,0.5267134
CCZ1,0.52663577
LRFN3,0.52660245
KIF18A,0.526536
CDC6,0.52652085
TIMM44,0.526469
BHLHE41,0.52646
CD2AP,0.52640253
AGO2,0.5264011
RMND5A,0.5263649
TM2D1,0.5263418
LFNG,0.5263413
ANAPC4,0.52632666
TOMM40L,0.5262374
ARFGEF1,0.5261658
PANX1,0.5261593
TADA1,0.5261429
LPXN,0.5261424
SPRY2,0.5261001
TSC22D3,0.5260961
MAP2K7,0.52609396
AMOTL1,0.52603614
TRMT6,0.52600825
TACC3,0.5259948
BEST1,0.52598375
TAF4,0.52594274
CETN2,0.5259295
CLDN12,0.5258674
SNX5,0.52586204
SGMS2,0.5258609
TRIM11,0.5257982
PEX1,0.5257671
ADAR,0.5257488
PIP4K2C,0.5257384
FBXL22,0.52573687
RP2,0.52571815
RRM2B,0.5256829
SEC22A,0.5256795
ALDOC,0.52565694
CDC16,0.52562356
ARID4B,0.5256032
SENP1,0.5255873
ANKRD44,0.5255749
ZNF44,0.5255617
ZNF670,0.52550554
STK36,0.5253507
ARF4,0.5252939
B4GALT2,0.52527714
ANAPC5,0.52523756
BTBD1,0.5252072
PRKAR2B,0.5251919
IL16,0.52510494
TRIM46,0.52506566
HK3,0.52503866
SRA1,0.5250169
ZNF76,0.5249587
TUBA8,0.52495086
ADAM12,0.52491564
UPF3A,0.5249048
WDR35,0.52489746
POLR2K,0.5248242
CERS5,0.5247821
SMC2,0.52477574
CMKLR1,0.52476555
RAB12,0.524747
ARHGEF1,0.52471566
ZNF517,0.52470577
SPTLC3,0.5247013
ADH5,0.5246813
VPS4A,0.52466714
COPS5,0.5246651
PER3,0.52465886
ACAP2,0.5246556
ZNF764,0.52463317
ATP6V0A1,0.5246256
SPATA2,0.52458483
AHCYL2,0.52456534
GPC4,0.5245567
ACTR2,0.52453816
CLASP2,0.5244662
PIGW,0.52434343
AP3S2,0.52431303
PI4K2A,0.5242847
NUP37,0.52425784
ANXA2,0.5242347
RCHY1,0.52422506
ATRX,0.52421
CETP,0.52420706
ZNF699,0.52417344
PSMB10,0.5241731
AZIN1,0.52416193
TFAP2C,0.52409947
COL9A3,0.52407414
TUBGCP4,0.5240695
SIL1,0.5240639
CAMK2D,0.52399665
SAP30BP,0.5239775
CCDC106,0.523977
AMT,0.52397376
CDS1,0.5239125
SARM1,0.5238772
ARF3,0.52386886
SURF2,0.52385205
CBFA2T2,0.5238031
VAPA,0.5237042
TAB3,0.52370304
APTX,0.523654
UPF1,0.5236169
TRIM35,0.5236134
ZNF611,0.5236038
CEP164,0.5235997
ARHGAP11A,0.5235986
UBOX5,0.52356994
CLSTN1,0.52355397
CARD10,0.523473
PRPF18,0.5234314
PRR5,0.52343047
ARHGAP10,0.523426
CUBN,0.5234056
ZNF461,0.52337223
ZNF671,0.5233594
CALML4,0.5233313
MOB2,0.5232838
ZNF74,0.52324456
PELI3,0.5231795
SYNE1,0.5231784
SYDE1,0.52315754
RNF11,0.5231527
ARHGEF12,0.5231269
BBS9,0.5230623
RNMT,0.52305716
ARHGAP29,0.52305484
CDK16,0.52304685
BFAR,0.5230002
IPO13,0.5229827
ANK3,0.5229634
CEP78,0.52294064
CEP41,0.52291924
BCCIP,0.5228625
NNT,0.52282983
C5,0.522793
CHMP2B,0.5227422
ATG4B,0.5227074
STARD10,0.5226697
MAP4K2,0.5226058
GNA15,0.5225905
TAF9B,0.52253747
FBP1,0.5225327
ASPSCR1,0.522524
TRMT11,0.5224459
RRAGC,0.5224426
COL24A1,0.5224373
SNAPC2,0.5224198
AP2A1,0.5224126
PYGB,0.52236915
NIF3L1,0.52234554
BIRC5,0.52233696
CLCN6,0.522335
BICD2,0.5222924
IK,0.52223593
ZNF383,0.5221741
PNPT1,0.5221663
CDC37L1,0.5221448
RPRD1A,0.52201605
CENPF,0.5220122
NOP58,0.5219401
CLDN23,0.5219334
ATIC,0.52191746
CISH,0.5218842
ARHGAP44,0.5218757
CHRD,0.5218734
CNGA1,0.5218698
SPATA2L,0.52185535
PHF19,0.5218389
ZNF302,0.5218172
SLK,0.5218141
RCE1,0.5217558
AP4M1,0.52169335
SNRNP35,0.52166927
STARD3NL,0.5216542
NUFIP1,0.521585
SEMA6C,0.5215847
CXCL16,0.5215351
ATP6V1G1,0.5214839
ZNF577,0.5214832
CYP39A1,0.5214654
DET1,0.5214461
ARFGAP2,0.52144307
WDR4,0.5214219
RIN3,0.52136606
CLIC3,0.521335
SUMF2,0.5213311
LINGO1,0.52131796
APPBP2,0.52130026
ARHGEF3,0.52128553
APH1A,0.52128386
ARHGAP26,0.5212639
ZNF623,0.52125376
CLEC2D,0.52118576
SNAPC4,0.5211535
ARHGEF28,0.52110094
COL16A1,0.52109164
CHEK1,0.5210828
SNTB2,0.5210503
RNF135,0.52100325
ARCN1,0.52096325
UTP3,0.5209439
UROS,0.5209094
ARPC5,0.52090067
USP6NL,0.5208977
ATP8A1,0.5208972
XPOT,0.520791
BOP1,0.52077925
ASNS,0.52072304
ARPC1B,0.52072126
RBBP8,0.520687
NR2C2AP,0.5206712
ZNF530,0.52065635
CDS2,0.52064687
VAMP1,0.52061176
TBC1D1,0.52059877
CREB3L4,0.52058244
COX18,0.52050227
VPS54,0.5204802
NAA38,0.52046365
PTPRN2,0.5204443
TGFB3,0.5204346
ZNF546,0.5204153
AFG3L2,0.5204121
ARRB2,0.5203987
SKIL,0.52039546
XYLT1,0.5203845
PHF1,0.52035344
AGPAT4,0.52030534
TRIM3,0.52029085
ARF6,0.5202584
TSPAN12,0.5201948
CHMP6,0.520147
ALOX5,0.52011645
ACTR3B,0.52011096
METTL3,0.52004963
ARHGAP32,0.52003276
ARFGAP1,0.52003205
ASL,0.52002704
RAB40B,0.5200033
B3GNTL1,0.51999414
B4GALT4,0.5199925
VANGL2,0.51998925
CBX5,0.51998156
NCSTN,0.51994807
BICD1,0.51992834
RRP9,0.5199019
ZNF132,0.51988
UNC119,0.5198259
CDR2L,0.5198096
ECD,0.51976633
MRPS10,0.51975113
POP1,0.5197477
HSPH1,0.51974285
ARID5B,0.5197271
EXOC8,0.5197107
TP53INP1,0.5196947
ARHGAP31,0.5196897
ARPC2,0.51968336
ACTN1,0.5196725
TMEM216,0.51967007
PCGF3,0.5196665
ZNF691,0.51966465
PSMB6,0.519658
SCAMP1,0.51963633
LY86,0.51961964
GPR153,0.5196158
ACTR8,0.519578
SYNJ1,0.51957667
TTC26,0.5195619
DFFB,0.5195516
ALG13,0.5195467
ARL8A,0.5195332
PRICKLE3,0.51948005
APOL1,0.5194298
ATP6V1A,0.5194012
RTKN,0.5193936
ASF1B,0.5193935
CACNB2,0.51931477
AREL1,0.5193022
ZNF429,0.51929516
PQBP1,0.5192942
TXNRD3,0.51926744
CLN3,0.5192281
CYP2R1,0.51922536
APOBEC3B,0.5192248
PABPC1L,0.5192231
BTF3L4,0.5191566
CYTH2,0.51915073
ALDH1B1,0.5191446
BBS12,0.51914155
C2CD5,0.5190952
ARHGAP9,0.5190806
TIFA,0.5190748
ZNF516,0.5190741
SERPINB8,0.51906234
COPS7A,0.519062
ZKSCAN4,0.51906145
PTPN21,0.519045
PLCG2,0.51903045
CCNH,0.51901
CDK11A,0.5190078
ALG5,0.51900715
IL17RE,0.5189526
RCAN2,0.51890206
ANKLE2,0.5189006
CSTA,0.51884294
ATG12,0.51882344
APOBEC3F,0.51880354
API5,0.5187967
POLRMT,0.5187259
AGO4,0.51869744
COG2,0.5186893
CD99L2,0.51866907
PCYT2,0.5186633
BAG2,0.5186508
TOP3A,0.51863796
GBA2,0.5186378
BAIAP2,0.51863647
ARNT2,0.5186227
ASAH2,0.5186059
RENBP,0.51856154
AMPH,0.51848185
BCAR1,0.5184801
ZNF600,0.5184768
XPR1,0.5184215
CTH,0.51841354
AHI1,0.51837087
IL18R1,0.5183609
PNPLA6,0.51835454
BRD2,0.51835364
ZNF433,0.5183506
CDC25B,0.51833516
IFT80,0.51832557
CDKL5,0.51826644
BATF,0.5182483
IRF6,0.5182265
NT5C,0.5182101
CAPN2,0.5181669
SH3PXD2B,0.518166
ATP6AP1,0.5181427
ARAF,0.5181155
ZNF135,0.5181079
VPS11,0.51807487
LSR,0.5180204
VPS28,0.5180142
LAT2,0.5179741
DNAH17,0.51796144
CSTB,0.5179179
NLRX1,0.5179123
CENPA,0.5178497
COL5A3,0.51783013
APBB1,0.5178209
SAFB,0.51780975
FNTA,0.5178059
POMP,0.5178041
ANP32A,0.5177704
IFI16,0.5177457
TRIOBP,0.5176894
VPS33A,0.5176794
CC2D2A,0.5175469
CYB5R2,0.5175337
BET1,0.51752555
COPS3,0.51750773
RAD51D,0.51750505
ZNF34,0.51748747
BEND3,0.5174851
CHUK,0.5174812
ITGA4,0.51740456
NFKBIZ,0.51727736
ANO10,0.51725006
SSH3,0.517249
AGPS,0.5172462
TBL3,0.5172391
TJP2,0.5172268
RCAN3,0.51714265
PRDX4,0.51713157
STRADB,0.51713103
AKAP9,0.51712555
PSMC5,0.5171137
PRKAB2,0.5170503
TM2D2,0.51704806
BRD1,0.5169957
BLOC1S4,0.5169897
SLC39A4,0.5169761
MRPS17,0.5169497
USO1,0.51691353
RNF8,0.5169101
ATP6V1E2,0.5168711
TRIP11,0.51686704
BOLA3,0.5168426
E4F1,0.51681656
BHLHE40,0.5168029
MR1,0.5167708
ADD3,0.5167706
PGM2,0.51676786
AKR1B1,0.51675457
EME1,0.51675224
SMDT1,0.5167354
SYNCRIP,0.5166999
SDCBP,0.516637
PRKAA1,0.51660985
ADCY4,0.5166086
RPL17,0.51659167
AIMP1,0.51657057
C2orf49,0.5165387
AP5B1,0.51651084
CBY1,0.516508
GNLY,0.5164962
B9D1,0.5164852
FBXO45,0.51647294
ANGPTL4,0.5164519
TET2,0.5164208
TRAF3IP1,0.5164183
RELT,0.5163845
GGT1,0.5163785
NDUFB8,0.5163657
IFIH1,0.5163407
ARHGAP24,0.5163306
CAT,0.51632124
ATP2A3,0.5162712
RLIM,0.5162588
BMPR2,0.5162246
RPE,0.51620156
CASK,0.51618713
ZNF141,0.5161851
CLPP,0.5161748
TRPV4,0.51616544
COG7,0.5161577
ASAP2,0.5161568
BNIP3,0.516145
OSBP,0.516138
CBX4,0.51612234
CNOT4,0.5161101
RAPH1,0.5160973
PUS3,0.5160679
AP1M1,0.51599663
CPSF3,0.5159891
DPH3,0.5159689
ACADSB,0.51595277
TIMM8A,0.51594913
BAG4,0.51593447
NOL7,0.5159276
CDT1,0.5158694
CARD6,0.51586837
PLEKHM2,0.5158308
TRAPPC6B,0.5157817
RAB36,0.51576084
CCDC136,0.51575756
CLIC1,0.5157508
CMYA5,0.51573926
CAMKK1,0.5156722
PUS1,0.5156652
APOO,0.51565415
CLEC7A,0.51564264
APOBEC3C,0.5156288
TYSND1,0.5156152
ACSF3,0.5155705
FCER1G,0.51556766
CDK4,0.51556426
AKAP1,0.5155599
CCNK,0.51555973
CSTF2,0.5155317
METAP1,0.5155288
TCF7L1,0.51551926
CHMP4A,0.5155148
CHST7,0.51549506
CASP1,0.51545656
ITSN2,0.51544327
RHBDF1,0.5154262
AP5S1,0.51541066
ALDH18A1,0.5154037
MCRS1,0.5153891
STIM1,0.51538026
STX10,0.51537925
CDCA8,0.51532835
CDIPT,0.51531744
GSDMB,0.51531714
ANGEL2,0.51530963
B4GALT1,0.5152897
SERPINF2,0.51525164
COMMD3,0.5152359
AKAP8,0.5152248
NME3,0.51517504
ACTR3,0.5151449
TGFBR1,0.5151369
ECM1,0.51513517
ATP1B3,0.5151331
B3GALT4,0.51511973
ADAMTS4,0.5151188
ATG2B,0.51509726
ZFYVE16,0.5150828
COA5,0.51507145
SYTL2,0.5150616
GLE1,0.51505756
AK4,0.5150448
ALKBH5,0.5150248
VPS51,0.5150181
WNT2B,0.5149505
HVCN1,0.51492274
CD320,0.5149042
BRK1,0.51489794
ATP6V1B2,0.51488304
CD34,0.5148817
ATXN3,0.514874
XAB2,0.5148666
ADPGK,0.514858
ZNF493,0.5148498
RUSC1,0.51484036
ALKBH1,0.51481456
TMOD1,0.51479256
TBC1D10C,0.5147708
TRAPPC2L,0.5147602
ZNF335,0.5147551
BCS1L,0.51472086
CBLL1,0.5147132
TXNDC12,0.5147096
POLR2H,0.51470435
CERK,0.51469433
ZNF773,0.5146585
PPFIBP2,0.51461667
PBK,0.5146097
GLRX5,0.51460886
ZFAND6,0.5146031
CD248,0.5146023
CDON,0.5145836
ARL2,0.5145517
CHCHD2,0.5145414
PTGER4,0.514541
DGAT1,0.51450807
SARDH,0.51450294
ATP8B1,0.51449686
ASAH1,0.51445794
LRP10,0.5144537
C5AR1,0.5144397
PTPMT1,0.51434726
ATP8B4,0.5143447
DCTN3,0.51429206
TGM1,0.514286
SRCAP,0.51428044
ADSL,0.51425976
BRPF3,0.51424444
CAP1,0.51422477
SRP68,0.5142155
LAP3,0.5142108
ATP1B1,0.5142091
CFB,0.5142089
SPON2,0.5141586
ADAMTS12,0.5141077
ASGR1,0.5140866
HELZ2,0.5140777
PLEKHA3,0.51403683
TIMM23,0.51403266
BRF1,0.5140299
TEFM,0.5140284
STAMBP,0.513975
CDK5,0.5139631
HEYL,0.51396114
ADA,0.51394624
ADCY5,0.51393986
CHST14,0.5139009
ACO2,0.5138946
ACACB,0.51388305
MST1,0.5138213
BTN3A1,0.51381654
ZNF350,0.51380146
NR5A2,0.5137996
ADAMTS1,0.5137954
PGP,0.51378006
ARHGEF2,0.5137523
CNOT7,0.51374775
B3GNT7,0.5137413
C3orf38,0.5137163
CTPS2,0.51371276
CENPI,0.5136446
VPS37A,0.51360786
TMEM63A,0.51360613
SYTL1,0.5135995
ST8SIA1,0.51355547
APOBR,0.5135507
CACNB3,0.51353985
BRPF1,0.5135265
BTBD3,0.5135161
NDN,0.51351345
BTAF1,0.5135128
CYSLTR1,0.51350117
FBXL14,0.51347846
CNN2,0.51347315
AKR1A1,0.5134514
SLC1A1,0.5134412
FPGS,0.51343703
MRPL9,0.513436
CRY1,0.51341623
ATAD5,0.51339436
ADAMTS7,0.51336974
ATF2,0.5133689
COA6,0.5133615
COL11A2,0.5133339
CHCHD10,0.5133334
ATP6V0A2,0.51333046
ANAPC15,0.51332587
BLCAP,0.51327723
LMBR1L,0.51326
CRTC2,0.51325953
ZNF506,0.5132408
BRD8,0.51323247
ARF5,0.5132309
B3GNT5,0.51323056
ADNP,0.51322776
AP1G1,0.5132246
UBE2B,0.5132213
AZI2,0.51320106
U2AF1L4,0.5131848
DDX19A,0.5131767
CD2BP2,0.5131175
CLN8,0.5131079
ATG9A,0.513105
DDHD2,0.51309836
ARRDC3,0.5130834
CIT,0.51307803
RGS14,0.5130737
BAHD1,0.51305234
RPP40,0.5130399
CHMP4B,0.51303726
HPS3,0.51298225
BCAT2,0.512974
TRIM45,0.51297003
KLHL9,0.5129695
AURKAIP1,0.51296467
CCNG2,0.51295054
CBX3,0.51292074
CENPO,0.5129197
CD46,0.5129113
ATG5,0.5128716
ATG3,0.51286036
BRWD3,0.5128603
CLDN11,0.5128311
CDK19,0.5128289
SNAP29,0.5127736
BLVRB,0.51274127
TRPM2,0.51273936
MAU2,0.51269656
SRD5A3,0.51267517
TBX19,0.51264393
ASB2,0.5126424
ERCC8,0.5126263
PSMC3,0.51261586
CDC42BPB,0.5125715
TTC37,0.51256686
ZNF836,0.5125599
MLH3,0.51254904
EXOSC8,0.5125462
TCTN3,0.5125162
C6orf120,0.51251066
BLOC1S5,0.5125013
ZNF354A,0.5125005
FRK,0.5124841
RIT1,0.5124006
CD163,0.5123874
AGFG1,0.51237863
ADIPOR2,0.5123753
CMTR2,0.5123638
AP4E1,0.5123513
BAZ2A,0.5123475
TFAP2E,0.5123404
DCLRE1B,0.5123301
AP5Z1,0.512325
POLG2,0.5123231
PLCL2,0.5123022
ATG4C,0.51224715
CA2,0.5121869
CLTA,0.5121582
CACNA2D4,0.5121364
ITPKB,0.5121345
CD58,0.51213264
RCL1,0.5121261
BCKDK,0.5121238
POLI,0.51212204
ARHGEF40,0.5121196
ZNF416,0.5121046
PLEKHG2,0.5120879
PDK4,0.51202667
ARHGAP39,0.51200926
ZFP1,0.5119893
ANGPT2,0.5119882
TEAD2,0.51187295
UBE2D4,0.511862
ALKBH6,0.5118597
ETHE1,0.5118517
AIF1,0.5118511
ZNF528,0.51183087
SYNE3,0.51182777
DENND1C,0.5117977
RNGTT,0.51179326
DRG2,0.5117541
MAPK7,0.511754
AGA,0.5117473
ZDHHC8,0.51173586
PLA2G4A,0.5117311
DOLK,0.51171106
ACLY,0.511699
BBS5,0.5116678
LEF1,0.51166594
HIVEP3,0.511654
CCR7,0.511557
ALDH1A3,0.511554
PEX10,0.51154745
AP3M2,0.51153326
AP5M1,0.5115289
STRIP2,0.5115196
CCDC22,0.5114774
CHST12,0.5114581
TTC12,0.51145625
ATP6V1C1,0.51144636
ATP7B,0.5114053
CPT1B,0.51138514
MS4A6A,0.5113818
SPTLC2,0.5113809
ARHGEF37,0.5113653
ASB1,0.51135623
PPCS,0.5113378
ARHGAP19,0.51127404
PTAFR,0.51117593
CD2,0.5111718
SUPT16H,0.5111645
BCKDHA,0.5111199
CRY2,0.5111166
SH3GLB1,0.5111148
CALCOCO1,0.5110915
ARL4D,0.51103276
MAGOHB,0.5110048
BMP1,0.51100343
MRPS36,0.51096815
OSBPL1A,0.5109539
DCAF10,0.51095283
HSPB1,0.5109057
CBFB,0.5108967
IFNLR1,0.5108894
TPRKB,0.51088697
CELSR3,0.51088226
CHD9,0.51086676
CAPN7,0.5108541
AMY2B,0.51085275
ADORA2B,0.5108315
SEMA4C,0.51081914
AP1G2,0.5108015
NUTF2,0.510788
CMTR1,0.51078176
ZNF398,0.51074487
CTSF,0.510717
EMC9,0.5107162
NOSIP,0.5106997
NMI,0.5106663
TMEM115,0.51066417
BTN2A1,0.5106334
SNAP47,0.5105799
REPS1,0.5105598
RIOK1,0.5105494
CBR4,0.5105485
TIAM1,0.5105476
ARHGEF6,0.51050407
E2F4,0.51049054
TNFSF10,0.510483
CRADD,0.51046747
MEPCE,0.51045984
CAPN1,0.51044285
PPIL6,0.51043904
ARID3A,0.51043695
AIFM2,0.5104251
RTN4R,0.51041573
ADAMTS9,0.5103889
CENPH,0.5103787
CTPS1,0.51036793
IL4R,0.51034504
DCAF4,0.5103441
GIMAP8,0.5103356
SEC62,0.51033556
SERGEF,0.5103346
E2F2,0.51032054
CLHC1,0.5103139
DCN,0.51029444
ADCY1,0.51027524
ADAMTS2,0.51024836
ATG10,0.5102327
RBM45,0.5102177
ARHGEF19,0.5102002
GBP3,0.5101735
ADAMTS14,0.5101711
AFF4,0.51014495
KLHL20,0.51013076
ATRN,0.51012486
PTPN7,0.5101079
TRUB1,0.51008177
CIB1,0.5100204
CMC4,0.5100181
EXOSC10,0.50999177
ACP1,0.50997156
ACOT1,0.5099433
SETDB1,0.50993794
BAK1,0.50993717
CDK3,0.50993705
CNOT8,0.5099233
MLPH,0.50991285
CD200,0.5099112
CCDC174,0.5099006
MRPL45,0.5098972
CPT1A,0.5098899
MAOB,0.50988775
CEBPZ,0.5098783
AGPAT3,0.5098767
CD300A,0.5098708
CREB5,0.50984955
SOCS5,0.5098487
MFSD10,0.509844
CBX8,0.50984186
DCUN1D3,0.5098409
BTRC,0.5098243
CCDC88C,0.50982183
THSD1,0.50981647
ARPC1A,0.5098125
RAB14,0.50976014
STK38,0.5097367
BBC3,0.5097353
AGPAT5,0.5097296
AKR1C1,0.50967336
SYP,0.5096625
BPTF,0.5096581
DPY30,0.5096513
CLIC2,0.509643
DDX20,0.50963676
ARHGEF9,0.5096238
ATP6V0E2,0.509622
CDK14,0.50960505
CAMK1,0.5095924
ARAP1,0.5095852
TNXB,0.50958276
PDLIM7,0.50955385
FZD5,0.50955045
TRMT10C,0.5095417
HERC6,0.50953805
PLSCR1,0.50953335
CYP2S1,0.5095301
ALS2,0.5095252
TRPV2,0.5095184
AGPAT1,0.5095158
ZNF674,0.5094862
TNFRSF1A,0.5094798
CYP2U1,0.50945544
ANO1,0.5094496
B3GNT2,0.50944847
ALMS1,0.50941885
SNTB1,0.5093894
PTH1R,0.5093635
ARL14EP,0.5093566
CWF19L2,0.5093354
CAMLG,0.5093106
PARVG,0.5093078
ATM,0.5093013
SPSB2,0.50930107
BMP2K,0.5092608
CEP57,0.5092549
CD86,0.5092481
ANKRD28,0.50924754
BATF2,0.509224
CCDC59,0.50921434
PGF,0.5091671
SFN,0.5091631
BDP1,0.50915545
CBX7,0.50913805
ATP6V1H,0.50912076
RPA2,0.50909895
IRF2BP2,0.5090789
ATP6V0B,0.5090415
LY96,0.509033
CDK5RAP3,0.50903296
ADAM28,0.50899637
ARSJ,0.50897413
ELK1,0.5089545
TRUB2,0.50892234
CACNA1C,0.5089189
ATP6V1D,0.50891525
GRB2,0.5088987
RAB21,0.5088971
ATP13A2,0.5088967
C3,0.50887567
ARHGAP25,0.5088634
CDH6,0.5088556
SLC22A17,0.5088369
C1orf162,0.5088335
DPCD,0.50882536
ANAPC16,0.5088124
CNN1,0.50879747
USP21,0.50878996
APRT,0.5087794
ACYP1,0.5087655
ATP2A2,0.5087389
PPP1R10,0.50873053
AKR7A2,0.50872636
HAVCR2,0.5087248
COG8,0.50871575
CCDC97,0.50863296
SNX18,0.5086088
COG6,0.50860786
DLL1,0.5085983
HPS5,0.508591
PRPS2,0.5085791
L3MBTL2,0.50856817
COMMD6,0.5085526
CLSPN,0.50854445
MED8,0.5085403
SULF1,0.5085375
SIVA1,0.5085342
BRCC3,0.508532
MCM10,0.5085294
AIFM1,0.5085032
CAB39L,0.5084847
ATAD3A,0.5084685
TRNAU1AP,0.50846773
MUC3A,0.50846094
DNAAF2,0.5084574
CTC1,0.5084505
ZNF419,0.508441
CDC14B,0.5084381
ACTG2,0.5084192
AIMP2,0.50841516
GADD45A,0.50841326
CCNDBP1,0.50841326
TNFRSF25,0.50836885
RSAD2,0.50836414
CFD,0.5083473
AKAP5,0.50833666
ATF4,0.50833565
COL6A3,0.50832677
STARD3,0.50830734
AIP,0.5082995
ADIPOR1,0.50828934
KCNAB3,0.50827605
GFER,0.50827116
SGIP1,0.5082576
BNIP3L,0.50825137
COASY,0.5082222
FOLR2,0.5081858
TMEM126B,0.5081689
EOGT,0.5081635
ATXN10,0.5081568
TBC1D24,0.5081497
AHSA1,0.50814754
RPL18A,0.5081168
ASB6,0.5081096
OIP5,0.50810903
CKAP2L,0.50810754
ATF6B,0.5080918
CRAT,0.50808024
VPS37D,0.50807524
CKLF,0.50806314
RAB11FIP5,0.5080505
ARFRP1,0.5080374
COPG1,0.50802594
CENPK,0.50802594
ATXN2,0.50801855
ATP6V1C2,0.5080154
DERL3,0.5079532
DMPK,0.5079297
UPF3B,0.5079088
ADRM1,0.50788486
ADD1,0.5078812
THAP11,0.5078763
EAPP,0.5078742
BIN3,0.507857
ANO7,0.507837
ITGA7,0.507809
C1R,0.5078003
FPR3,0.5077931
ATAD2,0.5077881
AAK1,0.50778323
PGRMC1,0.50776494
CNNM4,0.5077591
RHOB,0.5077493
MAN2A2,0.5077441
EVC2,0.50773877
ATOX1,0.50773215
TP73,0.50769526
INMT,0.5076856
CACNA2D2,0.5076804
CYP27A1,0.5076702
FIBP,0.50764954
CXCL14,0.5076399
COPS8,0.50763845
CCP110,0.50763303
CFL2,0.50762695
LRRC8E,0.50762033
CABLES2,0.50760275
APH1B,0.5075915
YTHDC1,0.50759
CNOT6L,0.50758284
CEBPB,0.5075728
PER2,0.50757265
PLK4,0.5075644
USP35,0.50754225
CDK13,0.50749093
PSMD9,0.5074579
ADAM23,0.5074325
INTS8,0.5073936
ATP1A3,0.5073902
ACOT11,0.5073702
CCR10,0.50733894
TPK1,0.5073382
CIR1,0.5073369
ADCY3,0.507332
RNF216,0.50731856
LGI4,0.5073157
COL1A2,0.50729465
CMPK1,0.50729364
ACSL4,0.5072892
ORC5,0.5072855
UBE2E1,0.5072712
DIMT1,0.5072679
DCAF15,0.50725484
ZNF254,0.50725424
EIF2B4,0.5072511
APOC1,0.50724363
AHCYL1,0.5072213
RWDD3,0.5072204
FUT2,0.5071985
BMS1,0.5071971
MOK,0.5071868
ALDH7A1,0.5071719
COX7B,0.50716233
CTSA,0.50713676
CROT,0.50710225
STX11,0.50708675
TLE1,0.50708073
CMAS,0.50706446
ALPK1,0.50705814
ZNF418,0.50702304
METTL21A,0.5070102
GIPR,0.50701
PNPLA4,0.50700366
F13A1,0.5070017
STT3B,0.5069902
S100A3,0.506965
ING4,0.5069581
EFCAB7,0.5069576
ARMC8,0.5069321
SIRT5,0.5069282
RPP21,0.50689775
PJA2,0.5068807
SVIP,0.5068265
SEMA5B,0.50681895
NID1,0.5067814
CDC23,0.5067704
C17orf75,0.50675106
CORIN,0.5067175
LIN37,0.5067105
FDXR,0.5067069
SMG8,0.5067052
CX3CL1,0.50669765
RAP2B,0.506695
DUSP1,0.5066853
CELSR1,0.5066491
ACTA2,0.50664395
CNTNAP1,0.5066278
DUSP6,0.5066105
MRPL27,0.50660825
RILP,0.5066024
CD27,0.5065633
ATP1B2,0.5065523
B4GALT3,0.5065399
CKS2,0.50653774
DOCK8,0.50652015
CGNL1,0.5065138
PNN,0.506513
ASS1,0.5065112
EARS2,0.50650245
ACSM3,0.50649893
PFAS,0.5064899
CD53,0.5064827
ASAP3,0.50647676
ALKBH8,0.5064735
ARL4A,0.50645465
LXN,0.50643045
GNG5,0.5064232
ANKRA2,0.5064085
CPE,0.50640786
CALM2,0.5063908
CD6,0.5063802
CDK6,0.50637007
COQ3,0.5063676
TRPC6,0.50635093
TNFSF12,0.506345
MLEC,0.50632626
BRAP,0.5063252
CDH23,0.5063022
CARD9,0.50628245
APIP,0.50628096
XRCC4,0.5062196
PIWIL4,0.5062131
ARHGAP6,0.50620925
ACSS1,0.506194
ADCY7,0.50616145
TUBGCP6,0.50615525
TNFRSF12A,0.506138
ARSA,0.50613695
ARHGAP12,0.50612885
TMEM176A,0.5061211
CDC5L,0.50611633
AAMP,0.5061052
ADAMTS13,0.5060965
CHRAC1,0.5060851
MAN2B2,0.506047
DENND2A,0.5060347
CPOX,0.50603217
FLNC,0.50602704
IL12RB1,0.5060131
CLDN1,0.50601137
ADAM19,0.5059759
ARL6IP5,0.5059606
ANO9,0.5059449
AP2S1,0.50592893
CABLES1,0.5058532
PTGIR,0.50585175
STAT2,0.50582516
EIF3M,0.5058248
ARHGAP4,0.5058219
CLCN7,0.5058159
CHAF1A,0.50579804
ITGAM,0.5057682
NMNAT2,0.5057662
BUD31,0.50576335
CHST15,0.50573844
RAC3,0.505737
RECK,0.5057342
ATP2A1,0.5057143
DHRS1,0.50570136
TGIF1,0.5056934
CHMP5,0.5056431
ACAT2,0.50563854
POLL,0.5056327
AQP3,0.5055618
ARHGAP30,0.5055438
C2,0.5055258
HES1,0.50550705
C17orf80,0.5055015
SGMS1,0.5054931
POSTN,0.5054758
ALAD,0.5054437
PFKFB4,0.50542176
ATP7A,0.50541425
BIN2,0.50540906
DXO,0.5053915
ARHGAP27,0.5053801
IL7,0.5053752
CD68,0.5053691
GLYCTK,0.5053417
FBXO4,0.50531745
OLR1,0.5052993
ATP6V0C,0.50529796
AFTPH,0.505269
CD83,0.5052657
FUNDC1,0.50526094
EPHX2,0.5052453
CDC34,0.5052193
BFSP1,0.505208
CHTF18,0.5052071
ACP5,0.50519526
DERL2,0.50519305
SCLT1,0.5051675
CMTM1,0.50515866
ABCB10,0.5051473
AUH,0.50513977
ANAPC1,0.5051389
CYP7B1,0.5051292
ACTR6,0.5051291
CPSF7,0.5050562
UNC45A,0.50503933
EYA2,0.5050294
FCGR2A,0.50501996
CHAF1B,0.5050156
ZNF641,0.50501
DYNLT3,0.50498885
GGT5,0.5049853
AKTIP,0.50497764
FOSB,0.5049309
BGN,0.5049284
KIAA2013,0.5049278
CDCA2,0.50492257
AP4B1,0.504919
THRA,0.50491136
BAMBI,0.50488365
CENPN,0.5048817
CBR1,0.5048456
UNC119B,0.5048285
RCCD1,0.5048282
LIPE,0.5048226
EXOC3L1,0.50480396
S100A9,0.5047995
TRIP6,0.5047907
PSME4,0.5047897
ATRIP,0.5047806
IFT27,0.5047712
CCDC115,0.50477016
APBB1IP,0.5047633
ARSB,0.5047627
ADAM10,0.50476253
ADAM17,0.5047325
ARHGAP33,0.5047304
ETNK2,0.50471896
ACTR1A,0.5047053
DCP1B,0.50470334
ARFGAP3,0.50469726
AKR1B10,0.5046908
PCDHB10,0.5046827
SLC4A11,0.5046625
SUOX,0.5046232
PCDH1,0.5046202
CRMP1,0.5046141
TEK,0.50461113
ANAPC2,0.5046068
ARHGAP18,0.50458723
SLIT3,0.5045785
DACT1,0.5045623
BLOC1S2,0.5045609
RYBP,0.5045216
ALDH5A1,0.50449055
ABCC1,0.5044888
CKAP2,0.5044487
STAG3,0.5044419
ARHGEF26,0.5044334
AK1,0.5044306
LDB2,0.50443035
USP49,0.5044254
CREG1,0.50441587
ZNF175,0.5044042
RFX2,0.5043849
SH2D3A,0.50437313
CTSL,0.504362
BACE2,0.50434095
VPS26A,0.5043163
TOR1A,0.5042976
ACOX2,0.5042559
ACOT7,0.50423867
PTK2B,0.50421077
ACE,0.5041937
PYCR2,0.5041816
CDCP1,0.5041719
CEP97,0.50416666
DPM1,0.5041651
CCNL1,0.5041634
GBP5,0.50415075
ANAPC13,0.5041477
CAMKK2,0.5040917
CDKN2AIPNL,0.50404507
BAG3,0.50403863
DHRS4,0.5040314
LGALS9,0.50402755
CSF1,0.5040245
ASRGL1,0.5040163
ACTL6A,0.5040088
WDR61,0.5040021
CD1D,0.50399506
IFIT1,0.50399435
AKR1C2,0.50398326
DHRS11,0.50397485
BCL7B,0.5039723
ADAM15,0.5039706
RRAS,0.5039645
ARL16,0.5039485
BACH1,0.50394833
IFT46,0.503932
BNIP1,0.5039289
LDLRAP1,0.5039109
DYNC2LI1,0.50386685
BDKRB1,0.50386125
ZNF221,0.5038535
RGS19,0.5038531
CASP4,0.50383866
KATNA1,0.50383174
KIAA1549L,0.50382155
APBB3,0.50379443
CTHRC1,0.5037841
LMCD1,0.5037574
CAPN10,0.5037499
POU2F2,0.50372654
CDC25A,0.5037241
AADAT,0.50370395
CASZ1,0.5036961
ALG3,0.50369036
AGER,0.5036449
RXRB,0.503632
CUL7,0.50361747
UBR1,0.5036165
GIPC1,0.5036091
FLT4,0.5035951
COX11,0.5035584
ACSL1,0.5035516
ZNF2,0.5035467
CBLB,0.5035438
BCL7C,0.50353664
ARHGEF4,0.5035292
TRRAP,0.5035274
CDC40,0.50350416
TIMM17A,0.50348884
COL18A1,0.5034657
CETN3,0.5034333
CCNYL1,0.50342935
ABCF1,0.50341564
ARRB1,0.50338256
ACAD9,0.503375
TNKS,0.50337034
TECPR1,0.50337
CDCA3,0.5033623
SENP8,0.50335175
ECE2,0.50333214
FJX1,0.5033307
SLC9A1,0.50332826
TAF8,0.5033168
RHOT2,0.5033166
PPP1R18,0.50331086
C12orf66,0.5033059
NDUFAF4,0.5032988
ACVR2B,0.5032877
CPNE3,0.5032846
EIF2B2,0.50328386
CXCL10,0.5032698
SLC39A1,0.5032625
LRWD1,0.50325364
ACADVL,0.50324833
RASAL3,0.5032451
CLDN15,0.50323975
BECN1,0.5032352
F8,0.5032261
ACOT13,0.5032184
ACBD3,0.50320697
CLEC2B,0.5031986
ARL6,0.50319064
SLC30A4,0.50318736
CD38,0.50318265
ACAD8,0.50317764
CTSO,0.50315046
EVPL,0.5031283
BIRC2,0.50311863
STRADA,0.5030854
SPRED2,0.5030816
ABR,0.5030606
CDK17,0.5030514
HCAR2,0.5030282
COPZ2,0.50302535
DAPP1,0.50301576
BATF3,0.5029944
GGPS1,0.5029826
SDF2,0.5029695
DDX60,0.502964
ACAT1,0.5029564
ADAT2,0.50294304
AGAP2,0.5029318
AMPD2,0.50292915
CKAP4,0.5029264
ACAA1,0.5029158
HSD17B1,0.50290686
P4HA3,0.5029055
PRPF31,0.50290257
CCT6B,0.5028956
DDX18,0.5028765
ACOX3,0.5028652
CD48,0.50286365
STAT4,0.50286347
BRIX1,0.5028613
CDK2,0.50285137
C1D,0.50283563
C9orf72,0.50281453
MAN1C1,0.5028021
ARL1,0.50276613
AK9,0.50273585
AGPAT2,0.50273466
ANXA7,0.5027164
ACOT2,0.5027123
LMAN2L,0.5027001
ABTB1,0.50269794
ABCD1,0.50268483
EMC3,0.5026793
EID3,0.5026791
B3GNT4,0.5026759
AOC3,0.5026739
ADPRM,0.5026589
COMMD8,0.5026527
SLC22A4,0.50264305
CALCOCO2,0.5026382
ACSS2,0.50263244
CARF,0.50262386
NCF4,0.5026195
MYO5B,0.5026084
ACER2,0.5025999
BID,0.5025804
ACD,0.5025774
CES4A,0.5025549
C2CD2,0.50253963
APAF1,0.50253737
DNAJC3,0.50252813
SNCA,0.50252473
SPSB1,0.50251675
AGK,0.50250787
CIDEB,0.50250685
NDUFA13,0.502486
BLNK,0.5024737
CERS6,0.5024723
ALDH1A1,0.5024686
EIF1B,0.50245714
SPRTN,0.5024385
COQ6,0.50240153
AXL,0.50238657
BCAP31,0.5023687
S1PR4,0.50236833
CXADR,0.5023535
INPP5K,0.5023505
REXO4,0.50233823
CLDN7,0.50232714
BOC,0.5022986
ADAMTS10,0.5022887
ANTXR2,0.50228083
HYI,0.5022753
ADRA2A,0.50224966
ANO2,0.50224704
ADAM22,0.5022419
FN1,0.5022368
DBNL,0.5022294
IMPA1,0.5022276
ADCY6,0.5022263
BCL2L11,0.502217
CAPG,0.5022126
COMMD5,0.50220853
CATSPER2,0.50220454
ACVRL1,0.5022019
ALG10,0.5021703
STUB1,0.5021664
ACSL5,0.50215405
ARSK,0.5021529
PRKAB1,0.50214535
ACADS,0.5021449
IL17RC,0.5021398
DNAH1,0.50213856
DPH5,0.5021232
DONSON,0.5021179
TP53I3,0.50210285
CLIP2,0.5020895
PPP2R3C,0.5020891
PSMB3,0.5020807
DHPS,0.50207806
BMF,0.5020684
E2F8,0.50203156
AGGF1,0.5020283
ORAI3,0.5020157
CACNA2D1,0.5020146
ALDH16A1,0.50200725
CD5,0.5020024
ALAS1,0.5019981
ANPEP,0.5019918
BYSL,0.5019764
USP39,0.50195783
GPER1,0.5019286
BMI1,0.50192785
DOLPP1,0.5019133
ANXA1,0.501907
DMWD,0.5018812
TCEAL1,0.501852
SIRT3,0.50183976
SLC35B1,0.50183606
SNAI1,0.5018214
ABCD3,0.501804
GRK4,0.5018008
CMTM4,0.5017918
CERS4,0.50178164
DTX4,0.5017803
MRPS35,0.5017587
INHBB,0.50174665
OTUB1,0.5017406
MCMBP,0.50173247
BRWD1,0.50171995
AGTRAP,0.5017179
RTN4IP1,0.50171167
ADAM9,0.50171095
CHID1,0.50171036
IKBKE,0.50170994
DYRK2,0.5016777
GDF15,0.5016557
SEC22C,0.50164884
EPHA4,0.50163025
DALRD3,0.5016278
DNASE2,0.50161374
CCL4,0.50158644
AMOT,0.5015817
CCNL2,0.50157857
PPP1R3D,0.5015779
FERMT3,0.50151056
ALYREF,0.50149
CD9,0.50148743
ROBO3,0.50148046
CDKN3,0.5014795
CPEB2,0.50147265
ACTR1B,0.5014694
ECHS1,0.5014556
RGS17,0.5014539
POLR1A,0.50144595
RALGPS2,0.5014352
PLEKHG6,0.50143343
CDK8,0.50142586
ARPP19,0.5014064
CSNK1A1,0.5014034
RNF103,0.50137466
KCNC3,0.5013742
AAAS,0.5013535
ERMAP,0.50134677
GFI1,0.5013441
RBCK1,0.5013123
DOCK11,0.501308
TBX2,0.5013035
FGD5,0.50128734
AP4S1,0.5012824
ABI3BP,0.50127393
ABHD12,0.5012707
SGPP2,0.5012547
APBA3,0.5012536
GDPD1,0.5012439
CHN2,0.50123245
ST8SIA4,0.5012174
ARNTL2,0.5012034
ATG2A,0.50119644
ADM,0.50118124
ALG6,0.50117326
SLC25A25,0.5011715
SRPX2,0.50115955
MOCS2,0.50115085
RASSF6,0.50111187
DYRK1B,0.50110495
ALDH4A1,0.50109756
BRF2,0.50109655
B3GAT3,0.5010909
CAP2,0.5010556
FCHO1,0.50104576
DCHS1,0.5009997
GEMIN6,0.5009826
KRT10,0.5009811
GALE,0.50097567
NOL6,0.5009595
IL1R2,0.5009526
CDC37,0.5009503
BAG5,0.5009377
PAIP2B,0.5009367
TUBGCP5,0.50091714
BSCL2,0.50091505
BLZF1,0.50091225
AASDHPPT,0.5009074
COX10,0.50090027
ACOT4,0.50088835
ALKBH3,0.50088763
DYNLT1,0.50088274
CBR3,0.50087273
WBP4,0.5008593
CWC22,0.5008532
CLEC3B,0.5008438
ITGA2,0.50082624
ACOX1,0.5008256
ANKRD27,0.50082296
AACS,0.500822
RAB13,0.5008177
BCKDHB,0.50079495
CCNB1,0.5007542
HUS1,0.5007491
RAMP3,0.5007438
BBS10,0.500727
GPS1,0.50071746
AKT1S1,0.50070727
BCL2L2,0.50068516
HEY2,0.500682
ABLIM3,0.50065744
NCF2,0.50064796
CHST1,0.5006438
DLG4,0.5006358
PIGT,0.50061643
TRAPPC5,0.5005924
ODC1,0.50057733
C15orf48,0.5005657
COL17A1,0.50056505
HOXA7,0.5005588
CSPG4,0.50055456
CCAR1,0.5005446
ABCF3,0.50053835
ACADM,0.50053436
PLOD3,0.500533
ZNF467,0.5005257
DENND4A,0.5005118
UFC1,0.50050896
EIF3K,0.50050795
GAB3,0.50050414
AMDHD2,0.50048745
ABCD4,0.50047725
AASDH,0.5004707
DCTPP1,0.5004582
HOPX,0.500454
ACO1,0.5004468
ACAP1,0.500443
PREPL,0.50043535
RASGRP2,0.5004349
CLK4,0.5004305
ALG11,0.50041604
ACP2,0.50041145
ATG4D,0.5004077
AMPD3,0.50039214
COIL,0.5003919
CDC42EP4,0.50038654
ABCE1,0.5003858
ITGB3,0.50037026
ABI2,0.50036514
DHX8,0.50035894
SLC1A3,0.5003338
CEBPG,0.50031716
RPN2,0.50031585
ABLIM2,0.50030136
ACTR10,0.5002798
COLEC12,0.5002736
PLK3,0.50027215
ABCB4,0.5002561
EFNA3,0.50025266
ARSG,0.50025135
CDK9,0.5002431
PPP2CB,0.500237
ATG4A,0.5002243
DPM3,0.5002218
MAP1A,0.5002189
EBNA1BP2,0.50021005
CASP7,0.50020796
ATF7,0.50020784
GSPT2,0.50020266
AATF,0.5001999
IL2RA,0.5001903
A1BG,0.5001869
ABCA1,0.50018257
ACER3,0.5001758
AASS,0.500175
IFT20,0.5001517
DDX51,0.5001422
ABCA7,0.5001404
ABCC3,0.5001349
DAPK3,0.5001319
BBS7,0.50013137
LTB,0.500122
MLX,0.50011903
CENPT,0.5001154
DENND2D,0.5000888
ABI3,0.50008816
SLC40A1,0.50008136
ATG16L2,0.500081
ABCA2,0.50007695
ABCB6,0.500061
ABCF2,0.5000553
AARS2,0.50004405
BCAT1,0.50004154
CHCHD6,0.50003177
CDK2AP1,0.5000227
ANP32E,0.5000183
ABCG1,0.5000155
CRYZ,0.50000966
C7orf26,0.50000423
BPNT1,0.4999715
LMF1,0.49992752
ADAMTS5,0.49992514
REEP4,0.49991608
CD36,0.499898
GNA14,0.49988714
PORCN,0.49987152
BLOC1S6,0.49985752
PPIL4,0.4998552
CCDC80,0.49980578
SCAP,0.49979016
BCAS2,0.49976492
DUSP4,0.49974287
ARHGEF25,0.4997401
TFCP2,0.4997367
CDK1,0.49972394
TAF5,0.49972335
ARNTL,0.4997228
RAB20,0.49969023
BTD,0.49969
TNFRSF10D,0.49968728
ARL2BP,0.4996719
PADI2,0.49961215
DUOX1,0.49961215
ARG2,0.4996119
AP1S2,0.49960715
ESD,0.49959347
CREB3,0.49956468
COQ10A,0.49955538
CEP250,0.49948877
LILRB2,0.49948853
ALG14,0.49945724
PSMB5,0.49943143
ASCC1,0.4994232
HNRNPH2,0.49942195
RPIA,0.49941024
PEX12,0.4993694
OAS2,0.4993602
FAM114A2,0.4993482
TPCN1,0.4993252
FRZB,0.49931228
RHOT1,0.4992851
KIF26A,0.49925748
TXK,0.49924144
GINS3,0.4992299
CD96,0.4992197
COL27A1,0.49921694
EGR3,0.499216
SCFD1,0.49921072
MRPS2,0.4991987
FZD8,0.499163
CAPNS1,0.49913266
APOBEC3G,0.49912107
DNAJB11,0.49908793
DMXL2,0.49907914
COMMD2,0.49907237
CTNNBL1,0.4990618
DHX58,0.4990573
VPS18,0.49905622
GABPA,0.49904928
BMP2,0.499047
COX6A1,0.4990257
ERGIC2,0.49900416
APLF,0.49900034
CCL5,0.49899837
CMTM7,0.498995
PYGM,0.4989603
TYW1,0.4989364
FPGT,0.49892703
MTX1,0.49891374
C17orf49,0.49890983
CYCS,0.49889433
RIN1,0.4988817
SPRY1,0.4988785
PSMA2,0.49887696
GCDH,0.49885547
KCNJ2,0.4987897
MAP9,0.49877217
CLDN4,0.4987361
PAQR5,0.49872562
COG1,0.4987223
DIS3L,0.49871886
POLR3B,0.49871746
FUCA1,0.4987002
GMPPA,0.49868923
CACYBP,0.49866864
HSD17B8,0.49865702
ADAMTSL4,0.4986482
PRKCH,0.49864125
SEC23B,0.49863344
CCNE2,0.49861446
KLHDC2,0.49859563
SECISBP2,0.49859136
COQ10B,0.4985821
GADD45G,0.49857548
GRAP,0.49856633
FEZ1,0.49856326
SIN3B,0.4985626
HAGH,0.4985238
ELOVL7,0.4985187
PTGS1,0.49848682
GLIPR1,0.49848574
EGR2,0.49848148
ASB13,0.4984654
LOXL1,0.49845773
EMC8,0.49845695
SKA1,0.49843648
TBC1D8B,0.49842724
MMAB,0.49841747
DCAF13,0.49840674
ANKZF1,0.4984052
GEMIN2,0.49837777
LCP2,0.4983717
UFL1,0.49835315
ENPP1,0.4983397
CXXC1,0.49833816
PPP2R5B,0.49832857
CCNG1,0.49830678
BUB3,0.4983006
COQ5,0.49829382
DUSP19,0.49827424
RORC,0.49827167
MBD1,0.49826297
NFIL3,0.4982599
B3GALNT1,0.49825504
BMP8B,0.49823067
CLUAP1,0.49820787
GPR183,0.4982078
COL9A2,0.49819872
SESN1,0.49819776
GBP2,0.49819008
ARL3,0.4981864
MYLK,0.49818575
DPH1,0.49814954
COX6B1,0.49814078
DUSP10,0.49811742
TFIP11,0.49811557
DDX28,0.4980902
CCDC86,0.49807766
MLYCD,0.4980769
CEP350,0.49807352
CNIH1,0.49807268
COL6A2,0.49800858
TTC30A,0.49800774
TESK1,0.49800533
DOK1,0.4979575
CHERP,0.49795642
CDC42,0.49794248
IL17RB,0.49792787
IL11RA,0.4979269
DOCK6,0.49791518
LRP3,0.49784714
TERF2IP,0.4978436
GCC1,0.4978426
CXCL1,0.49781743
ELMO3,0.4978128
DDX58,0.49778333
CHCHD5,0.49777973
DCAF12,0.4977743
SMAD7,0.49776343
COL6A1,0.49771073
DECR1,0.49769953
ZNF354C,0.49766427
LRRC4B,0.49765658
NEIL1,0.49763516
PEX16,0.4976237
LSM10,0.4976217
AJUBA,0.49760175
CCDC93,0.4975994
MRPS22,0.4975837
SPRED1,0.49757835
CYB5R1,0.4975607
TRIP13,0.49755758
FKBP2,0.4975179
KIAA0513,0.49750695
FCGRT,0.4975066
CTTNBP2NL,0.49748263
NSMCE1,0.4974791
IL2RG,0.49745587
CENPQ,0.497451
CSTF1,0.49744666
ME3,0.4974389
SEMA4B,0.497381
NFAM1,0.49734625
POLA2,0.49734497
BTF3,0.49733704
LIN7A,0.49731135
SNRPE,0.4973074
LMAN2,0.49729967
HYLS1,0.4972901
DOCK7,0.49727702
DNAJA4,0.4972326
GNG11,0.4972124
SLC18A2,0.4972103
PSTK,0.49719298
IL17RA,0.49719197
ICAM3,0.49717894
HERC5,0.49717346
FKBPL,0.4971503
PAGR1,0.49712703
COTL1,0.4971043
SF3B4,0.49710247
CDH5,0.4970982
LTF,0.49709657
COG4,0.4970928
NPR1,0.4970809
ING2,0.49706286
PBDC1,0.49704686
MIEN1,0.4970426
CRTAP,0.4970398
F5,0.49702257
NSDHL,0.49701706
MAOA,0.49700361
CHPF2,0.4970022
DDX19B,0.49698997
GMPR,0.4969895
SMNDC1,0.4969839
CHMP4C,0.4969836
ENGASE,0.49695933
ITGAL,0.4969551
BOLA1,0.49693984
B4GALT7,0.49693954
CNTRL,0.49689692
MMP28,0.49687457
KHK,0.4968729
HLA-DMB,0.49685055
FGD2,0.49682358
SLC35A1,0.4968223
CERS2,0.49680522
ARL4C,0.4968004
DSC2,0.49679193
ORC2,0.49678287
GALNT3,0.4967825
SSBP1,0.4967773
PLD6,0.4967465
FHL1,0.49674356
CEP290,0.49672356
SMAD9,0.49671486
RPS6KB1,0.49671075
CTSK,0.4966872
PPFIA4,0.4966805
COL5A2,0.49667463
FBXL12,0.49664918
NDST2,0.49663594
TAF1,0.49661306
SNX33,0.4965937
FBXO6,0.4965583
CNNM3,0.49654928
TNFSF13,0.496534
TMED5,0.4965264
LSM4,0.49652457
MALSU1,0.4965221
STX4,0.49649554
GALNT14,0.49639305
FDXACB1,0.49638712
DLC1,0.4963838
PIGV,0.49636674
CLOCK,0.49634278
C1GALT1,0.4963381
CHPF,0.49630755
SPAG4,0.49629527
DCXR,0.49627808
MLST8,0.4962746
ASCC2,0.496223
FZD6,0.49620643
SOCS3,0.49619988
COPS2,0.4961961
EPHB6,0.49618825
GAR1,0.4961859
DERL1,0.49616876
SCNN1D,0.49615356
PTPN23,0.49614802
RUNDC3A,0.49614468
HAAO,0.4961238
DMAP1,0.49612156
RASGEF1A,0.496109
PLXNC1,0.49610624
BLVRA,0.49609005
KTI12,0.49606818
EHHADH,0.4960448
CWC15,0.4960393
CD180,0.496027
TSEN54,0.49602592
DAAM1,0.49602547
RNF125,0.49602002
COPS6,0.496019
ITGAE,0.49600342
CD40,0.4959783
EHD3,0.49597067
PCDHGA6,0.4959672
GANC,0.49596146
SUMF1,0.4959552
NDUFB4,0.4959518
RIPK1,0.49591568
CDK20,0.49590442
DSCC1,0.49590006
FCGR3A,0.4958751
HSD11B1L,0.49587423
DBP,0.49586824
RGCC,0.4958666
POLR3A,0.4958574
DCLRE1A,0.49585024
DUSP8,0.49584234
MYH3,0.4958373
POLR3GL,0.495837
CD69,0.4958275
DGKI,0.4958233
IBA57,0.49581015
TTC21B,0.49579608
NUDT14,0.49577996
ALDH9A1,0.49577978
TLR6,0.49577796
GUCY1A2,0.49577036
COQ7,0.49577007
PRX,0.49576715
HECA,0.49573877
PDLIM4,0.4957375
DGKQ,0.49573696
LIN7B,0.49571246
COLQ,0.4956959
ACAA2,0.4956863
RYK,0.4956681
GCSH,0.4956516
DDX52,0.49564904
SMPDL3A,0.4956345
SHC2,0.49561852
EPB41L4B,0.49561828
RMI1,0.49561647
DZIP1,0.4956132
HOXB2,0.49560615
ITGB2,0.49560386
TCTN2,0.49559802
CDKN2AIP,0.49559528
CEP192,0.49559245
DDX55,0.49557582
NLRC4,0.4955353
CHKB,0.49553114
ARHGDIA,0.49552086
UBE4B,0.49551594
ARAP2,0.49551517
RAG1,0.49550316
LRFN1,0.49546975
ZNF184,0.4954618
ZNF283,0.49545887
RALGAPB,0.49545506
TLR3,0.4954358
COX5A,0.49541685
DAPK1,0.49540186
NUDT9,0.49540058
SRRM1,0.49539477
NR1D1,0.49535728
CDK7,0.49535185
CYFIP2,0.49533468
DBT,0.49533165
LIPG,0.4953314
GATC,0.49532562
ARID4A,0.49529457
PPM1K,0.49522907
DNAJC24,0.49522468
CCDC40,0.49520242
CSF2RB,0.49517387
FBXL8,0.49517033
GCFC2,0.49514487
UBA5,0.49508587
RHOJ,0.4950821
MRPL46,0.4950688
SEC31B,0.49506214
LSM5,0.49505162
CCM2,0.49504068
RELL2,0.49503222
UBA3,0.49498278
DENND2C,0.49491704
ACOT8,0.49488556
CTBS,0.4948792
PLXNB3,0.49487036
SMPD2,0.49486268
CHMP3,0.49485824
GINS4,0.49483103
TMED7,0.49479365
RDH10,0.4947881
CIB2,0.49478474
DCAF11,0.49476653
COL4A1,0.49476114
SPICE1,0.49475718
CAMK4,0.494735
EPOR,0.4947344
DCK,0.49471337
PKN1,0.49470255
ARSD,0.49470016
CENPC,0.49468505
FBLN5,0.4946817
CYP2D6,0.49464434
IRF9,0.49462742
PDE4C,0.4946217
GALNT18,0.4946207
AMFR,0.4946122
EPC2,0.494607
EAF2,0.49460456
CRLS1,0.49459267
DHX33,0.49458975
CHI3L1,0.4945628
FUT1,0.49454996
DUT,0.49452057
IL10RA,0.49450716
GBP4,0.4945025
ASB7,0.49449143
TMOD2,0.49446952
HELB,0.49446583
STX7,0.49445587
CCDC12,0.49444306
PEX11A,0.49441844
RFC5,0.494405
FPR1,0.49437225
CYSTM1,0.49437112
FAM20A,0.49437007
CHSY1,0.49436426
NDUFA5,0.49435195
PDHA1,0.49434957
PCDHB3,0.494347
ATL1,0.49433744
GYPC,0.4943332
CTNS,0.4942885
CAPN5,0.49427804
PALMD,0.49427617
COL8A2,0.49426708
SHPK,0.49423453
LCMT2,0.4942043
PTPRO,0.4942012
GCAT,0.49416378
CAPZA2,0.4941232
MMAA,0.49411428
RDH5,0.49411312
CENPJ,0.49410614
GBP1,0.49409503
RAP2A,0.49407658
MGAT4A,0.494004
B9D2,0.49399877
CHMP1B,0.49399254
NKD1,0.4939726
CPSF4,0.49396026
SLC25A26,0.49394292
FNIP2,0.49393192
GLRX,0.4939283
GPR132,0.49390262
CASP10,0.49387714
F12,0.4938683
SLA2,0.49383044
RPL28,0.49382785
TSNARE1,0.49382073
CEP170,0.4938118
TBC1D10A,0.4938075
CENPB,0.49379998
ING3,0.49378273
STX6,0.49378237
DVL1,0.49375796
HMGXB4,0.49375448
NES,0.49373075
EVI2A,0.49368188
NRN1,0.49368188
EPAS1,0.4936511
DSEL,0.49364993
PIGP,0.49364883
ITGA9,0.49361163
NOTCH4,0.49358726
ASPHD1,0.49349514
NAGA,0.49348754
DOK2,0.49347964
SLC44A4,0.49346152
ZNF709,0.4934235
UCKL1,0.49341652
RAI2,0.49340737
CDC20,0.4934065
EFNB1,0.49338332
RSU1,0.49333608
CORO1A,0.4932964
KCNAB2,0.49326867
PEX5,0.4932536
DNAH5,0.4932282
COG3,0.49316764
ADI1,0.49315453
HEXIM2,0.49314323
BBS2,0.49308026
CHMP2A,0.4930781
COX15,0.49306774
DDA1,0.49306017
COPS4,0.4930581
ARHGEF15,0.4930244
NAMPT,0.4929832
RNASEL,0.49296924
KDM8,0.49296644
LIN7C,0.49296325
DPH2,0.49294195
MSX1,0.4929409
PITPNM1,0.49293342
HNRNPLL,0.49290752
C18orf32,0.49285802
GALNT6,0.49285018
ETFDH,0.4928223
ITGAX,0.49281892
NPRL2,0.4927806
MZT2B,0.49277005
CSTF2T,0.49274707
GLS2,0.49273232
SLC27A2,0.49272987
UGP2,0.49270824
CIAO1,0.49269596
FMO4,0.4926868
CDC7,0.49266014
LRRK2,0.49264023
ICAM2,0.49263498
AP3M1,0.49262896
CPT1C,0.49262622
ARL13B,0.49262017
OPRL1,0.49260548
EXOSC4,0.4925925
ASIC1,0.4925865
TMEM17,0.49258527
DEPTOR,0.4925755
REEP2,0.4925667
RIF1,0.49256504
TPMT,0.49256104
GCNT4,0.49251235
RPL35A,0.4925046
ZNF140,0.4924987
UCK2,0.49249244
CRELD2,0.4924885
SCN1B,0.49246064
DHDDS,0.4924578
CAPN15,0.49243012
FNTB,0.49241993
HSPA6,0.4924166
INPP1,0.49240738
FOS,0.49240723
LAMA2,0.4924041
DTNB,0.49240306
AP3S1,0.49239588
GPR160,0.49239403
ENC1,0.49239185
ALG1,0.49238935
SNRPA,0.49236977
EPHB3,0.49235404
ERCC6L,0.4923497
ESF1,0.49234825
KCTD6,0.49233982
ALG12,0.49232733
DPP7,0.49231762
RPL21,0.49230826
CHD1,0.49230295
HSPB2,0.49229416
ERN1,0.49227896
PSMA7,0.49226898
CLNS1A,0.49226868
GORAB,0.49222448
SCP2,0.492197
MTRF1L,0.49217725
DPH6,0.4921716
DDX27,0.492162
EDNRA,0.49214745
CMTM6,0.49214455
MPZ,0.4921356
IFIT5,0.49209878
GNPTAB,0.49207723
KCNIP4,0.4920739
SLC27A4,0.49207333
MATK,0.492066
BPGM,0.4920638
GPX3,0.49205974
BMP4,0.4920583
PRICKLE2,0.4920415
CCDC68,0.4920138
JAM2,0.491973
EBP,0.4919708
FAM131B,0.49195683
ALG8,0.49192557
GSTM2,0.49189684
CHCHD1,0.4918636
SNRPC,0.49185577
CREM,0.49180248
KBTBD6,0.49177676
SMOX,0.49177042
FIS1,0.4917402
PPWD1,0.49173617
CLK1,0.49172607
CCNT2,0.4917198
ELP5,0.49170965
TJP1,0.4916673
MED6,0.4916596
EIF2B5,0.49160764
TREX1,0.49160442
COQ9,0.4915993
HSPA14,0.49158436
NMB,0.4915696
KIF21B,0.49154726
MSR1,0.49151292
KIF9,0.4914976
KCNJ15,0.49147353
DAZAP2,0.4914711
DISC1,0.49146757
STK38L,0.49144545
SPARCL1,0.49143645
MAGEH1,0.49141055
MRPS26,0.491409
DCP1A,0.49140808
CD247,0.49140063
COBLL1,0.49139315
CES2,0.49138355
CPT2,0.49137542
FGR,0.49136606
PITX1,0.49133605
EBAG9,0.49131638
ESRP2,0.49131402
CYB5A,0.49129295
CTSB,0.4912854
GMPPB,0.4912693
ITGB4,0.4912319
USHBP1,0.49121222
CSGALNACT2,0.4912121
TBC1D25,0.49118915
EIF2AK2,0.49112278
EIF4A3,0.4911111
ENPP2,0.49110767
MRPS5,0.49110657
FBXO30,0.49110082
DHX16,0.4911
CACNA1H,0.49108973
RGS4,0.49108604
RCOR1,0.49108076
MCMDC2,0.49106622
CCT4,0.4910497
SEMA5A,0.49102384
NT5E,0.4910213
USP43,0.4910113
CASP6,0.49100083
IRF2BPL,0.49099934
SGCB,0.49098465
RPS6KB2,0.4909752
HDAC11,0.490903
MYL6B,0.49090147
IZUMO4,0.49090144
SGPL1,0.49089515
TRIM21,0.49089345
PPM1F,0.49087533
APOOL,0.49085018
AGL,0.4908349
SNRPG,0.49079505
LIF,0.4907784
TAZ,0.49075237
MAGED2,0.49073923
FZD2,0.49071047
COL15A1,0.49070123
KDELR3,0.49069875
EVI2B,0.4906897
CDR2,0.49068734
SYTL4,0.49068642
HIGD1A,0.490678
SRP72,0.49066642
SSBP2,0.49064302
COPE,0.49063107
SEMA4G,0.49062455
HES4,0.49060503
GTF2E1,0.49059522
RAB3IL1,0.49059033
NHEJ1,0.4905889
GLDN,0.49057105
DNAJB9,0.49056163
DHODH,0.4905396
FABP5,0.49044967
CEP55,0.49043843
DNAJC15,0.49042368
TGS1,0.49039394
CAPRIN1,0.49037358
FBXO25,0.49034944
ACIN1,0.49033776
PEX11G,0.49032068
ITGBL1,0.4903128
NEB,0.49030107
EFNA1,0.4902863
NMRK1,0.49028277
FZD3,0.49026278
PYCARD,0.49024284
NAGPA,0.49023446
CCT7,0.49023223
ATP6V1E1,0.49022403
ERCC6,0.4902177
HLCS,0.49021378
MPHOSPH10,0.49020755
GLA,0.49019346
DOCK2,0.49018273
EIF2AK4,0.4901696
PREX2,0.49016643
MATN3,0.4901557
GRIN2D,0.49015525
IL2RB,0.49011075
CEP76,0.49009573
MED7,0.49006212
HLX,0.49005908
EMC7,0.49001786
CABYR,0.49001524
CFDP1,0.49000978
IFNGR1,0.49000183
SYT11,0.48999342
PTGER2,0.48999256
RCOR2,0.48999164
FHOD1,0.48997372
HFE,0.48997277
CREBRF,0.48994493
HS2ST1,0.48992416
POLD2,0.48988342
OPLAH,0.48987472
CGRRF1,0.48980558
EPB41L3,0.48974907
P2RY6,0.48974472
GHDC,0.48973638
UBE2J1,0.48972848
GPKOW,0.48969966
NIPSNAP3A,0.48969588
HAT1,0.48966902
GLRX2,0.4896609
CHML,0.48962831
CFLAR,0.4896282
FAM110A,0.48955894
PIP5KL1,0.4895555
HOXD3,0.4895446
NLRP3,0.48953608
ITGB6,0.4895342
FZD1,0.48952398
FBXW9,0.48951414
RBM15B,0.48949713
LRP2BP,0.48948655
SDS,0.48947814
GTF2H5,0.4894648
RASD2,0.48945346
NOL12,0.48941973
HSPA12B,0.4894011
UBAP1,0.4893942
SLC7A7,0.48937854
MS4A4A,0.4893749
KCNN3,0.48936674
GNGT2,0.48936382
GIMAP4,0.48934612
COPB1,0.48934194
MED19,0.4893307
CCNB2,0.4892991
DENND3,0.48929593
DAPK2,0.48927453
RASL10A,0.48927167
CABIN1,0.48914132
RNF113A,0.4891174
LRRC6,0.48907667
PLCD1,0.48907042
RRP15,0.4890651
HPSE,0.48905694
TAF1C,0.48905075
TM6SF1,0.4890354
PLB1,0.48902878
SDC3,0.48900512
SERPING1,0.4889614
ZNF774,0.4889549
CNOT11,0.4889371
TRAPPC8,0.48892343
MAML1,0.4889168
KCNIP2,0.48890224
ASB8,0.48888418
FAM110B,0.48886713
TNFRSF10C,0.48886508
LARP7,0.48885602
INO80B,0.48885438
TLR4,0.48885003
ICAM1,0.4888301
NPL,0.48882547
CHD7,0.488804
CORO1B,0.48879626
RMDN2,0.4887959
ERI2,0.48878083
STX1A,0.4887722
PPARGC1B,0.48873827
HNRNPUL2,0.4887237
SPTBN4,0.48870543
SLA,0.4886663
SLC27A1,0.4886516
FKRP,0.48863533
POLD3,0.48861426
DMTN,0.48860836
SEH1L,0.48858553
SH3GLB2,0.48857215
SYCE2,0.48856214
KCND1,0.48853266
FOSL1,0.4885204
GAS2L1,0.48851165
SAV1,0.48848236
POP5,0.48847783
GPATCH1,0.4884776
SCD5,0.48847747
DRG1,0.48846713
PHKG1,0.48844597
PLK2,0.48838806
CTDP1,0.4883718
TMEM67,0.4883669
IRF7,0.48834392
CIAPIN1,0.48833257
COPA,0.4883184
PRPF4,0.48831254
MAP1LC3B,0.48831096
DDX39A,0.48826718
RNASE1,0.48824957
DCPS,0.48823598
KMO,0.48821184
CHP1,0.48815903
FAM220A,0.48815417
NABP1,0.48815182
HCK,0.48814785
FAM8A1,0.48814142
IRF1,0.48812887
CYBA,0.48811236
JUP,0.48810923
HMBS,0.48809487
FRMD6,0.48808277
DBR1,0.4880601
UBE2J2,0.4880523
IFT57,0.4880497
POFUT2,0.48803574
RAB18,0.48803243
PHF2,0.4880288
BAIAP2L1,0.48802438
RUFY3,0.4880054
SLC9A3R2,0.48799315
SWSAP1,0.48797843
F2RL1,0.48794147
DCTN4,0.4879383
SPTSSA,0.48793387
SH3BP4,0.4878963
SMPD4,0.48789334
ST3GAL2,0.48787916
MYLK4,0.487877
SMARCC2,0.48784512
RINL,0.48784342
ETF1,0.4878214
DERA,0.4878138
EAF1,0.4878049
PEX7,0.4878012
PURA,0.48779985
PEX13,0.4877898
NEU1,0.4877725
KREMEN1,0.4877492
KRT5,0.48774657
KRT17,0.4877294
SRSF7,0.48772484
TRIM23,0.4877193
GADD45B,0.4877186
TANK,0.487713
PHC2,0.48764548
DMD,0.48762777
RIPK3,0.48762733
MCTS1,0.4875575
THOC5,0.48753738
HARBI1,0.48752588
IDUA,0.48752156
GCC2,0.487521
GRPEL2,0.4875202
SCIN,0.48751268
IFIT3,0.4874846
RGL2,0.48747408
SDSL,0.48747364
LSM11,0.48746762
GET4,0.48746604
ETV7,0.48746234
SH2D2A,0.48743555
CENPM,0.4874173
JOSD2,0.48739648
GRAP2,0.48739353
LCAT,0.48737064
COX17,0.4873556
BLOC1S1,0.48734647
PAM16,0.48734415
PAIP1,0.48732206
IFT52,0.4873207
ISYNA1,0.48729306
CPSF2,0.48726058
GSTM4,0.48724723
FYN,0.48723438
GALNT12,0.48722848
HOXB4,0.48722684
PRICKLE1,0.48722628
N6AMT1,0.4872169
PDCD5,0.48719865
CD47,0.4871956
DCAF17,0.4871912
TBC1D14,0.4871831
ITGA8,0.4871647
MANEA,0.48715317
FAM111A,0.4871411
HS3ST1,0.4871305
EFNB3,0.4871227
IGSF6,0.48712113
EPB41L5,0.48710564
TLE3,0.4870684
TPRN,0.48704574
SETMAR,0.48703387
MFSD2A,0.48701638
HENMT1,0.48699588
CUL4A,0.4869655
DENR,0.48695025
IGFBP6,0.48695
ITGA6,0.48693514
NANP,0.48690706
GNAO1,0.48688042
FBXO38,0.48686433
LAT,0.48685798
FBXO15,0.48683187
MARVELD3,0.4868277
GAN,0.4867971
KCNJ14,0.48677504
PCYOX1L,0.48676002
UBE3B,0.486759
JMJD4,0.48675257
PLCH2,0.48672527
RBPMS2,0.4866891
FST,0.48667893
PARP9,0.4866521
OASL,0.48662674
CLIP3,0.48661873
GALC,0.48661816
GPX7,0.4865887
FBF1,0.4865813
KCNH2,0.48658034
LDHD,0.4865712
ITGA1,0.48656893
DUSP14,0.48653147
OXTR,0.48651555
TRIM36,0.48647684
FOXP3,0.48646522
DTX3,0.48646125
HSD11B2,0.48645848
GPNMB,0.48645467
EIF4EBP1,0.48644727
PSMG3,0.48641568
FGD3,0.4864115
THADA,0.48638782
MRPL47,0.48636898
ZFP82,0.48635283
DDRGK1,0.48634404
PTN,0.48632556
NR1D2,0.48629612
DUSP2,0.48629093
GALM,0.4862755
FAH,0.48627424
EPS8L2,0.48625723
MUS81,0.48622712
ALG9,0.48620906
GPT2,0.48619223
ITGA2B,0.48618677
COX20,0.4861578
CTDSP1,0.48613656
C1GALT1C1,0.48612916
SLC4A2,0.48612195
SIGIRR,0.48610753
PHAX,0.4859933
DUSP12,0.4859057
SERPINE2,0.48589805
STRN3,0.48584446
PLRG1,0.48583737
MRPL21,0.4858359
POLR2G,0.4858
MED26,0.48578954
MOCS1,0.4857773
KCNMB3,0.4857623
NELFE,0.4857379
MAD2L1BP,0.48572686
PTS,0.48570663
LHX6,0.48570132
DEPDC5,0.48569086
MGAT3,0.48569077
PPP3R1,0.485684
POLM,0.48567152
FAM160A2,0.48566872
PTPN22,0.48565415
ATG14,0.4856416
LIN9,0.48563975
SNRPD1,0.48561475
MYO1F,0.48556605
NRL,0.4855584
CTNNBIP1,0.48550367
NPC2,0.4854622
GTF2B,0.4854563
P2RY11,0.48543444
IER3,0.4854087
NFYC,0.48540613
DDX56,0.48532933
FADD,0.48532882
UVRAG,0.4853234
MTMR6,0.48531243
POGLUT1,0.48526582
OPA1,0.48523176
LAG3,0.4852262
FBXL3,0.48521307
IFT88,0.4851676
NLE1,0.4851592
FAAH,0.48515862
FUZ,0.48515582
NPHP1,0.4851531
STX16,0.48514304
HMGCL,0.48511878
RHBDF2,0.4850922
MSMO1,0.4850307
PDE1B,0.4850196
SEPSECS,0.48499998
CHN1,0.48499414
LYPD3,0.4849782
MRPS30,0.48495406
KIF17,0.48493704
DGKE,0.48491856
GPANK1,0.4848995
PKN3,0.4848913
LYZ,0.48488548
LRG1,0.4848842
NECAP2,0.48488122
DTX3L,0.484872
SECTM1,0.48484176
HAUS3,0.48483917
PSD,0.48482034
GPD1L,0.4848114
RUFY1,0.48478436
CTSZ,0.48477817
LAMB3,0.48476595
FUCA2,0.4847577
THBS2,0.48475143
NFATC1,0.48474717
NEIL2,0.48474437
SMARCD3,0.48472935
SATB1,0.48472545
SLC30A1,0.4847214
HDAC10,0.4847177
EDEM3,0.48468292
NDUFA4L2,0.4845851
HNMT,0.48454994
DYSF,0.48454082
PPP2R5A,0.48451182
PDE12,0.48446095
PMP22,0.48443833
SRGN,0.4844369
PLIN2,0.48443377
KIF20B,0.48440713
SLC11A2,0.484382
RAB32,0.4843498
RNF25,0.48434672
FBLIM1,0.48433772
RAB3IP,0.4842909
COX7A2L,0.48425892
FDX1,0.48425433
EFNA4,0.4842302
PRKD2,0.48422632
GEMIN8,0.48419428
EHMT2,0.48416445
PPM1D,0.48412377
ISCA2,0.4841047
TAF11,0.48409778
MED11,0.48407945
LMBRD1,0.48407704
E2F5,0.48407516
SEC11C,0.48405862
GPR180,0.4840481
PIGO,0.48399448
MARS2,0.48397556
IRAK4,0.48397523
EMC4,0.48392615
HELQ,0.48392078
LNX1,0.48390147
MYO15A,0.483897
CYB5R4,0.48388615
PDGFD,0.4838846
NGFR,0.4838655
RABIF,0.48384944
BDKRB2,0.4838435
RAB37,0.48384005
FBXO21,0.48380512
KDM6B,0.48380178
TAF6L,0.48379397
RPL24,0.4837709
GPSM1,0.4836883
EXOSC5,0.48367614
ENTPD5,0.48366508
HSD17B10,0.4836556
TBKBP1,0.48364267
TRPC1,0.48361367
NUDT5,0.48360837
POLR3C,0.48360145
MAPK3,0.48354092
EXOSC1,0.48352876
HMGB2,0.48347554
SEMA4F,0.48345107
PTPN2,0.4834227
PLAGL1,0.48340422
IDH3G,0.4833798
HOXA3,0.4833299
EIF2B1,0.4833281
HOMER3,0.4833122
TES,0.48331028
PCDHB15,0.48330674
CUL5,0.48327044
CDC27,0.48327014
CHD1L,0.48325437
MOCS3,0.4832359
DIABLO,0.48321146
TDRKH,0.48320717
RPP38,0.48318735
ELMO1,0.4831856
LPCAT3,0.48316643
MAPRE3,0.4831524
ESYT1,0.48314595
PANK1,0.48312497
PPARD,0.48312092
EIF3B,0.48309052
TMEM132A,0.48308274
SYNGR1,0.48307973
IPP,0.4830368
MST1R,0.48301485
CD81,0.48300657
CHRNB1,0.48300233
RASSF5,0.48299617
NAT1,0.48299173
HMOX1,0.48296958
DCLRE1C,0.48295248
RIPK2,0.48294133
PMM1,0.482939
CEPT1,0.4828882
PAPSS2,0.4828864
HOXA10,0.4828713
EPHA2,0.4828679
PI4K2B,0.48286283
F3,0.48280635
GPX8,0.48277712
LILRB3,0.48277503
TMEM187,0.48277223
GPN1,0.48275346
CTSH,0.48273885
RAB42,0.48273784
COMMD1,0.48268634
PLCB2,0.48265323
IRAK3,0.48265192
KRBA1,0.48264247
GCH1,0.48259738
JAG1,0.4825402
PSMB7,0.48253375
DNAJB12,0.4825028
FBXO17,0.482484
GEMIN7,0.48244745
ARHGAP11B,0.48244062
TSFM,0.48239568
PDIA3,0.48236495
UBE2F,0.48235595
RHOU,0.48231545
NFASC,0.48230538
DENND4C,0.48226145
FBXO27,0.482261
CMPK2,0.4822488
CLIP1,0.4822141
KATNBL1,0.4821945
INTS10,0.48218104
EIF4E,0.4821767
EXOSC6,0.48215744
SMYD5,0.48210916
POMGNT2,0.4821072
KLHL42,0.48209935
DNAL1,0.48206118
IVD,0.48204967
PPP2R3A,0.4820393
OCLN,0.4820033
TADA2A,0.4819739
MON1A,0.48195583
KCNAB1,0.4819502
HSBP1,0.4818177
NLGN3,0.4817857
CRKL,0.4817761
DLG3,0.48175627
HPS4,0.48174122
CPSF1,0.48174095
FAHD2A,0.4817214
GBA,0.48170674
GMNN,0.48167512
FOXF1,0.4816641
MBTPS2,0.481637
ZNF567,0.4815827
FCHO2,0.48155904
DCTD,0.48155373
DNAJA2,0.48155195
DNTTIP1,0.48153505
NCALD,0.48153248
GSTM3,0.48152664
HSCB,0.48152587
MAPKAPK5,0.48151702
NDRG2,0.48145223
PLEKHG5,0.48144603
RABL2A,0.48143074
CHM,0.48142323
LIPT1,0.48142123
KAT5,0.48141488
DNAJB14,0.48141056
HSPBP1,0.48139277
MTMR7,0.48138526
MYADM,0.48138356
PANX2,0.4813518
FLII,0.48134914
HOOK2,0.48129284
NELFB,0.4812812
RNF152,0.4812792
TELO2,0.48127115
DDB1,0.481258
PPP4C,0.4812326
PNPLA7,0.48122498
TOMM40,0.4811744
TIMP3,0.48114035
OSTM1,0.48113367
SEC63,0.48110294
COQ4,0.48107406
RPS6KA1,0.48105058
DYNC1LI1,0.48103037
MRPL54,0.48102188
KCTD1,0.48102182
LPAR2,0.48101532
MTHFD2,0.4810119
DNAJC9,0.48100632
POLB,0.48100197
PSMD7,0.48098356
CSNK1E,0.48096183
NOL3,0.48095575
DHCR7,0.48090705
CCT8,0.48089516
GMIP,0.48088193
TRIM62,0.48083642
PPP2R1B,0.48083493
NDUFAF1,0.48080605
FBXO5,0.4807965
THY1,0.48075944
CCT5,0.48073778
RNF139,0.48071668
THOC1,0.48068798
DDX1,0.48065993
POMGNT1,0.4806459
GID4,0.48059282
CSNK1D,0.4805799
RND1,0.48056263
HSPA1B,0.48051754
PDZD11,0.48051456
MAGOH,0.4804979
RAD51C,0.48047912
CNOT6,0.48046196
IRS2,0.48044994
RB1CC1,0.48044807
GKAP1,0.48040366
CEP152,0.4804035
STAM2,0.48038265
NEK8,0.48037875
RAB25,0.48037785
CDC25C,0.48037136
EIF4ENIF1,0.48036334
MCF2L,0.48035884
DUS1L,0.4803174
NT5C3B,0.48031256
PHB,0.48029512
QTRT1,0.48029408
POLR3F,0.48029336
ELOVL1,0.4802825
LPIN3,0.48027423
ENTPD6,0.4802673
LYAR,0.48025706
PEX3,0.48024997
IFNAR2,0.4802294
DNTTIP2,0.48022792
SAP30,0.48022187
ECI2,0.48019186
HSPA13,0.48016712
ING1,0.4801429
SPOP,0.480125
TSPAN14,0.48011863
CNOT2,0.48010918
NDUFA11,0.48009074
SHROOM3,0.48006105
KIF13B,0.48005342
NUB1,0.48003018
RAB38,0.4800071
REPS2,0.4799795
HERC3,0.47996348
ISY1,0.4799445
PIGQ,0.4799077
NTN4,0.4799009
HPDL,0.4799
DUS2,0.47988847
TBXAS1,0.47984818
PLA2G15,0.47984543
FAM3C,0.47982314
FEM1A,0.4798183
PPP1R7,0.4797761
ENOPH1,0.47975904
PSME3,0.47973788
MAPK13,0.47971722
PFKFB2,0.47971022
GOSR1,0.47970298
RAB4B,0.47970274
SCUBE2,0.47969165
RHPN1,0.4796844
MRPS31,0.47967005
KIT,0.47966614
FMN1,0.4796433
GPAM,0.4796288
DCUN1D5,0.47962287
MYO7A,0.47960296
GRHL1,0.47958893
LPL,0.47958088
RPF1,0.47954348
GALK1,0.4795382
LMO4,0.479528
HSPA1L,0.4795245
RAPGEF5,0.4795139
HOXA5,0.4794709
HPRT1,0.47946608
EGLN1,0.47944754
KCTD15,0.47943154
NPNT,0.4793915
GAS8,0.47938332
NDUFS3,0.47935155
RTCA,0.4793486
FBXO22,0.4793075
CLPX,0.47929075
DHX32,0.47928572
MPP1,0.47928423
KCNC4,0.4792546
LYPLA1,0.47924715
NANS,0.4792368
KCNMB4,0.47922054
RAPGEF4,0.4791994
RORA,0.47917455
POLR3E,0.4791692
TAOK2,0.4791686
ENG,0.47916088
SH2B1,0.47914192
DENND1B,0.4790837
NAGK,0.47906554
MINPP1,0.47906503
FBXO8,0.479059
MLKL,0.47905487
PNPLA2,0.47903326
DENND4B,0.4789976
MMS19,0.47896487
PAG1,0.47894353
MUL1,0.4789303
PYGO1,0.4788938
SPI1,0.4788892
PBLD,0.47887933
CTR9,0.47884008
COL4A6,0.47883287
KLHL11,0.47875342
ORMDL1,0.47874227
ERLEC1,0.478732
U2AF2,0.4787181
FCF1,0.4786656
HHAT,0.478652
STK11IP,0.47863343
RGS2,0.47859606
FOXRED2,0.4785941
KDM1B,0.47858366
CUL4B,0.47857356
RNASEH2B,0.4785727
KIDINS220,0.47851238
POLR3D,0.47850248
PHF11,0.4784573
DNM1L,0.47845376
TERF1,0.47833505
MIB2,0.47817376
COPB2,0.4781707
CXXC5,0.47806597
MLF1,0.4780533
LRP4,0.47799164
PIGA,0.47796854
PDXP,0.4779105
PCGF1,0.47789067
GTPBP3,0.47786802
EI24,0.47783643
GUSB,0.47783515
GNE,0.4778349
NTN1,0.47783187
GPR161,0.47782
SMPD1,0.4778059
RNF181,0.4777977
RFK,0.4777086
FAM98A,0.47769234
WDR31,0.47766143
CHORDC1,0.47765884
CPEB3,0.4776584
DPF2,0.47762847
VPS37C,0.4775877
NUP50,0.47758284
SGK3,0.4775769
FGD1,0.47749233
PLAT,0.4774872
GYG1,0.47744274
MRPL28,0.477362
PLCD4,0.4773607
SP100,0.47735506
DDX11,0.4773045
CTDNEP1,0.47730246
PLEKHG4,0.4772967
POLE4,0.47729063
DTNBP1,0.47726324
ENTPD4,0.47724923
IRF5,0.47722915
MRAS,0.47721434
PIGG,0.47720027
RNF144A,0.477193
CHTOP,0.47718826
GTPBP10,0.4771855
MIEF2,0.47717628
SYNRG,0.47716236
COA1,0.47715315
SLC2A8,0.4771182
METTL14,0.4771153
OSGEPL1,0.4771069
LSAMP,0.47709823
GATA6,0.4770954
PAFAH2,0.47706777
MSX2,0.477042
PDCD4,0.47703907
UBAC1,0.47702497
CTTN,0.4770063
NMD3,0.4769986
PIPOX,0.47693092
KHDRBS3,0.47690207
TADA3,0.47689816
LAMB2,0.47688562
RAD51AP1,0.47687602
NEIL3,0.47685066
PTPN4,0.47682014
EPHA1,0.47681367
IKZF4,0.47677684
MCM3AP,0.47677216
CNPY3,0.47676653
PERP,0.47675472
FBXL7,0.47669154
PCSK5,0.4766644
CBX1,0.47663876
DVL2,0.47663048
MRPL24,0.47660932
GABPB2,0.4765883
FGF11,0.476553
PGM3,0.4765437
PSMC6,0.4765431
IPMK,0.47651812
DHX35,0.47650936
DHTKD1,0.4764889
HYPK,0.47644344
PSMC3IP,0.4764264
CNOT1,0.47639927
MMP15,0.47634873
NUDT19,0.47633818
DNAJC10,0.4763229
PREX1,0.47631076
LTB4R,0.47630784
RAB5C,0.47621828
PILRA,0.47619888
MX2,0.4761407
FBXO9,0.476132
CTBP2,0.4761308
DPH7,0.47611693
LOXL3,0.47609162
PLXNB1,0.47608218
IFI35,0.47606328
DIS3,0.47604403
FBXO31,0.47597003
NTAN1,0.47596344
STAC3,0.47595873
GPR176,0.4758859
CLK3,0.47587726
PARP14,0.47586244
GAB2,0.47584605
EME2,0.4758132
MTO1,0.47581074
SESN2,0.47578126
DBF4,0.4757639
DBF4B,0.47575548
CYC1,0.47573754
RIOK2,0.47573102
GNPDA2,0.47571477
NDUFA6,0.47561347
KLHL25,0.47560075
GPN3,0.47558403
PTCD1,0.47553712
IL15RA,0.4755136
LIMS2,0.47550228
JUNB,0.4754868
MBD4,0.47548032
POLR2C,0.47546834
PDCL,0.47546792
FOXRED1,0.47545975
OPTN,0.47545892
PDCD6IP,0.47543362
MRM1,0.47534418
GTF2A2,0.47533384
DEPDC1B,0.4753329
SGSH,0.4753137
KLC4,0.4751984
HCFC2,0.47518194
MAP3K6,0.47517586
IMP4,0.47517008
PPIE,0.47516572
KRIT1,0.4751562
RASSF8,0.47510344
PDSS1,0.47506744
NDUFA3,0.4750584
DCUN1D2,0.4749817
PLA2G12A,0.47497842
RNF128,0.47496665
VARS2,0.47495404
SP1,0.47492668
ITGA5,0.47491825
TCERG1,0.47486544
PI4KA,0.47485757
TOR4A,0.47482586
DFFA,0.47480276
NAIF1,0.4747763
FMNL1,0.4747344
RNF20,0.47470835
PPFIA3,0.4747075
GTF2H4,0.4746543
MCM8,0.4746409
RRP12,0.47463754
LPCAT2,0.47463587
PLCB4,0.47462052
CELF1,0.47461966
HACE1,0.47461718
TAGLN,0.47461405
FRS3,0.47461024
RAP1B,0.47460708
FECH,0.47460073
NCAPG,0.4745566
H6PD,0.47450587
IRF2,0.4744794
PDE5A,0.4744487
INTS12,0.47441164
MAPK8IP1,0.47438538
SYNE2,0.4743794
DSN1,0.4743324
CSNK1G3,0.47430027
OXNAD1,0.47425842
FEM1B,0.4742534
MPC1,0.47425118
KHNYN,0.47424972
PIK3CD,0.47424367
KBTBD8,0.47421595
DEPDC1,0.47419462
EMD,0.47414026
DGUOK,0.47413796
VAV2,0.4741297
CDK5RAP2,0.4741104
NXF1,0.4741046
NDUFAF5,0.4740942
CNDP2,0.47406498
DHX37,0.474061
CENPE,0.47404256
GSDMD,0.4740137
EXPH5,0.47398365
MMP17,0.47397915
TP53BP1,0.4739529
PARP2,0.4739394
PDHX,0.47379538
IL18BP,0.47379324
RAD23A,0.4737818
PEMT,0.47377217
RELA,0.47373116
PKP1,0.47370517
CPEB4,0.4736722
PDCL3,0.47366825
SIK3,0.47365847
G6PD,0.4736119
KIF27,0.4735909
LSM2,0.47357938
MT2A,0.4735327
DHRS3,0.4735119
PKP2,0.47348806
ETV3,0.4734257
GEMIN5,0.47340608
FLAD1,0.47339335
PLEKHA7,0.47336772
UBE2G2,0.47333717
IRF3,0.47333044
NOD1,0.47332224
KLHL3,0.4732406
SURF6,0.4732389
GGT7,0.4732247
MCEE,0.47315103
IL17RD,0.47314867
HDAC3,0.4731159
LOXL2,0.47311357
TNIK,0.47309008
EPB41L1,0.4730666
NFKBIB,0.47301266
E2F6,0.47300434
MAPK11,0.47298914
PNO1,0.47287983
GGCX,0.4728295
MRPL55,0.47278142
MRPS23,0.47274807
NUDT16L1,0.47274402
SF3B2,0.47269756
IL20RB,0.47269318
ERRFI1,0.47268796
FAM91A1,0.4726853
OAS3,0.4726835
SLC6A9,0.472668
RASGRP3,0.47266155
ECSIT,0.47258455
GK,0.47255984
LYPD6,0.47255173
GIT2,0.4725184
G6PC3,0.47250813
NID2,0.47242442
PPL,0.47240964
GATM,0.4723826
HOXB7,0.47236237
IFI44,0.472351
PTPRA,0.47229558
PMPCB,0.47229403
MYL5,0.47228873
NFYB,0.4722783
PSMD5,0.47226474
CSNK1G2,0.4722474
CNTLN,0.47216892
GGH,0.47208437
EIF6,0.47199613
FZR1,0.47196427
FEZ2,0.47196174
KIF5C,0.47192964
PHKG2,0.4719187
NDUFB9,0.47190332
PHLDA1,0.47186795
FBXO10,0.4718541
POLE2,0.4718015
CSNK1G1,0.47180134
ECH1,0.4717872
GNL2,0.47177964
FBXO32,0.47172663
ERAL1,0.47170874
MGAT2,0.47168446
FGFRL1,0.4716595
LZTFL1,0.47164637
SEC61A1,0.47163078
NUDT12,0.4716199
DDX54,0.47161275
CSK,0.4715824
PRKAG1,0.4715382
SMARCA2,0.4715336
ESRRA,0.47148868
COPZ1,0.47147736
GSTK1,0.4714641
CSAD,0.47145563
MAFF,0.4714555
PLEKHA8,0.4714536
NOTCH3,0.47143883
LRFN4,0.47143537
TRIM39,0.47142828
COPS7B,0.47142288
MVB12B,0.47139734
PAQR3,0.47136527
CYFIP1,0.4713573
MYH14,0.47133145
LAMC2,0.47127095
DDX31,0.4712695
NXT2,0.47123134
EEF1E1,0.47119635
MRPL35,0.47117928
D2HGDH,0.47117385
RBBP9,0.47117007
OAS1,0.47106665
IL6R,0.47105384
CENPP,0.471019
KAT2A,0.4710147
INTU,0.4710001
DOCK10,0.47099695
CHSY3,0.47098795
EMC2,0.47095197
DGKA,0.4709407
CHKA,0.47087342
PDP2,0.47080413
MCUR1,0.47079012
RNH1,0.47077522
RPGR,0.47069117
NRBP1,0.47068244
FAIM,0.47062942
RABEP2,0.47062722
EMC10,0.47059235
MASTL,0.47052842
SOCS6,0.47052413
MERTK,0.4705194
IL10RB,0.47050932
NPHP3,0.47050777
MAPRE1,0.47046366
FARSA,0.47043887
DGKZ,0.47039053
KLHL22,0.47033936
SCAF1,0.4703201
IDS,0.47031277
PPOX,0.47024256
CORO1C,0.47023895
F2R,0.47014555
GABPB1,0.47010645
STX12,0.4700423
DHX38,0.47002327
KRR1,0.46998668
HAUS8,0.4699062
PAXIP1,0.46986738
PTRH2,0.46986094
POLR2L,0.4698239
MRGBP,0.46982327
S100A11,0.46980533
MEF2D,0.46980295
MRPS16,0.46978906
CHCHD3,0.46976203
HECTD3,0.46975538
SSBP3,0.4697463
HAUS4,0.4697377
EIF4E2,0.46969375
PPP1R12C,0.46968606
PMVK,0.4696812
MED20,0.4696805
SUPT20H,0.46966407
FYCO1,0.46963698
MRPL40,0.4696139
CYB5R3,0.469546
KIF7,0.46951082
NEDD8,0.46951002
KPTN,0.46950278
DDX50,0.46950245
HBP1,0.46947512
ELP6,0.46944034
RABGGTA,0.46944034
MRPL41,0.46941346
SF3A3,0.46939707
CUL2,0.46930495
NDUFAF3,0.46926683
KRI1,0.4692563
GDPD5,0.469253
GALNS,0.46921998
TBC1D23,0.4692177
TBCD,0.469201
SPAG16,0.46907493
NR4A3,0.4690644
CLIC4,0.46905643
FBXO2,0.46903294
NIT2,0.4689945
DNAJC2,0.46895206
CHD3,0.46894503
NCBP1,0.46892223
GUF1,0.46891427
GSTZ1,0.46890253
GPC1,0.4688717
RGMB,0.46882522
NDUFB6,0.46881726
PRKAG2,0.468809
DKC1,0.4687376
MRPL39,0.46864188
DVL3,0.46854365
PKIA,0.4685385
EPCAM,0.46853527
EPHB2,0.46852717
NR4A2,0.46850437
ELMO2,0.4684377
SMG5,0.46843183
PIGF,0.46840432
LRRC49,0.4683585
RBMX,0.46835023
GTF2E2,0.46829203
NDUFA12,0.46827087
FOSL2,0.46821734
DCAF6,0.46817824
HEXA,0.4681739
MPG,0.4681692
DDX10,0.46807238
NME6,0.46806988
LIMK1,0.4680354
NDUFV1,0.46803412
PSMD4,0.46802947
ITPKC,0.46797362
NOC4L,0.4679504
POU2F1,0.46792075
PIH1D1,0.46791166
RIC8A,0.4679027
ETFB,0.4678984
PPP4R2,0.4678935
DLGAP5,0.46787962
LIG4,0.46786943
EGLN3,0.46784553
MAP3K8,0.46780103
PRRT2,0.4677597
MAN2B1,0.46770296
EGLN2,0.46760035
PPARA,0.46758085
IFNAR1,0.46753493
SEC24A,0.46751904
NTPCR,0.46750808
DLAT,0.46750766
MYO9B,0.4674759
ITGB1BP1,0.46745557
PIGM,0.46741724
DLD,0.46741644
NCK2,0.46739373
PRR12,0.467382
PCCB,0.4673291
MTX2,0.46731135
MOAP1,0.46729094
RNF6,0.46726403
DCUN1D4,0.4672585
NINJ1,0.4672429
DLST,0.46723738
PITPNA,0.46719825
IRAK2,0.46714777
RAB3D,0.46713132
HSPA4L,0.46711114
RNPC3,0.4670882
PINK1,0.4670088
NFU1,0.4669396
NHLRC3,0.46691936
HAUS2,0.46689567
SMURF1,0.466837
ORMDL2,0.46675476
PRNP,0.46666688
MTMR10,0.46665692
FBXW4,0.4666117
IDH3A,0.46658528
EFEMP1,0.46651283
MRPS15,0.46651065
DCAF7,0.46649852
LZTS3,0.46646106
NUBPL,0.46644747
TPCN2,0.46641478
COL12A1,0.46637952
FKBP3,0.46634012
SHQ1,0.46627706
PARD6G,0.46623448
EZH1,0.46623176
NDE1,0.4661849
DOK4,0.46617222
SHB,0.46614638
PAK4,0.46614373
DAZAP1,0.46609706
RALBP1,0.46609157
FHL2,0.46602845
PDPN,0.4659373
PSEN2,0.46591118
RPAP1,0.4658872
NEK1,0.4658757
RALGAPA2,0.46586204
INSR,0.4657984
PAN2,0.4657627
ENO2,0.46576145
EHD1,0.4656569
ELAVL1,0.46557957
INPP5A,0.4655738
CNNM2,0.4655592
DNAJB4,0.4655452
KRBOX4,0.46552303
LIPA,0.46551585
PANK4,0.4654937
CYB5B,0.46548316
CAST,0.46544474
GNPAT,0.4654154
RALB,0.46534005
MDC1,0.46533093
SMC3,0.46531847
MAP3K11,0.46531627
DSG2,0.4652116
SUPT7L,0.46520147
HMG20B,0.4651733
RGP1,0.46507552
HDAC6,0.4650386
EVL,0.4650256
RETSAT,0.4650064
KBTBD7,0.46490613
PIK3C2B,0.46490118
CYTH1,0.46488026
FAN1,0.4648567
DCP2,0.46479803
NSA2,0.46477595
PHLPP1,0.46477002
LMTK2,0.46470422
GRPEL1,0.46469432
HEBP1,0.46465385
SLC9A3R1,0.46465242
MRPL44,0.46462497
MPHOSPH6,0.4646244
PKN2,0.4646042
HCCS,0.4645974
HTRA2,0.46457598
MED9,0.46452615
MTMR4,0.46446174
NR4A1,0.4644568
NUP133,0.46445236
NLRC5,0.4644354
EMC1,0.46437585
CLASP1,0.4643718
PPID,0.4643504
PAK6,0.4643194
MCM9,0.46427038
GSTA4,0.46424797
TAPBP,0.46415067
GARNL3,0.46411565
PFKFB3,0.4639898
SENP5,0.46395648
GAB1,0.46394965
NR2C1,0.46394765
LRIG2,0.46390426
PRKX,0.4638964
MRPS14,0.46389326
RPSA,0.46388566
MYCBP,0.46388152
CLPB,0.46384645
GOT2,0.46382546
FAM126A,0.4638131
PCDH18,0.46380416
RAD1,0.4637998
ITM2B,0.4637957
GRHPR,0.46377304
NAA30,0.4637689
ESRP1,0.4636843
CSE1L,0.46367398
PPP2R2A,0.46360183
NEO1,0.4635932
CKAP5,0.4634921
FZD7,0.46349102
FBXL5,0.46342403
PPP2R5E,0.4634096
PRDX2,0.46340647
EHD2,0.46337965
DCTN2,0.4633729
HMOX2,0.4633346
PHLDA3,0.46333307
HAUS1,0.4632387
FMNL3,0.46323594
JMJD6,0.46322152
HIP1R,0.46312115
RBM7,0.4630893
SMG6,0.4630196
SCARB1,0.4629769
SIPA1,0.46292108
NNMT,0.46290612
POLR3G,0.4628406
MRPS24,0.46281955
CNOT10,0.4628023
SPDYA,0.46271425
KCNS3,0.46264398
FYTTD1,0.46262413
DR1,0.46258208
DDOST,0.4625746
ITPA,0.462562
RAB9A,0.46251926
DCAF5,0.46251732
MAP3K10,0.46240968
MADD,0.46240777
EVC,0.4624043
IDH3B,0.4623823
FBXO7,0.46237466
MVP,0.46236756
MBOAT2,0.46235305
ENO3,0.46231726
C11orf49,0.46231216
GPCPD1,0.46220285
COG5,0.4621686
LNX2,0.46216005
OAT,0.4621517
NAPEPLD,0.46209326
NDUFA8,0.46208322
OMA1,0.46203482
UPP1,0.46201798
SETD7,0.46198443
NOMO2,0.4619717
HOMER2,0.46195146
NEDD9,0.46191463
COL8A1,0.46174365
EXO1,0.4617243
NUSAP1,0.4616903
IPPK,0.4616543
NSUN4,0.46162006
RNF220,0.46156114
KPNA5,0.46152315
MAD2L2,0.46141675
SNRNP40,0.46140507
TBL1X,0.4613878
PIGU,0.4612787
NUBP2,0.46124342
ISG20L2,0.46122777
INO80C,0.46122292
HPS6,0.46118376
MAF1,0.461181
PRPSAP1,0.461179
FTSJ3,0.46117747
PDIA4,0.46114197
SPATA13,0.46111512
NGLY1,0.46111125
SPINT1,0.46110263
CSGALNACT1,0.46106413
TMPO,0.46100453
PRDM4,0.46100366
GPAA1,0.4609639
DUSP16,0.46093437
EYA3,0.46092722
HMG20A,0.4609064
GEN1,0.46090505
MED4,0.46089205
MSL1,0.46088463
POMK,0.46082592
SIRT1,0.4607583
PJA1,0.46071377
FKBP4,0.4607074
KIF14,0.4606264
RCAN1,0.4606148
PSMD10,0.46058
TUBB3,0.46056706
RHNO1,0.46056437
LAS1L,0.46055654
PECR,0.46044648
LAMP2,0.46042034
EXOC1,0.46039355
DAB2IP,0.4603586
FASTKD2,0.46033892
EXOC7,0.46029386
UBR4,0.46029016
GIT1,0.4602773
GINS1,0.46023554
LTBR,0.46023157
EIF2D,0.4600693
PIK3C3,0.46005237
PSMB1,0.4599486
NFKB1,0.45988697
DOT1L,0.45988652
SMARCC1,0.45987895
FMR1,0.4598242
ROCK1,0.45981747
IREB2,0.45981726
RCOR3,0.4597741
EIF2B3,0.4597626
NFATC4,0.4597226
MPND,0.45970154
RNF138,0.45968452
MOB1A,0.45966598
MTIF3,0.4596543
NHP2,0.45959702
MPHOSPH8,0.459595
MAPRE2,0.45957613
PAQR8,0.45955738
EIF3J,0.45952472
MBD6,0.45951742
PARD6B,0.45947725
EXOC2,0.45947528
FAM98B,0.4593298
MTM1,0.45928866
DDX41,0.4592179
THOC6,0.45920408
HTATSF1,0.45914134
EXOSC9,0.45907885
TAOK3,0.4590245
NGDN,0.45900437
RND3,0.45895135
CPNE1,0.45891303
IQCE,0.45887914
SHC1,0.45874172
HEPH,0.4586434
DAP3,0.45860726
DHX15,0.4585757
MBOAT1,0.45856392
MSRB2,0.45853513
GNAL,0.4585137
RPS27L,0.4584963
MBIP,0.45849007
PLD1,0.45845687
SLC12A9,0.45842335
SMURF2,0.45838395
HARS2,0.45832387
NUCB1,0.45827577
KIF4A,0.4582739
RAB30,0.45827058
MRPL30,0.45827046
DNAJA1,0.45820868
LAMTOR5,0.45817056
MTFMT,0.45805198
EXTL3,0.45800915
LTBP4,0.45795596
METTL22,0.45792845
PPM1A,0.45792514
GTF2H1,0.45792213
NFYA,0.45791826
KIF3C,0.45788714
EIF5B,0.45787615
MANF,0.45786285
RPRD1B,0.4578029
EHD4,0.45771405
GCLC,0.45768768
RAPGEF6,0.4576516
SNIP1,0.45758823
DDX46,0.45758274
EXOC3,0.45753333
PNRC2,0.4574495
MPDU1,0.45743063
MOSPD2,0.4574085
PPP1R8,0.45738405
GMEB1,0.45733765
GEMIN4,0.45733258
JAG2,0.4573184
LRSAM1,0.45730934
RNF31,0.45730725
POLH,0.45728615
CTSD,0.45728013
PHLPP2,0.4572162
MAFK,0.45718616
PAF1,0.45718017
RCN1,0.457172
PPP1R13L,0.45715168
MPDZ,0.4571442
EIF2A,0.4570496
MEGF8,0.4570298
EXOSC7,0.4570131
IL13RA1,0.45698884
COL5A1,0.4569886
EIF2S1,0.4569658
IFT74,0.45695496
LUC7L,0.45694426
RABL2B,0.45690542
MAP3K7,0.4568665
NEK2,0.45680162
UBA2,0.45669845
FIG4,0.4566219
DPYSL2,0.4565965
LAMTOR3,0.4565062
LSM3,0.45646635
INTS9,0.45645332
PARS2,0.45644855
INTS5,0.4564314
OSGEP,0.45639542
NDEL1,0.45634317
SORD,0.45632023
RBM19,0.45624617
CSTF3,0.45624173
RC3H1,0.4562036
PACS2,0.45617682
INTS2,0.45615727
STOM,0.456103
PCSK6,0.45608008
CPSF6,0.45604408
GFM1,0.4560346
PLAA,0.45595708
EMB,0.45590082
SHARPIN,0.45589784
ERI1,0.4558855
MORC2,0.45577717
STON2,0.45570096
PRMT5,0.45567378
MTIF2,0.4555265
DDHD1,0.45552373
MKKS,0.4555172
PRMT1,0.45551234
EIF2AK3,0.45545158
PPP1R13B,0.455399
MTMR1,0.4553916
KCNQ1,0.45538643
EDC3,0.45534816
FSCN1,0.4553026
MRPL18,0.45528173
KIF2C,0.45516664
HADHB,0.45515567
PPIB,0.4550913
MCAT,0.4550887
CTDSPL,0.45507517
DENND6A,0.4550263
GGA2,0.45501405
RIOK3,0.45501143
SKAP2,0.45496425
DDX24,0.45494574
RBAK,0.45493597
NKIRAS1,0.4548296
MAK16,0.4546954
TFDP1,0.454688
NAE1,0.45464432
KRTCAP2,0.45462856
FANCM,0.4545713
IVNS1ABP,0.4544534
IFT81,0.4543824
DCAF16,0.45437786
RAP1A,0.45436922
FKBP15,0.45434988
MECR,0.45430052
RBL2,0.4542474
CUL1,0.45414472
PAK1IP1,0.4539971
SAMM50,0.45396468
COL4A2,0.45366132
RAD50,0.45365888
NPTN,0.45363355
LAMP1,0.45361197
OTUD3,0.45359686
MTF1,0.45359278
GRK6,0.4533477
GK5,0.45334178
EXOC6,0.45321807
MRPS18A,0.45314327
JMY,0.45307347
ETS2,0.45293856
KPNA3,0.45282203
IMP3,0.45280004
SPIRE2,0.45273542
RAD54L,0.45271853
MYO6,0.45270064
SOS2,0.4526571
RPL36A,0.45264947
MICALL1,0.45250866
GNPDA1,0.4524519
PDK1,0.45242766
FANCI,0.45241645
MAN2A1,0.45223138
RGS1,0.45211995
KIF20A,0.45206732
RAB2A,0.4520297
NAA10,0.4519888
LLGL1,0.45197085
GNS,0.4519353
POLR2I,0.4518799
PLD2,0.45186344
KATNB1,0.45183447
HERPUD1,0.45181695
ETFA,0.45179555
KIFAP3,0.4517009
NTM,0.4516261
DNA2,0.4516059
FNDC5,0.45153752
RPS6KA2,0.45141894
LCMT1,0.45141038
LONRF1,0.45130882
KLHL2,0.45124915
LSM14B,0.45124242
CDYL,0.45122382
ID2,0.45118842
PPA1,0.45114818
HSPA5,0.45102996
LRIG1,0.45101902
L3MBTL1,0.45097712
NOL8,0.45095155
EEA1,0.45089096
MEAF6,0.45085794
MAFG,0.4508296
DDIT4,0.45079654
FAT4,0.45072272
NAA20,0.4506989
RIN2,0.45052046
PARP12,0.450456
DBI,0.4504117
NSUN6,0.4503903
RAB34,0.45028046
USP47,0.45026404
MSH3,0.45024958
ERF,0.45024914
HLA-DOA,0.4502097
MPI,0.45018217
PCDHB5,0.4501723
LRP12,0.45014584
RAB11B,0.45013115
RAP1GAP,0.45012012
NOM1,0.45009232
ORC1,0.45008367
MRPL22,0.4500731
TRAPPC12,0.4500415
MTMR14,0.44990847
MAD2L1,0.44987652
PDCD7,0.4498645
NR1H3,0.44979498
IRS1,0.44974452
MSRA,0.4496723
SMYD4,0.4494886
MICU2,0.44942358
PTPRE,0.44941857
HSPB8,0.44941702
RAB3GAP1,0.44936377
NRF1,0.4493141
DNAJA3,0.44930217
PPP1R3B,0.4492606
NDUFS7,0.4492396
FBXW5,0.44923204
PIKFYVE,0.44922194
IL1RAP,0.44922185
GTF2A1,0.4491838
KIF26B,0.44901237
RACGAP1,0.44892946
SUPV3L1,0.44888315
HEXB,0.44885817
LRP6,0.44885322
RIC8B,0.4488379
NIP7,0.44877085
RTF1,0.44867283
KLC2,0.4486232
PIR,0.4485806
SMAD1,0.4485391
RFX3,0.44845033
RBM25,0.44837096
MTHFS,0.44831872
NADK2,0.44826245
TNRC6A,0.44823995
NDUFA9,0.4482383
GAA,0.44823608
INPP5E,0.44820207
INTS1,0.44819742
ISG15,0.44819415
ILK,0.44814852
MMADHC,0.44814727
IRF2BP1,0.4481207
IMPDH1,0.4481036
MRPS9,0.44805664
GNA13,0.44800812
METAP2,0.44790792
NFRKB,0.44789475
MED29,0.4478867
IFI30,0.44788337
CRK,0.4477837
RAB1A,0.44776922
TRERF1,0.44773448
MRPL34,0.4476701
MIS12,0.4476202
ERGIC3,0.4476046
LSM7,0.44759193
MED23,0.44758654
RAD23B,0.44754538
SLC25A12,0.447541
MYBBP1A,0.44753572
KIF1C,0.44753134
KALRN,0.44751745
FUT4,0.4474993
SPAG9,0.4472786
TFDP2,0.44727033
PDHB,0.44720095
PODXL2,0.4471142
HOXB6,0.44709122
NMT2,0.447059
PDLIM2,0.44705766
NRP1,0.44688287
CUL3,0.44676477
NFKBIL1,0.44674864
DYNLL1,0.44674212
JDP2,0.4467268
MMP11,0.44665414
MRC2,0.44659385
INTS3,0.44648147
PCYT1A,0.44644648
MAP2K3,0.44637722
MRPS18B,0.44634765
RPRD2,0.44633564
OCRL,0.44629338
PLXNA1,0.4462777
TNK2,0.44626874
PSMD2,0.44625553
GADD45GIP1,0.44620624
EEFSEC,0.4460789
GABBR1,0.44606826
PSMB2,0.44606763
FUT8,0.44605327
RAD52,0.4459876
GALNT11,0.44598463
EXOC5,0.4459715
OS9,0.44592926
EIF2S2,0.44585332
NAPB,0.44578764
NOP2,0.44575307
RBM28,0.44574636
SMC4,0.44562632
HAUS5,0.4456234
NFS1,0.44555888
HRH1,0.4454591
ERLIN2,0.4454114
MED16,0.44536242
HACL1,0.44528776
IFT172,0.44525984
GNA12,0.4452553
KCNN4,0.44522962
RARB,0.44520226
PTDSS2,0.4451846
INSIG1,0.4451283
TRAF2,0.44500524
PASK,0.44486445
PLXNA3,0.44481668
MID1IP1,0.4448032
FBXL4,0.4447902
IFT122,0.4446727
SLC25A24,0.44466245
PCOLCE,0.44460183
DCTN5,0.44453913
TUBB4B,0.4444985
GLCE,0.44441912
S100PBP,0.44438374
ESPL1,0.44438225
PELI1,0.4443561
PNKD,0.44421366
RAB3GAP2,0.44420186
POLA1,0.44417527
MON1B,0.44415405
PCGF5,0.4441045
CWC27,0.4440933
PDLIM1,0.44407713
PHKA2,0.44406345
MRI1,0.4437922
NOB1,0.44374013
PHYKPL,0.44370586
ITFG2,0.44369897
GTPBP2,0.44368577
PEA15,0.44367784
HMMR,0.44366494
GJC1,0.44358316
PTPN1,0.44353792
PPIH,0.44349146
COL4A5,0.4434738
POLR2F,0.44344264
KDM4A,0.44338405
DLG5,0.4433432
MMACHC,0.44329882
NOP9,0.44329825
RNF123,0.44329172
POMT1,0.4432872
LMOD1,0.44319808
NRCAM,0.44311264
ECHDC1,0.44304588
SBF2,0.44302717
PGAP1,0.44302288
NOC3L,0.4430188
HGSNAT,0.44295764
MAT2B,0.44293404
NCAPH2,0.4429233
GDE1,0.44289124
PUF60,0.4428227
PHC3,0.44277108
LEO1,0.44276285
NDUFS1,0.44274032
SENP2,0.4426079
SREK1,0.44250575
SEC11A,0.44247293
NAPG,0.44226646
MRPL13,0.44223952
FBXO41,0.4422288
KXD1,0.44219598
PDXK,0.44205523
GYS1,0.4420099
ELAC2,0.44199234
DLGAP4,0.4419608
LAMTOR4,0.4419104
PLK1,0.44185126
NCBP2,0.4418255
SLC35E3,0.4418009
GNB5,0.44173637
DTL,0.44172236
KATNAL1,0.44172227
PPP1CB,0.44170803
G3BP2,0.44170377
LMF2,0.44167453
INPP5B,0.44161615
HDAC9,0.44151297
MRPL33,0.44140834
IPO8,0.44131336
DHX36,0.44127017
EFTUD2,0.44126526
IFT140,0.4411922
NPC1,0.4411809
RBM34,0.44116047
DDX21,0.44113216
MAGT1,0.44107834
GPN2,0.4410622
PSME1,0.44085926
SAR1B,0.44085568
GRWD1,0.44082037
GDAP1,0.44080317
MAEA,0.44069666
RPS27A,0.44062614
DNM1,0.44060203
HERC2,0.4405944
IKBKG,0.44057977
SP3,0.4405795
RAB27A,0.44053894
SHMT1,0.44046435
RBM22,0.44044894
DDX23,0.4403982
SNAPC1,0.4403841
PPCDC,0.44038284
RUNX2,0.44033745
PLCL1,0.44033176
CFL1,0.4403122
ELF1,0.44025666
MRPS34,0.44022977
TRAK1,0.44017112
MAN2C1,0.44009262
FBXL19,0.44009054
EPN1,0.4400164
PSMD1,0.4399841
PVR,0.4398949
GRN,0.4398906
MED21,0.43988368
REV3L,0.4398788
NCK1,0.43983993
HOXA1,0.43972093
RABEPK,0.4396027
SETD2,0.4395294
SFSWAP,0.43950468
E2F7,0.43935144
FAM120B,0.43927363
MRPS11,0.43922302
HSD17B12,0.43921134
LIN54,0.43907946
RPS15,0.4388741
PMEPA1,0.43877006
FZD4,0.43876925
NUP62,0.43865177
LEPR,0.43862054
GALK2,0.438587
TICRR,0.4385085
GUK1,0.43850306
FAM83D,0.43845522
DYNC2H1,0.43843424
EIF3G,0.43839112
ILF2,0.4383756
UBA52,0.43836394
FBXW2,0.43835574
MCCC1,0.4382455
SNRNP70,0.43819028
FKBP5,0.4381737
NDUFB1,0.43776715
MBP,0.43775043
KCNG1,0.437697
KLHL12,0.4376719
MRPL38,0.4375998
HECTD2,0.4375872
MRPL16,0.4375452
WDR43,0.43749154
KDELR2,0.43742028
PLOD2,0.4373836
LLGL2,0.43727353
PRCP,0.43723544
MSRB3,0.43723112
PGGT1B,0.4372306
PUS7,0.43719575
KIF3A,0.43716374
TMBIM6,0.43709645
GTF2H3,0.43708673
SMAD6,0.43705508
EIF3I,0.4369807
SATB2,0.43688527
METTL4,0.43687508
PSMA1,0.43684965
REEP3,0.4367673
NR2F2,0.43676686
GDI1,0.4367529
OTUD5,0.43668723
KIFC1,0.4365338
MYLIP,0.43651345
RAVER1,0.4363243
GOLGA1,0.4361825
MAP3K5,0.43617803
ICMT,0.43616354
SPIRE1,0.43608928
LONP1,0.43603307
MED17,0.4360326
STRIP1,0.4357704
INTS4,0.43575835
TOP2B,0.43575662
ITPR2,0.43572685
MRPS7,0.43562987
GPSM3,0.43561652
NAPA,0.4355986
LPCAT4,0.4355235
RBX1,0.43546683
PABPN1,0.43543598
LIG3,0.43542105
STK4,0.4353406
PHF8,0.43529972
MOV10,0.4352471
IPO4,0.4352389
TOMM7,0.43517637
KIFC3,0.4351102
FARP2,0.4350898
GTF2F1,0.43501055
NET1,0.43495443
HADH,0.43495223
RBBP5,0.43486935
ITGB5,0.43480754
NEDD1,0.43480518
PPP1R9B,0.434733
DGKH,0.43470412
NDUFS4,0.43468812
FANCB,0.43468544
GABARAP,0.4346275
GLMN,0.4345892
POLR1B,0.4345809
INIP,0.43457824
LYPLA2,0.43438074
FXYD6,0.43420154
SRGAP1,0.43399632
MICAL2,0.43392327
GOT1,0.43385074
SDC1,0.43379694
LIN52,0.43378028
MFAP2,0.43377653
HSPB11,0.43370423
INPP4A,0.43339726
DNAJC1,0.4333136
HS6ST1,0.43322828
PIAS4,0.43318006
PRKD1,0.4331244
PDK3,0.43312225
NECAB3,0.43306234
MANBA,0.43305197
HLA-DRB5,0.43300995
EPHB4,0.43284416
NELFA,0.4327983
FBXL2,0.43279368
MAPK12,0.4326756
PIP5K1C,0.43263766
IQSEC1,0.43254578
PRPF6,0.432542
NIPA2,0.43250936
DIS3L2,0.43246853
GTF3C3,0.43237233
NDUFB5,0.4320195
GFPT1,0.43194506
RMDN3,0.43182987
MINK1,0.43181103
HLA-F,0.43180835
NOMO3,0.43159118
NME2,0.43145815
KLHL21,0.43129995
GGA1,0.43123224
GNAI1,0.4312321
PDE4A,0.43123052
SRD5A1,0.4310808
PTPRU,0.43102697
NSUN5,0.43100458
RPL38,0.43093002
LTBP1,0.43087494
MAP2,0.43083343
KRT80,0.4308075
DISP1,0.43056482
RNF185,0.43056473
CRABP2,0.43050435
MYBL2,0.43047696
CTIF,0.4304462
NDUFB10,0.43036184
INO80D,0.43034074
LEMD2,0.4303375
MGAT4B,0.4303298
PDPR,0.43026385
MRPL1,0.4302019
SEC24B,0.43012264
MKNK1,0.43012202
DNAJC5,0.42992073
SLC2A1,0.42988953
FXR2,0.42962575
MFN1,0.42957518
KANK2,0.4295741
GSK3A,0.42952
NOC2L,0.42945737
MED22,0.42938527
RPS15A,0.42934412
GPSM2,0.4293226
PPP1R12A,0.4293116
CTBP1,0.42924654
NSMCE4A,0.4291763
RAB1B,0.42899275
PGAM5,0.42878026
FLRT2,0.42874858
HYOU1,0.42869893
PACSIN3,0.42860854
PLA2R1,0.42857325
GOLGA2,0.42836463
HCFC1,0.4283123
FBXW8,0.42814144
LATS2,0.42801842
RIMKLB,0.42788383
MRPL37,0.4277952
IMPA2,0.42776662
MPP7,0.42759803
HEXIM1,0.42759115
ITGA3,0.42758247
FOXP4,0.4271763
MED28,0.426954
PPT2,0.4267879
GOLM1,0.4265739
MAN1A1,0.4265581
PSMG2,0.42651308
PCK2,0.4263673
PITRM1,0.42616352
HIF1AN,0.42614853
GAK,0.42595825
NDUFAF6,0.42594078
UBC,0.42565826
NELFCD,0.42556396
DNMBP,0.42550862
NUP153,0.42549223
FNIP1,0.42540973
PRPF39,0.42540652
RFC3,0.4253638
PAPOLA,0.4253139
MAP3K9,0.42525944
GNPTG,0.42512205
KIF23,0.42510813
RCC1,0.42495015
FBXL18,0.4247844
HSF1,0.42468983
RPS11,0.42456642
RAB11A,0.42455176
EIF2AK1,0.42433903
LTBP3,0.42433247
PPP6R1,0.42422903
NCAPG2,0.42422697
PPRC1,0.4242099
EIF1,0.42409083
SHCBP1,0.42409077
KANSL2,0.42405516
GNL3L,0.42400885
MYSM1,0.42388374
HDAC7,0.423842
NINL,0.42377037
PARVA,0.42377007
RTN3,0.42373037
TNRC6B,0.42367452
RER1,0.42359605
FER,0.4234928
KMT2B,0.42339966
DOCK4,0.4233911
NPAS2,0.4233023
LATS1,0.4232739
DNAJB6,0.4230147
PRPS1,0.42297253
SAMD8,0.4229355
PIF1,0.4226323
LPGAT1,0.42254212
HMGCS1,0.42250776
GOLIM4,0.4224948
NUP54,0.4224547
MORF4L1,0.42237195
FBXL17,0.42228395
KIF22,0.42221555
GGCT,0.42219034
MEX3C,0.42202848
EVI5,0.42196497
PYGO2,0.42190033
RASA2,0.42189765
FAU,0.42174128
SLC7A6,0.42168692
NT5C3A,0.42163438
CSPP1,0.421583
PISD,0.42148843
SLC30A6,0.42146075
NEU3,0.42140535
EXOSC2,0.4214049
DCAF8,0.4212722
MYBL1,0.42118803
NPM3,0.42118514
ELL2,0.42107293
DDX42,0.42104873
SQSTM1,0.42102253
NOP56,0.42081884
NAB1,0.42078295
CTDSP2,0.42074552
MOB1B,0.42054582
MIS18BP1,0.42042235
HAUS6,0.42038628
NCEH1,0.42007133
SORL1,0.4198756
GNB2,0.41986135
FBLN1,0.41970354
ORC6,0.41963282
SRSF5,0.41939232
PRKCI,0.41937223
MAPK14,0.4193508
PPIL2,0.41932103
MAPKAP1,0.41923273
NDUFAB1,0.41921702
MIA3,0.4192073
PTPRM,0.41910318
PIGS,0.41904983
EEF1B2,0.41899967
LAMB1,0.41888243
INTS7,0.41887414
FARS2,0.4188525
MIDN,0.41878676
MZF1,0.41877174
FAM168B,0.41868162
PRPF40B,0.41861737
GTPBP4,0.41855663
PLCD3,0.41853887
MVD,0.41843954
RHOBTB1,0.41828087
ODF2,0.41819462
SCARA3,0.41817975
STIP1,0.41802672
SFI1,0.41802084
PIAS3,0.41792774
EPC1,0.41777083
HTT,0.41757265
SPPL3,0.4174973
MAPK6,0.41749415
LRRC40,0.4174407
HMGCR,0.41736338
DNAJC8,0.41721946
TLN2,0.41721475
RHPN2,0.41692376
RPA1,0.41692364
MTMR2,0.4168776
GDF11,0.41685912
IWS1,0.41668347
OSTC,0.416671
NACC1,0.41646448
MX1,0.41640198
PIGL,0.41632354
PLXNA2,0.41625884
SZT2,0.41625756
ORC3,0.41616863
OSBP2,0.41615552
NOP14,0.41612554
GART,0.41612098
JUND,0.4161091
TANC1,0.41600162
PCDH7,0.41597584
LONP2,0.4159003
FLOT1,0.415758
IGFBP7,0.41565815
MARK4,0.41565442
HOXB3,0.41558218
HIRA,0.41554192
LRRC47,0.41542795
EIF5,0.4152981
TACC1,0.41525632
MSL2,0.4151041
DYNC1LI2,0.4150278
LEPROT,0.4147237
PRKRIP1,0.41451788
MTHFD1,0.41450903
IBTK,0.41448566
PTPN13,0.41441363
FUBP3,0.41439524
RTEL1,0.41426718
EEF2K,0.41420013
RTN4,0.41419154
PPIP5K2,0.4141518
SIN3A,0.41409418
E2F3,0.41357195
SLC7A11,0.4135312
MOGS,0.4135213
SEMA6A,0.41329077
MAGI3,0.41315255
MFF,0.41301697
FDPS,0.4128965
MBTPS1,0.41289192
PSMF1,0.41283
DGKD,0.41280237
PCGF2,0.41266948
KIF2A,0.41260794
MAVS,0.41246307
GNB4,0.41236457
DENND5B,0.41230652
DNAJC13,0.41229197
MAP3K3,0.41228703
FURIN,0.41213605
DLG1,0.41206506
GNL1,0.41205713
PARP4,0.4120344
MRPL19,0.41202265
NDC80,0.41190028
NMRAL1,0.41187787
DOCK5,0.41180542
FRS2,0.41174477
MICA,0.4116759
MFSD12,0.41167188
NRP2,0.41167107
LEMD3,0.41159013
MRPL3,0.4115041
FKBP1A,0.41106576
LRP1,0.41097173
RNF24,0.41092467
GTF3C1,0.41084594
PDE8B,0.4108386
RBBP4,0.41072926
HBS1L,0.41049314
NAA16,0.4104796
NOL11,0.41045743
NAA40,0.4103887
INPP5F,0.4103053
OBSL1,0.41014925
MFHAS1,0.41012773
PLXND1,0.41006383
NUP43,0.4098553
GPR89A,0.4098539
LIG1,0.40951574
MAPK8IP3,0.40948355
MTDH,0.40930426
GTF3C4,0.4090742
IGBP1,0.40900525
CS,0.40898767
LAMA4,0.4088377
NUP160,0.408829
SUN1,0.4087598
MDFIC,0.4087101
DAB2,0.40828145
DNAJC11,0.40816593
TULP4,0.40816477
NDRG3,0.40816218
GTF3C2,0.40814528
ELP2,0.4080735
PEX26,0.40803027
REV1,0.40790868
RABGGTB,0.40784255
LIMD1,0.40783855
FBXW11,0.40758014
MGLL,0.4075572
LPIN2,0.40754834
PGM1,0.40747657
EIF3D,0.40727654
FARSB,0.4072653
GOLGA4,0.4072056
RAB10,0.40717667
PLCG1,0.40702707
FANCL,0.4069522
RPL34,0.4068651
LAMC3,0.40678963
FAF2,0.40676045
REEP5,0.4063529
DDX39B,0.40631157
NDUFV2,0.40620866
KDM4B,0.40604433
CSDE1,0.40585998
GID8,0.4057895
NME7,0.40556598
RXRA,0.40531388
PPP1CA,0.4052654
MTA2,0.4052448
IARS2,0.40522006
RPL7L1,0.40497908
RUSC2,0.4049677
ERH,0.40483847
MOCOS,0.4047732
NUAK1,0.40453744
MYO9A,0.404418
GLUD1,0.40385565
RFX5,0.4036874
NAF1,0.40356952
EIF2S3,0.40356272
NFE2L1,0.40348643
GSR,0.4033977
MYH10,0.40334362
POFUT1,0.40329334
FBXL20,0.40327698
PPIF,0.40327156
SLC3A2,0.40306213
FNBP1L,0.4029464
PPIG,0.4028698
IQGAP3,0.40277013
NDUFA4,0.4026499
HIPK1,0.40243694
KIF15,0.40243164
DNM3,0.40240434
PDCD6,0.40237224
IFNGR2,0.40234601
G3BP1,0.40208322
HADHA,0.40198296
NAA60,0.40172946
METTL7A,0.4017268
F11R,0.40166876
MRPL48,0.4016338
PDPK1,0.40161604
RPL31,0.40143347
MAGI2,0.40138832
FLOT2,0.40117395
FOXK1,0.4011068
NDUFA10,0.4010584
SPTBN2,0.40097725
MRTO4,0.40093645
GBE1,0.40089548
LBR,0.40089354
MCU,0.40069708
PAAF1,0.4006716
SH3BP2,0.40041915
KIF18B,0.4001951
RAD18,0.40001035
SF3B3,0.3999997
TNS3,0.39977026
PRKAR2A,0.39943022
GLB1,0.3993643
NCAPH,0.3993055
HINT1,0.39909318
MAP3K2,0.39901504
SIK2,0.3989862
NPHP4,0.39891264
PEX19,0.39889148
HDAC1,0.39882845
NAT10,0.39881524
ORMDL3,0.39874297
KPNA1,0.39860156
GORASP2,0.39856914
GBF1,0.39851335
NCLN,0.39830592
KLHL5,0.39818466
PATL1,0.39818287
SEC31A,0.39809543
NDOR1,0.3980303
SOS1,0.39800692
MAP4K5,0.39779818
NFIX,0.39774284
MED25,0.39765713
REXO1,0.3976274
TCP1,0.3975288
NCOA7,0.39738658
RAC2,0.3971947
HLTF,0.3970147
PARK7,0.397009
MTR,0.39691725
CYTH3,0.39685938
RPS12,0.39669776
HECTD1,0.39662436
SNRPB,0.39645943
EPB41L2,0.39625293
NCOA1,0.39612198
MID1,0.39610714
GTPBP1,0.39567173
ITPR3,0.3954844
MTMR12,0.39538535
RAB6A,0.3953142
GNAI2,0.39531022
GTF3C5,0.39521137
MYL12B,0.39520618
NEMF,0.39517123
EPN2,0.39513132
MRPS6,0.39511707
L3HYPDH,0.39511275
NFKBIA,0.3950211
NDUFV3,0.3949836
TMOD3,0.39437371
LSP1,0.39415765
SREBF1,0.3938525
GLO1,0.39368358
HJURP,0.39367038
IDE,0.39353248
HNRNPA3,0.39351508
PHF5A,0.39342234
IMMT,0.39333004
ITGA11,0.3930061
MLXIP,0.39265814
LSG1,0.392565
RAB11FIP3,0.39254257
ELOVL6,0.39245325
NBEAL2,0.3923406
IQGAP2,0.39196151
HLA-DRB1,0.391944
EIF4EBP2,0.39187494
KPNA4,0.3916786
NMT1,0.39155596
GLG1,0.39145878
RBPJ,0.39145288
MEIS2,0.39143494
PEX14,0.3913826
NR2F6,0.39132744
INPP4B,0.391297
GTF2F2,0.3912449
MDN1,0.3911719
PSMA5,0.39110884
MSL3,0.39110732
SCRIB,0.39108285
NSFL1C,0.3910486
RANGAP1,0.3905228
MAP3K4,0.39049277
HIPK2,0.39046225
PIP4K2A,0.39034885
GALNT7,0.39022073
LRRC41,0.39009506
DHCR24,0.38954216
PCID2,0.38945094
NPDC1,0.38905928
FRAS1,0.38893119
EP400,0.38891238
RANBP3,0.38882706
PI4KB,0.388363
NUF2,0.38804215
NSMAF,0.38764298
ENSA,0.38754046
HMGN1,0.38739952
MIEF1,0.38695404
NUP107,0.3863965
LNPEP,0.3862704
EIF4H,0.3861108
LDB1,0.38571537
ECE1,0.38545188
MAN1B1,0.38530353
HSPA1A,0.38528463
EIF3H,0.38501528
KANK1,0.38495153
RDX,0.38475397
MED14,0.38469315
NARS2,0.38466486
NEK9,0.38447973
GNG12,0.38405094
SAE1,0.38378173
RBBP6,0.3835564
PTPRS,0.38349405
NUP93,0.38325617
PNISR,0.38322008
NOLC1,0.38284057
RPL12,0.3826856
KAT6A,0.38259807
ITPK1,0.38259438
KIF3B,0.3821007
RANBP10,0.3819776
DSTN,0.38181853
MBD2,0.3817034
NOL9,0.3816516
LIMA1,0.38162008
DSP,0.3812715
POLR2J3,0.38126796
HEG1,0.38036934
NUP88,0.38036737
IL15,0.38034943
POLK,0.38033798
FGD4,0.3802379
NOL10,0.38022488
HLA-DPA1,0.37999457
LPIN1,0.37980792
MCM6,0.37975174
SRPK1,0.3796777
MAP2K5,0.3794416
PPP1R15B,0.37941852
LSS,0.37927502
MAPK9,0.37893873
DHX9,0.37859473
ELF2,0.3785261
MAN1A2,0.3784662
PBX2,0.37835374
PA2G4,0.3781538
PRDX3,0.37811145
ST3GAL3,0.37800404
MKRN1,0.37769917
HEATR1,0.3776549
RPL10A,0.37743673
HK1,0.37722617
KHDRBS1,0.37705427
RNF38,0.37693718
LGMN,0.37691718
GALNT10,0.37684327
KDM2B,0.3768128
RBM14,0.37655053
INVS,0.37633884
PPP5C,0.37625796
DIAPH1,0.37620687
NADK,0.37577215
PELI2,0.37570545
MAP4K4,0.37528092
LGALS3BP,0.37496167
FAM13B,0.37496063
ITGB3BP,0.37492588
PRMT3,0.37486637
MTMR3,0.3747252
LMNB2,0.37472215
OPHN1,0.37460467
GRSF1,0.37451798
PDLIM5,0.3740902
PCCA,0.37365085
FMNL2,0.3734974
PGS1,0.37349033
HOMER1,0.37335217
SDCCAG8,0.37329885
MCCC2,0.37307745
STARD13,0.3729354
FARP1,0.37288797
NCOA2,0.37279138
PRPF8,0.3725592
RBM39,0.37236932
PTPN12,0.3720438
CTNNA1,0.37203708
MGAT5,0.3718176
KLHDC3,0.3717948
NBR1,0.37175214
GOLGA3,0.3713892
MCM4,0.37135988
HSD17B4,0.3709656
ERP29,0.37088215
GNAI3,0.37080938
GTSE1,0.37043273
PGD,0.3703965
PHF21A,0.3703542
GULP1,0.3702567
GLUL,0.37019163
NDUFS6,0.36997434
STK3,0.3697606
LCLAT1,0.36969
NUDC,0.36962634
NCAPD3,0.3694066
KCMF1,0.36899364
IP6K1,0.36895102
LRRC8D,0.36862755
GON4L,0.36854208
EHBP1,0.36853823
NUMA1,0.36837587
DENND1A,0.3680041
IMPDH2,0.3679828
SMCHD1,0.36784112
NLGN2,0.36725718
PPP2CA,0.36720347
SMG7,0.36694697
POM121,0.36684397
MIB1,0.36650938
KDELR1,0.36639917
SLC2A3,0.3663285
IPO11,0.3660601
SSH2,0.3656254
RAI1,0.36557016
INCENP,0.36556345
PRKCSH,0.3655557
GATAD2A,0.36549726
PSMD12,0.36542606
IFI44L,0.36514807
MTF2,0.3650566
FADS1,0.36468226
FBN1,0.36459818
FOXK2,0.364374
IP6K2,0.36430869
DYNC1H1,0.36406052
MED27,0.3640078
ROCK2,0.3636669
MPP5,0.3633876
GAPVD1,0.36268544
POLR2B,0.36174694
MYL12A,0.36167902
MAP2K6,0.36157206
GIGYF2,0.36153868
RPL37,0.36125594
MNAT1,0.36119032
NUP205,0.36117485
PTBP2,0.36117092
IQCB1,0.36074847
MFN2,0.3606737
LYRM4,0.36044836
NLRP1,0.35963163
NUDT21,0.3594975
PDSS2,0.35945472
NLN,0.3594124
EIF4G2,0.3588269
KDM5B,0.3588011
RFX7,0.3584205
IPO5,0.35810634
PAPSS1,0.35807008
TBC1D4,0.3578708
HLA-DPB1,0.357709
MYO1C,0.35738865
MCM2,0.35682034
PRR5L,0.35677406
OSBPL5,0.3565782
HIPK3,0.35644564
ERGIC1,0.35637972
PDS5B,0.3562528
MCM7,0.3561055
NME4,0.35589826
MRPL49,0.35579073
MSH5,0.35558972
MAP4K3,0.35554
PRDX1,0.3555186
DDX17,0.35506284
KIF11,0.35498008
MCPH1,0.35495716
SCAI,0.35492355
GOLGB1,0.35490984
MKLN1,0.35420427
PFKM,0.3541669
HMGB1,0.35411435
ESYT2,0.35356006
FBL,0.35312665
FAM13A,0.35302934
GNL3,0.35294807
PPP2R5C,0.35282034
PSMD3,0.35281903
HMGN2,0.35281286
RPS20,0.3524473
LAMA3,0.35213235
MEF2A,0.3518804
POLQ,0.35175988
DIAPH2,0.35135165
ORC4,0.3512442
MTUS1,0.35123166
ME1,0.35050324
MGRN1,0.35017326
MICU1,0.3499824
PELP1,0.3499001
LIMS1,0.34985963
FKBP8,0.34981066
FXR1,0.34964377
IRAK1,0.3492581
LRP8,0.34801483
HERC1,0.34799948
EXOC6B,0.34775835
NSMCE2,0.3475635
MGST1,0.34746268
SRRM2,0.34746104
LSM12,0.34736323
NVL,0.34697023
KDM3B,0.34696403
DIDO1,0.3468366
NFATC3,0.3465667
SEC16A,0.34655088
RASA3,0.34641492
HNRNPH3,0.34639278
PRKAR1B,0.34605184
OTUD7B,0.345678
IPO7,0.34567407
RHEB,0.34522504
MMS22L,0.34460363
RALY,0.3438202
MAT2A,0.34373614
KPNA2,0.3436169
FERMT2,0.34361443
INPPL1,0.34321454
DPYSL3,0.34315473
GLI3,0.34209412
MED24,0.34187487
PDE7A,0.34149867
LARP4,0.3414805
EEF1D,0.34116697
RABGAP1,0.34109846
PRDX5,0.34107956
PKP4,0.34078854
KLC1,0.34034675
RSL1D1,0.34001157
IQGAP1,0.33995515
LARS2,0.3399009
PCBD2,0.33960313
RASAL2,0.33952808
MIER1,0.33952066
EBF1,0.3394999
IGF2R,0.33847362
KHSRP,0.3381476
LAPTM5,0.3378527
INTS6,0.33736178
LRP5,0.3369478
MAPKAPK2,0.33629557
NCOA6,0.33615664
EIF5A,0.33587983
MBD3,0.33560914
EZH2,0.33472124
RNPS1,0.33466238
PDS5A,0.33455664
RPL27,0.33454898
EIF4G1,0.33362082
HNRNPL,0.3335239
MPP6,0.3330015
OLA1,0.3329483
GPD2,0.332872
KCTD3,0.3321537
HM13,0.33200392
POLDIP3,0.33121228
RAB31,0.33033395
SRGAP2,0.3302873
OXSR1,0.3297229
MEMO1,0.32941073
PLEKHA2,0.32888037
NUMB,0.32874462
ELOVL5,0.32848224
LMAN1,0.32834876
RPL6,0.32753983
LRCH1,0.3274506
PLD3,0.32741868
SLC25A13,0.3271196
PRPF4B,0.32628852
PARVB,0.32614833
EIF3L,0.3259035
MDH1,0.32569775
NUP188,0.32566634
KIF21A,0.32434002
LMO7,0.32389712
MED15,0.3237441
OGT,0.323649
GANAB,0.32326496
RPL7A,0.32291946
PXN,0.32286596
PAIP2,0.32277846
SURF4,0.3225195
HNRNPDL,0.321036
ITCH,0.3208592
HDAC2,0.3208303
GJA1,0.3204571
KRT19,0.3197163
HNRNPAB,0.31957316
GMDS,0.3195547
PTPRF,0.31945148
SLC16A3,0.31747818
ENAH,0.31746894
PHKB,0.31723803
GALNT1,0.31705102
KNTC1,0.31689218
SPTBN1,0.31639516
DIAPH3,0.31604406
MCL1,0.3158786
PPFIA1,0.31578
INO80,0.3154053
GTF2I,0.31421572
MTA1,0.31390163
PPP1CC,0.3133365
LAMC1,0.31312186
POLR2A,0.3129771
EDIL3,0.31289387
NDUFAF2,0.31284264
PFKP,0.3128255
SH3RF1,0.3126596
NPLOC4,0.31206006
KPNA6,0.31179562
NAA50,0.3109158
PSMD11,0.31088254
PABPC4,0.310659
NR2C2,0.30888677
HNRNPUL1,0.30848682
MELK,0.30810517
PAN3,0.30810028
PBX3,0.307441
MAST2,0.30740547
NCKAP1,0.30734226
LMNB1,0.30732632
KIF13A,0.3071622
HSPA4,0.30634126
NSUN2,0.30519733
LUC7L3,0.3050685
RPL23A,0.3049894
PLOD1,0.30353445
LDLR,0.30341375
MRFAP1,0.30340543
PCNT,0.30175185
PRKCE,0.30162203
GSPT1,0.3006148
SRP9,0.29766098
HDAC8,0.29690656
NFX1,0.2966611
PRDX6,0.29628626
PIK3C2A,0.2946381
HSPA9,0.29185945
SRPK2,0.29066318
NAA15,0.29023615
NEDD4L,0.28983188
MED13,0.28937098
LGR4,0.28819925
ROBO1,0.28783804
MAML3,0.28691173
NAA25,0.28398025
PSPC1,0.28329873
QPRT,0.2824371
NLK,0.2819136
RPL29,0.28118956
PAFAH1B1,0.2807364
RPS16,0.28051284
RPS18,0.28049025
RPS5,0.2798904
MARK3,0.27915093
PKD1,0.27892998
IPO9,0.27706614
NCAPD2,0.27608877
MCC,0.27544528
NFATC2IP,0.27521196
MTA3,0.27516577
DST,0.27467012
FLNB,0.27447397
GRB10,0.27441102
SLCO3A1,0.27438673
GOLPH3,0.27389413
NUDT3,0.27372366
HNRNPM,0.27366993
MAMLD1,0.2736461
NBAS,0.2724247
MARK2,0.26739985
HNRNPK,0.26611477
GDI2,0.26570967
KIF1B,0.26449314
MCM3,0.264227
RBFOX2,0.26402184
HLA-C,0.26363662
RPS27,0.2631407
ITGB1,0.26229382
MBD5,0.26194033
RPL26,0.26150402
NUP210,0.26013047
JAZF1,0.259944
EHMT1,0.25871953
MYOF,0.25797564
FADS2,0.257684
LRRFIP1,0.25740567
NAP1L4,0.25719053
LARP4B,0.25614774
GPI,0.25607172
PAWR,0.2543014
PC,0.25395212
HLA-E,0.25375143
MYCBP2,0.2532567
PACSIN2,0.25308847
NDST1,0.2527929
MGA,0.25148755
KDM2A,0.2507722
PPP6R2,0.25025487
LDHB,0.25001058
PARN,0.24914397
HNRNPF,0.2490667
LPCAT1,0.24664907
HNRNPA0,0.24664664
TKT,0.24619974
RPTOR,0.24578193
HERC4,0.24534874
NRIP1,0.24456583
PUM2,0.24447352
PHB2,0.24428692
SMG1,0.24393323
EIF4A1,0.24207912
NOMO1,0.24149159
NHS,0.2401567
OXCT1,0.23794338
PIP5K1A,0.23656425
NUDCD3,0.2362827
TPI1,0.2355109
HNRNPD,0.2354398
PTGES3,0.23490047
HSPG2,0.23393443
EIF4B,0.23352322
MAP1B,0.23323064
MFGE8,0.23263521
GSK3B,0.23252378
PDE1A,0.23198672
PDXDC1,0.23190188
HNRNPH1,0.2309594
EIF4G3,0.23080148
PDE8A,0.2307956
EFNA5,0.2262531
NUP155,0.22596698
NR6A1,0.22545847
RERE,0.22307
NUFIP2,0.22201198
PTBP1,0.22046278
HSPD1,0.22042936
KRT18,0.21891877
KMT2E,0.21858342
RAN,0.21823901
FSTL1,0.21785419
GATAD2B,0.21454425
MKNK2,0.21365426
PPP2R1A,0.21196778
GNB1,0.21088164
OAZ2,0.21040533
EXOC4,0.20884174
NEK7,0.20733368
GLS,0.20458715
JARID2,0.20164293
ITPR1,0.19931896
MAD1L1,0.19717038
KPNB1,0.19676012
MRPS27,0.19591804
MIF,0.1953275
RPLP2,0.19514197
JMJD1C,0.1949457
HLA-B,0.1944456
ILF3,0.19385268
OBSCN,0.19265474
HUWE1,0.18986574
SPTAN1,0.18852818
RPS17,0.18827407
MTHFD1L,0.1857923
SERBP1,0.18424897
OAZ1,0.18404478
PPP3CA,0.18163817
RPS4X,0.18056867
PARD3B,0.17977874
FAF1,0.17833641
PDE3B,0.17756158
MEIS1,0.1771487
TXNRD1,0.17684935
RPL19,0.17680426
PHC1,0.17596756
NONO,0.1749186
LAMA5,0.17485198
MPRIP,0.17306384
OGDH,0.1720568
PTMS,0.1699995
FOXN3,0.16951045
SEMA3C,0.16840044
NASP,0.16443773
NIPSNAP1,0.16243726
HDLBP,0.16202441
TMSB4X,0.16161732
NEK6,0.15724462
PHF20,0.15482686
KANSL1,0.15368706
SLC7A5,0.1535882
SREBF2,0.1534735
GTF2IRD1,0.15254791
TEAD1,0.15038794
PSAP,0.14697841
RCC2,0.14515759
PAICS,0.14425713
PUM1,0.14148653
RPS19,0.14065015
PLEC,0.14061232
MYL6,0.13897732
FTH1,0.13883965
NIPBL,0.13872592
KRT7,0.13781841
PTPN14,0.13331501
TPT1,0.13098624
MACF1,0.12986764
MBNL1,0.12597294
PRKDC,0.121177465
GSE1,0.118129894
PPP6R3,0.11650337
RPL32,0.11339472
MATR3,0.11061706
PDE7B,0.11060824
HDAC4,0.10495297
RPS9,0.10059989
MDK,0.099302605
SMYD3,0.09778977
EEF1G,0.09319749
NR3C1,0.09144001
HNRNPU,0.09130249
GALNT2,0.08344639
RPS23,0.083199926
PTPRJ,0.08066757
RPL11,0.08045148
TRIO,0.066791944
FTL,0.0650673
RPS8,0.06270997
PARD3,0.061191145
NCL,0.055961605
RPL8,0.055679534
RPL23,0.05291321
EEF2,0.052514568
RPS29,0.052492604
MECOM,0.050474275
EEF1A1,0.042327963
MYO10,0.040356215
PTMA,0.038733125
TUBA1B,0.03719638
PALLD,0.035702977
NAP1L1,0.033029452
PTK2,0.02908917
HSPA8,0.028222216
HNRNPA1,0.028157411
NFIA,0.025368778
PRKCA,0.025332771
TUBB,0.022582332
HMGA1,0.015582412
HNRNPC,0.015296928
RPL15,0.015045392
RPS6,0.014132994
RPL3,0.0102856895
RPS2,0.010195086
PFN1,0.009448634
RPL13A,0.007667631
PDE4B,0.004534351
RPL27A,0.0044320333
RPL41,0.0040272377
GAPDH,0.003029655
PGAM1,0.0026633574
RPLP0,0.0012008534
RPS3,0.0005710405
PKM,0.00019493411
RPL13,0.00012500677
PDE3A,9.31688e-06
PDE10A,3.0424872e-06
PDE4D,1.4749055e-06
