Gene Name,Score
EEF1A1,0.8587378
GAPDH,0.8419571
EEF1G,0.80316824
EEF2,0.80179995
FTL,0.7476139
PDE4D,0.7358187
PDE10A,0.73099667
HMGA1,0.71960294
EIF4G3,0.70236886
PDE3A,0.69699854
DST,0.6969145
HNRNPA1,0.68159956
EIF4B,0.68071955
TUBB,0.6805116
RPL13,0.6781032
FTH1,0.67701495
HNRNPC,0.67597425
DDX17,0.6744294
RPS3,0.6724249
GALNT2,0.67096394
EXOC4,0.6706931
FAF1,0.6702733
TRIO,0.66923714
COL5A1,0.66873413
EFNA5,0.66669726
CELF1,0.6659349
FOXN3,0.6646707
DAB2,0.66294104
CFL1,0.66173667
GSE1,0.6617233
PKM,0.6599561
EBF1,0.65946835
FLNB,0.6593571
TUBA1B,0.65882474
RPLP0,0.65875506
DIAPH3,0.6581524
EEF1D,0.65712893
HSPA8,0.65570545
TPT1,0.65553504
EHMT1,0.65533704
FADS2,0.65339565
CAMK1D,0.6533869
GATAD2B,0.65268487
EEF1B2,0.6520972
EIF5A,0.6514555
CTNNA1,0.64794457
CSDE1,0.6476562
EIF4G2,0.6470328
GLS,0.6464529
EIF4A1,0.6461067
FSTL1,0.64429784
RPL41,0.6439906
CTBP2,0.6432162
CHCHD3,0.6426049
GDI2,0.6419042
GTF2IRD1,0.64166546
PDE4B,0.6407414
HDAC4,0.6400081
RPL27A,0.63939244
ENAH,0.6389763
DISP1,0.6389491
DDIT4,0.63856924
EIF3L,0.6373237
DLG1,0.6367409
EIF4G1,0.6359584
SMYD3,0.6354134
RPS2,0.63417333
COA1,0.6331695
DDB1,0.6319517
C11orf49,0.6313253
FARS2,0.63113457
GRB10,0.6311021
RPL13A,0.63050205
RPS6,0.6300989
MECOM,0.630057
GPI,0.6300558
DPYSL3,0.6299418
PGAM1,0.62960804
RPL3,0.62940574
FRAS1,0.6290977
DIDO1,0.62900007
HDLBP,0.62866163
CUL4A,0.62815756
TEAD1,0.6279749
DGKD,0.6278097
COL8A1,0.62774396
HERC4,0.62766147
EDIL3,0.626906
JAZF1,0.6267711
EIF2S3,0.6261112
GNB1,0.62561375
DOCK5,0.6256131
ELOVL5,0.62549233
DENND5B,0.6253638
GOLPH3,0.6252316
HLA-B,0.62492687
EIF3H,0.6246767
TKT,0.62466776
DENND1A,0.6244505
GANAB,0.62420803
GMDS,0.6237967
MBNL1,0.6234522
CTIF,0.62339544
PFN1,0.62312835
FKBP8,0.62291485
KANSL1,0.6228494
GSK3B,0.62267023
CMSS1,0.6226237
DIAPH2,0.62260497
GSPT1,0.62245685
MYO10,0.6224403
CANX,0.6213882
LAMA5,0.6208463
COPA,0.6206433
TMSB4X,0.62004983
RPL15,0.62001413
EIF4H,0.61990076
EVI5,0.6198766
FAU,0.6196327
XRCC5,0.61952597
FADS1,0.6193814
EXOC6B,0.6190789
FXR1,0.618934
COL12A1,0.6185519
ERGIC1,0.6179225
HNRNPU,0.6178953
CNOT1,0.61760867
FAM13A,0.6175
NFIA,0.616934
CSNK1A1,0.6167236
HSPD1,0.61651975
CLASP1,0.616432
SRRM2,0.6164257
G3BP1,0.61600935
HIPK2,0.6159791
FOXK2,0.61596525
DCAF6,0.6155843
YBX1,0.6155814
ITPR1,0.61555266
FMNL2,0.61547476
GULP1,0.6153519
DDX39B,0.6152989
FDPS,0.6152295
FBN1,0.6151181
GLI3,0.6148701
GBE1,0.614779
DIAPH1,0.6146329
ECE1,0.6146299
FBL,0.61453456
NCL,0.61410147
GLUL,0.61346644
IQGAP2,0.6131771
CDK6,0.6129709
HLA-DRB1,0.61288005
HDAC8,0.6127085
FARP1,0.6126877
HNRNPD,0.6123393
CBX5,0.6115739
FBXW11,0.6111836
JMJD1C,0.6111646
DNAJC5,0.61116236
CDK5RAP2,0.61105406
HNRNPH1,0.61101544
FER,0.61079246
COL4A5,0.6106648
PRKCA,0.6106217
CKAP5,0.610466
CDYL,0.61045873
CPNE1,0.60990393
ENSA,0.6098582
HDAC2,0.60976493
CSGALNACT1,0.6097497
GJA1,0.60969204
DNMBP,0.60963684
GATAD2A,0.6095999
EPB41L2,0.60952437
RPS9,0.6093482
CCT3,0.6093217
RPS8,0.6088779
GTF2I,0.60817116
ESYT2,0.6078823
GOLGA4,0.60787624
DNAJB6,0.6077695
DHX15,0.6077207
EIF1,0.6076829
CENPP,0.60766643
SCD,0.6076597
TXNRD1,0.6075396
CAPZB,0.6075285
MDK,0.6074304
COTL1,0.60717934
FKBP4,0.6068385
CEP170,0.6066465
HMGB1,0.6065029
E2F3,0.60639125
HSPG2,0.60634965
MATR3,0.6061835
DYNC1H1,0.6061077
ERP29,0.60605645
RPL8,0.60599077
HNRNPA0,0.6059415
ASPH,0.60592467
GRB2,0.6058083
ILF3,0.60565746
HM13,0.60564244
UBE2E2,0.6054084
MAD1L1,0.6053615
FARSB,0.60494053
PALLD,0.60482967
CCNY,0.6047544
EIF4EBP2,0.60470694
EIF3B,0.6046435
GPD2,0.60458463
GLG1,0.60449266
CHSY3,0.6044926
FNIP1,0.60448104
HNRNPL,0.6043578
DYNC1LI2,0.6040902
EIF3D,0.60401696
COG5,0.6038247
DHX9,0.60377973
NAP1L1,0.6037484
RPS4X,0.6035466
MAP3K2,0.60336405
DDOST,0.6032495
COPZ1,0.60319775
FUBP3,0.6031317
HUWE1,0.60300905
HLA-E,0.60275537
IP6K1,0.60243905
G3BP2,0.6022495
DNM1,0.6020091
EPN2,0.6019517
EEFSEC,0.6017833
DCAF8,0.60169333
EZH2,0.6016078
ETF1,0.6012246
ERGIC3,0.6012216
CUL3,0.6012166
FKBP1A,0.6011058
PTMA,0.6010777
PTPRJ,0.600906
RPL23,0.600888
GNA12,0.6008708
GSR,0.60086185
HLA-C,0.60085726
LRRFIP1,0.60078967
HECTD1,0.6007314
DAZAP1,0.6007107
DHCR24,0.6006268
LMO7,0.60050774
HNRNPDL,0.6004193
GABARAP,0.6004063
RPS29,0.60015273
EP400,0.60006136
HMGN2,0.59996915
KDM2A,0.59994006
CD55,0.5997249
IPO9,0.599553
RPS19,0.59952974
CALD1,0.59948707
RPS17,0.5994097
TPI1,0.5993921
CCT7,0.5991516
HK2,0.5991394
JARID2,0.59909445
PTK2,0.5990294
RPS23,0.59899044
FOXK1,0.59891623
CTDSP2,0.5988867
GALNT1,0.5988579
IFI44L,0.59883255
GTF2F2,0.5986649
DIS3L2,0.5984975
ASAP1,0.5983408
CDC42BPA,0.5982562
FSCN1,0.59825444
GGA2,0.5982453
MAP1B,0.5980064
CHD9,0.59795356
ZMIZ1,0.5978149
CRK,0.59777135
KNTC1,0.59773815
HNRNPF,0.5976675
INO80,0.5975757
CNTLN,0.59736836
CAPRIN1,0.59733266
CPSF6,0.59732515
EFTUD2,0.59703785
KPNB1,0.59694284
HMGN1,0.596935
GTF3C1,0.59687763
NIPBL,0.59681547
HLA-DPA1,0.59679276
HERC2,0.59675467
GPR176,0.5966666
RPL11,0.5966658
GNAI2,0.59657836
PARD3,0.59650725
CACNA2D1,0.596497
FBLN1,0.59627634
YWHAZ,0.5961551
HNRNPAB,0.5961323
HINT1,0.59611297
PDE1A,0.5960345
GIGYF2,0.5960234
RPL37,0.59601796
LAMB1,0.59594285
HNRNPK,0.59580785
MAPKAP1,0.5957993
DR1,0.59577364
DLG5,0.5957502
FAM13B,0.5956367
ITGB1,0.59559745
UBC,0.59551424
DNAJC1,0.5955049
PTPN14,0.5954879
CEP72,0.5954455
KIF1B,0.59534717
LPCAT1,0.5952357
BTBD3,0.5952316
CTBP1,0.5951885
MEIS2,0.59518784
HNRNPA3,0.59515196
CCT5,0.5951093
DDX10,0.5950309
CIT,0.5949115
EIF2AK1,0.5948622
HLA-DPB1,0.594837
IQGAP3,0.59483576
SREBF2,0.5947899
MPRIP,0.59467167
GBF1,0.5946576
LGR4,0.5946132
SERBP1,0.59452826
CRABP2,0.5944962
UBE2H,0.5944564
CRTAP,0.59444994
HADHA,0.59443855
FBXW8,0.5943405
RPL19,0.59423965
NAP1L4,0.5942047
TNS3,0.59419835
HK1,0.5941318
ELF2,0.59409845
ETS2,0.5940814
SLC25A3,0.5940692
GAB2,0.59405774
BSG,0.5940457
GON4L,0.59395766
HNRNPUL1,0.59385455
ZFR,0.5938524
PDE7B,0.5938288
FAM83D,0.5938192
SMARCC1,0.59380865
MED27,0.59374344
CLIC1,0.59373987
WNK1,0.593627
HMGB2,0.59355605
DOT1L,0.59332556
KANK1,0.593324
HMG20A,0.59329677
CS,0.5932808
EIF3M,0.5932142
NASP,0.5930997
IPO7,0.59304774
HERC1,0.5930242
NAA25,0.59300345
KHSRP,0.5929609
F11R,0.5929104
ITCH,0.59285957
BAZ1B,0.5928522
RPL6,0.59283715
ELOVL6,0.592806
MEMO1,0.59276223
LRRC8D,0.5926932
DAP3,0.5925295
GLO1,0.59235793
CNOT4,0.592214
ILF2,0.5921966
MKLN1,0.5921887
ARHGAP17,0.5921066
EEF2K,0.5920942
FBXL17,0.5918096
LSS,0.59178066
HTT,0.59170735
CLNS1A,0.59169894
INTS6,0.5915561
INTS3,0.591549
EIF5,0.59145606
MAML3,0.5914022
EPB41L1,0.5913974
HMGCS1,0.59137213
FBXW2,0.59131086
DNAJC11,0.59123755
TPX2,0.59119403
CSTF3,0.59119093
CSE1L,0.5911525
RAN,0.5911078
ASH1L,0.59105843
HNRNPH2,0.59104013
DGKH,0.59097534
IPO11,0.5908907
PRKDC,0.5908688
IPPK,0.59079766
DENND3,0.5906791
GOT2,0.5906708
DDX21,0.59060115
EIF3I,0.59057313
EIF3K,0.5905721
SPTAN1,0.590562
ELL2,0.5905601
HEG1,0.59054375
NIPSNAP1,0.59053797
CTTN,0.5903125
GNAI1,0.5902867
IQGAP1,0.5902826
HLA-F,0.5902496
FLII,0.59017223
EHBP1,0.5899881
IPO5,0.58998185
VMP1,0.58994377
RPL32,0.5899178
CDK14,0.58987534
MAMLD1,0.58976746
GOLGA3,0.5897536
MBD5,0.5896849
GRSF1,0.589609
CFDP1,0.5895256
KMT2E,0.5895103
DDX46,0.5894984
DDX24,0.58943003
GTF3C2,0.5893525
LCLAT1,0.5893308
YWHAQ,0.5893218
CYB5B,0.58931607
CDC42,0.5893111
KIF11,0.58921427
OBSCN,0.58919173
GOLIM4,0.5891857
APP,0.5891565
MEF2A,0.5890902
CAP1,0.58907914
HNRNPH3,0.5890251
FNBP1L,0.5889728
UBA52,0.58895314
CORO1C,0.5889341
CHD7,0.5889074
KRT7,0.58890367
ATXN10,0.58886904
ERH,0.58884406
MACF1,0.58882886
NCOA6,0.58872527
MAPKAPK2,0.58867896
IL32,0.5886358
GLB1,0.5885905
LARP4B,0.5885876
SLCO3A1,0.588562
FAM120B,0.58846116
HSPA1A,0.58844316
CUL1,0.5884152
MGA,0.58839166
ITPR2,0.58838785
LAPTM5,0.58838576
FERMT2,0.5883319
GART,0.58826846
MEIS1,0.58799076
SEMA3C,0.5879808
HSPA5,0.5879687
ATRX,0.58789665
LDHB,0.58788455
LUC7L3,0.5877388
KIF13A,0.58756
FRS2,0.5874983
PPP3CA,0.58748615
MGAT5,0.5874426
GFPT1,0.58741987
KDELR1,0.5874008
CSNK1E,0.58738023
SLC7A5,0.5872759
LIMS1,0.5872218
CLIP1,0.5871797
KCTD3,0.58716404
LYRM4,0.58704096
MAGI3,0.58703953
MCMBP,0.58703876
CDK13,0.58703125
HSD17B4,0.5870085
MDN1,0.58695674
EIF5B,0.5869538
IP6K2,0.58680123
KPNA6,0.5867968
INTS7,0.58678204
MAP3K4,0.58676505
UBE2D3,0.58665437
CD46,0.5865578
LARS2,0.5865503
DNAJC13,0.5865216
MPP6,0.5864843
HGS,0.5864379
USP22,0.58641315
DDX42,0.5863747
NDUFB5,0.5862471
MTA3,0.5862375
KIF21A,0.58610886
CLSTN1,0.5860533
TMBIM6,0.5860101
FLOT2,0.5860064
CNN2,0.58597964
LIMD1,0.58593893
FANCI,0.5859118
HS2ST1,0.585778
HNRNPM,0.585743
CHD1,0.5857367
BRD9,0.5857288
FANCL,0.5855607
HYOU1,0.5855535
DTL,0.585484
MYOF,0.5854062
PPP6R3,0.58535695
LAMP1,0.5852519
PC,0.5852121
CLIC4,0.58517456
HSPA4,0.5851632
KIF22,0.5851458
ZCCHC7,0.5850614
CERS6,0.5850541
KIF1C,0.58496875
FGD4,0.58493686
MTHFD1L,0.5849341
FXR2,0.5848725
RPS11,0.58486056
UBA1,0.5848569
NBAS,0.5848568
RPLP2,0.5848333
IMPA2,0.5847984
MMS19,0.5847969
MCM4,0.58478653
IGF2R,0.58469886
HJURP,0.584645
CLTA,0.5846413
DOCK4,0.58451986
ACTB,0.584463
CSNK1D,0.58438313
EPCAM,0.5842801
ATXN2,0.58425176
FBXL20,0.5842481
NONO,0.5842401
EPC1,0.58412325
RPS5,0.5841143
RPS15,0.5841074
PSAP,0.58398306
CEP192,0.58394736
MDFIC,0.58393383
NHS,0.5839025
MYL6,0.58389044
MARK2,0.58388746
NFX1,0.5838477
GOLGB1,0.58371365
LDLR,0.58370876
MORF4L1,0.5836972
GTPBP1,0.583675
CYTH1,0.5836423
ALDOA,0.5835657
ZNF207,0.58336395
RPTOR,0.5833121
TNRC6A,0.5833119
MYCBP2,0.5832838
RPSA,0.58327466
LBR,0.58325875
NUFIP2,0.5832572
RPS15A,0.58321667
IFI30,0.5832129
CDC42BPB,0.58319783
HSF1,0.5831623
RBFOX2,0.5831611
TRIM28,0.58312714
EIF4E,0.58312494
WDR70,0.5830988
CD52,0.5830981
MCL1,0.5830335
PLEC,0.5830245
GAPVD1,0.58295506
MAPK14,0.58293724
HIPK3,0.5829314
NSMCE2,0.5828495
KCMF1,0.5827768
AHNAK,0.5827508
AP2B1,0.5826654
HMGCR,0.58262223
MAP4K5,0.5825237
CAPZA1,0.58251846
FOXP4,0.5824415
GUK1,0.5824413
IARS2,0.5824382
RTN3,0.58242035
GNL2,0.58239967
NDST1,0.5823706
GNPTAB,0.582314
BICD1,0.5823079
MAPRE1,0.58230686
TRPS1,0.58227044
PAICS,0.5822501
DBF4B,0.5822044
NR3C1,0.5821516
JUP,0.58215135
GNL1,0.5821011
CCT6A,0.5820419
INVS,0.5819528
FARP2,0.5819287
IQCB1,0.58186483
BTF3,0.5818621
PTMS,0.5818421
GTF3C5,0.58177036
NOMO1,0.5817595
MTA2,0.58175224
NFATC2IP,0.5817339
MBD2,0.58172464
GALNT11,0.58171904
KDELR2,0.5817017
IFT140,0.5816587
HSPH1,0.5815279
DNM3,0.5815142
USP48,0.58146256
MTA1,0.5813969
MAT2A,0.5813408
CCT4,0.58133584
DCAF7,0.58132476
INTS10,0.5813048
MIF,0.5812818
ANTXR1,0.58126986
FBXW4,0.58123463
MAU2,0.58118546
NUP155,0.58117765
MRC2,0.5811696
COX7A2L,0.5811436
MYO9A,0.581126
SAE1,0.5810605
RCC2,0.58102447
CCNG1,0.5809932
ACTG1,0.5809241
LARP4,0.5808501
HDAC3,0.5808327
NR6A1,0.5808228
SBF2,0.5808074
COL4A2,0.5807375
PIP5K1A,0.58073467
GLUD1,0.58073056
ETFA,0.5806961
FAM168B,0.5806952
MRPS27,0.5806592
MCC,0.58064854
EVL,0.5806468
IMMT,0.58061963
LAMC1,0.5806047
RPS12,0.58055353
UBAP2L,0.58051115
MAGT1,0.5805096
NEK7,0.58050555
USP34,0.5804903
MEF2D,0.5804067
GNL3L,0.58038425
B4GALT1,0.58035815
TNPO1,0.5803195
MCM3AP,0.580282
GDI1,0.58019376
UBE2K,0.58017355
ELAVL1,0.5801451
KIF23,0.5801229
D2HGDH,0.58012015
RERE,0.580116
KCNAB2,0.5800481
CD81,0.5799886
PCCA,0.5799799
MICU1,0.5799674
ITGB3BP,0.5799166
ESPL1,0.57991064
INPP5B,0.5799094
LIMA1,0.5799063
EHD1,0.57989687
MBD3,0.57985467
NRIP1,0.5798451
WDR1,0.57979673
HLCS,0.579792
DNAJA1,0.57975864
CENPF,0.57969654
MINK1,0.57955587
MED13,0.57954985
LPXN,0.579512
EI24,0.5794984
RBM39,0.5794357
DUSP2,0.57943285
EIF3J,0.57943165
LPGAT1,0.57941437
CCT8,0.57941073
TRA2B,0.579383
FPGS,0.57927656
PUM1,0.5792653
HAUS6,0.5792449
CYTH3,0.5792397
HLA-DMA,0.57923645
FZR1,0.57922006
ESRP1,0.5791704
DSG2,0.57917035
ITFG2,0.5791626
MKNK2,0.57908326
SSBP3,0.57907903
CALM1,0.57900906
MRFAP1,0.5789935
HADH,0.5789774
CHTOP,0.5789616
CTPS1,0.57891345
CBLB,0.5789037
SPTBN1,0.57886255
CSNK1G1,0.57882625
USP9X,0.578811
NDUFV1,0.5787967
MELK,0.5787487
RPL7A,0.5787181
KLC1,0.5787164
NEK9,0.57869047
MOB1A,0.5786874
CCDC91,0.5786646
CASK,0.57864255
LSM12,0.5786282
DYNLT1,0.5786004
OXNAD1,0.57858783
UST,0.57857096
DLGAP4,0.5785685
MED15,0.5785599
BCL2L1,0.57854545
NEK1,0.578495
KIF2A,0.5784584
SSH2,0.57841855
UBR4,0.5783952
MAN2A1,0.57837325
MAPKAPK5,0.5783599
CAMK2D,0.57833344
ECHDC1,0.5783094
INCENP,0.5783017
CORO1A,0.5782342
MCM2,0.57823145
CAND1,0.5781548
HPS1,0.5781498
HDAC1,0.5781467
CAPNS1,0.57811165
GTPBP2,0.57807034
KAT6A,0.5780664
CALU,0.57799083
KPNA2,0.5779447
LRP5,0.5778803
IWS1,0.5778666
KIF14,0.5778599
UBAC2,0.5778545
COL7A1,0.57783747
NCOA2,0.5778332
ENO3,0.5778073
GTF3C3,0.5778036
CDK19,0.5777648
PTBP1,0.57774854
MTHFD1,0.5776789
ATP2B1,0.57766837
PDCD6,0.57765645
SMG1,0.5776353
MAST2,0.5776047
RPS27A,0.5775769
INTS1,0.57756674
RPL23A,0.5775583
TOMM20,0.57751864
CAB39,0.57750726
ARIH2,0.577504
BPTF,0.5774906
MTR,0.57744837
CTTNBP2NL,0.57739466
EXOSC2,0.57738847
PDE3B,0.5773752
DYNLL1,0.5773524
ERLIN2,0.5772458
POLA1,0.5771433
NCAPD2,0.5770534
KPNA3,0.5770404
LTBP1,0.5769892
VDAC1,0.57696736
GNB2,0.57688135
CBX1,0.57686526
ROBO1,0.5768371
OAZ1,0.5767779
NAT10,0.5767203
SRP9,0.5767172
RPS27,0.57671386
FASTKD2,0.57666826
CSPP1,0.57661915
CLINT1,0.5765417
AZIN1,0.57651246
CTPS2,0.57645184
BIRC6,0.57640696
SRSF11,0.5763111
GALK2,0.5762811
DAB2IP,0.5762218
FAF2,0.57618994
GALNT7,0.57608426
CTSH,0.5760816
KHDRBS1,0.5760708
DHX36,0.57603985
MYO1C,0.5760205
MDH1,0.57594025
TRAP1,0.5759235
KIF2C,0.5759215
DUSP14,0.5759117
CHM,0.5759089
LUC7L,0.5758626
LMAN1,0.5757937
ME1,0.57573074
HDAC7,0.5756865
DBI,0.57567257
ATF7IP,0.5756692
MADD,0.5756561
HCFC1,0.575654
DDX55,0.5756479
MLXIP,0.5756408
CYC1,0.5755146
EIF2AK2,0.57549226
MRPS6,0.5754906
EIF4EBP1,0.5754536
GPR89A,0.5754378
NBR1,0.57539994
GNAI3,0.57539093
WASF2,0.57539046
SQSTM1,0.57538754
DCUN1D2,0.5753699
MCM3,0.57536834
CNOT2,0.57535595
GNL3,0.5753443
FBXO21,0.5753136
MAP3K11,0.5753016
GRHPR,0.5751945
DCPS,0.5751725
EGLN1,0.57511157
MMS22L,0.57510334
DSTN,0.5750897
CCT2,0.57504886
FBXO9,0.5749998
KDM4B,0.57499516
DYNC2H1,0.57495874
GTPBP4,0.5749583
GTSE1,0.5749365
CPSF4,0.57491297
ELAC2,0.57485527
CXXC5,0.5748549
DNAJB4,0.57481587
CPSF7,0.57471627
MAP2K5,0.57471615
KIFC3,0.5747105
ARID4B,0.57470924
HSD17B12,0.5746926
MARK3,0.5746692
FBXL18,0.5746032
CALM2,0.57459813
DHX32,0.5745862
MCPH1,0.574549
KXD1,0.57454497
LDB1,0.574531
CDC27,0.5745217
MAPK6,0.5745084
RPS16,0.574475
NAA15,0.5744585
CDK1,0.5744182
HEATR1,0.57438564
BCAS3,0.5743769
HERPUD1,0.57437235
ARIH1,0.5743712
LONP1,0.574368
DRG1,0.574362
ITPR3,0.57431746
COX5A,0.5742997
CHN1,0.5742538
OGDH,0.57419866
FXYD6,0.57414675
SRPK2,0.5741465
CWC27,0.57414323
SRSF1,0.5741026
KRT18,0.5740921
DENND4A,0.5740216
CYSTM1,0.5739992
GTF2F1,0.57399863
SLC25A5,0.5739658
ENTPD4,0.5739105
BRK1,0.5739014
LRP8,0.5738605
FYN,0.5738456
MAF1,0.57383144
KPNA4,0.57378894
ATXN1,0.5737786
SNRPB,0.5737533
INSIG1,0.5737502
EXOC3,0.5737316
IMPDH2,0.57373154
CYB5R3,0.57369924
ATP2A2,0.57369316
MTMR12,0.57368016
MFF,0.5736708
MED24,0.5736581
KLHDC3,0.5736574
HSPA9,0.5736508
CTNNBL1,0.5736424
EIF2S2,0.5736131
DNAJA3,0.5736089
DNAJC8,0.5735976
KIF4A,0.5735743
GAK,0.57357365
MGST1,0.5735417
DPYSL2,0.57352763
MTDH,0.573509
DCAF11,0.57350457
WAC,0.5734869
ATP11A,0.57344836
MAP3K7,0.5734318
SLC39A1,0.5734284
HIVEP3,0.5734245
FARSA,0.57342106
VAV3,0.57340574
PHF20,0.5733636
CHSY1,0.5733583
LGMN,0.57333124
PARD3B,0.57332927
MTUS1,0.5733194
MAEA,0.5733173
CARS2,0.5732858
FUT8,0.5732654
LMO4,0.5732558
ELP2,0.57321537
MYBBP1A,0.57320285
LRRC41,0.5731897
XPO6,0.57312614
NEK6,0.5731251
CDK2AP1,0.5730954
CDK4,0.57307273
FLRT2,0.57306224
JDP2,0.57301104
YWHAG,0.57300717
LPIN1,0.57296044
NDC1,0.57295823
IVNS1ABP,0.5729228
HLTF,0.5729118
PAIP2,0.5728979
TUBA1C,0.5728596
NFYC,0.5728075
HBS1L,0.572806
MSH3,0.5727754
OXCT1,0.5727593
DHCR7,0.5727403
PHC1,0.5727214
GALNT10,0.5727123
MCM7,0.57270926
DCTN5,0.5726748
SIK3,0.57267
TPM1,0.57266814
SLC2A1,0.57266617
MKRN1,0.5726398
MAGI2,0.57263815
GK5,0.57259333
NDUFAF2,0.57257825
ARHGAP21,0.5725644
MAP4K4,0.57254875
UBE2R2,0.57254267
C1QBP,0.5725308
LMNB2,0.572512
IRAK1,0.5724864
RDX,0.572461
BMS1,0.57243174
NINL,0.57240385
GNA13,0.5722995
MAP2,0.5722692
CEP120,0.57225966
SGMS1,0.5722485
CENPK,0.5722367
EIF6,0.57223564
EGLN3,0.5722314
CNOT6,0.5722287
KCNMA1,0.57222486
OLA1,0.57221395
HSPB1,0.5722118
EMC10,0.5721925
PKP4,0.57217336
IRS1,0.5721712
OGT,0.57212144
ITPK1,0.57211256
EXO1,0.572098
COPS6,0.5720923
CHD3,0.57207966
RPL28,0.57205766
VIM,0.57204103
ISYNA1,0.5719846
ARID5B,0.5719437
HPRT1,0.5719359
EIF2A,0.5719122
RPL10A,0.57188404
FAM110B,0.57187355
KDM2B,0.57185346
IREB2,0.571842
PPP2R1A,0.57183385
MYH10,0.5718075
NCAPG2,0.5717937
ERAL1,0.57179296
BARD1,0.5717866
GID8,0.57177955
CTDSPL,0.57177484
FYCO1,0.5717688
MRPL17,0.5717666
CPEB3,0.5717439
BAG6,0.5717353
MCU,0.5717286
ELF1,0.5715981
RTN4,0.5715514
HIPK1,0.5715295
UCK2,0.57151467
MYBL2,0.5715068
GYPC,0.57148266
NDUFS6,0.5714751
CNOT8,0.57145834
PDS5A,0.57141805
ERF,0.5714139
PRDX1,0.5714136
MTMR2,0.5714107
PHB2,0.5713566
GORASP2,0.5713505
CCM2,0.57132
DDX54,0.5713178
CHCHD6,0.5713019
NPC2,0.57129115
CDKL5,0.57126623
FCF1,0.5712536
EHD2,0.57123566
CCAR1,0.5712253
MYL12B,0.57121366
STT3B,0.5712128
USP10,0.5711872
FHL2,0.5711049
NDEL1,0.57108563
RPS18,0.57106984
CLASP2,0.5710645
DCUN1D4,0.57103634
LYPLA1,0.5709959
EHMT2,0.57098657
COPB1,0.57092685
GINS1,0.5709235
MPP5,0.57085836
MFGE8,0.57084465
BAZ2A,0.5708385
NCBP2,0.5708265
ARPC2,0.5707324
EXOSC10,0.57066923
CNNM2,0.5706667
KDM3B,0.5706601
HEXA,0.57063514
COPG1,0.57060945
BBS9,0.5705196
PAWR,0.5705119
CARM1,0.57049936
DCAF16,0.57049876
LAMC3,0.57046956
MAN1A2,0.57046205
SEC11A,0.57045484
CHID1,0.57045346
MAP4K3,0.5704525
NEDD8,0.57044196
HIF1AN,0.57041407
UBE4B,0.57041264
FLOT1,0.57041025
DCP1A,0.57038945
RALY,0.5703795
EMC1,0.57037675
LMNB1,0.5703748
TULP4,0.5703728
RNF220,0.5702907
CHCHD2,0.57028973
MAP3K3,0.5702777
CENPE,0.5702736
EPN1,0.5702494
IGFBP7,0.5702419
EIF2D,0.57023203
MSL2,0.57022613
EIF4A3,0.57020587
DUSP4,0.5701789
LAMTOR4,0.5701738
LSM4,0.5701629
ME2,0.5701194
NUCB1,0.5700883
NMT1,0.57006794
DCP1B,0.5700647
SLC7A11,0.57003814
TARDBP,0.5700304
CTNNBIP1,0.5700029
FBXW5,0.5699916
CHORDC1,0.5699512
COBLL1,0.5699509
NDUFA10,0.56993735
CLCN6,0.5699034
HOMER1,0.5699007
BRD2,0.56988657
MTX2,0.5698863
CD2AP,0.5698788
GTF2A1,0.5698786
KIF18B,0.5698535
NPNT,0.56984925
APLP2,0.5698161
CSNK1G2,0.5698146
NCAPG,0.56976223
NFKBIA,0.5697558
INO80E,0.5697544
OSBP,0.56971294
IPO8,0.5697007
CMTM4,0.56967944
KDM4A,0.569611
SPIDR,0.5695962
VCP,0.56959426
PUM2,0.56958365
NFIX,0.56956655
MID1,0.569522
DFFA,0.56949836
RBBP4,0.56947243
EIF4E2,0.5694721
LSP1,0.56944346
MTHFD2,0.5694426
PAXIP1,0.569442
CEP57,0.5694098
FBXO7,0.5693975
IGFBP4,0.5693865
POM121,0.56938624
MAVS,0.5693839
COMMD1,0.5693826
GIPC1,0.56937486
CERS2,0.569372
TBCD,0.5692235
CDK17,0.5691834
EPHB2,0.5691747
DCTN4,0.5691746
NOC2L,0.56917197
COPB2,0.56915396
LIN54,0.56913334
CSTB,0.5691068
EPHB4,0.56905794
NPAS2,0.56901926
PDE8A,0.5689642
BCAT1,0.5689615
CFLAR,0.56895435
ATIC,0.5689439
MBOAT7,0.5689324
SSBP2,0.56891704
PARN,0.56890434
NEDD4L,0.5688922
GPS1,0.56888366
GGCT,0.56887734
NPTN,0.5688656
PAFAH1B1,0.56885636
NUDT3,0.5688236
KHNYN,0.5688184
NBEAL2,0.56879544
CBFA2T2,0.5687481
ANXA6,0.5687204
MFN2,0.5687171
NSUN2,0.5687151
MIDN,0.56870794
CDK8,0.56867146
MAN2B1,0.5686632
GIT1,0.5685739
MRPL20,0.5685353
GNPAT,0.56847596
RBM4,0.5684746
NUP210,0.56844956
DLST,0.56844604
CLEC2D,0.5684282
IMP3,0.5684122
VCL,0.56841177
CPSF2,0.5683952
E2F7,0.5683858
MYO9B,0.56836855
NHP2,0.5683567
KDM5B,0.5683546
PGD,0.5683428
SCMH1,0.5683332
CPSF1,0.56831133
COX10,0.5682932
UBE3C,0.5682832
DENND4C,0.56824726
PDLIM5,0.56824654
CNOT10,0.5682162
DNAJA2,0.5681646
ARPC5,0.56814027
HSBP1,0.56811553
FBXL19,0.56810546
G6PD,0.5680998
GNAL,0.5680852
EDC3,0.5680817
SERPINH1,0.5680713
RPL29,0.56806934
DCTN2,0.5680496
FKBP5,0.56804
METAP2,0.5680216
LATS2,0.5680146
CCNT1,0.5680058
EXOC6,0.56800467
NPRL3,0.56799215
DHRS4,0.5679725
TBL1X,0.5679252
CRYZ,0.5678886
SH3RF1,0.56788474
MCM5,0.5678625
GTF3C4,0.56786156
MRPL3,0.567857
GNG12,0.56785643
KIAA2013,0.5678535
DERL1,0.56785125
HLA-DRB5,0.5678475
NUDCD3,0.56783557
MPDZ,0.5678259
BTBD2,0.56782377
LIN9,0.5678235
LMAN2,0.56780255
HTATSF1,0.5678015
EXOC7,0.5677773
DCAF5,0.5677019
NDUFS3,0.56769836
FBXL5,0.5676972
CHERP,0.56769466
TBC1D5,0.56768775
DNA2,0.56768745
DHX33,0.5676827
EXOC2,0.5676775
ARHGAP35,0.567656
CD48,0.5676502
SF1,0.5676343
MICA,0.5676209
EPC2,0.5676072
DPF2,0.5675987
GRN,0.56758827
TOP2A,0.56758744
IL4I1,0.56756514
CDC20,0.56752145
CHMP4B,0.56747997
AK2,0.56747484
FEM1B,0.5674343
DBF4,0.5674166
RICTOR,0.56739324
MGLL,0.5673594
CSNK1G3,0.5673185
CEP350,0.5673114
INPP5D,0.56729376
AHCY,0.5672928
TRAPPC9,0.56727695
NNT,0.5672357
DSP,0.56723315
ELP6,0.56721395
SPATA5,0.56719756
ITGB5,0.56719077
BMPR2,0.5671668
PDLIM1,0.5671411
COL27A1,0.5671365
OS9,0.5670908
NACC1,0.56708413
LRP6,0.56706727
CCNF,0.5670656
RPL26,0.56700045
KPNA1,0.56698287
LCMT1,0.56696886
YAP1,0.5669687
UBE2E1,0.5669173
INPP5F,0.5668851
NUP88,0.56685907
CDC37,0.56681734
MAGED2,0.56680363
DDX23,0.5667725
DDHD1,0.5667452
IKBKG,0.56673294
LAP3,0.56670856
MAPK8IP3,0.5666904
NDUFA4,0.5666803
MRPS21,0.56666535
FNTA,0.5666294
INO80D,0.5666255
LSM14B,0.5666201
EXOSC7,0.56661123
MEX3C,0.56660277
DMXL2,0.5665475
TUBA1A,0.5665317
MBOAT2,0.5664953
MED14,0.5664949
KCTD1,0.56649435
C2CD3,0.56649387
DLG3,0.5664807
NFATC3,0.56647134
SF3B3,0.56646836
RASAL2,0.56645894
MAGED1,0.5664557
GNG5,0.56639534
PABPN1,0.5663842
ITGA11,0.5663709
PRPF8,0.5663116
SH3PXD2A,0.56630486
ZNF131,0.56628525
RBMX,0.56626225
NDUFS8,0.5661948
KIF20B,0.566191
DVL2,0.5661475
ITGA6,0.5661452
KRT19,0.56612664
SKP1,0.5661233
TMPO,0.5661144
DNAJC15,0.56610644
CTDSP1,0.56610185
INPPL1,0.5660895
AVL9,0.56605875
TPD52,0.5660434
AMBRA1,0.5660414
TRIP12,0.56603974
PELP1,0.56603855
DHDDS,0.56600595
CPEB4,0.56600547
NCK1,0.565963
PSPC1,0.5659073
MAPK9,0.5658931
MX1,0.565889
BRD1,0.56588715
DDX31,0.5658837
PRDX6,0.5658803
GARNL3,0.5658446
ELOVL1,0.5658295
EFEMP1,0.5658234
TANC1,0.5658233
CPE,0.5658042
RHOBTB3,0.5657871
HLA-DOA,0.5657477
CPSF3,0.56571394
COX6A1,0.56571025
LPL,0.5657003
COL4A6,0.5656518
FAM98B,0.56564206
DGUOK,0.5655738
GBA2,0.56554055
SRSF4,0.5655363
SLC3A2,0.56553316
RPN2,0.565502
NUMA1,0.56549704
EIF2S1,0.5654209
GPR161,0.56541705
LRIG1,0.5654134
ENO2,0.5654079
LRIG2,0.56536233
LSR,0.5653259
LAMA3,0.56531936
PI4KB,0.56531435
DVL3,0.565298
NUMB,0.5652695
EIF2B5,0.5652664
MIER1,0.5652663
GTF2E2,0.56523913
IDH3B,0.5652321
HAT1,0.5652229
PARK7,0.5652202
STK24,0.56521964
GMIP,0.56521297
DCAF15,0.56520313
DGKI,0.56519675
DZIP1,0.5651879
ORC5,0.565142
RAD23B,0.5650673
FAM126A,0.5650617
PBX3,0.56505334
ROCK2,0.5650252
CDK5RAP3,0.56495535
CCNH,0.5649475
ZFP36L1,0.56493574
HMMR,0.56490976
ATXN7L1,0.5649094
CMPK1,0.5649038
PTGES3,0.56488484
EIF2AK4,0.564847
RAI1,0.5648438
MOV10,0.5648417
MTMR3,0.56481695
RAP1B,0.5648125
KATNAL1,0.5648091
DTNB,0.5648033
DNAJC3,0.5648011
NMRAL1,0.56478786
LIG3,0.56478447
PCID2,0.56477696
RPL35A,0.56477684
GNPTG,0.56475204
DKC1,0.5647261
ANP32B,0.5647018
FBXO30,0.56469274
FERMT3,0.5646702
NDUFS1,0.5646687
GCA,0.5645794
INTS4,0.56457734
NDUFB10,0.56457615
ZNF638,0.5645708
NUBPL,0.5645125
FAM3C,0.56450605
DLGAP5,0.5644883
QPRT,0.5644881
DHX8,0.5644835
PPP6R2,0.5644644
EXTL3,0.5644436
TUBB4B,0.56441104
MAML1,0.56440896
LAS1L,0.5644084
CELSR1,0.5643993
EARS2,0.56437856
NCKAP1,0.5643619
MGRN1,0.5643465
NCSTN,0.5642937
MYL12A,0.564277
INTS8,0.5642684
HGSNAT,0.56425625
PCCB,0.5642475
CDK16,0.5642472
ARHGAP24,0.5642336
NR2F6,0.56421834
KATNBL1,0.56420827
DERA,0.56419647
MFHAS1,0.56414545
FBXO31,0.56411463
CBX3,0.56409466
ACTN4,0.5640826
CNDP2,0.5640792
KANSL2,0.56405854
TBC1D4,0.5640365
SNRNP200,0.56403065
ISG20L2,0.564022
CHKA,0.56401896
VAV2,0.5640092
PTPRF,0.56400806
MNAT1,0.5640015
FBXO22,0.5639867
GNB4,0.563986
GOSR1,0.5639562
DVL1,0.56395096
SETD2,0.5639477
NUP62,0.56393206
GET4,0.56390476
NUP93,0.5638896
JUNB,0.5638844
DAZAP2,0.5638799
PSME4,0.56386316
PCNT,0.5638441
SPTSSA,0.5637841
ESYT1,0.56378275
RPL27,0.5637774
UGP2,0.5637224
MRPL49,0.5637122
LIN7C,0.56369776
FAM91A1,0.56369245
DDX1,0.56369054
GMEB1,0.5636528
LGALS9,0.5636522
KIFC1,0.5636497
HOXA1,0.5636433
CTSB,0.56362575
NUP153,0.56361455
CDCA8,0.5635948
SYNCRIP,0.56353307
INPP4B,0.5635238
MTMR9,0.5635065
HDAC5,0.5634893
BANF1,0.56347764
PXN,0.563463
KANK2,0.5634545
BTN3A2,0.5634107
TFDP1,0.56340724
IFT80,0.5634065
PCBD2,0.56339556
ARF3,0.56339335
ESRRA,0.5633878
MXRA8,0.56338024
METAP1,0.5633677
GLRX5,0.5633625
NUP205,0.56335205
CYCS,0.5633517
LRFN4,0.5633513
MAP3K5,0.5633463
PGRMC1,0.5633436
MRPL37,0.56332755
MFSD12,0.56332266
DDX27,0.5633171
RSRC1,0.56330526
ORC3,0.5633004
COQ4,0.5632895
GFM1,0.5632893
GGA1,0.56328535
CDR2,0.56327057
STIP1,0.56324756
YEATS2,0.5632301
GCLC,0.56322646
RAB31,0.5632145
NPLOC4,0.5632081
NLK,0.5632045
SNX5,0.5631858
L3HYPDH,0.5631816
PSMB7,0.5631748
GDE1,0.5631638
RPS6KA2,0.5631618
ANKFY1,0.5631541
NUS1,0.5631243
CCNL2,0.5631016
CSK,0.5630657
OSBPL1A,0.56305856
IL15,0.56305504
SRSF10,0.56302136
VGLL4,0.5630089
PIP4K2A,0.5629974
NLN,0.5629851
LYPD6,0.56297
CTR9,0.5629622
ARHGDIA,0.5629572
PPP1R16B,0.5629089
CEP152,0.5628825
GPC4,0.56287223
MRPS16,0.5628528
DCTPP1,0.5628374
RBM14,0.5628131
DNM1L,0.562807
BUB1,0.5627924
ATN1,0.5627886
SMAD6,0.5627674
AGRN,0.5627611
APPL1,0.5627334
WDR33,0.562733
NOLC1,0.5627169
MYADM,0.56267
HDAC6,0.56263965
AKAP13,0.5626243
STRN3,0.5625916
NUP107,0.5625841
KIDINS220,0.5625719
ANP32A,0.5625716
UBE2G1,0.5625709
FLAD1,0.5625238
G6PC3,0.5624533
PPP1CB,0.5624533
GPT2,0.56244963
FBXL2,0.5624496
ASPM,0.56244546
MLEC,0.5624374
PPP1CC,0.56243426
CERK,0.56241775
IL21R,0.5624036
UQCRC2,0.56240267
DPH6,0.5623794
PRDX5,0.56236184
NCOA7,0.5623587
PAPOLA,0.56234866
HMG20B,0.5623446
MRPS5,0.56234455
IGBP1,0.56232995
COPS7A,0.56228065
IQSEC1,0.56226283
KIF3B,0.5622394
DENR,0.5622318
DOCK10,0.5622264
PSMD1,0.5622074
ATXN2L,0.56219333
BZW1,0.56217396
PDXDC1,0.5621618
ASF1B,0.56215066
EVC,0.56213295
BIRC5,0.562124
COPS7B,0.5621232
PHKB,0.5620943
MED28,0.56208485
FIS1,0.56205916
FUCA2,0.5620574
NUP160,0.5620449
CENPM,0.562041
GAB1,0.5620344
PPFIA1,0.56201786
COPE,0.56201357
PIKFYVE,0.5619811
GPSM3,0.56196606
GADD45GIP1,0.5619411
SURF4,0.56193376
RBPJ,0.56192434
SUPT3H,0.5619216
LIG1,0.56189686
LRRC47,0.561874
DCTD,0.561829
CADM1,0.5617925
DCAF10,0.5617902
OXSR1,0.56174093
ENG,0.56171864
MRPL45,0.56171095
OAZ2,0.5616933
DLD,0.56167233
ATP1B3,0.56165326
DLAT,0.5616358
BCL2,0.5615523
NMD3,0.5615089
GPCPD1,0.5614813
FOSL2,0.56147444
PLIN2,0.5614202
CAPN15,0.5614104
FAT4,0.56140834
FBXO10,0.5614032
CLK3,0.5613722
PABPC4,0.5613706
CIAPIN1,0.5613432
MRPL10,0.5612853
ACTR2,0.56124663
PHACTR1,0.5612303
PPP2R2A,0.561216
KIF15,0.56120634
ERI1,0.5611622
NARS2,0.56116015
DCUN1D5,0.5611303
CLIP2,0.56107855
LRP10,0.561066
GADD45B,0.56106395
CASP2,0.561036
EIF2B1,0.5610331
RPL12,0.56102985
ME3,0.56102514
INPP4A,0.5610198
CBR1,0.5609913
ARF5,0.5609817
AP1S3,0.5609643
TRAF4,0.5609541
DUT,0.5609501
HNRNPUL2,0.56093824
RPL38,0.560934
PLK1,0.56092435
CRKL,0.56091905
ASXL2,0.5609178
CELSR3,0.5609073
BABAM1,0.56089306
COPS3,0.5608913
PRPF6,0.56086683
SCARB1,0.5608516
CPEB2,0.56084913
RACGAP1,0.5608091
USP25,0.5608081
DDRGK1,0.5607999
DPH5,0.5607666
MRPL51,0.5607458
NAB1,0.56074286
SMG6,0.5607407
ANO6,0.5606976
UQCRH,0.56066966
CAD,0.56064755
GRWD1,0.5606129
PLCD3,0.56060827
CLPB,0.5605935
B3GALNT2,0.56058633
MRPS7,0.56058484
SHISA5,0.5605774
ATG10,0.5605763
U2AF2,0.56056774
CAPN1,0.56055677
AGO3,0.56054854
FBXL4,0.5605476
DAAM1,0.56053394
PREX1,0.5605308
OTUB1,0.5605234
DENND6A,0.5605147
LMTK2,0.5605146
ATG13,0.56050265
CLSPN,0.5604907
INPP5E,0.56047505
MAP2K7,0.5604543
YWHAB,0.5604364
DBT,0.5604203
PNN,0.5604128
DDX18,0.5604067
RFC3,0.56040376
MSL1,0.5604019
GTPBP10,0.56039184
ICMT,0.5603735
SLC1A5,0.56033593
DOK4,0.56031704
TRERF1,0.56029296
GTPBP3,0.56025064
COX6B1,0.5602378
BCAR1,0.5602363
RAB10,0.5602259
GOLM1,0.5601933
EMC8,0.5601898
PAN3,0.56016976
PIGU,0.56016046
TCERG1,0.5601582
SPIN1,0.56015277
IDE,0.5601495
NELFB,0.56013775
BACH1,0.5601309
ZFAND6,0.56010634
CERS5,0.56010616
MIS18BP1,0.5601032
RAB1B,0.56009805
CENPL,0.5600888
EXOC5,0.5600763
CTDNEP1,0.5600731
LTBP4,0.56006336
BUB3,0.5600504
BRD8,0.56004894
NDUFAF6,0.56003886
PNISR,0.56003636
POLR2B,0.5599852
RPL34,0.55998456
EEA1,0.5599737
E4F1,0.5599733
PARVB,0.5599717
ARAP1,0.5599699
GMPPA,0.55995184
PPP5C,0.5599401
MYL6B,0.5599302
ARPC4,0.5599284
CXXC1,0.5599254
CPD,0.55992365
SH3D19,0.55990094
HOXB2,0.5598908
CD9,0.55987835
OSTC,0.55986595
PDE7A,0.5598658
PERP,0.55986434
FN1,0.55985695
CMTM6,0.55985385
GALNS,0.5598516
MAP2K3,0.5598316
DDX19B,0.5598251
AURKAIP1,0.5598226
CHMP2A,0.55980504
CYBA,0.55979913
CENPA,0.5597989
HCK,0.5597921
CORO1B,0.55977726
NDUFS2,0.55976015
PDHB,0.5597576
NUDT5,0.5597537
CEBPZ,0.55974245
NAE1,0.5597333
MBTD1,0.5597069
ALDOC,0.5597048
WDR6,0.5596988
PDXK,0.5596915
EZH1,0.5596776
GDF11,0.55967367
COPS2,0.5596625
EIF2AK3,0.5596469
CREBRF,0.5595924
GYS1,0.55958074
CKAP2,0.5595661
DCP2,0.55955654
MAP2K6,0.5595257
ARHGEF11,0.5595242
NAA38,0.55952364
CKAP4,0.5595195
CKAP2L,0.5594957
TRAF2,0.5594792
TMOD3,0.5594736
DENND4B,0.559463
ANAPC7,0.559434
PFKFB3,0.55942684
PMPCB,0.55941117
RAB5B,0.5593909
LPIN2,0.5593475
LTBR,0.55932564
PRKCE,0.5593201
SRPK1,0.5593093
GPSM2,0.5592897
DDX39A,0.5592753
DTNBP1,0.5592276
PPA1,0.55922556
RAPGEF6,0.5591998
NDE1,0.55918944
IFT122,0.5591757
BFAR,0.55916995
PPIB,0.55914843
BACE2,0.559122
IRF7,0.55910194
PA2G4,0.5590989
RNF216,0.55909884
RPRD2,0.5590597
BANP,0.5590462
WBP11,0.5590394
MLX,0.55901355
RPL24,0.55900574
MLST8,0.5589893
RPA1,0.5589837
E2F5,0.5589627
NUBP2,0.55893314
MTMR14,0.55892605
CABIN1,0.55892426
STK39,0.55890906
CNPY3,0.5589084
IMP4,0.55889803
OSBP2,0.5588746
COQ5,0.55885607
ECH1,0.55883896
LSM5,0.5588077
FBXO2,0.55880576
LSM2,0.5587992
RAB3GAP2,0.5587691
DIABLO,0.5587613
UBE2Z,0.55875564
GPSM1,0.5587464
AP3D1,0.55873567
PFKP,0.558717
INTS9,0.55868024
ARHGEF12,0.55867577
NRBP1,0.558675
L3MBTL2,0.55866927
GEN1,0.55866456
COL4A1,0.55866194
MAP4K1,0.5586401
LOXL2,0.558607
PACSIN2,0.5586064
NDUFS7,0.5586011
BCL2L11,0.55859375
TRRAP,0.55856234
CYFIP1,0.5585449
TNRC6B,0.558519
COX20,0.558509
CAST,0.55850166
GANC,0.5584981
ATF4,0.5584852
SEC31A,0.558469
ANKRD44,0.55845195
PLA2G4A,0.55843073
FOXRED1,0.55843014
ESD,0.5584291
AHCTF1,0.5584215
MSH5,0.5584125
CNIH1,0.55839694
NUP188,0.5583733
RABGAP1,0.5583678
ILK,0.55835545
KDM6B,0.5583523
ITGA3,0.55830985
NOL10,0.5583059
MZT2A,0.5582944
KIF3C,0.55828923
CHAF1A,0.5582853
RSF1,0.5582503
FBXO38,0.558232
METTL22,0.5582219
GLMN,0.55821604
ORC1,0.558208
EMD,0.55819505
FANCM,0.55815667
ARHGEF3,0.55815464
EIF4ENIF1,0.55814284
CD53,0.5581301
CPOX,0.5581264
RCC1,0.5581198
PARP4,0.5580987
NAA50,0.55808306
DDX52,0.55806494
DAPK1,0.5580505
FZD6,0.55804414
ATAD5,0.55803907
ALDH7A1,0.55803674
LINGO1,0.5580232
POGZ,0.558023
RPL31,0.55801404
CACNB1,0.55801255
RAPGEF1,0.55800885
POU2F1,0.558003
CD47,0.5579752
AGO1,0.55796814
CSGALNACT2,0.55796
HMGCL,0.55795807
YY1,0.55795604
CDCA7,0.5579426
MAD2L2,0.55793357
HMGXB4,0.55793226
PRKAG1,0.557932
MPDU1,0.557923
SLC2A3,0.5579228
ADAR,0.5579139
CRTC2,0.5579001
GABPB1,0.5578676
EPAS1,0.55785483
PFN2,0.55783296
CAPZA2,0.5578217
NUP133,0.5578025
SLMAP,0.55777526
CENPO,0.5577575
DOCK7,0.557747
ANXA5,0.55773526
LGALS3BP,0.5577344
DUS2,0.5577208
NCAPH2,0.55770963
DEPDC1,0.5576953
HSD17B10,0.55762225
CDON,0.55761546
HADHB,0.557592
PDLIM7,0.5575805
PHLPP1,0.55757487
PKD1,0.5575417
CHFR,0.55752605
TAOK1,0.55752
SDHAF1,0.5575082
CMTR1,0.55750126
NDUFB9,0.5574977
CYFIP2,0.5574953
ERGIC2,0.5574691
LIMK1,0.55745673
CDK2,0.5574552
CLDN4,0.55744696
GSK3A,0.55743533
MTMR4,0.5574247
MIA3,0.55742395
FRMD6,0.55741984
PDE8B,0.5574015
RPS20,0.5574011
NOP58,0.5573982
PHF21A,0.5573139
DBNL,0.5573119
XPO5,0.5573113
DAPK2,0.55729985
CWC15,0.55726856
ARFGEF2,0.5572637
GTF2E1,0.55725205
SRGAP1,0.55725175
NRF1,0.5572497
CLOCK,0.5572293
LONP2,0.55722666
DAPK3,0.55722326
KAT5,0.5572197
KCNK5,0.5572173
CMAS,0.5572161
ARHGDIB,0.55721456
NVL,0.55720145
SNRNP70,0.5571731
HSPB8,0.55714905
PARVA,0.5571426
CHRAC1,0.5571358
CALCOCO2,0.5571262
BCCIP,0.55706817
CCNA2,0.5570602
SREBF1,0.55703366
TAF1D,0.55702496
ITSN2,0.55699974
COX7B,0.55698997
MZT2B,0.55698395
BTAF1,0.5569824
MED22,0.5569599
RPRD1A,0.5569435
PCGF3,0.5569396
SEC24C,0.55693597
PDCD6IP,0.5569216
TNPO3,0.5569199
PDCD4,0.556904
SRGN,0.5568968
SMC4,0.556881
BRWD3,0.55685467
EEF1E1,0.55684364
NUDC,0.556827
EYA3,0.55677843
USP32,0.55677617
PRKAR2A,0.5567641
FECH,0.5567254
MIB1,0.55672437
NR2C2,0.55672127
NUP50,0.5567179
MOB1B,0.5566907
AKAP1,0.5566873
KIF18A,0.5566862
STAT1,0.5566861
MYLIP,0.5566695
GEMIN4,0.55666643
GUSB,0.55664736
CHMP2B,0.55664325
MCCC2,0.55663925
MT2A,0.55663675
BMP2K,0.5566163
EFNA1,0.556593
YBX3,0.55656946
E2F4,0.5565628
CIB2,0.55655867
DPH7,0.5565385
FAM160A2,0.5565064
GPAA1,0.55649525
VAT1,0.5564707
UTRN,0.5564492
DNAJC10,0.5564482
ICAM1,0.55644417
GGH,0.5564279
EPS8L2,0.5564228
TRAK1,0.55641
COL18A1,0.5564076
ANXA2,0.55640584
HPS3,0.55639434
VASP,0.55638546
TRPC4AP,0.5563753
HEPH,0.55636734
CUL9,0.55636054
CEP250,0.55635905
P4HA1,0.5563308
DOCK11,0.55632323
ARHGAP10,0.55632263
IRF8,0.5563214
FAM98A,0.55631965
SRSF9,0.5563033
LNPEP,0.55630153
XPOT,0.55629057
CENPH,0.5562769
ATG4B,0.5562764
FIBP,0.5562674
PDIA4,0.5562471
CUL2,0.5562334
BOP1,0.5562326
RCOR1,0.55622625
SSU72,0.5562165
HIRA,0.5562159
DIS3,0.5562024
EGLN2,0.5561817
AHCYL2,0.5561674
ATF2,0.55615294
SRSF5,0.5561518
FMR1,0.55614513
CTDP1,0.55608326
EPHA2,0.55607873
ACTN1,0.55607337
HACL1,0.556073
OPA1,0.5560671
DPY30,0.55605716
STAU1,0.55602926
SUPT16H,0.5559933
TRIM44,0.5559887
PEX14,0.55594695
VAPB,0.5559281
CAMKK1,0.5559217
GOLGA2,0.5559199
GUF1,0.55589753
CIAO1,0.55589724
EXPH5,0.55588865
HOXB4,0.55588794
MMP11,0.5558691
RNPS1,0.55586547
CHD1L,0.5558629
DTX3,0.55585915
PBX2,0.55583644
TGFBI,0.55583286
ERRFI1,0.55581635
POLDIP3,0.555778
MRPL34,0.5557732
CPNE3,0.5557649
DCAF12,0.55575186
LRCH1,0.5557477
DHPS,0.555739
ARF6,0.5557245
YWHAH,0.55572426
GABBR1,0.5557188
LTN1,0.5556969
GLE1,0.5556928
COG3,0.5556743
PLCB4,0.5556575
DUSP16,0.55562687
ITGB2,0.5556203
MRPS18B,0.55561733
DNAJC2,0.5555906
TCP1,0.5555891
CNOT7,0.55554307
GCDH,0.55554265
PTBP2,0.55553263
CEP55,0.5555129
OTUD5,0.555475
SDCCAG8,0.5554686
OPHN1,0.55545104
PFKFB4,0.5554508
BTRC,0.5554394
NUTF2,0.55543727
ARHGEF18,0.555385
ATP2B4,0.5553576
CSTF1,0.5553501
ATG12,0.5553451
PTPRS,0.5553442
AHCYL1,0.5553373
PSMB2,0.5553219
CPT1A,0.5553045
CCZ1,0.5552998
ATPAF1,0.55529547
CTSA,0.55529004
KIF20A,0.5552572
PSMC1,0.5552452
PGM1,0.5552395
UQCC1,0.5552352
PCDH7,0.5552342
DNAJC24,0.5552116
RXRA,0.5551859
NDUFV2,0.55518365
DNAJC9,0.5551781
POLR2A,0.55512
PLD1,0.5550923
BRWD1,0.55507857
BAIAP2L1,0.555071
PDPK1,0.5550694
CDC34,0.5550599
IFNGR2,0.55505943
IFI16,0.5550593
PEA15,0.555058
BCAP31,0.55503535
GFER,0.5550313
TRMT11,0.55502105
NUSAP1,0.5550112
FURIN,0.55500627
ETFB,0.5549653
CCDC12,0.55496293
CTSD,0.55495614
ORC2,0.55493426
NEU3,0.5549222
PKN2,0.5549187
APOE,0.55490184
SENP6,0.5548991
FCHO2,0.5548882
SLC44A2,0.55488527
FMNL3,0.55487853
PFKM,0.55485195
CCNG2,0.55485046
ORAI2,0.5548476
EPB41L3,0.55482626
CWF19L2,0.5548244
ODC1,0.5548223
BAHD1,0.5547995
CHCHD10,0.5547965
ST3GAL3,0.55478686
MCTS1,0.5547708
CCNB1,0.5547633
SNRPD2,0.55476224
RPS3A,0.55472916
NAF1,0.5547177
CENPJ,0.55471504
GYG1,0.554714
EIF2B3,0.55470836
PRPS1,0.5546669
AP2M1,0.55465823
NAGLU,0.55465823
LRP1,0.5546509
CBX6,0.5546124
MTF2,0.5546079
C2CD5,0.5546021
ATG16L1,0.55459124
CD109,0.55457824
CD83,0.5545672
ELMO1,0.55455995
PNRC2,0.554547
MIEF1,0.554536
BMF,0.55453557
IRF1,0.5545196
ALDH1B1,0.5545001
ATP1B1,0.5544683
CBFB,0.5544589
STRAP,0.55445325
FEM1A,0.55444604
ATP11B,0.5544194
DHTKD1,0.55437744
ZNF462,0.5543747
IRF2BP2,0.5543694
BDP1,0.55436295
CD58,0.554347
PGS1,0.55433357
GPAM,0.55431783
VPS53,0.5542981
AFF1,0.5542921
RHEB,0.55427206
MRPS30,0.55426145
CHP1,0.5542601
SH3PXD2B,0.5542551
LYPLA2,0.5542264
RPRD1B,0.5542262
NCAPD3,0.5542245
CDCA5,0.5542022
PLEKHA2,0.554193
CDS2,0.5541904
DECR1,0.5541878
DHX38,0.5541838
RHOG,0.55417705
PFDN5,0.55417657
ARFGAP1,0.5541754
UBE2G2,0.55415106
SERP1,0.5541478
PPP2R5C,0.55413777
RSL24D1,0.5541336
PPP1R12A,0.5541128
CEP164,0.55411154
CXADR,0.55408084
MDC1,0.5540754
SRCAP,0.5540651
ATP6V0C,0.5540636
BCKDHA,0.55406326
HBP1,0.55405754
PMF1,0.55405
HSPA14,0.55404854
GCC2,0.55403847
ST6GAL1,0.5540383
SYNGR2,0.554036
PSMD11,0.5540188
NFE2L1,0.5539888
NES,0.5539827
IBTK,0.5539654
ATP8A1,0.55395865
PFKL,0.55395764
DCTN3,0.55390096
GEMIN8,0.55389214
CD99L2,0.55388767
MRPL11,0.5538875
ECSIT,0.5538858
EMC2,0.5538765
ZNF544,0.55387557
REV3L,0.55387217
PLAGL1,0.5538698
MARK4,0.553847
GAR1,0.55384636
PELI2,0.5538463
MFAP1,0.5538364
EMC3,0.55383587
PRMT1,0.55383533
PFDN2,0.5538267
VPS51,0.55381024
PRKCI,0.55380934
NOP56,0.5538086
SLC25A13,0.55379885
IFT46,0.5537806
AP2A2,0.55375206
DYNC1I2,0.5537189
ERCC8,0.5537112
ATG2B,0.5536976
APPBP2,0.5536643
PDCD11,0.55363077
GEMIN5,0.55362666
PRKCSH,0.553612
WLS,0.5536099
CAPG,0.5536058
YTHDF2,0.553586
PHB,0.5535683
ENGASE,0.5535621
FBXO41,0.5535593
LSG1,0.55355376
EIF3G,0.55355155
ATAD2,0.5535404
PRDX3,0.5535381
PRDX2,0.5535341
CAMK2G,0.5535023
FZD3,0.553475
HACE1,0.55346906
APBB2,0.55346316
PRPF40A,0.55344725
CRMP1,0.5534436
COPS8,0.553442
IFNAR1,0.5534326
PUS1,0.55339116
LAMP2,0.553383
PIP5K1C,0.5533788
SEPHS1,0.5533551
SMG7,0.5533436
GPC1,0.55333996
CCDC93,0.55332327
HPS6,0.5533104
GDPD5,0.55328256
ACTR3,0.5532617
PJA2,0.55325854
SIN3A,0.55324304
PDS5B,0.55324125
SLC7A6,0.55324036
TNFAIP8,0.5532233
ATM,0.5532164
PPP1R14B,0.5532129
HAUS4,0.55320084
CYB5A,0.553197
SCFD2,0.55318105
CHEK1,0.5531542
PRKRIP1,0.5531517
CBX4,0.55313975
SARNP,0.55313534
RBM25,0.55312806
VAPA,0.55311984
PPP4R2,0.5531193
ST13,0.55311817
PAK4,0.5531115
DCAF13,0.5531012
DRG2,0.55308855
RPL18A,0.55307317
SEC14L1,0.5530706
RFX3,0.5530504
POLR2J3,0.55302805
MRPL24,0.5530235
CLHC1,0.55301595
DTX4,0.5529865
CDK11B,0.5529645
DYNC1LI1,0.5529535
ARFIP2,0.55295223
UBA2,0.5529486
FMNL1,0.55293053
NME4,0.5529292
VDAC2,0.5529269
PSMB1,0.55292344
MTF1,0.5529107
ATP6V1H,0.5529043
CDIPT,0.5529033
ANKLE2,0.5528849
PMEPA1,0.55286634
CENPI,0.55286604
COQ9,0.5528577
PPIF,0.55285484
ADCY3,0.5528505
RAD18,0.55282474
HSD17B8,0.55279577
TUFM,0.55277383
KCNN4,0.5527495
ETHE1,0.55274606
FGD1,0.55273986
RALGPS2,0.5527364
XPO7,0.55272347
CHML,0.5527229
PDGFC,0.5527158
SLC16A3,0.55270153
GSTK1,0.55270106
MIS18A,0.55267674
PSMD3,0.55266255
UQCRC1,0.5526556
GJC1,0.55265
EXOSC9,0.55264103
SESN3,0.5526053
DGKA,0.55260277
NUDT21,0.552576
MRPL30,0.5525703
IMPA1,0.5525603
GNB5,0.55255884
CDCA2,0.55255866
PRKAA1,0.55249846
FKBP3,0.55248547
ARPC1B,0.5524837
DMD,0.5524829
PPP1CA,0.5524736
FMO4,0.5524722
MAN1A1,0.55246186
FDXR,0.5524466
KLHL2,0.55240595
BICD2,0.5523839
RBM5,0.55238086
CRADD,0.552366
DDHD2,0.5523447
THOC2,0.55234236
ARF1,0.55231774
MRPL38,0.5522899
RANGAP1,0.5522844
SIL1,0.55226064
RYK,0.5522535
MAPK3,0.5522522
ECD,0.5522486
ARHGAP31,0.55224586
PANK3,0.5522448
CCDC88C,0.5522376
HS6ST1,0.55223256
MRPL28,0.5522309
MXD1,0.55221915
CACNB2,0.55216926
HOXB6,0.55216765
ELP5,0.5521453
PITPNA,0.55214006
CD63,0.5521249
BTBD1,0.55212307
AUP1,0.5521005
USP24,0.5520867
CAMKK2,0.5520823
DHX37,0.5520815
PSAT1,0.5520712
PLOD1,0.55207026
DGKZ,0.5520692
IDH3A,0.55205715
TLN2,0.55203575
PLAA,0.55202985
RNGTT,0.5520296
FADD,0.552027
DISC1,0.5520262
SMPD4,0.5520114
PSMA1,0.552011
GPN2,0.5519847
CUL5,0.551982
DHRS11,0.5519813
PCGF5,0.5519731
PDHA1,0.5519712
APH1A,0.5519411
EMC9,0.55192226
EXOC1,0.5519134
ESRP2,0.5519083
MGAT4B,0.55189323
DUSP12,0.55186516
TACC1,0.55186075
ITM2B,0.5518507
DPM1,0.55181384
RANBP3,0.5517935
IVD,0.551777
SHMT2,0.55177456
MAD2L1,0.5517659
POLK,0.55175227
DHX16,0.5517391
DDX56,0.55171704
OTUD7B,0.55170554
RAC2,0.55169046
PPP2R5E,0.5516847
UVRAG,0.5516842
UBXN7,0.5516798
PPP2CA,0.5516701
SPARC,0.5516446
TYW1,0.55164295
MVP,0.5516407
ALKBH5,0.55163765
CLK1,0.5515903
AP3B1,0.5515271
RBBP7,0.5515203
CNIH3,0.55150145
CDC25A,0.55149627
LRPAP1,0.55149287
USP47,0.5514851
HAGH,0.55144596
RAB1A,0.5514362
PDSS2,0.5514307
IFT52,0.5514274
UBAP1,0.5514156
PHC3,0.55141073
COX11,0.55140924
CAPN2,0.5513976
PRPF3,0.5513621
CHMP3,0.5513549
S100A11,0.55135345
CKS2,0.5513486
CCNL1,0.55134076
PSMB5,0.55134004
SRRM1,0.5513334
CBR4,0.551331
INO80C,0.55132693
ASNS,0.5513236
GADD45A,0.5513053
COIL,0.55129695
PSMF1,0.55128145
TMED10,0.551277
CABLES1,0.5512603
SH3KBP1,0.5512563
TLE3,0.55125314
IL4R,0.55124974
CITED2,0.55123585
TMED3,0.5512264
LTBP3,0.55120474
PRC1,0.5512023
PSME3,0.5511936
PANK2,0.5511695
SUMF1,0.551167
RIF1,0.55114865
PSMD9,0.5511444
LDLRAP1,0.5511431
AREL1,0.55113786
MTX1,0.55111146
ATG5,0.5510974
CCS,0.55108815
IMPDH1,0.5510787
WDR43,0.55107826
WDR82,0.55107427
EHD4,0.55107003
GDAP1,0.5510639
METTL4,0.55105627
CHN2,0.5510511
SOX4,0.55104953
GPKOW,0.55103666
TRIM37,0.5510078
NSFL1C,0.5509938
TMED2,0.55098367
DIS3L,0.5509781
KPNA5,0.5509592
AGO4,0.5509585
FBLIM1,0.55094284
CNOT6L,0.55093944
TIAL1,0.5509114
DEPDC1B,0.5508781
PSMB6,0.5508751
LEMD3,0.55086505
RPS13,0.5508147
PDIA3,0.5507946
RPS21,0.55078363
NT5C3B,0.5507778
DCUN1D3,0.550777
HVCN1,0.5507598
CNNM4,0.5507587
GPN1,0.5507203
AGPAT5,0.5506957
CALML4,0.5506952
TPST1,0.5506704
TOB2,0.5506306
REV1,0.5506267
SAP18,0.5506233
HOXB3,0.5506105
HDAC10,0.55060935
ALDH3A2,0.55059403
TALDO1,0.55059165
FANCB,0.5505862
MBP,0.55057126
GTF2H1,0.5505592
AHI1,0.55054903
CEP70,0.55053675
ARL8B,0.55053306
BMP1,0.5505132
EBNA1BP2,0.55046
AMOTL2,0.55044085
FGFRL1,0.55042297
DSN1,0.550416
MOB2,0.5504115
UBE3A,0.5503977
CACYBP,0.5503899
AP1G1,0.5503899
PES1,0.55037564
PRPSAP2,0.5503536
GABPA,0.55033374
RAB11A,0.5503292
PIGL,0.5503153
NET1,0.5502896
ATP8B2,0.5502854
PSMD4,0.55025446
ENTPD5,0.55024225
CYB5R4,0.5502206
SCLT1,0.55021465
CDC5L,0.5501756
AP1M1,0.550164
CHPF2,0.5501402
ITGB7,0.55013317
UIMC1,0.5501278
GTF2H3,0.5500984
CDC6,0.5500751
GINS4,0.55006474
PTPRM,0.55005723
ATF6,0.550049
PPL,0.5500059
CLDN12,0.54999304
SUN1,0.5499896
IL2RG,0.54996276
SF3A1,0.5499626
PRR5L,0.5499557
FEZ2,0.549921
GRPEL1,0.5499012
PUF60,0.549901
KLHL9,0.5498965
ATXN3,0.5498947
HEXIM2,0.5498913
PIK3C2B,0.54988855
ROR1,0.5498624
GNA15,0.5498605
CDC25B,0.5498576
WSB1,0.54985017
SMURF1,0.54983294
RAB2A,0.5498267
DPH1,0.54981416
SATB2,0.549766
POFUT1,0.54975444
PPCS,0.5497515
DOCK2,0.5497158
PPARGC1B,0.5497119
RAB3GAP1,0.54971
IL1RAP,0.5497053
CDC14B,0.54969746
FAN1,0.549676
AK4,0.54967314
ZNF721,0.54965836
RAD23A,0.5496376
SEC16A,0.54958564
BUD13,0.5495757
NCBP1,0.54956955
JMY,0.5495685
GPR153,0.5495659
INPP5A,0.54955393
TRAF3,0.5495538
CLPP,0.5495522
PIGK,0.5495325
SCARA3,0.54951274
C1GALT1,0.54950196
CCNT2,0.5494932
LSM3,0.5494818
XPR1,0.5494737
PTPN1,0.5494403
RABGEF1,0.54943717
NGLY1,0.5494351
CCNB2,0.54943246
ELK1,0.54942256
DNTTIP2,0.5494156
GUCY1A2,0.549408
U2SURP,0.54940665
CHST12,0.5494046
CTH,0.54939055
POLR1A,0.5493877
GPN3,0.54937947
SSR3,0.54935676
CERS4,0.5493566
CNTNAP1,0.5493509
PTDSS1,0.5493412
AKR1A1,0.5493372
LIN52,0.5493245
COG7,0.5493204
RBM28,0.54930645
ANKRD28,0.54929495
PNPLA6,0.54927754
BATF,0.54925114
KIF26A,0.54924554
SH3GLB2,0.5492345
PKN1,0.54922163
ANXA7,0.54921854
RSL1D1,0.5492177
DPH2,0.5492062
MRPS34,0.5492047
CLCF1,0.54918236
CDK9,0.54916793
PIK3C2A,0.54916066
RPS7,0.549143
SUPT6H,0.54913867
PPP1R12C,0.54913676
LEPROT,0.54911697
MCM6,0.5491134
CEP135,0.54908234
ITGA2,0.54907894
ASPSCR1,0.54907864
TPGS2,0.54906994
NAA60,0.54906446
APPL2,0.5490488
POLL,0.5490485
RNF38,0.5490435
FAM131B,0.5490403
SMG5,0.5490395
ADNP,0.5490309
DLG4,0.5490202
GCFC2,0.5490182
FOXF1,0.5490079
XRN2,0.549007
ACAP2,0.54900336
IFT88,0.5489667
ALG5,0.5489545
EOGT,0.54893786
ANAPC5,0.54893416
PANK1,0.5489266
DENND1B,0.54892045
DYRK2,0.5489173
FAM8A1,0.54890794
PTPN12,0.5488958
RC3H1,0.5488802
ASCC1,0.5488335
MKNK1,0.5488254
YY1AP1,0.5488166
LPCAT3,0.5487731
YME1L1,0.54876983
EBP,0.5487598
PDK1,0.5487583
HLA-DMB,0.5487186
PYCR1,0.54871625
FKBP2,0.54871136
CYTH2,0.5486943
HAUS8,0.5486832
PLCL2,0.5486756
POLQ,0.548671
CDC42EP4,0.5486667
KMT2B,0.5486531
DFFB,0.5486414
ADH5,0.54863554
RABGGTB,0.54863346
DHRS3,0.54863095
RFX7,0.54861146
EXOSC6,0.54859984
PEX19,0.5485995
EIF2B4,0.5485844
ARPP19,0.54858035
ECI2,0.5485562
FZD7,0.54854524
AQR,0.54853934
MEGF8,0.54851604
KLHL5,0.5485034
ASCC2,0.54850096
KRT10,0.54849297
GNPDA1,0.5484887
CENPN,0.5484779
FEZ1,0.5484764
CDC40,0.5484751
NPM3,0.5484557
BIN1,0.5484551
MRPL46,0.54844946
TJP1,0.5484354
WDFY3,0.5484282
MED21,0.54842234
TRPM7,0.54841524
DGKE,0.54840714
IPO4,0.5484002
ARRB2,0.54837394
ACACA,0.5483474
MRPS18A,0.5483395
LDB2,0.54831785
STK4,0.548279
RAB6A,0.5482416
DDX50,0.5482336
PSMA4,0.5482084
DHX35,0.5482006
POLD2,0.54819167
TRAPPC12,0.54819155
ATP6V0A1,0.5481914
SUMO3,0.54816025
SP1,0.5481535
PRPF4B,0.5481444
BTF3L4,0.54812515
JAG2,0.5481235
CHUK,0.5481153
HEXB,0.54811245
CNNM3,0.5481065
CTSZ,0.54810375
RRM1,0.5480993
GSTM2,0.54808766
SPAG9,0.54807156
BAG4,0.54806966
MAN2C1,0.54806244
NDUFA11,0.5480519
FDX1,0.5480456
FKRP,0.54803693
CHTF18,0.5480213
MED16,0.54802084
CDCP1,0.5480085
COG8,0.5479984
PSMD8,0.5479877
ASAP2,0.54798436
LSM10,0.5479754
C2orf49,0.54796815
SCAI,0.54796636
PTPN13,0.54793966
RAB11B,0.5479349
NEIL3,0.5479277
NRP2,0.5479252
TLN1,0.54791653
STX16,0.54791576
CD320,0.54790413
ZMYND8,0.54790276
MRPS28,0.54789823
ASL,0.54787946
DOCK8,0.5478505
AGPAT1,0.54781723
MRPL13,0.5478169
PYGL,0.5477759
TNFRSF10B,0.54776365
RAB11FIP3,0.54775804
NLRC5,0.54775375
TUBB2A,0.5477457
RNF217,0.5477262
RBM8A,0.5477214
ARFGEF1,0.5477189
CLCN7,0.5477101
TMED9,0.5477088
RBM15B,0.54769546
ACADVL,0.5476911
PSMB3,0.5476693
MRPS11,0.5476607
PLEKHG3,0.5476599
MAT2B,0.5476494
MAPRE2,0.5476484
SEMA3A,0.547611
SHC1,0.54760766
PI4KA,0.547599
KCNQ1,0.5475879
SAFB,0.54758716
SF3A3,0.54758394
FBXO17,0.54758394
PSME1,0.54757947
ING4,0.54757494
MPG,0.5475686
CNOT11,0.54754806
IL6R,0.5475443
PSEN1,0.5475298
PTTG1,0.54751664
ATP7A,0.5475105
FGF11,0.54750764
VKORC1L1,0.5474767
DUS1L,0.5474758
CRY1,0.5474395
CD300A,0.54743886
MTMR1,0.5474354
STK3,0.54742676
SRGAP2,0.547407
FBXO45,0.54740137
XPO4,0.5473775
TXNIP,0.5473763
NSUN4,0.5473729
GMNN,0.547369
ACTR3B,0.5473561
NDUFAB1,0.54732966
PTPN4,0.5473264
TXN,0.5473256
NR1H3,0.54731953
CYP2S1,0.54731065
ARHGEF1,0.5473015
EYA2,0.5472372
AP2S1,0.54721665
EXOSC8,0.54721516
DCXR,0.5472055
GCC1,0.54720545
SLC25A24,0.54719335
S100PBP,0.54715955
PSMC5,0.54715216
COMMD6,0.54712784
STC2,0.5471033
PLXNB2,0.5470882
ADK,0.5470838
AP1G2,0.5470805
FBXO5,0.5470611
GID4,0.5470492
CENPT,0.54702157
NDOR1,0.547013
LSM11,0.5469849
AMY2B,0.54698277
MAN1C1,0.54698014
B4GALT2,0.54696697
ADIPOR2,0.5469622
MVD,0.546962
RUVBL1,0.54695386
RRP7A,0.54694265
EXOSC5,0.5469384
AMOTL1,0.54693025
GRK6,0.5469275
SUPT5H,0.54690385
RAB5C,0.54689014
ANGEL2,0.5468778
ARHGEF2,0.54687774
RNF24,0.54686904
ARF4,0.54683137
LEMD2,0.54680926
GORAB,0.5468004
CLPX,0.5467906
AMMECR1,0.54678863
GBP2,0.5467656
USO1,0.5467651
RAPH1,0.54673487
MRPS17,0.54672706
NDUFV3,0.5467261
DOK1,0.54671764
AHRR,0.5467174
PLEKHM2,0.5467145
SEC24D,0.5466989
ARSJ,0.5466988
DNAAF2,0.5466801
KCTD6,0.5466731
PUS7,0.54666746
PIK3R3,0.5466253
GLYCTK,0.5466159
LTB,0.54660153
RPL17,0.54658884
RHOBTB1,0.54658467
IQCE,0.5465846
B3GNT2,0.5465819
EIF2B2,0.5465667
ESF1,0.54656374
VAC14,0.54656166
RAB14,0.54655993
SMARCA2,0.5465576
ACTG2,0.5465432
UBE2I,0.5465409
GLRX,0.5464942
ERCC6,0.5464777
SNX3,0.54647434
PSMA7,0.5464477
PHF19,0.54642254
PDRG1,0.54641867
AIMP1,0.5464065
PSMD2,0.54640514
BHLHE40,0.54638165
MGST3,0.5463807
SKIL,0.54637957
ATG9A,0.54636633
ST3GAL1,0.546363
ASAH1,0.5463597
EBAG9,0.54635787
CSF1,0.5463578
SF3B2,0.54634076
SH3BP4,0.54633075
SETX,0.54632854
NUB1,0.5463231
ICAM3,0.54632264
LRWD1,0.54630107
MRPL48,0.5462953
APTX,0.5462941
GATC,0.54628575
CMYA5,0.54627615
SACM1L,0.54627514
BNIP3L,0.5462696
IRF3,0.5462604
SDC2,0.54625696
HHAT,0.54624474
E2F2,0.5462288
TIPIN,0.54622036
LEO1,0.546217
TIA1,0.546216
GTF2A2,0.546202
UBQLN1,0.5461894
SKAP2,0.5461804
IFT27,0.54617745
AKAP10,0.5461756
HAUS2,0.5461639
PATL1,0.54615426
ACTR8,0.5461484
URM1,0.5461474
IRAK2,0.5461439
GALK1,0.5461407
MORC2,0.54607886
INSR,0.54607826
CAB39L,0.5460603
PRMT7,0.5460463
HSPBP1,0.54604024
BET1,0.5460333
GNE,0.5460216
BLCAP,0.5460121
CWC22,0.5459765
THY1,0.5459758
IPO13,0.545961
CBY1,0.5459526
NANS,0.54594874
CGNL1,0.5459379
PLOD2,0.54593503
TOP2B,0.54592717
TFCP2,0.5459198
CUL4B,0.5459193
WDR59,0.54591227
PPM1B,0.5459075
PPP6R1,0.54589844
PHYKPL,0.545896
PSMC3,0.54588586
RPL7L1,0.54585874
AGPS,0.54585004
ARHGAP26,0.5458436
PLCL1,0.5458401
TRIT1,0.5458315
ARRDC3,0.5458152
GTF2B,0.5458133
PRKACB,0.5458111
PSMD7,0.54578996
NFATC4,0.54578435
APOBEC3C,0.5457807
WIPF2,0.5457797
AFTPH,0.5457613
SYMPK,0.5457584
FBXO25,0.5457581
MUS81,0.5457489
DERL3,0.5457408
PPP1R10,0.5457349
TTLL12,0.5457145
GAN,0.5456892
SMCHD1,0.5456732
BRF1,0.5456709
CALCOCO1,0.54565185
NAPA,0.5456489
BUD31,0.5456392
EPHA1,0.54563075
UHRF2,0.54561645
ST3GAL2,0.5456076
RASSF8,0.54559964
PDPR,0.54559517
SPIRE1,0.5455922
USP7,0.54558957
DCLRE1C,0.5455816
PEX5,0.5455778
CSTF2,0.5455773
PIR,0.54557526
TEAD4,0.5455623
IFNLR1,0.545543
SWAP70,0.54553217
CPT1C,0.5455191
SLC25A12,0.5455187
DEPDC5,0.5454989
GCH1,0.5454712
AGO2,0.5454595
RALGAPB,0.54545057
EPB41L4B,0.54543954
SCRIB,0.54543823
RAB8A,0.5454373
SNCA,0.5454344
IFT172,0.5454066
CTC1,0.545402
GSDMD,0.5454015
ODF2,0.5453988
PAPSS1,0.54538774
ANAPC4,0.5453824
DDX11,0.54537797
ATP6V1G1,0.5453746
FTSJ3,0.5453387
PLXNB1,0.545313
NCALD,0.54530025
PPIG,0.5452993
PTCD3,0.54529124
SSH1,0.54528356
RB1CC1,0.5452824
JUND,0.5452806
STRN4,0.5452782
PCK2,0.5452661
RAP1GDS1,0.54524994
SLC9A3R1,0.5452272
RBX1,0.54522574
IRF2,0.5452248
LRP12,0.545202
DDA1,0.545168
PRPF19,0.5451663
LGALS8,0.5451547
PSMB8,0.5451451
PDE4A,0.5451381
PARP14,0.5451345
ZRANB3,0.54511195
AKAP9,0.54510814
SSR1,0.54509735
PIK3C3,0.54507047
IK,0.5450632
ARID3A,0.5450612
VRK1,0.54505074
ADSL,0.54504895
GGCX,0.5450489
STARD13,0.5450131
MED6,0.54499394
BLOC1S6,0.54497343
TSEN2,0.54495853
DNAJB14,0.54494274
CSAD,0.5449103
ATG4C,0.5449069
DNAJA4,0.5449054
TRA2A,0.5448865
ANO9,0.54488635
NOD1,0.5448827
ETNK2,0.5448531
SP3,0.5448522
EPB41L5,0.54484457
PPP2R5A,0.5448363
TNPO2,0.5448356
RASA3,0.54483485
HECTD3,0.5448169
ANAPC15,0.5448158
CCNYL1,0.5448138
MCCC1,0.5448084
NOSIP,0.5448068
BBC3,0.54480225
CLN3,0.5447879
GALNT18,0.54477704
ACTR6,0.544769
TNKS,0.54476744
ALCAM,0.54476035
SPAG5,0.5447278
RRP1B,0.5447239
FYTTD1,0.5447236
CBX2,0.54470146
SRSF7,0.54470044
MAPK12,0.5446886
ATPAF2,0.54468757
PSMA5,0.54468536
GLCE,0.544685
COL5A2,0.5446679
LARP7,0.5446512
BRF2,0.5446443
RFC1,0.5446296
IFT81,0.54462695
RHOT2,0.54458505
DDX19A,0.5445597
RAP1A,0.5445442
RPS6KA1,0.544507
SEC61A1,0.54450464
LOXL1,0.54449695
PSMB4,0.5444895
UQCRB,0.5444876
HDAC9,0.54447305
ARSB,0.54446304
ATRN,0.54444736
PDHX,0.5444176
AFG3L2,0.54441565
RNF5,0.54441446
E2F6,0.54440796
MAFK,0.5443888
FKBP15,0.5443755
KCNC4,0.54437524
ARHGAP29,0.5443593
SYNJ2,0.544357
CLN8,0.54434335
TTYH3,0.54433835
ARFGAP2,0.54432684
TOMM7,0.5443033
PSMD12,0.5443018
BOLA3,0.544288
MOCOS,0.54428095
ALG13,0.54426616
SMARCA5,0.5442511
ATAD3A,0.54424787
CDH23,0.5442451
PPP4R1,0.54423505
DNAH17,0.5442323
SREK1,0.5442271
AIFM1,0.54421705
CTSF,0.5442091
IRAK4,0.54418904
THOP1,0.5441809
AKR1B1,0.54417443
CAP2,0.5441653
ARPC1A,0.5441602
HPS4,0.5441524
MPHOSPH10,0.5441502
PADI2,0.54414684
TIAM2,0.5441353
YKT6,0.54411054
EIF1B,0.54411006
LOXL3,0.5441076
NR2F2,0.54410225
SCAP,0.54410094
DOLK,0.54409385
CC2D2A,0.54409164
PLCG2,0.54408556
H6PD,0.5440809
HAUS1,0.5440752
SNX13,0.5440705
FABP5,0.5440401
ZNF496,0.544036
DYNLT3,0.54402274
COL9A3,0.5440168
USP3,0.54401344
ST3GAL4,0.54401284
FUZ,0.5440078
FBXL3,0.54399824
APBB1,0.54398537
FAM110A,0.54397047
MRPL16,0.5439482
CAMLG,0.5439447
ENPP1,0.54393935
MOGS,0.5439349
MALSU1,0.5439276
GDPD1,0.5439132
WDR26,0.5439088
USF2,0.54389447
CHST15,0.54388124
PIH1D1,0.54387724
WNT5A,0.5438518
NUP54,0.5438391
SERGEF,0.5438079
GRAP,0.54380035
UBE2L6,0.5437892
DMPK,0.54378706
SNX8,0.5437686
SLC12A8,0.54376745
RANBP9,0.54376173
SNRPD3,0.5437264
CYP2R1,0.5437205
SFSWAP,0.5437184
NADK2,0.54371464
CSTF2T,0.5437071
LMAN2L,0.5436938
SERPING1,0.54368144
STK40,0.54368013
TOR1AIP2,0.54366475
PPRC1,0.5436436
PPP1R18,0.5436389
SRP72,0.5436353
GABPB2,0.54361993
RER1,0.5436163
HOXA3,0.5436076
ACO2,0.54360086
ALDH3B1,0.5435877
COL1A2,0.54358685
HIP1R,0.5435661
ARHGAP32,0.5435615
CIR1,0.54356116
TNKS1BP1,0.5435605
NAA35,0.5435596
CBLL1,0.54355645
SPTLC1,0.54355204
GADD45G,0.5435402
SLC11A2,0.54353863
SKA2,0.54353046
COL6A2,0.54352885
NDUFA1,0.54352415
CD200,0.5435164
ING1,0.54350954
FRK,0.543501
DET1,0.5435003
SRD5A1,0.54349774
TNKS2,0.54348683
RSU1,0.5434612
NADSYN1,0.5434504
RNF169,0.5434333
BCL2L2,0.54343235
F2RL1,0.5434317
COA6,0.5434314
UBE2E3,0.5434292
DDX41,0.54342633
WDR5,0.5434198
POLD3,0.54341584
PEX6,0.5434041
BRAP,0.5433995
PPM1A,0.54338646
FZD8,0.5433774
CDC16,0.5433579
AP1S2,0.5433567
FBXO8,0.5433415
CHAF1B,0.5433386
PTPRA,0.54333276
ENOPH1,0.54332227
NAPB,0.54331505
SRSF6,0.5433073
CAMK4,0.5433006
CPT2,0.5432897
KIF3A,0.5432788
COX18,0.5432723
SIN3B,0.5432487
FAH,0.5432438
ADAM12,0.5432349
COMMD5,0.5432274
MED23,0.54320914
DENND2C,0.5432059
PLD3,0.5431954
ANAPC1,0.54318964
TXLNA,0.543188
MAFG,0.5431835
TMEM30A,0.5431675
PACS2,0.5431612
TP53BP1,0.5431582
TES,0.5431443
SPPL3,0.5431322
NAA16,0.54313207
GNS,0.54310983
TTI1,0.54310864
DDX51,0.5431002
POMP,0.54310006
INTS2,0.5430991
USP15,0.5430969
GIT2,0.54309523
PGAP1,0.5430941
RGS10,0.5430921
UGGT1,0.54309183
PHF12,0.54308724
SPG11,0.543061
STIM1,0.5430346
TXN2,0.54302454
FCGRT,0.5430051
DUSP7,0.5429858
CRY2,0.54297364
MAPK7,0.5429689
CDKN2AIPNL,0.5429611
ARHGAP44,0.542946
HNRNPLL,0.54294515
IDS,0.54294425
NCK2,0.5429245
KLHL42,0.54290694
RAB30,0.5429004
HPDL,0.5428835
CCDC22,0.5428782
ANKRD27,0.5428676
CDC25C,0.5428609
TTF2,0.54285496
CDC23,0.5428526
ETFDH,0.5428256
HPS5,0.5428251
MMADHC,0.54282415
ANLN,0.542816
DHODH,0.5428159
ZNF451,0.54280263
KRI1,0.54279226
MANBA,0.54279053
RBM19,0.54277843
SSR4,0.54276735
NEO1,0.5427322
GLA,0.54271615
B3GNTL1,0.54270875
RAB5A,0.5426955
POLA2,0.54265827
ADD1,0.5426397
TEAD2,0.5426185
FIG4,0.5426163
ZNF664,0.5426046
API5,0.54258156
GAA,0.5425592
UBE2V2,0.54255027
STK25,0.5425358
SLC39A7,0.54252386
DUSP6,0.54250985
CHMP5,0.5425016
UBE2O,0.54249895
FUCA1,0.5424671
DNAJB12,0.54246205
UBA6,0.54245645
TAOK3,0.5424103
ADD3,0.5424038
SRRT,0.5424019
ARMC8,0.54235774
SMURF2,0.54232955
MAP3K8,0.54232854
PTK2B,0.5423257
KCNS3,0.5423034
CREB5,0.5423011
NEMF,0.5422956
DNAH1,0.54228336
MIF4GD,0.5422578
MID1IP1,0.5422451
ARHGAP12,0.54222554
INPP5K,0.5422073
ALKBH1,0.54219127
CDT1,0.54219043
CAT,0.5421836
P4HA3,0.5421812
SEC63,0.5421794
ENC1,0.5421783
ARL2,0.5421667
TRAFD1,0.5421531
SOD1,0.542141
TSPAN14,0.5421235
CDC37L1,0.5421207
DSC2,0.5421101
GALNT6,0.5420969
GPANK1,0.54209316
ZNF714,0.54209185
L3MBTL1,0.54207015
LSM7,0.542052
PPAT,0.5420378
CCDC86,0.542014
STON2,0.5420135
CDS1,0.54200363
PEX16,0.5419912
ATP6V1A,0.5419877
KCNAB3,0.5419514
WWC1,0.5419487
CWF19L1,0.54194194
ASB1,0.5419344
AGPAT4,0.54191947
COG6,0.5419141
HAUS5,0.541898
MRPS2,0.5418948
ALAS1,0.54188657
TECR,0.54188144
LAMA4,0.5418796
BNIP3,0.5418775
SZT2,0.5418762
TMEM258,0.5418701
EAF1,0.5418662
FGD2,0.5418629
LLGL2,0.54185724
HCCS,0.5418563
DNAJB11,0.54185045
NDRG3,0.54184514
BLOC1S4,0.5418413
DCAF4,0.5418362
MRPS22,0.54183185
C2CD2,0.54183036
RAB11FIP1,0.5417792
WDTC1,0.5417623
AP5M1,0.5417591
RFC4,0.5417523
WBP1,0.5417483
ATRIP,0.5417335
KRIT1,0.54173315
SHOC2,0.54172224
BCL7B,0.5417021
NAA40,0.5417003
RBCK1,0.54168725
PPIP5K2,0.54168516
SNAP23,0.54168427
NADK,0.54168016
NFKB1,0.54167926
EFCAB7,0.5416588
UCHL5,0.54165107
DNAL1,0.54164106
COQ10B,0.5416408
MEPCE,0.5416377
CTNS,0.5416282
ZC3HAV1,0.54161334
RFFL,0.5416125
SPG21,0.5416053
ARHGAP4,0.5415994
LRSAM1,0.541592
TACC3,0.541565
ARCN1,0.5415364
B9D1,0.54153097
IL16,0.54152834
RANBP1,0.5415254
RPS6KB1,0.54150796
ZMAT2,0.5415014
EME1,0.5414802
NMT2,0.5414698
TIMP2,0.5414656
VPS25,0.5414557
TRIM25,0.5414489
ATP6V1B2,0.5414426
MMAB,0.54144055
GBA,0.54143447
AP5Z1,0.54143035
ADCY5,0.54141027
COG4,0.54140824
FNIP2,0.5413992
CEPT1,0.54139197
BNIP1,0.54138744
B3GAT3,0.54137367
ASGR1,0.54136467
ANAPC16,0.5413528
TAF3,0.5413464
CARF,0.5413439
IRF2BPL,0.54133713
TICRR,0.54132044
ORC6,0.5413161
CTSL,0.5412692
COASY,0.5412607
TRIP6,0.5412596
BIN3,0.541247
SMS,0.54123867
MCRS1,0.5412377
EXOSC1,0.54123557
KIF13B,0.5412338
SCFD1,0.54122865
RIC8B,0.54121286
XBP1,0.5412084
MED17,0.541188
CABYR,0.5411618
PDCD10,0.54112107
PHF1,0.5411153
EVPL,0.541102
GINS3,0.54108304
TUBB6,0.54108036
USP14,0.5410735
TFDP2,0.5410656
SYNE2,0.54106456
STOM,0.54105085
SCO1,0.5410507
RMND5A,0.5410481
BLVRB,0.5410422
NDUFB4,0.5410386
THAP4,0.54103756
LPIN3,0.5409941
AP3S1,0.5409882
GGT7,0.54095733
CD86,0.5409508
ARHGAP9,0.54094434
KLHL21,0.54094404
ACTA2,0.54093593
HSPA4L,0.54088986
SMC3,0.5408863
CCNDBP1,0.5408805
PPP3CB,0.54086775
CYP2U1,0.54086673
PTPN2,0.5408621
MRPS12,0.5408594
PPM1L,0.54085463
HAUS3,0.54082394
RUVBL2,0.54082143
TAF4,0.5408183
IRS2,0.5408168
SMAP1,0.54080063
PAGR1,0.5407911
PRKD2,0.54077625
AIFM2,0.54075533
WDFY2,0.5407524
CCR7,0.54075134
CCDC136,0.54072803
CDK7,0.5407229
DLC1,0.5407195
LCP2,0.5407151
POLR2G,0.54071504
UCHL1,0.5407148
UNC13B,0.5407108
LEPR,0.54070395
PKP2,0.54069877
WEE1,0.5406985
SNRPA,0.54067373
EPOR,0.5406715
KIF9,0.54067075
SETDB1,0.54066056
FZD5,0.54064447
CREB3L4,0.5406395
HELQ,0.5406384
RPAP2,0.540633
AGFG1,0.54061025
YTHDC1,0.54059863
STAG3,0.54059047
NELFE,0.54058135
RGL1,0.5405801
KLC2,0.5405712
TUBGCP3,0.5405699
MLYCD,0.5405617
SQLE,0.54054815
BID,0.5405475
IFIT3,0.54054654
SPTBN2,0.5405444
KRTCAP2,0.54053605
PHF8,0.5405337
ERN1,0.5405162
HECA,0.5405124
ZNF680,0.5405107
CA2,0.54049754
B4GALT4,0.5404955
NUDT19,0.54049057
HPSE,0.54047704
MBD4,0.5404705
DPP7,0.5404436
FBXL14,0.5404357
RPL22L1,0.54043174
QDPR,0.5404161
RTCB,0.5404096
CARD10,0.540381
RIMKLB,0.54037404
KHDRBS3,0.5403674
IL11RA,0.540367
ATG3,0.5403643
TNIK,0.5403244
DPCD,0.5403061
MPI,0.5403057
GPR180,0.54030144
ARHGEF28,0.54029715
UCP2,0.5402927
UBXN1,0.54027945
FMN1,0.5402629
ZNRF2,0.540229
CETN3,0.54021996
AP2A1,0.5402162
NR1H2,0.5402096
DUSP8,0.54020923
GOT1,0.54019696
IL17RA,0.5401756
ALKBH8,0.5401654
RNF130,0.5401652
ATP6AP1,0.54015374
ALS2,0.54013807
CEP78,0.54009885
CENPC,0.540096
KIF7,0.5400956
ACAA2,0.54005873
HSD17B7,0.5400359
CCDC97,0.54002625
AXL,0.540011
MBIP,0.54000074
SART3,0.53998744
KDM1B,0.53995556
MRPL53,0.53992385
SNTB2,0.5399081
CDH24,0.5399019
RAB4A,0.5398694
DENND1C,0.5398643
UNK,0.5398571
SRP14,0.5398397
ZNF587,0.53983873
STOML2,0.53981346
ADAM23,0.53977185
EMB,0.53975785
GALM,0.53975
RYBP,0.5397467
STK38L,0.5397385
LAMTOR3,0.53970665
MAP3K10,0.5397047
STX5,0.539693
IFI44,0.53967994
ECHS1,0.5396651
ANKZF1,0.5396566
UQCRFS1,0.5396433
MYO5B,0.53961295
PTPRU,0.53960973
BTN2A1,0.5395865
DYNC2LI1,0.539583
C17orf75,0.53957415
NKIRAS2,0.5395731
SLC25A25,0.53956425
PTGFRN,0.5395545
SLAMF1,0.539554
ZNF586,0.53951263
ALMS1,0.5395045
ITGA1,0.53950346
PYGM,0.5395033
ARHGAP30,0.53950256
PAAF1,0.53949594
RUFY1,0.5394957
CD27,0.5394882
HEXIM1,0.5394877
SUPT4H1,0.5394586
GEMIN6,0.539415
COG2,0.5394009
MCM10,0.53939575
RFX5,0.5393889
AQP3,0.53937656
CDKN3,0.5393719
LMCD1,0.53937095
RNF111,0.5393637
WDR41,0.5393625
JOSD2,0.539356
UBXN4,0.5393339
EAPP,0.53931963
NOP9,0.5393099
CCDC106,0.53929955
TBC1D1,0.5392824
GRPEL2,0.5392718
PTPN9,0.5392689
CCDC59,0.5392679
WWP1,0.53926593
PRMT3,0.5392642
ZBTB7B,0.5392524
PRMT5,0.539244
RMI1,0.53923887
MANF,0.53923476
BAG3,0.53923404
TAX1BP1,0.5392313
TOMM40,0.53922176
SPAG16,0.53920966
SCNN1A,0.539202
KIF17,0.5391927
CETN2,0.5391755
KLHL12,0.53917354
TUBA4A,0.53917193
STK38,0.53916967
APIP,0.5391373
KIAA1549L,0.5391283
IRF5,0.53912765
STT3A,0.5391187
TLE4,0.5391146
BRCC3,0.5391038
FBXO4,0.53910065
BCKDHB,0.539092
ZC3H13,0.5390914
FHL1,0.539087
PRPF38A,0.539086
F8,0.53907615
MAP4K2,0.5390731
CEP290,0.5390571
ING3,0.5390545
POLR3A,0.53902453
SLC4A2,0.5390177
ISG15,0.5389952
POLR2L,0.53897405
GPR132,0.5389488
WASF1,0.53894854
TTBK2,0.5389321
ZNF124,0.5389259
AFF4,0.5389255
TPCN1,0.5389238
TBC1D14,0.5389058
NRP1,0.5389034
UCKL1,0.5388975
P2RY6,0.5388884
UBN1,0.53887635
ELMO2,0.5388723
VAMP8,0.5388701
HELB,0.53886753
ACLY,0.53884155
PHLDA1,0.5388398
AUH,0.53880876
CLUAP1,0.53880256
DNAJB9,0.5387851
CTHRC1,0.5387819
CD2BP2,0.53877944
MRPL21,0.5387792
BCAS2,0.53875035
BCAT2,0.5387363
MAN2A2,0.5387339
ARL4A,0.538729
DCLRE1B,0.5387182
TTC37,0.5387164
NDUFA6,0.5387069
GNG11,0.5386981
PPARD,0.5386945
APLF,0.5386855
IFIT5,0.5386786
SAFB2,0.53867716
ZFC3H1,0.53867686
AZI2,0.5386673
ZKSCAN1,0.5386565
CCNK,0.5386202
CD40,0.538616
MYCBP,0.5385965
SMC5,0.5385937
AGL,0.53859174
MFSD10,0.53855515
PCDH1,0.53855246
PRR12,0.538543
BRPF3,0.53852785
MRPS24,0.53850365
MSL3,0.53850055
PPIL1,0.5384977
BOC,0.5384948
UBE2M,0.5384921
ANK3,0.5384913
BRIX1,0.53848237
SNX6,0.53847927
TAF7,0.5384733
BSCL2,0.5384717
ZMIZ2,0.5384565
MBTPS2,0.5384506
CDR2L,0.5384485
RCL1,0.53843445
EHHADH,0.53842765
SEC13,0.53842634
PNPT1,0.5383864
SORT1,0.53837246
ZFYVE9,0.53837085
F2R,0.5383551
GPD1L,0.5383493
SCLY,0.5383464
C2,0.53833646
APRT,0.5383314
INTS5,0.5383175
ITGA4,0.53831536
PRKRA,0.53831327
EVC2,0.53830487
KALRN,0.5382931
NSUN5,0.538286
NT5C3A,0.5382751
PLXNA3,0.5382714
LCMT2,0.53826874
TSPAN33,0.5382572
TDP1,0.5382445
UBFD1,0.5382442
RGS5,0.53824174
CEP97,0.53823704
PRICKLE3,0.53822887
ANO7,0.538226
EFNB3,0.53821915
DMAP1,0.53819954
UBQLN4,0.53819823
TTL,0.5381939
MRPS15,0.5381917
UBR1,0.53817517
RPUSD4,0.5381195
PPP1R9B,0.5381144
HSF2,0.53810084
RARS2,0.5380933
RBM17,0.53808653
IL12RB1,0.538061
COX17,0.5380479
C18orf32,0.53804153
ZNF83,0.53802925
FGD5,0.5380133
SEC24B,0.5380089
CEBPB,0.5380046
LY86,0.53799564
IL13RA1,0.5379943
LAMB2,0.53798914
ARHGEF19,0.5379859
SNW1,0.5379683
SEC23A,0.53796786
C5AR1,0.5379633
ETV3,0.5379539
AHSA1,0.53795254
GPR183,0.5379523
LONRF1,0.53795093
ADORA2B,0.5379361
DHRS1,0.5379313
HMOX2,0.5379305
WDR4,0.5379266
ADAM17,0.53788155
ASAP3,0.5378724
VTI1B,0.5378681
RLIM,0.5378659
ACTL6A,0.537856
TAF6,0.5378515
MKKS,0.5378452
SV2A,0.53783613
TRIP13,0.5378332
NAGK,0.5377991
USP12,0.53779215
APH1B,0.53778905
ARRB1,0.53777003
ZNF589,0.53776604
RAP2A,0.5377425
PPP4C,0.5377216
RPE,0.5377152
GSTM4,0.53770965
ALDH18A1,0.53770745
NOL9,0.5377064
KIF26B,0.53768677
ADAM22,0.5376769
KLHL22,0.53766227
FBF1,0.5376622
DALRD3,0.5376614
BMI1,0.5376585
ARID4A,0.53765607
ITPA,0.53765434
TBCB,0.5376372
CASP7,0.53763235
SNRPD1,0.5376305
HELZ2,0.53762734
SHPRH,0.5376203
ZBTB8OS,0.53761816
WWP2,0.53760076
ARNTL2,0.53758585
ATP6V1C2,0.53758025
ACTR1B,0.5375768
COG1,0.5375722
RIT1,0.53757167
ALDH9A1,0.5375608
HMBS,0.5375554
ADCY6,0.53755516
SOS1,0.53755003
ARL16,0.5375486
ADM,0.53754765
NDUFB1,0.53754413
PSMB9,0.537544
C17orf80,0.53754294
USP39,0.53754246
SSBP1,0.5375319
ALKBH3,0.537524
ZFYVE16,0.5375214
MAGOH,0.53750545
SORL1,0.5375022
TAMM41,0.5374979
ABCD3,0.5374913
AMPD2,0.5374764
NOTCH4,0.5374757
NDUFS4,0.537459
COLQ,0.5374576
ASRGL1,0.5374521
GATA6,0.5374513
IPMK,0.537437
FBXW9,0.53741986
AMFR,0.53737205
CHPF,0.537369
ACOT8,0.5373472
TIMM23,0.5373379
KIAA0513,0.53731537
SF3B5,0.53725284
MSRB2,0.53724533
TAP1,0.5372333
ZYX,0.5372292
HOOK2,0.5372269
TMEM50A,0.537211
USP4,0.5372062
SMARCAD1,0.5371947
LRRC40,0.53719026
WIPI2,0.5371883
DGKQ,0.53717047
SPTLC2,0.53716975
SEMA7A,0.53716713
DDX20,0.53715706
PECR,0.53714854
WASL,0.5371425
TOP3A,0.5371321
ARHGAP11A,0.53709084
SCP2,0.53708166
CDKN2AIP,0.5370655
AP4S1,0.5370534
PPP1R11,0.53704
COL16A1,0.53702044
DSEL,0.5370106
POLR3E,0.53700817
COMMD8,0.5370015
MRPL55,0.5369871
SLC44A1,0.536974
NFATC1,0.53695166
TIMELESS,0.53694797
MAN1B1,0.53690416
TADA2A,0.5368622
NOL6,0.5368486
RNF114,0.5368407
KATNA1,0.5367979
PIF1,0.5367946
ARHGAP39,0.53678507
DGAT1,0.53677285
ZDHHC17,0.53676635
TSR1,0.5367659
SLBP,0.5367488
OCRL,0.5367428
ERI2,0.53672874
SNRPB2,0.5367271
ATOX1,0.5367188
SCYL1,0.5367028
CREG1,0.53669846
SUMF2,0.536693
RBBP5,0.53669024
GNPDA2,0.53667814
GALNT3,0.5366693
REEP3,0.5366685
CHMP1B,0.53666407
UBE2W,0.53665686
CLK4,0.53664327
ZNF90,0.53663045
SYNE1,0.53662306
HEBP1,0.53662014
BLVRA,0.536618
GMPPB,0.53659534
SH2B1,0.5365926
NCEH1,0.5365792
STX6,0.5365743
PSMC2,0.5365619
CDH5,0.53655124
SEC23IP,0.5365452
PREPL,0.536541
LRRC49,0.5365388
NUF2,0.5365384
LAT2,0.53653824
ZNF217,0.53652513
PRKAR1B,0.5365213
CKLF,0.53650975
SENP1,0.5364889
NIF3L1,0.5364751
CCDC80,0.536472
RNF11,0.5364664
AAK1,0.5364544
COL9A2,0.53644407
SNRPC,0.53644234
BYSL,0.5364357
ATP6V0B,0.5364327
ATP1B2,0.5364234
COPS4,0.53642297
MPHOSPH6,0.5364052
PLD6,0.5364011
B3GALNT1,0.53640103
CES4A,0.5363897
CCNE2,0.5363864
HOXA7,0.5363756
RTF1,0.5363681
SRM,0.53636
NELFCD,0.5363494
ITPKB,0.5363489
AKR7A2,0.53634876
FAIM,0.53633565
AAMP,0.5363351
BLOC1S5,0.53633004
CEBPG,0.53631485
GATM,0.536296
EDEM3,0.53629404
ARL3,0.5362939
FAM111A,0.5362914
MED25,0.5362852
VPS41,0.5362718
SOCS5,0.53626055
SUGT1,0.53624237
POLR1E,0.53621393
NAA10,0.5361684
SPCS3,0.53615963
DMWD,0.53615373
APOOL,0.5361463
TMED4,0.536143
CNN1,0.5361418
ADAMTS7,0.5361399
NTPCR,0.5361374
DACT1,0.5361356
TCF7L1,0.5361254
USP5,0.53612536
PLSCR1,0.5361141
PFAS,0.5361137
CDK11A,0.5361135
PIK3AP1,0.5361095
DNTTIP1,0.5361061
ACTR10,0.5360958
PTDSS2,0.5360764
WDR11,0.53606373
PURB,0.5360609
STX18,0.53605205
ICAM2,0.5360465
OSBPL5,0.5360385
SRP68,0.53601515
GOLGA1,0.5360014
ID2,0.53599447
SCAF1,0.53599435
MPC1,0.53599197
ERLEC1,0.535989
CDCA3,0.5359688
RASAL3,0.5359653
SUGP1,0.5359638
THADA,0.53596103
GSTM3,0.535944
IFIH1,0.5359257
ARL2BP,0.53592515
BLOC1S1,0.53592426
ASB7,0.5359202
BPNT1,0.5359168
INPP1,0.5359143
ALDH1A3,0.5359045
SCAMP1,0.53590345
SCAMP2,0.5358722
FUT4,0.53586024
MRPL1,0.5358576
LSAMP,0.5358552
CAPN7,0.53585327
GEMIN7,0.5358455
CASP10,0.535841
SLC25A17,0.5358394
EMC4,0.53583497
ANXA1,0.53579587
PWP1,0.5357882
SAP30BP,0.53577846
KATNB1,0.53576016
BEND3,0.53574985
PIK3CD,0.53574425
TAPBP,0.5357324
ARHGEF9,0.53572005
FAHD2A,0.5357057
ATP13A2,0.5356997
ZNF431,0.53569746
FBXO32,0.53569263
EPHX2,0.53565043
PHF2,0.53563386
PGP,0.5356059
ABCC1,0.5356047
TET2,0.5355926
MZT1,0.53559124
PDCD7,0.5355783
KLHL20,0.535564
PLA2R1,0.53556025
PAQR3,0.5355548
TGOLN2,0.53554934
QSOX1,0.5355419
MRPS31,0.53553814
DERL2,0.5355326
HNMT,0.5355278
MCEE,0.5355229
FBXL7,0.53551084
SETD1A,0.53550774
MED8,0.5355065
STRADA,0.5354956
RPS6KA5,0.53546655
CHMP4C,0.5354653
PIK3R5,0.5354629
WBP2,0.53544647
CUBN,0.5354379
ARHGEF40,0.53542066
RFX2,0.5354145
CDC7,0.5354133
SMC6,0.5354088
NSA2,0.53540874
CFL2,0.53540814
BTD,0.5353911
PISD,0.53537834
GNGT2,0.5353722
ATP6V0A2,0.5353659
SASS6,0.5353647
TUBGCP2,0.53535813
USP11,0.5353449
UPF3A,0.53533083
WDR77,0.5353256
CACNA1C,0.535325
GHDC,0.535323
ADAM9,0.53532255
MRPS35,0.53532165
CRLS1,0.53531563
FBXO27,0.53530985
SH3BP2,0.53529775
PPM1D,0.53529775
FOXRED2,0.5352942
NUBP1,0.53528494
SNRPA1,0.5352809
BAIAP2,0.53525066
PLCB3,0.53524387
RASSF6,0.53523856
CREM,0.5352288
CMTR2,0.5352164
UBE2C,0.53521377
PKD2,0.535213
COPS5,0.53520864
MFAP2,0.5352069
PHC2,0.5351985
VPS39,0.53519213
RPL36AL,0.5351917
SMU1,0.5351824
MTHFS,0.53518003
NCAPH,0.53518003
GALE,0.5351558
UTP6,0.53512263
FNTB,0.535113
BBS10,0.5351109
RBP1,0.53508717
ANP32E,0.53508425
AK9,0.5350787
WDHD1,0.53507596
ADCY1,0.5350598
ATP6V0E2,0.5350532
EMC7,0.5350395
AGPAT3,0.53502023
PPARA,0.5350029
AP3M1,0.5349897
TOX4,0.53497255
GRK4,0.5349676
MAD2L1BP,0.5349626
SRF,0.53495157
DCAF17,0.53494924
ARHGAP25,0.5349377
POLR3D,0.5349337
CEP41,0.5349226
TAOK2,0.5349201
ALDH4A1,0.53490853
BIRC2,0.53490734
NOC4L,0.534905
KCTD15,0.5348946
YTHDF1,0.5348939
ZNF195,0.53487015
ITGB4,0.53486776
DNASE2,0.5348649
YIPF4,0.5348625
ATF7,0.5348456
GMPR,0.5348417
ASIC1,0.5348257
C1R,0.5348207
ADIPOR1,0.53481406
MRPL2,0.53478175
AJUBA,0.53476787
TRIM56,0.5347678
UQCC2,0.5347588
IL10RA,0.53475434
CACNB3,0.534754
NDUFA13,0.5347449
LPCAT4,0.5347115
ZNF592,0.5347043
HSPB11,0.53469175
UBE2S,0.5346632
PPP2R5D,0.53465915
NINJ1,0.534656
USP33,0.53464794
ALG6,0.5346361
TAF1,0.53462565
TYK2,0.53461945
RNF19B,0.5346144
USP28,0.53461194
ZNF678,0.5345796
MBD1,0.5345727
SUN2,0.5345724
DAPP1,0.53456604
C1GALT1C1,0.53452986
NUP37,0.5345253
CIB1,0.53452486
PCOLCE,0.5344999
PSMB10,0.5344992
USP6NL,0.53449506
DUSP1,0.53448105
ALPK1,0.5344808
SP100,0.5344738
CRELD2,0.53444725
ZNF326,0.53443474
POLR3B,0.5344274
RARG,0.5344219
TADA3,0.5344075
MBOAT1,0.5343913
BBS2,0.5343855
NCLN,0.5343623
KBTBD6,0.5343614
VPS8,0.53434014
ITGB1BP1,0.53433764
BIN2,0.5342996
SBF1,0.53428984
TBC1D16,0.534281
NDUFB8,0.53427756
IL2RB,0.53427523
RAB12,0.53427213
PTP4A3,0.53427005
BRPF1,0.5342681
TM2D1,0.53426707
SLC35B2,0.5342642
SLC19A1,0.5342631
ATG16L2,0.53425956
FLNC,0.53425914
GKAP1,0.53425765
IL20RB,0.5342495
STEAP3,0.53423333
SERINC3,0.534232
ITGAL,0.5342218
DSCC1,0.5342134
TRMU,0.534197
SMARCA1,0.53419435
MBD6,0.53418547
FPGT,0.5341306
PEF1,0.53411835
LATS1,0.5341175
ATP8B4,0.5341133
KAT2A,0.53409994
PPIE,0.53407586
STK35,0.534072
TRNAU1AP,0.53406966
PPP3R1,0.5340576
MRI1,0.53404987
UPF1,0.5340439
CSPG4,0.5340303
TYRO3,0.53399205
EVI2B,0.5339852
PDLIM4,0.53396976
METTL7A,0.53396624
NUDT12,0.5339538
MAN2B2,0.5339418
SPSB1,0.53393406
SENP3,0.5339317
SIK2,0.53393114
RNMT,0.5339208
PLCG1,0.53387976
LRP3,0.53386676
PEX2,0.53385234
ZNF254,0.5338396
NTAN1,0.53383064
RNF40,0.5338254
RASGRP2,0.53381187
TMEM63A,0.5338095
DOLPP1,0.53380775
CBX7,0.5337726
ARNTL,0.5337708
CHRNB1,0.5337533
THOC5,0.53374755
TRIP10,0.533719
UBE3D,0.5336833
ASPHD1,0.5336768
PNP,0.5336676
SGPL1,0.53366345
TRIM22,0.53365034
MSX1,0.53363293
PELI1,0.5336225
POLR3H,0.5336055
COMMD2,0.53360444
TRAPPC10,0.5335788
COMMD3,0.53357697
NT5C,0.5335741
MPP2,0.53357273
SNRNP40,0.53355795
ZNF445,0.5335529
GNAO1,0.53353804
PRPF40B,0.53352666
ARFGAP3,0.5335259
TEX10,0.53352106
ZMYND11,0.53351414
SEMA3F,0.5335065
YAF2,0.53348356
COL6A1,0.53347415
UBXN6,0.53345823
FNDC5,0.5334516
ADCY7,0.5334462
ATP6V1E1,0.53344345
PFDN6,0.5334338
KRT80,0.53342336
SMARCC2,0.53341717
CCDC115,0.53341657
MRPS36,0.53341293
CCDC174,0.53340286
CLDN15,0.53339803
ZDHHC7,0.53338975
TIMM17A,0.5333746
SPDL1,0.5333662
TK1,0.53334135
PPP2R5B,0.5333371
COL11A2,0.5333366
HOXB7,0.5333316
DIMT1,0.53330874
ITPKC,0.53329664
RAD54L,0.5332955
GRHL1,0.5332893
HECTD2,0.5332848
PHKA2,0.5332563
ZC3H15,0.53324616
PREB,0.53321064
SYNRG,0.53320473
COQ10A,0.5331949
NEIL1,0.53318614
ZNF519,0.53318435
ALG8,0.5331799
WRNIP1,0.53316593
VEGFB,0.53315973
C3orf38,0.5331555
FAM114A2,0.5331543
MAP1LC3B,0.5331533
CLDN7,0.53314835
BCS1L,0.5331217
PLXND1,0.5331193
OTUD3,0.53311145
MVB12B,0.5331051
RBM42,0.5330825
FOXP3,0.5330813
TTC7B,0.5330569
DONSON,0.5330522
LYAR,0.5330481
DBR1,0.53303814
PPFIBP2,0.5330361
XRN1,0.5330321
FZD4,0.5330247
ZNF621,0.5329873
ENTPD6,0.532984
MED26,0.5329604
THRA,0.5329483
ADPGK,0.53293645
COQ7,0.5329185
MRPL33,0.53291565
KLHL25,0.5329155
MSRB3,0.53290695
RAD54B,0.53290087
MRPL19,0.53290075
ZMAT3,0.5328785
KLHDC2,0.53287446
ASB13,0.53286743
SF3B4,0.53285414
MYSM1,0.532843
SMUG1,0.5328408
AFMID,0.532832
FBLN5,0.5328085
UNG,0.53280836
TMEM132A,0.53276575
SUCLG1,0.5327625
UBTF,0.53273165
COQ6,0.5327156
NOP14,0.5327131
MS4A4A,0.53270435
NID1,0.5326917
ARL13B,0.5326904
RANBP10,0.5326814
MUC3A,0.53265846
GAS2L1,0.53264356
TBC1D10B,0.5325987
YES1,0.5325815
TXNDC12,0.5325696
JAM2,0.53253835
ATP8B1,0.5325347
SHMT1,0.5325239
HIGD1A,0.53251517
NAA20,0.5325143
SNF8,0.53250074
MINPP1,0.5325007
IRAK3,0.5324993
AMDHD2,0.532499
TNK2,0.53249747
CDH6,0.53249204
VPS36,0.5324751
RHNO1,0.5324706
PAFAH1B3,0.53247046
MLH3,0.5324438
SHROOM3,0.53242236
MAP1S,0.5323868
SLC30A6,0.53237814
UBAC1,0.53235847
OSGEP,0.53235835
ZNF33A,0.53234345
GAS8,0.532342
GTF2H4,0.53233725
TROAP,0.53232443
IL17RC,0.5323167
TXNL1,0.53231233
EXOC8,0.53230345
ARAP2,0.53229696
SDAD1,0.5322874
DNAH5,0.5322813
BAK1,0.53225285
IBA57,0.5321901
ZKSCAN8,0.5321762
CAPN10,0.5321623
BTN3A1,0.53214973
SPOP,0.5321345
E2F8,0.5321335
FBXL12,0.5321249
ANO10,0.5321059
ADAM10,0.5321025
BPGM,0.53210056
EGR3,0.53208894
IFNAR2,0.53208333
IFT57,0.5320792
METTL3,0.5320566
ACTR1A,0.5320448
SMCR8,0.53201747
TGIF1,0.53200686
ARSG,0.53197634
ADAM15,0.5319639
PPM1F,0.5319491
TMEM97,0.5319412
RXRB,0.53193724
NR4A1,0.53193647
SENP5,0.5319272
LRP4,0.53190374
HERC5,0.53188664
NDC80,0.53187203
MZF1,0.531865
NFYB,0.53180695
MYO6,0.5318008
EAF2,0.53180027
KRR1,0.5317772
STUB1,0.53174156
ZNF76,0.5317404
KCNJ2,0.531737
RFC5,0.5317197
POLH,0.53171444
MTM1,0.53169334
CHCHD1,0.5316928
TGIF2,0.53164583
CAPN5,0.53164256
SOAT1,0.5316365
CYB5R2,0.5316074
CHST1,0.53159016
EPHA4,0.53157115
HERC3,0.53154504
GBP3,0.5315415
VTA1,0.5315322
UNC119B,0.5314999
FBXO6,0.5314889
MAPRE3,0.5314735
WDR37,0.5314667
POLB,0.53145903
UBE2J2,0.5314589
MED7,0.5314585
XRCC2,0.5314542
COL24A1,0.53144413
STARD4,0.5314403
NFKBIB,0.53143734
UNC45A,0.53142995
RUNX2,0.53141737
CROT,0.5314161
ATG14,0.5314126
NCOA1,0.5314027
ZNF770,0.53139395
PGM2L1,0.5313923
WDR36,0.5313753
ATG4D,0.531315
EPHB6,0.53131104
FBXL8,0.53130776
WDR3,0.53128767
ARSK,0.5312841
EFNA4,0.53127855
FLT4,0.53126824
FOSB,0.5312644
POLR1B,0.53120536
ZNF282,0.5312041
PRCP,0.53117996
BECN1,0.5311578
INTU,0.53115195
PABPC1L,0.5311495
ORMDL3,0.53114396
SEC24A,0.53113747
RNF34,0.53112996
EID3,0.53112704
KCNJ14,0.5310696
VPS37A,0.5310205
RPS6KB2,0.5310151
BCKDK,0.5309978
LPAR2,0.530977
LIMS2,0.5309718
SERINC5,0.53096616
RASSF1,0.53096384
SOS2,0.53095996
EGR2,0.5309561
TBC1D15,0.53095114
ZWINT,0.5309272
MCF2L,0.53090984
WDR75,0.53090566
SNX17,0.5308993
MED29,0.5308975
STAMBP,0.5308785
LIN37,0.530873
NCF2,0.53083587
TAF4B,0.5307996
ARL14EP,0.53079844
POLR2H,0.53079265
DCLRE1A,0.53079146
SCD5,0.53069264
PEX3,0.53069186
DDX28,0.53069186
KRBOX4,0.5306893
NOMO3,0.53067946
TRAM1,0.53067875
GSTZ1,0.53066885
NME6,0.53065884
MARS2,0.53064615
FGD3,0.5306448
TIMMDC1,0.5306286
MOCS2,0.5306193
CEP76,0.5306164
TONSL,0.530598
PCYT2,0.5305951
ISCA2,0.530586
TRAPPC8,0.53058094
IDH3G,0.5305778
SKA3,0.5305679
NLGN2,0.53056556
TSN,0.53052825
TDRD3,0.5305056
NDUFB6,0.5305034
NOM1,0.53048646
TMEM11,0.5304791
FKBPL,0.5304564
GPX8,0.5304346
POLE3,0.53043425
IFIT1,0.5304212
GALNT12,0.5303947
DOCK6,0.5303936
HAVCR2,0.5303912
PINK1,0.5303657
ASB6,0.5303554
CATSPER2,0.5303473
MMACHC,0.5303344
PGM2,0.5303296
SORBS3,0.530327
HARS2,0.53031266
CHCHD5,0.53030425
TIMM13,0.5302883
KCNMB4,0.53026634
ZFYVE26,0.5302492
UBE2J1,0.53022313
KIF21B,0.53020877
PPP1R15A,0.5302072
SUMO1,0.53020614
UTP18,0.5301908
COA5,0.5301672
IPP,0.5301669
RPS26,0.53014356
MCUR1,0.53013456
WSB2,0.5301285
NCF4,0.53010345
ERMAP,0.53010267
FOS,0.5301
S100A6,0.5300958
CHMP4A,0.5300928
APAF1,0.53005546
LIPE,0.53005445
SHF,0.53004164
SLC25A26,0.5300394
SPAG7,0.5300367
KCNMB3,0.52998024
HDAC11,0.52997893
NUDT16,0.52996975
DDX60,0.52996844
MRPL9,0.5299457
TAB1,0.52994555
DTX3L,0.5299186
ARHGEF26,0.52988386
CASZ1,0.5298578
CTU1,0.5298465
KCNIP4,0.52983034
HYPK,0.5298298
PPP2R1B,0.5298274
TOMM34,0.529826
DDX58,0.5297234
KPTN,0.5297177
SART1,0.529691
UHMK1,0.5296782
AMOT,0.5296673
MTIF2,0.5296654
RGS12,0.5296493
PRKCH,0.5296039
RNF7,0.52960306
CHKB,0.52959585
TRIM11,0.52958864
LRRK2,0.5295479
SLC15A4,0.5295156
ZNHIT6,0.5295092
IL15RA,0.5294666
SAMD8,0.5294483
ZNF623,0.5294404
CUL7,0.5294372
ATG4A,0.52942836
NPC1,0.5293954
ALPL,0.5293943
NOMO2,0.5293919
ZNF219,0.52937824
TXLNG,0.52937204
ZNF107,0.5293393
FCHO1,0.52931255
UGCG,0.5292792
LRRC4B,0.5292686
NOB1,0.529254
B4GALT3,0.52924985
HYI,0.5292359
GCAT,0.52922213
NDUFA5,0.5291944
ALYREF,0.52918804
THEM4,0.5291764
NUP43,0.52915144
PCBP4,0.5291477
VPS35,0.52914655
ACIN1,0.52912503
EPHB3,0.52909267
USP49,0.52908343
TAF2,0.52907795
SRI,0.52905786
MMP17,0.5290568
GSPT2,0.5290558
PYCR2,0.52905005
CTBS,0.52904564
KBTBD8,0.5290417
PCDHB5,0.5290319
AIMP2,0.52903175
SEMA6A,0.52902955
BCL7C,0.5289875
CASP4,0.5289656
TUBG1,0.5289546
REEP5,0.52895117
ARAP3,0.5289478
METTL21A,0.52894485
F3,0.52893454
LRFN1,0.52892894
USP19,0.52890617
VPS52,0.52889013
ZRANB1,0.5288493
DOK2,0.5288269
PMPCA,0.5288096
IKZF4,0.5288051
NAGPA,0.5288045
INO80B,0.52880424
JMJD4,0.52879167
SDS,0.52879125
PARP9,0.5287846
TYW3,0.5287752
CPT1B,0.52875704
RBM7,0.5287534
SLAIN2,0.5287524
HMOX1,0.5287166
ATP1A3,0.52871525
DYSF,0.52867746
WDR62,0.52866614
TMC6,0.5286527
PDP2,0.5286374
MRPL50,0.5286119
PNKP,0.5286112
NOL7,0.5285971
UBE2Q1,0.5285918
JAG1,0.52858734
ADI1,0.52856594
NPHP4,0.5285532
MATK,0.5285498
NFAM1,0.528536
LAMA2,0.52853596
MIEN1,0.52852553
ARHGAP6,0.52851605
DYRK1B,0.52849334
B9D2,0.52847975
HLX,0.5284669
HERC6,0.52846646
RAD51AP1,0.5284337
ARHGEF15,0.5284307
PSME2,0.52843046
PTPN23,0.5284149
WDR18,0.52840495
TERF1,0.52840126
SFI1,0.5284012
MSMO1,0.5283795
POLR2K,0.5283778
CCDC68,0.52837247
GALC,0.52834505
MCAT,0.5283403
NME7,0.5283353
SNAP47,0.5283024
ATF6B,0.5283022
SNAPC4,0.5282985
CDK20,0.52828485
CENPB,0.52828205
APBA3,0.5282656
KCNIP2,0.5282504
CREB3,0.5282393
KRBA1,0.52820057
ZNF286A,0.52819866
C17orf49,0.52817315
FRZB,0.5281704
DHX58,0.52816886
HOXD3,0.52814215
TSG101,0.5281321
CCP110,0.5281315
NRBF2,0.5280851
SEC22A,0.52807206
NOP10,0.5280644
GPATCH1,0.52806115
LAMC2,0.5280475
PLEKHA7,0.5280387
DPH3,0.5280343
TRAF3IP2,0.52800936
LIPA,0.52799016
NDUFA12,0.52799016
IGFBP6,0.527984
PHLDA3,0.52797073
RBBP8,0.52794665
CTSK,0.5279164
C9orf72,0.52790755
COX15,0.527906
APOBEC3G,0.5278966
B4GALT7,0.5278934
DUSP19,0.5278797
MRPS9,0.527869
TARS2,0.5278671
NOP16,0.5278615
MON1B,0.5278603
GLRX2,0.52785957
OXSM,0.52785367
ZNF692,0.527853
ARL6,0.5278342
INTS12,0.52782524
GTF2H5,0.5278154
ARHGEF37,0.527812
MGAT4A,0.5278016
CMPK2,0.52779853
KCNAB1,0.5277941
ST6GALNAC4,0.52776706
IL2RA,0.5277416
TRIOBP,0.52773625
AMPD3,0.5277262
ATP6V1C1,0.5277261
TSC22D3,0.5277206
ZNF266,0.5277078
RNF41,0.5276796
ASS1,0.5276675
PKP3,0.5276647
NIPA2,0.527654
NDRG2,0.527619
HAAO,0.52760935
C6orf120,0.5275941
STX8,0.5275891
DXO,0.5275809
MRPS23,0.5275793
TANK,0.5275768
TRAF5,0.52756935
RBBP9,0.52756613
BBS7,0.52754974
RSAD2,0.52754307
CMC4,0.5275421
CHST14,0.5274366
PPP1R15B,0.52743286
HCFC2,0.5274321
EME2,0.5274299
PHF5A,0.52742016
EDNRA,0.527388
PLEKHA8,0.5273827
LMF1,0.5273704
SEC22C,0.5273582
UFC1,0.52734303
ARNT2,0.527327
ARHGEF25,0.5273067
TBK1,0.5273066
AAAS,0.5273007
COL8A2,0.5272934
MRTO4,0.5272671
GNA14,0.52724755
PSMG2,0.5272393
RCOR2,0.5272373
ACVR2B,0.527222
RAB11FIP4,0.527183
OIP5,0.52716815
MR1,0.52715826
SGPP1,0.52715254
NSDHL,0.5271304
PLP2,0.5271128
ALG12,0.52711135
IRF6,0.5271017
HYLS1,0.52708626
POP7,0.52707464
HCAR2,0.5270669
C12orf65,0.5270609
SNX4,0.52706033
CD247,0.52705294
UROS,0.5270503
RAD50,0.52704793
TBPL1,0.5270321
EXOSC4,0.5270293
NIT2,0.52698535
AACS,0.5269689
ARL4D,0.5269517
OPTN,0.52694225
NAMPT,0.5269379
TGFBR1,0.5269171
COPZ2,0.52689016
TEAD3,0.5268731
NUDT14,0.5268574
HES4,0.52679276
SMAD7,0.52679086
BLOC1S2,0.5267755
TTC27,0.5267724
RRN3,0.52676815
AASDH,0.5267649
ZER1,0.5267488
RETSAT,0.52673274
HUS1,0.5266693
VCAN,0.5266539
CXCL14,0.5266515
AKT1S1,0.5266451
ACYP1,0.5266427
FRS3,0.52664083
RCOR3,0.52662563
SWI5,0.5266251
POLR3C,0.5266091
HENMT1,0.52659917
ZP3,0.5265969
IKBKE,0.52659416
SEPHS2,0.5265913
GGPS1,0.5265912
USP1,0.5265802
LMBRD1,0.5265792
MTFMT,0.5265445
AATF,0.52653676
FGR,0.526524
ABCA1,0.52652276
CYB5R1,0.5265184
AASS,0.5265092
CNTRL,0.5265075
ABCC3,0.5264975
NDUFA3,0.52648795
SLC35A2,0.5264681
GGT1,0.52646136
RALB,0.526445
PIAS3,0.52644247
GFI1,0.52638614
ELOVL7,0.5263818
ZC3HC1,0.52636623
PDE12,0.52636135
IRF9,0.52634907
RUSC2,0.526323
UFM1,0.5263148
GK,0.52630526
PARP3,0.5262964
ALG14,0.5262816
RASSF2,0.5262688
PYGB,0.5262671
COL15A1,0.5262398
AARS2,0.526221
SARS2,0.5261988
RAPGEF5,0.5261916
UBL7,0.52615166
IFNGR1,0.52614194
VPS54,0.52612275
LRR1,0.5261157
CES2,0.5261081
PEX7,0.52608836
SPOPL,0.52605754
SPNS1,0.5260414
MGAT3,0.5260363
MRPL47,0.52602905
POLM,0.5260285
RRP36,0.5260233
MYH14,0.5260199
USP42,0.526
HOMER2,0.5259983
ABCG1,0.5259732
ZNF398,0.52596414
ALG9,0.52591085
BLZF1,0.5259032
STXBP4,0.5258987
STXBP3,0.5258925
ABCB6,0.5258651
ABCA2,0.5258389
CMTM7,0.5258337
MOCS3,0.5258276
PTGES2,0.5258038
BMP2,0.5257935
MOSPD2,0.52579343
PLOD3,0.5257892
PDK3,0.52578145
MMP15,0.52577394
MFSD2A,0.52576864
ABCF2,0.52574545
PLXNA2,0.52573264
PPOX,0.5257166
LLGL1,0.525715
NECAB3,0.5257078
KCNG1,0.52569574
PBK,0.5256939
ORMDL1,0.5256669
DCK,0.52565247
SECISBP2,0.52561176
MPHOSPH8,0.5255947
A1BG,0.5255828
ABCA7,0.52558166
MTO1,0.5255774
MECR,0.5255763
AIP,0.5255739
ABI3,0.52552855
ADAMTSL4,0.5255251
CASP6,0.5255101
RP2,0.5254924
RECQL,0.5254793
GALNT14,0.52547735
IFI35,0.5254716
FBXO15,0.52546877
ERCC6L,0.5254571
TTC21B,0.52543
UXS1,0.52542377
MASTL,0.5254036
ARL8A,0.52538365
ARFRP1,0.52536446
BAG5,0.52532905
NAT1,0.5253277
NLE1,0.525316
PPP3CC,0.5253156
TRPC1,0.52529526
NR1D2,0.5252759
ACSL4,0.52524793
SERPINB6,0.5251995
IL10RB,0.5251798
STX7,0.525179
AKR1C2,0.52517873
ABCB4,0.52512646
LIN7B,0.5251016
ARSD,0.5251006
CCL4,0.5250944
RRP8,0.5250926
UQCR10,0.5250882
GIMAP4,0.5250876
IFT20,0.5250871
PTPMT1,0.52508193
PCGF1,0.5250805
LXN,0.5250723
SNX2,0.5250557
DUSP10,0.5250312
LIPG,0.5250292
RBBP6,0.5249909
RNF2,0.524984
LNX2,0.5249453
USP37,0.52493674
SAMM50,0.5249289
EVI2A,0.5249148
MTMR10,0.52488506
NFS1,0.5248562
WARS2,0.5248411
ACER3,0.5248405
UNC13D,0.5248339
FUT1,0.5247762
PANK4,0.5247636
KDM8,0.52475965
CYP2D6,0.5247585
MAOA,0.52473056
GRIN2D,0.52472866
KLC4,0.52469856
ABLIM2,0.5246974
ARHGAP11B,0.52469534
REPS1,0.52466553
SPCS2,0.5246295
ABCE1,0.52460635
SLA2,0.52460307
RAB34,0.5245953
SPHK2,0.52458227
WDR46,0.5245803
UBE3B,0.5245743
ARHGAP18,0.5245723
ABI2,0.52457017
IRF2BP1,0.5245417
CHI3L1,0.5245404
NEDD1,0.5245373
IDUA,0.5244967
ZNF622,0.52447563
CENPQ,0.5244576
SNAPC3,0.5244422
BDKRB2,0.52443784
GPX3,0.5244201
ITGA2B,0.52438384
TCIRG1,0.52437294
MRPS10,0.5243711
SMARCAL1,0.52433115
FAM220A,0.52432346
METTL14,0.524321
PTPN7,0.5242892
CIDEB,0.5242796
TRAPPC3,0.5242459
IFT74,0.5242387
CFD,0.5242272
MED4,0.524188
GSTA4,0.5241861
ARL6IP5,0.524178
NPDC1,0.52417785
SNRPE,0.52416784
PIK3R6,0.5241666
GPR160,0.52414876
OSMR,0.52414453
CCL5,0.52412844
ABCD4,0.5241272
POU2F2,0.52412665
UBE2A,0.5241093
RAB18,0.5241001
OAS2,0.5240785
ACAP1,0.5240678
PPP1R13L,0.52406293
POLR2F,0.52405286
NOL12,0.5240513
TNFRSF21,0.52404016
ACP2,0.52403396
SEH1L,0.52402365
ACO1,0.5240114
LAMTOR5,0.5240043
ABCF3,0.52397716
KLHL3,0.5239742
NHEJ1,0.523969
SEC62,0.52392125
RRAGD,0.5239138
ACADM,0.5238847
NOC3L,0.5238834
RALBP1,0.52385837
OAS1,0.5238313
RORA,0.5238218
ORC4,0.52382165
LEF1,0.52381
CSF2RB,0.52380896
HRH1,0.5237966
ZNF562,0.52378356
BMP8B,0.52376616
TRIM26,0.5237464
ZFP36L2,0.5237459
COL17A1,0.5237451
CLDN1,0.5237401
POLR3G,0.52373827
ABLIM3,0.52372223
IL18BP,0.52366525
PGAP2,0.5236638
HSCB,0.5236542
MFN1,0.5236512
ITGBL1,0.5236413
NMI,0.5236137
RBL2,0.52360946
ZNF318,0.5236014
DMTN,0.52354807
AASDHPPT,0.52353865
GLDN,0.5234926
PAF1,0.5234902
AP3S2,0.52347225
KCNC3,0.52347195
NAIF1,0.5234489
NSMAF,0.5234485
LNX1,0.523444
COLEC12,0.5234413
ARL4C,0.5234397
CGRRF1,0.5234348
NDUFAF3,0.5234239
PIGP,0.5234203
ACOX1,0.52336556
NFKBIL1,0.5233337
CCDC40,0.5233252
PEX1,0.52330846
MED20,0.52329767
ACOT4,0.52329654
C1D,0.5232802
ZFYVE27,0.5232761
RRAGA,0.52326745
PAPSS2,0.52326673
ITGAE,0.5232281
NSMCE4A,0.5232131
NGDN,0.523208
TRAF3IP1,0.52320707
TNFRSF1A,0.5231871
C7orf26,0.5231801
MYLK,0.52316916
NDUFA4L2,0.52315086
ARG2,0.52315056
ALG11,0.5231348
CD1D,0.52310604
NFKBIZ,0.52306116
ABHD12,0.52298594
ARHGEF4,0.52296746
ABI3BP,0.52296156
MRPL22,0.52294946
SENP2,0.5229406
NLGN3,0.5229405
MRPL18,0.52293974
JMJD6,0.522922
DENND2D,0.5229037
B3GNT7,0.52289945
APBB1IP,0.52288043
TRIM14,0.52287394
MLF1,0.5228733
MSX2,0.5228659
MUL1,0.52283335
BMP4,0.5228305
CD180,0.52281636
TUBB3,0.52276784
ZFP36,0.5227592
MGAT2,0.52266943
PTGIR,0.52255994
DPM3,0.52255535
TYSND1,0.52253276
NNMT,0.5224831
PCYOX1L,0.52247185
TNFSF12,0.52247
VPS4A,0.52245885
ZNF184,0.522446
ITGA9,0.5224365
ZNF710,0.5224004
SSB,0.5223945
DBP,0.5223908
ACADS,0.5223438
TNIP2,0.52234316
TP53BP2,0.52233833
TSPAN5,0.5223172
CD69,0.52230674
TPCN2,0.52229226
PIPOX,0.5222784
RAD52,0.52227724
RND1,0.52227396
LZTFL1,0.52225775
ACSL5,0.52225673
NEIL2,0.5222091
INMT,0.52218145
ACVRL1,0.5221695
CLEC3B,0.52216256
MOK,0.52215564
MSRA,0.5221539
ITGA5,0.5221507
PARP2,0.52214706
PPP2CB,0.52211446
IGSF6,0.52208656
NPHP1,0.52207285
NOTCH3,0.5220716
PITX1,0.5220681
FAM20A,0.52201325
PITPNM1,0.52201104
PEMT,0.52194
RRM2B,0.5219349
ELMO3,0.5219344
WDR91,0.52189946
PLTP,0.52189004
FZD2,0.521878
N6AMT1,0.5218539
ANPEP,0.5218346
FHOD1,0.5218237
SDCBP,0.52179605
HFE,0.5217847
ACBD3,0.5217374
GLS2,0.5217197
OXTR,0.52171344
NME3,0.5216611
RABEPK,0.5216523
SAP30,0.52164364
ACAD9,0.5216333
RPA2,0.5216176
AGAP2,0.52158415
MBTPS1,0.52158314
APOO,0.5215706
IL17RD,0.5215612
MRPL27,0.52151
NME2,0.5215034
RAB27A,0.5214281
REEP2,0.52141666
TUBGCP4,0.521412
KRT17,0.5214066
AOC3,0.5213931
ITGA7,0.52138126
CBR3,0.5213717
NMRK1,0.52132344
HOXA5,0.52132046
CACNA1H,0.52129835
NUAK1,0.5212471
DEPTOR,0.52123165
RFC2,0.52122986
LY96,0.5212295
VMA21,0.5212029
PGF,0.52119815
ACSL1,0.5211873
HARBI1,0.5211503
ZNF687,0.5211281
HOMER3,0.5211105
YIPF2,0.521086
CORIN,0.5210527
NFYA,0.52098477
MAPK8IP1,0.520984
RAB9A,0.520975
BFSP1,0.5209732
FOSL1,0.52092886
SPRED1,0.5209218
ZMPSTE24,0.52091163
LAG3,0.52088815
INIP,0.5208528
MRPL35,0.52078015
ROCK1,0.52071655
LPCAT2,0.52069265
USP45,0.52068204
C15orf48,0.5206771
ABCF1,0.520672
NSUN6,0.520664
PASK,0.5206605
STX1A,0.52065134
ACOT13,0.5206379
CLIP3,0.52061945
HOXA10,0.52061796
ADAT2,0.5205957
ANTXR2,0.5205416
NLRC4,0.5205317
RNPC3,0.5205312
ACAD8,0.5205186
ALG1,0.5205
MYL5,0.5204732
PCDHB15,0.5204628
ALDH1A1,0.52045333
ZNFX1,0.52044296
MAK16,0.5204113
TGS1,0.5204005
PHAX,0.5203871
ADPRM,0.52037835
STRIP1,0.5203652
KBTBD7,0.5203548
ABR,0.5203325
RNF138,0.52032906
PAIP1,0.52032334
RAB3IL1,0.5203044
RAB2B,0.5202578
AGK,0.52022105
OBSL1,0.52021486
TBC1D13,0.5202049
ACAT1,0.5202034
RCSD1,0.52019227
VPS26A,0.5201685
ACOX3,0.52014756
ORMDL2,0.5201407
RRP15,0.5200759
FZD1,0.5200671
YIPF6,0.52006316
ACAA1,0.52005404
ALG10,0.5200514
SOCS7,0.52003884
PAQR5,0.5199873
CD6,0.51993245
ACOT2,0.51991385
ACSS2,0.5198985
STIM2,0.51987857
PIK3R4,0.5198696
CD68,0.51984245
ATP6V1D,0.5198344
GBP1,0.51977354
ABTB1,0.5197533
ALDH16A1,0.5197469
ZNHIT3,0.5197351
NDN,0.5196919
NABP1,0.5196699
FJX1,0.51965064
NFU1,0.5196298
ADAMTS10,0.5196051
MAP3K9,0.51950043
UNC5C,0.5194569
BOLA1,0.51944447
TAF12,0.5194376
AGGF1,0.5194375
ZNF91,0.5194328
EFNA3,0.5194184
POLRMT,0.51939416
ACOT7,0.519386
PSMG3,0.5193718
ASB8,0.5193527
ABCD1,0.51933753
KLHL11,0.51929116
ACD,0.51928115
ACER2,0.51925516
ULK1,0.5192544
SHQ1,0.51924706
AP4B1,0.5192348
APBA1,0.5192188
URB2,0.51918995
ADRA2A,0.51918936
TBC1D2,0.5191763
PPIL4,0.51916635
STARD3NL,0.5191615
SRPRB,0.519134
LMBR1L,0.5191036
PPP1R7,0.5191035
PPP2R3C,0.5190996
LIF,0.5190605
OSTM1,0.5190478
B3GNT5,0.5190464
TARBP2,0.5190376
NMNAT2,0.5190322
KIFAP3,0.5189937
F5,0.5189873
RASSF5,0.51894087
AGPAT2,0.51894
UBE2Q2,0.5189353
HEYL,0.5189176
NXF1,0.5189088
RFXAP,0.51890516
PKN3,0.5189013
ANO2,0.5188887
AADAT,0.51886547
GCNT4,0.51886386
MIB2,0.5188159
SSX2IP,0.51881266
ATG2A,0.5188019
ATL1,0.51879376
OPN3,0.51876265
NSMCE1,0.5187236
TTK,0.5186212
PIAS4,0.5186087
UQCR11,0.51858866
AGER,0.518578
CD96,0.518575
MAGOHB,0.5185716
POP1,0.5185689
MATN3,0.5185609
ACE,0.5185536
SLC9A1,0.51853985
ACOX2,0.5184943
MRPL41,0.5184842
TRAPPC6A,0.51845247
PCDHGA6,0.5184415
ALG3,0.518393
SIKE1,0.51837844
TATDN2,0.51837146
RPL7,0.51829267
FCGR3A,0.5182906
CD36,0.5182899
SEMA4B,0.5182608
PPP1R3D,0.51825625
RASA2,0.5182552
NAGA,0.51824903
SEC61B,0.51822853
POLR3GL,0.5182224
REC8,0.5182179
ABCB10,0.51821005
RHBDD1,0.5181764
GRAP2,0.51816857
RELA,0.51816493
GEMIN2,0.5181472
AK1,0.51814544
PEX13,0.5181323
APBB3,0.51812285
MYO7A,0.5181099
ANAPC13,0.5181038
PIGO,0.51805866
XRCC4,0.5180557
CXCL1,0.5180341
ALDH5A1,0.51802504
ACP5,0.51801825
B3GNT4,0.5180153
MIS12,0.5180111
SPINT1,0.5179955
AKR1B10,0.51796174
SDF2,0.51795703
EFNB1,0.517935
NECAP2,0.51788396
TRIP11,0.51785886
MRPS26,0.51783687
RAP1GAP,0.5178249
RAB32,0.51778615
ACAT2,0.51777524
BLNK,0.51776135
NEDD9,0.51775604
ISY1,0.51773703
AKTIP,0.517733
ARL1,0.5177311
PRPF39,0.51771396
LRG1,0.51770914
CCR10,0.51770484
TNFRSF1B,0.51769644
PPIL6,0.5176925
NOL3,0.5176596
NDUFAF7,0.5176564
PGAP3,0.51765376
BATF3,0.51763946
PDP1,0.51760405
MEAF6,0.5175767
FPR1,0.51756364
ENPP2,0.5175419
PVR,0.5174954
MICU2,0.51748955
VAMP3,0.51747924
RNASEL,0.5174006
HSD11B2,0.5173495
LAMB3,0.5173396
PRPSAP1,0.5173091
LFNG,0.5172878
TRIM32,0.5172479
ALAD,0.5172379
PIGB,0.51722455
ADAM19,0.5172059
DENND2A,0.51719254
ACSS1,0.51715034
ARHGAP33,0.5171354
PIGG,0.51713514
CD5,0.5171125
ADAMTS13,0.5170886
STAT2,0.5170612
PICK1,0.5170435
KMO,0.51701665
MPZ,0.51696664
ACSM3,0.5169496
MCM9,0.5169191
C12orf66,0.51689297
LCAT,0.51687115
BDKRB1,0.5168666
PPT2,0.51686084
FDXACB1,0.5168411
HS3ST1,0.516838
SESN2,0.5168019
PCSK7,0.5167937
HSPA1B,0.5167704
ARHGAP27,0.5167664
HSPA12B,0.5167391
PRKAR2B,0.5167218
RNH1,0.5166982
IZUMO4,0.5166957
ZNF791,0.51666784
CCT6B,0.5166622
ITGA8,0.5166236
MCMDC2,0.516617
ACOT11,0.51652974
CHMP6,0.51652414
SIRT1,0.5165236
LILRB3,0.51648885
ANKRA2,0.5164621
ITGAM,0.51644707
RAI2,0.51642674
VPS4B,0.5163868
PDE6D,0.5163862
CD38,0.5163844
RAB13,0.5163671
MRGBP,0.5163098
BAMBI,0.51629996
LIN7A,0.51626897
SYVN1,0.51625687
SAT1,0.5162256
FST,0.51621675
GCSH,0.5161775
TCF7,0.5161707
PMP22,0.5161697
ZNF267,0.51612335
KCNN3,0.516101
NRCAM,0.51608783
SOCS6,0.5160836
SMYD4,0.51607853
SLC5A6,0.5160542
ZNF700,0.5160187
IER3,0.516017
BGN,0.5160103
PDCD5,0.51600564
PGM3,0.51598567
TXNRD2,0.5159602
ATP2A1,0.51594895
MTIF3,0.51594174
DUOX1,0.51592404
HK3,0.5159058
SYT7,0.5158987
ARSA,0.51589054
PRNP,0.51588166
RCCD1,0.5158778
XYLT2,0.515874
TERF2IP,0.51584363
COQ3,0.5158365
ADRM1,0.51581246
TSPYL2,0.5157834
KDELR3,0.5157641
DCHS1,0.5157509
RHPN1,0.51574504
TAF5L,0.5157229
HSPA13,0.5157201
NCKAP1L,0.5156744
PQBP1,0.51562804
PARVG,0.5156135
RALGAPA2,0.5156095
APOC1,0.5155794
LIG4,0.5155685
PPP1R13B,0.51554626
LMF2,0.51552486
TGM1,0.51549524
PRICKLE2,0.5154666
CLEC2B,0.51545495
RNF139,0.51543325
AKAP5,0.5154152
PI4K2A,0.51541513
RCN1,0.51535
KRT5,0.5153044
ADAM28,0.5152971
PAK1IP1,0.51526636
PNO1,0.5152448
TOB1,0.5152352
MAGEH1,0.51516813
PHF11,0.5151396
HSD17B1,0.51511246
PCGF2,0.5151061
MST1,0.51506317
ANAPC2,0.5150583
TERF2,0.51505554
YEATS4,0.51501054
TMED5,0.51500416
PLXNA1,0.5150018
NEU1,0.51499593
ZWILCH,0.5149647
SEC61A2,0.51489836
FCGR2A,0.51487684
SLC7A8,0.5148765
ACOT1,0.51486105
ACP1,0.51480854
CARD9,0.51479506
LMOD1,0.5147727
CYP39A1,0.5147447
MLKL,0.5147123
NLRP1,0.51469547
ANO1,0.51469094
P2RY11,0.51466143
MFAP3,0.51464736
SSBP4,0.514637
SLC35E3,0.5146263
NELFA,0.51461947
AKR1C1,0.5145931
CXCL10,0.5145749
GBP4,0.5145716
PGAM5,0.5145382
XAB2,0.5145258
ADAMTS14,0.51452494
VPS26B,0.5144863
GPR68,0.51448506
NIPSNAP3A,0.51448005
ADAMTS2,0.51447177
MIEF2,0.5143928
RIN3,0.5143921
ADAMTS9,0.514373
PPIL2,0.5143675
STARD10,0.5143487
F12,0.51432973
CMTM1,0.5142957
TIMM17B,0.51429075
UTP20,0.5142553
MON1A,0.51423264
LIPT1,0.51422864
CACNA2D2,0.51418036
IL7,0.5141563
TTC5,0.5141024
PSMC3IP,0.51409966
ZDHHC21,0.51408136
SMDT1,0.5140721
PLB1,0.5140539
NUDT9,0.51404107
POLR2D,0.5140253
FPR3,0.5140179
PLS1,0.5140089
PURA,0.5139842
KIT,0.513979
ZNF160,0.5139459
SPRED2,0.513933
UVSSA,0.5139193
SEMA4G,0.513886
NAPEPLD,0.5138783
PDSS1,0.5138517
GAB3,0.51382214
BATF2,0.5138209
PCDHB10,0.51379937
USP46,0.51379174
PEX11B,0.5137694
ECE2,0.51366377
CYP7B1,0.5136325
PDE5A,0.5136192
LRRC8E,0.5136013
C1orf162,0.5135979
MRPS14,0.5135484
C3,0.5135441
POLE2,0.5135315
RGS19,0.5135238
TBC1D20,0.5135019
PARS2,0.51348394
ARHGEF6,0.51347685
HTRA2,0.51347095
AGA,0.5134296
RUFY3,0.5134246
PHLPP2,0.5134116
PLCE1,0.5134039
RFK,0.51339716
LYZ,0.51339
HSPB2,0.51337093
NAPG,0.5133701
NEK2,0.51336867
QRSL1,0.5133249
AIF1,0.51329714
NPL,0.513281
SPPL2A,0.51325005
FAAH,0.5131778
GPNMB,0.5131756
ALKBH6,0.5131205
TRIM69,0.5131049
ZNF418,0.5130929
MYO1F,0.5130897
NR4A3,0.5130859
CRAT,0.51308316
ARHGAP19,0.5130593
MARVELD3,0.5130323
SEL1L,0.51302415
CAMK1,0.5129858
ANGPT2,0.5129788
STARD3,0.5129738
STX17,0.5129306
ZNF33B,0.51292276
PNPLA4,0.5128473
PLK3,0.51277477
THUMPD1,0.51277053
CX3CL1,0.51274985
ZNF81,0.51270354
PNPLA2,0.5126754
MPP7,0.51264703
CBX8,0.5126344
AP4E1,0.5125869
ZNF84,0.51258457
OMA1,0.51257044
SKAP1,0.5125584
CABLES2,0.51247656
ATP7B,0.5124646
SEMA4C,0.51245075
GPX7,0.5124456
UNC119,0.5124053
ACACB,0.5124008
COL6A3,0.51239926
NR4A2,0.5123899
PLA2G15,0.51238084
MRPL54,0.5123658
PANX1,0.5122846
ADAMTS1,0.5122345
NANP,0.5122193
ADA,0.5121599
ORAI3,0.51214355
MST1R,0.5121215
CYP27A1,0.51211035
HEY2,0.51210123
NDUFA8,0.51209754
NR2C2AP,0.51206195
BBS5,0.5120576
SYP,0.5120524
ADAMTS12,0.5120148
CDK3,0.5120077
HES1,0.5120063
GLIPR1,0.5119732
HOPX,0.51196855
PSMD10,0.5119562
F13A1,0.5119444
RAD9A,0.5119319
NKD1,0.5119315
ASB2,0.5119089
PARD6B,0.5119055
PLEKHG2,0.51190376
EXOC3L1,0.51188904
GPER1,0.5118888
REEP4,0.51188713
SUPT20H,0.5118687
RTEL1,0.5118516
PAG1,0.51181626
PRKX,0.511812
TINF2,0.5117659
RNF20,0.51174885
RNASEH1,0.5117296
CLIC2,0.51171744
SIAH1,0.5117004
APOBR,0.5116914
ADAMTS5,0.51169056
RGS2,0.51168483
UAP1,0.51167303
PEX26,0.5116536
RHOQ,0.51165324
TUBD1,0.5116429
RNF168,0.51162916
LTF,0.5116012
NR2C1,0.51154906
NMB,0.51153034
ITGB6,0.5114762
CD2,0.51144487
QTRT1,0.5113815
MAFF,0.51136184
ADAMTS4,0.51133525
PIGS,0.5113298
PLCB2,0.51132315
CACNA2D4,0.5112884
STARD8,0.5112834
KIF5C,0.5112443
NHLRC3,0.51122725
GBP5,0.5112132
RELL2,0.5111849
ACSF3,0.51117796
IL1R2,0.5111273
PAN2,0.51107776
AKAP8,0.5110624
PLEKHG4,0.51102626
ITGB3,0.511021
ACADSB,0.51097804
ZNF12,0.51097536
SIPA1,0.5109662
MAPK13,0.51091737
DLL1,0.51091313
PPM1K,0.5109067
GIMAP8,0.5109014
ZNHIT1,0.51086473
PDCL3,0.5108459
TFAP4,0.5108257
RNF152,0.5108245
FBP1,0.5107909
CD163,0.51077
PAQR8,0.5107691
POLR2C,0.5107592
TIMM44,0.51074207
MRPL39,0.51072544
YARS2,0.510718
RGS14,0.51071095
LILRB2,0.5106418
AP5S1,0.5106316
SETD7,0.51061684
MMP28,0.51061547
PYGO1,0.5106142
MTSS1,0.5106081
VPS11,0.51058525
POLR2I,0.51056844
TCTN3,0.5105586
PDPN,0.5105518
GGT5,0.5105478
MYH3,0.51050824
INHBB,0.51050276
PCYT1A,0.5104964
PLK2,0.5104589
PRKCD,0.51042974
ADCY4,0.51040554
MED19,0.5103955
UBA5,0.51037484
NOP2,0.5103743
MAP9,0.5103701
LDHD,0.5103685
TBL3,0.5103645
UMPS,0.5102989
TCEA3,0.5102621
WDR19,0.51023155
LYPD3,0.5102215
MCM8,0.51020557
RPGR,0.5101792
TWF2,0.51014954
ANGPTL4,0.51014125
PDGFD,0.5101322
TUBGCP6,0.51011926
B3GALT4,0.5101146
SPAST,0.51011133
DCN,0.5101083
PDCL,0.51009274
STAT5A,0.510061
MTRF1L,0.5100382
THOC6,0.5100189
ZNF26,0.5100065
KIF27,0.50998795
AP5B1,0.50998336
NFASC,0.5099422
PIGT,0.5099
PIGA,0.50989413
PTPN21,0.50986606
PARD6G,0.50986576
PGGT1B,0.50986254
RABIF,0.50985664
NUFIP1,0.5098457
AGTRAP,0.50984216
TCEA2,0.5098364
REXO4,0.50982046
MPND,0.50979555
PRDX4,0.5097176
CTSO,0.50968784
CLDN11,0.5096745
VPS37C,0.50967264
PHKG1,0.5096414
PALMD,0.50962126
RRS1,0.50958014
THBS2,0.5095748
PACSIN3,0.5095502
SELPLG,0.509543
POMGNT1,0.5095376
ATP2A3,0.50952464
FUT2,0.509482
CDK5,0.5094586
PPP1R8,0.5094398
PPFIA3,0.5094277
FUNDC1,0.5094001
NID2,0.509361
NTM,0.50935787
MTMR6,0.5093275
CD248,0.50928575
PRPS2,0.50927687
UQCRQ,0.5092501
CNGA1,0.5092498
NTN1,0.50924134
TBCEL,0.50919545
NOL8,0.5091943
SECTM1,0.5091699
SETD6,0.5091657
GIPR,0.5091611
SLC6A9,0.509145
IL17RB,0.50914085
ATP6V1E2,0.50910354
TAF9,0.5090837
CD34,0.509083
CASP1,0.5090556
TMED7,0.5090475
CFB,0.5090426
FOLR2,0.5090102
ZBTB17,0.5090032
AMPH,0.5089874
ARAF,0.5089177
RAB21,0.5089165
ZCCHC4,0.50890756
ZNF7,0.5088994
REXO2,0.5088896
SGSM3,0.5088737
SYCE2,0.5088333
CARD6,0.50881463
VCPIP1,0.5087517
PLRG1,0.5087446
ZNF274,0.5087085
TOLLIP,0.50859827
TMEM214,0.5085971
TDP2,0.5085704
RRAS,0.50856656
SPARCL1,0.5085477
POP5,0.5084062
SH2D2A,0.50840306
APOBEC3B,0.5083679
ASAH2,0.5083601
RIPK3,0.5083394
PTPRN2,0.5083197
TNFRSF12A,0.508277
APOL1,0.508241
NDUFAF5,0.50822693
CYSLTR1,0.5081793
SEC23B,0.50814545
ALOX5,0.5081338
MICAL2,0.5080622
RIN2,0.5080276
CHST7,0.50801635
MANEA,0.5079858
SORD,0.50797725
ETV7,0.50796837
GDF15,0.5079679
MRPL40,0.50796014
BAG2,0.507926
PRKAB2,0.5078072
PTGS1,0.5077964
RAB25,0.50779146
CLEC7A,0.50778985
SPRY4,0.50775504
KREMEN1,0.50774837
ZNF248,0.5077042
TRIM2,0.5076694
PBDC1,0.50765634
BBS12,0.50759685
RAB20,0.5075615
RAB38,0.5075392
TOP3B,0.50739527
SUV39H2,0.5073557
RGS4,0.5072334
AP4M1,0.507225
ROBO3,0.5071873
SLC25A20,0.5071586
LZTS3,0.50714636
RAB33B,0.5070835
SLAMF7,0.5070598
PDK2,0.50699407
RRAGB,0.5069869
PIGQ,0.50695276
RABEP2,0.5068577
RCAN2,0.5068554
PAIP2B,0.506849
EHD3,0.5068433
NEK8,0.506833
RAD1,0.50676674
SLC27A5,0.506728
TFB1M,0.506719
SLC25A38,0.50669235
SHB,0.5065497
SERPINB9,0.5065186
PSMC6,0.5065167
TMEM147,0.5065137
AMT,0.50645864
COL5A3,0.50645584
RPAP3,0.5064473
PTH1R,0.50642085
PIGW,0.50636464
NKIRAS1,0.5062962
ECM1,0.50628954
RHOT1,0.50626785
RIC8A,0.5062376
NFIL3,0.5062229
TPD52L1,0.5061888
YPEL5,0.50618553
TRAIP,0.5061486
PIP4K2C,0.50614756
PER3,0.50613904
SIRT6,0.5061163
KHK,0.5060805
PLCD1,0.50605786
UBE2F,0.5060378
OAT,0.5059501
PRR5,0.505931
APOBEC3F,0.5059003
VRK3,0.50582725
RNF181,0.50578076
SLA,0.5057745
RNF31,0.5057713
CSTA,0.5057309
RNF128,0.5057245
PDXP,0.50572187
C5,0.5057088
PREX2,0.50567454
MERTK,0.50562966
PIGC,0.505571
RECK,0.505512
RHOBTB2,0.5054769
SPRY1,0.50546366
KCNJ15,0.50544894
RAB8B,0.50542265
PLXNC1,0.5054195
SLK,0.50531065
CLIC3,0.5053003
NRN1,0.50523376
CHRD,0.5052317
FCER1G,0.50519156
CISH,0.5051852
ZDHHC9,0.5051743
SCCPDH,0.50516665
PSMD5,0.50514156
CLDN23,0.50513136
PLEKHA3,0.50512344
NR5A2,0.5051173
PTCD1,0.5051067
AQP1,0.5050743
PRX,0.5050055
NLRX1,0.5049707
MX2,0.50495714
UROD,0.50494075
RAB4B,0.5048759
BEST1,0.5048728
SIGIRR,0.504824
SEC11C,0.5048046
TOR1B,0.50478697
RELT,0.50471395
ZNF605,0.5047111
BHLHE41,0.50470954
MICALL1,0.50467587
CXCL16,0.50465983
TBC1D32,0.5046445
SLC25A22,0.5046167
PLAT,0.5046135
SCN1B,0.50461125
CETP,0.50457174
SLC25A28,0.50454926
STK36,0.504463
UBE2B,0.5044061
SPN,0.50438094
MYBL1,0.50436515
RAB3IP,0.5043622
GSDMB,0.5042795
MRPL44,0.5041447
CMKLR1,0.5041324
PAM16,0.50412416
RGS16,0.5040569
SHCBP1,0.5040405
PUS3,0.50403845
GNLY,0.5040347
RHPN2,0.5040126
RUSC1,0.50398386
POFUT2,0.50395
ALS2CL,0.50394195
PRPF4,0.50392663
SKIV2L,0.5038947
MAOB,0.50384825
PKP1,0.5037629
AP3M2,0.5037508
CEACAM1,0.5037379
SAV1,0.5036849
MRM1,0.503666
AGMAT,0.50364316
OSGEPL1,0.5035883
LRFN3,0.5034983
RNASET2,0.5034591
OLR1,0.5034458
PAK6,0.50344306
PLEKHG5,0.5033218
POLR3F,0.50326383
ZBTB33,0.50324994
KCND1,0.5032062
SURF6,0.50316596
RPAP1,0.5031593
NPR1,0.50314057
RABL2A,0.50292385
ULK3,0.5029229
CD4,0.5027792
TBC1D17,0.5027714
PLK4,0.50274557
KCNH2,0.50273407
SHC2,0.5026703
LGI4,0.5026497
ZNF337,0.50261736
RRP1,0.5026149
CPLX1,0.5025989
RGMB,0.5025855
UBXN2A,0.5025615
MLPH,0.50254625
SH2B2,0.5025255
RNF135,0.5024408
MED9,0.5024369
TMED1,0.502393
THAP1,0.50238836
TAF8,0.5023881
RPS27L,0.50238574
MS4A6A,0.50232524
SMC2,0.50229186
RAMP3,0.50227505
POLI,0.50225645
IL18R1,0.50225633
PODXL2,0.50215685
ZNF526,0.5021393
TRAPPC4,0.5020697
IL17RE,0.50205123
RHBDF1,0.50203705
RARB,0.50193703
MRAS,0.50191605
POLE4,0.5019
ZNF335,0.50189793
BTC,0.50186807
ZYG11B,0.5018615
UGDH,0.50185585
NPRL2,0.50182897
MTMR7,0.50171405
SRR,0.50169057
FBXL22,0.5016629
ITGAX,0.5016484
POSTN,0.50155675
RAD51D,0.50154746
ZNF256,0.5014973
RND3,0.50145894
NUDT16L1,0.50134885
MED11,0.5012942
KTI12,0.50127256
RNF123,0.50125504
PSTK,0.5012438
MOAP1,0.50119406
NTN4,0.50110954
DPP4,0.5010833
SMNDC1,0.50107175
MMAA,0.50103784
CHRNA10,0.5010245
PPIH,0.5009983
ZNF430,0.5008274
SYF2,0.50078315
PLD2,0.5007823
NXT2,0.5007654
RBM34,0.50069857
NPHP3,0.50064117
HSPA1L,0.50059646
PJA1,0.5005824
PTPRE,0.50053346
PARP12,0.5005134
TCEAL1,0.5004436
MAP1A,0.5003833
PIGF,0.5003787
RING1,0.5003566
YOD1,0.50033593
ZNF43,0.5002073
ZFP82,0.5001885
MAP3K6,0.50013626
MOCS1,0.50012696
TRIM38,0.5001194
SLC12A9,0.5000893
RENBP,0.50007343
SGMS2,0.500041
NAA30,0.49993813
LTB4R,0.4997851
SESN1,0.49976218
RANBP6,0.4997586
PIWIL4,0.49973592
POLG2,0.4996265
OAS3,0.49960858
XYLB,0.49954236
TRPC6,0.49942982
CALCRL,0.49940887
RAB40B,0.49937737
STX4,0.49935567
PTRH2,0.49933344
YIF1A,0.4993046
RNF185,0.49923715
SEMA6B,0.4991176
USP20,0.49904874
ING2,0.49903882
TSNAX,0.49899814
NRL,0.49892965
TRAPPC5,0.49888715
TUBGCP5,0.49884063
PFKFB2,0.4987403
PIP5KL1,0.4987391
WDR35,0.49872896
NDUFA9,0.49860534
SCNN1D,0.49856973
PMVK,0.49854407
RBM22,0.49852082
PITRM1,0.49849707
RAB24,0.4984928
PRKAG2,0.49847284
PRKD1,0.49842805
TMOD2,0.49841893
S100A3,0.49835652
S100A9,0.49826273
NDUFAF4,0.49820605
SDSL,0.4981878
PCSK6,0.49817443
PTN,0.4981678
SMAD1,0.49816072
SLC12A2,0.49815196
RPGRIP1L,0.49806523
RPIA,0.4980592
TBX19,0.49796033
ZSCAN32,0.49790466
TLE1,0.49786353
SERPINE2,0.49783006
LRRC6,0.49781328
SMPD1,0.49780336
PTGER4,0.49778575
TM6SF1,0.49771747
PYGO2,0.4977111
RAB6B,0.49767107
TRUB2,0.49763757
CYP2J2,0.49760675
WDR45,0.4975787
POMGNT2,0.49756926
ZNF197,0.49754414
DES,0.4975418
DISP2,0.49751544
SEMA5B,0.49745527
TSEN54,0.4974484
PCSK5,0.49738613
RNF6,0.4973262
SLC26A6,0.49732408
NEB,0.49725097
RAD51C,0.497205
TRIB3,0.4971311
SAR1B,0.49713045
OPLAH,0.49709326
TAB3,0.4970786
NOL11,0.4970246
B3GNT8,0.49697736
SPSB3,0.4968709
PIGV,0.49685773
UNC93B1,0.49683478
HSD11B1L,0.49682206
TICAM1,0.49682117
PHKG2,0.49674204
UPRT,0.49664828
RABGGTA,0.4965858
TRIM41,0.49653676
ZNF3,0.49644664
LHX6,0.49640846
TMEM126B,0.49638802
OPRL1,0.49633726
PSENEN,0.4963237
ZNF383,0.49625522
PTAFR,0.4962184
RAB36,0.49611193
TREX1,0.49607733
RHOB,0.49606442
TFB2M,0.49591967
SPR,0.49586138
CYP3A5,0.49586132
PKIA,0.4958295
PILRA,0.49581978
RCAN1,0.4957471
EIF4E3,0.49572754
SEMA5A,0.49572524
RCE1,0.495713
ZNF41,0.49571112
MYLK4,0.49570736
RBMX2,0.49570638
MAPK11,0.49565026
PDK4,0.49554747
RIOK1,0.49552768
PSEN2,0.49550265
TMEM115,0.49549878
TAF11,0.4954193
RAG1,0.4953368
RAPGEF4,0.49532288
ZNF708,0.4953223
SNAP29,0.495244
PRPF18,0.49522614
AAR2,0.4951555
VGLL3,0.4950727
RAVER1,0.4950536
OASL,0.49503222
CYTH4,0.49501526
PRKAB1,0.49499306
PEX10,0.4949527
RNASE1,0.49493578
DHDH,0.49490336
RGS17,0.4948841
TGM2,0.4948399
ZNF566,0.49463058
SH3GLB1,0.4946254
SLC35B1,0.49462017
ZKSCAN5,0.49434108
TIPRL,0.49423563
RPL26L1,0.49414515
UBQLN2,0.49410114
THOC1,0.4940981
RAP2C,0.49403027
UBE2T,0.49401605
ZNF100,0.49397218
SURF1,0.49394706
SLC22A4,0.49390402
PRDM4,0.4938287
PRMT6,0.49381226
NR1D1,0.49380323
RPP30,0.4937346
HSPA6,0.49372935
TTF1,0.49368653
PELI3,0.4936516
SNRNP48,0.4935056
RGP1,0.49347922
NGFR,0.49347782
RRP9,0.49344102
REXO1,0.49343157
MSR1,0.49342465
RNF103,0.49329802
ZNF500,0.49321422
PHKA1,0.4932065
RGS1,0.49311465
PMM1,0.49311405
ZNF768,0.4930443
RBM45,0.49293795
SYDE2,0.4929328
SDC3,0.4928735
SEPSECS,0.49285054
RHBDF2,0.49277514
TPK1,0.49276382
RAB37,0.4927351
STK11IP,0.49272734
TRAF6,0.49270558
RCHY1,0.49256307
SCNM1,0.49250275
ZNF317,0.4924744
MYO15A,0.49246758
CEL,0.49244907
OCLN,0.49240908
RILP,0.49238572
TM7SF2,0.4923835
ST3GAL6,0.4923478
STAT4,0.49230805
RTN4IP1,0.49230573
ZNF101,0.49229372
TAZ,0.49223444
SEMA4F,0.4921806
RABL2B,0.49212965
RAB3D,0.49201444
SRA1,0.49197277
NIP7,0.49187168
PDLIM2,0.49185047
ALG2,0.49180293
SLC1A1,0.4917815
STX2,0.49177665
ZNF71,0.49169686
SSH3,0.49166447
RBAK,0.4916285
PTS,0.4915501
UBE4A,0.49154052
NFRKB,0.49146745
PLCH2,0.49144107
RNF14,0.49136427
TST,0.49119312
THAP11,0.49106959
SERPINF1,0.4910116
PEX12,0.4908129
SATB1,0.49079412
TBC1D7,0.49077412
VIPAS39,0.4906933
TIFA,0.49069118
TRIAP1,0.490646
SYTL2,0.4905902
TIAM1,0.49050507
PRPF31,0.4903827
ZNF221,0.49031183
ZNF264,0.4902292
PTPRO,0.49021587
TXK,0.49019602
PPWD1,0.4901852
SENP8,0.4901805
SH2B3,0.48998708
PCDHB3,0.48993704
STXBP2,0.48990014
TRAPPC11,0.48980573
ZNF284,0.48977777
LAT,0.48972937
UPP1,0.489696
SCUBE2,0.48965576
TNFRSF10A,0.4895754
ZNF836,0.4895534
PI4K2B,0.489444
UBIAD1,0.4894342
RRP12,0.48941442
PPCDC,0.4893773
RPS6KA4,0.4893609
TBP,0.48935428
TFAM,0.48934853
TEX264,0.4893355
UBL4A,0.48932815
TMOD1,0.48929623
SLC30A1,0.48921052
PRRT2,0.48913065
UBE2D1,0.48909494
PEX11A,0.48909414
PAFAH2,0.48907474
SRP19,0.48904258
ST8SIA1,0.4888604
TIMM21,0.48876664
SYT11,0.4887612
PCDH18,0.48875463
SMYD5,0.48874775
WDR55,0.488663
SLC7A7,0.48865026
UCK1,0.48854813
SDC1,0.48854437
TMC8,0.48850286
LRP2BP,0.4883801
ZNF354C,0.48824137
SMARCD3,0.4882374
PTGER2,0.4882032
PTPN22,0.4881937
RPP25L,0.48799384
ZNF189,0.48794279
PSD,0.48776162
NDUFAF1,0.48773068
TAF1C,0.48771316
PLCD4,0.48770842
VAMP2,0.48768947
ZNF841,0.48766685
TGFBRAP1,0.48765
PANX2,0.4876272
RNF125,0.48756576
RNF8,0.48741
VANGL2,0.48733383
PPP1R3B,0.4873053
TRMT1,0.48726374
TIMM8A,0.48725933
SNX18,0.48719108
RAB11FIP5,0.4871159
RTN4R,0.48707554
PPID,0.48689348
TNXB,0.4866787
SNTA1,0.48667553
ST8SIA4,0.4865415
TAF1B,0.48646542
TBCC,0.4863733
ZNF300,0.48635295
ZDHHC8,0.48630401
TOPORS,0.48628208
PDE1B,0.48622143
PER2,0.48613885
RCAN3,0.48606843
RASGEF1A,0.4858644
ZNF510,0.48585492
SEMA4A,0.48582724
ZNF460,0.4858043
RIOK3,0.48569185
SMOX,0.48566478
RASGRF2,0.48564342
ZNF783,0.4855939
SHPK,0.4855036
UNC5B,0.485117
RIPK1,0.4850458
ZFP90,0.48493627
RPP38,0.48490116
TBC1D24,0.48483583
RNF25,0.4847869
TRIM13,0.48474908
USP16,0.48471126
PORCN,0.48468634
RPP40,0.4845971
SLIT3,0.4845795
VARS2,0.4845272
SIVA1,0.4845078
RINL,0.48445693
PSMA2,0.48433238
ZNF44,0.4842556
TRMT5,0.48424417
STX12,0.48422492
NDST2,0.48420313
S1PR1,0.48413986
PIGM,0.48403627
ZNF480,0.48390198
ZNF227,0.48389623
SPRY2,0.48376667
RPF1,0.48374185
SNAPC5,0.48363644
VPS37B,0.48362672
SPRTN,0.48341623
ZNF354A,0.4833583
ZNF670,0.48334295
NLRP3,0.48321664
TRAPPC2L,0.4831612
TMEM107,0.48312345
SGSH,0.48290426
UTP14C,0.482869
TPMT,0.4828087
ZNF224,0.48272723
PNKD,0.48271984
TLR4,0.48268247
POGLUT1,0.48262393
TAP2,0.48255518
PDZD11,0.48254573
PLA2G12A,0.48246548
TRO,0.48244563
SNRPG,0.4824392
TOM1,0.48239788
U2AF1L4,0.4823675
MPP1,0.48232988
RPL36A,0.48228812
ZNF808,0.48226345
STRIP2,0.4822463
RTCA,0.48213965
TMEM70,0.48205006
ZKSCAN3,0.4819884
SYDE1,0.48172203
VAMP4,0.48162705
RTKN,0.48153237
USP21,0.4814658
TBC1D23,0.481267
SPAG4,0.48109892
ZW10,0.48108035
RAP2B,0.48097235
WDR31,0.4808528
PYCARD,0.48081222
STAC3,0.4806302
SPTLC3,0.48049212
TBC1D25,0.48041907
SLX4,0.48028952
ZNF577,0.48016503
RORC,0.48016202
STAM2,0.48005974
RMDN2,0.47999117
TAF5,0.47998437
RWDD3,0.47993723
TADA1,0.4799067
TNFRSF11B,0.47989738
RHOU,0.47964427
SMPDL3A,0.47942805
SLC18A2,0.47932932
WASF3,0.47925285
TRIM35,0.479239
SLC44A4,0.47897044
PLXNB3,0.4789338
TTC30A,0.47893125
SULF1,0.47883856
TDRD7,0.47883293
UBA3,0.47881418
PLEKHG6,0.4787638
PBLD,0.47874653
TLR3,0.47872552
SLC27A1,0.47866926
TAGLN,0.47836518
SEMA6C,0.47828266
SNIP1,0.4781998
SYNGR1,0.4781839
TMEM179B,0.47817016
PDE4C,0.47795388
RASL10A,0.4778199
RMDN3,0.47763065
POMK,0.47762907
SIRT3,0.47755706
UBE2D4,0.4775424
SNAPC2,0.4775405
TELO2,0.47742948
PRICKLE1,0.47739324
RGCC,0.47735158
SARDH,0.47733006
RGL2,0.47722057
ZNF766,0.47719803
ZNF143,0.47717908
USP43,0.47713566
RDH5,0.47709468
SARM1,0.4770716
TP53INP1,0.4770648
SLC27A2,0.476667
ZNF320,0.47639203
TRIP4,0.47638342
SGK3,0.47638208
TIMP3,0.47631925
CCR1,0.4762981
RHOJ,0.47628534
TOR4A,0.4762453
SIAH2,0.47602603
SYTL1,0.47589397
RRAGC,0.47581345
TTC12,0.47580636
PEX11G,0.4756946
SLC39A4,0.4756453
VPS28,0.47555664
SNRNP27,0.4754596
TRIM6,0.47544754
SNX33,0.47542414
PPFIA4,0.47526473
SGCB,0.47512233
ZNF561,0.47510093
ZNF133,0.47504985
RAB42,0.47504336
SPSB2,0.47491652
TPRKB,0.47485575
ZNF429,0.47476727
TNFSF13B,0.4746318
PNPLA7,0.4745274
TCTN1,0.4745054
SYNE3,0.47450057
ZNF18,0.47448376
VPS18,0.47440663
SEC31B,0.47440246
ZNF764,0.47439095
TOR1A,0.4743786
TFIP11,0.47433963
SUPT7L,0.4743016
TRPC4,0.4740809
TESK1,0.47397202
SKA1,0.47383243
RUNDC3A,0.47379658
WDR48,0.47372127
TRIM62,0.47369617
USP35,0.47366777
TDRKH,0.47363278
ZNF529,0.47356772
TRADD,0.47343227
TCN2,0.47341976
ZNF212,0.4733978
SVIP,0.4733938
TEK,0.47337562
SUOX,0.47332156
ZNF780B,0.47328216
ZNF823,0.4732163
TXNL4B,0.47317815
TNFSF13,0.47315907
SIRT2,0.4731038
SHARPIN,0.47296876
TRIM21,0.47290862
POMT1,0.4728844
ZNF614,0.47288153
TRAPPC6B,0.4728094
ZNF555,0.4727833
RIN1,0.47265857
TOMM40L,0.4726513
TRIM39,0.47249222
TSEN34,0.47248855
REPS2,0.4723443
UBA7,0.47233993
TBC1D8B,0.47219992
SLC22A17,0.47217116
SYNJ1,0.47212896
ZNF607,0.4721262
SCIN,0.47204202
SLC35A1,0.47198775
THAP7,0.47196683
SFN,0.47189397
ZNF774,0.47189268
RAC3,0.47180384
TEFM,0.47173056
TRPM2,0.4716589
ZNF302,0.47153455
ZFPM1,0.47144407
SORBS1,0.47144088
TRMT6,0.47114882
ZSWIM7,0.47091234
SUPV3L1,0.47090182
SNRNP35,0.47077352
ZNF45,0.470708
ZNF394,0.4706635
TMEM176A,0.4703862
RIPK2,0.47029817
WRAP53,0.4702356
ZNF649,0.47018257
RASD2,0.47015664
SMPD2,0.47011748
STX10,0.46977064
TMEM187,0.46964747
WDR61,0.4696384
ULK2,0.46956986
SLU7,0.46954724
PPP2R3A,0.46943274
ZNF250,0.469331
WNT5B,0.46931502
ZNF57,0.46924803
S1PR4,0.4690738
SLC27A4,0.4690714
SOCS3,0.46890694
SLC9A3R2,0.46890536
TJP2,0.46886972
ZNF765,0.4688371
STAP2,0.4686467
TEP1,0.46864307
TMEM17,0.4686001
ZNF385A,0.4684515
USHBP1,0.46828973
ZNF530,0.46828958
SLC25A14,0.46820357
UCHL3,0.4678981
ZNF180,0.46787944
ZNF136,0.46782988
TSFM,0.46782768
UFL1,0.4678187
ZNF2,0.46781343
TLR7,0.4678062
TECPR1,0.4676701
TNFRSF25,0.46764696
SNAPC1,0.4675753
TP73,0.46749726
RASGRP3,0.46749064
RDH10,0.4674438
TTC26,0.46740744
TSSC4,0.46736988
ZNF701,0.4673386
TSNARE1,0.46730348
TMEM67,0.46727976
SPATA13,0.46726415
ZIK1,0.46710584
ZNF593,0.46708035
TMEM186,0.46693107
ZNF10,0.46687612
ZNF467,0.46686772
TP53RK,0.46670535
SLC44A3,0.46656471
RBPMS2,0.46650457
ZKSCAN4,0.46643803
TADA2B,0.46639755
WBP4,0.46632612
ZNF283,0.4663129
TBX2,0.4663032
RPP21,0.46608576
SPDYA,0.4660255
NT5E,0.46577334
SPTBN4,0.46559003
ZNF251,0.46550888
SNAI1,0.4654485
TWF1,0.46517083
ZNF620,0.46513978
SPON2,0.4650422
RNASEH2B,0.46487397
ZNF32,0.46476224
THSD1,0.46468103
RIOK2,0.46452057
TRIM46,0.46445516
ZNF211,0.46442634
ZNF773,0.4644108
WNT2B,0.46439704
TRMT61B,0.4643264
YRDC,0.46432248
TRMT10C,0.4642526
ZNF548,0.4640879
ZNF235,0.46404853
ZNF420,0.46387413
ZNF461,0.46376857
SRPX2,0.4637516
TBC1D10A,0.46361116
UBLCP1,0.46351033
SAT2,0.46346524
RPL21,0.46342736
SYTL4,0.4631872
UFSP2,0.46314633
ZNF738,0.4631134
WDR83,0.4630781
ZNF182,0.46305305
TXNDC16,0.46303394
WDR81,0.4630015
ZNF155,0.46282578
ZNF140,0.4628227
SLC35D1,0.46276358
TPRN,0.4627081
SGIP1,0.46263954
TBXAS1,0.46262148
ZNF79,0.46256953
ZNF473,0.46239188
ST14,0.46231595
TNFRSF10D,0.46225458
SWSAP1,0.46218807
TAF1A,0.46210897
TRIM3,0.4621006
SPIRE2,0.46207696
ZNF684,0.46197966
RNF144A,0.46192434
TRIM68,0.461884
VLDLR,0.46185043
YIPF5,0.46184057
SIRT5,0.46155232
TFAP2C,0.46151888
ZNF780A,0.4609645
ZNF304,0.46088552
ZNF34,0.4608076
SPATA2L,0.46039805
UAP1L1,0.46038213
SRD5A3,0.46018654
SLC40A1,0.4601573
TDG,0.46013948
SEZ6L2,0.46001828
ZNF600,0.45971334
TRPV4,0.4597079
ZNF641,0.4596565
ZNF234,0.4595154
ZNF814,0.4595092
SLC1A3,0.45945832
ZNF674,0.4585738
ZNF493,0.4584971
UPF3B,0.4583322
VPS37D,0.45804095
TFAP2E,0.45783687
STX11,0.45781028
RNF113A,0.4577503
VCPKMT,0.45717165
TBC1D10C,0.45690215
SH2D3A,0.45650277
SPI1,0.45641434
ZNF112,0.45630118
TM2D2,0.45620957
SERPINF2,0.4558913
ZNF552,0.45576468
ZNF626,0.45547694
ZDHHC2,0.45542383
ZNF550,0.45509037
SLC4A11,0.45496744
TRPV2,0.45487854
TACO1,0.45431718
TCTN2,0.45421383
ZNF324B,0.45410523
ZNF564,0.45406792
ZKSCAN7,0.45395604
TSPAN12,0.4537633
ZNF439,0.45372817
SURF2,0.4534709
YIPF1,0.45337626
ZNF691,0.45333946
STRADB,0.453253
ZNF440,0.45319605
ZNF585B,0.45306852
TLR6,0.4529895
ZNF426,0.4528553
TXNRD3,0.45271984
ZNF354B,0.45268178
ZNF567,0.4525833
TGFB1I1,0.45252314
ZNF200,0.45247853
TNFRSF10C,0.45231485
TBKBP1,0.45210722
TAF6L,0.45202258
UTP23,0.45200807
ZNF74,0.45184898
SNTB1,0.4517342
UTP14A,0.4516975
ZNF175,0.45158166
ZNF141,0.45140466
TRUB1,0.45138347
TUBG2,0.45127973
SETMAR,0.450531
TMEM216,0.4503174
ZNF17,0.45006275
SPATA2,0.45003393
TNFSF10,0.4499969
SLC30A4,0.4499545
TRIM45,0.44987994
ZNF546,0.44919506
TRIM23,0.44894505
ZNF419,0.44882417
SPICE1,0.44875294
ZNF699,0.44786116
ZNF557,0.44781297
SMAD9,0.4477796
ZFP30,0.44750518
ZNF543,0.4474959
ZNF347,0.44744262
ZNF778,0.447371
ZNF222,0.44721326
ZNF253,0.4471981
ZFP14,0.44706497
VAMP1,0.44698772
ZFPM2,0.44684115
ZNF135,0.44644868
ZNF711,0.44644293
ZFP1,0.44609606
SLC2A8,0.44572362
ZNF506,0.44559777
VPS33A,0.4447437
WTIP,0.44454262
ZNF517,0.4432079
ZNF423,0.44319883
TGFB3,0.4430068
SGPP2,0.44253814
WDR5B,0.44174004
TP53I3,0.44169128
ZNF485,0.44161284
ZNF516,0.44143045
SERPINB8,0.44139418
WHAMM,0.44134372
ZNF486,0.44129544
ZNF528,0.44092748
TRIM36,0.44072452
ZNF846,0.44025072
XYLT1,0.44013837
TAF9B,0.4397319
ZNF813,0.43945062
SMG8,0.43932167
ZNF558,0.4392293
ZNF415,0.43879485
TAF13,0.43874225
ZNF549,0.43862763
ZNF442,0.438606
UBOX5,0.43836752
ZNF790,0.43791178
ZNF443,0.437643
ZNF433,0.43753996
ZNF350,0.43667877
ZNF793,0.436678
UTP3,0.43612173
ZNF677,0.4359062
ZNF527,0.43561223
ZNF225,0.43559533
ZNF92,0.4354301
ZNF573,0.43538883
ZNF585A,0.43487597
ZNF202,0.43463776
ZNF273,0.43402475
ZNF709,0.43398649
ZNF611,0.4336018
VASN,0.43306583
ZNF132,0.43169877
ZNF333,0.43094474
ZNF19,0.4300205
ZNF468,0.42911825
ZNF569,0.42891166
ZNF615,0.4279269
TUBA8,0.42786697
ZFP69B,0.42768392
ZNF671,0.42356926
ZNF14,0.42344978
ZNF776,0.42206237
ZNF830,0.42119554
ZNF490,0.42071375
ZNF772,0.41939467
WNT9A,0.4174275
ZNF416,0.4164103
ZNF470,0.41384748
ZNF69,0.40771803
