Gene Name,Score
TAF7,0.9899831
NEK6,0.9899324
RUVBL1,0.98974633
PAFAH1B1,0.9897237
NRIP1,0.989712
MPRIP,0.9896236
POU2F1,0.9896069
TUBA4A,0.98955464
MIF,0.9894315
YTHDF1,0.98936546
TSR1,0.98927945
PRMT1,0.98920983
ZNF445,0.9891957
TGOLN2,0.9890637
PPP2R5E,0.9890049
OLA1,0.98900247
SPTBN2,0.9889494
RAB6A,0.98894393
PFKP,0.98889214
OGDH,0.9888536
UBQLN4,0.98877674
TRAFD1,0.9887189
PABPN1,0.98870367
SMURF2,0.98860896
ZNHIT6,0.9885357
SCAI,0.98851377
SPSB1,0.9885103
SNRPA,0.9884986
UCP2,0.9884084
SMS,0.98835564
MYCBP2,0.98828226
STOML2,0.98821354
NUMA1,0.9881053
HSPD1,0.98793346
RBM5,0.9878879
USP11,0.9876445
PARD3B,0.9875788
PARVB,0.98754466
PRPF40A,0.9874121
SEC24D,0.98738897
SPAG5,0.9873251
GALNT2,0.9872629
USP33,0.9872351
PLCB4,0.98714834
RACGAP1,0.9871264
PKD1,0.98698026
TXNDC12,0.9869451
MACF1,0.9869381
RABGEF1,0.98692596
SMARCAD1,0.98691535
UNG,0.98689866
ZWINT,0.9868939
SMARCA2,0.98681426
OGT,0.986765
HNRNPH1,0.98656684
VTI1B,0.9864537
WRNIP1,0.986429
PSMD3,0.9864052
XRCC2,0.9864037
STAG3,0.9863935
WDR11,0.9863608
TBC1D16,0.9862953
RPL18A,0.98619974
SLC25A12,0.986182
SRP14,0.9861688
SAFB,0.9861472
SSBP1,0.98613447
SUMF2,0.9861059
PSMD4,0.98607904
SNRNP40,0.9859698
PKN2,0.9859239
TBC1D1,0.98588157
YAF2,0.98578936
PHC3,0.9856559
ZKSCAN8,0.98560876
PPP4R2,0.9856075
NUP160,0.9855979
ZDHHC7,0.98545974
TRAPPC8,0.98541045
KRT7,0.98539925
WDR62,0.9853902
SCAP,0.9853297
ZNF282,0.9852941
PLAGL1,0.9852587
SLC11A2,0.985254
PTPN12,0.9852535
NCAPD2,0.98504096
UNC119B,0.98504007
NUP205,0.98493594
SMC5,0.98490775
STK38,0.9848127
MAT2A,0.9847607
YES1,0.9846646
PPP1CC,0.9845622
PSMA1,0.9844214
NAP1L4,0.98440695
UBE2J2,0.9842966
PAPOLA,0.9838988
TRIM25,0.9838192
ZNF76,0.98377615
PPP1R12A,0.98356724
WDR75,0.9835413
SPOP,0.98340905
SMAP1,0.98329115
RPS21,0.9832197
PSME3,0.9831855
GSE1,0.9831713
NPLOC4,0.98316747
PRKCSH,0.98310053
RIMKLB,0.9830194
UBE2S,0.9827315
PNISR,0.9825267
OAZ2,0.98221314
STX18,0.9821231
RAB1A,0.9820254
PLD1,0.9819563
VPS36,0.9819308
MKNK2,0.98189086
SUPT4H1,0.9818812
RRP1B,0.98181903
ZRANB1,0.98180974
PCBD2,0.9817364
FTH1,0.9816877
PDXK,0.9816653
MTHFD1L,0.9816382
XRN1,0.9815732
UNC45A,0.9814527
STX5,0.9813184
ZNF621,0.981237
NLK,0.9809467
PMEPA1,0.9808709
PDXDC1,0.98079705
SEC63,0.9807207
HDAC4,0.9807194
ZNF26,0.98067987
TEX10,0.9805431
PABPC4,0.9805108
ZNF33A,0.98045385
MBD5,0.9803208
ZER1,0.9803152
HUWE1,0.98025596
PACSIN2,0.9800726
TCF7L1,0.9799691
PNN,0.9799651
KPNB1,0.9799442
ZP3,0.97987443
SPTLC1,0.9798331
SORT1,0.97977304
PSMB5,0.9797238
THADA,0.9796281
PBX3,0.979563
ZNF692,0.97952354
SUGT1,0.97945136
TXLNG,0.97942036
SMC3,0.97934157
RAC2,0.9792731
TRAF5,0.97926575
MRFAP1,0.9792173
UBE2J1,0.97919375
PSME4,0.97914755
UHMK1,0.97914404
TRAM1,0.9790927
SOD1,0.97900826
ZNF562,0.97869945
RNF24,0.9785381
WDR37,0.97847533
ZFYVE27,0.978446
TXNL1,0.97840744
SNW1,0.97837
SPAG16,0.9782139
UBE2C,0.97819567
RBM28,0.97811973
TRIP10,0.9780832
PEX14,0.9780505
RRP7A,0.97800124
POLR2J3,0.97797376
PTPRM,0.9776831
SCNN1A,0.9776793
STK40,0.97767025
RNF111,0.9774876
VPS35,0.9773794
PNRC2,0.97734344
MKLN1,0.9773251
TNK2,0.97732294
RANBP3,0.9772652
RPL7L1,0.97697586
TRAPPC10,0.9769372
USP49,0.97688234
UBAC1,0.97679704
TADA3,0.97678554
NUP62,0.9766605
PPP2CA,0.9766169
RBM25,0.9765855
TAOK3,0.9765528
SERGEF,0.97653663
RAP1A,0.9764075
RNF38,0.97638345
PDE8B,0.9763322
SART3,0.97610575
ZFYVE26,0.97606194
RASA3,0.97568
SEC13,0.9756191
RHEB,0.97556823
TIMM23,0.9755088
RBPJ,0.97536236
HDLBP,0.9752122
TAP1,0.9750668
STK35,0.9750063
PSMB1,0.9750045
TM2D1,0.97490215
VPS37A,0.97482276
KHDRBS1,0.9744965
PHKB,0.9744684
SLC39A7,0.9742589
NOMO1,0.97424024
NUP153,0.9742079
RSU1,0.97420424
TRPC1,0.97415733
TADA2A,0.9741478
MAP1B,0.97413266
SYNRG,0.97389144
MAPKAP1,0.97377
UBE2M,0.97374254
STEAP3,0.9737256
NUDCD3,0.9737254
JMJD1C,0.97365665
NEK7,0.97355235
SETDB1,0.973444
SEMA3A,0.9733576
TTC27,0.9732892
STK38L,0.9732377
RBBP7,0.9732338
TAF1,0.97307533
THRA,0.97305244
ZNF770,0.9730363
ILF3,0.9729005
LDHB,0.9727005
TROAP,0.97268605
STX8,0.9726782
PFN2,0.9722889
SOCS5,0.9722624
SSR4,0.9722366
PIK3R3,0.9722077
PPP2R2A,0.9721992
TTC21B,0.9721605
ZNF219,0.9720696
SQLE,0.97206354
TGIF2,0.97197175
TUBGCP2,0.9719634
ZWILCH,0.9715385
TSPAN33,0.97143936
HLA-B,0.9713101
OPA1,0.97099507
PUF60,0.970761
TMEM97,0.9707282
PRPSAP2,0.97061014
TAOK2,0.97049934
ZNF318,0.97045004
PDS5B,0.97034776
PRDX2,0.97027427
ZNF700,0.9702452
LAPTM5,0.9702087
RAB11FIP3,0.97008544
VTA1,0.9699508
NOLC1,0.96991503
POLDIP3,0.96973366
USP42,0.9696455
PCDH7,0.9695572
PCCA,0.9695497
NSUN2,0.9695383
RNF217,0.9692653
ZNF398,0.9691537
RB1CC1,0.9688694
ZNF266,0.9687856
PAN3,0.9687746
RTCB,0.9687695
RAB2A,0.96874356
XRCC4,0.9685787
PHF12,0.96854657
TSG101,0.96853215
ZNF107,0.96851915
LAMA5,0.96850675
PLOD2,0.96849537
ZNF710,0.9684912
TERF1,0.9684409
TAF12,0.9684229
SMARCA1,0.9683524
VCAN,0.9683391
SH3BP2,0.9681981
PRR5L,0.96806884
RALGAPB,0.9677642
UQCR11,0.9675762
PSAT1,0.9673533
PPP1CB,0.9672094
PTPN13,0.9671623
NSMCE2,0.9671542
PRPF6,0.96704817
SLC25A17,0.96686906
MGST1,0.96681976
SPDL1,0.96679395
UBE2Q1,0.9667828
UFC1,0.96661144
MFGE8,0.966611
HNRNPD,0.96630067
SCP2,0.96625113
UROS,0.9660342
PDE7A,0.96597487
NAA25,0.9659033
ZNF687,0.96564174
PFKFB3,0.9655318
ZDHHC21,0.96550924
RC3H1,0.9653513
SNAP23,0.96521294
NUP188,0.9652089
NCK1,0.9651285
RBM15B,0.964868
TOMM34,0.964732
ZNF623,0.9645697
PRC1,0.9644384
TRIOBP,0.9643127
SACM1L,0.9640128
PCNT,0.9638701
UBE3B,0.9638472
UBE2A,0.96380645
TMED4,0.96369475
TUBB3,0.9634083
MAD1L1,0.96306777
WARS2,0.9630295
SLC25A26,0.9628859
UTP18,0.962851
ZNF33B,0.96281385
SEC23A,0.9626775
TSC22D3,0.96235895
PTPN1,0.96222323
ZNF791,0.9621519
PA2G4,0.96210104
ZNF91,0.9620514
RBM8A,0.9619927
RYBP,0.961898
UTP20,0.96181166
SPG21,0.96175194
YIPF6,0.9616056
RPS6KA1,0.9615302
SRP68,0.9614746
NDUFA10,0.96144646
ZNF622,0.9614331
RAP1GDS1,0.96137935
PIK3C2A,0.9613785
STARD4,0.9611987
PDCD6IP,0.96117336
VPS26A,0.96108
IPO5,0.96097714
RUVBL2,0.9608464
SAFB2,0.9606679
UQCC2,0.960623
TIMELESS,0.9606194
SHPRH,0.9605667
PLOD1,0.9605326
SMUG1,0.9601009
TAPBP,0.9597687
SOS2,0.9596047
SNRPD1,0.95959085
TRIM22,0.9595234
SCFD1,0.9593028
SHROOM3,0.9591636
TOMM40,0.959093
SIK2,0.9588364
TAF6,0.95871747
URB2,0.9584837
RTF1,0.95842564
PMF1,0.9583065
RPS6KB1,0.9580639
MYOF,0.9579584
TYW3,0.95787835
PTPN4,0.9577961
SENP5,0.9577348
TUBG1,0.9576638
TIMM13,0.95764583
TGS1,0.9575653
PSMA5,0.95755917
SUMO1,0.9573835
PLK1,0.9573591
USP19,0.9572661
POLQ,0.9570841
STUB1,0.95698655
OPHN1,0.9568185
SPCS3,0.95672435
NCOA2,0.9567179
TSN,0.9566757
ZFP36L2,0.956523
LRRC8D,0.9564823
HNRNPF,0.95620656
UNC5C,0.9561692
ZMPSTE24,0.9561232
UBXN6,0.9558984
SCAMP1,0.9558443
UXS1,0.9556253
SLAMF1,0.9554565
SNRPC,0.95544845
PPARGC1B,0.95523965
SMU1,0.9552059
MYL12A,0.95501924
RPS6KA5,0.9548398
MYH10,0.9547425
PDIA4,0.95461816
SNX6,0.95454085
PELP1,0.9545315
TRIM14,0.95446926
TAMM41,0.9544646
MAP4K4,0.9543877
HNRNPK,0.9542174
LRP8,0.9541183
PPA1,0.95399785
TUBGCP4,0.95384383
SORL1,0.9537025
JARID2,0.9536571
ZNHIT3,0.9535403
SATB2,0.95319504
KDM2A,0.9530886
UNC13D,0.95308745
NACC1,0.9527988
USP37,0.9527947
NUDT3,0.952641
LARP4B,0.95262194
SLC44A1,0.9524177
TDRD3,0.9523894
UGCG,0.95234793
PDGFC,0.95210254
RAPH1,0.95206547
PLD3,0.9518331
PTPRS,0.9517971
ZNF286A,0.9513641
PPRC1,0.9512083
OXSR1,0.9511463
RHOG,0.95108384
SMC6,0.9510157
RFC1,0.9510103
PTPRA,0.95082986
SEMA6A,0.9507695
PPP1CA,0.9507517
ULK1,0.9506938
PPP5C,0.95058936
SEC23IP,0.9505534
LPCAT1,0.9505456
PRKAR2A,0.95038766
PHB,0.9501557
PCID2,0.9501462
ITGB1,0.9500712
RMND5A,0.95007
SAP30BP,0.9500656
TSPAN5,0.94977224
RAB11A,0.9496861
KRT18,0.94966924
SHMT1,0.94952416
NNT,0.9494728
NCKAP1,0.9493644
RAD23A,0.94921136
HLA-C,0.9490998
STRADA,0.9488867
SPAG7,0.9488654
TP53BP2,0.94878536
SNX17,0.9487757
PPP4R1,0.9487492
RIC8B,0.9485854
WDR18,0.94858336
ZYG11B,0.9484507
USP1,0.94837517
THOC5,0.9483445
NUDT21,0.94825906
PPIG,0.9482342
PTDSS1,0.94822186
ITPR1,0.9481652
UFM1,0.94804335
SERPING1,0.94799834
SCRIB,0.9475566
PLXNB2,0.9470997
TIMM17A,0.9470265
RNF169,0.9467975
PFDN5,0.94673777
GTF2IRD1,0.94656855
RUFY1,0.946555
PPP1R14B,0.94636333
SF3B5,0.946328
NBAS,0.94606525
SUCLG1,0.94595397
NR2C2,0.9458501
SIN3B,0.94575506
SPTLC2,0.9456917
SRF,0.9454746
GNB1,0.94511026
RABGGTB,0.9450777
ZNF12,0.945053
UQCR10,0.94486344
EIF4G3,0.9446952
TNFRSF1A,0.9446758
KMT2E,0.9446518
HMGB1,0.94459575
TRMU,0.9445817
MCU,0.9444717
TRAF3IP2,0.9443601
TRIP11,0.9442215
RAB3GAP1,0.9441696
MCM3,0.94410115
PARN,0.94403136
MELK,0.9435811
HNRNPUL1,0.9435516
TANK,0.94344306
KIF13A,0.9431497
REV1,0.94297326
ZNF267,0.94291306
RBM17,0.94285876
PGM1,0.94285834
NEDD4L,0.9428339
ZNF7,0.9425911
TEAD3,0.94238585
TRAPPC3,0.942316
ZNHIT1,0.94218093
TAB1,0.9418262
FOXN3,0.94176555
MCM7,0.9417021
EIF4B,0.94158596
TONSL,0.9415833
PARK7,0.9414867
NCAPG2,0.9414368
SLC30A6,0.9413367
TRIM26,0.94119334
SNX4,0.94115305
MED15,0.94104344
SNRPA1,0.94094557
NUBPL,0.940856
TAF2,0.9407979
STARD3NL,0.9406873
MARK3,0.94061494
NAA15,0.9406004
GPI,0.9405407
LMNB2,0.94040865
ZC3HC1,0.9403294
RBX1,0.9403289
RANBP10,0.94030315
SCAF1,0.9402926
SLC12A8,0.9400531
HSPG2,0.9399622
RCL1,0.9398791
RHOBTB1,0.9398289
PHYKPL,0.9397823
STAMBP,0.9396974
PHLPP1,0.93967843
POLD2,0.93955666
TK1,0.93953204
SNF8,0.93923515
SARS2,0.9391864
ZNF841,0.9391295
MAST2,0.9390244
SFI1,0.9389156
ZNF248,0.9388975
XYLT2,0.93884885
TGIF1,0.93879867
VMA21,0.93874127
TYRO3,0.9385712
SUGP1,0.9383968
PRPF3,0.9383434
PSMA4,0.93827266
HNRNPA0,0.93813246
TBC1D10B,0.9379806
RBBP6,0.93796515
ZNF317,0.93795574
TOX4,0.93771195
LMNB1,0.93758506
RPUSD4,0.9375821
VPS52,0.9375074
VPS54,0.9374995
TRAF3IP1,0.93744934
SEC24A,0.9374204
PFKL,0.9372247
MTA3,0.9372236
SPOPL,0.93705404
IMPDH2,0.936934
SCO1,0.9368351
NUDC,0.9367844
ZNF84,0.9367789
TBCB,0.936612
NDC1,0.9363319
SOAT1,0.93631876
TRNAU1AP,0.9362981
ZCCHC4,0.9362202
NRF1,0.93586385
POLR2B,0.9358139
YEATS4,0.9357017
ZNF3,0.9356599
RPAP2,0.93556637
PDPK1,0.9353814
USP45,0.93525493
UBE2B,0.9348709
TRAPPC6A,0.9348622
NUP93,0.9348059
PRMT3,0.93479437
NMT1,0.9347675
RAB5A,0.9345621
VPS4B,0.9342658
PLCL1,0.9341865
TPCN2,0.93413967
RNF5,0.93388736
TAF4B,0.9335202
MPP6,0.93318665
PSMD2,0.9327278
NAA50,0.9325784
RBM19,0.9323457
PTPN2,0.93225586
SEMA7A,0.93217194
NUMB,0.9319286
SEC24B,0.93190336
TRIM41,0.93149656
POFUT1,0.9314898
PRKACB,0.9314677
TMED5,0.9314256
MED13,0.93103254
SSB,0.93093914
PPP3CB,0.93062466
ROCK1,0.93055063
SBF1,0.9304956
GLS,0.93019176
SMARCC2,0.9300413
NFE2L1,0.9295379
PJA2,0.9289495
MCPH1,0.92883986
SCAMP2,0.9287664
PIK3C2B,0.9287466
PEA15,0.9286672
KIF1B,0.9286607
RPE,0.92849565
SF3B4,0.9284284
SCD5,0.9282921
VPS26B,0.9280481
WDR3,0.9279924
RFX5,0.9276939
WDR36,0.92767084
VPS4A,0.9272505
SP100,0.9272299
SLC19A1,0.9272097
PRPF19,0.9270225
OS9,0.92681783
UBE3D,0.92677945
TNFRSF21,0.9261655
SEMA3F,0.9259824
VEGFB,0.92582107
SNAPC4,0.92580163
PTCD3,0.92573655
TIMMDC1,0.9255774
MCC,0.9254962
MTA1,0.92537665
MTHFD2,0.92531043
OTUB1,0.9252748
SEMA4B,0.9252232
SV2A,0.9251301
UVSSA,0.9247792
PDIA3,0.9247083
PAPSS1,0.92456484
NUTF2,0.92451847
FSTL1,0.9243655
MDN1,0.92397
NUSAP1,0.92393804
PGRMC1,0.92390823
WSB2,0.9238704
MGA,0.9236915
SRM,0.92356235
LAMC1,0.9230764
LUC7L3,0.9230201
OTUD7B,0.9230132
MNAT1,0.9227801
SEC22C,0.922747
RAB5C,0.92273134
GDI2,0.9225827
PSEN1,0.9225623
REEP3,0.92244077
SERINC5,0.9223571
LGR4,0.921813
RNF114,0.9217114
GATAD2B,0.9212405
ZNF81,0.92090183
ZNF738,0.92065716
IPO7,0.9204547
SASS6,0.9203329
RANBP9,0.91992766
GSK3B,0.9198348
ZNF561,0.91959953
ZFP36,0.91931564
FAF1,0.91918254
SEPHS2,0.9190725
LSS,0.9190609
YIPF2,0.9189304
PIGL,0.918788
SAMD8,0.9185554
TARS2,0.9184323
YPEL5,0.91835034
XYLB,0.91794205
UMPS,0.91764754
LYRM4,0.9176374
TBK1,0.91760546
HSPA4,0.91757464
ZNF768,0.91726714
RALGPS2,0.9171721
TRIM11,0.9170714
JAZF1,0.91705686
RARS2,0.91700906
PGS1,0.9169942
PRKAR1B,0.9167783
TMEM147,0.91675097
ZNF264,0.916463
MARK2,0.9158757
SLC35B2,0.9158587
SETD1A,0.91582227
RNMT,0.9156455
PPM1B,0.9154511
HNRNPM,0.91529036
MEIS2,0.9152585
PLCL2,0.9150988
VRK3,0.9150916
HLA-E,0.91505414
SRI,0.91490895
SNAP47,0.91461915
RFX2,0.9146036
ZNF160,0.91420573
KPNA6,0.9141424
RNF130,0.91412205
PRMT7,0.9139867
STXBP4,0.91386896
HNRNPL,0.91386837
RUSC2,0.913781
SMYD4,0.91369814
MIER1,0.91318244
PUS1,0.9130881
UNC119,0.9127639
EXOC4,0.912654
ZNF337,0.9125314
USP46,0.9123183
TGFBR1,0.9119437
RLIM,0.9119257
STRIP1,0.91184694
TATDN2,0.9115859
UBA3,0.91158235
HSPA9,0.9115263
MTHFD1,0.91145766
YARS2,0.91131824
NFATC2IP,0.9113004
ZNFX1,0.91108745
KDM5B,0.911074
PPP6R1,0.91106623
PLEKHM2,0.91077137
PPP1R10,0.9107649
TUBGCP6,0.91072756
RAB12,0.91051555
EFNA5,0.91043097
LRRFIP1,0.9102241
RAB8A,0.910201
NPTN,0.9099624
STX7,0.90984994
SLC15A4,0.90971416
PYCR1,0.90962565
TBC1D2,0.90962213
POLD3,0.90932333
SPCS2,0.9089122
PUS7,0.9083999
NFATC3,0.9081682
POLR1A,0.9081275
PTK2B,0.907883
MLEC,0.9077531
UBE2Q2,0.90773994
NCOA6,0.9077184
IQGAP2,0.907568
RGS10,0.90726846
MAMLD1,0.90702385
MTR,0.9070008
PDSS2,0.90699685
SERINC3,0.90687823
WDR91,0.90652454
SPRED1,0.9059238
PSMC3,0.9052381
NFX1,0.90517884
PPP3R1,0.9050786
MINK1,0.90499884
TIMM44,0.9049889
UAP1,0.9049093
TRUB2,0.9047965
RXRB,0.9042987
SART1,0.90366215
RAB30,0.9032484
SEH1L,0.90311325
SLC25A25,0.90309596
ZNF41,0.9029714
WDR35,0.90294635
SLBP,0.9028383
SNX2,0.90280807
SCLY,0.9024909
MED27,0.9023779
SSX2IP,0.90224934
RGS5,0.9019334
STIM2,0.90189964
ZBTB17,0.90179384
FADS2,0.90152586
PDPR,0.90138435
P4HA1,0.90115416
SGPL1,0.9010526
PSMD7,0.9008828
SECISBP2,0.90064484
HNRNPH3,0.90058297
MYBL2,0.9005547
SENP3,0.90035397
PPM1A,0.9000664
NDUFS1,0.8998759
MTDH,0.89972377
ME1,0.89957047
SYT7,0.8994963
VPS37C,0.8993211
XAB2,0.8992877
TFB1M,0.8990732
RRP36,0.89906025
TMEM11,0.89898145
TOB1,0.8989723
ZNF605,0.89848864
PSMD12,0.8984139
SEC23B,0.89795005
SOCS7,0.8977014
SEC61B,0.8976623
UNC93B1,0.89745206
TSNAX,0.89732337
ZNF649,0.897181
MYO9B,0.8971144
PRPF4B,0.89702755
TTC5,0.8970072
SLC35E3,0.8967423
PELI2,0.8964203
SMAD7,0.8962276
MEMO1,0.8960686
GRB10,0.8956138
PPM1L,0.895427
MAPK6,0.89514023
TNIP2,0.895044
RALGAPA2,0.89502895
PIR,0.8949728
IPO9,0.8949313
STARD10,0.8947902
PAIP2,0.8945896
POLA2,0.8944041
NOP56,0.8942991
NOC2L,0.8942551
ZNF197,0.8941344
VPS11,0.8940973
HIPK2,0.8939816
WDR46,0.8937534
TMEM132A,0.8937409
RGL1,0.89346355
ST6GALNAC4,0.8934038
MAN2A1,0.89338106
NDUFS6,0.8933791
SRPRB,0.89315695
HDAC2,0.8931147
RER1,0.8930865
UBXN2A,0.89299667
SAT1,0.8928538
PDCD6,0.89275175
SUPT20H,0.89274836
SOCS6,0.89246273
ZNF274,0.89242107
TSPYL2,0.89203376
TMEM214,0.89182645
TCIRG1,0.8917991
ZKSCAN5,0.89152044
MAML3,0.8913845
PANK2,0.8912857
ZNF430,0.8911936
PDHX,0.89096695
TRIM69,0.8909402
LSM12,0.89079636
MORF4L1,0.89067227
ZNF783,0.8906628
TMC6,0.89047194
SDAD1,0.88998437
PYGL,0.88977253
SLAIN2,0.88960266
POLR3E,0.88929474
VANGL2,0.8892248
NDUFA4,0.88917077
SNRPE,0.8891545
RBBP8,0.8891525
ZDHHC9,0.8884928
STX2,0.8878787
NPRL3,0.8877936
TAF5L,0.8877509
UBE4A,0.8876673
KHSRP,0.8876662
SH2B1,0.88756305
PDK1,0.8875562
S100A6,0.88713795
NDST1,0.88706064
ZNF320,0.886963
NOP58,0.8868928
SYNE1,0.88655055
SWI5,0.88652265
MDH1,0.88632756
IQGAP1,0.8860659
TMEM63A,0.88599277
SPINT1,0.88595134
TBC1D15,0.885806
HERC4,0.88571644
SLC5A6,0.88568485
SLC7A8,0.8855696
DST,0.8853223
TWF2,0.88524216
UBE2F,0.8851623
ZNF708,0.8851374
MEF2A,0.8849418
NDE1,0.8849271
WDR19,0.8849169
SNAPC3,0.88488436
RFFL,0.88457596
NVL,0.8843184
PSMC5,0.88425773
TRIM2,0.8841345
ZNF100,0.8841316
SDCBP,0.88400656
RNF11,0.8835281
PPP1R18,0.8834849
HLA-DRB1,0.88343716
PPIF,0.8833699
PITPNA,0.88329744
NME4,0.88326085
PRDX3,0.8832344
MAGI3,0.88306177
MMS22L,0.8827968
SNRPB2,0.8826988
PRMT5,0.88269204
GULP1,0.88228476
MCL1,0.8822755
LSM4,0.8820794
SLC9A1,0.881852
TINF2,0.881625
ZNF566,0.8814563
SIPA1,0.8807226
HM13,0.8806515
RCOR3,0.8805316
PFAS,0.88036805
SENP1,0.88036674
HNRNPAB,0.88006115
PIKFYVE,0.8800583
OTUD5,0.8797482
STAT2,0.87946314
RPA2,0.8794297
LAMB1,0.8793079
STXBP3,0.8791571
UBA5,0.87907135
TARBP2,0.8788108
NLRC5,0.87788767
ZNF423,0.8773485
YOD1,0.87734437
THEM4,0.87728924
ZNF500,0.8772722
THAP11,0.8772639
THUMPD1,0.8770782
MZT2B,0.8769432
ZNF44,0.8769268
HMGB2,0.87688804
TCTN3,0.87661135
RBBP5,0.8765356
FLNB,0.8764258
VCPIP1,0.8763033
LPGAT1,0.8762356
ZNF814,0.87612355
ZNF143,0.87571746
PPP2R5A,0.87544256
RAB11FIP1,0.87535334
POLK,0.8753
ZNF670,0.8752211
STX17,0.87511134
RPS6KB2,0.8746344
TERF2,0.8746263
PRPS1,0.8744835
VAMP2,0.87447244
RAB14,0.87441707
SEC62,0.87407243
STARD8,0.87395936
MRPL3,0.8735716
PDLIM7,0.8735063
RNF40,0.87334925
MED14,0.8732897
RHOQ,0.8727915
RCN1,0.8724466
PSMB8,0.8722674
PSMB3,0.8721735
YIF1A,0.8719127
UQCRQ,0.8717875
TERF2IP,0.8716357
GLUL,0.8713895
PDCD11,0.87126255
SKA3,0.87100136
REPS1,0.8709643
SMCR8,0.87095064
RPL36AL,0.87094474
PFKM,0.870869
PHF19,0.87074804
PERP,0.87053704
VPS37B,0.87048525
QSOX1,0.8703602
PEX19,0.86974925
PIK3C3,0.86970353
TBC1D24,0.86950964
SERPINB6,0.8690077
SMC2,0.86885166
MGAT5,0.8687097
OXNAD1,0.868553
UGDH,0.8684687
SPHK2,0.86841065
TXNRD2,0.86834913
RAB11B,0.8682651
TRIM38,0.8680652
TCEA2,0.867904
OSBP2,0.8678696
HMGN2,0.86782354
TNFRSF12A,0.8676048
SESN2,0.867541
TLE1,0.8674749
MBD3,0.8671541
TMED7,0.8670685
PPIL4,0.86658657
TRAPPC11,0.8664858
PSME1,0.86647063
SIAH1,0.86624825
NPC2,0.8662364
KRT19,0.8661863
MYL12B,0.8657362
TBPL1,0.8655043
RAB4A,0.8652111
UBL4A,0.86515564
ITCH,0.865096
ZNF808,0.86506253
RAD52,0.8649647
SHQ1,0.8648795
PGAP1,0.8644624
REXO1,0.8643709
PI4KA,0.8642582
HNRNPDL,0.8640952
TBC1D13,0.8639232
SGPP1,0.863265
GSPT1,0.8632301
PDCD4,0.86322933
RNF41,0.86318547
TRIM13,0.86283636
WDR55,0.86248803
MAP4K5,0.86246383
EIF4G2,0.86237127
SORD,0.8621095
PTTG1,0.8620356
SAMM50,0.86202276
MAP3K2,0.86164623
FKBP8,0.86142206
PBX2,0.86135405
PRR12,0.8613381
HNRNPA3,0.86127
NDEL1,0.8612159
MCM4,0.86121535
EHMT1,0.86120766
LGMN,0.86113304
ZNF235,0.8607665
ZFP90,0.86068183
TELO2,0.8603471
RASA2,0.8602581
USP21,0.86012316
PKN1,0.8595954
ZNF440,0.85957086
SMARCAL1,0.85924035
ZNF780B,0.8591693
EIF4A1,0.85881364
HLA-DPA1,0.85863435
SEMA4C,0.8585926
OSBPL5,0.85840225
RTEL1,0.8583102
MEF2D,0.8575235
RUNX2,0.85736173
VIPAS39,0.85732037
STARD3,0.8570698
MICU1,0.856684
GOLPH3,0.85629547
ORC2,0.8562709
NAT10,0.8559387
PPL,0.8554162
PPIP5K2,0.8553032
TPK1,0.8550091
SPNS1,0.85459507
NLN,0.85447294
METAP1,0.8542691
RBM42,0.85425305
PLCG1,0.8542376
NDUFAF2,0.8539884
WDR45,0.85390496
MCM2,0.85378116
NCOA7,0.8534316
WDR48,0.8532724
NDUFAF6,0.8532328
RUFY3,0.85321033
IVNS1ABP,0.85306805
SEC22A,0.8529835
RAD54L,0.85293806
TTK,0.85268736
SORBS3,0.8526651
KDM4B,0.8526445
MTMR12,0.8524419
SUPT7L,0.8524217
ENAH,0.8523477
ZNF529,0.8522254
ZNF335,0.8522219
PREPL,0.8522015
TBL3,0.8521707
IGF2R,0.85210854
EIF5A,0.8520533
RANBP1,0.85200465
TXNDC16,0.85180324
USP20,0.8515409
SYVN1,0.85123855
RCOR2,0.85120845
OSBPL1A,0.8511712
G3BP1,0.8508674
FXR1,0.85049635
SENP2,0.85048556
PES1,0.85045934
RFC2,0.8503142
GOLGA4,0.8502009
STK36,0.84994656
ZNF766,0.8499316
TUBD1,0.84992075
TOR1A,0.849809
TRMT1,0.84980613
SETD7,0.84956044
KCMF1,0.8494634
RRP1,0.8491923
UBIAD1,0.84910476
TOP3B,0.84907645
MAGED1,0.84899193
MBD2,0.8489101
RARG,0.8488553
PIP5K1C,0.8483503
SRP19,0.84828746
RHOT1,0.8481741
PIF1,0.8473498
TOPORS,0.84683955
NPNT,0.8467484
ORC4,0.8466256
RNF34,0.8463542
SLAMF7,0.84598905
TBC1D32,0.8459593
ORC5,0.8454875
NOL10,0.8450546
TCF7,0.8447463
ZNF250,0.8445685
TMEM126B,0.8445644
VGLL3,0.84448904
SYDE2,0.8443617
TPD52L1,0.84434116
NCBP2,0.84432036
PLXNB1,0.8442019
HLA-DPB1,0.8441265
NUP107,0.8439678
PARVA,0.8438812
TAB3,0.84386116
MAPKAPK2,0.8436581
SPIRE2,0.84341437
ZNF227,0.8430092
NHP2,0.8428839
MRPS21,0.8428736
LDLR,0.8428037
PSMF1,0.84279156
ZNF300,0.8424661
PDHB,0.8424294
PSMA7,0.84235793
RNASEH1,0.84207714
RBP1,0.84191865
PPARD,0.8418768
RAP2A,0.84170246
TBC1D7,0.84165907
TYSND1,0.84142387
PDCD10,0.8412739
RNF185,0.8408935
TFAP4,0.84066194
THOC1,0.84057415
ZBTB33,0.84011906
RHBDD1,0.8395965
MAP3K4,0.8392931
SDC1,0.8390966
NUP88,0.83876705
RBM34,0.83823425
NBEAL2,0.8381475
GJA1,0.83797574
GANAB,0.8379579
PFKFB4,0.8377672
SERPINB9,0.83775204
PNPT1,0.83746666
HK1,0.8374045
PWP1,0.83737236
RNF138,0.83728325
PAK4,0.83714056
NUP133,0.8370633
RHOT2,0.8369923
ILF2,0.8369608
SYNJ1,0.8369152
NCAPD3,0.8368528
TNFRSF11B,0.8360254
LSP1,0.83588594
PIGU,0.8357886
ZNF45,0.8357721
UBL7,0.8357028
UCK1,0.83546114
MBTD1,0.8353317
RRN3,0.83489007
PI4KB,0.83488435
REEP5,0.8347287
SSBP4,0.83459926
IP6K1,0.8342313
MCM5,0.833993
KDELR1,0.83397156
PTGES2,0.8339209
RND3,0.8337441
VAMP3,0.83335036
TAF11,0.83327836
PPP4C,0.83317125
RAD54B,0.83302504
VLDLR,0.8330097
ZNF43,0.832931
WASF3,0.8328581
GMDS,0.832765
TAF1B,0.8325502
TIPRL,0.83253294
PMPCB,0.83235437
RNF168,0.83210707
LMO4,0.8320772
SUN2,0.8317407
MSH3,0.8315531
TDP2,0.8314478
PANK3,0.83138853
VPS28,0.83132297
PSMB4,0.83115995
MRPL37,0.8311196
ZNF101,0.83111364
PHC2,0.83088136
SLC6A9,0.8308086
HDAC8,0.83078444
NEK9,0.83068305
TUBGCP5,0.8306526
MPDZ,0.83038825
PRCP,0.830352
SCYL1,0.8302496
NDUFV1,0.83013344
PATL1,0.8300998
KNTC1,0.8299231
SPPL2A,0.82956314
DDX17,0.8293585
RNF7,0.8292562
RASSF1,0.82913834
RNF123,0.8287045
NUP50,0.828319
TRAPPC5,0.82821065
ZNF485,0.82817477
SUV39H2,0.82815194
RHOBTB2,0.8278903
PLA2R1,0.8276135
RAD51AP1,0.82719857
SH3GLB1,0.82716876
UBQLN2,0.82701963
UROD,0.82693547
NPAS2,0.8268578
ZDHHC8,0.82680696
NPHP4,0.82677925
POLR3H,0.82662463
PYCR2,0.82651997
SPAST,0.8261155
NES,0.82565844
TAGLN,0.82508135
SMYD5,0.8250643
ZNF212,0.8244004
MRPS16,0.82437664
GBE1,0.8243491
SIKE1,0.8242847
LMO7,0.8241779
MSL2,0.8240768
MSH5,0.82394296
RRM2B,0.8239323
RORA,0.8238915
LONP1,0.8236472
ZNF677,0.82337886
PDHA1,0.82323045
KPNA2,0.8229554
FARS2,0.82284606
NEK1,0.8219579
NCAPG,0.8219554
SAR1B,0.8215999
ZNF510,0.82150245
YIPF5,0.82134205
PLEKHA8,0.82125235
ZNF526,0.82112175
SKIV2L,0.82097214
TRIM62,0.82094723
RRP8,0.8209225
ZFPM1,0.82083464
PCGF5,0.8205962
INTS3,0.8205282
MAU2,0.8204895
SRA1,0.82044536
TIAM1,0.82027984
PSMD8,0.82007444
MIB1,0.82002765
KANK1,0.8198675
EEF1D,0.81986064
NFYC,0.8191594
PHF8,0.81905556
NUDT5,0.81888765
SLK,0.81886536
NUS1,0.818687
MTUS1,0.81863487
SPRED2,0.81852585
TTF1,0.81831384
RUSC1,0.81815165
RAB18,0.81807214
TFAM,0.818063
UBE2D1,0.8180623
TRO,0.81781346
YIPF1,0.8175395
SAV1,0.81738675
TBC1D17,0.81703806
RAD1,0.8166693
TRIAP1,0.8160944
NINL,0.81608313
EBF1,0.8160378
KIF11,0.81558806
SLC25A38,0.8155162
ZNF10,0.8154251
PRKX,0.8153913
GLI3,0.8153028
LARS2,0.8151899
SLC12A2,0.81517684
TNFRSF1B,0.8151055
TAF8,0.8150392
SGSM3,0.81497824
RHNO1,0.8148474
MAPK14,0.8145967
MID1,0.8144607
TRAF6,0.8143806
MEX3C,0.81398803
NUCB1,0.8137171
SKAP1,0.81324786
ZNF92,0.81307447
PYGB,0.812972
PLEKHG3,0.81285685
NSFL1C,0.81280357
MYBBP1A,0.81267935
FRAS1,0.8124542
INCENP,0.8124371
RGS12,0.81229186
EIF3L,0.8114893
TFB2M,0.81143683
ZNF607,0.811275
PSMB6,0.8109512
LIMD1,0.810479
RBL2,0.81030124
PTPN9,0.8101054
PKP2,0.80989003
PURB,0.8098149
LRP5,0.8096089
TBCEL,0.80917346
SMDT1,0.80896586
MTX2,0.808858
PRKRIP1,0.8087883
ZNF460,0.8087808
SMAD1,0.8087653
METAP2,0.8084966
ZW10,0.80817366
TAF1C,0.8075225
PTPN23,0.8073987
PPAT,0.8071809
EEF1B2,0.80690473
DIAPH3,0.8067835
PRPF40B,0.806648
PCGF3,0.8065896
KIF4A,0.8057102
UNC5B,0.805237
PTGFRN,0.8051789
MRC2,0.8051339
MIDN,0.8050142
PPP2R5D,0.804935
RAP2B,0.8046715
KDELR2,0.8042369
TRAIP,0.8041166
REXO4,0.8037564
POLR2L,0.80307823
HMGCS1,0.8027207
SHARPIN,0.80262876
GNAI2,0.80253875
NR2F6,0.8023414
INO80,0.80227065
PISD,0.80209583
RPL17,0.80208683
PPP1R15B,0.8020444
PCCB,0.80189544
TRMT61B,0.8018598
PEX26,0.8016034
ZSWIM7,0.8014097
HSPA5,0.8012609
SURF6,0.80123043
KLHDC3,0.80118126
STX12,0.80096775
FBXW11,0.80087763
ZNF548,0.80081785
RIC8A,0.80069727
RPL22L1,0.80068105
RBCK1,0.7999742
RNPC3,0.7999422
SLC12A9,0.7998638
RRAGA,0.79981846
PTDSS2,0.7998018
PLA2G4A,0.79979026
MRPS6,0.79976237
MYO9A,0.79957044
HECTD1,0.79946965
ME3,0.79945594
ZNF251,0.7992984
GALNT1,0.79910845
IP6K2,0.7990269
RPAP1,0.79901224
NARS2,0.79883534
TRIP4,0.7980594
PKD2,0.7979425
RNF20,0.7978664
POLR3A,0.7976784
SIRT1,0.7975893
OSMR,0.7974184
HMGN1,0.7972651
ODC1,0.7969437
ZNF133,0.79689986
MDC1,0.7968072
KDM3B,0.7968055
PAXIP1,0.79679906
PDE4A,0.7967772
PPM1D,0.79672414
RPIA,0.7963696
ZIK1,0.7960808
PRKAB2,0.79601586
PMPCA,0.79584205
ZNF224,0.79549915
PREX1,0.7952397
TADA1,0.79521525
PYGO2,0.79513174
MOCOS,0.7951092
LCLAT1,0.79447
MTF2,0.7942805
TCTN1,0.79396266
SPATA13,0.7936913
PLAA,0.79315615
GPD2,0.79292756
ULK2,0.7928813
UPF3B,0.7926748
LBR,0.792399
LARP4,0.7922478
USP16,0.7921126
UFL1,0.7920843
GRB2,0.79200375
LIMS1,0.7915414
MAPRE1,0.7914793
TOLLIP,0.791438
SYF2,0.79143476
TAF9,0.79140013
RPS26,0.7913703
FBL,0.7913474
FAM13A,0.79132056
ZNF473,0.7912591
ZSCAN32,0.79117376
KIF1C,0.7910035
RAB34,0.79074043
RAB9A,0.7907321
WDR61,0.7905093
NRBP1,0.79046816
TBC1D20,0.79031974
TNFRSF10A,0.7899162
MAML1,0.7898134
VAMP1,0.789718
PEF1,0.7894798
RECQL,0.78930676
RAB11FIP4,0.7891235
IFI44L,0.7889006
HSD17B4,0.7887648
PFDN2,0.7887176
KIF21A,0.78831834
MED24,0.7882415
PGAP2,0.78801405
EIF4G1,0.7878053
MYO1C,0.78777343
NFIX,0.78761864
NDUFV2,0.7875037
ZNF564,0.787418
PLXNA2,0.78740764
LAMP1,0.7873842
GTF2I,0.787329
DAB2,0.78702796
POLR2G,0.7867495
NELFCD,0.7866787
PIGK,0.7866753
PSMD9,0.7864155
LSM2,0.78630203
MPP5,0.78625
MSL1,0.7862333
RHOB,0.7861111
NOTCH3,0.78603476
NADK,0.785767
SLC35B1,0.7857631
SLC26A6,0.7855066
PPP1R12C,0.785495
MRPL45,0.7852852
UBOX5,0.78477967
TEX264,0.78470165
MAP4K3,0.78469026
PGM3,0.7845052
NAB1,0.7843326
PREB,0.78430986
FOXK2,0.7842852
GLG1,0.7838948
POLE3,0.7838691
SEC61A2,0.78348273
VPS18,0.7832883
TRAPPC6B,0.782971
RFC5,0.7828478
LRCH1,0.78284174
ITPR2,0.7827267
PTP4A3,0.78272635
UBLCP1,0.7826913
LTBP1,0.78265023
PPP2R1B,0.78255326
POLL,0.7824855
UBE2T,0.7817775
ZNF394,0.78153753
RNASEH2B,0.78151894
PGAM5,0.7809647
SIVA1,0.780619
EXOC6B,0.78053886
PRKAG1,0.7802539
NDUFB5,0.77996415
HLA-F,0.7799117
PPIH,0.7797969
PIH1D1,0.7796859
MED28,0.77962846
ORMDL3,0.77949226
HYOU1,0.7790956
RRAGD,0.7788964
NOL9,0.77875274
RAB21,0.7787367
MGRN1,0.7783854
MCMBP,0.7779425
GPR176,0.7777888
INTS6,0.77762514
PPP1R8,0.7769888
LMAN1,0.7769604
TECPR1,0.7764257
DPYSL3,0.77640694
SUPV3L1,0.7763689
RRP12,0.77632856
NSA2,0.7762719
POLR2C,0.7762434
ZNF776,0.7761209
TJP2,0.77607036
ZNF189,0.77563584
TRUB1,0.7752785
RIOK3,0.77518994
TSNARE1,0.77502364
PIGG,0.77497655
FADS1,0.77415997
TIMM17B,0.774012
COL5A1,0.7739363
FAU,0.7735586
MFN2,0.77342504
KCTD3,0.7733793
EDIL3,0.7731088
HERC1,0.7729718
RALBP1,0.7729289
ITPR3,0.7728803
PRPF38A,0.7728646
RAB27A,0.77279985
LRRC41,0.7726118
MMS19,0.77258873
TRMT10C,0.772529
VPS33A,0.7721503
RELA,0.7718414
SPN,0.7718286
RHBDF2,0.7717565
TBP,0.77174246
PACS2,0.7714677
POLR2H,0.77130693
TWF1,0.7711833
POLR3D,0.7711335
LIMA1,0.77012986
ZNF182,0.769871
SEL1L,0.76975524
PPIL2,0.7695407
OBSL1,0.7693844
CTNNA1,0.76928675
FER,0.76925814
MLXIP,0.7691941
SLC27A5,0.76905406
OSBP,0.76896346
SDF2,0.7688656
PLCE1,0.7685673
PODXL2,0.76783603
NLGN2,0.7678002
G3BP2,0.7676977
HEG1,0.7676675
SHCBP1,0.7675107
TRAPPC4,0.767488
RTCA,0.76742053
IFI30,0.7674086
PIK3R4,0.7673641
NCLN,0.76733446
GATAD2A,0.7670011
KIF22,0.7668023
THOC6,0.7667293
PSMC1,0.7666612
NRP2,0.76642215
PAAF1,0.7663393
SH2B3,0.76632255
MAP2K5,0.766048
GTF3C1,0.76597196
PASK,0.7658925
ERGIC1,0.7651889
PLXNA3,0.7651757
PLSCR1,0.7649102
NMD3,0.764203
RAB8B,0.76399606
MADD,0.7635764
ORC3,0.7635301
STX4,0.7635254
ZNF211,0.76349753
SNIP1,0.7633194
NEDD8,0.7630461
NELFB,0.76252717
KLC1,0.76242244
TAZ,0.7622897
RGS1,0.7618958
ZNF480,0.761828
RFC4,0.7618094
PRPF39,0.7617177
PITPNM1,0.761606
FARP1,0.7615368
SPRY4,0.7614301
TSFM,0.76115406
SATB1,0.7608948
MRPL51,0.76084185
VASN,0.7607497
TIFA,0.7606929
ZNF552,0.7604506
MTMR2,0.7603523
NUP43,0.7596739
MAPK9,0.7592363
HADHA,0.759206
HINT1,0.75897914
SESN1,0.75891834
RMDN3,0.7588874
GOLIM4,0.75880176
WRAP53,0.7585819
PPCDC,0.7583476
NBR1,0.7574767
RNF2,0.75694335
MAN1A2,0.75686204
KIF18B,0.7566276
MRPL49,0.7565523
GIGYF2,0.7565461
IPO11,0.75646687
PPP1R9B,0.75636154
NFKBIA,0.75626904
RPP30,0.7560476
RABEPK,0.7558902
PSMC2,0.75577784
MTA2,0.7557408
RNF31,0.75520927
UFSP2,0.75505626
TRIM32,0.75500953
EIF2S3,0.75417644
FDPS,0.75412947
TOM1,0.754075
MRPL34,0.75401634
NEIL3,0.7539902
PQBP1,0.75361264
RRP15,0.7535403
MCCC2,0.75343937
PHF2,0.7533581
IMMT,0.7532092
ORC1,0.75304073
RBM22,0.75273746
OSTC,0.75261456
IRAK1,0.7524512
ODF2,0.7524306
PIAS4,0.75234437
TXNRD3,0.75227714
PURA,0.75212866
NCSTN,0.75203466
QRSL1,0.7519153
NCK2,0.7514091
FBN1,0.75139844
TNFRSF10D,0.75132847
RAD9A,0.7512648
DISP1,0.75113463
TCEA3,0.7511112
RCHY1,0.7511006
EIF3H,0.7508814
ZNF516,0.7508418
LYPLA2,0.75082386
PRKRA,0.75081617
FNIP1,0.7507719
PSMD5,0.7507383
SLC25A28,0.75026286
ZNF611,0.7500611
MAP2,0.7499335
MXRA8,0.74978876
SNAPC5,0.74976945
RNF8,0.74974614
ZNF780A,0.74934375
MAPKAPK5,0.7492976
PHLDA1,0.74921286
FSCN1,0.74907994
PCGF2,0.74906814
PPP1R7,0.74896175
KCNAB2,0.74867195
KIF2C,0.7486458
HERC2,0.7485586
POLR1B,0.74799335
MIS18BP1,0.74790066
KDM2B,0.74773943
ZFP14,0.7476701
SPSB3,0.747522
ELOVL5,0.7474989
DLG1,0.74720544
TMEM70,0.74719554
MIEF1,0.74686986
MID1IP1,0.74678236
JUP,0.7467684
ZNF302,0.7461057
ZNF180,0.746075
GTF2F2,0.74604124
MX1,0.7460178
CFL1,0.7460116
TM2D2,0.7458541
NAPA,0.7456855
IQCB1,0.7455599
PPP2CB,0.7455492
PPIL1,0.7454753
RPAP3,0.74481994
UTP14A,0.74470425
HTT,0.7446907
MOB1A,0.7443886
SNRNP48,0.7442816
MRPL11,0.7440807
TP53INP1,0.7440375
POLR2D,0.7438427
RRS1,0.74372923
MGLL,0.74352777
NDUFS4,0.74352247
NAA40,0.7435204
POLH,0.7432828
KXD1,0.7432637
MRPS5,0.7431933
NEMF,0.7431528
MKRN1,0.74315006
ZFP30,0.7431304
FMNL2,0.7431291
QTRT1,0.7429257
PSMB9,0.7428375
PCSK7,0.74266547
SGMS2,0.742419
MAGT1,0.74236244
PRPSAP1,0.742155
ERP29,0.7420762
EIF4H,0.7420009
HSPA1A,0.741982
KIF2A,0.7418363
SERPINE2,0.7417939
KPNA4,0.74166155
PAIP1,0.74162185
TMOD1,0.741599
SLC1A1,0.74156475
NET1,0.7415283
PLCD3,0.74139833
NAA38,0.74121606
DIAPH2,0.7411159
POLR2F,0.74103576
ITPK1,0.74087554
MIA3,0.74073493
NAA16,0.74066526
NLRP1,0.74066406
MDFIC,0.74047995
INPPL1,0.7403006
RMI1,0.7402216
PTRH2,0.7401702
SNRPG,0.74011743
RAB2B,0.7400424
UAP1L1,0.7400221
TRIM23,0.7400202
PRKCH,0.7395152
MBOAT7,0.73942816
NOP9,0.7393038
FKBP4,0.739206
MRTO4,0.7388655
NME2,0.7387117
PPP1R16B,0.7386839
ZNF813,0.7386186
DENND1A,0.7382083
SH2B2,0.7381701
TBC1D23,0.73800784
MYADM,0.737998
ZNF74,0.7378462
RGL2,0.7378037
ITGB3BP,0.7376617
UPP1,0.73748237
PGGT1B,0.7371487
MFF,0.7370493
PIGT,0.73685086
RPS27L,0.7366597
HDAC1,0.7366475
PEX5,0.73601145
POP7,0.7356954
ZNF765,0.7355526
GRSF1,0.7355073
INVS,0.73513186
HMGCR,0.7351104
SIAH2,0.7350554
HCFC1,0.73501784
RGMB,0.73500454
KAT6A,0.7349652
TGFBRAP1,0.73493373
CSDE1,0.73491096
PTPMT1,0.7345992
ZNF385A,0.73442477
TRAPPC2L,0.7342504
IQGAP3,0.7341337
MBOAT2,0.7339855
MRPS18B,0.7336654
NUBP2,0.73366433
ZNF202,0.7332175
MTMR3,0.7328557
UTP14C,0.7328089
DIDO1,0.7327936
PLCB3,0.73275363
MOV10,0.73267835
EPB41L2,0.7326265
KIFC3,0.73255825
PVR,0.73255116
ZDHHC2,0.73254436
INTS7,0.7325312
NRP1,0.73249745
CELF1,0.73223585
LRIG2,0.7321685
PPIE,0.7320161
PLXNA1,0.73195547
PLEKHA7,0.73191595
PARP4,0.7318597
PSMC6,0.7317696
PMP22,0.7317471
PTPRU,0.73173213
ZNF691,0.73153967
TDRD7,0.7313886
PSMB10,0.7313251
ZNF426,0.73127216
NCAPH2,0.7312643
INTS10,0.73106146
TSEN54,0.73009074
GLO1,0.72999287
PRDX4,0.72995704
DGKD,0.72988665
MCM3AP,0.7296487
MCM6,0.72945255
ESYT2,0.72907126
NGLY1,0.7289312
RCCD1,0.7286744
FERMT2,0.72863317
RAP2C,0.7282085
PHKA2,0.728152
NDUFAB1,0.72811824
ZNF557,0.7281088
PCK2,0.7279734
MYL6B,0.72781736
PPP3CC,0.72775775
PNP,0.7275714
NCAPH,0.7275586
INPP5B,0.7275503
PLXND1,0.72751844
NCBP1,0.72741556
LUC7L,0.7272135
LDB1,0.7269501
DYNC1H1,0.7269485
PIGS,0.72671634
NDUFV3,0.726313
PANK1,0.7262567
RBPMS2,0.7259341
IARS2,0.7258914
NAA60,0.7253432
HK2,0.7250279
PSMG2,0.72471285
NMRAL1,0.72464025
POLR2I,0.72462416
PHLPP2,0.72459984
WTIP,0.7243249
GOT2,0.724247
NSUN4,0.7240311
LPIN1,0.7238482
ENSA,0.7237806
RAVER1,0.7235511
TREX1,0.7232679
FARSB,0.72319776
PHAX,0.7226149
SLC35D1,0.722455
PKN3,0.72241217
HIPK3,0.72234434
CTBP2,0.7220547
NUF2,0.7219485
FKBP1A,0.7218609
OCRL,0.72177094
SPDYA,0.7217171
MAN1B1,0.721538
MAVS,0.7215002
HJURP,0.7212695
HS2ST1,0.7207898
GOLGA3,0.72047395
PPP1R11,0.7202256
TM7SF2,0.7198865
MAPK8IP3,0.71968806
PEMT,0.71857643
TP73,0.7185671
NIPA2,0.7183945
MRPL10,0.7183574
STAT5A,0.7181658
MAEA,0.7181374
POLG2,0.7181297
ZNF420,0.71774495
GNA12,0.7177216
GNL3,0.7171718
PELI1,0.717004
DIAPH1,0.7168115
RAB13,0.7167769
EIF1,0.71673626
ST3GAL6,0.71658075
LYPD6,0.7165271
EIF4EBP2,0.7163273
TSSC4,0.7160519
SMNDC1,0.71571374
ZNF79,0.7156973
NAA35,0.71568
WHAMM,0.71537614
RTKN,0.7152614
LRP1,0.71516263
STAM2,0.7149307
GOLGB1,0.71456975
ZNF778,0.7145053
IGFBP4,0.71437526
LPXN,0.7143724
RPS6KA4,0.7139053
KHNYN,0.71384805
HSF1,0.7138441
NR2F2,0.7135411
EIF3D,0.7135307
RAC3,0.71350634
POMP,0.7134434
DENND5B,0.71321476
LAMA3,0.7128421
RALB,0.71271926
SYNGR1,0.71255404
POMT1,0.7120661
NDUFB10,0.7117647
HNRNPH2,0.7117509
EVI5,0.7117498
TRIB3,0.71172255
PMVK,0.71132094
GLB1,0.71122044
HSPB1,0.71105486
LGALS3BP,0.7109873
KDM4A,0.7108971
STAP2,0.7101842
DDIT4,0.71015704
ITGA6,0.7100336
TMED1,0.70991033
SNX33,0.70921314
NDUFS8,0.7091969
PSMG3,0.70903325
GON4L,0.70894814
GABARAP,0.7087831
KIF23,0.7087261
LRP6,0.70870495
HOMER1,0.70848477
HSD17B12,0.70842624
MAP3K3,0.70810574
POLRMT,0.7080366
EZH2,0.7077477
LTBP4,0.7077318
MLST8,0.7077039
FBXW8,0.70769894
DOCK5,0.70758235
FOXK1,0.70745116
TRPC4,0.70734566
NCOA1,0.7072548
TBKBP1,0.70699096
KPNA3,0.70696706
POLR3B,0.70678836
UCHL3,0.7067003
MSMO1,0.70665747
MRPS2,0.706648
DDB1,0.70661086
MAF1,0.70654947
MORC2,0.7065007
QDPR,0.7063344
GBF1,0.7060198
CTIF,0.7059901
PRKD2,0.7058475
GGA2,0.70583826
ZNF273,0.7055239
MVD,0.70537037
RELT,0.70524305
MAGI2,0.70520437
TAF13,0.704834
PPCS,0.704803
DDX39B,0.704646
IPPK,0.7045762
ZNF354B,0.7042468
FUBP3,0.70400596
PPP1R13L,0.7039814
LSM14B,0.70388067
IL32,0.70385367
PPP2R3A,0.7038222
NT5C3A,0.70358455
MOB1B,0.70313
TDG,0.7031145
FAM13B,0.70308495
NT5C3B,0.70301366
VARS2,0.7029332
MMP11,0.702498
POFUT2,0.70249784
ISYNA1,0.7024224
TMEM179B,0.7023411
NOP14,0.70232785
PACSIN3,0.7023001
TRIM35,0.7022111
NDRG3,0.70201164
SNAP29,0.7018494
GORASP2,0.7018274
TOR4A,0.70172834
KPNA1,0.7017269
PLIN2,0.70149827
PHF5A,0.7014871
SDC3,0.70123994
NUAK1,0.7011002
GSR,0.70098567
ZNF57,0.70093584
PPWD1,0.7007638
ZNF253,0.7007113
MRPL30,0.7006275
LAS1L,0.7005711
PNPLA2,0.7004916
SNRNP35,0.7004066
PEX2,0.7003857
THAP7,0.70018744
WDR83,0.700162
PRPS2,0.7000459
ORC6,0.69970685
MYBL1,0.69967914
LMAN2,0.6995555
ZNF558,0.69913024
MAP3K7,0.6988063
NDUFB9,0.6987152
RAD51D,0.69870853
NUP54,0.6986955
MTMR14,0.69853157
MSRB3,0.6985061
MZF1,0.6984566
MZT2A,0.698358
SIRT2,0.6981778
TFIP11,0.6978201
MAN2B1,0.69781476
PLK4,0.6976904
XYLT1,0.697446
WBP4,0.69713
MED22,0.6970855
REC8,0.6970054
MFSD10,0.69685584
SYTL4,0.6964906
TUBG2,0.6964466
GAPVD1,0.6963842
RBM7,0.6961582
ITGB5,0.69586825
SKA1,0.69583124
NDUFB4,0.69574606
PRKD1,0.69553214
ZNF711,0.6954493
RCAN1,0.69536823
YRDC,0.69536036
EIF3B,0.6952358
PLEKHG5,0.6950368
MFSD12,0.6948901
REEP4,0.69486934
IMPA2,0.6948395
SNTA1,0.69482756
JUND,0.6946136
RCSD1,0.6945542
TMEM107,0.69434744
HOXA1,0.69416845
SLU7,0.6939388
GTF3C5,0.69385934
F11R,0.69384295
NME7,0.69380206
TP53RK,0.6937325
PRDM4,0.69345206
LIN7C,0.693446
SCCPDH,0.6933805
COL8A1,0.6932458
MAP2K6,0.69322
METTL7A,0.6931297
DHX15,0.6930579
SOCS3,0.692975
GTPBP1,0.6929573
NOP10,0.6929031
SNRNP27,0.69290257
LAMTOR4,0.69283634
NELFA,0.6925542
PRKCD,0.6924024
UBA7,0.6923138
ITFG2,0.6922575
NADSYN1,0.69224966
RPGRIP1L,0.69208646
FRS2,0.6919715
MAP3K11,0.69183195
CHCHD3,0.69172925
MRPL48,0.69150966
SMARCD3,0.6912884
RGP1,0.6911356
NTPCR,0.6909918
UPRT,0.6909169
ZNF200,0.690703
OTUD3,0.6904253
RAD50,0.6904159
PNKD,0.6904142
HDAC3,0.69031554
SRR,0.69021046
CAMK1D,0.68994915
PRR5,0.6898458
PIK3CD,0.68983305
GNAI3,0.689799
PABPC1L,0.68972045
IREB2,0.68934184
TBCC,0.6892894
NFATC4,0.68924433
E2F3,0.6890147
PPP1R15A,0.68880475
LAMC3,0.6887146
ETS2,0.6885589
KIF20B,0.68851775
RASSF2,0.6885001
PIGQ,0.6884074
NOL11,0.68840516
HMG20A,0.6883363
RNH1,0.68817616
LSR,0.6881291
TSEN34,0.6881252
LIN52,0.68788373
GNAI1,0.6878138
LATS2,0.6877866
REXO2,0.6876593
KIF14,0.6876419
PRKAG2,0.68761796
NOB1,0.6874353
TICAM1,0.68726593
PGP,0.6870567
PHF1,0.6868207
HLA-DRB5,0.6865007
TEP1,0.6863331
ZFPM2,0.6861169
RRP9,0.68601996
ZNF701,0.68580395
ZNF140,0.68574005
SORBS1,0.6857267
NPM3,0.68563056
NDUFA13,0.6855823
DHX9,0.6855199
ELOVL6,0.68549633
MRPS30,0.68543154
ZNF283,0.6851488
MFHAS1,0.6850094
ST8SIA4,0.684969
RAB6B,0.6848932
PDPN,0.68489194
MRPS9,0.6848148
ZNF593,0.6847503
MED25,0.6846936
MRPS11,0.6846803
PAM16,0.6845821
ECE1,0.6844423
PIAS3,0.68435156
NOP2,0.68428594
RIOK1,0.68426716
SETMAR,0.6840187
ZNF32,0.68388563
HBS1L,0.6838754
KMT2B,0.6837419
TRIM36,0.68340224
IL15,0.683336
NDUFA1,0.6832143
LIN54,0.6831177
GART,0.6830467
PARP14,0.6827898
SGSH,0.6827266
TMEM216,0.6826079
EPN2,0.6825276
PITX1,0.6825083
LONP2,0.6824958
LRIG1,0.6824831
ZNF772,0.6823764
ETF1,0.6821714
MAP2K7,0.68186647
PNKP,0.6818628
NDC80,0.68184346
POLR3C,0.68170565
EP400,0.68160224
MICA,0.68156147
SUOX,0.6814254
ST14,0.6813701
NAA10,0.6810612
ZNF493,0.6810467
NEO1,0.6808396
TFAP2C,0.6806042
TCN2,0.68059576
ZNF18,0.6804882
SARM1,0.6804156
LYPLA1,0.679972
PER3,0.67989695
INTS8,0.67976344
NDUFS2,0.6797122
LNPEP,0.67952716
DHCR24,0.6794109
CNOT1,0.6793986
LSG1,0.6792093
TSPAN12,0.67908245
RHOU,0.67898375
POLR1E,0.6789531
DNMBP,0.678823
PDSS1,0.678773
KATNAL1,0.6786679
RTN4IP1,0.6784937
ISG20L2,0.678463
PEX6,0.6784265
SLC9A3R2,0.6784115
REPS2,0.67832774
INTS1,0.67829466
PSMD10,0.67796344
WNT5B,0.6779029
TRIM46,0.67775446
GUK1,0.6774246
NKIRAS2,0.67742336
PLTP,0.6774075
LOXL2,0.67739457
HIPK1,0.6773745
MGAT4B,0.67722034
ZNF136,0.67713475
LPL,0.67710775
PITRM1,0.677001
RNF181,0.67675364
ZNF674,0.67672944
HLTF,0.6766583
MAPRE2,0.6758815
NPDC1,0.6758367
MOGS,0.67576116
ERGIC3,0.67547107
RING1,0.67535377
ZNF585B,0.6753266
PDK3,0.67531425
MAGED2,0.6751755
HOXB3,0.6751624
ZNF468,0.675004
RAB3IP,0.6749923
SLC1A3,0.6747838
MBTPS1,0.6746663
POP1,0.67462575
FNBP1L,0.6746148
FBXL17,0.6744611
FAM120B,0.67438704
RNF19B,0.6742963
CUL4A,0.6740406
PLRG1,0.6740018
LPIN2,0.6738384
MTMR1,0.6734712
FLOT2,0.6731679
RAB11FIP5,0.67305404
RRAGC,0.67279774
MRPS34,0.67274797
RIN3,0.67273843
PLCG2,0.6727028
MYLIP,0.67239094
COA1,0.67234325
PRPF4,0.67226946
PPM1K,0.6722264
TPRN,0.6720674
FANCL,0.6719935
GALNT7,0.67192376
MARK4,0.6718548
IDE,0.6716112
RIOK2,0.6711938
NUDT19,0.670965
DNAJB6,0.6709531
L3HYPDH,0.67081106
SSH3,0.670752
IGFBP7,0.6701863
SIRT5,0.67010987
NLE1,0.67008585
MED16,0.66997576
SLC30A1,0.6699128
MRPS35,0.6698388
GTSE1,0.669493
C11orf49,0.66940063
TIMP3,0.6693506
MANBA,0.6690601
MRPS7,0.66905063
LTBP3,0.66901785
LEMD2,0.66901016
INPP5F,0.6689228
PDRG1,0.6687493
SHB,0.66854143
TRMT5,0.6684462
SNAPC1,0.668444
TST,0.6681826
SPATA2,0.667927
ITGA11,0.66787153
MRPL28,0.6678077
FXYD6,0.66761446
PAF1,0.6675896
LIG1,0.66755277
PIK3AP1,0.6674516
MSL3,0.66736907
INPP4B,0.6673591
MTMR4,0.66730946
MPDU1,0.6672679
FBXL20,0.667216
SMAD9,0.66721123
STXBP2,0.6670812
HSPH1,0.6668019
NR4A1,0.6666851
HDAC7,0.6665243
TRIM3,0.66616684
MKNK1,0.6660526
MAP3K5,0.6660228
FGD4,0.6660154
NRCAM,0.66589147
LIG3,0.6657814
KLHL5,0.66567385
ELL2,0.6653703
NOD1,0.6653099
LAMA4,0.6651647
HSPB8,0.6650868
GTPBP4,0.66507244
NAPB,0.66468614
GLUD1,0.6646179
VCPKMT,0.664559
HLCS,0.6643207
MED4,0.6642475
ERH,0.664097
NFKB1,0.6640405
PPP1R13B,0.66380674
CMSS1,0.6634406
DNAJC5,0.6633749
ZNF573,0.66318506
STX1A,0.6631095
KIF3B,0.66306186
ULK3,0.66288435
ZNF416,0.6627362
IWS1,0.6627098
EEFSEC,0.66262203
DCAF8,0.66253245
CLASP1,0.66223586
NSUN6,0.6621902
RNF14,0.6621571
DCAF6,0.6621175
NEU3,0.6619323
OPN3,0.66159827
DYNC1LI2,0.6611903
NXF1,0.6610516
PCYT1A,0.6610482
ZNF333,0.6610115
RHPN2,0.6608806
HEATR1,0.66086024
RNASET2,0.6607002
MEGF8,0.6606377
ZNF550,0.6606017
GNL3L,0.6604777
MBD1,0.6602871
EHBP1,0.6601444
LRP10,0.6600925
KIAA2013,0.66008437
UTP23,0.66007006
MFAP3,0.6600188
MMADHC,0.65998805
PIK3R6,0.65953934
POLR3G,0.65950054
PPID,0.65919
NMT2,0.6590788
MFN1,0.6590775
HSBP1,0.6590152
TRIM21,0.6589303
KANSL2,0.6588781
DSTN,0.6588629
WDR81,0.6587616
IRS1,0.6580131
ZNF506,0.65796345
GALNT10,0.6579486
MAP2K3,0.65794384
ZNF530,0.65776074
GTF3C3,0.65759647
NCEH1,0.65718144
SMG8,0.6569218
ZNF155,0.656803
NANS,0.6567544
COPA,0.65673923
DLG5,0.6566614
MYO6,0.656445
ELF2,0.65639395
NADK2,0.65630263
TCTN2,0.6562162
MPI,0.65613
ZNF549,0.6560646
PI4K2B,0.65600103
GPR89A,0.6559611
PARP12,0.6556042
LRRC47,0.65557307
ZNF490,0.65538037
IRF3,0.65535444
ITGA3,0.6553442
KIF15,0.655257
MICAL2,0.6551776
TAF6L,0.6550477
LATS1,0.65492684
MAN1A1,0.65477985
LEPROT,0.6547426
NFYB,0.65433645
MYSM1,0.65415156
ZNF567,0.6541284
LRPAP1,0.6540972
LEMD3,0.6540939
USP43,0.65391165
PDE6D,0.6536794
HIVEP3,0.65366596
IGBP1,0.6535622
TIMM21,0.6535284
MAD2L2,0.653507
INO80D,0.6532384
PIP4K2C,0.65297997
PRMT6,0.65293956
ME2,0.6528575
KIF18A,0.6528568
NOP16,0.6528143
GNG12,0.65258694
IFT80,0.6525274
PIGC,0.6524872
RGS16,0.65246993
NUB1,0.65244985
SLX4,0.65220064
GTF3C4,0.6520472
KLHL12,0.65204525
PCBP4,0.6519408
STRIP2,0.6518784
SLC25A22,0.651852
TMEM186,0.651809
KIDINS220,0.6517921
NOL6,0.6517712
GTPBP2,0.6517388
FBLN1,0.65166485
CSNK1A1,0.65162754
RPL7,0.65147436
NUP37,0.65122116
PIK3R5,0.6510548
PFDN6,0.65104085
SYT11,0.6510018
KIF20A,0.65089816
NECAP2,0.6508224
MAD2L1,0.65076166
RIPK1,0.65072423
ITM2B,0.6506853
CKAP5,0.6506685
HGS,0.65039814
ZNF793,0.65030366
ORAI2,0.65019864
MLH3,0.65014744
NAPEPLD,0.6500746
JUNB,0.6500392
POLR2K,0.6499663
RNF144A,0.6498329
ICMT,0.6497616
POLE2,0.649461
RPL36A,0.64938825
RPP38,0.6493339
DOT1L,0.649331
ZNF14,0.6492601
DNM1,0.6492004
CSGALNACT1,0.64910626
IVD,0.64883816
COL12A1,0.6488267
SIRT3,0.6488266
TBXAS1,0.6488
SLC35A2,0.648684
SLC2A8,0.6486078
TRPV2,0.6485352
MPHOSPH6,0.648213
IQSEC1,0.6481875
NDUFS3,0.64814556
SULF1,0.64792097
GTF3C2,0.6478705
NOL7,0.64780885
RCAN3,0.6478063
NIF3L1,0.64772105
MAFG,0.6475707
DDOST,0.6474838
FLOT1,0.6474245
PECR,0.6471452
EIF5,0.6471029
LTN1,0.64709157
PI4K2A,0.6470875
MRPL19,0.6469679
ZNF234,0.64687824
MRPS31,0.6468657
LRSAM1,0.64686227
GOLM1,0.64667964
CHSY3,0.6466073
COL4A5,0.6464061
PHACTR1,0.64633167
NPC1,0.64623016
MAPK3,0.6460588
LCMT1,0.64600486
EIF3I,0.64575976
PPARA,0.64549166
PLD2,0.64524287
MZT1,0.64508533
LPCAT3,0.64489573
JDP2,0.6447815
CDK6,0.6447107
NAF1,0.64469606
SRD5A3,0.6445992
LMTK2,0.6445715
CDK5RAP2,0.6443285
SETD6,0.6441996
MANF,0.6441938
MRPL20,0.64414984
TAP2,0.64402926
RANBP6,0.64402264
GNB2,0.64398587
PHKA1,0.6439695
NDUFA8,0.6439073
KANK2,0.6438533
ZNF34,0.6437372
PIGB,0.64370245
RABL2B,0.64369935
FAF2,0.6435828
RAB20,0.6434941
NR2C1,0.64342934
SLC27A4,0.6434121
PPT2,0.6433803
TOMM40L,0.6433275
MEPCE,0.64331937
NUDT16,0.64329267
COTL1,0.64320195
EEF2K,0.64309156
POLI,0.64302903
SEZ6L2,0.6429687
TXNL4B,0.64286596
EIF2AK1,0.64280003
MRPS26,0.64279544
NDUFB1,0.6427354
MRPL38,0.6426674
SAT2,0.64254296
KIFC1,0.64253134
IMP3,0.64243096
IFNGR2,0.64223087
GNPTAB,0.6421211
NOL8,0.64205354
HLA-DMA,0.6419857
FOXP4,0.6419046
NAMPT,0.64175135
MPG,0.6417463
SPTLC3,0.6417414
TNFSF13B,0.64157367
RAB25,0.6415626
KCNMA1,0.6415518
TIMM8A,0.641471
FAM168B,0.6414125
NEU1,0.6413387
PPP1R3B,0.6412647
LPCAT4,0.64123726
NDUFA11,0.6411314
FANCI,0.64109373
RASSF5,0.6409132
ZNF543,0.64081216
GNB4,0.6405839
PLA2G12A,0.6405818
HAUS6,0.6404572
GALK2,0.6403984
MED21,0.64025265
NAE1,0.64022994
MAP3K9,0.63991827
ZNF383,0.6398436
GRHPR,0.6395185
PDCD7,0.6394678
MSX2,0.6394321
MCTS1,0.6391501
PLOD3,0.63902164
RDH10,0.6387475
PGM2L1,0.6386388
SCNM1,0.6381822
TADA2B,0.6381269
ZNF600,0.6380644
SNTB1,0.63797504
OAT,0.6378799
ZNF684,0.63785243
HIF1AN,0.6378167
GRN,0.63768333
DDX42,0.63748056
HPS1,0.6374415
PNO1,0.6370951
MED17,0.6370675
HDAC5,0.63694906
INO80E,0.63685775
PDLIM2,0.6368123
CTDSP2,0.63678914
RAD51C,0.6367494
REEP2,0.63672805
PRPF31,0.636715
RABL2A,0.63661706
MRPL17,0.6366026
OMA1,0.6364508
MRPS18A,0.6363427
MAT2B,0.6363304
GAK,0.6361627
POMK,0.6361004
NDOR1,0.63599145
HIRA,0.63597244
ZNF528,0.635969
NECAB3,0.6358687
EPC1,0.6357924
NSUN5,0.6357795
ORMDL1,0.63565516
CBX5,0.6354878
LMAN2L,0.6354257
DDX46,0.63540167
NOSIP,0.6353584
DDX10,0.6352532
NR1H2,0.63524264
NCKAP1L,0.63519126
MLX,0.6351281
IMP4,0.6350972
ZNF830,0.6350848
GALNT11,0.6350733
SEMA5A,0.63494265
CS,0.6349207
PRICKLE1,0.6345196
RAB3D,0.6341104
LTBR,0.6340031
GNL1,0.63381046
CCT3,0.63379204
FAM83D,0.63377655
PHKG2,0.63370806
PNPLA6,0.63363147
FLII,0.6334131
GSK3A,0.6332492
NFRKB,0.6331774
DAZAP1,0.6330649
LIMK1,0.63292515
NSMAF,0.6328694
CANX,0.63236105
RPL21,0.63213754
CDYL,0.632092
EFTUD2,0.632084
FBXW2,0.631996
SLC22A4,0.63189244
MRI1,0.63187015
GNL2,0.63186187
TAF9B,0.6317781
GGA1,0.631622
DNAJC13,0.6316182
DIS3L2,0.63157016
NEK2,0.6314225
TRIM39,0.6314201
USP35,0.6314159
LRRC40,0.63101566
MRPS24,0.6309507
MRPL44,0.6309478
CEP170,0.6308038
RIT1,0.6307813
CUL3,0.63068116
ZNF614,0.6306514
ZNF304,0.63062215
METTL4,0.63026476
TDRKH,0.6301675
TRIM68,0.62991226
JMY,0.6296634
NDUFAF7,0.62964123
ZNF175,0.6295073
VAMP4,0.6295026
CPSF6,0.6294917
GNAL,0.6293746
DNAJC8,0.6291489
TAF5,0.62908524
GAB2,0.6290235
GPS1,0.62898284
RCE1,0.6289014
MCRS1,0.62885803
GLMN,0.628801
KCTD1,0.6287447
PEX1,0.62869114
EXOSC2,0.6285481
METTL21A,0.6283451
NFKBIL1,0.62831706
HADH,0.6283082
CENPP,0.62830687
SERPINF1,0.6282643
DNAJC11,0.62821716
MRPL21,0.62783355
FBXL18,0.62780184
GFPT1,0.62778693
PAN2,0.6275759
CPNE1,0.6275645
MIF4GD,0.62747604
EPB41L1,0.6273606
CTBP1,0.62724894
TP53I3,0.6271377
NFYA,0.62711257
NRBF2,0.62709373
PINK1,0.62701756
ZKSCAN7,0.6268943
MRPL1,0.6265954
RINL,0.6265703
PKIA,0.6265224
PAGR1,0.6264004
PDCL,0.6262439
NELFE,0.62606233
NUDT9,0.62601197
MCCC1,0.6258751
GTF2F1,0.62584114
MFAP2,0.6258367
FLRT2,0.6257436
TLR6,0.6256408
MTF1,0.62562954
PLEKHG2,0.6255696
RABGGTA,0.62545186
MECR,0.62544626
LEPR,0.62542987
IFI16,0.6254013
DR1,0.6253015
NUBP1,0.62513983
IPO8,0.62513363
TAF1A,0.6248601
LMOD1,0.6246766
SPRTN,0.62453926
MASTL,0.6243917
MSRB2,0.62418544
DENND3,0.6241733
MBP,0.62409025
METTL14,0.62399256
TRMT6,0.62397623
DGKH,0.62392867
DOCK4,0.6238792
RABEP2,0.62343365
INPP4A,0.62324435
NFS1,0.6232022
MTMR9,0.62317955
HMMR,0.6231045
ZNF470,0.62287325
NDUFS7,0.622774
KIF3C,0.6223726
COPZ1,0.6222829
GDI1,0.62207323
ZNF774,0.6220023
OIP5,0.62198335
RPF1,0.62197906
DNM3,0.6219585
TMEM115,0.6215478
RAB38,0.62133485
RARB,0.6213227
IFT122,0.6212622
MRPL16,0.6212357
COG5,0.62120306
FUT8,0.6210408
PSME2,0.62065375
CNTLN,0.62065196
TBC1D25,0.62040436
DNAJC1,0.6203081
TMEM67,0.62004936
FZR1,0.61998034
RNF6,0.61982095
MFAP1,0.6196896
PAFAH2,0.6196039
NOC3L,0.6195715
PCOLCE,0.61949134
LRP12,0.6194218
MPP2,0.619314
ELP2,0.6192853
RIN2,0.61926347
CRABP2,0.61905825
INPP5A,0.61871654
RASGRP3,0.61862195
GGCT,0.61860436
NIP7,0.6185657
INSIG1,0.61845124
FXR2,0.61842626
UTP3,0.61833626
POU2F2,0.6182505
NDUFA6,0.6181716
MICU2,0.6181688
LAP3,0.6180253
ITSN2,0.618023
INTS4,0.6178211
KATNBL1,0.6178109
RNF135,0.6177771
TBC1D10A,0.6175945
HTATSF1,0.6174771
NHEJ1,0.6174481
ZNF641,0.6174117
NAA20,0.6173716
METTL3,0.6173514
TACO1,0.61732405
FARP2,0.61730486
MVP,0.61729974
LIN9,0.61727726
CSNK1D,0.6172074
CORO1C,0.61704516
ZNF709,0.6170004
MAN2C1,0.6169584
KLHL21,0.61689717
ISG15,0.61673933
ZNF350,0.6164273
MAPK12,0.6164014
CRK,0.61634105
GPC1,0.6162807
GTF2A1,0.6162444
KIF3A,0.6161737
HMG20B,0.61609477
MT2A,0.61602265
GID8,0.6159954
ILK,0.6158979
DDX21,0.61589503
CCT5,0.6157716
GPSM2,0.61576515
DDX24,0.6156536
OAS2,0.61563426
FBXW4,0.6153664
LINGO1,0.6153329
PIGM,0.6151691
RAB37,0.6150749
HERPUD1,0.61487776
ZNF486,0.61479634
PDK4,0.61478454
KLHL22,0.61474043
HLA-DOA,0.61462253
LAT2,0.6145726
FBXO30,0.61438936
MIS18A,0.6142912
STRADB,0.6142751
DTL,0.6140519
RAP1GAP,0.61402905
GYPC,0.61401355
SIRT6,0.613802
MTX1,0.6136729
FKBP5,0.61350405
NOMO3,0.613474
NEDD1,0.6134594
SHF,0.6132895
FASTKD2,0.61320955
MRPL9,0.61318564
RHBDF1,0.61315805
ZNF112,0.6131206
DYNC2H1,0.61308444
MRPL47,0.61289376
ZNF620,0.6128628
SURF1,0.6128483
PEX13,0.6124044
POP5,0.6122412
ZNF443,0.6121965
TPMT,0.6121141
MIEN1,0.6120047
LRR1,0.611965
TGFB1I1,0.6117299
ZNF577,0.6117067
CSE1L,0.61161697
CCNY,0.6116068
SGPP2,0.61156595
ZFP1,0.61152273
FYN,0.61145806
MSRA,0.6113751
SPSB2,0.61135787
SURF2,0.6113486
ZNF626,0.6112328
EIF3M,0.61119926
PAK6,0.61107713
OCLN,0.6109412
MICALL1,0.61086273
HPRT1,0.61076695
PAFAH1B3,0.61072844
RBBP9,0.6106535
HOXB2,0.6105283
ZNF823,0.61047953
NTM,0.6104493
CCT7,0.6104052
SEMA6B,0.6103322
FAM110B,0.6101609
ZNF585A,0.61014074
MED29,0.61006904
STK11IP,0.6098882
DAP3,0.60986376
STX10,0.6097385
PEX7,0.609515
NR1D2,0.6091733
DYNLL1,0.6090729
LLGL1,0.608926
IFT140,0.6088856
HEXA,0.6086794
MED6,0.60866827
RECK,0.6085445
MRPS15,0.6084769
LGALS9,0.60814875
SIGIRR,0.608105
EI24,0.6080468
NAGLU,0.6080033
RP2,0.607975
NSDHL,0.607968
MTHFS,0.6079281
RAB40B,0.6079225
ZNF347,0.607894
PRRT2,0.6078391
PIGW,0.6075222
NDUFA12,0.60744244
ZNF527,0.60742736
IDH3B,0.6072077
LLGL2,0.60708076
ERF,0.6070376
ZNF615,0.6069603
ZNF354A,0.60655636
GNA13,0.6065472
MAP1S,0.6065031
NAPG,0.6063781
PRICKLE3,0.6063234
EPHB2,0.6063183
PALMD,0.6062398
PICK1,0.6062253
KRT80,0.60615283
ZNF71,0.60613286
PHLDA3,0.6061071
RGS17,0.6058713
PDZD11,0.6058611
TMC8,0.6058452
NSMCE1,0.6058088
CAPRIN1,0.6057798
DSP,0.60574573
GNPTG,0.605741
NFKBIZ,0.6056363
POLE4,0.6056215
FHL2,0.605541
DCAF7,0.6053354
KLHL2,0.6052707
MAP4K1,0.6049378
METTL22,0.6048772
MRPL22,0.6047681
OAS3,0.60460865
CRTAP,0.60450304
MRPL13,0.6044026
PLS1,0.6043215
E2F7,0.6042921
ORMDL2,0.6042667
IPO4,0.6042248
CLIC1,0.60386866
MMACHC,0.60375196
POGLUT1,0.60372263
MOK,0.6036499
PLP2,0.6036357
GYS1,0.60355204
CLSTN1,0.6034969
GAB1,0.6034593
NUDT16L1,0.6034532
NR1H3,0.6033476
MPP7,0.6031829
PEX10,0.6031533
CSTF3,0.6029956
CTTN,0.602973
CYTH3,0.60296625
NSMCE4A,0.60295224
EXOC3,0.6029139
GIPC1,0.6028138
PEX3,0.6027723
ZFP82,0.6026912
CSNK1E,0.60261095
HDAC6,0.6025737
FBXO21,0.602553
TRIM6,0.6024987
ZNF555,0.6023948
RNF139,0.60232574
MPHOSPH8,0.602303
EIF3K,0.60215294
MYO5B,0.6020483
ZNF69,0.60203516
ELAVL1,0.6019278
SPI1,0.60191935
EVL,0.6017475
SEC11C,0.60167354
ZNF419,0.6015818
HOXB6,0.6014677
EHD1,0.6014071
PCDH1,0.6013486
MRPL39,0.60115767
ECHDC1,0.60094374
MRPL18,0.6009123
CENPF,0.60086554
RPP25L,0.6008134
LSM7,0.6006977
COL4A2,0.60067755
CUL1,0.6006765
LNX2,0.6003878
RGS19,0.6003624
CAPZB,0.60035336
PARP9,0.6002266
SVIP,0.60020566
SNX18,0.60012317
EPCAM,0.60009754
HPS4,0.59982955
RAB24,0.59982014
FURIN,0.59972245
NDRG2,0.5996968
FEM1B,0.59968865
LIPA,0.5996445
OSTM1,0.59959656
IQCE,0.5994078
PTPN21,0.59928435
ETFA,0.599105
NDUFA3,0.59895825
PTPRN2,0.5988781
LMF2,0.5988617
SPR,0.5988471
HEXIM1,0.5987805
EIF2S2,0.5987719
NOM1,0.5987707
PTCD1,0.59875774
FNTA,0.59873646
D2HGDH,0.5987054
DLGAP4,0.5986736
MBOAT1,0.59863794
GMEB1,0.59863365
L3MBTL1,0.59820044
SLC25A20,0.5981458
PARD6B,0.59806085
MAPRE3,0.59805673
CIT,0.5980546
IBTK,0.5979444
EYA3,0.59790784
RNF25,0.59773177
EXO1,0.59772354
SAP30,0.597717
ST8SIA1,0.5975817
CYB5B,0.5975731
POMGNT2,0.5975314
MBD4,0.59752
FBXO31,0.5974389
MTFMT,0.5974198
EPN1,0.597235
HMGXB4,0.5971228
RNF103,0.5969561
MAFK,0.5968256
INPP5D,0.5967622
FYCO1,0.59663373
ZKSCAN3,0.59657973
DNAJA1,0.5965691
ZNF19,0.5965426
RHPN1,0.59638524
ELF1,0.5963571
PDCD5,0.5962781
GK5,0.5961163
EPHB4,0.5960527
ZNF846,0.59593225
ESRP1,0.59591275
MMP15,0.59587467
CFDP1,0.59578615
GABBR1,0.5956622
PGM2,0.5955838
EXOSC7,0.5955505
MRPS22,0.5955045
NT5C,0.59546685
GIT1,0.59542257
PCYT2,0.595381
ELP6,0.5953409
EIF2AK2,0.5953112
CLIC4,0.5952797
IKBKG,0.5952462
MLYCD,0.59524477
MRPL55,0.59517473
EIF5B,0.5951171
GJC1,0.59511554
PAPSS2,0.59494203
LAMP2,0.59480447
GRWD1,0.5947865
ZKSCAN4,0.5947625
MRPS23,0.5947433
PRNP,0.5946691
MR1,0.59465224
MTO1,0.59448206
EXTL3,0.59430677
GUSB,0.5942344
IK,0.5940577
GFM1,0.59397036
KCNK5,0.5939675
OPTN,0.59393805
MAK16,0.5938973
IRF2BP2,0.5938795
GINS1,0.59351903
ZNF284,0.5932893
NFU1,0.59323883
NME3,0.59316266
RETSAT,0.5931042
EMC10,0.5930143
SGCB,0.5929972
PPM1F,0.59296936
NNMT,0.5928583
PBDC1,0.5927879
IL4I1,0.5927797
GDE1,0.59269845
EIF4E,0.59267235
TNXB,0.59245664
MYH14,0.5923556
CACNA2D1,0.5923095
MINPP1,0.59225523
ZNF184,0.5922525
KAT5,0.5922457
INTS9,0.5922377
NEDD9,0.592153
CSPP1,0.59212226
CYTH1,0.5920787
INIP,0.5920634
MRPL35,0.5920453
IRS2,0.5919691
DFFA,0.5919603
DHCR7,0.5918535
RBAK,0.5918374
DPYSL2,0.5918178
NGDN,0.59173834
GLRX5,0.5917011
NIT2,0.5916934
PPFIBP2,0.59165233
DAB2IP,0.5915417
FAM126A,0.59147483
SH2D3A,0.59134936
GADD45GIP1,0.5913348
EXOC5,0.5912362
NTAN1,0.5911294
ASPH,0.59105116
FBXL19,0.5910506
TBX19,0.59102017
PDGFD,0.59099966
EXOSC10,0.5909658
KATNB1,0.5909058
KRTCAP2,0.59082484
PKP3,0.5908195
CHD9,0.59057605
POLB,0.590521
ESPL1,0.5905124
ERLIN2,0.590512
PARD6G,0.59050333
GPSM3,0.590486
MAGOHB,0.5903414
GPT2,0.59033704
HACE1,0.5899384
NDUFA9,0.5899171
FBXL2,0.5897505
ZNF324B,0.5897185
PDK2,0.5895906
DUSP2,0.58951867
CD55,0.5895124
TLR7,0.58949214
PRKAB1,0.58940405
MIS12,0.5893907
HGSNAT,0.5893057
ZNF546,0.5892766
TPRKB,0.58927095
PTS,0.58918417
MRGBP,0.5891787
DNAJB4,0.589079
PTAFR,0.5890685
CLASP2,0.58906305
MRPL27,0.5890227
DBF4B,0.5889906
CAPZA1,0.5889605
HAT1,0.58895874
MRPL33,0.58895284
MTM1,0.58894795
MRPL2,0.5888497
MED20,0.5887529
RBMX2,0.5887365
GTF2H3,0.58872855
MTIF2,0.5885592
RIPK2,0.58841383
RFK,0.5883514
RFXAP,0.58834684
MBD6,0.58824146
MCM9,0.588233
PSMC3IP,0.5881931
PANX1,0.58807695
PIGF,0.5880088
CDC42,0.5878808
MOAP1,0.58771837
BTBD3,0.5876229
LMBR1L,0.58760685
LSM3,0.5875909
FBXO9,0.5875352
TRADD,0.58726084
EIF3G,0.5872547
MMAB,0.5872188
CNOT4,0.5871394
HADHB,0.5871188
GOT1,0.58711755
HEPH,0.58706295
BSG,0.58705896
GBA2,0.58698523
PARP2,0.5869735
MED23,0.586967
ZNF699,0.5868932
GOLGA1,0.58677006
SPON2,0.5867468
NME6,0.58669674
HECTD2,0.58664024
NDUFB6,0.58663744
ZNF439,0.5866041
OAS1,0.5864091
DYNLT1,0.5862831
GCLC,0.58626765
DSG2,0.58620346
TBC1D8B,0.5861404
ZNF135,0.5860948
MRPL54,0.5859182
TESK1,0.58580345
LMBRD1,0.5857116
PARS2,0.5856894
MPHOSPH10,0.5856848
CDC42BPA,0.585616
ENTPD4,0.5855903
FBXL5,0.5855692
NAA30,0.5855345
PREX2,0.5855053
MEAF6,0.58539784
PPP2R3C,0.58527267
GNPDA1,0.5852529
PTPRE,0.58522946
IL16,0.5851901
PLEKHG4,0.5850833
IDH3G,0.5850531
KCNG1,0.5849383
IRF8,0.58489287
EIF3J,0.58478546
SH2D2A,0.5846548
GDF11,0.58465123
PBK,0.5845543
GARNL3,0.5844813
NABP1,0.5844413
CLIP1,0.58442163
CLNS1A,0.5843952
SLC27A1,0.58435297
EXOC2,0.58429635
NID1,0.58415586
CDK14,0.5841505
PJA1,0.5840454
CBX1,0.5839925
CEP192,0.5839204
GLE1,0.5838315
ING4,0.5836245
FCF1,0.5835764
FARSA,0.58353096
DTNB,0.58337826
CALD1,0.58335555
MGST3,0.583178
EIF4EBP1,0.58317626
PANK4,0.5830783
ASAP1,0.58305013
MCM10,0.5830353
MRPS12,0.5830225
CERS6,0.5829464
GNPAT,0.5828725
HMOX2,0.5828429
NFKBIB,0.582676
PIGO,0.58266205
HNRNPLL,0.5826586
ZNF517,0.5825368
HNRNPUL2,0.58251786
DRG1,0.5824647
MTMR6,0.58234864
PCDH18,0.5823071
HBP1,0.58230287
CEP72,0.5822675
HAUS5,0.58224076
PAQR8,0.5822376
KDM6B,0.58219
PPFIA3,0.58215934
COX7A2L,0.58214295
EXOC6,0.5819594
GUF1,0.5819447
ZNF141,0.5819024
DCTN5,0.58185065
NAGK,0.5818311
LEO1,0.5817176
RNF113A,0.58168334
RRAGB,0.5816437
IDH3A,0.58163106
INSR,0.5815645
GTF2E2,0.5813371
G6PC3,0.5813241
RAB42,0.5813238
SEMA4A,0.581198
IMPDH1,0.58109796
KDM1B,0.5810829
KALRN,0.58105695
MRPS28,0.58100593
FBXO22,0.5809237
MED9,0.580845
MPC1,0.5808322
NFASC,0.58078486
DHX33,0.58069897
PNPLA7,0.5806713
FN1,0.58055156
EEA1,0.5805506
KCNQ1,0.58052963
DCUN1D2,0.5804867
CNN2,0.5804624
EXOC7,0.58045316
KIF26A,0.5804414
NINJ1,0.58037704
EMC1,0.58037174
UBE2D4,0.5803668
ZNF671,0.58034885
GNB5,0.5803233
RWDD3,0.5802774
FBXW5,0.5802561
MUS81,0.5801046
IRF7,0.58004826
JAG2,0.5800217
COL7A1,0.5799727
CDC42BPB,0.5799674
POMGNT1,0.5798895
CCDC91,0.5798536
GPR180,0.5797113
CBLB,0.5796809
CYB5R3,0.5796592
PRKAR2B,0.5796187
DNM1L,0.5795986
NR4A2,0.5795929
POLR3GL,0.5795331
CTDSPL,0.5792929
IFT81,0.5791507
MAGOH,0.57913977
LAMTOR3,0.57902014
CCT4,0.5790174
DLG3,0.5790145
PCDHB5,0.5790081
NPR1,0.5788907
TGM2,0.57886916
MON1B,0.57885486
IPO13,0.57877725
TMEM187,0.5787737
GEN1,0.5787422
CYC1,0.5787335
CHD7,0.5784256
CTTNBP2NL,0.57819223
KIFAP3,0.578139
PSEN2,0.57813644
PFKFB2,0.5781094
NFIL3,0.57806647
IFT172,0.57801604
SEMA5B,0.57787883
DHX36,0.57787216
DPH5,0.57783306
MTIF3,0.577695
ITPA,0.5776215
ICAM3,0.57754135
NMNAT2,0.57750714
KCNN4,0.57743204
PDE12,0.57741255
NEK8,0.57726175
GOLGA2,0.57722074
DLST,0.57720697
MKKS,0.57717377
KRI1,0.57705015
SCUBE2,0.57694983
FBXO7,0.57690376
PDCL3,0.5767219
EIF2A,0.57669
OSGEP,0.57656467
CWC27,0.57639825
HMGCL,0.57639253
EDC3,0.57636064
CNOT2,0.5762133
NDUFB8,0.5759001
SEPSECS,0.5758836
HPS3,0.57578367
MBIP,0.57570475
SEMA4F,0.5756535
GPN2,0.5756053
IRF2,0.5755823
PSMA2,0.5755648
MCM8,0.5755369
CPSF7,0.57531387
FAT4,0.57529753
ELAC2,0.5752912
IPMK,0.5752641
TNFSF10,0.57520634
CHD1,0.5751126
HSD17B7,0.57490766
CAP1,0.57479763
IL20RB,0.57479477
KCNMB4,0.5747714
FKBP15,0.5746321
WNT9A,0.5745248
ZNF415,0.57451504
DDX1,0.5744914
CTPS1,0.574369
SPICE1,0.5743251
KCNS3,0.5743176
FMNL3,0.57424045
EIF6,0.5742298
MAP3K10,0.5742136
CLINT1,0.5741833
KLHL20,0.5741688
L3MBTL2,0.5741403
SGK3,0.57407016
SLC39A4,0.5740426
MOSPD2,0.57402366
TMOD2,0.5740218
MALSU1,0.5739085
MRPL50,0.57386774
ERI1,0.5738675
RCAN2,0.5738617
GEMIN5,0.5738158
MCEE,0.5737712
SNAPC2,0.5737499
GNG5,0.57373273
NKIRAS1,0.57372606
MAP1LC3B,0.5737055
CSNK1G1,0.5736888
CSNK1G3,0.5736473
RAPGEF5,0.57361645
ZNF225,0.57357496
FMR1,0.57329905
G6PD,0.5732367
EIF2D,0.57287174
PAQR3,0.5728527
KIF27,0.5727689
EIF2S1,0.5727124
DENND4C,0.5725264
PCSK5,0.57251817
HSPBP1,0.5723999
PARVG,0.5723843
POLM,0.5722404
GPCPD1,0.57216555
PRPF18,0.5721166
PDE5A,0.57206845
DPF2,0.5720011
EIF2B3,0.5719942
SPRY1,0.5719678
EIF4E2,0.5719381
CLTA,0.57181877
CTNNBL1,0.5717602
CD46,0.57175833
CORO1A,0.5717316
CCNG1,0.57165915
PLCB2,0.57155406
PDP2,0.5715477
EPHA2,0.57146704
INTS2,0.57145303
GRK6,0.5714264
ZNF773,0.5714001
EHD2,0.57119316
PEX11B,0.5710326
ENO3,0.5710321
SPTBN4,0.5710267
KIF26B,0.57100517
MX2,0.5709822
DLGAP5,0.57088035
LTB4R,0.5708047
DDX23,0.57071793
PPOX,0.57070524
KIF7,0.5706591
DCUN1D4,0.5705616
FZD6,0.5705555
CTSH,0.57053167
FLAD1,0.5703577
EHD4,0.57027286
BRD9,0.57020694
IRF9,0.57015806
ASH1L,0.57013214
FANCB,0.57005423
HSPB11,0.57002115
NDUFAF3,0.569955
SELPLG,0.5698376
GATA6,0.56979513
GCA,0.5696891
GABPB1,0.5696674
PEX16,0.56941396
KRBOX4,0.5694105
GTPBP10,0.56934243
LZTS3,0.5692573
PYCARD,0.5692484
EXOSC9,0.56924295
IRF5,0.569147
HS6ST1,0.5690778
DNA2,0.5689527
FZD4,0.568947
TOR1B,0.56885445
FBXO38,0.5687259
PTN,0.5687086
EXPH5,0.5686306
MAP4K2,0.5685742
MPND,0.5685586
CCT8,0.56846875
PCSK6,0.5684577
FBXO41,0.5684305
ENO2,0.56841654
SEC31B,0.5684054
TBC1D10C,0.56831205
DCAF11,0.5682649
ENOPH1,0.5682515
EFEMP1,0.5682146
HAUS4,0.5681401
FAM3C,0.56813544
EGLN1,0.5681059
BTF3,0.5680933
KLC2,0.5680473
ZNF764,0.5679788
MIB2,0.56791407
DZIP1,0.56785804
PNPLA4,0.56781584
HEXB,0.56781155
NDUFA5,0.5678075
CXXC5,0.5677603
HACL1,0.56775486
TRIM45,0.56773615
MRPL41,0.5676188
NOMO2,0.56760645
FIG4,0.5675623
DENND6A,0.5675185
HVCN1,0.5674085
EHMT2,0.567401
PCYOX1L,0.5672743
CPEB3,0.5671574
KRIT1,0.5669804
SLIT3,0.56691605
KLHL42,0.56685704
ORAI3,0.5667684
DNAJA3,0.56672263
PAK1IP1,0.5666416
PGAP3,0.56663793
HAUS2,0.5665524
GPAA1,0.5665414
GPR161,0.56650245
APP,0.5664956
PLCD4,0.5664801
HDAC9,0.56645536
HOMER2,0.566409
ATXN10,0.56635565
CDK2AP1,0.56634164
BPTF,0.5663344
CHTOP,0.566307
FOSL2,0.5662654
HECTD3,0.56623197
ZNF467,0.5660884
DENND4A,0.56604004
GNS,0.5660221
ESRRA,0.5659891
NDUFAF5,0.5659702
LOXL1,0.5659296
FPGS,0.5658686
KLHL25,0.5658592
INTS5,0.5658557
INTU,0.5658408
FBXL4,0.5658376
DLD,0.5658133
GDAP1,0.56581193
EGLN2,0.56578994
DBI,0.5656197
ZNF836,0.565567
FTSJ3,0.5655588
SPATA2L,0.56538016
KLHL11,0.5653654
HAUS8,0.565267
DNAJC3,0.56524956
DCP2,0.56519157
DCUN1D5,0.5651783
PUS3,0.56514454
PLEKHA3,0.5650451
ATXN2,0.56502855
PORCN,0.5650153
LAMTOR5,0.5649635
PAIP2B,0.5649038
IRAK2,0.56485534
DDX54,0.5648272
OSGEPL1,0.56469923
TEFM,0.5646813
LRFN4,0.564675
DTNBP1,0.56459194
FCHO2,0.5645562
ARHGAP17,0.56454843
IL21R,0.564499
CPE,0.56446975
MAPK13,0.5643889
SMPD1,0.56437355
DNAJC10,0.5643674
DNAJC15,0.5643262
DENND4B,0.56428117
CAMK2D,0.56421864
MRPL24,0.5642049
IL1RAP,0.5641814
MCUR1,0.5640484
CTPS2,0.5640094
HPDL,0.5639882
PHF11,0.5638983
ZNF461,0.5638934
LONRF1,0.5638834
HIGD1A,0.5638648
CNOT6,0.56379986
GPC4,0.563765
KPNA5,0.56376433
DCAF16,0.56362545
ITGB1BP1,0.56356776
BICD1,0.56355405
MRPL40,0.5635424
DKC1,0.5634759
ATRX,0.5634402
HARS2,0.5634089
TNFRSF25,0.56340337
E2F5,0.5633826
DGUOK,0.5633392
CCT2,0.5632965
LGALS8,0.5632683
NAGA,0.56326413
RNF125,0.5632572
COPB1,0.56321615
CTDNEP1,0.5632154
DDHD1,0.56315887
POLR3F,0.563108
CCT6A,0.5630728
PIGV,0.56292063
CDK13,0.56286204
MAP3K8,0.5628181
ECH1,0.56276417
FOXRED1,0.56270754
COX10,0.5626833
KIF13B,0.5626359
NUFIP1,0.5625929
IFT52,0.5625774
DCAF5,0.5625303
FIS1,0.56245875
PLA2G15,0.5624013
RPGR,0.5621877
GABPB2,0.5621334
EGLN3,0.56209517
FAM98B,0.5620877
IRF1,0.5620555
HMOX1,0.56204456
CTDSP1,0.5619463
WNT2B,0.56192446
FKBP3,0.56187797
EVC,0.5618455
CNNM2,0.5617816
CHD3,0.561778
KRR1,0.5617477
IL6R,0.5616974
SYTL2,0.56165904
DOCK7,0.5615935
MRPS10,0.5615752
RAPGEF4,0.56157446
DDX31,0.5613792
BACH1,0.5613339
HTRA2,0.5613115
H6PD,0.5612901
MBTPS2,0.5612555
NLRX1,0.561153
CFLAR,0.56113595
FNDC5,0.5610848
EZH1,0.56106687
DUSP14,0.5610478
BAZ1B,0.5609344
MCAT,0.5609121
PKP1,0.56088585
CHM,0.56085926
RABIF,0.5608339
CNOT10,0.5608087
KRT10,0.5607644
EIF2AK4,0.5607172
GTF2B,0.56069386
RASGRF2,0.5606646
SYCE2,0.5606295
ZFP69B,0.5605998
DOCK10,0.5605586
FANCM,0.5605564
CLEC2D,0.56054115
ZNF2,0.56050617
ZNF790,0.56049514
DVL2,0.5604531
GAA,0.5603847
ZNF429,0.5603791
CD81,0.5603759
MYO7A,0.5603224
MYCBP,0.56029683
NUDT12,0.56027323
FAN1,0.5602437
GLCE,0.5602175
CALU,0.5601828
SLC27A2,0.56018233
MRPS14,0.56014115
RGS2,0.5600544
PYGO1,0.55998254
ALDOA,0.5599661
CYFIP1,0.5598955
GSTK1,0.55987847
LAMB2,0.55985636
NMRK1,0.55978256
CHORDC1,0.5597728
EPS8L2,0.5596557
CAND1,0.5596295
INPP5E,0.55961233
INTS12,0.5596093
P2RY11,0.5595991
GEMIN4,0.5595484
DDX55,0.5594816
MERTK,0.5594258
DVL3,0.55920714
DHTKD1,0.5591945
COPB2,0.55912465
GINS4,0.5591174
DCPS,0.55909634
PBLD,0.55907047
IL13RA1,0.55902636
FBXL3,0.5590211
DAZAP2,0.5589358
HRH1,0.5588261
FBXO5,0.55878663
SYNE3,0.55876255
IRF2BP1,0.5586053
SLC7A7,0.558543
CHN1,0.5584571
LSM10,0.5583796
DNAJA2,0.5583471
TTC26,0.5581565
RBM45,0.55814004
CDC27,0.55808806
MAD2L1BP,0.55797446
SENP8,0.55781114
B4GALT1,0.5577703
HSF2,0.55771565
BIRC6,0.5576929
CPSF1,0.5576791
RASGEF1A,0.5575009
GIT2,0.5574887
SDSL,0.5574671
CENPE,0.5574256
TTC12,0.55740935
CASK,0.55723894
GAN,0.55721056
LIG4,0.5571962
TUBA8,0.55717695
MRPL46,0.55699867
HOXB7,0.5569102
GALNS,0.55681276
CD52,0.5567044
LRRC49,0.5566935
COMMD1,0.5566181
GADD45B,0.55659336
SMPD2,0.55657935
ESYT1,0.55653113
TFAP2E,0.5564604
HCK,0.5563216
NR4A3,0.55630046
MMP17,0.556289
ATXN1,0.55624026
DIS3,0.55622125
IFI44,0.5562134
COL4A6,0.5562057
DCP1A,0.5562045
GMNN,0.55614096
NTN4,0.55593115
E2F4,0.55585927
NTN1,0.55581623
CHKA,0.5557923
DNAJC2,0.55564016
NOC4L,0.5555843
ACTB,0.5554951
ERRFI1,0.55545795
EIF2B1,0.5553614
WDR5B,0.5552377
CAPNS1,0.55520624
COX6B1,0.55506784
NHLRC3,0.555038
FYTTD1,0.5549068
GDPD5,0.5548723
ITPKC,0.5548243
CHSY1,0.5547824
RELL2,0.5547745
CSK,0.55476874
SFN,0.5547649
NAGPA,0.55459833
FERMT3,0.5545166
COX5A,0.55448246
PSENEN,0.5543571
EARS2,0.5543362
GGCX,0.5543344
MAP3K6,0.55431753
NPHP3,0.5543035
PIPOX,0.5542563
COBLL1,0.55422944
FAM98A,0.5542133
EIF2AK3,0.55416906
PER2,0.5541337
GRPEL1,0.5541139
ID2,0.5541031
MAPK11,0.5540435
PRICKLE2,0.55403674
THAP1,0.5539733
GTF2A2,0.55387276
DUSP4,0.5538435
DOK4,0.55380356
KCNC4,0.5537593
MYL5,0.5537587
FZD7,0.553754
CAB39,0.55366594
PDXP,0.5536353
CDK1,0.5536174
IDS,0.55360514
AP2B1,0.55357665
CRYZ,0.55354893
TBX2,0.5535461
CLDN4,0.55340475
GYG1,0.5533749
PSTK,0.5533697
CTSB,0.55332124
LSM11,0.55320823
HPS6,0.5531668
DPH7,0.5530715
GPSM1,0.5530099
KLHL9,0.55298716
CNDP2,0.55298275
HSD17B10,0.55294186
SNAI1,0.5528482
ATP2A2,0.5528462
CARM1,0.5525913
CDK19,0.55255103
DMXL2,0.5524966
CSNK1G2,0.55243003
CHCHD6,0.55241275
FEZ2,0.55232584
CPEB4,0.55229306
FUCA2,0.5521767
LDB2,0.5521521
DYNC1LI1,0.5520084
KLC4,0.5519859
LAMC2,0.5519684
GMIP,0.5518409
EPC2,0.5518218
DEPDC1,0.5517328
MTMR7,0.5516795
NCALD,0.55163795
CNPY3,0.55162
CRKL,0.5515179
CLIP2,0.55142397
MRM1,0.5513675
ELP5,0.55133843
MLF1,0.55132365
FBXO10,0.55119085
CUL2,0.55117756
DUSP16,0.55117327
CCAR1,0.5511692
PPP2R5B,0.5511097
CHMP4B,0.5510313
CALM1,0.551021
DAPK1,0.5509859
CENPK,0.55094826
GTF2H1,0.550948
NMI,0.550907
MLKL,0.5509032
DCTN4,0.55088943
FEZ1,0.55086946
COQ5,0.55083877
SLC35A1,0.5508104
CEP350,0.5507412
SLC25A14,0.55071473
HAUS3,0.5506896
ELOVL1,0.55068266
CYSTM1,0.5505829
DHX32,0.550572
IRF2BPL,0.55055183
INO80C,0.55055
MGAT2,0.5505409
GPX8,0.5505046
BCL2L1,0.5504652
FBXO2,0.5504135
DCAF15,0.55041236
CERS2,0.5504066
DBF4,0.5503698
CBFA2T2,0.55035204
LPAR2,0.55031174
MED26,0.5502493
NDUFAF1,0.55024225
LRP3,0.55024123
SPRY2,0.55013406
CTSZ,0.5501059
DHX8,0.550082
HPS5,0.55007493
LDLRAP1,0.5500481
EXOSC6,0.55001163
BARD1,0.5499726
EXOC1,0.54995763
FADD,0.54992974
IFNAR1,0.5499074
CPEB2,0.5499016
NEIL1,0.54980737
KHDRBS3,0.5498046
COPS6,0.5497157
COQ4,0.5496896
CAPN15,0.5496804
KPTN,0.54957473
ZNF569,0.5495592
MXD1,0.5495001
LPIN3,0.5494902
GOSR1,0.5494397
MON1A,0.5494237
CKAP4,0.5491979
CPSF2,0.5490872
CLPB,0.54903287
ZNF433,0.5489091
GCC2,0.5487428
MARS2,0.54870903
GAS8,0.54865897
DOCK2,0.5486227
ERAL1,0.5485661
SLC44A3,0.54856336
DPH6,0.54854405
NXT2,0.54846245
FBXO17,0.5484138
ZNF256,0.54838645
HYPK,0.5483858
CYBA,0.54837716
COPE,0.54837096
E4F1,0.54832727
ITGA5,0.5482459
ITGA1,0.5482067
LRP4,0.5480768
IL2RG,0.5480726
HEBP1,0.54799104
ETFB,0.54798394
IMPA1,0.54791915
LZTFL1,0.5479144
MAN2A2,0.54789025
LSAMP,0.5478693
TEK,0.5478319
DGKI,0.5478199
GAR1,0.5477347
GALK1,0.5477235
DLAT,0.5477108
HELQ,0.54762346
DDRGK1,0.547604
CDK17,0.5475667
DAAM1,0.5475248
THBS2,0.54752
BCAS3,0.5475057
KBTBD7,0.5475046
EIF4ENIF1,0.54746646
ERGIC2,0.5474408
CYCS,0.5474163
CAST,0.54734504
MED7,0.5473257
CPSF4,0.5472788
HNMT,0.54721195
FBLIM1,0.5471626
LYAR,0.5471624
PILRA,0.5471016
DERL1,0.547061
COPS7B,0.54698384
CNOT8,0.5468992
DCTN2,0.54689497
SYDE1,0.54688996
HCCS,0.54688233
COX6A1,0.54683596
DGKZ,0.5467989
JMJD6,0.5466213
ARIH2,0.5465947
DUS2,0.54657406
CDK4,0.5465375
MARVELD3,0.54647934
SERPINF2,0.54644996
DSN1,0.5464452
ARID5B,0.5464026
DIABLO,0.54639196
NDUFAF4,0.5462755
SLC30A4,0.54622185
CMPK1,0.54615057
S1PR4,0.5461396
MGAT4A,0.54612315
CHAF1A,0.5461157
CMTM4,0.5460438
NDN,0.5460437
GNE,0.546043
ITGAE,0.54603535
IFNLR1,0.546031
ZNF418,0.5460305
LPCAT2,0.5460021
TGM1,0.5459287
MIEF2,0.5459218
HAUS1,0.54591703
HAGH,0.54584396
RMDN2,0.5458193
GRPEL2,0.5457782
BCAT1,0.5456816
MAPK8IP1,0.5456626
DOCK11,0.54565096
HHAT,0.5455859
TNFSF13,0.5455663
FZD3,0.5455476
CERK,0.54552823
DUS1L,0.54551893
PMM1,0.54549384
FOXRED2,0.5454538
EIF4A3,0.545434
DBT,0.54543096
EPB41L5,0.545354
PDP1,0.54531264
IL18BP,0.54530346
CDC37,0.5452949
FNIP2,0.54529256
GEMIN6,0.5452331
ITGB4,0.54519856
ECSIT,0.5451417
ATP2B1,0.545136
CALM2,0.5451333
BAG6,0.5451292
IFNGR1,0.545122
NID2,0.54510635
GSDMD,0.54509526
CTNNBIP1,0.54506195
ARHGAP21,0.54503345
RASAL3,0.54502964
DEPDC1B,0.5450049
GPD1L,0.5449653
DENR,0.5447892
FAHD2A,0.5447126
GGH,0.54468745
FBXL14,0.5446664
KCNIP2,0.54462725
C1QBP,0.5446228
CD2AP,0.54457366
N6AMT1,0.54452133
CEP152,0.5444922
ELMO1,0.5444656
THSD1,0.544427
ATP11A,0.54435617
HSPA4L,0.54426944
SLA,0.54424256
IL17RD,0.5442149
GCDH,0.5442015
ERCC6,0.5441676
CD48,0.54413885
EXOSC1,0.5441271
MSX1,0.5440591
DLG4,0.5440459
HOXB4,0.5439727
TRPV4,0.5439362
PANX2,0.54392296
PPFIA4,0.5439069
CWF19L2,0.54363626
MST1R,0.5436156
NPL,0.54358286
ZNF221,0.5435733
SCNN1D,0.5434888
ARID4B,0.54346925
ING2,0.54345256
USHBP1,0.54341906
HOOK2,0.54339063
DCAF12,0.5433855
SHPK,0.5433774
NR2C2AP,0.543373
NAT1,0.5433074
CSGALNACT2,0.54315114
LRWD1,0.54286546
CYTH2,0.5428502
CHCHD2,0.5428247
HOXA5,0.5427957
ARPC2,0.54279405
DHDDS,0.5427653
KIF17,0.5427278
ERCC8,0.542722
FZD5,0.54270566
ESD,0.5426619
DMD,0.54253525
GGT7,0.5425161
DHX38,0.5425007
CCNF,0.54247993
DPY30,0.5424711
LSM5,0.54245764
DHX37,0.5424485
SLC22A17,0.5423406
DDX52,0.54233146
CBX3,0.5422699
IKBKE,0.5422496
RND1,0.5422215
CAPN1,0.5422114
DDX39A,0.5421806
GALE,0.542157
FAM91A1,0.54215497
COPG1,0.542141
DNAJC9,0.5421051
IL17RC,0.54210013
GTF2E1,0.5420423
CTSD,0.5420386
BMS1,0.54202443
GABPA,0.5419952
CLOCK,0.54195976
MRAS,0.5418389
RAB4B,0.5418367
EIF2B5,0.54183185
MRPL53,0.54180527
ANTXR1,0.54177237
EPAS1,0.54172486
PCGF1,0.5417221
CDKL5,0.5417217
AZIN1,0.541704
MED8,0.5416297
COPS3,0.5415889
BBS9,0.5415759
RAB32,0.5415452
HIP1R,0.5415336
CPD,0.54151314
FMNL1,0.54145896
IFIH1,0.5414449
GTPBP3,0.5414338
TRPC6,0.5414284
NR5A2,0.5414217
KAT2A,0.5413832
MCF2L,0.54133797
ZNF442,0.54132587
EMB,0.54130244
IFI35,0.5412601
GEMIN8,0.54124373
ZNF17,0.5412433
RPL26L1,0.5412383
PLK2,0.54117423
S100A9,0.5411367
CIAPIN1,0.5411134
KLHL3,0.54107964
NT5E,0.54107904
PLCD1,0.54106075
CAD,0.54106
CLDN12,0.54103434
CLCN6,0.541008
BAZ2A,0.5409699
GK,0.5409643
LAMB3,0.5409622
GID4,0.54090464
CABIN1,0.5408914
OPLAH,0.5408343
ISY1,0.54079974
DNAJC24,0.5407958
DDX11,0.5406017
CSTB,0.5405582
PRX,0.5405098
EBNA1BP2,0.5404453
ECD,0.5404451
ICAM1,0.54042524
CLK3,0.5404157
CEP57,0.5404144
GCFC2,0.5403776
DERA,0.5403648
SHC2,0.54031795
E2F2,0.5402876
ITGA2,0.5402824
CEP164,0.5402582
KRBA1,0.54025644
IFT20,0.5402482
DCTPP1,0.5402152
ACTG1,0.54015
FECH,0.54014224
CYP2S1,0.5401402
ETV3,0.54004085
BRK1,0.5400307
GSTA4,0.53993785
SCIN,0.5399192
LOXL3,0.53990626
FEM1A,0.5398931
IFNAR2,0.5398565
NAIF1,0.53983635
SEMA4G,0.5398331
CPT1A,0.53981555
DVL1,0.5398042
ARIH1,0.5397601
CDCA5,0.5397484
DRG2,0.53971636
RIN1,0.5397144
AHCY,0.53971416
HSPA14,0.5397089
FRMD6,0.5396507
ECHS1,0.539635
KLHDC2,0.53962284
CARS2,0.53960556
PEX11G,0.5395625
GEMIN7,0.5395543
IFT88,0.5395449
PTH1R,0.5395265
DGKA,0.5394693
DCTD,0.53944314
AHNAK,0.5394241
ZNF222,0.5393799
FUT4,0.5393603
MLPH,0.5393546
IFIT3,0.5393476
DENND1B,0.53933024
IFT74,0.53931737
TRPM2,0.53930974
BRD1,0.539273
DNAJB12,0.53925663
KCNN3,0.5392438
CDK5RAP3,0.5392278
CEBPZ,0.53920203
CXADR,0.53917056
EEF1E1,0.53907573
ATF7IP,0.5390588
EMC2,0.5390211
HOXA3,0.539001
NFATC1,0.5388424
NCF4,0.5388345
EME2,0.5387932
CUL5,0.5387458
CERS5,0.538716
BTBD2,0.5387119
CLSPN,0.53870636
LIF,0.5386972
BMPR2,0.5386007
GPR160,0.5385716
MTMR10,0.5385696
CPSF3,0.53854793
CENPO,0.53854185
MPP1,0.5384946
MOB2,0.53847665
RIPK3,0.538438
RNF152,0.5384285
EFNA1,0.5384187
KCNAB1,0.5384117
DAPK2,0.5384036
GPN3,0.538387
COPS8,0.53834796
CEP120,0.5383298
EIF2B4,0.53827804
CERS4,0.538259
COL4A1,0.5382523
APLP2,0.538242
EPB41L3,0.5382181
DTX4,0.53816676
ATXN7L1,0.53813815
CADM1,0.53810716
DDX19B,0.5380679
RGS4,0.53800166
ZNF354C,0.53794396
KIF5C,0.53789485
MAFF,0.53788364
BRD8,0.53787005
CD9,0.5378554
LIMS2,0.537833
EPB41L4B,0.5378101
CDK16,0.53758323
MUL1,0.537573
PLXNC1,0.5375669
ITGB2,0.53754246
RGS14,0.53751427
U2AF1L4,0.5374682
CCNA2,0.5374539
PLAT,0.53739244
HCFC2,0.53731656
COL18A1,0.5373163
PADI2,0.5372574
ARHGEF12,0.53724164
CDK8,0.5372412
DHX35,0.5372037
CDCA7,0.53720343
RASD2,0.5371921
ZNF132,0.5371918
LARP7,0.5371349
TLR3,0.53706324
DDX18,0.53704363
SCN1B,0.53704125
FBXL7,0.5369951
DAPK3,0.53687274
IFT57,0.5368554
CCDC88C,0.5368009
FMN1,0.5367963
PIGA,0.53679484
BRD2,0.53678185
PLEKHG6,0.5367635
HPSE,0.53676194
ENG,0.5367466
COL27A1,0.5365178
CYFIP2,0.536467
FAIM,0.53643715
CHD1L,0.5364301
NEIL2,0.5363924
MAN2B2,0.53637904
KCNJ14,0.5363594
FAM111A,0.53630215
CYB5A,0.53629285
RAMP3,0.53629065
MYO1F,0.5362398
BIRC5,0.5362326
RRAS,0.53621364
LFNG,0.536207
KBTBD6,0.53618145
DHX16,0.5360319
HLA-DMB,0.5359683
CIAO1,0.5359674
GSTZ1,0.53591245
DUSP7,0.5359037
FAM110A,0.5358966
DDX41,0.53587234
GALC,0.53585833
JMJD4,0.5358066
CTR9,0.5358044
ERN1,0.53579026
IER3,0.5357478
GNAO1,0.5357277
F2R,0.5356666
ARPC4,0.535634
MOCS2,0.5356189
RAB36,0.5355981
GADD45A,0.53558064
GATM,0.53554726
CHMP2B,0.53553164
CCNL2,0.5355211
DUT,0.53548753
ESF1,0.5354648
DNAJB14,0.5354628
CRTC2,0.5354591
ETHE1,0.53541076
DCAF13,0.5353787
GALNT3,0.5353445
ECI2,0.5353171
CHERP,0.53528345
NIPSNAP3A,0.5352671
MOCS3,0.53525347
NOL3,0.53519166
COG7,0.53517556
MFSD2A,0.5350635
CD99L2,0.53506005
CAPN2,0.5349896
CORO1B,0.53498757
MTRF1L,0.53488797
BFAR,0.5348839
EIF2B2,0.5348683
EDEM3,0.5348421
HOMER3,0.5348402
FBXO45,0.53482723
DCP1B,0.53479385
BUB3,0.5347925
BRWD1,0.5347811
GPN1,0.5347766
ERLEC1,0.53474593
CHID1,0.5346935
CEP55,0.5346594
GET4,0.5346531
CREBRF,0.53462523
SMOX,0.53461987
FBXL12,0.5346077
SPAG4,0.5345964
CNNM3,0.53459454
FGFRL1,0.5345939
CLPX,0.5345367
CNIH3,0.5345203
AMBRA1,0.5344985
SLC4A11,0.53449106
HMBS,0.53448415
ATXN2L,0.5344631
NOTCH4,0.5344118
EXOSC5,0.5344117
SYTL1,0.53437245
MYLK,0.53431994
KDELR3,0.53431565
CWC15,0.5343103
EMC7,0.53429735
FBXO4,0.5342771
LY86,0.53427595
CCNT1,0.53422546
CUL4B,0.53419787
CELSR1,0.53419507
CD63,0.5341487
FAM160A2,0.5341336
SERPINB8,0.5341048
CCDC93,0.53404325
RTN4R,0.53401643
PLB1,0.5340031
COPS2,0.53398645
CSTF1,0.53396356
ELMO2,0.53391254
AVL9,0.5339036
LRFN3,0.53388625
CDC20,0.53375113
FNTB,0.5337479
KCNC3,0.53373665
ENGASE,0.53371686
CLPP,0.53370583
CDS2,0.53369343
MED19,0.5336647
GCH1,0.5336609
C2CD5,0.53356767
DSC2,0.5335307
LMCD1,0.5335245
PAG1,0.533456
ENTPD5,0.5334421
DYNC1I2,0.5334064
FGF11,0.5333671
NOL12,0.5333383
RASGRP2,0.53332114
EME1,0.5333203
IRAK3,0.53330636
FAM220A,0.533299
DDA1,0.5332941
SMPDL3A,0.5332845
BUB1,0.5332588
ATN1,0.533211
IL10RA,0.5331986
NANP,0.5331938
KRT5,0.53313315
MUC3A,0.5330925
B3GALNT2,0.53305477
GPAM,0.5330545
CBX2,0.5330144
IRF6,0.53301257
CENPJ,0.5330059
DHRS3,0.5329935
EVPL,0.53297615
EXOC8,0.53297263
KDM8,0.53296757
CDC25B,0.53293234
PHKG1,0.5329063
BZW1,0.5329
DDX50,0.5328669
LILRB3,0.53278464
ITPKB,0.5327822
GIMAP8,0.53276706
CMTM6,0.53273696
AP1S3,0.5327237
GSTM4,0.5326857
IL2RB,0.5326716
DBNL,0.53266907
CDK2,0.5326512
ATG10,0.53264105
ISCA2,0.5326322
GALNT18,0.53256744
E2F6,0.5325624
EMD,0.5325588
BANF1,0.5325254
FBXO27,0.532524
GBA,0.53252375
FRS3,0.5325162
BRF1,0.5324748
FBXO8,0.53239757
IGFBP6,0.53239036
NCF2,0.5323344
POSTN,0.5323126
FGD1,0.53227514
KRT17,0.5322225
LTB,0.53218985
GPKOW,0.53210896
PIGP,0.53209245
DHODH,0.5320433
CNIH1,0.53202116
LMF1,0.53201646
PARP3,0.5319907
KCTD15,0.5319861
TNFRSF10C,0.53197443
IRAK4,0.53191346
CNOT6L,0.5318869
RGCC,0.5318591
CCZ1,0.53183806
CD58,0.53182393
DHRS11,0.5318154
HSPA1L,0.5317879
ARHGDIA,0.5317729
CDK11B,0.53174686
TTC30A,0.531733
PYGM,0.53171426
NRL,0.53169817
CAMKK2,0.53169465
CCNT2,0.5316502
FCHO1,0.53162414
CDC25C,0.5316148
PDLIM4,0.5315734
IDUA,0.53153205
WDR31,0.531505
DGKE,0.53142583
DTX3,0.53133166
FBXO32,0.5313216
RPP21,0.5313203
TM6SF1,0.53131294
CRADD,0.5313081
MOCS1,0.53126806
MVB12B,0.5312604
GSTM3,0.5312246
GSTM2,0.53120583
CHP1,0.53117913
SGIP1,0.5311788
PDE4C,0.53114885
CD53,0.5311157
EBP,0.5310892
FMO4,0.5310764
HSD11B1L,0.5310594
ANP32B,0.5310558
C2CD3,0.5310177
DUSP1,0.53101623
CASP2,0.53099364
CENPL,0.5309604
KIAA1549L,0.5309396
HERC3,0.53093654
GLRX,0.530935
ELK1,0.53091365
HDAC11,0.5308947
PTPN7,0.530867
HUS1,0.53083915
RAB33B,0.530836
GLA,0.5308326
HDAC10,0.53083205
IFT46,0.5308199
ICAM2,0.5308137
CDCA8,0.5307948
IFT27,0.5307863
PLCH2,0.5307847
CDON,0.53078413
CWF19L1,0.5307612
CHFR,0.53075707
DHRS4,0.5307545
CTSA,0.5307421
FKBP2,0.5307409
CCNB2,0.5307
ATP1B3,0.5306906
KCNIP4,0.53069043
LEF1,0.53064257
DPH2,0.53061676
ANKFY1,0.5305813
COX18,0.5305703
TXK,0.5305514
CAMK2G,0.5305478
TCEAL1,0.530519
BRWD3,0.53050435
GPR153,0.53050244
FKRP,0.53046995
KBTBD8,0.5304496
CDR2,0.53039324
EFNA4,0.5303087
KIT,0.5303024
DHPS,0.5302948
GANC,0.5302936
ATF4,0.53028286
CUL9,0.5302636
KIAA0513,0.5302527
COG4,0.5302481
FAM8A1,0.5302066
KATNA1,0.5301687
OASL,0.53011906
CCNH,0.5301124
GATC,0.5300886
BTRC,0.5300876
ARHGDIB,0.53005385
BCL2L11,0.5299728
CAP2,0.52995485
ATIC,0.5299477
BABAM1,0.5299325
DISC1,0.52992827
CCM2,0.52990437
CAPZA2,0.5298639
GNPDA2,0.5297643
GRHL1,0.5297337
TMEM17,0.5297034
GKAP1,0.5296766
SDHAF1,0.5296572
IL15RA,0.5296546
FBXO25,0.5296434
CPT2,0.52962923
CTDP1,0.5296225
DACT1,0.5296043
CYB5R4,0.52957875
NR1D1,0.5295673
ROBO3,0.52949643
CEP70,0.5294758
HSPA1B,0.5294398
GPATCH1,0.5294376
EMC4,0.52941567
BCL2,0.52940017
CHMP2A,0.5293811
GEMIN2,0.5293804
CD47,0.52936155
EPHA1,0.5293259
DCAF10,0.5293102
AP2M1,0.5292856
DDX27,0.5292702
OXTR,0.5292542
GSPT2,0.5292398
ARPC5,0.5291179
BCAR1,0.52909535
BCCIP,0.529056
BCAP31,0.52902955
CDH24,0.5290092
STAC3,0.52898383
CSAD,0.5289803
BAIAP2L1,0.52893436
DUSP6,0.52892756
ARHGAP24,0.5288983
PEX11A,0.52887475
MAP9,0.5288691
DCXR,0.52885914
CPNE3,0.52885383
HELB,0.5288384
COX20,0.52882737
IL4R,0.52880317
ING3,0.52876264
ATPAF1,0.5286801
IL17RB,0.5286548
RPP40,0.5286216
COX7B,0.52861536
GUCY1A2,0.5285973
ARHGEF3,0.528588
BTAF1,0.52857727
LIPT1,0.5285498
ASPM,0.52850425
HYLS1,0.5284336
ATG13,0.52843326
GFER,0.52842826
MGAT3,0.5283955
CDT1,0.52839357
CNNM4,0.52839136
ITGA9,0.52834857
KREMEN1,0.5283305
ATP2B4,0.5282402
CLK1,0.5281417
CMAS,0.52813923
ANXA6,0.52809525
FBF1,0.5280629
LIPE,0.5280371
CACNB1,0.5279883
CLHC1,0.52798647
CLCN7,0.5279808
C1GALT1,0.5279694
ARF1,0.52786654
DMPK,0.52785313
CHMP1B,0.5278526
GALNT12,0.52784395
BOP1,0.5278386
CKAP2,0.5278332
SLC40A1,0.5278107
S100A3,0.5277945
CABLES1,0.5277921
IKZF4,0.52777934
EPHA4,0.5277464
CDKN2AIPNL,0.52773964
ITGB7,0.5277193
SWSAP1,0.52771163
F3,0.5276955
EMC3,0.52769375
DDHD2,0.527692
GALM,0.52768004
INPP1,0.52764964
OLR1,0.5276424
IL17RA,0.5276125
LRRC8E,0.52760875
FDX1,0.527576
IL10RB,0.5275669
AHCTF1,0.5275609
CKS2,0.5275254
LAMA2,0.5275119
PAQR5,0.5275
KCNMB3,0.52748805
ERI2,0.5274848
CENPI,0.5274415
NPRL2,0.52743787
CCS,0.5274359
OXSM,0.52741915
CNOT7,0.5274091
GMPPA,0.5274017
HERC5,0.5273978
CCNL1,0.5273977
PTGIR,0.5273912
DUSP12,0.52738065
ATF2,0.52737534
HAAO,0.5273578
EAF1,0.52732956
RAI2,0.5273211
CXXC1,0.52731335
FKBPL,0.5273131
GPANK1,0.5272876
DPM1,0.5272851
HSCB,0.5272759
RILP,0.5272498
ARF3,0.52724475
DFFB,0.5271911
HELZ2,0.5271704
NDST2,0.5271552
DNAJB11,0.52715206
DPH1,0.5271412
KTI12,0.52712476
IBA57,0.52711993
RASL10A,0.527115
RNF128,0.52710825
HSPA6,0.5270942
JAM2,0.52708644
MATN3,0.52708566
ARFGEF2,0.5270748
RNASEL,0.527069
MYO15A,0.526992
ARF5,0.526984
COL5A2,0.5269669
CDCA2,0.52694553
DERL2,0.5268535
DLC1,0.526852
PSD,0.5268011
FHOD1,0.5267786
PLK3,0.52677757
DNAL1,0.52677405
JOSD2,0.5267566
SECTM1,0.5267511
NEB,0.52667934
IFIT5,0.5266713
CCNB1,0.52667075
TLR4,0.5266042
CCDC12,0.5265648
PTPN22,0.52655846
LRRC4B,0.52652645
BDP1,0.5265197
GLYCTK,0.5265055
CHST12,0.52649474
PCDHB15,0.5264745
CDC25A,0.5264735
CDCP1,0.52646935
STAT4,0.52644205
MATK,0.52637655
COPS7A,0.5263746
FIBP,0.5263657
MRPS17,0.52636313
CCNG2,0.52630246
CD300A,0.52628267
GRIN2D,0.5262646
CENPM,0.52624136
BAG4,0.5262043
CDIPT,0.5261786
LRG1,0.5261721
TMEM176A,0.5261045
RORC,0.5260824
ITGA2B,0.52605844
HOXA10,0.52598673
APOE,0.52597183
KHK,0.5259605
CDH23,0.52595484
BHLHE40,0.5259403
EXOSC8,0.5259085
CTH,0.5259025
CENPH,0.5258933
MED11,0.52588725
DGAT1,0.5258799
IPP,0.5258588
LRFN1,0.52583355
NUDT14,0.5257972
CHEK1,0.5257285
AKAP13,0.5257276
ARHGAP29,0.5257237
CITED2,0.52569085
FBXW9,0.5256514
ITGAL,0.52562314
BANP,0.5256161
ING1,0.5255937
ARF4,0.52556837
STX11,0.525537
ENTPD6,0.5254992
GINS3,0.52549255
CHMP5,0.5254832
ASXL2,0.52546036
LCMT2,0.52545285
MRPS36,0.525422
INO80B,0.52540755
KIF21B,0.525391
CDC6,0.52538913
CDC40,0.52538055
GCSH,0.52536833
DIS3L,0.525355
GBP1,0.52535474
BMF,0.52532923
DDX51,0.52526635
DPP7,0.525252
COMMD6,0.525246
CSF1,0.5252427
EDNRA,0.52523726
ANAPC7,0.52523285
CBR4,0.5252182
SLA2,0.52515507
FCGRT,0.52510035
PCDHB10,0.5250862
GPX7,0.5250455
RDH5,0.52502775
DDX56,0.5250218
CDCA3,0.5250207
RUNDC3A,0.5249998
TGFB3,0.52499354
GRK4,0.5249526
CACNB2,0.5249381
COIL,0.52491546
CHUK,0.52490634
GORAB,0.5248948
LCP2,0.52486247
PDE1B,0.524849
DDX19A,0.5248382
CDC5L,0.5248144
MMAA,0.5248098
COASY,0.5248019
PLXNB3,0.52479815
ANP32A,0.52477115
COG2,0.5247523
BICD2,0.52474755
LRP2BP,0.52471405
CEBPB,0.5247103
ARAP1,0.52469844
MST1,0.52463794
ANO6,0.5246379
PCDHB3,0.5246208
SRPX2,0.52460957
KCND1,0.52450424
FHL1,0.5244987
EOGT,0.5244943
CRMP1,0.5244587
DMWD,0.52442294
MYH3,0.5244059
SPARCL1,0.5243579
KCTD6,0.5243401
EID3,0.5243373
DCAF4,0.524319
FJX1,0.5243158
COG8,0.52430093
CENPT,0.52428627
ATAD2,0.5242366
FOSL1,0.5242158
EFNB3,0.5242135
PLD6,0.52416235
CIR1,0.52413
CDC34,0.5241279
ARHGAP35,0.524125
ACTN4,0.52410394
FDXR,0.5240991
HECA,0.52407104
FBLN5,0.52406526
NRN1,0.52405953
CMTR1,0.5240312
CSTF2,0.52402097
CPOX,0.524015
MAOA,0.52399665
DONSON,0.52399063
DNTTIP2,0.5239784
NGFR,0.52397835
EMC8,0.5239543
DNTTIP1,0.5239255
SLC18A2,0.52389115
CAMK4,0.52386856
DYRK2,0.52384627
CENPA,0.5238411
MS4A6A,0.5238374
FOXF1,0.5237857
CSTF2T,0.5237449
COG6,0.5237403
GALNT14,0.5237372
CDC42EP4,0.5237293
LCAT,0.52368
CCR7,0.5236657
AGO1,0.52361196
ARFIP2,0.52360517
ITGB6,0.52359396
NLRP3,0.5235674
BMP2K,0.52355653
AK2,0.5235405
CHST15,0.5235031
IL7,0.52350175
GRAP2,0.52349776
DENND2C,0.5234613
LHX6,0.5234405
CDC14B,0.5234228
CD2BP2,0.5234188
INPP5K,0.5234165
CHN2,0.5234138
PIP5KL1,0.5234016
HENMT1,0.52337986
MANEA,0.52336824
FRK,0.5233532
MYLK4,0.5233497
EGR2,0.523339
GBP3,0.5233332
CAPG,0.52329636
BATF,0.5232404
ERMAP,0.5231775
DNAH17,0.5231705
CACYBP,0.5231506
CD83,0.52314574
LYPD3,0.5231266
DMAP1,0.5231094
NLGN3,0.5230408
MMP28,0.52303493
CALCOCO2,0.52303344
CELSR3,0.5230003
CHMP3,0.5229763
CBX4,0.5229677
PPP1R3D,0.52291876
AGO3,0.5229143
CLCF1,0.52288115
RHOJ,0.52287877
GMPPB,0.522878
PELI3,0.5228463
ASF1B,0.52274895
PTGS1,0.5227483
CHML,0.52273107
HARBI1,0.52272177
FUNDC1,0.52267385
NDUFA4L2,0.522666
BTN3A2,0.5226448
DCLRE1C,0.5226061
MAN1C1,0.5226029
CDK7,0.52258974
BACE2,0.52256495
EBAG9,0.52253026
GAS2L1,0.52253014
ATAD5,0.5224606
DYSF,0.52245873
CTNS,0.5224576
BTBD1,0.5224527
LDHD,0.522443
VPS37D,0.52243924
CES2,0.52240676
CBFB,0.5223893
ATP6V1B2,0.5223708
DNAJA4,0.5223672
BAHD1,0.5223579
BUD13,0.52234
DEPDC5,0.5223305
CEPT1,0.52230036
FZD2,0.5222784
FRZB,0.5222753
CKAP2L,0.52224785
LYZ,0.5222332
GNA14,0.5222296
DALRD3,0.5222198
ANAPC5,0.52221847
COPS4,0.52220523
CBR1,0.5221631
GIMAP4,0.522148
MSR1,0.5221309
CD109,0.5221076
APPL1,0.52207035
LXN,0.52206206
DNASE2,0.5220237
HFE,0.52201813
DSEL,0.52199197
CEP78,0.52197814
CEP135,0.5219775
CAMLG,0.5219642
IL2RA,0.5219371
LNX1,0.52190554
BSCL2,0.5218579
CHAF1B,0.52183604
AUP1,0.5218312
ATP6V1H,0.5218056
AFF1,0.52180296
RASSF6,0.52173936
SYP,0.52173465
DPH3,0.5217022
FPGT,0.5216492
CWC22,0.521645
F12,0.5216435
F2RL1,0.52162296
ARPP19,0.52161497
HSPA13,0.521565
GTF2H4,0.521559
SEMA6C,0.5215407
ERCC6L,0.52150726
CLN8,0.521506
CCDC97,0.5214637
CEP290,0.52136844
GHDC,0.52136064
ANXA5,0.5213521
MAOB,0.52134526
E2F8,0.5213407
RNASE1,0.52133465
CREG1,0.5213307
LAT,0.5213196
CUBN,0.5212989
DERL3,0.52129674
DDX20,0.5212775
DPCD,0.5212759
NKD1,0.52126414
CAMKK1,0.52126133
LRRC6,0.52125806
GPX3,0.5212262
PTGER2,0.52120966
CEP250,0.5212046
CENPC,0.5211821
LIPG,0.52115923
MAGEH1,0.52115387
RENBP,0.52110255
DOCK6,0.52105576
FAAH,0.52103287
FUCA1,0.5210326
FABP5,0.52103204
NMB,0.5210029
APBB2,0.5209867
GLIPR1,0.52096796
HYI,0.52095824
CHCHD10,0.52094114
DSCC1,0.52092505
KIF9,0.5209188
CAT,0.5209093
LTF,0.5209074
CDR2L,0.5208708
B3GNT2,0.52086914
ETNK2,0.52082616
AP3B1,0.5208223
MAP1A,0.52081114
ETFDH,0.5207686
ARFGAP1,0.5207374
COL16A1,0.5207365
ALDH7A1,0.52072054
CRY1,0.5207063
CDKN2AIP,0.52069724
S1PR1,0.52069193
PIWIL4,0.5206822
FAM131B,0.52064025
CREB3L4,0.52063584
AHRR,0.5206208
CRLS1,0.5206104
BMP1,0.52053964
FLNC,0.52052385
COG3,0.5205137
ATP11B,0.52051294
CABYR,0.5205076
CYP2R1,0.52050585
HLX,0.5204655
OPRL1,0.5204528
GLS2,0.52045053
KCNJ15,0.52043706
COPS5,0.5204295
GPR132,0.52041227
PTPRO,0.5203803
COA6,0.5203318
LRRK2,0.5203211
DDX28,0.5202875
ENPP2,0.52024066
FGD2,0.5202281
ITGAX,0.52021885
PCDHGA6,0.52020854
LIN37,0.52020216
BIN1,0.5202006
CHCHD1,0.52019364
FST,0.5201851
ARHGEF11,0.520145
ANKLE2,0.520134
NPHP1,0.520133
COL6A2,0.5201236
ASCC1,0.5201148
LAG3,0.52011436
LILRB2,0.5201096
CYB5R2,0.52010727
CLK4,0.52003115
CUL7,0.5200151
DNAJB9,0.5200066
HCAR2,0.52000296
COQ7,0.5199825
CENPN,0.5199692
COMMD2,0.519867
EFCAB7,0.51986146
FAM114A2,0.51985854
EAPP,0.5198442
APTX,0.5198327
FUZ,0.5198237
AURKAIP1,0.5198004
TNFSF12,0.5197798
FUT1,0.5197494
HOXD3,0.51974374
KCNH2,0.5197389
BTF3L4,0.5197353
BCL2L2,0.5197143
CDC16,0.51966906
C17orf80,0.5196665
ANXA2,0.51965797
GRAP,0.51964307
ARL2,0.5195955
DOLPP1,0.5195785
HEXIM2,0.5195379
CNOT11,0.5195354
CRY2,0.5195223
SLC44A4,0.5195075
DCTN3,0.5194834
DEPTOR,0.5194439
ANP32E,0.5194391
GBP4,0.51938325
ADAR,0.51935565
CLDN7,0.51933974
ATF6,0.5192942
ASNS,0.5192904
FAH,0.5192671
CD320,0.51918745
FBXO15,0.5191697
ATP6V0C,0.51916075
ASAP2,0.5191373
B4GALT2,0.51911765
AP2A2,0.51910794
DOCK8,0.5190839
CIB1,0.51907337
COMMD5,0.5190442
CNTRL,0.5190398
COX15,0.5190263
ENPP1,0.5189998
ATG5,0.51894736
DNAAF2,0.51892984
COL9A3,0.5189278
CROT,0.5189035
DTX3L,0.5188871
LIN7B,0.518879
GBP2,0.51886845
COQ6,0.5188527
IFIT1,0.5188452
CALML4,0.51883304
HSD11B2,0.5188094
ACTR2,0.5188068
COL1A2,0.5187861
HS3ST1,0.51874846
FOS,0.5187057
P4HA3,0.51869094
BNIP3,0.51868504
COPZ2,0.51867926
CDK9,0.5186456
GMPR,0.51861376
AMMECR1,0.5185878
ATPAF2,0.5185472
JAG1,0.51852965
DBR1,0.5185168
LY96,0.51848674
IZUMO4,0.5184644
CRELD2,0.51846254
CHPF2,0.5184552
SDS,0.51844203
CHRAC1,0.5184411
ESRP2,0.518441
CREB5,0.5184281
GDPD1,0.5184075
ARMC8,0.5183997
DCAF17,0.51838607
CALCOCO1,0.51836336
CASZ1,0.51832616
ITGB3,0.5183212
ATXN3,0.5183035
HES1,0.51825756
CHTF18,0.51825464
FGD3,0.518254
GNG11,0.51825017
DBP,0.5182404
ENC1,0.51822287
DENND2A,0.51822186
ATG16L1,0.5182121
GCAT,0.5181825
CDC37L1,0.518174
RAG1,0.51814365
CMYA5,0.5181372
CLDN15,0.5181344
CBX6,0.5181264
ATG12,0.5181242
MTSS1,0.5180978
CIB2,0.5180825
AREL1,0.5180474
IL11RA,0.51804715
CTC1,0.51803964
GALNT6,0.5180103
ARL8B,0.517989
EPHB6,0.51797575
EXOSC4,0.51796246
HSD17B1,0.51795465
ITGA8,0.51795256
DIMT1,0.5179304
ITGBL1,0.51792717
GCC1,0.5178851
HAVCR2,0.51787996
CREM,0.5178669
CGNL1,0.5178399
B4GALT4,0.5178378
GNA15,0.5178258
BRPF3,0.5178074
BAIAP2,0.5178037
CDC7,0.51774377
BCKDHB,0.51767755
INHBB,0.51767385
CARD10,0.5176511
ETV7,0.5176432
EHD3,0.5176427
AP3D1,0.5176124
ANO10,0.5176086
ARSJ,0.51759744
ELMO3,0.51756316
ATP7A,0.51754254
EPHB3,0.51753646
FZD8,0.51752466
CKLF,0.517516
ATG3,0.51750505
BRAP,0.51750433
CYP2U1,0.5175025
IL1R2,0.5174739
BCS1L,0.5174676
IL18R1,0.51746726
GDF15,0.51746434
IL17RE,0.51745397
DUSP10,0.5174532
CEBPG,0.5174528
AKAP1,0.51744753
HERC6,0.5174398
CSF2RB,0.5174388
LGI4,0.5174342
ATP8A1,0.517431
GPNMB,0.5174249
CEP41,0.5173743
COX17,0.5173654
DOK1,0.5173608
ARHGEF18,0.5173513
CC2D2A,0.5173484
DGKQ,0.5173196
EHHADH,0.51730806
ANKRD28,0.51728046
APH1A,0.51721823
ARHGEF2,0.5172155
CLIP3,0.51719767
HSPA12B,0.5171955
AQR,0.51719105
CMTR2,0.51714724
CETN3,0.5171389
BOLA3,0.5171165
DDX60,0.5171007
DDX58,0.51705813
FCGR2A,0.51704025
FOSB,0.516979
COQ10B,0.5169607
AP1M1,0.51695955
ADK,0.51693493
COLQ,0.516919
KCNJ2,0.51688546
CASP7,0.51686
GGPS1,0.51681733
ATP6V0A2,0.5168115
GNGT2,0.51680386
CNTNAP1,0.51678103
HSPB2,0.51677394
FGR,0.5167652
ARPC1B,0.51676065
DHX58,0.5167454
CBY1,0.51671964
BTN2A1,0.51669455
ATG9A,0.5166865
CFL2,0.51667553
EAF2,0.5166518
CCDC106,0.5166515
DCK,0.5165486
CCNE2,0.5165206
CETN2,0.5165199
HOPX,0.5165033
PEX12,0.5164951
ATG4B,0.51649076
ARFGEF1,0.5164519
SARDH,0.51642746
BLCAP,0.51642615
CCNK,0.5164116
ITGA4,0.5163815
ALDOC,0.5163575
CYP39A1,0.51631993
PTGER4,0.5163003
RAB3IL1,0.51626533
ANLN,0.5162566
ATM,0.5162363
EGR3,0.5162298
BYSL,0.516219
COQ9,0.51621884
ATRN,0.5161921
CDS1,0.51619065
ASPSCR1,0.5161613
ATG2B,0.5161588
DOLK,0.51609766
ANXA7,0.5160783
B3GAT3,0.51607704
ASGR1,0.5160349
ARRB1,0.5160297
BCKDHA,0.5160074
HEY2,0.51600057
CARF,0.5159999
AGO4,0.5159626
EIF1B,0.51595616
DYRK1B,0.51593536
BRPF1,0.5158772
COL9A2,0.5158383
BLOC1S1,0.51581097
EPHX2,0.51578784
ATP1B1,0.5157608
AP2S1,0.5157339
ATAD3A,0.5157171
ASAH1,0.51570994
DET1,0.51570016
BRCC3,0.5156989
AHCYL1,0.51567274
DECR1,0.5156672
CCDC136,0.5156594
BRIX1,0.5156562
CTSL,0.5156418
DCLRE1B,0.5156167
CYP2D6,0.5155749
CTSK,0.5155487
CCDC68,0.5155024
FPR3,0.5154881
ARRDC3,0.51546055
EFNB1,0.51540613
MCMDC2,0.51539165
CSPG4,0.51533604
ARHGAP44,0.51531935
FZD1,0.5153006
EVI2A,0.51530033
HSD17B8,0.51528996
GSDMB,0.51527876
CBLL1,0.51525503
BLOC1S6,0.5152305
ARID3A,0.5152301
B3GALNT1,0.5152211
KCNAB3,0.51514065
CBX7,0.5151371
AGPS,0.5151179
DYNLT3,0.5150973
APOBEC3C,0.5150905
GADD45G,0.5150784
AP1G1,0.5150766
GPER1,0.515027
CPT1B,0.5150236
COX11,0.5149995
CCDC22,0.51498467
HEYL,0.5149826
ATP6AP1,0.51497924
EYA2,0.51497674
BLVRA,0.5149349
ATP8B2,0.51491666
CHMP4C,0.5148563
GPR68,0.51484627
ANKRD27,0.5148451
GNLY,0.51482457
CTSF,0.5148203
GGT1,0.51480186
BLOC1S5,0.5147683
FBP1,0.51475996
BOC,0.5147409
AGRN,0.51473653
BEND3,0.5147355
CDC23,0.5147318
CYB5R1,0.5147262
NLRC4,0.5147058
C3orf38,0.51469463
ARHGAP11A,0.5146745
ARHGAP10,0.51462114
CPT1C,0.5145903
CD40,0.5145693
DPM3,0.51456785
FLT4,0.51455414
EMC9,0.5145527
ARHGAP32,0.5145205
BPNT1,0.51450866
MPZ,0.5145049
ASL,0.51448846
GIPR,0.5144707
CLIC2,0.51446366
COA5,0.51445746
AKR1A1,0.51443994
F8,0.5144356
ANAPC16,0.5144246
ALCAM,0.5144108
ARHGEF1,0.5144044
GGT5,0.5144006
CREB3,0.5143773
ATP6V1G1,0.5143627
ATG14,0.51436204
CD200,0.51435715
CCDC86,0.5143542
MAPK7,0.51434493
GPR183,0.51425487
GCNT4,0.51422805
AKAP9,0.51421213
AK4,0.5142066
ALDH3A2,0.51420224
ATP6V1E1,0.5141989
CCDC80,0.5141964
CD180,0.5141914
GBP5,0.51417136
ASCC2,0.5141524
C2CD2,0.5141437
BNIP3L,0.51412976
BCAS2,0.5141044
HOXA7,0.51409996
FCGR3A,0.5140835
BET1,0.51408076
FGD5,0.51407933
DENND1C,0.51407593
COL11A2,0.51406074
DHRS1,0.5140223
B3GNTL1,0.5139613
ARID4A,0.5139535
AMOTL2,0.51391554
ELOVL7,0.51388615
GAB3,0.51387787
FBXL8,0.5138631
ANK3,0.51385427
ITGA7,0.5138333
CCP110,0.51382536
ARHGAP26,0.51378924
BLOC1S2,0.51378554
CORIN,0.5137784
CEP76,0.51376075
DNAH1,0.5137425
FUT2,0.5137321
APPBP2,0.5137289
DCLRE1A,0.51371026
ATRIP,0.51367384
CENPB,0.5136443
EVC2,0.5136376
FPR1,0.5136036
ALKBH5,0.51360047
CACNA1C,0.5135781
FOLR2,0.5134979
APPL2,0.51349777
ALG13,0.51346606
CES4A,0.51345146
CMTM7,0.51339453
ATG4D,0.51338965
FAM20A,0.5133834
ACACA,0.51334834
NFAM1,0.51333016
C12orf65,0.5132832
BBS7,0.5132746
AGO2,0.51323235
B4GALT7,0.5132037
C17orf49,0.5131934
BID,0.5131876
CLDN1,0.51317376
ARPC1A,0.5131657
CLUAP1,0.5131446
ANAPC4,0.5131279
FDXACB1,0.51311916
CHMP6,0.5131183
EFNA3,0.5131118
CDH6,0.5130838
CD86,0.513075
FCER1G,0.5130664
CCL4,0.5130625
CCL5,0.5130615
BCKDK,0.51302326
BIN3,0.5130154
C2orf49,0.5129742
ATG16L2,0.51294684
FBXL22,0.5128877
B9D1,0.51288325
CACNB3,0.5128803
ANKRD44,0.51286584
ARF6,0.5128605
CGRRF1,0.5128341
BLZF1,0.5128051
CENPQ,0.512797
CD69,0.5127953
CAPN10,0.5127862
COLEC12,0.51278293
AP3S2,0.51273304
CTU1,0.5127265
ASRGL1,0.51267576
APBB1,0.5126461
EVI2B,0.51263684
C9orf72,0.5126343
DUSP19,0.512587
ATG4C,0.5125501
ARFGAP2,0.5125486
BRF2,0.5125418
DCUN1D3,0.51253676
CA2,0.5125162
ARRB2,0.5124718
CHPF,0.5124515
CDH5,0.5124437
CEP97,0.512434
APLF,0.51242626
BUD31,0.512423
CASP6,0.51241297
DXO,0.51240766
ALDH3B1,0.51240623
BECN1,0.512395
EXOC3L1,0.5123677
COG1,0.5122538
DAPP1,0.5122423
AP3S1,0.5122406
F5,0.51223797
BAK1,0.5122362
CRAT,0.51220566
B4GALT3,0.5122015
CBR3,0.5121707
BTD,0.51214737
ACTN1,0.51214683
ARL3,0.5121389
ANKZF1,0.5121199
ADNP,0.51210135
AGFG1,0.51209193
CLN3,0.5120472
ASIC1,0.5120395
ATP6V0A1,0.5119934
DNAH5,0.5119357
BCAT2,0.5119284
BMP8B,0.5119086
COL24A1,0.5118533
CASP4,0.51185316
INMT,0.51185095
AXL,0.5118233
ATP6V1C1,0.51178557
C1D,0.511759
PGF,0.51174575
ATG4A,0.5116658
ARSG,0.5116623
ALG6,0.5116613
BBC3,0.511642
CTBS,0.51163924
API5,0.5116036
ATOX1,0.51160324
C5AR1,0.5115773
BMP4,0.5115757
EIF4E3,0.5115583
AKR7A2,0.5115566
CDK11A,0.5114854
KMO,0.511435
ARNTL2,0.51143044
CHST14,0.5114278
ALMS1,0.51141405
CCDC174,0.5113999
CCDC115,0.51138806
ADH5,0.511374
CFD,0.5113738
ALDH1A3,0.5113674
EPOR,0.5113403
ADPGK,0.51133287
C17orf75,0.5112874
ARFGAP3,0.51128215
ADAM12,0.51126224
BMP2,0.5112518
AUH,0.5112038
ALDH18A1,0.51116884
CNN1,0.5111548
ALG14,0.51115
CAPN7,0.51114976
ARHGEF19,0.51112115
ECM1,0.51110756
CD27,0.511089
ECE2,0.51107955
AHI1,0.5110673
ASB6,0.511067
CHMP4A,0.51101846
AHCYL2,0.5110111
ACTR3,0.51099145
PPIL6,0.51096386
ADIPOR2,0.51096135
ASS1,0.51095873
DYNC2LI1,0.510953
ARL2BP,0.51094425
AP3M1,0.510913
ARHGAP12,0.51086265
BIRC2,0.51085883
ARHGEF9,0.51085705
AGPAT1,0.5108466
BCL7B,0.51083446
AFF4,0.5108164
ARL6IP5,0.5108123
COMMD3,0.51080245
ATF6B,0.51079965
DUOX1,0.5107823
CATSPER2,0.51076233
ALG5,0.51074654
AMOTL1,0.5107449
ASB8,0.5107189
B3GNT7,0.5106784
P2RY6,0.5106743
APIP,0.5106632
DPP4,0.51064813
ATP6V1A,0.51062727
BPGM,0.5106212
ARHGAP30,0.5105975
ALAS1,0.5105936
ARCN1,0.51056993
AZI2,0.51056033
CCNDBP1,0.51051265
ALS2,0.51047325
CACNA1H,0.51047164
ATP8B4,0.5104621
DENND2D,0.51039016
AMPD2,0.5103152
ARL13B,0.51029474
APAF1,0.5102892
ASAP3,0.5102819
ADCY3,0.5102745
ARHGAP4,0.5102338
DLL1,0.5102207
B9D2,0.51021016
CAB39L,0.5102013
ARAP3,0.5101852
AKAP10,0.5101848
BBS10,0.51017064
DISP2,0.5101601
B3GNT5,0.51015306
BCL7C,0.51006645
CLEC3B,0.5100626
CHI3L1,0.51004493
ARHGAP9,0.5100415
CMPK2,0.5100406
HES4,0.51002824
AP5M1,0.51001245
COL17A1,0.51000345
ALPK1,0.5100033
GLRX2,0.5099977
BAG3,0.50999343
DHDH,0.5099896
CCDC59,0.5099381
DES,0.50989527
AP2A1,0.5098696
APBA3,0.5098455
APOBEC3G,0.5098208
ARHGEF26,0.50981617
FOXP3,0.5098003
ALDH1B1,0.50978434
AHSA1,0.50970006
ALKBH1,0.50969195
BLVRB,0.5096837
ATP6V0B,0.5096761
CHRNB1,0.50966823
BLOC1S4,0.5096583
ATP1B2,0.5096415
ARHGAP31,0.5096114
CD247,0.50959444
CCNYL1,0.5095641
COL15A1,0.5095418
BOLA1,0.509517
CCDC40,0.5094986
ATP13A2,0.50949514
AP5Z1,0.50947285
ARL8A,0.5094631
ARHGAP39,0.50946283
ATL1,0.50946
DCN,0.5094305
AIFM1,0.50942355
AP1S2,0.50942177
DCHS1,0.5094019
ATP8B1,0.5093873
ASPHD1,0.50938076
GTF2H5,0.5093732
CMC4,0.50928426
ASB1,0.5092691
DUSP8,0.5092507
ARHGEF28,0.5092423
CYTH4,0.5092185
CYSLTR1,0.5091942
CYP7B1,0.50918937
AKR1C2,0.5091862
ACADVL,0.5091852
CYP3A5,0.50917965
BBS2,0.5091777
CABLES2,0.5091568
AKR1B1,0.5091559
CYP2J2,0.50915533
CYP27A1,0.5091451
ARNTL,0.5091429
ARG2,0.5091407
ARFRP1,0.509129
APOOL,0.50910443
BTN3A1,0.5091006
ACAP2,0.50909823
AMDHD2,0.5090932
AFMID,0.50908244
AKT1S1,0.5090746
CXCL16,0.5090674
ATP6V1D,0.50906026
CXCL10,0.5090545
CXCL1,0.5090502
ARL1,0.50904906
CX3CL1,0.5090416
AGPAT5,0.50903225
ANO9,0.5090318
ACTG2,0.5090245
GFI1,0.50897753
APBA1,0.50897515
AFTPH,0.5089681
ITGAM,0.50895756
AMY2B,0.508953
AP1G2,0.5089516
ACAA2,0.50892764
IGSF6,0.50891024
ARHGEF25,0.50889766
ARAP2,0.5088779
ANGEL2,0.5088704
APH1B,0.5088414
ARHGEF37,0.5088319
CSTA,0.50880677
BAG5,0.5088032
C18orf32,0.5087796
COQ3,0.5087649
ARHGAP11B,0.50872505
ACTR8,0.50869936
ALG9,0.50867605
LIN7A,0.5086741
ARHGAP6,0.50864077
ANXA1,0.5086152
ALG8,0.508612
ACTR1A,0.5086095
BDKRB2,0.5085993
CPLX1,0.50855666
FBXO6,0.5085473
APOO,0.50854003
ADSL,0.5085397
AMOT,0.50853676
ATP1A3,0.5085216
AIFM2,0.5084283
ARL4C,0.5084245
ALG1,0.50842345
ARHGEF15,0.50833327
ADCY5,0.5083078
DMTN,0.5083035
COL6A3,0.5082986
COL5A3,0.5082863
CNGA1,0.50826395
ARHGAP18,0.508261
ADAMTSL4,0.50825113
BNIP1,0.50820893
ARNT2,0.50818896
CHKB,0.5081328
COL8A2,0.5081286
AMPD3,0.5080848
ADD3,0.5080837
C7orf26,0.50803137
COQ10A,0.5080301
ACTR3B,0.5080232
CMTM1,0.5080231
C6orf120,0.5080215
CHCHD5,0.5080132
CMKLR1,0.5080053
AJUBA,0.5080027
ATF7,0.50797045
ALKBH8,0.5079639
AIMP1,0.50791186
CLIC3,0.5078815
CLEC7A,0.5078639
ACTR6,0.50785065
CLEC2B,0.5078506
CLDN23,0.50783736
CLDN11,0.5078241
CISH,0.5077537
CHST7,0.5076921
ANAPC15,0.50767934
CHRNA10,0.50765646
CHRD,0.5076522
CIDEB,0.5076347
ARSD,0.50759465
ADI1,0.50757587
AMFR,0.5075757
AFG3L2,0.50751704
ACTL6A,0.5075094
ACTR1B,0.507502
ADAMTS7,0.5074944
ADCY1,0.5074866
ADAM22,0.5074738
ADIPOR1,0.50747335
CCR10,0.5074615
AGPAT3,0.5074366
ARL6,0.50743353
CFB,0.5074277
ADM,0.5074253
CETP,0.5074231
ANAPC1,0.50742286
AGPAT4,0.5074228
ADAM17,0.507375
ADD1,0.5073123
ACO2,0.5073037
ALG12,0.50725645
ALKBH3,0.5072331
ADAM23,0.50721335
CEL,0.5071929
ALPL,0.5071912
CD6,0.50717646
CEACAM1,0.50717425
ANO7,0.5071484
AP4S1,0.5071215
C2,0.507102
CDK5,0.5070689
DOK2,0.50706494
CDK3,0.5070602
ARHGAP25,0.5070558
ALDH9A1,0.507045
APRT,0.50704396
ARHGEF40,0.50699925
ALYREF,0.50696963
ANO1,0.5068925
ARL16,0.50689024
ARSB,0.50687206
CD96,0.5068531
ASB7,0.5068504
ARSK,0.5068467
IL12RB1,0.50684315
BFSP1,0.50681347
ACOT8,0.50680923
CD5,0.50678647
ATP6V0E2,0.5067852
ACTR10,0.5067704
CD4,0.50676155
CD38,0.5067573
CD36,0.5067531
CD34,0.50674886
CD248,0.5067191
CD2,0.5067064
CD163,0.5066937
CCT6B,0.50666404
CCR1,0.5066259
COL6A1,0.5065908
ACTA2,0.50656635
BIN2,0.5065617
ACLY,0.5065606
ADCY7,0.50648165
C1R,0.50645906
CBX8,0.5064299
CD1D,0.5064054
AP4B1,0.50640064
CASP10,0.5063285
CASP1,0.50630575
CARD9,0.5062809
CARD6,0.5062768
CAMK1,0.5061572
APOBEC3F,0.50613576
CALCRL,0.50612825
CACNA2D4,0.5060907
CACNA2D2,0.5060865
C5,0.50602937
C3,0.5060227
CD68,0.50600773
C1orf162,0.50600266
C15orf48,0.5059693
C12orf66,0.50596595
BTC,0.5058902
RSAD2,0.5056812
APBB1IP,0.5056694
GLDN,0.5056332
AIMP2,0.5056273
BLNK,0.50560623
BHLHE41,0.50554055
BGN,0.5055305
BEST1,0.5055103
ASB13,0.5054968
BDKRB1,0.50548524
F13A1,0.50536317
AQP3,0.505357
BBS5,0.5053292
ADAM10,0.50531596
BBS12,0.50531226
ADAM15,0.5053121
BATF3,0.5052609
BATF2,0.5052544
BAMBI,0.5052152
MS4A4A,0.5051739
BAG2,0.50516474
AGL,0.5051183
B3GNT8,0.5050881
B3GNT4,0.5050702
CHST1,0.50506496
B3GALT4,0.5050521
ADORA2B,0.5049755
ABCD3,0.50489974
ATP7B,0.50488067
ATP6V1E2,0.5048608
ARL14EP,0.50480086
C1GALT1C1,0.50479674
ATP2A3,0.50478095
ATP2A1,0.5047708
ADCY6,0.5047453
ATG2A,0.50465435
AAMP,0.50465363
AAK1,0.5046536
ARL4A,0.50456595
ATP6V1C2,0.5045502
ABCC1,0.5045146
CDKN3,0.5045081
HK3,0.50446194
ASB2,0.5044572
COMMD8,0.5044403
CTSO,0.5044363
ASAH2,0.50442517
ARSA,0.50438863
ADAM9,0.50436485
CTHRC1,0.50432706
CDK20,0.5043016
BMI1,0.50424963
ACYP1,0.50424063
ARHGEF6,0.5041851
ACIN1,0.5040911
ARHGAP33,0.5040485
ACVR2B,0.50403434
AK9,0.5040279
ARHGAP27,0.50402325
ANAPC2,0.5040173
CAPN5,0.50400513
ARHGAP19,0.50399804
ACOT7,0.503991
ALDH4A1,0.5039908
ARHGEF4,0.5039845
ADAMTS5,0.5039794
ACSL4,0.5039652
AIP,0.50396454
ARL4D,0.5039572
ARAF,0.5038718
AQP1,0.5038566
APOL1,0.5038111
APOC1,0.50380105
APOBR,0.50379604
APOBEC3B,0.50377595
AGTRAP,0.50377387
AP3M2,0.5037381
APBB3,0.5037302
CXCL14,0.5037043
AP5S1,0.5036874
AP5B1,0.50367665
AP4M1,0.503666
AP4E1,0.5036606
AOC3,0.50356436
ANTXR2,0.5035323
ANPEP,0.5035216
ANO2,0.5034762
ANKRA2,0.5034218
ANGPTL4,0.50339156
ANGPT2,0.50338554
ANAPC13,0.50333726
AMT,0.50331914
AMPH,0.5033131
ALS2CL,0.50323206
ALOX5,0.503206
ALKBH6,0.5031865
ALG3,0.5031347
ALG2,0.5031283
ALG11,0.503102
ALG10,0.5030953
ALDH5A1,0.50305825
ALDH1A1,0.5030257
ALDH16A1,0.50301695
ALAD,0.5030037
AKTIP,0.50299937
AKR1C1,0.50296855
AKR1B10,0.50296414
AKAP8,0.50294966
AKAP5,0.5029467
AK1,0.50291294
A1BG,0.50290537
AAAS,0.50290334
AACS,0.5029023
AADAT,0.5029012
AAR2,0.50289744
AARS2,0.5028953
AIF1,0.50289327
AASDH,0.5028916
AASDHPPT,0.50288767
AASS,0.50288427
AATF,0.5028824
ABCA1,0.5028813
ABCA2,0.50288
ABCA7,0.50287724
ABCB10,0.50287443
ABCB4,0.50287175
ABCB6,0.50286907
ABCC3,0.5028637
ABCD1,0.502861
ABCD4,0.50285643
ABCE1,0.5028553
ABCF1,0.502854
ABCF2,0.50285274
ABCF3,0.5028514
ABCG1,0.50285035
ACAT2,0.5028501
ACBD3,0.50284964
ACAT1,0.50284916
ABHD12,0.502849
AGPAT2,0.5028486
ACD,0.50284755
ACAP1,0.50284725
ABI2,0.50284684
ABI3,0.5028461
ABI3BP,0.5028454
ACADSB,0.5028454
ACE,0.50284535
ACADS,0.5028446
ACADM,0.5028443
ACAD9,0.50284404
ACAD8,0.5028438
ACACB,0.5028435
ACER2,0.5028432
ACAA1,0.5028427
ABTB1,0.5028424
ABR,0.50284183
ABLIM2,0.5028418
ABLIM3,0.5028416
ACER3,0.50284106
ACO1,0.5028333
AGMAT,0.5028305
ACOT1,0.50282735
ACOT11,0.5028246
AGK,0.5028242
ACOT13,0.50282186
AGGF1,0.50282097
ACOT2,0.50281906
ACOT4,0.5028163
AGER,0.50281376
AGAP2,0.5028101
ACOX1,0.5028097
ACOX2,0.50280744
AGA,0.50280637
ACOX3,0.5028053
ACP1,0.50280315
ACP2,0.50280094
ACP5,0.50279874
ACSF3,0.5027966
ACSL1,0.502794
ACSL5,0.5027862
ACSM3,0.50278383
ACSS1,0.5027814
ACSS2,0.50277895
ADRM1,0.502778
ADRA2A,0.50277394
ADPRM,0.5027699
ACVRL1,0.5027289
ADA,0.5027249
ADAM19,0.50271606
ADAM28,0.5027111
ADAMTS1,0.50270474
ADCY4,0.5027035
ADAMTS10,0.50270265
ADAT2,0.5027024
ADAMTS12,0.50270087
ADAMTS9,0.5027007
ADAMTS4,0.5026996
ADAMTS2,0.5026993
ADAMTS13,0.50269926
ADAMTS14,0.5026991
