Gene Name,Score
TUBB,0.9999627
TUBA1B,0.99978536
TPT1,0.99969935
PDE4D,0.9996892
RPS3,0.9996624
PDE10A,0.99963355
RPL13,0.99918705
PDE3A,0.99911565
RPLP0,0.99907887
RPL41,0.9977914
PKM,0.9975793
SMYD3,0.9971758
RPS2,0.99684215
RPL27A,0.9968352
TEAD1,0.99664694
TKT,0.9965313
RPS6,0.9963081
TMSB4X,0.99613804
XRCC5,0.99588275
RPL3,0.9950206
RPL13A,0.9940433
SRRM2,0.9929246
TXNRD1,0.9924972
RPL15,0.9904846
RPS8,0.98913854
UBE2E2,0.98878455
PDE4B,0.9883824
RPS9,0.9882984
ZMIZ1,0.98751277
TPI1,0.987278
PGAM1,0.9860016
WNK1,0.98553896
ZFR,0.98552376
RPS4X,0.98495376
RPL8,0.98360854
RPS23,0.9826225
UBC,0.98257554
SCD,0.98203
RPS29,0.981964
VMP1,0.9807356
GAPDH,0.9804167
RPS17,0.97929627
RPS19,0.9790837
UBE2H,0.9781422
TNS3,0.9773867
SREBF2,0.9772135
ZCCHC7,0.97649676
UBA52,0.97632897
WDR70,0.97580826
SERBP1,0.9757338
SMARCC1,0.97345793
SPTAN1,0.9732791
UBE2D3,0.97251296
RPL11,0.97235245
RPL37,0.9719203
PFN1,0.9718313
TPX2,0.97104037
ZNF207,0.97090447
UBA1,0.9702923
RPL6,0.96895504
UBE2K,0.9687063
SLC25A3,0.9684798
PTPRJ,0.96826226
USP34,0.9679212
RPL19,0.96791047
RPL32,0.9678578
TMBIM6,0.9674507
SLC7A5,0.9670924
TRPS1,0.96528006
PTK2,0.9650958
USP48,0.9650048
SSBP3,0.962785
UBAP2L,0.96175975
PTPN14,0.961321
TNRC6A,0.96084684
WASF2,0.96072125
RPLP2,0.9605092
VDAC1,0.9601509
UBR4,0.9600621
UST,0.9598301
WDR1,0.95945346
SEMA3C,0.9581329
SSH2,0.95793694
RPS11,0.9578642
RPS5,0.95782334
SLCO3A1,0.957521
TNPO1,0.9567276
USP9X,0.9564814
UBAC2,0.95543635
TOMM20,0.9543075
WAC,0.9538795
TRA2B,0.9531803
RAN,0.95280135
XPO6,0.9519586
RTN3,0.95116484
TULP4,0.949266
VCP,0.94925624
RPSA,0.94807935
VCL,0.94802934
ZNF131,0.9479131
RPS15,0.9477668
SAE1,0.94766366
PRKDC,0.9474966
RPTOR,0.94709426
UBE2R2,0.94703436
RPS12,0.94686353
SMG1,0.9464135
SRPK2,0.9462608
TUBA1C,0.94601345
TRAP1,0.9442742
SPTBN1,0.943977
RPS15A,0.94263154
SBF2,0.94260854
UCK2,0.9420163
SRSF11,0.94191885
SRP9,0.9416502
RPS27,0.9415849
TPM1,0.94094855
USP10,0.939017
ZNF638,0.93898624
TUBA1A,0.9387826
RPS16,0.93870586
NFIA,0.9372764
TRAPPC9,0.9363426
YEATS2,0.936077
RPS27A,0.93597776
RPL7A,0.9359111
PPP3CA,0.9358351
ZFP36L1,0.9357417
UBE2E1,0.9356871
STT3B,0.9352033
SLC2A1,0.93480384
PSAP,0.9346752
UBE4B,0.93397266
VGLL4,0.9338771
WDR33,0.9310127
HNRNPC,0.9309254
PPP6R3,0.930834
PALLD,0.93082416
RPL23A,0.93058234
SNRPB,0.930254
TOP2A,0.92991596
TBC1D5,0.9293
SIK3,0.928985
TANC1,0.92875755
YWHAB,0.9283293
RPS18,0.9275477
SGMS1,0.9274211
RBFOX2,0.92739606
MYO10,0.9268915
RTN4,0.9263752
RCC2,0.9263591
TMPO,0.92514795
TUBB4B,0.9249416
UBE2G1,0.924926
TARDBP,0.92461646
UQCRC2,0.9244459
HSPA8,0.92363864
SLC25A5,0.923528
TBL1X,0.92352426
ZFAND6,0.92297786
SPIDR,0.92231184
SLC39A1,0.92191267
PTMS,0.9216621
TRIP12,0.92116636
UTRN,0.9194327
SH3RF1,0.9192364
PDE7B,0.9188253
TRERF1,0.9185362
SLC7A11,0.9181681
NAP1L1,0.91806763
U2AF2,0.91747653
TBC1D4,0.91698277
UGP2,0.915743
PUM1,0.9156092
WDR6,0.915063
UQCRH,0.91444707
ROBO1,0.9142834
SSBP2,0.9137919
TBCD,0.9134489
RPL10A,0.9133466
SEC11A,0.9130584
ZNF544,0.91303194
SRSF4,0.9128694
NCL,0.9127819
USP32,0.9117161
SYNCRIP,0.91160625
TFDP1,0.9114249
RPL28,0.9110155
PLEC,0.9105286
RBM39,0.91045475
SERPINH1,0.9102869
SPATA5,0.9095568
STRN3,0.9091452
UBE2Z,0.90907276
VAPB,0.9086455
PDE1A,0.90846354
TRAF2,0.908375
SPIN1,0.9076046
STIP1,0.9074045
ZNF462,0.906822
SUPT3H,0.90672773
VAT1,0.9066899
USP25,0.9065719
YTHDF2,0.9064593
TRAF4,0.9063754
RNF220,0.90589917
TMOD3,0.9058261
PTBP1,0.9052408
EEF2,0.9048845
WDR82,0.90462303
VPS53,0.9046061
PARD3,0.90386605
XPO5,0.9035024
SRSF10,0.9034559
RPL26,0.90293634
SF3B3,0.90282875
STK24,0.9028092
SRPK1,0.9019192
SCMH1,0.90186685
SURF4,0.9011721
UQCC1,0.9004093
SPTSSA,0.90013814
TNRC6B,0.9000794
XPOT,0.90000343
WLS,0.8993881
VASP,0.8989014
RPL29,0.89875376
VAPA,0.8979463
UVRAG,0.8976592
UBE2G2,0.89723796
YBX3,0.89668554
SH3PXD2A,0.89665365
VDAC2,0.89594895
RDX,0.89588916
SNX5,0.8951304
USP24,0.89500797
FTL,0.8937545
SNRNP200,0.8934975
NIPSNAP1,0.8930387
POLA1,0.89300036
RICTOR,0.8929939
TAOK1,0.89223814
VPS51,0.892129
PIP5K1A,0.8921227
TRPC4AP,0.8914085
SF1,0.8912224
TRAK1,0.8908746
SETD2,0.8908589
RSRC1,0.8906271
ST3GAL3,0.89059806
TGFBI,0.88949466
XPO7,0.8894399
UBXN7,0.88931495
SMAD6,0.8890317
TCERG1,0.88881797
RPL35A,0.8886898
MDK,0.8886062
EEF1G,0.88811195
TRMT11,0.8879535
SYNGR2,0.8872986
SUPT16H,0.8868118
RPS6KA2,0.8865053
SRGN,0.8861821
TPST1,0.8854477
WBP11,0.8848153
RALY,0.8847216
SUMF1,0.88432455
RHOBTB3,0.8835106
WSB1,0.88336515
TRRAP,0.8827015
PAICS,0.88236314
RBBP4,0.88208205
YWHAH,0.88168705
U2SURP,0.8814175
SMG6,0.8813451
TNPO3,0.88126177
USP47,0.88097495
SSU72,0.8805024
RPN2,0.8804074
ZMYND8,0.88033533
XPO4,0.8801264
STK39,0.8797312
UIMC1,0.8796682
WDR43,0.879554
SNRNP70,0.8795521
TLN2,0.87952256
TMED10,0.8789815
XRN2,0.8785774
ROCK2,0.87837523
TAF1D,0.8781365
UQCRC1,0.87803036
RPL27,0.8779817
SCARB1,0.8778475
STAU1,0.8778024
THOC2,0.8773821
RPS20,0.8773318
SLC2A3,0.87580884
TRIM44,0.87528783
RPL38,0.87512237
TYW1,0.87492156
SH3D19,0.87484145
YME1L1,0.8745311
ZNF721,0.8736886
SKP1,0.87367564
NONO,0.87347716
NR3C1,0.87300587
RBMX,0.8728163
UBQLN1,0.8725385
RPL12,0.8724188
WDFY3,0.8720136
UBA2,0.8718523
WDR26,0.8712713
UBE3A,0.8709887
SHISA5,0.87044597
SMC4,0.87004745
VRK1,0.869671
UBE2I,0.869217
SEC31A,0.86919886
TRIM37,0.8690955
RAD23B,0.86890656
XPR1,0.8687788
VKORC1L1,0.86865836
TNFAIP8,0.8685394
PSPC1,0.868229
STAT1,0.8676205
YKT6,0.866631
PKP4,0.8654852
RASAL2,0.86543804
PRDX1,0.8653154
SLC25A13,0.8652648
PUM2,0.8647484
TLE3,0.86380905
TSEN2,0.86348176
TXNIP,0.8634327
RPL34,0.86308163
UBAP1,0.86259454
RAP1B,0.8624193
TRPM7,0.86227393
SRSF5,0.86223423
SRGAP1,0.8617554
TIA1,0.8617252
ST6GAL1,0.86139894
SLC1A5,0.86109436
SH3PXD2B,0.86102
TUFM,0.8604259
TMED9,0.860196
SRCAP,0.85975146
USO1,0.85944253
WIPF2,0.8591949
RBM4,0.85879946
PTPRF,0.85874796
SRSF9,0.8582344
STRAP,0.8581126
TIAM2,0.8579411
UHRF2,0.8576597
SUPT6H,0.85764724
TUBB2A,0.85723186
ZRANB3,0.85552865
UBE2E3,0.85538346
WDR59,0.85509986
PHF20,0.85505706
SMG7,0.85413957
RXRA,0.85345507
TTLL12,0.853128
RPRD2,0.8525353
ZNF451,0.85240674
PDE3B,0.85225093
TRAF3,0.852153
STK3,0.8521457
TRAPPC12,0.8520647
ZC3HAV1,0.85135925
UGGT1,0.85124
SLMAP,0.85095894
ZNF680,0.85072726
STX16,0.850359
SERP1,0.8500938
SLC16A3,0.85004425
WDTC1,0.84971017
PRPF8,0.84969115
TNKS,0.84933585
USP15,0.8491559
USP3,0.8489379
TLN1,0.8489267
SIN3A,0.8488207
USF2,0.8485381
SNRPD2,0.84823835
TJP1,0.8476077
POM121,0.8467001
UQCRB,0.84610057
ZNF496,0.8456655
RPS3A,0.8456591
THY1,0.8456432
RAI1,0.8454492
RAPGEF1,0.8452468
RCOR1,0.8451522
SRRM1,0.8451341
TRA2A,0.8450337
RCC1,0.84485567
SRSF7,0.8445946
SH3KBP1,0.8440247
SLC44A2,0.84376067
TMED2,0.8435196
RPL24,0.8435106
NIPBL,0.8430943
PTGES3,0.84290296
TMEM30A,0.8426656
TRIT1,0.8426268
USP14,0.8425332
ZNF714,0.8423827
SUN1,0.8423647
RAB31,0.8420598
MBNL1,0.8419554
SHMT2,0.8418149
RABGAP1,0.8416636
TOB2,0.84158635
SSR3,0.8413953
SDCCAG8,0.84119993
UBE2L6,0.84108293
TXLNA,0.84052056
UBE2O,0.84050465
ST3GAL2,0.84045
SEPHS1,0.8402489
TUBGCP3,0.8399897
XBP1,0.83989435
TTYH3,0.8387873
SENP6,0.8387832
RRM1,0.8385014
TIPIN,0.83846515
RPL31,0.83802426
TP53BP1,0.83797294
STC2,0.8377846
TOR1AIP2,0.8377446
ZFYVE9,0.8374763
TMED3,0.83742267
PSMB7,0.837384
URM1,0.8371715
TXN2,0.8370176
MATR3,0.83699304
ZBTB7B,0.8367697
S100A11,0.8367297
STARD13,0.8367292
RNPS1,0.83657444
SYMPK,0.83649534
ST13,0.8364458
SLC7A6,0.8363986
OBSCN,0.8362715
TNIK,0.8360241
VAC14,0.8359014
ST3GAL1,0.8358293
RAPGEF6,0.83576274
MYL6,0.8353775
PTBP2,0.8351311
TNPO2,0.8351036
SNX3,0.8346443
TNFRSF10B,0.834485
WDR5,0.8343942
SMG5,0.8337375
UBXN4,0.83339864
RNF216,0.83322537
RPRD1A,0.8328002
USP7,0.831783
OAZ1,0.8313886
TES,0.83113325
RPA1,0.83104044
TPGS2,0.83098966
UBE2V2,0.8302079
RNGTT,0.83009416
KANSL1,0.8295171
GALNT2,0.828299
UBXN1,0.8281486
SCARA3,0.8277713
ZC3H13,0.82768196
WWC1,0.827515
ZNRF2,0.82724047
SCFD2,0.8270967
PRDX6,0.8269276
ZNF124,0.8265383
TUBB6,0.82652694
STRN4,0.8264386
RAB10,0.82640654
WASF1,0.82640165
SUPT5H,0.8260875
YTHDC1,0.8258867
PHC1,0.82565635
ZNF587,0.8252854
UBN1,0.8242234
SIL1,0.8241964
SEC61A1,0.8240152
NR6A1,0.8236805
UBA6,0.82319206
ZMAT2,0.82319194
SESN3,0.823055
OXCT1,0.8229442
TAF4,0.8227984
UNC13B,0.8226988
SSR1,0.82253224
HNRNPU,0.8225168
ZFC3H1,0.8223661
TOP2B,0.82235175
STON2,0.82206714
WWP1,0.82176596
TSPAN14,0.8211143
TOMM7,0.821041
HNRNPH1,0.8209078
WDR41,0.82089263
UNK,0.82088184
THOP1,0.82082576
SEC24C,0.820745
UQCRFS1,0.820224
SF3A3,0.82018703
TTF2,0.82017094
WDFY2,0.81994486
SNCA,0.81990355
SHC1,0.819635
PDLIM1,0.81927425
SRGAP2,0.81874865
MRPS27,0.81854093
ZMIZ2,0.8184472
TTI1,0.8183973
UBFD1,0.8183394
TACC1,0.8183128
TECR,0.8178704
TTL,0.8178109
HSPD1,0.81774944
STK4,0.81769603
PDE8A,0.81768614
ZNF586,0.8175657
WEE1,0.8174471
SF3A1,0.8170674
TIAL1,0.8165711
SP1,0.81628007
TTBK2,0.81579036
SSH1,0.81563956
SRRT,0.8154475
PDS5A,0.81540555
TFDP2,0.81497455
PPP6R2,0.814934
PIP4K2A,0.8147223
SUMO3,0.8144719
VAMP8,0.8143556
ZNF664,0.8143491
VPS25,0.8139642
RAD18,0.8139421
RFX3,0.8136176
RPS13,0.81311846
TPCN1,0.81269234
NHS,0.812629
TEAD4,0.8123634
SNX13,0.8122933
USP39,0.8122514
RYK,0.8121295
SLC9A3R1,0.81208944
WASL,0.8117894
NASP,0.81176394
ZFYVE16,0.8114841
ZNF90,0.81100065
RAB1B,0.8109557
WIPI2,0.8107887
SREK1,0.81055343
UCP2,0.8105085
TACC3,0.810498
RSL24D1,0.8104324
REV3L,0.810321
VPS39,0.80991524
SEC14L1,0.8098333
SNRPD3,0.80962604
SDC2,0.80953366
POGZ,0.8093597
SOS1,0.80881286
RAB3GAP2,0.8087582
RIF1,0.8087411
PAWR,0.8086188
SRP72,0.8083203
SAP18,0.80809736
UCHL5,0.80771077
TMEM258,0.80765295
SARNP,0.80759156
SYNE2,0.8074708
SKAP2,0.80736953
ZDHHC17,0.80665356
USP11,0.8063978
TAX1BP1,0.8063099
SP3,0.8062097
ZNF592,0.80613077
TAF3,0.8061225
SPG11,0.8060262
USP12,0.8057823
FTH1,0.8053782
WWP2,0.80527794
ZNF195,0.80523455
ZYX,0.8049134
ST3GAL4,0.8045609
UCKL1,0.8044384
TICRR,0.8043638
PPIB,0.8042048
WDHD1,0.80419314
UBR1,0.80416
WBP1,0.80411774
YTHDF1,0.8040311
TBC1D14,0.80397135
ZKSCAN1,0.80330664
STK25,0.8031994
UPF3A,0.8031831
PGD,0.80310005
SMPD4,0.8024318
TMEM50A,0.8022426
STIM1,0.80221146
VPS41,0.80218667
THAP4,0.80192125
RAB5B,0.8017858
SEC16A,0.80160326
MIF,0.80142295
NUFIP2,0.80136293
RANGAP1,0.80110097
ZNF83,0.8010545
UBE2W,0.8008711
WDR77,0.8005076
ZNF254,0.80047125
SMARCA5,0.80037117
TET2,0.80024695
SNX8,0.79976994
SKA2,0.7994755
GSE1,0.7994312
YIPF4,0.7993288
WBP2,0.79909617
SF3B2,0.7990761
RPS7,0.79900634
SMCHD1,0.79896
KRT7,0.79882246
PSMB2,0.7986044
MAT2A,0.7985544
TNKS2,0.79842794
SPAG5,0.7983581
USP28,0.7981096
MACF1,0.7978856
PC,0.7978451
PSMD1,0.79778594
SPPL3,0.7971777
RPRD1B,0.7969011
USP5,0.79658335
TDP1,0.79646736
RSL1D1,0.79645044
SYNJ2,0.796445
ZBTB8OS,0.7960873
WDR4,0.7960794
HDAC4,0.79606885
TNKS1BP1,0.7959097
SH3GLB2,0.7956013
PHF21A,0.79537123
UTP6,0.79515254
TRIM56,0.7950876
SETX,0.7950865
S100PBP,0.7948795
ZNF519,0.794604
NEK6,0.79432184
RASSF8,0.79410565
PHB2,0.7939513
ZNF326,0.793818
STT3A,0.79354846
ZMAT3,0.7935239
STOM,0.79345125
SH3BP4,0.7932604
TRAFD1,0.79323345
ZNF589,0.79306585
SFSWAP,0.79306495
HUWE1,0.79261404
PPFIA1,0.7923803
SZT2,0.792361
SHOC2,0.79234815
TYK2,0.79200643
TLE4,0.79197705
ZNF431,0.7917766
STOML2,0.7916735
WDR11,0.79122907
SPIRE1,0.79106534
ZKSCAN8,0.7908489
TUBA4A,0.79069537
POLR2A,0.7904477
RFX7,0.7902924
TGOLN2,0.7901581
SNTB2,0.78964055
PPP2R5C,0.7896153
HDLBP,0.7894824
MPRIP,0.788775
TAF7,0.7887136
SRD5A1,0.7883073
ZNF678,0.7882744
ROR1,0.7882716
PABPN1,0.78808415
TRIP13,0.7879791
PLEKHA2,0.7879215
PDLIM5,0.7879073
NUP210,0.787888
VPS8,0.78762716
ZNF445,0.7876108
TXNDC12,0.7874952
NUMA1,0.7872701
UBTF,0.787046
NUP155,0.7866455
TEAD2,0.7863701
SLC4A2,0.7860191
SCLT1,0.78594506
RUVBL1,0.7859185
PRKAA1,0.7857122
USP6NL,0.78561676
STAG3,0.78554374
PSMD11,0.785022
ZC3H15,0.7848528
TIMP2,0.78458685
TTC7B,0.7841515
KPNB1,0.78410566
VTI1B,0.7838403
SUPT4H1,0.7832139
OLA1,0.7830134
PXN,0.7828758
TTC37,0.7826355
RBM5,0.78258955
YAF2,0.7821285
SRP14,0.78212273
TBC1D16,0.78209174
PRDX5,0.7820848
SMARCAD1,0.78155935
STX5,0.78125584
WRNIP1,0.7811773
NCAPD2,0.7804267
ZWINT,0.7803696
PRMT1,0.779809
PARVB,0.77975005
PFKP,0.77968085
VPS36,0.7796491
UBQLN4,0.77959055
SEC24D,0.77958107
UNG,0.77937394
STX6,0.7793706
MYCBP2,0.779289
KHDRBS1,0.7790817
POU2F1,0.7782714
USP33,0.7782465
UPF1,0.7782287
PPP1CC,0.7781263
SLC25A24,0.77805465
UBE2J2,0.7780367
SNRPA,0.77750206
SOD1,0.7772201
SMAP1,0.7771894
NRIP1,0.77711195
VCAN,0.7770673
TAP1,0.7762862
NUP160,0.7758829
SAFB,0.77556825
MKNK2,0.7754896
TRIP10,0.77526563
PAPOLA,0.77516913
SSR4,0.7751498
SQLE,0.775046
OGDH,0.7749986
NPLOC4,0.77494377
TUBGCP2,0.7748262
ILF3,0.77480775
PAFAH1B1,0.7747527
TOP3A,0.774552
ZDHHC7,0.7743914
TSR1,0.77403647
PPP2R5E,0.77377874
UBE2S,0.77374405
NAP1L4,0.7737252
XRCC2,0.77361447
TCF7L1,0.77337426
UBE2M,0.77331036
UHMK1,0.7730856
SMS,0.77307934
MBD5,0.77303386
PRPF40A,0.7729531
TXLNG,0.77271557
RPS21,0.7726896
SPSB1,0.7726856
PKN2,0.7726076
RACGAP1,0.77243125
WDR75,0.7719506
PHC3,0.77185065
ZMYND11,0.7717627
SSBP1,0.77155
SMC5,0.7714858
ZNF76,0.7712149
SUMF2,0.7710183
OGT,0.7707855
PLCB4,0.7705845
TRAM1,0.7704151
SNRNP40,0.7699422
SMURF2,0.76981616
SPOP,0.7697229
STK35,0.7697188
TXNL1,0.76971763
WDR37,0.76917833
RPL18A,0.7691697
ZNF219,0.7689455
PPP4R2,0.76887685
XRN1,0.76845425
UNC119B,0.76834244
RAB6A,0.7680202
LAPTM5,0.76793635
ZNF282,0.7678886
PARD3B,0.76781
SMARCA2,0.7677745
UBE2J1,0.7674798
PKD1,0.76745427
OAZ2,0.7673853
TRAF5,0.76693255
PCBD2,0.7669059
SPTBN2,0.7668977
VTA1,0.7668313
SLAMF1,0.7666841
PLAGL1,0.76666266
RAB1A,0.7666388
STK38,0.7665137
SEC13,0.76651007
PSMD3,0.7664201
SORT1,0.76632017
ZFYVE26,0.7659028
WDR62,0.7658599
VPS35,0.7658306
JMJD1C,0.7658257
ZFYVE27,0.7657431
PSMD4,0.76568776
SLC39A7,0.76564384
SNW1,0.7656303
TSPAN33,0.7654815
ZNF770,0.76528007
QPRT,0.7651195
TRAPPC8,0.7650091
PDXK,0.7645595
NUP205,0.76448816
SPTLC1,0.764363
HLA-B,0.76426697
TRIM25,0.7640044
HNRNPD,0.763917
MAP1B,0.7637882
MRFAP1,0.7637323
ZER1,0.7637169
PNISR,0.76342285
STX18,0.7633277
ZNF692,0.7628891
USP49,0.76275384
PSME3,0.7626721
MKLN1,0.76257336
RABGEF1,0.76251674
IPO5,0.76151884
ZNF266,0.76149714
UNC45A,0.7614492
ZNF621,0.7613365
TOMM34,0.76128954
MTHFD1L,0.7611971
TEX10,0.76108754
TUBB3,0.76088715
VPS37A,0.76064175
RRP1B,0.7605551
ZP3,0.7604426
RTCB,0.7603841
TRAPPC10,0.7600425
PTPN12,0.75975174
SPDL1,0.7596951
ZRANB1,0.7596347
MAPKAP1,0.75940543
TSG101,0.75863117
RIMKLB,0.75861347
PPP1R12A,0.758551
SEC63,0.75833344
SUGT1,0.75812936
TMEM97,0.7581018
SLC25A12,0.7580472
ZNF107,0.7578515
USP42,0.7576909
SERGEF,0.7576534
UBE2Q1,0.7575884
ZNF687,0.7574337
PMEPA1,0.7573471
SCNN1A,0.75731164
SLC11A2,0.75680643
PRKCSH,0.7565343
PSMA1,0.75650126
UQCR11,0.7561129
UBXN6,0.7559829
TGIF2,0.7559273
ZNF33A,0.75579894
TUBG1,0.7557859
RAC2,0.75576967
TADA3,0.7557448
TIMM23,0.75530005
ZNF622,0.7552741
HNRNPK,0.75519264
ZNF562,0.7551783
SEMA3A,0.754892
WARS2,0.7548336
ZNF26,0.7547049
PABPC4,0.7545604
TTC27,0.75445986
ITGB1,0.7544316
ZNF318,0.75426966
SCAI,0.75422424
RRP7A,0.75418633
STK40,0.7540324
PSMB5,0.75366616
PNN,0.7536394
PDE8B,0.7534157
PLD1,0.7531955
TERF1,0.752977
ZDHHC21,0.7528987
TAF6,0.75278956
TRIM22,0.7527552
NOLC1,0.7518415
UROS,0.7518386
NLK,0.7517739
SCAP,0.75131124
PNRC2,0.7510379
ZNHIT3,0.75103605
PIK3R3,0.75101995
PRDX2,0.7507628
THADA,0.7503912
PDXDC1,0.75029606
PACSIN2,0.75018394
SCP2,0.7501495
PRC1,0.7497342
UTP18,0.7496161
STEAP3,0.7495752
PSME4,0.7495659
SRP68,0.749561
PPP2CA,0.74951106
SYNRG,0.74949163
MAD1L1,0.749448
RBM28,0.7494296
STX8,0.7493242
UBAC1,0.74921
PRPSAP2,0.7491459
TSC22D3,0.749052
UQCC2,0.74898714
PEX14,0.7487471
SLC25A17,0.74870247
PBX3,0.74831265
MFGE8,0.7482418
ZNF398,0.748126
HNRNPF,0.74807614
RSU1,0.7480407
TIMM13,0.7475511
RUVBL2,0.7473749
RNF111,0.7473228
SNX17,0.74727833
UXS1,0.74724245
TRIOBP,0.7472116
UBE3B,0.7471691
SPAG16,0.74676996
SLC44A1,0.7462486
PTPRM,0.74620897
SLC25A26,0.74613756
TAOK2,0.7460817
RANBP3,0.7460486
PPP2R2A,0.7458072
MGST1,0.7454725
RBBP7,0.74541116
SNRPC,0.7453609
SMC3,0.74513364
ZWILCH,0.74482197
OPA1,0.74482083
SPG21,0.7448024
LARP4B,0.7445033
SMARCA1,0.7444319
UFC1,0.7439695
SF3B5,0.74384093
TNK2,0.74351066
NUDCD3,0.743382
TTC21B,0.7433625
NUP62,0.7432769
PSMB1,0.7432152
NCK1,0.7429848
ZNF700,0.7428492
TMED4,0.74282247
RBM8A,0.7426003
SNAP23,0.7424528
PFN2,0.7423726
SPAG7,0.74237114
UBE2A,0.7423236
TROAP,0.7423037
TADA2A,0.74200445
TAOK3,0.74199396
NSUN2,0.74189615
PDS5B,0.74167997
NUP153,0.74167985
RBM25,0.74164075
HLA-C,0.7415861
WDR18,0.7415205
SNRPD1,0.74151564
HNRNPUL1,0.7414888
ZNF710,0.7413947
SEC23A,0.74120593
EIF4G3,0.74096197
URB2,0.74080414
RALGAPB,0.7407836
HMGB1,0.7407074
PMF1,0.7405991
SPCS3,0.7403183
RPS6KA5,0.74022025
PSAT1,0.7400461
RPS6KA1,0.739893
USP1,0.73953277
EIF4B,0.73946613
USP19,0.7393649
ZMPSTE24,0.7393362
JARID2,0.7392949
PHF12,0.73920226
TM2D1,0.73914903
MAP4K4,0.73903584
TIMELESS,0.7389167
TP53BP2,0.7388101
SMUG1,0.7387085
RNF24,0.7386264
UTP20,0.7385297
ZFP36L2,0.73810554
ZNF791,0.73805505
GNB1,0.7379431
POLR2J3,0.73784596
SACM1L,0.73775613
SMU1,0.7376149
ZNF623,0.7375832
KRT18,0.7373398
ZNF91,0.7372053
ZNF267,0.73707205
RAB2A,0.7368029
IMPDH2,0.73670644
UNC5C,0.73657
LRP8,0.7365661
TSPAN5,0.73653996
PUF60,0.7364227
LAMA5,0.73633546
RAP1GDS1,0.7362582
UNC13D,0.7361793
TYW3,0.73600745
TAMM41,0.73599654
TSN,0.7359741
UQCR10,0.73594856
ULK1,0.7357653
TBCB,0.73521817
TRIM14,0.7350028
HNRNPA0,0.7347322
SUCLG1,0.7346054
VEGFB,0.73458993
NAA25,0.73442805
USP37,0.7342716
SRF,0.7342328
TYRO3,0.7342298
PCDH7,0.73409414
SUMO1,0.7340893
RBPJ,0.734041
STARD4,0.7339252
SOCS5,0.733784
POLDIP3,0.73371935
RPUSD4,0.7337132
NEK7,0.73353314
TRAPPC3,0.7334519
LPCAT1,0.73342776
MYH10,0.7334055
PFKFB3,0.73320216
PFDN5,0.7330623
SNX6,0.733015
NUP188,0.73282236
SNF8,0.73278314
XRCC4,0.73267865
PTPN13,0.7324413
SORL1,0.7323536
YIPF6,0.7321809
STK38L,0.73211277
NSMCE2,0.73198974
NOMO1,0.73190284
NUDT21,0.7319018
SHPRH,0.73177713
TAPBP,0.7317747
LMNB2,0.7317696
SH3BP2,0.7316812
PLOD2,0.7316179
PRR5L,0.7316056
SAFB2,0.73146844
RAB11FIP3,0.7314361
VPS26A,0.7314301
SEC23IP,0.7312977
UFM1,0.73120046
RNF217,0.73088795
NDUFA10,0.7304163
RBM15B,0.7303347
TRPC1,0.7298512
ZNF33B,0.72978336
PLOD1,0.7294982
PIK3C2A,0.72920394
FOXN3,0.7290709
STUB1,0.7289182
PAN3,0.7288766
TEAD3,0.7288698
PHKB,0.7288688
TANK,0.72886574
GPI,0.72867113
RASA3,0.7284876
TAF12,0.72843534
RNF38,0.7279444
ZNF12,0.72792643
MCU,0.72787136
TAB1,0.72781855
RPL7L1,0.72762436
SCO1,0.72755694
PDE7A,0.7274651
FSTL1,0.7273495
TUBGCP4,0.72729164
SCFD1,0.72720903
RYBP,0.7266553
LMNB1,0.7266042
RHEB,0.7265442
TIMM17A,0.7263784
SCAMP1,0.7263768
SARS2,0.7263526
TRAPPC6A,0.7262162
SCAMP2,0.7260646
UGCG,0.7258034
SAP30BP,0.72574085
GTF2IRD1,0.7257205
NNT,0.72569567
ZNF286A,0.7255874
PPARGC1B,0.72558093
ZNHIT1,0.7255151
LRRC8D,0.72525406
PCNT,0.72521174
RFC1,0.7249572
RC3H1,0.72483784
ZFP36,0.7246203
ZC3HC1,0.7245157
TDRD3,0.7244921
RUFY1,0.72439694
TK1,0.72421134
XYLT2,0.7238632
TRAF3IP2,0.72372264
SHROOM3,0.7236582
PCCA,0.7235471
MCM7,0.72338897
SNRPA1,0.7231999
MYL12A,0.72316706
PTPN1,0.722915
TRIM26,0.7227725
PDIA4,0.7227443
OPHN1,0.7225773
SMC6,0.72256196
RTF1,0.72255254
WSB2,0.722541
PDCD6IP,0.72253335
NACC1,0.72243625
STRADA,0.7223002
STARD3NL,0.7221549
SERPING1,0.7220721
PPP1CB,0.7220573
TGIF1,0.7219977
VPS54,0.72162694
RMND5A,0.72146297
SOS2,0.7214626
TGS1,0.72137797
VMA21,0.7209979
RHOG,0.7209134
PRPF6,0.7207762
ITPR1,0.7206078
ZNF84,0.7202785
RB1CC1,0.7202311
PPP4R1,0.7201212
SENP5,0.71988505
SPOPL,0.7198205
TBC1D10B,0.71955186
PTPRA,0.7193525
POLQ,0.7192631
KIF13A,0.7190449
PPRC1,0.7190371
RNF5,0.719006
PLD3,0.7189531
PDGFC,0.7188445
VPS26B,0.7185579
TRMU,0.71825355
SV2A,0.7182175
HSPG2,0.71820164
TRIP11,0.71815157
TAF4B,0.71808183
SIK2,0.7180471
RAD23A,0.7178224
KMT2E,0.7177921
PHB,0.717579
VPS52,0.7173101
SHMT1,0.71730334
SSB,0.71727306
VPS4B,0.71714824
SUGP1,0.7171264
SPTLC2,0.71711385
HLA-E,0.7170477
SEPHS2,0.71704125
MCM3,0.7166858
TOMM40,0.7166344
STAMBP,0.7165909
ZNF81,0.7165532
SEMA7A,0.7165478
UBE3D,0.71652114
ZCCHC4,0.71619016
PTPN4,0.7159912
SEMA3F,0.7156742
TONSL,0.7156493
PPA1,0.7155895
WDR91,0.7155275
RAPH1,0.7154633
TNIP2,0.7150721
PTPRS,0.71491945
VPS4A,0.7147621
PTDSS1,0.71474344
SERINC5,0.71438336
RNF169,0.71418875
TRIM41,0.71409994
PLXNB2,0.7140345
TBK1,0.71403325
SEC22C,0.7138858
USP46,0.7135617
RPS6KB1,0.7135189
SPCS2,0.7134908
SEMA6A,0.7133306
OXSR1,0.71330243
PFKL,0.7132348
NCKAP1,0.71298754
POLD2,0.7128957
TARS2,0.71278703
TMEM147,0.71277505
SOAT1,0.7125641
SRM,0.712533
SNAPC4,0.712483
SLC35B2,0.7124141
ZNF3,0.71239877
ZNF7,0.7123763
NCOA2,0.7123621
TNFRSF21,0.7123541
TAF2,0.7123396
NCAPG2,0.7121573
TOX4,0.7121015
GDI2,0.7119903
SRI,0.71195555
MTA3,0.7118686
EFNA5,0.7118162
WDR3,0.7118041
SCAF1,0.71175253
PSMA4,0.71168786
TMED5,0.71158606
SLC7A8,0.71128803
UVSSA,0.7112453
LSS,0.71115327
RBM17,0.711037
UMPS,0.7109687
GSK3B,0.7109237
TRNAU1AP,0.7108652
PPP1CA,0.71080077
PSMA5,0.71064806
SETD1A,0.7104904
YIPF2,0.710359
YPEL5,0.71031576
RCL1,0.71023256
SIN3B,0.7102171
WDR36,0.7102162
TPCN2,0.71017313
TRAF3IP1,0.7100123
THOC5,0.709813
MARK3,0.7096807
MTHFD2,0.7095804
NUDC,0.7094488
SNX4,0.70916724
PTPN2,0.7091299
IPO7,0.70896125
FAF1,0.7088325
NBAS,0.7085799
PPIG,0.7084688
NAA50,0.7083778
TIMMDC1,0.70802295
SEMA4B,0.7080113
GLS,0.70797956
PPP3CB,0.70796907
NRF1,0.70785046
RNF114,0.70782626
RAB3GAP1,0.7076537
PPP1R14B,0.70764744
TATDN2,0.7067911
PCID2,0.70666623
MYOF,0.70661616
MELK,0.7065238
RHOBTB1,0.7063295
ZBTB17,0.70624495
SERINC3,0.70621014
STRIP1,0.7059958
HNRNPL,0.7058126
RIC8B,0.70570016
RBX1,0.70550317
OTUB1,0.70546013
STX7,0.70543474
SBF1,0.70541614
ZNF317,0.7051872
VRK3,0.7050359
SATB2,0.70494765
XAB2,0.7049275
ZNF248,0.704762
SRPRB,0.7046146
RNF130,0.7045711
PHYKPL,0.7043576
USP45,0.7039813
SP100,0.7039354
RXRB,0.70360136
SNAP47,0.7035737
PRKAR2A,0.703391
NMT1,0.70338374
EXOC4,0.7033836
NFE2L1,0.7033084
LGR4,0.70326966
RPE,0.7031246
HNRNPM,0.70295316
ZNFX1,0.70277786
VPS11,0.70276856
UBE2B,0.702561
TNFRSF1A,0.70240235
REV1,0.70215905
SEC24A,0.7021326
NDC1,0.70204395
SF3B4,0.7020436
NAA15,0.7019552
HNRNPH3,0.70194113
NUP93,0.70191157
MAST2,0.7017407
NR2C2,0.7015284
PRPF19,0.70148927
PPP5C,0.7014296
STIM2,0.7013437
MED15,0.70121557
SLC30A6,0.70117015
RABGGTB,0.7011156
RNMT,0.7009706
RAB5A,0.7009395
WDR46,0.7007722
LAMC1,0.70068514
NEDD4L,0.7006265
TRIM69,0.7005445
SLC5A6,0.7004696
PGM1,0.70046014
SEC61B,0.7004516
YARS2,0.7003899
SYT7,0.70020694
TIMM44,0.7001052
GATAD2B,0.6999641
PLCL1,0.6999116
PSMD2,0.69990754
PTCD3,0.69975567
UNC119,0.6995465
RPAP2,0.6994718
SLC19A1,0.69943094
ZNF768,0.6994307
PHLPP1,0.69925976
LUC7L3,0.69918853
SLC12A8,0.69916075
RGS10,0.69896716
TINF2,0.698844
TOB1,0.6987751
PRKACB,0.6987707
RBM19,0.69873846
TGFBR1,0.69870126
ZYG11B,0.6986306
SCD5,0.6986051
TTC5,0.69846374
PSEN1,0.69831914
PRKAR1B,0.69821644
SMARCC2,0.69800067
TRIM11,0.6979903
XYLB,0.69795996
SNRPE,0.69793504
SLC15A4,0.69773877
UBE2Q2,0.6976562
PEA15,0.6976537
SSX2IP,0.697579
HSPA9,0.6975478
PRPF3,0.6974559
NUTF2,0.6974353
SOCS7,0.69693726
NUDT3,0.6969191
TCIRG1,0.69671345
SNX2,0.69650435
SEC23B,0.6960624
PPM1B,0.69595283
POFUT1,0.6958291
ZNF605,0.6957847
ZNF264,0.6955953
NUBPL,0.6955807
SEC24B,0.6955489
JAZF1,0.6955281
ZNF337,0.6954134
POLR2B,0.6954039
SART1,0.69529814
FADS2,0.6952823
ZNF197,0.6951701
MCPH1,0.6951239
PARN,0.69490236
ZNF841,0.6948145
S100A6,0.69469225
TMEM11,0.69453055
TBC1D2,0.6942456
SASS6,0.6941893
KIF1B,0.694174
SENP3,0.694108
RLIM,0.69403803
ZNF160,0.6938801
PDIA3,0.69384533
MDN1,0.69365716
SWI5,0.69360375
VPS37C,0.693469
MLEC,0.6926411
NUMB,0.6926313
PJA2,0.69247323
MTHFD1,0.6923123
SNRPB2,0.69227517
SCRIB,0.692231
PLEKHM2,0.69215846
WDR19,0.6921171
PIK3C2B,0.6918852
ZNF41,0.69185954
TRIM38,0.69182473
STARD10,0.6918071
GRB10,0.6917978
RARS2,0.69146144
TSPYL2,0.6910914
SLBP,0.6909883
TARBP2,0.6909527
RAB5C,0.69086313
RBBP6,0.6906782
PRMT3,0.6905735
TRIM2,0.69054824
UNC93B1,0.690505
STXBP4,0.6903357
RANBP10,0.69001395
TMC6,0.68999815
SAMD8,0.689998
RAB12,0.68993217
RRP36,0.6899054
PRMT7,0.6898425
SPRED1,0.6896934
PAPSS1,0.6896716
ST6GALNAC4,0.6895911
MPP6,0.6893714
HDAC2,0.6893409
PSMD7,0.6889624
HIPK2,0.6889553
RANBP9,0.68892246
IQGAP2,0.68871665
TMEM214,0.68869644
REEP3,0.68809706
SAT1,0.68797374
TSNAX,0.6878392
THEM4,0.687794
YIF1A,0.6875734
TWF2,0.687453
NUSAP1,0.68744916
SFI1,0.68743825
SOCS6,0.68716466
ZNF274,0.68713945
MED13,0.68711424
KPNA6,0.68708307
SNAPC3,0.68706715
SDCBP,0.68705565
PGRMC1,0.68661296
OTUD7B,0.6865077
DST,0.68635285
SDAD1,0.68612355
PPM1A,0.6860727
SCLY,0.6857382
RGS5,0.6857184
RGL1,0.6856916
LYRM4,0.6855531
SMYD4,0.685429
MARK2,0.6854149
ZKSCAN5,0.6852953
PFAS,0.68525016
PLCL2,0.68504494
RNF11,0.68487316
TCEA2,0.6848582
UBXN2A,0.6846698
OS9,0.68459773
HMGB2,0.6845542
PDPK1,0.6844794
SLC25A25,0.68437475
GLUL,0.68419695
RFX5,0.6841672
PPP6R1,0.6838535
HNRNPAB,0.68382746
PUS1,0.68376464
ZNF561,0.68352467
RPS6KB2,0.6834421
UBE4A,0.6833607
LSM12,0.6833157
SGPL1,0.68328375
MTA1,0.6831125
YOD1,0.68301576
MAN2A1,0.6828984
UBE2F,0.6826411
IQGAP1,0.6824405
MYBL2,0.6823781
TRUB2,0.68236405
UQCRQ,0.6823125
ZDHHC9,0.68230605
TMEM132A,0.68229854
POLD3,0.6821475
STAT2,0.6818128
VCPIP1,0.6816179
UBA3,0.68157613
SLAIN2,0.68149763
SYVN1,0.68139416
ME1,0.68129474
LSM4,0.6812549
PUS7,0.6812339
SIPA1,0.68120116
PSMC3,0.68103266
TUBGCP6,0.68092245
VAMP2,0.6807758
LRRFIP1,0.6806618
EIF4A1,0.6806599
POLA2,0.68062973
RALGPS2,0.68062425
MAMLD1,0.68061626
SMAD7,0.6802267
RFX2,0.68007016
WDR35,0.6800621
TFB1M,0.68000793
MTR,0.67991006
SORBS3,0.67970634
SKA3,0.67951185
TERF2IP,0.679451
UAP1,0.67926526
SPHK2,0.67920977
ZNF738,0.6791404
ZBTB33,0.6791338
ZNF100,0.6789877
TERF2,0.6789721
STARD8,0.67891324
SECISBP2,0.6788451
SH2B1,0.6788121
MINK1,0.6785799
ZNF566,0.6783047
THUMPD1,0.678216
PDPR,0.6781038
GULP1,0.6780632
TYSND1,0.6780137
PIGL,0.6779122
ZNF500,0.67785746
PGS1,0.67774504
SPINT1,0.6776953
TAF5L,0.6776624
PANK2,0.6776451
IPO9,0.67764217
SUPT20H,0.67758924
SENP1,0.6775484
SIAH1,0.677389
ZNF708,0.6773809
SYNE1,0.6773574
POLR1A,0.67717665
TRAPPC11,0.67717445
RBBP8,0.6771195
STX2,0.6769968
RUSC2,0.67660576
ZNF783,0.6765483
PYGL,0.6764392
TMEM63A,0.67643666
RPL36AL,0.6762309
PYCR1,0.6759785
P4HA1,0.6758077
RAB30,0.67573076
HNRNPA3,0.6756436
STXBP3,0.6755956
QSOX1,0.6754275
HERC4,0.67509055
SLC35E3,0.67501456
RCOR3,0.6748968
MAGI3,0.67477363
HMGN2,0.6746059
HLA-DRB1,0.6746054
MAPK6,0.6745799
MEIS2,0.674545
SLAMF7,0.67453915
MAGED1,0.6744375
SEH1L,0.6743398
ZNF430,0.67431486
PPP3R1,0.6743033
STX17,0.6742218
SGPP1,0.6742102
HM13,0.67418146
RNF40,0.6741375
SMARCAL1,0.67391014
SPNS1,0.6739031
SLC9A1,0.6738896
RALGAPA2,0.67379016
NDE1,0.67360675
TCTN3,0.67322963
NDUFS6,0.6731502
TMED7,0.6730146
MAML3,0.6730014
VPS37B,0.6728949
TBPL1,0.6728707
POLR3E,0.6723893
MIER1,0.6723451
PDHX,0.6720837
ZNF320,0.6719961
LPGAT1,0.6719672
PSMC5,0.6717893
NOP56,0.6715421
TBC1D13,0.6713965
PDSS2,0.6713379
NFATC3,0.6713333
FLNB,0.6711801
MED27,0.6710653
ZFP90,0.67105573
MDH1,0.6710106
KHSRP,0.6709504
HLA-DPA1,0.6708475
HNRNPDL,0.6707723
NME4,0.67075354
VANGL2,0.67063886
THAP11,0.670595
SEMA4C,0.67044836
TOP3B,0.67035663
LAMB1,0.67017317
RHOQ,0.67017037
RNF41,0.6701272
SMC2,0.6700414
NDUFA4,0.6699284
PSMB8,0.66991913
WDR55,0.66952133
MGA,0.66942275
SRP19,0.6694175
UBL4A,0.66941214
UBA5,0.6693101
MICU1,0.66920453
ZNF526,0.66917026
MRPL3,0.6691697
UGDH,0.66907966
SMCR8,0.6689914
SGSM3,0.66892594
MYO9B,0.66868705
VIPAS39,0.668544
ENAH,0.66813356
PHF19,0.667978
USP20,0.66787773
WASF3,0.6676813
NPTN,0.6676379
EHMT1,0.66755915
TNFRSF12A,0.6675264
SERPINB6,0.66750115
SERPINB9,0.6674071
RAB11FIP1,0.6673411
PITPNA,0.6673216
MZT2B,0.6672848
PSME1,0.66721636
SSBP4,0.667207
NOC2L,0.666991
LGMN,0.6668745
RBP1,0.66686034
RAB14,0.66673785
TFB2M,0.6666691
EIF4G2,0.6666513
ZNF649,0.66656846
RNF34,0.6663903
RNASEH1,0.66637367
TRIAP1,0.66620517
PES1,0.66619956
PPM1L,0.66619587
TOLLIP,0.6661198
PSMB3,0.6661143
MORF4L1,0.6660391
TDP2,0.66588384
NDUFS1,0.665834
TOPORS,0.6656629
REPS1,0.6656512
ZNF423,0.6652294
FXR1,0.6652068
STARD3,0.66511166
RFFL,0.6650309
PELI2,0.6649261
UBIAD1,0.66486484
SESN2,0.6648123
RANBP1,0.66465
RRP8,0.6642127
NCOA6,0.66419935
USP21,0.66415894
NOP58,0.6641422
ZNF43,0.6640939
TCF7,0.66408706
FKBP8,0.663862
TRIM13,0.663724
PDK1,0.6636645
TNFRSF11B,0.66363657
IVNS1ABP,0.66357076
TTK,0.6635191
SUPT7L,0.66325146
UROD,0.66319185
RAB4A,0.663145
NLRC5,0.6630494
OTUD5,0.6630429
PDLIM7,0.6629883
MYL12B,0.6628577
MBTD1,0.6628211
WDR45,0.66273916
USP16,0.6626551
G3BP1,0.6625453
RPA2,0.6622802
PWP1,0.6620747
PPIL4,0.6620397
PPP1R18,0.66193646
RAD52,0.66192275
KDM4B,0.6618679
PRDX3,0.66186446
OSBP2,0.6616657
PIK3C3,0.6615049
MCM5,0.6614939
PPP2R5A,0.66148823
TXNRD2,0.66137946
UBQLN2,0.66127384
SAMM50,0.66126853
PSMD12,0.6611971
TXNDC16,0.66115695
SLC12A2,0.66098195
MRPL37,0.6609548
NFX1,0.6607804
PRPF4B,0.6607218
PKN1,0.66067284
ZNF670,0.66055226
NFATC2IP,0.6604746
VGLL3,0.660082
SIKE1,0.6600303
PDCD11,0.6596967
PPIF,0.6596477
ZNF44,0.6595669
TRMT1,0.6595361
RBM42,0.65933615
KCMF1,0.6593167
TBL3,0.65931
STK36,0.65911174
ZNF607,0.6586754
PGAP1,0.65866244
PI4KA,0.65861034
GSPT1,0.65853196
RARG,0.6583128
SEC22A,0.65828377
TIPRL,0.65825266
GOLGA4,0.6582183
PRPS1,0.65810335
TBP,0.65803593
RER1,0.6579508
TBC1D24,0.65790343
ORC2,0.65787786
SYDE2,0.65767765
EIF5A,0.65759414
MCM2,0.6575253
NPRL3,0.6575146
ZNF189,0.6573914
ZNF814,0.65721285
SYF2,0.65708196
POLK,0.6567521
ZNF766,0.656633
PIKFYVE,0.65660703
TUBD1,0.65655476
RHOBTB2,0.65650743
SHQ1,0.6564952
PDCD6,0.65644014
MEMO1,0.6563127
ZNF780B,0.6562289
TAF1B,0.65621686
RRAGA,0.6561725
RBBP5,0.6561532
ZNF440,0.6555922
GJA1,0.6555242
RRN3,0.65542626
RAD54L,0.65534467
MEF2D,0.65523714
PRR12,0.6551369
VLDLR,0.6550507
PEX19,0.65504324
YIPF1,0.65489495
MPDZ,0.6548353
ZNF677,0.65449256
PREPL,0.6543665
NAT10,0.6543314
MCM4,0.6542891
TFAP4,0.6542343
SORD,0.6541981
ZNF143,0.65417
ZNF808,0.65416515
UBE2D1,0.6541322
ILF2,0.6541206
TBC1D17,0.6540963
RRP1,0.65405303
PERP,0.6539406
TPD52L1,0.65363574
RUNX2,0.65363044
SPAST,0.6536238
ZNF300,0.65358
PRCP,0.65351456
ZNF529,0.6534162
RCN1,0.65325814
DDX17,0.6532413
TTF1,0.6531919
TUBGCP5,0.6530808
METAP1,0.65303266
HLA-DPB1,0.65294343
RHOT1,0.65287393
PFKM,0.6527953
PNPT1,0.65277886
PSMB4,0.6527641
TOR1A,0.652661
RAP2A,0.65264034
PHC2,0.6525129
SRA1,0.65241826
PAIP2,0.652373
MED14,0.65236187
SKIV2L,0.65222937
ZNF227,0.65217096
TBC1D32,0.6521367
MEF2A,0.65206724
SYNJ1,0.65186584
RNF7,0.65175134
NDST1,0.65174365
PDCD4,0.6517027
TELO2,0.65143853
RAD51AP1,0.6513973
TPK1,0.6513753
MAP4K5,0.65126747
PSMD8,0.6511961
IGF2R,0.6511062
NPC2,0.6510389
SCYL1,0.65103096
PFKFB4,0.6509392
TRAPPC5,0.650623
PSMA7,0.6506051
RASA2,0.65058017
SLC25A38,0.6505318
ZNF485,0.65045726
ZNF250,0.6501661
OSBPL1A,0.6500918
ZNF133,0.649995
GANAB,0.64990324
VAMP3,0.64983153
UTP14C,0.64966017
RAB11B,0.64940417
POLR3H,0.6490231
TAF11,0.649007
PRKX,0.6489394
OXNAD1,0.64888567
TRIM62,0.64877075
NVL,0.6487438
KRT19,0.64865696
SKAP1,0.6484857
REXO1,0.6484192
SETD7,0.64835584
PPP4C,0.64823097
TAB3,0.64822227
UCK1,0.6481859
SPRED2,0.64798725
RCOR2,0.64791644
HK1,0.647788
ZNF235,0.6477501
UBL7,0.64772856
NUP50,0.6476196
PDCD10,0.6475198
SDC1,0.6474346
TRO,0.6474022
PPL,0.6473529
RUFY3,0.64719933
NES,0.64704424
NDEL1,0.6470371
ITCH,0.64690894
NHP2,0.6467344
GMDS,0.6467185
ZW10,0.6466859
PIF1,0.64663357
RNF168,0.64655805
TBC1D20,0.6464769
PIP5K1C,0.6464078
MRPS21,0.6463869
RORA,0.6462948
PTGES2,0.6461814
WDR48,0.64593786
RTEL1,0.64583814
PKP2,0.64573115
SPN,0.6455125
INCENP,0.64527935
TBCEL,0.64519334
TMEM126B,0.64508057
RND3,0.6446327
ZNF548,0.6446253
MBD2,0.6446074
PPARD,0.6444342
PLEKHG3,0.6443542
LSP1,0.64425266
UNC5B,0.6441793
ZNF335,0.6439908
YIPF5,0.643972
SENP2,0.6439477
ZDHHC8,0.64380187
VPS28,0.6436311
SUV39H2,0.6435885
RHNO1,0.64354056
RNF138,0.643423
POLR2L,0.64337087
THOC1,0.64335686
RRM2B,0.64330685
TRAIP,0.6432081
ZNF557,0.6431858
PLCG1,0.6431522
SMDT1,0.64302933
ZNF212,0.64297694
ZNF45,0.64280677
PPIP5K2,0.6427862
NDUFAF6,0.64262044
PYCR2,0.6425853
PPP2R5D,0.64251757
MDC1,0.6424808
NLN,0.64247924
PAK4,0.6424676
RAD54B,0.6423047
TAGLN,0.64208066
ZFPM1,0.641993
PEF1,0.64194524
RPS26,0.6418394
MAPKAPK2,0.6416089
PDHA1,0.6415323
ZNF473,0.6413458
MGAT5,0.6411509
IP6K1,0.6411073
SUN2,0.64104396
MAP3K2,0.64101183
KDELR1,0.64098877
HYOU1,0.6409734
ZNF101,0.64096946
MBD3,0.6408831
MTMR12,0.64086795
UBE2T,0.6405235
TM7SF2,0.640502
NUS1,0.64050055
PDHB,0.640438
ZNF510,0.64034873
ZSWIM7,0.6401419
PSMF1,0.6400544
PTPN9,0.6400347
SH3GLB1,0.64003456
NCOA7,0.6399149
SPSB3,0.63963526
RNF123,0.6395523
SPPL2A,0.6394361
RAP2B,0.63938427
TFAM,0.6393092
ORC5,0.6391964
TEX264,0.6389251
SLK,0.63883287
RNF185,0.6387208
RFC2,0.6385606
UCHL3,0.6384995
RHOT2,0.63848156
ZNF10,0.63846856
TRAPPC4,0.6382686
TADA1,0.63818115
PLA2R1,0.6379319
SLC6A9,0.63782346
RBCK1,0.63773227
NDUFV1,0.6377294
LONP1,0.63766086
PARVA,0.6376365
RPL22L1,0.6376338
SPIRE2,0.6376051
NUP133,0.63754267
KDELR2,0.6373327
REEP5,0.63733006
SMYD5,0.63732004
UBLCP1,0.63722605
HMGCS1,0.6371367
ULK2,0.63700587
NCBP2,0.6367177
REXO4,0.6366219
TAF1C,0.63660055
TWF1,0.6363673
PRPF38A,0.636277
SAV1,0.6362748
RECQL,0.63595873
RHBDD1,0.6357766
PCGF3,0.6355248
TCTN1,0.63534683
MAP3K4,0.63524604
MSL2,0.6352294
NUDT5,0.63517416
UFSP2,0.63501304
WDR61,0.634999
PSMB6,0.63498974
SAR1B,0.6349539
PPAT,0.6349394
NDUFAF2,0.63487536
UPF3B,0.6348722
PLA2G4A,0.634757
UTP14A,0.6346296
SEC61A2,0.63461876
ORC4,0.6345846
ZIK1,0.63450426
STX4,0.63446
VPS18,0.63445735
EIF3L,0.63443226
MRPS16,0.63434577
POLE3,0.63433486
PMPCB,0.6342513
THOC6,0.63420963
PIGK,0.634167
NPHP4,0.6341493
TAF8,0.6340586
MRPL51,0.634047
PANK3,0.63400686
ITPR2,0.6338236
TJP2,0.6337589
GBE1,0.6336722
ZSCAN32,0.63360065
ACTG1,0.63359034
NFYC,0.63356316
LDLR,0.6333086
FARS2,0.6332948
HDAC8,0.633276
SURF6,0.6332752
ACTB,0.6331846
FBL,0.6330611
PYGB,0.63293177
NPNT,0.6328844
HECTD1,0.6325961
RAB11FIP4,0.63241965
NOL10,0.6324099
KIF4A,0.6323977
TAF9,0.6323069
PGM3,0.6322262
ODC1,0.6321791
OSBPL5,0.6321543
PFDN2,0.63210565
PURB,0.6320254
TRMT61B,0.6319671
GRB2,0.6319658
PATL1,0.63194007
RBM34,0.63178384
SMAD1,0.63173777
TRMT10C,0.63171166
PREB,0.6316281
ZNF385A,0.6315259
PGAP2,0.63137287
ZNF224,0.63131255
PKD2,0.63124335
RUSC1,0.63119394
FBXW11,0.6311736
SLC35B1,0.6311603
RAD1,0.6311486
ZNF394,0.6311462
RIC8A,0.63106745
UBOX5,0.63087285
ACO2,0.6308722
STAT5A,0.63080955
ACACA,0.63080806
METAP2,0.63078225
PLAA,0.6307425
PRKRA,0.63049835
GPR176,0.6304915
RRAGD,0.63047904
ACADVL,0.63039404
ACTA2,0.6303394
SLC26A6,0.6303347
IFI44L,0.6303325
ACAP2,0.6302468
PRPF40B,0.6299883
PIH1D1,0.6299319
FRAS1,0.6298363
CTHRC1,0.629834
WRAP53,0.62982947
ARL4A,0.62980026
TIMM17B,0.62977487
SHARPIN,0.6297731
ZNF460,0.62973493
RNPC3,0.6297024
RAB9A,0.62969804
AGL,0.6296558
EBF1,0.6296383
PHF8,0.6295715
AAMP,0.62955695
AAK1,0.62955457
ADCY6,0.6294856
ABCD3,0.6294813
POLR2G,0.6294687
ABCC1,0.62929046
RPL17,0.6292803
ACAA2,0.629272
AK9,0.6291308
ALDH4A1,0.6291302
MAU2,0.6291221
ARSB,0.6291169
C1GALT1C1,0.62901896
AQP3,0.6288962
CCNYL1,0.6286375
NCAPG,0.62857634
MS4A4A,0.62849027
NUP107,0.62847316
TMEM70,0.62838453
PTGFRN,0.6283495
UAP1L1,0.6283285
CAB39L,0.62831897
ANAPC1,0.6283032
POLL,0.6282916
TIAM1,0.6282818
CAPN5,0.6282336
AAAS,0.62816393
PLEKHA8,0.6281478
TICAM1,0.62812084
TRIB3,0.6281041
MEX3C,0.6280954
MIB1,0.6280627
AACS,0.6280575
ZNF691,0.6280367
AASDH,0.6279916
RPIA,0.6279206
AATF,0.62791777
ABCA1,0.62791324
AASS,0.6279087
ABCC3,0.6279053
LSM2,0.62789625
ACOT8,0.6278914
MAPK14,0.6278662
POLR2C,0.62782973
AARS2,0.627815
BNIP1,0.62777627
ABCG1,0.6277361
ABCB6,0.6277017
ABCA2,0.62769306
ALDH9A1,0.6276905
PSMC2,0.62767124
ABCF2,0.62766284
ZFP14,0.627618
ARL16,0.627611
A1BG,0.627609
ABCA7,0.6276087
ABI3,0.6275921
SH2B3,0.6275781
ACIN1,0.62757444
ABCB4,0.6274627
ZNF480,0.6274113
ADORA2B,0.6273783
ACER3,0.6273705
ATP6V1C2,0.6273546
COMMD8,0.62732595
ABLIM2,0.6273208
ABCE1,0.62729293
ADAM23,0.627285
ABI2,0.6272834
ZNF564,0.62723637
ABCD4,0.6271618
ACAP1,0.62714773
ACP2,0.62714016
ACO1,0.6271332
P2RY6,0.62712675
ABCF3,0.6271218
AGPAT4,0.6271082
ACADM,0.62709826
ADAM12,0.62707496
ABLIM3,0.6270538
POLR3A,0.6269945
AASDHPPT,0.6269914
ADIPOR2,0.6269711
PTDSS2,0.62695724
ACOX1,0.62693655
ACOT4,0.6269126
WTIP,0.62689644
ACLY,0.62689334
TOM1,0.6268856
ALG11,0.6268729
ABHD12,0.6268071
ABI3BP,0.6267975
AMFR,0.6267239
LMO7,0.6266763
RGS12,0.6266709
MTF2,0.6266494
ACADS,0.62661415
ACSL5,0.62659705
NCAPD3,0.62659323
ACVRL1,0.62657905
C18orf32,0.62657243
MSH3,0.62655485
ANPEP,0.6265114
ACBD3,0.62647694
CHST1,0.62647074
ADAM15,0.62647015
ADAM10,0.6264532
ACAD9,0.6264492
AOC3,0.6263926
ADAR,0.6263633
ACVR2B,0.62634164
AP4S1,0.6263323
ACSL1,0.6263261
CDK20,0.62631345
AGO2,0.6262298
KLHDC3,0.62622267
C15orf48,0.6262077
ALKBH5,0.626179
LARP4,0.62616587
ABCF1,0.6261525
PMPCA,0.6261434
ACOT13,0.6261429
ADAT2,0.6261317
ANTXR2,0.6261271
MSL1,0.62608963
ACAD8,0.6260885
NUP88,0.6260867
RPAP1,0.62608224
PTPN23,0.6260763
TNFRSF10A,0.6260533
ADPRM,0.6260386
ABR,0.626007
ADCY7,0.62599474
RAB34,0.62599456
AGK,0.6259676
ACAT1,0.62594795
ASB13,0.62593585
ACOX3,0.62592375
ALG10,0.6258966
ACAA1,0.62587523
ACOT2,0.62581027
ACSS2,0.62580556
IFI30,0.62579376
GCNT4,0.62577903
CXCL14,0.62576914
ALDH16A1,0.6257459
ACYP1,0.6257415
ABTB1,0.6257246
COL6A1,0.62572193
ADAMTS10,0.6256585
AGGF1,0.6255783
AJUBA,0.62557274
SEL1L,0.6255431
NBEAL2,0.6255313
ADD1,0.6255217
ACTR10,0.6255181
ABCD1,0.625518
ACD,0.6254922
ACER2,0.62548
ADRA2A,0.62545085
ALG5,0.625435
TCEA3,0.62538546
NEK1,0.6253415
AGPAT2,0.6253236
ANO2,0.6253053
FPR1,0.625294
ATG2A,0.62529093
ASXL2,0.62528783
CD96,0.62528646
AGPAT5,0.625283
ARSK,0.6252785
AADAT,0.625275
AIP,0.62524706
QRSL1,0.6252339
ALKBH1,0.62521386
TECPR1,0.6252127
IZUMO4,0.6252094
COL5A1,0.6252089
ALDH3A2,0.6251454
CD36,0.62514174
AGER,0.6251291
ACSL4,0.6251179
OSMR,0.62511384
ACE,0.62511253
VPS33A,0.6250967
ZNF202,0.6250893
ACOX2,0.6250829
ARL8B,0.62505513
ALG3,0.6250427
AP1M1,0.6250362
ARHGAP12,0.6250348
FDXACB1,0.6250038
EPOR,0.62494135
CMPK2,0.62492716
B3GNT4,0.6249264
APBB3,0.62492156
ABCB10,0.6249203
AK1,0.62491184
ANAPC13,0.62490124
MAGEH1,0.6249003
ALDH5A1,0.624857
ACP5,0.6248311
BLNK,0.62482935
AKR1B10,0.6248227
HSD17B4,0.6248155
ARL4D,0.6248081
AP1S2,0.6248056
ADAMTSL4,0.6247879
ANO9,0.6247809
ARHGEF4,0.6247791
BATF3,0.62475735
ATF7,0.6247422
RBL2,0.624727
ACAT2,0.62471044
APLF,0.6246406
NEK9,0.62463146
CD5,0.6246232
ALKBH8,0.6246212
ATP8B2,0.62462115
ARL14EP,0.6245989
ADI1,0.62456995
ARHGEF26,0.62452227
ALAD,0.62449384
ARHGAP33,0.6244853
C12orf66,0.62447625
DUOX1,0.6244731
AZI2,0.6244665
ADAM19,0.6244584
BDKRB1,0.62443846
CCT6B,0.6244333
ACSS1,0.62442815
ADAMTS13,0.62440723
ACSM3,0.6243391
CD38,0.62433255
ADH5,0.6243281
ARHGAP27,0.62432724
DCHS1,0.6243172
FOXP3,0.62426406
SPRY4,0.6242571
ARL6,0.62422186
BAMBI,0.6241979
APBB1IP,0.62419266
ANKRA2,0.6241759
PCCB,0.6241645
ACOT11,0.6241572
ACTR1A,0.6241255
ARHGEF28,0.6241056
BGN,0.6241049
CLEC2B,0.6240649
ADSL,0.62405366
ALG12,0.62404644
ATP2A1,0.62403303
ACTR2,0.62401754
RAB27A,0.6240026
ARSA,0.62398726
RHOB,0.6239841
AKAP10,0.6239441
ADRM1,0.6238683
GAB3,0.62386703
ACTL6A,0.62386686
DOK2,0.623858
C2,0.62385225
ADAM22,0.62384707
ACTR1B,0.62382525
ANO7,0.62382305
AHCYL2,0.6238199
ADM,0.62381977
APRT,0.62381697
ALKBH3,0.6238155
APOC1,0.6238141
PSMD9,0.6238083
CXCL10,0.623795
IL12RB1,0.62378967
SH2B2,0.62376416
ACTR8,0.6237491
RIPK3,0.6237436
AKAP5,0.62368685
TRAPPC6B,0.6236857
KANK1,0.62368065
AKR1B1,0.62364227
AIFM1,0.6236274
CARD9,0.62361306
ASB7,0.6235978
CASP10,0.6235826
GLDN,0.62357974
LTF,0.62357694
MOCOS,0.62357444
NUCB1,0.62357205
CMTM1,0.6235589
ECE2,0.62355024
ZNF772,0.6235473
AMPD2,0.6235455
APOOL,0.6235453
HLA-F,0.6235392
EEF1B2,0.6235359
ARAP2,0.6235348
TP53INP1,0.623532
APPBP2,0.6235217
LARS2,0.6234658
ASAP3,0.62342405
MYH3,0.62341857
SLC27A5,0.6233967
CYP7B1,0.6233851
ACOT1,0.6233826
KNTC1,0.6233764
KIF11,0.6233655
ACP1,0.6233609
MMP28,0.6233288
HEY2,0.62332
CACNA2D2,0.6233163
AKR1C1,0.6233048
HOPX,0.6233018
BBS2,0.6232755
KPNA2,0.62325084
ADAMTS14,0.6232464
UFL1,0.6232314
ADAMTS2,0.6232236
ADAMTS9,0.6231821
CHKB,0.62315637
RGS4,0.62313485
GPER1,0.6231309
BATF2,0.62308645
ALYREF,0.62307376
C6orf120,0.6230429
LILRB2,0.6230404
C1orf162,0.62303483
ITGB3,0.62303126
C3,0.6230123
ALS2,0.62300104
IL1R2,0.622998
TRIP4,0.6229978
ACTR6,0.62296265
CD1D,0.6229625
BAG3,0.62295955
CX3CL1,0.6229545
ACTR3B,0.622925
ARHGAP11B,0.62292486
SLA,0.6229146
ADD3,0.6229051
BLOC1S4,0.62290484
APH1B,0.6228903
EXOC3L1,0.622871
ALG8,0.6228695
AFF4,0.6228612
ARHGEF6,0.62285954
ANAPC15,0.6228372
BDKRB2,0.62282324
PPIL1,0.6228124
BIN3,0.6227774
CAMK1,0.6227527
AGA,0.622747
ALG9,0.62274575
CAPN7,0.6227442
ARNTL2,0.622735
AFG3L2,0.62273437
GBP5,0.6227191
INHBB,0.6227116
AIF1,0.6226882
ARSD,0.622686
POLR2H,0.62267226
COL6A3,0.62267023
ARHGAP19,0.62263787
CYP27A1,0.622626
ALKBH6,0.6226198
APOO,0.6225969
NRBP1,0.622577
ANO6,0.6225579
ANGPT2,0.62255734
ARHGEF15,0.62255096
HK3,0.62252706
AIMP1,0.6224636
DUSP8,0.62244153
MID1,0.6224178
GGT5,0.62238616
ATP7B,0.62237823
DIAPH3,0.6223699
AP4E1,0.6223643
CCR10,0.6223607
FBXO6,0.6223396
CHCHD5,0.6223246
CDK3,0.62230366
AP5M1,0.6222921
RALBP1,0.62227076
DMTN,0.62226945
ATG3,0.6222524
ACACB,0.62218237
BBS5,0.6221793
ACTN1,0.62214375
ACOT7,0.62213886
COQ10A,0.6221281
ADAMTS1,0.6221131
ADA,0.6220677
DLL1,0.6220571
ASB2,0.62204504
ARHGAP10,0.62204266
PPP1R12C,0.62203217
CIDEB,0.6220043
ANXA1,0.62199265
ADAMTS12,0.6219911
PLSCR1,0.62198293
CD2,0.62195534
PGF,0.6219459
B3GNT7,0.62192416
ARHGAP26,0.6218981
ARFGAP2,0.6218869
APOBR,0.6218814
AMPD3,0.62186605
FAM13A,0.6218444
BTN3A1,0.6218261
AKR1C2,0.62180406
CACNA2D4,0.62180316
AGO1,0.6217519
ARRDC3,0.62171733
ANKZF1,0.6216946
ALAS1,0.6216642
FUT2,0.6216595
ADAMTS4,0.6216019
ARPC1A,0.62158024
IP6K2,0.62158
GIPR,0.62156373
AMOT,0.6215614
SLC12A9,0.6215524
CD163,0.6215498
ATP6V0B,0.6215292
ACSF3,0.62148833
C7orf26,0.62147635
DCN,0.62147313
AKAP8,0.6214591
ATRIP,0.62144154
ARHGAP31,0.6214399
EIF4G1,0.62143576
PRKRIP1,0.6213807
BPGM,0.62137103
ACADSB,0.62136096
PSMC1,0.62135303
FOLR2,0.6213468
SNAPC5,0.6213171
ALPL,0.6213157
APBB2,0.6212507
BCL7B,0.6212505
PPIL6,0.6212471
AP5S1,0.62123996
CD6,0.6212032
ARFGAP3,0.6211827
ALG1,0.62117165
APLP2,0.62116534
IGSF6,0.62114316
ARNT2,0.621137
ALDH1B1,0.62112737
ADCY3,0.6211236
APIP,0.6211041
ATP6V0A1,0.6210969
BIN1,0.6210686
ITPR3,0.6210478
ADCY4,0.6210419
ALG13,0.6210385
CLDN11,0.6210312
B3GALT4,0.621018
RFC4,0.6210141
ADCY5,0.62096214
AMBRA1,0.62096065
COL8A2,0.62096
AMOTL2,0.6209595
ANGPTL4,0.6209259
AHCTF1,0.62091386
ARHGAP4,0.6208634
AP5B1,0.6208486
CDK5,0.62082267
ARL3,0.62079567
FGD5,0.62077546
CHRNB1,0.620745
B9D1,0.6207078
AMDHD2,0.6207069
ANKRD44,0.62069046
CD248,0.62068355
ARL2BP,0.6206821
DUSP19,0.6206788
AP3M1,0.6206733
ZNF420,0.6206581
ATP2A3,0.62065464
ATP13A2,0.62064767
C5AR1,0.62062114
CFB,0.6206178
ASL,0.6206127
AUH,0.62056977
CD34,0.62056553
ATG2B,0.6205552
ARHGAP39,0.62052184
ANLN,0.62050277
CASP1,0.6204992
CCDC174,0.62048763
DYNC2LI1,0.62048036
BFSP1,0.6204598
ANAPC2,0.6204586
ARCN1,0.6204452
ATP6V1E2,0.6204148
ALPK1,0.62039614
TXNRD3,0.6203741
PEX26,0.62036777
CARD6,0.62035275
ALG6,0.6203349
CYSLTR1,0.6203172
ADAM17,0.62027735
CBX6,0.6202715
ARL4C,0.6202636
AMPH,0.62024194
ANGEL2,0.62020457
ARHGEF37,0.62019455
UPRT,0.6201765
ARHGAP9,0.6201211
CHI3L1,0.6200948
MTX2,0.6200908
ALDH1A3,0.62005055
CATSPER2,0.6200494
CHST7,0.62004024
CCNDBP1,0.62002236
COL17A1,0.6199884
BAG5,0.61995614
MAML1,0.6199548
AMOTL1,0.6199539
LIN7A,0.61995053
ASAH2,0.6199425
ZNF593,0.61992794
CLEC7A,0.6199263
APOBEC3B,0.61990184
MYBBP1A,0.6198702
RAMP3,0.61986077
ZNF251,0.61985636
APOL1,0.619829
NSA2,0.619782
AHNAK,0.6197717
API5,0.61975706
CHMP4C,0.6197511
AP3S1,0.61974216
BAG2,0.6197356
ALOX5,0.6197285
PPP2R1B,0.61972827
ARAP3,0.6197154
AK2,0.61970335
ATP6V1G1,0.6196975
AFMID,0.6196909
ATP6V1A,0.6196758
ANP32B,0.6196732
DENND2D,0.61966115
ALMS1,0.61966085
ARHGEF25,0.61962444
ITGAM,0.61960876
APPL2,0.61958104
AKR1A1,0.61955214
BBS12,0.61954975
PLXNA2,0.6195478
NR2F6,0.6195239
SIVA1,0.61951727
ATP6AP1,0.61949486
ARNTL,0.6194725
ANXA5,0.6194634
PRKAB2,0.61942816
ECM1,0.6193672
ARMC8,0.6193545
RELA,0.61932737
CALML4,0.6193148
RNF2,0.61930513
ACTR3,0.6192516
ARHGEF9,0.6192302
RRP12,0.619225
ALG14,0.6192153
AP4M1,0.61921144
CLUAP1,0.619183
COL5A3,0.61917305
ANAPC4,0.6191541
AIFM2,0.61908156
ADIPOR1,0.61907995
AGPAT3,0.61907667
ARHGAP25,0.61907566
ATP6V0E2,0.6190755
ADCY1,0.6190747
C1R,0.619062
ARHGEF40,0.61906004
ALDH3B1,0.6190528
ARG2,0.6190495
ASB8,0.61904705
ZNF180,0.6190463
ADAMTS7,0.6190206
BIN2,0.6190012
APBA1,0.6189731
AP3D1,0.6189614
CGRRF1,0.6189569
ARRB2,0.6189502
ACTG2,0.61893696
B3GNT5,0.61893564
MAOB,0.6189339
AFTPH,0.61891025
ATP8B1,0.61889684
AMY2B,0.6188873
CFD,0.6188732
AP1G2,0.6188684
NSFL1C,0.61886686
POSTN,0.61886036
CD69,0.6188516
ARHGEF18,0.61884534
FCER1G,0.61883885
CCDC40,0.6188371
ASPHD1,0.6188257
ATP1A3,0.618811
ATL1,0.6188013
ASAH1,0.6187968
PIGT,0.61879647
ARHGAP6,0.6187838
CSTA,0.6187772
AGPAT1,0.6187652
CTSL,0.6187399
AMT,0.6187291
TMED1,0.61871517
B4GALT7,0.6187107
CRAT,0.61870795
APTX,0.61868656
AKAP1,0.6186865
ANKRD28,0.6186767
NFAM1,0.6186634
ASGR1,0.61865425
AHRR,0.6186521
RAB21,0.6186502
BBS10,0.61864626
COL24A1,0.6186226
ALCAM,0.6186214
ARL8A,0.61858267
ALDH18A1,0.6185808
ATOX1,0.61856854
ARL13B,0.6185633
CTSF,0.6185071
ATP8B4,0.618504
BUD31,0.61850274
AKR7A2,0.6185012
ADAMTS5,0.6184931
TRIM21,0.618469
BCAT2,0.61846244
GSDMB,0.6184599
COQ3,0.6184586
C5,0.6184535
ATG4C,0.6184494
PRKAG1,0.61844575
ATG14,0.6184423
BMP8B,0.6184415
AK4,0.6184289
ASRGL1,0.6184012
ASIC1,0.61838055
CLIC3,0.61837727
TDRD7,0.61836815
C2orf49,0.6183452
NOTCH3,0.6183429
ARFGAP1,0.6183144
CHRD,0.6183068
CISH,0.61828667
AP2A2,0.618273
FOXK2,0.6182722
ARHGAP35,0.6182653
CCDC22,0.6182645
CLDN23,0.61825866
CBR3,0.6182581
ZNF182,0.6182463
CDH6,0.618242
GNLY,0.6182262
MS4A6A,0.6182089
SLX4,0.61820877
GTF2H5,0.61818224
CD247,0.6181617
B3GNTL1,0.61815584
ATP1B1,0.6181523
ARF6,0.618121
LRP5,0.6180944
CXCL16,0.61807877
ADK,0.6180672
C12orf65,0.61806685
PI4KB,0.61805683
CNGA1,0.61804944
CTBS,0.617976
KIF22,0.617944
BMP4,0.6179299
AP2S1,0.6179016
ATP6V1D,0.61789596
CSPG4,0.6178849
ATG4B,0.61786455
NARS2,0.61785656
COL11A2,0.61784893
BEST1,0.6178484
TBCC,0.6178454
ANO1,0.617838
ARHGAP44,0.6178353
CETP,0.6178267
LYPLA2,0.617805
C9orf72,0.617792
AP5Z1,0.6177471
PIGG,0.6177453
BHLHE41,0.61773974
ATRN,0.61773247
RRS1,0.6177318
SUPV3L1,0.6177138
ASAP2,0.6177097
S100A9,0.61768365
EPHX2,0.6176602
BMP2,0.61764985
POLR3D,0.61764824
ZNF780A,0.6176405
ANTXR1,0.6176308
CMKLR1,0.6175949
LBR,0.61758804
AKT1S1,0.6175812
ARHGEF11,0.6175675
HOXA7,0.6175569
RFC5,0.61749977
CLN3,0.61749864
CTSO,0.6174716
F13A1,0.61746454
BRIX1,0.6174519
ATG4A,0.6174483
ARHGEF19,0.61742985
CEBPG,0.6174169
AP2A1,0.61740917
BLCAP,0.61740685
AGTRAP,0.6174063
BRPF3,0.6173925
ATG16L2,0.6173285
BTN3A2,0.61729443
ZNF92,0.6172871
IL18R1,0.61728597
SPATA13,0.61728585
ASCC2,0.61724895
APBA3,0.61724
CEACAM1,0.6172365
BET1,0.6172343
ANKLE2,0.61718136
APOBEC3G,0.61717373
IL17RE,0.61713856
HEYL,0.6171332
PCGF5,0.6171283
ATG9A,0.6171235
MRPS6,0.61711997
ALS2CL,0.6170696
ANK3,0.6170153
CMTM7,0.6170046
ANAPC16,0.61700076
ADPGK,0.6169821
RAB2B,0.6169341
ZNF552,0.6169283
ATF6B,0.6168734
AQR,0.61686766
ME3,0.6168616
BAHD1,0.6168585
AGMAT,0.61684024
CEP76,0.6168259
NELFCD,0.6168123
CCDC106,0.61681116
CCNG2,0.6167951
ZDHHC2,0.61677486
MPZ,0.61676186
MYO9A,0.6167558
MRPL11,0.61674404
PIK3R4,0.6166712
CHMP4A,0.6166535
AHCY,0.6166458
CPLX1,0.61662716
PSMB9,0.61662406
ARSJ,0.61661065
ASS1,0.6166043
BAK1,0.61658317
NADK,0.6165635
CD4,0.616556
MCMBP,0.6165502
CACNA1H,0.6165213
BBS7,0.61652064
CD68,0.6165088
AP4B1,0.61649126
ASB1,0.6164565
CES4A,0.61644936
BAIAP2,0.6164115
FBXL22,0.6164081
ARFRP1,0.6164044
ANXA2,0.6164032
PYGO2,0.61638767
MXRA8,0.6163682
CNN1,0.61633295
EIF3H,0.61626554
CASP6,0.6162527
ATP11B,0.6162362
ARHGAP32,0.61619896
C2CD2,0.61619043
B9D2,0.6161829
SLC25A28,0.61617273
MRC2,0.61616975
APH1A,0.61616164
KIF1C,0.61614454
ARHGAP18,0.6161259
CBR4,0.6160752
GLRX2,0.616057
SDS,0.6160455
TRAPPC2L,0.61603194
FADS1,0.6160309
BCL2L2,0.6160039
PREX1,0.6159896
ATG16L1,0.6159874
ALDOC,0.6159809
APAF1,0.61595464
NELFB,0.61591697
ZNF155,0.61589634
CCNE2,0.61586887
CCDC115,0.61585975
CCDC59,0.615858
BTC,0.6158543
STX12,0.6158439
ZNF585A,0.61583376
YRDC,0.61581415
DPP4,0.61580354
HES4,0.61576885
ATXN3,0.61576635
COL15A1,0.61574036
ARHGAP17,0.61573285
MED28,0.6157268
RNF20,0.61572427
C17orf49,0.6156959
BTD,0.61567867
CCDC80,0.61567014
BUD13,0.6156684
TSSC4,0.6156286
BOLA1,0.6156265
ATPAF2,0.6155996
B3GALNT1,0.6155779
BEND3,0.6155572
CREB3,0.6155552
BECN1,0.61555
AP1G1,0.6155497
ANKFY1,0.61554724
FCGR3A,0.615499
ZNF211,0.6154856
CHRNA10,0.6154655
ATF6,0.6154531
CTNNA1,0.615434
COMMD3,0.6153933
ATP8A1,0.6153535
CCP110,0.61533624
ZNF813,0.61533326
PDE4A,0.61532605
BLVRB,0.61532104
ARSG,0.61531603
EPHB3,0.61524785
DAB2,0.6152411
RAB36,0.615217
CDK11A,0.6152167
RPP30,0.61516494
F5,0.61514354
CCDC86,0.6151413
NPAS2,0.6151371
APOE,0.6151348
FAM20A,0.61509055
CEP135,0.61508375
CHST14,0.6150632
LCLAT1,0.6150363
BBC3,0.6150356
ZNF74,0.61502755
SESN1,0.61500305
ARF3,0.6150017
AGO4,0.61499786
ZNF558,0.6149892
CA2,0.614963
AREL1,0.6149534
FBP1,0.6149528
BLOC1S6,0.6149455
C17orf75,0.61492854
CDS1,0.6149271
CACNB3,0.61491287
ATP6V1C1,0.6149053
ARAP1,0.61490494
TMOD1,0.6149029
B4GALT3,0.6148057
ARFGEF1,0.6147999
AHSA1,0.61477715
KCNAB3,0.6147704
PODXL2,0.6147582
ZNF776,0.6147374
ARHGAP11A,0.61473584
BCL7C,0.61473525
DCLRE1B,0.6147323
RNF8,0.61472476
APOBEC3F,0.6147064
CAPN10,0.6146816
CABLES2,0.6146609
DENND1C,0.6146329
CNTNAP1,0.6146075
CLIP3,0.6145891
PPIH,0.6145788
ATP1B2,0.61457783
AP1S3,0.61453724
MRPL45,0.6145311
CC2D2A,0.6145266
PISD,0.6145254
ANP32A,0.6144991
ATN1,0.6144602
ARHGAP30,0.6143595
BNIP3L,0.61430436
CDH5,0.6143
COQ9,0.61428356
RNASEH2B,0.61422926
CALCRL,0.61422765
APBB1,0.61419356
BTBD1,0.6141238
GGT1,0.6141068
ARL6IP5,0.6141055
ARFIP2,0.6141028
CELSR3,0.6140995
RAB8B,0.61409193
AMMECR1,0.6140671
ARHGAP24,0.61405134
EVI2B,0.6140326
CACNA1C,0.61402625
ZNF830,0.61401993
ZFP30,0.613945
C2CD3,0.6139443
DET1,0.6138783
LIMA1,0.6138655
CEP70,0.6138591
BLOC1S5,0.61383456
BMP2K,0.61378896
ASB6,0.6137848
CACYBP,0.61378247
MCMDC2,0.6137605
FOSB,0.61373866
TRUB1,0.61372423
ANXA6,0.61371225
PLCE1,0.6136985
COL16A1,0.6136961
AVL9,0.61368835
ADNP,0.6136863
ATG5,0.6136686
PAXIP1,0.6136469
B4GALT4,0.6136001
ELOVL7,0.61358
ATG12,0.61355823
CLEC3B,0.6135502
TM2D2,0.6134896
APPL1,0.6134799
CD200,0.6134763
LRRC41,0.61347073
CLN8,0.6134582
ARID4A,0.6134289
ATP7A,0.61341244
AP3B1,0.6134019
NDUFV2,0.61338615
BTF3L4,0.6133763
KDM3B,0.61335534
DISP2,0.61334735
DES,0.6133419
CPT1B,0.61333364
RHBDF2,0.6133276
CYP2J2,0.6133243
B3GAT3,0.6133101
AGO3,0.6133088
SIRT2,0.6132962
INMT,0.6132932
ARL2,0.61328965
EFNB1,0.6132642
KMO,0.613248
VAMP1,0.61324286
CTU1,0.61321616
HADHA,0.613205
CD86,0.6132046
TIFA,0.613204
ANAPC7,0.61319494
ASCC1,0.6131802
BLVRA,0.6131793
CDC14B,0.6131724
ATP6V1E1,0.6131714
TSNARE1,0.6131561
ZNF585B,0.6131281
RIOK3,0.6131157
BAZ1B,0.61308634
CARD10,0.6130738
C1D,0.6130672
AGPS,0.61304927
BOLA3,0.61303735
BLOC1S1,0.61300707
ANKRD27,0.6129797
PPP1R8,0.61297095
AP3M2,0.6129646
CUBN,0.6129143
HSPB2,0.6128826
AP3S2,0.61288255
BYSL,0.61287975
CMYA5,0.6128711
BSCL2,0.61282647
CYP2U1,0.61282605
ARPC1B,0.61279964
ATP6V0A2,0.6127939
FBXL8,0.61279166
TSEN34,0.612791
DNAH1,0.6127488
BLOC1S2,0.61272436
SLU7,0.6127219
ASNS,0.6126933
ATAD5,0.61267984
CCDC136,0.6126461
ALDH7A1,0.61263084
DYNLT3,0.61261857
DNAH5,0.6125821
RCHY1,0.6125675
CDC16,0.6125263
B3GNT8,0.61252505
CCNK,0.61251396
LTBP1,0.6124724
GALNT1,0.6124622
B4GALT2,0.6124395
ANXA7,0.6124293
ATP6V1H,0.61232656
BRPF1,0.6123084
CHCHD10,0.6123007
ASPM,0.61226785
RNF31,0.6122133
ARFGEF2,0.61218184
PNP,0.612144
EIF4E3,0.612131
GADD45G,0.6120688
ZNF468,0.6120472
CYP3A5,0.61203927
MTUS1,0.6120298
LAMP1,0.6120099
CREB3L4,0.61200273
DOLPP1,0.6118996
COG1,0.6118761
BCKDK,0.61184984
CCZ1,0.6118385
STAP2,0.61182076
CORIN,0.61182046
G3BP2,0.6118087
ATIC,0.61180556
CAMK2G,0.6117875
NRP2,0.6117871
HERC6,0.6117781
GPR68,0.61174965
MIDN,0.6117467
GPD2,0.61171395
FPR3,0.61170864
ARL1,0.61165917
CLIC2,0.6116102
CBY1,0.6115953
RASSF2,0.6115767
BNIP3,0.61154836
PURA,0.6115221
AP2M1,0.6115029
CHTF18,0.6115024
APOBEC3C,0.6114819
PPP1R16B,0.6114711
ASF1B,0.6114512
AUP1,0.61143625
CYTH4,0.61140466
DHDH,0.6113802
ARHGDIB,0.61137503
PEX5,0.61135757
ENPP2,0.61134076
CD109,0.61133623
LIN7B,0.61130977
PASK,0.6113016
HMGN1,0.6112835
EPHB6,0.6112292
CACNB1,0.61121696
CLDN1,0.6111697
ANP32E,0.6111467
CACNB2,0.6111353
BHLHE40,0.6111143
NLRC4,0.61109763
ATG4D,0.6110581
TRMT5,0.6110549
GIGYF2,0.61103016
DIMT1,0.6110138
CD180,0.6110024
AAR2,0.61100066
COA5,0.61098367
ZNF79,0.6109389
CETN2,0.6109147
CD320,0.6109037
DXO,0.610862
CENPQ,0.61085486
ANAPC5,0.6108324
EFNA3,0.61083114
CENPB,0.6108053
CRELD2,0.6107696
ATF2,0.6107569
ATAD3A,0.6107443
NAPA,0.6107411
CTC1,0.6107366
FSCN1,0.6106708
FGD3,0.6106491
MSH5,0.61062765
DHX58,0.6105778
COL9A3,0.61055404
TDG,0.6105509
BTN2A1,0.6105497
DUSP10,0.6104925
CETN3,0.610438
CEBPB,0.610379
EFCAB7,0.6103478
ARF1,0.6103279
BANF1,0.6102869
CES2,0.6102786
CENPA,0.6102411
PGAM5,0.6101916
ATP6V0C,0.61019135
CDK7,0.6101766
ATP6V1B2,0.6101523
CHEK1,0.610144
CGNL1,0.6101381
CENPC,0.61013657
GPNMB,0.6101022
VASN,0.61008185
CDC37L1,0.6100443
PRKCH,0.6100194
DHRS1,0.6100051
NEIL3,0.60999674
ARPC5,0.6099911
BCAS2,0.609946
CASZ1,0.60988027
CMTR2,0.6098737
COX17,0.6098709
PPP1R7,0.6097972
DERL3,0.60978836
TMEM179B,0.60978246
MED24,0.60977864
ARHGDIA,0.609769
CRY1,0.60976374
BRCC3,0.60975677
BID,0.6097222
MADD,0.60970706
CIB1,0.6096302
DCLRE1A,0.60957307
PPP2CB,0.6095711
RTCA,0.6095657
C1GALT1,0.60956484
DDX20,0.6095457
DPM3,0.60951203
NFIX,0.60949916
SDF2,0.60944
CCDC68,0.6093652
TFAP2C,0.60933715
FZD1,0.6093326
CENPL,0.60931706
CEL,0.60930854
GBP3,0.60928345
P4HA3,0.60928035
BICD2,0.60924727
AP2B1,0.60919297
TADA2B,0.6091862
CLCF1,0.6091591
MTMR2,0.60915846
CASP4,0.60914934
CLDN15,0.60913134
ATF4,0.60910493
EDIL3,0.60910183
PCSK7,0.60909444
CCNT1,0.6090832
COLQ,0.6090748
ARF5,0.60905576
MPP5,0.60904855
ATM,0.6090355
CCL4,0.6090217
CCNH,0.60901445
BPNT1,0.6090042
PPP1R15B,0.6090004
TST,0.6089447
FLT4,0.60894346
CYP2D6,0.6089418
CCL5,0.6089194
RAD9A,0.6089121
NEDD8,0.60888106
CDKN2AIP,0.6088582
CAMLG,0.6088366
CHPF,0.60881495
POP7,0.60877633
COMMD5,0.60877174
COLEC12,0.6087577
ORMDL3,0.6087452
CALCOCO1,0.6087137
DDX58,0.60866547
ELMO3,0.6086371
BCAR1,0.6086277
TAF13,0.6085754
PIAS4,0.6085633
ALG2,0.60855484
KIF2C,0.6085448
CEP97,0.6085182
CEP41,0.6084963
CASP2,0.6084953
B3GALNT2,0.6084881
MFN2,0.6084383
RGS1,0.60841465
CTSK,0.6084018
SLA2,0.608375
CHST12,0.608369
CDC7,0.60834616
PQBP1,0.60833514
CRY2,0.6083289
THAP7,0.6083216
DGKQ,0.6082891
BCKDHA,0.6082262
CEP250,0.60822314
PRDX4,0.60821235
BLZF1,0.60820395
CASP7,0.60818523
CITED2,0.6081639
MRPS5,0.6081635
EXOSC4,0.60815203
BCS1L,0.60813665
ATG13,0.6081108
ARRB1,0.6080732
BMP1,0.60801226
ARID4B,0.60800827
HSPA12B,0.607964
CARF,0.6079597
BRD8,0.60795766
DEPTOR,0.6079522
BCCIP,0.6078949
ATF7IP,0.60785604
COL1A2,0.6078476
ATXN1,0.60782856
IGFBP4,0.6078071
HYI,0.6077525
DENND2A,0.6077504
ATPAF1,0.6077366
CD27,0.60773444
BTBD2,0.6077214
CHUK,0.6077208
DOLK,0.6077206
ARF4,0.6077196
DAPP1,0.6076703
CYP39A1,0.6076691
BRF1,0.60764354
MYO1C,0.6076016
CDH24,0.60752964
CLPP,0.60752594
BAG4,0.6075139
CABYR,0.60747975
TBC1D23,0.6073653
CDKN2AIPNL,0.6073439
C17orf80,0.6072048
SLC1A1,0.60719216
ITGA8,0.60716426
EHD3,0.6071639
ARHGEF3,0.6071635
ATXN7L1,0.60716075
SNIP1,0.60712665
ZNF234,0.6071248
COQ6,0.60709137
AURKAIP1,0.60708004
FAU,0.6070739
ZNF516,0.6070439
EAF2,0.6070364
IMMT,0.60702425
NDUFB5,0.6070067
ATP2B4,0.6069789
DCK,0.60695297
ZNF32,0.6068938
CIR1,0.60685134
CDH23,0.60684913
MAPKAPK5,0.6068319
NPHP1,0.60681915
CD2BP2,0.60680383
CYB5R1,0.6067961
CDK16,0.60677844
MTSS1,0.60677415
CFL1,0.60674053
ATAD2,0.6067217
BZW1,0.60671556
BUB1,0.6066549
TRIM23,0.6066165
GDF15,0.6066151
CCNF,0.6066098
TGFBRAP1,0.6065747
CEP78,0.6065586
BRAP,0.60654855
CYP2R1,0.60650027
CREM,0.6064687
TAF6L,0.60645974
CAT,0.6064313
COA6,0.60642135
DPYSL3,0.6064204
E2F8,0.6063915
SHCBP1,0.6063568
TCN2,0.60635406
CWF19L1,0.606352
SLC25A22,0.60634
COPZ2,0.6063083
MMS19,0.6063013
DCTN3,0.6062812
ARHGAP21,0.6062523
BCAP31,0.60622716
CFL2,0.6061677
CHRAC1,0.60612684
ARIH1,0.60606563
RGL2,0.6060354
PPIL2,0.6060309
ARPC2,0.6060301
BTRC,0.6060268
DALRD3,0.6060249
BABAM1,0.6059838
TFIP11,0.60597354
SNRNP35,0.6059228
KCNAB2,0.60591304
CADM1,0.6059049
CHCHD1,0.6058931
ATXN2L,0.6058826
BFAR,0.6058299
GALNT14,0.6058278
COPS4,0.60580224
HINT1,0.60574305
FCGR2A,0.6057411
OSBP,0.6056929
COQ10B,0.6056732
DPH3,0.60566187
PAIP1,0.60557866
DCAF17,0.6055682
ATP11A,0.6055198
DNTTIP1,0.60551804
DPCD,0.6055119
RTKN,0.6055071
CAMKK1,0.6054829
HEG1,0.6054746
PACS2,0.60546327
SNRNP48,0.6054466
CNTRL,0.605418
CDIPT,0.60541224
RPAP3,0.6054078
CYB5R2,0.6053528
PHLDA1,0.6053395
SGMS2,0.60531896
TSFM,0.60531867
PANK1,0.60531616
ETV7,0.6053152
ARHGEF12,0.60531133
LPXN,0.60527825
PHF2,0.6052682
BACE2,0.60526586
ZNF527,0.60525674
GOLIM4,0.60524297
CBX4,0.6052252
CABLES1,0.6052229
ZNF302,0.60520285
LIN37,0.6051763
CHMP5,0.6051653
ST3GAL6,0.60516125
NOP9,0.6051596
SIAH2,0.6051451
ALDOA,0.6051071
ZNF304,0.6050975
TACO1,0.60506135
FAM114A2,0.6049784
ZNF765,0.604959
CCDC97,0.6049583
UBA7,0.6049035
CBR1,0.6048742
NFKBIA,0.6048594
ZNF573,0.6048549
DDX60,0.60485464
ANO10,0.6048439
DYRK1B,0.60484207
COL6A2,0.60482156
GCAT,0.6047981
PPCDC,0.60478216
ARPC4,0.6047701
DDX19A,0.6047571
MAP4K3,0.6047373
MAOA,0.6047312
CDC23,0.6047151
CDCA2,0.60470605
GLIPR1,0.6046719
CRMP1,0.604653
MID1IP1,0.6046307
PTRH2,0.60457677
CHMP6,0.6045753
TOMM40L,0.6045704
CCNA2,0.604548
BMF,0.60451174
NAB1,0.60446316
CLCN6,0.6044084
DYNC1I2,0.6043973
ARIH2,0.60437304
CAPN2,0.6043718
BATF,0.6043717
OBSL1,0.6043601
CSF2RB,0.604311
POLR2D,0.60430974
BTAF1,0.6043049
F8,0.6042963
NAA35,0.6042574
CLDN7,0.60424644
CDK11B,0.6042328
MTA2,0.6042185
BIRC6,0.60416
FST,0.6041515
BRD2,0.6041324
GNGT2,0.604127
COG2,0.604126
CDR2L,0.6041089
HK2,0.6040871
CKS2,0.6040675
CCR7,0.6040651
TEP1,0.6040426
CREB5,0.60403854
GATAD2A,0.6040359
RPS6KA4,0.6039966
BBS9,0.6039909
CHAF1B,0.6039887
ASH1L,0.6039867
RAC3,0.6039704
PTPMT1,0.60394645
CDCA8,0.6039145
WBP4,0.6039087
TNFRSF10D,0.6038832
HS3ST1,0.6038728
CDC40,0.60386014
RRP9,0.60382
RBM22,0.6038102
MOB1A,0.60374844
COL9A2,0.60374606
APP,0.6037401
GTF3C1,0.60372555
ZNF273,0.60370153
GNA14,0.6036508
MGRN1,0.6036493
DECR1,0.60358685
RAB6B,0.60349977
COMMD6,0.6034882
BOP1,0.603479
CKAP2,0.6034549
B3GNT2,0.60344446
CNIH3,0.60340965
DNASE2,0.6034036
GINS3,0.6033895
FKBP4,0.6033651
CD300A,0.6033402
ARPP19,0.603329
DSCC1,0.6033008
DERL2,0.60326105
PSMD5,0.603191
C2CD5,0.60314757
SPARCL1,0.60313135
DDX28,0.6030991
DNAH17,0.6030951
BCL2L11,0.6030655
CLK4,0.60303086
ZNF34,0.6030223
KCNH2,0.6030105
CHFR,0.6029933
NAA38,0.60298455
TRPC4,0.6029547
DCUN1D3,0.6029509
BMS1,0.60294104
ATP2B1,0.6028595
CDK2,0.60282546
CNNM4,0.6028095
SPATA2,0.60280097
COASY,0.6027961
COQ7,0.6027609
EAPP,0.60276014
ORC3,0.60275614
CARS2,0.6027252
CARM1,0.60270125
KPNA4,0.6026953
FAAH,0.60269463
DBP,0.602694
IL17RA,0.6026788
CTH,0.60266423
CCS,0.60261446
CNOT7,0.6026052
CUL9,0.60258645
ZNF711,0.60258096
CDCA5,0.60257846
SLC35D1,0.6025733
CENPN,0.60250175
ZNF611,0.6024916
CMAS,0.6024765
AZIN1,0.6024711
CMTR1,0.60246843
FBXO15,0.6024596
NCK2,0.6024127
CAD,0.6024008
RNF128,0.60239697
CDCA7,0.6023306
INTS6,0.6022951
MBOAT7,0.6022474
CDC25B,0.60223925
C3orf38,0.60218966
BRK1,0.6021828
PEX2,0.6021616
SERPINE2,0.60214335
ZNF426,0.6021321
COX15,0.6020971
BCAS3,0.60204816
CPD,0.60203975
CBX2,0.60203564
CNIH1,0.6020324
RMI1,0.60200155
CDK9,0.6019993
RMDN3,0.6019945
FUT1,0.6019198
CDC34,0.6019151
SEMA4A,0.6019077
COPS7A,0.6018955
CD58,0.60188884
CTNS,0.6018684
C1QBP,0.60185605
ORC1,0.601843
FBLN5,0.6018405
DFFB,0.6018311
CAP2,0.6018038
RABEPK,0.6017935
BMPR2,0.60178506
CSDE1,0.60176563
UPP1,0.6017526
RGMB,0.6017469
POMP,0.60171205
CALM1,0.60164934
COX7B,0.6016352
EXOC6B,0.601617
LIMD1,0.6015464
ASPH,0.60151
MAGT1,0.60147864
KIF21A,0.6014615
SNRPG,0.6014438
CSTF2,0.6014248
CWC22,0.6013273
CKLF,0.60131234
ARID5B,0.6013114
WDR81,0.6012913
RAP2C,0.60127634
DGAT1,0.6012477
SEZ6L2,0.60123926
PITPNM1,0.6012076
GTF2I,0.60120213
SNRNP27,0.6010876
NMD3,0.60108656
TRIM35,0.60108423
EID3,0.6010602
CCNL2,0.60104734
HTT,0.60102946
ATP1B3,0.60101855
OSTC,0.60098463
ST14,0.6009843
GABARAP,0.6009741
NCSTN,0.60095143
RAI2,0.6009268
NKD1,0.6008626
HYLS1,0.60084033
CELSR1,0.60082626
DNAJB11,0.6008168
DISP1,0.6008145
BRWD3,0.6008037
BDP1,0.60080194
CHML,0.6008002
POLR1E,0.60077834
BRD1,0.6007608
CPT1C,0.60073036
CTSA,0.60072154
ATG10,0.60070306
DLC1,0.6006662
DUSP6,0.6006497
LMF1,0.6006282
DCAF4,0.6006032
CDCP1,0.60059357
DUSP1,0.6005899
CHN2,0.60055923
LMCD1,0.60055524
LRRC6,0.600541
CD99L2,0.6005401
RPS27L,0.6005339
CENPH,0.6005282
GRK4,0.6005163
COMMD2,0.60051465
CLHC1,0.60044354
LIPG,0.6004077
DCAF10,0.6003972
DYSF,0.60035855
CHID1,0.60034424
CCDC12,0.6002806
CALCOCO2,0.6000942
HNRNPH2,0.60008496
CIB2,0.6000631
DIS3L,0.60004437
PAAF1,0.60003656
CD52,0.5999929
DOCK8,0.59998906
RRP15,0.59997
MRPS18B,0.59987295
IL32,0.59983605
COIL,0.5998247
PCGF2,0.5998009
CKAP2L,0.59978956
ZNF19,0.5997818
ODF2,0.5997809
BAZ2A,0.59977037
DHRS3,0.59976566
ZNF253,0.5997062
KDM4A,0.59968317
GOT2,0.59965247
GPX3,0.59965014
CD83,0.5996187
DONSON,0.5995853
CENPI,0.5995548
GBP4,0.59955364
CDT1,0.59954876
FCGRT,0.5995386
CCDC88C,0.5994663
ERMAP,0.5994641
EXOSC8,0.5994311
ITPKB,0.5994282
FBXO4,0.59942544
CAMK4,0.5993984
POLR2F,0.599397
CHST15,0.5993779
SORBS1,0.59937084
LGI4,0.59936774
CD40,0.59935546
UTP23,0.59935474
PLEKHA7,0.59934783
CDS2,0.59928304
SOCS3,0.5992641
EME1,0.5992085
CLCN7,0.59919053
PPP1R9B,0.5991396
GDPD1,0.59913355
EDNRA,0.5991287
COG6,0.5991217
FER,0.59906954
ARHGAP29,0.59904176
CCR1,0.59896934
PSMB10,0.5989547
NME2,0.5988683
EAF1,0.59881836
NUP43,0.59881663
GLG1,0.59881526
TSPAN12,0.5987842
CDK5RAP3,0.5987262
DAPK2,0.59871125
CAPN15,0.598708
CD63,0.59869605
DHRS11,0.5986784
CDCA3,0.59867525
SNAP29,0.59864885
HDAC11,0.5985833
CLK1,0.5985801
COG8,0.59842694
TAP2,0.5984229
CBX3,0.5983909
EIF4H,0.59836274
BRD9,0.59834117
HFE,0.598292
DNAAF2,0.59825057
BAG6,0.5982316
COL5A2,0.5981909
KBTBD8,0.5981878
MCCC2,0.5981803
BUB3,0.5981506
LY96,0.5981262
CEPT1,0.59810686
IL7,0.59807056
PRPSAP1,0.5980454
DNAJA4,0.5980371
GRIN2D,0.5980181
FDXR,0.59800905
INO80,0.5979945
DENND2C,0.5979565
PDE1B,0.5979544
FNIP1,0.59794664
SPTLC3,0.59785885
DACT1,0.597856
CPSF3,0.59784126
COG3,0.59783673
ZFPM2,0.5978218
CEP55,0.597816
RCSD1,0.5977986
COG7,0.597774
TMEM186,0.59776634
LYZ,0.5977143
COPS8,0.5976727
MLXIP,0.597655
STAC3,0.5976444
CAMKK2,0.5976423
CEP120,0.5976399
FPGT,0.5976375
GCSH,0.5976053
RBPMS2,0.5975879
ZNF550,0.5975315
PLXNA3,0.59751445
HES1,0.5974978
PLCB3,0.5974862
CAB39,0.597482
CENPO,0.5974658
MRTO4,0.5974459
CHMP1B,0.59742296
MAEA,0.59741646
TP53RK,0.5974112
KHK,0.59735006
CDC42EP4,0.5973366
CYTH2,0.5973242
FRK,0.5972828
SRD5A3,0.5972648
BSG,0.59724456
BCAT1,0.5972366
CEP290,0.59723467
GADD45A,0.59723103
MYADM,0.5972283
MKRN1,0.5971819
SCCPDH,0.59718126
SRR,0.5971725
RPGRIP1L,0.5971632
CNOT6L,0.59715575
FARP1,0.59714574
CSTB,0.5971315
ZNF486,0.5970737
CELF1,0.59706914
PSMC6,0.5970617
CHMP3,0.59705997
CALD1,0.59701526
ENSA,0.59699386
ERCC6L,0.5969902
ERP29,0.59698254
CERS5,0.596948
ENPP1,0.59694594
NOP10,0.59694576
TMEM216,0.5969231
CENPT,0.5968968
GPR183,0.5968676
RNASET2,0.5968292
CHMP2A,0.5968141
CCM2,0.5967798
FKBPL,0.5967409
PHKA2,0.59673434
ASAP1,0.5967098
ZNF18,0.5966749
E4F1,0.59667414
CIAO1,0.59667367
DHPS,0.5966294
SMNDC1,0.59656006
DDX51,0.5964507
HERC2,0.59643877
DUSP7,0.5964295
FUNDC1,0.5964041
PHAX,0.59640133
RCCD1,0.5963849
DPM1,0.5963846
CDR2,0.59637684
CAPZA2,0.59632695
DRG2,0.5963232
PLXNA1,0.596323
CREG1,0.596315
KIFC3,0.596309
PGGT1B,0.5962973
TRIM46,0.59623444
DUT,0.5961956
MX1,0.5961515
CREBRF,0.5961345
INTS10,0.5961342
CD53,0.5960642
FLNC,0.5960468
LIMS1,0.59601396
DMWD,0.596012
CSTF2T,0.5960117
MRPL34,0.59595525
QTRT1,0.5959326
COPS2,0.5958295
HCFC1,0.59581274
COX18,0.5958054
ATP2A2,0.59577334
DMPK,0.59577274
CRTC2,0.5957665
COX11,0.5957575
WDR83,0.59575254
CDKL5,0.5956961
CPNE3,0.59568715
GOLGA3,0.59568137
XYLT1,0.59560996
CYP2S1,0.5956045
IRAK1,0.5955965
RRAGC,0.5955931
DMAP1,0.5955752
CHMP2B,0.5955717
KIAA1549L,0.59555846
ZNF140,0.59555775
TOR4A,0.5955516
BRWD1,0.5954576
LRG1,0.5954173
SETMAR,0.59539735
FBXO45,0.5953761
LCAT,0.59537226
GEMIN2,0.5953598
IPO11,0.5953467
CRLS1,0.59533185
ZNF778,0.59531814
LAT,0.5952948
GLYCTK,0.5952716
ITGAX,0.59526366
ZNF701,0.59526
HARBI1,0.595259
FHL1,0.5952325
CD9,0.5951886
TXNL4B,0.59518266
TRIM36,0.5951813
ATXN2,0.5951731
TMEM107,0.5951723
POLH,0.595165
DSC2,0.59516424
DDA1,0.59514946
COL7A1,0.59514314
LRFN1,0.59511375
PPIE,0.595053
ECD,0.5950014
NDUFA4L2,0.5949665
COG4,0.5949416
CNOT11,0.594931
NGFR,0.5949308
MRPL10,0.5949198
CDC20,0.59490323
ZNF493,0.59478414
ATRX,0.59471875
DPH1,0.594701
MYL6B,0.5946789
COL18A1,0.59462756
UTP3,0.5946199
PMVK,0.594569
BICD1,0.5945633
DHRS4,0.59455186
CENPJ,0.59453577
PYGM,0.5945144
CHAF1A,0.5945012
HMGCR,0.5944465
TUBA8,0.5944345
IRF6,0.59441423
POLR2I,0.5943877
F12,0.5943857
EIF3D,0.594341
PPP3CC,0.59430313
LRRC4B,0.5942945
TUBG2,0.5942818
HSD17B12,0.5942767
FZD5,0.59426856
PEX6,0.5942392
EIF2B4,0.59419787
EMC3,0.5941835
MLST8,0.5941484
KCNJ15,0.59412104
WNT5B,0.59406024
NLGN2,0.5940497
LMAN2,0.5940441
FJX1,0.5940028
CAND1,0.5940015
DNAJB9,0.5939912
PELI1,0.59392756
NAA40,0.59392214
POLR1B,0.5939184
MAPK9,0.5939124
ZNF674,0.5939069
POLG2,0.59387285
PRKCD,0.59380066
ZNF569,0.5937648
ZNF354B,0.5937611
PSD,0.5937401
HOXD3,0.5937381
ZNF615,0.5937356
TAF1A,0.5937341
IARS2,0.59372133
B4GALT1,0.5937142
FMNL2,0.59366435
NCAPH2,0.5935816
NUBP2,0.59357774
EVPL,0.59356606
NSUN4,0.59356445
CEP164,0.5935396
LRCH1,0.59353584
CAPN1,0.59353006
IQCB1,0.59352297
CPT1A,0.593507
PPP2R3A,0.59350425
CCDC93,0.5934958
COX6A1,0.59348756
NBR1,0.5934777
EPHA4,0.59339523
ELOVL5,0.59339195
EOGT,0.5933898
GLS2,0.59338963
ITGA6,0.5933822
TNFSF13B,0.5933561
CENPM,0.5933438
KHNYN,0.59334356
POFUT2,0.59330153
SUOX,0.59318745
KCTD3,0.5931673
CDK19,0.5931553
CNOT8,0.59311694
ZNF136,0.59308994
DYRK2,0.5930796
HERC1,0.59307396
SDC3,0.593048
FBXO27,0.5929758
CSTF1,0.59295523
TM6SF1,0.5929337
DPH2,0.59291154
CAP1,0.5928835
DCLRE1C,0.59284514
WHAMM,0.59281445
CLPX,0.59281033
COPE,0.5927448
ZNF200,0.5926648
CALU,0.592664
CAMK2D,0.5926294
CERK,0.59261376
MAP1A,0.59256834
POLRMT,0.5925637
SKA1,0.59255934
MAN1A2,0.5925159
CHP1,0.5924781
STAM2,0.59243757
RNASE1,0.59241456
DSEL,0.59238285
SNX33,0.59236956
CDC42,0.5923096
CXXC1,0.59229714
TSEN54,0.59228015
RDH5,0.59223634
NRP1,0.5922356
NDUFS8,0.59222245
KPNA3,0.5921602
GALNT3,0.59214485
CXADR,0.59212595
LDHD,0.59205467
MZT2A,0.5920264
COQ5,0.5919978
SNTA1,0.591987
CEBPZ,0.5919786
HAAO,0.5919707
LILRB3,0.5919622
DCAF15,0.5918797
TRMT6,0.5918713
ZNF14,0.59184545
PRPF39,0.5918288
RNF14,0.59181064
ATXN10,0.5918098
ZNF333,0.59178174
CNOT6,0.591763
FBXO25,0.59175116
CD47,0.5917264
USP35,0.59162784
EXOC8,0.5916025
DBR1,0.59159994
CALM2,0.5915912
HS2ST1,0.59156334
EIF2S3,0.59155786
CEP72,0.59155095
CTDP1,0.5915473
CHERP,0.5915043
PDLIM4,0.591484
ZNF620,0.5914484
PNPLA2,0.59143543
KDM8,0.59142566
PLEKHG5,0.59140056
CERS4,0.5913992
LHX6,0.5913989
CWC15,0.5913978
CLSPN,0.5913788
COX20,0.591371
TBKBP1,0.59136546
DCXR,0.5913571
CAPNS1,0.59135544
CRYZ,0.591337
EFNA1,0.5913367
PKN3,0.5913152
CLDN12,0.5913094
MFF,0.59129995
EHHADH,0.59128106
ZNF135,0.59126836
PPP1R15A,0.59126663
RASL10A,0.59124273
SIRT5,0.5912377
WDR31,0.5912288
CCT6A,0.59116185
REC8,0.59114563
DDX52,0.5911375
CHPF2,0.5911266
CLEC2D,0.59111464
PEMT,0.5911005
CLOCK,0.59107196
ZNF222,0.59105915
TREX1,0.5910516
QDPR,0.59103113
LUC7L,0.5910148
DPY30,0.5910141
CYFIP2,0.5909299
CD48,0.59088117
GORAB,0.5908755
TLR4,0.59082276
MAF1,0.5908185
DDX11,0.5907961
MAGED2,0.5907789
ETFDH,0.5907596
MAP3K11,0.59075505
DOCK6,0.59069705
TGFB1I1,0.5906965
NCF4,0.5906694
SYNGR1,0.5906556
OPRL1,0.59065247
COL4A1,0.5906251
SNTB1,0.5905766
GEMIN6,0.5905603
FHOD1,0.590557
LRRC8E,0.5905308
FRZB,0.5905132
BACH1,0.590445
ISYNA1,0.59043753
CD2AP,0.5904214
CHN1,0.59039456
CCAR1,0.5903933
MSR1,0.59038
DDX39A,0.5903692
RNF19B,0.59031904
STRIP2,0.5902997
RELT,0.5902377
CPT2,0.59023696
PHLPP2,0.59023154
MIA3,0.5902248
GALE,0.5902159
TMC8,0.590173
DHX16,0.59016085
E2F2,0.59014446
CPOX,0.59011173
MOV10,0.5900732
DTX3,0.59003806
DHODH,0.5900119
HERC5,0.5899894
CEP350,0.58997536
IREB2,0.58994454
DUS1L,0.5899255
CDK17,0.5899086
DOCK2,0.58988565
PSMG2,0.58978844
LIPT1,0.5897715
CDC42BPA,0.58973837
GGA2,0.58973163
DCAF13,0.58972865
PLS1,0.5897201
PPWD1,0.5897128
GPR160,0.5897085
ERI2,0.5897052
EMC4,0.58968604
IER3,0.5896767
CRADD,0.58964604
DIAPH2,0.5896367
CDC37,0.5896144
NKIRAS2,0.5896107
SPSB2,0.58959067
MAP2K5,0.5895874
RAB13,0.58954626
CCNT2,0.58949107
SIRT3,0.5894553
PCK2,0.58943677
DCP1B,0.58942044
ZNF57,0.58940166
MCM3AP,0.5893986
MFSD10,0.5892884
PLK4,0.5892539
RNASEL,0.5892422
NDUFB9,0.58922243
CMPK1,0.58921903
PMP22,0.5892167
KIF18B,0.589216
KCNIP4,0.5892068
PHF5A,0.5891994
MFSD2A,0.589161
CAST,0.5891542
ERLEC1,0.5891182
NDUFA1,0.5891112
PSMG3,0.58909833
PRKD2,0.5890046
ITPK1,0.5889898
DHX8,0.5889079
CANX,0.58890057
GPX7,0.5888613
GALM,0.5888368
EVC2,0.58882904
KCNJ2,0.58877796
EGR3,0.58876705
MYLK,0.5887656
PDRG1,0.5887643
NDUFAB1,0.58870447
PER3,0.588676
CLK3,0.5886699
CORO1B,0.5886599
DEPDC5,0.5886391
PPP1R11,0.58863825
FCHO1,0.5886017
EYA2,0.5885818
DDIT4,0.58858025
ZNF225,0.5885508
LFNG,0.58842534
STXBP2,0.58839965
KCTD6,0.58836836
JMJD4,0.5883387
SPDYA,0.58833617
SETD6,0.58825904
CLIP2,0.58822054
COPG1,0.5881436
ENGASE,0.58813536
ENC1,0.5880768
ITGB4,0.58805805
SERPINF1,0.5880456
LAMTOR4,0.5880375
IQGAP3,0.5880269
DDX19B,0.58802277
GIMAP4,0.587969
ERN1,0.5879417
PRR5,0.5879035
GRSF1,0.5879003
FZD3,0.58787656
MBOAT2,0.5878218
CERS2,0.5878216
IDUA,0.58781856
PTGER2,0.5877924
MAN2B1,0.58778495
SARM1,0.5877643
COX10,0.58776313
NR2F2,0.5877328
PIGS,0.58773
EIF2B2,0.58768165
PRPS2,0.5876557
RAVER1,0.5876394
MAN2B2,0.58761925
COL8A1,0.58757085
LAS1L,0.5875706
CTNNBIP1,0.58754426
DENR,0.58744746
PRDM4,0.5874211
HSD17B1,0.5874044
CIAPIN1,0.5873529
TP53I3,0.58734936
CNOT4,0.58728373
MAGI2,0.5872793
HUS1,0.5872736
CNNM3,0.5872638
ZNF490,0.587256
HLX,0.58724266
CMTM6,0.5872401
CCT2,0.58723354
OCRL,0.5872329
ITGA9,0.5872304
DISC1,0.5872135
ST8SIA4,0.5872062
NOL9,0.5871199
ESF1,0.58711135
DAAM1,0.5870927
DTX3L,0.58701724
PPCS,0.5870097
ZNF823,0.587001
MRPL49,0.5869582
FKRP,0.5869307
CBFA2T2,0.5868834
COL27A1,0.58687735
SURF1,0.58686966
DPH6,0.5868403
TRIM6,0.58681685
ETNK2,0.58677584
INPP5B,0.58676744
EIF1B,0.5867644
NDUFS4,0.586701
RAD51D,0.5866898
CHCHD3,0.5866845
MMP11,0.58666146
CLDN4,0.5866388
MIEF1,0.5866254
EBNA1BP2,0.5866213
CCDC91,0.5866104
DCAF12,0.5866097
LSM14B,0.5866096
CWF19L2,0.586566
DTX4,0.58656025
CPEB2,0.58654225
DDX50,0.58652294
CYB5R4,0.5864507
ITGBL1,0.5864196
NIPA2,0.58638597
DPP7,0.5863759
CPSF7,0.5863472
GABPA,0.5862939
ITGA7,0.5862467
MAP3K3,0.5862259
SECTM1,0.58620584
GHDC,0.5862021
HSF1,0.586171
VCPKMT,0.5861621
NCBP1,0.5861576
PTPRU,0.5861332
FMO4,0.58611983
DAPK3,0.5860898
RUNDC3A,0.58606863
CHCHD6,0.5860558
EPB41L4B,0.586007
GOLGB1,0.5859968
PLCD3,0.58598536
LSR,0.5859686
FBF1,0.5859662
DENND1A,0.5859242
REEP4,0.58590597
LIF,0.58587307
LIN7C,0.58586586
PVR,0.5858656
MSMO1,0.5858417
MIS18BP1,0.585835
ORAI2,0.5858242
TMEM17,0.5858202
ZNF141,0.58580834
LAMA2,0.58579266
EBAG9,0.58578223
NANP,0.5857626
FGD2,0.58575475
KBTBD6,0.58574
IBA57,0.58572537
SLC1A3,0.5857157
EBP,0.5857042
KIF9,0.5856799
CDC27,0.58563626
CASK,0.58562016
HMBS,0.58561903
SMG8,0.5855768
RPP25L,0.5855382
CLASP2,0.58553
BTF3,0.5855216
KIF2A,0.5855044
REXO2,0.58548087
MDFIC,0.5854485
KCNC3,0.5854067
CEP57,0.5853984
SLC44A3,0.58538723
RIOK1,0.58537275
PRMT6,0.5853662
FBXL12,0.58534294
DHX38,0.58533925
CCT8,0.5853201
PARP4,0.5853055
FAM160A2,0.5853013
CHM,0.5852891
GLA,0.5852856
MYLK4,0.5852287
NDUFA13,0.5852228
CNPY3,0.5852161
FBXL14,0.5851994
DDX18,0.58519554
GSTM3,0.5851926
GALNT12,0.5851852
FNTB,0.58516234
TIMM21,0.58515173
DDX27,0.5851517
DCTPP1,0.5851331
TAF5,0.5850733
CIT,0.585055
MTRF1L,0.5850361
DHX35,0.58499867
NMB,0.5849953
ZNF69,0.5848775
ING3,0.5848731
ETHE1,0.58487064
POMT1,0.58485836
PCDHB10,0.58480996
DAPK1,0.5847886
NGLY1,0.5847585
MGLL,0.5847352
SYCE2,0.58470505
PGP,0.5846956
DDX56,0.58469254
CDK13,0.5846688
DLAT,0.58464
MRPS2,0.5846303
POLR3B,0.5846181
PIK3R6,0.5846121
GCH1,0.5845865
CYBA,0.5845767
HAGH,0.58455735
DOCK11,0.5845413
BTBD3,0.5845126
DOK1,0.5845053
KXD1,0.5844645
ZNF283,0.58446175
DCTN4,0.5844368
COQ4,0.58441573
PLTP,0.5844126
MAN1B1,0.5843826
FAM111A,0.5843818
FBXW9,0.5843731
NAA60,0.5843608
LTBP4,0.5843562
LMAN1,0.5843473
FADD,0.5843424
CPEB4,0.5843155
RALB,0.58430547
MAP2,0.58430034
CD55,0.5842969
NCAPH,0.5842674
MGAT4A,0.5842603
CTR9,0.58425397
DLG1,0.5842341
GPAM,0.5841981
HENMT1,0.5841833
CAPZA1,0.5841779
EIF1,0.58417106
PTPN22,0.58410513
PLB1,0.5841038
TNFRSF10C,0.58407813
LDB1,0.5840602
IMPA2,0.5840388
GKAP1,0.5840319
F3,0.5839802
PLRG1,0.5839649
RGP1,0.5839644
DLG4,0.58396274
COPB2,0.58396053
DGKA,0.58395344
CPSF2,0.5838669
FEZ1,0.58385426
KCNJ14,0.58385146
MAVS,0.58383393
CHSY1,0.58380264
GALNT6,0.58377373
NLRP3,0.58370125
CMTM4,0.5836685
MVD,0.5836552
EDEM3,0.5836548
POP1,0.583654
GGPS1,0.58361894
PIGQ,0.58361787
ENTPD6,0.5835975
DIDO1,0.5835803
EPC2,0.5835293
PCDHGA6,0.58351517
REPS2,0.5834805
DMD,0.58346444
CCNY,0.58345234
SGPP2,0.5834511
PIAS3,0.5834181
CHCHD2,0.5833893
ZNF517,0.5833767
KDM2B,0.5833752
DGKZ,0.5833722
MCM6,0.583369
SEMA6B,0.58329046
SLC9A3R2,0.5832811
LRP2BP,0.5832749
CHD3,0.58327174
SPRTN,0.5832422
MOCS3,0.5832365
MORC2,0.5832249
EPB41L5,0.5832205
DCP1A,0.5832059
CHD9,0.5832025
ITGB3BP,0.58319604
DERL1,0.58315486
CD46,0.5831388
RIOK2,0.58313465
MYO1F,0.58312726
SYTL4,0.58312243
GNAO1,0.58308244
ZNF175,0.58307016
HAUS3,0.5830493
GK,0.58304006
GUK1,0.5830393
HPSE,0.5830013
EARS2,0.5829506
C11orf49,0.5829411
SMARCD3,0.5828801
NMRAL1,0.58283657
GALNT18,0.58282983
DNAJA2,0.5828124
CUL5,0.5828112
SLC27A4,0.58280575
ITGA2B,0.58276916
COBLL1,0.58274406
MOB1B,0.58269584
MTMR3,0.5826546
CHMP4B,0.582627
INPP1,0.58262014
FMN1,0.58257514
CSNK1G2,0.5825689
KCNMB3,0.58256555
NAA16,0.582562
PNKP,0.58252215
NDUFS2,0.58252174
KREMEN1,0.58250344
FNIP2,0.5825033
CUL4B,0.58247024
KRT17,0.58244634
PIK3CD,0.5824213
THBS2,0.5824026
IFT57,0.5823948
DBNL,0.5823899
MRPL28,0.58238375
HSD11B2,0.5823474
RAB32,0.5823057
GBP1,0.5823024
EIF4EBP2,0.58227366
SYP,0.5822302
GBP2,0.58222175
NDUFB4,0.58221143
E2F4,0.5821913
COPS6,0.5821663
GCFC2,0.5821416
DDX54,0.58212423
IL2RB,0.5820899
DAZAP2,0.5820594
NUDT14,0.5820515
RAB11FIP5,0.5820501
ZNF671,0.58204496
CLINT1,0.58200943
IFIT1,0.5820086
GALC,0.58195347
IFIT5,0.5819275
HLA-DRB5,0.58191705
EME2,0.58190054
RCAN3,0.58189446
LRIG2,0.5818614
GET4,0.5818587
WNT9A,0.58184695
CSGALNACT2,0.58183956
DCAF11,0.5818379
RGS16,0.58179283
DCTN2,0.5817773
HOOK2,0.58176136
VARS2,0.58173066
TRPV2,0.5817234
FABP5,0.58170605
STRADB,0.5817035
ZNF347,0.5816802
FKBP1A,0.5816701
CNOT10,0.58160883
JAM2,0.58157986
SMAD9,0.58156
ING2,0.58155787
LRP6,0.58155453
CEP152,0.5815543
DOCK7,0.5815098
DERA,0.58148795
ETF1,0.58148634
NLRP1,0.58142936
GATC,0.58142614
KCNIP2,0.5813807
PHKG1,0.5813688
IL11RA,0.58132845
TESK1,0.5812829
NTPCR,0.581272
PRKD1,0.58126515
PTPRO,0.581234
ITGAL,0.58123
RIPK1,0.581229
NR5A2,0.58121884
RNH1,0.5812181
SCNM1,0.5812169
TBC1D10A,0.5812077
CCT3,0.58117753
TIMM8A,0.5811768
SAT2,0.58117235
CPSF4,0.5811367
RBM7,0.58112025
CUL2,0.581112
COL4A6,0.5810871
CCNG1,0.58108026
GRAP2,0.58107895
CENPE,0.58102906
JAG1,0.5810266
SGSH,0.58101535
CNDP2,0.5809896
DVL1,0.58098835
CAPZB,0.5809768
COX5A,0.58096975
NEB,0.5809509
RANBP6,0.5809236
CTSD,0.5808818
GNE,0.58086246
RORC,0.5808448
DNAJB14,0.5808403
MRPL30,0.58082217
DVL3,0.5808119
PACSIN3,0.58078563
CKAP4,0.5807602
DCP2,0.5807434
FGD1,0.5807284
RTN4IP1,0.5807229
SSH3,0.58069086
PLD6,0.5806871
HCAR2,0.5806762
RHOU,0.58066845
DENND4A,0.5806087
DGUOK,0.58059186
KRBA1,0.5805899
ZNF112,0.58053213
COPS7B,0.58052367
SVIP,0.5805101
PDSS1,0.58050734
ERCC6,0.58050275
GCC2,0.58050203
DYNLT1,0.5804893
PNKD,0.58046764
PAM16,0.5804584
MATK,0.5804368
NDUFB10,0.58043283
HSPH1,0.58039016
LAMB3,0.5803709
EXOSC5,0.5803513
FBXO17,0.5802779
MFAP3,0.5802408
GSPT2,0.5802394
ZNF416,0.5802032
RAB3IL1,0.58020097
EPB41L2,0.5801938
CLPB,0.5801925
DNAJC3,0.5801902
ZNF470,0.58018625
EIF3B,0.5801547
HSD11B1L,0.5801152
IPPK,0.5801069
GALK1,0.5800693
HDAC3,0.5800473
HSD17B8,0.5800153
EFNA4,0.58000064
ZFP1,0.5799863
FBN1,0.57997984
LRRK2,0.57995874
CCT4,0.57995784
TBXAS1,0.5799392
CDK2AP1,0.57991666
CTSB,0.5798905
FARSB,0.57988673
CEP192,0.57982975
LRFN3,0.57982796
DHDDS,0.5798047
LRPAP1,0.57976407
DHX32,0.5797452
DDB1,0.579675
CNN2,0.57963073
ECSIT,0.57961106
ULK3,0.579547
CSAD,0.57952344
RDH10,0.57950854
EGR2,0.5794494
IL2RA,0.5794328
NADSYN1,0.57942325
CFDP1,0.5794182
GTF3C5,0.5794133
LYPD6,0.5793815
TPRKB,0.57929957
EFNB3,0.5792967
NOP2,0.579295
EMC8,0.5792791
PIK3AP1,0.57926625
TRIM68,0.579243
IL17RC,0.5792331
TAF9B,0.57921994
GRHL1,0.5792183
ZNF419,0.5792006
KCTD15,0.57917905
CTDSP1,0.57914704
MAPK7,0.57912314
PDPN,0.5790489
ZFP69B,0.5790311
PI4K2B,0.57903033
ECI2,0.57897204
MED22,0.578972
RCE1,0.57895046
TRIM3,0.5789241
DPH7,0.57892054
DDX41,0.57891214
JOSD2,0.57890874
SWSAP1,0.57887274
EXOSC6,0.57884127
GART,0.5788066
GBA,0.5788057
RIN3,0.5788004
DEPDC1B,0.5787815
NELFA,0.57877326
PHKA1,0.5787067
DUS2,0.5786521
TLR3,0.5786277
FBXO8,0.5786244
NCLN,0.5786207
CENPK,0.5786085
SCNN1D,0.57859653
E2F6,0.5785852
DGKD,0.578562
SLC2A8,0.5785484
DNAJB12,0.57849985
PCBP4,0.5784941
CD81,0.578482
CYB5A,0.5784741
MAP2K7,0.57846546
N6AMT1,0.5784322
LRP10,0.57840437
KIF20B,0.5783735
LYPD3,0.57835674
KCND1,0.57830095
EPHA1,0.5782585
DGKI,0.5782557
DCAF6,0.57823294
DMXL2,0.5782306
CTPS1,0.5781883
TCTN2,0.5781763
RWDD3,0.5781566
SGCB,0.57815653
GPKOW,0.5781469
HSPA1B,0.57814455
ZNF543,0.5781173
HECA,0.57810885
GTF2F2,0.5781051
SPON2,0.5780891
PFDN6,0.5780748
DDHD1,0.5780572
ZNF846,0.57805234
PDXP,0.5780329
EMC9,0.57803094
CACNA2D1,0.5780185
CLSTN1,0.57799524
NCOA1,0.57799363
CDC42BPB,0.57799053
GTF2E1,0.57798195
DDX1,0.57798034
DDRGK1,0.57796615
ELMO1,0.57796293
ZNF439,0.57795876
EMC7,0.57795453
NDUFV3,0.57790214
TMEM67,0.5778935
TXK,0.5778597
KLC1,0.5778488
MRPS26,0.57781106
LIMS2,0.57779706
FAM131B,0.57778406
CHD1,0.57777053
RCAN1,0.5777394
CHKA,0.5777311
STAT4,0.57771105
SLC35A2,0.57770747
KRT5,0.5776984
NMI,0.5776962
GUCY1A2,0.57769275
NOP14,0.57769257
FAM13B,0.5776829
PCGF1,0.57768
MOCS1,0.5776419
TRADD,0.57755864
FUZ,0.5775499
RNF181,0.57754654
OXTR,0.5775132
STX10,0.5775071
PCDHB15,0.5774411
TBC1D10C,0.57743675
HPS1,0.5773913
CPSF1,0.577386
CBX1,0.5773822
DDX39B,0.57733536
SCN1B,0.57732046
COMMD1,0.577315
PIGB,0.5773079
ZNF324B,0.577299
CS,0.57729197
PLXND1,0.57723325
DENND1B,0.57721555
PLCG2,0.5772147
NIPSNAP3A,0.57720214
LRIG1,0.5771527
CLTA,0.57712334
PRKAG2,0.5771088
CYCS,0.57710177
KPNA1,0.5770999
DHX37,0.577084
DNAJA3,0.5770697
CHTOP,0.5770665
DGKE,0.5770532
RASD2,0.5770444
OPN3,0.5769856
ITGB5,0.5769702
GEMIN7,0.5769692
DUSP4,0.57691777
MYL5,0.5768957
NPL,0.5768957
PRICKLE1,0.57689327
OPLAH,0.5768842
PLXNB3,0.5768764
SNAPC1,0.57685244
HSPA1L,0.5768056
TPRN,0.57678634
FZD8,0.5767693
MRPS9,0.5767654
NLE1,0.57676035
GORASP2,0.5766927
PTGIR,0.5766599
PLCD1,0.57659364
PITX1,0.57653594
ME2,0.5765345
GPN1,0.57653326
TMEM115,0.5765253
COPB1,0.5765223
PIP4K2C,0.5764961
DOK4,0.5764862
ELMO2,0.5764856
MED11,0.57648337
HSPB8,0.5764449
DNTTIP2,0.5764196
CPE,0.5764047
NRN1,0.5763784
TPMT,0.5763236
CENPF,0.5762894
TFAP2E,0.57626945
HCFC2,0.57625973
NUF2,0.5762082
HNMT,0.57619846
SHC2,0.57618964
ZNF506,0.5761649
LRP3,0.576164
FUBP3,0.5761418
POLI,0.57611674
IPP,0.57611674
BPTF,0.5760998
DCPS,0.57604945
ESYT2,0.57603025
NOL11,0.5760298
TEFM,0.5760058
PPM1K,0.5760011
RAB3IP,0.5759952
GPX8,0.57599103
DENND6A,0.5759809
CCT5,0.5759366
LRP1,0.5759287
ORC6,0.5759138
SURF2,0.57591265
PABPC1L,0.5758727
DSN1,0.57586896
SERPINB8,0.57585984
COA1,0.57583445
TGFB3,0.57582974
ZKSCAN7,0.5758248
GLB1,0.57582206
ZNF350,0.5758134
TNFSF10,0.57576877
CTPS2,0.57574993
NFATC4,0.5757059
PDK4,0.57569534
IFNGR1,0.5756554
CTNNBL1,0.57563025
HLA-DMA,0.57562876
PIGP,0.57562757
RHOJ,0.5756206
RPL21,0.57562053
OTUD3,0.57558113
MRPS35,0.5755751
TIMP3,0.5755684
POLR3C,0.57556564
FAIM,0.5755512
CYFIP1,0.5755435
IFT88,0.5754855
PARP14,0.5754628
CBX5,0.57539815
INVS,0.5753761
TNFSF12,0.57535595
ZNF530,0.57531005
LNX1,0.5753064
DNAJC2,0.575284
GTPBP1,0.5752504
CTSH,0.57518697
MRPS30,0.57517344
DCTD,0.57515794
SPR,0.5751524
CLIC1,0.5751248
FBXO32,0.5751234
CYSTM1,0.57512283
TRIM45,0.5750766
RNF152,0.5750687
GALNS,0.57506
OASL,0.5749827
ZNF467,0.5749782
LPIN1,0.5749573
KCNAB1,0.57494396
PRPF4,0.574922
MATN3,0.574882
SLC30A1,0.57482284
ZNF354C,0.57478875
FOXRED2,0.5747768
NT5C3B,0.57475555
PSENEN,0.5747423
CTIF,0.5747312
NUP54,0.5747169
GNG11,0.5747161
FUCA2,0.5747099
GBF1,0.5746866
KIF17,0.57468486
RHBDF1,0.574676
CHORDC1,0.5746683
CNOT1,0.574588
NT5C3A,0.5745822
ICAM2,0.5745796
NOB1,0.57457554
RNF125,0.57457346
DNAL1,0.5745712
ZNF549,0.5745359
CLNS1A,0.5745056
NOC4L,0.5745023
DBF4,0.5745022
SLC44A4,0.57449925
RAD50,0.5744908
PPP1R3D,0.5744565
HSBP1,0.5744283
NAA10,0.57441175
COX7A2L,0.57440555
DYNC1LI1,0.5744038
COX6B1,0.574381
PLK3,0.57430756
DBT,0.5743028
DTNB,0.5742924
MANEA,0.5742699
MTMR14,0.5742443
GPD1L,0.5742402
NUP37,0.5742367
CTTNBP2NL,0.57421947
MVB12B,0.5742047
CNNM2,0.57419115
PHF1,0.57418674
GIMAP8,0.5741848
ZNF528,0.57418066
DYNC1H1,0.5741464
RNF135,0.574125
LTB,0.57409483
ZNF132,0.57408106
GNL3,0.5740746
ZNF641,0.5740509
INO80E,0.57404625
GIT2,0.5739981
FBXW8,0.5739901
HHAT,0.5739821
LYPLA1,0.57398075
CTDNEP1,0.57396114
CHD7,0.573956
PLIN2,0.5739377
ZNF836,0.5739266
ZNF442,0.5738625
LGALS3BP,0.5738394
FAHD2A,0.57377124
SULF1,0.5737596
CCT7,0.5736961
FRS3,0.5736834
MYLIP,0.57364786
SLC25A14,0.5736277
ISY1,0.5736053
IRAK3,0.573604
IGBP1,0.57358396
HGS,0.5735633
LATS2,0.5735592
KIAA0513,0.573549
FAM220A,0.57354295
KDELR3,0.5734912
IL17RB,0.5734766
FOXF1,0.57345986
PAF1,0.5734379
TNFSF13,0.5734306
NOL12,0.5734173
S1PR1,0.57339245
IL15RA,0.5733879
CERS6,0.573372
PCDHB3,0.5733685
CAPRIN1,0.57335854
CLASP1,0.57334757
ZNF614,0.5733469
DNAJC15,0.5733117
PITRM1,0.5732686
SPATA2L,0.57325214
KIAA2013,0.57322884
HEXIM2,0.57319665
LONP2,0.5731915
HOMER1,0.5731773
NDUFAF7,0.5731477
HELQ,0.573147
FAM91A1,0.5731115
SPICE1,0.5730983
DNAJC9,0.5730839
MAPRE2,0.5730664
TLR7,0.5730264
IRS1,0.5730234
ENO3,0.5730042
ZKSCAN4,0.5729904
RPL7,0.5729889
CSNK1G1,0.5729509
LTN1,0.5729505
DUSP14,0.572927
EXOC1,0.5729228
FRMD6,0.57292104
SLC22A17,0.5729202
RASGEF1A,0.57290703
HAVCR2,0.57289696
PLP2,0.5728913
ZNF793,0.57288784
MAD2L2,0.5728865
PDE6D,0.572866
SDSL,0.5728624
DVL2,0.5728354
PLA2G12A,0.5728334
ZNF433,0.5728222
PIGC,0.5728077
SRPX2,0.57279986
GMIP,0.5727983
CORO1A,0.5727803
GSTM4,0.5727506
CYB5R3,0.5727272
COL12A1,0.57271296
CENPP,0.5726615
NUAK1,0.57261884
MRPL48,0.5726122
SNAPC2,0.5726024
MED4,0.5725936
PARP12,0.5725657
NEO1,0.5725519
RNF144A,0.5725365
MRPL20,0.57253426
USP43,0.5725107
GMPPB,0.57249933
NHLRC3,0.57248515
EIF2AK3,0.57248276
MRPS11,0.57247823
PIK3R5,0.57246715
FERMT2,0.5724643
NT5E,0.57244235
EPB41L3,0.57239777
SLC30A4,0.5723808
KTI12,0.5723408
KMT2B,0.57231826
TNFRSF25,0.57230985
HSPA6,0.5722938
MBTPS1,0.57227576
PLAT,0.57227284
ELOVL6,0.5722655
ERGIC3,0.57225585
PIP5KL1,0.5722455
POLR2K,0.572237
DRG1,0.57220083
PDE4C,0.57217467
MEGF8,0.57214314
PHACTR1,0.5721107
PDK3,0.5720933
SELPLG,0.5720905
RAB24,0.5720862
SEMA5A,0.57207453
ENOPH1,0.572072
PEX10,0.57204574
WDR5B,0.572043
F2R,0.5720406
DIAPH1,0.57202536
CMSS1,0.57196844
NXF1,0.57190377
ZNF684,0.57189834
DENND5B,0.57189655
FAH,0.57185334
WNT2B,0.5718358
MIEF2,0.5718269
NPM3,0.57181495
FBXL3,0.57180244
ZNF415,0.57179695
DHX33,0.5717853
ZNF699,0.5717804
GNAI1,0.57176733
FUT4,0.5717563
GGT7,0.57173663
RAB25,0.5717296
SYT11,0.571723
KIF23,0.5717006
PRPF31,0.5716978
SNX18,0.5716891
PTGS1,0.5716421
FBXL7,0.5716136
DENND4C,0.5715789
MSRB3,0.5715722
CEP170,0.57155013
RSAD2,0.5715322
CSK,0.5714945
ZNF567,0.5714637
DCAF5,0.57145786
EXOC2,0.57145435
CDK5RAP2,0.5714463
GTF2A2,0.57141036
SLC39A4,0.5713933
SERPINF2,0.5713672
ZNF626,0.57134604
NRL,0.5713216
ITGA5,0.57129073
LIPE,0.5712742
HERC3,0.57124126
NECAP2,0.5712298
OAT,0.5712285
GATM,0.5712154
ZNF600,0.5711487
TLR6,0.57114536
KBTBD7,0.57113415
NOP16,0.5711309
LAMA3,0.5711263
PELI3,0.571103
FAM110A,0.57107025
USHBP1,0.5710701
HIPK3,0.571061
ZNF709,0.5710592
MLX,0.57105154
MYO15A,0.5710464
TRPM2,0.57101053
RNF103,0.57099646
SHB,0.570969
MMP17,0.57096034
GRPEL2,0.5709511
NEMF,0.57094705
MGAT2,0.57094336
DBI,0.5709167
DCUN1D2,0.5708842
ROBO3,0.5708819
ZNF443,0.5708334
VPS37D,0.57081914
MRPS12,0.5707458
LOXL2,0.5707181
HDAC10,0.57068396
PPID,0.5706478
DOCK10,0.57064235
NIF3L1,0.570599
ZNF790,0.5705752
FUCA1,0.57057065
LAG3,0.5705616
KIF13B,0.57049835
COL4A5,0.5704844
DCAF16,0.5704807
NDRG3,0.5704766
ZNF555,0.570474
TBC1D25,0.57042885
ZKSCAN3,0.57037246
PHKG2,0.57036847
ZNF17,0.57036245
NLGN3,0.5702986
MFSD12,0.5702899
MON1A,0.57021636
RAB20,0.5702156
IDS,0.57019216
TRIM39,0.5701888
PI4K2A,0.5701884
MPDU1,0.5701842
DIABLO,0.57015306
TTC26,0.57014275
NTN1,0.570128
ZNF383,0.5701217
ISG20L2,0.5701187
NEU1,0.570095
HOXB3,0.57009375
RASGRP2,0.5700751
RAD51C,0.5700584
CYC1,0.5700543
ZNF418,0.57004416
HOXB7,0.5700351
PANX2,0.57002
MAP9,0.57000804
VAMP4,0.5699963
FZD7,0.56996614
SCIN,0.5699545
KCNC4,0.56993306
ITFG2,0.5699094
NOL7,0.5698848
DPF2,0.5698301
LRRC47,0.56982905
STX1A,0.56981885
PILRA,0.5698141
MOGS,0.5697691
DFFA,0.56973773
POLR3G,0.5696921
DKC1,0.5696423
ZNF546,0.5696231
MRPL38,0.56961685
DDX31,0.56960547
MANF,0.5695892
HMG20A,0.569587
SLC35A1,0.5695851
MRM1,0.56957686
SH2D3A,0.56957483
TGM2,0.5695712
THAP1,0.5695678
NOL6,0.56956345
SMPD2,0.56956
THSD1,0.56954974
TMEM176A,0.56953436
STX11,0.5694909
SLC22A4,0.56948674
PGM2L1,0.5694721
S1PR4,0.56943697
CKAP5,0.569387
PDZD11,0.56934774
RAG1,0.56933933
HJURP,0.5693186
TDRKH,0.5693164
HPS5,0.5693036
NCKAP1L,0.5692617
MGAT4B,0.56925535
POGLUT1,0.5692209
CSNK1D,0.5691766
GNA15,0.5691734
DENND3,0.56917316
PEX1,0.5691593
DLGAP5,0.56915605
PLCH2,0.56915337
F11R,0.5691261
MSL3,0.5691165
CPSF6,0.56911296
MAD2L1,0.56910455
RBMX2,0.5690454
PPP1R13B,0.5690332
TOR1B,0.5690239
MRPL44,0.56902057
RPP38,0.5690113
FDX1,0.56899524
DEPDC1,0.5689897
SYDE1,0.5689841
DNAJC10,0.5689389
GPR161,0.5689328
ZNF773,0.56890094
HBS1L,0.56888336
GNAI3,0.56888
RMDN2,0.5688556
DZIP1,0.5687558
PAFAH2,0.5687526
RAB40B,0.56874675
IRF3,0.5687464
RPL36A,0.56874573
DUSP16,0.56874174
TTC12,0.5687411
NR4A1,0.5687406
GYG1,0.56874007
CPEB3,0.56872565
SLC4A11,0.56871676
GPATCH1,0.56870514
HOXA10,0.5686906
F2RL1,0.5686754
KLHL11,0.56865686
DHTKD1,0.56863004
DHCR24,0.5686273
ELL2,0.56862706
COL4A2,0.5686027
IFNAR1,0.5686026
IL10RB,0.56858146
MYBL1,0.5685635
DHX15,0.5685601
COG5,0.56854844
DCUN1D4,0.56853676
CRTAP,0.5685129
PPFIA4,0.56850535
PDK2,0.56849855
ICAM1,0.5684982
CNOT2,0.56849587
RPP21,0.5684946
MEPCE,0.5684893
KCNMA1,0.5684783
PEX11A,0.56843716
NRCAM,0.5684168
RND1,0.56839204
GON4L,0.56833965
MAP2K3,0.56833416
RENBP,0.5683133
RRAGB,0.56828135
TRPV4,0.56826013
PICK1,0.5682551
PLK2,0.5682537
COTL1,0.5682462
LPIN3,0.5682402
RCAN2,0.56822884
DOCK5,0.5682273
NUDT16,0.56822175
GEMIN5,0.5682074
PSME2,0.5681992
HSPA13,0.5681754
EHMT2,0.5681415
PCYT1A,0.56813794
NR2C1,0.5681352
NANS,0.56813025
TBC1D8B,0.56808555
SLC40A1,0.56805116
JDP2,0.568037
SLC27A2,0.5680359
EPS8L2,0.56800383
NR1H2,0.5679844
SYNE3,0.5679792
SYTL2,0.5679651
RNF113A,0.5679649
CPNE1,0.56796426
GAS8,0.5679525
SHPK,0.56794417
ZNF461,0.5679201
LEMD2,0.5679138
ZNF577,0.5678758
SPTBN4,0.5678686
DSG2,0.5678643
CYTH1,0.56786275
HCK,0.5678472
DENND4B,0.5677822
PLXNC1,0.56778115
MTMR1,0.5677525
PYCARD,0.5677445
EIF4ENIF1,0.5677111
GLUD1,0.5677012
SFN,0.5676945
POMGNT2,0.5676916
RASGRF2,0.56763136
SMOX,0.56762487
SYTL1,0.5676131
EP400,0.56757224
SLIT3,0.5675571
MIF4GD,0.5675524
NME7,0.5675506
CLIP1,0.5675248
NUDT19,0.5674853
SLC18A2,0.5674804
PIGW,0.56742394
HARS2,0.56741023
MGAT3,0.5673938
ESRP2,0.5673715
FBLIM1,0.5673654
MED25,0.5673515
CHSY3,0.567348
PAN2,0.5673071
MPP2,0.56730145
GAN,0.56729704
NXT2,0.5672647
DPH5,0.56722325
RHPN2,0.567222
ITGB6,0.56720716
COPA,0.5672051
PEX11G,0.5671911
RECK,0.56718624
PSMA2,0.5671393
KLHL12,0.56713885
MMADHC,0.56713814
HSPA4L,0.5671344
HIVEP3,0.56708384
NOL3,0.5670697
NSUN6,0.56706667
EZH1,0.56705815
PNPLA6,0.5670378
FGFRL1,0.5670312
RPF1,0.5670209
GAS2L1,0.5669872
STK11IP,0.56698364
POMK,0.56698024
PRPF18,0.5669758
RINL,0.56694037
CRABP2,0.5669295
MMAA,0.56692106
MRPS31,0.5669039
SPAG4,0.5668999
SMPDL3A,0.56689614
GTPBP2,0.56688255
PKIA,0.56686085
MPP1,0.5668575
CORO1C,0.56685656
PANX1,0.5668367
SHF,0.5668259
CTDSP2,0.56679744
PDCL,0.56679714
UBE2D4,0.566777
DNA2,0.5667664
NPRL2,0.5667412
KHDRBS3,0.5667409
KATNAL1,0.5667401
MZF1,0.5667398
NUBP1,0.56669796
EIF2B1,0.56667954
SEC31B,0.5666786
SGIP1,0.56663597
PIGM,0.56662095
EDC3,0.5666122
OCLN,0.5666096
HDAC5,0.566602
IFNAR2,0.5665633
ZNF221,0.5665589
CSTF3,0.56654763
ZNF284,0.56654674
CSNK1E,0.56652534
CXXC5,0.566525
CYTH3,0.566519
ZNF71,0.5664676
MAN1A1,0.5664502
MYO6,0.56643695
GMPR,0.56641847
PKP1,0.56639534
PAQR5,0.5663913
ZNF774,0.5663888
PLCD4,0.5663859
LNPEP,0.5663851
CSNK1A1,0.56637824
FECH,0.5663731
DTNBP1,0.56634706
FOXK1,0.5663422
POLE2,0.56633925
PER2,0.5663386
RASSF5,0.56633544
NFYB,0.5663095
EHBP1,0.56629986
OAS3,0.56629646
RELL2,0.5662735
EEF1E1,0.5662428
MAFG,0.5662372
H6PD,0.5662091
CTBP1,0.56620234
MAP3K6,0.5661918
RPGR,0.56616753
TMEM187,0.56612945
DCUN1D5,0.5661156
HIPK1,0.56611377
ZNF764,0.5660784
PORCN,0.5660705
RABL2A,0.5660586
HIP1R,0.5660495
ZNF354A,0.566046
LOXL3,0.5660244
RGS19,0.5659961
SLC25A20,0.56598437
SARDH,0.565966
MAN1C1,0.5659322
LAMC3,0.5659225
NAPEPLD,0.56590563
GMPPA,0.5658903
GLCE,0.5658718
NOD1,0.5658715
NDUFAF5,0.56586725
FYTTD1,0.5658561
ZNF429,0.56583154
ST8SIA1,0.56581044
NOL8,0.56580585
LIN54,0.5657757
LRFN4,0.5657612
OMA1,0.5657588
PTPN21,0.565756
D2HGDH,0.5657455
MAPK11,0.5657295
CSGALNACT1,0.56571996
EXPH5,0.5657111
MRPS7,0.5656998
ENG,0.5656762
RBM45,0.56567204
DCTN5,0.5656651
MTMR7,0.56565994
MZT1,0.5656552
RAB42,0.5656498
RIPK2,0.5656416
PTGER4,0.5656128
PLOD3,0.56557786
DHX36,0.5655495
EXOSC7,0.5655495
TNXB,0.565545
MSX2,0.56553555
SEMA5B,0.565532
KIF18A,0.5655259
GTPBP3,0.5655245
POU2F2,0.56552184
ZNF2,0.5655041
MICAL2,0.56549406
MFAP1,0.5654705
PLEKHG2,0.565406
CLIC4,0.5654008
RTN4R,0.565384
GABPB2,0.5653675
PPP1R3B,0.5653414
HLCS,0.5653325
FEZ2,0.5653206
PRKAR2B,0.5653096
MLH3,0.5652773
REEP2,0.5652575
CUL1,0.56525576
RAB3D,0.5651923
PNO1,0.5651898
TEK,0.5651891
SLC27A1,0.56517583
NRBF2,0.56517524
KIDINS220,0.56517434
PUS3,0.56516767
DCAF8,0.5651623
RABEP2,0.5651599
MLF1,0.56515855
MAPK8IP3,0.5651434
PTAFR,0.5651405
MIS18A,0.56513673
U2AF1L4,0.5651209
METTL7A,0.5651202
IFT80,0.5651103
MYO7A,0.5650976
PSTK,0.56508625
NEU3,0.5650723
EHD2,0.5650646
MCUR1,0.5650599
NDC80,0.56504875
TCEAL1,0.56503856
FRS2,0.56498057
NUDT9,0.5649717
CSNK1G3,0.5649662
PLD2,0.5649229
CTDSPL,0.5648963
DDX55,0.5648677
IMP3,0.564858
NDUFAF3,0.56480986
PRRT2,0.5648074
NID2,0.5647886
RAB37,0.56476164
NDUFAF4,0.564754
ECHDC1,0.5647493
MARK4,0.5647429
NPHP3,0.5647346
PYGO1,0.5647275
RGS2,0.56468475
DBF4B,0.56467503
PRX,0.56467354
GANC,0.564653
SENP8,0.56465125
GCC1,0.5646492
NDUFB1,0.5646223
RASGRP3,0.56461453
CDYL,0.56459844
PLEKHA3,0.56459695
RILP,0.5645743
PIWIL4,0.56453466
MRPS34,0.56453097
PGAP3,0.5645254
S100A3,0.5644793
IL17RD,0.5644728
FBXL4,0.56446105
LMTK2,0.5644608
RETSAT,0.5644351
TTC30A,0.5644258
PDLIM2,0.5644048
EVC,0.56439453
SLC7A7,0.5643747
PKP3,0.5643671
KIF27,0.5643645
SEMA6C,0.56435186
NAMPT,0.56435144
DNM1L,0.56433004
MARS2,0.5643223
FAM98A,0.56432015
NR4A3,0.5642841
NEK2,0.56427366
NAGLU,0.56426483
FCF1,0.5642594
FKBP2,0.5642333
IVD,0.56423205
LIG3,0.5642213
NLRX1,0.56419706
NPDC1,0.5641743
NFRKB,0.56414986
MST1,0.5640877
RIN1,0.56408644
LRRC49,0.5640742
DDX42,0.5640663
DNAJB6,0.5640496
MED16,0.56404835
PNPLA7,0.56403923
FMNL1,0.56401914
PEX7,0.5640126
MFN1,0.5639763
KLHL3,0.56395173
SCUBE2,0.5639416
LAMB2,0.5639409
LIMK1,0.5639307
DNAJC5,0.56392914
FAN1,0.56392735
RPP40,0.5639225
NDUFA8,0.5639218
RGS17,0.5638858
MRPS18A,0.56387174
NDUFAF1,0.5638677
NR1D1,0.56385195
EGLN3,0.56382126
DUSP2,0.5637946
NR4A2,0.5637791
FNBP1L,0.5637638
PPARA,0.56375146
FIBP,0.56374705
TBX19,0.5637283
PLEKHG6,0.5637056
DDOST,0.56368315
DNMBP,0.5636562
EIF5,0.5635792
MTMR9,0.5635789
DLD,0.5635753
NIP7,0.5635507
RAPGEF4,0.563543
RGCC,0.56350344
NOSIP,0.56349975
ITGB1BP1,0.5634985
PNPLA4,0.56349444
ZNF256,0.5634924
PANK4,0.5634437
FIG4,0.5634325
MX2,0.5634284
METTL14,0.5633845
RNF25,0.56337667
ESYT1,0.56335276
GSR,0.5633376
RABL2B,0.56332344
NFKB1,0.56331724
DDX23,0.5633067
HAUS2,0.56330156
LIG4,0.5632951
PRKAB1,0.563293
GSTA4,0.5632777
LDLRAP1,0.5632775
SGK3,0.56320333
FBXO5,0.56319106
KRBOX4,0.56317925
PECR,0.5631757
IMP4,0.56317514
NFYA,0.5631116
FANCL,0.5630792
ETFB,0.56306654
DLGAP4,0.5630636
PAG1,0.5630612
KCNN3,0.5630104
PDCD5,0.5629765
LCMT2,0.56295097
CYB5B,0.56294304
PAK6,0.56292576
LPCAT2,0.5629117
TRPC6,0.56284934
MARVELD3,0.562827
PBDC1,0.56282127
SEPSECS,0.56280684
PTPRN2,0.5628025
HYPK,0.5627923
PMM1,0.5627443
PIGV,0.56273264
RAB38,0.5627276
ORMDL1,0.5627256
KIF20A,0.5627163
NDST2,0.5627152
MTMR10,0.5627139
NFKBIL1,0.56270087
NHEJ1,0.56269765
SMPD1,0.5626938
MTMR4,0.5626561
GEMIN8,0.5626377
METTL3,0.56263334
HOXA5,0.56262815
LRP4,0.5626101
LZTFL1,0.5625976
FGF11,0.56256735
OIP5,0.56256586
ELP5,0.56256187
GABPB1,0.5625592
MPHOSPH6,0.5625536
PEX13,0.5625297
MCRS1,0.5625075
MKNK1,0.5625068
MASTL,0.5625016
LSG1,0.5624798
EMD,0.56247896
HOMER3,0.5624403
IFT74,0.56242025
HTRA2,0.5624095
COPZ1,0.56239134
RBAK,0.56238216
IRAK2,0.5623682
GPN3,0.5622749
MICA,0.56226224
MPG,0.56223005
GTF2H4,0.5622164
LIG1,0.56221193
IKZF4,0.56220585
RPL26L1,0.5621915
LRSAM1,0.5621794
PIGA,0.5621786
RABGGTA,0.5621628
PBLD,0.56214666
NEK8,0.56212664
PEX12,0.56211257
NUFIP1,0.5621109
METTL21A,0.56211066
IL4R,0.56209147
EMB,0.5620863
PREX2,0.562086
PAFAH1B3,0.56207716
MAPK3,0.56206876
PTN,0.56205213
EIF2B5,0.56204295
EIF2AK2,0.56201696
ITSN2,0.56201154
CWC27,0.56200916
SEC11C,0.5620072
FBXO2,0.5619863
NCEH1,0.56198347
LPL,0.5619823
PAGR1,0.5619674
RAB4B,0.56193256
IL18BP,0.5619318
EXO1,0.56191045
KPNA5,0.5619049
DHCR7,0.5618985
NEIL2,0.5618937
KIF21B,0.5618879
MRPS24,0.5618559
CNTLN,0.5618458
GAPVD1,0.5618448
GPSM1,0.5618399
SPRY1,0.56183976
EIF2B3,0.56183684
TMOD2,0.56182724
PDP1,0.56180775
EMC2,0.56180024
FLAD1,0.5617982
LAT2,0.5617935
EFEMP1,0.5617623
PALMD,0.56172216
MYSM1,0.56171614
GOSR1,0.56170493
MOK,0.5616967
POLE4,0.5616878
EIF4A3,0.56167233
LIN52,0.5616719
FXYD6,0.5616535
NME3,0.56164885
RP2,0.56164724
ELAC2,0.5616268
NFIL3,0.56162083
PTH1R,0.5616114
MOSPD2,0.5615939
POP5,0.5615151
KPTN,0.5615096
DSP,0.56150585
MPI,0.56150544
PPT2,0.56150013
IL15,0.5614946
ERH,0.5614943
PGM2,0.5614936
CSE1L,0.5614724
RARB,0.5614706
ECE1,0.5614613
SAP30,0.56145674
MANBA,0.56143475
ITM2B,0.56142825
PPP2R3C,0.56142133
KIF7,0.5614136
DAB2IP,0.561411
MTMR6,0.56140786
DLG3,0.56140333
PEX11B,0.5613981
LMAN2L,0.5613839
MLKL,0.561368
ZFP82,0.56136703
PTCD1,0.5613508
IRAK4,0.5613465
OAS2,0.56133574
GRAP,0.56133455
NGDN,0.56129766
INPP5D,0.56127733
ESRRA,0.56127447
MCAT,0.5612616
FNDC5,0.5612546
FAM8A1,0.5612461
LATS1,0.56124294
ELF2,0.56124127
ING1,0.56124026
NPC1,0.5611971
ECH1,0.56118697
IL10RA,0.5611864
PIGF,0.56117517
MAFF,0.5611621
MAP4K1,0.56116104
NUB1,0.56111866
NEIL1,0.5611138
ERAL1,0.5610932
MRPL50,0.56109154
SIGIRR,0.5610794
IL13RA1,0.5610633
RFXAP,0.5610555
NOMO2,0.56104785
DNAJC24,0.5610383
PTS,0.56099886
NAA20,0.5609731
NTN4,0.5609618
GTPBP4,0.56096065
EEA1,0.56092787
PAQR3,0.5609222
EPN1,0.56090194
SH2D2A,0.5608963
LGALS9,0.5608938
MRPL17,0.5608727
LTB4R,0.5608579
DYNC1LI2,0.5608245
ISCA2,0.5608218
NAE1,0.5607951
P2RY11,0.56079227
GDPD5,0.56078863
GNL2,0.5607641
TGM1,0.5607639
RGS14,0.5607581
RNF6,0.56075144
FANCI,0.56073517
PARS2,0.5607203
IFT46,0.56071705
PDGFD,0.56070346
HSD17B10,0.560702
MRPL2,0.5606932
LPCAT3,0.5606873
IFI16,0.56067955
RABIF,0.5606762
MED9,0.5606257
KALRN,0.56061333
MSRB2,0.56060535
NAPB,0.5606018
DHX9,0.5605849
DDX24,0.5605814
NFKBIB,0.56057787
RAB33B,0.5605639
KIF3B,0.5605605
PINK1,0.56055385
MRPS28,0.56053984
PEX3,0.5605349
NMT2,0.5605137
ORAI3,0.56051266
PAK1IP1,0.5604957
MECR,0.560482
LTBP3,0.5604811
RAPGEF5,0.56046975
MRPL9,0.5604571
DYNC2H1,0.5604544
NUDT16L1,0.56042063
NSMCE1,0.5604098
MICU2,0.5603941
LMOD1,0.5603936
FBLN1,0.56038696
NR2C2AP,0.5603669
RFK,0.5603613
GPANK1,0.56034744
HOMER2,0.56033987
PAQR8,0.560335
FAM98B,0.5603087
ITGA1,0.5603084
NPR1,0.56030643
PDCD7,0.5603052
MUC3A,0.56030196
PCYOX1L,0.5602934
MAPK8IP1,0.560276
MAP3K9,0.56025183
NDUFA3,0.5602261
MRPS36,0.56022024
EPN2,0.56021374
SEMA4F,0.56021225
NDUFS3,0.5602121
DNAJA1,0.56020755
IFI35,0.5601977
PSMC3IP,0.560186
DAP3,0.56016254
GNPDA2,0.56013393
LRR1,0.56013143
HIGD1A,0.56011194
RHPN1,0.56009847
MBTPS2,0.5600939
OAS1,0.56009376
NDUFA11,0.5600827
NFASC,0.5600761
FANCB,0.560065
PSEN2,0.56005764
NFKBIZ,0.5600401
NADK2,0.56002533
GPS1,0.56002134
RIN2,0.560021
EXTL3,0.5600204
FLII,0.56001365
NMRK1,0.56000364
PPFIA3,0.5599827
DCAF7,0.559952
PRNP,0.55995125
POLR3F,0.5598965
SEMA4G,0.55989486
MRPL39,0.5598932
MRPL47,0.559875
KCNN4,0.5598728
PIPOX,0.55987185
MICALL1,0.55985487
ITPKC,0.55985117
NECAB3,0.5598306
PCDH18,0.5598115
POMGNT1,0.5598044
HEBP1,0.5598043
NT5C,0.5598032
MAGOHB,0.559801
CSPP1,0.5598001
MRPL21,0.5597969
HELB,0.559795
RNF139,0.5597058
FBXO10,0.55970514
LAP3,0.5596988
HEXB,0.55969065
PLEKHG4,0.55968803
LSM11,0.5596859
PCSK5,0.5596811
EXOSC1,0.55966973
KIF26B,0.55966175
NDUFA6,0.5596587
PJA1,0.55963844
MLPH,0.5596013
NR1D2,0.55959404
INTU,0.55958897
POLR3GL,0.5595739
ITPA,0.5595718
MFAP2,0.55956966
HIF1AN,0.55956656
KCNMB4,0.5595614
PTPRE,0.55954975
NAGK,0.55953825
NELFE,0.5595259
NKIRAS1,0.5595151
PAIP2B,0.5594972
KLC4,0.55949605
LAMA4,0.55949193
KCNQ1,0.5594803
LAMC2,0.5594788
EIF2AK1,0.5594632
IDE,0.5594517
DLG5,0.5594383
POLB,0.5594003
HOXA3,0.55939186
MCM9,0.5593916
PCSK6,0.55938447
PPOX,0.5593633
DPYSL2,0.559356
PDE5A,0.55934554
NAIF1,0.5593342
PFKFB2,0.5593228
GAA,0.55932224
EEFSEC,0.55931914
PARVG,0.55930805
IGFBP6,0.5592478
NSDHL,0.5592476
PARD6B,0.55924
IL4I1,0.5592295
MRI1,0.55919296
MTIF2,0.55917424
PRICKLE3,0.5591589
OPTN,0.55915713
LXN,0.5591543
KIFC1,0.5591441
PDCL3,0.55914176
PLA2G15,0.5591402
INIP,0.55912226
NSUN5,0.55910516
PLCB2,0.5590992
NDUFA5,0.5590939
GNB5,0.5590873
MRGBP,0.5590712
HEATR1,0.55901647
HELZ2,0.55901366
MAD2L1BP,0.5589804
GFER,0.5589637
DDX10,0.55896324
LEPROT,0.5589546
NTM,0.5589421
GTF3C3,0.5589394
MMP15,0.55893725
DR1,0.55893624
LZTS3,0.5589254
HRH1,0.55892307
ELOVL1,0.55892193
MRPL27,0.55891234
MRPL41,0.5589098
INO80B,0.5589075
FEM1A,0.55889463
LEMD3,0.5588511
KLC2,0.5588452
RAP1GAP,0.558844
IK,0.55884016
RBBP9,0.5588243
FBXO41,0.5588165
KLHL5,0.5588024
MAP1S,0.5588007
HSCB,0.55879426
JMJD6,0.5587934
MAP2K6,0.55878943
PCOLCE,0.5587824
LPCAT4,0.5587824
NAGA,0.55877733
IRF2BP2,0.55877405
PPM1F,0.55875766
OSTM1,0.5587073
GTSE1,0.5587057
GLRX,0.55869675
EFTUD2,0.55869204
NAA30,0.55867654
FOXP4,0.55867535
MR1,0.5586635
PARP2,0.5586584
MPND,0.5586458
NDUFA9,0.5586439
MED7,0.5586366
FBXO31,0.55863214
PDP2,0.55862683
RASSF6,0.5586044
NAGPA,0.55857635
NUDT12,0.5585722
PTPN7,0.5585692
NDN,0.5585585
MT2A,0.5585386
GEMIN4,0.55851585
IL1RAP,0.55850875
GALNT7,0.55847853
MTM1,0.55846864
MSX1,0.55844194
KAT2A,0.5584257
GYPC,0.5584066
ERRFI1,0.55839777
IPMK,0.5583974
IFIT3,0.5583953
PARD6G,0.5583883
ERGIC2,0.5583859
NDRG2,0.5583849
METTL4,0.5583834
DOT1L,0.5583719
HDAC7,0.5583349
IRF2BP1,0.55832696
NSMCE4A,0.5583199
HOXB2,0.5583099
LPIN2,0.5583085
EHD1,0.55830234
PPFIBP2,0.5583005
FANCM,0.5582954
PCYT2,0.5582911
CUL3,0.55824316
GID4,0.5582385
MRPL53,0.5582314
EXOSC9,0.5581984
MRPL1,0.558194
MIB2,0.5581558
KIF5C,0.5581368
MTIF3,0.5581225
PPP2R5B,0.55812174
MOAP1,0.5581101
MAPK13,0.5581093
HLTF,0.55808675
MCM8,0.55808675
PHLDA3,0.55807525
NFS1,0.55805457
NME6,0.5580479
DNAJC11,0.55802983
OSGEP,0.558029
ORMDL2,0.55800337
HMOX2,0.55797994
LINGO1,0.55796844
MGST3,0.5579641
ITGAE,0.55796266
OSGEPL1,0.5579612
IQSEC1,0.5579593
NAT1,0.5579536
EIF2A,0.55793023
IPO13,0.5579154
LYAR,0.55786335
IFI44,0.55785674
MED19,0.5578313
MRPL19,0.5578107
ZNF184,0.55780244
FZD4,0.557802
MYCBP,0.55779326
MAP3K10,0.5577887
IL6R,0.5577736
LMF2,0.5577661
NOC3L,0.55776066
NSMAF,0.55775565
RASAL3,0.55775344
PARP3,0.55774677
FAT4,0.55774117
FKBP15,0.5577291
DIS3L2,0.557723
ITGA4,0.55771637
HDAC6,0.5577116
MYO5B,0.5576761
NMNAT2,0.5576683
INPP5E,0.5576663
ICMT,0.5576496
EPB41L1,0.5576462
PRICKLE2,0.5576402
GALNT11,0.55762076
ITGA2,0.5576193
HAUS4,0.5575923
DNAJB4,0.5575911
KANSL2,0.55758256
INTS12,0.557574
MUL1,0.55752975
NAPG,0.5575273
MRPL40,0.5575235
NFATC1,0.55747676
ETFA,0.5574727
MRPS14,0.5574686
PHF11,0.55744547
FKBP3,0.5574282
LONRF1,0.5574148
INPP5K,0.55739236
MAK16,0.557375
PIGO,0.5573627
KIF3C,0.5573564
LMBR1L,0.55734235
MTX1,0.55733466
MRPL33,0.5573157
L3MBTL1,0.5573132
GGH,0.55730677
GDF11,0.5573063
FOSL2,0.5573043
IMPA1,0.5573022
MRPL22,0.5572938
OXSM,0.55724376
FMNL3,0.5572416
MAT2B,0.55723536
GDAP1,0.5572336
ICAM3,0.5572323
INO80C,0.5572306
MRPL35,0.55722845
MED29,0.55722135
DGKH,0.5572213
IRF5,0.5572157
MLYCD,0.5571951
HAUS5,0.55719113
LCP2,0.5571743
GOLGA1,0.5571731
EIF3G,0.5571707
MRPS15,0.55715275
LPAR2,0.5571334
FBXL5,0.55713224
MED21,0.5571317
MIS12,0.5571273
NABP1,0.55711037
MED6,0.55707616
EMC10,0.5570531
FARSA,0.55702233
FBXL17,0.5570071
KRI1,0.5570037
MTO1,0.55698943
MCEE,0.55698806
DDX46,0.55696756
MRPS23,0.55696225
HSPB11,0.55695415
MAPRE3,0.5569447
IFT20,0.5569407
MRPS10,0.5569381
GPN2,0.5569324
IWS1,0.5569314
NDUFA12,0.5569245
NCF2,0.5569148
MPP7,0.5569064
GGCX,0.5568879
PCDH1,0.5568816
MOCS2,0.5568696
MRPL54,0.55686796
DNM1,0.5568547
IKBKG,0.5568517
LY86,0.5568456
MED20,0.5568419
NOMO3,0.5568337
MYH14,0.5568236
MAP3K5,0.55681884
GTF2H1,0.5568136
HSD17B7,0.5567987
NFU1,0.5567941
G6PD,0.5567759
MMACHC,0.5567737
MED8,0.55675006
NOM1,0.5567444
HMOX1,0.55673784
FAF2,0.55671865
IRF9,0.5567135
DAZAP1,0.5566955
ELP6,0.55669135
NIT2,0.5566871
GNPTAB,0.5566757
KRT80,0.5566718
EXOC6,0.556658
IPO4,0.5566508
IRF8,0.5566507
KIF15,0.55665034
PARP9,0.55664325
MKKS,0.5566377
MTFMT,0.55663764
KCTD1,0.5566278
KCNS3,0.5566236
HAUS8,0.5566208
MAPK12,0.55661803
GTF2B,0.55658907
PAPSS2,0.55658907
FOXRED1,0.556585
MMAB,0.5565715
EIF3K,0.55656636
FAM120B,0.5565422
LDB2,0.55653125
NDUFB8,0.5565281
MED17,0.5565235
ISG15,0.55649686
EGLN2,0.55647236
GSTK1,0.5564558
MED26,0.5564495
FERMT3,0.55644023
HCCS,0.55643845
NEDD1,0.55641913
GAB1,0.5564101
EXOC3,0.5564
LSM7,0.55639386
PDE12,0.55639124
NAF1,0.5563897
GRHPR,0.5563772
MRPL16,0.5563598
IQCE,0.55635107
FBXO38,0.55634326
MBOAT1,0.5563235
GNS,0.556306
NID1,0.5562976
IL20RB,0.55629486
HLA-DMB,0.5562925
GSTM2,0.5562703
KATNA1,0.55625844
FBXL2,0.5562536
MEAF6,0.55624557
LARP7,0.5562229
LAMTOR3,0.5562158
FBXL19,0.55619615
ITGA11,0.5561921
LIPA,0.55618995
KATNB1,0.55616987
NNMT,0.5561569
KCNG1,0.5561512
ITGB2,0.5561434
EEF2K,0.5561314
LLGL1,0.5561285
SDHAF1,0.55612504
NDUFS7,0.55610484
FBXO7,0.55610335
PEX16,0.5560992
FLOT2,0.55608594
LSM5,0.55608267
MTHFS,0.5560823
GADD45B,0.556077
IFT81,0.55606806
GPCPD1,0.55606496
ITGB7,0.55605793
ING4,0.55604964
LSAMP,0.5560478
NINJ1,0.55604434
EPAS1,0.55603415
MRPS22,0.55602914
POLM,0.5560286
LOXL1,0.5560224
LNX2,0.5560149
MPHOSPH8,0.55601335
MAGOH,0.55601263
GNL3L,0.5560042
MRPL18,0.5559606
MRPS17,0.55595887
EIF2S2,0.55595434
MCCC1,0.5559538
MAN2A2,0.5559455
ESD,0.5559439
MRPL46,0.55594265
PCDHB5,0.555926
HOXB4,0.55592567
MSRA,0.55592316
HSPA14,0.55588424
IFT172,0.5558602
LRRC40,0.5558532
LTBR,0.5558448
GNB2,0.55583555
EXOC5,0.5558045
JAG2,0.55580395
MVP,0.55579966
KRTCAP2,0.555786
MUS81,0.5557776
ERCC8,0.5556964
EIF2S1,0.5556904
DDX21,0.5556798
NTAN1,0.55565214
L3HYPDH,0.55561846
MBD6,0.5556175
LRP12,0.5555976
NDOR1,0.55558944
IL21R,0.555581
KRIT1,0.5555789
HSF2,0.55554867
MON1B,0.5555452
MBD4,0.555539
HECTD3,0.55551004
EXOC7,0.55550724
EIF6,0.5554416
MAP1LC3B,0.5554377
IL16,0.5554366
GTF3C2,0.55543095
LAMP2,0.55540645
HAUS1,0.55540234
ERI1,0.5554014
ENO2,0.5553877
E2F7,0.5553773
EIF3J,0.55533165
GCDH,0.5553268
EIF2AK4,0.55531865
EIF2D,0.555289
KANK2,0.55528474
EIF4E2,0.5552694
KIF3A,0.55523795
FAM168B,0.5552286
MRPL55,0.5552281
DYNLL1,0.5552259
ERLIN2,0.5552195
FIS1,0.5552115
EHD4,0.55520576
IFNGR2,0.5552049
JMY,0.55519956
FCHO2,0.5551953
HAUS6,0.5551812
GOLGA2,0.55516034
FBXW2,0.5551422
HACL1,0.5551098
HPDL,0.5551097
IDH3G,0.5551065
DNAJC1,0.5550943
HIRA,0.5550931
KRR1,0.5550808
GOLM1,0.5550707
LLGL2,0.55505586
MAP4K2,0.5550536
DLST,0.5550528
GPR180,0.5550505
IL2RG,0.5550477
INPP4B,0.55502594
HLA-DOA,0.5550017
HVCN1,0.55499536
HNRNPLL,0.5549655
INPP5A,0.5549503
KLHDC2,0.55494386
LSM3,0.5549197
INPP5F,0.5549001
KRT10,0.5548986
MAFK,0.55488926
MRPL24,0.5548759
NR1H3,0.55487156
DNM3,0.55487067
MPC1,0.55486906
MPHOSPH10,0.55486614
GOT1,0.55484384
GUSB,0.5548256
LEPR,0.554789
MBIP,0.55478585
INPP4A,0.5547825
HADH,0.5547592
IFNLR1,0.5547558
ENTPD4,0.55474836
HBP1,0.5547283
EIF3M,0.5547249
KLHL20,0.5547222
GLE1,0.55470175
GSTZ1,0.5546946
HEPH,0.55468845
NDUFB6,0.55467474
FBXW5,0.5546268
IGFBP7,0.5546181
HGSNAT,0.5546125
FASTKD2,0.55459464
GGA1,0.55456376
EPC1,0.5545378
MOB2,0.55452985
DSTN,0.5545142
INSIG1,0.5545095
EPHB4,0.55449635
FGD4,0.5544874
GTF2F1,0.5544667
KIF26A,0.55445343
GTPBP10,0.5544343
IFT27,0.55443007
LMBRD1,0.5544277
IDH3A,0.55440944
IRF2BPL,0.55440545
KLHL2,0.5543988
MAN2C1,0.5543938
KIFAP3,0.55438733
KLHL9,0.55436933
IRF1,0.55436176
FBXL18,0.5543498
FURIN,0.5543406
KAT5,0.55433875
FMR1,0.554337
IFIH1,0.5543176
GGCT,0.5543152
GIPC1,0.55431396
MTF1,0.5542556
FXR2,0.55422837
KDM1B,0.5541713
MBP,0.5541614
KLHL22,0.5541181
GTF2A1,0.55410206
NCALD,0.554098
MINPP1,0.5540764
LEO1,0.5540722
KLHL25,0.554061
GCA,0.5540552
KLHL21,0.554048
GTF3C4,0.55403614
HPS4,0.55398333
GPR153,0.55397457
INO80D,0.5539276
LCMT1,0.55391586
GRPEL1,0.55391353
HMMR,0.5539092
HECTD2,0.55389285
FLRT2,0.5538551
HPRT1,0.5538484
DNAJC8,0.55384445
KLHL42,0.5538326
FEM1B,0.55378616
FTSJ3,0.5537705
LGALS8,0.5537698
GAK,0.5537516
GRWD1,0.5537448
GPAA1,0.5537172
GINS1,0.55371094
MCM10,0.55367047
GDI1,0.553665
ELF1,0.5536514
GSDMD,0.5536274
GYS1,0.55362713
FZD6,0.55361557
GLRX5,0.5535976
GBA2,0.5535972
DOCK4,0.5535807
ERF,0.5535132
EXOSC10,0.5534874
IFT122,0.5534813
IFT140,0.5534764
GARNL3,0.55347514
FN1,0.5534657
MRPL13,0.5534553
HDAC9,0.5534435
GPC1,0.55341655
FKBP5,0.5533976
GAR1,0.55339175
MXD1,0.5533765
FLOT1,0.55337614
GFPT1,0.5533736
GRN,0.553335
IDH3B,0.55331695
FNTA,0.5533083
IBTK,0.55326486
KATNBL1,0.55324674
METTL22,0.55323493
HTATSF1,0.55322504
LSM10,0.5532168
GPR89A,0.55318105
LRWD1,0.5531104
EI24,0.55309135
GPT2,0.5530867
KCNK5,0.55308205
INTS9,0.5530793
GJC1,0.55305976
EXOSC2,0.5530267
HAT1,0.5530209
FBXO21,0.55299973
DTL,0.55296576
FYCO1,0.55291235
GEN1,0.5529099
GNPDA1,0.55287963
HACE1,0.552857
GFM1,0.55279106
HOXB6,0.5527794
IFT52,0.55276597
FBXO22,0.55273074
GNG5,0.55271447
EMC1,0.55267704
KDM6B,0.55267626
HPS6,0.5526394
HERPUD1,0.55263865
MALSU1,0.5526319
ESRP1,0.55261934
GINS4,0.5526051
IRF7,0.55259705
IPO8,0.5525857
LIN9,0.5525646
HMGXB4,0.55252975
GTF2E2,0.55251986
FAM110B,0.5525131
HNRNPUL2,0.5525017
EVL,0.5524915
GDE1,0.55247724
HMG20B,0.55243766
MED23,0.55242914
G6PC3,0.5524245
EIF4EBP1,0.5524073
HSPBP1,0.552369
FZR1,0.5523677
FAM3C,0.5523606
GUF1,0.5523549
HEXIM1,0.5523485
GPSM3,0.5523471
GNAL,0.5523099
GNPAT,0.55230737
HS6ST1,0.5522509
FPGS,0.5522362
HADHB,0.55222803
GLMN,0.55220467
HMGCL,0.55220187
GPC4,0.55219996
IMPDH1,0.5521502
FARP2,0.552105
FBXL20,0.5521018
EPHB2,0.5520677
FBXO30,0.55198187
GTF2H3,0.5519633
FBXW4,0.55193484
FUT8,0.55188996
FAM126A,0.55186003
GMEB1,0.5518473
HPS3,0.551838
EYA3,0.55181956
HEXA,0.5518195
INSR,0.551791
GNG12,0.55168194
GRK6,0.5516194
DNAJC13,0.55155313
GNL1,0.55143267
GPSM2,0.55141187
EGLN1,0.5513607
GADD45GIP1,0.5513504
GALK2,0.55130017
GABBR1,0.55127746
L3MBTL2,0.55119795
GCLC,0.551149
GID8,0.5510676
GNB4,0.55103254
ELP2,0.5507252
FBXO9,0.5507203
GIT1,0.5505381
EIF5B,0.54977846
GK5,0.54949415
GNPTG,0.5492963
