Gene Name,Score
AADAT,0.73052365
ABCD1,0.7302635
ABCB10,0.7297173
ACD,0.729627
ACER2,0.7296179
ABTB1,0.7295481
ACE,0.7294969
ACOX2,0.72921604
ACAA1,0.7290872
ACOT7,0.7289087
ACOT2,0.7288003
ACP5,0.72860336
ABR,0.72858256
ACAT1,0.7285488
ACSS2,0.72850394
ADAMTSL4,0.7284859
ACAT2,0.72845435
ACOX3,0.7282406
ADAMTS10,0.72822696
ABCF1,0.7280111
ADRA2A,0.72797465
ACAD8,0.7279359
AGER,0.72789514
AGPAT2,0.7277272
ALG12,0.7276125
ALPL,0.72758836
ARHGEF4,0.7274048
ACOT13,0.7271052
AK1,0.7270514
ACSS1,0.7268373
ACTR1A,0.726757
AKR1B10,0.7266435
ADAM19,0.72660875
AKR1C2,0.726593
ALG3,0.72654283
ALDH5A1,0.7264292
ACSM3,0.7263625
ALYREF,0.72624654
ADAMTS13,0.72623307
AKTIP,0.72622496
AGK,0.7260455
AP3S1,0.72603214
ALDH16A1,0.72599417
ADPRM,0.7259122
ANAPC13,0.72582304
ANAPC16,0.725716
ADAT2,0.7257063
ATL1,0.72567785
ANO2,0.7255444
AKR1A1,0.72547877
ACOT11,0.7254162
ATP6V0A2,0.72537905
ALAD,0.7253643
ARL8A,0.7253483
CAPN7,0.72524846
ACSL4,0.72524744
APOO,0.7251942
ALG14,0.7251636
ALG10,0.7249471
AP4B1,0.72486776
ACSL1,0.72484773
ALG9,0.72483474
CCP110,0.72476923
APBB3,0.7247508
APOBEC3G,0.72459847
ARMC8,0.7245723
CHMP4C,0.72451735
BEND3,0.7244515
CABLES2,0.7244268
CALCOCO1,0.7240763
ANXA7,0.72404075
ALDH1A1,0.72401565
APBA3,0.72400856
ACVR2B,0.72400534
ARHGEF26,0.7239951
AKT1S1,0.7239913
ANLN,0.7239852
APBB1IP,0.7239729
BFSP1,0.72397053
ASAP3,0.7239221
CCNK,0.7239196
ARF1,0.72391564
ALG1,0.723863
CMC4,0.7237535
AP4S1,0.72370696
ACAD9,0.72363746
BDKRB2,0.7235825
ATP6V1C1,0.7234772
BRWD1,0.7234316
B4GALT3,0.72341716
ASB8,0.7233789
AP2M1,0.723343
ATXN2L,0.7233282
ARHGAP18,0.72331583
ALDH18A1,0.72330236
AP5M1,0.7231555
ARRB1,0.7231503
ARHGDIB,0.72305363
BCKDHB,0.7229499
ANKRA2,0.72281736
ACBD3,0.72280407
CCT2,0.7227793
ARNT2,0.72274077
BLCAP,0.72274005
CALU,0.7226882
ARHGAP33,0.7226804
ADPGK,0.7226771
ARPC4,0.7226415
BNIP3,0.7225681
AK4,0.7225501
ARFGAP3,0.7224476
ANAPC5,0.7224386
CDK7,0.72242635
ARL6,0.72239894
AHCTF1,0.72239125
ARHGEF9,0.7223469
B4GALT4,0.72232336
ARHGAP11B,0.7222267
ADRM1,0.7221875
BOLA1,0.7221816
AIFM1,0.7221018
ARHGAP27,0.72209626
ARL3,0.72200924
BOC,0.7218692
B3GNT7,0.7218369
ACYP1,0.7217536
CAPZA1,0.72166896
AMMECR1,0.72162145
ANTXR2,0.72156894
COMMD3,0.7215234
BCS1L,0.72146857
B3GNT5,0.72142446
ADAM12,0.7213996
CPT1A,0.7213806
ANAPC2,0.72137976
ANAPC4,0.72133166
ALCAM,0.721315
BUB1,0.7212772
CDCA3,0.721271
AIMP2,0.721234
C6orf120,0.72119534
ATF4,0.7211429
ATG2A,0.7211246
CLEC3B,0.7211172
ANKZF1,0.7210919
DOLK,0.72105217
ASB13,0.7210319
BMP2,0.72089654
APTX,0.72068167
AGAP2,0.7205953
BZW1,0.7205804
CORO1C,0.7205082
ANAPC7,0.72048557
ALG13,0.72045374
COPB1,0.72036815
AHCY,0.7203616
ASB7,0.72035104
ALG6,0.72032434
CCNB1,0.7202727
AP1S2,0.7202531
CHMP6,0.7202118
ADI1,0.7202052
ASAH1,0.72019154
B3GNT4,0.7201701
B4GALT7,0.7201689
ARPC2,0.7201499
CASZ1,0.72012514
ADAM28,0.72012347
CAMKK2,0.7201171
CDCP1,0.7199739
AKAP5,0.71997285
CACNA1C,0.7199511
CD2BP2,0.71992433
ARSD,0.7197641
CD300A,0.71970785
ADAM17,0.71970206
BUB3,0.7195834
BATF3,0.7195642
ARF4,0.7195567
CACNB3,0.7195468
C1GALT1,0.7195358
ATG3,0.7195117
CCDC40,0.71943223
CDIPT,0.71941936
COQ5,0.71941096
CCNA2,0.71940434
COX6B1,0.71936566
CCDC91,0.71933556
CDC25B,0.7193094
APOC1,0.71930647
BAG4,0.71930635
AP3M1,0.7192323
ACADS,0.7192133
CTPS1,0.7192089
ARSA,0.71913856
ATF6B,0.7190799
CANX,0.718952
AMBRA1,0.7188907
ADCY7,0.71888626
BIRC5,0.718831
ACSL5,0.7187711
CDK20,0.71874917
C1D,0.7186708
CASP10,0.7186603
BMF,0.7186169
ACVRL1,0.7186103
CAPN10,0.71853775
ATP2A1,0.71845603
FGD3,0.7184418
AMOT,0.71843755
BLNK,0.7183471
BDKRB1,0.71831346
C7orf26,0.71828
C2,0.7182518
BRD8,0.71824133
CES2,0.718212
ATP6V1H,0.71820384
BAMBI,0.71819645
BBS2,0.71817774
ACOT1,0.7181631
ANP32E,0.71812946
BTF3,0.7180118
BAG6,0.7179639
BRPF3,0.7179306
COQ3,0.71791124
BLOC1S1,0.71784717
ASH1L,0.71783686
ACP1,0.7177934
ACIN1,0.7177783
ATG4D,0.71775806
ASRGL1,0.71775436
CAT,0.7177532
CELSR1,0.7177087
ANP32B,0.717622
CD1D,0.717622
DDX60,0.7176159
CNIH1,0.71760386
ASCC1,0.7175874
CD47,0.71748763
COL24A1,0.7174721
CD6,0.7174718
BAK1,0.71744716
ATAD2,0.7172556
DXO,0.7171608
AOC3,0.7171607
CAPN1,0.7170922
ARHGAP4,0.71708256
DEPDC5,0.71707636
ADAR,0.7170622
CCR10,0.7170578
CARF,0.71703875
CADM1,0.7169962
B4GALT1,0.7169515
BGN,0.716883
ADAMTS5,0.7168541
CDC7,0.71681374
ASPHD1,0.71679676
ARSG,0.716762
C12orf66,0.7167185
GINS3,0.7165986
ARNTL2,0.7165364
CBR3,0.71653175
AGPS,0.7165154
B9D2,0.71647865
C2CD2,0.7164395
CENPO,0.7164151
GNE,0.7163887
APP,0.7163881
ACTR1B,0.7163838
DIABLO,0.71636206
DDX1,0.71634525
CHST12,0.71632576
ELK1,0.7163235
COIL,0.71629703
CALM1,0.7162948
ASIC1,0.7162474
EYA2,0.71621317
ADM,0.7161824
ARPC5,0.71617883
AP2S1,0.7161754
CENPC,0.71609825
BNIP3L,0.7160134
ARHGDIA,0.71601295
ATG14,0.7159885
CGNL1,0.7159863
CCT4,0.71595657
CCAR1,0.7159344
ARF3,0.7159283
BTD,0.7159141
ARHGEF2,0.7158964
ADAMTS14,0.71587497
DPH5,0.7157947
HEYL,0.7157336
AKR1C1,0.71572185
ARL13B,0.7157151
DENND2C,0.71570295
ARL2,0.7156656
ARAP1,0.7156292
BAIAP2L1,0.7156137
ADAMTS2,0.71557367
ALKBH3,0.71554613
ADAM22,0.71554536
CCT8,0.7155164
CCNB2,0.71543676
CCDC68,0.71542263
CYBA,0.7153639
ARL8B,0.7153568
CAMLG,0.7153297
CAP1,0.7153241
CEP76,0.7153061
CPT2,0.7152525
ARCN1,0.7152188
CCNY,0.71521014
ATP6V1E1,0.71520233
AKR7A2,0.7152012
COTL1,0.7151779
COL8A1,0.7151663
EGLN2,0.7150489
ADAMTS9,0.71500325
ARSJ,0.7149824
CCNG2,0.7149383
CD320,0.71486706
ATP6V1D,0.7148647
APAF1,0.7148542
CAPRIN1,0.7148197
CDK14,0.7148089
EPC2,0.71480757
EPS8L2,0.7148022
CABLES1,0.714802
CABYR,0.7148004
CCT7,0.71479654
CD68,0.7147593
DPH3,0.7147163
ECHS1,0.71471614
ABHD12,0.71471095
ABI3BP,0.7147051
BCAP31,0.7146775
BCKDK,0.7146752
CIB1,0.7146639
ARL6IP5,0.71465695
BSG,0.7146399
CLIP3,0.714544
BACH1,0.71453756
ANKRD28,0.71453124
ARHGAP6,0.71452564
ANPEP,0.71448416
DDIT4,0.7144541
BMS1,0.7144206
CPSF7,0.71441674
CDCA8,0.714403
ATP7A,0.7143666
CYP2D6,0.7143487
CD180,0.71433336
DLGAP4,0.7143245
DHX15,0.7143162
CHKA,0.7143134
AMPD2,0.7142573
ACOT8,0.714232
ACTL6A,0.71421033
CSTF1,0.7141606
AFMID,0.71415395
BIRC6,0.7141055
BCAT1,0.71410453
AHSA1,0.7140778
DENND2D,0.71404874
ASAP1,0.7140476
CDK5RAP2,0.71404195
ATP6V0B,0.71403563
BIRC2,0.7140336
ANXA2,0.71402776
AHRR,0.71401954
DNAJB4,0.7139627
AP2A2,0.7139437
BUD31,0.71393335
ANKRD27,0.7138428
EAF1,0.7138237
CASP6,0.713789
ARHGAP30,0.71375495
DUT,0.71373963
APOE,0.71368235
DNAJC3,0.71365076
ARG2,0.7136396
CHMP5,0.7136206
FAM110A,0.7135198
ALMS1,0.71349245
AP2B1,0.7134904
BAIAP2,0.713417
CETN3,0.7134149
BPNT1,0.71338993
GSTM4,0.713385
GFI1,0.7133695
ASB6,0.71333826
CDK2AP1,0.71333814
CAPN2,0.7133131
BANF1,0.7133003
BECN1,0.7132856
CDCA7,0.7132661
CMPK2,0.7132451
ATP1A3,0.7132372
DOCK10,0.71323025
CD38,0.7131893
CNNM2,0.7131783
CD5,0.7131698
CDH6,0.71316624
CNOT4,0.71314347
ANKFY1,0.7131323
DMTN,0.71312255
EFNB3,0.7131085
AGFG1,0.7130911
ARL4C,0.7130821
CSTF3,0.7130744
CTC1,0.71300244
COMMD5,0.7129868
CD55,0.71295834
CBX1,0.71295834
CERS6,0.71291435
CAPNS1,0.7128955
HK3,0.7128803
DNAJA3,0.7128687
EMC4,0.71284276
CDK5RAP3,0.7127788
CERS4,0.7127773
COG1,0.71276796
FCHO1,0.7127656
COLQ,0.7127524
COPZ2,0.71274835
CNTNAP1,0.71273917
EFNA1,0.7126999
BMP4,0.71268433
COL4A1,0.712655
ATP6V0C,0.71265465
BTN3A1,0.7126458
AGPAT1,0.7126299
CAMK2G,0.71262175
CD247,0.7125342
ARAP3,0.7125027
BRD2,0.7124625
CAMK4,0.71242636
ECH1,0.7123871
FAHD2A,0.7123741
CD200,0.7123564
CCDC115,0.7123254
APLP2,0.7123119
COL18A1,0.7122284
CD48,0.7122107
CDK17,0.7122097
BACE2,0.71220785
ARFGEF2,0.71218485
CELSR3,0.71217847
BLVRA,0.7121741
CES4A,0.71212333
APOBEC3C,0.7121179
DTNB,0.71210986
CHID1,0.7120978
BTBD1,0.7120682
BLOC1S6,0.7120042
CUBN,0.7120007
DIMT1,0.71198833
BLVRB,0.71194106
APBB2,0.711908
DCTN4,0.7119025
AP5Z1,0.71189225
ALAS1,0.71181583
CHCHD1,0.71180755
CDK11B,0.7118069
CHRNB1,0.71180075
DCAF10,0.7117849
CASP4,0.7117847
BOLA3,0.7117503
CEP164,0.7117428
CENPE,0.7117406
BLZF1,0.71172714
ARL4D,0.71167743
CLASP2,0.7116625
CBX5,0.7116221
ARHGAP44,0.71160567
CENPN,0.71158534
CEP170,0.7115431
ALDH7A1,0.7114975
COG6,0.7114918
CNPY3,0.7114817
CD63,0.71147513
CCNE2,0.71144015
ATG10,0.71143246
CBY1,0.71141934
CARD9,0.711417
B3GNTL1,0.71140385
BRD1,0.7113312
ATP1B2,0.7113083
CKAP4,0.71130466
ALKBH8,0.71128875
BRPF1,0.7112658
BTAF1,0.7112634
AUH,0.7112601
CDK2,0.7112573
CLN8,0.71122557
BTF3L4,0.71111935
F13A1,0.7111189
ARHGEF3,0.71111536
ARHGEF11,0.71110785
BHLHE40,0.7111037
CCNL2,0.71105975
BRF1,0.7110569
CCT3,0.7110463
CCDC88C,0.7110145
KCNMB3,0.7109674
ASAP2,0.71093434
ADNP,0.7109304
CIT,0.71090126
ANXA1,0.7109004
C12orf65,0.7108871
CCT5,0.71086246
CLDN12,0.7108602
CDC27,0.71082526
CACYBP,0.71081287
ATF2,0.7107867
C1QBP,0.7107727
CRELD2,0.71076167
CYB5R3,0.71074677
CHSY3,0.71070075
DISP1,0.7106941
AREL1,0.71068
CLK1,0.7106739
FPGT,0.71067244
ALDOA,0.7106536
CHCHD2,0.7106386
CHMP1B,0.7106368
INMT,0.71062773
CNOT10,0.7106145
COQ4,0.71059126
CEP72,0.7105901
CENPK,0.7105738
CSNK1G3,0.7105732
CCDC97,0.7105515
GABPA,0.7105502
CAST,0.7105474
CERS5,0.7105381
GSTZ1,0.7105224
BLOC1S4,0.7105058
BPTF,0.71049935
DERL1,0.71048915
ASCC2,0.7104714
FRMD6,0.71046096
CAND1,0.71044636
CHI3L1,0.7104393
CHMP2A,0.71042407
COL7A1,0.710408
DDX28,0.710402
CMPK1,0.71038485
CEBPZ,0.7103623
AIFM2,0.71035236
ADIPOR1,0.7103514
B4GALT2,0.7103193
BCCIP,0.71031755
BLOC1S2,0.7103175
BAHD1,0.71030664
ITGAM,0.7102661
DCAF15,0.7102459
EXOC7,0.71024173
CENPJ,0.7102181
CNOT6,0.7102166
CC2D2A,0.71019614
ARHGAP21,0.7101921
CD96,0.7101919
CMTM7,0.71018064
DAPK3,0.71011806
ALKBH5,0.71011513
BANP,0.7100985
CDH24,0.7100933
DHRS3,0.7100808
CSNK1E,0.7100651
CARD10,0.71003973
CHML,0.71003294
CSPG4,0.71002275
CLASP1,0.71001166
EIF6,0.7100032
ACOT4,0.7099675
LY96,0.7099461
AASDHPPT,0.7099307
BYSL,0.7099304
CTDP1,0.70992035
CDCA2,0.70990777
BIN2,0.7098724
ATP2A2,0.70986813
CCNT2,0.7098508
CHAF1B,0.70985025
ADSL,0.7098499
ATP11A,0.70984745
GNPDA1,0.70983404
CD81,0.7098304
ALDH9A1,0.70980686
ATG4A,0.7098023
APLF,0.70979977
B3GNT2,0.7097889
ASS1,0.70978445
CAPG,0.70976776
CHMP3,0.7097554
CLEC2D,0.7097424
AP1G1,0.7096939
AGPAT3,0.709693
ADCY1,0.70969105
HMOX2,0.7096881
COPS6,0.70968664
BATF,0.709674
CHMP4A,0.70967364
DFFB,0.709668
BIN1,0.709665
DPY30,0.7096485
CAPN15,0.70964515
CIAPIN1,0.70962507
DOCK6,0.7096197
ASB1,0.7096195
DHX33,0.7095931
GALNT6,0.70957667
BCAR1,0.7095722
CD46,0.7095551
ARFGAP1,0.7095544
DDHD2,0.7095452
AGTRAP,0.7095226
CDR2,0.7094925
CD9,0.7094829
ATXN10,0.70946383
COG5,0.7094522
DDX54,0.70945066
CS,0.7094344
GPR160,0.7093751
CCDC93,0.7093447
DDX23,0.7093403
AHCYL1,0.70933247
COL8A2,0.70932317
CACNA2D2,0.7093137
CDKN2AIPNL,0.7092918
AFTPH,0.70929164
DDOST,0.7092594
HERC5,0.7092398
BRCC3,0.7092287
ATP8B1,0.7092257
CTU1,0.70921856
ARHGAP25,0.70921713
CNOT11,0.70921427
AP3B1,0.7092061
CLPX,0.70918185
CREB3L4,0.7091662
CNOT6L,0.70915616
CTSB,0.7091473
ATG16L2,0.709133
GLDN,0.7091191
DCAF13,0.7091179
ACOX1,0.7090939
DVL2,0.7090659
CD53,0.7090635
ARF5,0.70904064
E2F5,0.7090364
CNOT8,0.7090213
ACTG2,0.7090132
ATP2B4,0.70897514
ANO1,0.70897037
BRAP,0.7089375
AGA,0.7089221
CDC37,0.70892185
EEF2K,0.7089209
ARL1,0.7089136
CNN2,0.70890445
FZD5,0.70889497
CDC42BPB,0.7088899
ADK,0.708876
CYFIP2,0.70884323
EEF1A1,0.7088313
CAP2,0.70882356
ATXN3,0.70880693
CHCHD6,0.70877343
BRD9,0.70875233
BATF2,0.70874864
COX11,0.7087281
CHN2,0.70872617
CCDC86,0.70872223
CLIC1,0.7086889
ARHGAP9,0.7086809
CHTF18,0.70865583
COPS3,0.7086516
CYFIP1,0.70864516
CHD9,0.70863366
CLEC2B,0.70860493
CEBPG,0.70860416
CDC40,0.7086019
ATP1B1,0.7085964
ASPH,0.7085887
AP1S3,0.7085844
DDX39B,0.7085715
DHTKD1,0.70856905
ADAM23,0.70851237
EXOSC4,0.7085102
CCZ1,0.70850295
CEP70,0.70850134
CHMP4B,0.7084947
CDC14B,0.7084688
DUSP19,0.70846736
C11orf49,0.7084505
F8,0.70844215
CEP250,0.70843786
ALS2,0.7084329
HAUS2,0.70840925
ARHGAP24,0.7084026
AKAP1,0.70839214
CTSZ,0.7083879
BRIX1,0.7083836
BICD1,0.70835984
CAMK2D,0.7083357
BDP1,0.7083192
CTNNBIP1,0.70829284
ACTR2,0.70826316
CNOT7,0.7082567
FAM114A2,0.70821595
CCNT1,0.7082072
DAPK1,0.7082061
CLIP2,0.70819885
COPS7B,0.708195
CKAP5,0.70818174
ASPM,0.7081387
ACTN1,0.7081169
CORO1A,0.7081008
ATP6V0E2,0.7080911
CELF1,0.7080895
CLK3,0.7080848
BOP1,0.7080716
CYB5A,0.7080614
APPBP2,0.70805407
COG4,0.7080477
DENND3,0.70802057
CLN3,0.70801365
C1R,0.7080058
CCR7,0.7079933
CHSY1,0.70797825
CNOT1,0.7079772
DNAJC9,0.70796406
ARHGEF6,0.7079574
GLA,0.70794314
DMD,0.70793146
CDYL,0.7079274
CFL1,0.7079226
BCL7C,0.7079219
CABIN1,0.7079186
DENR,0.7079046
CHUK,0.7079022
C1GALT1C1,0.7078784
AIF1,0.70787495
C5AR1,0.70785904
CEP57,0.70781004
DOCK8,0.70777345
CAMK1D,0.7077526
CKAP2,0.70773387
CPSF2,0.70773077
CHD1,0.70771277
CXCL14,0.7077091
COL12A1,0.70769626
CDC42BPA,0.70768946
BAG5,0.7076833
ADCY5,0.70767945
CDC25A,0.7076787
EEF1E1,0.7076776
COPS2,0.70767534
DVL1,0.7076635
AMY2B,0.70762914
ANO7,0.7076074
FARSA,0.70760363
ACLY,0.7076025
CBFA2T2,0.7075956
CHERP,0.70759094
CAPZB,0.7075908
C2CD5,0.7075564
FOXP3,0.70755523
CRABP2,0.70754206
ATG9A,0.70752776
DHCR7,0.7075215
DCP2,0.7075185
CCNL1,0.7075144
DCAF6,0.7074762
C3orf38,0.70746595
BFAR,0.7074215
CEP55,0.7074159
CLOCK,0.7073928
BAZ2A,0.70738405
ANP32A,0.70738053
ATN1,0.7073697
COPA,0.7073646
APOOL,0.7073361
GGH,0.70731574
CNTLN,0.70728964
ADAM15,0.7072275
DYSF,0.7072254
EXOC2,0.7072158
CLCN7,0.70721203
ARHGAP17,0.70717597
COL5A1,0.7071758
COL5A2,0.707165
EEF1G,0.7071619
ARRDC3,0.70713115
CRYZ,0.7071294
CLNS1A,0.70711607
CD83,0.7070925
ARIH2,0.7070922
ARFGAP2,0.7070826
AP1G2,0.70706075
AURKAIP1,0.70705783
CCNG1,0.7070539
CLPB,0.7070487
BCAT2,0.7070483
DCAF7,0.7069881
CENPP,0.7069858
CTSD,0.7069821
CDH23,0.70694536
DGAT1,0.7069451
CDKL5,0.7069403
AKAP9,0.70693046
CREM,0.70690364
ERCC6,0.7068913
CXXC1,0.7068906
CEP41,0.7068788
DDX46,0.70685613
BTBD3,0.7068454
CLIC4,0.7068159
ARFIP2,0.7068136
AVL9,0.70681304
CBX3,0.70679754
CHP1,0.7067974
AP1M1,0.7067899
CHORDC1,0.7067568
ARHGEF40,0.7067282
ATG2B,0.70672655
CSNK1A1,0.7067199
CPEB4,0.706714
FDXR,0.7066898
CDK19,0.70668036
GUK1,0.70667267
B3GALNT2,0.7066468
CTSA,0.7066358
CMSS1,0.70662475
CD40,0.7066226
ABLIM3,0.7066134
CHST15,0.70659405
ATAD5,0.706592
ENC1,0.70659065
CCNF,0.7065901
C1orf162,0.7065894
CWC27,0.70657533
CPOX,0.7065528
APIP,0.7065431
DGKZ,0.70654064
CHD3,0.7065305
DCPS,0.70652354
EVL,0.7065196
ATOX1,0.7065176
CACNA2D1,0.70651454
COQ10B,0.70650655
BBS9,0.7064984
DUS1L,0.7064933
DYNC2LI1,0.70648164
BBS10,0.7064749
CENPM,0.7064588
ALKBH6,0.7064153
DDX42,0.7063853
CPSF4,0.70635486
COL4A2,0.70632774
CHD1L,0.70632607
ESF1,0.7063258
EIF4A1,0.7063188
CTIF,0.70628345
COPE,0.7062768
C3,0.70627505
ASGR1,0.7062687
ARIH1,0.70626694
ANXA6,0.7062655
ASL,0.70625114
CENPF,0.70624804
CRTAP,0.70624167
CTNNBL1,0.70621395
EEF1B2,0.7062129
COG7,0.70620733
CEPT1,0.7061938
COL1A2,0.7061872
ECI2,0.7061831
ACAA2,0.7061589
BAG3,0.7061438
CBX4,0.70610607
DBNL,0.7060979
DECR1,0.70609635
ARHGAP32,0.70609206
COX7A2L,0.7060425
CDC34,0.7060362
CTDSP1,0.7060292
ARSK,0.7060266
GLYCTK,0.7060147
CNN1,0.7060095
ANKLE2,0.70599943
CDKN2AIP,0.7059857
CDH5,0.7059798
CYCS,0.70597166
CUL7,0.7059571
DTX4,0.7059553
ANXA5,0.7059491
FMNL2,0.7059488
CDON,0.70593584
DBT,0.7059322
DAZAP2,0.7059274
ALDH3B1,0.7059136
COASY,0.7059127
CBR4,0.70590556
CMTM1,0.7058852
CDK16,0.7058844
C15orf48,0.7058837
COPZ1,0.7058592
ARHGAP12,0.7058381
CRADD,0.70583284
DHX38,0.70582736
EEFSEC,0.7058239
CFLAR,0.7058207
CHD7,0.70581704
BAZ1B,0.70580494
CD99L2,0.705779
C2CD3,0.70574665
DPYSL2,0.7057456
DBI,0.7057454
BTRC,0.7057278
FCGRT,0.70572007
ALG8,0.7057153
CDC16,0.7057146
CCDC59,0.7056841
CPNE1,0.705672
GSPT2,0.70565856
ENSA,0.70565516
COX17,0.7056373
AMFR,0.70562273
ALDH1A3,0.7056162
CEP350,0.70561606
CTDSP2,0.7056111
CUL4B,0.70561016
CALML4,0.7056027
CMYA5,0.70560044
DGKQ,0.70556307
DDB1,0.7055507
ECD,0.70553845
DLG5,0.70553726
CHCHD3,0.70553493
BMPR2,0.70553327
DDX11,0.7055327
ADAM10,0.7055321
COA5,0.70552534
GADD45G,0.7055115
ESPL1,0.70551133
CPSF6,0.70550734
DNTTIP1,0.7055031
CFDP1,0.7054983
BID,0.705487
CLPP,0.70548314
DVL3,0.7054816
CDCA5,0.7054804
EIF3J,0.70547646
CDK13,0.7054745
COL15A1,0.70543784
CA2,0.7054366
ARHGAP19,0.70542526
ACTR3,0.70540875
DERL3,0.70540655
ARHGAP39,0.7053836
DPYSL3,0.70537937
CLCN6,0.7053677
CAB39,0.7053611
CALD1,0.70536083
DDX17,0.70534277
EPB41L5,0.7053168
COX7B,0.7052996
COPS7A,0.70529515
ANGPT2,0.7052917
AHNAK,0.70527387
CTBP2,0.705257
CLDN15,0.7052198
CUL1,0.7052193
CHST14,0.7052102
CSGALNACT1,0.7052014
CDT1,0.70518196
DHCR24,0.7051816
COX10,0.7051345
DNAJC5,0.7051238
EEF2,0.70511913
DDX18,0.7051096
CDK1,0.7050963
PADI2,0.70506823
GDF15,0.70505774
ARHGAP10,0.7050321
APRT,0.70495576
ALDH3A2,0.70491844
CD27,0.7048972
FMO4,0.70488125
DCTN5,0.70487064
CPEB3,0.7048537
ALG11,0.7048526
CMTM6,0.7048217
GGT1,0.70481986
DYRK2,0.70481455
ATPAF1,0.70480585
ATP1B3,0.704805
CD2AP,0.70480233
BCAS3,0.7048018
DHX32,0.7048009
ARAP2,0.70479864
ATAD3A,0.7047945
CTBP1,0.70478725
COLEC12,0.70473033
CHTOP,0.7047051
ATF6,0.70469207
DIAPH1,0.7046861
CDS1,0.704678
CIAO1,0.70467466
CTDSPL,0.70466566
ARHGEF25,0.7046647
CYB5B,0.7046394
CDR2L,0.7046291
DAB2IP,0.7046215
DAAM1,0.70461506
CIDEB,0.7045955
CBR1,0.70459545
DLG4,0.70459104
CARS2,0.70458156
CDC20,0.7045732
CPE,0.70456606
COMMD1,0.7045443
ANTXR1,0.70454407
EMD,0.70454115
DIAPH2,0.7044972
CRK,0.7044841
COL4A5,0.70447356
CROT,0.7044723
CLSTN1,0.70447093
CALM2,0.7044695
DHX8,0.7044554
COA6,0.7044532
AUP1,0.70443827
CYB5R4,0.7044341
BMP1,0.70443314
CSNK1G2,0.7043957
EHMT2,0.70439214
DGKD,0.70439196
CTTN,0.70438945
ATP2B1,0.7043763
BTBD2,0.7043572
DNAJC11,0.704322
BCKDHA,0.7043129
FHL1,0.7043118
DAB2,0.7043065
CCNDBP1,0.7043058
CCDC80,0.70430386
DGKI,0.7042997
DAPK2,0.7042819
D2HGDH,0.70426846
DBF4,0.7042504
BPGM,0.7042487
DCAF8,0.70424485
ERMAP,0.7042369
CHMP2B,0.7042277
ACADM,0.7042234
CLIC2,0.7042189
CHM,0.70420665
CBX7,0.7041966
CATSPER2,0.7041883
COQ9,0.7041786
CDC23,0.70417726
BMP2K,0.70417553
ABCF3,0.70415676
DYRK1B,0.70415145
ARHGAP29,0.7041227
CCM2,0.70411456
CYC1,0.7041069
CHKB,0.70409787
ARPP19,0.7040597
CSGALNACT2,0.7040341
DDX31,0.70403135
BLOC1S5,0.70402515
DNMBP,0.70401704
CYP2U1,0.7040143
FBXO10,0.70400685
EIF4ENIF1,0.70400566
EFNA3,0.70399576
COA1,0.7039841
EHD1,0.70397246
EIF4E2,0.70396703
AGO3,0.7039643
DNM3,0.7039197
DNASE2,0.7039155
FBXW5,0.7039152
B3GAT3,0.7039125
DNAJA1,0.70390064
CWC15,0.70388615
EIF2S2,0.703879
CEP152,0.7038396
DDX39A,0.70383877
ATXN1,0.7038378
CDC42EP4,0.7038366
DPM3,0.70383507
EXOSC5,0.7038075
EEF1D,0.7037983
CYTH2,0.70379615
BTN2A1,0.7037761
CDC25C,0.70377403
COL4A6,0.703765
CWC22,0.7037593
CTSO,0.7037541
EPHB3,0.70375234
FBL,0.70375067
DENND1A,0.7037443
IFT140,0.7037386
EBNA1BP2,0.7037225
COBLL1,0.70371836
DIAPH3,0.70369935
CAB39L,0.70369864
CLTA,0.70369685
CORO1B,0.7036797
CEP192,0.7036706
EXOSC7,0.7036706
EIF1,0.7036488
EVI5,0.70364606
CLK4,0.7036426
GNGT2,0.7036029
EFNA5,0.7035995
CASK,0.7035931
CEP78,0.70359284
FAM91A1,0.7035767
DUSP7,0.7035695
CENPH,0.703565
COX6A1,0.70355874
CXADR,0.7035424
CTTNBP2NL,0.7035328
CRY1,0.70352817
DNA2,0.70351785
COG2,0.70351595
DCAF5,0.70351195
ARPC1A,0.7034754
EMC7,0.70345825
CPNE3,0.7034374
CXCL10,0.70343685
CSE1L,0.7034149
BTN3A2,0.70341474
EIF3D,0.7034122
CEP135,0.7034116
DBF4B,0.7034039
ANK3,0.703393
GCC2,0.70335954
ATXN7L1,0.7033556
DONSON,0.70331436
DCAF17,0.7033127
ECHDC1,0.70331043
DDX24,0.70329875
GET4,0.7032944
DOLPP1,0.7032764
DOK1,0.7032143
CLHC1,0.70321393
CACNB1,0.70320624
IRAK2,0.70317495
DHODH,0.70316243
DYNLL1,0.7031599
C17orf75,0.7031545
CWF19L1,0.70315266
DST,0.7030701
BSCL2,0.7030538
CKLF,0.70305
CMTR1,0.70303065
DDX20,0.70302796
CAMK1,0.7030187
DCXR,0.7030109
EIF3H,0.70301086
DCP1B,0.7030036
CCDC136,0.7030023
CNOT2,0.7029568
CDK9,0.7029496
ADAMTS7,0.7029479
LIN7A,0.70294714
DCTD,0.70293605
COPB2,0.7029281
DIS3L,0.7029201
DNAJA2,0.70290875
CTSH,0.7028763
GDE1,0.70285016
CLINT1,0.7028159
DCP1A,0.7027833
APBB1,0.7027805
DOCK4,0.7027712
DDX50,0.7027603
COG3,0.7027589
PGF,0.7027542
HLA-E,0.7027521
ATF7IP,0.70275086
ATG13,0.70273525
CPEB2,0.7027198
CLDN4,0.70271945
DPF2,0.7027182
CASP7,0.70271754
DCUN1D4,0.70271534
CHRAC1,0.7026929
BRK1,0.7026847
ASNS,0.70266587
CSNK1D,0.7026439
DHDDS,0.70263535
CBLL1,0.7026156
LGI4,0.70261437
DENND4C,0.70261294
CRLS1,0.7025997
EAF2,0.70257837
DNAJC1,0.70254755
EPB41L4B,0.70254165
CPT1C,0.7025392
CERK,0.7025384
CENPI,0.7024965
DPH7,0.7024902
DCUN1D2,0.7024895
EAPP,0.70246035
EIF3L,0.70245504
EIF1B,0.7024308
ABCD4,0.702421
CTSF,0.70241725
CREBRF,0.70241636
CERS2,0.7024087
EIF2AK1,0.7024018
COL27A1,0.7023991
CREB5,0.70238125
CD52,0.70237
CRMP1,0.70235914
EIF2S3,0.7022977
ASF1B,0.7022967
GTF2H3,0.7022373
AGO4,0.70223606
GALNS,0.70223475
EPHB2,0.7022324
GNG5,0.7022304
AP4E1,0.7022236
CIR1,0.70221156
GLUL,0.7021998
CCT6A,0.702191
CACNB2,0.70218706
C2orf49,0.7021418
HPS5,0.7021387
DIDO1,0.70212233
FTL,0.7021127
B9D1,0.70211065
CD69,0.70209414
CORIN,0.7020875
DLAT,0.70208335
CAMKK1,0.7020361
CMTM4,0.7020264
EI24,0.70201313
CWF19L2,0.7020061
DOK4,0.7020035
FARSB,0.701994
CDS2,0.7019887
CHPF,0.70196384
CUL5,0.7019587
DCHS1,0.7019424
G3BP2,0.7019298
ACO1,0.70192116
FDPS,0.70190805
CHAF1A,0.70190775
EIF4H,0.7018982
EIF5,0.7018968
APPL1,0.7018952
DEPDC1B,0.7018943
ELAC2,0.701885
ATG4B,0.7018756
C17orf49,0.70185345
DDX56,0.70185274
IRF6,0.7018469
DENND1B,0.7018452
GBF1,0.70184505
DNAJC2,0.70184255
ADIPOR2,0.7018271
EMC3,0.70182353
CENPT,0.7018149
CTNS,0.7018124
ENTPD4,0.70179105
DENND4B,0.7017872
ARL2BP,0.7017449
CSNK1G1,0.7017175
CDK11A,0.7017052
ACAP1,0.70170414
ERH,0.7016976
ACACB,0.70168173
EDIL3,0.7016813
DPCD,0.70166284
CPD,0.7016585
ANAPC1,0.7016458
DBR1,0.7016337
COMMD2,0.7016201
CEBPB,0.70160294
DHX9,0.701596
CNDP2,0.7015759
CCL5,0.70156676
ELOVL7,0.70156527
CRAT,0.701564
HAT1,0.70156306
CLSPN,0.70155185
DERL2,0.7015431
DHPS,0.7015374
DCAF11,0.701529
DHX36,0.7015212
EHMT1,0.70149595
DENND4A,0.70146036
DHRS4,0.70143706
CYTH1,0.7014139
FAM13A,0.7014108
B3GALNT1,0.7013207
ENPP1,0.70130813
DDRGK1,0.7012893
DYNLT1,0.70127743
DPM1,0.7012677
CD109,0.7012591
ETF1,0.7012561
ATP11B,0.70122975
CYP7B1,0.70122665
CCDC12,0.7012199
HSPA12B,0.7012036
CXXC5,0.7011884
EHHADH,0.7011884
DNAJB11,0.70118475
DTX3,0.7011763
CPSF3,0.7011711
ARFGEF1,0.7011693
DNAH5,0.7011579
GADD45A,0.7011535
EIF5A,0.701147
ELP5,0.701133
CBX2,0.70112437
AP3D1,0.7011042
CPSF1,0.7010863
ARHGEF15,0.7010828
COX18,0.7010693
C17orf80,0.7010664
DDX21,0.7010554
DDA1,0.70105326
KMO,0.7010515
EIF3I,0.7010418
CYP2S1,0.7010387
DRG2,0.7010387
ACP2,0.70102966
EHBP1,0.70100236
GYG1,0.7009991
ETFDH,0.70099854
GMPPA,0.7009967
DYNC1LI2,0.70096964
HARS2,0.7009694
GTF2E1,0.7009686
FBXW8,0.70094097
DDX52,0.700917
FBXL18,0.70091426
GOLGA3,0.70090574
COL16A1,0.7008838
CUL2,0.7008806
CGRRF1,0.7008625
EGLN3,0.7008519
DSEL,0.70084715
DPH6,0.70084697
HECTD3,0.700846
CSPP1,0.7008422
FLII,0.700836
CLDN1,0.7008334
DUS2,0.7007877
EIF2B2,0.70078325
DDX51,0.70078284
CCNH,0.70076704
DLG3,0.7007638
DCUN1D5,0.700755
DHX37,0.7007439
CYTH3,0.7007126
DCTN2,0.7007062
BICD2,0.7006899
KIF13B,0.70068675
DYNC1LI1,0.70066845
DYNLT3,0.7006551
DAP3,0.700644
DCAF12,0.70064276
CSAD,0.7006333
DACT1,0.70062304
DTNBP1,0.7005964
DLD,0.70059437
E2F6,0.7005642
ATP7B,0.7005635
CBX8,0.7005518
GALNT2,0.7005509
DNAJB6,0.70054835
CKS2,0.70054376
FKBP5,0.7005316
GABARAP,0.7005305
IQSEC1,0.7005227
ARRB2,0.700493
KBTBD8,0.70046985
ATP6V0A1,0.70046175
ETFA,0.7004478
COMMD6,0.7004258
ATG12,0.70039785
COQ6,0.70038813
CNNM4,0.7003836
HOXA7,0.70036995
DSP,0.7003698
DDX55,0.7003698
ARL16,0.7003612
CSTB,0.70034397
DDX27,0.70033664
EFTUD2,0.7003364
DRG1,0.7003168
DENND6A,0.70030355
DNAJC24,0.7003029
BRWD3,0.70030195
FMR1,0.70030147
DDX19B,0.70029074
CRY2,0.7002721
CAPZA2,0.7002666
DNAJB9,0.70026404
FBXL12,0.7002608
DCTPP1,0.70024204
CEP290,0.70023614
DR1,0.7002265
CDC37L1,0.7002162
FAM168B,0.700211
ANGEL2,0.70018816
ADAMTS1,0.7001724
DDX58,0.7001449
IL13RA1,0.70014
DNAJC8,0.7001359
DGUOK,0.70013237
DSN1,0.7001301
FMN1,0.70012355
DNM1,0.70012003
AHCYL2,0.70012
ELMO1,0.7001184
KCTD6,0.70010823
FBXO27,0.7000897
DNAJA4,0.7000868
DNAJC15,0.7000784
EGR3,0.7000659
EIF4G2,0.70005137
CMAS,0.7000358
EHD2,0.70002013
EIF2B3,0.7000146
ACTN4,0.6999821
DTL,0.69997334
DLG1,0.6999374
EPN2,0.6999137
DKC1,0.69991297
EMC9,0.6999036
FKBP1A,0.699896
EXOC6B,0.6998707
CTH,0.6998571
ARHGEF1,0.69985485
CNNM3,0.6998526
EIF4G1,0.6998519
EXO1,0.6998418
DNAAF2,0.69981766
CREG1,0.69979316
EFCAB7,0.69978225
DCAF4,0.6997713
EFEMP1,0.6997678
EIF3M,0.69976705
CBX6,0.69975674
DLC1,0.69975644
DCLRE1C,0.6997055
FLAD1,0.6996993
ARHGEF18,0.6996846
DGKA,0.6996656
GIT2,0.69966006
F5,0.6996517
AZIN1,0.6996444
ALDOC,0.6996374
EID3,0.6996267
BUD13,0.6996227
FCF1,0.69962054
DHX35,0.69961923
CHPF2,0.6996179
ENGASE,0.69959927
FLOT1,0.6995932
ADA,0.6995815
CSTF2T,0.69956636
COPS5,0.69955504
CCL4,0.69954467
GFPT1,0.69953495
FBXL17,0.6995289
DENND5B,0.6995164
ADD3,0.6994953
NDUFS7,0.6994895
FZD1,0.69948477
EIF4G3,0.69947875
ATP6V1G1,0.6994695
DOCK2,0.6994687
FOXK1,0.6994677
DGKE,0.6994587
DHX16,0.69944835
ADD1,0.6994258
CTPS2,0.6994117
CKAP2L,0.6993679
GATAD2B,0.6993457
ELF2,0.69933534
FAU,0.6992949
DEPDC1,0.69928646
GALNT14,0.6992774
DLGAP5,0.6992651
EDC3,0.6992509
DMXL2,0.6992473
DMWD,0.6992473
F11R,0.6992399
DNTTIP2,0.69923455
DCTN3,0.69923216
CSK,0.6992314
DSG2,0.6992174
ENO3,0.69921327
CENPL,0.6991932
GBA2,0.69918805
FAM83D,0.69917524
IL20RB,0.6991646
CENPB,0.69916046
ELOVL6,0.6991585
FOS,0.6991523
EIF2AK4,0.6991415
CYP2R1,0.6991269
ARF6,0.6991013
CHST1,0.69909805
ENAH,0.69908583
FGD2,0.6990717
GTPBP2,0.6990692
EMC10,0.69904464
ETS2,0.6990309
DUSP6,0.69903064
CHFR,0.6990305
EXPH5,0.69900584
EPC1,0.6990029
ENOPH1,0.69900143
DOCK5,0.698992
CYSTM1,0.69896984
DCK,0.69892853
DUSP14,0.6989175
COL6A2,0.6988502
FEM1A,0.6988286
ANAPC15,0.6987846
COL9A2,0.69877166
IL4R,0.69876176
FPGS,0.6987556
CASP2,0.69874525
ELOVL5,0.6987423
GNB2,0.6987232
CTBS,0.69869405
EIF2D,0.6986774
PPIL6,0.6986678
CSTF2,0.69865733
GTF3C2,0.69864047
COPS8,0.69863033
FBXL4,0.6986167
EEA1,0.69860846
CFL2,0.69860655
EXOC4,0.69857097
CX3CL1,0.69852823
GFER,0.6985255
ERP29,0.69851935
GAPDH,0.69851625
GALNT10,0.6985145
DDHD1,0.6985136
GALK1,0.69850457
BRF2,0.69849
CDC5L,0.698486
CNIH3,0.6984766
ANO9,0.69847214
FOSB,0.6984679
CEP97,0.6984372
FXYD6,0.6984311
EXOC3,0.69840854
CHCHD5,0.69838125
EBAG9,0.6983718
DLST,0.6983645
FBXO21,0.6983618
ADAMTS12,0.69835764
KIFC1,0.6983507
EVPL,0.6983507
EMC8,0.6983275
DNAJB14,0.69832134
COPG1,0.6983176
ATP8B4,0.6983077
DPH2,0.6983038
ERGIC1,0.6983035
IGSF6,0.69823515
DYNC2H1,0.69822115
DAPP1,0.6982189
EXOSC10,0.6982156
ACTR10,0.69820243
FLNC,0.6981924
DGKH,0.69819015
DDX19A,0.69818705
ESYT2,0.6981813
FASTKD2,0.6981793
EPB41L2,0.6981785
LEO1,0.6981505
EARS2,0.6981483
GSTK1,0.6981449
DHRS11,0.69814223
CTSL,0.6981171
EIF2B4,0.69811296
COQ7,0.69807255
ATP8A1,0.69805527
EIF4EBP1,0.69805354
COX20,0.69804776
ARHGEF19,0.69804776
CITED2,0.6980333
FCHO2,0.6980255
GALNT18,0.69802135
FYCO1,0.69801337
DFFA,0.69796395
FBLN5,0.69795823
CDC6,0.6979538
ACTR8,0.6979493
ERAL1,0.69794655
GNPAT,0.69792444
FAM3C,0.69789505
DISC1,0.6978868
ERLIN2,0.6978765
GALNT1,0.69786847
GMNN,0.69785213
FBXL5,0.69784886
GPSM3,0.69780046
FOXK2,0.69779146
ATRN,0.69778556
FBXO45,0.69777894
ENPP2,0.6977781
GPAA1,0.69777083
FAM98A,0.69775814
ARL14EP,0.6977379
CLDN7,0.697732
MRPL35,0.697701
CPT1B,0.6976795
COL6A3,0.69767904
FJX1,0.69765604
AQR,0.69764435
GPR161,0.6976381
EIF4EBP2,0.6976292
IFT52,0.69761735
PLCB2,0.6976129
FARP1,0.6976116
EIF3B,0.6976029
LRFN1,0.6975624
HEXIM2,0.69756156
DIS3L2,0.6975347
DSCC1,0.6975171
HNRNPH3,0.6975136
FBXL19,0.6975082
FSCN1,0.69750315
GEMIN6,0.69748414
ACACA,0.69747597
GLRX2,0.69746494
EIF2AK2,0.69744515
DNAJC13,0.6974147
EIF4B,0.697378
GRWD1,0.6973753
AK2,0.69736385
BBS5,0.69734544
ERCC8,0.69733876
CACNA1H,0.69733876
ELF1,0.69732845
FBLN1,0.69728065
AKAP10,0.6972451
EXOC6,0.69721687
DSTN,0.6972138
GAK,0.6972055
FBXO9,0.69718945
CRTC2,0.6971888
ECE1,0.69712865
ECE2,0.6971237
FBXW11,0.6971213
ITPR2,0.69711614
DMAP1,0.69710547
GTPBP10,0.6970903
FXR2,0.6970813
ATG16L1,0.69706964
COX15,0.6970541
ANO6,0.6970332
EIF3K,0.6970198
DNAH17,0.6970196
DENND2A,0.6970171
FADS1,0.6969996
FZD3,0.69699866
FRAS1,0.69698536
GALNT11,0.69698435
IFNGR2,0.6969648
LRFN4,0.6969622
HSD17B8,0.6969479
HBP1,0.6969242
GBE1,0.69691646
EPHA4,0.69688916
FBXL8,0.69688517
AZI2,0.6968838
ATP6V1A,0.69685835
KDM4B,0.69684756
EXOC1,0.6968444
COL9A3,0.69684255
GPD2,0.6968028
AKAP13,0.6967824
APH1B,0.69676477
EIF2A,0.6967608
EIF2AK3,0.69675535
ITGAE,0.69674397
DBP,0.6967317
DERA,0.69671774
EPN1,0.69669867
ESD,0.6966978
COG8,0.69667035
ASB2,0.6966501
DUSP16,0.6966386
GRB10,0.69661087
ELAVL1,0.6965979
ELOVL1,0.69658166
FXR1,0.6965756
ADCY3,0.69654334
PLD6,0.69650275
DNAJB12,0.6964859
DHRS1,0.69647944
INSIG1,0.69646937
CIB2,0.69643813
FIBP,0.69643205
ENG,0.6964083
ELMO3,0.696396
FUCA2,0.6963812
HADH,0.69637406
CXCL1,0.6963616
JAG2,0.6963447
FANCB,0.6963168
HLCS,0.6962857
FAM110B,0.6962802
FEZ2,0.6962601
COL17A1,0.6962547
GDI2,0.69622976
DNAJC10,0.69622964
FHL2,0.69622827
CAPN5,0.6961951
CCNYL1,0.69619256
GPI,0.69618404
EIF4A3,0.6961686
ITGB3BP,0.6961657
IARS2,0.6961574
ALPK1,0.6961415
KLHL9,0.6961399
FLNB,0.6961331
FBXO15,0.696127
HLA-DPB1,0.6961186
EXTL3,0.69611293
HJURP,0.6960793
KIF2C,0.696055
FBXW4,0.6960228
FTH1,0.69600266
FNBP1L,0.6959928
COQ10A,0.69596386
HSPBP1,0.69595677
CDK3,0.69594973
ESRP1,0.69591254
GOLPH3,0.6958962
FEM1B,0.6958848
EOGT,0.69587
MAN2C1,0.6958047
ERGIC3,0.6957973
FER,0.69577825
AMDHD2,0.69576526
GMDS,0.6957495
DCAF16,0.69574374
FBXO4,0.6956576
DYNC1H1,0.6956141
FADS2,0.69559586
FAM120B,0.69559354
ESRP2,0.6955855
GEMIN5,0.695545
ABI2,0.69551975
ERCC6L,0.6954969
FBXL7,0.6954942
FAF2,0.69548583
ENO2,0.69547814
ABCE1,0.6954666
FBXO22,0.6954621
DUOX1,0.6954501
FERMT3,0.69544965
COL11A2,0.69544625
CYP27A1,0.6953879
DENND1C,0.6953815
GLUD1,0.6953607
ERI1,0.6953582
LPIN2,0.69534916
EIF2B5,0.6953348
ARHGAP11A,0.6952915
IFT46,0.69528866
EBP,0.69528145
GSE1,0.6952528
FGF11,0.6952143
GIGYF2,0.69521415
IL17RA,0.6952106
APOBR,0.695193
MPZ,0.69515806
GANAB,0.6951329
BCAS2,0.6951116
GYS1,0.6951062
GJC1,0.6951038
GNL1,0.6950915
CYB5R1,0.69507366
EXOSC2,0.6950735
GABBR1,0.69503915
E2F7,0.69503754
EXOC5,0.69500756
FAM126A,0.6949856
IL18BP,0.6949785
ARPC1B,0.6949624
NR1D1,0.6949274
GTF2IRD1,0.6949195
DSC2,0.6949007
GTF2A1,0.6948692
ATP13A2,0.69486165
HSD17B1,0.6947979
FBN1,0.6947732
FBXL2,0.69475716
GLI3,0.6946834
FAM111A,0.69467586
ELP6,0.6946579
GLB1,0.69465005
HIPK2,0.6946267
API5,0.69462204
FUT1,0.6945846
CUL9,0.6945807
EIF2S1,0.6945761
ERGIC2,0.69452375
CCS,0.69447774
EPHB6,0.6944771
GPN1,0.6944725
DNAH1,0.69446015
GPSM1,0.694449
FARS2,0.6944467
CALCOCO2,0.69442135
FGD4,0.69440806
IRF5,0.69440323
EPB41L1,0.6943892
HMBS,0.69437414
FECH,0.69436127
GNAI1,0.6943575
KIF21A,0.694334
DOCK7,0.69430554
FKBP8,0.69429684
GTF2F1,0.6942862
EPHX2,0.6942818
GGCX,0.69427705
FBXO38,0.6942752
GART,0.6942493
MPDZ,0.69423354
HDAC8,0.6942274
AMOTL1,0.69421554
FBXO30,0.69421345
CCDC174,0.6941932
GPAM,0.69419074
FBXO25,0.69418716
FMNL3,0.69415367
GDF11,0.69412154
FGD1,0.69410294
GMIP,0.6940782
GGCT,0.6940475
FOXN3,0.69402254
HSF1,0.69401073
FUBP3,0.69395864
HDLBP,0.6939424
GLCE,0.69393957
FNIP1,0.6939382
COX5A,0.69392806
HACL1,0.6939067
HSPA1A,0.6938982
FIS1,0.6938389
DZIP1,0.6938262
LMF1,0.6938096
DPP7,0.6937782
GSK3A,0.69377106
GEMIN4,0.6937605
IP6K1,0.6937583
MGAT4A,0.6937235
EMC1,0.69369084
GGA2,0.69367254
GNL3L,0.69366443
ITGB1,0.6936462
HK1,0.6936114
GPANK1,0.6936004
DOCK11,0.6935747
FKBP4,0.69357383
MED19,0.6935708
AP2A1,0.6935551
HIPK3,0.69355106
GDPD5,0.6935457
DNAL1,0.693511
HDAC6,0.6935088
ERN1,0.69349277
FLOT2,0.6934826
GTF3C5,0.69347584
GNPTG,0.6934718
HMGB2,0.6934674
GLO1,0.6934639
ALDH1B1,0.6934591
GTPBP1,0.6934586
E2F2,0.6934401
PAQR5,0.69343066
GPT2,0.69342184
FADD,0.6934042
AMPD3,0.69339997
EME1,0.6933545
G6PD,0.6932795
COPS4,0.6932617
GATAD2A,0.6932369
HK2,0.69323254
ABLIM2,0.6932245
GDAP1,0.69319457
HNRNPA3,0.69318885
GNL2,0.6931887
MICU1,0.69317746
HERC2,0.693124
HDAC11,0.69312024
EGLN1,0.69311196
HNRNPDL,0.69308496
HNRNPA1,0.6930805
CLCF1,0.6930764
G3BP1,0.6930749
E4F1,0.693058
BBS7,0.6930513
IL4I1,0.69304717
GDPD1,0.6930334
FAM160A2,0.6930015
FOXRED2,0.692993
NLRC4,0.69290864
AMOTL2,0.69289863
FARP2,0.69288796
FBXO7,0.6928752
GSPT1,0.69286823
AIMP1,0.69286716
E2F4,0.6928664
FBXO2,0.6928455
E2F8,0.69283736
KIF3A,0.6928302
FOXP4,0.69281864
GALNT7,0.69279027
GANC,0.6927636
IPO5,0.69271797
ITGA3,0.6927042
GPC4,0.6926922
ID2,0.69265306
FBF1,0.6926505
DALRD3,0.69263995
HHAT,0.6926309
KIFC3,0.6926076
GJA1,0.6925669
IDS,0.6925485
CEP120,0.69253707
INPP5E,0.6925167
ANKRD44,0.6925164
CETN2,0.69251454
FBXL20,0.69246334
BMP8B,0.69245946
IDH3B,0.69245607
FUZ,0.6924218
GRSF1,0.6924187
KRIT1,0.69241077
ICAM1,0.6924038
ADAMTS4,0.69239295
NOB1,0.6923922
ATPAF2,0.6923389
GLS,0.6923219
HSPB2,0.692281
KLC2,0.69225466
DUSP1,0.69223017
GNL3,0.69222677
HSPB1,0.6921831
GALM,0.69217825
HLA-DRB1,0.6921776
CD2,0.69216514
HERC4,0.69215864
ESRRA,0.6921467
HBS1L,0.6921207
EXOC8,0.69211584
JOSD2,0.69210917
LARP7,0.69208497
GGA1,0.69207054
HSPA14,0.6920514
EXOSC9,0.69204235
DCLRE1A,0.692035
BET1,0.6920315
FOXRED1,0.69202834
LDLRAP1,0.6919978
HSPA5,0.69199514
FEZ1,0.6919888
IMPA1,0.6919836
DNM1L,0.69195026
GOSR1,0.69193107
GALC,0.69192576
GAPVD1,0.691909
HADHB,0.6918731
EPHA1,0.6918525
FBXO5,0.6918061
IWS1,0.69174755
MDFIC,0.69174284
GLRX,0.69170535
NFAM1,0.6917046
GTPBP3,0.6916991
CCDC106,0.69169354
GOLGA4,0.691693
FRK,0.69168496
MYO9A,0.6916805
GMEB1,0.6916785
IMPDH1,0.6916734
FAM13B,0.69167143
ETHE1,0.69164985
HM13,0.6916471
GRB2,0.6915983
FUT8,0.69153255
EIF3G,0.6915149
GATC,0.69151175
DET1,0.691506
G6PC3,0.69147325
HES1,0.6914669
ETFB,0.69143564
HPRT1,0.6914273
FBLIM1,0.69141114
HLA-DMB,0.6913789
ETV3,0.6913435
HEXA,0.691317
ANO10,0.69130284
GID8,0.6913026
FZD6,0.69125307
FZD8,0.6912375
H6PD,0.69122845
GCA,0.69121987
AHI1,0.69119245
HNRNPA0,0.69117826
C18orf32,0.6911725
AKR1B1,0.69115275
EXOC3L1,0.6911415
IMMT,0.6911345
GPX3,0.69112855
ESYT1,0.69107634
CACNA2D4,0.6910721
EDNRA,0.6910657
CTSK,0.6910547
HAGH,0.69105244
HYOU1,0.6910481
GOLIM4,0.69102466
LSS,0.69100136
HNRNPAB,0.69096285
GLG1,0.69096184
IDH3A,0.69094527
IFI44L,0.6909437
FN1,0.69093233
INO80C,0.6909232
GALNT3,0.69089836
EHD4,0.6908947
ACSF3,0.6908769
HEXB,0.69086564
KIF15,0.6908581
FRZB,0.69084316
HAUS6,0.6908298
HMMR,0.6907763
HSPH1,0.690741
HIPK1,0.6907381
GRK4,0.69073266
HDAC9,0.6907292
GPR153,0.6906671
FNTA,0.6906307
ERLEC1,0.69059426
GDI1,0.69056773
HMGN2,0.69056714
POLH,0.6905562
HIF1AN,0.6905303
GON4L,0.6905263
GLRX5,0.69047207
EVC,0.69046783
DMPK,0.69044316
FERMT2,0.69043607
HINT1,0.6904068
IREB2,0.69040096
HSD17B10,0.6903475
EFNB1,0.6903403
GEMIN8,0.6903266
LMCD1,0.69032574
GPD1L,0.69032305
GAN,0.69031954
FAM98B,0.6903089
EPHA2,0.6903072
GTF2H5,0.6902978
ARHGAP31,0.69026285
HLA-DMA,0.6902533
EMB,0.69023556
CHCHD10,0.6902246
HLA-F,0.69022036
HNRNPH2,0.6902043
FBXO17,0.6901991
GCH1,0.69019276
GARNL3,0.6901876
GNG12,0.6901776
GTF2E2,0.69013876
GRK6,0.6901361
CCDC22,0.69010633
GINS4,0.6900732
FKBP3,0.6900643
GTPBP4,0.6900112
HGS,0.6899836
HMGCS1,0.68996996
ETNK2,0.68994045
CD86,0.6899232
ALKBH1,0.6899206
HEG1,0.68990695
FBXO8,0.6899053
GCFC2,0.68990505
JUP,0.68990326
ELMO2,0.68989635
EIF5B,0.6898888
GTF3C1,0.68988407
ACTR6,0.6898628
HPDL,0.68985134
IL1RAP,0.689839
KLHL42,0.68982804
LCMT1,0.6898263
GORASP2,0.6898037
GPSM2,0.68979275
FKBP15,0.68978596
ARNTL,0.6897829
GNAI3,0.6897819
IL2RB,0.68978024
HES4,0.68974054
GIT1,0.6897315
FLRT2,0.68972206
GPR68,0.6897013
AKAP8,0.6896941
GALK2,0.6896931
GNS,0.6896701
GOT2,0.6896588
ACER3,0.6896562
KBTBD6,0.6896227
GCLC,0.68960863
HMG20B,0.6896079
GTF2F2,0.68960595
KPNA4,0.68953544
JMJD4,0.68952215
LAMP1,0.68952
HOXA1,0.68951416
ATF7,0.68950665
ARHGEF37,0.6895035
IMPA2,0.68946564
GADD45GIP1,0.68945616
GRHPR,0.6894432
FMNL1,0.68941224
GPR176,0.6893737
GNAL,0.6893645
LTBR,0.68936235
GOLGB1,0.68934524
FAIM,0.6893301
INTS10,0.6892931
LMO7,0.6892912
PYGM,0.68927354
HS6ST1,0.68925995
GBP3,0.6892578
GPCPD1,0.68923736
LOXL3,0.68922514
GRPEL2,0.6892132
MAEA,0.689167
NEU3,0.68915623
GNAI2,0.68915385
GFM1,0.6891246
FBXW9,0.68912446
HLTF,0.6891074
ITPR1,0.68906075
GK5,0.68905777
EMC2,0.6890462
GTF3C4,0.68902546
GPS1,0.68901
ACADSB,0.688998
GUF1,0.68897784
GSR,0.6889573
DYNC1I2,0.6889529
IPPK,0.6888754
HCK,0.68887436
MYH14,0.68884313
HNRNPUL1,0.6887575
IBA57,0.6887396
FIG4,0.6887259
HNRNPU,0.688661
IQGAP3,0.68864906
GUCY1A2,0.6886473
KIF13A,0.6886189
FKRP,0.6886117
EXOSC1,0.68860286
GNB5,0.68860066
FABP5,0.68858266
HNRNPH1,0.68854743
IP6K2,0.6885442
GCDH,0.6885145
ENTPD5,0.68851346
KIF11,0.6885114
IDUA,0.688508
HACE1,0.68847895
GLMN,0.6884243
GIPC1,0.68842304
GPR89A,0.6884046
HTT,0.68838924
HMG20A,0.68827426
GAA,0.6882666
HMGB1,0.68824404
KIF20A,0.6882374
KHNYN,0.68823546
HEPH,0.6882218
IFT88,0.6882189
GPR132,0.68821645
GNPTAB,0.68820626
L3HYPDH,0.6881805
IFT57,0.6881796
EME2,0.68816787
GALE,0.68816245
HIVEP3,0.68815655
FBP1,0.68814516
INTS4,0.6881389
LAMB1,0.6881276
LDB1,0.68812716
GNAO1,0.68809944
HVCN1,0.688099
GBP2,0.6880916
GULP1,0.6880561
KATNBL1,0.68804073
HNRNPK,0.6880288
DLL1,0.6880191
GOLGA2,0.68794966
IPO11,0.6879198
HELZ2,0.68791735
ADH5,0.6879025
IKBKG,0.6878939
IFIT5,0.6878897
KIF14,0.6878627
HSD17B4,0.6878402
EVI2B,0.68783736
ILF2,0.6878257
HNRNPC,0.6877986
INPP5F,0.6877713
EXOSC8,0.6877012
HNRNPD,0.6876845
DCUN1D3,0.6876455
ILK,0.68764293
HYLS1,0.68761456
GSTM2,0.6875444
FAN1,0.6875161
KCNN4,0.6875055
HPS6,0.68750334
DPH1,0.6874827
HEATR1,0.68748266
HADHA,0.6874555
HECTD1,0.6874296
GPNMB,0.68741953
LDHD,0.6873539
MOV10,0.68734735
GRN,0.6873156
KIF3B,0.68731344
AGPAT5,0.6872833
IL32,0.68727624
KPNA5,0.68723994
HYI,0.6872275
EVI2A,0.6872275
PLIN2,0.6872244
ABCB4,0.68719715
GMPPB,0.6871875
IPO8,0.6871148
GINS1,0.68705255
INTS5,0.6870208
FKBPL,0.6870022
HLA-DOA,0.6869917
HLA-DPA1,0.68698424
JAG1,0.68694615
HNRNPL,0.68688756
LUC7L3,0.6868802
KCNQ1,0.68687254
ITSN2,0.6868657
GAR1,0.68685347
IQGAP2,0.68675816
IPO4,0.6867275
IQCB1,0.686674
CD163,0.68663806
HPS3,0.6866296
LYPLA1,0.68660575
MINK1,0.6865889
FNTB,0.68651444
MARK4,0.6864833
GYPC,0.6864758
KPNA1,0.6864231
GPN2,0.6864178
GAB3,0.68639624
GBP5,0.68633574
GBA,0.68631405
ERI2,0.68628573
HSPD1,0.68626434
MCUR1,0.6862424
NDUFS3,0.6862263
KIF26B,0.6861955
HNRNPM,0.6861807
HOMER1,0.6861602
HMGXB4,0.686052
IQCE,0.68603647
LUC7L,0.68603325
MED24,0.6860319
GOT1,0.68601066
FBXO41,0.6859983
GABPB2,0.6859898
GOLM1,0.68598974
IDE,0.6859536
HERC1,0.6859519
HS2ST1,0.685945
ITGB2,0.68592876
IPO7,0.68592864
FZD7,0.6859231
HOXD3,0.6859206
DEPTOR,0.68588746
IBTK,0.6858537
IFT81,0.6858456
FKBP2,0.6858409
LLGL2,0.68583775
KLHL2,0.685836
ILF3,0.6858031
FAM8A1,0.6857904
MALSU1,0.68578553
HMGN1,0.68578094
LYZ,0.6857422
IRAK4,0.6857306
DCLRE1B,0.6856123
ACTR3B,0.6855937
GGT7,0.68558943
EDEM3,0.6855804
ITGB5,0.68557256
FAH,0.68554735
EYA3,0.6855308
L3MBTL1,0.6855234
AP5S1,0.6855048
METTL4,0.68549913
ENTPD6,0.6854186
KANK1,0.6854105
GLIPR1,0.68540853
LMAN1,0.6853998
LMAN2,0.6853869
MAP3K11,0.6853702
KRBOX4,0.6853591
GPR180,0.6853081
KHDRBS1,0.68529993
MKKS,0.6852769
ATG4C,0.68527186
HMGCR,0.685248
LRRC41,0.68523794
LRRC4B,0.68523204
GPKOW,0.68522364
KCNK5,0.685216
GPER1,0.6851963
INTS3,0.68518263
LDHB,0.68517387
EFNA4,0.6851628
EPB41L3,0.6851232
LRRC49,0.685115
HIP1R,0.6851007
ITGB1BP1,0.68509895
KANSL1,0.68508285
ISG20L2,0.68507534
NLRP1,0.6850605
KIF22,0.6850387
NDUFS6,0.6849978
MMS22L,0.684954
ITM2B,0.6849383
FUT4,0.68490684
FGR,0.684906
LGMN,0.68490225
GTF2A2,0.6848984
IL6R,0.684879
LIG1,0.684868
NARS2,0.6848592
ITPK1,0.68481976
MAGI3,0.6847871
INVS,0.68476003
HSPA8,0.6847555
FZD4,0.6847395
HAUS5,0.6847226
PAK1IP1,0.68470234
HUWE1,0.6846877
HAUS4,0.68467903
FBXL3,0.6846634
HGSNAT,0.68465847
LIMS1,0.68462455
JMJD1C,0.68459755
KANK2,0.68459386
LSM5,0.68459255
LARP4,0.6845901
KCNAB3,0.68457603
KRBA1,0.6845717
HSPG2,0.68455964
LGALS3BP,0.684558
HOXB4,0.6845456
C9orf72,0.6845397
KHSRP,0.6845333
CYP39A1,0.6845259
L3MBTL2,0.68450314
LSM7,0.6844809
KNTC1,0.6844299
MACF1,0.6844234
GNB4,0.6843975
INO80D,0.68434405
ISG15,0.684298
FGD5,0.6842936
IGF2R,0.6842451
KDM2A,0.6842432
KMT2E,0.6842339
HSPA4,0.68423116
NFKBIB,0.6842247
LSAMP,0.68422365
IGFBP7,0.6842217
MRPS15,0.6841965
HSPA4L,0.68419474
GHDC,0.68419385
IFT122,0.6841881
AGRN,0.684145
LAMA2,0.684131
KANSL2,0.68412894
MED28,0.6841252
IPP,0.6841151
INCENP,0.68407565
MCM4,0.68403995
GABPB1,0.68402
GGT5,0.68400294
LYAR,0.68398786
GSTM3,0.683987
LSM12,0.6839641
LAMTOR4,0.68394786
FUCA1,0.68394774
LIN9,0.6839416
DUSP8,0.6839385
FYTTD1,0.68393433
JMY,0.68392724
KCNMA1,0.6838703
HNRNPF,0.6838292
HNRNPUL2,0.68382853
MAML3,0.68382096
IER3,0.6838177
NDUFB5,0.683781
LSM3,0.6837665
KDM6B,0.6837503
ITPR3,0.6837425
INPP5B,0.68373233
HELQ,0.6837231
HAUS3,0.6836825
P4HA3,0.6836813
LIMA1,0.6836779
KIF17,0.6836515
HYPK,0.68364763
CFD,0.68362266
INPP5A,0.6836135
KRT17,0.683594
NCF4,0.6835851
LPCAT1,0.6835269
GRAP,0.68351144
HSPB8,0.6834985
HMGCL,0.68349016
FTSJ3,0.6834481
KIF2A,0.6834461
KCTD15,0.6834307
FGFRL1,0.68342704
ADCY4,0.68335354
MARK2,0.68334836
HSPA9,0.68334365
LEPROT,0.6833225
LAMA3,0.68332094
LSM11,0.6832904
MRPL13,0.6832867
FZD2,0.6832858
HEBP1,0.6832839
ITFG2,0.6832838
LSM14B,0.6832617
MAPKAPK2,0.68318874
EVC2,0.6831787
INTS9,0.683173
IFNLR1,0.6831672
KLHL5,0.68316483
MVB12B,0.683156
HPS1,0.6831511
MATR3,0.6831299
GUSB,0.683096
MRPL38,0.6830761
MTA2,0.68305385
EHD3,0.6830442
LRRC47,0.68303895
MAN1C1,0.68299043
GRHL1,0.68297505
LGALS8,0.68295413
MAF1,0.68294543
HECTD2,0.6829313
MPDU1,0.6828557
MCAT,0.68284214
MAPK12,0.6828285
LAT2,0.6827601
HAUS8,0.6827477
MGAT3,0.68274397
IGBP1,0.68274236
LAMB2,0.6827249
DUSP10,0.6826794
ITGB4,0.68266034
IFNAR2,0.68263775
GTF3C3,0.6826296
INTS1,0.68260103
ALG5,0.68255615
MVD,0.68254924
LMNB2,0.6825446
LCMT2,0.6825072
HLA-DRB5,0.6824696
MFN2,0.6824375
ISYNA1,0.6824195
MED16,0.6823771
MAP2K6,0.68236846
LMNB1,0.6823659
MAP3K8,0.6823458
CNGA1,0.6823143
F2R,0.6823081
FAM131B,0.6822703
KCTD3,0.68225116
CENPQ,0.6822421
GTF2H1,0.6822294
HDAC10,0.68222904
KIF1C,0.68222165
KHDRBS3,0.68221647
GRPEL1,0.6822079
MAFK,0.6822047
MCEE,0.682204
HTATSF1,0.6821886
INO80,0.6821853
MRPL39,0.6821849
ITGAL,0.68217725
MINPP1,0.6821384
HCCS,0.6821236
FBXO32,0.6821
LIPT1,0.6820721
MPC1,0.68206984
GKAP1,0.68204176
DCN,0.68203473
NAA35,0.6820234
LPXN,0.6820182
GORAB,0.68201405
LPGAT1,0.682002
LEMD3,0.68199646
NDUFV1,0.6819836
KIF18B,0.68197155
GTF2B,0.68196696
IMPDH2,0.68196404
CSF2RB,0.68192714
MMAB,0.68191224
IFT172,0.68190354
GPX7,0.6818908
KIF7,0.68185776
LAS1L,0.6818558
MAD1L1,0.6818024
HEY2,0.6818021
IRF7,0.6817999
LCLAT1,0.68179464
GPR183,0.68179226
MBD2,0.6817907
GIMAP4,0.68177545
INTS7,0.68176943
MFF,0.68175596
CYB5R2,0.6817499
IL2RG,0.6817419
MVP,0.6817406
HS3ST1,0.6817273
ITCH,0.68171495
HLX,0.681694
LSM10,0.6816585
MTMR10,0.68165755
GCSH,0.6816558
MOB2,0.68165123
LGR4,0.68162346
KRT10,0.6816218
MCC,0.6816118
JMJD6,0.6815832
FOSL2,0.68157655
MAPK8IP3,0.6815752
LAPTM5,0.68157375
LRRFIP1,0.6815627
KDM4A,0.6815209
MAVS,0.68151426
IPO9,0.681507
KCMF1,0.68150365
KRT7,0.6814721
LCAT,0.6814535
LINGO1,0.6814368
GNPDA2,0.68142605
IPMK,0.6814232
IL15,0.6814213
KAT5,0.68140304
MYL12B,0.68134487
MPHOSPH10,0.6813121
AP3S2,0.6813006
LAP3,0.6812669
IFT27,0.68123716
IGFBP4,0.68121576
MYO1C,0.6812094
MRPL17,0.6812093
LNPEP,0.6812062
GPC1,0.6811932
MAP3K3,0.6811758
MAPRE1,0.6811638
GCC1,0.6811548
GATM,0.6810909
LIMK1,0.68107384
MBD5,0.68105626
BIN3,0.68104887
DTX3L,0.6810311
PDLIM7,0.6810176
KPNB1,0.6810121
DUSP12,0.68097365
MAP3K5,0.6809452
MAN2A1,0.68094313
INTS2,0.68093634
GRIN2D,0.68093204
COL6A1,0.6809275
MRPS6,0.68091893
MXD1,0.6809112
MYLIP,0.68089724
HERC3,0.6808795
LIN7B,0.68087405
NAB1,0.6808608
MAP3K2,0.6808507
IRF2BP2,0.6808358
NCAPH2,0.68082285
F3,0.6807814
CLUAP1,0.680776
GSDMD,0.6807542
JUNB,0.6807538
MCTS1,0.6807194
ANGPTL4,0.68071043
HSD17B12,0.6806848
NPM3,0.68067765
KRT18,0.6806727
LRRC8D,0.680661
KCTD1,0.6806433
ITGA11,0.6806381
IFI16,0.6806372
MYO1F,0.68063176
B3GALT4,0.6805964
IVNS1ABP,0.6805915
KRR1,0.6805795
MAN1A1,0.6805664
LPCAT4,0.68052936
IFT80,0.68052596
MRPL34,0.6805245
MRPS17,0.6805241
HCFC1,0.6804725
LOXL2,0.680453
ATP8B2,0.6804372
HRH1,0.68036115
KIF20B,0.68035275
HOXB7,0.6803354
MCM7,0.6803125
GAS8,0.68027383
KLHL22,0.68027025
JDP2,0.68026084
HOPX,0.6802558
MAGT1,0.68021655
MED23,0.68020356
ETV7,0.6801947
GK,0.68017983
LONP1,0.6801577
HEXIM1,0.68012774
MZT2A,0.68012756
MAMLD1,0.6800984
HDAC3,0.6800915
MBIP,0.6800912
KDELR2,0.6800643
LDB2,0.68006384
LAMA5,0.68004906
LAMC1,0.68003494
KRI1,0.6800329
MGAT4B,0.68002325
KDELR1,0.68002313
MFSD2A,0.68001544
PAQR3,0.68000704
NGDN,0.6799931
MCM2,0.6799889
LRCH1,0.6799811
OSBP2,0.67993325
KLHDC3,0.6799094
BCL7B,0.67989755
MOCS3,0.6798397
LMO4,0.679831
ME2,0.6797743
DHX58,0.6797573
CREB3,0.67974216
MFHAS1,0.6797114
KIF1B,0.67971057
APPL2,0.67970127
KIF3C,0.6796752
KIF9,0.6796631
NUDT12,0.67965835
KCNAB2,0.67959785
FAAH,0.6795526
LTBP3,0.67954993
KIF4A,0.6795415
MAP3K10,0.67951864
IPO13,0.6795088
ITGA1,0.679461
HIGD1A,0.67946047
FDX1,0.6794601
IL11RA,0.6794532
MAML1,0.6794186
MCM3AP,0.6794126
ICMT,0.67934257
GPN3,0.67933416
HELB,0.6793325
ICAM2,0.67932785
MRPL33,0.6793152
MED25,0.67922556
MOB1A,0.67920405
AP5B1,0.6791919
LOXL1,0.67916316
KLHL20,0.67915875
LONP2,0.6791392
IFI30,0.6791384
FUT2,0.67911863
KRT19,0.6791072
PRICKLE2,0.6791019
GNA14,0.6790823
KLHDC2,0.6790557
ITPA,0.67904294
IVD,0.6790386
ITGA2,0.6790195
NUP88,0.6790119
MRPL47,0.67899126
MCM5,0.6789602
LRP12,0.6789542
GEMIN7,0.67894727
LYPD6,0.6789125
NOC3L,0.6788839
MBP,0.678879
A1BG,0.6788625
LSG1,0.67880666
MAPK9,0.678798
MTMR3,0.6787973
ARSB,0.678794
FNDC5,0.6787708
NME2,0.6787645
IMP4,0.67874736
KPNA3,0.67870307
ING4,0.6787027
RMDN2,0.6786827
MKLN1,0.67866814
NCALD,0.6786519
AFG3L2,0.6786334
GOLGA1,0.67862713
LIN54,0.67861694
IRAK1,0.67860824
HCFC2,0.67855054
LARS2,0.6785021
IL1R2,0.6784997
MRPL37,0.6784718
HSBP1,0.67845196
INHBB,0.678437
MRPL3,0.6784252
KIF23,0.67841303
MAN2B1,0.67838985
KLHL21,0.6783725
IMP3,0.67834705
INPP1,0.678301
MED27,0.6782852
MADD,0.67824024
KIF18A,0.67822665
MCCC1,0.67820543
NHLRC3,0.67812073
GPX8,0.6781108
METTL22,0.678094
HOMER2,0.67805
IL10RA,0.67804533
MRPS23,0.6780399
MBNL1,0.67803466
HDAC5,0.6780055
MCF2L,0.67799467
LAMP2,0.6779689
MAPKAPK5,0.67793465
ABCA7,0.67792803
MTF1,0.6779126
NFATC1,0.6779109
GTF2H4,0.67791027
ABI3,0.6778968
GALNT12,0.6778845
LPL,0.67783403
CLDN11,0.6778279
MRPL48,0.6778189
MON1B,0.6778091
NADSYN1,0.6777947
LIN52,0.6777727
KALRN,0.6777521
ME1,0.67772955
MUC3A,0.6777207
LPIN1,0.67768395
MRPS18B,0.67757696
KATNAL1,0.6775544
MICA,0.67752707
MAP2,0.6774949
FCGR3A,0.67747414
MUS81,0.67746764
FNIP2,0.67746735
LAMA4,0.6774472
KCNG1,0.6774417
MBTD1,0.6774355
IL15RA,0.6773913
MTMR2,0.6773898
MRPS7,0.6773415
MTF2,0.677335
LY86,0.677334
NME6,0.6773256
NHS,0.6773189
INO80E,0.67731595
MAT2A,0.67730314
MTMR4,0.67728776
PHACTR1,0.67728245
GIPR,0.6772649
KDM8,0.677248
MCU,0.6772478
HOXB6,0.6772074
METAP2,0.6771957
PARD6G,0.6771865
KRTCAP2,0.67714787
KDM5B,0.677139
MED21,0.6770871
MAN2B2,0.6770617
LIN7C,0.6769845
FBXL14,0.67694336
LEPR,0.6769272
NDUFA4L2,0.6769054
MAPRE2,0.676878
MMP11,0.67686355
LYRM4,0.6768549
MAP1B,0.6768269
KIDINS220,0.6768246
LGALS9,0.67682344
MRPL22,0.6768193
HNRNPLL,0.67680967
OSTC,0.6767965
MIA3,0.67679036
LRP8,0.67676145
LIG3,0.6767592
NEDD8,0.6767532
MTHFD1,0.6767352
LYPLA2,0.67673224
KATNA1,0.67672765
MRC2,0.6766881
NAF1,0.67666066
IFIT3,0.6766472
FST,0.6766422
KCNC4,0.676641
F2RL1,0.67663807
MRPL51,0.6766272
KPNA6,0.6766137
MRPL49,0.6766025
PCCB,0.6765943
MPP5,0.67655265
LRG1,0.67651755
KLC1,0.676517
NACC1,0.67650187
LSM4,0.6765001
KCNAB1,0.67649347
MRPL24,0.6764014
KPTN,0.6763391
GLE1,0.67633486
NAT10,0.67633003
HOXB2,0.67630243
HARBI1,0.67629784
NFYB,0.676283
LILRB3,0.6762745
MBTPS2,0.67623883
KHK,0.6762334
MAP4K1,0.6762224
MMS19,0.67616796
MAPK14,0.67616296
FOLR2,0.6761228
KRT80,0.6760793
MRPL20,0.6760552
LAMC3,0.6760283
NR3C1,0.67600995
MRPL28,0.67600965
INTU,0.6760072
MZF1,0.6760071
KLHL11,0.67590487
ORC3,0.67589796
PNO1,0.6758828
LBR,0.6758573
ITGB3,0.6758479
ITGA2B,0.6758426
DOK2,0.675804
MXRA8,0.6757801
MPG,0.6757727
MYOF,0.6757692
MRPS5,0.67574096
MAP4K5,0.6757315
MGRN1,0.6757187
MANBA,0.6755876
MEF2A,0.67558265
INTS8,0.67553955
MCMBP,0.67552507
HSPA1B,0.6755127
LONRF1,0.67549086
NCL,0.6754744
CDK5,0.6754647
LAMTOR3,0.675439
LRRC40,0.6754004
NBR1,0.67535675
HECA,0.6753267
MIS18A,0.6753132
NCAPD2,0.67530316
MID1,0.6752435
MCCC2,0.6752099
KDM1B,0.67519987
KCNS3,0.6751746
NAPG,0.67517143
MGAT5,0.67515546
MKRN1,0.6751243
MBOAT1,0.67512417
NDUFV2,0.67511034
KCNJ2,0.67510766
NR2F2,0.67510265
PPP2R5B,0.675089
GLS2,0.67508435
ITGB7,0.67507946
MAT2B,0.6750725
FAM220A,0.67507046
OPTN,0.6750633
NCAPG2,0.6750332
KCNJ14,0.67501765
ATP2A3,0.67499954
MANF,0.6749681
MTR,0.6749608
INPP5K,0.6749387
HOOK2,0.67493284
MAOA,0.6749249
NAE1,0.67492145
MARK3,0.6749085
NIPBL,0.6748687
MARS2,0.6748458
MRPL55,0.67480147
POLR1B,0.6747916
MGLL,0.6747761
LIMS2,0.67476076
LAMB3,0.67475516
ATP6V1C2,0.6747477
GGPS1,0.67474663
KIFAP3,0.674742
LRIG1,0.67473483
MYBL2,0.67471415
MAFG,0.67470723
HPS4,0.67468405
KDM3B,0.67464584
IGFBP6,0.67464155
MRPL30,0.6745693
IRF2BPL,0.67455107
LRP3,0.67454743
MSL3,0.6744874
HOXA5,0.6744504
IFI44,0.67438877
KXD1,0.67438525
MX1,0.67437965
LRWD1,0.67434657
GNG11,0.6743374
MTUS1,0.6743365
LNX1,0.6743348
INIP,0.6742641
MKNK2,0.6742415
MGST3,0.67423195
MTA3,0.67422664
MTM1,0.67421466
COMMD8,0.67421144
MED13,0.6742033
FRS3,0.6741931
MORF4L1,0.6741865
MRPS18A,0.6741766
MYSM1,0.674105
MASTL,0.6740699
PGM2,0.67404485
LIN37,0.67402756
HSPB11,0.6740129
PLCD3,0.67400837
NSDHL,0.67400783
NUB1,0.6740053
MAP2K5,0.67399806
ORC6,0.67397326
NDUFB1,0.67393726
NECAB3,0.673935
NDUFS2,0.67392683
HNMT,0.6739261
LLGL1,0.6739075
MAP3K4,0.6739
NDUFB9,0.67389166
MAGED2,0.6737571
MAU2,0.6737042
KAT2A,0.67369753
PRKAG1,0.6736937
NBAS,0.67369044
NOM1,0.67368394
GSTA4,0.6736754
LEMD2,0.6736662
CD248,0.6736653
NT5C3B,0.6736643
KLHL12,0.67366135
LRP1,0.67365664
HMOX1,0.6736052
MBD3,0.673603
ITGA6,0.67357343
MFAP1,0.67355293
LMAN2L,0.6735401
HAUS1,0.67351305
MCMDC2,0.6735035
MAP2K3,0.67349553
MED8,0.673495
NCOA6,0.67348886
MYO5B,0.6734772
MYH10,0.6734303
MIF,0.67338383
METAP1,0.67338127
METTL7A,0.6733488
LMTK2,0.6733437
MSX1,0.6733325
HAAO,0.6733295
NUDT5,0.67327195
NDUFS8,0.6732484
FPR3,0.6732229
NASP,0.6732118
ABCF2,0.6731899
IKZF4,0.67315644
MTDH,0.6731447
NDUFAF2,0.6731071
FAM20A,0.67309994
LRP10,0.67307156
MEIS2,0.67305
NFATC3,0.6730258
MAPRE3,0.673021
LSP1,0.6730061
MRPS35,0.67300016
NDST1,0.6729847
PCYT1A,0.67294836
NDUFA10,0.6729423
NMT1,0.6729305
FHOD1,0.6729213
LMBRD1,0.67291373
MRPS34,0.67289007
MTA1,0.6728864
MBOAT7,0.6728799
NDOR1,0.67284673
MTMR14,0.6727792
LPCAT3,0.672759
MAD2L1,0.672753
KCNMB4,0.67272174
MMADHC,0.6727188
MRPL19,0.6726852
KCNIP4,0.6726715
JUND,0.6726641
SDHAF1,0.6726612
IFIH1,0.6726579
MMP17,0.67265385
PHLDA3,0.6726092
MPHOSPH6,0.67259336
MED15,0.67257756
MLXIP,0.67257404
ADORA2B,0.6725521
PCYT2,0.6725271
LNX2,0.67252463
NDUFA11,0.6725088
LTBP1,0.6725072
IRF3,0.67244667
MSRA,0.6724441
LRSAM1,0.67244047
ICAM3,0.67242813
KATNB1,0.6723581
MLX,0.6723365
LTN1,0.6723187
GEMIN2,0.67231244
MDK,0.6723007
ME3,0.6722757
FDXACB1,0.67225796
NBEAL2,0.67218965
MSL2,0.6721642
NDRG3,0.6721498
MFSD12,0.67214435
MDN1,0.6721192
NAA25,0.67210484
KPNA2,0.67208
KBTBD7,0.6720705
APBA1,0.67204887
NAGK,0.67204636
MIEN1,0.67201084
CFB,0.6719822
MAP1LC3B,0.6719809
PDCD7,0.67196554
NPC2,0.67195904
RASAL3,0.67194164
MYO7A,0.6719088
MGST1,0.6719011
LDLR,0.6718969
KCNJ15,0.67189467
MARVELD3,0.6718647
ITPKC,0.67182773
MAN1A2,0.6718195
CD34,0.67177695
LSR,0.6717543
MT2A,0.67174804
HSPA13,0.6717445
PEX16,0.67173547
LRIG2,0.67172885
MAP4K2,0.67170507
JAM2,0.6716969
ABCA2,0.6716641
MEIS1,0.67165446
LIPA,0.671624
IDH3G,0.6716029
NET1,0.6715831
MLYCD,0.6715803
GAS2L1,0.67157024
MYL6,0.6715618
NFATC4,0.6714654
KLHL3,0.67146164
KLC4,0.67145884
MED29,0.6714423
HOXB3,0.671391
MED20,0.6713898
LSM2,0.67136514
NSUN2,0.67136234
PIK3R6,0.67133284
MAST2,0.67131263
HSF2,0.6713114
NDUFB10,0.6712649
MEAF6,0.6712487
LAMC2,0.67123526
MIS18BP1,0.6712317
MLST8,0.6712118
KIAA2013,0.6712013
ING3,0.67119515
IL10RB,0.6711681
NADK2,0.67115265
NIT2,0.67114305
CASP1,0.6711404
LCP2,0.6711362
MED6,0.6710662
MTX1,0.67104506
NAPA,0.671038
MED22,0.6710051
ITGA8,0.67100143
FBXO6,0.67097646
ATP6V1E2,0.67097396
NSMCE2,0.6709479
MED17,0.6709303
MYCBP,0.67089
AGL,0.67088085
OCRL,0.67088056
RARB,0.6708043
MTHFD1L,0.6707996
IFT74,0.67076874
HERC6,0.67074084
NOMO2,0.67073816
NAP1L4,0.6707257
ABCB6,0.6707124
NCAPG,0.67069596
MPHOSPH8,0.6706816
NEMF,0.67068064
PARP4,0.67063034
MRPS27,0.67061585
NDE1,0.67058593
IK,0.6705587
NFX1,0.6705551
NDUFA4,0.67053217
PEX5,0.6705122
MYO10,0.6704946
MSRB3,0.6704271
MOSPD2,0.67040634
LZTS3,0.6703943
NFKB1,0.67032695
ODC1,0.6703087
MPRIP,0.670307
PIP5K1C,0.6702712
MRPL46,0.67025185
NMT2,0.67025036
NDC1,0.67024237
MBOAT2,0.670228
MPP6,0.6702273
MLEC,0.6702139
NEO1,0.67017674
MDH1,0.67017096
NOL12,0.67016596
MAPK6,0.6700885
LIMD1,0.670037
NMD3,0.6700323
IL16,0.6700276
MEGF8,0.6700158
MTX2,0.66997766
NDUFB8,0.6699765
MFGE8,0.6699202
MMP15,0.6698593
MAN1B1,0.66983485
NMRK1,0.6698316
MRPL9,0.6698278
NOMO3,0.6697641
IRF2BP1,0.66975594
MRPL16,0.6697276
MRPS31,0.669716
NAA50,0.669707
LILRB2,0.6697019
MEMO1,0.6696791
MIER1,0.66967714
KDELR3,0.66967356
HPSE,0.6696706
MCM3,0.66967046
MNAT1,0.66963357
HOXA10,0.6696316
NINL,0.66955715
NLN,0.6695368
PDP2,0.66952944
PIGU,0.6695245
NDUFA6,0.6694835
NNMT,0.66945744
NR1H3,0.66945183
IL17RD,0.6694318
PFDN5,0.6694286
MTHFS,0.66938776
MAP4K3,0.6693722
NEK6,0.66934204
ITGA5,0.66933924
KIF26A,0.66933775
MICALL1,0.6692961
NCBP1,0.669292
NOC2L,0.6692565
AMPH,0.6692532
MELK,0.669247
NAA60,0.6692199
MAP1S,0.66921866
MRPS11,0.6692088
METTL14,0.66918993
NUFIP2,0.6691866
NAT1,0.66918176
MRPS22,0.66917515
NINJ1,0.669148
NCF2,0.6691388
PI4KA,0.66912305
NCK1,0.669106
MAP3K9,0.66909814
MTMR9,0.6690956
OSGEP,0.66906714
MTMR12,0.66900134
NFYC,0.66897213
PDLIM4,0.6689565
POLA2,0.66881275
NFIX,0.6687963
CARD6,0.6687957
NUP54,0.66879237
KLHL25,0.6687492
NSUN4,0.6687476
MCPH1,0.6687368
HTRA2,0.6687213
NPC1,0.66871166
MCM10,0.66870236
NAA15,0.6686804
MRPL10,0.6686459
MTMR1,0.6686052
PDPR,0.6685363
NSUN5,0.66848683
AGPAT4,0.6684608
MOB1B,0.6684585
ORAI2,0.66844654
PARK7,0.66842157
PDCD6,0.6684008
MAD2L1BP,0.66836953
NUMB,0.66836494
AP3M2,0.668342
GNA15,0.6683413
NSMAF,0.66832745
PHC1,0.6683254
MFAP2,0.6682803
MYADM,0.66827846
NEK7,0.668261
KIF21B,0.6682511
MRPL1,0.6682278
NPLOC4,0.6682277
NCKAP1,0.6682236
MAGOH,0.6681612
KIAA1549L,0.6681552
MIEF1,0.6681411
NDUFB6,0.66811156
NUP107,0.66809964
SHC2,0.6680979
MRPS10,0.668091
MGAT2,0.66808575
PAICS,0.6680714
NCEH1,0.6680496
OAZ2,0.6680467
NPR1,0.668031
NUS1,0.6680183
NR1D2,0.66800284
IL17RC,0.66799146
NUBP2,0.6679862
NOC4L,0.66794366
HUS1,0.667941
MAP2K7,0.66793567
NAIF1,0.6679287
MYCBP2,0.6679045
NHP2,0.6678222
GCAT,0.66780776
MMACHC,0.6677975
MBTPS1,0.6677664
NDUFV3,0.66773075
MYO9B,0.66771054
MRPL2,0.6676872
NPNT,0.6676803
NCAPH,0.66767114
OPA1,0.66763103
NCAPD3,0.6675942
NELFB,0.6675775
LMBR1L,0.6675179
SLA2,0.66748536
NAGLU,0.66748
NOL9,0.6674478
OTUD3,0.6673781
NDUFA13,0.6673287
PBK,0.6673144
MECR,0.66731054
PIK3C2A,0.66727436
LAMTOR5,0.66724545
ABCG1,0.66718864
OPHN1,0.66715837
GPATCH1,0.6671174
PHF20,0.6671011
RP2,0.6670912
NME7,0.6670599
MED14,0.667037
NDUFAF6,0.6669699
NEK1,0.66692424
LTBP4,0.66688555
NUP50,0.666876
PAAF1,0.66680753
LPCAT2,0.66678804
OXNAD1,0.6667145
NPRL3,0.66668594
NDC80,0.6666786
NKIRAS2,0.66667485
MRPS30,0.66666806
FUNDC1,0.6666641
PPIE,0.6666456
NRIP1,0.6666176
OGDH,0.66661054
OTUB1,0.6665912
MIS12,0.66657937
MFSD10,0.66657585
PPM1F,0.6665406
ACADVL,0.6664931
MRTO4,0.66646606
HAVCR2,0.66642433
MRPS21,0.66642326
PAXIP1,0.6664133
PIAS3,0.66638255
NDUFA5,0.6663246
MEPCE,0.6663215
NDUFAB1,0.66630334
PLXNA3,0.6662637
NPDC1,0.6662397
MUL1,0.66622734
MBD1,0.6662212
MPP7,0.66620517
PREX1,0.6661915
RASGRP2,0.6661589
MEX3C,0.6661056
MSH5,0.6660493
NCOA7,0.6660413
ABCD3,0.66603214
MPI,0.6660297
NELFE,0.665925
NEK9,0.66591537
MED26,0.665908
CYSLTR1,0.66588527
MRI1,0.6658756
IFT20,0.66582716
IRAK3,0.6657991
NOLC1,0.6657969
NUDT9,0.6657599
APOBEC3F,0.6657567
LZTFL1,0.6657338
NAP1L1,0.6657018
MOCS2,0.66565
MYL12A,0.6656181
PCDHB5,0.6656048
ORC1,0.6655999
PARP9,0.66559666
METTL3,0.6655664
NFU1,0.66554165
LAG3,0.665513
ITGA9,0.6654711
NFATC2IP,0.6654408
PNPLA6,0.6654338
NSMCE4A,0.6653914
NEK2,0.6653715
MCM9,0.6653658
NAA40,0.6653619
OAZ1,0.6653408
NDUFA1,0.6653286
GMPR,0.6653185
MCM6,0.6653019
NAA38,0.6652934
NOP14,0.6652509
OTUD5,0.6652382
NOL8,0.6652156
PCNT,0.66519374
MRPL21,0.6651411
NDUFAF5,0.66509676
NAPB,0.66508085
HENMT1,0.6650744
ISCA2,0.6650727
GRAP2,0.66507185
PAGR1,0.66505957
NUCB1,0.6649749
ORC2,0.66493446
NGLY1,0.664888
NMI,0.6648521
MFN1,0.6648401
MOGS,0.66482687
PLAA,0.66481805
MYL6B,0.66480714
IFI35,0.6648051
PPP1R12C,0.664782
NIPSNAP1,0.66476333
IRF9,0.6647627
MDC1,0.66469735
OSBP,0.66468525
MSRB2,0.66468
PCK2,0.66466355
NOP16,0.66465425
NMNAT2,0.6646393
MAGOHB,0.66456777
NDRG2,0.6645642
NTM,0.664497
PDLIM5,0.66441894
FOSL1,0.664402
NUDCD3,0.6643928
HSD17B7,0.66437835
MSX2,0.6643478
PCCA,0.66431475
MCRS1,0.6642894
NR6A1,0.66420776
NIF3L1,0.6641578
LRR1,0.6641497
MRPL45,0.664149
MORC2,0.664136
PLOD1,0.664098
MRPS28,0.6640834
NRF1,0.66406083
MRFAP1,0.66402996
NOL6,0.6640189
RAP1GAP,0.6639777
HOMER3,0.663969
MFAP3,0.66396743
NNT,0.6639451
MRPS16,0.66394377
NFYA,0.66390306
NFE2L1,0.66389984
PCDHB15,0.6638954
PINK1,0.66388977
MTIF2,0.6638338
NR2F6,0.66379225
MSL1,0.66378224
NLGN2,0.6637752
LIF,0.6637372
PRDX3,0.66368735
MAK16,0.66368014
MYO6,0.66367656
MRPL11,0.66365826
PSME1,0.66362524
MTO1,0.663625
PABPC1L,0.6635993
MRPL18,0.6635942
BNIP1,0.66355973
NEDD9,0.6635589
LRPAP1,0.6635438
PARD3B,0.6634953
ALDH4A1,0.66347986
MZT2B,0.66347927
MYBBP1A,0.66344625
PELP1,0.6633915
NANS,0.663387
NUDT14,0.6633361
NUBPL,0.6633339
ODF2,0.66332835
PLA2G4A,0.6632918
ASAH2,0.6632788
NT5C3A,0.6632713
MRPS2,0.6632447
PANK1,0.6632346
NEIL3,0.66321015
ITGA4,0.66319424
LPIN3,0.6631899
NTAN1,0.6631664
PLOD3,0.663137
PDE3B,0.66306615
P4HA1,0.66303957
NME4,0.66303724
NUP210,0.6630233
NCBP2,0.66300285
PARP14,0.6630005
PPP1CC,0.66298515
ITGBL1,0.6629344
NEU1,0.66289836
PARD3,0.6628757
KRT5,0.6628424
NID1,0.6628131
PDK3,0.6628015
PDE7A,0.6627867
IL7,0.6627566
N6AMT1,0.66272336
NUDT19,0.66269743
MTFMT,0.66262776
RASSF6,0.6626248
CHST7,0.6626129
PPCS,0.6625749
PFKM,0.6625658
NOL10,0.6625586
PHB2,0.66254675
MTIF3,0.66253525
NR2C1,0.6625204
NDUFB4,0.66251516
PEX3,0.66248316
NFKBIL1,0.66247725
PGAP1,0.6624767
NPL,0.66237104
OSTM1,0.66234076
OAS1,0.66233456
NR1H2,0.6623136
ADCY6,0.662255
INTS12,0.66223294
NOSIP,0.66216016
NEDD1,0.66214526
PPP5C,0.66213727
RAB13,0.66212225
PCBD2,0.6621087
PLXND1,0.6621061
MRPS9,0.6620918
ACAP2,0.6620914
MRPS24,0.6619802
ACTA2,0.6619784
PSMC1,0.66195923
NUDC,0.6619286
PCDH1,0.6618013
AARS2,0.6617938
NUP160,0.66178054
MRPS14,0.66175646
SERPINF1,0.6617339
APOL1,0.6617329
HSCB,0.6616756
NRP1,0.66166836
NFIA,0.6616675
NAA20,0.6616604
NUDT3,0.66163313
NEDD4L,0.66160256
MRPS12,0.6615942
KCNIP2,0.6615449
NDUFA8,0.66154045
PLB1,0.66154015
NDUFS4,0.6615251
NUP153,0.6615168
PPFIBP2,0.6614786
PDE6D,0.6614339
PARN,0.6614281
RETSAT,0.6613936
PPL,0.6613337
OSBPL1A,0.66132325
MZT1,0.6612478
NR4A1,0.6612397
PANK4,0.6612213
PARVA,0.6611928
PPARA,0.6611878
PIGO,0.66118014
NMRAL1,0.6611784
NDUFA12,0.6611727
NOP9,0.66116005
ORC5,0.66113067
KCNC3,0.66109425
PANK3,0.6610744
MED7,0.66104823
PGAM1,0.6610255
OBSCN,0.6610128
LMF2,0.6610122
MRPS36,0.66094655
NAGPA,0.6609276
RAB32,0.660894
ITGA7,0.660891
POM121,0.6608779
MIDN,0.6608749
MRGBP,0.66085553
MR1,0.6608044
ISY1,0.66076994
MIF4GD,0.66076785
PACSIN2,0.6607576
NUP188,0.66074604
PPP1R11,0.66072226
MRPL53,0.66066265
PRPSAP1,0.66065276
CLEC7A,0.6606455
NUDT21,0.6606308
PALLD,0.6606122
NSFL1C,0.6605823
POLR3G,0.66057503
NPAS2,0.66051996
PCOLCE,0.66050047
NUP155,0.66048014
RAB14,0.6604483
LMOD1,0.6604328
LPAR2,0.6604223
MAPK7,0.6604206
POLR2B,0.66038126
PABPN1,0.6603709
ALOX5,0.66032684
PELI2,0.660254
OLA1,0.6602139
ADAM9,0.66020966
NRBF2,0.6601877
NDUFS1,0.660163
PES1,0.6601021
NOMO1,0.66009533
PCGF5,0.660067
PAFAH1B3,0.66006416
MYL5,0.6600479
MPP2,0.66003305
LRP4,0.6600243
NFKBIZ,0.65999347
NAA10,0.65998435
PDHB,0.65996593
PEX19,0.65994936
NME3,0.6598946
NOL3,0.6598845
F12,0.65985906
NCLN,0.6598399
PDCD6IP,0.6598128
MATK,0.65978116
MOCOS,0.659776
NPHP1,0.6597477
NRBP1,0.65972096
PPP1R16B,0.65970945
NDUFAF7,0.6596309
PPIF,0.6595838
MCM8,0.6595349
NAA16,0.6594983
NEIL1,0.6594521
PHF5A,0.6594517
NLK,0.6594415
OXCT1,0.6594178
PBX3,0.6593878
MLF1,0.6593853
PCGF3,0.6593336
NCK2,0.6593069
NFS1,0.65930516
PDE10A,0.6592683
BAG2,0.65923476
PKD1,0.6592236
PIKFYVE,0.659118
NUP133,0.6590997
PEX6,0.6590847
PDHA1,0.6590839
PERP,0.6590835
PFDN2,0.6590698
NAMPT,0.6590645
NTPCR,0.6590184
NPTN,0.65898657
PDE8B,0.6589678
RPL26L1,0.6589251
AK9,0.6588324
NDEL1,0.65877676
PPP1R15B,0.6587324
LIPE,0.65870744
MSMO1,0.65867877
NLGN3,0.65867484
PEX7,0.6586721
OGT,0.6586632
NOP58,0.65865153
NT5C,0.6586479
NUDT16,0.6585477
ORMDL2,0.6585041
PIGK,0.65848243
RASSF5,0.65846187
KCNH2,0.6584568
PMPCB,0.6584565
NUP205,0.6584191
PDCD4,0.6584167
KREMEN1,0.6583946
PDIA4,0.65835524
OS9,0.65831923
PRDM4,0.65830666
REV1,0.65826917
PCGF1,0.65824383
PFKL,0.65822834
PELI1,0.65822333
KIF27,0.65809965
PANK2,0.65806466
PPCDC,0.6580506
NAPEPLD,0.658041
MRPL41,0.65799105
NHEJ1,0.6579575
FPR1,0.6579004
PIAS4,0.6579001
PIK3AP1,0.65789855
RNF139,0.65789455
NOP56,0.6578905
NIPA2,0.65783477
PGP,0.6578271
RND1,0.65775836
LRRC6,0.65773743
PHKA2,0.65773565
MRPL54,0.6576804
PECR,0.6576447
MYLK,0.65763426
OXSR1,0.65760696
NABP1,0.65758926
POLR2K,0.6575389
NUTF2,0.6575379
PDE4D,0.65751874
NLE1,0.65749407
NEIL2,0.65748817
PI4KB,0.65748596
NUAK1,0.65740335
POLK,0.6573963
LTF,0.65739
PABPC4,0.6573876
PRNP,0.65731823
PFKFB3,0.6572705
PA2G4,0.65726227
RHPN2,0.6572264
NOL7,0.6571271
POLD2,0.65711284
PFKFB4,0.6570821
PDS5A,0.6570634
KIAA0513,0.657058
PPT2,0.6570358
SH2D2A,0.6570229
HSD11B2,0.65702045
PAF1,0.65699995
PEF1,0.65698254
MAN2A2,0.6569035
PPM1A,0.65685505
NUP37,0.6568313
PFN1,0.6568223
PDE7B,0.6567246
PKM,0.65667593
HCAR2,0.6566615
PCID2,0.6566355
RBAK,0.65659386
MED4,0.656586
NXF1,0.6565304
NES,0.6565189
PSMF1,0.65651566
MIEF2,0.656498
SAP30,0.6564972
NR2C2,0.65645045
OXSM,0.65642583
PAPOLA,0.6563839
KIF5C,0.65637386
PSMB6,0.6563357
SIGIRR,0.6563353
MPND,0.65633285
NSUN6,0.65630734
PAN3,0.6562753
MTMR7,0.6562045
REEP2,0.6561794
PDE1A,0.65615654
FCGR2A,0.65615165
PIK3R5,0.65614325
PGD,0.6561377
PYGO1,0.656033
NFASC,0.6560285
PEX14,0.65602475
PNISR,0.65602005
PIP5K1A,0.65600187
LIG4,0.6559663
PIH1D1,0.6559566
BBS12,0.6559329
PDRG1,0.6558913
OMA1,0.65584356
NUBP1,0.65574175
NRCAM,0.65571713
PDSS2,0.65567696
PRKD2,0.6556312
PATL1,0.6556301
METTL21A,0.65560985
NELFA,0.6555849
MRPL40,0.6555834
NDUFAF3,0.6555196
PAIP2,0.6554614
MRPL50,0.6554412
PDXDC1,0.655386
POLB,0.65538204
PEX13,0.65536594
PRPF6,0.65532005
PPP1R12A,0.6553102
KCNN3,0.65529007
PFDN6,0.6552143
MAPK8IP1,0.65512824
PDE3A,0.6551218
PIGS,0.655042
PLXNA2,0.65492314
PFN2,0.6549116
NECAP2,0.65490127
PDXK,0.65485257
MOAP1,0.654846
OTUD7B,0.65483713
PAPSS2,0.6547785
RHOT2,0.65474606
MICU2,0.65471625
PHF8,0.6546359
PEX1,0.65462
PFKP,0.6546071
PPP1R3D,0.6545977
NELFCD,0.6545943
PUS1,0.6545922
PAFAH1B1,0.65455216
PRICKLE3,0.65451443
PGM1,0.6544956
PJA2,0.65449333
OIP5,0.65448326
PAK4,0.6543816
PHKB,0.6543702
PGM2L1,0.6543373
POFUT1,0.6542646
RNF152,0.6542503
ORMDL1,0.65417874
RAB3GAP1,0.654117
PIK3R4,0.65408057
PSMD1,0.6540492
PYGL,0.65403754
MICAL2,0.6539872
NEK8,0.65395385
PDE4A,0.65395045
PGS1,0.65392363
PDLIM1,0.6539223
PRDX6,0.65390307
INO80B,0.6538911
NOL11,0.65383923
PEX2,0.65382993
PPIB,0.6538245
PDE5A,0.6537775
RALB,0.6537711
NCKAP1L,0.6537637
PLEKHG4,0.65373373
PDE4B,0.65372163
PRKCD,0.65370184
MIB2,0.65363336
PDCL,0.653629
PRKACB,0.6536221
PAIP2B,0.6535829
SHB,0.6534784
POLM,0.6534446
ACO2,0.6534282
MID1IP1,0.65341336
PPOX,0.65331644
PBX2,0.6533075
NOP2,0.65329415
NFIL3,0.6532674
RPL22L1,0.653261
PKN1,0.65314674
PLEKHA7,0.6531155
ABCC1,0.6530933
PPP1R14B,0.6530186
PLCD1,0.65298855
PRKRIP1,0.65298516
RACGAP1,0.6529814
OSGEPL1,0.65294695
NRP2,0.65292275
NAGA,0.6529068
RBPJ,0.6528646
RSAD2,0.6528332
PEA15,0.65276414
NUP62,0.6527616
AASS,0.65275264
PSMD11,0.65270096
POLDIP3,0.65268433
RAD54B,0.6526187
NDUFA3,0.6526163
POLR3C,0.65244704
PPP1R15A,0.6524315
PRPS1,0.65241
NANP,0.6523977
PRPF4B,0.6523809
ABCC3,0.65237516
POLR2F,0.6523701
IFIT1,0.6523643
PSME2,0.6523488
NIPSNAP3A,0.6523334
PITPNA,0.6523113
PPFIA1,0.6522989
MOK,0.652226
ORC4,0.6522144
ABCA1,0.6521447
RAB1B,0.6521055
PIPOX,0.6520128
PLEKHG3,0.6519931
PSMC2,0.65195185
PPP1R9B,0.6519184
POU2F1,0.65190816
PSME3,0.65189284
RELT,0.6518382
PIR,0.65183204
GBP1,0.6518313
AATF,0.6517774
NUP43,0.6517686
LXN,0.6517631
MLKL,0.6517626
NOP10,0.65175396
PALMD,0.65168875
PAWR,0.65168333
POLR3B,0.6516496
PKD2,0.6516108
PHLDA1,0.65156484
PSMA4,0.6515613
MRPL27,0.65155137
ORMDL3,0.6515513
PLEKHA8,0.6515194
PDIA3,0.6514742
PKP3,0.65145963
MAPK13,0.6514
RBBP9,0.651368
PUS7,0.65135366
RABIF,0.6513458
RBM7,0.6513439
PHB,0.6513175
OSBPL5,0.6512788
PPP1R13L,0.65121967
PKN2,0.6511363
PACS2,0.6511105
PMF1,0.6510907
PLXNB1,0.65107983
PCDHB10,0.6510782
PDCD5,0.65104115
RAB11B,0.65087414
AP4M1,0.65081334
PRDX5,0.65080434
PISD,0.65079325
RAB27A,0.65071744
RAB10,0.6506382
SLC35A2,0.6506293
ING2,0.65060246
PRKAR2A,0.650586
PDGFD,0.6505609
MMP28,0.650541
PPP2R3C,0.6505287
PKP4,0.6505152
QDPR,0.6504959
MANEA,0.65038365
AQP3,0.6503711
NUSAP1,0.65028566
MX2,0.6502601
ECM1,0.6502535
REC8,0.650236
NVL,0.650218
PGGT1B,0.65021354
PRPF38A,0.6501967
PACSIN3,0.65014976
RAPGEF5,0.6500856
PAQR8,0.6500668
LIPG,0.65003884
PURA,0.65003693
MRPS26,0.65003216
PSMG3,0.6499341
PTPRU,0.64992297
PLEC,0.6498951
PIP4K2A,0.64988655
PNN,0.64987886
PPP1R7,0.6498119
OXTR,0.6498105
PSMG2,0.6497938
POLR3GL,0.64975554
PSMA7,0.6497555
PLK1,0.64972335
PCBP4,0.6497196
GBP4,0.6497083
RFC4,0.64967334
PRDX2,0.64965206
RAB3GAP2,0.64957625
PPP3CC,0.6494856
RIN2,0.6494162
PKP2,0.6493404
PSMD7,0.6493361
IL12RB1,0.64924634
PSMC3IP,0.64918846
P2RY11,0.64916867
NR4A2,0.64907414
RBBP5,0.64902246
PNRC2,0.6489331
PLCL1,0.6489041
PGRMC1,0.6488163
NSA2,0.64878476
PTDSS2,0.64875406
POLL,0.6487438
PTBP1,0.64872617
NPHP4,0.6485594
PITPNM1,0.64854604
PRKCA,0.6485395
PPA1,0.6484652
POLR3A,0.64846075
RNPC3,0.6484438
RAB3IP,0.64843273
PLTP,0.6484182
NID2,0.6484069
PDE8A,0.648388
PTGFRN,0.6483865
PRPF19,0.64835495
OLR1,0.64835316
PDE12,0.6483509
PPP2R5A,0.6483473
RNF19B,0.64828676
RAB2A,0.6482782
PSEN1,0.64827764
PSMC5,0.6481904
PPP1CA,0.64816844
PCYOX1L,0.64815825
PSME4,0.6481343
PLEKHM2,0.6481323
PHF2,0.6481201
PKIA,0.6480983
OBSL1,0.6480663
PSAP,0.6480612
PARD6B,0.6480495
PPIL2,0.64790446
COL5A3,0.64789647
PRKAG2,0.6478793
RPL17,0.6478578
PSMD2,0.6478006
RPL7,0.64779997
PQBP1,0.64777815
LTB4R,0.64774895
PLP2,0.6477448
PVR,0.6477354
POLA1,0.6477247
PTMS,0.64772296
PSMD9,0.6476985
PPARGC1B,0.6476433
PEX11B,0.64762014
MRAS,0.6474839
PPP2R1B,0.64744693
PRDX1,0.6473291
PITX1,0.6472354
RFC1,0.6471805
MRPL44,0.647165
PARS2,0.6471595
PHF11,0.64713365
PTPRN2,0.6471319
HSPA1L,0.64711726
QPRT,0.64708596
RMI1,0.64703
PPP1R10,0.64700955
PLEKHA2,0.64695054
PLAGL1,0.6469314
RBM25,0.64692414
PPP2R5D,0.64690506
PLCB3,0.64690477
PBDC1,0.64685416
PREB,0.64684975
NLRC5,0.64681375
RCC2,0.6468047
OAT,0.64679724
PPP1R18,0.6467904
PDGFC,0.6467794
IL2RA,0.64675355
PKP1,0.64670926
POLR1A,0.6466909
RNF6,0.64664966
PPP1R13B,0.6466472
OPN3,0.6466361
PTPRA,0.64663506
RRP15,0.646586
PCDH7,0.6465517
PPP2R5E,0.6464607
PAK6,0.6464213
PARP12,0.6463738
PARVB,0.6463695
BMI1,0.6463526
PRC1,0.64634556
RECK,0.64626664
SHCBP1,0.64624256
PLSCR1,0.6462099
POLR2D,0.64612025
PRPF3,0.64609647
REXO2,0.64608425
PRPF39,0.64607453
OAS2,0.64603734
PLD1,0.64596415
RAB30,0.6459595
PPP6R3,0.6459041
PHC2,0.6458985
PPM1K,0.6458706
RAB3IL1,0.6458477
PDPN,0.6458472
NMB,0.64582306
PEMT,0.6457465
PPP6R1,0.6457067
RAB5B,0.6456427
PSMD3,0.64563197
PLD3,0.645603
RAB11A,0.6455589
PSMD8,0.6455343
PTPN4,0.64543337
RBM39,0.6453968
PLXNB2,0.6453732
PNP,0.64536166
PAPSS1,0.6453596
RIN3,0.6453422
PRR5L,0.64523613
PKN3,0.645144
RBCK1,0.64511025
POLR2J3,0.6450371
PTP4A3,0.6450225
MED9,0.64501286
POMP,0.6450095
LYPD3,0.64500284
PRKCSH,0.6449725
NSMCE1,0.64497215
RDX,0.64493614
PLCL2,0.64480036
POLR2G,0.6447185
PJA1,0.644675
PSMB10,0.64466435
NKIRAS1,0.6446427
ZNF418,0.6446335
PPP6R2,0.64460176
PHC3,0.6445625
RFXAP,0.644516
PTMA,0.64450884
PNKP,0.6445046
MON1A,0.64442563
RPRD1B,0.6444212
AASDH,0.64441204
PSMD12,0.6443424
RASAL2,0.6443389
RAB1A,0.6442405
POLR1E,0.6442273
PRCP,0.64421004
PSMD10,0.6441758
PTCD1,0.6441646
PLEKHG2,0.64415663
NDUFA9,0.64415485
MAFF,0.6441313
PFKFB2,0.64409596
NAA30,0.6440699
PTK2,0.64405555
PYCR1,0.64400667
PSMB1,0.6439911
PDP1,0.64393985
PIGP,0.6439022
RABEPK,0.64390105
PRKCH,0.643887
RHOG,0.643886
RBX1,0.6438608
PDCL3,0.6438432
MATN3,0.64382803
PUF60,0.6438111
NTN1,0.64380395
PITRM1,0.64372814
POLE4,0.6437229
RNH1,0.64364445
RAMP3,0.6436413
RAB11FIP1,0.6436234
MAP1A,0.6436231
SEMA4G,0.6436202
SYP,0.6435918
PCGF2,0.64358395
RHPN1,0.6435503
ST3GAL6,0.64352524
RBM14,0.64350337
PRKRA,0.6434233
PLA2R1,0.6433328
PHF21A,0.64324707
LFNG,0.6432245
PWP1,0.64321345
PRMT1,0.64316267
PTBP2,0.6431168
RNF11,0.643103
RRAGD,0.64310247
PPP3CA,0.64307773
PLRG1,0.6430713
PSAT1,0.6430643
PTTG1,0.6430363
PIP4K2C,0.6429963
PI4K2A,0.6429587
RIF1,0.642886
PER3,0.6428634
PDHX,0.6428119
PTPN21,0.6427808
PHAX,0.6427593
PIGL,0.6427205
RALGAPB,0.642717
PRKCE,0.6426497
PARVG,0.6426241
PPIL1,0.64260167
MAOB,0.6425771
PTGES3,0.64250344
REEP5,0.6424436
RGS17,0.64239645
PPIP5K2,0.642369
PSEN2,0.64234823
PRKAR2B,0.6423121
RAB20,0.64228714
NFRKB,0.642278
SUN2,0.64226717
PLCB4,0.642247
RABEP2,0.6422205
RER1,0.6421938
AMT,0.6421588
POLR2A,0.6421459
RAB3D,0.6421429
RC3H1,0.6420712
PMVK,0.6420412
PPP2R5C,0.64203024
RRP7A,0.64200187
PTPN12,0.6419822
PPAT,0.641981
RABL2A,0.6417585
RBM22,0.6417566
PPIG,0.64174753
RCAN1,0.6417222
PRKAR1B,0.6417076
RAP2A,0.6416518
RIN1,0.641614
RAN,0.6416116
PTPRE,0.6415483
POLG2,0.6415431
PSMB5,0.6415331
FCER1G,0.64152116
PURB,0.64142746
SCN1B,0.6413903
OAS3,0.64136815
PPM1B,0.6413566
RGS19,0.6413356
PMEPA1,0.6413301
RBFOX2,0.64132404
RPGR,0.6412807
PTPN7,0.6412628
RGS12,0.64122784
POLR3H,0.6412038
RAB9A,0.6412003
SEL1L,0.6411074
TACO1,0.64108944
RAB34,0.64108837
PXN,0.6410294
POLR2L,0.64102745
PLD2,0.6410204
CSTA,0.6409722
POSTN,0.64095616
PPP4C,0.6409373
SCRIB,0.6409117
MTRF1L,0.6409116
PICK1,0.64084524
RAD23A,0.6408108
RGS2,0.64078957
PRPF4,0.64076525
CDKN3,0.64073765
POLR3D,0.64073247
POLR3F,0.6407181
RLIM,0.6407153
SGMS2,0.64068353
PDCD10,0.6406585
LRFN3,0.64064
PHKG1,0.6406247
MTSS1,0.6406214
PSMD5,0.6405894
MTMR6,0.64055127
PTPRM,0.64054215
PUM2,0.6404864
PIGG,0.6404579
POLE2,0.6403741
PMPCA,0.6403423
RAB31,0.6403408
PPARD,0.6400576
PIF1,0.6400572
PIGB,0.6400356
RANBP1,0.64002234
PCSK5,0.63998723
POLR2C,0.6399742
SHF,0.6399581
PANX1,0.6399395
PMP22,0.63993204
RNF217,0.6398501
OSMR,0.6397619
PRR5,0.6397226
RNF31,0.6396933
PLA2G15,0.6396818
PPRC1,0.63965034
PDSS1,0.639633
PLEKHG5,0.63963056
POGZ,0.63962173
PSMB3,0.6396162
AAMP,0.6396143
RAI1,0.639568
PGAM5,0.639529
PAIP1,0.6394076
RBM15B,0.6394029
POP5,0.6393376
NEB,0.639333
PTDSS1,0.63923955
SLC30A1,0.639232
RBMX,0.63923055
PSPC1,0.639226
RAD18,0.6391914
PSMB4,0.6391639
PPP2CA,0.6391629
POLR2H,0.6391483
SEC62,0.63913417
PHYKPL,0.6391112
RBM17,0.63908714
NIP7,0.63906187
RAB8A,0.63905513
PTPRJ,0.6390036
PRR12,0.63898784
SDS,0.6389692
PSMB9,0.6389402
PLXNA1,0.6388437
PNKD,0.6387761
PDK2,0.63875616
PRKAA1,0.6387469
PAM16,0.63874143
STX1A,0.6386929
RHOBTB1,0.6386112
PRMT7,0.6386049
RAB4B,0.63858825
PRKAB2,0.63852966
RPL13,0.6385226
SIRT1,0.6384848
PIP5KL1,0.6384537
PTPMT1,0.63842845
NLRX1,0.63837
RABL2B,0.6383203
NDN,0.63831806
RELA,0.6381646
POP1,0.63815516
PTAFR,0.63814104
PLAT,0.6381149
RFC5,0.63810825
RAB5C,0.6380514
RAB33B,0.6380213
PPM1L,0.6379972
SLC22A4,0.6379377
RCSD1,0.63790494
RHNO1,0.6378918
POLI,0.6378459
MYH3,0.6377821
PPP3R1,0.6377364
AACS,0.6377312
SDF2,0.6376665
RNF181,0.6376265
POLD3,0.63762647
RAB2B,0.63757265
MAPK11,0.6375381
PHKG2,0.63743883
RAVER1,0.63743776
POLE3,0.63742894
POLR2I,0.637403
ORAI3,0.63733596
PRPF40A,0.63731134
TBX19,0.63703644
PTGIR,0.6370027
ZNF184,0.63696235
PIGC,0.63695604
PDLIM2,0.6369449
PTCD3,0.6369057
PTPN9,0.6368796
RORA,0.63686204
PNPLA2,0.6368468
RANBP3,0.6367948
RERE,0.636778
PSMB7,0.636725
RNF2,0.6367074
OPRL1,0.6366606
RALGPS2,0.63663095
PTPN23,0.6366248
RBL2,0.6366231
SMARCC2,0.6366001
PSMC6,0.6365542
PLS1,0.6365386
RFC2,0.63649124
ITGAX,0.63647413
RPL15,0.6364689
PTK2B,0.6364088
RPL23,0.63633865
POMGNT1,0.63626325
QRSL1,0.6362621
NUDT16L1,0.63624346
POLRMT,0.6362283
RPL11,0.6361231
C5,0.63609403
RPL19,0.6360847
SNAP29,0.63598895
PCSK6,0.635928
PGAP2,0.6359204
PSMB8,0.63582724
RAPGEF4,0.6358193
HSD11B1L,0.6358139
RBBP4,0.6357968
REPS2,0.63575345
PIGW,0.63570213
GSDMB,0.6356456
RABGGTB,0.6356057
SPRY1,0.6355863
RAB4A,0.63556135
RPL13A,0.63551337
RAB25,0.6354877
RANGAP1,0.63544035
PPP1R3B,0.6354164
RCOR2,0.6353665
RBM4,0.63534015
RAB37,0.63532186
RCC1,0.63531446
RUFY1,0.63522816
PTGES2,0.6351651
PDK4,0.6351602
PIGQ,0.635098
PNPT1,0.63506955
PYGB,0.63499993
PSMA5,0.6349841
RANBP9,0.6349335
RAB18,0.6349228
PRPF40B,0.63489544
PSMC3,0.6348949
RBM19,0.63488084
ITGB6,0.6348725
RAP1B,0.6348325
RABGAP1,0.6348176
QTRT1,0.63478243
RAD9A,0.6347688
RAI2,0.63475823
AAK1,0.6347403
RPL27A,0.6347259
RTN4IP1,0.63469476
PAFAH2,0.6346669
PRMT5,0.6346643
PAN2,0.63464636
PIGV,0.6346266
PPP4R1,0.63458097
ROCK2,0.6345482
NTN4,0.63453954
TDP2,0.63440996
PTRH2,0.6344063
RPS27L,0.63433945
RAB11FIP3,0.63432145
SCYL1,0.6342853
RPL18A,0.6342303
RNF130,0.63421065
CLIC3,0.6342069
PRPSAP2,0.63418716
SCLT1,0.6341782
PIGM,0.6341766
PHF12,0.6341728
RAB38,0.6341711
RBM8A,0.63412964
NPRL2,0.63405293
RAPGEF6,0.6339912
PPP2CB,0.63397723
SMCR8,0.6338234
MLPH,0.63381624
RAPGEF1,0.633755
PGAP3,0.6336458
RPAP2,0.6336247
SERPING1,0.6336245
PLOD2,0.63360393
RNF24,0.6334601
RPL31,0.6333045
RGS16,0.63329077
RPL24,0.63322264
RGMB,0.6332016
PEX26,0.63311976
RASSF1,0.6331188
RASA2,0.633062
CHRD,0.63300854
PPP1R8,0.63296777
RRM2B,0.632887
RNF135,0.63278663
MS4A6A,0.63276
RFFL,0.6327136
RPA1,0.6327008
SORD,0.6326778
OCLN,0.632639
CISH,0.6326336
RNF7,0.6326025
PLCE1,0.6325045
RFX5,0.63241607
MYO15A,0.63239104
RPL23A,0.6323724
RCCD1,0.6323311
RALBP1,0.63229364
P2RY6,0.6322429
SENP2,0.632197
PYGO2,0.632187
RAB11FIP4,0.63218486
CLDN23,0.632122
RPS27,0.6320018
SEC11C,0.63200027
RPE,0.63194793
PPWD1,0.6318887
PRPS2,0.63187844
GNLY,0.63187593
POP7,0.63183826
SAP30BP,0.63173854
RPRD1A,0.6317246
RGS5,0.6317129
SH3BP4,0.6316934
POLR3E,0.63164145
RFK,0.6316278
RYK,0.6316252
RGP1,0.6315383
RNF216,0.6314992
RRAGB,0.63149357
RASA3,0.63149
PHKA1,0.63146794
SLCO3A1,0.6314597
POFUT2,0.6314506
RPL3,0.6314443
RPS6KB1,0.6313398
RPL27,0.6312584
SEC61A2,0.63115436
ARL4A,0.63114
RCHY1,0.6311024
SMNDC1,0.63110036
PRDX4,0.6310084
PSMA1,0.6309587
S100A9,0.6309379
RFX7,0.63092506
RAB21,0.63091576
PRRT2,0.630895
PRMT6,0.6308736
SCO1,0.63085634
LRRC8E,0.6307763
PLEKHA3,0.6307487
RRAGA,0.63073057
SEMA3C,0.63067234
TREX1,0.63067216
PIGT,0.63062304
RAD51AP1,0.6305986
RASSF2,0.63048375
RAPH1,0.63038445
SLC27A5,0.6302579
SLC25A20,0.63023895
PFAS,0.63014066
RAB24,0.6300721
RPL35A,0.630048
RHOBTB3,0.6299977
SECTM1,0.62993777
PREPL,0.62980866
MRM1,0.62980103
PPP3CB,0.62966025
RNF41,0.62964076
RPS6,0.6294963
REEP4,0.6292863
RPL8,0.62920654
SATB2,0.6291575
PPIH,0.6291187
PLK4,0.62910944
RGL1,0.62904364
NDUFAF4,0.6290398
SYNE1,0.6289221
RAC3,0.628881
SIN3B,0.62884325
PYCR2,0.6288026
CXCL16,0.6287855
PRKAB1,0.6286538
RARS2,0.6285837
RPLP2,0.6285785
RNF220,0.6285534
PCDH18,0.6285366
PLXNC1,0.6285297
RB1CC1,0.6284833
ROR1,0.6284562
RMDN3,0.62841505
NXT2,0.6283993
POMGNT2,0.62839335
SEC24B,0.62839204
SLC12A8,0.6283719
PTPRF,0.6283582
SCLY,0.628336
RPS21,0.62832737
RPL12,0.6283258
RNF5,0.6281897
TCEA3,0.6279633
RPL29,0.6279547
RNF169,0.6278856
RBM45,0.62786067
RBP1,0.62784714
RBM5,0.6278373
PTS,0.6278306
RTF1,0.62782824
RPL7A,0.6276924
RBM42,0.62765926
PRKX,0.6276453
RPS11,0.6276121
OASL,0.62757593
RALY,0.62755245
RPL26,0.6275151
RNF38,0.62749743
SCAI,0.62747943
RABGEF1,0.6273881
PTGS1,0.62733346
RPN2,0.6271225
NR2C2AP,0.6270446
RBM28,0.6269845
SEMA3A,0.62690055
RPF1,0.6268642
RPAP3,0.6267778
ST8SIA4,0.62675893
SCNN1A,0.62668186
SLC6A9,0.626647
RPL36A,0.6264783
RAB6A,0.6264725
SREBF1,0.6264419
RHBDD1,0.6264326
PGM3,0.6263692
SF3B3,0.6263565
MMAA,0.6263062
RBBP7,0.6262884
SLC25A12,0.62625086
RPS26,0.6261933
SDC3,0.6260697
RPRD2,0.6260673
SASS6,0.6260526
PLK3,0.6260347
PRICKLE1,0.6260266
SEMA4F,0.62602353
AQP1,0.6260223
SCCPDH,0.62602204
PPFIA3,0.6259837
SMG6,0.6259512
PDXP,0.6258845
PRMT3,0.625883
VARS2,0.6257423
SCFD2,0.62572086
RPLP0,0.6256056
RBBP8,0.6255204
RIC8A,0.62551016
NGFR,0.62542474
TAF9,0.6253932
RGS1,0.6253848
PODXL2,0.6253243
RPS15A,0.62526554
RABGGTA,0.62524015
AAAS,0.6252317
RPL41,0.6251864
RPS2,0.6251365
RPL34,0.62512326
BEST1,0.6250789
RPS20,0.6250613
RPL7L1,0.62504905
TMEM63A,0.6247754
SDSL,0.62476426
RAB5A,0.6247473
PSMD4,0.624739
RNF103,0.62470746
RFX3,0.62467396
PI4K2B,0.62466466
SCAP,0.6245914
SLC25A25,0.62455577
SH3RF1,0.624473
NPHP3,0.62442136
CETP,0.62434673
NRL,0.6242921
RPL6,0.6242653
RCOR1,0.6242579
POMT1,0.6242355
RGS10,0.62423104
RNASET2,0.6242203
SAR1B,0.6242041
GCNT4,0.62412685
NRN1,0.6240569
PUS3,0.6239952
STRADA,0.6239506
PIGF,0.6239409
RPL10A,0.6239403
RPS6KA2,0.62385815
RTN3,0.6238419
ULK3,0.62381166
SF1,0.62380683
SHMT2,0.62379646
RANBP6,0.6237833
SENP1,0.62378246
SCARA3,0.62374324
SDCCAG8,0.62369055
RAB12,0.6236722
SGSH,0.6236665
SLK,0.6236462
RPS29,0.6236119
RARG,0.6236112
SACM1L,0.6235018
SERPINE2,0.62349504
RPS17,0.62347656
SCFD1,0.6234542
SAFB,0.6233827
SERINC3,0.623379
POMK,0.62334454
REEP3,0.62332886
RFX2,0.62320954
RNPS1,0.6231763
RCOR3,0.62317604
RPL37,0.6231729
STK11IP,0.62310654
RAB40B,0.6230608
RNF34,0.6230461
BHLHE41,0.62304413
RPS16,0.6230215
RPS6KA1,0.6230036
RBM34,0.62295395
RPSA,0.6228606
PPID,0.62280166
SCARB1,0.6227969
ZNF383,0.6225822
RPAP1,0.6225135
SEC16A,0.622493
RPL32,0.62243205
RPS8,0.6224068
RNF8,0.6223384
RPS3,0.62225646
SNAP23,0.6222054
SLC7A6,0.6221933
RAP1A,0.62201303
KTI12,0.62192327
RSF1,0.6219146
RRP1B,0.6219089
RELL2,0.6218434
SMURF1,0.6217676
MAP9,0.6217525
TAMM41,0.62170744
SATB1,0.6215995
TOMM40,0.6215722
NDUFAF1,0.621546
STX12,0.62150306
SLC19A1,0.6214826
SLC9A3R1,0.62147266
SEC24D,0.62144136
SERBP1,0.6213936
RAD1,0.6213925
RNF20,0.6213599
RNF25,0.6213264
SPARC,0.6212816
SBF2,0.6212718
RPL36AL,0.62119865
ZFP82,0.62113214
PRPF18,0.62108916
SELPLG,0.6210129
RNF138,0.6209789
SLBP,0.6209527
RPA2,0.6209356
SSH3,0.6209026
RINL,0.62089115
RANBP10,0.62085336
RNF114,0.62084097
SH3BP2,0.62080705
RPL38,0.62078446
SHMT1,0.6207495
ZNF614,0.62072116
SP100,0.62071526
RPS13,0.62070733
PCDHGA6,0.6206961
RCE1,0.6206572
RPL28,0.62062454
RPS9,0.6206238
SECISBP2,0.6206086
TAOK3,0.6205925
SH3PXD2A,0.6205402
SLC7A5,0.6205383
RPS4X,0.6204452
RUFY3,0.62044185
SEC63,0.62043
PTN,0.6203997
RPS23,0.62036824
SLMAP,0.6202454
NUFIP1,0.62021065
SARNP,0.62019765
SRGAP1,0.620177
SIRT6,0.6201554
CMKLR1,0.6201005
RAB6B,0.62007785
REPS1,0.620041
RGS14,0.6200007
LHX6,0.61999637
SMURF2,0.6199953
QSOX1,0.6199323
RNF185,0.619913
RFC3,0.6197254
RRS1,0.6197232
STAG3,0.6197089
SORL1,0.61966395
RIOK1,0.61950797
RCAN2,0.6194712
PLA2G12A,0.6192322
UBE3D,0.6191111
RBMX2,0.61909866
TSEN54,0.61907554
RHOT1,0.6190346
TACC1,0.61893016
STARD3,0.61892635
RAB11FIP5,0.6189243
STK38L,0.6189154
RBBP6,0.61886454
SMPD1,0.6188625
RSL1D1,0.61882544
SPRED2,0.6187769
RAB8B,0.61865664
SART3,0.6186516
RCL1,0.61864096
PRX,0.61863494
S100PBP,0.61862403
RPS18,0.61859894
RIC8B,0.61859065
SCMH1,0.61840755
SPNS1,0.6183428
SKP1,0.61831427
SEC24C,0.6183003
SLC30A6,0.61826354
RPP25L,0.6182608
RING1,0.6182097
SLC12A9,0.61807877
RMND5A,0.61798507
RNF168,0.61792016
SPTLC2,0.61786985
RRP12,0.61786103
LRP2BP,0.61781657
SBF1,0.61776006
RAD23B,0.6176552
PRPF31,0.61753786
REXO1,0.6174932
SAMD8,0.6174743
RNF14,0.6174341
TIAM1,0.61742604
SCD,0.6174136
RTN4,0.61735153
OPLAH,0.61735076
RPS12,0.6173138
IL18R1,0.61728513
POGLUT1,0.6172122
RCN1,0.6171798
RPS19,0.6171793
RIMKLB,0.61696666
RHOB,0.6169207
RPGRIP1L,0.6168877
RNF40,0.61685896
SNAPC1,0.61683744
SGPL1,0.6167884
RPS3A,0.61670125
RSU1,0.6165988
TBC1D13,0.61645406
SOCS5,0.6164227
RPS27A,0.61639386
SLC25A24,0.6163009
SKAP1,0.6162746
SERPINB6,0.61626965
PORCN,0.61622167
SEMA7A,0.61608386
SIL1,0.6160362
SAMM50,0.61600906
SCP2,0.61589164
SPHK2,0.6158274
MOCS1,0.6157291
ST6GALNAC4,0.61564267
SPAG9,0.6156335
SERINC5,0.615612
PTH1R,0.61558926
SERGEF,0.61553633
SGMS1,0.61548567
RPS5,0.6154773
RSL24D1,0.6154585
STK4,0.6152818
SEH1L,0.6152682
SGPP1,0.6152655
PLCD4,0.61525923
SKAP2,0.6152385
TCTN3,0.6151871
RNGTT,0.6151779
SH3PXD2B,0.61511606
RHBDF1,0.61510307
SNIP1,0.6150539
SCD5,0.6150514
SPPL2A,0.6150436
SPTBN1,0.6149346
SMPD4,0.6149018
SAE1,0.61482763
IL17RE,0.6148237
SMAD1,0.61482084
NR5A2,0.61476505
RXRB,0.61475164
PNPLA4,0.61466944
SPATA5,0.6146414
SH3D19,0.6146031
SEMA5A,0.6145584
MED11,0.61444765
SNRNP200,0.6143285
SPAG16,0.6143082
SLC39A1,0.614169
SMAD6,0.6141482
S100A6,0.61413985
SLC16A3,0.6141271
SNRNP48,0.6140925
RTCA,0.6140379
SFI1,0.61389565
SRR,0.61381155
SRSF9,0.6138041
SLC26A6,0.61376876
VPS54,0.6137318
SIKE1,0.6136826
SPRY4,0.61366826
TFAP4,0.613653
SUPV3L1,0.61363226
TMED3,0.61356765
SMAD7,0.61356664
SMC4,0.6135536
SNX5,0.61352426
SETX,0.613516
CEACAM1,0.6134783
TMEM67,0.61345446
KCND1,0.6133532
SORBS3,0.6133339
SUGP1,0.61331135
SAT1,0.6132994
SLC39A7,0.6131986
RTN4R,0.6131981
RUSC2,0.61316675
SDAD1,0.6130978
TIMP3,0.61306584
TRIM32,0.61303496
SNRPD2,0.6130049
SAV1,0.6129781
SUV39H2,0.61292875
SDCBP,0.61288875
SREBF2,0.6128728
RHOU,0.6128211
SNTA1,0.6126667
IL17RB,0.6126596
SEC22A,0.61265016
SFSWAP,0.61263627
SMARCC1,0.6126276
SURF6,0.61258215
TOP2B,0.61257416
SMARCD3,0.6125487
REXO4,0.6125281
SIN3A,0.6121873
TBC1D23,0.61211354
THOC6,0.61205065
SHISA5,0.61204714
THBS2,0.612038
RNF125,0.6119574
TIMM17B,0.6119381
TCEAL1,0.61188686
RRP8,0.6118341
STARD10,0.6118197
SLC11A2,0.6116684
SLC2A1,0.61165106
SLC25A28,0.6116229
SP3,0.6116005
RASSF8,0.6115389
SRCAP,0.611522
SSBP2,0.6114933
SYNGR1,0.6114801
SENP6,0.6114651
TBC1D25,0.61136496
SNRPB,0.61135703
STARD13,0.6113516
TOX4,0.61131257
RUVBL2,0.6112833
TIMMDC1,0.61122847
STAM2,0.61121404
RNMT,0.61119187
SENP3,0.61113125
SIK3,0.61108774
RIPK1,0.61107695
RAP2C,0.61105007
SEC23A,0.6110325
PMM1,0.6110186
SUPT20H,0.61091346
THEM4,0.61081874
TGFBRAP1,0.61071086
UBL7,0.610686
SYTL4,0.6106718
ALS2CL,0.6106444
RIOK3,0.6106285
SERP1,0.6105934
SP1,0.610503
RPUSD4,0.61047375
SLC27A2,0.61046946
RRP9,0.61046356
SEPHS1,0.61043584
TRIM39,0.610377
SKA2,0.6103601
SPR,0.61029965
SCAMP2,0.6102882
SCAMP1,0.6102252
SNX6,0.61018336
PSTK,0.61017895
SNTB2,0.61014503
TTK,0.6101123
TBCEL,0.61004835
SNRPG,0.6100394
SAFB2,0.6100313
RNF123,0.6100034
SH3GLB2,0.6099885
RBPMS2,0.60990393
STX7,0.6098972
SREK1,0.60980564
SEC13,0.60972404
PPIL4,0.6097215
SRP9,0.60959506
SNRPB2,0.6095273
ST8SIA1,0.60947645
STX17,0.60940945
SLC25A13,0.60940886
SCUBE2,0.60939735
RSRC1,0.6093723
RUVBL1,0.60932004
SPARCL1,0.60921323
SCNM1,0.6091226
STXBP4,0.60911703
RHOQ,0.6090703
STK25,0.60903347
RRN3,0.6089845
ROCK1,0.60882306
SRRM1,0.6088047
TCP1,0.6087954
SLC25A5,0.6087899
SRD5A1,0.60878515
PEX10,0.6087304
SEC14L1,0.6087039
SNRPC,0.6086492
SLC9A3R2,0.6085722
SRSF4,0.6085673
SLC44A2,0.6085331
SEMA6A,0.60842514
TMED1,0.6080939
RND3,0.6080645
SDC2,0.60805166
RRP1,0.60788673
TAZ,0.6078557
PDZD11,0.60784703
RCAN3,0.6078219
SPTAN1,0.6078173
RALGAPA2,0.60777974
SDC1,0.60773116
S100A11,0.6077212
STAU1,0.6076741
RPP38,0.6076176
SAP18,0.60757893
SMCHD1,0.6075538
SMUG1,0.60753626
SYNJ2,0.6074611
SLC3A2,0.6074403
SMDT1,0.6074385
RPP30,0.60743695
SEC22C,0.60739964
SRGAP2,0.6073663
SCAF1,0.60734636
SMC5,0.60724795
STRIP2,0.6070188
RNF111,0.60699344
TBC1D15,0.6068841
RPS7,0.6068055
SARM1,0.6067971
STXBP3,0.6067239
SRSF5,0.6067173
TBC1D32,0.6067143
MPP1,0.60668063
SPN,0.6066406
TRIM11,0.60663897
PSMA2,0.6065211
SMC6,0.60643774
TPGS2,0.60633385
UPP1,0.60628635
SRF,0.60626584
SPTSSA,0.6062401
PPP2R3A,0.6062201
AGMAT,0.60616714
SNX2,0.6060871
SH2B2,0.6060467
TAF6,0.60599166
TBCB,0.60588855
TBPL1,0.6058063
TIAL1,0.60578823
SSH2,0.6057847
TNKS2,0.6057326
SGK3,0.6056527
RNF128,0.60563385
SMARCA5,0.60563254
TMOD1,0.60560936
SPG21,0.605587
SORT1,0.6055234
SV2A,0.60547274
SEC23IP,0.6053921
SHC1,0.605349
SOAT1,0.60527533
SNAP47,0.6052054
TBC1D10B,0.6051697
SERPINH1,0.605169
SPTBN2,0.60507697
SF3A1,0.6050194
TAPBP,0.6048428
SEC11A,0.6047587
SRPK2,0.6047009
TNKS1BP1,0.6046989
SLC7A11,0.60464627
SEMA3F,0.6046446
SIK2,0.6045514
RTCB,0.6045062
STXBP2,0.6044947
SEMA6B,0.6044419
SLAIN2,0.6044152
STK3,0.60438955
SRI,0.60423595
ZNF354A,0.6042068
SNRNP70,0.604179
SH3GLB1,0.60416967
SCNN1D,0.60413355
TMOD2,0.6041283
NKD1,0.60405165
TSR1,0.60404086
SUMO3,0.6040001
SPCS3,0.6039927
SMARCAL1,0.6039193
RASGRP3,0.6039154
SPTLC1,0.6039056
TMEM11,0.60388225
SPIRE1,0.60379887
TCERG1,0.6037639
SLC2A3,0.603744
SKIL,0.6037308
SF3A3,0.6036909
SLC25A3,0.60368425
TIMM8A,0.6036824
SMAP1,0.60365826
SSBP1,0.60360694
RRP36,0.60360503
RPIA,0.6034876
TRIM25,0.6034696
SMU1,0.6034593
TBK1,0.60343444
SKA1,0.6033643
TGM1,0.6033455
TMC6,0.60324824
SNW1,0.6032433
GIMAP8,0.6032096
TPMT,0.6031708
SULF1,0.60308605
SPSB1,0.6030383
SNRPD1,0.60296005
RHOBTB2,0.6028031
STK36,0.60277295
THOC5,0.60270315
SF3B4,0.6027016
SPG11,0.6026337
SLC1A1,0.6025637
SEC61A1,0.6024807
STIM1,0.60234153
SNRPA1,0.6023299
TRNAU1AP,0.6023197
SLC1A5,0.60228413
SKA3,0.60222864
SNCA,0.6022162
RNASEH1,0.6022117
TEAD4,0.6022022
SPIN1,0.60215193
CPLX1,0.6021418
TIMP2,0.60212606
TMEM132A,0.6021147
SRGN,0.6019748
SPDYA,0.6019528
SLC35B1,0.6018926
USP43,0.6017353
SLC9A1,0.60172254
SF3B5,0.6017046
ZNF335,0.601674
SNX13,0.6015876
TCIRG1,0.60158074
STK24,0.6015758
SNAPC4,0.6015731
SEC24A,0.60150874
TDRKH,0.60116845
TUBGCP6,0.60110515
STK38,0.60101223
TOP3B,0.6009983
SART1,0.6009847
ST13,0.6008601
SPIDR,0.6008478
ST3GAL4,0.60065526
SPAST,0.6006206
TERF2,0.600599
SEPSECS,0.6005302
CD4,0.60047394
ST3GAL3,0.60046226
PBLD,0.6004314
TSFM,0.6004313
RPS6KA5,0.6003955
YARS2,0.6003847
TBC1D1,0.60036653
SEMA4C,0.6003264
TUFM,0.6002616
TIMELESS,0.6001733
TAF8,0.60017073
SLC44A1,0.6001689
VPS28,0.6000993
RUSC1,0.600066
SYT11,0.5999566
PLCH2,0.59992623
PILRA,0.5999077
SH2B1,0.5998587
TRAPPC4,0.5997702
SRSF11,0.59975916
TAF1D,0.5997575
FBXL22,0.5997481
SSR1,0.5996379
IZUMO4,0.5995786
SNX33,0.59934527
SSH1,0.5992644
TBC1D5,0.59923095
TEAD2,0.5992223
SHPRH,0.5991802
SENP5,0.59914416
RHBDF2,0.59909
SRSF10,0.5990897
TEAD1,0.5990331
TICRR,0.5990117
TFDP1,0.5989993
TAOK1,0.59894615
TGIF1,0.59890115
TOR1B,0.5988542
SSBP3,0.5988216
TCF7,0.59876424
SNRPA,0.5985875
TNFSF12,0.5985678
SRRM2,0.5985138
SRM,0.5985051
CTHRC1,0.5984979
SRP14,0.5984158
STOM,0.59840363
SLC25A17,0.5983886
TGM2,0.59837276
TAOK2,0.5983345
SSR4,0.5982918
WDR3,0.59808594
TFCP2,0.59808534
SIAH1,0.59785515
SYTL2,0.5978548
SPPL3,0.59782434
RAB36,0.597806
SOS2,0.59774953
SLC35E3,0.597711
SEC31B,0.59762645
TRAIP,0.5975773
PLEKHG6,0.59750444
SPINT1,0.59748536
SMG5,0.59720474
TK1,0.59716904
STRIP1,0.59712446
TAB3,0.59702075
SURF1,0.59697187
THOC1,0.59692556
SUOX,0.59691393
SPATA13,0.5968979
TM2D1,0.59688747
SUPT16H,0.59688437
TROAP,0.59687436
ZNF71,0.5968292
SRP68,0.59679484
SKIV2L,0.5967585
SNX17,0.5965982
TRIM6,0.59649885
SLC25A22,0.59649765
TADA2A,0.59641516
TXNRD2,0.59636766
THRA,0.596298
SUN1,0.5962423
TBCD,0.59612715
TFAM,0.596124
SNAPC3,0.5961165
SLC1A3,0.5961088
SUMF1,0.5960999
SMG7,0.5960825
SH3KBP1,0.5960584
STX4,0.5959904
STRN3,0.5959833
SURF4,0.59591246
ZNF460,0.595794
SLC35B2,0.5956607
THAP1,0.5956351
TAF3,0.5955945
SYNE3,0.5955559
STIM2,0.59555
SRSF1,0.5955067
TAF4B,0.59547544
TIMM23,0.5954754
TNXB,0.59544593
TUBD1,0.59542197
TNFRSF10A,0.5953872
RNASEL,0.59532154
PIWIL4,0.59531593
SMOX,0.5953114
PER2,0.59529036
SNAPC5,0.59528935
TACC3,0.5952794
TIMM17A,0.5952619
PYCARD,0.5952546
TPD52L1,0.5952458
TIPIN,0.595227
SNX8,0.59522194
SOX4,0.59517026
TAF2,0.5951515
SUGT1,0.595139
RGL2,0.5951115
WDR36,0.59509814
TRIT1,0.59503514
STON2,0.59490705
TARDBP,0.59482485
SLAMF1,0.59480304
TIFA,0.5948025
TAF4,0.5947094
ST6GAL1,0.59453726
THADA,0.59446144
UBAC1,0.5944005
VAMP3,0.59424704
SRPK1,0.5942008
TBC1D8B,0.59418017
TTC37,0.594079
TMEM107,0.5940091
TNFAIP8,0.5939967
SNX18,0.59398156
TYW3,0.5939545
ZNF251,0.5939372
TRAK1,0.59390295
TIMM21,0.5938908
SLC27A1,0.59372747
UCK2,0.59372216
UBAP1,0.5936705
SSR3,0.59366304
SEMA5B,0.5935945
TMED2,0.5935412
UCHL5,0.59348667
SMS,0.5931368
UQCC2,0.5930548
TADA3,0.5929995
VPS8,0.5929931
TAF5,0.5929882
TMED4,0.5929358
RDH10,0.59285545
STT3B,0.5928257
SSBP4,0.59263444
SNX4,0.5926232
SSU72,0.5926085
SLC25A38,0.5925436
TNRC6B,0.5924959
TRAPPC12,0.5924159
TMEM258,0.5923633
TBL3,0.5922212
UBQLN4,0.5922208
PNPLA7,0.5922052
TRADD,0.5921727
ROBO3,0.59217185
SLC25A26,0.59212804
TSC22D3,0.5919979
TOMM7,0.59197074
SMPDL3A,0.59191823
SOCS6,0.5918333
TRIP12,0.5918046
SMYD5,0.5917881
TTC12,0.591725
TUBGCP5,0.5916954
TANC1,0.5916794
USP19,0.5916267
UBE4B,0.5915557
TOR4A,0.5915404
SNF8,0.591496
TMBIM6,0.59147704
TTF1,0.5914375
STK39,0.59138626
SYDE2,0.5913774
RTKN,0.5913667
WBP1,0.5913303
TDRD3,0.5912324
URM1,0.59119403
ST3GAL1,0.59119266
STRN4,0.59118575
TALDO1,0.591171
STRAP,0.59106344
SNRNP40,0.59106237
TPCN2,0.5910416
ZNF136,0.5910223
TRMU,0.59093475
WDR43,0.5909001
THOP1,0.5908703
TPX2,0.5906909
SIRT3,0.5906794
ZNF451,0.5906645
SPOPL,0.5905561
STX6,0.59055346
TNS3,0.5905231
ZNF101,0.59052116
SOD1,0.5904766
TRIM44,0.590427
SIVA1,0.5903204
TBC1D14,0.5902958
SWI5,0.59021515
SSX2IP,0.59017605
TMED7,0.5901758
VCPIP1,0.5901243
TARS2,0.59012216
STIP1,0.5899853
SNRPD3,0.5899046
SAT2,0.58989197
TPK1,0.5898311
TANK,0.5898191
SUCLG1,0.589755
TRIP4,0.5897518
TULP4,0.58974284
UBA5,0.5896935
TNFRSF10B,0.58968246
S100A3,0.5895785
TNRC6A,0.5895764
TRIP10,0.58950347
TPI1,0.58949435
TRMT11,0.5894098
TRIM35,0.58934253
SIAH2,0.5893173
SNAPC2,0.5892856
TBXAS1,0.5891479
PEX12,0.58907026
PANX2,0.5890471
TIPRL,0.5889171
TNFRSF12A,0.588915
SYVN1,0.58884484
TCN2,0.5887366
SEMA4B,0.58866906
SURF2,0.5886499
TYSND1,0.5886393
TGFBI,0.58858216
SHROOM3,0.5884178
RPL21,0.5883276
RRM1,0.5882923
TNFRSF1A,0.5882465
RWDD3,0.5882338
ZNF664,0.58818626
SPDL1,0.5881454
SUPT6H,0.5880859
VPS18,0.58800304
RAB42,0.58797246
VAC14,0.5878009
VPS25,0.5877794
PSENEN,0.58772135
HSPA6,0.58770657
TAF1C,0.5876863
SENP8,0.58764404
SMARCAD1,0.58762616
TBC1D20,0.58756965
STX18,0.58756506
USP25,0.5875567
TMSB4X,0.5875356
DPP4,0.5873747
TAF7,0.58734524
ZKSCAN3,0.58732694
UBAC2,0.58732253
TTC5,0.58729774
MSR1,0.5871884
STAMBP,0.5871853
TPRN,0.58713573
SEC61B,0.587122
ZNF430,0.58703625
SERPINB9,0.58703417
TTF2,0.5870151
ST3GAL2,0.5870066
TBL1X,0.58700347
TRPC4,0.5869842
TNFRSF10D,0.5869637
ZNF589,0.5869324
SHARPIN,0.5869181
USP37,0.58691055
SUPT3H,0.58687896
PPFIA4,0.5868068
THOC2,0.58672434
BTC,0.58670115
TRAF3IP2,0.5866582
USP7,0.5866119
MAGEH1,0.5865887
SQLE,0.58658814
U2AF1L4,0.58650887
STX5,0.5864937
SLC4A2,0.5861911
ZNF778,0.58614343
TXNL1,0.58598965
ZNF394,0.5859609
STARD4,0.5859423
TAF11,0.5858964
TNK2,0.58585334
SYNCRIP,0.5858529
USP35,0.5858052
RUNDC3A,0.585771
UBA2,0.58574414
TMEM115,0.58563274
TAF5L,0.5854387
SLC25A14,0.5854234
UGP2,0.5852405
SPAG5,0.5852274
TERF2IP,0.5852085
TMEM126B,0.5851882
SNRPE,0.58498
STARD3NL,0.58493495
SMYD4,0.5848458
STEAP3,0.58484054
RAG1,0.5848316
STT3A,0.5847773
TLN1,0.5847402
UAP1,0.5847283
SORBS1,0.58468324
TRAFD1,0.5846146
UFL1,0.58456105
TTI1,0.5845444
TSN,0.5844444
USP45,0.58442724
SNX3,0.5844151
SWAP70,0.5843889
SPIRE2,0.58433914
TDP1,0.58423096
TRAPPC9,0.5841832
YTHDC1,0.5840845
PELI3,0.5840813
RAP2B,0.584057
TES,0.58404624
TBC1D2,0.58400905
TMEM187,0.5839952
ZNF623,0.5839766
UCP2,0.5839562
STUB1,0.583913
TRAP1,0.58388686
UBE2F,0.58381706
TATDN2,0.5837972
STK35,0.58379585
TEX264,0.5837944
TKT,0.5837875
TSPAN33,0.5837258
STX16,0.58367026
TOP3A,0.5836196
TAX1BP1,0.5835607
TCTN1,0.5835186
TBCC,0.5835036
PTGER4,0.5834779
SOS1,0.58338255
TRIM37,0.5833248
TBC1D4,0.5832954
TOB2,0.58329403
SYNE2,0.5832611
TRPS1,0.5832265
RGCC,0.58321196
TICAM1,0.5831369
SUPT5H,0.5831089
TRAPPC8,0.5830586
TEX10,0.5830143
TOR1AIP2,0.58295125
TLN2,0.58286184
SYNRG,0.5828528
TYW1,0.58282375
ZNF283,0.58275825
WNT5A,0.58273906
TRAF3IP1,0.58271956
TRPC6,0.5826798
ZNF530,0.58265805
TNPO2,0.58260137
SPCS2,0.5825648
ZNF600,0.5825548
TFDP2,0.58255345
TGIF2,0.5825237
TBC1D24,0.582509
SPSB3,0.58246577
STOML2,0.5824211
STC2,0.5823806
RIPK2,0.5822841
TRA2B,0.582224
ZNF160,0.58217
TFB1M,0.58214533
TRIM46,0.58208156
TJP1,0.58204836
TXNRD1,0.5820082
SOCS7,0.5819953
TNPO3,0.5818963
UVSSA,0.5818742
TRPM7,0.5817634
SNRNP27,0.5817623
SUMO1,0.58173287
RNF144A,0.58156365
STX10,0.58143663
TRIO,0.5814275
UBE2J1,0.58124197
SPTLC3,0.5812256
TNFRSF1B,0.58118147
TUBB2A,0.5811155
SRRT,0.5810842
THAP4,0.5810281
TRAPPC10,0.58100384
SMC2,0.5809632
TRPC4AP,0.5809554
TEP1,0.5807768
ZNF774,0.5807444
TMPO,0.58070046
TRA2A,0.5806863
TAF1B,0.580531
PCDHB3,0.58046544
UBR1,0.5802901
TMOD3,0.580256
SRSF6,0.5802342
NDST2,0.5802097
PTPN22,0.580171
SYMPK,0.58015215
TUBA1B,0.5801462
SLC5A6,0.5801373
TSNARE1,0.58007455
ZNF793,0.57992774
TSPAN14,0.5799097
TPST1,0.5798103
UPRT,0.57973737
TRIM28,0.5796618
CHRNA10,0.57959217
SLC35D1,0.57956386
SIPA1,0.57944787
TRIM56,0.57944626
TRAPPC5,0.57938933
STARD8,0.5793684
ZNF770,0.5791734
TUBA1A,0.5791465
TXNL4B,0.57914144
TNKS,0.57897127
TAB1,0.5789344
UQCC1,0.5789148
TUBA4A,0.578912
UBE2E2,0.57886225
TMEM70,0.5787899
SLAMF7,0.5787121
SGSM3,0.57863635
UBE2M,0.5785972
TRIP6,0.5784761
UBA6,0.5784627
TAF12,0.5784376
VTI1B,0.5781909
TP53INP1,0.57796586
TUBB4B,0.57793826
TMEM97,0.57793546
USP15,0.57790595
TOMM20,0.57788986
TOR1A,0.57782245
USO1,0.57780015
VAMP4,0.5776826
SVIP,0.57766455
ZNF721,0.5774023
SLC12A2,0.5773891
TIMM13,0.57733965
VAV3,0.57729363
SGCB,0.5772761
UBE3A,0.5772171
TRIM22,0.57694024
THAP11,0.57690793
ZFYVE16,0.576888
SLC15A4,0.5768828
TTYH3,0.57688224
TUBGCP2,0.5768385
ZNF764,0.57681316
WLS,0.5767579
TRIM23,0.576681
MYLK4,0.5766741
UBR4,0.57666
WDR11,0.5766144
UBE2Q2,0.5765636
ZNF33A,0.57655525
TUBB,0.57648075
TRIM2,0.5764289
WDR59,0.57630414
XRN1,0.57629204
TRAF4,0.57628477
SRPRB,0.5762412
ZRANB3,0.5761809
SLC7A7,0.57606906
SLU7,0.57583445
WRNIP1,0.57581323
PTGER2,0.5758072
MS4A4A,0.5757654
UST,0.57574326
SRSF7,0.57558507
UBE2C,0.5755758
TRUB1,0.57550734
UGCG,0.575382
TOPORS,0.57531697
ZBTB7B,0.5753163
USP9X,0.5753122
VPS37C,0.5753101
THY1,0.57524264
TNFSF13B,0.5752373
TOLLIP,0.5751564
WDR83,0.57506645
TPT1,0.5750501
SRP19,0.5749888
VEGFB,0.5749658
TUBGCP3,0.57491595
UIMC1,0.57469666
SUMF2,0.57468516
TPM1,0.5746564
ZNF701,0.57457614
UQCR11,0.57453346
ZNF221,0.57445973
TNIP2,0.5744112
SPSB2,0.57437456
TEAD3,0.57435524
TXN,0.5743519
SRA1,0.5743434
TGOLN2,0.57433885
TWF2,0.57425034
ZNFX1,0.57403123
WBP11,0.5739781
ZNF180,0.5739573
WDR4,0.57387143
SARS2,0.5738463
TRAPPC2L,0.57368726
ZDHHC8,0.5736509
UTP18,0.5736424
TRMT5,0.5735896
ZNF480,0.5735431
SH2D3A,0.5735271
TOB1,0.5734616
ZC3HC1,0.57345474
TJP2,0.5734535
SMPD2,0.57344246
RPP40,0.57343996
TAGLN,0.5734249
UGGT1,0.573387
XPO7,0.5733652
UBQLN2,0.573323
VKORC1L1,0.5733048
ZNF638,0.5732126
UBC,0.57316995
UBAP2L,0.57314837
SEC23B,0.57304794
TLR7,0.5728799
UROD,0.57286286
ZDHHC9,0.5728131
TOM1,0.5727446
TRUB2,0.57273203
YBX3,0.57272285
SMG8,0.57271844
TRERF1,0.57270294
UBE2G1,0.57267827
ZNF302,0.57267773
TTC7B,0.5726706
TBKBP1,0.5726523
WDR5,0.57255703
WDR55,0.5723093
SUPT4H1,0.5722606
SUPT7L,0.5722548
UQCRC1,0.5721303
TPD52,0.572129
TMED10,0.5721124
UHRF2,0.5720278
WASF1,0.5720088
USP20,0.5719899
UNC5B,0.57196236
UBE3C,0.5719583
TXN2,0.57194257
SNRNP35,0.5719391
TDRD7,0.571889
XPR1,0.5717734
TGS1,0.57176924
TRAPPC3,0.5717125
SEPHS2,0.5716689
SSB,0.5716686
UBXN4,0.5715521
WSB2,0.57153964
TSPAN5,0.57149965
YOD1,0.5713422
TARBP2,0.5712984
TNFRSF21,0.5712823
ZNF274,0.5712819
UBE2E3,0.5711808
USP22,0.5710828
TCF7L1,0.5710754
UBA52,0.57106394
TRIM26,0.5710296
WRAP53,0.5709865
SLC27A4,0.570827
TNPO1,0.5708129
UCKL1,0.57081115
ZNF124,0.57074976
TELO2,0.5707113
UBE2L6,0.5707065
UBE2H,0.5702571
RENBP,0.57022434
TFIP11,0.57021266
ZSCAN32,0.57013524
USP48,0.57008314
UBE2D3,0.5700534
UBXN7,0.57004625
USP28,0.5700131
VPS52,0.5699858
ZNF224,0.5699039
WDR6,0.56987864
TRIM3,0.56984204
ZNF254,0.5698299
USP33,0.5698086
TRMT6,0.5697941
TPCN1,0.56966156
TINF2,0.5696245
UQCRQ,0.5696175
ZNF577,0.5694374
USP10,0.5693973
SLC39A4,0.5693621
WDFY2,0.5692482
UBE2R2,0.56924653
WDR37,0.5692447
ZBTB8OS,0.569179
ZNF286A,0.56915003
WWC1,0.5691288
WDR45,0.56903636
UBQLN1,0.5690245
TUBB6,0.56899524
TRPC1,0.5689452
VPS37A,0.56894493
YWHAH,0.5688661
ZFPM1,0.5688037
TESK1,0.56876993
TECR,0.56876737
XPOT,0.5687469
ZNF567,0.5686594
TMC8,0.5685662
UNK,0.5685446
VPS41,0.56850356
UBLCP1,0.56847906
VMA21,0.56845117
ZNF100,0.5682256
UNC45A,0.5682169
TCTN2,0.56817555
SETMAR,0.56814307
VPS4A,0.56812555
TIA1,0.56800187
UBE2G2,0.56798387
ZFC3H1,0.56790894
THAP7,0.5678744
UPF3A,0.56780106
ZNF300,0.56775457
WDR35,0.5677462
TTBK2,0.5676454
UFM1,0.5675739
USP14,0.56756634
ZDHHC7,0.56748354
WDR46,0.567474
SYF2,0.567399
USP5,0.56735706
TTLL12,0.5672438
TTC27,0.56717306
THUMPD1,0.5671467
TMEM179B,0.56710774
UNC13B,0.5669851
ZNF429,0.5668972
TXNIP,0.56668985
ZNF140,0.5666871
XPO5,0.5666273
ZNF510,0.5665842
TRIOBP,0.5663924
ZNF808,0.56631863
SYNGR2,0.56631637
TECPR1,0.56626076
TEFM,0.56622136
ULK2,0.566143
TRAPPC6B,0.5660742
VGLL3,0.5660504
TADA1,0.5660311
VPS26A,0.56599176
PEX11A,0.56583166
TIAM2,0.5658076
WDR33,0.5657595
ZNF684,0.5657421
SARDH,0.56570774
UCK1,0.5656514
PDE4C,0.56564826
TNIK,0.5656027
U2SURP,0.5655526
TPRKB,0.5655337
TAF9B,0.56548864
USP39,0.56547916
SIRT2,0.56544536
TLR3,0.565336
UNC119B,0.5652767
STX8,0.5652091
SPTBN4,0.565202
TP53RK,0.5651726
ZNF143,0.56516004
PEX11G,0.56513315
TRIM69,0.565116
TRMT1,0.565062
WASL,0.5650248
ZNF555,0.5649321
TRO,0.5649202
UBXN6,0.56478745
VPS53,0.56477684
TST,0.5647532
TBC1D17,0.56475204
UBA3,0.564732
TRIM13,0.56467
ULK1,0.56456673
ZNF620,0.5645296
TM7SF2,0.56440383
TMEM50A,0.56430984
SIRT5,0.5643026
TUBA1C,0.56429255
UBE2T,0.56424
ZNF670,0.5641934
TBC1D16,0.5641333
USP34,0.5639588
WNK1,0.56393105
WBP4,0.5639003
SMAD9,0.5636301
USP42,0.56362987
USP47,0.56356496
WSB1,0.5635123
WAC,0.56351024
ZNF493,0.5633502
UNC13D,0.56317884
YIPF2,0.5631249
ZKSCAN1,0.563123
TSEN2,0.56310415
TXK,0.56309354
WDR77,0.56298375
TRIM14,0.56294805
TOMM34,0.5629241
ZYG11B,0.56291056
SYCE2,0.562849
TCEA2,0.56277287
TUBG1,0.5627718
STX2,0.56266063
UBE2S,0.5626223
WIPI2,0.56258
WNT5B,0.5624114
UBE2E1,0.5623763
TSPYL2,0.5623743
UNC119,0.56233186
YTHDF1,0.56231755
ZNF200,0.56229526
UBE2K,0.56222725
ZNRF2,0.56222
ZNF212,0.5621637
USP4,0.5618685
S1PR1,0.56185025
TRIM62,0.5618465
ZNF674,0.56173396
TLR6,0.5615614
TXLNA,0.56155753
TERF1,0.5614864
VPS51,0.56146944
ZMYND11,0.5613768
WDR81,0.56132966
UBE2W,0.5613233
WDR48,0.56116784
WDR70,0.561165
WASF2,0.5611495
SEMA4A,0.56104994
SEMA6C,0.561006
VAPB,0.5608674
TMED5,0.5608471
TUBB3,0.5607362
TUBG2,0.5606617
YBX1,0.56062376
ZNF641,0.5605361
ZNF112,0.5605353
WIPF2,0.56043905
VCL,0.5603257
UNG,0.56029165
UQCRC2,0.56028986
TMEM214,0.56023335
UBIAD1,0.5601532
UBE2V2,0.56014717
ZNF248,0.5601087
UBL4A,0.56008214
ZNF182,0.56000537
SYT7,0.5599658
USP32,0.5598095
ZNF57,0.55978066
WDR41,0.5597292
XPO6,0.5596944
WDR18,0.55969
UBE4A,0.559682
UBE2Z,0.5593874
ZMAT2,0.55928457
USP6NL,0.5592587
TTC21B,0.5592482
XRCC5,0.55923975
ZNF586,0.55922145
SPAG7,0.5590588
ZFYVE26,0.55903244
XRN2,0.5590088
ST14,0.5590024
TSSC4,0.55898064
USP3,0.55875397
WDR75,0.5587209
TMED9,0.55858195
RASGRF2,0.5585164
UBA7,0.5585074
ZNF131,0.5583884
ZNF227,0.5583718
ZMAT3,0.5581812
ZCCHC7,0.55814075
RILP,0.5580391
UGDH,0.5580046
WDHD1,0.5579593
VAMP2,0.5576406
ZNF266,0.5575928
WDR91,0.55756736
USP12,0.55754066
ZNF462,0.55751157
TSNAX,0.55739653
ZNF282,0.5573845
ZRANB1,0.5573564
TXNRD3,0.55734426
VAMP1,0.55734336
ZC3H13,0.5573308
WDR1,0.55725616
NT5E,0.55717206
UVRAG,0.5569125
S1PR4,0.5568665
VIM,0.55662966
ZNF79,0.55662113
XRCC4,0.5565689
UMPS,0.5565656
SPRY2,0.5562871
ZNF18,0.5561702
VPS36,0.5561465
UBE2B,0.5560532
YRDC,0.556016
TDG,0.5559847
ZNF195,0.5557304
UBXN1,0.5556857
ZMIZ1,0.5556504
ZNF107,0.5556175
STAP2,0.5555002
TRAPPC11,0.5553832
SLC35A1,0.55535024
TRAPPC6A,0.55475456
ZSWIM7,0.55472845
CALCRL,0.55469984
VMP1,0.55467796
ZNF621,0.5546309
ZW10,0.55456036
STRADB,0.5542276
ZNF711,0.5541878
UBE2Q1,0.5541535
TNFRSF11B,0.5540884
UHMK1,0.55405796
SHPK,0.55404705
VDAC2,0.55386174
TM2D2,0.5538537
ZKSCAN7,0.55374825
ZBTB33,0.5537455
ZNF44,0.5534878
WBP2,0.55343837
SPAG4,0.55340827
SPI1,0.5533557
ZYX,0.55334586
TOMM40L,0.5532881
SLC2A8,0.5532231
TUBGCP4,0.55314857
ZMPSTE24,0.55310154
UQCRH,0.5530931
UQCR10,0.55308706
ZNF253,0.5530379
TBC1D10A,0.55291307
ZC3H15,0.5529037
UBXN2A,0.5528309
VTA1,0.5527556
SNTB1,0.55261976
WEE1,0.5525016
YME1L1,0.5524631
WDR62,0.5523937
SYDE1,0.5523267
ZIK1,0.5521271
VAPA,0.5520312
ZNF496,0.5520248
TBC1D7,0.552011
XPO4,0.55194205
ZNF398,0.5518247
WDR61,0.5518204
ZNF207,0.55173373
TMEM186,0.551684
TP73,0.5514652
TFB2M,0.55143505
VDAC1,0.5513528
ZNF440,0.5511893
ZNF41,0.5511457
UNC93B1,0.55111635
TRAM1,0.5511144
YWHAZ,0.5510705
ZFAND6,0.55101854
UTRN,0.5508718
SPATA2,0.5507438
YEATS2,0.5507251
UBFD1,0.55070287
TBC1D10C,0.5506525
ZNF175,0.5505645
YEATS4,0.55051637
UBE2J2,0.5503983
SCIN,0.5503452
UBE2I,0.5502181
NLRP3,0.5501169
UFC1,0.5501012
ZFP36,0.5500207
YWHAQ,0.5499655
ZNF552,0.5496081
TIMM44,0.5495922
ZMYND8,0.5494048
UBE2D1,0.5493316
VRK1,0.54924047
VPS11,0.5491482
ZNF337,0.549143
UBE2O,0.5490907
VASP,0.5489053
VCP,0.5485114
TSG101,0.54849696
UXS1,0.54847664
ZNF592,0.548427
TAF1A,0.5483806
SLC44A3,0.54836774
VGLL4,0.5482889
TP53BP2,0.5482539
ZNF526,0.54809994
UQCRB,0.5480617
TWF1,0.54803276
SPICE1,0.54794466
WDR26,0.5479079
SEZ6L2,0.54759014
WWP2,0.54733735
VAT1,0.5473183
TRPV2,0.547204
YTHDF2,0.5470943
ZFPM2,0.546999
ZMIZ2,0.54687566
VAMP8,0.5467177
USP49,0.5464679
ZBTB17,0.5464525
VANGL2,0.546299
ZNF431,0.5462764
ZNF235,0.546169
VPS35,0.5461606
ZNF766,0.5461425
YWHAG,0.5460914
TSPAN12,0.54597074
SYNJ1,0.54596007
SPON2,0.54587835
ZNF823,0.54583555
ZNF7,0.5457678
UBN1,0.5457059
WDR19,0.54566526
TRMT61B,0.54552907
UBE3B,0.5455276
VPS26B,0.54546154
TNFSF10,0.5453616
YIPF5,0.5451712
YIPF6,0.5451519
ZNF219,0.54506475
UROS,0.54502404
ZNF10,0.5450063
ZNF91,0.544986
ZNF211,0.5449648
ZNF256,0.54488295
VPS39,0.5448571
USP11,0.5448059
SLC18A2,0.5447682
ZNF76,0.5447013
XAB2,0.5445336
XYLB,0.5443993
TRIAP1,0.5443617
YAF2,0.54399383
SFN,0.5439534
UBE2D4,0.54394335
USP24,0.54381984
USP46,0.5438192
ZNF562,0.54376066
ZNF133,0.5437538
ZNF250,0.5436919
ZNF385A,0.5436238
ZNF426,0.5435644
ZNF84,0.5435048
USP16,0.5432978
RASD2,0.54328185
TXNDC12,0.54311687
UQCRFS1,0.5429672
ZNF710,0.54277533
UPF3B,0.54268026
TMEM216,0.54250294
TM6SF1,0.5424929
YKT6,0.5422839
TAF13,0.54220873
ZP3,0.54212844
TBP,0.54196465
TMEM147,0.54175913
ZDHHC17,0.5417157
VASN,0.5415357
URB2,0.5414878
UFSP2,0.54135853
WDFY3,0.54099286
ZFR,0.5408639
DISP2,0.5406603
SPATA2L,0.5404557
DES,0.5403253
USP21,0.54029113
ZNF2,0.5402413
WHAMM,0.5401705
ZER1,0.5397426
XYLT1,0.53970677
ZNHIT6,0.539472
CYP2J2,0.5394225
TTC30A,0.5390801
YWHAB,0.5389633
ZC3HAV1,0.5388258
UTP23,0.5386148
ZNF544,0.5385134
ZNF354C,0.5382018
ZNF836,0.5380226
ZNF593,0.5380204
SGPP2,0.5379875
TSEN34,0.537881
UTP14C,0.53788024
USF2,0.5378337
TRPV4,0.53771216
UNC5C,0.5376507
ZNF678,0.53757936
PSD,0.53750074
ZNF692,0.53743255
ZFP90,0.53736365
SLC7A8,0.5373324
ZNF92,0.53731
WDR82,0.53695816
ZNF420,0.53667134
VPS4B,0.5365941
VIPAS39,0.5365012
ZNF516,0.5364843
ZNF783,0.53646845
ZNF587,0.5360463
ZNF529,0.53601056
ZNF550,0.5358733
ZNF528,0.5356235
ZNF780A,0.53552705
TFAP2E,0.53549856
RNF113A,0.5351537
TRMT10C,0.5351205
ZNF3,0.5351139
ZNF708,0.5347168
ZNF43,0.5345441
ZWINT,0.5344111
ZDHHC2,0.53426874
ZNF680,0.5340613
VCPKMT,0.53398716
XYLT2,0.5336276
ZNF324B,0.5333495
ZNF354B,0.5333376
ZNF273,0.53300864
TGFB1I1,0.5327498
ZNF814,0.5325068
ZKSCAN5,0.5323566
ZNF500,0.5317879
SLC30A4,0.5317821
ZNF445,0.5315896
ZNF791,0.5315619
ZWILCH,0.53143346
ZNF155,0.53130275
TRIM36,0.53105295
ZCCHC4,0.5309971
YIPF4,0.53087556
VPS37B,0.5307359
UTP6,0.53070575
ZNF765,0.5306667
UBOX5,0.53051686
ZNF326,0.5302517
VRK3,0.5302383
ZNF320,0.53015906
ZNF45,0.52998924
ZNF506,0.5296088
ZNF691,0.528588
ZNF317,0.5281373
ZNF32,0.52760375
ZNF74,0.5275098
ZNF304,0.5274556
UTP20,0.527311
TFAP2C,0.5271159
ZNF543,0.52658117
ZNF81,0.52649677
TAF6L,0.52613044
ZNF714,0.52608764
TXNDC16,0.5259225
TXLNG,0.52572453
ZNHIT1,0.52563405
ZNF611,0.52556604
WASF3,0.52533454
TRIM21,0.5252583
TRIM38,0.525127
WARS2,0.5251256
TTC26,0.5249508
ZNF605,0.52439195
ZFYVE9,0.5243564
SRD5A3,0.5242875
ZNF419,0.5238132
ZNF12,0.5235248
ZNF90,0.5232368
ZNF33B,0.5227814
SYTL1,0.522656
LAT,0.5224647
ZNF519,0.5223773
TADA2B,0.5221409
ZNF486,0.52183557
B3GNT8,0.52125955
ZNF622,0.52099156
ZNF189,0.5205711
ZNF141,0.52046704
TP53I3,0.5203701
ZNHIT3,0.52023774
EIF4E3,0.52017593
ZNF333,0.5198008
SNAI1,0.5194637
ZNF461,0.5186032
UAP1L1,0.5185403
ZNF687,0.51832324
WNT2B,0.51803726
ZNF83,0.51803267
ZNF700,0.51790744
ZNF135,0.5177729
ZNF197,0.51759607
ZFYVE27,0.5175463
VLDLR,0.51752204
SERPINF2,0.5172184
ZKSCAN8,0.5171846
ZFP1,0.5166113
ZNF566,0.5162785
VPS33A,0.51625174
CYP3A5,0.5161456
ZNF234,0.5153952
ZNF318,0.51434165
VCAN,0.5142697
ZNF347,0.5138967
ZNF776,0.5137483
ZFP30,0.51353365
ZNF264,0.5134307
SLC44A4,0.5127504
ZKSCAN4,0.51261723
ZNF780B,0.5122768
ZDHHC21,0.5122465
ZNF546,0.51209134
UTP3,0.5107326
TRAF6,0.510307
ZNF267,0.51007915
YIF1A,0.5099952
TRIM41,0.5099113
UTP14A,0.50960237
WDTC1,0.50910616
ZNF841,0.50908935
ZNF607,0.5082125
ZNF26,0.5069885
ZNF473,0.50679916
ZNF34,0.505803
ZNF517,0.5052657
DHDH,0.50518537
CYTH4,0.5048621
RGS4,0.5046804
ZNF350,0.50394267
SLC22A17,0.50356126
ZNF585B,0.5032838
ZNF548,0.5031191
UCHL3,0.50308305
ZNF768,0.50241405
ZNF738,0.50082266
TRPM2,0.50074536
ZNF561,0.5006397
TRIM68,0.5002146
TNFRSF25,0.49908447
RORC,0.49895623
SGIP1,0.49883404
ZNF573,0.49627808
ZFP14,0.4955956
RPP21,0.49522275
PDE1B,0.4948219
USHBP1,0.49466056
ZNF626,0.49458402
ZNF564,0.49447075
ZNF813,0.49218222
PLXNB3,0.4920463
ZNF202,0.49184966
SLC4A11,0.49161732
AAR2,0.49111524
TRIM45,0.4910346
YIPF1,0.4908454
ZNF527,0.49059826
ZNF846,0.48922512
ZNF699,0.48902422
RNASE1,0.48892435
ZNF485,0.4887709
WTIP,0.48870957
ZNF549,0.48494613
ZNF423,0.48368886
ZNF284,0.48223826
ZNF557,0.4813085
ZNF649,0.4812792
TLR4,0.4791103
ZNF14,0.4790317
SLC40A1,0.47694153
RHOJ,0.47600815
ZNF490,0.47396928
SERPINB8,0.47301078
ZNF222,0.4697091
ZNF677,0.46853507
ZNF558,0.46685904
CEL,0.46501565
WDR5B,0.454727
ZNF585A,0.4536585
TBX2,0.4496681
ZNF439,0.44785288
ALG2,0.44745418
ZNF17,0.44473723
TMEM176A,0.44308522
SLA,0.44193265
ZNF830,0.43992218
ZNF225,0.43887502
ZNF443,0.43883717
STX11,0.43814132
TGFB3,0.43780518
ZNF416,0.43761742
RDH5,0.43683505
ZNF468,0.4360751
SRPX2,0.43605492
RIPK3,0.4357111
ZNF615,0.435352
VPS37D,0.43091106
THSD1,0.42256814
ZNF19,0.42017147
ZNF671,0.41532528
STAC3,0.40894982
ZNF569,0.40793416
TUBA8,0.4059211
RASL10A,0.40571013
ZNF467,0.40269843
SWSAP1,0.40152556
ZNF790,0.3986014
ZNF470,0.39706957
ZNF772,0.3948278
ZFP69B,0.39431223
WNT9A,0.38920256
TMEM17,0.38027397
ZNF433,0.37573376
ZNF415,0.37531167
ZNF773,0.3668589
WDR31,0.36217
ZNF69,0.31897634
ZNF132,0.30916524
ZNF442,0.2996854
ZNF709,0.29858324
TNFRSF10C,0.25366712
CCR1,0.2534338
